<?xml version="1.0" encoding="UTF-8"?>
<alto xmlns:xsi="http://www.w3.org/2001/XMLSchema-instance"
      xmlns="http://www.loc.gov/standards/alto/ns-v4#"
      xsi:schemaLocation="http://www.loc.gov/standards/alto/ns-v4# http://www.loc.gov/standards/alto/v4/alto-4-2.xsd">
  <Description>
    <MeasurementUnit>pixel</MeasurementUnit>
    <sourceImageInformation>
      <fileName>214_de2b5_default.jpg</fileName>
      
    </sourceImageInformation>
  </Description>
  
  <Tags>
    <OtherTag ID="BT1717" LABEL="GraphicZone" DESCRIPTION="block type GraphicZone"/><OtherTag ID="BT1718" LABEL="MainZone" DESCRIPTION="block type MainZone"/><OtherTag ID="BT1719" LABEL="MarginTextZone" DESCRIPTION="block type MarginTextZone"/><OtherTag ID="BT1721" LABEL="NumberingZone" DESCRIPTION="block type NumberingZone"/><OtherTag ID="BT1722" LABEL="RunningTitleZone" DESCRIPTION="block type RunningTitleZone"/><OtherTag ID="BT1723" LABEL="QuireMarksZone" DESCRIPTION="block type QuireMarksZone"/>
    <OtherTag ID="LT665" LABEL="CustomLine : BiblicalText" DESCRIPTION="line type CustomLine : BiblicalText"/><OtherTag ID="LT666" LABEL="DefaultLine" DESCRIPTION="line type DefaultLine"/><OtherTag ID="LT667" LABEL="HeadingLine" DESCRIPTION="line type HeadingLine"/>
  </Tags>
  
  <Layout>
    <Page WIDTH="1128"
          HEIGHT="1876"
          PHYSICAL_IMG_NR="10"
          ID="eSc_dummypage_">
      <PrintSpace HPOS="0"
                  VPOS="0"
                  WIDTH="1128"
                  HEIGHT="1876">
        
        <TextBlock HPOS="119"
                   VPOS="101"
                   WIDTH="725"
                   HEIGHT="85"
                   ID="eSc_textblock_72c3aaee"
                   TAGREFS="BT1722">
          <Shape><Polygon POINTS="119 126 121 186 844 164 842 101"/></Shape>
          
          
          <TextLine ID="eSc_line_7363c2a5"
                    TAGREFS="LT667"
                    BASELINE="137 168 826 150" 
                    HPOS="132"
                    VPOS="93"
                    WIDTH="692"
                    HEIGHT="91">
            <Shape><Polygon POINTS="136 184 192 175 228 181 236 182 237 182 251 181 308 171 347 178 362 179 364 179 381 176 422 168 450 175 464 176 466 176 467 176 477 173 492 168 542 171 589 173 591 173 622 168 660 162 682 167 702 170 704 170 824 161 824 148 819 101 632 106 627 103 614 93 613 93 611 93 610 93 608 93 607 93 592 103 586 107 578 104 556 93 555 93 553 93 514 95 513 95 511 95 500 104 494 109 475 106 438 98 436 98 434 98 433 98 423 106 414 114 394 114 381 106 364 98 362 98 361 98 359 98 336 107 333 107 322 107 248 101 247 101 245 101 244 101 234 109 233 110 132 110 136 167"/></Shape>
	    <String CONTENT="M. BVCERI COMMENTARIVS·"
                    HPOS="132"
                    VPOS="93"
                    WIDTH="692"
                    HEIGHT="91"></String>
          </TextLine>

          
        </TextBlock>
        
        <TextBlock HPOS="47"
                   VPOS="174"
                   WIDTH="920"
                   HEIGHT="1383"
                   ID="eSc_textblock_2c3f55b8"
                   TAGREFS="BT1718">
          <Shape><Polygon POINTS="948 174 954 606 914 606 914 710 941 710 941 901 959 901 967 1513 110 1557 47 193"/></Shape>
          
          
          <TextLine ID="eSc_line_107c8288"
                    TAGREFS="LT666"
                    BASELINE="90 240 926 217" 
                    HPOS="89"
                    VPOS="161"
                    WIDTH="837"
                    HEIGHT="86">
            <Shape><Polygon POINTS="90 240 90 247 926 229 926 217 921 175 868 175 816 161 815 161 813 161 811 161 810 161 786 178 668 179 646 167 644 167 643 167 591 167 589 167 588 167 542 182 514 171 513 171 511 171 510 171 508 171 491 186 470 186 459 186 458 186 387 175 386 175 384 175 383 175 366 189 344 179 342 179 341 179 339 179 309 187 244 178 242 178 240 178 239 178 223 190 145 179 143 179 142 179 89 195 89 196"/></Shape>
	    <String CONTENT="ipſis, tum alijs prædicantes ſicut efficimus, ut Deo apud"
                    HPOS="89"
                    VPOS="161"
                    WIDTH="837"
                    HEIGHT="86"></String>
          </TextLine>

          
          
          <TextLine ID="eSc_line_cbcff7ab"
                    TAGREFS="LT666"
                    BASELINE="92 287 924 265" 
                    HPOS="90"
                    VPOS="218"
                    WIDTH="834"
                    HEIGHT="75">
            <Shape><Polygon POINTS="810 221 808 221 799 229 774 223 766 221 765 221 763 221 760 221 752 225 729 231 705 226 697 225 686 225 683 226 677 232 663 228 653 225 646 225 639 228 622 234 597 229 585 228 575 228 560 228 552 228 456 236 386 240 370 239 339 234 337 234 336 234 334 234 326 240 323 242 301 240 242 237 231 237 215 237 200 239 197 239 168 245 161 239 153 239 139 239 90 248 92 287 92 293 924 275 924 265 919 218 847 228 822 221 818 220 810 221"/></Shape>
	    <String CONTENT="nos &amp; electos omnes omnia ſeruiant, ita certe hoſtem no"
                    HPOS="90"
                    VPOS="218"
                    WIDTH="834"
                    HEIGHT="75"></String>
          </TextLine>

          
          
          <TextLine ID="eSc_line_07ca1b88"
                    TAGREFS="LT666"
                    BASELINE="92 337 927 317" 
                    HPOS="90"
                    VPOS="268"
                    WIDTH="837"
                    HEIGHT="82">
            <Shape><Polygon POINTS="603 275 602 275 572 284 571 284 569 284 533 278 531 278 530 278 528 278 528 279 520 286 516 286 428 279 427 279 347 290 345 290 344 290 251 284 250 284 248 284 217 293 106 287 104 287 103 287 101 287 90 293 92 337 92 350 926 325 927 317 924 275 863 268 862 268 822 276 816 278 815 278 801 270 799 270 797 270 796 270 794 270 783 278 780 281 646 282 641 282 605 275 603 275"/></Shape>
	    <String CONTENT="ſtrum profligamus, &amp; ſpolia eius diripimus, noſtroq; im"
                    HPOS="90"
                    VPOS="268"
                    WIDTH="837"
                    HEIGHT="82"></String>
          </TextLine>

          
          
          <TextLine ID="eSc_line_0531f1b9"
                    TAGREFS="LT666"
                    BASELINE="96 386 926 365" 
                    HPOS="95"
                    VPOS="318"
                    WIDTH="831"
                    HEIGHT="83">
            <Shape><Polygon POINTS="838 320 837 320 835 320 799 322 666 332 605 329 546 326 533 328 519 328 397 337 347 340 309 340 111 337 109 337 107 337 106 337 95 343 96 386 96 401 164 392 251 397 286 398 287 398 337 393 409 387 439 390 467 393 469 393 470 393 472 393 472 392 475 389 480 384 488 389 494 392 495 392 497 392 555 387 611 381 633 384 668 389 669 389 711 381 724 379 749 379 857 384 858 384 926 373 926 365 921 318 858 328 841 320 838 320"/></Shape>
	    <String CONTENT="peratori conſecramus, homines ſcilicet quos ad uolunta¬"
                    HPOS="95"
                    VPOS="318"
                    WIDTH="831"
                    HEIGHT="83"></String>
          </TextLine>

          
          
          <TextLine ID="eSc_line_75689651"
                    TAGREFS="LT666"
                    BASELINE="95 437 927 418" 
                    HPOS="93"
                    VPOS="370"
                    WIDTH="834"
                    HEIGHT="80">
            <Shape><Polygon POINTS="95 442 162 450 164 450 165 450 186 442 300 447 301 447 303 447 305 447 316 439 439 443 441 443 927 425 927 418 924 378 866 370 865 370 863 370 841 379 840 379 837 379 807 372 805 372 804 372 752 381 749 381 746 381 718 375 716 375 714 375 694 383 693 383 689 383 657 376 655 376 453 387 423 389 417 389 377 381 375 381 292 392 283 392 278 392 236 384 234 384 233 384 217 392 172 386 170 386 93 395 95 437"/></Shape>
	    <String CONTENT="tem ſuam ille tenebat captiuos·Hæc armatura Dei eſt,"
                    HPOS="93"
                    VPOS="370"
                    WIDTH="834"
                    HEIGHT="80"></String>
          </TextLine>

          
          
          <TextLine ID="eSc_line_50f65c5f"
                    TAGREFS="LT666"
                    BASELINE="100 486 932 465" 
                    HPOS="98"
                    VPOS="420"
                    WIDTH="834"
                    HEIGHT="80">
            <Shape><Polygon POINTS="880 420 865 420 849 422 833 422 832 422 674 433 624 426 614 426 599 426 592 426 481 437 237 434 223 436 215 436 156 445 122 437 120 437 118 437 117 437 98 445 100 486 100 500 932 479 932 465 929 428 887 420 880 420"/></Shape>
	    <String CONTENT="quam ſolus ipſe largitur, nos aßumimus eam, dum illam"
                    HPOS="98"
                    VPOS="420"
                    WIDTH="834"
                    HEIGHT="80"></String>
          </TextLine>

          
          
          <TextLine ID="eSc_line_5a65cecb"
                    TAGREFS="LT666"
                    BASELINE="100 536 934 517" 
                    HPOS="98"
                    VPOS="470"
                    WIDTH="836"
                    HEIGHT="74">
            <Shape><Polygon POINTS="788 470 786 470 783 473 780 478 730 475 671 472 661 473 652 473 636 478 625 481 613 479 591 475 583 475 572 475 533 481 511 484 495 483 463 478 461 478 333 487 303 489 287 489 198 484 192 484 176 484 161 486 148 486 98 494 100 536 100 544 700 537 702 537 707 536 735 529 782 536 791 536 793 536 801 536 841 528 860 534 862 534 863 534 865 534 866 534 887 526 930 533 934 517 929 470 846 476 821 473 802 470 788 470"/></Shape>
	    <String CONTENT="ab ipſo oramus, &amp; exciti eius ſpiritu, in fide cottide &amp; di"
                    HPOS="98"
                    VPOS="470"
                    WIDTH="836"
                    HEIGHT="74"></String>
          </TextLine>

          
          
          <TextLine ID="eSc_line_9888dcbb"
                    TAGREFS="LT666"
                    BASELINE="101 584 738 570" 
                    HPOS="100"
                    VPOS="525"
                    WIDTH="638"
                    HEIGHT="73">
            <Shape><Polygon POINTS="111 536 109 536 107 536 100 540 101 584 101 594 298 598 300 598 344 587 348 587 355 587 419 595 420 595 517 583 527 583 536 583 664 590 666 590 738 576 738 570 733 525 233 540 229 540 112 536 111 536"/></Shape>
	    <String CONTENT="lectione proficere studemus· Vnde ſubijcit·"
                    HPOS="100"
                    VPOS="525"
                    WIDTH="638"
                    HEIGHT="73"></String>
          </TextLine>

          
          
          <TextLine ID="eSc_line_277578e2"
                    TAGREFS="LT665"
                    BASELINE="156 650 887 634" 
                    HPOS="154"
                    VPOS="575"
                    WIDTH="733"
                    HEIGHT="101">
            <Shape><Polygon POINTS="156 655 212 676 214 676 215 676 373 673 375 673 377 673 377 672 378 672 386 662 428 662 428 661 430 661 431 661 436 658 449 650 519 656 520 656 522 656 524 656 524 655 531 647 597 647 614 659 625 667 627 667 628 667 630 669 661 669 661 667 663 667 691 659 746 644 775 655 777 655 779 655 780 655 782 655 799 642 849 642 882 661 887 634 882 587 804 587 771 575 769 575 768 575 766 575 738 589 736 589 732 589 678 581 677 581 675 581 674 581 664 589 663 592 627 592 625 590 596 578 594 578 592 578 520 579 519 579 517 579 517 581 506 592 505 595 430 595 423 594 411 584 409 584 408 584 406 584 405 584 381 594 372 597 356 594 317 586 316 586 314 586 283 594 262 586 261 586 259 586 258 586 234 594 172 587 170 587 168 587 154 594 156 650"/></Shape>
	    <String CONTENT="Omni oratione &amp; deprecatione,"
                    HPOS="154"
                    VPOS="575"
                    WIDTH="733"
                    HEIGHT="101"></String>
          </TextLine>

          
          
          <TextLine ID="eSc_line_8a5095af"
                    TAGREFS="LT665"
                    BASELINE="438 705 639 705" 
                    HPOS="438"
                    VPOS="655"
                    WIDTH="201"
                    HEIGHT="68">
            <Shape><Polygon POINTS="438 723 494 723 494 722 495 722 497 722 497 720 499 720 505 714 550 717 622 722 624 722 625 722 627 722 639 714 639 705 639 667 552 655 550 655 438 665 438 705"/></Shape>
	    <String CONTENT="orantes."
                    HPOS="438"
                    VPOS="655"
                    WIDTH="201"
                    HEIGHT="68"></String>
          </TextLine>

          
          
          <TextLine ID="eSc_line_01653708"
                    TAGREFS="LT666"
                    BASELINE="158 776 935 764" 
                    HPOS="154"
                    VPOS="714"
                    WIDTH="780"
                    HEIGHT="75">
            <Shape><Polygon POINTS="921 723 905 722 890 720 874 720 858 719 843 717 827 716 822 714 786 714 785 714 783 714 782 714 774 720 768 725 760 720 746 714 744 714 743 714 702 722 699 722 697 722 641 716 639 716 638 716 611 723 594 728 569 725 528 719 527 719 525 719 513 725 505 730 475 726 428 720 427 720 425 720 405 728 394 733 154 733 156 775 156 789 934 776 934 762 930 723 921 723"/></Shape>
	    <String CONTENT="Oratiouera non ſolum eſt, quodlibet pietatis uotum,"
                    HPOS="154"
                    VPOS="714"
                    WIDTH="780"
                    HEIGHT="75"></String>
          </TextLine>

          
          
          <TextLine ID="eSc_line_ee3f8625"
                    TAGREFS="LT666"
                    BASELINE="111 831 935 820" 
                    HPOS="107"
                    VPOS="766"
                    WIDTH="827"
                    HEIGHT="78">
            <Shape><Polygon POINTS="109 830 109 844 461 830 502 836 503 836 505 836 516 836 655 828 675 833 688 836 689 836 691 836 693 836 694 836 699 833 707 827 757 831 797 834 799 834 801 834 802 834 808 830 816 825 833 830 846 833 847 833 849 833 932 827 934 819 929 766 819 767 818 767 794 778 107 778 109 830"/></Shape>
	    <String CONTENT="ſed ſerium animi, uelut cum Deo colloquium, &amp; grauis"
                    HPOS="107"
                    VPOS="766"
                    WIDTH="827"
                    HEIGHT="78"></String>
          </TextLine>

          
          
          <TextLine ID="eSc_line_8a6f55f7"
                    TAGREFS="LT666"
                    BASELINE="111 881 934 865" 
                    HPOS="107"
                    VPOS="820"
                    WIDTH="825"
                    HEIGHT="72">
            <Shape><Polygon POINTS="905 820 890 820 874 820 868 820 852 823 841 820 827 820 813 820 810 825 766 822 765 822 749 822 733 822 718 822 702 822 686 822 680 828 671 823 655 823 644 823 638 827 608 823 592 823 577 825 566 825 560 830 541 825 530 825 514 825 499 825 483 825 480 825 455 828 450 827 436 827 428 827 420 834 347 834 339 828 326 828 312 828 270 836 239 828 233 828 217 830 203 830 107 839 109 880 109 892 932 877 932 864 930 825 918 820 905 820"/></Shape>
	    <String CONTENT="perpenſio eorũ, quæ gloriæ Dei in nobis deſunt, cũ arden"
                    HPOS="107"
                    VPOS="820"
                    WIDTH="825"
                    HEIGHT="72"></String>
          </TextLine>

          
          
          <TextLine ID="eSc_line_45998826"
                    TAGREFS="LT666"
                    BASELINE="111 931 944 917" 
                    HPOS="107"
                    VPOS="875"
                    WIDTH="836"
                    HEIGHT="67">
            <Shape><Polygon POINTS="940 887 940 875 514 875 499 875 483 875 467 875 452 875 436 875 420 875 405 877 389 877 378 877 369 883 320 877 311 878 295 878 287 878 107 887 109 930 109 934 198 942 200 942 344 933 386 931 411 933 466 938 467 938 469 938 470 938 477 933 481 930 943 930 943 916 941 902 940 887"/></Shape>
	    <String CONTENT="ti ad ipſum ſpiritus deprecatione, ut ea in nobis ſarciat,"
                    HPOS="107"
                    VPOS="875"
                    WIDTH="836"
                    HEIGHT="67"></String>
          </TextLine>

          
          
          <TextLine ID="eSc_line_ec84b122"
                    TAGREFS="LT666"
                    BASELINE="111 981 948 961" 
                    HPOS="109"
                    VPOS="917"
                    WIDTH="839"
                    HEIGHT="71">
            <Shape><Polygon POINTS="907 917 893 917 882 920 877 922 872 920 862 917 860 917 844 917 832 917 808 922 799 923 766 923 621 919 619 919 567 927 546 930 531 927 505 922 503 922 456 928 425 933 400 930 364 925 362 925 361 925 342 931 330 936 109 936 111 981 111 988 948 970 948 961 946 920 934 917 923 917"/></Shape>
	    <String CONTENT="bis ut conſideratio beneficiorum DE I erga nos ſemper"
                    HPOS="109"
                    VPOS="917"
                    WIDTH="839"
                    HEIGHT="71"></String>
          </TextLine>

          
          
          <TextLine ID="eSc_line_9313bcdf"
                    TAGREFS="LT666"
                    BASELINE="115 1030 954 1014" 
                    HPOS="114"
                    VPOS="966"
                    WIDTH="840"
                    HEIGHT="72">
            <Shape><Polygon POINTS="475 973 474 973 472 973 470 973 469 973 458 983 380 983 369 975 364 977 358 977 345 984 295 978 286 978 278 978 269 986 233 978 223 980 212 980 114 989 115 1030 115 1038 952 1020 954 1014 951 975 885 966 883 966 833 975 755 969 754 969 641 978 619 970 617 970 616 970 572 981 491 981 477 973 475 973"/></Shape>
	    <String CONTENT="cõiuncta est, ita &amp; gratiarum actio. Hortatur ergo Pau"
                    HPOS="114"
                    VPOS="966"
                    WIDTH="840"
                    HEIGHT="72"></String>
          </TextLine>

          
          
          <TextLine ID="eSc_line_18660c5a"
                    TAGREFS="LT666"
                    BASELINE="118 1081 954 1061" 
                    HPOS="117"
                    VPOS="1023"
                    WIDTH="837"
                    HEIGHT="68">
            <Shape><Polygon POINTS="118 1081 118 1091 954 1075 954 1061 949 1023 117 1034 118 1081"/></Shape>
	    <String CONTENT="lus, ut per omnem orationem &amp; deprecationem oremus."
                    HPOS="117"
                    VPOS="1023"
                    WIDTH="837"
                    HEIGHT="68"></String>
          </TextLine>

          
          
          <TextLine ID="eSc_line_66245b29"
                    TAGREFS="LT666"
                    BASELINE="120 1131 956 1109" 
                    HPOS="117"
                    VPOS="1063"
                    WIDTH="838"
                    HEIGHT="75">
            <Shape><Polygon POINTS="118 1130 118 1138 955 1119 955 1108 952 1070 898 1063 896 1063 894 1063 893 1063 893 1064 891 1064 887 1070 837 1064 835 1064 655 1077 600 1070 599 1070 533 1081 178 1081 176 1081 117 1091 118 1130"/></Shape>
	    <String CONTENT="Iduero per omnem orationem, uidetur accipiendum, ſi¬"
                    HPOS="117"
                    VPOS="1063"
                    WIDTH="838"
                    HEIGHT="75"></String>
          </TextLine>

          
          
          <TextLine ID="eSc_line_b8cc8f4c"
                    TAGREFS="LT666"
                    BASELINE="120 1180 956 1164" 
                    HPOS="117"
                    VPOS="1117"
                    WIDTH="838"
                    HEIGHT="69">
            <Shape><Polygon POINTS="118 1178 118 1186 954 1172 955 1163 951 1117 750 1127 727 1124 704 1119 702 1119 700 1119 688 1124 675 1128 652 1125 619 1120 617 1120 589 1127 575 1130 566 1127 549 1122 547 1122 546 1122 544 1122 542 1122 536 1128 531 1131 510 1128 461 1124 459 1124 458 1124 456 1124 445 1131 441 1133 423 1131 369 1125 367 1125 366 1125 330 1134 326 1134 325 1134 314 1127 312 1127 311 1127 309 1127 308 1127 273 1136 269 1136 259 1136 181 1130 179 1130 117 1139 118 1178"/></Shape>
	    <String CONTENT="cut ſupra omni ſapientia, &amp; ſimilia, ut ſicut omnem ſapi"
                    HPOS="117"
                    VPOS="1117"
                    WIDTH="838"
                    HEIGHT="69"></String>
          </TextLine>

          
          
          <TextLine ID="eSc_line_33126db6"
                    TAGREFS="LT666"
                    BASELINE="123 1231 956 1211" 
                    HPOS="120"
                    VPOS="1172"
                    WIDTH="835"
                    HEIGHT="72">
            <Shape><Polygon POINTS="122 1230 122 1236 183 1244 184 1244 258 1235 259 1235 292 1242 294 1242 295 1242 297 1242 330 1233 331 1233 364 1241 366 1241 367 1241 436 1230 444 1230 449 1230 503 1238 505 1238 506 1238 528 1228 530 1228 539 1228 632 1235 633 1235 688 1225 700 1224 711 1225 760 1231 761 1231 763 1231 788 1224 791 1222 794 1224 808 1230 810 1230 811 1230 955 1219 955 1210 951 1172 120 1183 122 1230"/></Shape>
	    <String CONTENT="rntiam eximiam, &amp; omnifariam ſapientiam interpreta¬"
                    HPOS="120"
                    VPOS="1172"
                    WIDTH="835"
                    HEIGHT="72"></String>
          </TextLine>

          
          
          <TextLine ID="eSc_line_64ebc62f"
                    TAGREFS="LT666"
                    BASELINE="125 1281 956 1260" 
                    HPOS="122"
                    VPOS="1216"
                    WIDTH="833"
                    HEIGHT="72">
            <Shape><Polygon POINTS="123 1280 123 1288 954 1272 955 1258 952 1224 894 1216 893 1216 837 1225 832 1225 827 1225 775 1219 774 1219 724 1227 713 1228 704 1228 657 1222 655 1222 653 1222 652 1222 643 1228 641 1230 636 1228 619 1224 617 1224 616 1224 522 1231 470 1236 122 1238 123 1280"/></Shape>
	    <String CONTENT="mur, omnem orationem accipiamus pro oratione arden¬"
                    HPOS="122"
                    VPOS="1216"
                    WIDTH="833"
                    HEIGHT="72"></String>
          </TextLine>

          
          
          <TextLine ID="eSc_line_d996c4bd"
                    TAGREFS="LT666"
                    BASELINE="128 1331 956 1311" 
                    HPOS="125"
                    VPOS="1264"
                    WIDTH="830"
                    HEIGHT="77">
            <Shape><Polygon POINTS="126 1330 126 1341 954 1319 955 1310 952 1274 904 1264 902 1264 901 1264 899 1264 887 1274 851 1266 849 1266 847 1266 811 1275 765 1269 763 1269 761 1269 746 1277 591 1274 589 1274 497 1283 444 1275 442 1275 372 1286 337 1278 336 1278 334 1278 333 1278 312 1288 295 1280 294 1280 292 1280 162 1291 142 1285 140 1285 139 1285 137 1285 136 1285 125 1291 126 1330"/></Shape>
	    <String CONTENT="fi &amp; aßidua· Nam iubet orare omni tempore &amp; ſpiritu·"
                    HPOS="125"
                    VPOS="1264"
                    WIDTH="830"
                    HEIGHT="77"></String>
          </TextLine>

          
          
          <TextLine ID="eSc_line_1e9f110a"
                    TAGREFS="LT666"
                    BASELINE="131 1380 956 1361" 
                    HPOS="128"
                    VPOS="1319"
                    WIDTH="827"
                    HEIGHT="70">
            <Shape><Polygon POINTS="608 1319 572 1319 566 1321 550 1321 544 1321 510 1321 503 1322 488 1322 480 1322 478 1322 477 1322 461 1333 358 1325 356 1325 355 1325 353 1325 341 1335 273 1328 272 1328 270 1328 269 1328 258 1338 153 1333 151 1333 150 1333 128 1341 129 1378 129 1389 541 1389 541 1388 574 1383 611 1377 685 1381 722 1383 724 1383 725 1383 736 1380 763 1374 796 1380 808 1381 810 1381 811 1381 813 1381 813 1380 815 1380 821 1372 954 1377 955 1360 952 1324 610 1319 608 1319"/></Shape>
	    <String CONTENT="Tempus autem hic καιρός eſt, id est, tẽpus oportunum·"
                    HPOS="128"
                    VPOS="1319"
                    WIDTH="827"
                    HEIGHT="70"></String>
          </TextLine>

          
          
          <TextLine ID="eSc_line_d4c0108f"
                    TAGREFS="LT666"
                    BASELINE="136 1428 956 1415" 
                    HPOS="132"
                    VPOS="1369"
                    WIDTH="823"
                    HEIGHT="67">
            <Shape><Polygon POINTS="134 1427 134 1436 955 1421 955 1414 951 1369 132 1381 134 1427"/></Shape>
	    <String CONTENT="Vult enim quandocunq; omnino liceat, orationes habeant"
                    HPOS="132"
                    VPOS="1369"
                    WIDTH="823"
                    HEIGHT="67"></String>
          </TextLine>

          
          
          <TextLine ID="eSc_line_fd827577"
                    TAGREFS="LT666"
                    BASELINE="134 1480 956 1465" 
                    HPOS="131"
                    VPOS="1421"
                    WIDTH="824"
                    HEIGHT="71">
            <Shape><Polygon POINTS="132 1478 132 1492 439 1492 439 1491 441 1491 442 1491 450 1485 452 1483 463 1485 495 1491 497 1491 635 1482 682 1478 721 1480 860 1485 862 1485 954 1474 955 1464 952 1425 678 1421 677 1421 675 1421 674 1421 661 1430 660 1430 643 1430 497 1424 495 1424 494 1424 492 1424 478 1433 477 1433 474 1433 447 1425 445 1425 444 1425 347 1435 342 1435 322 1427 320 1427 319 1427 317 1427 316 1427 305 1436 301 1436 287 1436 190 1430 189 1430 131 1438 132 1478"/></Shape>
	    <String CONTENT="&amp; deprecationes, quibus ſcilicet armaturam, de qua di¬"
                    HPOS="131"
                    VPOS="1421"
                    WIDTH="824"
                    HEIGHT="71"></String>
          </TextLine>

          
          
          <TextLine ID="eSc_line_03c18426"
                    TAGREFS="LT666"
                    BASELINE="132 1532 585 1517" 
                    HPOS="129"
                    VPOS="1477"
                    WIDTH="456"
                    HEIGHT="78">
            <Shape><Polygon POINTS="132 1532 132 1555 585 1543 585 1517 580 1477 129 1486 132 1532"/></Shape>
	    <String CONTENT="xit, ſibi à Domino comparent·"
                    HPOS="129"
                    VPOS="1477"
                    WIDTH="456"
                    HEIGHT="78"></String>
          </TextLine>

          
        </TextBlock>
        
        <TextBlock HPOS="852"
                   VPOS="102"
                   WIDTH="88"
                   HEIGHT="62"
                   ID="eSc_textblock_c12ee94d"
                   TAGREFS="BT1721">
          <Shape><Polygon POINTS="852 102 852 164 940 164 940 102"/></Shape>
          
          
          <TextLine ID="eSc_line_b23ddf47"
                    TAGREFS="LT666"
                    BASELINE="859 150 923 148" 
                    HPOS="857"
                    VPOS="90"
                    WIDTH="64"
                    HEIGHT="74">
            <Shape><Polygon POINTS="858 162 919 164 921 146 916 106 891 106 857 90 858 148 858 162"/></Shape>
	    <String CONTENT="108"
                    HPOS="857"
                    VPOS="90"
                    WIDTH="64"
                    HEIGHT="74"></String>
          </TextLine>

          
        </TextBlock>
        
        <TextBlock HPOS="927"
                   VPOS="621"
                   WIDTH="147"
                   HEIGHT="74"
                   ID="eSc_textblock_621700d1"
                   TAGREFS="BT1719">
          <Shape><Polygon POINTS="933 621 927 691 1074 695 1074 621"/></Shape>
          
          
          <TextLine ID="eSc_line_aca42f0e"
                    TAGREFS="LT666"
                    BASELINE="946 665 1057 662" 
                    HPOS="941"
                    VPOS="578"
                    WIDTH="115"
                    HEIGHT="109">
            <Shape><Polygon POINTS="944 664 944 676 998 687 999 687 1056 673 1056 661 1052 594 941 578 944 664"/></Shape>
	    <String CONTENT="sect·4·"
                    HPOS="941"
                    VPOS="578"
                    WIDTH="115"
                    HEIGHT="109"></String>
          </TextLine>

          
        </TextBlock>
        
        <TextBlock HPOS="949"
                   VPOS="775"
                   WIDTH="165"
                   HEIGHT="115"
                   ID="eSc_textblock_72a96086"
                   TAGREFS="BT1719">
          <Shape><Polygon POINTS="949 775 949 890 1114 890 1114 775"/></Shape>
          
          
          <TextLine ID="eSc_line_47186fbf"
                    TAGREFS="LT666"
                    BASELINE="956 820 1104 822" 
                    HPOS="954"
                    VPOS="759"
                    WIDTH="148"
                    HEIGHT="88">
            <Shape><Polygon POINTS="955 819 954 836 982 847 984 847 985 847 987 847 1012 841 1023 837 1099 847 1102 820 1098 759 1071 769 955 762 955 819"/></Shape>
	    <String CONTENT="Ouid ora"
                    HPOS="954"
                    VPOS="759"
                    WIDTH="148"
                    HEIGHT="88"></String>
          </TextLine>

          
          
          <TextLine ID="eSc_line_2125512c"
                    TAGREFS="LT666"
                    BASELINE="956 868 1007 869" 
                    HPOS="955"
                    VPOS="830"
                    WIDTH="50"
                    HEIGHT="59">
            <Shape><Polygon POINTS="955 867 955 889 1005 883 1005 867 1005 839 955 830 955 867"/></Shape>
	    <String CONTENT="lio·"
                    HPOS="955"
                    VPOS="830"
                    WIDTH="50"
                    HEIGHT="59"></String>
          </TextLine>

          
        </TextBlock>
        
        <TextBlock HPOS="633"
                   VPOS="1521"
                   WIDTH="351"
                   HEIGHT="71"
                   ID="eSc_textblock_08c0f900"
                   TAGREFS="BT1723">
          <Shape><Polygon POINTS="976 1592 984 1521 655 1535 633 1577"/></Shape>
          
          
          <TextLine ID="eSc_line_7d9cce19"
                    TAGREFS="LT666"
                    BASELINE="665 1565 692 1566" 
                    HPOS="664"
                    VPOS="1522"
                    WIDTH="27"
                    HEIGHT="71">
            <Shape><Polygon POINTS="664 1564 664 1593 691 1589 691 1564 691 1527 664 1522 664 1564"/></Shape>
	    <String CONTENT="O"
                    HPOS="664"
                    VPOS="1522"
                    WIDTH="27"
                    HEIGHT="71"></String>
          </TextLine>

          
          
          <TextLine ID="eSc_line_3ad031b3"
                    TAGREFS="LT666"
                    BASELINE="844 1569 968 1569" 
                    HPOS="844"
                    VPOS="1511"
                    WIDTH="124"
                    HEIGHT="75">
            <Shape><Polygon POINTS="965 1524 910 1511 908 1511 844 1524 844 1569 844 1577 966 1586 968 1569 968 1538 965 1524"/></Shape>
	    <String CONTENT="Addit,"
                    HPOS="844"
                    VPOS="1511"
                    WIDTH="124"
                    HEIGHT="75"></String>
          </TextLine>

          
          
          <TextLine ID="eSc_line_30947a7a"
                    TAGREFS="LT666"
                    BASELINE="743 1572 760 1572" 
                    HPOS="743"
                    VPOS="1533"
                    WIDTH="17"
                    HEIGHT="60">
            <Shape><Polygon POINTS="743 1572 743 1593 760 1589 760 1572 760 1533 743 1533 743 1572"/></Shape>
	    <String CONTENT="4"
                    HPOS="743"
                    VPOS="1533"
                    WIDTH="17"
                    HEIGHT="60"></String>
          </TextLine>

          
        </TextBlock>
        
        <TextBlock HPOS="970"
                   VPOS="1374"
                   WIDTH="155"
                   HEIGHT="108"
                   ID="eSc_textblock_e8a622a9"
                   TAGREFS="BT1719">
          <Shape><Polygon POINTS="970 1374 970 1482 1125 1482 1125 1374"/></Shape>
          
          
          <TextLine ID="eSc_line_a287e4b6"
                    TAGREFS="LT666"
                    BASELINE="974 1415 1112 1416" 
                    HPOS="973"
                    VPOS="1374"
                    WIDTH="137"
                    HEIGHT="54">
            <Shape><Polygon POINTS="1098 1374 1082 1374 1066 1374 1051 1374 1035 1374 1020 1374 1004 1374 988 1374 973 1374 973 1414 973 1428 1110 1427 1110 1414 1110 1374 1098 1374"/></Shape>
	    <String CONTENT="Omni tem"
                    HPOS="973"
                    VPOS="1374"
                    WIDTH="137"
                    HEIGHT="54"></String>
          </TextLine>

          
          
          <TextLine ID="eSc_line_1af6d9ce"
                    TAGREFS="LT666"
                    BASELINE="974 1465 1057 1463" 
                    HPOS="969"
                    VPOS="1419"
                    WIDTH="87"
                    HEIGHT="64">
            <Shape><Polygon POINTS="973 1464 973 1483 1056 1482 1056 1461 1051 1419 969 1419 973 1464"/></Shape>
	    <String CONTENT="pore."
                    HPOS="969"
                    VPOS="1419"
                    WIDTH="87"
                    HEIGHT="64"></String>
          </TextLine>

          
        </TextBlock>
        

        
      </PrintSpace>
    </Page>
  </Layout>
</alto>
