<?xml version="1.0" encoding="UTF-8"?>
<alto xmlns:xsi="http://www.w3.org/2001/XMLSchema-instance"
      xmlns="http://www.loc.gov/standards/alto/ns-v4#"
      xsi:schemaLocation="http://www.loc.gov/standards/alto/ns-v4# http://www.loc.gov/standards/alto/v4/alto-4-2.xsd">
  <Description>
    <MeasurementUnit>pixel</MeasurementUnit>
    <sourceImageInformation>
      <fileName>31_6add3_default.jpg</fileName>
      
    </sourceImageInformation>
  </Description>
  
  <Tags>
    <OtherTag ID="BT1717" LABEL="GraphicZone" DESCRIPTION="block type GraphicZone"/><OtherTag ID="BT1718" LABEL="MainZone" DESCRIPTION="block type MainZone"/><OtherTag ID="BT1719" LABEL="MarginTextZone" DESCRIPTION="block type MarginTextZone"/><OtherTag ID="BT1721" LABEL="NumberingZone" DESCRIPTION="block type NumberingZone"/><OtherTag ID="BT1722" LABEL="RunningTitleZone" DESCRIPTION="block type RunningTitleZone"/><OtherTag ID="BT1723" LABEL="QuireMarksZone" DESCRIPTION="block type QuireMarksZone"/>
    <OtherTag ID="LT665" LABEL="CustomLine : BiblicalText" DESCRIPTION="line type CustomLine : BiblicalText"/><OtherTag ID="LT666" LABEL="DefaultLine" DESCRIPTION="line type DefaultLine"/><OtherTag ID="LT667" LABEL="HeadingLine" DESCRIPTION="line type HeadingLine"/>
  </Tags>
  
  <Layout>
    <Page WIDTH="1128"
          HEIGHT="1876"
          PHYSICAL_IMG_NR="1"
          ID="eSc_dummypage_">
      <PrintSpace HPOS="0"
                  VPOS="0"
                  WIDTH="1128"
                  HEIGHT="1876">
        
        <TextBlock HPOS="338"
                   VPOS="95"
                   WIDTH="655"
                   HEIGHT="82"
                   ID="eSc_textblock_85cd29e5"
                   TAGREFS="BT1722">
          <Shape><Polygon POINTS="353 95 338 170 993 177 985 114"/></Shape>
          
          
          <TextLine ID="eSc_line_64585a94"
                    TAGREFS="LT667"
                    BASELINE="362 156 966 165" 
                    HPOS="361"
                    VPOS="112"
                    WIDTH="605"
                    HEIGHT="67">
            <Shape><Polygon POINTS="362 112 362 156 361 164 378 171 380 171 381 171 852 171 865 179 866 179 868 179 869 179 965 171 966 165 965 125 959 118"/></Shape>
	    <String CONTENT="D. PAVLI AD EPHESIOS"
                    HPOS="361"
                    VPOS="112"
                    WIDTH="605"
                    HEIGHT="67"></String>
          </TextLine>

          
        </TextBlock>
        
        <TextBlock HPOS="116"
                   VPOS="198"
                   WIDTH="90"
                   HEIGHT="81"
                   ID="eSc_textblock_e91e1f45"
                   TAGREFS="BT1721">
          <Shape><Polygon POINTS="116 198 116 279 206 279 206 198"/></Shape>
          
          
          <TextLine ID="eSc_line_c56ab005"
                    TAGREFS="LT666"
                    BASELINE="153 242 185 243" 
                    HPOS="150"
                    VPOS="209"
                    WIDTH="34"
                    HEIGHT="58">
            <Shape><Polygon POINTS="183 209 167 209 151 209 151 240 150 265 181 267 184 242 184 209 183 209"/></Shape>
	    <String CONTENT="9."
                    HPOS="150"
                    VPOS="209"
                    WIDTH="34"
                    HEIGHT="58"></String>
          </TextLine>

          
        </TextBlock>
        
        <TextBlock HPOS="227"
                   VPOS="175"
                   WIDTH="888"
                   HEIGHT="524"
                   ID="eSc_textblock_f2dfeb0c"
                   TAGREFS="BT1718">
          <Shape><Polygon POINTS="231 175 227 699 1109 699 1115 187"/></Shape>
          
          
          <TextLine ID="eSc_line_89445bf5"
                    TAGREFS="LT665"
                    BASELINE="245 217 1092 228" 
                    HPOS="244"
                    VPOS="168"
                    WIDTH="848"
                    HEIGHT="71">
            <Shape><Polygon POINTS="245 189 245 217 244 228 258 236 259 236 261 236 480 231 484 237 486 237 486 239 488 239 489 239 491 239 1090 237 1092 228 1092 187 1023 178 1021 178 1020 178 1004 186 999 187 940 187 937 186 924 176 923 176 921 176 919 176 918 176 916 176 907 184 905 186 702 184 699 182 643 173 641 173 639 173 638 173 638 175 632 179 621 173 619 173 617 173 616 173 569 181 546 171 544 171 542 171 491 181 488 181 472 170 470 170 469 170 467 170 377 178 367 170 367 168 366 168 364 168 362 168 251 178 245 189"/></Shape>
	    <String CONTENT="rebus noſtris, &amp; conſolaretur, corda ueſtra."
                    HPOS="244"
                    VPOS="168"
                    WIDTH="848"
                    HEIGHT="71"></String>
          </TextLine>

          
          
          <TextLine ID="eSc_line_080cd042"
                    TAGREFS="LT665"
                    BASELINE="305 262 755 276 1092 276" 
                    HPOS="303"
                    VPOS="221"
                    WIDTH="789"
                    HEIGHT="74">
            <Shape><Polygon POINTS="600 228 569 229 560 226 542 221 541 221 539 221 524 221 508 221 492 221 305 221 305 262 303 279 378 275 397 282 402 284 403 284 405 284 592 284 752 284 785 286 935 295 937 295 1090 287 1092 276 1090 240 1009 229 1007 229 960 237 952 237 946 236 913 228 912 228 910 228 879 234 871 236 830 234 677 223 675 223"/></Shape>
	    <String CONTENT="Pax ſit fratribus, &amp; dilectio cum fide à Deo"
                    HPOS="303"
                    VPOS="221"
                    WIDTH="789"
                    HEIGHT="74"></String>
          </TextLine>

          
          
          <TextLine ID="eSc_line_b3f08260"
                    TAGREFS="LT665"
                    BASELINE="251 312 1090 325" 
                    HPOS="250"
                    VPOS="268"
                    WIDTH="840"
                    HEIGHT="79">
            <Shape><Polygon POINTS="987 278 973 278 924 286 916 286 904 284 860 278 846 278 830 278 821 278 799 282 790 284 788 282 782 278 768 278 755 276 711 281 691 282 688 281 678 275 674 275 658 275 657 273 641 279 635 281 541 281 538 278 528 270 527 270 525 270 524 270 522 270 506 278 502 279 484 276 434 268 433 268 251 272 251 312 250 334 301 336 303 336 305 336 306 336 320 326 391 336 411 337 413 337 453 336 550 329 580 336 603 340 605 340 607 340 625 336 644 331 660 336 674 340 675 340 677 340 699 336 716 332 735 336 775 343 777 343 779 343 801 336 802 336 804 336 822 343 824 343 826 343 880 337 985 347 987 347 1088 336 1090 325 1090 289 1002 289 1001 286 990 278 987 278"/></Shape>
	    <String CONTENT="patre &amp; Domino noſtro Ieſu Chriſto. Bene¬"
                    HPOS="250"
                    VPOS="268"
                    WIDTH="840"
                    HEIGHT="79"></String>
          </TextLine>

          
          
          <TextLine ID="eSc_line_fac7acc4"
                    TAGREFS="LT665"
                    BASELINE="301 364 1021 373" 
                    HPOS="300"
                    VPOS="318"
                    WIDTH="721"
                    HEIGHT="75">
            <Shape><Polygon POINTS="301 364 300 381 306 386 308 386 309 386 311 386 402 378 413 378 416 379 423 386 425 386 427 386 428 386 558 383 627 381 630 384 635 387 635 389 636 389 638 389 639 389 705 386 760 384 808 389 841 392 843 392 844 392 851 390 869 384 883 390 887 392 888 392 1018 393 1021 373 1020 337 938 337 935 336 899 325 898 325 896 325 894 325 862 334 860 334 763 334 763 332 740 323 738 323 736 323 685 332 680 332 664 322 663 322 661 322 660 322 602 331 600 331 597 331 555 322 553 322 525 328 517 322 517 320 516 320 514 320 513 320 433 328 342 318 341 318 301 326 301 364"/></Shape>
	    <String CONTENT="uolentia Dei, cum omnibus diligen¬"
                    HPOS="300"
                    VPOS="318"
                    WIDTH="721"
                    HEIGHT="75"></String>
          </TextLine>

          
          
          <TextLine ID="eSc_line_ca9deb76"
                    TAGREFS="LT665"
                    BASELINE="361 414 988 423" 
                    HPOS="359"
                    VPOS="370"
                    WIDTH="629"
                    HEIGHT="69">
            <Shape><Polygon POINTS="361 414 359 429 985 439 988 423 987 386 904 376 902 376 901 376 899 376 899 378 893 383 893 384 891 383 876 375 874 375 872 375 804 381 785 383 782 381 771 373 769 373 768 373 766 373 700 379 677 381 646 378 586 372 585 372 583 372 581 372 574 376 569 379 558 376 538 370 536 370 535 370 361 372 361 414"/></Shape>
	    <String CONTENT="tibus Dominum noſtrum leſum"
                    HPOS="359"
                    VPOS="370"
                    WIDTH="629"
                    HEIGHT="69"></String>
          </TextLine>

          
          
          <TextLine ID="eSc_line_70c6359f"
                    TAGREFS="LT665"
                    BASELINE="413 464 923 473" 
                    HPOS="411"
                    VPOS="423"
                    WIDTH="512"
                    HEIGHT="67">
            <Shape><Polygon POINTS="411 475 919 490 923 473 921 433 413 423 413 464"/></Shape>
	    <String CONTENT="Chriſtum cum integritate."
                    HPOS="411"
                    VPOS="423"
                    WIDTH="512"
                    HEIGHT="67"></String>
          </TextLine>

          
          
          <TextLine ID="eSc_line_1ba4c7df"
                    TAGREFS="LT665"
                    BASELINE="580 514 732 517" 
                    HPOS="578"
                    VPOS="476"
                    WIDTH="154"
                    HEIGHT="52">
            <Shape><Polygon POINTS="580 514 578 528 730 528 732 517 730 476 580 476 580 514"/></Shape>
	    <String CONTENT="Amen¬"
                    HPOS="578"
                    VPOS="476"
                    WIDTH="154"
                    HEIGHT="52"></String>
          </TextLine>

          
          
          <TextLine ID="eSc_line_f1e34de6"
                    TAGREFS="LT665"
                    BASELINE="342 561 976 573" 
                    HPOS="341"
                    VPOS="511"
                    WIDTH="635"
                    HEIGHT="78">
            <Shape><Polygon POINTS="342 561 341 570 420 581 422 581 491 575 497 575 499 575 508 583 510 583 511 583 513 583 564 576 572 576 574 578 580 583 580 584 581 584 583 584 585 584 625 578 635 578 641 579 668 586 669 586 671 586 718 581 736 579 747 583 766 587 768 587 769 589 974 589 976 573 976 533 865 520 863 520 827 528 793 519 791 519 790 519 635 523 572 514 571 514 528 522 519 514 517 514 516 514 420 511 419 511 342 519 342 561"/></Shape>
	    <String CONTENT="Miſſa fuit Roma per Tychicum."
                    HPOS="341"
                    VPOS="511"
                    WIDTH="635"
                    HEIGHT="78"></String>
          </TextLine>

          
          
          <TextLine ID="eSc_line_53c4aa73"
                    TAGREFS="LT665"
                    BASELINE="322 658 1010 670" 
                    HPOS="320"
                    VPOS="608"
                    WIDTH="690"
                    HEIGHT="81">
            <Shape><Polygon POINTS="322 658 320 675 336 683 337 683 339 683 392 676 499 686 1007 689 1010 670 1010 630 923 619 921 619 919 619 902 625 888 615 887 615 885 615 883 615 882 615 863 625 862 625 854 625 750 612 749 612 697 620 685 622 682 620 669 612 668 612 666 612 664 612 663 612 638 619 635 619 627 619 547 609 546 609 544 609 542 609 535 615 531 619 520 615 494 608 492 608 491 608 489 608 488 608 480 614 477 617 469 614 453 608 452 608 450 608 322 609 322 658"/></Shape>
	    <String CONTENT="Finis Epiſtolæ D. Pauli ad Epheſios."
                    HPOS="320"
                    VPOS="608"
                    WIDTH="690"
                    HEIGHT="81"></String>
          </TextLine>

          
        </TextBlock>
        

        
      </PrintSpace>
    </Page>
  </Layout>
</alto>
