<?xml version="1.0" encoding="UTF-8"?>
<alto xmlns:xsi="http://www.w3.org/2001/XMLSchema-instance"
      xmlns="http://www.loc.gov/standards/alto/ns-v4#"
      xsi:schemaLocation="http://www.loc.gov/standards/alto/ns-v4# http://www.loc.gov/standards/alto/v4/alto-4-2.xsd">
  <Description>
    <MeasurementUnit>pixel</MeasurementUnit>
    <sourceImageInformation>
      <fileName>62_cadb9_default.jpg</fileName>
      
    </sourceImageInformation>
  </Description>
  
  <Tags>
    <OtherTag ID="BT1717" LABEL="GraphicZone" DESCRIPTION="block type GraphicZone"/><OtherTag ID="BT1718" LABEL="MainZone" DESCRIPTION="block type MainZone"/><OtherTag ID="BT1719" LABEL="MarginTextZone" DESCRIPTION="block type MarginTextZone"/><OtherTag ID="BT1721" LABEL="NumberingZone" DESCRIPTION="block type NumberingZone"/><OtherTag ID="BT1722" LABEL="RunningTitleZone" DESCRIPTION="block type RunningTitleZone"/><OtherTag ID="BT1723" LABEL="QuireMarksZone" DESCRIPTION="block type QuireMarksZone"/>
    <OtherTag ID="LT665" LABEL="CustomLine : BiblicalText" DESCRIPTION="line type CustomLine : BiblicalText"/><OtherTag ID="LT666" LABEL="DefaultLine" DESCRIPTION="line type DefaultLine"/><OtherTag ID="LT667" LABEL="HeadingLine" DESCRIPTION="line type HeadingLine"/>
  </Tags>
  
  <Layout>
    <Page WIDTH="1128"
          HEIGHT="1876"
          PHYSICAL_IMG_NR="2"
          ID="eSc_dummypage_">
      <PrintSpace HPOS="0"
                  VPOS="0"
                  WIDTH="1128"
                  HEIGHT="1876">
        
        <TextBlock HPOS="75"
                   VPOS="106"
                   WIDTH="698"
                   HEIGHT="58"
                   ID="eSc_textblock_b40941c9"
                   TAGREFS="BT1722">
          <Shape><Polygon POINTS="75 164 75 112 411 106 773 121 773 134 771 134 771 160 773 160 773 164"/></Shape>
          
          
          <TextLine ID="eSc_line_1d34b23a"
                    TAGREFS="LT667"
                    BASELINE="75 156 762 153" 
                    HPOS="71"
                    VPOS="92"
                    WIDTH="690"
                    HEIGHT="83">
            <Shape><Polygon POINTS="73 175 126 164 137 171 139 171 140 171 142 171 259 164 283 173 284 173 286 173 348 164 394 173 395 173 397 173 422 162 472 171 474 171 475 171 514 162 527 171 528 171 530 171 531 173 650 173 650 171 652 171 668 164 758 171 761 151 760 101 749 92 747 92 746 92 744 92 743 92 702 101 639 92 638 92 636 92 635 92 622 101 599 93 597 93 596 93 594 93 561 101 542 92 541 92 539 92 494 100 436 92 434 92 378 100 344 93 342 93 341 93 339 93 339 95 330 103 284 93 283 93 281 93 280 93 264 103 215 95 214 95 212 95 211 95 198 103 198 104 71 104 73 154"/></Shape>
	    <String CONTENT="M. BVCERI COMMENTARIVS."
                    HPOS="71"
                    VPOS="92"
                    WIDTH="690"
                    HEIGHT="83"></String>
          </TextLine>

          
        </TextBlock>
        
        <TextBlock HPOS="12"
                   VPOS="183"
                   WIDTH="865"
                   HEIGHT="1346"
                   ID="eSc_textblock_6ab6c1b8"
                   TAGREFS="BT1718">
          <Shape><Polygon POINTS="18 187 21 183 877 183 865 1529 12 1529"/></Shape>
          
          
          <TextLine ID="eSc_line_a97ef63a"
                    TAGREFS="LT666"
                    BASELINE="21 223 868 223" 
                    HPOS="21"
                    VPOS="171"
                    WIDTH="847"
                    HEIGHT="69">
            <Shape><Polygon POINTS="21 223 21 240 868 232 868 223 868 182 815 182 813 181 799 171 797 171 796 171 794 171 755 181 750 181 744 181 685 171 683 171 682 171 653 179 647 181 636 179 592 173 591 173 544 179 525 181 522 178 516 173 516 171 514 171 513 171 511 171 510 171 483 178 469 182 417 182 408 178 397 171 395 171 394 171 392 171 391 171 381 178 375 181 366 178 350 171 348 171 347 171 345 171 334 176 325 181 309 176 290 171 289 171 233 171 231 171 229 171 228 171 222 176 212 181 203 176 193 171 192 171 190 171 168 175 139 181 25 175 21 181"/></Shape>
	    <String CONTENT="ſtum, malolegere: Qua propoſuerat &amp;c· ſcilicet ſingu"
                    HPOS="21"
                    VPOS="171"
                    WIDTH="847"
                    HEIGHT="69"></String>
          </TextLine>

          
          
          <TextLine ID="eSc_line_0d92e649"
                    TAGREFS="LT666"
                    BASELINE="20 273 866 270" 
                    HPOS="18"
                    VPOS="229"
                    WIDTH="848"
                    HEIGHT="58">
            <Shape><Polygon POINTS="20 273 20 281 863 287 866 270 863 232 18 229 20 273"/></Shape>
	    <String CONTENT="lari dignatione ſua, inſtaurare tandem ac uelut in unum"
                    HPOS="18"
                    VPOS="229"
                    WIDTH="848"
                    HEIGHT="58"></String>
          </TextLine>

          
          
          <TextLine ID="eSc_line_3795fc34"
                    TAGREFS="LT666"
                    BASELINE="17 322 863 322" 
                    HPOS="17"
                    VPOS="276"
                    WIDTH="846"
                    HEIGHT="60">
            <Shape><Polygon POINTS="17 322 17 331 862 336 863 322 863 282 738 276 736 276 735 276 733 276 733 278 727 282 724 286 711 282 688 278 686 278 594 282 549 286 542 284 524 276 522 276 386 276 384 276 300 286 287 286 284 286 265 276 264 276 262 276 197 286 192 286 178 276 176 276 175 276 71 276 70 276 17 286 17 322"/></Shape>
	    <String CONTENT="redacta ſummare, &amp; ad perfectionem omnia adducere¬"
                    HPOS="17"
                    VPOS="276"
                    WIDTH="846"
                    HEIGHT="60"></String>
          </TextLine>

          
          
          <TextLine ID="eSc_line_f661df7c"
                    TAGREFS="LT666"
                    BASELINE="20 373 866 373" 
                    HPOS="20"
                    VPOS="325"
                    WIDTH="846"
                    HEIGHT="64">
            <Shape><Polygon POINTS="20 373 20 384 865 389 866 373 866 325 786 325 785 325 783 325 782 325 766 334 685 326 663 325 661 325 639 326 580 334 571 328 566 325 564 325 563 325 561 325 560 325 552 328 538 334 514 328 505 326 503 326 502 326 486 329 458 334 441 329 423 325 422 325 420 325 419 325 417 325 413 329 406 336 331 336 317 331 292 325 290 325 289 325 287 325 273 331 269 334 267 331 261 326 261 325 259 325 258 325 256 325 195 332 192 332 179 325 178 325 176 325 175 325 173 325 147 332 142 334 139 334 107 325 106 325 104 325 103 325 86 334 82 336 20 336 20 373"/></Shape>
	    <String CONTENT="Si quis tamen hæc legere uelit, tanquam diſſeparatam à"
                    HPOS="20"
                    VPOS="325"
                    WIDTH="846"
                    HEIGHT="64"></String>
          </TextLine>

          
          
          <TextLine ID="eSc_line_5004c866"
                    TAGREFS="LT666"
                    BASELINE="21 423 858 423" 
                    HPOS="21"
                    VPOS="375"
                    WIDTH="837"
                    HEIGHT="67">
            <Shape><Polygon POINTS="617 375 616 375 614 375 613 375 613 376 603 386 506 386 408 375 406 375 405 375 384 384 370 375 369 375 367 375 366 375 364 375 362 375 348 386 308 386 278 375 276 375 275 375 273 375 245 384 179 375 178 375 176 375 153 384 125 375 123 375 122 375 120 375 118 375 107 386 21 386 21 423 21 440 75 433 164 440 165 440 167 440 189 433 314 433 334 440 336 440 337 442 400 442 400 440 402 440 403 440 403 439 409 433 425 440 427 440 428 440 524 433 743 440 746 440 747 440 813 433 857 440 858 423 858 384 827 376 826 376 824 376 822 376 805 386 657 386 619 375 617 375"/></Shape>
	    <String CONTENT="prioribus ſententiam, quaſiq́; ωροασπόδοσιμ prioris,"
                    HPOS="21"
                    VPOS="375"
                    WIDTH="837"
                    HEIGHT="67"></String>
          </TextLine>

          
          
          <TextLine ID="eSc_line_4c5f7a93"
                    TAGREFS="LT666"
                    BASELINE="18 473 863 470" 
                    HPOS="17"
                    VPOS="425"
                    WIDTH="846"
                    HEIGHT="62">
            <Shape><Polygon POINTS="580 425 572 425 553 429 525 425 517 425 502 425 499 425 492 431 480 425 470 425 466 425 438 434 425 425 423 425 413 425 389 434 317 425 314 425 298 425 297 425 267 434 197 425 189 425 173 425 114 434 76 425 64 425 59 425 17 436 18 473 18 483 860 487 863 470 860 434 605 434 594 425 580 425"/></Shape>
	    <String CONTENT="ac ſi interiectum eſſet, γαφ, uel δὲ in hunc modum. Pro¬"
                    HPOS="17"
                    VPOS="425"
                    WIDTH="846"
                    HEIGHT="62"></String>
          </TextLine>

          
          
          <TextLine ID="eSc_line_2a6ff655"
                    TAGREFS="LT666"
                    BASELINE="21 523 867 520" 
                    HPOS="18"
                    VPOS="473"
                    WIDTH="848"
                    HEIGHT="67">
            <Shape><Polygon POINTS="20 522 20 540 114 529 280 537 337 539 339 539 377 536 441 528 455 534 463 537 464 537 466 537 467 537 477 534 491 528 506 533 520 537 522 537 524 539 650 539 650 537 652 537 675 529 685 528 691 529 718 537 719 537 721 539 832 539 832 537 833 537 866 526 866 519 863 479 627 473 625 473 624 473 607 479 603 481 591 479 520 473 519 473 517 473 499 481 497 481 494 481 452 473 450 473 449 473 427 481 420 483 397 481 312 475 311 475 273 483 267 483 256 483 175 475 173 475 129 483 126 483 125 483 73 475 71 475 18 483 20 522"/></Shape>
	    <String CONTENT="poſuerat enim in ipſo, is haud quaquam abſurde, meo qui"
                    HPOS="18"
                    VPOS="473"
                    WIDTH="848"
                    HEIGHT="67"></String>
          </TextLine>

          
          
          <TextLine ID="eSc_line_0fbf4f9d"
                    TAGREFS="LT666"
                    BASELINE="17 572 862 569" 
                    HPOS="15"
                    VPOS="522"
                    WIDTH="847"
                    HEIGHT="59">
            <Shape><Polygon POINTS="797 522 796 522 794 522 791 523 766 533 556 528 400 523 398 523 397 523 395 523 395 525 389 529 384 534 361 531 319 525 317 525 316 525 301 533 297 534 292 533 273 523 272 523 270 523 165 533 132 523 131 523 129 523 82 534 43 523 42 523 40 523 39 523 26 528 15 548 17 572 17 581 860 581 862 569 855 522 833 533 802 523 799 522 797 522"/></Shape>
	    <String CONTENT="dem iudicio, lectionemordinauerit·Vtcunque autem hæc"
                    HPOS="15"
                    VPOS="522"
                    WIDTH="847"
                    HEIGHT="59"></String>
          </TextLine>

          
          
          <TextLine ID="eSc_line_bf0d12d4"
                    TAGREFS="LT666"
                    BASELINE="17 622 862 622" 
                    HPOS="17"
                    VPOS="572"
                    WIDTH="845"
                    HEIGHT="64">
            <Shape><Polygon POINTS="281 572 280 572 233 579 215 584 103 584 95 579 78 572 76 572 75 572 17 578 17 622 17 634 860 636 862 622 862 583 840 572 838 572 837 572 763 584 747 584 694 584 694 583 685 575 683 575 682 575 680 575 635 583 633 583 632 583 608 572 607 572 539 572 538 572 536 572 535 572 520 583 517 583 472 583 472 581 461 572 459 572 458 572 456 572 377 581 372 581 369 581 334 573 333 573 331 573 330 573 322 581 320 583 312 581 283 572 281 572"/></Shape>
	    <String CONTENT="habcant, omnino mihiuidetur, illud ἀνακεφαλαιώ¬"
                    HPOS="17"
                    VPOS="572"
                    WIDTH="845"
                    HEIGHT="64"></String>
          </TextLine>

          
          
          <TextLine ID="eSc_line_348e036c"
                    TAGREFS="LT666"
                    BASELINE="17 673 858 670" 
                    HPOS="15"
                    VPOS="623"
                    WIDTH="843"
                    HEIGHT="64">
            <Shape><Polygon POINTS="625 623 624 623 616 630 614 633 499 633 491 631 444 623 438 623 431 623 422 631 419 633 409 631 355 623 353 623 265 633 261 633 259 633 222 623 220 623 219 623 203 623 187 623 172 623 156 623 140 623 125 623 109 623 93 623 78 623 76 623 75 623 15 634 17 673 17 680 417 687 419 687 439 684 467 678 571 678 578 684 578 686 580 686 581 686 583 687 583 686 585 686 586 686 586 684 594 678 617 684 622 686 624 686 625 686 633 684 674 678 752 686 758 686 760 686 761 686 782 678 790 686 791 686 793 686 794 687 857 687 858 670 854 628 683 631 669 630 636 623 625 623"/></Shape>
	    <String CONTENT="σαοθς , id est, recapitulare, inſtaurare, uel ſummatim per"
                    HPOS="15"
                    VPOS="623"
                    WIDTH="843"
                    HEIGHT="64"></String>
          </TextLine>

          
          
          <TextLine ID="eSc_line_b9ead21d"
                    TAGREFS="LT666"
                    BASELINE="18 719 863 722" 
                    HPOS="17"
                    VPOS="676"
                    WIDTH="846"
                    HEIGHT="60">
            <Shape><Polygon POINTS="18 719 17 736 862 736 863 722 862 683 18 676 18 719"/></Shape>
	    <String CONTENT="ficere, cum hoc, ωροέθετο construẽdum, quod nimirum"
                    HPOS="17"
                    VPOS="676"
                    WIDTH="846"
                    HEIGHT="60"></String>
          </TextLine>

          
          
          <TextLine ID="eSc_line_b0c2fe40"
                    TAGREFS="LT666"
                    BASELINE="18 770 860 766" 
                    HPOS="17"
                    VPOS="722"
                    WIDTH="843"
                    HEIGHT="67">
            <Shape><Polygon POINTS="783 722 777 722 710 730 697 722 689 722 674 722 658 722 643 722 627 722 621 722 611 731 575 731 405 722 403 722 359 731 334 722 333 722 331 722 330 722 301 731 261 723 259 723 189 733 179 725 179 723 178 723 176 723 175 723 173 723 140 733 84 723 82 723 81 723 50 733 39 723 37 723 35 723 34 723 32 723 31 723 17 731 18 770 18 778 51 789 53 789 54 789 56 789 75 778 76 778 93 778 295 789 297 789 298 789 300 789 300 787 301 787 308 780 348 787 350 787 352 787 353 787 366 778 367 776 491 776 492 776 517 787 519 787 520 787 522 787 553 780 566 787 567 787 569 787 571 787 713 786 714 786 746 776 750 775 758 776 816 786 818 786 819 786 860 775 860 766 857 731 807 731 797 722 783 722"/></Shape>
	    <String CONTENT="Paulus uoluerit ſignificare Deum propoſuiſſe per Chri¬"
                    HPOS="17"
                    VPOS="722"
                    WIDTH="843"
                    HEIGHT="67"></String>
          </TextLine>

          
          
          <TextLine ID="eSc_line_5b28a4c8"
                    TAGREFS="LT666"
                    BASELINE="17 820 858 817" 
                    HPOS="15"
                    VPOS="775"
                    WIDTH="843"
                    HEIGHT="58">
            <Shape><Polygon POINTS="17 820 17 828 855 833 858 817 855 781 32 775 31 775 29 775 15 781 17 820"/></Shape>
	    <String CONTENT="ctum inſtaurare ſummatim omnia-Sic enim ordo uerbo¬"
                    HPOS="15"
                    VPOS="775"
                    WIDTH="843"
                    HEIGHT="58"></String>
          </TextLine>

          
          
          <TextLine ID="eSc_line_8745fae8"
                    TAGREFS="LT666"
                    BASELINE="17 870 860 870" 
                    HPOS="17"
                    VPOS="823"
                    WIDTH="843"
                    HEIGHT="64">
            <Shape><Polygon POINTS="17 870 17 877 48 886 50 886 51 886 95 878 98 878 107 878 208 886 209 886 211 886 226 880 231 878 242 880 276 886 278 887 358 887 358 886 359 886 361 886 366 881 369 880 370 881 377 886 378 886 380 886 381 886 383 886 394 881 403 878 438 881 474 886 475 886 477 886 486 883 499 878 858 886 860 870 858 825 707 831 661 827 636 823 635 823 614 827 588 831 581 827 577 823 575 823 574 823 572 823 550 827 528 831 511 828 495 823 494 823 492 823 491 823 478 828 467 831 455 828 439 823 438 823 436 823 397 828 373 831 359 828 334 823 333 823 273 830 255 831 244 830 204 823 203 823 201 823 187 830 184 831 181 831 154 823 153 823 151 823 150 823 148 823 137 831 136 831 132 831 95 823 93 823 92 823 90 823 81 831 79 833 17 833 17 870"/></Shape>
	    <String CONTENT="rum Pauliuidetur exigere· Pro illo autem ἔμ ἀυτῷ Era"
                    HPOS="17"
                    VPOS="823"
                    WIDTH="843"
                    HEIGHT="64"></String>
          </TextLine>

          
          
          <TextLine ID="eSc_line_2a5a47e0"
                    TAGREFS="LT666"
                    BASELINE="17 920 865 920" 
                    HPOS="17"
                    VPOS="873"
                    WIDTH="848"
                    HEIGHT="65">
            <Shape><Polygon POINTS="17 920 17 930 103 930 104 930 112 938 114 938 115 938 117 938 258 931 314 930 328 933 353 938 355 938 356 938 375 933 391 930 416 933 445 938 447 938 466 934 486 930 497 934 505 938 506 938 508 938 524 934 544 930 550 934 553 938 555 938 556 938 558 938 572 934 597 930 863 938 865 920 865 884 700 884 671 875 669 875 668 875 610 883 600 875 600 873 599 873 597 873 596 873 508 881 494 875 492 875 491 875 489 875 488 875 488 877 481 883 464 873 463 873 461 873 297 883 269 873 267 873 265 873 223 883 211 873 209 873 208 873 158 873 156 873 112 881 103 873 101 873 100 873 98 873 96 873 95 873 81 884 17 884 17 920"/></Shape>
	    <String CONTENT="mus legit ἐν ἁυτῷ, eoq; uertit, in ſeipſo. Cum autem in"
                    HPOS="17"
                    VPOS="873"
                    WIDTH="848"
                    HEIGHT="65"></String>
          </TextLine>

          
          
          <TextLine ID="eSc_line_880f2fde"
                    TAGREFS="LT666"
                    BASELINE="15 970 860 970" 
                    HPOS="15"
                    VPOS="925"
                    WIDTH="845"
                    HEIGHT="61">
            <Shape><Polygon POINTS="15 970 15 980 23 986 25 986 26 986 28 986 29 986 56 978 79 986 81 986 82 986 226 978 251 978 273 980 352 986 353 986 380 981 394 978 403 981 417 986 419 986 420 986 444 981 464 978 858 986 860 970 860 931 588 925 586 925 531 931 519 933 508 931 463 925 461 925 459 925 445 931 444 933 442 931 425 925 423 925 422 925 350 933 341 933 336 933 309 925 308 925 306 925 305 925 303 925 303 927 297 933 295 933 292 933 240 925 239 925 193 933 192 933 183 925 181 925 179 925 178 925 176 925 143 933 128 925 126 925 125 925 123 925 122 925 111 933 111 934 15 934 15 970"/></Shape>
	    <String CONTENT="excmplaribus Græcis quæ quidem nos habemus, non le¬"
                    HPOS="15"
                    VPOS="925"
                    WIDTH="845"
                    HEIGHT="61"></String>
          </TextLine>

          
          
          <TextLine ID="eSc_line_68ad89bc"
                    TAGREFS="LT666"
                    BASELINE="17 1023 860 1019" 
                    HPOS="15"
                    VPOS="972"
                    WIDTH="845"
                    HEIGHT="67">
            <Shape><Polygon POINTS="597 972 581 980 519 972 517 972 431 981 403 972 402 972 400 972 398 972 370 981 295 972 294 972 292 972 290 972 275 983 258 973 256 973 255 973 198 983 172 973 170 973 168 973 167 973 143 983 120 973 118 973 117 973 15 984 17 1023 18 1039 57 1030 87 1038 89 1038 90 1038 92 1038 123 1030 142 1038 143 1038 145 1039 200 1039 200 1038 201 1038 203 1038 203 1036 204 1036 209 1030 294 1038 295 1038 297 1038 298 1038 312 1028 378 1028 389 1036 391 1036 392 1036 394 1036 447 1028 536 1036 538 1036 539 1036 541 1036 541 1034 547 1028 561 1036 563 1036 564 1036 566 1036 567 1036 578 1027 588 1034 589 1034 591 1034 592 1034 633 1027 858 1034 860 1019 857 981 625 981 607 972 597 972"/></Shape>
	    <String CONTENT="gamus ἔμ ἀυτῷ , ſed ἀυτῷ, malui uulgata exemplaria"
                    HPOS="15"
                    VPOS="972"
                    WIDTH="845"
                    HEIGHT="67"></String>
          </TextLine>

          
          
          <TextLine ID="eSc_line_0605bcfd"
                    TAGREFS="LT666"
                    BASELINE="18 1069 857 1069" 
                    HPOS="18"
                    VPOS="1023"
                    WIDTH="839"
                    HEIGHT="65">
            <Shape><Polygon POINTS="204 1023 151 1031 142 1023 140 1023 139 1023 137 1023 136 1023 134 1023 122 1033 18 1033 18 1069 18 1088 70 1088 70 1086 71 1086 73 1086 87 1077 168 1084 170 1084 255 1077 278 1084 283 1086 284 1086 286 1086 295 1084 333 1077 411 1084 425 1084 427 1084 433 1084 467 1077 484 1083 492 1086 494 1086 495 1086 497 1086 503 1083 517 1077 556 1077 566 1083 571 1086 572 1086 574 1086 575 1086 596 1083 619 1078 649 1081 680 1086 682 1086 857 1080 857 1069 857 1033 655 1033 616 1023 614 1023 613 1023 586 1031 556 1023 555 1023 553 1023 477 1031 456 1023 455 1023 453 1023 452 1023 427 1031 348 1023 347 1023 276 1031 206 1023 204 1023"/></Shape>
	    <String CONTENT="ſequendo, reddere per illum, nempe Chriſtum, quod per¬"
                    HPOS="18"
                    VPOS="1023"
                    WIDTH="839"
                    HEIGHT="65"></String>
          </TextLine>

          
          
          <TextLine ID="eSc_line_cb70d8c7"
                    TAGREFS="LT666"
                    BASELINE="14 1117 852 1120" 
                    HPOS="12"
                    VPOS="1070"
                    WIDTH="840"
                    HEIGHT="64">
            <Shape><Polygon POINTS="352 1070 350 1070 348 1070 347 1070 325 1077 311 1080 298 1077 276 1070 275 1070 273 1070 240 1077 226 1080 219 1077 200 1070 198 1070 197 1070 164 1078 153 1080 147 1078 129 1070 128 1070 126 1070 14 1078 14 1117 12 1124 70 1133 71 1134 244 1134 244 1133 245 1133 247 1133 256 1125 259 1125 409 1133 411 1133 413 1133 428 1125 431 1125 497 1134 499 1134 538 1127 549 1134 550 1134 552 1134 553 1134 607 1127 818 1134 819 1134 821 1134 851 1125 852 1120 847 1072 826 1081 699 1074 674 1072 672 1072 663 1074 624 1081 499 1081 488 1075 481 1072 480 1072 478 1072 477 1072 467 1075 450 1081 370 1081 362 1077 353 1070 352 1070"/></Shape>
	    <String CONTENT="inde eſt, atq; in illo, uelin eo, ut Hierouymus legit· Aduer"
                    HPOS="12"
                    VPOS="1070"
                    WIDTH="840"
                    HEIGHT="64"></String>
          </TextLine>

          
          
          <TextLine ID="eSc_line_2d391c9c"
                    TAGREFS="LT666"
                    BASELINE="15 1170 855 1167" 
                    HPOS="14"
                    VPOS="1122"
                    WIDTH="841"
                    HEIGHT="58">
            <Shape><Polygon POINTS="15 1170 15 1180 855 1180 855 1167 852 1131 733 1131 733 1130 711 1122 710 1122 708 1122 707 1122 682 1130 627 1122 625 1122 624 1122 602 1130 600 1130 536 1122 483 1122 481 1122 480 1122 478 1122 478 1124 470 1130 467 1130 413 1124 411 1124 409 1124 408 1124 402 1130 398 1131 14 1130 15 1170"/></Shape>
	    <String CONTENT="bum igitur legitur e Græcohæc ſectiuncula, ad hunc mo¬"
                    HPOS="14"
                    VPOS="1122"
                    WIDTH="841"
                    HEIGHT="58"></String>
          </TextLine>

          
          
          <TextLine ID="eSc_line_0655f667"
                    TAGREFS="LT666"
                    BASELINE="15 1216 851 1219" 
                    HPOS="14"
                    VPOS="1170"
                    WIDTH="837"
                    HEIGHT="68">
            <Shape><Polygon POINTS="366 1170 364 1170 362 1170 316 1178 314 1180 125 1180 122 1178 95 1170 93 1170 92 1170 90 1170 89 1170 81 1178 79 1178 78 1178 43 1170 42 1170 40 1170 15 1177 15 1216 14 1225 104 1236 106 1236 107 1236 109 1236 109 1235 117 1228 156 1236 158 1236 212 1228 220 1228 223 1228 237 1236 239 1236 240 1236 341 1231 395 1228 402 1231 411 1236 413 1236 414 1238 414 1236 416 1236 423 1231 431 1228 441 1233 453 1238 455 1238 456 1238 520 1233 580 1230 847 1238 851 1219 849 1181 785 1172 783 1172 718 1180 710 1174 710 1172 708 1172 707 1172 705 1172 658 1180 655 1180 650 1180 578 1172 577 1172 375 1178 367 1172 367 1170 366 1170"/></Shape>
	    <String CONTENT="dum. Propoſuerat in illo, in diſpenſationem plenitudinis"
                    HPOS="14"
                    VPOS="1170"
                    WIDTH="837"
                    HEIGHT="68"></String>
          </TextLine>

          
          
          <TextLine ID="eSc_line_d16e6a59"
                    TAGREFS="LT666"
                    BASELINE="14 1269 854 1269" 
                    HPOS="14"
                    VPOS="1224"
                    WIDTH="840"
                    HEIGHT="61">
            <Shape><Polygon POINTS="14 1269 14 1277 852 1285 854 1269 854 1233 538 1224 536 1224 442 1231 389 1224 387 1224 348 1231 339 1224 337 1224 336 1224 276 1224 275 1224 123 1231 82 1224 81 1224 14 1231 14 1269"/></Shape>
	    <String CONTENT="temporum, recapitulare omma in Christo, &amp; quæ in cæ¬"
                    HPOS="14"
                    VPOS="1224"
                    WIDTH="840"
                    HEIGHT="61"></String>
          </TextLine>

          
          
          <TextLine ID="eSc_line_642a8240"
                    TAGREFS="LT666"
                    BASELINE="14 1319 854 1319" 
                    HPOS="14"
                    VPOS="1272"
                    WIDTH="840"
                    HEIGHT="66">
            <Shape><Polygon POINTS="14 1319 14 1328 90 1336 92 1336 93 1336 95 1336 104 1330 109 1327 120 1330 139 1336 140 1336 142 1336 143 1336 159 1330 170 1327 406 1327 445 1333 466 1336 467 1336 469 1336 470 1336 470 1335 472 1333 480 1327 528 1335 538 1335 539 1335 546 1335 581 1327 621 1335 630 1336 632 1338 854 1338 854 1319 854 1283 810 1274 808 1274 807 1274 805 1274 794 1280 786 1274 786 1272 785 1272 783 1272 782 1272 780 1272 744 1281 740 1281 725 1281 647 1274 646 1274 644 1274 630 1280 624 1281 616 1280 594 1272 592 1272 591 1272 589 1272 588 1272 578 1278 574 1283 528 1283 506 1278 474 1272 472 1272 470 1272 469 1272 463 1277 456 1283 381 1283 370 1277 366 1272 364 1272 362 1272 361 1272 344 1275 325 1280 316 1275 308 1272 306 1272 305 1272 303 1272 294 1275 276 1281 222 1274 203 1272 201 1272 200 1272 193 1274 167 1283 59 1283 14 1272 14 1319"/></Shape>
	    <String CONTENT="lis, &amp; quæ in terra in illo· Quibus uerbis cum non dubi¬"
                    HPOS="14"
                    VPOS="1272"
                    WIDTH="840"
                    HEIGHT="66"></String>
          </TextLine>

          
          
          <TextLine ID="eSc_line_88fe610b"
                    TAGREFS="LT666"
                    BASELINE="14 1367 852 1372" 
                    HPOS="12"
                    VPOS="1321"
                    WIDTH="840"
                    HEIGHT="67">
            <Shape><Polygon POINTS="508 1321 506 1321 480 1328 472 1331 358 1331 352 1328 328 1321 326 1321 325 1321 323 1321 322 1321 312 1328 309 1330 308 1328 297 1321 295 1321 280 1321 264 1321 248 1321 239 1321 231 1328 229 1330 172 1330 170 1328 162 1321 154 1321 151 1321 137 1328 136 1328 14 1328 14 1367 12 1377 18 1381 20 1381 21 1381 23 1381 78 1377 117 1385 118 1385 120 1385 122 1385 122 1383 129 1377 154 1383 156 1383 158 1383 159 1383 189 1375 209 1385 211 1385 212 1385 251 1377 290 1386 292 1386 294 1386 352 1377 572 1388 574 1388 575 1388 577 1388 592 1378 683 1378 735 1378 746 1388 747 1388 749 1388 750 1388 851 1378 852 1372 849 1330 768 1331 760 1328 744 1324 743 1324 741 1324 705 1328 685 1331 674 1328 655 1324 653 1324 652 1324 650 1324 636 1328 628 1331 596 1328 510 1321 508 1321"/></Shape>
	    <String CONTENT="tcm Paulumuoluiße dicerc: Propoſuiſſe Deum, utique ex"
                    HPOS="12"
                    VPOS="1321"
                    WIDTH="840"
                    HEIGHT="67"></String>
          </TextLine>

          
          
          <TextLine ID="eSc_line_5307c558"
                    TAGREFS="LT666"
                    BASELINE="15 1419 854 1422" 
                    HPOS="14"
                    VPOS="1369"
                    WIDTH="840"
                    HEIGHT="67">
            <Shape><Polygon POINTS="797 1372 791 1372 779 1381 777 1383 757 1383 757 1381 746 1372 735 1372 733 1372 710 1380 663 1372 657 1372 646 1372 635 1381 633 1383 497 1383 494 1380 475 1371 474 1371 469 1371 453 1371 438 1371 422 1371 417 1371 406 1380 405 1381 361 1381 359 1380 348 1371 344 1371 336 1371 294 1380 289 1380 287 1380 264 1369 262 1369 261 1369 259 1369 239 1378 236 1380 233 1378 204 1369 203 1369 187 1369 172 1369 162 1369 161 1369 159 1369 158 1369 145 1378 143 1380 140 1378 114 1369 112 1369 111 1369 109 1369 107 1369 93 1378 90 1378 45 1369 43 1369 42 1369 15 1377 15 1419 14 1432 168 1427 197 1435 198 1435 200 1435 201 1435 203 1435 204 1435 234 1427 255 1435 256 1435 258 1435 259 1435 287 1427 325 1435 326 1435 328 1435 330 1435 362 1427 386 1435 387 1435 389 1435 425 1427 452 1436 455 1436 456 1436 458 1436 459 1436 461 1436 472 1428 519 1436 525 1436 527 1436 538 1436 611 1428 851 1436 854 1422 852 1383 805 1372 797 1372"/></Shape>
	    <String CONTENT="ſingulari dignatione ſua, id eſt, κατα τήμἐυδοκίαμ"
                    HPOS="14"
                    VPOS="1369"
                    WIDTH="840"
                    HEIGHT="67"></String>
          </TextLine>

          
          
          <TextLine ID="eSc_line_9ba424c6"
                    TAGREFS="LT666"
                    BASELINE="14 1469 852 1469" 
                    HPOS="14"
                    VPOS="1422"
                    WIDTH="838"
                    HEIGHT="63">
            <Shape><Polygon POINTS="763 1422 761 1422 760 1422 749 1430 721 1422 719 1422 718 1422 716 1422 714 1422 702 1430 414 1422 413 1422 411 1422 384 1430 333 1422 331 1422 330 1422 328 1422 328 1424 320 1432 265 1432 245 1422 244 1422 242 1422 203 1430 190 1422 189 1422 187 1422 100 1422 98 1422 54 1430 25 1422 23 1422 21 1422 20 1422 18 1422 18 1424 14 1428 14 1469 14 1475 35 1485 37 1485 39 1485 78 1477 109 1485 111 1485 112 1485 114 1485 147 1477 320 1477 353 1485 355 1485 356 1485 358 1485 378 1477 405 1485 406 1485 408 1485 445 1477 524 1485 525 1485 852 1475 852 1469 852 1432 765 1422 763 1422"/></Shape>
	    <String CONTENT="ἀυτοῦ, ut dum iuxta diſpenſationcm ſuam, plenitudotem"
                    HPOS="14"
                    VPOS="1422"
                    WIDTH="838"
                    HEIGHT="63"></String>
          </TextLine>

          
          
          <TextLine ID="eSc_line_03185e24"
                    TAGREFS="LT666"
                    BASELINE="17 1517 852 1522" 
                    HPOS="15"
                    VPOS="1471"
                    WIDTH="837"
                    HEIGHT="86">
            <Shape><Polygon POINTS="472 1471 470 1471 469 1471 447 1477 431 1480 417 1475 402 1471 400 1471 392 1471 377 1471 361 1471 345 1471 330 1471 314 1471 311 1471 309 1471 308 1471 306 1471 306 1472 303 1475 297 1480 234 1480 229 1474 225 1471 220 1471 212 1471 200 1474 178 1478 156 1474 147 1471 142 1471 132 1471 131 1472 123 1478 17 1472 17 1517 15 1550 106 1552 107 1552 118 1550 176 1539 212 1550 220 1552 222 1552 295 1553 297 1553 298 1553 309 1549 323 1543 333 1549 339 1553 341 1553 342 1553 344 1553 345 1553 362 1549 386 1543 413 1549 427 1550 428 1550 430 1550 436 1547 461 1538 480 1547 486 1550 488 1550 489 1550 524 1547 558 1544 563 1547 571 1553 571 1555 572 1555 574 1555 575 1557 613 1557 613 1555 614 1555 616 1555 627 1547 635 1541 643 1546 649 1550 650 1550 652 1550 653 1550 678 1546 699 1543 708 1546 719 1550 721 1550 722 1550 724 1550 725 1550 732 1546 743 1539 849 1544 852 1522 849 1482 790 1482 785 1480 766 1472 765 1472 763 1472 647 1478 588 1482 581 1478 577 1474 575 1474 574 1474 572 1474 527 1477 489 1480 484 1477 475 1471 474 1471"/></Shape>
	    <String CONTENT="porum, hoc eſt, prædefinitũ ad hoc tempus adueniſſet, cun"
                    HPOS="15"
                    VPOS="1471"
                    WIDTH="837"
                    HEIGHT="86"></String>
          </TextLine>

          
        </TextBlock>
        
        <TextBlock HPOS="815"
                   VPOS="122"
                   WIDTH="62"
                   HEIGHT="42"
                   ID="eSc_textblock_722dbe06"
                   TAGREFS="BT1721">
          <Shape><Polygon POINTS="877 125 877 164 815 164 815 122"/></Shape>
          
          
          <TextLine ID="eSc_line_e380142b"
                    TAGREFS="LT666"
                    BASELINE="820 153 868 153" 
                    HPOS="819"
                    VPOS="123"
                    WIDTH="47"
                    HEIGHT="52">
            <Shape><Polygon POINTS="835 123 819 123 819 151 819 167 865 175 866 151 865 123 851 123"/></Shape>
	    <String CONTENT="38"
                    HPOS="819"
                    VPOS="123"
                    WIDTH="47"
                    HEIGHT="52"></String>
          </TextLine>

          
        </TextBlock>
        
        <TextBlock HPOS="699"
                   VPOS="1540"
                   WIDTH="162"
                   HEIGHT="40"
                   ID="eSc_textblock_5fc1833f"
                   TAGREFS="BT1723">
          <Shape><Polygon POINTS="846 1580 722 1578 699 1540 861 1540"/></Shape>
          
          
          <TextLine ID="eSc_line_42637577"
                    TAGREFS="LT666"
                    BASELINE="724 1571 841 1566" 
                    HPOS="721"
                    VPOS="1522"
                    WIDTH="120"
                    HEIGHT="75">
            <Shape><Polygon POINTS="768 1522 752 1522 750 1522 721 1532 724 1571 724 1585 790 1597 791 1597 793 1597 841 1583 841 1566 838 1528 775 1522 768 1522"/></Shape>
	    <String CONTENT="cta per"
                    HPOS="721"
                    VPOS="1522"
                    WIDTH="120"
                    HEIGHT="75"></String>
          </TextLine>

          
        </TextBlock>
        

        
      </PrintSpace>
    </Page>
  </Layout>
</alto>
