<?xml version="1.0" encoding="UTF-8"?>
<alto xmlns:xsi="http://www.w3.org/2001/XMLSchema-instance"
      xmlns="http://www.loc.gov/standards/alto/ns-v4#"
      xsi:schemaLocation="http://www.loc.gov/standards/alto/ns-v4# http://www.loc.gov/standards/alto/v4/alto-4-2.xsd">
  <Description>
    <MeasurementUnit>pixel</MeasurementUnit>
    <sourceImageInformation>
      <fileName>90_fee98_default.jpg</fileName>
      
    </sourceImageInformation>
  </Description>
  
  <Tags>
    <OtherTag ID="BT1717" LABEL="GraphicZone" DESCRIPTION="block type GraphicZone"/><OtherTag ID="BT1718" LABEL="MainZone" DESCRIPTION="block type MainZone"/><OtherTag ID="BT1719" LABEL="MarginTextZone" DESCRIPTION="block type MarginTextZone"/><OtherTag ID="BT1721" LABEL="NumberingZone" DESCRIPTION="block type NumberingZone"/><OtherTag ID="BT1722" LABEL="RunningTitleZone" DESCRIPTION="block type RunningTitleZone"/><OtherTag ID="BT1723" LABEL="QuireMarksZone" DESCRIPTION="block type QuireMarksZone"/>
    <OtherTag ID="LT665" LABEL="CustomLine : BiblicalText" DESCRIPTION="line type CustomLine : BiblicalText"/><OtherTag ID="LT666" LABEL="DefaultLine" DESCRIPTION="line type DefaultLine"/><OtherTag ID="LT667" LABEL="HeadingLine" DESCRIPTION="line type HeadingLine"/>
  </Tags>
  
  <Layout>
    <Page WIDTH="1128"
          HEIGHT="1876"
          PHYSICAL_IMG_NR="4"
          ID="eSc_dummypage_">
      <PrintSpace HPOS="0"
                  VPOS="0"
                  WIDTH="1128"
                  HEIGHT="1876">
        
        <TextBlock HPOS="100"
                   VPOS="143"
                   WIDTH="692"
                   HEIGHT="130"
                   ID="eSc_textblock_a8ba5e1d"
                   TAGREFS="BT1722">
          <Shape><Polygon POINTS="244 273 206 225 255 211 100 198 106 150 386 143 792 143 792 194 724 204 722 248 697 267"/></Shape>
          
          
          <TextLine ID="eSc_line_ef74442d"
                    TAGREFS="LT667"
                    BASELINE="101 193 796 182" 
                    HPOS="100"
                    VPOS="140"
                    WIDTH="694"
                    HEIGHT="71">
            <Shape><Polygon POINTS="771 143 755 143 740 143 724 143 708 143 693 143 677 143 661 143 646 143 630 143 614 143 599 143 583 143 567 143 552 143 536 143 520 143 505 143 489 143 474 143 458 143 442 143 427 143 411 143 395 143 380 143 364 143 348 143 333 143 320 143 314 143 301 145 286 145 276 145 240 145 239 146 234 146 111 150 101 165 100 192 100 200 165 211 167 211 220 200 284 211 286 211 287 211 289 211 289 209 298 200 317 209 319 209 320 209 411 196 413 196 414 196 470 207 472 207 474 207 503 195 505 195 538 206 539 206 541 206 542 206 544 206 558 195 693 204 694 204 794 190 794 181 791 142 786 140 786 143"/></Shape>
	    <String CONTENT="M. BVCERI COMMENTARIVS."
                    HPOS="100"
                    VPOS="140"
                    WIDTH="694"
                    HEIGHT="71"></String>
          </TextLine>

          
          
          <TextLine ID="eSc_line_1f67fcb4"
                    TAGREFS="LT667"
                    BASELINE="226 257 702 251" 
                    HPOS="226"
                    VPOS="198"
                    WIDTH="476"
                    HEIGHT="67">
            <Shape><Polygon POINTS="226 245 226 257 226 265 702 264 702 251 697 207 649 211 638 207 602 198 600 198 599 198 522 209 494 200 492 200 491 200 489 200 488 200 488 201 477 212 475 212 474 212 434 201 433 201 431 201 430 201 428 201 428 203 417 212 416 215 389 215 387 214 377 204 377 203 375 203 373 203 372 203 370 203 344 214 342 215 341 214 328 203 326 203 325 203 323 203 283 211 270 203 269 203 267 203 265 203 264 203 240 212 240 214"/></Shape>
	    <String CONTENT="CAPVT SECVNDVM."
                    HPOS="226"
                    VPOS="198"
                    WIDTH="476"
                    HEIGHT="67"></String>
          </TextLine>

          
        </TextBlock>
        
        <TextBlock HPOS="175"
                   VPOS="306"
                   WIDTH="583"
                   HEIGHT="133"
                   ID="eSc_textblock_e62865dd"
                   TAGREFS="BT1718">
          <Shape><Polygon POINTS="367 405 336 392 175 386 175 312 231 306 747 318 758 379 630 392 610 412 563 438 397 439"/></Shape>
          
          
          <TextLine ID="eSc_line_1f9f6dd0"
                    TAGREFS="LT665"
                    BASELINE="175 372 755 365" 
                    HPOS="175"
                    VPOS="315"
                    WIDTH="580"
                    HEIGHT="68">
            <Shape><Polygon POINTS="736 318 732 317 721 317 711 317 657 323 608 315 607 315 502 326 483 317 481 317 480 317 431 326 367 320 366 320 320 329 316 329 311 329 240 320 239 320 184 329 175 372 175 383 755 378 755 365 754 359 752 350"/></Shape>
	    <String CONTENT="Et uos cum mortui eratis"
                    HPOS="175"
                    VPOS="315"
                    WIDTH="580"
                    HEIGHT="68"></String>
          </TextLine>

          
          
          <TextLine ID="eSc_line_4cf54186"
                    TAGREFS="LT665"
                    BASELINE="380 429 567 433" 
                    HPOS="378"
                    VPOS="368"
                    WIDTH="189"
                    HEIGHT="82">
            <Shape><Polygon POINTS="442 370 433 370 380 381 380 429 378 436 564 450 567 433 567 390 541 390 539 389 519 372 517 372 516 372 514 372 513 372 511 372 511 373 503 379 459 368 458 370"/></Shape>
	    <String CONTENT="delictis."
                    HPOS="378"
                    VPOS="368"
                    WIDTH="189"
                    HEIGHT="82"></String>
          </TextLine>

          
        </TextBlock>
        
        <TextBlock HPOS="50"
                   VPOS="459"
                   WIDTH="864"
                   HEIGHT="1107"
                   ID="eSc_textblock_36a86341"
                   TAGREFS="BT1718">
          <Shape><Polygon POINTS="896 673 899 673 899 1136 908 1136 914 1553 766 1553 766 1566 758 1561 68 1561 50 625 62 620 158 620 158 459 890 459"/></Shape>
          
          
          <TextLine ID="eSc_line_6ac5b910"
                    TAGREFS="LT666"
                    BASELINE="157 508 883 494" 
                    HPOS="154"
                    VPOS="459"
                    WIDTH="728"
                    HEIGHT="66">
            <Shape><Polygon POINTS="858 459 843 459 827 459 811 459 796 459 780 459 765 459 749 459 733 459 718 459 702 459 686 459 671 459 655 459 639 459 624 459 608 459 592 459 577 459 561 459 546 459 530 459 514 459 499 459 483 459 467 459 452 459 436 459 420 459 405 459 389 459 373 459 358 459 342 459 326 459 311 459 295 459 280 459 273 459 154 459 156 506 156 514 234 523 236 525 236 523 336 512 341 512 345 512 395 520 397 520 541 517 542 517 544 517 556 509 560 508 575 509 613 514 614 514 658 508 677 506 685 508 704 514 705 514 707 514 708 514 710 514 721 508 725 504 736 508 755 512 757 512 758 512 882 504 882 492 877 459 874 459"/></Shape>
	    <String CONTENT="Tagnoſcerent Epheſij, quid ex uocatione ſua ſibi"
                    HPOS="154"
                    VPOS="459"
                    WIDTH="728"
                    HEIGHT="66"></String>
          </TextLine>

          
          
          <TextLine ID="eSc_line_b5c4c981"
                    TAGREFS="LT666"
                    BASELINE="157 559 883 544" 
                    HPOS="154"
                    VPOS="498"
                    WIDTH="728"
                    HEIGHT="77">
            <Shape><Polygon POINTS="156 558 156 575 228 564 362 570 366 570 367 570 369 570 370 570 370 569 372 569 378 561 441 569 444 569 445 569 450 569 519 558 580 565 585 565 586 565 592 565 663 554 686 562 688 562 689 562 882 558 882 542 877 503 743 506 732 504 711 498 710 498 708 498 707 498 689 504 685 506 680 504 666 498 664 498 663 498 611 504 567 511 555 506 546 501 544 501 542 501 541 501 531 506 520 512 444 514 395 508 372 504 370 504 348 508 297 517 247 509 244 509 242 509 240 509 239 509 223 519 154 511 156 558"/></Shape>
	    <String CONTENT="fperandum eſſet, quantaq́; per Chriſtum gratia"
                    HPOS="154"
                    VPOS="498"
                    WIDTH="728"
                    HEIGHT="77"></String>
          </TextLine>

          
          
          <TextLine ID="eSc_line_423047b3"
                    TAGREFS="LT666"
                    BASELINE="157 605 882 594" 
                    HPOS="154"
                    VPOS="553"
                    WIDTH="726"
                    HEIGHT="61">
            <Shape><Polygon POINTS="156 603 156 614 880 608 880 592 877 556 575 553 574 553 572 553 571 553 571 554 569 554 564 561 560 561 495 554 494 554 364 564 358 564 355 564 258 558 256 558 154 567 156 603"/></Shape>
	    <String CONTENT="contigiſſet, monet eos Apoſtolus, cum peccatis mor"
                    HPOS="154"
                    VPOS="553"
                    WIDTH="726"
                    HEIGHT="61"></String>
          </TextLine>

          
          
          <TextLine ID="eSc_line_c2ff6437"
                    TAGREFS="LT666"
                    BASELINE="53 656 882 642" 
                    HPOS="51"
                    VPOS="601"
                    WIDTH="831"
                    HEIGHT="69">
            <Shape><Polygon POINTS="67 617 51 623 53 656 53 670 517 658 594 664 597 664 599 664 600 664 621 656 663 662 664 662 666 662 700 655 879 659 882 642 879 601 549 601 547 601 500 609 483 611 472 609 442 603 441 603 394 611 381 612 373 611 347 605 345 605 344 605 258 614 233 615 215 614 143 608 142 608 68 615 67 617"/></Shape>
	    <String CONTENT="tui fuiſſent, &amp; hinc à familia Dei alieni, ex mera gratia,"
                    HPOS="51"
                    VPOS="601"
                    WIDTH="831"
                    HEIGHT="69"></String>
          </TextLine>

          
          
          <TextLine ID="eSc_line_8dd95690"
                    TAGREFS="LT666"
                    BASELINE="57 706 883 694" 
                    HPOS="56"
                    VPOS="648"
                    WIDTH="827"
                    HEIGHT="69">
            <Shape><Polygon POINTS="57 706 57 717 883 706 883 694 880 658 740 648 738 648 736 648 718 658 704 648 702 648 700 648 699 648 697 648 678 658 655 650 653 650 652 650 650 650 649 650 636 659 588 651 586 651 585 651 583 651 567 662 520 662 511 653 511 651 510 651 508 651 469 651 467 651 373 662 358 655 356 655 355 655 353 655 352 655 342 664 314 655 312 655 311 655 309 655 292 664 278 655 276 655 275 655 273 655 272 655 270 655 253 665 225 658 223 658 222 658 220 658 219 658 208 667 136 667 115 658 114 658 112 658 111 658 109 658 109 659 100 669 56 669 57 706"/></Shape>
	    <String CONTENT="&amp; bencuolentia Dei, Christiq́; merito, inuitam beatam,"
                    HPOS="56"
                    VPOS="648"
                    WIDTH="827"
                    HEIGHT="69"></String>
          </TextLine>

          
          
          <TextLine ID="eSc_line_3ca32383"
                    TAGREFS="LT666"
                    BASELINE="57 756 851 744 887 737" 
                    HPOS="54"
                    VPOS="701"
                    WIDTH="831"
                    HEIGHT="65">
            <Shape><Polygon POINTS="56 755 56 766 885 758 885 736 879 703 603 709 597 708 563 701 561 701 488 711 483 711 481 711 459 703 458 703 456 703 455 703 453 703 441 712 438 712 420 712 259 706 258 706 256 706 255 706 239 716 186 708 184 708 183 708 181 708 172 716 68 711 67 711 65 711 64 711 54 716 56 755"/></Shape>
	    <String CONTENT="&amp; municipatum ſanctorum eſſe aſſertos. Cum mortui in"
                    HPOS="54"
                    VPOS="701"
                    WIDTH="831"
                    HEIGHT="65"></String>
          </TextLine>

          
          
          <TextLine ID="eSc_line_70bed51c"
                    TAGREFS="LT666"
                    BASELINE="59 803 865 794 887 787" 
                    HPOS="56"
                    VPOS="756"
                    WIDTH="829"
                    HEIGHT="64">
            <Shape><Polygon POINTS="57 801 57 820 96 812 156 819 159 819 161 819 164 819 208 811 264 817 272 817 273 817 883 805 885 786 879 756 201 756 200 756 198 756 170 766 170 767 56 767 57 801"/></Shape>
	    <String CONTENT="quit, eratis deliclis &amp; peccatis, nihil ſcilicet uitæ piæ, quæ¬"
                    HPOS="56"
                    VPOS="756"
                    WIDTH="829"
                    HEIGHT="64"></String>
          </TextLine>

          
          
          <TextLine ID="eSc_line_dd924c4e"
                    TAGREFS="LT666"
                    BASELINE="59 856 890 842" 
                    HPOS="57"
                    VPOS="797"
                    WIDTH="833"
                    HEIGHT="73">
            <Shape><Polygon POINTS="59 856 59 870 890 856 890 842 888 806 865 797 863 797 862 797 860 797 858 797 849 805 807 798 805 798 804 798 802 798 791 808 716 808 707 798 705 798 704 798 702 798 700 798 699 798 688 808 671 800 669 800 668 800 610 809 608 809 539 801 538 801 536 801 505 811 428 803 427 803 425 803 400 812 397 812 276 806 275 806 273 806 272 806 259 814 244 806 242 806 240 806 239 806 209 816 208 816 206 816 150 808 148 808 57 817 59 856"/></Shape>
	    <String CONTENT="ſola uita recte dicitur, et perpetuò durat, habentes·Vnde"
                    HPOS="57"
                    VPOS="797"
                    WIDTH="833"
                    HEIGHT="73"></String>
          </TextLine>

          
          
          <TextLine ID="eSc_line_e832c6ec"
                    TAGREFS="LT666"
                    BASELINE="59 906 891 892" 
                    HPOS="57"
                    VPOS="847"
                    WIDTH="834"
                    HEIGHT="76">
            <Shape><Polygon POINTS="59 906 59 917 68 923 70 923 71 923 73 923 242 912 292 920 294 920 295 920 336 911 372 919 373 919 430 909 519 917 520 917 522 917 555 908 796 912 797 912 799 912 801 912 811 902 891 900 891 892 890 855 877 847 876 847 874 847 872 847 871 847 844 855 765 848 763 848 761 848 760 848 760 850 752 856 685 850 683 850 682 850 680 850 680 852 672 858 621 850 619 850 617 850 599 859 488 853 486 853 484 853 459 861 431 853 430 853 428 853 427 853 405 862 341 855 339 855 337 855 336 855 323 864 312 856 311 856 309 856 308 856 306 856 280 864 214 858 212 858 211 858 209 858 209 859 201 866 87 859 86 859 84 859 57 869 59 906"/></Shape>
	    <String CONTENT="explicans hanc mortem ilico ſubiecit: In quibus aliquando"
                    HPOS="57"
                    VPOS="847"
                    WIDTH="834"
                    HEIGHT="76"></String>
          </TextLine>

          
          
          <TextLine ID="eSc_line_ba2a5c2d"
                    TAGREFS="LT666"
                    BASELINE="59 956 894 941" 
                    HPOS="57"
                    VPOS="895"
                    WIDTH="837"
                    HEIGHT="80">
            <Shape><Polygon POINTS="59 956 59 970 389 975 391 975 627 970 702 959 704 959 754 967 755 967 757 967 777 958 797 967 799 967 801 967 802 967 804 967 804 966 815 956 816 956 819 956 855 964 857 964 858 964 894 955 894 941 890 895 635 908 594 903 560 900 558 900 556 900 547 905 536 911 475 911 459 908 438 903 436 903 248 906 247 906 225 914 222 916 214 916 150 908 148 908 96 917 86 909 84 909 82 909 81 909 79 909 57 919 59 956"/></Shape>
	    <String CONTENT="ambulastis, id eſt, uixiſtis, tropo ſcripturæ uulgari, iuxtà"
                    HPOS="57"
                    VPOS="895"
                    WIDTH="837"
                    HEIGHT="80"></String>
          </TextLine>

          
          
          <TextLine ID="eSc_line_7d2808e1"
                    TAGREFS="LT666"
                    BASELINE="62 1005 851 994 891 987" 
                    HPOS="59"
                    VPOS="952"
                    WIDTH="831"
                    HEIGHT="70">
            <Shape><Polygon POINTS="61 1003 62 1022 103 1013 186 1019 187 1019 189 1019 190 1019 190 1017 198 1009 283 1009 372 1017 386 1017 387 1017 395 1016 433 1009 530 1014 552 1014 553 1014 555 1014 556 1014 556 1013 564 1006 589 1013 596 1014 597 1014 599 1014 611 1013 647 1005 666 1011 671 1013 672 1013 674 1013 686 1011 730 1003 888 1006 890 986 883 952 59 964 61 1003"/></Shape>
	    <String CONTENT="ſæculum mundi huius, quod quia pro ratione uiuendi qua¬"
                    HPOS="59"
                    VPOS="952"
                    WIDTH="831"
                    HEIGHT="70"></String>
          </TextLine>

          
          
          <TextLine ID="eSc_line_83ed880f"
                    TAGREFS="LT666"
                    BASELINE="64 1056 844 1044 891 1037" 
                    HPOS="61"
                    VPOS="998"
                    WIDTH="829"
                    HEIGHT="65">
            <Shape><Polygon POINTS="62 1055 62 1063 890 1058 890 1036 883 1006 780 1008 775 1006 749 998 747 998 746 998 744 998 727 1008 722 1009 704 1008 632 1000 630 1000 628 1000 627 1000 616 1009 611 1011 583 1009 483 1003 481 1003 447 1011 433 1014 409 1013 345 1005 344 1005 342 1005 341 1005 341 1006 339 1006 334 1013 331 1016 323 1013 298 1006 297 1006 295 1006 294 1006 292 1006 292 1008 286 1014 283 1016 251 1014 156 1008 154 1008 153 1008 131 1016 126 1017 120 1016 103 1009 101 1009 100 1009 61 1016 62 1055"/></Shape>
	    <String CONTENT="uiuere hic mundus ſolet, poſitum non dubito, ſic quoque"
                    HPOS="61"
                    VPOS="998"
                    WIDTH="829"
                    HEIGHT="65"></String>
          </TextLine>

          
          
          <TextLine ID="eSc_line_9bd65cc3"
                    TAGREFS="LT666"
                    BASELINE="65 1105 849 1094 891 1089" 
                    HPOS="62"
                    VPOS="1047"
                    WIDTH="828"
                    HEIGHT="69">
            <Shape><Polygon POINTS="64 1103 64 1116 890 1100 890 1088 888 1055 874 1047 872 1047 871 1047 869 1047 868 1047 866 1047 857 1056 788 1056 750 1047 749 1047 747 1047 746 1047 719 1058 696 1048 694 1048 693 1048 628 1058 596 1050 594 1050 592 1050 591 1050 589 1050 574 1059 531 1050 530 1050 528 1050 527 1050 527 1052 517 1059 489 1053 488 1053 449 1061 391 1052 389 1052 280 1064 198 1055 197 1055 137 1066 106 1056 104 1056 103 1056 101 1056 62 1067 64 1103"/></Shape>
	    <String CONTENT="malui reddere· Voluit forte Paulus per ἀιῶνα hic expri¬"
                    HPOS="62"
                    VPOS="1047"
                    WIDTH="828"
                    HEIGHT="69"></String>
          </TextLine>

          
          
          <TextLine ID="eSc_line_2c4a89ca"
                    TAGREFS="LT666"
                    BASELINE="65 1155 899 1142" 
                    HPOS="64"
                    VPOS="1106"
                    WIDTH="835"
                    HEIGHT="60">
            <Shape><Polygon POINTS="65 1155 65 1166 899 1158 899 1142 896 1106 272 1106 270 1106 164 1116 84 1109 82 1109 81 1109 64 1116 65 1155"/></Shape>
	    <String CONTENT="mere quod Ebræ· חרל dicitur, &amp; tempus uitæ præſen¬"
                    HPOS="64"
                    VPOS="1106"
                    WIDTH="835"
                    HEIGHT="60"></String>
          </TextLine>

          
          
          <TextLine ID="eSc_line_b7b10ffd"
                    TAGREFS="LT666"
                    BASELINE="65 1203 898 1191" 
                    HPOS="64"
                    VPOS="1149"
                    WIDTH="834"
                    HEIGHT="73">
            <Shape><Polygon POINTS="65 1203 67 1222 86 1214 156 1220 158 1220 159 1220 161 1220 162 1220 162 1219 170 1213 367 1217 373 1217 375 1217 377 1217 392 1210 682 1213 685 1213 686 1213 688 1213 799 1203 894 1210 898 1191 894 1158 713 1149 711 1149 710 1149 672 1159 569 1152 567 1152 458 1163 456 1163 455 1163 375 1153 373 1153 372 1153 344 1164 292 1155 290 1155 289 1155 256 1164 179 1156 178 1156 176 1156 175 1156 162 1167 161 1167 158 1167 92 1158 90 1158 89 1158 64 1167 65 1203"/></Shape>
	    <String CONTENT="tis ſignificat, ut ex Pſalm·39·uerſu 5·&amp; Ieſcha·38·uer·"
                    HPOS="64"
                    VPOS="1149"
                    WIDTH="834"
                    HEIGHT="73"></String>
          </TextLine>

          
          
          <TextLine ID="eSc_line_da5fd2f2"
                    TAGREFS="LT666"
                    BASELINE="68 1252 901 1242" 
                    HPOS="67"
                    VPOS="1199"
                    WIDTH="834"
                    HEIGHT="70">
            <Shape><Polygon POINTS="68 1252 68 1261 168 1269 170 1269 206 1261 208 1261 214 1261 330 1267 331 1267 333 1267 334 1267 347 1260 348 1260 361 1260 481 1266 483 1266 484 1266 505 1258 508 1258 525 1258 621 1264 622 1264 624 1264 639 1258 643 1256 901 1256 901 1242 896 1203 858 1208 851 1203 843 1199 841 1199 840 1199 838 1199 837 1199 818 1203 805 1208 793 1205 775 1199 774 1199 772 1199 771 1199 754 1205 741 1210 719 1206 686 1200 685 1200 683 1200 669 1206 663 1210 653 1206 628 1200 627 1200 625 1200 624 1200 622 1200 611 1208 605 1213 561 1213 556 1210 549 1202 547 1202 546 1202 544 1202 542 1202 541 1202 533 1210 530 1211 524 1210 492 1203 491 1203 489 1203 488 1203 477 1211 475 1211 472 1211 439 1203 438 1203 436 1203 411 1211 408 1213 408 1211 397 1203 395 1203 394 1203 344 1203 342 1203 179 1216 175 1216 173 1216 125 1206 123 1206 67 1217 68 1252"/></Shape>
	    <String CONTENT="21·liquet, ut intellexerit per uiuere ſecundum ſæculum"
                    HPOS="67"
                    VPOS="1199"
                    WIDTH="834"
                    HEIGHT="70"></String>
          </TextLine>

          
          
          <TextLine ID="eSc_line_6f847e73"
                    TAGREFS="LT666"
                    BASELINE="70 1305 899 1294" 
                    HPOS="68"
                    VPOS="1247"
                    WIDTH="831"
                    HEIGHT="66">
            <Shape><Polygon POINTS="70 1305 70 1313 899 1308 899 1294 896 1256 791 1247 790 1247 788 1247 768 1256 716 1249 714 1249 655 1258 441 1252 439 1252 438 1252 416 1261 334 1253 333 1253 198 1263 190 1256 190 1255 189 1255 187 1255 186 1255 68 1266 70 1305"/></Shape>
	    <String CONTENT="mundi huius, uiuere pro cupiditate uitæ preſentis ſæculi,"
                    HPOS="68"
                    VPOS="1247"
                    WIDTH="831"
                    HEIGHT="66"></String>
          </TextLine>

          
          
          <TextLine ID="eSc_line_af0725da"
                    TAGREFS="LT666"
                    BASELINE="75 1356 904 1341" 
                    HPOS="73"
                    VPOS="1302"
                    WIDTH="831"
                    HEIGHT="70">
            <Shape><Polygon POINTS="75 1356 75 1364 158 1363 162 1363 190 1372 192 1372 193 1372 195 1372 197 1372 197 1371 198 1371 204 1363 228 1369 229 1369 231 1369 233 1369 250 1361 253 1361 256 1361 289 1371 290 1371 292 1371 294 1371 295 1371 308 1361 308 1360 480 1358 505 1366 506 1366 508 1366 510 1366 511 1366 527 1356 528 1356 571 1366 572 1366 644 1355 655 1353 664 1353 736 1363 738 1363 902 1349 904 1341 899 1302 73 1314 75 1356"/></Shape>
	    <String CONTENT="&amp; temporis quo in hoc mundo agimus·Qua ſané cupidi"
                    HPOS="73"
                    VPOS="1302"
                    WIDTH="831"
                    HEIGHT="70"></String>
          </TextLine>

          
          
          <TextLine ID="eSc_line_5270ddd3"
                    TAGREFS="LT666"
                    BASELINE="70 1405 899 1394" 
                    HPOS="68"
                    VPOS="1352"
                    WIDTH="831"
                    HEIGHT="64">
            <Shape><Polygon POINTS="70 1405 70 1416 661 1416 661 1414 686 1413 782 1405 896 1411 899 1394 896 1352 621 1352 619 1352 571 1358 539 1361 508 1360 433 1353 431 1353 430 1353 409 1361 403 1363 394 1361 353 1355 352 1355 311 1363 301 1364 287 1364 203 1356 201 1356 68 1367 70 1405"/></Shape>
	    <String CONTENT="tate, quiſq; ſua tantum quærit, &amp; adopes, dignilatesq́;"
                    HPOS="68"
                    VPOS="1352"
                    WIDTH="831"
                    HEIGHT="64"></String>
          </TextLine>

          
          
          <TextLine ID="eSc_line_336822ca"
                    TAGREFS="LT666"
                    BASELINE="71 1453 905 1442" 
                    HPOS="70"
                    VPOS="1397"
                    WIDTH="835"
                    HEIGHT="66">
            <Shape><Polygon POINTS="71 1453 71 1463 904 1452 905 1442 902 1408 840 1408 819 1397 818 1397 816 1397 815 1397 813 1397 804 1407 786 1397 785 1397 783 1397 782 1397 738 1408 714 1399 713 1399 711 1399 594 1410 494 1402 492 1402 491 1402 489 1402 478 1411 441 1402 439 1402 438 1402 436 1402 409 1413 308 1403 306 1403 305 1403 273 1416 208 1416 192 1405 190 1405 189 1405 187 1405 186 1405 184 1405 184 1407 183 1407 175 1416 150 1407 148 1407 147 1407 145 1407 107 1416 92 1407 90 1407 89 1407 87 1407 86 1407 84 1407 70 1414 71 1453"/></Shape>
	    <String CONTENT="et uoluptates eluctatur, ſiue id cum commodo, ſiue incom"
                    HPOS="70"
                    VPOS="1397"
                    WIDTH="835"
                    HEIGHT="66"></String>
          </TextLine>

          
          
          <TextLine ID="eSc_line_4929e43b"
                    TAGREFS="LT666"
                    BASELINE="73 1503 908 1492" 
                    HPOS="71"
                    VPOS="1447"
                    WIDTH="837"
                    HEIGHT="70">
            <Shape><Polygon POINTS="73 1503 73 1517 780 1511 782 1511 813 1503 905 1510 908 1492 904 1447 760 1458 710 1452 685 1449 683 1449 682 1449 680 1449 675 1452 666 1461 572 1461 563 1455 552 1450 550 1450 549 1450 547 1450 522 1457 503 1461 499 1458 491 1452 489 1452 488 1452 486 1452 450 1458 428 1463 417 1460 398 1453 397 1453 395 1453 394 1453 362 1461 353 1463 341 1461 286 1455 284 1455 283 1455 281 1455 281 1457 273 1463 272 1464 270 1464 240 1455 239 1455 237 1455 236 1455 234 1455 234 1457 225 1464 195 1457 193 1457 192 1457 190 1457 168 1466 167 1466 93 1457 92 1457 90 1457 71 1466 73 1503"/></Shape>
	    <String CONTENT="modo proximi fiat, ſiue modus ſeructur, ſiue minus, imò"
                    HPOS="71"
                    VPOS="1447"
                    WIDTH="837"
                    HEIGHT="70"></String>
          </TextLine>

          
          
          <TextLine ID="eSc_line_064b1374"
                    TAGREFS="LT666"
                    BASELINE="71 1555 908 1543" 
                    HPOS="70"
                    VPOS="1502"
                    WIDTH="838"
                    HEIGHT="84">
            <Shape><Polygon POINTS="71 1572 129 1572 131 1572 145 1585 147 1585 148 1585 150 1586 175 1586 175 1585 176 1585 223 1571 226 1571 228 1571 276 1585 278 1585 280 1585 403 1568 411 1568 413 1568 439 1582 441 1582 442 1582 444 1582 478 1572 489 1580 491 1580 492 1580 494 1582 594 1582 594 1580 596 1580 597 1580 597 1578 613 1566 655 1577 657 1577 658 1578 758 1578 758 1577 760 1577 790 1563 790 1561 908 1560 908 1543 905 1502 517 1502 516 1502 444 1510 442 1510 441 1510 416 1503 414 1503 413 1503 362 1511 361 1511 359 1511 280 1505 278 1505 151 1514 87 1508 86 1508 84 1508 70 1514 71 1555"/></Shape>
	    <String CONTENT="nunquam abſque iniuria proximi, &amp; cum modo decenti."
                    HPOS="70"
                    VPOS="1502"
                    WIDTH="838"
                    HEIGHT="84"></String>
          </TextLine>

          
        </TextBlock>
        
        <TextBlock HPOS="824"
                   VPOS="145"
                   WIDTH="66"
                   HEIGHT="44"
                   ID="eSc_textblock_37d401fb"
                   TAGREFS="BT1721">
          <Shape><Polygon POINTS="877 150 890 179 824 189 824 145"/></Shape>
          
          
          <TextLine ID="eSc_line_8eadce66"
                    TAGREFS="LT666"
                    BASELINE="829 182 879 181" 
                    HPOS="826"
                    VPOS="140"
                    WIDTH="51"
                    HEIGHT="58">
            <Shape><Polygon POINTS="827 193 876 198 877 179 872 140 826 143 827 181"/></Shape>
	    <String CONTENT="40"
                    HPOS="826"
                    VPOS="140"
                    WIDTH="51"
                    HEIGHT="58"></String>
          </TextLine>

          
        </TextBlock>
        
        <TextBlock HPOS="908"
                   VPOS="675"
                   WIDTH="157"
                   HEIGHT="141"
                   ID="eSc_textblock_178a293f"
                   TAGREFS="BT1719">
          <Shape><Polygon POINTS="1065 700 1052 748 908 816 908 675"/></Shape>
          
          
          <TextLine ID="eSc_line_4b728e49"
                    TAGREFS="LT666"
                    BASELINE="903 733 918 730 1059 730" 
                    HPOS="901"
                    VPOS="678"
                    WIDTH="156"
                    HEIGHT="67">
            <Shape><Polygon POINTS="902 731 902 745 1056 744 1057 728 1054 678 901 678 902 731"/></Shape>
	    <String CONTENT="Mortui de"
                    HPOS="901"
                    VPOS="678"
                    WIDTH="156"
                    HEIGHT="67"></String>
          </TextLine>

          
          
          <TextLine ID="eSc_line_526027e1"
                    TAGREFS="LT666"
                    BASELINE="903 782 907 781 990 778" 
                    HPOS="899"
                    VPOS="734"
                    WIDTH="89"
                    HEIGHT="71">
            <Shape><Polygon POINTS="902 781 902 805 988 795 988 776 984 734 899 734 902 781"/></Shape>
	    <String CONTENT="lictis."
                    HPOS="899"
                    VPOS="734"
                    WIDTH="89"
                    HEIGHT="71"></String>
          </TextLine>

          
        </TextBlock>
        
        <TextBlock HPOS="914"
                   VPOS="924"
                   WIDTH="166"
                   HEIGHT="167"
                   ID="eSc_textblock_13c7f853"
                   TAGREFS="BT1719">
          <Shape><Polygon POINTS="1077 1068 1080 951 914 924 914 1091"/></Shape>
          
          
          <TextLine ID="eSc_line_4190072b"
                    TAGREFS="LT666"
                    BASELINE="913 984 929 981 1071 978" 
                    HPOS="908"
                    VPOS="911"
                    WIDTH="162"
                    HEIGHT="87">
            <Shape><Polygon POINTS="912 983 912 988 944 998 946 998 948 998 979 992 998 988 1068 995 1070 977 1065 911 908 927 912 983"/></Shape>
	    <String CONTENT="Viuere iu"
                    HPOS="908"
                    VPOS="911"
                    WIDTH="162"
                    HEIGHT="87"></String>
          </TextLine>

          
          
          <TextLine ID="eSc_line_a5021ec5"
                    TAGREFS="LT666"
                    BASELINE="913 1033 915 1033 1068 1027" 
                    HPOS="910"
                    VPOS="978"
                    WIDTH="156"
                    HEIGHT="72">
            <Shape><Polygon POINTS="1018 978 1002 978 987 980 980 980 979 980 977 980 977 981 965 992 963 994 910 994 912 1031 912 1042 982 1050 984 1050 1066 1039 1066 1025 1063 989 1027 978 1018 978"/></Shape>
	    <String CONTENT="xta ſæcu¬"
                    HPOS="910"
                    VPOS="978"
                    WIDTH="156"
                    HEIGHT="72"></String>
          </TextLine>

          
          
          <TextLine ID="eSc_line_7cb0ad7a"
                    TAGREFS="LT666"
                    BASELINE="913 1087 980 1080" 
                    HPOS="905"
                    VPOS="1038"
                    WIDTH="77"
                    HEIGHT="75">
            <Shape><Polygon POINTS="912 1086 915 1113 982 1111 979 1078 974 1042 905 1038 912 1086"/></Shape>
	    <String CONTENT="lum·"
                    HPOS="905"
                    VPOS="1038"
                    WIDTH="77"
                    HEIGHT="75"></String>
          </TextLine>

          
        </TextBlock>
        
        <TextBlock HPOS="816"
                   VPOS="1561"
                   WIDTH="98"
                   HEIGHT="38"
                   ID="eSc_textblock_ca486099"
                   TAGREFS="BT1723">
          <Shape><Polygon POINTS="914 1599 914 1561 825 1562 816 1599"/></Shape>
          
          
          <TextLine ID="eSc_line_acb73813"
                    TAGREFS="LT666"
                    BASELINE="832 1591 908 1591" 
                    HPOS="830"
                    VPOS="1553"
                    WIDTH="77"
                    HEIGHT="72">
            <Shape><Polygon POINTS="877 1553 862 1553 846 1553 830 1553 830 1589 830 1619 840 1625 841 1625 843 1625 844 1625 907 1616 907 1589 907 1553 893 1553"/></Shape>
	    <String CONTENT="Vnde"
                    HPOS="830"
                    VPOS="1553"
                    WIDTH="77"
                    HEIGHT="72"></String>
          </TextLine>

          
        </TextBlock>
        
        <TextBlock HPOS="45"
                   VPOS="472"
                   WIDTH="107"
                   HEIGHT="129"
                   ID="eSc_textblock_416b0213"
                   TAGREFS="BT1717">
          <Shape><Polygon POINTS="58 590 45 472 152 485 147 601"/></Shape>
          
        </TextBlock>
        

        
      </PrintSpace>
    </Page>
  </Layout>
</alto>
