<?xml version="1.0" encoding="UTF-8"?>
<alto xmlns:xsi="http://www.w3.org/2001/XMLSchema-instance"
      xmlns="http://www.loc.gov/standards/alto/ns-v4#"
      xsi:schemaLocation="http://www.loc.gov/standards/alto/ns-v4# http://www.loc.gov/standards/alto/v4/alto-4-2.xsd">
  <Description>
    <MeasurementUnit>pixel</MeasurementUnit>
    <sourceImageInformation>
      <fileName>page_00493.png</fileName>
      
    </sourceImageInformation>
  </Description>
  
  <Tags>
    <OtherTag ID="BT10635" LABEL="NumberingZone" DESCRIPTION="block type NumberingZone"/><OtherTag ID="BT10634" LABEL="DropCapitalZone" DESCRIPTION="block type DropCapitalZone"/><OtherTag ID="BT10633" LABEL="GraphicZone" DESCRIPTION="block type GraphicZone"/><OtherTag ID="BT10632" LABEL="RunningTitleZone" DESCRIPTION="block type RunningTitleZone"/><OtherTag ID="BT10631" LABEL="QuireMarksZone" DESCRIPTION="block type QuireMarksZone"/><OtherTag ID="BT10630" LABEL="MarginTextZone" DESCRIPTION="block type MarginTextZone"/><OtherTag ID="BT10629" LABEL="MainZone" DESCRIPTION="block type MainZone"/>
    <OtherTag ID="LT4179" LABEL="default" DESCRIPTION="line type default"/><OtherTag ID="LT4178" LABEL="CustomLine : BiblicalText" DESCRIPTION="line type CustomLine : BiblicalText"/><OtherTag ID="LT4177" LABEL="HeadingLine" DESCRIPTION="line type HeadingLine"/><OtherTag ID="LT4176" LABEL="DefaultLine" DESCRIPTION="line type DefaultLine"/>
  </Tags>
  
  <Layout>
    <Page WIDTH="1092"
          HEIGHT="1720"
          PHYSICAL_IMG_NR="9"
          ID="eSc_dummypage_">
      <PrintSpace HPOS="0"
                  VPOS="0"
                  WIDTH="1092"
                  HEIGHT="1720">
        
        <TextBlock HPOS="132"
                   VPOS="47"
                   WIDTH="687"
                   HEIGHT="54"
                   ID="block_1"
                   TAGREFS="BT10632">
          <Shape><Polygon POINTS="819 47 819 101 132 101 132 47"/></Shape>
          
          
          <TextLine ID="eSc_line_99cfbc8d"
                    TAGREFS="LT4177"
                    BASELINE="153 86 402 86 811 97" 
                    HPOS="150"
                    VPOS="47"
                    WIDTH="660"
                    HEIGHT="60">
            <Shape><Polygon POINTS="497 53 490 53 486 53 464 47 453 47 446 47 416 51 411 51 407 47 396 47 381 47 375 47 350 50 344 50 342 50 337 47 324 47 309 47 295 47 289 47 278 48 274 48 272 48 266 47 252 47 238 47 223 47 209 47 195 47 180 47 166 47 152 47 152 86 150 101 807 107 810 96 809 58 546 47 545 47"/></Shape>
	    <String CONTENT="IN I. EPIST. AD TIMOTH."
                    HPOS="150"
                    VPOS="47"
                    WIDTH="660"
                    HEIGHT="60"></String>
          </TextLine>

          
        </TextBlock>
        
        <TextBlock HPOS="827"
                   VPOS="62"
                   WIDTH="57"
                   HEIGHT="49"
                   ID="eSc_textblock_0960c3f6"
                   TAGREFS="BT10635">
          <Shape><Polygon POINTS="827 62 827 111 884 111 884 62"/></Shape>
          
          
          <TextLine ID="eSc_line_36d50a42"
                    TAGREFS="LT4176"
                    BASELINE="831 97 879 95" 
                    HPOS="829"
                    VPOS="40"
                    WIDTH="49"
                    HEIGHT="73">
            <Shape><Polygon POINTS="876 113 878 94 876 53 829 40 830 96 830 110"/></Shape>
	    <String CONTENT=".99"
                    HPOS="829"
                    VPOS="40"
                    WIDTH="49"
                    HEIGHT="73"></String>
          </TextLine>

          
        </TextBlock>
        
        <TextBlock HPOS="69"
                   VPOS="107"
                   WIDTH="821"
                   HEIGHT="1429"
                   ID="block_0"
                   TAGREFS="BT10629">
          <Shape><Polygon POINTS="890 107 890 1536 69 1536 69 107"/></Shape>
          
          
          <TextLine ID="eSc_line_fb3af6ed"
                    TAGREFS="LT4176"
                    BASELINE="79 142 394 142 883 150" 
                    HPOS="78"
                    VPOS="96"
                    WIDTH="805"
                    HEIGHT="75">
            <Shape><Polygon POINTS="88 101 79 105 79 142 78 156 130 154 136 158 141 162 142 162 143 162 144 163 173 163 173 162 174 162 182 159 193 155 260 155 293 160 321 164 322 164 323 164 324 164 328 160 331 158 339 160 348 163 349 163 364 161 387 157 457 162 506 165 507 165 508 165 515 162 524 159 550 163 567 165 593 163 637 160 643 164 651 169 652 169 653 169 654 169 728 165 764 163 777 165 806 171 807 171 882 166 883 150 883 109 873 106 872 106 871 106 870 106 855 109 839 115 807 115 786 108 776 107 775 107 774 107 773 107 766 108 758 112 653 112 627 112 618 107 613 104 612 104 611 104 610 104 601 107 586 111 577 107 571 102 570 102 569 102 568 102 567 102 551 106 533 110 526 106 524 104 523 104 492 101 491 101 490 101 480 105 469 110 443 110 432 104 422 100 421 100 356 100 355 100 342 103 322 107 301 103 284 99 283 99 274 102 268 104 260 102 242 98 241 98 216 101 202 103 187 101 165 98 164 98 163 98 153 101 138 105 125 100 113 96 112 96 111 96 99 97 98 98"/></Shape>
	    <String CONTENT="Aliqui d illa quidẽ ſunt, imò magna, ſed quid"
                    HPOS="78"
                    VPOS="96"
                    WIDTH="805"
                    HEIGHT="75"
                    WC="0.988916994409358"></String>
          </TextLine>

          
          
          <TextLine ID="eSc_line_52195733"
                    TAGREFS="LT4176"
                    BASELINE="80 189 882 199" 
                    HPOS="79"
                    VPOS="151"
                    WIDTH="803"
                    HEIGHT="65">
            <Shape><Polygon POINTS="80 189 79 207 113 203 122 209 123 209 124 209 162 210 163 210 164 210 166 209 176 204 224 204 272 210 283 211 284 211 298 210 344 206 361 211 371 213 371 213 372 213 384 211 401 207 425 211 444 214 445 214 468 211 498 208 603 209 608 212 613 215 614 215 615 215 632 213 649 210 662 213 680 216 681 216 881 214 882 199 881 170 751 169 750 168 738 159 737 159 736 159 735 159 698 167 696 167 694 167 650 159 649 159 648 159 647 159 637 166 636 167 591 167 584 165 518 156 517 156 516 156 496 161 489 156 488 156 487 156 486 156 485 156 468 164 467 164 453 157 452 157 451 157 450 157 431 162 413 155 412 155 370 154 327 154 327 154 326 154 325 154 313 162 312 162 310 162 282 153 281 153 280 153 279 153 254 161 252 161 251 161 222 152 221 152 220 152 219 152 205 158 184 152 183 152 182 152 181 152 156 160 154 160 153 160 141 151 140 151 139 151 122 151 121 151 120 151 119 151 108 159 80 159 80 189"/></Shape>
	    <String CONTENT="reſpectu abuſus? hypocritæ ei longè maiora"
                    HPOS="79"
                    VPOS="151"
                    WIDTH="803"
                    HEIGHT="65"
                    WC="0.987404539141544"></String>
          </TextLine>

          
          
          <TextLine ID="eSc_line_938bf8b9"
                    TAGREFS="LT4176"
                    BASELINE="84 239 879 248" 
                    HPOS="83"
                    VPOS="203"
                    WIDTH="796"
                    HEIGHT="65">
            <Shape><Polygon POINTS="84 239 83 256 87 259 88 259 89 259 90 260 159 260 159 259 160 259 161 259 168 255 170 254 173 255 179 258 180 258 181 258 197 256 217 253 228 256 243 260 244 260 245 260 246 260 261 257 271 254 332 258 361 259 362 259 371 258 393 255 400 259 404 262 405 262 406 262 436 263 437 263 438 263 450 259 464 256 515 260 516 260 517 260 518 260 525 256 631 262 632 262 633 262 641 258 653 263 657 265 658 265 659 265 668 264 691 259 709 264 710 264 711 264 712 264 749 260 782 266 791 267 792 268 878 268 879 248 878 218 831 218 829 217 822 211 821 211 820 211 819 211 818 211 799 216 794 217 784 216 759 213 758 213 712 215 689 215 681 215 655 208 632 208 631 208 630 208 629 208 622 213 620 215 618 213 610 207 609 207 608 207 580 207 579 207 578 207 577 207 570 212 567 215 530 215 525 211 519 206 518 206 517 206 516 206 515 206 514 206 507 211 503 214 490 211 474 207 473 207 472 207 463 210 453 214 442 210 434 206 433 206 432 206 415 209 398 213 391 209 389 207 388 207 387 207 386 207 360 208 287 212 271 206 262 203 261 203 260 203 245 206 222 211 215 205 212 203 211 203 210 203 209 203 196 205 173 208 84 203 84 239"/></Shape>
	    <String CONTENT="aſsignãt, merita erogationis &amp; ſupererogatio"
                    HPOS="83"
                    VPOS="203"
                    WIDTH="796"
                    HEIGHT="65"
                    WC="0.977885707219442"></String>
          </TextLine>

          
          
          <TextLine ID="eSc_line_9951e62e"
                    TAGREFS="LT4176"
                    BASELINE="83 289 498 291 878 299" 
                    HPOS="82"
                    VPOS="252"
                    WIDTH="796"
                    HEIGHT="63">
            <Shape><Polygon POINTS="82 305 157 308 158 308 159 308 163 306 171 302 192 306 200 308 201 308 202 308 208 307 224 302 252 307 260 308 261 308 262 308 263 307 270 303 277 307 281 309 282 309 283 309 284 309 286 307 292 303 362 303 381 308 394 311 395 311 396 311 404 308 411 306 436 309 469 312 470 312 497 309 524 306 538 310 550 313 551 313 552 313 553 313 554 313 559 310 564 307 575 310 588 313 589 313 621 310 648 308 691 308 698 311 705 314 706 314 707 314 725 311 739 309 750 311 767 315 768 315 877 312 878 299 876 266 860 267 855 265 841 259 840 259 839 259 809 265 798 267 793 265 779 258 778 258 777 258 702 264 685 265 671 264 622 258 621 258 593 263 587 264 581 263 551 256 550 256 549 256 482 262 470 263 457 262 384 254 360 254 359 254 358 254 357 254 347 261 346 261 340 261 287 257 286 257 263 260 262 260 261 260 224 252 223 252 176 259 175 259 83 259 83 289"/></Shape>
	    <String CONTENT="nis, gradũ in cælo, vitam æternam, &amp; ſimilia."
                    HPOS="82"
                    VPOS="252"
                    WIDTH="796"
                    HEIGHT="63"
                    WC="0.95957116070001"></String>
          </TextLine>

          
          
          <TextLine ID="eSc_line_8de9b3f4"
                    TAGREFS="LT4176"
                    BASELINE="112 341 458 340 876 347" 
                    HPOS="112"
                    VPOS="301"
                    WIDTH="764"
                    HEIGHT="66">
            <Shape><Polygon POINTS="112 356 138 352 149 357 158 361 159 361 160 361 161 361 170 357 181 352 207 357 212 358 213 358 223 358 283 353 290 358 295 363 296 363 297 363 298 364 330 364 330 363 331 363 341 359 350 355 411 355 420 360 421 360 422 360 423 360 424 360 426 360 441 355 449 360 454 364 455 364 456 364 498 365 499 365 500 365 510 361 521 356 530 361 539 365 540 365 541 365 561 361 567 360 572 361 587 365 588 365 589 365 630 362 677 357 684 362 684 363 685 363 686 363 756 366 757 366 772 363 790 359 799 364 807 367 808 367 875 364 876 347 875 317 810 317 808 316 797 307 796 307 795 307 794 307 793 307 792 307 783 313 760 308 759 308 758 308 745 315 734 315 682 315 679 314 660 306 659 306 658 306 627 313 622 314 617 313 596 309 595 309 556 312 546 313 546 312 537 307 536 307 535 307 534 307 498 312 485 313 480 311 465 306 464 306 463 306 439 311 434 312 432 311 421 303 420 303 419 303 386 302 312 302 311 302 310 302 292 309 288 310 283 309 255 301 254 301 228 301 227 301 226 301 225 301 217 308 214 310 192 308 128 301 127 301 126 301 112 305 112 341"/></Shape>
	    <String CONTENT="Deinde addit alterum argumentum à na¬"
                    HPOS="112"
                    VPOS="301"
                    WIDTH="764"
                    HEIGHT="66"
                    WC="0.996983652052126"></String>
          </TextLine>

          
          
          <TextLine ID="eSc_line_6c9e38b9"
                    TAGREFS="LT4176"
                    BASELINE="77 387 874 395" 
                    HPOS="76"
                    VPOS="351"
                    WIDTH="798"
                    HEIGHT="64">
            <Shape><Polygon POINTS="76 405 155 403 166 407 171 408 172 408 173 409 233 409 233 408 234 408 239 408 254 403 275 408 284 409 285 409 317 408 371 405 379 408 384 410 385 410 431 411 432 411 468 408 504 407 579 407 586 409 589 412 590 412 591 412 592 412 617 410 642 408 649 410 655 413 656 413 657 413 674 410 689 408 741 410 807 415 808 415 816 411 820 409 826 411 837 415 838 415 839 415 873 411 874 395 874 369 763 367 725 357 724 357 723 357 660 365 633 356 632 356 631 356 605 362 585 357 584 357 583 357 552 365 475 365 446 365 445 364 428 353 427 353 426 353 375 353 374 353 373 353 355 363 354 363 329 355 328 355 253 351 252 351 206 361 204 361 153 361 153 360 131 351 130 351 129 351 128 351 107 360 106 360 77 360 77 387"/></Shape>
	    <String CONTENT="tura εὐσεβείας, QVAE AD OMNIA V¬"
                    HPOS="76"
                    VPOS="351"
                    WIDTH="798"
                    HEIGHT="64"></String>
          </TextLine>

          
          
          <TextLine ID="eSc_line_81c799f2"
                    TAGREFS="LT4176"
                    BASELINE="82 437 878 445" 
                    HPOS="81"
                    VPOS="403"
                    WIDTH="797"
                    HEIGHT="60">
            <Shape><Polygon POINTS="81 448 130 456 131 456 174 450 179 450 181 450 193 455 194 455 195 455 196 455 213 451 215 451 297 451 299 452 306 458 307 458 308 458 309 458 310 458 323 452 326 451 350 453 422 459 423 459 456 455 480 452 511 456 541 460 542 460 603 458 663 456 684 460 694 461 695 462 695 461 702 460 724 456 740 461 743 462 744 462 876 463 878 445 878 416 827 410 826 410 825 410 814 415 813 415 804 408 803 408 802 408 801 408 800 408 782 412 768 407 767 407 766 407 765 407 743 413 742 414 740 413 726 407 725 407 683 407 682 407 681 407 666 412 664 413 662 412 650 406 649 406 648 406 619 412 612 413 606 411 581 405 580 405 546 405 546 405 545 405 528 410 523 412 519 410 507 405 506 405 505 405 480 409 472 412 396 412 385 408 367 403 366 403 365 403 333 408 314 410 186 408 182 406 178 403 177 403 176 403 175 403 174 403 174 403 171 406 164 409 91 409 84 404 82 437 81 448"/></Shape>
	    <String CONTENT="TILIS EST: opponit gymnaſiæ veram"
                    HPOS="81"
                    VPOS="403"
                    WIDTH="797"
                    HEIGHT="60"></String>
          </TextLine>

          
          
          <TextLine ID="eSc_line_0db17b69"
                    TAGREFS="LT4176"
                    BASELINE="85 486 877 492" 
                    HPOS="84"
                    VPOS="449"
                    WIDTH="793"
                    HEIGHT="57">
            <Shape><Polygon POINTS="85 486 84 504 875 506 877 492 876 463 812 453 811 453 810 453 785 460 758 455 757 455 756 455 755 455 748 460 744 462 658 461 654 458 642 452 641 452 640 452 612 458 598 460 568 457 520 451 519 451 500 455 481 460 472 455 463 451 462 451 461 451 430 454 393 459 384 453 380 451 379 451 378 451 377 451 376 451 370 453 361 457 353 453 347 450 346 450 315 450 314 450 303 452 277 459 229 459 85 449 85 486"/></Shape>
	    <String CONTENT="pietatem, q.d.exceſſui verã rationem colen¬"
                    HPOS="84"
                    VPOS="449"
                    WIDTH="793"
                    HEIGHT="57"
                    WC="0.970217334953221"></String>
          </TextLine>

          
          
          <TextLine ID="eSc_line_fe86fe27"
                    TAGREFS="LT4176"
                    BASELINE="83 533 876 541" 
                    HPOS="82"
                    VPOS="494"
                    WIDTH="794"
                    HEIGHT="69">
            <Shape><Polygon POINTS="83 533 82 547 124 555 125 555 189 550 205 557 206 557 207 558 252 558 252 557 253 557 254 557 262 551 279 557 280 557 281 557 282 557 300 551 301 551 320 558 321 558 322 558 361 552 375 559 376 559 435 559 436 559 478 554 510 559 511 559 512 559 513 559 521 554 524 553 539 554 612 561 613 561 668 560 669 560 677 556 681 555 707 557 788 563 789 563 875 559 876 541 876 509 863 503 862 503 861 503 834 509 830 510 825 509 772 501 771 501 770 501 769 501 758 509 756 509 725 501 724 501 693 508 692 508 691 508 663 503 662 503 634 508 631 508 630 508 611 499 611 499 569 499 568 499 567 499 567 499 557 507 556 507 552 507 481 501 480 501 456 505 446 498 445 498 444 498 443 498 425 502 419 497 418 497 417 497 368 497 367 497 366 497 341 505 278 505 268 498 267 498 266 498 265 498 178 503 158 494 157 494 106 494 105 494 104 494 83 502 83 533"/></Shape>
	    <String CONTENT="di Deum. Id quod plus prodeſt præferri ſem¬"
                    HPOS="82"
                    VPOS="494"
                    WIDTH="794"
                    HEIGHT="69"
                    WC="0.991895484369855"></String>
          </TextLine>

          
          
          <TextLine ID="eSc_line_e1302074"
                    TAGREFS="LT4176"
                    BASELINE="83 585 874 591" 
                    HPOS="83"
                    VPOS="546"
                    WIDTH="791"
                    HEIGHT="63">
            <Shape><Polygon POINTS="83 585 83 603 336 601 343 603 348 606 349 606 349 606 350 606 355 603 361 602 469 602 525 603 599 607 600 607 601 607 602 607 607 603 611 602 648 603 764 609 765 609 873 603 874 591 873 561 849 561 849 560 829 551 829 551 828 551 827 551 806 560 805 560 631 560 616 559 544 549 519 549 518 549 517 549 516 549 505 557 502 559 463 559 459 557 451 552 450 552 449 552 448 552 431 557 424 558 414 556 370 548 369 548 327 553 261 547 260 547 259 547 236 554 227 557 219 554 199 546 198 546 157 546 156 546 155 546 143 553 139 555 136 553 123 546 122 546 121 546 83 552 83 585"/></Shape>
	    <String CONTENT="per debet in vſu rerum : bonum enim maius"
                    HPOS="83"
                    VPOS="546"
                    WIDTH="791"
                    HEIGHT="63"
                    WC="0.983350018175637"></String>
          </TextLine>

          
          
          <TextLine ID="eSc_line_1715d985"
                    TAGREFS="LT4176"
                    BASELINE="83 634 873 641" 
                    HPOS="82"
                    VPOS="595"
                    WIDTH="791"
                    HEIGHT="67">
            <Shape><Polygon POINTS="83 634 82 654 160 650 210 655 211 655 212 655 219 651 225 656 226 657 227 657 228 657 229 657 240 656 278 652 300 656 309 658 310 659 355 659 355 658 356 658 357 658 358 657 364 653 399 657 423 659 424 659 438 657 463 653 505 657 536 660 537 660 538 660 545 657 552 654 631 654 638 658 646 661 647 661 648 662 692 662 692 661 693 661 694 661 698 658 701 655 709 658 719 661 720 661 720 661 747 658 766 656 775 658 787 662 788 662 789 662 790 662 798 658 803 656 872 658 873 641 873 605 803 601 802 601 801 601 792 604 783 609 703 609 697 604 689 600 688 600 687 600 686 600 685 600 674 604 668 607 587 607 580 604 570 600 569 600 568 600 548 604 535 607 524 604 509 599 508 599 507 599 506 599 505 599 498 604 494 607 439 607 432 603 414 597 413 597 357 597 356 597 355 597 354 597 349 602 343 597 342 597 341 597 272 596 271 596 270 596 250 603 247 604 245 603 233 596 232 596 231 596 230 596 196 602 162 595 161 595 83 602 83 634"/></Shape>
	    <String CONTENT="præſtantius eſt, ſed pietatis ratio plus prodeſt"
                    HPOS="82"
                    VPOS="595"
                    WIDTH="791"
                    HEIGHT="67"></String>
          </TextLine>

          
          
          <TextLine ID="eSc_line_a9226979"
                    TAGREFS="LT4176"
                    BASELINE="88 683 610 688 823 695" 
                    HPOS="87"
                    VPOS="645"
                    WIDTH="736"
                    HEIGHT="64">
            <Shape><Polygon POINTS="88 683 87 697 383 704 384 704 434 701 451 700 454 701 464 706 465 706 466 706 492 701 495 701 500 701 529 707 530 707 661 703 674 703 676 703 694 709 695 709 696 709 735 704 736 704 771 709 772 709 822 704 823 695 823 665 788 654 787 654 786 654 786 654 785 654 767 665 765 665 750 665 698 664 697 663 677 655 676 655 675 655 674 655 673 655 662 662 661 662 615 662 615 661 600 651 599 651 598 651 597 651 536 660 532 660 530 660 508 650 507 650 455 649 454 649 453 649 452 649 441 658 439 660 387 660 382 657 370 648 369 648 368 648 367 648 366 648 338 656 333 657 329 656 316 650 315 650 314 650 313 650 304 655 301 657 240 657 231 654 215 646 214 646 213 646 170 648 169 648 168 648 163 652 158 656 145 656 138 652 129 645 128 645 127 645 126 645 88 650 88 683"/></Shape>
	    <String CONTENT="cæcis illis exercitiis. Ergo, &amp;c."
                    HPOS="87"
                    VPOS="645"
                    WIDTH="736"
                    HEIGHT="64"></String>
          </TextLine>

          
          
          <TextLine ID="eSc_line_625d0e69"
                    TAGREFS="LT4176"
                    BASELINE="117 733 872 739" 
                    HPOS="117"
                    VPOS="697"
                    WIDTH="755"
                    HEIGHT="62">
            <Shape><Polygon POINTS="117 733 117 750 196 748 215 751 237 754 238 754 258 751 270 749 291 751 328 755 329 755 330 755 331 755 337 752 342 749 368 749 386 752 409 755 410 755 433 752 447 750 494 750 498 752 507 757 508 757 509 757 593 752 601 752 604 752 637 758 638 758 689 753 706 752 709 753 717 758 718 758 719 758 748 759 749 759 871 753 872 739 871 707 764 710 690 705 643 701 642 701 641 701 634 704 626 709 616 704 609 700 608 700 587 700 586 700 538 703 487 707 479 703 473 700 472 700 471 700 458 703 442 706 437 702 434 699 433 699 432 699 383 699 382 699 381 699 380 699 376 702 371 706 365 702 361 698 360 698 359 698 341 698 340 698 339 698 330 701 318 708 247 708 182 707 174 700 170 697 169 697 168 697 167 697 166 697 160 700 155 702 117 700 117 733"/></Shape>
	    <String CONTENT="Πάντα accipio hîc comprehe nſim genera¬"
                    HPOS="117"
                    VPOS="697"
                    WIDTH="755"
                    HEIGHT="62"></String>
          </TextLine>

          
          
          <TextLine ID="eSc_line_abf435bd"
                    TAGREFS="LT4176"
                    BASELINE="84 778 872 788" 
                    HPOS="83"
                    VPOS="742"
                    WIDTH="789"
                    HEIGHT="66">
            <Shape><Polygon POINTS="84 778 83 794 163 801 164 801 211 797 356 803 357 803 390 799 396 798 547 799 555 801 577 806 578 806 610 802 621 801 636 803 672 807 673 807 690 804 698 802 718 804 754 808 755 808 871 806 872 788 871 760 811 760 808 758 793 751 792 751 791 751 790 751 770 757 767 758 764 757 747 752 746 752 745 752 744 752 735 756 731 758 698 755 667 753 666 753 665 753 659 754 650 757 637 754 613 749 612 749 589 753 573 756 567 752 557 748 556 748 555 748 554 748 541 752 530 756 491 756 467 751 458 749 457 749 450 750 435 753 429 750 426 747 425 747 424 747 423 747 422 747 415 750 408 752 404 749 400 746 399 746 398 746 334 746 333 746 332 746 331 746 329 747 320 753 308 747 305 745 304 745 262 745 261 745 260 745 258 746 244 752 183 752 165 743 163 743 162 743 161 743 160 743 159 743 152 749 141 743 140 743 139 743 138 743 137 743 131 747 84 742 84 778"/></Shape>
	    <String CONTENT="liter hoc eſt, ad vitæ æternæ commoda, &amp; vi¬"
                    HPOS="83"
                    VPOS="742"
                    WIDTH="789"
                    HEIGHT="66"
                    WC="0.991292102770372"></String>
          </TextLine>

          
          
          <TextLine ID="eSc_line_0d422bdc"
                    TAGREFS="LT4176"
                    BASELINE="79 829 870 837" 
                    HPOS="79"
                    VPOS="795"
                    WIDTH="791"
                    HEIGHT="63">
            <Shape><Polygon POINTS="79 829 79 844 129 844 131 844 139 850 140 850 141 850 142 850 167 845 168 845 183 852 184 852 185 852 257 846 276 845 284 847 304 851 305 851 345 848 355 847 358 848 376 854 377 854 378 854 412 849 422 847 427 849 438 854 439 854 440 854 522 850 572 848 586 851 596 854 597 854 598 854 655 852 697 851 700 853 705 857 706 857 707 857 708 857 709 857 716 853 721 850 743 854 770 858 771 858 869 855 870 837 870 811 822 801 821 801 772 809 769 809 758 809 752 809 742 800 741 800 740 800 698 800 698 800 697 800 677 808 675 808 651 808 650 807 639 799 638 799 637 799 636 799 582 806 573 807 570 806 553 798 552 798 551 798 495 805 482 806 458 806 456 804 446 797 445 797 444 797 392 797 391 797 390 797 389 797 381 803 380 804 378 803 369 799 368 799 367 799 366 799 355 803 350 804 258 804 254 801 240 795 240 795 239 795 238 795 227 801 223 803 188 802 186 800 178 795 177 795 176 795 175 795 174 795 156 800 151 801 144 800 121 795 120 795 79 798 79 829"/></Shape>
	    <String CONTENT="tam æternam conſequendam, &amp; rectè oppo¬"
                    HPOS="79"
                    VPOS="795"
                    WIDTH="791"
                    HEIGHT="63"
                    WC="0.982943172752857"></String>
          </TextLine>

          
          
          <TextLine ID="eSc_line_78832f56"
                    TAGREFS="LT4176"
                    BASELINE="76 879 870 885" 
                    HPOS="75"
                    VPOS="843"
                    WIDTH="795"
                    HEIGHT="62">
            <Shape><Polygon POINTS="76 879 75 892 116 900 117 900 173 894 176 894 180 894 222 901 345 902 346 902 374 897 384 896 388 898 397 902 398 902 399 902 400 902 410 898 415 896 424 898 441 903 442 903 443 903 485 899 511 897 529 900 554 903 555 903 588 901 617 898 632 902 637 903 638 903 639 903 652 902 679 899 706 903 722 904 723 904 737 903 760 900 765 903 768 905 769 905 770 905 771 905 797 903 840 901 868 904 870 885 869 859 663 856 633 847 632 847 631 847 567 848 566 848 565 848 555 854 529 846 528 846 527 846 526 846 502 853 478 846 477 846 476 846 475 846 458 854 457 855 423 855 421 853 411 845 410 845 409 845 391 845 390 845 389 845 388 845 377 853 376 853 373 853 301 844 281 844 280 844 279 844 278 844 267 852 266 853 212 853 209 851 196 845 195 845 194 845 193 845 173 851 171 851 168 851 144 843 143 843 142 843 76 849 76 879"/></Shape>
	    <String CONTENT="nunt voces ὀλίγον &amp; πάντα. Exercitatio cor¬"
                    HPOS="75"
                    VPOS="843"
                    WIDTH="795"
                    HEIGHT="62"></String>
          </TextLine>

          
          
          <TextLine ID="eSc_line_d4f66ca3"
                    TAGREFS="LT4176"
                    BASELINE="77 933 870 933" 
                    HPOS="77"
                    VPOS="895"
                    WIDTH="793"
                    HEIGHT="57">
            <Shape><Polygon POINTS="77 933 77 948 148 951 149 951 150 951 156 949 165 946 173 949 180 952 181 952 182 952 199 949 218 946 306 946 324 950 334 952 335 952 354 950 386 946 420 950 436 952 437 952 438 952 439 952 441 950 448 946 502 951 510 951 511 951 521 951 587 946 610 951 614 952 615 952 616 952 619 951 634 946 644 951 645 951 789 952 790 952 792 952 819 947 869 952 870 933 870 903 804 903 803 903 788 895 787 895 786 895 786 895 767 903 766 903 683 903 681 902 667 895 666 895 665 895 664 895 649 901 636 895 635 895 634 895 602 901 593 895 592 895 591 895 559 895 558 895 557 895 556 895 548 901 546 903 540 901 522 895 521 895 520 895 487 901 472 903 420 903 414 900 405 895 404 895 403 895 402 895 387 900 382 901 374 900 349 895 348 895 347 895 337 899 329 903 256 903 250 899 245 895 244 895 243 895 144 895 143 895 142 895 133 898 122 902 77 898 77 933"/></Shape>
	    <String CONTENT="poris hîc bis cadit: primùm ſua natura, dein¬"
                    HPOS="77"
                    VPOS="895"
                    WIDTH="793"
                    HEIGHT="57"></String>
          </TextLine>

          
          
          <TextLine ID="eSc_line_6c5d0dbd"
                    TAGREFS="LT4176"
                    BASELINE="78 977 871 985" 
                    HPOS="78"
                    VPOS="940"
                    WIDTH="793"
                    HEIGHT="64">
            <Shape><Polygon POINTS="78 977 78 992 114 991 122 993 136 997 137 997 138 997 160 993 167 992 169 993 175 998 176 998 177 998 178 998 179 998 180 998 188 993 190 992 203 993 243 998 244 998 264 994 273 992 276 994 283 999 284 999 285 999 286 999 362 994 373 994 375 994 391 1000 392 1000 393 1000 450 995 463 994 477 995 534 1001 535 1001 561 996 566 995 660 995 663 996 692 1003 693 1003 732 997 740 1003 741 1003 742 1003 771 1004 772 1004 870 997 871 985 871 955 831 946 830 946 829 946 811 951 801 946 800 946 799 946 749 950 724 946 723 946 722 946 705 952 700 953 696 951 674 945 673 945 672 945 671 945 655 951 655 951 654 951 636 945 635 945 634 945 633 945 622 950 618 953 579 953 575 949 568 945 567 945 567 945 566 945 512 948 476 951 462 947 454 946 453 946 452 946 428 947 387 950 377 946 367 942 366 942 365 942 364 942 349 946 346 946 334 946 304 943 303 943 302 943 293 945 277 949 259 945 249 942 248 942 247 942 246 942 240 944 230 949 178 949 170 943 169 942 168 942 167 942 166 942 165 942 160 943 140 947 118 942 108 940 107 940 78 941 78 977"/></Shape>
	    <String CONTENT="de relatiuè ad pietatem veram. Sed excipiunt"
                    HPOS="78"
                    VPOS="940"
                    WIDTH="793"
                    HEIGHT="64"
                    WC="0.98417976697286"></String>
          </TextLine>

          
          
          <TextLine ID="eSc_line_eef1462a"
                    TAGREFS="LT4176"
                    BASELINE="74 1028 872 1034" 
                    HPOS="74"
                    VPOS="988"
                    WIDTH="798"
                    HEIGHT="67">
            <Shape><Polygon POINTS="74 1028 74 1049 134 1042 174 1049 189 1052 190 1052 240 1051 241 1051 247 1049 271 1043 290 1049 301 1053 302 1053 303 1053 325 1049 346 1046 357 1049 368 1053 369 1053 370 1053 394 1049 406 1048 408 1049 414 1053 415 1053 416 1053 417 1054 451 1054 451 1053 452 1053 460 1049 465 1047 468 1049 474 1053 475 1053 476 1053 477 1054 497 1054 497 1053 498 1053 499 1053 504 1049 510 1045 518 1049 528 1054 529 1054 530 1054 531 1054 546 1049 556 1046 566 1049 569 1051 570 1051 571 1051 572 1051 576 1049 584 1046 680 1047 684 1049 696 1055 697 1055 698 1055 731 1049 741 1048 870 1049 872 1034 871 995 824 1003 708 998 707 998 686 1002 668 993 667 993 666 993 544 1001 526 992 525 992 524 992 524 992 501 1000 480 991 480 991 479 991 478 991 433 996 418 990 417 990 370 990 367 990 366 990 365 990 364 990 352 999 314 999 294 994 293 994 292 994 291 994 283 998 263 989 262 989 262 989 261 989 244 998 218 991 217 991 216 991 215 991 189 998 170 998 154 989 153 989 152 989 152 989 151 989 135 994 126 989 125 989 124 989 74 988 74 1028"/></Shape>
	    <String CONTENT="hîc ſuprà ſuperſtitioſi, quomodo pietas ad"
                    HPOS="74"
                    VPOS="988"
                    WIDTH="798"
                    HEIGHT="67"></String>
          </TextLine>

          
          
          <TextLine ID="eSc_line_ba67bc89"
                    TAGREFS="LT4176"
                    BASELINE="73 1075 868 1083" 
                    HPOS="72"
                    VPOS="1041"
                    WIDTH="796"
                    HEIGHT="63">
            <Shape><Polygon POINTS="73 1075 72 1090 92 1098 93 1098 94 1098 145 1092 187 1099 188 1099 256 1095 299 1100 442 1101 443 1101 444 1101 459 1096 468 1095 478 1097 491 1100 492 1100 493 1100 525 1097 554 1096 579 1098 593 1100 594 1100 606 1099 628 1096 640 1099 649 1102 650 1102 651 1102 652 1102 657 1100 666 1096 679 1100 693 1104 694 1104 695 1104 696 1104 708 1101 721 1097 737 1101 747 1104 748 1104 749 1104 771 1102 808 1098 866 1103 868 1083 866 1051 842 1054 834 1050 832 1049 831 1049 830 1049 829 1049 829 1049 825 1050 805 1056 748 1050 726 1047 725 1047 724 1047 723 1047 720 1049 712 1055 675 1055 633 1049 618 1046 560 1045 559 1045 558 1045 557 1045 554 1048 545 1054 531 1054 523 1048 520 1045 519 1045 518 1045 517 1045 483 1047 403 1053 393 1046 393 1046 392 1046 391 1046 386 1046 350 1052 336 1046 333 1045 332 1045 331 1045 327 1046 302 1052 282 1045 272 1042 271 1042 251 1042 250 1042 249 1042 248 1042 244 1045 235 1051 142 1051 131 1044 125 1041 124 1041 123 1041 73 1043 73 1075"/></Shape>
	    <String CONTENT="omnia poſsit? quomodo ad agriculturami?"
                    HPOS="72"
                    VPOS="1041"
                    WIDTH="796"
                    HEIGHT="63"
                    WC="0.989690898320614"></String>
          </TextLine>

          
          
          <TextLine ID="eSc_line_c572625f"
                    TAGREFS="LT4176"
                    BASELINE="73 1124 869 1133" 
                    HPOS="72"
                    VPOS="1089"
                    WIDTH="797"
                    HEIGHT="63">
            <Shape><Polygon POINTS="73 1124 72 1137 250 1150 251 1151 289 1151 289 1150 290 1150 291 1150 305 1140 317 1146 318 1146 319 1146 360 1144 373 1150 374 1150 427 1152 428 1152 473 1142 487 1147 488 1147 489 1147 549 1145 567 1152 567 1152 568 1152 569 1152 601 1144 638 1150 639 1150 679 1144 724 1151 725 1151 766 1145 793 1152 794 1152 795 1152 868 1145 869 1133 869 1104 833 1096 832 1096 831 1096 784 1099 778 1095 777 1095 776 1095 775 1095 774 1095 753 1100 716 1095 715 1095 714 1095 695 1102 692 1103 644 1103 642 1101 631 1094 630 1094 629 1094 605 1093 604 1093 576 1097 566 1093 565 1093 564 1093 563 1093 546 1100 544 1101 517 1100 484 1098 475 1092 474 1092 473 1092 472 1092 435 1099 432 1099 428 1098 404 1094 403 1094 339 1097 323 1098 319 1097 304 1092 303 1092 302 1092 278 1096 274 1097 270 1096 251 1092 250 1092 249 1092 248 1092 240 1096 237 1097 161 1097 154 1096 127 1089 126 1089 73 1094 73 1124"/></Shape>
	    <String CONTENT="mercaturã? artes mechanicas diſcendas? Re¬"
                    HPOS="72"
                    VPOS="1089"
                    WIDTH="797"
                    HEIGHT="63"
                    WC="0.991400760273601"></String>
          </TextLine>

          
          
          <TextLine ID="eSc_line_a25c3e25"
                    TAGREFS="LT4176"
                    BASELINE="80 1175 247 1180 873 1182" 
                    HPOS="79"
                    VPOS="1139"
                    WIDTH="794"
                    HEIGHT="62">
            <Shape><Polygon POINTS="80 1175 79 1192 110 1197 111 1197 112 1197 113 1197 119 1193 122 1191 186 1191 197 1193 218 1198 219 1198 253 1194 260 1193 262 1194 272 1199 273 1199 274 1199 305 1194 307 1194 315 1194 411 1199 412 1199 413 1199 421 1195 426 1192 434 1195 445 1199 446 1199 447 1199 494 1195 510 1194 524 1195 566 1200 567 1200 567 1200 580 1196 589 1193 662 1193 666 1196 672 1201 673 1201 674 1201 675 1201 872 1197 873 1182 873 1152 851 1152 851 1151 832 1142 831 1142 830 1142 829 1142 811 1151 809 1152 739 1152 730 1149 701 1142 700 1142 699 1142 681 1148 674 1151 669 1148 657 1141 656 1141 655 1141 655 1141 654 1141 653 1141 644 1147 626 1141 625 1141 624 1141 589 1147 570 1150 566 1146 558 1141 557 1141 556 1141 555 1141 527 1146 504 1150 488 1145 472 1140 471 1140 445 1140 444 1140 443 1140 442 1140 436 1144 431 1149 412 1144 408 1143 407 1143 406 1143 393 1144 332 1149 319 1142 316 1141 315 1141 314 1141 293 1142 202 1148 184 1140 181 1139 180 1139 151 1139 150 1139 149 1139 147 1140 132 1147 113 1139 112 1139 111 1139 80 1139 80 1175"/></Shape>
	    <String CONTENT="ſpondemus etiam, ad has &amp; in his plurimum"
                    HPOS="79"
                    VPOS="1139"
                    WIDTH="794"
                    HEIGHT="62"
                    WC="0.968991568902644"></String>
          </TextLine>

          
          
          <TextLine ID="eSc_line_40343061"
                    TAGREFS="LT4176"
                    BASELINE="86 1225 872 1228" 
                    HPOS="86"
                    VPOS="1188"
                    WIDTH="786"
                    HEIGHT="57">
            <Shape><Polygon POINTS="86 1225 86 1245 871 1244 872 1228 871 1201 840 1201 839 1200 827 1192 826 1192 825 1192 824 1192 770 1199 758 1201 723 1201 720 1198 708 1192 707 1192 706 1192 705 1192 685 1197 675 1200 630 1200 626 1196 619 1191 618 1191 617 1191 601 1191 600 1191 599 1191 598 1191 592 1196 588 1200 557 1200 547 1195 538 1191 537 1191 495 1191 494 1191 493 1191 483 1194 471 1198 434 1193 420 1192 419 1192 418 1192 417 1192 416 1193 409 1199 304 1199 278 1191 271 1189 270 1189 269 1189 259 1190 230 1195 218 1190 216 1189 215 1189 214 1189 206 1190 170 1194 151 1189 150 1189 149 1189 148 1189 130 1197 86 1188 86 1225"/></Shape>
	    <String CONTENT="prodeſſe, nam in omnibus actionibus æqui¬"
                    HPOS="86"
                    VPOS="1188"
                    WIDTH="786"
                    HEIGHT="57"
                    WC="0.982954170645737"></String>
          </TextLine>

          
          
          <TextLine ID="eSc_line_50026997"
                    TAGREFS="LT4176"
                    BASELINE="82 1272 873 1279" 
                    HPOS="82"
                    VPOS="1239"
                    WIDTH="791"
                    HEIGHT="60">
            <Shape><Polygon POINTS="82 1272 82 1289 168 1288 175 1290 195 1295 196 1295 196 1295 280 1290 293 1290 297 1290 323 1296 324 1296 401 1290 420 1290 433 1290 483 1297 484 1297 522 1291 527 1290 528 1291 540 1298 541 1298 542 1298 543 1298 597 1291 601 1291 603 1291 617 1296 618 1296 619 1296 620 1296 635 1292 649 1299 650 1299 651 1299 873 1292 873 1279 873 1253 828 1247 827 1247 826 1247 807 1251 804 1252 803 1251 795 1246 794 1246 793 1246 792 1246 791 1246 774 1250 726 1247 725 1247 724 1247 723 1247 719 1250 716 1251 695 1249 660 1247 659 1247 658 1247 657 1247 655 1248 652 1251 639 1248 612 1243 611 1243 568 1247 539 1250 528 1247 516 1242 515 1242 451 1242 450 1242 449 1242 448 1242 443 1245 438 1247 431 1245 420 1241 419 1241 365 1241 364 1241 363 1241 356 1244 345 1248 269 1248 261 1242 259 1240 258 1240 257 1240 256 1240 245 1242 210 1247 134 1247 120 1239 119 1239 118 1239 82 1239 82 1272"/></Shape>
	    <String CONTENT="tatem reſpicere iubet, Dei gloriam, proximi"
                    HPOS="82"
                    VPOS="1239"
                    WIDTH="791"
                    HEIGHT="60"
                    WC="0.993636220000511"></String>
          </TextLine>

          
          
          <TextLine ID="eSc_line_f4ed2fcf"
                    TAGREFS="LT4176"
                    BASELINE="78 1322 871 1327" 
                    HPOS="77"
                    VPOS="1289"
                    WIDTH="794"
                    HEIGHT="60">
            <Shape><Polygon POINTS="78 1322 77 1336 122 1342 123 1342 165 1338 167 1338 181 1345 182 1345 183 1345 217 1339 222 1338 280 1338 282 1340 289 1346 290 1346 291 1346 480 1347 481 1347 482 1347 491 1343 495 1340 553 1340 594 1340 601 1344 608 1348 609 1348 610 1348 611 1348 621 1345 634 1341 671 1345 678 1346 679 1346 683 1346 710 1341 728 1346 737 1349 738 1349 739 1349 870 1348 871 1327 871 1301 801 1292 800 1292 723 1298 709 1299 706 1298 698 1291 697 1291 696 1291 695 1291 694 1291 673 1297 669 1298 665 1297 639 1291 638 1291 637 1291 620 1296 612 1299 605 1296 592 1291 591 1291 590 1291 589 1291 589 1291 583 1296 578 1300 555 1300 503 1295 494 1294 493 1294 489 1294 465 1298 459 1294 455 1290 454 1290 453 1290 452 1290 413 1293 363 1297 354 1292 349 1290 348 1290 347 1290 346 1290 339 1292 327 1298 283 1298 272 1291 270 1290 269 1290 268 1290 267 1290 266 1290 262 1291 248 1296 228 1290 221 1289 220 1289 219 1289 207 1290 167 1296 78 1289 78 1322"/></Shape>
	    <String CONTENT="commodum, &amp; iuſtitiæ communẽ regulam:"
                    HPOS="77"
                    VPOS="1289"
                    WIDTH="794"
                    HEIGHT="60"
                    WC="0.963906410493349"></String>
          </TextLine>

          
          
          <TextLine ID="eSc_line_d1884771"
                    TAGREFS="LT4176"
                    BASELINE="70 1372 868 1376" 
                    HPOS="69"
                    VPOS="1335"
                    WIDTH="799"
                    HEIGHT="62">
            <Shape><Polygon POINTS="70 1372 69 1386 106 1387 115 1394 116 1394 117 1394 118 1394 173 1388 203 1394 204 1394 287 1389 305 1395 306 1395 307 1395 361 1389 382 1395 383 1395 384 1395 385 1395 398 1389 408 1395 409 1395 410 1395 411 1395 475 1390 502 1396 502 1396 596 1390 631 1396 632 1396 699 1391 749 1397 750 1397 751 1397 773 1391 818 1397 819 1397 867 1390 868 1376 868 1348 844 1342 843 1342 842 1342 733 1346 704 1347 697 1346 662 1337 661 1337 584 1344 553 1346 548 1343 539 1337 538 1337 537 1337 536 1337 464 1341 407 1345 371 1340 345 1336 344 1336 343 1336 342 1336 338 1339 329 1345 292 1345 70 1335 70 1372"/></Shape>
	    <String CONTENT="ſic ad mercaturam prodeſt, ne fiat ex merca¬"
                    HPOS="69"
                    VPOS="1335"
                    WIDTH="799"
                    HEIGHT="62"
                    WC="0.98272514749657"></String>
          </TextLine>

          
          
          <TextLine ID="eSc_line_dcf713c5"
                    TAGREFS="LT4176"
                    BASELINE="71 1421 873 1425" 
                    HPOS="70"
                    VPOS="1384"
                    WIDTH="803"
                    HEIGHT="62">
            <Shape><Polygon POINTS="71 1421 70 1435 105 1442 106 1442 155 1437 164 1442 165 1442 166 1442 167 1442 239 1437 331 1437 356 1443 357 1443 358 1443 449 1438 472 1444 473 1444 474 1444 475 1444 498 1439 540 1444 541 1444 647 1443 648 1443 661 1439 677 1445 678 1445 679 1446 725 1446 725 1445 726 1445 727 1445 736 1440 752 1445 753 1445 754 1445 797 1440 839 1445 840 1445 872 1439 873 1425 873 1397 839 1388 838 1388 837 1388 836 1388 811 1395 799 1388 798 1388 753 1388 752 1388 751 1388 750 1388 739 1395 736 1397 733 1395 723 1390 722 1390 721 1390 698 1395 685 1397 668 1394 644 1390 643 1390 642 1390 632 1393 622 1396 524 1392 504 1391 503 1391 502 1391 502 1391 494 1396 482 1391 472 1386 471 1386 470 1386 469 1386 456 1390 439 1395 404 1389 387 1387 386 1387 385 1387 378 1389 359 1396 308 1396 280 1387 271 1385 270 1385 269 1385 268 1385 262 1387 240 1395 196 1395 181 1385 180 1385 179 1385 155 1385 154 1385 153 1385 152 1385 140 1394 115 1385 114 1385 71 1384 71 1421"/></Shape>
	    <String CONTENT="tore honeſto turpis vſurarius, aut impoſtor, in"
                    HPOS="70"
                    VPOS="1384"
                    WIDTH="803"
                    HEIGHT="62"
                    WC="0.98779434599775"></String>
          </TextLine>

          
          
          <TextLine ID="eSc_line_48405870"
                    TAGREFS="LT4176"
                    BASELINE="70 1469 872 1474" 
                    HPOS="69"
                    VPOS="1434"
                    WIDTH="803"
                    HEIGHT="60">
            <Shape><Polygon POINTS="70 1469 69 1482 151 1490 152 1490 152 1490 153 1490 164 1483 165 1483 196 1490 197 1490 225 1485 240 1491 240 1491 241 1491 275 1485 281 1484 287 1485 312 1490 313 1490 349 1486 368 1484 377 1486 387 1489 388 1489 389 1489 400 1487 410 1485 413 1487 419 1492 420 1492 421 1492 422 1492 423 1492 440 1487 443 1487 444 1488 450 1492 451 1492 452 1492 557 1493 558 1493 559 1493 560 1493 565 1489 568 1487 574 1490 580 1492 581 1492 582 1492 603 1490 641 1486 669 1491 680 1493 681 1493 706 1492 779 1487 788 1492 789 1492 790 1492 845 1488 869 1494 872 1474 871 1447 812 1447 811 1446 786 1438 786 1438 785 1438 721 1446 717 1446 716 1446 704 1437 703 1437 702 1437 701 1437 674 1441 636 1438 635 1438 634 1438 633 1438 627 1442 605 1437 604 1437 603 1437 602 1437 601 1437 589 1445 589 1446 554 1446 552 1445 531 1436 530 1436 529 1436 528 1436 499 1443 422 1436 421 1436 420 1436 405 1444 404 1444 401 1444 357 1435 290 1435 289 1435 288 1435 270 1443 269 1443 176 1443 175 1442 159 1434 158 1434 157 1434 156 1434 140 1442 139 1442 70 1442 70 1469"/></Shape>
	    <String CONTENT="mechanicis dictat honeſta viuendi ratione,"
                    HPOS="69"
                    VPOS="1434"
                    WIDTH="803"
                    HEIGHT="60"
                    WC="0.976180522214799"></String>
          </TextLine>

          
          
          <TextLine ID="eSc_line_ea35e26a"
                    TAGREFS="LT4176"
                    BASELINE="59 1521 872 1522" 
                    HPOS="58"
                    VPOS="1484"
                    WIDTH="814"
                    HEIGHT="75">
            <Shape><Polygon POINTS="58 1539 88 1541 105 1553 106 1553 107 1553 108 1553 109 1553 147 1541 183 1541 203 1555 204 1555 205 1555 206 1555 270 1541 272 1541 273 1541 307 1558 308 1558 309 1558 389 1553 413 1558 414 1559 580 1559 580 1558 581 1558 582 1558 599 1545 609 1544 627 1541 870 1545 872 1522 871 1493 835 1493 835 1492 824 1484 823 1484 822 1484 792 1484 791 1484 790 1484 775 1492 775 1493 760 1493 760 1492 748 1484 747 1484 746 1484 745 1484 698 1492 673 1484 672 1484 612 1484 611 1484 610 1484 597 1492 596 1492 558 1486 557 1486 556 1486 555 1486 546 1492 546 1493 486 1493 484 1492 451 1484 450 1484 411 1492 408 1493 327 1493 326 1492 308 1484 307 1484 306 1484 235 1492 228 1492 218 1492 109 1484 108 1484 59 1491 59 1521"/></Shape>
	    <String CONTENT="oportere eſſe contentum, nec defraudandum"
                    HPOS="58"
                    VPOS="1484"
                    WIDTH="814"
                    HEIGHT="75"
                    WC="0.976715480409017"></String>
          </TextLine>

          
        </TextBlock>
        
        <TextBlock HPOS="621"
                   VPOS="1539"
                   WIDTH="104"
                   HEIGHT="43"
                   ID="block_4"
                   TAGREFS="BT10631">
          <Shape><Polygon POINTS="725 1539 725 1582 621 1582 621 1539"/></Shape>
          
          
          <TextLine ID="eSc_line_0434d7a1"
                    TAGREFS="LT4176"
                    BASELINE="636 1569 714 1569" 
                    HPOS="636"
                    VPOS="1542"
                    WIDTH="78"
                    HEIGHT="59">
            <Shape><Polygon POINTS="636 1593 654 1601 655 1601 714 1593 714 1569 713 1542 689 1544 688 1544 687 1544 687 1545 685 1546 677 1553 636 1553 636 1569"/></Shape>
	    <String CONTENT="G 2"
                    HPOS="636"
                    VPOS="1542"
                    WIDTH="78"
                    HEIGHT="59"></String>
          </TextLine>

          
        </TextBlock>
        

        
      </PrintSpace>
    </Page>
  </Layout>
</alto>
