<?xml version="1.0" encoding="UTF-8"?>
<alto xmlns:xsi="http://www.w3.org/2001/XMLSchema-instance"
      xmlns="http://www.loc.gov/standards/alto/ns-v4#"
      xsi:schemaLocation="http://www.loc.gov/standards/alto/ns-v4# http://www.loc.gov/standards/alto/v4/alto-4-2.xsd">
  <Description>
    <MeasurementUnit>pixel</MeasurementUnit>
    <sourceImageInformation>
      <fileName>page_00076.png</fileName>
      
    </sourceImageInformation>
  </Description>
  
  <Tags>
    <OtherTag ID="BT10635" LABEL="NumberingZone" DESCRIPTION="block type NumberingZone"/><OtherTag ID="BT10634" LABEL="DropCapitalZone" DESCRIPTION="block type DropCapitalZone"/><OtherTag ID="BT10633" LABEL="GraphicZone" DESCRIPTION="block type GraphicZone"/><OtherTag ID="BT10632" LABEL="RunningTitleZone" DESCRIPTION="block type RunningTitleZone"/><OtherTag ID="BT10631" LABEL="QuireMarksZone" DESCRIPTION="block type QuireMarksZone"/><OtherTag ID="BT10630" LABEL="MarginTextZone" DESCRIPTION="block type MarginTextZone"/><OtherTag ID="BT10629" LABEL="MainZone" DESCRIPTION="block type MainZone"/>
    <OtherTag ID="LT4179" LABEL="default" DESCRIPTION="line type default"/><OtherTag ID="LT4178" LABEL="CustomLine : BiblicalText" DESCRIPTION="line type CustomLine : BiblicalText"/><OtherTag ID="LT4177" LABEL="HeadingLine" DESCRIPTION="line type HeadingLine"/><OtherTag ID="LT4176" LABEL="DefaultLine" DESCRIPTION="line type DefaultLine"/>
  </Tags>
  
  <Layout>
    <Page WIDTH="1072"
          HEIGHT="1776"
          PHYSICAL_IMG_NR="4"
          ID="eSc_dummypage_">
      <PrintSpace HPOS="0"
                  VPOS="0"
                  WIDTH="1072"
                  HEIGHT="1776">
        
        <TextBlock HPOS="231.44541931152344"
                   VPOS="102.36995697021484"
                   WIDTH="65.19526672363281"
                   HEIGHT="39.173439025878906"
                   ID="block_2"
                   TAGREFS="BT10635">
          <Shape><Polygon POINTS="231.445 102.37 296.641 102.37 296.641 141.543 231.445 141.543 231.445 102.37"/></Shape>
          
          
          <TextLine ID="eSc_line_565e4eb0"
                    TAGREFS="LT4176"
                    BASELINE="233 134 294 131" 
                    HPOS="231"
                    VPOS="102"
                    WIDTH="63"
                    HEIGHT="45">
            <Shape><Polygon POINTS="291 105 281 104 271 104 261 103 253 102 235 105 231 108 233 134 233 147 294 141 294 131 292 105 291 105"/></Shape>
	    <String CONTENT="144"
                    HPOS="231"
                    VPOS="102"
                    WIDTH="63"
                    HEIGHT="45"
                    WC="0.999787330627441"></String>
          </TextLine>

          
        </TextBlock>
        
        <TextBlock HPOS="413.6925964355469"
                   VPOS="79.78899383544922"
                   WIDTH="471.9358215332031"
                   HEIGHT="51.84619903564453"
                   ID="block_1"
                   TAGREFS="BT10632">
          <Shape><Polygon POINTS="413.693 79.789 885.628 79.789 885.628 131.635 413.693 131.635 413.693 79.789"/></Shape>
          
          
          <TextLine ID="eSc_line_a44c66ba"
                    TAGREFS="LT4177"
                    BASELINE="416 123 870 118" 
                    HPOS="415"
                    VPOS="82"
                    WIDTH="455"
                    HEIGHT="58">
            <Shape><Polygon POINTS="849 85 844 85 840 85 830 85 820 85 810 85 800 85 797 85 790 85 780 84 770 84 761 84 751 84 744 84 739 85 735 84 731 84 721 84 711 83 701 83 700 83 688 86 687 86 683 83 682 83 672 83 662 83 660 83 632 86 631 86 630 86 625 82 622 82 612 82 603 82 593 82 585 82 559 87 554 87 549 87 522 83 514 83 504 83 503 83 497 87 496 88 415 88 416 123 417 140 435 134 477 139 488 140 489 140 490 140 491 140 492 139 498 134 515 138 518 139 519 139 520 139 521 139 522 139 523 138 530 133 574 137 596 139 597 139 598 139 603 137 613 132 627 136 634 138 635 138 636 138 655 136 688 131 693 135 695 137 696 137 697 137 698 137 699 137 708 135 721 131 726 134 729 137 730 137 731 137 732 137 870 131 870 118 869 91 859 85"/></Shape>
	    <String CONTENT="COMMENTARII"
                    HPOS="415"
                    VPOS="82"
                    WIDTH="455"
                    HEIGHT="58"
                    WC="0.996713746677745"></String>
          </TextLine>

          
        </TextBlock>
        
        <TextBlock HPOS="221.29335021972656"
                   VPOS="139.32864379882812"
                   WIDTH="785.4712982177734"
                   HEIGHT="1430.7915954589844"
                   ID="block_0"
                   TAGREFS="BT10629">
          <Shape><Polygon POINTS="221.293 139.329 1006.76 139.329 1006.76 1570.12 221.293 1570.12 221.293 139.329"/></Shape>
          
          
          <TextLine ID="eSc_line_77343f44"
                    TAGREFS="LT4176"
                    BASELINE="229 184 453 178 994 173" 
                    HPOS="227"
                    VPOS="132"
                    WIDTH="767"
                    HEIGHT="68">
            <Shape><Polygon POINTS="978 146 968 144 958 143 948 141 938 139 928 137 918 136 916 135 910 135 909 135 908 135 907 135 907 136 902 141 901 142 856 142 853 141 830 132 829 132 828 132 827 132 811 141 801 133 800 133 799 133 764 133 763 133 762 133 744 141 742 141 739 141 721 136 720 136 719 136 718 136 717 136 711 141 707 144 679 144 673 141 666 137 665 137 664 137 663 137 656 141 649 144 638 141 621 135 620 135 619 135 542 139 541 139 538 141 530 145 520 141 510 136 509 136 508 136 459 141 392 147 365 147 354 141 349 138 348 138 347 138 289 139 288 139 287 139 286 141 280 145 268 141 264 139 263 139 262 139 227 140 229 184 229 200 271 195 296 200 297 200 298 200 315 194 356 199 357 199 427 190 454 195 455 195 485 189 589 194 590 194 591 194 592 194 602 188 612 193 613 193 614 193 652 187 703 193 704 193 705 193 718 188 746 194 747 194 831 186 897 193 904 193 905 193 910 193 958 184 968 192 969 192 970 192 971 192 993 191 994 173 985 147 978 146"/></Shape>
	    <String CONTENT="ſtolus hunc ordinem ſeruat. Initio dat præce"
                    HPOS="227"
                    VPOS="132"
                    WIDTH="767"
                    HEIGHT="68"
                    WC="0.985999818552624"></String>
          </TextLine>

          
          
          <TextLine ID="eSc_line_862fd189"
                    TAGREFS="LT4176"
                    BASELINE="231 232 995 222" 
                    HPOS="230"
                    VPOS="180"
                    WIDTH="765"
                    HEIGHT="72">
            <Shape><Polygon POINTS="231 232 231 252 261 252 261 251 262 251 282 243 355 250 363 250 364 250 365 250 366 250 366 249 380 241 463 247 464 247 520 239 631 246 646 246 647 246 648 246 650 245 670 236 716 236 765 244 769 244 770 244 777 243 833 235 890 242 896 242 897 242 901 242 930 235 954 241 956 241 957 241 958 241 959 241 960 241 977 233 993 240 995 222 994 193 967 181 966 181 935 180 934 180 933 180 902 194 783 196 745 196 725 183 724 183 723 183 722 183 721 183 688 196 627 196 614 185 613 185 612 185 612 185 549 186 548 186 547 186 531 198 511 192 510 192 509 192 508 192 507 192 503 196 487 187 486 187 440 187 439 187 382 188 382 188 381 188 370 197 359 191 358 191 357 191 356 191 317 201 270 190 269 190 268 190 267 190 256 200 230 203 231 232"/></Shape>
	    <String CONTENT="ptũ quod ſeruis eſt ſequendum: mox addit"
                    HPOS="230"
                    VPOS="180"
                    WIDTH="765"
                    HEIGHT="72"
                    WC="0.986006857418432"></String>
          </TextLine>

          
          
          <TextLine ID="eSc_line_7f4eb969"
                    TAGREFS="LT4176"
                    BASELINE="231 282 991 270" 
                    HPOS="230"
                    VPOS="235"
                    WIDTH="761"
                    HEIGHT="66">
            <Shape><Polygon POINTS="231 282 231 301 303 293 343 298 356 300 357 300 358 300 363 298 377 291 420 291 460 296 477 297 478 297 479 297 489 295 507 290 523 294 529 296 530 296 531 296 551 294 573 291 582 293 602 296 603 296 604 296 618 292 627 289 635 291 647 295 648 295 649 295 650 295 661 291 667 288 672 290 682 294 683 294 684 294 685 294 686 294 690 290 695 287 719 287 724 289 735 295 736 295 737 295 797 294 798 294 799 294 808 286 810 285 842 285 843 285 853 293 854 293 855 293 856 293 902 284 904 284 905 284 956 291 957 291 958 291 991 281 991 270 989 241 956 236 955 236 911 242 907 242 897 235 896 235 895 235 894 235 856 242 832 236 831 236 830 236 792 244 789 244 787 244 741 237 740 237 739 237 738 237 726 245 725 245 701 239 700 239 699 239 698 239 697 239 689 245 620 242 619 242 587 247 586 247 484 241 483 241 230 253 231 282"/></Shape>
	    <String CONTENT="præcepti rationem : tertiò reſpondet impa¬"
                    HPOS="230"
                    VPOS="235"
                    WIDTH="761"
                    HEIGHT="66"></String>
          </TextLine>

          
          
          <TextLine ID="eSc_line_43ae5a1f"
                    TAGREFS="LT4176"
                    BASELINE="229 330 991 319" 
                    HPOS="228"
                    VPOS="284"
                    WIDTH="763"
                    HEIGHT="63">
            <Shape><Polygon POINTS="229 330 229 346 297 340 308 346 311 347 312 347 313 347 314 347 320 345 337 340 346 345 350 347 351 347 352 347 353 347 358 345 365 342 404 344 435 346 436 346 455 344 506 337 537 337 548 343 551 344 552 344 553 344 554 344 558 342 575 336 624 342 639 343 640 343 641 343 645 341 658 335 705 341 711 341 712 341 713 341 714 341 723 334 741 340 744 341 745 341 746 341 752 340 783 333 898 338 919 339 920 339 928 338 969 331 989 337 991 319 988 284 917 294 898 294 886 286 885 285 884 285 883 285 882 285 881 285 880 285 879 286 869 294 848 294 820 288 806 285 805 285 804 285 795 288 777 296 755 296 744 290 736 286 735 286 734 286 629 288 628 288 619 293 615 295 606 293 583 288 582 288 581 288 580 288 572 294 566 296 542 295 533 294 532 294 524 295 500 298 459 296 368 291 367 291 366 291 348 298 344 300 336 299 295 292 294 292 293 292 276 300 273 302 228 302 229 330"/></Shape>
	    <String CONTENT="tientiæ ſeruorum, de fidelibus dominis ex¬"
                    HPOS="228"
                    VPOS="284"
                    WIDTH="763"
                    HEIGHT="63"
                    WC="0.983533037560327"></String>
          </TextLine>

          
          
          <TextLine ID="eSc_line_a56bbc6f"
                    TAGREFS="LT4176"
                    BASELINE="229 378 989 369" 
                    HPOS="229"
                    VPOS="333"
                    WIDTH="760"
                    HEIGHT="62">
            <Shape><Polygon POINTS="229 378 229 394 284 395 285 395 286 395 289 394 306 387 410 392 413 392 414 392 415 392 433 386 449 392 452 393 453 393 454 393 465 392 499 387 505 391 505 392 506 392 507 392 508 392 509 392 512 391 534 384 574 390 581 391 582 391 583 391 585 390 595 385 607 389 608 389 609 389 610 389 611 389 611 388 615 383 685 382 718 388 719 389 733 389 833 389 833 388 834 388 837 387 863 380 889 387 891 387 892 387 893 387 894 387 895 387 913 379 987 385 989 369 988 338 977 333 976 333 975 333 974 333 959 338 953 340 946 339 918 333 918 333 917 333 916 333 905 339 899 343 894 340 887 336 886 336 885 336 884 336 876 340 869 344 835 344 831 341 825 336 824 336 823 336 778 335 777 335 776 335 759 342 752 345 734 343 685 336 684 336 683 336 682 336 672 344 668 347 630 347 627 345 620 339 619 339 618 339 553 338 552 338 551 338 532 347 528 348 518 347 486 343 485 343 461 348 456 349 454 348 441 341 440 341 439 341 384 350 379 351 333 351 330 351 315 341 314 341 313 341 312 341 229 352 229 378"/></Shape>
	    <String CONTENT="cipientium : quartò, hoc ipſum firma ratione"
                    HPOS="229"
                    VPOS="333"
                    WIDTH="760"
                    HEIGHT="62"
                    WC="0.968936477767097"></String>
          </TextLine>

          
          
          <TextLine ID="eSc_line_d61ff3ed"
                    TAGREFS="LT4176"
                    BASELINE="231 429 982 417" 
                    HPOS="230"
                    VPOS="381"
                    WIDTH="752"
                    HEIGHT="61">
            <Shape><Polygon POINTS="231 429 231 437 398 436 416 442 417 442 418 442 480 435 488 434 510 434 660 438 661 438 982 428 982 417 981 393 963 384 962 384 933 384 932 384 931 384 901 393 898 394 897 393 882 381 881 381 880 381 858 381 857 381 856 381 855 381 855 382 850 387 840 382 839 382 838 382 785 383 784 383 783 383 765 394 762 396 754 394 738 390 737 390 736 390 677 394 627 398 621 395 614 391 613 391 612 391 612 391 605 395 600 398 596 395 592 391 591 391 590 391 589 391 588 391 579 395 568 386 567 386 566 386 543 386 542 386 501 387 500 387 499 387 486 395 478 401 461 401 441 397 440 397 357 402 335 396 314 390 313 390 312 390 289 391 288 391 277 396 261 404 230 397 231 429"/></Shape>
	    <String CONTENT="probat : quintò demum concludit locum."
                    HPOS="230"
                    VPOS="381"
                    WIDTH="752"
                    HEIGHT="61"
                    WC="0.982422571915847"></String>
          </TextLine>

          
          
          <TextLine ID="eSc_line_654e849f"
                    TAGREFS="LT4176"
                    BASELINE="229 478 986 469" 
                    HPOS="229"
                    VPOS="432"
                    WIDTH="757"
                    HEIGHT="67">
            <Shape><Polygon POINTS="229 478 229 492 250 491 257 493 268 497 269 497 270 497 271 497 272 497 277 493 281 490 370 486 379 493 382 496 383 496 384 496 385 496 386 496 393 493 406 486 414 493 421 498 422 498 423 498 424 499 442 499 442 498 443 498 444 498 453 492 466 484 520 484 533 492 538 497 539 497 540 497 541 497 542 497 554 492 561 497 562 497 563 497 564 497 615 496 616 496 617 496 622 492 623 491 627 492 644 496 645 496 646 496 647 496 648 496 654 492 666 483 723 482 740 482 754 491 758 494 759 494 760 494 761 495 816 495 816 494 842 493 843 493 844 493 847 491 859 482 879 491 881 491 882 491 883 491 884 491 886 491 916 479 961 479 984 490 986 469 984 444 919 443 899 432 898 432 897 432 896 432 864 442 842 434 842 434 841 434 797 442 764 433 763 433 762 433 728 439 654 434 653 434 652 434 651 434 632 447 624 447 603 447 602 447 585 435 584 435 583 435 567 435 566 435 531 441 521 437 520 437 519 437 518 437 517 437 509 443 486 436 485 436 484 436 452 440 451 440 450 440 437 449 436 450 392 450 391 450 382 443 381 443 380 443 343 438 342 438 341 438 309 451 307 452 229 452 229 478"/></Shape>
	    <String CONTENT="Sunt illa, πρότασις, κἁίτιον, ἀνθυποφορὰ, κατασκευὴς,"
                    HPOS="229"
                    VPOS="432"
                    WIDTH="757"
                    HEIGHT="67"></String>
          </TextLine>

          
          
          <TextLine ID="eSc_line_0a8226d1"
                    TAGREFS="LT4176"
                    BASELINE="232 528 510 522" 
                    HPOS="230"
                    VPOS="488"
                    WIDTH="280"
                    HEIGHT="54">
            <Shape><Polygon POINTS="232 528 232 537 243 542 244 542 245 542 246 542 247 542 255 536 323 542 324 542 325 542 326 542 335 534 336 534 337 534 398 540 399 540 400 540 418 532 419 532 420 532 447 539 448 539 449 539 450 539 463 531 464 531 466 531 492 537 493 537 494 537 510 530 510 522 507 502 489 502 485 501 457 488 456 488 455 488 454 488 453 488 440 499 437 502 404 504 397 498 388 490 388 489 387 489 386 489 370 489 369 489 368 489 367 489 357 496 346 504 335 500 334 500 333 500 283 506 259 493 258 492 257 492 230 492 232 528"/></Shape>
	    <String CONTENT="&amp; συμπέρασμα."
                    HPOS="230"
                    VPOS="488"
                    WIDTH="280"
                    HEIGHT="54"></String>
          </TextLine>

          
          
          <TextLine ID="eSc_line_334218ad"
                    TAGREFS="LT4176"
                    BASELINE="271 578 457 572 991 567" 
                    HPOS="270"
                    VPOS="520"
                    WIDTH="721"
                    HEIGHT="73">
            <Shape><Polygon POINTS="988 521 932 521 931 521 930 521 928 522 913 531 866 531 857 524 852 520 851 520 850 520 849 520 811 525 807 525 803 525 758 522 757 522 756 522 744 527 738 529 735 527 727 521 726 521 725 521 724 521 670 526 635 522 634 522 633 522 619 530 618 530 605 523 604 523 603 523 560 530 538 523 537 523 536 523 504 524 503 524 502 524 488 533 483 536 428 536 424 535 410 529 409 529 408 529 378 535 360 526 359 526 352 526 341 537 340 538 270 538 271 578 271 583 283 590 284 590 285 590 286 590 299 586 354 593 355 593 382 592 383 592 384 592 397 584 437 586 438 586 439 586 455 581 484 582 492 589 492 590 493 590 494 590 495 590 496 590 526 581 589 585 590 585 629 579 633 579 634 579 650 589 651 589 652 589 653 589 654 589 668 583 691 583 699 589 700 589 701 589 702 589 703 589 732 582 753 587 754 587 755 587 756 587 757 587 766 580 790 588 791 588 792 589 842 589 842 588 842 588 866 577 870 576 911 577 923 577 942 587 943 587 944 587 990 576 991 567 989 526 988 521"/></Shape>
	    <String CONTENT="Propoſitio eſt in illis verbis, QVICVUNQVE"
                    HPOS="270"
                    VPOS="520"
                    WIDTH="721"
                    HEIGHT="73"></String>
          </TextLine>

          
          
          <TextLine ID="eSc_line_609ddd64"
                    TAGREFS="LT4176"
                    BASELINE="235 625 988 615" 
                    HPOS="234"
                    VPOS="583"
                    WIDTH="754"
                    HEIGHT="57">
            <Shape><Polygon POINTS="235 625 235 636 280 640 281 640 301 635 315 631 387 631 408 633 432 636 433 636 454 632 468 630 488 632 521 635 522 635 523 635 532 631 536 629 572 630 685 635 686 635 687 635 688 635 697 628 698 627 701 628 724 634 725 634 726 634 774 629 828 633 829 633 858 627 911 632 912 632 988 622 988 615 986 586 913 583 912 583 911 583 902 587 893 591 871 588 865 587 864 587 851 588 814 592 808 589 805 586 804 586 803 586 802 586 754 590 735 591 725 590 688 586 687 586 686 586 675 591 669 593 664 591 654 587 653 587 652 587 621 592 620 592 618 592 554 588 553 588 552 588 537 593 532 595 522 593 496 589 495 589 494 589 478 594 474 595 470 594 454 590 453 590 452 590 451 590 435 595 430 597 234 598 235 625"/></Shape>
	    <String CONTENT="SVBIVGO SVNT SERVI, PROPRIOS HEROS"
                    HPOS="234"
                    VPOS="583"
                    WIDTH="754"
                    HEIGHT="57"></String>
          </TextLine>

          
          
          <TextLine ID="eSc_line_7b68190b"
                    TAGREFS="LT4176"
                    BASELINE="230 674 992 663" 
                    HPOS="229"
                    VPOS="627"
                    WIDTH="763"
                    HEIGHT="64">
            <Shape><Polygon POINTS="230 674 230 682 250 690 251 690 252 691 293 691 293 690 358 680 434 680 474 687 475 687 476 687 502 679 598 683 599 683 600 683 612 677 651 684 652 684 653 684 665 679 765 682 765 682 766 682 786 676 847 681 848 681 951 679 992 670 992 663 989 634 915 636 909 634 897 628 896 628 895 628 894 628 879 634 872 637 779 638 771 634 764 628 763 628 762 628 733 627 732 627 731 627 711 634 701 638 637 640 626 634 617 629 616 629 615 629 541 630 518 634 469 643 411 634 406 634 405 634 404 634 403 634 382 644 359 638 358 638 357 638 356 638 340 643 329 635 328 635 327 635 326 635 281 641 229 635 230 674"/></Shape>
	    <String CONTENT="OMNI HONOREDIGNOS IVDICENT. Præce¬"
                    HPOS="229"
                    VPOS="627"
                    WIDTH="763"
                    HEIGHT="64"
                    WC="0.968748438007691"></String>
          </TextLine>

          
          
          <TextLine ID="eSc_line_da797b2e"
                    TAGREFS="LT4176"
                    BASELINE="231 723 993 713" 
                    HPOS="230"
                    VPOS="670"
                    WIDTH="763"
                    HEIGHT="69">
            <Shape><Polygon POINTS="231 723 231 739 297 738 298 738 299 738 309 730 353 736 359 737 360 737 377 736 465 728 556 731 583 732 584 732 600 730 634 726 653 729 679 733 680 733 714 727 718 727 719 727 728 732 729 732 730 732 781 731 782 731 783 731 790 726 791 725 796 725 839 731 840 731 867 726 940 729 941 729 993 720 993 713 991 670 974 670 973 670 972 670 971 670 956 683 901 683 885 676 884 676 883 676 882 676 881 676 870 683 840 677 839 677 838 677 837 677 828 685 799 685 781 676 772 672 771 672 770 672 769 672 752 677 740 680 734 677 726 673 725 673 688 673 687 673 686 673 685 673 677 679 675 680 674 679 663 674 662 674 661 674 603 675 602 675 589 682 578 688 553 688 545 683 533 676 532 676 507 676 506 676 505 676 504 676 495 684 484 676 483 676 482 676 481 676 450 677 449 677 422 687 416 689 413 687 399 677 398 677 397 677 383 677 382 677 382 677 352 689 348 691 290 691 289 691 275 685 274 685 273 685 230 692 231 723"/></Shape>
	    <String CONTENT="ptum eſt, cuius ſententia ſit, ſerui dominis"
                    HPOS="230"
                    VPOS="670"
                    WIDTH="763"
                    HEIGHT="69"
                    WC="0.971153471957554"></String>
          </TextLine>

          
          
          <TextLine ID="eSc_line_4c4d5896"
                    TAGREFS="LT4176"
                    BASELINE="229 772 995 762" 
                    HPOS="228"
                    VPOS="722"
                    WIDTH="767"
                    HEIGHT="66">
            <Shape><Polygon POINTS="229 772 229 781 256 788 257 788 290 780 306 777 331 780 366 784 367 784 368 784 385 779 396 776 405 779 420 784 421 784 422 784 423 784 424 784 430 779 432 777 434 778 439 781 440 781 441 781 454 778 468 775 557 777 671 779 672 779 673 779 685 775 694 772 704 775 730 782 731 782 732 782 733 782 753 775 917 780 918 780 995 770 995 762 993 722 920 729 887 724 886 724 885 724 884 724 874 731 846 724 842 724 842 724 841 724 839 725 804 738 757 738 707 732 706 732 705 732 704 732 696 739 639 739 629 732 628 732 627 732 626 732 589 740 530 740 510 731 505 729 504 729 480 729 479 729 478 729 477 729 473 732 467 736 462 732 459 730 459 730 458 730 457 730 456 730 455 730 453 732 447 737 433 733 425 730 424 730 423 730 405 733 394 735 392 733 388 730 387 730 386 730 385 730 343 731 342 731 341 731 336 735 322 742 299 744 251 744 228 737 229 772"/></Shape>
	    <String CONTENT="ſuis officium ſuum omni reuerentia quàm"
                    HPOS="228"
                    VPOS="722"
                    WIDTH="767"
                    HEIGHT="66"
                    WC="0.976808394491673"></String>
          </TextLine>

          
          
          <TextLine ID="eSc_line_478bed5f"
                    TAGREFS="LT4176"
                    BASELINE="231 820 799 814" 
                    HPOS="230"
                    VPOS="774"
                    WIDTH="569"
                    HEIGHT="64">
            <Shape><Polygon POINTS="231 820 231 838 272 838 273 838 274 838 295 826 337 836 345 837 346 837 347 837 348 837 348 836 350 835 360 825 414 832 415 832 416 832 417 832 427 826 519 829 540 829 541 829 542 829 545 828 556 822 580 826 586 827 587 827 600 826 635 821 646 824 666 830 667 830 668 830 702 825 723 831 724 831 725 831 726 831 727 831 727 830 736 823 772 828 773 828 774 828 799 818 799 814 797 787 771 787 761 777 760 777 759 777 758 777 757 777 742 784 732 775 732 774 731 774 730 774 717 774 716 774 695 775 694 775 693 775 693 776 682 787 628 777 627 777 626 777 625 777 616 784 605 780 604 780 603 780 602 780 585 787 578 781 577 781 576 781 575 781 574 781 573 781 568 785 545 777 544 777 508 777 507 777 506 777 505 777 491 790 458 790 424 778 423 778 422 778 421 778 409 783 394 778 393 778 392 778 391 778 390 778 390 779 379 790 364 779 363 779 362 779 361 779 360 779 334 791 304 784 303 784 302 784 281 792 258 780 257 780 256 780 255 780 230 792 231 820"/></Shape>
	    <String CONTENT="promptiſsimè debent præſtare."
                    HPOS="230"
                    VPOS="774"
                    WIDTH="569"
                    HEIGHT="64"
                    WC="0.981832406918208"></String>
          </TextLine>

          
          
          <TextLine ID="eSc_line_fb58b71c"
                    TAGREFS="LT4176"
                    BASELINE="277 869 995 861" 
                    HPOS="276"
                    VPOS="814"
                    WIDTH="719"
                    HEIGHT="71">
            <Shape><Polygon POINTS="466 818 465 818 464 818 415 825 376 819 375 819 374 819 373 819 361 828 357 830 276 829 277 869 277 877 295 877 296 877 304 884 305 884 306 884 306 885 357 885 357 884 358 884 376 877 378 877 386 877 441 883 442 883 443 883 444 883 450 877 451 876 486 875 498 877 510 880 511 880 512 880 513 880 515 877 518 875 525 877 532 880 533 880 534 881 632 881 632 880 633 880 638 877 646 873 662 877 672 880 673 880 674 880 688 877 711 873 866 877 897 878 898 878 904 877 952 870 961 877 962 877 963 877 964 878 994 878 995 861 993 824 931 815 930 815 867 824 854 814 853 814 852 814 815 814 814 814 771 822 737 815 736 815 735 815 734 815 724 824 700 817 699 817 698 817 669 822 644 816 643 816 642 816 641 816 640 816 640 817 633 823 618 817 617 817 616 817 584 823 570 818 569 818 568 818 567 818 540 827 535 829 484 829 481 827 467 818 466 818"/></Shape>
	    <String CONTENT="Qui ſerui ſint deſcribit, οἱ ὑπὸ ζυγόν, eos hu"
                    HPOS="276"
                    VPOS="814"
                    WIDTH="719"
                    HEIGHT="71"></String>
          </TextLine>

          
          
          <TextLine ID="eSc_line_f226ab44"
                    TAGREFS="LT4176"
                    BASELINE="228 921 994 910" 
                    HPOS="227"
                    VPOS="865"
                    WIDTH="767"
                    HEIGHT="70">
            <Shape><Polygon POINTS="228 921 228 935 284 929 330 934 338 934 339 934 346 933 386 927 512 930 519 930 520 930 524 930 591 924 626 928 643 930 644 930 695 927 789 921 993 921 994 910 993 880 945 865 944 865 943 865 862 879 845 882 810 880 810 879 791 867 790 867 789 867 788 867 710 868 709 868 688 877 669 869 668 869 641 869 640 869 639 869 638 869 621 879 599 872 598 872 597 872 596 872 582 879 568 887 505 887 491 879 490 879 489 879 488 879 464 887 446 879 437 875 436 875 435 875 434 875 433 875 427 879 411 888 361 889 319 889 293 879 283 875 282 875 281 875 227 878 228 921"/></Shape>
	    <String CONTENT="militatis admonens à qualitate conditionis:"
                    HPOS="227"
                    VPOS="865"
                    WIDTH="767"
                    HEIGHT="70"
                    WC="0.980661401694471"></String>
          </TextLine>

          
          
          <TextLine ID="eSc_line_eea9c775"
                    TAGREFS="LT4176"
                    BASELINE="228 970 995 960" 
                    HPOS="227"
                    VPOS="916"
                    WIDTH="768"
                    HEIGHT="73">
            <Shape><Polygon POINTS="228 970 228 978 245 979 255 988 256 988 257 988 258 989 297 989 297 988 298 988 322 981 331 987 332 987 333 987 334 988 366 988 366 987 367 987 368 987 384 976 454 976 471 985 472 985 473 986 505 986 505 985 540 977 602 983 603 983 604 983 605 983 612 976 672 974 708 978 709 978 755 973 779 979 780 979 781 979 782 979 783 979 783 978 792 971 850 975 851 975 877 970 894 975 895 975 896 975 995 967 995 960 993 933 924 916 923 916 806 918 805 918 794 924 786 918 785 918 784 918 783 918 670 920 669 920 641 934 635 937 619 934 603 931 602 931 601 931 600 931 596 934 591 938 435 940 425 935 409 926 408 926 407 926 406 926 382 935 364 942 300 942 289 935 279 930 278 930 277 930 276 930 275 930 267 935 266 936 265 936 251 929 250 929 249 929 248 929 227 935 228 970"/></Shape>
	    <String CONTENT="ſub iugo ſunt, igitur patientia opus eſt. Item"
                    HPOS="227"
                    VPOS="916"
                    WIDTH="768"
                    HEIGHT="73"
                    WC="0.994374959365181"></String>
          </TextLine>

          
          
          <TextLine ID="eSc_line_09892aab"
                    TAGREFS="LT4176"
                    BASELINE="229 1020 996 1009" 
                    HPOS="228"
                    VPOS="969"
                    WIDTH="768"
                    HEIGHT="62">
            <Shape><Polygon POINTS="229 1020 229 1028 418 1026 422 1027 431 1031 432 1031 433 1031 434 1031 444 1027 450 1025 490 1027 575 1031 576 1031 597 1026 610 1023 614 1026 619 1030 620 1030 621 1030 622 1031 646 1031 646 1030 647 1030 658 1026 666 1023 704 1025 746 1028 747 1028 778 1025 817 1021 833 1025 842 1027 843 1027 844 1027 845 1027 846 1027 849 1024 852 1022 883 1024 898 1025 899 1025 900 1025 904 1024 925 1019 995 1023 996 1009 995 969 929 969 928 969 927 969 926 969 924 971 910 983 877 985 835 985 819 976 818 976 817 976 788 979 782 976 777 972 776 972 775 972 774 972 651 973 650 973 649 973 640 980 636 984 630 981 628 980 627 980 626 980 625 980 624 980 623 981 612 988 589 983 588 983 543 989 511 985 480 981 479 981 455 987 436 991 395 990 393 989 375 977 374 977 373 977 372 977 371 977 370 977 355 990 343 983 342 983 341 983 340 983 324 991 323 992 322 991 310 983 309 983 308 983 307 983 306 983 278 993 276 994 228 994 229 1020"/></Shape>
	    <String CONTENT="iugum hoc excuti propria authoritate non"
                    HPOS="228"
                    VPOS="969"
                    WIDTH="768"
                    HEIGHT="62"
                    WC="0.978610149025917"></String>
          </TextLine>

          
          
          <TextLine ID="eSc_line_1cff147d"
                    TAGREFS="LT4176"
                    BASELINE="229 1068 995 1057" 
                    HPOS="228"
                    VPOS="1015"
                    WIDTH="767"
                    HEIGHT="69">
            <Shape><Polygon POINTS="229 1068 229 1075 285 1084 286 1084 287 1084 303 1076 366 1083 367 1083 420 1075 556 1077 557 1077 558 1077 578 1071 631 1076 632 1076 664 1070 962 1074 963 1074 964 1074 995 1064 995 1057 992 1015 971 1022 961 1016 960 1015 959 1015 958 1015 957 1015 854 1016 853 1016 842 1020 828 1026 819 1021 813 1017 812 1017 811 1017 810 1017 743 1023 729 1018 728 1018 727 1018 726 1018 711 1025 701 1030 687 1026 679 1024 678 1024 677 1024 676 1024 675 1024 672 1027 664 1033 649 1027 647 1027 646 1027 645 1027 644 1027 642 1028 620 1036 610 1029 600 1022 599 1022 598 1022 597 1022 596 1022 595 1022 583 1030 572 1036 560 1031 540 1021 539 1021 514 1021 513 1021 512 1021 489 1033 479 1038 285 1040 284 1040 258 1027 257 1027 256 1027 255 1027 228 1040 229 1068"/></Shape>
	    <String CONTENT="debet, quemadmodum iumenta ſubiugata"
                    HPOS="228"
                    VPOS="1015"
                    WIDTH="767"
                    HEIGHT="69"
                    WC="0.993548012442059"></String>
          </TextLine>

          
          
          <TextLine ID="eSc_line_1537867c"
                    TAGREFS="LT4176"
                    BASELINE="229 1119 521 1111 995 1106" 
                    HPOS="228"
                    VPOS="1063"
                    WIDTH="767"
                    HEIGHT="68">
            <Shape><Polygon POINTS="229 1119 229 1124 284 1131 285 1131 367 1123 372 1122 479 1121 481 1122 487 1126 488 1126 489 1126 490 1126 525 1121 537 1120 594 1121 732 1123 733 1123 790 1119 827 1116 841 1118 857 1121 858 1121 995 1116 995 1106 993 1063 971 1063 970 1063 969 1063 968 1063 937 1080 867 1080 849 1068 846 1065 845 1065 844 1065 843 1065 784 1066 783 1066 782 1066 777 1071 774 1072 772 1071 768 1067 767 1067 766 1067 765 1067 645 1068 644 1068 613 1077 585 1086 553 1086 544 1079 531 1070 530 1070 529 1070 528 1070 527 1070 526 1070 512 1081 511 1081 506 1081 462 1078 461 1078 460 1078 459 1078 453 1083 446 1088 417 1088 411 1085 401 1079 400 1079 399 1079 398 1079 397 1079 389 1085 384 1089 364 1089 357 1087 327 1078 326 1078 325 1078 324 1078 304 1084 289 1080 288 1080 287 1080 286 1080 285 1080 272 1090 271 1091 228 1091 229 1119"/></Shape>
	    <String CONTENT="non laudantur ſi excutiant illud aut recal¬"
                    HPOS="228"
                    VPOS="1063"
                    WIDTH="767"
                    HEIGHT="68"
                    WC="0.987514504166537"></String>
          </TextLine>

          
          
          <TextLine ID="eSc_line_50146fbf"
                    TAGREFS="LT4176"
                    BASELINE="229 1168 561 1159 995 1156" 
                    HPOS="228"
                    VPOS="1111"
                    WIDTH="767"
                    HEIGHT="72">
            <Shape><Polygon POINTS="229 1168 229 1175 240 1183 241 1183 242 1183 243 1183 342 1182 343 1182 368 1172 373 1169 436 1169 447 1170 505 1180 506 1180 507 1180 527 1169 530 1167 592 1167 594 1168 604 1173 605 1173 606 1173 638 1167 645 1166 651 1167 670 1171 671 1171 719 1167 741 1176 742 1176 743 1176 744 1176 776 1167 921 1174 922 1174 971 1171 972 1171 995 1161 995 1156 992 1111 938 1113 937 1113 936 1113 920 1126 884 1116 883 1116 882 1116 881 1116 880 1116 870 1124 858 1115 855 1113 854 1113 853 1113 852 1113 823 1116 797 1119 793 1117 786 1114 785 1114 784 1114 734 1115 733 1115 715 1120 684 1129 662 1122 646 1116 645 1116 644 1116 625 1117 624 1117 623 1117 615 1123 609 1128 587 1124 562 1120 561 1120 560 1120 540 1126 523 1131 513 1127 507 1124 506 1124 505 1124 504 1124 496 1127 485 1132 458 1129 449 1128 448 1128 440 1129 421 1133 415 1130 401 1123 400 1123 399 1123 398 1123 373 1132 365 1135 228 1136 229 1168"/></Shape>
	    <String CONTENT="citrent. Hoc agnoſcant ſerui, præ ſertim pie¬"
                    HPOS="228"
                    VPOS="1111"
                    WIDTH="767"
                    HEIGHT="72"
                    WC="0.976200057400597"></String>
          </TextLine>

          
          
          <TextLine ID="eSc_line_e6bcdbfe"
                    TAGREFS="LT4176"
                    BASELINE="229 1216 426 1208 995 1204" 
                    HPOS="228"
                    VPOS="1161"
                    WIDTH="767"
                    HEIGHT="65">
            <Shape><Polygon POINTS="229 1216 229 1223 382 1226 383 1226 444 1220 461 1219 463 1220 473 1225 474 1225 475 1225 476 1225 477 1225 484 1220 485 1219 492 1220 515 1223 516 1223 517 1223 518 1223 523 1219 526 1218 546 1219 617 1223 618 1223 619 1223 620 1223 628 1218 630 1217 641 1218 687 1221 688 1221 689 1221 696 1217 698 1216 723 1216 872 1221 873 1221 994 1212 995 1204 991 1161 934 1177 910 1169 909 1169 908 1169 907 1169 906 1169 899 1174 885 1164 884 1163 883 1163 882 1163 881 1163 765 1164 765 1164 764 1164 759 1168 751 1175 741 1169 732 1164 731 1164 697 1164 696 1164 695 1164 679 1170 666 1165 665 1165 664 1165 663 1165 662 1165 653 1172 645 1177 620 1180 602 1173 592 1170 591 1170 558 1169 557 1169 514 1176 478 1182 465 1178 436 1167 435 1167 434 1167 433 1167 392 1180 383 1183 377 1181 365 1176 364 1176 363 1176 362 1176 361 1176 353 1181 350 1184 228 1184 229 1216"/></Shape>
	    <String CONTENT="tatem profitentes. Deinde addita eſt clauſu¬"
                    HPOS="228"
                    VPOS="1161"
                    WIDTH="767"
                    HEIGHT="65"
                    WC="0.983042767102068"></String>
          </TextLine>

          
          
          <TextLine ID="eSc_line_0f86cf1a"
                    TAGREFS="LT4176"
                    BASELINE="229 1264 431 1257 995 1254" 
                    HPOS="229"
                    VPOS="1216"
                    WIDTH="766"
                    HEIGHT="61">
            <Shape><Polygon POINTS="229 1264 229 1273 294 1277 295 1277 317 1272 332 1269 344 1272 365 1276 366 1276 367 1276 383 1271 394 1268 412 1271 436 1274 437 1274 438 1274 439 1274 445 1270 451 1267 485 1267 503 1269 548 1275 549 1275 582 1268 590 1266 592 1268 599 1273 600 1273 601 1273 602 1273 603 1273 612 1269 654 1274 655 1274 656 1274 657 1274 666 1266 669 1265 698 1266 858 1272 859 1272 860 1272 873 1265 910 1271 911 1271 912 1271 928 1264 941 1271 942 1271 943 1272 978 1272 978 1271 979 1271 980 1271 995 1261 995 1254 995 1226 964 1216 963 1216 926 1216 925 1216 924 1216 923 1216 911 1226 905 1231 880 1231 797 1226 774 1225 773 1225 765 1226 737 1232 718 1226 692 1218 691 1218 690 1218 689 1218 671 1226 655 1234 633 1234 624 1226 615 1219 614 1219 613 1219 612 1219 569 1221 568 1221 567 1221 560 1226 550 1234 476 1234 465 1227 457 1220 456 1220 455 1220 454 1220 399 1221 398 1221 382 1227 363 1234 350 1227 342 1223 341 1223 340 1223 315 1227 295 1230 273 1227 236 1222 235 1222 234 1222 233 1222 229 1225 229 1264"/></Shape>
	    <String CONTENT="Ia vniuerſalis ὅσι, admonens etiam eos qui"
                    HPOS="229"
                    VPOS="1216"
                    WIDTH="766"
                    HEIGHT="61"></String>
          </TextLine>

          
          
          <TextLine ID="eSc_line_e3c7efa7"
                    TAGREFS="LT4176"
                    BASELINE="228 1312 449 1306 995 1304" 
                    HPOS="227"
                    VPOS="1264"
                    WIDTH="768"
                    HEIGHT="64">
            <Shape><Polygon POINTS="228 1312 229 1328 261 1320 287 1325 288 1325 289 1325 290 1325 300 1319 314 1327 315 1327 316 1327 317 1328 356 1328 356 1327 357 1327 358 1327 359 1326 373 1318 446 1318 454 1324 456 1326 457 1326 458 1326 459 1327 478 1327 478 1326 479 1326 480 1326 483 1323 490 1318 524 1323 530 1323 531 1323 537 1322 562 1319 569 1322 576 1325 577 1325 578 1325 579 1325 590 1321 600 1318 630 1321 640 1321 641 1321 648 1320 673 1316 694 1316 698 1319 703 1324 704 1324 705 1324 706 1325 758 1325 758 1324 814 1317 825 1316 828 1317 843 1323 844 1323 845 1324 889 1324 889 1323 995 1313 995 1304 994 1273 956 1273 955 1272 940 1264 939 1264 900 1264 899 1264 898 1264 881 1272 879 1274 840 1274 838 1272 818 1264 817 1264 816 1264 774 1271 757 1265 756 1265 755 1265 754 1265 727 1272 716 1265 715 1265 714 1265 685 1265 684 1265 683 1265 669 1272 664 1275 634 1276 602 1276 591 1272 572 1266 571 1266 570 1266 535 1272 510 1276 491 1272 482 1270 481 1270 480 1270 474 1272 463 1276 458 1272 452 1267 451 1267 450 1267 449 1267 420 1272 404 1274 326 1272 322 1272 321 1272 320 1272 309 1278 271 1278 261 1272 257 1269 256 1269 255 1269 254 1269 227 1271 228 1312"/></Shape>
	    <String CONTENT="ſunt quacunque ratione ſuperiori poteſtati"
                    HPOS="227"
                    VPOS="1264"
                    WIDTH="768"
                    HEIGHT="64"
                    WC="0.977122325272787"></String>
          </TextLine>

          
          
          <TextLine ID="eSc_line_b2a913d3"
                    TAGREFS="LT4176"
                    BASELINE="228 1360 991 1352" 
                    HPOS="227"
                    VPOS="1311"
                    WIDTH="764"
                    HEIGHT="62">
            <Shape><Polygon POINTS="228 1360 228 1373 991 1365 991 1352 990 1316 977 1312 976 1312 975 1312 974 1312 973 1312 968 1316 966 1317 965 1316 955 1311 954 1311 953 1311 952 1311 951 1311 945 1316 940 1321 894 1323 871 1317 870 1317 869 1317 868 1317 854 1323 846 1317 841 1312 840 1312 839 1312 806 1312 805 1312 767 1313 766 1313 765 1313 759 1318 748 1325 701 1326 660 1326 647 1319 635 1314 634 1314 633 1314 607 1320 594 1322 583 1320 559 1315 558 1315 557 1315 556 1315 550 1320 543 1326 512 1327 492 1321 491 1321 490 1321 488 1321 463 1325 458 1321 451 1316 450 1316 449 1316 448 1316 408 1317 407 1317 406 1317 400 1322 391 1329 364 1329 356 1322 352 1319 351 1319 350 1319 349 1319 348 1319 336 1322 327 1325 323 1323 316 1318 315 1318 314 1318 313 1318 227 1323 228 1360"/></Shape>
	    <String CONTENT="ſubiecti, debere obedientiam præſtare his"
                    HPOS="227"
                    VPOS="1311"
                    WIDTH="764"
                    HEIGHT="62"></String>
          </TextLine>

          
          
          <TextLine ID="eSc_line_ce6b0cce"
                    TAGREFS="LT4176"
                    BASELINE="229 1407 685 1406 983 1400" 
                    HPOS="228"
                    VPOS="1360"
                    WIDTH="755"
                    HEIGHT="66">
            <Shape><Polygon POINTS="229 1407 229 1426 345 1417 519 1421 592 1422 593 1422 594 1422 600 1419 606 1416 611 1419 618 1423 619 1423 620 1423 670 1418 672 1418 673 1418 714 1422 715 1422 716 1422 729 1417 735 1414 747 1416 776 1422 777 1422 838 1415 859 1421 860 1421 861 1422 924 1422 924 1421 925 1421 926 1421 936 1412 983 1411 983 1400 982 1369 971 1363 970 1363 969 1363 920 1369 919 1369 909 1362 908 1362 907 1362 906 1362 905 1362 890 1369 875 1362 874 1362 873 1362 872 1362 852 1368 834 1360 833 1360 832 1360 831 1360 830 1360 820 1369 783 1370 768 1370 767 1370 745 1360 744 1360 743 1360 742 1360 722 1367 700 1361 699 1361 698 1361 663 1367 622 1363 621 1363 620 1363 619 1363 608 1371 607 1371 605 1371 562 1361 561 1361 560 1361 538 1371 536 1372 534 1371 512 1361 511 1361 463 1361 462 1361 384 1362 383 1362 351 1372 344 1374 340 1372 324 1363 323 1363 289 1363 288 1363 287 1363 286 1363 273 1372 270 1374 228 1373 229 1407"/></Shape>
	    <String CONTENT="quibus ſubiecti ſunt, quales ſunt ſubditi er¬"
                    HPOS="228"
                    VPOS="1360"
                    WIDTH="755"
                    HEIGHT="66"
                    WC="0.996980395581987"></String>
          </TextLine>

          
          
          <TextLine ID="eSc_line_4dffc4a4"
                    TAGREFS="LT4176"
                    BASELINE="230 1460 798 1455 979 1448" 
                    HPOS="229"
                    VPOS="1406"
                    WIDTH="750"
                    HEIGHT="72">
            <Shape><Polygon POINTS="230 1460 230 1478 273 1470 327 1476 329 1476 330 1476 333 1476 404 1468 488 1473 519 1474 520 1474 544 1471 590 1466 659 1469 740 1472 741 1472 791 1471 792 1471 793 1471 800 1466 803 1464 825 1465 915 1470 916 1470 917 1470 918 1470 925 1463 936 1468 937 1468 938 1468 939 1468 940 1468 948 1462 949 1462 979 1462 979 1448 977 1408 956 1406 955 1406 954 1406 947 1408 919 1419 873 1419 843 1411 835 1409 834 1409 833 1409 832 1409 829 1411 815 1419 722 1414 664 1411 663 1411 662 1411 650 1416 638 1421 626 1416 612 1410 611 1410 610 1410 579 1411 578 1411 577 1411 569 1418 568 1419 564 1418 540 1411 539 1411 538 1411 508 1412 507 1412 489 1420 481 1423 446 1423 444 1421 433 1412 432 1412 431 1412 430 1412 357 1413 356 1413 315 1424 311 1426 229 1426 230 1460"/></Shape>
	    <String CONTENT="ga magiſtratum, famuli, ancillæ, clientes di¬"
                    HPOS="229"
                    VPOS="1406"
                    WIDTH="750"
                    HEIGHT="72"
                    WC="0.970815511544545"></String>
          </TextLine>

          
          
          <TextLine ID="eSc_line_ca6cfbe3"
                    TAGREFS="LT4176"
                    BASELINE="229 1510 983 1498" 
                    HPOS="228"
                    VPOS="1459"
                    WIDTH="755"
                    HEIGHT="68">
            <Shape><Polygon POINTS="229 1510 229 1519 290 1527 291 1527 354 1517 483 1517 497 1523 498 1523 499 1523 569 1522 570 1522 586 1515 618 1521 619 1521 679 1513 714 1519 715 1519 716 1519 732 1514 740 1519 741 1519 742 1519 743 1519 805 1514 855 1518 856 1518 983 1507 983 1498 981 1466 941 1459 940 1459 939 1459 910 1467 900 1470 817 1470 813 1468 801 1461 800 1461 799 1461 798 1461 797 1461 770 1469 769 1469 747 1462 746 1462 745 1462 744 1462 726 1469 706 1463 705 1463 704 1463 703 1463 702 1463 693 1470 690 1473 627 1473 623 1472 603 1464 602 1464 601 1464 560 1465 559 1465 540 1473 536 1476 518 1476 515 1474 506 1466 505 1466 504 1466 503 1466 411 1467 410 1467 388 1476 341 1476 328 1469 327 1469 326 1469 325 1469 308 1477 291 1470 290 1470 289 1470 288 1470 264 1478 259 1479 228 1479 229 1510"/></Shape>
	    <String CONTENT="ſcipuli &amp; ſimiles perſonæ. Obedientiam de¬"
                    HPOS="228"
                    VPOS="1459"
                    WIDTH="755"
                    HEIGHT="68"
                    WC="0.968811878136226"></String>
          </TextLine>

          
          
          <TextLine ID="eSc_line_71903cfe"
                    TAGREFS="LT4176"
                    BASELINE="229 1558 800 1554 990 1546" 
                    HPOS="229"
                    VPOS="1505"
                    WIDTH="761"
                    HEIGHT="108">
            <Shape><Polygon POINTS="229 1596 241 1596 244 1597 276 1612 277 1612 278 1613 308 1613 308 1612 309 1612 310 1612 330 1595 335 1599 336 1599 337 1599 338 1599 339 1599 340 1599 347 1594 368 1608 369 1608 370 1608 371 1608 372 1608 386 1602 404 1610 405 1610 406 1611 453 1611 453 1610 454 1610 455 1610 461 1604 503 1609 504 1609 505 1609 559 1595 577 1600 578 1600 579 1600 580 1600 593 1596 619 1608 620 1608 621 1608 692 1594 723 1607 724 1607 725 1607 765 1598 766 1598 767 1598 796 1579 801 1575 989 1572 990 1546 987 1505 951 1507 950 1507 949 1507 932 1519 891 1519 878 1509 877 1509 876 1509 875 1509 874 1509 852 1517 825 1507 824 1507 823 1507 822 1507 767 1520 721 1510 720 1510 719 1510 692 1522 641 1522 612 1516 612 1516 611 1516 593 1522 481 1516 480 1516 479 1516 465 1520 455 1512 454 1512 453 1512 394 1512 393 1512 360 1513 322 1515 321 1515 295 1527 264 1527 229 1515 229 1558 229 1596"/></Shape>
	    <String CONTENT="bent his quibus Dominus eos ſubiecit, quos"
                    HPOS="229"
                    VPOS="1505"
                    WIDTH="761"
                    HEIGHT="108"></String>
          </TextLine>

          
        </TextBlock>
        
        <TextBlock HPOS="880.1011962890625"
                   VPOS="1570.82373046875"
                   WIDTH="118.02313232421875"
                   HEIGHT="39.9942626953125"
                   ID="block_3"
                   TAGREFS="BT10631">
          <Shape><Polygon POINTS="880.101 1570.82 998.124 1570.82 998.124 1610.82 880.101 1610.82 880.101 1570.82"/></Shape>
          
          
          <TextLine ID="eSc_line_3092a431"
                    TAGREFS="LT4176"
                    BASELINE="879 1601 987 1595" 
                    HPOS="877"
                    VPOS="1562"
                    WIDTH="110"
                    HEIGHT="58">
            <Shape><Polygon POINTS="879 1601 879 1613 911 1613 915 1614 922 1620 923 1620 924 1620 925 1620 926 1620 935 1615 941 1612 987 1616 987 1595 983 1562 877 1573 879 1601"/></Shape>
	    <String CONTENT="notan¬"
                    HPOS="877"
                    VPOS="1562"
                    WIDTH="110"
                    HEIGHT="58"
                    WC="0.951394846041997"></String>
          </TextLine>

          
        </TextBlock>
        

        
      </PrintSpace>
    </Page>
  </Layout>
</alto>
