<?xml version="1.0" encoding="UTF-8"?>
<alto xmlns:xsi="http://www.w3.org/2001/XMLSchema-instance"
      xmlns="http://www.loc.gov/standards/alto/ns-v4#"
      xsi:schemaLocation="http://www.loc.gov/standards/alto/ns-v4# http://www.loc.gov/standards/alto/v4/alto-4-2.xsd">
  <Description>
    <MeasurementUnit>pixel</MeasurementUnit>
    <sourceImageInformation>
      <fileName>page_00008.png</fileName>
      
    </sourceImageInformation>
  </Description>
  
  <Tags>
    <OtherTag ID="BT10635" LABEL="NumberingZone" DESCRIPTION="block type NumberingZone"/><OtherTag ID="BT10634" LABEL="DropCapitalZone" DESCRIPTION="block type DropCapitalZone"/><OtherTag ID="BT10633" LABEL="GraphicZone" DESCRIPTION="block type GraphicZone"/><OtherTag ID="BT10632" LABEL="RunningTitleZone" DESCRIPTION="block type RunningTitleZone"/><OtherTag ID="BT10631" LABEL="QuireMarksZone" DESCRIPTION="block type QuireMarksZone"/><OtherTag ID="BT10630" LABEL="MarginTextZone" DESCRIPTION="block type MarginTextZone"/><OtherTag ID="BT10629" LABEL="MainZone" DESCRIPTION="block type MainZone"/>
    <OtherTag ID="LT4179" LABEL="default" DESCRIPTION="line type default"/><OtherTag ID="LT4178" LABEL="CustomLine : BiblicalText" DESCRIPTION="line type CustomLine : BiblicalText"/><OtherTag ID="LT4177" LABEL="HeadingLine" DESCRIPTION="line type HeadingLine"/><OtherTag ID="LT4176" LABEL="DefaultLine" DESCRIPTION="line type DefaultLine"/>
  </Tags>
  
  <Layout>
    <Page WIDTH="1091"
          HEIGHT="1726"
          PHYSICAL_IMG_NR="1"
          ID="eSc_dummypage_">
      <PrintSpace HPOS="0"
                  VPOS="0"
                  WIDTH="1091"
                  HEIGHT="1726">
        
        <TextBlock HPOS="210.18527221679688"
                   VPOS="63.46982192993164"
                   WIDTH="74.00729370117188"
                   HEIGHT="42.62211227416992"
                   ID="block_2"
                   TAGREFS="BT10635">
          <Shape><Polygon POINTS="210.185 63.4698 284.193 63.4698 284.193 106.092 210.185 106.092 210.185 63.4698"/></Shape>
          
          
          <TextLine ID="eSc_line_f4cbec7f"
                    TAGREFS="LT4176"
                    BASELINE="213 95 277 93" 
                    HPOS="213"
                    VPOS="66"
                    WIDTH="64"
                    HEIGHT="39">
            <Shape><Polygon POINTS="270 70 260 69 250 68 240 67 239 66 215 72 213 78 213 95 213 105 277 100 277 93 276 71 273 70 270 70"/></Shape>
	    <String CONTENT="128"
                    HPOS="213"
                    VPOS="66"
                    WIDTH="64"
                    HEIGHT="39"
                    WC="0.999698877334595"></String>
          </TextLine>

          
        </TextBlock>
        
        <TextBlock HPOS="376.3698425292969"
                   VPOS="48.48028564453125"
                   WIDTH="479.5672912597656"
                   HEIGHT="52.63200378417969"
                   ID="block_1"
                   TAGREFS="BT10632">
          <Shape><Polygon POINTS="376.37 48.4803 855.937 48.4803 855.937 101.112 376.37 101.112 376.37 48.4803"/></Shape>
          
          
          <TextLine ID="eSc_line_c04db73f"
                    TAGREFS="LT4177"
                    BASELINE="382 92 831 90" 
                    HPOS="381"
                    VPOS="57"
                    WIDTH="450"
                    HEIGHT="49">
            <Shape><Polygon POINTS="813 59 804 57 794 57 784 57 775 57 765 57 756 57 746 57 736 57 727 57 717 57 708 57 698 57 688 57 679 57 669 57 660 57 650 57 640 57 631 57 621 57 612 57 602 57 592 57 583 57 573 57 564 57 554 57 545 57 535 57 533 57 531 59 528 57 525 57 516 57 506 57 497 57 487 57 477 57 468 57 458 57 449 57 439 57 429 57 426 57 413 59 403 57 401 57 391 57 383 57 381 58 382 92 382 100 558 106 559 106 560 106 561 106 561 105 565 102 567 100 588 100 594 102 604 106 605 106 606 106 630 103 650 100 680 103 699 105 700 105 701 105 702 105 703 103 709 99 737 104 749 105 750 105 751 105 756 104 772 99 777 104 778 104 778 105 779 105 780 105 781 105 782 105 785 104 802 100 830 104 831 90 830 62 823 61"/></Shape>
	    <String CONTENT="COMMENTARII"
                    HPOS="381"
                    VPOS="57"
                    WIDTH="450"
                    HEIGHT="49"
                    WC="0.999558362093839"></String>
          </TextLine>

          
        </TextBlock>
        
        <TextBlock HPOS="189.36631774902344"
                   VPOS="107.4032974243164"
                   WIDTH="826.7686309814453"
                   HEIGHT="1439.0898666381836"
                   ID="block_0"
                   TAGREFS="BT10629">
          <Shape><Polygon POINTS="189.366 107.403 1016.13 107.403 1016.13 1546.49 189.366 1546.49 189.366 107.403"/></Shape>
          
          
          <TextLine ID="eSc_line_b4fcfdfa"
                    TAGREFS="LT4176"
                    BASELINE="213 145 1011 147" 
                    HPOS="212"
                    VPOS="102"
                    WIDTH="799"
                    HEIGHT="63">
            <Shape><Polygon POINTS="989 113 963 113 963 112 958 108 950 108 941 108 931 107 913 112 912 113 859 113 858 112 847 103 846 103 845 103 778 103 777 103 776 103 775 103 761 112 758 112 691 103 690 103 655 112 652 112 651 112 639 103 638 103 637 103 636 103 500 111 497 111 475 103 474 103 440 111 439 111 422 102 421 102 358 102 357 102 356 102 332 110 281 102 280 102 279 102 259 111 213 111 213 145 212 163 284 163 285 163 287 163 299 158 315 163 317 163 318 163 319 163 320 163 321 163 332 158 370 163 376 163 377 163 378 163 379 163 399 156 450 163 494 156 504 163 505 163 506 163 507 163 514 163 564 157 596 157 609 163 612 164 613 164 614 164 640 163 734 157 772 157 784 163 787 164 788 164 789 165 814 165 814 164 815 164 818 163 830 157 881 157 899 163 901 163 902 163 903 163 904 163 914 157 1009 163 1011 147 1001 118 998 117"/></Shape>
	    <String CONTENT="ratione, &amp; illatione. Propoſitio eſt, IVNIO¬"
                    HPOS="212"
                    VPOS="102"
                    WIDTH="799"
                    HEIGHT="63"
                    WC="0.99556717005643"></String>
          </TextLine>

          
          
          <TextLine ID="eSc_line_86b0a4a8"
                    TAGREFS="LT4176"
                    BASELINE="214 197 1012 195" 
                    HPOS="213"
                    VPOS="154"
                    WIDTH="799"
                    HEIGHT="59">
            <Shape><Polygon POINTS="214 197 214 205 278 213 279 213 280 213 308 206 313 206 438 206 455 212 456 212 457 212 458 212 481 206 537 213 538 213 604 206 614 205 674 205 676 206 687 210 688 210 689 210 712 206 717 205 723 206 750 211 751 211 752 211 763 206 774 212 775 212 776 212 777 212 864 206 869 206 871 206 906 212 907 212 938 207 953 212 954 212 955 213 997 213 997 212 998 212 1012 206 1012 195 1010 164 923 154 922 154 921 154 920 154 902 164 801 164 779 154 778 154 753 154 752 154 697 163 684 154 683 154 682 154 664 154 663 154 662 154 661 154 644 164 598 164 577 155 576 155 575 155 468 164 450 156 450 156 449 156 413 163 297 155 296 155 237 157 237 157 213 165 214 197"/></Shape>
	    <String CONTENT="RES VITATO, hoc eſt, indignas iudica¬"
                    HPOS="213"
                    VPOS="154"
                    WIDTH="799"
                    HEIGHT="59"></String>
          </TextLine>

          
          
          <TextLine ID="eSc_line_80ffa29c"
                    TAGREFS="LT4176"
                    BASELINE="212 245 697 243 1008 249" 
                    HPOS="211"
                    VPOS="204"
                    WIDTH="797"
                    HEIGHT="57">
            <Shape><Polygon POINTS="212 245 211 251 265 259 266 260 308 260 308 259 308 259 329 253 330 253 340 257 341 257 342 257 379 254 386 253 396 254 443 259 444 259 471 255 480 253 484 255 493 258 494 258 495 258 533 256 562 253 591 256 607 257 608 257 609 257 613 256 620 253 630 256 636 258 637 258 638 258 659 256 690 254 701 257 708 259 709 259 710 259 711 259 716 257 726 254 734 257 739 260 740 260 741 261 795 261 795 260 796 260 803 258 819 254 836 258 842 260 843 260 844 260 863 259 919 255 1006 260 1008 249 1007 215 966 215 965 214 952 205 951 205 950 205 949 205 878 213 864 214 861 212 849 205 848 205 847 205 828 205 827 205 826 205 825 205 815 212 811 215 764 215 754 211 735 205 734 205 706 205 705 205 704 205 690 210 681 215 638 215 614 214 606 209 598 204 597 204 596 204 595 204 594 204 579 209 565 213 548 209 535 204 534 204 533 204 532 204 522 208 509 214 483 214 440 207 421 204 420 204 419 204 412 207 394 213 355 206 345 204 303 204 302 204 301 204 299 205 288 210 212 204 212 245"/></Shape>
	    <String CONTENT="to publico alimento &amp; miniſterio Eccleſiæ,"
                    HPOS="211"
                    VPOS="204"
                    WIDTH="797"
                    HEIGHT="57"
                    WC="0.99344103818848"></String>
          </TextLine>

          
          
          <TextLine ID="eSc_line_5900a748"
                    TAGREFS="LT4176"
                    BASELINE="208 294 1009 292" 
                    HPOS="207"
                    VPOS="254"
                    WIDTH="802"
                    HEIGHT="57">
            <Shape><Polygon POINTS="208 294 208 304 250 310 251 310 284 306 290 311 291 311 292 311 293 311 332 306 342 311 343 311 344 311 345 311 362 305 427 305 444 311 445 311 446 311 498 305 521 310 522 310 523 310 533 305 544 311 545 311 545 311 622 304 627 304 632 304 722 310 723 311 776 311 776 310 777 310 778 310 786 304 787 304 791 304 979 310 980 310 1008 303 1009 292 1007 264 941 255 940 255 939 255 938 255 924 263 924 264 818 264 818 263 798 254 797 254 796 254 795 254 764 262 752 255 751 255 750 255 749 255 724 259 715 254 714 254 713 254 667 254 666 254 665 254 647 263 632 263 607 264 604 263 582 255 581 255 512 255 511 255 510 255 489 263 487 264 485 263 469 255 468 255 467 255 466 255 436 263 425 258 424 258 423 258 363 263 349 264 341 263 293 255 292 255 291 255 269 262 221 256 220 256 219 256 207 261 208 294"/></Shape>
	    <String CONTENT="item priuato &amp; ſolitario colloquio ne viole¬"
                    HPOS="207"
                    VPOS="254"
                    WIDTH="802"
                    HEIGHT="57"
                    WC="0.970939602364193"></String>
          </TextLine>

          
          
          <TextLine ID="eSc_line_18b2f235"
                    TAGREFS="LT4176"
                    BASELINE="210 344 1004 344" 
                    HPOS="210"
                    VPOS="305"
                    WIDTH="794"
                    HEIGHT="52">
            <Shape><Polygon POINTS="210 344 210 353 1002 357 1004 344 1003 314 917 314 905 305 904 305 903 305 877 305 876 305 875 305 858 314 826 314 815 305 814 305 813 305 782 305 782 305 781 305 765 314 675 314 668 308 667 308 666 308 665 308 622 313 603 305 602 305 521 305 521 305 520 305 496 313 463 305 462 305 461 305 443 314 416 314 358 305 357 305 282 310 246 305 245 305 244 305 243 305 235 311 226 305 225 305 224 305 223 305 222 305 221 305 210 312 210 344"/></Shape>
	    <String CONTENT="tur caſtitas : periculoſum enim eſt iuuenem"
                    HPOS="210"
                    VPOS="305"
                    WIDTH="794"
                    HEIGHT="52"
                    WC="0.985158059486123"></String>
          </TextLine>

          
          
          <TextLine ID="eSc_line_11239a06"
                    TAGREFS="LT4176"
                    BASELINE="207 394 996 389" 
                    HPOS="206"
                    VPOS="349"
                    WIDTH="790"
                    HEIGHT="59">
            <Shape><Polygon POINTS="207 394 208 408 217 403 264 407 277 408 278 408 295 407 339 403 348 406 354 408 355 408 355 408 356 408 357 408 359 406 366 402 429 405 475 407 476 407 499 404 522 401 583 403 678 406 679 406 780 400 789 400 790 400 805 405 806 405 806 405 872 399 875 399 876 399 891 404 892 404 893 405 981 405 981 404 982 404 996 397 996 389 994 358 938 358 936 357 924 349 924 349 923 349 922 349 883 357 877 359 829 359 824 357 811 351 810 351 809 351 774 357 758 359 752 357 735 349 734 349 733 349 676 356 661 358 656 356 640 350 640 350 639 350 638 350 626 356 618 361 528 361 518 356 506 351 505 351 504 351 503 351 494 356 489 358 480 356 471 353 470 353 469 353 468 353 463 355 452 362 433 362 421 355 411 351 410 351 378 351 377 351 376 351 366 355 354 361 345 355 341 352 340 352 339 352 338 352 311 355 284 358 275 355 267 352 266 352 265 352 206 354 207 394"/></Shape>
	    <String CONTENT="miniſtrum cum iuuencula vidua ſecretiùs a¬"
                    HPOS="206"
                    VPOS="349"
                    WIDTH="790"
                    HEIGHT="59"
                    WC="0.956715946973756"></String>
          </TextLine>

          
          
          <TextLine ID="eSc_line_167e82aa"
                    TAGREFS="LT4176"
                    BASELINE="211 443 996 439" 
                    HPOS="210"
                    VPOS="398"
                    WIDTH="786"
                    HEIGHT="62">
            <Shape><Polygon POINTS="211 443 211 460 252 458 253 458 254 458 263 451 299 459 300 459 426 450 530 450 540 456 541 456 542 456 543 456 632 450 641 457 642 457 643 457 644 458 678 458 678 457 679 457 680 457 695 450 713 457 715 457 716 457 717 458 766 458 766 457 767 457 771 456 799 448 822 455 823 455 824 455 860 448 876 455 877 455 877 455 878 455 932 450 994 454 996 439 994 410 928 410 927 409 907 401 906 401 905 401 904 401 891 409 890 409 888 409 867 402 866 402 865 402 864 402 846 408 845 408 818 398 817 398 816 398 815 398 814 398 800 408 795 410 731 410 726 407 713 399 712 399 711 399 711 399 659 407 646 408 643 406 632 399 631 399 630 399 604 399 603 399 602 399 590 406 580 411 487 410 478 405 469 400 468 400 435 400 434 400 433 400 424 404 418 407 407 404 395 401 394 401 313 401 312 401 311 401 310 401 308 403 301 409 286 403 281 401 280 401 279 401 268 403 245 408 210 403 211 443"/></Shape>
	    <String CONTENT="gere, &amp; familiariùs colloqui: proditur enim"
                    HPOS="210"
                    VPOS="398"
                    WIDTH="786"
                    HEIGHT="62"></String>
          </TextLine>

          
          
          <TextLine ID="eSc_line_733e2a34"
                    TAGREFS="LT4176"
                    BASELINE="211 491 1003 488" 
                    HPOS="210"
                    VPOS="449"
                    WIDTH="793"
                    HEIGHT="62">
            <Shape><Polygon POINTS="211 491 212 511 239 502 257 508 258 508 259 508 260 508 272 502 319 502 332 509 333 509 334 509 335 509 355 502 376 510 377 510 378 510 379 510 429 501 562 501 593 508 594 508 595 508 596 508 605 502 661 508 664 508 665 508 666 508 667 508 686 501 703 508 704 508 705 508 706 508 707 508 708 508 722 500 744 500 757 507 758 508 758 508 759 508 760 508 806 507 850 505 851 505 852 505 858 499 892 506 898 507 899 507 904 506 924 502 1001 505 1003 488 1001 458 952 456 943 449 942 449 941 449 940 449 939 449 919 456 908 449 907 449 906 449 877 449 877 449 876 449 849 456 835 449 834 449 833 449 832 449 831 449 820 458 815 458 797 459 701 459 700 458 679 450 678 450 677 450 676 450 675 450 665 458 664 459 635 459 633 458 608 450 607 450 606 450 567 458 560 460 508 460 504 458 481 451 480 451 479 451 407 454 406 454 405 454 400 458 396 461 372 461 367 458 354 452 353 452 250 452 249 452 248 452 247 452 237 458 235 460 210 459 211 491"/></Shape>
	    <String CONTENT="pudor, &amp; proximus eſt lapſus &amp; periculũ ſcã¬"
                    HPOS="210"
                    VPOS="449"
                    WIDTH="793"
                    HEIGHT="62"
                    WC="0.989556352729383"></String>
          </TextLine>

          
          
          <TextLine ID="eSc_line_4fce6d95"
                    TAGREFS="LT4176"
                    BASELINE="208 539 1005 537" 
                    HPOS="207"
                    VPOS="498"
                    WIDTH="798"
                    HEIGHT="58">
            <Shape><Polygon POINTS="208 539 208 551 301 555 302 555 303 555 304 555 308 551 311 549 333 549 343 551 359 556 360 556 361 556 362 556 374 551 379 549 399 551 429 555 430 555 431 555 432 555 438 551 442 549 449 551 463 556 464 556 465 556 466 556 475 551 479 549 526 549 530 551 535 555 536 555 537 555 538 555 582 551 616 548 631 551 651 555 652 555 673 551 689 548 711 548 716 551 721 555 722 555 723 555 724 555 748 551 754 550 757 551 767 555 768 555 769 555 770 555 782 551 785 550 788 551 802 555 803 555 804 555 1004 550 1005 537 1003 509 980 503 979 503 978 503 965 507 945 498 944 498 926 498 925 498 924 498 924 498 909 509 900 509 821 509 821 508 806 499 806 499 805 499 804 499 803 499 774 508 746 508 615 508 595 501 594 501 593 501 550 508 544 509 542 508 537 504 536 504 535 504 534 504 513 507 502 499 501 499 500 499 404 499 403 499 403 499 385 505 367 499 366 499 365 499 364 499 363 499 355 505 325 499 324 499 284 504 233 499 232 499 231 499 207 507 208 539"/></Shape>
	    <String CONTENT="dali. Ratio eſt à communiter conſequentibus"
                    HPOS="207"
                    VPOS="498"
                    WIDTH="798"
                    HEIGHT="58"
                    WC="0.992350494319742"></String>
          </TextLine>

          
          
          <TextLine ID="eSc_line_05373006"
                    TAGREFS="LT4176"
                    BASELINE="211 588 1007 586" 
                    HPOS="210"
                    VPOS="548"
                    WIDTH="797"
                    HEIGHT="58">
            <Shape><Polygon POINTS="211 588 211 599 312 606 313 606 314 606 328 599 329 599 357 599 358 599 368 606 369 606 370 606 371 606 396 606 396 606 397 606 398 606 406 599 407 599 466 599 469 599 500 606 501 606 502 606 516 599 517 599 548 599 549 599 558 605 559 605 560 605 561 606 616 606 616 605 616 605 632 599 633 599 655 605 656 605 657 605 658 605 679 600 867 605 868 605 869 605 892 598 895 598 898 598 926 605 927 605 971 600 983 605 984 605 985 605 986 605 1007 598 1007 586 1005 559 970 559 969 559 960 553 959 553 958 553 957 553 956 553 946 559 944 559 758 559 748 557 718 548 717 548 716 548 675 556 657 559 652 556 642 548 641 548 640 548 626 548 625 548 624 548 623 548 615 555 610 559 591 560 571 560 560 554 551 550 550 550 549 550 531 551 530 551 529 551 525 554 517 560 503 560 495 554 489 549 488 549 487 549 486 549 464 553 458 554 449 553 411 549 410 549 210 550 211 588"/></Shape>
	    <String CONTENT="vtplurimũ veris. Primùm.n. SOLENT LAS¬"
                    HPOS="210"
                    VPOS="548"
                    WIDTH="797"
                    HEIGHT="58"></String>
          </TextLine>

          
          
          <TextLine ID="eSc_line_264d3ba8"
                    TAGREFS="LT4176"
                    BASELINE="208 640 1001 634" 
                    HPOS="207"
                    VPOS="598"
                    WIDTH="794"
                    HEIGHT="56">
            <Shape><Polygon POINTS="208 640 208 650 338 654 339 654 340 654 352 650 355 648 423 649 603 653 604 653 1000 645 1001 634 998 607 849 607 846 606 838 603 837 603 836 603 835 603 834 603 830 606 828 608 740 608 735 606 724 603 723 603 722 603 721 603 713 606 710 607 702 606 667 598 666 598 665 598 664 598 652 606 646 609 603 609 577 606 559 603 558 603 539 606 523 607 514 606 490 599 489 599 488 599 419 604 406 600 405 600 404 600 403 600 403 600 395 605 392 606 388 605 377 600 376 600 375 600 207 604 208 640"/></Shape>
	    <String CONTENT="CIVIRE CONTRACHRISTVM,ET NVPTV¬"
                    HPOS="207"
                    VPOS="598"
                    WIDTH="794"
                    HEIGHT="56"
                    WC="0.974375832465387"></String>
          </TextLine>

          
          
          <TextLine ID="eSc_line_e6d64333"
                    TAGREFS="LT4176"
                    BASELINE="209 689 440 685 1005 686" 
                    HPOS="208"
                    VPOS="648"
                    WIDTH="797"
                    HEIGHT="55">
            <Shape><Polygon POINTS="209 689 209 695 262 702 263 702 264 702 281 698 294 702 295 702 296 702 297 702 308 696 310 696 423 696 426 698 436 702 437 702 438 702 439 702 457 698 466 696 482 698 502 700 503 700 504 700 505 700 509 698 513 696 526 699 540 700 541 700 568 699 606 696 612 699 616 702 616 702 617 702 618 703 672 703 672 702 673 702 680 699 687 697 708 700 724 702 725 703 793 703 793 702 794 702 795 702 797 700 802 698 833 701 846 702 847 702 848 702 852 701 874 696 902 701 907 702 908 702 913 702 946 696 958 702 959 702 960 703 1005 703 1005 686 1004 654 980 648 979 648 978 648 902 653 844 648 843 648 842 648 829 653 827 654 823 653 800 648 799 648 798 648 774 653 768 654 758 653 721 648 720 648 689 653 677 655 611 655 607 653 604 650 603 650 602 650 601 650 600 650 599 650 595 653 591 655 415 655 381 651 357 648 356 648 340 651 315 654 308 650 308 650 307 650 208 650 209 689"/></Shape>
	    <String CONTENT="RIVNT MVTATO CON. quod quũ in Eccleſia"
                    HPOS="208"
                    VPOS="648"
                    WIDTH="797"
                    HEIGHT="55"></String>
          </TextLine>

          
          
          <TextLine ID="eSc_line_dfb958cc"
                    TAGREFS="LT4176"
                    BASELINE="205 736 1004 734" 
                    HPOS="204"
                    VPOS="695"
                    WIDTH="800"
                    HEIGHT="58">
            <Shape><Polygon POINTS="205 736 205 749 467 746 487 748 513 753 514 753 515 753 516 753 521 748 526 746 550 748 566 750 567 750 568 750 574 748 583 746 589 748 599 753 600 753 601 753 693 748 755 745 771 747 795 752 796 752 884 747 888 747 889 747 913 752 914 752 970 747 984 752 985 752 986 752 987 752 1004 746 1004 734 1001 706 970 706 968 705 948 697 947 697 946 697 945 697 919 705 915 706 912 705 885 697 884 697 883 697 882 697 863 705 860 707 773 707 770 705 759 700 758 700 758 700 735 704 712 695 711 695 711 695 655 704 645 706 640 704 632 701 631 701 630 701 592 704 560 707 554 704 536 696 535 696 534 696 533 696 510 704 505 706 498 704 476 696 475 696 474 696 434 704 419 707 403 704 366 696 280 696 279 696 278 696 277 696 267 702 258 696 257 696 256 696 219 696 218 696 217 696 204 701 205 736"/></Shape>
	    <String CONTENT="Chriſti ſine infamia non poſsint, cogitãt ple¬"
                    HPOS="204"
                    VPOS="695"
                    WIDTH="800"
                    HEIGHT="58"
                    WC="0.983855409825102"></String>
          </TextLine>

          
          
          <TextLine ID="eSc_line_5a1da2bd"
                    TAGREFS="LT4176"
                    BASELINE="200 786 742 782 1002 787" 
                    HPOS="199"
                    VPOS="744"
                    WIDTH="803"
                    HEIGHT="58">
            <Shape><Polygon POINTS="200 786 200 798 262 802 263 802 264 802 273 799 284 795 443 795 452 799 455 801 456 801 457 801 469 799 485 797 533 800 574 802 575 802 587 800 616 794 623 800 624 801 625 801 626 801 627 801 645 800 735 794 763 801 767 801 768 801 772 801 804 794 846 801 850 801 851 801 860 801 958 796 1001 801 1002 787 1001 751 992 745 991 745 990 745 989 745 988 745 977 748 965 744 964 744 963 744 927 751 871 744 870 744 869 744 843 753 841 753 817 752 796 752 775 744 774 744 702 744 701 744 700 744 690 748 676 744 675 744 674 744 673 744 651 752 647 754 613 755 429 755 424 751 416 745 415 745 414 745 413 745 412 745 400 750 400 751 399 750 391 745 390 745 389 745 303 745 302 745 301 745 284 750 271 754 199 750 200 786"/></Shape>
	    <String CONTENT="nam defectionem a tota profeſsione Chriſti,"
                    HPOS="199"
                    VPOS="744"
                    WIDTH="803"
                    HEIGHT="58"
                    WC="0.977539969045062"></String>
          </TextLine>

          
          
          <TextLine ID="eSc_line_0c2240b5"
                    TAGREFS="LT4176"
                    BASELINE="201 834 821 832" 
                    HPOS="200"
                    VPOS="793"
                    WIDTH="621"
                    HEIGHT="61">
            <Shape><Polygon POINTS="201 834 201 849 237 853 238 853 239 853 247 850 256 846 263 850 269 853 270 853 271 854 311 854 311 853 312 853 313 853 317 850 323 846 357 850 375 852 376 852 377 852 378 852 379 850 385 846 463 846 470 851 472 853 473 853 474 853 474 854 507 854 507 853 508 853 509 853 509 852 511 851 517 846 553 850 554 850 555 850 556 850 565 845 615 845 635 852 637 852 638 852 639 852 640 852 640 852 648 846 660 852 661 852 662 852 663 852 664 852 664 852 675 846 684 852 685 852 686 852 687 852 689 852 725 845 734 852 735 852 735 852 736 853 820 853 821 832 819 804 764 797 763 797 762 797 752 803 743 794 743 793 742 793 741 793 710 793 709 793 708 793 707 793 695 801 684 793 683 793 682 793 653 793 652 793 651 793 623 801 597 793 596 793 595 793 594 793 566 804 529 804 523 798 522 798 521 798 521 798 520 798 508 804 507 805 426 805 426 804 416 795 416 794 415 794 414 794 331 794 330 794 329 794 312 801 284 794 283 794 282 794 281 794 281 795 273 802 200 804 201 834"/></Shape>
	    <String CONTENT="quod eſt laſciuire contra Chriſtum."
                    HPOS="200"
                    VPOS="793"
                    WIDTH="621"
                    HEIGHT="61"
                    WC="0.995218919004713"></String>
          </TextLine>

          
          
          <TextLine ID="eSc_line_1aaf89aa"
                    TAGREFS="LT4178"
                    BASELINE="259 889 765 887" 
                    HPOS="258"
                    VPOS="844"
                    WIDTH="507"
                    HEIGHT="64">
            <Shape><Polygon POINTS="259 900 348 900 349 900 356 907 357 907 358 907 359 908 384 908 384 907 385 907 386 907 386 906 393 900 403 906 404 906 405 906 406 906 407 906 407 905 412 901 421 906 422 906 423 906 424 906 425 906 440 900 442 900 446 900 475 907 476 907 477 907 493 900 494 900 495 900 507 907 508 907 509 907 536 900 543 899 545 900 553 906 554 906 555 906 556 906 583 900 592 899 595 900 608 906 609 906 610 906 611 906 620 900 623 899 626 900 640 906 641 906 764 900 765 887 763 854 734 852 727 845 727 844 726 844 725 844 724 844 663 853 646 848 645 848 644 848 643 848 633 852 625 845 625 844 624 844 623 844 622 844 591 849 581 844 580 844 519 844 518 844 517 844 491 853 474 845 473 845 472 845 471 845 470 845 457 855 407 855 399 846 399 845 398 845 397 845 396 845 395 845 377 853 356 845 355 845 354 845 329 854 323 849 323 848 322 848 321 848 320 848 319 848 318 848 318 849 312 854 277 849 276 849 275 849 258 855 259 889"/></Shape>
	    <String CONTENT="12 Habentes iudicium, &amp;c."
                    HPOS="258"
                    VPOS="844"
                    WIDTH="507"
                    HEIGHT="64"
                    WC="0.983829531669617"></String>
          </TextLine>

          
          
          <TextLine ID="eSc_line_e931f6bd"
                    TAGREFS="LT4176"
                    BASELINE="298 942 999 938" 
                    HPOS="297"
                    VPOS="900"
                    WIDTH="702"
                    HEIGHT="59">
            <Shape><Polygon POINTS="990 909 903 909 902 909 884 902 883 902 882 902 881 902 880 902 873 909 872 909 843 909 841 909 832 903 831 903 830 903 830 903 829 903 812 909 808 909 806 909 790 900 789 900 788 900 751 901 750 901 736 908 733 910 706 910 702 908 692 902 691 902 690 902 689 902 688 902 687 902 681 908 680 909 619 910 612 908 595 901 594 901 561 901 560 901 559 901 558 901 549 907 540 903 539 903 538 903 537 903 525 907 518 909 509 907 498 904 498 904 497 904 496 904 487 907 480 909 476 907 470 902 469 902 468 902 467 902 466 902 465 902 459 907 440 902 439 902 438 902 437 902 436 902 430 907 429 908 427 907 418 903 417 903 416 903 415 903 405 907 401 909 395 907 381 902 380 902 379 902 297 906 298 942 298 953 332 956 332 956 333 956 342 954 346 952 354 954 381 959 382 959 445 954 474 951 480 954 492 958 493 958 494 958 534 954 557 951 570 954 584 956 585 956 603 954 620 951 627 954 637 957 638 957 639 958 669 958 669 957 670 957 671 957 676 954 682 950 760 950 766 954 771 957 772 957 773 957 774 958 824 958 824 957 843 954 868 949 880 954 887 956 888 956 889 956 890 956 895 954 904 949 912 954 916 956 917 956 918 956 919 956 998 954 999 938 996 915 990 909"/></Shape>
	    <String CONTENT="Alterum argumentum ex ſuperiori na¬"
                    HPOS="297"
                    VPOS="900"
                    WIDTH="702"
                    HEIGHT="59"
                    WC="0.998064497538975"></String>
          </TextLine>

          
          
          <TextLine ID="eSc_line_4d25974e"
                    TAGREFS="LT4176"
                    BASELINE="198 992 1000 988" 
                    HPOS="197"
                    VPOS="952"
                    WIDTH="803"
                    HEIGHT="56">
            <Shape><Polygon POINTS="207 957 197 964 198 992 198 1002 242 1002 243 1002 256 1007 257 1007 258 1007 283 1002 284 1002 296 1008 297 1008 298 1008 377 1002 394 1008 395 1008 396 1008 441 1007 442 1007 460 1001 462 1001 464 1001 489 1006 490 1006 622 1000 638 1000 639 1000 651 1006 652 1006 653 1007 689 1007 689 1006 742 1000 744 1000 745 1000 798 1006 799 1006 856 1005 857 1005 858 1005 869 999 870 999 910 999 911 999 929 1005 930 1005 931 1005 999 998 1000 988 999 959 974 952 973 952 972 952 941 959 934 961 874 961 870 959 863 956 862 956 861 956 860 956 859 956 854 959 852 961 780 961 775 959 771 956 770 956 769 956 768 956 752 959 739 961 734 959 713 952 712 952 711 952 649 959 631 961 624 959 600 952 599 952 598 952 597 952 580 959 572 962 561 959 553 957 552 957 551 957 550 957 546 959 541 962 481 959 436 957 435 957 434 957 429 959 425 961 414 959 382 954 284 954 284 954 283 954 282 954 276 958 269 954 268 954 267 954 212 954 207 957"/></Shape>
	    <String CONTENT="tum : fidem primam abnegarunt, ergo cauẽ¬"
                    HPOS="197"
                    VPOS="952"
                    WIDTH="803"
                    HEIGHT="56"
                    WC="0.969474065871466"></String>
          </TextLine>

          
          
          <TextLine ID="eSc_line_e1e948dd"
                    TAGREFS="LT4176"
                    BASELINE="198 1040 1001 1038" 
                    HPOS="197"
                    VPOS="998"
                    WIDTH="804"
                    HEIGHT="57">
            <Shape><Polygon POINTS="198 1040 198 1050 544 1055 545 1055 545 1055 559 1050 577 1055 578 1055 579 1055 580 1055 600 1049 604 1049 677 1049 678 1049 688 1054 689 1054 690 1054 712 1049 714 1049 717 1049 738 1054 739 1055 973 1055 973 1054 1000 1049 1001 1038 999 1009 938 1009 938 1008 914 999 913 999 912 999 911 999 897 1006 873 998 872 998 871 998 816 1008 811 1009 785 1009 783 1007 769 998 768 998 767 998 766 998 765 998 733 1007 729 1009 667 1009 664 1007 646 998 645 998 644 998 643 998 608 1007 597 1009 584 1007 541 999 540 999 539 999 518 1005 509 999 508 999 507 999 486 999 485 999 484 999 470 1006 453 999 452 999 451 999 450 999 450 999 437 1006 432 1009 411 1006 362 999 361 999 360 999 337 1005 314 999 313 999 215 999 214 999 213 999 197 1004 198 1040"/></Shape>
	    <String CONTENT="dæ ſunt. Item, habent iudicium, hoc eſt, dam¬"
                    HPOS="197"
                    VPOS="998"
                    WIDTH="804"
                    HEIGHT="57"
                    WC="0.992357946766747"></String>
          </TextLine>

          
          
          <TextLine ID="eSc_line_bc8d528a"
                    TAGREFS="LT4176"
                    BASELINE="197 1088 717 1086 999 1092" 
                    HPOS="196"
                    VPOS="1048"
                    WIDTH="803"
                    HEIGHT="57">
            <Shape><Polygon POINTS="197 1088 196 1100 263 1103 264 1103 279 1101 309 1096 318 1101 322 1103 323 1103 324 1103 359 1101 404 1099 438 1102 467 1104 468 1104 469 1104 474 1102 488 1097 498 1102 500 1103 501 1103 502 1103 518 1102 582 1097 611 1103 616 1103 616 1103 617 1103 618 1103 625 1098 664 1102 664 1102 698 1097 708 1102 709 1102 710 1102 748 1097 757 1103 758 1104 758 1104 759 1104 760 1104 761 1104 763 1103 777 1098 793 1103 795 1104 796 1104 797 1104 803 1104 843 1097 861 1104 862 1104 863 1104 864 1104 869 1104 919 1098 930 1104 931 1104 932 1105 998 1105 999 1092 998 1058 932 1058 932 1057 892 1049 891 1049 890 1049 872 1057 846 1049 845 1049 844 1049 843 1049 811 1057 795 1049 794 1049 771 1049 770 1049 769 1049 736 1057 735 1058 689 1058 688 1057 663 1049 662 1049 661 1049 660 1049 628 1057 627 1058 584 1058 583 1057 572 1050 571 1050 570 1050 569 1050 569 1050 553 1057 552 1057 531 1049 530 1049 529 1049 494 1057 493 1057 480 1049 479 1049 478 1049 445 1048 444 1048 443 1048 424 1056 398 1049 397 1049 396 1049 395 1049 374 1055 361 1048 360 1048 359 1048 358 1048 324 1053 314 1048 313 1048 312 1048 311 1048 310 1048 309 1048 302 1053 294 1048 293 1048 292 1048 224 1048 223 1048 222 1048 197 1055 197 1088"/></Shape>
	    <String CONTENT="nabiles ſunt : igitur cauendæ. Κρῖμα habent."
                    HPOS="196"
                    VPOS="1048"
                    WIDTH="803"
                    HEIGHT="57"></String>
          </TextLine>

          
          
          <TextLine ID="eSc_line_f6ac4bf7"
                    TAGREFS="LT4176"
                    BASELINE="194 1139 688 1134 1001 1140" 
                    HPOS="193"
                    VPOS="1096"
                    WIDTH="808"
                    HEIGHT="58">
            <Shape><Polygon POINTS="194 1139 194 1145 209 1152 210 1152 211 1152 212 1152 213 1152 220 1146 244 1150 245 1150 264 1146 270 1145 272 1146 283 1154 284 1154 284 1154 285 1154 286 1154 309 1146 312 1146 315 1146 350 1154 351 1154 352 1154 368 1147 373 1145 417 1145 423 1148 434 1154 435 1154 436 1154 437 1154 451 1148 459 1145 502 1145 510 1148 521 1154 522 1154 523 1154 524 1154 525 1154 532 1149 537 1145 561 1149 592 1154 592 1154 616 1150 636 1146 664 1150 691 1154 692 1154 711 1151 739 1145 1000 1153 1001 1140 1000 1108 865 1108 858 1106 820 1096 819 1096 818 1096 817 1096 799 1101 786 1096 785 1096 709 1096 708 1096 707 1096 687 1103 672 1108 596 1106 591 1102 583 1096 582 1096 581 1096 513 1096 512 1096 511 1096 500 1101 484 1109 452 1109 441 1101 440 1101 439 1101 438 1101 407 1107 392 1099 385 1096 384 1096 383 1096 382 1096 373 1099 348 1107 320 1098 312 1096 311 1096 310 1096 193 1096 194 1139"/></Shape>
	    <String CONTENT="hoc eſt, κατακρίμα, ídque apud Deum, quem"
                    HPOS="193"
                    VPOS="1096"
                    WIDTH="808"
                    HEIGHT="58"></String>
          </TextLine>

          
          
          <TextLine ID="eSc_line_73a77bb0"
                    TAGREFS="LT4176"
                    BASELINE="192 1187 463 1182 997 1189" 
                    HPOS="191"
                    VPOS="1142"
                    WIDTH="806"
                    HEIGHT="61">
            <Shape><Polygon POINTS="192 1187 191 1197 334 1200 335 1200 352 1198 391 1192 400 1198 403 1201 404 1201 405 1201 406 1201 427 1198 450 1195 462 1198 469 1200 470 1200 471 1200 472 1200 473 1200 474 1198 484 1193 624 1193 634 1199 639 1201 640 1201 640 1202 640 1201 641 1201 646 1199 655 1194 674 1199 677 1199 678 1199 679 1199 680 1199 693 1194 701 1199 702 1200 703 1200 704 1200 705 1200 714 1199 732 1196 735 1199 739 1202 740 1202 741 1202 742 1202 757 1199 773 1195 788 1199 803 1203 804 1203 805 1203 996 1199 997 1189 997 1158 962 1158 961 1157 932 1148 931 1148 930 1148 929 1148 928 1148 914 1157 913 1158 848 1158 845 1157 810 1146 809 1146 790 1146 789 1146 788 1146 787 1146 775 1156 774 1157 736 1157 735 1156 726 1150 725 1150 724 1150 723 1150 722 1150 709 1156 708 1156 689 1146 688 1146 687 1146 637 1155 592 1145 592 1145 538 1149 519 1144 518 1144 457 1144 456 1144 455 1144 437 1154 422 1147 421 1147 420 1147 419 1147 405 1154 404 1154 359 1143 358 1143 306 1152 231 1149 217 1142 216 1142 215 1142 214 1142 192 1151 192 1187"/></Shape>
	    <String CONTENT="fallere non poſsunt. Deinde apud piam Ec¬"
                    HPOS="191"
                    VPOS="1142"
                    WIDTH="806"
                    HEIGHT="61"
                    WC="0.991725071174342"></String>
          </TextLine>

          
          
          <TextLine ID="eSc_line_db9287e7"
                    TAGREFS="LT4176"
                    BASELINE="193 1234 568 1231 998 1239" 
                    HPOS="192"
                    VPOS="1193"
                    WIDTH="806"
                    HEIGHT="62">
            <Shape><Polygon POINTS="193 1234 192 1241 256 1249 257 1249 312 1243 321 1242 324 1243 344 1250 345 1250 346 1250 347 1250 348 1250 357 1243 370 1248 371 1248 372 1248 468 1244 505 1243 513 1245 539 1252 540 1252 541 1253 581 1253 581 1252 582 1252 583 1252 592 1245 595 1244 669 1244 672 1246 679 1252 680 1252 681 1252 710 1253 711 1253 711 1253 712 1253 721 1247 722 1247 757 1247 758 1247 770 1254 771 1254 772 1254 892 1249 962 1255 963 1255 997 1249 998 1239 998 1208 921 1207 894 1199 893 1199 892 1199 891 1199 872 1205 846 1200 845 1200 844 1200 843 1200 834 1206 764 1206 762 1206 762 1205 703 1197 702 1197 598 1201 524 1195 523 1195 420 1201 408 1194 407 1194 406 1194 405 1194 289 1200 260 1193 259 1193 258 1193 257 1193 248 1200 226 1193 225 1193 224 1193 193 1200 193 1234"/></Shape>
	    <String CONTENT="cleſiam militantem, quomodo ſua petulantia"
                    HPOS="192"
                    VPOS="1193"
                    WIDTH="806"
                    HEIGHT="62"></String>
          </TextLine>

          
          
          <TextLine ID="eSc_line_48ce7663"
                    TAGREFS="LT4176"
                    BASELINE="193 1281 589 1281 994 1293" 
                    HPOS="192"
                    VPOS="1238"
                    WIDTH="802"
                    HEIGHT="70">
            <Shape><Polygon POINTS="193 1281 192 1296 216 1297 217 1297 218 1297 219 1297 235 1290 281 1295 282 1295 283 1295 306 1289 384 1289 460 1291 478 1301 479 1301 480 1301 482 1301 557 1293 569 1303 570 1303 571 1303 572 1304 590 1304 590 1303 591 1303 592 1303 604 1294 622 1294 674 1301 675 1301 676 1301 691 1296 745 1303 746 1303 772 1299 788 1306 789 1306 790 1306 791 1306 811 1298 843 1306 844 1306 845 1306 992 1308 994 1293 994 1260 948 1250 948 1250 947 1250 946 1250 932 1259 852 1258 838 1251 837 1251 836 1251 835 1251 816 1257 721 1250 720 1250 690 1254 674 1245 673 1245 672 1245 577 1253 575 1253 574 1253 534 1243 533 1243 532 1243 507 1252 506 1252 479 1242 478 1242 477 1242 437 1246 422 1241 421 1241 301 1239 300 1239 260 1247 237 1238 237 1238 236 1238 235 1238 216 1247 215 1247 193 1247 193 1281"/></Shape>
	    <String CONTENT="offendunt. Denique apud Satanam cui parẽt,"
                    HPOS="192"
                    VPOS="1238"
                    WIDTH="802"
                    HEIGHT="70"
                    WC="0.993868513162746"></String>
          </TextLine>

          
          
          <TextLine ID="eSc_line_bb517c03"
                    TAGREFS="LT4176"
                    BASELINE="192 1330 480 1329 877 1336" 
                    HPOS="191"
                    VPOS="1289"
                    WIDTH="686"
                    HEIGHT="63">
            <Shape><Polygon POINTS="192 1330 191 1346 229 1347 230 1347 231 1347 233 1347 261 1338 272 1343 273 1343 274 1343 306 1340 316 1347 317 1348 318 1348 319 1348 320 1348 327 1347 357 1339 517 1340 529 1347 536 1350 537 1350 538 1351 589 1351 589 1350 590 1350 598 1347 613 1342 622 1347 629 1351 630 1351 631 1351 632 1351 640 1347 644 1345 657 1347 679 1351 680 1351 681 1351 682 1351 687 1347 690 1344 704 1347 724 1352 725 1352 745 1347 751 1346 753 1347 758 1351 758 1351 759 1351 760 1351 782 1347 792 1346 803 1347 838 1352 839 1352 877 1347 877 1336 877 1306 800 1306 797 1304 788 1298 787 1298 786 1298 739 1294 738 1294 737 1294 719 1302 718 1303 716 1302 698 1294 697 1294 696 1294 654 1301 650 1301 648 1301 631 1293 630 1293 629 1293 585 1299 553 1303 545 1298 544 1297 543 1297 542 1297 541 1297 540 1297 539 1297 538 1298 529 1303 491 1300 485 1296 477 1291 476 1291 475 1291 474 1291 424 1295 380 1298 375 1293 371 1290 370 1290 369 1290 345 1290 344 1290 343 1290 342 1290 339 1293 332 1297 300 1292 294 1291 293 1291 292 1291 291 1291 272 1301 225 1301 192 1289 192 1330"/></Shape>
	    <String CONTENT="qui accuſator illarum erit apud Deum."
                    HPOS="191"
                    VPOS="1289"
                    WIDTH="686"
                    HEIGHT="63"
                    WC="0.990105145686382"></String>
          </TextLine>

          
          
          <TextLine ID="eSc_line_43261fa1"
                    TAGREFS="LT4176"
                    BASELINE="229 1380 980 1386" 
                    HPOS="228"
                    VPOS="1342"
                    WIDTH="752"
                    HEIGHT="59">
            <Shape><Polygon POINTS="229 1380 228 1388 244 1394 245 1394 246 1394 297 1390 318 1397 319 1397 320 1397 350 1390 353 1390 357 1390 405 1396 406 1396 407 1396 408 1396 414 1391 415 1391 475 1391 481 1392 500 1397 501 1397 502 1397 537 1393 546 1392 549 1393 560 1398 561 1398 562 1398 605 1394 617 1393 620 1394 628 1399 629 1399 630 1399 631 1399 689 1396 751 1400 752 1400 771 1396 782 1394 791 1397 805 1400 806 1400 806 1400 831 1397 842 1396 846 1398 856 1401 857 1401 858 1401 859 1401 867 1398 871 1395 876 1398 881 1401 882 1401 883 1401 884 1401 979 1399 980 1386 980 1356 961 1349 960 1349 959 1349 931 1354 924 1348 923 1348 922 1348 892 1347 891 1347 890 1347 860 1354 857 1355 855 1354 844 1350 843 1350 842 1350 841 1350 830 1354 828 1354 825 1354 802 1350 801 1350 738 1352 710 1353 705 1352 689 1345 688 1345 687 1345 687 1345 669 1351 662 1354 629 1354 607 1350 572 1344 437 1343 436 1343 435 1343 434 1343 430 1347 424 1352 363 1352 340 1347 339 1347 276 1351 258 1343 255 1342 254 1342 253 1342 229 1342 229 1380"/></Shape>
	    <String CONTENT="Primam autẽ fidem accipio pro tota Chri¬"
                    HPOS="228"
                    VPOS="1342"
                    WIDTH="752"
                    HEIGHT="59"
                    WC="0.995350522239034"></String>
          </TextLine>

          
          
          <TextLine ID="eSc_line_3bb55492"
                    TAGREFS="LT4176"
                    BASELINE="189 1430 464 1429 981 1436" 
                    HPOS="189"
                    VPOS="1390"
                    WIDTH="792"
                    HEIGHT="63">
            <Shape><Polygon POINTS="189 1430 189 1443 217 1440 227 1445 233 1446 234 1446 235 1446 236 1446 240 1445 248 1440 288 1445 309 1446 310 1446 323 1445 341 1441 350 1445 356 1447 357 1447 397 1448 398 1448 399 1448 400 1448 405 1445 409 1442 445 1442 457 1445 475 1449 476 1449 477 1449 478 1449 487 1445 491 1443 498 1445 507 1447 508 1447 509 1447 533 1445 554 1443 561 1445 576 1450 577 1450 578 1450 579 1450 599 1445 602 1445 603 1446 612 1450 613 1450 614 1450 615 1450 616 1450 633 1446 639 1444 657 1446 689 1448 690 1448 711 1446 717 1445 718 1446 728 1451 729 1451 730 1451 731 1451 763 1446 770 1445 776 1446 808 1452 809 1452 904 1446 924 1453 925 1453 926 1453 980 1446 981 1436 981 1406 950 1397 949 1397 948 1397 948 1397 927 1406 927 1407 886 1407 884 1405 877 1400 877 1400 876 1400 875 1400 853 1405 851 1405 726 1405 723 1403 706 1399 705 1399 704 1399 681 1403 674 1404 666 1403 614 1394 613 1394 578 1402 572 1403 569 1402 558 1395 557 1395 556 1395 555 1395 512 1400 501 1393 500 1393 499 1393 469 1392 428 1392 427 1392 426 1392 415 1399 406 1392 405 1392 404 1392 403 1392 373 1398 351 1391 350 1391 284 1391 283 1391 282 1391 269 1398 260 1390 259 1390 258 1390 206 1390 205 1390 204 1390 189 1396 189 1430"/></Shape>
	    <String CONTENT="ſtianiſmi profeſsione, quæ meritò prima fi¬"
                    HPOS="189"
                    VPOS="1390"
                    WIDTH="792"
                    HEIGHT="63"
                    WC="0.980180128054185"></String>
          </TextLine>

          
          
          <TextLine ID="eSc_line_b9117510"
                    TAGREFS="LT4176"
                    BASELINE="191 1478 580 1480 985 1488" 
                    HPOS="190"
                    VPOS="1438"
                    WIDTH="795"
                    HEIGHT="66">
            <Shape><Polygon POINTS="191 1478 190 1489 202 1494 203 1494 204 1494 286 1490 295 1490 297 1490 314 1495 315 1495 316 1495 317 1495 331 1491 333 1490 410 1490 413 1491 435 1497 436 1497 437 1497 575 1492 590 1492 591 1492 604 1499 605 1499 606 1499 666 1493 670 1493 681 1500 682 1500 683 1500 684 1500 719 1494 736 1500 737 1500 738 1500 808 1495 827 1502 828 1502 829 1502 871 1498 906 1503 907 1504 963 1504 963 1503 964 1503 984 1496 985 1488 984 1456 939 1456 938 1455 925 1446 924 1446 924 1446 923 1446 922 1446 908 1451 885 1446 884 1446 883 1446 882 1446 871 1454 870 1455 837 1455 818 1454 818 1453 803 1444 802 1444 801 1444 800 1444 715 1450 645 1442 644 1442 643 1442 623 1448 594 1441 593 1441 592 1441 592 1441 555 1450 541 1441 540 1441 539 1441 515 1440 514 1440 513 1440 494 1449 474 1449 470 1449 469 1449 438 1439 437 1439 436 1439 435 1439 417 1448 363 1448 352 1438 351 1438 350 1438 349 1438 348 1438 322 1446 292 1438 291 1438 290 1438 289 1438 288 1438 275 1447 245 1447 229 1447 228 1446 213 1438 213 1438 212 1438 211 1438 210 1438 191 1446 191 1478"/></Shape>
	    <String CONTENT="des eſt, hoc eſt, prima fidei profeſsio. Idem"
                    HPOS="190"
                    VPOS="1438"
                    WIDTH="795"
                    HEIGHT="66"
                    WC="0.989193573262956"></String>
          </TextLine>

          
          
          <TextLine ID="eSc_line_185f2c2d"
                    TAGREFS="LT4176"
                    BASELINE="193 1530 517 1529 983 1539" 
                    HPOS="192"
                    VPOS="1487"
                    WIDTH="791"
                    HEIGHT="78">
            <Shape><Polygon POINTS="193 1530 192 1551 204 1557 205 1557 206 1557 207 1557 226 1551 227 1551 228 1551 251 1556 252 1556 253 1556 264 1552 277 1547 299 1552 319 1557 320 1557 321 1557 330 1553 340 1548 363 1554 371 1555 372 1555 382 1554 423 1549 436 1555 447 1560 448 1560 449 1560 450 1560 465 1556 482 1551 499 1556 514 1561 515 1561 516 1561 517 1561 525 1557 534 1552 545 1557 553 1562 554 1562 612 1562 613 1562 662 1560 756 1553 797 1562 809 1564 810 1564 811 1564 818 1562 840 1555 860 1561 861 1561 862 1561 863 1561 864 1561 874 1555 907 1555 949 1562 950 1562 951 1562 960 1558 980 1565 983 1539 982 1505 903 1495 879 1495 878 1495 877 1495 877 1495 865 1503 863 1503 832 1498 831 1498 790 1502 787 1502 786 1502 760 1493 759 1493 758 1493 703 1501 700 1501 687 1492 687 1492 686 1492 685 1492 649 1499 630 1494 629 1494 628 1494 627 1494 626 1494 617 1500 608 1492 607 1492 606 1492 605 1492 525 1497 503 1491 502 1491 501 1491 500 1491 473 1498 457 1492 456 1492 455 1492 425 1497 415 1490 414 1490 413 1490 412 1490 378 1495 369 1489 368 1489 367 1489 366 1489 365 1489 339 1496 335 1496 290 1496 284 1491 283 1491 282 1491 281 1491 244 1495 243 1495 232 1487 231 1487 230 1487 229 1487 193 1494 193 1530"/></Shape>
	    <String CONTENT="Græcis dicitur πίστις, hoc eſt, fidei profeſsio,"
                    HPOS="192"
                    VPOS="1487"
                    WIDTH="791"
                    HEIGHT="78"></String>
          </TextLine>

          
        </TextBlock>
        
        <TextBlock HPOS="866.7435913085938"
                   VPOS="1563.919677734375"
                   WIDTH="122.33477783203125"
                   HEIGHT="44.2806396484375"
                   ID="block_3"
                   TAGREFS="BT10631">
          <Shape><Polygon POINTS="866.744 1563.92 989.078 1563.92 989.078 1608.2 866.744 1608.2 866.744 1563.92"/></Shape>
          
          
          <TextLine ID="eSc_line_b80ee501"
                    TAGREFS="LT4176"
                    BASELINE="865 1585 984 1586" 
                    HPOS="864"
                    VPOS="1557"
                    WIDTH="120"
                    HEIGHT="59">
            <Shape><Polygon POINTS="865 1585 864 1611 870 1615 871 1615 872 1615 873 1615 900 1610 914 1609 938 1609 942 1612 947 1616 948 1616 948 1616 949 1616 983 1613 984 1586 983 1557 865 1558 865 1585"/></Shape>
	    <String CONTENT="quam"
                    HPOS="864"
                    VPOS="1557"
                    WIDTH="120"
                    HEIGHT="59"
                    WC="0.997831612825394"></String>
          </TextLine>

          
        </TextBlock>
        

        
      </PrintSpace>
    </Page>
  </Layout>
</alto>
