<?xml version="1.0" encoding="UTF-8"?>
<alto xmlns:xsi="http://www.w3.org/2001/XMLSchema-instance"
      xmlns="http://www.loc.gov/standards/alto/ns-v4#"
      xsi:schemaLocation="http://www.loc.gov/standards/alto/ns-v4# http://www.loc.gov/standards/alto/v4/alto-4-2.xsd">
  <Description>
    <MeasurementUnit>pixel</MeasurementUnit>
    <sourceImageInformation>
      <fileName>page_00055.png</fileName>
      
    </sourceImageInformation>
  </Description>
  
  <Tags>
    <OtherTag ID="BT10635" LABEL="NumberingZone" DESCRIPTION="block type NumberingZone"/><OtherTag ID="BT10634" LABEL="DropCapitalZone" DESCRIPTION="block type DropCapitalZone"/><OtherTag ID="BT10633" LABEL="GraphicZone" DESCRIPTION="block type GraphicZone"/><OtherTag ID="BT10632" LABEL="RunningTitleZone" DESCRIPTION="block type RunningTitleZone"/><OtherTag ID="BT10631" LABEL="QuireMarksZone" DESCRIPTION="block type QuireMarksZone"/><OtherTag ID="BT10630" LABEL="MarginTextZone" DESCRIPTION="block type MarginTextZone"/><OtherTag ID="BT10629" LABEL="MainZone" DESCRIPTION="block type MainZone"/>
    <OtherTag ID="LT4179" LABEL="default" DESCRIPTION="line type default"/><OtherTag ID="LT4178" LABEL="CustomLine : BiblicalText" DESCRIPTION="line type CustomLine : BiblicalText"/><OtherTag ID="LT4177" LABEL="HeadingLine" DESCRIPTION="line type HeadingLine"/><OtherTag ID="LT4176" LABEL="DefaultLine" DESCRIPTION="line type DefaultLine"/>
  </Tags>
  
  <Layout>
    <Page WIDTH="1092"
          HEIGHT="1720"
          PHYSICAL_IMG_NR="2"
          ID="eSc_dummypage_">
      <PrintSpace HPOS="0"
                  VPOS="0"
                  WIDTH="1092"
                  HEIGHT="1720">
        
        <TextBlock HPOS="194.29371643066406"
                   VPOS="74.39289855957031"
                   WIDTH="59.37684631347656"
                   HEIGHT="36.934425354003906"
                   ID="block_2"
                   TAGREFS="BT10635">
          <Shape><Polygon POINTS="194.294 74.3929 253.671 74.3929 253.671 111.327 194.294 111.327 194.294 74.3929"/></Shape>
          
          
          <TextLine ID="eSc_line_f532f830"
                    TAGREFS="LT4176"
                    BASELINE="200 102 250 100" 
                    HPOS="199"
                    VPOS="73"
                    WIDTH="51"
                    HEIGHT="42">
            <Shape><Polygon POINTS="246 79 237 77 227 75 218 73 217 73 205 77 199 89 200 102 200 112 236 115 237 115 238 115 250 109 250 100 248 79 246 79"/></Shape>
	    <String CONTENT="20"
                    HPOS="199"
                    VPOS="73"
                    WIDTH="51"
                    HEIGHT="42"
                    WC="0.999835610389709"></String>
          </TextLine>

          
        </TextBlock>
        
        <TextBlock HPOS="363.32476806640625"
                   VPOS="58.178184509277344"
                   WIDTH="488.82000732421875"
                   HEIGHT="51.16106414794922"
                   ID="block_1"
                   TAGREFS="BT10632">
          <Shape><Polygon POINTS="363.325 58.1782 852.145 58.1782 852.145 109.339 363.325 109.339 363.325 58.1782"/></Shape>
          
          
          <TextLine ID="eSc_line_db70b3d7"
                    TAGREFS="LT4177"
                    BASELINE="368 99 831 99" 
                    HPOS="368"
                    VPOS="64"
                    WIDTH="463"
                    HEIGHT="53">
            <Shape><Polygon POINTS="817 64 808 64 798 64 788 64 779 64 769 64 760 64 750 64 741 64 731 64 721 64 712 64 710 64 546 66 521 64 511 64 502 64 493 64 480 66 470 64 463 64 454 64 450 64 433 66 418 64 415 64 406 64 396 64 393 64 372 66 368 70 368 99 368 108 385 117 386 117 387 117 388 117 420 108 435 117 436 117 437 117 463 112 536 117 537 117 538 117 539 117 546 111 617 117 618 117 619 117 632 110 635 108 644 110 666 116 667 116 668 116 669 116 679 111 684 108 795 108 800 112 805 116 805 117 806 117 807 117 808 117 831 112 831 99 830 75 827 71"/></Shape>
	    <String CONTENT="COMMENTARII"
                    HPOS="368"
                    VPOS="64"
                    WIDTH="463"
                    HEIGHT="53"
                    WC="0.999829649925232"></String>
          </TextLine>

          
        </TextBlock>
        
        <TextBlock HPOS="189.3108367919922"
                   VPOS="116.68743133544922"
                   WIDTH="827.0265045166016"
                   HEIGHT="1435.1317825317383"
                   ID="block_0"
                   TAGREFS="BT10629">
          <Shape><Polygon POINTS="189.311 116.687 1016.34 116.687 1016.34 1551.82 189.311 1551.82 189.311 116.687"/></Shape>
          
          
          <TextLine ID="eSc_line_8ab73982"
                    TAGREFS="LT4176"
                    BASELINE="197 159 997 156" 
                    HPOS="196"
                    VPOS="116"
                    WIDTH="801"
                    HEIGHT="60">
            <Shape><Polygon POINTS="981 133 971 131 961 129 787 129 784 128 772 123 771 123 770 123 769 123 768 123 762 128 759 129 755 128 745 124 744 124 743 124 742 124 732 127 727 129 725 127 714 119 713 119 712 119 711 119 710 119 683 127 681 127 680 127 637 116 636 116 567 126 564 126 562 126 519 116 518 116 517 116 516 116 501 125 494 129 477 129 458 125 453 124 452 124 451 124 444 125 433 127 430 125 419 117 418 117 417 117 207 117 206 117 205 117 196 121 197 159 197 174 231 170 269 174 289 176 290 176 305 173 324 171 330 173 334 175 335 175 430 176 431 176 432 176 442 172 449 170 455 172 461 175 462 175 463 175 464 175 473 172 481 169 522 169 533 172 547 175 548 175 549 176 604 176 604 175 605 175 617 171 623 169 670 169 677 170 696 175 697 175 698 175 727 170 737 168 744 170 764 174 765 174 827 169 839 168 856 169 981 174 982 174 997 167 997 156 995 134 990 134"/></Shape>
	    <String CONTENT="de Elia, de Leuiathan, &amp; boue conuiuii mag¬"
                    HPOS="196"
                    VPOS="116"
                    WIDTH="801"
                    HEIGHT="60"
                    WC="0.972135143224583"></String>
          </TextLine>

          
          
          <TextLine ID="eSc_line_6369b461"
                    TAGREFS="LT4176"
                    BASELINE="196 209 996 209" 
                    HPOS="196"
                    VPOS="170"
                    WIDTH="800"
                    HEIGHT="56">
            <Shape><Polygon POINTS="196 209 196 218 224 225 225 225 259 219 261 219 262 219 282 225 283 225 283 225 312 219 316 219 319 219 332 224 333 224 334 224 374 220 387 219 392 220 406 225 407 225 408 225 432 220 440 219 448 221 464 225 465 225 466 225 539 221 590 219 666 219 672 223 677 225 677 225 678 225 679 225 684 223 693 219 701 223 707 225 708 225 709 225 721 223 745 219 843 224 868 225 869 225 870 225 873 224 894 219 900 225 901 225 902 225 903 226 927 226 927 225 930 225 961 219 995 225 996 209 996 180 960 180 940 170 939 170 939 170 905 177 895 170 894 170 893 170 785 170 784 170 783 170 782 170 772 177 759 170 758 170 729 170 728 170 727 170 695 179 656 170 655 170 611 170 610 170 609 170 608 170 594 180 566 180 551 170 550 170 549 170 512 170 511 170 510 170 509 170 499 177 487 170 486 170 485 170 449 170 448 170 447 170 446 170 433 179 392 173 391 173 361 179 322 170 321 170 320 170 319 170 296 180 196 180 196 209"/></Shape>
	    <String CONTENT="ni in aduentu Meſsiæ, de ouo, de Sole, Luna,"
                    HPOS="196"
                    VPOS="170"
                    WIDTH="800"
                    HEIGHT="56"
                    WC="0.955856793306091"></String>
          </TextLine>

          
          
          <TextLine ID="eSc_line_27d13745"
                    TAGREFS="LT4176"
                    BASELINE="203 258 659 256" 
                    HPOS="202"
                    VPOS="215"
                    WIDTH="457"
                    HEIGHT="59">
            <Shape><Polygon POINTS="203 258 204 274 228 267 337 273 338 273 339 273 352 267 425 272 426 272 427 272 450 266 535 266 542 272 543 272 544 272 545 272 634 267 657 272 659 256 657 226 639 226 630 216 630 215 629 215 628 215 592 215 591 215 590 215 573 225 565 216 565 215 564 215 563 215 506 215 505 215 453 225 431 215 430 215 429 215 428 215 427 215 414 226 396 216 395 216 394 216 393 216 371 226 334 216 333 216 332 216 331 216 330 216 330 217 321 227 290 227 274 216 273 216 272 216 250 216 249 216 248 216 247 216 233 227 202 227 203 258"/></Shape>
	    <String CONTENT="pudendas babent fabulas."
                    HPOS="202"
                    VPOS="215"
                    WIDTH="457"
                    HEIGHT="59"
                    WC="0.996524239579836"></String>
          </TextLine>

          
          
          <TextLine ID="eSc_line_7dca687c"
                    TAGREFS="LT4176"
                    BASELINE="242 307 1002 304" 
                    HPOS="241"
                    VPOS="263"
                    WIDTH="761"
                    HEIGHT="62">
            <Shape><Polygon POINTS="242 317 301 322 302 322 303 322 313 318 316 318 398 323 399 323 431 320 439 325 440 325 441 325 442 325 521 324 522 324 542 319 548 317 559 319 577 322 578 322 579 322 586 319 588 318 589 319 596 324 597 324 598 324 599 325 638 325 638 324 639 324 640 324 649 319 653 317 659 319 678 324 679 324 680 324 721 319 746 316 751 319 757 323 758 323 759 323 760 324 778 324 778 323 779 323 780 323 786 320 791 316 824 316 829 320 833 322 834 322 835 322 836 322 851 320 856 319 862 320 882 323 883 323 903 320 924 316 949 316 956 320 959 322 960 322 961 322 962 322 969 320 978 317 1001 320 1002 304 1001 273 976 263 975 263 974 263 936 265 935 265 922 272 813 263 812 263 811 263 810 263 798 272 752 266 751 266 750 266 728 273 699 264 698 264 697 264 665 273 653 264 652 264 651 264 650 264 604 270 576 264 575 264 493 274 474 274 463 265 462 265 461 265 428 265 427 265 426 265 425 265 414 274 344 269 343 269 342 269 329 274 306 265 305 265 260 265 259 265 258 265 257 265 241 274 242 307"/></Shape>
	    <String CONTENT="Alterum eſt genealogiæ præ poſterum ſtu"
                    HPOS="241"
                    VPOS="263"
                    WIDTH="761"
                    HEIGHT="62"
                    WC="0.981972607282492"></String>
          </TextLine>

          
          
          <TextLine ID="eSc_line_e6f066b8"
                    TAGREFS="LT4176"
                    BASELINE="197 355 997 351" 
                    HPOS="196"
                    VPOS="315"
                    WIDTH="801"
                    HEIGHT="56">
            <Shape><Polygon POINTS="197 355 197 370 550 370 550 369 585 366 601 365 604 365 611 371 611 371 612 371 613 371 657 365 665 365 667 365 677 370 677 370 744 371 745 371 746 371 769 365 795 371 796 371 851 365 959 370 960 370 997 362 997 351 996 324 969 315 968 315 967 315 966 315 946 323 913 323 890 323 889 323 866 315 865 315 839 315 838 315 790 322 778 324 765 322 730 316 729 316 728 316 710 322 701 324 684 322 646 316 645 316 611 322 584 326 419 326 404 320 401 319 400 319 399 319 398 319 395 320 382 326 373 320 372 319 371 319 371 319 343 318 342 318 341 318 336 320 320 325 282 326 270 322 269 322 268 322 267 322 266 322 259 326 241 319 240 318 239 318 238 318 196 318 197 355"/></Shape>
	    <String CONTENT="dium : dicuntur autem libri ſeu catalogi ge¬"
                    HPOS="196"
                    VPOS="315"
                    WIDTH="801"
                    HEIGHT="56"
                    WC="0.983045107939027"></String>
          </TextLine>

          
          
          <TextLine ID="eSc_line_af4d040b"
                    TAGREFS="LT4176"
                    BASELINE="198 406 994 402" 
                    HPOS="197"
                    VPOS="367"
                    WIDTH="797"
                    HEIGHT="50">
            <Shape><Polygon POINTS="198 406 198 417 993 414 994 402 992 375 906 367 905 367 904 367 890 374 860 368 859 368 858 368 838 374 710 368 709 368 708 368 693 375 684 371 683 371 682 371 587 376 567 369 566 369 521 369 520 369 519 369 503 375 466 369 465 369 464 369 442 376 405 372 404 372 403 372 393 378 272 378 262 370 261 370 260 370 222 370 221 370 220 370 197 378 198 406"/></Shape>
	    <String CONTENT="neris certi per medios auos &amp; attauos vſque"
                    HPOS="197"
                    VPOS="367"
                    WIDTH="797"
                    HEIGHT="50"
                    WC="0.991258280221806"></String>
          </TextLine>

          
          
          <TextLine ID="eSc_line_49f75ce3"
                    TAGREFS="LT4176"
                    BASELINE="199 453 995 449" 
                    HPOS="198"
                    VPOS="412"
                    WIDTH="797"
                    HEIGHT="61">
            <Shape><Polygon POINTS="199 453 199 469 282 473 283 473 283 473 300 468 312 464 438 464 444 466 458 472 458 472 459 473 516 473 516 472 517 472 518 472 526 465 527 464 529 465 532 468 533 468 534 468 535 468 536 468 546 465 554 463 560 465 574 471 575 471 576 471 660 465 719 470 720 470 720 470 735 463 737 462 739 463 757 470 758 470 759 471 800 471 800 470 839 461 842 461 844 461 867 469 868 469 869 469 870 469 895 461 914 469 915 469 916 470 960 470 960 469 960 469 995 459 995 449 993 423 917 423 898 412 897 412 896 412 895 412 895 412 880 423 868 423 836 412 835 412 834 412 806 413 805 413 786 423 742 413 741 413 740 413 709 423 677 417 677 417 632 424 630 424 629 424 603 414 602 414 601 414 600 414 579 424 579 425 477 425 475 425 451 415 450 415 409 415 408 415 407 415 378 425 377 425 376 425 348 420 347 420 346 420 333 425 315 416 314 416 313 416 279 423 268 416 267 416 266 416 219 416 218 416 218 416 198 424 199 453"/></Shape>
	    <String CONTENT="ad primam ſtirpis originem, tales libri &amp; ca¬"
                    HPOS="198"
                    VPOS="412"
                    WIDTH="797"
                    HEIGHT="61"
                    WC="0.974368442429437"></String>
          </TextLine>

          
          
          <TextLine ID="eSc_line_8d9eb102"
                    TAGREFS="LT4176"
                    BASELINE="201 503 996 498" 
                    HPOS="200"
                    VPOS="461"
                    WIDTH="796"
                    HEIGHT="61">
            <Shape><Polygon POINTS="201 503 201 518 244 515 257 518 266 521 267 521 268 522 353 522 353 521 354 521 355 521 360 517 363 515 456 513 478 516 495 519 496 519 497 519 506 516 521 512 616 512 622 516 628 519 629 519 630 519 631 520 648 520 648 519 649 519 664 515 678 511 738 511 745 515 754 518 755 518 756 519 803 519 803 518 804 518 813 514 819 511 825 514 834 517 835 517 836 518 933 518 933 517 934 517 944 513 947 512 949 513 962 517 963 517 964 517 995 512 996 498 994 473 945 473 945 472 917 461 917 461 887 461 886 461 885 461 884 461 869 471 850 462 849 462 804 462 803 462 802 462 782 472 757 462 756 462 721 462 720 462 720 462 684 472 677 473 670 472 657 468 656 468 655 468 655 468 642 472 635 474 574 474 570 472 557 463 556 463 555 463 554 463 510 464 509 464 492 472 485 474 475 472 468 470 467 470 466 470 465 470 458 472 448 474 389 473 385 472 372 467 371 467 371 467 329 472 292 475 277 472 255 465 254 465 253 465 200 471 201 503"/></Shape>
	    <String CONTENT="talogi erant neceſſarii ante Chriſti aduen¬"
                    HPOS="200"
                    VPOS="461"
                    WIDTH="796"
                    HEIGHT="61"
                    WC="0.983945364175841"></String>
          </TextLine>

          
          
          <TextLine ID="eSc_line_1b6b2c76"
                    TAGREFS="LT4176"
                    BASELINE="201 549 1005 552" 
                    HPOS="200"
                    VPOS="509"
                    WIDTH="805"
                    HEIGHT="59">
            <Shape><Polygon POINTS="200 558 231 565 232 566 411 566 411 565 443 560 451 559 464 560 503 564 504 564 568 561 579 561 580 561 589 566 589 566 590 566 612 562 621 560 633 562 657 566 658 566 696 562 720 560 729 563 742 567 742 567 743 568 845 568 845 567 846 567 856 564 868 561 1004 565 1005 552 1003 518 994 522 988 518 979 511 978 511 977 511 976 511 920 513 919 513 910 517 905 520 897 517 884 514 883 514 882 514 859 517 850 519 848 517 838 511 837 511 836 511 835 511 816 512 815 512 805 517 796 522 773 517 738 510 677 510 677 510 676 510 675 510 664 516 655 522 570 522 558 516 542 510 541 510 540 510 539 510 525 516 516 521 476 521 468 516 466 515 465 515 464 515 463 515 462 515 458 516 455 518 451 516 439 509 438 509 437 509 436 509 341 511 340 511 330 516 321 521 210 521 203 515 201 549 200 558"/></Shape>
	    <String CONTENT="tum, vt conſtaret de certa Meſsiæ linea. Ex"
                    HPOS="200"
                    VPOS="509"
                    WIDTH="805"
                    HEIGHT="59"
                    WC="0.983201631279879"></String>
          </TextLine>

          
          
          <TextLine ID="eSc_line_73f21a21"
                    TAGREFS="LT4176"
                    BASELINE="200 601 1002 601" 
                    HPOS="200"
                    VPOS="560"
                    WIDTH="802"
                    HEIGHT="58">
            <Shape><Polygon POINTS="200 601 200 610 239 617 240 617 276 611 280 611 292 611 379 616 380 616 419 612 436 611 443 613 459 617 460 617 461 617 489 613 504 611 510 613 520 617 521 617 522 617 548 613 567 611 589 614 612 617 613 617 648 614 690 611 763 611 769 615 771 617 772 617 773 617 774 617 805 616 894 611 902 617 903 617 904 617 905 618 949 618 949 617 950 617 951 617 959 611 1001 617 1002 601 1002 573 916 573 914 571 896 560 895 560 895 560 894 560 893 560 858 571 851 572 821 571 819 570 799 560 798 560 636 560 635 560 634 560 617 567 606 573 580 573 571 567 563 560 562 560 561 560 522 560 521 560 520 560 519 560 512 566 502 572 434 567 433 567 388 572 379 566 378 566 377 566 376 566 375 566 363 571 328 563 317 561 316 561 315 561 310 563 288 573 257 573 240 562 237 560 236 560 235 560 234 560 200 561 200 601"/></Shape>
	    <String CONTENT="his enim contexi debuit Chriſti Genealogia,"
                    HPOS="200"
                    VPOS="560"
                    WIDTH="802"
                    HEIGHT="58"
                    WC="0.991967617079269"></String>
          </TextLine>

          
          
          <TextLine ID="eSc_line_f37001bb"
                    TAGREFS="LT4176"
                    BASELINE="203 647 1006 649" 
                    HPOS="202"
                    VPOS="609"
                    WIDTH="804"
                    HEIGHT="57">
            <Shape><Polygon POINTS="203 647 202 657 242 665 243 665 355 659 367 659 371 659 396 664 397 664 415 660 419 659 420 660 427 665 428 665 429 665 430 665 491 661 519 659 533 661 557 665 558 665 576 662 591 659 615 662 646 666 647 666 671 663 692 660 746 660 752 664 755 666 756 666 757 666 758 666 773 664 799 660 823 664 832 666 833 666 834 666 838 665 849 660 873 665 880 666 881 666 1005 666 1006 649 1004 610 992 618 962 610 960 610 959 610 958 610 957 610 939 620 912 610 910 610 909 610 875 610 874 610 873 610 873 610 873 611 861 619 848 611 846 610 845 610 844 610 784 611 783 611 764 621 704 621 680 611 677 610 676 610 675 610 674 610 669 611 650 616 611 611 591 609 590 609 578 611 558 616 544 612 536 609 535 609 534 609 533 609 527 612 513 618 502 614 501 614 500 614 473 619 425 612 404 609 358 609 357 609 356 609 349 612 335 620 321 620 309 612 305 609 305 609 304 609 303 609 302 609 294 612 277 619 203 613 203 647"/></Shape>
	    <String CONTENT="&amp; ex his ſcire poterat Paulus, quòd eſſet de"
                    HPOS="202"
                    VPOS="609"
                    WIDTH="804"
                    HEIGHT="57"
                    WC="0.989879030651516"></String>
          </TextLine>

          
          
          <TextLine ID="eSc_line_662761c7"
                    TAGREFS="LT4176"
                    BASELINE="207 699 1006 699" 
                    HPOS="207"
                    VPOS="660"
                    WIDTH="799"
                    HEIGHT="53">
            <Shape><Polygon POINTS="207 699 207 707 223 712 224 712 225 712 264 708 265 708 266 708 284 712 285 712 286 713 394 713 394 712 395 712 408 709 412 708 419 709 445 712 446 712 505 709 537 708 551 709 570 712 571 712 589 709 604 708 622 710 641 712 642 712 658 710 679 708 709 710 728 712 729 712 752 711 800 708 817 711 823 712 824 712 832 711 864 708 873 711 874 712 875 712 876 713 1006 713 1006 699 1006 670 942 670 941 669 926 662 925 662 924 662 923 662 908 668 908 669 828 669 823 667 805 660 804 660 780 660 779 660 778 660 764 666 758 669 751 666 737 660 736 660 665 660 664 660 663 660 662 660 654 666 647 669 612 669 601 665 589 660 589 660 514 660 513 660 512 660 503 664 489 670 447 670 437 664 436 664 436 664 435 664 380 669 362 662 358 660 357 660 327 660 327 660 326 660 322 661 293 669 279 660 278 660 277 660 207 660 207 699"/></Shape>
	    <String CONTENT="Tribu Beniamin. Poſt verò Chriſtum natum"
                    HPOS="207"
                    VPOS="660"
                    WIDTH="799"
                    HEIGHT="53"
                    WC="0.987612003233375"></String>
          </TextLine>

          
          
          <TextLine ID="eSc_line_f5a14e53"
                    TAGREFS="LT4176"
                    BASELINE="202 746 1006 749" 
                    HPOS="201"
                    VPOS="708"
                    WIDTH="805"
                    HEIGHT="57">
            <Shape><Polygon POINTS="202 746 201 760 274 763 275 763 305 761 393 755 421 762 428 763 429 763 436 762 464 755 479 762 482 764 483 764 484 765 523 765 523 764 533 763 571 756 598 763 603 764 604 764 605 764 606 764 609 763 629 756 665 762 666 762 692 757 701 764 702 764 703 764 704 764 710 764 748 758 769 764 773 765 774 765 775 765 776 765 778 764 789 757 850 757 860 762 861 762 862 762 896 757 928 765 930 765 931 765 932 765 944 758 1004 765 1006 749 1006 720 979 709 978 709 977 709 924 717 905 709 904 709 903 709 902 709 884 716 865 709 864 709 863 709 801 719 799 719 798 719 786 709 785 709 784 709 764 709 763 709 762 709 761 709 749 718 728 709 727 709 726 709 636 709 635 709 614 718 614 719 474 719 465 718 365 708 364 708 298 717 295 717 294 717 275 708 274 708 273 708 247 712 232 708 231 708 230 708 229 708 228 708 216 717 202 717 202 746"/></Shape>
	    <String CONTENT="abdendi erant, quia tota illa politia delenda"
                    HPOS="201"
                    VPOS="708"
                    WIDTH="805"
                    HEIGHT="57"
                    WC="0.975205339325799"></String>
          </TextLine>

          
          
          <TextLine ID="eSc_line_5869549d"
                    TAGREFS="LT4176"
                    BASELINE="202 795 1001 797" 
                    HPOS="202"
                    VPOS="757"
                    WIDTH="799"
                    HEIGHT="59">
            <Shape><Polygon POINTS="202 795 202 812 373 806 383 811 384 811 385 811 462 809 470 812 476 814 477 814 478 814 491 812 506 809 509 812 512 814 513 814 514 814 515 814 516 814 521 812 531 807 541 812 542 812 543 812 544 812 545 812 546 812 553 807 598 812 608 812 609 812 612 811 631 807 645 811 654 814 655 814 655 814 686 811 731 807 739 811 745 815 746 815 747 815 748 815 761 811 771 808 786 811 808 815 808 816 844 816 844 815 845 815 854 811 862 808 999 810 1001 797 1001 769 982 761 981 761 980 761 979 761 964 768 960 768 936 767 926 759 925 759 924 759 923 759 885 767 878 768 867 767 839 763 838 763 766 765 705 767 701 764 694 758 693 758 692 758 691 758 690 758 669 764 659 766 650 763 633 758 633 758 632 758 631 758 618 763 611 766 604 763 598 760 597 760 596 760 595 760 588 762 573 768 502 768 481 761 469 757 468 757 379 757 378 757 369 759 341 766 284 759 283 759 245 766 234 757 233 757 232 757 202 757 202 795"/></Shape>
	    <String CONTENT="fuit, &amp; in Chriſto neque Iudæus, neque Græ¬"
                    HPOS="202"
                    VPOS="757"
                    WIDTH="799"
                    HEIGHT="59"
                    WC="0.975631731887196"></String>
          </TextLine>

          
          
          <TextLine ID="eSc_line_b4eaf9d4"
                    TAGREFS="LT4176"
                    BASELINE="202 846 1002 846" 
                    HPOS="202"
                    VPOS="810"
                    WIDTH="800"
                    HEIGHT="54">
            <Shape><Polygon POINTS="202 846 202 856 240 862 240 862 241 862 260 858 268 863 269 863 270 863 271 864 318 864 318 863 319 863 332 857 345 863 346 863 347 863 457 857 539 863 540 864 566 864 566 863 567 863 567 863 576 857 610 863 611 863 657 862 658 862 659 862 668 857 842 857 854 861 855 861 856 861 857 861 876 857 885 863 886 863 887 863 888 863 889 863 902 859 920 863 921 863 922 863 923 863 945 857 957 862 958 862 959 862 1002 856 1002 846 1002 819 916 819 888 810 887 810 886 810 828 815 821 810 820 810 819 810 768 810 767 810 766 810 747 819 719 819 705 812 704 812 703 812 677 815 659 810 658 810 657 810 656 810 643 817 633 810 632 810 631 810 600 810 599 810 598 810 597 810 583 818 555 813 554 813 553 813 529 818 518 810 517 810 516 810 499 810 498 810 497 810 470 819 420 819 396 811 395 811 394 811 361 818 318 810 317 810 316 810 281 819 202 819 202 846"/></Shape>
	    <String CONTENT="cuis quicquam valet, ſed noua in Chriſto crea¬"
                    HPOS="202"
                    VPOS="810"
                    WIDTH="800"
                    HEIGHT="54"
                    WC="0.979373860618343"></String>
          </TextLine>

          
          
          <TextLine ID="eSc_line_7e0590d3"
                    TAGREFS="LT4176"
                    BASELINE="203 895 998 893" 
                    HPOS="202"
                    VPOS="856"
                    WIDTH="796"
                    HEIGHT="57">
            <Shape><Polygon POINTS="203 895 203 908 258 913 259 913 356 908 393 906 395 908 401 912 402 912 403 912 404 912 405 912 423 907 426 907 432 907 482 913 483 913 484 913 506 907 511 906 522 907 574 913 575 913 576 913 589 907 589 906 591 907 610 912 611 912 611 912 642 907 681 912 682 912 683 912 698 906 700 905 705 906 729 912 730 912 731 912 754 906 758 905 762 906 782 912 783 912 784 912 808 907 837 912 838 912 873 905 874 905 875 905 890 912 891 912 892 912 893 912 894 912 900 907 953 912 954 912 955 912 956 912 965 905 966 905 997 905 998 893 996 867 882 867 881 866 861 856 860 856 751 856 750 856 695 865 685 866 679 865 651 856 650 856 633 856 633 856 632 856 631 856 619 864 616 866 608 864 576 857 575 857 547 862 524 857 523 857 522 857 521 857 500 863 489 868 441 868 433 863 417 857 416 857 396 857 395 857 394 857 393 857 385 863 378 867 363 863 340 857 339 857 338 857 337 857 323 862 312 868 283 868 276 862 274 860 273 860 272 860 271 860 270 860 264 862 254 865 202 862 203 895"/></Shape>
	    <String CONTENT="tura: ideo diuina diſpenſatione hîc damnan¬"
                    HPOS="202"
                    VPOS="856"
                    WIDTH="796"
                    HEIGHT="57"></String>
          </TextLine>

          
          
          <TextLine ID="eSc_line_28ad29f8"
                    TAGREFS="LT4176"
                    BASELINE="203 946 1000 944" 
                    HPOS="202"
                    VPOS="905"
                    WIDTH="798"
                    HEIGHT="58">
            <Shape><Polygon POINTS="203 946 203 955 256 963 257 963 288 956 294 955 301 956 337 963 338 963 339 963 357 956 359 956 362 956 401 963 402 963 403 963 421 957 426 955 430 957 442 963 443 963 444 963 483 957 491 956 494 957 506 963 507 963 508 963 533 957 543 955 552 957 574 963 575 963 576 963 604 958 750 962 751 962 752 962 763 958 775 954 795 958 811 962 812 962 813 962 825 959 834 956 845 959 853 961 854 961 855 961 856 961 861 959 872 954 893 954 901 959 905 962 906 962 907 962 908 962 925 959 950 955 998 959 1000 944 998 905 959 905 958 905 957 905 956 905 935 914 886 914 876 907 875 907 874 907 873 907 832 913 812 907 806 905 805 905 804 905 803 905 795 907 776 914 646 914 639 909 633 905 633 905 632 905 631 905 630 905 612 910 607 911 599 910 575 906 574 906 573 906 572 906 567 910 561 915 535 915 530 911 524 906 523 906 522 906 521 906 486 912 477 913 474 912 463 906 462 906 416 906 415 906 414 906 389 913 388 913 387 913 372 906 371 906 371 906 306 911 290 906 289 906 288 906 202 915 203 946"/></Shape>
	    <String CONTENT="tur, &amp; olim Romæ ab Imperatoribus exuſti"
                    HPOS="202"
                    VPOS="905"
                    WIDTH="798"
                    HEIGHT="58"
                    WC="0.976542896032333"></String>
          </TextLine>

          
          
          <TextLine ID="eSc_line_18704c6e"
                    TAGREFS="LT4176"
                    BASELINE="203 991 1002 993" 
                    HPOS="202"
                    VPOS="954"
                    WIDTH="800"
                    HEIGHT="60">
            <Shape><Polygon POINTS="203 991 202 1004 218 1013 219 1013 220 1013 221 1013 238 1007 270 1013 271 1013 272 1013 294 1005 361 1005 378 1013 379 1013 380 1013 381 1013 403 1005 465 1005 466 1005 482 1013 483 1013 484 1014 570 1014 570 1013 571 1013 594 1007 604 1012 605 1012 606 1012 607 1012 646 1006 672 1014 673 1014 674 1014 786 1013 786 1013 787 1013 798 1007 874 1012 875 1012 876 1012 895 1006 896 1006 898 1006 922 1014 923 1014 924 1014 960 1006 963 1006 1000 1006 1002 993 1002 965 967 955 966 955 919 955 918 955 917 955 902 964 901 964 898 964 856 955 855 955 854 955 839 963 837 964 810 963 746 959 745 959 744 959 739 962 736 964 733 962 724 955 723 955 722 955 721 955 696 962 684 964 672 961 656 958 655 958 655 958 644 961 637 963 634 961 626 955 625 955 624 955 602 954 601 954 600 954 585 960 546 954 545 954 544 954 543 954 534 960 529 963 500 964 436 964 430 959 425 955 424 955 423 955 422 955 421 955 414 959 405 963 390 958 375 954 374 954 373 954 336 958 288 963 250 963 242 957 239 954 238 954 237 954 236 954 203 956 203 991"/></Shape>
	    <String CONTENT="ſunt. Vide locum de Genealogiis in Proble¬"
                    HPOS="202"
                    VPOS="954"
                    WIDTH="800"
                    HEIGHT="60"
                    WC="0.987633505037853"></String>
          </TextLine>

          
          
          <TextLine ID="eSc_line_21ef7894"
                    TAGREFS="LT4176"
                    BASELINE="203 1040 515 1042" 
                    HPOS="202"
                    VPOS="1004"
                    WIDTH="313"
                    HEIGHT="56">
            <Shape><Polygon POINTS="203 1040 202 1051 238 1059 239 1060 307 1060 307 1059 308 1059 322 1053 326 1053 328 1053 342 1059 343 1059 344 1059 345 1059 356 1054 359 1053 366 1054 393 1060 394 1060 416 1055 428 1053 513 1057 515 1042 514 1015 460 1015 460 1014 449 1005 448 1005 447 1005 408 1005 407 1005 406 1005 384 1014 382 1015 360 1015 358 1013 332 1004 331 1004 330 1004 329 1004 328 1004 320 1010 283 1004 283 1004 282 1004 255 1013 253 1013 203 1013 203 1040"/></Shape>
	    <String CONTENT="matibus noſtris."
                    HPOS="202"
                    VPOS="1004"
                    WIDTH="313"
                    HEIGHT="56"
                    WC="0.989737819880247"></String>
          </TextLine>

          
          
          <TextLine ID="eSc_line_50555c66"
                    TAGREFS="LT4176"
                    BASELINE="262 1091 1004 1093" 
                    HPOS="261"
                    VPOS="1050"
                    WIDTH="743"
                    HEIGHT="62">
            <Shape><Polygon POINTS="262 1091 261 1100 302 1102 313 1110 314 1110 315 1110 316 1110 317 1110 341 1102 355 1107 356 1107 357 1107 393 1102 420 1109 421 1109 422 1109 494 1102 515 1110 516 1110 633 1111 634 1111 725 1104 745 1110 746 1110 747 1110 789 1103 807 1111 808 1111 808 1111 842 1103 873 1103 883 1111 884 1111 885 1111 886 1111 887 1111 902 1103 917 1111 918 1111 919 1112 956 1112 956 1111 957 1111 970 1103 1004 1102 1004 1093 1004 1063 968 1063 966 1062 945 1051 944 1051 892 1051 891 1051 890 1051 868 1060 845 1051 844 1051 777 1051 776 1051 775 1051 774 1051 761 1059 754 1062 697 1062 689 1057 677 1052 677 1052 676 1052 675 1052 656 1057 642 1061 621 1056 617 1056 616 1056 615 1056 614 1056 598 1061 588 1056 573 1050 572 1050 522 1050 521 1050 520 1050 506 1054 491 1062 427 1062 400 1053 392 1051 391 1051 390 1051 389 1051 383 1053 363 1062 342 1062 334 1055 333 1055 332 1055 262 1052 262 1091"/></Shape>
	    <String CONTENT="Tertia ratio eſt, à qualitate falſæ doctri¬"
                    HPOS="261"
                    VPOS="1050"
                    WIDTH="743"
                    HEIGHT="62"
                    WC="0.976245894350789"></String>
          </TextLine>

          
          
          <TextLine ID="eSc_line_5b6fc059"
                    TAGREFS="LT4176"
                    BASELINE="203 1140 517 1139 1004 1145" 
                    HPOS="202"
                    VPOS="1102"
                    WIDTH="802"
                    HEIGHT="58">
            <Shape><Polygon POINTS="202 1147 281 1156 282 1157 319 1157 319 1156 320 1156 337 1149 351 1149 389 1149 399 1157 400 1157 401 1157 402 1157 491 1150 496 1150 500 1150 545 1156 546 1156 557 1151 558 1151 590 1152 602 1158 603 1158 604 1158 682 1153 691 1159 692 1159 693 1159 694 1160 782 1160 782 1159 783 1159 794 1153 810 1153 852 1153 861 1160 862 1160 863 1160 864 1160 907 1154 908 1154 909 1154 968 1159 969 1159 1004 1154 1004 1145 1004 1109 960 1107 959 1107 958 1107 952 1109 925 1117 905 1111 904 1111 903 1111 842 1116 819 1109 810 1106 809 1106 808 1106 767 1108 766 1108 765 1108 764 1109 754 1116 732 1116 722 1109 718 1105 717 1105 716 1105 691 1105 690 1105 689 1105 688 1105 683 1109 673 1115 562 1115 522 1109 473 1103 439 1103 438 1103 437 1103 423 1109 414 1113 371 1113 367 1109 358 1102 357 1102 356 1102 327 1102 326 1102 325 1102 310 1109 305 1112 279 1109 246 1106 245 1106 203 1109 203 1140"/></Shape>
	    <String CONTENT="næ, quia ei adhæret ἀπέραντον, infinitum: sũt"
                    HPOS="202"
                    VPOS="1102"
                    WIDTH="802"
                    HEIGHT="58"></String>
          </TextLine>

          
          
          <TextLine ID="eSc_line_c0e610f0"
                    TAGREFS="LT4176"
                    BASELINE="202 1188 414 1186 1004 1192" 
                    HPOS="202"
                    VPOS="1149"
                    WIDTH="802"
                    HEIGHT="62">
            <Shape><Polygon POINTS="202 1188 202 1205 372 1200 390 1205 395 1207 396 1207 397 1207 398 1207 402 1205 411 1201 442 1205 458 1207 458 1207 472 1205 498 1201 513 1205 524 1208 524 1208 525 1208 526 1208 534 1205 542 1202 551 1205 561 1208 562 1208 563 1208 584 1205 604 1202 612 1204 624 1209 625 1209 626 1210 713 1210 713 1209 714 1209 731 1204 740 1203 742 1204 751 1210 752 1210 753 1210 754 1210 755 1210 769 1204 770 1204 771 1204 791 1210 792 1210 793 1210 851 1204 862 1204 873 1204 933 1211 934 1211 1003 1204 1004 1192 1003 1164 927 1164 926 1163 909 1155 908 1155 907 1155 906 1155 880 1163 877 1163 874 1163 821 1152 820 1152 757 1162 753 1162 750 1162 711 1151 710 1151 709 1151 662 1156 647 1151 646 1151 645 1151 644 1151 626 1161 625 1161 616 1161 594 1160 580 1150 579 1150 578 1150 577 1150 529 1157 500 1149 499 1149 428 1149 427 1149 426 1149 425 1149 417 1154 384 1149 383 1149 382 1149 381 1149 366 1159 277 1158 255 1151 254 1151 253 1151 252 1151 237 1159 202 1159 202 1188"/></Shape>
	    <String CONTENT="autem ἀπέραντα, ἀκαταληπτά, hoc eſt, compre¬"
                    HPOS="202"
                    VPOS="1149"
                    WIDTH="802"
                    HEIGHT="62"></String>
          </TextLine>

          
          
          <TextLine ID="eSc_line_a3cc724b"
                    TAGREFS="LT4176"
                    BASELINE="204 1237 436 1235 1004 1241" 
                    HPOS="203"
                    VPOS="1199"
                    WIDTH="801"
                    HEIGHT="62">
            <Shape><Polygon POINTS="204 1237 203 1248 268 1255 269 1255 270 1255 284 1249 288 1247 351 1247 362 1250 385 1256 386 1256 387 1257 434 1257 434 1256 435 1256 448 1250 454 1248 459 1250 476 1256 477 1256 478 1256 513 1250 524 1249 535 1251 567 1257 568 1257 601 1251 613 1249 617 1251 627 1258 628 1258 629 1258 630 1259 697 1259 697 1258 725 1252 735 1250 740 1252 747 1255 748 1255 749 1255 764 1252 765 1252 775 1259 776 1259 777 1259 778 1259 779 1259 796 1252 800 1251 840 1251 844 1253 855 1259 856 1259 857 1259 882 1253 883 1253 894 1260 895 1260 895 1260 896 1261 944 1261 944 1260 945 1260 959 1254 994 1260 995 1260 996 1260 997 1260 1003 1254 1004 1241 1002 1209 958 1211 949 1208 938 1204 937 1204 936 1204 935 1204 922 1207 912 1211 907 1207 901 1204 900 1204 899 1204 873 1203 872 1203 871 1203 863 1207 857 1210 786 1210 772 1205 764 1203 763 1203 762 1203 748 1205 731 1209 688 1204 658 1202 657 1202 656 1202 650 1204 637 1209 567 1208 559 1203 558 1203 557 1203 556 1203 555 1203 553 1203 536 1208 506 1203 492 1200 491 1200 457 1202 366 1207 324 1200 315 1199 314 1199 305 1200 252 1206 237 1199 236 1199 204 1199 204 1237"/></Shape>
	    <String CONTENT="hendi non poſſunt nec vſu, nec intellectus"
                    HPOS="203"
                    VPOS="1199"
                    WIDTH="801"
                    HEIGHT="62"
                    WC="0.969616254170736"></String>
          </TextLine>

          
          
          <TextLine ID="eSc_line_6841740e"
                    TAGREFS="LT4176"
                    BASELINE="202 1284 1004 1291" 
                    HPOS="201"
                    VPOS="1247"
                    WIDTH="803"
                    HEIGHT="63">
            <Shape><Polygon POINTS="202 1284 201 1294 233 1301 234 1301 302 1296 303 1296 415 1305 520 1306 521 1306 522 1306 537 1301 572 1306 573 1306 574 1306 575 1306 581 1301 603 1307 604 1307 708 1308 709 1308 740 1301 756 1308 757 1308 758 1308 840 1302 859 1309 860 1309 861 1309 862 1309 886 1302 887 1302 888 1302 903 1310 904 1310 905 1310 947 1303 948 1303 982 1310 983 1310 984 1310 1004 1303 1004 1291 1004 1254 969 1254 968 1254 967 1254 951 1263 930 1254 929 1254 928 1254 927 1254 900 1263 825 1263 809 1254 806 1252 805 1252 783 1252 782 1252 781 1252 780 1252 778 1254 768 1261 752 1254 746 1252 745 1252 744 1252 743 1252 737 1254 718 1261 697 1254 692 1253 691 1253 690 1253 673 1254 613 1260 605 1255 600 1251 599 1251 598 1251 597 1251 596 1251 585 1255 573 1259 500 1259 493 1255 481 1249 480 1249 480 1249 432 1255 406 1258 394 1255 371 1248 371 1248 370 1248 308 1255 299 1247 298 1247 297 1247 296 1247 202 1255 202 1284"/></Shape>
	    <String CONTENT="certitudine. Omne autem tale eſt inutile &amp;"
                    HPOS="201"
                    VPOS="1247"
                    WIDTH="803"
                    HEIGHT="63"
                    WC="0.966341286897659"></String>
          </TextLine>

          
          
          <TextLine ID="eSc_line_9af6876e"
                    TAGREFS="LT4176"
                    BASELINE="201 1333 1000 1338" 
                    HPOS="200"
                    VPOS="1297"
                    WIDTH="800"
                    HEIGHT="59">
            <Shape><Polygon POINTS="201 1333 200 1349 292 1346 301 1351 305 1353 306 1353 307 1353 333 1351 364 1348 369 1351 372 1354 373 1354 374 1354 375 1354 435 1354 435 1354 436 1354 436 1354 440 1351 447 1347 501 1347 507 1351 510 1354 511 1354 512 1354 513 1354 536 1354 536 1354 537 1354 538 1354 542 1351 548 1348 612 1348 623 1352 633 1354 633 1354 634 1354 635 1354 636 1354 641 1352 648 1348 679 1348 723 1352 770 1355 771 1355 772 1355 780 1352 786 1349 810 1349 815 1352 819 1354 820 1354 821 1354 822 1354 849 1352 861 1351 865 1352 877 1356 878 1356 879 1356 999 1352 1000 1338 999 1310 968 1309 959 1301 958 1301 957 1301 875 1301 874 1301 873 1301 854 1307 832 1300 831 1300 830 1300 753 1302 752 1302 735 1308 733 1308 732 1307 723 1303 722 1303 721 1303 652 1307 643 1307 642 1307 633 1299 632 1299 631 1299 630 1299 604 1304 579 1299 578 1299 577 1299 576 1299 567 1306 565 1308 528 1308 525 1306 506 1298 505 1298 504 1298 503 1298 485 1306 484 1306 483 1306 468 1298 467 1298 466 1298 431 1305 425 1306 416 1305 360 1297 359 1297 358 1297 343 1305 341 1305 201 1304 201 1333"/></Shape>
	    <String CONTENT="nocens, finita enim eſt &amp; comprehenſa ſalu¬"
                    HPOS="200"
                    VPOS="1297"
                    WIDTH="800"
                    HEIGHT="59"
                    WC="0.962682340034219"></String>
          </TextLine>

          
          
          <TextLine ID="eSc_line_6f88aaed"
                    TAGREFS="LT4176"
                    BASELINE="202 1382 996 1388" 
                    HPOS="201"
                    VPOS="1352"
                    WIDTH="795"
                    HEIGHT="60">
            <Shape><Polygon POINTS="202 1382 201 1396 208 1400 209 1400 210 1400 211 1400 274 1396 305 1405 306 1405 307 1405 308 1405 323 1399 332 1406 333 1406 334 1406 335 1406 336 1406 337 1406 349 1397 370 1397 391 1406 392 1406 393 1406 414 1402 429 1407 430 1407 431 1407 432 1407 459 1397 483 1404 484 1404 485 1404 524 1397 546 1406 546 1406 547 1406 587 1397 638 1409 639 1409 723 1398 769 1410 770 1410 771 1410 825 1406 877 1411 878 1412 932 1412 932 1411 933 1411 952 1402 958 1406 959 1406 960 1406 960 1406 995 1399 996 1388 995 1364 945 1357 944 1357 943 1357 929 1363 914 1354 913 1354 912 1354 911 1354 910 1354 895 1357 863 1353 810 1353 809 1353 808 1353 808 1353 794 1362 793 1362 791 1362 722 1354 721 1354 684 1361 664 1352 663 1352 662 1352 605 1361 600 1361 596 1361 555 1352 554 1352 509 1360 507 1360 505 1360 485 1353 484 1353 483 1353 482 1353 462 1357 444 1352 443 1352 442 1352 399 1359 396 1359 393 1359 346 1354 345 1354 322 1358 312 1353 311 1353 310 1353 309 1353 202 1357 202 1382"/></Shape>
	    <String CONTENT="tis ratio: ergo omne infinitum eſt fugien¬"
                    HPOS="201"
                    VPOS="1352"
                    WIDTH="795"
                    HEIGHT="60"
                    WC="0.974552750587463"></String>
          </TextLine>

          
          
          <TextLine ID="eSc_line_b4b79a2b"
                    TAGREFS="LT4176"
                    BASELINE="203 1433 314 1433" 
                    HPOS="203"
                    VPOS="1396"
                    WIDTH="111"
                    HEIGHT="55">
            <Shape><Polygon POINTS="203 1433 203 1447 313 1451 314 1433 314 1411 259 1398 258 1398 257 1398 256 1398 251 1403 238 1396 237 1396 236 1396 203 1402 203 1433"/></Shape>
	    <String CONTENT="dum."
                    HPOS="203"
                    VPOS="1396"
                    WIDTH="111"
                    HEIGHT="55"
                    WC="0.997724324464798"></String>
          </TextLine>

          
          
          <TextLine ID="eSc_line_e4716b15"
                    TAGREFS="LT4176"
                    BASELINE="252 1482 1008 1488" 
                    HPOS="251"
                    VPOS="1442"
                    WIDTH="757"
                    HEIGHT="65">
            <Shape><Polygon POINTS="1007 1461 1005 1458 922 1458 920 1457 893 1447 892 1447 891 1447 890 1447 889 1447 875 1456 874 1457 829 1457 828 1456 820 1450 819 1450 818 1450 817 1450 816 1450 815 1450 807 1455 806 1456 798 1455 754 1450 753 1450 729 1455 726 1455 716 1447 715 1447 714 1447 683 1445 682 1445 594 1448 593 1448 582 1453 579 1454 538 1454 537 1453 526 1444 525 1444 524 1444 489 1444 488 1444 487 1444 486 1444 477 1452 475 1453 461 1452 358 1442 357 1442 315 1450 268 1442 267 1442 266 1442 252 1449 252 1482 251 1491 295 1502 296 1503 329 1503 329 1502 330 1502 331 1502 345 1493 391 1503 392 1503 489 1495 504 1502 505 1502 506 1502 507 1502 523 1495 524 1495 706 1496 708 1498 727 1505 728 1505 729 1505 787 1499 795 1498 800 1499 835 1506 836 1506 873 1505 873 1505 886 1500 890 1498 893 1500 904 1507 905 1507 906 1507 907 1507 1007 1501 1008 1488 1008 1463 1007 1461"/></Shape>
	    <String CONTENT="Quartò, quæſtiones exhibent magis quàm"
                    HPOS="251"
                    VPOS="1442"
                    WIDTH="757"
                    HEIGHT="65"
                    WC="0.982376602292061"></String>
          </TextLine>

          
          
          <TextLine ID="eSc_line_ea917338"
                    TAGREFS="LT4176"
                    BASELINE="202 1530 1008 1536" 
                    HPOS="201"
                    VPOS="1492"
                    WIDTH="807"
                    HEIGHT="69">
            <Shape><Polygon POINTS="201 1554 335 1548 349 1552 349 1552 350 1552 425 1550 433 1554 436 1557 437 1557 438 1557 439 1557 458 1554 489 1549 510 1549 518 1554 522 1557 523 1557 524 1557 524 1557 525 1557 532 1554 542 1549 583 1549 603 1553 607 1554 608 1554 609 1554 611 1553 617 1550 625 1553 636 1559 637 1559 638 1559 704 1554 711 1559 712 1559 713 1559 799 1560 800 1560 868 1553 887 1561 888 1561 889 1561 890 1561 891 1561 900 1554 945 1561 946 1561 1007 1551 1008 1536 1007 1507 979 1507 978 1506 965 1497 964 1497 963 1497 943 1497 942 1497 941 1497 940 1497 926 1505 923 1507 877 1507 866 1505 835 1498 834 1498 781 1503 748 1505 742 1502 739 1501 738 1501 737 1501 731 1502 722 1504 720 1502 711 1495 710 1495 709 1495 708 1495 707 1495 706 1495 697 1501 690 1505 661 1505 655 1501 648 1495 647 1495 646 1495 603 1494 602 1494 601 1494 589 1499 589 1500 587 1499 577 1494 576 1494 534 1494 533 1494 532 1494 524 1498 516 1502 509 1498 504 1494 503 1494 502 1494 469 1493 468 1493 467 1493 458 1497 442 1504 353 1504 334 1495 333 1495 332 1495 331 1495 311 1502 295 1494 292 1492 291 1492 250 1492 249 1492 248 1492 246 1493 230 1502 203 1492 202 1530 201 1554"/></Shape>
	    <String CONTENT="ædificationem Dei in fide. Argumẽtum fir¬"
                    HPOS="201"
                    VPOS="1492"
                    WIDTH="807"
                    HEIGHT="69"></String>
          </TextLine>

          
        </TextBlock>
        
        <TextBlock HPOS="886.6103515625"
                   VPOS="1560.8995361328125"
                   WIDTH="132.6048583984375"
                   HEIGHT="36.084228515625"
                   ID="block_3"
                   TAGREFS="BT10631">
          <Shape><Polygon POINTS="886.61 1560.9 1019.22 1560.9 1019.22 1596.98 886.61 1596.98 886.61 1560.9"/></Shape>
          
          
          <TextLine ID="eSc_line_85dfff7a"
                    TAGREFS="LT4176"
                    BASELINE="892 1585 1019 1585" 
                    HPOS="892"
                    VPOS="1553"
                    WIDTH="127"
                    HEIGHT="61">
            <Shape><Polygon POINTS="892 1585 892 1608 920 1614 921 1614 922 1614 923 1614 923 1613 931 1607 932 1606 934 1607 950 1614 951 1614 952 1614 953 1614 954 1614 966 1606 968 1605 972 1606 994 1612 995 1612 996 1612 997 1612 1019 1604 1019 1585 1019 1558 892 1553 892 1585"/></Shape>
	    <String CONTENT="mum"
                    HPOS="892"
                    VPOS="1553"
                    WIDTH="127"
                    HEIGHT="61"></String>
          </TextLine>

          
        </TextBlock>
        

        
      </PrintSpace>
    </Page>
  </Layout>
</alto>
