<?xml version="1.0" encoding="UTF-8"?>
<alto xmlns:xsi="http://www.w3.org/2001/XMLSchema-instance"
      xmlns="http://www.loc.gov/standards/alto/ns-v4#"
      xsi:schemaLocation="http://www.loc.gov/standards/alto/ns-v4# http://www.loc.gov/standards/alto/v4/alto-4-2.xsd">
  <Description>
    <MeasurementUnit>pixel</MeasurementUnit>
    <sourceImageInformation>
      <fileName>page_05588.png</fileName>
      
    </sourceImageInformation>
  </Description>
  
  <Tags>
    <OtherTag ID="BT10635" LABEL="NumberingZone" DESCRIPTION="block type NumberingZone"/><OtherTag ID="BT10634" LABEL="DropCapitalZone" DESCRIPTION="block type DropCapitalZone"/><OtherTag ID="BT10633" LABEL="GraphicZone" DESCRIPTION="block type GraphicZone"/><OtherTag ID="BT10632" LABEL="RunningTitleZone" DESCRIPTION="block type RunningTitleZone"/><OtherTag ID="BT10631" LABEL="QuireMarksZone" DESCRIPTION="block type QuireMarksZone"/><OtherTag ID="BT10630" LABEL="MarginTextZone" DESCRIPTION="block type MarginTextZone"/><OtherTag ID="BT10629" LABEL="MainZone" DESCRIPTION="block type MainZone"/>
    <OtherTag ID="LT4179" LABEL="default" DESCRIPTION="line type default"/><OtherTag ID="LT4178" LABEL="CustomLine : BiblicalText" DESCRIPTION="line type CustomLine : BiblicalText"/><OtherTag ID="LT4177" LABEL="HeadingLine" DESCRIPTION="line type HeadingLine"/><OtherTag ID="LT4176" LABEL="DefaultLine" DESCRIPTION="line type DefaultLine"/>
  </Tags>
  
  <Layout>
    <Page WIDTH="1081"
          HEIGHT="1728"
          PHYSICAL_IMG_NR="10"
          ID="eSc_dummypage_">
      <PrintSpace HPOS="0"
                  VPOS="0"
                  WIDTH="1081"
                  HEIGHT="1728">
        
        <TextBlock HPOS="189.55824279785156"
                   VPOS="62.89704513549805"
                   WIDTH="77.19017028808594"
                   HEIGHT="44.80217361450195"
                   ID="block_1"
                   TAGREFS="BT10635">
          <Shape><Polygon POINTS="189.558 62.897 266.748 62.897 266.748 107.699 189.558 107.699 189.558 62.897"/></Shape>
          
          
          <TextLine ID="eSc_line_a4ac3f90"
                    TAGREFS="LT4176"
                    BASELINE="198 93 258 90" 
                    HPOS="196"
                    VPOS="64"
                    WIDTH="62"
                    HEIGHT="44">
            <Shape><Polygon POINTS="244 68 235 66 225 65 222 64 196 65 198 93 198 108 258 99 258 90 250 69 244 68"/></Shape>
	    <String CONTENT="108"
                    HPOS="196"
                    VPOS="64"
                    WIDTH="62"
                    HEIGHT="44"
                    WC="0.999988953272502"></String>
          </TextLine>

          
        </TextBlock>
        
        <TextBlock HPOS="377.56390380859375"
                   VPOS="42.94849395751953"
                   WIDTH="481.2379150390625"
                   HEIGHT="54.93394470214844"
                   ID="block_3"
                   TAGREFS="BT10632">
          <Shape><Polygon POINTS="377.564 42.9485 858.802 42.9485 858.802 97.8824 377.564 97.8824 377.564 42.9485"/></Shape>
          
          
          <TextLine ID="eSc_line_6cdc0729"
                    TAGREFS="LT4177"
                    BASELINE="383 87 842 83" 
                    HPOS="382"
                    VPOS="50"
                    WIDTH="460"
                    HEIGHT="54">
            <Shape><Polygon POINTS="823 52 814 52 804 52 794 52 785 51 775 51 766 51 756 51 746 51 737 51 734 50 513 50 506 51 497 51 487 51 478 51 468 51 458 51 449 51 439 52 430 52 420 52 410 52 401 52 391 52 382 52 383 87 384 104 408 97 443 103 446 103 447 103 451 103 478 99 483 102 485 104 486 104 487 104 488 104 489 104 490 104 490 103 492 102 499 96 562 100 602 103 603 103 622 99 641 96 700 96 705 97 712 102 713 102 714 102 715 102 772 101 773 101 774 101 774 100 780 96 782 95 790 96 819 101 820 101 821 101 842 95 842 83 839 57 833 52"/></Shape>
	    <String CONTENT="COMMENTARII"
                    HPOS="382"
                    VPOS="50"
                    WIDTH="460"
                    HEIGHT="54"
                    WC="0.999825455925681"></String>
          </TextLine>

          
        </TextBlock>
        
        <TextBlock HPOS="179.9275360107422"
                   VPOS="105.4814682006836"
                   WIDTH="815.1192779541016"
                   HEIGHT="1439.284034729004"
                   ID="block_2"
                   TAGREFS="BT10629">
          <Shape><Polygon POINTS="179.928 105.481 995.047 105.481 995.047 1544.77 179.928 1544.77 179.928 105.481"/></Shape>
          
          
          <TextLine ID="eSc_line_01f7d821"
                    TAGREFS="LT4176"
                    BASELINE="192 150 984 142" 
                    HPOS="191"
                    VPOS="101"
                    WIDTH="793"
                    HEIGHT="65">
            <Shape><Polygon POINTS="978 112 970 107 956 105 949 105 939 104 930 103 920 102 911 102 893 109 782 101 781 101 780 101 779 101 767 110 733 106 732 106 684 111 673 104 672 104 672 104 633 102 632 102 602 108 576 103 576 103 575 103 541 113 528 106 528 106 527 106 526 106 516 110 467 104 466 104 465 104 464 104 452 114 451 115 400 115 369 115 351 106 350 106 303 106 302 106 301 106 300 106 287 116 282 116 259 116 257 116 224 107 223 107 222 107 221 107 191 116 192 150 192 161 228 166 229 166 365 159 384 159 390 159 453 166 454 166 455 166 473 158 475 158 476 158 495 165 496 165 497 165 604 158 629 164 630 164 631 164 683 156 686 156 690 156 796 162 797 162 841 154 844 154 846 154 888 161 888 161 889 161 911 153 912 153 912 153 924 160 925 160 926 160 984 152 984 142 980 114 978 112"/></Shape>
	    <String CONTENT="diocres ferri poſſunt, in ipſis excellentes de¬"
                    HPOS="191"
                    VPOS="101"
                    WIDTH="793"
                    HEIGHT="65"
                    WC="0.982825446636119"></String>
          </TextLine>

          
          
          <TextLine ID="eSc_line_5b9a3952"
                    TAGREFS="LT4176"
                    BASELINE="191 199 985 192" 
                    HPOS="190"
                    VPOS="154"
                    WIDTH="795"
                    HEIGHT="62">
            <Shape><Polygon POINTS="192 215 212 210 228 215 231 216 232 216 233 216 234 216 235 216 236 215 242 210 416 208 425 214 426 214 427 214 428 214 429 214 430 214 441 208 467 214 475 215 476 215 477 215 480 214 496 208 512 213 518 215 519 215 520 215 521 215 527 213 549 207 580 213 588 214 589 214 590 214 595 213 618 207 721 212 746 213 747 213 748 213 752 212 774 205 824 211 831 212 832 212 833 212 834 212 834 211 843 205 881 210 882 210 883 210 884 210 892 204 910 211 911 211 912 211 985 210 985 192 983 163 869 163 866 162 848 154 847 154 798 154 797 154 796 154 783 160 750 157 749 157 748 157 747 157 743 161 737 166 618 166 602 161 592 157 591 157 555 156 554 156 553 156 545 160 539 164 522 165 514 160 511 158 510 158 509 158 508 158 498 160 467 167 420 160 407 158 406 158 396 160 368 165 358 159 355 158 354 158 309 158 308 158 307 158 306 158 305 159 292 169 263 169 190 159 191 199"/></Shape>
	    <String CONTENT="bent eſſe. Hac vt ad mores principis totus"
                    HPOS="190"
                    VPOS="154"
                    WIDTH="795"
                    HEIGHT="62"
                    WC="0.985807582026436"></String>
          </TextLine>

          
          
          <TextLine ID="eSc_line_a3de8ae6"
                    TAGREFS="LT4176"
                    BASELINE="191 247 982 240" 
                    HPOS="190"
                    VPOS="203"
                    WIDTH="792"
                    HEIGHT="61">
            <Shape><Polygon POINTS="191 247 191 258 293 264 294 264 295 264 306 258 308 257 321 258 393 263 394 263 395 263 396 263 405 257 408 257 431 261 432 261 432 261 444 257 447 256 449 257 459 262 460 262 461 262 512 256 528 255 540 256 574 261 575 261 576 261 576 261 583 256 585 255 599 256 634 259 635 259 662 256 675 254 683 255 702 260 703 260 704 260 714 255 717 254 731 255 774 259 775 259 982 253 982 240 980 214 936 214 917 205 916 205 915 205 914 205 913 205 904 212 869 203 868 203 867 203 824 212 789 204 788 204 787 204 752 215 728 208 727 208 726 208 725 208 699 215 663 205 662 205 661 205 660 205 659 205 644 216 614 216 585 206 584 206 540 206 539 206 538 206 504 216 457 207 456 207 456 207 437 216 365 217 348 208 347 208 346 208 345 208 344 208 323 217 310 209 309 209 308 209 307 209 306 209 279 218 190 219 191 247"/></Shape>
	    <String CONTENT="componitur orbis : ſic auditores facilè arri¬"
                    HPOS="190"
                    VPOS="203"
                    WIDTH="792"
                    HEIGHT="61"
                    WC="0.971099810755771"></String>
          </TextLine>

          
          
          <TextLine ID="eSc_line_664b4874"
                    TAGREFS="LT4176"
                    BASELINE="192 297 981 290" 
                    HPOS="192"
                    VPOS="253"
                    WIDTH="789"
                    HEIGHT="65">
            <Shape><Polygon POINTS="192 297 193 318 221 309 282 310 302 317 303 317 304 317 305 317 324 308 396 316 397 316 398 316 399 316 412 307 529 306 620 312 621 312 622 312 623 312 630 306 666 311 667 311 668 311 682 305 702 313 703 313 704 313 789 312 790 312 791 312 804 304 839 312 840 312 840 312 921 312 922 312 936 306 945 312 946 312 947 312 948 312 980 312 981 290 979 262 935 253 934 253 933 253 905 262 905 263 866 263 863 263 818 254 771 254 770 254 769 254 768 254 760 261 733 255 732 255 731 255 714 261 706 255 705 255 704 255 643 255 642 255 596 265 458 265 449 259 448 259 447 259 446 259 445 259 425 266 382 266 342 258 341 258 340 258 339 258 328 266 314 263 313 263 312 263 270 267 263 262 262 262 261 262 223 259 222 259 221 259 192 268 192 297"/></Shape>
	    <String CONTENT="pient paſtoris vitam, vt ſit populus qualis"
                    HPOS="192"
                    VPOS="253"
                    WIDTH="789"
                    HEIGHT="65"
                    WC="0.997038641641306"></String>
          </TextLine>

          
          
          <TextLine ID="eSc_line_3bb24395"
                    TAGREFS="LT4176"
                    BASELINE="192 345 975 338" 
                    HPOS="191"
                    VPOS="302"
                    WIDTH="784"
                    HEIGHT="59">
            <Shape><Polygon POINTS="192 345 192 356 275 361 276 361 338 356 346 356 354 356 401 360 402 360 403 360 419 356 424 355 442 356 492 360 493 360 566 356 607 354 618 356 633 359 634 359 635 359 636 359 640 356 645 353 657 356 668 358 669 359 743 359 743 358 744 358 744 358 746 356 751 352 769 356 778 357 779 357 974 355 975 338 972 308 936 310 933 308 925 304 924 304 923 304 888 308 875 310 872 309 865 303 864 303 864 303 863 303 862 303 848 309 846 310 845 309 836 302 835 302 834 302 798 302 797 302 765 310 747 310 675 312 672 311 652 303 651 303 650 303 649 303 635 311 623 307 622 307 621 307 591 312 582 312 579 312 561 304 560 304 559 304 519 305 518 305 505 312 492 305 491 305 448 305 447 305 446 305 427 313 426 314 386 314 384 313 373 306 372 306 371 306 352 306 351 306 314 314 313 314 312 314 288 307 287 307 224 307 223 307 222 307 221 307 211 315 191 315 192 345"/></Shape>
	    <String CONTENT="eſt ſacerdos. Vt igitur moratus ſit, ſacer¬"
                    HPOS="191"
                    VPOS="302"
                    WIDTH="784"
                    HEIGHT="59"
                    WC="0.977639445038729"></String>
          </TextLine>

          
          
          <TextLine ID="eSc_line_15b0fcd4"
                    TAGREFS="LT4176"
                    BASELINE="191 395 968 386" 
                    HPOS="190"
                    VPOS="351"
                    WIDTH="778"
                    HEIGHT="61">
            <Shape><Polygon POINTS="191 395 192 412 215 406 259 410 260 410 327 405 354 409 361 410 362 410 363 410 366 409 375 405 405 408 415 409 416 409 432 408 474 403 491 407 495 408 496 408 497 408 498 408 501 407 509 403 568 406 621 408 622 408 653 404 676 401 688 403 707 407 708 407 967 397 968 386 965 360 901 360 899 360 880 351 879 351 878 351 824 360 816 361 810 360 783 353 782 353 764 353 763 353 762 353 761 353 751 360 747 362 725 360 671 355 670 355 639 360 618 364 606 360 590 355 589 355 542 355 541 355 540 355 539 355 530 360 523 365 501 360 480 357 480 357 459 360 441 364 399 360 392 360 391 360 388 360 356 367 300 360 278 359 277 359 264 360 238 366 227 360 222 359 221 359 220 359 190 360 191 395"/></Shape>
	    <String CONTENT="dotem moratum eſſe oportet, &amp; verè νό¬"
                    HPOS="190"
                    VPOS="351"
                    WIDTH="778"
                    HEIGHT="61"></String>
          </TextLine>

          
          
          <TextLine ID="eSc_line_6e1b35d6"
                    TAGREFS="LT4176"
                    BASELINE="192 444 969 436" 
                    HPOS="191"
                    VPOS="398"
                    WIDTH="778"
                    HEIGHT="64">
            <Shape><Polygon POINTS="192 444 192 462 227 456 353 459 384 460 385 460 386 460 390 459 402 454 412 458 414 459 415 459 416 459 417 459 420 458 435 454 466 457 481 459 482 459 517 456 565 453 600 456 634 457 635 457 657 454 678 451 702 454 734 456 735 456 760 452 774 450 784 452 799 456 800 456 801 456 830 451 839 450 854 451 919 455 920 455 968 448 969 436 966 402 920 408 912 403 906 398 905 398 904 398 873 398 872 398 871 398 870 398 864 404 864 404 859 404 812 399 811 399 810 399 791 405 772 411 724 411 716 407 702 400 701 400 677 400 676 400 650 401 649 401 648 401 638 408 632 411 620 408 605 405 604 405 603 405 602 405 586 408 577 411 575 409 564 402 563 402 562 402 527 402 526 402 525 402 504 410 500 413 377 415 352 415 350 413 332 404 331 404 330 404 329 404 307 414 287 405 286 405 285 405 240 411 218 406 217 406 216 406 216 406 191 415 192 444"/></Shape>
	    <String CONTENT="μεν ἔμψυχον, vita debet eſſe lex. Id orditur"
                    HPOS="191"
                    VPOS="398"
                    WIDTH="778"
                    HEIGHT="64"></String>
          </TextLine>

          
          
          <TextLine ID="eSc_line_5b1c2ce2"
                    TAGREFS="LT4176"
                    BASELINE="192 494 977 486" 
                    HPOS="191"
                    VPOS="450"
                    WIDTH="786"
                    HEIGHT="61">
            <Shape><Polygon POINTS="192 494 192 504 228 504 231 504 254 511 255 511 256 511 280 506 286 511 287 511 288 511 288 511 319 510 320 510 321 510 329 504 331 504 336 504 376 509 377 509 405 504 410 503 412 504 421 509 422 509 423 509 424 510 450 510 450 509 451 509 452 509 460 504 461 503 469 504 495 506 496 506 497 506 498 506 503 504 504 502 516 503 556 508 557 508 558 508 578 503 586 501 598 503 617 505 618 505 639 503 650 501 653 503 663 507 664 507 665 507 708 502 713 502 719 502 768 506 769 506 770 506 771 506 777 502 781 499 792 502 801 504 802 504 803 504 822 501 835 500 838 501 846 505 847 505 848 505 849 505 860 501 861 501 862 501 875 505 876 505 877 505 976 500 977 486 974 456 927 458 920 456 911 450 910 450 909 450 882 456 861 459 776 456 771 456 770 456 769 456 740 460 726 456 723 455 722 455 721 455 720 455 720 455 719 456 712 461 619 461 600 456 587 452 586 452 585 452 558 456 539 458 525 456 510 453 509 453 486 456 464 458 442 456 424 454 423 454 422 454 414 456 385 465 366 465 353 456 352 455 351 455 350 455 349 455 242 456 241 456 240 456 226 464 213 456 212 456 211 456 210 456 191 456 192 494"/></Shape>
	    <String CONTENT="à doctrina: λόγον enim accipio, primùm pro"
                    HPOS="191"
                    VPOS="450"
                    WIDTH="786"
                    HEIGHT="61"></String>
          </TextLine>

          
          
          <TextLine ID="eSc_line_92e9b09c"
                    TAGREFS="LT4176"
                    BASELINE="192 543 980 536" 
                    HPOS="191"
                    VPOS="499"
                    WIDTH="789"
                    HEIGHT="59">
            <Shape><Polygon POINTS="192 543 192 553 481 558 482 558 483 558 498 553 503 552 506 553 517 558 518 558 519 558 520 558 521 558 527 553 532 551 559 551 565 553 569 557 570 557 571 557 572 557 588 553 603 551 612 553 621 557 622 557 623 557 624 557 633 553 647 550 698 553 709 554 710 554 717 553 753 550 760 553 762 555 763 555 764 555 765 555 779 553 815 550 843 553 855 555 856 555 857 555 858 555 860 553 868 548 978 553 980 536 978 500 948 500 947 500 946 500 945 500 936 506 885 501 869 499 868 499 841 501 752 509 675 509 664 503 660 501 659 501 658 501 657 501 649 503 626 509 590 504 576 502 576 502 562 504 528 511 413 511 397 505 390 504 389 504 388 504 377 505 353 511 317 511 311 506 306 504 305 504 304 504 303 504 191 507 192 543"/></Shape>
	    <String CONTENT="doctrina ſana quam profitetur publicè ne"
                    HPOS="191"
                    VPOS="499"
                    WIDTH="789"
                    HEIGHT="59"
                    WC="0.994073971015651"></String>
          </TextLine>

          
          
          <TextLine ID="eSc_line_e4ef63d7"
                    TAGREFS="LT4176"
                    BASELINE="192 591 981 582" 
                    HPOS="191"
                    VPOS="546"
                    WIDTH="790"
                    HEIGHT="66">
            <Shape><Polygon POINTS="192 591 192 604 251 604 277 612 278 612 279 612 280 612 296 605 365 611 366 611 404 604 437 607 438 607 477 601 488 607 489 607 490 607 539 600 541 600 542 600 578 608 579 609 604 609 604 608 605 608 623 600 683 599 728 599 730 599 768 606 769 606 851 598 885 605 886 605 957 604 958 604 981 596 981 582 979 555 947 551 946 551 864 555 851 547 850 547 849 547 805 546 804 546 803 546 802 546 785 557 746 557 722 547 721 547 720 547 682 554 655 548 654 548 653 548 607 549 606 549 586 558 552 549 551 549 550 549 549 549 548 549 532 560 504 560 492 552 491 552 490 552 489 552 452 560 410 551 379 551 378 551 377 551 376 551 368 557 355 553 354 553 353 553 352 553 327 561 207 552 206 552 205 552 204 552 191 561 192 591"/></Shape>
	    <String CONTENT="obſcuret ipſam aut ſophiſticè implicet gry¬"
                    HPOS="191"
                    VPOS="546"
                    WIDTH="790"
                    HEIGHT="66"
                    WC="0.974545203826644"></String>
          </TextLine>

          
          
          <TextLine ID="eSc_line_27722be1"
                    TAGREFS="LT4176"
                    BASELINE="192 642 978 634" 
                    HPOS="192"
                    VPOS="596"
                    WIDTH="786"
                    HEIGHT="67">
            <Shape><Polygon POINTS="192 642 192 663 223 662 224 662 225 662 237 653 289 653 317 661 318 661 319 661 321 661 403 652 437 652 456 659 460 660 461 660 462 660 463 660 467 659 487 651 508 655 509 655 610 650 655 655 681 658 682 658 718 654 754 650 781 653 807 656 808 657 842 657 842 656 843 656 854 652 863 648 873 651 885 655 886 655 887 655 977 649 978 634 976 606 918 596 917 596 916 596 915 596 902 606 892 606 878 606 876 606 840 597 839 597 838 597 805 598 804 598 781 606 779 608 728 608 726 607 711 598 710 598 709 598 686 598 685 598 684 598 683 598 673 603 633 601 632 601 631 601 621 607 619 608 609 607 544 600 543 600 542 600 541 600 530 607 528 610 496 610 491 608 472 600 471 600 470 600 411 608 386 612 334 612 324 608 314 605 313 605 312 605 294 608 276 612 267 609 253 602 252 602 207 602 206 602 205 602 192 607 192 642"/></Shape>
	    <String CONTENT="phis non neceſſariis. Deinde ſermo quotidia¬"
                    HPOS="192"
                    VPOS="596"
                    WIDTH="786"
                    HEIGHT="67"
                    WC="0.970591417767785"></String>
          </TextLine>

          
          
          <TextLine ID="eSc_line_e183f907"
                    TAGREFS="LT4176"
                    BASELINE="192 692 625 688" 
                    HPOS="191"
                    VPOS="648"
                    WIDTH="434"
                    HEIGHT="61">
            <Shape><Polygon POINTS="192 692 192 705 239 709 240 709 240 709 250 706 262 702 274 706 279 707 280 707 281 707 282 707 283 707 284 706 290 700 320 700 327 706 328 706 328 707 329 707 330 707 331 707 332 707 333 707 334 706 340 700 363 706 369 707 370 707 371 707 372 707 373 706 381 699 441 699 455 706 456 707 457 707 458 708 490 708 490 707 491 707 495 706 520 698 543 706 544 706 545 706 546 706 547 706 557 698 594 698 623 706 625 688 624 657 568 657 561 650 561 649 560 649 559 649 527 648 526 648 525 648 524 648 508 658 506 659 484 659 483 658 473 650 472 650 471 650 470 650 399 658 382 650 381 650 354 650 353 650 352 650 326 659 325 659 296 650 295 650 294 650 265 651 264 651 246 660 245 661 191 661 192 692"/></Shape>
	    <String CONTENT="nus ſit caſtus &amp; pudicus."
                    HPOS="191"
                    VPOS="648"
                    WIDTH="434"
                    HEIGHT="61"
                    WC="0.978151249885559"></String>
          </TextLine>

          
          
          <TextLine ID="eSc_line_1e660f78"
                    TAGREFS="LT4176"
                    BASELINE="236 739 977 734" 
                    HPOS="235"
                    VPOS="699"
                    WIDTH="742"
                    HEIGHT="55">
            <Shape><Polygon POINTS="236 739 236 748 279 748 280 748 292 754 293 754 294 754 295 754 310 748 312 748 313 748 340 754 341 754 366 749 382 754 383 754 384 754 416 749 466 753 467 753 468 753 469 753 478 748 479 747 482 747 513 753 514 753 515 753 528 747 528 747 535 747 582 752 583 752 584 752 585 752 591 747 592 746 598 747 618 751 619 751 620 751 635 747 639 746 643 747 660 752 661 752 662 752 686 747 694 745 701 747 718 751 719 751 720 751 720 751 738 746 745 745 757 746 790 751 791 751 827 746 844 744 912 744 915 746 923 750 924 750 925 750 976 745 977 734 975 707 840 700 840 700 839 700 815 707 813 708 738 708 738 707 720 699 720 699 680 699 679 699 617 708 610 709 556 709 554 708 545 701 544 701 543 701 542 701 497 708 488 709 480 708 454 703 453 703 430 708 425 709 423 708 409 701 408 701 408 701 379 708 363 702 362 702 361 702 321 708 309 711 295 711 292 708 286 702 285 702 284 702 240 702 240 702 239 702 238 702 238 703 235 705 236 739"/></Shape>
	    <String CONTENT="Deinde, SIT TYPVS ETIAM IN CON¬"
                    HPOS="235"
                    VPOS="699"
                    WIDTH="742"
                    HEIGHT="55"></String>
          </TextLine>

          
          
          <TextLine ID="eSc_line_c1b7b4ea"
                    TAGREFS="LT4176"
                    BASELINE="196 788 983 784" 
                    HPOS="195"
                    VPOS="746"
                    WIDTH="788"
                    HEIGHT="58">
            <Shape><Polygon POINTS="196 788 196 797 238 797 240 797 255 804 256 804 257 804 294 798 360 804 360 804 361 804 385 797 393 796 402 797 421 801 422 801 458 797 477 796 480 797 494 803 495 803 496 803 497 803 506 798 552 803 553 803 554 803 572 797 577 796 596 797 624 800 624 800 625 800 631 797 637 795 700 795 706 797 717 802 718 802 719 802 740 797 752 795 765 797 782 801 783 801 784 801 794 797 804 794 815 797 824 801 825 801 826 801 982 797 983 784 982 756 961 746 960 746 960 746 924 747 923 747 922 747 910 756 909 757 878 757 873 757 863 748 862 748 861 748 860 748 818 754 804 746 803 746 802 746 770 753 732 747 731 747 730 747 710 757 687 750 686 750 685 750 684 750 673 755 651 747 650 747 589 747 588 747 587 747 586 747 573 756 531 748 530 748 529 748 497 758 451 753 450 753 449 753 448 753 440 759 291 759 261 753 260 753 195 760 196 788"/></Shape>
	    <String CONTENT="VERSATIONE:duo ſumma ſunt capita, do"
                    HPOS="195"
                    VPOS="746"
                    WIDTH="788"
                    HEIGHT="58"
                    WC="0.997525064481629"></String>
          </TextLine>

          
          
          <TextLine ID="eSc_line_e1ee49b4"
                    TAGREFS="LT4176"
                    BASELINE="192 836 983 833" 
                    HPOS="191"
                    VPOS="796"
                    WIDTH="792"
                    HEIGHT="59">
            <Shape><Polygon POINTS="192 836 193 852 203 846 241 846 251 852 254 854 255 854 256 854 257 855 339 855 339 854 340 854 345 852 353 847 361 852 365 854 366 854 367 854 368 854 374 852 382 849 421 852 454 854 455 854 465 852 492 845 560 851 561 851 562 851 576 844 720 844 802 844 812 850 813 850 814 850 815 850 816 850 826 845 839 852 840 852 840 852 841 853 887 853 887 852 888 852 889 852 910 845 918 852 919 852 920 852 921 852 922 852 923 852 931 846 981 851 983 833 981 805 941 805 941 804 921 796 920 796 919 796 918 796 889 804 888 804 880 804 788 796 787 796 786 796 766 803 761 805 710 805 666 802 619 799 618 799 605 802 592 805 588 802 585 799 584 799 583 799 582 799 570 801 553 805 547 801 541 797 540 797 539 797 509 797 508 797 507 797 506 797 501 801 495 805 488 801 486 799 485 799 484 799 483 799 469 801 429 806 395 800 382 798 381 798 363 800 312 806 299 799 296 798 295 798 294 798 285 799 242 806 231 799 230 798 229 798 228 798 227 798 191 798 192 836"/></Shape>
	    <String CONTENT="ctrinæ puritas, &amp; vitæ innocentia:illam dixit"
                    HPOS="191"
                    VPOS="796"
                    WIDTH="792"
                    HEIGHT="59"
                    WC="0.955909921063317"></String>
          </TextLine>

          
          
          <TextLine ID="eSc_line_48f16e0c"
                    TAGREFS="LT4176"
                    BASELINE="192 887 979 880" 
                    HPOS="191"
                    VPOS="842"
                    WIDTH="788"
                    HEIGHT="65">
            <Shape><Polygon POINTS="192 887 192 898 263 907 264 907 304 898 305 898 307 898 415 906 416 906 466 897 479 904 480 904 480 904 550 896 555 896 569 896 744 903 744 903 745 903 746 903 754 898 773 902 774 902 775 902 788 895 790 894 795 895 838 902 839 902 871 901 872 901 873 901 882 894 884 893 891 894 927 899 928 899 979 893 979 880 978 852 952 842 951 842 950 842 949 842 926 851 893 846 892 846 857 852 830 843 829 843 786 843 785 843 784 843 750 854 692 854 677 844 676 844 675 844 641 844 640 844 639 844 615 852 597 845 596 845 558 845 557 845 556 845 525 855 471 846 470 846 469 846 453 855 401 847 400 847 399 847 381 856 342 849 341 849 340 849 314 856 290 848 289 848 288 848 288 848 272 854 263 850 262 850 261 850 260 850 259 850 250 857 225 853 224 853 191 858 192 887"/></Shape>
	    <String CONTENT="in genere λόγον. hanc dicit ἀναστροφὴν , qua cõ¬"
                    HPOS="191"
                    VPOS="842"
                    WIDTH="788"
                    HEIGHT="65"></String>
          </TextLine>

          
          
          <TextLine ID="eSc_line_8e3de363"
                    TAGREFS="LT4176"
                    BASELINE="195 936 979 930" 
                    HPOS="194"
                    VPOS="894"
                    WIDTH="785"
                    HEIGHT="61">
            <Shape><Polygon POINTS="195 936 195 948 258 948 268 953 269 953 270 953 271 953 282 947 285 947 388 946 395 947 423 955 424 955 425 955 467 947 481 945 499 947 546 954 547 954 588 949 665 953 666 953 695 947 697 947 701 947 744 952 745 952 746 952 756 947 758 946 759 947 765 952 766 952 767 952 768 952 814 947 817 947 820 947 846 952 847 952 874 947 900 942 915 947 927 951 928 951 929 952 955 952 955 951 956 951 963 947 969 943 975 947 979 930 977 903 892 894 891 894 890 894 873 903 870 903 846 903 845 903 828 895 827 895 776 895 775 895 774 895 755 903 754 903 752 903 723 895 722 895 721 895 720 895 720 895 708 903 705 905 658 905 656 903 648 896 647 896 646 896 645 896 586 903 566 906 537 906 531 903 516 897 515 897 514 897 469 903 446 906 397 903 371 902 370 902 346 903 291 907 285 903 279 899 278 899 277 899 276 899 194 903 195 936"/></Shape>
	    <String CONTENT="plectitur totam vitam, quæ ſimpliciter de¬"
                    HPOS="194"
                    VPOS="894"
                    WIDTH="785"
                    HEIGHT="61"
                    WC="0.98514892515682"></String>
          </TextLine>

          
          
          <TextLine ID="eSc_line_444c8f41"
                    TAGREFS="LT4176"
                    BASELINE="192 985 983 981" 
                    HPOS="191"
                    VPOS="943"
                    WIDTH="792"
                    HEIGHT="60">
            <Shape><Polygon POINTS="192 985 192 997 442 1003 443 1003 481 997 505 1003 506 1003 507 1003 508 1003 529 998 583 1002 584 1002 585 1002 586 1002 594 997 634 1002 635 1002 636 1002 664 994 667 994 671 994 698 999 699 999 768 994 771 994 785 999 786 999 787 999 867 993 875 993 876 993 888 999 888 999 948 1000 949 1000 982 992 983 981 982 954 960 947 959 947 958 947 926 953 903 943 902 943 878 943 877 943 876 943 875 943 862 952 835 945 834 945 833 945 832 945 816 954 708 954 667 944 666 944 665 944 630 954 604 949 603 949 556 955 543 945 542 945 541 945 507 945 506 945 466 946 465 946 464 946 452 956 400 946 399 946 398 946 371 956 276 947 275 947 274 947 273 947 260 956 191 958 192 985"/></Shape>
	    <String CONTENT="bet eſſe inculpabilis, vt I. Pet.2. ver. I2. Apo¬"
                    HPOS="191"
                    VPOS="943"
                    WIDTH="792"
                    HEIGHT="60"
                    WC="0.982766457966396"></String>
          </TextLine>

          
          
          <TextLine ID="eSc_line_a224a135"
                    TAGREFS="LT4176"
                    BASELINE="192 1035 983 1031" 
                    HPOS="192"
                    VPOS="991"
                    WIDTH="791"
                    HEIGHT="62">
            <Shape><Polygon POINTS="192 1035 192 1053 224 1046 346 1051 347 1051 348 1051 372 1045 396 1051 399 1051 400 1051 404 1051 434 1045 459 1050 466 1051 467 1051 468 1051 472 1050 487 1045 501 1050 505 1051 506 1051 507 1051 529 1049 576 1045 624 1048 659 1050 660 1050 661 1050 662 1050 665 1047 671 1043 695 1047 708 1049 709 1049 710 1049 716 1047 726 1043 742 1047 753 1049 754 1049 767 1046 777 1044 788 1046 804 1049 805 1049 806 1049 816 1046 825 1042 840 1045 852 1048 853 1048 982 1043 983 1031 981 1002 871 1002 870 1001 855 991 854 991 853 991 852 991 728 992 727 992 716 998 689 994 688 994 687 994 677 999 668 993 667 993 666 993 665 993 624 1001 609 1003 595 1001 578 998 577 998 566 1000 554 1003 528 1000 513 999 512 999 511 999 510 999 509 1000 504 1005 398 1005 380 1000 370 998 369 998 368 998 362 1000 349 1005 335 1000 330 998 329 998 328 998 306 1000 271 1003 265 1000 259 995 258 995 257 995 256 995 192 999 192 1035"/></Shape>
	    <String CONTENT="ſtolus Petrus quoque requirit à fidelibus om"
                    HPOS="192"
                    VPOS="991"
                    WIDTH="791"
                    HEIGHT="62"
                    WC="0.986261665821075"></String>
          </TextLine>

          
          
          <TextLine ID="eSc_line_014ff45e"
                    TAGREFS="LT4176"
                    BASELINE="192 1083 981 1079" 
                    HPOS="191"
                    VPOS="1042"
                    WIDTH="790"
                    HEIGHT="57">
            <Shape><Polygon POINTS="192 1083 192 1093 270 1098 271 1098 315 1093 324 1093 327 1093 343 1099 344 1099 345 1099 460 1093 519 1091 562 1091 567 1093 572 1097 573 1097 574 1097 575 1097 610 1093 637 1091 685 1093 733 1096 734 1096 748 1093 768 1090 780 1093 789 1096 790 1096 791 1096 804 1093 827 1089 859 1093 871 1095 872 1095 980 1093 981 1079 979 1052 927 1046 926 1046 879 1051 850 1042 849 1042 848 1042 847 1042 817 1052 800 1043 799 1043 765 1043 764 1043 763 1043 735 1052 711 1048 710 1048 664 1053 648 1044 647 1044 600 1044 600 1044 599 1044 572 1053 549 1046 548 1046 547 1046 546 1046 545 1046 536 1053 505 1047 504 1047 504 1047 487 1055 435 1055 423 1045 422 1045 421 1045 420 1045 384 1051 349 1045 348 1045 347 1045 315 1055 228 1046 227 1046 226 1046 191 1056 192 1083"/></Shape>
	    <String CONTENT="nibus: ideo hîc in miniſtro excellentia acci¬"
                    HPOS="191"
                    VPOS="1042"
                    WIDTH="790"
                    HEIGHT="57"></String>
          </TextLine>

          
          
          <TextLine ID="eSc_line_4130a8a5"
                    TAGREFS="LT4176"
                    BASELINE="196 1133 555 1128 983 1131" 
                    HPOS="195"
                    VPOS="1094"
                    WIDTH="788"
                    HEIGHT="57">
            <Shape><Polygon POINTS="196 1133 196 1151 246 1145 279 1150 280 1150 281 1150 310 1139 351 1146 352 1146 353 1146 354 1146 364 1139 386 1145 387 1145 388 1145 389 1145 408 1139 713 1139 731 1147 735 1149 736 1149 737 1149 738 1149 741 1147 750 1142 769 1147 777 1149 778 1149 779 1149 789 1147 808 1142 827 1147 840 1150 840 1150 841 1150 982 1145 983 1131 981 1098 864 1102 857 1098 852 1096 851 1096 850 1096 849 1096 840 1099 832 1101 816 1099 787 1094 786 1094 715 1099 703 1094 702 1094 612 1094 611 1094 610 1094 586 1101 580 1102 576 1101 560 1095 559 1095 558 1095 528 1101 527 1101 518 1095 517 1095 516 1095 515 1095 472 1099 451 1094 450 1094 449 1094 407 1102 404 1102 392 1102 259 1097 258 1097 195 1103 196 1133"/></Shape>
	    <String CONTENT="piuntur: virtus enim in auditoribus quoque"
                    HPOS="195"
                    VPOS="1094"
                    WIDTH="788"
                    HEIGHT="57"
                    WC="0.964625335875012"></String>
          </TextLine>

          
          
          <TextLine ID="eSc_line_a6f2d783"
                    TAGREFS="LT4176"
                    BASELINE="193 1180 456 1176 853 1176" 
                    HPOS="192"
                    VPOS="1136"
                    WIDTH="661"
                    HEIGHT="61">
            <Shape><Polygon POINTS="193 1180 193 1195 223 1190 236 1195 239 1196 240 1196 240 1197 319 1197 319 1196 336 1193 365 1189 373 1193 378 1195 379 1195 380 1195 390 1193 407 1189 463 1192 531 1195 532 1195 533 1195 534 1195 539 1191 542 1188 551 1190 563 1194 564 1194 565 1194 566 1194 576 1190 582 1188 600 1190 634 1194 635 1194 636 1194 637 1194 644 1189 646 1188 654 1189 673 1192 674 1192 720 1188 737 1187 752 1188 831 1193 832 1193 833 1193 853 1186 853 1176 852 1148 712 1136 711 1136 710 1136 685 1148 640 1143 639 1143 599 1148 566 1137 565 1137 539 1137 538 1137 537 1137 491 1150 476 1150 463 1138 462 1138 461 1138 434 1138 433 1138 432 1138 432 1138 425 1144 391 1138 390 1138 389 1138 388 1138 376 1149 302 1150 273 1142 272 1142 271 1142 192 1151 193 1180"/></Shape>
	    <String CONTENT="requiritur, ſed excellentia in doctore."
                    HPOS="192"
                    VPOS="1136"
                    WIDTH="661"
                    HEIGHT="61"
                    WC="0.990211124603565"></String>
          </TextLine>

          
          
          <TextLine ID="eSc_line_08e20553"
                    TAGREFS="LT4176"
                    BASELINE="253 1227 551 1224 983 1229" 
                    HPOS="253"
                    VPOS="1186"
                    WIDTH="730"
                    HEIGHT="59">
            <Shape><Polygon POINTS="982 1222 979 1199 769 1199 768 1198 760 1190 759 1190 758 1190 757 1190 756 1190 736 1198 735 1198 696 1198 695 1197 683 1189 682 1189 681 1189 680 1189 679 1189 668 1194 653 1188 652 1188 613 1188 612 1188 611 1188 582 1197 581 1197 579 1197 550 1187 549 1187 480 1187 480 1187 479 1187 458 1196 458 1197 423 1197 423 1196 411 1187 410 1187 409 1187 408 1187 408 1187 388 1192 331 1186 330 1186 253 1195 253 1227 253 1242 307 1234 328 1243 330 1243 331 1243 332 1244 376 1244 376 1243 377 1243 378 1243 390 1235 494 1235 505 1243 506 1243 507 1243 508 1243 509 1243 511 1243 540 1235 552 1243 553 1244 554 1244 555 1244 556 1244 563 1243 593 1236 620 1243 621 1243 622 1243 623 1243 624 1243 624 1243 646 1236 697 1236 705 1243 706 1244 707 1244 708 1244 709 1244 715 1243 744 1236 756 1242 757 1242 758 1242 783 1237 797 1243 802 1245 803 1245 804 1245 805 1245 812 1243 830 1238 850 1243 857 1245 858 1245 859 1245 871 1243 898 1239 907 1243 911 1245 912 1245 912 1245 926 1243 955 1239 981 1243 983 1229 982 1222 982 1222"/></Shape>
	    <String CONTENT="Tertiò, IN DILECTIONE, tum qua"
                    HPOS="253"
                    VPOS="1186"
                    WIDTH="730"
                    HEIGHT="59"></String>
          </TextLine>

          
          
          <TextLine ID="eSc_line_2c91ab8d"
                    TAGREFS="LT4176"
                    BASELINE="194 1278 315 1274 982 1277" 
                    HPOS="194"
                    VPOS="1237"
                    WIDTH="788"
                    HEIGHT="56">
            <Shape><Polygon POINTS="194 1278 194 1291 269 1283 304 1289 305 1289 376 1283 472 1289 473 1289 501 1284 560 1291 561 1291 562 1291 563 1291 587 1285 601 1291 603 1292 604 1292 605 1292 606 1292 608 1291 623 1286 636 1291 638 1292 639 1292 640 1292 648 1291 684 1286 691 1291 692 1292 693 1292 694 1292 695 1292 696 1292 699 1291 715 1287 729 1291 735 1293 736 1293 737 1293 738 1293 739 1293 741 1291 750 1285 784 1291 795 1293 796 1293 847 1291 968 1286 979 1291 982 1277 981 1249 920 1249 919 1248 903 1240 902 1240 901 1240 849 1248 842 1249 751 1249 742 1247 715 1242 714 1242 713 1242 702 1247 697 1248 693 1247 678 1241 677 1241 676 1241 675 1241 674 1241 668 1247 665 1248 634 1248 624 1246 584 1238 487 1238 486 1238 485 1238 464 1245 455 1248 447 1245 432 1239 432 1239 431 1239 405 1245 392 1247 384 1244 370 1240 369 1240 368 1240 349 1244 347 1244 345 1244 306 1237 305 1237 304 1237 291 1244 285 1247 252 1243 209 1238 208 1238 207 1238 194 1242 194 1278"/></Shape>
	    <String CONTENT="Dei amnorem teſtabitur, tum erga proxi¬"
                    HPOS="194"
                    VPOS="1237"
                    WIDTH="788"
                    HEIGHT="56"
                    WC="0.984025839047554"></String>
          </TextLine>

          
          
          <TextLine ID="eSc_line_3ea5b125"
                    TAGREFS="LT4176"
                    BASELINE="192 1326 441 1323 975 1327" 
                    HPOS="192"
                    VPOS="1284"
                    WIDTH="783"
                    HEIGHT="59">
            <Shape><Polygon POINTS="192 1326 192 1337 267 1341 268 1341 282 1338 305 1333 313 1338 316 1341 317 1341 318 1341 319 1342 356 1342 356 1341 366 1339 390 1333 414 1339 422 1341 423 1341 424 1341 439 1339 467 1336 473 1340 476 1342 477 1342 478 1342 479 1343 511 1343 511 1342 527 1340 568 1334 576 1340 578 1342 579 1342 580 1342 581 1342 582 1342 583 1342 585 1340 594 1334 656 1339 657 1339 658 1339 678 1334 724 1342 736 1343 737 1343 751 1342 811 1335 821 1342 821 1343 822 1343 823 1343 824 1343 859 1343 903 1341 904 1341 905 1341 912 1336 973 1343 975 1327 974 1297 915 1297 915 1296 891 1286 890 1286 889 1286 888 1286 855 1295 831 1286 830 1286 829 1286 828 1286 827 1286 813 1296 812 1297 789 1297 788 1296 773 1286 772 1286 771 1286 770 1286 670 1296 669 1296 640 1287 639 1287 638 1287 637 1287 621 1291 593 1285 592 1285 562 1292 514 1285 513 1285 478 1293 464 1284 463 1284 462 1284 461 1284 460 1284 444 1291 428 1284 427 1284 426 1284 342 1291 319 1284 318 1284 317 1284 316 1284 276 1295 274 1295 192 1295 192 1326"/></Shape>
	    <String CONTENT="mum benefaciendi &amp; viuendi ſtudium,"
                    HPOS="192"
                    VPOS="1284"
                    WIDTH="783"
                    HEIGHT="59"
                    WC="0.976286741665431"></String>
          </TextLine>

          
          
          <TextLine ID="eSc_line_4aa9bece"
                    TAGREFS="LT4176"
                    BASELINE="195 1373 972 1376" 
                    HPOS="194"
                    VPOS="1334"
                    WIDTH="778"
                    HEIGHT="59">
            <Shape><Polygon POINTS="195 1373 194 1384 205 1390 206 1390 207 1390 208 1390 219 1385 239 1390 240 1390 240 1390 295 1385 322 1391 323 1391 324 1391 339 1385 383 1385 384 1385 394 1392 395 1392 396 1392 397 1392 484 1386 497 1392 498 1392 499 1392 528 1388 557 1392 558 1392 559 1392 580 1386 620 1392 621 1392 650 1386 657 1392 658 1392 659 1392 727 1393 728 1393 729 1393 746 1389 799 1393 800 1393 801 1393 815 1387 906 1393 907 1393 908 1393 926 1387 971 1387 972 1376 970 1345 899 1345 895 1344 866 1336 865 1336 864 1336 864 1336 829 1344 824 1346 727 1346 724 1344 702 1335 701 1335 614 1335 613 1335 612 1335 611 1335 600 1343 580 1335 579 1335 578 1335 577 1335 576 1335 565 1344 563 1345 456 1345 454 1344 424 1334 423 1334 376 1334 375 1334 374 1334 355 1344 354 1344 320 1334 319 1334 318 1334 289 1340 263 1335 262 1335 261 1335 239 1342 224 1336 223 1336 222 1336 221 1336 195 1343 195 1373"/></Shape>
	    <String CONTENT="vt Deum ſupra omnia diligat: proximum"
                    HPOS="194"
                    VPOS="1334"
                    WIDTH="778"
                    HEIGHT="59"
                    WC="0.976705597864615"></String>
          </TextLine>

          
          
          <TextLine ID="eSc_line_ab6f2852"
                    TAGREFS="LT4176"
                    BASELINE="192 1423 968 1425" 
                    HPOS="191"
                    VPOS="1386"
                    WIDTH="777"
                    HEIGHT="60">
            <Shape><Polygon POINTS="192 1423 191 1434 223 1441 224 1441 225 1441 244 1436 268 1441 269 1441 270 1441 298 1436 310 1441 311 1441 312 1441 389 1436 390 1436 391 1436 404 1444 405 1444 406 1444 407 1445 451 1445 451 1444 452 1444 463 1439 486 1444 487 1444 488 1444 489 1444 513 1439 529 1444 530 1444 531 1444 532 1444 533 1444 546 1437 547 1436 551 1437 591 1445 592 1446 655 1446 655 1445 656 1445 671 1439 696 1442 696 1442 697 1442 698 1442 705 1438 707 1437 779 1437 784 1438 801 1444 802 1444 803 1444 804 1444 816 1438 818 1437 829 1439 855 1442 856 1442 857 1442 868 1439 869 1439 887 1445 888 1445 888 1445 967 1439 968 1425 966 1393 952 1396 945 1393 937 1390 936 1390 936 1390 919 1393 910 1395 903 1393 885 1387 884 1387 799 1387 798 1387 797 1387 773 1393 760 1397 703 1394 672 1392 672 1392 660 1394 642 1397 634 1394 618 1387 617 1387 595 1387 594 1387 593 1387 592 1387 582 1394 569 1390 568 1390 567 1390 566 1390 556 1394 552 1397 497 1397 487 1394 443 1386 442 1386 441 1386 440 1386 428 1395 426 1396 410 1396 408 1395 392 1386 391 1386 390 1386 363 1386 362 1386 361 1386 342 1392 334 1387 333 1387 332 1387 331 1387 330 1387 307 1395 304 1396 301 1395 277 1386 276 1386 275 1386 274 1386 239 1395 235 1396 192 1396 192 1423"/></Shape>
	    <String CONTENT="autem vt ſeipſum, vel proximè ad hunc ac¬"
                    HPOS="191"
                    VPOS="1386"
                    WIDTH="777"
                    HEIGHT="60"
                    WC="0.98930403022539"></String>
          </TextLine>

          
          
          <TextLine ID="eSc_line_cd75ef0f"
                    TAGREFS="LT4176"
                    BASELINE="192 1474 470 1473" 
                    HPOS="192"
                    VPOS="1436"
                    WIDTH="278"
                    HEIGHT="61">
            <Shape><Polygon POINTS="192 1474 192 1490 220 1494 221 1494 222 1494 229 1490 238 1487 267 1487 274 1490 285 1496 286 1496 287 1496 288 1497 333 1497 333 1496 334 1496 335 1496 344 1489 347 1487 374 1487 395 1488 461 1496 462 1496 463 1496 464 1496 464 1495 470 1489 470 1473 469 1448 438 1440 437 1440 436 1440 435 1440 434 1440 424 1446 400 1445 391 1437 391 1436 390 1436 389 1436 388 1436 387 1436 341 1447 316 1438 315 1438 314 1438 286 1442 236 1436 235 1436 234 1436 233 1436 216 1446 192 1448 192 1474"/></Shape>
	    <String CONTENT="cedat gradum."
                    HPOS="192"
                    VPOS="1436"
                    WIDTH="278"
                    HEIGHT="61"
                    WC="0.998595888798053"></String>
          </TextLine>

          
          
          <TextLine ID="eSc_line_c218aac2"
                    TAGREFS="LT4176"
                    BASELINE="246 1521 970 1525" 
                    HPOS="246"
                    VPOS="1481"
                    WIDTH="724"
                    HEIGHT="73">
            <Shape><Polygon POINTS="968 1493 940 1484 939 1484 938 1484 937 1484 922 1490 907 1484 906 1484 905 1484 872 1489 826 1484 825 1484 824 1484 804 1492 791 1483 790 1483 789 1483 747 1483 746 1483 745 1483 744 1483 732 1492 732 1493 687 1493 686 1492 673 1483 672 1483 672 1483 671 1483 598 1492 579 1492 432 1492 431 1491 416 1481 415 1481 414 1481 413 1481 390 1486 363 1481 362 1481 361 1481 360 1481 348 1490 347 1491 293 1491 292 1490 278 1484 277 1484 276 1484 246 1489 246 1521 247 1547 259 1543 271 1547 284 1551 285 1551 286 1552 331 1552 331 1551 332 1551 333 1551 337 1547 346 1540 380 1545 381 1545 428 1540 462 1540 470 1546 477 1551 478 1551 479 1551 480 1551 480 1551 491 1547 502 1552 503 1552 504 1552 504 1552 521 1545 524 1544 526 1545 535 1552 536 1552 537 1552 538 1552 578 1551 579 1551 580 1551 587 1545 599 1552 600 1552 643 1553 644 1553 645 1553 669 1544 673 1543 678 1544 686 1547 687 1547 688 1547 732 1544 763 1542 767 1544 778 1553 779 1553 780 1553 838 1554 839 1554 840 1554 860 1546 887 1554 888 1554 888 1554 889 1554 911 1544 969 1542 970 1525 970 1497 968 1493"/></Shape>
	    <String CONTENT="Quartò, IN SPIRITV, hoc eſt, zelo pieta¬"
                    HPOS="246"
                    VPOS="1481"
                    WIDTH="724"
                    HEIGHT="73"></String>
          </TextLine>

          
        </TextBlock>
        
        <TextBlock HPOS="911.2394409179688"
                   VPOS="1546.6639404296875"
                   WIDTH="73.8443603515625"
                   HEIGHT="42.0450439453125"
                   ID="block_0"
                   TAGREFS="BT10631">
          <Shape><Polygon POINTS="911.239 1546.66 985.084 1546.66 985.084 1588.71 911.239 1588.71 911.239 1546.66"/></Shape>
          
          
          <TextLine ID="eSc_line_b607ae7a"
                    TAGREFS="LT4176"
                    BASELINE="915 1573 974 1576" 
                    HPOS="914"
                    VPOS="1534"
                    WIDTH="60"
                    HEIGHT="60">
            <Shape><Polygon POINTS="915 1573 914 1588 923 1592 924 1592 925 1592 936 1590 949 1587 971 1594 974 1576 974 1566 974 1540 961 1542 959 1540 952 1535 952 1534 951 1534 950 1534 931 1534 930 1534 929 1534 916 1538 915 1573"/></Shape>
	    <String CONTENT="tis,"
                    HPOS="914"
                    VPOS="1534"
                    WIDTH="60"
                    HEIGHT="60"
                    WC="0.997644305229187"></String>
          </TextLine>

          
        </TextBlock>
        

        
      </PrintSpace>
    </Page>
  </Layout>
</alto>
