<?xml version="1.0" encoding="UTF-8"?>
<alto xmlns:xsi="http://www.w3.org/2001/XMLSchema-instance"
      xmlns="http://www.loc.gov/standards/alto/ns-v4#"
      xsi:schemaLocation="http://www.loc.gov/standards/alto/ns-v4# http://www.loc.gov/standards/alto/v4/alto-4-2.xsd">
  <Description>
    <MeasurementUnit>pixel</MeasurementUnit>
    <sourceImageInformation>
      <fileName>page_00002.png</fileName>
      
    </sourceImageInformation>
  </Description>
  
  <Tags>
    <OtherTag ID="BT10635" LABEL="NumberingZone" DESCRIPTION="block type NumberingZone"/><OtherTag ID="BT10634" LABEL="DropCapitalZone" DESCRIPTION="block type DropCapitalZone"/><OtherTag ID="BT10633" LABEL="GraphicZone" DESCRIPTION="block type GraphicZone"/><OtherTag ID="BT10632" LABEL="RunningTitleZone" DESCRIPTION="block type RunningTitleZone"/><OtherTag ID="BT10631" LABEL="QuireMarksZone" DESCRIPTION="block type QuireMarksZone"/><OtherTag ID="BT10630" LABEL="MarginTextZone" DESCRIPTION="block type MarginTextZone"/><OtherTag ID="BT10629" LABEL="MainZone" DESCRIPTION="block type MainZone"/>
    <OtherTag ID="LT4179" LABEL="default" DESCRIPTION="line type default"/><OtherTag ID="LT4178" LABEL="CustomLine : BiblicalText" DESCRIPTION="line type CustomLine : BiblicalText"/><OtherTag ID="LT4177" LABEL="HeadingLine" DESCRIPTION="line type HeadingLine"/><OtherTag ID="LT4176" LABEL="DefaultLine" DESCRIPTION="line type DefaultLine"/>
  </Tags>
  
  <Layout>
    <Page WIDTH="1099"
          HEIGHT="1722"
          PHYSICAL_IMG_NR="0"
          ID="eSc_dummypage_">
      <PrintSpace HPOS="0"
                  VPOS="0"
                  WIDTH="1099"
                  HEIGHT="1722">
        
        <TextBlock HPOS="132"
                   VPOS="31"
                   WIDTH="681"
                   HEIGHT="53"
                   ID="block_1"
                   TAGREFS="BT10632">
          <Shape><Polygon POINTS="813 31 813 84 132 84 132 31"/></Shape>
          
          
          <TextLine ID="eSc_line_b79527af"
                    TAGREFS="LT4177"
                    BASELINE="153 72 446 71 807 78" 
                    HPOS="153"
                    VPOS="34"
                    WIDTH="654"
                    HEIGHT="60">
            <Shape><Polygon POINTS="755 41 745 41 736 41 727 41 726 42 723 41 717 41 707 41 697 41 688 40 678 40 669 40 659 40 655 40 645 41 632 42 628 41 626 40 621 40 611 39 602 39 592 39 583 39 573 39 564 39 542 42 538 39 538 38 535 38 525 38 515 38 506 38 501 38 474 41 471 38 468 38 458 37 448 37 439 37 429 37 420 37 410 37 401 37 398 37 391 37 381 36 372 36 364 36 350 39 336 36 334 36 324 36 314 36 305 35 299 35 293 38 269 35 267 35 257 35 255 35 232 39 225 34 219 34 209 34 200 34 190 34 185 34 168 36 161 34 153 34 153 72 153 88 169 83 182 88 183 88 184 88 187 88 245 84 270 88 276 89 277 89 284 88 311 84 340 84 345 88 347 90 348 90 349 90 350 90 391 88 431 87 438 88 448 91 449 92 491 92 491 91 492 91 493 91 495 88 498 86 506 88 516 92 517 92 518 92 539 88 549 87 559 88 579 92 580 92 686 88 710 88 712 88 727 94 728 94 729 94 807 88 807 78 807 44 771 41 764 41"/></Shape>
	    <String CONTENT="IN I. EPIST. AD TIMOTH."
                    HPOS="153"
                    VPOS="34"
                    WIDTH="654"
                    HEIGHT="60"
                    WC="0.97594367162041"></String>
          </TextLine>

          
        </TextBlock>
        
        <TextBlock HPOS="849"
                   VPOS="51"
                   WIDTH="49"
                   HEIGHT="50"
                   ID="block_2"
                   TAGREFS="BT10635">
          <Shape><Polygon POINTS="898 51 898 101 849 101 849 51"/></Shape>
          
          
          <TextLine ID="eSc_line_2c7b1c41"
                    TAGREFS="LT4176"
                    BASELINE="836 80 886 83" 
                    HPOS="834"
                    VPOS="44"
                    WIDTH="53"
                    HEIGHT="54">
            <Shape><Polygon POINTS="885 52 884 51 864 44 863 44 862 44 836 49 836 80 834 98 885 95 886 83 887 54 885 52"/></Shape>
	    <String CONTENT="73"
                    HPOS="834"
                    VPOS="44"
                    WIDTH="53"
                    HEIGHT="54"></String>
          </TextLine>

          
        </TextBlock>
        
        <TextBlock HPOS="73"
                   VPOS="90"
                   WIDTH="831"
                   HEIGHT="1456"
                   ID="block_0"
                   TAGREFS="BT10629">
          <Shape><Polygon POINTS="904 90 904 1546 73 1546 73 90"/></Shape>
          
          
          <TextLine ID="eSc_line_c3128493"
                    TAGREFS="LT4176"
                    BASELINE="77 129 455 128 891 134" 
                    HPOS="76"
                    VPOS="88"
                    WIDTH="815"
                    HEIGHT="65">
            <Shape><Polygon POINTS="77 129 76 139 176 148 177 148 178 148 179 148 189 141 215 141 224 141 236 148 237 148 238 148 239 148 240 148 241 148 251 141 252 141 285 147 286 147 382 142 385 142 386 142 413 149 414 149 415 149 416 149 417 149 427 143 468 143 483 150 484 150 485 150 536 145 544 151 545 151 546 151 547 152 574 152 574 151 575 151 576 151 584 144 608 151 609 151 610 151 611 151 628 144 639 152 640 152 641 152 642 152 677 147 687 152 688 152 689 152 721 147 737 151 738 151 739 151 740 151 759 145 773 153 774 153 775 153 809 148 852 153 853 153 890 145 891 134 890 102 819 101 818 100 807 92 807 92 806 92 805 92 772 99 769 100 766 99 742 91 741 91 740 91 676 98 662 99 659 98 651 94 650 94 650 94 649 94 648 94 644 97 641 100 524 100 515 95 505 89 504 89 503 89 445 94 394 98 375 93 358 88 358 88 357 88 356 88 341 92 325 97 313 92 304 88 303 88 302 88 260 91 184 96 175 89 172 88 171 88 170 88 169 88 77 88 77 129"/></Shape>
	    <String CONTENT="ſtudio &amp; bonorum operum exercitio bona"
                    HPOS="76"
                    VPOS="88"
                    WIDTH="815"
                    HEIGHT="65"></String>
          </TextLine>

          
          
          <TextLine ID="eSc_line_6dbebf79"
                    TAGREFS="LT4176"
                    BASELINE="81 176 440 176 892 183" 
                    HPOS="80"
                    VPOS="139"
                    WIDTH="812"
                    HEIGHT="63">
            <Shape><Polygon POINTS="81 176 80 189 134 196 134 196 135 196 148 190 149 190 149 191 157 197 157 197 158 197 159 197 269 192 285 192 292 193 332 198 333 198 334 198 350 193 357 192 375 194 411 198 412 198 447 195 470 193 486 195 507 198 508 198 538 196 564 194 581 197 602 200 603 200 651 198 684 196 701 198 721 201 722 201 744 198 762 197 779 199 797 202 798 202 891 200 892 183 892 153 843 146 842 146 841 146 826 152 825 152 780 152 778 152 765 145 764 145 763 145 701 149 682 144 681 144 680 144 679 144 667 151 656 151 579 151 578 150 571 144 571 143 570 143 569 143 568 143 537 149 537 150 485 150 484 149 465 142 464 142 463 142 462 142 448 148 432 142 431 142 430 142 393 147 365 141 364 141 190 146 154 139 153 139 81 145 81 176"/></Shape>
	    <String CONTENT="naſcitur: mala autem vitæ petulantia ac im"
                    HPOS="80"
                    VPOS="139"
                    WIDTH="812"
                    HEIGHT="63"
                    WC="0.98839432710693"></String>
          </TextLine>

          
          
          <TextLine ID="eSc_line_522021c9"
                    TAGREFS="LT4176"
                    BASELINE="87 228 472 226 880 231" 
                    HPOS="87"
                    VPOS="190"
                    WIDTH="793"
                    HEIGHT="63">
            <Shape><Polygon POINTS="87 228 87 244 114 241 149 245 185 250 186 250 187 250 202 245 218 242 251 246 256 246 257 246 258 246 259 246 267 242 345 242 360 247 364 248 365 248 366 248 367 248 371 247 377 244 408 247 452 251 453 251 473 247 501 242 522 248 527 249 528 249 529 249 542 248 598 242 610 248 616 251 617 251 618 251 629 249 654 243 685 243 705 249 715 252 716 252 717 253 779 253 779 252 780 252 785 250 794 245 878 250 880 231 879 202 755 202 752 200 743 197 742 197 741 197 740 197 731 199 727 201 723 199 707 192 706 192 705 192 704 192 684 199 678 201 673 199 662 193 661 193 660 193 659 193 642 198 638 200 586 200 581 198 569 191 568 191 567 191 566 191 492 193 491 193 490 193 485 197 478 201 447 201 437 196 431 194 430 194 429 194 428 194 422 196 408 200 397 196 384 190 383 190 298 190 297 190 296 190 295 190 289 194 278 199 224 199 196 193 180 190 129 190 128 190 127 190 126 190 123 192 116 196 87 192 87 228"/></Shape>
	    <String CONTENT="probitate : rectè igitur fidei coniungit con"
                    HPOS="87"
                    VPOS="190"
                    WIDTH="793"
                    HEIGHT="63"
                    WC="0.951557342211405"></String>
          </TextLine>

          
          
          <TextLine ID="eSc_line_5a317639"
                    TAGREFS="LT4176"
                    BASELINE="85 277 471 277" 
                    HPOS="85"
                    VPOS="243"
                    WIDTH="386"
                    HEIGHT="57">
            <Shape><Polygon POINTS="85 277 85 299 191 292 213 298 219 299 220 299 221 300 272 300 272 299 273 299 281 297 297 292 392 292 403 295 413 299 414 299 415 299 416 299 426 295 434 292 441 295 452 299 453 299 454 299 455 299 471 294 471 277 471 243 85 243 85 277"/></Shape>
	    <String CONTENT="ſcientiæ puritatem."
                    HPOS="85"
                    VPOS="243"
                    WIDTH="386"
                    HEIGHT="57"
                    WC="0.988909169247276"></String>
          </TextLine>

          
          
          <TextLine ID="eSc_line_8784f9f7"
                    TAGREFS="LT4178"
                    BASELINE="133 332 636 331" 
                    HPOS="132"
                    VPOS="287"
                    WIDTH="504"
                    HEIGHT="62">
            <Shape><Polygon POINTS="133 343 171 348 172 348 173 348 189 343 201 340 234 340 240 343 245 346 246 346 247 346 285 342 307 340 323 342 370 348 371 348 417 341 426 340 429 341 449 348 450 348 451 348 493 343 535 348 536 348 537 348 556 342 561 348 562 348 563 348 564 349 615 349 615 348 616 348 636 339 636 331 634 303 602 300 587 287 586 287 585 287 584 287 583 287 551 300 507 289 506 289 505 289 504 289 490 299 488 301 485 299 470 288 469 288 468 288 467 288 466 288 449 295 440 287 439 287 438 287 437 287 404 292 388 287 387 287 386 287 385 287 384 287 374 296 373 298 362 298 361 296 353 288 353 287 352 287 351 287 313 287 312 287 311 287 310 287 310 288 302 294 276 288 275 288 257 290 256 290 255 290 252 293 242 303 166 303 156 291 154 290 154 289 153 289 152 289 151 289 132 290 133 332"/></Shape>
	    <String CONTENT="I0 Et hi probentur, &amp;c."
                    HPOS="132"
                    VPOS="287"
                    WIDTH="504"
                    HEIGHT="62"></String>
          </TextLine>

          
          
          <TextLine ID="eSc_line_0a9a7f88"
                    TAGREFS="LT4176"
                    BASELINE="154 382 452 380 882 385" 
                    HPOS="154"
                    VPOS="338"
                    WIDTH="728"
                    HEIGHT="63">
            <Shape><Polygon POINTS="881 353 872 347 862 347 852 346 850 346 842 350 781 342 776 342 771 341 757 349 755 350 693 350 691 349 670 340 669 340 668 340 667 340 654 347 622 340 621 340 620 340 596 348 594 348 593 348 583 340 583 340 582 340 544 340 543 340 542 340 541 340 532 347 528 349 472 349 469 346 459 339 458 339 457 339 421 339 420 339 419 339 403 345 396 348 343 348 339 345 331 338 330 338 329 338 307 338 306 338 305 338 292 344 287 347 277 344 258 338 257 338 256 338 154 342 154 382 154 397 288 392 308 397 314 397 315 397 324 397 353 392 426 396 473 398 474 398 531 396 569 394 572 396 579 399 580 399 581 399 582 400 623 400 623 399 656 395 669 394 677 395 706 400 707 401 805 401 805 400 806 400 807 400 815 395 816 395 881 395 882 385 882 353 881 353"/></Shape>
	    <String CONTENT="Virtutibus addit probationem, nam vir"
                    HPOS="154"
                    VPOS="338"
                    WIDTH="728"
                    HEIGHT="63"
                    WC="0.982555800193065"></String>
          </TextLine>

          
          
          <TextLine ID="eSc_line_8664be8c"
                    TAGREFS="LT4176"
                    BASELINE="83 431 890 433" 
                    HPOS="82"
                    VPOS="389"
                    WIDTH="808"
                    HEIGHT="60">
            <Shape><Polygon POINTS="83 431 82 441 98 448 99 448 100 449 161 449 161 448 162 448 163 448 171 442 240 448 241 448 284 443 314 448 315 448 316 448 338 442 350 447 351 447 352 447 381 442 390 448 391 448 392 448 393 448 394 448 395 448 404 442 434 448 435 448 470 442 486 449 487 449 488 449 568 443 696 449 697 449 698 449 720 443 795 449 796 449 833 444 860 449 861 449 889 442 890 433 887 393 862 401 831 392 826 391 825 391 824 391 823 391 818 392 797 398 788 392 787 392 786 392 747 391 746 391 738 392 676 402 620 402 595 391 594 391 593 391 563 391 562 391 560 391 489 401 476 393 475 393 474 393 473 393 451 397 442 390 441 390 440 390 439 390 435 390 413 395 395 390 394 390 393 390 392 390 391 390 390 390 363 400 349 390 348 390 347 390 346 390 345 390 324 396 306 390 305 390 304 390 303 390 271 401 166 401 124 400 110 390 109 390 108 390 83 389 83 431"/></Shape>
	    <String CONTENT="tutes co gnoſci debent publicè. Probari au¬"
                    HPOS="82"
                    VPOS="389"
                    WIDTH="808"
                    HEIGHT="60"></String>
          </TextLine>

          
          
          <TextLine ID="eSc_line_9c1bd46c"
                    TAGREFS="LT4176"
                    BASELINE="85 479 892 482" 
                    HPOS="84"
                    VPOS="441"
                    WIDTH="808"
                    HEIGHT="59">
            <Shape><Polygon POINTS="85 479 84 489 112 490 121 498 122 498 123 498 124 498 182 491 207 498 208 498 209 498 210 498 223 493 258 498 259 498 295 491 314 498 315 498 316 498 398 492 450 499 451 499 452 499 453 499 462 492 529 492 547 498 548 498 549 498 610 495 622 500 623 500 624 500 706 493 727 500 728 500 729 500 891 492 892 482 891 454 834 454 834 453 815 443 814 443 775 442 774 442 773 442 772 442 756 453 755 454 694 454 692 453 658 442 657 442 622 441 621 441 521 448 506 441 505 441 431 441 430 441 429 441 398 451 380 443 379 443 306 441 305 441 304 441 282 451 282 452 233 452 232 451 225 446 224 446 224 446 223 446 222 446 221 446 213 451 212 452 137 452 134 451 111 445 110 445 85 450 85 479"/></Shape>
	    <String CONTENT="tem accipio, pro examiinari, rogantur de vo¬"
                    HPOS="84"
                    VPOS="441"
                    WIDTH="808"
                    HEIGHT="59"
                    WC="0.989297524094582"></String>
          </TextLine>

          
          
          <TextLine ID="eSc_line_736857c3"
                    TAGREFS="LT4176"
                    BASELINE="90 529 891 531" 
                    HPOS="89"
                    VPOS="488"
                    WIDTH="802"
                    HEIGHT="63">
            <Shape><Polygon POINTS="90 529 89 537 142 548 143 548 221 539 236 539 346 539 348 539 367 548 368 548 369 548 370 548 392 540 434 540 435 540 448 547 448 547 449 547 450 547 462 540 464 540 487 540 488 540 506 549 507 549 508 549 509 549 536 541 538 540 541 541 568 550 569 550 570 550 612 543 624 551 625 551 626 551 627 551 690 550 691 550 713 542 714 542 716 542 762 551 763 551 868 551 868 551 869 551 890 543 891 531 890 500 811 500 810 499 794 490 793 490 792 490 791 490 766 498 762 500 740 500 738 498 727 490 726 490 725 490 682 490 681 490 680 490 666 497 660 500 634 500 628 496 615 489 614 489 613 489 575 496 560 498 553 495 539 489 538 489 538 489 455 494 389 498 365 493 342 488 341 488 340 488 332 493 324 497 306 492 291 488 290 488 266 488 265 488 264 488 256 492 245 497 228 491 219 488 218 488 217 488 216 488 209 491 196 497 90 490 90 529"/></Shape>
	    <String CONTENT="lũtate &amp; facultate velíntne &amp; poſsint Eccle¬"
                    HPOS="89"
                    VPOS="488"
                    WIDTH="802"
                    HEIGHT="63"></String>
          </TextLine>

          
          
          <TextLine ID="eSc_line_ecefdb91"
                    TAGREFS="LT4176"
                    BASELINE="95 578 890 582" 
                    HPOS="94"
                    VPOS="539"
                    WIDTH="796"
                    HEIGHT="59">
            <Shape><Polygon POINTS="95 578 94 588 106 596 107 596 108 596 109 596 275 589 294 589 357 589 359 590 376 596 377 596 378 596 405 591 412 590 417 591 434 596 435 596 436 596 458 592 466 590 474 592 496 597 497 597 498 597 499 597 512 593 523 597 524 597 525 597 526 597 527 597 534 593 536 591 546 593 573 597 720 598 721 598 741 596 756 593 767 596 779 598 780 598 781 598 793 596 811 592 888 596 890 582 888 550 768 551 761 548 746 542 745 542 744 542 672 547 632 550 627 547 618 541 617 541 616 541 615 541 614 541 597 547 595 547 588 541 587 541 586 541 585 541 538 545 457 540 456 540 433 545 413 549 375 544 339 540 320 540 319 540 318 540 317 540 313 544 304 549 280 543 276 543 275 543 271 543 246 548 232 543 222 539 221 539 220 539 219 539 205 543 185 549 158 549 141 542 133 539 132 539 131 539 95 541 95 578"/></Shape>
	    <String CONTENT="ſiæ vtiliter ſeruire. Facultas cognoſcetur ex"
                    HPOS="94"
                    VPOS="539"
                    WIDTH="796"
                    HEIGHT="59"
                    WC="0.981673640675015"></String>
          </TextLine>

          
          
          <TextLine ID="eSc_line_b5a79f61"
                    TAGREFS="LT4176"
                    BASELINE="94 625 891 630" 
                    HPOS="93"
                    VPOS="587"
                    WIDTH="798"
                    HEIGHT="60">
            <Shape><Polygon POINTS="94 625 93 637 138 643 139 643 285 640 293 644 294 644 295 644 296 645 352 645 352 644 353 644 365 640 367 640 373 640 421 645 422 645 423 645 442 640 444 640 452 640 538 645 539 645 562 641 571 640 576 641 590 646 591 646 592 646 617 642 624 641 631 642 657 646 658 646 659 646 669 642 672 641 675 642 682 646 683 646 684 647 684 646 685 646 692 643 695 641 708 643 732 646 733 646 751 643 759 642 761 643 766 647 767 647 768 647 769 647 785 643 793 642 795 644 800 647 801 647 802 647 803 647 890 644 891 630 890 601 786 591 785 591 785 591 784 591 771 600 770 601 732 601 730 600 701 590 700 590 699 590 698 590 673 599 672 600 610 600 609 599 603 594 602 594 601 594 600 594 599 594 579 599 576 599 574 599 557 595 556 595 555 595 508 598 505 598 485 589 484 589 452 589 451 589 450 589 449 589 438 596 413 588 412 588 411 588 410 588 388 596 377 588 376 588 375 588 374 588 334 597 333 597 332 597 311 588 310 588 253 588 252 588 251 588 250 588 238 596 238 597 223 597 223 596 193 587 192 587 191 587 190 587 169 595 149 588 148 588 147 588 94 596 94 625"/></Shape>
	    <String CONTENT="atticulis fidei, &amp; dexteritate concionandi, au"
                    HPOS="93"
                    VPOS="587"
                    WIDTH="798"
                    HEIGHT="60"></String>
          </TextLine>

          
          
          <TextLine ID="eSc_line_fd0987d4"
                    TAGREFS="LT4176"
                    BASELINE="104 675 892 680" 
                    HPOS="104"
                    VPOS="636"
                    WIDTH="788"
                    HEIGHT="63">
            <Shape><Polygon POINTS="104 675 104 691 135 686 146 691 151 694 152 694 153 694 154 694 155 694 157 691 161 689 209 691 283 695 284 695 285 695 296 691 310 687 326 691 342 695 343 695 344 695 345 695 351 691 358 687 418 687 449 691 480 695 481 695 550 691 585 689 591 691 606 697 607 697 608 698 646 698 646 697 647 697 658 691 662 689 727 689 735 691 747 694 748 694 749 694 795 691 807 690 808 691 819 698 820 698 821 698 822 699 843 699 843 698 844 698 845 698 853 691 855 690 890 690 892 680 892 648 862 640 861 640 860 640 808 645 721 639 720 639 693 644 665 639 664 639 663 639 645 645 639 647 625 645 577 638 576 638 575 638 552 644 545 647 489 647 484 643 475 638 474 638 473 638 447 638 446 638 445 638 444 638 436 643 432 646 415 643 400 640 399 640 370 642 337 645 330 642 316 637 315 637 314 637 314 637 313 637 305 642 299 645 161 645 151 640 138 636 137 636 136 636 104 640 104 675"/></Shape>
	    <String CONTENT="diatur ergo quomodo verbum Dei ihterpre"
                    HPOS="104"
                    VPOS="636"
                    WIDTH="788"
                    HEIGHT="63"
                    WC="0.984138673696762"></String>
          </TextLine>

          
          
          <TextLine ID="eSc_line_a87bf954"
                    TAGREFS="LT4176"
                    BASELINE="106 725 884 731" 
                    HPOS="105"
                    VPOS="687"
                    WIDTH="779"
                    HEIGHT="62">
            <Shape><Polygon POINTS="106 725 105 734 218 745 219 746 279 746 279 745 280 745 304 738 310 737 319 739 347 744 348 744 349 744 360 739 364 738 368 740 381 745 382 745 383 745 420 741 435 739 498 739 505 742 507 744 508 744 509 744 510 744 511 744 515 742 521 739 535 743 554 748 555 748 556 749 637 749 637 748 638 748 647 745 661 740 713 740 728 747 732 748 733 748 734 748 735 748 738 747 750 741 882 749 884 731 883 702 773 691 772 691 771 691 770 691 763 696 740 691 740 691 739 691 724 698 704 692 703 692 702 692 653 695 647 690 646 690 645 690 644 690 643 690 630 696 598 690 597 690 596 690 595 690 585 698 568 699 557 699 547 698 499 694 498 694 470 698 466 698 464 698 440 688 439 688 386 688 385 688 384 688 383 688 373 695 344 688 343 688 342 688 322 694 299 687 298 687 297 687 296 687 269 696 269 696 106 695 106 725"/></Shape>
	    <String CONTENT="tetur, qualis ſit illius vox, qui geſtus, habitus,"
                    HPOS="105"
                    VPOS="687"
                    WIDTH="779"
                    HEIGHT="62"
                    WC="0.977056744098663"></String>
          </TextLine>

          
          
          <TextLine ID="eSc_line_e6213adf"
                    TAGREFS="LT4176"
                    BASELINE="104 774 803 776" 
                    HPOS="103"
                    VPOS="737"
                    WIDTH="700"
                    HEIGHT="57">
            <Shape><Polygon POINTS="104 774 103 786 117 793 118 793 119 793 143 788 245 793 246 794 335 794 335 793 336 793 336 793 342 788 343 788 347 788 398 793 399 793 442 789 452 788 458 789 479 794 480 794 528 794 528 794 529 794 530 794 535 789 536 789 541 790 576 794 577 794 641 794 641 794 642 794 643 794 649 790 650 789 651 790 656 794 657 794 658 794 659 794 802 791 803 776 801 747 744 747 741 746 727 738 726 738 725 738 724 738 723 738 710 746 706 749 666 749 659 746 640 739 639 739 638 739 637 739 636 739 628 746 625 749 565 749 560 746 548 738 547 738 546 738 545 738 544 738 522 745 508 738 507 738 506 738 446 744 435 737 434 737 433 737 371 737 370 737 369 737 351 745 346 748 321 748 318 745 309 737 308 737 307 737 306 737 272 744 235 737 234 737 233 737 232 737 223 745 220 748 196 748 192 745 183 737 182 737 181 737 180 737 150 744 141 738 140 738 139 738 138 738 137 738 136 738 128 745 124 747 104 745 104 774"/></Shape>
	    <String CONTENT="methodus in tractandis locis, &amp;c."
                    HPOS="103"
                    VPOS="737"
                    WIDTH="700"
                    HEIGHT="57"
                    WC="0.981720839485978"></String>
          </TextLine>

          
          
          <TextLine ID="eSc_line_94762632"
                    TAGREFS="LT4176"
                    BASELINE="146 825 890 827" 
                    HPOS="145"
                    VPOS="784"
                    WIDTH="745"
                    HEIGHT="59">
            <Shape><Polygon POINTS="145 835 184 842 185 842 231 836 233 836 234 836 285 842 286 842 287 842 297 838 325 842 326 842 327 842 338 837 376 841 377 841 378 841 393 836 395 836 542 836 544 837 580 843 581 843 628 838 687 843 688 843 689 843 690 843 698 838 718 842 719 842 720 842 780 838 782 838 798 843 799 843 800 843 865 838 873 843 874 843 874 843 875 843 876 843 889 838 890 827 886 790 881 794 876 790 873 786 872 786 871 786 847 786 846 786 845 786 844 786 840 790 834 794 825 790 817 786 816 786 815 786 794 789 783 791 777 789 767 786 766 786 765 786 750 789 719 794 687 794 679 788 678 788 677 788 676 788 675 788 674 788 665 795 584 795 568 787 565 786 564 786 563 786 562 786 558 787 536 793 513 787 506 785 505 785 504 785 503 785 496 787 479 791 472 786 471 785 470 785 469 785 418 785 417 785 416 785 415 785 414 786 403 794 389 794 367 786 365 785 364 785 363 785 362 785 361 786 346 794 305 787 304 787 303 787 289 794 281 787 280 787 279 787 278 787 225 794 207 786 206 786 205 786 204 786 185 794 147 784 146 825 145 835"/></Shape>
	    <String CONTENT="Poſt examen officii eſt inauguratio, mi¬"
                    HPOS="145"
                    VPOS="784"
                    WIDTH="745"
                    HEIGHT="59"
                    WC="0.987955617904663"></String>
          </TextLine>

          
          
          <TextLine ID="eSc_line_e15dfd70"
                    TAGREFS="LT4176"
                    BASELINE="98 873 890 876" 
                    HPOS="97"
                    VPOS="833"
                    WIDTH="793"
                    HEIGHT="61">
            <Shape><Polygon POINTS="98 873 97 883 117 891 118 891 119 892 212 892 212 891 213 891 230 885 231 885 240 885 334 891 335 891 354 887 361 885 365 887 376 892 377 892 378 892 498 888 587 886 596 890 602 892 603 892 604 892 644 890 717 887 773 892 788 893 789 893 790 893 791 893 791 892 799 887 827 887 837 893 838 893 839 893 840 894 889 894 890 876 890 846 866 846 865 845 850 835 849 835 848 835 821 835 820 835 819 835 818 835 803 844 802 845 801 844 779 835 778 835 751 835 750 835 749 835 748 835 740 841 717 837 717 837 716 837 701 843 697 845 691 843 681 840 680 840 679 840 678 840 669 843 660 845 652 843 627 834 626 834 625 834 585 842 574 845 546 845 540 841 528 834 527 834 526 834 525 834 524 834 504 841 502 841 497 841 446 834 445 834 444 834 443 834 434 840 427 845 405 845 398 839 390 834 389 834 388 834 387 834 386 834 368 839 359 842 351 839 338 835 337 835 336 835 336 835 326 838 316 843 271 838 262 838 261 838 260 838 258 838 245 844 184 844 171 838 162 833 161 833 130 833 129 833 128 833 127 833 122 837 117 840 98 837 98 873"/></Shape>
	    <String CONTENT="niſtrorũ Eccleſiæ, ſcil. docendo, conſolando,"
                    HPOS="97"
                    VPOS="833"
                    WIDTH="793"
                    HEIGHT="61"
                    WC="0.9712008341499"></String>
          </TextLine>

          
          
          <TextLine ID="eSc_line_36e71987"
                    TAGREFS="LT4176"
                    BASELINE="100 925 889 923" 
                    HPOS="99"
                    VPOS="883"
                    WIDTH="790"
                    HEIGHT="61">
            <Shape><Polygon POINTS="100 925 100 937 123 935 134 937 159 943 160 943 244 937 269 935 272 937 281 943 282 943 283 943 284 943 285 943 286 943 294 937 302 943 303 943 304 943 305 944 347 944 347 943 348 943 360 937 391 937 401 943 402 943 403 943 403 944 443 944 443 943 444 943 459 936 461 934 533 934 538 935 558 942 559 942 560 942 591 935 598 934 605 935 653 942 654 942 655 942 669 935 670 934 706 934 707 934 722 942 723 942 724 942 753 937 795 942 796 942 797 942 813 936 826 940 827 940 828 940 888 933 889 923 887 893 852 893 816 883 815 883 814 883 767 891 740 883 739 883 646 883 645 883 644 883 643 883 629 892 611 892 596 883 595 883 594 883 552 883 551 883 550 883 549 883 536 893 509 893 497 884 496 884 495 884 494 884 493 884 493 884 484 890 473 883 472 883 471 883 471 883 470 883 452 892 437 884 436 884 396 883 395 883 394 883 393 883 376 894 264 894 238 884 237 884 236 884 235 884 234 884 219 894 177 894 163 883 162 883 161 883 143 883 142 883 141 883 99 894 100 925"/></Shape>
	    <String CONTENT="Viſitando ægrotos: hinc ſuo epiſcopo, &amp; a¬"
                    HPOS="99"
                    VPOS="883"
                    WIDTH="790"
                    HEIGHT="61"
                    WC="0.994141326064155"></String>
          </TextLine>

          
          
          <TextLine ID="eSc_line_0955bda2"
                    TAGREFS="LT4176"
                    BASELINE="90 973 892 971" 
                    HPOS="89"
                    VPOS="932"
                    WIDTH="803"
                    HEIGHT="63">
            <Shape><Polygon POINTS="90 973 90 986 125 994 126 995 180 995 180 994 181 994 203 987 225 994 226 994 227 994 228 994 229 994 243 986 244 986 246 986 288 994 289 994 344 986 348 986 375 986 376 986 395 994 396 994 397 994 430 990 490 994 491 994 558 993 559 993 582 986 585 985 633 985 638 986 661 992 662 992 663 992 664 992 684 986 688 985 693 986 724 992 725 992 777 987 807 993 808 993 891 985 892 971 890 942 797 942 796 941 774 933 773 933 772 933 771 933 770 933 760 941 759 942 734 942 732 941 719 932 718 932 717 932 717 932 683 940 679 942 626 942 621 940 595 934 594 934 593 934 592 934 584 940 583 942 561 942 559 940 549 932 548 932 547 932 516 932 515 932 515 932 514 932 503 940 502 940 496 940 447 933 446 933 445 933 429 939 422 942 411 939 390 933 389 933 388 933 355 934 354 934 343 939 336 943 297 943 291 939 282 933 281 933 280 933 246 933 246 933 245 933 228 938 216 942 201 938 179 933 179 933 89 937 90 973"/></Shape>
	    <String CONTENT="liis fratribus. Tertiò, repetit virtutes in ge¬"
                    HPOS="89"
                    VPOS="932"
                    WIDTH="803"
                    HEIGHT="63"></String>
          </TextLine>

          
          
          <TextLine ID="eSc_line_d182c8d0"
                    TAGREFS="LT4176"
                    BASELINE="89 1024 889 1022" 
                    HPOS="88"
                    VPOS="985"
                    WIDTH="801"
                    HEIGHT="56">
            <Shape><Polygon POINTS="89 1024 89 1041 101 1036 172 1040 173 1040 233 1035 262 1039 263 1039 324 1035 333 1040 334 1040 335 1040 336 1041 381 1041 381 1040 382 1040 383 1040 393 1035 468 1039 482 1040 483 1040 484 1040 485 1040 485 1039 492 1034 503 1038 504 1038 505 1038 888 1037 889 1022 886 993 826 993 821 992 806 985 805 985 777 985 776 985 775 985 760 992 753 993 741 991 713 985 712 985 711 985 692 991 682 993 677 991 670 985 669 985 668 985 635 985 634 985 633 985 612 990 598 993 583 990 560 985 560 985 559 985 547 990 537 993 501 990 493 989 493 989 492 989 489 990 471 993 460 989 457 988 456 988 455 988 454 988 450 989 436 995 403 995 390 989 385 986 384 986 358 986 357 986 356 986 355 986 352 988 342 994 159 994 127 987 122 986 121 986 88 986 89 1024"/></Shape>
	    <String CONTENT="nere omnes, SI SITIRREPREHENSTBILIS:"
                    HPOS="88"
                    VPOS="985"
                    WIDTH="801"
                    HEIGHT="56"
                    WC="0.987989779975679"></String>
          </TextLine>

          
          
          <TextLine ID="eSc_line_e46ea1f7"
                    TAGREFS="LT4176"
                    BASELINE="97 1075 892 1073" 
                    HPOS="96"
                    VPOS="1033"
                    WIDTH="796"
                    HEIGHT="57">
            <Shape><Polygon POINTS="97 1075 97 1085 257 1090 258 1090 290 1085 295 1084 301 1085 329 1090 330 1090 331 1090 343 1085 345 1084 487 1084 488 1084 494 1089 495 1089 496 1089 497 1090 583 1090 583 1089 706 1083 716 1083 725 1089 726 1089 727 1089 728 1090 784 1090 784 1089 785 1089 803 1083 812 1089 813 1089 814 1089 815 1089 816 1089 827 1083 833 1089 834 1089 835 1089 836 1090 870 1090 870 1089 871 1089 892 1082 892 1073 891 1042 862 1033 861 1033 805 1033 804 1033 803 1033 802 1033 794 1038 771 1034 770 1034 769 1034 768 1034 757 1041 756 1042 623 1042 622 1041 605 1033 605 1033 574 1033 573 1033 572 1033 571 1033 558 1041 557 1041 554 1041 527 1037 526 1037 493 1041 489 1041 488 1041 476 1034 475 1034 474 1034 415 1034 414 1034 413 1034 412 1034 403 1040 401 1042 389 1040 367 1037 366 1037 341 1040 326 1042 323 1040 313 1034 312 1034 311 1034 295 1034 294 1034 293 1034 292 1034 284 1040 280 1043 239 1043 228 1040 199 1034 198 1034 168 1040 157 1042 143 1040 121 1037 120 1037 96 1039 97 1075"/></Shape>
	    <String CONTENT="conditio eſt neceſſaria, non enim eruditio, &amp;"
                    HPOS="96"
                    VPOS="1033"
                    WIDTH="796"
                    HEIGHT="57"
                    WC="0.982885783248478"></String>
          </TextLine>

          
          
          <TextLine ID="eSc_line_ef28ab3f"
                    TAGREFS="LT4176"
                    BASELINE="96 1120 267 1123 874 1118" 
                    HPOS="95"
                    VPOS="1079"
                    WIDTH="779"
                    HEIGHT="64">
            <Shape><Polygon POINTS="96 1120 96 1134 139 1134 141 1135 152 1142 153 1142 154 1142 155 1143 252 1143 252 1142 299 1135 306 1134 309 1135 326 1141 327 1141 328 1141 355 1136 386 1141 387 1141 388 1141 389 1141 397 1135 399 1133 403 1135 409 1137 410 1137 411 1137 422 1135 434 1132 475 1132 482 1135 493 1140 493 1140 494 1140 516 1135 529 1132 538 1135 551 1140 552 1140 553 1140 554 1140 573 1135 582 1133 592 1135 614 1139 615 1139 616 1139 617 1139 623 1135 628 1131 640 1135 651 1139 652 1139 653 1139 654 1139 661 1135 670 1131 697 1131 704 1135 706 1137 707 1137 708 1137 709 1137 710 1137 715 1135 727 1130 791 1130 801 1135 805 1138 806 1138 807 1138 807 1138 849 1137 850 1137 853 1135 861 1131 872 1135 874 1118 872 1086 823 1079 822 1079 821 1079 806 1086 793 1092 780 1086 762 1079 762 1079 761 1079 760 1079 759 1079 747 1086 743 1089 709 1094 566 1094 551 1087 536 1081 535 1081 534 1081 533 1081 517 1087 509 1091 500 1087 487 1081 486 1081 421 1081 420 1081 419 1081 418 1081 407 1087 397 1094 381 1087 365 1081 364 1081 303 1081 302 1081 301 1081 300 1081 291 1088 290 1089 289 1088 278 1081 277 1081 276 1081 275 1081 274 1081 249 1088 220 1096 191 1090 190 1090 189 1090 178 1094 161 1088 143 1082 142 1082 141 1082 95 1088 96 1120"/></Shape>
	    <String CONTENT="eloquentia hîc rei ſatisfacit."
                    HPOS="95"
                    VPOS="1079"
                    WIDTH="779"
                    HEIGHT="64"></String>
          </TextLine>

          
          
          <TextLine ID="eSc_line_1b5847a4"
                    TAGREFS="LT4178"
                    BASELINE="156 1178 593 1175 704 1169 867 1166" 
                    HPOS="155"
                    VPOS="1127"
                    WIDTH="712"
                    HEIGHT="67">
            <Shape><Polygon POINTS="156 1194 202 1192 203 1192 204 1192 215 1186 244 1192 245 1192 286 1186 314 1193 317 1193 318 1193 319 1193 320 1193 321 1193 321 1192 336 1185 355 1192 358 1193 359 1194 422 1194 422 1193 451 1192 452 1192 453 1192 455 1191 463 1184 520 1183 538 1189 546 1192 547 1192 548 1192 583 1192 584 1192 588 1189 594 1184 609 1188 617 1190 618 1190 619 1190 620 1190 628 1188 650 1181 679 1187 682 1187 683 1187 684 1187 685 1187 695 1180 735 1185 736 1185 737 1185 755 1180 777 1185 786 1187 787 1187 788 1187 789 1187 791 1185 800 1179 866 1183 867 1166 865 1136 825 1127 824 1127 823 1127 822 1127 809 1136 800 1137 778 1139 699 1139 698 1138 678 1129 677 1129 676 1129 675 1129 655 1139 653 1140 606 1140 605 1139 594 1130 593 1130 592 1130 591 1130 560 1136 553 1130 552 1130 551 1130 550 1130 549 1130 548 1130 534 1140 524 1140 511 1141 509 1141 486 1131 485 1131 450 1131 449 1131 448 1131 431 1138 422 1132 421 1132 420 1132 419 1132 320 1133 319 1133 303 1140 292 1133 291 1133 254 1133 253 1133 252 1133 251 1133 240 1143 155 1145 156 1178"/></Shape>
	    <String CONTENT="I1 Vxores ſimiliter, &amp;c."
                    HPOS="155"
                    VPOS="1127"
                    WIDTH="712"
                    HEIGHT="67"></String>
          </TextLine>

          
          
          <TextLine ID="eSc_line_b0a1c2d8"
                    TAGREFS="LT4176"
                    BASELINE="166 1231 380 1226 893 1224" 
                    HPOS="165"
                    VPOS="1181"
                    WIDTH="728"
                    HEIGHT="65">
            <Shape><Polygon POINTS="166 1231 166 1238 261 1246 262 1246 263 1246 277 1238 278 1237 323 1237 326 1237 349 1245 350 1245 351 1245 352 1245 368 1237 369 1237 383 1245 384 1245 385 1246 410 1246 410 1245 411 1245 424 1238 450 1242 451 1242 452 1242 465 1237 483 1243 484 1243 485 1243 486 1243 498 1236 499 1236 500 1236 515 1242 516 1242 517 1242 557 1236 558 1236 559 1236 593 1244 594 1244 640 1236 644 1236 647 1236 697 1243 698 1243 699 1243 718 1236 753 1243 754 1243 755 1243 756 1243 764 1237 821 1242 822 1242 892 1234 893 1224 891 1182 795 1181 794 1181 793 1181 786 1183 775 1188 762 1184 760 1183 759 1183 758 1183 757 1183 752 1184 729 1191 685 1191 671 1186 659 1182 658 1182 657 1182 640 1186 624 1190 612 1187 606 1185 605 1185 605 1185 604 1185 603 1185 601 1187 594 1192 528 1192 521 1188 515 1185 515 1185 514 1185 475 1189 448 1192 444 1190 441 1187 440 1187 439 1187 438 1187 393 1191 373 1192 370 1191 356 1184 355 1184 354 1184 353 1184 336 1190 314 1184 314 1184 313 1184 312 1184 293 1191 264 1185 263 1185 262 1185 261 1185 249 1192 248 1192 182 1187 181 1187 180 1187 165 1192 166 1231"/></Shape>
	    <String CONTENT="Quartò, loquitur de vxoribus miniſtro¬"
                    HPOS="165"
                    VPOS="1181"
                    WIDTH="728"
                    HEIGHT="65"
                    WC="0.972544957429935"></String>
          </TextLine>

          
          
          <TextLine ID="eSc_line_8f9be129"
                    TAGREFS="LT4176"
                    BASELINE="98 1278 894 1278" 
                    HPOS="98"
                    VPOS="1236"
                    WIDTH="796"
                    HEIGHT="59">
            <Shape><Polygon POINTS="98 1278 98 1292 149 1289 166 1293 174 1294 175 1294 176 1294 179 1293 185 1289 242 1293 264 1294 265 1294 266 1294 268 1293 275 1289 320 1293 336 1294 336 1294 337 1294 341 1293 361 1287 399 1292 400 1292 469 1287 478 1293 478 1294 479 1294 480 1294 481 1295 529 1295 529 1294 530 1294 531 1294 540 1287 598 1287 610 1294 611 1294 612 1294 613 1294 614 1294 616 1294 639 1287 759 1287 776 1294 777 1294 778 1295 823 1295 823 1294 824 1294 864 1287 892 1294 894 1278 894 1239 840 1236 839 1236 801 1239 767 1243 754 1240 737 1236 736 1236 661 1236 660 1236 659 1236 649 1240 648 1241 647 1240 641 1236 640 1236 639 1236 638 1236 588 1240 559 1236 558 1236 557 1236 556 1236 547 1241 545 1242 542 1241 521 1236 520 1236 519 1236 489 1242 477 1244 471 1242 455 1236 454 1236 453 1236 410 1242 399 1244 395 1242 381 1236 381 1236 380 1236 379 1236 365 1243 361 1245 223 1245 221 1244 207 1239 206 1239 205 1239 204 1239 187 1244 185 1244 182 1244 131 1236 130 1236 129 1236 98 1244 98 1278"/></Shape>
	    <String CONTENT="rũ &amp; diaconorũ. Nã quòd alii de diaconiſsis"
                    HPOS="98"
                    VPOS="1236"
                    WIDTH="796"
                    HEIGHT="59"
                    WC="0.986898490723143"></String>
          </TextLine>

          
          
          <TextLine ID="eSc_line_da062540"
                    TAGREFS="LT4176"
                    BASELINE="95 1326 893 1324" 
                    HPOS="94"
                    VPOS="1286"
                    WIDTH="799"
                    HEIGHT="54">
            <Shape><Polygon POINTS="95 1326 95 1340 892 1339 893 1324 890 1292 842 1293 837 1292 823 1286 822 1286 821 1286 789 1291 775 1286 774 1286 773 1286 772 1286 750 1292 745 1293 744 1292 737 1286 736 1286 735 1286 734 1286 678 1291 661 1286 660 1286 659 1286 603 1293 595 1293 592 1293 568 1286 567 1286 504 1286 503 1286 502 1286 490 1293 489 1294 488 1293 480 1287 479 1287 478 1287 441 1287 440 1287 439 1287 438 1287 429 1293 426 1295 324 1295 319 1294 287 1287 286 1287 285 1287 262 1294 259 1294 254 1294 212 1289 211 1289 210 1289 209 1289 203 1294 202 1295 127 1295 126 1294 104 1287 103 1287 102 1287 101 1287 100 1287 94 1291 95 1326"/></Shape>
	    <String CONTENT="hoc accipiunt, non ſatis firmum eſt, minus"
                    HPOS="94"
                    VPOS="1286"
                    WIDTH="799"
                    HEIGHT="54"
                    WC="0.975992909499577"></String>
          </TextLine>

          
          
          <TextLine ID="eSc_line_c68cf557"
                    TAGREFS="LT4176"
                    BASELINE="97 1377 894 1373" 
                    HPOS="96"
                    VPOS="1333"
                    WIDTH="798"
                    HEIGHT="62">
            <Shape><Polygon POINTS="97 1377 97 1387 183 1387 199 1394 200 1394 201 1395 240 1395 240 1394 241 1394 242 1394 252 1388 294 1391 295 1391 296 1391 297 1391 303 1387 306 1385 434 1385 444 1387 461 1391 462 1391 463 1391 484 1387 500 1384 516 1388 528 1390 529 1390 530 1390 535 1388 542 1384 566 1388 600 1392 601 1392 735 1391 736 1391 744 1388 749 1386 752 1388 758 1391 759 1391 760 1391 761 1392 807 1392 807 1391 830 1388 858 1384 892 1388 894 1373 891 1339 791 1341 785 1339 764 1333 763 1333 762 1333 762 1333 743 1340 740 1341 739 1340 731 1334 730 1334 729 1334 699 1333 698 1333 697 1333 675 1340 670 1342 663 1341 639 1334 638 1334 637 1334 565 1341 564 1341 563 1341 521 1334 520 1334 519 1334 518 1334 506 1342 497 1336 496 1336 495 1336 458 1335 457 1335 456 1335 430 1343 427 1344 380 1344 379 1343 370 1336 369 1336 368 1336 367 1336 336 1341 329 1335 328 1335 327 1335 297 1335 296 1335 295 1335 276 1344 275 1344 274 1344 249 1338 248 1338 247 1338 246 1338 237 1344 236 1345 209 1345 172 1345 161 1336 160 1336 159 1336 142 1336 141 1336 140 1336 139 1336 127 1345 96 1345 97 1377"/></Shape>
	    <String CONTENT="etiam placet eorum ſententia, qui in genere"
                    HPOS="96"
                    VPOS="1333"
                    WIDTH="798"
                    HEIGHT="62"
                    WC="0.978237257447354"></String>
          </TextLine>

          
          
          <TextLine ID="eSc_line_d4f588f6"
                    TAGREFS="LT4176"
                    BASELINE="96 1424 894 1421" 
                    HPOS="95"
                    VPOS="1382"
                    WIDTH="799"
                    HEIGHT="58">
            <Shape><Polygon POINTS="96 1424 96 1434 116 1440 117 1440 118 1440 150 1435 155 1434 159 1435 185 1440 186 1440 187 1440 209 1435 215 1434 247 1435 343 1439 344 1439 363 1435 378 1433 408 1435 443 1439 444 1440 481 1440 481 1439 482 1439 483 1439 487 1436 493 1433 501 1436 506 1438 507 1438 508 1438 523 1436 538 1435 567 1436 600 1439 601 1439 602 1439 608 1437 621 1433 633 1437 637 1438 638 1438 639 1438 647 1437 675 1432 722 1437 731 1438 732 1438 733 1438 736 1437 760 1432 777 1437 778 1437 779 1437 871 1434 891 1438 894 1421 893 1392 872 1382 871 1382 850 1382 849 1382 848 1382 847 1382 832 1391 796 1386 795 1386 758 1391 718 1383 717 1383 717 1383 716 1383 705 1390 626 1393 569 1393 521 1383 520 1383 474 1390 464 1383 463 1383 462 1383 361 1383 360 1383 276 1394 204 1394 187 1384 186 1384 185 1384 165 1384 164 1384 163 1384 139 1393 114 1384 113 1384 112 1384 112 1384 111 1384 95 1392 96 1424"/></Shape>
	    <String CONTENT="de ſexu muliebri hæc interpretantur.. Priùs"
                    HPOS="95"
                    VPOS="1382"
                    WIDTH="799"
                    HEIGHT="58"
                    WC="0.982854946093126"></String>
          </TextLine>

          
          
          <TextLine ID="eSc_line_f45cb96f"
                    TAGREFS="LT4176"
                    BASELINE="97 1473 895 1470" 
                    HPOS="96"
                    VPOS="1431"
                    WIDTH="799"
                    HEIGHT="59">
            <Shape><Polygon POINTS="97 1473 97 1484 319 1490 320 1490 321 1490 334 1483 336 1482 376 1482 379 1483 384 1487 385 1487 386 1487 467 1489 468 1489 511 1482 515 1482 523 1488 524 1488 525 1488 580 1489 581 1489 582 1489 600 1482 620 1487 621 1487 622 1487 623 1487 633 1482 635 1481 698 1481 701 1481 722 1487 723 1487 724 1487 775 1482 786 1487 787 1487 788 1487 845 1483 876 1488 877 1488 878 1488 895 1480 895 1470 894 1441 866 1431 865 1431 785 1431 785 1431 784 1431 783 1431 772 1438 756 1435 755 1435 754 1435 753 1435 752 1435 742 1440 696 1434 695 1434 660 1440 630 1431 629 1431 628 1431 628 1431 587 1442 568 1442 558 1434 557 1434 556 1434 555 1434 554 1434 523 1441 517 1436 516 1436 515 1436 515 1436 495 1440 482 1432 481 1432 480 1432 479 1432 478 1432 456 1437 441 1432 440 1432 374 1432 373 1432 372 1432 371 1432 359 1441 346 1437 345 1437 344 1437 291 1442 277 1437 276 1437 275 1437 274 1437 273 1437 266 1443 96 1443 97 1473"/></Shape>
	    <String CONTENT="enim cap.2.verſu 9. harum decorum deſcri¬"
                    HPOS="96"
                    VPOS="1431"
                    WIDTH="799"
                    HEIGHT="59"></String>
          </TextLine>

          
          
          <TextLine ID="eSc_line_39497f1f"
                    TAGREFS="LT4176"
                    BASELINE="93 1519 894 1523" 
                    HPOS="92"
                    VPOS="1479"
                    WIDTH="802"
                    HEIGHT="85">
            <Shape><Polygon POINTS="92 1562 201 1563 201 1563 202 1563 203 1563 208 1559 215 1554 228 1559 233 1560 234 1560 235 1560 236 1560 237 1560 239 1558 263 1544 291 1542 333 1556 345 1560 346 1560 347 1560 348 1560 366 1555 369 1554 371 1554 391 1564 392 1564 393 1564 394 1564 422 1553 430 1550 489 1550 490 1550 491 1550 511 1544 553 1549 560 1550 561 1550 562 1550 566 1549 589 1542 684 1540 711 1545 740 1551 740 1551 741 1551 759 1544 767 1541 801 1541 809 1543 850 1553 851 1553 852 1553 852 1553 853 1553 872 1541 873 1541 893 1541 894 1523 894 1481 839 1481 838 1481 837 1481 836 1481 825 1489 765 1481 762 1481 762 1481 761 1481 737 1492 677 1486 676 1486 645 1491 626 1481 625 1481 624 1481 623 1481 622 1481 620 1481 588 1492 552 1492 538 1482 537 1480 536 1480 535 1480 534 1480 533 1480 526 1482 515 1485 503 1482 494 1479 493 1479 493 1479 492 1479 481 1482 453 1490 434 1485 433 1485 432 1485 403 1489 390 1482 384 1479 383 1479 348 1479 347 1479 346 1479 333 1482 307 1490 179 1490 162 1483 149 1479 148 1479 147 1479 116 1480 115 1480 114 1480 111 1483 103 1489 95 1483 93 1519 92 1562"/></Shape>
	    <String CONTENT="pſit, vt non ſit opus hîc repetere. Itaque"
                    HPOS="92"
                    VPOS="1479"
                    WIDTH="802"
                    HEIGHT="85"></String>
          </TextLine>

          
        </TextBlock>
        

        
      </PrintSpace>
    </Page>
  </Layout>
</alto>
