<?xml version="1.0" encoding="UTF-8"?>
<alto xmlns:xsi="http://www.w3.org/2001/XMLSchema-instance"
      xmlns="http://www.loc.gov/standards/alto/ns-v4#"
      xsi:schemaLocation="http://www.loc.gov/standards/alto/ns-v4# http://www.loc.gov/standards/alto/v4/alto-4-2.xsd">
  <Description>
    <MeasurementUnit>pixel</MeasurementUnit>
    <sourceImageInformation>
      <fileName>page_00238.png</fileName>
      
    </sourceImageInformation>
  </Description>
  
  <Tags>
    <OtherTag ID="BT10635" LABEL="NumberingZone" DESCRIPTION="block type NumberingZone"/><OtherTag ID="BT10634" LABEL="DropCapitalZone" DESCRIPTION="block type DropCapitalZone"/><OtherTag ID="BT10633" LABEL="GraphicZone" DESCRIPTION="block type GraphicZone"/><OtherTag ID="BT10632" LABEL="RunningTitleZone" DESCRIPTION="block type RunningTitleZone"/><OtherTag ID="BT10631" LABEL="QuireMarksZone" DESCRIPTION="block type QuireMarksZone"/><OtherTag ID="BT10630" LABEL="MarginTextZone" DESCRIPTION="block type MarginTextZone"/><OtherTag ID="BT10629" LABEL="MainZone" DESCRIPTION="block type MainZone"/>
    <OtherTag ID="LT4179" LABEL="default" DESCRIPTION="line type default"/><OtherTag ID="LT4178" LABEL="CustomLine : BiblicalText" DESCRIPTION="line type CustomLine : BiblicalText"/><OtherTag ID="LT4177" LABEL="HeadingLine" DESCRIPTION="line type HeadingLine"/><OtherTag ID="LT4176" LABEL="DefaultLine" DESCRIPTION="line type DefaultLine"/>
  </Tags>
  
  <Layout>
    <Page WIDTH="1082"
          HEIGHT="1722"
          PHYSICAL_IMG_NR="7"
          ID="eSc_dummypage_">
      <PrintSpace HPOS="0"
                  VPOS="0"
                  WIDTH="1082"
                  HEIGHT="1722">
        
        <TextBlock HPOS="163"
                   VPOS="45"
                   WIDTH="656"
                   HEIGHT="62"
                   ID="block_1"
                   TAGREFS="BT10632">
          <Shape><Polygon POINTS="819 45 819 107 163 107 163 45"/></Shape>
          
          
          <TextLine ID="eSc_line_e13cd6b2"
                    TAGREFS="LT4177"
                    BASELINE="183 97 719 95 808 96" 
                    HPOS="180"
                    VPOS="53"
                    WIDTH="627"
                    HEIGHT="58">
            <Shape><Polygon POINTS="182 110 805 111 807 94 806 55 180 53 182 96"/></Shape>
	    <String CONTENT="IN I. EPIST. AD TIMOTH."
                    HPOS="180"
                    VPOS="53"
                    WIDTH="627"
                    HEIGHT="58"></String>
          </TextLine>

          
        </TextBlock>
        
        <TextBlock HPOS="846"
                   VPOS="73"
                   WIDTH="59"
                   HEIGHT="38"
                   ID="eSc_textblock_44bed688"
                   TAGREFS="BT10635">
          <Shape><Polygon POINTS="846 73 846 111 905 111 905 73"/></Shape>
          
          
          <TextLine ID="eSc_line_ce707e4c"
                    TAGREFS="LT4176"
                    BASELINE="852 102 894 103" 
                    HPOS="850"
                    VPOS="55"
                    WIDTH="42"
                    HEIGHT="66">
            <Shape><Polygon POINTS="850 119 891 121 892 101 892 63 850 55 850 101"/></Shape>
	    <String CONTENT="141"
                    HPOS="850"
                    VPOS="55"
                    WIDTH="42"
                    HEIGHT="66"></String>
          </TextLine>

          
        </TextBlock>
        
        <TextBlock HPOS="87"
                   VPOS="114"
                   WIDTH="828"
                   HEIGHT="1454"
                   ID="block_0"
                   TAGREFS="BT10629">
          <Shape><Polygon POINTS="915 114 915 1568 87 1568 87 114"/></Shape>
          
          
          <TextLine ID="eSc_line_32d5adf3"
                    TAGREFS="LT4176"
                    BASELINE="100 156 339 152 901 152" 
                    HPOS="99"
                    VPOS="110"
                    WIDTH="802"
                    HEIGHT="65">
            <Shape><Polygon POINTS="99 116 100 156 100 171 208 167 216 172 218 174 219 174 220 174 220 175 276 175 276 174 277 174 284 172 302 166 410 166 417 171 418 171 419 171 420 171 421 171 429 166 479 171 480 171 517 166 531 171 532 171 533 171 534 171 535 171 543 166 627 171 662 173 675 171 704 166 735 171 739 171 740 171 741 171 742 171 750 165 763 171 766 172 767 172 768 172 900 170 901 152 900 120 817 120 816 119 799 112 798 112 797 112 796 112 779 118 776 120 691 120 687 117 681 112 680 112 679 112 634 110 633 110 632 110 631 110 620 117 614 121 595 121 583 116 564 110 563 110 474 110 473 110 452 115 437 119 426 115 415 110 414 110 413 110 412 110 402 115 392 120 324 114 291 111 290 111 289 111 285 113 270 122 233 122 219 115 218 115 217 115 154 119 137 112 134 111 133 111 132 111 116 111 109 114"/></Shape>
	    <String CONTENT="bis Ianguidum &amp; inhabile ad tantum mu¬"
                    HPOS="99"
                    VPOS="110"
                    WIDTH="802"
                    HEIGHT="65"
                    WC="0.997190257436351"></String>
          </TextLine>

          
          
          <TextLine ID="eSc_line_e2427709"
                    TAGREFS="LT4176"
                    BASELINE="106 205 337 201 903 203" 
                    HPOS="105"
                    VPOS="163"
                    WIDTH="798"
                    HEIGHT="58">
            <Shape><Polygon POINTS="105 214 132 220 133 220 203 215 249 220 250 220 280 215 287 220 288 220 289 220 290 220 291 220 308 215 387 215 394 220 395 220 396 220 397 220 450 215 471 220 472 220 473 220 578 216 618 220 619 220 620 220 628 215 645 220 646 220 647 220 648 220 649 220 659 215 691 220 692 220 693 220 716 215 750 220 750 221 883 221 883 220 902 214 903 203 900 167 885 172 843 167 839 167 838 167 833 167 797 172 791 168 789 166 788 166 787 166 786 166 775 168 753 172 741 168 727 163 726 163 692 163 691 163 690 163 681 168 674 172 666 168 655 163 654 163 653 163 609 169 591 171 586 169 574 163 573 163 536 163 535 163 534 163 533 163 525 169 512 163 511 163 472 163 471 163 470 163 469 163 461 170 458 173 412 173 404 170 376 163 375 163 346 168 340 163 339 163 338 163 289 163 288 163 287 163 256 171 252 172 244 171 205 167 204 167 203 167 192 172 191 173 106 173 106 205"/></Shape>
	    <String CONTENT="nus corpuſculum. Noſtræ hodie rationes"
                    HPOS="105"
                    VPOS="163"
                    WIDTH="798"
                    HEIGHT="58"></String>
          </TextLine>

          
          
          <TextLine ID="eSc_line_81039798"
                    TAGREFS="LT4176"
                    BASELINE="108 254 345 250 903 251" 
                    HPOS="107"
                    VPOS="214"
                    WIDTH="796"
                    HEIGHT="54">
            <Shape><Polygon POINTS="108 254 108 267 901 268 903 251 902 223 744 223 716 214 715 214 677 214 676 214 675 214 674 214 665 220 642 217 641 217 640 217 617 222 587 214 586 214 585 214 510 222 472 214 402 214 401 214 400 214 367 222 345 218 344 218 309 222 290 214 289 214 288 214 258 219 242 214 242 214 241 214 240 214 239 214 223 223 197 223 167 214 166 214 121 214 120 214 119 214 118 214 107 221 108 254"/></Shape>
	    <String CONTENT="inſtruendæ magis ſunt contra vini potionem"
                    HPOS="107"
                    VPOS="214"
                    WIDTH="796"
                    HEIGHT="54"></String>
          </TextLine>

          
          
          <TextLine ID="eSc_line_c5a77041"
                    TAGREFS="LT4176"
                    BASELINE="107 303 366 299 902 302" 
                    HPOS="107"
                    VPOS="264"
                    WIDTH="795"
                    HEIGHT="57">
            <Shape><Polygon POINTS="107 303 107 319 180 311 230 318 232 318 233 318 234 318 248 311 264 318 266 319 267 319 268 319 269 319 274 318 289 313 317 317 335 320 336 320 337 320 346 317 360 312 426 312 444 316 463 320 463 320 498 315 524 312 542 315 554 317 555 317 622 314 674 312 678 314 686 320 687 320 688 320 689 321 751 321 751 320 752 320 769 314 795 320 796 321 876 321 876 320 877 320 901 311 902 302 901 266 848 264 847 264 846 264 840 266 829 272 797 266 777 264 776 264 749 267 710 272 703 267 702 267 701 267 700 267 695 267 646 272 639 267 633 264 632 264 631 264 630 264 535 268 531 268 529 268 470 264 469 264 468 264 467 264 461 269 458 270 446 269 427 267 426 267 425 267 424 267 421 269 417 273 361 273 355 270 349 266 348 266 347 266 330 270 318 272 107 272 107 303"/></Shape>
	    <String CONTENT="quæ nimium immoderata &amp; impudens eſt"
                    HPOS="107"
                    VPOS="264"
                    WIDTH="795"
                    HEIGHT="57"
                    WC="0.988762794269456"></String>
          </TextLine>

          
          
          <TextLine ID="eSc_line_d2c774b4"
                    TAGREFS="LT4176"
                    BASELINE="108 353 295 349 570 350" 
                    HPOS="107"
                    VPOS="309"
                    WIDTH="463"
                    HEIGHT="63">
            <Shape><Polygon POINTS="108 370 145 372 146 372 147 372 154 370 176 363 193 369 200 372 201 372 202 372 239 368 295 362 309 367 310 367 311 367 312 367 313 367 313 366 318 362 351 362 365 366 382 371 383 371 384 371 418 365 441 361 450 365 463 370 464 370 465 371 486 371 486 370 487 370 500 364 506 361 516 363 537 368 538 368 570 362 570 350 569 319 534 310 533 310 478 309 477 309 476 309 475 309 460 318 441 309 398 309 397 309 396 309 381 321 363 316 362 316 361 316 360 316 341 321 324 309 323 309 322 309 297 309 296 309 295 309 294 309 284 317 279 312 278 312 277 312 276 312 275 312 274 312 274 313 264 322 252 322 203 322 183 310 182 310 181 310 180 310 179 310 161 323 107 323 108 353"/></Shape>
	    <String CONTENT="apud miniſtros Chriſti."
                    HPOS="107"
                    VPOS="309"
                    WIDTH="463"
                    HEIGHT="63"
                    WC="0.977691847345103"></String>
          </TextLine>

          
          
          <TextLine ID="eSc_line_b1e96f6d"
                    TAGREFS="LT4178"
                    BASELINE="137 407 439 401 899 403" 
                    HPOS="136"
                    VPOS="360"
                    WIDTH="763"
                    HEIGHT="65">
            <Shape><Polygon POINTS="137 419 165 418 169 419 176 424 177 424 178 425 205 425 205 424 206 424 207 424 215 419 224 414 233 419 242 424 243 424 244 425 351 425 351 424 352 424 370 418 375 416 378 418 382 421 383 421 384 421 434 424 435 424 436 424 437 424 445 418 451 413 526 413 533 417 536 419 537 419 538 419 539 419 540 419 541 419 543 417 549 413 646 413 656 416 682 423 683 423 684 424 713 424 713 423 714 423 749 415 750 415 755 415 864 419 865 419 898 413 899 403 898 373 873 362 872 362 842 360 841 360 840 360 792 373 777 361 776 361 775 361 774 361 700 370 666 361 665 361 664 361 634 365 633 365 632 365 619 374 595 361 594 361 593 361 592 361 561 370 533 361 532 361 498 361 497 361 496 361 495 361 481 372 449 362 448 362 447 362 405 370 367 362 366 362 365 362 337 375 303 363 302 363 301 363 252 375 136 375 137 407"/></Shape>
	    <String CONTENT="24 Quorundam hominum peccata an¬"
                    HPOS="136"
                    VPOS="360"
                    WIDTH="763"
                    HEIGHT="65"
                    WC="0.990833396092057"></String>
          </TextLine>

          
          
          <TextLine ID="eSc_line_75b6e019"
                    TAGREFS="LT4178"
                    BASELINE="107 463 481 459 613 453" 
                    HPOS="106"
                    VPOS="413"
                    WIDTH="507"
                    HEIGHT="70">
            <Shape><Polygon POINTS="107 471 123 480 124 480 125 481 153 481 153 480 154 480 178 470 179 470 207 482 208 482 209 483 243 483 243 482 244 482 287 469 304 480 305 480 306 480 307 481 362 481 362 480 363 480 364 480 364 479 374 469 400 467 401 467 418 479 419 479 420 480 449 480 449 479 473 478 474 478 475 478 475 477 485 467 613 463 613 453 611 414 597 413 596 413 595 413 595 414 594 414 578 428 504 427 490 416 489 415 488 415 487 415 486 415 485 415 480 417 441 427 410 418 402 416 401 416 400 416 368 417 367 417 362 419 355 423 351 419 350 419 349 419 348 419 347 419 346 419 338 425 331 419 330 419 329 419 328 419 327 419 314 420 290 423 281 420 270 418 269 418 268 418 267 418 260 421 238 433 228 425 227 425 226 425 225 425 190 428 177 423 174 421 173 421 172 421 171 421 170 421 167 423 157 430 146 424 143 422 142 422 141 422 140 422 139 422 139 423 138 424 134 427 106 425 107 463"/></Shape>
	    <String CONTENT="te manifesta ſunt, &amp;c."
                    HPOS="106"
                    VPOS="413"
                    WIDTH="507"
                    HEIGHT="70"></String>
          </TextLine>

          
          
          <TextLine ID="eSc_line_25e66509"
                    TAGREFS="LT4176"
                    BASELINE="152 516 325 510 905 512" 
                    HPOS="151"
                    VPOS="467"
                    WIDTH="754"
                    HEIGHT="62">
            <Shape><Polygon POINTS="903 476 871 471 870 471 869 471 853 476 853 477 750 477 750 476 737 467 736 467 735 467 613 467 612 467 586 473 574 468 574 468 573 468 572 468 554 475 537 467 536 467 535 467 534 467 520 475 485 470 485 470 421 476 415 476 398 476 391 476 379 467 378 467 377 467 376 467 375 467 346 476 344 476 339 476 272 467 271 467 270 467 269 467 256 476 254 476 152 476 152 516 151 523 175 529 176 529 221 523 231 522 234 523 247 529 248 529 249 529 309 529 309 529 310 529 323 522 328 520 359 522 397 525 397 525 434 522 456 520 459 522 465 526 466 526 467 526 468 526 504 521 517 520 523 521 549 529 550 529 551 529 552 529 568 521 571 520 574 521 587 525 588 525 589 525 590 525 601 521 615 528 616 528 617 528 618 528 629 522 643 527 644 527 645 527 695 520 701 520 702 520 719 529 720 529 721 529 761 529 761 529 762 529 763 529 771 523 836 525 837 525 838 525 847 520 885 526 886 526 887 526 904 519 905 512 904 478 903 476"/></Shape>
	    <String CONTENT="Epilogus eſt eontinens inſtructionem ac"
                    HPOS="151"
                    VPOS="467"
                    WIDTH="754"
                    HEIGHT="62"
                    WC="0.968700959132268"></String>
          </TextLine>

          
          
          <TextLine ID="eSc_line_21eeccc7"
                    TAGREFS="LT4176"
                    BASELINE="104 563 397 559 905 562" 
                    HPOS="104"
                    VPOS="520"
                    WIDTH="801"
                    HEIGHT="53">
            <Shape><Polygon POINTS="104 563 104 573 905 571 905 562 905 521 834 520 833 520 825 521 793 529 775 522 774 522 773 522 772 522 758 529 670 529 648 523 636 520 635 520 634 520 633 520 632 520 626 524 617 529 587 529 580 524 579 523 578 523 577 523 576 523 575 523 573 524 568 527 556 524 537 520 536 520 485 525 475 526 474 525 466 520 465 520 464 520 426 520 425 520 424 520 408 526 399 520 398 520 397 520 397 520 396 520 381 526 377 528 375 526 368 521 367 521 366 521 365 521 340 527 330 529 273 529 265 528 242 522 241 522 240 522 239 522 231 528 230 529 190 529 188 529 176 523 175 523 174 523 173 523 155 529 154 529 104 529 104 563"/></Shape>
	    <String CONTENT="conſola tionem: videntúrque hæc commodè"
                    HPOS="104"
                    VPOS="520"
                    WIDTH="801"
                    HEIGHT="53"></String>
          </TextLine>

          
          
          <TextLine ID="eSc_line_6a5299a6"
                    TAGREFS="LT4176"
                    BASELINE="101 613 351 609 905 611" 
                    HPOS="100"
                    VPOS="568"
                    WIDTH="805"
                    HEIGHT="59">
            <Shape><Polygon POINTS="101 613 100 623 106 627 107 627 108 627 109 627 203 622 220 621 240 622 320 627 321 627 322 627 333 623 338 621 348 623 371 627 372 627 392 623 408 620 655 620 721 626 739 627 740 627 751 626 804 620 838 627 841 627 842 627 843 627 844 627 857 620 883 620 902 627 905 611 905 574 889 568 888 568 887 568 886 568 885 568 877 574 875 574 870 574 850 568 849 568 848 568 802 574 792 574 782 574 733 568 732 568 673 574 658 575 655 574 650 570 649 570 648 570 616 568 615 568 576 574 569 575 566 574 553 568 552 568 552 568 475 573 456 568 455 568 454 568 453 568 452 568 441 574 433 569 432 569 431 569 430 569 429 569 411 574 409 575 407 574 392 568 391 568 390 568 389 568 367 575 365 575 361 575 322 569 321 569 289 575 287 575 276 568 275 568 274 568 273 568 272 568 246 575 244 576 101 576 101 613"/></Shape>
	    <String CONTENT="ſuperioribus cohærere, ſi verſum 23. includas"
                    HPOS="100"
                    VPOS="568"
                    WIDTH="805"
                    HEIGHT="59"
                    WC="0.989652664131588"></String>
          </TextLine>

          
          
          <TextLine ID="eSc_line_5d3464f4"
                    TAGREFS="LT4176"
                    BASELINE="106 663 363 659 905 660" 
                    HPOS="105"
                    VPOS="618"
                    WIDTH="800"
                    HEIGHT="62">
            <Shape><Polygon POINTS="106 663 106 680 145 675 258 679 277 679 278 679 279 679 280 679 280 678 295 669 390 669 402 677 404 679 405 679 406 679 407 680 453 680 453 679 454 679 455 679 458 676 468 669 595 673 596 673 596 673 609 668 689 668 706 674 720 678 721 678 722 678 755 673 759 673 763 673 808 678 809 678 810 678 821 672 828 669 834 672 844 678 845 678 846 678 847 678 862 672 867 670 870 672 875 675 876 675 877 675 878 675 905 671 905 660 904 623 837 624 828 623 796 618 795 618 794 618 779 623 776 624 772 623 749 618 748 618 747 618 730 623 728 624 718 623 669 619 668 619 667 619 657 624 656 624 650 624 590 618 589 618 554 624 549 625 543 624 508 618 507 618 438 624 430 619 429 619 428 619 376 618 375 618 375 618 366 623 359 618 358 618 357 618 256 618 255 618 254 618 240 625 193 619 192 619 105 626 106 663"/></Shape>
	    <String CONTENT="parẽt heſi, erúntque hæc verba antipophora:"
                    HPOS="105"
                    VPOS="618"
                    WIDTH="800"
                    HEIGHT="62"></String>
          </TextLine>

          
          
          <TextLine ID="eSc_line_00e4d685"
                    TAGREFS="LT4176"
                    BASELINE="110 712 375 707 905 708" 
                    HPOS="109"
                    VPOS="665"
                    WIDTH="796"
                    HEIGHT="62">
            <Shape><Polygon POINTS="110 712 110 727 150 721 219 726 223 726 224 726 225 726 241 719 256 726 258 726 259 726 260 726 265 725 306 719 316 725 318 726 319 726 320 726 321 726 324 725 334 719 355 724 360 725 361 725 362 725 363 725 364 724 373 719 429 723 441 724 442 724 453 723 489 719 495 723 500 726 501 726 502 726 503 726 504 726 505 726 508 722 514 719 539 722 564 725 565 725 566 725 573 722 579 718 589 721 598 725 599 725 600 725 623 721 641 718 673 718 676 720 682 725 683 725 684 725 684 726 835 726 835 725 904 717 905 708 904 675 728 675 720 669 719 669 718 669 717 669 716 669 706 675 640 675 604 665 603 665 550 665 549 665 496 671 460 668 459 668 458 668 457 668 447 676 415 676 396 666 395 666 394 666 337 671 299 666 298 666 297 666 296 666 284 675 234 669 233 669 168 675 149 667 148 667 147 667 146 667 145 667 132 676 109 676 110 712"/></Shape>
	    <String CONTENT="poterat enim dicere Timotheus, vix potero"
                    HPOS="109"
                    VPOS="665"
                    WIDTH="796"
                    HEIGHT="62"
                    WC="0.979067979789362"></String>
          </TextLine>

          
          
          <TextLine ID="eSc_line_a74013fc"
                    TAGREFS="LT4176"
                    BASELINE="110 760 905 758" 
                    HPOS="110"
                    VPOS="716"
                    WIDTH="795"
                    HEIGHT="60">
            <Shape><Polygon POINTS="110 760 110 771 323 775 324 775 360 770 365 770 366 770 375 775 375 775 376 775 377 776 409 776 409 775 441 770 443 770 446 770 498 775 499 775 500 775 521 770 525 769 539 770 618 774 619 774 724 769 728 769 728 769 755 774 756 774 803 770 837 774 838 774 839 774 859 769 892 774 893 774 894 774 895 774 905 768 905 758 903 721 747 723 743 722 734 717 733 717 667 716 666 716 665 716 664 716 657 722 656 723 607 723 605 722 594 716 593 716 507 716 507 716 506 716 491 723 489 725 461 725 459 723 451 717 450 717 449 717 370 717 369 717 368 717 348 723 324 719 323 719 273 724 253 717 252 717 251 717 250 717 230 724 110 725 110 760"/></Shape>
	    <String CONTENT="cauere hy pocritas quò minus ſeſe inſinuent"
                    HPOS="110"
                    VPOS="716"
                    WIDTH="795"
                    HEIGHT="60"
                    WC="0.982713783329183"></String>
          </TextLine>

          
          
          <TextLine ID="eSc_line_d69a1007"
                    TAGREFS="LT4176"
                    BASELINE="108 810 904 806" 
                    HPOS="107"
                    VPOS="766"
                    WIDTH="797"
                    HEIGHT="59">
            <Shape><Polygon POINTS="108 810 108 818 242 825 242 825 276 818 277 818 301 823 302 823 303 823 304 823 310 817 312 817 350 817 351 817 362 823 363 823 364 823 414 817 417 817 431 824 432 824 433 825 463 825 463 824 463 824 476 817 495 824 496 824 497 824 498 824 499 824 507 816 508 816 519 816 610 823 611 823 612 823 637 816 638 816 663 822 664 822 704 816 708 816 709 816 719 820 720 820 721 820 750 816 753 816 762 821 763 821 764 821 765 821 766 821 767 821 774 816 786 822 787 822 788 823 853 823 853 822 903 815 904 806 902 774 836 774 819 766 818 766 817 766 817 766 816 766 806 772 711 773 693 766 692 766 691 766 648 772 506 766 505 766 504 766 481 775 460 768 459 768 458 768 417 774 404 768 403 768 402 768 376 773 370 768 369 768 368 768 327 767 326 767 325 767 295 774 231 771 230 771 229 771 215 777 152 777 127 768 126 768 125 768 124 768 107 776 108 810"/></Shape>
	    <String CONTENT="&amp; ingerant vtcunque ſim prouidus &amp; ſcue¬"
                    HPOS="107"
                    VPOS="766"
                    WIDTH="797"
                    HEIGHT="59"
                    WC="0.97694787979126"></String>
          </TextLine>

          
          
          <TextLine ID="eSc_line_1d74055e"
                    TAGREFS="LT4176"
                    BASELINE="105 860 904 855" 
                    HPOS="104"
                    VPOS="815"
                    WIDTH="800"
                    HEIGHT="60">
            <Shape><Polygon POINTS="105 860 105 870 263 875 264 875 301 874 302 874 303 874 308 871 316 866 374 866 397 871 412 874 413 874 426 871 450 865 465 871 468 872 469 872 470 872 471 872 472 872 473 871 483 864 602 864 639 870 640 870 674 864 902 871 904 855 902 817 856 815 855 815 854 815 847 817 839 821 835 817 832 816 831 816 830 816 829 816 814 818 790 822 774 818 759 815 758 815 757 815 756 815 742 819 728 824 692 824 686 819 683 816 682 816 681 816 680 816 679 816 672 819 669 821 667 819 659 816 658 816 612 816 611 816 610 816 596 820 588 823 578 821 562 816 561 816 560 816 559 816 549 821 542 824 538 821 532 817 531 817 530 817 478 816 477 816 435 822 417 825 412 823 401 817 400 817 399 817 374 823 372 823 371 823 334 817 333 817 291 824 289 824 288 824 251 819 250 819 249 819 236 825 232 827 104 827 105 860"/></Shape>
	    <String CONTENT="rus examinator: malum enim occultum eſt"
                    HPOS="104"
                    VPOS="815"
                    WIDTH="800"
                    HEIGHT="60"
                    WC="0.966186945254986"></String>
          </TextLine>

          
          
          <TextLine ID="eSc_line_d28fb0b8"
                    TAGREFS="LT4176"
                    BASELINE="102 909 407 904 904 905" 
                    HPOS="101"
                    VPOS="862"
                    WIDTH="803"
                    HEIGHT="64">
            <Shape><Polygon POINTS="102 918 132 925 133 926 204 926 204 925 205 925 218 920 331 925 332 925 372 917 378 916 380 917 391 925 392 925 393 925 394 926 411 926 411 925 412 925 413 925 425 917 427 916 440 917 493 921 494 921 519 916 527 915 529 916 536 921 537 921 538 921 539 921 540 921 550 916 552 915 752 915 753 915 775 924 776 924 777 925 807 925 807 924 808 924 822 916 872 922 873 922 903 914 904 905 903 870 844 862 805 862 804 862 803 862 783 870 677 870 657 862 656 862 655 862 603 868 558 862 557 862 523 868 508 862 507 862 460 870 331 863 293 871 142 871 124 865 123 865 122 865 121 865 101 871 102 909"/></Shape>
	    <String CONTENT="ſæpe, vt quid ſequendum ſit ſcire non poſsit."
                    HPOS="101"
                    VPOS="862"
                    WIDTH="803"
                    HEIGHT="64"
                    WC="0.974870346652137"></String>
          </TextLine>

          
          
          <TextLine ID="eSc_line_5099e62b"
                    TAGREFS="LT4176"
                    BASELINE="103 958 903 953" 
                    HPOS="102"
                    VPOS="910"
                    WIDTH="801"
                    HEIGHT="65">
            <Shape><Polygon POINTS="103 958 104 975 132 967 161 974 162 974 163 974 234 969 253 974 254 974 255 974 256 974 279 966 301 970 302 970 325 965 347 973 348 973 349 974 387 974 387 973 388 973 389 973 402 964 433 964 541 972 542 972 583 963 617 970 618 970 618 970 645 962 774 962 786 970 787 970 788 970 789 970 790 970 798 965 808 971 809 971 810 971 811 971 902 971 903 953 901 918 819 910 818 910 735 918 729 918 722 918 596 911 595 911 594 911 581 917 572 912 571 912 422 912 421 912 420 912 405 919 401 920 390 919 341 913 340 913 339 913 328 919 325 921 136 921 133 920 122 914 121 914 120 914 119 914 102 919 103 958"/></Shape>
	    <String CONTENT="Reſpondet igitur Apoſtolus conceſsione."
                    HPOS="102"
                    VPOS="910"
                    WIDTH="801"
                    HEIGHT="65"
                    WC="0.986813416847816"></String>
          </TextLine>

          
          
          <TextLine ID="eSc_line_f8049bfc"
                    TAGREFS="LT4176"
                    BASELINE="105 1008 410 1003 902 1006" 
                    HPOS="104"
                    VPOS="963"
                    WIDTH="798"
                    HEIGHT="59">
            <Shape><Polygon POINTS="105 1008 105 1015 120 1021 121 1021 122 1021 198 1016 232 1020 233 1020 234 1020 243 1015 246 1015 253 1015 279 1021 280 1022 404 1022 404 1021 421 1017 434 1015 499 1015 508 1017 518 1021 519 1021 520 1021 537 1018 556 1015 605 1015 614 1018 619 1021 620 1021 621 1021 649 1019 697 1015 720 1019 730 1021 731 1021 753 1019 815 1015 900 1020 902 1006 901 968 757 963 756 963 755 963 735 968 728 970 721 968 698 963 522 963 521 963 520 963 502 968 492 963 491 963 421 963 420 963 419 963 399 969 379 963 378 963 377 963 376 963 360 970 358 970 290 963 289 963 246 971 104 971 105 1008"/></Shape>
	    <String CONTENT="Verum eſt, impietas in multis occulta latet,"
                    HPOS="104"
                    VPOS="963"
                    WIDTH="798"
                    HEIGHT="59"
                    WC="0.972943185405298"></String>
          </TextLine>

          
          
          <TextLine ID="eSc_line_ef3a4136"
                    TAGREFS="LT4176"
                    BASELINE="99 1058 392 1053 904 1054" 
                    HPOS="98"
                    VPOS="1013"
                    WIDTH="806"
                    HEIGHT="61">
            <Shape><Polygon POINTS="99 1058 99 1065 154 1073 155 1074 192 1074 192 1073 193 1073 212 1066 215 1065 218 1066 238 1073 239 1073 240 1073 241 1073 264 1066 268 1065 277 1066 316 1072 317 1072 318 1072 334 1068 340 1073 341 1073 342 1073 343 1073 387 1071 388 1071 389 1071 395 1067 397 1065 403 1067 429 1073 430 1073 455 1067 466 1064 476 1067 485 1070 486 1070 487 1070 488 1070 495 1067 501 1064 574 1064 585 1067 598 1072 599 1072 600 1072 638 1067 644 1067 653 1067 702 1072 703 1072 704 1072 712 1068 720 1064 736 1068 756 1072 757 1072 758 1072 767 1068 770 1067 774 1068 793 1072 794 1072 824 1068 835 1067 846 1068 868 1071 869 1071 870 1071 877 1068 887 1064 902 1068 904 1054 903 1018 828 1013 827 1013 826 1013 825 1013 817 1017 816 1018 811 1017 793 1014 792 1014 647 1016 565 1018 559 1016 552 1014 552 1014 465 1014 464 1014 463 1014 456 1015 443 1019 432 1015 427 1015 426 1015 425 1015 395 1015 312 1019 285 1015 279 1015 278 1015 277 1015 274 1015 256 1020 114 1020 98 1015 99 1058"/></Shape>
	    <String CONTENT="attamen ſemper latere non poteſt: aut enim"
                    HPOS="98"
                    VPOS="1013"
                    WIDTH="806"
                    HEIGHT="61"
                    WC="0.993275384108225"></String>
          </TextLine>

          
          
          <TextLine ID="eSc_line_30a5d17b"
                    TAGREFS="LT4176"
                    BASELINE="101 1105 903 1103" 
                    HPOS="100"
                    VPOS="1061"
                    WIDTH="803"
                    HEIGHT="64">
            <Shape><Polygon POINTS="101 1117 161 1117 170 1122 171 1122 172 1122 173 1122 264 1117 286 1125 287 1125 339 1117 340 1117 376 1124 377 1125 456 1125 456 1124 457 1124 482 1117 497 1122 498 1122 499 1122 500 1122 501 1122 507 1117 508 1116 511 1117 537 1124 538 1124 539 1124 647 1123 648 1123 649 1123 657 1117 658 1116 661 1117 680 1123 681 1123 682 1124 781 1124 781 1123 782 1123 800 1117 810 1122 811 1122 812 1122 813 1122 827 1117 828 1117 830 1117 893 1123 894 1123 895 1123 896 1123 903 1118 903 1103 901 1068 836 1061 835 1061 769 1067 752 1061 751 1061 750 1061 688 1066 647 1061 646 1061 645 1061 621 1068 596 1063 546 1068 523 1062 522 1062 452 1062 451 1062 450 1062 438 1067 405 1062 404 1062 403 1062 380 1068 369 1062 368 1062 367 1062 366 1062 365 1062 356 1069 338 1063 337 1063 336 1063 282 1069 197 1063 196 1063 195 1063 180 1070 100 1070 101 1105"/></Shape>
	    <String CONTENT="manifeſta ſunt peccata quæ κρίσιν et iam faci¬"
                    HPOS="100"
                    VPOS="1061"
                    WIDTH="803"
                    HEIGHT="64"></String>
          </TextLine>

          
          
          <TextLine ID="eSc_line_735acf3a"
                    TAGREFS="LT4176"
                    BASELINE="110 1155 401 1148" 
                    HPOS="107"
                    VPOS="1106"
                    WIDTH="293"
                    HEIGHT="66">
            <Shape><Polygon POINTS="109 1172 398 1168 400 1148 396 1116 289 1116 282 1113 265 1106 264 1106 262 1106 206 1107 205 1107 203 1107 198 1112 187 1117 107 1110 109 1153"/></Shape>
	    <String CONTENT="Iem efficiunt."
                    HPOS="107"
                    VPOS="1106"
                    WIDTH="293"
                    HEIGHT="66"></String>
          </TextLine>

          
          
          <TextLine ID="eSc_line_1701d045"
                    TAGREFS="LT4176"
                    BASELINE="148 1206 905 1199" 
                    HPOS="147"
                    VPOS="1157"
                    WIDTH="758"
                    HEIGHT="65">
            <Shape><Polygon POINTS="148 1206 148 1214 214 1222 215 1222 216 1222 228 1215 300 1221 301 1221 404 1214 414 1219 415 1219 416 1219 452 1220 453 1220 454 1220 485 1213 504 1218 505 1218 506 1218 507 1218 507 1218 516 1213 531 1217 532 1217 533 1217 564 1213 576 1219 577 1219 578 1219 652 1217 653 1217 665 1212 712 1217 713 1217 868 1212 877 1216 878 1216 879 1216 880 1216 881 1216 905 1208 905 1199 903 1169 804 1163 803 1163 802 1163 801 1163 794 1168 793 1170 749 1170 747 1168 733 1157 732 1157 731 1157 730 1157 729 1157 711 1167 689 1157 688 1157 687 1157 686 1157 671 1162 632 1158 631 1158 630 1158 611 1166 577 1159 510 1159 509 1159 467 1167 450 1160 449 1160 448 1160 447 1160 434 1168 428 1170 408 1168 383 1164 382 1164 381 1164 380 1164 375 1168 374 1169 366 1168 349 1165 348 1165 347 1165 346 1165 342 1168 335 1172 307 1168 295 1166 294 1166 293 1166 292 1166 290 1168 283 1172 264 1168 261 1167 260 1167 259 1167 258 1167 256 1168 243 1173 225 1168 224 1168 223 1168 222 1168 208 1173 197 1168 187 1162 186 1162 185 1162 147 1167 148 1206"/></Shape>
	    <String CONTENT="Hæc peccata præcedunt iudicium &amp; in¬"
                    HPOS="147"
                    VPOS="1157"
                    WIDTH="758"
                    HEIGHT="65"
                    WC="0.998293381598261"></String>
          </TextLine>

          
          
          <TextLine ID="eSc_line_f4ffdc6d"
                    TAGREFS="LT4176"
                    BASELINE="108 1253 902 1249" 
                    HPOS="107"
                    VPOS="1210"
                    WIDTH="795"
                    HEIGHT="59">
            <Shape><Polygon POINTS="108 1253 108 1263 216 1269 217 1269 218 1269 237 1263 238 1263 240 1263 294 1269 295 1269 296 1269 297 1269 306 1262 307 1262 308 1262 321 1268 322 1268 323 1269 360 1269 360 1268 361 1268 362 1268 369 1262 370 1262 377 1262 475 1268 476 1268 509 1261 514 1261 530 1261 650 1267 651 1267 697 1261 703 1260 707 1260 737 1266 738 1267 738 1266 770 1260 772 1260 774 1260 802 1266 803 1266 901 1259 902 1249 900 1221 853 1221 852 1220 838 1214 837 1214 836 1214 835 1214 823 1220 821 1221 750 1221 744 1219 707 1210 706 1210 706 1210 705 1210 683 1218 680 1219 678 1218 658 1211 657 1211 656 1211 614 1218 603 1219 573 1219 571 1217 562 1211 561 1211 560 1211 559 1211 558 1211 535 1216 507 1211 507 1211 506 1211 494 1216 487 1220 466 1216 454 1214 453 1214 452 1214 446 1216 430 1222 420 1216 414 1212 413 1212 412 1212 382 1212 381 1212 380 1212 372 1215 358 1223 261 1223 245 1214 242 1213 242 1213 241 1213 225 1213 224 1213 223 1213 219 1214 195 1224 163 1224 142 1214 140 1213 139 1213 138 1213 107 1213 108 1253"/></Shape>
	    <String CONTENT="formãt nos quid ſequendum fit &amp; inter exa¬"
                    HPOS="107"
                    VPOS="1210"
                    WIDTH="795"
                    HEIGHT="59"
                    WC="0.957451651262683"></String>
          </TextLine>

          
          
          <TextLine ID="eSc_line_115474d3"
                    TAGREFS="LT4176"
                    BASELINE="109 1302 905 1298" 
                    HPOS="108"
                    VPOS="1258"
                    WIDTH="797"
                    HEIGHT="62">
            <Shape><Polygon POINTS="109 1302 109 1312 253 1320 254 1320 426 1311 443 1318 444 1318 445 1318 446 1318 447 1318 457 1311 524 1318 525 1318 557 1311 583 1318 584 1318 585 1318 676 1315 677 1315 678 1315 684 1310 692 1317 693 1317 694 1317 695 1317 696 1317 721 1310 787 1316 788 1316 789 1316 812 1309 870 1316 871 1316 905 1307 905 1298 904 1267 888 1258 887 1258 837 1258 836 1258 835 1258 819 1264 807 1258 806 1258 805 1258 804 1258 782 1268 781 1269 727 1269 714 1269 701 1268 688 1259 687 1259 686 1259 659 1259 658 1259 657 1259 641 1267 630 1259 629 1259 628 1259 586 1259 585 1259 538 1260 537 1260 536 1260 525 1269 477 1260 476 1260 475 1260 474 1260 461 1271 277 1271 237 1262 236 1262 235 1262 221 1270 209 1263 208 1263 207 1263 206 1263 189 1273 108 1273 109 1302"/></Shape>
	    <String CONTENT="minandum notoria ſæpe fit ruditas, inhabi¬"
                    HPOS="108"
                    VPOS="1258"
                    WIDTH="797"
                    HEIGHT="62"
                    WC="0.982452029273624"></String>
          </TextLine>

          
          
          <TextLine ID="eSc_line_77d32723"
                    TAGREFS="LT4176"
                    BASELINE="105 1351 902 1346" 
                    HPOS="104"
                    VPOS="1307"
                    WIDTH="798"
                    HEIGHT="61">
            <Shape><Polygon POINTS="105 1351 105 1363 191 1368 192 1368 226 1363 227 1363 263 1368 264 1368 346 1362 350 1362 353 1362 393 1368 394 1368 446 1361 451 1361 453 1361 467 1367 468 1367 469 1367 500 1362 581 1367 582 1367 583 1367 604 1360 606 1360 697 1360 712 1366 713 1366 714 1366 715 1366 724 1361 730 1366 731 1366 732 1366 733 1366 776 1360 815 1364 816 1364 817 1364 817 1364 825 1359 827 1359 880 1365 881 1365 882 1365 902 1358 902 1346 900 1316 858 1307 810 1307 809 1307 808 1307 807 1307 796 1315 794 1317 752 1317 750 1315 736 1308 735 1308 734 1308 702 1315 693 1318 578 1318 574 1315 567 1310 566 1310 565 1310 564 1310 563 1310 552 1315 551 1316 549 1315 538 1309 537 1309 536 1309 509 1315 496 1318 483 1315 457 1309 456 1309 403 1310 402 1310 391 1315 386 1317 378 1315 372 1313 371 1313 370 1313 369 1313 368 1313 365 1315 358 1319 340 1315 317 1310 279 1310 278 1310 277 1310 276 1310 269 1315 261 1320 235 1315 215 1311 214 1311 194 1315 166 1320 144 1315 129 1311 128 1311 104 1314 105 1351"/></Shape>
	    <String CONTENT="litas, ſtupor &amp; inſcitia Scripturæ. Id totũ de¬"
                    HPOS="104"
                    VPOS="1307"
                    WIDTH="798"
                    HEIGHT="61"
                    WC="0.974929876625538"></String>
          </TextLine>

          
          
          <TextLine ID="eSc_line_d40f9ff2"
                    TAGREFS="LT4176"
                    BASELINE="98 1400 903 1395" 
                    HPOS="97"
                    VPOS="1359"
                    WIDTH="806"
                    HEIGHT="57">
            <Shape><Polygon POINTS="98 1400 98 1416 121 1412 182 1415 197 1416 198 1416 211 1415 260 1411 309 1414 328 1415 329 1415 330 1415 334 1413 345 1411 412 1413 456 1414 457 1414 458 1414 464 1412 474 1410 518 1412 556 1413 557 1413 579 1411 600 1409 614 1411 633 1413 634 1413 651 1411 661 1409 679 1410 728 1413 728 1413 729 1413 740 1409 742 1409 759 1409 864 1412 865 1412 902 1407 903 1395 900 1362 777 1367 756 1363 731 1359 644 1359 643 1359 642 1359 641 1359 634 1365 629 1368 597 1365 568 1363 567 1363 566 1363 565 1363 561 1366 557 1368 552 1366 535 1360 534 1360 488 1360 487 1360 486 1360 473 1367 470 1368 376 1369 373 1368 361 1361 360 1361 359 1361 358 1361 357 1361 339 1368 338 1368 331 1363 330 1363 329 1363 275 1361 274 1361 273 1361 255 1369 252 1371 160 1371 159 1370 146 1362 145 1362 144 1362 117 1362 116 1362 115 1362 97 1369 98 1400"/></Shape>
	    <String CONTENT="ducit te ad certam criſin. In aliis latent, atta¬"
                    HPOS="97"
                    VPOS="1359"
                    WIDTH="806"
                    HEIGHT="57"
                    WC="0.984347196257844"></String>
          </TextLine>

          
          
          <TextLine ID="eSc_line_6afc5b04"
                    TAGREFS="LT4176"
                    BASELINE="95 1449 902 1443" 
                    HPOS="95"
                    VPOS="1406"
                    WIDTH="807"
                    HEIGHT="62">
            <Shape><Polygon POINTS="95 1449 96 1468 115 1461 194 1467 217 1468 218 1468 219 1468 222 1466 233 1460 355 1464 419 1466 420 1466 421 1466 422 1466 426 1463 433 1459 464 1462 483 1464 484 1464 485 1464 489 1462 498 1458 505 1462 507 1463 508 1463 509 1463 527 1461 558 1458 576 1461 605 1465 606 1465 607 1465 620 1460 621 1460 626 1460 702 1464 703 1464 704 1464 722 1458 728 1457 751 1458 856 1463 857 1463 901 1456 902 1443 900 1417 870 1416 856 1406 855 1406 854 1406 853 1406 852 1406 839 1412 796 1407 795 1407 794 1407 794 1407 780 1415 771 1409 770 1409 769 1409 737 1407 736 1407 735 1407 713 1417 688 1407 687 1407 646 1407 645 1407 644 1407 625 1415 590 1408 589 1408 588 1408 587 1408 569 1418 509 1418 491 1409 490 1409 472 1409 471 1409 470 1409 469 1409 455 1419 405 1414 404 1414 372 1419 357 1410 356 1410 355 1410 252 1410 251 1410 250 1410 230 1419 211 1413 210 1413 209 1413 208 1413 193 1421 192 1422 99 1422 95 1449"/></Shape>
	    <String CONTENT="men poſt criſin produntur, vt ſuperbia &amp; ar¬"
                    HPOS="95"
                    VPOS="1406"
                    WIDTH="807"
                    HEIGHT="62"
                    WC="0.974018694324927"></String>
          </TextLine>

          
          
          <TextLine ID="eSc_line_6163bd8b"
                    TAGREFS="LT4176"
                    BASELINE="97 1498 905 1494" 
                    HPOS="96"
                    VPOS="1457"
                    WIDTH="809"
                    HEIGHT="62">
            <Shape><Polygon POINTS="97 1498 97 1509 120 1509 139 1518 140 1518 141 1519 170 1519 170 1518 171 1518 172 1518 184 1509 219 1510 229 1518 230 1518 231 1518 232 1519 288 1519 288 1518 331 1508 362 1508 379 1517 380 1517 381 1518 429 1518 429 1517 430 1517 460 1508 485 1517 486 1517 487 1517 548 1507 574 1516 575 1516 576 1517 653 1517 653 1516 654 1516 679 1508 694 1513 695 1513 696 1513 725 1506 747 1513 748 1513 749 1513 750 1513 769 1506 805 1513 806 1513 807 1513 808 1513 817 1507 873 1511 874 1511 905 1504 905 1494 903 1463 859 1457 858 1457 857 1457 856 1457 847 1463 843 1466 828 1466 824 1463 811 1457 810 1457 809 1457 808 1457 784 1463 778 1465 775 1463 761 1457 760 1457 739 1457 738 1457 737 1457 723 1464 720 1466 621 1466 604 1465 531 1457 530 1457 529 1457 501 1465 490 1458 489 1458 488 1458 456 1458 455 1458 400 1466 393 1467 391 1466 376 1458 375 1458 350 1458 349 1458 348 1458 330 1467 328 1468 207 1468 205 1468 189 1459 188 1459 187 1459 143 1468 141 1468 129 1459 128 1459 127 1459 108 1459 107 1459 106 1459 105 1459 96 1465 97 1498"/></Shape>
	    <String CONTENT="rogãtia, quæ ſe prodit, ſi hypocrita fuerit ad¬"
                    HPOS="96"
                    VPOS="1457"
                    WIDTH="809"
                    HEIGHT="62"></String>
          </TextLine>

          
          
          <TextLine ID="eSc_line_8e886c9f"
                    TAGREFS="LT4176"
                    BASELINE="99 1547 904 1543" 
                    HPOS="98"
                    VPOS="1506"
                    WIDTH="806"
                    HEIGHT="75">
            <Shape><Polygon POINTS="99 1547 99 1569 168 1567 174 1570 183 1575 184 1575 185 1575 186 1575 187 1575 194 1570 198 1567 217 1570 241 1573 242 1573 242 1573 250 1570 260 1567 335 1567 344 1570 348 1572 349 1572 350 1572 362 1570 386 1567 394 1570 412 1581 413 1581 414 1581 463 1577 463 1577 476 1570 481 1568 486 1570 511 1580 512 1580 513 1581 564 1581 564 1580 565 1580 593 1571 596 1570 598 1571 624 1579 625 1579 626 1580 661 1580 661 1579 662 1579 662 1579 670 1573 678 1579 679 1579 680 1579 681 1579 797 1578 798 1578 799 1578 808 1571 814 1567 822 1571 834 1577 835 1577 836 1577 837 1577 855 1571 872 1567 881 1571 884 1574 885 1574 886 1574 887 1574 904 1571 904 1543 901 1513 843 1515 839 1513 821 1506 820 1506 774 1506 773 1506 772 1506 748 1514 741 1516 735 1514 724 1510 723 1510 722 1510 683 1515 677 1515 676 1515 666 1508 665 1508 664 1508 663 1508 603 1515 596 1516 591 1516 538 1508 537 1508 536 1508 515 1516 512 1517 498 1517 440 1513 439 1513 415 1517 409 1518 403 1517 351 1509 350 1509 349 1509 348 1509 335 1518 334 1519 316 1519 316 1518 297 1509 296 1509 295 1509 233 1519 232 1519 231 1519 208 1510 207 1510 171 1510 170 1510 169 1510 148 1520 98 1520 99 1547"/></Shape>
	    <String CONTENT="miſſus, nã veſtis virum faciet, &amp; magiſtratus"
                    HPOS="98"
                    VPOS="1506"
                    WIDTH="806"
                    HEIGHT="75"
                    WC="0.979650897824246"></String>
          </TextLine>

          
        </TextBlock>
        

        
      </PrintSpace>
    </Page>
  </Layout>
</alto>
