<?xml version="1.0" encoding="UTF-8"?>
<alto xmlns:xsi="http://www.w3.org/2001/XMLSchema-instance"
      xmlns="http://www.loc.gov/standards/alto/ns-v4#"
      xsi:schemaLocation="http://www.loc.gov/standards/alto/ns-v4# http://www.loc.gov/standards/alto/v4/alto-4-2.xsd">
  <Description>
    <MeasurementUnit>pixel</MeasurementUnit>
    <sourceImageInformation>
      <fileName>page_00073.png</fileName>
      
    </sourceImageInformation>
  </Description>
  
  <Tags>
    <OtherTag ID="BT10635" LABEL="NumberingZone" DESCRIPTION="block type NumberingZone"/><OtherTag ID="BT10634" LABEL="DropCapitalZone" DESCRIPTION="block type DropCapitalZone"/><OtherTag ID="BT10633" LABEL="GraphicZone" DESCRIPTION="block type GraphicZone"/><OtherTag ID="BT10632" LABEL="RunningTitleZone" DESCRIPTION="block type RunningTitleZone"/><OtherTag ID="BT10631" LABEL="QuireMarksZone" DESCRIPTION="block type QuireMarksZone"/><OtherTag ID="BT10630" LABEL="MarginTextZone" DESCRIPTION="block type MarginTextZone"/><OtherTag ID="BT10629" LABEL="MainZone" DESCRIPTION="block type MainZone"/>
    <OtherTag ID="LT4179" LABEL="default" DESCRIPTION="line type default"/><OtherTag ID="LT4178" LABEL="CustomLine : BiblicalText" DESCRIPTION="line type CustomLine : BiblicalText"/><OtherTag ID="LT4177" LABEL="HeadingLine" DESCRIPTION="line type HeadingLine"/><OtherTag ID="LT4176" LABEL="DefaultLine" DESCRIPTION="line type DefaultLine"/>
  </Tags>
  
  <Layout>
    <Page WIDTH="1095"
          HEIGHT="1718"
          PHYSICAL_IMG_NR="3"
          ID="eSc_dummypage_">
      <PrintSpace HPOS="0"
                  VPOS="0"
                  WIDTH="1095"
                  HEIGHT="1718">
        
        <TextBlock HPOS="184"
                   VPOS="69"
                   WIDTH="44"
                   HEIGHT="30"
                   ID="eSc_textblock_8b90a5e3"
                   TAGREFS="BT10635">
          <Shape><Polygon POINTS="184 69 184 99 203 99 228 99 228 69"/></Shape>
          
          
          <TextLine ID="eSc_line_6aa831b7"
                    TAGREFS="LT4176"
                    BASELINE="196 96 207 93 211 94 224 97" 
                    HPOS="193"
                    VPOS="70"
                    WIDTH="30"
                    HEIGHT="43">
            <Shape><Polygon POINTS="206 70 193 70 194 95 194 113 223 108 223 95 222 70 220 70"/></Shape>
	    <String CONTENT="4"
                    HPOS="193"
                    VPOS="70"
                    WIDTH="30"
                    HEIGHT="43"></String>
          </TextLine>

          
        </TextBlock>
        
        <TextBlock HPOS="327"
                   VPOS="43"
                   WIDTH="513"
                   HEIGHT="56"
                   ID="block_1"
                   TAGREFS="BT10632">
          <Shape><Polygon POINTS="840 43 840 99 327 99 327 43"/></Shape>
          
          
          <TextLine ID="eSc_line_78cafd49"
                    TAGREFS="LT4177"
                    BASELINE="346 85 819 88" 
                    HPOS="345"
                    VPOS="53"
                    WIDTH="474"
                    HEIGHT="49">
            <Shape><Polygon POINTS="803 55 795 53 789 56 775 53 765 53 756 53 750 53 729 56 723 56 715 56 688 53 679 53 670 53 660 53 651 53 641 53 634 53 618 55 610 55 605 54 598 53 593 53 584 53 574 53 566 53 562 54 556 55 545 54 537 53 536 53 526 53 517 53 507 53 504 55 501 53 498 53 488 53 479 53 472 53 466 54 406 53 402 53 393 53 383 53 374 53 364 53 355 53 346 53 346 85 345 100 817 102 819 88 819 59 813 58"/></Shape>
	    <String CONTENT="PROLEGOMENA"
                    HPOS="345"
                    VPOS="53"
                    WIDTH="474"
                    HEIGHT="49"
                    WC="0.999752196398648"></String>
          </TextLine>

          
        </TextBlock>
        
        <TextBlock HPOS="177"
                   VPOS="106"
                   WIDTH="838"
                   HEIGHT="1437"
                   ID="block_0"
                   TAGREFS="BT10629">
          <Shape><Polygon POINTS="1015 106 1015 1543 177 1543 177 106"/></Shape>
          
          
          <TextLine ID="eSc_line_ecffdf22"
                    TAGREFS="LT4176"
                    BASELINE="190 146 1010 148" 
                    HPOS="189"
                    VPOS="102"
                    WIDTH="821"
                    HEIGHT="65">
            <Shape><Polygon POINTS="991 115 982 114 972 113 963 113 953 112 944 111 934 110 925 109 909 114 908 114 887 107 886 107 885 107 884 107 874 114 873 115 842 115 842 114 821 104 820 104 819 104 789 109 761 104 760 104 646 113 643 113 619 103 618 103 617 103 550 104 549 104 548 104 540 110 528 104 527 104 526 104 505 111 452 102 451 102 385 107 357 102 356 102 311 112 310 112 308 112 272 102 271 102 270 102 227 112 223 112 190 112 190 146 189 158 200 165 201 165 202 165 203 166 283 166 283 165 311 159 355 165 356 165 404 159 410 159 420 159 504 166 505 167 555 167 555 166 556 166 557 166 565 161 566 160 568 161 574 166 575 166 576 166 577 166 598 161 605 160 626 161 680 166 681 166 723 163 744 161 755 163 776 167 777 167 829 164 871 161 883 164 892 167 893 167 894 167 906 164 918 162 1008 165 1010 148 1007 138 1001 116"/></Shape>
	    <String CONTENT="quidem fuiſſe, ſed eruditum &amp; ad miniſte¬"
                    HPOS="189"
                    VPOS="102"
                    WIDTH="821"
                    HEIGHT="65"
                    WC="0.987978734621188"></String>
          </TextLine>

          
          
          <TextLine ID="eSc_line_62d20355"
                    TAGREFS="LT4176"
                    BASELINE="189 198 838 196" 
                    HPOS="188"
                    VPOS="159"
                    WIDTH="650"
                    HEIGHT="63">
            <Shape><Polygon POINTS="189 198 189 209 245 209 247 209 265 215 266 215 267 215 268 215 279 209 280 209 286 209 322 214 323 214 324 214 337 210 340 209 343 210 369 221 370 221 371 222 456 222 456 221 457 221 486 211 490 210 493 211 510 220 511 220 512 221 592 221 592 220 593 220 594 220 603 212 608 209 616 212 633 220 634 220 635 220 636 220 652 213 661 209 729 209 742 213 758 218 758 218 759 218 778 214 789 211 798 214 806 217 807 217 808 217 809 217 814 214 821 210 836 214 838 196 836 169 789 160 788 160 737 168 704 163 703 163 702 163 701 163 694 169 653 169 641 159 640 159 639 159 619 159 618 159 617 159 616 159 605 168 575 164 574 164 549 168 514 159 513 159 512 159 511 159 484 167 477 163 476 163 475 163 474 163 473 163 472 163 465 167 455 160 454 160 453 160 433 160 432 160 431 160 430 160 420 167 371 165 370 165 369 165 368 165 361 169 337 160 336 160 280 160 279 160 278 160 277 160 271 166 197 166 196 166 195 166 194 166 188 168 189 198"/></Shape>
	    <String CONTENT="rium Euangelicum aptiſsimum, &amp;c."
                    HPOS="188"
                    VPOS="159"
                    WIDTH="650"
                    HEIGHT="63"
                    WC="0.987630726769567"></String>
          </TextLine>

          
          
          <TextLine ID="eSc_line_abc5d952"
                    TAGREFS="LT4178"
                    BASELINE="505 272 687 270" 
                    HPOS="503"
                    VPOS="219"
                    WIDTH="184"
                    HEIGHT="77">
            <Shape><Polygon POINTS="505 284 525 295 526 295 526 296 544 296 544 295 545 295 546 295 566 282 567 282 579 282 592 293 592 294 593 294 594 294 595 295 616 295 616 294 617 294 635 285 653 293 654 293 655 293 656 293 657 293 657 292 668 281 686 281 687 270 685 231 672 226 671 226 670 226 669 226 661 230 650 219 649 219 648 219 625 219 624 219 623 219 622 219 604 233 603 233 590 233 555 231 546 222 546 221 545 221 544 221 518 221 517 221 516 221 515 221 503 230 505 272"/></Shape>
	    <String CONTENT="Oecaſio."
                    HPOS="503"
                    VPOS="219"
                    WIDTH="184"
                    HEIGHT="77"
                    WC="0.997718028724194"></String>
          </TextLine>

          
          
          <TextLine ID="eSc_line_9810e19b"
                    TAGREFS="LT4176"
                    BASELINE="239 342 664 339 1003 342" 
                    HPOS="238"
                    VPOS="297"
                    WIDTH="765"
                    HEIGHT="61">
            <Shape><Polygon POINTS="992 310 983 304 973 300 964 300 957 300 917 309 823 309 811 298 810 298 809 298 808 298 785 303 743 297 742 297 741 297 740 297 726 306 686 297 685 297 684 297 683 297 669 309 650 309 622 297 621 297 620 297 619 297 592 308 571 297 570 297 410 297 409 297 408 297 379 309 341 309 323 299 315 300 310 300 294 309 239 309 238 311 239 342 239 350 304 350 307 351 319 357 320 357 321 357 393 356 394 356 395 356 400 352 404 350 454 350 460 353 475 357 476 357 477 357 478 357 494 353 500 352 524 353 560 356 561 356 562 356 568 354 580 350 678 350 688 355 692 357 693 357 694 357 694 357 742 356 834 351 849 356 852 357 853 357 854 358 1003 358 1003 342 999 314 992 310"/></Shape>
	    <String CONTENT="I. Cura &amp; ſolicitudo Apoſtolo extorſit"
                    HPOS="238"
                    VPOS="297"
                    WIDTH="765"
                    HEIGHT="61"
                    WC="0.993492532717554"></String>
          </TextLine>

          
          
          <TextLine ID="eSc_line_bf4986f0"
                    TAGREFS="LT4176"
                    BASELINE="189 390 998 390" 
                    HPOS="189"
                    VPOS="351"
                    WIDTH="809"
                    HEIGHT="54">
            <Shape><Polygon POINTS="189 390 189 405 998 404 998 390 998 356 985 352 984 352 983 352 954 356 941 358 936 356 923 351 922 351 921 351 893 356 884 358 878 356 862 351 861 351 860 351 832 356 797 351 796 351 770 356 762 359 654 359 650 357 627 351 626 351 625 351 624 351 609 357 607 358 605 357 594 351 593 351 592 351 591 351 558 356 531 351 439 351 438 351 437 351 436 351 425 358 424 359 317 359 316 358 297 351 296 351 262 351 261 351 260 351 259 351 249 358 248 359 189 359 189 390"/></Shape>
	    <String CONTENT="occaſionem ſeribendi hanc epiſtolam: id"
                    HPOS="189"
                    VPOS="351"
                    WIDTH="809"
                    HEIGHT="54"
                    WC="0.995064295255221"></String>
          </TextLine>

          
          
          <TextLine ID="eSc_line_30e3bf21"
                    TAGREFS="LT4176"
                    BASELINE="189 439 997 439" 
                    HPOS="189"
                    VPOS="401"
                    WIDTH="808"
                    HEIGHT="59">
            <Shape><Polygon POINTS="189 439 189 451 206 460 207 460 208 460 271 452 274 452 279 452 315 457 316 457 339 453 345 452 350 453 372 460 373 460 374 460 402 455 425 460 426 460 427 460 443 454 450 452 472 454 505 458 505 458 522 455 528 454 530 455 536 460 537 460 538 460 539 460 561 455 578 452 665 452 688 457 699 459 700 459 701 459 706 457 716 453 729 457 737 460 737 460 738 460 739 460 744 458 752 453 766 458 773 460 774 460 775 460 899 460 899 460 904 459 935 453 950 460 951 460 952 460 953 460 997 460 997 439 997 411 900 411 879 404 878 404 877 404 807 410 779 403 779 403 778 403 736 410 725 403 724 403 723 403 722 403 667 410 623 401 622 401 621 401 605 410 568 410 553 402 552 402 551 402 550 402 533 407 526 401 526 401 525 401 480 401 479 401 438 410 409 401 408 401 344 401 343 401 303 410 292 401 291 401 290 401 234 401 233 401 189 410 189 439"/></Shape>
	    <String CONTENT="quod colligi poteſt partim ex capite primo"
                    HPOS="189"
                    VPOS="401"
                    WIDTH="808"
                    HEIGHT="59"
                    WC="0.995280173562822"></String>
          </TextLine>

          
          
          <TextLine ID="eSc_line_334606c0"
                    TAGREFS="LT4176"
                    BASELINE="188 490 1002 490" 
                    HPOS="188"
                    VPOS="450"
                    WIDTH="814"
                    HEIGHT="58">
            <Shape><Polygon POINTS="188 504 284 501 335 505 362 507 363 507 364 507 369 505 378 501 452 501 469 505 477 507 478 507 479 508 543 508 543 507 544 507 548 505 555 502 576 505 593 507 594 507 604 505 623 501 632 505 637 507 638 507 639 507 640 507 641 507 643 505 651 501 705 501 772 505 801 507 802 508 980 508 980 507 981 507 982 507 984 505 989 502 1000 505 1002 490 1002 460 969 460 968 460 950 450 949 450 909 450 908 450 907 450 885 459 883 460 859 459 806 455 805 455 804 455 798 458 794 459 791 458 772 450 771 450 770 450 769 450 755 457 750 460 744 457 733 451 732 451 731 451 730 451 729 451 721 457 715 460 635 460 622 455 608 450 607 450 606 450 605 450 592 455 589 457 482 460 471 453 467 450 466 450 465 450 347 450 346 450 345 450 341 452 332 456 316 451 312 450 311 450 310 450 309 450 308 450 307 451 296 459 275 459 240 450 236 450 235 450 234 450 233 450 219 459 189 450 188 490 188 504"/></Shape>
	    <String CONTENT="huius epiſtolæ, partim ex Act.20. Nam"
                    HPOS="188"
                    VPOS="450"
                    WIDTH="814"
                    HEIGHT="58"></String>
          </TextLine>

          
          
          <TextLine ID="eSc_line_a03c010b"
                    TAGREFS="LT4176"
                    BASELINE="191 539 1001 537" 
                    HPOS="190"
                    VPOS="498"
                    WIDTH="811"
                    HEIGHT="61">
            <Shape><Polygon POINTS="191 539 191 559 230 550 297 550 319 558 320 558 321 558 322 558 323 558 335 550 430 550 442 558 443 558 444 558 445 559 466 559 466 558 467 558 483 552 518 556 519 556 520 556 521 556 529 550 562 550 573 555 574 555 575 555 576 555 597 549 645 557 646 557 647 557 648 557 657 549 674 554 675 554 676 554 702 549 714 557 715 557 715 557 716 558 761 558 761 557 762 557 763 557 771 551 793 557 794 557 795 557 796 557 821 551 831 557 832 557 833 557 834 558 919 558 919 557 920 557 921 557 938 550 999 556 1001 537 999 508 943 499 942 499 941 499 916 507 897 499 896 499 895 499 894 499 881 504 847 501 846 501 817 507 816 507 800 498 800 498 799 498 798 498 757 507 755 507 745 507 722 506 712 498 711 498 710 498 709 498 612 507 594 508 589 507 564 499 563 499 547 499 546 499 545 499 544 499 532 506 530 508 528 506 513 499 512 499 511 499 487 503 466 500 465 500 464 500 447 506 438 499 437 499 436 499 435 499 434 499 420 506 416 508 400 506 379 503 378 503 339 506 333 506 332 506 315 499 314 499 313 499 190 505 191 539"/></Shape>
	    <String CONTENT="profecturus Apoſtolus in Macedoniam, E¬"
                    HPOS="190"
                    VPOS="498"
                    WIDTH="811"
                    HEIGHT="61"
                    WC="0.977633893489838"></String>
          </TextLine>

          
          
          <TextLine ID="eSc_line_659a0cce"
                    TAGREFS="LT4176"
                    BASELINE="187 588 679 586 1000 590" 
                    HPOS="187"
                    VPOS="548"
                    WIDTH="813"
                    HEIGHT="58">
            <Shape><Polygon POINTS="187 588 187 605 229 604 230 604 241 598 309 605 310 605 342 599 388 605 389 605 390 605 403 598 610 598 626 603 627 603 628 603 678 598 723 605 724 605 725 605 743 598 763 605 764 605 765 605 813 598 823 605 824 605 825 605 826 606 910 606 910 605 911 605 924 600 998 605 1000 590 999 559 948 559 933 548 932 548 931 548 930 548 910 549 909 549 908 549 896 558 838 555 829 548 828 548 827 548 826 548 784 558 721 553 720 553 695 558 688 553 687 553 686 553 685 553 647 558 623 548 622 548 621 548 537 554 484 548 483 548 441 558 354 548 353 548 315 555 270 548 269 548 268 548 250 556 219 548 218 548 217 548 216 548 187 558 187 588"/></Shape>
	    <String CONTENT="pheſi reliquerat Timotheum: cauſa rei fuit,"
                    HPOS="187"
                    VPOS="548"
                    WIDTH="813"
                    HEIGHT="58"
                    WC="0.983375852884248"></String>
          </TextLine>

          
          
          <TextLine ID="eSc_line_ab1bac98"
                    TAGREFS="LT4176"
                    BASELINE="189 635 1001 640" 
                    HPOS="188"
                    VPOS="595"
                    WIDTH="813"
                    HEIGHT="62">
            <Shape><Polygon POINTS="189 635 188 646 200 652 201 652 202 652 237 647 285 647 337 647 343 647 388 653 389 653 390 653 401 648 402 648 404 648 422 653 423 653 424 653 502 649 523 649 526 649 535 654 536 654 537 654 538 654 555 650 563 649 674 649 706 652 730 655 889 656 890 656 897 655 918 650 927 655 927 656 928 656 929 656 930 657 1000 657 1001 640 1000 610 842 610 840 608 829 601 828 601 827 601 826 601 766 602 765 602 751 607 749 609 694 609 692 607 687 604 686 604 685 604 684 604 683 604 672 607 671 607 665 603 664 603 663 603 662 603 640 607 636 607 634 607 610 597 609 597 566 597 565 597 564 597 563 597 548 607 547 607 537 607 501 600 500 600 499 600 482 605 467 596 466 596 465 596 392 596 391 596 390 596 368 603 351 595 350 595 246 595 245 595 223 597 222 597 221 597 212 604 209 606 189 604 189 635"/></Shape>
	    <String CONTENT="vt illic ſubſiſtens reſiſteret νομοδιδασκάλοις,"
                    HPOS="188"
                    VPOS="595"
                    WIDTH="813"
                    HEIGHT="62"></String>
          </TextLine>

          
          
          <TextLine ID="eSc_line_68900841"
                    TAGREFS="LT4176"
                    BASELINE="186 685 1001 687" 
                    HPOS="185"
                    VPOS="646"
                    WIDTH="816"
                    HEIGHT="61">
            <Shape><Polygon POINTS="186 685 185 700 221 705 222 705 244 700 255 698 258 700 264 705 265 705 266 705 267 706 336 706 336 705 337 705 354 700 358 699 364 700 387 705 388 705 421 700 423 700 426 700 476 705 477 705 478 705 488 700 491 698 493 700 498 704 499 704 500 704 501 704 534 700 547 698 550 700 555 703 556 703 557 703 558 703 746 700 766 705 767 705 768 705 769 705 781 699 782 699 844 699 860 706 861 706 862 707 961 707 961 706 962 706 974 699 975 699 1000 699 1001 687 1000 658 972 658 971 657 951 647 950 647 919 647 918 647 917 647 916 647 905 654 880 649 879 649 878 649 864 655 855 650 854 650 853 650 852 650 836 657 835 658 765 658 765 657 750 649 749 649 748 649 747 649 726 656 715 649 715 649 714 649 688 647 687 647 621 657 617 657 615 657 589 646 589 646 496 646 495 646 494 646 475 654 424 650 423 650 422 650 421 650 414 656 413 657 297 657 296 656 281 646 280 646 279 646 218 646 217 646 216 646 186 655 186 685"/></Shape>
	    <String CONTENT="aliíſque corruptelis ſanæ doctrinæ. Vide¬"
                    HPOS="185"
                    VPOS="646"
                    WIDTH="816"
                    HEIGHT="61"></String>
          </TextLine>

          
          
          <TextLine ID="eSc_line_bd851dca"
                    TAGREFS="LT4176"
                    BASELINE="186 735 998 737" 
                    HPOS="186"
                    VPOS="696"
                    WIDTH="812"
                    HEIGHT="58">
            <Shape><Polygon POINTS="186 735 186 751 217 747 239 751 250 753 251 753 261 751 276 748 344 751 405 753 406 753 420 750 434 747 445 750 451 752 452 752 453 752 454 752 455 752 458 750 463 747 532 747 538 750 541 752 542 752 543 752 613 754 614 754 670 754 670 754 671 754 672 754 678 749 680 748 704 749 808 754 809 754 838 749 852 754 853 754 854 754 855 754 875 748 877 748 880 748 921 754 922 754 923 754 941 748 962 754 963 754 964 754 997 747 998 737 997 708 925 708 925 707 891 697 890 697 889 697 866 702 837 697 836 697 835 697 806 707 805 707 773 697 772 697 771 697 715 706 703 697 702 697 701 697 591 696 563 696 562 696 561 696 531 706 531 707 505 707 504 706 492 697 491 697 490 697 489 697 488 697 466 705 449 696 448 696 447 696 446 696 421 706 420 707 400 707 400 706 381 696 380 696 379 696 315 706 310 706 186 706 186 735"/></Shape>
	    <String CONTENT="rat enimi Apoſtolus vbique ſinceræ doctrinæ"
                    HPOS="186"
                    VPOS="696"
                    WIDTH="812"
                    HEIGHT="58"
                    WC="0.986157151155694"></String>
          </TextLine>

          
          
          <TextLine ID="eSc_line_6f60d79d"
                    TAGREFS="LT4176"
                    BASELINE="186 785 995 785" 
                    HPOS="186"
                    VPOS="748"
                    WIDTH="809"
                    HEIGHT="54">
            <Shape><Polygon POINTS="186 785 186 796 275 796 285 802 286 802 287 802 288 802 320 796 345 802 346 802 347 802 348 802 366 797 394 802 395 802 425 797 574 802 575 802 611 796 658 802 659 802 660 802 661 802 669 797 734 802 735 802 736 802 737 802 745 796 904 802 905 802 905 802 926 796 962 802 963 802 995 796 995 785 995 758 947 752 947 752 946 752 935 757 933 758 867 758 864 756 854 748 853 748 852 748 851 748 850 748 821 755 808 748 807 748 806 748 736 748 735 748 734 748 733 748 722 754 718 756 708 754 695 752 694 752 694 752 686 754 675 757 667 754 662 752 661 752 660 752 652 754 638 756 631 754 618 748 617 748 588 748 587 748 565 753 541 758 487 758 470 751 462 748 461 748 405 748 404 748 403 748 399 750 384 757 337 757 327 751 326 751 325 751 324 751 272 757 260 750 259 750 258 750 257 750 256 750 236 756 216 748 215 748 186 748 186 785"/></Shape>
	    <String CONTENT="Satanam inſidiari, vt illam vel Moſaicis ce¬"
                    HPOS="186"
                    VPOS="748"
                    WIDTH="809"
                    HEIGHT="54"
                    WC="0.982086726210334"></String>
          </TextLine>

          
          
          <TextLine ID="eSc_line_9db84475"
                    TAGREFS="LT4176"
                    BASELINE="185 836 994 834" 
                    HPOS="184"
                    VPOS="797"
                    WIDTH="810"
                    HEIGHT="57">
            <Shape><Polygon POINTS="185 836 185 846 204 852 205 852 206 852 207 852 208 852 214 846 216 846 221 846 255 851 256 851 257 851 273 846 276 846 278 846 294 853 294 853 295 853 337 847 344 846 394 846 397 847 414 853 415 853 416 853 471 847 474 847 509 847 510 847 522 853 523 853 524 854 585 854 585 853 586 853 595 848 635 852 636 852 662 847 673 845 702 845 707 847 716 852 717 852 718 852 756 847 775 845 823 845 828 847 839 852 840 852 841 852 993 847 994 834 993 807 960 797 959 797 958 797 923 802 880 797 879 797 878 797 855 807 854 808 817 808 816 807 801 797 800 797 800 797 735 797 734 797 733 797 720 804 696 797 695 797 694 797 650 807 600 801 599 801 552 808 547 808 547 808 525 798 524 798 451 798 450 798 449 798 418 808 417 809 263 809 263 808 238 799 237 799 236 799 184 808 185 836"/></Shape>
	    <String CONTENT="remoniis contaminaret, vel deliriis Philo¬"
                    HPOS="184"
                    VPOS="797"
                    WIDTH="810"
                    HEIGHT="57"
                    WC="0.979658393632798"></String>
          </TextLine>

          
          
          <TextLine ID="eSc_line_bdd5cf7a"
                    TAGREFS="LT4176"
                    BASELINE="184 886 991 884" 
                    HPOS="183"
                    VPOS="844"
                    WIDTH="808"
                    HEIGHT="58">
            <Shape><Polygon POINTS="184 886 184 900 380 896 476 900 513 902 514 902 515 902 521 900 536 897 554 900 563 902 564 902 565 902 568 900 577 896 601 900 602 900 633 895 652 901 652 901 653 901 654 901 657 901 685 895 789 895 807 901 808 901 809 901 814 901 897 896 989 901 991 884 989 855 935 850 934 850 892 853 869 855 865 853 854 844 853 844 852 844 688 844 687 844 686 844 685 844 676 851 670 856 628 856 610 850 590 844 589 844 589 844 588 844 587 844 580 849 578 851 573 849 561 845 560 845 559 845 558 845 548 849 533 856 516 849 507 845 506 845 505 845 505 845 496 848 481 855 471 848 467 845 466 845 465 845 448 845 447 845 446 845 445 845 442 848 436 852 400 848 399 848 398 848 373 857 278 857 261 845 260 845 259 845 258 845 254 845 235 850 183 845 184 886"/></Shape>
	    <String CONTENT="ſophicis. Sic Galatæ ſemi-Iudæi facti erant"
                    HPOS="183"
                    VPOS="844"
                    WIDTH="808"
                    HEIGHT="58"
                    WC="0.980473123317541"></String>
          </TextLine>

          
          
          <TextLine ID="eSc_line_6a5e11f3"
                    TAGREFS="LT4176"
                    BASELINE="185 936 989 932" 
                    HPOS="184"
                    VPOS="894"
                    WIDTH="805"
                    HEIGHT="59">
            <Shape><Polygon POINTS="185 936 185 947 289 947 317 953 318 953 379 946 386 945 394 945 454 952 455 952 456 952 470 945 471 945 474 945 524 951 525 951 526 951 541 945 554 949 555 949 556 949 599 944 606 944 607 944 618 951 619 951 620 951 681 945 708 951 709 951 710 951 723 946 787 951 788 951 856 950 857 950 858 950 865 945 949 950 950 950 989 942 989 932 988 905 888 905 839 894 838 894 787 905 752 895 751 895 679 895 678 895 677 895 664 901 651 898 650 898 649 898 648 898 622 906 579 906 463 896 463 896 462 896 437 907 357 907 319 897 318 897 261 897 260 897 259 897 243 902 215 897 214 897 213 897 184 908 185 936"/></Shape>
	    <String CONTENT="admiiſſa circunciſione : apud Corinthios ve¬"
                    HPOS="184"
                    VPOS="894"
                    WIDTH="805"
                    HEIGHT="59"
                    WC="0.986243659799749"></String>
          </TextLine>

          
          
          <TextLine ID="eSc_line_674682e7"
                    TAGREFS="LT4176"
                    BASELINE="185 985 992 983" 
                    HPOS="184"
                    VPOS="945"
                    WIDTH="808"
                    HEIGHT="57">
            <Shape><Polygon POINTS="185 985 185 996 203 1002 204 1002 205 1002 206 1002 218 997 220 996 224 997 248 1001 249 1001 301 997 317 996 324 997 347 1002 348 1002 383 997 397 995 534 995 541 998 547 1001 547 1001 548 1001 549 1001 559 998 571 995 707 995 715 999 720 1001 721 1001 722 1001 735 999 753 996 763 999 765 1000 766 1000 767 1000 768 1000 770 999 781 994 794 999 796 1000 797 1000 798 1001 991 1001 992 983 990 955 898 955 898 954 885 948 884 948 884 948 883 948 882 948 874 954 849 949 848 949 762 954 758 954 758 954 729 945 728 945 727 945 707 946 706 946 705 946 694 954 693 956 651 956 647 954 623 946 622 946 621 946 569 951 523 946 522 946 521 946 499 954 495 955 491 954 468 946 467 946 466 946 465 946 449 952 412 947 411 947 410 947 409 947 400 954 399 954 397 954 370 947 369 947 368 947 352 954 346 957 272 957 267 954 263 951 262 951 261 951 260 951 259 951 253 954 251 955 247 954 229 947 228 947 227 947 184 953 185 985"/></Shape>
	    <String CONTENT="rò, more Ethnico ferebant ſcortatores, in¬"
                    HPOS="184"
                    VPOS="945"
                    WIDTH="808"
                    HEIGHT="57"
                    WC="0.968301183955614"></String>
          </TextLine>

          
          
          <TextLine ID="eSc_line_d8e9f58d"
                    TAGREFS="LT4176"
                    BASELINE="184 1032 996 1034" 
                    HPOS="183"
                    VPOS="993"
                    WIDTH="813"
                    HEIGHT="59">
            <Shape><Polygon POINTS="184 1032 183 1042 204 1050 205 1050 206 1051 271 1051 271 1050 272 1050 291 1044 315 1050 315 1050 316 1050 317 1050 343 1044 344 1044 355 1050 356 1050 357 1050 357 1050 432 1045 451 1044 599 1044 604 1047 612 1051 613 1051 614 1051 640 1047 655 1045 689 1045 694 1047 698 1051 699 1051 700 1051 701 1052 800 1052 800 1051 801 1051 807 1048 818 1045 833 1049 842 1051 842 1051 843 1051 844 1051 849 1049 860 1045 994 1050 996 1034 996 1005 947 998 946 998 901 1003 880 994 879 994 878 994 840 1004 761 1004 748 994 747 994 746 994 689 994 688 994 687 994 652 1003 652 1004 611 1004 611 1003 589 993 589 993 588 993 552 999 538 993 537 993 536 993 497 1002 480 993 479 993 400 993 399 993 398 993 378 1002 378 1003 349 1003 348 1002 314 993 313 993 312 993 311 993 288 1002 281 996 280 996 279 996 278 996 230 998 210 993 209 993 208 993 207 993 184 1001 184 1032"/></Shape>
	    <String CONTENT="ceſtuoſos, ebrios in Cœna Domini, &amp; qui"
                    HPOS="183"
                    VPOS="993"
                    WIDTH="813"
                    HEIGHT="59"
                    WC="0.970352071982164"></String>
          </TextLine>

          
          
          <TextLine ID="eSc_line_f2917c60"
                    TAGREFS="LT4176"
                    BASELINE="183 1081 994 1084" 
                    HPOS="183"
                    VPOS="1043"
                    WIDTH="811"
                    HEIGHT="61">
            <Shape><Polygon POINTS="183 1081 183 1096 288 1095 294 1097 307 1102 308 1102 309 1102 310 1102 319 1098 330 1093 353 1093 373 1098 388 1102 389 1102 390 1102 391 1102 400 1098 403 1097 406 1098 414 1102 415 1102 416 1102 462 1099 474 1098 478 1099 491 1103 492 1103 493 1103 494 1103 508 1099 520 1096 531 1099 543 1102 544 1102 545 1102 546 1102 547 1102 549 1099 553 1096 557 1099 562 1103 563 1103 564 1103 565 1104 588 1104 588 1103 589 1103 597 1100 610 1094 620 1100 621 1100 622 1100 623 1100 624 1100 625 1100 636 1094 686 1094 696 1100 698 1102 699 1102 700 1102 701 1102 702 1102 706 1100 719 1094 756 1101 759 1101 760 1101 763 1101 792 1095 876 1095 901 1102 909 1104 910 1104 911 1104 993 1102 994 1084 993 1056 900 1056 899 1055 882 1045 881 1045 880 1045 846 1045 845 1045 844 1045 805 1055 802 1055 794 1055 779 1054 763 1045 762 1045 761 1045 760 1045 724 1051 701 1044 700 1044 699 1044 635 1045 634 1045 597 1054 595 1054 593 1054 558 1049 557 1049 556 1049 547 1054 546 1055 487 1055 485 1054 466 1044 465 1044 464 1044 434 1048 419 1043 418 1043 305 1043 304 1043 303 1043 302 1043 288 1053 287 1053 183 1053 183 1081"/></Shape>
	    <String CONTENT="cum Philoſophis negarent reſurrectionem"
                    HPOS="183"
                    VPOS="1043"
                    WIDTH="811"
                    HEIGHT="61"
                    WC="0.980111933671511"></String>
          </TextLine>

          
          
          <TextLine ID="eSc_line_730c9e89"
                    TAGREFS="LT4176"
                    BASELINE="184 1131 321 1131" 
                    HPOS="183"
                    VPOS="1099"
                    WIDTH="138"
                    HEIGHT="45">
            <Shape><Polygon POINTS="184 1131 184 1144 321 1143 321 1131 319 1102 222 1099 221 1099 183 1105 184 1131"/></Shape>
	    <String CONTENT="carnis."
                    HPOS="183"
                    VPOS="1099"
                    WIDTH="138"
                    HEIGHT="45"
                    WC="0.999588191509247"></String>
          </TextLine>

          
          
          <TextLine ID="eSc_line_42e1d308"
                    TAGREFS="LT4176"
                    BASELINE="225 1181 844 1179 995 1184" 
                    HPOS="224"
                    VPOS="1139"
                    WIDTH="771"
                    HEIGHT="57">
            <Shape><Polygon POINTS="225 1181 225 1194 263 1191 280 1194 293 1196 294 1196 294 1196 295 1196 298 1194 307 1190 357 1190 402 1194 425 1196 426 1196 427 1196 435 1194 451 1190 474 1194 477 1194 478 1194 479 1194 480 1194 485 1190 501 1194 502 1194 503 1194 504 1194 508 1194 551 1190 561 1194 562 1194 563 1194 647 1196 648 1196 649 1196 650 1196 652 1194 660 1190 688 1190 697 1194 698 1195 699 1195 700 1195 701 1195 714 1194 748 1192 781 1194 801 1196 802 1196 803 1196 807 1194 819 1190 828 1194 830 1195 831 1195 832 1195 839 1194 872 1190 892 1194 899 1196 900 1196 901 1196 994 1194 995 1184 994 1149 935 1148 919 1139 918 1139 917 1139 874 1140 873 1140 872 1140 863 1147 862 1149 804 1149 800 1146 787 1139 786 1139 785 1139 734 1144 668 1140 667 1140 666 1140 665 1140 659 1145 653 1148 561 1143 469 1139 468 1139 467 1139 459 1142 443 1148 404 1142 386 1139 385 1139 375 1141 348 1149 278 1149 267 1141 266 1141 265 1141 224 1140 225 1181"/></Shape>
	    <String CONTENT="Has corruptelas omnes, vel aliquas ſaltem"
                    HPOS="224"
                    VPOS="1139"
                    WIDTH="771"
                    HEIGHT="57"
                    WC="0.990163605387618"></String>
          </TextLine>

          
          
          <TextLine ID="eSc_line_f2b21b70"
                    TAGREFS="LT4176"
                    BASELINE="180 1229 990 1232" 
                    HPOS="179"
                    VPOS="1189"
                    WIDTH="811"
                    HEIGHT="60">
            <Shape><Polygon POINTS="180 1229 179 1237 195 1244 196 1244 197 1244 233 1239 289 1247 290 1247 329 1240 334 1239 409 1239 419 1241 451 1248 452 1248 484 1242 495 1240 507 1242 536 1248 537 1248 616 1244 690 1240 707 1245 719 1249 720 1249 721 1249 744 1246 763 1243 783 1246 794 1248 795 1248 796 1248 797 1248 799 1247 807 1241 989 1249 990 1232 989 1201 951 1200 941 1193 940 1193 939 1193 938 1193 937 1193 922 1199 840 1199 822 1191 821 1191 806 1191 805 1191 804 1191 803 1191 792 1199 768 1194 767 1194 766 1194 765 1194 747 1199 719 1190 718 1190 664 1190 663 1190 662 1190 645 1199 631 1199 616 1190 615 1190 614 1190 581 1190 580 1190 579 1190 578 1190 565 1198 538 1190 537 1190 536 1190 535 1190 516 1196 439 1190 438 1190 371 1197 358 1189 357 1189 357 1189 356 1189 355 1189 342 1194 253 1189 252 1189 252 1189 251 1189 235 1198 180 1198 180 1229"/></Shape>
	    <String CONTENT="metuebat in Epheſina Eccleſia, ideo vt his"
                    HPOS="179"
                    VPOS="1189"
                    WIDTH="811"
                    HEIGHT="60"
                    WC="0.976767027661914"></String>
          </TextLine>

          
          
          <TextLine ID="eSc_line_5ae36db5"
                    TAGREFS="LT4176"
                    BASELINE="180 1278 989 1280" 
                    HPOS="179"
                    VPOS="1242"
                    WIDTH="810"
                    HEIGHT="57">
            <Shape><Polygon POINTS="180 1278 179 1291 219 1296 220 1296 221 1296 236 1291 239 1291 355 1291 360 1291 403 1298 404 1298 584 1293 604 1299 605 1299 606 1299 645 1294 683 1299 684 1299 685 1299 704 1292 742 1292 754 1299 755 1299 756 1299 757 1299 843 1292 950 1299 951 1299 989 1291 989 1280 989 1253 842 1249 835 1243 834 1243 833 1243 773 1243 772 1243 771 1243 743 1252 741 1252 726 1252 665 1250 655 1243 654 1243 653 1243 629 1243 628 1243 627 1243 626 1243 614 1252 613 1252 528 1252 527 1251 520 1246 519 1246 518 1246 517 1246 437 1251 434 1251 433 1251 424 1245 423 1245 422 1245 421 1245 400 1250 374 1242 373 1242 313 1242 312 1242 311 1242 298 1249 281 1242 280 1242 279 1242 236 1247 224 1242 223 1242 222 1242 180 1250 180 1278"/></Shape>
	    <String CONTENT="malis obicem poneret, hunc apud eos re¬"
                    HPOS="179"
                    VPOS="1242"
                    WIDTH="810"
                    HEIGHT="57"
                    WC="0.97522410368308"></String>
          </TextLine>

          
          
          <TextLine ID="eSc_line_b93b0574"
                    TAGREFS="LT4176"
                    BASELINE="180 1328 321 1328" 
                    HPOS="180"
                    VPOS="1291"
                    WIDTH="141"
                    HEIGHT="62">
            <Shape><Polygon POINTS="180 1328 180 1338 212 1352 213 1352 214 1353 253 1353 253 1352 254 1352 255 1352 255 1351 267 1340 321 1336 321 1328 321 1303 180 1291 180 1328"/></Shape>
	    <String CONTENT="Iiquit."
                    HPOS="180"
                    VPOS="1291"
                    WIDTH="141"
                    HEIGHT="62"
                    WC="0.996612276349749"></String>
          </TextLine>

          
          
          <TextLine ID="eSc_line_0692a111"
                    TAGREFS="LT4176"
                    BASELINE="237 1378 983 1378" 
                    HPOS="237"
                    VPOS="1338"
                    WIDTH="746"
                    HEIGHT="59">
            <Shape><Polygon POINTS="237 1378 237 1390 275 1389 278 1391 285 1396 286 1396 287 1396 288 1396 289 1396 303 1391 309 1389 352 1389 357 1391 368 1396 369 1396 370 1396 371 1396 388 1391 399 1389 438 1389 442 1392 447 1396 448 1396 449 1396 450 1397 545 1397 545 1396 567 1392 586 1389 620 1389 627 1393 633 1396 634 1396 635 1396 636 1396 649 1393 663 1389 710 1389 715 1393 719 1396 720 1396 721 1396 722 1397 754 1397 754 1396 755 1396 756 1396 759 1393 764 1390 769 1393 772 1396 773 1396 774 1396 775 1397 803 1397 803 1396 804 1396 809 1394 819 1389 842 1394 850 1395 851 1395 852 1395 855 1394 863 1389 881 1394 888 1396 889 1396 890 1396 982 1394 983 1378 982 1350 862 1350 862 1349 834 1338 833 1338 832 1338 759 1349 757 1349 755 1349 738 1343 737 1343 737 1343 706 1349 703 1349 686 1338 685 1338 684 1338 683 1338 630 1339 629 1339 612 1347 586 1338 585 1338 584 1338 539 1342 526 1338 525 1338 524 1338 523 1338 504 1348 501 1350 487 1350 484 1348 457 1339 456 1339 455 1339 454 1339 436 1344 400 1338 400 1338 399 1338 377 1346 354 1338 353 1338 352 1338 351 1338 330 1346 311 1338 310 1338 309 1338 308 1338 289 1348 286 1349 237 1348 237 1378"/></Shape>
	    <String CONTENT="2. Deinde in ea Eccleſia nondum con¬"
                    HPOS="237"
                    VPOS="1338"
                    WIDTH="746"
                    HEIGHT="59"
                    WC="0.997414504488309"></String>
          </TextLine>

          
          
          <TextLine ID="eSc_line_dc0176c0"
                    TAGREFS="LT4176"
                    BASELINE="177 1425 983 1429" 
                    HPOS="176"
                    VPOS="1388"
                    WIDTH="807"
                    HEIGHT="58">
            <Shape><Polygon POINTS="177 1425 176 1436 270 1443 271 1443 272 1443 273 1443 278 1438 279 1438 342 1438 349 1439 379 1445 379 1445 405 1440 418 1445 419 1445 420 1445 421 1445 440 1440 442 1440 445 1440 477 1444 478 1444 479 1444 480 1444 484 1441 487 1439 502 1441 529 1445 530 1445 565 1442 586 1440 591 1442 601 1445 602 1445 603 1446 646 1446 646 1445 647 1445 653 1443 660 1440 668 1443 674 1445 675 1445 676 1445 695 1444 724 1440 765 1445 773 1445 774 1445 775 1445 776 1445 781 1440 803 1445 809 1445 810 1445 811 1445 814 1445 826 1441 981 1446 983 1429 983 1403 950 1393 949 1393 948 1393 947 1393 947 1393 937 1401 926 1395 925 1395 924 1395 923 1395 913 1399 896 1391 895 1391 849 1391 848 1391 847 1391 846 1391 834 1400 831 1400 810 1401 806 1399 788 1391 787 1391 786 1391 785 1391 769 1398 658 1390 657 1390 656 1390 655 1390 647 1396 640 1401 614 1401 586 1395 555 1390 554 1390 530 1394 503 1399 462 1393 460 1393 459 1393 456 1393 382 1399 245 1399 223 1388 222 1388 221 1388 177 1388 177 1425"/></Shape>
	    <String CONTENT="ſtitutus erat numerus miniſtrorum in Euan¬"
                    HPOS="176"
                    VPOS="1388"
                    WIDTH="807"
                    HEIGHT="58"
                    WC="0.987360053119205"></String>
          </TextLine>

          
          
          <TextLine ID="eSc_line_1924eee5"
                    TAGREFS="LT4176"
                    BASELINE="180 1476 986 1478" 
                    HPOS="179"
                    VPOS="1440"
                    WIDTH="807"
                    HEIGHT="55">
            <Shape><Polygon POINTS="180 1476 179 1491 232 1494 233 1494 234 1494 239 1492 249 1487 287 1487 327 1492 347 1494 348 1494 349 1494 357 1492 374 1487 380 1492 382 1494 383 1494 384 1494 385 1494 386 1494 393 1492 407 1488 429 1492 441 1494 442 1494 442 1494 446 1492 456 1487 505 1487 522 1492 527 1494 528 1494 529 1494 543 1492 582 1487 598 1493 606 1495 607 1495 608 1495 632 1493 678 1488 738 1488 745 1493 747 1495 748 1495 749 1495 750 1495 769 1493 811 1488 829 1493 830 1493 831 1493 833 1493 858 1488 868 1493 872 1495 873 1495 874 1495 985 1493 986 1478 986 1449 962 1441 961 1441 960 1441 959 1441 937 1449 901 1449 830 1449 830 1448 814 1441 813 1441 731 1441 730 1441 729 1441 728 1441 715 1448 715 1448 681 1441 680 1441 631 1448 626 1448 547 1448 540 1443 539 1443 538 1443 537 1443 513 1447 494 1440 493 1440 445 1440 444 1440 443 1440 442 1440 432 1447 431 1448 375 1448 374 1447 362 1440 361 1440 360 1440 359 1440 314 1447 311 1447 309 1447 285 1440 284 1440 283 1440 282 1440 281 1440 273 1445 266 1440 265 1440 264 1440 224 1440 223 1440 222 1440 221 1440 211 1447 210 1447 180 1447 180 1476"/></Shape>
	    <String CONTENT="gelii cauſa neceſſarius: quos miniſtros nemo"
                    HPOS="179"
                    VPOS="1440"
                    WIDTH="807"
                    HEIGHT="55"
                    WC="0.971782043576241"></String>
          </TextLine>

          
          
          <TextLine ID="eSc_line_e96dcc89"
                    TAGREFS="LT4176"
                    BASELINE="178 1527 987 1527" 
                    HPOS="178"
                    VPOS="1489"
                    WIDTH="809"
                    HEIGHT="66">
            <Shape><Polygon POINTS="178 1544 253 1543 260 1544 287 1550 288 1550 316 1544 323 1543 398 1544 425 1544 439 1554 440 1554 441 1554 442 1555 486 1555 486 1554 487 1554 517 1544 519 1543 520 1544 534 1554 535 1554 536 1554 537 1555 628 1555 628 1554 675 1544 690 1554 691 1554 692 1554 693 1555 709 1555 709 1554 710 1554 732 1543 733 1543 771 1543 772 1543 796 1554 797 1554 798 1555 884 1555 884 1554 884 1554 909 1543 925 1548 926 1548 926 1548 987 1542 987 1527 987 1496 947 1489 947 1489 946 1489 945 1489 936 1495 931 1498 921 1495 907 1491 906 1491 905 1491 905 1491 895 1495 885 1499 788 1499 780 1494 777 1491 776 1491 775 1491 729 1489 728 1489 727 1489 726 1489 720 1493 714 1498 674 1493 657 1491 656 1491 655 1491 652 1493 643 1498 572 1498 553 1492 544 1489 543 1489 542 1489 517 1492 462 1498 410 1491 396 1489 395 1489 394 1489 390 1491 372 1498 341 1490 336 1489 297 1489 296 1489 295 1489 294 1490 271 1498 231 1489 229 1489 228 1489 227 1489 226 1489 205 1498 179 1489 178 1527 178 1544"/></Shape>
	    <String CONTENT="rectiùs conſtituere poterat quàm is qui eli¬"
                    HPOS="178"
                    VPOS="1489"
                    WIDTH="809"
                    HEIGHT="66"></String>
          </TextLine>

          
        </TextBlock>
        
        <TextBlock HPOS="848"
                   VPOS="1543"
                   WIDTH="141"
                   HEIGHT="58"
                   ID="block_3"
                   TAGREFS="BT10631">
          <Shape><Polygon POINTS="989 1543 989 1601 848 1601 848 1543"/></Shape>
          
          
          <TextLine ID="eSc_line_cef77a02"
                    TAGREFS="LT4176"
                    BASELINE="868 1578 987 1578" 
                    HPOS="868"
                    VPOS="1539"
                    WIDTH="119"
                    HEIGHT="65">
            <Shape><Polygon POINTS="868 1578 868 1604 987 1603 987 1578 987 1539 947 1539 946 1539 945 1539 944 1539 939 1542 926 1550 868 1549 868 1578"/></Shape>
	    <String CONTENT="gendi"
                    HPOS="868"
                    VPOS="1539"
                    WIDTH="119"
                    HEIGHT="65"
                    WC="0.998896586894989"></String>
          </TextLine>

          
        </TextBlock>
        

        
      </PrintSpace>
    </Page>
  </Layout>
</alto>
