<?xml version="1.0" encoding="UTF-8"?>
<alto xmlns:xsi="http://www.w3.org/2001/XMLSchema-instance"
      xmlns="http://www.loc.gov/standards/alto/ns-v4#"
      xsi:schemaLocation="http://www.loc.gov/standards/alto/ns-v4# http://www.loc.gov/standards/alto/v4/alto-4-2.xsd">
  <Description>
    <MeasurementUnit>pixel</MeasurementUnit>
    <sourceImageInformation>
      <fileName>page_00469.png</fileName>
      
    </sourceImageInformation>
  </Description>
  
  <Tags>
    <OtherTag ID="BT10635" LABEL="NumberingZone" DESCRIPTION="block type NumberingZone"/><OtherTag ID="BT10634" LABEL="DropCapitalZone" DESCRIPTION="block type DropCapitalZone"/><OtherTag ID="BT10633" LABEL="GraphicZone" DESCRIPTION="block type GraphicZone"/><OtherTag ID="BT10632" LABEL="RunningTitleZone" DESCRIPTION="block type RunningTitleZone"/><OtherTag ID="BT10631" LABEL="QuireMarksZone" DESCRIPTION="block type QuireMarksZone"/><OtherTag ID="BT10630" LABEL="MarginTextZone" DESCRIPTION="block type MarginTextZone"/><OtherTag ID="BT10629" LABEL="MainZone" DESCRIPTION="block type MainZone"/>
    <OtherTag ID="LT4179" LABEL="default" DESCRIPTION="line type default"/><OtherTag ID="LT4178" LABEL="CustomLine : BiblicalText" DESCRIPTION="line type CustomLine : BiblicalText"/><OtherTag ID="LT4177" LABEL="HeadingLine" DESCRIPTION="line type HeadingLine"/><OtherTag ID="LT4176" LABEL="DefaultLine" DESCRIPTION="line type DefaultLine"/>
  </Tags>
  
  <Layout>
    <Page WIDTH="1101"
          HEIGHT="1727"
          PHYSICAL_IMG_NR="8"
          ID="eSc_dummypage_">
      <PrintSpace HPOS="0"
                  VPOS="0"
                  WIDTH="1101"
                  HEIGHT="1727">
        
        <TextBlock HPOS="201"
                   VPOS="76"
                   WIDTH="62"
                   HEIGHT="35"
                   ID="block_2"
                   TAGREFS="BT10635">
          <Shape><Polygon POINTS="263 76 263 111 201 111 201 76"/></Shape>
          
          
          <TextLine ID="eSc_line_4464a4f4"
                    TAGREFS="LT4176"
                    BASELINE="207 105 263 103" 
                    HPOS="206"
                    VPOS="78"
                    WIDTH="57"
                    HEIGHT="42">
            <Shape><Polygon POINTS="256 85 215 78 215 78 214 78 213 78 213 79 206 85 207 105 207 114 254 120 255 120 256 120 257 120 257 119 263 111 263 103 263 100 256 85"/></Shape>
	    <String CONTENT="116"
                    HPOS="206"
                    VPOS="78"
                    WIDTH="57"
                    HEIGHT="42"
                    WC="0.998884479204814"></String>
          </TextLine>

          
        </TextBlock>
        
        <TextBlock HPOS="394"
                   VPOS="58"
                   WIDTH="468"
                   HEIGHT="50"
                   ID="block_1"
                   TAGREFS="BT10632">
          <Shape><Polygon POINTS="862 58 862 108 394 108 394 58"/></Shape>
          
          
          <TextLine ID="eSc_line_8c39f30a"
                    TAGREFS="LT4177"
                    BASELINE="403 97 854 90" 
                    HPOS="402"
                    VPOS="53"
                    WIDTH="452"
                    HEIGHT="62">
            <Shape><Polygon POINTS="834 55 824 54 814 53 805 53 795 53 786 53 776 53 766 53 745 56 739 57 732 57 708 54 699 54 690 54 680 54 675 54 670 57 667 58 656 57 625 54 622 54 613 55 610 55 606 58 603 59 590 58 561 55 555 55 547 55 535 58 528 60 525 58 519 55 517 56 507 56 504 56 492 59 480 61 413 60 411 61 402 64 403 97 403 108 456 114 457 115 457 114 517 108 529 107 531 108 539 112 540 112 541 112 623 108 689 104 711 107 725 109 726 109 789 108 790 108 791 107 798 102 853 106 854 90 848 65 843 56"/></Shape>
	    <String CONTENT="COMMENTARII"
                    HPOS="402"
                    VPOS="53"
                    WIDTH="452"
                    HEIGHT="62"
                    WC="0.999111739071933"></String>
          </TextLine>

          
        </TextBlock>
        
        <TextBlock HPOS="193"
                   VPOS="249"
                   WIDTH="846"
                   HEIGHT="1303"
                   ID="block_0"
                   TAGREFS="BT10629">
          <Shape><Polygon POINTS="1039 1552 193 1552 193 249 1039 249"/></Shape>
          
          
          <TextLine ID="eSc_line_7cd39986"
                    TAGREFS="LT4177"
                    BASELINE="446 290 725 286" 
                    HPOS="445"
                    VPOS="247"
                    WIDTH="280"
                    HEIGHT="66">
            <Shape><Polygon POINTS="714 252 704 248 701 247 679 247 678 247 677 247 676 247 663 256 651 262 628 262 621 256 621 255 620 255 619 255 618 255 614 255 577 260 569 255 567 253 566 253 565 253 564 253 563 253 558 255 536 262 529 257 529 256 528 256 527 256 526 256 525 256 512 263 495 254 493 253 492 253 491 253 450 253 445 256 446 290 446 313 478 309 500 313 501 313 502 313 516 307 524 310 525 310 526 310 527 310 540 301 569 312 570 312 571 312 572 312 573 312 574 312 574 311 586 300 600 305 601 305 602 305 656 299 670 310 671 310 672 310 724 308 725 286 724 256 723 256"/></Shape>
	    <String CONTENT="CAPVT V."
                    HPOS="445"
                    VPOS="247"
                    WIDTH="280"
                    HEIGHT="66"
                    WC="0.949783876538277"></String>
          </TextLine>

          
          
          <TextLine ID="eSc_line_5110afd1"
                    TAGREFS="LT4176"
                    BASELINE="420 390 998 380" 
                    HPOS="419"
                    VPOS="341"
                    WIDTH="579"
                    HEIGHT="66">
            <Shape><Polygon POINTS="991 352 970 352 961 344 957 344 947 343 937 343 933 342 929 348 918 342 909 342 903 341 885 342 884 342 884 343 874 352 843 342 842 342 841 342 811 343 810 343 793 352 789 354 766 354 763 352 752 344 751 344 750 344 725 344 724 344 723 344 722 344 712 353 706 356 682 356 676 353 665 345 664 345 663 345 662 345 661 345 636 353 622 356 609 353 602 351 601 351 600 351 599 351 594 353 590 354 588 353 582 348 582 347 581 347 580 347 570 347 569 347 568 347 567 347 567 348 562 353 557 357 547 353 541 351 540 351 539 351 538 351 533 353 521 358 489 354 483 353 482 353 478 354 454 359 441 354 431 349 430 349 429 349 419 353 420 390 420 405 440 402 447 405 450 407 451 407 452 407 453 407 454 407 463 404 478 401 504 403 523 405 524 405 525 405 529 402 538 399 567 402 592 404 593 404 594 404 595 404 595 403 598 401 601 398 631 398 636 400 642 404 643 404 644 404 645 404 646 404 654 400 657 398 670 399 707 403 708 403 709 403 710 403 718 398 720 396 734 398 751 400 752 400 753 400 765 397 771 395 775 397 788 402 789 402 790 402 804 396 806 395 820 395 919 400 920 400 947 394 971 399 972 399 973 399 998 390 998 380 996 354 995 354"/></Shape>
	    <String CONTENT="RADIT hoc cap. diuerſas regulas"
                    HPOS="419"
                    VPOS="341"
                    WIDTH="579"
                    HEIGHT="66"
                    WC="0.973680532747699"></String>
          </TextLine>

          
          
          <TextLine ID="eSc_line_e8d7e67c"
                    TAGREFS="LT4176"
                    BASELINE="418 440 1003 429" 
                    HPOS="417"
                    VPOS="391"
                    WIDTH="586"
                    HEIGHT="65">
            <Shape><Polygon POINTS="418 440 418 450 467 456 468 456 469 456 470 456 470 455 477 449 478 448 494 449 518 451 519 451 539 448 549 447 556 448 594 453 595 453 596 453 597 453 597 452 604 447 605 445 655 445 664 445 736 451 737 451 799 442 801 442 802 442 822 449 823 449 824 449 851 449 852 449 853 449 853 448 861 442 939 448 940 448 941 448 942 448 942 447 947 443 992 444 993 444 994 444 995 444 1003 438 1003 429 999 397 984 401 980 397 975 393 975 392 974 392 973 392 925 391 924 391 923 391 922 391 922 392 916 397 913 400 902 400 898 397 891 392 890 392 889 392 868 392 867 392 866 392 865 392 865 393 860 398 855 402 839 398 837 397 836 397 835 397 834 397 832 398 817 403 758 399 757 399 689 405 671 399 670 399 670 399 669 399 668 399 656 407 639 407 630 399 628 398 628 397 627 397 626 397 609 397 608 397 607 397 606 397 606 398 604 399 596 408 575 408 555 407 548 400 547 399 547 398 546 398 545 398 544 398 526 400 485 404 479 400 478 399 478 399 477 399 476 399 417 400 418 440"/></Shape>
	    <String CONTENT="ipſi Timotheo, quas in admini¬"
                    HPOS="417"
                    VPOS="391"
                    WIDTH="586"
                    HEIGHT="65"
                    WC="0.984173760811488"></String>
          </TextLine>

          
          
          <TextLine ID="eSc_line_a181304e"
                    TAGREFS="LT4176"
                    BASELINE="422 489 841 480 1012 481" 
                    HPOS="422"
                    VPOS="441"
                    WIDTH="590"
                    HEIGHT="64">
            <Shape><Polygon POINTS="503 504 504 504 505 504 526 497 569 503 574 503 575 503 577 503 605 496 613 502 614 502 615 502 616 503 637 503 637 502 638 502 641 501 664 495 708 500 711 500 712 500 715 500 764 493 782 493 790 499 791 499 792 499 793 499 803 498 876 491 913 495 914 495 984 490 1011 495 1012 481 1010 441 950 444 949 444 933 452 887 443 886 443 885 443 861 454 818 455 804 455 793 446 793 445 792 445 791 445 768 445 767 445 766 445 765 445 753 456 740 456 729 447 729 446 728 446 727 446 707 446 706 446 705 446 704 446 691 457 649 457 633 448 632 448 631 448 612 448 611 448 610 448 609 448 590 458 555 451 554 451 553 451 552 451 543 458 519 453 518 453 517 453 496 459 487 453 486 453 485 453 484 453 453 460 422 451 422 489 422 505"/></Shape>
	    <String CONTENT="tratione ofticii ſui ſequatur etiã"
                    HPOS="422"
                    VPOS="441"
                    WIDTH="590"
                    HEIGHT="64"
                    WC="0.975222660814013"></String>
          </TextLine>

          
          
          <TextLine ID="eSc_line_4614fca6"
                    TAGREFS="LT4176"
                    BASELINE="418 539 1009 528" 
                    HPOS="417"
                    VPOS="492"
                    WIDTH="592"
                    HEIGHT="63">
            <Shape><Polygon POINTS="418 539 418 551 460 555 461 555 462 555 463 555 468 550 473 547 490 550 505 552 506 552 526 549 544 546 548 548 552 553 553 553 554 553 555 553 556 553 575 548 577 547 578 548 582 551 582 552 583 552 584 552 585 553 631 553 631 552 683 545 694 544 696 545 707 550 708 550 709 550 758 545 782 549 783 549 784 549 785 549 793 544 797 547 797 548 798 548 799 548 800 548 801 548 817 544 831 547 832 547 833 547 834 547 845 542 848 541 850 542 863 547 864 547 865 547 866 547 867 547 867 546 874 542 875 540 901 540 906 541 932 546 933 546 933 546 934 546 934 545 941 540 942 540 944 540 984 544 985 544 1009 538 1009 528 1007 500 904 492 903 492 902 492 901 492 901 493 892 501 883 497 882 497 881 497 880 497 879 497 879 498 875 502 874 502 873 502 845 496 844 496 843 496 826 503 824 503 822 503 792 494 791 494 790 494 737 495 736 495 715 504 714 505 714 504 702 496 701 496 700 496 685 496 684 496 683 496 662 505 660 506 635 506 477 502 476 502 475 502 474 502 474 503 468 509 467 510 417 510 418 539"/></Shape>
	    <String CONTENT="oportet, is, cui Eccleſiarum Chri¬"
                    HPOS="417"
                    VPOS="492"
                    WIDTH="592"
                    HEIGHT="63"
                    WC="0.973529342342826"></String>
          </TextLine>

          
          
          <TextLine ID="eSc_line_c53b600d"
                    TAGREFS="LT4176"
                    BASELINE="218 592 743 580 1014 577" 
                    HPOS="217"
                    VPOS="539"
                    WIDTH="797"
                    HEIGHT="69">
            <Shape><Polygon POINTS="218 592 218 608 264 601 286 606 287 606 287 606 288 606 310 600 329 606 330 606 331 606 332 606 333 606 334 606 356 598 425 598 464 602 490 604 491 604 512 600 540 594 629 593 664 595 711 599 712 599 758 596 759 596 760 596 765 592 768 591 775 592 790 597 791 597 792 597 830 591 854 596 855 596 937 594 1014 585 1014 577 1012 546 948 539 947 539 946 539 945 539 932 547 931 548 881 548 862 548 827 542 826 542 825 542 811 546 759 545 758 545 757 545 756 545 748 551 747 552 654 553 652 553 629 545 628 545 627 545 584 554 579 555 574 555 545 551 544 551 520 556 517 556 516 556 508 550 507 550 506 550 505 550 504 550 489 555 474 550 473 550 472 550 471 550 454 557 443 550 442 550 441 550 400 550 399 550 398 550 372 559 370 559 361 559 270 553 269 553 231 554 230 554 217 560 218 592"/></Shape>
	    <String CONTENT="ſti cura eſt deputata. Initio, vt doctrina fru¬"
                    HPOS="217"
                    VPOS="539"
                    WIDTH="797"
                    HEIGHT="69"
                    WC="0.980444139622627"></String>
          </TextLine>

          
          
          <TextLine ID="eSc_line_155756dd"
                    TAGREFS="LT4176"
                    BASELINE="222 639 1015 626" 
                    HPOS="221"
                    VPOS="590"
                    WIDTH="794"
                    HEIGHT="67">
            <Shape><Polygon POINTS="222 657 327 650 380 653 400 654 401 654 402 654 406 652 417 647 428 652 432 654 433 654 434 654 484 653 485 653 494 650 509 645 523 649 532 652 533 652 534 652 535 652 544 649 552 645 574 648 598 651 599 651 600 651 610 647 619 643 630 646 640 649 641 649 642 650 674 650 674 649 675 649 683 645 688 642 721 644 783 647 784 647 785 647 805 641 812 640 816 641 838 647 839 647 840 647 885 646 913 638 916 638 919 638 957 645 958 645 973 638 974 637 1015 636 1015 626 1012 597 944 597 934 591 933 591 912 591 911 591 910 591 885 598 845 590 844 590 843 590 827 596 800 591 799 591 798 591 797 591 783 600 754 591 753 591 752 591 751 591 750 591 741 597 716 592 715 592 676 600 638 594 637 594 636 594 616 604 544 604 526 595 504 595 503 595 502 595 485 605 406 597 405 597 346 598 345 598 344 598 333 609 308 609 280 599 279 599 278 599 221 610 222 639"/></Shape>
	    <String CONTENT="gifera ſit oſtendit: quomodo cuiuſque æta¬"
                    HPOS="221"
                    VPOS="590"
                    WIDTH="794"
                    HEIGHT="67"
                    WC="0.966430432739712"></String>
          </TextLine>

          
          
          <TextLine ID="eSc_line_68c9a5ba"
                    TAGREFS="LT4176"
                    BASELINE="219 690 763 678 1020 679" 
                    HPOS="218"
                    VPOS="638"
                    WIDTH="802"
                    HEIGHT="67">
            <Shape><Polygon POINTS="219 690 219 705 451 702 452 702 453 702 454 701 458 697 470 701 474 702 475 702 476 702 571 700 572 700 574 699 582 695 602 698 609 699 610 699 618 698 646 693 667 697 672 698 673 698 691 697 749 691 775 695 783 696 784 696 785 696 786 696 787 695 794 690 909 688 938 692 947 693 948 693 949 693 952 692 962 687 1019 690 1020 679 1019 646 982 641 981 641 953 647 950 647 936 638 935 638 934 638 909 638 909 638 860 648 856 649 852 648 839 645 838 645 837 645 751 650 747 650 746 650 717 641 716 641 715 641 714 641 674 652 670 652 666 652 600 643 599 643 598 643 581 653 578 655 544 655 542 654 528 645 527 645 526 645 526 645 525 645 524 645 512 654 511 655 507 654 485 650 484 650 462 655 461 655 432 646 431 646 430 646 392 649 391 649 375 657 372 658 366 657 326 648 325 648 289 651 288 651 273 659 270 660 218 660 219 690"/></Shape>
	    <String CONTENT="tis, &amp;ſexus homines officii admonere debeat,"
                    HPOS="218"
                    VPOS="638"
                    WIDTH="802"
                    HEIGHT="67"
                    WC="0.980876308950511"></String>
          </TextLine>

          
          
          <TextLine ID="eSc_line_aef5f10f"
                    TAGREFS="LT4176"
                    BASELINE="219 738 735 727 1022 725" 
                    HPOS="218"
                    VPOS="686"
                    WIDTH="804"
                    HEIGHT="69">
            <Shape><Polygon POINTS="219 738 219 755 277 755 277 754 278 754 279 754 287 749 298 753 303 755 304 755 305 755 373 754 391 752 426 747 459 751 475 752 476 752 492 750 537 744 602 748 620 749 621 749 635 748 692 741 714 746 717 747 718 747 718 747 774 746 775 746 777 745 787 740 826 745 833 745 834 745 835 745 836 745 836 744 847 738 927 743 935 743 936 743 942 743 995 735 1020 741 1022 725 1019 694 963 694 943 686 942 686 941 686 911 692 868 688 867 688 866 688 838 697 837 697 835 697 749 693 748 693 715 699 690 694 689 694 632 701 631 701 581 693 580 693 528 704 389 705 377 697 376 697 375 697 374 697 307 704 272 699 271 699 237 700 236 700 218 708 219 738"/></Shape>
	    <String CONTENT="ſcilicet ſumma cum lenitate, ne quod odium"
                    HPOS="218"
                    VPOS="686"
                    WIDTH="804"
                    HEIGHT="69"
                    WC="0.992058150825046"></String>
          </TextLine>

          
          
          <TextLine ID="eSc_line_fd675c25"
                    TAGREFS="LT4176"
                    BASELINE="223 786 799 775 1020 776" 
                    HPOS="222"
                    VPOS="742"
                    WIDTH="798"
                    HEIGHT="66">
            <Shape><Polygon POINTS="223 786 223 808 261 807 262 807 263 807 272 801 309 806 312 806 313 806 314 806 316 806 348 798 366 804 369 805 370 805 371 805 387 804 465 796 479 802 483 803 484 803 485 803 486 803 489 801 498 797 518 801 533 803 534 803 535 803 536 803 540 800 546 795 551 800 552 800 553 800 554 800 559 799 582 794 601 798 620 802 621 802 643 797 647 796 648 797 655 801 656 801 657 801 658 801 659 801 660 801 666 796 670 793 680 796 690 798 691 798 692 798 708 795 718 793 722 794 734 799 735 799 736 799 737 799 738 799 744 794 746 792 753 794 763 796 764 796 765 796 815 792 848 789 860 790 904 797 905 797 906 797 932 788 1020 785 1020 776 1018 745 877 747 868 747 812 742 811 742 810 742 793 748 789 749 783 748 761 744 760 744 734 749 726 750 725 749 717 742 716 742 715 742 687 742 686 742 685 742 663 750 658 752 581 752 579 751 569 744 568 744 567 744 566 744 565 744 541 752 535 753 520 752 450 746 449 746 394 747 393 747 379 754 375 756 367 754 338 748 337 748 298 755 293 756 292 755 281 749 280 749 279 749 278 749 256 756 248 757 222 757 223 786"/></Shape>
	    <String CONTENT="priuatum ſeſe in corripiendo, aut arrogantia"
                    HPOS="222"
                    VPOS="742"
                    WIDTH="798"
                    HEIGHT="66"
                    WC="0.982431540435011"></String>
          </TextLine>

          
          
          <TextLine ID="eSc_line_e0da9aa0"
                    TAGREFS="LT4176"
                    BASELINE="220 837 526 832" 
                    HPOS="219"
                    VPOS="794"
                    WIDTH="307"
                    HEIGHT="61">
            <Shape><Polygon POINTS="220 837 220 853 256 855 257 855 273 851 289 849 304 851 327 854 328 854 329 854 330 854 337 850 344 846 382 848 463 852 464 852 465 852 478 845 484 850 485 850 486 850 487 850 526 842 526 832 525 804 479 802 473 795 473 794 472 794 471 794 470 794 437 800 433 797 433 796 432 796 431 796 430 796 430 796 429 796 417 804 341 796 340 796 339 796 321 806 320 806 304 800 303 800 302 800 301 800 278 807 275 808 219 808 220 837"/></Shape>
	    <String CONTENT="iuuenilis prodat."
                    HPOS="219"
                    VPOS="794"
                    WIDTH="307"
                    HEIGHT="61"
                    WC="0.993365182596095"></String>
          </TextLine>

          
          
          <TextLine ID="eSc_line_08c58692"
                    TAGREFS="LT4176"
                    BASELINE="276 887 747 875 1020 873" 
                    HPOS="274"
                    VPOS="829"
                    WIDTH="746"
                    HEIGHT="73">
            <Shape><Polygon POINTS="276 887 276 902 313 898 388 900 404 900 405 900 406 900 406 900 406 899 414 895 420 899 421 899 422 899 423 899 437 898 551 892 602 894 641 896 642 896 643 896 644 896 646 893 651 890 748 890 909 890 910 890 911 890 912 890 918 885 920 883 1020 881 1020 873 1017 829 960 838 933 831 931 831 930 831 929 831 928 831 928 832 913 842 841 835 840 835 839 835 818 845 796 845 783 836 780 834 779 834 778 834 777 834 754 837 724 842 700 839 688 838 687 838 686 838 685 838 682 840 675 844 669 840 661 837 660 837 659 837 658 837 642 841 617 848 605 842 597 838 596 838 595 838 594 838 581 843 568 849 539 845 507 840 506 840 505 840 504 840 498 846 491 851 374 852 366 851 348 844 347 844 346 844 345 844 344 844 335 851 332 853 324 851 297 845 296 845 295 845 294 845 274 851 276 887"/></Shape>
	    <String CONTENT="Deinde tranſit ad curam viduarum, docẽs"
                    HPOS="274"
                    VPOS="829"
                    WIDTH="746"
                    HEIGHT="73"
                    WC="0.99291425794363"></String>
          </TextLine>

          
          
          <TextLine ID="eSc_line_e85d6bdf"
                    TAGREFS="LT4176"
                    BASELINE="227 936 1019 923" 
                    HPOS="226"
                    VPOS="887"
                    WIDTH="793"
                    HEIGHT="67">
            <Shape><Polygon POINTS="227 936 227 954 409 954 409 953 410 953 424 949 428 948 442 948 478 950 479 950 480 950 486 947 494 945 526 946 550 948 550 948 565 946 592 941 612 945 634 949 635 949 636 949 649 944 661 940 670 944 683 948 684 948 685 948 686 948 699 943 704 941 707 943 714 947 715 947 716 947 717 948 740 948 740 947 741 947 741 947 749 942 752 940 759 942 767 944 768 944 769 944 770 944 776 941 784 938 816 940 840 942 841 942 842 942 849 940 857 937 868 939 890 943 891 943 892 943 893 943 893 942 898 938 901 936 1019 936 1019 923 1017 895 965 889 964 889 913 895 904 888 903 888 902 888 845 887 844 887 843 887 827 894 796 889 795 889 794 889 771 897 765 892 765 892 764 892 763 892 685 898 671 890 670 890 670 890 669 890 591 891 478 901 461 895 460 895 418 894 417 894 416 894 391 903 390 903 389 903 347 895 346 895 345 895 316 904 226 905 227 936"/></Shape>
	    <String CONTENT="quæ de publico ali debeãt, quæue non: itemm"
                    HPOS="226"
                    VPOS="887"
                    WIDTH="793"
                    HEIGHT="67"
                    WC="0.981503076174042"></String>
          </TextLine>

          
          
          <TextLine ID="eSc_line_445059ed"
                    TAGREFS="LT4176"
                    BASELINE="228 987 715 975 1020 973" 
                    HPOS="227"
                    VPOS="934"
                    WIDTH="793"
                    HEIGHT="67">
            <Shape><Polygon POINTS="228 1001 418 1001 418 1000 419 1000 420 1000 426 996 430 994 458 995 532 998 533 998 534 998 546 993 550 992 567 993 606 996 607 996 628 992 637 990 649 991 685 995 686 995 687 995 699 990 702 989 713 990 750 993 751 993 752 993 753 993 759 989 761 987 797 987 803 988 832 993 833 993 834 993 852 987 855 986 859 986 891 992 892 992 1020 982 1020 973 1017 943 998 944 995 943 982 934 981 934 981 934 980 934 890 935 848 943 815 937 814 937 813 937 791 946 788 948 783 947 766 942 765 942 765 942 764 942 763 942 754 947 752 949 717 949 715 948 697 940 696 940 695 940 653 949 648 951 611 951 609 950 603 946 602 946 601 946 600 946 564 951 557 952 556 951 550 947 550 947 549 947 548 947 547 947 536 951 523 943 522 943 521 943 485 943 484 943 483 943 482 943 467 953 466 954 459 953 390 945 389 945 388 945 366 955 365 956 360 956 296 946 295 946 294 946 293 946 275 957 273 959 227 959 228 987 228 1001"/></Shape>
	    <String CONTENT="quales ad miniſteriũ pauperum admittenda"
                    HPOS="227"
                    VPOS="934"
                    WIDTH="793"
                    HEIGHT="67"
                    WC="0.985275755568248"></String>
          </TextLine>

          
          
          <TextLine ID="eSc_line_e53c7abb"
                    TAGREFS="LT4176"
                    BASELINE="228 1036 599 1026 1020 1022" 
                    HPOS="227"
                    VPOS="987"
                    WIDTH="793"
                    HEIGHT="63">
            <Shape><Polygon POINTS="228 1036 228 1050 371 1048 372 1048 373 1048 383 1041 417 1047 421 1047 422 1047 423 1047 425 1047 438 1041 459 1046 463 1046 464 1046 465 1046 466 1046 466 1045 474 1040 489 1043 490 1043 491 1043 523 1039 530 1044 531 1044 532 1044 533 1044 534 1044 535 1044 546 1039 559 1043 562 1044 563 1044 564 1044 565 1044 566 1044 567 1043 575 1039 605 1042 609 1042 610 1042 613 1042 637 1037 650 1041 656 1043 657 1043 658 1043 659 1043 668 1040 683 1037 711 1040 735 1042 736 1042 755 1039 775 1035 803 1038 832 1040 833 1040 853 1037 870 1033 885 1036 904 1039 905 1039 906 1039 919 1035 930 1032 952 1034 980 1037 981 1037 1019 1032 1020 1022 1018 995 962 991 961 991 918 996 916 996 897 989 896 989 895 989 867 994 858 987 857 987 856 987 811 987 810 987 707 990 706 990 673 998 644 991 643 991 577 991 576 991 575 991 550 1001 495 993 494 993 493 993 492 993 481 1000 458 998 457 998 456 998 455 998 449 1004 448 1004 442 1004 354 998 353 998 352 998 334 1006 333 1007 227 1007 228 1036"/></Shape>
	    <String CONTENT="ſint, vt conuerſatio illarum ſcandalo careat."
                    HPOS="227"
                    VPOS="987"
                    WIDTH="793"
                    HEIGHT="63"
                    WC="0.994269695546892"></String>
          </TextLine>

          
          
          <TextLine ID="eSc_line_f4078f06"
                    TAGREFS="LT4176"
                    BASELINE="287 1081 1023 1070" 
                    HPOS="287"
                    VPOS="1036"
                    WIDTH="736"
                    HEIGHT="67">
            <Shape><Polygon POINTS="287 1081 287 1094 330 1102 331 1102 375 1094 385 1102 386 1102 387 1102 388 1102 418 1095 434 1102 435 1102 436 1103 483 1103 483 1102 484 1102 512 1090 517 1089 538 1089 539 1090 559 1100 560 1100 561 1100 608 1092 659 1099 660 1099 661 1099 662 1099 677 1089 695 1091 696 1091 697 1091 698 1091 702 1088 704 1087 731 1088 836 1090 837 1090 886 1085 888 1085 908 1095 909 1095 909 1096 956 1096 956 1095 1022 1082 1023 1070 1021 1043 1000 1039 999 1039 933 1043 924 1043 923 1043 906 1036 905 1036 904 1036 903 1036 902 1036 889 1043 887 1044 885 1043 870 1036 869 1036 868 1036 867 1036 850 1043 846 1044 830 1043 756 1037 755 1037 713 1043 688 1047 681 1043 674 1039 673 1039 672 1039 671 1039 670 1039 659 1043 654 1045 651 1043 645 1039 644 1039 643 1039 642 1039 598 1040 598 1040 588 1043 573 1048 536 1043 511 1040 510 1040 509 1040 500 1043 479 1050 453 1045 452 1045 451 1045 450 1045 443 1050 434 1044 433 1044 432 1044 431 1044 430 1044 411 1052 332 1052 322 1043 321 1043 320 1043 319 1043 287 1043 287 1081"/></Shape>
	    <String CONTENT="Tertiò, agit de presbyterorũ cura &amp; pro¬"
                    HPOS="287"
                    VPOS="1036"
                    WIDTH="736"
                    HEIGHT="67"></String>
          </TextLine>

          
          
          <TextLine ID="eSc_line_f9ca0adc"
                    TAGREFS="LT4176"
                    BASELINE="230 1132 383 1129" 
                    HPOS="229"
                    VPOS="1088"
                    WIDTH="154"
                    HEIGHT="59">
            <Shape><Polygon POINTS="230 1132 230 1141 280 1147 281 1147 282 1147 283 1147 290 1141 331 1146 332 1146 360 1140 373 1145 374 1145 375 1145 376 1145 377 1145 383 1139 383 1129 382 1103 351 1101 340 1093 339 1093 338 1093 337 1093 336 1093 316 1101 291 1088 290 1088 289 1088 253 1088 252 1088 229 1100 230 1132"/></Shape>
	    <String CONTENT="uiſione."
                    HPOS="229"
                    VPOS="1088"
                    WIDTH="154"
                    HEIGHT="59"
                    WC="0.998785428702831"></String>
          </TextLine>

          
          
          <TextLine ID="eSc_line_1f82823a"
                    TAGREFS="LT4176"
                    BASELINE="281 1177 683 1170 1018 1172" 
                    HPOS="280"
                    VPOS="1130"
                    WIDTH="738"
                    HEIGHT="66">
            <Shape><Polygon POINTS="281 1177 281 1184 304 1195 305 1195 306 1196 342 1196 342 1195 343 1195 344 1195 355 1188 371 1195 372 1195 373 1196 407 1196 407 1195 408 1195 433 1188 440 1193 441 1193 442 1193 515 1194 516 1194 517 1194 560 1183 647 1185 655 1192 656 1192 657 1192 658 1192 659 1192 660 1192 675 1182 681 1182 701 1182 715 1192 716 1192 717 1192 718 1193 741 1193 741 1192 741 1192 762 1182 794 1187 795 1187 796 1187 815 1182 832 1182 867 1182 880 1189 881 1189 882 1189 883 1190 883 1189 884 1189 885 1189 896 1182 933 1189 933 1189 965 1183 990 1189 991 1189 992 1189 993 1189 1018 1180 1018 1172 1015 1132 997 1140 963 1140 951 1133 947 1130 946 1130 945 1130 944 1130 916 1134 892 1136 888 1134 884 1131 883 1131 882 1131 852 1131 851 1131 829 1135 815 1137 808 1135 791 1131 790 1131 789 1131 789 1131 768 1136 747 1142 680 1142 662 1138 633 1133 632 1133 631 1133 618 1138 550 1135 549 1135 548 1135 539 1140 533 1143 523 1140 513 1138 512 1138 511 1138 495 1141 483 1143 478 1141 458 1134 457 1134 456 1134 455 1134 454 1134 444 1142 442 1144 423 1144 421 1142 403 1135 402 1135 401 1135 400 1135 382 1143 381 1145 330 1145 329 1144 298 1135 297 1135 296 1135 295 1135 294 1135 280 1143 281 1177"/></Shape>
	    <String CONTENT="Quartò, de peccantibus, quomodo feren¬"
                    HPOS="280"
                    VPOS="1130"
                    WIDTH="738"
                    HEIGHT="66"
                    WC="0.975923733833509"></String>
          </TextLine>

          
          
          <TextLine ID="eSc_line_e5a6b2bc"
                    TAGREFS="LT4176"
                    BASELINE="232 1228 565 1222" 
                    HPOS="231"
                    VPOS="1186"
                    WIDTH="334"
                    HEIGHT="58">
            <Shape><Polygon POINTS="232 1228 232 1244 308 1244 308 1243 322 1240 343 1235 359 1239 374 1242 375 1242 376 1242 377 1242 377 1241 381 1238 383 1234 411 1234 415 1236 421 1241 422 1241 423 1241 424 1241 461 1236 487 1240 488 1240 489 1240 503 1233 526 1239 527 1239 528 1239 565 1230 565 1222 563 1196 526 1191 526 1191 525 1191 515 1196 508 1191 507 1191 506 1191 505 1191 504 1191 503 1191 498 1197 497 1198 477 1198 476 1197 458 1186 457 1186 456 1186 455 1186 418 1193 402 1187 401 1187 400 1187 369 1193 341 1188 340 1188 339 1188 338 1188 338 1189 328 1200 307 1193 306 1193 305 1193 304 1193 285 1201 284 1201 283 1201 253 1190 252 1190 251 1190 250 1190 231 1200 232 1228"/></Shape>
	    <String CONTENT="dum ſit iudicium."
                    HPOS="231"
                    VPOS="1186"
                    WIDTH="334"
                    HEIGHT="58"
                    WC="0.990396187585943"></String>
          </TextLine>

          
          
          <TextLine ID="eSc_line_7eec46de"
                    TAGREFS="LT4176"
                    BASELINE="285 1274 1020 1268" 
                    HPOS="284"
                    VPOS="1230"
                    WIDTH="736"
                    HEIGHT="62">
            <Shape><Polygon POINTS="285 1274 285 1284 317 1292 318 1292 356 1286 363 1292 364 1292 365 1292 366 1292 396 1286 408 1291 409 1291 410 1291 447 1286 502 1290 502 1290 503 1290 504 1290 513 1284 559 1290 560 1290 561 1290 577 1283 621 1288 622 1288 662 1282 729 1289 730 1289 778 1281 883 1288 884 1288 885 1288 897 1281 990 1287 991 1287 992 1287 1020 1278 1020 1268 1017 1234 973 1239 946 1235 912 1230 911 1230 910 1230 889 1236 875 1240 837 1236 809 1234 808 1234 807 1234 806 1234 802 1237 797 1240 773 1238 748 1235 747 1235 710 1239 684 1241 673 1239 657 1236 656 1236 655 1236 641 1240 631 1242 629 1240 620 1232 619 1232 618 1232 582 1232 581 1232 580 1232 561 1241 559 1242 556 1241 538 1232 537 1232 536 1232 535 1232 515 1241 503 1233 502 1233 502 1233 457 1233 456 1233 455 1233 437 1243 424 1233 423 1233 422 1233 406 1233 406 1233 405 1233 370 1244 369 1245 350 1245 341 1245 331 1235 330 1235 329 1235 328 1235 284 1245 285 1274"/></Shape>
	    <String CONTENT="Quintò, de impoſitione manuum admo¬"
                    HPOS="284"
                    VPOS="1230"
                    WIDTH="736"
                    HEIGHT="62"
                    WC="0.980599583850967"></String>
          </TextLine>

          
          
          <TextLine ID="eSc_line_604e6570"
                    TAGREFS="LT4176"
                    BASELINE="233 1325 853 1319" 
                    HPOS="232"
                    VPOS="1281"
                    WIDTH="621"
                    HEIGHT="62">
            <Shape><Polygon POINTS="233 1325 233 1337 287 1343 287 1343 288 1343 289 1343 297 1337 298 1337 300 1337 318 1343 319 1343 320 1343 353 1338 358 1342 359 1342 359 1342 360 1342 361 1342 372 1337 378 1334 408 1334 414 1337 420 1341 421 1341 422 1341 423 1341 424 1341 425 1341 425 1340 429 1337 431 1334 442 1337 453 1340 454 1340 454 1340 474 1337 491 1334 496 1337 499 1340 500 1340 501 1340 502 1341 566 1341 566 1340 567 1340 575 1337 588 1332 618 1337 627 1338 628 1338 629 1338 630 1338 632 1337 641 1331 677 1331 693 1337 696 1338 697 1338 698 1338 706 1337 728 1331 746 1337 751 1338 752 1338 753 1338 813 1337 814 1337 816 1336 831 1330 850 1336 853 1319 851 1290 790 1285 789 1285 789 1285 788 1285 783 1290 765 1281 764 1281 763 1281 762 1281 761 1281 746 1290 725 1282 724 1282 723 1282 722 1282 706 1291 688 1284 687 1284 686 1284 685 1284 671 1292 670 1292 670 1292 650 1283 649 1283 648 1283 647 1283 646 1283 633 1292 629 1292 574 1286 573 1286 572 1286 571 1286 571 1287 565 1293 529 1293 509 1293 499 1284 498 1284 497 1284 496 1284 439 1292 424 1285 423 1285 422 1285 421 1285 420 1285 406 1294 343 1286 342 1286 341 1286 317 1296 315 1297 232 1297 233 1325"/></Shape>
	    <String CONTENT="net ipſum, vt ſit cautus &amp; prudens."
                    HPOS="232"
                    VPOS="1281"
                    WIDTH="621"
                    HEIGHT="62"
                    WC="0.976928697313581"></String>
          </TextLine>

          
          
          <TextLine ID="eSc_line_d71b4be4"
                    TAGREFS="LT4176"
                    BASELINE="286 1374 1019 1365" 
                    HPOS="285"
                    VPOS="1329"
                    WIDTH="734"
                    HEIGHT="62">
            <Shape><Polygon POINTS="286 1374 286 1383 351 1391 352 1391 353 1391 365 1384 374 1390 375 1390 376 1390 377 1391 431 1391 431 1390 509 1388 510 1388 535 1381 536 1381 537 1381 597 1387 598 1387 598 1387 599 1387 608 1380 609 1380 611 1380 667 1386 668 1386 669 1386 689 1379 691 1379 699 1379 795 1383 796 1383 838 1378 870 1384 871 1384 872 1384 885 1378 942 1383 943 1383 1019 1375 1019 1365 1018 1338 997 1329 996 1329 995 1329 994 1329 993 1329 983 1336 942 1332 941 1332 940 1332 939 1332 932 1338 931 1338 925 1338 835 1331 834 1331 833 1331 815 1338 813 1339 809 1338 790 1333 789 1333 789 1333 788 1333 777 1338 772 1341 722 1341 714 1338 694 1333 694 1333 693 1333 692 1333 691 1333 684 1338 679 1341 661 1338 651 1337 650 1337 649 1337 645 1338 631 1342 623 1338 615 1334 614 1334 578 1334 577 1334 559 1338 543 1342 474 1339 473 1339 472 1339 460 1345 382 1345 364 1340 363 1340 362 1340 336 1346 316 1338 314 1338 313 1338 312 1338 285 1338 286 1374"/></Shape>
	    <String CONTENT="Sextò, priuata adiicit, de curanda valetu¬"
                    HPOS="285"
                    VPOS="1329"
                    WIDTH="734"
                    HEIGHT="62"></String>
          </TextLine>

          
          
          <TextLine ID="eSc_line_92494581"
                    TAGREFS="LT4176"
                    BASELINE="235 1423 1021 1418" 
                    HPOS="234"
                    VPOS="1376"
                    WIDTH="787"
                    HEIGHT="67">
            <Shape><Polygon POINTS="235 1423 235 1434 261 1443 262 1443 263 1443 303 1435 304 1435 305 1435 349 1439 350 1439 369 1435 375 1434 406 1434 411 1435 433 1443 434 1443 435 1443 508 1442 509 1442 510 1442 518 1436 523 1433 549 1436 604 1442 605 1442 644 1441 645 1441 646 1441 651 1436 652 1435 658 1436 675 1441 676 1441 677 1441 728 1437 740 1436 742 1437 752 1440 753 1440 754 1440 755 1440 756 1440 759 1437 766 1431 848 1437 887 1440 888 1440 918 1438 1002 1430 1019 1438 1021 1418 1019 1389 985 1380 984 1380 983 1380 982 1380 972 1388 972 1389 922 1389 921 1388 903 1376 902 1376 901 1376 900 1376 806 1377 805 1377 790 1384 761 1377 760 1377 759 1377 738 1387 730 1390 721 1387 699 1378 698 1378 697 1378 696 1378 671 1386 666 1388 658 1386 637 1381 636 1381 635 1381 624 1386 615 1392 562 1392 551 1386 538 1379 537 1379 536 1379 535 1379 513 1385 490 1392 478 1385 471 1380 470 1380 469 1380 468 1380 432 1384 431 1384 430 1384 430 1385 418 1392 406 1385 402 1383 401 1383 400 1383 382 1384 382 1384 381 1384 361 1394 293 1394 278 1384 274 1381 273 1381 272 1381 271 1381 234 1383 235 1423"/></Shape>
	    <String CONTENT="dine in tot laboribus. De his ferè diſputatur"
                    HPOS="234"
                    VPOS="1376"
                    WIDTH="787"
                    HEIGHT="67"
                    WC="0.985700859971668"></String>
          </TextLine>

          
          
          <TextLine ID="eSc_line_ee6599ba"
                    TAGREFS="LT4176"
                    BASELINE="237 1474 577 1470" 
                    HPOS="236"
                    VPOS="1436"
                    WIDTH="341"
                    HEIGHT="59">
            <Shape><Polygon POINTS="237 1474 237 1484 246 1490 247 1490 248 1490 249 1490 293 1484 310 1484 321 1494 322 1494 323 1494 324 1495 374 1495 374 1494 375 1494 376 1494 394 1483 409 1489 410 1489 411 1489 412 1489 420 1486 430 1493 430 1493 431 1493 432 1494 468 1494 468 1493 469 1493 470 1493 482 1485 502 1490 503 1490 504 1490 505 1490 506 1490 519 1482 552 1481 560 1487 561 1487 562 1487 563 1487 564 1487 577 1479 577 1470 575 1445 463 1436 462 1436 461 1436 447 1443 439 1445 428 1442 422 1441 421 1441 420 1441 419 1441 416 1442 405 1446 401 1442 396 1438 396 1437 395 1437 394 1437 382 1437 381 1437 380 1437 379 1437 379 1438 375 1441 372 1444 365 1441 359 1438 359 1438 358 1438 357 1438 356 1438 353 1441 345 1446 312 1447 289 1440 285 1438 284 1438 283 1438 236 1438 237 1474"/></Shape>
	    <String CONTENT="hoc capite quinto."
                    HPOS="236"
                    VPOS="1436"
                    WIDTH="341"
                    HEIGHT="59"
                    WC="0.995403110980988"></String>
          </TextLine>

          
          
          <TextLine ID="eSc_line_47715070"
                    TAGREFS="LT4176"
                    BASELINE="288 1525 1034 1514" 
                    HPOS="287"
                    VPOS="1475"
                    WIDTH="747"
                    HEIGHT="79">
            <Shape><Polygon POINTS="1029 1485 992 1485 981 1477 980 1477 979 1477 978 1477 977 1477 976 1477 965 1485 963 1486 944 1486 940 1485 898 1475 897 1475 842 1483 826 1480 825 1480 824 1480 813 1485 808 1488 784 1488 778 1485 765 1477 764 1477 763 1477 762 1477 761 1477 752 1484 733 1479 732 1479 731 1479 730 1479 717 1485 710 1488 694 1488 691 1485 684 1479 683 1479 682 1479 681 1479 680 1479 668 1485 664 1486 655 1485 627 1479 626 1479 625 1479 610 1485 598 1489 563 1485 534 1481 533 1481 532 1481 531 1481 527 1485 520 1490 490 1492 445 1492 430 1485 424 1482 423 1482 422 1482 421 1482 415 1485 398 1492 370 1489 369 1489 336 1493 319 1485 318 1484 317 1484 316 1484 287 1484 288 1525 288 1544 336 1542 341 1544 359 1553 359 1553 360 1554 382 1554 382 1553 438 1545 478 1552 479 1552 480 1552 519 1540 526 1538 530 1540 548 1550 549 1550 550 1550 550 1550 567 1545 599 1550 600 1550 601 1550 602 1550 615 1542 689 1549 690 1549 691 1549 723 1537 742 1548 743 1548 744 1549 763 1549 763 1548 822 1538 823 1538 824 1538 824 1537 829 1534 832 1532 857 1534 895 1536 896 1536 897 1536 906 1532 910 1530 1034 1529 1034 1514 1032 1491 1029 1485"/></Shape>
	    <String CONTENT="Propoſitio in ſingulis locis quærẽda &amp; con"
                    HPOS="287"
                    VPOS="1475"
                    WIDTH="747"
                    HEIGHT="79"
                    WC="0.979384132595949"></String>
          </TextLine>

          
        </TextBlock>
        
        <TextBlock HPOS="846"
                   VPOS="1533"
                   WIDTH="195"
                   HEIGHT="46"
                   ID="block_4"
                   TAGREFS="BT10631">
          <Shape><Polygon POINTS="1041 1533 1041 1579 846 1579 846 1533"/></Shape>
          
          
          <TextLine ID="eSc_line_272c5194"
                    TAGREFS="LT4176"
                    BASELINE="857 1566 1039 1564" 
                    HPOS="856"
                    VPOS="1527"
                    WIDTH="183"
                    HEIGHT="65">
            <Shape><Polygon POINTS="857 1566 857 1585 871 1591 872 1591 873 1592 917 1592 917 1591 918 1591 950 1582 957 1580 970 1581 1018 1585 1019 1585 1020 1585 1039 1578 1039 1564 1038 1538 1006 1527 1005 1527 1005 1527 965 1535 942 1539 901 1539 890 1530 887 1528 886 1528 885 1528 885 1528 856 1528 857 1566"/></Shape>
	    <String CONTENT="ſtituenda"
                    HPOS="856"
                    VPOS="1527"
                    WIDTH="183"
                    HEIGHT="65"></String>
          </TextLine>

          
        </TextBlock>
        
        <TextBlock HPOS="200"
                   VPOS="135"
                   WIDTH="839"
                   HEIGHT="93"
                   ID="eSc_textblock_0f1145c6"
                   TAGREFS="BT10633">
          <Shape><Polygon POINTS="200 135 200 228 1039 228 1039 135"/></Shape>
          
        </TextBlock>
        
        <TextBlock HPOS="204"
                   VPOS="356"
                   WIDTH="217"
                   HEIGHT="205"
                   ID="eSc_textblock_bb2b5ae0"
                   TAGREFS="BT10634">
          <Shape><Polygon POINTS="204 356 204 561 421 561 421 356"/></Shape>
          
        </TextBlock>
        

        
      </PrintSpace>
    </Page>
  </Layout>
</alto>
