<?xml version="1.0" encoding="UTF-8"?>
<alto xmlns:xsi="http://www.w3.org/2001/XMLSchema-instance"
      xmlns="http://www.loc.gov/standards/alto/ns-v4#"
      xsi:schemaLocation="http://www.loc.gov/standards/alto/ns-v4# http://www.loc.gov/standards/alto/v4/alto-4-2.xsd">
  <Description>
    <MeasurementUnit>pixel</MeasurementUnit>
    <sourceImageInformation>
      <fileName>page_00083.png</fileName>
      
    </sourceImageInformation>
  </Description>
  
  <Tags>
    <OtherTag ID="BT10635" LABEL="NumberingZone" DESCRIPTION="block type NumberingZone"/><OtherTag ID="BT10634" LABEL="DropCapitalZone" DESCRIPTION="block type DropCapitalZone"/><OtherTag ID="BT10633" LABEL="GraphicZone" DESCRIPTION="block type GraphicZone"/><OtherTag ID="BT10632" LABEL="RunningTitleZone" DESCRIPTION="block type RunningTitleZone"/><OtherTag ID="BT10631" LABEL="QuireMarksZone" DESCRIPTION="block type QuireMarksZone"/><OtherTag ID="BT10630" LABEL="MarginTextZone" DESCRIPTION="block type MarginTextZone"/><OtherTag ID="BT10629" LABEL="MainZone" DESCRIPTION="block type MainZone"/>
    <OtherTag ID="LT4179" LABEL="default" DESCRIPTION="line type default"/><OtherTag ID="LT4178" LABEL="CustomLine : BiblicalText" DESCRIPTION="line type CustomLine : BiblicalText"/><OtherTag ID="LT4177" LABEL="HeadingLine" DESCRIPTION="line type HeadingLine"/><OtherTag ID="LT4176" LABEL="DefaultLine" DESCRIPTION="line type DefaultLine"/>
  </Tags>
  
  <Layout>
    <Page WIDTH="1090"
          HEIGHT="1723"
          PHYSICAL_IMG_NR="5"
          ID="eSc_dummypage_">
      <PrintSpace HPOS="0"
                  VPOS="0"
                  WIDTH="1090"
                  HEIGHT="1723">
        
        <TextBlock HPOS="201"
                   VPOS="57"
                   WIDTH="48"
                   HEIGHT="32"
                   ID="eSc_textblock_4c1a2536"
                   TAGREFS="BT10635">
          <Shape><Polygon POINTS="201 57 201 89 249 89 249 57"/></Shape>
          
          
          <TextLine ID="eSc_line_c87f8982"
                    TAGREFS="LT4176"
                    BASELINE="211 83 226 87 238 89" 
                    HPOS="205"
                    VPOS="57"
                    WIDTH="31"
                    HEIGHT="49">
            <Shape><Polygon POINTS="229 64 218 57 215 57 209 81 205 106 234 99 236 87 236 86 229 64"/></Shape>
	    <String CONTENT="34"
                    HPOS="205"
                    VPOS="57"
                    WIDTH="31"
                    HEIGHT="49"></String>
          </TextLine>

          
        </TextBlock>
        
        <TextBlock HPOS="371"
                   VPOS="30"
                   WIDTH="477"
                   HEIGHT="62"
                   ID="block_1"
                   TAGREFS="BT10632">
          <Shape><Polygon POINTS="848 30 848 92 371 92 371 30"/></Shape>
          
          
          <TextLine ID="eSc_line_06db5cdb"
                    TAGREFS="LT4177"
                    BASELINE="389 76 830 74" 
                    HPOS="388"
                    VPOS="42"
                    WIDTH="442"
                    HEIGHT="58">
            <Shape><Polygon POINTS="810 42 800 42 791 42 781 42 772 42 762 42 752 42 743 42 733 42 724 42 714 42 704 42 695 42 685 42 676 42 666 42 657 42 647 42 637 42 628 42 618 42 609 42 607 44 605 44 601 44 590 42 580 42 570 42 567 42 547 44 543 44 542 44 535 42 532 42 523 42 520 44 512 42 503 42 499 42 493 44 490 42 484 42 475 42 465 42 455 42 446 42 436 42 431 42 388 45 389 76 389 100 432 94 484 98 485 98 486 98 487 98 499 90 516 90 524 98 524 99 525 99 526 99 527 99 576 98 590 97 609 90 623 97 625 98 626 98 627 98 635 97 666 93 694 96 710 98 711 98 712 98 718 96 736 89 753 95 755 96 756 96 757 96 758 96 759 96 759 95 770 89 828 94 830 74 828 45 819 44"/></Shape>
	    <String CONTENT="COMMENTARII"
                    HPOS="388"
                    VPOS="42"
                    WIDTH="442"
                    HEIGHT="58"
                    WC="0.997135969725522"></String>
          </TextLine>

          
        </TextBlock>
        
        <TextBlock HPOS="186"
                   VPOS="93"
                   WIDTH="831"
                   HEIGHT="1445"
                   ID="block_0"
                   TAGREFS="BT10629">
          <Shape><Polygon POINTS="1017 93 1017 1538 186 1538 186 93"/></Shape>
          
          
          <TextLine ID="eSc_line_4f8d85a1"
                    TAGREFS="LT4176"
                    BASELINE="197 137 653 133 1001 134" 
                    HPOS="196"
                    VPOS="91"
                    WIDTH="805"
                    HEIGHT="66">
            <Shape><Polygon POINTS="962 111 953 109 943 108 933 106 924 104 855 104 808 91 807 91 806 91 765 96 712 91 711 91 710 91 709 91 702 96 636 91 635 91 635 91 634 91 624 98 609 92 608 92 607 92 577 97 531 92 530 92 529 92 486 104 484 104 482 104 459 96 458 96 457 96 417 104 403 106 372 104 337 101 336 101 318 104 304 106 295 104 265 94 264 94 263 94 262 94 239 104 238 104 237 104 221 95 220 95 219 95 218 95 196 103 197 137 197 149 284 156 285 156 286 156 287 156 299 149 300 149 344 149 360 156 361 156 362 157 404 157 404 156 439 150 454 156 454 156 455 156 498 156 498 156 499 156 499 156 511 148 513 148 553 153 554 153 580 148 610 156 611 156 612 156 647 148 656 154 657 154 658 154 714 155 715 155 785 147 818 155 819 155 1000 145 1001 134 967 111 962 111"/></Shape>
	    <String CONTENT="ſint, tamen non prodeſt illis Chriſtus, quan¬"
                    HPOS="196"
                    VPOS="91"
                    WIDTH="805"
                    HEIGHT="66"
                    WC="0.996482310030195"></String>
          </TextLine>

          
          
          <TextLine ID="eSc_line_82fd7ab0"
                    TAGREFS="LT4176"
                    BASELINE="198 185 555 182 1008 185" 
                    HPOS="198"
                    VPOS="146"
                    WIDTH="810"
                    HEIGHT="61">
            <Shape><Polygon POINTS="1000 146 999 146 943 146 942 146 941 146 940 146 929 153 925 156 844 156 838 153 820 148 819 148 741 146 740 146 739 146 715 153 709 156 645 156 635 154 595 146 594 146 593 146 592 146 581 154 578 155 574 154 553 146 552 146 551 146 550 146 525 154 523 154 522 154 503 146 502 146 501 146 500 146 485 154 482 155 476 154 445 147 444 147 443 147 430 154 427 156 372 156 368 154 358 148 357 148 294 146 293 146 292 146 291 146 278 154 275 156 241 156 237 154 219 146 218 146 217 146 216 146 198 152 198 185 198 204 249 200 258 205 261 206 262 206 263 206 264 206 270 205 284 201 301 205 305 205 306 205 310 205 338 200 353 205 357 206 358 206 359 206 360 206 364 205 381 201 387 205 388 206 389 206 390 206 391 207 454 207 454 206 461 205 495 200 612 200 640 205 644 206 645 207 776 207 776 206 777 206 778 206 787 201 824 206 828 206 829 206 830 206 831 206 854 200 873 205 874 205 875 205 920 200 953 206 955 206 956 206 957 206 985 200 1005 206 1008 185 1008 166 1004 149"/></Shape>
	    <String CONTENT="doqui dem peccatum non agnoſcunt, imò ſibi"
                    HPOS="198"
                    VPOS="146"
                    WIDTH="810"
                    HEIGHT="61"
                    WC="0.960027874902237"></String>
          </TextLine>

          
          
          <TextLine ID="eSc_line_6d5f948e"
                    TAGREFS="LT4176"
                    BASELINE="197 234 467 234" 
                    HPOS="197"
                    VPOS="197"
                    WIDTH="270"
                    HEIGHT="54">
            <Shape><Polygon POINTS="197 234 197 246 235 251 236 251 467 247 467 234 467 208 450 208 434 199 433 199 432 199 431 199 431 199 404 207 311 197 310 197 309 197 288 208 272 208 261 198 261 197 260 197 259 197 242 197 241 197 197 207 197 234"/></Shape>
	    <String CONTENT="iuſti videntur."
                    HPOS="197"
                    VPOS="197"
                    WIDTH="270"
                    HEIGHT="54"
                    WC="0.985588471094767"></String>
          </TextLine>

          
          
          <TextLine ID="eSc_line_a795580a"
                    TAGREFS="LT4176"
                    BASELINE="227 285 454 281 1005 282" 
                    HPOS="227"
                    VPOS="241"
                    WIDTH="778"
                    HEIGHT="57">
            <Shape><Polygon POINTS="227 285 227 298 1004 297 1005 282 1004 253 934 253 888 242 887 242 886 242 870 247 844 241 843 241 788 241 787 241 755 247 740 244 739 244 738 244 737 244 736 244 728 248 696 241 695 241 694 241 670 252 635 246 634 246 633 246 619 252 593 241 592 241 591 241 502 251 476 241 476 241 440 241 439 241 438 241 422 248 408 241 407 241 383 241 382 241 381 241 380 241 367 251 349 252 330 243 329 243 328 243 294 247 262 241 261 241 260 241 259 241 241 253 227 253 227 285"/></Shape>
	    <String CONTENT="Sonat Chriſtus vnctum, &amp; rectè, habet e¬"
                    HPOS="227"
                    VPOS="241"
                    WIDTH="778"
                    HEIGHT="57"
                    WC="0.976931746413068"></String>
          </TextLine>

          
          
          <TextLine ID="eSc_line_6de1794b"
                    TAGREFS="LT4176"
                    BASELINE="197 333 1003 329" 
                    HPOS="196"
                    VPOS="292"
                    WIDTH="807"
                    HEIGHT="61">
            <Shape><Polygon POINTS="197 333 197 347 246 353 247 353 368 348 398 347 412 348 455 352 456 352 508 348 529 347 535 348 547 352 548 352 549 352 630 351 631 351 632 351 635 349 639 346 652 349 664 351 665 352 722 352 722 351 723 351 724 351 726 349 730 346 768 349 797 351 798 351 799 351 806 349 820 345 837 349 842 350 843 350 1003 349 1003 329 1001 302 931 302 868 292 867 292 829 299 748 293 747 293 746 293 745 293 733 302 732 302 730 302 608 293 607 293 606 293 605 293 592 303 590 303 565 294 564 294 533 294 532 294 531 294 514 303 513 303 511 303 472 294 471 294 470 294 469 294 456 303 455 303 424 294 423 294 422 294 421 294 396 300 337 295 336 295 335 295 304 303 300 304 292 303 251 299 250 299 249 299 236 304 234 304 232 304 221 298 220 298 219 298 196 303 197 333"/></Shape>
	    <String CONTENT="nim vnctionem multiplicem. Prima huma¬"
                    HPOS="196"
                    VPOS="292"
                    WIDTH="807"
                    HEIGHT="61"
                    WC="0.978178427407616"></String>
          </TextLine>

          
          
          <TextLine ID="eSc_line_d669c83a"
                    TAGREFS="LT4176"
                    BASELINE="196 382 1001 377" 
                    HPOS="195"
                    VPOS="340"
                    WIDTH="806"
                    HEIGHT="63">
            <Shape><Polygon POINTS="196 382 196 403 242 396 307 401 308 401 309 401 310 401 317 395 381 395 390 401 391 401 392 401 407 402 432 402 433 402 434 402 435 402 435 401 443 397 487 401 494 401 495 401 496 401 497 401 509 396 541 400 549 401 550 401 551 401 552 401 553 400 562 395 615 399 618 399 619 399 620 399 634 393 671 399 682 400 683 401 719 401 719 400 720 400 721 400 724 398 734 392 809 392 817 397 819 399 820 399 821 399 822 399 843 396 869 393 890 396 907 398 908 398 1001 394 1001 377 999 350 949 350 948 350 928 340 927 340 926 340 925 340 903 350 902 350 901 350 869 342 868 342 867 342 850 350 848 351 840 350 800 346 799 346 773 351 772 351 770 351 737 341 736 341 735 341 734 341 733 341 722 351 720 352 704 352 704 351 692 342 691 342 690 342 634 342 633 342 586 352 580 353 576 352 547 343 546 343 513 343 512 343 511 343 499 349 476 343 475 343 474 343 473 343 472 343 459 351 423 344 422 344 421 344 402 353 400 354 395 353 348 344 347 344 346 344 310 354 305 355 300 354 276 346 275 346 274 346 273 346 250 354 249 355 195 355 196 382"/></Shape>
	    <String CONTENT="nitatis eſt in humilitate, ſecundum quam ho¬"
                    HPOS="195"
                    VPOS="340"
                    WIDTH="806"
                    HEIGHT="63"
                    WC="0.995281029831279"></String>
          </TextLine>

          
          
          <TextLine ID="eSc_line_ac1bd4ec"
                    TAGREFS="LT4176"
                    BASELINE="196 432 999 426" 
                    HPOS="195"
                    VPOS="389"
                    WIDTH="804"
                    HEIGHT="62">
            <Shape><Polygon POINTS="196 432 196 446 328 451 329 451 377 446 383 446 390 446 450 450 451 450 483 446 493 445 496 446 503 449 504 449 505 449 568 446 604 444 610 446 617 448 618 448 619 448 641 446 657 444 697 446 742 447 743 447 744 447 745 447 747 446 751 443 784 446 812 447 813 447 814 447 821 446 831 443 999 445 999 426 997 391 919 397 889 392 869 389 868 389 867 389 856 393 843 398 777 398 768 394 758 390 757 390 756 390 730 395 718 397 708 395 690 391 689 391 658 396 640 399 636 396 630 391 629 391 628 391 601 391 600 391 599 391 598 391 591 397 588 400 560 398 499 392 498 392 465 393 464 393 463 393 455 399 453 401 440 400 396 394 395 394 394 394 382 400 381 401 375 401 334 395 333 395 298 402 295 402 294 402 250 394 249 394 249 394 248 394 237 402 195 402 196 432"/></Shape>
	    <String CONTENT="mo verus natus eſt. Altera eſt miniſterii &amp;"
                    HPOS="195"
                    VPOS="389"
                    WIDTH="804"
                    HEIGHT="62"
                    WC="0.974096894264221"></String>
          </TextLine>

          
          
          <TextLine ID="eSc_line_8f057622"
                    TAGREFS="LT4176"
                    BASELINE="198 480 1006 475" 
                    HPOS="197"
                    VPOS="438"
                    WIDTH="809"
                    HEIGHT="65">
            <Shape><Polygon POINTS="198 480 198 495 305 495 306 495 331 503 332 503 333 503 334 503 335 503 346 495 358 495 373 495 386 502 387 502 388 502 431 495 450 502 451 502 452 502 453 502 472 494 509 502 510 502 511 502 541 493 544 493 547 493 593 501 594 502 660 502 660 501 661 501 662 501 670 495 695 500 696 500 697 500 717 492 718 492 720 492 737 499 738 499 739 499 740 499 757 494 792 500 793 500 794 500 810 494 834 500 835 500 836 500 868 492 881 499 882 499 883 500 946 500 946 499 1005 491 1006 475 1005 447 984 438 983 438 982 438 981 438 952 447 898 447 879 438 878 438 877 438 876 438 842 448 816 448 800 439 799 439 798 439 779 439 778 439 777 439 776 439 764 448 699 448 691 443 690 443 689 443 688 443 687 443 672 447 646 440 645 440 644 440 643 440 642 440 628 448 607 440 606 440 556 440 555 440 554 440 519 450 447 450 433 441 432 441 431 441 409 441 408 441 341 450 313 442 312 442 219 442 218 442 217 442 197 450 198 480"/></Shape>
	    <String CONTENT="officii propria, quæ declarata eſt in Baptiſ¬"
                    HPOS="197"
                    VPOS="438"
                    WIDTH="809"
                    HEIGHT="65"
                    WC="0.994551074504852"></String>
          </TextLine>

          
          
          <TextLine ID="eSc_line_4f2f0459"
                    TAGREFS="LT4176"
                    BASELINE="196 529 1010 525" 
                    HPOS="195"
                    VPOS="490"
                    WIDTH="815"
                    HEIGHT="59">
            <Shape><Polygon POINTS="196 529 196 542 265 549 266 549 267 549 289 543 294 542 357 542 372 543 415 548 416 548 445 544 464 541 469 544 476 548 477 548 478 549 543 549 543 548 544 548 545 548 549 544 553 542 590 544 632 547 633 547 634 547 643 545 661 540 681 545 685 546 686 546 687 546 698 545 734 540 764 545 775 547 776 547 777 547 778 547 780 545 789 540 858 546 865 546 866 546 867 546 868 546 885 539 900 546 901 546 902 546 903 547 1009 547 1010 525 1008 498 976 498 953 490 952 490 951 490 950 490 949 490 936 498 890 498 874 492 873 492 872 492 871 492 850 497 840 491 840 491 839 491 838 491 837 491 817 496 726 491 726 491 691 495 665 491 664 491 663 491 662 491 651 498 631 491 630 491 629 491 628 491 607 497 526 492 525 492 475 498 466 499 462 498 439 492 438 492 437 492 436 492 435 492 427 498 426 499 383 500 366 498 339 495 338 495 337 495 328 498 324 500 322 498 317 494 316 494 315 494 314 494 313 494 312 494 305 498 301 500 195 499 196 529"/></Shape>
	    <String CONTENT="mo: tum enim nobis vt doctor commenda¬"
                    HPOS="195"
                    VPOS="490"
                    WIDTH="815"
                    HEIGHT="59"
                    WC="0.973536154157237"></String>
          </TextLine>

          
          
          <TextLine ID="eSc_line_a77cd047"
                    TAGREFS="LT4176"
                    BASELINE="197 578 1009 576" 
                    HPOS="196"
                    VPOS="537"
                    WIDTH="813"
                    HEIGHT="61">
            <Shape><Polygon POINTS="197 578 199 596 204 592 238 596 265 598 266 598 267 598 272 595 284 589 328 595 329 595 330 595 340 589 473 589 495 595 505 598 506 598 507 598 523 595 542 592 571 595 601 598 602 598 603 598 613 595 631 589 697 595 724 597 725 597 739 595 758 592 796 595 829 597 830 597 831 597 832 597 835 595 840 590 860 595 862 595 863 595 867 595 897 588 908 595 910 597 911 597 912 597 913 597 1008 594 1009 576 1007 548 966 537 965 537 964 537 943 547 913 538 912 538 911 538 910 538 909 538 899 547 820 547 801 537 800 537 799 537 761 544 736 537 735 537 734 537 733 537 732 537 718 547 676 542 675 542 635 547 604 537 603 537 602 537 575 538 574 538 573 538 560 548 508 541 507 541 466 545 455 538 454 538 454 538 453 538 402 543 351 538 350 538 349 538 348 538 340 544 333 538 332 538 331 538 290 538 289 538 288 538 269 547 196 549 197 578"/></Shape>
	    <String CONTENT="tus eſt à Deo Patre. Tertia, eſt dignitatis, ſe¬"
                    HPOS="196"
                    VPOS="537"
                    WIDTH="813"
                    HEIGHT="61"
                    WC="0.961614371562491"></String>
          </TextLine>

          
          
          <TextLine ID="eSc_line_2f3b4440"
                    TAGREFS="LT4176"
                    BASELINE="196 626 695 624 1009 627" 
                    HPOS="195"
                    VPOS="587"
                    WIDTH="814"
                    HEIGHT="60">
            <Shape><Polygon POINTS="196 626 195 639 222 643 223 643 224 643 237 640 244 638 248 640 263 646 264 646 265 646 266 646 278 640 321 646 322 646 323 646 337 640 340 638 347 640 370 646 371 646 372 646 408 640 413 639 417 640 438 646 439 646 440 647 440 646 441 646 462 640 466 639 472 640 499 645 499 645 521 640 528 638 536 640 558 646 559 646 560 646 610 640 613 640 616 640 667 646 668 647 720 647 720 646 721 646 722 646 729 640 738 646 739 646 740 646 741 646 742 646 743 646 751 640 756 638 843 638 852 640 871 646 872 646 873 646 1008 640 1009 627 1008 598 943 598 904 587 903 587 838 587 837 587 836 587 835 587 820 598 795 598 781 587 780 587 779 587 753 587 752 587 751 587 723 597 693 587 692 587 691 587 690 587 670 592 613 587 613 587 612 587 598 592 554 588 553 588 552 588 534 597 483 589 482 589 427 596 407 589 406 589 353 588 352 588 351 588 350 588 335 598 317 598 284 587 283 587 282 587 281 587 280 587 265 598 196 598 196 626"/></Shape>
	    <String CONTENT="cundum quam vt rex vnctus eſt. Eſt enim"
                    HPOS="195"
                    VPOS="587"
                    WIDTH="814"
                    HEIGHT="60"
                    WC="0.982535004615784"></String>
          </TextLine>

          
          
          <TextLine ID="eSc_line_a6c78f0a"
                    TAGREFS="LT4176"
                    BASELINE="196 676 1007 676" 
                    HPOS="196"
                    VPOS="638"
                    WIDTH="811"
                    HEIGHT="56">
            <Shape><Polygon POINTS="197 693 217 688 236 693 237 693 238 693 239 694 299 694 299 693 300 693 301 693 312 688 342 693 350 693 351 693 363 693 404 688 419 692 425 693 426 693 427 693 450 692 486 689 509 692 528 693 529 693 530 693 531 693 534 691 540 688 613 688 617 691 621 693 622 693 623 693 624 693 642 691 656 688 664 690 675 693 676 693 677 694 713 694 713 693 714 693 723 690 726 688 735 690 753 693 754 693 1007 687 1007 676 1007 648 846 648 843 646 819 638 818 638 745 638 744 638 743 638 742 638 732 646 730 647 721 646 696 642 695 642 694 642 682 646 678 647 676 645 666 638 665 638 664 638 643 638 642 638 641 638 628 645 624 647 605 645 545 638 480 644 460 646 450 644 421 638 420 638 419 638 407 644 400 648 350 639 342 643 335 638 334 638 333 638 295 638 294 638 273 643 256 647 196 643 196 676"/></Shape>
	    <String CONTENT="non ſolùm Pontifex noſter, ſed etiam rex."
                    HPOS="196"
                    VPOS="638"
                    WIDTH="811"
                    HEIGHT="56"></String>
          </TextLine>

          
          
          <TextLine ID="eSc_line_cbfe6b75"
                    TAGREFS="LT4176"
                    BASELINE="198 724 1007 724" 
                    HPOS="198"
                    VPOS="686"
                    WIDTH="809"
                    HEIGHT="59">
            <Shape><Polygon POINTS="198 724 198 738 238 744 239 744 240 744 241 744 248 739 250 738 299 738 304 739 313 744 314 744 315 744 316 744 332 739 334 739 353 739 492 744 493 744 494 744 495 744 500 740 505 738 527 740 554 744 555 744 556 744 567 740 578 738 608 738 613 741 618 744 619 744 620 744 621 745 742 745 742 744 743 744 749 741 757 738 806 741 835 744 836 744 837 744 844 742 859 738 881 742 892 744 893 744 894 744 900 742 913 738 932 742 940 744 941 744 942 744 1007 742 1007 724 1007 691 987 686 986 686 985 686 984 686 973 692 968 693 958 692 939 686 938 686 937 686 883 691 852 694 698 694 688 691 675 686 674 686 673 686 672 686 657 691 646 693 635 691 622 686 621 686 620 686 619 686 606 691 596 693 589 691 579 686 578 686 577 686 546 690 522 694 412 694 407 690 402 686 401 686 400 686 324 686 323 686 322 686 321 686 316 690 314 691 310 690 298 686 297 686 296 686 295 686 288 690 284 692 280 690 272 686 271 686 270 686 269 686 262 690 255 693 237 690 216 686 215 686 198 689 198 724"/></Shape>
	    <String CONTENT="Hanc declarauit in die Palmarum, quando ſe"
                    HPOS="198"
                    VPOS="686"
                    WIDTH="809"
                    HEIGHT="59"
                    WC="0.975670773358572"></String>
          </TextLine>

          
          
          <TextLine ID="eSc_line_cfeb85b9"
                    TAGREFS="LT4176"
                    BASELINE="199 774 1002 771" 
                    HPOS="198"
                    VPOS="735"
                    WIDTH="804"
                    HEIGHT="63">
            <Shape><Polygon POINTS="199 774 199 790 324 790 325 790 331 795 332 795 333 795 334 795 372 791 379 790 381 791 390 798 391 798 392 798 393 798 454 791 467 790 481 791 510 794 511 794 512 794 513 794 516 791 520 789 550 789 553 792 560 797 561 797 562 797 563 798 614 798 614 797 615 797 626 792 634 789 653 792 680 797 681 797 757 796 758 796 770 793 789 788 796 793 797 794 798 794 799 794 800 795 800 794 801 794 802 794 803 793 812 788 886 790 891 794 894 796 895 796 896 796 897 797 948 797 948 796 949 796 953 794 961 790 970 794 974 796 975 796 976 796 1002 794 1002 771 1000 743 967 735 966 735 931 742 929 743 848 743 846 741 835 737 834 737 833 737 804 741 798 742 797 741 789 735 788 735 787 735 747 735 746 735 745 735 744 735 735 741 732 743 726 741 721 738 720 738 719 738 706 740 693 743 689 740 682 736 681 736 681 736 680 736 638 740 627 741 617 740 590 736 589 736 588 736 587 736 581 739 574 743 520 739 501 738 500 738 494 739 464 744 427 738 422 738 421 738 420 738 419 738 400 745 353 745 339 738 338 738 337 738 290 744 278 738 277 737 276 737 275 737 274 737 198 737 199 774"/></Shape>
	    <String CONTENT="Iudæis tanquam rex obtulit, talis olim redi¬"
                    HPOS="198"
                    VPOS="735"
                    WIDTH="804"
                    HEIGHT="63"
                    WC="0.964813764799725"></String>
          </TextLine>

          
          
          <TextLine ID="eSc_line_80911915"
                    TAGREFS="LT4176"
                    BASELINE="196 823 405 825" 
                    HPOS="195"
                    VPOS="781"
                    WIDTH="210"
                    HEIGHT="66">
            <Shape><Polygon POINTS="196 823 195 844 265 840 297 843 340 847 340 847 367 841 369 841 377 847 378 847 379 847 380 847 381 847 404 840 405 825 404 798 376 798 365 794 327 783 326 783 325 783 324 783 312 790 310 791 309 789 303 785 303 784 302 784 301 784 300 784 299 784 298 784 294 788 287 793 276 786 270 783 269 783 268 783 267 783 261 785 234 796 218 782 217 782 216 782 196 781 196 823"/></Shape>
	    <String CONTENT="bit iudex."
                    HPOS="195"
                    VPOS="781"
                    WIDTH="210"
                    HEIGHT="66"
                    WC="0.958878552913666"></String>
          </TextLine>

          
          
          <TextLine ID="eSc_line_30820068"
                    TAGREFS="LT4176"
                    BASELINE="207 878 332 872 999 871" 
                    HPOS="206"
                    VPOS="831"
                    WIDTH="793"
                    HEIGHT="67">
            <Shape><Polygon POINTS="994 837 940 833 939 833 918 838 910 840 908 838 899 831 898 831 897 831 896 831 895 831 875 837 807 832 806 832 805 832 781 839 778 841 715 841 712 840 696 832 695 832 694 832 693 832 692 832 681 840 681 841 680 840 675 836 674 836 673 836 672 836 629 841 616 842 612 841 587 833 586 833 585 833 535 842 531 842 527 842 484 833 483 833 482 833 481 833 467 842 441 833 440 833 439 833 438 833 418 841 392 834 391 834 390 834 389 834 388 834 374 843 373 844 341 844 341 843 310 834 309 834 244 834 243 834 242 834 206 844 207 878 207 898 270 890 317 896 318 896 398 892 414 895 422 897 423 897 424 897 425 897 429 895 441 889 539 894 604 896 605 896 606 896 607 896 612 893 617 889 674 892 762 895 763 895 820 889 833 888 837 889 860 895 861 895 862 895 949 895 950 895 968 889 978 893 979 893 980 893 981 893 999 886 999 871 997 844 994 837"/></Shape>
	    <String CONTENT=" De prima &amp; ſecunda vnctione hîc loqui¬"
                    HPOS="206"
                    VPOS="831"
                    WIDTH="793"
                    HEIGHT="67"
                    WC="0.963854491710663"></String>
          </TextLine>

          
          
          <TextLine ID="eSc_line_7ebd8442"
                    TAGREFS="LT4176"
                    BASELINE="198 924 998 921" 
                    HPOS="197"
                    VPOS="886"
                    WIDTH="801"
                    HEIGHT="58">
            <Shape><Polygon POINTS="198 924 198 939 463 944 464 944 499 939 506 938 518 939 577 943 578 943 579 943 598 938 600 938 603 938 619 943 620 943 621 944 676 944 676 943 677 943 691 938 693 938 700 938 758 942 759 942 782 938 787 937 788 938 793 941 794 941 794 941 795 941 822 938 829 937 831 938 840 942 841 942 842 942 888 938 897 937 900 938 917 942 918 942 919 942 951 938 955 937 957 938 970 942 971 942 972 942 997 937 998 921 996 892 960 886 959 886 958 886 945 892 939 895 891 895 887 892 880 886 879 886 878 886 842 886 841 886 730 893 714 894 712 893 704 888 703 888 703 888 657 887 656 887 655 887 654 887 645 894 642 895 613 895 611 894 593 887 592 887 591 887 590 887 575 893 527 887 526 887 473 895 463 895 460 895 448 889 447 889 446 889 403 894 379 888 378 888 377 888 376 888 351 895 349 895 340 888 339 888 338 888 296 888 295 888 295 888 294 888 281 895 279 895 226 889 225 889 224 889 197 895 198 924"/></Shape>
	    <String CONTENT="tur, VENIT SALVARE PECCATORES. Sic"
                    HPOS="197"
                    VPOS="886"
                    WIDTH="801"
                    HEIGHT="58"
                    WC="0.981725301812677"></String>
          </TextLine>

          
          
          <TextLine ID="eSc_line_068f0bfe"
                    TAGREFS="LT4176"
                    BASELINE="197 972 772 969 996 973" 
                    HPOS="196"
                    VPOS="934"
                    WIDTH="800"
                    HEIGHT="59">
            <Shape><Polygon POINTS="197 972 197 985 252 992 253 993 380 993 380 992 407 987 412 986 417 987 436 992 437 992 438 992 474 987 484 986 491 987 504 991 505 991 506 991 507 991 514 987 518 985 522 988 530 992 531 992 532 992 533 992 534 992 540 988 544 985 596 985 616 988 640 992 641 992 642 992 652 988 662 984 669 988 673 991 674 991 675 991 676 991 677 991 683 989 694 985 717 989 726 990 727 990 728 990 731 989 740 984 750 989 755 991 756 991 757 992 897 992 897 991 898 991 899 991 900 990 910 984 946 984 994 990 996 973 995 942 896 935 895 935 894 935 882 941 881 941 877 940 837 934 836 934 772 940 756 941 744 939 707 934 706 934 705 934 704 934 697 939 693 942 650 943 630 943 623 939 617 935 616 935 615 935 614 935 590 939 582 939 567 939 530 935 529 935 528 935 527 935 523 938 517 942 509 938 503 935 502 935 472 935 471 935 470 935 464 938 453 943 350 943 342 938 341 938 340 938 340 938 339 938 326 943 255 943 242 936 240 935 239 935 238 935 196 935 197 972"/></Shape>
	    <String CONTENT="Ioan.3.Ver.I4. Vt Moſes exaltauit ſerpẽtem,"
                    HPOS="196"
                    VPOS="934"
                    WIDTH="800"
                    HEIGHT="59"
                    WC="0.978799183260311"></String>
          </TextLine>

          
          
          <TextLine ID="eSc_line_04b43285"
                    TAGREFS="LT4176"
                    BASELINE="195 1021 702 1018 1005 1022" 
                    HPOS="194"
                    VPOS="983"
                    WIDTH="811"
                    HEIGHT="58">
            <Shape><Polygon POINTS="195 1021 195 1041 222 1040 223 1040 224 1040 233 1033 261 1033 276 1040 277 1040 278 1040 316 1033 373 1038 374 1038 402 1033 419 1040 420 1040 421 1040 499 1033 535 1033 553 1040 554 1040 555 1040 556 1040 568 1034 579 1039 580 1039 625 1040 689 1040 690 1040 691 1040 692 1040 703 1033 714 1039 715 1039 716 1039 743 1033 767 1039 770 1040 771 1040 772 1040 776 1039 805 1033 824 1039 827 1040 828 1040 829 1041 877 1041 877 1040 878 1040 879 1040 880 1039 887 1033 908 1039 912 1040 913 1040 914 1040 1004 1038 1005 1022 1004 992 849 992 847 991 836 985 835 985 834 985 810 990 806 991 803 990 788 984 787 984 786 984 785 984 770 990 767 992 735 992 732 990 722 983 721 983 720 983 719 983 683 990 675 991 666 989 628 983 534 983 533 983 532 983 531 983 522 989 519 991 485 990 482 988 472 983 471 983 470 983 431 988 428 988 426 988 399 983 398 983 397 983 396 983 389 988 387 989 381 988 366 985 365 985 352 988 333 992 293 992 284 987 279 985 278 985 277 985 267 987 249 991 242 987 234 983 233 983 232 983 231 983 194 986 195 1021"/></Shape>
	    <String CONTENT="ſic oportet exaltari filiũ hominis, vt omnis qui"
                    HPOS="194"
                    VPOS="983"
                    WIDTH="811"
                    HEIGHT="58"
                    WC="0.971580684185028"></String>
          </TextLine>

          
          
          <TextLine ID="eSc_line_1854672f"
                    TAGREFS="LT4176"
                    BASELINE="195 1068 612 1067 1005 1072" 
                    HPOS="194"
                    VPOS="1029"
                    WIDTH="811"
                    HEIGHT="61">
            <Shape><Polygon POINTS="195 1068 194 1080 272 1087 273 1087 274 1087 287 1082 314 1087 315 1087 316 1087 327 1082 329 1081 368 1081 381 1082 421 1088 422 1088 470 1083 485 1082 511 1084 583 1089 584 1089 613 1085 624 1083 631 1085 643 1089 644 1089 834 1090 835 1090 836 1090 844 1087 853 1084 893 1084 899 1087 902 1090 903 1090 904 1090 905 1090 919 1088 941 1084 1003 1088 1005 1072 1004 1042 943 1042 942 1041 929 1031 928 1031 927 1031 926 1031 862 1038 794 1030 697 1030 696 1030 695 1030 694 1030 680 1040 679 1041 613 1041 613 1040 600 1032 599 1032 598 1032 597 1032 596 1032 576 1039 518 1031 517 1031 516 1031 497 1037 482 1029 481 1029 480 1029 479 1029 444 1039 406 1029 405 1029 404 1029 317 1038 272 1029 271 1029 270 1029 269 1029 253 1039 195 1039 195 1068"/></Shape>
	    <String CONTENT="credit in illum non pereat, ſed habeat vitam"
                    HPOS="194"
                    VPOS="1029"
                    WIDTH="811"
                    HEIGHT="61"
                    WC="0.982859056104313"></String>
          </TextLine>

          
          
          <TextLine ID="eSc_line_f66feb66"
                    TAGREFS="LT4176"
                    BASELINE="193 1117 548 1115 1004 1120" 
                    HPOS="192"
                    VPOS="1077"
                    WIDTH="812"
                    HEIGHT="64">
            <Shape><Polygon POINTS="193 1117 192 1137 404 1131 440 1137 454 1139 454 1139 471 1137 508 1131 531 1136 546 1140 547 1141 587 1141 587 1140 588 1140 597 1136 607 1132 613 1136 617 1140 618 1140 619 1140 620 1140 655 1136 677 1133 697 1135 740 1141 741 1141 742 1141 743 1141 750 1135 754 1133 779 1135 863 1141 864 1141 898 1134 900 1134 901 1134 916 1140 917 1140 918 1140 919 1140 933 1134 934 1134 1003 1134 1004 1120 1004 1090 952 1080 951 1080 909 1088 890 1080 889 1080 817 1079 817 1079 761 1087 653 1087 642 1078 641 1078 640 1078 639 1078 545 1086 534 1078 533 1078 532 1078 531 1078 530 1078 521 1082 508 1077 507 1077 506 1077 471 1082 450 1077 449 1077 448 1077 447 1077 446 1077 434 1085 416 1077 415 1077 414 1077 193 1084 193 1117"/></Shape>
	    <String CONTENT="æternam. Hinc dicitur ſaluator mundi, hoſtia"
                    HPOS="192"
                    VPOS="1077"
                    WIDTH="812"
                    HEIGHT="64"
                    WC="0.98746548186649"></String>
          </TextLine>

          
          
          <TextLine ID="eSc_line_fba3ed23"
                    TAGREFS="LT4176"
                    BASELINE="203 1166 827 1166" 
                    HPOS="203"
                    VPOS="1130"
                    WIDTH="624"
                    HEIGHT="61">
            <Shape><Polygon POINTS="203 1166 204 1190 226 1182 250 1190 251 1190 252 1190 254 1190 294 1184 343 1188 344 1188 394 1182 422 1190 423 1190 424 1190 425 1190 426 1190 427 1190 454 1183 462 1189 462 1190 463 1190 464 1190 465 1191 480 1191 480 1190 481 1190 482 1190 509 1182 541 1190 543 1190 544 1190 545 1191 567 1191 567 1190 568 1190 569 1190 584 1182 655 1182 665 1190 666 1190 667 1190 668 1191 697 1191 697 1190 698 1190 699 1190 708 1182 729 1190 730 1190 731 1190 732 1190 827 1189 827 1166 827 1139 788 1139 788 1138 776 1130 775 1130 774 1130 773 1130 772 1130 755 1138 755 1139 698 1139 697 1138 673 1130 672 1130 671 1130 670 1130 643 1138 642 1138 640 1138 615 1130 614 1130 592 1130 591 1130 590 1130 590 1130 579 1138 577 1139 509 1139 508 1137 500 1131 500 1130 499 1130 499 1130 428 1130 427 1130 426 1130 416 1135 407 1130 406 1130 405 1130 404 1130 403 1130 403 1131 397 1136 383 1131 382 1131 381 1131 356 1137 350 1138 343 1137 320 1133 319 1133 294 1137 284 1138 281 1137 269 1131 268 1131 267 1131 266 1131 265 1131 256 1137 253 1138 203 1137 203 1166"/></Shape>
	    <String CONTENT="pro pecca tis noſtris, redemptor, &amp;c."
                    HPOS="203"
                    VPOS="1130"
                    WIDTH="624"
                    HEIGHT="61"
                    WC="0.981219000107533"></String>
          </TextLine>

          
          
          <TextLine ID="eSc_line_a501f2bd"
                    TAGREFS="LT4178"
                    BASELINE="267 1212 725 1220" 
                    HPOS="266"
                    VPOS="1177"
                    WIDTH="459"
                    HEIGHT="62">
            <Shape><Polygon POINTS="266 1223 335 1225 335 1226 341 1231 342 1231 343 1231 344 1231 363 1228 370 1233 371 1233 372 1233 373 1233 414 1228 425 1227 427 1229 436 1236 436 1237 437 1237 438 1237 439 1237 478 1233 535 1238 536 1238 537 1238 538 1238 538 1237 544 1232 545 1231 545 1232 555 1239 556 1239 557 1239 558 1239 594 1233 604 1232 610 1234 620 1238 621 1238 622 1238 623 1238 632 1235 644 1230 723 1237 725 1220 725 1190 650 1190 649 1188 643 1184 643 1183 642 1183 641 1183 640 1183 616 1188 612 1189 606 1188 589 1184 588 1184 587 1184 586 1184 573 1187 571 1188 570 1187 565 1183 565 1182 564 1182 563 1182 562 1182 561 1182 545 1187 544 1187 534 1181 533 1181 532 1181 496 1181 495 1181 494 1181 493 1181 493 1182 487 1186 474 1186 358 1181 357 1181 330 1185 324 1185 322 1184 306 1177 305 1177 304 1177 267 1183 267 1212"/></Shape>
	    <String CONTENT="Quorum ego ſum primus."
                    HPOS="266"
                    VPOS="1177"
                    WIDTH="459"
                    HEIGHT="62"
                    WC="0.989443581212651"></String>
          </TextLine>

          
          
          <TextLine ID="eSc_line_f7a54bb3"
                    TAGREFS="LT4176"
                    BASELINE="283 1267 1003 1275" 
                    HPOS="282"
                    VPOS="1233"
                    WIDTH="721"
                    HEIGHT="60">
            <Shape><Polygon POINTS="1001 1254 992 1253 982 1252 973 1251 963 1250 953 1249 948 1248 943 1246 934 1246 925 1245 915 1244 906 1242 899 1241 890 1247 889 1248 887 1247 863 1239 862 1239 862 1239 827 1247 825 1247 812 1236 811 1236 810 1236 752 1236 751 1236 750 1236 720 1245 701 1235 700 1235 643 1234 642 1234 641 1234 616 1245 615 1245 614 1245 587 1234 586 1234 585 1234 563 1239 549 1233 548 1233 547 1233 546 1233 509 1244 507 1244 506 1244 499 1238 498 1238 497 1238 496 1238 495 1238 494 1238 486 1243 485 1244 483 1243 463 1237 462 1237 461 1237 460 1237 447 1243 446 1243 423 1237 422 1237 421 1237 383 1240 370 1234 369 1234 368 1234 367 1234 366 1234 360 1239 347 1233 346 1233 345 1233 344 1233 343 1233 330 1242 329 1242 283 1242 283 1267 282 1278 354 1285 355 1285 386 1280 386 1280 387 1280 402 1287 403 1287 404 1287 453 1281 462 1280 467 1281 492 1288 493 1288 494 1289 684 1289 684 1288 685 1288 694 1284 698 1283 707 1284 740 1290 741 1290 783 1285 798 1284 805 1286 824 1292 825 1292 826 1292 852 1286 860 1285 911 1285 917 1287 931 1293 931 1293 932 1293 1002 1288 1003 1275 1002 1254 1001 1254"/></Shape>
	    <String CONTENT="Communi regulæ ſeſe inuoluit: atque"
                    HPOS="282"
                    VPOS="1233"
                    WIDTH="721"
                    HEIGHT="60"
                    WC="0.982579898834228"></String>
          </TextLine>

          
          
          <TextLine ID="eSc_line_394b3c3a"
                    TAGREFS="LT4176"
                    BASELINE="192 1317 1000 1323" 
                    HPOS="192"
                    VPOS="1276"
                    WIDTH="808"
                    HEIGHT="66">
            <Shape><Polygon POINTS="192 1317 192 1335 264 1330 300 1336 308 1337 309 1337 310 1337 314 1336 324 1333 408 1337 447 1338 448 1338 454 1337 470 1333 477 1337 480 1338 481 1338 482 1338 483 1338 486 1337 497 1332 538 1332 604 1338 625 1339 626 1339 627 1339 631 1338 643 1333 652 1338 656 1340 657 1340 658 1340 669 1338 687 1334 696 1338 699 1339 700 1339 701 1339 702 1339 704 1338 716 1334 723 1338 725 1340 726 1340 726 1340 727 1340 740 1338 760 1335 848 1335 868 1339 885 1342 886 1342 901 1339 909 1337 914 1339 921 1342 922 1342 923 1342 999 1339 1000 1323 1000 1294 946 1294 943 1292 929 1283 928 1283 927 1283 926 1283 863 1290 848 1292 840 1290 817 1282 816 1282 815 1282 734 1288 684 1291 678 1286 671 1281 670 1281 669 1281 653 1280 652 1280 619 1285 616 1285 612 1285 563 1280 562 1280 561 1280 553 1284 539 1290 480 1290 439 1281 422 1278 421 1278 420 1278 410 1280 400 1283 383 1280 371 1278 370 1278 369 1278 364 1279 338 1288 313 1279 312 1279 311 1279 259 1283 227 1277 226 1277 225 1277 224 1277 218 1282 192 1276 192 1317"/></Shape>
	    <String CONTENT="hic verus ſcripturæ vſus eſt, vt nobis applice¬"
                    HPOS="192"
                    VPOS="1276"
                    WIDTH="808"
                    HEIGHT="66"
                    WC="0.993031133996679"></String>
          </TextLine>

          
          
          <TextLine ID="eSc_line_b015af37"
                    TAGREFS="LT4176"
                    BASELINE="191 1366 995 1371" 
                    HPOS="190"
                    VPOS="1329"
                    WIDTH="805"
                    HEIGHT="60">
            <Shape><Polygon POINTS="191 1366 190 1378 228 1386 229 1386 256 1381 292 1386 293 1386 294 1386 295 1386 303 1380 327 1386 328 1386 329 1386 330 1386 331 1386 338 1381 436 1381 452 1387 453 1387 454 1387 503 1383 511 1387 512 1387 513 1387 514 1388 579 1388 579 1387 580 1387 596 1382 633 1387 634 1387 635 1387 649 1382 672 1388 673 1388 674 1388 752 1387 753 1387 764 1383 808 1388 809 1388 810 1388 834 1383 860 1388 985 1389 986 1389 987 1389 988 1389 994 1384 995 1371 994 1341 943 1341 941 1340 930 1333 929 1333 928 1333 882 1339 871 1340 866 1339 849 1333 848 1333 847 1333 846 1333 837 1338 833 1340 736 1340 732 1337 729 1334 728 1334 727 1334 726 1334 726 1334 717 1337 710 1339 706 1337 700 1332 699 1332 698 1332 697 1332 679 1336 670 1338 665 1336 655 1331 654 1331 653 1331 626 1335 610 1338 590 1335 567 1331 566 1331 477 1333 357 1337 344 1332 339 1329 338 1329 288 1329 287 1329 286 1329 280 1331 265 1336 191 1330 191 1366"/></Shape>
	    <String CONTENT="mus ſalutaria, quò ſpem habeamus de ſalute"
                    HPOS="190"
                    VPOS="1329"
                    WIDTH="805"
                    HEIGHT="60"
                    WC="0.985692628594332"></String>
          </TextLine>

          
          
          <TextLine ID="eSc_line_e6d8f24b"
                    TAGREFS="LT4176"
                    BASELINE="192 1414 994 1418" 
                    HPOS="191"
                    VPOS="1378"
                    WIDTH="803"
                    HEIGHT="60">
            <Shape><Polygon POINTS="192 1414 191 1425 240 1426 258 1435 259 1435 260 1435 310 1428 311 1428 360 1435 361 1435 434 1430 447 1429 451 1430 468 1436 469 1436 470 1436 471 1436 484 1431 490 1428 515 1431 531 1432 532 1432 543 1432 565 1428 570 1432 574 1434 575 1434 576 1434 577 1434 593 1432 615 1429 622 1432 630 1436 631 1436 632 1436 633 1436 634 1436 638 1432 644 1430 665 1433 680 1435 681 1435 693 1433 724 1429 756 1434 772 1437 901 1438 902 1438 908 1437 930 1432 944 1438 945 1438 946 1438 947 1438 948 1438 949 1438 960 1433 992 1438 994 1418 993 1390 913 1385 912 1385 911 1385 910 1385 904 1389 903 1390 807 1390 804 1388 791 1380 790 1380 789 1380 717 1380 716 1380 715 1380 696 1387 693 1389 647 1389 644 1387 637 1383 636 1383 635 1383 635 1383 634 1383 624 1387 621 1388 613 1387 585 1383 584 1383 546 1387 536 1387 534 1387 526 1382 525 1382 524 1382 523 1382 479 1387 465 1387 462 1387 453 1382 452 1382 451 1382 450 1382 440 1386 436 1387 428 1386 392 1378 329 1378 328 1378 327 1378 304 1385 301 1386 298 1385 279 1378 278 1378 250 1378 249 1378 249 1378 231 1385 226 1387 192 1385 192 1414"/></Shape>
	    <String CONTENT="noſtra. Obſerua autem in confeſs ione pecca¬"
                    HPOS="191"
                    VPOS="1378"
                    WIDTH="803"
                    HEIGHT="60"
                    WC="0.990032048387961"></String>
          </TextLine>

          
          
          <TextLine ID="eSc_line_a850de1e"
                    TAGREFS="LT4176"
                    BASELINE="192 1464 1001 1471" 
                    HPOS="191"
                    VPOS="1427"
                    WIDTH="810"
                    HEIGHT="63">
            <Shape><Polygon POINTS="192 1464 191 1475 209 1480 210 1480 211 1480 212 1480 228 1476 248 1485 249 1485 249 1485 281 1479 307 1486 308 1486 309 1487 352 1487 352 1486 353 1486 377 1477 423 1487 424 1487 425 1487 450 1478 476 1483 476 1483 528 1478 533 1478 534 1478 545 1487 545 1487 546 1487 547 1487 572 1483 583 1488 584 1488 585 1488 619 1480 655 1488 656 1488 752 1484 769 1490 770 1490 771 1490 806 1481 809 1481 823 1481 898 1486 899 1486 916 1483 920 1482 922 1483 938 1489 939 1489 940 1489 1000 1483 1001 1471 999 1435 829 1440 794 1435 767 1431 766 1431 765 1431 752 1435 739 1440 707 1440 701 1435 695 1431 694 1431 693 1431 631 1430 630 1430 597 1435 576 1438 563 1435 540 1429 539 1429 538 1429 483 1434 456 1429 455 1429 407 1435 393 1436 387 1435 369 1429 368 1429 367 1429 366 1429 354 1435 350 1436 343 1435 330 1432 329 1432 328 1432 327 1432 320 1435 317 1436 309 1435 268 1427 267 1427 266 1427 242 1435 239 1435 192 1435 192 1464"/></Shape>
	    <String CONTENT="torum promptitudinem: dicit, ECo SVM"
                    HPOS="191"
                    VPOS="1427"
                    WIDTH="810"
                    HEIGHT="63"
                    WC="0.989766269922256"></String>
          </TextLine>

          
          
          <TextLine ID="eSc_line_73bba36b"
                    TAGREFS="LT4176"
                    BASELINE="195 1515 1004 1519" 
                    HPOS="194"
                    VPOS="1481"
                    WIDTH="810"
                    HEIGHT="64">
            <Shape><Polygon POINTS="195 1515 194 1535 202 1538 203 1538 204 1538 204 1538 212 1534 222 1530 233 1535 234 1535 235 1535 236 1535 237 1535 238 1535 244 1530 250 1535 261 1543 262 1543 263 1543 264 1543 302 1543 302 1543 303 1543 318 1535 321 1534 326 1536 343 1541 344 1541 345 1541 346 1541 359 1536 378 1528 414 1534 415 1534 471 1529 483 1537 487 1540 488 1540 489 1540 490 1540 491 1540 492 1540 496 1537 506 1529 550 1529 567 1534 567 1534 568 1534 569 1534 579 1530 600 1538 617 1544 618 1544 619 1545 711 1545 711 1544 712 1544 726 1539 743 1532 756 1540 764 1544 765 1544 766 1544 767 1544 768 1544 769 1544 775 1540 780 1537 784 1540 792 1544 793 1544 794 1544 794 1545 815 1545 815 1544 816 1544 828 1540 841 1536 874 1539 875 1539 920 1531 934 1538 935 1538 936 1538 976 1531 1001 1542 1004 1519 1003 1492 957 1492 955 1491 934 1484 933 1484 911 1484 910 1484 909 1484 908 1484 901 1490 900 1491 895 1490 866 1485 865 1485 821 1489 804 1491 798 1489 786 1485 785 1485 784 1485 727 1488 713 1489 709 1488 693 1483 692 1483 691 1483 631 1487 617 1488 612 1487 589 1482 588 1482 587 1482 572 1487 567 1488 558 1487 534 1482 533 1482 495 1486 463 1489 455 1485 448 1482 447 1482 446 1482 445 1482 439 1485 431 1490 399 1490 386 1485 377 1481 376 1481 375 1481 355 1484 333 1488 195 1483 195 1515"/></Shape>
	    <String CONTENT="PRIMVS PECCATORVM, non Vti¬"
                    HPOS="194"
                    VPOS="1481"
                    WIDTH="810"
                    HEIGHT="64"
                    WC="0.978948063320584"></String>
          </TextLine>

          
        </TextBlock>
        
        <TextBlock HPOS="917"
                   VPOS="1541"
                   WIDTH="95"
                   HEIGHT="50"
                   ID="block_3"
                   TAGREFS="BT10631">
          <Shape><Polygon POINTS="1012 1541 1012 1591 917 1591 917 1541"/></Shape>
          
          
          <TextLine ID="eSc_line_a6059065"
                    TAGREFS="LT4176"
                    BASELINE="917 1566 1005 1569" 
                    HPOS="916"
                    VPOS="1540"
                    WIDTH="89"
                    HEIGHT="57">
            <Shape><Polygon POINTS="917 1566 916 1588 948 1597 949 1597 950 1597 1004 1588 1005 1569 1005 1543 917 1540 917 1566"/></Shape>
	    <String CONTENT="que"
                    HPOS="916"
                    VPOS="1540"
                    WIDTH="89"
                    HEIGHT="57"
                    WC="0.99746690193812"></String>
          </TextLine>

          
        </TextBlock>
        

        
      </PrintSpace>
    </Page>
  </Layout>
</alto>
