<?xml version="1.0" encoding="UTF-8"?>
<alto xmlns:xsi="http://www.w3.org/2001/XMLSchema-instance"
      xmlns="http://www.loc.gov/standards/alto/ns-v4#"
      xsi:schemaLocation="http://www.loc.gov/standards/alto/ns-v4# http://www.loc.gov/standards/alto/v4/alto-4-2.xsd">
  <Description>
    <MeasurementUnit>pixel</MeasurementUnit>
    <sourceImageInformation>
      <fileName>page_00098.png</fileName>
      
    </sourceImageInformation>
  </Description>
  
  <Tags>
    <OtherTag ID="BT10635" LABEL="NumberingZone" DESCRIPTION="block type NumberingZone"/><OtherTag ID="BT10634" LABEL="DropCapitalZone" DESCRIPTION="block type DropCapitalZone"/><OtherTag ID="BT10633" LABEL="GraphicZone" DESCRIPTION="block type GraphicZone"/><OtherTag ID="BT10632" LABEL="RunningTitleZone" DESCRIPTION="block type RunningTitleZone"/><OtherTag ID="BT10631" LABEL="QuireMarksZone" DESCRIPTION="block type QuireMarksZone"/><OtherTag ID="BT10630" LABEL="MarginTextZone" DESCRIPTION="block type MarginTextZone"/><OtherTag ID="BT10629" LABEL="MainZone" DESCRIPTION="block type MainZone"/>
    <OtherTag ID="LT4179" LABEL="default" DESCRIPTION="line type default"/><OtherTag ID="LT4178" LABEL="CustomLine : BiblicalText" DESCRIPTION="line type CustomLine : BiblicalText"/><OtherTag ID="LT4177" LABEL="HeadingLine" DESCRIPTION="line type HeadingLine"/><OtherTag ID="LT4176" LABEL="DefaultLine" DESCRIPTION="line type DefaultLine"/>
  </Tags>
  
  <Layout>
    <Page WIDTH="1111"
          HEIGHT="1723"
          PHYSICAL_IMG_NR="6"
          ID="eSc_dummypage_">
      <PrintSpace HPOS="0"
                  VPOS="0"
                  WIDTH="1111"
                  HEIGHT="1723">
        
        <TextBlock HPOS="195.1196746826172"
                   VPOS="65.65676879882812"
                   WIDTH="61.56886291503906"
                   HEIGHT="42.14375305175781"
                   ID="block_2"
                   TAGREFS="BT10635">
          <Shape><Polygon POINTS="195.12 65.6568 256.689 65.6568 256.689 107.801 195.12 107.801 195.12 65.6568"/></Shape>
          
          
          <TextLine ID="eSc_line_bcbe3781"
                    TAGREFS="LT4176"
                    BASELINE="204 91 246 89" 
                    HPOS="204"
                    VPOS="69"
                    WIDTH="42"
                    HEIGHT="39">
            <Shape><Polygon POINTS="241 69 231 71 223 73 213 75 204 77 204 91 204 106 220 108 221 108 222 108 223 108 223 107 224 107 227 101 230 98 246 97 246 89 243 69 241 69"/></Shape>
	    <String CONTENT="4O"
                    HPOS="204"
                    VPOS="69"
                    WIDTH="42"
                    HEIGHT="39"
                    WC="0.999543160200119"></String>
          </TextLine>

          
        </TextBlock>
        
        <TextBlock HPOS="384.81402587890625"
                   VPOS="39.98332214355469"
                   WIDTH="472.37481689453125"
                   HEIGHT="58.453590393066406"
                   ID="block_1"
                   TAGREFS="BT10632">
          <Shape><Polygon POINTS="384.814 39.9833 857.189 39.9833 857.189 98.4369 384.814 98.4369 384.814 39.9833"/></Shape>
          
          
          <TextLine ID="eSc_line_03ce377d"
                    TAGREFS="LT4177"
                    BASELINE="390 86 852 85" 
                    HPOS="389"
                    VPOS="45"
                    WIDTH="463"
                    HEIGHT="56">
            <Shape><Polygon POINTS="839 53 784 53 761 45 760 45 702 45 701 45 684 51 668 45 667 45 666 45 606 52 558 45 557 45 556 45 555 45 555 46 547 53 527 53 491 46 485 47 476 47 463 52 453 47 447 48 437 48 428 48 427 48 395 52 389 56 390 86 390 97 578 101 579 101 580 101 581 101 587 97 588 96 594 97 632 101 633 101 655 96 658 96 662 96 693 101 694 101 695 101 708 96 709 96 711 96 739 101 740 101 786 96 787 96 788 96 829 101 830 101 831 101 852 95 852 85 850 54 849 54"/></Shape>
	    <String CONTENT="COMMENTARII"
                    HPOS="389"
                    VPOS="45"
                    WIDTH="463"
                    HEIGHT="56"
                    WC="0.999455565756017"></String>
          </TextLine>

          
        </TextBlock>
        
        <TextBlock HPOS="184.9463348388672"
                   VPOS="111.2604751586914"
                   WIDTH="845.4987335205078"
                   HEIGHT="1444.1350326538086"
                   ID="block_0"
                   TAGREFS="BT10629">
          <Shape><Polygon POINTS="184.946 111.26 1030.45 111.26 1030.45 1555.4 184.946 1555.4 184.946 111.26"/></Shape>
          
          
          <TextLine ID="eSc_line_6ed1cc05"
                    TAGREFS="LT4176"
                    BASELINE="200 146 435 142 1007 146" 
                    HPOS="200"
                    VPOS="104"
                    WIDTH="807"
                    HEIGHT="59">
            <Shape><Polygon POINTS="997 115 929 107 928 107 887 115 884 116 838 116 836 115 825 110 824 110 823 110 789 114 783 115 781 114 757 106 756 106 723 105 722 105 636 111 627 105 626 105 625 105 568 105 567 105 566 105 547 113 528 106 527 106 526 106 525 106 524 106 513 113 512 114 502 113 453 107 452 107 402 113 396 113 390 112 336 104 310 104 309 104 308 104 289 112 286 113 200 112 200 146 200 160 293 155 311 159 312 159 313 159 314 159 326 154 347 160 348 160 349 160 376 155 405 160 406 160 407 160 424 154 436 161 437 161 438 161 439 162 475 162 475 161 476 161 485 155 507 159 508 159 540 155 553 160 554 160 555 160 556 160 580 155 648 155 655 159 656 159 657 159 658 159 677 155 698 161 699 161 700 161 701 161 716 155 745 159 746 159 831 156 865 162 867 162 868 163 908 163 908 162 909 162 910 162 918 156 941 162 942 162 943 162 944 162 963 156 1005 162 1007 146 1003 122 1003 121"/></Shape>
	    <String CONTENT="periculum, in prima debent ſtare acie, contra"
                    HPOS="200"
                    VPOS="104"
                    WIDTH="807"
                    HEIGHT="59"
                    WC="0.995849213335249"></String>
          </TextLine>

          
          
          <TextLine ID="eSc_line_efa4910c"
                    TAGREFS="LT4176"
                    BASELINE="198 195 1007 192" 
                    HPOS="197"
                    VPOS="154"
                    WIDTH="810"
                    HEIGHT="57">
            <Shape><Polygon POINTS="198 195 198 203 219 211 220 211 221 211 222 211 248 204 255 209 256 209 257 209 258 209 375 204 402 210 403 210 466 203 467 203 484 210 485 210 486 210 528 209 529 209 530 209 538 203 550 208 551 208 552 208 589 203 602 210 603 210 604 210 645 203 679 210 680 210 680 210 702 203 730 209 731 209 806 202 811 202 835 202 836 202 845 209 846 209 847 209 848 209 886 203 895 209 896 209 897 209 898 210 936 210 936 209 1006 201 1007 192 1005 166 942 166 941 165 916 154 915 154 914 154 913 154 897 159 886 156 885 156 884 156 884 156 883 156 871 164 870 165 868 164 837 154 836 154 835 154 742 163 713 167 664 167 656 162 639 156 638 156 637 156 609 161 592 155 591 155 548 155 547 155 546 155 531 161 521 166 497 161 489 160 488 160 480 161 452 166 443 161 434 156 433 156 432 156 431 156 397 160 366 165 353 160 341 156 340 156 340 156 273 156 272 156 272 156 268 159 257 166 197 159 198 195"/></Shape>
	    <String CONTENT="hæreſes, contra peccatum, in perſecutioni¬"
                    HPOS="197"
                    VPOS="154"
                    WIDTH="810"
                    HEIGHT="57"
                    WC="0.980184194587526"></String>
          </TextLine>

          
          
          <TextLine ID="eSc_line_bd7b8ed3"
                    TAGREFS="LT4176"
                    BASELINE="198 245 619 241 1005 244" 
                    HPOS="197"
                    VPOS="202"
                    WIDTH="808"
                    HEIGHT="60">
            <Shape><Polygon POINTS="198 245 198 252 239 261 240 262 319 262 319 261 320 261 337 252 338 252 368 252 370 252 397 261 398 261 399 261 400 261 401 261 413 252 432 252 450 252 451 252 476 261 476 261 477 261 478 261 479 261 492 252 493 252 557 252 575 261 576 261 577 261 578 261 590 256 598 261 599 261 600 261 601 261 602 261 620 252 675 252 747 252 780 260 781 260 782 260 783 260 793 253 825 260 826 261 893 261 893 260 894 260 895 260 904 254 990 260 991 260 992 260 993 260 1005 251 1005 244 1004 211 974 202 973 202 972 202 971 202 940 211 938 212 849 212 846 210 832 202 831 202 830 202 792 210 777 212 750 209 721 206 720 206 719 206 709 209 701 211 697 209 694 206 693 206 692 206 691 206 690 206 683 208 674 213 596 213 589 207 584 203 583 203 582 203 581 203 552 207 544 208 539 207 524 203 523 203 522 203 521 203 508 207 490 212 482 206 478 203 477 203 476 203 443 203 442 203 428 206 401 212 391 205 388 203 387 203 386 203 317 203 317 203 316 203 315 203 313 205 302 213 228 213 216 204 216 203 215 203 214 203 213 203 197 203 198 245"/></Shape>
	    <String CONTENT="bus, aliíſque Eccleſiæ ærumnis. Quæ mili¬"
                    HPOS="197"
                    VPOS="202"
                    WIDTH="808"
                    HEIGHT="60"></String>
          </TextLine>

          
          
          <TextLine ID="eSc_line_9f4e5632"
                    TAGREFS="LT4176"
                    BASELINE="202 292 1006 292" 
                    HPOS="202"
                    VPOS="253"
                    WIDTH="804"
                    HEIGHT="59">
            <Shape><Polygon POINTS="202 292 202 303 292 311 293 312 342 312 342 311 343 311 360 305 363 304 368 305 385 310 386 310 387 310 388 310 399 305 403 304 484 304 498 306 516 310 517 310 532 307 545 304 612 308 660 310 661 310 662 310 669 308 685 304 708 309 722 311 723 311 724 311 725 311 727 309 733 304 768 304 776 309 777 309 778 309 779 309 781 309 833 305 845 310 848 311 849 311 850 312 1006 312 1006 292 1006 264 954 264 930 253 929 253 896 253 895 253 894 253 893 253 879 264 839 264 825 253 824 253 823 253 822 253 763 263 750 253 749 253 748 253 688 253 687 253 686 253 672 260 642 253 641 253 640 253 618 263 606 253 605 253 604 253 548 253 547 253 546 253 529 261 502 254 501 254 500 254 433 263 411 253 410 253 409 253 408 253 390 260 382 253 381 253 380 253 354 253 353 253 352 253 333 264 202 264 202 292"/></Shape>
	    <String CONTENT="tia eis pulchra erit, hoc eſt, ſpecioſa ac ſplen¬"
                    HPOS="202"
                    VPOS="253"
                    WIDTH="804"
                    HEIGHT="59"
                    WC="0.976951776718607"></String>
          </TextLine>

          
          
          <TextLine ID="eSc_line_0fac6023"
                    TAGREFS="LT4176"
                    BASELINE="202 342 843 339 996 343" 
                    HPOS="201"
                    VPOS="301"
                    WIDTH="795"
                    HEIGHT="57">
            <Shape><Polygon POINTS="202 342 202 352 524 358 525 358 544 354 561 351 585 354 604 357 605 358 654 358 654 357 655 357 656 357 658 355 663 351 680 355 690 357 691 357 702 355 720 351 757 355 774 357 775 357 810 356 899 351 994 356 996 343 994 306 885 311 875 306 863 301 862 301 823 301 822 301 821 301 805 307 790 313 722 313 711 307 698 301 697 301 664 301 663 301 662 301 661 301 653 308 649 311 645 308 636 301 635 301 634 301 634 301 633 301 613 307 605 301 604 301 603 301 547 301 546 301 545 301 526 309 515 313 344 313 337 310 317 302 317 302 316 302 274 307 219 302 218 302 217 302 201 309 202 342"/></Shape>
	    <String CONTENT="dida ſi vicerint, pulchra eſt ante victoriam,"
                    HPOS="201"
                    VPOS="301"
                    WIDTH="795"
                    HEIGHT="57"
                    WC="0.954494967725542"></String>
          </TextLine>

          
          
          <TextLine ID="eSc_line_ac5d3c70"
                    TAGREFS="LT4176"
                    BASELINE="201 393 999 388" 
                    HPOS="200"
                    VPOS="346"
                    WIDTH="799"
                    HEIGHT="66">
            <Shape><Polygon POINTS="201 393 201 412 242 405 276 412 279 412 280 412 285 412 313 407 334 411 339 412 340 412 340 412 343 411 367 404 506 404 513 409 514 409 515 409 516 409 517 409 518 409 525 404 535 410 536 410 537 410 538 410 543 409 567 404 580 409 581 409 582 409 583 409 584 409 591 403 619 409 627 410 628 411 652 411 652 410 653 410 656 408 665 403 687 408 688 408 689 408 690 408 691 408 700 402 768 402 777 407 779 409 780 409 781 409 782 409 941 408 942 408 951 406 968 402 978 406 984 408 985 408 986 408 999 405 999 388 997 357 949 357 947 356 924 346 923 346 882 346 881 346 880 346 844 356 837 358 831 356 814 348 813 348 812 348 811 348 796 352 784 347 783 347 712 347 711 347 710 347 687 355 676 358 648 355 598 348 597 348 596 348 581 353 555 348 554 348 517 354 509 349 508 349 507 349 506 349 434 353 433 353 432 353 430 354 422 360 409 360 401 354 397 351 396 351 395 351 394 351 393 351 381 354 355 361 339 361 327 354 322 350 321 350 320 350 319 350 318 350 310 354 295 360 200 354 201 393"/></Shape>
	    <String CONTENT="hoc eſt, ardua &amp; difficilis, vt dici ſolet, diffici¬"
                    HPOS="200"
                    VPOS="346"
                    WIDTH="799"
                    HEIGHT="66"
                    WC="0.980288086029199"></String>
          </TextLine>

          
          
          <TextLine ID="eSc_line_81444447"
                    TAGREFS="LT4176"
                    BASELINE="201 443 507 438" 
                    HPOS="200"
                    VPOS="398"
                    WIDTH="307"
                    HEIGHT="64">
            <Shape><Polygon POINTS="201 443 203 462 217 453 229 457 230 457 231 457 262 452 272 459 272 460 273 460 274 460 275 461 294 461 294 460 294 460 295 460 297 458 307 452 348 456 374 459 375 459 395 455 417 450 439 453 461 456 462 456 507 450 507 438 503 398 488 404 463 399 462 399 461 399 460 399 459 399 454 402 451 399 450 399 450 398 449 398 448 398 447 398 391 400 387 401 386 401 385 401 385 402 381 406 371 401 369 400 368 400 367 400 360 401 320 407 200 404 201 443"/></Shape>
	    <String CONTENT="lia quæ pulehra."
                    HPOS="200"
                    VPOS="398"
                    WIDTH="307"
                    HEIGHT="64"
                    WC="0.95971455425024"></String>
          </TextLine>

          
          
          <TextLine ID="eSc_line_e11afc19"
                    TAGREFS="LT4178"
                    BASELINE="267 493 859 493" 
                    HPOS="267"
                    VPOS="448"
                    WIDTH="592"
                    HEIGHT="65">
            <Shape><Polygon POINTS="267 511 294 512 295 512 296 512 297 512 298 511 308 505 361 511 375 512 376 512 395 511 457 505 469 510 473 512 474 512 475 513 494 513 494 512 495 512 496 512 496 511 498 510 502 505 514 510 520 512 521 512 522 512 526 510 536 505 596 505 603 509 606 512 607 512 608 512 609 513 634 513 634 512 635 512 636 512 636 511 639 509 643 505 672 505 680 509 685 512 686 512 687 512 688 512 699 509 710 505 720 508 728 512 729 512 730 512 731 512 741 508 750 505 761 508 774 512 775 512 776 512 859 507 859 493 859 461 841 461 826 448 825 448 824 448 823 448 822 448 791 460 757 456 749 449 749 448 748 448 747 448 746 448 720 461 695 461 667 448 666 448 665 448 664 448 641 456 634 449 634 448 633 448 632 448 610 448 609 448 608 448 567 460 552 448 551 448 550 448 486 448 485 448 484 448 483 448 471 459 455 448 454 448 453 448 452 448 424 460 412 449 412 448 411 448 410 448 400 448 399 448 398 448 366 458 342 452 341 452 340 452 339 452 339 453 331 461 267 461 267 493"/></Shape>
	    <String CONTENT="19 Habens fidem &amp; bonam, &amp;c."
                    HPOS="267"
                    VPOS="448"
                    WIDTH="592"
                    HEIGHT="65"
                    WC="0.985386620674815"></String>
          </TextLine>

          
          
          <TextLine ID="eSc_line_7f5e0b69"
                    TAGREFS="LT4176"
                    BASELINE="320 542 1009 544" 
                    HPOS="319"
                    VPOS="501"
                    WIDTH="690"
                    HEIGHT="58">
            <Shape><Polygon POINTS="1000 512 991 511 981 509 972 508 962 507 952 506 952 505 942 511 940 513 861 513 856 510 843 503 842 503 841 503 840 503 825 509 818 512 797 509 759 503 758 503 757 503 740 508 738 508 736 508 715 503 714 503 713 503 703 507 699 509 686 507 664 503 663 503 662 503 661 503 657 506 650 512 624 512 613 506 607 502 606 502 563 502 562 502 561 502 560 502 557 505 547 511 524 504 517 502 516 502 515 502 514 502 513 502 511 504 502 511 472 503 469 503 468 503 463 503 372 511 364 505 363 505 362 505 320 501 320 542 319 555 850 559 851 559 932 555 988 559 989 559 990 559 1008 554 1009 544 1008 514 1000 512"/></Shape>
	    <String CONTENT="Vt pulchra poſsit eſſe Timothei mili¬"
                    HPOS="319"
                    VPOS="501"
                    WIDTH="690"
                    HEIGHT="58"
                    WC="0.984791726679415"></String>
          </TextLine>

          
          
          <TextLine ID="eSc_line_19e6762c"
                    TAGREFS="LT4176"
                    BASELINE="203 596 444 593 1016 596" 
                    HPOS="202"
                    VPOS="553"
                    WIDTH="814"
                    HEIGHT="58">
            <Shape><Polygon POINTS="203 596 202 602 271 609 272 609 313 604 388 608 389 608 423 604 434 609 435 609 436 609 476 604 525 609 526 609 527 609 542 604 586 604 631 610 632 610 707 604 722 610 723 610 724 610 827 604 849 610 850 610 851 611 884 611 884 610 884 610 885 610 894 604 980 610 981 610 1015 604 1016 596 1015 564 991 564 991 563 973 555 972 555 901 555 900 555 899 555 898 555 884 563 849 555 848 555 847 555 846 555 822 563 821 563 804 559 803 559 802 559 801 559 787 563 774 557 773 557 772 557 771 557 756 563 755 563 751 563 680 555 679 555 678 555 659 563 657 564 632 564 630 563 615 554 614 554 613 554 612 554 612 554 587 562 557 554 556 554 428 554 427 554 426 554 408 562 407 563 270 563 267 562 231 553 230 553 229 553 228 553 227 553 215 562 203 562 203 596"/></Shape>
	    <String CONTENT="tia circunſcribit illius quaſi limites, q. d. duo"
                    HPOS="202"
                    VPOS="553"
                    WIDTH="814"
                    HEIGHT="58"
                    WC="0.972842352122677"></String>
          </TextLine>

          
          
          <TextLine ID="eSc_line_7d0ae121"
                    TAGREFS="LT4176"
                    BASELINE="202 644 1016 644" 
                    HPOS="202"
                    VPOS="603"
                    WIDTH="814"
                    HEIGHT="59">
            <Shape><Polygon POINTS="202 644 202 657 296 661 297 661 298 661 305 657 311 654 329 657 344 659 345 659 361 657 378 654 381 657 386 661 387 661 388 661 389 662 519 662 519 661 520 661 530 656 535 654 567 654 571 656 582 661 583 661 584 661 616 655 626 654 635 655 667 661 668 661 692 655 698 654 746 654 748 655 754 659 755 659 756 659 757 659 758 659 759 659 766 655 766 654 767 655 776 661 777 661 778 661 779 661 780 661 781 661 790 655 831 661 832 661 869 654 872 654 880 659 881 659 882 659 883 659 916 655 968 661 969 661 1015 653 1016 644 1015 615 958 603 925 603 924 603 923 603 901 615 870 615 841 603 840 603 802 603 801 603 800 603 778 615 721 615 693 603 692 603 629 603 628 603 627 603 599 615 543 615 526 603 525 603 524 603 489 603 488 603 487 603 486 603 476 609 460 603 459 603 458 603 424 607 391 603 390 603 389 603 388 603 370 615 296 615 274 604 273 604 272 604 272 604 257 612 247 608 246 608 245 608 202 614 202 644"/></Shape>
	    <String CONTENT="imprimis ſpectabis in officio tuo, fidemi ſcili¬"
                    HPOS="202"
                    VPOS="603"
                    WIDTH="814"
                    HEIGHT="59"
                    WC="0.974305162827174"></String>
          </TextLine>

          
          
          <TextLine ID="eSc_line_1c88215c"
                    TAGREFS="LT4176"
                    BASELINE="203 694 595 692 1015 695" 
                    HPOS="202"
                    VPOS="654"
                    WIDTH="813"
                    HEIGHT="57">
            <Shape><Polygon POINTS="203 694 202 702 226 709 227 709 228 709 332 704 353 703 363 704 408 710 409 710 434 705 440 704 446 705 471 709 472 709 473 709 483 705 487 704 566 704 570 706 576 710 577 710 578 710 579 711 702 711 702 710 714 707 729 704 747 708 758 710 759 710 760 710 768 708 783 704 798 708 805 710 806 710 807 710 808 710 811 708 820 704 885 704 901 709 902 709 950 710 951 710 952 710 952 710 960 705 1013 710 1015 695 1014 660 993 655 992 655 991 655 982 660 978 662 906 663 889 660 862 655 861 655 861 655 849 660 844 662 838 660 820 655 819 655 775 655 774 655 773 655 762 661 756 663 735 661 711 658 710 658 709 658 702 661 695 664 617 664 610 661 592 656 591 656 590 656 589 656 589 656 581 661 577 664 554 664 551 661 544 655 543 655 542 655 525 655 524 655 496 662 487 663 471 662 434 658 433 658 391 662 377 663 375 662 370 658 369 658 368 658 367 658 340 661 325 654 324 654 288 654 287 654 286 654 254 662 226 657 225 657 203 662 203 694"/></Shape>
	    <String CONTENT="cet &amp; bonam conſcientiam, quibus ſeruatis"
                    HPOS="202"
                    VPOS="654"
                    WIDTH="813"
                    HEIGHT="57"
                    WC="0.994307391527222"></String>
          </TextLine>

          
          
          <TextLine ID="eSc_line_2ae88f07"
                    TAGREFS="LT4176"
                    BASELINE="204 741 1016 744" 
                    HPOS="204"
                    VPOS="700"
                    WIDTH="812"
                    HEIGHT="60">
            <Shape><Polygon POINTS="204 741 204 753 384 758 385 758 408 755 434 752 470 756 501 759 502 759 586 758 587 758 589 757 597 753 607 757 612 759 613 759 614 760 651 760 651 759 652 759 656 757 664 753 849 753 860 759 861 760 862 760 863 760 878 759 951 754 1014 760 1016 744 1016 713 985 702 984 702 983 702 939 712 921 702 920 702 867 702 866 702 865 702 832 712 829 713 752 713 750 711 734 701 733 701 732 701 706 701 705 701 704 701 685 711 685 712 647 712 645 711 618 701 617 701 544 701 543 701 542 701 525 710 522 711 444 711 443 710 435 704 434 704 433 704 432 704 431 704 418 710 417 710 416 710 408 704 407 704 406 704 405 704 363 709 345 700 344 700 343 700 342 700 318 709 316 710 314 709 298 701 297 701 296 701 204 708 204 741"/></Shape>
	    <String CONTENT="glorioſa erit tua militia, vt eiſdem amiſsis fœ"
                    HPOS="204"
                    VPOS="700"
                    WIDTH="812"
                    HEIGHT="60"
                    WC="0.984502260989331"></String>
          </TextLine>

          
          
          <TextLine ID="eSc_line_c8c1bc50"
                    TAGREFS="LT4176"
                    BASELINE="203 790 1014 795" 
                    HPOS="202"
                    VPOS="752"
                    WIDTH="812"
                    HEIGHT="58">
            <Shape><Polygon POINTS="203 790 202 803 498 807 498 807 499 807 511 803 518 801 524 803 538 807 539 807 540 807 541 807 542 807 547 803 548 803 554 803 582 806 583 806 584 806 592 803 595 802 597 803 604 808 605 808 606 808 607 809 653 809 653 808 654 808 655 808 662 803 665 802 844 802 848 803 876 809 877 809 936 805 949 810 950 810 951 810 1013 803 1014 795 1013 764 915 755 914 755 913 755 898 763 897 763 884 755 883 755 882 755 851 754 780 754 779 754 778 754 777 754 770 760 730 754 729 754 728 754 711 761 709 762 655 762 654 761 643 754 642 754 641 754 640 754 639 754 625 758 617 753 616 753 615 753 587 753 586 753 585 753 584 753 573 760 571 761 558 760 494 756 493 756 463 760 457 760 456 760 446 752 445 752 444 752 443 752 401 760 393 760 294 760 293 759 282 752 281 752 280 752 279 752 278 752 261 759 257 760 203 759 203 790"/></Shape>
	    <String CONTENT="da &amp; turpis ſequetur fuga. Et faciunt hæc"
                    HPOS="202"
                    VPOS="752"
                    WIDTH="812"
                    HEIGHT="58"
                    WC="0.97338361856414"></String>
          </TextLine>

          
          
          <TextLine ID="eSc_line_75c870e7"
                    TAGREFS="LT4176"
                    BASELINE="202 842 1010 840" 
                    HPOS="201"
                    VPOS="803"
                    WIDTH="809"
                    HEIGHT="57">
            <Shape><Polygon POINTS="202 842 202 851 266 851 268 851 279 856 280 856 281 856 315 851 318 851 322 851 352 857 353 857 354 857 364 851 365 851 385 859 385 859 386 860 470 860 470 859 506 853 546 856 547 856 599 850 607 850 610 850 636 858 637 858 638 858 639 858 663 851 739 855 740 855 741 855 756 850 757 850 758 850 779 857 780 857 830 858 831 858 832 858 846 850 874 858 875 858 876 859 974 859 974 858 1009 850 1010 840 1009 812 974 803 974 803 973 803 972 803 955 811 818 803 817 803 816 803 801 810 728 805 727 805 680 811 634 803 633 803 582 811 537 804 536 804 497 812 370 804 369 804 368 804 367 804 352 813 316 813 290 804 289 804 249 804 248 804 201 813 202 842"/></Shape>
	    <String CONTENT="eadem ad argumenta: ſunt enim iſta præſi¬"
                    HPOS="201"
                    VPOS="803"
                    WIDTH="809"
                    HEIGHT="57"
                    WC="0.977913007503603"></String>
          </TextLine>

          
          
          <TextLine ID="eSc_line_0e12e35e"
                    TAGREFS="LT4176"
                    BASELINE="202 892 1009 890" 
                    HPOS="201"
                    VPOS="852"
                    WIDTH="808"
                    HEIGHT="59">
            <Shape><Polygon POINTS="202 892 203 911 227 903 324 903 334 909 335 909 336 909 337 909 338 909 361 903 384 909 385 909 385 909 386 909 389 909 418 904 427 909 430 910 430 910 431 910 452 908 500 903 511 907 517 910 518 910 519 910 520 910 528 907 539 904 556 907 574 910 575 910 576 910 589 907 606 902 634 902 641 906 645 909 646 909 647 909 648 909 666 906 684 902 707 905 738 909 739 909 915 902 939 902 943 902 983 909 984 909 985 909 1009 901 1009 890 1006 860 974 862 970 860 958 852 957 852 956 852 955 852 954 852 936 860 929 862 923 860 901 852 900 852 899 852 898 852 897 852 887 860 884 862 859 860 804 854 803 854 802 854 801 854 793 860 789 863 674 863 657 860 607 852 606 852 605 852 604 852 594 860 589 864 541 864 527 860 502 853 501 853 469 853 468 853 467 853 450 860 441 864 356 864 350 860 340 853 340 853 339 853 288 853 287 853 286 853 285 853 277 859 270 853 269 853 268 853 213 853 212 853 211 853 201 858 202 892"/></Shape>
	    <String CONTENT="dia maxima quibus nititur in exequendo ſuo"
                    HPOS="201"
                    VPOS="852"
                    WIDTH="808"
                    HEIGHT="59"
                    WC="0.992375186511448"></String>
          </TextLine>

          
          
          <TextLine ID="eSc_line_c9915df3"
                    TAGREFS="LT4176"
                    BASELINE="201 942 354 940" 
                    HPOS="200"
                    VPOS="898"
                    WIDTH="154"
                    HEIGHT="63">
            <Shape><Polygon POINTS="201 942 201 955 243 961 244 961 245 961 246 961 252 956 311 960 312 960 313 960 324 955 328 953 352 954 354 940 351 916 329 916 327 916 300 899 299 899 298 899 297 899 296 899 295 899 284 907 272 898 271 898 270 898 239 898 238 898 237 898 200 916 201 942"/></Shape>
	    <String CONTENT="officio."
                    HPOS="200"
                    VPOS="898"
                    WIDTH="154"
                    HEIGHT="63"
                    WC="0.997697815299034"></String>
          </TextLine>

          
          
          <TextLine ID="eSc_line_f3d01d94"
                    TAGREFS="LT4176"
                    BASELINE="253 991 760 989 1009 994" 
                    HPOS="252"
                    VPOS="945"
                    WIDTH="757"
                    HEIGHT="64">
            <Shape><Polygon POINTS="253 991 252 1000 275 1008 276 1008 277 1009 317 1009 317 1008 318 1008 319 1008 326 1003 358 1008 359 1009 457 1009 457 1008 488 1003 497 1001 502 1003 518 1007 519 1007 520 1007 549 1003 565 1001 672 1001 681 1004 693 1008 694 1008 695 1009 727 1009 727 1008 728 1008 729 1008 734 1005 740 1001 859 1001 876 1006 885 1008 886 1008 887 1009 931 1009 931 1008 932 1008 933 1008 935 1006 941 1003 1007 1006 1009 994 1008 954 936 951 929 945 928 945 927 945 760 945 759 945 758 945 757 945 742 955 740 956 727 955 689 950 688 950 658 955 657 955 638 945 637 945 609 945 608 945 607 945 575 955 572 957 451 957 447 956 402 950 401 950 362 956 362 956 351 949 350 949 349 949 348 949 347 949 334 956 334 957 310 957 291 957 277 948 276 948 275 948 274 948 273 948 253 955 253 991"/></Shape>
	    <String CONTENT="Quarta igitur ratio eſt. Quia habes fidem,"
                    HPOS="252"
                    VPOS="945"
                    WIDTH="757"
                    HEIGHT="64"
                    WC="0.986208055700575"></String>
          </TextLine>

          
          
          <TextLine ID="eSc_line_2ca4c4bf"
                    TAGREFS="LT4176"
                    BASELINE="201 1040 598 1038 1019 1044" 
                    HPOS="200"
                    VPOS="998"
                    WIDTH="819"
                    HEIGHT="58">
            <Shape><Polygon POINTS="201 1040 200 1050 340 1053 341 1053 342 1053 343 1053 348 1051 353 1048 384 1048 401 1051 422 1053 423 1053 424 1053 431 1051 436 1049 515 1049 524 1051 544 1054 545 1054 546 1054 547 1054 554 1051 558 1049 630 1049 661 1051 721 1054 722 1054 767 1051 781 1050 788 1051 811 1055 812 1055 813 1055 822 1051 823 1050 825 1051 834 1056 835 1056 836 1056 837 1056 929 1051 1002 1056 1003 1056 1004 1056 1018 1051 1019 1044 1018 1011 963 1011 961 1010 951 1002 950 1002 949 1002 948 1002 884 1008 884 1008 883 1008 861 1002 861 1002 860 1002 859 1002 858 1002 851 1007 796 1007 747 1001 746 1001 745 1001 729 1006 722 1008 706 1006 680 1001 679 1001 637 1005 616 1006 612 1005 604 1000 603 1000 526 1000 525 1000 508 1003 474 1008 333 1008 318 1001 317 1001 317 1001 316 1001 294 1008 247 1008 201 998 201 1040"/></Shape>
	    <String CONTENT="hoc eſt, rationem ſanæ doctrinæ, quam hîc"
                    HPOS="200"
                    VPOS="998"
                    WIDTH="819"
                    HEIGHT="58"></String>
          </TextLine>

          
          
          <TextLine ID="eSc_line_8da6f8d5"
                    TAGREFS="LT4176"
                    BASELINE="201 1088 697 1087 1021 1094" 
                    HPOS="200"
                    VPOS="1049"
                    WIDTH="821"
                    HEIGHT="60">
            <Shape><Polygon POINTS="201 1088 200 1095 260 1102 261 1102 333 1097 345 1105 346 1105 347 1105 348 1106 395 1106 395 1105 396 1105 418 1097 424 1096 453 1098 497 1101 498 1101 545 1099 597 1097 606 1100 625 1107 626 1107 627 1107 651 1102 709 1106 710 1106 711 1106 723 1101 732 1098 779 1102 812 1105 813 1105 814 1105 821 1103 835 1099 853 1103 875 1108 876 1109 943 1109 943 1108 944 1108 945 1108 949 1105 953 1102 1020 1105 1021 1094 1020 1051 959 1051 958 1051 957 1051 956 1051 946 1059 900 1051 896 1051 895 1051 892 1051 858 1059 811 1052 796 1051 795 1051 794 1051 789 1052 774 1057 763 1053 762 1053 761 1053 760 1053 745 1059 634 1059 622 1053 613 1050 612 1050 612 1050 573 1053 538 1057 497 1054 428 1049 427 1049 426 1049 408 1054 402 1057 335 1057 329 1055 314 1051 313 1051 312 1051 264 1055 262 1055 261 1055 244 1050 243 1050 242 1050 201 1055 201 1088"/></Shape>
	    <String CONTENT="omnino per ſidem accipere conuenit, quaſi"
                    HPOS="200"
                    VPOS="1049"
                    WIDTH="821"
                    HEIGHT="60"
                    WC="0.978802422197854"></String>
          </TextLine>

          
          
          <TextLine ID="eSc_line_edabeb4e"
                    TAGREFS="LT4176"
                    BASELINE="200 1137 1020 1140" 
                    HPOS="199"
                    VPOS="1095"
                    WIDTH="821"
                    HEIGHT="58">
            <Shape><Polygon POINTS="200 1137 199 1144 228 1151 229 1152 333 1152 333 1151 334 1151 348 1146 349 1146 358 1146 430 1151 431 1151 432 1151 442 1147 445 1146 448 1147 456 1151 457 1151 458 1151 496 1148 506 1147 508 1148 513 1152 514 1152 515 1152 516 1152 632 1149 725 1147 739 1150 749 1153 750 1153 751 1153 752 1153 759 1151 768 1148 1019 1153 1020 1140 1020 1107 907 1106 868 1096 867 1096 866 1096 850 1103 841 1096 840 1096 839 1096 773 1096 772 1096 733 1105 683 1096 682 1096 681 1096 656 1103 645 1099 644 1099 643 1099 642 1099 641 1099 632 1105 631 1106 569 1106 568 1105 554 1096 553 1096 552 1096 473 1095 472 1095 471 1095 452 1099 402 1095 401 1095 400 1095 373 1104 338 1099 337 1099 336 1099 335 1099 326 1104 326 1105 264 1105 263 1104 216 1095 215 1095 214 1095 213 1095 200 1102 200 1137"/></Shape>
	    <String CONTENT="dicat, nota eſt tibi formula ſanæ doctrinæ, er¬"
                    HPOS="199"
                    VPOS="1095"
                    WIDTH="821"
                    HEIGHT="58"
                    WC="0.975678733054628"></String>
          </TextLine>

          
          
          <TextLine ID="eSc_line_8686f438"
                    TAGREFS="LT4176"
                    BASELINE="203 1186 550 1185 1021 1191" 
                    HPOS="202"
                    VPOS="1143"
                    WIDTH="819"
                    HEIGHT="63">
            <Shape><Polygon POINTS="203 1186 202 1200 238 1201 239 1201 240 1201 241 1201 251 1193 267 1201 268 1201 269 1201 270 1201 272 1201 299 1194 333 1198 334 1198 362 1193 391 1201 394 1202 395 1202 396 1202 414 1202 553 1195 653 1202 654 1202 715 1196 730 1203 733 1204 734 1204 735 1204 736 1204 739 1203 753 1197 781 1203 782 1203 783 1203 784 1203 848 1197 861 1204 861 1204 862 1204 863 1204 864 1204 866 1204 889 1198 913 1198 925 1204 929 1206 929 1206 930 1206 1020 1204 1021 1191 1020 1158 1001 1158 1000 1157 988 1148 987 1148 986 1148 985 1148 948 1156 944 1157 943 1156 932 1148 931 1148 930 1148 889 1147 845 1147 844 1147 843 1147 816 1154 812 1155 807 1154 777 1147 776 1147 775 1147 756 1153 753 1154 750 1153 730 1147 729 1147 728 1147 727 1147 726 1147 718 1153 716 1154 714 1153 704 1148 703 1148 702 1148 702 1148 701 1148 695 1152 693 1154 686 1152 666 1146 665 1146 664 1146 663 1146 648 1152 638 1155 629 1151 618 1147 617 1147 616 1147 593 1151 572 1155 496 1155 470 1149 447 1144 446 1144 426 1148 401 1153 354 1153 342 1147 334 1143 333 1143 332 1143 331 1143 322 1146 308 1152 290 1146 284 1144 283 1144 282 1144 281 1144 276 1146 258 1152 203 1145 203 1186"/></Shape>
	    <String CONTENT="go illam vigilanter retine in tua Eccleſia, fa¬"
                    HPOS="202"
                    VPOS="1143"
                    WIDTH="819"
                    HEIGHT="63"
                    WC="0.991126136576876"></String>
          </TextLine>

          
          
          <TextLine ID="eSc_line_fafdb5f3"
                    TAGREFS="LT4176"
                    BASELINE="198 1235 481 1233 1020 1238" 
                    HPOS="198"
                    VPOS="1194"
                    WIDTH="822"
                    HEIGHT="58">
            <Shape><Polygon POINTS="198 1235 198 1249 273 1242 434 1242 477 1249 486 1250 487 1250 495 1249 526 1244 543 1249 544 1249 544 1249 547 1249 592 1244 604 1249 609 1251 610 1251 611 1251 639 1249 679 1246 692 1249 706 1252 707 1252 796 1251 797 1251 805 1249 819 1245 845 1249 869 1252 870 1252 871 1252 879 1249 885 1246 906 1249 932 1252 933 1252 1020 1248 1020 1238 1020 1208 972 1207 953 1198 952 1198 952 1198 951 1198 923 1206 890 1200 889 1200 888 1200 872 1205 845 1197 844 1197 843 1197 842 1197 823 1205 807 1197 806 1197 805 1197 703 1205 671 1196 670 1196 669 1196 628 1204 591 1197 590 1197 589 1197 576 1205 548 1205 521 1196 520 1196 519 1196 482 1201 437 1195 436 1195 406 1200 383 1196 382 1196 381 1196 380 1196 370 1203 310 1196 309 1196 308 1196 287 1202 276 1194 275 1194 274 1194 273 1194 198 1202 198 1235"/></Shape>
	    <String CONTENT="ciliùs autem conſeruatur ſi nota ſit ſana do¬"
                    HPOS="198"
                    VPOS="1194"
                    WIDTH="822"
                    HEIGHT="58"
                    WC="0.960348400084869"></String>
          </TextLine>

          
          
          <TextLine ID="eSc_line_834007a7"
                    TAGREFS="LT4176"
                    BASELINE="198 1284 429 1282 1020 1289" 
                    HPOS="198"
                    VPOS="1242"
                    WIDTH="822"
                    HEIGHT="61">
            <Shape><Polygon POINTS="198 1284 198 1297 250 1291 291 1297 295 1297 296 1297 301 1297 344 1292 438 1297 473 1299 474 1299 485 1297 501 1295 514 1297 521 1299 521 1299 522 1299 523 1299 528 1297 539 1294 571 1294 580 1297 585 1300 586 1300 587 1301 634 1301 634 1300 634 1300 641 1298 652 1295 682 1298 696 1299 697 1299 718 1298 743 1297 747 1298 750 1301 751 1301 752 1301 753 1301 776 1298 792 1297 808 1298 837 1302 838 1302 865 1298 881 1297 891 1298 912 1303 913 1303 1019 1298 1020 1289 1019 1256 989 1249 988 1249 987 1249 974 1253 965 1247 964 1247 963 1247 962 1247 926 1254 922 1255 921 1254 911 1248 910 1248 909 1248 878 1246 814 1246 813 1246 812 1246 796 1253 795 1253 790 1253 745 1247 744 1247 707 1252 695 1253 682 1252 637 1244 636 1244 602 1251 600 1251 596 1251 565 1247 564 1247 535 1250 515 1252 489 1249 455 1246 454 1246 453 1246 444 1249 439 1250 434 1249 416 1242 415 1242 414 1242 363 1247 354 1243 353 1243 352 1243 351 1243 340 1247 334 1250 198 1246 198 1284"/></Shape>
	    <String CONTENT="ctrina: nota autem ei erat ex Apoſtoli inſti¬"
                    HPOS="198"
                    VPOS="1242"
                    WIDTH="822"
                    HEIGHT="61"
                    WC="0.981984362337324"></String>
          </TextLine>

          
          
          <TextLine ID="eSc_line_6c65a952"
                    TAGREFS="LT4176"
                    BASELINE="198 1332 1015 1338" 
                    HPOS="197"
                    VPOS="1292"
                    WIDTH="818"
                    HEIGHT="63">
            <Shape><Polygon POINTS="198 1332 197 1341 215 1348 216 1348 217 1348 266 1342 272 1342 425 1342 430 1344 454 1351 455 1351 506 1352 507 1352 561 1347 588 1344 595 1347 609 1353 610 1353 611 1353 639 1349 802 1354 803 1354 804 1354 812 1351 825 1346 860 1346 871 1352 877 1355 878 1355 879 1355 905 1353 932 1350 1013 1354 1015 1338 1014 1304 974 1295 973 1295 919 1303 916 1303 902 1295 901 1295 900 1295 851 1294 786 1294 785 1294 784 1294 767 1302 766 1302 765 1302 739 1294 738 1294 737 1294 736 1294 715 1301 715 1302 684 1302 683 1301 673 1295 672 1295 671 1295 670 1295 626 1301 622 1301 617 1301 565 1292 564 1292 531 1299 513 1292 512 1292 511 1292 464 1299 376 1295 375 1295 374 1295 361 1299 360 1299 359 1299 344 1293 343 1293 342 1293 341 1293 330 1298 289 1293 288 1293 198 1297 198 1332"/></Shape>
	    <String CONTENT="tutione: notam habes, ergo facilè defendes"
                    HPOS="197"
                    VPOS="1292"
                    WIDTH="818"
                    HEIGHT="63"
                    WC="0.975185409534809"></String>
          </TextLine>

          
          
          <TextLine ID="eSc_line_ba5e09c7"
                    TAGREFS="LT4176"
                    BASELINE="197 1385 514 1383" 
                    HPOS="196"
                    VPOS="1339"
                    WIDTH="318"
                    HEIGHT="62">
            <Shape><Polygon POINTS="197 1385 197 1392 208 1399 209 1399 210 1399 261 1392 325 1399 326 1399 327 1399 328 1399 328 1398 335 1392 335 1391 375 1391 376 1392 384 1399 384 1400 385 1400 385 1400 386 1401 408 1401 408 1400 409 1400 410 1400 410 1399 417 1392 418 1392 420 1392 431 1400 432 1400 433 1400 434 1401 502 1401 502 1400 503 1400 504 1400 514 1394 514 1383 512 1344 383 1339 382 1339 358 1344 351 1345 347 1344 338 1340 337 1340 336 1340 313 1344 304 1345 294 1344 264 1340 263 1340 196 1343 197 1385"/></Shape>
	    <String CONTENT="ſi fueris vigilans."
                    HPOS="196"
                    VPOS="1339"
                    WIDTH="318"
                    HEIGHT="62"
                    WC="0.974831160746123"></String>
          </TextLine>

          
          
          <TextLine ID="eSc_line_1c4d4567"
                    TAGREFS="LT4176"
                    BASELINE="251 1431 1012 1433" 
                    HPOS="250"
                    VPOS="1390"
                    WIDTH="762"
                    HEIGHT="60">
            <Shape><Polygon POINTS="251 1431 250 1438 269 1448 270 1448 271 1448 369 1447 370 1447 387 1440 397 1448 398 1448 399 1448 400 1448 431 1441 446 1447 447 1447 448 1447 449 1447 470 1441 476 1439 503 1439 506 1441 515 1448 516 1448 517 1448 518 1448 519 1448 537 1443 613 1448 614 1448 615 1448 632 1442 634 1442 635 1442 650 1447 651 1447 652 1447 653 1447 663 1443 670 1440 742 1440 768 1444 806 1450 807 1450 865 1445 892 1443 929 1446 986 1450 987 1450 988 1450 996 1446 1003 1442 1008 1447 1012 1433 1012 1400 997 1393 996 1393 929 1393 928 1393 927 1393 926 1393 919 1399 917 1400 865 1398 798 1395 797 1395 788 1397 776 1399 769 1397 755 1392 754 1392 753 1392 752 1392 751 1392 745 1396 741 1399 603 1399 552 1394 535 1392 534 1392 533 1392 528 1393 508 1399 460 1399 444 1392 440 1391 439 1391 438 1391 427 1392 374 1398 358 1391 357 1391 356 1391 354 1391 328 1395 251 1390 251 1431"/></Shape>
	    <String CONTENT="Quintò, ET BONAM CONSCIEN¬"
                    HPOS="250"
                    VPOS="1390"
                    WIDTH="762"
                    HEIGHT="60"></String>
          </TextLine>

          
          
          <TextLine ID="eSc_line_8a652601"
                    TAGREFS="LT4176"
                    BASELINE="206 1482 871 1481 1009 1486" 
                    HPOS="206"
                    VPOS="1439"
                    WIDTH="803"
                    HEIGHT="60">
            <Shape><Polygon POINTS="206 1482 206 1492 308 1492 310 1493 317 1499 318 1499 319 1499 320 1499 354 1498 355 1498 356 1498 362 1493 365 1492 423 1494 582 1499 583 1499 584 1499 591 1495 594 1494 601 1495 618 1499 619 1499 620 1499 627 1496 634 1492 649 1496 662 1499 663 1499 683 1496 713 1492 720 1497 722 1498 723 1498 724 1498 725 1498 740 1497 787 1492 823 1498 834 1499 835 1499 836 1499 840 1498 861 1492 870 1498 871 1498 872 1498 873 1498 874 1498 889 1493 899 1498 901 1499 902 1499 903 1499 1008 1499 1009 1486 1008 1449 936 1449 936 1448 917 1439 916 1439 875 1439 874 1439 873 1439 872 1439 861 1448 833 1440 832 1440 831 1440 830 1440 803 1448 801 1448 800 1448 768 1441 767 1441 766 1441 750 1448 749 1448 745 1448 674 1440 673 1440 639 1447 611 1439 610 1439 609 1439 566 1445 542 1439 541 1439 439 1439 438 1439 437 1439 415 1446 402 1442 401 1442 400 1442 372 1447 364 1449 265 1449 259 1447 232 1439 231 1439 230 1439 229 1439 206 1446 206 1482"/></Shape>
	    <String CONTENT="TIAM. Præſidium alterum eſt ad victoriã,"
                    HPOS="206"
                    VPOS="1439"
                    WIDTH="803"
                    HEIGHT="60"></String>
          </TextLine>

          
          
          <TextLine ID="eSc_line_eab1660d"
                    TAGREFS="LT4176"
                    BASELINE="198 1531 838 1531 1019 1536" 
                    HPOS="198"
                    VPOS="1490"
                    WIDTH="821"
                    HEIGHT="72">
            <Shape><Polygon POINTS="198 1531 198 1561 239 1561 239 1560 240 1560 241 1560 266 1549 319 1559 322 1559 323 1559 330 1559 421 1549 466 1557 486 1560 487 1560 506 1556 538 1550 599 1550 611 1555 620 1559 621 1559 622 1559 642 1554 654 1552 665 1554 698 1561 699 1562 785 1562 785 1561 786 1561 804 1552 810 1550 815 1552 821 1555 822 1555 823 1555 824 1555 825 1555 830 1552 834 1550 928 1550 929 1551 937 1557 938 1557 939 1557 940 1557 941 1557 958 1551 980 1558 981 1558 982 1558 1018 1549 1019 1536 1018 1499 979 1499 979 1499 967 1491 966 1491 965 1491 964 1491 963 1491 943 1499 892 1491 891 1491 890 1491 865 1499 831 1493 830 1493 792 1498 724 1492 723 1492 692 1499 686 1494 685 1494 684 1494 527 1490 526 1490 254 1498 229 1490 228 1490 227 1490 226 1490 198 1498 198 1531"/></Shape>
	    <String CONTENT="&amp; meta rectè agendi in hac militia. Bona"
                    HPOS="198"
                    VPOS="1490"
                    WIDTH="821"
                    HEIGHT="72"
                    WC="0.974164164647823"></String>
          </TextLine>

          
        </TextBlock>
        
        <TextBlock HPOS="900.9488525390625"
                   VPOS="1554.5325927734375"
                   WIDTH="125.374755859375"
                   HEIGHT="49.8489990234375"
                   ID="block_3"
                   TAGREFS="BT10631">
          <Shape><Polygon POINTS="900.949 1554.53 1026.32 1554.53 1026.32 1604.38 900.949 1604.38 900.949 1554.53"/></Shape>
          
          
          <TextLine ID="eSc_line_7a758112"
                    TAGREFS="LT4176"
                    BASELINE="911 1582 1019 1585" 
                    HPOS="910"
                    VPOS="1551"
                    WIDTH="109"
                    HEIGHT="61">
            <Shape><Polygon POINTS="911 1582 910 1609 937 1611 938 1611 939 1611 951 1607 958 1603 965 1606 980 1612 981 1612 982 1612 983 1612 984 1612 984 1611 992 1605 1018 1602 1019 1585 1018 1563 994 1562 991 1560 982 1552 981 1552 980 1552 911 1551 911 1582"/></Shape>
	    <String CONTENT="con¬"
                    HPOS="910"
                    VPOS="1551"
                    WIDTH="109"
                    HEIGHT="61"
                    WC="0.803018838167191"></String>
          </TextLine>

          
        </TextBlock>
        

        
      </PrintSpace>
    </Page>
  </Layout>
</alto>
