<?xml version="1.0" encoding="UTF-8"?>
<alto xmlns:xsi="http://www.w3.org/2001/XMLSchema-instance"
      xmlns="http://www.loc.gov/standards/alto/ns-v4#"
      xsi:schemaLocation="http://www.loc.gov/standards/alto/ns-v4# http://www.loc.gov/standards/alto/v4/alto-4-2.xsd">
  <Description>
    <MeasurementUnit>pixel</MeasurementUnit>
    <sourceImageInformation>
      <fileName>2012972.png</fileName>
      
    </sourceImageInformation>
  </Description>
  
  <Tags>
    <OtherTag ID="BT10983" LABEL="GraphicZone" DESCRIPTION="block type GraphicZone"/><OtherTag ID="BT10982" LABEL="DropCapitalZone" DESCRIPTION="block type DropCapitalZone"/><OtherTag ID="BT10981" LABEL="RunningTitleZone" DESCRIPTION="block type RunningTitleZone"/><OtherTag ID="BT10980" LABEL="NumberingZone" DESCRIPTION="block type NumberingZone"/><OtherTag ID="BT10979" LABEL="TitlePageZone" DESCRIPTION="block type TitlePageZone"/><OtherTag ID="BT10978" LABEL="QuireMarksZone" DESCRIPTION="block type QuireMarksZone"/><OtherTag ID="BT10977" LABEL="MainZone" DESCRIPTION="block type MainZone"/><OtherTag ID="BT10976" LABEL="MarginTextZone" DESCRIPTION="block type MarginTextZone"/>
    <OtherTag ID="LT4321" LABEL="default" DESCRIPTION="line type default"/><OtherTag ID="LT4319" LABEL="HeadingLine" DESCRIPTION="line type HeadingLine"/><OtherTag ID="LT4318" LABEL="DefaultLine" DESCRIPTION="line type DefaultLine"/><OtherTag ID="LT4320" LABEL="CustomLine : BiblicalText" DESCRIPTION="line type CustomLine : BiblicalText"/>
  </Tags>
  
  <Layout>
    <Page WIDTH="1807"
          HEIGHT="2677"
          PHYSICAL_IMG_NR="19"
          ID="eSc_dummypage_">
      <PrintSpace HPOS="0"
                  VPOS="0"
                  WIDTH="1807"
                  HEIGHT="2677">
        
        <TextBlock HPOS="658.03515625"
                   VPOS="157.0499725341797"
                   WIDTH="83.16009521484375"
                   HEIGHT="47.75959777832031"
                   ID="block_1"
                   TAGREFS="BT10980">
          <Shape><Polygon POINTS="658.035 157.05 741.195 157.05 741.195 204.81 658.035 204.81 658.035 157.05"/></Shape>
          
          
          <TextLine ID="eSc_line_9ff7fdb2"
                    TAGREFS="LT4318"
                    BASELINE="664 191 749 191" 
                    HPOS="664"
                    VPOS="148"
                    WIDTH="85"
                    HEIGHT="61">
            <Shape><Polygon POINTS="679 148 664 156 664 191 664 209 749 208 749 191 749 154 681 148 679 148"/></Shape>
	    <String CONTENT="oo"
                    HPOS="664"
                    VPOS="148"
                    WIDTH="85"
                    HEIGHT="61"
                    WC="0.99997353553772"></String>
          </TextLine>

          
        </TextBlock>
        
        <TextBlock HPOS="848.146484375"
                   VPOS="151.4658203125"
                   WIDTH="699.1534423828125"
                   HEIGHT="70.89094543457031"
                   ID="block_0"
                   TAGREFS="BT10981">
          <Shape><Polygon POINTS="848.146 151.466 1547.3 151.466 1547.3 222.357 848.146 222.357 848.146 151.466"/></Shape>
          
          
          <TextLine ID="eSc_line_3ee566ac"
                    TAGREFS="LT4319"
                    BASELINE="855 196 1531 211" 
                    HPOS="853"
                    VPOS="150"
                    WIDTH="678"
                    HEIGHT="82">
            <Shape><Polygon POINTS="1509 168 1494 165 1484 163 1481 166 1476 169 1472 166 1458 159 1450 157 1435 156 1432 154 1395 154 1393 154 1392 154 1371 165 1363 169 1347 165 1308 154 1307 154 1305 154 1304 154 1267 163 1256 166 1246 163 1219 154 1218 154 1216 154 1176 163 1164 165 1157 162 1142 156 1140 156 1139 156 1137 156 1136 156 1128 162 1125 165 1122 162 1106 151 1093 151 1078 151 1063 151 1052 151 1042 160 1041 162 1035 160 990 153 989 153 987 153 986 153 978 160 977 162 925 162 922 159 910 150 899 150 884 150 878 150 855 157 855 196 853 205 908 218 910 218 963 209 969 209 972 211 994 221 996 221 997 221 1038 212 1047 211 1049 214 1058 221 1058 223 1060 223 1061 223 1063 223 1064 223 1090 215 1097 212 1100 215 1107 221 1107 223 1109 223 1110 223 1152 224 1154 224 1155 224 1168 218 1177 214 1188 218 1204 226 1206 226 1207 226 1232 221 1256 215 1267 221 1274 227 1276 227 1277 227 1279 227 1313 224 1363 218 1372 226 1374 227 1374 229 1375 229 1377 229 1528 232 1531 211 1531 172 1524 171"/></Shape>
	    <String CONTENT="AD I. PAVL. AD TIM."
                    HPOS="853"
                    VPOS="150"
                    WIDTH="678"
                    HEIGHT="82"
                    WC="0.97433646729118"></String>
          </TextLine>

          
        </TextBlock>
        
        <TextBlock HPOS="612.8169555664062"
                   VPOS="229.11280822753906"
                   WIDTH="1078.8297729492188"
                   HEIGHT="1944.344955444336"
                   ID="block_2"
                   TAGREFS="BT10977">
          <Shape><Polygon POINTS="612.817 229.113 1691.65 229.113 1691.65 2173.46 612.817 2173.46 612.817 229.113"/></Shape>
          
          
          <TextLine ID="eSc_line_e8edf8bd"
                    TAGREFS="LT4318"
                    BASELINE="657 261 1693 282" 
                    HPOS="655"
                    VPOS="206"
                    WIDTH="1038"
                    HEIGHT="98">
            <Shape><Polygon POINTS="1615 230 1613 230 1612 230 1577 239 1546 224 1545 224 1543 224 1542 224 1514 237 1508 240 1399 240 1389 233 1378 226 1377 226 1375 226 1374 226 1347 230 1323 220 1322 220 1228 218 1226 218 1225 218 1224 218 1215 227 1206 233 1122 223 1079 218 1078 218 1076 218 1075 218 1072 221 1058 232 1024 220 1023 220 1021 220 1020 220 987 230 923 221 922 221 883 229 828 218 826 218 825 218 812 224 780 211 777 209 776 209 657 206 657 261 655 275 681 285 682 285 684 285 859 281 951 291 953 291 1099 285 1396 300 1398 300 1458 292 1580 303 1582 303 1583 303 1585 303 1594 295 1640 304 1641 304 1692 295 1693 282 1692 245 1638 245 1635 242 1618 230 1616 230"/></Shape>
	    <String CONTENT="diationis &amp; interceſsionis Chriſti pro nobis fun¬"
                    HPOS="655"
                    VPOS="206"
                    WIDTH="1038"
                    HEIGHT="98"
                    WC="0.974723331782283"></String>
          </TextLine>

          
          
          <TextLine ID="eSc_line_f24b04a8"
                    TAGREFS="LT4318"
                    BASELINE="654 321 1693 342" 
                    HPOS="652"
                    VPOS="273"
                    WIDTH="1041"
                    HEIGHT="91">
            <Shape><Polygon POINTS="654 321 652 334 684 345 685 345 687 345 716 339 728 348 730 348 731 348 733 348 773 339 804 349 806 349 807 349 865 340 873 340 874 342 887 350 889 350 890 350 892 350 1039 346 1091 345 1118 348 1173 356 1174 356 1204 350 1221 348 1226 350 1231 355 1232 355 1234 355 1235 355 1268 352 1305 349 1313 353 1319 359 1320 359 1322 359 1323 359 1348 355 1369 350 1383 355 1395 361 1396 361 1398 361 1429 356 1466 352 1499 359 1516 362 1518 362 1534 359 1564 355 1690 364 1693 342 1692 306 1597 304 1595 303 1572 291 1570 291 1569 291 1497 301 1493 301 1472 288 1470 288 1469 288 1467 288 1400 300 1395 300 1360 298 1345 298 1322 285 1320 285 1319 285 1317 285 1316 285 1298 297 1273 297 1249 297 1244 297 1197 284 1195 284 1194 284 1192 284 1174 292 1099 281 1097 281 1096 281 1058 291 1017 279 1015 279 1014 279 929 290 922 290 815 290 813 288 792 275 791 275 789 275 728 273 727 273 725 273 697 281 681 273 679 273 678 273 676 273 654 282 654 321"/></Shape>
	    <String CONTENT="damẽtum explicat. Eſt autem ipſius ſacrificium"
                    HPOS="652"
                    VPOS="273"
                    WIDTH="1041"
                    HEIGHT="91"
                    WC="0.993246282668824"></String>
          </TextLine>

          
          
          <TextLine ID="eSc_line_731e4853"
                    TAGREFS="LT4318"
                    BASELINE="649 379 1690 397" 
                    HPOS="648"
                    VPOS="339"
                    WIDTH="1042"
                    HEIGHT="84">
            <Shape><Polygon POINTS="649 379 648 406 736 398 797 398 813 408 815 410 816 410 817 410 819 410 820 410 825 408 855 401 892 410 910 413 911 413 938 410 994 403 1069 403 1084 411 1094 416 1096 416 1097 416 1137 411 1151 410 1157 411 1174 417 1176 417 1177 417 1179 417 1201 411 1215 408 1231 411 1264 419 1265 419 1307 413 1308 413 1375 420 1377 420 1411 413 1418 411 1421 413 1429 420 1429 422 1430 422 1432 422 1433 422 1435 422 1464 413 1473 411 1481 413 1494 419 1496 419 1497 419 1569 414 1595 413 1603 414 1631 423 1632 423 1634 423 1689 414 1690 397 1689 367 1603 352 1508 350 1506 350 1505 350 1464 362 1463 362 1461 362 1414 349 1412 349 1411 349 1348 361 1342 361 1328 359 1165 345 1164 345 1112 356 1110 356 1107 356 1063 343 1061 343 996 342 956 342 954 342 953 342 951 342 935 353 933 353 905 345 904 345 902 345 841 352 837 352 823 340 823 339 822 339 820 339 819 339 751 350 746 350 739 350 672 342 670 342 669 342 649 348 649 379"/></Shape>
	    <String CONTENT="pro nobis, quod hîc πεεεγρασν quadam deſcribi¬"
                    HPOS="648"
                    VPOS="339"
                    WIDTH="1042"
                    HEIGHT="84"
                    WC="0.9680776938479"></String>
          </TextLine>

          
          
          <TextLine ID="eSc_line_c1478de5"
                    TAGREFS="LT4318"
                    BASELINE="652 438 1689 459" 
                    HPOS="651"
                    VPOS="394"
                    WIDTH="1038"
                    HEIGHT="86">
            <Shape><Polygon POINTS="652 438 651 452 691 461 693 461 844 458 874 458 904 459 1021 468 1023 468 1115 465 1168 464 1179 466 1192 471 1194 471 1195 471 1255 469 1316 466 1686 480 1689 459 1689 423 1615 410 1519 410 1518 410 1516 410 1515 410 1506 419 1467 407 1466 407 1464 407 1463 407 1427 417 1426 417 1320 417 1316 416 1258 404 1256 404 1102 407 1023 398 1021 398 1020 398 999 408 980 398 978 398 977 398 877 407 875 407 873 407 780 394 779 394 777 394 742 404 652 404 652 438"/></Shape>
	    <String CONTENT="tur. Sunt enim res inter ſe connexæ, ſacrificium"
                    HPOS="651"
                    VPOS="394"
                    WIDTH="1038"
                    HEIGHT="86"
                    WC="0.979414168745279"></String>
          </TextLine>

          
          
          <TextLine ID="eSc_line_99967a8d"
                    TAGREFS="LT4318"
                    BASELINE="652 499 1690 517" 
                    HPOS="651"
                    VPOS="452"
                    WIDTH="1039"
                    HEIGHT="86">
            <Shape><Polygon POINTS="652 499 651 513 771 516 783 524 785 524 786 524 788 524 846 519 999 529 1000 529 1070 523 1084 522 1100 523 1161 530 1163 530 1231 526 1256 524 1264 526 1286 533 1287 533 1289 533 1326 527 1340 526 1353 529 1381 535 1383 535 1384 535 1386 535 1393 529 1398 527 1432 530 1524 538 1525 538 1689 535 1690 517 1690 484 1616 483 1615 481 1582 468 1580 468 1579 468 1577 468 1554 480 1549 481 1539 478 1509 471 1508 471 1506 471 1473 477 1456 480 1448 475 1430 465 1429 465 1427 465 1426 465 1424 465 1405 474 1396 478 1368 474 1344 469 1342 469 1341 469 1340 469 1337 472 1331 477 1173 477 1124 475 1102 465 1087 459 1085 459 1084 459 1041 464 962 471 925 459 913 456 911 456 852 456 850 456 849 456 846 458 819 468 765 455 762 455 761 455 759 455 758 455 743 465 731 455 731 453 730 453 728 453 652 452 652 499"/></Shape>
	    <String CONTENT="&amp; interceſsio apud Deum: atque etiam ita inter"
                    HPOS="651"
                    VPOS="452"
                    WIDTH="1039"
                    HEIGHT="86"
                    WC="0.993438797152561"></String>
          </TextLine>

          
          
          <TextLine ID="eSc_line_e157749c"
                    TAGREFS="LT4318"
                    BASELINE="652 554 1692 574" 
                    HPOS="651"
                    VPOS="510"
                    WIDTH="1041"
                    HEIGHT="89">
            <Shape><Polygon POINTS="652 554 651 568 788 571 809 584 810 584 812 584 813 584 815 584 834 574 923 585 925 585 971 575 1009 584 1011 584 1012 584 1014 584 1015 584 1027 577 1078 578 1090 588 1091 588 1093 588 1094 588 1171 581 1238 581 1250 591 1252 591 1253 591 1255 591 1256 591 1289 581 1325 591 1326 591 1328 591 1329 591 1331 591 1342 584 1412 584 1467 596 1612 599 1613 599 1690 587 1692 574 1690 529 1569 536 1543 527 1536 524 1534 524 1533 524 1511 527 1469 532 1457 526 1450 523 1448 523 1447 523 1445 523 1432 526 1414 530 1392 526 1375 523 1374 523 1372 523 1371 523 1368 526 1360 533 1296 533 1253 524 1215 519 1213 519 1212 519 1198 524 1192 527 1189 524 1182 519 1180 519 1179 519 1177 519 1137 524 1121 526 1112 524 1090 517 1088 517 1087 517 1085 517 1069 523 1060 527 1055 523 1047 516 1045 516 1044 516 1042 516 1041 516 1020 523 1009 526 826 524 810 522 719 510 669 510 667 510 666 510 664 510 652 517 652 554"/></Shape>
	    <String CONTENT="ſe comparatæ, vt vna alterius cauſa ſit. Id quod"
                    HPOS="651"
                    VPOS="510"
                    WIDTH="1041"
                    HEIGHT="89"
                    WC="0.996118483444055"></String>
          </TextLine>

          
          
          <TextLine ID="eSc_line_e21fcd55"
                    TAGREFS="LT4318"
                    BASELINE="648 611 1689 635" 
                    HPOS="646"
                    VPOS="566"
                    WIDTH="1043"
                    HEIGHT="92">
            <Shape><Polygon POINTS="648 611 646 629 658 636 660 636 661 636 663 636 712 629 777 639 779 639 874 633 881 633 883 633 908 642 910 642 911 642 1151 642 1296 642 1323 648 1342 651 1344 651 1345 651 1351 648 1363 643 1390 649 1405 652 1686 658 1689 635 1688 600 1516 588 1515 588 1514 588 1497 593 1494 594 1493 593 1485 587 1484 587 1482 587 1481 587 1448 591 1442 593 1439 591 1426 581 1424 581 1423 581 1421 581 1374 590 1363 591 1348 588 1296 578 1295 578 1250 585 1234 588 1228 585 1216 577 1215 577 1213 577 1212 577 1155 582 1130 585 1112 581 1081 574 1079 574 1078 574 993 578 951 580 923 575 881 569 880 569 878 569 870 574 859 580 849 574 841 568 840 568 838 568 837 568 812 572 794 575 786 571 779 566 777 566 776 566 774 566 648 566 648 611"/></Shape>
	    <String CONTENT="his Epiſtolæ ad Hebræos locis confirmatur cap."
                    HPOS="646"
                    VPOS="566"
                    WIDTH="1043"
                    HEIGHT="92"
                    WC="0.981084574823794"></String>
          </TextLine>

          
          
          <TextLine ID="eSc_line_1f9723c6"
                    TAGREFS="LT4318"
                    BASELINE="645 672 1690 690" 
                    HPOS="643"
                    VPOS="629"
                    WIDTH="1047"
                    HEIGHT="87">
            <Shape><Polygon POINTS="645 672 643 690 664 700 666 700 667 700 719 691 730 690 736 691 767 701 768 701 770 701 771 701 794 693 823 703 825 703 826 703 889 696 994 706 996 706 1146 697 1160 697 1161 697 1188 709 1189 709 1191 709 1192 709 1225 698 1226 698 1228 698 1289 710 1290 710 1292 710 1325 700 1326 700 1357 712 1359 712 1429 713 1430 713 1487 703 1604 716 1606 716 1689 704 1690 690 1689 652 1619 654 1597 651 1549 642 1548 642 1424 648 1392 649 1387 648 1368 639 1366 639 1365 639 1328 646 1322 648 1319 646 1299 638 1298 638 1296 638 1206 645 1189 646 1186 645 1170 635 1168 635 1167 635 1165 635 1164 635 1131 645 1128 645 1018 645 1015 643 986 632 984 632 983 632 926 640 817 629 816 629 645 638 645 672"/></Shape>
	    <String CONTENT="4.verf.14. 5verſ.1. 7. verſ. 15. 8.verſ.3. 9. verſ.24. at¬"
                    HPOS="643"
                    VPOS="629"
                    WIDTH="1047"
                    HEIGHT="87"
                    WC="0.958043957578725"></String>
          </TextLine>

          
          
          <TextLine ID="eSc_line_3bea56a0"
                    TAGREFS="LT4318"
                    BASELINE="648 730 1689 749" 
                    HPOS="646"
                    VPOS="687"
                    WIDTH="1043"
                    HEIGHT="81">
            <Shape><Polygon POINTS="648 730 646 754 1686 768 1689 749 1689 715 1536 709 1528 701 1528 700 1527 700 1525 700 1524 700 1467 709 1457 710 1448 709 1421 701 1420 701 1418 701 1387 707 1377 709 1372 707 1354 697 1353 697 1351 697 1313 706 1304 707 1301 706 1289 696 1287 696 1286 696 1231 696 1229 696 1228 696 1213 703 1209 706 1204 703 1186 694 1185 694 1183 694 1143 701 1127 704 1049 700 942 693 941 693 939 693 925 697 913 700 905 696 889 688 887 688 886 688 884 688 865 696 856 698 768 698 755 693 736 687 734 687 733 687 648 690 648 730"/></Shape>
	    <String CONTENT="que etiam hac ratione. Quòd cùm hic ſit inter¬"
                    HPOS="646"
                    VPOS="687"
                    WIDTH="1043"
                    HEIGHT="81"
                    WC="0.994469633946816"></String>
          </TextLine>

          
          
          <TextLine ID="eSc_line_23307c89"
                    TAGREFS="LT4318"
                    BASELINE="642 789 1688 807" 
                    HPOS="641"
                    VPOS="746"
                    WIDTH="1047"
                    HEIGHT="85">
            <Shape><Polygon POINTS="642 789 641 807 1641 831 1643 831 1686 822 1688 807 1686 777 1638 777 1637 776 1622 762 1621 762 1619 762 1618 762 1542 773 1531 774 1527 773 1491 759 1490 759 1488 759 1487 759 1485 759 1475 767 1423 759 1421 759 1420 759 1418 759 1405 770 1390 770 1340 771 1320 768 1271 759 1270 759 1247 764 1237 755 1235 755 1234 755 1232 755 1231 755 1229 755 1215 765 1213 767 1164 768 1079 768 1067 762 1041 752 1039 752 990 752 989 752 987 752 969 761 962 765 911 765 901 759 881 749 880 749 878 749 841 758 819 762 807 756 789 748 788 748 699 746 697 746 696 746 694 746 694 748 687 754 679 759 642 754 642 789"/></Shape>
	    <String CONTENT="ceſsionis finis, vt Deum nobis propitium &amp; be¬"
                    HPOS="641"
                    VPOS="746"
                    WIDTH="1047"
                    HEIGHT="85"
                    WC="0.983368946158368"></String>
          </TextLine>

          
          
          <TextLine ID="eSc_line_999b76b5"
                    TAGREFS="LT4318"
                    BASELINE="642 847 1685 867" 
                    HPOS="641"
                    VPOS="807"
                    WIDTH="1044"
                    HEIGHT="82">
            <Shape><Polygon POINTS="642 847 641 862 655 871 657 871 658 871 660 871 712 864 724 872 724 874 725 874 727 874 728 874 794 865 797 865 800 865 881 874 883 874 996 870 1023 870 1030 871 1061 880 1063 880 1064 880 1109 872 1122 871 1134 874 1164 881 1165 881 1167 881 1240 877 1261 875 1274 877 1314 884 1461 886 1463 886 1464 886 1466 886 1470 883 1475 878 1484 883 1494 887 1496 887 1497 889 1683 889 1685 867 1685 832 1573 832 1570 829 1561 822 1560 822 1558 822 1557 822 1555 822 1540 828 1534 831 1479 831 1470 826 1444 819 1442 819 1441 819 1337 823 1283 826 1161 825 1157 820 1151 814 1149 814 1148 814 1146 814 1119 819 1107 822 1103 819 1097 813 1096 813 1094 813 1042 812 1041 812 965 816 917 819 904 814 884 809 883 809 881 809 823 813 786 816 779 812 773 807 771 807 770 807 768 807 767 807 755 812 745 816 642 810 642 847"/></Shape>
	    <String CONTENT="neuolentem reddat, is demum apud Deum pro"
                    HPOS="641"
                    VPOS="807"
                    WIDTH="1044"
                    HEIGHT="82"
                    WC="0.998548366674563"></String>
          </TextLine>

          
          
          <TextLine ID="eSc_line_ea9dbe85"
                    TAGREFS="LT4318"
                    BASELINE="638 905 1686 928" 
                    HPOS="636"
                    VPOS="861"
                    WIDTH="1050"
                    HEIGHT="92">
            <Shape><Polygon POINTS="638 905 636 922 660 932 661 932 663 932 664 932 666 932 681 923 798 931 800 931 843 925 846 925 862 936 864 936 865 936 867 936 980 928 986 928 987 928 1020 939 1021 939 1023 939 1113 931 1115 931 1116 931 1195 944 1282 945 1283 945 1284 945 1304 936 1314 945 1316 945 1317 945 1319 945 1366 939 1412 947 1414 947 1473 939 1499 950 1500 950 1502 950 1577 944 1615 953 1616 953 1618 953 1685 941 1686 928 1685 895 1557 880 1555 880 1496 889 1472 877 1470 877 1469 877 1331 886 1329 886 1277 886 1256 872 1255 872 1253 872 1252 872 1250 872 1222 883 1164 871 1163 871 1113 880 986 880 968 867 966 867 965 867 963 867 774 874 748 862 746 862 701 861 700 861 638 871 638 905"/></Shape>
	    <String CONTENT="nobis intercedere poteſt, qui eum nobis placare"
                    HPOS="636"
                    VPOS="861"
                    WIDTH="1050"
                    HEIGHT="92"
                    WC="0.986885580610722"></String>
          </TextLine>

          
          
          <TextLine ID="eSc_line_5c5e0518"
                    TAGREFS="LT4318"
                    BASELINE="642 963 1683 987" 
                    HPOS="641"
                    VPOS="920"
                    WIDTH="1042"
                    HEIGHT="91">
            <Shape><Polygon POINTS="642 963 641 984 770 980 849 991 856 991 858 991 883 991 1149 989 1168 999 1170 999 1171 999 1173 999 1174 999 1177 999 1209 990 1271 990 1282 1000 1283 1000 1284 1000 1286 1000 1317 994 1365 1003 1371 1003 1372 1003 1374 1003 1377 1003 1409 994 1450 1005 1451 1005 1453 1005 1454 1005 1466 1005 1604 1000 1615 1008 1615 1009 1616 1009 1618 1009 1619 1011 1682 1011 1683 987 1682 945 1588 948 1570 942 1560 939 1558 939 1557 939 1530 942 1488 947 1461 941 1438 936 1436 936 1398 939 1359 944 1323 939 1284 933 1283 933 1255 938 1234 941 1210 938 1161 929 1160 929 1128 936 1118 938 1033 938 1018 933 968 925 966 925 886 932 881 932 867 923 865 923 864 923 862 923 795 929 773 920 771 920 770 920 642 928 642 963"/></Shape>
	    <String CONTENT="poteſt. Placatur autem Deus, non alia ratione,"
                    HPOS="641"
                    VPOS="920"
                    WIDTH="1042"
                    HEIGHT="91"
                    WC="0.985734256713287"></String>
          </TextLine>

          
          
          <TextLine ID="eSc_line_5306e4dc"
                    TAGREFS="LT4318"
                    BASELINE="641 1021 1493 1044 1682 1042" 
                    HPOS="639"
                    VPOS="977"
                    WIDTH="1043"
                    HEIGHT="92">
            <Shape><Polygon POINTS="641 1021 639 1038 652 1048 654 1048 655 1048 657 1048 658 1048 693 1038 724 1049 725 1049 727 1049 901 1047 1015 1057 1017 1057 1018 1057 1020 1057 1033 1048 1136 1048 1500 1069 1502 1069 1503 1069 1539 1060 1625 1067 1627 1067 1680 1060 1682 1042 1680 1012 1635 1012 1634 1011 1624 1000 1624 999 1622 999 1621 999 1619 999 1512 1008 1502 1008 1494 1006 1432 994 1430 994 1377 1000 1296 991 1295 991 1293 991 1292 991 1280 999 1258 990 1256 990 1255 990 1253 990 1225 1000 1224 1000 1221 1000 1148 989 1146 989 1145 989 1143 989 1127 997 1122 997 957 996 956 994 945 986 945 984 944 984 942 984 941 984 899 993 896 993 890 993 834 980 832 980 792 987 774 978 773 978 771 978 770 978 749 989 713 977 712 977 710 977 641 986 641 1021"/></Shape>
	    <String CONTENT="quã plena pœnæ peccatis noſtris debitæ perſolu¬"
                    HPOS="639"
                    VPOS="977"
                    WIDTH="1043"
                    HEIGHT="92"
                    WC="0.988890221963326"></String>
          </TextLine>

          
          
          <TextLine ID="eSc_line_7816e558"
                    TAGREFS="LT4318"
                    BASELINE="638 1081 1680 1105" 
                    HPOS="636"
                    VPOS="1038"
                    WIDTH="1044"
                    HEIGHT="86">
            <Shape><Polygon POINTS="638 1081 636 1099 1677 1124 1680 1105 1679 1070 1551 1067 1549 1066 1539 1058 1537 1058 1536 1058 1534 1058 1438 1063 1430 1063 1418 1052 1418 1051 1417 1051 1415 1051 1414 1051 1412 1051 1411 1051 1399 1060 1389 1052 1389 1051 1387 1051 1386 1051 1344 1049 1342 1049 1301 1060 1296 1060 1283 1048 1282 1048 1280 1048 1206 1047 1204 1047 1165 1055 1160 1057 1158 1055 1146 1045 1145 1045 1143 1045 1020 1042 1018 1042 978 1051 969 1052 965 1051 954 1041 953 1041 951 1041 950 1041 911 1049 844 1049 838 1047 809 1038 807 1038 806 1038 804 1038 782 1045 771 1048 752 1045 724 1039 722 1039 638 1041 638 1081"/></Shape>
	    <String CONTENT="tione. Id autem ſolũ Chriſti ſacrificium &amp; mors"
                    HPOS="636"
                    VPOS="1038"
                    WIDTH="1044"
                    HEIGHT="86"
                    WC="0.972036806245645"></String>
          </TextLine>

          
          
          <TextLine ID="eSc_line_e8f2872a"
                    TAGREFS="LT4318"
                    BASELINE="638 1140 1679 1161" 
                    HPOS="636"
                    VPOS="1094"
                    WIDTH="1043"
                    HEIGHT="91">
            <Shape><Polygon POINTS="638 1140 636 1164 676 1165 678 1165 679 1165 707 1155 761 1165 762 1165 764 1165 783 1157 826 1158 855 1168 859 1170 861 1170 862 1170 871 1168 922 1160 931 1167 932 1167 933 1167 935 1167 1154 1164 1267 1165 1279 1174 1280 1174 1282 1174 1283 1174 1284 1174 1302 1167 1314 1177 1316 1177 1317 1177 1319 1177 1323 1177 1365 1170 1387 1179 1392 1180 1393 1180 1531 1183 1533 1183 1545 1182 1572 1176 1615 1183 1631 1185 1632 1185 1634 1185 1635 1185 1637 1183 1646 1176 1674 1183 1679 1161 1679 1125 1573 1124 1572 1122 1557 1115 1555 1115 1554 1115 1509 1121 1496 1110 1494 1110 1493 1110 1456 1109 1454 1109 1453 1109 1429 1119 1356 1119 1320 1119 1320 1118 1307 1107 1307 1106 1305 1106 1304 1106 1231 1105 1229 1105 1228 1105 1207 1115 1157 1103 1155 1103 1093 1113 1091 1113 1054 1113 989 1112 965 1100 963 1100 962 1100 864 1109 852 1099 852 1097 850 1097 849 1097 810 1097 809 1097 807 1097 788 1107 752 1096 751 1096 749 1096 748 1096 712 1106 699 1094 697 1094 696 1094 694 1094 638 1105 638 1140"/></Shape>
	    <String CONTENT="potuit. Ergo illa mors Chriſti interceſsionis pro"
                    HPOS="636"
                    VPOS="1094"
                    WIDTH="1043"
                    HEIGHT="91"
                    WC="0.994553794666212"></String>
          </TextLine>

          
          
          <TextLine ID="eSc_line_d309fb34"
                    TAGREFS="LT4318"
                    BASELINE="632 1200 1680 1219" 
                    HPOS="630"
                    VPOS="1154"
                    WIDTH="1050"
                    HEIGHT="86">
            <Shape><Polygon POINTS="632 1200 630 1219 777 1218 815 1223 831 1225 832 1225 834 1225 840 1223 861 1218 874 1223 880 1226 881 1226 883 1226 908 1223 951 1219 978 1225 996 1228 997 1228 1012 1225 1035 1221 1085 1225 1137 1231 1139 1231 1171 1226 1194 1223 1204 1226 1221 1232 1222 1232 1224 1232 1255 1228 1273 1225 1298 1228 1357 1235 1359 1235 1572 1231 1580 1231 1583 1231 1638 1240 1640 1240 1679 1231 1680 1219 1680 1185 1644 1171 1643 1171 1641 1171 1640 1171 1606 1183 1604 1183 1603 1183 1579 1170 1577 1170 1540 1170 1539 1170 1537 1170 1536 1170 1519 1182 1518 1182 1508 1182 1406 1171 1405 1171 1403 1171 1375 1179 1374 1179 1371 1179 1329 1165 1328 1165 1326 1165 1253 1171 1244 1164 1243 1164 1241 1164 1240 1164 1238 1164 1207 1176 1204 1176 1201 1176 1171 1167 1170 1167 1168 1167 1167 1167 1146 1174 1145 1174 1142 1174 1084 1165 1082 1165 972 1171 959 1171 957 1171 944 1160 944 1158 942 1158 941 1158 939 1158 878 1170 874 1170 873 1170 859 1160 858 1160 856 1160 855 1160 853 1160 841 1165 823 1157 822 1157 712 1154 710 1154 632 1164 632 1200"/></Shape>
	    <String CONTENT="nobis eſt fulcimentum &amp; fundamentum. Vnde"
                    HPOS="630"
                    VPOS="1154"
                    WIDTH="1050"
                    HEIGHT="86"
                    WC="0.988767158694384"></String>
          </TextLine>

          
          
          <TextLine ID="eSc_line_86fc480f"
                    TAGREFS="LT4318"
                    BASELINE="633 1259 1677 1276" 
                    HPOS="632"
                    VPOS="1212"
                    WIDTH="1045"
                    HEIGHT="81">
            <Shape><Polygon POINTS="633 1259 632 1279 806 1276 870 1283 881 1284 883 1284 884 1284 889 1283 913 1277 1075 1279 1106 1286 1121 1289 1122 1289 1145 1286 1188 1281 1203 1287 1210 1290 1212 1290 1213 1290 1231 1287 1258 1283 1280 1287 1296 1292 1298 1292 1299 1292 1301 1292 1314 1289 1331 1284 1383 1289 1429 1293 1430 1293 1676 1292 1677 1276 1676 1240 1621 1240 1616 1237 1583 1225 1582 1225 1580 1225 1579 1225 1549 1235 1511 1235 1322 1235 1314 1229 1308 1225 1307 1225 1305 1225 1304 1225 1302 1225 1287 1228 1277 1231 1268 1228 1247 1221 1246 1221 1176 1219 1174 1219 1173 1219 1171 1219 1163 1225 1151 1232 1109 1232 1079 1223 1060 1218 1058 1218 969 1216 968 1216 966 1216 957 1219 938 1228 929 1219 928 1219 928 1218 926 1218 925 1218 923 1218 922 1218 917 1219 898 1223 886 1218 878 1215 877 1215 875 1215 874 1215 873 1215 870 1218 853 1228 825 1228 633 1212 633 1259"/></Shape>
	    <String CONTENT="perperam Scholaſtici, qui ſalutis &amp; interceſsio¬"
                    HPOS="632"
                    VPOS="1212"
                    WIDTH="1045"
                    HEIGHT="81"
                    WC="0.989067869881789"></String>
          </TextLine>

          
          
          <TextLine ID="eSc_line_6354ffa8"
                    TAGREFS="LT4318"
                    BASELINE="632 1314 1680 1337" 
                    HPOS="630"
                    VPOS="1273"
                    WIDTH="1050"
                    HEIGHT="89">
            <Shape><Polygon POINTS="632 1314 630 1338 770 1334 835 1344 843 1344 844 1344 850 1344 892 1337 1049 1338 1097 1347 1121 1351 1317 1353 1319 1353 1320 1353 1322 1353 1323 1351 1331 1345 1366 1351 1400 1357 1402 1357 1430 1353 1448 1350 1476 1353 1508 1357 1509 1357 1551 1354 1580 1353 1591 1356 1615 1362 1616 1362 1618 1362 1679 1356 1680 1337 1680 1302 1573 1301 1572 1299 1552 1286 1551 1286 1549 1286 1469 1284 1467 1284 1417 1296 1414 1296 1398 1283 1396 1283 1395 1283 1393 1283 1331 1292 1165 1279 1164 1279 1163 1279 1161 1279 1145 1289 1105 1277 1103 1277 1102 1277 1100 1277 1099 1277 1082 1287 990 1274 989 1274 987 1274 954 1286 953 1286 831 1284 831 1283 819 1274 819 1273 817 1273 816 1273 815 1273 813 1273 783 1283 780 1283 632 1280 632 1314"/></Shape>
	    <String CONTENT="nis mediat ores diuerſos faciunt. Quod eſſe non"
                    HPOS="630"
                    VPOS="1273"
                    WIDTH="1050"
                    HEIGHT="89"
                    WC="0.975897721787716"></String>
          </TextLine>

          
          
          <TextLine ID="eSc_line_c7e534f9"
                    TAGREFS="LT4318"
                    BASELINE="632 1375 1558 1392" 
                    HPOS="630"
                    VPOS="1332"
                    WIDTH="928"
                    HEIGHT="82">
            <Shape><Polygon POINTS="632 1375 630 1397 881 1395 936 1402 978 1406 980 1406 981 1406 983 1406 983 1405 987 1402 991 1397 1051 1397 1165 1402 1395 1414 1396 1414 1497 1406 1540 1414 1542 1414 1543 1414 1545 1414 1557 1405 1558 1392 1558 1357 1341 1354 1328 1351 1283 1341 1282 1341 1247 1348 1240 1350 1235 1348 1215 1338 1213 1338 1212 1338 1210 1338 1183 1347 1177 1350 1072 1350 1060 1344 1039 1335 1038 1335 1036 1335 1035 1335 1015 1342 1003 1347 984 1342 954 1334 953 1334 951 1334 917 1339 892 1345 877 1339 862 1332 861 1332 859 1332 632 1332 632 1375"/></Shape>
	    <String CONTENT="poſſe ſatis ex ſuperiore argumento apparet."
                    HPOS="630"
                    VPOS="1332"
                    WIDTH="928"
                    HEIGHT="82"
                    WC="0.996875943139542"></String>
          </TextLine>

          
          
          <TextLine ID="eSc_line_43835200"
                    TAGREFS="LT4318"
                    BASELINE="676 1433 1679 1453" 
                    HPOS="675"
                    VPOS="1389"
                    WIDTH="1004"
                    HEIGHT="84">
            <Shape><Polygon POINTS="676 1433 675 1448 1676 1473 1679 1453 1677 1405 1604 1415 1582 1403 1580 1403 1579 1403 1574 1403 1448 1408 1421 1400 1418 1400 1417 1400 1415 1400 1408 1400 1338 1409 1283 1399 1273 1397 1271 1397 1262 1399 1218 1408 1103 1396 1063 1393 1061 1393 1041 1396 986 1403 841 1402 832 1393 828 1390 828 1389 826 1389 825 1389 823 1389 676 1390 676 1433"/></Shape>
	    <String CONTENT="Definitur autem &amp; ornatur hoc Chriſti ſacri¬"
                    HPOS="675"
                    VPOS="1389"
                    WIDTH="1004"
                    HEIGHT="84"
                    WC="0.99380455233834"></String>
          </TextLine>

          
          
          <TextLine ID="eSc_line_05a28f82"
                    TAGREFS="LT4318"
                    BASELINE="627 1491 1679 1511" 
                    HPOS="626"
                    VPOS="1447"
                    WIDTH="1053"
                    HEIGHT="86">
            <Shape><Polygon POINTS="627 1491 626 1515 1011 1515 1027 1521 1030 1522 1032 1522 1033 1522 1045 1522 1110 1516 1189 1524 1203 1525 1204 1525 1209 1525 1237 1519 1676 1533 1679 1511 1679 1470 1631 1464 1630 1464 1628 1464 1621 1469 1607 1476 1598 1467 1592 1463 1591 1463 1589 1463 1493 1461 1491 1461 1490 1461 1488 1461 1484 1466 1470 1473 1448 1464 1436 1460 1435 1460 1433 1460 1432 1460 1421 1464 1399 1472 1253 1463 1252 1463 1177 1467 1163 1460 1161 1460 1160 1460 1112 1467 1091 1457 1090 1457 1088 1457 1042 1463 1033 1455 1032 1454 1032 1453 1030 1453 1029 1453 1027 1453 1014 1454 972 1463 953 1453 948 1451 947 1451 945 1451 923 1453 825 1461 792 1450 788 1448 786 1448 785 1448 783 1448 779 1450 743 1460 704 1448 700 1447 699 1447 627 1447 627 1491"/></Shape>
	    <String CONTENT="ficium magna laude &amp; encomio, quod ductũ eſt"
                    HPOS="626"
                    VPOS="1447"
                    WIDTH="1053"
                    HEIGHT="86"
                    WC="0.997949481010437"></String>
          </TextLine>

          
          
          <TextLine ID="eSc_line_930bfd35"
                    TAGREFS="LT4318"
                    BASELINE="626 1551 1670 1569" 
                    HPOS="624"
                    VPOS="1505"
                    WIDTH="1046"
                    HEIGHT="86">
            <Shape><Polygon POINTS="626 1551 624 1564 712 1576 713 1576 788 1569 798 1569 803 1570 831 1577 832 1577 834 1577 874 1571 886 1570 904 1571 960 1579 962 1579 1055 1576 1106 1574 1183 1579 1276 1585 1277 1585 1293 1582 1316 1577 1342 1583 1359 1586 1360 1586 1412 1585 1508 1582 1521 1588 1525 1589 1527 1589 1528 1589 1543 1588 1591 1583 1667 1591 1670 1569 1670 1534 1582 1519 1580 1519 1579 1519 1577 1519 1560 1531 1536 1531 1496 1531 1415 1531 1414 1528 1405 1521 1405 1519 1403 1519 1402 1519 1400 1519 1399 1519 1381 1528 1378 1528 1340 1521 1338 1521 1302 1527 1299 1527 1283 1515 1282 1515 1280 1515 1232 1513 1231 1513 1229 1513 1192 1525 1188 1525 1176 1524 1096 1515 1094 1515 1093 1515 1076 1522 1030 1511 1029 1511 1027 1511 960 1521 954 1521 948 1521 886 1508 884 1508 817 1511 816 1511 815 1511 806 1518 803 1519 800 1518 776 1506 774 1506 739 1506 737 1506 736 1506 718 1516 713 1518 707 1516 676 1505 675 1505 673 1505 626 1513 626 1551"/></Shape>
	    <String CONTENT="ab ipſius effecto. Id autem eſt Redemptio noſtra,"
                    HPOS="624"
                    VPOS="1505"
                    WIDTH="1046"
                    HEIGHT="86"
                    WC="0.99086507120911"></String>
          </TextLine>

          
          
          <TextLine ID="eSc_line_181c88a0"
                    TAGREFS="LT4318"
                    BASELINE="626 1609 1673 1627" 
                    HPOS="624"
                    VPOS="1564"
                    WIDTH="1049"
                    HEIGHT="85">
            <Shape><Polygon POINTS="626 1609 624 1622 709 1624 709 1625 718 1632 718 1634 719 1634 721 1634 722 1634 724 1634 725 1634 734 1627 740 1627 798 1627 813 1628 887 1637 889 1637 923 1631 931 1629 939 1631 974 1638 975 1638 1020 1632 1039 1631 1049 1634 1069 1640 1070 1640 1072 1640 1116 1635 1145 1632 1152 1637 1158 1641 1160 1641 1161 1641 1163 1641 1185 1637 1197 1635 1212 1638 1240 1643 1241 1643 1270 1640 1292 1637 1670 1649 1673 1627 1673 1594 1505 1594 1500 1591 1473 1577 1472 1577 1470 1577 1469 1577 1444 1589 1439 1591 1247 1589 1243 1586 1213 1573 1212 1573 1210 1573 1070 1583 1069 1583 1067 1583 1051 1570 1049 1570 1048 1570 975 1569 974 1569 972 1569 971 1569 960 1576 904 1569 902 1569 901 1569 899 1569 886 1577 868 1567 867 1567 865 1567 835 1573 800 1566 798 1566 727 1576 688 1564 687 1564 685 1564 626 1576 626 1609"/></Shape>
	    <String CONTENT="cuius illud ſacrificium fuit pretium integrum,"
                    HPOS="624"
                    VPOS="1564"
                    WIDTH="1049"
                    HEIGHT="85"
                    WC="0.977466452380885"></String>
          </TextLine>

          
          
          <TextLine ID="eSc_line_0c01d664"
                    TAGREFS="LT4318"
                    BASELINE="627 1667 1671 1686" 
                    HPOS="626"
                    VPOS="1624"
                    WIDTH="1045"
                    HEIGHT="84">
            <Shape><Polygon POINTS="627 1667 626 1687 701 1683 761 1690 771 1692 773 1692 774 1692 776 1692 776 1690 788 1685 904 1692 968 1696 969 1696 994 1693 1026 1689 1032 1693 1033 1695 1033 1696 1035 1696 1036 1696 1038 1696 1039 1696 1047 1693 1058 1690 1116 1695 1200 1701 1201 1701 1286 1696 1319 1695 1326 1696 1348 1704 1350 1704 1351 1704 1402 1698 1414 1696 1415 1698 1427 1705 1429 1705 1430 1705 1432 1705 1494 1698 1503 1698 1514 1698 1589 1708 1591 1708 1670 1699 1671 1686 1671 1653 1631 1653 1630 1652 1618 1641 1616 1641 1615 1641 1613 1641 1537 1649 1508 1638 1506 1638 1505 1638 1503 1638 1502 1638 1488 1649 1488 1650 1432 1650 1421 1647 1338 1635 1337 1635 1335 1635 1334 1635 1320 1646 1320 1647 1273 1647 1270 1646 1252 1634 1250 1634 1249 1634 1247 1634 1146 1643 1142 1643 1140 1643 1130 1634 1130 1632 1128 1632 1127 1632 1125 1632 1005 1637 948 1628 947 1628 883 1638 877 1638 865 1638 780 1629 779 1629 777 1629 755 1635 731 1625 730 1625 728 1625 727 1625 693 1634 681 1624 679 1624 678 1624 676 1624 627 1632 627 1667"/></Shape>
	    <String CONTENT="plena merces, &amp; iuſta ſatisfactio ſiue perſolutio."
                    HPOS="626"
                    VPOS="1624"
                    WIDTH="1045"
                    HEIGHT="84"
                    WC="0.994226794242859"></String>
          </TextLine>

          
          
          <TextLine ID="eSc_line_6f786ebc"
                    TAGREFS="LT4318"
                    BASELINE="627 1726 1676 1744" 
                    HPOS="626"
                    VPOS="1680"
                    WIDTH="1050"
                    HEIGHT="88">
            <Shape><Polygon POINTS="627 1726 626 1740 800 1743 825 1754 826 1754 892 1756 893 1756 965 1748 997 1757 999 1757 1165 1760 1167 1760 1210 1753 1282 1762 1283 1762 1325 1753 1359 1763 1360 1763 1362 1763 1405 1754 1502 1766 1503 1766 1585 1757 1634 1768 1635 1768 1637 1768 1674 1757 1676 1744 1671 1702 1650 1708 1625 1701 1607 1696 1606 1696 1604 1696 1577 1701 1543 1707 1527 1699 1515 1695 1514 1695 1512 1695 1511 1695 1502 1699 1490 1707 1439 1707 1420 1698 1400 1692 1399 1692 1398 1692 1396 1692 1384 1698 1374 1704 1357 1698 1344 1693 1342 1693 1341 1693 1340 1693 1338 1693 1332 1698 1322 1702 1154 1702 1128 1695 1100 1687 1099 1687 1051 1686 1049 1686 1048 1686 1047 1686 1035 1693 1030 1696 1014 1693 971 1685 969 1685 929 1692 914 1695 902 1692 878 1685 877 1685 875 1685 874 1685 855 1692 843 1695 826 1690 798 1685 797 1685 765 1690 748 1693 739 1690 718 1680 716 1680 715 1680 627 1687 627 1726"/></Shape>
	    <String CONTENT="Dicitur autem Chriſtus non tantùm Seipſum de¬"
                    HPOS="626"
                    VPOS="1680"
                    WIDTH="1050"
                    HEIGHT="88"
                    WC="0.978353926668996"></String>
          </TextLine>

          
          
          <TextLine ID="eSc_line_3d45d712"
                    TAGREFS="LT4318"
                    BASELINE="624 1783 1668 1804" 
                    HPOS="623"
                    VPOS="1735"
                    WIDTH="1045"
                    HEIGHT="91">
            <Shape><Polygon POINTS="624 1783 623 1801 1665 1826 1668 1804 1665 1763 1594 1766 1580 1762 1563 1754 1561 1754 1560 1754 1558 1754 1536 1760 1521 1765 1516 1760 1508 1753 1506 1753 1505 1753 1503 1753 1502 1753 1487 1760 1478 1763 1383 1763 1344 1757 1280 1750 1279 1750 1277 1750 1261 1756 1255 1759 1250 1756 1237 1747 1235 1747 1234 1747 1140 1744 1139 1744 1137 1744 1109 1754 1103 1756 1099 1754 1082 1745 1081 1745 1024 1745 1023 1745 1021 1745 1020 1745 1012 1753 991 1741 990 1741 989 1741 944 1751 935 1753 847 1753 841 1750 810 1738 809 1738 742 1737 740 1737 739 1737 737 1737 722 1747 690 1735 688 1735 687 1735 624 1745 624 1783"/></Shape>
	    <String CONTENT="diſſe: ſed etiam Ipſe ſe dediſſe. Nã neq; aliud pro"
                    HPOS="623"
                    VPOS="1735"
                    WIDTH="1045"
                    HEIGHT="91"
                    WC="0.995310777655015"></String>
          </TextLine>

          
          
          <TextLine ID="eSc_line_20e4ab9b"
                    TAGREFS="LT4318"
                    BASELINE="632 1844 1670 1860" 
                    HPOS="630"
                    VPOS="1801"
                    WIDTH="1040"
                    HEIGHT="81">
            <Shape><Polygon POINTS="632 1844 630 1864 727 1860 971 1872 1009 1873 1011 1873 1017 1873 1047 1866 1100 1873 1109 1875 1110 1875 1116 1875 1152 1867 1168 1875 1170 1875 1171 1875 1174 1875 1253 1869 1298 1878 1304 1878 1667 1882 1670 1860 1670 1817 1647 1814 1646 1814 1644 1814 1643 1814 1640 1815 1625 1824 1408 1823 1396 1814 1390 1809 1389 1809 1387 1809 1386 1809 1360 1814 1337 1818 1328 1814 1319 1809 1317 1809 1316 1809 1280 1814 1240 1818 1232 1812 1226 1808 1225 1808 1224 1808 1222 1808 1221 1808 1204 1812 1191 1817 1165 1812 1128 1806 1127 1806 1125 1806 1113 1812 1105 1817 1094 1812 1078 1805 1076 1805 1075 1805 980 1811 933 1814 928 1811 910 1802 908 1802 907 1802 870 1811 861 1812 852 1811 820 1801 819 1801 817 1801 632 1808 632 1844"/></Shape>
	    <String CONTENT="peccatis noitris, quàm ſeipſum dedit: neque cùm"
                    HPOS="630"
                    VPOS="1801"
                    WIDTH="1040"
                    HEIGHT="81"
                    WC="0.994427677319974"></String>
          </TextLine>

          
          
          <TextLine ID="eSc_line_a7f926af"
                    TAGREFS="LT4318"
                    BASELINE="624 1900 1670 1918" 
                    HPOS="623"
                    VPOS="1859"
                    WIDTH="1047"
                    HEIGHT="86">
            <Shape><Polygon POINTS="624 1900 623 1922 748 1930 749 1930 779 1925 795 1922 798 1925 804 1930 804 1931 806 1931 807 1931 809 1931 862 1927 875 1925 880 1927 898 1933 899 1933 901 1933 986 1928 1009 1927 1021 1928 1064 1936 1066 1936 1456 1934 1485 1934 1493 1940 1493 1942 1494 1942 1496 1942 1586 1945 1588 1945 1668 1936 1670 1918 1670 1885 1624 1875 1622 1875 1621 1875 1601 1884 1600 1884 1589 1884 1494 1873 1493 1873 1442 1881 1438 1881 1436 1881 1409 1870 1408 1870 1406 1870 1331 1879 1322 1879 1317 1879 1286 1870 1284 1870 1283 1870 1282 1870 1267 1878 1235 1867 1234 1867 1232 1867 1163 1876 1155 1876 1154 1876 1139 1866 1137 1866 1136 1866 1134 1866 1133 1866 1099 1875 1096 1875 1084 1875 922 1863 920 1863 755 1869 740 1869 739 1869 712 1859 710 1859 709 1859 624 1866 624 1900"/></Shape>
	    <String CONTENT="dedit, inuitus aut ignorãs id fecit, ſed volens. In"
                    HPOS="623"
                    VPOS="1859"
                    WIDTH="1047"
                    HEIGHT="86"
                    WC="0.98736851146588"></String>
          </TextLine>

          
          
          <TextLine ID="eSc_line_fba91492"
                    TAGREFS="LT4318"
                    BASELINE="624 1960 1667 1978" 
                    HPOS="623"
                    VPOS="1917"
                    WIDTH="1044"
                    HEIGHT="86">
            <Shape><Polygon POINTS="624 1960 623 1979 639 1988 641 1988 710 1989 712 1989 713 1989 742 1982 761 1989 762 1989 764 1989 765 1989 786 1980 791 1979 806 1980 849 1986 850 1986 1097 1986 1119 1994 1121 1994 1122 1994 1124 1994 1146 1986 1161 1997 1163 1997 1164 1997 1165 1998 1195 1998 1195 1997 1197 1997 1198 1997 1210 1986 1212 1986 1301 1986 1305 1989 1342 2000 1344 2000 1345 2000 1347 2000 1371 1989 1372 1989 1377 1989 1412 1997 1414 1997 1458 1991 1466 1991 1470 1991 1509 2003 1511 2003 1512 2003 1665 1994 1667 1978 1667 1940 1634 1931 1632 1931 1631 1931 1589 1940 1585 1940 1493 1940 1482 1939 1405 1927 1268 1925 1267 1925 1265 1925 1235 1934 1231 1934 1212 1933 1105 1925 1103 1925 1102 1925 1081 1931 1078 1931 1073 1931 1015 1921 1014 1921 841 1927 825 1927 823 1927 798 1917 797 1917 795 1917 751 1925 748 1925 745 1925 700 1917 699 1917 624 1922 624 1960"/></Shape>
	    <String CONTENT="quo ipſo com mẽdatur impenſe Chriſti erga nos"
                    HPOS="623"
                    VPOS="1917"
                    WIDTH="1044"
                    HEIGHT="86"
                    WC="0.997377514839172"></String>
          </TextLine>

          
          
          <TextLine ID="eSc_line_8fd705f7"
                    TAGREFS="LT4318"
                    BASELINE="620 2019 1658 2037" 
                    HPOS="618"
                    VPOS="1975"
                    WIDTH="1040"
                    HEIGHT="83">
            <Shape><Polygon POINTS="618 2036 1060 2049 1061 2049 1109 2043 1115 2043 1119 2043 1151 2050 1152 2050 1210 2044 1221 2044 1232 2044 1322 2053 1323 2053 1552 2050 1570 2058 1572 2058 1573 2058 1656 2050 1658 2037 1656 2004 1499 2001 1496 1998 1479 1986 1478 1986 1476 1986 1430 1986 1429 1986 1427 1986 1402 1997 1396 1998 1381 1995 1354 1991 1353 1991 1332 1994 1316 1997 1311 1994 1296 1983 1295 1983 1293 1983 1207 1982 1206 1982 1204 1982 1185 1989 1174 1994 1163 1989 1137 1980 1136 1980 1134 1980 1133 1980 1115 1988 1105 1992 1084 1988 1051 1979 1049 1979 1048 1979 1008 1985 997 1986 989 1985 968 1979 966 1979 965 1979 963 1979 954 1983 944 1989 910 1982 898 1980 896 1980 895 1980 892 1982 877 1989 823 1980 791 1975 789 1975 746 1978 657 1985 621 1975 620 2019 618 2036"/></Shape>
	    <String CONTENT="bencficium &amp; charitas. Similis locus. Tit 2.V.14."
                    HPOS="618"
                    VPOS="1975"
                    WIDTH="1040"
                    HEIGHT="83"
                    WC="0.984898451639681"></String>
          </TextLine>

          
          
          <TextLine ID="eSc_line_9c9fc5aa"
                    TAGREFS="LT4318"
                    BASELINE="676 2080 1665 2094" 
                    HPOS="675"
                    VPOS="2031"
                    WIDTH="990"
                    HEIGHT="88">
            <Shape><Polygon POINTS="676 2080 675 2094 712 2105 713 2105 715 2105 716 2105 718 2105 731 2095 770 2102 771 2102 868 2096 875 2096 902 2110 904 2110 905 2110 962 2099 1052 2101 1061 2110 1061 2111 1063 2111 1064 2111 1066 2111 1174 2102 1224 2114 1225 2114 1226 2116 1310 2116 1310 2114 1311 2114 1313 2114 1326 2102 1378 2116 1380 2116 1381 2116 1505 2105 1554 2119 1555 2119 1557 2119 1664 2105 1665 2094 1665 2058 1604 2044 1603 2044 1601 2044 1579 2055 1576 2056 1573 2055 1555 2043 1554 2043 1552 2043 1551 2043 1506 2052 1460 2043 1458 2043 1423 2050 1415 2052 1409 2050 1384 2041 1383 2041 1381 2041 1380 2041 1360 2049 1348 2053 1228 2053 1209 2044 1192 2038 1191 2038 1189 2038 1188 2038 1174 2044 1163 2049 1140 2043 1118 2037 1116 2037 1115 2037 1113 2037 1099 2041 1076 2050 1026 2050 1002 2038 993 2036 991 2036 990 2036 957 2038 916 2041 905 2037 899 2034 898 2034 896 2034 877 2036 788 2046 743 2033 742 2033 676 2031 676 2080"/></Shape>
	    <String CONTENT="Nec caret ἐμρέσι, quòd ſanguis Chriſti illo ſa¬"
                    HPOS="675"
                    VPOS="2031"
                    WIDTH="990"
                    HEIGHT="88"
                    WC="0.962872160971165"></String>
          </TextLine>

          
          
          <TextLine ID="eSc_line_8e23a796"
                    TAGREFS="LT4318"
                    BASELINE="614 2137 1662 2152" 
                    HPOS="612"
                    VPOS="2091"
                    WIDTH="1050"
                    HEIGHT="98">
            <Shape><Polygon POINTS="614 2137 612 2172 667 2163 713 2174 725 2177 727 2177 728 2177 730 2177 733 2174 746 2163 757 2171 758 2171 759 2171 761 2171 762 2171 785 2163 926 2174 999 2180 1000 2180 1002 2180 1003 2180 1011 2174 1024 2166 1131 2166 1197 2168 1213 2174 1240 2184 1241 2184 1243 2184 1244 2184 1283 2174 1299 2171 1316 2174 1362 2186 1363 2187 1438 2187 1438 2186 1439 2186 1481 2175 1557 2189 1558 2189 1560 2189 1595 2175 1661 2175 1662 2152 1662 2114 1621 2104 1619 2104 1618 2104 1616 2104 1604 2113 1598 2117 1563 2117 1546 2111 1524 2102 1522 2102 1521 2102 1464 2110 1421 2114 1326 2114 1317 2105 1316 2104 1314 2104 1313 2104 1311 2104 1310 2104 1304 2105 1282 2113 1136 2113 1075 2108 1066 2099 1063 2098 1063 2096 1061 2096 1060 2096 1058 2096 1057 2096 1047 2099 1021 2108 975 2101 974 2101 933 2108 901 2096 892 2094 890 2094 797 2092 795 2092 794 2092 789 2094 770 2101 745 2094 742 2092 740 2092 614 2091 614 2137"/></Shape>
	    <String CONTENT="crificio effuſus appellatur ἀν τιλvreςν, quia ſanguis"
                    HPOS="612"
                    VPOS="2091"
                    WIDTH="1050"
                    HEIGHT="98"
                    WC="0.971789256842048"></String>
          </TextLine>

          
        </TextBlock>
        
        <TextBlock HPOS="1541.1439208984375"
                   VPOS="2178.3564453125"
                   WIDTH="127.426513671875"
                   HEIGHT="57.626708984375"
                   ID="block_3"
                   TAGREFS="BT10978">
          <Shape><Polygon POINTS="1541.14 2178.36 1668.57 2178.36 1668.57 2235.98 1541.14 2235.98 1541.14 2178.36"/></Shape>
          
          
          <TextLine ID="eSc_line_bb2252e9"
                    TAGREFS="LT4318"
                    BASELINE="1574 2214 1664 2214" 
                    HPOS="1574"
                    VPOS="2165"
                    WIDTH="90"
                    HEIGHT="101">
            <Shape><Polygon POINTS="1574 2214 1574 2253 1662 2266 1664 2214 1664 2180 1595 2165 1594 2165 1592 2165 1591 2165 1574 2175 1574 2214"/></Shape>
	    <String CONTENT="ille"
                    HPOS="1574"
                    VPOS="2165"
                    WIDTH="90"
                    HEIGHT="101"
                    WC="0.927030429244041"></String>
          </TextLine>

          
        </TextBlock>
        

        
      </PrintSpace>
    </Page>
  </Layout>
</alto>
