<?xml version="1.0" encoding="UTF-8"?>
<alto xmlns:xsi="http://www.w3.org/2001/XMLSchema-instance"
      xmlns="http://www.loc.gov/standards/alto/ns-v4#"
      xsi:schemaLocation="http://www.loc.gov/standards/alto/ns-v4# http://www.loc.gov/standards/alto/v4/alto-4-2.xsd">
  <Description>
    <MeasurementUnit>pixel</MeasurementUnit>
    <sourceImageInformation>
      <fileName>2012991.png</fileName>
      
    </sourceImageInformation>
  </Description>
  
  <Tags>
    <OtherTag ID="BT10983" LABEL="GraphicZone" DESCRIPTION="block type GraphicZone"/><OtherTag ID="BT10982" LABEL="DropCapitalZone" DESCRIPTION="block type DropCapitalZone"/><OtherTag ID="BT10981" LABEL="RunningTitleZone" DESCRIPTION="block type RunningTitleZone"/><OtherTag ID="BT10980" LABEL="NumberingZone" DESCRIPTION="block type NumberingZone"/><OtherTag ID="BT10979" LABEL="TitlePageZone" DESCRIPTION="block type TitlePageZone"/><OtherTag ID="BT10978" LABEL="QuireMarksZone" DESCRIPTION="block type QuireMarksZone"/><OtherTag ID="BT10977" LABEL="MainZone" DESCRIPTION="block type MainZone"/><OtherTag ID="BT10976" LABEL="MarginTextZone" DESCRIPTION="block type MarginTextZone"/>
    <OtherTag ID="LT4321" LABEL="default" DESCRIPTION="line type default"/><OtherTag ID="LT4319" LABEL="HeadingLine" DESCRIPTION="line type HeadingLine"/><OtherTag ID="LT4318" LABEL="DefaultLine" DESCRIPTION="line type DefaultLine"/><OtherTag ID="LT4320" LABEL="CustomLine : BiblicalText" DESCRIPTION="line type CustomLine : BiblicalText"/>
  </Tags>
  
  <Layout>
    <Page WIDTH="1807"
          HEIGHT="2677"
          PHYSICAL_IMG_NR="38"
          ID="eSc_dummypage_">
      <PrintSpace HPOS="0"
                  VPOS="0"
                  WIDTH="1807"
                  HEIGHT="2677">
        
        <TextBlock HPOS="447.9967041015625"
                   VPOS="188.56761169433594"
                   WIDTH="373.9034423828125"
                   HEIGHT="70.32167053222656"
                   ID="block_0"
                   TAGREFS="BT10981">
          <Shape><Polygon POINTS="447.997 188.568 821.9 188.568 821.9 258.889 447.997 258.889 447.997 188.568"/></Shape>
          
          
          <TextLine ID="eSc_line_b9104756"
                    TAGREFS="LT4319"
                    BASELINE="452 237 809 242" 
                    HPOS="450"
                    VPOS="185"
                    WIDTH="359"
                    HEIGHT="75">
            <Shape><Polygon POINTS="450 243 502 257 504 257 545 249 562 257 563 257 565 257 566 257 568 257 581 248 608 257 609 257 611 257 612 257 635 249 638 248 639 249 651 258 652 258 654 258 655 258 657 258 681 249 688 248 716 248 718 251 727 258 727 260 728 260 730 260 731 260 807 252 809 242 807 197 755 197 754 194 746 188 746 187 745 187 743 187 742 187 704 193 691 196 687 193 675 185 673 185 672 185 670 185 639 191 624 194 452 187 452 237"/></Shape>
	    <String CONTENT="CAPVT. II."
                    HPOS="450"
                    VPOS="185"
                    WIDTH="359"
                    HEIGHT="75"
                    WC="0.938274884223938"></String>
          </TextLine>

          
        </TextBlock>
        
        <TextBlock HPOS="1080.9764404296875"
                   VPOS="206.5791473388672"
                   WIDTH="87.5491943359375"
                   HEIGHT="62.46784973144531"
                   ID="block_2"
                   TAGREFS="BT10980">
          <Shape><Polygon POINTS="1080.98 206.579 1168.53 206.579 1168.53 269.047 1080.98 269.047 1080.98 206.579"/></Shape>
          
          
          <TextLine ID="eSc_line_2ea10338"
                    TAGREFS="LT4318"
                    BASELINE="1100 257 1163 254" 
                    HPOS="1097"
                    VPOS="203"
                    WIDTH="66"
                    HEIGHT="78">
            <Shape><Polygon POINTS="1100 257 1100 272 1127 281 1128 281 1130 281 1131 281 1163 269 1163 254 1157 203 1097 203 1100 257"/></Shape>
	    <String CONTENT="79"
                    HPOS="1097"
                    VPOS="203"
                    WIDTH="66"
                    HEIGHT="78"
                    WC="0.999855369329453"></String>
          </TextLine>

          
        </TextBlock>
        
        <TextBlock HPOS="101.91410827636719"
                   VPOS="257.0483093261719"
                   WIDTH="1065.4263458251953"
                   HEIGHT="1961.0620422363281"
                   ID="block_1"
                   TAGREFS="BT10977">
          <Shape><Polygon POINTS="101.914 257.048 1167.34 257.048 1167.34 2218.11 101.914 2218.11 101.914 257.048"/></Shape>
          
          
          <TextLine ID="eSc_line_2937545b"
                    TAGREFS="LT4318"
                    BASELINE="172 301 1168 316" 
                    HPOS="171"
                    VPOS="249"
                    WIDTH="997"
                    HEIGHT="84">
            <Shape><Polygon POINTS="246 249 240 249 227 255 190 249 187 249 172 254 172 301 171 321 1165 333 1168 316 1168 272 1122 261 1121 261 986 266 971 258 969 258 968 258 925 264 907 267 901 264 889 258 887 258 886 258 884 258 870 263 862 266 611 264 587 257 572 252 571 252 569 252 551 255 520 261 440 252 419 251 417 251 410 252 373 260 273 260 252 249 246 249"/></Shape>
	    <String CONTENT="Præterea hæc ipſa præcepta nõ ad ſolas mulie¬"
                    HPOS="171"
                    VPOS="249"
                    WIDTH="997"
                    HEIGHT="84"
                    WC="0.986933285775392"></String>
          </TextLine>

          
          
          <TextLine ID="eSc_line_a8cd6fa5"
                    TAGREFS="LT4318"
                    BASELINE="118 359 1170 376" 
                    HPOS="117"
                    VPOS="315"
                    WIDTH="1053"
                    HEIGHT="83">
            <Shape><Polygon POINTS="118 359 117 379 206 374 218 382 220 382 221 382 223 382 224 382 226 382 234 376 331 382 410 388 411 388 450 383 489 379 516 383 544 389 545 389 547 389 562 385 574 380 633 385 697 389 699 389 749 385 780 383 795 386 837 394 905 395 907 395 908 395 910 395 920 388 1118 398 1119 398 1168 388 1170 376 1168 337 1103 337 1102 336 1088 327 1087 327 1085 327 1084 327 948 333 942 333 941 333 931 324 929 324 928 324 926 324 849 331 847 331 846 331 834 322 832 322 831 322 829 322 721 330 709 330 707 330 694 319 693 319 691 319 690 319 572 327 569 327 557 318 556 318 554 318 553 318 496 325 432 316 431 316 429 316 416 324 408 316 408 315 407 315 406 315 404 315 118 319 118 322"/></Shape>
	    <String CONTENT="res, quæ virginitatẽ vouẽt inter Papiſtas, &amp; Non¬"
                    HPOS="117"
                    VPOS="315"
                    WIDTH="1053"
                    HEIGHT="83"
                    WC="0.964879009069181"></String>
          </TextLine>

          
          
          <TextLine ID="eSc_line_f4f76e53"
                    TAGREFS="LT4318"
                    BASELINE="117 422 397 420 1168 434" 
                    HPOS="117"
                    VPOS="374"
                    WIDTH="1051"
                    HEIGHT="82">
            <Shape><Polygon POINTS="117 422 117 441 660 441 669 446 673 449 675 449 676 449 678 449 718 446 748 443 754 446 761 452 762 452 764 452 765 452 950 447 954 447 972 455 974 455 1113 456 1115 456 1167 447 1168 434 1167 397 1064 385 1063 385 1000 392 987 394 983 392 971 386 969 386 968 386 855 389 792 391 785 388 765 380 764 380 762 380 761 380 742 386 736 389 731 386 721 380 719 380 718 380 510 377 508 377 486 382 464 386 455 380 450 377 449 377 447 377 446 377 444 377 443 377 440 380 434 386 362 386 334 379 316 374 117 374 117 422"/></Shape>
	    <String CONTENT="næ dicuntur, pertinent: ſed ad omnes &amp; coniu¬"
                    HPOS="117"
                    VPOS="374"
                    WIDTH="1051"
                    HEIGHT="82"
                    WC="0.986952314111922"></String>
          </TextLine>

          
          
          <TextLine ID="eSc_line_9eff62ab"
                    TAGREFS="LT4318"
                    BASELINE="121 477 1168 492" 
                    HPOS="120"
                    VPOS="432"
                    WIDTH="1048"
                    HEIGHT="82">
            <Shape><Polygon POINTS="121 477 120 499 153 501 154 501 156 501 157 501 169 492 245 492 260 501 261 502 263 502 264 502 266 502 267 502 270 501 285 493 330 501 340 502 342 502 391 501 539 496 635 502 730 508 731 508 733 508 743 502 751 499 759 502 779 510 780 510 782 510 817 502 831 501 837 504 853 511 855 511 856 511 910 504 919 511 920 511 922 511 1064 514 1066 514 1167 504 1168 492 1165 450 1064 455 1000 447 965 443 963 443 929 446 883 450 865 444 855 441 853 441 852 441 850 441 849 441 846 444 838 450 658 450 580 440 532 435 530 435 496 438 437 446 411 438 400 434 398 434 397 434 359 437 307 441 297 435 292 432 291 432 290 432 288 432 121 432 121 477"/></Shape>
	    <String CONTENT="gatas &amp; celibes, &amp; viduas, quemadmodum præ¬"
                    HPOS="120"
                    VPOS="432"
                    WIDTH="1048"
                    HEIGHT="82"
                    WC="0.99883496761322"></String>
          </TextLine>

          
          
          <TextLine ID="eSc_line_3ad9ba2d"
                    TAGREFS="LT4318"
                    BASELINE="118 533 1165 550" 
                    HPOS="117"
                    VPOS="487"
                    WIDTH="1048"
                    HEIGHT="84">
            <Shape><Polygon POINTS="118 533 117 550 974 571 975 571 1164 565 1165 550 1165 514 1116 504 1115 504 993 511 978 511 971 511 911 499 910 499 852 508 837 498 835 498 834 498 832 498 791 508 788 508 786 508 762 496 761 496 759 496 651 505 648 505 646 505 593 493 591 493 535 504 532 504 527 504 472 492 471 492 469 492 437 502 435 502 362 502 362 501 340 490 339 490 337 490 264 496 217 489 215 489 214 489 184 498 159 487 157 487 156 487 154 487 118 496 118 533"/></Shape>
	    <String CONTENT="clarè hoc loco docet Chryſoſto. &amp; Gregor. Na¬"
                    HPOS="117"
                    VPOS="487"
                    WIDTH="1048"
                    HEIGHT="84"
                    WC="0.990330583375433"></String>
          </TextLine>

          
          
          <TextLine ID="eSc_line_73b58eac"
                    TAGREFS="LT4318"
                    BASELINE="117 594 707 599 1164 611" 
                    HPOS="117"
                    VPOS="545"
                    WIDTH="1047"
                    HEIGHT="85">
            <Shape><Polygon POINTS="117 594 117 614 527 614 542 618 556 623 557 623 559 623 590 618 615 615 630 618 649 624 651 624 652 624 740 620 780 618 801 620 855 627 856 627 893 621 904 620 913 621 941 627 942 627 944 627 954 621 959 620 966 621 989 629 990 629 1107 630 1109 630 1163 623 1164 611 1163 572 1057 559 1055 559 1054 559 1032 568 1029 571 980 571 975 566 962 557 960 557 959 557 957 557 907 565 886 568 856 563 815 557 813 557 786 562 761 566 572 565 556 556 547 551 545 551 544 551 513 554 456 562 444 553 441 550 440 550 438 550 437 550 413 553 345 560 276 548 270 548 269 548 267 548 266 548 240 559 117 545 117 594"/></Shape>
	    <String CONTENT="zianzenus in lib. περὶ γυυαικῶν κεκαλωπισμένων. Nam"
                    HPOS="117"
                    VPOS="545"
                    WIDTH="1047"
                    HEIGHT="85"></String>
          </TextLine>

          
          
          <TextLine ID="eSc_line_1d65d5bd"
                    TAGREFS="LT4318"
                    BASELINE="120 652 1165 667" 
                    HPOS="118"
                    VPOS="608"
                    WIDTH="1047"
                    HEIGHT="79">
            <Shape><Polygon POINTS="118 664 224 675 226 675 309 669 322 669 330 670 362 676 364 676 416 672 434 670 462 672 538 679 539 679 600 675 639 673 1163 687 1165 667 1165 632 1134 621 1133 621 1131 621 1130 621 1128 621 1115 630 1113 632 1063 632 1021 630 1018 627 1005 618 1003 618 1002 618 1000 618 834 624 757 626 681 620 632 617 630 617 609 618 569 623 560 617 554 612 553 612 551 612 550 612 548 612 539 617 530 621 522 617 513 612 511 612 510 612 486 615 453 621 443 615 437 609 435 609 434 609 432 609 327 612 159 617 121 608 120 652 118 664"/></Shape>
	    <String CONTENT="tempore Pauli nondum erant monaſteria, nec i¬"
                    HPOS="118"
                    VPOS="608"
                    WIDTH="1047"
                    HEIGHT="79"
                    WC="0.989612644248539"></String>
          </TextLine>

          
          
          <TextLine ID="eSc_line_ce62d9cd"
                    TAGREFS="LT4318"
                    BASELINE="114 712 1161 728" 
                    HPOS="113"
                    VPOS="669"
                    WIDTH="1048"
                    HEIGHT="74">
            <Shape><Polygon POINTS="114 712 113 728 1158 743 1161 728 1161 688 1112 676 1110 676 1109 676 1107 676 1094 685 1064 678 1063 678 1061 678 1060 678 1058 678 1049 685 1049 687 983 687 980 684 954 673 953 673 951 673 887 682 877 684 874 682 861 672 859 672 858 672 856 672 801 681 789 682 773 681 733 675 731 675 700 679 687 681 681 679 658 669 657 669 114 669 114 712"/></Shape>
	    <String CONTENT="ſtæ virgines Veſtales &amp; Nonnæ viſæ &amp; natæ. Hæ"
                    HPOS="113"
                    VPOS="669"
                    WIDTH="1048"
                    HEIGHT="74"
                    WC="0.999003275235494"></String>
          </TextLine>

          
          
          <TextLine ID="eSc_line_0f9c1485"
                    TAGREFS="LT4318"
                    BASELINE="118 771 1161 780" 
                    HPOS="118"
                    VPOS="725"
                    WIDTH="1043"
                    HEIGHT="78">
            <Shape><Polygon POINTS="118 771 118 788 284 786 306 789 352 797 353 797 355 797 373 789 379 788 441 789 575 795 577 795 602 791 611 789 617 791 641 800 642 800 815 801 816 801 864 792 874 801 875 801 877 801 878 801 987 795 1020 803 1021 803 1023 803 1160 792 1161 780 1161 746 1113 733 1112 733 1110 733 1003 745 994 745 991 745 962 731 960 731 959 731 957 731 931 743 899 731 898 731 896 731 849 742 815 730 813 730 786 730 785 730 783 730 782 730 767 742 742 730 740 730 739 730 737 730 709 742 707 743 641 743 636 742 597 730 596 730 594 730 539 740 538 740 519 728 517 728 516 728 465 727 464 727 462 727 444 736 407 727 406 727 404 727 403 727 377 739 377 740 340 740 339 739 325 727 324 727 322 727 321 727 236 737 234 737 208 725 206 725 205 725 118 736 118 771"/></Shape>
	    <String CONTENT="enim cultus diuini corruptelæ ſub Vitaliano Põ¬"
                    HPOS="118"
                    VPOS="725"
                    WIDTH="1043"
                    HEIGHT="78"
                    WC="0.986600514501333"></String>
          </TextLine>

          
          
          <TextLine ID="eSc_line_7560aff4"
                    TAGREFS="LT4318"
                    BASELINE="117 829 1163 843" 
                    HPOS="116"
                    VPOS="783"
                    WIDTH="1047"
                    HEIGHT="76">
            <Shape><Polygon POINTS="117 829 116 841 193 852 194 852 376 847 388 855 389 855 391 855 392 855 461 847 464 847 477 856 478 856 480 856 481 856 483 856 505 849 602 849 611 858 612 858 614 858 615 858 660 850 669 858 670 858 672 858 673 858 719 852 751 859 752 859 754 859 1161 856 1163 843 1163 804 1136 795 1134 795 1133 795 1131 795 1115 803 1009 803 1009 801 999 792 997 792 996 792 994 792 993 792 975 801 974 801 941 792 939 792 938 792 896 800 864 791 862 791 861 791 721 798 704 798 691 798 582 786 581 786 529 795 526 795 376 795 368 794 301 783 300 783 117 789 117 829"/></Shape>
	    <String CONTENT="tifice Romano maximè receptæ &amp; probatæ vi¬"
                    HPOS="116"
                    VPOS="783"
                    WIDTH="1047"
                    HEIGHT="76"
                    WC="0.968627487504205"></String>
          </TextLine>

          
          
          <TextLine ID="eSc_line_129c5070"
                    TAGREFS="LT4318"
                    BASELINE="117 887 1164 901" 
                    HPOS="116"
                    VPOS="843"
                    WIDTH="1048"
                    HEIGHT="80">
            <Shape><Polygon POINTS="117 887 116 902 156 910 157 910 209 904 229 902 240 904 278 913 279 913 370 905 383 905 385 905 394 914 395 914 397 914 398 914 536 908 566 907 569 908 580 917 581 917 582 917 584 917 655 910 667 908 672 910 697 919 699 919 816 920 817 920 819 920 850 911 852 911 858 911 959 922 960 922 1014 913 1020 913 1030 913 1130 923 1131 923 1133 923 1163 914 1164 901 1164 862 1142 853 1140 853 1139 853 1137 853 1116 862 1109 865 1100 862 1078 855 1076 855 1075 855 991 861 941 864 889 859 823 852 822 852 794 856 771 861 724 856 685 852 684 852 652 855 615 858 603 853 584 846 582 846 517 846 516 846 514 846 495 852 472 858 411 850 350 843 316 843 315 843 313 843 312 843 304 849 294 855 117 846 117 887"/></Shape>
	    <String CONTENT="dentur, ſub quo tria hæc tanquam venena Chri¬"
                    HPOS="116"
                    VPOS="843"
                    WIDTH="1048"
                    HEIGHT="80"
                    WC="0.994780780209435"></String>
          </TextLine>

          
          
          <TextLine ID="eSc_line_612f4005"
                    TAGREFS="LT4318"
                    BASELINE="114 944 1161 957" 
                    HPOS="113"
                    VPOS="899"
                    WIDTH="1048"
                    HEIGHT="84">
            <Shape><Polygon POINTS="114 944 113 962 127 971 129 971 130 971 132 971 133 971 165 963 230 972 232 972 345 965 464 975 465 975 684 969 693 977 694 977 696 977 697 977 895 972 980 981 981 981 983 981 1008 974 1096 983 1097 983 1160 974 1161 957 1161 923 1128 910 1127 910 1125 910 1048 922 1042 922 1035 922 928 907 926 907 880 916 867 907 865 907 864 907 862 907 826 913 810 905 809 905 807 905 762 914 748 917 693 917 685 913 667 904 666 904 664 904 605 911 584 913 565 910 524 902 523 902 522 902 505 908 493 913 484 908 481 905 480 905 478 905 477 905 449 907 367 913 324 904 307 901 306 901 304 901 303 901 300 904 285 913 232 913 114 899 114 944"/></Shape>
	    <String CONTENT="ſtianæ pietatis præſentiſſima nata ſunt, &amp; conſti¬"
                    HPOS="113"
                    VPOS="899"
                    WIDTH="1048"
                    HEIGHT="84"
                    WC="0.996256954669952"></String>
          </TextLine>

          
          
          <TextLine ID="eSc_line_6615a446"
                    TAGREFS="LT4318"
                    BASELINE="113 1005 672 1009 1163 1021" 
                    HPOS="111"
                    VPOS="959"
                    WIDTH="1052"
                    HEIGHT="82">
            <Shape><Polygon POINTS="113 1005 111 1017 471 1032 472 1032 535 1023 541 1023 548 1023 633 1032 635 1032 682 1026 694 1033 696 1033 697 1033 699 1033 733 1026 745 1035 746 1035 748 1035 749 1035 751 1035 780 1027 820 1036 822 1036 919 1030 928 1038 929 1038 931 1038 999 1039 1000 1039 1105 1032 1124 1041 1125 1041 1127 1041 1128 1041 1161 1030 1163 1021 1163 981 1124 972 1122 972 1121 972 1079 980 1064 983 1005 983 996 978 968 969 966 969 965 969 922 977 908 980 898 977 870 968 868 968 867 968 803 975 770 978 759 974 740 966 739 966 737 966 599 971 505 974 455 968 401 962 400 962 374 966 349 971 304 965 257 959 255 959 234 963 209 969 113 962 113 1005"/></Shape>
	    <String CONTENT="tuta, Monachorum cœnobia erecta, Reges in"
                    HPOS="111"
                    VPOS="959"
                    WIDTH="1052"
                    HEIGHT="82"
                    WC="0.982230113773811"></String>
          </TextLine>

          
          
          <TextLine ID="eSc_line_05d3b58b"
                    TAGREFS="LT4318"
                    BASELINE="111 1064 519 1064 1160 1078" 
                    HPOS="110"
                    VPOS="1014"
                    WIDTH="1050"
                    HEIGHT="88">
            <Shape><Polygon POINTS="111 1064 110 1082 159 1078 194 1085 212 1088 214 1088 230 1085 258 1079 315 1085 361 1091 362 1091 411 1087 443 1084 465 1087 492 1091 493 1091 523 1087 550 1084 556 1088 565 1094 566 1094 568 1094 569 1094 687 1088 733 1087 739 1088 758 1097 759 1097 761 1097 931 1090 959 1090 963 1091 994 1100 996 1100 997 1100 1048 1093 1082 1102 1084 1102 1085 1102 1158 1091 1160 1078 1158 1041 1118 1041 1116 1039 1103 1029 1102 1029 1100 1029 1099 1029 994 1036 960 1038 953 1035 933 1026 932 1026 931 1026 873 1033 855 1035 850 1032 841 1024 840 1024 838 1024 837 1024 835 1024 809 1032 803 1032 788 1030 724 1023 722 1023 697 1029 679 1032 664 1027 646 1021 645 1021 643 1021 614 1026 594 1029 553 1024 507 1020 505 1020 504 1020 502 1020 502 1021 499 1023 490 1032 461 1032 432 1021 426 1020 425 1020 423 1020 407 1021 336 1027 284 1017 276 1017 275 1017 269 1017 217 1026 111 1014 111 1064"/></Shape>
	    <String CONTENT="Monachos detonſi, Scortatio quotidiana in ſta¬"
                    HPOS="110"
                    VPOS="1014"
                    WIDTH="1050"
                    HEIGHT="88"
                    WC="0.985191507183987"></String>
          </TextLine>

          
          
          <TextLine ID="eSc_line_a382fb83"
                    TAGREFS="LT4318"
                    BASELINE="114 1122 664 1125" 
                    HPOS="113"
                    VPOS="1076"
                    WIDTH="551"
                    HEIGHT="70">
            <Shape><Polygon POINTS="113 1136 147 1145 148 1145 324 1139 389 1146 391 1146 663 1139 664 1125 663 1090 545 1078 544 1078 508 1085 493 1088 458 1084 426 1081 425 1081 413 1084 389 1088 359 1082 333 1076 331 1076 267 1079 142 1087 116 1076 114 1122 113 1136"/></Shape>
	    <String CONTENT="tum ſanctum canonizata."
                    HPOS="113"
                    VPOS="1076"
                    WIDTH="551"
                    HEIGHT="70"
                    WC="0.969997976137244"></String>
          </TextLine>

          
          
          <TextLine ID="eSc_line_331357b8"
                    TAGREFS="LT4318"
                    BASELINE="175 1182 536 1182 1155 1195" 
                    HPOS="174"
                    VPOS="1130"
                    WIDTH="981"
                    HEIGHT="85">
            <Shape><Polygon POINTS="175 1182 174 1189 233 1203 234 1203 379 1195 416 1194 423 1197 447 1206 449 1206 450 1206 492 1198 510 1195 550 1200 602 1206 603 1206 605 1206 621 1201 633 1198 642 1203 657 1209 658 1209 660 1209 661 1209 673 1203 682 1198 687 1203 694 1209 694 1210 696 1210 697 1210 699 1210 779 1206 832 1203 840 1207 846 1212 847 1212 849 1212 850 1212 884 1209 926 1204 933 1210 935 1212 936 1212 938 1212 939 1212 950 1210 971 1206 1000 1212 1012 1213 1014 1213 1015 1213 1017 1213 1017 1212 1018 1212 1024 1206 1152 1215 1155 1195 1155 1155 972 1140 971 1140 969 1140 968 1140 968 1142 957 1151 935 1140 933 1140 880 1139 878 1139 795 1149 789 1149 771 1137 770 1137 768 1137 767 1137 765 1137 734 1145 691 1139 690 1139 688 1139 673 1146 652 1137 651 1137 649 1137 648 1137 630 1145 605 1134 603 1134 602 1134 536 1142 510 1133 508 1133 507 1133 461 1143 417 1143 342 1143 342 1142 313 1130 312 1130 310 1130 309 1130 290 1140 203 1131 202 1131 200 1131 175 1139 175 1182"/></Shape>
	    <String CONTENT="Quæſitum verò eſt de primarijs mulieribus"
                    HPOS="174"
                    VPOS="1130"
                    WIDTH="981"
                    HEIGHT="85"
                    WC="0.969142442657834"></String>
          </TextLine>

          
          
          <TextLine ID="eSc_line_c5539be2"
                    TAGREFS="LT4318"
                    BASELINE="116 1240 511 1240 1155 1252" 
                    HPOS="114"
                    VPOS="1189"
                    WIDTH="1041"
                    HEIGHT="85">
            <Shape><Polygon POINTS="116 1240 114 1252 215 1262 217 1262 339 1258 377 1256 386 1258 408 1265 410 1265 411 1265 462 1261 486 1258 490 1261 499 1267 501 1267 502 1267 504 1267 611 1264 693 1261 1152 1274 1155 1252 1154 1209 1063 1212 1054 1207 1044 1201 1042 1201 920 1198 919 1198 875 1206 856 1209 852 1206 841 1198 840 1198 838 1198 754 1197 752 1197 751 1197 724 1204 713 1207 709 1204 699 1195 697 1195 696 1195 694 1195 693 1195 670 1204 666 1206 664 1204 655 1197 655 1195 654 1195 652 1195 651 1195 566 1200 490 1192 489 1192 437 1201 428 1203 270 1203 205 1201 203 1200 182 1189 181 1189 179 1189 116 1198 116 1240"/></Shape>
	    <String CONTENT="veluti reginis, principiſſis, duchiſſis &amp; huiuſmodi"
                    HPOS="114"
                    VPOS="1189"
                    WIDTH="1041"
                    HEIGHT="85"
                    WC="0.995025492181965"></String>
          </TextLine>

          
          
          <TextLine ID="eSc_line_4f78c38e"
                    TAGREFS="LT4318"
                    BASELINE="113 1299 519 1299 1155 1313" 
                    HPOS="111"
                    VPOS="1247"
                    WIDTH="1044"
                    HEIGHT="84">
            <Shape><Polygon POINTS="113 1299 111 1310 179 1320 181 1322 248 1322 248 1320 249 1320 251 1320 260 1313 261 1313 273 1314 359 1323 361 1323 434 1317 452 1316 453 1317 461 1323 461 1325 462 1325 464 1325 465 1325 505 1319 516 1317 520 1319 535 1325 536 1325 538 1325 615 1320 657 1319 1152 1331 1155 1313 1154 1274 1064 1274 1061 1271 1054 1265 1052 1265 1051 1265 1049 1265 975 1270 957 1271 953 1270 935 1262 933 1262 932 1262 898 1270 895 1270 893 1270 883 1261 883 1259 881 1259 880 1259 878 1259 809 1268 798 1268 791 1267 745 1256 743 1256 639 1265 627 1265 626 1264 615 1256 615 1255 614 1255 612 1255 611 1255 609 1255 577 1264 574 1264 571 1264 529 1253 527 1253 526 1253 499 1262 481 1253 480 1253 478 1253 477 1253 449 1261 444 1262 440 1261 403 1252 401 1252 400 1252 364 1259 358 1262 307 1262 303 1259 285 1250 284 1250 282 1250 240 1258 230 1259 218 1258 159 1247 157 1247 113 1255 113 1299"/></Shape>
	    <String CONTENT="aliis primariis fœminis, vtrum ad eas quoque"
                    HPOS="111"
                    VPOS="1247"
                    WIDTH="1044"
                    HEIGHT="84"
                    WC="0.987047719684514"></String>
          </TextLine>

          
          
          <TextLine ID="eSc_line_8dc41d26"
                    TAGREFS="LT4318"
                    BASELINE="113 1353 1157 1371" 
                    HPOS="111"
                    VPOS="1308"
                    WIDTH="1046"
                    HEIGHT="85">
            <Shape><Polygon POINTS="113 1353 111 1372 114 1375 116 1375 116 1377 117 1377 118 1377 120 1377 185 1369 196 1378 197 1378 199 1378 200 1378 273 1371 287 1380 288 1380 290 1380 291 1380 432 1374 469 1383 471 1383 472 1383 474 1383 505 1375 606 1384 608 1384 719 1378 730 1387 731 1387 733 1387 734 1387 736 1387 737 1387 749 1380 850 1389 852 1389 913 1383 923 1390 925 1390 926 1390 928 1390 981 1383 994 1392 996 1392 997 1392 999 1392 1000 1392 1020 1386 1082 1393 1084 1393 1155 1384 1157 1371 1157 1332 1075 1332 1073 1331 1064 1322 1064 1320 1063 1320 1061 1320 1060 1320 1002 1328 983 1319 981 1319 980 1319 914 1328 908 1328 907 1328 896 1319 896 1317 895 1317 893 1317 892 1317 823 1326 815 1326 812 1326 785 1316 783 1316 782 1316 780 1316 755 1325 752 1325 751 1325 718 1314 716 1314 636 1313 635 1313 562 1322 553 1322 551 1322 533 1311 532 1311 530 1311 498 1317 459 1310 458 1310 416 1319 413 1319 410 1319 356 1308 355 1308 353 1308 352 1308 337 1317 336 1317 113 1314 113 1353"/></Shape>
	    <String CONTENT="hæc præcepta ſint extendenda. Reſpond. Etſi di¬"
                    HPOS="111"
                    VPOS="1308"
                    WIDTH="1046"
                    HEIGHT="85"
                    WC="0.99612514008867"></String>
          </TextLine>

          
          
          <TextLine ID="eSc_line_2b7e233b"
                    TAGREFS="LT4318"
                    BASELINE="111 1414 1155 1430" 
                    HPOS="110"
                    VPOS="1365"
                    WIDTH="1045"
                    HEIGHT="86">
            <Shape><Polygon POINTS="111 1414 110 1427 300 1439 301 1439 340 1432 342 1432 343 1432 431 1441 432 1441 434 1441 435 1441 446 1433 447 1433 474 1433 505 1433 526 1442 527 1442 529 1442 574 1435 577 1435 580 1435 626 1444 627 1444 661 1436 663 1436 667 1436 786 1447 788 1447 789 1447 806 1439 902 1448 904 1448 953 1441 954 1441 1063 1451 1064 1451 1154 1442 1155 1430 1155 1393 1023 1380 1021 1380 1020 1380 990 1389 966 1377 965 1377 963 1377 917 1387 905 1378 905 1377 904 1377 902 1377 901 1377 899 1377 862 1386 847 1375 846 1375 844 1375 771 1374 770 1374 694 1383 682 1384 670 1383 629 1375 627 1375 574 1381 565 1381 563 1381 545 1371 544 1371 542 1371 541 1371 516 1380 498 1371 496 1371 495 1371 429 1378 422 1378 420 1378 397 1368 395 1368 394 1368 392 1368 365 1377 359 1378 181 1377 175 1372 159 1365 157 1365 156 1365 111 1371 111 1414"/></Shape>
	    <String CONTENT="ſcrimen perſonarum etiam in Dei Eccleſia ha¬"
                    HPOS="110"
                    VPOS="1365"
                    WIDTH="1045"
                    HEIGHT="86"
                    WC="0.98876645619219"></String>
          </TextLine>

          
          
          <TextLine ID="eSc_line_7c94698f"
                    TAGREFS="LT4318"
                    BASELINE="111 1473 1152 1488" 
                    HPOS="110"
                    VPOS="1426"
                    WIDTH="1042"
                    HEIGHT="77">
            <Shape><Polygon POINTS="111 1473 110 1487 1149 1503 1152 1488 1151 1441 1100 1441 1099 1441 1097 1441 1072 1451 1012 1451 999 1439 997 1439 996 1439 994 1439 960 1447 931 1438 929 1438 928 1438 841 1444 832 1436 831 1436 829 1436 828 1436 826 1436 801 1447 527 1445 502 1432 501 1432 499 1432 444 1442 422 1433 420 1433 419 1433 373 1441 361 1432 361 1430 359 1430 358 1430 356 1430 309 1438 278 1429 276 1429 275 1429 230 1435 215 1427 214 1427 212 1427 153 1433 111 1426 111 1473"/></Shape>
	    <String CONTENT="bendum eſt, omnia tamen etiam in illis, ſi modu"
                    HPOS="110"
                    VPOS="1426"
                    WIDTH="1042"
                    HEIGHT="77"
                    WC="0.982985724794104"></String>
          </TextLine>

          
          
          <TextLine ID="eSc_line_f829250a"
                    TAGREFS="LT4318"
                    BASELINE="108 1531 1154 1549" 
                    HPOS="107"
                    VPOS="1481"
                    WIDTH="1047"
                    HEIGHT="86">
            <Shape><Polygon POINTS="108 1531 107 1551 1151 1567 1154 1549 1151 1505 1076 1506 1069 1503 1055 1496 1054 1496 1052 1496 1051 1496 1029 1502 1015 1506 999 1502 975 1496 974 1496 972 1496 971 1496 969 1496 960 1502 954 1506 896 1506 887 1500 877 1496 875 1496 874 1496 795 1500 748 1502 743 1499 736 1493 736 1491 734 1491 733 1491 731 1491 678 1496 632 1488 630 1488 507 1496 477 1497 462 1496 401 1485 400 1485 290 1490 260 1482 258 1482 257 1482 163 1491 162 1491 135 1481 133 1481 132 1481 130 1481 108 1490 108 1531"/></Shape>
	    <String CONTENT="ſunt Chriſtianæ, ad modeſtiam, &amp; pudicitiam"
                    HPOS="107"
                    VPOS="1481"
                    WIDTH="1047"
                    HEIGHT="86"
                    WC="0.983961551688438"></String>
          </TextLine>

          
          
          <TextLine ID="eSc_line_86e8f558"
                    TAGREFS="LT4318"
                    BASELINE="113 1594 416 1592 1152 1604" 
                    HPOS="111"
                    VPOS="1543"
                    WIDTH="1041"
                    HEIGHT="85">
            <Shape><Polygon POINTS="113 1594 111 1604 199 1607 208 1616 209 1616 211 1616 212 1616 367 1610 377 1619 379 1619 380 1619 382 1619 452 1610 535 1619 536 1619 538 1619 563 1612 587 1622 588 1622 590 1622 681 1613 715 1624 716 1624 718 1624 815 1616 826 1625 828 1625 829 1625 831 1625 926 1618 972 1627 974 1627 1070 1621 1116 1628 1118 1628 1119 1628 1151 1618 1152 1604 1152 1569 1107 1557 1106 1557 1105 1557 1103 1557 1102 1557 1085 1567 1084 1569 1041 1569 1039 1567 1014 1555 1012 1555 1011 1555 1009 1555 983 1566 959 1558 957 1558 956 1558 914 1564 898 1552 896 1552 895 1552 844 1552 843 1552 841 1552 817 1563 751 1563 641 1563 639 1561 620 1549 618 1549 617 1549 615 1549 614 1549 593 1561 590 1561 526 1561 524 1560 507 1548 505 1548 504 1548 466 1546 385 1546 383 1546 382 1546 359 1558 358 1558 350 1558 243 1543 242 1543 113 1554 113 1594"/></Shape>
	    <String CONTENT="compoſita eſſe debent, quanquam illis multa cõ¬"
                    HPOS="111"
                    VPOS="1543"
                    WIDTH="1041"
                    HEIGHT="85"
                    WC="0.986081951608261"></String>
          </TextLine>

          
          
          <TextLine ID="eSc_line_96358fb0"
                    TAGREFS="LT4318"
                    BASELINE="114 1649 612 1653 1146 1667" 
                    HPOS="113"
                    VPOS="1600"
                    WIDTH="1033"
                    HEIGHT="87">
            <Shape><Polygon POINTS="114 1649 113 1665 386 1676 388 1676 389 1676 401 1673 414 1668 443 1673 459 1676 461 1676 489 1674 550 1670 559 1676 562 1679 563 1679 565 1679 566 1679 591 1676 636 1671 646 1677 649 1680 651 1680 652 1680 654 1680 684 1679 739 1674 749 1680 751 1682 752 1682 754 1682 755 1682 757 1682 764 1680 785 1674 804 1680 810 1683 812 1683 813 1683 815 1683 816 1683 817 1682 825 1676 862 1682 871 1683 873 1683 874 1683 875 1683 892 1676 957 1685 977 1686 978 1686 1005 1685 1105 1680 1143 1687 1146 1667 1146 1629 1061 1615 1060 1615 989 1621 935 1613 933 1613 932 1613 896 1624 893 1624 724 1622 721 1619 694 1609 693 1609 691 1609 599 1618 585 1618 581 1616 554 1606 553 1606 517 1606 516 1606 514 1606 513 1606 499 1615 498 1616 495 1615 471 1604 469 1604 468 1604 466 1604 440 1613 435 1616 389 1616 386 1612 377 1604 377 1603 376 1603 374 1603 373 1603 327 1612 315 1613 307 1610 282 1601 281 1601 279 1601 240 1609 227 1612 220 1609 199 1600 197 1600 196 1600 194 1600 171 1607 162 1610 114 1607 114 1649"/></Shape>
	    <String CONTENT="cedi &amp; poſſunt &amp; debent pro ratione dignitatis,"
                    HPOS="113"
                    VPOS="1600"
                    WIDTH="1033"
                    HEIGHT="87"
                    WC="0.990002094431126"></String>
          </TextLine>

          
          
          <TextLine ID="eSc_line_89971914"
                    TAGREFS="LT4318"
                    BASELINE="110 1707 1149 1725" 
                    HPOS="108"
                    VPOS="1659"
                    WIDTH="1041"
                    HEIGHT="84">
            <Shape><Polygon POINTS="110 1707 108 1717 199 1731 200 1731 416 1725 435 1725 511 1725 514 1726 541 1737 542 1737 544 1737 545 1737 577 1729 608 1737 609 1737 611 1737 612 1737 627 1729 630 1728 660 1729 768 1740 770 1740 771 1740 773 1740 785 1732 788 1731 806 1734 862 1741 864 1741 893 1735 901 1734 908 1735 933 1743 935 1743 936 1743 1148 1740 1149 1725 1148 1679 1075 1685 1049 1677 1042 1674 1041 1674 936 1674 935 1674 933 1674 932 1674 932 1676 925 1682 904 1674 892 1671 890 1671 889 1671 861 1674 812 1680 804 1674 803 1673 803 1671 801 1671 800 1671 798 1671 777 1673 727 1679 617 1677 611 1671 606 1667 605 1667 603 1667 602 1667 577 1671 547 1676 529 1670 516 1665 514 1665 513 1665 483 1670 468 1671 453 1670 425 1664 423 1664 401 1668 383 1673 379 1668 373 1664 373 1662 371 1662 370 1662 368 1662 334 1667 309 1671 288 1667 260 1661 258 1661 229 1667 209 1670 196 1665 176 1659 175 1659 174 1659 110 1664 110 1707"/></Shape>
	    <String CONTENT="quæ aliis priuatis &amp; priuatorum mulieribus non"
                    HPOS="108"
                    VPOS="1659"
                    WIDTH="1041"
                    HEIGHT="84"
                    WC="0.98210123570069"></String>
          </TextLine>

          
          
          <TextLine ID="eSc_line_b64d212a"
                    TAGREFS="LT4318"
                    BASELINE="107 1765 1152 1780" 
                    HPOS="105"
                    VPOS="1717"
                    WIDTH="1047"
                    HEIGHT="79">
            <Shape><Polygon POINTS="105 1781 1149 1796 1152 1780 1152 1740 1115 1731 1113 1731 1112 1731 1067 1738 1063 1740 1061 1738 1052 1731 1052 1729 1051 1729 1049 1729 1048 1729 1000 1737 993 1738 971 1737 878 1729 877 1729 853 1734 841 1737 813 1734 754 1726 752 1726 721 1732 716 1732 715 1731 707 1725 706 1725 704 1725 621 1723 620 1723 618 1723 606 1729 603 1731 599 1729 588 1723 587 1723 585 1723 584 1723 565 1728 550 1732 539 1728 526 1722 524 1722 449 1722 447 1722 446 1722 437 1726 423 1731 373 1725 340 1720 339 1720 337 1720 331 1723 318 1729 236 1729 212 1720 200 1717 199 1717 197 1717 174 1720 126 1726 108 1719 107 1765 105 1781"/></Shape>
	    <String CONTENT="ſunt permittenda. Nam &amp; Solomonis vxoris cul¬"
                    HPOS="105"
                    VPOS="1717"
                    WIDTH="1047"
                    HEIGHT="79"
                    WC="0.994804015424516"></String>
          </TextLine>

          
          
          <TextLine ID="eSc_line_aca0a2d7"
                    TAGREFS="LT4318"
                    BASELINE="108 1824 1149 1839" 
                    HPOS="107"
                    VPOS="1778"
                    WIDTH="1042"
                    HEIGHT="86">
            <Shape><Polygon POINTS="108 1824 107 1838 150 1851 151 1851 153 1851 154 1851 178 1841 246 1841 272 1853 273 1853 275 1853 483 1845 524 1857 526 1857 527 1857 626 1847 670 1859 672 1859 673 1859 789 1850 835 1862 837 1862 999 1863 1000 1863 1002 1863 1042 1853 1082 1864 1084 1864 1085 1864 1148 1853 1149 1839 1149 1802 1119 1789 1118 1789 1073 1789 1072 1789 1070 1789 1045 1801 1044 1801 1003 1799 969 1799 929 1786 928 1786 926 1786 874 1798 873 1798 855 1786 853 1786 852 1786 850 1786 765 1796 762 1796 761 1796 749 1786 749 1784 748 1784 746 1784 745 1784 743 1784 715 1795 704 1786 703 1786 701 1786 700 1786 663 1792 615 1781 614 1781 542 1793 538 1793 536 1793 513 1780 511 1780 510 1780 469 1786 419 1778 417 1778 416 1778 371 1790 370 1790 368 1790 315 1780 313 1780 312 1780 275 1789 273 1789 176 1789 176 1787 168 1780 166 1780 165 1780 163 1780 108 1786 108 1824"/></Shape>
	    <String CONTENT="tus ſumptuoſus ille quidem &amp; magnificus deſ¬"
                    HPOS="107"
                    VPOS="1778"
                    WIDTH="1042"
                    HEIGHT="86"
                    WC="0.976590380072594"></String>
          </TextLine>

          
          
          <TextLine ID="eSc_line_a14dd3ff"
                    TAGREFS="LT4318"
                    BASELINE="107 1884 748 1890" 
                    HPOS="105"
                    VPOS="1835"
                    WIDTH="643"
                    HEIGHT="80">
            <Shape><Polygon POINTS="107 1884 105 1899 120 1908 121 1908 123 1908 124 1908 193 1899 196 1899 203 1899 318 1906 319 1906 367 1903 419 1900 465 1906 510 1912 511 1912 539 1908 585 1902 606 1911 615 1914 617 1914 618 1915 746 1915 748 1890 746 1854 652 1839 615 1839 614 1839 612 1839 611 1839 599 1850 587 1839 587 1838 585 1838 584 1838 563 1838 562 1838 560 1838 559 1838 559 1839 545 1851 545 1853 466 1853 465 1851 428 1836 426 1836 373 1836 371 1836 370 1836 368 1836 350 1850 350 1851 267 1851 237 1850 234 1850 218 1836 217 1836 215 1836 214 1836 154 1844 136 1835 135 1835 133 1835 132 1835 107 1847 107 1884"/></Shape>
	    <String CONTENT="cribitur laudatúrque Pſal. 45."
                    HPOS="105"
                    VPOS="1835"
                    WIDTH="643"
                    HEIGHT="80"
                    WC="0.974363532758528"></String>
          </TextLine>

          
          
          <TextLine ID="eSc_line_be3dc3c2"
                    TAGREFS="LT4318"
                    BASELINE="160 1943 1146 1958" 
                    HPOS="159"
                    VPOS="1893"
                    WIDTH="987"
                    HEIGHT="82">
            <Shape><Polygon POINTS="160 1943 159 1955 187 1964 188 1964 190 1964 550 1963 850 1975 852 1975 1145 1970 1146 1958 1146 1918 1058 1918 1055 1915 1045 1906 1045 1905 1044 1905 1042 1905 1041 1905 1039 1905 1006 1914 994 1905 993 1905 991 1905 990 1905 953 1912 951 1912 950 1912 913 1903 911 1903 910 1903 908 1903 881 1911 871 1914 864 1911 849 1902 847 1902 846 1902 693 1906 560 1909 542 1902 532 1897 530 1897 529 1897 527 1897 526 1897 522 1902 513 1908 478 1900 475 1900 474 1900 472 1900 458 1908 441 1899 440 1899 438 1899 437 1899 432 1899 406 1905 368 1897 349 1894 348 1894 346 1894 345 1894 342 1897 330 1906 303 1906 285 1896 282 1894 281 1894 160 1893 160 1943"/></Shape>
	    <String CONTENT="Denique hæc eadem præcepta locum habent"
                    HPOS="159"
                    VPOS="1893"
                    WIDTH="987"
                    HEIGHT="82"
                    WC="0.994550287723541"></String>
          </TextLine>

          
          
          <TextLine ID="eSc_line_dae83c27"
                    TAGREFS="LT4318"
                    BASELINE="105 2001 806 2009 1146 2019" 
                    HPOS="104"
                    VPOS="1952"
                    WIDTH="1042"
                    HEIGHT="84">
            <Shape><Polygon POINTS="104 2019 1143 2036 1146 2019 1143 1970 1124 1978 1097 1969 1090 1967 1088 1967 1087 1967 1085 1967 1081 1969 1055 1978 990 1970 989 1970 957 1976 923 1966 922 1966 920 1966 919 1966 913 1966 855 1973 801 1964 791 1963 789 1963 788 1963 783 1964 745 1973 678 1961 670 1961 669 1961 667 1961 666 1961 633 1972 580 1960 575 1960 574 1960 569 1960 511 1969 461 1961 459 1961 458 1961 456 1961 447 1969 337 1957 336 1957 273 1966 258 1955 257 1955 255 1955 254 1955 148 1964 107 1952 105 2001 104 2019"/></Shape>
	    <String CONTENT="in mulieribus, etiam cùm domi ſunt, non tantùm"
                    HPOS="104"
                    VPOS="1952"
                    WIDTH="1042"
                    HEIGHT="84"
                    WC="0.976371036221584"></String>
          </TextLine>

          
          
          <TextLine ID="eSc_line_0231b9a8"
                    TAGREFS="LT4318"
                    BASELINE="107 2058 1149 2073" 
                    HPOS="105"
                    VPOS="2013"
                    WIDTH="1044"
                    HEIGHT="79">
            <Shape><Polygon POINTS="107 2058 105 2076 1146 2092 1149 2073 1149 2037 1049 2037 1045 2034 1029 2024 1027 2024 1026 2024 862 2022 861 2022 859 2022 858 2022 850 2030 820 2022 819 2022 817 2022 771 2028 749 2031 742 2028 725 2019 724 2019 722 2019 673 2027 666 2027 664 2027 655 2019 654 2019 652 2019 502 2016 501 2016 469 2022 444 2027 432 2021 420 2015 419 2015 417 2015 416 2015 403 2021 391 2027 333 2027 325 2019 319 2015 319 2013 318 2013 316 2013 315 2013 313 2013 301 2018 287 2024 107 2015 107 2058"/></Shape>
	    <String CONTENT="cùm prodeunt in publicum, &amp; conueniunt in cœ¬"
                    HPOS="105"
                    VPOS="2013"
                    WIDTH="1044"
                    HEIGHT="79"
                    WC="0.985140266625778"></String>
          </TextLine>

          
          
          <TextLine ID="eSc_line_f464bdf2"
                    TAGREFS="LT4318"
                    BASELINE="104 2119 1146 2134" 
                    HPOS="102"
                    VPOS="2068"
                    WIDTH="1044"
                    HEIGHT="88">
            <Shape><Polygon POINTS="104 2119 102 2135 312 2146 313 2146 367 2141 406 2138 411 2143 419 2147 420 2147 422 2147 520 2149 522 2149 556 2146 591 2141 615 2146 627 2149 629 2149 685 2147 823 2144 890 2152 907 2153 908 2153 910 2153 913 2152 931 2146 1143 2156 1146 2134 1146 2094 1049 2094 1047 2092 1029 2082 1027 2082 1026 2082 962 2091 954 2091 953 2091 931 2079 929 2079 928 2079 926 2079 893 2089 892 2089 884 2089 721 2076 719 2076 673 2086 670 2086 667 2086 597 2074 596 2074 526 2083 501 2073 499 2073 498 2073 496 2073 495 2073 483 2083 464 2073 462 2073 461 2073 459 2073 422 2083 417 2083 414 2082 386 2071 385 2071 383 2071 330 2082 325 2082 324 2082 307 2070 306 2070 304 2070 303 2070 243 2080 239 2080 233 2080 168 2068 166 2068 165 2068 144 2079 142 2079 104 2079 104 2119"/></Shape>
	    <String CONTENT="tu Eccleſiæ. Perſtringit autem Paulus breuiter o¬"
                    HPOS="102"
                    VPOS="2068"
                    WIDTH="1044"
                    HEIGHT="88"
                    WC="0.991762993287067"></String>
          </TextLine>

          
          
          <TextLine ID="eSc_line_129f0b42"
                    TAGREFS="LT4318"
                    BASELINE="102 2175 1143 2193" 
                    HPOS="101"
                    VPOS="2137"
                    WIDTH="1042"
                    HEIGHT="92">
            <Shape><Polygon POINTS="102 2175 101 2199 275 2199 287 2204 309 2214 310 2214 312 2214 313 2214 315 2214 327 2205 328 2204 383 2202 395 2207 416 2217 417 2217 419 2217 453 2210 466 2207 484 2210 535 2220 536 2220 538 2220 563 2212 581 2207 600 2214 621 2221 623 2221 624 2223 655 2223 655 2221 657 2221 658 2221 666 2215 678 2207 792 2207 813 2220 815 2220 816 2220 817 2220 820 2220 849 2215 868 2221 881 2226 883 2226 884 2226 911 2223 965 2215 1140 2229 1143 2193 1143 2157 1109 2147 1107 2147 1106 2147 1064 2156 1036 2144 1035 2144 1033 2144 975 2154 942 2143 941 2143 939 2143 892 2153 880 2143 880 2141 878 2141 877 2141 875 2141 831 2150 777 2140 776 2140 774 2140 739 2150 737 2150 734 2150 697 2138 696 2138 585 2137 584 2137 545 2146 538 2147 530 2146 504 2137 502 2137 501 2137 499 2137 474 2144 471 2144 466 2144 417 2137 416 2137 414 2137 413 2137 404 2143 400 2144 102 2137 102 2175"/></Shape>
	    <String CONTENT="mnem eum ornatum aſcititium, qui eſt vel In i¬"
                    HPOS="101"
                    VPOS="2137"
                    WIDTH="1042"
                    HEIGHT="92"
                    WC="0.982416940772015"></String>
          </TextLine>

          
        </TextBlock>
        

        
      </PrintSpace>
    </Page>
  </Layout>
</alto>
