<?xml version="1.0" encoding="UTF-8"?>
<alto xmlns:xsi="http://www.w3.org/2001/XMLSchema-instance"
      xmlns="http://www.loc.gov/standards/alto/ns-v4#"
      xsi:schemaLocation="http://www.loc.gov/standards/alto/ns-v4# http://www.loc.gov/standards/alto/v4/alto-4-2.xsd">
  <Description>
    <MeasurementUnit>pixel</MeasurementUnit>
    <sourceImageInformation>
      <fileName>2012998.png</fileName>
      
    </sourceImageInformation>
  </Description>
  
  <Tags>
    <OtherTag ID="BT10983" LABEL="GraphicZone" DESCRIPTION="block type GraphicZone"/><OtherTag ID="BT10982" LABEL="DropCapitalZone" DESCRIPTION="block type DropCapitalZone"/><OtherTag ID="BT10981" LABEL="RunningTitleZone" DESCRIPTION="block type RunningTitleZone"/><OtherTag ID="BT10980" LABEL="NumberingZone" DESCRIPTION="block type NumberingZone"/><OtherTag ID="BT10979" LABEL="TitlePageZone" DESCRIPTION="block type TitlePageZone"/><OtherTag ID="BT10978" LABEL="QuireMarksZone" DESCRIPTION="block type QuireMarksZone"/><OtherTag ID="BT10977" LABEL="MainZone" DESCRIPTION="block type MainZone"/><OtherTag ID="BT10976" LABEL="MarginTextZone" DESCRIPTION="block type MarginTextZone"/>
    <OtherTag ID="LT4321" LABEL="default" DESCRIPTION="line type default"/><OtherTag ID="LT4319" LABEL="HeadingLine" DESCRIPTION="line type HeadingLine"/><OtherTag ID="LT4318" LABEL="DefaultLine" DESCRIPTION="line type DefaultLine"/><OtherTag ID="LT4320" LABEL="CustomLine : BiblicalText" DESCRIPTION="line type CustomLine : BiblicalText"/>
  </Tags>
  
  <Layout>
    <Page WIDTH="1807"
          HEIGHT="2677"
          PHYSICAL_IMG_NR="45"
          ID="eSc_dummypage_">
      <PrintSpace HPOS="0"
                  VPOS="0"
                  WIDTH="1807"
                  HEIGHT="2677">
        
        <TextBlock HPOS="645.5234985351562"
                   VPOS="157.32350158691406"
                   WIDTH="87.15350341796875"
                   HEIGHT="57.311920166015625"
                   ID="block_2"
                   TAGREFS="BT10980">
          <Shape><Polygon POINTS="645.523 157.324 732.677 157.324 732.677 214.635 645.523 214.635 645.523 157.324"/></Shape>
          
          
          <TextLine ID="eSc_line_b0221724"
                    TAGREFS="LT4318"
                    BASELINE="654 200 770 200" 
                    HPOS="654"
                    VPOS="151"
                    WIDTH="116"
                    HEIGHT="72">
            <Shape><Polygon POINTS="699 153 684 153 669 153 654 153 654 200 654 223 770 208 770 200 770 176 739 176 725 163 710 151 699 153"/></Shape>
	    <String CONTENT="86"
                    HPOS="654"
                    VPOS="151"
                    WIDTH="116"
                    HEIGHT="72"
                    WC="0.999384850263596"></String>
          </TextLine>

          
        </TextBlock>
        
        <TextBlock HPOS="835.6838989257812"
                   VPOS="140.31689453125"
                   WIDTH="692.8646850585938"
                   HEIGHT="69.64140319824219"
                   ID="block_0"
                   TAGREFS="BT10981">
          <Shape><Polygon POINTS="835.684 140.317 1528.55 140.317 1528.55 209.958 835.684 209.958 835.684 140.317"/></Shape>
          
          
          <TextLine ID="eSc_line_5c9c924b"
                    TAGREFS="LT4319"
                    BASELINE="829 200 1508 187" 
                    HPOS="828"
                    VPOS="136"
                    WIDTH="680"
                    HEIGHT="84">
            <Shape><Polygon POINTS="1490 147 1395 138 1393 138 1378 136 1377 136 1375 136 1356 148 1353 150 1347 148 1313 139 1311 139 1310 139 1308 139 1307 139 1307 141 1298 148 1296 150 1286 148 1243 142 1241 142 1240 142 1218 148 1201 153 1173 148 1143 145 1142 145 1140 145 1124 150 1103 154 1088 150 1069 142 1067 142 1066 142 1021 150 975 157 828 151 829 200 829 209 875 220 877 220 971 208 981 208 994 208 1109 215 1110 215 1112 215 1133 206 1139 205 1145 206 1167 214 1168 214 1170 214 1210 206 1212 206 1215 206 1328 211 1329 211 1331 211 1347 205 1357 200 1371 203 1386 208 1387 208 1389 208 1508 202 1508 187 1502 157 1497 153"/></Shape>
	    <String CONTENT="AD I. PAVL. AD TIM"
                    HPOS="828"
                    VPOS="136"
                    WIDTH="680"
                    HEIGHT="84"
                    WC="0.997775104310777"></String>
          </TextLine>

          
        </TextBlock>
        
        <TextBlock HPOS="625.2129516601562"
                   VPOS="214.52487182617188"
                   WIDTH="1074.8551635742188"
                   HEIGHT="1942.0481262207031"
                   ID="block_1"
                   TAGREFS="BT10977">
          <Shape><Polygon POINTS="625.213 214.525 1700.07 214.525 1700.07 2156.57 625.213 2156.57 625.213 214.525"/></Shape>
          
          
          <TextLine ID="eSc_line_6bb6489e"
                    TAGREFS="LT4318"
                    BASELINE="645 267 1692 254" 
                    HPOS="643"
                    VPOS="202"
                    WIDTH="1049"
                    HEIGHT="89">
            <Shape><Polygon POINTS="1680 208 1650 202 1649 202 1647 202 1622 211 1615 214 1607 211 1583 202 1582 202 1580 202 1522 212 1506 215 1500 212 1479 203 1478 203 1476 203 1371 205 1369 205 1344 215 1335 220 1256 220 1250 217 1232 206 1231 206 1229 206 1168 217 1107 208 1106 208 1014 220 986 223 951 221 840 212 838 212 776 223 757 226 643 226 645 267 645 284 759 291 761 291 762 291 795 282 797 282 800 282 855 288 856 288 858 288 883 281 893 278 901 281 919 288 920 288 922 288 923 288 925 288 936 279 939 279 980 288 981 288 1024 287 1026 287 1027 287 1039 278 1044 275 1168 275 1174 276 1210 285 1212 285 1213 285 1215 285 1216 285 1232 275 1237 273 1308 273 1311 273 1338 284 1340 284 1341 284 1414 272 1420 272 1426 272 1521 281 1522 281 1570 270 1592 279 1594 279 1595 281 1667 281 1667 279 1668 279 1692 267 1692 254 1689 221 1685 214"/></Shape>
	    <String CONTENT="vnquam illius regno felicius &amp; optabilius. Sapiẽ¬"
                    HPOS="643"
                    VPOS="202"
                    WIDTH="1049"
                    HEIGHT="89"
                    WC="0.989687697887421"></String>
          </TextLine>

          
          
          <TextLine ID="eSc_line_3f4a15a1"
                    TAGREFS="LT4318"
                    BASELINE="643 328 1695 313" 
                    HPOS="642"
                    VPOS="264"
                    WIDTH="1053"
                    HEIGHT="89">
            <Shape><Polygon POINTS="643 328 643 343 701 353 703 353 704 353 743 345 806 353 807 353 877 342 1115 343 1116 343 1160 337 1168 336 1234 336 1235 336 1270 346 1271 346 1273 346 1274 346 1316 336 1482 345 1484 345 1566 343 1567 343 1569 343 1580 334 1628 342 1630 342 1693 328 1695 313 1693 275 1676 266 1674 266 1673 266 1612 275 1606 276 1603 275 1589 264 1588 264 1586 264 1585 264 1583 264 1551 276 1543 279 1460 279 1454 276 1414 267 1412 267 1411 267 1371 278 1357 281 1337 278 1273 269 1271 269 1270 269 1232 279 1218 282 1204 279 1167 270 1165 270 1045 273 1044 273 1042 273 1032 281 1027 282 997 281 871 275 870 275 868 275 867 275 856 282 847 288 642 285 643 328"/></Shape>
	    <String CONTENT="tertamen ſibi conſuluiſſe videntur ij populi, qui"
                    HPOS="642"
                    VPOS="264"
                    WIDTH="1053"
                    HEIGHT="89"></String>
          </TextLine>

          
          
          <TextLine ID="eSc_line_a573ba50"
                    TAGREFS="LT4318"
                    BASELINE="638 386 1689 371" 
                    HPOS="636"
                    VPOS="325"
                    WIDTH="1053"
                    HEIGHT="78">
            <Shape><Polygon POINTS="636 361 638 386 638 403 1689 391 1689 371 1686 337 1638 325 1637 325 1580 339 1412 339 1390 328 1389 328 1387 328 1267 342 1264 342 1262 342 1191 336 1189 336 1107 343 1057 333 1055 333 987 334 986 334 945 346 944 346 941 346 849 336 847 336 812 337 810 337 809 337 809 339 797 348 645 339 636 361"/></Shape>
	    <String CONTENT="legibus ſuis &amp; publico iure cauerunt, ne inter ſe,"
                    HPOS="636"
                    VPOS="325"
                    WIDTH="1053"
                    HEIGHT="78"
                    WC="0.984173436164856"></String>
          </TextLine>

          
          
          <TextLine ID="eSc_line_f37d1ee2"
                    TAGREFS="LT4318"
                    BASELINE="643 447 1692 429" 
                    HPOS="642"
                    VPOS="383"
                    WIDTH="1050"
                    HEIGHT="83">
            <Shape><Polygon POINTS="643 447 643 459 712 466 713 466 715 466 731 459 733 459 767 465 768 465 877 458 905 455 1692 449 1692 429 1688 394 1561 394 1537 383 1536 383 1534 383 1533 383 1531 383 1512 395 1381 386 1380 386 1308 398 1267 388 1265 388 1264 388 1262 388 1235 398 1186 391 1185 391 1183 391 1163 403 1110 403 1081 391 1079 391 1078 391 1076 391 1075 391 1057 404 990 404 817 395 816 395 700 408 657 398 655 398 654 398 652 398 651 398 651 400 642 407 643 447"/></Shape>
	    <String CONTENT="&amp; in ſeſe fœminæ dominarentur, ſummúmque"
                    HPOS="642"
                    VPOS="383"
                    WIDTH="1050"
                    HEIGHT="83"></String>
          </TextLine>

          
          
          <TextLine ID="eSc_line_a44b098c"
                    TAGREFS="LT4318"
                    BASELINE="641 504 1695 489" 
                    HPOS="639"
                    VPOS="446"
                    WIDTH="1056"
                    HEIGHT="81">
            <Shape><Polygon POINTS="641 504 641 519 743 527 745 527 746 527 768 519 770 519 774 519 847 526 849 526 959 517 990 516 1061 517 1197 520 1198 520 1200 520 1209 516 1218 513 1240 516 1270 520 1271 520 1292 516 1314 511 1470 514 1536 516 1537 516 1554 514 1616 507 1692 513 1695 489 1692 455 1612 446 1610 446 1609 446 1585 456 1506 456 1448 446 1447 446 1445 446 1409 456 1226 449 1225 449 1224 449 1197 458 1168 449 1167 449 1165 449 1164 449 1163 449 1145 462 1079 462 1064 450 1063 450 1061 450 1060 450 1058 450 1030 459 965 453 963 453 962 453 960 453 947 464 926 453 925 453 878 453 877 453 875 453 844 465 823 455 822 455 780 455 779 455 777 455 776 455 776 456 765 465 745 456 743 456 742 456 740 456 721 466 719 468 709 468 681 468 658 456 657 456 655 456 654 456 652 456 639 464 641 504"/></Shape>
	    <String CONTENT="ius &amp; imperium haberent, ſi genus ipſum mulie¬"
                    HPOS="639"
                    VPOS="446"
                    WIDTH="1056"
                    HEIGHT="81"
                    WC="0.989400125068167"></String>
          </TextLine>

          
          
          <TextLine ID="eSc_line_8b903d08"
                    TAGREFS="LT4318"
                    BASELINE="641 565 1689 547" 
                    HPOS="639"
                    VPOS="499"
                    WIDTH="1050"
                    HEIGHT="83">
            <Shape><Polygon POINTS="641 565 641 581 752 582 754 582 755 582 757 582 761 580 767 575 782 578 797 582 798 582 800 582 801 582 810 578 820 572 901 572 953 575 1009 578 1011 578 1012 578 1014 578 1021 574 1026 571 1044 574 1072 577 1073 577 1075 577 1084 572 1091 569 1099 572 1113 577 1115 577 1116 577 1165 571 1179 569 1191 569 1249 575 1250 575 1252 575 1273 568 1276 568 1286 568 1359 572 1360 572 1362 572 1363 572 1369 566 1372 565 1377 566 1405 572 1406 572 1450 565 1457 563 1460 563 1473 571 1475 571 1476 571 1524 563 1585 569 1586 569 1588 569 1603 562 1667 568 1668 568 1670 568 1689 559 1689 547 1686 511 1628 499 1627 499 1625 499 1598 511 1597 511 1594 511 1528 501 1527 501 1478 510 1457 502 1456 502 1454 502 1453 502 1429 513 1423 514 1408 513 1357 504 1356 504 1354 504 1337 513 1329 517 1082 519 1058 514 1035 510 1033 510 1032 510 1030 510 1024 514 1015 522 956 522 945 514 941 511 939 511 938 511 902 511 901 511 877 516 832 523 770 516 752 514 751 514 740 516 696 526 639 517 641 565"/></Shape>
	    <String CONTENT="bre cum virili conferamus, quia ad multa munia,"
                    HPOS="639"
                    VPOS="499"
                    WIDTH="1050"
                    HEIGHT="83"
                    WC="0.997159886867442"></String>
          </TextLine>

          
          
          <TextLine ID="eSc_line_a7960862"
                    TAGREFS="LT4318"
                    BASELINE="645 621 1688 606" 
                    HPOS="643"
                    VPOS="559"
                    WIDTH="1045"
                    HEIGHT="86">
            <Shape><Polygon POINTS="645 621 645 645 743 643 745 643 746 643 746 642 755 635 820 640 835 642 837 642 838 642 843 640 868 632 908 639 920 640 922 640 933 638 968 630 1012 636 1026 638 1027 638 1055 635 1118 629 1179 632 1253 636 1255 636 1286 629 1302 626 1329 629 1384 633 1386 633 1387 633 1389 633 1396 626 1399 624 1408 626 1448 633 1450 633 1451 633 1473 624 1479 623 1482 624 1499 630 1500 630 1502 630 1552 623 1564 632 1566 632 1567 632 1569 632 1615 624 1652 630 1653 630 1655 630 1688 618 1688 606 1685 569 1478 559 1476 559 1475 559 1441 571 1374 560 1372 560 1292 569 1282 562 1280 562 1279 562 1277 562 1276 562 1274 562 1256 574 1255 575 1157 575 1154 575 1102 565 1100 565 1099 565 1061 577 1060 577 1048 566 1047 566 1045 566 963 566 962 566 764 581 746 581 739 581 681 574 679 574 678 574 676 574 669 580 657 571 655 571 654 571 652 571 651 571 649 571 649 572 643 577 645 621"/></Shape>
	    <String CONTENT="quæ regni adminiſtratio requirit, ſunt illæ minus"
                    HPOS="643"
                    VPOS="559"
                    WIDTH="1045"
                    HEIGHT="86"
                    WC="0.99587641443525"></String>
          </TextLine>

          
          
          <TextLine ID="eSc_line_02b98d9d"
                    TAGREFS="LT4318"
                    BASELINE="643 679 1690 663" 
                    HPOS="642"
                    VPOS="620"
                    WIDTH="1048"
                    HEIGHT="81">
            <Shape><Polygon POINTS="643 679 643 701 832 691 893 697 919 698 920 698 922 698 923 698 926 696 935 690 1076 693 1177 694 1179 694 1180 694 1198 690 1218 685 1255 688 1305 693 1307 693 1308 693 1310 693 1310 691 1314 687 1319 684 1347 687 1398 691 1399 691 1539 682 1564 681 1576 681 1640 687 1641 687 1690 678 1690 663 1688 630 1497 620 1496 620 1436 621 1435 621 1405 633 1400 635 1398 633 1369 623 1368 623 1366 623 1313 635 1305 636 1298 635 1258 626 1256 626 1255 626 1235 636 1232 638 1005 640 999 639 969 629 968 629 966 629 913 640 902 642 893 640 838 630 837 630 835 630 834 630 834 632 822 642 819 643 807 642 737 632 736 632 642 643 643 679"/></Shape>
	    <String CONTENT="propter ſexus ſui naturam &amp; imbecillitatem a"
                    HPOS="642"
                    VPOS="620"
                    WIDTH="1048"
                    HEIGHT="81"
                    WC="0.988236782225696"></String>
          </TextLine>

          
          
          <TextLine ID="eSc_line_65bb15a7"
                    TAGREFS="LT4318"
                    BASELINE="643 740 1690 724" 
                    HPOS="642"
                    VPOS="676"
                    WIDTH="1048"
                    HEIGHT="86">
            <Shape><Polygon POINTS="643 740 643 762 684 755 715 762 721 762 722 762 724 762 728 761 757 755 890 758 895 758 896 758 898 758 944 749 1005 756 1021 758 1023 758 1024 758 1030 756 1055 748 1102 755 1116 756 1118 756 1119 756 1130 754 1157 748 1222 752 1243 754 1244 754 1246 754 1247 754 1249 752 1259 745 1690 745 1690 724 1688 682 1594 676 1592 676 1591 676 1563 684 1551 688 1375 690 1363 688 1323 681 1322 681 1320 681 1319 681 1308 690 1304 693 1206 693 1195 691 1157 684 1155 684 1154 684 1122 693 1116 694 1110 693 1072 685 1070 685 1027 694 1020 697 954 697 954 696 942 687 941 687 939 687 938 687 861 694 751 690 749 690 748 690 746 690 730 700 685 691 684 691 682 691 642 701 643 740"/></Shape>
	    <String CONTENT="ptæ &amp; inhabiles quale eſt præeſſe exercitui, ius"
                    HPOS="642"
                    VPOS="676"
                    WIDTH="1048"
                    HEIGHT="86"
                    WC="0.983412122974793"></String>
          </TextLine>

          
          
          <TextLine ID="eSc_line_a9a69670"
                    TAGREFS="LT4318"
                    BASELINE="642 798 1690 780" 
                    HPOS="641"
                    VPOS="733"
                    WIDTH="1049"
                    HEIGHT="86">
            <Shape><Polygon POINTS="642 798 642 819 896 819 896 817 898 817 899 817 899 816 902 814 908 809 960 813 989 816 990 816 991 816 993 816 997 813 1008 807 1116 812 1164 813 1165 813 1167 813 1173 810 1191 804 1301 809 1338 810 1340 810 1389 807 1551 798 1689 803 1690 780 1686 746 1658 746 1656 746 1641 733 1640 733 1638 733 1637 733 1635 733 1609 740 1579 734 1577 734 1576 734 1574 734 1555 748 1554 749 1509 749 1508 749 1490 736 1488 736 1487 736 1453 736 1451 736 1450 736 1423 751 1420 752 1335 752 1331 752 1274 739 1273 739 1271 739 1244 754 1241 755 1163 755 1157 755 1091 742 1090 742 1038 743 1036 743 1035 743 1035 745 1020 756 901 745 899 745 898 745 847 759 792 748 791 748 789 748 765 758 746 749 745 749 743 749 670 751 669 751 641 761 642 798"/></Shape>
	    <String CONTENT="dicere in publico ſedentes. Quæ certè res dede¬"
                    HPOS="641"
                    VPOS="733"
                    WIDTH="1049"
                    HEIGHT="86"
                    WC="0.97701691587766"></String>
          </TextLine>

          
          
          <TextLine ID="eSc_line_f1afefa6"
                    TAGREFS="LT4318"
                    BASELINE="641 856 1690 838" 
                    HPOS="639"
                    VPOS="794"
                    WIDTH="1051"
                    HEIGHT="81">
            <Shape><Polygon POINTS="641 856 641 875 1689 855 1690 838 1686 804 1646 806 1643 804 1631 794 1630 794 1628 794 1601 794 1600 794 1539 806 1533 807 1531 806 1515 795 1514 795 1512 795 1511 795 1417 809 1403 810 1400 809 1387 798 1386 798 1384 798 1356 798 1354 798 1353 798 1320 810 1314 812 1308 810 1280 804 1279 804 1277 804 1253 812 1246 813 1235 812 1206 807 1204 807 1131 813 1116 814 1106 814 997 804 996 804 994 804 993 804 983 813 968 806 966 806 965 806 963 806 944 813 874 807 873 807 871 807 870 807 853 819 852 820 722 822 719 822 687 810 685 810 684 810 682 810 639 822 641 856"/></Shape>
	    <String CONTENT="cent prorſus muliebrem verecundiam. Vnde iu¬"
                    HPOS="639"
                    VPOS="794"
                    WIDTH="1051"
                    HEIGHT="81"
                    WC="0.98451024971225"></String>
          </TextLine>

          
          
          <TextLine ID="eSc_line_a70edafe"
                    TAGREFS="LT4318"
                    BASELINE="638 916 1689 899" 
                    HPOS="636"
                    VPOS="850"
                    WIDTH="1053"
                    HEIGHT="82">
            <Shape><Polygon POINTS="638 916 638 932 1201 932 1201 931 1203 931 1204 931 1219 922 1221 920 1232 922 1304 929 1305 929 1307 929 1328 919 1331 919 1348 919 1494 926 1496 926 1497 926 1518 916 1519 916 1531 916 1658 923 1659 923 1661 923 1689 913 1689 899 1688 862 1658 850 1656 850 1591 850 1589 850 1588 850 1557 859 1528 852 1527 852 1525 852 1524 852 1493 865 1491 865 1485 865 1400 853 1399 853 1325 865 1293 856 1292 856 1290 856 1289 856 1262 868 1262 870 1176 870 1174 870 1161 858 1160 858 1158 858 1125 858 1124 858 1122 858 1097 870 1035 871 1021 861 1021 859 1020 859 1018 859 1017 859 928 874 919 874 911 874 826 862 825 862 783 864 782 864 758 875 734 864 733 864 731 864 730 864 706 877 703 878 636 878 638 916"/></Shape>
	    <String CONTENT="re ciuili Roman. L. mulieres D. de Regul. Iuris"
                    HPOS="636"
                    VPOS="850"
                    WIDTH="1053"
                    HEIGHT="82"
                    WC="0.982869902823834"></String>
          </TextLine>

          
          
          <TextLine ID="eSc_line_0f2ca879"
                    TAGREFS="LT4318"
                    BASELINE="641 974 1695 957" 
                    HPOS="639"
                    VPOS="911"
                    WIDTH="1056"
                    HEIGHT="79">
            <Shape><Polygon POINTS="641 974 641 990 1695 977 1695 957 1692 923 1650 913 1649 913 1647 913 1624 922 1595 911 1594 911 1592 911 1591 911 1589 911 1574 925 1467 925 1423 913 1421 913 1420 913 1418 913 1417 913 1399 926 1331 914 1329 914 1328 914 1326 914 1308 928 1228 916 1226 916 1225 916 1224 916 1207 931 1148 931 1121 917 1119 917 1118 917 1116 917 1088 929 1054 919 1052 919 1051 919 1049 919 1048 919 1038 926 847 922 846 922 844 922 816 936 770 936 737 923 736 923 734 923 639 938 641 974"/></Shape>
	    <String CONTENT="mulieres à virilibus muneribus &amp; officijs admi¬"
                    HPOS="639"
                    VPOS="911"
                    WIDTH="1056"
                    HEIGHT="79"
                    WC="0.963489465415478"></String>
          </TextLine>

          
          
          <TextLine ID="eSc_line_60d3d946"
                    TAGREFS="LT4318"
                    BASELINE="639 1033 1690 1015" 
                    HPOS="638"
                    VPOS="972"
                    WIDTH="1052"
                    HEIGHT="80">
            <Shape><Polygon POINTS="639 1033 639 1045 776 1052 777 1052 779 1052 809 1045 1030 1048 1032 1048 1075 1042 1091 1039 1107 1041 1143 1047 1145 1047 1146 1047 1158 1041 1165 1038 1197 1041 1249 1045 1250 1045 1252 1045 1262 1039 1270 1036 1280 1039 1295 1044 1296 1044 1298 1044 1319 1039 1340 1035 1689 1035 1690 1015 1686 980 1414 984 1411 984 1369 972 1368 972 1366 972 1365 972 1337 986 1322 974 1320 974 1319 974 1293 974 1292 974 1290 974 1250 987 1247 987 1240 987 1176 980 1174 980 1173 980 1146 987 1131 980 1130 980 1128 980 1072 990 1066 991 1044 991 1042 990 1029 978 1027 978 1026 978 1024 978 1023 978 1003 989 977 980 975 980 974 980 916 987 812 981 810 981 809 981 780 994 724 983 722 983 660 984 658 984 638 994 639 1033"/></Shape>
	    <String CONTENT="niſtrandis rectè arcentur: qualia ſunt etiam quæ"
                    HPOS="638"
                    VPOS="972"
                    WIDTH="1052"
                    HEIGHT="80"
                    WC="0.995979242178859"></String>
          </TextLine>

          
          
          <TextLine ID="eSc_line_ce1a5162"
                    TAGREFS="LT4318"
                    BASELINE="639 1090 1690 1075" 
                    HPOS="638"
                    VPOS="1026"
                    WIDTH="1052"
                    HEIGHT="77">
            <Shape><Polygon POINTS="639 1090 639 1103 1690 1088 1690 1075 1686 1026 1582 1038 1502 1029 1479 1027 1478 1027 1476 1027 1470 1030 1451 1039 1414 1030 1402 1029 1400 1029 1399 1029 1398 1029 1398 1030 1395 1032 1386 1039 1345 1032 1329 1030 1328 1030 1326 1030 1319 1033 1305 1039 1292 1033 1284 1030 1283 1030 1282 1030 1280 1030 1273 1035 1258 1042 1167 1036 1134 1035 1133 1035 1131 1035 1130 1035 1127 1038 1118 1042 1105 1038 1090 1033 1088 1033 1087 1033 1048 1039 1006 1045 990 1041 974 1035 972 1035 971 1035 969 1035 968 1035 959 1041 950 1047 931 1042 922 1039 920 1039 919 1039 917 1039 916 1039 913 1042 905 1048 829 1048 803 1044 759 1038 758 1038 757 1038 727 1047 710 1049 691 1047 654 1041 652 1041 651 1041 638 1045 639 1090"/></Shape>
	    <String CONTENT="in publico exerceri debent. Et illud eſt Auguſt."
                    HPOS="638"
                    VPOS="1026"
                    WIDTH="1052"
                    HEIGHT="77"
                    WC="0.984704072276751"></String>
          </TextLine>

          
          
          <TextLine ID="eSc_line_b96b2e1e"
                    TAGREFS="LT4318"
                    BASELINE="639 1148 1690 1131" 
                    HPOS="638"
                    VPOS="1085"
                    WIDTH="1052"
                    HEIGHT="78">
            <Shape><Polygon POINTS="639 1148 639 1163 1690 1148 1690 1131 1688 1097 1622 1097 1607 1087 1606 1087 1604 1087 1603 1087 1601 1087 1567 1097 1566 1097 1537 1085 1536 1085 1534 1085 1533 1085 1511 1097 1493 1088 1491 1088 1490 1088 1417 1099 1399 1100 1384 1099 1307 1088 1305 1088 1231 1090 1229 1090 1198 1100 1195 1100 1191 1100 1139 1091 1137 1091 1136 1091 1134 1091 1121 1100 1112 1105 1045 1105 1041 1102 1030 1094 1029 1094 1027 1094 1026 1094 1024 1094 1000 1102 983 1107 913 1107 893 1102 871 1096 870 1096 868 1096 773 1097 771 1097 770 1097 770 1099 764 1103 757 1110 730 1112 701 1112 691 1103 685 1099 684 1099 682 1099 681 1099 638 1103 639 1148"/></Shape>
	    <String CONTENT="lib.1. de Nupt. cap.9. Nec dubitari poteſt viros"
                    HPOS="638"
                    VPOS="1085"
                    WIDTH="1052"
                    HEIGHT="78"
                    WC="0.988858791689078"></String>
          </TextLine>

          
          
          <TextLine ID="eSc_line_87d37988"
                    TAGREFS="LT4318"
                    BASELINE="642 1206 1689 1191" 
                    HPOS="641"
                    VPOS="1143"
                    WIDTH="1048"
                    HEIGHT="83">
            <Shape><Polygon POINTS="642 1206 642 1226 873 1218 916 1223 926 1225 928 1225 929 1225 933 1223 956 1216 977 1223 978 1223 980 1223 981 1223 983 1223 984 1223 996 1215 1036 1222 1048 1223 1049 1223 1060 1222 1097 1213 1130 1221 1140 1222 1142 1222 1173 1219 1277 1210 1328 1218 1345 1219 1347 1219 1348 1219 1357 1216 1384 1209 1423 1216 1439 1218 1441 1218 1442 1218 1454 1215 1481 1209 1527 1213 1552 1216 1554 1216 1689 1210 1689 1191 1688 1158 1653 1148 1652 1148 1650 1148 1649 1148 1619 1157 1598 1143 1597 1143 1595 1143 1594 1143 1563 1145 1561 1145 1560 1145 1543 1158 1503 1145 1502 1145 1500 1145 1499 1145 1497 1145 1472 1161 1435 1161 1417 1146 1415 1146 1414 1146 1412 1146 1365 1148 1363 1148 1362 1148 1345 1163 1289 1163 1259 1149 1258 1149 1256 1149 1186 1158 1165 1149 1164 1149 1163 1149 1161 1149 1130 1161 1061 1151 1060 1151 1058 1151 1011 1165 957 1152 956 1152 954 1152 953 1152 919 1168 849 1168 812 1155 810 1155 809 1155 807 1155 806 1155 783 1168 767 1163 765 1163 764 1163 641 1171 642 1206"/></Shape>
	    <String CONTENT="potius fœminis, quàm fœminas viris principari."
                    HPOS="641"
                    VPOS="1143"
                    WIDTH="1048"
                    HEIGHT="83"
                    WC="0.983562856278521"></String>
          </TextLine>

          
          
          <TextLine ID="eSc_line_5d8c0612"
                    TAGREFS="LT4318"
                    BASELINE="649 1265 1695 1249" 
                    HPOS="648"
                    VPOS="1204"
                    WIDTH="1047"
                    HEIGHT="82">
            <Shape><Polygon POINTS="649 1265 649 1279 736 1286 737 1286 739 1286 759 1279 764 1277 791 1279 898 1283 899 1283 901 1283 923 1277 929 1276 962 1276 1078 1280 1079 1280 1105 1274 1122 1271 1137 1274 1155 1279 1157 1279 1158 1279 1160 1279 1161 1279 1167 1274 1171 1271 1194 1274 1221 1277 1222 1277 1224 1277 1235 1274 1249 1270 1695 1270 1695 1249 1692 1216 1637 1204 1635 1204 1634 1204 1598 1216 1597 1218 1505 1218 1502 1216 1494 1210 1493 1210 1491 1210 1490 1210 1372 1218 1314 1221 1308 1218 1298 1210 1296 1210 1295 1210 1221 1210 1219 1210 1218 1210 1201 1218 1194 1222 1168 1219 1124 1212 1122 1212 1051 1213 1049 1213 1038 1219 1027 1225 1003 1219 981 1215 980 1215 978 1215 977 1215 971 1219 962 1226 837 1229 759 1229 751 1221 748 1219 748 1218 746 1218 745 1218 743 1218 742 1218 736 1221 719 1229 700 1221 694 1219 693 1219 691 1219 648 1221 649 1265"/></Shape>
	    <String CONTENT="Vnde non poteſt mulier eſſe Roman. imperatrix"
                    HPOS="648"
                    VPOS="1204"
                    WIDTH="1047"
                    HEIGHT="82"
                    WC="0.989289944701725"></String>
          </TextLine>

          
          
          <TextLine ID="eSc_line_de43e473"
                    TAGREFS="LT4318"
                    BASELINE="639 1326 1693 1308" 
                    HPOS="638"
                    VPOS="1262"
                    WIDTH="1055"
                    HEIGHT="75">
            <Shape><Polygon POINTS="639 1326 639 1337 1693 1328 1693 1308 1689 1270 1470 1273 1467 1273 1427 1262 1426 1262 1424 1262 1348 1274 1337 1276 1334 1274 1314 1265 1313 1265 1311 1265 1310 1265 1273 1274 1253 1265 1252 1265 1250 1265 1249 1265 1224 1273 990 1270 989 1270 987 1270 959 1280 933 1271 932 1271 931 1271 929 1271 901 1281 895 1283 887 1281 861 1276 859 1276 806 1283 789 1284 788 1283 774 1274 773 1274 771 1274 770 1274 768 1274 767 1274 767 1276 757 1283 755 1286 704 1286 700 1284 679 1276 678 1276 676 1276 675 1276 638 1284 639 1326"/></Shape>
	    <String CONTENT="&amp; regina, &amp; cùm Athalia in ludæa &amp; Irene mater"
                    HPOS="638"
                    VPOS="1262"
                    WIDTH="1055"
                    HEIGHT="75"
                    WC="0.986487602933924"></String>
          </TextLine>

          
          
          <TextLine ID="eSc_line_4ce47bb8"
                    TAGREFS="LT4318"
                    BASELINE="643 1380 1690 1365" 
                    HPOS="642"
                    VPOS="1320"
                    WIDTH="1048"
                    HEIGHT="80">
            <Shape><Polygon POINTS="643 1380 643 1393 834 1400 835 1400 907 1392 910 1392 914 1392 1041 1397 1042 1397 1044 1397 1069 1390 1070 1390 1164 1396 1165 1396 1244 1387 1271 1386 1351 1386 1354 1387 1363 1393 1365 1393 1366 1393 1368 1393 1369 1393 1389 1387 1396 1384 1420 1386 1476 1392 1478 1392 1479 1392 1505 1386 1516 1383 1531 1386 1563 1390 1564 1390 1595 1384 1613 1381 1689 1383 1690 1365 1686 1320 1572 1332 1519 1322 1514 1322 1512 1322 1511 1322 1508 1323 1475 1334 1421 1325 1412 1323 1411 1323 1409 1323 1406 1325 1390 1334 1331 1326 1320 1325 1319 1325 1317 1325 1311 1326 1268 1337 1188 1328 1165 1326 1164 1326 1163 1326 1161 1326 1158 1329 1145 1339 917 1341 905 1332 904 1331 902 1331 901 1331 853 1331 852 1331 850 1331 849 1331 849 1332 846 1334 837 1344 791 1344 777 1335 773 1332 771 1332 770 1332 768 1332 767 1332 761 1335 745 1344 642 1338 643 1380"/></Shape>
	    <String CONTENT="Conſtantini tertij imperium Conſtantinopoli."
                    HPOS="642"
                    VPOS="1320"
                    WIDTH="1048"
                    HEIGHT="80"
                    WC="0.976207319985737"></String>
          </TextLine>

          
          
          <TextLine ID="eSc_line_98d2d954"
                    TAGREFS="LT4318"
                    BASELINE="648 1442 1698 1426" 
                    HPOS="646"
                    VPOS="1378"
                    WIDTH="1052"
                    HEIGHT="86">
            <Shape><Polygon POINTS="648 1442 648 1464 721 1455 736 1463 739 1464 740 1464 742 1464 752 1463 800 1454 893 1460 926 1461 928 1461 944 1458 987 1451 1054 1457 1082 1458 1084 1458 1085 1458 1087 1458 1090 1455 1100 1450 1118 1455 1125 1457 1127 1457 1128 1457 1143 1454 1176 1448 1197 1454 1209 1457 1210 1457 1212 1457 1240 1453 1276 1447 1289 1451 1295 1454 1296 1454 1298 1454 1313 1451 1341 1445 1412 1450 1482 1453 1484 1453 1511 1447 1533 1442 1540 1447 1551 1451 1552 1451 1554 1451 1698 1442 1698 1426 1695 1384 1664 1378 1662 1378 1661 1378 1637 1384 1619 1390 1613 1386 1606 1380 1606 1378 1604 1378 1603 1378 1601 1378 1600 1378 1598 1378 1586 1386 1582 1389 1560 1386 1506 1380 1505 1380 1432 1389 1384 1395 1374 1390 1359 1383 1357 1383 1316 1383 1314 1383 1277 1384 1276 1384 1274 1384 1264 1392 1256 1396 1225 1393 1160 1386 1158 1386 1157 1386 1155 1386 1155 1387 1146 1395 1142 1399 1110 1399 1091 1396 1048 1387 1047 1387 1045 1387 1044 1387 1032 1396 1026 1402 933 1402 926 1399 913 1392 911 1392 861 1390 859 1390 858 1390 856 1390 840 1400 834 1405 728 1405 719 1403 697 1396 696 1396 694 1396 646 1403 648 1442"/></Shape>
	    <String CONTENT="gerere voluit, vtraque omnia ſubuertit, Idolorũ"
                    HPOS="646"
                    VPOS="1378"
                    WIDTH="1052"
                    HEIGHT="86"
                    WC="0.981299021591743"></String>
          </TextLine>

          
          
          <TextLine ID="eSc_line_39836f3c"
                    TAGREFS="LT4318"
                    BASELINE="639 1497 1692 1482" 
                    HPOS="638"
                    VPOS="1438"
                    WIDTH="1054"
                    HEIGHT="75">
            <Shape><Polygon POINTS="639 1497 639 1513 1692 1497 1692 1482 1689 1448 1516 1438 1515 1438 1514 1438 1512 1438 1494 1450 1494 1451 1457 1451 1454 1451 1417 1439 1415 1439 1414 1439 1329 1453 1325 1453 1323 1453 1296 1441 1295 1441 1293 1441 1216 1454 1213 1454 1188 1442 1186 1442 1185 1442 1183 1442 1182 1442 1161 1455 1158 1457 1128 1457 1125 1455 1088 1444 1087 1444 1085 1444 1084 1444 1082 1444 1069 1455 1042 1445 1041 1445 1039 1445 1038 1445 1036 1445 1017 1457 1014 1457 960 1445 959 1445 957 1445 920 1454 858 1447 856 1447 855 1447 853 1447 853 1448 840 1460 838 1461 785 1461 783 1460 767 1448 765 1448 764 1448 762 1448 718 1458 699 1450 697 1450 696 1450 694 1450 693 1450 693 1451 679 1461 679 1463 638 1463 639 1497"/></Shape>
	    <String CONTENT="cultum in Dei Eccleſiam inuexit, &amp; hæc Sarace¬"
                    HPOS="638"
                    VPOS="1438"
                    WIDTH="1054"
                    HEIGHT="75"
                    WC="0.991311035726381"></String>
          </TextLine>

          
          
          <TextLine ID="eSc_line_c83a5cdf"
                    TAGREFS="LT4318"
                    BASELINE="639 1558 1690 1543" 
                    HPOS="638"
                    VPOS="1497"
                    WIDTH="1052"
                    HEIGHT="82">
            <Shape><Polygon POINTS="639 1558 639 1576 809 1579 810 1579 847 1574 892 1569 925 1573 951 1577 953 1577 954 1577 956 1577 962 1573 972 1567 994 1573 1009 1576 1011 1576 1012 1576 1030 1573 1061 1566 1107 1571 1136 1574 1137 1574 1139 1574 1148 1571 1165 1564 1197 1570 1213 1573 1215 1573 1249 1570 1305 1564 1341 1569 1365 1571 1366 1571 1386 1569 1423 1561 1488 1567 1509 1569 1511 1569 1512 1569 1514 1569 1515 1567 1524 1560 1567 1566 1569 1566 1570 1566 1585 1558 1689 1564 1690 1543 1688 1502 1638 1497 1637 1497 1635 1497 1634 1497 1628 1502 1621 1508 1586 1503 1555 1499 1554 1499 1552 1499 1540 1503 1527 1509 1514 1505 1500 1499 1499 1499 1497 1499 1461 1505 1429 1511 1417 1506 1403 1500 1402 1500 1400 1500 1399 1500 1381 1506 1363 1512 1322 1508 1276 1502 1274 1502 1213 1509 1163 1515 1137 1511 1107 1505 1106 1505 1105 1505 1078 1511 1055 1516 1023 1512 975 1506 974 1506 972 1506 957 1513 947 1519 846 1521 767 1521 761 1516 745 1509 743 1509 742 1509 740 1509 710 1518 703 1519 701 1518 694 1511 693 1511 691 1511 690 1511 638 1518 639 1558"/></Shape>
	    <String CONTENT="nis Roma. imperium lacerandum obiecit. Vnde"
                    HPOS="638"
                    VPOS="1497"
                    WIDTH="1052"
                    HEIGHT="82"
                    WC="0.993017595867778"></String>
          </TextLine>

          
          
          <TextLine ID="eSc_line_8417ac9b"
                    TAGREFS="LT4318"
                    BASELINE="638 1618 1690 1601" 
                    HPOS="636"
                    VPOS="1557"
                    WIDTH="1054"
                    HEIGHT="81">
            <Shape><Polygon POINTS="638 1618 638 1631 826 1638 828 1638 916 1629 929 1628 938 1628 983 1635 984 1635 1054 1628 1067 1627 1075 1628 1102 1632 1103 1632 1163 1627 1182 1625 1188 1627 1207 1632 1209 1632 1210 1632 1212 1632 1225 1627 1231 1624 1276 1625 1362 1629 1363 1629 1365 1629 1386 1625 1396 1622 1690 1622 1690 1601 1688 1566 1516 1557 1515 1557 1514 1557 1494 1567 1491 1569 1467 1567 1322 1560 1320 1560 1319 1560 1299 1570 1296 1571 1293 1570 1277 1563 1276 1563 1274 1563 1273 1563 1249 1570 1244 1573 1155 1573 1149 1571 1115 1563 1113 1563 1112 1563 1060 1564 1058 1564 1057 1564 1045 1573 1042 1576 948 1576 944 1574 923 1566 922 1566 920 1566 856 1574 807 1569 806 1569 804 1569 783 1577 780 1577 774 1577 730 1569 728 1569 685 1577 679 1579 676 1577 657 1570 655 1570 654 1570 652 1570 636 1576 638 1618"/></Shape>
	    <String CONTENT="&amp; Carolus Magnus fuit tunc temporis in Roma¬"
                    HPOS="636"
                    VPOS="1557"
                    WIDTH="1054"
                    HEIGHT="81"
                    WC="0.998758030208674"></String>
          </TextLine>

          
          
          <TextLine ID="eSc_line_998a3d45"
                    TAGREFS="LT4318"
                    BASELINE="639 1674 1690 1656" 
                    HPOS="638"
                    VPOS="1610"
                    WIDTH="1052"
                    HEIGHT="83">
            <Shape><Polygon POINTS="639 1674 639 1687 812 1693 813 1693 815 1693 846 1685 1512 1682 1514 1682 1515 1682 1515 1680 1522 1674 1600 1680 1601 1680 1690 1670 1690 1656 1689 1624 1661 1610 1659 1610 1658 1610 1591 1612 1589 1612 1588 1612 1574 1624 1542 1612 1540 1612 1539 1612 1537 1612 1505 1625 1427 1615 1426 1615 1424 1615 1400 1628 1340 1628 1326 1616 1325 1616 1323 1616 1293 1616 1292 1616 1290 1616 1289 1616 1273 1628 1225 1618 1224 1618 1222 1618 1192 1629 1165 1618 1164 1618 1163 1618 1161 1618 1160 1618 1142 1631 1076 1619 1075 1619 1017 1621 1015 1621 986 1635 914 1635 892 1624 890 1624 889 1624 887 1624 886 1624 870 1637 794 1637 761 1625 759 1625 758 1625 757 1625 707 1637 663 1627 661 1627 660 1627 658 1627 638 1638 639 1674"/></Shape>
	    <String CONTENT="num imperium aſciſcendus in Occidente: &amp; Ni¬"
                    HPOS="638"
                    VPOS="1610"
                    WIDTH="1052"
                    HEIGHT="83"
                    WC="0.998687576163899"></String>
          </TextLine>

          
          
          <TextLine ID="eSc_line_a5d3968e"
                    TAGREFS="LT4318"
                    BASELINE="641 1734 1692 1717" 
                    HPOS="639"
                    VPOS="1671"
                    WIDTH="1053"
                    HEIGHT="83">
            <Shape><Polygon POINTS="641 1734 641 1747 715 1754 716 1754 718 1754 746 1747 748 1747 751 1747 828 1753 829 1753 1044 1744 1118 1740 1690 1737 1692 1717 1688 1671 1557 1682 1511 1676 1500 1674 1499 1674 1497 1674 1496 1674 1494 1676 1485 1683 1463 1676 1454 1674 1453 1674 1451 1674 1450 1674 1448 1674 1445 1677 1436 1682 1424 1677 1411 1673 1409 1673 1408 1673 1334 1674 1332 1674 1331 1674 1325 1680 1317 1686 1212 1687 1200 1683 1185 1677 1183 1677 1118 1677 1116 1677 1115 1677 1113 1677 1100 1686 1093 1690 1003 1690 999 1689 990 1680 989 1680 987 1680 932 1680 931 1680 929 1680 902 1690 898 1692 892 1690 849 1682 847 1682 846 1682 844 1682 829 1693 828 1693 825 1693 789 1683 788 1683 786 1683 785 1683 783 1683 770 1693 724 1685 722 1685 721 1685 693 1695 666 1686 664 1686 663 1686 661 1686 639 1695 641 1734"/></Shape>
	    <String CONTENT="cephorus in Oriente. Vbi autem inferiores iuriſ¬"
                    HPOS="639"
                    VPOS="1671"
                    WIDTH="1053"
                    HEIGHT="83"
                    WC="0.988719509293636"></String>
          </TextLine>

          
          
          <TextLine ID="eSc_line_9b4f2c86"
                    TAGREFS="LT4318"
                    BASELINE="641 1792 1686 1775" 
                    HPOS="639"
                    VPOS="1734"
                    WIDTH="1047"
                    HEIGHT="72">
            <Shape><Polygon POINTS="641 1792 641 1806 1589 1799 1591 1799 1606 1792 1673 1798 1674 1798 1676 1798 1677 1798 1686 1790 1686 1775 1683 1744 1594 1734 1592 1734 1591 1734 1589 1734 1589 1735 1579 1744 1579 1745 1536 1745 1534 1744 1451 1734 1450 1734 1448 1734 1447 1734 1427 1745 1426 1747 1375 1747 1368 1745 1313 1735 1311 1735 1310 1735 1289 1747 1284 1748 1273 1747 1216 1737 1215 1737 1213 1737 1212 1737 1197 1747 1192 1751 1076 1751 1070 1748 1057 1740 1055 1740 1054 1740 1020 1740 1018 1740 1017 1740 996 1748 987 1753 974 1750 944 1741 942 1741 941 1741 858 1750 807 1756 789 1751 767 1744 765 1744 764 1744 762 1744 761 1744 754 1751 736 1744 734 1744 733 1744 731 1744 707 1751 699 1754 696 1751 688 1745 687 1745 685 1745 684 1745 639 1751 641 1792"/></Shape>
	    <String CONTENT="dictiones quales Ducum, Comitum, Baronum,"
                    HPOS="639"
                    VPOS="1734"
                    WIDTH="1047"
                    HEIGHT="72"
                    WC="0.990146501762111"></String>
          </TextLine>

          
          
          <TextLine ID="eSc_line_b57566b9"
                    TAGREFS="LT4318"
                    BASELINE="638 1848 1686 1833" 
                    HPOS="636"
                    VPOS="1787"
                    WIDTH="1050"
                    HEIGHT="77">
            <Shape><Polygon POINTS="638 1848 638 1863 1160 1864 1161 1864 1163 1864 1198 1856 1201 1856 1204 1856 1244 1863 1246 1863 1247 1863 1264 1854 1267 1854 1286 1854 1396 1860 1398 1860 1509 1851 1519 1851 1525 1851 1579 1859 1580 1859 1582 1859 1603 1850 1604 1850 1606 1850 1622 1857 1624 1857 1625 1857 1686 1848 1686 1833 1683 1801 1588 1787 1586 1787 1439 1790 1438 1790 1414 1802 1409 1805 1363 1805 1357 1804 1332 1793 1331 1793 1329 1793 1328 1793 1326 1793 1311 1804 1308 1806 1216 1806 1209 1805 1168 1793 1167 1793 1165 1793 1164 1793 1163 1793 1149 1805 1145 1809 1032 1809 1021 1806 990 1796 989 1796 987 1796 986 1796 962 1808 956 1809 945 1808 907 1799 905 1799 904 1799 880 1808 873 1812 820 1812 801 1809 751 1799 749 1799 654 1801 652 1801 636 1808 638 1848"/></Shape>
	    <String CONTENT="Caſtellanorum, ſunt patrimoniales, vt in Gallia,"
                    HPOS="636"
                    VPOS="1787"
                    WIDTH="1050"
                    HEIGHT="77"
                    WC="0.99412011479338"></String>
          </TextLine>

          
          
          <TextLine ID="eSc_line_8b27a80d"
                    TAGREFS="LT4318"
                    BASELINE="636 1908 1689 1893" 
                    HPOS="635"
                    VPOS="1845"
                    WIDTH="1054"
                    HEIGHT="83">
            <Shape><Polygon POINTS="636 1908 636 1921 727 1928 728 1928 730 1928 731 1928 740 1921 742 1921 745 1921 806 1927 807 1927 867 1920 873 1920 880 1920 926 1925 928 1925 1689 1912 1689 1893 1685 1856 1560 1857 1552 1857 1475 1845 1473 1845 1472 1845 1435 1859 1433 1859 1430 1859 1383 1851 1381 1851 1380 1851 1354 1859 1335 1850 1334 1850 1267 1848 1265 1848 1264 1848 1262 1848 1246 1862 1244 1862 1237 1862 1118 1851 1116 1851 1115 1851 1078 1863 1054 1851 1052 1851 1051 1851 1049 1851 1048 1851 1048 1853 1035 1864 1002 1853 1000 1853 999 1853 997 1853 972 1864 936 1854 935 1854 846 1854 844 1854 773 1864 663 1857 661 1857 660 1857 635 1867 636 1908"/></Shape>
	    <String CONTENT="illæ à mulieribus haberi &amp; poſsideri poſſunt, meo"
                    HPOS="635"
                    VPOS="1845"
                    WIDTH="1054"
                    HEIGHT="83"
                    WC="0.972685966491699"></String>
          </TextLine>

          
          
          <TextLine ID="eSc_line_9319f8cf"
                    TAGREFS="LT4318"
                    BASELINE="641 1966 1696 1949" 
                    HPOS="639"
                    VPOS="1903"
                    WIDTH="1057"
                    HEIGHT="86">
            <Shape><Polygon POINTS="641 1966 641 1989 716 1980 731 1988 733 1988 734 1988 928 1985 929 1985 935 1983 959 1976 1005 1982 1021 1983 1023 1983 1024 1983 1026 1983 1029 1982 1041 1975 1149 1979 1207 1980 1209 1980 1210 1980 1218 1978 1229 1972 1356 1975 1467 1976 1469 1976 1695 1966 1696 1949 1693 1917 1604 1903 1603 1903 1601 1903 1600 1903 1580 1917 1518 1905 1516 1905 1515 1905 1514 1905 1514 1906 1500 1918 1499 1920 1354 1920 1351 1920 1316 1908 1314 1908 1313 1908 1311 1908 1280 1920 1276 1922 1186 1922 1185 1921 1163 1912 1161 1912 1160 1912 1091 1922 1075 1924 1072 1922 1060 1912 1058 1912 1057 1912 1024 1912 1023 1912 975 1922 963 1925 956 1922 929 1914 928 1914 926 1914 861 1924 831 1928 806 1924 758 1917 757 1917 639 1925 641 1966"/></Shape>
	    <String CONTENT="quidem iudicio, quia non ſunt ſumma imperia i¬"
                    HPOS="639"
                    VPOS="1903"
                    WIDTH="1057"
                    HEIGHT="86"
                    WC="0.987323194742203"></String>
          </TextLine>

          
          
          <TextLine ID="eSc_line_fe22561f"
                    TAGREFS="LT4318"
                    BASELINE="638 2027 1690 2009" 
                    HPOS="636"
                    VPOS="1963"
                    WIDTH="1054"
                    HEIGHT="86">
            <Shape><Polygon POINTS="638 2027 638 2040 699 2046 700 2046 730 2038 734 2038 736 2038 748 2047 749 2047 751 2047 752 2049 798 2049 798 2047 878 2046 880 2046 881 2046 892 2038 948 2044 950 2044 951 2044 953 2044 963 2036 969 2036 1173 2040 1174 2040 1241 2030 1252 2030 1276 2030 1460 2036 1461 2036 1463 2036 1464 2036 1473 2028 1506 2036 1508 2036 1509 2036 1511 2036 1522 2025 1524 2025 1549 2034 1551 2034 1552 2034 1554 2034 1574 2025 1576 2025 1655 2033 1656 2033 1658 2033 1690 2022 1690 2009 1686 1975 1624 1975 1621 1975 1606 1964 1604 1964 1603 1964 1601 1964 1600 1964 1598 1964 1583 1975 1579 1978 1522 1978 1519 1975 1505 1963 1503 1963 1502 1963 1456 1963 1454 1963 1334 1975 1277 1980 1268 1975 1258 1967 1256 1967 1255 1967 1182 1967 1180 1967 1179 1967 1177 1967 1165 1976 1154 1983 1139 1976 1125 1969 1124 1969 1075 1969 1073 1969 1072 1969 1057 1976 1038 1986 1003 1986 987 1976 986 1975 984 1975 983 1975 981 1975 980 1975 974 1976 936 1986 919 1976 913 1972 911 1972 910 1972 908 1972 907 1972 895 1976 880 1982 841 1976 816 1973 815 1973 740 1975 739 1975 737 1975 736 1976 718 1991 636 1978 638 2027"/></Shape>
	    <String CONTENT="ſtæ dignitates, &amp; officia: ſed tamẽ ab iiſdem mu¬"
                    HPOS="636"
                    VPOS="1963"
                    WIDTH="1054"
                    HEIGHT="86"
                    WC="0.985076901912689"></String>
          </TextLine>

          
          
          <TextLine ID="eSc_line_04ba53b7"
                    TAGREFS="LT4318"
                    BASELINE="633 2082 1689 2067" 
                    HPOS="632"
                    VPOS="2019"
                    WIDTH="1057"
                    HEIGHT="85">
            <Shape><Polygon POINTS="633 2082 633 2096 728 2104 730 2104 1688 2083 1689 2067 1686 2031 1637 2031 1610 2019 1609 2019 1607 2019 1606 2019 1577 2027 1496 2021 1494 2021 1493 2021 1491 2021 1476 2031 1470 2034 1463 2031 1442 2022 1441 2022 1439 2022 1438 2022 1436 2022 1424 2031 1420 2034 1396 2031 1348 2024 1347 2024 1345 2024 1322 2031 1304 2036 1274 2031 1244 2027 1243 2027 1241 2027 1240 2027 1235 2031 1231 2036 1219 2031 1210 2028 1209 2028 1207 2028 1206 2028 1197 2031 1179 2038 1036 2040 978 2031 954 2028 953 2028 951 2028 950 2028 945 2031 931 2041 867 2031 850 2030 849 2030 837 2031 785 2043 632 2033 633 2082"/></Shape>
	    <String CONTENT="lieribus nec poſſunt, nec debent hæ iuriſdictio¬"
                    HPOS="632"
                    VPOS="2019"
                    WIDTH="1057"
                    HEIGHT="85"
                    WC="0.98380501071612"></String>
          </TextLine>

          
          
          <TextLine ID="eSc_line_17b08a73"
                    TAGREFS="LT4318"
                    BASELINE="632 2143 1686 2125" 
                    HPOS="630"
                    VPOS="2080"
                    WIDTH="1056"
                    HEIGHT="95">
            <Shape><Polygon POINTS="632 2143 633 2175 652 2168 715 2175 727 2175 728 2175 730 2175 731 2175 731 2174 742 2165 895 2163 935 2172 939 2172 941 2172 942 2172 944 2172 956 2163 1161 2169 1241 2171 1243 2171 1244 2171 1246 2171 1249 2168 1259 2160 1311 2168 1331 2169 1332 2169 1334 2169 1335 2169 1338 2166 1351 2156 1395 2166 1405 2168 1406 2168 1418 2166 1472 2154 1502 2165 1506 2166 1508 2166 1509 2166 1536 2165 1615 2157 1685 2162 1686 2125 1682 2091 1641 2091 1640 2091 1619 2080 1618 2080 1616 2080 1615 2080 1588 2091 1583 2092 1577 2091 1530 2082 1528 2082 1436 2094 1415 2095 1399 2094 1331 2085 1329 2085 1328 2085 1299 2095 1292 2096 1280 2095 1244 2089 1243 2089 1241 2089 1228 2095 1224 2098 1219 2095 1203 2089 1201 2089 1200 2089 1198 2089 1197 2089 1188 2096 1185 2099 1112 2099 1102 2096 1070 2089 1069 2089 1067 2089 917 2092 916 2092 898 2099 887 2104 859 2101 820 2095 819 2095 817 2095 798 2101 783 2105 770 2101 758 2098 757 2098 755 2098 630 2102 632 2143"/></Shape>
	    <String CONTENT="nes exerceri: ſed à viris per eas delegatis. Quan¬"
                    HPOS="630"
                    VPOS="2080"
                    WIDTH="1056"
                    HEIGHT="95"
                    WC="0.986799746167426"></String>
          </TextLine>

          
        </TextBlock>
        
        <TextBlock HPOS="1525.7314453125"
                   VPOS="2156.665283203125"
                   WIDTH="161.48291015625"
                   HEIGHT="60.944091796875"
                   ID="block_3"
                   TAGREFS="BT10978">
          <Shape><Polygon POINTS="1525.73 2156.67 1687.21 2156.67 1687.21 2217.61 1525.73 2217.61 1525.73 2156.67"/></Shape>
          
          
          <TextLine ID="eSc_line_db34edf5"
                    TAGREFS="LT4318"
                    BASELINE="1545 2187 1685 2184" 
                    HPOS="1543"
                    VPOS="2154"
                    WIDTH="142"
                    HEIGHT="75">
            <Shape><Polygon POINTS="1545 2187 1545 2218 1610 2212 1632 2226 1637 2229 1638 2229 1640 2229 1641 2229 1685 2227 1685 2184 1680 2154 1543 2157 1545 2187"/></Shape>
	    <String CONTENT="quam."
                    HPOS="1543"
                    VPOS="2154"
                    WIDTH="142"
                    HEIGHT="75"
                    WC="0.999721074104309"></String>
          </TextLine>

          
        </TextBlock>
        

        
      </PrintSpace>
    </Page>
  </Layout>
</alto>
