<?xml version="1.0" encoding="UTF-8"?>
<alto xmlns:xsi="http://www.w3.org/2001/XMLSchema-instance"
      xmlns="http://www.loc.gov/standards/alto/ns-v4#"
      xsi:schemaLocation="http://www.loc.gov/standards/alto/ns-v4# http://www.loc.gov/standards/alto/v4/alto-4-2.xsd">
  <Description>
    <MeasurementUnit>pixel</MeasurementUnit>
    <sourceImageInformation>
      <fileName>2012993.png</fileName>
      
    </sourceImageInformation>
  </Description>
  
  <Tags>
    <OtherTag ID="BT10983" LABEL="GraphicZone" DESCRIPTION="block type GraphicZone"/><OtherTag ID="BT10982" LABEL="DropCapitalZone" DESCRIPTION="block type DropCapitalZone"/><OtherTag ID="BT10981" LABEL="RunningTitleZone" DESCRIPTION="block type RunningTitleZone"/><OtherTag ID="BT10980" LABEL="NumberingZone" DESCRIPTION="block type NumberingZone"/><OtherTag ID="BT10979" LABEL="TitlePageZone" DESCRIPTION="block type TitlePageZone"/><OtherTag ID="BT10978" LABEL="QuireMarksZone" DESCRIPTION="block type QuireMarksZone"/><OtherTag ID="BT10977" LABEL="MainZone" DESCRIPTION="block type MainZone"/><OtherTag ID="BT10976" LABEL="MarginTextZone" DESCRIPTION="block type MarginTextZone"/>
    <OtherTag ID="LT4321" LABEL="default" DESCRIPTION="line type default"/><OtherTag ID="LT4319" LABEL="HeadingLine" DESCRIPTION="line type HeadingLine"/><OtherTag ID="LT4318" LABEL="DefaultLine" DESCRIPTION="line type DefaultLine"/><OtherTag ID="LT4320" LABEL="CustomLine : BiblicalText" DESCRIPTION="line type CustomLine : BiblicalText"/>
  </Tags>
  
  <Layout>
    <Page WIDTH="1807"
          HEIGHT="2677"
          PHYSICAL_IMG_NR="40"
          ID="eSc_dummypage_">
      <PrintSpace HPOS="0"
                  VPOS="0"
                  WIDTH="1807"
                  HEIGHT="2677">
        
        <TextBlock HPOS="472.57293701171875"
                   VPOS="177.5511474609375"
                   WIDTH="341.74554443359375"
                   HEIGHT="60.43241882324219"
                   ID="block_1"
                   TAGREFS="BT10981">
          <Shape><Polygon POINTS="472.573 177.551 814.318 177.551 814.318 237.984 472.573 237.984 472.573 177.551"/></Shape>
          
          
          <TextLine ID="eSc_line_e96c8940"
                    TAGREFS="LT4319"
                    BASELINE="475 220 809 223" 
                    HPOS="474"
                    VPOS="169"
                    WIDTH="335"
                    HEIGHT="74">
            <Shape><Polygon POINTS="788 181 773 176 758 176 743 175 730 175 724 181 722 184 678 184 667 179 643 172 639 172 626 171 614 178 608 182 571 182 565 176 557 171 557 169 556 169 554 169 553 169 475 174 475 220 474 236 669 243 670 243 672 243 673 243 676 240 685 236 774 236 804 243 809 223 807 193 803 190"/></Shape>
	    <String CONTENT="CAPVT II."
                    HPOS="474"
                    VPOS="169"
                    WIDTH="335"
                    HEIGHT="74"
                    WC="0.990366141001383"></String>
          </TextLine>

          
        </TextBlock>
        
        <TextBlock HPOS="1111.654052734375"
                   VPOS="186.98208618164062"
                   WIDTH="72.474365234375"
                   HEIGHT="52.8236083984375"
                   ID="block_3"
                   TAGREFS="BT10980">
          <Shape><Polygon POINTS="1111.65 186.982 1184.13 186.982 1184.13 239.806 1111.65 239.806 1111.65 186.982"/></Shape>
          
          
          <TextLine ID="eSc_line_0e73b690"
                    TAGREFS="LT4318"
                    BASELINE="1121 224 1179 227" 
                    HPOS="1119"
                    VPOS="175"
                    WIDTH="60"
                    HEIGHT="73">
            <Shape><Polygon POINTS="1167 190 1152 182 1139 176 1121 175 1121 224 1119 239 1176 248 1179 227 1168 190 1167 190"/></Shape>
	    <String CONTENT="81"
                    HPOS="1119"
                    VPOS="175"
                    WIDTH="60"
                    HEIGHT="73"
                    WC="0.999794840812683"></String>
          </TextLine>

          
        </TextBlock>
        
        <TextBlock HPOS="122.89454650878906"
                   VPOS="242.56175231933594"
                   WIDTH="1065.2564544677734"
                   HEIGHT="1938.276870727539"
                   ID="block_0"
                   TAGREFS="BT10977">
          <Shape><Polygon POINTS="122.895 242.562 1188.15 242.562 1188.15 2180.84 122.895 2180.84 122.895 242.562"/></Shape>
          
          
          <TextLine ID="eSc_line_7eea5b44"
                    TAGREFS="LT4318"
                    BASELINE="139 297 566 292 627 291 1180 294" 
                    HPOS="136"
                    VPOS="243"
                    WIDTH="1041"
                    HEIGHT="73">
            <Shape><Polygon POINTS="961 243 939 243 916 243 907 245 899 245 892 245 878 243 872 243 849 243 827 243 809 243 803 247 767 243 760 243 738 243 716 243 693 243 671 243 649 243 626 243 575 247 564 243 559 243 537 243 528 243 513 247 493 243 470 243 448 243 426 243 403 243 381 243 359 243 336 243 314 243 292 243 269 243 247 243 225 243 203 243 180 243 158 243 136 243 138 296 138 310 1173 316 1177 292 1175 247 979 247 979 245 974 243 961 243"/></Shape>
	    <String CONTENT="vetus Eccleſia in Synodis repreſsit. Oportet e¬"
                    HPOS="136"
                    VPOS="243"
                    WIDTH="1041"
                    HEIGHT="73"
                    WC="0.971076960259296"></String>
          </TextLine>

          
          
          <TextLine ID="eSc_line_13794190"
                    TAGREFS="LT4318"
                    BASELINE="138 356 1176 350" 
                    HPOS="136"
                    VPOS="303"
                    WIDTH="1040"
                    HEIGHT="67">
            <Shape><Polygon POINTS="138 356 138 367 1173 370 1176 350 1174 315 1158 307 1157 307 1155 307 1063 315 1061 315 1060 315 991 303 990 303 989 303 959 316 832 316 823 316 794 304 792 304 791 304 737 312 661 304 660 304 585 313 527 306 526 306 524 306 490 319 440 319 398 306 397 306 395 306 394 306 367 321 200 321 185 310 184 310 182 310 181 310 136 321 138 356"/></Shape>
	    <String CONTENT="nim eo modo mulieres Chriſtianas veſtiri, quo"
                    HPOS="136"
                    VPOS="303"
                    WIDTH="1040"
                    HEIGHT="67"
                    WC="0.985570413536496"></String>
          </TextLine>

          
          
          <TextLine ID="eSc_line_5190266c"
                    TAGREFS="LT4318"
                    BASELINE="139 413 1180 410" 
                    HPOS="138"
                    VPOS="361"
                    WIDTH="1042"
                    HEIGHT="73">
            <Shape><Polygon POINTS="139 413 139 425 187 434 188 434 232 426 242 425 295 426 486 434 487 434 489 434 490 434 501 428 504 425 508 428 511 431 513 431 514 431 516 431 575 428 667 423 687 429 699 432 700 432 701 434 945 434 945 432 947 432 953 431 968 425 1177 431 1180 410 1177 377 1009 377 1008 376 990 361 989 361 987 361 951 361 950 361 948 361 914 376 911 377 880 377 877 374 858 361 856 361 855 361 806 361 804 361 803 361 776 373 758 361 757 361 755 361 754 361 752 361 709 374 701 376 690 374 630 362 629 362 468 364 466 364 465 364 455 373 450 377 440 373 419 364 417 364 416 364 365 373 333 377 284 377 278 371 269 364 267 364 266 364 264 364 263 364 261 364 251 371 243 376 233 371 224 368 223 368 221 368 220 368 208 371 188 376 182 371 171 362 169 362 168 362 166 362 165 362 138 370 139 413"/></Shape>
	    <String CONTENT="interna earum pudicitia apparere poſsit, etiam"
                    HPOS="138"
                    VPOS="361"
                    WIDTH="1042"
                    HEIGHT="73"
                    WC="0.987955895454987"></String>
          </TextLine>

          
          
          <TextLine ID="eSc_line_6786ec52"
                    TAGREFS="LT4318"
                    BASELINE="136 471 1176 468" 
                    HPOS="135"
                    VPOS="417"
                    WIDTH="1041"
                    HEIGHT="72">
            <Shape><Polygon POINTS="136 471 136 483 1173 489 1176 468 1174 431 1142 419 1140 419 1139 419 1033 429 990 419 989 419 987 419 986 419 950 429 950 431 887 431 886 429 868 417 867 417 865 417 864 417 822 419 820 419 819 419 819 420 807 429 807 431 715 431 713 429 699 417 697 417 696 417 694 417 632 422 630 422 629 422 621 429 618 431 609 429 559 419 496 419 495 419 493 419 492 419 475 429 471 432 411 432 407 429 395 419 394 419 392 419 391 419 389 419 388 419 374 429 370 432 322 432 319 428 309 420 309 419 307 419 306 419 203 419 202 419 200 419 175 428 168 431 163 428 151 419 150 419 148 419 147 419 145 419 144 419 135 423 136 471"/></Shape>
	    <String CONTENT="infidelibus hominibus. Nam vt, &amp; rectè quidẽ,"
                    HPOS="135"
                    VPOS="417"
                    WIDTH="1041"
                    HEIGHT="72"
                    WC="0.996284903363979"></String>
          </TextLine>

          
          
          <TextLine ID="eSc_line_e6e44191"
                    TAGREFS="LT4318"
                    BASELINE="136 529 1176 526" 
                    HPOS="135"
                    VPOS="477"
                    WIDTH="1041"
                    HEIGHT="71">
            <Shape><Polygon POINTS="136 529 136 542 1173 548 1176 526 1173 490 1075 478 1073 478 1072 478 1051 489 1051 490 899 490 898 489 875 477 874 477 809 477 807 477 806 477 767 489 751 477 749 477 748 477 706 477 704 477 703 477 701 477 685 489 684 489 676 489 639 489 626 478 624 478 623 478 621 478 620 478 581 489 575 490 565 489 495 478 392 478 391 478 346 489 340 490 339 489 322 478 321 478 319 478 318 478 273 489 266 490 261 489 233 478 232 478 230 478 229 478 227 478 215 489 212 492 191 492 185 489 154 478 153 478 151 478 150 478 148 478 135 486 136 529"/></Shape>
	    <String CONTENT="ſuo ſeculo eſt conqueſtus Chryſoſtom. quædam"
                    HPOS="135"
                    VPOS="477"
                    WIDTH="1041"
                    HEIGHT="71"
                    WC="0.99376401711594"></String>
          </TextLine>

          
          
          <TextLine ID="eSc_line_b33a417c"
                    TAGREFS="LT4318"
                    BASELINE="136 588 1176 584" 
                    HPOS="135"
                    VPOS="538"
                    WIDTH="1041"
                    HEIGHT="71">
            <Shape><Polygon POINTS="136 588 136 603 212 609 214 609 245 605 269 600 279 605 292 609 294 609 295 609 297 609 316 605 334 600 355 605 374 608 376 608 377 608 391 605 408 599 722 599 736 605 742 608 743 608 745 609 806 609 806 608 807 608 816 605 835 599 926 605 931 605 932 605 933 605 953 597 966 605 968 606 969 606 971 606 972 606 1174 605 1176 584 1173 550 1049 538 1048 538 1047 538 1024 548 795 539 794 539 792 539 791 539 777 550 721 550 703 539 701 539 700 539 648 539 646 539 645 539 621 551 423 551 406 541 404 541 403 541 348 541 346 541 345 541 318 551 276 544 275 544 273 544 272 544 263 551 249 541 248 541 246 541 215 541 214 541 135 553 136 588"/></Shape>
	    <String CONTENT="mulieres ita exornatæ ad templum &amp; cœtũ Do¬"
                    HPOS="135"
                    VPOS="538"
                    WIDTH="1041"
                    HEIGHT="71"
                    WC="0.981615594842217"></String>
          </TextLine>

          
          
          <TextLine ID="eSc_line_5cc18a23"
                    TAGREFS="LT4318"
                    BASELINE="135 648 1180 642" 
                    HPOS="133"
                    VPOS="593"
                    WIDTH="1047"
                    HEIGHT="71">
            <Shape><Polygon POINTS="135 648 135 661 530 657 553 658 617 664 618 664 752 657 785 655 801 657 871 663 873 663 910 655 919 654 926 655 951 661 953 661 954 663 1145 663 1145 661 1146 661 1180 652 1180 642 1177 605 1124 596 1122 596 1121 596 1088 605 1085 606 987 606 986 605 968 593 966 593 965 593 919 593 917 593 853 594 852 594 850 594 834 606 832 608 791 608 789 606 759 594 758 594 757 594 755 594 713 606 713 608 639 608 638 608 612 596 611 596 609 596 516 608 513 608 511 608 468 596 466 596 465 596 464 596 428 608 397 596 395 596 394 596 325 609 322 609 321 609 297 600 295 600 188 597 187 597 133 609 135 648"/></Shape>
	    <String CONTENT="mini incedunt, &amp; ad ſacram Domini Cœnam ſu¬"
                    HPOS="133"
                    VPOS="593"
                    WIDTH="1047"
                    HEIGHT="71"
                    WC="0.996933286966279"></String>
          </TextLine>

          
          
          <TextLine ID="eSc_line_548b9050"
                    TAGREFS="LT4318"
                    BASELINE="135 706 1179 703" 
                    HPOS="133"
                    VPOS="654"
                    WIDTH="1046"
                    HEIGHT="73">
            <Shape><Polygon POINTS="135 706 135 716 190 727 191 727 309 718 333 716 496 716 504 718 527 725 529 725 530 725 532 725 545 718 550 716 577 718 658 725 660 727 713 727 713 725 715 725 716 725 725 719 730 715 752 719 789 725 791 725 792 725 810 719 823 715 889 719 978 725 980 725 1177 719 1179 703 1177 661 1160 654 1158 654 1157 654 1155 654 1137 661 1130 664 1119 661 1091 654 1090 654 1088 654 1087 654 1066 661 1058 666 922 666 920 663 910 655 910 654 908 654 907 654 841 654 840 654 838 654 820 664 819 664 816 664 774 654 773 654 699 664 658 654 657 654 655 654 605 655 603 655 602 655 590 666 588 667 501 667 478 667 447 655 446 655 444 655 443 655 441 655 441 657 429 667 278 667 251 655 249 655 248 655 200 666 148 655 147 655 145 655 144 655 144 657 133 666 135 706"/></Shape>
	    <String CONTENT="mendam accedunt, vt illîc potius ſaltaturæ, quàm"
                    HPOS="133"
                    VPOS="654"
                    WIDTH="1046"
                    HEIGHT="73"
                    WC="0.97467414021492"></String>
          </TextLine>

          
          
          <TextLine ID="eSc_line_185d78d1"
                    TAGREFS="LT4318"
                    BASELINE="136 765 1182 758" 
                    HPOS="135"
                    VPOS="710"
                    WIDTH="1047"
                    HEIGHT="78">
            <Shape><Polygon POINTS="136 765 136 788 410 788 410 786 411 786 413 786 423 779 443 786 450 788 452 788 453 788 455 788 462 786 486 779 624 785 666 786 667 786 687 785 762 776 812 785 819 785 820 785 822 785 825 785 850 776 948 783 971 785 972 785 974 785 975 785 977 783 990 774 999 783 1000 783 1002 783 1003 783 1011 783 1110 774 1127 783 1128 783 1130 783 1131 783 1182 782 1182 758 1180 722 1148 712 1146 712 1145 712 1143 712 1125 721 1107 712 1106 712 1105 712 1103 712 1102 712 1088 721 1088 722 990 722 989 721 977 710 975 710 974 710 972 710 971 710 944 718 913 712 911 712 910 712 908 712 896 721 892 724 798 724 794 721 782 712 780 712 779 712 777 712 721 713 719 713 718 713 718 715 712 719 706 724 687 719 655 713 611 713 609 713 608 713 606 713 600 719 597 722 593 719 581 713 580 713 578 713 536 715 535 715 533 715 529 719 520 725 383 719 382 719 245 727 135 718 136 765"/></Shape>
	    <String CONTENT="Deum precaturæ videantur. Nec verò ijs prodeſt"
                    HPOS="135"
                    VPOS="710"
                    WIDTH="1047"
                    HEIGHT="78"
                    WC="0.991702330873368"></String>
          </TextLine>

          
          
          <TextLine ID="eSc_line_65d8690a"
                    TAGREFS="LT4318"
                    BASELINE="135 820 1179 816" 
                    HPOS="133"
                    VPOS="773"
                    WIDTH="1046"
                    HEIGHT="71">
            <Shape><Polygon POINTS="135 820 135 837 434 844 435 844 499 835 520 832 642 832 648 834 673 843 675 843 676 843 678 843 679 843 693 834 696 832 751 832 755 832 785 843 786 843 788 843 789 843 829 832 837 831 843 832 870 841 871 841 873 841 960 831 972 831 977 831 1012 841 1014 841 1015 843 1113 843 1113 841 1179 829 1179 816 1176 785 1136 785 1136 783 1124 774 1124 773 1122 773 1121 773 1119 773 1118 773 1085 783 1085 785 800 785 792 783 764 774 762 774 761 774 713 782 678 774 676 774 675 774 673 774 661 783 658 785 645 783 602 774 600 774 550 782 533 785 526 782 505 774 504 774 502 774 446 776 444 776 432 782 423 786 414 782 400 776 398 776 397 776 365 782 342 788 300 788 291 782 282 776 281 776 279 776 278 776 242 782 212 786 205 782 200 777 199 777 197 777 196 777 194 777 193 777 188 782 185 785 176 782 160 776 159 776 157 776 133 780 135 820"/></Shape>
	    <String CONTENT="hæc exceptio, Sic culta viro &amp; marito meo pla¬"
                    HPOS="133"
                    VPOS="773"
                    WIDTH="1046"
                    HEIGHT="71"
                    WC="0.988810037789137"></String>
          </TextLine>

          
          
          <TextLine ID="eSc_line_e717d003"
                    TAGREFS="LT4318"
                    BASELINE="133 880 1176 875" 
                    HPOS="132"
                    VPOS="826"
                    WIDTH="1044"
                    HEIGHT="75">
            <Shape><Polygon POINTS="133 880 133 901 1174 896 1176 875 1174 838 1139 826 1137 826 1136 826 1134 826 1105 838 1103 840 1035 840 1033 838 1000 826 999 826 997 826 996 826 962 835 951 828 950 828 948 828 850 826 849 826 847 826 831 834 771 828 770 828 768 828 767 828 752 840 751 840 745 840 633 828 632 828 630 828 608 840 606 841 533 841 533 840 519 828 517 828 516 828 487 828 486 828 484 828 446 841 443 841 440 841 395 831 394 831 339 841 337 841 334 841 288 829 287 829 285 829 284 829 282 829 266 840 174 832 172 832 132 841 133 880"/></Shape>
	    <String CONTENT="ceo. Nec enim illæ, vt lenoni marito placeant,"
                    HPOS="132"
                    VPOS="826"
                    WIDTH="1044"
                    HEIGHT="75"
                    WC="0.989589377589848"></String>
          </TextLine>

          
          
          <TextLine ID="eSc_line_1842e068"
                    TAGREFS="LT4318"
                    BASELINE="132 939 1177 932" 
                    HPOS="130"
                    VPOS="886"
                    WIDTH="1047"
                    HEIGHT="79">
            <Shape><Polygon POINTS="132 939 132 957 182 965 184 965 217 957 230 954 243 957 279 963 281 963 282 963 295 956 300 954 306 956 336 965 337 965 339 965 340 965 367 956 376 953 395 954 438 960 440 960 517 953 529 953 530 953 544 962 545 962 547 962 548 963 626 963 626 962 627 962 663 953 733 962 734 962 736 962 768 951 815 960 816 960 883 950 898 960 899 960 901 960 902 960 904 960 905 960 905 959 917 950 989 959 990 959 991 959 1017 948 1057 959 1058 959 1060 960 1149 960 1149 959 1151 959 1177 945 1177 932 1176 898 1143 889 1142 889 1140 889 1036 896 999 886 997 886 996 886 994 886 965 898 962 898 844 892 843 892 749 899 743 899 742 899 731 890 730 890 728 890 727 890 725 890 694 899 684 890 684 889 682 889 681 889 646 889 645 889 643 889 605 899 504 892 502 892 461 901 456 901 452 901 380 890 379 890 377 890 376 890 359 901 333 892 331 892 138 892 136 892 135 892 133 892 133 893 132 893 130 893 132 939"/></Shape>
	    <String CONTENT="debent ſtudere: &amp; quæ ſic exornata, aut fuco pi¬"
                    HPOS="130"
                    VPOS="886"
                    WIDTH="1047"
                    HEIGHT="79"
                    WC="0.994536031037569"></String>
          </TextLine>

          
          
          <TextLine ID="eSc_line_f724b433"
                    TAGREFS="LT4318"
                    BASELINE="135 997 1174 993" 
                    HPOS="133"
                    VPOS="945"
                    WIDTH="1041"
                    HEIGHT="78">
            <Shape><Polygon POINTS="135 997 135 1023 217 1014 468 1021 469 1021 557 1011 724 1017 725 1017 828 1009 875 1018 877 1018 878 1018 880 1018 895 1009 1171 1018 1174 993 1171 957 1051 957 1018 945 1017 945 1015 945 945 956 907 945 905 945 904 945 902 945 901 945 884 956 751 947 749 947 697 957 685 948 685 947 684 947 682 947 633 947 632 947 630 947 593 959 523 959 483 947 481 947 480 947 417 959 374 948 373 948 371 948 370 948 346 959 285 948 284 948 282 948 261 959 215 950 214 950 133 960 135 997"/></Shape>
	    <String CONTENT="gmentata incedit, certè naturam formámque,"
                    HPOS="133"
                    VPOS="945"
                    WIDTH="1041"
                    HEIGHT="78"
                    WC="0.99704234437509"></String>
          </TextLine>

          
          
          <TextLine ID="eSc_line_c73bfd64"
                    TAGREFS="LT4318"
                    BASELINE="136 1054 1179 1054" 
                    HPOS="136"
                    VPOS="1006"
                    WIDTH="1043"
                    HEIGHT="72">
            <Shape><Polygon POINTS="136 1054 136 1070 532 1078 533 1078 535 1078 542 1073 553 1069 588 1075 606 1076 608 1076 618 1075 643 1069 758 1075 783 1076 785 1076 795 1076 847 1069 886 1076 896 1078 898 1078 910 1076 956 1069 983 1076 986 1078 987 1078 989 1078 990 1078 993 1076 1017 1069 1090 1078 1096 1078 1097 1078 1100 1078 1143 1069 1176 1078 1179 1054 1179 1018 1100 1018 1084 1006 1082 1006 1081 1006 1079 1006 1078 1006 1038 1017 969 1006 968 1006 966 1006 936 1018 813 1018 801 1008 801 1006 800 1006 798 1006 797 1006 795 1006 768 1015 759 1006 758 1006 757 1006 597 1006 596 1006 594 1006 572 1015 551 1006 550 1006 548 1006 547 1006 545 1006 535 1014 527 1008 526 1008 524 1008 523 1008 441 1017 343 1008 342 1008 306 1015 278 1006 276 1006 275 1006 273 1006 272 1006 261 1015 136 1017 136 1054"/></Shape>
	    <String CONTENT="quam à Deo accepit, odit. Sed neque hæc altera"
                    HPOS="136"
                    VPOS="1006"
                    WIDTH="1043"
                    HEIGHT="72"
                    WC="0.986003604341061"></String>
          </TextLine>

          
          
          <TextLine ID="eSc_line_08da9faf"
                    TAGREFS="LT4318"
                    BASELINE="135 1115 1177 1109" 
                    HPOS="133"
                    VPOS="1061"
                    WIDTH="1044"
                    HEIGHT="76">
            <Shape><Polygon POINTS="135 1115 135 1130 321 1137 322 1137 408 1130 432 1128 458 1130 548 1136 550 1137 655 1137 655 1136 657 1136 673 1128 679 1127 707 1128 768 1134 770 1134 1176 1127 1177 1109 1174 1067 1106 1061 1105 1061 1103 1061 1078 1067 1060 1072 1038 1069 1006 1063 1005 1063 1003 1063 989 1069 980 1073 834 1073 829 1070 822 1064 822 1063 820 1063 819 1063 817 1063 757 1072 751 1072 746 1072 703 1063 701 1063 700 1063 699 1063 688 1072 685 1073 678 1072 630 1064 629 1064 587 1073 580 1075 572 1073 539 1064 538 1064 536 1064 535 1064 501 1075 498 1075 493 1075 437 1064 435 1064 392 1073 348 1066 346 1066 345 1066 343 1066 331 1076 330 1076 324 1076 202 1067 200 1067 133 1078 135 1115"/></Shape>
	    <String CONTENT="earum ratio eſt audienda, Sunt hæc omnia ex τῶν"
                    HPOS="133"
                    VPOS="1061"
                    WIDTH="1044"
                    HEIGHT="76"></String>
          </TextLine>

          
          
          <TextLine ID="eSc_line_4d9b43a7"
                    TAGREFS="LT4318"
                    BASELINE="132 1171 1179 1168" 
                    HPOS="130"
                    VPOS="1121"
                    WIDTH="1049"
                    HEIGHT="71">
            <Shape><Polygon POINTS="132 1171 132 1191 1177 1192 1179 1168 1174 1122 1100 1130 1070 1122 1064 1121 1063 1121 1061 1121 1060 1121 1054 1122 1029 1130 994 1122 983 1121 981 1121 971 1122 939 1130 898 1124 880 1121 834 1121 832 1121 831 1121 829 1121 826 1124 817 1130 776 1124 751 1121 749 1121 728 1124 703 1128 690 1124 678 1121 676 1121 675 1121 673 1121 666 1124 651 1133 572 1133 554 1125 547 1122 545 1122 544 1122 514 1125 462 1131 391 1127 355 1124 353 1124 336 1127 307 1131 291 1127 278 1122 276 1122 275 1122 273 1122 260 1127 245 1131 212 1127 175 1122 174 1122 130 1127 132 1171"/></Shape>
	    <String CONTENT="ἀδιαφορων genere. Neq; enim hęc cùm offendiculũ"
                    HPOS="130"
                    VPOS="1121"
                    WIDTH="1049"
                    HEIGHT="71"></String>
          </TextLine>

          
          
          <TextLine ID="eSc_line_fd031e30"
                    TAGREFS="LT4318"
                    BASELINE="133 1231 1176 1226" 
                    HPOS="132"
                    VPOS="1179"
                    WIDTH="1044"
                    HEIGHT="74">
            <Shape><Polygon POINTS="133 1231 133 1246 376 1253 377 1253 379 1253 380 1253 389 1246 391 1244 502 1244 551 1246 687 1252 688 1252 752 1246 771 1244 1173 1244 1176 1226 1173 1188 883 1179 881 1179 831 1188 825 1188 807 1188 655 1180 654 1180 596 1188 593 1188 590 1188 547 1180 545 1180 490 1188 478 1189 468 1188 429 1182 428 1182 426 1182 407 1188 403 1189 383 1188 304 1182 303 1182 301 1182 290 1188 287 1189 272 1188 202 1182 200 1182 132 1188 133 1231"/></Shape>
	    <String CONTENT="cuiquam præbent, ſunt adiaphora: ſed damnata"
                    HPOS="132"
                    VPOS="1179"
                    WIDTH="1044"
                    HEIGHT="74"
                    WC="0.996336243369363"></String>
          </TextLine>

          
          
          <TextLine ID="eSc_line_45ad89ca"
                    TAGREFS="LT4318"
                    BASELINE="133 1290 1177 1286" 
                    HPOS="132"
                    VPOS="1235"
                    WIDTH="1045"
                    HEIGHT="78">
            <Shape><Polygon POINTS="133 1290 133 1304 171 1313 172 1313 242 1305 461 1311 462 1311 513 1302 516 1302 529 1302 826 1311 828 1311 829 1311 855 1301 870 1308 871 1308 873 1308 960 1301 972 1310 974 1310 975 1310 977 1311 1061 1311 1061 1310 1063 1310 1064 1310 1073 1302 1143 1310 1145 1310 1146 1310 1177 1298 1177 1286 1174 1249 966 1235 965 1235 963 1235 962 1235 945 1249 868 1249 853 1238 852 1238 850 1238 849 1238 847 1238 826 1249 825 1249 823 1249 782 1237 780 1237 779 1237 777 1237 740 1249 739 1249 737 1249 699 1238 697 1238 696 1238 694 1238 666 1249 648 1237 646 1237 645 1237 643 1237 538 1246 483 1237 481 1237 435 1238 434 1238 432 1238 432 1240 422 1249 407 1238 406 1238 404 1238 403 1238 340 1250 334 1250 333 1250 315 1240 313 1240 254 1238 252 1238 251 1238 249 1238 236 1250 234 1252 200 1252 197 1250 160 1238 159 1238 157 1238 156 1238 132 1247 133 1290"/></Shape>
	    <String CONTENT="ſunt, iíſq; eſt abſtinendũ. In ſumma cultum mu¬"
                    HPOS="132"
                    VPOS="1235"
                    WIDTH="1045"
                    HEIGHT="78"></String>
          </TextLine>

          
          
          <TextLine ID="eSc_line_97a560ec"
                    TAGREFS="LT4318"
                    BASELINE="133 1348 1174 1345" 
                    HPOS="132"
                    VPOS="1298"
                    WIDTH="1042"
                    HEIGHT="73">
            <Shape><Polygon POINTS="133 1348 133 1371 191 1362 292 1362 301 1369 303 1369 304 1369 306 1369 307 1369 327 1362 752 1368 754 1368 755 1368 757 1368 765 1360 1171 1368 1174 1345 1171 1310 1085 1299 1084 1299 1082 1299 1081 1299 1069 1308 1067 1310 1030 1310 1024 1308 966 1298 965 1298 883 1305 835 1298 834 1298 832 1298 800 1307 791 1308 728 1305 582 1299 581 1299 580 1299 578 1299 572 1305 565 1310 510 1304 458 1299 408 1299 407 1299 406 1299 404 1299 404 1301 400 1304 392 1310 132 1302 133 1348"/></Shape>
	    <String CONTENT="lierum non damnat Paulus, modò ſit Honeſtus,"
                    HPOS="132"
                    VPOS="1298"
                    WIDTH="1042"
                    HEIGHT="73"
                    WC="0.987989730305142"></String>
          </TextLine>

          
          
          <TextLine ID="eSc_line_c7fd02d9"
                    TAGREFS="LT4318"
                    BASELINE="133 1406 1173 1402" 
                    HPOS="132"
                    VPOS="1351"
                    WIDTH="1041"
                    HEIGHT="78">
            <Shape><Polygon POINTS="133 1406 133 1421 441 1421 471 1429 472 1429 474 1429 475 1429 498 1421 719 1427 721 1427 755 1420 757 1420 822 1427 823 1427 969 1426 971 1426 991 1418 993 1418 1009 1426 1011 1426 1012 1427 1136 1427 1136 1426 1171 1417 1173 1402 1170 1363 922 1363 920 1362 880 1351 878 1351 877 1351 828 1359 759 1353 758 1353 757 1353 755 1353 755 1354 746 1362 743 1363 721 1362 611 1353 609 1353 608 1353 575 1362 568 1363 545 1362 480 1356 478 1356 431 1362 403 1365 392 1362 373 1354 371 1354 370 1354 132 1360 133 1406"/></Shape>
	    <String CONTENT="&amp; Modeſtiæ verecundiæque Chriſtianarum mu¬"
                    HPOS="132"
                    VPOS="1351"
                    WIDTH="1041"
                    HEIGHT="78"
                    WC="0.996102300428209"></String>
          </TextLine>

          
          
          <TextLine ID="eSc_line_561c672a"
                    TAGREFS="LT4318"
                    BASELINE="132 1466 1176 1461" 
                    HPOS="130"
                    VPOS="1423"
                    WIDTH="1046"
                    HEIGHT="58">
            <Shape><Polygon POINTS="132 1466 132 1479 1174 1481 1176 1461 1173 1423 130 1423 132 1466"/></Shape>
	    <String CONTENT="lierum conueniens &amp; conſentaneus. Et rectè etiã"
                    HPOS="130"
                    VPOS="1423"
                    WIDTH="1046"
                    HEIGHT="58"
                    WC="0.961782240137762"></String>
          </TextLine>

          
          
          <TextLine ID="eSc_line_371e346c"
                    TAGREFS="LT4318"
                    BASELINE="132 1524 1174 1518" 
                    HPOS="130"
                    VPOS="1469"
                    WIDTH="1044"
                    HEIGHT="79">
            <Shape><Polygon POINTS="132 1524 132 1539 297 1548 298 1548 391 1539 411 1546 413 1546 414 1546 416 1546 417 1546 428 1539 556 1539 574 1546 575 1546 577 1546 578 1546 580 1546 590 1539 649 1546 651 1546 773 1537 910 1545 911 1545 913 1545 933 1536 942 1543 944 1543 945 1543 947 1543 994 1536 1143 1543 1145 1543 1146 1543 1174 1533 1174 1518 1171 1482 1109 1482 1088 1470 1087 1470 1085 1470 1084 1470 1063 1479 1039 1469 1038 1469 1036 1469 1035 1469 1033 1469 1017 1481 954 1481 935 1469 933 1469 932 1469 931 1469 929 1469 899 1482 898 1482 892 1482 809 1472 807 1472 806 1472 783 1481 768 1475 767 1475 765 1475 764 1475 762 1475 755 1482 754 1484 676 1484 675 1482 661 1473 660 1473 658 1473 584 1472 582 1472 581 1472 565 1479 504 1472 502 1472 501 1472 481 1482 478 1484 472 1482 428 1472 426 1472 425 1472 423 1472 423 1473 411 1482 394 1473 392 1473 257 1473 255 1473 206 1484 194 1485 188 1484 162 1473 160 1473 159 1473 157 1473 130 1482 132 1524"/></Shape>
	    <String CONTENT="docet Plutarchus lib.6.Sympoſ.quæſt.7. abſter¬"
                    HPOS="130"
                    VPOS="1469"
                    WIDTH="1044"
                    HEIGHT="79"></String>
          </TextLine>

          
          
          <TextLine ID="eSc_line_d19c9243"
                    TAGREFS="LT4318"
                    BASELINE="132 1582 1173 1579" 
                    HPOS="130"
                    VPOS="1530"
                    WIDTH="1043"
                    HEIGHT="80">
            <Shape><Polygon POINTS="132 1582 132 1606 343 1598 413 1607 417 1607 419 1607 423 1607 505 1598 560 1607 577 1610 578 1610 594 1607 638 1600 646 1607 648 1607 649 1607 749 1609 751 1609 752 1609 754 1609 771 1597 801 1609 803 1609 804 1609 806 1609 810 1609 859 1597 895 1609 896 1609 898 1609 899 1609 904 1609 980 1598 1073 1609 1075 1609 1076 1609 1078 1609 1113 1597 1131 1609 1133 1609 1134 1609 1136 1610 1171 1610 1173 1579 1170 1537 1100 1530 1099 1530 1097 1530 1084 1536 1072 1543 1018 1543 1006 1536 994 1530 993 1530 991 1530 990 1530 989 1530 981 1536 975 1540 957 1536 947 1534 945 1534 933 1536 905 1542 890 1536 874 1530 873 1530 871 1530 870 1530 868 1530 861 1536 853 1543 810 1543 794 1536 776 1530 774 1530 773 1530 771 1530 758 1536 746 1543 710 1543 699 1536 690 1531 688 1531 687 1531 685 1531 684 1531 684 1533 679 1536 672 1543 617 1543 596 1536 584 1531 582 1531 581 1531 580 1531 571 1536 557 1543 544 1536 535 1531 533 1531 462 1531 461 1531 459 1531 447 1536 425 1543 410 1536 401 1531 400 1531 398 1531 397 1531 380 1536 356 1542 337 1536 325 1531 324 1531 322 1531 297 1536 251 1543 232 1536 223 1531 221 1531 220 1531 218 1531 205 1536 178 1543 166 1536 162 1531 160 1531 159 1531 157 1531 130 1534 132 1582"/></Shape>
	    <String CONTENT="ſionem ſordium &amp; ſpurcitiei à cultu inhoneſto"
                    HPOS="130"
                    VPOS="1530"
                    WIDTH="1043"
                    HEIGHT="80"
                    WC="0.98165551216706"></String>
          </TextLine>

          
          
          <TextLine ID="eSc_line_36e5d5fa"
                    TAGREFS="LT4318"
                    BASELINE="130 1641 624 1638" 
                    HPOS="130"
                    VPOS="1591"
                    WIDTH="494"
                    HEIGHT="79">
            <Shape><Polygon POINTS="130 1641 130 1664 175 1658 263 1667 298 1670 300 1670 301 1670 303 1670 306 1667 318 1658 359 1667 374 1670 376 1670 377 1670 385 1667 417 1655 472 1664 474 1664 475 1664 477 1664 487 1655 585 1655 620 1668 624 1638 621 1607 450 1591 449 1591 447 1591 419 1606 403 1591 401 1591 400 1591 376 1591 374 1591 373 1591 371 1591 345 1607 345 1609 336 1609 243 1609 220 1592 218 1592 217 1592 215 1592 214 1592 179 1601 160 1592 159 1592 157 1592 156 1592 154 1592 138 1601 130 1641"/></Shape>
	    <String CONTENT="&amp; ſumptuoſo differre."
                    HPOS="130"
                    VPOS="1591"
                    WIDTH="494"
                    HEIGHT="79"
                    WC="0.998896051020849"></String>
          </TextLine>

          
          
          <TextLine ID="eSc_line_250a54f4"
                    TAGREFS="LT4320"
                    BASELINE="199 1763 1176 1766" 
                    HPOS="199"
                    VPOS="1702"
                    WIDTH="977"
                    HEIGHT="90">
            <Shape><Polygon POINTS="199 1780 324 1780 328 1781 340 1789 342 1789 343 1789 345 1789 374 1781 380 1781 385 1781 413 1787 414 1787 416 1787 417 1787 422 1783 425 1780 428 1783 437 1789 438 1789 440 1789 441 1789 508 1783 547 1780 600 1780 609 1784 620 1789 621 1789 623 1789 624 1789 638 1784 649 1780 670 1784 700 1790 701 1790 739 1784 764 1781 797 1786 840 1790 841 1792 987 1792 987 1790 989 1790 990 1790 994 1787 1002 1783 1009 1787 1018 1790 1020 1790 1021 1790 1054 1787 1096 1783 1173 1787 1176 1766 1171 1704 1112 1722 1070 1722 1036 1705 1032 1704 1030 1704 1029 1704 1015 1705 936 1720 911 1710 910 1710 887 1708 820 1704 819 1704 817 1704 809 1708 789 1720 774 1710 774 1708 773 1708 771 1708 770 1708 743 1710 664 1716 643 1711 606 1702 574 1702 572 1702 571 1702 569 1702 557 1713 550 1719 469 1716 466 1714 435 1702 434 1702 432 1702 431 1702 407 1714 398 1720 374 1720 368 1716 353 1704 352 1704 350 1704 349 1704 348 1704 313 1716 306 1719 199 1719 199 1763"/></Shape>
	    <String CONTENT="10 Sed (quod decet mulieres pietatem"
                    HPOS="199"
                    VPOS="1702"
                    WIDTH="977"
                    HEIGHT="90"></String>
          </TextLine>

          
          
          <TextLine ID="eSc_line_4108c506"
                    TAGREFS="LT4320"
                    BASELINE="135 1845 294 1835 810 1835" 
                    HPOS="133"
                    VPOS="1775"
                    WIDTH="677"
                    HEIGHT="88">
            <Shape><Polygon POINTS="135 1863 212 1853 229 1863 230 1863 232 1863 233 1863 234 1863 237 1863 273 1854 342 1860 343 1860 345 1860 346 1860 355 1853 462 1862 478 1862 480 1862 481 1862 483 1862 483 1860 493 1851 594 1860 623 1862 624 1862 638 1859 664 1854 712 1859 718 1859 719 1859 721 1859 722 1859 722 1857 731 1850 809 1857 810 1835 809 1793 684 1793 684 1792 666 1777 666 1775 664 1775 663 1775 661 1775 660 1775 627 1792 624 1793 606 1793 606 1792 591 1778 591 1777 590 1777 588 1777 587 1777 585 1777 532 1792 524 1793 523 1792 511 1783 510 1783 508 1783 507 1783 505 1783 489 1792 484 1793 443 1793 441 1792 425 1777 423 1777 422 1777 420 1777 385 1784 342 1778 340 1778 339 1778 315 1790 312 1793 309 1790 290 1778 288 1778 287 1778 285 1778 236 1789 153 1778 151 1778 150 1778 148 1778 133 1786 135 1845"/></Shape>
	    <String CONTENT="ſpondentes) operibus bonis."
                    HPOS="133"
                    VPOS="1775"
                    WIDTH="677"
                    HEIGHT="88"
                    WC="0.997393292409402"></String>
          </TextLine>

          
          
          <TextLine ID="eSc_line_39f403b1"
                    TAGREFS="LT4318"
                    BASELINE="188 1921 1174 1918" 
                    HPOS="187"
                    VPOS="1860"
                    WIDTH="987"
                    HEIGHT="80">
            <Shape><Polygon POINTS="188 1921 188 1940 1173 1937 1174 1918 1171 1873 1105 1863 1103 1863 1102 1863 1084 1872 1061 1866 1060 1866 1058 1866 1011 1873 1002 1875 997 1873 957 1860 956 1860 954 1860 886 1869 875 1862 874 1862 873 1862 764 1860 762 1860 761 1860 759 1860 742 1875 704 1863 703 1863 701 1863 700 1863 672 1876 669 1876 666 1876 643 1869 642 1869 641 1869 639 1869 638 1869 627 1876 626 1876 587 1862 585 1862 584 1862 582 1862 550 1870 538 1862 536 1862 535 1862 495 1862 493 1862 492 1862 490 1862 490 1863 480 1872 462 1864 461 1864 459 1864 458 1864 422 1878 336 1878 316 1864 315 1864 313 1864 312 1864 310 1864 309 1864 292 1876 246 1870 245 1870 187 1878 188 1921"/></Shape>
	    <String CONTENT="A&#x27;ντίθεσις eſt. Faſtui enim &amp; ſuperbiæ, atque"
                    HPOS="187"
                    VPOS="1860"
                    WIDTH="987"
                    HEIGHT="80"></String>
          </TextLine>

          
          
          <TextLine ID="eSc_line_f91aa7fe"
                    TAGREFS="LT4318"
                    BASELINE="132 1980 1176 1978" 
                    HPOS="130"
                    VPOS="1928"
                    WIDTH="1046"
                    HEIGHT="76">
            <Shape><Polygon POINTS="132 1980 132 2003 301 1997 385 2001 443 2004 444 2004 480 2000 516 1997 557 2000 615 2004 617 2004 712 1998 768 1995 777 1998 791 2003 792 2003 794 2003 843 1997 865 1995 922 1997 1102 2003 1103 2003 1174 1994 1176 1978 1173 1942 1125 1930 1124 1930 1122 1930 1096 1940 1072 1928 1070 1928 1069 1928 1067 1928 1030 1940 1027 1940 1024 1940 993 1928 991 1928 947 1928 945 1928 944 1928 923 1939 920 1940 917 1939 892 1928 890 1928 889 1928 887 1928 886 1928 874 1939 870 1942 815 1942 806 1937 779 1928 777 1928 776 1928 774 1928 758 1937 752 1940 715 1936 664 1931 663 1931 661 1931 646 1936 626 1943 477 1943 464 1934 459 1930 458 1930 456 1930 455 1930 435 1934 404 1940 350 1933 327 1930 325 1930 324 1930 312 1933 276 1942 239 1931 232 1930 230 1930 229 1930 130 1930 132 1980"/></Shape>
	    <String CONTENT="laſciuæ illi mulierum pompæ ſuperiori verſiculo"
                    HPOS="130"
                    VPOS="1928"
                    WIDTH="1046"
                    HEIGHT="76"
                    WC="0.984754323959351"></String>
          </TextLine>

          
          
          <TextLine ID="eSc_line_82147dc6"
                    TAGREFS="LT4318"
                    BASELINE="133 2038 1174 2034" 
                    HPOS="132"
                    VPOS="1992"
                    WIDTH="1042"
                    HEIGHT="72">
            <Shape><Polygon POINTS="133 2038 133 2053 333 2064 334 2064 336 2064 356 2053 358 2053 429 2064 431 2064 432 2064 434 2064 444 2055 477 2061 478 2061 480 2061 481 2061 490 2052 492 2052 493 2052 520 2059 522 2059 523 2059 660 2052 670 2052 673 2052 722 2062 724 2062 804 2053 823 2062 825 2062 826 2062 828 2062 829 2062 829 2061 840 2052 853 2061 855 2061 856 2061 858 2062 920 2062 920 2061 922 2061 923 2061 923 2059 933 2050 950 2059 951 2059 953 2059 997 2052 1023 2061 1024 2061 1026 2062 1096 2062 1096 2061 1173 2049 1174 2034 1171 1998 1137 1992 1136 1992 1134 1992 1119 1998 1107 2001 1088 1997 1060 1992 1058 1992 1035 1997 1018 2001 1008 1997 996 1992 994 1992 993 1992 991 1992 990 1992 983 1997 977 2001 933 1997 910 1995 908 1995 831 1997 638 2003 608 1997 599 1995 597 1995 596 1995 594 1995 593 1997 585 2003 572 1997 571 1997 569 1997 562 1997 468 2004 416 1997 404 1995 403 1995 401 1995 398 1997 382 2004 353 1997 349 1995 348 1995 346 1995 345 1995 343 1995 343 1997 331 2006 251 2006 234 1997 232 1995 230 1995 229 1995 132 1995 133 2038"/></Shape>
	    <String CONTENT="deſcriptæ verum earum ornatum opponit, nimi¬"
                    HPOS="132"
                    VPOS="1992"
                    WIDTH="1042"
                    HEIGHT="72"
                    WC="0.993017716841264"></String>
          </TextLine>

          
          
          <TextLine ID="eSc_line_c945a549"
                    TAGREFS="LT4318"
                    BASELINE="135 2098 1177 2092" 
                    HPOS="133"
                    VPOS="2049"
                    WIDTH="1044"
                    HEIGHT="73">
            <Shape><Polygon POINTS="135 2098 135 2113 392 2122 394 2122 498 2113 654 2120 655 2120 657 2120 673 2113 843 2119 844 2119 928 2110 936 2110 939 2110 966 2117 968 2117 969 2117 1176 2108 1177 2092 1174 2061 1139 2061 1118 2049 1116 2049 1115 2049 1113 2049 1087 2059 1035 2052 1033 2052 807 2061 759 2052 758 2052 633 2062 611 2052 609 2052 608 2052 562 2059 553 2052 551 2052 550 2052 431 2052 429 2052 428 2052 392 2064 343 2053 342 2053 279 2064 240 2053 239 2053 237 2053 236 2053 215 2064 191 2053 190 2053 188 2053 145 2055 144 2055 142 2055 142 2056 133 2062 135 2098"/></Shape>
	    <String CONTENT="rum bona opera, id eſt, pro externo ornatu, vt lo¬"
                    HPOS="133"
                    VPOS="2049"
                    WIDTH="1044"
                    HEIGHT="73"
                    WC="0.988215780258179"></String>
          </TextLine>

          
          
          <TextLine ID="eSc_line_cf44e6ee"
                    TAGREFS="LT4318"
                    BASELINE="136 2156 1173 2153" 
                    HPOS="135"
                    VPOS="2104"
                    WIDTH="1038"
                    HEIGHT="101">
            <Shape><Polygon POINTS="136 2156 138 2199 193 2183 245 2192 246 2192 295 2183 376 2190 377 2190 379 2190 380 2190 389 2183 423 2199 425 2199 426 2199 478 2187 539 2198 541 2198 643 2189 667 2201 672 2204 673 2204 675 2205 709 2205 709 2204 710 2204 715 2202 737 2189 800 2187 844 2202 850 2204 852 2204 853 2204 855 2204 859 2202 911 2181 972 2181 1011 2202 1014 2204 1015 2204 1017 2204 1173 2202 1173 2153 1170 2104 1072 2104 1070 2104 1069 2104 1067 2104 1066 2105 1049 2120 984 2120 965 2107 963 2107 962 2107 960 2107 951 2107 849 2119 835 2110 829 2104 828 2104 826 2104 792 2104 791 2104 789 2104 767 2111 742 2119 728 2111 727 2111 725 2111 724 2111 716 2111 651 2122 535 2122 517 2116 484 2105 483 2105 481 2105 480 2105 456 2117 449 2122 388 2122 382 2117 362 2108 361 2108 359 2108 358 2108 331 2117 316 2105 315 2105 313 2105 270 2105 269 2105 267 2105 266 2105 252 2114 151 2105 150 2105 148 2105 147 2105 147 2107 135 2117 136 2156"/></Shape>
	    <String CONTENT="quitur Petrus, internum requirit qui in eo poſi¬"
                    HPOS="135"
                    VPOS="2104"
                    WIDTH="1038"
                    HEIGHT="101"></String>
          </TextLine>

          
        </TextBlock>
        
        <TextBlock HPOS="905.9044799804688"
                   VPOS="2173.207275390625"
                   WIDTH="101.14239501953125"
                   HEIGHT="63.07373046875"
                   ID="block_2"
                   TAGREFS="BT10978">
          <Shape><Polygon POINTS="905.904 2173.21 1007.05 2173.21 1007.05 2236.28 905.904 2236.28 905.904 2173.21"/></Shape>
          
          
          <TextLine ID="eSc_line_b50b37ff"
                    TAGREFS="LT4318"
                    BASELINE="922 2214 987 2214" 
                    HPOS="922"
                    VPOS="2160"
                    WIDTH="65"
                    HEIGHT="88">
            <Shape><Polygon POINTS="922 2214 922 2239 941 2248 942 2248 944 2248 987 2239 987 2214 987 2171 959 2160 957 2160 956 2160 922 2163 922 2214"/></Shape>
	    <String CONTENT="£j."
                    HPOS="922"
                    VPOS="2160"
                    WIDTH="65"
                    HEIGHT="88"></String>
          </TextLine>

          
        </TextBlock>
        

        
      </PrintSpace>
    </Page>
  </Layout>
</alto>
