<?xml version="1.0" encoding="UTF-8"?>
<alto xmlns:xsi="http://www.w3.org/2001/XMLSchema-instance"
      xmlns="http://www.loc.gov/standards/alto/ns-v4#"
      xsi:schemaLocation="http://www.loc.gov/standards/alto/ns-v4# http://www.loc.gov/standards/alto/v4/alto-4-2.xsd">
  <Description>
    <MeasurementUnit>pixel</MeasurementUnit>
    <sourceImageInformation>
      <fileName>2012962.png</fileName>
      
    </sourceImageInformation>
  </Description>
  
  <Tags>
    <OtherTag ID="BT10983" LABEL="GraphicZone" DESCRIPTION="block type GraphicZone"/><OtherTag ID="BT10982" LABEL="DropCapitalZone" DESCRIPTION="block type DropCapitalZone"/><OtherTag ID="BT10981" LABEL="RunningTitleZone" DESCRIPTION="block type RunningTitleZone"/><OtherTag ID="BT10980" LABEL="NumberingZone" DESCRIPTION="block type NumberingZone"/><OtherTag ID="BT10979" LABEL="TitlePageZone" DESCRIPTION="block type TitlePageZone"/><OtherTag ID="BT10978" LABEL="QuireMarksZone" DESCRIPTION="block type QuireMarksZone"/><OtherTag ID="BT10977" LABEL="MainZone" DESCRIPTION="block type MainZone"/><OtherTag ID="BT10976" LABEL="MarginTextZone" DESCRIPTION="block type MarginTextZone"/>
    <OtherTag ID="LT4321" LABEL="default" DESCRIPTION="line type default"/><OtherTag ID="LT4319" LABEL="HeadingLine" DESCRIPTION="line type HeadingLine"/><OtherTag ID="LT4318" LABEL="DefaultLine" DESCRIPTION="line type DefaultLine"/><OtherTag ID="LT4320" LABEL="CustomLine : BiblicalText" DESCRIPTION="line type CustomLine : BiblicalText"/>
  </Tags>
  
  <Layout>
    <Page WIDTH="1807"
          HEIGHT="2677"
          PHYSICAL_IMG_NR="9"
          ID="eSc_dummypage_">
      <PrintSpace HPOS="0"
                  VPOS="0"
                  WIDTH="1807"
                  HEIGHT="2677">
        
        <TextBlock HPOS="628.3501586914062"
                   VPOS="172.1678009033203"
                   WIDTH="74.83636474609375"
                   HEIGHT="55.78373718261719"
                   ID="block_1"
                   TAGREFS="BT10980">
          <Shape><Polygon POINTS="628.35 172.168 703.187 172.168 703.187 227.952 628.35 227.952 628.35 172.168"/></Shape>
          
          
          <TextLine ID="eSc_line_48a29066"
                    TAGREFS="LT4318"
                    BASELINE="631 202 691 205" 
                    HPOS="626"
                    VPOS="174"
                    WIDTH="63"
                    HEIGHT="64">
            <Shape><Polygon POINTS="673 174 651 174 629 200 626 238 684 238 689 203 687 174 673 174"/></Shape>
	    <String CONTENT="50"
                    HPOS="626"
                    VPOS="174"
                    WIDTH="63"
                    HEIGHT="64"></String>
          </TextLine>

          
        </TextBlock>
        
        <TextBlock HPOS="826.1326293945312"
                   VPOS="153.0081787109375"
                   WIDTH="705.7279663085938"
                   HEIGHT="66.25732421875"
                   ID="block_0"
                   TAGREFS="BT10981">
          <Shape><Polygon POINTS="826.133 153.008 1531.86 153.008 1531.86 219.266 826.133 219.266 826.133 153.008"/></Shape>
          
          
          <TextLine ID="eSc_line_da493c8f"
                    TAGREFS="LT4319"
                    BASELINE="834 206 1522 197" 
                    HPOS="832"
                    VPOS="151"
                    WIDTH="690"
                    HEIGHT="70">
            <Shape><Polygon POINTS="1502 168 1490 163 1435 160 1426 153 1412 153 1398 153 1383 153 1368 153 1366 151 1354 163 1353 165 1345 163 1304 157 1302 157 1255 163 1232 166 1228 163 1218 154 1216 154 1215 154 1213 154 1212 154 1210 154 1210 156 1203 162 1137 160 1136 160 1134 160 1127 163 1116 168 1109 163 1094 153 1093 153 1091 153 1090 153 1032 154 1030 154 1009 163 997 168 981 163 972 160 971 160 969 160 968 160 960 163 941 172 914 172 899 163 896 160 892 162 877 163 862 165 847 166 832 168 834 206 834 221 1522 212 1522 197 1518 174 1516 174"/></Shape>
	    <String CONTENT="AD I. PAVL. AD TIM."
                    HPOS="832"
                    VPOS="151"
                    WIDTH="690"
                    HEIGHT="70"
                    WC="0.978806564682408"></String>
          </TextLine>

          
        </TextBlock>
        
        <TextBlock HPOS="616.7186279296875"
                   VPOS="231.9564666748047"
                   WIDTH="1080.8482666015625"
                   HEIGHT="1938.0371856689453"
                   ID="block_3"
                   TAGREFS="BT10977">
          <Shape><Polygon POINTS="616.719 231.956 1697.57 231.956 1697.57 2169.99 616.719 2169.99 616.719 231.956"/></Shape>
          
          
          <TextLine ID="eSc_line_399cd96c"
                    TAGREFS="LT4318"
                    BASELINE="626 272 1677 266" 
                    HPOS="624"
                    VPOS="218"
                    WIDTH="1053"
                    HEIGHT="77">
            <Shape><Polygon POINTS="1650 224 1643 221 1612 229 1598 218 1597 218 1595 218 1488 218 1487 218 1432 229 1430 229 1429 229 1387 221 1386 221 1384 221 1383 221 1374 229 1374 230 1371 229 1347 220 1345 220 1344 220 1197 229 1148 233 1093 233 1088 229 1078 221 1076 221 1075 221 1073 221 1006 229 994 230 983 229 923 221 922 221 920 221 896 229 883 234 757 234 748 229 731 223 730 223 728 223 691 229 667 233 624 230 626 272 626 295 960 294 962 294 963 294 966 291 974 287 1008 291 1036 294 1038 294 1039 294 1041 294 1045 290 1051 285 1149 285 1188 288 1237 292 1238 292 1356 285 1378 285 1383 285 1409 292 1411 292 1412 292 1606 284 1634 291 1635 291 1637 291 1638 291 1677 281 1677 266 1676 233 1665 230"/></Shape>
	    <String CONTENT="que errorum licentiam concedendam ſcribunt"
                    HPOS="624"
                    VPOS="218"
                    WIDTH="1053"
                    HEIGHT="77"
                    WC="0.98186557775452"></String>
          </TextLine>

          
          
          <TextLine ID="eSc_line_bb0c62cf"
                    TAGREFS="LT4318"
                    BASELINE="626 334 1674 322" 
                    HPOS="624"
                    VPOS="279"
                    WIDTH="1050"
                    HEIGHT="80">
            <Shape><Polygon POINTS="626 334 626 352 881 359 883 359 884 359 886 359 886 358 893 352 896 349 939 352 1024 356 1026 356 1121 355 1122 355 1124 355 1128 350 1133 348 1189 350 1279 355 1280 355 1282 355 1290 350 1301 345 1322 349 1338 353 1340 353 1341 353 1342 353 1356 349 1371 346 1386 349 1402 353 1403 353 1405 353 1406 353 1418 349 1436 343 1484 349 1509 352 1511 353 1542 353 1542 352 1543 352 1545 352 1548 349 1558 342 1585 349 1592 350 1594 350 1595 350 1673 348 1674 322 1673 288 1640 279 1638 279 1637 279 1635 279 1604 288 1479 288 1458 279 1457 279 1456 279 1454 279 1430 290 1279 291 1160 284 1158 284 1157 284 1155 284 1145 292 1097 284 1096 284 962 294 757 287 755 287 642 290 641 290 624 297 626 334"/></Shape>
	    <String CONTENT="&amp; deffendunt, ne quis, aiunt propter ſuam opi¬"
                    HPOS="624"
                    VPOS="279"
                    WIDTH="1050"
                    HEIGHT="80"
                    WC="0.987477201482524"></String>
          </TextLine>

          
          
          <TextLine ID="eSc_line_0f359f9b"
                    TAGREFS="LT4318"
                    BASELINE="621 394 1676 385" 
                    HPOS="620"
                    VPOS="339"
                    WIDTH="1056"
                    HEIGHT="77">
            <Shape><Polygon POINTS="621 394 621 408 715 414 716 414 746 408 759 407 779 408 837 416 838 416 840 416 865 408 880 404 1029 404 1038 408 1045 414 1047 414 1048 414 1049 416 1116 416 1116 414 1118 414 1130 408 1140 403 1185 403 1197 408 1201 411 1203 411 1204 411 1206 411 1207 411 1215 408 1224 404 1256 408 1293 413 1295 413 1296 413 1298 413 1302 408 1307 406 1351 408 1405 411 1406 411 1408 411 1409 411 1412 408 1423 401 1450 401 1460 408 1463 411 1464 411 1466 411 1467 411 1484 408 1509 403 1534 408 1546 410 1548 410 1674 407 1676 385 1671 345 1606 348 1597 345 1582 339 1580 339 1579 339 1577 339 1563 345 1557 349 1494 349 1488 346 1472 340 1470 340 1469 340 1441 346 1427 349 1415 346 1383 340 1381 340 1276 349 1241 350 1221 349 1148 342 1146 342 1011 350 990 343 989 343 987 343 986 343 984 343 975 350 890 345 889 345 829 353 825 353 823 353 797 345 795 345 794 345 792 345 759 353 743 348 742 348 740 348 739 348 737 348 730 355 728 356 620 356 621 394"/></Shape>
	    <String CONTENT="nionem puniatur, quaſi vera religio ſit opinio"
                    HPOS="620"
                    VPOS="339"
                    WIDTH="1056"
                    HEIGHT="77"
                    WC="0.989755671957265"></String>
          </TextLine>

          
          
          <TextLine ID="eSc_line_f2247be2"
                    TAGREFS="LT4318"
                    BASELINE="630 450 1418 444" 
                    HPOS="629"
                    VPOS="398"
                    WIDTH="789"
                    HEIGHT="76">
            <Shape><Polygon POINTS="630 450 630 474 826 465 862 471 878 472 880 472 899 469 925 465 945 468 968 472 969 472 1051 466 1081 465 1105 465 1219 471 1221 471 1270 462 1276 462 1284 462 1380 469 1381 469 1383 469 1418 459 1418 444 1415 411 1256 398 1255 398 1253 398 1252 398 1238 407 1183 401 1182 401 1180 401 1179 401 1163 411 1078 400 1076 400 1075 400 1073 400 1060 410 1030 400 1029 400 1027 400 1026 400 1024 400 1002 413 966 403 965 403 847 401 846 401 844 401 817 411 740 403 739 403 737 403 736 403 736 404 724 416 629 416 630 450"/></Shape>
	    <String CONTENT="quædam &amp; hominum commentum."
                    HPOS="629"
                    VPOS="398"
                    WIDTH="789"
                    HEIGHT="76"></String>
          </TextLine>

          
          
          <TextLine ID="eSc_line_6948fe43"
                    TAGREFS="LT4318"
                    BASELINE="687 510 1679 505" 
                    HPOS="685"
                    VPOS="456"
                    WIDTH="994"
                    HEIGHT="71">
            <Shape><Polygon POINTS="687 510 687 526 1677 527 1679 505 1677 465 1661 458 1659 458 1658 458 1656 458 1628 465 1627 465 1625 465 1616 456 1615 456 1613 456 1612 456 1574 465 1569 466 1354 466 1350 464 1341 458 1340 458 1338 458 1337 458 1194 464 1100 466 1093 462 1087 458 1085 458 1084 458 1082 458 1044 462 1002 468 977 462 963 459 962 459 960 459 935 462 895 468 880 462 873 459 871 459 870 459 828 462 748 468 739 462 739 461 737 461 736 461 734 461 685 461 687 510"/></Shape>
	    <String CONTENT="Honeſtas decorum propriè eſt, vt non tantùm"
                    HPOS="685"
                    VPOS="456"
                    WIDTH="994"
                    HEIGHT="71"
                    WC="0.987041999234094"></String>
          </TextLine>

          
          
          <TextLine ID="eSc_line_ceb76d74"
                    TAGREFS="LT4318"
                    BASELINE="627 569 1676 560" 
                    HPOS="626"
                    VPOS="514"
                    WIDTH="1050"
                    HEIGHT="76">
            <Shape><Polygon POINTS="627 569 627 587 864 581 887 587 899 590 901 590 902 590 904 590 911 587 923 581 941 587 942 587 944 587 945 587 960 587 1088 580 1113 587 1122 588 1124 588 1125 588 1127 588 1133 587 1152 578 1270 585 1293 587 1295 587 1296 587 1301 585 1329 577 1357 585 1359 585 1360 587 1482 587 1482 585 1484 585 1485 585 1525 575 1558 584 1560 584 1561 585 1674 585 1676 560 1673 522 1609 514 1607 514 1396 523 1363 524 1359 524 1325 516 1323 516 1322 516 1128 526 1097 527 1096 526 1085 520 1084 520 1082 520 815 520 813 520 771 530 767 530 764 530 742 522 740 522 667 522 666 522 626 530 627 569"/></Shape>
	    <String CONTENT="noſtra cum proximo commercia regantur rectis"
                    HPOS="626"
                    VPOS="514"
                    WIDTH="1050"
                    HEIGHT="76"
                    WC="0.989949195222421"></String>
          </TextLine>

          
          
          <TextLine ID="eSc_line_d88ea9d1"
                    TAGREFS="LT4318"
                    BASELINE="627 629 1676 621" 
                    HPOS="626"
                    VPOS="571"
                    WIDTH="1050"
                    HEIGHT="71">
            <Shape><Polygon POINTS="627 629 627 642 1674 638 1676 621 1673 584 1582 575 1580 575 1579 575 1558 581 1533 571 1531 571 1530 571 1467 581 1450 575 1448 575 1447 575 1445 575 1444 575 1433 582 1429 584 1408 582 1341 574 1340 574 1338 574 1337 574 1328 581 1325 582 1316 581 1283 577 1282 577 1229 581 1173 585 1158 581 1145 575 1143 575 1047 574 1045 574 1044 574 1032 580 1018 587 948 587 936 580 931 575 929 575 928 575 926 575 925 575 910 580 886 585 855 578 837 575 835 575 812 578 774 584 736 578 724 577 722 577 721 577 715 578 679 588 661 578 661 577 660 577 658 577 657 577 626 577 627 629"/></Shape>
	    <String CONTENT="&amp; æquis legibus, ſed etiam omnis honeſta mo¬"
                    HPOS="626"
                    VPOS="571"
                    WIDTH="1050"
                    HEIGHT="71"
                    WC="0.974690175869248"></String>
          </TextLine>

          
          
          <TextLine ID="eSc_line_293525b3"
                    TAGREFS="LT4318"
                    BASELINE="627 682 1677 678" 
                    HPOS="626"
                    VPOS="633"
                    WIDTH="1051"
                    HEIGHT="68">
            <Shape><Polygon POINTS="627 682 627 701 1676 697 1677 678 1674 646 1543 646 1514 633 1512 633 1426 633 1424 633 1363 645 1314 635 1313 635 1311 635 1293 643 1238 636 1237 636 1191 646 1154 635 1152 635 1151 635 1067 643 1052 635 1051 635 1049 635 977 635 975 635 974 635 947 646 910 639 908 639 907 639 889 648 841 639 840 639 798 648 780 636 779 636 777 636 776 636 774 636 773 636 757 649 730 649 715 636 713 636 712 636 654 636 652 636 651 636 626 648 627 682"/></Shape>
	    <String CONTENT="deſtáque conuerſatio inter nos locum habeat, e¬"
                    HPOS="626"
                    VPOS="633"
                    WIDTH="1051"
                    HEIGHT="68"
                    WC="0.990390632301569"></String>
          </TextLine>

          
          
          <TextLine ID="eSc_line_f1b883e7"
                    TAGREFS="LT4318"
                    BASELINE="627 743 1677 740" 
                    HPOS="626"
                    VPOS="693"
                    WIDTH="1051"
                    HEIGHT="72">
            <Shape><Polygon POINTS="627 743 627 756 928 764 929 764 966 759 996 756 1032 759 1082 765 1084 765 1113 761 1130 758 1137 761 1148 765 1149 765 1151 765 1210 761 1295 755 1308 762 1310 764 1311 764 1313 764 1314 764 1328 762 1363 756 1674 764 1677 740 1674 706 1595 694 1594 694 1405 704 1389 693 1387 693 1386 693 1314 693 1313 693 1311 693 1310 693 1295 704 1264 694 1262 694 1261 694 1146 706 1143 706 1142 706 1105 694 1103 694 1102 694 1100 694 1067 706 1045 694 1044 694 999 694 997 694 996 694 994 694 975 706 974 707 939 707 939 706 920 694 919 694 917 694 916 694 914 694 898 701 890 694 889 694 887 694 812 694 810 694 809 694 785 707 696 707 658 694 657 694 655 694 654 694 626 704 627 743"/></Shape>
	    <String CONTENT="tiam in rebus mediis, &amp; quas indifferentes vocãt,"
                    HPOS="626"
                    VPOS="693"
                    WIDTH="1051"
                    HEIGHT="72"
                    WC="0.967075535058975"></String>
          </TextLine>

          
          
          <TextLine ID="eSc_line_e26f88ff"
                    TAGREFS="LT4318"
                    BASELINE="629 803 1677 797" 
                    HPOS="627"
                    VPOS="752"
                    WIDTH="1050"
                    HEIGHT="67">
            <Shape><Polygon POINTS="629 803 629 819 1676 816 1677 797 1674 765 1564 765 1531 754 1530 754 1528 754 1527 754 1497 765 1435 765 1417 752 1415 752 1414 752 1412 752 1366 754 1365 754 1363 754 1345 765 1234 754 1232 754 1231 754 1229 754 1210 765 1096 755 1094 755 1093 755 1091 755 1073 767 1002 755 1000 755 999 755 978 765 881 768 679 756 678 756 676 756 627 770 629 803"/></Shape>
	    <String CONTENT="veluti in communi veſtitu, victu, officio, &amp; qua¬"
                    HPOS="627"
                    VPOS="752"
                    WIDTH="1050"
                    HEIGHT="67"
                    WC="0.987693501978504"></String>
          </TextLine>

          
          
          <TextLine ID="eSc_line_4846296e"
                    TAGREFS="LT4318"
                    BASELINE="626 862 1680 856" 
                    HPOS="624"
                    VPOS="816"
                    WIDTH="1056"
                    HEIGHT="68">
            <Shape><Polygon POINTS="626 862 627 884 652 875 835 881 880 883 881 883 883 883 887 881 907 874 928 880 931 881 932 881 933 881 945 880 996 874 1090 878 1133 880 1134 880 1136 880 1145 877 1163 872 1276 875 1414 880 1415 880 1417 880 1435 874 1444 871 1463 872 1506 878 1508 878 1509 878 1527 872 1533 871 1542 872 1577 878 1579 878 1679 870 1680 856 1676 823 1438 823 1432 822 1415 816 1414 816 1412 816 1411 816 1398 822 1390 826 1176 826 1163 822 1151 817 1149 817 1148 817 1122 820 1088 826 1009 820 978 819 977 819 965 820 933 826 916 820 910 819 908 819 907 819 893 820 843 828 624 820 626 862"/></Shape>
	    <String CONTENT="tenus pro quoque hominum genere &amp; vocatione"
                    HPOS="624"
                    VPOS="816"
                    WIDTH="1056"
                    HEIGHT="68"
                    WC="0.995912187321242"></String>
          </TextLine>

          
          
          <TextLine ID="eSc_line_9f316165"
                    TAGREFS="LT4318"
                    BASELINE="629 922 1679 916" 
                    HPOS="627"
                    VPOS="868"
                    WIDTH="1052"
                    HEIGHT="74">
            <Shape><Polygon POINTS="629 922 629 936 849 935 864 938 887 942 889 942 890 942 901 938 911 933 1079 933 1119 938 1148 941 1149 941 1151 941 1152 941 1157 938 1167 932 1232 938 1253 939 1255 939 1256 939 1262 938 1283 932 1295 938 1298 939 1299 939 1301 941 1399 941 1399 939 1400 939 1402 939 1403 938 1418 931 1464 931 1497 938 1499 938 1500 939 1677 939 1679 916 1676 883 1598 883 1598 881 1583 871 1582 871 1580 871 1579 871 1577 871 1576 871 1563 881 1563 883 1503 883 1502 881 1479 868 1478 868 1476 868 1475 868 1473 868 1450 881 1429 881 1400 883 1392 881 1328 870 1326 870 1325 870 1279 881 1273 884 1179 884 1176 881 1158 870 1157 870 1155 870 1154 870 1085 871 1084 871 1082 871 1069 881 1066 884 1055 881 1036 877 1035 877 1033 877 993 881 991 881 980 872 980 871 978 871 977 871 975 871 925 881 908 886 841 886 832 881 815 872 813 872 643 872 642 872 641 872 627 878 629 922"/></Shape>
	    <String CONTENT="diſtinctio quædam officiorum eſt inter homines"
                    HPOS="627"
                    VPOS="868"
                    WIDTH="1052"
                    HEIGHT="74"
                    WC="0.98698581431223"></String>
          </TextLine>

          
          
          <TextLine ID="eSc_line_acef7295"
                    TAGREFS="LT4318"
                    BASELINE="630 980 1680 975" 
                    HPOS="629"
                    VPOS="926"
                    WIDTH="1051"
                    HEIGHT="70">
            <Shape><Polygon POINTS="630 980 630 994 1601 996 1603 996 1680 986 1680 975 1676 931 1516 936 1509 932 1505 928 1503 928 1502 928 1500 928 1499 928 1487 932 1475 936 1464 932 1451 926 1450 926 1448 926 1374 933 1323 938 1307 933 1289 929 1287 929 1286 929 1284 929 1268 935 1258 938 1249 935 1231 928 1229 928 1228 928 1226 928 1225 928 1216 935 1212 939 1146 939 1143 936 1133 928 1131 928 1130 928 1128 928 1063 936 1052 928 1051 928 1049 928 1003 928 1002 928 1000 928 981 938 977 939 962 938 895 929 893 929 892 929 861 939 859 939 858 939 834 929 832 929 831 929 829 929 828 929 816 939 815 941 774 941 774 939 759 929 758 929 757 929 684 929 682 929 629 941 630 980"/></Shape>
	    <String CONTENT="adhibenda. Hæc ἀταξία ordo &amp; politia honeſta"
                    HPOS="629"
                    VPOS="926"
                    WIDTH="1051"
                    HEIGHT="70"></String>
          </TextLine>

          
          
          <TextLine ID="eSc_line_67e1e87a"
                    TAGREFS="LT4318"
                    BASELINE="638 1039 1679 1036" 
                    HPOS="636"
                    VPOS="989"
                    WIDTH="1043"
                    HEIGHT="74">
            <Shape><Polygon POINTS="638 1039 638 1057 676 1063 678 1063 679 1063 693 1058 704 1054 719 1058 737 1063 739 1063 740 1063 779 1058 815 1054 867 1058 914 1063 916 1063 917 1063 919 1063 925 1058 933 1054 960 1058 983 1063 984 1063 986 1063 996 1060 1009 1054 1067 1060 1091 1061 1093 1061 1127 1060 1240 1052 1287 1060 1296 1061 1298 1061 1305 1060 1344 1052 1412 1061 1421 1061 1423 1061 1424 1061 1426 1061 1453 1052 1473 1061 1475 1061 1476 1061 1478 1063 1540 1063 1540 1061 1542 1061 1543 1061 1577 1052 1588 1061 1589 1061 1591 1061 1592 1063 1677 1063 1679 1036 1674 997 1424 1000 1411 999 1357 989 1356 989 1354 989 1353 989 1341 999 1338 1002 1301 1002 1299 999 1289 991 1289 990 1287 990 1286 990 1221 989 1219 989 1218 989 1195 997 1171 989 1170 989 1168 989 1167 989 1165 989 1165 990 1154 1000 1152 1000 1146 1000 1015 990 1014 990 1012 990 978 1002 977 1002 965 991 965 990 963 990 962 990 892 990 890 990 889 990 852 1000 841 991 841 990 840 990 838 990 837 990 636 1003 638 1039"/></Shape>
	    <String CONTENT="magnam ædificationem habet, &amp; veræ pietatis"
                    HPOS="636"
                    VPOS="989"
                    WIDTH="1043"
                    HEIGHT="74"
                    WC="0.990504128988399"></String>
          </TextLine>

          
          
          <TextLine ID="eSc_line_6b4cca1c"
                    TAGREFS="LT4318"
                    BASELINE="643 1094 1216 1091" 
                    HPOS="642"
                    VPOS="1048"
                    WIDTH="574"
                    HEIGHT="70">
            <Shape><Polygon POINTS="643 1094 643 1112 905 1118 907 1118 908 1118 910 1118 920 1110 922 1109 922 1110 932 1116 933 1116 935 1116 936 1116 938 1116 963 1109 971 1107 974 1109 986 1116 987 1116 989 1116 990 1116 991 1116 993 1116 1003 1109 1006 1107 1215 1107 1216 1091 1215 1060 1183 1048 1182 1048 1180 1048 1179 1048 1151 1060 1148 1060 1082 1060 1082 1058 1072 1049 1072 1048 1070 1048 1069 1048 1067 1048 1012 1058 1008 1060 948 1060 947 1058 935 1048 933 1048 932 1048 931 1048 929 1048 898 1058 889 1060 880 1057 858 1051 856 1051 855 1051 642 1055 643 1094"/></Shape>
	    <String CONTENT="quodammodo cuſtos eſt."
                    HPOS="642"
                    VPOS="1048"
                    WIDTH="574"
                    HEIGHT="70"
                    WC="0.999855355782942"></String>
          </TextLine>

          
          
          <TextLine ID="eSc_line_69c47af8"
                    TAGREFS="LT4318"
                    BASELINE="678 1154 1683 1154" 
                    HPOS="678"
                    VPOS="1103"
                    WIDTH="1005"
                    HEIGHT="74">
            <Shape><Polygon POINTS="678 1154 678 1167 722 1176 724 1177 904 1177 904 1176 905 1176 923 1168 1100 1168 1107 1174 1107 1176 1109 1176 1110 1176 1112 1177 1234 1177 1234 1176 1235 1176 1237 1176 1237 1174 1243 1168 1262 1176 1264 1176 1265 1176 1328 1168 1350 1176 1351 1176 1353 1176 1403 1168 1566 1176 1567 1176 1569 1176 1592 1168 1646 1176 1647 1176 1683 1167 1683 1154 1683 1116 1616 1116 1600 1103 1598 1103 1597 1103 1456 1103 1454 1103 1453 1103 1423 1115 1334 1103 1332 1103 1331 1103 1307 1116 1243 1116 1229 1105 1228 1105 1226 1105 1225 1105 1173 1115 1160 1105 1160 1103 1158 1103 1157 1103 1155 1103 1110 1112 1054 1103 1052 1103 1051 1103 1027 1116 933 1116 864 1106 862 1106 861 1106 844 1113 809 1103 807 1103 806 1103 804 1103 803 1103 788 1115 737 1103 736 1103 678 1115 678 1154"/></Shape>
	    <String CONTENT="Confutat autem hic locus pulcherrimè Ana¬"
                    HPOS="678"
                    VPOS="1103"
                    WIDTH="1005"
                    HEIGHT="74"
                    WC="0.998816907405853"></String>
          </TextLine>

          
          
          <TextLine ID="eSc_line_42877315"
                    TAGREFS="LT4318"
                    BASELINE="632 1213 1683 1210" 
                    HPOS="630"
                    VPOS="1160"
                    WIDTH="1053"
                    HEIGHT="77">
            <Shape><Polygon POINTS="632 1213 632 1228 801 1237 803 1237 847 1228 849 1228 850 1228 878 1237 880 1237 881 1237 883 1237 901 1228 902 1228 941 1237 942 1237 991 1228 993 1228 1064 1237 1066 1237 1139 1229 1164 1235 1165 1235 1167 1235 1168 1235 1194 1226 1197 1226 1210 1226 1337 1235 1338 1235 1396 1226 1399 1226 1420 1226 1496 1226 1509 1235 1511 1235 1512 1235 1514 1235 1591 1226 1658 1235 1659 1235 1661 1235 1683 1225 1683 1210 1680 1173 1631 1164 1630 1164 1583 1171 1579 1171 1576 1171 1527 1160 1525 1160 1435 1170 1429 1170 1427 1170 1406 1160 1405 1160 1403 1160 1402 1160 1400 1160 1386 1170 1381 1173 1354 1173 1348 1168 1334 1160 1332 1160 1331 1160 1329 1160 1287 1168 1271 1171 1253 1168 1216 1160 1215 1160 1213 1160 1212 1160 1212 1161 1203 1167 1198 1171 1167 1167 1152 1165 1151 1165 1149 1165 1142 1167 1118 1173 1103 1167 1090 1161 1088 1161 1049 1161 1048 1161 1047 1161 1038 1165 1024 1173 1008 1165 997 1161 996 1161 994 1161 966 1165 942 1168 931 1165 919 1161 917 1161 916 1161 914 1161 913 1161 908 1164 893 1174 800 1174 780 1164 776 1161 774 1161 737 1161 736 1161 734 1161 728 1163 703 1173 676 1163 673 1161 672 1161 670 1161 630 1161 632 1213"/></Shape>
	    <String CONTENT="baptiſtas, qui Magiſtratum ex Eccleſia Dei tol¬"
                    HPOS="630"
                    VPOS="1160"
                    WIDTH="1053"
                    HEIGHT="77"
                    WC="0.986339103668294"></String>
          </TextLine>

          
          
          <TextLine ID="eSc_line_5999a69a"
                    TAGREFS="LT4318"
                    BASELINE="630 1271 1683 1267" 
                    HPOS="629"
                    VPOS="1221"
                    WIDTH="1054"
                    HEIGHT="75">
            <Shape><Polygon POINTS="630 1271 630 1289 643 1296 645 1296 646 1296 718 1287 719 1287 722 1287 792 1296 794 1296 899 1287 989 1295 990 1295 991 1295 1011 1286 1012 1286 1018 1286 1090 1295 1091 1295 1158 1286 1161 1286 1171 1286 1470 1293 1472 1293 1473 1293 1475 1293 1485 1284 1487 1284 1522 1292 1524 1292 1525 1292 1527 1292 1536 1284 1537 1284 1586 1293 1588 1293 1682 1283 1683 1267 1680 1232 1597 1232 1595 1231 1583 1221 1582 1221 1580 1221 1579 1221 1528 1229 1414 1221 1412 1221 1351 1229 1328 1234 1282 1234 1274 1229 1264 1222 1262 1222 1261 1222 1259 1222 1258 1222 1235 1228 1226 1231 1222 1228 1212 1222 1210 1222 1209 1222 1127 1222 1125 1222 1124 1222 1103 1228 1084 1232 936 1226 856 1223 855 1223 853 1223 847 1226 826 1234 629 1225 630 1271"/></Shape>
	    <String CONTENT="lunt, vt peſtiferam ἀναρχίαν inducant. Quàm ſit au¬"
                    HPOS="629"
                    VPOS="1221"
                    WIDTH="1054"
                    HEIGHT="75"></String>
          </TextLine>

          
          
          <TextLine ID="eSc_line_0bc369dc"
                    TAGREFS="LT4318"
                    BASELINE="630 1332 1685 1329" 
                    HPOS="629"
                    VPOS="1280"
                    WIDTH="1056"
                    HEIGHT="73">
            <Shape><Polygon POINTS="630 1332 630 1345 1070 1353 1072 1353 1105 1345 1107 1345 1110 1345 1155 1353 1157 1353 1235 1345 1255 1344 1268 1345 1311 1351 1313 1351 1314 1351 1331 1345 1335 1344 1438 1344 1441 1345 1448 1351 1450 1351 1451 1351 1453 1351 1683 1344 1685 1329 1679 1280 1635 1292 1533 1292 1511 1281 1506 1280 1505 1280 1476 1280 1475 1280 1473 1280 1472 1280 1472 1281 1470 1281 1460 1290 1329 1290 1320 1284 1316 1280 1314 1280 1313 1280 1311 1280 1284 1284 1265 1287 1256 1284 1243 1280 1241 1280 1240 1280 1238 1280 1237 1280 1229 1284 1222 1289 1197 1286 1157 1280 1155 1280 1154 1280 1152 1280 1143 1286 1134 1292 1125 1286 1121 1284 1119 1284 1118 1284 1105 1286 1079 1292 1072 1287 1063 1281 1061 1281 1060 1281 1058 1281 999 1283 997 1283 996 1283 989 1287 981 1292 957 1289 910 1281 908 1281 844 1290 825 1292 809 1290 739 1281 737 1281 736 1281 734 1281 722 1292 721 1293 629 1293 630 1332"/></Shape>
	    <String CONTENT="tem illius vſus vtilis &amp; Eccleſiæ neceſſarius vel"
                    HPOS="629"
                    VPOS="1280"
                    WIDTH="1056"
                    HEIGHT="73"
                    WC="0.989868423160242"></String>
          </TextLine>

          
          
          <TextLine ID="eSc_line_0a7243a9"
                    TAGREFS="LT4318"
                    BASELINE="639 1389 1640 1386" 
                    HPOS="638"
                    VPOS="1338"
                    WIDTH="1002"
                    HEIGHT="70">
            <Shape><Polygon POINTS="639 1389 639 1408 1638 1403 1640 1386 1635 1341 1400 1345 1377 1342 1342 1338 1341 1338 1308 1342 1292 1345 1276 1344 1234 1338 1232 1338 1154 1344 1121 1347 1113 1345 1096 1339 1094 1339 1093 1339 1091 1339 1090 1339 1084 1345 1081 1348 975 1348 965 1347 916 1339 914 1339 913 1339 887 1347 886 1347 865 1339 864 1339 862 1339 757 1347 724 1339 722 1339 721 1339 638 1348 639 1389"/></Shape>
	    <String CONTENT="vna hæc Pauli ſententia perſpicuè demonſtrat."
                    HPOS="638"
                    VPOS="1338"
                    WIDTH="1002"
                    HEIGHT="70"
                    WC="0.977708010569863"></String>
          </TextLine>

          
          
          <TextLine ID="eSc_line_6b244c24"
                    TAGREFS="LT4318"
                    BASELINE="691 1447 1683 1447" 
                    HPOS="691"
                    VPOS="1402"
                    WIDTH="992"
                    HEIGHT="70">
            <Shape><Polygon POINTS="691 1447 691 1460 721 1472 722 1472 724 1472 725 1472 746 1461 797 1472 798 1472 984 1464 1106 1472 1107 1472 1109 1472 1110 1472 1110 1470 1122 1461 1197 1472 1198 1472 1270 1461 1273 1461 1293 1472 1295 1472 1296 1472 1298 1472 1332 1461 1335 1461 1340 1461 1424 1472 1426 1472 1503 1461 1511 1461 1521 1461 1634 1472 1635 1472 1683 1461 1683 1447 1683 1405 691 1402 691 1447"/></Shape>
	    <String CONTENT="Sed quæſitum eſt, Num pro ijs tantùm Magi¬"
                    HPOS="691"
                    VPOS="1402"
                    WIDTH="992"
                    HEIGHT="70"
                    WC="0.982657372951508"></String>
          </TextLine>

          
          
          <TextLine ID="eSc_line_d41808a1"
                    TAGREFS="LT4318"
                    BASELINE="630 1506 1685 1503" 
                    HPOS="629"
                    VPOS="1457"
                    WIDTH="1056"
                    HEIGHT="73">
            <Shape><Polygon POINTS="630 1506 630 1521 1012 1530 1014 1530 1045 1524 1060 1522 1128 1525 1204 1528 1206 1528 1207 1528 1209 1528 1212 1525 1222 1519 1243 1525 1252 1528 1253 1528 1255 1528 1256 1528 1264 1527 1283 1519 1322 1527 1335 1528 1337 1528 1338 1528 1342 1527 1357 1519 1439 1519 1453 1527 1454 1527 1456 1527 1457 1527 1458 1527 1485 1519 1682 1528 1685 1503 1682 1472 1542 1472 1540 1469 1525 1457 1524 1457 1522 1457 1467 1457 1466 1457 1464 1457 1463 1457 1450 1469 1448 1470 1445 1469 1420 1457 1418 1457 1384 1457 1383 1457 1325 1467 1304 1470 1286 1467 1246 1457 1244 1457 1243 1457 1241 1457 1231 1466 1224 1472 1154 1473 1112 1473 1097 1464 1088 1458 1087 1458 1085 1458 1055 1458 1054 1458 1052 1458 1051 1458 1045 1464 1035 1472 914 1463 858 1458 856 1458 855 1458 847 1461 826 1472 774 1461 761 1458 759 1458 629 1458 630 1506"/></Shape>
	    <String CONTENT="ſtratibus ſit precandum, qui ſuo rectè defungun¬"
                    HPOS="629"
                    VPOS="1457"
                    WIDTH="1056"
                    HEIGHT="73"
                    WC="0.990553302424295"></String>
          </TextLine>

          
          
          <TextLine ID="eSc_line_a835a641"
                    TAGREFS="LT4318"
                    BASELINE="630 1564 1683 1564" 
                    HPOS="630"
                    VPOS="1518"
                    WIDTH="1053"
                    HEIGHT="70">
            <Shape><Polygon POINTS="630 1564 630 1579 771 1588 773 1588 855 1580 874 1588 875 1588 877 1588 947 1580 975 1588 977 1588 978 1588 1064 1580 1131 1588 1133 1588 1179 1580 1216 1588 1218 1588 1299 1580 1627 1588 1628 1588 1683 1579 1683 1564 1683 1528 1644 1519 1643 1519 1601 1528 1591 1530 1588 1528 1573 1518 1572 1518 1570 1518 1524 1518 1522 1518 1521 1518 1493 1528 1487 1531 1438 1531 1433 1528 1414 1518 1412 1518 1411 1518 1409 1518 1408 1518 1395 1528 1392 1531 1323 1531 1316 1528 1270 1518 1268 1518 1267 1518 1238 1528 1235 1530 1232 1528 1209 1522 1207 1522 1206 1522 1164 1530 1158 1530 1157 1530 1139 1519 1137 1519 1136 1519 1017 1525 953 1518 951 1518 950 1518 948 1518 936 1527 822 1530 815 1530 813 1530 795 1518 794 1518 792 1518 751 1518 749 1518 748 1518 718 1530 682 1518 681 1518 679 1518 678 1518 630 1530 630 1564"/></Shape>
	    <String CONTENT="tur officio, &amp; à quibus pax, pietas, honeſtáſque"
                    HPOS="630"
                    VPOS="1518"
                    WIDTH="1053"
                    HEIGHT="70"
                    WC="0.988042336702347"></String>
          </TextLine>

          
          
          <TextLine ID="eSc_line_b2639d74"
                    TAGREFS="LT4318"
                    BASELINE="630 1624 1682 1621" 
                    HPOS="629"
                    VPOS="1574"
                    WIDTH="1053"
                    HEIGHT="64">
            <Shape><Polygon POINTS="630 1624 630 1638 1680 1637 1682 1621 1679 1588 1638 1588 1627 1577 1625 1577 1624 1577 1622 1577 1621 1577 1619 1577 1607 1586 1576 1574 1574 1574 1573 1574 1572 1574 1531 1586 1506 1574 1505 1574 1503 1574 1390 1586 1375 1574 1374 1574 1372 1574 1371 1574 1369 1574 1328 1585 1316 1574 1314 1574 1313 1574 1284 1574 1283 1574 1282 1574 1253 1588 1215 1588 1197 1574 1195 1574 1194 1574 1192 1574 1191 1574 1152 1589 1127 1589 1112 1576 1110 1576 1109 1576 1107 1576 1106 1576 1064 1589 858 1589 832 1576 831 1576 654 1576 652 1576 651 1576 649 1576 629 1588 630 1624"/></Shape>
	    <String CONTENT="conſtituitur aut conſeruatur. Reſp. Ipſum Ma¬"
                    HPOS="629"
                    VPOS="1574"
                    WIDTH="1053"
                    HEIGHT="64"
                    WC="0.988103209601508"></String>
          </TextLine>

          
          
          <TextLine ID="eSc_line_e0d7fbeb"
                    TAGREFS="LT4318"
                    BASELINE="630 1683 1683 1679" 
                    HPOS="629"
                    VPOS="1631"
                    WIDTH="1054"
                    HEIGHT="77">
            <Shape><Polygon POINTS="630 1683 630 1708 681 1698 877 1698 922 1707 928 1707 929 1707 935 1707 987 1696 1006 1705 1008 1705 1009 1705 1012 1705 1084 1696 1176 1696 1189 1704 1191 1704 1192 1704 1194 1704 1197 1704 1252 1698 1262 1704 1267 1705 1268 1705 1270 1705 1286 1704 1335 1696 1359 1702 1363 1704 1365 1704 1366 1704 1377 1702 1415 1696 1457 1702 1475 1704 1476 1704 1682 1699 1683 1679 1679 1635 1631 1644 1612 1635 1601 1631 1600 1631 1598 1631 1597 1631 1595 1631 1589 1635 1576 1646 1494 1646 1484 1637 1478 1632 1476 1632 1475 1632 1473 1632 1472 1632 1461 1637 1458 1640 1456 1637 1448 1631 1447 1631 1445 1631 1386 1631 1384 1631 1383 1631 1381 1631 1372 1638 1363 1646 1247 1646 1229 1640 1204 1632 1203 1632 1073 1632 1072 1632 1006 1643 977 1649 887 1649 878 1644 847 1634 846 1634 844 1634 843 1634 841 1634 828 1646 823 1649 734 1649 731 1646 706 1634 704 1634 646 1634 645 1634 643 1634 642 1634 629 1643 630 1683"/></Shape>
	    <String CONTENT="giſtratus finem, qualis à Deo præſcribitur, ſpe¬"
                    HPOS="629"
                    VPOS="1631"
                    WIDTH="1054"
                    HEIGHT="77"
                    WC="0.978516184553808"></String>
          </TextLine>

          
          
          <TextLine ID="eSc_line_e6376444"
                    TAGREFS="LT4318"
                    BASELINE="630 1741 1685 1741" 
                    HPOS="630"
                    VPOS="1698"
                    WIDTH="1055"
                    HEIGHT="67">
            <Shape><Polygon POINTS="630 1741 630 1754 690 1763 691 1763 817 1756 835 1763 837 1763 838 1763 892 1756 1018 1763 1020 1765 1121 1765 1121 1763 1122 1763 1124 1763 1136 1756 1221 1763 1222 1763 1490 1756 1534 1763 1536 1763 1588 1756 1646 1763 1647 1763 1685 1754 1685 1741 1685 1710 1375 1710 1301 1698 1299 1698 1249 1708 1128 1698 1127 1698 1125 1698 1105 1708 945 1701 944 1701 822 1708 742 1698 740 1698 693 1708 657 1698 655 1698 654 1698 652 1698 630 1708 630 1741"/></Shape>
	    <String CONTENT="ctandum, non autem vitia perſonarum quæ eos"
                    HPOS="630"
                    VPOS="1698"
                    WIDTH="1055"
                    HEIGHT="67"
                    WC="0.98738822410273"></String>
          </TextLine>

          
          
          <TextLine ID="eSc_line_492a1239"
                    TAGREFS="LT4318"
                    BASELINE="632 1798 1682 1798" 
                    HPOS="632"
                    VPOS="1762"
                    WIDTH="1050"
                    HEIGHT="56">
            <Shape><Polygon POINTS="632 1798 632 1818 1682 1811 1682 1798 1680 1762 632 1762 632 1798"/></Shape>
	    <String CONTENT="gerunt. Hic enim in vniuerſum harum vocatio¬"
                    HPOS="632"
                    VPOS="1762"
                    WIDTH="1050"
                    HEIGHT="56"
                    WC="0.997479808601466"></String>
          </TextLine>

          
          
          <TextLine ID="eSc_line_883f1cd1"
                    TAGREFS="LT4318"
                    BASELINE="626 1854 1686 1857" 
                    HPOS="624"
                    VPOS="1809"
                    WIDTH="1062"
                    HEIGHT="72">
            <Shape><Polygon POINTS="626 1854 624 1869 728 1879 730 1879 731 1879 759 1872 1064 1879 1066 1879 1067 1879 1103 1870 1105 1870 1118 1879 1119 1879 1121 1879 1186 1881 1188 1881 1244 1872 1268 1879 1270 1879 1271 1879 1353 1872 1435 1881 1436 1881 1438 1881 1470 1872 1508 1881 1509 1881 1511 1881 1512 1881 1514 1881 1527 1872 1630 1881 1631 1881 1685 1870 1686 1857 1686 1812 1656 1811 1655 1811 1653 1811 1650 1812 1628 1823 1415 1815 1414 1815 1412 1815 1386 1823 1368 1812 1363 1811 1362 1811 1360 1811 1359 1811 1351 1812 1322 1823 1295 1814 1287 1811 1286 1811 1215 1811 1213 1811 1212 1811 1206 1814 1188 1823 932 1823 923 1815 917 1809 916 1809 914 1809 913 1809 865 1815 849 1817 835 1815 801 1809 800 1809 798 1809 785 1815 779 1818 767 1815 742 1809 740 1809 739 1809 737 1809 736 1809 727 1815 716 1821 626 1817 626 1854"/></Shape>
	    <String CONTENT="num finis eſt, quem proponit Paulus, propter quẽ"
                    HPOS="624"
                    VPOS="1809"
                    WIDTH="1062"
                    HEIGHT="72"
                    WC="0.988537273844894"></String>
          </TextLine>

          
          
          <TextLine ID="eSc_line_fe41630a"
                    TAGREFS="LT4318"
                    BASELINE="627 1912 1683 1915" 
                    HPOS="626"
                    VPOS="1867"
                    WIDTH="1057"
                    HEIGHT="70">
            <Shape><Polygon POINTS="627 1912 626 1927 682 1936 684 1936 1100 1928 1113 1928 1115 1928 1158 1937 1160 1937 1200 1930 1341 1937 1342 1937 1644 1930 1662 1937 1664 1937 1665 1937 1667 1937 1682 1928 1683 1915 1683 1881 1659 1869 1658 1869 1656 1869 1655 1869 1615 1879 1598 1869 1597 1869 1595 1869 1555 1869 1554 1869 1552 1869 1551 1869 1537 1881 1499 1881 1430 1881 1430 1879 1415 1869 1414 1869 1412 1869 1411 1869 1351 1876 1341 1869 1340 1869 1338 1869 1255 1869 1253 1869 1252 1869 1228 1879 1226 1879 1224 1879 1171 1869 1170 1869 1168 1869 1167 1869 1167 1870 1157 1879 1145 1870 1143 1870 1142 1870 1140 1870 1102 1878 1087 1867 1085 1867 1084 1867 1082 1867 1081 1867 1054 1878 1018 1867 1017 1867 1015 1867 1014 1867 993 1878 963 1867 962 1867 960 1867 908 1878 905 1879 758 1879 754 1878 712 1867 710 1867 709 1867 681 1878 678 1878 627 1878 627 1912"/></Shape>
	    <String CONTENT="nobis commẽdati eſſe debent Magiſtratus, id eſt,"
                    HPOS="626"
                    VPOS="1867"
                    WIDTH="1057"
                    HEIGHT="70"
                    WC="0.991735879255801"></String>
          </TextLine>

          
          
          <TextLine ID="eSc_line_ea5277bb"
                    TAGREFS="LT4318"
                    BASELINE="626 1973 1683 1970" 
                    HPOS="624"
                    VPOS="1927"
                    WIDTH="1059"
                    HEIGHT="70">
            <Shape><Polygon POINTS="626 1973 626 1988 658 1995 660 1995 742 1989 759 1988 762 1989 777 1997 779 1997 780 1997 782 1997 804 1989 809 1988 817 1989 861 1997 862 1997 941 1989 962 1988 972 1989 1000 1995 1002 1995 1048 1989 1067 1988 1154 1988 1160 1989 1170 1995 1171 1995 1173 1995 1174 1995 1195 1991 1204 1988 1212 1991 1226 1995 1228 1995 1229 1995 1267 1991 1287 1988 1311 1991 1351 1995 1353 1995 1438 1991 1521 1986 1528 1991 1533 1995 1534 1995 1536 1995 1537 1995 1682 1991 1683 1970 1682 1939 1658 1927 1656 1927 1549 1927 1548 1927 1546 1927 1545 1927 1528 1939 1527 1940 1454 1940 1322 1940 1307 1930 1305 1930 1304 1930 1302 1930 1301 1930 1279 1940 1151 1940 1119 1928 1118 1928 1116 1928 1115 1928 1075 1940 1075 1942 1060 1942 1012 1942 984 1928 983 1928 917 1928 916 1928 914 1928 892 1940 819 1940 804 1931 803 1931 801 1931 800 1931 798 1931 785 1937 765 1928 764 1928 687 1928 685 1928 624 1942 626 1973"/></Shape>
	    <String CONTENT="qui munus publicum gerunt, quanquam malè of¬"
                    HPOS="624"
                    VPOS="1927"
                    WIDTH="1059"
                    HEIGHT="70"
                    WC="0.995759708351559"></String>
          </TextLine>

          
          
          <TextLine ID="eSc_line_59342518"
                    TAGREFS="LT4318"
                    BASELINE="626 2031 1680 2036" 
                    HPOS="624"
                    VPOS="1985"
                    WIDTH="1056"
                    HEIGHT="74">
            <Shape><Polygon POINTS="626 2031 624 2046 661 2056 663 2056 664 2056 724 2047 727 2047 728 2047 758 2056 759 2056 761 2058 944 2058 944 2056 945 2056 968 2049 975 2047 1049 2047 1052 2050 1063 2058 1064 2058 1066 2058 1067 2059 1192 2059 1192 2058 1194 2058 1195 2058 1203 2052 1207 2049 1293 2049 1307 2052 1329 2059 1331 2059 1332 2059 1334 2059 1356 2053 1366 2050 1677 2055 1680 2036 1680 2001 1656 1988 1655 1988 1653 1988 1610 1997 1588 1989 1586 1989 1585 1989 1583 1989 1567 1998 1558 1989 1557 1989 1555 1989 1554 1989 1552 1989 1536 1995 1488 1988 1487 1988 1485 1988 1445 2000 1441 2000 1310 2000 1305 1998 1253 1986 1252 1986 1250 1986 1249 1986 1234 1997 1232 1998 1224 1997 1188 1991 1186 1991 1185 1991 1183 1991 1174 1997 1173 1998 1170 1997 1155 1986 1154 1986 1152 1986 1151 1986 1149 1986 1125 1997 1119 2000 983 2000 966 1995 929 1985 928 1985 926 1985 925 1985 905 1994 899 1997 889 1994 856 1985 855 1985 853 1985 813 1994 797 1997 789 1994 773 1985 771 1985 770 1985 768 1985 748 1992 736 1997 722 1992 700 1985 699 1985 697 1985 626 1991 626 2031"/></Shape>
	    <String CONTENT="ficio ſuo fangantur. Sed pro bonis orandum eſt,"
                    HPOS="624"
                    VPOS="1985"
                    WIDTH="1056"
                    HEIGHT="74"
                    WC="0.989893924682698"></String>
          </TextLine>

          
          
          <TextLine ID="eSc_line_272fafbc"
                    TAGREFS="LT4318"
                    BASELINE="626 2089 1682 2092" 
                    HPOS="624"
                    VPOS="2047"
                    WIDTH="1058"
                    HEIGHT="67">
            <Shape><Polygon POINTS="626 2089 624 2104 635 2111 636 2111 638 2111 639 2111 691 2105 722 2113 724 2113 725 2113 886 2105 941 2113 942 2113 1130 2105 1131 2105 1152 2114 1154 2114 1155 2114 1680 2107 1682 2092 1680 2059 1616 2049 1615 2049 1508 2058 1500 2059 1429 2059 1427 2058 1409 2049 1408 2049 1406 2049 1405 2049 1372 2058 1368 2058 1353 2058 1244 2049 1243 2049 1203 2056 1194 2058 974 2058 971 2056 948 2047 947 2047 945 2047 944 2047 914 2055 908 2056 902 2055 864 2047 862 2047 626 2053 626 2089"/></Shape>
	    <String CONTENT="vt eos nobis Dominus conſeruet. Pro malis au¬"
                    HPOS="624"
                    VPOS="2047"
                    WIDTH="1058"
                    HEIGHT="67"
                    WC="0.983341766728295"></String>
          </TextLine>

          
          
          <TextLine ID="eSc_line_e91f7bd2"
                    TAGREFS="LT4318"
                    BASELINE="626 2152 1682 2152" 
                    HPOS="626"
                    VPOS="2107"
                    WIDTH="1056"
                    HEIGHT="80">
            <Shape><Polygon POINTS="626 2152 626 2174 658 2186 660 2186 661 2187 697 2187 697 2186 699 2186 700 2186 715 2175 748 2186 749 2186 751 2186 809 2177 899 2186 901 2186 902 2186 925 2175 965 2186 966 2186 968 2186 1151 2175 1160 2175 1165 2175 1259 2186 1261 2186 1337 2175 1340 2175 1341 2175 1348 2183 1350 2183 1351 2183 1353 2183 1424 2177 1454 2186 1456 2186 1457 2187 1496 2187 1496 2186 1497 2186 1499 2186 1512 2175 1515 2175 1680 2175 1682 2152 1680 2107 1534 2114 1524 2107 1522 2107 1521 2107 1519 2107 1516 2107 1412 2116 1325 2116 1314 2107 1313 2107 1311 2107 1310 2107 1307 2107 1255 2114 1212 2107 1209 2107 1109 2107 1107 2107 1106 2107 1105 2107 1094 2114 626 2108 626 2152"/></Shape>
	    <String CONTENT="tem vt eos conuer tat &amp; ad officium faciundum"
                    HPOS="626"
                    VPOS="2107"
                    WIDTH="1056"
                    HEIGHT="80"
                    WC="0.976183660825094"></String>
          </TextLine>

          
        </TextBlock>
        
        <TextBlock HPOS="1504.8248291015625"
                   VPOS="2185.09130859375"
                   WIDTH="174.281005859375"
                   HEIGHT="42.9609375"
                   ID="block_2"
                   TAGREFS="BT10978">
          <Shape><Polygon POINTS="1504.82 2185.09 1679.11 2185.09 1679.11 2228.05 1504.82 2228.05 1504.82 2185.09"/></Shape>
          
          
          <TextLine ID="eSc_line_6bab1ac5"
                    TAGREFS="LT4318"
                    BASELINE="1503 2210 1679 2212" 
                    HPOS="1502"
                    VPOS="2168"
                    WIDTH="177"
                    HEIGHT="70">
            <Shape><Polygon POINTS="1503 2210 1502 2229 1676 2238 1679 2212 1677 2168 1503 2172 1503 2210"/></Shape>
	    <String CONTENT="excitet"
                    HPOS="1502"
                    VPOS="2168"
                    WIDTH="177"
                    HEIGHT="70"
                    WC="0.978561954838889"></String>
          </TextLine>

          
        </TextBlock>
        

        
      </PrintSpace>
    </Page>
  </Layout>
</alto>
