<?xml version="1.0" encoding="UTF-8"?>
<alto xmlns:xsi="http://www.w3.org/2001/XMLSchema-instance"
      xmlns="http://www.loc.gov/standards/alto/ns-v4#"
      xsi:schemaLocation="http://www.loc.gov/standards/alto/ns-v4# http://www.loc.gov/standards/alto/v4/alto-4-2.xsd">
  <Description>
    <MeasurementUnit>pixel</MeasurementUnit>
    <sourceImageInformation>
      <fileName>2012990.png</fileName>
      
    </sourceImageInformation>
  </Description>
  
  <Tags>
    <OtherTag ID="BT10983" LABEL="GraphicZone" DESCRIPTION="block type GraphicZone"/><OtherTag ID="BT10982" LABEL="DropCapitalZone" DESCRIPTION="block type DropCapitalZone"/><OtherTag ID="BT10981" LABEL="RunningTitleZone" DESCRIPTION="block type RunningTitleZone"/><OtherTag ID="BT10980" LABEL="NumberingZone" DESCRIPTION="block type NumberingZone"/><OtherTag ID="BT10979" LABEL="TitlePageZone" DESCRIPTION="block type TitlePageZone"/><OtherTag ID="BT10978" LABEL="QuireMarksZone" DESCRIPTION="block type QuireMarksZone"/><OtherTag ID="BT10977" LABEL="MainZone" DESCRIPTION="block type MainZone"/><OtherTag ID="BT10976" LABEL="MarginTextZone" DESCRIPTION="block type MarginTextZone"/>
    <OtherTag ID="LT4321" LABEL="default" DESCRIPTION="line type default"/><OtherTag ID="LT4319" LABEL="HeadingLine" DESCRIPTION="line type HeadingLine"/><OtherTag ID="LT4318" LABEL="DefaultLine" DESCRIPTION="line type DefaultLine"/><OtherTag ID="LT4320" LABEL="CustomLine : BiblicalText" DESCRIPTION="line type CustomLine : BiblicalText"/>
  </Tags>
  
  <Layout>
    <Page WIDTH="1807"
          HEIGHT="2677"
          PHYSICAL_IMG_NR="37"
          ID="eSc_dummypage_">
      <PrintSpace HPOS="0"
                  VPOS="0"
                  WIDTH="1807"
                  HEIGHT="2677">
        
        <TextBlock HPOS="662.3275756835938"
                   VPOS="171.40200805664062"
                   WIDTH="85.27215576171875"
                   HEIGHT="59.93791198730469"
                   ID="block_0"
                   TAGREFS="BT10980">
          <Shape><Polygon POINTS="662.328 171.402 747.6 171.402 747.6 231.34 662.328 231.34 662.328 171.402"/></Shape>
          
          
          <TextLine ID="eSc_line_b5f0f697"
                    TAGREFS="LT4318"
                    BASELINE="670 220 751 215" 
                    HPOS="666"
                    VPOS="163"
                    WIDTH="85"
                    HEIGHT="76">
            <Shape><Polygon POINTS="710 163 696 165 681 165 676 165 666 169 670 220 670 239 713 239 713 237 715 237 751 223 751 215 746 166 724 163 710 163"/></Shape>
	    <String CONTENT="78"
                    HPOS="666"
                    VPOS="163"
                    WIDTH="85"
                    HEIGHT="76"
                    WC="0.999784618616104"></String>
          </TextLine>

          
        </TextBlock>
        
        <TextBlock HPOS="844.606201171875"
                   VPOS="153.6975860595703"
                   WIDTH="710.23583984375"
                   HEIGHT="69.42388916015625"
                   ID="block_2"
                   TAGREFS="BT10981">
          <Shape><Polygon POINTS="844.606 153.698 1554.84 153.698 1554.84 223.121 844.606 223.121 844.606 153.698"/></Shape>
          
          
          <TextLine ID="eSc_line_392a5f3c"
                    TAGREFS="LT4319"
                    BASELINE="846 214 1551 202" 
                    HPOS="844"
                    VPOS="148"
                    WIDTH="707"
                    HEIGHT="85">
            <Shape><Polygon POINTS="1528 159 1514 157 1499 156 1484 154 1469 154 1457 153 1457 154 1454 153 1439 151 1424 150 1409 150 1395 148 1371 163 1351 148 1350 148 1335 148 1320 150 1305 150 1290 150 1286 150 1276 160 1228 151 1216 151 1201 151 1192 151 1180 162 1136 153 1127 154 1112 154 1097 154 1082 154 1017 171 947 171 939 163 939 162 938 162 936 162 935 162 933 162 914 171 896 159 889 159 874 160 867 160 844 171 846 214 846 223 873 232 874 232 875 233 933 233 933 232 935 232 957 221 960 221 1057 229 1058 229 1109 218 1122 227 1124 227 1125 227 1127 227 1128 227 1149 220 1194 227 1195 227 1197 227 1231 217 1363 224 1365 224 1366 224 1368 224 1381 214 1408 223 1409 223 1411 223 1448 215 1530 221 1531 221 1533 221 1534 221 1551 211 1551 202 1549 168 1543 160"/></Shape>
	    <String CONTENT="AD I. PAVL. AD TIM."
                    HPOS="844"
                    VPOS="148"
                    WIDTH="707"
                    HEIGHT="85"
                    WC="0.965409636497498"></String>
          </TextLine>

          
        </TextBlock>
        
        <TextBlock HPOS="650.0236206054688"
                   VPOS="235.04576110839844"
                   WIDTH="1075.8898315429688"
                   HEIGHT="1944.1407623291016"
                   ID="block_1"
                   TAGREFS="BT10977">
          <Shape><Polygon POINTS="650.024 235.046 1725.91 235.046 1725.91 2179.19 650.024 2179.19 650.024 235.046"/></Shape>
          
          
          <TextLine ID="eSc_line_3f800672"
                    TAGREFS="LT4318"
                    BASELINE="660 291 1707 270" 
                    HPOS="658"
                    VPOS="215"
                    WIDTH="1049"
                    HEIGHT="95">
            <Shape><Polygon POINTS="1650 223 1649 223 1607 230 1588 215 1586 215 1585 215 1583 215 1582 215 1552 232 1551 233 1536 233 1521 233 1502 220 1500 220 1499 220 1497 220 1436 227 1334 220 1332 220 1331 220 1292 236 1182 223 1180 223 1179 223 1146 234 1134 226 1133 226 1131 226 1130 226 1128 226 1127 226 1105 240 1102 242 1030 242 1024 240 969 227 968 227 966 227 965 227 963 227 945 242 944 243 932 243 807 230 806 230 724 243 694 234 693 234 691 234 690 234 658 245 660 291 660 301 731 310 733 310 809 300 810 300 812 300 855 307 856 307 899 298 901 298 902 298 957 304 959 304 1014 297 1030 304 1032 304 1033 304 1035 304 1054 295 1057 295 1105 303 1106 303 1107 303 1128 294 1130 294 1146 301 1148 301 1149 301 1191 292 1197 292 1203 292 1250 300 1252 300 1253 300 1274 291 1277 291 1283 291 1331 298 1332 298 1402 297 1403 297 1405 297 1417 290 1418 288 1430 290 1481 295 1482 295 1707 284 1707 270 1704 236 1699 229"/></Shape>
	    <String CONTENT="do:ſed de marito rege, eóque infideli demulcen"
                    HPOS="658"
                    VPOS="215"
                    WIDTH="1049"
                    HEIGHT="95"></String>
          </TextLine>

          
          
          <TextLine ID="eSc_line_4747aa75"
                    TAGREFS="LT4318"
                    BASELINE="661 349 1708 333" 
                    HPOS="660"
                    VPOS="282"
                    WIDTH="1048"
                    HEIGHT="82">
            <Shape><Polygon POINTS="661 349 661 364 1708 350 1708 333 1705 295 1658 294 1641 282 1640 282 1638 282 1637 282 1585 294 1524 284 1522 284 1521 284 1519 284 1509 292 1441 285 1439 285 1438 285 1392 298 1247 290 1246 290 1244 290 1243 290 1228 301 1216 291 1215 291 1213 291 1152 290 1151 290 1116 291 1115 291 1113 291 1096 303 968 292 966 292 965 292 963 292 944 306 942 307 901 307 901 306 874 294 873 294 871 294 870 294 868 294 847 307 844 307 774 297 773 297 706 309 691 297 690 297 688 297 687 297 685 297 660 307 661 349"/></Shape>
	    <String CONTENT="do: item de caſtris infidelium ingrediendis. Nec"
                    HPOS="660"
                    VPOS="282"
                    WIDTH="1048"
                    HEIGHT="82"
                    WC="0.991254589209954"></String>
          </TextLine>

          
          
          <TextLine ID="eSc_line_0b8a9c09"
                    TAGREFS="LT4318"
                    BASELINE="660 406 1705 388" 
                    HPOS="658"
                    VPOS="340"
                    WIDTH="1047"
                    HEIGHT="85">
            <Shape><Polygon POINTS="660 406 660 420 817 425 819 425 820 425 840 417 846 416 852 417 873 423 874 423 875 423 972 414 984 414 986 414 1003 422 1005 422 1006 422 1085 413 1100 411 1110 411 1170 419 1171 419 1357 408 1427 414 1429 414 1430 414 1461 407 1511 413 1512 413 1514 413 1531 406 1594 411 1595 411 1705 400 1705 388 1702 350 1630 340 1628 340 1627 340 1601 352 1600 352 1598 352 1577 342 1576 342 1574 342 1527 352 1525 352 1503 345 1502 345 1500 345 1499 345 1497 345 1488 353 1487 353 1485 353 1444 343 1442 343 1368 355 1351 356 1338 355 1268 346 1267 346 1265 346 1232 356 1226 358 1215 356 1152 349 1151 349 1149 349 1130 358 1127 361 1067 361 1066 359 1047 350 1045 350 1044 350 1042 350 1041 350 1030 359 1027 362 983 362 977 361 954 352 953 352 951 352 950 352 914 361 902 364 877 362 812 355 810 355 809 355 782 362 779 364 776 364 758 356 757 356 755 356 754 356 752 356 743 364 739 367 719 364 681 358 679 358 678 358 658 364 660 406"/></Shape>
	    <String CONTENT="hoc ipſum exemplum ſatis eſt tutum imitari. Ob¬"
                    HPOS="658"
                    VPOS="340"
                    WIDTH="1047"
                    HEIGHT="85"
                    WC="0.97835256444647"></String>
          </TextLine>

          
          
          <TextLine ID="eSc_line_68f01a12"
                    TAGREFS="LT4318"
                    BASELINE="664 465 1711 449" 
                    HPOS="663"
                    VPOS="400"
                    WIDTH="1048"
                    HEIGHT="81">
            <Shape><Polygon POINTS="664 465 664 480 803 474 835 477 881 481 883 481 926 475 954 471 984 474 1038 478 1039 478 1041 478 1063 472 1072 469 1107 471 1232 477 1234 477 1363 465 1371 465 1372 465 1395 472 1396 472 1398 472 1399 472 1423 464 1426 464 1429 464 1482 472 1484 472 1600 471 1601 471 1603 471 1618 462 1692 469 1693 469 1695 469 1696 469 1711 459 1711 449 1710 410 1693 400 1692 400 1690 400 1655 400 1653 400 1579 411 1519 401 1518 401 1516 401 1481 413 1481 414 1450 414 1444 414 1430 403 1429 403 1427 403 1426 403 1380 413 1279 406 1277 406 1276 406 1274 406 1274 407 1264 414 1262 417 1232 417 1189 416 1057 408 1055 408 1054 408 1052 408 1041 417 1036 420 1020 417 986 410 953 410 951 410 950 410 948 410 938 417 931 422 904 417 864 411 862 411 822 419 792 423 663 420 664 465"/></Shape>
	    <String CONTENT="ſtare etiam videtur cap. 24.Geneſ.verſ.47. vbi"
                    HPOS="663"
                    VPOS="400"
                    WIDTH="1048"
                    HEIGHT="81"></String>
          </TextLine>

          
          
          <TextLine ID="eSc_line_eaa33c42"
                    TAGREFS="LT4318"
                    BASELINE="664 522 1708 507" 
                    HPOS="663"
                    VPOS="458"
                    WIDTH="1045"
                    HEIGHT="81">
            <Shape><Polygon POINTS="664 522 664 539 1708 522 1708 507 1707 466 1690 458 1689 458 1688 458 1686 458 1685 458 1643 469 1640 469 1638 469 1610 458 1609 458 1607 458 1606 458 1604 458 1589 468 1509 459 1508 459 1506 459 1460 471 1423 461 1421 461 1420 461 1348 474 1345 474 1342 474 1296 462 1295 462 1293 462 1103 477 1084 465 1082 465 1081 465 1079 465 965 469 963 469 962 469 945 480 911 468 910 468 908 468 907 468 870 481 870 483 844 483 815 483 803 472 803 471 801 471 800 471 768 469 767 469 765 469 764 469 764 471 749 484 663 484 664 522"/></Shape>
	    <String CONTENT="annuli &amp; ar millæ dantur Rebeccæ ſponſæ Iſaaci"
                    HPOS="663"
                    VPOS="458"
                    WIDTH="1045"
                    HEIGHT="81"
                    WC="0.989450890084972"></String>
          </TextLine>

          
          
          <TextLine ID="eSc_line_3c96b785"
                    TAGREFS="LT4318"
                    BASELINE="664 582 1707 565" 
                    HPOS="663"
                    VPOS="516"
                    WIDTH="1044"
                    HEIGHT="89">
            <Shape><Polygon POINTS="664 582 664 597 749 605 751 605 752 605 788 596 795 594 807 596 856 602 858 602 916 593 931 591 933 593 941 600 942 600 944 600 945 600 996 593 1006 600 1008 600 1009 600 1011 600 1106 590 1110 590 1113 590 1149 597 1151 597 1152 597 1180 588 1186 587 1201 588 1270 596 1271 596 1347 585 1360 584 1366 585 1398 593 1399 593 1400 593 1458 584 1467 582 1478 582 1537 588 1539 588 1540 588 1554 581 1555 581 1561 581 1618 590 1619 590 1705 578 1707 565 1704 526 1643 516 1641 516 1530 527 1488 519 1487 519 1485 519 1444 529 1424 522 1423 522 1421 522 1357 530 1356 530 1296 522 1295 522 1293 522 1265 532 1241 526 1240 526 1238 526 1093 535 1091 535 1090 535 1036 526 1035 526 923 538 922 538 919 538 837 529 835 529 834 529 803 538 752 530 751 530 749 530 712 541 679 532 678 532 676 532 675 532 673 532 663 538 664 582"/></Shape>
	    <String CONTENT="Reſp. Non ad laſciuum ornatum, ſed vt eſſet pi¬"
                    HPOS="663"
                    VPOS="516"
                    WIDTH="1044"
                    HEIGHT="89"
                    WC="0.991481255977712"></String>
          </TextLine>

          
          
          <TextLine ID="eSc_line_57c0aa09"
                    TAGREFS="LT4318"
                    BASELINE="669 639 1713 626" 
                    HPOS="667"
                    VPOS="577"
                    WIDTH="1046"
                    HEIGHT="87">
            <Shape><Polygon POINTS="669 639 669 664 783 654 832 663 840 663 841 663 849 661 886 655 950 660 972 661 974 661 975 661 977 661 978 660 989 654 1066 658 1102 660 1103 660 1287 657 1289 657 1298 654 1317 648 1342 654 1360 657 1362 657 1363 657 1375 652 1395 645 1536 645 1563 649 1586 654 1588 654 1589 654 1591 654 1597 649 1604 643 1631 648 1653 652 1655 652 1656 652 1665 648 1676 643 1710 646 1713 626 1710 581 1668 577 1667 577 1665 577 1664 577 1656 581 1644 590 1566 590 1551 584 1537 578 1536 578 1534 578 1408 580 1406 580 1377 587 1354 593 1323 588 1268 581 1267 581 1265 581 1264 581 1249 590 1244 593 1232 590 1209 585 1207 585 1206 585 1191 591 1182 594 1174 591 1146 582 1145 582 1143 582 1142 582 1119 593 1116 594 1115 593 1109 587 1107 587 1106 587 1105 587 1048 594 1045 594 1044 594 1002 585 1000 585 999 585 972 596 941 590 939 590 905 597 898 599 887 597 795 587 794 587 792 587 791 587 774 600 773 600 771 600 703 591 701 591 700 591 667 602 669 639"/></Shape>
	    <String CONTENT="gnus futuri coniugij, iſta Rebeccæ fuiſſe &amp; miſſa"
                    HPOS="667"
                    VPOS="577"
                    WIDTH="1046"
                    HEIGHT="87"
                    WC="0.97074595032906"></String>
          </TextLine>

          
          
          <TextLine ID="eSc_line_055f4f26"
                    TAGREFS="LT4318"
                    BASELINE="667 696 1204 690" 
                    HPOS="666"
                    VPOS="646"
                    WIDTH="538"
                    HEIGHT="72">
            <Shape><Polygon POINTS="667 696 667 718 1070 707 1088 707 1167 713 1168 713 1204 704 1204 690 1201 655 1115 646 1113 646 1066 655 996 648 994 648 883 657 865 648 864 648 862 648 861 648 829 655 801 648 800 648 798 648 754 649 752 649 751 649 740 658 701 649 700 649 699 649 666 660 667 696"/></Shape>
	    <String CONTENT="ab Abrahamo &amp; donata."
                    HPOS="666"
                    VPOS="646"
                    WIDTH="538"
                    HEIGHT="72"
                    WC="0.987539521285466"></String>
          </TextLine>

          
          
          <TextLine ID="eSc_line_d0709ff6"
                    TAGREFS="LT4318"
                    BASELINE="719 755 1710 742" 
                    HPOS="718"
                    VPOS="691"
                    WIDTH="992"
                    HEIGHT="80">
            <Shape><Polygon POINTS="719 755 719 771 1378 770 1710 756 1710 742 1707 697 1512 691 1511 691 1509 691 1508 691 1497 700 1497 701 1457 701 1454 701 1421 693 1420 693 1418 693 1417 693 1390 703 1386 704 1383 703 1366 694 1365 694 1363 694 1221 696 1219 696 1197 706 1151 698 1149 698 1148 698 1125 707 1121 709 1084 709 905 704 904 704 902 704 887 712 868 703 867 703 865 703 864 703 828 713 826 713 825 713 755 704 754 704 752 704 718 715 719 755"/></Shape>
	    <String CONTENT="Certum autem eſt, etſi de mulieribus Chriſtia¬"
                    HPOS="718"
                    VPOS="691"
                    WIDTH="992"
                    HEIGHT="80"
                    WC="0.99200887394988"></String>
          </TextLine>

          
          
          <TextLine ID="eSc_line_fec94f33"
                    TAGREFS="LT4318"
                    BASELINE="661 817 1710 801" 
                    HPOS="660"
                    VPOS="759"
                    WIDTH="1050"
                    HEIGHT="81">
            <Shape><Polygon POINTS="661 817 663 840 693 831 786 838 797 838 798 838 800 838 801 838 816 828 880 828 926 828 941 835 942 837 944 837 945 837 947 837 948 837 950 837 951 835 965 828 1023 834 1039 835 1041 835 1049 834 1088 825 1273 829 1325 831 1326 831 1512 828 1514 828 1519 826 1542 817 1708 822 1710 801 1705 759 660 773 661 817"/></Shape>
	    <String CONTENT="nis agatur hoc loco: hæc tamen præcepta etiam"
                    HPOS="660"
                    VPOS="759"
                    WIDTH="1050"
                    HEIGHT="81"
                    WC="0.986126969920264"></String>
          </TextLine>

          
          
          <TextLine ID="eSc_line_67c3f37f"
                    TAGREFS="LT4318"
                    BASELINE="666 875 1711 858" 
                    HPOS="664"
                    VPOS="813"
                    WIDTH="1047"
                    HEIGHT="83">
            <Shape><Polygon POINTS="666 875 666 896 754 886 1048 887 1273 887 1274 887 1435 884 1436 884 1457 877 1514 883 1515 883 1516 883 1534 874 1537 872 1564 872 1698 878 1699 878 1701 878 1702 878 1711 871 1711 858 1705 813 1662 823 1592 816 1567 813 1566 813 1564 813 1563 813 1558 816 1545 826 1475 826 1460 819 1451 814 1450 814 1448 814 1415 820 1360 829 1325 822 1301 817 1299 817 1298 817 1296 817 1290 823 1287 825 1284 823 1280 819 1279 819 1277 819 1276 819 1099 820 1097 820 1096 820 1096 822 1088 828 1081 834 1021 829 926 823 925 823 923 823 902 832 893 838 794 838 786 835 765 828 764 828 762 828 761 828 759 828 759 829 751 837 748 840 664 840 666 875"/></Shape>
	    <String CONTENT="pertinere ad viros Chriſtianos, quibus eò tur¬"
                    HPOS="664"
                    VPOS="813"
                    WIDTH="1047"
                    HEIGHT="83"
                    WC="0.988999563328763"></String>
          </TextLine>

          
          
          <TextLine ID="eSc_line_9888dfd7"
                    TAGREFS="LT4318"
                    BASELINE="667 933 1711 916" 
                    HPOS="666"
                    VPOS="870"
                    WIDTH="1045"
                    HEIGHT="87">
            <Shape><Polygon POINTS="667 933 667 957 843 944 991 948 1042 950 1044 950 1073 947 1106 942 1121 945 1148 950 1149 950 1191 942 1206 941 1219 942 1270 948 1271 948 1273 948 1298 939 1305 938 1311 939 1337 947 1338 947 1340 947 1412 945 1414 945 1432 936 1442 944 1444 944 1445 944 1447 945 1536 945 1536 944 1601 932 1665 941 1667 941 1668 941 1711 928 1711 916 1708 880 1606 871 1604 871 1603 871 1574 880 1539 870 1537 870 1536 870 1458 871 1457 871 1456 871 1456 872 1445 883 1444 884 1381 884 1380 883 1365 872 1363 872 1362 872 1360 872 1359 872 1338 883 1337 884 1326 883 1284 878 1283 878 1247 884 1237 886 1234 884 1225 878 1224 878 1222 878 1221 878 1219 878 1195 884 1186 887 1179 886 1158 877 1157 877 1155 877 1082 886 1081 886 1020 878 1018 878 1017 878 1015 878 1015 880 1006 887 1005 889 994 887 944 880 942 880 941 880 939 880 929 889 923 892 886 889 820 883 819 883 817 883 797 890 785 893 765 890 733 884 731 884 730 884 709 890 693 895 666 892 667 933"/></Shape>
	    <String CONTENT="piùs eſt comi laſciuè, ſumptuoſè &amp; diſſolutè or¬"
                    HPOS="666"
                    VPOS="870"
                    WIDTH="1045"
                    HEIGHT="87"
                    WC="0.972562739482293"></String>
          </TextLine>

          
          
          <TextLine ID="eSc_line_279c738e"
                    TAGREFS="LT4318"
                    BASELINE="666 991 1714 978" 
                    HPOS="664"
                    VPOS="929"
                    WIDTH="1050"
                    HEIGHT="85">
            <Shape><Polygon POINTS="666 991 666 1005 779 1014 780 1014 899 1003 1005 1011 1006 1011 1008 1011 1039 1002 1171 1008 1173 1008 1213 1000 1243 1008 1244 1008 1246 1008 1247 1008 1273 1000 1478 1005 1479 1005 1561 996 1594 1003 1595 1003 1597 1003 1714 991 1714 978 1710 929 1668 938 1604 931 1597 931 1595 931 1582 931 1494 939 1454 933 1448 933 1447 933 1445 933 1444 933 1435 941 1222 939 1106 938 1105 938 1103 938 1088 941 1070 945 1048 942 1014 938 1012 938 1011 938 1009 938 1002 944 996 947 960 944 901 939 899 939 664 950 666 991"/></Shape>
	    <String CONTENT="nari quòd ſunt viri &amp; mares. Nam etiam Ethnici"
                    HPOS="664"
                    VPOS="929"
                    WIDTH="1050"
                    HEIGHT="85"
                    WC="0.979740216376934"></String>
          </TextLine>

          
          
          <TextLine ID="eSc_line_9a5a6904"
                    TAGREFS="LT4318"
                    BASELINE="667 1052 1118 1045" 
                    HPOS="666"
                    VPOS="997"
                    WIDTH="452"
                    HEIGHT="67">
            <Shape><Polygon POINTS="667 1052 667 1064 1118 1058 1118 1045 1113 1014 984 1014 980 1011 965 997 963 997 962 997 960 997 959 997 932 1011 929 1012 928 1011 916 1000 916 999 914 999 913 999 871 999 870 999 868 999 867 999 852 1009 841 1017 776 1009 721 1002 719 1002 666 1006 667 1052"/></Shape>
	    <String CONTENT="homines ſic docent."
                    HPOS="666"
                    VPOS="997"
                    WIDTH="452"
                    HEIGHT="67"
                    WC="0.97348249586005"></String>
          </TextLine>

          
          
          <TextLine ID="eSc_line_4e6def2c"
                    TAGREFS="LT4318"
                    BASELINE="722 1106 1714 1096" 
                    HPOS="721"
                    VPOS="1052"
                    WIDTH="993"
                    HEIGHT="76">
            <Shape><Polygon POINTS="722 1106 722 1118 843 1128 844 1128 896 1118 974 1127 975 1127 977 1127 978 1127 990 1119 1015 1125 1017 1125 1018 1125 1020 1125 1021 1125 1030 1116 1051 1125 1052 1125 1054 1125 1055 1125 1091 1116 1250 1122 1252 1122 1253 1122 1289 1113 1375 1122 1377 1122 1444 1112 1508 1121 1509 1121 1676 1119 1677 1119 1714 1107 1714 1096 1710 1052 721 1061 722 1106"/></Shape>
	    <String CONTENT="Sint procul à nobis iuuenes vt fœmina compti"
                    HPOS="721"
                    VPOS="1052"
                    WIDTH="993"
                    HEIGHT="76"
                    WC="0.991028841336568"></String>
          </TextLine>

          
          
          <TextLine ID="eSc_line_30242ca7"
                    TAGREFS="LT4318"
                    BASELINE="806 1164 1624 1155" 
                    HPOS="804"
                    VPOS="1107"
                    WIDTH="820"
                    HEIGHT="70">
            <Shape><Polygon POINTS="806 1164 806 1177 1622 1174 1624 1155 1621 1118 1424 1107 1423 1107 1347 1116 1329 1109 1328 1109 1326 1109 1325 1109 1323 1109 1310 1119 1308 1119 1307 1119 1226 1109 1225 1109 1224 1109 1179 1121 1174 1121 1170 1121 1115 1110 1113 1110 1112 1110 1093 1121 1088 1121 980 1112 978 1112 977 1112 944 1122 936 1125 895 1125 890 1122 877 1113 875 1113 874 1113 873 1113 804 1122 806 1164"/></Shape>
	    <String CONTENT="Fine coli modico forma virilis amat."
                    HPOS="804"
                    VPOS="1107"
                    WIDTH="820"
                    HEIGHT="70"
                    WC="0.957871203621229"></String>
          </TextLine>

          
          
          <TextLine ID="eSc_line_cbcdd357"
                    TAGREFS="LT4318"
                    BASELINE="666 1225 1714 1210" 
                    HPOS="664"
                    VPOS="1163"
                    WIDTH="1050"
                    HEIGHT="84">
            <Shape><Polygon POINTS="666 1225 666 1247 770 1246 771 1246 794 1237 868 1244 873 1244 874 1244 875 1244 896 1235 966 1243 972 1243 974 1243 975 1243 977 1243 1000 1234 1057 1241 1061 1241 1063 1241 1066 1241 1105 1232 1145 1240 1148 1240 1149 1240 1151 1240 1152 1240 1164 1232 1244 1238 1255 1238 1256 1238 1258 1238 1261 1238 1293 1229 1305 1237 1307 1237 1308 1237 1310 1237 1499 1235 1500 1235 1502 1235 1503 1234 1514 1226 1558 1232 1570 1234 1572 1234 1714 1229 1714 1210 1711 1170 1621 1163 1619 1163 1618 1163 1583 1171 1580 1171 1577 1171 1554 1163 1552 1163 1551 1163 1549 1163 1531 1171 1506 1164 1505 1164 1503 1164 1438 1171 1411 1164 1409 1164 1408 1164 1406 1164 1372 1174 1369 1176 1249 1176 1247 1176 1237 1167 1235 1167 1234 1167 1189 1167 1188 1167 1186 1167 1167 1177 1165 1177 1161 1177 1084 1168 1082 1168 1081 1168 1047 1179 1045 1179 1042 1179 972 1171 971 1171 913 1180 880 1171 878 1171 877 1171 794 1182 774 1173 773 1173 771 1173 712 1182 685 1174 684 1174 682 1174 681 1174 664 1182 666 1225"/></Shape>
	    <String CONTENT="&amp; M. T.lib.1. De off.ſic. Cùm autẽ pulchritudinis"
                    HPOS="664"
                    VPOS="1163"
                    WIDTH="1050"
                    HEIGHT="84"
                    WC="0.99170633390838"></String>
          </TextLine>

          
          
          <TextLine ID="eSc_line_d595bc3c"
                    TAGREFS="LT4318"
                    BASELINE="667 1284 1714 1270" 
                    HPOS="666"
                    VPOS="1223"
                    WIDTH="1048"
                    HEIGHT="84">
            <Shape><Polygon POINTS="667 1284 667 1298 706 1298 707 1298 718 1307 719 1307 721 1307 722 1307 895 1295 905 1295 907 1295 935 1304 936 1304 938 1304 939 1304 968 1296 975 1304 977 1304 978 1304 980 1304 1072 1302 1073 1302 1093 1292 1099 1292 1180 1298 1182 1298 1183 1298 1198 1290 1204 1290 1359 1298 1360 1298 1362 1298 1363 1298 1378 1289 1496 1295 1497 1295 1612 1284 1670 1293 1671 1293 1673 1293 1714 1281 1714 1270 1711 1226 1505 1223 1503 1223 1450 1231 1398 1237 1365 1232 1331 1226 1329 1226 1256 1234 1247 1234 1244 1234 1222 1228 1221 1228 1219 1228 1218 1228 1201 1234 1186 1240 1145 1235 1088 1229 1087 1229 1085 1229 1084 1229 1073 1237 1064 1241 1015 1238 941 1232 939 1232 938 1232 936 1232 928 1240 920 1243 856 1240 792 1238 791 1238 789 1238 780 1241 768 1246 743 1243 690 1235 688 1235 687 1235 666 1243 667 1284"/></Shape>
	    <String CONTENT="duo genera ſint, quorum in altero venuſtas ſit: in"
                    HPOS="666"
                    VPOS="1223"
                    WIDTH="1048"
                    HEIGHT="84"
                    WC="0.976893706321716"></String>
          </TextLine>

          
          
          <TextLine ID="eSc_line_44a960b4"
                    TAGREFS="LT4318"
                    BASELINE="667 1344 1716 1329" 
                    HPOS="666"
                    VPOS="1283"
                    WIDTH="1050"
                    HEIGHT="79">
            <Shape><Polygon POINTS="667 1344 667 1362 1189 1350 1197 1353 1204 1357 1206 1357 1207 1357 1369 1354 1396 1350 1409 1347 1476 1347 1695 1351 1696 1351 1698 1351 1716 1342 1716 1329 1714 1295 1685 1283 1683 1283 1682 1283 1680 1283 1638 1293 1533 1284 1531 1284 1530 1284 1502 1296 1400 1286 1399 1286 1398 1286 1357 1298 1311 1290 1310 1290 1308 1290 1307 1290 1292 1299 1250 1293 1249 1293 1186 1301 1174 1292 1174 1290 1173 1290 1171 1290 1139 1290 1137 1290 1136 1290 1134 1290 1121 1302 997 1302 922 1293 920 1293 770 1307 703 1296 701 1296 700 1296 666 1308 667 1344"/></Shape>
	    <String CONTENT="altero dignitas: venuſtatem muliebrem dicere"
                    HPOS="666"
                    VPOS="1283"
                    WIDTH="1050"
                    HEIGHT="79"
                    WC="0.986684147607196"></String>
          </TextLine>

          
          
          <TextLine ID="eSc_line_e82756ef"
                    TAGREFS="LT4318"
                    BASELINE="670 1400 1716 1387" 
                    HPOS="669"
                    VPOS="1341"
                    WIDTH="1047"
                    HEIGHT="77">
            <Shape><Polygon POINTS="670 1400 670 1418 1714 1406 1716 1387 1713 1354 1598 1341 1597 1341 1537 1342 1536 1342 1534 1342 1522 1351 1491 1345 1490 1345 1488 1345 1487 1345 1476 1354 1473 1356 1460 1354 1366 1344 1365 1344 1363 1344 1337 1356 1331 1357 1316 1356 1250 1345 1249 1345 1247 1345 1225 1356 1218 1360 1048 1360 1041 1356 1027 1348 1026 1348 1024 1348 1023 1348 1021 1348 997 1357 987 1360 977 1357 960 1350 959 1350 957 1350 917 1357 880 1365 764 1365 752 1357 746 1353 745 1353 743 1353 742 1353 669 1357 670 1400"/></Shape>
	    <String CONTENT="debemus: dignitatem virilem. Ergo &amp; à for ma"
                    HPOS="669"
                    VPOS="1341"
                    WIDTH="1047"
                    HEIGHT="77"
                    WC="0.98021776676178"></String>
          </TextLine>

          
          
          <TextLine ID="eSc_line_f985759b"
                    TAGREFS="LT4318"
                    BASELINE="669 1461 1716 1450" 
                    HPOS="667"
                    VPOS="1403"
                    WIDTH="1049"
                    HEIGHT="81">
            <Shape><Polygon POINTS="669 1461 669 1473 685 1482 687 1482 688 1484 791 1484 791 1482 852 1472 975 1479 977 1479 1055 1478 1057 1478 1058 1478 1073 1469 1076 1469 1174 1476 1176 1476 1177 1476 1179 1476 1192 1467 1194 1467 1206 1467 1383 1475 1384 1475 1444 1466 1453 1464 1460 1466 1491 1472 1493 1472 1494 1472 1496 1472 1506 1464 1514 1464 1577 1472 1579 1472 1580 1472 1582 1472 1592 1464 1594 1464 1595 1464 1695 1472 1696 1472 1698 1472 1716 1463 1716 1450 1711 1403 1445 1415 1372 1409 1322 1405 1320 1405 1319 1405 1302 1411 1282 1418 1189 1418 1149 1414 1109 1408 1107 1408 1106 1408 1087 1414 1076 1418 1064 1415 1049 1409 1048 1409 1047 1409 1045 1409 1029 1415 1017 1421 928 1421 917 1417 904 1412 902 1412 901 1412 899 1412 883 1418 874 1421 828 1420 706 1412 704 1412 703 1412 667 1421 669 1461"/></Shape>
	    <String CONTENT="remoueatur omnis viro non dignus ornatus: &amp;"
                    HPOS="667"
                    VPOS="1403"
                    WIDTH="1049"
                    HEIGHT="81"
                    WC="0.998172470303469"></String>
          </TextLine>

          
          
          <TextLine ID="eSc_line_005b0730"
                    TAGREFS="LT4318"
                    BASELINE="672 1521 1670 1506" 
                    HPOS="670"
                    VPOS="1458"
                    WIDTH="1000"
                    HEIGHT="78">
            <Shape><Polygon POINTS="672 1521 672 1534 1155 1536 1157 1536 1158 1536 1160 1536 1170 1527 1171 1527 1177 1527 1213 1534 1215 1534 1286 1525 1296 1525 1304 1525 1368 1533 1369 1533 1670 1519 1670 1506 1667 1473 1616 1473 1570 1458 1569 1458 1567 1458 1566 1458 1525 1473 1479 1461 1478 1461 1476 1461 1475 1461 1473 1461 1473 1463 1460 1475 1458 1476 1237 1478 1226 1476 1173 1464 1171 1464 1170 1464 1143 1476 1137 1479 1127 1478 1078 1466 1076 1466 1075 1466 1027 1478 1015 1481 1012 1478 997 1467 996 1467 994 1467 993 1467 941 1470 939 1470 922 1479 914 1482 907 1479 881 1469 880 1469 878 1469 768 1478 733 1472 731 1472 730 1472 706 1481 704 1481 685 1472 684 1472 682 1472 681 1472 679 1472 670 1476 672 1521"/></Shape>
	    <String CONTENT="huic ſimile vitium in geſtu motuque caueatur."
                    HPOS="670"
                    VPOS="1458"
                    WIDTH="1000"
                    HEIGHT="78"
                    WC="0.981738387876087"></String>
          </TextLine>

          
          
          <TextLine ID="eSc_line_a4c51c36"
                    TAGREFS="LT4318"
                    BASELINE="730 1574 1714 1563" 
                    HPOS="728"
                    VPOS="1516"
                    WIDTH="986"
                    HEIGHT="82">
            <Shape><Polygon POINTS="730 1574 730 1594 902 1598 904 1598 905 1598 907 1598 916 1592 917 1591 922 1592 951 1598 953 1598 991 1591 1006 1588 1012 1591 1026 1597 1027 1597 1029 1598 1093 1598 1093 1597 1142 1588 1152 1586 1155 1588 1164 1595 1165 1595 1167 1595 1168 1597 1221 1597 1221 1595 1222 1595 1243 1586 1249 1585 1282 1586 1398 1592 1399 1592 1473 1583 1488 1582 1497 1583 1540 1591 1542 1591 1586 1582 1595 1580 1604 1582 1659 1589 1661 1589 1713 1579 1714 1563 1711 1531 1661 1522 1659 1522 1658 1522 1641 1530 1613 1516 1612 1516 1610 1516 1609 1516 1607 1516 1588 1531 1582 1531 1546 1525 1545 1525 1420 1531 1372 1533 1368 1531 1345 1519 1344 1519 1342 1519 1341 1519 1340 1519 1320 1531 1313 1536 1290 1536 1286 1531 1276 1522 1276 1521 1274 1521 1273 1521 1271 1521 1270 1521 1241 1531 1232 1534 1216 1531 1168 1522 1167 1522 1165 1522 1145 1531 1137 1534 1130 1531 1105 1522 1103 1522 1102 1522 1100 1522 1099 1522 1099 1524 1090 1531 1085 1536 1078 1531 1072 1528 1070 1528 1069 1528 1067 1528 1066 1528 1061 1531 1054 1537 1042 1531 1024 1524 1023 1524 1021 1524 962 1531 950 1533 947 1531 933 1525 932 1525 883 1525 881 1525 880 1525 878 1525 871 1531 870 1534 865 1531 853 1527 852 1527 850 1527 728 1531 730 1574"/></Shape>
	    <String CONTENT="Et paulò poſt. Adhibenda eſt præterea mun¬"
                    HPOS="728"
                    VPOS="1516"
                    WIDTH="986"
                    HEIGHT="82"
                    WC="0.988591813763907"></String>
          </TextLine>

          
          
          <TextLine ID="eSc_line_7abbf510"
                    TAGREFS="LT4318"
                    BASELINE="670 1635 1716 1624" 
                    HPOS="669"
                    VPOS="1576"
                    WIDTH="1047"
                    HEIGHT="74">
            <Shape><Polygon POINTS="670 1635 670 1649 1320 1650 1322 1650 1323 1650 1332 1647 1351 1641 1399 1647 1414 1649 1415 1649 1426 1647 1464 1640 1564 1647 1577 1647 1579 1647 1580 1647 1582 1647 1601 1638 1713 1646 1716 1624 1710 1579 1673 1588 1647 1579 1640 1576 1638 1576 1637 1576 1619 1579 1567 1589 1542 1579 1540 1579 1539 1579 1481 1579 1479 1579 1478 1579 1475 1580 1448 1592 1345 1592 1305 1582 1299 1580 1298 1580 1296 1580 1295 1580 1295 1582 1279 1592 1219 1585 1218 1585 1216 1585 1188 1594 1146 1586 1145 1586 1143 1586 1128 1594 1107 1582 1106 1582 1105 1582 1103 1582 1102 1582 1097 1583 1054 1594 981 1583 977 1583 975 1583 965 1583 797 1598 669 1586 670 1635"/></Shape>
	    <String CONTENT="ditia non odioſa, neque exquiſita nimis: tantùm"
                    HPOS="669"
                    VPOS="1576"
                    WIDTH="1047"
                    HEIGHT="74"
                    WC="0.969303318609794"></String>
          </TextLine>

          
          
          <TextLine ID="eSc_line_b65a9d6a"
                    TAGREFS="LT4318"
                    BASELINE="673 1695 1716 1682" 
                    HPOS="672"
                    VPOS="1635"
                    WIDTH="1044"
                    HEIGHT="84">
            <Shape><Polygon POINTS="673 1695 673 1710 710 1719 712 1719 801 1708 810 1708 813 1708 844 1717 846 1717 847 1717 904 1707 908 1707 910 1707 920 1716 922 1716 923 1716 925 1717 1000 1717 1000 1716 1163 1704 1176 1704 1182 1704 1249 1713 1250 1713 1351 1702 1374 1710 1375 1710 1377 1710 1378 1710 1405 1701 1408 1701 1421 1701 1580 1708 1582 1708 1583 1708 1585 1708 1598 1698 1601 1698 1714 1698 1716 1682 1713 1646 1598 1635 1597 1635 1515 1637 1514 1637 1479 1647 1412 1638 1411 1638 1365 1649 1163 1641 1161 1641 1052 1652 1021 1643 1020 1643 1018 1643 1017 1643 994 1652 789 1646 788 1646 672 1658 673 1695"/></Shape>
	    <String CONTENT="quæ fogiat agreſtem &amp; inhumanam negligentiã."
                    HPOS="672"
                    VPOS="1635"
                    WIDTH="1044"
                    HEIGHT="84"
                    WC="0.997459166579776"></String>
          </TextLine>

          
          
          <TextLine ID="eSc_line_b47de944"
                    TAGREFS="LT4318"
                    BASELINE="673 1754 1719 1741" 
                    HPOS="672"
                    VPOS="1693"
                    WIDTH="1047"
                    HEIGHT="82">
            <Shape><Polygon POINTS="673 1754 673 1768 788 1775 789 1775 828 1766 832 1766 837 1766 889 1774 890 1774 950 1765 956 1765 980 1765 1244 1769 1246 1769 1247 1769 1249 1769 1262 1760 1264 1760 1277 1760 1368 1768 1369 1768 1717 1754 1719 1741 1716 1695 1589 1693 1588 1693 1586 1693 1572 1696 1549 1702 1543 1698 1539 1693 1537 1693 1536 1693 1534 1693 1514 1698 1494 1702 1476 1698 1458 1695 1457 1695 1420 1699 1389 1704 1381 1701 1371 1695 1369 1695 1368 1695 1299 1702 1249 1707 1212 1704 1152 1698 1151 1698 1149 1698 1148 1698 1137 1705 1131 1708 1109 1705 1064 1699 1063 1699 1014 1707 994 1710 962 1708 868 1702 867 1702 865 1702 864 1702 855 1710 852 1711 844 1710 791 1702 789 1702 788 1702 770 1711 767 1713 761 1711 719 1704 718 1704 672 1713 673 1754"/></Shape>
	    <String CONTENT="Hęc ille. Patres etiam ſcriptoréſque Eccleſiaſtici"
                    HPOS="672"
                    VPOS="1693"
                    WIDTH="1047"
                    HEIGHT="82"
                    WC="0.992822921046844"></String>
          </TextLine>

          
          
          <TextLine ID="eSc_line_d658e949"
                    TAGREFS="LT4318"
                    BASELINE="673 1806 1719 1801" 
                    HPOS="672"
                    VPOS="1756"
                    WIDTH="1047"
                    HEIGHT="71">
            <Shape><Polygon POINTS="673 1806 673 1821 1179 1827 1180 1827 1240 1818 1244 1818 1246 1818 1253 1826 1255 1826 1256 1826 1258 1827 1398 1827 1398 1826 1399 1826 1429 1818 1460 1824 1461 1824 1463 1824 1485 1817 1488 1817 1646 1817 1673 1824 1674 1824 1676 1824 1717 1815 1719 1801 1717 1766 1693 1756 1692 1756 1690 1756 1582 1766 1558 1756 1557 1756 1511 1756 1509 1756 1448 1768 1445 1769 1362 1769 1362 1768 1350 1759 1350 1757 1348 1757 1347 1757 1274 1757 1273 1757 1271 1757 1244 1768 1063 1759 1061 1759 1060 1759 1058 1759 1058 1760 1047 1771 1020 1771 951 1759 950 1759 948 1759 947 1759 929 1771 929 1772 914 1772 880 1772 859 1760 858 1760 727 1760 725 1760 672 1772 673 1806"/></Shape>
	    <String CONTENT="veluti Tertullian. in lib. de Habitu mulierum &amp;"
                    HPOS="672"
                    VPOS="1756"
                    WIDTH="1047"
                    HEIGHT="71"
                    WC="0.984663069248199"></String>
          </TextLine>

          
          
          <TextLine ID="eSc_line_f7856720"
                    TAGREFS="LT4318"
                    BASELINE="672 1867 1720 1859" 
                    HPOS="670"
                    VPOS="1811"
                    WIDTH="1050"
                    HEIGHT="80">
            <Shape><Polygon POINTS="672 1867 672 1882 715 1891 716 1891 867 1890 868 1890 870 1890 881 1882 986 1890 987 1890 1054 1888 1055 1888 1057 1888 1070 1881 1073 1879 1113 1879 1368 1887 1369 1887 1444 1878 1457 1876 1464 1878 1496 1885 1497 1885 1499 1885 1500 1885 1502 1885 1512 1876 1515 1876 1719 1876 1720 1859 1717 1823 1649 1811 1647 1811 1646 1811 1644 1811 1630 1823 1628 1824 1585 1824 1583 1823 1545 1811 1543 1811 1542 1811 1478 1812 1476 1812 1475 1812 1458 1824 1457 1824 1450 1824 1296 1814 1295 1814 1191 1826 1179 1827 1177 1826 1160 1815 1158 1815 1157 1815 1155 1815 1057 1824 1026 1815 1024 1815 1023 1815 1021 1815 1020 1815 1020 1817 1008 1827 1006 1829 999 1827 932 1817 931 1817 929 1817 928 1817 911 1829 910 1830 835 1830 831 1829 806 1820 804 1820 803 1820 757 1830 752 1830 748 1830 688 1818 687 1818 685 1818 684 1818 670 1826 672 1867"/></Shape>
	    <String CONTENT="Cyprian. in lib. de Cultu virginum nobiſcum fa¬"
                    HPOS="670"
                    VPOS="1811"
                    WIDTH="1050"
                    HEIGHT="80"
                    WC="0.994077698981508"></String>
          </TextLine>

          
          
          <TextLine ID="eSc_line_076cc1e3"
                    TAGREFS="LT4318"
                    BASELINE="672 1927 1723 1915" 
                    HPOS="670"
                    VPOS="1870"
                    WIDTH="1053"
                    HEIGHT="81">
            <Shape><Polygon POINTS="672 1927 672 1940 716 1951 718 1951 764 1942 786 1951 788 1951 789 1951 855 1940 908 1948 910 1948 911 1948 933 1939 974 1948 975 1948 1044 1940 1061 1948 1063 1948 1064 1948 1066 1948 1084 1940 1154 1946 1155 1946 1157 1946 1177 1937 1319 1945 1320 1945 1322 1945 1323 1945 1335 1936 1423 1943 1424 1943 1426 1943 1427 1943 1439 1936 1518 1942 1519 1942 1521 1942 1558 1933 1558 1931 1722 1930 1723 1915 1720 1882 1686 1882 1673 1870 1671 1870 1670 1870 1668 1870 1619 1881 1577 1872 1576 1872 1574 1872 1573 1872 1561 1879 1461 1872 1460 1872 1458 1872 1432 1884 1271 1885 1225 1875 1224 1875 1222 1875 1185 1887 1180 1887 975 1878 974 1878 864 1879 804 1891 803 1891 786 1881 785 1881 783 1881 782 1881 780 1881 755 1891 755 1893 736 1893 699 1893 690 1884 688 1884 687 1884 685 1884 684 1884 670 1890 672 1927"/></Shape>
	    <String CONTENT="ciunt, qui hæc præcepta ad viros perſpicuè refe¬"
                    HPOS="670"
                    VPOS="1870"
                    WIDTH="1053"
                    HEIGHT="81"
                    WC="0.98341882837062"></String>
          </TextLine>

          
          
          <TextLine ID="eSc_line_c2112446"
                    TAGREFS="LT4318"
                    BASELINE="670 1985 1719 1975" 
                    HPOS="669"
                    VPOS="1927"
                    WIDTH="1050"
                    HEIGHT="80">
            <Shape><Polygon POINTS="670 1985 670 1998 731 2007 733 2007 780 2000 831 2006 832 2006 834 2006 853 1997 855 1997 858 1997 898 2006 899 2006 975 1997 1073 2004 1075 2004 1201 1994 1203 1994 1213 2003 1215 2003 1216 2003 1218 2004 1268 2004 1268 2003 1323 1994 1464 2000 1466 2000 1467 2000 1469 2000 1479 1991 1481 1991 1563 2000 1564 2000 1566 2000 1567 2000 1583 1989 1585 1989 1662 1989 1692 1998 1693 1998 1695 1998 1696 1998 1719 1988 1719 1975 1714 1933 1682 1937 1671 1933 1659 1927 1658 1927 1601 1927 1600 1927 1598 1927 1597 1927 1589 1934 1583 1939 1469 1939 1457 1936 1433 1928 1432 1928 1430 1928 1429 1928 1399 1937 1386 1940 1380 1937 1369 1930 1368 1930 1366 1930 1365 1930 1310 1937 1308 1937 1307 1937 1173 1931 1171 1931 1125 1940 1110 1943 1107 1940 1100 1934 1099 1934 1097 1934 1036 1933 1035 1933 980 1943 963 1945 947 1943 883 1934 881 1934 880 1934 858 1945 856 1945 850 1945 795 1936 794 1936 792 1936 791 1936 776 1945 773 1948 669 1948 670 1985"/></Shape>
	    <String CONTENT="runt. Idem in concilio Gangrenſi cap.21. &amp; eſt in"
                    HPOS="669"
                    VPOS="1927"
                    WIDTH="1050"
                    HEIGHT="80"
                    WC="0.990846518351107"></String>
          </TextLine>

          
          
          <TextLine ID="eSc_line_8204b897"
                    TAGREFS="LT4318"
                    BASELINE="670 2046 1722 2036" 
                    HPOS="669"
                    VPOS="1988"
                    WIDTH="1053"
                    HEIGHT="71">
            <Shape><Polygon POINTS="670 2046 670 2059 1722 2056 1722 2036 1719 2001 1619 2001 1582 1988 1580 1988 1579 1988 1577 1988 1576 1988 1558 2003 1514 2003 1502 1992 1500 1992 1499 1992 1497 1992 1417 2003 1332 1994 1331 1994 1329 1994 1301 2003 1143 1992 1142 1992 1140 1992 1115 2001 899 1995 898 1995 896 1995 858 2007 831 1995 829 1995 828 1995 826 1995 825 1995 809 2010 731 2010 718 1998 716 1998 715 1998 713 1998 712 1998 669 2010 670 2046"/></Shape>
	    <String CONTENT="canon Parſimoniam diſtinct. 41. ne res noua aut"
                    HPOS="669"
                    VPOS="1988"
                    WIDTH="1053"
                    HEIGHT="71"
                    WC="0.978066176810163"></String>
          </TextLine>

          
          
          <TextLine ID="eSc_line_f1ebe451"
                    TAGREFS="LT4318"
                    BASELINE="672 2104 1720 2092" 
                    HPOS="670"
                    VPOS="2044"
                    WIDTH="1050"
                    HEIGHT="79">
            <Shape><Polygon POINTS="672 2104 672 2117 932 2123 933 2123 935 2123 968 2116 1061 2122 1063 2122 1127 2114 1317 2119 1319 2119 1353 2111 1356 2111 1362 2111 1454 2117 1456 2117 1719 2107 1720 2092 1717 2052 1607 2044 1606 2044 1558 2053 1543 2055 1528 2053 1479 2046 1478 2046 1476 2046 1457 2053 1447 2058 1438 2053 1424 2049 1423 2049 1421 2049 1368 2055 1323 2059 1276 2055 1195 2049 1194 2049 1192 2049 1191 2049 1191 2050 1183 2056 1179 2061 1145 2056 1090 2050 1088 2050 1052 2058 1049 2058 1048 2058 1035 2052 1033 2052 1032 2052 1030 2052 1029 2052 1020 2058 1012 2062 984 2058 936 2052 935 2052 899 2059 877 2065 789 2065 782 2061 776 2055 774 2055 773 2055 771 2055 670 2061 672 2104"/></Shape>
	    <String CONTENT="nullius momenti eſſe cenſeatur. Idem etiam ſta¬"
                    HPOS="670"
                    VPOS="2044"
                    WIDTH="1050"
                    HEIGHT="79"
                    WC="0.982126758453694"></String>
          </TextLine>

          
          
          <TextLine ID="eSc_line_cea44472"
                    TAGREFS="LT4318"
                    BASELINE="672 2163 1552 2156" 
                    HPOS="670"
                    VPOS="2105"
                    WIDTH="882"
                    HEIGHT="96">
            <Shape><Polygon POINTS="672 2163 672 2195 742 2187 776 2187 782 2195 788 2199 788 2201 789 2201 791 2201 792 2201 889 2199 890 2199 917 2192 944 2183 951 2190 960 2198 960 2199 962 2199 963 2199 965 2201 1018 2201 1018 2199 1020 2199 1021 2199 1038 2189 1049 2181 1093 2181 1099 2187 1109 2196 1109 2198 1110 2198 1112 2198 1113 2199 1185 2199 1185 2198 1186 2198 1219 2184 1229 2180 1247 2183 1296 2193 1298 2193 1350 2181 1356 2180 1360 2181 1405 2195 1406 2195 1408 2195 1409 2195 1444 2178 1445 2177 1552 2175 1552 2156 1549 2113 1396 2105 1395 2105 1393 2105 1375 2114 1371 2116 1344 2114 1252 2108 1250 2108 1249 2108 1247 2108 1235 2116 1212 2107 1210 2107 1209 2107 1207 2107 1206 2107 1195 2116 1192 2117 1177 2116 1084 2108 1082 2108 1039 2117 1026 2108 1024 2108 1023 2108 1021 2108 895 2119 867 2110 865 2110 864 2110 862 2110 840 2120 837 2120 746 2111 745 2111 743 2111 742 2111 742 2113 733 2122 670 2122 672 2163"/></Shape>
	    <String CONTENT="tutum eſt aliis ſynodis veluti Laodicena."
                    HPOS="670"
                    VPOS="2105"
                    WIDTH="882"
                    HEIGHT="96"
                    WC="0.973787333907151"></String>
          </TextLine>

          
        </TextBlock>
        
        <TextBlock HPOS="1542.04443359375"
                   VPOS="2174.14013671875"
                   WIDTH="182.8004150390625"
                   HEIGHT="52.728271484375"
                   ID="block_3"
                   TAGREFS="BT10978">
          <Shape><Polygon POINTS="1542.04 2174.14 1724.84 2174.14 1724.84 2226.87 1542.04 2226.87 1542.04 2174.14"/></Shape>
          
          
          <TextLine ID="eSc_line_c7897d8f"
                    TAGREFS="LT4318"
                    BASELINE="1546 2211 1722 2211" 
                    HPOS="1546"
                    VPOS="2159"
                    WIDTH="176"
                    HEIGHT="86">
            <Shape><Polygon POINTS="1546 2211 1546 2245 1722 2230 1722 2211 1722 2168 1686 2159 1685 2159 1683 2159 1682 2159 1665 2166 1659 2168 1546 2160 1546 2211"/></Shape>
	    <String CONTENT="Prætet¬"
                    HPOS="1546"
                    VPOS="2159"
                    WIDTH="176"
                    HEIGHT="86"></String>
          </TextLine>

          
        </TextBlock>
        

        
      </PrintSpace>
    </Page>
  </Layout>
</alto>
