<?xml version="1.0" encoding="UTF-8"?>
<alto xmlns:xsi="http://www.w3.org/2001/XMLSchema-instance"
      xmlns="http://www.loc.gov/standards/alto/ns-v4#"
      xsi:schemaLocation="http://www.loc.gov/standards/alto/ns-v4# http://www.loc.gov/standards/alto/v4/alto-4-2.xsd">
  <Description>
    <MeasurementUnit>pixel</MeasurementUnit>
    <sourceImageInformation>
      <fileName>2012996.png</fileName>
      
    </sourceImageInformation>
  </Description>
  
  <Tags>
    <OtherTag ID="BT10983" LABEL="GraphicZone" DESCRIPTION="block type GraphicZone"/><OtherTag ID="BT10982" LABEL="DropCapitalZone" DESCRIPTION="block type DropCapitalZone"/><OtherTag ID="BT10981" LABEL="RunningTitleZone" DESCRIPTION="block type RunningTitleZone"/><OtherTag ID="BT10980" LABEL="NumberingZone" DESCRIPTION="block type NumberingZone"/><OtherTag ID="BT10979" LABEL="TitlePageZone" DESCRIPTION="block type TitlePageZone"/><OtherTag ID="BT10978" LABEL="QuireMarksZone" DESCRIPTION="block type QuireMarksZone"/><OtherTag ID="BT10977" LABEL="MainZone" DESCRIPTION="block type MainZone"/><OtherTag ID="BT10976" LABEL="MarginTextZone" DESCRIPTION="block type MarginTextZone"/>
    <OtherTag ID="LT4321" LABEL="default" DESCRIPTION="line type default"/><OtherTag ID="LT4319" LABEL="HeadingLine" DESCRIPTION="line type HeadingLine"/><OtherTag ID="LT4318" LABEL="DefaultLine" DESCRIPTION="line type DefaultLine"/><OtherTag ID="LT4320" LABEL="CustomLine : BiblicalText" DESCRIPTION="line type CustomLine : BiblicalText"/>
  </Tags>
  
  <Layout>
    <Page WIDTH="1807"
          HEIGHT="2677"
          PHYSICAL_IMG_NR="43"
          ID="eSc_dummypage_">
      <PrintSpace HPOS="0"
                  VPOS="0"
                  WIDTH="1807"
                  HEIGHT="2677">
        
        <TextBlock HPOS="642.9505004882812"
                   VPOS="178.7493438720703"
                   WIDTH="89.38201904296875"
                   HEIGHT="63.65086364746094"
                   ID="block_2"
                   TAGREFS="BT10980">
          <Shape><Polygon POINTS="642.951 178.749 732.333 178.749 732.333 242.4 642.951 242.4 642.951 178.749"/></Shape>
          
          
          <TextLine ID="eSc_line_7082d45b"
                    TAGREFS="LT4318"
                    BASELINE="658 224 759 224" 
                    HPOS="658"
                    VPOS="169"
                    WIDTH="101"
                    HEIGHT="80">
            <Shape><Polygon POINTS="658 171 658 224 660 249 684 240 693 245 704 249 706 249 707 249 709 249 710 249 710 248 719 240 725 234 759 234 759 224 759 190 660 169 658 171"/></Shape>
	    <String CONTENT="84"
                    HPOS="658"
                    VPOS="169"
                    WIDTH="101"
                    HEIGHT="80"
                    WC="0.999646902084351"></String>
          </TextLine>

          
        </TextBlock>
        
        <TextBlock HPOS="835.4481201171875"
                   VPOS="163.59332275390625"
                   WIDTH="697.61962890625"
                   HEIGHT="70.84454345703125"
                   ID="block_0"
                   TAGREFS="BT10981">
          <Shape><Polygon POINTS="835.448 163.593 1533.07 163.593 1533.07 234.438 835.448 234.438 835.448 163.593"/></Shape>
          
          
          <TextLine ID="eSc_line_e0fb3dac"
                    TAGREFS="LT4319"
                    BASELINE="828 223 1519 211" 
                    HPOS="826"
                    VPOS="163"
                    WIDTH="693"
                    HEIGHT="80">
            <Shape><Polygon POINTS="1496 171 1481 165 1466 165 1453 174 1393 165 1392 165 1377 165 1362 163 1354 163 1326 175 1317 169 1316 169 1314 169 1313 169 1256 178 1171 171 1170 171 1136 178 1087 165 1085 165 1084 165 983 172 981 172 960 184 889 184 867 169 865 169 864 169 862 169 861 169 826 184 828 223 828 230 853 242 855 242 856 243 913 243 913 242 914 242 945 230 987 239 989 239 990 239 991 239 1008 229 1036 229 1052 239 1054 239 1055 239 1057 239 1112 237 1113 237 1133 227 1310 234 1311 234 1313 234 1347 223 1383 233 1384 233 1386 233 1387 233 1412 223 1499 232 1500 232 1502 232 1503 232 1519 220 1519 211 1516 184 1511 179"/></Shape>
	    <String CONTENT="AD I. PAVL. AD TIM."
                    HPOS="826"
                    VPOS="163"
                    WIDTH="693"
                    HEIGHT="80"
                    WC="0.995617590452495"></String>
          </TextLine>

          
        </TextBlock>
        
        <TextBlock HPOS="641.8629760742188"
                   VPOS="246.272705078125"
                   WIDTH="1078.5919799804688"
                   HEIGHT="1924.236328125"
                   ID="block_1"
                   TAGREFS="BT10977">
          <Shape><Polygon POINTS="641.863 246.273 1720.45 246.273 1720.45 2170.51 641.863 2170.51 641.863 246.273"/></Shape>
          
          
          <TextLine ID="eSc_line_353ef5b9"
                    TAGREFS="LT4320"
                    BASELINE="648 303 1701 285" 
                    HPOS="646"
                    VPOS="227"
                    WIDTH="1055"
                    HEIGHT="104">
            <Shape><Polygon POINTS="1680 227 1632 227 1631 227 1630 227 1628 227 1627 229 1607 245 1566 245 1548 230 1546 229 1545 229 1543 229 1542 229 1519 232 1429 246 1384 236 1368 232 1366 232 1365 232 1363 232 1362 232 1356 236 1338 248 1246 239 1183 234 1182 234 1180 234 1163 242 1143 251 1115 243 1087 236 1085 236 1084 236 1038 246 1020 249 1011 246 990 239 989 239 987 239 986 239 957 248 954 249 954 248 944 240 944 239 942 239 941 239 908 239 907 239 905 239 862 251 846 257 646 257 648 303 648 322 733 331 734 331 736 331 779 321 795 315 1087 310 1127 310 1133 312 1154 324 1155 324 1157 324 1261 322 1262 322 1308 309 1310 309 1344 316 1345 316 1409 306 1415 306 1417 306 1432 319 1433 319 1435 319 1436 319 1527 309 1610 316 1612 316 1667 315 1668 315 1701 300 1701 285 1698 229 1688 229"/></Shape>
	    <String CONTENT="neque authoritatem vſurpare in virum, ſed"
                    HPOS="646"
                    VPOS="227"
                    WIDTH="1055"
                    HEIGHT="104"
                    WC="0.991939471989143"></String>
          </TextLine>

          
          
          <TextLine ID="eSc_line_23076718"
                    TAGREFS="LT4320"
                    BASELINE="649 371 1011 365" 
                    HPOS="648"
                    VPOS="309"
                    WIDTH="363"
                    HEIGHT="88">
            <Shape><Polygon POINTS="649 391 716 397 718 397 719 397 721 397 721 395 730 388 734 385 770 385 773 386 780 394 780 395 782 395 783 395 785 397 820 397 820 395 822 395 823 395 823 394 832 385 835 380 939 380 941 380 951 389 953 389 954 389 956 389 1011 377 1011 365 1008 327 974 327 945 309 944 309 942 309 941 309 939 309 901 321 829 310 828 310 826 310 786 328 762 318 761 318 759 318 758 318 739 328 712 315 710 315 709 315 675 316 673 316 672 316 648 330 649 371"/></Shape>
	    <String CONTENT="eſſe in ſilentio."
                    HPOS="648"
                    VPOS="309"
                    WIDTH="363"
                    HEIGHT="88"
                    WC="0.999549546662499"></String>
          </TextLine>

          
          
          <TextLine ID="eSc_line_888961d3"
                    TAGREFS="LT4318"
                    BASELINE="675 466 1698 444" 
                    HPOS="673"
                    VPOS="391"
                    WIDTH="1025"
                    HEIGHT="98">
            <Shape><Polygon POINTS="675 483 757 480 767 481 809 489 810 489 812 489 831 480 834 478 841 480 871 486 873 486 953 477 969 475 975 477 1012 484 1014 484 1091 474 1102 472 1107 472 1149 481 1151 481 1152 481 1186 471 1189 469 1298 468 1304 468 1354 477 1356 477 1412 469 1627 471 1628 471 1685 469 1686 469 1688 469 1698 461 1698 444 1693 403 1673 404 1670 403 1656 391 1655 391 1653 391 1652 391 1576 392 1537 395 1536 395 1534 395 1534 397 1522 406 1521 407 1506 407 1423 401 1421 401 1420 401 1398 408 1395 410 1389 410 1317 398 1316 398 1314 398 1284 411 1282 413 1273 413 1203 403 1201 403 1131 416 1127 416 1118 416 1036 411 1035 411 1033 411 1009 419 1006 419 1005 419 947 406 945 406 944 406 910 422 817 422 767 410 765 410 673 426 675 466"/></Shape>
	    <String CONTENT="Prima ratio quæ explicatur hoc loco, à diffe¬"
                    HPOS="673"
                    VPOS="391"
                    WIDTH="1025"
                    HEIGHT="98"
                    WC="0.998086464145909"></String>
          </TextLine>

          
          
          <TextLine ID="eSc_line_7297886d"
                    TAGREFS="LT4318"
                    BASELINE="651 524 1698 502" 
                    HPOS="649"
                    VPOS="459"
                    WIDTH="1049"
                    HEIGHT="85">
            <Shape><Polygon POINTS="651 524 651 544 889 544 889 542 914 536 931 533 999 535 1134 538 1136 538 1137 538 1139 538 1149 530 1154 529 1207 529 1329 532 1331 532 1332 532 1345 526 1351 524 1360 526 1395 532 1396 532 1398 532 1415 524 1420 523 1429 524 1464 530 1466 530 1545 522 1551 522 1554 522 1625 527 1627 527 1698 517 1698 502 1695 465 1572 461 1570 461 1512 466 1479 469 1461 466 1414 459 1412 459 1411 459 1387 468 1377 471 1326 468 1234 464 1232 464 1231 464 1218 469 1207 475 1133 477 1109 471 1091 466 1090 466 1088 466 1049 471 993 480 965 472 951 469 950 469 948 469 892 474 806 480 792 474 786 472 785 472 783 472 768 475 712 486 649 477 651 524"/></Shape>
	    <String CONTENT="rentia, quæ à Deo ipſo conſtituta eſt inter vtrun¬"
                    HPOS="649"
                    VPOS="459"
                    WIDTH="1049"
                    HEIGHT="85"
                    WC="0.988557509347504"></String>
          </TextLine>

          
          
          <TextLine ID="eSc_line_76cf5066"
                    TAGREFS="LT4318"
                    BASELINE="654 581 1701 562" 
                    HPOS="652"
                    VPOS="516"
                    WIDTH="1049"
                    HEIGHT="89">
            <Shape><Polygon POINTS="654 581 654 596 713 605 715 605 716 605 737 597 798 603 800 603 801 603 816 596 974 599 975 599 1038 593 1063 590 1084 591 1134 597 1136 597 1209 590 1234 588 1268 590 1341 593 1342 593 1344 593 1345 593 1350 588 1353 585 1359 588 1368 593 1369 593 1371 593 1372 593 1384 588 1395 584 1417 588 1438 591 1439 591 1701 584 1701 562 1698 526 1644 516 1643 516 1589 524 1569 517 1567 517 1566 517 1564 517 1536 524 1458 519 1457 519 1456 519 1432 527 1430 527 1426 527 1347 522 1345 522 1313 529 1295 532 1273 529 1231 523 1229 523 1228 523 1226 523 1218 529 1210 535 997 536 986 532 977 527 975 527 974 527 916 532 813 541 768 533 757 532 755 532 743 533 697 542 652 535 654 581"/></Shape>
	    <String CONTENT="que ſexum virilem nempe &amp; muliebrẽ, ducta eſt."
                    HPOS="652"
                    VPOS="516"
                    WIDTH="1049"
                    HEIGHT="89"
                    WC="0.987848172796533"></String>
          </TextLine>

          
          
          <TextLine ID="eSc_line_a2cd36b0"
                    TAGREFS="LT4318"
                    BASELINE="657 639 1701 620" 
                    HPOS="655"
                    VPOS="575"
                    WIDTH="1046"
                    HEIGHT="82">
            <Shape><Polygon POINTS="657 639 657 655 1002 649 1003 649 1055 657 1057 657 1134 646 1137 646 1139 646 1158 654 1160 654 1161 654 1298 652 1377 643 1447 649 1448 649 1450 649 1451 649 1463 640 1534 648 1536 648 1682 645 1683 645 1701 635 1701 620 1696 575 1503 578 1502 578 1500 578 1497 581 1482 593 1417 593 1403 585 1402 585 1400 585 1399 585 1296 596 1255 588 1218 582 1216 582 1215 582 1213 582 1213 584 1206 590 1198 599 1133 599 1076 594 978 587 977 587 895 591 893 591 862 602 858 603 852 602 817 590 816 590 815 590 655 608 657 639"/></Shape>
	    <String CONTENT="Secunda verò à genere. Deus neque mulieres"
                    HPOS="655"
                    VPOS="575"
                    WIDTH="1046"
                    HEIGHT="82"
                    WC="0.993756729093465"></String>
          </TextLine>

          
          
          <TextLine ID="eSc_line_8112699a"
                    TAGREFS="LT4318"
                    BASELINE="658 698 1701 676" 
                    HPOS="657"
                    VPOS="632"
                    WIDTH="1044"
                    HEIGHT="90">
            <Shape><Polygon POINTS="658 698 658 722 867 710 898 716 920 719 922 719 923 719 936 715 953 709 960 713 966 718 968 718 969 718 971 718 1044 712 1076 709 1090 710 1128 715 1130 715 1161 707 1176 704 1188 707 1204 712 1206 712 1207 712 1301 704 1350 710 1351 710 1353 710 1369 701 1372 700 1380 701 1402 706 1403 706 1436 700 1444 698 1448 700 1469 707 1470 707 1472 707 1534 698 1589 704 1591 704 1701 691 1701 676 1698 643 1630 632 1628 632 1560 645 1558 646 1479 646 1463 639 1461 639 1460 639 1421 648 1418 648 1415 648 1380 638 1378 638 1377 638 1326 649 1323 651 1191 652 1188 652 1173 645 1171 645 1170 645 1168 645 1142 652 1137 654 1133 652 1110 643 1109 643 1107 643 1041 654 1032 655 1030 655 1011 645 1009 645 1008 645 1006 645 1005 645 993 655 990 657 969 655 865 648 864 648 740 658 673 652 672 652 670 652 657 658 658 698"/></Shape>
	    <String CONTENT="præeſſe vult, neque docere, neq; in viros autho¬"
                    HPOS="657"
                    VPOS="632"
                    WIDTH="1044"
                    HEIGHT="90"
                    WC="0.985024434824785"></String>
          </TextLine>

          
          
          <TextLine ID="eSc_line_53b14f42"
                    TAGREFS="LT4318"
                    BASELINE="655 758 1701 737" 
                    HPOS="654"
                    VPOS="691"
                    WIDTH="1047"
                    HEIGHT="88">
            <Shape><Polygon POINTS="655 758 655 779 896 770 923 774 951 779 953 779 954 779 966 773 975 768 983 773 989 777 990 777 991 777 993 777 1061 770 1088 768 1107 770 1176 774 1177 774 1179 774 1207 767 1219 764 1226 767 1243 773 1244 773 1246 773 1320 771 1322 771 1337 764 1342 761 1362 762 1408 768 1409 768 1411 768 1412 768 1420 761 1423 759 1432 761 1456 765 1457 765 1482 759 1493 758 1515 759 1618 765 1619 765 1699 754 1701 737 1696 701 1653 701 1652 701 1624 691 1622 691 1621 691 1580 700 1555 693 1554 693 1552 693 1551 693 1549 693 1549 694 1537 704 1536 704 1528 704 1442 696 1441 696 1439 696 1409 706 1386 697 1384 697 1383 697 1381 697 1380 697 1368 707 1366 709 1329 709 1326 709 1296 698 1295 698 1293 698 1292 698 1250 710 1246 712 1221 712 1219 710 1207 700 1206 700 1204 700 1203 700 1097 713 1088 713 1085 713 1057 703 1055 703 1054 703 1052 703 1020 713 989 704 987 704 986 704 925 713 875 706 874 706 873 706 835 718 834 718 801 709 800 709 798 709 721 721 715 721 713 721 691 710 690 710 688 710 687 710 654 721 655 758"/></Shape>
	    <String CONTENT="ritatem vſurpare: At qui loquitur in Ecceſia ſiue"
                    HPOS="654"
                    VPOS="691"
                    WIDTH="1047"
                    HEIGHT="88"
                    WC="0.979846984756236"></String>
          </TextLine>

          
          
          <TextLine ID="eSc_line_96c1ff51"
                    TAGREFS="LT4318"
                    BASELINE="658 816 1702 794" 
                    HPOS="657"
                    VPOS="752"
                    WIDTH="1045"
                    HEIGHT="89">
            <Shape><Polygon POINTS="658 816 658 841 728 831 969 832 1073 832 1075 832 1076 832 1085 828 1099 823 1148 826 1212 831 1213 831 1264 823 1292 819 1347 820 1490 825 1491 825 1555 814 1564 813 1570 813 1628 822 1630 822 1702 809 1702 794 1699 761 1577 752 1576 752 1574 752 1573 752 1573 754 1561 764 1558 767 1450 767 1447 765 1426 755 1424 755 1423 755 1421 755 1377 767 1372 768 1371 767 1356 756 1354 756 1353 756 1351 756 1268 770 1256 771 1252 770 1226 759 1225 759 1224 759 1222 759 1221 759 1221 761 1209 771 1206 773 1197 771 1157 765 1155 765 1154 765 1152 765 1143 773 1140 776 1073 776 1055 774 962 765 960 765 959 765 957 765 957 767 945 777 944 777 893 767 892 767 835 779 798 768 797 768 795 768 767 770 765 770 764 770 764 771 752 782 751 782 748 782 672 771 670 771 669 771 667 771 657 779 658 816"/></Shape>
	    <String CONTENT="præeſt ea &amp; docet, in viros ſumit quoddam"
                    HPOS="657"
                    VPOS="752"
                    WIDTH="1045"
                    HEIGHT="89"
                    WC="0.996583092503431"></String>
          </TextLine>

          
          
          <TextLine ID="eSc_line_70efde23"
                    TAGREFS="LT4318"
                    BASELINE="657 874 1702 853" 
                    HPOS="655"
                    VPOS="810"
                    WIDTH="1047"
                    HEIGHT="89">
            <Shape><Polygon POINTS="657 874 657 892 703 899 704 899 706 899 733 890 740 889 749 890 777 896 779 896 926 886 962 884 966 886 986 892 987 892 989 892 990 892 1021 884 1023 884 1036 884 1398 886 1399 886 1400 886 1402 886 1415 877 1447 884 1448 884 1450 884 1569 872 1582 881 1583 881 1585 881 1586 881 1588 881 1619 874 1664 880 1665 880 1667 880 1702 868 1702 853 1701 817 1680 810 1679 810 1677 810 1621 819 1607 820 1601 819 1576 812 1574 812 1573 812 1572 812 1548 820 1542 823 1487 823 1482 822 1445 814 1444 814 1442 814 1441 814 1432 823 1430 823 1414 823 1326 819 1325 819 1323 819 1296 825 1292 826 1287 826 1255 817 1253 817 1252 817 1250 817 1249 817 1238 826 1235 829 1154 829 1127 829 953 823 951 823 898 825 896 825 880 834 877 835 867 834 804 826 803 826 801 826 771 837 768 837 767 837 733 828 731 828 730 828 728 828 727 828 727 829 716 838 715 840 655 840 657 874"/></Shape>
	    <String CONTENT="imperium &amp; authoritatem. Ergo mulieres loqui"
                    HPOS="655"
                    VPOS="810"
                    WIDTH="1047"
                    HEIGHT="89"
                    WC="0.983002995902842"></String>
          </TextLine>

          
          
          <TextLine ID="eSc_line_53bc261b"
                    TAGREFS="LT4318"
                    BASELINE="658 933 1713 916" 
                    HPOS="657"
                    VPOS="870"
                    WIDTH="1056"
                    HEIGHT="84">
            <Shape><Polygon POINTS="658 933 658 948 875 954 877 954 928 947 948 944 968 947 1008 953 1009 953 1011 953 1038 945 1052 942 1066 945 1090 951 1091 951 1093 951 1094 951 1106 945 1113 941 1131 945 1151 950 1152 950 1154 950 1155 950 1173 945 1186 941 1200 944 1213 948 1215 948 1216 948 1359 947 1360 947 1372 942 1393 936 1427 942 1447 945 1448 945 1497 942 1625 932 1711 939 1713 916 1710 874 1595 870 1594 870 1592 870 1591 870 1583 875 1572 883 1505 883 1481 877 1461 871 1460 871 1458 871 1417 872 1415 872 1414 872 1406 877 1396 884 1259 887 1188 887 1177 881 1173 877 1171 877 1170 877 1168 877 1128 881 1078 887 1029 883 993 880 991 880 990 880 983 883 971 889 898 884 838 881 837 881 809 886 748 896 657 889 658 933"/></Shape>
	    <String CONTENT="in Eccleſia neque poſſunt, neque debent. Nec"
                    HPOS="657"
                    VPOS="870"
                    WIDTH="1056"
                    HEIGHT="84"
                    WC="0.993089211258021"></String>
          </TextLine>

          
          
          <TextLine ID="eSc_line_002a55fa"
                    TAGREFS="LT4318"
                    BASELINE="661 989 1704 971" 
                    HPOS="660"
                    VPOS="925"
                    WIDTH="1044"
                    HEIGHT="87">
            <Shape><Polygon POINTS="661 989 661 1005 752 1003 757 1003 780 1012 782 1012 783 1012 785 1012 819 1003 829 1012 831 1012 832 1012 834 1012 928 1002 942 1000 962 1000 1091 1008 1093 1008 1094 1008 1121 1000 1328 1003 1329 1003 1331 1003 1353 994 1357 993 1360 994 1369 1002 1371 1002 1372 1002 1374 1002 1516 1000 1518 1000 1519 1000 1530 991 1533 990 1549 991 1612 999 1613 999 1615 999 1616 999 1625 990 1627 990 1702 990 1704 971 1701 931 1635 925 1634 925 1632 925 1612 932 1598 936 1576 932 1539 926 1537 926 1536 926 1534 926 1534 928 1527 933 1524 938 1433 939 1427 936 1417 929 1415 929 1414 929 1412 929 1411 929 1386 936 1377 939 1340 938 1270 935 1268 935 1238 941 1226 942 1224 941 1216 935 1215 935 1213 935 1212 935 1210 935 1188 941 1179 944 1163 942 1102 933 1100 933 1099 933 1097 933 1097 935 1087 944 1084 945 1079 944 1045 935 1044 935 1042 935 1041 935 997 945 991 947 986 947 928 936 926 936 925 936 923 936 923 938 913 948 911 948 905 948 861 942 859 942 826 950 823 950 820 950 748 939 746 939 660 953 661 989"/></Shape>
	    <String CONTENT="obſtat quod eas in Diaconatum alleget Paulus"
                    HPOS="660"
                    VPOS="925"
                    WIDTH="1044"
                    HEIGHT="87"
                    WC="0.992571106011217"></String>
          </TextLine>

          
          
          <TextLine ID="eSc_line_e5934a2d"
                    TAGREFS="LT4318"
                    BASELINE="661 1049 1702 1030" 
                    HPOS="660"
                    VPOS="983"
                    WIDTH="1042"
                    HEIGHT="89">
            <Shape><Polygon POINTS="661 1049 661 1064 817 1072 819 1072 963 1061 1380 1061 1381 1061 1702 1047 1702 1030 1701 996 1667 983 1665 983 1664 983 1662 983 1618 996 1511 990 1509 990 1396 999 1395 999 1393 999 1334 989 1332 989 1331 989 1299 1000 1298 1000 1264 990 1262 990 1261 990 1259 990 1225 1002 1218 1003 1191 1002 1061 993 1060 993 939 997 938 997 910 1005 895 1009 887 1006 875 1000 874 1000 873 1000 819 1006 794 1009 780 1008 740 999 739 999 660 1008 661 1049"/></Shape>
	    <String CONTENT="inf. cap. 5.verſ.9. Nudum enim illæ manuum mi¬"
                    HPOS="660"
                    VPOS="983"
                    WIDTH="1042"
                    HEIGHT="89"
                    WC="0.984315484762192"></String>
          </TextLine>

          
          
          <TextLine ID="eSc_line_a365393e"
                    TAGREFS="LT4318"
                    BASELINE="660 1106 1707 1090" 
                    HPOS="658"
                    VPOS="1047"
                    WIDTH="1049"
                    HEIGHT="80">
            <Shape><Polygon POINTS="660 1106 660 1125 942 1127 944 1127 1023 1119 1057 1116 1078 1118 1124 1124 1125 1124 1237 1115 1250 1115 1256 1115 1307 1121 1308 1121 1310 1121 1326 1113 1328 1113 1345 1113 1496 1118 1497 1118 1585 1109 1589 1109 1591 1109 1601 1116 1603 1116 1604 1116 1606 1116 1705 1106 1707 1090 1702 1055 1545 1055 1516 1047 1515 1047 1514 1047 1512 1047 1475 1057 1444 1048 1442 1048 1441 1048 1439 1048 1408 1058 1406 1058 1334 1052 1332 1052 1282 1060 1261 1051 1259 1051 1258 1051 1206 1061 1204 1061 1136 1052 1134 1052 1079 1061 1038 1054 1036 1054 1035 1054 1003 1064 944 1055 942 1055 853 1067 844 1067 831 1067 694 1060 693 1060 691 1060 658 1069 660 1106"/></Shape>
	    <String CONTENT="niſterium præbent, Diaconis autem ipſis parent."
                    HPOS="658"
                    VPOS="1047"
                    WIDTH="1049"
                    HEIGHT="80"
                    WC="0.995049309223256"></String>
          </TextLine>

          
          
          <TextLine ID="eSc_line_a5bf215f"
                    TAGREFS="LT4318"
                    BASELINE="664 1167 1710 1148" 
                    HPOS="663"
                    VPOS="1100"
                    WIDTH="1047"
                    HEIGHT="89">
            <Shape><Polygon POINTS="664 1167 664 1180 715 1189 716 1189 718 1189 748 1180 749 1179 828 1179 829 1179 838 1186 840 1186 841 1186 843 1186 895 1179 905 1177 942 1177 1088 1182 1090 1182 1198 1174 1259 1171 1277 1174 1305 1179 1307 1179 1308 1179 1310 1179 1316 1173 1320 1170 1326 1173 1334 1177 1335 1177 1337 1177 1710 1168 1710 1148 1708 1112 1677 1100 1676 1100 1674 1100 1673 1100 1627 1112 1551 1102 1549 1102 1464 1116 1362 1116 1325 1106 1323 1106 1322 1106 1320 1106 1296 1116 1286 1109 1284 1109 1283 1109 1282 1109 1238 1116 1219 1109 1218 1109 1216 1109 1215 1109 1213 1109 1198 1119 1118 1110 1116 1110 1063 1121 1032 1112 1030 1112 1029 1112 1027 1112 984 1124 916 1113 914 1113 913 1113 871 1125 825 1115 823 1115 822 1115 800 1127 745 1116 743 1116 742 1116 722 1127 678 1118 676 1118 675 1118 673 1118 673 1119 663 1127 664 1167"/></Shape>
	    <String CONTENT="Sed ex hoc loco de eo quoque inter quoſdam di¬"
                    HPOS="663"
                    VPOS="1100"
                    WIDTH="1047"
                    HEIGHT="89"
                    WC="0.991629473541094"></String>
          </TextLine>

          
          
          <TextLine ID="eSc_line_93134f50"
                    TAGREFS="LT4318"
                    BASELINE="663 1225 1708 1206" 
                    HPOS="661"
                    VPOS="1161"
                    WIDTH="1047"
                    HEIGHT="86">
            <Shape><Polygon POINTS="663 1225 663 1247 743 1238 899 1243 901 1243 999 1234 1008 1241 1009 1241 1011 1241 1012 1241 1014 1241 1039 1234 1057 1241 1058 1241 1060 1241 1103 1232 1119 1240 1121 1240 1122 1240 1348 1235 1350 1235 1351 1235 1360 1228 1463 1234 1464 1234 1466 1234 1467 1234 1552 1223 1625 1231 1627 1231 1628 1231 1667 1222 1705 1229 1708 1206 1704 1168 1536 1171 1531 1170 1506 1161 1505 1161 1503 1161 1451 1171 1441 1173 1430 1171 1384 1163 1383 1163 1381 1163 1362 1173 1359 1174 1354 1173 1337 1165 1335 1165 1334 1165 1332 1165 1302 1173 1296 1174 1289 1174 1232 1165 1231 1165 1229 1165 1194 1174 1182 1177 1168 1176 1130 1168 1128 1168 1127 1168 1125 1168 1125 1170 1118 1176 1113 1179 1078 1177 983 1170 981 1170 907 1171 905 1171 890 1179 883 1183 832 1180 786 1177 785 1177 757 1182 721 1186 713 1182 704 1176 703 1176 701 1176 700 1176 661 1182 663 1225"/></Shape>
	    <String CONTENT="ſputatum eſt, Vtrum honeſtum ſit mulieres re¬"
                    HPOS="661"
                    VPOS="1161"
                    WIDTH="1047"
                    HEIGHT="86"
                    WC="0.991399174266391"></String>
          </TextLine>

          
          
          <TextLine ID="eSc_line_f7558d98"
                    TAGREFS="LT4318"
                    BASELINE="667 1283 1708 1262" 
                    HPOS="666"
                    VPOS="1219"
                    WIDTH="1042"
                    HEIGHT="89">
            <Shape><Polygon POINTS="667 1283 667 1308 890 1295 935 1301 948 1302 950 1302 975 1299 1041 1292 1096 1296 1142 1299 1143 1299 1186 1293 1219 1289 1234 1292 1258 1298 1259 1298 1261 1298 1319 1289 1344 1286 1354 1289 1375 1295 1377 1295 1378 1295 1470 1293 1577 1281 1583 1281 1586 1281 1631 1290 1632 1290 1708 1277 1708 1262 1704 1228 1609 1228 1572 1219 1570 1219 1569 1219 1567 1219 1566 1219 1566 1221 1554 1231 1396 1232 1348 1223 1347 1223 1345 1223 1344 1223 1344 1225 1332 1234 1219 1228 1218 1228 1116 1237 1072 1229 1070 1229 1069 1229 1054 1237 1039 1229 1038 1229 1036 1229 962 1241 935 1232 933 1232 932 1232 892 1240 828 1234 826 1234 825 1234 823 1234 812 1244 666 1247 667 1283"/></Shape>
	    <String CONTENT="gnare, id eſt, viris imperare, &amp; ſummum impe¬"
                    HPOS="666"
                    VPOS="1219"
                    WIDTH="1042"
                    HEIGHT="89"
                    WC="0.985629473792182"></String>
          </TextLine>

          
          
          <TextLine ID="eSc_line_77c35050"
                    TAGREFS="LT4318"
                    BASELINE="664 1342 1711 1323" 
                    HPOS="663"
                    VPOS="1277"
                    WIDTH="1048"
                    HEIGHT="86">
            <Shape><Polygon POINTS="664 1342 664 1356 819 1363 820 1363 822 1363 823 1363 837 1354 838 1354 929 1359 931 1359 991 1351 996 1351 1000 1351 1045 1359 1047 1359 1048 1359 1070 1350 1072 1350 1087 1350 1210 1356 1212 1356 1304 1347 1320 1345 1328 1347 1362 1353 1363 1353 1365 1353 1387 1345 1389 1345 1392 1345 1442 1351 1444 1351 1711 1339 1711 1323 1708 1287 1644 1277 1643 1277 1641 1277 1640 1277 1624 1287 1481 1280 1479 1280 1478 1280 1476 1280 1463 1290 1461 1290 1307 1283 1305 1283 1228 1295 1224 1295 1216 1295 1082 1287 1081 1287 1079 1287 1045 1298 1044 1298 1042 1298 986 1289 984 1289 983 1289 959 1299 957 1299 956 1299 911 1290 910 1290 908 1290 907 1290 893 1301 890 1301 841 1292 840 1292 838 1292 837 1292 828 1299 804 1293 803 1293 801 1293 800 1293 798 1293 789 1302 788 1302 761 1296 759 1296 663 1304 664 1342"/></Shape>
	    <String CONTENT="rium &amp; ius in viros &amp; mares obtinere. Id quod in"
                    HPOS="663"
                    VPOS="1277"
                    WIDTH="1048"
                    HEIGHT="86"
                    WC="0.992457441985607"></String>
          </TextLine>

          
          
          <TextLine ID="eSc_line_3cd91caa"
                    TAGREFS="LT4318"
                    BASELINE="666 1399 1710 1380" 
                    HPOS="664"
                    VPOS="1334"
                    WIDTH="1046"
                    HEIGHT="92">
            <Shape><Polygon POINTS="666 1399 666 1414 721 1426 722 1426 759 1424 761 1424 762 1424 777 1414 884 1423 886 1423 887 1423 910 1411 945 1421 947 1421 948 1421 1008 1411 1041 1420 1042 1420 1044 1420 1045 1420 1072 1408 1165 1417 1167 1417 1168 1417 1194 1409 1360 1414 1362 1414 1363 1414 1365 1414 1365 1412 1377 1403 1463 1409 1464 1409 1466 1409 1491 1402 1546 1411 1548 1411 1710 1395 1710 1380 1707 1342 1667 1334 1665 1334 1664 1334 1646 1342 1644 1342 1606 1335 1604 1335 1557 1344 1546 1345 1533 1344 1469 1337 1467 1337 1466 1337 1432 1345 1424 1348 1344 1348 1337 1347 1308 1339 1307 1339 1305 1339 1247 1348 1224 1351 1206 1348 1161 1342 1160 1342 1158 1342 1130 1350 1118 1353 1103 1350 1067 1344 1066 1344 1064 1344 1063 1344 1054 1351 1049 1354 1029 1351 987 1345 986 1345 984 1345 969 1353 960 1356 941 1353 905 1347 904 1347 902 1347 889 1353 881 1357 867 1354 844 1348 843 1348 841 1348 840 1348 822 1354 809 1359 788 1354 762 1350 761 1350 664 1356 666 1399"/></Shape>
	    <String CONTENT="Hiſpania, Anglia, Scotia variiſque aliis regioni¬"
                    HPOS="664"
                    VPOS="1334"
                    WIDTH="1046"
                    HEIGHT="92"
                    WC="0.994174934163386"></String>
          </TextLine>

          
          
          <TextLine ID="eSc_line_93cbd35b"
                    TAGREFS="LT4318"
                    BASELINE="666 1458 1710 1439" 
                    HPOS="664"
                    VPOS="1395"
                    WIDTH="1046"
                    HEIGHT="78">
            <Shape><Polygon POINTS="666 1458 666 1473 1708 1463 1710 1439 1705 1400 1658 1403 1653 1400 1646 1395 1644 1395 1643 1395 1641 1395 1640 1395 1638 1395 1631 1400 1624 1406 1515 1406 1502 1402 1485 1397 1484 1397 1482 1397 1447 1403 1420 1408 1399 1403 1378 1400 1377 1400 1375 1400 1365 1405 1353 1409 1298 1405 1246 1402 1244 1402 1213 1406 1177 1412 1116 1408 1067 1405 1066 1405 1064 1405 1063 1405 1058 1409 1048 1417 986 1417 933 1411 905 1408 904 1408 877 1411 823 1420 780 1412 765 1411 764 1411 762 1411 755 1414 731 1421 664 1415 666 1458"/></Shape>
	    <String CONTENT="bus locum habet. Cuius etiam rei extant exem¬"
                    HPOS="664"
                    VPOS="1395"
                    WIDTH="1046"
                    HEIGHT="78"
                    WC="0.993877408239577"></String>
          </TextLine>

          
          
          <TextLine ID="eSc_line_51afccfc"
                    TAGREFS="LT4318"
                    BASELINE="669 1516 1714 1500" 
                    HPOS="667"
                    VPOS="1454"
                    WIDTH="1047"
                    HEIGHT="86">
            <Shape><Polygon POINTS="669 1516 669 1540 1714 1518 1714 1500 1711 1463 1619 1454 1618 1454 1616 1454 1585 1464 1582 1464 1577 1464 1524 1455 1522 1455 1521 1455 1519 1455 1505 1466 1503 1466 1490 1466 1405 1458 1403 1458 1402 1458 1400 1458 1390 1467 1389 1469 1216 1470 1213 1469 1204 1461 1203 1461 1201 1461 1200 1461 1164 1469 1145 1461 1143 1461 1142 1461 1066 1472 1058 1472 1052 1472 999 1464 997 1464 960 1473 950 1475 939 1473 895 1466 893 1466 892 1466 865 1475 856 1476 847 1475 815 1467 813 1467 812 1467 791 1475 788 1476 783 1475 754 1469 752 1469 751 1469 734 1476 730 1478 727 1476 709 1469 707 1469 706 1469 667 1476 669 1516"/></Shape>
	    <String CONTENT="pla in Semiramide Aſſyriorum regina, Candace"
                    HPOS="667"
                    VPOS="1454"
                    WIDTH="1047"
                    HEIGHT="86"
                    WC="0.985532847317782"></String>
          </TextLine>

          
          
          <TextLine ID="eSc_line_0c03bebb"
                    TAGREFS="LT4318"
                    BASELINE="666 1577 1707 1555" 
                    HPOS="664"
                    VPOS="1511"
                    WIDTH="1043"
                    HEIGHT="90">
            <Shape><Polygon POINTS="666 1577 666 1594 712 1601 713 1601 752 1592 759 1591 767 1592 798 1600 800 1600 801 1600 944 1588 966 1586 969 1586 991 1595 993 1595 994 1595 996 1595 997 1595 1011 1586 1012 1585 1020 1586 1063 1594 1064 1594 1066 1594 1067 1594 1081 1585 1082 1583 1088 1585 1133 1592 1134 1592 1235 1580 1241 1580 1244 1580 1287 1589 1289 1589 1290 1589 1314 1579 1351 1586 1353 1586 1354 1586 1374 1579 1393 1586 1395 1586 1396 1586 1522 1577 1566 1583 1567 1583 1569 1583 1586 1576 1634 1582 1635 1582 1707 1569 1707 1555 1704 1519 1631 1511 1630 1511 1628 1511 1589 1521 1588 1522 1400 1525 1398 1525 1354 1516 1353 1516 1351 1516 1350 1516 1337 1527 1335 1527 1331 1527 1273 1519 1271 1519 1270 1519 1246 1527 1212 1519 1210 1519 1209 1519 1207 1519 1207 1521 1198 1530 1197 1530 1189 1530 1090 1522 1088 1522 1087 1522 1085 1522 1070 1533 1067 1533 1055 1533 939 1525 938 1525 936 1525 917 1536 916 1536 902 1536 736 1530 734 1530 664 1540 666 1577"/></Shape>
	    <String CONTENT="Ethiopum Actor.8. verſ.27. Cleopatra Ægy¬"
                    HPOS="664"
                    VPOS="1511"
                    WIDTH="1043"
                    HEIGHT="90"></String>
          </TextLine>

          
          
          <TextLine ID="eSc_line_9936e622"
                    TAGREFS="LT4318"
                    BASELINE="666 1634 1716 1616" 
                    HPOS="664"
                    VPOS="1573"
                    WIDTH="1052"
                    HEIGHT="83">
            <Shape><Polygon POINTS="666 1634 666 1646 743 1656 745 1656 843 1644 926 1653 928 1653 929 1653 959 1643 1012 1652 1014 1652 1054 1643 1073 1650 1075 1650 1076 1650 1119 1643 1160 1649 1161 1649 1163 1649 1191 1638 1219 1646 1221 1646 1222 1646 1290 1637 1305 1646 1307 1646 1308 1646 1310 1646 1357 1638 1414 1644 1415 1644 1417 1644 1438 1635 1516 1643 1518 1643 1606 1632 1683 1640 1685 1640 1686 1640 1716 1628 1716 1616 1713 1582 1485 1573 1484 1573 1482 1573 1441 1585 1427 1574 1426 1574 1424 1574 1365 1574 1363 1574 1362 1574 1360 1574 1344 1586 1331 1576 1329 1576 1328 1576 1326 1576 1279 1588 1274 1588 1268 1588 1197 1577 1195 1577 1194 1577 1148 1589 1145 1589 1140 1589 1075 1580 1073 1580 1021 1591 1012 1592 1005 1591 959 1582 957 1582 956 1582 954 1582 939 1592 923 1583 922 1583 868 1583 867 1583 865 1583 841 1594 837 1595 815 1594 722 1586 721 1586 664 1595 666 1634"/></Shape>
	    <String CONTENT="ptiorum ſub Auguſto, &amp; Zenobia fortiſſima mu¬"
                    HPOS="664"
                    VPOS="1573"
                    WIDTH="1052"
                    HEIGHT="83"
                    WC="0.979521755377452"></String>
          </TextLine>

          
          
          <TextLine ID="eSc_line_74256215"
                    TAGREFS="LT4318"
                    BASELINE="664 1693 1716 1673" 
                    HPOS="663"
                    VPOS="1627"
                    WIDTH="1053"
                    HEIGHT="87">
            <Shape><Polygon POINTS="664 1693 664 1713 752 1707 789 1711 812 1714 813 1714 815 1714 816 1714 816 1713 819 1711 825 1705 850 1710 870 1713 871 1713 873 1713 880 1710 890 1704 902 1708 910 1711 911 1711 913 1711 914 1711 925 1708 939 1704 974 1707 1012 1710 1014 1710 1072 1704 1119 1699 1170 1701 1231 1704 1232 1704 1256 1699 1271 1696 1286 1698 1325 1704 1326 1704 1328 1704 1345 1696 1350 1695 1405 1695 1638 1698 1640 1698 1716 1686 1716 1673 1711 1631 1667 1635 1655 1631 1640 1627 1638 1627 1637 1627 1635 1627 1618 1632 1606 1637 1601 1632 1597 1628 1595 1628 1594 1628 1557 1628 1555 1628 1554 1628 1552 1628 1543 1634 1534 1641 1503 1641 1493 1635 1484 1631 1482 1631 1418 1631 1417 1631 1415 1631 1414 1631 1406 1638 1400 1643 1387 1638 1368 1632 1366 1632 1365 1632 1363 1632 1344 1640 1335 1643 1331 1640 1322 1634 1320 1634 1319 1634 1317 1634 1316 1634 1293 1641 1282 1646 1100 1649 1082 1646 1045 1640 1044 1640 1042 1640 1041 1640 1030 1647 1024 1652 990 1652 986 1649 969 1640 968 1640 966 1640 861 1649 804 1643 803 1643 663 1656 664 1693"/></Shape>
	    <String CONTENT="liere ſub Adriano imperatore (cuius Zenobiæ im¬"
                    HPOS="663"
                    VPOS="1627"
                    WIDTH="1053"
                    HEIGHT="87"
                    WC="0.998394226774256"></String>
          </TextLine>

          
          
          <TextLine ID="eSc_line_dd008d61"
                    TAGREFS="LT4318"
                    BASELINE="670 1751 1714 1732" 
                    HPOS="669"
                    VPOS="1687"
                    WIDTH="1045"
                    HEIGHT="85">
            <Shape><Polygon POINTS="670 1751 670 1772 1714 1748 1714 1732 1711 1696 1603 1687 1601 1687 1600 1687 1576 1696 1576 1698 1470 1698 1466 1698 1411 1689 1409 1689 1328 1690 1326 1690 1325 1690 1313 1699 1307 1702 1283 1699 1231 1692 1229 1692 1186 1693 1185 1693 1183 1693 1174 1701 1168 1704 1142 1701 1097 1695 1096 1695 1094 1695 1081 1701 1067 1707 1051 1701 1036 1696 1035 1696 1033 1696 1005 1702 972 1708 945 1702 936 1701 935 1701 923 1702 881 1710 871 1702 867 1699 865 1699 864 1699 862 1699 838 1704 791 1711 774 1704 768 1701 767 1701 765 1701 748 1704 718 1710 669 1705 670 1751"/></Shape>
	    <String CONTENT="perio etiam multæ Eccleſiæ Chriſtianæ parue¬"
                    HPOS="669"
                    VPOS="1687"
                    WIDTH="1045"
                    HEIGHT="85"
                    WC="0.977560536427931"></String>
          </TextLine>

          
          
          <TextLine ID="eSc_line_deccf7fe"
                    TAGREFS="LT4318"
                    BASELINE="672 1808 1717 1792" 
                    HPOS="670"
                    VPOS="1747"
                    WIDTH="1047"
                    HEIGHT="82">
            <Shape><Polygon POINTS="672 1808 672 1823 954 1829 956 1829 957 1829 991 1820 1524 1820 1525 1820 1717 1806 1717 1792 1714 1751 1635 1747 1634 1747 1632 1747 1631 1747 1625 1753 1618 1757 1569 1754 1533 1751 1531 1751 1505 1756 1479 1759 1467 1756 1447 1750 1445 1750 1444 1750 1442 1750 1414 1757 1400 1760 1390 1757 1369 1751 1368 1751 1366 1751 1302 1759 1292 1760 1289 1760 1271 1753 1270 1753 1268 1753 1170 1754 1168 1754 1149 1763 1143 1765 1130 1763 1082 1756 1081 1756 1079 1756 1054 1765 1048 1766 1036 1765 974 1757 972 1757 971 1757 969 1757 954 1766 951 1769 859 1769 853 1769 792 1760 791 1760 670 1772 672 1808"/></Shape>
	    <String CONTENT="runt. In populo autem Dei nihil quicquam tale"
                    HPOS="670"
                    VPOS="1747"
                    WIDTH="1047"
                    HEIGHT="82"
                    WC="0.996913568178813"></String>
          </TextLine>

          
          
          <TextLine ID="eSc_line_4afbea1a"
                    TAGREFS="LT4318"
                    BASELINE="670 1867 1719 1851" 
                    HPOS="669"
                    VPOS="1805"
                    WIDTH="1050"
                    HEIGHT="85">
            <Shape><Polygon POINTS="670 1867 670 1882 740 1890 742 1890 806 1882 809 1882 831 1882 1197 1882 1198 1882 1221 1878 1241 1875 1719 1875 1719 1851 1717 1815 1683 1805 1682 1805 1680 1805 1679 1805 1643 1814 1598 1808 1597 1808 1595 1808 1594 1808 1585 1815 1433 1808 1432 1808 1375 1817 1308 1811 1307 1811 1305 1811 1282 1820 1277 1820 1268 1820 1216 1812 1215 1812 1163 1820 1142 1823 1121 1821 1063 1814 1061 1814 1060 1814 1044 1821 1041 1823 1035 1821 1009 1815 1008 1815 1006 1815 971 1823 948 1826 669 1826 670 1867"/></Shape>
	    <String CONTENT="habemus, ſiue Iudaicum ſiue Iſraëliticum regnũ"
                    HPOS="669"
                    VPOS="1805"
                    WIDTH="1050"
                    HEIGHT="85"
                    WC="0.97837550068895"></String>
          </TextLine>

          
          
          <TextLine ID="eSc_line_16d56487"
                    TAGREFS="LT4318"
                    BASELINE="670 1925 1716 1909" 
                    HPOS="669"
                    VPOS="1863"
                    WIDTH="1047"
                    HEIGHT="76">
            <Shape><Polygon POINTS="670 1925 670 1939 1716 1930 1716 1909 1713 1873 1563 1863 1561 1863 1560 1863 1530 1873 1502 1864 1500 1864 1499 1864 1438 1875 1426 1878 1362 1878 1359 1876 1337 1866 1335 1866 1334 1866 1293 1875 1265 1867 1264 1867 1262 1867 1261 1867 1244 1876 1241 1878 1238 1876 1219 1870 1218 1870 1216 1870 1215 1870 1213 1870 1204 1876 1200 1879 1188 1878 1145 1869 1143 1869 1142 1869 1112 1878 1100 1881 1032 1878 901 1873 899 1873 898 1873 875 1879 856 1885 792 1885 785 1881 773 1875 771 1875 770 1875 669 1881 670 1925"/></Shape>
	    <String CONTENT="ſpectetur. Nam quod de Athalia poteſt afferri 2."
                    HPOS="669"
                    VPOS="1863"
                    WIDTH="1047"
                    HEIGHT="76"
                    WC="0.983252505461375"></String>
          </TextLine>

          
          
          <TextLine ID="eSc_line_d25c3cfa"
                    TAGREFS="LT4318"
                    BASELINE="673 1985 1720 1969" 
                    HPOS="672"
                    VPOS="1921"
                    WIDTH="1048"
                    HEIGHT="85">
            <Shape><Polygon POINTS="673 1985 673 2006 1720 1988 1720 1969 1717 1933 1644 1921 1643 1921 1592 1933 1589 1933 1585 1933 1539 1925 1537 1925 1476 1933 1464 1934 1457 1933 1418 1924 1417 1924 1415 1924 1396 1933 1390 1937 1337 1937 1329 1934 1316 1925 1314 1925 1313 1925 1311 1925 1267 1934 1241 1939 1221 1934 1189 1927 1188 1927 1131 1934 1110 1937 1099 1934 1073 1928 1072 1928 1070 1928 1069 1928 1057 1934 1049 1939 1029 1934 999 1930 997 1930 996 1930 983 1936 971 1940 966 1936 962 1931 960 1931 959 1931 868 1931 867 1931 865 1931 864 1931 859 1936 847 1945 672 1937 673 1985"/></Shape>
	    <String CONTENT="Reg. 11. facile diluitur: fuit enim vſurpatio &amp; in¬"
                    HPOS="672"
                    VPOS="1921"
                    WIDTH="1048"
                    HEIGHT="85"
                    WC="0.995566517698999"></String>
          </TextLine>

          
          
          <TextLine ID="eSc_line_2ffbb41e"
                    TAGREFS="LT4318"
                    BASELINE="673 2041 1719 2027" 
                    HPOS="672"
                    VPOS="1982"
                    WIDTH="1047"
                    HEIGHT="82">
            <Shape><Polygon POINTS="673 2041 673 2058 875 2064 877 2064 957 2055 968 2055 986 2055 1088 2059 1090 2059 1091 2059 1093 2059 1100 2053 1103 2052 1124 2053 1194 2059 1195 2059 1246 2052 1259 2050 1268 2052 1298 2058 1299 2058 1301 2058 1323 2052 1332 2049 1353 2050 1402 2056 1403 2056 1451 2050 1470 2047 1719 2047 1719 2027 1716 1994 1635 1982 1634 1982 1632 1982 1607 1994 1606 1994 1539 1983 1537 1983 1536 1983 1503 1995 1500 1997 1395 1997 1392 1995 1372 1986 1371 1986 1369 1986 1368 1986 1366 1986 1353 1997 1351 1998 1320 1998 1319 1997 1307 1986 1305 1986 1304 1986 1302 1986 1158 1991 1157 1991 1140 1998 1136 2000 1110 1998 1015 1991 1014 1991 1012 1991 986 2000 974 2003 962 2000 935 1992 933 1992 932 1992 898 2000 878 2006 852 2006 847 2001 840 1995 840 1994 838 1994 837 1994 835 1994 834 1994 816 2001 807 2006 771 2006 762 2001 751 1995 749 1995 748 1995 672 2001 673 2041"/></Shape>
	    <String CONTENT="uaſio iniuſta regni ea Athaliæ dominatio: non"
                    HPOS="672"
                    VPOS="1982"
                    WIDTH="1047"
                    HEIGHT="82"></String>
          </TextLine>

          
          
          <TextLine ID="eSc_line_aae77ce5"
                    TAGREFS="LT4318"
                    BASELINE="670 2098 1722 2086" 
                    HPOS="669"
                    VPOS="2041"
                    WIDTH="1053"
                    HEIGHT="81">
            <Shape><Polygon POINTS="670 2098 670 2113 898 2122 899 2122 987 2111 1061 2120 1063 2120 1210 2117 1212 2117 1244 2108 1323 2117 1325 2117 1415 2116 1417 2116 1454 2105 1458 2105 1469 2105 1569 2114 1570 2114 1612 2113 1613 2113 1615 2113 1624 2104 1625 2104 1720 2104 1722 2086 1716 2041 1689 2050 1650 2043 1649 2043 1647 2043 1646 2043 1604 2050 1595 2043 1594 2043 1592 2043 1591 2043 1589 2043 1588 2043 1573 2052 1488 2046 1482 2046 1481 2046 1467 2046 1353 2053 1335 2049 1325 2046 1323 2046 1322 2046 1320 2046 1319 2046 1314 2049 1304 2055 1243 2050 1192 2047 1191 2047 1112 2053 1049 2058 1008 2055 929 2050 928 2050 884 2058 874 2059 868 2058 843 2052 841 2052 840 2052 804 2059 795 2061 777 2061 684 2053 682 2053 681 2053 679 2053 669 2058 670 2098"/></Shape>
	    <String CONTENT="autem regnum &amp; poteſtas legitima cui populus"
                    HPOS="669"
                    VPOS="2041"
                    WIDTH="1053"
                    HEIGHT="81"
                    WC="0.998762566934932"></String>
          </TextLine>

          
          
          <TextLine ID="eSc_line_6196976b"
                    TAGREFS="LT4318"
                    BASELINE="670 2159 1720 2143" 
                    HPOS="669"
                    VPOS="2098"
                    WIDTH="1051"
                    HEIGHT="101">
            <Shape><Polygon POINTS="670 2159 670 2199 817 2199 819 2199 820 2199 823 2196 840 2181 861 2181 880 2189 881 2189 883 2189 939 2181 981 2192 989 2193 990 2193 991 2193 993 2193 994 2193 996 2192 1005 2184 1017 2190 1023 2193 1024 2193 1026 2193 1027 2193 1033 2190 1052 2180 1087 2189 1115 2195 1116 2195 1118 2195 1119 2195 1131 2187 1142 2181 1174 2186 1212 2190 1213 2190 1215 2190 1237 2184 1265 2175 1293 2181 1337 2192 1338 2192 1420 2190 1421 2190 1423 2190 1438 2177 1441 2175 1454 2177 1522 2186 1524 2186 1525 2186 1527 2186 1527 2184 1539 2174 1543 2171 1597 2171 1600 2172 1618 2184 1619 2184 1621 2184 1622 2184 1624 2184 1655 2171 1659 2169 1719 2169 1720 2143 1714 2098 1677 2108 1595 2099 1579 2098 1577 2098 1576 2098 1570 2099 1527 2111 1509 2101 1509 2099 1508 2099 1506 2099 1505 2099 1503 2099 1502 2099 1502 2101 1485 2111 1375 2105 1374 2105 1372 2105 1335 2114 1279 2104 1270 2102 1268 2102 1256 2104 1191 2116 1148 2107 1146 2107 1069 2117 1017 2117 1002 2107 1000 2107 999 2107 997 2107 899 2108 898 2108 895 2108 858 2123 817 2123 798 2110 797 2110 795 2110 794 2110 669 2111 670 2159"/></Shape>
	    <String CONTENT="lubens aſſentiretur vt poſtea apparuit. Quare"
                    HPOS="669"
                    VPOS="2098"
                    WIDTH="1051"
                    HEIGHT="101"
                    WC="0.99602974123425"></String>
          </TextLine>

          
        </TextBlock>
        
        <TextBlock HPOS="1580.223388671875"
                   VPOS="2166.18359375"
                   WIDTH="144.9017333984375"
                   HEIGHT="52.108642578125"
                   ID="block_3"
                   TAGREFS="BT10978">
          <Shape><Polygon POINTS="1580.22 2166.18 1725.13 2166.18 1725.13 2218.29 1580.22 2218.29 1580.22 2166.18"/></Shape>
          
          
          <TextLine ID="eSc_line_d5e79e7c"
                    TAGREFS="LT4318"
                    BASELINE="1607 2205 1723 2202" 
                    HPOS="1604"
                    VPOS="2154"
                    WIDTH="119"
                    HEIGHT="87">
            <Shape><Polygon POINTS="1714 2166 1688 2154 1686 2154 1685 2154 1683 2154 1656 2165 1643 2169 1604 2162 1607 2205 1607 2226 1638 2226 1640 2227 1653 2239 1653 2241 1655 2241 1656 2241 1658 2241 1723 2232 1723 2202 1722 2192 1714 2166"/></Shape>
	    <String CONTENT="iuſtè"
                    HPOS="1604"
                    VPOS="2154"
                    WIDTH="119"
                    HEIGHT="87"
                    WC="0.888544946908951"></String>
          </TextLine>

          
        </TextBlock>
        

        
      </PrintSpace>
    </Page>
  </Layout>
</alto>
