<?xml version="1.0" encoding="UTF-8"?>
<alto xmlns:xsi="http://www.w3.org/2001/XMLSchema-instance"
      xmlns="http://www.loc.gov/standards/alto/ns-v4#"
      xsi:schemaLocation="http://www.loc.gov/standards/alto/ns-v4# http://www.loc.gov/standards/alto/v4/alto-4-2.xsd">
  <Description>
    <MeasurementUnit>pixel</MeasurementUnit>
    <sourceImageInformation>
      <fileName>2012969.png</fileName>
      
    </sourceImageInformation>
  </Description>
  
  <Tags>
    <OtherTag ID="BT10983" LABEL="GraphicZone" DESCRIPTION="block type GraphicZone"/><OtherTag ID="BT10982" LABEL="DropCapitalZone" DESCRIPTION="block type DropCapitalZone"/><OtherTag ID="BT10981" LABEL="RunningTitleZone" DESCRIPTION="block type RunningTitleZone"/><OtherTag ID="BT10980" LABEL="NumberingZone" DESCRIPTION="block type NumberingZone"/><OtherTag ID="BT10979" LABEL="TitlePageZone" DESCRIPTION="block type TitlePageZone"/><OtherTag ID="BT10978" LABEL="QuireMarksZone" DESCRIPTION="block type QuireMarksZone"/><OtherTag ID="BT10977" LABEL="MainZone" DESCRIPTION="block type MainZone"/><OtherTag ID="BT10976" LABEL="MarginTextZone" DESCRIPTION="block type MarginTextZone"/>
    <OtherTag ID="LT4321" LABEL="default" DESCRIPTION="line type default"/><OtherTag ID="LT4319" LABEL="HeadingLine" DESCRIPTION="line type HeadingLine"/><OtherTag ID="LT4318" LABEL="DefaultLine" DESCRIPTION="line type DefaultLine"/><OtherTag ID="LT4320" LABEL="CustomLine : BiblicalText" DESCRIPTION="line type CustomLine : BiblicalText"/>
  </Tags>
  
  <Layout>
    <Page WIDTH="1807"
          HEIGHT="2677"
          PHYSICAL_IMG_NR="16"
          ID="eSc_dummypage_">
      <PrintSpace HPOS="0"
                  VPOS="0"
                  WIDTH="1807"
                  HEIGHT="2677">
        
        <TextBlock HPOS="437.6126403808594"
                   VPOS="156.6608428955078"
                   WIDTH="356.3670349121094"
                   HEIGHT="54.63462829589844"
                   ID="block_0"
                   TAGREFS="BT10981">
          <Shape><Polygon POINTS="437.613 156.661 793.98 156.661 793.98 211.295 437.613 211.295 437.613 156.661"/></Shape>
          
          
          <TextLine ID="eSc_line_3ae2ee3c"
                    TAGREFS="LT4319"
                    BASELINE="438 196 789 196" 
                    HPOS="438"
                    VPOS="150"
                    WIDTH="351"
                    HEIGHT="70">
            <Shape><Polygon POINTS="438 196 438 220 550 220 550 218 551 218 553 218 557 215 568 208 620 214 643 215 645 215 646 215 648 215 651 212 660 206 704 211 773 217 774 217 776 217 777 217 789 209 789 196 789 165 666 165 655 159 638 150 636 150 635 150 633 150 632 150 632 151 626 157 621 162 609 156 603 154 602 154 600 154 599 154 594 156 577 163 553 154 541 150 539 150 538 150 536 150 535 150 530 153 517 163 493 151 489 150 487 150 443 150 438 151"/></Shape>
	    <String CONTENT="CAPVT II."
                    HPOS="438"
                    VPOS="150"
                    WIDTH="351"
                    HEIGHT="70"
                    WC="0.995644066068861"></String>
          </TextLine>

          
        </TextBlock>
        
        <TextBlock HPOS="1095.0787353515625"
                   VPOS="158.23184204101562"
                   WIDTH="73.8580322265625"
                   HEIGHT="54.1063232421875"
                   ID="block_1"
                   TAGREFS="BT10980">
          <Shape><Polygon POINTS="1095.08 158.232 1168.94 158.232 1168.94 212.338 1095.08 212.338 1095.08 158.232"/></Shape>
          
          
          <TextLine ID="eSc_line_a614f81b"
                    TAGREFS="LT4318"
                    BASELINE="1107 202 1148 202" 
                    HPOS="1107"
                    VPOS="148"
                    WIDTH="41"
                    HEIGHT="78">
            <Shape><Polygon POINTS="1137 148 1122 148 1107 148 1107 202 1107 221 1146 226 1148 202 1148 150 1137 148 1137 148"/></Shape>
	    <String CONTENT="57"
                    HPOS="1107"
                    VPOS="148"
                    WIDTH="41"
                    HEIGHT="78"
                    WC="0.999936103820801"></String>
          </TextLine>

          
        </TextBlock>
        
        <TextBlock HPOS="103.66354370117188"
                   VPOS="223.33120727539062"
                   WIDTH="1069.0002746582031"
                   HEIGHT="1944.7171325683594"
                   ID="block_2"
                   TAGREFS="BT10977">
          <Shape><Polygon POINTS="103.664 223.331 1172.66 223.331 1172.66 2168.05 103.664 2168.05 103.664 223.331"/></Shape>
          
          
          <TextLine ID="eSc_line_8a0289fe"
                    TAGREFS="LT4318"
                    BASELINE="121 272 1164 260" 
                    HPOS="120"
                    VPOS="211"
                    WIDTH="1044"
                    HEIGHT="87">
            <Shape><Polygon POINTS="121 298 214 288 246 297 248 297 249 297 251 297 380 295 382 295 386 294 406 287 414 294 416 294 417 294 419 295 481 295 481 294 483 294 484 294 486 292 493 285 504 291 507 292 508 292 510 294 642 294 642 292 643 292 651 288 664 281 809 281 826 285 838 288 840 288 841 288 868 284 904 279 1163 279 1164 260 1161 221 1057 211 1055 211 986 221 936 212 935 212 933 212 892 223 852 215 850 215 849 215 831 223 810 214 809 214 807 214 806 214 804 214 791 223 678 215 676 215 629 226 574 217 572 217 571 217 541 226 520 218 519 218 517 218 397 227 385 218 383 218 382 218 380 218 379 218 343 227 316 220 315 220 313 220 312 220 294 229 251 220 249 220 248 220 226 230 159 221 157 221 156 221 120 232 121 272"/></Shape>
	    <String CONTENT="3.Verſ. 16. Secunda, Quod ad vnum &amp; eundem"
                    HPOS="120"
                    VPOS="211"
                    WIDTH="1044"
                    HEIGHT="87"
                    WC="0.97253870396387"></String>
          </TextLine>

          
          
          <TextLine ID="eSc_line_2e99731d"
                    TAGREFS="LT4318"
                    BASELINE="118 331 1161 316" 
                    HPOS="117"
                    VPOS="273"
                    WIDTH="1044"
                    HEIGHT="77">
            <Shape><Polygon POINTS="118 331 118 350 1161 337 1161 316 1158 282 1054 273 1052 273 950 285 939 285 929 285 853 276 852 276 850 276 816 287 815 287 801 278 800 278 798 278 797 278 734 288 727 288 721 288 663 279 661 279 660 279 629 290 626 291 487 291 486 291 450 282 449 282 447 282 446 282 444 282 428 291 236 287 234 287 233 287 209 294 147 287 145 287 144 287 117 295 118 331"/></Shape>
	    <String CONTENT="nos reuocat tota veteris &amp; noui teſtamenti ſcri¬"
                    HPOS="117"
                    VPOS="273"
                    WIDTH="1044"
                    HEIGHT="77"
                    WC="0.967129811644554"></String>
          </TextLine>

          
          
          <TextLine ID="eSc_line_badd5fc2"
                    TAGREFS="LT4318"
                    BASELINE="120 388 1160 373" 
                    HPOS="118"
                    VPOS="328"
                    WIDTH="1042"
                    HEIGHT="83">
            <Shape><Polygon POINTS="120 388 120 411 327 401 392 406 411 407 413 407 414 407 419 406 432 400 462 404 472 406 474 406 492 404 536 398 676 400 838 401 840 401 841 401 843 401 849 395 852 394 914 394 1107 397 1109 397 1160 388 1160 373 1157 339 1073 328 1072 328 971 331 969 331 950 342 947 343 939 342 901 333 899 333 898 333 870 343 868 345 678 346 652 334 651 334 649 334 648 334 646 334 646 336 635 348 633 348 630 348 568 336 566 336 565 336 563 336 563 337 550 348 496 339 495 339 493 339 492 339 478 349 426 349 410 339 408 339 407 339 406 339 404 339 362 349 249 340 248 340 246 340 199 353 139 348 138 348 136 348 118 353 120 388"/></Shape>
	    <String CONTENT="ptura. Veteris enim Legis cæremoniæ &amp; ſacrifi¬"
                    HPOS="118"
                    VPOS="328"
                    WIDTH="1042"
                    HEIGHT="83"
                    WC="0.975657027700673"></String>
          </TextLine>

          
          
          <TextLine ID="eSc_line_fe9bbbb5"
                    TAGREFS="LT4318"
                    BASELINE="118 446 1163 435" 
                    HPOS="117"
                    VPOS="391"
                    WIDTH="1046"
                    HEIGHT="78">
            <Shape><Polygon POINTS="118 446 118 466 175 461 188 466 196 469 197 469 199 469 318 468 319 468 328 464 339 459 359 464 386 468 388 468 389 468 404 462 414 458 422 462 425 465 426 465 428 465 498 466 499 466 501 466 502 466 511 461 517 458 530 461 563 466 565 466 566 466 580 459 585 456 611 459 661 465 663 465 664 465 666 465 673 458 676 456 709 458 792 461 794 461 858 455 878 453 898 455 1011 462 1012 462 1163 449 1163 435 1161 401 1142 391 1140 391 1139 391 1035 400 1014 391 1012 391 1011 391 1009 391 989 401 819 395 817 395 816 395 815 395 806 403 759 394 758 394 712 404 565 395 563 395 511 406 434 397 432 397 431 397 411 407 342 398 340 398 339 398 309 407 157 400 156 400 154 400 117 410 118 446"/></Shape>
	    <String CONTENT="cia nos ad eundem Chriſtum deducunt, ad quem"
                    HPOS="117"
                    VPOS="391"
                    WIDTH="1046"
                    HEIGHT="78"
                    WC="0.976628136905757"></String>
          </TextLine>

          
          
          <TextLine ID="eSc_line_41b22ce2"
                    TAGREFS="LT4318"
                    BASELINE="117 504 1160 492" 
                    HPOS="116"
                    VPOS="446"
                    WIDTH="1044"
                    HEIGHT="81">
            <Shape><Polygon POINTS="117 504 117 520 376 527 377 527 417 519 425 517 428 519 440 526 441 526 443 526 444 526 446 526 461 519 492 526 493 526 495 526 532 519 542 516 548 517 566 524 568 524 569 524 571 524 591 517 599 516 606 517 635 524 636 524 638 524 678 517 687 516 700 517 761 523 762 523 764 523 765 523 765 522 771 516 774 514 782 516 798 520 800 520 801 520 803 520 812 516 819 513 861 516 905 519 907 519 923 516 941 511 954 514 971 520 972 520 974 520 1160 513 1160 492 1154 446 1115 459 1084 447 1082 447 1081 447 1078 447 1024 461 996 453 994 453 993 453 959 461 936 450 932 449 931 449 929 449 928 449 922 452 893 462 868 452 862 450 861 450 859 450 844 453 804 462 780 455 767 450 765 450 764 450 709 453 707 453 706 453 701 456 690 465 626 465 602 459 581 453 580 453 578 453 577 453 575 453 568 459 560 466 502 466 478 462 431 455 429 455 428 455 406 464 397 466 382 464 353 459 352 459 350 459 325 465 316 468 313 465 303 458 303 456 301 456 300 456 257 456 255 456 254 456 209 468 202 471 171 471 169 469 153 458 151 458 150 458 148 458 147 458 116 468 117 504"/></Shape>
	    <String CONTENT="etiam Euangelium. Itaque Chriſtus is, qui per"
                    HPOS="116"
                    VPOS="446"
                    WIDTH="1044"
                    HEIGHT="81"
                    WC="0.992644687493642"></String>
          </TextLine>

          
          
          <TextLine ID="eSc_line_189d4f51"
                    TAGREFS="LT4318"
                    BASELINE="114 565 1157 550" 
                    HPOS="113"
                    VPOS="505"
                    WIDTH="1044"
                    HEIGHT="85">
            <Shape><Polygon POINTS="114 565 116 590 145 581 368 585 425 585 426 585 428 585 434 584 458 577 504 582 522 584 523 584 524 584 533 581 554 575 642 580 688 581 690 581 712 578 749 572 791 577 829 580 831 580 832 580 834 580 840 575 847 571 914 574 986 577 987 577 989 577 1003 572 1012 569 1157 569 1157 550 1154 514 1107 505 1106 505 1064 514 1060 514 1058 514 1041 505 1039 505 1038 505 1036 505 1035 505 1035 507 1026 514 1023 516 1012 514 981 508 980 508 978 508 977 508 968 514 965 516 962 514 942 505 941 505 856 505 855 505 853 505 852 505 838 514 828 520 780 520 764 514 740 507 739 507 737 507 682 514 626 522 542 514 501 511 499 511 498 511 496 511 492 514 478 524 373 524 331 514 321 513 319 513 318 513 309 514 282 522 229 514 220 514 218 514 217 514 215 514 199 527 113 516 114 565"/></Shape>
	    <String CONTENT="Euangelium prædicatur, dicitur eſſe finis legis."
                    HPOS="113"
                    VPOS="505"
                    WIDTH="1044"
                    HEIGHT="85"
                    WC="0.970124162733555"></String>
          </TextLine>

          
          
          <TextLine ID="eSc_line_a5d859d4"
                    TAGREFS="LT4318"
                    BASELINE="126 621 1152 608" 
                    HPOS="124"
                    VPOS="565"
                    WIDTH="1028"
                    HEIGHT="78">
            <Shape><Polygon POINTS="126 621 126 638 350 643 352 643 406 638 429 635 440 638 459 642 461 642 462 642 522 636 560 633 568 636 578 640 580 640 581 640 582 640 591 636 602 630 704 630 771 636 801 638 803 638 858 635 1036 626 1149 633 1152 608 1148 568 1076 574 1063 568 1055 565 1054 565 1052 565 1033 568 1000 575 971 569 957 566 956 566 954 566 947 569 929 575 914 569 908 568 907 568 905 568 904 568 902 568 901 569 892 577 807 578 688 572 661 571 660 571 658 571 657 571 657 572 655 572 648 580 563 574 545 572 544 572 542 572 539 574 524 581 480 574 466 572 465 572 464 572 456 574 425 582 395 575 391 574 389 574 388 574 386 574 383 575 371 581 306 575 294 575 292 575 291 575 290 575 279 584 124 578 126 621"/></Shape>
	    <String CONTENT="Tertia, Quemadmodum Deus non habet duos"
                    HPOS="124"
                    VPOS="565"
                    WIDTH="1028"
                    HEIGHT="78"
                    WC="0.962047529526246"></String>
          </TextLine>

          
          
          <TextLine ID="eSc_line_9b318574"
                    TAGREFS="LT4318"
                    BASELINE="117 678 1154 664" 
                    HPOS="116"
                    VPOS="624"
                    WIDTH="1038"
                    HEIGHT="76">
            <Shape><Polygon POINTS="117 678 117 698 269 700 270 700 272 700 273 700 273 698 276 697 281 693 309 696 345 700 346 700 348 700 359 696 370 691 380 694 391 698 392 698 394 698 577 697 636 690 660 688 676 690 719 694 721 694 722 694 745 688 752 687 755 688 767 694 768 694 770 694 884 687 925 684 963 685 1096 690 1097 690 1152 681 1154 664 1149 633 974 633 972 633 954 624 953 624 951 624 950 624 926 633 920 635 908 633 864 626 862 626 822 633 804 636 773 633 707 627 706 627 626 635 562 639 514 635 474 630 472 630 471 630 462 635 452 640 440 635 434 632 432 632 431 632 404 635 345 642 327 635 322 633 321 633 319 633 301 635 230 643 202 635 199 635 197 635 196 635 116 635 117 678"/></Shape>
	    <String CONTENT="filios natorales: ita neque duos mediatores con¬"
                    HPOS="116"
                    VPOS="624"
                    WIDTH="1038"
                    HEIGHT="76"
                    WC="0.984753643472989"></String>
          </TextLine>

          
          
          <TextLine ID="eSc_line_3baca818"
                    TAGREFS="LT4318"
                    BASELINE="117 739 1167 725" 
                    HPOS="116"
                    VPOS="678"
                    WIDTH="1051"
                    HEIGHT="77">
            <Shape><Polygon POINTS="117 739 117 755 1165 748 1167 725 1163 678 1113 687 1063 679 1051 678 1049 678 1048 678 1041 679 1008 688 975 681 966 679 965 679 963 679 957 681 931 691 843 691 826 684 820 681 819 681 817 681 816 681 815 681 815 682 812 684 804 691 749 685 722 682 721 682 694 685 643 694 606 694 599 688 594 684 593 684 591 684 590 684 588 684 587 684 587 685 582 688 575 696 408 696 386 691 362 687 361 687 359 687 358 687 352 693 346 696 318 693 273 688 272 688 116 696 117 739"/></Shape>
	    <String CONTENT="ſtituit, ſed de vno tantùm illa Dei vox eſt, Ille eſt"
                    HPOS="116"
                    VPOS="678"
                    WIDTH="1051"
                    HEIGHT="77"
                    WC="0.981538460210518"></String>
          </TextLine>

          
          
          <TextLine ID="eSc_line_4af747d9"
                    TAGREFS="LT4318"
                    BASELINE="118 797 1163 782" 
                    HPOS="117"
                    VPOS="736"
                    WIDTH="1046"
                    HEIGHT="86">
            <Shape><Polygon POINTS="118 797 118 816 532 822 533 822 614 814 678 809 687 814 691 819 693 819 694 819 696 819 847 817 931 816 932 816 941 813 966 804 1024 813 1039 814 1041 814 1042 814 1044 814 1045 813 1063 803 1161 812 1163 782 1157 736 1121 749 1060 737 1058 737 1057 737 1055 737 1054 737 1032 752 947 754 881 754 861 740 859 740 858 740 856 740 852 740 730 755 633 743 626 743 624 743 623 743 621 743 591 756 544 745 541 745 539 745 538 745 536 745 523 752 508 745 507 745 505 745 504 745 502 745 499 746 477 756 455 746 450 745 449 745 447 745 425 746 334 756 291 751 290 751 288 751 258 759 243 749 242 748 240 748 239 748 237 748 117 751 118 797"/></Shape>
	    <String CONTENT="Filius meus dilectus, in quo mihi complacui"
                    HPOS="117"
                    VPOS="736"
                    WIDTH="1046"
                    HEIGHT="86"
                    WC="0.975295109804286"></String>
          </TextLine>

          
          
          <TextLine ID="eSc_line_ad079e43"
                    TAGREFS="LT4318"
                    BASELINE="114 856 319 856" 
                    HPOS="114"
                    VPOS="804"
                    WIDTH="205"
                    HEIGHT="76">
            <Shape><Polygon POINTS="114 856 114 874 295 880 297 880 298 880 319 871 319 856 319 819 260 819 254 813 242 804 240 804 239 804 237 804 236 804 234 804 226 812 223 813 114 804 114 856"/></Shape>
	    <String CONTENT="Matth.3."
                    HPOS="114"
                    VPOS="804"
                    WIDTH="205"
                    HEIGHT="76"
                    WC="0.99332083761692"></String>
          </TextLine>

          
          
          <TextLine ID="eSc_line_0ac255ca"
                    TAGREFS="LT4318"
                    BASELINE="117 914 1161 899" 
                    HPOS="116"
                    VPOS="852"
                    WIDTH="1045"
                    HEIGHT="86">
            <Shape><Polygon POINTS="117 914 117 929 193 938 194 938 328 926 340 926 352 926 519 933 520 933 522 933 523 933 535 923 536 923 575 923 636 932 638 932 639 932 678 922 739 931 740 931 798 920 837 929 838 929 840 929 841 929 881 919 950 928 951 928 953 928 978 917 1128 925 1130 925 1131 925 1161 913 1161 899 1158 864 1091 852 1090 852 1088 852 1054 864 1052 865 939 865 936 865 922 855 920 855 919 855 870 855 868 855 867 855 825 865 817 867 810 865 771 858 770 858 728 867 715 868 655 867 560 864 559 864 539 868 522 871 498 868 450 861 449 861 373 868 358 870 352 868 327 862 325 862 324 862 322 862 300 870 285 874 270 870 254 864 252 864 223 864 221 864 220 864 218 864 211 870 202 875 175 870 150 865 148 865 116 870 117 914"/></Shape>
	    <String CONTENT="Conſentit cum hoc dogmate, &amp; quidem veriſsi¬"
                    HPOS="116"
                    VPOS="852"
                    WIDTH="1045"
                    HEIGHT="86"
                    WC="0.992859688672152"></String>
          </TextLine>

          
          
          <TextLine ID="eSc_line_e84fddea"
                    TAGREFS="LT4318"
                    BASELINE="118 974 1164 959" 
                    HPOS="117"
                    VPOS="913"
                    WIDTH="1047"
                    HEIGHT="81">
            <Shape><Polygon POINTS="118 974 118 994 679 994 679 993 731 991 733 991 734 991 746 983 749 981 764 983 832 991 834 991 890 981 896 980 904 980 951 990 953 990 1163 975 1164 959 1161 925 1116 925 1100 913 1099 913 1097 913 1058 913 1057 913 1055 913 1054 913 1054 914 1042 925 956 914 954 914 953 914 951 914 951 916 942 925 925 916 923 916 922 916 861 926 846 917 844 917 843 917 841 917 780 925 764 917 762 917 761 917 759 917 758 917 740 929 639 931 582 920 581 920 493 932 327 923 325 923 324 923 322 923 322 925 309 936 252 936 226 925 224 925 223 925 221 925 220 925 220 926 208 936 178 929 176 929 175 929 117 938 118 974"/></Shape>
	    <String CONTENT="mo Auguſtinus qui lib.2. contra Epiſtolam Par¬"
                    HPOS="117"
                    VPOS="913"
                    WIDTH="1047"
                    HEIGHT="81"
                    WC="0.984132668246394"></String>
          </TextLine>

          
          
          <TextLine ID="eSc_line_ef7d2f7a"
                    TAGREFS="LT4318"
                    BASELINE="123 1032 1163 1017" 
                    HPOS="121"
                    VPOS="972"
                    WIDTH="1042"
                    HEIGHT="77">
            <Shape><Polygon POINTS="123 1032 123 1049 1163 1038 1163 1017 1160 984 1057 972 1055 972 1054 972 1052 972 1033 984 1032 986 950 986 941 984 899 975 898 975 856 984 844 987 822 984 752 977 751 977 749 977 748 977 734 986 728 989 709 986 684 981 682 981 651 986 620 990 612 986 600 980 599 980 597 980 517 986 431 994 403 994 395 987 391 984 391 983 389 983 388 983 386 983 362 987 322 996 275 996 264 987 261 984 260 984 258 984 257 984 121 987 123 1032"/></Shape>
	    <String CONTENT="menia. cap. 8. negat plures eſſe mediatores ho¬"
                    HPOS="121"
                    VPOS="972"
                    WIDTH="1042"
                    HEIGHT="77"
                    WC="0.966665011771182"></String>
          </TextLine>

          
          
          <TextLine ID="eSc_line_a1044520"
                    TAGREFS="LT4318"
                    BASELINE="120 1087 1079 1078" 
                    HPOS="118"
                    VPOS="1032"
                    WIDTH="961"
                    HEIGHT="75">
            <Shape><Polygon POINTS="120 1087 120 1107 304 1100 345 1107 346 1107 348 1107 349 1107 376 1100 398 1107 400 1107 401 1107 406 1107 458 1100 507 1106 508 1106 510 1106 511 1106 520 1099 529 1106 530 1106 532 1106 533 1106 535 1106 556 1099 565 1106 566 1106 568 1106 569 1106 575 1106 699 1097 807 1103 809 1103 810 1103 812 1103 822 1096 916 1103 917 1103 919 1103 920 1103 951 1094 1078 1102 1079 1078 1076 1047 1000 1047 974 1032 972 1032 941 1032 939 1032 938 1032 936 1032 922 1042 870 1033 868 1033 867 1033 865 1033 846 1048 815 1048 795 1033 794 1033 792 1033 758 1033 757 1033 713 1035 712 1035 710 1035 710 1036 697 1048 600 1035 599 1035 597 1035 568 1049 480 1049 465 1042 464 1042 462 1042 461 1042 435 1052 400 1052 379 1038 377 1038 376 1038 374 1038 373 1038 343 1051 322 1042 321 1042 319 1042 318 1042 291 1051 267 1039 266 1039 264 1039 211 1051 178 1039 176 1039 175 1039 174 1039 172 1039 154 1054 118 1054 120 1087"/></Shape>
	    <String CONTENT="minum: ſed vnum tantùm Ieſum Chriſtum."
                    HPOS="118"
                    VPOS="1032"
                    WIDTH="961"
                    HEIGHT="75"
                    WC="0.97929105697534"></String>
          </TextLine>

          
          
          <TextLine ID="eSc_line_1f613330"
                    TAGREFS="LT4318"
                    BASELINE="175 1148 1164 1136" 
                    HPOS="174"
                    VPOS="1088"
                    WIDTH="990"
                    HEIGHT="82">
            <Shape><Polygon POINTS="175 1148 175 1161 246 1170 248 1170 316 1161 319 1161 322 1161 414 1168 416 1168 455 1160 458 1160 464 1160 544 1167 545 1167 547 1167 548 1167 560 1160 652 1165 654 1165 780 1157 819 1155 829 1157 858 1163 859 1163 898 1157 916 1154 923 1157 935 1161 936 1161 938 1161 1163 1154 1164 1136 1161 1100 1082 1093 1081 1093 971 1100 969 1100 954 1088 953 1088 951 1088 925 1088 923 1088 867 1090 865 1090 864 1090 850 1099 841 1093 840 1093 838 1093 837 1093 835 1093 834 1093 820 1102 809 1094 807 1094 806 1094 804 1094 803 1094 801 1094 791 1102 789 1103 785 1102 752 1091 751 1091 749 1091 748 1091 746 1091 730 1102 669 1091 667 1091 666 1091 641 1103 639 1103 626 1093 624 1093 623 1093 553 1093 551 1093 550 1093 527 1103 522 1107 447 1107 441 1103 428 1094 426 1094 425 1094 423 1094 382 1097 380 1097 379 1097 379 1099 371 1105 367 1109 330 1109 324 1105 313 1096 312 1096 310 1096 309 1096 307 1096 276 1105 260 1110 240 1110 234 1105 227 1099 227 1097 226 1097 224 1097 223 1097 174 1105 175 1148"/></Shape>
	    <String CONTENT="Similis eſt locus in Epiſtola ad Hebræos cap."
                    HPOS="174"
                    VPOS="1088"
                    WIDTH="990"
                    HEIGHT="82"
                    WC="0.977939755386776"></String>
          </TextLine>

          
          
          <TextLine ID="eSc_line_9db89658"
                    TAGREFS="LT4318"
                    BASELINE="124 1207 1163 1191" 
                    HPOS="123"
                    VPOS="1146"
                    WIDTH="1040"
                    HEIGHT="85">
            <Shape><Polygon POINTS="124 1207 126 1231 163 1221 364 1219 371 1225 373 1226 374 1226 376 1226 377 1226 379 1226 385 1225 408 1216 505 1216 541 1221 574 1225 575 1225 605 1219 627 1215 636 1219 648 1223 649 1223 651 1223 871 1221 910 1212 917 1210 938 1210 1066 1218 1067 1218 1163 1204 1163 1191 1160 1154 1030 1146 1029 1146 968 1155 959 1157 953 1155 913 1148 911 1148 871 1157 864 1158 853 1157 783 1149 782 1149 780 1149 779 1149 779 1151 768 1158 767 1160 757 1158 690 1151 688 1151 687 1151 664 1160 661 1161 639 1161 517 1154 516 1154 514 1154 480 1163 472 1164 446 1163 322 1157 321 1157 123 1167 124 1207"/></Shape>
	    <String CONTENT="7.verſ. 26. Non enim potuit quilibet Pontifex a¬"
                    HPOS="123"
                    VPOS="1146"
                    WIDTH="1040"
                    HEIGHT="85"
                    WC="0.99035294726491"></String>
          </TextLine>

          
          
          <TextLine ID="eSc_line_dd9d9782"
                    TAGREFS="LT4318"
                    BASELINE="118 1265 1163 1252" 
                    HPOS="117"
                    VPOS="1207"
                    WIDTH="1046"
                    HEIGHT="85">
            <Shape><Polygon POINTS="118 1265 120 1292 153 1281 193 1289 194 1289 196 1289 234 1280 419 1284 420 1284 493 1277 504 1286 505 1286 507 1286 508 1286 510 1286 511 1286 529 1279 554 1284 559 1286 560 1286 562 1286 575 1284 629 1277 655 1283 661 1284 663 1284 664 1284 666 1284 667 1284 669 1283 678 1276 728 1281 740 1283 742 1283 929 1281 931 1281 942 1279 969 1271 1008 1277 1026 1280 1027 1280 1163 1274 1163 1252 1160 1216 1088 1207 1087 1207 1085 1207 1084 1207 1069 1216 1067 1218 989 1218 987 1218 977 1209 975 1209 974 1209 925 1209 923 1209 922 1209 886 1219 883 1219 862 1219 620 1213 618 1213 514 1223 510 1223 508 1223 472 1215 471 1215 469 1215 413 1225 408 1226 284 1226 281 1226 230 1218 229 1218 117 1228 118 1265"/></Shape>
	    <String CONTENT="pud deum munere mediatoris pro nobis &amp; offi¬"
                    HPOS="117"
                    VPOS="1207"
                    WIDTH="1046"
                    HEIGHT="85"
                    WC="0.993088208816268"></String>
          </TextLine>

          
          
          <TextLine ID="eSc_line_9cb8bd64"
                    TAGREFS="LT4318"
                    BASELINE="116 1322 1158 1310" 
                    HPOS="114"
                    VPOS="1267"
                    WIDTH="1044"
                    HEIGHT="81">
            <Shape><Polygon POINTS="116 1322 116 1338 236 1344 237 1344 239 1344 240 1344 249 1337 251 1337 255 1337 295 1347 297 1347 298 1347 318 1337 328 1345 328 1347 330 1347 331 1347 333 1348 364 1348 364 1347 365 1347 388 1335 389 1335 401 1335 472 1341 474 1341 514 1334 522 1334 527 1334 596 1344 597 1344 599 1344 600 1344 600 1342 612 1334 730 1342 731 1342 733 1342 776 1332 938 1339 939 1339 989 1331 1024 1339 1026 1339 1027 1339 1157 1326 1158 1310 1155 1276 1084 1270 1082 1270 1030 1276 1021 1277 1015 1277 966 1267 965 1267 963 1267 962 1267 962 1268 950 1277 944 1277 835 1271 834 1271 749 1280 739 1280 731 1280 655 1270 654 1270 519 1281 507 1273 505 1273 504 1273 385 1273 383 1273 303 1274 301 1274 300 1274 284 1284 282 1284 148 1276 147 1276 145 1276 114 1284 116 1322"/></Shape>
	    <String CONTENT="cio fungi: ſed is ſolus, qui pius, innocens, ſegrega¬"
                    HPOS="114"
                    VPOS="1267"
                    WIDTH="1044"
                    HEIGHT="81"
                    WC="0.964357334487843"></String>
          </TextLine>

          
          
          <TextLine ID="eSc_line_b3a505cd"
                    TAGREFS="LT4318"
                    BASELINE="116 1380 1163 1371" 
                    HPOS="114"
                    VPOS="1325"
                    WIDTH="1049"
                    HEIGHT="74">
            <Shape><Polygon POINTS="116 1380 116 1399 983 1399 983 1397 984 1397 987 1397 1012 1390 1160 1396 1163 1371 1158 1328 1026 1335 1014 1329 1005 1325 1003 1325 1002 1325 944 1326 942 1326 941 1326 935 1331 925 1337 902 1331 878 1326 877 1326 875 1326 874 1326 867 1332 861 1337 767 1338 757 1334 749 1331 748 1331 746 1331 745 1331 733 1334 719 1338 710 1335 696 1328 694 1328 693 1328 691 1328 667 1335 663 1337 658 1335 639 1328 638 1328 636 1328 599 1337 585 1339 581 1337 569 1329 568 1329 566 1329 565 1329 502 1338 489 1339 486 1338 465 1329 464 1329 462 1329 411 1339 403 1342 288 1342 276 1342 184 1332 182 1332 181 1332 179 1332 179 1334 168 1344 114 1344 116 1380"/></Shape>
	    <String CONTENT="tus à peccatoribus, &amp; ſublimior cœlis factus eſt."
                    HPOS="114"
                    VPOS="1325"
                    WIDTH="1049"
                    HEIGHT="74"
                    WC="0.985915949344635"></String>
          </TextLine>

          
          
          <TextLine ID="eSc_line_6b2f5207"
                    TAGREFS="LT4318"
                    BASELINE="117 1438 719 1435" 
                    HPOS="116"
                    VPOS="1389"
                    WIDTH="603"
                    HEIGHT="69">
            <Shape><Polygon POINTS="117 1438 117 1451 340 1458 342 1458 472 1450 487 1450 495 1450 548 1457 550 1457 551 1457 568 1450 574 1450 670 1457 672 1457 718 1448 719 1435 716 1402 657 1402 655 1400 643 1390 643 1389 642 1389 641 1389 593 1389 591 1389 590 1389 588 1389 588 1390 578 1399 577 1400 539 1400 538 1397 527 1390 527 1389 526 1389 524 1389 523 1389 483 1397 466 1400 458 1397 441 1389 440 1389 438 1389 352 1390 350 1390 349 1390 349 1392 345 1395 337 1402 116 1392 117 1438"/></Shape>
	    <String CONTENT="Is autem eſt Chriſtus ſolus."
                    HPOS="116"
                    VPOS="1389"
                    WIDTH="603"
                    HEIGHT="69"
                    WC="0.982721175466265"></String>
          </TextLine>

          
          
          <TextLine ID="eSc_line_794acc7e"
                    TAGREFS="LT4318"
                    BASELINE="175 1494 1161 1488" 
                    HPOS="174"
                    VPOS="1439"
                    WIDTH="987"
                    HEIGHT="79">
            <Shape><Polygon POINTS="175 1494 175 1516 566 1511 578 1516 580 1518 581 1518 582 1518 584 1518 596 1516 632 1511 642 1516 643 1518 645 1518 646 1518 648 1518 670 1516 751 1509 771 1516 773 1516 774 1516 776 1516 777 1516 779 1516 791 1509 798 1516 800 1516 801 1516 803 1518 913 1518 913 1516 914 1516 916 1516 939 1508 1158 1515 1161 1488 1157 1439 1060 1451 1036 1441 1030 1439 1029 1439 1027 1439 1026 1439 1024 1439 1021 1442 1005 1451 987 1442 981 1439 980 1439 933 1439 932 1439 931 1439 913 1444 874 1454 822 1453 815 1447 810 1442 809 1442 807 1442 806 1442 804 1442 795 1447 779 1454 761 1447 751 1444 749 1444 748 1444 746 1444 731 1448 710 1454 700 1448 688 1441 687 1441 685 1441 684 1441 682 1441 651 1450 627 1457 588 1457 581 1451 571 1444 569 1444 568 1444 566 1444 565 1444 563 1444 553 1451 545 1457 517 1457 513 1453 502 1444 501 1444 499 1444 435 1442 434 1442 432 1442 408 1454 404 1457 394 1455 359 1448 358 1448 356 1448 355 1448 346 1455 345 1458 304 1458 303 1457 288 1444 287 1444 285 1444 284 1444 282 1444 249 1453 209 1444 208 1444 206 1444 174 1457 175 1494"/></Shape>
	    <String CONTENT="Obſtare verò multa videntur quæ afferri poſ¬"
                    HPOS="174"
                    VPOS="1439"
                    WIDTH="987"
                    HEIGHT="79"
                    WC="0.980893596013387"></String>
          </TextLine>

          
          
          <TextLine ID="eSc_line_b47d5297"
                    TAGREFS="LT4318"
                    BASELINE="116 1558 507 1554" 
                    HPOS="114"
                    VPOS="1505"
                    WIDTH="393"
                    HEIGHT="75">
            <Shape><Polygon POINTS="116 1558 116 1571 136 1580 138 1580 139 1580 203 1571 211 1571 266 1571 267 1571 273 1577 273 1579 275 1579 276 1579 278 1579 342 1571 376 1569 386 1571 403 1577 404 1577 406 1577 407 1577 417 1571 425 1569 432 1571 443 1576 444 1576 446 1576 447 1576 449 1576 449 1574 452 1571 456 1569 466 1571 484 1577 486 1577 487 1577 489 1577 507 1571 507 1554 504 1519 431 1519 426 1518 367 1505 365 1505 364 1505 322 1515 223 1506 221 1506 220 1506 202 1513 185 1522 169 1513 156 1506 154 1506 153 1506 114 1512 116 1558"/></Shape>
	    <String CONTENT="ſunt. Ac primum."
                    HPOS="114"
                    VPOS="1505"
                    WIDTH="393"
                    HEIGHT="75"
                    WC="0.998648528009653"></String>
          </TextLine>

          
          
          <TextLine ID="eSc_line_b934cd15"
                    TAGREFS="LT4318"
                    BASELINE="163 1616 1163 1604" 
                    HPOS="162"
                    VPOS="1557"
                    WIDTH="1001"
                    HEIGHT="80">
            <Shape><Polygon POINTS="163 1616 163 1632 535 1637 536 1637 597 1628 606 1627 614 1627 658 1634 660 1634 661 1634 663 1634 675 1627 676 1625 678 1627 693 1634 694 1634 696 1634 737 1625 743 1625 755 1625 861 1632 862 1632 907 1624 916 1622 926 1624 991 1631 993 1631 1038 1622 1045 1621 1054 1621 1113 1628 1115 1628 1161 1619 1163 1604 1161 1570 1115 1557 1113 1557 1112 1557 1042 1560 1041 1560 1039 1560 1039 1561 1029 1570 931 1561 929 1561 928 1561 889 1571 878 1563 877 1563 875 1563 817 1561 816 1561 815 1561 783 1574 716 1574 703 1563 703 1561 701 1561 700 1561 661 1561 660 1561 569 1563 568 1563 535 1576 516 1564 514 1564 513 1564 464 1564 462 1564 461 1564 431 1576 397 1566 395 1566 394 1566 392 1566 391 1566 373 1579 281 1579 243 1567 242 1567 175 1567 174 1567 172 1567 171 1567 171 1569 162 1577 163 1616"/></Shape>
	    <String CONTENT="Prima ratio, Quod alii pro aliis orare iube¬"
                    HPOS="162"
                    VPOS="1557"
                    WIDTH="1001"
                    HEIGHT="80"
                    WC="0.994389302351258"></String>
          </TextLine>

          
          
          <TextLine ID="eSc_line_289b91df"
                    TAGREFS="LT4318"
                    BASELINE="114 1673 1163 1662" 
                    HPOS="113"
                    VPOS="1621"
                    WIDTH="1050"
                    HEIGHT="78">
            <Shape><Polygon POINTS="114 1673 114 1699 160 1690 194 1699 196 1699 197 1699 199 1699 203 1699 264 1689 386 1698 398 1698 400 1698 413 1698 562 1686 675 1695 679 1695 681 1695 682 1695 713 1685 745 1693 746 1693 748 1693 843 1686 922 1692 923 1692 925 1692 953 1683 1009 1692 1011 1692 1012 1692 1014 1692 1038 1682 1160 1690 1163 1662 1158 1628 994 1629 987 1629 929 1621 928 1621 926 1621 895 1628 859 1621 858 1621 856 1621 819 1631 815 1631 807 1631 715 1622 713 1622 672 1632 669 1632 666 1632 636 1624 635 1624 633 1624 566 1632 556 1634 539 1634 410 1625 408 1625 407 1625 382 1634 345 1627 343 1627 342 1627 315 1635 313 1635 310 1635 229 1628 227 1628 226 1628 224 1628 214 1635 174 1629 172 1629 113 1637 114 1673"/></Shape>
	    <String CONTENT="mur. Iac.5. Reſponſio eſt, quòd noſtræ illæ preces"
                    HPOS="113"
                    VPOS="1621"
                    WIDTH="1050"
                    HEIGHT="78"
                    WC="0.990791732189702"></String>
          </TextLine>

          
          
          <TextLine ID="eSc_line_5f3a4379"
                    TAGREFS="LT4318"
                    BASELINE="111 1732 1158 1719" 
                    HPOS="110"
                    VPOS="1677"
                    WIDTH="1048"
                    HEIGHT="82">
            <Shape><Polygon POINTS="111 1732 111 1748 175 1748 178 1748 206 1759 208 1759 209 1759 211 1759 230 1750 330 1756 331 1756 333 1756 349 1748 358 1745 410 1745 417 1748 434 1756 435 1756 437 1756 513 1748 578 1743 648 1743 663 1748 670 1751 672 1751 673 1751 694 1748 736 1741 755 1748 759 1750 761 1750 762 1750 773 1748 809 1740 823 1748 825 1750 826 1750 828 1750 829 1750 831 1750 835 1748 850 1741 905 1748 923 1750 925 1750 926 1750 933 1748 957 1741 1020 1748 1030 1748 1032 1748 1033 1748 1035 1748 1051 1740 1155 1747 1158 1719 1155 1686 1042 1677 1041 1677 1039 1677 1038 1677 1024 1686 1020 1687 980 1686 832 1680 831 1680 800 1687 789 1689 767 1687 697 1682 696 1682 694 1682 679 1687 670 1692 655 1687 636 1683 635 1683 633 1683 600 1689 571 1695 438 1695 407 1689 386 1686 385 1686 383 1686 373 1689 358 1695 110 1692 111 1732"/></Shape>
	    <String CONTENT="nõ propter nos gratæ ſunt Deo: ſed vnius Chri¬"
                    HPOS="110"
                    VPOS="1677"
                    WIDTH="1048"
                    HEIGHT="82"
                    WC="0.997898203261355"></String>
          </TextLine>

          
          
          <TextLine ID="eSc_line_6e00ea83"
                    TAGREFS="LT4318"
                    BASELINE="110 1789 1158 1778" 
                    HPOS="108"
                    VPOS="1735"
                    WIDTH="1050"
                    HEIGHT="79">
            <Shape><Polygon POINTS="110 1789 110 1811 145 1805 179 1811 199 1814 200 1814 202 1814 203 1814 206 1811 212 1805 221 1811 229 1814 230 1814 232 1814 312 1809 380 1806 392 1809 406 1812 407 1812 408 1812 410 1812 417 1809 434 1802 490 1808 517 1811 519 1811 520 1811 532 1808 560 1801 759 1806 841 1808 843 1808 844 1808 850 1805 868 1798 922 1805 939 1806 941 1806 942 1806 951 1805 977 1798 994 1804 1000 1806 1002 1806 1003 1806 1005 1806 1011 1804 1030 1796 1157 1802 1158 1778 1154 1740 1106 1747 1078 1740 1057 1735 1055 1735 1054 1735 1052 1735 1039 1741 1026 1747 1015 1741 1011 1738 1009 1738 1008 1738 947 1737 945 1737 944 1737 929 1743 916 1750 782 1750 755 1745 707 1738 706 1738 704 1738 703 1738 693 1747 687 1753 654 1753 626 1748 556 1740 554 1740 553 1740 551 1740 536 1750 530 1753 504 1750 435 1744 434 1744 432 1744 404 1753 395 1754 388 1753 356 1744 355 1744 353 1744 352 1744 350 1744 336 1753 334 1754 330 1753 312 1748 310 1748 309 1748 243 1754 230 1756 221 1756 129 1744 127 1744 126 1744 124 1744 108 1753 110 1789"/></Shape>
	    <String CONTENT="ſti merito &amp; interceſsione. Eatenus enim De o"
                    HPOS="108"
                    VPOS="1735"
                    WIDTH="1050"
                    HEIGHT="79"
                    WC="0.986069390508864"></String>
          </TextLine>

          
          
          <TextLine ID="eSc_line_a7b81e66"
                    TAGREFS="LT4318"
                    BASELINE="116 1851 1161 1836" 
                    HPOS="114"
                    VPOS="1795"
                    WIDTH="1047"
                    HEIGHT="81">
            <Shape><Polygon POINTS="116 1851 117 1876 148 1867 169 1875 171 1875 172 1875 220 1866 242 1873 243 1873 245 1873 248 1873 306 1866 385 1870 419 1872 420 1872 459 1869 532 1862 539 1866 542 1869 544 1869 545 1869 547 1869 614 1864 693 1860 703 1863 719 1867 721 1867 722 1867 724 1867 736 1862 743 1859 810 1860 947 1864 948 1864 1161 1851 1161 1836 1160 1805 1137 1795 1136 1795 1134 1795 1015 1805 999 1795 997 1795 996 1795 951 1795 950 1795 889 1806 864 1795 862 1795 861 1795 859 1795 858 1795 837 1808 835 1808 812 1808 762 1808 745 1796 743 1796 742 1796 740 1796 739 1796 707 1809 706 1809 703 1809 648 1798 646 1798 585 1806 550 1799 548 1799 547 1799 507 1809 455 1801 453 1801 452 1801 411 1812 403 1814 353 1812 141 1805 139 1805 138 1805 114 1814 116 1851"/></Shape>
	    <String CONTENT="placent, quatenus &amp; fidei &amp; mutuæ inter nos"
                    HPOS="114"
                    VPOS="1795"
                    WIDTH="1047"
                    HEIGHT="81"
                    WC="0.976783792639888"></String>
          </TextLine>

          
          
          <TextLine ID="eSc_line_c3a271ff"
                    TAGREFS="LT4318"
                    BASELINE="113 1905 1155 1900" 
                    HPOS="111"
                    VPOS="1856"
                    WIDTH="1044"
                    HEIGHT="78">
            <Shape><Polygon POINTS="113 1905 113 1924 197 1922 202 1925 208 1930 209 1930 211 1930 310 1934 312 1934 313 1934 336 1927 348 1922 365 1927 394 1933 395 1933 422 1927 440 1922 446 1927 453 1933 455 1933 456 1933 458 1933 483 1927 498 1924 507 1927 519 1933 520 1933 522 1933 523 1933 524 1933 532 1927 536 1925 582 1928 664 1933 666 1933 667 1933 669 1933 675 1928 690 1921 745 1921 771 1930 774 1930 776 1930 777 1930 786 1930 841 1922 951 1930 971 1931 972 1931 974 1931 977 1931 1006 1920 1066 1930 1067 1930 1069 1930 1093 1920 1152 1931 1155 1900 1152 1864 1057 1856 1055 1856 1054 1856 1035 1864 1030 1866 1009 1864 908 1857 907 1857 855 1866 853 1866 852 1866 840 1856 838 1856 837 1856 807 1856 806 1856 740 1857 739 1857 715 1867 712 1869 572 1869 572 1867 545 1857 544 1857 468 1857 466 1857 465 1857 464 1857 446 1869 444 1870 364 1870 281 1870 212 1859 211 1859 209 1859 188 1869 144 1859 142 1859 141 1859 111 1869 113 1905"/></Shape>
	    <String CONTENT="charitatis ſunt effecta atque fructus, quæ vtraq;"
                    HPOS="111"
                    VPOS="1856"
                    WIDTH="1044"
                    HEIGHT="78"
                    WC="0.991481270108904"></String>
          </TextLine>

          
          
          <TextLine ID="eSc_line_26c655c0"
                    TAGREFS="LT4318"
                    BASELINE="107 1966 493 1961" 
                    HPOS="105"
                    VPOS="1914"
                    WIDTH="388"
                    HEIGHT="72">
            <Shape><Polygon POINTS="107 1966 107 1986 493 1983 493 1961 489 1924 447 1924 444 1922 434 1914 432 1914 431 1914 429 1914 428 1914 398 1921 388 1924 361 1921 325 1917 324 1917 322 1917 321 1917 316 1920 306 1925 248 1918 226 1917 224 1917 223 1917 217 1918 200 1924 190 1918 188 1917 187 1917 185 1917 184 1917 182 1917 179 1918 147 1927 105 1917 107 1966"/></Shape>
	    <String CONTENT="innititur Chriſto."
                    HPOS="105"
                    VPOS="1914"
                    WIDTH="388"
                    HEIGHT="72"
                    WC="0.990875873300764"></String>
          </TextLine>

          
          
          <TextLine ID="eSc_line_d5c39519"
                    TAGREFS="LT4318"
                    BASELINE="147 2022 1164 2013" 
                    HPOS="145"
                    VPOS="1966"
                    WIDTH="1019"
                    HEIGHT="78">
            <Shape><Polygon POINTS="147 2022 147 2040 638 2044 639 2044 733 2036 822 2043 823 2043 825 2043 826 2043 837 2034 938 2034 991 2041 993 2041 994 2041 1017 2033 1143 2040 1145 2040 1146 2040 1164 2030 1164 2013 1161 1970 1090 1966 1088 1966 1087 1966 1085 1966 1079 1970 1075 1975 1063 1972 1047 1966 1045 1966 1044 1966 1042 1966 1023 1972 1008 1978 914 1978 892 1973 858 1967 856 1967 855 1967 838 1975 831 1978 822 1975 801 1969 800 1969 798 1969 797 1969 773 1976 761 1979 752 1976 733 1969 731 1969 730 1969 728 1969 707 1976 700 1979 694 1978 670 1969 669 1969 667 1969 666 1969 646 1978 639 1982 584 1982 574 1979 530 1970 529 1970 477 1980 465 1983 379 1983 377 1982 345 1972 343 1972 342 1972 285 1983 282 1983 279 1983 203 1973 202 1973 200 1973 199 1973 199 1975 187 1985 145 1985 147 2022"/></Shape>
	    <String CONTENT="2 Moſes &amp; Sacerdotes Leuitici dicuntur fuiſſe"
                    HPOS="145"
                    VPOS="1966"
                    WIDTH="1019"
                    HEIGHT="78"
                    WC="0.999072677559323"></String>
          </TextLine>

          
          
          <TextLine ID="eSc_line_96345b28"
                    TAGREFS="LT4318"
                    BASELINE="107 2082 1161 2074" 
                    HPOS="105"
                    VPOS="2030"
                    WIDTH="1056"
                    HEIGHT="77">
            <Shape><Polygon POINTS="107 2082 107 2096 446 2105 447 2105 449 2105 450 2105 461 2098 466 2095 471 2098 481 2105 483 2105 484 2105 486 2107 527 2107 527 2105 575 2098 593 2096 621 2098 681 2104 682 2104 684 2104 696 2099 709 2094 773 2099 816 2102 817 2102 819 2102 820 2102 823 2099 834 2091 948 2091 1067 2099 1088 2101 1090 2101 1091 2101 1093 2101 1093 2099 1105 2091 1160 2099 1161 2074 1158 2041 1047 2041 1047 2040 1020 2030 1018 2030 1017 2030 1015 2030 994 2040 993 2040 965 2033 963 2033 962 2033 960 2033 959 2033 950 2040 947 2041 936 2040 887 2031 886 2031 884 2031 852 2040 843 2041 834 2040 820 2036 819 2036 817 2036 779 2038 737 2043 693 2038 658 2036 657 2036 641 2038 618 2043 596 2038 568 2033 566 2033 565 2033 547 2038 524 2044 492 2038 484 2037 483 2037 475 2038 446 2044 425 2037 419 2036 417 2036 416 2036 403 2037 364 2044 343 2037 337 2036 336 2036 334 2036 312 2037 248 2043 105 2037 107 2082"/></Shape>
	    <String CONTENT="interceſſores &amp; mediatores inter Deum &amp; po¬"
                    HPOS="105"
                    VPOS="2030"
                    WIDTH="1056"
                    HEIGHT="77"
                    WC="0.998615470043449"></String>
          </TextLine>

          
          
          <TextLine ID="eSc_line_3c18c803"
                    TAGREFS="LT4318"
                    BASELINE="105 2141 1152 2132" 
                    HPOS="104"
                    VPOS="2085"
                    WIDTH="1048"
                    HEIGHT="107">
            <Shape><Polygon POINTS="105 2141 105 2177 287 2177 290 2177 318 2189 319 2189 321 2189 377 2178 394 2190 395 2190 397 2190 398 2192 452 2192 452 2190 453 2190 477 2177 481 2175 486 2177 514 2189 516 2189 517 2190 591 2190 591 2189 593 2189 594 2189 609 2178 646 2186 648 2186 685 2177 696 2175 701 2177 721 2187 722 2187 724 2189 767 2189 767 2187 768 2187 770 2187 783 2177 786 2175 804 2177 843 2183 844 2183 846 2183 858 2177 867 2174 883 2177 917 2186 919 2187 977 2187 977 2186 978 2186 1000 2177 1017 2172 1151 2177 1152 2132 1151 2094 1122 2085 1121 2085 1119 2085 1118 2085 1116 2085 1103 2094 1102 2095 1055 2095 1051 2094 1011 2085 1009 2085 1008 2085 980 2094 974 2095 944 2094 826 2086 825 2086 823 2086 806 2094 798 2096 777 2094 728 2088 727 2088 681 2094 664 2096 646 2095 611 2089 609 2089 581 2095 568 2096 536 2095 459 2089 458 2089 456 2089 441 2095 429 2099 392 2095 364 2092 362 2092 343 2095 319 2099 309 2095 298 2091 297 2091 295 2091 270 2095 255 2098 104 2096 105 2141"/></Shape>
	    <String CONTENT="pulum Exod.32.Reſp. Puerilem eſſe obiectionẽ."
                    HPOS="104"
                    VPOS="2085"
                    WIDTH="1048"
                    HEIGHT="107"></String>
          </TextLine>

          
        </TextBlock>
        

        
      </PrintSpace>
    </Page>
  </Layout>
</alto>
