<?xml version="1.0" encoding="UTF-8"?>
<alto xmlns:xsi="http://www.w3.org/2001/XMLSchema-instance"
      xmlns="http://www.loc.gov/standards/alto/ns-v4#"
      xsi:schemaLocation="http://www.loc.gov/standards/alto/ns-v4# http://www.loc.gov/standards/alto/v4/alto-4-2.xsd">
  <Description>
    <MeasurementUnit>pixel</MeasurementUnit>
    <sourceImageInformation>
      <fileName>2012988.png</fileName>
      
    </sourceImageInformation>
  </Description>
  
  <Tags>
    <OtherTag ID="BT10983" LABEL="GraphicZone" DESCRIPTION="block type GraphicZone"/><OtherTag ID="BT10982" LABEL="DropCapitalZone" DESCRIPTION="block type DropCapitalZone"/><OtherTag ID="BT10981" LABEL="RunningTitleZone" DESCRIPTION="block type RunningTitleZone"/><OtherTag ID="BT10980" LABEL="NumberingZone" DESCRIPTION="block type NumberingZone"/><OtherTag ID="BT10979" LABEL="TitlePageZone" DESCRIPTION="block type TitlePageZone"/><OtherTag ID="BT10978" LABEL="QuireMarksZone" DESCRIPTION="block type QuireMarksZone"/><OtherTag ID="BT10977" LABEL="MainZone" DESCRIPTION="block type MainZone"/><OtherTag ID="BT10976" LABEL="MarginTextZone" DESCRIPTION="block type MarginTextZone"/>
    <OtherTag ID="LT4321" LABEL="default" DESCRIPTION="line type default"/><OtherTag ID="LT4319" LABEL="HeadingLine" DESCRIPTION="line type HeadingLine"/><OtherTag ID="LT4318" LABEL="DefaultLine" DESCRIPTION="line type DefaultLine"/><OtherTag ID="LT4320" LABEL="CustomLine : BiblicalText" DESCRIPTION="line type CustomLine : BiblicalText"/>
  </Tags>
  
  <Layout>
    <Page WIDTH="1807"
          HEIGHT="2677"
          PHYSICAL_IMG_NR="35"
          ID="eSc_dummypage_">
      <PrintSpace HPOS="0"
                  VPOS="0"
                  WIDTH="1807"
                  HEIGHT="2677">
        
        <TextBlock HPOS="654.7946166992188"
                   VPOS="182.08949279785156"
                   WIDTH="82.25335693359375"
                   HEIGHT="50.80328369140625"
                   ID="block_0"
                   TAGREFS="BT10980">
          <Shape><Polygon POINTS="654.795 182.089 737.048 182.089 737.048 232.893 654.795 232.893 654.795 182.089"/></Shape>
          
          
          <TextLine ID="eSc_line_65338471"
                    TAGREFS="LT4318"
                    BASELINE="657 218 739 218" 
                    HPOS="657"
                    VPOS="166"
                    WIDTH="82"
                    HEIGHT="80">
            <Shape><Polygon POINTS="716 166 701 166 687 169 685 172 681 176 672 175 672 176 657 182 657 218 657 242 679 246 681 246 682 246 684 246 701 234 712 230 739 230 739 218 739 169 718 166 716 166"/></Shape>
	    <String CONTENT="76"
                    HPOS="657"
                    VPOS="166"
                    WIDTH="82"
                    HEIGHT="80"></String>
          </TextLine>

          
        </TextBlock>
        
        <TextBlock HPOS="842.3203735351562"
                   VPOS="165.55970764160156"
                   WIDTH="702.6371459960938"
                   HEIGHT="66.53919982910156"
                   ID="block_2"
                   TAGREFS="BT10981">
          <Shape><Polygon POINTS="842.32 165.56 1544.96 165.56 1544.96 232.099 842.32 232.099 842.32 165.56"/></Shape>
          
          
          <TextLine ID="eSc_line_1a4fe993"
                    TAGREFS="LT4319"
                    BASELINE="846 218 1534 212" 
                    HPOS="844"
                    VPOS="166"
                    WIDTH="690"
                    HEIGHT="71">
            <Shape><Polygon POINTS="1499 181 1491 178 1476 178 1451 166 1439 166 1424 166 1409 166 1395 166 1380 166 1365 166 1363 166 1325 176 1304 181 1225 181 1218 174 1207 166 1201 166 1186 166 1185 166 1152 174 1107 182 1094 172 1088 166 1082 166 1067 166 1060 166 1054 171 1042 184 1014 184 994 174 993 174 991 174 990 174 989 174 974 185 942 185 916 168 913 166 911 166 910 166 908 166 844 166 846 218 846 230 933 237 935 237 936 237 938 237 948 230 951 227 963 230 996 236 997 236 1029 229 1042 226 1045 229 1054 236 1055 236 1057 236 1058 236 1060 236 1082 229 1085 227 1085 229 1094 236 1096 236 1097 236 1099 237 1134 237 1134 236 1228 227 1256 224 1270 226 1316 234 1317 234 1319 234 1338 226 1341 223 1390 223 1414 224 1494 233 1496 233 1497 233 1534 223 1534 212 1525 190 1514 187"/></Shape>
	    <String CONTENT="AD I. PATL. AD TIN."
                    HPOS="844"
                    VPOS="166"
                    WIDTH="690"
                    HEIGHT="71"
                    WC="0.980376889831141"></String>
          </TextLine>

          
        </TextBlock>
        
        <TextBlock HPOS="633.7532348632812"
                   VPOS="234.4600372314453"
                   WIDTH="1081.3309936523438"
                   HEIGHT="1965.0553436279297"
                   ID="block_3"
                   TAGREFS="BT10977">
          <Shape><Polygon POINTS="633.753 234.46 1715.08 234.46 1715.08 2199.52 633.753 2199.52 633.753 234.46"/></Shape>
          
          
          <TextLine ID="eSc_line_c1200039"
                    TAGREFS="LT4318"
                    BASELINE="648 285 1698 279" 
                    HPOS="646"
                    VPOS="230"
                    WIDTH="1052"
                    HEIGHT="77">
            <Shape><Polygon POINTS="1688 248 1673 242 1665 239 1527 230 1525 230 1524 230 1502 240 1435 230 1433 230 1377 233 1375 233 1374 233 1363 242 1363 243 1274 243 1273 242 1252 232 1250 232 1249 232 1247 232 1213 242 1157 233 1155 233 1087 243 1082 243 1081 243 1067 233 1066 233 1064 233 1063 233 1061 233 1045 242 1033 233 1032 233 1030 233 919 233 917 233 916 233 914 233 902 243 899 246 779 246 776 243 764 234 762 234 761 234 759 234 646 243 648 285 648 300 908 307 910 307 911 307 929 300 936 297 951 300 981 304 983 304 1103 298 1149 297 1154 298 1168 306 1170 306 1171 306 1215 298 1234 295 1259 298 1316 304 1317 304 1696 295 1698 279 1695 249 1688 248"/></Shape>
	    <String CONTENT="mnibus penè diei horis preces publicæ fieri de¬"
                    HPOS="646"
                    VPOS="230"
                    WIDTH="1052"
                    HEIGHT="77"
                    WC="0.982784709582726"></String>
          </TextLine>

          
          
          <TextLine ID="eSc_line_d7709cd6"
                    TAGREFS="LT4318"
                    BASELINE="654 346 1701 340" 
                    HPOS="652"
                    VPOS="291"
                    WIDTH="1049"
                    HEIGHT="76">
            <Shape><Polygon POINTS="654 346 654 359 913 367 914 367 916 367 933 361 944 358 1026 361 1124 365 1125 365 1127 365 1134 361 1143 356 1360 356 1417 362 1436 364 1438 364 1439 364 1447 362 1475 355 1490 362 1491 362 1493 364 1699 364 1701 340 1698 297 1667 291 1665 291 1664 291 1653 297 1643 303 1637 297 1630 291 1628 291 1627 291 1567 291 1566 291 1564 291 1563 291 1563 292 1555 298 1549 304 1522 304 1514 298 1499 291 1497 291 1439 291 1438 291 1436 291 1435 291 1424 300 1420 304 1408 300 1390 294 1389 294 1387 294 1386 294 1372 300 1365 306 1322 306 1310 301 1283 292 1282 292 1280 292 1224 300 1203 292 1201 292 1200 292 1198 292 1197 292 1185 303 1183 304 1180 303 1161 294 1160 294 1158 294 1157 294 1155 294 1145 303 1140 307 1113 307 1103 304 1066 294 1064 294 1063 294 1061 294 1038 304 1036 306 1035 304 1023 294 1021 294 1020 294 948 294 947 294 945 294 916 306 911 307 892 307 792 300 791 300 721 307 697 300 696 300 694 300 652 309 654 346"/></Shape>
	    <String CONTENT="cernerentur, diluculo, deinde tertia diei, id eſt, à"
                    HPOS="652"
                    VPOS="291"
                    WIDTH="1049"
                    HEIGHT="76"
                    WC="0.985940544110424"></String>
          </TextLine>

          
          
          <TextLine ID="eSc_line_b99e0641"
                    TAGREFS="LT4318"
                    BASELINE="645 403 1702 397" 
                    HPOS="643"
                    VPOS="350"
                    WIDTH="1059"
                    HEIGHT="79">
            <Shape><Polygon POINTS="645 403 645 423 758 416 767 422 773 428 774 428 776 428 777 429 901 429 901 428 938 420 951 417 969 419 1023 426 1024 426 1026 426 1054 419 1063 416 1066 417 1076 426 1078 426 1079 426 1081 428 1124 428 1124 426 1125 426 1143 417 1151 413 1273 413 1279 414 1293 425 1295 425 1296 425 1298 426 1345 426 1345 425 1430 413 1444 411 1450 413 1482 422 1484 422 1485 422 1487 422 1511 414 1533 423 1534 423 1536 423 1537 423 1539 423 1552 414 1624 423 1625 423 1702 408 1702 397 1701 361 1682 350 1680 350 1631 350 1630 350 1628 350 1598 361 1592 364 1524 364 1516 361 1490 350 1488 350 1487 350 1433 361 1411 365 1317 365 1310 359 1299 352 1298 352 1296 352 1295 352 1243 359 1216 364 1206 359 1188 352 1186 352 1185 352 1183 352 1182 352 1173 359 1165 365 1128 359 1103 356 1102 356 1100 356 1091 359 1079 364 1073 359 1066 353 1064 353 1063 353 1061 353 1060 353 1045 359 1030 367 939 367 926 359 920 356 919 356 917 356 916 356 908 359 889 368 858 368 844 359 838 355 837 355 835 355 771 355 770 355 768 355 767 355 767 356 762 359 755 365 643 359 645 403"/></Shape>
	    <String CONTENT="luce ſolis exorta ſupra horizontem hora, pòſt"
                    HPOS="643"
                    VPOS="350"
                    WIDTH="1059"
                    HEIGHT="79"></String>
          </TextLine>

          
          
          <TextLine ID="eSc_line_39c99ecf"
                    TAGREFS="LT4318"
                    BASELINE="645 462 1696 455" 
                    HPOS="643"
                    VPOS="410"
                    WIDTH="1053"
                    HEIGHT="76">
            <Shape><Polygon POINTS="645 462 645 477 826 486 828 486 829 486 849 477 945 484 947 484 948 484 972 475 974 475 977 475 1038 483 1039 483 1041 483 1069 474 1073 474 1222 474 1224 474 1258 483 1259 483 1261 483 1340 481 1341 481 1357 472 1359 472 1360 472 1396 481 1398 481 1399 481 1400 481 1427 472 1447 481 1448 481 1450 481 1451 481 1482 472 1487 471 1493 471 1537 480 1539 480 1695 469 1696 455 1692 410 1591 419 1555 410 1552 410 1551 410 1549 410 1548 410 1546 410 1533 420 1481 420 1441 411 1439 411 1438 411 1436 411 1378 420 1276 413 1274 413 1273 413 1271 413 1259 422 1212 413 1210 413 1209 413 1201 413 1041 425 942 425 911 414 908 414 907 414 905 414 895 414 795 425 643 417 645 462"/></Shape>
	    <String CONTENT="ſexta, præterea nona. Denique ſub veſperti¬"
                    HPOS="643"
                    VPOS="410"
                    WIDTH="1053"
                    HEIGHT="76"
                    WC="0.982214283111484"></String>
          </TextLine>

          
          
          <TextLine ID="eSc_line_976712c3"
                    TAGREFS="LT4318"
                    BASELINE="645 522 1695 514" 
                    HPOS="643"
                    VPOS="468"
                    WIDTH="1052"
                    HEIGHT="74">
            <Shape><Polygon POINTS="645 522 645 541 822 535 834 539 844 542 846 542 847 542 867 538 890 533 965 536 1044 541 1045 541 1047 541 1057 536 1064 532 1078 535 1094 539 1096 539 1097 539 1121 535 1137 532 1179 533 1271 539 1273 539 1316 532 1328 530 1384 530 1644 536 1646 536 1695 526 1695 514 1692 477 1592 468 1591 468 1551 477 1549 477 1515 468 1514 468 1512 468 1511 468 1484 478 1481 480 1345 480 1314 480 1276 469 1274 469 1273 469 1201 471 1200 471 1198 471 1185 480 1163 471 1161 471 1064 471 1063 471 1061 471 1060 471 1060 472 1049 481 1049 483 831 483 829 483 737 474 736 474 643 484 645 522"/></Shape>
	    <String CONTENT="num diei tempus, Vnde illæ horæ inter Papiſtas"
                    HPOS="643"
                    VPOS="468"
                    WIDTH="1052"
                    HEIGHT="74"
                    WC="0.989171140867731"></String>
          </TextLine>

          
          
          <TextLine ID="eSc_line_af7ce980"
                    TAGREFS="LT4318"
                    BASELINE="648 578 1702 572" 
                    HPOS="646"
                    VPOS="530"
                    WIDTH="1056"
                    HEIGHT="75">
            <Shape><Polygon POINTS="648 578 648 597 746 593 754 597 759 603 761 603 762 603 764 605 764 603 765 603 767 603 773 597 780 593 826 597 855 600 856 600 874 597 914 591 963 597 999 602 1000 602 1002 602 1017 597 1041 591 1064 597 1070 599 1072 599 1073 599 1087 597 1128 591 1146 597 1155 600 1157 600 1158 602 1271 602 1271 600 1273 600 1282 597 1293 593 1331 597 1360 600 1362 600 1363 600 1374 597 1395 590 1417 597 1427 600 1429 600 1430 600 1432 600 1439 597 1457 588 1488 597 1496 599 1497 599 1499 599 1500 599 1506 597 1525 588 1545 597 1551 599 1552 599 1554 600 1610 600 1610 599 1612 599 1613 599 1616 597 1627 590 1644 597 1650 599 1652 599 1653 599 1701 596 1702 572 1698 530 1146 539 1119 538 1049 530 1048 530 1003 539 997 539 993 539 941 530 939 530 849 539 837 532 835 532 834 532 672 532 670 532 669 532 646 541 648 578"/></Shape>
	    <String CONTENT="dictæ ſunt Canonicæ nempe 1.3.6.9. de quibus"
                    HPOS="646"
                    VPOS="530"
                    WIDTH="1056"
                    HEIGHT="75"></String>
          </TextLine>

          
          
          <TextLine ID="eSc_line_a7a1bd07"
                    TAGREFS="LT4318"
                    BASELINE="648 638 1698 632" 
                    HPOS="646"
                    VPOS="587"
                    WIDTH="1052"
                    HEIGHT="73">
            <Shape><Polygon POINTS="648 638 648 654 777 652 785 654 810 660 812 660 813 660 815 660 831 654 835 652 841 654 868 658 870 658 984 652 1017 651 1020 652 1036 658 1038 658 1039 660 1160 660 1160 658 1161 658 1163 658 1171 651 1174 649 1209 649 1215 651 1234 657 1235 657 1237 658 1398 658 1398 657 1399 657 1415 649 1432 657 1433 657 1435 657 1436 657 1460 649 1463 648 1466 649 1481 655 1482 655 1484 655 1554 648 1563 648 1569 648 1644 655 1646 655 1696 646 1698 632 1696 600 1652 587 1650 587 1576 587 1574 587 1573 587 1525 599 1435 587 1433 587 1432 587 1380 602 1329 602 1308 590 1307 590 1305 590 1253 600 1225 593 1224 593 1222 593 1221 593 1219 593 1206 602 1112 602 1100 591 1100 590 1099 590 1097 590 1018 590 1017 590 1015 590 986 602 953 590 951 590 950 590 948 590 907 603 877 594 875 594 874 594 873 594 871 594 856 603 727 596 725 596 724 596 722 596 713 605 646 605 648 638"/></Shape>
	    <String CONTENT="etiam meminit Clemens Stromat.lib.7. Sedu¬"
                    HPOS="646"
                    VPOS="587"
                    WIDTH="1052"
                    HEIGHT="73"></String>
          </TextLine>

          
          
          <TextLine ID="eSc_line_94b4426a"
                    TAGREFS="LT4318"
                    BASELINE="646 696 1702 690" 
                    HPOS="645"
                    VPOS="642"
                    WIDTH="1057"
                    HEIGHT="77">
            <Shape><Polygon POINTS="646 696 646 713 895 719 896 719 959 713 1011 709 1038 713 1055 716 1057 716 1058 716 1066 713 1075 709 1084 713 1093 718 1094 718 1096 718 1130 713 1163 709 1180 713 1191 716 1192 716 1194 718 1374 718 1374 716 1396 713 1441 706 1514 706 1525 713 1527 715 1528 715 1530 715 1531 716 1583 716 1583 715 1585 715 1586 715 1588 713 1600 706 1701 712 1702 690 1698 648 1436 651 1427 648 1414 642 1412 642 1411 642 1409 642 1393 648 1378 654 1225 654 1218 648 1212 642 1210 642 1209 642 1176 642 1174 642 1173 642 1151 648 1130 654 1110 648 1100 645 1099 645 1097 645 1096 645 1085 648 1069 652 1024 648 974 643 972 643 938 648 892 655 868 648 856 645 855 645 853 645 829 648 804 652 791 648 779 645 777 645 776 645 757 648 737 652 645 649 646 696"/></Shape>
	    <String CONTENT="lius, Caſſianus, Beda &amp; alij. Atque hæc tota res"
                    HPOS="645"
                    VPOS="642"
                    WIDTH="1057"
                    HEIGHT="77"
                    WC="0.990126396218936"></String>
          </TextLine>

          
          
          <TextLine ID="eSc_line_e189c1c4"
                    TAGREFS="LT4318"
                    BASELINE="649 755 1698 752" 
                    HPOS="648"
                    VPOS="706"
                    WIDTH="1050"
                    HEIGHT="73">
            <Shape><Polygon POINTS="649 755 649 770 994 777 996 777 997 777 1014 773 1024 770 1045 773 1075 777 1076 777 1106 773 1128 770 1148 773 1168 777 1170 779 1170 777 1189 774 1210 770 1484 776 1542 776 1543 776 1554 776 1655 768 1695 776 1698 752 1695 719 1674 719 1661 707 1661 706 1659 706 1658 706 1656 706 1533 718 1463 706 1461 706 1402 718 1386 706 1384 706 1383 706 1381 706 1380 706 1342 719 1192 719 1176 706 1174 706 1173 706 1171 706 1112 715 1020 707 1018 707 1017 707 1015 707 999 719 838 707 837 707 785 719 722 707 721 707 719 707 718 707 703 721 648 721 649 755"/></Shape>
	    <String CONTENT="magnam ſecum fuperſtitionem primùm traxit,"
                    HPOS="648"
                    VPOS="706"
                    WIDTH="1050"
                    HEIGHT="73"
                    WC="0.981682755226313"></String>
          </TextLine>

          
          
          <TextLine ID="eSc_line_38c6b11c"
                    TAGREFS="LT4318"
                    BASELINE="646 814 1698 807" 
                    HPOS="645"
                    VPOS="762"
                    WIDTH="1053"
                    HEIGHT="75">
            <Shape><Polygon POINTS="646 814 646 829 783 828 788 829 812 837 813 837 815 837 816 837 817 837 829 828 831 828 835 828 875 835 877 835 878 835 893 828 896 826 907 828 953 834 954 834 994 826 1000 826 1006 826 1076 834 1078 834 1079 834 1096 825 1097 825 1107 834 1109 834 1110 834 1112 834 1152 826 1274 834 1276 834 1341 823 1342 823 1344 823 1380 832 1381 832 1383 834 1481 834 1481 832 1554 825 1628 831 1630 831 1698 819 1698 807 1695 776 1499 762 1497 762 1496 762 1494 762 1476 774 1369 764 1368 764 1366 764 1326 776 1310 764 1308 764 1307 764 1280 764 1279 764 1201 768 1200 768 1198 768 1183 779 1064 779 1044 767 1042 767 991 767 990 767 989 767 963 780 910 780 895 767 893 767 892 767 861 767 859 767 858 767 826 780 826 782 792 782 707 782 664 770 663 770 661 770 660 770 658 770 645 777 646 814"/></Shape>
	    <String CONTENT="&amp; verum finem orationis, atque vim extinxit: at¬"
                    HPOS="645"
                    VPOS="762"
                    WIDTH="1053"
                    HEIGHT="75"
                    WC="0.97580648958683"></String>
          </TextLine>

          
          
          <TextLine ID="eSc_line_0477dba1"
                    TAGREFS="LT4318"
                    BASELINE="649 872 1702 867" 
                    HPOS="648"
                    VPOS="822"
                    WIDTH="1054"
                    HEIGHT="74">
            <Shape><Polygon POINTS="649 872 649 896 725 887 834 895 846 895 847 895 849 895 850 895 859 887 917 893 920 893 922 893 923 893 956 886 1049 892 1079 893 1081 893 1082 893 1084 893 1085 892 1096 886 1273 889 1432 892 1433 892 1466 887 1490 883 1511 886 1536 890 1537 890 1702 883 1702 867 1699 835 1612 835 1580 822 1579 822 1577 822 1576 822 1574 822 1557 834 1289 823 1287 823 1286 823 1284 823 1267 835 1253 823 1252 823 1250 823 1249 823 1247 823 1246 823 1226 835 1200 823 1198 823 1197 823 1195 823 1194 823 1170 838 1009 838 913 825 911 825 840 826 838 826 813 838 704 826 703 826 701 826 700 826 685 840 648 840 649 872"/></Shape>
	    <String CONTENT="que in opinionem meriti, &amp; ſatisfactionis cõuer¬"
                    HPOS="648"
                    VPOS="822"
                    WIDTH="1054"
                    HEIGHT="74"></String>
          </TextLine>

          
          
          <TextLine ID="eSc_line_ea21be49"
                    TAGREFS="LT4318"
                    BASELINE="649 932 1699 925" 
                    HPOS="648"
                    VPOS="880"
                    WIDTH="1051"
                    HEIGHT="65">
            <Shape><Polygon POINTS="649 932 649 945 1698 938 1699 925 1696 893 1616 880 1488 880 1487 880 1485 880 1460 893 1406 883 1405 883 1403 883 1402 883 1386 893 1249 886 1247 886 1246 886 1225 895 1224 896 1112 896 1110 895 1070 883 1069 883 1067 883 920 884 919 884 917 884 917 886 905 896 898 896 840 898 820 896 725 886 724 886 722 886 721 886 706 896 703 898 648 898 649 932"/></Shape>
	    <String CONTENT="tit. Denique Euchitarum errorem in Eccleſiam"
                    HPOS="648"
                    VPOS="880"
                    WIDTH="1051"
                    HEIGHT="65"
                    WC="0.985927472060377"></String>
          </TextLine>

          
          
          <TextLine ID="eSc_line_6b455324"
                    TAGREFS="LT4318"
                    BASELINE="648 990 1699 981" 
                    HPOS="646"
                    VPOS="933"
                    WIDTH="1053"
                    HEIGHT="73">
            <Shape><Polygon POINTS="648 990 648 1005 1521 1006 1522 1006 1524 1006 1545 997 1546 997 1548 997 1564 1005 1566 1005 1567 1005 1698 996 1699 981 1695 944 1481 945 1472 944 1421 933 1420 933 1418 933 1398 944 1396 945 1393 944 1362 933 1360 933 1359 933 1357 933 1332 945 1331 945 1317 935 1316 935 1314 935 1313 935 1311 935 1310 935 1299 942 1252 936 1250 936 1249 936 1247 936 1235 945 1231 948 1168 950 1102 950 1097 945 1087 936 1085 936 1084 936 1082 936 1047 944 905 938 904 938 902 938 880 947 873 951 817 951 809 947 797 939 795 939 794 939 667 939 666 939 664 939 646 945 648 990"/></Shape>
	    <String CONTENT="induxit, qui nihil, niſi precari, id eſt, demurmura¬"
                    HPOS="646"
                    VPOS="933"
                    WIDTH="1053"
                    HEIGHT="73"
                    WC="0.983606650279118"></String>
          </TextLine>

          
          
          <TextLine ID="eSc_line_1105aa75"
                    TAGREFS="LT4318"
                    BASELINE="648 1049 1699 1044" 
                    HPOS="646"
                    VPOS="997"
                    WIDTH="1053"
                    HEIGHT="75">
            <Shape><Polygon POINTS="648 1049 648 1069 929 1060 1112 1066 1182 1067 1183 1067 1185 1067 1192 1064 1212 1058 1284 1058 1299 1064 1319 1072 1320 1072 1322 1072 1384 1063 1412 1060 1472 1063 1628 1070 1630 1070 1698 1060 1699 1044 1696 1011 1634 997 1632 997 1631 997 1601 1011 1493 1011 1439 997 1438 997 1390 1008 1334 1000 1332 1000 1331 1000 1329 1000 1316 1011 1314 1011 1311 1011 1229 999 1228 999 1226 999 1191 1008 1176 999 1174 999 1173 999 1171 999 1136 1000 1134 1000 1133 1000 1133 1002 1122 1011 1119 1012 1115 1011 1070 1000 963 1000 962 1000 960 1000 939 1011 936 1012 935 1011 913 1000 911 1000 910 1000 908 1000 883 1011 875 1014 865 1011 846 1006 844 1006 843 1006 841 1006 831 1011 826 1014 646 1012 648 1049"/></Shape>
	    <String CONTENT="re certa verba ſolebant, &amp; in eo prorã &amp; puppim"
                    HPOS="646"
                    VPOS="997"
                    WIDTH="1053"
                    HEIGHT="75"
                    WC="0.976997845495741"></String>
          </TextLine>

          
          
          <TextLine ID="eSc_line_76fb6128"
                    TAGREFS="LT4318"
                    BASELINE="646 1107 1463 1100 1701 1105" 
                    HPOS="645"
                    VPOS="1052"
                    WIDTH="1056"
                    HEIGHT="76">
            <Shape><Polygon POINTS="646 1107 646 1128 864 1119 1698 1121 1701 1105 1699 1066 1662 1054 1661 1054 1659 1054 1658 1054 1635 1066 1634 1067 1408 1067 1399 1064 1375 1052 1374 1052 1372 1052 1371 1052 1331 1063 1314 1067 1296 1063 1264 1054 1262 1054 1128 1054 1127 1054 1125 1054 1107 1061 1087 1070 987 1070 971 1060 966 1055 965 1055 963 1055 913 1055 911 1055 910 1055 902 1058 886 1066 868 1058 859 1055 858 1055 856 1055 855 1055 846 1058 803 1072 780 1057 779 1057 777 1057 776 1057 768 1057 725 1064 715 1057 713 1057 712 1057 645 1057 646 1107"/></Shape>
	    <String CONTENT="ſalutis collocabant, vti diximus. Hæc nos omnia"
                    HPOS="645"
                    VPOS="1052"
                    WIDTH="1056"
                    HEIGHT="76"
                    WC="0.998375286447241"></String>
          </TextLine>

          
          
          <TextLine ID="eSc_line_bf787d6b"
                    TAGREFS="LT4318"
                    BASELINE="648 1167 1699 1157" 
                    HPOS="646"
                    VPOS="1112"
                    WIDTH="1053"
                    HEIGHT="77">
            <Shape><Polygon POINTS="648 1167 648 1189 840 1177 920 1177 936 1185 942 1186 944 1186 945 1186 947 1186 951 1183 968 1176 1045 1182 1082 1185 1084 1185 1107 1180 1137 1176 1170 1180 1204 1183 1206 1183 1282 1177 1325 1174 1335 1176 1357 1182 1359 1182 1360 1182 1405 1174 1429 1171 1436 1174 1451 1180 1453 1180 1454 1182 1542 1182 1542 1180 1698 1168 1699 1157 1696 1121 1631 1112 1630 1112 1552 1121 1540 1121 1534 1121 1499 1112 1497 1112 1496 1112 1469 1121 1464 1121 1461 1121 1430 1112 1429 1112 1427 1112 1426 1112 1402 1121 1395 1122 1377 1121 1338 1115 1337 1115 1335 1115 1316 1121 1305 1122 1290 1121 1249 1113 1247 1113 991 1121 687 1128 676 1121 676 1119 675 1119 673 1119 672 1119 646 1119 648 1167"/></Shape>
	    <String CONTENT="breuiter hîc complecti voluimus, vt tanquam lo¬"
                    HPOS="646"
                    VPOS="1112"
                    WIDTH="1053"
                    HEIGHT="77"
                    WC="0.989119190722704"></String>
          </TextLine>

          
          
          <TextLine ID="eSc_line_7cc1ae6f"
                    TAGREFS="LT4318"
                    BASELINE="646 1225 1702 1216" 
                    HPOS="645"
                    VPOS="1171"
                    WIDTH="1057"
                    HEIGHT="72">
            <Shape><Polygon POINTS="646 1225 646 1235 751 1243 752 1243 828 1235 837 1235 847 1235 923 1241 925 1241 981 1235 999 1234 1702 1234 1702 1216 1699 1183 1566 1171 1564 1171 1563 1171 1521 1183 1519 1183 1515 1183 1350 1173 1348 1173 1183 1174 1182 1174 1151 1186 1148 1188 1048 1188 1047 1186 1027 1176 1026 1176 1024 1176 966 1177 965 1177 945 1186 942 1189 645 1189 646 1225"/></Shape>
	    <String CONTENT="cus communis haberetur. Sequitur iam vt de de¬"
                    HPOS="645"
                    VPOS="1171"
                    WIDTH="1057"
                    HEIGHT="72"
                    WC="0.98498008173445"></String>
          </TextLine>

          
          
          <TextLine ID="eSc_line_3de0da55"
                    TAGREFS="LT4318"
                    BASELINE="646 1284 1699 1274" 
                    HPOS="645"
                    VPOS="1228"
                    WIDTH="1054"
                    HEIGHT="77">
            <Shape><Polygon POINTS="646 1284 646 1298 795 1305 797 1305 798 1305 822 1298 834 1295 838 1298 847 1304 849 1304 850 1304 852 1304 853 1304 870 1298 880 1293 1011 1293 1018 1298 1021 1301 1023 1301 1024 1301 1026 1301 1079 1298 1158 1292 1176 1296 1189 1301 1191 1301 1192 1301 1241 1296 1319 1290 1356 1296 1374 1299 1375 1299 1396 1296 1441 1289 1469 1296 1475 1298 1476 1298 1478 1298 1494 1296 1548 1289 1569 1296 1570 1296 1572 1296 1573 1296 1698 1295 1699 1274 1696 1228 1658 1228 1656 1228 1655 1228 1653 1228 1638 1241 1494 1241 1479 1232 1476 1229 1475 1229 1473 1229 1396 1229 1395 1229 1357 1231 1356 1231 1354 1231 1351 1234 1340 1243 1307 1235 1284 1231 1283 1231 1282 1231 1262 1237 1241 1243 1222 1237 1221 1237 1219 1237 1218 1237 1210 1237 1168 1244 1151 1238 1130 1232 1128 1232 1127 1232 1125 1232 1109 1240 1094 1246 1081 1240 1064 1234 1063 1234 1061 1234 1012 1241 994 1244 983 1243 945 1234 944 1234 942 1234 910 1244 902 1246 895 1244 868 1235 867 1235 865 1235 864 1235 841 1246 837 1249 645 1249 646 1284"/></Shape>
	    <String CONTENT="coro, quod nõ tantùm in precibus, ſed in congreſ¬"
                    HPOS="645"
                    VPOS="1228"
                    WIDTH="1054"
                    HEIGHT="77"
                    WC="0.981571312044181"></String>
          </TextLine>

          
          
          <TextLine ID="eSc_line_442cf3db"
                    TAGREFS="LT4318"
                    BASELINE="646 1344 1704 1334" 
                    HPOS="645"
                    VPOS="1286"
                    WIDTH="1059"
                    HEIGHT="80">
            <Shape><Polygon POINTS="646 1344 646 1365 703 1356 728 1365 730 1365 731 1366 792 1366 792 1365 794 1365 795 1365 795 1363 809 1354 829 1363 831 1363 832 1363 834 1365 947 1365 947 1363 948 1363 959 1360 984 1353 1084 1357 1143 1360 1145 1360 1218 1354 1284 1350 1317 1353 1377 1359 1378 1359 1380 1359 1398 1351 1402 1350 1417 1351 1491 1357 1493 1357 1494 1357 1496 1357 1509 1350 1619 1354 1621 1354 1622 1354 1624 1354 1634 1347 1650 1354 1652 1354 1653 1354 1704 1344 1704 1334 1701 1295 1632 1286 1631 1286 1630 1286 1628 1286 1619 1295 1618 1295 1610 1295 1540 1287 1539 1287 1537 1287 1536 1287 1525 1295 1521 1298 1432 1298 1427 1295 1403 1286 1402 1286 1400 1286 1399 1286 1398 1286 1386 1295 1383 1298 1368 1295 1329 1287 1328 1287 1229 1290 1228 1290 1226 1290 1219 1295 1212 1301 1145 1301 1136 1296 1122 1289 1121 1289 1119 1289 1067 1296 1060 1296 1058 1296 1047 1290 1045 1290 1044 1290 1042 1290 1030 1296 1021 1301 1011 1296 996 1290 994 1290 993 1290 895 1292 893 1292 892 1292 886 1296 875 1302 645 1298 646 1344"/></Shape>
	    <String CONTENT="ſionibus publicis &amp; Eccleſiaſticis ſeruandum ſit"
                    HPOS="645"
                    VPOS="1286"
                    WIDTH="1059"
                    HEIGHT="80"
                    WC="0.97199356307586"></String>
          </TextLine>

          
          
          <TextLine ID="eSc_line_3ce46be0"
                    TAGREFS="LT4318"
                    BASELINE="654 1397 1701 1390" 
                    HPOS="652"
                    VPOS="1347"
                    WIDTH="1049"
                    HEIGHT="80">
            <Shape><Polygon POINTS="654 1412 704 1415 721 1427 722 1427 724 1427 725 1427 817 1420 843 1427 844 1427 846 1427 1009 1412 1069 1426 1070 1426 1119 1424 1121 1424 1122 1424 1139 1411 1218 1424 1219 1424 1307 1409 1380 1423 1381 1423 1383 1423 1432 1409 1551 1408 1589 1421 1591 1421 1592 1421 1701 1405 1701 1390 1698 1360 1653 1360 1653 1359 1634 1347 1632 1347 1631 1347 1630 1347 1566 1359 1564 1360 1499 1360 1499 1359 1485 1348 1484 1348 1482 1348 1436 1348 1435 1348 1433 1348 1432 1348 1418 1357 1374 1348 1372 1348 1371 1348 1369 1348 1369 1350 1357 1359 1356 1362 1276 1362 1262 1359 1229 1350 1228 1350 1195 1350 1194 1350 1192 1350 1191 1350 1180 1359 1176 1363 1078 1363 1070 1359 1054 1351 1052 1351 1051 1351 950 1359 859 1366 754 1366 740 1359 730 1353 728 1353 727 1353 652 1357 654 1397"/></Shape>
	    <String CONTENT="videamus, quod ſequentibus verſiculis explica¬"
                    HPOS="652"
                    VPOS="1347"
                    WIDTH="1049"
                    HEIGHT="80"
                    WC="0.987713879865149"></String>
          </TextLine>

          
          
          <TextLine ID="eSc_line_bb2f7baf"
                    TAGREFS="LT4318"
                    BASELINE="654 1458 751 1458" 
                    HPOS="654"
                    VPOS="1411"
                    WIDTH="97"
                    HEIGHT="73">
            <Shape><Polygon POINTS="654 1458 654 1476 664 1484 666 1484 667 1484 669 1484 751 1473 751 1458 751 1423 679 1411 678 1411 676 1411 654 1421 654 1458"/></Shape>
	    <String CONTENT="tur."
                    HPOS="654"
                    VPOS="1411"
                    WIDTH="97"
                    HEIGHT="73"
                    WC="0.98692861199379"></String>
          </TextLine>

          
          
          <TextLine ID="eSc_line_d92775e6"
                    TAGREFS="LT4320"
                    BASELINE="727 1525 1698 1519" 
                    HPOS="725"
                    VPOS="1460"
                    WIDTH="973"
                    HEIGHT="83">
            <Shape><Polygon POINTS="730 1543 743 1536 920 1542 957 1543 959 1543 1006 1542 1265 1533 1335 1540 1337 1540 1338 1540 1341 1540 1540 1533 1695 1539 1698 1519 1693 1476 1671 1476 1668 1476 1646 1460 1644 1460 1643 1460 1641 1460 1551 1475 1527 1475 1512 1461 1512 1460 1511 1460 1509 1460 1508 1460 1453 1467 1418 1461 1417 1461 1347 1478 1345 1478 1342 1478 1224 1469 1222 1469 1221 1469 1194 1478 1165 1464 1164 1464 1125 1463 1090 1463 1088 1463 1087 1463 1085 1463 1063 1476 1038 1463 1036 1463 1003 1463 1002 1463 1000 1463 962 1481 884 1464 883 1464 881 1464 855 1479 725 1482 727 1525"/></Shape>
	    <String CONTENT="9 Itidem &amp; mulieres amictu honesto,"
                    HPOS="725"
                    VPOS="1460"
                    WIDTH="973"
                    HEIGHT="83"
                    WC="0.996581038406917"></String>
          </TextLine>

          
          
          <TextLine ID="eSc_line_1e495f4e"
                    TAGREFS="LT4320"
                    BASELINE="646 1594 1707 1586" 
                    HPOS="645"
                    VPOS="1536"
                    WIDTH="1062"
                    HEIGHT="83">
            <Shape><Polygon POINTS="646 1610 703 1618 704 1618 706 1618 728 1610 731 1610 733 1610 749 1619 751 1619 752 1619 754 1619 770 1612 910 1619 911 1619 913 1619 929 1610 933 1609 1039 1609 1042 1610 1052 1619 1054 1619 1055 1619 1057 1619 1102 1618 1103 1618 1115 1610 1122 1607 1155 1610 1212 1618 1213 1618 1299 1610 1368 1606 1406 1610 1445 1616 1447 1616 1448 1616 1461 1610 1467 1609 1500 1610 1551 1615 1552 1615 1554 1615 1555 1615 1560 1610 1570 1604 1591 1610 1603 1615 1604 1615 1606 1615 1607 1615 1618 1610 1635 1604 1705 1610 1707 1586 1702 1548 1594 1548 1592 1548 1579 1536 1577 1536 1576 1536 1511 1536 1509 1536 1508 1536 1506 1536 1490 1548 1485 1549 1470 1548 1423 1539 1421 1539 1420 1539 1405 1548 1399 1551 1307 1551 1302 1548 1287 1537 1286 1537 1284 1537 1283 1537 1200 1539 1198 1539 1197 1539 1186 1548 1179 1552 1103 1552 1097 1548 1087 1539 1085 1539 1084 1539 1082 1539 1081 1539 1054 1548 1041 1551 1027 1548 1003 1540 1002 1540 1000 1540 803 1542 801 1542 800 1542 792 1548 780 1554 645 1548 646 1594"/></Shape>
	    <String CONTENT="cum verecundia &amp; modeſtia ornare ſeſe, non,"
                    HPOS="645"
                    VPOS="1536"
                    WIDTH="1062"
                    HEIGHT="83"
                    WC="0.985954742098963"></String>
          </TextLine>

          
          
          <TextLine ID="eSc_line_c2735c86"
                    TAGREFS="LT4320"
                    BASELINE="646 1664 1701 1653" 
                    HPOS="645"
                    VPOS="1609"
                    WIDTH="1056"
                    HEIGHT="86">
            <Shape><Polygon POINTS="646 1685 831 1695 832 1695 834 1695 835 1695 847 1685 849 1685 896 1685 899 1685 913 1693 914 1693 916 1693 917 1693 980 1685 987 1685 994 1685 1070 1693 1072 1693 1073 1693 1099 1685 1109 1682 1192 1682 1198 1685 1215 1692 1216 1692 1218 1692 1250 1685 1262 1682 1268 1685 1280 1690 1282 1690 1283 1690 1473 1686 1475 1686 1479 1685 1491 1679 1503 1685 1512 1687 1514 1687 1515 1687 1516 1687 1528 1685 1551 1677 1572 1685 1583 1687 1585 1687 1586 1687 1701 1683 1701 1653 1698 1621 1564 1609 1563 1609 1561 1609 1560 1609 1540 1621 1387 1612 1386 1612 1384 1612 1345 1622 1279 1615 1277 1615 1226 1624 1180 1613 1179 1613 1177 1613 1155 1624 1066 1615 1064 1615 1063 1615 1020 1625 947 1615 945 1615 880 1627 709 1618 707 1618 706 1618 704 1618 688 1629 645 1629 646 1664"/></Shape>
	    <String CONTENT="cincinnis, vel auro, vel margaritis, vel pre¬"
                    HPOS="645"
                    VPOS="1609"
                    WIDTH="1056"
                    HEIGHT="86"
                    WC="0.978993026415507"></String>
          </TextLine>

          
          
          <TextLine ID="eSc_line_4097c0ab"
                    TAGREFS="LT4320"
                    BASELINE="652 1731 978 1731" 
                    HPOS="652"
                    VPOS="1676"
                    WIDTH="326"
                    HEIGHT="89">
            <Shape><Polygon POINTS="654 1763 673 1756 696 1763 703 1765 704 1765 706 1765 722 1762 757 1756 785 1760 810 1765 812 1765 978 1756 978 1731 978 1692 881 1676 880 1676 809 1690 797 1680 795 1680 794 1680 792 1680 791 1680 789 1680 777 1689 758 1676 757 1676 755 1676 690 1676 688 1676 687 1676 652 1690 652 1731"/></Shape>
	    <String CONTENT="tioſo veſtitu."
                    HPOS="652"
                    VPOS="1676"
                    WIDTH="326"
                    HEIGHT="89"
                    WC="0.999919099467141"></String>
          </TextLine>

          
          
          <TextLine ID="eSc_line_d81c0459"
                    TAGREFS="LT4318"
                    BASELINE="703 1814 1708 1809" 
                    HPOS="701"
                    VPOS="1757"
                    WIDTH="1007"
                    HEIGHT="79">
            <Shape><Polygon POINTS="703 1814 703 1830 986 1829 989 1829 1027 1836 1029 1836 1030 1836 1032 1836 1032 1835 1039 1829 1041 1827 1045 1829 1069 1833 1070 1833 1072 1833 1073 1833 1081 1829 1085 1826 1107 1827 1174 1835 1176 1835 1177 1835 1194 1827 1198 1826 1201 1827 1218 1833 1219 1833 1221 1833 1262 1827 1271 1826 1279 1826 1329 1835 1331 1835 1522 1824 1540 1824 1552 1824 1679 1833 1680 1833 1682 1833 1708 1823 1708 1809 1704 1757 1634 1772 1573 1757 1570 1757 1569 1757 1567 1757 1566 1757 1548 1769 1528 1757 1527 1757 1525 1757 1470 1757 1469 1757 1467 1757 1464 1757 1415 1774 1360 1774 1344 1760 1344 1759 1342 1759 1341 1759 1295 1759 1293 1759 1292 1759 1264 1772 1243 1759 1241 1759 1240 1759 1213 1759 1212 1759 1210 1759 1209 1759 1209 1760 1192 1774 1140 1762 1139 1762 1137 1762 1136 1762 1121 1775 1036 1775 916 1760 911 1760 910 1760 908 1760 907 1760 907 1762 892 1775 855 1762 853 1762 852 1762 850 1762 849 1762 828 1777 759 1777 701 1762 703 1814"/></Shape>
	    <String CONTENT="Μεριςμὸς eſt, ſupra enim de viris egit, nunc autẽ"
                    HPOS="701"
                    VPOS="1757"
                    WIDTH="1007"
                    HEIGHT="79"></String>
          </TextLine>

          
          
          <TextLine ID="eSc_line_20dfe529"
                    TAGREFS="LT4318"
                    BASELINE="651 1875 1708 1867" 
                    HPOS="649"
                    VPOS="1821"
                    WIDTH="1059"
                    HEIGHT="75">
            <Shape><Polygon POINTS="651 1875 651 1888 785 1896 786 1896 788 1896 789 1896 798 1888 800 1888 813 1888 1009 1894 1011 1894 1061 1887 1073 1885 1085 1887 1125 1893 1127 1893 1128 1893 1142 1887 1145 1885 1160 1887 1237 1893 1238 1893 1240 1893 1241 1893 1252 1885 1253 1885 1279 1893 1280 1893 1282 1893 1326 1885 1338 1884 1365 1885 1469 1891 1470 1891 1472 1891 1499 1884 1508 1882 1519 1884 1555 1890 1557 1890 1707 1882 1708 1867 1707 1833 1665 1821 1664 1821 1662 1821 1579 1832 1576 1832 1573 1832 1522 1821 1521 1821 1519 1821 1493 1832 1485 1835 1476 1832 1456 1823 1454 1823 1453 1823 1451 1823 1450 1823 1439 1832 1433 1836 1301 1836 1290 1830 1280 1824 1279 1824 1277 1824 1276 1824 1274 1824 1274 1826 1268 1830 1261 1836 1235 1830 1228 1829 1226 1829 1225 1829 1222 1830 1209 1838 1100 1838 1084 1829 1073 1824 1072 1824 1070 1824 1049 1829 1018 1836 972 1829 954 1826 953 1826 951 1826 950 1826 947 1829 933 1838 898 1827 889 1826 887 1826 886 1826 884 1826 878 1827 862 1835 838 1827 837 1827 835 1827 834 1827 832 1827 831 1827 797 1839 748 1827 745 1827 743 1827 742 1827 715 1839 701 1827 700 1827 699 1827 649 1827 651 1875"/></Shape>
	    <String CONTENT="de fœminis Chriſtianis, quales eas in Eccleſia"
                    HPOS="649"
                    VPOS="1821"
                    WIDTH="1059"
                    HEIGHT="75"
                    WC="0.997266678706459"></String>
          </TextLine>

          
          
          <TextLine ID="eSc_line_14b334e1"
                    TAGREFS="LT4318"
                    BASELINE="651 1933 1707 1925" 
                    HPOS="649"
                    VPOS="1881"
                    WIDTH="1058"
                    HEIGHT="65">
            <Shape><Polygon POINTS="651 1933 651 1946 1705 1940 1707 1925 1702 1885 1545 1893 1521 1885 1508 1881 1506 1881 1505 1881 1503 1881 1502 1881 1497 1885 1488 1893 1478 1885 1475 1882 1473 1882 1472 1882 1423 1882 1421 1882 1420 1882 1409 1885 1378 1896 1229 1896 1207 1885 1204 1885 1203 1885 1201 1885 1200 1885 1197 1885 1161 1896 1088 1890 1087 1890 1042 1897 1015 1887 1011 1885 1009 1885 1008 1885 1006 1885 1005 1885 1003 1887 987 1897 933 1887 931 1887 929 1887 928 1887 908 1897 871 1887 864 1885 862 1885 861 1885 779 1887 777 1887 776 1887 757 1899 649 1888 651 1933"/></Shape>
	    <String CONTENT="Dei eſſe &amp; conuenire oporteat, vt ad ritè orandũ"
                    HPOS="649"
                    VPOS="1881"
                    WIDTH="1058"
                    HEIGHT="65"
                    WC="0.996224509477615"></String>
          </TextLine>

          
          
          <TextLine ID="eSc_line_1ca68ba1"
                    TAGREFS="LT4318"
                    BASELINE="649 1992 1708 1986" 
                    HPOS="648"
                    VPOS="1939"
                    WIDTH="1060"
                    HEIGHT="74">
            <Shape><Polygon POINTS="649 1992 649 2006 663 2013 664 2013 666 2013 737 2004 745 2004 746 2004 755 2012 757 2012 758 2012 759 2012 761 2012 779 2006 886 2013 887 2013 889 2013 907 2006 914 2003 1015 2006 1176 2012 1177 2012 1179 2012 1191 2007 1204 2001 1491 2007 1493 2007 1494 2007 1496 2007 1508 2000 1705 2009 1708 1986 1705 1940 1671 1939 1670 1939 1668 1939 1667 1939 1665 1940 1649 1952 1580 1952 1569 1942 1566 1939 1564 1939 1563 1939 1441 1939 1439 1939 1438 1939 1420 1943 1406 1946 1387 1943 1363 1940 1362 1940 1360 1940 1353 1945 1337 1952 1317 1945 1307 1940 1305 1940 1252 1940 1250 1940 1249 1940 1247 1940 1241 1946 1232 1954 1170 1954 1155 1946 1145 1942 1143 1942 1142 1942 1140 1942 1127 1946 1109 1954 1052 1954 1047 1948 1039 1942 1038 1942 1036 1942 1035 1942 1033 1942 1009 1949 990 1955 764 1955 740 1952 685 1943 684 1943 682 1943 648 1952 649 1992"/></Shape>
	    <String CONTENT="ſint comparatæ. Quo fit, vt hîc de Chriſtianarũ"
                    HPOS="648"
                    VPOS="1939"
                    WIDTH="1060"
                    HEIGHT="74"
                    WC="0.993224726647747"></String>
          </TextLine>

          
          
          <TextLine ID="eSc_line_ceb5e651"
                    TAGREFS="LT4318"
                    BASELINE="651 2052 1708 2043" 
                    HPOS="649"
                    VPOS="1995"
                    WIDTH="1059"
                    HEIGHT="76">
            <Shape><Polygon POINTS="651 2052 651 2064 785 2071 786 2071 838 2062 847 2062 867 2062 978 2068 980 2068 1027 2061 1035 2061 1039 2061 1073 2068 1075 2068 1076 2068 1078 2068 1087 2061 1088 2059 1210 2059 1212 2059 1222 2067 1224 2067 1225 2067 1226 2067 1228 2067 1246 2059 1247 2059 1255 2059 1331 2067 1332 2067 1393 2058 1399 2058 1400 2058 1415 2065 1417 2065 1418 2065 1707 2055 1708 2043 1705 2009 1601 2000 1600 2000 1558 2007 1533 1995 1531 1995 1530 1995 1482 1997 1481 1997 1479 1997 1463 2009 1386 1997 1384 1997 1301 2009 1279 1998 1277 1998 1276 1998 1274 1998 1232 2010 1179 2003 1177 2003 1176 2003 1174 2003 1164 2012 1106 2000 1105 2000 1103 2000 1079 2012 1055 2003 1054 2003 1052 2003 1051 2003 1023 2012 996 2001 994 2001 993 2001 991 2001 965 2009 916 2001 914 2001 913 2001 883 2013 820 2007 819 2007 780 2015 779 2015 777 2015 736 2003 734 2003 733 2003 731 2003 730 2003 712 2015 676 2006 675 2006 673 2006 672 2006 649 2015 651 2052"/></Shape>
	    <String CONTENT="mulierum officio &amp; decoro duplici ratione &amp; re¬"
                    HPOS="649"
                    VPOS="1995"
                    WIDTH="1059"
                    HEIGHT="76"
                    WC="0.981289224421724"></String>
          </TextLine>

          
          
          <TextLine ID="eSc_line_57d00cb1"
                    TAGREFS="LT4318"
                    BASELINE="651 2111 1708 2099" 
                    HPOS="649"
                    VPOS="2053"
                    WIDTH="1059"
                    HEIGHT="81">
            <Shape><Polygon POINTS="651 2111 651 2125 724 2123 734 2126 762 2134 764 2134 765 2134 767 2134 768 2134 782 2125 783 2123 786 2125 792 2129 794 2129 795 2129 797 2129 820 2125 834 2122 837 2125 847 2132 849 2132 850 2132 852 2134 914 2134 914 2132 916 2132 933 2123 1000 2131 1002 2131 1057 2120 1070 2119 1097 2120 1173 2125 1174 2125 1282 2117 1287 2117 1307 2126 1308 2126 1310 2126 1356 2117 1414 2125 1415 2125 1493 2117 1658 2123 1659 2123 1661 2123 1708 2110 1708 2099 1707 2067 1665 2053 1664 2053 1591 2053 1589 2053 1588 2053 1558 2067 1524 2055 1522 2055 1521 2055 1519 2055 1518 2055 1503 2067 1503 2068 1433 2070 1176 2071 1168 2070 1142 2059 1140 2059 1075 2059 1073 2059 1015 2070 1000 2073 996 2070 981 2061 980 2061 978 2061 977 2061 919 2071 913 2071 911 2071 899 2062 898 2062 896 2062 895 2062 893 2062 867 2071 864 2071 859 2071 806 2062 804 2062 803 2062 786 2071 783 2073 777 2071 751 2064 749 2064 748 2064 746 2064 725 2071 718 2074 712 2071 693 2064 691 2064 690 2064 649 2071 651 2111"/></Shape>
	    <String CONTENT="ſpectu Paulus agat. Nimirum quatenus ſunt ſpe¬"
                    HPOS="649"
                    VPOS="2053"
                    WIDTH="1059"
                    HEIGHT="81"
                    WC="0.991406261920929"></String>
          </TextLine>

          
          
          <TextLine ID="eSc_line_21e7825c"
                    TAGREFS="LT4318"
                    BASELINE="655 2169 1713 2160" 
                    HPOS="654"
                    VPOS="2114"
                    WIDTH="1059"
                    HEIGHT="88">
            <Shape><Polygon POINTS="655 2169 655 2202 748 2202 749 2202 774 2192 816 2202 819 2202 820 2202 990 2201 991 2201 996 2199 1032 2187 1058 2195 1060 2195 1061 2195 1130 2187 1142 2196 1143 2196 1145 2196 1146 2196 1299 2187 1322 2195 1326 2196 1328 2196 1329 2196 1340 2195 1384 2186 1400 2193 1405 2196 1406 2196 1408 2196 1424 2193 1451 2189 1481 2193 1508 2196 1509 2196 1511 2196 1521 2192 1546 2183 1710 2189 1713 2160 1710 2126 1539 2126 1537 2125 1516 2114 1515 2114 1448 2114 1447 2114 1445 2114 1423 2125 1417 2126 1411 2125 1381 2114 1380 2114 1378 2114 1377 2114 1342 2123 1328 2128 1322 2123 1311 2116 1310 2116 1308 2116 1307 2116 1265 2123 1243 2128 1222 2123 1186 2116 1185 2116 1183 2116 1165 2123 1149 2129 1061 2129 1055 2123 1049 2119 1049 2117 1048 2117 1047 2117 1045 2117 1012 2123 989 2126 963 2122 939 2119 938 2119 936 2119 929 2122 914 2129 840 2122 832 2122 831 2122 829 2122 809 2131 788 2122 783 2120 782 2120 780 2120 779 2120 774 2122 755 2129 739 2122 736 2120 734 2120 733 2120 654 2120 655 2169"/></Shape>
	    <String CONTENT="ctandæ tum In ſeſe, tum in totius Eccleſiæ cœtu."
                    HPOS="654"
                    VPOS="2114"
                    WIDTH="1059"
                    HEIGHT="88"></String>
          </TextLine>

          
        </TextBlock>
        
        <TextBlock HPOS="1575.2056884765625"
                   VPOS="2182.948486328125"
                   WIDTH="145.714599609375"
                   HEIGHT="54.879150390625"
                   ID="block_1"
                   TAGREFS="BT10978">
          <Shape><Polygon POINTS="1575.21 2182.95 1720.92 2182.95 1720.92 2237.83 1575.21 2237.83 1575.21 2182.95"/></Shape>
          
          
          <TextLine ID="eSc_line_cd6483e7"
                    TAGREFS="LT4318"
                    BASELINE="1580 2220 1717 2220" 
                    HPOS="1580"
                    VPOS="2172"
                    WIDTH="137"
                    HEIGHT="91">
            <Shape><Polygon POINTS="1580 2220 1580 2256 1586 2262 1588 2262 1589 2262 1591 2263 1630 2263 1630 2262 1631 2262 1646 2254 1659 2247 1716 2254 1717 2220 1717 2184 1686 2184 1685 2183 1673 2172 1671 2172 1670 2172 1668 2172 1667 2172 1647 2183 1646 2183 1643 2183 1615 2172 1613 2172 1612 2172 1610 2172 1580 2180 1580 2220"/></Shape>
	    <String CONTENT="Ac in"
                    HPOS="1580"
                    VPOS="2172"
                    WIDTH="137"
                    HEIGHT="91"
                    WC="0.948639166355133"></String>
          </TextLine>

          
        </TextBlock>
        

        
      </PrintSpace>
    </Page>
  </Layout>
</alto>
