<?xml version="1.0" encoding="UTF-8"?>
<alto xmlns:xsi="http://www.w3.org/2001/XMLSchema-instance"
      xmlns="http://www.loc.gov/standards/alto/ns-v4#"
      xsi:schemaLocation="http://www.loc.gov/standards/alto/ns-v4# http://www.loc.gov/standards/alto/v4/alto-4-2.xsd">
  <Description>
    <MeasurementUnit>pixel</MeasurementUnit>
    <sourceImageInformation>
      <fileName>2012982.png</fileName>
      
    </sourceImageInformation>
  </Description>
  
  <Tags>
    <OtherTag ID="BT10983" LABEL="GraphicZone" DESCRIPTION="block type GraphicZone"/><OtherTag ID="BT10982" LABEL="DropCapitalZone" DESCRIPTION="block type DropCapitalZone"/><OtherTag ID="BT10981" LABEL="RunningTitleZone" DESCRIPTION="block type RunningTitleZone"/><OtherTag ID="BT10980" LABEL="NumberingZone" DESCRIPTION="block type NumberingZone"/><OtherTag ID="BT10979" LABEL="TitlePageZone" DESCRIPTION="block type TitlePageZone"/><OtherTag ID="BT10978" LABEL="QuireMarksZone" DESCRIPTION="block type QuireMarksZone"/><OtherTag ID="BT10977" LABEL="MainZone" DESCRIPTION="block type MainZone"/><OtherTag ID="BT10976" LABEL="MarginTextZone" DESCRIPTION="block type MarginTextZone"/>
    <OtherTag ID="LT4321" LABEL="default" DESCRIPTION="line type default"/><OtherTag ID="LT4319" LABEL="HeadingLine" DESCRIPTION="line type HeadingLine"/><OtherTag ID="LT4318" LABEL="DefaultLine" DESCRIPTION="line type DefaultLine"/><OtherTag ID="LT4320" LABEL="CustomLine : BiblicalText" DESCRIPTION="line type CustomLine : BiblicalText"/>
  </Tags>
  
  <Layout>
    <Page WIDTH="1807"
          HEIGHT="2677"
          PHYSICAL_IMG_NR="29"
          ID="eSc_dummypage_">
      <PrintSpace HPOS="0"
                  VPOS="0"
                  WIDTH="1807"
                  HEIGHT="2677">
        
        <TextBlock HPOS="610.1348876953125"
                   VPOS="173.70419311523438"
                   WIDTH="81.643310546875"
                   HEIGHT="51.98130798339844"
                   ID="block_2"
                   TAGREFS="BT10980">
          <Shape><Polygon POINTS="610.135 173.704 691.778 173.704 691.778 225.686 610.135 225.686 610.135 173.704"/></Shape>
          
          
          <TextLine ID="eSc_line_92bb0865"
                    TAGREFS="LT4318"
                    BASELINE="623 217 700 212" 
                    HPOS="620"
                    VPOS="166"
                    WIDTH="80"
                    HEIGHT="79">
            <Shape><Polygon POINTS="664 168 649 169 635 169 620 171 623 217 623 239 672 245 673 245 675 245 700 236 700 212 697 178 667 166 664 168"/></Shape>
	    <String CONTENT="70"
                    HPOS="620"
                    VPOS="166"
                    WIDTH="80"
                    HEIGHT="79"
                    WC="0.999961495399475"></String>
          </TextLine>

          
        </TextBlock>
        
        <TextBlock HPOS="797.4995727539062"
                   VPOS="154.05702209472656"
                   WIDTH="708.3460083007812"
                   HEIGHT="64.77377319335938"
                   ID="block_0"
                   TAGREFS="BT10981">
          <Shape><Polygon POINTS="797.5 154.057 1505.85 154.057 1505.85 218.831 797.5 218.831 797.5 154.057"/></Shape>
          
          
          <TextLine ID="eSc_line_4476c09e"
                    TAGREFS="LT4319"
                    BASELINE="803 206 1499 194" 
                    HPOS="801"
                    VPOS="151"
                    WIDTH="698"
                    HEIGHT="75">
            <Shape><Polygon POINTS="1454 162 1430 153 1426 153 1411 153 1396 153 1381 153 1366 153 1351 151 1345 151 1320 163 1253 154 1252 154 1176 165 1155 154 1154 154 1152 154 1087 160 1009 153 1008 153 1006 153 1005 153 1005 154 989 169 931 169 889 154 887 154 886 154 884 154 862 166 831 157 816 157 801 168 803 206 803 214 887 226 889 226 890 226 916 214 917 214 920 214 974 224 975 224 977 224 978 224 991 214 994 212 1008 214 1073 221 1075 221 1076 221 1099 214 1106 211 1115 214 1127 217 1128 217 1130 217 1177 212 1235 208 1241 212 1246 217 1246 218 1247 218 1249 218 1250 218 1286 212 1325 206 1351 206 1360 212 1365 217 1366 217 1368 217 1369 217 1371 217 1386 212 1402 206 1414 212 1421 215 1423 215 1424 215 1499 211 1499 194 1496 166 1491 162"/></Shape>
	    <String CONTENT="AD I. PAVL. AD TIM."
                    HPOS="801"
                    VPOS="151"
                    WIDTH="698"
                    HEIGHT="75"
                    WC="0.983254981668372"></String>
          </TextLine>

          
        </TextBlock>
        
        <TextBlock HPOS="599.894287109375"
                   VPOS="226.91505432128906"
                   WIDTH="1071.724365234375"
                   HEIGHT="1943.839096069336"
                   ID="block_3"
                   TAGREFS="BT10977">
          <Shape><Polygon POINTS="599.894 226.915 1671.62 226.915 1671.62 2170.75 599.894 2170.75 599.894 226.915"/></Shape>
          
          
          <TextLine ID="eSc_line_e2e81e3f"
                    TAGREFS="LT4318"
                    BASELINE="609 278 1667 263" 
                    HPOS="608"
                    VPOS="215"
                    WIDTH="1059"
                    HEIGHT="88">
            <Shape><Polygon POINTS="609 294 684 303 685 303 734 294 743 292 754 294 816 301 817 301 819 301 835 292 841 290 969 290 974 291 987 298 989 298 990 298 991 298 993 298 1000 291 1002 291 1009 291 1073 297 1075 297 1076 297 1093 291 1096 290 1099 291 1112 297 1113 297 1115 297 1216 295 1218 295 1232 290 1244 285 1261 290 1280 294 1282 294 1283 294 1317 288 1350 284 1402 288 1424 290 1426 290 1427 290 1435 288 1457 282 1466 288 1472 291 1473 291 1475 291 1476 291 1509 287 1561 281 1665 285 1667 263 1664 227 1603 215 1560 215 1558 215 1557 215 1555 215 1555 217 1543 229 1542 229 1539 229 1463 217 1461 217 1400 227 1348 218 1347 218 1289 232 1287 232 1282 232 1142 226 1140 226 1139 226 1116 234 1115 236 974 236 972 236 926 224 925 224 923 224 725 240 710 242 660 242 658 240 641 229 639 229 638 229 636 229 635 229 608 239 609 278"/></Shape>
	    <String CONTENT="quæ concurrebant, tanquam auguſtiora quædam"
                    HPOS="608"
                    VPOS="215"
                    WIDTH="1059"
                    HEIGHT="88"
                    WC="0.994084502375403"></String>
          </TextLine>

          
          
          <TextLine ID="eSc_line_6f92159f"
                    TAGREFS="LT4318"
                    BASELINE="603 339 1668 321" 
                    HPOS="602"
                    VPOS="275"
                    WIDTH="1066"
                    HEIGHT="86">
            <Shape><Polygon POINTS="602 313 603 339 603 358 761 361 762 361 795 355 817 350 826 353 840 359 841 359 843 359 844 359 859 353 871 349 904 352 956 358 957 358 959 358 987 350 1000 348 1014 350 1045 356 1047 356 1048 356 1063 349 1070 346 1110 348 1204 353 1206 353 1207 353 1237 346 1243 345 1252 345 1311 352 1313 352 1314 352 1350 343 1357 342 1363 343 1400 350 1402 350 1475 340 1491 339 1505 340 1569 348 1570 348 1667 336 1668 321 1665 288 1610 275 1609 275 1607 275 1576 288 1576 290 1566 290 1438 290 1402 278 1400 278 1399 278 1398 278 1366 291 1326 279 1325 279 1323 279 1322 279 1320 279 1301 292 1299 292 1253 282 1252 282 1250 282 1222 294 1221 294 1218 294 1165 284 1164 284 1163 284 1134 295 1133 295 1131 295 1113 285 1112 285 1052 285 1051 285 1005 295 977 285 975 285 974 285 779 288 777 288 746 300 743 303 690 303 678 301 611 291 602 313"/></Shape>
	    <String CONTENT="loca, quòd illîc Martyrũ, quorũ fides Deo accepta"
                    HPOS="602"
                    VPOS="275"
                    WIDTH="1066"
                    HEIGHT="86"
                    WC="0.992376553562452"></String>
          </TextLine>

          
          
          <TextLine ID="eSc_line_54221d7b"
                    TAGREFS="LT4318"
                    BASELINE="608 397 1668 379" 
                    HPOS="606"
                    VPOS="333"
                    WIDTH="1062"
                    HEIGHT="89">
            <Shape><Polygon POINTS="608 397 608 413 666 422 667 422 669 422 693 411 699 410 713 411 782 420 783 420 858 408 873 406 965 406 968 407 987 414 989 414 990 414 991 414 1014 406 1015 406 1017 406 1055 414 1057 414 1058 414 1087 404 1090 404 1099 404 1224 413 1225 413 1226 413 1268 401 1283 411 1284 411 1286 411 1287 411 1342 403 1400 410 1402 410 1403 410 1441 400 1539 407 1540 407 1542 407 1543 407 1560 395 1668 392 1668 379 1662 333 1628 343 1589 334 1579 333 1577 333 1576 333 1569 334 1542 345 1470 339 1469 339 1313 349 1279 343 1252 339 1250 339 1209 345 1192 348 1188 346 1176 340 1174 340 1173 340 1171 340 1170 340 1161 346 1158 349 1154 346 1145 340 1143 340 1142 340 1140 340 1099 348 1063 342 1061 342 1060 342 1058 342 1049 349 1044 353 1008 350 941 346 939 346 881 355 875 355 862 346 861 346 859 346 809 346 807 346 806 346 782 358 780 359 694 359 693 359 629 349 627 349 626 349 624 349 606 358 608 397"/></Shape>
	    <String CONTENT="fuerat, oſſa iacerent. Sic Monica mater Auguſtini"
                    HPOS="606"
                    VPOS="333"
                    WIDTH="1062"
                    HEIGHT="89"></String>
          </TextLine>

          
          
          <TextLine ID="eSc_line_44c1d47a"
                    TAGREFS="LT4318"
                    BASELINE="606 456 1667 440" 
                    HPOS="605"
                    VPOS="394"
                    WIDTH="1062"
                    HEIGHT="87">
            <Shape><Polygon POINTS="606 456 606 471 700 481 701 481 703 481 725 471 727 471 740 471 873 477 874 477 875 477 890 469 896 468 919 469 989 477 990 477 991 477 993 477 1002 469 1006 466 1018 469 1041 475 1042 475 1044 475 1090 469 1118 465 1130 469 1146 474 1148 474 1149 474 1279 472 1280 472 1290 468 1302 462 1337 468 1359 471 1360 471 1384 468 1424 461 1448 466 1457 469 1458 469 1460 469 1478 466 1524 459 1665 465 1667 440 1662 394 1567 407 1542 398 1540 398 1539 398 1537 398 1503 408 1392 408 1377 401 1375 401 1374 401 1372 401 1371 401 1356 410 1307 404 1305 404 1215 411 1189 406 1185 404 1183 404 1182 404 1171 406 1128 413 1121 407 1118 404 1116 404 1115 404 1113 404 1099 407 1073 413 1064 408 1058 404 1057 404 1055 404 1054 404 1052 404 1036 408 1030 410 1024 408 994 403 993 403 846 406 844 406 813 414 795 419 767 416 701 407 700 407 699 407 679 417 673 420 605 420 606 456"/></Shape>
	    <String CONTENT="ex Affrica Mediolanum quotannis pergebat ad"
                    HPOS="605"
                    VPOS="394"
                    WIDTH="1062"
                    HEIGHT="87"
                    WC="0.995060948438423"></String>
          </TextLine>

          
          
          <TextLine ID="eSc_line_32741072"
                    TAGREFS="LT4318"
                    BASELINE="615 514 1662 498" 
                    HPOS="614"
                    VPOS="450"
                    WIDTH="1048"
                    HEIGHT="88">
            <Shape><Polygon POINTS="615 514 615 530 704 530 721 538 722 538 724 538 725 538 755 529 801 538 803 538 804 538 806 538 819 529 850 536 852 536 853 536 855 536 878 526 994 524 1024 533 1026 533 1027 533 1133 523 1146 532 1148 532 1149 532 1151 532 1197 523 1566 526 1567 526 1569 526 1570 526 1585 516 1619 522 1621 522 1662 513 1662 498 1661 464 1624 450 1622 450 1621 450 1469 465 1417 453 1415 453 1414 453 1412 453 1398 465 1380 455 1378 455 1377 455 1375 455 1329 466 1298 455 1296 455 1295 455 1293 455 1265 468 1243 461 1241 461 1240 461 1182 469 1093 459 1002 459 1000 459 999 459 950 472 902 462 812 462 810 462 707 477 648 465 646 465 645 465 614 477 615 514"/></Shape>
	    <String CONTENT="Geruaſij &amp; Protaſij Martyrum ſepulchra, quę tẽ¬"
                    HPOS="614"
                    VPOS="450"
                    WIDTH="1048"
                    HEIGHT="88"
                    WC="0.982067575260084"></String>
          </TextLine>

          
          
          <TextLine ID="eSc_line_c8a479b5"
                    TAGREFS="LT4318"
                    BASELINE="609 575 1662 556" 
                    HPOS="608"
                    VPOS="513"
                    WIDTH="1054"
                    HEIGHT="84">
            <Shape><Polygon POINTS="609 575 609 597 773 584 817 590 819 590 874 582 892 590 901 593 902 593 904 593 928 588 965 581 990 587 1012 591 1014 591 1048 585 1078 580 1084 584 1090 588 1091 588 1093 588 1094 590 1140 590 1140 588 1142 588 1161 581 1176 577 1200 581 1237 587 1238 587 1240 587 1258 580 1259 578 1261 578 1274 585 1276 585 1277 585 1325 578 1412 584 1414 584 1415 584 1417 584 1433 574 1436 572 1457 574 1579 581 1580 581 1662 566 1662 556 1659 522 1433 522 1420 513 1418 513 1417 513 1415 513 1414 513 1412 513 1398 523 1369 519 1368 519 1366 519 1347 524 1335 527 1326 524 1305 517 1304 517 1302 517 1221 526 1171 530 1115 527 1012 520 1011 520 908 523 907 523 892 529 878 535 858 530 837 524 835 524 834 524 832 524 819 530 804 536 782 530 762 526 761 526 759 526 758 526 748 530 736 538 608 533 609 575"/></Shape>
	    <String CONTENT="pore Ambroſii Epiſcopi eruta fuerant. Nec ta¬"
                    HPOS="608"
                    VPOS="513"
                    WIDTH="1054"
                    HEIGHT="84"
                    WC="0.99401222202513"></String>
          </TextLine>

          
          
          <TextLine ID="eSc_line_6a43dfe7"
                    TAGREFS="LT4318"
                    BASELINE="611 632 1662 615" 
                    HPOS="609"
                    VPOS="571"
                    WIDTH="1053"
                    HEIGHT="83">
            <Shape><Polygon POINTS="611 632 611 642 701 654 703 654 704 654 706 654 721 642 724 642 883 651 884 651 886 651 887 651 901 640 902 639 907 639 959 649 960 649 962 649 989 639 993 638 1000 639 1039 646 1041 646 1090 639 1161 646 1163 646 1164 646 1165 646 1179 638 1183 635 1189 638 1212 645 1213 645 1215 646 1268 646 1268 645 1378 639 1380 639 1381 639 1386 635 1390 632 1420 635 1475 640 1476 640 1662 632 1662 615 1659 584 1618 575 1616 575 1615 575 1600 582 1490 581 1473 571 1472 571 1470 571 1469 571 1467 571 1451 578 1430 572 1429 572 1427 572 1426 572 1424 572 1408 587 1386 587 1368 574 1366 574 1365 574 1363 574 1299 585 1265 575 1264 575 1194 575 1192 575 1165 577 1164 577 1163 577 1145 590 1049 578 1048 578 1047 578 1012 593 981 593 948 580 947 580 945 580 944 580 892 593 873 582 871 582 870 582 868 582 846 588 801 581 800 581 798 581 767 597 609 599 611 632"/></Shape>
	    <String CONTENT="men oſſibus &amp; cadaueri ipſorum Martyrum"
                    HPOS="609"
                    VPOS="571"
                    WIDTH="1053"
                    HEIGHT="83"
                    WC="0.985841439320491"></String>
          </TextLine>

          
          
          <TextLine ID="eSc_line_195bb66f"
                    TAGREFS="LT4318"
                    BASELINE="608 690 1664 673" 
                    HPOS="606"
                    VPOS="627"
                    WIDTH="1058"
                    HEIGHT="91">
            <Shape><Polygon POINTS="608 690 609 718 654 706 710 715 718 716 719 716 721 716 724 715 746 704 812 713 832 715 834 715 835 715 837 715 840 712 853 701 895 701 936 709 953 712 954 712 956 712 966 709 991 700 1081 706 1165 710 1167 710 1261 700 1284 698 1292 700 1329 707 1331 707 1332 707 1368 697 1375 696 1378 697 1386 703 1387 703 1389 703 1390 703 1392 703 1393 703 1400 697 1403 694 1408 697 1430 706 1432 706 1433 706 1509 696 1560 704 1561 704 1563 704 1564 704 1564 703 1577 693 1579 691 1583 691 1641 701 1643 701 1644 701 1646 701 1664 690 1664 673 1659 640 1619 640 1616 640 1598 627 1597 627 1595 627 1594 627 1522 639 1482 629 1481 629 1479 629 1478 629 1476 629 1458 640 1457 640 1451 640 1381 630 1380 630 1345 632 1344 632 1342 632 1331 640 1323 645 1284 640 1246 636 1244 636 1243 636 1232 640 1219 648 1023 649 1002 640 991 636 990 636 989 636 987 636 974 640 945 651 932 640 928 638 926 638 925 638 895 638 893 638 892 638 890 638 887 640 874 651 794 654 754 654 731 640 730 640 728 640 704 640 703 640 701 640 700 640 700 642 688 652 660 642 658 642 606 642 608 690"/></Shape>
	    <String CONTENT="hic honos tribuebatur primùm, ſed ipſi defun¬"
                    HPOS="606"
                    VPOS="627"
                    WIDTH="1058"
                    HEIGHT="91"
                    WC="0.987735434718754"></String>
          </TextLine>

          
          
          <TextLine ID="eSc_line_4434363e"
                    TAGREFS="LT4318"
                    BASELINE="612 751 1659 733" 
                    HPOS="611"
                    VPOS="690"
                    WIDTH="1048"
                    HEIGHT="86">
            <Shape><Polygon POINTS="612 751 612 765 658 774 660 774 736 764 737 764 749 773 749 774 751 774 752 774 754 776 785 776 785 774 968 759 975 759 978 759 1041 770 1042 770 1110 768 1112 768 1136 756 1142 756 1276 765 1277 765 1334 754 1369 764 1371 764 1372 764 1374 764 1405 752 1405 751 1484 751 1502 759 1503 759 1569 761 1570 761 1659 746 1659 733 1656 701 1592 690 1591 690 1589 690 1588 690 1574 698 1426 703 1411 696 1409 696 1408 696 1406 696 1372 704 1338 693 1337 693 1335 693 1334 693 1304 706 1224 700 1222 700 1221 700 1219 700 1207 709 1073 709 1049 697 1048 697 1047 697 959 698 957 698 923 712 905 700 904 700 902 700 901 700 840 710 786 701 785 701 676 715 627 704 626 704 624 704 623 704 611 713 612 751"/></Shape>
	    <String CONTENT="ctorum tantùm fidei: peccatum eſt in eo tamen,"
                    HPOS="611"
                    VPOS="690"
                    WIDTH="1048"
                    HEIGHT="86"
                    WC="0.983142389896068"></String>
          </TextLine>

          
          
          <TextLine ID="eSc_line_4b83aa6c"
                    TAGREFS="LT4318"
                    BASELINE="614 807 1661 792" 
                    HPOS="612"
                    VPOS="746"
                    WIDTH="1049"
                    HEIGHT="88">
            <Shape><Polygon POINTS="614 807 614 822 632 832 633 832 635 834 718 834 718 832 812 819 831 817 911 819 1049 822 1051 822 1112 817 1183 813 1189 817 1194 822 1195 822 1197 822 1198 822 1244 817 1274 814 1287 817 1317 823 1319 823 1377 816 1387 816 1396 816 1448 822 1450 822 1493 816 1555 807 1573 816 1577 817 1579 817 1580 817 1582 817 1589 816 1612 810 1659 814 1661 792 1656 746 1576 754 1564 748 1561 746 1560 746 1558 746 1557 746 1549 748 1521 756 1488 749 1476 748 1475 748 1473 748 1464 751 1444 758 1429 751 1423 749 1421 749 1420 749 1390 752 1331 759 1304 755 1290 752 1289 752 1273 755 1238 764 1212 764 1204 756 1198 752 1197 752 1195 752 1194 752 1192 752 1179 758 1174 759 1155 758 1113 755 1112 755 1110 755 1109 755 1102 759 1094 764 1052 761 980 755 978 755 977 755 945 764 942 764 931 755 929 755 928 755 926 755 925 755 901 765 895 767 877 765 826 759 825 759 823 759 822 759 822 761 815 767 813 770 612 771 614 807"/></Shape>
	    <String CONTENT="quia extra verbũ Dei id fiebat. Quod ipſum etiã"
                    HPOS="612"
                    VPOS="746"
                    WIDTH="1049"
                    HEIGHT="88"
                    WC="0.985881764061597"></String>
          </TextLine>

          
          
          <TextLine ID="eSc_line_86370f8c"
                    TAGREFS="LT4318"
                    BASELINE="609 867 1662 852" 
                    HPOS="608"
                    VPOS="804"
                    WIDTH="1054"
                    HEIGHT="86">
            <Shape><Polygon POINTS="609 867 609 880 623 889 624 889 626 889 627 890 703 890 703 889 765 878 801 887 803 887 804 887 806 887 834 877 837 877 847 877 922 886 923 886 925 886 926 886 926 884 933 877 936 875 953 877 1014 884 1015 884 1017 884 1036 877 1044 874 1070 877 1102 880 1103 880 1105 880 1118 877 1136 872 1161 877 1194 881 1195 881 1197 881 1212 877 1222 872 1228 875 1234 881 1235 881 1237 881 1238 881 1240 881 1250 875 1258 872 1313 875 1357 878 1359 878 1360 878 1362 878 1365 875 1372 870 1396 875 1411 878 1412 878 1432 875 1467 870 1475 875 1476 877 1478 877 1479 877 1481 878 1555 878 1555 877 1557 877 1563 875 1586 867 1661 874 1662 852 1658 817 1637 817 1635 817 1621 804 1619 804 1618 804 1616 804 1615 804 1579 817 1560 807 1558 807 1482 806 1481 806 1479 806 1424 820 1421 820 1420 820 1390 807 1389 807 1387 807 1386 807 1347 820 1342 822 1325 822 1137 810 1136 810 1066 825 1064 825 1063 825 1030 812 1029 812 1027 812 1026 812 999 826 996 828 914 828 908 828 849 814 847 814 608 831 609 867"/></Shape>
	    <String CONTENT="iam quibuſdam in Eccleſia bonis viris diſplicuit,"
                    HPOS="608"
                    VPOS="804"
                    WIDTH="1054"
                    HEIGHT="86"
                    WC="0.990278824251525"></String>
          </TextLine>

          
          
          <TextLine ID="eSc_line_57e5290a"
                    TAGREFS="LT4318"
                    BASELINE="612 925 1662 908" 
                    HPOS="611"
                    VPOS="864"
                    WIDTH="1051"
                    HEIGHT="86">
            <Shape><Polygon POINTS="612 925 612 941 667 950 669 950 715 939 725 936 844 936 847 936 864 945 865 945 867 945 868 945 893 936 896 935 899 936 917 945 919 945 920 945 965 935 968 935 969 935 1024 944 1026 944 1097 932 1105 932 1109 932 1180 942 1182 942 1183 942 1185 942 1185 941 1197 931 1198 931 1241 931 1252 931 1276 941 1277 941 1279 941 1329 939 1331 939 1332 939 1344 931 1363 939 1365 939 1366 939 1368 939 1386 932 1564 936 1566 936 1567 936 1603 925 1637 932 1638 932 1640 932 1662 922 1662 908 1658 875 1494 875 1473 864 1472 864 1470 864 1469 864 1467 864 1436 871 1383 865 1381 865 1380 865 1347 878 1344 878 1246 868 1244 868 1180 880 1161 870 1160 870 1158 870 1109 877 1091 870 1090 870 1088 870 1002 871 1000 871 999 871 980 883 978 884 971 883 898 872 896 872 895 872 868 884 865 887 774 887 771 886 758 875 757 875 755 875 707 875 706 875 618 878 617 878 615 878 615 880 611 883 612 925"/></Shape>
	    <String CONTENT="&amp; Ærius extitit Cõſtantini Magni ſeculo, qui o¬"
                    HPOS="611"
                    VPOS="864"
                    WIDTH="1051"
                    HEIGHT="86"
                    WC="0.990631134559711"></String>
          </TextLine>

          
          
          <TextLine ID="eSc_line_6dbdbb50"
                    TAGREFS="LT4318"
                    BASELINE="609 984 1658 969" 
                    HPOS="608"
                    VPOS="925"
                    WIDTH="1050"
                    HEIGHT="83">
            <Shape><Polygon POINTS="609 984 609 1000 678 999 684 1002 693 1008 694 1008 696 1008 697 1008 699 1008 721 1002 739 997 765 1002 801 1006 803 1006 828 1000 849 996 881 1000 917 1005 919 1005 945 1000 974 994 1057 999 1119 1002 1121 1002 1122 1002 1124 1002 1128 997 1137 991 1191 997 1219 1000 1221 1000 1222 1000 1224 1000 1228 997 1240 990 1308 996 1337 999 1338 999 1340 999 1341 999 1341 997 1344 996 1353 989 1408 989 1418 996 1420 997 1421 997 1423 997 1424 997 1447 996 1497 990 1527 994 1537 996 1539 996 1540 996 1543 994 1558 987 1567 994 1569 994 1570 994 1572 994 1576 994 1615 987 1656 993 1658 969 1653 925 1545 938 1420 938 1390 929 1389 929 1387 929 1386 929 1384 929 1369 939 1280 939 1252 931 1247 929 1246 929 1244 929 1243 929 1240 931 1219 942 1155 942 1140 932 1139 931 1137 931 1136 931 1134 931 1116 932 1026 944 1011 933 1009 933 1008 933 1006 933 996 933 911 944 774 938 739 936 737 936 736 936 731 938 706 948 608 941 609 984"/></Shape>
	    <String CONTENT="mnia illa &amp; meritò quidem damnauit, quanquã"
                    HPOS="608"
                    VPOS="925"
                    WIDTH="1050"
                    HEIGHT="83"
                    WC="0.973085023297204"></String>
          </TextLine>

          
          
          <TextLine ID="eSc_line_31aff02a"
                    TAGREFS="LT4318"
                    BASELINE="612 1044 1137 1033 1662 1030" 
                    HPOS="611"
                    VPOS="986"
                    WIDTH="1051"
                    HEIGHT="83">
            <Shape><Polygon POINTS="612 1044 612 1069 676 1057 706 1067 707 1067 709 1067 767 1055 834 1066 835 1066 837 1066 881 1054 935 1054 959 1064 960 1064 962 1064 963 1064 965 1064 975 1057 1036 1063 1038 1063 1124 1051 1139 1060 1140 1060 1142 1060 1143 1060 1145 1060 1146 1060 1157 1051 1191 1061 1192 1061 1194 1061 1195 1061 1221 1051 1270 1055 1271 1055 1311 1048 1341 1054 1342 1054 1438 1047 1491 1057 1493 1057 1545 1045 1659 1055 1662 1030 1659 997 1600 986 1598 986 1546 997 1540 999 1331 999 1320 997 1283 990 1282 990 1280 990 1261 997 1255 1000 1048 1003 1011 997 996 996 994 996 983 997 948 1005 881 997 844 994 843 994 804 997 709 1008 697 999 697 997 696 997 694 997 693 997 687 999 651 1006 611 999 612 1044"/></Shape>
	    <String CONTENT="ipſe, quòd iam communi errore hæc recepta erãt,"
                    HPOS="611"
                    VPOS="986"
                    WIDTH="1051"
                    HEIGHT="83"
                    WC="0.985704621490167"></String>
          </TextLine>

          
          
          <TextLine ID="eSc_line_11882751"
                    TAGREFS="LT4318"
                    BASELINE="611 1100 1359 1088 1664 1090" 
                    HPOS="609"
                    VPOS="1045"
                    WIDTH="1055"
                    HEIGHT="80">
            <Shape><Polygon POINTS="611 1100 611 1113 724 1125 725 1125 804 1116 835 1124 837 1124 838 1124 840 1124 867 1113 868 1113 889 1122 890 1122 892 1122 893 1122 911 1113 919 1109 956 1109 974 1113 1005 1121 1006 1121 1008 1121 1049 1113 1057 1112 1067 1113 1128 1119 1130 1119 1163 1112 1194 1106 1265 1106 1273 1112 1274 1113 1276 1113 1277 1113 1279 1113 1280 1113 1284 1112 1301 1105 1345 1105 1363 1112 1378 1116 1380 1116 1381 1116 1383 1116 1398 1112 1424 1103 1485 1103 1497 1112 1502 1115 1503 1115 1505 1115 1506 1115 1508 1115 1516 1112 1539 1103 1569 1110 1577 1113 1579 1113 1580 1113 1595 1110 1638 1103 1661 1110 1664 1090 1662 1054 1433 1045 1432 1045 1430 1045 1429 1045 1412 1055 1409 1057 1390 1055 1298 1047 1296 1047 1295 1047 1270 1057 1264 1058 1258 1057 1232 1048 1231 1048 1229 1048 1228 1048 1226 1048 1226 1049 1218 1057 1215 1060 1177 1060 1160 1057 1121 1051 1119 1051 1118 1051 1116 1051 1106 1058 1100 1061 1015 1061 1008 1058 990 1051 989 1051 987 1051 951 1060 935 1063 914 1060 873 1052 871 1052 838 1060 820 1064 810 1060 795 1054 794 1054 748 1054 746 1054 745 1054 730 1061 721 1066 712 1061 706 1057 704 1057 703 1057 701 1057 700 1057 687 1061 672 1066 609 1063 611 1100"/></Shape>
	    <String CONTENT="tanquã hæreticus propterea habitus eſt. Facit e¬"
                    HPOS="609"
                    VPOS="1045"
                    WIDTH="1055"
                    HEIGHT="80"
                    WC="0.996818840503693"></String>
          </TextLine>

          
          
          <TextLine ID="eSc_line_f290e263"
                    TAGREFS="LT4318"
                    BASELINE="612 1163 1661 1143" 
                    HPOS="611"
                    VPOS="1112"
                    WIDTH="1050"
                    HEIGHT="71">
            <Shape><Polygon POINTS="612 1163 612 1174 638 1183 639 1183 641 1183 642 1183 661 1176 849 1180 850 1180 942 1170 1093 1176 1094 1176 1338 1163 1389 1170 1390 1170 1457 1161 1479 1168 1481 1168 1482 1168 1591 1158 1610 1165 1612 1165 1613 1165 1661 1155 1661 1143 1658 1112 1096 1112 1094 1112 1012 1122 951 1115 950 1115 948 1115 947 1115 932 1124 853 1116 852 1116 611 1130 612 1163"/></Shape>
	    <String CONTENT="nim communis &amp; receptus iam inter omnes er¬"
                    HPOS="611"
                    VPOS="1112"
                    WIDTH="1050"
                    HEIGHT="71"
                    WC="0.971082016479137"></String>
          </TextLine>

          
          
          <TextLine ID="eSc_line_ccc27636"
                    TAGREFS="LT4318"
                    BASELINE="609 1219 1667 1204" 
                    HPOS="608"
                    VPOS="1155"
                    WIDTH="1059"
                    HEIGHT="85">
            <Shape><Polygon POINTS="609 1219 609 1232 709 1240 710 1240 712 1240 739 1232 740 1232 743 1232 797 1238 798 1238 800 1238 815 1232 820 1229 847 1231 893 1235 895 1235 971 1231 1015 1228 1018 1231 1024 1235 1026 1235 1027 1235 1029 1235 1030 1235 1032 1235 1032 1234 1036 1229 1039 1228 1044 1229 1049 1234 1051 1234 1052 1234 1054 1234 1094 1229 1139 1225 1188 1229 1229 1232 1231 1232 1232 1232 1246 1228 1261 1225 1372 1228 1448 1229 1450 1229 1451 1229 1453 1229 1456 1226 1467 1221 1665 1225 1667 1204 1662 1155 1570 1157 1569 1157 1567 1157 1549 1170 1473 1160 1458 1158 1457 1158 1456 1158 1454 1158 1454 1160 1453 1160 1445 1167 1405 1161 1389 1160 1387 1160 1386 1160 1377 1163 1342 1173 1283 1164 1256 1161 1255 1161 1210 1163 1209 1163 1207 1163 1201 1167 1188 1174 1168 1167 1154 1163 1152 1163 1151 1163 1149 1163 1131 1168 1110 1177 984 1177 962 1173 923 1165 922 1165 920 1165 899 1174 898 1174 832 1167 831 1167 829 1167 828 1167 812 1177 806 1180 797 1177 767 1168 765 1168 764 1168 762 1168 761 1168 748 1179 745 1182 608 1182 609 1219"/></Shape>
	    <String CONTENT="ror ius &amp; confirmationẽ vt ſcribunt Iuriſconſulti"
                    HPOS="608"
                    VPOS="1155"
                    WIDTH="1059"
                    HEIGHT="85"
                    WC="0.99528804063797"></String>
          </TextLine>

          
          
          <TextLine ID="eSc_line_13149303"
                    TAGREFS="LT4318"
                    BASELINE="609 1279 1665 1259" 
                    HPOS="608"
                    VPOS="1213"
                    WIDTH="1057"
                    HEIGHT="91">
            <Shape><Polygon POINTS="609 1279 609 1299 742 1304 743 1304 788 1296 816 1292 841 1295 884 1301 886 1301 887 1301 905 1293 914 1290 1014 1292 1235 1295 1237 1295 1238 1295 1240 1295 1240 1293 1249 1286 1252 1284 1271 1286 1304 1289 1305 1289 1326 1284 1345 1281 1387 1283 1500 1290 1502 1290 1558 1289 1560 1289 1582 1280 1589 1277 1664 1277 1665 1259 1662 1225 1615 1225 1597 1213 1595 1213 1594 1213 1592 1213 1540 1225 1539 1225 1537 1225 1503 1213 1502 1213 1500 1213 1435 1225 1418 1229 1384 1229 1380 1226 1369 1218 1368 1218 1366 1218 1365 1218 1363 1218 1338 1226 1326 1231 1231 1231 1189 1226 1127 1221 1125 1221 1124 1221 1105 1228 1085 1234 1064 1228 1047 1222 1045 1222 1044 1222 1042 1222 1029 1228 1012 1235 981 1228 960 1223 959 1223 957 1223 947 1228 931 1237 907 1228 896 1225 895 1225 893 1225 874 1229 847 1234 762 1229 728 1228 727 1228 725 1228 721 1229 707 1237 699 1229 697 1228 696 1228 694 1228 693 1228 682 1229 651 1237 608 1231 609 1279"/></Shape>
	    <String CONTENT="in L Barbarius D. de off. Prætor. Item Vigilan¬"
                    HPOS="608"
                    VPOS="1213"
                    WIDTH="1057"
                    HEIGHT="91"
                    WC="0.984886620907073"></String>
          </TextLine>

          
          
          <TextLine ID="eSc_line_1fceb757"
                    TAGREFS="LT4318"
                    BASELINE="611 1337 1662 1320" 
                    HPOS="609"
                    VPOS="1279"
                    WIDTH="1053"
                    HEIGHT="80">
            <Shape><Polygon POINTS="611 1337 611 1348 682 1357 684 1357 758 1348 762 1348 764 1348 798 1359 800 1359 801 1359 850 1348 852 1348 880 1357 881 1357 883 1357 884 1357 886 1357 886 1356 896 1348 899 1345 910 1348 948 1356 950 1356 987 1347 1005 1344 1024 1347 1061 1354 1063 1354 1118 1347 1154 1342 1203 1347 1259 1351 1261 1351 1262 1351 1279 1347 1290 1342 1329 1345 1372 1350 1374 1350 1400 1345 1436 1339 1457 1345 1467 1348 1469 1348 1470 1348 1472 1348 1478 1345 1494 1337 1564 1344 1566 1344 1612 1335 1661 1344 1662 1320 1659 1289 1609 1279 1607 1279 1606 1279 1585 1287 1570 1280 1569 1280 1567 1280 1447 1290 1412 1281 1411 1281 1409 1281 1408 1281 1406 1281 1396 1292 1253 1293 1198 1284 1197 1284 1195 1284 1194 1284 1179 1295 898 1289 896 1289 895 1289 873 1301 703 1302 633 1293 632 1293 630 1293 609 1302 611 1337"/></Shape>
	    <String CONTENT="tius tempore Hieronymi extitit, qui hoc totum"
                    HPOS="609"
                    VPOS="1279"
                    WIDTH="1053"
                    HEIGHT="80"
                    WC="0.99628798034456"></String>
          </TextLine>

          
          
          <TextLine ID="eSc_line_a0bbb29a"
                    TAGREFS="LT4318"
                    BASELINE="611 1395 1662 1377" 
                    HPOS="609"
                    VPOS="1332"
                    WIDTH="1053"
                    HEIGHT="88">
            <Shape><Polygon POINTS="611 1395 611 1412 678 1420 679 1420 681 1420 682 1420 694 1412 703 1406 819 1406 834 1411 847 1415 849 1415 850 1415 852 1415 864 1411 881 1405 935 1405 947 1411 954 1414 956 1414 957 1414 959 1414 975 1409 997 1405 1021 1409 1044 1414 1045 1414 1047 1414 1048 1414 1048 1412 1052 1409 1058 1402 1088 1402 1106 1409 1115 1412 1116 1412 1118 1412 1151 1408 1224 1399 1244 1408 1249 1409 1250 1409 1252 1409 1253 1409 1255 1409 1256 1408 1267 1402 1354 1406 1386 1408 1387 1408 1389 1408 1390 1408 1390 1406 1392 1406 1403 1396 1458 1396 1472 1405 1473 1405 1475 1405 1476 1405 1478 1405 1509 1395 1554 1403 1555 1403 1557 1403 1576 1393 1661 1403 1662 1377 1659 1342 1591 1332 1589 1332 1588 1332 1561 1342 1554 1345 1542 1342 1503 1334 1502 1334 1500 1334 1479 1344 1470 1347 1458 1344 1432 1335 1430 1335 1429 1335 1427 1335 1426 1335 1414 1344 1408 1348 1335 1348 1310 1345 1267 1338 1265 1338 1264 1338 1250 1345 1244 1348 1237 1345 1229 1342 1228 1342 1226 1342 1225 1342 1213 1345 1194 1351 1177 1345 1161 1339 1160 1339 1158 1339 1157 1339 1155 1339 1145 1345 1131 1354 1045 1356 1006 1356 994 1347 990 1344 989 1344 987 1344 986 1344 984 1344 975 1347 959 1354 945 1348 936 1344 935 1344 933 1344 932 1344 931 1344 931 1345 926 1348 917 1356 890 1348 874 1344 873 1344 871 1344 841 1345 840 1345 838 1345 838 1347 835 1348 825 1359 803 1359 792 1348 788 1345 786 1345 785 1345 783 1345 724 1347 722 1347 716 1350 694 1360 664 1350 658 1348 657 1348 655 1348 609 1350 611 1395"/></Shape>
	    <String CONTENT="ſuperſtitioſi cultus genus in reliquijs ſanctorum"
                    HPOS="609"
                    VPOS="1332"
                    WIDTH="1053"
                    HEIGHT="88"
                    WC="0.989351195948465"></String>
          </TextLine>

          
          
          <TextLine ID="eSc_line_c04f6430"
                    TAGREFS="LT4318"
                    BASELINE="614 1454 1662 1438" 
                    HPOS="612"
                    VPOS="1390"
                    WIDTH="1050"
                    HEIGHT="85">
            <Shape><Polygon POINTS="614 1454 614 1475 1661 1455 1662 1438 1659 1405 1576 1390 1574 1390 1573 1390 1572 1390 1545 1406 1475 1406 1458 1393 1457 1393 1456 1393 1454 1393 1363 1406 1331 1395 1329 1395 1328 1395 1326 1395 1277 1409 1090 1397 1088 1397 1087 1397 1070 1405 1051 1399 1049 1399 1048 1399 1047 1399 1045 1399 1024 1412 994 1399 993 1399 991 1399 931 1400 929 1400 928 1400 917 1409 904 1402 902 1402 901 1402 899 1402 898 1402 881 1417 801 1417 785 1403 783 1403 782 1403 761 1403 759 1403 758 1403 757 1403 757 1405 742 1418 721 1418 687 1405 685 1405 684 1405 682 1405 681 1405 663 1420 612 1420 614 1454"/></Shape>
	    <String CONTENT="colendis apertè idololatricum eſſe probauit. Er¬"
                    HPOS="612"
                    VPOS="1390"
                    WIDTH="1050"
                    HEIGHT="85"
                    WC="0.994892192130186"></String>
          </TextLine>

          
          
          <TextLine ID="eSc_line_44f28b94"
                    TAGREFS="LT4318"
                    BASELINE="608 1511 1655 1496" 
                    HPOS="606"
                    VPOS="1455"
                    WIDTH="1049"
                    HEIGHT="84">
            <Shape><Polygon POINTS="608 1511 608 1528 626 1539 627 1539 629 1539 749 1537 804 1527 819 1524 868 1527 935 1530 936 1530 938 1530 947 1525 957 1522 972 1525 997 1533 999 1533 1000 1533 1002 1533 1024 1525 1041 1521 1076 1521 1088 1525 1103 1533 1105 1533 1106 1533 1107 1533 1109 1533 1116 1525 1118 1524 1121 1525 1133 1531 1134 1531 1136 1531 1137 1531 1152 1525 1160 1522 1167 1525 1179 1531 1180 1531 1182 1531 1292 1530 1293 1530 1295 1530 1295 1528 1299 1525 1308 1518 1392 1525 1435 1528 1436 1528 1438 1528 1439 1528 1439 1527 1442 1525 1450 1518 1461 1525 1463 1525 1464 1525 1466 1525 1467 1525 1469 1525 1488 1513 1549 1513 1653 1524 1655 1496 1652 1464 1467 1455 1466 1455 1464 1455 1438 1466 1433 1467 1427 1466 1387 1457 1386 1457 1384 1457 1383 1457 1383 1458 1372 1467 1371 1467 1359 1467 1238 1458 1237 1458 1235 1458 1234 1458 1219 1469 1218 1470 1127 1472 1105 1470 1027 1461 1026 1461 1024 1461 996 1472 989 1473 974 1472 919 1463 917 1463 868 1472 853 1476 606 1476 608 1511"/></Shape>
	    <String CONTENT="ror tamen obtinuit tum negligentiâ paſtorum,"
                    HPOS="606"
                    VPOS="1455"
                    WIDTH="1049"
                    HEIGHT="84"
                    WC="0.985429032643636"></String>
          </TextLine>

          
          
          <TextLine ID="eSc_line_a04d0112"
                    TAGREFS="LT4318"
                    BASELINE="612 1570 1668 1555" 
                    HPOS="611"
                    VPOS="1513"
                    WIDTH="1057"
                    HEIGHT="82">
            <Shape><Polygon POINTS="612 1570 612 1588 667 1595 669 1595 710 1588 721 1586 727 1588 746 1594 748 1594 749 1594 812 1588 867 1582 887 1586 907 1592 908 1592 910 1592 911 1592 913 1592 920 1586 931 1580 1064 1580 1088 1586 1103 1589 1105 1589 1106 1589 1107 1589 1118 1586 1142 1577 1170 1585 1171 1585 1173 1585 1174 1585 1204 1577 1222 1585 1229 1588 1231 1588 1232 1588 1267 1585 1314 1580 1399 1583 1427 1585 1429 1585 1430 1585 1435 1583 1470 1573 1539 1583 1543 1583 1545 1583 1546 1583 1548 1583 1566 1571 1665 1582 1668 1555 1665 1525 1580 1513 1579 1513 1512 1525 1475 1519 1473 1519 1265 1528 1250 1521 1249 1521 1247 1521 1194 1530 1168 1519 1167 1519 1165 1519 1096 1531 1082 1521 1081 1521 1079 1521 1036 1521 1035 1521 1033 1521 1032 1521 1014 1533 994 1527 993 1527 991 1527 862 1534 826 1524 825 1524 823 1524 822 1524 820 1524 806 1536 779 1525 777 1525 776 1525 716 1537 716 1539 611 1539 612 1570"/></Shape>
	    <String CONTENT="tum quia homines ſuis commentis potius, quàm"
                    HPOS="611"
                    VPOS="1513"
                    WIDTH="1057"
                    HEIGHT="82"></String>
          </TextLine>

          
          
          <TextLine ID="eSc_line_c5501a73"
                    TAGREFS="LT4318"
                    BASELINE="611 1629 1661 1612" 
                    HPOS="609"
                    VPOS="1567"
                    WIDTH="1052"
                    HEIGHT="80">
            <Shape><Polygon POINTS="611 1629 611 1641 923 1647 925 1647 977 1637 1072 1644 1073 1644 1075 1644 1093 1635 1142 1643 1143 1643 1235 1634 1395 1640 1396 1640 1450 1631 1481 1638 1482 1638 1484 1638 1485 1638 1519 1629 1591 1635 1592 1635 1594 1635 1595 1635 1609 1627 1627 1634 1628 1634 1630 1634 1631 1634 1661 1624 1661 1612 1658 1579 1570 1567 1569 1567 1506 1576 1412 1571 1411 1571 1409 1571 1389 1583 1387 1583 1381 1583 1335 1576 1334 1576 1332 1576 1331 1576 1319 1583 1317 1585 1201 1586 1197 1586 1149 1574 1148 1574 1146 1574 1145 1574 1145 1576 1131 1588 1130 1589 1105 1589 1103 1588 1091 1577 1090 1577 1088 1577 1087 1577 1045 1586 1033 1577 1032 1577 1030 1577 959 1577 957 1577 956 1577 919 1589 884 1579 883 1579 881 1579 880 1579 878 1579 861 1592 858 1594 783 1594 780 1594 755 1582 754 1582 752 1582 751 1582 749 1582 749 1583 736 1594 736 1595 609 1595 611 1629"/></Shape>
	    <String CONTENT="ex verbo cœleſti Deũ adorare cupiunt. Inde fu¬"
                    HPOS="609"
                    VPOS="1567"
                    WIDTH="1052"
                    HEIGHT="80"
                    WC="0.986494363622462"></String>
          </TextLine>

          
          
          <TextLine ID="eSc_line_f6b14afb"
                    TAGREFS="LT4318"
                    BASELINE="612 1686 1661 1673" 
                    HPOS="611"
                    VPOS="1629"
                    WIDTH="1050"
                    HEIGHT="82">
            <Shape><Polygon POINTS="612 1686 612 1708 633 1711 635 1711 636 1711 638 1711 641 1708 654 1699 673 1708 676 1710 678 1710 679 1710 690 1708 730 1699 743 1705 745 1705 746 1705 861 1696 963 1696 975 1705 977 1707 978 1707 980 1707 981 1707 1018 1705 1152 1696 1179 1704 1186 1705 1188 1705 1189 1705 1191 1705 1192 1705 1192 1704 1194 1704 1206 1692 1289 1701 1290 1701 1292 1701 1332 1690 1356 1701 1357 1702 1359 1702 1360 1702 1362 1702 1365 1701 1392 1690 1427 1701 1429 1701 1430 1701 1432 1702 1432 1701 1433 1701 1435 1701 1470 1690 1493 1701 1494 1701 1496 1701 1497 1702 1543 1702 1543 1701 1545 1701 1546 1701 1548 1699 1566 1687 1658 1698 1661 1673 1658 1641 1585 1631 1583 1631 1493 1641 1473 1629 1472 1629 1470 1629 1438 1629 1436 1629 1345 1643 1320 1631 1319 1631 1317 1631 1316 1631 1270 1644 1267 1646 1128 1646 1124 1646 1079 1634 1078 1634 1076 1634 1017 1646 1008 1649 950 1649 945 1647 932 1637 931 1637 929 1637 898 1637 896 1637 895 1637 893 1637 893 1638 883 1647 880 1649 865 1647 789 1638 788 1638 786 1638 752 1649 745 1650 739 1649 715 1640 713 1640 712 1640 611 1649 612 1686"/></Shape>
	    <String CONTENT="rioſa ædificatio templorum conſequuta, quæ in"
                    HPOS="611"
                    VPOS="1629"
                    WIDTH="1050"
                    HEIGHT="82"
                    WC="0.99717792140113"></String>
          </TextLine>

          
          
          <TextLine ID="eSc_line_a6fd6b02"
                    TAGREFS="LT4318"
                    BASELINE="614 1745 1658 1729" 
                    HPOS="612"
                    VPOS="1690"
                    WIDTH="1046"
                    HEIGHT="79">
            <Shape><Polygon POINTS="614 1745 614 1759 664 1769 666 1769 667 1769 669 1769 682 1759 736 1768 737 1768 739 1768 740 1768 754 1757 755 1757 801 1765 803 1765 804 1765 825 1756 826 1756 828 1756 865 1763 867 1763 907 1754 910 1754 914 1754 986 1763 987 1763 989 1763 1020 1753 1045 1762 1047 1762 1048 1762 1088 1753 1118 1762 1119 1762 1121 1762 1174 1753 1189 1760 1191 1760 1192 1760 1231 1753 1276 1760 1277 1760 1317 1753 1340 1759 1341 1759 1342 1759 1344 1759 1372 1747 1466 1757 1467 1757 1469 1757 1505 1745 1561 1756 1563 1756 1564 1756 1591 1744 1612 1753 1613 1753 1615 1753 1616 1753 1658 1741 1658 1729 1655 1699 1564 1692 1563 1692 1478 1699 1447 1690 1445 1690 1444 1690 1369 1699 1328 1692 1326 1692 1325 1692 1323 1692 1305 1704 1194 1704 1174 1695 1173 1695 1088 1695 1087 1695 1085 1695 1084 1695 1070 1707 1041 1696 1039 1696 1038 1696 1036 1696 987 1708 633 1702 632 1702 630 1702 629 1702 612 1711 614 1745"/></Shape>
	    <String CONTENT="diuorum honorem facta ſunt, poſt annum præ¬"
                    HPOS="612"
                    VPOS="1690"
                    WIDTH="1046"
                    HEIGHT="79"
                    WC="0.984318909256957"></String>
          </TextLine>

          
          
          <TextLine ID="eSc_line_1698a71b"
                    TAGREFS="LT4318"
                    BASELINE="612 1804 1659 1787" 
                    HPOS="611"
                    VPOS="1744"
                    WIDTH="1048"
                    HEIGHT="79">
            <Shape><Polygon POINTS="612 1804 612 1823 815 1815 835 1818 861 1823 862 1823 926 1817 960 1814 968 1815 980 1820 981 1820 983 1820 984 1820 986 1820 990 1815 996 1812 1039 1812 1042 1814 1051 1821 1052 1821 1054 1821 1055 1821 1168 1811 1182 1811 1183 1811 1192 1818 1194 1818 1195 1818 1197 1820 1274 1820 1274 1818 1276 1818 1277 1818 1277 1817 1287 1809 1289 1808 1304 1809 1387 1815 1389 1815 1390 1815 1415 1806 1417 1806 1423 1806 1527 1814 1528 1814 1530 1814 1549 1805 1595 1812 1597 1812 1659 1801 1659 1787 1656 1753 1372 1744 1371 1744 1369 1744 1340 1754 1335 1756 1331 1754 1305 1748 1304 1748 1302 1748 1301 1748 1282 1756 1276 1757 1273 1756 1262 1748 1261 1748 1259 1748 1182 1747 1180 1747 1112 1757 1084 1760 1057 1757 997 1750 996 1750 994 1750 978 1757 977 1759 975 1757 968 1751 966 1751 965 1751 917 1751 916 1751 914 1751 913 1751 905 1759 904 1760 899 1759 886 1753 884 1753 883 1753 881 1753 868 1759 858 1763 838 1759 809 1753 807 1753 806 1753 788 1760 773 1766 737 1766 728 1760 719 1754 718 1754 716 1754 715 1754 713 1754 712 1754 703 1760 693 1768 664 1768 657 1760 651 1756 649 1756 648 1756 646 1756 611 1760 612 1804"/></Shape>
	    <String CONTENT="ſertim 6oo. à Chriſto paſſo ſub luſtiniano impe¬"
                    HPOS="611"
                    VPOS="1744"
                    WIDTH="1048"
                    HEIGHT="79"></String>
          </TextLine>

          
          
          <TextLine ID="eSc_line_13650efc"
                    TAGREFS="LT4318"
                    BASELINE="609 1862 1659 1844" 
                    HPOS="608"
                    VPOS="1802"
                    WIDTH="1051"
                    HEIGHT="85">
            <Shape><Polygon POINTS="609 1862 609 1878 630 1887 632 1887 633 1887 635 1887 652 1878 655 1876 657 1878 675 1885 676 1885 678 1885 679 1885 701 1876 706 1875 719 1876 771 1882 773 1882 774 1882 776 1882 788 1875 791 1873 800 1875 825 1879 826 1879 861 1873 874 1872 911 1873 1084 1879 1085 1879 1087 1879 1127 1869 1134 1867 1185 1867 1478 1873 1479 1873 1659 1859 1659 1844 1655 1814 1586 1814 1585 1814 1534 1802 1533 1802 1445 1815 1430 1804 1429 1804 1427 1804 1398 1804 1396 1804 1395 1804 1393 1804 1393 1805 1384 1812 1331 1805 1329 1805 1268 1820 1265 1821 1192 1821 1191 1821 1167 1808 1165 1808 1130 1808 1128 1808 1127 1808 1096 1823 1094 1824 931 1826 928 1826 880 1812 878 1812 877 1812 875 1812 847 1826 797 1814 795 1814 794 1814 792 1814 773 1829 771 1829 761 1829 672 1821 670 1821 608 1830 609 1862"/></Shape>
	    <String CONTENT="ratore Conſtantinopol. homine ijs ſuperſtitio¬"
                    HPOS="608"
                    VPOS="1802"
                    WIDTH="1051"
                    HEIGHT="85"
                    WC="0.972018494554188"></String>
          </TextLine>

          
          
          <TextLine ID="eSc_line_1219ace4"
                    TAGREFS="LT4318"
                    BASELINE="611 1921 1661 1906" 
                    HPOS="609"
                    VPOS="1859"
                    WIDTH="1052"
                    HEIGHT="86">
            <Shape><Polygon POINTS="611 1921 611 1945 679 1933 707 1943 709 1943 710 1943 712 1943 718 1943 770 1931 902 1937 904 1937 905 1937 950 1928 968 1936 971 1937 972 1937 974 1937 975 1937 977 1937 978 1936 987 1930 1027 1934 1051 1937 1052 1937 1054 1937 1055 1937 1060 1934 1072 1927 1088 1933 1093 1934 1094 1934 1096 1934 1097 1934 1105 1933 1128 1927 1170 1931 1216 1936 1218 1936 1219 1936 1221 1936 1226 1930 1231 1927 1247 1930 1282 1934 1283 1934 1317 1927 1337 1924 1354 1927 1395 1933 1396 1933 1436 1924 1453 1921 1461 1924 1484 1931 1485 1931 1487 1933 1554 1933 1554 1931 1661 1918 1661 1906 1659 1875 1625 1859 1624 1859 1583 1859 1582 1859 1580 1859 1579 1859 1552 1875 1511 1864 1509 1864 1508 1864 1506 1864 1485 1876 1409 1876 1383 1864 1381 1864 1380 1864 1378 1864 1334 1879 1131 1882 1058 1882 1033 1866 1032 1866 1030 1866 1029 1866 931 1869 929 1869 902 1882 875 1869 874 1869 820 1869 819 1869 749 1870 748 1870 712 1887 645 1872 643 1872 642 1872 609 1887 611 1921"/></Shape>
	    <String CONTENT="nibus inſanè addicto, vt apparet ex Procopij lib."
                    HPOS="609"
                    VPOS="1859"
                    WIDTH="1052"
                    HEIGHT="86"></String>
          </TextLine>

          
          
          <TextLine ID="eSc_line_6f2ed185"
                    TAGREFS="LT4318"
                    BASELINE="611 1978 1655 1964" 
                    HPOS="609"
                    VPOS="1918"
                    WIDTH="1046"
                    HEIGHT="76">
            <Shape><Polygon POINTS="611 1978 611 1992 1140 1994 1142 1994 1160 1991 1191 1985 1264 1991 1296 1992 1298 1992 1299 1992 1307 1989 1326 1983 1340 1989 1342 1991 1344 1991 1345 1991 1359 1989 1426 1982 1506 1989 1515 1989 1516 1989 1518 1989 1519 1989 1539 1980 1652 1988 1655 1964 1653 1931 1618 1918 1616 1918 1615 1918 1613 1918 1589 1928 1426 1920 1424 1920 1423 1920 1396 1931 1378 1924 1377 1924 1375 1924 1374 1924 1372 1924 1360 1934 1216 1934 1183 1925 1182 1925 1180 1925 1179 1925 1157 1937 1109 1937 1085 1924 1084 1924 1082 1924 1081 1924 1042 1939 983 1939 959 1925 957 1925 956 1925 898 1933 813 1928 812 1928 810 1928 809 1928 809 1930 798 1939 783 1928 782 1928 780 1928 730 1928 728 1928 727 1928 725 1928 704 1943 658 1943 639 1930 638 1930 636 1930 635 1930 633 1930 609 1942 611 1978"/></Shape>
	    <String CONTENT="de ædificiis Iuſtinia. Et poſt eorum ædificationẽ,"
                    HPOS="609"
                    VPOS="1918"
                    WIDTH="1046"
                    HEIGHT="76"
                    WC="0.993380101288066"></String>
          </TextLine>

          
          
          <TextLine ID="eSc_line_a7205856"
                    TAGREFS="LT4318"
                    BASELINE="608 2038 1659 2022" 
                    HPOS="606"
                    VPOS="1978"
                    WIDTH="1053"
                    HEIGHT="83">
            <Shape><Polygon POINTS="608 2038 608 2061 651 2052 681 2059 682 2059 684 2061 785 2061 785 2059 786 2059 788 2059 791 2056 801 2050 828 2056 840 2058 841 2058 862 2055 910 2047 920 2053 925 2056 926 2056 928 2056 929 2056 954 2052 996 2046 1012 2052 1024 2055 1026 2055 1027 2055 1076 2049 1124 2044 1137 2047 1157 2053 1158 2053 1160 2053 1209 2046 1225 2044 1243 2046 1308 2050 1310 2050 1311 2050 1313 2050 1322 2043 1323 2043 1326 2043 1369 2050 1371 2050 1372 2050 1400 2041 1406 2040 1426 2040 1536 2047 1537 2047 1539 2047 1540 2047 1555 2037 1659 2034 1659 2022 1656 1988 1601 1978 1600 1978 1598 1978 1563 1988 1555 1991 1497 1991 1493 1988 1466 1979 1464 1979 1463 1979 1378 1989 1348 1994 1262 1994 1250 1989 1235 1985 1234 1985 1232 1985 1231 1985 1209 1991 1192 1994 1176 1991 1146 1985 1145 1985 1143 1985 1142 1985 1142 1986 1136 1991 1130 1995 1096 1991 1078 1989 1076 1989 1075 1989 1070 1991 1057 1998 999 1998 989 1992 983 1988 981 1988 980 1988 978 1988 977 1988 963 1992 942 1998 907 1992 884 1989 883 1989 850 1992 777 2001 606 1995 608 2038"/></Shape>
	    <String CONTENT="eámque etiam ſumptuoſam &amp; magnificam reli¬"
                    HPOS="606"
                    VPOS="1978"
                    WIDTH="1053"
                    HEIGHT="83"
                    WC="0.997946190279584"></String>
          </TextLine>

          
          
          <TextLine ID="eSc_line_f59671e1"
                    TAGREFS="LT4318"
                    BASELINE="609 2095 1661 2080" 
                    HPOS="608"
                    VPOS="2036"
                    WIDTH="1053"
                    HEIGHT="86">
            <Shape><Polygon POINTS="609 2095 609 2122 654 2122 654 2120 655 2120 657 2120 685 2108 709 2119 710 2119 712 2119 713 2119 719 2119 754 2111 794 2116 806 2117 807 2117 809 2117 813 2116 840 2105 917 2113 948 2116 950 2116 951 2116 959 2111 974 2104 996 2111 997 2111 999 2111 1000 2111 1002 2111 1003 2111 1030 2102 1081 2102 1093 2108 1102 2113 1103 2113 1105 2113 1139 2107 1177 2101 1197 2105 1222 2113 1224 2113 1225 2113 1273 2105 1372 2110 1374 2110 1375 2110 1377 2110 1392 2101 1398 2101 1478 2108 1479 2108 1481 2108 1505 2098 1506 2098 1512 2098 1591 2107 1592 2107 1594 2107 1595 2107 1610 2095 1659 2094 1661 2080 1659 2049 1635 2036 1634 2036 1569 2036 1567 2036 1475 2049 1420 2038 1418 2038 1417 2038 1395 2050 1363 2038 1362 2038 1360 2038 1268 2052 1241 2040 1240 2040 1238 2040 1237 2040 1235 2040 1218 2053 1134 2041 1133 2041 1084 2043 1082 2043 1081 2043 1064 2055 1035 2047 1033 2047 1032 2047 1030 2047 1011 2056 962 2050 960 2050 804 2059 761 2052 759 2052 758 2052 734 2059 716 2047 715 2047 713 2047 712 2047 608 2062 609 2095"/></Shape>
	    <String CONTENT="gio &amp; veneratio iis addita eſt, poſt deinde ipſe"
                    HPOS="608"
                    VPOS="2036"
                    WIDTH="1053"
                    HEIGHT="86"
                    WC="0.998818701754014"></String>
          </TextLine>

          
          
          <TextLine ID="eSc_line_33a64269"
                    TAGREFS="LT4318"
                    BASELINE="605 2154 1658 2140" 
                    HPOS="603"
                    VPOS="2095"
                    WIDTH="1055"
                    HEIGHT="109">
            <Shape><Polygon POINTS="605 2154 605 2186 624 2195 626 2195 627 2195 670 2184 672 2184 673 2184 731 2202 733 2202 734 2204 806 2204 806 2202 807 2202 809 2202 809 2201 822 2190 831 2196 832 2196 834 2196 835 2196 901 2183 922 2180 956 2183 994 2187 1012 2199 1014 2199 1015 2199 1017 2199 1165 2196 1167 2196 1198 2187 1226 2196 1228 2196 1229 2196 1299 2183 1305 2181 1308 2183 1334 2195 1335 2195 1337 2195 1338 2195 1380 2184 1393 2193 1395 2193 1396 2193 1398 2195 1447 2195 1447 2193 1473 2190 1475 2190 1476 2190 1488 2181 1502 2171 1638 2171 1653 2181 1658 2140 1656 2107 1624 2095 1622 2095 1621 2095 1539 2108 1534 2108 1530 2108 1479 2099 1478 2099 1476 2099 1475 2099 1460 2108 1432 2101 1430 2101 1429 2101 1427 2101 1426 2101 1411 2110 1409 2111 1359 2111 1337 2111 1276 2099 1274 2099 1273 2099 1271 2099 1256 2111 1256 2113 1110 2114 1109 2114 1097 2104 1097 2102 1096 2102 1094 2102 1070 2102 1069 2102 1067 2102 1066 2102 1048 2114 1024 2102 1023 2102 1021 2102 1020 2102 972 2116 971 2117 911 2117 910 2117 890 2108 889 2108 887 2108 846 2117 826 2105 825 2105 823 2105 822 2105 739 2107 737 2107 718 2117 657 2108 655 2108 654 2108 652 2108 638 2120 638 2122 603 2122 605 2154"/></Shape>
	    <String CONTENT="cultus Dei ijs concluſus, aut alligatus, vt nolla"
                    HPOS="603"
                    VPOS="2095"
                    WIDTH="1055"
                    HEIGHT="109"
                    WC="0.969537245375769"></String>
          </TextLine>

          
        </TextBlock>
        
        <TextBlock HPOS="1522.4200439453125"
                   VPOS="2164.390869140625"
                   WIDTH="141.3660888671875"
                   HEIGHT="59.4248046875"
                   ID="block_1"
                   TAGREFS="BT10978">
          <Shape><Polygon POINTS="1522.42 2164.39 1663.79 2164.39 1663.79 2223.82 1522.42 2223.82 1522.42 2164.39"/></Shape>
          
          
          <TextLine ID="eSc_line_b062c59f"
                    TAGREFS="LT4318"
                    BASELINE="1531 2201 1658 2198" 
                    HPOS="1530"
                    VPOS="2147"
                    WIDTH="128"
                    HEIGHT="92">
            <Shape><Polygon POINTS="1652 2162 1600 2152 1598 2152 1597 2152 1585 2157 1583 2157 1570 2147 1569 2147 1567 2147 1566 2147 1530 2152 1531 2201 1533 2239 1603 2227 1658 2236 1658 2198 1656 2183 1652 2162"/></Shape>
	    <String CONTENT="ſacra"
                    HPOS="1530"
                    VPOS="2147"
                    WIDTH="128"
                    HEIGHT="92"
                    WC="0.99608850479126"></String>
          </TextLine>

          
        </TextBlock>
        

        
      </PrintSpace>
    </Page>
  </Layout>
</alto>
