<?xml version="1.0" encoding="UTF-8"?>
<alto xmlns:xsi="http://www.w3.org/2001/XMLSchema-instance"
      xmlns="http://www.loc.gov/standards/alto/ns-v4#"
      xsi:schemaLocation="http://www.loc.gov/standards/alto/ns-v4# http://www.loc.gov/standards/alto/v4/alto-4-2.xsd">
  <Description>
    <MeasurementUnit>pixel</MeasurementUnit>
    <sourceImageInformation>
      <fileName>2012956.png</fileName>
      
    </sourceImageInformation>
  </Description>
  
  <Tags>
    <OtherTag ID="BT10983" LABEL="GraphicZone" DESCRIPTION="block type GraphicZone"/><OtherTag ID="BT10982" LABEL="DropCapitalZone" DESCRIPTION="block type DropCapitalZone"/><OtherTag ID="BT10981" LABEL="RunningTitleZone" DESCRIPTION="block type RunningTitleZone"/><OtherTag ID="BT10980" LABEL="NumberingZone" DESCRIPTION="block type NumberingZone"/><OtherTag ID="BT10979" LABEL="TitlePageZone" DESCRIPTION="block type TitlePageZone"/><OtherTag ID="BT10978" LABEL="QuireMarksZone" DESCRIPTION="block type QuireMarksZone"/><OtherTag ID="BT10977" LABEL="MainZone" DESCRIPTION="block type MainZone"/><OtherTag ID="BT10976" LABEL="MarginTextZone" DESCRIPTION="block type MarginTextZone"/>
    <OtherTag ID="LT4321" LABEL="default" DESCRIPTION="line type default"/><OtherTag ID="LT4319" LABEL="HeadingLine" DESCRIPTION="line type HeadingLine"/><OtherTag ID="LT4318" LABEL="DefaultLine" DESCRIPTION="line type DefaultLine"/><OtherTag ID="LT4320" LABEL="CustomLine : BiblicalText" DESCRIPTION="line type CustomLine : BiblicalText"/>
  </Tags>
  
  <Layout>
    <Page WIDTH="1807"
          HEIGHT="2677"
          PHYSICAL_IMG_NR="3"
          ID="eSc_dummypage_">
      <PrintSpace HPOS="0"
                  VPOS="0"
                  WIDTH="1807"
                  HEIGHT="2677">
        
        <TextBlock HPOS="632.2095336914062"
                   VPOS="164.7666015625"
                   WIDTH="89.3807373046875"
                   HEIGHT="60.84571838378906"
                   ID="block_3"
                   TAGREFS="BT10980">
          <Shape><Polygon POINTS="632.21 164.767 721.59 164.767 721.59 225.612 632.21 225.612 632.21 164.767"/></Shape>
          
          
          <TextLine ID="eSc_line_14e3d3fc"
                    TAGREFS="LT4318"
                    BASELINE="649 206 712 209" 
                    HPOS="646"
                    VPOS="157"
                    WIDTH="66"
                    HEIGHT="77">
            <Shape><Polygon POINTS="710 159 701 157 649 160 649 206 646 230 691 234 693 234 694 234 710 226 712 209 710 159 710 159"/></Shape>
	    <String CONTENT="44"
                    HPOS="646"
                    VPOS="157"
                    WIDTH="66"
                    HEIGHT="77"
                    WC="0.998810559511185"></String>
          </TextLine>

          
        </TextBlock>
        
        <TextBlock HPOS="847.9176025390625"
                   VPOS="147.87147521972656"
                   WIDTH="713.6192626953125"
                   HEIGHT="67.55935668945312"
                   ID="block_1"
                   TAGREFS="BT10981">
          <Shape><Polygon POINTS="847.918 147.871 1561.54 147.871 1561.54 215.431 847.918 215.431 847.918 147.871"/></Shape>
          
          
          <TextLine ID="eSc_line_2488e71f"
                    TAGREFS="LT4319"
                    BASELINE="853 202 1554 191" 
                    HPOS="852"
                    VPOS="144"
                    WIDTH="702"
                    HEIGHT="80">
            <Shape><Polygon POINTS="1545 156 1490 156 1467 147 1461 147 1447 147 1432 147 1417 145 1406 156 1319 145 1313 145 1302 144 1280 154 1259 145 1258 145 1256 145 1255 145 1253 145 1238 157 1228 150 1226 150 1225 150 1224 150 1180 159 1177 159 1174 159 1142 147 1140 147 1139 147 1137 147 1112 156 1103 147 1102 147 1100 147 1063 147 1061 147 1060 147 1032 160 1030 160 1027 160 999 153 997 153 996 153 956 160 939 163 926 160 907 156 896 157 881 159 867 159 852 159 852 160 853 202 853 224 951 224 951 223 953 223 954 223 956 221 969 214 1002 220 1009 221 1011 221 1012 221 1017 220 1052 209 1072 218 1075 220 1076 220 1078 220 1087 218 1124 211 1142 217 1149 220 1151 220 1152 220 1154 220 1155 220 1158 217 1171 209 1210 215 1226 218 1228 218 1229 218 1235 215 1253 206 1293 214 1302 215 1304 217 1345 217 1345 215 1347 215 1348 215 1351 212 1362 205 1426 205 1435 211 1438 214 1439 214 1441 214 1442 214 1554 208 1554 191 1551 162"/></Shape>
	    <String CONTENT="AD I. PAVL. AD TIM."
                    HPOS="852"
                    VPOS="144"
                    WIDTH="702"
                    HEIGHT="80"
                    WC="0.998929205693697"></String>
          </TextLine>

          
        </TextBlock>
        
        <TextBlock HPOS="619.72314453125"
                   VPOS="222.7451171875"
                   WIDTH="1092.0826416015625"
                   HEIGHT="1944.038818359375"
                   ID="block_2"
                   TAGREFS="BT10977">
          <Shape><Polygon POINTS="619.723 222.745 1711.81 222.745 1711.81 2166.78 619.723 2166.78 619.723 222.745"/></Shape>
          
          
          <TextLine ID="eSc_line_43d944aa"
                    TAGREFS="LT4318"
                    BASELINE="630 273 1685 263" 
                    HPOS="629"
                    VPOS="209"
                    WIDTH="1056"
                    HEIGHT="86">
            <Shape><Polygon POINTS="1670 224 1659 221 1641 221 1641 220 1632 212 1625 211 1621 209 1551 220 1530 223 1509 220 1436 209 1435 209 1344 220 1301 224 1289 220 1268 211 1267 211 1265 211 1264 211 1237 220 1226 223 1221 220 1212 212 1210 212 1209 212 1207 212 1151 220 1118 223 1112 218 1105 214 1103 214 1102 214 1100 214 1099 214 1097 214 1090 218 1078 227 1060 218 1052 215 1051 215 1049 215 1048 215 1047 215 1042 218 1029 229 926 230 868 230 829 218 819 215 817 215 780 215 779 215 777 215 776 215 773 218 758 229 629 218 630 273 632 295 675 285 765 294 779 294 780 294 852 291 1130 281 1157 285 1179 290 1180 290 1206 285 1234 279 1320 279 1328 282 1340 288 1341 288 1342 288 1344 288 1368 282 1383 278 1458 279 1625 285 1627 285 1683 275 1685 263 1682 227 1670 224"/></Shape>
	    <String CONTENT="&amp; apud Socratem Scholaſt. lib, 2. Hiſtor. cap.11."
                    HPOS="629"
                    VPOS="209"
                    WIDTH="1056"
                    HEIGHT="86"></String>
          </TextLine>

          
          
          <TextLine ID="eSc_line_713c79a9"
                    TAGREFS="LT4318"
                    BASELINE="629 331 1685 321" 
                    HPOS="627"
                    VPOS="273"
                    WIDTH="1058"
                    HEIGHT="82">
            <Shape><Polygon POINTS="629 346 725 355 727 355 773 348 789 345 810 348 871 355 873 355 968 348 989 346 1003 348 1055 353 1057 353 1058 353 1073 348 1085 342 1093 348 1099 352 1100 352 1102 352 1103 352 1146 348 1200 342 1216 348 1228 352 1229 352 1231 352 1232 352 1249 348 1277 340 1326 348 1347 350 1348 350 1363 348 1396 340 1607 348 1613 348 1615 348 1616 348 1640 339 1682 348 1685 321 1683 285 1653 273 1652 273 1650 273 1585 285 1570 273 1569 273 1567 273 1533 273 1531 273 1530 273 1528 273 1508 287 1505 288 1372 288 1368 288 1340 278 1338 278 1337 278 1335 278 1334 278 1319 288 1317 290 1225 290 1207 288 1079 278 1078 278 965 279 963 279 926 291 919 292 910 291 856 281 855 281 794 292 788 292 779 292 681 282 679 282 627 292 629 331"/></Shape>
	    <String CONTENT="etiam præſente Epiſcopo, quanquam eodẽ præ¬"
                    HPOS="627"
                    VPOS="273"
                    WIDTH="1058"
                    HEIGHT="82"
                    WC="0.979614383795045"></String>
          </TextLine>

          
          
          <TextLine ID="eSc_line_d2f4640e"
                    TAGREFS="LT4318"
                    BASELINE="629 389 1685 379" 
                    HPOS="627"
                    VPOS="336"
                    WIDTH="1058"
                    HEIGHT="74">
            <Shape><Polygon POINTS="629 389 629 410 696 404 771 410 777 410 779 410 791 410 929 401 1005 407 1014 407 1015 407 1026 407 1096 400 1145 406 1155 406 1157 406 1171 404 1232 398 1683 398 1685 379 1680 348 1469 348 1464 348 1439 340 1438 340 1436 340 1435 340 1433 340 1424 348 1423 348 1390 336 1389 336 1387 336 1351 337 1350 337 1348 337 1335 348 1332 349 1319 348 1261 339 1259 339 1258 339 1229 346 1221 339 1219 339 1218 339 1081 339 1079 339 1078 339 1054 348 1042 352 627 349 629 389"/></Shape>
	    <String CONTENT="ſente ſacramenta adminiſtrare Diaconus non"
                    HPOS="627"
                    VPOS="336"
                    WIDTH="1058"
                    HEIGHT="74"
                    WC="0.989416708548864"></String>
          </TextLine>

          
          
          <TextLine ID="eSc_line_662fe587"
                    TAGREFS="LT4318"
                    BASELINE="633 446 1686 438" 
                    HPOS="632"
                    VPOS="392"
                    WIDTH="1054"
                    HEIGHT="82">
            <Shape><Polygon POINTS="633 446 633 461 736 462 770 474 771 474 773 474 928 461 980 472 981 472 1061 459 1105 459 1128 469 1130 469 1131 469 1295 461 1353 469 1354 469 1408 459 1472 469 1473 469 1549 468 1551 468 1552 468 1552 466 1566 455 1686 453 1686 438 1683 392 1573 392 1572 392 1570 392 1567 394 1551 403 1512 394 1506 394 1505 394 1503 394 1500 395 1473 404 1453 395 1448 394 1447 394 1445 394 1444 394 1436 395 1408 404 1350 397 1319 394 1317 394 1316 394 1308 398 1296 404 1280 398 1265 394 1264 394 1262 394 1261 394 1259 394 1252 398 1240 406 1168 400 1099 395 1097 395 1096 395 1094 395 1094 397 1088 401 1082 407 1052 407 984 403 871 397 870 397 868 397 847 406 840 408 815 406 742 398 740 398 739 398 737 398 722 407 719 410 632 410 633 446"/></Shape>
	    <String CONTENT="potuit, vt eſt in cano. Peruenit diſtinct 93.niſi ab"
                    HPOS="632"
                    VPOS="392"
                    WIDTH="1054"
                    HEIGHT="82"
                    WC="0.990681389203438"></String>
          </TextLine>

          
          
          <TextLine ID="eSc_line_feb7ec6a"
                    TAGREFS="LT4318"
                    BASELINE="636 504 1118 505" 
                    HPOS="633"
                    VPOS="459"
                    WIDTH="484"
                    HEIGHT="63">
            <Shape><Polygon POINTS="635 501 633 522 1115 522 1117 504 1115 461 635 459 635 501"/></Shape>
	    <String CONTENT="Epiſcopo iuſſus eſſet."
                    HPOS="633"
                    VPOS="459"
                    WIDTH="484"
                    HEIGHT="63"
                    WC="0.980586003173481"></String>
          </TextLine>

          
          
          <TextLine ID="eSc_line_ae8a1ed9"
                    TAGREFS="LT4318"
                    BASELINE="664 560 1685 559" 
                    HPOS="663"
                    VPOS="511"
                    WIDTH="1022"
                    HEIGHT="74">
            <Shape><Polygon POINTS="664 560 664 577 987 584 989 584 990 584 991 584 1002 577 1005 575 1109 575 1110 577 1119 584 1121 584 1122 584 1124 585 1225 585 1225 584 1488 575 1503 575 1505 575 1536 584 1537 584 1539 584 1540 584 1542 584 1555 575 1567 584 1569 584 1570 584 1572 584 1573 584 1592 575 1612 584 1613 584 1615 584 1616 584 1618 584 1631 575 1683 575 1685 559 1680 514 1475 520 1441 516 1408 511 1406 511 1340 517 1308 519 1287 517 1237 511 1235 511 1203 517 1189 520 1185 517 1171 511 1170 511 1168 511 1167 511 1139 519 1137 519 1136 519 1130 513 1130 511 1128 511 1127 511 1047 511 1045 511 1044 511 1042 511 1032 519 1032 520 1030 519 1020 511 1018 511 1017 511 1015 511 1014 511 1012 511 1000 520 971 520 855 520 822 513 820 513 819 513 817 513 788 520 736 511 734 511 663 522 664 560"/></Shape>
	    <String CONTENT="Quod autem obiici poteſt de Solomone, qui,"
                    HPOS="663"
                    VPOS="511"
                    WIDTH="1022"
                    HEIGHT="74"
                    WC="0.982088128725688"></String>
          </TextLine>

          
          
          <TextLine ID="eSc_line_1febcfa3"
                    TAGREFS="LT4318"
                    BASELINE="627 624 1688 615" 
                    HPOS="626"
                    VPOS="566"
                    WIDTH="1062"
                    HEIGHT="82">
            <Shape><Polygon POINTS="627 624 627 640 789 648 791 648 929 639 933 639 935 639 978 646 980 646 981 646 1011 638 1015 638 1030 638 1149 645 1151 645 1192 636 1197 636 1201 636 1249 643 1250 643 1305 636 1323 643 1325 643 1326 643 1328 643 1353 635 1356 635 1365 635 1433 642 1435 642 1436 642 1458 635 1464 635 1637 640 1638 640 1686 632 1688 615 1685 575 1624 566 1622 566 1621 566 1594 575 1589 578 1415 580 1409 578 1386 568 1384 568 1383 568 1381 568 1380 568 1366 578 1363 581 1219 581 1215 580 1201 574 1200 574 1198 574 1154 580 1136 582 1133 580 1122 572 1122 571 1121 571 1119 571 1090 571 1088 571 1087 571 1055 581 1049 582 1045 581 1009 571 1008 571 1006 571 1005 571 981 582 975 584 971 582 951 574 950 574 948 574 947 574 945 574 936 581 898 572 896 572 895 572 893 572 881 581 837 572 835 572 834 572 816 581 806 572 804 572 803 572 801 572 800 572 777 584 774 585 767 584 715 574 713 574 641 575 639 575 638 575 626 581 627 624"/></Shape>
	    <String CONTENT="adſtante ſummo ſacrificator, etamẽ preces publi"
                    HPOS="626"
                    VPOS="566"
                    WIDTH="1062"
                    HEIGHT="82"
                    WC="0.975574417660634"></String>
          </TextLine>

          
          
          <TextLine ID="eSc_line_30ad5226"
                    TAGREFS="LT4318"
                    BASELINE="632 681 1686 672" 
                    HPOS="630"
                    VPOS="627"
                    WIDTH="1056"
                    HEIGHT="73">
            <Shape><Polygon POINTS="632 681 632 700 1686 691 1686 672 1682 636 1604 636 1594 627 1592 627 1591 627 1589 627 1588 627 1566 636 1566 638 1478 638 1476 638 1461 629 1460 629 1458 629 1457 629 1456 629 1438 638 1436 639 1332 639 1329 639 1286 630 1284 630 1283 630 1249 639 1158 630 1157 630 1093 640 1057 632 1055 632 984 632 983 632 981 632 980 632 966 640 956 633 954 633 953 633 951 633 904 640 807 633 806 633 716 643 706 635 704 635 703 635 651 635 649 635 648 635 630 643 632 681"/></Shape>
	    <String CONTENT="cas pro populo fudit, vt eſt 1. Regum 8. verſ.14."
                    HPOS="630"
                    VPOS="627"
                    WIDTH="1056"
                    HEIGHT="73"></String>
          </TextLine>

          
          
          <TextLine ID="eSc_line_6efc1286"
                    TAGREFS="LT4318"
                    BASELINE="636 740 1688 733" 
                    HPOS="635"
                    VPOS="684"
                    WIDTH="1053"
                    HEIGHT="77">
            <Shape><Polygon POINTS="636 740 636 759 1207 761 1209 761 1290 759 1292 759 1293 759 1302 752 1365 759 1374 759 1375 759 1406 759 1622 752 1685 758 1688 733 1682 684 1659 696 1606 696 1586 685 1583 684 1582 684 1580 684 1557 685 1472 696 1453 688 1447 685 1445 685 1444 685 1408 688 1338 696 1319 690 1301 685 1299 685 1298 685 1296 685 1277 691 1256 697 1209 693 1155 687 1154 687 1152 687 1136 694 1127 697 1118 694 1100 687 1099 687 1097 687 1096 687 1067 694 1052 698 997 696 859 688 858 688 856 688 828 698 825 700 822 698 798 690 797 690 795 690 794 690 768 697 743 690 742 690 740 690 739 690 710 700 691 690 690 690 688 690 635 701 636 740"/></Shape>
	    <String CONTENT="nõ obſtat. Hoc enim ſemel tantùm factum eſt, &amp;"
                    HPOS="635"
                    VPOS="684"
                    WIDTH="1053"
                    HEIGHT="77"
                    WC="0.977488237122695"></String>
          </TextLine>

          
          
          <TextLine ID="eSc_line_84ba7d4f"
                    TAGREFS="LT4318"
                    BASELINE="635 797 1689 791" 
                    HPOS="633"
                    VPOS="748"
                    WIDTH="1056"
                    HEIGHT="66">
            <Shape><Polygon POINTS="635 797 635 814 1688 809 1689 791 1685 749 1319 756 1310 754 1301 749 1299 749 1298 749 1255 754 1228 756 1210 755 1161 748 1160 748 1099 756 1078 758 1060 756 997 749 996 749 893 758 875 759 855 759 694 751 693 751 633 761 635 797"/></Shape>
	    <String CONTENT="quidem extraordinarié. Nam Azarias rex &amp; ſuc¬"
                    HPOS="633"
                    VPOS="748"
                    WIDTH="1056"
                    HEIGHT="66"
                    WC="0.985043510146763"></String>
          </TextLine>

          
          
          <TextLine ID="eSc_line_af6ac018"
                    TAGREFS="LT4318"
                    BASELINE="630 856 1690 847" 
                    HPOS="629"
                    VPOS="800"
                    WIDTH="1061"
                    HEIGHT="80">
            <Shape><Polygon POINTS="630 856 630 874 803 880 804 880 806 880 807 880 816 874 819 872 890 872 893 872 913 880 914 880 916 880 1060 878 1061 878 1063 878 1070 871 1072 871 1106 871 1311 877 1313 877 1314 877 1340 870 1345 868 1348 870 1360 875 1362 875 1363 875 1690 867 1690 847 1688 806 1659 800 1658 800 1656 800 1655 800 1646 806 1634 813 1580 813 1569 807 1560 803 1558 803 1557 803 1536 807 1508 813 1387 809 1314 807 1313 807 1290 810 1264 814 1234 812 1160 803 1158 803 1072 813 1060 814 1057 813 1036 804 1035 804 1033 804 1032 804 1030 804 1017 814 1014 816 1011 814 990 806 989 806 987 806 877 814 831 806 829 806 768 813 696 807 694 807 693 807 691 807 676 819 675 820 629 820 630 856"/></Shape>
	    <String CONTENT="ceſſor Solomonis, qui in Sacerdotij munus irrue¬"
                    HPOS="629"
                    VPOS="800"
                    WIDTH="1061"
                    HEIGHT="80"
                    WC="0.982499184707801"></String>
          </TextLine>

          
          
          <TextLine ID="eSc_line_e84a22c6"
                    TAGREFS="LT4318"
                    BASELINE="629 916 1688 910" 
                    HPOS="627"
                    VPOS="861"
                    WIDTH="1061"
                    HEIGHT="80">
            <Shape><Polygon POINTS="629 916 629 932 701 932 704 932 724 941 725 941 727 941 728 941 749 932 752 932 782 932 901 938 902 938 933 932 948 931 951 932 960 939 962 939 963 939 965 939 966 939 986 932 993 931 1000 932 1017 939 1018 939 1020 939 1021 939 1048 932 1058 931 1063 932 1076 939 1078 939 1079 939 1081 939 1082 939 1093 932 1096 931 1097 932 1105 939 1106 939 1107 939 1109 939 1148 932 1163 931 1177 932 1212 938 1213 938 1215 938 1231 932 1241 929 1252 932 1265 938 1267 938 1268 938 1270 938 1287 932 1298 931 1328 932 1387 938 1389 938 1421 932 1454 928 1481 932 1500 936 1502 936 1686 932 1688 910 1685 864 1622 861 1621 861 1604 864 1573 871 1524 865 1485 861 1484 861 1433 867 1378 872 1369 867 1362 862 1360 862 1359 862 1357 862 1320 868 1305 870 1290 868 1244 862 1243 862 1241 862 1222 870 1210 872 1179 870 1134 865 1133 865 1131 865 1130 865 1124 870 1116 875 1024 875 1014 871 990 865 989 865 987 865 951 872 942 874 933 872 893 864 892 864 890 864 889 864 874 874 873 875 870 874 858 865 856 865 855 865 798 865 797 865 795 865 774 875 771 875 768 875 733 865 731 865 730 865 678 875 652 865 651 865 649 865 648 865 627 874 629 916"/></Shape>
	    <String CONTENT="re voluit à Deo lepra percuſſus eſt, &amp; ſegrex fa¬"
                    HPOS="627"
                    VPOS="861"
                    WIDTH="1061"
                    HEIGHT="80"
                    WC="0.972374130487442"></String>
          </TextLine>

          
          
          <TextLine ID="eSc_line_03640f8f"
                    TAGREFS="LT4318"
                    BASELINE="630 974 1142 972" 
                    HPOS="626"
                    VPOS="916"
                    WIDTH="513"
                    HEIGHT="76">
            <Shape><Polygon POINTS="629 972 629 990 1135 992 1139 970 1135 930 1061 916 1059 916 1057 916 1035 928 1032 930 849 930 847 928 816 916 814 916 812 916 626 925 629 972"/></Shape>
	    <String CONTENT="ctus 2. Reg. 26. verſ.18."
                    HPOS="626"
                    VPOS="916"
                    WIDTH="513"
                    HEIGHT="76"
                    WC="0.991258904933929"></String>
          </TextLine>

          
          
          <TextLine ID="eSc_line_077b63c1"
                    TAGREFS="LT4318"
                    BASELINE="633 1032 1695 1026" 
                    HPOS="632"
                    VPOS="978"
                    WIDTH="1063"
                    HEIGHT="80">
            <Shape><Polygon POINTS="633 1032 633 1049 713 1057 715 1057 716 1057 718 1057 728 1049 731 1048 734 1049 751 1057 752 1057 754 1057 755 1057 779 1049 783 1048 788 1049 806 1057 807 1057 809 1058 871 1058 871 1057 873 1057 896 1048 904 1047 991 1047 994 1048 1002 1055 1003 1055 1005 1055 1006 1055 1076 1048 1091 1047 1096 1048 1116 1055 1118 1055 1119 1055 1189 1047 1212 1045 1258 1047 1412 1054 1414 1054 1415 1054 1417 1054 1430 1045 1433 1045 1512 1045 1514 1045 1522 1052 1524 1052 1525 1052 1527 1052 1566 1045 1574 1044 1580 1045 1604 1052 1606 1052 1607 1052 1695 1044 1695 1026 1692 989 1261 978 1259 978 1258 978 1256 978 1244 989 1194 989 1167 978 1165 978 1164 978 1094 990 966 980 965 980 883 991 878 991 875 991 785 981 783 981 782 981 780 981 767 993 690 993 655 981 654 981 652 981 651 981 632 990 633 1032"/></Shape>
	    <String CONTENT="Cap.3. Quæritur pro quibus fieri debeant preces"
                    HPOS="632"
                    VPOS="978"
                    WIDTH="1063"
                    HEIGHT="80"
                    WC="0.979099619895854"></String>
          </TextLine>

          
          
          <TextLine ID="eSc_line_2dd7ed41"
                    TAGREFS="LT4318"
                    BASELINE="630 1090 1683 1081" 
                    HPOS="629"
                    VPOS="1038"
                    WIDTH="1054"
                    HEIGHT="78">
            <Shape><Polygon POINTS="630 1090 630 1107 740 1116 742 1116 743 1116 765 1109 773 1106 779 1109 798 1116 800 1116 801 1116 803 1116 834 1109 852 1105 919 1109 954 1110 956 1110 983 1109 1052 1103 1061 1109 1067 1113 1069 1113 1070 1113 1072 1113 1124 1109 1191 1103 1247 1109 1276 1112 1277 1112 1301 1109 1369 1100 1387 1109 1389 1109 1470 1110 1472 1110 1479 1109 1533 1099 1551 1107 1552 1107 1680 1109 1683 1081 1680 1049 1632 1038 1631 1038 1534 1048 1531 1048 1528 1048 1473 1038 1472 1038 1429 1048 1418 1049 1405 1048 1345 1038 1344 1038 1342 1038 1304 1048 1289 1051 1280 1047 1261 1039 1259 1039 1157 1039 1155 1039 1100 1047 1054 1052 1017 1047 986 1041 984 1041 983 1041 981 1041 981 1042 977 1047 968 1054 945 1047 944 1047 942 1047 941 1047 925 1055 794 1057 751 1057 737 1045 736 1044 734 1044 733 1044 731 1044 629 1044 630 1090"/></Shape>
	    <String CONTENT="Reſp. pro omnibus, id eſt, quouis hominum ge¬"
                    HPOS="629"
                    VPOS="1038"
                    WIDTH="1054"
                    HEIGHT="78"
                    WC="0.986227790514628"></String>
          </TextLine>

          
          
          <TextLine ID="eSc_line_ca4cda54"
                    TAGREFS="LT4318"
                    BASELINE="632 1148 1692 1140" 
                    HPOS="630"
                    VPOS="1097"
                    WIDTH="1062"
                    HEIGHT="70">
            <Shape><Polygon POINTS="632 1148 632 1167 1690 1161 1692 1140 1689 1107 1496 1097 1494 1097 1493 1097 1491 1097 1476 1107 1473 1107 1458 1107 1314 1099 1313 1099 1274 1107 1264 1110 1174 1110 1171 1107 1163 1100 1161 1100 1160 1100 1158 1100 1157 1100 1137 1107 1133 1110 1060 1110 1057 1107 1049 1102 1048 1102 1047 1102 1045 1102 1044 1102 1020 1107 1012 1109 1000 1107 956 1102 954 1102 953 1102 951 1102 944 1107 939 1110 919 1107 871 1102 870 1102 817 1107 782 1112 630 1109 632 1148"/></Shape>
	    <String CONTENT="nere, religione, ſexu, ætate, conditione. Sic enim"
                    HPOS="630"
                    VPOS="1097"
                    WIDTH="1062"
                    HEIGHT="70"
                    WC="0.983915737867355"></String>
          </TextLine>

          
          
          <TextLine ID="eSc_line_cd48d49a"
                    TAGREFS="LT4318"
                    BASELINE="635 1207 1696 1200" 
                    HPOS="633"
                    VPOS="1154"
                    WIDTH="1063"
                    HEIGHT="68">
            <Shape><Polygon POINTS="635 1207 635 1222 1695 1215 1696 1200 1693 1165 1634 1154 1632 1154 1631 1154 1630 1154 1615 1164 1514 1154 1512 1154 1420 1165 1289 1155 1287 1155 1286 1155 1284 1155 1268 1167 1224 1157 1085 1157 1084 1157 1082 1157 1047 1170 994 1170 983 1160 983 1158 981 1158 980 1158 978 1158 977 1158 933 1168 881 1158 880 1158 878 1158 843 1170 804 1164 803 1164 633 1171 635 1207"/></Shape>
	    <String CONTENT="vox πάντες hoc loco ſumitur, vti &amp; poſtea quem¬"
                    HPOS="633"
                    VPOS="1154"
                    WIDTH="1063"
                    HEIGHT="68"></String>
          </TextLine>

          
          
          <TextLine ID="eSc_line_e600aabb"
                    TAGREFS="LT4318"
                    BASELINE="633 1265 1695 1255" 
                    HPOS="632"
                    VPOS="1209"
                    WIDTH="1063"
                    HEIGHT="72">
            <Shape><Polygon POINTS="633 1265 633 1281 1693 1279 1695 1255 1692 1219 1576 1209 1574 1209 1573 1209 1539 1219 1493 1210 1491 1210 1490 1210 1454 1219 1179 1213 1177 1213 1176 1213 1158 1222 1109 1213 1107 1213 1106 1213 1085 1222 971 1215 969 1215 968 1215 966 1215 953 1223 910 1216 908 1216 907 1216 905 1216 896 1225 815 1225 786 1216 785 1216 783 1216 782 1216 755 1226 666 1218 664 1218 663 1218 632 1228 633 1265"/></Shape>
	    <String CONTENT="admodum doctiſſimus Beza obſeruauit. Ratio"
                    HPOS="632"
                    VPOS="1209"
                    WIDTH="1063"
                    HEIGHT="72"
                    WC="0.993899786756152"></String>
          </TextLine>

          
          
          <TextLine ID="eSc_line_acbc977c"
                    TAGREFS="LT4318"
                    BASELINE="632 1326 1690 1317" 
                    HPOS="630"
                    VPOS="1270"
                    WIDTH="1060"
                    HEIGHT="72">
            <Shape><Polygon POINTS="632 1326 632 1342 1689 1342 1690 1317 1686 1276 1583 1279 1577 1276 1567 1270 1566 1270 1564 1270 1563 1270 1527 1277 1508 1281 1384 1281 1378 1279 1357 1270 1356 1270 1354 1270 1310 1279 1302 1280 1283 1280 1160 1271 1158 1271 1157 1271 1134 1281 1130 1284 1012 1284 1009 1283 983 1274 981 1274 980 1274 923 1283 916 1284 913 1283 902 1274 901 1274 899 1274 806 1274 804 1274 734 1286 728 1286 724 1286 679 1276 678 1276 676 1276 675 1276 661 1286 661 1287 630 1287 632 1326"/></Shape>
	    <String CONTENT="eſt, Quòd homines quoſuis pro Dei creaturis, &amp;"
                    HPOS="630"
                    VPOS="1270"
                    WIDTH="1060"
                    HEIGHT="72"
                    WC="0.992466120009727"></String>
          </TextLine>

          
          
          <TextLine ID="eSc_line_d74ac164"
                    TAGREFS="LT4318"
                    BASELINE="633 1384 1693 1375" 
                    HPOS="632"
                    VPOS="1328"
                    WIDTH="1061"
                    HEIGHT="83">
            <Shape><Polygon POINTS="633 1384 633 1411 681 1400 707 1409 709 1409 710 1409 817 1399 889 1406 890 1406 1048 1397 1131 1406 1142 1406 1143 1406 1145 1406 1146 1406 1164 1396 1218 1405 1222 1405 1224 1405 1225 1405 1226 1405 1241 1396 1292 1403 1301 1405 1302 1405 1316 1403 1390 1395 1473 1402 1494 1403 1496 1403 1505 1402 1542 1393 1566 1400 1569 1402 1570 1402 1572 1402 1692 1399 1693 1375 1690 1339 1522 1328 1521 1328 1519 1328 1518 1328 1505 1339 1482 1331 1481 1331 1479 1331 1435 1338 1377 1329 1375 1329 1374 1329 1328 1341 1326 1342 1268 1342 1244 1342 1215 1331 1213 1331 1212 1331 1161 1342 1158 1342 1149 1342 986 1332 984 1332 983 1332 945 1344 944 1344 908 1334 907 1334 905 1334 904 1334 878 1344 826 1334 825 1334 774 1345 771 1345 770 1345 754 1338 752 1338 751 1338 632 1345 633 1384"/></Shape>
	    <String CONTENT="pro proximis noſtris agnoſcero debeamus. Ergo"
                    HPOS="632"
                    VPOS="1328"
                    WIDTH="1061"
                    HEIGHT="83"
                    WC="0.978431016869015"></String>
          </TextLine>

          
          
          <TextLine ID="eSc_line_2d6fece7"
                    TAGREFS="LT4318"
                    BASELINE="635 1442 1693 1432" 
                    HPOS="633"
                    VPOS="1387"
                    WIDTH="1060"
                    HEIGHT="74">
            <Shape><Polygon POINTS="635 1442 635 1461 1386 1461 1386 1460 1396 1458 1427 1453 1509 1458 1521 1458 1522 1458 1527 1458 1569 1451 1690 1457 1693 1432 1689 1390 1481 1397 1450 1393 1406 1387 1405 1387 1403 1387 1402 1387 1392 1395 1384 1400 1341 1400 1337 1396 1332 1392 1331 1392 1329 1392 1238 1389 1237 1389 1235 1389 1219 1397 1218 1399 1216 1397 1206 1390 1204 1390 1203 1390 1201 1390 1143 1399 1128 1400 1122 1399 1097 1390 1096 1390 1094 1390 1093 1390 1073 1400 1069 1402 1045 1400 944 1392 942 1392 941 1392 919 1402 870 1393 868 1393 867 1393 841 1403 840 1403 783 1393 782 1393 780 1393 734 1405 688 1395 687 1395 633 1406 635 1442"/></Shape>
	    <String CONTENT="omnium vita, ſalus, &amp; conditio nobis curæ de¬"
                    HPOS="633"
                    VPOS="1387"
                    WIDTH="1060"
                    HEIGHT="74"
                    WC="0.995536049207052"></String>
          </TextLine>

          
          
          <TextLine ID="eSc_line_4082b1e7"
                    TAGREFS="LT4318"
                    BASELINE="636 1502 1698 1493" 
                    HPOS="635"
                    VPOS="1447"
                    WIDTH="1063"
                    HEIGHT="78">
            <Shape><Polygon POINTS="636 1502 636 1522 1049 1525 1051 1525 1091 1518 1094 1518 1096 1518 1116 1525 1118 1525 1119 1525 1231 1516 1238 1516 1241 1516 1284 1524 1286 1524 1338 1515 1341 1515 1342 1515 1350 1522 1351 1522 1353 1522 1354 1522 1356 1522 1387 1515 1389 1515 1392 1515 1466 1522 1467 1522 1519 1513 1522 1513 1525 1513 1622 1521 1624 1521 1698 1511 1698 1493 1696 1458 1659 1447 1658 1447 1656 1447 1603 1457 1580 1447 1579 1447 1525 1447 1524 1447 1522 1447 1502 1457 1499 1460 1368 1460 1363 1457 1345 1448 1344 1448 1342 1448 1341 1448 1340 1448 1340 1450 1331 1457 1326 1460 1292 1457 1219 1450 1218 1450 1183 1457 1158 1463 1079 1463 1072 1455 1069 1453 1067 1453 1066 1453 1064 1453 1047 1455 1029 1460 1024 1455 1018 1451 1017 1451 1015 1451 1014 1451 983 1455 938 1463 635 1455 636 1502"/></Shape>
	    <String CONTENT="bet eſſe, nec quiſquam negligendus, quantunuis"
                    HPOS="635"
                    VPOS="1447"
                    WIDTH="1063"
                    HEIGHT="78"
                    WC="0.976021901420925"></String>
          </TextLine>

          
          
          <TextLine ID="eSc_line_9a025f3f"
                    TAGREFS="LT4318"
                    BASELINE="643 1563 1699 1554" 
                    HPOS="642"
                    VPOS="1511"
                    WIDTH="1057"
                    HEIGHT="72">
            <Shape><Polygon POINTS="643 1563 643 1583 699 1576 783 1582 803 1583 804 1583 806 1583 807 1583 809 1582 819 1573 855 1580 856 1580 898 1574 908 1580 908 1582 910 1582 911 1582 913 1582 929 1580 1020 1571 1058 1579 1066 1580 1067 1582 1151 1582 1151 1580 1152 1580 1158 1579 1177 1570 1267 1577 1296 1579 1298 1579 1311 1576 1342 1570 1365 1576 1371 1577 1372 1577 1374 1577 1375 1577 1377 1577 1378 1576 1392 1569 1484 1569 1503 1574 1512 1577 1514 1577 1515 1577 1516 1577 1530 1574 1546 1570 1698 1571 1699 1554 1695 1522 1301 1522 1299 1522 1274 1512 1273 1512 1271 1512 1270 1512 1268 1512 1256 1521 1235 1513 1234 1513 1232 1513 1231 1513 1201 1522 1197 1524 1192 1522 1161 1511 1160 1511 1060 1511 1058 1511 1057 1511 1030 1522 1029 1524 1026 1522 1006 1511 1005 1511 1003 1511 1002 1511 913 1512 911 1512 910 1512 895 1521 819 1512 817 1512 761 1524 755 1524 746 1524 673 1513 672 1513 670 1513 642 1522 643 1563"/></Shape>
	    <String CONTENT="pauper, humilis &amp; abiectus."
                    HPOS="642"
                    VPOS="1511"
                    WIDTH="1057"
                    HEIGHT="72"
                    WC="0.998167327156773"></String>
          </TextLine>

          
          
          <TextLine ID="eSc_line_d97383c9"
                    TAGREFS="LT4318"
                    BASELINE="646 1616 1696 1610" 
                    HPOS="645"
                    VPOS="1563"
                    WIDTH="1051"
                    HEIGHT="80">
            <Shape><Polygon POINTS="646 1616 646 1638 761 1634 791 1638 817 1643 819 1643 843 1638 867 1634 887 1638 905 1643 907 1643 908 1643 972 1638 1048 1632 1076 1638 1096 1641 1097 1641 1099 1641 1100 1641 1106 1638 1115 1632 1143 1638 1164 1641 1165 1641 1209 1637 1280 1631 1357 1637 1398 1640 1399 1640 1426 1637 1487 1629 1508 1637 1512 1638 1514 1638 1515 1638 1695 1635 1696 1610 1695 1576 1661 1563 1659 1563 1658 1563 1656 1563 1607 1574 1540 1563 1539 1563 1537 1563 1536 1563 1521 1574 1506 1563 1505 1563 1503 1563 1433 1563 1432 1563 1366 1570 1332 1564 1331 1564 1329 1564 1328 1564 1314 1573 1273 1566 1271 1566 1270 1566 1246 1576 1171 1564 1170 1564 1168 1564 1127 1577 1009 1571 1008 1571 905 1579 880 1570 878 1570 877 1570 875 1570 847 1579 792 1569 791 1569 736 1576 715 1567 713 1567 712 1567 710 1567 709 1567 688 1580 645 1580 646 1616"/></Shape>
	    <String CONTENT="Excipiunt tamen quoſdam Scholaſtici, impri¬"
                    HPOS="645"
                    VPOS="1563"
                    WIDTH="1051"
                    HEIGHT="80"
                    WC="0.98667271885761"></String>
          </TextLine>

          
          
          <TextLine ID="eSc_line_1e5a07aa"
                    TAGREFS="LT4318"
                    BASELINE="635 1677 1701 1668" 
                    HPOS="633"
                    VPOS="1627"
                    WIDTH="1068"
                    HEIGHT="74">
            <Shape><Polygon POINTS="635 1677 635 1692 655 1701 657 1701 658 1701 660 1701 685 1693 783 1701 785 1701 829 1692 959 1699 960 1699 962 1699 989 1690 990 1690 999 1690 1119 1698 1121 1698 1699 1686 1701 1668 1698 1634 1606 1627 1604 1627 1603 1627 1601 1627 1592 1634 1592 1635 1464 1635 1463 1635 1453 1628 1451 1628 1450 1628 1448 1628 1387 1635 1386 1635 1356 1627 1354 1627 1353 1627 1313 1635 1302 1627 1301 1627 1299 1627 1219 1627 1218 1627 1216 1627 1188 1637 1188 1638 1045 1638 1044 1638 989 1628 987 1628 864 1640 862 1640 837 1629 835 1629 834 1629 832 1629 810 1638 767 1631 765 1631 764 1631 762 1631 749 1641 748 1641 746 1641 670 1631 669 1631 667 1631 633 1641 635 1677"/></Shape>
	    <String CONTENT="mis inimicos noſtros, pro quibus non putant ſpe¬"
                    HPOS="633"
                    VPOS="1627"
                    WIDTH="1068"
                    HEIGHT="74"
                    WC="0.990868759651979"></String>
          </TextLine>

          
          
          <TextLine ID="eSc_line_b6c43c6b"
                    TAGREFS="LT4318"
                    BASELINE="636 1737 1696 1725" 
                    HPOS="635"
                    VPOS="1682"
                    WIDTH="1061"
                    HEIGHT="78">
            <Shape><Polygon POINTS="636 1737 636 1753 898 1760 899 1760 1003 1751 1038 1750 1696 1750 1696 1725 1693 1693 1592 1693 1576 1683 1574 1683 1573 1683 1572 1683 1521 1693 1506 1682 1505 1682 1503 1682 1502 1682 1427 1695 1350 1687 1348 1687 1347 1687 1323 1695 1301 1683 1299 1683 1298 1683 1213 1696 1054 1686 1052 1686 1051 1686 1049 1686 1027 1699 997 1699 984 1687 983 1687 981 1687 980 1687 978 1687 977 1687 963 1696 942 1687 941 1687 939 1687 809 1696 768 1689 767 1689 669 1690 667 1690 635 1702 636 1737"/></Shape>
	    <String CONTENT="cialiter orandum eſſe. Communia enim humani¬"
                    HPOS="635"
                    VPOS="1682"
                    WIDTH="1061"
                    HEIGHT="78"
                    WC="0.973343221978708"></String>
          </TextLine>

          
          
          <TextLine ID="eSc_line_5fc95259"
                    TAGREFS="LT4318"
                    BASELINE="638 1792 1693 1784" 
                    HPOS="636"
                    VPOS="1741"
                    WIDTH="1057"
                    HEIGHT="74">
            <Shape><Polygon POINTS="638 1792 638 1808 957 1815 959 1815 999 1806 1005 1806 1032 1806 1191 1814 1192 1814 1246 1806 1255 1805 1256 1806 1265 1814 1267 1814 1268 1814 1270 1814 1271 1814 1273 1814 1282 1806 1283 1806 1403 1812 1405 1812 1406 1812 1424 1805 1429 1804 1435 1805 1445 1809 1447 1809 1448 1809 1524 1805 1576 1802 1597 1805 1638 1811 1640 1811 1692 1804 1693 1784 1689 1751 1296 1751 1273 1741 1271 1741 1270 1741 1268 1741 1267 1741 1252 1753 1228 1743 1226 1743 1225 1743 1146 1753 1124 1743 1122 1743 1066 1743 1064 1743 1063 1743 1041 1754 999 1744 997 1744 996 1744 896 1751 853 1744 852 1744 765 1745 764 1745 762 1745 749 1756 684 1745 682 1745 681 1745 636 1757 638 1792"/></Shape>
	    <String CONTENT="tatis officia tantùm illis tribui oportere: non au¬"
                    HPOS="636"
                    VPOS="1741"
                    WIDTH="1057"
                    HEIGHT="74"
                    WC="0.990584797584094"></String>
          </TextLine>

          
          
          <TextLine ID="eSc_line_6a1eed95"
                    TAGREFS="LT4318"
                    BASELINE="635 1853 1696 1845" 
                    HPOS="633"
                    VPOS="1799"
                    WIDTH="1063"
                    HEIGHT="79">
            <Shape><Polygon POINTS="635 1853 635 1869 691 1869 693 1869 701 1876 703 1876 704 1876 706 1876 748 1869 752 1869 757 1869 794 1878 795 1878 797 1878 798 1878 809 1869 810 1869 834 1869 1055 1876 1057 1876 1058 1876 1060 1876 1072 1869 1076 1866 1090 1869 1121 1875 1122 1875 1124 1875 1151 1869 1161 1866 1168 1867 1183 1873 1185 1873 1186 1873 1188 1873 1189 1873 1195 1867 1198 1866 1221 1867 1259 1872 1261 1872 1262 1872 1264 1872 1270 1867 1276 1864 1295 1867 1326 1873 1328 1873 1368 1867 1381 1866 1387 1867 1402 1873 1403 1873 1405 1873 1456 1867 1472 1866 1499 1867 1551 1870 1552 1870 1554 1870 1555 1870 1560 1867 1567 1863 1693 1866 1696 1845 1693 1811 1549 1811 1536 1799 1534 1799 1533 1799 1484 1799 1482 1799 1481 1799 1448 1811 1384 1801 1383 1801 1381 1801 1380 1801 1365 1811 1314 1811 1274 1801 1273 1801 1271 1801 1085 1812 1060 1802 1058 1802 1057 1802 953 1812 853 1805 852 1805 850 1805 849 1805 835 1814 822 1805 820 1805 819 1805 817 1805 782 1812 675 1805 673 1805 672 1805 633 1817 635 1853"/></Shape>
	    <String CONTENT="tem hæc tam egregia, quæ ſolis amicis debemus,"
                    HPOS="633"
                    VPOS="1799"
                    WIDTH="1063"
                    HEIGHT="79"></String>
          </TextLine>

          
          
          <TextLine ID="eSc_line_2413c0cb"
                    TAGREFS="LT4318"
                    BASELINE="639 1908 1699 1905" 
                    HPOS="638"
                    VPOS="1859"
                    WIDTH="1061"
                    HEIGHT="75">
            <Shape><Polygon POINTS="639 1908 639 1934 1698 1924 1699 1905 1696 1872 1619 1859 1618 1859 1411 1870 1368 1859 1366 1859 1365 1859 1304 1869 1290 1859 1289 1859 1287 1859 1246 1859 1244 1859 1243 1859 1212 1870 1170 1860 1168 1860 1167 1860 1165 1860 1140 1872 1140 1873 1052 1873 1052 1872 1000 1860 999 1860 997 1860 996 1860 996 1862 983 1873 942 1873 923 1863 922 1863 920 1863 873 1869 828 1860 826 1860 825 1860 782 1872 767 1860 765 1860 764 1860 728 1860 727 1860 725 1860 684 1872 643 1864 642 1864 641 1864 639 1864 639 1866 638 1866 639 1908"/></Shape>
	    <String CONTENT="qualis eſt oratio. Durand. in lib.3. Sentent. diſtin."
                    HPOS="638"
                    VPOS="1859"
                    WIDTH="1061"
                    HEIGHT="75"
                    WC="0.992913029103909"></String>
          </TextLine>

          
          
          <TextLine ID="eSc_line_1ba28bcf"
                    TAGREFS="LT4318"
                    BASELINE="641 1969 1701 1963" 
                    HPOS="639"
                    VPOS="1917"
                    WIDTH="1062"
                    HEIGHT="75">
            <Shape><Polygon POINTS="641 1969 641 1992 960 1983 1160 1989 1161 1989 1221 1982 1433 1988 1435 1988 1436 1988 1467 1980 1698 1986 1701 1963 1698 1927 1600 1917 1598 1917 1597 1917 1560 1925 1536 1917 1534 1917 1533 1917 1531 1917 1493 1925 1441 1917 1439 1917 1438 1917 1436 1917 1436 1918 1426 1927 1402 1918 1400 1918 1399 1918 1398 1918 1396 1918 1380 1928 1313 1928 1189 1918 1188 1918 1186 1918 1160 1928 923 1920 922 1920 920 1920 919 1920 902 1930 823 1921 822 1921 776 1930 746 1921 745 1921 743 1921 742 1921 740 1921 730 1930 688 1922 687 1922 639 1931 641 1969"/></Shape>
	    <String CONTENT="3o. quæſt. 1.&amp; Thomas in 2. 2æ quæſt. 25. Quæ"
                    HPOS="639"
                    VPOS="1917"
                    WIDTH="1062"
                    HEIGHT="75"></String>
          </TextLine>

          
          
          <TextLine ID="eSc_line_072cbfbb"
                    TAGREFS="LT4318"
                    BASELINE="639 2027 1699 2019" 
                    HPOS="638"
                    VPOS="1972"
                    WIDTH="1061"
                    HEIGHT="72">
            <Shape><Polygon POINTS="639 2027 639 2044 1699 2044 1699 2019 1696 1983 1514 1972 1512 1972 1445 1983 1274 1976 1273 1976 1271 1976 1252 1986 1164 1986 1142 1975 1140 1975 1139 1975 1137 1975 1110 1985 1064 1975 1063 1975 1014 1985 941 1976 939 1976 938 1976 936 1976 923 1986 877 1976 875 1976 874 1976 847 1988 791 1978 789 1978 697 1986 664 1978 663 1978 661 1978 660 1978 638 1988 639 2027"/></Shape>
	    <String CONTENT="ſentẽtia quàm ſit falſa docet Chriſtus ipſe Matt."
                    HPOS="638"
                    VPOS="1972"
                    WIDTH="1061"
                    HEIGHT="72"
                    WC="0.985234273414986"></String>
          </TextLine>

          
          
          <TextLine ID="eSc_line_43e6d72a"
                    TAGREFS="LT4318"
                    BASELINE="642 2088 1698 2076" 
                    HPOS="641"
                    VPOS="2030"
                    WIDTH="1057"
                    HEIGHT="86">
            <Shape><Polygon POINTS="642 2088 642 2116 676 2114 678 2114 679 2114 693 2102 773 2102 807 2113 809 2113 810 2113 907 2101 1049 2107 1051 2107 1052 2107 1078 2099 1136 2110 1137 2110 1139 2110 1174 2101 1216 2108 1218 2108 1219 2108 1221 2108 1237 2098 1383 2107 1384 2107 1386 2107 1418 2096 1515 2105 1516 2105 1619 2095 1695 2104 1698 2076 1693 2036 1662 2041 1619 2037 1566 2030 1564 2030 1563 2030 1536 2038 1533 2038 1531 2038 1518 2031 1516 2031 1515 2031 1514 2031 1500 2038 1491 2043 1458 2038 1403 2033 1402 2033 1400 2033 1399 2033 1389 2040 1383 2046 1328 2046 1320 2041 1304 2034 1302 2034 1301 2034 1299 2034 1298 2034 1284 2043 1277 2047 1171 2047 1164 2044 1130 2036 1128 2036 1038 2036 1036 2036 1035 2036 997 2047 993 2049 990 2047 971 2037 969 2037 968 2037 966 2037 932 2049 931 2049 928 2049 875 2038 874 2038 873 2038 847 2049 773 2038 771 2038 641 2053 642 2088"/></Shape>
	    <String CONTENT="5,verſ. 44. Precamini pro ijs, ait, qui vos infeſtãt."
                    HPOS="641"
                    VPOS="2030"
                    WIDTH="1057"
                    HEIGHT="86"
                    WC="0.968340641370526"></String>
          </TextLine>

          
          
          <TextLine ID="eSc_line_9b605048"
                    TAGREFS="LT4318"
                    BASELINE="643 2147 1699 2137" 
                    HPOS="642"
                    VPOS="2091"
                    WIDTH="1057"
                    HEIGHT="89">
            <Shape><Polygon POINTS="643 2147 643 2178 795 2165 840 2165 862 2175 868 2178 870 2178 871 2180 931 2180 931 2178 932 2178 941 2174 962 2163 1058 2163 1070 2171 1078 2177 1079 2177 1081 2177 1082 2177 1173 2175 1174 2175 1176 2175 1186 2168 1191 2165 1204 2168 1237 2175 1238 2175 1240 2175 1270 2166 1289 2160 1304 2165 1322 2172 1323 2172 1325 2172 1384 2163 1408 2160 1412 2163 1427 2172 1429 2172 1430 2172 1432 2174 1469 2174 1469 2172 1470 2172 1491 2162 1511 2171 1512 2171 1514 2171 1576 2159 1588 2157 1595 2159 1641 2171 1643 2171 1644 2171 1646 2171 1699 2156 1699 2137 1696 2101 1554 2101 1534 2091 1533 2091 1531 2091 1475 2101 1444 2094 1442 2094 1441 2094 1298 2102 1262 2092 1261 2092 1259 2092 1258 2092 1256 2092 1241 2104 1188 2094 1186 2094 1107 2104 1088 2095 1087 2095 1085 2095 1041 2102 944 2095 942 2095 896 2096 895 2096 893 2096 877 2107 740 2098 739 2098 642 2110 643 2147"/></Shape>
	    <String CONTENT="item docet hîc Paulus qui iubet nos precari pro."
                    HPOS="642"
                    VPOS="2091"
                    WIDTH="1057"
                    HEIGHT="89"
                    WC="0.98153814004392"></String>
          </TextLine>

          
        </TextBlock>
        
        <TextBlock HPOS="1504.0335693359375"
                   VPOS="2166.926025390625"
                   WIDTH="195.7447509765625"
                   HEIGHT="63.4921875"
                   ID="block_0"
                   TAGREFS="BT10978">
          <Shape><Polygon POINTS="1504.03 2166.93 1699.78 2166.93 1699.78 2230.42 1504.03 2230.42 1504.03 2166.93"/></Shape>
          
          
          <TextLine ID="eSc_line_73a9b9a8"
                    TAGREFS="LT4318"
                    BASELINE="1514 2195 1695 2198" 
                    HPOS="1514"
                    VPOS="2159"
                    WIDTH="181"
                    HEIGHT="76">
            <Shape><Polygon POINTS="1514 2195 1514 2232 1545 2223 1564 2230 1573 2233 1574 2233 1576 2235 1628 2235 1628 2233 1630 2233 1631 2233 1640 2226 1641 2226 1653 2235 1655 2235 1656 2235 1658 2235 1659 2235 1693 2223 1695 2198 1695 2162 1514 2159 1514 2195"/></Shape>
	    <String CONTENT="regibus"
                    HPOS="1514"
                    VPOS="2159"
                    WIDTH="181"
                    HEIGHT="76"
                    WC="0.998491849218096"></String>
          </TextLine>

          
        </TextBlock>
        

        
      </PrintSpace>
    </Page>
  </Layout>
</alto>
