<?xml version="1.0" encoding="UTF-8"?>
<alto xmlns:xsi="http://www.w3.org/2001/XMLSchema-instance"
      xmlns="http://www.loc.gov/standards/alto/ns-v4#"
      xsi:schemaLocation="http://www.loc.gov/standards/alto/ns-v4# http://www.loc.gov/standards/alto/v4/alto-4-2.xsd">
  <Description>
    <MeasurementUnit>pixel</MeasurementUnit>
    <sourceImageInformation>
      <fileName>2012976.png</fileName>
      
    </sourceImageInformation>
  </Description>
  
  <Tags>
    <OtherTag ID="BT10983" LABEL="GraphicZone" DESCRIPTION="block type GraphicZone"/><OtherTag ID="BT10982" LABEL="DropCapitalZone" DESCRIPTION="block type DropCapitalZone"/><OtherTag ID="BT10981" LABEL="RunningTitleZone" DESCRIPTION="block type RunningTitleZone"/><OtherTag ID="BT10980" LABEL="NumberingZone" DESCRIPTION="block type NumberingZone"/><OtherTag ID="BT10979" LABEL="TitlePageZone" DESCRIPTION="block type TitlePageZone"/><OtherTag ID="BT10978" LABEL="QuireMarksZone" DESCRIPTION="block type QuireMarksZone"/><OtherTag ID="BT10977" LABEL="MainZone" DESCRIPTION="block type MainZone"/><OtherTag ID="BT10976" LABEL="MarginTextZone" DESCRIPTION="block type MarginTextZone"/>
    <OtherTag ID="LT4321" LABEL="default" DESCRIPTION="line type default"/><OtherTag ID="LT4319" LABEL="HeadingLine" DESCRIPTION="line type HeadingLine"/><OtherTag ID="LT4318" LABEL="DefaultLine" DESCRIPTION="line type DefaultLine"/><OtherTag ID="LT4320" LABEL="CustomLine : BiblicalText" DESCRIPTION="line type CustomLine : BiblicalText"/>
  </Tags>
  
  <Layout>
    <Page WIDTH="1807"
          HEIGHT="2677"
          PHYSICAL_IMG_NR="23"
          ID="eSc_dummypage_">
      <PrintSpace HPOS="0"
                  VPOS="0"
                  WIDTH="1807"
                  HEIGHT="2677">
        
        <TextBlock HPOS="679"
                   VPOS="175"
                   WIDTH="70"
                   HEIGHT="56"
                   ID="eSc_textblock_e8b8ce40"
                   TAGREFS="BT10980">
          <Shape><Polygon POINTS="679 175 679 231 749 231 749 175"/></Shape>
          
          
          <TextLine ID="eSc_line_6dea4184"
                    TAGREFS="LT4318"
                    BASELINE="676 201 749 205" 
                    HPOS="673"
                    VPOS="142"
                    WIDTH="74"
                    HEIGHT="101">
            <Shape><Polygon POINTS="675 200 673 232 696 243 698 243 700 243 745 234 747 203 745 142 675 149 675 200"/></Shape>
	    <String CONTENT="64"
                    HPOS="673"
                    VPOS="142"
                    WIDTH="74"
                    HEIGHT="101"
                    WC="0.997614949941635"></String>
          </TextLine>

          
        </TextBlock>
        
        <TextBlock HPOS="848"
                   VPOS="155"
                   WIDTH="682"
                   HEIGHT="69"
                   ID="block_3"
                   TAGREFS="BT10981">
          <Shape><Polygon POINTS="1530 155 1530 224 848 224 848 155"/></Shape>
          
          
          <TextLine ID="eSc_line_bf63a2fd"
                    TAGREFS="LT4319"
                    BASELINE="862 205 1514 202" 
                    HPOS="858"
                    VPOS="156"
                    WIDTH="654"
                    HEIGHT="78">
            <Shape><Polygon POINTS="1483 156 1461 156 1438 156 1416 156 1394 156 1371 156 1349 156 1327 156 1305 156 1282 156 1260 156 1238 156 1215 156 1193 156 1171 156 1148 156 1126 156 1104 156 1081 156 1059 156 1037 156 1015 156 992 156 970 156 948 156 925 156 903 156 881 156 858 156 861 203 861 234 954 218 1003 232 1006 232 1008 232 1097 218 1133 232 1135 232 1137 232 1139 232 1164 220 1220 232 1222 232 1224 232 1226 232 1226 229 1240 218 1508 232 1512 200 1508 156 1505 156"/></Shape>
	    <String CONTENT="AD I. PAVL. AD TIM"
                    HPOS="858"
                    VPOS="156"
                    WIDTH="654"
                    HEIGHT="78"></String>
          </TextLine>

          
        </TextBlock>
        
        <TextBlock HPOS="638"
                   VPOS="229"
                   WIDTH="1079"
                   HEIGHT="1887"
                   ID="block_2"
                   TAGREFS="BT10977">
          <Shape><Polygon POINTS="1717 229 1717 2116 638 2116 638 229"/></Shape>
          
          
          <TextLine ID="eSc_line_0362606c"
                    TAGREFS="LT4318"
                    BASELINE="713 281 1698 266" 
                    HPOS="712"
                    VPOS="215"
                    WIDTH="986"
                    HEIGHT="83">
            <Shape><Polygon POINTS="1693 240 1679 224 1671 218 1664 215 1662 215 1612 215 1610 215 1609 215 1607 215 1588 230 1585 230 1484 224 1482 224 1438 232 1430 232 1429 232 1403 220 1402 220 1359 220 1357 220 1356 220 1354 220 1354 221 1342 232 1340 232 1299 234 1264 232 1164 223 1143 223 1142 223 1140 223 1139 223 1139 224 1130 232 1125 236 1100 232 1045 224 1044 224 1042 224 1021 233 1005 240 972 240 960 233 948 226 947 226 945 226 944 226 905 233 867 240 850 233 837 227 835 227 834 227 804 229 803 229 801 229 795 233 785 242 712 234 713 281 713 298 1698 285 1698 266 1695 242 1693 240"/></Shape>
	    <String CONTENT="Iureiurando etiam ſuam vocationem confir¬"
                    HPOS="712"
                    VPOS="215"
                    WIDTH="986"
                    HEIGHT="83"
                    WC="0.996556729805179"></String>
          </TextLine>

          
          
          <TextLine ID="eSc_line_d1f76228"
                    TAGREFS="LT4318"
                    BASELINE="655 340 1699 325" 
                    HPOS="654"
                    VPOS="281"
                    WIDTH="1045"
                    HEIGHT="80">
            <Shape><Polygon POINTS="655 359 807 361 809 361 834 356 864 352 945 352 951 355 959 359 960 359 962 359 963 359 1030 353 1078 349 1151 350 1277 355 1279 355 1280 355 1305 348 1316 346 1381 346 1592 350 1594 350 1699 340 1699 325 1696 292 1630 281 1628 281 1627 281 1594 292 1591 294 1402 294 1400 292 1389 285 1387 285 1386 285 1384 285 1383 285 1356 292 1344 295 1293 292 1182 287 1180 287 1142 294 1127 295 1110 294 1072 288 1070 288 975 290 974 290 972 290 968 294 956 303 898 303 883 294 875 291 874 291 873 291 871 291 870 291 870 292 867 294 858 304 768 304 745 294 743 294 742 294 740 294 739 294 737 294 722 304 654 295 655 340"/></Shape>
	    <String CONTENT="mat, quod vocatio Gentium tunc res noua pror¬"
                    HPOS="654"
                    VPOS="281"
                    WIDTH="1045"
                    HEIGHT="80"
                    WC="0.973880361186134"></String>
          </TextLine>

          
          
          <TextLine ID="eSc_line_f63eae38"
                    TAGREFS="LT4318"
                    BASELINE="654 398 1696 385" 
                    HPOS="652"
                    VPOS="340"
                    WIDTH="1044"
                    HEIGHT="83">
            <Shape><Polygon POINTS="654 398 654 423 721 411 759 422 762 422 764 422 765 422 767 422 770 420 807 410 931 414 932 414 1052 407 1130 411 1186 416 1188 416 1189 416 1210 410 1232 404 1253 408 1274 414 1276 414 1277 414 1403 413 1405 413 1406 413 1418 406 1424 403 1457 404 1577 411 1579 411 1673 410 1674 410 1696 398 1696 385 1695 348 1683 340 1682 340 1680 340 1679 340 1677 340 1676 340 1661 349 1659 350 1570 350 1564 349 1537 340 1536 340 1534 340 1533 340 1531 340 1521 349 1518 352 1461 352 1445 349 1405 342 1403 342 1402 342 1381 349 1375 352 1372 349 1366 345 1365 345 1363 345 1362 345 1314 349 1301 350 1289 349 1241 343 1240 343 1238 343 1219 349 1201 355 1168 349 1137 345 1136 345 1134 345 1122 349 1107 356 1054 349 1024 346 1023 346 969 349 841 359 816 349 813 349 812 349 810 349 809 349 806 349 765 361 652 350 654 398"/></Shape>
	    <String CONTENT="ſus &amp; aliena à Dei conſilio cenſeretur, qui tanto"
                    HPOS="652"
                    VPOS="340"
                    WIDTH="1044"
                    HEIGHT="83"
                    WC="0.995843896865845"></String>
          </TextLine>

          
          
          <TextLine ID="eSc_line_da07042d"
                    TAGREFS="LT4318"
                    BASELINE="655 456 1702 446" 
                    HPOS="654"
                    VPOS="401"
                    WIDTH="1048"
                    HEIGHT="79">
            <Shape><Polygon POINTS="655 456 655 469 690 480 691 480 693 480 694 480 712 472 776 480 777 480 779 480 817 468 820 468 889 468 962 468 977 477 978 477 980 477 981 477 1049 466 1152 475 1154 475 1282 465 1319 474 1320 474 1322 474 1323 474 1325 474 1338 465 1399 474 1400 474 1402 474 1429 462 1525 472 1527 472 1594 471 1595 471 1619 461 1680 468 1682 468 1683 468 1702 458 1702 446 1699 411 1579 401 1577 401 1576 401 1574 401 1563 411 1496 411 1466 411 1464 411 1423 401 1421 401 1420 401 1418 401 1398 413 1396 413 1380 413 1253 403 1252 403 1161 406 1160 406 1158 406 1149 413 1148 414 1145 413 1113 406 1112 406 1110 406 1109 406 1107 406 1107 407 1100 414 1097 416 1088 414 1051 406 1049 406 1048 406 1020 414 1017 414 1014 414 972 406 971 406 969 406 953 414 947 417 938 414 917 407 916 407 865 407 864 407 862 407 861 407 850 414 844 419 706 419 694 416 669 408 667 408 666 408 664 408 654 413 655 456"/></Shape>
	    <String CONTENT="tempore ſolos Iudæos pro ſuo populo agnouerat"
                    HPOS="654"
                    VPOS="401"
                    WIDTH="1048"
                    HEIGHT="79"
                    WC="0.968229750792185"></String>
          </TextLine>

          
          
          <TextLine ID="eSc_line_45b0c090"
                    TAGREFS="LT4318"
                    BASELINE="657 516 1699 504" 
                    HPOS="655"
                    VPOS="459"
                    WIDTH="1044"
                    HEIGHT="76">
            <Shape><Polygon POINTS="657 516 657 527 768 535 770 535 771 535 773 535 786 527 789 526 844 526 1103 530 1105 530 1185 523 1206 522 1226 523 1299 527 1301 527 1389 522 1406 520 1411 520 1435 527 1436 527 1438 527 1698 517 1699 504 1696 474 1641 462 1640 462 1638 462 1622 471 1604 459 1603 459 1601 459 1600 459 1540 472 1533 475 1478 475 1473 472 1439 461 1438 461 1436 461 1435 461 1400 472 1390 477 1301 477 1047 472 1045 472 990 480 978 471 975 468 974 468 972 468 926 466 925 466 923 466 913 471 889 481 859 471 850 468 849 468 847 468 816 471 742 478 655 471 657 516"/></Shape>
	    <String CONTENT="&amp; res iſta eſſet magni momenti. Quamobrem"
                    HPOS="655"
                    VPOS="459"
                    WIDTH="1044"
                    HEIGHT="76"
                    WC="0.999766724865611"></String>
          </TextLine>

          
          
          <TextLine ID="eSc_line_91e39063"
                    TAGREFS="LT4318"
                    BASELINE="658 572 1699 562" 
                    HPOS="657"
                    VPOS="514"
                    WIDTH="1042"
                    HEIGHT="74">
            <Shape><Polygon POINTS="658 572 658 588 1371 588 1371 587 1427 580 1438 578 1453 578 1548 585 1549 585 1698 575 1699 562 1696 520 1667 514 1665 514 1632 520 1618 523 1606 520 1579 514 1577 514 1576 514 1574 514 1573 514 1563 522 1560 523 1557 522 1543 516 1542 516 1540 516 1509 522 1496 524 1453 523 1319 517 1317 517 1247 526 1232 527 1228 526 1210 519 1209 519 1115 519 1113 519 1112 519 1091 529 1090 530 996 530 974 530 962 520 960 520 959 520 957 520 956 520 920 530 919 530 917 530 838 522 837 522 835 522 834 522 823 530 813 522 812 522 810 522 809 522 807 522 764 532 682 523 681 523 679 523 657 532 658 572"/></Shape>
	    <String CONTENT="non videtur temerè &amp; de re nihili ſumptum à"
                    HPOS="657"
                    VPOS="514"
                    WIDTH="1042"
                    HEIGHT="74"
                    WC="0.995927423901028"></String>
          </TextLine>

          
          
          <TextLine ID="eSc_line_86136f24"
                    TAGREFS="LT4318"
                    BASELINE="658 630 1702 621" 
                    HPOS="657"
                    VPOS="575"
                    WIDTH="1045"
                    HEIGHT="71">
            <Shape><Polygon POINTS="658 630 658 646 1676 643 1677 643 1702 635 1702 621 1696 577 1682 584 1610 578 1580 575 1579 575 1564 578 1524 587 1482 580 1481 580 1479 580 1478 580 1466 588 1363 588 1353 580 1351 578 1350 578 1348 578 1305 578 1304 578 1302 578 1295 581 1277 590 1206 590 1189 582 1180 578 1179 578 1177 578 1176 578 1161 582 1136 590 1103 582 1085 580 1084 580 1055 584 1002 593 861 593 849 585 840 581 838 581 837 581 657 587 658 630"/></Shape>
	    <String CONTENT="Paulo Dei nomen. Similis autem iuramenti for¬"
                    HPOS="657"
                    VPOS="575"
                    WIDTH="1045"
                    HEIGHT="71"
                    WC="0.988913010226356"></String>
          </TextLine>

          
          
          <TextLine ID="eSc_line_c0d741c7"
                    TAGREFS="LT4318"
                    BASELINE="657 690 1699 679" 
                    HPOS="655"
                    VPOS="635"
                    WIDTH="1044"
                    HEIGHT="81">
            <Shape><Polygon POINTS="657 690 657 715 804 704 843 713 852 715 853 716 942 716 942 715 944 715 945 715 950 710 963 703 983 710 991 713 993 713 994 715 1076 715 1076 713 1078 713 1099 707 1124 701 1140 707 1154 712 1155 712 1157 712 1158 712 1173 706 1185 703 1195 706 1215 712 1216 712 1218 712 1219 712 1238 706 1256 700 1350 700 1354 703 1362 709 1362 710 1363 710 1365 710 1366 710 1368 710 1369 710 1378 703 1383 698 1414 698 1439 701 1499 709 1500 709 1557 698 1563 698 1570 698 1664 707 1665 707 1667 707 1699 696 1699 679 1698 643 1665 635 1664 635 1662 635 1589 643 1566 636 1564 636 1563 636 1525 645 1522 645 1519 645 1488 636 1487 636 1485 636 1433 645 1400 636 1399 636 1398 636 1396 636 1371 643 1268 638 1267 638 1265 638 1243 648 1241 648 1238 648 1204 639 1203 639 1201 639 1200 639 1198 639 1189 648 1188 648 1182 648 1082 640 1081 640 1079 640 1078 640 1066 649 1064 651 926 651 923 651 910 643 908 643 907 643 868 651 867 651 865 651 823 642 822 642 820 642 803 652 801 652 791 652 700 643 699 643 655 652 657 690"/></Shape>
	    <String CONTENT="mula eſt etiam apud eundem Paulum Romano."
                    HPOS="655"
                    VPOS="635"
                    WIDTH="1044"
                    HEIGHT="81"
                    WC="0.981655897163763"></String>
          </TextLine>

          
          
          <TextLine ID="eSc_line_026a0143"
                    TAGREFS="LT4318"
                    BASELINE="661 752 856 748" 
                    HPOS="660"
                    VPOS="698"
                    WIDTH="196"
                    HEIGHT="72">
            <Shape><Polygon POINTS="661 752 661 770 856 759 856 748 853 712 791 698 789 698 788 698 761 712 716 701 715 701 660 713 661 752"/></Shape>
	    <String CONTENT="9.verſ.1."
                    HPOS="660"
                    VPOS="698"
                    WIDTH="196"
                    HEIGHT="72"></String>
          </TextLine>

          
          
          <TextLine ID="eSc_line_5848dd77"
                    TAGREFS="LT4318"
                    BASELINE="713 807 1704 798" 
                    HPOS="712"
                    VPOS="746"
                    WIDTH="992"
                    HEIGHT="86">
            <Shape><Polygon POINTS="713 807 715 832 745 822 770 822 782 831 782 832 783 832 785 832 786 832 797 831 843 822 865 829 874 832 875 832 877 832 902 829 929 825 975 828 1041 831 1042 831 1044 831 1055 825 1069 819 1124 823 1180 829 1182 829 1183 829 1185 829 1194 823 1197 820 1203 822 1218 828 1219 828 1221 828 1222 828 1224 828 1231 822 1240 816 1374 816 1447 816 1454 817 1485 826 1487 826 1488 826 1637 817 1653 825 1655 825 1656 825 1658 825 1704 812 1704 798 1701 759 1607 746 1606 746 1604 746 1570 758 1436 748 1435 748 1433 748 1409 759 1351 749 1350 749 1348 749 1319 761 1301 749 1299 749 1298 749 1296 749 1295 749 1280 756 1261 749 1259 749 1258 749 1256 749 1232 759 1201 751 1200 751 1198 751 1197 751 1164 764 1078 764 1052 751 1051 751 1049 751 957 761 923 752 922 752 920 752 919 752 917 752 917 754 904 765 875 765 843 754 841 754 840 754 838 754 837 754 820 764 712 767 713 807"/></Shape>
	    <String CONTENT="Εν χρίστῳ dupliciter vel in Chriſto, id eſt, Chri¬"
                    HPOS="712"
                    VPOS="746"
                    WIDTH="992"
                    HEIGHT="86"></String>
          </TextLine>

          
          
          <TextLine ID="eSc_line_4dde693f"
                    TAGREFS="LT4318"
                    BASELINE="655 867 1702 858" 
                    HPOS="654"
                    VPOS="813"
                    WIDTH="1048"
                    HEIGHT="71">
            <Shape><Polygon POINTS="655 867 655 883 1069 884 1070 884 1125 878 1140 877 1148 878 1176 884 1177 884 1231 877 1247 875 1261 877 1311 883 1313 883 1427 875 1448 874 1457 874 1508 881 1509 881 1511 881 1534 874 1539 872 1701 872 1702 858 1701 822 1689 814 1688 814 1686 814 1685 814 1631 823 1630 823 1627 823 1577 813 1576 813 1574 813 1551 823 1549 823 1548 823 1514 814 1512 814 1511 814 1509 814 1508 814 1497 823 1494 825 1487 823 1441 814 1439 814 1400 823 1392 825 1375 823 1314 816 1313 816 1311 816 1310 816 1299 823 1292 828 1225 828 1218 823 1207 816 1206 816 1204 816 1203 816 1149 823 1122 826 1105 823 1075 817 1073 817 1038 823 997 829 938 823 899 819 898 819 896 819 886 823 868 829 837 823 829 822 828 822 826 822 825 822 825 823 813 831 777 823 764 820 762 820 654 822 655 867"/></Shape>
	    <String CONTENT="ſto linguam meam &amp; mentem dirigẽte, &amp; cõmo¬"
                    HPOS="654"
                    VPOS="813"
                    WIDTH="1048"
                    HEIGHT="71"
                    WC="0.991667665375604"></String>
          </TextLine>

          
          
          <TextLine ID="eSc_line_7a57c81f"
                    TAGREFS="LT4318"
                    BASELINE="657 925 1705 917" 
                    HPOS="655"
                    VPOS="871"
                    WIDTH="1050"
                    HEIGHT="76">
            <Shape><Polygon POINTS="657 925 657 947 1704 935 1705 917 1704 883 1665 871 1664 871 1662 871 1661 871 1659 871 1644 881 1570 871 1569 871 1567 871 1542 881 1531 872 1531 871 1530 871 1528 871 1496 871 1494 871 1493 871 1491 871 1476 883 1441 872 1439 872 1438 872 1338 883 1292 872 1290 872 1234 884 1229 884 1224 884 1151 877 1149 877 1148 877 1118 884 1116 884 1078 874 1076 874 1075 874 981 875 980 875 978 875 966 886 965 886 913 886 889 886 868 875 867 875 865 875 864 875 822 886 815 887 655 887 657 925"/></Shape>
	    <String CONTENT="uente: vel per Chriſtum, id eſt, teſte Chriſto i¬"
                    HPOS="655"
                    VPOS="871"
                    WIDTH="1050"
                    HEIGHT="76"
                    WC="0.986616500786373"></String>
          </TextLine>

          
          
          <TextLine ID="eSc_line_e79344c4"
                    TAGREFS="LT4318"
                    BASELINE="657 983 1704 972" 
                    HPOS="655"
                    VPOS="931"
                    WIDTH="1049"
                    HEIGHT="77">
            <Shape><Polygon POINTS="657 983 657 1008 713 1000 780 1006 789 1006 791 1006 792 1006 794 1006 807 997 844 1005 847 1005 849 1005 858 1005 968 996 1057 1000 1103 1003 1105 1003 1106 1003 1115 1000 1130 994 1189 999 1237 1002 1238 1002 1240 1002 1241 1002 1247 997 1256 993 1322 996 1400 1000 1402 1000 1441 994 1458 991 1472 993 1494 997 1496 997 1702 989 1704 972 1699 942 1551 942 1546 941 1519 931 1518 931 1453 931 1451 931 1450 931 1421 941 1417 942 1412 941 1390 932 1389 932 1387 932 1386 932 1384 932 1374 941 1369 944 1320 941 1279 938 1277 938 1276 938 1268 941 1252 945 1174 939 1096 935 1094 935 1093 935 1091 935 1091 936 1087 939 1078 947 1042 939 1036 939 1035 939 1030 939 996 947 987 939 983 936 983 935 981 935 980 935 954 935 953 935 951 935 950 935 944 939 939 942 875 939 840 938 838 938 826 939 759 950 730 939 727 938 725 938 724 938 655 938 657 983"/></Shape>
	    <String CONTENT="pſo, quem huius rei &amp; meæ vocationis &amp; mune¬"
                    HPOS="655"
                    VPOS="931"
                    WIDTH="1049"
                    HEIGHT="77"
                    WC="0.999217916618694"></String>
          </TextLine>

          
          
          <TextLine ID="eSc_line_96cc93ec"
                    TAGREFS="LT4318"
                    BASELINE="655 1044 1707 1035" 
                    HPOS="654"
                    VPOS="986"
                    WIDTH="1053"
                    HEIGHT="81">
            <Shape><Polygon POINTS="655 1044 655 1064 725 1058 752 1064 764 1067 765 1067 767 1067 791 1064 846 1057 901 1064 919 1066 920 1066 922 1066 923 1066 925 1064 935 1057 990 1063 991 1063 993 1063 1008 1055 1069 1063 1081 1064 1082 1064 1084 1064 1088 1063 1110 1055 1273 1063 1296 1063 1298 1063 1304 1063 1356 1052 1380 1061 1381 1061 1383 1061 1432 1052 1704 1060 1707 1035 1702 986 1610 997 1540 989 1528 987 1527 987 1525 987 1521 989 1496 999 1390 991 1351 989 1350 989 1348 989 1334 991 1301 1002 1168 1002 1137 996 1112 991 1110 991 1109 991 1094 997 1081 1002 1064 997 1044 991 1042 991 1041 991 1039 991 1038 991 1027 999 1024 1000 1020 999 1002 991 1000 991 999 991 997 991 977 999 972 1000 959 999 889 993 887 993 840 1002 823 1005 815 1002 792 994 791 994 789 994 788 994 786 994 774 1003 773 1003 751 997 749 997 748 997 654 1005 655 1044"/></Shape>
	    <String CONTENT="ris teſtem produco. In qua poſtrema ſententia"
                    HPOS="654"
                    VPOS="986"
                    WIDTH="1053"
                    HEIGHT="81"
                    WC="0.980323832564884"></String>
          </TextLine>

          
          
          <TextLine ID="eSc_line_4c307444"
                    TAGREFS="LT4318"
                    BASELINE="654 1100 1707 1094" 
                    HPOS="652"
                    VPOS="1048"
                    WIDTH="1055"
                    HEIGHT="76">
            <Shape><Polygon POINTS="654 1100 654 1113 752 1124 754 1124 794 1116 886 1124 887 1124 889 1124 910 1115 938 1122 939 1122 941 1122 977 1115 983 1113 989 1115 1014 1122 1015 1122 1017 1122 1018 1122 1049 1115 1057 1113 1078 1115 1167 1122 1168 1122 1170 1122 1197 1115 1210 1112 1337 1112 1350 1115 1372 1121 1374 1121 1375 1122 1433 1122 1433 1121 1435 1121 1436 1121 1442 1115 1445 1113 1705 1115 1707 1094 1704 1057 1460 1048 1458 1048 1457 1048 1438 1058 1436 1058 1421 1058 1319 1049 1317 1049 1316 1049 1295 1058 1293 1058 1273 1058 942 1051 941 1051 939 1051 913 1061 910 1061 887 1061 761 1054 759 1054 758 1054 757 1054 746 1061 745 1063 652 1063 654 1100"/></Shape>
	    <String CONTENT="conueniunt docti interpretes. Quæritur autem"
                    HPOS="652"
                    VPOS="1048"
                    WIDTH="1055"
                    HEIGHT="76"
                    WC="0.977571165019816"></String>
          </TextLine>

          
          
          <TextLine ID="eSc_line_c261ad5d"
                    TAGREFS="LT4318"
                    BASELINE="655 1160 1702 1151" 
                    HPOS="654"
                    VPOS="1107"
                    WIDTH="1048"
                    HEIGHT="73">
            <Shape><Polygon POINTS="655 1160 655 1173 1002 1180 1003 1180 1042 1174 1072 1170 1140 1174 1191 1177 1192 1177 1194 1177 1201 1174 1218 1168 1246 1174 1262 1177 1264 1177 1265 1177 1267 1177 1270 1174 1280 1168 1353 1174 1374 1176 1375 1176 1377 1176 1380 1174 1398 1167 1420 1174 1424 1176 1426 1176 1427 1176 1429 1176 1430 1176 1430 1174 1439 1167 1453 1174 1454 1174 1456 1174 1457 1174 1476 1167 1512 1174 1519 1176 1521 1176 1522 1176 1524 1176 1524 1174 1537 1165 1554 1174 1555 1174 1557 1174 1558 1174 1589 1167 1604 1174 1606 1174 1607 1176 1701 1176 1702 1151 1698 1115 1442 1115 1441 1115 1409 1107 1408 1107 1406 1107 1359 1115 1350 1116 1329 1116 1210 1109 1209 1109 1207 1109 1179 1116 1171 1118 1149 1116 1072 1110 1070 1110 1021 1116 1002 1119 991 1118 972 1112 971 1112 969 1112 936 1118 923 1119 911 1118 883 1112 838 1112 837 1112 835 1112 834 1112 825 1118 820 1121 809 1118 792 1113 791 1113 789 1113 788 1113 777 1118 770 1121 654 1119 655 1160"/></Shape>
	    <String CONTENT="Num verò tunc per creaturas iuretur, quum per"
                    HPOS="654"
                    VPOS="1107"
                    WIDTH="1048"
                    HEIGHT="73"
                    WC="0.976303371398345"></String>
          </TextLine>

          
          
          <TextLine ID="eSc_line_ef31ebf5"
                    TAGREFS="LT4318"
                    BASELINE="657 1216 1704 1210" 
                    HPOS="655"
                    VPOS="1164"
                    WIDTH="1049"
                    HEIGHT="74">
            <Shape><Polygon POINTS="657 1216 657 1231 834 1238 835 1238 1076 1229 1090 1229 1094 1229 1160 1237 1161 1237 1426 1228 1436 1235 1438 1235 1439 1235 1441 1235 1442 1235 1444 1235 1456 1226 1458 1226 1536 1226 1537 1226 1546 1234 1548 1234 1549 1234 1551 1234 1702 1225 1704 1210 1699 1168 1607 1173 1600 1168 1592 1165 1591 1165 1589 1165 1588 1165 1577 1168 1569 1173 1558 1170 1545 1164 1543 1164 1542 1164 1512 1170 1494 1173 1478 1170 1444 1164 1442 1164 1441 1164 1420 1171 1414 1173 1412 1171 1406 1165 1405 1165 1403 1165 1296 1165 1295 1165 1255 1173 1244 1174 1234 1173 1195 1165 1194 1165 1130 1167 1128 1167 1127 1167 1116 1174 1115 1176 1107 1174 1073 1167 1072 1167 1070 1167 1054 1174 1051 1177 810 1177 789 1168 788 1168 786 1168 743 1176 712 1168 710 1168 709 1168 655 1179 657 1216"/></Shape>
	    <String CONTENT="Chriſtum iuratur. Sed reſponſio facilis eſt. Non"
                    HPOS="655"
                    VPOS="1164"
                    WIDTH="1049"
                    HEIGHT="74"
                    WC="0.982080770035585"></String>
          </TextLine>

          
          
          <TextLine ID="eSc_line_64349ec2"
                    TAGREFS="LT4318"
                    BASELINE="655 1277 1702 1268" 
                    HPOS="654"
                    VPOS="1222"
                    WIDTH="1048"
                    HEIGHT="76">
            <Shape><Polygon POINTS="655 1277 655 1289 828 1298 829 1298 919 1290 953 1287 968 1290 999 1296 1000 1296 1029 1290 1036 1289 1052 1290 1097 1295 1099 1295 1100 1295 1110 1290 1119 1286 1176 1286 1182 1290 1185 1293 1186 1293 1188 1293 1189 1293 1221 1290 1264 1286 1277 1290 1286 1293 1287 1293 1289 1293 1290 1293 1296 1290 1308 1284 1337 1290 1351 1293 1353 1293 1354 1293 1363 1290 1381 1283 1435 1283 1444 1290 1445 1290 1447 1290 1448 1290 1450 1290 1451 1290 1461 1283 1500 1289 1502 1289 1560 1281 1699 1290 1702 1268 1699 1234 1540 1234 1522 1222 1521 1222 1519 1222 1463 1222 1461 1222 1460 1222 1435 1234 1432 1234 1424 1234 1354 1223 1353 1223 1304 1234 1292 1235 1282 1234 1259 1228 1258 1228 1256 1228 1203 1234 1165 1237 1136 1234 1073 1225 1072 1225 1011 1232 942 1226 941 1226 939 1226 925 1234 920 1235 911 1234 883 1226 881 1226 880 1226 878 1226 852 1234 826 1241 789 1241 774 1234 762 1228 761 1228 759 1228 758 1228 748 1234 734 1241 699 1241 685 1234 673 1228 672 1228 670 1228 669 1228 654 1232 655 1277"/></Shape>
	    <String CONTENT="iurari, quia Chriſtus non tantùm eſt homo &amp;"
                    HPOS="654"
                    VPOS="1222"
                    WIDTH="1048"
                    HEIGHT="76"
                    WC="0.98559391904961"></String>
          </TextLine>

          
          
          <TextLine ID="eSc_line_c32419b9"
                    TAGREFS="LT4318"
                    BASELINE="655 1337 1707 1328" 
                    HPOS="654"
                    VPOS="1279"
                    WIDTH="1053"
                    HEIGHT="78">
            <Shape><Polygon POINTS="655 1337 655 1357 693 1350 822 1356 823 1356 825 1356 1038 1347 1087 1354 1091 1354 1093 1354 1100 1354 1180 1345 1195 1353 1197 1353 1198 1353 1200 1353 1225 1345 1405 1351 1417 1351 1418 1351 1420 1351 1421 1351 1432 1344 1472 1351 1478 1351 1479 1351 1485 1351 1530 1342 1552 1350 1554 1350 1555 1350 1707 1348 1707 1328 1704 1290 1616 1290 1616 1289 1603 1279 1601 1279 1600 1279 1598 1279 1546 1289 1545 1289 1453 1279 1451 1279 1450 1279 1429 1289 1427 1290 1424 1289 1405 1279 1403 1279 1402 1279 1400 1279 1374 1289 1338 1280 1337 1280 1335 1280 1334 1280 1316 1289 1313 1290 1307 1289 1271 1280 1270 1280 1268 1280 1267 1280 1250 1289 1244 1292 1225 1289 1188 1283 1186 1283 1185 1283 1168 1289 1161 1292 1158 1289 1151 1283 1151 1281 1149 1281 1148 1281 1146 1281 1110 1283 1109 1283 1107 1283 1107 1284 1102 1289 1096 1293 1067 1289 1021 1281 1020 1281 989 1289 963 1295 954 1289 947 1283 945 1283 944 1283 875 1283 874 1283 873 1283 871 1283 865 1289 856 1296 828 1296 654 1289 655 1337"/></Shape>
	    <String CONTENT="creatura: ſed etiam Deus. Deinde hîc videtur"
                    HPOS="654"
                    VPOS="1279"
                    WIDTH="1053"
                    HEIGHT="78"
                    WC="0.983379862043593"></String>
          </TextLine>

          
          
          <TextLine ID="eSc_line_a9d1d133"
                    TAGREFS="LT4318"
                    BASELINE="660 1392 1707 1383" 
                    HPOS="658"
                    VPOS="1337"
                    WIDTH="1049"
                    HEIGHT="80">
            <Shape><Polygon POINTS="660 1392 660 1411 785 1408 794 1409 820 1417 822 1417 823 1417 825 1417 826 1417 838 1409 840 1409 878 1415 880 1415 881 1415 910 1408 920 1405 1054 1405 1057 1406 1064 1412 1066 1412 1067 1412 1069 1412 1124 1405 1133 1405 1139 1405 1179 1414 1180 1414 1337 1403 1359 1402 1377 1402 1528 1411 1530 1411 1607 1400 1662 1409 1664 1409 1665 1409 1707 1397 1707 1383 1704 1350 1662 1350 1662 1348 1650 1339 1650 1338 1649 1338 1647 1338 1646 1338 1555 1347 1543 1338 1543 1337 1542 1337 1540 1337 1539 1337 1487 1348 1479 1351 1375 1351 1372 1348 1351 1339 1350 1339 1348 1339 1347 1339 1311 1348 1298 1351 1235 1351 1231 1348 1218 1339 1216 1339 1215 1339 1213 1339 1171 1348 1149 1354 1107 1354 1099 1348 1088 1341 1087 1341 1085 1341 1084 1341 1047 1348 1030 1351 1024 1348 1009 1341 1008 1341 1006 1341 923 1348 831 1357 810 1357 801 1348 797 1345 797 1344 795 1344 794 1344 792 1344 658 1347 660 1392"/></Shape>
	    <String CONTENT="Chriſtus potius teſtis, quàm iudex produci. Te¬"
                    HPOS="658"
                    VPOS="1337"
                    WIDTH="1049"
                    HEIGHT="80"
                    WC="0.988105555375417"></String>
          </TextLine>

          
          
          <TextLine ID="eSc_line_2191ca22"
                    TAGREFS="LT4318"
                    BASELINE="657 1453 1704 1445" 
                    HPOS="655"
                    VPOS="1397"
                    WIDTH="1049"
                    HEIGHT="81">
            <Shape><Polygon POINTS="657 1453 657 1467 721 1467 731 1475 733 1475 734 1475 736 1475 820 1466 832 1475 832 1476 834 1476 835 1476 837 1478 865 1478 865 1476 960 1464 965 1464 968 1464 1066 1475 1067 1475 1069 1475 1093 1463 1094 1463 1097 1463 1146 1473 1148 1473 1289 1461 1299 1461 1305 1461 1354 1469 1356 1469 1357 1469 1377 1463 1386 1472 1387 1472 1389 1472 1390 1472 1392 1472 1433 1461 1679 1470 1680 1470 1682 1470 1704 1458 1704 1445 1702 1409 1676 1397 1674 1397 1673 1397 1671 1397 1652 1408 1588 1400 1586 1400 1533 1408 1516 1397 1515 1397 1514 1397 1512 1397 1389 1408 1374 1409 1369 1408 1337 1399 1335 1399 1334 1399 1250 1408 1222 1412 1163 1412 1155 1408 1142 1400 1140 1400 1139 1400 1093 1408 1066 1412 1052 1408 1036 1402 1035 1402 1033 1402 1032 1402 1021 1408 1011 1414 987 1414 981 1408 975 1403 975 1402 974 1402 972 1402 971 1402 914 1408 855 1414 840 1408 829 1403 828 1403 826 1403 825 1403 823 1403 819 1408 809 1414 655 1408 657 1453"/></Shape>
	    <String CONTENT="ſtes verò poſſunt à nobis, vt à Prophetis, appel¬"
                    HPOS="655"
                    VPOS="1397"
                    WIDTH="1049"
                    HEIGHT="81"
                    WC="0.993113017999209"></String>
          </TextLine>

          
          
          <TextLine ID="eSc_line_a3347fd8"
                    TAGREFS="LT4318"
                    BASELINE="657 1509 1594 1505" 
                    HPOS="655"
                    VPOS="1460"
                    WIDTH="939"
                    HEIGHT="65">
            <Shape><Polygon POINTS="657 1509 657 1524 1591 1525 1594 1505 1591 1473 1512 1460 1386 1460 1384 1460 1323 1470 1316 1472 1313 1470 1289 1460 1287 1460 1286 1460 1284 1460 1265 1470 1258 1475 1204 1475 1195 1470 1177 1463 1176 1463 1174 1463 1145 1470 1127 1475 1030 1475 1023 1469 1020 1466 1018 1466 1017 1466 1015 1466 1000 1469 983 1473 977 1469 971 1464 971 1463 969 1463 968 1463 966 1463 965 1463 963 1463 954 1469 942 1476 832 1476 825 1467 820 1464 820 1463 819 1463 817 1463 816 1463 815 1463 797 1467 770 1476 748 1476 740 1467 736 1464 736 1463 734 1463 733 1463 731 1463 655 1466 657 1509"/></Shape>
	    <String CONTENT="lari etiam mutæ creaturæ, nedum Chriſtus."
                    HPOS="655"
                    VPOS="1460"
                    WIDTH="939"
                    HEIGHT="65"
                    WC="0.993110787577745"></String>
          </TextLine>

          
          
          <TextLine ID="eSc_line_d878fddc"
                    TAGREFS="LT4318"
                    BASELINE="715 1570 1705 1561" 
                    HPOS="713"
                    VPOS="1512"
                    WIDTH="992"
                    HEIGHT="77">
            <Shape><Polygon POINTS="715 1570 715 1583 1020 1589 1021 1589 1047 1583 1063 1580 1072 1583 1079 1588 1081 1588 1082 1589 1206 1589 1206 1588 1226 1583 1255 1579 1319 1583 1350 1586 1351 1586 1378 1583 1432 1579 1488 1583 1502 1585 1503 1585 1505 1585 1506 1583 1521 1577 1534 1583 1536 1585 1537 1585 1539 1585 1546 1583 1591 1576 1702 1583 1705 1561 1699 1512 1662 1524 1625 1513 1619 1512 1618 1512 1616 1512 1615 1512 1609 1513 1576 1524 1534 1516 1533 1516 1531 1516 1530 1516 1518 1525 1444 1518 1403 1513 1402 1513 1400 1513 1390 1518 1383 1522 1375 1519 1365 1515 1363 1515 1362 1515 1277 1518 1276 1518 1274 1518 1270 1521 1261 1527 1209 1522 1134 1516 1133 1516 1131 1516 1130 1516 1130 1518 1122 1524 1118 1530 1041 1531 983 1531 978 1528 959 1518 957 1518 956 1518 954 1518 935 1528 932 1530 931 1528 907 1518 905 1518 904 1518 902 1518 870 1528 755 1519 754 1519 752 1519 713 1533 715 1570"/></Shape>
	    <String CONTENT="Addit denique in Fide, &amp; Veritate. Quibus"
                    HPOS="713"
                    VPOS="1512"
                    WIDTH="992"
                    HEIGHT="77"
                    WC="0.992446688617148"></String>
          </TextLine>

          
          
          <TextLine ID="eSc_line_1eff2936"
                    TAGREFS="LT4318"
                    BASELINE="658 1628 1707 1619" 
                    HPOS="657"
                    VPOS="1579"
                    WIDTH="1050"
                    HEIGHT="70">
            <Shape><Polygon POINTS="658 1628 658 1640 693 1640 694 1640 703 1649 704 1649 706 1649 707 1649 795 1641 841 1647 843 1647 844 1647 846 1647 855 1638 856 1638 960 1638 962 1638 974 1647 975 1647 977 1647 978 1647 1054 1637 1061 1637 1069 1637 1157 1646 1158 1646 1221 1638 1530 1643 1531 1643 1533 1643 1563 1632 1566 1632 1573 1632 1650 1641 1652 1641 1705 1631 1707 1619 1702 1579 1488 1589 1463 1582 1450 1579 1448 1579 1447 1579 1445 1579 1444 1579 1439 1583 1430 1591 1354 1591 1329 1585 1308 1580 1307 1580 1282 1586 1259 1592 1213 1592 1209 1588 1201 1582 1201 1580 1200 1580 1198 1580 1197 1580 1195 1580 1179 1588 1171 1591 1165 1588 1149 1582 1148 1582 1146 1582 1145 1582 1118 1589 1113 1589 1106 1589 1030 1582 1029 1582 1027 1582 1026 1582 1017 1591 1015 1591 972 1583 971 1583 969 1583 968 1583 968 1585 959 1592 956 1594 929 1592 815 1585 813 1585 812 1585 810 1585 810 1586 800 1595 782 1585 780 1585 721 1585 719 1585 718 1585 716 1585 706 1595 657 1597 658 1628"/></Shape>
	    <String CONTENT="verbis &amp; eam doctrinam confirmat, quam Gen¬"
                    HPOS="657"
                    VPOS="1579"
                    WIDTH="1050"
                    HEIGHT="70"
                    WC="0.997513733630957"></String>
          </TextLine>

          
          
          <TextLine ID="eSc_line_bd2fafd7"
                    TAGREFS="LT4318"
                    BASELINE="658 1686 1708 1679" 
                    HPOS="657"
                    VPOS="1634"
                    WIDTH="1051"
                    HEIGHT="74">
            <Shape><Polygon POINTS="658 1686 658 1704 704 1708 706 1708 707 1708 725 1704 745 1699 788 1702 847 1708 849 1708 850 1708 852 1708 861 1702 870 1698 942 1698 965 1701 1003 1707 1005 1707 1051 1699 1079 1696 1107 1699 1158 1705 1160 1705 1279 1698 1302 1696 1305 1696 1325 1704 1326 1704 1328 1704 1329 1704 1331 1704 1341 1696 1342 1696 1344 1696 1363 1704 1365 1704 1366 1704 1406 1696 1415 1695 1432 1696 1516 1702 1518 1702 1519 1702 1549 1695 1555 1693 1569 1693 1655 1702 1656 1702 1707 1692 1708 1679 1705 1646 1619 1634 1618 1634 1616 1634 1583 1644 1552 1634 1551 1634 1549 1634 1548 1634 1546 1634 1530 1646 1383 1646 1341 1635 1340 1635 1338 1635 1337 1635 1310 1646 1289 1635 1287 1635 1286 1635 1284 1635 1252 1647 1210 1637 1209 1637 1207 1637 1206 1637 1177 1649 1107 1649 1079 1637 1078 1637 1076 1637 1015 1646 936 1638 935 1638 933 1638 932 1638 917 1649 840 1640 838 1640 837 1640 835 1640 820 1650 771 1650 761 1640 759 1640 758 1640 757 1640 755 1640 728 1650 666 1643 664 1643 663 1643 661 1643 661 1644 657 1647 658 1686"/></Shape>
	    <String CONTENT="tes docebat cùm fidem appellat: &amp; animi ſui ſyn¬"
                    HPOS="657"
                    VPOS="1634"
                    WIDTH="1051"
                    HEIGHT="74"
                    WC="0.966180519181855"></String>
          </TextLine>

          
          
          <TextLine ID="eSc_line_0d64178d"
                    TAGREFS="LT4318"
                    BASELINE="660 1744 1705 1738" 
                    HPOS="658"
                    VPOS="1695"
                    WIDTH="1047"
                    HEIGHT="71">
            <Shape><Polygon POINTS="660 1744 660 1757 917 1766 919 1766 959 1759 981 1756 1008 1760 1036 1763 1038 1763 1075 1760 1115 1756 1131 1760 1148 1765 1149 1765 1151 1765 1195 1760 1255 1754 1270 1760 1276 1763 1277 1763 1279 1763 1292 1760 1317 1756 1372 1762 1399 1763 1400 1763 1411 1762 1448 1753 1563 1753 1572 1760 1573 1760 1574 1760 1702 1762 1705 1738 1702 1707 1600 1707 1551 1695 1549 1695 1548 1695 1528 1704 1478 1698 1476 1698 1417 1708 1387 1708 1375 1698 1375 1696 1374 1696 1372 1696 1371 1696 1249 1698 1247 1698 1246 1698 1232 1707 1116 1698 1115 1698 1113 1698 1085 1708 991 1698 990 1698 989 1698 966 1708 922 1698 920 1698 919 1698 917 1698 917 1699 904 1710 800 1701 798 1701 728 1710 693 1701 691 1701 690 1701 688 1701 658 1711 660 1744"/></Shape>
	    <String CONTENT="ceritatem, cùm huic fidei veritatem coniungit."
                    HPOS="658"
                    VPOS="1695"
                    WIDTH="1047"
                    HEIGHT="71"
                    WC="0.982105238640562"></String>
          </TextLine>

          
          
          <TextLine ID="eSc_line_c2b4408d"
                    TAGREFS="LT4318"
                    BASELINE="658 1804 1711 1796" 
                    HPOS="657"
                    VPOS="1751"
                    WIDTH="1054"
                    HEIGHT="72">
            <Shape><Polygon POINTS="658 1804 658 1823 825 1814 861 1823 864 1823 865 1823 867 1823 871 1823 916 1812 968 1812 978 1821 980 1821 981 1821 983 1821 984 1821 1035 1812 1052 1821 1054 1821 1055 1821 1058 1821 1097 1812 1195 1818 1197 1818 1198 1818 1219 1811 1259 1820 1261 1820 1262 1820 1395 1820 1424 1818 1528 1808 1560 1817 1561 1817 1563 1817 1606 1808 1708 1817 1711 1796 1707 1757 1624 1762 1613 1757 1601 1751 1600 1751 1598 1751 1552 1757 1536 1759 1525 1757 1500 1751 1499 1751 1497 1751 1475 1757 1450 1763 1426 1757 1405 1753 1403 1753 1402 1753 1400 1753 1395 1757 1390 1762 1372 1757 1359 1754 1357 1754 1356 1754 1354 1754 1347 1757 1332 1765 1168 1765 1149 1759 1139 1754 1137 1754 1136 1754 1134 1754 1133 1754 1128 1759 1119 1765 1084 1759 1082 1759 1081 1759 1079 1759 1078 1759 1067 1766 1048 1759 1041 1756 1039 1756 1038 1756 1036 1756 1026 1759 997 1766 969 1759 959 1756 957 1756 956 1756 928 1759 853 1768 657 1760 658 1804"/></Shape>
	    <String CONTENT="His autem verbis breuiter comprehenſa eſt veri"
                    HPOS="657"
                    VPOS="1751"
                    WIDTH="1054"
                    HEIGHT="72"
                    WC="0.977426705153092"></String>
          </TextLine>

          
          
          <TextLine ID="eSc_line_6bfd2214"
                    TAGREFS="LT4318"
                    BASELINE="657 1862 1708 1853" 
                    HPOS="655"
                    VPOS="1805"
                    WIDTH="1053"
                    HEIGHT="79">
            <Shape><Polygon POINTS="657 1862 657 1884 731 1876 788 1882 789 1882 832 1872 1152 1872 1170 1879 1173 1879 1174 1879 1176 1879 1177 1879 1180 1878 1201 1872 1705 1872 1708 1853 1705 1817 1612 1808 1610 1808 1609 1808 1573 1817 1545 1805 1543 1805 1542 1805 1487 1818 1484 1818 1482 1818 1467 1805 1466 1805 1464 1805 1429 1805 1427 1805 1426 1805 1400 1818 1398 1820 1351 1820 1341 1818 1304 1812 1302 1812 1238 1817 1222 1806 1221 1806 1219 1806 1218 1806 1216 1806 1180 1820 1174 1821 1170 1820 1134 1808 1133 1808 1076 1808 1075 1808 1073 1808 1072 1808 1052 1821 1051 1821 1048 1821 1008 1809 1006 1809 1005 1809 1003 1809 1002 1809 1002 1811 990 1821 987 1824 960 1824 957 1821 944 1809 942 1809 941 1809 878 1809 877 1809 875 1809 844 1821 825 1811 823 1811 822 1811 820 1811 785 1823 783 1823 770 1812 768 1812 767 1812 728 1811 727 1811 725 1811 701 1823 699 1824 655 1824 657 1862"/></Shape>
	    <String CONTENT="paſtoris definitio. Eſt enim is, qui in Eccleſia"
                    HPOS="655"
                    VPOS="1805"
                    WIDTH="1053"
                    HEIGHT="79"
                    WC="0.987680262575547"></String>
          </TextLine>

          
          
          <TextLine ID="eSc_line_92186af0"
                    TAGREFS="LT4318"
                    BASELINE="657 1921 1710 1914" 
                    HPOS="655"
                    VPOS="1869"
                    WIDTH="1055"
                    HEIGHT="67">
            <Shape><Polygon POINTS="657 1921 657 1934 1435 1936 1436 1936 1438 1936 1464 1928 1481 1936 1482 1936 1484 1936 1485 1936 1509 1927 1512 1927 1534 1927 1683 1934 1685 1934 1686 1934 1710 1925 1710 1914 1708 1881 1670 1869 1668 1869 1667 1869 1622 1879 1591 1869 1589 1869 1588 1869 1586 1869 1585 1869 1569 1879 1508 1869 1506 1869 1505 1869 1503 1869 1484 1881 1478 1881 1344 1870 1342 1870 1341 1870 1340 1870 1326 1881 1326 1882 1276 1882 1265 1881 1197 1872 1195 1872 1194 1872 1192 1872 1192 1873 1182 1882 1180 1882 1170 1882 1110 1876 1109 1876 1014 1882 981 1884 978 1882 968 1873 966 1873 965 1873 867 1873 865 1873 864 1873 838 1882 834 1884 828 1882 800 1875 798 1875 797 1875 795 1875 770 1882 767 1884 765 1882 755 1875 754 1875 752 1875 751 1875 655 1882 657 1921"/></Shape>
	    <String CONTENT="Dei legitimè vocatus docet fidem, id eſt, ſa¬"
                    HPOS="655"
                    VPOS="1869"
                    WIDTH="1055"
                    HEIGHT="67"
                    WC="0.994133920773216"></String>
          </TextLine>

          
          
          <TextLine ID="eSc_line_25ef0a69"
                    TAGREFS="LT4318"
                    BASELINE="655 1979 1707 1970" 
                    HPOS="654"
                    VPOS="1927"
                    WIDTH="1053"
                    HEIGHT="76">
            <Shape><Polygon POINTS="655 1979 655 1994 828 2003 829 2003 881 1995 890 1994 893 1995 905 2001 907 2001 908 2001 910 2001 925 1995 932 1992 951 1995 984 2000 986 2000 987 2000 997 1995 1006 1991 1154 1991 1165 1995 1177 2000 1179 2000 1180 2000 1348 1995 1350 1995 1351 1995 1351 1994 1359 1988 1386 1995 1387 1995 1389 1995 1390 1995 1412 1988 1475 1994 1476 1994 1631 1986 1704 1995 1707 1970 1702 1937 1615 1937 1613 1937 1582 1927 1580 1927 1579 1927 1522 1937 1508 1928 1506 1928 1505 1928 1436 1928 1435 1928 1433 1928 1432 1928 1417 1939 1414 1939 1362 1933 1360 1933 1326 1940 1322 1940 1320 1940 1302 1930 1301 1930 1299 1930 1298 1930 1273 1939 1255 1930 1253 1930 1252 1930 1250 1930 1249 1930 1249 1931 1237 1940 1215 1934 1213 1934 1212 1934 1173 1942 1168 1942 1167 1942 1155 1931 1154 1931 1152 1931 1124 1931 1122 1931 1121 1931 1119 1931 1119 1933 1109 1942 1107 1943 1052 1943 1051 1942 1011 1931 1009 1931 1008 1931 1006 1931 1005 1931 991 1942 956 1936 954 1936 893 1943 892 1943 890 1943 849 1933 847 1933 846 1933 844 1933 815 1943 806 1934 804 1934 803 1934 801 1934 748 1943 699 1934 697 1934 654 1945 655 1979"/></Shape>
	    <String CONTENT="nam doctrinam in veritate.i.ſana coſciẽtia &amp; re¬"
                    HPOS="654"
                    VPOS="1927"
                    WIDTH="1053"
                    HEIGHT="76"></String>
          </TextLine>

          
          
          <TextLine ID="eSc_line_0133c850"
                    TAGREFS="LT4318"
                    BASELINE="658 2040 1717 2033" 
                    HPOS="657"
                    VPOS="1985"
                    WIDTH="1060"
                    HEIGHT="89">
            <Shape><Polygon POINTS="658 2040 658 2061 757 2061 776 2070 777 2070 779 2070 780 2070 782 2070 791 2062 822 2068 823 2068 870 2062 887 2059 895 2062 911 2068 913 2068 914 2068 965 2062 969 2062 990 2073 991 2073 993 2074 1051 2074 1051 2073 1052 2073 1054 2073 1067 2062 1069 2061 1121 2058 1131 2064 1136 2065 1137 2065 1139 2065 1171 2064 1221 2061 1228 2064 1241 2071 1243 2071 1244 2073 1290 2073 1290 2071 1292 2071 1308 2065 1325 2058 1347 2065 1363 2070 1365 2070 1366 2070 1368 2070 1386 2065 1409 2059 1444 2065 1467 2070 1469 2070 1634 2068 1635 2068 1637 2068 1638 2067 1655 2055 1667 2065 1668 2065 1670 2065 1716 2067 1717 2033 1714 1997 1580 1997 1514 1985 1512 1985 1511 1985 1509 1985 1491 1997 1362 1986 1360 1986 1359 1986 1357 1986 1345 1995 1317 1991 1316 1991 1314 1991 1292 2000 1142 2000 1110 1988 1109 1988 1107 1988 1106 1988 1105 1988 1096 1995 1012 1989 1011 1989 1009 1989 969 2000 960 1992 959 1992 957 1992 956 1992 954 1992 935 1998 874 1989 873 1989 822 2001 779 1991 777 1991 776 1991 719 1998 675 1991 673 1991 672 1991 670 1991 657 2000 658 2040"/></Shape>
	    <String CONTENT="cto fine. Quam definitionem confirmat Petrus 1."
                    HPOS="657"
                    VPOS="1985"
                    WIDTH="1060"
                    HEIGHT="89"
                    WC="0.986273887309622"></String>
          </TextLine>

          
          
          <TextLine ID="eSc_line_b83b0c89"
                    TAGREFS="LT4318"
                    BASELINE="663 2098 1003 2092" 
                    HPOS="661"
                    VPOS="2046"
                    WIDTH="342"
                    HEIGHT="94">
            <Shape><Polygon POINTS="663 2098 663 2123 693 2123 701 2131 701 2132 703 2132 704 2132 706 2132 740 2126 770 2138 771 2138 773 2138 774 2138 776 2138 776 2137 791 2123 792 2122 817 2122 822 2123 861 2140 862 2140 864 2140 956 2138 957 2138 986 2123 991 2120 1000 2123 1003 2092 999 2058 902 2058 896 2055 884 2046 883 2046 881 2046 880 2046 829 2053 786 2059 661 2050 663 2098"/></Shape>
	    <String CONTENT="Pet.5.verſ.2.3.4."
                    HPOS="661"
                    VPOS="2046"
                    WIDTH="342"
                    HEIGHT="94"></String>
          </TextLine>

          
        </TextBlock>
        
        <TextBlock HPOS="1471"
                   VPOS="2095"
                   WIDTH="245"
                   HEIGHT="78"
                   ID="block_1"
                   TAGREFS="BT10978">
          <Shape><Polygon POINTS="1716 2095 1716 2173 1471 2173 1471 2095"/></Shape>
          
          
          <TextLine ID="eSc_line_bd7b27a1"
                    TAGREFS="LT4318"
                    BASELINE="1488 2152 1713 2149" 
                    HPOS="1487"
                    VPOS="2094"
                    WIDTH="226"
                    HEIGHT="99">
            <Shape><Polygon POINTS="1488 2152 1488 2177 1515 2190 1516 2190 1518 2190 1519 2190 1521 2190 1521 2189 1533 2178 1537 2175 1558 2175 1622 2178 1637 2187 1650 2193 1652 2193 1653 2193 1713 2192 1713 2149 1710 2098 1670 2094 1668 2094 1667 2094 1655 2096 1619 2107 1600 2098 1598 2098 1597 2098 1595 2098 1594 2098 1573 2111 1537 2111 1515 2095 1514 2095 1512 2095 1487 2095 1488 2152"/></Shape>
	    <String CONTENT="8 Velim"
                    HPOS="1487"
                    VPOS="2094"
                    WIDTH="226"
                    HEIGHT="99"></String>
          </TextLine>

          
        </TextBlock>
        

        
      </PrintSpace>
    </Page>
  </Layout>
</alto>
