<?xml version="1.0" encoding="UTF-8"?>
<alto xmlns:xsi="http://www.w3.org/2001/XMLSchema-instance"
      xmlns="http://www.loc.gov/standards/alto/ns-v4#"
      xsi:schemaLocation="http://www.loc.gov/standards/alto/ns-v4# http://www.loc.gov/standards/alto/v4/alto-4-2.xsd">
  <Description>
    <MeasurementUnit>pixel</MeasurementUnit>
    <sourceImageInformation>
      <fileName>2012952.png</fileName>
      
    </sourceImageInformation>
  </Description>
  
  <Tags>
    <OtherTag ID="BT10544" LABEL="text" DESCRIPTION="block type text"/><OtherTag ID="BT10543" LABEL="NumberingZone" DESCRIPTION="block type NumberingZone"/><OtherTag ID="BT10542" LABEL="MainZone" DESCRIPTION="block type MainZone"/><OtherTag ID="BT10538" LABEL="RunningTitleZone" DESCRIPTION="block type RunningTitleZone"/><OtherTag ID="BT10537" LABEL="DropCapitalZone" DESCRIPTION="block type DropCapitalZone"/><OtherTag ID="BT10536" LABEL="GraphicZone" DESCRIPTION="block type GraphicZone"/><OtherTag ID="BT10535" LABEL="TitlePageZone" DESCRIPTION="block type TitlePageZone"/><OtherTag ID="BT10534" LABEL="QuireMarksZone" DESCRIPTION="block type QuireMarksZone"/><OtherTag ID="BT10533" LABEL="MarginTextZone" DESCRIPTION="block type MarginTextZone"/>
    <OtherTag ID="LT4122" LABEL="default" DESCRIPTION="line type default"/><OtherTag ID="LT4119" LABEL="DefaultLine" DESCRIPTION="line type DefaultLine"/><OtherTag ID="LT4118" LABEL="HeadingLine" DESCRIPTION="line type HeadingLine"/><OtherTag ID="LT4117" LABEL="CustomLine : BiblicalText" DESCRIPTION="line type CustomLine : BiblicalText"/>
  </Tags>
  
  <Layout>
    <Page WIDTH="1807"
          HEIGHT="2677"
          PHYSICAL_IMG_NR="68"
          ID="eSc_dummypage_">
      <PrintSpace HPOS="0"
                  VPOS="0"
                  WIDTH="1807"
                  HEIGHT="2677">
        
        <TextBlock HPOS="617.1318359375"
                   VPOS="169.05247497558594"
                   WIDTH="87.365234375"
                   HEIGHT="54.81352233886719"
                   ID="block_3"
                   TAGREFS="BT10543">
          <Shape><Polygon POINTS="617.132 169.052 704.497 169.052 704.497 223.866 617.132 223.866 617.132 169.052"/></Shape>
          
          
          <TextLine ID="eSc_line_ef338e50"
                    TAGREFS="LT4119"
                    BASELINE="629 205 682 202" 
                    HPOS="629"
                    VPOS="153"
                    WIDTH="107"
                    HEIGHT="79">
            <Shape><Polygon POINTS="663 153 639 157 629 166 629 205 629 229 661 232 663 232 664 232 687 221 700 215 736 215 736 205 736 175 710 175 706 171 682 153 673 153"/></Shape>
	    <String CONTENT="40"
                    HPOS="629"
                    VPOS="153"
                    WIDTH="107"
                    HEIGHT="79"></String>
          </TextLine>

          
        </TextBlock>
        
        <TextBlock HPOS="796.6062622070312"
                   VPOS="151.71253967285156"
                   WIDTH="705.1394653320312"
                   HEIGHT="66.28582763671875"
                   ID="block_2"
                   TAGREFS="BT10538">
          <Shape><Polygon POINTS="796.606 151.713 1501.75 151.713 1501.75 217.998 796.606 217.998 796.606 151.713"/></Shape>
          
          
          <TextLine ID="eSc_line_7add8348"
                    TAGREFS="LT4118"
                    BASELINE="792 205 1496 193" 
                    HPOS="791"
                    VPOS="142"
                    WIDTH="705"
                    HEIGHT="82">
            <Shape><Polygon POINTS="1475 153 1460 151 1445 150 1430 148 1415 147 1411 150 1396 144 1386 144 1371 144 1360 142 1323 151 1308 142 1296 142 1282 142 1267 142 1252 144 1237 144 1226 144 1207 154 1143 148 1142 148 1107 156 1096 145 1088 145 1073 147 1058 147 1044 147 1029 147 1014 147 1003 147 990 147 984 148 980 148 978 148 956 160 861 160 829 150 820 151 812 151 791 160 792 205 792 214 877 224 878 224 880 224 913 214 916 214 923 214 980 221 981 221 983 221 984 221 994 214 997 212 1002 214 1021 221 1023 221 1024 221 1088 220 1090 220 1091 220 1097 214 1102 211 1112 214 1136 220 1137 220 1139 220 1177 214 1207 209 1256 214 1295 217 1296 217 1298 217 1305 214 1322 206 1348 214 1356 215 1357 215 1359 215 1369 214 1395 208 1494 212 1496 193 1493 160 1490 156"/></Shape>
	    <String CONTENT="AD I. PAVL. AD TIM."
                    HPOS="791"
                    VPOS="142"
                    WIDTH="705"
                    HEIGHT="82"
                    WC="0.976472857751344"></String>
          </TextLine>

          
        </TextBlock>
        
        <TextBlock HPOS="594.8555908203125"
                   VPOS="225.37669372558594"
                   WIDTH="1083.676025390625"
                   HEIGHT="1944.235610961914"
                   ID="block_0"
                   TAGREFS="BT10542">
          <Shape><Polygon POINTS="594.856 225.377 1678.53 225.377 1678.53 2169.61 594.856 2169.61 594.856 225.377"/></Shape>
          
          
          <TextLine ID="eSc_line_aa9f8757"
                    TAGREFS="LT4119"
                    BASELINE="617 278 1670 264" 
                    HPOS="614"
                    VPOS="214"
                    WIDTH="1056"
                    HEIGHT="84">
            <Shape><Polygon POINTS="1641 215 1637 214 1555 214 1554 214 1552 214 1548 215 1524 229 1430 230 1337 230 1301 218 1298 217 1296 217 1295 217 1293 217 1292 217 1292 218 1271 232 1198 232 1173 218 1171 218 1170 218 1168 218 1167 218 1165 218 1145 232 987 227 986 227 984 227 963 234 902 221 899 221 898 221 782 223 780 223 761 233 740 223 739 223 737 223 614 223 617 278 617 298 660 290 727 297 728 297 730 297 731 297 745 288 795 297 798 297 800 297 920 295 922 295 941 287 948 294 950 294 951 294 953 294 954 294 969 287 1073 294 1082 294 1084 294 1085 294 1087 294 1112 284 1170 292 1171 292 1173 292 1174 292 1201 282 1259 290 1261 290 1326 281 1463 288 1464 288 1508 279 1549 288 1551 288 1552 288 1610 278 1622 287 1624 287 1625 287 1627 288 1668 288 1670 264 1665 221 1656 218"/></Shape>
	    <String CONTENT="Paſtor eſt velut communis totius cœtus pater,"
                    HPOS="614"
                    VPOS="214"
                    WIDTH="1056"
                    HEIGHT="84"
                    WC="0.986643042829302"></String>
          </TextLine>

          
          
          <TextLine ID="eSc_line_5eddfb7e"
                    TAGREFS="LT4119"
                    BASELINE="611 339 1670 321" 
                    HPOS="609"
                    VPOS="273"
                    WIDTH="1061"
                    HEIGHT="91">
            <Shape><Polygon POINTS="609 307 611 339 611 355 672 364 673 364 727 353 736 350 910 349 914 349 957 359 959 359 960 359 962 359 978 348 980 346 1026 346 1027 348 1048 358 1049 358 1051 358 1052 358 1088 346 1093 345 1116 345 1314 353 1316 353 1317 353 1319 353 1338 340 1341 340 1402 352 1403 352 1469 350 1470 350 1493 339 1521 349 1522 349 1524 349 1525 349 1548 337 1624 343 1625 343 1670 333 1670 321 1667 287 1569 276 1567 276 1566 276 1534 287 1519 273 1518 273 1516 273 1493 273 1491 273 1490 273 1448 288 1406 275 1405 275 1403 275 1313 291 1264 291 1250 279 1250 278 1249 278 1247 278 1246 278 1244 278 1209 290 986 282 984 282 983 282 944 297 926 290 925 290 923 290 871 300 843 300 816 285 815 285 813 285 737 288 736 288 734 288 718 300 643 288 642 288 641 288 611 301 609 307"/></Shape>
	    <String CONTENT="qui omnium curam gerit.2. Quia eſt publicũ to¬"
                    HPOS="609"
                    VPOS="273"
                    WIDTH="1061"
                    HEIGHT="91"
                    WC="0.973673798936479"></String>
          </TextLine>

          
          
          <TextLine ID="eSc_line_02e4f48c"
                    TAGREFS="LT4119"
                    BASELINE="611 397 1671 380" 
                    HPOS="609"
                    VPOS="333"
                    WIDTH="1062"
                    HEIGHT="87">
            <Shape><Polygon POINTS="611 397 611 420 672 413 687 419 688 419 690 419 691 419 709 410 758 419 764 419 765 419 771 417 813 408 875 416 889 417 890 417 892 417 893 417 895 416 910 407 936 414 941 416 942 416 944 416 951 414 997 406 1100 411 1121 413 1122 413 1137 411 1201 403 1234 410 1244 411 1246 411 1259 410 1299 401 1313 408 1314 410 1316 410 1317 410 1319 410 1357 407 1478 398 1512 404 1527 407 1528 407 1557 404 1615 397 1670 401 1671 380 1668 336 1618 333 1616 333 1615 333 1613 333 1609 337 1600 342 1586 337 1574 333 1573 333 1572 333 1534 339 1475 348 1398 342 1332 337 1331 337 1329 337 1305 345 1282 350 1262 345 1237 339 1235 339 1234 339 1232 339 1212 346 1204 349 1197 348 1180 342 1179 342 1177 342 1176 342 1174 342 1167 348 1163 350 1148 348 1097 340 1096 340 1094 340 1066 350 1055 353 1015 352 925 346 923 346 922 346 901 355 895 356 893 355 881 345 880 345 878 345 803 345 801 345 800 345 798 345 780 358 776 358 713 346 712 346 609 361 611 397"/></Shape>
	    <String CONTENT="tius Eccleſię os, vt nos in doctrina, &amp; iis quę huic"
                    HPOS="609"
                    VPOS="333"
                    WIDTH="1062"
                    HEIGHT="87"></String>
          </TextLine>

          
          
          <TextLine ID="eSc_line_8e4261e4"
                    TAGREFS="LT4119"
                    BASELINE="612 456 1671 440" 
                    HPOS="611"
                    VPOS="392"
                    WIDTH="1060"
                    HEIGHT="86">
            <Shape><Polygon POINTS="612 456 612 469 703 478 704 478 706 478 707 478 707 477 716 469 719 469 785 475 786 475 788 475 803 468 806 466 923 466 935 468 987 474 989 474 990 474 991 474 999 466 1002 465 1024 466 1088 472 1090 472 1188 471 1189 471 1203 465 1210 462 1224 465 1241 469 1243 469 1244 469 1313 465 1381 459 1400 464 1414 466 1415 466 1417 466 1418 466 1420 466 1424 464 1430 459 1447 464 1460 466 1461 466 1463 466 1464 466 1466 466 1470 464 1479 458 1515 462 1534 465 1536 465 1561 462 1610 456 1670 461 1671 440 1668 392 1613 392 1612 392 1610 392 1606 394 1570 404 1534 395 1525 394 1524 394 1522 394 1514 395 1475 406 1408 398 1399 398 1398 398 1396 398 1395 398 1378 407 1326 401 1290 397 1289 397 1287 397 1286 397 1286 398 1280 403 1273 408 1238 403 1206 398 1204 398 1203 398 1183 404 1165 410 1139 406 1118 403 1116 403 1115 403 1102 407 1085 411 1069 407 1041 401 1039 401 980 410 977 410 960 403 959 403 957 403 956 403 954 403 954 404 945 411 942 413 919 411 804 404 803 404 801 404 771 416 770 417 701 417 663 417 639 408 638 408 636 408 635 408 611 417 612 456"/></Shape>
	    <String CONTENT="connexa ſunt, erudiat, qualis eſt oratio. Ergo &amp;"
                    HPOS="611"
                    VPOS="392"
                    WIDTH="1060"
                    HEIGHT="86"
                    WC="0.992603213836749"></String>
          </TextLine>

          
          
          <TextLine ID="eSc_line_8b98c2b3"
                    TAGREFS="LT4119"
                    BASELINE="620 516 1673 499" 
                    HPOS="618"
                    VPOS="452"
                    WIDTH="1055"
                    HEIGHT="84">
            <Shape><Polygon POINTS="620 516 620 536 812 526 871 533 883 535 884 535 886 535 889 533 907 524 981 532 1000 533 1002 533 1020 532 1055 526 1103 529 1119 530 1121 530 1122 530 1124 530 1125 529 1139 522 1173 529 1186 530 1188 530 1189 530 1194 527 1210 520 1337 520 1344 526 1345 527 1347 527 1348 527 1350 527 1467 526 1469 526 1470 526 1473 523 1482 517 1506 522 1519 524 1521 524 1604 523 1606 523 1607 523 1610 520 1621 514 1670 519 1673 499 1668 452 1573 461 1515 453 1505 453 1503 453 1494 455 1445 462 1399 456 1386 455 1384 455 1383 455 1378 456 1362 464 1240 459 1197 458 1195 458 1194 458 1188 459 1170 466 1055 462 1002 461 1000 461 977 464 936 471 618 471 620 516"/></Shape>
	    <String CONTENT="precari debet, quia eo precãte tota Eccleſia orat."
                    HPOS="618"
                    VPOS="452"
                    WIDTH="1055"
                    HEIGHT="84"
                    WC="0.967060972662533"></String>
          </TextLine>

          
          
          <TextLine ID="eSc_line_126868d5"
                    TAGREFS="LT4119"
                    BASELINE="623 575 902 566 1670 557" 
                    HPOS="621"
                    VPOS="513"
                    WIDTH="1049"
                    HEIGHT="83">
            <Shape><Polygon POINTS="623 575 623 596 733 584 887 584 907 591 908 591 910 593 910 591 911 591 931 584 1014 590 1023 590 1024 590 1026 590 1027 590 1061 581 1134 588 1146 588 1148 588 1174 587 1310 578 1668 578 1670 557 1665 520 1365 523 1363 523 1347 513 1345 513 1344 513 1296 513 1295 513 1293 513 1249 524 1235 514 1234 514 1232 514 1231 514 1229 514 1210 522 1152 514 1151 514 1149 514 1110 526 1076 517 1075 517 1073 517 1072 517 1039 526 1021 517 1020 517 1018 517 1017 517 980 527 941 517 939 517 938 517 936 517 899 529 736 520 734 520 621 533 623 575"/></Shape>
	    <String CONTENT="3 Hoc fuit officium olim ſacrificatoris, in quo"
                    HPOS="621"
                    VPOS="513"
                    WIDTH="1049"
                    HEIGHT="83"></String>
          </TextLine>

          
          
          <TextLine ID="eSc_line_e11010d6"
                    TAGREFS="LT4119"
                    BASELINE="614 630 1671 620" 
                    HPOS="612"
                    VPOS="574"
                    WIDTH="1059"
                    HEIGHT="72">
            <Shape><Polygon POINTS="614 630 614 646 1671 639 1671 620 1668 575 1558 574 1557 574 1555 574 1543 577 1511 585 1481 578 1479 578 1478 578 1473 578 1400 585 1387 580 1377 575 1375 575 1374 575 1372 575 1360 580 1353 582 1286 581 1194 580 1192 580 1191 580 1189 580 1185 582 1174 588 1107 584 1044 581 1042 581 1041 581 1021 585 1005 590 987 587 945 580 944 580 942 580 920 588 910 593 749 593 737 591 684 582 682 582 612 593 614 630"/></Shape>
	    <String CONTENT="nulla cæremonia continetur. Hebr. 9. verſ. 24."
                    HPOS="612"
                    VPOS="574"
                    WIDTH="1059"
                    HEIGHT="72"
                    WC="0.980121490748032"></String>
          </TextLine>

          
          
          <TextLine ID="eSc_line_39af2d09"
                    TAGREFS="LT4119"
                    BASELINE="612 690 1668 676" 
                    HPOS="611"
                    VPOS="630"
                    WIDTH="1057"
                    HEIGHT="83">
            <Shape><Polygon POINTS="612 690 612 703 697 713 699 713 700 713 733 703 737 701 757 703 871 710 873 710 874 710 899 701 902 700 1039 700 1058 709 1060 709 1061 709 1063 709 1064 709 1079 698 1082 697 1102 698 1174 707 1176 707 1226 698 1313 706 1314 706 1356 697 1518 703 1519 703 1667 693 1668 676 1665 635 1542 632 1540 632 1539 632 1527 635 1505 640 1485 635 1469 630 1467 630 1466 630 1464 630 1450 635 1427 643 1304 643 1293 636 1292 635 1290 635 1289 635 1197 633 1195 633 1194 633 1192 633 1189 636 1177 645 1090 638 1072 636 1070 636 1069 636 1067 636 1066 638 1055 646 1039 638 1038 638 963 636 962 636 960 636 959 636 959 638 957 638 947 648 887 638 878 638 877 638 875 638 873 639 838 651 782 651 761 639 759 639 758 639 757 639 755 639 713 649 611 640 612 690"/></Shape>
	    <String CONTENT="Numeror. 6.verſ. 23. 4 Denique mos veteris"
                    HPOS="611"
                    VPOS="630"
                    WIDTH="1057"
                    HEIGHT="83"></String>
          </TextLine>

          
          
          <TextLine ID="eSc_line_1b4354b7"
                    TAGREFS="LT4119"
                    BASELINE="612 749 1671 736" 
                    HPOS="611"
                    VPOS="687"
                    WIDTH="1060"
                    HEIGHT="86">
            <Shape><Polygon POINTS="612 749 612 773 847 773 847 771 849 771 862 767 881 761 908 767 922 768 923 768 938 765 966 759 999 764 1027 768 1029 768 1082 762 1130 758 1177 761 1246 765 1247 765 1249 765 1250 765 1256 759 1259 756 1435 754 1476 755 1594 761 1595 761 1670 751 1671 736 1670 697 1641 687 1640 687 1638 687 1637 687 1619 697 1618 697 1612 697 1543 688 1542 688 1475 697 1461 698 1457 697 1438 690 1436 690 1435 690 1433 690 1432 690 1423 697 1418 701 1316 701 1304 697 1284 691 1283 691 1282 691 1280 691 1279 691 1271 697 1265 703 1195 704 1136 704 1127 698 1119 693 1118 693 1116 693 1115 693 1014 694 1012 694 1003 698 990 704 977 698 966 694 965 694 963 694 962 694 945 698 919 707 844 707 816 698 810 697 809 697 807 697 777 698 672 707 660 698 658 698 657 698 655 698 611 698 612 749"/></Shape>
	    <String CONTENT="Eccleſiæ, quæ Dei ſpiritu regebatur, in qua pro"
                    HPOS="611"
                    VPOS="687"
                    WIDTH="1060"
                    HEIGHT="86"
                    WC="0.983714387771931"></String>
          </TextLine>

          
          
          <TextLine ID="eSc_line_4c023b7a"
                    TAGREFS="LT4119"
                    BASELINE="609 809 1668 795" 
                    HPOS="608"
                    VPOS="749"
                    WIDTH="1060"
                    HEIGHT="80">
            <Shape><Polygon POINTS="609 809 609 820 661 820 663 820 682 829 684 829 685 829 687 829 719 820 728 819 751 820 841 828 843 828 986 825 987 825 999 819 1005 816 1017 819 1039 825 1041 825 1042 825 1044 825 1064 819 1081 814 1180 814 1183 817 1189 823 1191 823 1192 823 1194 823 1195 823 1215 817 1232 813 1252 817 1270 822 1271 822 1273 822 1274 822 1290 817 1308 813 1344 817 1377 820 1378 820 1399 817 1429 812 1665 814 1668 795 1664 756 1576 759 1569 756 1548 749 1546 749 1545 749 1543 749 1516 758 1505 761 1481 758 1430 751 1429 751 1368 759 1342 762 1334 759 1313 752 1311 752 1310 752 1237 761 1192 767 1051 767 1015 762 959 756 957 756 922 764 902 768 893 764 883 759 881 759 880 759 878 759 859 765 838 770 780 765 733 762 731 762 730 762 728 762 728 764 725 767 719 773 688 773 678 767 667 761 666 761 664 761 663 761 661 761 651 767 646 770 608 768 609 809"/></Shape>
	    <String CONTENT="toto cœtu, &amp; ipſius nomine Paſtores fundebant"
                    HPOS="608"
                    VPOS="749"
                    WIDTH="1060"
                    HEIGHT="80"
                    WC="0.988838620980581"></String>
          </TextLine>

          
          
          <TextLine ID="eSc_line_bfe680fa"
                    TAGREFS="LT4119"
                    BASELINE="611 867 1668 855" 
                    HPOS="609"
                    VPOS="809"
                    WIDTH="1059"
                    HEIGHT="77">
            <Shape><Polygon POINTS="611 867 611 878 740 886 742 886 743 886 745 886 745 884 752 878 754 877 779 878 873 884 874 884 875 884 877 884 877 883 883 877 884 875 887 877 899 883 901 883 902 884 1006 884 1006 883 1096 877 1155 872 1665 872 1668 855 1665 809 1576 809 1574 809 1573 809 1569 810 1531 819 1466 812 1453 810 1451 810 1450 810 1448 810 1447 812 1435 819 1341 813 1304 812 1302 812 1301 812 1292 814 1268 822 1241 814 1232 813 1231 813 1229 813 1228 813 1226 813 1224 816 1213 822 1106 817 1036 814 1035 814 1008 819 974 825 928 820 898 817 896 817 861 822 816 826 792 822 761 817 759 817 758 817 745 823 734 828 609 826 611 867"/></Shape>
	    <String CONTENT="preces Deo, &amp; populo benedicebãt, vt ex variis"
                    HPOS="609"
                    VPOS="809"
                    WIDTH="1059"
                    HEIGHT="77"
                    WC="0.99435530444409"></String>
          </TextLine>

          
          
          <TextLine ID="eSc_line_6930bd3f"
                    TAGREFS="LT4119"
                    BASELINE="608 926 1671 913" 
                    HPOS="606"
                    VPOS="867"
                    WIDTH="1065"
                    HEIGHT="81">
            <Shape><Polygon POINTS="608 926 608 948 724 938 773 945 774 945 846 936 881 944 884 944 886 944 892 944 969 935 1093 941 1121 941 1122 941 1139 939 1203 932 1274 936 1314 939 1316 939 1334 936 1357 931 1372 935 1380 938 1381 938 1383 938 1671 929 1671 913 1668 874 1466 867 1464 867 1412 877 1400 878 1389 877 1328 868 1326 868 1325 868 1323 868 1310 878 1308 880 1268 880 1259 878 1207 870 1206 870 1204 870 1203 870 1203 871 1192 880 1189 883 1006 883 1002 883 959 872 957 872 956 872 933 883 932 884 931 884 911 874 910 874 908 874 856 883 743 875 742 875 740 875 716 887 715 887 709 887 652 877 651 877 606 887 608 926"/></Shape>
	    <String CONTENT="hiſtoriis conſtat, &amp; annotat Auguſtinus Epiſt.9o."
                    HPOS="606"
                    VPOS="867"
                    WIDTH="1065"
                    HEIGHT="81"></String>
          </TextLine>

          
          
          <TextLine ID="eSc_line_d5d044ce"
                    TAGREFS="LT4119"
                    BASELINE="661 980 1664 968" 
                    HPOS="660"
                    VPOS="925"
                    WIDTH="1004"
                    HEIGHT="81">
            <Shape><Polygon POINTS="661 980 661 996 768 1006 770 1006 771 1006 798 996 803 994 889 994 892 994 908 1003 910 1003 911 1003 1008 994 1011 994 1033 1003 1035 1003 1036 1003 1038 1003 1063 993 1070 991 1099 993 1185 1000 1186 1000 1188 1000 1209 993 1216 990 1276 990 1280 991 1287 999 1289 999 1290 999 1292 1000 1402 1000 1402 999 1403 999 1424 991 1432 989 1512 989 1516 990 1534 997 1536 997 1537 997 1570 990 1589 986 1595 990 1603 996 1604 996 1606 996 1607 996 1609 996 1625 990 1635 986 1661 989 1664 968 1659 936 1534 936 1533 936 1514 926 1512 926 1511 926 1509 926 1508 926 1493 936 1479 925 1478 925 1476 925 1442 925 1441 925 1439 925 1409 936 1403 938 1387 936 1354 932 1353 932 1256 936 1182 939 1170 936 1145 929 1143 929 1142 929 1140 929 1122 936 1110 941 1091 936 1082 935 1081 935 1069 936 1035 942 1020 936 1005 931 1003 931 1002 931 1000 931 987 936 974 942 954 936 933 931 932 931 931 931 834 932 832 932 831 932 831 933 826 936 817 945 785 945 764 936 755 933 754 933 752 933 660 936 661 980"/></Shape>
	    <String CONTENT="Ergo cùm ſint hæc tria præcipua paſtoris mu¬"
                    HPOS="660"
                    VPOS="925"
                    WIDTH="1004"
                    HEIGHT="81"
                    WC="0.97929501136144"></String>
          </TextLine>

          
          
          <TextLine ID="eSc_line_d797d74d"
                    TAGREFS="LT4119"
                    BASELINE="608 1045 1670 1030" 
                    HPOS="606"
                    VPOS="980"
                    WIDTH="1064"
                    HEIGHT="83">
            <Shape><Polygon POINTS="608 1045 608 1063 713 1055 817 1061 837 1061 838 1061 840 1061 841 1061 850 1054 957 1060 984 1060 986 1060 996 1058 1045 1051 1276 1055 1322 1055 1323 1055 1325 1055 1329 1054 1359 1047 1387 1054 1389 1054 1390 1054 1392 1054 1403 1054 1506 1045 1522 1052 1524 1052 1525 1052 1527 1052 1670 1049 1670 1030 1665 980 1625 981 1624 981 1595 996 1522 996 1505 984 1505 983 1503 983 1502 983 1461 983 1460 983 1458 983 1450 986 1406 999 1229 1000 1209 991 1197 987 1195 987 1194 987 1192 987 1174 993 1148 1000 1085 994 1070 994 1069 994 1067 994 1066 994 1064 996 1054 1002 1041 996 1023 990 1021 990 975 990 974 990 972 990 971 990 959 999 953 1003 938 999 925 996 923 996 922 996 920 996 908 1000 895 1005 886 1000 868 991 867 991 826 991 825 991 823 991 822 991 809 1003 807 1005 801 1003 776 994 774 994 713 994 712 994 710 994 709 994 696 1006 673 997 672 997 670 997 606 1008 608 1045"/></Shape>
	    <String CONTENT="nera &amp; officia, Docere, Corripere, &amp; Precari,"
                    HPOS="606"
                    VPOS="980"
                    WIDTH="1064"
                    HEIGHT="83"
                    WC="0.982854892147912"></String>
          </TextLine>

          
          
          <TextLine ID="eSc_line_bdf18b61"
                    TAGREFS="LT4119"
                    BASELINE="608 1100 1664 1085" 
                    HPOS="606"
                    VPOS="1038"
                    WIDTH="1058"
                    HEIGHT="84">
            <Shape><Polygon POINTS="608 1100 608 1113 693 1122 694 1122 696 1122 733 1113 739 1112 748 1112 816 1121 817 1121 819 1121 837 1112 838 1110 923 1109 950 1110 1039 1116 1041 1116 1042 1116 1061 1109 1066 1107 1070 1109 1094 1116 1096 1116 1097 1116 1099 1116 1113 1109 1116 1107 1130 1109 1201 1115 1203 1115 1252 1107 1270 1105 1348 1106 1555 1110 1557 1110 1558 1110 1574 1103 1579 1102 1662 1102 1664 1085 1662 1047 1641 1038 1640 1038 1638 1038 1637 1038 1635 1038 1624 1047 1622 1048 1616 1047 1585 1039 1583 1039 1451 1039 1450 1039 1448 1039 1429 1047 1345 1041 1344 1041 1342 1041 1341 1041 1325 1051 1322 1054 1289 1054 1287 1052 1276 1042 1274 1042 1273 1042 1244 1042 1243 1042 1241 1042 1240 1042 1226 1052 1224 1055 1133 1055 1128 1054 1107 1045 1106 1045 1105 1045 1058 1055 1057 1055 1055 1055 1027 1047 1026 1047 1024 1047 928 1055 844 1048 843 1048 841 1048 817 1058 815 1060 800 1060 699 1051 697 1051 606 1061 608 1100"/></Shape>
	    <String CONTENT="cõplexus eſt Paulus, Docendi verbo etiã corre¬"
                    HPOS="606"
                    VPOS="1038"
                    WIDTH="1058"
                    HEIGHT="84"
                    WC="0.970749282588561"></String>
          </TextLine>

          
          
          <TextLine ID="eSc_line_7a4c0b5e"
                    TAGREFS="LT4119"
                    BASELINE="608 1160 1363 1148 1668 1149" 
                    HPOS="606"
                    VPOS="1100"
                    WIDTH="1062"
                    HEIGHT="83">
            <Shape><Polygon POINTS="608 1160 608 1183 758 1171 789 1180 791 1180 792 1180 850 1170 895 1177 896 1177 931 1170 941 1179 942 1179 944 1179 945 1179 947 1179 984 1168 1073 1176 1075 1176 1191 1165 1305 1171 1307 1171 1353 1164 1381 1171 1383 1171 1384 1171 1386 1171 1421 1163 1472 1171 1473 1171 1475 1171 1478 1171 1573 1163 1665 1168 1668 1149 1667 1110 1635 1100 1634 1100 1632 1100 1527 1113 1521 1115 1482 1115 1482 1113 1469 1103 1469 1102 1467 1102 1466 1102 1464 1102 1414 1113 1384 1103 1383 1103 1381 1103 1337 1113 1302 1103 1301 1103 1299 1103 1183 1116 1131 1107 1130 1107 1061 1119 1060 1119 959 1107 957 1107 956 1107 914 1121 862 1109 861 1109 791 1121 716 1113 715 1113 713 1113 712 1113 699 1124 641 1118 639 1118 638 1118 606 1125 608 1160"/></Shape>
	    <String CONTENT="ptionem. Precationem autem hîc ſeorſim perſe¬"
                    HPOS="606"
                    VPOS="1100"
                    WIDTH="1062"
                    HEIGHT="83"
                    WC="0.987006555432859"></String>
          </TextLine>

          
          
          <TextLine ID="eSc_line_3dd1bbd9"
                    TAGREFS="LT4119"
                    BASELINE="609 1219 1668 1206" 
                    HPOS="608"
                    VPOS="1160"
                    WIDTH="1060"
                    HEIGHT="87">
            <Shape><Polygon POINTS="609 1219 609 1237 636 1247 638 1247 639 1247 641 1247 642 1247 655 1237 660 1232 782 1232 789 1235 815 1246 816 1246 817 1246 819 1246 820 1246 840 1234 846 1231 908 1234 1024 1238 1026 1238 1093 1231 1122 1228 1127 1231 1145 1241 1146 1241 1148 1241 1149 1241 1209 1229 1225 1226 1234 1229 1262 1240 1264 1240 1265 1241 1313 1241 1313 1240 1366 1238 1368 1238 1369 1238 1386 1226 1389 1225 1390 1226 1402 1235 1403 1235 1405 1235 1406 1237 1506 1237 1506 1235 1508 1235 1509 1235 1519 1226 1546 1237 1548 1237 1549 1237 1601 1223 1612 1222 1619 1223 1649 1234 1650 1234 1652 1234 1653 1234 1655 1234 1668 1225 1668 1206 1664 1170 1515 1170 1478 1160 1476 1160 1475 1160 1473 1160 1451 1170 1360 1161 1359 1161 1357 1161 1356 1161 1341 1173 1253 1173 1197 1163 1195 1163 1125 1174 1079 1164 1078 1164 1076 1164 1038 1176 1023 1165 1021 1165 1020 1165 1018 1165 1017 1165 991 1176 932 1167 931 1167 884 1177 862 1167 861 1167 859 1167 858 1167 816 1179 643 1171 642 1171 641 1171 608 1182 609 1219"/></Shape>
	    <String CONTENT="quitur, quia eſt miniſterii Euangelici pars præ¬"
                    HPOS="608"
                    VPOS="1160"
                    WIDTH="1060"
                    HEIGHT="87"
                    WC="0.984813284128904"></String>
          </TextLine>

          
          
          <TextLine ID="eSc_line_8c7a5746"
                    TAGREFS="LT4119"
                    BASELINE="608 1277 1048 1270" 
                    HPOS="606"
                    VPOS="1225"
                    WIDTH="442"
                    HEIGHT="70">
            <Shape><Polygon POINTS="608 1277 608 1295 1047 1290 1048 1270 1044 1237 991 1237 990 1237 960 1226 959 1226 957 1226 956 1226 935 1237 925 1226 925 1225 923 1225 922 1225 867 1225 865 1225 864 1225 862 1225 844 1237 767 1229 765 1229 764 1229 733 1241 731 1241 730 1241 651 1229 649 1229 648 1229 606 1241 608 1277"/></Shape>
	    <String CONTENT="cipua, vti diximus."
                    HPOS="606"
                    VPOS="1225"
                    WIDTH="442"
                    HEIGHT="70"
                    WC="0.988780103231731"></String>
          </TextLine>

          
          
          <TextLine ID="eSc_line_5f0e51a3"
                    TAGREFS="LT4119"
                    BASELINE="660 1335 1670 1323" 
                    HPOS="658"
                    VPOS="1274"
                    WIDTH="1012"
                    HEIGHT="85">
            <Shape><Polygon POINTS="660 1335 660 1350 783 1359 785 1359 862 1350 928 1356 929 1356 931 1356 932 1356 939 1348 941 1348 942 1348 981 1356 983 1356 1042 1348 1052 1347 1055 1348 1073 1354 1075 1354 1076 1356 1131 1356 1131 1354 1133 1354 1134 1354 1142 1347 1145 1345 1154 1347 1177 1351 1179 1351 1180 1351 1182 1351 1186 1347 1189 1344 1200 1347 1224 1353 1225 1353 1226 1353 1277 1345 1305 1342 1314 1345 1329 1351 1331 1351 1332 1351 1380 1345 1415 1341 1442 1345 1473 1350 1475 1351 1542 1351 1542 1350 1543 1350 1545 1350 1545 1348 1551 1344 1555 1339 1668 1342 1670 1323 1664 1276 1643 1287 1539 1289 1475 1289 1463 1280 1456 1274 1454 1274 1453 1274 1451 1274 1371 1283 1334 1286 1326 1283 1304 1276 1302 1276 1301 1276 1163 1277 1161 1277 1116 1289 1112 1289 1107 1289 1055 1279 1054 1279 1052 1279 1017 1290 1012 1292 1006 1290 978 1286 977 1286 919 1293 901 1295 890 1293 841 1284 840 1284 838 1284 837 1284 837 1286 825 1295 825 1296 780 1296 776 1296 693 1283 691 1283 690 1283 658 1296 660 1335"/></Shape>
	    <String CONTENT="Magnam autem vim eſſe huius publicæ preca¬"
                    HPOS="658"
                    VPOS="1274"
                    WIDTH="1012"
                    HEIGHT="85"
                    WC="0.982069972015563"></String>
          </TextLine>

          
          
          <TextLine ID="eSc_line_bb58c004"
                    TAGREFS="LT4119"
                    BASELINE="603 1396 1667 1380" 
                    HPOS="602"
                    VPOS="1332"
                    WIDTH="1065"
                    HEIGHT="86">
            <Shape><Polygon POINTS="603 1396 603 1411 675 1411 676 1411 687 1418 688 1418 690 1418 691 1418 693 1418 694 1418 703 1411 704 1409 715 1411 770 1417 771 1417 773 1417 797 1409 803 1408 822 1409 890 1415 892 1415 893 1415 917 1408 925 1406 965 1408 1084 1412 1085 1412 1087 1412 1113 1406 1125 1403 1142 1405 1180 1411 1182 1411 1212 1405 1228 1402 1244 1405 1277 1409 1279 1409 1280 1409 1282 1409 1287 1403 1292 1400 1325 1403 1372 1408 1374 1408 1375 1408 1377 1408 1383 1403 1389 1399 1402 1402 1417 1406 1418 1406 1420 1406 1490 1405 1491 1405 1493 1405 1496 1402 1500 1397 1509 1402 1516 1405 1518 1405 1519 1405 1549 1400 1586 1396 1665 1399 1667 1380 1664 1335 1632 1332 1631 1332 1630 1332 1628 1332 1625 1335 1613 1345 1469 1345 1439 1337 1432 1335 1430 1335 1429 1335 1427 1335 1426 1335 1426 1337 1424 1337 1412 1348 1369 1350 1326 1350 1313 1338 1311 1337 1310 1337 1308 1337 1307 1337 1290 1338 1234 1347 1216 1339 1213 1338 1212 1338 1210 1338 1192 1339 1122 1348 1107 1341 1105 1339 1103 1339 1102 1339 1100 1339 1096 1341 1079 1347 1024 1341 1014 1341 1012 1341 1011 1341 1008 1341 965 1354 875 1347 874 1347 873 1347 871 1347 861 1357 794 1357 785 1350 783 1350 782 1350 780 1350 745 1357 699 1345 697 1345 696 1345 694 1345 693 1345 673 1357 602 1347 603 1396"/></Shape>
	    <String CONTENT="tionis, &amp; magnam illius habendam eſſe curam à"
                    HPOS="602"
                    VPOS="1332"
                    WIDTH="1065"
                    HEIGHT="86"
                    WC="0.980236741511718"></String>
          </TextLine>

          
          
          <TextLine ID="eSc_line_955bc6c9"
                    TAGREFS="LT4119"
                    BASELINE="605 1455 1665 1439" 
                    HPOS="603"
                    VPOS="1393"
                    WIDTH="1062"
                    HEIGHT="85">
            <Shape><Polygon POINTS="605 1455 605 1478 707 1469 777 1475 792 1476 794 1476 795 1476 801 1475 831 1467 928 1473 950 1473 951 1473 960 1472 1000 1464 1061 1470 1084 1472 1085 1472 1099 1469 1122 1464 1204 1467 1247 1469 1249 1469 1250 1469 1259 1466 1284 1460 1665 1460 1665 1439 1661 1393 1466 1403 1409 1399 1380 1396 1378 1396 1377 1396 1375 1396 1375 1397 1372 1399 1366 1405 1326 1400 1287 1396 1286 1396 1284 1396 1283 1396 1283 1397 1277 1402 1271 1406 1253 1402 1232 1397 1231 1397 1165 1405 1154 1405 1146 1405 1097 1399 1096 1399 1094 1399 1064 1406 1051 1409 1023 1408 950 1402 948 1402 904 1411 890 1414 825 1414 823 1412 809 1403 807 1403 806 1403 804 1403 727 1414 654 1406 652 1406 603 1417 605 1455"/></Shape>
	    <String CONTENT="paſtore, docent hæc verba Pauli &amp; commenda¬"
                    HPOS="603"
                    VPOS="1393"
                    WIDTH="1062"
                    HEIGHT="85"
                    WC="0.986277451348859"></String>
          </TextLine>

          
          
          <TextLine ID="eSc_line_42939b4f"
                    TAGREFS="LT4119"
                    BASELINE="600 1511 1664 1497" 
                    HPOS="599"
                    VPOS="1455"
                    WIDTH="1065"
                    HEIGHT="78">
            <Shape><Polygon POINTS="600 1511 600 1525 685 1533 687 1533 725 1524 730 1524 731 1524 748 1531 749 1531 751 1531 893 1524 951 1531 953 1531 1121 1519 1130 1519 1133 1519 1189 1528 1191 1528 1237 1527 1238 1527 1240 1527 1250 1518 1305 1527 1307 1527 1403 1516 1405 1516 1458 1524 1460 1524 1461 1524 1463 1524 1472 1515 1473 1515 1514 1524 1515 1524 1516 1524 1548 1515 1628 1522 1630 1522 1631 1522 1664 1512 1664 1497 1661 1463 1606 1455 1604 1455 1487 1464 1479 1464 1476 1464 1424 1455 1423 1455 1371 1466 1368 1466 1365 1466 1307 1457 1305 1457 1256 1467 1255 1467 1253 1467 1231 1460 1229 1460 1121 1460 1119 1460 1118 1460 1116 1460 1106 1469 1106 1470 1069 1470 1058 1470 986 1461 984 1461 983 1461 953 1472 948 1472 941 1472 895 1464 893 1464 892 1464 890 1464 881 1472 871 1472 701 1467 700 1467 599 1475 600 1511"/></Shape>
	    <String CONTENT="tio, ante omnia πρῶτον πάντων. Eſt enim compa¬"
                    HPOS="599"
                    VPOS="1455"
                    WIDTH="1065"
                    HEIGHT="78"></String>
          </TextLine>

          
          
          <TextLine ID="eSc_line_9ef9f116"
                    TAGREFS="LT4119"
                    BASELINE="603 1570 1676 1557" 
                    HPOS="602"
                    VPOS="1513"
                    WIDTH="1074"
                    HEIGHT="81">
            <Shape><Polygon POINTS="603 1570 603 1585 675 1594 676 1594 759 1585 762 1585 767 1585 905 1591 907 1591 960 1583 974 1580 1676 1577 1676 1557 1674 1524 1647 1515 1646 1515 1644 1515 1643 1515 1618 1522 1600 1513 1598 1513 1597 1513 1500 1524 1439 1515 1438 1515 1322 1516 1320 1516 1319 1516 1307 1524 1267 1518 1265 1518 1198 1528 1102 1519 1100 1519 1099 1519 1097 1519 1085 1527 997 1521 996 1521 994 1521 993 1521 977 1531 919 1531 867 1522 865 1522 864 1522 832 1533 748 1525 746 1525 696 1534 678 1525 676 1525 675 1525 602 1536 603 1570"/></Shape>
	    <String CONTENT="ratio, &amp; commendatio huius exercitij, tanquam"
                    HPOS="602"
                    VPOS="1513"
                    WIDTH="1074"
                    HEIGHT="81"
                    WC="0.991888105869293"></String>
          </TextLine>

          
          
          <TextLine ID="eSc_line_489c2d5c"
                    TAGREFS="LT4119"
                    BASELINE="602 1628 1665 1615" 
                    HPOS="600"
                    VPOS="1569"
                    WIDTH="1065"
                    HEIGHT="75">
            <Shape><Polygon POINTS="602 1628 602 1644 1664 1635 1665 1615 1664 1580 1631 1569 1630 1569 1561 1569 1560 1569 1558 1569 1536 1580 1451 1573 1450 1573 1448 1573 1424 1582 1386 1571 1384 1571 1383 1571 1328 1579 1311 1571 1310 1571 1308 1571 1161 1580 1143 1574 1142 1574 1140 1574 1139 1574 1137 1574 1125 1585 1075 1574 1073 1574 1072 1574 1047 1586 978 1576 977 1576 975 1576 950 1588 914 1577 913 1577 911 1577 910 1577 908 1577 895 1588 722 1583 721 1583 719 1583 718 1583 718 1585 710 1592 600 1592 602 1628"/></Shape>
	    <String CONTENT="omnino neceſſarij in Eccleſia Chriſti, &amp; vtiliſſi¬"
                    HPOS="600"
                    VPOS="1569"
                    WIDTH="1065"
                    HEIGHT="75"
                    WC="0.985282200574875"></String>
          </TextLine>

          
          
          <TextLine ID="eSc_line_5c3d6dfa"
                    TAGREFS="LT4119"
                    BASELINE="602 1689 1662 1674" 
                    HPOS="600"
                    VPOS="1629"
                    WIDTH="1062"
                    HEIGHT="84">
            <Shape><Polygon POINTS="602 1689 602 1702 657 1713 658 1713 707 1702 712 1702 719 1702 812 1711 813 1711 815 1711 850 1702 856 1701 864 1702 910 1710 911 1710 913 1710 914 1710 926 1702 931 1699 968 1701 1051 1707 1052 1707 1203 1705 1226 1701 1252 1695 1301 1699 1338 1704 1340 1704 1341 1704 1354 1699 1374 1693 1384 1699 1387 1702 1389 1702 1390 1702 1392 1702 1435 1699 1555 1690 1661 1698 1662 1674 1659 1641 1612 1629 1610 1629 1533 1641 1450 1631 1448 1631 1342 1644 1340 1646 1231 1646 1188 1646 1131 1635 1130 1635 1082 1643 1038 1637 1036 1637 1035 1637 1033 1637 1018 1649 1017 1650 957 1650 929 1650 917 1641 916 1641 914 1641 913 1641 800 1650 707 1641 706 1641 704 1641 679 1653 678 1655 600 1655 602 1689"/></Shape>
	    <String CONTENT="mi, denique retinendi. Neque tamen hæc verba"
                    HPOS="600"
                    VPOS="1629"
                    WIDTH="1062"
                    HEIGHT="84"
                    WC="0.987236514687538"></String>
          </TextLine>

          
          
          <TextLine ID="eSc_line_6d9e0619"
                    TAGREFS="LT4119"
                    BASELINE="597 1745 1661 1732" 
                    HPOS="596"
                    VPOS="1687"
                    WIDTH="1065"
                    HEIGHT="84">
            <Shape><Polygon POINTS="597 1745 597 1762 703 1771 704 1771 706 1771 707 1771 707 1769 716 1762 718 1760 728 1762 774 1768 776 1768 777 1768 804 1760 807 1760 809 1760 829 1769 831 1769 832 1769 834 1769 862 1760 870 1759 877 1760 911 1768 913 1768 953 1759 966 1757 989 1759 1054 1766 1055 1766 1057 1766 1075 1759 1082 1756 1106 1759 1165 1765 1167 1765 1213 1757 1234 1754 1262 1757 1311 1762 1313 1762 1659 1753 1661 1732 1658 1698 1549 1687 1548 1687 1546 1687 1545 1687 1536 1695 1461 1689 1460 1689 1458 1689 1457 1689 1445 1699 1444 1699 1441 1699 1372 1690 1371 1690 1369 1690 1368 1690 1356 1701 1354 1702 1302 1702 1270 1701 1188 1696 1186 1696 1185 1696 1168 1702 1163 1704 1155 1702 1122 1693 1121 1693 1119 1693 1118 1693 1116 1693 1116 1695 1107 1702 1105 1704 1100 1702 1082 1698 1081 1698 1079 1698 1078 1698 1063 1702 1054 1707 974 1707 969 1704 950 1695 948 1695 947 1695 895 1705 880 1708 743 1708 739 1707 715 1698 713 1698 712 1698 666 1707 648 1710 596 1708 597 1745"/></Shape>
	    <String CONTENT="confirmant, vel iuuant Audæorum ſiue Meſſala¬"
                    HPOS="596"
                    VPOS="1687"
                    WIDTH="1065"
                    HEIGHT="84"
                    WC="0.999504906601376"></String>
          </TextLine>

          
          
          <TextLine ID="eSc_line_a1a3abfc"
                    TAGREFS="LT4119"
                    BASELINE="599 1804 1664 1792" 
                    HPOS="597"
                    VPOS="1750"
                    WIDTH="1067"
                    HEIGHT="79">
            <Shape><Polygon POINTS="599 1804 599 1829 710 1829 710 1827 712 1827 716 1826 739 1818 822 1824 862 1826 864 1826 865 1826 877 1823 899 1817 953 1821 994 1824 996 1824 1066 1818 1130 1814 1170 1817 1225 1821 1226 1821 1255 1815 1268 1812 1335 1814 1527 1818 1528 1818 1664 1806 1664 1792 1661 1759 1604 1750 1603 1750 1601 1750 1577 1759 1572 1760 1564 1759 1531 1750 1530 1750 1528 1750 1481 1757 1417 1751 1415 1751 1414 1751 1412 1751 1400 1760 1399 1760 1393 1760 1356 1753 1354 1753 1353 1753 1351 1753 1342 1760 1337 1765 597 1765 599 1804"/></Shape>
	    <String CONTENT="niorum hæreticorum errorem, qui puppim &amp;"
                    HPOS="597"
                    VPOS="1750"
                    WIDTH="1067"
                    HEIGHT="79"
                    WC="0.996465426683426"></String>
          </TextLine>

          
          
          <TextLine ID="eSc_line_df6fa848"
                    TAGREFS="LT4119"
                    BASELINE="606 1863 1662 1850" 
                    HPOS="605"
                    VPOS="1805"
                    WIDTH="1057"
                    HEIGHT="82">
            <Shape><Polygon POINTS="606 1863 606 1887 730 1876 838 1884 840 1884 841 1884 865 1876 890 1882 892 1882 893 1882 1094 1872 1152 1879 1154 1879 1210 1870 1307 1878 1308 1878 1436 1867 1478 1875 1479 1875 1566 1873 1567 1873 1569 1873 1577 1866 1659 1873 1662 1850 1661 1815 1622 1805 1621 1805 1619 1805 1525 1815 1472 1806 1470 1806 1469 1806 1445 1817 1412 1817 1398 1808 1396 1808 1395 1808 1393 1808 1392 1808 1390 1808 1377 1818 1293 1818 1244 1809 1243 1809 1241 1809 1240 1809 1229 1818 1160 1811 1158 1811 1157 1811 1155 1811 1145 1821 1112 1821 1093 1811 1091 1811 1090 1811 1088 1811 1087 1811 1070 1821 1021 1812 1020 1812 929 1823 840 1814 838 1814 780 1824 742 1818 740 1818 605 1827 606 1863"/></Shape>
	    <String CONTENT="proram ſalutis in precationibus, id eſt, certis"
                    HPOS="605"
                    VPOS="1805"
                    WIDTH="1057"
                    HEIGHT="82"
                    WC="0.987990022973811"></String>
          </TextLine>

          
          
          <TextLine ID="eSc_line_e12a3805"
                    TAGREFS="LT4119"
                    BASELINE="600 1921 1673 1911" 
                    HPOS="599"
                    VPOS="1866"
                    WIDTH="1074"
                    HEIGHT="77">
            <Shape><Polygon POINTS="600 1921 600 1943 905 1943 905 1942 980 1937 1060 1931 1119 1934 1195 1939 1197 1939 1198 1939 1216 1933 1228 1930 1252 1933 1292 1937 1293 1937 1332 1931 1344 1930 1347 1931 1362 1937 1363 1937 1365 1937 1366 1937 1393 1930 1403 1928 1430 1930 1516 1936 1518 1936 1519 1936 1521 1936 1531 1928 1533 1927 1534 1928 1548 1934 1549 1934 1551 1934 1673 1925 1673 1911 1671 1876 1632 1866 1631 1866 1630 1866 1628 1866 1609 1876 1533 1876 1421 1866 1420 1866 1418 1866 1417 1866 1405 1876 1403 1876 1366 1869 1365 1869 1363 1869 1362 1869 1350 1876 1347 1878 1332 1876 1246 1867 1244 1867 1243 1867 1218 1876 1210 1879 1203 1876 1176 1869 1174 1869 1173 1869 1171 1869 1170 1869 1158 1878 1152 1881 1021 1881 1017 1878 1008 1870 1006 1870 1005 1870 1003 1870 1002 1870 984 1878 977 1881 971 1878 960 1870 959 1870 957 1870 956 1870 954 1870 931 1878 929 1878 926 1878 890 1872 889 1872 887 1872 886 1872 877 1878 871 1882 852 1878 825 1872 823 1872 792 1878 770 1882 746 1878 718 1873 682 1873 681 1873 679 1873 678 1873 672 1878 664 1884 652 1878 639 1873 638 1873 636 1873 599 1878 600 1921"/></Shape>
	    <String CONTENT="ſtatíſque horis factis orationibus &amp; de murmu¬"
                    HPOS="599"
                    VPOS="1866"
                    WIDTH="1074"
                    HEIGHT="77"></String>
          </TextLine>

          
          
          <TextLine ID="eSc_line_69411581"
                    TAGREFS="LT4119"
                    BASELINE="603 1980 1664 1966" 
                    HPOS="602"
                    VPOS="1921"
                    WIDTH="1062"
                    HEIGHT="83">
            <Shape><Polygon POINTS="603 1980 603 1995 707 2004 709 2004 710 2004 739 1995 743 1994 746 1995 776 2003 777 2003 779 2003 823 1994 834 1992 846 1994 901 2001 902 2001 904 2001 905 2001 919 1992 922 1991 938 1992 987 2000 989 2000 1032 1992 1048 1989 1103 1991 1215 1995 1216 1995 1218 1995 1231 1989 1241 1986 1662 1986 1664 1966 1662 1933 1630 1922 1628 1922 1522 1921 1521 1921 1519 1921 1518 1921 1508 1928 1464 1921 1463 1921 1461 1921 1460 1921 1439 1934 1310 1925 1308 1925 1307 1925 1283 1937 1188 1937 1173 1925 1171 1925 1170 1925 1133 1925 1131 1925 1130 1925 1128 1925 1112 1939 1067 1927 1066 1927 1064 1927 1063 1927 1026 1940 1011 1928 1009 1928 1008 1928 968 1928 966 1928 965 1928 913 1942 850 1931 849 1931 847 1931 801 1943 770 1931 768 1931 767 1931 765 1931 731 1943 652 1937 651 1937 602 1946 603 1980"/></Shape>
	    <String CONTENT="rationibus (quod hodie faciunt Monachi Papi¬"
                    HPOS="602"
                    VPOS="1921"
                    WIDTH="1062"
                    HEIGHT="83"
                    WC="0.994226215915246"></String>
          </TextLine>

          
          
          <TextLine ID="eSc_line_3ae906b8"
                    TAGREFS="LT4119"
                    BASELINE="600 2040 1662 2025" 
                    HPOS="599"
                    VPOS="1979"
                    WIDTH="1063"
                    HEIGHT="83">
            <Shape><Polygon POINTS="600 2040 600 2056 768 2062 770 2062 843 2053 853 2053 856 2053 877 2061 878 2061 880 2061 978 2052 990 2052 993 2052 1021 2059 1023 2059 1024 2059 1026 2059 1054 2052 1060 2050 1070 2052 1128 2058 1130 2058 1186 2050 1195 2049 1198 2049 1219 2056 1221 2056 1222 2056 1662 2043 1662 2025 1659 1985 1619 1979 1618 1979 1616 1979 1615 1979 1606 1985 1600 1989 1552 1989 1546 1986 1539 1980 1537 1980 1536 1980 1534 1980 1533 1980 1531 1980 1524 1986 1519 1991 1447 1991 1441 1988 1432 1980 1430 1980 1429 1980 1363 1980 1362 1980 1295 1989 1277 1992 1262 1991 1218 1983 1216 1983 1215 1983 1213 1983 1213 1985 1204 1991 1201 1995 1151 1995 1146 1992 1130 1983 1128 1983 1127 1983 1070 1994 1060 1995 1054 1994 1024 1985 1023 1985 1021 1985 933 1995 910 2000 864 2000 862 1997 852 1989 852 1988 850 1988 849 1988 847 1988 759 1998 751 1991 749 1991 748 1991 746 1991 745 1991 727 1998 617 1991 615 1991 614 1991 612 1991 599 1997 600 2040"/></Shape>
	    <String CONTENT="ſtici) ponebant: ſed tantùm docet Paulus, quàm"
                    HPOS="599"
                    VPOS="1979"
                    WIDTH="1063"
                    HEIGHT="83"
                    WC="0.995548841853937"></String>
          </TextLine>

          
          
          <TextLine ID="eSc_line_19692270"
                    TAGREFS="LT4119"
                    BASELINE="599 2095 1661 2085" 
                    HPOS="597"
                    VPOS="2040"
                    WIDTH="1064"
                    HEIGHT="79">
            <Shape><Polygon POINTS="599 2095 599 2111 899 2119 901 2119 902 2119 904 2119 916 2110 917 2110 931 2117 932 2117 933 2119 1051 2119 1051 2117 1052 2117 1070 2110 1078 2107 1085 2110 1105 2116 1106 2116 1107 2116 1341 2111 1342 2111 1350 2108 1359 2104 1436 2104 1445 2107 1456 2113 1457 2113 1458 2113 1487 2107 1511 2102 1659 2105 1661 2085 1653 2041 1643 2049 1625 2043 1619 2040 1618 2040 1616 2040 1615 2040 1613 2040 1610 2043 1597 2052 1519 2052 1511 2044 1508 2041 1506 2041 1505 2041 1403 2040 1402 2040 1400 2040 1375 2046 1348 2055 1198 2056 1149 2056 1137 2050 1115 2043 1113 2043 1052 2043 1051 2043 1049 2043 1048 2043 1036 2052 953 2044 951 2044 950 2044 919 2053 831 2046 829 2046 828 2046 826 2046 816 2056 797 2056 745 2059 727 2058 630 2047 629 2047 627 2047 597 2058 599 2095"/></Shape>
	    <String CONTENT="debeamus ſedulò &amp; diligenter precari Deum: &amp;"
                    HPOS="597"
                    VPOS="2040"
                    WIDTH="1064"
                    HEIGHT="79"
                    WC="0.987857005331251"></String>
          </TextLine>

          
          
          <TextLine ID="eSc_line_3b9f900c"
                    TAGREFS="LT4119"
                    BASELINE="593 2159 1658 2146" 
                    HPOS="593"
                    VPOS="2099"
                    WIDTH="1065"
                    HEIGHT="100">
            <Shape><Polygon POINTS="593 2159 593 2199 687 2199 687 2198 688 2198 690 2198 691 2196 715 2178 791 2193 807 2196 809 2196 810 2196 820 2193 835 2189 907 2190 983 2193 984 2193 986 2193 987 2193 993 2189 1011 2178 1024 2189 1029 2192 1030 2192 1032 2192 1033 2192 1035 2192 1044 2187 1075 2174 1118 2186 1139 2192 1140 2192 1142 2192 1174 2184 1221 2174 1247 2183 1270 2190 1271 2190 1273 2190 1274 2190 1296 2181 1323 2171 1351 2177 1353 2177 1427 2169 1458 2178 1461 2178 1463 2178 1464 2178 1475 2177 1527 2169 1552 2175 1570 2180 1572 2180 1573 2180 1574 2180 1576 2180 1582 2175 1594 2168 1655 2172 1658 2146 1655 2110 1572 2101 1570 2101 1569 2101 1555 2108 1540 2099 1539 2099 1537 2099 1536 2099 1421 2111 1418 2113 1392 2113 1335 2113 1304 2102 1302 2102 1301 2102 1256 2111 1093 2105 1091 2105 1090 2105 1088 2105 1072 2116 1018 2116 1006 2116 965 2107 963 2107 962 2107 944 2117 941 2119 861 2119 831 2108 829 2108 828 2108 599 2120 593 2141"/></Shape>
	    <String CONTENT="quàm ſolicitum de eo debeat eſſe non modo pa¬"
                    HPOS="593"
                    VPOS="2099"
                    WIDTH="1065"
                    HEIGHT="100"
                    WC="0.983066578274188"></String>
          </TextLine>

          
        </TextBlock>
        
        <TextBlock HPOS="1475.0782470703125"
                   VPOS="2170.404541015625"
                   WIDTH="180.285888671875"
                   HEIGHT="59.531494140625"
                   ID="block_1"
                   TAGREFS="BT10534">
          <Shape><Polygon POINTS="1475.08 2170.4 1655.36 2170.4 1655.36 2229.94 1475.08 2229.94 1475.08 2170.4"/></Shape>
          
          
          <TextLine ID="eSc_line_69fa66e9"
                    TAGREFS="LT4119"
                    BASELINE="1494 2205 1641 2208" 
                    HPOS="1493"
                    VPOS="2159"
                    WIDTH="148"
                    HEIGHT="85">
            <Shape><Polygon POINTS="1494 2205 1493 2235 1518 2242 1519 2242 1521 2242 1558 2235 1566 2233 1570 2235 1597 2244 1598 2244 1600 2244 1601 2244 1640 2233 1641 2208 1641 2171 1595 2160 1594 2160 1546 2168 1534 2159 1533 2159 1531 2159 1530 2159 1494 2166 1494 2205"/></Shape>
	    <String CONTENT="ſtoris,"
                    HPOS="1493"
                    VPOS="2159"
                    WIDTH="148"
                    HEIGHT="85"
                    WC="0.959843848432813"></String>
          </TextLine>

          
        </TextBlock>
        

        
      </PrintSpace>
    </Page>
  </Layout>
</alto>
