<?xml version="1.0" encoding="UTF-8"?>
<alto xmlns:xsi="http://www.w3.org/2001/XMLSchema-instance"
      xmlns="http://www.loc.gov/standards/alto/ns-v4#"
      xsi:schemaLocation="http://www.loc.gov/standards/alto/ns-v4# http://www.loc.gov/standards/alto/v4/alto-4-2.xsd">
  <Description>
    <MeasurementUnit>pixel</MeasurementUnit>
    <sourceImageInformation>
      <fileName>2012959.png</fileName>
      
    </sourceImageInformation>
  </Description>
  
  <Tags>
    <OtherTag ID="BT10983" LABEL="GraphicZone" DESCRIPTION="block type GraphicZone"/><OtherTag ID="BT10982" LABEL="DropCapitalZone" DESCRIPTION="block type DropCapitalZone"/><OtherTag ID="BT10981" LABEL="RunningTitleZone" DESCRIPTION="block type RunningTitleZone"/><OtherTag ID="BT10980" LABEL="NumberingZone" DESCRIPTION="block type NumberingZone"/><OtherTag ID="BT10979" LABEL="TitlePageZone" DESCRIPTION="block type TitlePageZone"/><OtherTag ID="BT10978" LABEL="QuireMarksZone" DESCRIPTION="block type QuireMarksZone"/><OtherTag ID="BT10977" LABEL="MainZone" DESCRIPTION="block type MainZone"/><OtherTag ID="BT10976" LABEL="MarginTextZone" DESCRIPTION="block type MarginTextZone"/>
    <OtherTag ID="LT4321" LABEL="default" DESCRIPTION="line type default"/><OtherTag ID="LT4319" LABEL="HeadingLine" DESCRIPTION="line type HeadingLine"/><OtherTag ID="LT4318" LABEL="DefaultLine" DESCRIPTION="line type DefaultLine"/><OtherTag ID="LT4320" LABEL="CustomLine : BiblicalText" DESCRIPTION="line type CustomLine : BiblicalText"/>
  </Tags>
  
  <Layout>
    <Page WIDTH="1807"
          HEIGHT="2677"
          PHYSICAL_IMG_NR="6"
          ID="eSc_dummypage_">
      <PrintSpace HPOS="0"
                  VPOS="0"
                  WIDTH="1807"
                  HEIGHT="2677">
        
        <TextBlock HPOS="443.8426513671875"
                   VPOS="176.1754913330078"
                   WIDTH="346.78411865234375"
                   HEIGHT="65.21176147460938"
                   ID="block_0"
                   TAGREFS="BT10981">
          <Shape><Polygon POINTS="443.843 176.175 790.627 176.175 790.627 241.387 443.843 241.387 443.843 176.175"/></Shape>
          
          
          <TextLine ID="eSc_line_b57f320a"
                    TAGREFS="LT4319"
                    BASELINE="446 221 786 224" 
                    HPOS="444"
                    VPOS="172"
                    WIDTH="342"
                    HEIGHT="70">
            <Shape><Polygon POINTS="654 179 639 178 624 178 609 176 594 176 580 176 565 175 563 175 511 181 501 172 490 172 475 172 461 172 446 175 446 221 444 236 519 240 520 240 560 234 587 232 602 234 635 242 636 242 638 242 639 242 649 233 651 233 694 233 699 233 762 242 764 242 765 242 785 232 786 224 785 184 679 184 675 179 669 179"/></Shape>
	    <String CONTENT="CAPVT II."
                    HPOS="444"
                    VPOS="172"
                    WIDTH="342"
                    HEIGHT="70"
                    WC="0.997828265031179"></String>
          </TextLine>

          
        </TextBlock>
        
        <TextBlock HPOS="1090.758544921875"
                   VPOS="194.62196350097656"
                   WIDTH="83.2813720703125"
                   HEIGHT="59.080474853515625"
                   ID="block_2"
                   TAGREFS="BT10980">
          <Shape><Polygon POINTS="1090.76 194.622 1174.04 194.622 1174.04 253.702 1090.76 253.702 1090.76 194.622"/></Shape>
          
          
          <TextLine ID="eSc_line_a79fb91e"
                    TAGREFS="LT4318"
                    BASELINE="1109 237 1160 240" 
                    HPOS="1107"
                    VPOS="181"
                    WIDTH="53"
                    HEIGHT="80">
            <Shape><Polygon POINTS="1155 196 1140 191 1125 185 1112 181 1109 237 1107 261 1157 261 1160 240 1160 196 1155 196"/></Shape>
	    <String CONTENT="47"
                    HPOS="1107"
                    VPOS="181"
                    WIDTH="53"
                    HEIGHT="80"
                    WC="0.998105943202972"></String>
          </TextLine>

          
        </TextBlock>
        
        <TextBlock HPOS="94.7664794921875"
                   VPOS="246.11114501953125"
                   WIDTH="1077.5269775390625"
                   HEIGHT="1954.1969604492188"
                   ID="block_1"
                   TAGREFS="BT10977">
          <Shape><Polygon POINTS="94.7665 246.111 1172.29 246.111 1172.29 2200.31 94.7665 2200.31 94.7665 246.111"/></Shape>
          
          
          <TextLine ID="eSc_line_e4727d26"
                    TAGREFS="LT4318"
                    BASELINE="116 290 1167 301" 
                    HPOS="114"
                    VPOS="232"
                    WIDTH="1053"
                    HEIGHT="92">
            <Shape><Polygon POINTS="237 232 221 234 182 242 160 233 156 232 145 232 133 232 129 232 117 242 116 290 114 309 287 315 288 315 315 312 376 306 398 313 406 316 407 316 408 316 440 315 504 309 526 315 535 318 536 318 538 318 594 316 767 310 849 319 861 321 862 321 887 321 1029 315 1038 322 1038 324 1039 324 1041 324 1042 324 1055 322 1127 315 1163 324 1167 301 1167 254 1036 239 1035 239 963 249 956 251 774 251 764 245 752 240 751 240 749 240 748 240 746 240 742 245 737 249 681 249 667 243 643 234 642 234 641 234 605 242 582 246 574 242 560 234 559 234 557 234 508 240 501 240 490 239 438 233 437 233 435 233 434 233 428 239 423 242 414 237 401 233 400 233 398 233 397 233 395 233 389 237 377 245 290 237 288 237 287 237 269 243 257 234 252 232 249 232"/></Shape>
	    <String CONTENT="imprimis in Synaxi, publica mentio publicè fieri."
                    HPOS="114"
                    VPOS="232"
                    WIDTH="1053"
                    HEIGHT="92"
                    WC="0.987586497068405"></String>
          </TextLine>

          
          
          <TextLine ID="eSc_line_1a8239f9"
                    TAGREFS="LT4318"
                    BASELINE="126 349 1165 359" 
                    HPOS="126"
                    VPOS="300"
                    WIDTH="1039"
                    HEIGHT="82">
            <Shape><Polygon POINTS="126 349 126 367 472 367 475 368 490 374 492 374 493 374 666 368 691 368 701 368 776 377 777 377 864 370 867 370 868 370 901 379 902 379 904 379 1008 371 1023 380 1024 380 1026 380 1027 382 1152 382 1152 380 1154 380 1155 380 1164 371 1165 359 1164 318 994 309 993 309 956 313 922 318 908 313 899 309 898 309 896 309 895 309 887 312 878 318 868 312 859 307 858 307 856 307 809 310 743 316 716 309 703 306 701 306 700 306 699 306 687 309 664 315 612 307 596 306 594 306 593 306 590 307 572 315 499 315 486 306 484 304 483 304 481 304 480 304 458 304 324 312 281 301 275 301 273 301 264 301 178 310 126 300 126 349"/></Shape>
	    <String CONTENT="Vnde Martyrologia nata ſunt, qui ſunt libri in"
                    HPOS="126"
                    VPOS="300"
                    WIDTH="1039"
                    HEIGHT="82"
                    WC="0.972255674393281"></String>
          </TextLine>

          
          
          <TextLine ID="eSc_line_4d6ab3e1"
                    TAGREFS="LT4318"
                    BASELINE="120 408 1167 419" 
                    HPOS="120"
                    VPOS="361"
                    WIDTH="1047"
                    HEIGHT="79">
            <Shape><Polygon POINTS="120 408 120 431 229 425 309 432 324 434 325 434 331 434 365 426 438 434 444 434 446 434 453 434 548 428 563 435 568 437 569 437 571 437 606 435 701 429 713 435 716 438 718 438 719 438 721 438 722 438 733 435 754 431 809 431 816 437 817 438 819 438 820 438 822 440 1165 440 1167 419 1165 373 1018 379 990 371 978 368 977 368 975 368 950 371 916 376 829 371 751 367 749 367 748 367 746 367 740 371 736 374 727 371 712 365 710 365 709 365 684 371 666 374 654 371 638 365 636 365 635 365 599 370 571 374 560 370 545 364 544 364 542 364 541 364 539 364 529 370 524 373 498 370 438 364 437 364 435 364 434 364 425 370 419 373 385 370 307 362 306 362 242 370 234 370 233 370 224 361 223 361 221 361 220 361 120 368 120 408"/></Shape>
	    <String CONTENT="quibus nomina Martyrum deſcripta erant, quæ"
                    HPOS="120"
                    VPOS="361"
                    WIDTH="1047"
                    HEIGHT="79"
                    WC="0.982970555161321"></String>
          </TextLine>

          
          
          <TextLine ID="eSc_line_f53ec82d"
                    TAGREFS="LT4318"
                    BASELINE="118 468 1167 474" 
                    HPOS="117"
                    VPOS="420"
                    WIDTH="1050"
                    HEIGHT="72">
            <Shape><Polygon POINTS="118 468 117 481 395 492 397 492 1165 487 1167 474 1165 435 1084 435 1084 434 1073 425 1072 425 1070 425 1069 425 1067 425 1047 434 1045 434 832 434 831 432 817 423 816 423 815 423 813 423 773 432 770 432 762 432 681 425 679 425 615 431 605 423 603 423 602 423 600 423 599 423 571 431 569 431 563 431 431 423 429 423 391 431 386 431 385 431 373 420 371 420 370 420 368 420 118 428 118 468"/></Shape>
	    <String CONTENT="ex ſcripto in communicatione Cœnæ recitaban¬"
                    HPOS="117"
                    VPOS="420"
                    WIDTH="1050"
                    HEIGHT="72"
                    WC="0.991990131410685"></String>
          </TextLine>

          
          
          <TextLine ID="eSc_line_00131fff"
                    TAGREFS="LT4318"
                    BASELINE="116 526 1167 533" 
                    HPOS="114"
                    VPOS="477"
                    WIDTH="1053"
                    HEIGHT="74">
            <Shape><Polygon POINTS="116 526 114 542 1164 551 1167 533 1167 493 1109 493 1107 492 1097 483 1096 483 1094 483 1093 483 873 490 832 490 828 489 807 481 806 481 804 481 803 481 773 489 764 490 748 489 687 480 685 480 639 487 626 490 578 490 574 487 565 480 563 480 562 480 560 480 559 480 538 486 532 487 458 487 456 486 449 478 447 478 446 478 444 478 443 478 420 486 411 487 362 484 284 480 282 480 260 483 246 486 243 483 236 477 234 477 233 477 232 477 116 481 116 526"/></Shape>
	    <String CONTENT="tur. Inde ad eorum ſepulchra ceperunt homines"
                    HPOS="114"
                    VPOS="477"
                    WIDTH="1053"
                    HEIGHT="74"
                    WC="0.974796007739173"></String>
          </TextLine>

          
          
          <TextLine ID="eSc_line_1da77385"
                    TAGREFS="LT4318"
                    BASELINE="117 587 1170 593" 
                    HPOS="117"
                    VPOS="536"
                    WIDTH="1053"
                    HEIGHT="81">
            <Shape><Polygon POINTS="117 587 117 609 261 600 315 609 328 611 330 611 331 611 337 609 361 600 380 609 388 612 389 612 391 612 437 608 513 602 548 608 575 612 577 612 597 608 621 602 632 608 641 614 642 614 643 614 645 614 786 606 865 603 871 606 881 614 883 614 884 614 886 614 923 606 925 606 926 606 956 615 957 615 959 617 959 615 960 615 990 606 1015 615 1017 615 1018 617 1143 617 1143 615 1145 615 1168 605 1170 593 1168 553 1081 553 1079 551 1061 542 1060 542 1058 542 1057 542 1055 542 1044 551 1042 551 1021 544 1020 544 1018 544 932 550 908 551 904 550 877 539 875 539 874 539 829 550 823 551 788 551 785 548 770 539 768 539 767 539 765 539 710 548 706 548 701 548 663 539 661 539 660 539 658 539 649 548 648 550 490 550 465 545 382 536 380 536 117 542 117 587"/></Shape>
	    <String CONTENT="precari, &amp; vigilias agere, &amp; liba offerre, vt docet"
                    HPOS="117"
                    VPOS="536"
                    WIDTH="1053"
                    HEIGHT="81"
                    WC="0.983829596463372"></String>
          </TextLine>

          
          
          <TextLine ID="eSc_line_cd4e5933"
                    TAGREFS="LT4318"
                    BASELINE="116 643 1161 652" 
                    HPOS="114"
                    VPOS="593"
                    WIDTH="1047"
                    HEIGHT="80">
            <Shape><Polygon POINTS="116 643 114 658 190 667 191 667 254 661 269 660 278 661 313 669 315 669 316 669 343 661 348 661 367 663 469 670 471 670 530 664 550 663 575 664 639 672 641 673 773 673 773 672 774 672 776 672 780 667 786 664 1158 672 1161 652 1160 612 812 597 810 597 724 606 704 597 703 597 701 597 641 606 588 597 587 597 585 597 553 606 551 606 542 597 541 597 539 597 538 597 536 597 522 605 452 594 450 594 449 594 422 605 386 594 385 594 383 594 328 605 324 605 319 605 278 593 276 593 275 593 116 602 116 643"/></Shape>
	    <String CONTENT="Auguſtinus in lib. de Moribus Eccleſiaſt. cap.14."
                    HPOS="114"
                    VPOS="593"
                    WIDTH="1047"
                    HEIGHT="80"
                    WC="0.981360686068632"></String>
          </TextLine>

          
          
          <TextLine ID="eSc_line_3e888b28"
                    TAGREFS="LT4318"
                    BASELINE="117 704 1160 712" 
                    HPOS="116"
                    VPOS="652"
                    WIDTH="1044"
                    HEIGHT="84">
            <Shape><Polygon POINTS="117 704 116 718 194 730 196 730 294 721 306 721 309 722 334 731 336 731 337 731 477 724 524 722 539 725 574 733 575 733 626 727 652 724 685 727 743 734 745 734 838 730 911 727 954 731 989 736 990 736 1015 733 1063 727 1157 734 1160 712 1158 670 1055 667 1044 658 1042 658 1041 658 954 658 953 658 951 658 950 658 938 667 936 667 856 657 855 657 806 666 798 667 754 666 486 655 484 655 483 655 481 655 471 664 468 666 400 666 382 663 291 652 290 652 227 661 215 663 211 661 187 652 185 652 184 652 117 660 117 704"/></Shape>
	    <String CONTENT="&amp; Epiſt.119. quem tamen morem idem Epiſt.64"
                    HPOS="116"
                    VPOS="652"
                    WIDTH="1044"
                    HEIGHT="84"
                    WC="0.985223009142765"></String>
          </TextLine>

          
          
          <TextLine ID="eSc_line_50b2b59d"
                    TAGREFS="LT4318"
                    BASELINE="116 762 820 762" 
                    HPOS="116"
                    VPOS="716"
                    WIDTH="704"
                    HEIGHT="73">
            <Shape><Polygon POINTS="116 762 116 783 234 780 240 783 251 788 252 788 254 788 276 783 288 780 291 783 297 788 298 788 300 788 301 788 303 788 321 782 330 780 342 782 371 788 373 788 374 788 376 788 376 786 382 782 383 780 389 782 411 788 413 788 414 788 465 782 475 780 484 782 524 788 526 788 527 788 542 780 544 780 548 780 593 788 594 788 715 780 725 788 727 788 728 788 730 789 809 789 809 788 810 788 812 788 820 780 820 762 820 728 688 728 687 727 673 716 672 716 670 716 669 716 612 725 602 727 553 727 553 725 544 718 544 716 542 716 541 716 539 716 538 716 510 725 508 725 507 725 493 716 492 716 490 716 489 716 450 724 443 725 420 724 333 718 331 718 330 718 310 724 307 724 306 724 291 716 290 716 288 716 257 722 237 727 224 722 208 716 206 716 205 716 116 721 116 762"/></Shape>
	    <String CONTENT="ſublatum &amp; abolitum eſſe cupit."
                    HPOS="116"
                    VPOS="716"
                    WIDTH="704"
                    HEIGHT="73"
                    WC="0.985186788343614"></String>
          </TextLine>

          
          
          <TextLine ID="eSc_line_fef1c34d"
                    TAGREFS="LT4318"
                    BASELINE="176 820 1161 828" 
                    HPOS="176"
                    VPOS="770"
                    WIDTH="985"
                    HEIGHT="82">
            <Shape><Polygon POINTS="176 820 176 841 294 837 303 843 304 844 306 844 307 844 605 849 606 849 679 843 730 840 758 844 803 850 804 850 838 844 846 843 852 844 875 850 877 850 878 850 880 850 881 850 887 844 892 841 936 844 1011 849 1012 849 1090 844 1124 843 1127 844 1136 852 1137 852 1139 852 1140 852 1142 852 1160 844 1161 828 1158 777 1128 785 1106 777 1103 776 1102 776 1100 776 1093 777 1054 785 1021 777 1020 777 1018 777 1015 777 945 783 938 777 936 776 936 774 935 774 933 774 932 774 896 777 828 783 786 777 764 774 762 774 733 777 691 782 684 777 676 773 675 773 673 773 672 773 670 773 651 777 638 780 593 777 504 771 502 771 465 777 447 780 319 780 315 777 288 770 287 770 285 770 176 777 176 820"/></Shape>
	    <String CONTENT="Addunt Papiſtæ quaſdam exceptiones alias,"
                    HPOS="176"
                    VPOS="770"
                    WIDTH="985"
                    HEIGHT="82"
                    WC="0.998307696202906"></String>
          </TextLine>

          
          
          <TextLine ID="eSc_line_1f5143ec"
                    TAGREFS="LT4318"
                    BASELINE="118 878 1168 883" 
                    HPOS="117"
                    VPOS="832"
                    WIDTH="1051"
                    HEIGHT="73">
            <Shape><Polygon POINTS="118 878 117 895 130 904 132 904 133 904 135 904 168 896 176 904 178 904 179 904 181 904 365 896 468 905 469 905 1167 898 1168 883 1168 844 1134 835 1133 835 1131 835 1069 844 1067 844 1009 835 1008 835 923 837 922 837 920 837 910 844 907 844 852 835 850 835 700 843 697 843 678 834 676 834 675 834 611 843 606 843 600 843 489 834 487 834 486 834 484 834 475 843 474 843 469 843 404 834 403 834 358 840 337 832 336 832 334 832 333 832 315 841 273 832 141 832 139 832 138 832 118 840 118 878"/></Shape>
	    <String CONTENT="quæ ſunt nullius momenti. Ac primum interdi¬"
                    HPOS="117"
                    VPOS="832"
                    WIDTH="1051"
                    HEIGHT="73"
                    WC="0.997037315910513"></String>
          </TextLine>

          
          
          <TextLine ID="eSc_line_e43dab33"
                    TAGREFS="LT4318"
                    BASELINE="116 938 1170 944" 
                    HPOS="114"
                    VPOS="892"
                    WIDTH="1056"
                    HEIGHT="76">
            <Shape><Polygon POINTS="116 938 114 951 182 963 184 963 348 956 377 965 379 965 380 966 578 966 578 965 580 965 581 965 588 957 591 956 600 957 646 966 648 968 696 968 696 966 697 966 699 966 710 959 713 957 721 959 749 966 751 966 752 968 791 968 791 966 792 966 794 966 800 960 804 957 1167 963 1170 944 1170 905 1124 905 1122 904 1109 895 1107 895 1106 895 1105 895 1103 895 1102 895 1090 904 1088 904 1017 904 963 904 908 893 819 893 817 893 816 893 794 902 792 902 745 902 636 901 623 892 621 892 620 892 618 892 116 898 116 938"/></Shape>
	    <String CONTENT="cũt ne omnino pro ijs oretur, qui ſibi manus vio¬"
                    HPOS="114"
                    VPOS="892"
                    WIDTH="1056"
                    HEIGHT="76"
                    WC="0.987714574337006"></String>
          </TextLine>

          
          
          <TextLine ID="eSc_line_4cf06675"
                    TAGREFS="LT4318"
                    BASELINE="114 996 1168 1000" 
                    HPOS="113"
                    VPOS="948"
                    WIDTH="1055"
                    HEIGHT="67">
            <Shape><Polygon POINTS="114 996 113 1011 1165 1015 1168 1000 1167 965 1090 965 1088 963 1061 951 1060 951 953 951 951 951 896 960 873 963 867 959 856 951 855 951 853 951 816 950 815 950 813 950 792 959 783 962 758 957 712 950 710 950 664 956 626 962 612 956 602 950 600 950 599 950 547 954 468 962 413 953 411 953 410 953 408 953 388 960 371 951 364 948 362 948 361 948 359 948 350 951 328 960 307 951 304 950 303 950 301 950 300 950 297 950 276 957 260 950 255 948 254 948 114 948 114 996"/></Shape>
	    <String CONTENT="lentas attulerunt: qui ſi mortui ſunt, vera eſt eo¬"
                    HPOS="113"
                    VPOS="948"
                    WIDTH="1055"
                    HEIGHT="67"
                    WC="0.988968631800483"></String>
          </TextLine>

          
          
          <TextLine ID="eSc_line_4bd6cf97"
                    TAGREFS="LT4318"
                    BASELINE="110 1055 1167 1058" 
                    HPOS="108"
                    VPOS="1008"
                    WIDTH="1059"
                    HEIGHT="64">
            <Shape><Polygon POINTS="110 1055 108 1069 1164 1072 1167 1058 1167 1018 1133 1009 1131 1009 1130 1009 1085 1017 1084 1017 1075 1017 614 1008 612 1008 544 1015 535 1017 461 1017 459 1015 452 1008 450 1008 449 1008 447 1008 411 1014 404 1015 400 1014 383 1008 382 1008 380 1008 379 1008 355 1014 349 1015 343 1014 315 1008 313 1008 312 1008 291 1014 284 1015 269 1014 223 1008 221 1008 110 1012 110 1055"/></Shape>
	    <String CONTENT="rum ſententia, ſin minus, falſa. Poſſunt enim reſi¬"
                    HPOS="108"
                    VPOS="1008"
                    WIDTH="1059"
                    HEIGHT="64"
                    WC="0.982645242821937"></String>
          </TextLine>

          
          
          <TextLine ID="eSc_line_0e1534f7"
                    TAGREFS="LT4318"
                    BASELINE="114 1113 1164 1119" 
                    HPOS="113"
                    VPOS="1064"
                    WIDTH="1051"
                    HEIGHT="76">
            <Shape><Polygon POINTS="114 1113 113 1134 345 1136 346 1136 348 1136 352 1134 370 1128 376 1134 379 1137 380 1137 382 1137 383 1137 474 1134 584 1130 617 1134 658 1139 660 1139 798 1133 852 1131 904 1133 1102 1140 1103 1140 1163 1131 1164 1119 1163 1079 892 1067 890 1067 889 1067 871 1076 870 1076 742 1067 697 1067 696 1067 694 1067 693 1067 681 1076 678 1076 664 1076 541 1066 539 1066 492 1075 489 1075 486 1075 446 1066 444 1066 358 1072 349 1064 348 1064 346 1064 345 1064 288 1073 285 1073 282 1073 214 1066 212 1066 211 1066 209 1066 199 1073 174 1064 172 1064 171 1064 114 1072 114 1113"/></Shape>
	    <String CONTENT="piſcere. Eſt tamen hoc Papiſtarum dictũ in cano."
                    HPOS="113"
                    VPOS="1064"
                    WIDTH="1051"
                    HEIGHT="76"
                    WC="0.979921124419388"></String>
          </TextLine>

          
          
          <TextLine ID="eSc_line_8c814758"
                    TAGREFS="LT4318"
                    BASELINE="113 1174 1165 1180" 
                    HPOS="113"
                    VPOS="1124"
                    WIDTH="1052"
                    HEIGHT="77">
            <Shape><Polygon POINTS="113 1174 113 1195 249 1188 370 1195 416 1198 417 1198 419 1198 431 1195 450 1191 456 1195 459 1198 461 1198 462 1198 464 1198 481 1195 508 1191 535 1195 553 1198 554 1200 629 1200 629 1198 630 1198 632 1198 635 1195 641 1191 660 1195 676 1198 678 1198 846 1195 989 1192 997 1195 1015 1201 1017 1201 1018 1201 1164 1194 1165 1180 1164 1139 1036 1139 1035 1137 1021 1128 1020 1128 1018 1128 1017 1128 972 1137 968 1137 849 1137 847 1136 835 1127 834 1127 832 1127 831 1127 829 1127 800 1136 798 1136 794 1136 707 1127 706 1127 704 1127 670 1136 667 1136 664 1136 639 1125 638 1125 529 1125 527 1125 526 1125 505 1134 504 1134 496 1134 374 1124 373 1124 113 1131 113 1174"/></Shape>
	    <String CONTENT="Placuit vt hi 23. quæſt.5. &amp; eſt ex concil. Bracca¬"
                    HPOS="113"
                    VPOS="1124"
                    WIDTH="1052"
                    HEIGHT="77"
                    WC="0.992731332778931"></String>
          </TextLine>

          
          
          <TextLine ID="eSc_line_b8f41c3c"
                    TAGREFS="LT4318"
                    BASELINE="114 1232 432 1232" 
                    HPOS="114"
                    VPOS="1189"
                    WIDTH="318"
                    HEIGHT="67">
            <Shape><Polygon POINTS="114 1232 114 1249 193 1253 194 1253 220 1247 232 1246 242 1247 278 1255 279 1255 281 1255 301 1247 304 1246 307 1247 327 1255 328 1255 330 1256 401 1256 401 1255 403 1255 432 1244 432 1232 432 1189 114 1189 114 1232"/></Shape>
	    <String CONTENT="renſ. Act. 34."
                    HPOS="114"
                    VPOS="1189"
                    WIDTH="318"
                    HEIGHT="67"
                    WC="0.962626785039902"></String>
          </TextLine>

          
          
          <TextLine ID="eSc_line_21dcca81"
                    TAGREFS="LT4318"
                    BASELINE="172 1289 1163 1298" 
                    HPOS="171"
                    VPOS="1235"
                    WIDTH="992"
                    HEIGHT="78">
            <Shape><Polygon POINTS="172 1289 171 1308 1160 1313 1163 1298 1161 1243 1049 1255 1002 1241 999 1241 997 1241 996 1241 983 1241 852 1253 832 1241 831 1240 829 1240 828 1240 826 1240 825 1240 820 1241 798 1253 693 1253 675 1241 670 1238 669 1238 667 1238 666 1238 664 1238 654 1241 638 1246 632 1241 629 1238 627 1238 626 1238 554 1238 553 1238 551 1238 545 1241 526 1250 425 1247 419 1241 414 1237 413 1237 411 1237 410 1237 408 1237 407 1237 403 1241 392 1250 339 1250 313 1241 295 1235 294 1235 292 1235 261 1241 226 1247 172 1241 172 1289"/></Shape>
	    <String CONTENT="Deinde iubent, ne precemur pro clericis qui"
                    HPOS="171"
                    VPOS="1235"
                    WIDTH="992"
                    HEIGHT="78"
                    WC="0.998735196368639"></String>
          </TextLine>

          
          
          <TextLine ID="eSc_line_b496aa5c"
                    TAGREFS="LT4318"
                    BASELINE="113 1348 1161 1354" 
                    HPOS="111"
                    VPOS="1299"
                    WIDTH="1050"
                    HEIGHT="76">
            <Shape><Polygon POINTS="113 1348 111 1368 353 1371 355 1371 356 1371 358 1371 374 1362 406 1371 413 1372 414 1372 416 1372 417 1372 423 1371 447 1363 466 1371 468 1371 469 1371 477 1371 636 1363 672 1371 673 1371 785 1365 807 1374 809 1374 810 1374 812 1374 813 1374 815 1374 829 1365 994 1375 1012 1375 1014 1375 1015 1375 1017 1375 1036 1366 1158 1375 1161 1354 1157 1304 1124 1316 1021 1316 1012 1307 1011 1307 1009 1307 1008 1307 975 1313 960 1304 959 1304 957 1304 956 1304 954 1304 953 1304 939 1316 899 1316 855 1304 850 1302 849 1302 847 1302 846 1302 843 1304 819 1314 758 1314 745 1304 745 1302 743 1302 742 1302 740 1302 730 1304 672 1313 658 1304 658 1302 657 1302 655 1302 654 1302 646 1304 606 1311 569 1304 556 1301 554 1301 520 1304 441 1310 419 1304 410 1301 408 1301 407 1301 406 1301 401 1304 386 1311 321 1304 287 1299 285 1299 113 1302 113 1348"/></Shape>
	    <String CONTENT="in bello pro Gentilibus occubuerunt, dum eorũ"
                    HPOS="111"
                    VPOS="1299"
                    WIDTH="1050"
                    HEIGHT="76"
                    WC="0.97065940628881"></String>
          </TextLine>

          
          
          <TextLine ID="eSc_line_6bde6687"
                    TAGREFS="LT4318"
                    BASELINE="111 1409 1161 1412" 
                    HPOS="111"
                    VPOS="1359"
                    WIDTH="1050"
                    HEIGHT="77">
            <Shape><Polygon POINTS="111 1409 111 1432 184 1423 273 1432 301 1433 303 1433 355 1430 472 1423 480 1429 484 1432 484 1433 486 1433 487 1433 489 1435 517 1435 517 1433 557 1429 605 1423 612 1429 614 1430 615 1430 617 1430 618 1430 652 1427 682 1426 696 1427 736 1435 737 1435 794 1427 813 1424 825 1426 865 1435 867 1436 968 1436 968 1435 969 1435 1000 1424 1003 1424 1006 1424 1029 1433 1030 1433 1032 1433 1033 1433 1048 1427 1113 1435 1115 1435 1116 1435 1118 1435 1118 1433 1130 1424 1160 1424 1161 1412 1158 1366 1097 1372 1064 1366 1036 1360 1035 1360 1033 1360 1021 1366 1008 1372 981 1366 974 1365 972 1365 971 1365 965 1366 942 1372 890 1366 835 1360 834 1360 832 1360 831 1360 823 1366 813 1374 767 1374 759 1366 752 1360 751 1360 749 1360 721 1360 719 1360 673 1366 636 1372 535 1368 367 1359 365 1359 364 1359 362 1359 362 1360 353 1368 349 1372 298 1372 292 1368 279 1359 278 1359 276 1359 154 1359 153 1359 151 1359 150 1359 138 1368 136 1369 111 1369 111 1409"/></Shape>
	    <String CONTENT="partes &amp; caſtra ſequuntur. Eſt ex Tiburienſi cõ¬"
                    HPOS="111"
                    VPOS="1359"
                    WIDTH="1050"
                    HEIGHT="77"
                    WC="0.990357349113542"></String>
          </TextLine>

          
          
          <TextLine ID="eSc_line_4de90ad2"
                    TAGREFS="LT4318"
                    BASELINE="108 1466 1163 1473" 
                    HPOS="107"
                    VPOS="1417"
                    WIDTH="1056"
                    HEIGHT="79">
            <Shape><Polygon POINTS="108 1466 107 1478 135 1488 136 1488 138 1488 267 1479 273 1479 278 1479 380 1491 382 1491 557 1482 577 1493 578 1493 580 1493 626 1482 721 1482 739 1494 740 1494 742 1494 743 1494 745 1494 774 1484 847 1494 849 1494 850 1494 890 1484 925 1494 926 1494 928 1494 929 1494 953 1484 1099 1484 1139 1496 1140 1496 1142 1496 1143 1496 1145 1496 1161 1484 1163 1473 1161 1424 1113 1435 1093 1424 1091 1424 1090 1424 1087 1424 1054 1432 1044 1424 1042 1423 1041 1423 1039 1423 1038 1423 1036 1423 1033 1424 1021 1430 960 1424 932 1423 931 1423 905 1426 834 1433 755 1426 688 1420 687 1420 685 1420 684 1420 673 1426 663 1433 560 1433 499 1430 495 1427 475 1418 474 1418 472 1418 471 1418 453 1427 440 1418 438 1418 437 1418 435 1418 385 1426 362 1418 361 1418 359 1418 358 1418 325 1429 318 1430 297 1429 188 1417 187 1417 108 1429 108 1466"/></Shape>
	    <String CONTENT="cilio in cano. Quicunque clericus 23. quæſt.8. Sed"
                    HPOS="107"
                    VPOS="1417"
                    WIDTH="1056"
                    HEIGHT="79"
                    WC="0.987978701591492"></String>
          </TextLine>

          
          
          <TextLine ID="eSc_line_5b573869"
                    TAGREFS="LT4318"
                    BASELINE="107 1527 1160 1531" 
                    HPOS="105"
                    VPOS="1478"
                    WIDTH="1055"
                    HEIGHT="79">
            <Shape><Polygon POINTS="107 1527 105 1548 263 1552 264 1552 266 1552 281 1548 295 1543 312 1548 325 1552 327 1552 328 1552 330 1552 331 1552 336 1548 342 1543 429 1543 444 1548 461 1552 462 1552 464 1552 520 1548 551 1545 563 1548 588 1554 590 1554 591 1554 593 1554 614 1546 623 1545 632 1546 655 1554 657 1554 820 1555 822 1555 823 1555 847 1546 849 1546 874 1555 875 1555 877 1557 960 1557 960 1555 1029 1546 1030 1546 1112 1555 1113 1555 1158 1545 1160 1531 1158 1493 914 1491 911 1488 905 1482 904 1482 902 1482 901 1482 862 1488 846 1490 838 1487 825 1482 823 1482 822 1482 820 1482 810 1487 800 1493 673 1493 658 1485 648 1481 646 1481 538 1481 536 1481 535 1481 533 1481 530 1484 517 1493 459 1493 388 1491 377 1481 376 1481 376 1479 374 1479 373 1479 371 1479 370 1479 365 1481 343 1488 333 1481 333 1479 331 1479 330 1479 279 1479 278 1479 276 1479 275 1479 255 1491 184 1491 171 1479 169 1479 168 1479 107 1478 107 1527"/></Shape>
	    <String CONTENT="hæc exceptio vana eſt, quia non eſt pro mor¬"
                    HPOS="105"
                    VPOS="1478"
                    WIDTH="1055"
                    HEIGHT="79"
                    WC="0.981263344938105"></String>
          </TextLine>

          
          
          <TextLine ID="eSc_line_c2e13fcf"
                    TAGREFS="LT4318"
                    BASELINE="116 1588 441 1583" 
                    HPOS="114"
                    VPOS="1530"
                    WIDTH="327"
                    HEIGHT="76">
            <Shape><Polygon POINTS="116 1588 116 1598 414 1606 416 1606 417 1606 441 1594 441 1583 438 1551 397 1551 394 1549 355 1530 353 1530 352 1530 350 1530 349 1530 324 1546 315 1551 272 1551 264 1545 252 1536 251 1536 249 1536 248 1536 114 1539 116 1588"/></Shape>
	    <String CONTENT="tuis orandum."
                    HPOS="114"
                    VPOS="1530"
                    WIDTH="327"
                    HEIGHT="76"
                    WC="0.999539311115558"></String>
          </TextLine>

          
          
          <TextLine ID="eSc_line_a006f792"
                    TAGREFS="LT4318"
                    BASELINE="160 1644 1154 1650" 
                    HPOS="159"
                    VPOS="1591"
                    WIDTH="995"
                    HEIGHT="80">
            <Shape><Polygon POINTS="160 1644 159 1656 267 1667 269 1667 364 1661 383 1659 388 1661 407 1668 408 1668 410 1668 568 1664 654 1661 669 1665 685 1670 687 1670 688 1671 875 1671 875 1670 877 1670 883 1668 898 1662 916 1668 923 1671 925 1671 926 1671 928 1671 936 1668 953 1664 1151 1671 1154 1650 1152 1601 890 1592 889 1592 887 1592 886 1592 875 1600 870 1604 852 1600 825 1592 823 1592 822 1592 820 1592 804 1600 792 1606 670 1606 658 1600 643 1592 642 1592 641 1592 639 1592 638 1592 627 1600 626 1601 624 1600 615 1592 615 1591 614 1591 612 1591 562 1591 560 1591 559 1591 538 1598 526 1603 508 1598 486 1594 484 1594 483 1594 466 1598 462 1600 462 1598 453 1591 452 1591 450 1591 449 1591 447 1591 446 1591 437 1598 429 1603 322 1603 315 1598 306 1592 304 1592 303 1592 301 1592 300 1592 298 1592 291 1598 285 1601 254 1598 184 1591 182 1591 181 1591 160 1597 160 1644"/></Shape>
	    <String CONTENT="Excipiuntur igitur ab hoc Pauli dicto ij ſoli,"
                    HPOS="159"
                    VPOS="1591"
                    WIDTH="995"
                    HEIGHT="80"
                    WC="0.99698058548181"></String>
          </TextLine>

          
          
          <TextLine ID="eSc_line_70d14f76"
                    TAGREFS="LT4318"
                    BASELINE="105 1699 1160 1707" 
                    HPOS="104"
                    VPOS="1653"
                    WIDTH="1056"
                    HEIGHT="79">
            <Shape><Polygon POINTS="105 1699 104 1720 145 1726 147 1726 188 1722 220 1717 233 1722 243 1725 245 1725 246 1725 269 1722 292 1717 337 1722 407 1728 408 1728 452 1722 471 1719 490 1722 536 1729 538 1731 661 1731 661 1729 721 1722 737 1720 746 1722 780 1731 782 1731 783 1731 890 1722 901 1722 905 1722 953 1732 954 1732 1000 1723 1096 1732 1097 1732 1158 1722 1160 1707 1158 1662 902 1665 874 1661 850 1658 849 1658 847 1658 837 1661 822 1665 806 1661 792 1658 791 1658 789 1658 767 1661 739 1665 600 1661 425 1655 423 1655 422 1655 420 1655 413 1661 410 1664 348 1664 337 1661 304 1653 303 1653 301 1653 282 1661 281 1661 279 1661 264 1653 263 1653 261 1653 105 1659 105 1699"/></Shape>
	    <String CONTENT="qui in Spiritum ſanctum peccant, pro quibus mi¬"
                    HPOS="104"
                    VPOS="1653"
                    WIDTH="1056"
                    HEIGHT="79"
                    WC="0.984087736048597"></String>
          </TextLine>

          
          
          <TextLine ID="eSc_line_a4783fb4"
                    TAGREFS="LT4318"
                    BASELINE="102 1760 1155 1765" 
                    HPOS="101"
                    VPOS="1713"
                    WIDTH="1054"
                    HEIGHT="76">
            <Shape><Polygon POINTS="102 1760 101 1784 138 1786 139 1786 141 1786 142 1786 142 1784 153 1777 188 1784 197 1786 199 1786 200 1786 205 1784 230 1777 300 1784 324 1786 325 1786 327 1786 334 1784 353 1777 425 1777 443 1783 455 1787 456 1787 458 1789 623 1789 623 1787 624 1787 626 1787 633 1781 639 1778 667 1781 718 1787 719 1787 776 1781 804 1778 896 1778 899 1780 920 1789 922 1789 923 1789 1082 1780 1127 1789 1128 1789 1130 1789 1154 1778 1155 1765 1154 1722 1103 1725 1094 1722 1081 1716 1079 1716 1078 1716 1076 1716 1064 1722 1055 1726 996 1726 987 1722 974 1716 972 1716 971 1716 944 1722 928 1725 923 1722 917 1716 916 1716 914 1716 852 1716 850 1716 849 1716 825 1722 812 1725 798 1722 773 1714 771 1714 675 1714 673 1714 638 1722 629 1723 623 1722 599 1714 597 1714 596 1714 501 1720 425 1713 423 1713 422 1713 420 1713 408 1722 407 1722 334 1714 333 1714 287 1722 285 1722 196 1713 194 1713 193 1713 191 1713 179 1722 151 1714 150 1714 148 1714 102 1722 102 1760"/></Shape>
	    <String CONTENT="nimè eſt precandum, quemadmodũ docet loan."
                    HPOS="101"
                    VPOS="1713"
                    WIDTH="1054"
                    HEIGHT="76"
                    WC="0.989801401441747"></String>
          </TextLine>

          
          
          <TextLine ID="eSc_line_e090d2d8"
                    TAGREFS="LT4318"
                    BASELINE="104 1817 1152 1826" 
                    HPOS="102"
                    VPOS="1768"
                    WIDTH="1050"
                    HEIGHT="83">
            <Shape><Polygon POINTS="104 1817 102 1835 114 1844 116 1844 117 1844 118 1844 156 1836 227 1844 229 1844 230 1844 232 1844 245 1835 264 1844 266 1844 440 1845 441 1845 443 1845 471 1838 632 1848 633 1848 789 1839 800 1848 800 1850 801 1850 803 1850 804 1850 890 1841 969 1841 978 1848 978 1850 980 1850 981 1850 983 1850 1024 1842 1052 1851 1054 1851 1055 1851 1151 1841 1152 1826 1152 1787 1131 1778 1130 1778 1128 1778 1030 1784 977 1774 975 1774 974 1774 935 1784 801 1772 800 1772 798 1772 765 1780 728 1772 727 1772 725 1772 704 1781 660 1772 658 1772 657 1772 638 1783 636 1783 602 1783 590 1772 590 1771 588 1771 587 1771 585 1771 526 1781 523 1783 461 1783 459 1781 449 1772 449 1771 447 1771 446 1771 444 1771 443 1771 411 1780 401 1771 401 1769 400 1769 398 1769 397 1769 395 1769 371 1780 371 1781 281 1781 278 1780 261 1768 260 1768 258 1768 257 1768 104 1777 104 1817"/></Shape>
	    <String CONTENT="1. Epiſt5.verſ.16. &amp; exemplo Saulis confirmatur"
                    HPOS="102"
                    VPOS="1768"
                    WIDTH="1050"
                    HEIGHT="83"
                    WC="0.987537282578489"></String>
          </TextLine>

          
          
          <TextLine ID="eSc_line_5627b421"
                    TAGREFS="LT4318"
                    BASELINE="104 1878 545 1881" 
                    HPOS="102"
                    VPOS="1827"
                    WIDTH="443"
                    HEIGHT="76">
            <Shape><Polygon POINTS="104 1878 102 1891 324 1903 325 1903 544 1894 545 1881 544 1845 514 1845 514 1844 495 1829 493 1829 492 1829 490 1829 420 1832 419 1832 417 1832 417 1833 406 1844 406 1845 376 1845 374 1844 352 1829 350 1829 349 1829 348 1829 310 1836 248 1827 246 1827 245 1827 215 1842 215 1844 179 1844 178 1842 148 1829 147 1829 145 1829 144 1829 104 1841 104 1878"/></Shape>
	    <String CONTENT="1. Samuel 16. verſ. 1."
                    HPOS="102"
                    VPOS="1827"
                    WIDTH="443"
                    HEIGHT="76"></String>
          </TextLine>

          
          
          <TextLine ID="eSc_line_eb958470"
                    TAGREFS="LT4320"
                    BASELINE="169 2019 1157 2025" 
                    HPOS="168"
                    VPOS="1952"
                    WIDTH="989"
                    HEIGHT="103">
            <Shape><Polygon POINTS="168 2033 267 2034 297 2046 298 2046 300 2046 352 2036 416 2050 417 2050 496 2049 498 2049 541 2037 551 2046 553 2046 554 2046 556 2046 590 2040 602 2049 602 2050 603 2050 605 2050 606 2050 691 2038 727 2052 728 2052 730 2053 803 2053 803 2052 804 2052 831 2038 898 2038 908 2049 908 2050 910 2050 911 2050 913 2050 914 2050 945 2040 986 2053 987 2053 989 2055 1047 2055 1047 2053 1155 2038 1157 2025 1157 1954 1103 1954 1102 1954 1100 1954 1097 1955 1076 1964 1058 1955 1054 1954 1052 1954 870 1952 868 1952 823 1961 791 1969 779 1963 759 1952 758 1952 697 1952 696 1952 694 1952 664 1966 649 1972 597 1967 572 1966 571 1966 569 1966 568 1966 568 1967 566 1969 553 1980 520 1969 505 1964 504 1964 502 1964 455 1969 453 1969 452 1969 449 1972 434 1980 169 1979 169 2019"/></Shape>
	    <String CONTENT="2 Pro regibus &amp; quibuſuis in eminentia"
                    HPOS="168"
                    VPOS="1952"
                    WIDTH="989"
                    HEIGHT="103"
                    WC="0.986900004901384"></String>
          </TextLine>

          
          
          <TextLine ID="eSc_line_c4c31415"
                    TAGREFS="LT4320"
                    BASELINE="101 2088 1154 2095" 
                    HPOS="99"
                    VPOS="2037"
                    WIDTH="1055"
                    HEIGHT="86">
            <Shape><Polygon POINTS="99 2107 169 2119 171 2119 172 2119 203 2110 221 2110 309 2110 315 2110 367 2120 368 2120 520 2114 571 2122 572 2122 574 2122 591 2114 594 2113 605 2114 657 2122 658 2122 697 2116 713 2113 718 2116 730 2123 731 2123 733 2123 734 2123 736 2123 754 2116 759 2114 765 2116 788 2123 789 2123 791 2123 823 2117 837 2114 853 2117 883 2123 884 2123 886 2123 904 2117 914 2114 928 2119 942 2123 944 2123 945 2123 971 2119 987 2116 1151 2120 1154 2095 1154 2053 1044 2046 1042 2046 981 2052 945 2055 929 2052 884 2041 883 2041 881 2041 847 2050 806 2041 804 2041 803 2041 801 2041 788 2050 783 2053 779 2050 770 2046 768 2046 767 2046 765 2046 746 2050 733 2053 700 2050 602 2040 600 2040 599 2040 597 2040 582 2050 577 2053 523 2053 478 2049 468 2049 458 2038 456 2038 455 2038 453 2038 342 2049 313 2050 300 2049 248 2037 126 2037 124 2037 123 2037 101 2046 101 2088"/></Shape>
	    <String CONTENT="conſtitutis: vt tranquillam ac quietam vitam"
                    HPOS="99"
                    VPOS="2037"
                    WIDTH="1055"
                    HEIGHT="86"
                    WC="0.97677350721576"></String>
          </TextLine>

          
          
          <TextLine ID="eSc_line_4ca27583"
                    TAGREFS="LT4320"
                    BASELINE="96 2156 1063 2165" 
                    HPOS="95"
                    VPOS="2104"
                    WIDTH="968"
                    HEIGHT="103">
            <Shape><Polygon POINTS="95 2174 144 2180 156 2190 156 2192 157 2192 159 2192 160 2192 224 2178 233 2177 237 2180 257 2196 258 2196 260 2196 261 2196 325 2181 339 2180 523 2180 536 2189 551 2201 553 2201 554 2201 630 2202 632 2202 661 2199 663 2199 664 2199 672 2193 691 2181 740 2181 773 2196 779 2199 780 2199 782 2199 783 2199 788 2198 807 2187 823 2198 825 2198 826 2198 828 2198 829 2198 861 2189 896 2201 910 2205 911 2205 913 2207 1061 2207 1063 2165 1063 2126 986 2125 965 2111 963 2111 962 2111 960 2111 959 2111 923 2123 881 2110 880 2110 819 2110 817 2110 816 2110 815 2110 801 2120 786 2110 785 2110 783 2110 782 2110 780 2110 740 2122 739 2122 737 2122 706 2108 704 2108 703 2108 629 2116 608 2108 606 2108 605 2108 603 2108 602 2108 585 2120 571 2110 569 2110 568 2110 566 2110 565 2110 539 2119 539 2120 420 2120 417 2117 395 2107 394 2107 392 2107 391 2107 359 2117 356 2119 288 2119 282 2116 242 2104 240 2104 239 2104 178 2111 121 2104 120 2104 118 2104 96 2113 96 2156"/></Shape>
	    <String CONTENT="degamus cum omni pietate &amp; honeſtate."
                    HPOS="95"
                    VPOS="2104"
                    WIDTH="968"
                    HEIGHT="103"
                    WC="0.991983123727747"></String>
          </TextLine>

          
        </TextBlock>
        

        
      </PrintSpace>
    </Page>
  </Layout>
</alto>
