<?xml version="1.0" encoding="UTF-8"?>
<alto xmlns:xsi="http://www.w3.org/2001/XMLSchema-instance"
      xmlns="http://www.loc.gov/standards/alto/ns-v4#"
      xsi:schemaLocation="http://www.loc.gov/standards/alto/ns-v4# http://www.loc.gov/standards/alto/v4/alto-4-2.xsd">
  <Description>
    <MeasurementUnit>pixel</MeasurementUnit>
    <sourceImageInformation>
      <fileName>2012999.png</fileName>
      
    </sourceImageInformation>
  </Description>
  
  <Tags>
    <OtherTag ID="BT10983" LABEL="GraphicZone" DESCRIPTION="block type GraphicZone"/><OtherTag ID="BT10982" LABEL="DropCapitalZone" DESCRIPTION="block type DropCapitalZone"/><OtherTag ID="BT10981" LABEL="RunningTitleZone" DESCRIPTION="block type RunningTitleZone"/><OtherTag ID="BT10980" LABEL="NumberingZone" DESCRIPTION="block type NumberingZone"/><OtherTag ID="BT10979" LABEL="TitlePageZone" DESCRIPTION="block type TitlePageZone"/><OtherTag ID="BT10978" LABEL="QuireMarksZone" DESCRIPTION="block type QuireMarksZone"/><OtherTag ID="BT10977" LABEL="MainZone" DESCRIPTION="block type MainZone"/><OtherTag ID="BT10976" LABEL="MarginTextZone" DESCRIPTION="block type MarginTextZone"/>
    <OtherTag ID="LT4321" LABEL="default" DESCRIPTION="line type default"/><OtherTag ID="LT4319" LABEL="HeadingLine" DESCRIPTION="line type HeadingLine"/><OtherTag ID="LT4318" LABEL="DefaultLine" DESCRIPTION="line type DefaultLine"/><OtherTag ID="LT4320" LABEL="CustomLine : BiblicalText" DESCRIPTION="line type CustomLine : BiblicalText"/>
  </Tags>
  
  <Layout>
    <Page WIDTH="1807"
          HEIGHT="2677"
          PHYSICAL_IMG_NR="46"
          ID="eSc_dummypage_">
      <PrintSpace HPOS="0"
                  VPOS="0"
                  WIDTH="1807"
                  HEIGHT="2677">
        
        <TextBlock HPOS="475.59796142578125"
                   VPOS="181.34371948242188"
                   WIDTH="339.64154052734375"
                   HEIGHT="63.23362731933594"
                   ID="block_1"
                   TAGREFS="BT10981">
          <Shape><Polygon POINTS="475.598 181.344 815.24 181.344 815.24 244.577 475.598 244.577 475.598 181.344"/></Shape>
          
          
          <TextLine ID="eSc_line_55bce7b4"
                    TAGREFS="LT4319"
                    BASELINE="475 226 819 226" 
                    HPOS="475"
                    VPOS="178"
                    WIDTH="344"
                    HEIGHT="73">
            <Shape><Polygon POINTS="743 182 728 182 713 181 707 187 701 191 545 191 532 179 530 178 529 178 527 178 520 178 505 178 490 178 475 178 475 226 475 240 486 249 487 249 489 249 490 251 588 251 588 249 590 249 591 249 605 239 606 239 617 248 617 249 618 249 620 249 621 249 672 240 691 237 817 242 819 226 819 191 779 191 776 188 764 182 758 182"/></Shape>
	    <String CONTENT="CAPVT II."
                    HPOS="475"
                    VPOS="178"
                    WIDTH="344"
                    HEIGHT="73"
                    WC="0.998701956537035"></String>
          </TextLine>

          
        </TextBlock>
        
        <TextBlock HPOS="1102.25341796875"
                   VPOS="192.0155487060547"
                   WIDTH="71.0345458984375"
                   HEIGHT="60.76435852050781"
                   ID="block_2"
                   TAGREFS="BT10980">
          <Shape><Polygon POINTS="1102.25 192.016 1173.29 192.016 1173.29 252.78 1102.25 252.78 1102.25 192.016"/></Shape>
          
          
          <TextLine ID="eSc_line_dead7fa5"
                    TAGREFS="LT4318"
                    BASELINE="1108 224 1170 236" 
                    HPOS="1099"
                    VPOS="194"
                    WIDTH="69"
                    HEIGHT="67">
            <Shape><Polygon POINTS="1110 194 1106 223 1099 249 1160 261 1168 234 1157 205 1117 194 1110 194"/></Shape>
	    <String CONTENT="87"
                    HPOS="1099"
                    VPOS="194"
                    WIDTH="69"
                    HEIGHT="67"></String>
          </TextLine>

          
        </TextBlock>
        
        <TextBlock HPOS="111.0183334350586"
                   VPOS="250.5546112060547"
                   WIDTH="1066.199562072754"
                   HEIGHT="1935.2368927001953"
                   ID="block_3"
                   TAGREFS="BT10977">
          <Shape><Polygon POINTS="111.018 250.555 1177.22 250.555 1177.22 2185.79 111.018 2185.79 111.018 250.555"/></Shape>
          
          
          <TextLine ID="eSc_line_d0961843"
                    TAGREFS="LT4318"
                    BASELINE="130 297 1173 300" 
                    HPOS="130"
                    VPOS="249"
                    WIDTH="1043"
                    HEIGHT="76">
            <Shape><Polygon POINTS="130 297 130 321 353 310 388 319 389 319 391 319 392 319 408 313 414 319 417 322 419 322 420 322 422 322 443 319 487 312 533 318 563 322 565 322 566 322 575 318 591 310 603 318 609 322 611 322 612 322 652 324 654 324 655 324 670 318 685 312 706 318 721 321 722 321 724 321 725 321 740 316 759 312 765 316 774 324 776 324 777 324 779 324 780 324 798 316 810 312 844 316 880 321 881 321 883 321 899 316 914 312 1041 312 1047 315 1060 324 1061 324 1063 324 1064 325 1143 325 1143 324 1145 324 1171 313 1173 300 1173 258 1161 251 1160 251 1158 251 1157 251 1155 251 1119 260 1118 260 1116 260 1084 251 1082 251 1081 251 1079 251 1078 251 1067 260 1066 261 1003 261 1002 260 983 251 981 251 880 251 878 251 877 251 875 251 862 260 861 260 859 260 835 251 834 251 832 251 748 258 715 251 713 251 712 251 710 251 709 251 696 258 693 260 508 260 508 258 487 249 486 249 484 249 435 258 431 260 389 260 388 258 374 249 373 249 371 249 370 249 327 258 324 258 321 258 292 249 291 249 290 249 251 258 246 258 133 258 130 260"/></Shape>
	    <String CONTENT="quam hoc omnino perperam &amp; peſſimè receptũ"
                    HPOS="130"
                    VPOS="249"
                    WIDTH="1043"
                    HEIGHT="76"
                    WC="0.989684542471712"></String>
          </TextLine>

          
          
          <TextLine ID="eSc_line_7a4c5b49"
                    TAGREFS="LT4318"
                    BASELINE="124 356 1171 353" 
                    HPOS="123"
                    VPOS="307"
                    WIDTH="1048"
                    HEIGHT="76">
            <Shape><Polygon POINTS="124 356 124 373 190 373 199 380 200 380 202 380 203 380 205 380 226 373 237 382 239 382 240 382 242 382 334 373 345 373 350 373 388 382 389 383 487 383 487 382 489 382 490 382 498 374 501 373 520 374 587 380 588 380 623 374 648 371 706 371 715 376 722 380 724 380 725 380 727 380 761 376 792 371 812 376 822 379 823 379 825 379 826 379 832 376 844 371 901 371 908 376 911 380 913 380 914 380 916 380 957 377 1018 371 1044 377 1057 380 1058 380 1060 380 1170 377 1171 353 1170 321 1154 312 1152 312 1151 312 1051 319 1035 309 1033 309 1032 309 980 307 978 307 977 307 975 307 960 321 935 321 911 307 910 307 908 307 762 315 731 307 730 307 728 307 727 307 709 315 685 307 684 307 682 307 681 307 651 321 602 322 316 322 257 309 168 309 166 309 165 309 123 322 124 356"/></Shape>
	    <String CONTENT="eſt vſquam gentium, vt ſit iuriſdictio vlla pars"
                    HPOS="123"
                    VPOS="307"
                    WIDTH="1048"
                    HEIGHT="76"
                    WC="0.986967951059341"></String>
          </TextLine>

          
          
          <TextLine ID="eSc_line_869dbd99"
                    TAGREFS="LT4318"
                    BASELINE="126 416 1170 416" 
                    HPOS="126"
                    VPOS="367"
                    WIDTH="1044"
                    HEIGHT="76">
            <Shape><Polygon POINTS="126 416 126 431 237 432 251 441 252 441 254 441 255 441 257 441 285 432 287 432 288 432 300 441 301 441 303 441 304 443 410 443 410 441 411 441 426 434 431 432 523 432 526 434 533 441 535 441 536 441 538 441 575 435 590 432 603 435 632 441 633 441 673 435 697 432 794 432 803 437 810 441 812 441 813 441 815 443 884 443 884 441 886 441 887 441 892 437 896 434 911 437 931 441 932 441 991 438 1078 432 1094 438 1102 441 1103 441 1105 441 1170 438 1170 416 1168 374 1070 376 1067 374 1058 367 1057 367 1055 367 1011 367 1009 367 1008 367 984 374 978 376 975 374 966 367 965 367 963 367 962 367 928 374 926 374 923 374 893 367 892 367 890 367 889 367 887 367 880 374 877 377 835 377 832 374 815 367 813 367 812 367 810 367 809 367 798 374 795 377 734 377 733 374 724 367 722 367 721 367 719 367 718 367 687 374 657 367 655 367 654 367 652 367 635 376 633 377 542 377 536 376 492 367 490 367 489 367 487 367 478 376 477 377 437 377 435 376 417 367 416 367 414 367 413 367 388 376 386 376 383 376 331 367 330 367 328 367 327 367 312 376 310 377 246 377 246 376 227 367 226 367 224 367 126 376 126 416"/></Shape>
	    <String CONTENT="patrimonij, &amp; reditus noſtri ac dominij, ſed tam"
                    HPOS="126"
                    VPOS="367"
                    WIDTH="1044"
                    HEIGHT="76"
                    WC="0.993779915074507"></String>
          </TextLine>

          
          
          <TextLine ID="eSc_line_7cbb67de"
                    TAGREFS="LT4318"
                    BASELINE="124 472 1168 475" 
                    HPOS="124"
                    VPOS="426"
                    WIDTH="1044"
                    HEIGHT="72">
            <Shape><Polygon POINTS="124 472 124 495 632 489 638 493 643 498 645 498 646 498 648 498 675 492 688 490 767 492 1002 498 1003 498 1005 498 1027 490 1029 490 1167 490 1168 475 1167 437 748 428 746 428 745 428 743 428 736 435 734 437 652 437 646 435 615 426 614 426 612 426 611 426 585 434 516 426 514 426 461 434 458 435 239 435 236 434 217 426 215 426 214 426 124 432 124 472"/></Shape>
	    <String CONTENT="latè patet &amp; graſſatur in omnia auaritia, vt etiam"
                    HPOS="124"
                    VPOS="426"
                    WIDTH="1044"
                    HEIGHT="72"
                    WC="0.975353631318784"></String>
          </TextLine>

          
          
          <TextLine ID="eSc_line_ac8a6d23"
                    TAGREFS="LT4318"
                    BASELINE="124 529 1167 533" 
                    HPOS="124"
                    VPOS="480"
                    WIDTH="1043"
                    HEIGHT="79">
            <Shape><Polygon POINTS="124 529 124 550 456 550 472 557 474 557 475 557 477 557 505 550 513 557 514 557 516 557 517 559 582 559 582 557 584 557 608 548 611 548 780 548 785 548 819 559 820 559 822 559 823 559 855 550 875 559 877 559 878 559 880 559 904 550 1027 559 1029 559 1165 548 1167 533 1167 492 1149 483 1148 483 1146 483 1060 490 1011 483 1009 483 1008 483 1006 483 996 492 994 493 884 493 880 492 871 483 870 483 868 483 832 483 831 483 829 483 797 490 794 492 792 490 782 483 782 481 780 481 779 481 715 481 713 481 712 481 710 481 703 489 681 481 679 481 678 481 639 490 633 492 626 490 593 481 591 481 590 481 493 490 471 492 406 492 404 490 392 480 391 480 389 480 388 480 306 490 297 492 233 492 230 490 212 480 211 480 209 480 208 480 187 490 184 490 124 490 124 529"/></Shape>
	    <String CONTENT="res ſacratiſsimas, qualis eſt Magiſtratus, fecerit"
                    HPOS="124"
                    VPOS="480"
                    WIDTH="1043"
                    HEIGHT="79"
                    WC="0.980246920585632"></String>
          </TextLine>

          
          
          <TextLine ID="eSc_line_9bd23734"
                    TAGREFS="LT4318"
                    BASELINE="126 591 1170 591" 
                    HPOS="126"
                    VPOS="547"
                    WIDTH="1044"
                    HEIGHT="70">
            <Shape><Polygon POINTS="126 617 1170 617 1170 591 1170 547 1091 547 1090 547 1088 547 1087 547 1076 554 1023 547 1021 547 951 554 874 547 873 547 871 547 855 556 681 556 642 547 641 547 639 547 638 547 621 556 495 556 471 547 469 547 468 547 466 547 419 554 292 547 288 547 287 547 285 547 284 547 275 556 150 556 127 547 126 591 126 617"/></Shape>
	    <String CONTENT="patrimoniales &amp; in cenſu numeret : non autem"
                    HPOS="126"
                    VPOS="547"
                    WIDTH="1044"
                    HEIGHT="70"
                    WC="0.987800428813154"></String>
          </TextLine>

          
          
          <TextLine ID="eSc_line_ac5719cd"
                    TAGREFS="LT4318"
                    BASELINE="130 645 1170 648" 
                    HPOS="129"
                    VPOS="600"
                    WIDTH="1041"
                    HEIGHT="72">
            <Shape><Polygon POINTS="130 645 129 660 159 670 160 670 162 670 163 670 165 670 175 663 202 670 203 670 205 672 394 672 394 670 395 670 397 670 406 663 407 663 411 663 456 670 458 670 511 664 529 663 563 664 664 672 666 672 743 667 783 664 1167 670 1170 648 1167 605 870 611 810 606 765 602 764 602 762 602 761 602 757 606 752 611 688 611 670 606 649 600 648 600 646 600 529 606 480 609 475 608 465 600 464 600 462 600 461 600 459 600 458 600 449 608 447 609 444 608 434 600 432 600 431 600 356 600 355 600 353 600 352 600 345 608 342 611 282 611 278 608 260 600 258 600 257 600 255 600 254 600 245 608 243 611 199 611 194 608 168 600 166 600 165 600 130 608 130 645"/></Shape>
	    <String CONTENT="virtuti &amp; doctrinæ eorum, qui ſunt capaces eorũ"
                    HPOS="129"
                    VPOS="600"
                    WIDTH="1041"
                    HEIGHT="72"
                    WC="0.966875693450371"></String>
          </TextLine>

          
          
          <TextLine ID="eSc_line_6bd49cfe"
                    TAGREFS="LT4318"
                    BASELINE="121 706 1165 703" 
                    HPOS="120"
                    VPOS="658"
                    WIDTH="1045"
                    HEIGHT="69">
            <Shape><Polygon POINTS="121 706 121 727 1164 727 1165 703 1161 669 1128 669 1127 669 1115 658 1113 658 1112 658 1069 658 1067 658 1066 658 1064 658 1064 660 1054 669 1052 669 1045 669 978 661 977 661 898 669 892 669 890 669 855 658 853 658 752 658 751 658 749 658 748 658 733 669 730 669 519 660 517 660 516 660 478 670 477 670 475 670 458 660 456 660 377 660 376 660 288 670 287 670 285 670 257 660 255 660 254 660 252 660 233 670 202 660 200 660 199 660 120 670 121 706"/></Shape>
	    <String CONTENT="munerum, tribuat. Vide quæ ſcribuntur can. Mu¬"
                    HPOS="120"
                    VPOS="658"
                    WIDTH="1045"
                    HEIGHT="69"
                    WC="0.977535519910895"></String>
          </TextLine>

          
          
          <TextLine ID="eSc_line_6d94177d"
                    TAGREFS="LT4318"
                    BASELINE="124 767 935 764" 
                    HPOS="123"
                    VPOS="718"
                    WIDTH="812"
                    HEIGHT="86">
            <Shape><Polygon POINTS="124 767 127 803 151 788 258 788 275 800 278 803 279 803 281 803 282 804 391 804 391 803 392 803 406 797 426 788 462 788 469 795 477 801 477 803 478 803 480 803 481 804 507 804 507 803 508 803 529 794 547 786 643 786 657 791 679 801 681 801 682 803 739 803 739 801 740 801 742 801 757 789 761 786 780 789 873 801 874 801 875 801 877 801 877 800 892 786 893 786 933 786 935 764 932 730 728 721 727 721 663 727 633 728 618 725 582 718 581 718 580 718 566 725 559 728 553 725 538 718 536 718 535 718 533 718 520 724 510 730 487 724 468 719 466 719 465 719 431 724 383 730 373 722 368 719 367 719 365 719 322 719 321 719 307 722 276 730 254 721 251 721 249 721 123 721 124 767"/></Shape>
	    <String CONTENT="lierem 33. quæſt.5. de hoc argumento."
                    HPOS="123"
                    VPOS="718"
                    WIDTH="812"
                    HEIGHT="86"></String>
          </TextLine>

          
          
          <TextLine ID="eSc_line_7a0495f8"
                    TAGREFS="LT4320"
                    BASELINE="191 893 1167 893" 
                    HPOS="191"
                    VPOS="835"
                    WIDTH="976"
                    HEIGHT="90">
            <Shape><Polygon POINTS="191 911 651 923 652 923 654 923 669 917 691 910 734 919 759 923 761 923 786 919 815 914 844 920 865 923 867 923 868 923 870 923 873 920 884 910 957 910 994 922 1000 923 1002 923 1003 925 1119 925 1119 923 1121 923 1122 923 1139 913 1164 923 1167 893 1167 840 917 835 916 835 878 841 844 847 837 841 831 837 831 835 829 835 828 835 785 835 783 835 782 835 780 835 773 843 764 849 670 843 638 841 636 841 635 841 627 843 605 849 582 844 548 835 547 835 504 844 480 849 464 844 432 835 431 835 362 835 361 835 359 835 337 846 330 850 261 850 255 846 239 838 237 838 236 838 234 838 220 846 215 849 191 847 191 893"/></Shape>
	    <String CONTENT="13 Adam enim prior formatus eſt, de¬"
                    HPOS="191"
                    VPOS="835"
                    WIDTH="976"
                    HEIGHT="90"
                    WC="0.997699624962277"></String>
          </TextLine>

          
          
          <TextLine ID="eSc_line_c6db5377"
                    TAGREFS="LT4320"
                    BASELINE="120 962 382 959" 
                    HPOS="118"
                    VPOS="901"
                    WIDTH="264"
                    HEIGHT="86">
            <Shape><Polygon POINTS="120 987 380 972 382 959 377 919 346 919 343 917 319 901 318 901 316 901 266 901 264 901 263 901 261 901 240 917 237 920 234 917 220 907 218 907 217 907 215 907 214 907 182 917 181 917 145 905 144 905 142 905 141 905 118 914 120 962"/></Shape>
	    <String CONTENT="inde Eua."
                    HPOS="118"
                    VPOS="901"
                    WIDTH="264"
                    HEIGHT="86"
                    WC="0.999387237760756"></String>
          </TextLine>

          
          
          <TextLine ID="eSc_line_8300188c"
                    TAGREFS="LT4318"
                    BASELINE="181 1051 1168 1054" 
                    HPOS="179"
                    VPOS="999"
                    WIDTH="989"
                    HEIGHT="79">
            <Shape><Polygon POINTS="181 1051 179 1066 200 1076 202 1076 203 1076 266 1069 565 1076 566 1076 568 1076 600 1069 645 1076 646 1076 713 1070 792 1078 794 1078 795 1078 819 1070 914 1078 916 1078 917 1078 938 1070 1110 1078 1112 1078 1167 1069 1168 1054 1167 1012 1097 1000 1096 1000 1094 1000 1061 1011 1061 1012 999 1012 999 1011 969 1000 968 1000 966 1000 911 1011 910 1011 896 1000 895 1000 893 1000 892 1000 890 1000 859 1011 858 1011 852 1011 774 1002 773 1002 771 1002 770 1002 758 1011 757 1011 731 1003 730 1003 728 1003 727 1003 709 1011 707 1011 704 1011 676 999 675 999 673 999 672 999 645 1009 623 1000 621 1000 620 1000 577 1009 544 999 542 999 541 999 483 1008 471 999 469 999 468 999 337 999 336 999 334 999 304 1008 208 1000 206 1000 205 1000 181 1008 181 1051"/></Shape>
	    <String CONTENT="A’ιτιολoyίa eſt ſaperioris ſententiæ ab ordine"
                    HPOS="179"
                    VPOS="999"
                    WIDTH="989"
                    HEIGHT="79"></String>
          </TextLine>

          
          
          <TextLine ID="eSc_line_2913b143"
                    TAGREFS="LT4318"
                    BASELINE="121 1110 1165 1113" 
                    HPOS="120"
                    VPOS="1064"
                    WIDTH="1045"
                    HEIGHT="72">
            <Shape><Polygon POINTS="121 1110 120 1133 1163 1136 1165 1113 1165 1076 1133 1066 1131 1066 1130 1066 904 1075 892 1075 889 1075 843 1066 841 1066 745 1073 703 1066 701 1066 700 1066 673 1075 670 1075 666 1075 612 1064 611 1064 547 1073 545 1073 466 1066 465 1066 417 1073 416 1073 414 1073 394 1064 392 1064 391 1064 389 1064 359 1073 358 1073 336 1064 334 1064 333 1064 121 1072 121 1110"/></Shape>
	    <String CONTENT="naturali ducta, quem Dominus Deus inter vtrũ¬"
                    HPOS="120"
                    VPOS="1064"
                    WIDTH="1045"
                    HEIGHT="72"
                    WC="0.981412689323011"></String>
          </TextLine>

          
          
          <TextLine ID="eSc_line_9543f25c"
                    TAGREFS="LT4318"
                    BASELINE="126 1170 1165 1170" 
                    HPOS="126"
                    VPOS="1122"
                    WIDTH="1039"
                    HEIGHT="72">
            <Shape><Polygon POINTS="126 1170 126 1194 1165 1188 1165 1170 1165 1133 1088 1122 1087 1122 1085 1122 1054 1131 925 1122 923 1122 823 1131 813 1122 812 1122 810 1122 718 1122 716 1122 600 1131 544 1122 542 1122 541 1122 522 1131 446 1122 444 1122 443 1122 441 1122 432 1131 416 1124 414 1124 413 1124 411 1124 410 1124 400 1133 270 1133 226 1122 224 1122 223 1122 203 1133 126 1133 126 1170"/></Shape>
	    <String CONTENT="que ſexum conſtituit rerum initio, &amp; ſtatim ab i¬"
                    HPOS="126"
                    VPOS="1122"
                    WIDTH="1039"
                    HEIGHT="72"
                    WC="0.987278330082796"></String>
          </TextLine>

          
          
          <TextLine ID="eSc_line_77f2ffa7"
                    TAGREFS="LT4318"
                    BASELINE="123 1226 1170 1231" 
                    HPOS="123"
                    VPOS="1180"
                    WIDTH="1047"
                    HEIGHT="70">
            <Shape><Polygon POINTS="123 1226 123 1250 1168 1247 1170 1231 1170 1192 1134 1183 1133 1183 1131 1183 1130 1183 1121 1191 1082 1183 1081 1183 1012 1191 1006 1191 991 1191 849 1183 847 1183 846 1183 826 1189 820 1191 815 1189 780 1182 779 1182 742 1189 737 1189 734 1189 690 1182 688 1182 645 1189 636 1191 551 1191 548 1188 541 1182 539 1182 538 1182 536 1182 465 1188 456 1188 455 1188 440 1180 438 1180 437 1180 435 1180 419 1188 416 1188 406 1188 336 1180 334 1180 301 1186 294 1188 291 1186 279 1180 278 1180 276 1180 275 1180 258 1186 254 1188 243 1186 209 1180 208 1180 123 1185 123 1226"/></Shape>
	    <String CONTENT="pſa vtriuſque creatione. Is autem fuit, vt pareret"
                    HPOS="123"
                    VPOS="1180"
                    WIDTH="1047"
                    HEIGHT="70"
                    WC="0.994516235589981"></String>
          </TextLine>

          
          
          <TextLine ID="eSc_line_b813509a"
                    TAGREFS="LT4318"
                    BASELINE="121 1286 1168 1292" 
                    HPOS="120"
                    VPOS="1237"
                    WIDTH="1048"
                    HEIGHT="76">
            <Shape><Polygon POINTS="121 1286 120 1301 130 1308 132 1308 133 1308 135 1308 382 1301 526 1310 1143 1313 1145 1313 1146 1313 1167 1304 1168 1292 1165 1241 1121 1252 1047 1252 1027 1241 1026 1241 1024 1241 1023 1241 1006 1250 994 1241 993 1241 991 1241 990 1241 989 1241 987 1241 954 1250 917 1241 905 1240 904 1240 890 1241 853 1249 817 1243 803 1240 801 1240 785 1243 749 1249 715 1243 699 1240 697 1240 696 1240 687 1243 670 1247 584 1243 513 1240 511 1240 510 1240 508 1240 504 1243 498 1247 486 1243 472 1240 471 1240 469 1240 468 1240 459 1244 450 1247 413 1244 370 1240 368 1240 367 1240 350 1244 345 1246 342 1244 330 1237 328 1237 327 1237 325 1237 121 1244 121 1286"/></Shape>
	    <String CONTENT="mulier. Vir autẽ caput &amp; ſuperior eſſet. Id quod"
                    HPOS="120"
                    VPOS="1237"
                    WIDTH="1048"
                    HEIGHT="76"
                    WC="0.969420561985094"></String>
          </TextLine>

          
          
          <TextLine ID="eSc_line_09d75465"
                    TAGREFS="LT4318"
                    BASELINE="121 1342 1163 1350" 
                    HPOS="120"
                    VPOS="1296"
                    WIDTH="1043"
                    HEIGHT="76">
            <Shape><Polygon POINTS="121 1342 120 1363 226 1368 227 1368 229 1368 237 1365 255 1359 327 1359 362 1366 379 1369 380 1369 414 1366 487 1360 596 1368 639 1371 641 1371 655 1369 694 1362 706 1369 707 1371 709 1371 710 1371 767 1372 768 1372 810 1369 913 1363 1160 1372 1163 1350 1161 1314 1109 1314 1109 1313 1097 1304 1097 1302 1096 1302 1094 1302 1093 1302 1023 1311 1012 1313 1005 1311 953 1301 905 1301 904 1301 902 1301 901 1301 889 1310 889 1311 886 1310 861 1302 859 1302 858 1302 856 1302 855 1302 843 1310 840 1311 832 1310 803 1302 801 1302 800 1302 798 1302 797 1302 786 1310 782 1311 691 1311 682 1308 649 1299 648 1299 646 1299 600 1307 582 1310 560 1307 505 1298 504 1298 502 1298 486 1305 483 1305 359 1298 358 1298 306 1304 278 1307 273 1304 266 1298 266 1296 264 1296 263 1296 261 1296 260 1296 234 1302 224 1305 220 1302 211 1296 209 1296 208 1296 206 1296 121 1301 121 1342"/></Shape>
	    <String CONTENT="ex ipſo ordine creationis apparet. Adam enim,"
                    HPOS="120"
                    VPOS="1296"
                    WIDTH="1043"
                    HEIGHT="76"
                    WC="0.996983306937748"></String>
          </TextLine>

          
          
          <TextLine ID="eSc_line_7067f107"
                    TAGREFS="LT4318"
                    BASELINE="124 1402 1161 1408" 
                    HPOS="123"
                    VPOS="1356"
                    WIDTH="1038"
                    HEIGHT="74">
            <Shape><Polygon POINTS="124 1402 123 1423 1158 1430 1161 1408 1160 1374 1076 1374 1075 1372 1058 1360 1057 1360 1055 1360 1054 1360 1052 1360 1020 1372 1018 1374 957 1374 956 1372 944 1362 944 1360 942 1360 941 1360 939 1360 884 1371 868 1359 867 1359 865 1359 864 1359 815 1360 813 1360 812 1360 812 1362 800 1371 800 1372 678 1372 675 1371 663 1362 661 1362 660 1362 658 1362 657 1362 655 1362 643 1371 642 1371 624 1357 623 1357 621 1357 620 1357 481 1365 456 1357 455 1357 453 1357 452 1357 450 1357 435 1369 434 1369 398 1357 397 1357 395 1357 327 1368 313 1357 312 1357 310 1357 276 1356 246 1356 245 1356 243 1356 242 1356 224 1368 220 1368 159 1360 157 1360 124 1366 124 1402"/></Shape>
	    <String CONTENT="qui eſt mas &amp; vir, prior creatus eſt. Eua autem,"
                    HPOS="123"
                    VPOS="1356"
                    WIDTH="1038"
                    HEIGHT="74"
                    WC="0.99826455488801"></String>
          </TextLine>

          
          
          <TextLine ID="eSc_line_b28871f6"
                    TAGREFS="LT4318"
                    BASELINE="124 1461 1164 1464" 
                    HPOS="124"
                    VPOS="1417"
                    WIDTH="1040"
                    HEIGHT="71">
            <Shape><Polygon POINTS="124 1461 124 1481 812 1481 823 1488 825 1488 826 1488 828 1488 1163 1479 1164 1464 1164 1432 1127 1418 1125 1418 1102 1418 1100 1418 1099 1418 1097 1418 1097 1420 1085 1430 1052 1418 1051 1418 1049 1418 1048 1418 1023 1430 1006 1418 1005 1418 1003 1418 1002 1418 950 1430 948 1432 816 1432 815 1430 803 1420 803 1418 801 1418 800 1418 798 1418 594 1429 574 1417 572 1417 571 1417 569 1417 568 1417 532 1429 532 1430 438 1430 437 1429 420 1417 419 1417 417 1417 416 1417 362 1429 361 1429 342 1417 340 1417 339 1417 337 1417 175 1418 174 1418 172 1418 159 1429 157 1429 124 1429 124 1461"/></Shape>
	    <String CONTENT="quæ eſt fœmina, poſterior. Sed tamen eodem die"
                    HPOS="124"
                    VPOS="1417"
                    WIDTH="1040"
                    HEIGHT="71"
                    WC="0.973986398914586"></String>
          </TextLine>

          
          
          <TextLine ID="eSc_line_d2a29fbb"
                    TAGREFS="LT4318"
                    BASELINE="123 1521 1165 1525" 
                    HPOS="121"
                    VPOS="1482"
                    WIDTH="1044"
                    HEIGHT="64">
            <Shape><Polygon POINTS="123 1521 121 1533 150 1542 151 1542 153 1542 258 1536 273 1543 275 1543 276 1543 584 1537 594 1545 596 1545 597 1545 599 1545 813 1537 859 1546 861 1546 1006 1539 1145 1546 1146 1546 1148 1546 1164 1537 1165 1525 1165 1485 123 1482 123 1521"/></Shape>
	    <String CONTENT="vt docetur tum Geneſ. cap.I.verſ.27. tum 2.verſ."
                    HPOS="121"
                    VPOS="1482"
                    WIDTH="1044"
                    HEIGHT="64"></String>
          </TextLine>

          
          
          <TextLine ID="eSc_line_d1ac7e46"
                    TAGREFS="LT4318"
                    BASELINE="121 1579 1163 1582" 
                    HPOS="121"
                    VPOS="1536"
                    WIDTH="1042"
                    HEIGHT="64">
            <Shape><Polygon POINTS="121 1579 121 1600 1161 1595 1163 1582 1161 1548 1107 1537 1106 1537 1055 1546 1033 1537 1032 1537 1030 1537 954 1546 951 1546 950 1546 910 1537 908 1537 907 1537 887 1546 886 1546 867 1539 865 1539 864 1539 829 1546 826 1546 825 1546 804 1537 803 1537 801 1537 762 1546 759 1546 748 1537 746 1537 745 1537 693 1537 691 1537 649 1546 645 1546 643 1546 632 1536 630 1536 629 1536 627 1536 626 1536 594 1545 519 1537 517 1537 516 1537 514 1537 502 1545 501 1546 290 1546 288 1545 270 1536 269 1536 267 1536 121 1543 121 1579"/></Shape>
	    <String CONTENT="18. Non tam autem ex natiuitatis ordine Paulus"
                    HPOS="121"
                    VPOS="1536"
                    WIDTH="1042"
                    HEIGHT="64"
                    WC="0.996498917755873"></String>
          </TextLine>

          
          
          <TextLine ID="eSc_line_43dde078"
                    TAGREFS="LT4318"
                    BASELINE="121 1638 1164 1641" 
                    HPOS="120"
                    VPOS="1594"
                    WIDTH="1044"
                    HEIGHT="67">
            <Shape><Polygon POINTS="121 1638 120 1650 156 1661 157 1661 159 1661 266 1653 1161 1659 1164 1641 1161 1598 951 1604 922 1597 916 1595 914 1595 913 1595 911 1595 910 1595 908 1597 898 1606 841 1606 810 1595 807 1595 806 1595 804 1595 803 1595 801 1595 785 1606 699 1606 681 1595 679 1595 678 1595 676 1595 675 1595 673 1595 642 1604 597 1604 588 1595 587 1594 585 1594 584 1594 582 1594 574 1595 535 1603 452 1594 438 1594 437 1594 429 1594 379 1603 368 1594 367 1594 365 1594 331 1594 330 1594 328 1594 327 1594 313 1604 224 1604 121 1594 121 1638"/></Shape>
	    <String CONTENT="argumentatur &amp; probat virum ſuperiorem eſſe:"
                    HPOS="120"
                    VPOS="1594"
                    WIDTH="1044"
                    HEIGHT="67"
                    WC="0.996499275619333"></String>
          </TextLine>

          
          
          <TextLine ID="eSc_line_1b2b5a09"
                    TAGREFS="LT4318"
                    BASELINE="123 1695 1167 1699" 
                    HPOS="121"
                    VPOS="1652"
                    WIDTH="1046"
                    HEIGHT="68">
            <Shape><Polygon POINTS="123 1695 121 1708 139 1717 141 1717 142 1717 397 1711 447 1711 455 1713 477 1719 478 1719 480 1719 663 1714 785 1713 1164 1720 1167 1699 1165 1655 972 1667 844 1656 794 1653 667 1653 666 1653 664 1653 654 1658 641 1667 486 1667 465 1661 452 1656 450 1656 449 1656 404 1661 371 1664 365 1661 349 1652 348 1652 346 1652 345 1652 312 1661 301 1664 123 1664 123 1695"/></Shape>
	    <String CONTENT="quàm ex fine creationis mulieris. Nam creata eſt"
                    HPOS="121"
                    VPOS="1652"
                    WIDTH="1046"
                    HEIGHT="68"
                    WC="0.991230451330847"></String>
          </TextLine>

          
          
          <TextLine ID="eSc_line_07950b18"
                    TAGREFS="LT4318"
                    BASELINE="120 1754 1160 1757" 
                    HPOS="120"
                    VPOS="1711"
                    WIDTH="1040"
                    HEIGHT="69">
            <Shape><Polygon POINTS="120 1754 120 1777 501 1769 572 1778 574 1778 575 1778 578 1778 709 1771 725 1780 727 1780 728 1780 730 1780 737 1780 782 1772 834 1780 840 1780 841 1780 858 1780 1009 1772 1047 1780 1048 1780 1049 1780 1051 1780 1069 1771 1157 1780 1160 1757 1158 1726 1075 1726 1073 1725 1042 1713 1041 1713 1039 1713 968 1723 966 1723 944 1713 942 1713 941 1713 939 1713 938 1713 923 1723 920 1726 864 1726 859 1723 840 1713 838 1713 798 1713 797 1713 795 1713 794 1713 782 1722 777 1725 768 1722 740 1713 739 1713 666 1713 664 1713 663 1713 661 1713 651 1720 646 1723 638 1720 611 1711 609 1711 608 1711 606 1711 584 1720 574 1723 559 1720 526 1711 524 1711 523 1711 472 1719 468 1719 464 1719 406 1711 404 1711 403 1711 389 1717 379 1725 150 1725 141 1716 136 1713 136 1711 135 1711 133 1711 132 1711 130 1711 120 1714 120 1754"/></Shape>
	    <String CONTENT="fœ mina, vt eſſet viro in adiutorium, &amp; ad eum,"
                    HPOS="120"
                    VPOS="1711"
                    WIDTH="1040"
                    HEIGHT="69"
                    WC="0.979440333995413"></String>
          </TextLine>

          
          
          <TextLine ID="eSc_line_911ec234"
                    TAGREFS="LT4318"
                    BASELINE="120 1811 1164 1815" 
                    HPOS="118"
                    VPOS="1768"
                    WIDTH="1046"
                    HEIGHT="76">
            <Shape><Polygon POINTS="120 1811 118 1826 179 1827 193 1839 194 1839 196 1839 197 1839 376 1830 423 1829 435 1832 466 1841 468 1841 469 1841 471 1841 502 1833 511 1830 517 1833 535 1841 536 1841 538 1841 577 1833 590 1832 646 1835 745 1841 746 1841 748 1841 757 1836 770 1830 815 1830 834 1838 835 1838 837 1838 843 1838 920 1832 929 1839 932 1841 932 1842 933 1842 935 1842 936 1842 938 1842 939 1842 942 1839 951 1832 965 1839 969 1842 971 1842 972 1842 999 1841 1099 1832 1113 1842 1115 1842 1116 1842 1118 1844 1163 1844 1164 1815 1163 1784 1109 1774 1107 1774 1048 1780 1033 1771 1032 1771 1030 1771 1029 1771 938 1783 932 1783 923 1783 840 1775 838 1775 837 1775 826 1781 807 1769 806 1769 804 1769 761 1769 759 1769 758 1769 757 1769 737 1781 736 1781 721 1781 663 1781 645 1769 643 1769 642 1769 641 1769 544 1781 535 1781 429 1781 429 1780 373 1768 371 1768 267 1780 260 1780 120 1780 120 1811"/></Shape>
	    <String CONTENT="tanquam ſuum propriúmque finem reſpiceret."
                    HPOS="118"
                    VPOS="1768"
                    WIDTH="1046"
                    HEIGHT="76"
                    WC="0.988003690575444"></String>
          </TextLine>

          
          
          <TextLine ID="eSc_line_884e71a5"
                    TAGREFS="LT4318"
                    BASELINE="126 1870 1164 1875" 
                    HPOS="124"
                    VPOS="1826"
                    WIDTH="1040"
                    HEIGHT="71">
            <Shape><Polygon POINTS="126 1870 124 1882 150 1894 151 1894 153 1894 420 1885 533 1896 535 1896 574 1888 685 1896 687 1896 688 1896 707 1887 754 1896 755 1896 800 1887 864 1896 865 1896 1061 1888 1140 1897 1142 1897 1143 1897 1163 1887 1164 1875 1164 1842 1133 1829 1131 1829 1130 1829 957 1839 913 1841 908 1838 896 1829 895 1829 893 1829 892 1829 770 1836 700 1839 664 1833 623 1827 621 1827 620 1827 605 1833 588 1841 475 1841 464 1830 459 1826 458 1826 456 1826 431 1826 429 1826 428 1826 426 1826 426 1827 422 1830 413 1839 218 1839 126 1826 126 1870"/></Shape>
	    <String CONTENT="Quæ autem ad finem aliquem deſtinantur illíq;"
                    HPOS="124"
                    VPOS="1826"
                    WIDTH="1040"
                    HEIGHT="71"
                    WC="0.987900034241054"></String>
          </TextLine>

          
          
          <TextLine ID="eSc_line_1adb657d"
                    TAGREFS="LT4318"
                    BASELINE="120 1931 1164 1934" 
                    HPOS="118"
                    VPOS="1884"
                    WIDTH="1046"
                    HEIGHT="70">
            <Shape><Polygon POINTS="120 1931 118 1948 392 1952 394 1952 395 1952 400 1951 411 1945 459 1951 478 1952 480 1952 481 1952 484 1951 498 1945 641 1945 713 1952 736 1954 737 1954 739 1954 740 1954 742 1952 751 1946 942 1946 1161 1954 1164 1934 1161 1887 917 1896 902 1885 901 1885 899 1885 823 1885 822 1885 820 1885 819 1885 801 1896 752 1888 751 1888 749 1888 728 1896 700 1885 699 1885 697 1885 696 1885 693 1885 642 1896 591 1885 582 1884 548 1884 547 1884 545 1884 544 1884 542 1885 530 1896 435 1896 423 1885 423 1884 422 1884 420 1884 419 1884 417 1884 413 1885 382 1896 234 1896 214 1885 211 1884 209 1884 208 1884 206 1884 205 1884 205 1885 190 1894 178 1885 176 1885 175 1885 120 1885 120 1931"/></Shape>
	    <String CONTENT="ſubſeruiunt, ſunt eo fine minora, inferiora, ac illi"
                    HPOS="118"
                    VPOS="1884"
                    WIDTH="1046"
                    HEIGHT="70"
                    WC="0.985324163849537"></String>
          </TextLine>

          
          
          <TextLine ID="eSc_line_4fbd050e"
                    TAGREFS="LT4318"
                    BASELINE="121 1989 1165 1992" 
                    HPOS="120"
                    VPOS="1942"
                    WIDTH="1045"
                    HEIGHT="71">
            <Shape><Polygon POINTS="121 1989 120 2003 172 2012 174 2012 501 2007 642 2006 1163 2013 1165 1992 1164 1955 1030 1955 1029 1954 1012 1946 1011 1946 1009 1946 1008 1946 989 1954 987 1954 963 1943 962 1943 960 1943 913 1954 905 1954 896 1952 828 1943 826 1943 825 1943 794 1952 788 1954 779 1952 733 1943 676 1943 675 1943 673 1943 672 1943 661 1952 660 1954 527 1954 522 1951 493 1942 492 1942 490 1942 489 1942 456 1951 447 1952 419 1951 337 1943 336 1943 334 1943 315 1949 304 1952 294 1949 267 1942 266 1942 264 1942 121 1948 121 1989"/></Shape>
	    <String CONTENT="ſubiecta. Id quod verum eſſe ratio omnis &amp; natu¬"
                    HPOS="120"
                    VPOS="1942"
                    WIDTH="1045"
                    HEIGHT="71"
                    WC="0.99369569743673"></String>
          </TextLine>

          
          
          <TextLine ID="eSc_line_2d611c0d"
                    TAGREFS="LT4318"
                    BASELINE="123 2046 1164 2049" 
                    HPOS="121"
                    VPOS="2000"
                    WIDTH="1043"
                    HEIGHT="74">
            <Shape><Polygon POINTS="123 2046 121 2061 234 2071 236 2071 312 2064 404 2064 413 2071 414 2071 416 2071 417 2071 544 2064 566 2071 568 2071 569 2071 632 2064 645 2073 646 2073 648 2073 649 2074 1151 2074 1151 2073 1152 2073 1154 2073 1163 2064 1164 2049 1163 2012 1038 2001 1036 2001 1035 2001 1011 2010 980 2001 978 2001 977 2001 975 2001 957 2010 956 2012 905 2012 902 2010 855 2001 853 2001 783 2010 776 2010 762 2001 761 2001 759 2001 701 2001 700 2001 699 2001 697 2001 688 2010 687 2012 645 2012 639 2010 602 2000 600 2000 599 2000 548 2009 523 2000 522 2000 478 2000 477 2000 475 2000 474 2000 464 2009 431 2000 429 2000 428 2000 426 2000 407 2009 406 2009 371 2000 370 2000 368 2000 367 2000 339 2009 327 2000 325 2000 324 2000 322 2000 284 2009 281 2009 278 2009 246 2000 245 2000 243 2000 242 2000 226 2009 224 2009 221 2009 184 2000 182 2000 123 2007 123 2046"/></Shape>
	    <String CONTENT="ralis &amp; Philoſophica docet. Nam alioquin à ſolo"
                    HPOS="121"
                    VPOS="2000"
                    WIDTH="1043"
                    HEIGHT="74"
                    WC="0.975156461199125"></String>
          </TextLine>

          
          
          <TextLine ID="eSc_line_f5af9bb9"
                    TAGREFS="LT4318"
                    BASELINE="123 2105 1167 2110" 
                    HPOS="123"
                    VPOS="2059"
                    WIDTH="1044"
                    HEIGHT="73">
            <Shape><Polygon POINTS="123 2105 123 2123 466 2123 483 2128 498 2131 499 2131 501 2131 520 2128 545 2123 594 2128 624 2131 626 2131 676 2129 794 2123 812 2129 817 2132 819 2132 820 2132 834 2131 862 2125 971 2131 996 2132 997 2132 999 2132 1000 2132 1012 2125 1164 2132 1167 2110 1164 2070 1122 2073 1116 2070 1107 2062 1106 2062 1105 2062 1066 2062 1064 2062 1063 2062 1042 2070 1030 2073 1009 2070 987 2065 986 2065 953 2070 922 2073 908 2070 892 2064 890 2064 889 2064 858 2070 837 2073 826 2070 804 2061 803 2061 801 2061 761 2070 748 2073 635 2073 632 2070 623 2062 623 2061 621 2061 620 2061 582 2061 581 2061 580 2061 557 2070 551 2071 544 2070 523 2061 522 2061 520 2061 484 2070 472 2071 453 2070 383 2059 382 2059 276 2068 249 2059 248 2059 246 2059 245 2059 224 2070 223 2070 221 2070 203 2059 202 2059 200 2059 199 2059 179 2070 176 2070 123 2070 123 2105"/></Shape>
	    <String CONTENT="natiuitatis &amp; productionis tempore, &amp; ordine"
                    HPOS="123"
                    VPOS="2059"
                    WIDTH="1044"
                    HEIGHT="73"
                    WC="0.991515933112665"></String>
          </TextLine>

          
          
          <TextLine ID="eSc_line_b5ddf59f"
                    TAGREFS="LT4318"
                    BASELINE="124 2165 1168 2169" 
                    HPOS="124"
                    VPOS="2117"
                    WIDTH="1044"
                    HEIGHT="91">
            <Shape><Polygon POINTS="124 2165 124 2198 239 2192 254 2199 257 2201 258 2201 260 2201 261 2201 263 2201 264 2199 278 2190 429 2189 471 2201 484 2205 486 2205 487 2205 505 2202 548 2192 574 2202 575 2202 651 2205 652 2205 654 2205 658 2204 684 2190 718 2190 765 2204 770 2205 771 2205 773 2205 774 2205 779 2204 816 2190 825 2198 825 2199 826 2199 828 2199 829 2199 831 2199 832 2199 844 2192 957 2192 986 2205 987 2207 989 2207 990 2208 1167 2208 1168 2169 1168 2129 1103 2120 1102 2120 1012 2128 994 2129 986 2128 947 2120 945 2120 892 2128 878 2129 870 2128 841 2120 840 2120 838 2120 837 2120 817 2128 807 2119 806 2119 804 2119 803 2119 801 2119 770 2128 765 2128 663 2128 658 2128 648 2119 646 2119 645 2119 643 2119 642 2119 609 2126 605 2128 602 2126 584 2119 582 2119 581 2119 388 2126 373 2126 371 2126 345 2117 343 2117 342 2117 340 2117 307 2126 306 2126 303 2126 270 2117 269 2117 267 2117 266 2117 245 2126 243 2126 240 2126 206 2117 205 2117 203 2117 124 2125 124 2165"/></Shape>
	    <String CONTENT="ratio ducta nihil efficit &amp; concludit. Piſces enim"
                    HPOS="124"
                    VPOS="2117"
                    WIDTH="1044"
                    HEIGHT="91"
                    WC="0.996006727218628"></String>
          </TextLine>

          
        </TextBlock>
        
        <TextBlock HPOS="842.8524780273438"
                   VPOS="2184.045654296875"
                   WIDTH="135.720947265625"
                   HEIGHT="68.37841796875"
                   ID="block_0"
                   TAGREFS="BT10978">
          <Shape><Polygon POINTS="842.852 2184.05 978.573 2184.05 978.573 2252.42 842.852 2252.42 842.852 2184.05"/></Shape>
          
          
          <TextLine ID="eSc_line_2747a7f2"
                    TAGREFS="LT4318"
                    BASELINE="862 2224 971 2227" 
                    HPOS="859"
                    VPOS="2172"
                    WIDTH="112"
                    HEIGHT="115">
            <Shape><Polygon POINTS="862 2224 859 2275 966 2287 971 2227 971 2183 905 2172 904 2172 862 2178 862 2224"/></Shape>
	    <String CONTENT="f.iiij."
                    HPOS="859"
                    VPOS="2172"
                    WIDTH="112"
                    HEIGHT="115"></String>
          </TextLine>

          
        </TextBlock>
        

        
      </PrintSpace>
    </Page>
  </Layout>
</alto>
