<?xml version="1.0" encoding="UTF-8"?>
<alto xmlns:xsi="http://www.w3.org/2001/XMLSchema-instance"
      xmlns="http://www.loc.gov/standards/alto/ns-v4#"
      xsi:schemaLocation="http://www.loc.gov/standards/alto/ns-v4# http://www.loc.gov/standards/alto/v4/alto-4-2.xsd">
  <Description>
    <MeasurementUnit>pixel</MeasurementUnit>
    <sourceImageInformation>
      <fileName>2012953.png</fileName>
      
    </sourceImageInformation>
  </Description>
  
  <Tags>
    <OtherTag ID="BT10983" LABEL="GraphicZone" DESCRIPTION="block type GraphicZone"/><OtherTag ID="BT10982" LABEL="DropCapitalZone" DESCRIPTION="block type DropCapitalZone"/><OtherTag ID="BT10981" LABEL="RunningTitleZone" DESCRIPTION="block type RunningTitleZone"/><OtherTag ID="BT10980" LABEL="NumberingZone" DESCRIPTION="block type NumberingZone"/><OtherTag ID="BT10979" LABEL="TitlePageZone" DESCRIPTION="block type TitlePageZone"/><OtherTag ID="BT10978" LABEL="QuireMarksZone" DESCRIPTION="block type QuireMarksZone"/><OtherTag ID="BT10977" LABEL="MainZone" DESCRIPTION="block type MainZone"/><OtherTag ID="BT10976" LABEL="MarginTextZone" DESCRIPTION="block type MarginTextZone"/>
    <OtherTag ID="LT4321" LABEL="default" DESCRIPTION="line type default"/><OtherTag ID="LT4319" LABEL="HeadingLine" DESCRIPTION="line type HeadingLine"/><OtherTag ID="LT4318" LABEL="DefaultLine" DESCRIPTION="line type DefaultLine"/><OtherTag ID="LT4320" LABEL="CustomLine : BiblicalText" DESCRIPTION="line type CustomLine : BiblicalText"/>
  </Tags>
  
  <Layout>
    <Page WIDTH="1807"
          HEIGHT="2677"
          PHYSICAL_IMG_NR="0"
          ID="eSc_dummypage_">
      <PrintSpace HPOS="0"
                  VPOS="0"
                  WIDTH="1807"
                  HEIGHT="2677">
        
        <TextBlock HPOS="462.4634094238281"
                   VPOS="177.3728790283203"
                   WIDTH="336.1704406738281"
                   HEIGHT="56.675384521484375"
                   ID="block_0"
                   TAGREFS="BT10981">
          <Shape><Polygon POINTS="462.463 177.373 798.634 177.373 798.634 234.048 462.463 234.048 462.463 177.373"/></Shape>
          
          
          <TextLine ID="eSc_line_61094eeb"
                    TAGREFS="LT4318"
                    BASELINE="462 220 810 214" 
                    HPOS="459"
                    VPOS="171"
                    WIDTH="350"
                    HEIGHT="63">
            <Shape><Polygon POINTS="794 174 771 178 749 178 727 178 704 178 682 178 660 178 638 178 615 178 593 178 571 178 548 178 526 178 504 178 481 178 459 174 461 218 461 234 809 232 809 211 803 171 794 171 794 174"/></Shape>
	    <String CONTENT="CAPVT II."
                    HPOS="459"
                    VPOS="171"
                    WIDTH="350"
                    HEIGHT="63"
                    WC="0.999656604395972"></String>
          </TextLine>

          
        </TextBlock>
        
        <TextBlock HPOS="1096.246337890625"
                   VPOS="181.9748992919922"
                   WIDTH="74.87060546875"
                   HEIGHT="54.63059997558594"
                   ID="block_1"
                   TAGREFS="BT10980">
          <Shape><Polygon POINTS="1096.25 181.975 1171.12 181.975 1171.12 236.605 1096.25 236.605 1096.25 181.975"/></Shape>
          
          
          <TextLine ID="eSc_line_4633d819"
                    TAGREFS="LT4318"
                    BASELINE="1116 218 1163 221" 
                    HPOS="1110"
                    VPOS="182"
                    WIDTH="52"
                    HEIGHT="70">
            <Shape><Polygon POINTS="1162 182 1139 182 1117 182 1115 216 1110 247 1155 252 1162 220 1162 182 1162 182"/></Shape>
	    <String CONTENT="4I"
                    HPOS="1110"
                    VPOS="182"
                    WIDTH="52"
                    HEIGHT="70"></String>
          </TextLine>

          
        </TextBlock>
        
        <TextBlock HPOS="108.58305358886719"
                   VPOS="240.42308044433594"
                   WIDTH="1075.1907501220703"
                   HEIGHT="1955.401626586914"
                   ID="block_2"
                   TAGREFS="BT10977">
          <Shape><Polygon POINTS="108.583 240.423 1183.77 240.423 1183.77 2195.82 108.583 2195.82 108.583 240.423"/></Shape>
          
          
          <TextLine ID="eSc_line_eaba921c"
                    TAGREFS="LT4318"
                    BASELINE="121 291 1170 279" 
                    HPOS="118"
                    VPOS="240"
                    WIDTH="1050"
                    HEIGHT="72">
            <Shape><Polygon POINTS="1144 240 1122 240 1099 240 1077 240 1055 240 1032 240 1010 240 988 240 965 240 943 240 921 240 899 240 876 240 854 240 832 240 809 240 787 240 765 240 742 240 720 240 698 240 675 240 653 240 631 240 609 240 586 240 564 240 542 240 519 240 497 240 475 240 452 240 430 240 414 240 399 243 383 240 363 240 341 240 319 240 296 240 283 240 261 245 211 240 207 240 185 240 162 240 140 240 122 240 118 243 120 290 120 312 1166 312 1168 278 1164 240 1144 240"/></Shape>
	    <String CONTENT="ſtoris, ſed ſingulorum etiam fidelium ſtudiym."
                    HPOS="118"
                    VPOS="240"
                    WIDTH="1050"
                    HEIGHT="72"
                    WC="0.998443315858426"></String>
          </TextLine>

          
          
          <TextLine ID="eSc_line_993b34f3"
                    TAGREFS="LT4318"
                    BASELINE="123 350 1168 337" 
                    HPOS="120"
                    VPOS="287"
                    WIDTH="1046"
                    HEIGHT="83">
            <Shape><Polygon POINTS="122 348 122 365 945 370 948 370 1166 354 1166 336 1162 298 983 287 981 287 979 287 952 298 950 298 932 298 783 290 780 290 778 290 747 298 740 303 120 303 122 348"/></Shape>
	    <String CONTENT="Preces enim publicas quidam impiiſſimè, etiam"
                    HPOS="120"
                    VPOS="287"
                    WIDTH="1046"
                    HEIGHT="83"
                    WC="0.967976923870004"></String>
          </TextLine>

          
          
          <TextLine ID="eSc_line_57416acf"
                    TAGREFS="LT4318"
                    BASELINE="126 410 555 411" 
                    HPOS="122"
                    VPOS="354"
                    WIDTH="431"
                    HEIGHT="78">
            <Shape><Polygon POINTS="124 408 122 423 548 432 553 410 551 365 124 354 124 408"/></Shape>
	    <String CONTENT="hodie contemnunt."
                    HPOS="122"
                    VPOS="354"
                    WIDTH="431"
                    HEIGHT="78"
                    WC="0.991915783461402"></String>
          </TextLine>

          
          
          <TextLine ID="eSc_line_b0661dca"
                    TAGREFS="LT4318"
                    BASELINE="179 469 1168 456" 
                    HPOS="176"
                    VPOS="403"
                    WIDTH="990"
                    HEIGHT="85">
            <Shape><Polygon POINTS="510 410 499 410 490 417 484 421 448 419 341 410 339 410 336 410 307 421 303 423 290 423 209 412 207 412 205 412 176 423 178 468 178 488 1164 484 1166 455 1160 403 896 414 885 408 878 403 876 403 874 403 872 403 870 403 852 410 829 417 756 412 669 406 667 406 664 406 629 414 609 419 577 417 526 410 510 410"/></Shape>
	    <String CONTENT="Ait autem Paulus, Adhortor, Quæ vox negli¬"
                    HPOS="176"
                    VPOS="403"
                    WIDTH="990"
                    HEIGHT="85"
                    WC="0.983774961460204"></String>
          </TextLine>

          
          
          <TextLine ID="eSc_line_3061260d"
                    TAGREFS="LT4318"
                    BASELINE="121 524 1168 514" 
                    HPOS="118"
                    VPOS="470"
                    WIDTH="1048"
                    HEIGHT="85">
            <Shape><Polygon POINTS="120 522 122 555 162 544 1164 544 1166 513 1162 477 385 470 383 470 381 470 356 481 142 472 140 472 138 472 118 481 120 522"/></Shape>
	    <String CONTENT="gentiam noſtram perſtringit, &amp; arguit. Quan¬"
                    HPOS="118"
                    VPOS="470"
                    WIDTH="1048"
                    HEIGHT="85"
                    WC="0.99483542686159"></String>
          </TextLine>

          
          
          <TextLine ID="eSc_line_4f153f8d"
                    TAGREFS="LT4318"
                    BASELINE="123 584 1171 575" 
                    HPOS="120"
                    VPOS="526"
                    WIDTH="1048"
                    HEIGHT="78">
            <Shape><Polygon POINTS="122 582 122 604 1166 600 1168 573 1164 535 794 526 791 526 789 526 769 537 751 526 749 526 747 526 745 526 742 526 740 526 727 537 566 528 564 528 562 528 522 539 510 530 510 528 508 528 506 528 401 528 399 528 120 544 122 582"/></Shape>
	    <String CONTENT="quam enim &amp; Dei ipſius maieſtas, &amp; promiſsio"
                    HPOS="120"
                    VPOS="526"
                    WIDTH="1048"
                    HEIGHT="78"
                    WC="0.994681499221108"></String>
          </TextLine>

          
          
          <TextLine ID="eSc_line_57de5992"
                    TAGREFS="LT4318"
                    BASELINE="120 640 1170 632" 
                    HPOS="116"
                    VPOS="582"
                    WIDTH="1052"
                    HEIGHT="76">
            <Shape><Polygon POINTS="118 638 118 658 1166 655 1168 631 1160 582 1133 593 1059 584 1057 584 798 595 484 586 479 586 477 586 475 586 472 586 457 597 116 588 118 638"/></Shape>
	    <String CONTENT="iuſsióque: item fructus ipſe, quem ex precibus"
                    HPOS="116"
                    VPOS="582"
                    WIDTH="1052"
                    HEIGHT="76"></String>
          </TextLine>

          
          
          <TextLine ID="eSc_line_0610a536"
                    TAGREFS="LT4318"
                    BASELINE="117 700 1170 690" 
                    HPOS="113"
                    VPOS="646"
                    WIDTH="1055"
                    HEIGHT="72">
            <Shape><Polygon POINTS="116 698 116 718 1168 711 1168 689 1162 646 113 655 116 698"/></Shape>
	    <String CONTENT="noſtris vberrimum ſentimus, ſatis nos ad precan¬"
                    HPOS="113"
                    VPOS="646"
                    WIDTH="1055"
                    HEIGHT="72"
                    WC="0.991256929934025"></String>
          </TextLine>

          
          
          <TextLine ID="eSc_line_c64d18ff"
                    TAGREFS="LT4318"
                    BASELINE="118 759 1168 746" 
                    HPOS="113"
                    VPOS="704"
                    WIDTH="1053"
                    HEIGHT="72">
            <Shape><Polygon POINTS="116 758 116 776 1166 765 1166 745 1162 704 464 704 461 704 406 716 310 707 307 707 254 718 140 709 138 709 136 709 113 718 116 758"/></Shape>
	    <String CONTENT="dum excitare deberet, ſumus tamen natura no¬"
                    HPOS="113"
                    VPOS="704"
                    WIDTH="1053"
                    HEIGHT="72"
                    WC="0.992032343691046"></String>
          </TextLine>

          
          
          <TextLine ID="eSc_line_28de3e7d"
                    TAGREFS="LT4318"
                    BASELINE="118 820 926 810 1165 813" 
                    HPOS="113"
                    VPOS="756"
                    WIDTH="1051"
                    HEIGHT="85">
            <Shape><Polygon POINTS="116 818 116 841 1162 834 1164 812 1160 756 823 769 716 765 613 760 611 760 609 760 593 767 584 771 519 769 377 762 374 762 372 762 348 774 345 774 323 774 136 765 133 765 131 765 129 765 113 774 116 818"/></Shape>
	    <String CONTENT="ſtra mirè ad orandum frigidi, &amp; torpentes. Itaq;"
                    HPOS="113"
                    VPOS="756"
                    WIDTH="1051"
                    HEIGHT="85"
                    WC="0.986683799296009"></String>
          </TextLine>

          
          
          <TextLine ID="eSc_line_f5e84a2a"
                    TAGREFS="LT4318"
                    BASELINE="118 877 1168 865" 
                    HPOS="113"
                    VPOS="812"
                    WIDTH="1053"
                    HEIGHT="87">
            <Shape><Polygon POINTS="986 812 983 812 981 812 981 814 979 814 968 827 965 827 905 814 903 814 901 814 852 827 838 816 838 814 836 814 834 814 832 814 829 814 780 827 771 832 664 832 660 827 642 816 640 816 638 816 635 816 633 816 588 829 573 832 557 829 508 818 506 818 459 829 435 834 406 829 354 820 352 820 113 829 116 876 116 899 1164 892 1166 863 1162 827 988 812 986 812"/></Shape>
	    <String CONTENT="exhortãdi &amp; euigilandi ſumus. Chriſtus ipſe nos"
                    HPOS="113"
                    VPOS="812"
                    WIDTH="1053"
                    HEIGHT="87"
                    WC="0.993977555384239"></String>
          </TextLine>

          
          
          <TextLine ID="eSc_line_b13b49f9"
                    TAGREFS="LT4318"
                    BASELINE="120 935 1171 923" 
                    HPOS="116"
                    VPOS="878"
                    WIDTH="1052"
                    HEIGHT="76">
            <Shape><Polygon POINTS="118 934 118 954 1166 950 1168 921 1164 887 816 878 814 878 812 878 767 890 649 881 646 881 644 881 642 881 642 883 640 883 633 892 142 887 140 887 138 887 116 896 118 934"/></Shape>
	    <String CONTENT="ad petendum &amp; precandum adhortatur. Petite"
                    HPOS="116"
                    VPOS="878"
                    WIDTH="1052"
                    HEIGHT="76"
                    WC="0.991184612115224"></String>
          </TextLine>

          
          
          <TextLine ID="eSc_line_59b0100b"
                    TAGREFS="LT4318"
                    BASELINE="118 997 1174 984" 
                    HPOS="113"
                    VPOS="930"
                    WIDTH="1060"
                    HEIGHT="89">
            <Shape><Polygon POINTS="116 994 116 1019 1173 1012 1173 983 1168 943 986 930 983 930 981 930 954 943 945 943 778 932 776 932 774 932 747 945 745 945 720 945 537 934 535 934 533 934 530 934 517 945 515 948 501 945 430 936 428 936 426 936 423 936 408 948 403 950 113 950 116 994"/></Shape>
	    <String CONTENT="&amp; inuenietis, Matth.7. verſ. 7. Væ igitur ſomnio"
                    HPOS="113"
                    VPOS="930"
                    WIDTH="1060"
                    HEIGHT="89"
                    WC="0.981369066983461"></String>
          </TextLine>

          
          
          <TextLine ID="eSc_line_850b9541"
                    TAGREFS="LT4318"
                    BASELINE="127 1055 1158 1047" 
                    HPOS="122"
                    VPOS="1006"
                    WIDTH="1035"
                    HEIGHT="73">
            <Shape><Polygon POINTS="124 1052 124 1079 1155 1073 1157 1046 1153 1010 122 1006 124 1052"/></Shape>
	    <String CONTENT="pigritiæque noſtræ &amp;c. Luc. 17"
                    HPOS="122"
                    VPOS="1006"
                    WIDTH="1035"
                    HEIGHT="73"
                    WC="0.985324879487356"></String>
          </TextLine>

          
          
          <TextLine ID="eSc_line_675bc7ca"
                    TAGREFS="LT4318"
                    BASELINE="179 1112 1173 1100" 
                    HPOS="176"
                    VPOS="1055"
                    WIDTH="995"
                    HEIGHT="73">
            <Shape><Polygon POINTS="178 1128 1168 1122 1171 1099 1166 1061 573 1055 571 1055 370 1068 205 1059 203 1059 200 1059 176 1068 178 1110"/></Shape>
	    <String CONTENT="Ut fiant deprecationes) Primum præceptum"
                    HPOS="176"
                    VPOS="1055"
                    WIDTH="995"
                    HEIGHT="73"
                    WC="0.97689997702837"></String>
          </TextLine>

          
          
          <TextLine ID="eSc_line_2585cc14"
                    TAGREFS="LT4318"
                    BASELINE="118 1170 1174 1158" 
                    HPOS="113"
                    VPOS="1117"
                    WIDTH="1060"
                    HEIGHT="83">
            <Shape><Polygon POINTS="116 1168 116 1200 327 1186 1168 1189 1173 1157 1166 1117 113 1122 116 1168"/></Shape>
	    <String CONTENT="ponit quod eſt, faciendas eſſe preces in Dei cœtu"
                    HPOS="113"
                    VPOS="1117"
                    WIDTH="1060"
                    HEIGHT="83"
                    WC="0.985654650902262"></String>
          </TextLine>

          
          
          <TextLine ID="eSc_line_97ac743d"
                    TAGREFS="LT4318"
                    BASELINE="120 1228 1176 1216" 
                    HPOS="116"
                    VPOS="1173"
                    WIDTH="1059"
                    HEIGHT="80">
            <Shape><Polygon POINTS="118 1226 118 1253 1175 1244 1175 1215 1171 1173 573 1173 571 1173 568 1173 537 1182 528 1184 497 1184 336 1175 334 1175 281 1186 278 1186 276 1186 174 1177 171 1177 116 1189 118 1226"/></Shape>
	    <String CONTENT="cui ſecundum adiungit, nempe pro omnibus: ex"
                    HPOS="116"
                    VPOS="1173"
                    WIDTH="1059"
                    HEIGHT="80"
                    WC="0.992420266975056"></String>
          </TextLine>

          
          
          <TextLine ID="eSc_line_91f14d5d"
                    TAGREFS="LT4318"
                    BASELINE="123 1287 1173 1276" 
                    HPOS="120"
                    VPOS="1224"
                    WIDTH="1051"
                    HEIGHT="92">
            <Shape><Polygon POINTS="122 1284 122 1316 1168 1305 1171 1273 1166 1238 1052 1238 1035 1224 1032 1224 1030 1224 1028 1224 1026 1224 992 1235 961 1224 959 1224 957 1224 954 1224 896 1238 756 1226 754 1226 751 1226 749 1226 749 1229 747 1229 738 1240 709 1229 707 1229 704 1229 535 1242 368 1231 365 1231 363 1231 319 1244 187 1233 185 1233 120 1247 122 1284"/></Shape>
	    <String CONTENT="quibus tertium iam facile colligi poteſt, A quo"
                    HPOS="120"
                    VPOS="1224"
                    WIDTH="1051"
                    HEIGHT="92"
                    WC="0.97816550097567"></String>
          </TextLine>

          
          
          <TextLine ID="eSc_line_460ebbdc"
                    TAGREFS="LT4318"
                    BASELINE="121 1344 1174 1334" 
                    HPOS="118"
                    VPOS="1291"
                    WIDTH="1055"
                    HEIGHT="74">
            <Shape><Polygon POINTS="120 1342 120 1365 1171 1360 1173 1331 1168 1296 332 1291 330 1291 118 1305 120 1342"/></Shape>
	    <String CONTENT="fieri debeant: nempe, à paſtore. Nam agit (vti di¬"
                    HPOS="118"
                    VPOS="1291"
                    WIDTH="1055"
                    HEIGHT="74"
                    WC="0.980038594965841"></String>
          </TextLine>

          
          
          <TextLine ID="eSc_line_c2606639"
                    TAGREFS="LT4318"
                    BASELINE="117 1403 1170 1393" 
                    HPOS="113"
                    VPOS="1342"
                    WIDTH="1055"
                    HEIGHT="90">
            <Shape><Polygon POINTS="116 1400 116 1432 1166 1412 1168 1392 1164 1356 1106 1342 1104 1342 954 1354 948 1354 945 1354 907 1342 905 1342 903 1342 901 1342 878 1354 874 1356 865 1354 834 1345 832 1345 829 1345 722 1354 680 1356 669 1354 644 1345 642 1345 640 1345 638 1345 635 1345 635 1347 629 1354 622 1358 113 1351 116 1400"/></Shape>
	    <String CONTENT="ximus) de publicis precibus. Sed ex hoc ipſo lo¬"
                    HPOS="113"
                    VPOS="1342"
                    WIDTH="1055"
                    HEIGHT="90"
                    WC="0.986467830836773"></String>
          </TextLine>

          
          
          <TextLine ID="eSc_line_e97830af"
                    TAGREFS="LT4318"
                    BASELINE="117 1463 1171 1451" 
                    HPOS="113"
                    VPOS="1403"
                    WIDTH="1055"
                    HEIGHT="80">
            <Shape><Polygon POINTS="116 1461 116 1483 1166 1472 1168 1450 1162 1409 825 1414 823 1414 812 1403 809 1403 807 1403 805 1403 803 1403 800 1403 789 1414 787 1416 678 1416 669 1416 609 1405 606 1405 519 1418 508 1418 497 1418 383 1407 381 1407 379 1407 352 1418 339 1407 336 1407 334 1407 332 1407 113 1423 116 1461"/></Shape>
	    <String CONTENT="co definiri poteſt, Quid ſit oratio, &amp; quot illius"
                    HPOS="113"
                    VPOS="1403"
                    WIDTH="1055"
                    HEIGHT="80"
                    WC="0.98659682393074"></String>
          </TextLine>

          
          
          <TextLine ID="eSc_line_8b346622"
                    TAGREFS="LT4318"
                    BASELINE="116 1522 1171 1509" 
                    HPOS="111"
                    VPOS="1458"
                    WIDTH="1057"
                    HEIGHT="87">
            <Shape><Polygon POINTS="113 1521 113 1545 992 1543 1010 1543 1128 1532 1164 1541 1168 1508 1164 1467 1046 1458 1044 1458 957 1470 934 1472 921 1470 874 1461 872 1461 823 1472 809 1474 767 1472 617 1465 615 1465 519 1476 515 1476 513 1476 461 1465 459 1465 269 1481 256 1481 247 1481 131 1470 129 1470 127 1470 124 1470 111 1476 113 1521"/></Shape>
	    <String CONTENT="ſint genera ſiue ſpecies. Precandus eſt igitur Deus"
                    HPOS="111"
                    VPOS="1458"
                    WIDTH="1057"
                    HEIGHT="87"
                    WC="0.987811398272421"></String>
          </TextLine>

          
          
          <TextLine ID="eSc_line_e774d206"
                    TAGREFS="LT4318"
                    BASELINE="120 1580 1171 1569" 
                    HPOS="116"
                    VPOS="1532"
                    WIDTH="1052"
                    HEIGHT="67">
            <Shape><Polygon POINTS="118 1579 118 1599 1166 1597 1168 1568 1164 1532 116 1532 118 1579"/></Shape>
	    <String CONTENT="quod extra dubium eſt, &amp; concedunt non modo"
                    HPOS="116"
                    VPOS="1532"
                    WIDTH="1052"
                    HEIGHT="67"
                    WC="0.975552463254263"></String>
          </TextLine>

          
          
          <TextLine ID="eSc_line_e1b7f9a3"
                    TAGREFS="LT4318"
                    BASELINE="120 1638 1170 1627" 
                    HPOS="116"
                    VPOS="1577"
                    WIDTH="1052"
                    HEIGHT="80">
            <Shape><Polygon POINTS="118 1637 118 1657 1166 1646 1168 1626 1164 1588 957 1577 954 1577 952 1577 950 1577 932 1588 783 1579 780 1579 778 1579 736 1590 133 1586 131 1586 129 1586 127 1586 116 1592 118 1637"/></Shape>
	    <String CONTENT="Chriſtiani homines: ſed etiam Ethnici &amp; profa¬"
                    HPOS="116"
                    VPOS="1577"
                    WIDTH="1052"
                    HEIGHT="80"
                    WC="0.983981436361437"></String>
          </TextLine>

          
          
          <TextLine ID="eSc_line_801e5e85"
                    TAGREFS="LT4318"
                    BASELINE="117 1699 1170 1686" 
                    HPOS="113"
                    VPOS="1632"
                    WIDTH="1055"
                    HEIGHT="85">
            <Shape><Polygon POINTS="116 1697 116 1717 1166 1708 1168 1684 1164 1644 1044 1632 1041 1632 1039 1632 1037 1632 1037 1635 1026 1644 1026 1646 903 1646 899 1646 847 1635 845 1635 843 1635 841 1635 827 1646 709 1637 707 1637 704 1637 680 1648 675 1648 544 1639 542 1639 479 1650 466 1639 464 1639 461 1639 459 1639 113 1655 116 1697"/></Shape>
	    <String CONTENT="ni, vt &amp; Tertullian. in libro de Teſtim. conſcien¬"
                    HPOS="113"
                    VPOS="1632"
                    WIDTH="1055"
                    HEIGHT="85"
                    WC="0.973978912830353"></String>
          </TextLine>

          
          
          <TextLine ID="eSc_line_fe370128"
                    TAGREFS="LT4318"
                    BASELINE="117 1756 1171 1744" 
                    HPOS="113"
                    VPOS="1695"
                    WIDTH="1055"
                    HEIGHT="80">
            <Shape><Polygon POINTS="116 1755 116 1775 1166 1771 1168 1742 1162 1695 113 1704 116 1755"/></Shape>
	    <String CONTENT="tiæ, &amp; Iuſtinus Martyr in lib. de Monarchia Dei"
                    HPOS="113"
                    VPOS="1695"
                    WIDTH="1055"
                    HEIGHT="80"
                    WC="0.978018860867683"></String>
          </TextLine>

          
          
          <TextLine ID="eSc_line_99ad24bc"
                    TAGREFS="LT4318"
                    BASELINE="114 1815 1173 1802" 
                    HPOS="111"
                    VPOS="1760"
                    WIDTH="1060"
                    HEIGHT="73">
            <Shape><Polygon POINTS="113 1813 113 1833 1171 1829 1171 1800 1164 1760 111 1766 113 1813"/></Shape>
	    <String CONTENT="copioſè docent: item, Iuuenalis, Perſius, &amp; Hora¬"
                    HPOS="111"
                    VPOS="1760"
                    WIDTH="1060"
                    HEIGHT="73"
                    WC="0.989558889865875"></String>
          </TextLine>

          
          
          <TextLine ID="eSc_line_4c8d3bff"
                    TAGREFS="LT4318"
                    BASELINE="116 1873 1170 1862" 
                    HPOS="111"
                    VPOS="1811"
                    WIDTH="1057"
                    HEIGHT="78">
            <Shape><Polygon POINTS="113 1871 113 1889 1168 1887 1168 1860 1166 1824 1137 1811 1135 1811 972 1811 970 1811 968 1811 965 1811 948 1824 745 1813 742 1813 740 1813 738 1813 718 1827 533 1815 530 1815 528 1815 526 1815 510 1827 321 1820 319 1820 316 1820 274 1831 129 1820 127 1820 124 1820 122 1820 111 1829 113 1871"/></Shape>
	    <String CONTENT="tius &amp; alii poëtæ id docent. Homerus, &amp; Virgi¬"
                    HPOS="111"
                    VPOS="1811"
                    WIDTH="1057"
                    HEIGHT="78"
                    WC="0.991078715375129"></String>
          </TextLine>

          
          
          <TextLine ID="eSc_line_218c3c8a"
                    TAGREFS="LT4318"
                    BASELINE="114 1928 1167 1918" 
                    HPOS="111"
                    VPOS="1880"
                    WIDTH="1055"
                    HEIGHT="71">
            <Shape><Polygon POINTS="113 1927 113 1951 1164 1951 1166 1916 1162 1880 111 1880 113 1927"/></Shape>
	    <String CONTENT="lius, qui ſuos inducunt preces fundentes ad Deũ,"
                    HPOS="111"
                    VPOS="1880"
                    WIDTH="1055"
                    HEIGHT="71"
                    WC="0.989132810612114"></String>
          </TextLine>

          
          
          <TextLine ID="eSc_line_2a649a5e"
                    TAGREFS="LT4318"
                    BASELINE="116 1992 1168 1976" 
                    HPOS="111"
                    VPOS="1925"
                    WIDTH="1055"
                    HEIGHT="91">
            <Shape><Polygon POINTS="113 1989 113 2016 1164 2007 1166 1974 1162 1938 1106 1925 1104 1925 1046 1936 1030 1925 1028 1925 1026 1925 1023 1925 1021 1925 1019 1925 1006 1938 1003 1938 997 1938 870 1927 867 1927 742 1940 707 1945 111 1945 113 1989"/></Shape>
	    <String CONTENT="&amp; eum inuocantes. Nec gens vlla eſt, quæ ſi teſti¬"
                    HPOS="111"
                    VPOS="1925"
                    WIDTH="1055"
                    HEIGHT="91"
                    WC="0.969705408811569"></String>
          </TextLine>

          
          
          <TextLine ID="eSc_line_a8a7a3a9"
                    TAGREFS="LT4318"
                    BASELINE="117 2047 1171 2038" 
                    HPOS="113"
                    VPOS="1989"
                    WIDTH="1055"
                    HEIGHT="81">
            <Shape><Polygon POINTS="116 2045 116 2070 1166 2070 1168 2036 1164 2003 950 1989 948 1989 945 1989 901 2003 899 2003 896 2003 872 1992 870 1992 867 1992 722 2003 709 2003 707 2003 673 1992 671 1992 669 1992 667 1992 635 2003 626 2005 113 2005 116 2045"/></Shape>
	    <String CONTENT="monium &amp; vocem propriæ conſcientiæ audiat,"
                    HPOS="113"
                    VPOS="1989"
                    WIDTH="1055"
                    HEIGHT="81"
                    WC="0.992704693760191"></String>
          </TextLine>

          
          
          <TextLine ID="eSc_line_4475608b"
                    TAGREFS="LT4318"
                    BASELINE="117 2105 1054 2099" 
                    HPOS="113"
                    VPOS="2050"
                    WIDTH="939"
                    HEIGHT="80">
            <Shape><Polygon POINTS="116 2103 116 2130 1052 2128 1052 2096 1048 2063 925 2050 923 2050 785 2061 736 2063 680 2059 584 2052 582 2052 508 2059 421 2065 113 2056 116 2103"/></Shape>
	    <String CONTENT="hoc axioma neget eſſe verum, vel refutet."
                    HPOS="113"
                    VPOS="2050"
                    WIDTH="939"
                    HEIGHT="80"
                    WC="0.997957719535362"></String>
          </TextLine>

          
          
          <TextLine ID="eSc_line_20307982"
                    TAGREFS="LT4318"
                    BASELINE="182 2165 1167 2156" 
                    HPOS="178"
                    VPOS="2105"
                    WIDTH="988"
                    HEIGHT="110">
            <Shape><Polygon POINTS="180 2163 180 2199 390 2215 392 2215 394 2215 397 2215 417 2201 426 2195 582 2192 595 2201 595 2204 597 2204 600 2204 602 2204 604 2204 606 2204 606 2201 622 2192 640 2201 651 2208 653 2208 655 2208 658 2208 673 2201 709 2190 742 2204 765 2210 767 2210 769 2210 771 2210 774 2210 783 2204 796 2192 892 2190 925 2204 928 2204 930 2204 932 2204 934 2204 983 2188 1001 2204 1006 2208 1008 2208 1010 2208 1012 2208 1166 2204 1166 2154 1157 2105 1133 2119 914 2119 890 2108 887 2108 885 2108 883 2108 845 2119 617 2110 597 2110 595 2110 593 2110 568 2121 488 2110 475 2110 472 2110 470 2110 464 2110 414 2123 178 2114 180 2163"/></Shape>
	    <String CONTENT="Vult autem Paulus fieri deprecationes, preces"
                    HPOS="178"
                    VPOS="2105"
                    WIDTH="988"
                    HEIGHT="110"></String>
          </TextLine>

          
        </TextBlock>
        

        
      </PrintSpace>
    </Page>
  </Layout>
</alto>
