<?xml version="1.0" encoding="UTF-8"?>
<alto xmlns:xsi="http://www.w3.org/2001/XMLSchema-instance"
      xmlns="http://www.loc.gov/standards/alto/ns-v4#"
      xsi:schemaLocation="http://www.loc.gov/standards/alto/ns-v4# http://www.loc.gov/standards/alto/v4/alto-4-2.xsd">
  <Description>
    <MeasurementUnit>pixel</MeasurementUnit>
    <sourceImageInformation>
      <fileName>2012987.png</fileName>
      
    </sourceImageInformation>
  </Description>
  
  <Tags>
    <OtherTag ID="BT10983" LABEL="GraphicZone" DESCRIPTION="block type GraphicZone"/><OtherTag ID="BT10982" LABEL="DropCapitalZone" DESCRIPTION="block type DropCapitalZone"/><OtherTag ID="BT10981" LABEL="RunningTitleZone" DESCRIPTION="block type RunningTitleZone"/><OtherTag ID="BT10980" LABEL="NumberingZone" DESCRIPTION="block type NumberingZone"/><OtherTag ID="BT10979" LABEL="TitlePageZone" DESCRIPTION="block type TitlePageZone"/><OtherTag ID="BT10978" LABEL="QuireMarksZone" DESCRIPTION="block type QuireMarksZone"/><OtherTag ID="BT10977" LABEL="MainZone" DESCRIPTION="block type MainZone"/><OtherTag ID="BT10976" LABEL="MarginTextZone" DESCRIPTION="block type MarginTextZone"/>
    <OtherTag ID="LT4321" LABEL="default" DESCRIPTION="line type default"/><OtherTag ID="LT4319" LABEL="HeadingLine" DESCRIPTION="line type HeadingLine"/><OtherTag ID="LT4318" LABEL="DefaultLine" DESCRIPTION="line type DefaultLine"/><OtherTag ID="LT4320" LABEL="CustomLine : BiblicalText" DESCRIPTION="line type CustomLine : BiblicalText"/>
  </Tags>
  
  <Layout>
    <Page WIDTH="1807"
          HEIGHT="2677"
          PHYSICAL_IMG_NR="34"
          ID="eSc_dummypage_">
      <PrintSpace HPOS="0"
                  VPOS="0"
                  WIDTH="1807"
                  HEIGHT="2677">
        
        <TextBlock HPOS="429"
                   VPOS="185"
                   WIDTH="355"
                   HEIGHT="64"
                   ID="block_0"
                   TAGREFS="BT10981">
          <Shape><Polygon POINTS="784 185 784 249 429 249 429 185"/></Shape>
          
          
          <TextLine ID="eSc_line_f5b09767"
                    TAGREFS="LT4319"
                    BASELINE="432 229 770 232" 
                    HPOS="431"
                    VPOS="185"
                    WIDTH="339"
                    HEIGHT="70">
            <Shape><Polygon POINTS="745 188 730 188 715 188 700 188 675 191 667 191 661 191 636 187 626 187 611 187 596 187 581 185 566 185 556 185 432 187 432 188 432 229 431 243 487 254 489 254 545 246 548 246 553 246 617 255 618 255 620 255 621 255 630 248 639 242 767 249 770 232 768 202 759 196"/></Shape>
	    <String CONTENT="CAPVT II."
                    HPOS="431"
                    VPOS="185"
                    WIDTH="339"
                    HEIGHT="70"
                    WC="0.998356759548187"></String>
          </TextLine>

          
        </TextBlock>
        
        <TextBlock HPOS="1075"
                   VPOS="178"
                   WIDTH="90"
                   HEIGHT="83"
                   ID="eSc_textblock_f4e1cb82"
                   TAGREFS="BT10980">
          <Shape><Polygon POINTS="1075 178 1075 261 1165 261 1165 178"/></Shape>
          
          
          <TextLine ID="eSc_line_451fbf3c"
                    TAGREFS="LT4318"
                    BASELINE="1092 231 1161 231" 
                    HPOS="1090"
                    VPOS="185"
                    WIDTH="70"
                    HEIGHT="84">
            <Shape><Polygon POINTS="1090 229 1090 269 1160 269 1160 229 1160 185 1090 185 1090 229"/></Shape>
	    <String CONTENT="75"
                    HPOS="1090"
                    VPOS="185"
                    WIDTH="70"
                    HEIGHT="84"
                    WC="0.998286932706833"></String>
          </TextLine>

          
        </TextBlock>
        
        <TextBlock HPOS="93"
                   VPOS="249"
                   WIDTH="1066"
                   HEIGHT="1947"
                   ID="block_1"
                   TAGREFS="BT10977">
          <Shape><Polygon POINTS="1159 249 1159 2196 93 2196 93 249"/></Shape>
          
          
          <TextLine ID="eSc_line_da515ca6"
                    TAGREFS="LT4318"
                    BASELINE="116 301 1157 291" 
                    HPOS="114"
                    VPOS="243"
                    WIDTH="1043"
                    HEIGHT="88">
            <Shape><Polygon POINTS="129 258 114 270 116 301 116 324 193 319 200 324 212 330 214 330 215 331 261 331 261 330 298 322 318 316 474 316 480 319 490 327 492 327 493 327 495 328 560 328 560 327 562 327 590 316 593 316 599 316 646 325 648 325 649 325 651 325 651 324 661 316 663 313 710 313 718 315 748 324 749 324 751 324 822 313 826 313 828 313 853 324 855 324 856 324 1157 307 1157 291 1155 257 1137 245 1136 245 1134 245 1133 245 1131 245 1090 257 1038 243 1036 243 1035 243 1033 243 1003 260 935 260 901 245 899 245 898 245 896 245 840 261 727 261 707 252 706 252 704 252 664 261 643 248 642 248 641 248 639 248 638 248 636 248 617 261 581 248 580 248 578 248 577 248 575 248 557 263 556 263 553 263 464 249 462 249 461 249 459 249 459 251 447 261 358 263 342 251 340 251 339 251 337 251 245 252 243 252 220 263 194 252 193 252 144 252 142 252 141 252 129 257 129 258"/></Shape>
	    <String CONTENT="eſt, vti Iſai.1.verſ.15. nimirum pro ipſo cordis af¬"
                    HPOS="114"
                    VPOS="243"
                    WIDTH="1043"
                    HEIGHT="88"></String>
          </TextLine>

          
          
          <TextLine ID="eSc_line_5808566f"
                    TAGREFS="LT4318"
                    BASELINE="117 355 1155 350" 
                    HPOS="116"
                    VPOS="309"
                    WIDTH="1039"
                    HEIGHT="74">
            <Shape><Polygon POINTS="117 355 117 370 190 371 209 382 211 382 212 383 281 383 281 382 282 382 284 382 294 373 336 382 337 382 339 382 358 373 361 371 365 373 392 382 394 382 395 382 397 382 398 382 411 373 413 373 480 373 483 374 492 380 493 380 495 380 496 380 498 380 514 374 522 371 572 374 655 380 657 380 658 380 670 376 682 370 688 376 693 379 693 380 694 380 696 380 697 382 737 382 737 380 739 380 749 376 758 373 795 376 809 377 810 377 812 377 813 377 823 368 889 368 910 377 913 379 914 379 916 379 931 377 1000 370 1033 379 1036 379 1038 379 1039 379 1041 379 1042 379 1069 368 1088 379 1090 379 1091 380 1154 380 1155 350 1151 312 864 318 829 312 809 309 807 309 806 309 804 309 800 312 786 321 727 321 718 312 716 310 715 310 713 310 588 310 587 310 585 310 584 310 582 313 574 321 458 321 426 313 420 312 419 312 417 312 403 313 346 321 321 313 315 312 313 312 312 312 300 313 269 319 116 315 117 355"/></Shape>
	    <String CONTENT="fectu, qui ad Deum erigi debet. Hic enim geſtus"
                    HPOS="116"
                    VPOS="309"
                    WIDTH="1039"
                    HEIGHT="74"
                    WC="0.987300601411373"></String>
          </TextLine>

          
          
          <TextLine ID="eSc_line_aaeccf85"
                    TAGREFS="LT4318"
                    BASELINE="114 417 1154 411" 
                    HPOS="113"
                    VPOS="367"
                    WIDTH="1041"
                    HEIGHT="77">
            <Shape><Polygon POINTS="114 417 114 444 151 444 151 443 153 443 176 431 233 431 245 440 246 440 248 440 249 440 316 431 346 441 352 443 353 443 355 443 368 441 426 429 461 429 478 440 480 441 481 441 483 441 484 441 498 440 526 434 557 438 580 441 581 441 600 438 635 431 651 437 658 440 660 440 661 441 798 441 798 440 817 435 844 429 892 434 904 435 905 435 907 435 908 435 908 434 920 428 933 434 936 435 938 435 939 435 941 435 947 434 978 426 1151 431 1154 411 1151 380 1060 380 1058 379 1015 367 1014 367 1012 367 865 379 837 380 792 379 701 374 700 374 627 379 556 382 550 377 539 370 538 370 536 370 535 370 533 370 514 377 504 382 498 377 486 370 484 370 483 370 425 370 423 370 422 370 407 377 401 380 397 377 386 373 385 373 383 373 382 373 380 373 380 374 376 377 368 383 333 377 321 376 319 376 306 377 264 383 249 377 239 373 237 373 236 373 234 373 224 377 214 380 196 377 168 371 166 371 113 376 114 417"/></Shape>
	    <String CONTENT="fauorem animi deſignat, quo preces ad Deum"
                    HPOS="113"
                    VPOS="367"
                    WIDTH="1041"
                    HEIGHT="77"
                    WC="0.98145236429714"></String>
          </TextLine>

          
          
          <TextLine ID="eSc_line_50046c51"
                    TAGREFS="LT4318"
                    BASELINE="113 475 1154 471" 
                    HPOS="111"
                    VPOS="426"
                    WIDTH="1043"
                    HEIGHT="76">
            <Shape><Polygon POINTS="113 495 295 490 313 493 348 501 349 501 350 501 352 501 362 493 367 490 370 493 380 501 382 501 383 501 385 502 450 502 450 501 452 501 453 501 453 499 461 492 465 489 566 489 600 492 690 499 691 499 734 490 742 489 748 490 780 499 782 499 783 499 785 499 820 489 825 489 835 489 917 498 919 498 920 498 922 498 936 489 939 487 984 487 990 487 1035 498 1036 498 1038 498 1039 498 1052 487 1054 487 1152 487 1154 471 1151 440 1023 440 1021 438 991 426 990 426 910 426 908 426 907 426 868 438 867 438 864 438 837 428 835 428 834 428 832 428 801 437 792 440 783 437 752 428 751 428 727 428 725 428 724 428 722 428 712 437 707 440 651 440 648 437 638 428 636 428 635 428 633 428 632 428 609 437 600 441 530 441 526 437 516 428 514 428 513 428 511 428 510 428 490 437 487 437 486 437 461 428 459 428 458 428 456 428 455 428 446 435 438 443 411 443 404 435 398 431 398 429 397 429 395 429 394 429 392 429 380 435 371 440 362 435 348 429 346 429 345 429 310 435 285 440 275 435 267 432 266 432 264 432 263 432 261 432 258 435 251 441 227 435 205 429 203 429 202 429 111 434 113 475"/></Shape>
	    <String CONTENT="noſtras concipi debere ſignificat Apoſtolus: non"
                    HPOS="111"
                    VPOS="426"
                    WIDTH="1043"
                    HEIGHT="76"
                    WC="0.989595289031664"></String>
          </TextLine>

          
          
          <TextLine ID="eSc_line_5408b872"
                    TAGREFS="LT4318"
                    BASELINE="114 535 1154 529" 
                    HPOS="113"
                    VPOS="483"
                    WIDTH="1041"
                    HEIGHT="77">
            <Shape><Polygon POINTS="114 535 114 553 215 560 217 560 218 560 220 560 227 554 234 550 285 550 319 554 365 560 367 560 368 560 370 560 370 559 376 554 383 548 502 548 516 554 522 557 523 557 524 557 545 554 591 548 642 556 661 557 663 557 664 557 672 556 694 548 734 556 748 557 749 557 751 557 759 556 794 547 907 547 923 556 925 556 926 556 928 557 980 557 980 556 981 556 1008 545 1064 545 1081 556 1082 556 1084 556 1085 557 1154 557 1154 529 1151 495 1085 495 1064 483 1063 483 1061 483 1060 483 1018 493 898 487 896 487 819 495 792 484 791 484 789 484 788 484 786 484 774 495 727 484 725 484 724 484 681 495 563 486 562 486 560 486 538 496 522 486 520 486 519 486 478 486 477 486 475 486 455 498 371 498 181 487 179 487 113 499 114 535"/></Shape>
	    <String CONTENT="quòd homines Chriſtianos huic cæremoniæ in"
                    HPOS="113"
                    VPOS="483"
                    WIDTH="1041"
                    HEIGHT="77"
                    WC="0.98096289468366"></String>
          </TextLine>

          
          
          <TextLine ID="eSc_line_d7a6879a"
                    TAGREFS="LT4318"
                    BASELINE="111 594 997 590" 
                    HPOS="110"
                    VPOS="542"
                    WIDTH="887"
                    HEIGHT="79">
            <Shape><Polygon POINTS="111 594 111 621 160 620 162 620 190 608 214 615 215 615 217 615 270 609 290 618 292 620 294 620 295 620 297 620 298 620 300 618 312 608 346 608 395 608 407 615 407 617 408 617 410 617 411 617 413 617 414 617 416 615 426 609 443 615 447 617 449 617 450 617 452 617 453 617 455 615 468 606 480 614 480 615 481 615 483 615 484 615 492 614 523 608 530 614 536 618 538 618 539 618 541 620 691 620 691 618 693 618 694 618 706 609 715 605 731 609 746 614 748 614 749 614 794 608 822 605 835 608 878 617 880 617 996 603 997 590 994 554 826 542 825 542 823 542 822 542 809 554 807 554 752 547 751 547 696 556 690 556 688 556 678 547 676 547 675 547 673 547 611 556 605 556 602 556 568 544 566 544 565 544 563 544 526 556 514 545 514 544 513 544 511 544 464 544 462 544 461 544 459 544 447 553 386 545 385 545 313 557 309 557 290 545 288 545 287 545 285 545 284 545 249 554 223 545 221 545 220 545 110 557 111 594"/></Shape>
	    <String CONTENT="precandõ velit eſſe alligatos &amp; aſtrictos."
                    HPOS="110"
                    VPOS="542"
                    WIDTH="887"
                    HEIGHT="79"
                    WC="0.989971084650173"></String>
          </TextLine>

          
          
          <TextLine ID="eSc_line_b2d88e84"
                    TAGREFS="LT4318"
                    BASELINE="166 651 1151 646" 
                    HPOS="165"
                    VPOS="602"
                    WIDTH="986"
                    HEIGHT="76">
            <Shape><Polygon POINTS="166 651 166 667 294 676 295 678 352 678 352 676 353 676 370 667 371 667 373 667 389 676 391 676 392 676 438 669 469 676 471 676 472 676 474 676 490 667 496 666 608 666 614 667 624 675 626 675 627 675 629 675 669 667 685 666 786 666 789 667 795 673 797 673 798 673 800 673 801 673 815 667 825 664 874 667 939 673 941 673 1149 667 1151 646 1148 612 1036 612 1036 611 1012 602 1011 602 1009 602 1008 602 1006 602 991 611 987 611 898 603 896 603 841 611 838 611 837 611 828 602 826 602 825 602 823 602 822 602 789 609 755 603 754 603 752 603 751 603 740 611 736 614 574 614 568 609 557 603 556 603 554 603 553 603 484 609 437 614 401 609 377 606 376 606 165 608 166 651"/></Shape>
	    <String CONTENT="Denique quæri etiam poteſt de tempore, quo"
                    HPOS="165"
                    VPOS="602"
                    WIDTH="986"
                    HEIGHT="76"
                    WC="0.993379804350081"></String>
          </TextLine>

          
          
          <TextLine ID="eSc_line_e97f0dd5"
                    TAGREFS="LT4318"
                    BASELINE="110 709 1152 706" 
                    HPOS="108"
                    VPOS="658"
                    WIDTH="1044"
                    HEIGHT="75">
            <Shape><Polygon POINTS="110 709 110 733 208 725 441 730 615 733 617 733 649 727 670 724 684 727 700 731 701 731 703 731 935 724 962 724 963 724 974 731 975 731 977 731 978 731 980 731 1000 724 1000 722 1152 721 1152 706 1146 658 1110 669 1057 661 1055 661 950 669 933 660 932 660 931 660 929 660 928 660 926 660 926 661 913 669 902 661 901 660 899 660 898 660 896 660 895 660 893 660 892 661 877 670 789 670 782 663 779 660 777 660 776 660 722 660 721 660 719 660 710 663 696 669 675 664 658 660 657 660 655 660 612 664 563 670 524 666 486 661 484 661 483 661 472 666 464 672 398 672 385 667 356 661 355 661 353 661 328 669 318 672 108 672 110 709"/></Shape>
	    <String CONTENT="preces concipi &amp; fieri à Chriſtianis debent. Reſ."
                    HPOS="108"
                    VPOS="658"
                    WIDTH="1044"
                    HEIGHT="75"
                    WC="0.987955665588379"></String>
          </TextLine>

          
          
          <TextLine ID="eSc_line_9f964547"
                    TAGREFS="LT4318"
                    BASELINE="111 767 1151 762" 
                    HPOS="110"
                    VPOS="721"
                    WIDTH="1041"
                    HEIGHT="73">
            <Shape><Polygon POINTS="111 767 111 782 145 792 147 792 148 794 193 794 193 792 194 792 196 792 206 783 209 782 251 782 252 783 261 792 263 792 264 792 266 794 292 794 292 792 294 792 295 792 295 791 304 783 307 782 325 783 388 792 389 792 391 792 410 785 419 782 443 785 486 791 487 791 548 786 578 783 584 786 594 791 596 791 597 791 599 791 609 786 621 780 636 786 648 791 649 791 651 791 672 786 701 780 749 788 779 791 780 791 782 791 789 788 806 779 843 788 852 789 853 789 862 788 905 779 920 788 920 789 922 789 923 789 925 789 932 788 984 779 1029 789 1032 789 1033 789 1035 789 1036 789 1061 779 1148 789 1151 762 1148 734 1102 734 1085 722 1084 722 1082 722 1081 722 1079 722 1078 722 1064 733 1015 725 1014 725 962 733 901 721 899 721 898 721 875 730 828 722 826 722 825 722 823 722 806 734 786 734 765 734 764 734 733 724 731 724 730 724 728 724 703 734 701 734 699 734 626 725 624 725 572 734 557 722 556 722 554 722 458 722 456 722 455 722 419 734 416 737 367 737 365 736 352 724 350 724 349 724 312 724 310 724 309 724 284 736 282 736 281 736 249 724 248 724 133 724 132 724 130 724 110 733 111 767"/></Shape>
	    <String CONTENT="Quod quidem ad priuatas, non tantùm quoti¬"
                    HPOS="110"
                    VPOS="721"
                    WIDTH="1041"
                    HEIGHT="73"
                    WC="0.986739160016526"></String>
          </TextLine>

          
          
          <TextLine ID="eSc_line_40cdc047"
                    TAGREFS="LT4318"
                    BASELINE="108 826 1151 822" 
                    HPOS="108"
                    VPOS="776"
                    WIDTH="1043"
                    HEIGHT="77">
            <Shape><Polygon POINTS="108 840 163 852 165 853 194 853 194 852 196 852 197 852 197 850 209 841 353 852 355 852 356 852 385 841 435 852 437 852 438 852 440 852 458 841 602 850 603 850 605 850 626 840 639 850 641 850 642 850 643 852 703 852 703 850 704 850 743 840 752 849 754 849 755 849 801 850 803 850 804 850 806 850 819 840 829 847 831 847 832 847 834 847 910 838 911 838 941 849 942 849 944 849 945 849 977 838 1032 849 1033 849 1035 849 1036 849 1036 847 1048 838 1084 838 1115 849 1116 849 1118 849 1119 849 1151 837 1151 822 1146 788 1012 788 1006 786 963 776 962 776 960 776 959 776 916 786 910 789 838 789 834 786 815 776 813 776 812 776 810 776 788 786 785 788 782 786 755 777 754 777 752 777 688 786 666 789 658 786 636 777 635 777 633 777 545 786 513 789 499 786 471 779 469 779 398 779 397 779 395 779 379 786 376 788 373 786 362 779 361 779 359 779 307 779 306 779 304 779 285 786 272 791 252 786 226 779 224 779 223 779 193 786 172 791 159 786 141 779 139 779 138 779 136 779 123 786 114 791 110 786 108 826 108 840"/></Shape>
	    <String CONTENT="die ſemel: ſed etiam &amp; bis &amp; ſæpius in die fieri o¬"
                    HPOS="108"
                    VPOS="776"
                    WIDTH="1043"
                    HEIGHT="77"
                    WC="0.985978689848208"></String>
          </TextLine>

          
          
          <TextLine ID="eSc_line_d16a2326"
                    TAGREFS="LT4318"
                    BASELINE="107 886 1149 883" 
                    HPOS="105"
                    VPOS="840"
                    WIDTH="1044"
                    HEIGHT="71">
            <Shape><Polygon POINTS="107 886 107 911 239 901 542 901 588 910 590 910 669 899 731 908 733 908 800 899 819 908 820 908 822 910 914 910 914 908 916 908 933 899 990 908 991 908 1072 901 1146 908 1149 883 1148 849 1134 841 1133 841 1131 841 1130 841 1051 850 1041 850 1039 849 1032 843 1030 843 1029 843 859 840 858 840 856 840 855 840 843 847 838 852 806 852 773 847 700 840 699 840 697 840 675 847 661 850 648 846 629 840 627 840 626 840 624 840 623 840 614 846 605 853 364 853 328 844 315 841 313 841 312 841 301 844 270 852 237 843 234 843 233 843 232 843 230 843 229 843 214 852 202 843 200 843 199 843 197 843 196 843 194 843 168 850 153 843 150 841 148 841 147 841 105 841 107 886"/></Shape>
	    <String CONTENT="portere, nimirum mane &amp; veſperi, cùm ſurgimus"
                    HPOS="105"
                    VPOS="840"
                    WIDTH="1044"
                    HEIGHT="71"
                    WC="0.989137098841045"></String>
          </TextLine>

          
          
          <TextLine ID="eSc_line_0ad07e97"
                    TAGREFS="LT4318"
                    BASELINE="107 942 1149 938" 
                    HPOS="105"
                    VPOS="895"
                    WIDTH="1044"
                    HEIGHT="70">
            <Shape><Polygon POINTS="107 942 107 957 450 965 452 965 526 956 535 956 539 956 568 963 569 963 571 963 572 963 574 963 585 956 587 956 603 956 785 963 786 963 862 954 871 954 877 954 920 962 922 962 1148 953 1149 938 1146 908 865 895 864 895 862 895 832 907 773 896 771 896 770 896 768 896 755 907 676 898 675 898 673 898 672 898 657 908 654 910 574 910 568 908 514 896 513 896 511 896 487 908 484 908 483 908 455 896 453 896 452 896 406 898 404 898 403 898 391 908 388 911 318 911 313 908 294 898 292 898 246 898 245 898 243 898 242 898 227 908 224 910 218 908 193 898 191 898 190 898 188 898 159 908 153 910 150 908 142 901 141 901 139 901 138 901 105 907 107 942"/></Shape>
	    <String CONTENT="aut cubitum diſcedimus, vt omnes actiones no¬"
                    HPOS="105"
                    VPOS="895"
                    WIDTH="1044"
                    HEIGHT="70"
                    WC="0.995142662525177"></String>
          </TextLine>

          
          
          <TextLine ID="eSc_line_67f88ab4"
                    TAGREFS="LT4318"
                    BASELINE="107 1003 1149 997" 
                    HPOS="105"
                    VPOS="953"
                    WIDTH="1044"
                    HEIGHT="76">
            <Shape><Polygon POINTS="107 1003 107 1023 248 1018 254 1021 261 1027 263 1027 264 1027 266 1027 292 1021 309 1018 316 1021 333 1029 334 1029 336 1029 337 1029 352 1021 353 1020 355 1021 361 1027 362 1027 364 1027 365 1029 452 1029 452 1027 453 1027 480 1020 490 1017 499 1020 522 1027 523 1027 524 1029 584 1029 584 1027 585 1027 587 1027 597 1018 600 1015 742 1015 746 1017 764 1026 765 1026 767 1027 867 1027 867 1026 911 1015 920 1014 929 1015 983 1024 984 1024 986 1024 1005 1014 1006 1014 1008 1014 1033 1024 1035 1024 1036 1026 1103 1026 1103 1024 1105 1024 1149 1012 1149 997 1148 968 1103 954 1102 954 1100 954 1099 954 1097 954 1079 968 1063 968 991 968 991 966 981 957 980 957 978 957 977 957 975 957 951 963 939 954 939 953 938 953 936 953 935 953 933 953 890 966 884 969 849 969 846 966 829 954 828 954 826 954 825 954 752 957 751 957 749 957 737 966 734 969 697 969 694 966 681 954 679 954 678 954 676 954 675 954 649 965 629 954 627 954 626 954 624 954 623 954 603 966 597 969 591 966 575 957 574 957 572 957 571 957 569 957 556 965 548 971 391 971 383 965 373 956 371 956 370 956 368 956 367 956 337 965 316 971 300 965 281 957 279 957 211 957 209 957 208 957 181 965 162 969 156 965 148 957 147 957 145 957 144 957 105 963 107 1003"/></Shape>
	    <String CONTENT="ſtræ à Deo incipiant &amp; finiant. Id quod exemplo"
                    HPOS="105"
                    VPOS="953"
                    WIDTH="1044"
                    HEIGHT="76"
                    WC="0.991780025263627"></String>
          </TextLine>

          
          
          <TextLine ID="eSc_line_33b36c69"
                    TAGREFS="LT4318"
                    BASELINE="107 1060 1148 1055" 
                    HPOS="105"
                    VPOS="1011"
                    WIDTH="1043"
                    HEIGHT="67">
            <Shape><Polygon POINTS="107 1060 107 1075 1145 1078 1148 1055 1143 1015 986 1023 974 1015 969 1011 968 1011 966 1011 870 1011 868 1011 867 1011 855 1015 831 1024 649 1024 626 1015 618 1012 617 1012 615 1012 614 1012 608 1015 588 1026 530 1026 519 1015 517 1015 516 1015 458 1012 456 1012 455 1012 444 1015 413 1026 391 1015 386 1014 385 1014 309 1014 307 1014 306 1014 304 1014 301 1015 288 1024 270 1015 266 1014 264 1014 263 1014 212 1015 211 1015 209 1015 194 1026 159 1015 150 1014 148 1014 147 1014 105 1015 107 1060"/></Shape>
	    <String CONTENT="Dauidis ita faciẽdum eſſe monemur Pſal.55 verſ."
                    HPOS="105"
                    VPOS="1011"
                    WIDTH="1043"
                    HEIGHT="67"
                    WC="0.989840608090162"></String>
          </TextLine>

          
          
          <TextLine ID="eSc_line_ff2072fe"
                    TAGREFS="LT4318"
                    BASELINE="108 1121 1148 1115" 
                    HPOS="107"
                    VPOS="1069"
                    WIDTH="1041"
                    HEIGHT="74">
            <Shape><Polygon POINTS="108 1121 108 1134 333 1134 340 1136 364 1143 365 1143 367 1143 368 1143 386 1136 397 1133 441 1133 449 1136 456 1142 458 1142 459 1142 461 1142 522 1137 572 1133 599 1137 626 1142 627 1142 666 1137 718 1131 727 1137 730 1140 731 1140 733 1140 734 1140 785 1137 931 1130 945 1139 947 1139 948 1139 950 1139 954 1139 1003 1131 1145 1139 1148 1115 1145 1082 994 1082 977 1069 975 1069 974 1069 919 1069 917 1069 916 1069 896 1078 825 1072 823 1072 822 1072 820 1072 806 1082 734 1070 733 1070 731 1070 730 1070 713 1082 678 1082 660 1070 658 1070 657 1070 627 1070 626 1070 624 1070 623 1070 602 1084 578 1075 577 1075 575 1075 455 1084 414 1072 413 1072 411 1072 410 1072 365 1085 353 1075 353 1073 352 1073 350 1073 349 1073 278 1085 251 1073 249 1073 248 1073 246 1073 245 1073 229 1085 202 1075 200 1075 199 1075 197 1075 172 1085 136 1073 135 1073 133 1073 132 1073 107 1085 108 1121"/></Shape>
	    <String CONTENT="18 &amp; ſuo ſeculo in omnibus familiis factitatum"
                    HPOS="107"
                    VPOS="1069"
                    WIDTH="1041"
                    HEIGHT="74"
                    WC="0.992103562406872"></String>
          </TextLine>

          
          
          <TextLine ID="eSc_line_5f2744bb"
                    TAGREFS="LT4318"
                    BASELINE="102 1179 1148 1174" 
                    HPOS="101"
                    VPOS="1125"
                    WIDTH="1047"
                    HEIGHT="81">
            <Shape><Polygon POINTS="102 1179 102 1198 236 1206 237 1206 287 1198 312 1194 367 1197 435 1201 437 1201 469 1197 495 1192 504 1197 519 1203 520 1203 655 1204 657 1204 658 1204 676 1195 682 1192 710 1192 716 1194 731 1204 733 1204 734 1204 736 1206 773 1206 773 1204 774 1204 776 1204 776 1203 786 1194 789 1192 803 1194 846 1200 847 1200 849 1200 850 1200 858 1194 862 1191 881 1194 947 1203 948 1203 950 1203 951 1203 963 1192 968 1191 1017 1191 1021 1192 1041 1203 1042 1203 1044 1204 1094 1204 1094 1203 1146 1191 1148 1174 1145 1127 1107 1125 1106 1125 1105 1125 1102 1127 1075 1139 1047 1127 1042 1125 1041 1125 1039 1125 1029 1127 968 1140 883 1140 865 1128 862 1125 861 1125 859 1125 800 1125 798 1125 797 1125 791 1128 764 1140 716 1128 707 1127 706 1127 704 1127 697 1128 655 1142 569 1142 553 1130 550 1127 548 1127 547 1127 545 1127 544 1127 536 1130 508 1142 471 1142 453 1130 452 1128 450 1128 449 1128 447 1128 446 1128 441 1130 422 1140 406 1130 403 1128 401 1128 400 1128 398 1128 397 1128 391 1130 365 1142 345 1131 340 1128 339 1128 282 1128 281 1128 279 1128 278 1128 275 1131 258 1143 215 1143 202 1131 199 1128 197 1128 196 1128 194 1128 193 1128 184 1131 162 1140 142 1131 135 1128 133 1128 132 1128 101 1131 102 1179"/></Shape>
	    <String CONTENT="ſcribit diſertè hoc loco Chryſoſtomus. Quod"
                    HPOS="101"
                    VPOS="1125"
                    WIDTH="1047"
                    HEIGHT="81"
                    WC="0.993071927265687"></String>
          </TextLine>

          
          
          <TextLine ID="eSc_line_9a9f7510"
                    TAGREFS="LT4318"
                    BASELINE="101 1237 1146 1232" 
                    HPOS="99"
                    VPOS="1191"
                    WIDTH="1047"
                    HEIGHT="68">
            <Shape><Polygon POINTS="101 1237 101 1259 174 1250 380 1256 446 1258 447 1258 449 1258 459 1255 487 1249 582 1253 636 1256 638 1256 713 1252 797 1247 813 1250 832 1255 834 1255 835 1255 849 1250 858 1247 867 1250 878 1255 880 1255 881 1255 910 1249 925 1247 963 1249 1081 1255 1082 1255 1145 1246 1146 1232 1142 1200 991 1200 989 1200 953 1191 951 1191 950 1191 948 1191 916 1200 914 1200 865 1191 864 1191 862 1191 861 1191 846 1200 658 1192 657 1192 655 1192 636 1201 636 1203 535 1203 533 1201 475 1192 474 1192 417 1203 411 1203 401 1203 300 1194 298 1194 297 1194 295 1194 285 1203 284 1204 245 1204 243 1203 233 1195 232 1195 230 1195 124 1194 123 1194 121 1194 99 1201 101 1237"/></Shape>
	    <String CONTENT="autem ad precationes publicas nulla fuit ante"
                    HPOS="99"
                    VPOS="1191"
                    WIDTH="1047"
                    HEIGHT="68"
                    WC="0.98457092973921"></String>
          </TextLine>

          
          
          <TextLine ID="eSc_line_aa7e065e"
                    TAGREFS="LT4318"
                    BASELINE="104 1296 1146 1293" 
                    HPOS="102"
                    VPOS="1247"
                    WIDTH="1044"
                    HEIGHT="72">
            <Shape><Polygon POINTS="104 1296 104 1311 386 1308 392 1313 397 1317 398 1317 400 1317 401 1319 469 1319 469 1317 471 1317 472 1317 475 1314 483 1308 513 1314 527 1316 529 1316 530 1316 539 1314 563 1308 596 1314 617 1317 618 1317 620 1317 621 1317 624 1314 636 1307 690 1314 693 1314 694 1314 697 1314 773 1307 829 1316 838 1316 840 1316 841 1316 844 1316 875 1307 905 1316 907 1316 908 1316 910 1316 914 1316 954 1308 996 1316 999 1316 1000 1316 1002 1316 1024 1307 1143 1316 1146 1293 1145 1261 1107 1247 1106 1247 1047 1247 1045 1247 1044 1247 1023 1259 1021 1259 1018 1259 963 1247 962 1247 960 1247 959 1247 945 1258 944 1261 878 1261 865 1258 806 1247 804 1247 803 1247 801 1247 789 1256 785 1261 727 1261 716 1256 694 1247 693 1247 691 1247 690 1247 688 1247 678 1255 670 1261 618 1261 608 1255 605 1252 603 1252 602 1252 600 1252 599 1252 597 1252 594 1255 582 1262 331 1262 279 1252 261 1249 260 1249 102 1249 104 1296"/></Shape>
	    <String CONTENT="Chriſtianos imperatores de eo lex in Eccleſia"
                    HPOS="102"
                    VPOS="1247"
                    WIDTH="1044"
                    HEIGHT="72"
                    WC="0.981740929020776"></String>
          </TextLine>

          
          
          <TextLine ID="eSc_line_50127a5a"
                    TAGREFS="LT4318"
                    BASELINE="104 1353 1143 1350" 
                    HPOS="102"
                    VPOS="1305"
                    WIDTH="1041"
                    HEIGHT="72">
            <Shape><Polygon POINTS="104 1353 104 1366 275 1366 278 1368 287 1375 288 1375 290 1375 291 1377 359 1377 359 1375 361 1375 362 1375 371 1368 373 1366 383 1368 440 1375 441 1375 443 1375 444 1375 455 1368 456 1366 458 1368 472 1375 474 1375 475 1377 539 1377 539 1375 541 1375 557 1368 560 1366 562 1368 569 1375 571 1375 572 1375 574 1377 617 1377 617 1375 618 1375 639 1368 648 1365 672 1368 713 1374 715 1374 716 1374 730 1368 739 1365 807 1368 892 1372 893 1372 914 1368 923 1366 931 1368 947 1374 948 1374 950 1374 994 1368 1024 1365 1038 1368 1054 1374 1055 1374 1057 1374 1142 1368 1143 1350 1142 1319 1110 1305 1109 1305 1107 1305 1106 1305 1072 1317 972 1305 971 1305 969 1305 968 1305 953 1319 933 1319 919 1305 917 1305 916 1305 846 1305 844 1305 843 1305 841 1305 831 1314 820 1307 820 1305 819 1305 817 1305 779 1305 777 1305 776 1305 774 1305 758 1317 688 1308 687 1308 645 1317 626 1305 624 1305 623 1305 621 1305 620 1305 585 1320 484 1320 471 1308 469 1308 468 1308 466 1308 465 1308 431 1319 383 1307 382 1307 380 1307 379 1307 337 1319 193 1307 191 1307 102 1320 104 1353"/></Shape>
	    <String CONTENT="conſtituta, cùm non auderent Chriſtiani homi¬"
                    HPOS="102"
                    VPOS="1305"
                    WIDTH="1041"
                    HEIGHT="72"
                    WC="0.998071977625722"></String>
          </TextLine>

          
          
          <TextLine ID="eSc_line_bbfff668"
                    TAGREFS="LT4318"
                    BASELINE="101 1414 1145 1411" 
                    HPOS="99"
                    VPOS="1365"
                    WIDTH="1046"
                    HEIGHT="74">
            <Shape><Polygon POINTS="101 1414 101 1430 380 1439 382 1439 383 1439 385 1439 391 1433 395 1430 481 1430 486 1433 490 1438 492 1438 493 1438 495 1438 533 1435 574 1430 587 1435 602 1439 603 1439 605 1439 606 1439 617 1435 630 1429 646 1435 654 1438 655 1438 657 1438 785 1436 786 1436 788 1436 806 1429 852 1436 864 1438 865 1438 877 1436 928 1429 959 1438 962 1438 963 1438 965 1438 966 1438 968 1438 987 1429 1054 1429 1067 1438 1069 1438 1070 1438 1072 1439 1143 1439 1145 1411 1140 1365 1079 1372 1048 1365 1044 1365 1042 1365 1041 1365 1039 1365 1029 1375 968 1375 959 1366 957 1365 956 1365 954 1365 953 1365 938 1366 896 1374 861 1368 841 1365 840 1365 838 1365 831 1368 820 1374 815 1368 810 1365 809 1365 807 1365 806 1365 774 1369 746 1372 719 1369 675 1365 673 1365 643 1371 618 1375 550 1372 450 1366 449 1366 447 1366 446 1366 435 1374 431 1375 395 1374 315 1369 313 1369 99 1377 101 1414"/></Shape>
	    <String CONTENT="nes propter perſecutiones liberè cõuenire. Poſt"
                    HPOS="99"
                    VPOS="1365"
                    WIDTH="1046"
                    HEIGHT="74"
                    WC="0.988774432211506"></String>
          </TextLine>

          
          
          <TextLine ID="eSc_line_2b124134"
                    TAGREFS="LT4318"
                    BASELINE="101 1470 1142 1466" 
                    HPOS="99"
                    VPOS="1423"
                    WIDTH="1043"
                    HEIGHT="73">
            <Shape><Polygon POINTS="101 1470 101 1490 193 1485 202 1490 208 1494 209 1494 211 1494 212 1496 273 1496 273 1494 337 1488 373 1485 379 1488 392 1494 394 1494 395 1494 397 1494 398 1494 406 1488 408 1485 550 1485 559 1487 591 1493 593 1493 594 1493 620 1485 630 1484 639 1485 670 1493 672 1493 673 1493 700 1485 707 1484 754 1485 965 1491 966 1491 1039 1482 1042 1482 1045 1482 1107 1491 1109 1491 1110 1491 1142 1481 1142 1466 1137 1430 999 1432 991 1430 969 1423 968 1423 966 1423 965 1423 948 1430 942 1433 715 1433 707 1430 685 1424 684 1424 682 1424 638 1430 614 1433 603 1430 587 1424 585 1424 523 1424 522 1424 520 1424 519 1424 510 1430 505 1433 501 1430 487 1424 486 1424 484 1424 413 1430 361 1435 99 1432 101 1470"/></Shape>
	    <String CONTENT="fancitam verò Eccleſiæ libertatem toties ora¬"
                    HPOS="99"
                    VPOS="1423"
                    WIDTH="1043"
                    HEIGHT="73"
                    WC="0.990009741938632"></String>
          </TextLine>

          
          
          <TextLine ID="eSc_line_578a5dd6"
                    TAGREFS="LT4318"
                    BASELINE="102 1528 1143 1528" 
                    HPOS="102"
                    VPOS="1482"
                    WIDTH="1041"
                    HEIGHT="76">
            <Shape><Polygon POINTS="102 1528 102 1552 136 1545 162 1552 174 1557 175 1557 176 1558 249 1558 249 1557 251 1557 260 1552 275 1545 288 1552 291 1555 292 1555 294 1555 295 1555 325 1552 398 1545 425 1552 440 1557 441 1557 443 1558 550 1558 550 1557 551 1557 553 1557 553 1555 557 1552 566 1545 620 1552 626 1552 627 1552 629 1552 630 1552 654 1546 663 1552 664 1554 666 1554 667 1554 669 1554 670 1554 673 1552 690 1545 806 1545 822 1552 829 1555 831 1555 832 1555 834 1555 841 1552 856 1545 880 1552 892 1555 893 1555 895 1555 896 1555 898 1555 898 1554 901 1552 910 1545 1011 1545 1033 1552 1049 1557 1051 1557 1052 1557 1143 1551 1143 1528 1142 1482 1096 1493 1070 1482 1069 1482 1067 1482 1066 1482 1064 1482 1063 1482 1035 1494 916 1494 887 1484 880 1482 878 1482 877 1482 875 1482 871 1484 852 1493 803 1485 782 1482 713 1482 712 1482 710 1482 700 1487 681 1493 646 1487 620 1482 618 1482 596 1487 571 1493 556 1487 542 1482 541 1482 539 1482 538 1482 520 1488 502 1493 478 1488 447 1482 446 1482 444 1482 420 1488 406 1494 243 1494 236 1491 220 1485 218 1485 217 1485 102 1491 102 1528"/></Shape>
	    <String CONTENT="runt, quoties ad audiendum Dei verbum, vel ad"
                    HPOS="102"
                    VPOS="1482"
                    WIDTH="1041"
                    HEIGHT="76"
                    WC="0.991293103165097"></String>
          </TextLine>

          
          
          <TextLine ID="eSc_line_98aea435"
                    TAGREFS="LT4318"
                    BASELINE="104 1588 1142 1588" 
                    HPOS="104"
                    VPOS="1548"
                    WIDTH="1038"
                    HEIGHT="67">
            <Shape><Polygon POINTS="104 1588 104 1600 141 1609 142 1609 203 1601 205 1601 226 1612 227 1612 229 1612 230 1612 257 1603 287 1613 288 1613 290 1613 291 1613 292 1613 301 1604 319 1610 321 1610 322 1610 324 1610 346 1601 348 1601 431 1601 434 1601 464 1613 465 1613 466 1613 544 1606 551 1612 553 1612 554 1612 556 1612 557 1612 580 1603 584 1601 587 1603 615 1613 617 1613 618 1613 669 1603 670 1603 673 1603 709 1613 710 1613 712 1615 798 1615 798 1613 800 1613 828 1603 835 1601 917 1601 923 1604 938 1613 939 1613 941 1613 942 1615 1030 1615 1030 1613 1032 1613 1058 1604 1069 1601 1079 1604 1105 1613 1106 1613 1107 1613 1109 1613 1142 1604 1142 1588 1142 1549 104 1548 104 1588"/></Shape>
	    <String CONTENT="Sacramentorum participationem colligebatur"
                    HPOS="104"
                    VPOS="1548"
                    WIDTH="1038"
                    HEIGHT="67"
                    WC="0.982531575929551"></String>
          </TextLine>

          
          
          <TextLine ID="eSc_line_992329de"
                    TAGREFS="LT4318"
                    BASELINE="99 1646 1140 1641" 
                    HPOS="98"
                    VPOS="1595"
                    WIDTH="1042"
                    HEIGHT="78">
            <Shape><Polygon POINTS="99 1646 99 1664 261 1664 266 1664 330 1673 331 1673 333 1673 364 1664 394 1673 395 1673 397 1673 450 1662 456 1662 459 1662 484 1671 486 1671 487 1671 597 1662 605 1662 606 1662 624 1670 626 1670 627 1670 629 1670 652 1664 791 1671 792 1671 835 1662 916 1670 917 1670 919 1670 948 1661 950 1661 957 1661 1105 1670 1106 1670 1107 1670 1140 1659 1140 1641 1136 1607 1102 1607 1099 1606 1082 1595 1081 1595 1079 1595 1078 1595 1076 1595 1051 1606 1047 1609 951 1609 945 1604 933 1597 932 1597 931 1597 929 1597 841 1604 782 1609 764 1603 757 1601 755 1601 754 1601 737 1603 697 1609 679 1603 672 1600 670 1600 669 1600 655 1603 627 1609 608 1601 594 1597 593 1597 591 1597 590 1597 588 1597 581 1601 571 1609 455 1609 422 1600 413 1598 411 1598 410 1598 408 1598 404 1600 382 1610 364 1600 362 1598 361 1598 359 1598 98 1598 99 1646"/></Shape>
	    <String CONTENT="Eccleſia, quia ſine precibus nunquam dimitteba¬"
                    HPOS="98"
                    VPOS="1595"
                    WIDTH="1042"
                    HEIGHT="78"></String>
          </TextLine>

          
          
          <TextLine ID="eSc_line_9ddb2309"
                    TAGREFS="LT4318"
                    BASELINE="95 1707 1142 1702" 
                    HPOS="93"
                    VPOS="1661"
                    WIDTH="1049"
                    HEIGHT="71">
            <Shape><Polygon POINTS="95 1707 95 1723 218 1731 220 1731 292 1725 309 1723 310 1725 319 1732 321 1732 322 1732 324 1732 397 1725 411 1723 414 1725 426 1732 428 1732 429 1732 431 1732 432 1732 458 1725 468 1722 588 1722 597 1725 612 1731 614 1731 615 1732 725 1732 725 1731 727 1731 728 1731 737 1725 742 1722 757 1725 777 1729 779 1731 889 1731 889 1729 890 1729 892 1729 898 1725 902 1722 916 1725 926 1728 928 1728 929 1728 931 1728 938 1725 951 1720 977 1725 997 1729 999 1729 1142 1725 1142 1702 1137 1661 93 1667 95 1707"/></Shape>
	    <String CONTENT="tur cœtus piorum, vti docent, &amp; luſtinus Martyr"
                    HPOS="93"
                    VPOS="1661"
                    WIDTH="1049"
                    HEIGHT="71"
                    WC="0.98559769671014"></String>
          </TextLine>

          
          
          <TextLine ID="eSc_line_65e6e08f"
                    TAGREFS="LT4318"
                    BASELINE="96 1765 1140 1760" 
                    HPOS="95"
                    VPOS="1714"
                    WIDTH="1045"
                    HEIGHT="76">
            <Shape><Polygon POINTS="96 1765 96 1783 111 1790 113 1790 114 1790 116 1790 144 1781 145 1781 156 1781 333 1790 334 1790 336 1790 371 1781 519 1789 520 1789 522 1789 523 1789 533 1780 568 1780 572 1780 663 1789 664 1789 715 1780 758 1789 759 1789 761 1789 762 1789 777 1780 801 1787 803 1787 804 1787 895 1778 901 1778 904 1778 950 1787 951 1789 1105 1789 1105 1787 1106 1787 1140 1777 1140 1760 1137 1725 923 1714 922 1714 920 1714 901 1725 807 1725 789 1725 768 1716 767 1716 765 1716 673 1725 568 1716 566 1716 517 1725 480 1716 478 1716 477 1716 431 1726 429 1728 380 1728 380 1726 367 1717 365 1717 364 1717 362 1717 361 1717 339 1726 319 1717 318 1717 162 1717 160 1717 159 1717 157 1717 145 1726 113 1717 111 1717 110 1717 108 1717 107 1717 95 1723 96 1765"/></Shape>
	    <String CONTENT="&amp; Tertullian.in Apologet. &amp; Socrates lib.5.cap."
                    HPOS="95"
                    VPOS="1714"
                    WIDTH="1045"
                    HEIGHT="76"></String>
          </TextLine>

          
          
          <TextLine ID="eSc_line_5160798a"
                    TAGREFS="LT4318"
                    BASELINE="95 1820 1140 1820" 
                    HPOS="95"
                    VPOS="1775"
                    WIDTH="1045"
                    HEIGHT="70">
            <Shape><Polygon POINTS="95 1820 95 1835 130 1844 132 1844 133 1844 156 1836 179 1844 181 1844 182 1844 245 1836 252 1836 261 1836 334 1844 336 1845 456 1845 456 1844 458 1844 471 1838 477 1836 495 1838 535 1844 536 1844 600 1839 643 1836 706 1836 712 1839 716 1844 718 1844 719 1844 721 1844 722 1844 736 1841 751 1836 759 1841 768 1844 770 1844 771 1844 809 1841 855 1836 877 1841 890 1844 892 1844 928 1841 999 1836 1015 1842 1021 1844 1023 1844 1024 1844 1140 1842 1140 1820 1140 1787 996 1787 994 1786 945 1775 944 1775 942 1775 914 1786 913 1786 911 1786 875 1777 874 1777 873 1777 820 1784 810 1777 809 1777 807 1777 806 1777 731 1786 721 1786 712 1786 648 1778 646 1778 645 1778 630 1786 629 1787 504 1787 499 1784 474 1775 472 1775 471 1775 404 1784 400 1784 394 1784 278 1775 276 1775 95 1783 95 1820"/></Shape>
	    <String CONTENT="I6. Certis tamen horis non erant precationes pri¬"
                    HPOS="95"
                    VPOS="1775"
                    WIDTH="1045"
                    HEIGHT="70"></String>
          </TextLine>

          
          
          <TextLine ID="eSc_line_83bcbbf7"
                    TAGREFS="LT4318"
                    BASELINE="95 1878 1139 1881" 
                    HPOS="93"
                    VPOS="1833"
                    WIDTH="1046"
                    HEIGHT="75">
            <Shape><Polygon POINTS="95 1878 93 1890 187 1905 188 1905 190 1905 223 1897 257 1905 258 1905 260 1905 287 1894 350 1902 352 1902 353 1902 371 1894 377 1893 379 1894 385 1900 386 1900 388 1900 389 1900 461 1896 478 1896 480 1897 490 1905 492 1905 493 1905 495 1905 554 1897 587 1894 734 1894 749 1900 754 1903 755 1903 757 1903 807 1902 996 1894 1012 1905 1014 1906 1015 1906 1017 1906 1018 1908 1137 1908 1139 1881 1137 1848 1069 1839 1067 1839 1066 1839 1041 1847 1024 1835 1023 1835 1021 1835 1020 1835 1018 1835 984 1844 977 1836 975 1836 974 1836 843 1835 841 1835 840 1835 807 1847 806 1847 788 1835 786 1835 785 1835 783 1835 664 1847 654 1847 652 1847 641 1836 641 1835 639 1835 638 1835 636 1835 532 1845 530 1845 493 1833 492 1833 490 1833 428 1845 426 1845 425 1845 391 1833 389 1833 388 1833 386 1833 346 1845 343 1845 342 1845 287 1833 285 1833 284 1833 248 1845 245 1845 95 1845 95 1878"/></Shape>
	    <String CONTENT="mum inſtitutæ, alligatæ, &amp; vinctæ: ſed creuit po¬"
                    HPOS="93"
                    VPOS="1833"
                    WIDTH="1046"
                    HEIGHT="75"
                    WC="0.992818919979796"></String>
          </TextLine>

          
          
          <TextLine ID="eSc_line_7a430fb6"
                    TAGREFS="LT4318"
                    BASELINE="96 1937 1140 1937" 
                    HPOS="96"
                    VPOS="1890"
                    WIDTH="1044"
                    HEIGHT="70">
            <Shape><Polygon POINTS="96 1937 96 1960 1140 1955 1140 1937 1140 1903 1008 1903 968 1890 966 1890 852 1890 850 1890 849 1890 816 1902 774 1890 773 1890 771 1890 770 1890 768 1890 752 1900 718 1890 716 1890 715 1890 713 1890 690 1902 636 1891 635 1891 633 1891 608 1900 563 1890 562 1890 371 1902 352 1890 350 1890 349 1890 315 1890 313 1890 258 1902 212 1890 211 1890 209 1890 208 1890 181 1902 111 1890 110 1890 108 1890 107 1890 107 1891 96 1900 96 1937"/></Shape>
	    <String CONTENT="ſtea ſuperſtitio, &amp; deuincta eſt certis horis oran¬"
                    HPOS="96"
                    VPOS="1890"
                    WIDTH="1044"
                    HEIGHT="70"
                    WC="0.986416622704151"></String>
          </TextLine>

          
          
          <TextLine ID="eSc_line_69f6789f"
                    TAGREFS="LT4318"
                    BASELINE="95 1994 1140 1998" 
                    HPOS="93"
                    VPOS="1948"
                    WIDTH="1047"
                    HEIGHT="71">
            <Shape><Polygon POINTS="95 1994 93 2010 105 2018 107 2018 108 2018 110 2018 260 2012 443 2019 444 2019 1139 2013 1140 1998 1139 1966 1076 1951 1011 1951 1009 1951 1008 1951 965 1963 960 1966 905 1966 902 1963 886 1951 884 1951 883 1951 881 1951 880 1951 846 1961 791 1951 789 1951 788 1951 765 1961 761 1963 651 1963 646 1960 626 1949 624 1949 623 1949 621 1949 584 1960 569 1964 483 1964 464 1958 437 1952 435 1952 434 1952 411 1958 398 1961 392 1958 379 1948 377 1948 376 1948 374 1948 300 1949 298 1949 278 1957 261 1963 174 1963 166 1955 157 1948 156 1948 154 1948 153 1948 95 1954 95 1994"/></Shape>
	    <String CONTENT="di conſuetudo &amp; neceſſitas, etiam ſine publico"
                    HPOS="93"
                    VPOS="1948"
                    WIDTH="1047"
                    HEIGHT="71"
                    WC="0.983997758315957"></String>
          </TextLine>

          
          
          <TextLine ID="eSc_line_f40e1e0e"
                    TAGREFS="LT4318"
                    BASELINE="92 2052 1137 2055" 
                    HPOS="92"
                    VPOS="2006"
                    WIDTH="1045"
                    HEIGHT="73">
            <Shape><Polygon POINTS="92 2052 92 2076 157 2070 319 2077 343 2077 345 2077 346 2077 349 2077 376 2070 397 2077 398 2077 400 2077 401 2077 410 2077 474 2070 484 2077 486 2077 487 2077 489 2079 1136 2079 1137 2055 1137 2019 1094 2007 1093 2007 1044 2007 1042 2007 1041 2007 1039 2007 1029 2016 994 2007 993 2007 991 2007 990 2007 968 2016 965 2018 962 2016 933 2007 932 2007 931 2007 929 2007 904 2016 896 2018 883 2016 844 2009 843 2009 841 2009 820 2015 809 2018 789 2015 748 2007 746 2007 713 2013 694 2018 687 2013 675 2007 673 2007 672 2007 670 2007 649 2013 632 2018 618 2013 605 2007 603 2007 602 2007 600 2007 584 2012 569 2016 523 2012 466 2006 465 2006 380 2010 257 2016 237 2009 232 2006 230 2006 229 2006 227 2006 226 2006 223 2009 211 2016 199 2007 197 2006 196 2006 194 2006 193 2006 92 2006 92 2052"/></Shape>
	    <String CONTENT="Eccleſiæ cœtu, &amp; ſine predicatione verbi Dei. Id"
                    HPOS="92"
                    VPOS="2006"
                    WIDTH="1045"
                    HEIGHT="73"
                    WC="0.985401598115762"></String>
          </TextLine>

          
          
          <TextLine ID="eSc_line_7ee2bac8"
                    TAGREFS="LT4318"
                    BASELINE="95 2110 1133 2113" 
                    HPOS="95"
                    VPOS="2065"
                    WIDTH="1038"
                    HEIGHT="75">
            <Shape><Polygon POINTS="95 2110 95 2135 435 2128 450 2137 452 2137 453 2137 455 2137 456 2137 489 2128 513 2137 514 2137 516 2137 519 2137 635 2129 981 2129 990 2137 991 2137 993 2137 994 2137 996 2137 1017 2129 1030 2138 1032 2138 1033 2138 1035 2140 1131 2140 1133 2113 1130 2068 1081 2076 1060 2068 1057 2067 1055 2067 1054 2067 1052 2067 1051 2067 1051 2068 1036 2082 945 2082 928 2070 926 2070 925 2070 923 2070 922 2070 901 2080 883 2068 883 2067 881 2067 880 2067 878 2067 877 2067 875 2068 859 2076 820 2068 813 2067 684 2067 682 2067 676 2068 618 2080 443 2080 423 2068 420 2065 419 2065 417 2065 368 2065 367 2065 365 2065 364 2065 364 2067 362 2068 349 2080 287 2080 252 2068 245 2065 243 2065 206 2065 205 2065 203 2065 202 2065 200 2068 185 2079 95 2068 95 2110"/></Shape>
	    <String CONTENT="quod docet Hieronymus ad Euſtochium, adeò"
                    HPOS="95"
                    VPOS="2065"
                    WIDTH="1038"
                    HEIGHT="75"
                    WC="0.998475361438025"></String>
          </TextLine>

          
          
          <TextLine ID="eSc_line_7ea6b23b"
                    TAGREFS="LT4318"
                    BASELINE="90 2169 1125 2174" 
                    HPOS="89"
                    VPOS="2128"
                    WIDTH="1036"
                    HEIGHT="101">
            <Shape><Polygon POINTS="90 2169 89 2215 133 2224 135 2224 136 2224 162 2215 185 2208 410 2208 420 2214 435 2226 437 2226 438 2226 440 2226 538 2218 578 2226 580 2226 581 2226 582 2226 602 2212 603 2212 608 2212 655 2224 657 2224 658 2224 685 2215 734 2218 736 2218 737 2218 739 2218 746 2212 751 2210 759 2212 807 2227 809 2227 810 2229 969 2229 969 2227 971 2227 972 2227 993 2211 996 2211 1052 2221 1054 2221 1055 2221 1076 2211 1078 2211 1124 2211 1125 2174 1124 2143 1054 2141 1042 2131 1041 2131 1039 2131 880 2131 878 2131 877 2131 875 2131 864 2140 861 2141 733 2140 731 2138 718 2129 716 2129 715 2129 713 2129 712 2129 710 2129 710 2131 701 2138 699 2140 688 2138 649 2132 648 2132 559 2137 505 2140 501 2137 492 2129 490 2129 489 2129 487 2129 447 2137 431 2140 236 2140 229 2134 215 2128 214 2128 212 2128 90 2132 90 2169"/></Shape>
	    <String CONTENT="quidem, vt etiam ſioe conuocatione Eccleſiæ o¬"
                    HPOS="89"
                    VPOS="2128"
                    WIDTH="1036"
                    HEIGHT="101"
                    WC="0.997769658980162"></String>
          </TextLine>

          
        </TextBlock>
        

        
      </PrintSpace>
    </Page>
  </Layout>
</alto>
