<?xml version="1.0" encoding="UTF-8"?>
<alto xmlns:xsi="http://www.w3.org/2001/XMLSchema-instance"
      xmlns="http://www.loc.gov/standards/alto/ns-v4#"
      xsi:schemaLocation="http://www.loc.gov/standards/alto/ns-v4# http://www.loc.gov/standards/alto/v4/alto-4-2.xsd">
  <Description>
    <MeasurementUnit>pixel</MeasurementUnit>
    <sourceImageInformation>
      <fileName>2012983.png</fileName>
      
    </sourceImageInformation>
  </Description>
  
  <Tags>
    <OtherTag ID="BT10983" LABEL="GraphicZone" DESCRIPTION="block type GraphicZone"/><OtherTag ID="BT10982" LABEL="DropCapitalZone" DESCRIPTION="block type DropCapitalZone"/><OtherTag ID="BT10981" LABEL="RunningTitleZone" DESCRIPTION="block type RunningTitleZone"/><OtherTag ID="BT10980" LABEL="NumberingZone" DESCRIPTION="block type NumberingZone"/><OtherTag ID="BT10979" LABEL="TitlePageZone" DESCRIPTION="block type TitlePageZone"/><OtherTag ID="BT10978" LABEL="QuireMarksZone" DESCRIPTION="block type QuireMarksZone"/><OtherTag ID="BT10977" LABEL="MainZone" DESCRIPTION="block type MainZone"/><OtherTag ID="BT10976" LABEL="MarginTextZone" DESCRIPTION="block type MarginTextZone"/>
    <OtherTag ID="LT4321" LABEL="default" DESCRIPTION="line type default"/><OtherTag ID="LT4319" LABEL="HeadingLine" DESCRIPTION="line type HeadingLine"/><OtherTag ID="LT4318" LABEL="DefaultLine" DESCRIPTION="line type DefaultLine"/><OtherTag ID="LT4320" LABEL="CustomLine : BiblicalText" DESCRIPTION="line type CustomLine : BiblicalText"/>
  </Tags>
  
  <Layout>
    <Page WIDTH="1807"
          HEIGHT="2677"
          PHYSICAL_IMG_NR="30"
          ID="eSc_dummypage_">
      <PrintSpace HPOS="0"
                  VPOS="0"
                  WIDTH="1807"
                  HEIGHT="2677">
        
        <TextBlock HPOS="482"
                   VPOS="181"
                   WIDTH="309"
                   HEIGHT="60"
                   ID="block_2"
                   TAGREFS="BT10981">
          <Shape><Polygon POINTS="791 181 791 241 482 241 482 181"/></Shape>
          
          
          <TextLine ID="eSc_line_4ef1ffd3"
                    TAGREFS="LT4319"
                    BASELINE="481 224 781 222" 
                    HPOS="479"
                    VPOS="182"
                    WIDTH="301"
                    HEIGHT="56">
            <Shape><Polygon POINTS="767 182 745 182 722 182 700 182 678 182 655 182 633 182 611 182 588 182 566 182 544 182 522 182 499 182 479 223 479 238 778 238 780 220 776 182 767 182"/></Shape>
	    <String CONTENT="CAPVT I."
                    HPOS="479"
                    VPOS="182"
                    WIDTH="301"
                    HEIGHT="56"
                    WC="0.99892245978117"></String>
          </TextLine>

          
        </TextBlock>
        
        <TextBlock HPOS="1092"
                   VPOS="188"
                   WIDTH="123"
                   HEIGHT="63"
                   ID="eSc_textblock_4b19cbbb"
                   TAGREFS="BT10980">
          <Shape><Polygon POINTS="1092 188 1092 251 1215 251 1215 188"/></Shape>
          
          
          <TextLine ID="eSc_line_af0c37dd"
                    TAGREFS="LT4318"
                    BASELINE="1118 225 1195 211" 
                    HPOS="1106"
                    VPOS="147"
                    WIDTH="91"
                    HEIGHT="107">
            <Shape><Polygon POINTS="1122 254 1197 240 1193 209 1182 153 1142 147 1139 147 1137 147 1106 162 1117 223"/></Shape>
	    <String CONTENT="71"
                    HPOS="1106"
                    VPOS="147"
                    WIDTH="91"
                    HEIGHT="107"></String>
          </TextLine>

          
        </TextBlock>
        
        <TextBlock HPOS="131"
                   VPOS="246"
                   WIDTH="1077"
                   HEIGHT="1940"
                   ID="block_1"
                   TAGREFS="BT10977">
          <Shape><Polygon POINTS="1208 246 1208 2186 131 2186 131 246"/></Shape>
          
          
          <TextLine ID="eSc_line_b4c0643a"
                    TAGREFS="LT4318"
                    BASELINE="139 294 1201 290" 
                    HPOS="138"
                    VPOS="239"
                    WIDTH="1063"
                    HEIGHT="83">
            <Shape><Polygon POINTS="168 246 153 248 142 248 138 248 139 294 139 310 245 310 270 321 272 321 273 322 406 322 406 321 407 321 438 310 440 310 441 310 466 321 468 321 469 321 471 321 507 310 514 309 522 310 541 316 542 316 544 316 569 310 578 309 584 310 602 319 603 319 605 321 651 321 651 319 652 319 654 319 666 310 669 310 710 312 868 316 870 316 871 316 873 316 878 312 883 307 892 312 902 316 904 316 905 316 939 312 962 309 966 312 972 318 974 318 975 318 977 318 978 318 993 312 1005 307 1026 312 1051 318 1052 318 1200 312 1201 290 1198 254 1107 239 1106 239 1020 252 1015 252 1012 252 960 245 959 245 880 252 868 252 864 252 822 242 820 242 819 242 817 242 803 251 774 242 773 242 771 242 718 251 701 254 690 251 649 240 648 240 624 240 623 240 621 240 620 240 608 251 603 255 554 255 550 251 539 242 538 242 536 242 535 242 533 242 507 251 489 255 469 251 449 245 447 245 446 245 444 245 434 249 423 257 386 257 379 249 370 242 368 242 367 242 246 242 245 242 243 242 224 249 209 255 191 249 181 245 168 246"/></Shape>
	    <String CONTENT="ſacra legitima &amp; Deo grata oratio extra ea fieri"
                    HPOS="138"
                    VPOS="239"
                    WIDTH="1063"
                    HEIGHT="83"
                    WC="0.997727700819572"></String>
          </TextLine>

          
          
          <TextLine ID="eSc_line_fc74e3f2"
                    TAGREFS="LT4318"
                    BASELINE="141 350 1186 350" 
                    HPOS="141"
                    VPOS="306"
                    WIDTH="1045"
                    HEIGHT="70">
            <Shape><Polygon POINTS="141 350 141 376 185 368 252 376 255 376 257 376 258 376 288 368 380 376 389 376 391 376 392 376 394 376 419 368 458 376 462 376 464 376 472 376 542 368 1185 373 1186 350 1186 319 1061 319 1041 306 1039 306 1038 306 1036 306 975 318 910 306 908 306 907 306 884 318 864 307 862 307 710 306 709 306 707 306 663 319 615 319 596 309 594 309 593 309 591 309 590 309 580 319 532 319 477 306 475 306 474 306 472 306 455 319 361 319 343 306 342 306 340 306 339 306 337 306 307 315 298 306 297 306 295 306 217 306 215 306 214 306 188 319 141 319 141 350"/></Shape>
	    <String CONTENT="poſſe ab hominibus etiam Chriſtianis cẽſeretur."
                    HPOS="141"
                    VPOS="306"
                    WIDTH="1045"
                    HEIGHT="70"
                    WC="0.992826571067174"></String>
          </TextLine>

          
          
          <TextLine ID="eSc_line_6f2f0dab"
                    TAGREFS="LT4318"
                    BASELINE="199 410 1185 410" 
                    HPOS="199"
                    VPOS="362"
                    WIDTH="986"
                    HEIGHT="75">
            <Shape><Polygon POINTS="199 428 327 435 328 435 330 435 331 435 342 428 346 426 397 426 401 428 411 435 413 435 414 435 416 437 461 437 461 435 462 435 464 435 475 428 480 426 789 426 797 426 864 435 865 435 867 435 868 435 877 426 878 426 880 426 936 434 938 434 978 426 996 435 997 435 999 435 1000 435 1002 435 1011 428 1020 435 1021 435 1023 435 1024 437 1154 437 1154 435 1155 435 1185 425 1185 410 1185 374 1133 364 1131 364 1130 364 1128 364 1118 373 1115 376 984 376 971 371 941 362 939 362 938 362 936 362 935 362 935 364 926 370 922 376 831 376 812 370 788 362 786 362 785 362 783 362 764 368 752 373 745 368 737 362 736 362 734 362 646 362 645 362 643 362 626 367 599 374 587 367 584 364 582 364 581 364 520 362 519 362 517 362 516 362 513 365 498 376 438 376 417 364 413 362 411 362 410 362 408 362 404 364 379 374 358 364 355 362 353 362 309 362 307 362 306 362 304 362 304 364 291 376 269 376 257 365 257 364 255 364 254 364 199 362 199 410"/></Shape>
	    <String CONTENT="Nec illa ſuperſtitio deffendi poteſt exemplo"
                    HPOS="199"
                    VPOS="362"
                    WIDTH="986"
                    HEIGHT="75"
                    WC="0.979582174257799"></String>
          </TextLine>

          
          
          <TextLine ID="eSc_line_b8cbc5c2"
                    TAGREFS="LT4318"
                    BASELINE="141 468 1182 465" 
                    HPOS="139"
                    VPOS="423"
                    WIDTH="1043"
                    HEIGHT="72">
            <Shape><Polygon POINTS="141 484 318 484 321 486 328 493 330 493 331 493 333 495 373 495 373 493 401 487 413 484 420 487 434 493 435 493 437 495 519 495 519 493 520 493 536 487 548 484 575 489 593 490 594 490 626 489 707 483 743 489 759 492 761 492 762 492 764 492 767 489 779 483 846 483 873 490 878 492 880 492 881 493 975 493 975 492 983 492 1026 483 1036 492 1038 492 1039 492 1041 493 1093 493 1093 492 1094 492 1096 492 1124 483 1179 492 1182 465 1180 434 1148 423 1146 423 1145 423 1143 423 1109 432 1103 435 968 435 956 432 916 423 914 423 913 423 911 423 901 431 895 435 819 435 813 431 803 423 801 423 800 423 718 423 716 423 715 423 697 429 685 435 623 435 611 429 605 425 603 425 602 425 550 425 548 425 547 425 538 428 522 435 498 428 486 425 484 425 483 425 481 425 471 428 446 435 420 428 410 425 408 425 373 425 371 425 370 425 368 425 365 428 355 435 307 426 301 426 300 426 294 426 245 435 139 426 141 468"/></Shape>
	    <String CONTENT="eorum, qui in ſepulchrum Elizæi cadauer quod¬"
                    HPOS="139"
                    VPOS="423"
                    WIDTH="1043"
                    HEIGHT="72"
                    WC="0.993767788675096"></String>
          </TextLine>

          
          
          <TextLine ID="eSc_line_ff61d37e"
                    TAGREFS="LT4318"
                    BASELINE="141 527 1189 524" 
                    HPOS="139"
                    VPOS="481"
                    WIDTH="1050"
                    HEIGHT="69">
            <Shape><Polygon POINTS="141 527 141 550 187 541 214 548 215 548 217 548 263 541 322 548 325 548 327 548 328 548 349 541 414 548 425 548 426 548 438 547 495 541 529 547 541 548 542 548 544 548 548 547 562 541 1188 541 1189 524 1186 495 1145 495 1125 481 1124 481 1122 481 1121 481 1067 493 1014 486 1012 486 1011 486 1009 486 1000 495 789 495 664 481 663 481 661 481 639 493 600 495 580 495 577 495 542 483 541 483 539 483 538 483 510 495 508 496 419 496 416 495 403 487 401 487 400 487 371 493 356 483 355 483 353 483 255 483 254 483 252 483 251 483 251 484 240 493 229 487 227 487 226 487 224 487 197 495 196 495 194 495 162 483 160 483 159 483 157 483 139 492 141 527"/></Shape>
	    <String CONTENT="dam feſtinantes &amp; coacti proiecerant. vt eſt 2."
                    HPOS="139"
                    VPOS="481"
                    WIDTH="1050"
                    HEIGHT="69"
                    WC="0.986520488211449"></String>
          </TextLine>

          
          
          <TextLine ID="eSc_line_3d9c973a"
                    TAGREFS="LT4318"
                    BASELINE="139 587 1182 582" 
                    HPOS="138"
                    VPOS="536"
                    WIDTH="1044"
                    HEIGHT="73">
            <Shape><Polygon POINTS="139 587 142 609 157 600 208 608 209 608 441 600 565 606 566 606 611 599 767 606 789 606 791 606 797 606 834 597 861 605 862 605 864 605 901 597 926 605 928 605 929 605 932 605 993 597 1014 605 1015 605 1017 605 1018 606 1149 606 1149 605 1151 605 1152 605 1152 603 1160 597 1177 603 1182 582 1179 550 1018 550 1014 548 981 536 980 536 978 536 977 536 939 547 933 548 931 547 914 536 913 536 911 536 849 536 847 536 846 536 844 536 844 538 834 547 829 550 774 545 728 542 727 542 706 545 673 550 663 545 649 538 648 538 646 538 585 544 530 550 523 544 517 539 517 538 516 538 514 538 486 538 484 538 483 538 468 542 441 551 413 542 403 539 401 539 370 539 368 539 367 539 365 539 362 542 348 551 138 541 139 587"/></Shape>
	    <String CONTENT="Reg.13.verſ.21. Nam illi cadauer Elizæi non co¬"
                    HPOS="138"
                    VPOS="536"
                    WIDTH="1044"
                    HEIGHT="73"></String>
          </TextLine>

          
          
          <TextLine ID="eSc_line_f999cf9a"
                    TAGREFS="LT4318"
                    BASELINE="139 642 1185 642" 
                    HPOS="139"
                    VPOS="602"
                    WIDTH="1046"
                    HEIGHT="64">
            <Shape><Polygon POINTS="139 642 139 666 203 658 324 666 325 666 386 658 435 666 437 666 475 658 542 666 544 666 590 658 688 666 690 666 734 658 974 658 1012 666 1014 666 1015 666 1035 658 1107 666 1109 666 1110 666 1140 658 1183 666 1185 642 1185 605 139 602 139 642"/></Shape>
	    <String CONTENT="luerunt: deinde id coacti fecerunt. Demum nulla"
                    HPOS="139"
                    VPOS="602"
                    WIDTH="1046"
                    HEIGHT="64"
                    WC="0.992720020578263"></String>
          </TextLine>

          
          
          <TextLine ID="eSc_line_c2775510"
                    TAGREFS="LT4318"
                    BASELINE="139 703 1186 698" 
                    HPOS="138"
                    VPOS="651"
                    WIDTH="1048"
                    HEIGHT="77">
            <Shape><Polygon POINTS="139 703 139 721 468 728 469 728 510 719 513 719 514 719 532 727 533 727 535 727 536 727 563 719 566 719 569 719 630 727 632 727 751 719 804 727 806 727 807 727 840 718 841 718 843 718 864 725 865 725 867 725 980 718 1171 725 1173 725 1174 725 1176 725 1186 716 1186 698 1185 664 1149 651 1148 651 1146 651 1073 663 1069 663 1009 663 994 663 971 651 969 651 968 651 917 661 908 663 889 661 798 652 797 652 795 652 794 652 782 660 774 664 704 660 597 652 596 652 547 658 484 667 458 667 447 657 444 655 444 654 443 654 441 654 440 654 438 654 437 654 432 657 426 661 394 657 368 654 367 654 365 654 364 654 361 657 346 666 230 655 206 654 205 654 203 654 199 655 175 666 163 655 163 654 162 654 160 654 159 654 138 654 139 703"/></Shape>
	    <String CONTENT="inde ſuperſtitio nata dicitur ad ſepulchrum Eli¬"
                    HPOS="138"
                    VPOS="651"
                    WIDTH="1048"
                    HEIGHT="77"
                    WC="0.995454110205173"></String>
          </TextLine>

          
          
          <TextLine ID="eSc_line_7ba4c031"
                    TAGREFS="LT4318"
                    BASELINE="141 764 1186 758" 
                    HPOS="141"
                    VPOS="712"
                    WIDTH="1045"
                    HEIGHT="77">
            <Shape><Polygon POINTS="141 786 279 789 281 789 282 789 292 786 319 780 340 786 349 789 350 789 352 789 353 789 355 789 358 786 365 780 397 786 398 786 400 786 403 786 464 779 483 786 487 788 489 788 490 788 492 788 496 786 522 779 571 786 584 788 585 788 600 786 669 777 719 786 724 786 725 786 728 786 770 777 893 786 907 786 908 786 913 786 957 776 980 783 981 783 983 783 1049 776 1067 785 1069 785 1070 786 1185 786 1186 758 1183 724 1128 724 1127 722 1113 713 1112 713 1110 713 1109 713 1107 713 1085 722 1063 722 1026 722 1012 712 1011 712 1009 712 1008 712 1006 712 968 722 965 722 960 722 910 713 908 713 862 721 849 724 840 721 815 713 813 713 812 713 777 721 765 724 759 721 745 713 743 713 693 713 691 713 690 713 672 721 660 727 440 727 419 719 403 715 401 715 400 715 398 715 397 715 391 719 377 727 249 719 205 716 203 716 191 718 154 727 142 718 141 764 141 786"/></Shape>
	    <String CONTENT="zæi: ſed tantùm proptere fuit doctrina Prophe¬"
                    HPOS="141"
                    VPOS="712"
                    WIDTH="1045"
                    HEIGHT="77"></String>
          </TextLine>

          
          
          <TextLine ID="eSc_line_858047b0"
                    TAGREFS="LT4318"
                    BASELINE="139 820 1189 816" 
                    HPOS="138"
                    VPOS="773"
                    WIDTH="1051"
                    HEIGHT="73">
            <Shape><Polygon POINTS="139 820 139 838 466 846 468 846 469 846 471 846 480 838 642 844 643 844 645 844 666 837 678 844 679 844 681 844 682 846 834 846 834 844 893 835 899 835 904 835 956 843 957 843 991 835 993 835 1014 843 1015 843 1017 843 1067 835 1069 835 1070 835 1163 843 1164 843 1165 843 1189 834 1189 816 1186 782 986 773 984 773 983 773 981 773 971 782 969 782 966 782 884 774 883 774 829 783 822 783 815 783 770 774 768 774 767 774 765 774 752 783 751 785 657 785 652 783 597 774 596 774 533 783 505 774 504 774 502 774 501 774 480 785 478 785 469 785 401 776 400 776 398 776 397 776 386 785 348 785 295 785 294 785 275 777 273 777 272 777 215 785 196 777 194 777 193 777 138 785 139 820"/></Shape>
	    <String CONTENT="tæ, quę in animis hominum adhuc recens inhære¬"
                    HPOS="138"
                    VPOS="773"
                    WIDTH="1051"
                    HEIGHT="73"></String>
          </TextLine>

          
          
          <TextLine ID="eSc_line_ba85107c"
                    TAGREFS="LT4318"
                    BASELINE="141 878 1189 874" 
                    HPOS="139"
                    VPOS="828"
                    WIDTH="1050"
                    HEIGHT="73">
            <Shape><Polygon POINTS="141 878 141 898 1186 901 1189 874 1186 840 1139 840 1139 838 1113 828 1112 828 1110 828 1057 838 1054 838 1052 838 1005 829 1003 829 951 838 947 838 945 838 926 828 925 828 852 828 850 828 849 828 822 837 815 841 762 841 755 837 734 829 733 829 731 829 687 837 666 840 643 837 594 829 593 829 591 829 568 837 559 838 548 837 516 829 514 829 513 829 498 837 486 841 472 835 458 831 456 831 455 831 453 831 435 835 414 841 377 835 345 831 316 831 315 831 313 831 312 831 312 832 307 835 300 841 139 835 141 878"/></Shape>
	    <String CONTENT="bat, confirmatior facta, &amp; Deus ipſe maiori ho¬"
                    HPOS="139"
                    VPOS="828"
                    WIDTH="1050"
                    HEIGHT="73"></String>
          </TextLine>

          
          
          <TextLine ID="eSc_line_d09eeef5"
                    TAGREFS="LT4318"
                    BASELINE="141 939 974 932" 
                    HPOS="139"
                    VPOS="889"
                    WIDTH="835"
                    HEIGHT="71">
            <Shape><Polygon POINTS="141 939 141 960 330 953 472 959 474 959 475 959 495 951 803 956 804 956 806 956 807 956 807 954 815 948 972 954 974 932 971 898 892 898 884 890 884 889 883 889 881 889 880 889 878 889 877 889 865 898 852 898 762 898 761 898 752 889 751 889 749 889 676 889 675 889 673 889 643 898 636 899 623 898 572 890 571 890 511 898 496 899 484 898 447 892 446 892 444 892 443 892 435 898 431 901 417 898 388 892 386 892 282 893 281 893 279 893 275 898 269 902 139 899 141 939"/></Shape>
	    <String CONTENT="nore ab illius ſeculi hominibus cultus."
                    HPOS="139"
                    VPOS="889"
                    WIDTH="835"
                    HEIGHT="71"
                    WC="0.991403594995156"></String>
          </TextLine>

          
          
          <TextLine ID="eSc_line_8eba547c"
                    TAGREFS="LT4318"
                    BASELINE="211 997 1186 991" 
                    HPOS="209"
                    VPOS="942"
                    WIDTH="977"
                    HEIGHT="81">
            <Shape><Polygon POINTS="211 997 211 1014 444 1023 446 1023 447 1023 449 1023 461 1015 492 1021 493 1021 495 1021 496 1021 496 1020 504 1014 505 1012 511 1014 548 1021 550 1023 597 1023 597 1021 599 1021 600 1021 609 1014 620 1020 621 1020 623 1020 624 1020 655 1014 663 1012 670 1014 712 1020 713 1020 800 1012 829 1011 883 1011 887 1012 902 1020 904 1020 905 1020 960 1012 984 1009 1008 1012 1052 1018 1054 1018 1185 1011 1186 991 1183 953 1063 953 1063 951 1054 944 1054 942 1052 942 1051 942 1049 942 977 951 975 951 948 942 947 942 945 942 944 942 916 951 911 953 904 951 870 945 868 945 867 945 846 951 841 953 840 951 828 944 826 944 825 944 823 944 707 945 706 945 704 945 697 951 694 954 691 951 682 945 681 945 679 945 678 945 676 945 660 951 649 954 639 951 621 945 620 945 618 945 588 951 572 954 562 951 547 945 545 945 544 945 542 945 541 945 532 951 526 954 492 951 449 947 447 947 446 947 434 951 419 956 385 951 356 947 355 947 353 947 337 951 315 956 209 951 211 997"/></Shape>
	    <String CONTENT="Templa igitur in Eccleſijs Dei eſſe vtile qui¬"
                    HPOS="209"
                    VPOS="942"
                    WIDTH="977"
                    HEIGHT="81"
                    WC="0.989662292210952"></String>
          </TextLine>

          
          
          <TextLine ID="eSc_line_994adb14"
                    TAGREFS="LT4318"
                    BASELINE="145 1055 1189 1049" 
                    HPOS="144"
                    VPOS="1003"
                    WIDTH="1045"
                    HEIGHT="76">
            <Shape><Polygon POINTS="145 1055 145 1079 212 1072 437 1078 438 1078 440 1078 461 1070 1094 1075 1096 1075 1097 1075 1099 1075 1107 1067 1186 1075 1189 1049 1188 1014 1167 1003 1165 1003 1130 1003 1128 1003 1127 1003 1125 1003 1115 1012 1002 1003 1000 1003 999 1003 997 1003 983 1012 983 1014 917 1014 907 1012 858 1005 856 1005 815 1012 803 1015 691 1015 688 1012 681 1005 679 1005 678 1005 676 1005 635 1012 612 1015 144 1011 145 1055"/></Shape>
	    <String CONTENT="dem eſt: ſed tamen nec ſumptuoſa, nec ſuperſti¬"
                    HPOS="144"
                    VPOS="1003"
                    WIDTH="1045"
                    HEIGHT="76"
                    WC="0.998721920429392"></String>
          </TextLine>

          
          
          <TextLine ID="eSc_line_b1aec7e4"
                    TAGREFS="LT4318"
                    BASELINE="141 1115 1189 1110" 
                    HPOS="139"
                    VPOS="1063"
                    WIDTH="1050"
                    HEIGHT="74">
            <Shape><Polygon POINTS="141 1115 141 1130 443 1137 444 1137 471 1131 492 1128 520 1133 547 1136 548 1136 645 1133 774 1128 816 1133 837 1136 838 1136 852 1134 884 1127 919 1134 925 1134 926 1136 1061 1136 1061 1134 1063 1134 1087 1127 1186 1134 1189 1110 1186 1072 1151 1064 1149 1064 1148 1064 1127 1072 1125 1072 1122 1072 1099 1063 1097 1063 1096 1063 1094 1063 1093 1063 1082 1072 1081 1073 1033 1073 1032 1072 1008 1063 1006 1063 1005 1063 1003 1063 1002 1063 991 1072 991 1073 920 1073 920 1072 895 1063 893 1063 892 1063 890 1063 859 1072 657 1064 655 1064 654 1064 632 1072 588 1064 587 1064 539 1072 493 1064 492 1064 490 1064 489 1064 474 1075 471 1075 449 1075 279 1066 278 1066 276 1066 257 1075 214 1066 212 1066 211 1066 209 1066 194 1075 193 1076 139 1076 141 1115"/></Shape>
	    <String CONTENT="tioſa, ſed quæ ad capiendum populum ſint ſatis"
                    HPOS="139"
                    VPOS="1063"
                    WIDTH="1050"
                    HEIGHT="74"
                    WC="0.981864578050116"></String>
          </TextLine>

          
          
          <TextLine ID="eSc_line_4ffe9b89"
                    TAGREFS="LT4318"
                    BASELINE="141 1173 1192 1168" 
                    HPOS="139"
                    VPOS="1122"
                    WIDTH="1053"
                    HEIGHT="73">
            <Shape><Polygon POINTS="141 1173 141 1186 157 1195 159 1195 160 1195 208 1188 1191 1188 1192 1168 1188 1133 1165 1133 1164 1133 1152 1122 1151 1122 1149 1122 1148 1122 1023 1133 1015 1133 1012 1133 968 1122 870 1122 868 1122 867 1122 849 1131 771 1124 770 1124 697 1134 693 1134 690 1134 657 1124 655 1124 654 1124 652 1124 651 1124 639 1134 638 1136 554 1136 554 1134 519 1124 517 1124 516 1124 514 1124 483 1136 481 1136 386 1136 382 1136 333 1125 331 1125 290 1134 203 1127 202 1127 200 1127 199 1127 185 1136 185 1137 139 1137 141 1173"/></Shape>
	    <String CONTENT="commodè extructa, &amp; quibus fanctitas nulla"
                    HPOS="139"
                    VPOS="1122"
                    WIDTH="1053"
                    HEIGHT="73"
                    WC="0.988507292991461"></String>
          </TextLine>

          
          
          <TextLine ID="eSc_line_daa64586"
                    TAGREFS="LT4318"
                    BASELINE="141 1229 1191 1226" 
                    HPOS="139"
                    VPOS="1179"
                    WIDTH="1052"
                    HEIGHT="74">
            <Shape><Polygon POINTS="141 1229 141 1244 226 1253 227 1253 270 1244 273 1244 278 1244 309 1253 310 1253 312 1253 374 1246 437 1253 438 1253 440 1253 472 1244 474 1244 484 1244 693 1252 694 1252 696 1252 697 1252 709 1243 710 1243 715 1243 759 1252 761 1253 1112 1253 1112 1252 1189 1241 1191 1226 1186 1189 1107 1189 1105 1189 1076 1179 1075 1179 1073 1179 1072 1179 1045 1188 1021 1180 1020 1180 1018 1180 1017 1180 1015 1180 1006 1189 1005 1191 966 1191 965 1189 954 1180 953 1180 951 1180 950 1180 948 1180 914 1189 913 1189 902 1180 902 1179 901 1179 899 1179 898 1179 807 1188 785 1179 783 1179 782 1179 780 1179 761 1189 758 1189 624 1180 623 1180 621 1180 588 1191 584 1191 535 1191 520 1191 508 1180 507 1180 505 1180 504 1180 502 1180 472 1189 414 1180 413 1180 319 1189 298 1180 297 1180 193 1180 191 1180 190 1180 188 1180 188 1182 176 1191 176 1192 139 1192 141 1229"/></Shape>
	    <String CONTENT="religióque aſcribatur. Hoc enim eſt planè ſuper¬"
                    HPOS="139"
                    VPOS="1179"
                    WIDTH="1052"
                    HEIGHT="74"
                    WC="0.990623277425766"></String>
          </TextLine>

          
          
          <TextLine ID="eSc_line_3b71da17"
                    TAGREFS="LT4318"
                    BASELINE="139 1289 1189 1286" 
                    HPOS="138"
                    VPOS="1238"
                    WIDTH="1051"
                    HEIGHT="73">
            <Shape><Polygon POINTS="139 1289 139 1307 524 1304 596 1310 620 1311 621 1311 654 1310 771 1302 797 1310 798 1310 800 1311 1188 1311 1189 1286 1188 1249 1157 1240 1155 1240 1154 1240 962 1247 939 1238 938 1238 936 1238 935 1238 933 1238 922 1247 858 1240 856 1240 776 1247 724 1238 722 1238 721 1238 719 1238 710 1246 562 1240 560 1240 559 1240 538 1247 522 1240 520 1240 519 1240 443 1247 368 1240 367 1240 322 1249 285 1240 284 1240 282 1240 217 1249 206 1240 205 1240 203 1240 162 1240 160 1240 159 1240 138 1247 139 1289"/></Shape>
	    <String CONTENT="ſtitioſum &amp; Iudaicũ. Primùm enim ſine templis"
                    HPOS="138"
                    VPOS="1238"
                    WIDTH="1051"
                    HEIGHT="73"
                    WC="0.990527793448022"></String>
          </TextLine>

          
          
          <TextLine ID="eSc_line_18bcbe0e"
                    TAGREFS="LT4318"
                    BASELINE="145 1348 1189 1344" 
                    HPOS="144"
                    VPOS="1298"
                    WIDTH="1045"
                    HEIGHT="74">
            <Shape><Polygon POINTS="145 1348 147 1372 178 1363 367 1369 407 1371 408 1371 428 1369 493 1362 522 1368 530 1369 532 1369 533 1369 535 1369 536 1368 544 1362 684 1366 806 1369 807 1369 1115 1362 1152 1368 1154 1368 1155 1368 1189 1359 1189 1344 1186 1311 1105 1311 1085 1301 1084 1301 1082 1301 1081 1301 1079 1301 1067 1311 1021 1311 997 1301 996 1301 994 1301 993 1301 991 1301 981 1311 942 1311 928 1301 926 1301 925 1301 923 1301 826 1311 823 1311 804 1301 803 1301 801 1301 800 1301 782 1308 770 1298 768 1298 767 1298 709 1298 707 1298 706 1298 682 1308 667 1298 666 1298 664 1298 663 1298 617 1305 569 1298 568 1298 566 1298 565 1298 553 1308 519 1298 517 1298 516 1298 514 1298 513 1298 490 1313 469 1299 468 1299 466 1299 465 1299 388 1313 386 1313 385 1313 370 1299 368 1299 367 1299 333 1299 331 1299 330 1299 300 1313 298 1313 229 1302 227 1302 226 1302 206 1313 205 1314 144 1314 145 1348"/></Shape>
	    <String CONTENT="proprijs fuit Eccleſia Chriſtiana tempore Apo¬"
                    HPOS="144"
                    VPOS="1298"
                    WIDTH="1045"
                    HEIGHT="74"
                    WC="0.985446941593419"></String>
          </TextLine>

          
          
          <TextLine ID="eSc_line_45493458"
                    TAGREFS="LT4318"
                    BASELINE="144 1406 1194 1406" 
                    HPOS="144"
                    VPOS="1363"
                    WIDTH="1050"
                    HEIGHT="60">
            <Shape><Polygon POINTS="144 1406 144 1423 1194 1420 1194 1406 1194 1366 144 1363 144 1406"/></Shape>
	    <String CONTENT="ſtolorum, &amp; poſt eos etiam temporibus Iuſtini"
                    HPOS="144"
                    VPOS="1363"
                    WIDTH="1050"
                    HEIGHT="60"
                    WC="0.982976872391171"></String>
          </TextLine>

          
          
          <TextLine ID="eSc_line_8a53acfc"
                    TAGREFS="LT4318"
                    BASELINE="142 1466 1191 1461" 
                    HPOS="141"
                    VPOS="1414"
                    WIDTH="1050"
                    HEIGHT="73">
            <Shape><Polygon POINTS="142 1466 142 1487 1189 1476 1191 1461 1188 1426 1088 1418 1087 1418 1085 1418 1084 1418 1078 1424 1075 1427 1014 1427 1009 1424 996 1415 994 1415 993 1415 991 1415 990 1415 989 1415 977 1424 960 1417 959 1417 957 1417 956 1417 939 1423 919 1414 917 1414 916 1414 861 1423 835 1427 828 1423 817 1415 816 1415 815 1415 813 1415 812 1415 789 1423 774 1429 681 1429 669 1423 657 1415 655 1415 654 1415 652 1415 632 1421 612 1427 572 1421 556 1420 554 1420 553 1420 547 1421 527 1427 507 1421 489 1415 487 1415 486 1415 484 1415 472 1421 455 1429 426 1421 413 1417 411 1417 365 1417 364 1417 362 1417 361 1417 356 1420 345 1427 330 1420 322 1417 321 1417 319 1417 252 1418 251 1418 249 1418 248 1420 237 1429 206 1420 197 1417 196 1417 194 1417 141 1418 142 1466"/></Shape>
	    <String CONTENT="Martyris: falſa ſant enim quæ in Higini &amp; Sex¬"
                    HPOS="141"
                    VPOS="1414"
                    WIDTH="1050"
                    HEIGHT="73"
                    WC="0.980052938927775"></String>
          </TextLine>

          
          
          <TextLine ID="eSc_line_66c1bab1"
                    TAGREFS="LT4318"
                    BASELINE="145 1524 1195 1521" 
                    HPOS="144"
                    VPOS="1472"
                    WIDTH="1051"
                    HEIGHT="76">
            <Shape><Polygon POINTS="145 1524 145 1548 233 1546 234 1546 260 1537 608 1546 609 1546 696 1536 734 1545 736 1545 737 1545 834 1536 932 1545 933 1545 994 1537 1005 1545 1006 1545 1008 1545 1009 1546 1194 1546 1195 1521 1192 1488 1100 1488 1100 1487 1079 1472 1078 1472 1076 1472 1075 1472 1073 1472 1045 1487 1044 1488 947 1488 944 1487 878 1472 877 1472 826 1484 813 1473 813 1472 812 1472 810 1472 809 1472 709 1473 707 1473 706 1473 690 1487 688 1488 655 1488 641 1485 606 1479 605 1479 603 1479 602 1479 594 1485 590 1490 535 1490 529 1485 505 1473 504 1473 403 1473 401 1473 400 1473 373 1482 310 1473 309 1473 307 1473 275 1485 266 1488 258 1485 236 1473 234 1473 179 1473 178 1473 176 1473 175 1473 175 1475 163 1485 162 1485 144 1485 145 1524"/></Shape>
	    <String CONTENT="ti Roman. Epiſcoporum Epiſtolis de conſecra¬"
                    HPOS="144"
                    VPOS="1472"
                    WIDTH="1051"
                    HEIGHT="76"
                    WC="0.988581347194585"></String>
          </TextLine>

          
          
          <TextLine ID="eSc_line_953f376a"
                    TAGREFS="LT4318"
                    BASELINE="142 1583 1188 1579" 
                    HPOS="141"
                    VPOS="1534"
                    WIDTH="1047"
                    HEIGHT="70">
            <Shape><Polygon POINTS="142 1583 142 1601 309 1597 358 1601 382 1604 383 1604 385 1604 386 1604 389 1601 397 1597 423 1601 438 1604 440 1604 466 1601 535 1595 569 1601 577 1603 578 1603 593 1601 666 1595 675 1601 675 1603 676 1603 678 1603 679 1604 785 1604 785 1603 795 1601 856 1594 902 1601 904 1603 1186 1603 1188 1579 1186 1545 1164 1534 1163 1534 1102 1534 1100 1534 1099 1534 1097 1534 1085 1545 1084 1546 962 1546 936 1546 923 1534 922 1534 920 1534 846 1534 844 1534 843 1534 841 1534 823 1546 810 1536 809 1536 807 1536 806 1536 752 1546 751 1546 728 1536 727 1536 725 1536 641 1545 593 1536 591 1536 590 1536 562 1546 532 1536 530 1536 529 1536 527 1536 484 1548 481 1548 466 1548 278 1537 276 1537 229 1548 169 1537 168 1537 166 1537 141 1546 142 1583"/></Shape>
	    <String CONTENT="tione templorum in decretis &amp; alibi extant. Sub"
                    HPOS="141"
                    VPOS="1534"
                    WIDTH="1047"
                    HEIGHT="70"
                    WC="0.984943110892113"></String>
          </TextLine>

          
          
          <TextLine ID="eSc_line_30f6285e"
                    TAGREFS="LT4318"
                    BASELINE="147 1641 1188 1635" 
                    HPOS="145"
                    VPOS="1592"
                    WIDTH="1043"
                    HEIGHT="64">
            <Shape><Polygon POINTS="147 1641 147 1656 1186 1653 1188 1635 1185 1606 1134 1606 1134 1604 1118 1592 1116 1592 1115 1592 1113 1592 1112 1592 1085 1604 1084 1606 1039 1606 1036 1604 1018 1594 1017 1594 1015 1594 1014 1594 996 1604 994 1604 977 1592 975 1592 974 1592 942 1592 941 1592 939 1592 908 1603 899 1606 896 1603 886 1594 884 1594 883 1594 841 1594 840 1594 838 1594 837 1594 826 1603 822 1606 798 1603 777 1600 776 1600 737 1601 649 1609 550 1609 527 1600 513 1595 511 1595 510 1595 469 1600 397 1610 331 1610 300 1598 294 1597 292 1597 258 1597 257 1597 255 1597 254 1597 254 1598 252 1598 243 1607 221 1598 217 1597 215 1597 214 1597 145 1597 147 1641"/></Shape>
	    <String CONTENT="Diocletiano primum apparet Chriſtianos ha¬"
                    HPOS="145"
                    VPOS="1592"
                    WIDTH="1043"
                    HEIGHT="64"
                    WC="0.994530283269428"></String>
          </TextLine>

          
          
          <TextLine ID="eSc_line_5c5ebaaf"
                    TAGREFS="LT4318"
                    BASELINE="144 1699 1194 1696" 
                    HPOS="142"
                    VPOS="1652"
                    WIDTH="1052"
                    HEIGHT="67">
            <Shape><Polygon POINTS="144 1699 144 1716 1191 1719 1194 1696 1191 1665 1099 1658 1097 1658 993 1662 920 1665 887 1661 820 1652 819 1652 817 1652 816 1652 804 1661 797 1665 718 1665 701 1659 684 1652 682 1652 681 1652 679 1652 678 1652 669 1659 657 1667 614 1658 588 1653 587 1653 585 1653 575 1658 554 1665 510 1656 496 1655 495 1655 493 1655 486 1656 456 1665 431 1656 423 1653 422 1653 420 1653 419 1653 413 1656 385 1667 371 1658 370 1658 368 1658 367 1658 316 1665 295 1655 292 1653 291 1653 142 1653 144 1699"/></Shape>
	    <String CONTENT="buiſſe oratoria quædam, &amp; προς ευκτηρίους  ὄικους, vt"
                    HPOS="142"
                    VPOS="1652"
                    WIDTH="1052"
                    HEIGHT="67"></String>
          </TextLine>

          
          
          <TextLine ID="eSc_line_c70bb7f0"
                    TAGREFS="LT4318"
                    BASELINE="147 1759 1192 1753" 
                    HPOS="145"
                    VPOS="1707"
                    WIDTH="1047"
                    HEIGHT="71">
            <Shape><Polygon POINTS="147 1759 147 1778 1191 1766 1192 1753 1189 1719 1125 1708 1124 1708 1060 1717 1018 1707 1017 1707 1015 1707 965 1717 932 1707 931 1707 929 1707 928 1707 905 1719 898 1711 896 1711 895 1711 893 1711 892 1711 868 1720 691 1720 565 1710 563 1710 562 1710 560 1710 542 1722 499 1722 487 1711 487 1710 486 1710 484 1710 408 1710 407 1710 352 1711 350 1711 349 1711 339 1720 285 1711 284 1711 282 1711 252 1723 145 1723 147 1759"/></Shape>
	    <String CONTENT="vocat Euſeb. lib.9. Hiſtor.cap.1o. &amp; Ruffi in Hi¬"
                    HPOS="145"
                    VPOS="1707"
                    WIDTH="1047"
                    HEIGHT="71"></String>
          </TextLine>

          
          
          <TextLine ID="eSc_line_d8067b79"
                    TAGREFS="LT4318"
                    BASELINE="145 1817 1195 1814" 
                    HPOS="144"
                    VPOS="1766"
                    WIDTH="1051"
                    HEIGHT="75">
            <Shape><Polygon POINTS="145 1817 145 1830 188 1829 193 1832 208 1839 209 1839 211 1839 281 1832 313 1829 318 1832 325 1838 325 1839 327 1839 328 1839 330 1841 358 1841 358 1839 389 1833 407 1829 426 1833 453 1839 455 1839 456 1839 458 1839 464 1833 468 1829 516 1829 522 1833 524 1836 526 1836 527 1836 529 1836 530 1836 541 1833 556 1830 597 1835 651 1839 652 1839 654 1839 664 1835 676 1830 736 1835 771 1838 773 1838 774 1838 782 1836 810 1827 859 1827 875 1836 877 1838 878 1838 880 1838 881 1838 883 1838 890 1836 925 1827 945 1836 947 1836 1099 1838 1100 1838 1102 1838 1124 1829 1192 1838 1195 1814 1192 1780 1039 1780 1036 1778 1000 1766 999 1766 953 1766 951 1766 950 1766 948 1766 948 1768 936 1778 935 1778 910 1766 908 1766 853 1766 852 1766 850 1766 829 1777 826 1778 780 1778 779 1777 767 1766 765 1766 764 1766 762 1766 761 1766 731 1777 724 1778 706 1777 645 1768 643 1768 642 1768 641 1768 629 1775 621 1781 569 1781 563 1775 556 1769 556 1768 554 1768 553 1768 551 1768 502 1775 489 1777 484 1775 471 1768 469 1768 359 1768 358 1768 356 1768 355 1768 346 1774 339 1780 321 1774 301 1768 300 1768 270 1768 269 1768 267 1768 266 1768 266 1769 260 1774 252 1781 203 1781 191 1774 182 1768 181 1768 179 1768 178 1768 144 1772 145 1817"/></Shape>
	    <String CONTENT="ſtor. Eccleſiaſt. Templa igitur Chriſtianorum"
                    HPOS="144"
                    VPOS="1766"
                    WIDTH="1051"
                    HEIGHT="75"
                    WC="0.983618965413835"></String>
          </TextLine>

          
          
          <TextLine ID="eSc_line_e3604ce8"
                    TAGREFS="LT4318"
                    BASELINE="145 1875 1200 1869" 
                    HPOS="144"
                    VPOS="1829"
                    WIDTH="1056"
                    HEIGHT="71">
            <Shape><Polygon POINTS="145 1875 145 1893 229 1899 230 1899 232 1899 233 1899 239 1893 243 1890 275 1890 279 1893 288 1899 290 1899 291 1899 292 1899 328 1891 333 1891 339 1891 373 1899 374 1900 374 1899 411 1891 428 1888 577 1888 580 1890 585 1896 587 1896 588 1896 590 1896 649 1890 661 1888 670 1888 712 1896 713 1896 715 1896 716 1896 727 1888 731 1887 825 1887 826 1888 835 1896 837 1896 838 1896 840 1897 928 1897 928 1896 929 1896 931 1896 931 1894 939 1887 941 1885 945 1887 966 1894 968 1894 969 1894 1008 1887 1014 1885 1015 1887 1024 1893 1026 1893 1027 1893 1029 1893 1060 1887 1113 1894 1115 1894 1198 1884 1200 1869 1197 1835 762 1829 761 1829 699 1833 620 1838 568 1832 545 1830 544 1830 542 1830 541 1830 538 1832 527 1839 330 1839 234 1832 232 1832 230 1832 229 1832 209 1839 144 1832 145 1875"/></Shape>
	    <String CONTENT="imperatorum ætate &amp; imperio demum ædifica¬"
                    HPOS="144"
                    VPOS="1829"
                    WIDTH="1056"
                    HEIGHT="71"
                    WC="0.997857539426713"></String>
          </TextLine>

          
          
          <TextLine ID="eSc_line_7c5b1ad0"
                    TAGREFS="LT4318"
                    BASELINE="144 1933 1201 1927" 
                    HPOS="142"
                    VPOS="1884"
                    WIDTH="1059"
                    HEIGHT="77">
            <Shape><Polygon POINTS="144 1933 144 1955 298 1961 300 1961 345 1954 374 1948 382 1952 391 1958 392 1958 394 1958 395 1958 397 1958 398 1958 406 1952 416 1946 469 1946 481 1951 499 1960 501 1960 502 1960 504 1960 505 1960 520 1951 529 1946 581 1946 587 1949 594 1955 596 1955 597 1955 599 1955 600 1955 620 1949 632 1946 655 1949 701 1954 703 1954 807 1946 838 1945 841 1946 865 1958 867 1958 868 1960 916 1960 916 1958 917 1958 954 1945 981 1957 983 1957 984 1957 986 1957 1003 1948 1106 1957 1107 1957 1109 1957 1110 1957 1124 1946 1155 1951 1157 1951 1201 1940 1201 1927 1198 1894 1115 1884 1113 1884 1112 1884 1110 1884 1110 1885 1100 1894 1099 1896 1029 1896 1026 1894 986 1884 984 1884 983 1884 981 1884 980 1884 968 1894 966 1894 963 1894 913 1888 911 1888 910 1888 898 1894 895 1896 883 1894 838 1888 837 1888 794 1894 783 1896 777 1894 748 1885 746 1885 745 1885 693 1894 669 1885 667 1885 666 1885 590 1887 588 1887 587 1887 577 1896 574 1897 547 1896 444 1887 403 1887 401 1887 400 1887 398 1887 398 1888 389 1896 386 1897 377 1896 349 1891 348 1891 346 1891 345 1891 339 1896 334 1900 230 1900 226 1896 214 1888 212 1888 211 1888 209 1888 142 1896 144 1933"/></Shape>
	    <String CONTENT="ri ceperunt, &amp; oratoria dicebantur, quæ ſi amplio¬"
                    HPOS="142"
                    VPOS="1884"
                    WIDTH="1059"
                    HEIGHT="77"
                    WC="0.966076447963715"></String>
          </TextLine>

          
          
          <TextLine ID="eSc_line_a52dd442"
                    TAGREFS="LT4318"
                    BASELINE="147 1992 1197 1989" 
                    HPOS="145"
                    VPOS="1945"
                    WIDTH="1052"
                    HEIGHT="73">
            <Shape><Polygon POINTS="147 1992 147 2016 224 2007 321 2016 330 2016 331 2016 333 2016 334 2016 370 2007 414 2016 420 2016 422 2018 580 2018 580 2016 581 2016 587 2015 620 2007 657 2015 669 2016 670 2016 682 2015 724 2006 776 2015 785 2015 786 2015 788 2015 791 2013 816 2006 875 2006 887 2013 889 2015 890 2015 892 2015 893 2015 902 2013 942 2006 1011 2013 1033 2015 1035 2016 1155 2016 1155 2015 1157 2015 1163 2012 1176 2006 1192 2012 1197 1989 1195 1957 1154 1945 1152 1945 1113 1945 1112 1945 1110 1945 1109 1945 1094 1957 951 1957 925 1945 923 1945 922 1945 920 1945 887 1955 795 1948 794 1948 792 1948 762 1955 703 1945 701 1945 606 1957 603 1957 581 1948 580 1948 578 1948 511 1955 410 1946 408 1946 407 1946 388 1955 353 1946 352 1946 350 1946 349 1946 348 1946 348 1948 336 1957 300 1949 298 1949 145 1957 147 1992"/></Shape>
	    <String CONTENT="ra erant, Baſilicę: nondum autem ναοί aut ἱερα. Hæ"
                    HPOS="145"
                    VPOS="1945"
                    WIDTH="1052"
                    HEIGHT="73"></String>
          </TextLine>

          
          
          <TextLine ID="eSc_line_73338e8d"
                    TAGREFS="LT4318"
                    BASELINE="151 2052 1197 2049" 
                    HPOS="150"
                    VPOS="2001"
                    WIDTH="1047"
                    HEIGHT="75">
            <Shape><Polygon POINTS="151 2052 151 2067 197 2074 199 2074 237 2068 243 2067 248 2068 275 2076 276 2076 278 2076 327 2068 336 2067 342 2068 368 2076 370 2076 371 2076 410 2068 416 2067 423 2068 453 2076 455 2076 456 2076 458 2076 486 2068 492 2067 498 2068 532 2076 533 2076 632 2068 673 2065 679 2068 688 2074 690 2074 691 2074 693 2076 804 2076 804 2074 806 2074 823 2068 834 2065 880 2068 954 2074 956 2074 1197 2068 1197 2049 1195 2013 1170 2001 1168 2001 1167 2001 1165 2001 1131 2012 1030 2001 1029 2001 981 2012 977 2013 789 2013 785 2010 768 2001 767 2001 687 2001 685 2001 684 2001 669 2009 661 2013 651 2009 635 2003 633 2003 632 2003 630 2003 615 2009 602 2015 542 2015 532 2007 522 2003 520 2003 519 2003 517 2003 516 2003 508 2007 499 2013 455 2007 419 2003 417 2003 397 2007 368 2013 312 2006 303 2006 301 2006 300 2006 298 2006 287 2012 279 2006 276 2003 275 2003 273 2003 272 2003 150 2004 151 2052"/></Shape>
	    <String CONTENT="Baſilicæ etiam ſæpe à Cæſarum nominibus, à"
                    HPOS="150"
                    VPOS="2001"
                    WIDTH="1047"
                    HEIGHT="75"
                    WC="0.978592318567363"></String>
          </TextLine>

          
          
          <TextLine ID="eSc_line_03213d16"
                    TAGREFS="LT4318"
                    BASELINE="154 2108 1198 2105" 
                    HPOS="154"
                    VPOS="2061"
                    WIDTH="1044"
                    HEIGHT="68">
            <Shape><Polygon POINTS="154 2128 1197 2129 1198 2105 1195 2073 1119 2073 1118 2071 1099 2061 1097 2061 1096 2061 1094 2061 1067 2071 1066 2073 864 2073 856 2070 834 2061 832 2061 831 2061 829 2061 828 2061 815 2068 812 2071 691 2071 667 2068 636 2062 635 2062 633 2062 632 2062 626 2067 615 2073 554 2067 535 2065 533 2065 532 2065 529 2067 516 2074 432 2074 386 2065 365 2062 364 2062 337 2065 281 2071 230 2064 215 2062 214 2062 212 2062 208 2064 184 2073 154 2064 154 2108 154 2128"/></Shape>
	    <String CONTENT="quibus fuerant extructæ, vocabantur, &amp; deno¬"
                    HPOS="154"
                    VPOS="2061"
                    WIDTH="1044"
                    HEIGHT="68"
                    WC="0.99069108068943"></String>
          </TextLine>

          
          
          <TextLine ID="eSc_line_762af44b"
                    TAGREFS="LT4318"
                    BASELINE="157 2168 1200 2168" 
                    HPOS="157"
                    VPOS="2120"
                    WIDTH="1043"
                    HEIGHT="84">
            <Shape><Polygon POINTS="1200 2134 1134 2134 1134 2132 1121 2122 1121 2120 1119 2120 1118 2120 1116 2120 1055 2132 1049 2132 1044 2132 981 2120 980 2120 978 2120 948 2131 942 2132 920 2131 804 2120 803 2120 758 2129 743 2132 737 2129 721 2120 719 2120 718 2120 676 2128 587 2120 585 2120 584 2120 557 2128 551 2129 545 2128 526 2120 524 2120 523 2120 522 2120 520 2120 511 2128 510 2129 504 2128 493 2123 492 2123 490 2123 489 2123 480 2128 469 2132 334 2132 307 2126 287 2120 285 2120 284 2120 282 2120 263 2125 236 2132 221 2125 217 2123 215 2123 214 2123 212 2123 206 2125 181 2132 159 2125 157 2168 160 2201 176 2190 324 2190 355 2199 373 2202 374 2204 443 2204 443 2202 444 2202 446 2202 452 2198 464 2190 532 2192 541 2198 548 2202 550 2202 551 2202 553 2204 618 2204 618 2202 620 2202 641 2196 660 2190 675 2196 691 2202 693 2202 694 2204 820 2204 820 2202 822 2202 846 2195 859 2190 1020 2190 1024 2193 1038 2202 1039 2202 1041 2202 1042 2204 1094 2204 1094 2202 1096 2202 1116 2192 1119 2190 1198 2190 1200 2168 1200 2134"/></Shape>
	    <String CONTENT="minabantur, vti Baſuica Conſtantini Euag.lib.2."
                    HPOS="157"
                    VPOS="2120"
                    WIDTH="1043"
                    HEIGHT="84"></String>
          </TextLine>

          
        </TextBlock>
        
        <TextBlock HPOS="874"
                   VPOS="2190"
                   WIDTH="141"
                   HEIGHT="60"
                   ID="block_0"
                   TAGREFS="BT10978">
          <Shape><Polygon POINTS="1015 2190 1015 2250 874 2250 874 2190"/></Shape>
          
          
          <TextLine ID="eSc_line_18e5b6fa"
                    TAGREFS="LT4318"
                    BASELINE="881 2229 1008 2229" 
                    HPOS="881"
                    VPOS="2177"
                    WIDTH="127"
                    HEIGHT="96">
            <Shape><Polygon POINTS="881 2229 883 2272 914 2263 922 2269 926 2273 928 2273 929 2273 931 2273 1008 2263 1008 2229 1008 2189 983 2177 981 2177 936 2177 935 2177 881 2189 881 2229"/></Shape>
	    <String CONTENT="e. iiij."
                    HPOS="881"
                    VPOS="2177"
                    WIDTH="127"
                    HEIGHT="96"
                    WC="0.928719326853752"></String>
          </TextLine>

          
        </TextBlock>
        

        
      </PrintSpace>
    </Page>
  </Layout>
</alto>
