<?xml version="1.0" encoding="UTF-8"?>
<alto xmlns:xsi="http://www.w3.org/2001/XMLSchema-instance"
      xmlns="http://www.loc.gov/standards/alto/ns-v4#"
      xsi:schemaLocation="http://www.loc.gov/standards/alto/ns-v4# http://www.loc.gov/standards/alto/v4/alto-4-2.xsd">
  <Description>
    <MeasurementUnit>pixel</MeasurementUnit>
    <sourceImageInformation>
      <fileName>2012968.png</fileName>
      
    </sourceImageInformation>
  </Description>
  
  <Tags>
    <OtherTag ID="BT10983" LABEL="GraphicZone" DESCRIPTION="block type GraphicZone"/><OtherTag ID="BT10982" LABEL="DropCapitalZone" DESCRIPTION="block type DropCapitalZone"/><OtherTag ID="BT10981" LABEL="RunningTitleZone" DESCRIPTION="block type RunningTitleZone"/><OtherTag ID="BT10980" LABEL="NumberingZone" DESCRIPTION="block type NumberingZone"/><OtherTag ID="BT10979" LABEL="TitlePageZone" DESCRIPTION="block type TitlePageZone"/><OtherTag ID="BT10978" LABEL="QuireMarksZone" DESCRIPTION="block type QuireMarksZone"/><OtherTag ID="BT10977" LABEL="MainZone" DESCRIPTION="block type MainZone"/><OtherTag ID="BT10976" LABEL="MarginTextZone" DESCRIPTION="block type MarginTextZone"/>
    <OtherTag ID="LT4321" LABEL="default" DESCRIPTION="line type default"/><OtherTag ID="LT4319" LABEL="HeadingLine" DESCRIPTION="line type HeadingLine"/><OtherTag ID="LT4318" LABEL="DefaultLine" DESCRIPTION="line type DefaultLine"/><OtherTag ID="LT4320" LABEL="CustomLine : BiblicalText" DESCRIPTION="line type CustomLine : BiblicalText"/>
  </Tags>
  
  <Layout>
    <Page WIDTH="1807"
          HEIGHT="2677"
          PHYSICAL_IMG_NR="15"
          ID="eSc_dummypage_">
      <PrintSpace HPOS="0"
                  VPOS="0"
                  WIDTH="1807"
                  HEIGHT="2677">
        
        <TextBlock HPOS="632.47802734375"
                   VPOS="148.67637634277344"
                   WIDTH="81.93292236328125"
                   HEIGHT="67.68743896484375"
                   ID="block_0"
                   TAGREFS="BT10980">
          <Shape><Polygon POINTS="632.478 148.676 714.411 148.676 714.411 216.364 632.478 216.364 632.478 148.676"/></Shape>
          
          
          <TextLine ID="eSc_line_e520e51a"
                    TAGREFS="LT4318"
                    BASELINE="648 199 703 193" 
                    HPOS="640"
                    VPOS="149"
                    WIDTH="64"
                    HEIGHT="74">
            <Shape><Polygon POINTS="684 149 662 149 640 149 646 198 649 223 704 220 702 191 693 149 684 149"/></Shape>
	    <String CONTENT="56"
                    HPOS="640"
                    VPOS="149"
                    WIDTH="64"
                    HEIGHT="74"></String>
          </TextLine>

          
        </TextBlock>
        
        <TextBlock HPOS="808.6570434570312"
                   VPOS="140.61715698242188"
                   WIDTH="719.6367797851562"
                   HEIGHT="68.52670288085938"
                   ID="block_1"
                   TAGREFS="BT10981">
          <Shape><Polygon POINTS="808.657 140.617 1528.29 140.617 1528.29 209.144 808.657 209.144 808.657 140.617"/></Shape>
          
          
          <TextLine ID="eSc_line_98bce32d"
                    TAGREFS="LT4318"
                    BASELINE="817 193 1515 184" 
                    HPOS="816"
                    VPOS="136"
                    WIDTH="699"
                    HEIGHT="79">
            <Shape><Polygon POINTS="1500 148 1485 147 1470 144 1456 141 1441 138 1426 136 1411 136 1396 136 1381 136 1359 145 1328 145 1229 150 1228 148 1219 141 1219 139 1218 139 1216 139 1215 139 1213 139 1191 145 1155 136 1154 136 1152 136 1151 136 1149 136 1136 145 1124 136 1113 136 1099 136 1084 136 1069 136 1067 136 1033 153 1032 153 980 142 978 142 977 142 956 154 908 154 870 138 868 138 835 138 834 138 832 138 831 138 831 139 816 153 817 193 817 209 873 206 886 209 905 215 907 215 908 215 910 215 911 215 920 209 935 202 968 202 977 209 978 211 980 211 981 211 983 211 997 209 1060 200 1105 209 1125 212 1127 212 1128 212 1142 209 1170 200 1185 208 1189 211 1191 211 1192 211 1206 208 1250 199 1308 208 1320 209 1322 209 1323 209 1328 208 1353 197 1398 208 1402 208 1403 208 1515 206 1515 184 1512 150 1500 148"/></Shape>
	    <String CONTENT="AD T. PAVL. AE TIM."
                    HPOS="816"
                    VPOS="136"
                    WIDTH="699"
                    HEIGHT="79"
                    WC="0.990192212556538"></String>
          </TextLine>

          
        </TextBlock>
        
        <TextBlock HPOS="609.5748291015625"
                   VPOS="218.1708984375"
                   WIDTH="1083.390625"
                   HEIGHT="1935.323974609375"
                   ID="block_2"
                   TAGREFS="BT10977">
          <Shape><Polygon POINTS="609.575 218.171 1692.97 218.171 1692.97 2153.49 609.575 2153.49 609.575 218.171"/></Shape>
          
          
          <TextLine ID="eSc_line_856e7c62"
                    TAGREFS="LT4320"
                    BASELINE="710 278 734 275" 
                    HPOS="703"
                    VPOS="229"
                    WIDTH="33"
                    HEIGHT="65">
            <Shape><Polygon POINTS="712 294 736 292 734 275 727 229 703 230 710 278"/></Shape>
	    <String CONTENT="5"
                    HPOS="703"
                    VPOS="229"
                    WIDTH="33"
                    HEIGHT="65"
                    WC="0.999210596084595"></String>
          </TextLine>

          
          
          <TextLine ID="eSc_line_3e4bb778"
                    TAGREFS="LT4320"
                    BASELINE="779 273 1689 263" 
                    HPOS="777"
                    VPOS="208"
                    WIDTH="912"
                    HEIGHT="87">
            <Shape><Polygon POINTS="1625 208 1585 208 1583 208 1582 208 1580 208 1555 223 1545 214 1545 212 1543 212 1542 212 1540 212 1539 212 1537 212 1524 224 1522 226 1481 226 1479 224 1463 212 1461 212 1460 212 1458 212 1384 215 1383 215 1381 215 1381 217 1371 226 1369 226 1357 226 1082 214 1081 214 1079 214 1078 214 1051 229 1051 230 1049 230 1032 230 1012 215 1011 215 1009 215 962 215 960 215 959 215 957 215 957 217 948 224 920 218 919 218 917 218 916 218 899 232 896 232 831 217 829 217 828 217 777 232 779 273 779 284 801 294 803 294 804 295 893 295 893 294 895 294 928 284 929 284 980 292 981 292 1036 282 1044 282 1139 282 1140 282 1163 291 1164 291 1165 291 1235 282 1240 282 1244 282 1332 288 1334 288 1433 281 1484 278 1497 281 1519 287 1521 287 1522 287 1524 287 1543 281 1558 276 1566 281 1573 285 1574 285 1576 285 1577 285 1688 279 1689 263 1685 223 1661 223 1659 223 1641 209 1640 209"/></Shape>
	    <String CONTENT="Vnus enim Deus, vnus etiam media¬"
                    HPOS="777"
                    VPOS="208"
                    WIDTH="912"
                    HEIGHT="87"
                    WC="0.990050877585556"></String>
          </TextLine>

          
          
          <TextLine ID="eSc_line_484e91a4"
                    TAGREFS="LT4320"
                    BASELINE="632 345 1628 334" 
                    HPOS="630"
                    VPOS="276"
                    WIDTH="998"
                    HEIGHT="94">
            <Shape><Polygon POINTS="632 367 697 356 719 367 722 368 724 368 725 370 773 370 773 368 867 364 1064 352 1103 358 1118 359 1119 359 1170 356 1250 350 1259 353 1274 361 1276 361 1277 361 1279 361 1295 353 1298 352 1302 353 1329 359 1331 359 1332 359 1412 352 1439 361 1441 361 1442 361 1444 361 1475 352 1561 359 1563 359 1628 345 1628 334 1624 290 1600 290 1597 290 1579 276 1577 276 1576 276 1574 276 1573 276 1537 288 1496 278 1494 278 1408 278 1406 278 1405 278 1365 291 1314 279 1313 279 1311 279 1310 279 1295 292 1293 294 1198 294 1195 294 1140 281 1139 281 1137 281 1136 281 1113 294 1112 295 1055 295 1039 295 986 282 984 282 983 282 948 292 916 282 914 282 913 282 835 294 806 287 804 287 803 287 801 287 800 287 786 297 728 285 727 285 725 285 724 285 724 287 710 298 709 300 630 300 632 345"/></Shape>
	    <String CONTENT="tor Dei &amp; hominum, homo Christus Ieſus."
                    HPOS="630"
                    VPOS="276"
                    WIDTH="998"
                    HEIGHT="94"
                    WC="0.996643848908253"></String>
          </TextLine>

          
          
          <TextLine ID="eSc_line_66a51e48"
                    TAGREFS="LT4318"
                    BASELINE="690 437 1140 429 1685 431" 
                    HPOS="688"
                    VPOS="374"
                    WIDTH="997"
                    HEIGHT="84">
            <Shape><Polygon POINTS="690 437 690 450 978 458 980 458 981 458 997 452 1006 449 1015 452 1027 456 1029 456 1030 458 1109 458 1109 456 1110 456 1112 456 1116 452 1121 449 1154 452 1191 456 1192 456 1194 456 1207 452 1221 449 1299 453 1347 455 1348 455 1350 455 1351 455 1354 453 1363 447 1384 453 1392 455 1393 455 1395 455 1396 455 1403 453 1423 447 1435 453 1438 455 1439 455 1441 455 1451 453 1482 447 1527 453 1540 455 1542 455 1543 455 1545 455 1546 453 1554 446 1652 446 1680 453 1685 431 1682 376 1564 386 1479 377 1466 377 1464 377 1463 377 1461 377 1461 379 1447 388 1405 388 1393 379 1392 377 1390 377 1389 377 1387 377 1386 377 1377 379 1362 383 1334 380 1289 374 1287 374 1286 374 1284 374 1277 380 1268 389 1185 389 1151 383 1107 376 1106 376 1105 376 1103 376 1093 383 1085 389 1061 389 1045 385 1012 376 1011 376 1009 376 1008 376 987 385 977 389 966 385 948 377 947 377 865 377 864 377 815 388 804 389 803 388 789 377 788 377 786 377 785 377 742 386 713 377 712 377 710 377 709 377 688 386 690 437"/></Shape>
	    <String CONTENT="Αἰτιολογία ſuperioris ſententiæ, ab effectu. Nõ"
                    HPOS="688"
                    VPOS="374"
                    WIDTH="997"
                    HEIGHT="84"></String>
          </TextLine>

          
          
          <TextLine ID="eSc_line_66568746"
                    TAGREFS="LT4318"
                    BASELINE="624 498 1679 487" 
                    HPOS="623"
                    VPOS="441"
                    WIDTH="1056"
                    HEIGHT="72">
            <Shape><Polygon POINTS="624 498 624 511 1371 513 1372 513 1432 504 1435 504 1438 504 1525 511 1527 511 1661 510 1662 510 1679 501 1679 487 1674 446 1430 452 1420 449 1399 441 1398 441 1396 441 1344 450 1329 452 1308 450 1225 443 1224 443 1113 453 1093 455 1090 453 1078 444 1076 444 1075 444 1073 444 951 455 922 458 904 456 832 447 831 447 755 458 743 459 734 459 664 449 663 449 661 449 623 459 624 498"/></Shape>
	    <String CONTENT="eſſet vnus Deus, &amp; vnus mediator omnium, nifi"
                    HPOS="623"
                    VPOS="441"
                    WIDTH="1056"
                    HEIGHT="72"
                    WC="0.988364585240682"></String>
          </TextLine>

          
          
          <TextLine ID="eSc_line_d93a21a0"
                    TAGREFS="LT4318"
                    BASELINE="629 553 1685 545" 
                    HPOS="627"
                    VPOS="499"
                    WIDTH="1058"
                    HEIGHT="72">
            <Shape><Polygon POINTS="629 553 629 571 1683 571 1685 545 1680 501 1543 511 1499 504 1473 499 1472 499 1435 505 1383 513 1374 505 1371 504 1371 502 1369 502 1368 502 1313 501 1311 501 1273 508 1234 514 1161 510 1051 502 1049 502 1048 502 1012 513 997 516 960 513 840 504 838 504 783 517 777 519 627 519 629 553"/></Shape>
	    <String CONTENT="omnes, id eſt, quoſuis homines ſaluos faceret. Si"
                    HPOS="627"
                    VPOS="499"
                    WIDTH="1058"
                    HEIGHT="72"
                    WC="0.983097334297336"></String>
          </TextLine>

          
          
          <TextLine ID="eSc_line_917c58d4"
                    TAGREFS="LT4318"
                    BASELINE="629 612 1677 603" 
                    HPOS="627"
                    VPOS="557"
                    WIDTH="1050"
                    HEIGHT="72">
            <Shape><Polygon POINTS="629 612 629 629 1676 620 1677 603 1674 566 1634 557 1632 557 1292 568 1189 560 1188 560 1146 569 977 562 975 562 974 562 972 562 959 571 813 563 812 563 715 572 663 565 661 565 660 565 627 574 629 612"/></Shape>
	    <String CONTENT="enim vnius tantùm hominum generis vel ordinis"
                    HPOS="627"
                    VPOS="557"
                    WIDTH="1050"
                    HEIGHT="72"
                    WC="0.984622821859691"></String>
          </TextLine>

          
          
          <TextLine ID="eSc_line_7a0675dd"
                    TAGREFS="LT4318"
                    BASELINE="627 670 1685 663" 
                    HPOS="626"
                    VPOS="614"
                    WIDTH="1059"
                    HEIGHT="79">
            <Shape><Polygon POINTS="627 670 627 685 806 685 834 693 835 693 837 693 838 693 868 684 870 684 877 684 1029 691 1030 691 1032 691 1060 684 1201 690 1203 690 1292 682 1308 681 1320 682 1377 688 1378 688 1683 679 1685 663 1680 614 1641 615 1640 615 1618 627 1570 615 1569 615 1567 615 1430 630 1384 630 1368 617 1366 617 1365 617 1363 617 1182 618 1180 618 1140 630 1036 623 1035 623 1033 623 1014 633 867 633 840 620 838 620 837 620 835 620 834 620 832 620 806 635 721 635 690 621 688 621 687 621 685 621 626 621 627 670"/></Shape>
	    <String CONTENT="ſalutem procurat &amp; perficit Deus, neceſſe eſt"
                    HPOS="626"
                    VPOS="614"
                    WIDTH="1059"
                    HEIGHT="79"
                    WC="0.985322752263811"></String>
          </TextLine>

          
          
          <TextLine ID="eSc_line_37a83f64"
                    TAGREFS="LT4318"
                    BASELINE="636 730 1679 721" 
                    HPOS="635"
                    VPOS="675"
                    WIDTH="1044"
                    HEIGHT="77">
            <Shape><Polygon POINTS="636 730 638 752 670 743 838 743 862 749 870 751 871 751 873 751 893 748 931 743 941 748 948 751 950 751 951 751 953 751 965 748 984 742 1029 746 1052 748 1054 748 1097 745 1157 740 1167 743 1180 748 1182 748 1183 749 1319 749 1319 748 1320 748 1322 748 1329 740 1332 739 1395 740 1653 745 1655 745 1656 745 1679 734 1679 721 1674 682 1594 685 1570 682 1506 675 1505 675 1503 675 1502 675 1488 684 1482 687 1444 684 1371 679 1369 679 1340 685 1332 687 1329 685 1314 678 1313 678 1311 678 1310 678 1284 687 1277 688 1271 687 1244 678 1243 678 1241 678 1168 688 1160 688 1155 688 1127 679 1125 679 1124 679 1122 679 1096 688 1091 690 1090 688 1079 679 1078 679 1076 679 983 679 981 679 980 679 978 679 978 681 968 690 966 691 959 690 911 681 910 681 908 681 907 681 892 691 867 691 831 691 829 691 810 681 809 681 807 681 806 681 804 681 789 693 788 694 724 694 721 693 664 682 663 682 661 682 635 693 636 730"/></Shape>
	    <String CONTENT="plures deos conſtitui:itémque plures mediatores"
                    HPOS="635"
                    VPOS="675"
                    WIDTH="1044"
                    HEIGHT="77"
                    WC="0.995771549642086"></String>
          </TextLine>

          
          
          <TextLine ID="eSc_line_15094d9e"
                    TAGREFS="LT4318"
                    BASELINE="638 788 1439 782" 
                    HPOS="636"
                    VPOS="737"
                    WIDTH="803"
                    HEIGHT="75">
            <Shape><Polygon POINTS="638 788 638 801 669 812 670 812 672 812 826 803 850 801 873 803 977 810 978 810 1030 803 1052 800 1122 800 1130 803 1142 809 1143 809 1145 809 1209 803 1246 800 1255 803 1264 807 1265 807 1267 807 1307 803 1356 798 1438 803 1439 782 1436 737 1387 737 1386 737 1384 737 1383 737 1365 749 1283 743 1282 743 1212 751 1200 743 1195 739 1194 739 1192 739 1061 739 1060 739 1058 739 1042 746 1030 752 947 749 868 746 867 746 865 746 843 752 832 754 825 752 782 742 780 742 724 754 655 742 654 742 652 742 651 742 636 752 638 788"/></Shape>
	    <String CONTENT="Quorum vtrunque blaſphemum eſt."
                    HPOS="636"
                    VPOS="737"
                    WIDTH="803"
                    HEIGHT="75"
                    WC="0.991457245042247"></String>
          </TextLine>

          
          
          <TextLine ID="eSc_line_8ddf8308"
                    TAGREFS="LT4318"
                    BASELINE="685 843 1679 837" 
                    HPOS="684"
                    VPOS="789"
                    WIDTH="995"
                    HEIGHT="78">
            <Shape><Polygon POINTS="685 843 685 859 902 865 904 865 1005 859 1044 858 1069 859 1151 867 1152 867 1191 859 1207 856 1213 859 1225 865 1226 865 1228 865 1677 858 1679 837 1677 806 1647 794 1646 794 1644 794 1585 798 1570 789 1569 789 1567 789 1478 789 1476 789 1475 789 1444 798 1387 791 1386 791 1384 791 1354 801 1342 807 1177 809 1087 809 1064 798 1055 795 1054 795 1052 795 1023 798 931 809 855 798 853 798 852 798 829 809 791 795 785 794 783 794 782 794 780 794 779 794 777 795 764 807 739 795 736 794 734 794 733 794 684 794 685 843"/></Shape>
	    <String CONTENT="Similis locus eſt Romanor.3.verſ. 29. Pſal.1o5."
                    HPOS="684"
                    VPOS="789"
                    WIDTH="995"
                    HEIGHT="78"
                    WC="0.970855981745618"></String>
          </TextLine>

          
          
          <TextLine ID="eSc_line_06e5afc5"
                    TAGREFS="LT4318"
                    BASELINE="633 904 1027 901" 
                    HPOS="632"
                    VPOS="853"
                    WIDTH="395"
                    HEIGHT="76">
            <Shape><Polygon POINTS="633 904 633 928 685 919 736 926 761 929 762 929 764 929 780 925 794 922 820 925 861 928 862 928 864 928 865 928 871 923 878 917 922 922 980 928 981 928 1027 919 1027 901 1026 867 986 853 984 853 983 853 981 853 944 864 932 867 810 859 719 855 718 855 716 855 715 855 713 856 697 870 676 870 632 855 633 904"/></Shape>
	    <String CONTENT="verſ.7 &amp; 33.verſ.5."
                    HPOS="632"
                    VPOS="853"
                    WIDTH="395"
                    HEIGHT="76"
                    WC="0.979160261781592"></String>
          </TextLine>

          
          
          <TextLine ID="eSc_line_0086d2a1"
                    TAGREFS="LT4318"
                    BASELINE="688 960 1679 954" 
                    HPOS="687"
                    VPOS="908"
                    WIDTH="992"
                    HEIGHT="67">
            <Shape><Polygon POINTS="688 960 688 975 1677 969 1679 954 1676 919 1515 919 1511 917 1466 908 1464 908 1463 908 1436 917 1427 919 1414 916 1386 911 1384 911 1313 916 1283 917 1264 916 1201 908 1200 908 1198 908 1180 916 1168 920 1157 914 1145 910 1143 910 1142 910 1140 910 1122 914 1102 920 1091 914 1087 911 1085 911 1084 911 1011 910 1009 910 1008 910 1006 910 1002 914 993 922 831 922 809 913 804 911 803 911 801 911 800 911 792 913 767 919 687 913 688 960"/></Shape>
	    <String CONTENT="Obſtat autem Pſal.76. vbi in ſola Iudæa notus"
                    HPOS="687"
                    VPOS="908"
                    WIDTH="992"
                    HEIGHT="67"
                    WC="0.986522303687202"></String>
          </TextLine>

          
          
          <TextLine ID="eSc_line_5b3f676f"
                    TAGREFS="LT4318"
                    BASELINE="624 1023 1679 1014" 
                    HPOS="623"
                    VPOS="965"
                    WIDTH="1056"
                    HEIGHT="77">
            <Shape><Polygon POINTS="624 1023 624 1042 1677 1032 1679 1014 1674 977 1447 978 1418 975 1353 965 1351 965 1350 965 1326 972 1256 966 1255 966 1253 966 1252 966 1243 974 1234 980 1221 974 1209 968 1207 968 1206 968 1204 968 1191 974 1174 980 1090 972 1045 969 1044 969 1042 969 1035 972 1017 983 957 983 936 972 932 969 931 969 797 969 795 969 794 969 792 969 791 971 767 986 712 986 676 971 675 971 623 971 624 1023"/></Shape>
	    <String CONTENT="Deus eſſe dicitur. Reſponſio eſt, Sublatum nunc"
                    HPOS="623"
                    VPOS="965"
                    WIDTH="1056"
                    HEIGHT="77"
                    WC="0.998746841511828"></String>
          </TextLine>

          
          
          <TextLine ID="eSc_line_4d1f5f5d"
                    TAGREFS="LT4318"
                    BASELINE="626 1081 1677 1073" 
                    HPOS="624"
                    VPOS="1026"
                    WIDTH="1053"
                    HEIGHT="71">
            <Shape><Polygon POINTS="626 1081 626 1094 1464 1097 1466 1097 1676 1087 1677 1073 1674 1039 1603 1026 1601 1026 1600 1026 1598 1026 1579 1038 1552 1027 1551 1027 1549 1027 1548 1027 1527 1039 1357 1039 1322 1027 1320 1027 1256 1027 1255 1027 1192 1041 1191 1041 1189 1041 1045 1029 1044 1029 1042 1029 1041 1029 1032 1036 994 1032 993 1032 991 1032 990 1032 974 1042 971 1042 853 1030 852 1030 850 1030 823 1044 822 1044 815 1044 715 1032 713 1032 648 1039 639 1033 638 1033 636 1033 635 1033 633 1033 632 1033 624 1039 626 1081"/></Shape>
	    <String CONTENT="eſſe inter Gentes &amp; Iudæos diſcrimen, quod olim"
                    HPOS="624"
                    VPOS="1026"
                    WIDTH="1053"
                    HEIGHT="71"
                    WC="0.982762004466767"></String>
          </TextLine>

          
          
          <TextLine ID="eSc_line_9582812f"
                    TAGREFS="LT4318"
                    BASELINE="626 1140 1671 1131" 
                    HPOS="624"
                    VPOS="1085"
                    WIDTH="1047"
                    HEIGHT="80">
            <Shape><Polygon POINTS="626 1140 626 1154 718 1164 719 1165 762 1165 762 1164 764 1164 765 1164 777 1155 817 1163 819 1163 820 1163 822 1163 835 1155 838 1154 922 1154 925 1155 935 1163 936 1163 938 1163 939 1163 941 1163 960 1155 965 1154 969 1155 990 1161 991 1161 993 1163 1035 1163 1035 1161 1036 1161 1038 1161 1044 1155 1048 1152 1105 1155 1192 1160 1194 1160 1195 1160 1197 1160 1203 1155 1210 1149 1323 1149 1362 1155 1374 1157 1375 1157 1377 1157 1381 1155 1398 1149 1409 1155 1415 1158 1417 1158 1418 1158 1420 1158 1421 1158 1424 1155 1432 1151 1461 1155 1481 1158 1482 1158 1511 1155 1572 1149 1606 1155 1613 1157 1615 1157 1616 1157 1618 1157 1618 1155 1631 1148 1670 1155 1671 1131 1668 1099 1609 1085 1607 1085 1606 1085 1604 1085 1588 1099 1521 1099 1405 1099 1403 1099 1387 1087 1386 1087 1384 1087 1347 1087 1345 1087 1344 1087 1342 1087 1329 1097 1264 1088 1262 1088 1261 1088 1259 1088 1246 1099 1244 1100 1231 1099 1171 1094 1170 1094 1168 1094 1152 1100 1146 1102 1142 1100 1127 1090 1125 1090 1124 1090 1122 1090 1121 1090 1088 1100 1084 1100 1079 1100 1024 1090 1023 1090 1021 1090 984 1100 971 1103 957 1100 923 1091 922 1091 887 1091 886 1091 884 1091 883 1091 873 1100 870 1100 791 1093 789 1093 788 1093 786 1093 774 1100 767 1105 706 1103 704 1100 696 1093 694 1093 693 1093 691 1093 624 1100 626 1140"/></Shape>
	    <String CONTENT="fuit, quia vtrique, diruta per Chriſtum maceria,"
                    HPOS="624"
                    VPOS="1085"
                    WIDTH="1047"
                    HEIGHT="80"
                    WC="0.973642025142908"></String>
          </TextLine>

          
          
          <TextLine ID="eSc_line_cf83c31d"
                    TAGREFS="LT4318"
                    BASELINE="624 1200 1287 1192" 
                    HPOS="623"
                    VPOS="1157"
                    WIDTH="664"
                    HEIGHT="61">
            <Shape><Polygon POINTS="624 1200 624 1218 1287 1209 1287 1192 1283 1157 623 1158 624 1200"/></Shape>
	    <String CONTENT="in vnum populum coaluerunt."
                    HPOS="623"
                    VPOS="1157"
                    WIDTH="664"
                    HEIGHT="61"
                    WC="0.988013408802174"></String>
          </TextLine>

          
          
          <TextLine ID="eSc_line_3b2b62c0"
                    TAGREFS="LT4318"
                    BASELINE="675 1255 1316 1249 1668 1253" 
                    HPOS="673"
                    VPOS="1206"
                    WIDTH="995"
                    HEIGHT="71">
            <Shape><Polygon POINTS="675 1255 675 1271 724 1265 779 1273 810 1276 812 1276 813 1276 822 1273 838 1265 853 1273 861 1276 862 1276 864 1276 865 1276 873 1273 886 1265 913 1273 926 1276 928 1276 929 1276 931 1276 936 1273 948 1265 957 1273 962 1276 963 1276 965 1276 966 1277 1023 1277 1023 1276 1024 1276 1032 1273 1044 1265 1054 1273 1055 1274 1057 1274 1058 1274 1060 1274 1061 1274 1067 1273 1094 1264 1243 1271 1244 1271 1475 1262 1665 1273 1668 1253 1667 1218 1479 1218 1476 1215 1466 1207 1464 1207 1463 1207 1461 1207 1460 1207 1458 1207 1450 1215 1447 1218 1372 1218 1365 1215 1347 1206 1345 1206 1287 1206 1286 1206 1284 1206 1265 1213 1258 1216 1253 1213 1241 1206 1240 1206 1238 1206 1170 1206 1168 1206 1167 1206 1152 1212 1140 1218 1087 1212 1081 1212 1079 1212 1072 1212 960 1219 942 1212 941 1212 939 1212 901 1219 847 1212 846 1212 810 1219 783 1209 777 1207 776 1207 774 1207 773 1207 767 1209 748 1215 739 1209 737 1207 736 1207 734 1207 733 1207 673 1207 675 1255"/></Shape>
	    <String CONTENT="Deus autem quorumuis hominum vnus neq;"
                    HPOS="673"
                    VPOS="1206"
                    WIDTH="995"
                    HEIGHT="71"
                    WC="0.986254900693893"></String>
          </TextLine>

          
          
          <TextLine ID="eSc_line_dab7fa67"
                    TAGREFS="LT4318"
                    BASELINE="623 1314 1674 1307" 
                    HPOS="621"
                    VPOS="1259"
                    WIDTH="1053"
                    HEIGHT="80">
            <Shape><Polygon POINTS="623 1314 623 1331 825 1339 826 1339 828 1339 829 1339 843 1329 846 1329 873 1338 874 1338 875 1339 991 1339 991 1338 993 1338 994 1338 1005 1329 1087 1337 1088 1337 1090 1337 1091 1337 1102 1328 1105 1328 1133 1335 1134 1335 1136 1335 1203 1328 1204 1328 1206 1328 1247 1337 1249 1337 1250 1337 1252 1337 1252 1335 1261 1328 1295 1335 1296 1335 1298 1335 1317 1326 1319 1326 1340 1326 1543 1334 1545 1334 1673 1323 1674 1307 1670 1271 1549 1271 1548 1271 1522 1259 1521 1259 1519 1259 1518 1259 1516 1259 1503 1271 1476 1261 1475 1261 1473 1261 1472 1261 1441 1271 1433 1273 1423 1271 1371 1262 1369 1262 1368 1262 1340 1271 1334 1273 1326 1271 1274 1261 1273 1261 1271 1261 1244 1270 1148 1262 1146 1262 1145 1262 1124 1273 1118 1274 1112 1273 1084 1262 1082 1262 1081 1262 1026 1273 1005 1277 959 1277 953 1273 944 1265 942 1265 941 1265 939 1265 938 1265 923 1273 917 1276 911 1273 893 1264 892 1264 890 1264 847 1273 825 1279 718 1279 712 1273 703 1265 701 1265 700 1265 699 1265 621 1273 623 1314"/></Shape>
	    <String CONTENT="eſſe, neque dici poteſt, niſi ſuæ bonitatis, clemen¬"
                    HPOS="621"
                    VPOS="1259"
                    WIDTH="1053"
                    HEIGHT="80"
                    WC="0.988127568593392"></String>
          </TextLine>

          
          
          <TextLine ID="eSc_line_7ce270bf"
                    TAGREFS="LT4318"
                    BASELINE="624 1371 1674 1365" 
                    HPOS="623"
                    VPOS="1320"
                    WIDTH="1051"
                    HEIGHT="75">
            <Shape><Polygon POINTS="624 1371 624 1387 813 1395 815 1395 856 1387 1057 1393 1058 1393 1060 1393 1061 1393 1070 1386 1186 1392 1188 1392 1189 1392 1207 1384 1250 1384 1383 1384 1408 1392 1409 1392 1411 1392 1460 1383 1579 1390 1580 1390 1674 1380 1674 1365 1673 1331 1650 1320 1649 1320 1647 1320 1646 1320 1615 1329 1576 1322 1574 1322 1522 1329 1505 1320 1503 1320 1502 1320 1458 1329 1363 1322 1362 1322 1360 1322 1359 1322 1347 1329 1344 1332 1292 1332 1289 1329 1276 1322 1274 1322 1273 1322 1271 1322 1270 1322 1243 1329 1238 1329 1096 1323 1094 1323 1093 1323 1072 1329 1063 1332 1052 1329 1033 1323 1032 1323 1030 1323 1029 1323 1012 1329 1003 1332 986 1329 953 1323 951 1323 922 1329 913 1331 908 1329 893 1323 892 1323 890 1323 889 1323 877 1329 867 1334 623 1329 624 1371"/></Shape>
	    <String CONTENT="tiæ, miſericordiæ &amp; electionis teſtimonia &amp; ef¬"
                    HPOS="623"
                    VPOS="1320"
                    WIDTH="1051"
                    HEIGHT="75"
                    WC="0.987343443200943"></String>
          </TextLine>

          
          
          <TextLine ID="eSc_line_d5619640"
                    TAGREFS="LT4318"
                    BASELINE="623 1432 1671 1426" 
                    HPOS="621"
                    VPOS="1378"
                    WIDTH="1050"
                    HEIGHT="77">
            <Shape><Polygon POINTS="623 1432 626 1454 638 1447 716 1454 745 1455 746 1455 773 1453 840 1447 1014 1453 1073 1454 1075 1454 1090 1453 1146 1444 1310 1451 1342 1453 1344 1453 1357 1451 1429 1442 1668 1450 1671 1426 1668 1384 1586 1378 1585 1378 1583 1378 1561 1384 1545 1390 1396 1390 1387 1386 1375 1380 1374 1380 1372 1380 1371 1380 1356 1387 1347 1390 1325 1387 1298 1383 1296 1383 1270 1387 1253 1390 1244 1387 1226 1381 1225 1381 1224 1381 1182 1389 1165 1390 1149 1389 1093 1381 1091 1381 1090 1381 1088 1381 1078 1389 1075 1392 1023 1392 1008 1390 954 1381 953 1381 951 1381 950 1381 936 1390 935 1392 931 1390 908 1384 907 1384 905 1384 904 1384 878 1392 870 1393 867 1392 856 1383 855 1383 853 1383 852 1383 734 1392 722 1384 721 1384 719 1384 636 1383 635 1383 633 1383 632 1383 621 1389 623 1432"/></Shape>
	    <String CONTENT="fecta proferat in quoſuis. Quamobrem quoſuis"
                    HPOS="621"
                    VPOS="1378"
                    WIDTH="1050"
                    HEIGHT="77"
                    WC="0.987167270346121"></String>
          </TextLine>

          
          
          <TextLine ID="eSc_line_5517112f"
                    TAGREFS="LT4318"
                    BASELINE="629 1490 1635 1484" 
                    HPOS="627"
                    VPOS="1439"
                    WIDTH="1008"
                    HEIGHT="74">
            <Shape><Polygon POINTS="629 1490 629 1511 871 1506 881 1509 898 1513 899 1513 901 1513 902 1513 925 1508 935 1506 950 1508 991 1513 993 1513 994 1513 996 1513 1003 1508 1006 1506 1015 1508 1064 1513 1066 1513 1198 1505 1235 1503 1238 1505 1246 1512 1247 1512 1249 1512 1250 1513 1369 1513 1369 1512 1460 1502 1472 1502 1485 1502 1609 1511 1610 1511 1612 1511 1635 1500 1635 1484 1632 1450 1567 1450 1566 1448 1552 1439 1551 1439 1549 1439 1548 1439 1546 1439 1524 1448 1502 1439 1500 1439 1499 1439 1447 1448 1445 1448 1442 1448 1398 1439 1396 1439 1395 1439 1393 1439 1381 1448 1378 1451 1244 1451 1241 1448 1234 1441 1232 1441 1231 1441 1229 1441 1228 1441 1213 1448 1207 1450 1192 1448 1146 1441 1145 1441 1075 1447 1030 1451 1012 1447 993 1442 991 1442 990 1442 963 1447 939 1451 914 1447 896 1444 895 1444 893 1444 883 1447 864 1453 627 1447 629 1490"/></Shape>
	    <String CONTENT="ad ſalutem vocare &amp; efficaciter quidem debet."
                    HPOS="627"
                    VPOS="1439"
                    WIDTH="1008"
                    HEIGHT="74"
                    WC="0.990320259994931"></String>
          </TextLine>

          
          
          <TextLine ID="eSc_line_8e0437cc"
                    TAGREFS="LT4318"
                    BASELINE="679 1546 1664 1543" 
                    HPOS="678"
                    VPOS="1497"
                    WIDTH="986"
                    HEIGHT="74">
            <Shape><Polygon POINTS="679 1546 679 1564 981 1571 983 1571 1042 1567 1082 1564 1094 1567 1107 1571 1109 1571 1110 1571 1133 1567 1152 1564 1160 1567 1167 1571 1168 1571 1170 1571 1171 1571 1180 1569 1192 1563 1207 1569 1213 1570 1215 1570 1216 1570 1218 1570 1226 1569 1249 1563 1262 1569 1267 1570 1268 1570 1270 1570 1282 1569 1319 1563 1475 1570 1497 1570 1499 1570 1500 1570 1502 1570 1521 1563 1531 1570 1533 1570 1534 1570 1536 1571 1662 1571 1664 1543 1659 1499 1569 1506 1487 1499 1470 1497 1469 1497 1467 1497 1461 1499 1430 1506 1383 1499 1372 1497 1371 1497 1369 1497 1363 1499 1332 1506 1307 1499 1302 1497 1301 1497 1299 1497 1298 1497 1296 1497 1295 1499 1286 1508 1237 1508 1219 1499 1215 1497 1213 1497 1212 1497 1210 1497 1203 1499 1168 1508 1146 1499 1145 1499 1143 1499 1142 1499 1140 1499 1139 1499 1110 1508 1055 1499 1049 1499 1048 1499 1047 1499 1045 1499 1032 1508 962 1499 954 1499 953 1499 951 1499 950 1499 935 1508 917 1499 916 1499 914 1499 846 1499 844 1499 843 1499 841 1499 831 1508 678 1500 679 1546"/></Shape>
	    <String CONTENT="Iam verò ex hoc Pauli reſponſo Manichȩorũ,"
                    HPOS="678"
                    VPOS="1497"
                    WIDTH="986"
                    HEIGHT="74"
                    WC="0.98062592347463"></String>
          </TextLine>

          
          
          <TextLine ID="eSc_line_aa2005be"
                    TAGREFS="LT4318"
                    BASELINE="621 1606 1668 1600" 
                    HPOS="620"
                    VPOS="1552"
                    WIDTH="1048"
                    HEIGHT="76">
            <Shape><Polygon POINTS="621 1606 621 1628 956 1621 1018 1624 1100 1628 1102 1628 1145 1622 1167 1619 1177 1622 1194 1627 1195 1627 1197 1628 1405 1628 1405 1627 1514 1625 1515 1625 1516 1625 1525 1618 1622 1625 1624 1625 1668 1615 1668 1600 1664 1563 1594 1563 1591 1561 1585 1555 1583 1555 1582 1555 1580 1555 1579 1555 1567 1561 1563 1564 1478 1564 1473 1561 1461 1552 1460 1552 1458 1552 1457 1552 1456 1552 1454 1552 1444 1561 1441 1564 1335 1564 1322 1560 1304 1554 1302 1554 1301 1554 1299 1554 1286 1560 1276 1564 1253 1560 1237 1557 1235 1557 1219 1560 1194 1564 1167 1560 1140 1554 1139 1554 1137 1554 1136 1554 1130 1558 1121 1564 1038 1558 987 1555 986 1555 957 1558 877 1567 841 1557 838 1557 837 1557 835 1557 828 1557 765 1566 737 1557 736 1557 620 1557 621 1606"/></Shape>
	    <String CONTENT="Marcionitarum &amp; huiuſmodi aliorum hæretico¬"
                    HPOS="620"
                    VPOS="1552"
                    WIDTH="1048"
                    HEIGHT="76"
                    WC="0.99161112862964"></String>
          </TextLine>

          
          
          <TextLine ID="eSc_line_ffb9dd23"
                    TAGREFS="LT4318"
                    BASELINE="618 1665 1664 1659" 
                    HPOS="617"
                    VPOS="1615"
                    WIDTH="1047"
                    HEIGHT="74">
            <Shape><Polygon POINTS="618 1665 618 1689 701 1679 816 1679 826 1687 828 1687 829 1687 831 1687 837 1687 928 1677 968 1685 969 1685 1102 1677 1125 1685 1130 1686 1131 1686 1133 1686 1164 1685 1261 1677 1334 1683 1363 1685 1365 1685 1366 1685 1372 1682 1387 1676 1430 1682 1444 1683 1445 1683 1447 1683 1448 1683 1450 1682 1458 1674 1661 1679 1664 1659 1661 1624 1514 1615 1512 1615 1472 1624 1469 1624 1467 1624 1418 1615 1417 1615 1415 1615 1414 1615 1405 1624 1381 1616 1380 1616 1378 1616 1284 1625 1270 1625 1255 1625 1139 1616 1137 1616 1090 1625 1079 1627 1045 1625 877 1618 875 1618 874 1618 850 1627 844 1628 828 1627 770 1619 768 1619 767 1619 751 1627 748 1628 617 1628 618 1665"/></Shape>
	    <String CONTENT="rum error fanaticus refellitur, qui duos Deos,"
                    HPOS="617"
                    VPOS="1615"
                    WIDTH="1047"
                    HEIGHT="74"
                    WC="0.989417107208915"></String>
          </TextLine>

          
          
          <TextLine ID="eSc_line_a0447da1"
                    TAGREFS="LT4318"
                    BASELINE="621 1722 1665 1717" 
                    HPOS="620"
                    VPOS="1671"
                    WIDTH="1045"
                    HEIGHT="69">
            <Shape><Polygon POINTS="621 1722 621 1738 1662 1740 1665 1717 1661 1671 1604 1682 1579 1674 1577 1674 1576 1674 1574 1674 1573 1674 1563 1682 1546 1674 1545 1674 1543 1674 1500 1679 1493 1673 1491 1671 1490 1671 1488 1671 1487 1671 1464 1674 1414 1680 1386 1676 1365 1671 1363 1671 1362 1671 1360 1671 1360 1673 1356 1676 1348 1682 1304 1676 1282 1674 1280 1674 1279 1674 1273 1677 1261 1683 1170 1679 1064 1673 1063 1673 1014 1680 999 1683 993 1682 974 1673 972 1673 971 1673 969 1673 942 1682 916 1674 914 1674 913 1674 911 1674 910 1674 899 1683 898 1685 890 1683 859 1674 858 1674 856 1674 855 1674 837 1683 834 1686 757 1686 757 1685 748 1677 746 1677 745 1677 658 1674 657 1674 655 1674 620 1686 621 1722"/></Shape>
	    <String CONTENT="duóque principia conſtituunt, &amp; alium Iudæorũ"
                    HPOS="620"
                    VPOS="1671"
                    WIDTH="1045"
                    HEIGHT="69"></String>
          </TextLine>

          
          
          <TextLine ID="eSc_line_93f06cc3"
                    TAGREFS="LT4318"
                    BASELINE="620 1783 1667 1777" 
                    HPOS="618"
                    VPOS="1731"
                    WIDTH="1049"
                    HEIGHT="71">
            <Shape><Polygon POINTS="620 1783 620 1802 1665 1792 1667 1777 1664 1741 1540 1741 1539 1740 1511 1731 1509 1731 1508 1731 1426 1740 1421 1740 1411 1732 1409 1732 1408 1732 1250 1732 1249 1732 1247 1732 1232 1740 1228 1741 1186 1740 1094 1734 1093 1734 1091 1734 1075 1738 1061 1744 993 1744 986 1738 983 1735 981 1735 980 1735 978 1735 933 1738 874 1743 846 1738 826 1735 825 1735 823 1735 815 1738 794 1744 618 1738 620 1783"/></Shape>
	    <String CONTENT="Deum, alium autem noſtrum ſomniant. Vnus au¬"
                    HPOS="618"
                    VPOS="1731"
                    WIDTH="1049"
                    HEIGHT="71"
                    WC="0.980883777141571"></String>
          </TextLine>

          
          
          <TextLine ID="eSc_line_d23991b0"
                    TAGREFS="LT4318"
                    BASELINE="620 1839 1374 1836" 
                    HPOS="618"
                    VPOS="1790"
                    WIDTH="756"
                    HEIGHT="72">
            <Shape><Polygon POINTS="620 1839 620 1854 899 1862 901 1862 922 1857 935 1854 948 1857 962 1862 963 1862 965 1862 966 1862 968 1862 972 1857 978 1854 1194 1860 1244 1860 1246 1860 1247 1860 1249 1860 1261 1853 1371 1860 1374 1836 1371 1802 1280 1802 1279 1801 1255 1790 1253 1790 1252 1790 1191 1799 1180 1801 1163 1799 1100 1793 1099 1793 1097 1793 1076 1799 1066 1801 1054 1798 1017 1790 1015 1790 978 1798 962 1801 956 1798 948 1792 947 1792 945 1792 944 1792 942 1792 929 1798 923 1799 916 1796 895 1790 893 1790 892 1790 890 1790 875 1796 864 1801 832 1796 820 1795 819 1795 817 1795 815 1796 801 1802 788 1796 777 1790 776 1790 774 1790 618 1793 620 1839"/></Shape>
	    <String CONTENT="tem eſt omnium Deus, non plures."
                    HPOS="618"
                    VPOS="1790"
                    WIDTH="756"
                    HEIGHT="72"
                    WC="0.998220954090357"></String>
          </TextLine>

          
          
          <TextLine ID="eSc_line_8ef9fe24"
                    TAGREFS="LT4318"
                    BASELINE="675 1897 1667 1897" 
                    HPOS="675"
                    VPOS="1848"
                    WIDTH="992"
                    HEIGHT="73">
            <Shape><Polygon POINTS="675 1897 675 1912 771 1912 780 1920 782 1920 783 1920 785 1921 1052 1921 1052 1920 1091 1912 1142 1920 1143 1921 1381 1921 1381 1920 1383 1920 1398 1912 1566 1920 1567 1920 1667 1911 1667 1897 1665 1850 1020 1857 1002 1854 969 1848 968 1848 966 1848 965 1848 965 1850 959 1854 956 1859 874 1859 859 1856 813 1848 812 1848 810 1848 780 1856 776 1857 774 1856 767 1850 767 1848 765 1848 764 1848 762 1848 722 1856 699 1848 697 1848 696 1848 694 1848 675 1856 675 1897"/></Shape>
	    <String CONTENT="Sed etiam mediator vnus eſt, nõ plures. Is autẽ"
                    HPOS="675"
                    VPOS="1848"
                    WIDTH="992"
                    HEIGHT="73"
                    WC="0.990578704950761"></String>
          </TextLine>

          
          
          <TextLine ID="eSc_line_f9d53628"
                    TAGREFS="LT4318"
                    BASELINE="615 1957 1664 1951" 
                    HPOS="614"
                    VPOS="1902"
                    WIDTH="1050"
                    HEIGHT="78">
            <Shape><Polygon POINTS="615 1957 615 1972 743 1972 751 1973 771 1979 773 1979 774 1979 776 1979 795 1973 803 1972 812 1973 847 1980 849 1980 878 1973 895 1970 1002 1975 1137 1979 1139 1979 1174 1975 1224 1969 1244 1975 1252 1978 1253 1978 1255 1978 1322 1976 1493 1969 1508 1976 1509 1976 1511 1978 1662 1978 1664 1951 1659 1914 1549 1914 1546 1912 1528 1905 1527 1905 1525 1905 1524 1905 1499 1912 1494 1914 1493 1912 1482 1903 1482 1902 1481 1902 1479 1902 1478 1902 1476 1902 1448 1912 1442 1915 1374 1915 1348 1912 1322 1908 1320 1908 1319 1908 1304 1911 1295 1914 1289 1911 1270 1903 1268 1903 1267 1903 1210 1911 1188 1914 1176 1911 1151 1903 1149 1903 1148 1903 1146 1903 1145 1903 1145 1905 1137 1911 1131 1915 1106 1911 1070 1905 1069 1905 1067 1905 1045 1911 1036 1912 1009 1911 977 1908 975 1908 974 1908 972 1908 969 1911 956 1918 913 1918 896 1909 886 1905 884 1905 883 1905 881 1905 880 1905 880 1906 875 1909 867 1920 837 1920 823 1909 819 1906 817 1906 816 1906 815 1906 813 1906 801 1909 774 1917 757 1909 749 1906 748 1906 746 1906 614 1908 615 1957"/></Shape>
	    <String CONTENT="Mt Chriſtus homo. Quod varijs rationibus con¬"
                    HPOS="614"
                    VPOS="1902"
                    WIDTH="1050"
                    HEIGHT="78"
                    WC="0.980644917488098"></String>
          </TextLine>

          
          
          <TextLine ID="eSc_line_f5cbea37"
                    TAGREFS="LT4318"
                    BASELINE="611 2015 1661 2012" 
                    HPOS="609"
                    VPOS="1966"
                    WIDTH="1052"
                    HEIGHT="72">
            <Shape><Polygon POINTS="611 2015 611 2028 704 2028 712 2030 734 2037 736 2037 737 2037 767 2031 777 2038 779 2038 780 2038 782 2038 832 2031 844 2028 935 2028 942 2031 957 2038 959 2038 960 2038 1032 2033 1069 2030 1079 2033 1094 2038 1096 2038 1097 2038 1099 2038 1100 2038 1107 2033 1113 2028 1133 2033 1146 2037 1148 2037 1149 2037 1183 2034 1237 2028 1270 2034 1284 2037 1286 2037 1299 2034 1332 2028 1402 2036 1420 2037 1421 2037 1444 2036 1549 2028 1658 2037 1661 2012 1656 1978 1577 1978 1574 1976 1545 1966 1543 1966 1542 1966 1406 1975 1389 1969 1387 1969 1386 1969 1384 1969 1369 1976 1365 1979 1270 1979 1264 1976 1232 1966 1231 1966 1229 1966 1180 1973 1140 1967 1139 1967 1137 1967 1136 1967 1136 1969 1127 1976 1122 1980 1042 1980 1036 1976 1024 1967 1023 1967 1021 1967 1020 1967 1018 1967 997 1976 994 1978 993 1976 983 1967 981 1967 980 1967 861 1967 859 1967 858 1967 856 1967 844 1976 837 1980 673 1980 666 1976 652 1967 651 1967 649 1967 648 1967 609 1975 611 2015"/></Shape>
	    <String CONTENT="firmari poteſt. Prima, Quòd vnicum eſt ſemen"
                    HPOS="609"
                    VPOS="1966"
                    WIDTH="1052"
                    HEIGHT="72"
                    WC="0.983502467473348"></String>
          </TextLine>

          
          
          <TextLine ID="eSc_line_553df21c"
                    TAGREFS="LT4318"
                    BASELINE="608 2070 1665 2070" 
                    HPOS="608"
                    VPOS="2027"
                    WIDTH="1057"
                    HEIGHT="62">
            <Shape><Polygon POINTS="608 2070 608 2089 1665 2088 1665 2070 1665 2034 1499 2027 1497 2027 1496 2027 1494 2027 1494 2028 1488 2033 1482 2037 1448 2033 1405 2027 1403 2027 1402 2027 1390 2033 1380 2038 968 2038 941 2030 933 2028 932 2028 931 2028 929 2028 923 2030 899 2038 858 2030 838 2027 837 2027 835 2027 825 2030 797 2038 783 2030 780 2027 779 2027 777 2027 776 2027 742 2030 676 2036 664 2030 661 2027 660 2027 658 2027 657 2027 608 2028 608 2070"/></Shape>
	    <String CONTENT="illud Abrahæ, in quo promittuntur benedicen¬"
                    HPOS="608"
                    VPOS="2027"
                    WIDTH="1057"
                    HEIGHT="62"
                    WC="0.980336556380445"></String>
          </TextLine>

          
          
          <TextLine ID="eSc_line_c7d8e9fc"
                    TAGREFS="LT4318"
                    BASELINE="606 2128 1658 2131" 
                    HPOS="606"
                    VPOS="2083"
                    WIDTH="1052"
                    HEIGHT="91">
            <Shape><Polygon POINTS="606 2128 606 2171 704 2163 715 2169 718 2172 719 2172 721 2172 722 2174 817 2174 817 2172 819 2172 820 2172 820 2171 825 2168 844 2152 911 2152 935 2165 945 2172 947 2172 948 2172 950 2172 1167 2171 1168 2171 1170 2171 1186 2160 1201 2153 1304 2153 1316 2159 1331 2168 1332 2168 1334 2168 1335 2168 1396 2157 1421 2153 1444 2156 1508 2166 1509 2166 1511 2166 1539 2154 1543 2153 1656 2153 1658 2131 1656 2099 1595 2085 1594 2085 1592 2085 1560 2092 1509 2085 1508 2085 1456 2096 1445 2098 1442 2096 1427 2085 1426 2085 1424 2085 1393 2085 1392 2085 1390 2085 1357 2095 1347 2098 1342 2095 1332 2085 1331 2085 1329 2085 1289 2085 1287 2085 1286 2085 1264 2094 1252 2098 1247 2094 1241 2089 1241 2088 1240 2088 1238 2088 1191 2085 1189 2085 1158 2092 1131 2098 1097 2098 1085 2091 1070 2083 1069 2083 1067 2083 1066 2083 1049 2091 1035 2096 996 2089 959 2083 957 2083 956 2083 942 2089 925 2098 687 2098 663 2085 660 2083 658 2083 657 2083 606 2083 606 2128"/></Shape>
	    <String CONTENT="dæ omnes mundi nationes Geneſ.15. &amp; 17. Galat."
                    HPOS="606"
                    VPOS="2083"
                    WIDTH="1052"
                    HEIGHT="91"></String>
          </TextLine>

          
        </TextBlock>
        
        <TextBlock HPOS="1493.6591796875"
                   VPOS="2151.001953125"
                   WIDTH="163.4603271484375"
                   HEIGHT="71.163330078125"
                   ID="block_3"
                   TAGREFS="BT10978">
          <Shape><Polygon POINTS="1493.66 2151 1657.12 2151 1657.12 2222.17 1493.66 2222.17 1493.66 2151"/></Shape>
          
          
          <TextLine ID="eSc_line_3f1d56d9"
                    TAGREFS="LT4318"
                    BASELINE="1499 2193 1652 2189" 
                    HPOS="1496"
                    VPOS="2140"
                    WIDTH="156"
                    HEIGHT="110">
            <Shape><Polygon POINTS="1499 2193 1499 2248 1542 2245 1543 2245 1545 2245 1563 2230 1601 2233 1621 2248 1622 2250 1624 2250 1625 2250 1627 2250 1652 2247 1652 2189 1647 2140 1613 2141 1612 2141 1610 2141 1609 2143 1589 2156 1496 2153 1499 2193"/></Shape>
	    <String CONTENT="3.verſ."
                    HPOS="1496"
                    VPOS="2140"
                    WIDTH="156"
                    HEIGHT="110"></String>
          </TextLine>

          
        </TextBlock>
        

        
      </PrintSpace>
    </Page>
  </Layout>
</alto>
