<?xml version="1.0" encoding="UTF-8"?>
<alto xmlns:xsi="http://www.w3.org/2001/XMLSchema-instance"
      xmlns="http://www.loc.gov/standards/alto/ns-v4#"
      xsi:schemaLocation="http://www.loc.gov/standards/alto/ns-v4# http://www.loc.gov/standards/alto/v4/alto-4-2.xsd">
  <Description>
    <MeasurementUnit>pixel</MeasurementUnit>
    <sourceImageInformation>
      <fileName>2012958.png</fileName>
      
    </sourceImageInformation>
  </Description>
  
  <Tags>
    <OtherTag ID="BT10983" LABEL="GraphicZone" DESCRIPTION="block type GraphicZone"/><OtherTag ID="BT10982" LABEL="DropCapitalZone" DESCRIPTION="block type DropCapitalZone"/><OtherTag ID="BT10981" LABEL="RunningTitleZone" DESCRIPTION="block type RunningTitleZone"/><OtherTag ID="BT10980" LABEL="NumberingZone" DESCRIPTION="block type NumberingZone"/><OtherTag ID="BT10979" LABEL="TitlePageZone" DESCRIPTION="block type TitlePageZone"/><OtherTag ID="BT10978" LABEL="QuireMarksZone" DESCRIPTION="block type QuireMarksZone"/><OtherTag ID="BT10977" LABEL="MainZone" DESCRIPTION="block type MainZone"/><OtherTag ID="BT10976" LABEL="MarginTextZone" DESCRIPTION="block type MarginTextZone"/>
    <OtherTag ID="LT4321" LABEL="default" DESCRIPTION="line type default"/><OtherTag ID="LT4319" LABEL="HeadingLine" DESCRIPTION="line type HeadingLine"/><OtherTag ID="LT4318" LABEL="DefaultLine" DESCRIPTION="line type DefaultLine"/><OtherTag ID="LT4320" LABEL="CustomLine : BiblicalText" DESCRIPTION="line type CustomLine : BiblicalText"/>
  </Tags>
  
  <Layout>
    <Page WIDTH="1807"
          HEIGHT="2677"
          PHYSICAL_IMG_NR="5"
          ID="eSc_dummypage_">
      <PrintSpace HPOS="0"
                  VPOS="0"
                  WIDTH="1807"
                  HEIGHT="2677">
        
        <TextBlock HPOS="634.9918212890625"
                   VPOS="161.33729553222656"
                   WIDTH="94.962890625"
                   HEIGHT="63.90229797363281"
                   ID="block_3"
                   TAGREFS="BT10980">
          <Shape><Polygon POINTS="634.992 161.337 729.955 161.337 729.955 225.24 634.992 225.24 634.992 161.337"/></Shape>
          
          
          <TextLine ID="eSc_line_fb6cf2dd"
                    TAGREFS="LT4318"
                    BASELINE="641 208 709 206" 
                    HPOS="638"
                    VPOS="162"
                    WIDTH="69"
                    HEIGHT="81">
            <Shape><Polygon POINTS="682 162 660 162 638 162 640 207 640 232 664 243 667 243 669 243 671 243 707 229 707 205 700 162 682 162"/></Shape>
	    <String CONTENT="46"
                    HPOS="638"
                    VPOS="162"
                    WIDTH="69"
                    HEIGHT="81"
                    WC="0.988255769014359"></String>
          </TextLine>

          
        </TextBlock>
        
        <TextBlock HPOS="821.8291625976562"
                   VPOS="149.26951599121094"
                   WIDTH="694.3242797851562"
                   HEIGHT="70.56890869140625"
                   ID="block_2"
                   TAGREFS="BT10981">
          <Shape><Polygon POINTS="821.829 149.27 1516.15 149.27 1516.15 219.838 821.829 219.838 821.829 149.27"/></Shape>
          
          
          <TextLine ID="eSc_line_0463aeb3"
                    TAGREFS="LT4319"
                    BASELINE="812 206 1508 199" 
                    HPOS="810"
                    VPOS="150"
                    WIDTH="698"
                    HEIGHT="76">
            <Shape><Polygon POINTS="1479 153 1464 153 1450 153 1435 153 1426 153 1414 156 1399 153 1390 153 1375 153 1360 153 1345 153 1329 160 1293 153 1292 153 1225 163 1176 163 1168 156 1168 154 1167 154 1165 154 1164 154 1079 162 1067 151 1067 150 1066 150 1064 150 1063 150 1048 150 1033 150 1018 150 1008 150 1006 150 917 165 878 151 877 151 831 151 829 151 828 151 826 151 810 163 812 206 812 217 907 226 908 226 910 226 911 226 911 224 919 218 922 215 942 218 989 224 990 224 991 224 993 224 1000 218 1008 214 1070 214 1076 218 1079 221 1079 223 1081 223 1082 223 1084 223 1085 223 1102 218 1119 214 1125 218 1127 220 1127 221 1128 221 1130 221 1131 221 1133 221 1139 218 1148 215 1183 220 1218 223 1219 223 1262 220 1362 211 1372 220 1374 220 1375 220 1377 220 1378 220 1411 212 1505 220 1508 199 1506 171 1494 159"/></Shape>
	    <String CONTENT="AD I. PAVL. AD TIM."
                    HPOS="810"
                    VPOS="150"
                    WIDTH="698"
                    HEIGHT="76"
                    WC="0.992742585508447"></String>
          </TextLine>

          
        </TextBlock>
        
        <TextBlock HPOS="619.8385620117188"
                   VPOS="224.77838134765625"
                   WIDTH="1082.0169067382812"
                   HEIGHT="1947.7074584960938"
                   ID="block_0"
                   TAGREFS="BT10977">
          <Shape><Polygon POINTS="619.839 224.778 1701.86 224.778 1701.86 2172.49 619.839 2172.49 619.839 224.778"/></Shape>
          
          
          <TextLine ID="eSc_line_4ad61087"
                    TAGREFS="LT4318"
                    BASELINE="636 275 1688 266" 
                    HPOS="635"
                    VPOS="212"
                    WIDTH="1053"
                    HEIGHT="91">
            <Shape><Polygon POINTS="1676 221 1673 220 1612 212 1610 212 1609 212 1576 223 1558 229 1403 229 1387 226 1360 218 1359 218 1357 218 1356 218 1341 226 1332 232 1299 232 1292 227 1279 220 1277 220 1276 220 1225 227 1209 230 1204 229 1189 220 1188 220 1186 220 1185 220 1183 220 1170 229 1165 232 1035 232 1032 230 997 217 996 217 994 217 864 218 862 218 861 218 841 233 817 233 800 220 798 220 797 220 700 220 699 220 697 220 635 236 636 275 636 294 687 303 688 303 856 295 951 301 953 301 954 301 956 301 972 292 972 291 1070 291 1072 291 1084 300 1085 300 1087 300 1088 300 1124 292 1160 300 1161 300 1280 290 1283 290 1284 290 1335 298 1337 298 1384 288 1387 288 1390 288 1417 297 1418 297 1420 297 1421 297 1454 288 1456 288 1457 288 1506 297 1508 297 1509 297 1542 287 1546 287 1686 287 1688 266 1685 229 1676 221"/></Shape>
	    <String CONTENT="cis libris diſsimilem contineat cap.15v.39. Affe¬"
                    HPOS="635"
                    VPOS="212"
                    WIDTH="1053"
                    HEIGHT="91"
                    WC="0.977127280770516"></String>
          </TextLine>

          
          
          <TextLine ID="eSc_line_fa1e3a89"
                    TAGREFS="LT4318"
                    BASELINE="633 337 1688 327" 
                    HPOS="632"
                    VPOS="285"
                    WIDTH="1056"
                    HEIGHT="77">
            <Shape><Polygon POINTS="633 337 633 356 667 362 669 362 670 362 684 356 694 350 701 356 707 361 709 361 710 361 712 361 743 355 771 350 795 355 828 361 829 361 831 361 844 353 855 349 867 353 874 356 875 356 877 356 878 356 880 356 883 353 892 348 1000 348 1021 352 1051 358 1052 358 1054 358 1073 350 1087 346 1125 350 1168 355 1170 355 1171 355 1173 355 1182 349 1189 346 1262 346 1265 348 1277 356 1279 356 1280 356 1282 356 1406 348 1534 355 1536 355 1686 342 1688 327 1683 291 1494 292 1491 292 1481 285 1479 285 1478 285 1476 285 1475 285 1473 285 1466 292 1464 294 1342 294 1340 294 1320 287 1319 287 1317 287 1316 287 1314 287 1304 294 1302 295 1229 295 1228 295 1215 288 1213 288 1212 288 1210 288 1183 295 1180 295 1176 295 1115 287 1113 287 1064 297 1060 297 1048 288 1047 288 1045 288 932 288 931 288 632 300 633 337"/></Shape>
	    <String CONTENT="runtur igitur teſtimonia veterum, imprimis au¬"
                    HPOS="632"
                    VPOS="285"
                    WIDTH="1056"
                    HEIGHT="77"
                    WC="0.991399634143581"></String>
          </TextLine>

          
          
          <TextLine ID="eSc_line_a8ee9248"
                    TAGREFS="LT4318"
                    BASELINE="635 392 1686 386" 
                    HPOS="633"
                    VPOS="340"
                    WIDTH="1053"
                    HEIGHT="79">
            <Shape><Polygon POINTS="635 419 990 417 1006 414 1035 408 1145 413 1247 416 1249 416 1283 410 1307 407 1328 410 1368 416 1369 416 1436 408 1464 406 1546 406 1551 407 1572 414 1573 414 1574 414 1685 404 1686 386 1682 345 1502 350 1487 345 1476 340 1475 340 1473 340 1472 340 1470 340 1470 342 1466 345 1458 352 1374 352 1209 346 1127 343 1125 343 1124 343 1118 346 1106 352 1084 346 1070 343 1069 343 1067 343 1066 343 1051 346 1026 353 1017 346 1014 345 1014 343 1012 343 1011 343 966 343 965 343 963 343 951 348 931 353 911 348 899 343 898 343 896 343 873 348 832 356 780 356 770 348 767 345 765 345 764 345 762 345 761 345 759 345 757 348 745 355 633 349 635 392"/></Shape>
	    <String CONTENT="tem Auguſtini lib. de Cura pro mortuis cap. 18."
                    HPOS="633"
                    VPOS="340"
                    WIDTH="1053"
                    HEIGHT="79"
                    WC="0.995702117047411"></String>
          </TextLine>

          
          
          <TextLine ID="eSc_line_813ca329"
                    TAGREFS="LT4318"
                    BASELINE="636 452 1686 443" 
                    HPOS="635"
                    VPOS="400"
                    WIDTH="1051"
                    HEIGHT="78">
            <Shape><Polygon POINTS="636 452 636 478 746 468 758 475 759 475 761 475 762 475 764 475 795 468 910 474 919 474 920 474 922 474 923 474 941 466 1012 472 1039 474 1041 474 1042 474 1049 471 1070 464 1219 464 1240 468 1255 471 1256 471 1258 471 1273 468 1290 464 1307 466 1334 472 1335 472 1384 465 1408 462 1426 465 1463 471 1464 471 1516 464 1536 461 1685 461 1686 443 1682 403 1572 408 1557 404 1543 400 1542 400 1540 400 1518 404 1493 410 1439 406 1380 401 1378 401 1340 407 1314 411 1298 408 1277 403 1276 403 1274 403 1198 410 1158 413 1146 410 1124 404 1122 404 1121 404 1119 404 1093 411 1084 413 1070 411 1017 404 1015 404 1014 404 1012 404 999 413 994 413 954 407 953 407 902 414 898 414 887 407 886 407 884 407 883 407 815 416 809 416 803 416 743 407 742 407 740 407 739 407 728 417 687 417 664 407 663 407 661 407 660 407 635 416 636 452"/></Shape>
	    <String CONTENT="quod canonizatur (vt vocant) cano. Non æſtime¬"
                    HPOS="635"
                    VPOS="400"
                    WIDTH="1051"
                    HEIGHT="78"
                    WC="0.990962795589281"></String>
          </TextLine>

          
          
          <TextLine ID="eSc_line_c1410b58"
                    TAGREFS="LT4318"
                    BASELINE="633 511 1686 502" 
                    HPOS="632"
                    VPOS="456"
                    WIDTH="1054"
                    HEIGHT="80">
            <Shape><Polygon POINTS="633 511 633 526 770 536 771 536 773 536 792 526 803 535 804 535 806 535 807 536 867 536 867 535 868 535 890 524 905 535 907 535 908 535 910 535 911 535 939 524 939 523 1106 523 1136 533 1137 533 1139 533 1140 533 1170 522 1173 522 1232 522 1238 522 1328 532 1329 532 1378 520 1381 520 1389 520 1508 530 1509 530 1585 519 1586 519 1589 519 1647 529 1649 529 1650 529 1686 517 1686 502 1683 468 1630 458 1628 458 1582 468 1558 456 1557 456 1512 456 1511 456 1509 456 1508 456 1491 468 1450 469 1432 469 1412 459 1411 459 1409 459 1408 459 1381 469 1381 471 1301 471 1299 471 1277 459 1276 459 1274 459 1189 466 1165 459 1164 459 1163 459 1161 459 1160 459 1148 466 1091 461 1090 461 1088 461 1087 461 1087 462 1075 472 1073 474 1054 474 1054 472 1027 461 1026 461 983 461 981 461 632 475 633 511"/></Shape>
	    <String CONTENT="mus 13 quęſt.2. item aliud eiuſdem Auguſtini di¬"
                    HPOS="632"
                    VPOS="456"
                    WIDTH="1054"
                    HEIGHT="80"
                    WC="0.971413494372854"></String>
          </TextLine>

          
          
          <TextLine ID="eSc_line_0cf93b34"
                    TAGREFS="LT4318"
                    BASELINE="633 568 1688 562" 
                    HPOS="632"
                    VPOS="519"
                    WIDTH="1056"
                    HEIGHT="74">
            <Shape><Polygon POINTS="633 588 792 584 798 588 801 591 803 591 804 591 806 593 892 593 892 591 893 591 899 588 913 582 1045 582 1082 588 1099 590 1100 590 1125 588 1192 581 1286 587 1310 588 1311 588 1338 587 1456 580 1686 585 1688 562 1685 529 1616 529 1600 519 1598 519 1597 519 1595 519 1518 527 1487 519 1485 519 1484 519 1421 529 1374 520 1372 520 1308 529 1298 520 1296 520 1295 520 1160 520 1158 520 1090 522 1088 522 1087 522 1076 530 1042 522 1041 522 1039 522 968 530 907 523 905 523 904 523 902 523 892 532 658 523 657 523 655 523 632 532 633 568"/></Shape>
	    <String CONTENT="ctum cap. 11o. in Enchirid. Sed etiam Arnobius"
                    HPOS="632"
                    VPOS="519"
                    WIDTH="1056"
                    HEIGHT="74"
                    WC="0.98242902626162"></String>
          </TextLine>

          
          
          <TextLine ID="eSc_line_27e77196"
                    TAGREFS="LT4318"
                    BASELINE="638 627 1686 623" 
                    HPOS="636"
                    VPOS="575"
                    WIDTH="1050"
                    HEIGHT="79">
            <Shape><Polygon POINTS="638 627 638 640 700 652 701 652 746 642 755 640 801 640 809 642 835 652 837 652 838 654 950 654 950 652 951 652 980 643 999 639 1026 645 1038 646 1039 646 1064 645 1131 639 1142 645 1146 649 1148 649 1149 649 1151 649 1152 649 1154 649 1158 645 1165 642 1209 646 1234 648 1235 648 1247 646 1290 639 1319 646 1332 651 1334 651 1335 651 1380 648 1493 638 1511 648 1511 649 1512 649 1514 649 1515 649 1522 649 1574 640 1683 649 1686 623 1685 590 1638 575 1637 575 1603 575 1601 575 1600 575 1598 575 1580 588 1488 575 1487 575 1485 575 1445 588 1396 588 1334 590 1328 588 1282 577 1280 577 1249 577 1247 577 1246 577 1244 577 1226 588 1224 591 1182 591 1176 588 1143 577 1142 577 1140 577 942 578 941 578 939 578 925 588 919 591 902 588 874 582 873 582 838 588 817 591 812 588 795 578 794 578 792 578 791 578 789 578 767 588 758 591 745 588 724 582 722 582 721 582 719 582 718 582 710 588 704 591 636 588 638 627"/></Shape>
	    <String CONTENT="vetus ſcriptor Eccleſiaſticus idem confirmat lib."
                    HPOS="636"
                    VPOS="575"
                    WIDTH="1050"
                    HEIGHT="79"
                    WC="0.973780847325617"></String>
          </TextLine>

          
          
          <TextLine ID="eSc_line_c45a0704"
                    TAGREFS="LT4318"
                    BASELINE="635 684 1686 678" 
                    HPOS="633"
                    VPOS="636"
                    WIDTH="1053"
                    HEIGHT="76">
            <Shape><Polygon POINTS="635 684 635 706 700 712 701 712 703 712 704 712 712 706 721 701 816 701 846 704 895 712 896 712 898 712 922 704 938 700 965 704 993 709 994 709 1035 704 1064 700 1082 703 1109 709 1110 709 1171 703 1216 698 1224 703 1231 709 1232 709 1234 709 1235 709 1305 701 1329 700 1350 701 1421 709 1423 709 1534 707 1536 707 1537 707 1546 700 1552 697 1683 698 1686 678 1682 639 1554 646 1511 640 1475 636 1473 636 1472 636 1461 642 1451 648 1290 648 1284 643 1274 636 1273 636 1271 636 1235 636 1234 636 1232 636 1213 645 1206 648 1194 645 1180 642 1179 642 1177 642 1176 642 1167 645 1158 649 1149 646 1130 638 1128 638 1021 638 1020 638 1018 638 1017 638 1003 648 1002 648 993 648 901 643 899 643 862 649 855 651 853 649 840 643 838 643 837 643 835 643 820 651 819 651 806 642 804 642 803 642 801 642 800 642 785 648 773 639 771 639 770 639 713 639 712 639 710 639 685 652 633 652 635 684"/></Shape>
	    <String CONTENT="4. Aduerſ. gentes ſub finem libri nempe pro viuis"
                    HPOS="633"
                    VPOS="636"
                    WIDTH="1053"
                    HEIGHT="76"
                    WC="0.976915504251208"></String>
          </TextLine>

          
          
          <TextLine ID="eSc_line_564d9553"
                    TAGREFS="LT4318"
                    BASELINE="636 745 1688 737" 
                    HPOS="635"
                    VPOS="691"
                    WIDTH="1053"
                    HEIGHT="77">
            <Shape><Polygon POINTS="636 745 636 762 797 768 798 768 800 768 801 768 807 762 812 759 829 762 849 767 850 767 852 767 853 767 858 762 862 759 877 762 887 765 889 765 890 765 914 762 974 756 1006 762 1020 765 1021 765 1023 765 1024 765 1026 762 1036 755 1160 755 1238 762 1265 765 1267 765 1268 765 1276 762 1299 755 1380 762 1393 764 1395 764 1396 764 1399 762 1433 754 1461 762 1463 762 1464 762 1527 752 1685 762 1688 737 1686 704 1662 691 1661 691 1659 691 1658 691 1631 703 1603 691 1601 691 1555 691 1554 691 1552 691 1551 691 1551 693 1537 703 1482 694 1481 694 1479 694 1478 694 1478 696 1467 704 1466 706 1215 706 1209 703 1191 694 1189 694 1188 694 1186 694 1165 703 1160 706 1149 703 1116 694 1115 694 1113 694 917 696 916 696 914 696 905 703 899 707 843 710 801 710 794 703 789 700 789 698 788 698 786 698 785 698 783 698 774 703 759 709 635 703 636 745"/></Shape>
	    <String CONTENT="&amp; mortuis in Dei Eccleſia precatos eſſe Chri¬"
                    HPOS="635"
                    VPOS="691"
                    WIDTH="1053"
                    HEIGHT="77"
                    WC="0.980883014202118"></String>
          </TextLine>

          
          
          <TextLine ID="eSc_line_0725922c"
                    TAGREFS="LT4318"
                    BASELINE="632 801 1688 798" 
                    HPOS="630"
                    VPOS="754"
                    WIDTH="1058"
                    HEIGHT="68">
            <Shape><Polygon POINTS="632 801 632 822 1686 816 1688 798 1683 761 1534 765 1515 759 1499 754 1497 754 1496 754 1494 754 1479 759 1461 765 1447 759 1435 754 1433 754 1393 754 1392 754 1390 754 1389 754 1383 758 1371 767 1310 767 1287 758 1274 754 1273 754 1271 754 1270 754 1258 758 1238 765 1206 758 1186 754 1185 754 1183 754 1182 754 1177 758 1167 767 1085 767 1069 756 1067 755 1066 755 1064 755 969 755 968 755 966 755 963 756 936 767 919 756 919 755 917 755 916 755 822 755 820 755 819 755 817 755 801 768 719 768 691 755 690 755 630 755 632 801"/></Shape>
	    <String CONTENT="ſtianos. Reſp. Nullo verbi diuini fundamento"
                    HPOS="630"
                    VPOS="754"
                    WIDTH="1058"
                    HEIGHT="68"
                    WC="0.990495872768489"></String>
          </TextLine>

          
          
          <TextLine ID="eSc_line_ea766598"
                    TAGREFS="LT4318"
                    BASELINE="629 861 1688 855" 
                    HPOS="627"
                    VPOS="810"
                    WIDTH="1061"
                    HEIGHT="79">
            <Shape><Polygon POINTS="629 861 629 881 728 886 730 886 755 881 768 878 773 881 782 887 783 887 785 887 786 889 856 889 856 887 895 880 907 877 910 880 917 886 919 886 920 886 922 886 953 878 957 878 966 878 1033 886 1035 886 1036 886 1057 878 1061 877 1069 878 1118 886 1119 886 1121 886 1122 886 1131 877 1133 877 1140 877 1213 883 1215 883 1216 883 1238 875 1241 875 1243 875 1255 884 1256 884 1258 884 1259 886 1316 886 1316 884 1317 884 1338 875 1341 875 1420 884 1421 884 1484 874 1487 872 1688 871 1688 855 1683 822 1543 822 1542 822 1516 810 1515 810 1514 810 1512 810 1511 810 1497 822 1496 823 1418 823 1406 822 1359 812 1357 812 1280 819 1256 812 1255 812 1253 812 1252 812 1250 812 1235 822 1231 825 1154 825 1142 822 1109 813 1107 813 1106 813 1064 814 1063 814 1061 814 1049 822 1044 826 1023 826 1018 822 1008 813 1006 813 1005 813 938 813 936 813 935 813 933 813 933 814 923 822 920 825 911 822 880 814 878 814 877 814 875 814 844 822 826 828 800 828 792 822 782 814 780 814 779 814 777 814 736 822 730 823 728 822 718 814 716 814 715 814 713 814 627 822 629 861"/></Shape>
	    <String CONTENT="niti Auguſt. vel Arnobium, ſed ſola quadam er¬"
                    HPOS="627"
                    VPOS="810"
                    WIDTH="1061"
                    HEIGHT="79"
                    WC="0.99676555265551"></String>
          </TextLine>

          
          
          <TextLine ID="eSc_line_49c1f305"
                    TAGREFS="LT4318"
                    BASELINE="633 922 1689 916" 
                    HPOS="632"
                    VPOS="871"
                    WIDTH="1057"
                    HEIGHT="73">
            <Shape><Polygon POINTS="633 922 633 944 710 935 754 942 764 944 765 944 780 942 829 935 859 941 874 944 875 944 877 944 883 941 899 933 986 933 997 939 1002 941 1003 941 1005 941 1069 938 1176 932 1194 936 1215 941 1216 941 1218 941 1427 933 1514 939 1515 939 1516 939 1518 939 1527 932 1638 939 1640 939 1689 928 1689 916 1688 881 1670 871 1668 871 1667 871 1665 871 1664 871 1625 881 1613 871 1612 871 1610 871 1511 871 1509 871 1508 871 1482 883 1453 883 1415 884 1276 884 1274 883 1253 872 1252 872 1195 872 1194 872 1192 872 1160 883 1152 886 1100 886 1096 883 1079 874 1078 874 975 874 974 874 972 874 971 874 957 883 954 884 947 883 920 874 919 874 917 874 883 881 861 875 859 875 858 875 856 875 855 875 855 877 847 883 843 887 770 887 764 883 758 877 757 877 755 877 754 877 752 877 751 877 743 883 737 884 632 883 633 922"/></Shape>
	    <String CONTENT="ga mortuos beneuolentia &amp; humanitate, ſoliſque"
                    HPOS="632"
                    VPOS="871"
                    WIDTH="1057"
                    HEIGHT="73"
                    WC="0.987736335267191"></String>
          </TextLine>

          
          
          <TextLine ID="eSc_line_76dfc0e2"
                    TAGREFS="LT4318"
                    BASELINE="635 977 1688 972" 
                    HPOS="633"
                    VPOS="928"
                    WIDTH="1055"
                    HEIGHT="72">
            <Shape><Polygon POINTS="635 977 635 991 660 1000 661 1000 663 1000 779 991 786 991 795 991 978 1000 980 1000 981 1000 1002 990 1003 990 1032 990 1284 999 1286 999 1357 991 1378 997 1380 997 1381 997 1383 997 1384 997 1395 989 1414 997 1415 997 1417 999 1469 999 1469 997 1470 997 1472 997 1485 989 1487 989 1493 989 1604 997 1606 997 1686 987 1688 972 1685 941 1518 928 1516 928 1515 928 1514 928 1502 935 1457 929 1456 929 1454 929 1453 929 1453 931 1442 939 1418 929 1417 929 1415 929 1414 929 1389 941 1329 941 1296 929 1295 929 1293 929 1292 929 1290 929 1271 942 1206 942 1174 931 1173 931 1171 931 1170 931 1149 942 1085 942 1057 929 1055 929 1008 929 1006 929 1005 929 1003 929 981 942 929 931 928 931 822 942 801 933 800 933 798 933 797 933 795 933 785 941 739 931 737 931 736 931 734 931 722 939 676 931 675 931 673 931 633 944 635 977"/></Shape>
	    <String CONTENT="cõiecturis. Id quod nec Auguſtinus ipſe diſsimu¬"
                    HPOS="633"
                    VPOS="928"
                    WIDTH="1055"
                    HEIGHT="72"
                    WC="0.987914451531002"></String>
          </TextLine>

          
          
          <TextLine ID="eSc_line_df442e87"
                    TAGREFS="LT4318"
                    BASELINE="630 1041 1688 1033" 
                    HPOS="629"
                    VPOS="986"
                    WIDTH="1059"
                    HEIGHT="80">
            <Shape><Polygon POINTS="630 1041 630 1057 816 1066 817 1066 889 1055 902 1054 908 1055 936 1064 938 1064 939 1064 989 1054 993 1054 997 1054 1029 1064 1030 1064 1032 1064 1033 1064 1035 1064 1051 1054 1054 1052 1070 1054 1146 1063 1148 1063 1149 1063 1182 1052 1185 1052 1201 1052 1348 1061 1350 1061 1351 1061 1369 1052 1484 1058 1485 1058 1487 1058 1502 1051 1625 1060 1627 1060 1686 1048 1688 1033 1686 999 1661 986 1659 986 1658 986 1656 986 1621 997 1528 989 1527 989 1482 997 1472 1000 1435 1000 1430 997 1417 987 1415 987 1414 987 1412 987 1411 987 1377 997 1368 999 1345 997 1264 987 1262 987 1261 987 1259 987 1247 996 1240 1002 1177 1002 1170 996 1163 989 1161 989 1160 989 1130 989 1128 989 1090 994 1051 1002 1036 994 1026 990 1024 990 986 990 984 990 983 990 974 994 959 1002 910 994 883 990 881 990 864 993 823 1003 755 1003 742 993 740 991 739 991 737 991 736 991 629 991 630 1041"/></Shape>
	    <String CONTENT="lat. Præterea poſſunt adduci alij eiuſdem Auguſt."
                    HPOS="629"
                    VPOS="986"
                    WIDTH="1059"
                    HEIGHT="80"
                    WC="0.979825982025691"></String>
          </TextLine>

          
          
          <TextLine ID="eSc_line_88dcba40"
                    TAGREFS="LT4318"
                    BASELINE="632 1097 1689 1090" 
                    HPOS="630"
                    VPOS="1045"
                    WIDTH="1059"
                    HEIGHT="77">
            <Shape><Polygon POINTS="632 1097 632 1112 667 1121 669 1122 800 1122 800 1121 801 1121 803 1121 812 1113 820 1121 822 1121 823 1121 825 1121 922 1113 1020 1119 1021 1119 1023 1119 1024 1119 1033 1112 1061 1118 1063 1118 1110 1110 1146 1118 1148 1118 1219 1110 1301 1116 1302 1116 1304 1116 1305 1116 1316 1109 1475 1116 1476 1116 1478 1116 1479 1116 1493 1107 1564 1115 1566 1115 1689 1105 1689 1090 1686 1055 1577 1055 1577 1054 1566 1045 1564 1045 1563 1045 1561 1045 1560 1045 1558 1045 1548 1054 1548 1055 1475 1055 1469 1054 1445 1047 1444 1047 1442 1047 1441 1047 1426 1054 1421 1057 1305 1057 1295 1054 1267 1047 1265 1047 1264 1047 1262 1047 1249 1054 1241 1057 1224 1054 1195 1048 1194 1048 1130 1052 1082 1057 1070 1052 1055 1048 1054 1048 1052 1048 1051 1048 1033 1052 1012 1060 929 1060 919 1052 914 1049 913 1049 911 1049 910 1049 877 1052 801 1060 630 1052 632 1097"/></Shape>
	    <String CONTENT="loci, ex quibus quàm varius in ea re fuerit intel¬"
                    HPOS="630"
                    VPOS="1045"
                    WIDTH="1059"
                    HEIGHT="77"
                    WC="0.993648858631358"></String>
          </TextLine>

          
          
          <TextLine ID="eSc_line_913f531d"
                    TAGREFS="LT4318"
                    BASELINE="630 1157 1688 1149" 
                    HPOS="629"
                    VPOS="1103"
                    WIDTH="1059"
                    HEIGHT="80">
            <Shape><Polygon POINTS="630 1157 630 1174 770 1183 771 1183 807 1176 809 1176 816 1176 935 1182 936 1182 1012 1176 1078 1171 1088 1176 1096 1180 1097 1180 1099 1180 1160 1176 1240 1171 1250 1177 1255 1180 1256 1180 1258 1180 1259 1180 1451 1179 1453 1179 1458 1177 1478 1171 1555 1177 1560 1177 1561 1177 1564 1177 1625 1168 1685 1177 1688 1149 1683 1106 1618 1115 1604 1106 1601 1103 1600 1103 1598 1103 1567 1103 1566 1103 1564 1103 1563 1103 1558 1106 1543 1115 1530 1109 1528 1109 1527 1109 1463 1116 1424 1106 1415 1105 1414 1105 1412 1105 1411 1105 1405 1106 1380 1116 1366 1106 1363 1105 1362 1105 1360 1105 1326 1105 1325 1105 1323 1105 1317 1107 1298 1116 1241 1107 1240 1107 1238 1107 1237 1107 1200 1118 1091 1107 1066 1106 1064 1106 1063 1106 1061 1106 1060 1107 1045 1118 1026 1107 1024 1107 1023 1107 1021 1107 1020 1107 1017 1107 990 1119 913 1119 886 1110 884 1110 883 1110 881 1110 838 1121 629 1110 630 1157"/></Shape>
	    <String CONTENT="ligetur, quemadmodum in Enchir. pridem"
                    HPOS="629"
                    VPOS="1103"
                    WIDTH="1059"
                    HEIGHT="80"
                    WC="0.983454417241247"></String>
          </TextLine>

          
          
          <TextLine ID="eSc_line_8d14554e"
                    TAGREFS="LT4318"
                    BASELINE="629 1213 1686 1209" 
                    HPOS="627"
                    VPOS="1165"
                    WIDTH="1059"
                    HEIGHT="75">
            <Shape><Polygon POINTS="629 1213 629 1232 881 1240 883 1240 884 1240 898 1234 910 1229 925 1234 941 1240 942 1240 944 1240 978 1234 1020 1228 1051 1235 1067 1238 1069 1238 1094 1235 1127 1231 1191 1235 1234 1238 1235 1238 1237 1238 1238 1238 1241 1235 1252 1228 1276 1235 1284 1238 1286 1238 1287 1238 1289 1238 1290 1238 1293 1235 1301 1231 1308 1235 1308 1237 1310 1237 1311 1237 1313 1237 1335 1235 1490 1226 1505 1237 1506 1237 1508 1237 1509 1238 1566 1238 1566 1237 1567 1237 1569 1237 1582 1226 1619 1226 1683 1237 1686 1209 1682 1170 1628 1174 1622 1170 1618 1165 1616 1165 1615 1165 1567 1165 1566 1165 1525 1170 1494 1174 1478 1171 1456 1165 1454 1165 1453 1165 1451 1165 1438 1171 1432 1174 1424 1171 1412 1165 1411 1165 1409 1165 1408 1165 1396 1171 1390 1174 1335 1171 1255 1168 1253 1168 1216 1173 1192 1176 1171 1173 1122 1167 1121 1167 1063 1174 1048 1176 1035 1174 978 1167 977 1167 975 1167 951 1176 944 1177 936 1176 910 1168 908 1168 907 1168 905 1168 880 1176 874 1177 871 1176 861 1168 859 1168 858 1168 782 1168 780 1168 743 1177 739 1179 627 1179 629 1213"/></Shape>
	    <String CONTENT="annotauimus. Denique opponuntur Auguſtino"
                    HPOS="627"
                    VPOS="1165"
                    WIDTH="1059"
                    HEIGHT="75"
                    WC="0.991724746983226"></String>
          </TextLine>

          
          
          <TextLine ID="eSc_line_5bfaa84a"
                    TAGREFS="LT4318"
                    BASELINE="627 1273 1689 1267" 
                    HPOS="626"
                    VPOS="1225"
                    WIDTH="1063"
                    HEIGHT="74">
            <Shape><Polygon POINTS="627 1273 627 1292 889 1299 890 1299 892 1299 920 1292 922 1292 926 1292 1094 1298 1096 1298 1158 1290 1164 1290 1185 1290 1420 1296 1421 1296 1423 1296 1444 1289 1447 1289 1689 1289 1689 1267 1685 1225 626 1229 627 1273"/></Shape>
	    <String CONTENT="ſcriptores, patréſque Eccleſiaſtici, &amp; ii quidem"
                    HPOS="626"
                    VPOS="1225"
                    WIDTH="1063"
                    HEIGHT="74"
                    WC="0.996217693601336"></String>
          </TextLine>

          
          
          <TextLine ID="eSc_line_727f57c9"
                    TAGREFS="LT4318"
                    BASELINE="632 1332 1686 1328" 
                    HPOS="630"
                    VPOS="1283"
                    WIDTH="1056"
                    HEIGHT="73">
            <Shape><Polygon POINTS="632 1356 762 1348 1099 1351 1314 1353 1316 1353 1685 1344 1686 1328 1683 1289 996 1283 994 1283 993 1283 991 1283 978 1290 673 1284 672 1284 630 1292 632 1332"/></Shape>
	    <String CONTENT="pij, &amp; Orthodoxi, quemadmodum Ambroſius in"
                    HPOS="630"
                    VPOS="1283"
                    WIDTH="1056"
                    HEIGHT="73"
                    WC="0.970263452756973"></String>
          </TextLine>

          
          
          <TextLine ID="eSc_line_f94a0d9e"
                    TAGREFS="LT4318"
                    BASELINE="629 1390 1688 1384" 
                    HPOS="627"
                    VPOS="1337"
                    WIDTH="1061"
                    HEIGHT="78">
            <Shape><Polygon POINTS="629 1390 629 1408 739 1415 740 1415 788 1409 800 1408 801 1409 810 1415 812 1415 813 1415 815 1415 816 1415 817 1415 826 1409 828 1408 829 1409 838 1415 840 1415 841 1415 843 1415 844 1415 865 1409 871 1408 926 1409 1048 1414 1049 1414 1075 1409 1097 1406 1125 1409 1155 1414 1157 1414 1203 1411 1252 1406 1473 1411 1499 1411 1500 1411 1502 1411 1531 1403 1561 1411 1563 1411 1564 1411 1566 1411 1567 1411 1579 1403 1685 1411 1688 1384 1685 1348 1638 1348 1622 1337 1621 1337 1619 1337 1618 1337 1537 1347 1503 1337 1502 1337 1423 1337 1421 1337 1369 1348 1284 1341 1283 1341 1189 1348 1160 1338 1158 1338 1157 1338 1155 1338 1119 1347 1076 1339 1075 1339 1073 1339 1042 1350 1015 1341 1014 1341 1012 1341 1011 1341 986 1350 896 1339 895 1339 893 1339 892 1339 892 1341 884 1347 819 1341 817 1341 816 1341 783 1353 697 1353 663 1341 661 1341 660 1341 658 1341 627 1351 629 1390"/></Shape>
	    <String CONTENT="lib. qui inſcribitur Abraham cap.9. vbi id tantùm"
                    HPOS="627"
                    VPOS="1337"
                    WIDTH="1061"
                    HEIGHT="78"
                    WC="0.987129944562912"></String>
          </TextLine>

          
          
          <TextLine ID="eSc_line_fe22b880"
                    TAGREFS="LT4318"
                    BASELINE="630 1450 1689 1444" 
                    HPOS="629"
                    VPOS="1397"
                    WIDTH="1060"
                    HEIGHT="76">
            <Shape><Polygon POINTS="630 1450 630 1469 1067 1473 1069 1473 1070 1473 1072 1473 1081 1466 1084 1464 1115 1466 1219 1470 1221 1470 1253 1464 1262 1463 1268 1464 1295 1472 1296 1472 1298 1472 1345 1463 1353 1463 1360 1463 1421 1472 1423 1472 1514 1461 1522 1461 1524 1461 1534 1470 1536 1470 1537 1470 1539 1470 1582 1463 1637 1470 1638 1470 1688 1460 1689 1444 1685 1402 1624 1406 1598 1402 1570 1397 1569 1397 1536 1403 1508 1408 1472 1403 1439 1400 1438 1400 1412 1405 1386 1409 1375 1405 1363 1400 1362 1400 1360 1400 1326 1406 1305 1409 1301 1406 1292 1399 1290 1399 1289 1399 1287 1399 1252 1406 1238 1409 1222 1406 1168 1399 1167 1399 1128 1408 1118 1411 1115 1408 1106 1402 1106 1400 1105 1400 1103 1400 1102 1400 1021 1408 994 1400 993 1400 991 1400 990 1400 965 1411 963 1411 962 1411 947 1400 945 1400 944 1400 895 1400 893 1400 892 1400 862 1412 859 1412 856 1412 825 1402 823 1402 822 1402 820 1402 819 1402 819 1403 809 1412 807 1412 801 1412 697 1405 696 1405 629 1414 630 1450"/></Shape>
	    <String CONTENT="mortuis à viuis præſtandum docet, vt eos ſepe¬"
                    HPOS="629"
                    VPOS="1397"
                    WIDTH="1060"
                    HEIGHT="76"
                    WC="0.974641164566608"></String>
          </TextLine>

          
          
          <TextLine ID="eSc_line_9cadbd4d"
                    TAGREFS="LT4318"
                    BASELINE="632 1506 1686 1502" 
                    HPOS="630"
                    VPOS="1458"
                    WIDTH="1056"
                    HEIGHT="75">
            <Shape><Polygon POINTS="632 1506 632 1530 825 1524 841 1530 847 1533 849 1533 850 1533 852 1533 859 1530 873 1525 898 1530 914 1533 916 1533 932 1530 957 1525 1042 1530 1051 1530 1052 1530 1054 1530 1055 1530 1064 1522 1142 1522 1163 1530 1167 1531 1168 1531 1170 1531 1171 1531 1176 1530 1198 1522 1235 1530 1247 1531 1249 1531 1259 1530 1295 1522 1381 1530 1393 1530 1395 1530 1396 1530 1398 1530 1414 1521 1442 1530 1445 1530 1447 1530 1448 1530 1450 1530 1451 1530 1469 1521 1479 1530 1481 1530 1482 1530 1484 1530 1485 1530 1487 1530 1502 1521 1527 1530 1530 1530 1531 1530 1533 1530 1534 1530 1537 1530 1570 1521 1589 1530 1591 1530 1592 1530 1594 1530 1685 1528 1686 1502 1682 1464 1603 1467 1589 1463 1574 1458 1573 1458 1572 1458 1522 1463 1482 1467 1421 1463 1350 1458 1348 1458 1347 1458 1345 1458 1340 1463 1329 1470 1283 1470 1224 1463 1189 1460 1188 1460 1186 1460 1176 1463 1154 1469 1106 1463 1081 1460 1079 1460 1078 1460 1070 1463 1057 1469 962 1463 935 1461 933 1461 923 1463 883 1469 864 1463 861 1461 859 1461 858 1461 844 1463 785 1470 774 1463 774 1461 773 1461 771 1461 770 1461 630 1461 632 1506"/></Shape>
	    <String CONTENT="liant: non vt pro iis orent, id quod etiam videtur"
                    HPOS="630"
                    VPOS="1458"
                    WIDTH="1056"
                    HEIGHT="75"
                    WC="0.978489416837692"></String>
          </TextLine>

          
          
          <TextLine ID="eSc_line_3d4043c2"
                    TAGREFS="LT4318"
                    BASELINE="633 1564 1695 1561" 
                    HPOS="632"
                    VPOS="1515"
                    WIDTH="1063"
                    HEIGHT="73">
            <Shape><Polygon POINTS="633 1564 633 1588 1695 1588 1695 1561 1692 1527 1585 1515 1583 1515 1540 1522 1512 1515 1511 1515 1509 1515 1508 1515 1506 1515 1491 1525 1464 1516 1463 1516 1461 1516 1418 1525 1403 1516 1402 1516 1400 1516 1399 1516 1353 1525 1340 1515 1338 1515 1337 1515 1335 1515 1262 1524 1198 1515 1197 1515 1195 1515 1176 1524 1121 1516 1119 1516 1118 1516 1096 1525 1072 1516 1070 1516 1069 1516 1067 1516 1032 1528 991 1528 974 1516 972 1516 971 1516 969 1516 968 1516 938 1527 859 1516 858 1516 810 1527 716 1516 715 1516 713 1516 712 1516 697 1528 632 1528 633 1564"/></Shape>
	    <String CONTENT="confirmari poſſe reſpõſo Chriſti quod eſt Matt."
                    HPOS="632"
                    VPOS="1515"
                    WIDTH="1063"
                    HEIGHT="73"
                    WC="0.989117335528135"></String>
          </TextLine>

          
          
          <TextLine ID="eSc_line_6cf8c14a"
                    TAGREFS="LT4318"
                    BASELINE="633 1624 1686 1619" 
                    HPOS="632"
                    VPOS="1577"
                    WIDTH="1054"
                    HEIGHT="70">
            <Shape><Polygon POINTS="633 1624 633 1640 928 1647 929 1647 997 1640 1018 1638 1051 1640 1140 1646 1142 1646 1685 1638 1686 1619 1685 1591 1655 1577 1653 1577 1652 1577 1569 1580 1567 1580 1548 1589 1524 1589 1347 1583 1345 1583 1344 1583 1342 1583 1337 1588 1331 1591 1319 1588 1289 1579 1287 1579 1286 1579 1246 1586 1224 1592 1012 1592 996 1585 986 1580 984 1580 896 1580 895 1580 893 1580 883 1583 850 1592 771 1582 751 1580 749 1580 748 1580 742 1582 707 1592 688 1582 687 1582 632 1582 633 1624"/></Shape>
	    <String CONTENT="8. verſ. 22. Obiicitur etiam Hieronymus, cuius"
                    HPOS="632"
                    VPOS="1577"
                    WIDTH="1054"
                    HEIGHT="70"></String>
          </TextLine>

          
          
          <TextLine ID="eSc_line_9d025318"
                    TAGREFS="LT4318"
                    BASELINE="629 1683 1688 1679" 
                    HPOS="627"
                    VPOS="1632"
                    WIDTH="1061"
                    HEIGHT="79">
            <Shape><Polygon POINTS="629 1683 629 1705 667 1699 687 1705 700 1710 701 1710 703 1710 725 1705 755 1699 807 1705 867 1711 868 1711 870 1711 881 1704 889 1701 913 1704 951 1710 953 1710 981 1704 1011 1698 1045 1704 1067 1707 1069 1707 1090 1704 1118 1698 1265 1698 1290 1702 1332 1710 1334 1710 1454 1708 1490 1701 1512 1696 1548 1701 1600 1707 1601 1707 1603 1707 1622 1701 1630 1698 1635 1699 1659 1708 1661 1708 1662 1708 1664 1708 1688 1699 1688 1679 1685 1641 1552 1632 1551 1632 1549 1632 1531 1641 1528 1643 1525 1641 1500 1632 1499 1632 1497 1632 1496 1632 1464 1641 1461 1643 1458 1641 1435 1632 1433 1632 1432 1632 1430 1632 1429 1632 1415 1643 1414 1644 1328 1644 1325 1643 1283 1634 1282 1634 1280 1634 1247 1643 1243 1644 1240 1643 1221 1634 1219 1634 1218 1634 1216 1634 1191 1644 1188 1646 1130 1646 1122 1644 1048 1634 1047 1634 1045 1634 1044 1634 1044 1635 1032 1644 1030 1644 914 1635 913 1635 911 1635 886 1646 884 1647 804 1647 803 1646 767 1635 765 1635 764 1635 762 1635 728 1646 706 1635 704 1635 651 1635 649 1635 648 1635 627 1644 629 1683"/></Shape>
	    <String CONTENT="hæc eſt apertiſsima ſententia. In præſenti ſeculo"
                    HPOS="627"
                    VPOS="1632"
                    WIDTH="1061"
                    HEIGHT="79"
                    WC="0.971341664693793"></String>
          </TextLine>

          
          
          <TextLine ID="eSc_line_ac99f844"
                    TAGREFS="LT4318"
                    BASELINE="626 1743 1688 1738" 
                    HPOS="624"
                    VPOS="1693"
                    WIDTH="1064"
                    HEIGHT="72">
            <Shape><Polygon POINTS="626 1743 626 1757 975 1765 977 1765 1067 1757 1070 1757 1076 1757 1320 1763 1322 1763 1323 1763 1325 1763 1334 1756 1335 1756 1688 1756 1688 1738 1683 1702 1583 1705 1577 1701 1570 1695 1570 1693 1569 1693 1567 1693 1542 1693 1540 1693 1539 1693 1522 1701 1514 1707 1328 1707 1308 1699 1298 1696 1296 1696 1295 1696 1276 1699 1255 1704 1244 1699 1234 1695 1232 1695 1168 1695 1167 1695 1165 1695 1164 1695 1158 1699 1145 1707 1082 1699 1079 1699 1078 1699 1076 1699 1075 1699 1064 1707 1054 1699 1052 1698 1051 1698 1049 1698 980 1695 978 1695 977 1695 965 1698 936 1707 899 1698 889 1696 887 1696 886 1696 881 1698 856 1708 789 1701 788 1701 721 1708 624 1698 626 1743"/></Shape>
	    <String CONTENT="ſiue orationibus ſiue conſilijs inuicem poſſe nos"
                    HPOS="624"
                    VPOS="1693"
                    WIDTH="1064"
                    HEIGHT="72"
                    WC="0.981991146292005"></String>
          </TextLine>

          
          
          <TextLine ID="eSc_line_10cc9f35"
                    TAGREFS="LT4318"
                    BASELINE="629 1799 1689 1795" 
                    HPOS="627"
                    VPOS="1751"
                    WIDTH="1062"
                    HEIGHT="75">
            <Shape><Polygon POINTS="629 1799 629 1818 864 1817 878 1818 966 1826 968 1826 969 1826 971 1826 981 1818 1100 1824 1102 1824 1146 1817 1152 1815 1157 1815 1180 1824 1182 1824 1183 1824 1228 1815 1229 1815 1231 1815 1238 1823 1240 1823 1241 1823 1334 1824 1335 1824 1506 1823 1508 1823 1533 1814 1545 1823 1546 1823 1548 1823 1549 1824 1637 1824 1637 1823 1688 1812 1689 1795 1688 1763 1656 1751 1655 1751 1653 1751 1652 1751 1631 1763 1603 1763 1533 1763 1533 1762 1506 1751 1505 1751 1503 1751 1427 1759 1415 1751 1414 1751 1412 1751 1337 1751 1335 1751 1334 1751 1310 1762 1304 1765 1246 1765 1241 1760 1234 1754 1232 1754 1231 1754 1229 1754 1228 1754 1206 1760 1194 1765 931 1765 923 1759 917 1754 916 1754 914 1754 800 1754 798 1754 797 1754 795 1754 789 1759 783 1763 777 1759 770 1754 768 1754 767 1754 765 1754 764 1754 751 1759 734 1763 627 1759 629 1799"/></Shape>
	    <String CONTENT="iuuari. Cùm autem ante tribunal Chriſti veneri¬"
                    HPOS="627"
                    VPOS="1751"
                    WIDTH="1062"
                    HEIGHT="75"
                    WC="0.981968303521474"></String>
          </TextLine>

          
          
          <TextLine ID="eSc_line_a885566e"
                    TAGREFS="LT4318"
                    BASELINE="630 1860 1689 1856" 
                    HPOS="629"
                    VPOS="1811"
                    WIDTH="1060"
                    HEIGHT="76">
            <Shape><Polygon POINTS="630 1860 630 1882 675 1876 715 1882 737 1885 739 1885 758 1882 797 1875 916 1881 951 1882 953 1882 954 1882 960 1881 984 1873 1018 1881 1030 1882 1032 1882 1058 1879 1122 1873 1133 1879 1142 1885 1143 1885 1145 1885 1146 1887 1335 1887 1335 1885 1374 1878 1384 1876 1426 1878 1588 1884 1589 1884 1591 1884 1616 1876 1627 1873 1686 1875 1689 1856 1685 1811 1500 1820 1482 1812 1476 1811 1475 1811 1473 1811 1453 1814 1406 1820 1393 1814 1384 1811 1383 1811 1381 1811 1362 1815 1332 1821 1302 1815 1284 1812 1283 1812 1183 1817 1097 1821 1075 1818 1027 1812 1026 1812 994 1820 980 1823 933 1821 807 1814 806 1814 629 1824 630 1860"/></Shape>
	    <String CONTENT="mus, nec Iob, nec Noe, nec Daniel, rogare poſſe"
                    HPOS="629"
                    VPOS="1811"
                    WIDTH="1060"
                    HEIGHT="76"
                    WC="0.987669712685524"></String>
          </TextLine>

          
          
          <TextLine ID="eSc_line_07a2a4a4"
                    TAGREFS="LT4318"
                    BASELINE="630 1917 1690 1914" 
                    HPOS="629"
                    VPOS="1870"
                    WIDTH="1061"
                    HEIGHT="76">
            <Shape><Polygon POINTS="630 1917 632 1946 654 1939 748 1945 752 1945 754 1945 755 1945 779 1936 816 1945 820 1945 822 1946 880 1946 880 1945 881 1945 883 1945 884 1943 898 1936 997 1942 1045 1945 1047 1945 1048 1945 1055 1942 1066 1936 1091 1940 1106 1943 1107 1943 1125 1940 1161 1934 1243 1939 1317 1943 1319 1943 1359 1937 1386 1934 1412 1937 1469 1943 1470 1943 1472 1943 1487 1936 1490 1934 1493 1936 1503 1943 1505 1943 1506 1943 1508 1945 1585 1945 1585 1943 1586 1943 1607 1934 1609 1934 1689 1934 1690 1914 1688 1879 1592 1870 1591 1870 1589 1870 1588 1870 1576 1879 1574 1881 1423 1881 1417 1879 1362 1870 1360 1870 1296 1879 1292 1879 1290 1879 1271 1870 1270 1870 1268 1870 1267 1870 1265 1870 1253 1879 1252 1881 1151 1881 1143 1879 1113 1872 1112 1872 1110 1872 1109 1872 1084 1879 1067 1872 1066 1872 1064 1872 1063 1872 1032 1879 1026 1881 1018 1879 978 1872 977 1872 975 1872 974 1872 963 1879 960 1881 939 1879 837 1873 835 1873 771 1881 761 1881 759 1881 745 1873 743 1873 742 1873 676 1881 667 1881 666 1881 654 1872 652 1872 651 1872 649 1872 648 1872 629 1879 630 1917"/></Shape>
	    <String CONTENT="pro quoquam. Quam ſententiam Papiſtæ ipſi in"
                    HPOS="629"
                    VPOS="1870"
                    WIDTH="1061"
                    HEIGHT="76"
                    WC="0.992274345322089"></String>
          </TextLine>

          
          
          <TextLine ID="eSc_line_c0ab3627"
                    TAGREFS="LT4318"
                    BASELINE="630 1975 1692 1975" 
                    HPOS="630"
                    VPOS="1933"
                    WIDTH="1062"
                    HEIGHT="70">
            <Shape><Polygon POINTS="630 1975 630 1995 939 2000 941 2000 1020 1994 1054 1992 1069 1994 1116 2001 1118 2001 1119 2001 1148 1994 1155 1992 1189 1994 1340 2001 1341 2001 1395 1992 1399 1992 1403 1992 1442 2001 1444 2001 1508 1992 1509 1992 1511 1992 1521 2001 1522 2001 1524 2001 1525 2003 1583 2003 1583 2001 1585 2001 1621 1992 1655 2001 1656 2001 1658 2001 1659 2001 1692 1991 1692 1975 1692 1943 1630 1933 1628 1933 1554 1942 1549 1942 1545 1942 1494 1933 1493 1933 1448 1942 1444 1942 1439 1942 1412 1933 1411 1933 1409 1933 1408 1933 1386 1940 1381 1942 1374 1940 1329 1933 1328 1933 1284 1940 1273 1942 1256 1940 1195 1933 1194 1933 1192 1933 1191 1933 1182 1940 1179 1942 1161 1940 1112 1933 1015 1933 1014 1933 1012 1933 994 1939 986 1942 980 1939 968 1933 966 1933 965 1933 935 1939 916 1942 630 1937 630 1975"/></Shape>
	    <String CONTENT="ſuos canones retulerũt cano. in præſenti 13 diſt.2."
                    HPOS="630"
                    VPOS="1933"
                    WIDTH="1062"
                    HEIGHT="70"
                    WC="0.996489578714738"></String>
          </TextLine>

          
          
          <TextLine ID="eSc_line_f0dabf12"
                    TAGREFS="LT4318"
                    BASELINE="682 2034 1692 2034" 
                    HPOS="682"
                    VPOS="1988"
                    WIDTH="1010"
                    HEIGHT="74">
            <Shape><Polygon POINTS="682 2034 682 2050 773 2061 774 2061 826 2052 880 2052 892 2061 893 2061 895 2061 896 2062 1009 2062 1009 2061 1011 2061 1033 2052 1157 2052 1176 2061 1177 2061 1179 2061 1180 2061 1204 2052 1247 2061 1249 2061 1362 2052 1409 2061 1411 2062 1627 2062 1627 2061 1692 2050 1692 2034 1692 2000 1662 2000 1662 1998 1647 1988 1646 1988 1644 1988 1643 1988 1582 1998 1580 2000 1537 2000 1536 1998 1519 1988 1518 1988 1516 1988 1418 1988 1417 1988 1415 1988 1414 1988 1402 1998 1381 1988 1380 1988 1378 1988 1377 1988 1351 1998 1351 2000 1213 2000 1213 1998 1201 1989 1201 1988 1200 1988 1198 1988 1197 1988 1195 1988 1160 1998 1158 2000 1072 2000 1070 1998 1060 1989 1060 1988 1058 1988 1057 1988 1055 1988 1054 1988 1023 1998 1006 1988 1005 1988 1003 1988 1002 1988 810 1998 794 1998 792 1998 782 1989 782 1988 780 1988 779 1988 691 1988 690 1988 688 1988 687 1988 687 1989 682 1994 682 2034"/></Shape>
	    <String CONTENT="Origo autem huius mali ex paruis initiis cepit."
                    HPOS="682"
                    VPOS="1988"
                    WIDTH="1010"
                    HEIGHT="74"
                    WC="0.990860313811201"></String>
          </TextLine>

          
          
          <TextLine ID="eSc_line_6785c8bc"
                    TAGREFS="LT4318"
                    BASELINE="629 2094 1692 2091" 
                    HPOS="627"
                    VPOS="2047"
                    WIDTH="1065"
                    HEIGHT="76">
            <Shape><Polygon POINTS="629 2094 629 2111 669 2122 670 2122 672 2122 710 2111 715 2111 837 2111 838 2111 859 2122 861 2122 862 2122 919 2111 922 2111 957 2111 971 2122 972 2122 974 2122 975 2123 1160 2123 1160 2122 1289 2120 1340 2110 1342 2110 1345 2110 1392 2120 1393 2120 1580 2111 1638 2120 1640 2120 1690 2108 1692 2091 1690 2058 1665 2047 1664 2047 1662 2047 1661 2047 1637 2056 1442 2047 1441 2047 1439 2047 1438 2047 1427 2055 1426 2058 1259 2058 1250 2055 1225 2047 1224 2047 1222 2047 1183 2053 1157 2058 1112 2053 1069 2049 1067 2049 1002 2052 908 2058 627 2050 629 2094"/></Shape>
	    <String CONTENT="Primùm ex eo quod cepit piorum, qui pro nomi¬"
                    HPOS="627"
                    VPOS="2047"
                    WIDTH="1065"
                    HEIGHT="76"
                    WC="0.994941352502159"></String>
          </TextLine>

          
          
          <TextLine ID="eSc_line_3db74e07"
                    TAGREFS="LT4318"
                    BASELINE="627 2150 1693 2153" 
                    HPOS="626"
                    VPOS="2104"
                    WIDTH="1067"
                    HEIGHT="89">
            <Shape><Polygon POINTS="627 2150 626 2177 663 2192 664 2192 666 2192 718 2184 791 2192 792 2192 794 2192 795 2192 816 2178 852 2178 880 2192 881 2192 883 2192 939 2183 996 2190 997 2190 999 2190 1027 2180 1041 2190 1042 2190 1044 2190 1161 2193 1163 2193 1240 2190 1241 2190 1243 2190 1262 2178 1298 2193 1299 2193 1301 2193 1302 2193 1345 2178 1692 2178 1693 2153 1692 2113 1650 2105 1649 2105 1647 2105 1634 2113 1625 2117 1615 2113 1598 2105 1597 2105 1522 2105 1521 2105 1519 2105 1502 2113 1497 2114 1485 2113 1442 2105 1441 2105 1439 2105 1424 2113 1415 2119 1366 2119 1356 2113 1338 2105 1337 2105 1335 2105 1334 2105 1319 2113 1310 2119 1173 2119 1164 2114 1149 2107 1148 2107 1146 2107 1106 2114 1093 2116 1079 2114 1039 2107 1038 2107 981 2114 966 2116 963 2114 951 2104 950 2104 948 2104 947 2104 873 2113 849 2104 847 2104 718 2104 716 2104 715 2104 694 2114 691 2116 627 2116 627 2150"/></Shape>
	    <String CONTENT="ne Chriſti paſsi erant, &amp; mortui, in Eccleſia &amp;"
                    HPOS="626"
                    VPOS="2104"
                    WIDTH="1067"
                    HEIGHT="89"
                    WC="0.988660189699619"></String>
          </TextLine>

          
        </TextBlock>
        
        <TextBlock HPOS="1457.6142578125"
                   VPOS="2176.4541015625"
                   WIDTH="233.517578125"
                   HEIGHT="59.248291015625"
                   ID="block_1"
                   TAGREFS="BT10978">
          <Shape><Polygon POINTS="1457.61 2176.45 1691.13 2176.45 1691.13 2235.7 1457.61 2235.7 1457.61 2176.45"/></Shape>
          
          
          <TextLine ID="eSc_line_44c48ddd"
                    TAGREFS="LT4318"
                    BASELINE="1469 2212 1690 2210" 
                    HPOS="1467"
                    VPOS="2166"
                    WIDTH="223"
                    HEIGHT="79">
            <Shape><Polygon POINTS="1469 2212 1469 2235 1503 2235 1509 2238 1522 2245 1524 2245 1525 2245 1561 2238 1567 2238 1574 2238 1612 2244 1613 2244 1615 2244 1625 2239 1638 2233 1689 2239 1690 2210 1686 2166 1467 2171 1469 2212"/></Shape>
	    <String CONTENT="imprimis"
                    HPOS="1467"
                    VPOS="2166"
                    WIDTH="223"
                    HEIGHT="79"
                    WC="0.97350412607193"></String>
          </TextLine>

          
        </TextBlock>
        

        
      </PrintSpace>
    </Page>
  </Layout>
</alto>
