<?xml version="1.0" encoding="UTF-8"?>
<alto xmlns:xsi="http://www.w3.org/2001/XMLSchema-instance"
      xmlns="http://www.loc.gov/standards/alto/ns-v4#"
      xsi:schemaLocation="http://www.loc.gov/standards/alto/ns-v4# http://www.loc.gov/standards/alto/v4/alto-4-2.xsd">
  <Description>
    <MeasurementUnit>pixel</MeasurementUnit>
    <sourceImageInformation>
      <fileName>2012966.png</fileName>
      
    </sourceImageInformation>
  </Description>
  
  <Tags>
    <OtherTag ID="BT10983" LABEL="GraphicZone" DESCRIPTION="block type GraphicZone"/><OtherTag ID="BT10982" LABEL="DropCapitalZone" DESCRIPTION="block type DropCapitalZone"/><OtherTag ID="BT10981" LABEL="RunningTitleZone" DESCRIPTION="block type RunningTitleZone"/><OtherTag ID="BT10980" LABEL="NumberingZone" DESCRIPTION="block type NumberingZone"/><OtherTag ID="BT10979" LABEL="TitlePageZone" DESCRIPTION="block type TitlePageZone"/><OtherTag ID="BT10978" LABEL="QuireMarksZone" DESCRIPTION="block type QuireMarksZone"/><OtherTag ID="BT10977" LABEL="MainZone" DESCRIPTION="block type MainZone"/><OtherTag ID="BT10976" LABEL="MarginTextZone" DESCRIPTION="block type MarginTextZone"/>
    <OtherTag ID="LT4321" LABEL="default" DESCRIPTION="line type default"/><OtherTag ID="LT4319" LABEL="HeadingLine" DESCRIPTION="line type HeadingLine"/><OtherTag ID="LT4318" LABEL="DefaultLine" DESCRIPTION="line type DefaultLine"/><OtherTag ID="LT4320" LABEL="CustomLine : BiblicalText" DESCRIPTION="line type CustomLine : BiblicalText"/>
  </Tags>
  
  <Layout>
    <Page WIDTH="1807"
          HEIGHT="2677"
          PHYSICAL_IMG_NR="13"
          ID="eSc_dummypage_">
      <PrintSpace HPOS="0"
                  VPOS="0"
                  WIDTH="1807"
                  HEIGHT="2677">
        
        <TextBlock HPOS="626"
                   VPOS="218"
                   WIDTH="96"
                   HEIGHT="60"
                   ID="eSc_textblock_2481aa8d"
                   TAGREFS="BT10980">
          <Shape><Polygon POINTS="626 218 626 278 722 278 722 218"/></Shape>
          
          
          <TextLine ID="eSc_line_7db53ad3"
                    TAGREFS="LT4318"
                    BASELINE="638 263 709 255" 
                    HPOS="632"
                    VPOS="206"
                    WIDTH="77"
                    HEIGHT="76">
            <Shape><Polygon POINTS="638 263 639 282 709 264 709 255 703 214 632 206"/></Shape>
	    <String CONTENT="54"
                    HPOS="632"
                    VPOS="206"
                    WIDTH="77"
                    HEIGHT="76"
                    WC="0.999648094177246"></String>
          </TextLine>

          
        </TextBlock>
        
        <TextBlock HPOS="824"
                   VPOS="185"
                   WIDTH="688"
                   HEIGHT="70"
                   ID="block_1"
                   TAGREFS="BT10981">
          <Shape><Polygon POINTS="1512 185 1512 255 824 255 824 185"/></Shape>
          
          
          <TextLine ID="eSc_line_8a614d26"
                    TAGREFS="LT4319"
                    BASELINE="831 248 1500 221" 
                    HPOS="828"
                    VPOS="175"
                    WIDTH="672"
                    HEIGHT="89">
            <Shape><Polygon POINTS="1487 185 1453 181 1438 179 1423 179 1408 178 1393 178 1378 176 1363 175 1360 175 1345 190 1342 191 1329 190 1270 181 1268 181 1267 181 1246 191 1234 197 1161 199 1145 193 1128 187 1127 187 1125 187 1124 187 1100 194 1084 199 1079 194 1070 187 1070 185 1069 185 1067 185 1066 185 1039 187 1038 187 1036 187 1024 196 1012 203 1002 196 991 188 990 188 989 188 987 188 986 188 969 197 957 203 933 197 916 193 914 193 913 193 828 199 831 248 831 264 920 264 922 264 926 263 957 254 980 261 981 261 983 261 984 261 1018 249 1052 257 1054 257 1055 257 1057 257 1067 248 1093 258 1096 258 1097 258 1099 258 1100 258 1103 257 1116 251 1170 255 1180 255 1182 255 1183 255 1188 254 1240 240 1261 252 1262 252 1264 252 1265 252 1302 251 1304 251 1305 251 1325 236 1350 236 1377 248 1378 248 1380 248 1381 248 1412 237 1499 243 1500 221 1497 191"/></Shape>
	    <String CONTENT="AD I. PAVL. AD TIM."
                    HPOS="828"
                    VPOS="175"
                    WIDTH="672"
                    HEIGHT="89"
                    WC="0.998494716067063"></String>
          </TextLine>

          
        </TextBlock>
        
        <TextBlock HPOS="619"
                   VPOS="250"
                   WIDTH="1092"
                   HEIGHT="1962"
                   ID="block_0"
                   TAGREFS="BT10977">
          <Shape><Polygon POINTS="1711 250 1711 2179 1205 2194 622 2212 619 290"/></Shape>
          
          
          <TextLine ID="eSc_line_3e042549"
                    TAGREFS="LT4318"
                    BASELINE="632 327 1469 292 1677 290" 
                    HPOS="629"
                    VPOS="239"
                    WIDTH="1048"
                    HEIGHT="111">
            <Shape><Polygon POINTS="1670 248 1662 243 1500 239 1499 239 1497 239 1496 239 1496 240 1484 251 1427 245 1426 245 1424 245 1402 255 1399 255 1298 257 1273 248 1271 248 1270 248 1268 248 1228 258 1122 254 1121 254 1119 254 1093 266 1020 258 1018 258 1017 258 1015 258 999 270 997 272 966 272 960 272 898 263 896 263 895 263 855 276 852 276 843 276 740 269 739 269 629 284 632 327 632 350 666 350 667 350 669 350 669 349 678 340 701 349 703 349 704 349 706 349 755 337 846 343 856 343 858 343 865 342 905 333 928 339 932 340 933 340 935 340 936 340 941 339 972 327 1033 334 1047 336 1048 336 1063 333 1124 321 1179 328 1197 330 1198 330 1200 330 1209 327 1237 316 1338 321 1387 322 1389 322 1420 316 1470 306 1677 304 1677 290 1673 254 1670 248"/></Shape>
	    <String CONTENT="putet contempto ſpretóque Euangelio ſalutem"
                    HPOS="629"
                    VPOS="239"
                    WIDTH="1048"
                    HEIGHT="111"
                    WC="0.985639154911041"></String>
          </TextLine>

          
          
          <TextLine ID="eSc_line_5fdcd685"
                    TAGREFS="LT4318"
                    BASELINE="630 386 1679 348" 
                    HPOS="627"
                    VPOS="298"
                    WIDTH="1052"
                    HEIGHT="105">
            <Shape><Polygon POINTS="630 403 1073 394 1075 394 1091 386 1099 382 1155 380 1168 383 1192 388 1194 388 1243 380 1353 383 1354 383 1356 383 1386 374 1389 373 1390 373 1405 380 1406 380 1408 380 1409 380 1411 380 1423 371 1426 370 1502 368 1505 368 1528 376 1530 376 1531 376 1603 367 1627 373 1628 373 1630 373 1679 361 1679 348 1674 300 1644 298 1643 298 1641 298 1640 298 1640 300 1638 301 1628 310 1576 304 1554 301 1552 301 1522 306 1494 310 1456 309 1405 307 1403 307 1380 312 1344 321 1289 316 1241 313 1240 313 1206 321 1177 327 1167 322 1152 316 1151 316 1149 316 1119 318 1118 318 1116 318 1116 319 1109 325 1103 330 1073 327 1033 322 1032 322 1030 322 1002 330 986 334 974 331 950 324 948 324 947 324 945 324 944 324 932 333 928 336 919 334 898 328 896 328 895 328 819 339 812 339 809 339 785 331 783 331 782 331 780 331 779 331 779 333 768 340 767 342 761 340 721 334 719 334 718 334 716 334 701 343 699 346 627 346 630 386"/></Shape>
	    <String CONTENT="æternam conſequi poſſe, ad quam ſola fides eſt"
                    HPOS="627"
                    VPOS="298"
                    WIDTH="1052"
                    HEIGHT="105"
                    WC="0.973655257536017"></String>
          </TextLine>

          
          
          <TextLine ID="eSc_line_ecf162ee"
                    TAGREFS="LT4318"
                    BASELINE="633 443 1677 407" 
                    HPOS="630"
                    VPOS="358"
                    WIDTH="1047"
                    HEIGHT="104">
            <Shape><Polygon POINTS="633 443 633 461 691 462 693 462 694 462 704 458 724 452 786 455 841 458 843 458 844 458 858 452 870 446 938 444 974 447 1021 452 1023 452 1081 443 1112 438 1139 440 1197 446 1198 446 1200 446 1237 437 1247 434 1256 435 1277 441 1279 441 1280 441 1415 429 1433 428 1448 428 1631 431 1632 431 1634 431 1677 417 1677 407 1671 358 1634 365 1600 361 1588 359 1586 359 1585 359 1583 359 1582 361 1569 370 1558 362 1557 362 1555 362 1554 362 1533 364 1412 373 1396 370 1381 367 1380 367 1378 367 1377 367 1377 368 1374 370 1365 379 1323 373 1299 370 1298 370 1296 370 1295 370 1290 374 1279 382 1210 377 1152 374 1151 374 1149 374 1148 374 1148 376 1142 380 1134 388 1107 388 1096 383 1084 377 1082 377 1081 377 1079 377 1078 377 1067 383 1061 388 1041 385 1021 383 1020 383 1000 386 975 392 941 389 883 385 881 385 880 385 878 385 868 392 864 397 803 398 795 397 771 388 770 388 768 388 767 388 725 400 716 401 710 400 679 391 678 391 676 391 675 391 673 391 658 403 657 404 630 404 633 443"/></Shape>
	    <String CONTENT="via. Id quod tamen hodie multi factitant, quà"
                    HPOS="630"
                    VPOS="358"
                    WIDTH="1047"
                    HEIGHT="104"></String>
          </TextLine>

          
          
          <TextLine ID="eSc_line_cf8d4785"
                    TAGREFS="LT4318"
                    BASELINE="635 502 1677 466" 
                    HPOS="632"
                    VPOS="423"
                    WIDTH="1045"
                    HEIGHT="100">
            <Shape><Polygon POINTS="635 523 755 523 755 522 782 516 817 508 826 514 828 516 829 516 831 516 832 516 877 511 936 507 960 508 1011 513 1012 513 1014 513 1015 513 1023 505 1030 501 1143 501 1371 501 1372 501 1487 486 1502 484 1506 484 1537 492 1539 492 1540 492 1542 492 1552 483 1582 493 1583 493 1585 493 1677 477 1677 466 1673 434 1586 435 1572 423 1570 423 1569 423 1545 423 1543 423 1516 425 1515 425 1514 425 1497 438 1469 432 1467 432 1390 441 1328 431 1326 431 1325 431 1280 446 1279 447 1201 449 1171 449 1146 440 1145 440 1143 440 1142 440 1122 449 1030 444 1029 444 1027 444 1026 444 1011 453 1000 447 999 447 997 447 938 458 933 458 931 458 893 446 892 446 890 446 770 462 761 464 758 464 722 452 721 452 719 452 632 466 635 502"/></Shape>
	    <String CONTENT="quẽque in ſua, quam vocant, religione ſaluum"
                    HPOS="632"
                    VPOS="423"
                    WIDTH="1045"
                    HEIGHT="100"
                    WC="0.99102260933982"></String>
          </TextLine>

          
          
          <TextLine ID="eSc_line_7fcd9b38"
                    TAGREFS="LT4318"
                    BASELINE="635 559 1679 526" 
                    HPOS="633"
                    VPOS="478"
                    WIDTH="1046"
                    HEIGHT="100">
            <Shape><Polygon POINTS="635 559 635 578 780 566 856 574 870 574 871 574 1009 569 1011 569 1014 568 1033 559 1054 566 1058 568 1060 568 1061 568 1197 563 1198 563 1200 563 1201 562 1215 554 1235 560 1240 562 1241 562 1243 562 1256 560 1311 548 1679 545 1679 526 1676 489 1628 478 1627 478 1625 478 1582 492 1577 492 1570 492 1496 483 1494 483 1493 483 1464 495 1463 496 1399 496 1322 498 1298 489 1296 489 1295 489 1293 489 1244 502 1241 502 1229 492 1228 492 1226 492 1225 492 1177 501 1154 493 1152 493 1151 493 1149 493 1115 505 1058 496 1057 496 1055 496 1011 510 1006 510 1003 510 966 499 965 499 963 499 962 499 917 513 913 513 905 513 832 504 831 504 829 504 828 504 813 516 812 516 806 516 728 507 727 507 725 507 691 519 691 520 633 520 635 559"/></Shape>
	    <String CONTENT="fieri ſentiunt. Quæ fuit Rethorianorum hæreſis,"
                    HPOS="633"
                    VPOS="478"
                    WIDTH="1046"
                    HEIGHT="100"
                    WC="0.993365045557631"></String>
          </TextLine>

          
          
          <TextLine ID="eSc_line_25099bba"
                    TAGREFS="LT4318"
                    BASELINE="635 618 1677 582" 
                    HPOS="632"
                    VPOS="541"
                    WIDTH="1045"
                    HEIGHT="97">
            <Shape><Polygon POINTS="635 618 635 638 810 627 881 630 931 632 932 632 956 627 984 621 1064 623 1154 624 1155 624 1157 624 1182 618 1200 614 1247 615 1328 618 1329 618 1331 618 1332 618 1332 617 1338 612 1340 611 1341 611 1357 617 1359 617 1360 617 1433 608 1461 605 1499 605 1610 608 1612 608 1677 597 1677 582 1673 547 1539 550 1496 541 1494 541 1415 554 1408 556 1403 556 1368 545 1366 545 1365 545 1267 559 1237 550 1235 550 1234 550 1232 550 1194 563 1189 563 1174 563 1018 557 1017 557 1015 557 977 568 938 560 936 560 935 560 933 560 919 572 917 574 877 574 875 574 856 563 855 563 853 563 791 577 786 577 776 577 675 574 673 574 632 581 635 618"/></Shape>
	    <String CONTENT="nunc autem eſt Turcarum impiiſſima ſententia."
                    HPOS="632"
                    VPOS="541"
                    WIDTH="1045"
                    HEIGHT="97"
                    WC="0.980387375089857"></String>
          </TextLine>

          
          
          <TextLine ID="eSc_line_253d8536"
                    TAGREFS="LT4318"
                    BASELINE="697 670 1677 642" 
                    HPOS="694"
                    VPOS="597"
                    WIDTH="983"
                    HEIGHT="90">
            <Shape><Polygon POINTS="697 670 697 687 1676 658 1677 642 1673 609 1621 609 1618 609 1573 597 1572 597 1570 597 1387 612 1313 618 1293 614 1264 606 1262 606 1261 606 1259 606 1258 606 1247 614 1240 621 1209 623 1047 626 1030 617 1026 614 1024 614 1023 614 1021 614 1020 614 1018 614 1018 615 1015 618 1011 621 990 618 969 615 968 615 966 615 965 615 960 618 950 626 939 618 938 618 936 618 935 618 929 618 886 627 694 623 697 670"/></Shape>
	    <String CONTENT="Variè verò de horum verborum. Vult Deus"
                    HPOS="694"
                    VPOS="597"
                    WIDTH="983"
                    HEIGHT="90"
                    WC="0.984806204714426"></String>
          </TextLine>

          
          
          <TextLine ID="eSc_line_7c40d171"
                    TAGREFS="LT4318"
                    BASELINE="639 734 1682 700" 
                    HPOS="636"
                    VPOS="654"
                    WIDTH="1046"
                    HEIGHT="105">
            <Shape><Polygon POINTS="639 734 639 748 666 759 667 759 669 759 728 749 773 756 774 756 806 755 807 755 809 755 823 742 875 742 907 752 908 752 910 752 1009 737 1090 746 1091 746 1149 737 1256 740 1258 740 1259 740 1261 740 1276 728 1299 727 1320 727 1322 727 1337 734 1338 734 1340 734 1396 725 1429 734 1430 734 1432 734 1433 734 1479 722 1496 733 1497 733 1499 733 1500 733 1502 733 1503 733 1522 721 1524 719 1682 715 1682 700 1676 654 1586 666 1475 660 1453 660 1451 660 1435 661 1357 675 1295 675 1276 667 1271 666 1270 666 1268 666 1246 669 1173 679 1113 673 1094 672 1093 672 1091 672 1090 672 1087 675 1078 682 1054 675 1045 673 1044 673 1042 673 931 678 929 678 920 681 893 688 843 684 817 681 816 681 815 681 800 685 770 693 636 691 639 734"/></Shape>
	    <String CONTENT="omnes ſaluos fieri ſenſu quæſitum eſt, quemad¬"
                    HPOS="636"
                    VPOS="654"
                    WIDTH="1046"
                    HEIGHT="105"
                    WC="0.986443309680275"></String>
          </TextLine>

          
          
          <TextLine ID="eSc_line_d8899170"
                    TAGREFS="LT4318"
                    BASELINE="638 795 1679 762" 
                    HPOS="636"
                    VPOS="718"
                    WIDTH="1043"
                    HEIGHT="98">
            <Shape><Polygon POINTS="638 795 638 816 755 814 757 814 762 813 798 803 852 809 864 810 865 810 867 810 868 810 868 809 870 809 878 800 936 806 966 809 968 809 996 803 1024 798 1069 800 1093 801 1094 801 1096 801 1100 800 1113 792 1134 798 1154 803 1155 803 1157 803 1225 800 1226 800 1241 794 1255 788 1371 788 1525 788 1527 788 1572 779 1583 777 1591 779 1630 788 1631 788 1632 788 1679 774 1679 762 1674 718 1612 725 1573 721 1543 718 1542 718 1540 718 1539 718 1539 719 1534 722 1525 731 1485 731 1478 724 1473 721 1472 721 1470 721 1469 721 1354 724 1353 724 1340 730 1331 733 1322 730 1304 725 1302 725 1301 725 1299 725 1298 725 1290 731 1280 739 1238 739 1229 734 1224 730 1222 730 1221 730 1219 730 1218 730 1203 734 1185 742 1103 743 1066 740 1009 734 1008 734 1006 734 987 743 980 746 974 743 965 737 963 737 962 737 960 737 834 749 771 754 759 751 725 743 724 743 722 743 704 754 699 756 636 756 638 795"/></Shape>
	    <String CONTENT="modum ex Auguſtino apparet in Enchirid. cap."
                    HPOS="636"
                    VPOS="718"
                    WIDTH="1043"
                    HEIGHT="98"
                    WC="0.999130710959435"></String>
          </TextLine>

          
          
          <TextLine ID="eSc_line_cd0e69c4"
                    TAGREFS="LT4318"
                    BASELINE="638 852 1683 820" 
                    HPOS="636"
                    VPOS="774"
                    WIDTH="1047"
                    HEIGHT="98">
            <Shape><Polygon POINTS="638 852 638 872 846 859 1020 862 1021 862 1023 862 1024 862 1038 853 1183 858 1185 858 1241 846 1560 844 1561 844 1585 837 1609 843 1610 843 1612 843 1613 843 1635 835 1680 843 1683 820 1682 785 1649 774 1647 774 1646 774 1644 774 1622 783 1576 776 1574 776 1573 776 1558 783 1527 779 1525 779 1524 779 1522 779 1506 789 1479 779 1478 779 1476 779 1400 782 1399 782 1368 792 1363 794 1353 794 1277 785 1276 785 1274 785 1234 797 1225 798 1198 797 1078 791 1076 791 1075 791 1038 801 1026 806 875 809 865 806 837 798 835 798 834 798 832 798 813 807 791 800 789 800 788 800 786 800 785 800 785 801 776 809 773 812 764 809 740 801 739 801 737 801 736 801 734 801 734 803 725 810 722 813 636 813 638 852"/></Shape>
	    <String CONTENT="1o3. Primùm enim videntur Libertiniſtarum, &amp;"
                    HPOS="636"
                    VPOS="774"
                    WIDTH="1047"
                    HEIGHT="98"
                    WC="0.973056311739816"></String>
          </TextLine>

          
          
          <TextLine ID="eSc_line_2eac4861"
                    TAGREFS="LT4318"
                    BASELINE="638 910 1685 878" 
                    HPOS="635"
                    VPOS="838"
                    WIDTH="1050"
                    HEIGHT="95">
            <Shape><Polygon POINTS="638 910 638 926 675 933 676 933 678 933 679 933 693 926 694 925 699 925 736 932 737 932 786 923 797 922 804 923 835 929 837 929 875 922 887 919 895 920 914 926 916 926 917 926 957 919 971 917 981 919 1015 923 1017 923 1018 923 1032 917 1039 914 1070 916 1122 920 1124 920 1125 920 1139 914 1148 911 1161 914 1183 919 1185 919 1238 913 1284 907 1304 911 1314 913 1316 913 1317 913 1326 910 1344 904 1685 901 1685 878 1682 841 1493 838 1491 838 1490 838 1473 844 1458 850 1444 846 1438 844 1436 844 1435 844 1433 844 1432 844 1430 846 1420 853 1323 855 1276 849 1244 846 1243 846 1241 846 1240 846 1235 850 1224 859 1146 859 1133 852 1131 852 1130 852 1128 852 1127 852 1124 852 1105 861 931 859 929 859 878 868 837 859 831 858 829 858 816 859 725 872 635 864 638 910"/></Shape>
	    <String CONTENT="Origeniſtarum errorem confirmare, qui negant"
                    HPOS="635"
                    VPOS="838"
                    WIDTH="1050"
                    HEIGHT="95"
                    WC="0.986547528342767"></String>
          </TextLine>

          
          
          <TextLine ID="eSc_line_6effbcdf"
                    TAGREFS="LT4318"
                    BASELINE="641 969 1683 935" 
                    HPOS="638"
                    VPOS="895"
                    WIDTH="1045"
                    HEIGHT="95">
            <Shape><Polygon POINTS="641 969 641 983 684 990 685 990 776 987 777 987 779 987 788 980 819 986 820 986 868 977 892 983 893 983 895 983 1164 966 1185 966 1188 966 1228 972 1229 972 1273 963 1277 963 1280 963 1316 969 1317 969 1362 960 1368 960 1377 960 1454 965 1456 965 1682 950 1683 935 1679 899 1558 904 1543 902 1500 895 1499 895 1454 904 1433 908 1417 905 1390 899 1389 899 1387 899 1372 907 1360 913 1314 913 1295 908 1276 902 1274 902 1273 902 1271 902 1270 902 1270 904 1264 908 1256 916 1226 916 1188 911 1160 907 1158 907 1116 913 1090 916 1072 913 1049 910 1048 910 1047 910 1045 910 1039 914 1026 923 935 925 899 917 887 916 886 916 884 916 875 919 840 928 795 920 783 919 782 919 780 919 774 920 746 931 716 922 713 922 712 922 710 922 638 923 641 969"/></Shape>
	    <String CONTENT="vllum hominem eſſe à Deo damnandum, &amp; æ¬"
                    HPOS="638"
                    VPOS="895"
                    WIDTH="1045"
                    HEIGHT="95"
                    WC="0.978982120025449"></String>
          </TextLine>

          
          
          <TextLine ID="eSc_line_0ea0599d"
                    TAGREFS="LT4318"
                    BASELINE="643 1030 1683 993" 
                    HPOS="641"
                    VPOS="950"
                    WIDTH="1042"
                    HEIGHT="102">
            <Shape><Polygon POINTS="643 1030 643 1044 707 1052 709 1052 710 1052 730 1042 765 1051 767 1051 768 1051 881 1045 883 1045 884 1045 895 1036 911 1045 913 1045 914 1045 1018 1041 1020 1041 1061 1030 1142 1038 1143 1038 1177 1035 1179 1035 1180 1035 1180 1033 1191 1024 1229 1030 1231 1030 1279 1023 1289 1030 1290 1030 1292 1030 1293 1030 1390 1017 1393 1017 1395 1017 1472 1026 1473 1026 1475 1026 1521 1012 1554 1023 1555 1023 1557 1023 1683 1005 1683 993 1680 959 1557 950 1555 950 1472 965 1448 954 1447 954 1445 954 1387 968 1342 959 1341 959 1264 972 1240 962 1238 962 1237 962 1200 963 1198 963 1197 963 1179 975 1099 966 1097 966 1096 966 1094 966 1076 978 1064 969 1063 969 1061 969 1015 969 1014 969 803 989 697 981 696 981 694 981 641 994 643 1030"/></Shape>
	    <String CONTENT="terna morte puniendum. Deinde etiam fauere"
                    HPOS="641"
                    VPOS="950"
                    WIDTH="1042"
                    HEIGHT="102"
                    WC="0.996480457839512"></String>
          </TextLine>

          
          
          <TextLine ID="eSc_line_4cce611f"
                    TAGREFS="LT4318"
                    BASELINE="643 1088 1689 1054" 
                    HPOS="642"
                    VPOS="1008"
                    WIDTH="1047"
                    HEIGHT="102">
            <Shape><Polygon POINTS="643 1088 643 1103 679 1110 681 1110 759 1100 801 1096 820 1099 847 1105 849 1105 910 1097 925 1096 939 1096 1005 1100 1006 1100 1008 1100 1029 1094 1052 1087 1078 1093 1088 1094 1090 1094 1091 1094 1093 1094 1094 1093 1105 1085 1158 1090 1186 1093 1188 1093 1189 1093 1197 1090 1210 1084 1222 1088 1231 1093 1232 1093 1234 1093 1235 1093 1247 1088 1265 1079 1415 1075 1450 1082 1454 1084 1456 1084 1457 1084 1458 1084 1460 1084 1460 1082 1469 1076 1524 1081 1545 1082 1546 1082 1548 1082 1549 1082 1549 1081 1551 1081 1561 1070 1585 1079 1589 1081 1591 1081 1592 1081 1594 1081 1601 1079 1646 1067 1686 1076 1689 1054 1685 1014 1659 1017 1655 1014 1644 1008 1643 1008 1641 1008 1640 1008 1638 1008 1607 1015 1591 1021 1508 1021 1503 1020 1490 1014 1488 1014 1487 1014 1485 1014 1484 1014 1476 1021 1473 1023 1461 1021 1414 1015 1412 1015 1411 1015 1409 1015 1398 1024 1393 1027 1322 1029 1290 1027 1188 1023 1186 1023 1127 1033 1099 1026 1097 1026 1096 1026 1094 1026 1066 1036 1064 1036 1063 1036 1026 1029 1024 1029 965 1039 957 1042 923 1042 691 1042 690 1042 642 1051 643 1088"/></Shape>
	    <String CONTENT="eorum errori, qui reprobationem Dei prorſus"
                    HPOS="642"
                    VPOS="1008"
                    WIDTH="1047"
                    HEIGHT="102"
                    WC="0.961498817732168"></String>
          </TextLine>

          
          
          <TextLine ID="eSc_line_5b5d8ea9"
                    TAGREFS="LT4318"
                    BASELINE="642 1148 1427 1118 1688 1113" 
                    HPOS="641"
                    VPOS="1064"
                    WIDTH="1047"
                    HEIGHT="101">
            <Shape><Polygon POINTS="642 1148 642 1161 758 1165 759 1165 948 1154 1014 1149 1021 1151 1035 1155 1036 1155 1038 1155 1100 1149 1142 1145 1151 1148 1161 1151 1163 1151 1164 1151 1218 1145 1271 1140 1307 1143 1337 1145 1338 1145 1340 1145 1341 1145 1344 1142 1351 1136 1686 1131 1688 1113 1682 1064 1564 1066 1563 1066 1561 1066 1557 1069 1543 1081 1505 1081 1482 1073 1479 1072 1478 1072 1386 1072 1384 1072 1383 1072 1381 1072 1381 1073 1375 1078 1368 1085 1345 1079 1328 1075 1326 1075 1325 1075 1283 1082 1247 1088 1226 1084 1200 1079 1198 1079 1197 1079 1171 1087 1151 1093 1133 1088 1102 1082 1100 1082 1099 1082 1097 1082 1097 1084 1088 1091 1082 1097 1006 1099 981 1096 925 1088 923 1088 922 1088 887 1100 877 1103 867 1102 852 1097 850 1097 849 1097 815 1103 797 1106 783 1105 718 1096 716 1096 641 1110 642 1148"/></Shape>
	    <String CONTENT="tollunt, quaſi omnes homines ſint à Deo electi,"
                    HPOS="641"
                    VPOS="1064"
                    WIDTH="1047"
                    HEIGHT="101"
                    WC="0.991280358284712"></String>
          </TextLine>

          
          
          <TextLine ID="eSc_line_a3cc6e12"
                    TAGREFS="LT4318"
                    BASELINE="643 1206 1688 1171" 
                    HPOS="641"
                    VPOS="1125"
                    WIDTH="1047"
                    HEIGHT="94">
            <Shape><Polygon POINTS="643 1206 643 1219 914 1219 996 1209 1012 1207 1035 1207 1130 1210 1131 1210 1133 1210 1134 1210 1143 1203 1145 1203 1149 1203 1183 1210 1185 1210 1229 1200 1235 1200 1244 1200 1323 1206 1325 1206 1326 1206 1347 1197 1347 1195 1463 1192 1464 1192 1503 1200 1505 1201 1505 1200 1558 1189 1640 1195 1641 1195 1688 1183 1688 1171 1685 1133 1595 1125 1594 1125 1512 1128 1511 1128 1509 1128 1509 1130 1500 1137 1470 1130 1469 1130 1467 1130 1466 1130 1464 1130 1453 1139 1374 1133 1372 1133 1371 1133 1369 1133 1369 1134 1360 1142 1357 1142 1186 1139 1185 1139 1134 1148 1100 1142 1099 1142 1097 1142 1096 1142 1082 1151 1051 1143 1049 1143 1048 1143 1002 1154 997 1154 981 1154 810 1152 809 1152 807 1152 776 1161 773 1161 770 1161 745 1154 743 1154 742 1154 641 1164 643 1206"/></Shape>
	    <String CONTENT="nulli autem roprobati. Denique hoc ipſo loco"
                    HPOS="641"
                    VPOS="1125"
                    WIDTH="1047"
                    HEIGHT="94"
                    WC="0.970231469381939"></String>
          </TextLine>

          
          
          <TextLine ID="eSc_line_4fb74740"
                    TAGREFS="LT4318"
                    BASELINE="648 1262 1519 1231 1693 1231" 
                    HPOS="645"
                    VPOS="1179"
                    WIDTH="1048"
                    HEIGHT="104">
            <Shape><Polygon POINTS="648 1262 648 1283 804 1283 829 1279 870 1270 889 1276 901 1280 902 1280 904 1280 950 1279 984 1273 1036 1262 1070 1270 1076 1270 1078 1270 1085 1268 1124 1259 1186 1265 1200 1265 1201 1265 1203 1265 1204 1265 1206 1264 1215 1256 1247 1262 1267 1265 1268 1265 1270 1265 1284 1261 1305 1255 1360 1258 1369 1258 1371 1258 1377 1258 1424 1249 1445 1255 1464 1261 1466 1261 1467 1261 1516 1252 1551 1246 1580 1249 1624 1255 1625 1255 1693 1244 1693 1231 1689 1179 1616 1192 1564 1185 1555 1183 1554 1183 1552 1183 1546 1185 1505 1197 1485 1188 1482 1186 1481 1186 1479 1186 1466 1189 1436 1195 1430 1191 1427 1188 1426 1188 1424 1188 1423 1188 1383 1192 1293 1204 1271 1198 1256 1194 1255 1194 1253 1194 1252 1194 1250 1194 1244 1200 1235 1206 1225 1200 1219 1197 1218 1197 1216 1197 1179 1203 1145 1207 1137 1204 1125 1198 1124 1198 1122 1198 1069 1207 1033 1215 974 1215 969 1212 957 1204 956 1204 954 1204 953 1204 951 1204 950 1204 950 1206 941 1213 938 1216 901 1215 795 1212 794 1212 792 1212 771 1222 768 1223 645 1226 648 1262"/></Shape>
	    <String CONTENT="perperam explicato ſe tuentur &amp; Pelagiani, qui"
                    HPOS="645"
                    VPOS="1179"
                    WIDTH="1048"
                    HEIGHT="104"
                    WC="0.996487020150475"></String>
          </TextLine>

          
          
          <TextLine ID="eSc_line_4b03a4a4"
                    TAGREFS="LT4318"
                    BASELINE="645 1323 1690 1286" 
                    HPOS="642"
                    VPOS="1240"
                    WIDTH="1048"
                    HEIGHT="105">
            <Shape><Polygon POINTS="645 1323 645 1337 706 1337 725 1345 727 1345 728 1345 730 1345 759 1335 889 1337 890 1337 892 1337 893 1337 902 1329 904 1329 907 1329 1020 1335 1021 1335 1057 1334 1058 1334 1060 1334 1060 1332 1070 1323 1088 1331 1090 1331 1091 1331 1093 1331 1125 1322 1136 1331 1137 1331 1139 1331 1140 1331 1204 1319 1226 1328 1228 1328 1229 1328 1326 1314 1395 1322 1396 1322 1398 1322 1445 1310 1478 1319 1479 1319 1481 1319 1540 1307 1679 1308 1680 1308 1682 1308 1683 1308 1690 1301 1690 1286 1688 1249 1616 1240 1615 1240 1613 1240 1612 1240 1595 1250 1558 1241 1557 1241 1555 1241 1554 1241 1519 1253 1511 1256 1426 1258 1417 1255 1390 1247 1389 1247 1387 1247 1386 1247 1357 1258 1345 1261 1319 1258 1264 1252 1262 1252 1204 1261 1170 1267 1157 1262 1139 1256 1137 1256 1136 1256 1134 1256 1112 1264 1093 1270 1073 1265 1057 1261 1055 1261 1054 1261 1020 1262 1018 1262 1017 1262 1017 1264 1012 1267 1005 1273 919 1268 861 1267 859 1267 858 1267 856 1267 852 1271 841 1279 809 1271 803 1271 801 1271 800 1271 795 1273 759 1281 642 1277 645 1323"/></Shape>
	    <String CONTENT="liberum ad vtranque benè &amp; malè agendi ele¬"
                    HPOS="642"
                    VPOS="1240"
                    WIDTH="1048"
                    HEIGHT="105"
                    WC="0.97632644838757"></String>
          </TextLine>

          
          
          <TextLine ID="eSc_line_1efa7db1"
                    TAGREFS="LT4318"
                    BASELINE="645 1378 1695 1347" 
                    HPOS="643"
                    VPOS="1302"
                    WIDTH="1052"
                    HEIGHT="90">
            <Shape><Polygon POINTS="645 1378 645 1392 1693 1368 1695 1347 1692 1308 1586 1302 1585 1302 1583 1302 1554 1311 1549 1313 1545 1313 1512 1305 1511 1305 1509 1305 1488 1314 1482 1316 1478 1314 1461 1308 1460 1308 1458 1308 1383 1317 1365 1319 1340 1319 1186 1314 1185 1314 1183 1314 1158 1325 1155 1326 1087 1328 1084 1326 1075 1319 1073 1319 1072 1319 1070 1319 1069 1319 1067 1319 1055 1328 1054 1329 965 1331 957 1331 887 1323 886 1323 838 1334 832 1335 823 1335 742 1328 740 1328 739 1328 737 1328 722 1338 721 1338 688 1329 687 1329 685 1329 684 1329 643 1339 645 1378"/></Shape>
	    <String CONTENT="ctionem arbitrium in nobis ſtatuunt: &amp; Semipe¬"
                    HPOS="643"
                    VPOS="1302"
                    WIDTH="1052"
                    HEIGHT="90"
                    WC="0.97588371064352"></String>
          </TextLine>

          
          
          <TextLine ID="eSc_line_2a532f81"
                    TAGREFS="LT4318"
                    BASELINE="648 1439 1456 1409 1696 1405" 
                    HPOS="645"
                    VPOS="1357"
                    WIDTH="1051"
                    HEIGHT="107">
            <Shape><Polygon POINTS="648 1439 648 1454 719 1464 721 1464 722 1464 754 1451 797 1450 806 1450 840 1460 841 1460 843 1460 844 1460 889 1448 926 1457 928 1457 929 1457 931 1457 947 1450 965 1455 966 1455 968 1455 969 1455 994 1442 1014 1454 1015 1454 1017 1454 1018 1454 1020 1454 1021 1454 1039 1442 1051 1448 1052 1448 1054 1448 1105 1439 1112 1438 1118 1438 1194 1448 1195 1448 1197 1448 1198 1448 1215 1436 1308 1444 1310 1444 1311 1444 1360 1429 1365 1429 1371 1429 1447 1439 1448 1439 1481 1438 1482 1438 1484 1438 1502 1424 1503 1424 1506 1424 1604 1433 1606 1433 1607 1433 1609 1433 1624 1421 1635 1430 1635 1432 1637 1432 1638 1432 1640 1432 1641 1432 1696 1417 1696 1405 1688 1357 1676 1366 1354 1377 1344 1369 1342 1368 1342 1366 1341 1366 1340 1366 1338 1366 1337 1366 1328 1369 1307 1377 1113 1377 1024 1377 1023 1377 1021 1377 1012 1380 980 1389 846 1386 844 1386 843 1386 810 1396 797 1386 795 1386 794 1386 792 1386 731 1387 730 1387 725 1389 696 1399 645 1392 648 1439"/></Shape>
	    <String CONTENT="lagiani quoque, qui Dei gratiã de congruo quam"
                    HPOS="645"
                    VPOS="1357"
                    WIDTH="1051"
                    HEIGHT="107"
                    WC="0.97510098523282"></String>
          </TextLine>

          
          
          <TextLine ID="eSc_line_9a57f444"
                    TAGREFS="LT4318"
                    BASELINE="648 1497 1693 1464" 
                    HPOS="646"
                    VPOS="1429"
                    WIDTH="1047"
                    HEIGHT="90">
            <Shape><Polygon POINTS="648 1497 648 1512 658 1519 660 1519 661 1519 663 1519 795 1509 980 1511 981 1511 1027 1509 1029 1509 1030 1509 1044 1499 1112 1506 1113 1506 1115 1506 1116 1506 1116 1505 1127 1496 1127 1494 1186 1494 1188 1494 1210 1503 1212 1503 1213 1503 1255 1502 1256 1502 1258 1502 1258 1500 1268 1491 1270 1491 1277 1491 1353 1496 1354 1496 1356 1496 1357 1496 1369 1488 1371 1488 1399 1497 1400 1497 1402 1497 1403 1497 1436 1487 1438 1485 1563 1482 1566 1482 1591 1491 1592 1491 1594 1491 1595 1491 1597 1491 1597 1490 1606 1481 1607 1479 1693 1478 1693 1464 1689 1429 1213 1435 1212 1435 1191 1445 1188 1447 1119 1448 1115 1447 1094 1439 1093 1439 1091 1439 1049 1448 1026 1441 1024 1441 1023 1441 974 1451 974 1453 823 1457 820 1457 788 1448 786 1448 785 1448 736 1460 731 1460 727 1460 673 1453 672 1453 670 1453 646 1461 648 1497"/></Shape>
	    <String CONTENT="appellant, cum libero noſtro arbitrio tanquam"
                    HPOS="646"
                    VPOS="1429"
                    WIDTH="1047"
                    HEIGHT="90"
                    WC="0.986275657018026"></String>
          </TextLine>

          
          
          <TextLine ID="eSc_line_e7bdb28b"
                    TAGREFS="LT4318"
                    BASELINE="636 1555 1693 1522" 
                    HPOS="633"
                    VPOS="1476"
                    WIDTH="1060"
                    HEIGHT="93">
            <Shape><Polygon POINTS="636 1555 636 1569 971 1569 1154 1554 1165 1554 1171 1554 1247 1560 1249 1560 1250 1560 1252 1560 1264 1551 1265 1551 1307 1558 1308 1558 1494 1552 1554 1542 1574 1549 1576 1549 1577 1549 1579 1549 1600 1540 1643 1548 1644 1548 1646 1548 1647 1548 1647 1546 1656 1537 1693 1536 1693 1522 1690 1487 1655 1476 1653 1476 1652 1476 1650 1476 1649 1476 1632 1488 1560 1479 1558 1479 1557 1479 1534 1491 1533 1491 1521 1491 1403 1484 1402 1484 1353 1494 1338 1497 1328 1494 1305 1488 1304 1488 1302 1488 1301 1488 1273 1496 1258 1500 1249 1496 1243 1494 1241 1494 1240 1494 1201 1497 1134 1503 1125 1499 1116 1494 1115 1494 1113 1494 1112 1494 1100 1499 1093 1502 1085 1500 1069 1494 1067 1494 1066 1494 1030 1500 994 1508 968 1502 957 1500 956 1500 929 1503 870 1509 859 1505 855 1502 853 1502 852 1502 850 1502 844 1505 822 1513 789 1505 777 1503 776 1503 774 1503 764 1506 725 1516 633 1509 636 1555"/></Shape>
	    <String CONTENT="duo ſimul &amp; æqualiter cooperantia in benè agẽ¬"
                    HPOS="633"
                    VPOS="1476"
                    WIDTH="1060"
                    HEIGHT="93"
                    WC="0.976166403541962"></String>
          </TextLine>

          
          
          <TextLine ID="eSc_line_81f88a60"
                    TAGREFS="LT4318"
                    BASELINE="649 1613 1705 1580" 
                    HPOS="646"
                    VPOS="1542"
                    WIDTH="1059"
                    HEIGHT="95">
            <Shape><Polygon POINTS="649 1613 649 1628 684 1637 685 1637 736 1627 746 1625 755 1627 804 1634 806 1634 984 1621 999 1621 1006 1621 1073 1627 1075 1627 1137 1618 1180 1612 1201 1616 1222 1621 1224 1621 1317 1619 1319 1619 1320 1619 1326 1613 1329 1612 1338 1613 1366 1618 1368 1618 1408 1612 1466 1603 1509 1609 1528 1612 1530 1612 1531 1612 1540 1609 1566 1598 1655 1597 1670 1606 1671 1607 1673 1607 1674 1607 1676 1607 1705 1604 1705 1580 1701 1542 1512 1549 1493 1548 1420 1542 1418 1542 1417 1542 1383 1552 1380 1552 1372 1552 1279 1546 1277 1546 1232 1557 1225 1558 1216 1558 1152 1551 1151 1551 1149 1551 1130 1561 1127 1563 1082 1563 1078 1563 1036 1554 1035 1554 1033 1554 989 1566 987 1566 986 1566 956 1557 954 1557 953 1557 951 1557 913 1567 837 1561 835 1561 733 1573 673 1566 672 1566 670 1566 646 1574 649 1613"/></Shape>
	    <String CONTENT="do coniungunt. Hi verò errores omnes, ex eo"
                    HPOS="646"
                    VPOS="1542"
                    WIDTH="1059"
                    HEIGHT="95"
                    WC="0.978161039677533"></String>
          </TextLine>

          
          
          <TextLine ID="eSc_line_c6efadde"
                    TAGREFS="LT4318"
                    BASELINE="652 1671 1698 1638" 
                    HPOS="649"
                    VPOS="1595"
                    WIDTH="1049"
                    HEIGHT="91">
            <Shape><Polygon POINTS="652 1671 652 1686 1033 1683 1088 1673 1103 1671 1115 1673 1164 1679 1165 1679 1167 1679 1168 1679 1180 1670 1182 1670 1191 1670 1262 1674 1264 1674 1265 1674 1280 1667 1284 1667 1357 1673 1359 1673 1360 1673 1362 1673 1362 1671 1371 1664 1372 1662 1381 1664 1432 1670 1433 1670 1435 1670 1457 1661 1461 1659 1502 1659 1661 1661 1662 1661 1664 1661 1698 1652 1698 1638 1695 1601 1554 1595 1552 1595 1551 1595 1516 1607 1503 1610 1467 1609 1402 1604 1400 1604 1308 1613 1265 1618 1237 1616 1127 1609 1125 1609 1124 1609 1079 1621 1000 1613 999 1613 997 1613 996 1613 996 1615 986 1624 956 1615 954 1615 953 1615 951 1615 920 1627 916 1629 873 1629 871 1628 864 1622 862 1622 861 1622 859 1622 803 1631 791 1632 785 1631 748 1621 746 1621 745 1621 649 1635 652 1671"/></Shape>
	    <String CONTENT="naſcuntur, quòd vox ipſa omnes, non rectè ſu¬"
                    HPOS="649"
                    VPOS="1595"
                    WIDTH="1049"
                    HEIGHT="91"
                    WC="0.991588434006305"></String>
          </TextLine>

          
          
          <TextLine ID="eSc_line_373de066"
                    TAGREFS="LT4318"
                    BASELINE="649 1731 1699 1696" 
                    HPOS="648"
                    VPOS="1659"
                    WIDTH="1051"
                    HEIGHT="92">
            <Shape><Polygon POINTS="649 1731 649 1751 779 1741 884 1744 922 1744 923 1744 1096 1735 1250 1726 1259 1728 1283 1732 1284 1732 1286 1732 1287 1732 1298 1726 1302 1723 1325 1725 1378 1729 1380 1729 1460 1719 1479 1717 1488 1717 1537 1723 1539 1723 1540 1723 1542 1723 1554 1716 1673 1717 1674 1717 1676 1717 1699 1708 1699 1696 1695 1661 1445 1668 1435 1667 1381 1659 1380 1659 1378 1659 1377 1659 1377 1661 1368 1670 1366 1670 1350 1664 1348 1664 1347 1664 1345 1664 1332 1670 1326 1674 1271 1674 1264 1673 1240 1664 1238 1664 1237 1664 1164 1667 1163 1667 1145 1676 1128 1668 1127 1668 1125 1668 1124 1668 1122 1668 1112 1677 1110 1677 1100 1677 1011 1671 1009 1671 1008 1671 977 1680 962 1686 907 1686 898 1683 880 1676 878 1676 877 1676 648 1689 649 1731"/></Shape>
	    <String CONTENT="mitur hoc loco. Ac Scholaſtici quidem nonnun¬"
                    HPOS="648"
                    VPOS="1659"
                    WIDTH="1051"
                    HEIGHT="92"
                    WC="0.99963760111067"></String>
          </TextLine>

          
          
          <TextLine ID="eSc_line_67c1af24"
                    TAGREFS="LT4318"
                    BASELINE="652 1787 1701 1757" 
                    HPOS="649"
                    VPOS="1711"
                    WIDTH="1052"
                    HEIGHT="93">
            <Shape><Polygon POINTS="652 1787 652 1804 1699 1777 1701 1757 1696 1723 1635 1723 1595 1711 1594 1711 1592 1711 1439 1716 1438 1716 1436 1716 1424 1723 1396 1717 1395 1717 1393 1717 1365 1726 1328 1722 1326 1722 1325 1722 1296 1734 1270 1734 1224 1737 1116 1738 1084 1738 1047 1728 1045 1728 1044 1728 1042 1728 1041 1728 1026 1737 942 1731 941 1731 939 1731 905 1741 871 1732 870 1732 868 1732 867 1732 865 1732 865 1734 853 1745 852 1747 829 1747 828 1745 810 1734 809 1734 807 1734 806 1734 804 1734 767 1747 767 1748 649 1750 652 1787"/></Shape>
	    <String CONTENT="quam ita ſentiunt ideo omnes dici à Deo ſaluos"
                    HPOS="649"
                    VPOS="1711"
                    WIDTH="1052"
                    HEIGHT="93"
                    WC="0.986696455072849"></String>
          </TextLine>

          
          
          <TextLine ID="eSc_line_8139354b"
                    TAGREFS="LT4318"
                    BASELINE="651 1847 1702 1814" 
                    HPOS="649"
                    VPOS="1769"
                    WIDTH="1053"
                    HEIGHT="100">
            <Shape><Polygon POINTS="651 1847 651 1869 701 1860 780 1866 792 1866 794 1866 816 1864 904 1856 925 1860 935 1862 936 1862 951 1859 987 1851 1067 1854 1121 1856 1122 1856 1149 1851 1176 1845 1192 1848 1209 1853 1210 1853 1212 1853 1213 1853 1225 1848 1234 1844 1243 1847 1255 1851 1256 1851 1258 1851 1284 1845 1299 1842 1329 1844 1402 1847 1403 1847 1405 1847 1418 1839 1423 1838 1430 1839 1460 1845 1461 1845 1503 1836 1511 1835 1515 1836 1533 1842 1534 1842 1536 1842 1537 1842 1573 1833 1576 1833 1579 1833 1653 1839 1655 1839 1702 1827 1702 1814 1698 1777 1546 1781 1545 1781 1531 1769 1530 1769 1528 1769 1505 1769 1503 1769 1406 1781 1335 1775 1334 1775 1332 1775 1331 1775 1311 1789 1305 1789 1218 1778 1216 1778 1215 1778 1170 1793 1167 1795 1072 1796 1069 1796 1029 1784 1027 1784 1026 1784 1024 1784 994 1795 875 1790 874 1790 873 1790 834 1804 832 1805 810 1805 810 1804 794 1792 792 1792 791 1792 789 1792 722 1806 721 1806 672 1796 670 1796 669 1796 649 1806 651 1847"/></Shape>
	    <String CONTENT="fieri quia dedit Deus omnibus hominibus natu¬"
                    HPOS="649"
                    VPOS="1769"
                    WIDTH="1053"
                    HEIGHT="100"
                    WC="0.983844751781887"></String>
          </TextLine>

          
          
          <TextLine ID="eSc_line_77ead85b"
                    TAGREFS="LT4318"
                    BASELINE="649 1908 1698 1873" 
                    HPOS="646"
                    VPOS="1829"
                    WIDTH="1052"
                    HEIGHT="99">
            <Shape><Polygon POINTS="649 1908 649 1924 739 1928 740 1928 785 1921 806 1918 815 1921 828 1925 829 1925 831 1925 858 1920 878 1915 911 1918 945 1921 947 1921 978 1917 1014 1911 1036 1915 1054 1918 1055 1918 1118 1912 1207 1905 1252 1909 1268 1911 1270 1911 1286 1909 1335 1900 1441 1905 1460 1905 1461 1905 1463 1905 1467 1903 1497 1896 1552 1902 1560 1902 1561 1902 1567 1902 1615 1891 1695 1897 1698 1873 1693 1836 1637 1838 1634 1838 1616 1829 1615 1829 1613 1829 1546 1839 1543 1839 1542 1839 1519 1830 1518 1830 1516 1830 1515 1830 1514 1830 1497 1841 1494 1842 1482 1841 1424 1833 1423 1833 1421 1833 1393 1844 1386 1845 1375 1844 1331 1836 1329 1836 1234 1839 1232 1839 1203 1848 1186 1853 1154 1850 1099 1844 1097 1844 1038 1848 1036 1848 1035 1848 1030 1853 1024 1857 1006 1853 981 1848 980 1848 947 1854 913 1863 646 1863 649 1908"/></Shape>
	    <String CONTENT="ram per nos ordinabilem ad felicitatẽ vt loquun¬"
                    HPOS="646"
                    VPOS="1829"
                    WIDTH="1052"
                    HEIGHT="99"
                    WC="0.967623321377501"></String>
          </TextLine>

          
          
          <TextLine ID="eSc_line_86b424d2"
                    TAGREFS="LT4318"
                    BASELINE="649 1963 1702 1930" 
                    HPOS="648"
                    VPOS="1891"
                    WIDTH="1054"
                    HEIGHT="88">
            <Shape><Polygon POINTS="649 1963 649 1978 887 1979 889 1979 1020 1967 1024 1967 1026 1967 1116 1972 1118 1972 1119 1972 1143 1963 1146 1963 1151 1963 1198 1969 1200 1969 1201 1969 1222 1961 1225 1960 1229 1960 1262 1966 1264 1966 1360 1957 1375 1955 1378 1955 1399 1963 1400 1963 1402 1963 1403 1963 1421 1954 1423 1954 1432 1954 1500 1960 1502 1960 1503 1960 1525 1951 1527 1951 1533 1951 1601 1957 1603 1957 1702 1945 1702 1930 1699 1894 1503 1891 1502 1891 1456 1900 1448 1902 1444 1902 1408 1894 1406 1894 1366 1903 1357 1905 1342 1905 1273 1899 1271 1899 648 1924 649 1963"/></Shape>
	    <String CONTENT="tur. Contrà verò noſtra felicitas non ex naturæ"
                    HPOS="648"
                    VPOS="1891"
                    WIDTH="1054"
                    HEIGHT="88"
                    WC="0.982560623665245"></String>
          </TextLine>

          
          
          <TextLine ID="eSc_line_a6a6ee1f"
                    TAGREFS="LT4318"
                    BASELINE="649 2022 1701 1986" 
                    HPOS="648"
                    VPOS="1951"
                    WIDTH="1053"
                    HEIGHT="92">
            <Shape><Polygon POINTS="649 2022 649 2043 840 2031 902 2034 951 2037 953 2037 990 2031 1015 2027 1021 2030 1032 2034 1033 2034 1035 2034 1063 2028 1081 2024 1093 2027 1109 2030 1110 2030 1213 2021 1280 2016 1334 2016 1519 2018 1521 2018 1522 2018 1524 2018 1524 2016 1533 2007 1534 2007 1539 2007 1610 2015 1612 2015 1613 2015 1615 2015 1631 2003 1701 2000 1701 1986 1698 1951 1393 1951 1392 1951 1229 1966 1210 1967 1206 1967 1176 1958 1174 1958 1173 1958 1171 1958 1170 1958 1170 1960 1161 1969 1160 1969 1158 1969 1125 1960 1124 1960 1122 1960 1087 1961 1085 1961 1084 1961 1084 1963 1075 1972 1073 1972 1063 1972 950 1966 948 1966 914 1967 913 1967 911 1967 911 1969 901 1978 899 1979 850 1979 849 1979 829 1970 828 1970 826 1970 825 1970 803 1980 801 1980 797 1980 730 1973 728 1973 727 1973 706 1983 704 1985 648 1985 649 2022"/></Shape>
	    <String CONTENT="noſtræ conditione, ſed ex mera Dei gratia pen¬"
                    HPOS="648"
                    VPOS="1951"
                    WIDTH="1053"
                    HEIGHT="92"
                    WC="0.992235814747603"></String>
          </TextLine>

          
          
          <TextLine ID="eSc_line_e6a1a4b5"
                    TAGREFS="LT4318"
                    BASELINE="649 2080 1702 2047" 
                    HPOS="648"
                    VPOS="2006"
                    WIDTH="1054"
                    HEIGHT="99">
            <Shape><Polygon POINTS="649 2080 649 2098 688 2105 690 2105 791 2102 792 2102 794 2102 804 2095 807 2094 813 2095 837 2101 838 2101 840 2101 887 2094 902 2091 907 2092 917 2098 919 2098 920 2098 1006 2091 1052 2086 1081 2088 1124 2092 1125 2092 1152 2086 1174 2082 1191 2086 1204 2089 1206 2089 1207 2089 1240 2085 1273 2080 1295 2083 1319 2086 1320 2086 1340 2082 1368 2074 1702 2073 1702 2047 1699 2016 1589 2016 1554 2006 1552 2006 1551 2006 1466 2022 1454 2024 1447 2022 1418 2015 1417 2015 1415 2015 1414 2015 1383 2024 1378 2025 1374 2024 1342 2013 1341 2013 1340 2013 1338 2013 1310 2027 1304 2028 1298 2027 1265 2015 1264 2015 1262 2015 1261 2015 1215 2027 1197 2018 1195 2018 1194 2018 1127 2019 1125 2019 1124 2019 1109 2031 1107 2033 1105 2031 1076 2022 1075 2022 1073 2022 1072 2022 1035 2034 1023 2037 1011 2034 991 2028 990 2028 989 2028 910 2037 865 2041 844 2038 792 2030 791 2030 789 2030 788 2030 771 2040 764 2044 736 2041 684 2036 682 2036 648 2043 649 2080"/></Shape>
	    <String CONTENT="det, &amp; eatenus ordinabilis eſt ad eam noſtra na¬"
                    HPOS="648"
                    VPOS="2006"
                    WIDTH="1054"
                    HEIGHT="99"
                    WC="0.989626451085011"></String>
          </TextLine>

          
          
          <TextLine ID="eSc_line_84cec0c3"
                    TAGREFS="LT4318"
                    BASELINE="651 2140 1588 2108 1701 2110" 
                    HPOS="648"
                    VPOS="2062"
                    WIDTH="1053"
                    HEIGHT="103">
            <Shape><Polygon POINTS="651 2140 651 2156 691 2165 693 2165 931 2149 971 2147 994 2147 1105 2152 1106 2152 1140 2144 1152 2141 1163 2143 1195 2149 1197 2149 1258 2140 1287 2137 1301 2140 1325 2144 1326 2144 1328 2144 1329 2144 1338 2138 1344 2135 1374 2137 1423 2141 1424 2141 1426 2141 1427 2141 1433 2135 1436 2132 1448 2135 1458 2138 1460 2138 1461 2138 1463 2138 1472 2135 1482 2129 1701 2128 1701 2110 1698 2071 1627 2073 1621 2073 1560 2062 1558 2062 1485 2076 1467 2079 1460 2076 1438 2068 1436 2068 1435 2068 1433 2068 1432 2068 1418 2077 1414 2080 1396 2077 1345 2070 1344 2070 1342 2070 1302 2080 1283 2085 1267 2080 1237 2074 1235 2074 1234 2074 1232 2074 1221 2082 1218 2083 1213 2082 1188 2076 1186 2076 1185 2076 1139 2085 1131 2085 1122 2085 1070 2080 1069 2080 1067 2080 1049 2086 1038 2091 1032 2086 1024 2080 1023 2080 1021 2080 1020 2080 972 2082 942 2089 908 2096 648 2096 651 2140"/></Shape>
	    <String CONTENT="tura, quatenus Deus ipſe nos ita fingit, deſtinat,"
                    HPOS="648"
                    VPOS="2062"
                    WIDTH="1053"
                    HEIGHT="103"
                    WC="0.976610120534897"></String>
          </TextLine>

          
          
          <TextLine ID="eSc_line_7fd40cc1"
                    TAGREFS="LT4318"
                    BASELINE="648 2201 1696 2165" 
                    HPOS="645"
                    VPOS="2122"
                    WIDTH="1051"
                    HEIGHT="116">
            <Shape><Polygon POINTS="648 2201 648 2238 734 2221 844 2226 846 2226 847 2226 874 2215 913 2226 914 2226 916 2226 1054 2210 1069 2218 1075 2223 1076 2223 1078 2223 1079 2223 1173 2221 1249 2218 1250 2218 1252 2218 1262 2210 1296 2217 1298 2217 1299 2217 1301 2217 1317 2207 1320 2205 1323 2207 1342 2214 1344 2214 1345 2214 1420 2204 1473 2211 1475 2211 1476 2211 1478 2211 1493 2198 1496 2196 1505 2198 1530 2201 1531 2201 1624 2192 1652 2189 1655 2190 1673 2196 1674 2196 1676 2196 1677 2196 1696 2187 1696 2165 1693 2129 1603 2122 1601 2122 1600 2122 1573 2131 1563 2123 1561 2123 1560 2123 1558 2123 1496 2126 1494 2126 1472 2134 1463 2137 1456 2135 1430 2128 1429 2128 1427 2128 1426 2128 1393 2137 1378 2141 1268 2143 1255 2140 1235 2135 1234 2135 1232 2135 1231 2135 1219 2141 1207 2146 1198 2141 1188 2137 1186 2137 1185 2137 1183 2137 1171 2141 1160 2147 1124 2143 1091 2140 1090 2140 1088 2140 1075 2144 1060 2150 1047 2146 1044 2144 1042 2144 1041 2144 1023 2146 944 2154 887 2149 864 2147 862 2147 844 2150 801 2159 786 2152 782 2150 780 2150 779 2150 645 2154 648 2201"/></Shape>
	    <String CONTENT="&amp; ordinat: non autem quatenus reliquis homi¬"
                    HPOS="645"
                    VPOS="2122"
                    WIDTH="1051"
                    HEIGHT="116"
                    WC="0.99349902976643"></String>
          </TextLine>

          
        </TextBlock>
        
        <TextBlock HPOS="1540"
                   VPOS="2193"
                   WIDTH="156"
                   HEIGHT="54"
                   ID="block_2"
                   TAGREFS="BT10978">
          <Shape><Polygon POINTS="1696 2193 1696 2247 1540 2247 1540 2193"/></Shape>
          
          
          <TextLine ID="eSc_line_51450ad1"
                    TAGREFS="LT4318"
                    BASELINE="1546 2227 1695 2224" 
                    HPOS="1545"
                    VPOS="2190"
                    WIDTH="150"
                    HEIGHT="73">
            <Shape><Polygon POINTS="1546 2227 1546 2251 1567 2262 1569 2262 1570 2263 1613 2263 1613 2262 1695 2247 1695 2224 1692 2190 1545 2190 1546 2227"/></Shape>
	    <String CONTENT="nibus"
                    HPOS="1545"
                    VPOS="2190"
                    WIDTH="150"
                    HEIGHT="73"></String>
          </TextLine>

          
        </TextBlock>
        

        
      </PrintSpace>
    </Page>
  </Layout>
</alto>
