<?xml version="1.0" encoding="UTF-8"?>
<alto xmlns:xsi="http://www.w3.org/2001/XMLSchema-instance"
      xmlns="http://www.loc.gov/standards/alto/ns-v4#"
      xsi:schemaLocation="http://www.loc.gov/standards/alto/ns-v4# http://www.loc.gov/standards/alto/v4/alto-4-2.xsd">
  <Description>
    <MeasurementUnit>pixel</MeasurementUnit>
    <sourceImageInformation>
      <fileName>2012964.png</fileName>
      
    </sourceImageInformation>
  </Description>
  
  <Tags>
    <OtherTag ID="BT10983" LABEL="GraphicZone" DESCRIPTION="block type GraphicZone"/><OtherTag ID="BT10982" LABEL="DropCapitalZone" DESCRIPTION="block type DropCapitalZone"/><OtherTag ID="BT10981" LABEL="RunningTitleZone" DESCRIPTION="block type RunningTitleZone"/><OtherTag ID="BT10980" LABEL="NumberingZone" DESCRIPTION="block type NumberingZone"/><OtherTag ID="BT10979" LABEL="TitlePageZone" DESCRIPTION="block type TitlePageZone"/><OtherTag ID="BT10978" LABEL="QuireMarksZone" DESCRIPTION="block type QuireMarksZone"/><OtherTag ID="BT10977" LABEL="MainZone" DESCRIPTION="block type MainZone"/><OtherTag ID="BT10976" LABEL="MarginTextZone" DESCRIPTION="block type MarginTextZone"/>
    <OtherTag ID="LT4321" LABEL="default" DESCRIPTION="line type default"/><OtherTag ID="LT4319" LABEL="HeadingLine" DESCRIPTION="line type HeadingLine"/><OtherTag ID="LT4318" LABEL="DefaultLine" DESCRIPTION="line type DefaultLine"/><OtherTag ID="LT4320" LABEL="CustomLine : BiblicalText" DESCRIPTION="line type CustomLine : BiblicalText"/>
  </Tags>
  
  <Layout>
    <Page WIDTH="1807"
          HEIGHT="2677"
          PHYSICAL_IMG_NR="11"
          ID="eSc_dummypage_">
      <PrintSpace HPOS="0"
                  VPOS="0"
                  WIDTH="1807"
                  HEIGHT="2677">
        
        <TextBlock HPOS="630.2919311523438"
                   VPOS="190.88528442382812"
                   WIDTH="63.97406005859375"
                   HEIGHT="59.694610595703125"
                   ID="block_3"
                   TAGREFS="BT10980">
          <Shape><Polygon POINTS="630.292 190.885 694.266 190.885 694.266 250.58 630.292 250.58 630.292 190.885"/></Shape>
          
          
          <TextLine ID="eSc_line_082e1d91"
                    TAGREFS="LT4318"
                    BASELINE="635 227 696 224" 
                    HPOS="631"
                    VPOS="187"
                    WIDTH="62"
                    HEIGHT="69">
            <Shape><Polygon POINTS="675 191 653 191 631 191 633 225 635 256 693 240 693 223 687 187 675 191"/></Shape>
	    <String CONTENT="52"
                    HPOS="631"
                    VPOS="187"
                    WIDTH="62"
                    HEIGHT="69"
                    WC="0.999653816223145"></String>
          </TextLine>

          
        </TextBlock>
        
        <TextBlock HPOS="818.3139038085938"
                   VPOS="166.0907745361328"
                   WIDTH="704.6901245117188"
                   HEIGHT="65.73442077636719"
                   ID="block_1"
                   TAGREFS="BT10981">
          <Shape><Polygon POINTS="818.314 166.091 1523 166.091 1523 231.825 818.314 231.825 818.314 166.091"/></Shape>
          
          
          <TextLine ID="eSc_line_2efa9cab"
                    TAGREFS="LT4319"
                    BASELINE="829 221 1512 206" 
                    HPOS="828"
                    VPOS="163"
                    WIDTH="684"
                    HEIGHT="77">
            <Shape><Polygon POINTS="1482 165 1467 165 1453 165 1438 165 1430 165 1423 166 1415 165 1408 165 1393 165 1378 163 1371 163 1359 175 1320 163 1319 163 1304 163 1295 163 1280 175 1280 176 1235 178 1206 176 1044 165 1042 165 994 166 993 166 969 179 959 185 916 185 902 179 871 169 870 169 868 169 867 169 828 179 829 221 829 233 878 240 880 240 923 232 928 232 936 232 1026 237 1027 237 1511 220 1512 206 1511 179 1497 168"/></Shape>
	    <String CONTENT="AD I. PAVL. AD TIM."
                    HPOS="828"
                    VPOS="163"
                    WIDTH="684"
                    HEIGHT="77"
                    WC="0.9838722159988"></String>
          </TextLine>

          
        </TextBlock>
        
        <TextBlock HPOS="623.1912231445312"
                   VPOS="239.30397033691406"
                   WIDTH="1084.0004272460938"
                   HEIGHT="1943.222396850586"
                   ID="block_0"
                   TAGREFS="BT10977">
          <Shape><Polygon POINTS="623.191 239.304 1707.19 239.304 1707.19 2182.53 623.191 2182.53 623.191 239.304"/></Shape>
          
          
          <TextLine ID="eSc_line_8a91e246"
                    TAGREFS="LT4318"
                    BASELINE="630 297 1680 276" 
                    HPOS="629"
                    VPOS="223"
                    WIDTH="1051"
                    HEIGHT="87">
            <Shape><Polygon POINTS="1670 236 1661 229 1644 223 1643 223 1641 223 1534 239 1525 239 1506 239 1392 236 1380 227 1378 227 1377 227 1375 227 1305 243 1302 243 1298 243 1247 230 1246 230 1244 230 1243 230 1203 245 1201 245 1176 233 1174 233 1173 233 1171 233 1148 245 1064 239 1063 239 1061 239 1060 239 1045 248 1011 237 1009 237 1008 237 1006 237 978 249 977 249 931 236 929 236 928 236 794 242 792 242 771 252 681 242 679 242 678 242 629 255 630 297 630 310 1073 310 1073 309 1075 309 1076 309 1076 307 1084 300 1085 300 1091 300 1149 307 1151 307 1221 298 1232 297 1241 297 1302 304 1304 304 1372 295 1383 294 1392 294 1451 301 1453 301 1454 301 1488 292 1491 292 1499 292 1603 298 1604 298 1679 288 1680 276 1679 245 1670 236"/></Shape>
	    <String CONTENT="diuellenda, ſed etiam authoritate Scripturę Act."
                    HPOS="629"
                    VPOS="223"
                    WIDTH="1051"
                    HEIGHT="87"
                    WC="0.980141870829524"></String>
          </TextLine>

          
          
          <TextLine ID="eSc_line_45848641"
                    TAGREFS="LT4318"
                    BASELINE="633 358 1682 336" 
                    HPOS="632"
                    VPOS="287"
                    WIDTH="1050"
                    HEIGHT="93">
            <Shape><Polygon POINTS="633 358 633 380 706 368 801 368 829 376 838 377 840 377 841 377 843 377 853 374 878 367 962 371 978 371 980 371 981 371 986 370 1009 364 1026 370 1038 373 1039 373 1041 373 1073 368 1099 364 1106 367 1118 371 1119 371 1121 373 1121 371 1122 371 1136 365 1142 364 1155 365 1191 370 1192 370 1194 370 1210 364 1221 359 1229 364 1240 368 1241 368 1243 368 1244 368 1246 368 1255 362 1262 358 1289 361 1329 367 1331 367 1332 367 1357 359 1363 358 1368 359 1384 365 1386 365 1387 365 1484 355 1496 355 1500 355 1539 362 1540 362 1542 362 1569 353 1586 361 1588 361 1589 361 1682 349 1682 336 1677 287 1467 304 1438 304 1421 294 1417 291 1415 291 1414 291 1412 291 1372 297 1302 306 1267 300 1241 295 1240 295 1238 295 1216 301 1188 309 1158 303 1121 297 1119 297 1075 306 1048 312 1042 307 1033 300 1032 300 1030 300 1029 300 954 310 932 313 929 312 914 301 913 301 911 301 910 301 834 315 822 316 815 315 773 304 771 304 770 304 768 304 739 318 737 319 632 321 633 358"/></Shape>
	    <String CONTENT="11.verſ. 17. Non eſt noſtrum( inquit Petrus) Deũ"
                    HPOS="632"
                    VPOS="287"
                    WIDTH="1050"
                    HEIGHT="93"
                    WC="0.991853289458216"></String>
          </TextLine>

          
          
          <TextLine ID="eSc_line_f8d20a49"
                    TAGREFS="LT4318"
                    BASELINE="632 416 1018 404 1680 395" 
                    HPOS="630"
                    VPOS="350"
                    WIDTH="1050"
                    HEIGHT="84">
            <Shape><Polygon POINTS="632 434 850 431 864 428 895 422 911 428 919 429 920 429 922 429 1041 428 1042 428 1044 428 1049 423 1058 417 1091 423 1099 423 1100 423 1102 423 1107 422 1131 416 1167 416 1173 420 1177 425 1179 425 1180 425 1182 425 1216 419 1247 414 1258 419 1271 423 1273 423 1274 423 1276 423 1299 417 1313 414 1328 416 1363 422 1365 422 1366 422 1368 422 1377 416 1381 411 1466 410 1491 413 1540 417 1542 417 1631 408 1637 408 1638 408 1649 416 1650 416 1652 416 1653 416 1655 416 1680 407 1680 395 1679 361 1649 352 1647 352 1646 352 1603 361 1588 350 1586 350 1585 350 1552 350 1551 350 1549 350 1525 362 1524 364 1274 367 1262 358 1262 356 1261 356 1259 356 1222 356 1221 356 1219 356 1218 356 1207 365 1168 358 1167 358 1165 358 1164 358 1151 368 1124 359 1122 359 1121 359 1015 361 1014 361 1012 361 1012 362 1005 368 962 361 960 361 893 362 892 362 867 374 865 374 855 374 716 365 715 365 713 365 684 377 682 379 630 379 632 416"/></Shape>
	    <String CONTENT="prohibere, &amp; iis gratiæ teſtimonia aut aditum"
                    HPOS="630"
                    VPOS="350"
                    WIDTH="1050"
                    HEIGHT="84"
                    WC="0.985181339581807"></String>
          </TextLine>

          
          
          <TextLine ID="eSc_line_3168c3fd"
                    TAGREFS="LT4318"
                    BASELINE="630 475 1677 452" 
                    HPOS="629"
                    VPOS="404"
                    WIDTH="1048"
                    HEIGHT="91">
            <Shape><Polygon POINTS="630 475 630 492 759 495 761 495 801 489 826 484 849 487 890 492 892 492 936 484 959 481 1009 483 1097 486 1099 486 1100 486 1102 486 1107 480 1109 478 1113 480 1130 486 1131 486 1133 486 1284 483 1389 472 1417 471 1439 472 1525 477 1527 477 1676 465 1677 452 1673 404 1604 419 1485 419 1438 411 1426 410 1424 410 1423 410 1421 410 1420 411 1406 423 1320 423 1256 417 1216 414 1215 414 1213 414 1212 414 1204 419 1192 426 1084 423 954 420 953 420 951 420 950 420 936 429 931 432 907 429 850 423 849 423 847 423 846 423 846 425 837 432 834 435 684 437 660 428 658 428 657 428 655 428 629 438 630 475"/></Shape>
	    <String CONTENT="denegare &amp; præcludere, quibus eam Dominus i¬"
                    HPOS="629"
                    VPOS="404"
                    WIDTH="1048"
                    HEIGHT="91"
                    WC="0.986701787872748"></String>
          </TextLine>

          
          
          <TextLine ID="eSc_line_f5c1e7fa"
                    TAGREFS="LT4318"
                    BASELINE="636 530 1679 513" 
                    HPOS="635"
                    VPOS="465"
                    WIDTH="1044"
                    HEIGHT="89">
            <Shape><Polygon POINTS="636 530 636 554 922 539 1005 545 1039 547 1041 547 1073 544 1127 536 1137 541 1146 545 1148 545 1149 545 1151 545 1152 545 1152 544 1157 541 1163 535 1203 539 1241 544 1243 544 1436 533 1521 529 1534 530 1577 538 1579 538 1580 538 1582 538 1594 529 1595 527 1677 526 1679 513 1676 477 1634 477 1618 465 1616 465 1615 465 1613 465 1502 466 1500 466 1478 478 1457 469 1456 469 1454 469 1396 478 1338 469 1337 469 1335 469 1307 481 1276 475 1274 475 1237 483 1204 472 1203 472 1201 472 1200 472 1165 481 1069 474 1067 474 1066 474 1020 486 925 477 923 477 865 489 815 478 813 478 812 478 810 478 794 490 724 483 722 483 721 483 719 483 709 492 688 481 687 481 685 481 635 493 636 530"/></Shape>
	    <String CONTENT="pſe largitur &amp; concedit. Voto enim Dei ſubſer¬"
                    HPOS="635"
                    VPOS="465"
                    WIDTH="1044"
                    HEIGHT="89"
                    WC="0.997708787088809"></String>
          </TextLine>

          
          
          <TextLine ID="eSc_line_0e689e6d"
                    TAGREFS="LT4318"
                    BASELINE="638 588 956 580" 
                    HPOS="635"
                    VPOS="536"
                    WIDTH="321"
                    HEIGHT="73">
            <Shape><Polygon POINTS="638 588 638 602 688 609 690 609 736 600 743 599 757 599 841 605 843 605 954 593 956 580 953 545 922 536 920 536 919 536 859 548 846 550 835 548 797 539 795 539 794 539 792 539 783 547 742 541 740 541 739 541 716 550 706 553 635 551 638 588"/></Shape>
	    <String CONTENT="uire debemus."
                    HPOS="635"
                    VPOS="536"
                    WIDTH="321"
                    HEIGHT="73"
                    WC="0.991821293647473"></String>
          </TextLine>

          
          
          <TextLine ID="eSc_line_7ee80517"
                    TAGREFS="LT4318"
                    BASELINE="696 645 1682 632" 
                    HPOS="694"
                    VPOS="581"
                    WIDTH="988"
                    HEIGHT="79">
            <Shape><Polygon POINTS="696 645 696 660 1570 654 1580 652 1624 645 1680 651 1682 632 1679 584 1572 581 1570 581 1569 581 1554 585 1536 591 1525 587 1518 582 1516 582 1515 582 1514 582 1505 587 1496 591 1481 587 1463 582 1461 582 1460 582 1430 588 1405 593 1384 588 1354 584 1353 584 1351 584 1350 584 1350 585 1348 585 1345 590 1341 594 1314 590 1287 587 1286 587 1262 591 1238 596 1212 593 1170 587 1168 587 1110 594 1087 597 1072 596 1032 588 1030 588 1029 588 1006 596 999 599 962 597 844 591 843 591 841 591 806 600 798 602 788 600 733 593 731 593 730 593 694 602 696 645"/></Shape>
	    <String CONTENT="Aſſumptio verò confirmatur à Paulo, &amp; hîc"
                    HPOS="694"
                    VPOS="581"
                    WIDTH="988"
                    HEIGHT="79"
                    WC="0.998488816347989"></String>
          </TextLine>

          
          
          <TextLine ID="eSc_line_285d1bb3"
                    TAGREFS="LT4318"
                    BASELINE="636 706 1682 687" 
                    HPOS="635"
                    VPOS="639"
                    WIDTH="1047"
                    HEIGHT="91">
            <Shape><Polygon POINTS="636 706 636 730 724 718 770 727 771 727 773 727 774 727 809 715 991 713 1020 721 1032 724 1033 724 1035 724 1036 724 1045 719 1057 715 1087 719 1115 722 1116 722 1173 716 1250 709 1296 713 1342 718 1344 718 1439 716 1441 716 1461 709 1476 704 1481 709 1488 715 1490 715 1491 715 1493 715 1680 703 1682 687 1677 651 1658 651 1656 651 1640 639 1638 639 1637 639 1635 639 1634 639 1601 651 1595 654 1406 655 1396 654 1359 643 1357 643 1356 643 1354 643 1326 654 1317 657 1296 654 1231 646 1229 646 1228 646 1206 655 1194 660 1164 655 1116 649 1115 649 1113 649 1097 657 1087 661 1002 658 875 652 874 652 873 652 871 652 862 660 853 666 837 660 820 654 819 654 817 654 635 661 636 706"/></Shape>
	    <String CONTENT="diſertiſſimè eſt expreſſa, adhibetúrque argumẽ¬"
                    HPOS="635"
                    VPOS="639"
                    WIDTH="1047"
                    HEIGHT="91"
                    WC="0.987342154979706"></String>
          </TextLine>

          
          
          <TextLine ID="eSc_line_9dc9e618"
                    TAGREFS="LT4318"
                    BASELINE="635 767 1680 746" 
                    HPOS="633"
                    VPOS="698"
                    WIDTH="1047"
                    HEIGHT="90">
            <Shape><Polygon POINTS="635 767 635 779 706 788 707 788 933 774 1003 782 1005 782 1084 771 1221 777 1222 777 1224 777 1225 777 1237 768 1258 774 1259 774 1261 774 1307 767 1454 773 1456 773 1557 762 1638 768 1640 768 1641 768 1680 758 1680 746 1677 709 1600 698 1598 698 1597 698 1566 709 1561 712 1505 712 1502 710 1485 701 1484 701 1482 701 1481 701 1463 710 1460 712 1444 710 1390 706 1389 706 1387 706 1374 712 1365 715 1345 712 1301 704 1299 704 1250 713 1222 718 1195 713 1155 707 1154 707 1082 709 1081 709 1079 709 1072 715 1064 721 1039 715 1012 710 1011 710 972 716 923 724 864 718 835 715 834 715 832 715 826 718 813 725 780 718 767 716 765 716 751 719 700 728 633 721 635 767"/></Shape>
	    <String CONTENT="tum à genere ad ſpeciẽ, ſic, vult Deus omnes ho¬"
                    HPOS="633"
                    VPOS="698"
                    WIDTH="1047"
                    HEIGHT="90"
                    WC="0.983566707372665"></String>
          </TextLine>

          
          
          <TextLine ID="eSc_line_8a70f255"
                    TAGREFS="LT4318"
                    BASELINE="641 825 1682 807" 
                    HPOS="639"
                    VPOS="759"
                    WIDTH="1043"
                    HEIGHT="87">
            <Shape><Polygon POINTS="641 825 641 846 986 832 1021 838 1023 838 1347 826 1497 831 1499 831 1500 831 1502 831 1512 823 1679 828 1682 807 1680 771 1647 759 1646 759 1644 759 1643 759 1615 770 1588 762 1586 762 1585 762 1505 773 1420 762 1418 762 1417 762 1415 762 1400 774 1375 764 1374 764 1372 764 1371 764 1331 776 1295 765 1293 765 1292 765 1290 765 1259 776 1161 767 1160 767 1072 780 1045 770 1044 770 1042 770 984 782 917 771 916 771 914 771 913 771 893 783 823 773 822 773 820 773 819 773 819 774 807 785 688 776 687 776 685 776 639 788 641 825"/></Shape>
	    <String CONTENT="mines ſaluos fieri, &amp; ad fidẽ &amp; Eccleſiam vocari,"
                    HPOS="639"
                    VPOS="759"
                    WIDTH="1043"
                    HEIGHT="87"
                    WC="0.986125438213348"></String>
          </TextLine>

          
          
          <TextLine ID="eSc_line_cfb3f4b7"
                    TAGREFS="LT4318"
                    BASELINE="642 884 1118 872" 
                    HPOS="641"
                    VPOS="826"
                    WIDTH="477"
                    HEIGHT="79">
            <Shape><Polygon POINTS="642 884 642 896 699 905 700 905 749 895 761 892 770 893 803 902 804 902 806 902 807 902 809 902 823 892 828 890 850 892 936 899 938 899 939 899 941 899 956 889 957 889 965 889 1049 895 1051 895 1052 895 1054 895 1067 886 1070 886 1118 886 1118 872 1113 837 993 838 981 828 981 826 980 826 978 826 947 826 945 826 944 826 902 838 880 828 878 828 877 828 840 829 838 829 837 829 837 831 825 841 791 831 789 831 788 831 786 831 751 844 660 834 658 834 657 834 655 834 641 843 642 884"/></Shape>
	    <String CONTENT="Ergo &amp; Magiſtratus."
                    HPOS="641"
                    VPOS="826"
                    WIDTH="477"
                    HEIGHT="79"
                    WC="0.990019525352277"></String>
          </TextLine>

          
          
          <TextLine ID="eSc_line_64881ba8"
                    TAGREFS="LT4318"
                    BASELINE="699 936 1683 923" 
                    HPOS="697"
                    VPOS="877"
                    WIDTH="986"
                    HEIGHT="85">
            <Shape><Polygon POINTS="699 936 699 948 730 960 731 960 733 962 792 962 792 960 794 960 835 948 870 956 871 956 873 956 890 947 1033 945 1134 956 1136 956 1173 948 1243 954 1244 954 1246 954 1276 944 1326 951 1328 951 1392 944 1472 950 1473 950 1475 950 1476 950 1487 942 1542 950 1543 950 1683 935 1683 923 1680 887 1572 877 1570 877 1569 877 1546 889 1545 889 1524 889 1322 881 1320 881 1319 881 1317 881 1305 890 1244 881 1243 881 1241 881 1215 893 1213 893 1201 893 1067 884 1066 884 1064 884 1063 884 1063 886 1051 895 1009 886 1008 886 1006 886 1005 886 993 896 954 896 873 898 871 898 856 887 855 887 853 887 816 887 815 887 697 899 699 936"/></Shape>
	    <String CONTENT="Quæſitum verò eſt, quæ ſit huius tam genera¬"
                    HPOS="697"
                    VPOS="877"
                    WIDTH="986"
                    HEIGHT="85"
                    WC="0.968364992406633"></String>
          </TextLine>

          
          
          <TextLine ID="eSc_line_3ff94953"
                    TAGREFS="LT4318"
                    BASELINE="639 999 1686 978" 
                    HPOS="638"
                    VPOS="931"
                    WIDTH="1048"
                    HEIGHT="86">
            <Shape><Polygon POINTS="639 999 639 1017 1685 993 1686 978 1685 947 1644 931 1643 931 1641 931 1640 931 1601 944 1570 932 1569 932 1567 932 1566 932 1533 948 1528 951 1350 953 1344 950 1329 939 1328 939 1326 939 1250 939 1249 939 1247 939 1224 951 1215 956 1158 957 1133 957 1127 951 1113 941 1112 941 1110 941 1109 941 1107 941 1082 953 1070 957 1021 957 1015 953 1002 944 1000 944 999 944 997 944 953 953 917 962 895 954 870 945 868 945 867 945 795 947 794 947 792 947 782 956 768 965 749 956 733 948 731 948 730 948 638 956 639 999"/></Shape>
	    <String CONTENT="lis Pauli ſententię ratio, vult Deus omnes homi¬"
                    HPOS="638"
                    VPOS="931"
                    WIDTH="1048"
                    HEIGHT="86"
                    WC="0.991107950405199"></String>
          </TextLine>

          
          
          <TextLine ID="eSc_line_92f911c1"
                    TAGREFS="LT4318"
                    BASELINE="641 1060 1685 1039" 
                    HPOS="639"
                    VPOS="997"
                    WIDTH="1046"
                    HEIGHT="75">
            <Shape><Polygon POINTS="641 1060 641 1072 1683 1052 1685 1039 1682 1005 1518 999 1516 999 1411 1008 1375 997 1374 997 1372 997 1296 1011 1282 999 1282 997 1280 997 1279 997 1235 997 1234 997 1232 997 1198 1011 1164 1000 1163 1000 1161 1000 1099 1012 1058 1002 1057 1002 1055 1002 1054 1002 1052 1002 1033 1017 951 1017 936 1005 935 1005 933 1005 932 1005 931 1005 904 1012 893 1005 892 1005 890 1005 889 1005 789 1006 788 1006 786 1006 786 1008 777 1015 725 1008 724 1008 639 1024 641 1060"/></Shape>
	    <String CONTENT="nes, &amp;c. Reſpon. Explicari hac ſententia anti¬"
                    HPOS="639"
                    VPOS="997"
                    WIDTH="1046"
                    HEIGHT="75"
                    WC="0.984323334434758"></String>
          </TextLine>

          
          
          <TextLine ID="eSc_line_b984f7d0"
                    TAGREFS="LT4318"
                    BASELINE="645 1113 1693 1102" 
                    HPOS="643"
                    VPOS="1057"
                    WIDTH="1050"
                    HEIGHT="76">
            <Shape><Polygon POINTS="645 1113 645 1125 765 1133 767 1133 948 1125 1045 1121 1093 1124 1149 1128 1151 1128 1152 1128 1163 1124 1171 1121 1229 1124 1298 1127 1299 1127 1351 1122 1438 1116 1485 1122 1499 1124 1500 1124 1522 1122 1588 1116 1692 1121 1693 1102 1692 1067 1679 1060 1677 1060 1676 1060 1674 1060 1616 1067 1566 1057 1564 1057 1563 1057 1524 1070 1427 1070 1402 1060 1400 1060 1399 1060 1398 1060 1396 1060 1378 1072 1249 1072 1235 1061 1234 1061 1232 1061 1171 1061 1170 1061 1112 1073 1102 1066 1100 1066 1099 1066 1097 1066 977 1075 913 1064 911 1064 643 1078 645 1113"/></Shape>
	    <String CONTENT="qua Prophetarum vaticinia, quæ de vocatione"
                    HPOS="643"
                    VPOS="1057"
                    WIDTH="1050"
                    HEIGHT="76"
                    WC="0.9936938244243"></String>
          </TextLine>

          
          
          <TextLine ID="eSc_line_25153641"
                    TAGREFS="LT4318"
                    BASELINE="643 1174 1689 1157" 
                    HPOS="642"
                    VPOS="1113"
                    WIDTH="1047"
                    HEIGHT="82">
            <Shape><Polygon POINTS="643 1174 643 1185 724 1195 725 1195 727 1195 752 1188 804 1192 806 1194 806 1192 898 1183 936 1191 938 1191 1026 1180 1055 1189 1057 1189 1058 1189 1060 1189 1084 1179 1163 1188 1164 1188 1165 1188 1201 1177 1268 1185 1270 1185 1271 1185 1308 1176 1331 1185 1332 1185 1334 1185 1335 1185 1378 1174 1424 1183 1426 1183 1427 1183 1444 1176 1667 1177 1668 1177 1670 1177 1689 1167 1689 1157 1686 1121 1616 1113 1615 1113 1613 1113 1595 1121 1592 1124 1527 1124 1527 1122 1516 1113 1515 1113 1514 1113 1475 1113 1473 1113 1417 1124 1409 1125 1408 1124 1395 1113 1393 1113 1392 1113 1390 1113 1389 1113 1369 1121 1341 1113 1340 1113 1338 1113 1337 1113 1305 1127 1302 1127 1293 1127 1213 1116 1212 1116 1137 1128 1128 1130 1122 1128 1079 1118 1078 1118 1076 1118 1075 1118 1051 1130 1048 1131 1042 1130 990 1119 989 1119 987 1119 948 1130 889 1131 859 1122 858 1122 856 1122 855 1122 853 1122 838 1133 822 1122 820 1122 819 1122 817 1122 816 1122 815 1122 815 1124 807 1130 771 1124 770 1124 768 1124 727 1136 716 1137 642 1137 643 1174"/></Shape>
	    <String CONTENT="Gentium loquũtur, in quibus, Dei gratia omn i¬"
                    HPOS="642"
                    VPOS="1113"
                    WIDTH="1047"
                    HEIGHT="82"
                    WC="0.988689923540075"></String>
          </TextLine>

          
          
          <TextLine ID="eSc_line_f3a22076"
                    TAGREFS="LT4318"
                    BASELINE="641 1234 1084 1222 1689 1216" 
                    HPOS="639"
                    VPOS="1173"
                    WIDTH="1050"
                    HEIGHT="73">
            <Shape><Polygon POINTS="641 1234 641 1246 1689 1232 1689 1216 1685 1173 1389 1183 1371 1176 1363 1173 1362 1173 1360 1173 1359 1173 1350 1176 1331 1185 1308 1177 1299 1174 1298 1174 1296 1174 1295 1174 1293 1174 1290 1177 1279 1186 1243 1177 1226 1174 1225 1174 1224 1174 1215 1179 1194 1188 1109 1180 1107 1180 1106 1180 1084 1186 1075 1180 1072 1177 1070 1177 1069 1177 1067 1177 972 1180 971 1180 968 1182 951 1189 868 1183 834 1180 832 1180 831 1180 825 1183 803 1195 773 1195 754 1185 749 1182 748 1182 746 1182 728 1185 682 1192 639 1186 641 1234"/></Shape>
	    <String CONTENT="bus hominibus, ſublato nationis, ſexus, ætatis, &amp;"
                    HPOS="639"
                    VPOS="1173"
                    WIDTH="1050"
                    HEIGHT="73"
                    WC="0.995811761641989"></String>
          </TextLine>

          
          
          <TextLine ID="eSc_line_e08b1006"
                    TAGREFS="LT4318"
                    BASELINE="639 1290 1688 1274" 
                    HPOS="638"
                    VPOS="1228"
                    WIDTH="1050"
                    HEIGHT="85">
            <Shape><Polygon POINTS="639 1290 639 1307 696 1313 697 1313 737 1305 748 1304 752 1305 767 1311 768 1311 770 1311 771 1311 792 1304 800 1302 815 1304 859 1310 861 1310 917 1302 929 1301 936 1301 975 1308 977 1308 978 1308 1009 1301 1018 1298 1021 1299 1030 1307 1032 1307 1033 1307 1035 1307 1073 1299 1079 1298 1084 1299 1110 1307 1112 1307 1113 1307 1180 1305 1182 1305 1209 1296 1215 1295 1228 1296 1304 1304 1305 1304 1307 1304 1328 1293 1329 1293 1345 1293 1453 1298 1454 1298 1512 1290 1515 1290 1516 1290 1591 1299 1592 1299 1688 1286 1688 1274 1683 1228 1583 1238 1557 1229 1554 1229 1552 1229 1551 1229 1549 1229 1548 1229 1548 1231 1536 1240 1490 1240 1476 1232 1473 1229 1472 1229 1470 1229 1469 1229 1467 1229 1458 1232 1438 1240 1424 1232 1417 1229 1415 1229 1414 1229 1412 1229 1411 1229 1405 1234 1390 1243 1299 1243 1286 1237 1276 1231 1274 1231 1273 1231 1271 1231 1247 1237 1240 1238 1234 1237 1204 1231 1203 1231 1201 1231 1173 1238 1158 1243 1149 1240 1142 1237 1140 1237 1139 1237 1097 1240 1044 1246 1036 1241 1032 1238 1030 1238 1029 1238 1027 1238 1026 1238 1024 1238 1018 1243 1011 1247 996 1243 981 1238 980 1238 978 1238 948 1244 945 1244 944 1244 935 1235 933 1235 932 1235 931 1235 826 1237 825 1237 823 1237 809 1246 727 1238 725 1238 638 1250 639 1290"/></Shape>
	    <String CONTENT="ordinis diſcrimine, promiſcuè promittitur, in pri"
                    HPOS="638"
                    VPOS="1228"
                    WIDTH="1050"
                    HEIGHT="85"
                    WC="0.981091451644897"></String>
          </TextLine>

          
          
          <TextLine ID="eSc_line_39f2d445"
                    TAGREFS="LT4318"
                    BASELINE="641 1350 1689 1332" 
                    HPOS="639"
                    VPOS="1287"
                    WIDTH="1050"
                    HEIGHT="82">
            <Shape><Polygon POINTS="641 1350 641 1368 813 1369 815 1369 816 1369 835 1365 853 1360 902 1363 963 1366 965 1366 966 1366 968 1366 974 1362 978 1359 996 1360 1029 1365 1030 1365 1032 1365 1042 1360 1048 1357 1055 1360 1073 1365 1075 1365 1076 1365 1133 1357 1164 1354 1188 1357 1229 1362 1231 1362 1232 1362 1256 1356 1268 1353 1284 1354 1329 1360 1331 1360 1332 1360 1362 1353 1371 1351 1383 1353 1424 1359 1426 1359 1427 1359 1450 1351 1456 1348 1688 1345 1689 1332 1686 1296 1607 1287 1606 1287 1604 1287 1603 1287 1603 1289 1594 1296 1560 1289 1558 1289 1557 1289 1555 1289 1545 1298 1444 1298 1409 1287 1408 1287 1406 1287 1405 1287 1372 1301 1316 1301 1274 1289 1273 1289 1271 1289 1270 1289 1268 1289 1247 1302 1186 1290 1185 1290 1183 1290 1151 1305 1045 1305 1030 1293 1029 1293 1027 1293 989 1293 987 1293 986 1293 984 1293 972 1301 868 1296 867 1296 865 1296 864 1296 852 1307 825 1296 823 1296 822 1296 748 1305 728 1298 727 1298 725 1298 639 1313 641 1350"/></Shape>
	    <String CONTENT="miſq; illa differẽtia quæ olim inter Gentes &amp; Iu¬"
                    HPOS="639"
                    VPOS="1287"
                    WIDTH="1050"
                    HEIGHT="82"
                    WC="0.994929642677307"></String>
          </TextLine>

          
          
          <TextLine ID="eSc_line_98a26480"
                    TAGREFS="LT4318"
                    BASELINE="645 1408 1692 1392" 
                    HPOS="643"
                    VPOS="1342"
                    WIDTH="1049"
                    HEIGHT="85">
            <Shape><Polygon POINTS="645 1408 645 1420 694 1427 696 1427 800 1420 831 1427 832 1427 834 1427 835 1427 858 1418 859 1418 862 1418 911 1426 913 1426 914 1426 916 1426 929 1418 931 1417 944 1417 1015 1424 1017 1424 1102 1415 1128 1414 1173 1415 1283 1420 1284 1420 1313 1414 1326 1411 1337 1414 1351 1418 1353 1418 1354 1418 1433 1412 1502 1408 1524 1412 1545 1415 1546 1415 1548 1415 1557 1411 1566 1408 1689 1409 1692 1392 1689 1348 1640 1342 1638 1342 1637 1342 1635 1342 1628 1348 1624 1353 1618 1350 1606 1342 1604 1342 1603 1342 1601 1342 1600 1342 1588 1350 1583 1353 1473 1356 1464 1353 1447 1345 1445 1345 1444 1345 1442 1345 1415 1354 1403 1357 1399 1354 1392 1347 1390 1347 1389 1347 1387 1347 1319 1356 1314 1356 1311 1356 1273 1348 1271 1348 1228 1357 1213 1360 1201 1359 1155 1350 1154 1350 1152 1350 1116 1360 1109 1363 980 1363 978 1363 962 1354 960 1354 959 1354 957 1354 929 1365 926 1365 920 1365 840 1354 838 1354 837 1354 835 1354 835 1356 828 1363 739 1368 670 1357 669 1357 667 1357 643 1368 645 1408"/></Shape>
	    <String CONTENT="dæos cõſtituta erat, hodie cefſat. Quale vaticiniũ"
                    HPOS="643"
                    VPOS="1342"
                    WIDTH="1049"
                    HEIGHT="85"
                    WC="0.995468797592016"></String>
          </TextLine>

          
          
          <TextLine ID="eSc_line_ca462ce5"
                    TAGREFS="LT4318"
                    BASELINE="643 1466 1689 1450" 
                    HPOS="642"
                    VPOS="1402"
                    WIDTH="1047"
                    HEIGHT="80">
            <Shape><Polygon POINTS="643 1466 643 1481 1100 1482 1102 1482 1103 1482 1121 1473 1122 1472 1127 1472 1165 1481 1167 1481 1221 1472 1298 1479 1299 1479 1301 1479 1323 1469 1342 1478 1344 1478 1345 1478 1415 1467 1418 1467 1421 1467 1530 1475 1531 1475 1533 1475 1534 1475 1545 1467 1573 1473 1574 1473 1576 1473 1595 1464 1655 1470 1656 1470 1658 1470 1689 1461 1689 1450 1686 1412 1643 1402 1641 1402 1640 1402 1619 1412 1618 1414 1542 1414 1540 1414 1506 1403 1505 1403 1503 1403 1502 1403 1500 1403 1500 1405 1488 1415 1487 1417 1400 1417 1383 1417 1225 1408 1224 1408 1222 1408 1221 1408 1204 1420 1201 1421 1171 1421 1170 1420 1140 1409 1139 1409 1137 1409 1032 1421 1021 1423 1020 1423 1012 1415 1011 1415 1009 1415 928 1412 926 1412 925 1412 896 1423 746 1415 745 1415 642 1427 643 1466"/></Shape>
	    <String CONTENT="eſt Pſ.2. Pete à me &amp; dabo tibi Gentes in hæredi¬"
                    HPOS="642"
                    VPOS="1402"
                    WIDTH="1047"
                    HEIGHT="80"
                    WC="0.980777457952499"></String>
          </TextLine>

          
          
          <TextLine ID="eSc_line_8cf82ad1"
                    TAGREFS="LT4318"
                    BASELINE="642 1524 1695 1509" 
                    HPOS="641"
                    VPOS="1460"
                    WIDTH="1054"
                    HEIGHT="77">
            <Shape><Polygon POINTS="642 1524 642 1537 1270 1536 1271 1536 1286 1528 1292 1528 1377 1534 1378 1534 1524 1525 1576 1531 1577 1531 1630 1524 1676 1530 1677 1530 1679 1530 1695 1521 1695 1509 1689 1460 1653 1473 1508 1473 1490 1464 1485 1463 1484 1463 1482 1463 1377 1464 1375 1464 1368 1467 1348 1478 1164 1478 1137 1473 1109 1469 1107 1469 1106 1469 1105 1469 1096 1475 1087 1481 991 1481 950 1478 862 1472 861 1472 795 1473 794 1473 792 1473 779 1482 776 1484 765 1482 704 1475 703 1475 701 1475 681 1485 679 1487 641 1487 642 1524"/></Shape>
	    <String CONTENT="tatẽ tuã Malac. 1.V.11. Nomen meũ à ſolis ortu ad"
                    HPOS="641"
                    VPOS="1460"
                    WIDTH="1054"
                    HEIGHT="77"></String>
          </TextLine>

          
          
          <TextLine ID="eSc_line_86824200"
                    TAGREFS="LT4318"
                    BASELINE="645 1582 1689 1566" 
                    HPOS="643"
                    VPOS="1519"
                    WIDTH="1046"
                    HEIGHT="82">
            <Shape><Polygon POINTS="645 1582 645 1597 846 1592 868 1594 928 1601 929 1601 991 1592 999 1592 1003 1592 1049 1598 1051 1598 1052 1598 1054 1598 1064 1591 1067 1589 1075 1591 1099 1598 1100 1598 1102 1598 1103 1598 1105 1598 1116 1591 1121 1588 1142 1591 1188 1597 1189 1597 1261 1595 1262 1595 1264 1595 1274 1588 1279 1586 1310 1588 1400 1594 1402 1594 1403 1594 1418 1586 1424 1583 1447 1586 1482 1591 1484 1591 1485 1591 1506 1585 1515 1583 1531 1585 1583 1591 1585 1591 1689 1582 1689 1566 1685 1531 1543 1531 1522 1519 1521 1519 1519 1519 1518 1519 1399 1536 1340 1536 1319 1524 1317 1524 1289 1524 1287 1524 1286 1524 1284 1524 1270 1536 1221 1525 1219 1525 1041 1527 1039 1527 1038 1527 1038 1528 1026 1537 931 1528 929 1528 893 1536 864 1530 862 1530 861 1530 831 1543 749 1531 748 1531 746 1531 745 1531 745 1533 730 1546 697 1546 669 1533 667 1533 666 1533 664 1533 663 1533 643 1543 645 1582"/></Shape>
	    <String CONTENT="occaſum magnũ eſt etiã inter Gentes lſai.11.v.10."
                    HPOS="643"
                    VPOS="1519"
                    WIDTH="1046"
                    HEIGHT="82"></String>
          </TextLine>

          
          
          <TextLine ID="eSc_line_83cca586"
                    TAGREFS="LT4318"
                    BASELINE="645 1640 1693 1627" 
                    HPOS="643"
                    VPOS="1580"
                    WIDTH="1050"
                    HEIGHT="79">
            <Shape><Polygon POINTS="645 1640 645 1659 1692 1643 1693 1627 1692 1588 1680 1580 1679 1580 1677 1580 1676 1580 1674 1580 1637 1591 1632 1591 1628 1591 1576 1580 1574 1580 1573 1580 1549 1592 1546 1592 1534 1592 1475 1586 1473 1586 1408 1594 1400 1594 1396 1594 1342 1583 1341 1583 1340 1583 1307 1595 1304 1595 1290 1595 1151 1586 1149 1586 1148 1586 1110 1598 1106 1598 1102 1598 1052 1588 1051 1588 996 1600 990 1600 980 1600 887 1591 886 1591 884 1591 849 1601 846 1601 844 1601 798 1592 797 1592 795 1592 773 1601 764 1592 762 1592 761 1592 652 1592 651 1592 649 1592 648 1592 648 1594 646 1594 643 1597 645 1640"/></Shape>
	    <String CONTENT="Et illo tempore, erit, requirent Gentes radicem"
                    HPOS="643"
                    VPOS="1580"
                    WIDTH="1050"
                    HEIGHT="79"
                    WC="0.993407276082546"></String>
          </TextLine>

          
          
          <TextLine ID="eSc_line_293ef784"
                    TAGREFS="LT4318"
                    BASELINE="646 1699 1690 1682" 
                    HPOS="645"
                    VPOS="1638"
                    WIDTH="1045"
                    HEIGHT="82">
            <Shape><Polygon POINTS="646 1699 646 1713 746 1713 757 1720 758 1720 759 1720 761 1720 871 1711 904 1719 905 1719 907 1719 1237 1704 1253 1704 1255 1704 1264 1711 1265 1711 1267 1711 1268 1711 1511 1699 1528 1699 1539 1699 1668 1705 1670 1705 1671 1705 1690 1696 1690 1682 1686 1638 1508 1649 1447 1641 1444 1641 1442 1641 1441 1641 1439 1641 1424 1652 1340 1652 1271 1643 1261 1643 1259 1643 1258 1643 1256 1643 1256 1644 1244 1655 1165 1655 1026 1647 993 1646 991 1646 960 1647 819 1661 803 1650 801 1650 800 1650 798 1650 795 1650 762 1658 754 1650 752 1650 751 1650 749 1650 645 1652 646 1699"/></Shape>
	    <String CONTENT="Ieſai, &amp;c. Imprimis autem de vocatione magi¬"
                    HPOS="645"
                    VPOS="1638"
                    WIDTH="1045"
                    HEIGHT="82"
                    WC="0.984802217646079"></String>
          </TextLine>

          
          
          <TextLine ID="eSc_line_027c7497"
                    TAGREFS="LT4318"
                    BASELINE="648 1754 1690 1744" 
                    HPOS="646"
                    VPOS="1696"
                    WIDTH="1044"
                    HEIGHT="75">
            <Shape><Polygon POINTS="648 1754 648 1771 1689 1760 1690 1744 1686 1696 1624 1705 1583 1698 1573 1696 1572 1696 1570 1696 1564 1698 1537 1707 1405 1701 1341 1699 1340 1699 1338 1699 1323 1704 1304 1708 1277 1704 1243 1699 1241 1699 1240 1699 1224 1705 1212 1710 1207 1705 1203 1701 1201 1701 1200 1701 1198 1701 1197 1701 1180 1707 1168 1710 1148 1707 1106 1701 1105 1701 1069 1708 1054 1711 1032 1710 962 1702 960 1702 959 1702 957 1702 947 1711 932 1704 931 1704 929 1704 803 1714 794 1714 788 1714 713 1707 712 1707 710 1707 691 1714 666 1705 664 1705 663 1705 661 1705 660 1705 646 1713 648 1754"/></Shape>
	    <String CONTENT="ſtratuum ad fidem &amp; Eccleſiam iidem Prophetæ"
                    HPOS="646"
                    VPOS="1696"
                    WIDTH="1044"
                    HEIGHT="75"
                    WC="0.990625596859238"></String>
          </TextLine>

          
          
          <TextLine ID="eSc_line_dcfccc49"
                    TAGREFS="LT4318"
                    BASELINE="645 1815 1696 1802" 
                    HPOS="643"
                    VPOS="1753"
                    WIDTH="1053"
                    HEIGHT="77">
            <Shape><Polygon POINTS="645 1815 645 1830 1579 1826 1695 1817 1696 1802 1692 1763 1631 1763 1628 1763 1594 1753 1592 1753 1591 1753 1589 1753 1567 1763 1563 1765 1540 1763 1482 1759 1481 1759 1383 1765 1317 1768 1298 1765 1256 1757 1255 1757 1221 1765 1219 1765 1197 1759 1195 1759 1194 1759 1192 1759 1191 1759 1183 1765 1180 1768 1170 1765 1139 1759 1137 1759 1136 1759 1110 1766 1091 1771 1054 1766 1008 1760 1006 1760 945 1763 944 1763 942 1763 938 1766 931 1772 890 1768 856 1763 855 1763 853 1763 837 1768 812 1774 770 1768 746 1765 745 1765 643 1768 645 1815"/></Shape>
	    <String CONTENT="Dei concionati ſunt, veluti Iſai.32.V.1. &amp;2. Ecce"
                    HPOS="643"
                    VPOS="1753"
                    WIDTH="1053"
                    HEIGHT="77"
                    WC="0.99037633988322"></String>
          </TextLine>

          
          
          <TextLine ID="eSc_line_0b64eda4"
                    TAGREFS="LT4318"
                    BASELINE="646 1873 1693 1859" 
                    HPOS="645"
                    VPOS="1811"
                    WIDTH="1048"
                    HEIGHT="86">
            <Shape><Polygon POINTS="646 1873 646 1887 739 1897 740 1897 742 1897 770 1887 771 1887 812 1893 813 1893 890 1885 898 1885 902 1885 953 1894 954 1894 956 1894 957 1894 957 1893 968 1885 969 1884 978 1885 1027 1891 1029 1891 1030 1891 1055 1884 1064 1882 1106 1884 1255 1890 1256 1890 1295 1882 1304 1881 1317 1882 1375 1888 1377 1888 1432 1887 1433 1887 1435 1887 1444 1881 1448 1878 1463 1881 1481 1884 1482 1884 1484 1884 1485 1884 1485 1882 1488 1881 1493 1876 1692 1878 1693 1859 1690 1821 1592 1811 1591 1811 1589 1811 1588 1811 1574 1823 1573 1823 1569 1823 1531 1815 1530 1815 1490 1823 1463 1814 1461 1814 1460 1814 1458 1814 1457 1814 1445 1824 1430 1824 1348 1827 1310 1827 1308 1826 1296 1817 1295 1817 1293 1817 1292 1817 1290 1817 1274 1826 1271 1827 1261 1826 1203 1818 1201 1818 1200 1818 1171 1827 1165 1830 1057 1830 1055 1829 1047 1821 1045 1821 1044 1821 991 1820 990 1820 989 1820 960 1830 954 1832 923 1830 757 1823 755 1823 651 1824 649 1824 648 1824 648 1826 646 1826 645 1826 646 1873"/></Shape>
	    <String CONTENT="in iuſtitia regnabit rex, &amp; principes in iudicio"
                    HPOS="645"
                    VPOS="1811"
                    WIDTH="1048"
                    HEIGHT="86"
                    WC="0.990126799792051"></String>
          </TextLine>

          
          
          <TextLine ID="eSc_line_d12f5ca9"
                    TAGREFS="LT4318"
                    BASELINE="652 1933 1693 1918" 
                    HPOS="651"
                    VPOS="1872"
                    WIDTH="1042"
                    HEIGHT="82">
            <Shape><Polygon POINTS="652 1933 652 1954 1693 1934 1693 1918 1690 1885 1661 1885 1640 1872 1638 1872 1637 1872 1635 1872 1634 1872 1632 1872 1613 1884 1552 1873 1551 1873 1549 1873 1548 1873 1539 1881 1502 1875 1500 1875 1499 1875 1497 1875 1487 1884 1461 1875 1460 1875 1458 1875 1457 1875 1456 1875 1444 1885 1398 1875 1396 1875 1395 1875 1368 1888 1340 1878 1338 1878 1337 1878 1335 1878 1302 1888 1261 1878 1259 1878 1258 1878 1256 1878 1255 1878 1238 1888 1171 1878 1170 1878 1168 1878 1115 1891 1102 1879 1100 1879 1099 1879 1067 1879 1066 1879 935 1894 823 1894 801 1884 800 1884 798 1884 797 1884 742 1897 676 1888 675 1888 673 1888 651 1897 652 1933"/></Shape>
	    <String CONTENT="præerunt. Et erit ille vir velut latibulum à ven¬"
                    HPOS="651"
                    VPOS="1872"
                    WIDTH="1042"
                    HEIGHT="82"
                    WC="0.994713780879974"></String>
          </TextLine>

          
          
          <TextLine ID="eSc_line_2065445c"
                    TAGREFS="LT4318"
                    BASELINE="649 1989 1689 1975" 
                    HPOS="648"
                    VPOS="1933"
                    WIDTH="1041"
                    HEIGHT="73">
            <Shape><Polygon POINTS="649 1989 649 2006 1634 1998 1689 1988 1689 1975 1685 1940 1454 1943 1450 1943 1400 1933 1399 1933 1398 1933 1377 1940 1268 1936 1267 1936 1224 1946 1222 1946 1206 1936 1204 1936 1203 1936 1167 1936 1165 1936 1127 1945 1118 1937 1116 1937 1115 1937 1113 1937 983 1939 981 1939 980 1939 968 1948 916 1940 914 1940 913 1940 890 1951 864 1942 862 1942 861 1942 859 1942 858 1942 843 1952 841 1952 840 1952 820 1943 819 1943 817 1943 816 1943 795 1952 794 1952 792 1952 758 1946 757 1946 648 1954 649 1989"/></Shape>
	    <String CONTENT="to, receptus ab imbre, riui aquarum in terra ari¬"
                    HPOS="648"
                    VPOS="1933"
                    WIDTH="1041"
                    HEIGHT="73"
                    WC="0.987351601221124"></String>
          </TextLine>

          
          
          <TextLine ID="eSc_line_d127d9ef"
                    TAGREFS="LT4318"
                    BASELINE="648 2046 1696 2036" 
                    HPOS="646"
                    VPOS="1989"
                    WIDTH="1050"
                    HEIGHT="79">
            <Shape><Polygon POINTS="648 2046 648 2061 661 2068 663 2068 664 2068 807 2059 886 2067 887 2067 928 2059 944 2067 945 2067 947 2067 1106 2056 1244 2064 1246 2064 1287 2055 1525 2061 1527 2061 1528 2061 1552 2052 1563 2059 1564 2059 1566 2059 1567 2061 1665 2061 1665 2059 1667 2059 1696 2049 1696 2036 1692 1994 1594 1998 1582 1995 1566 1989 1564 1989 1563 1989 1561 1989 1551 1995 1542 2000 1518 1995 1491 1991 1490 1991 1488 1991 1487 1991 1479 1997 1473 2000 1461 1997 1442 1991 1441 1991 1439 1991 1405 1997 1392 2000 1378 1998 1351 1992 1350 1992 1282 2000 1243 2003 1229 2000 1210 1995 1209 1995 1207 1995 1206 1995 1195 2000 1191 2003 1173 2001 1124 1994 1122 1994 1042 2003 1023 2004 1011 2003 959 1995 957 1995 956 1995 954 1995 944 2004 941 2007 819 2007 819 2006 798 1997 797 1997 795 1997 794 1997 792 1997 780 2006 777 2007 765 2007 672 1998 670 1998 669 1998 646 2006 648 2046"/></Shape>
	    <String CONTENT="da: vmbra magnæ rupis in terra laborioſa. &amp;c. i¬"
                    HPOS="646"
                    VPOS="1989"
                    WIDTH="1050"
                    HEIGHT="79"
                    WC="0.989599371949832"></String>
          </TextLine>

          
          
          <TextLine ID="eSc_line_bea9c4e0"
                    TAGREFS="LT4318"
                    BASELINE="648 2104 1695 2092" 
                    HPOS="646"
                    VPOS="2049"
                    WIDTH="1049"
                    HEIGHT="73">
            <Shape><Polygon POINTS="648 2104 648 2120 1247 2122 1249 2122 1337 2120 1338 2120 1340 2120 1350 2113 1351 2113 1381 2120 1383 2120 1384 2120 1457 2113 1542 2119 1543 2119 1545 2119 1563 2111 1576 2117 1577 2117 1579 2117 1580 2117 1582 2117 1592 2110 1594 2110 1693 2110 1695 2092 1692 2059 1475 2049 1473 2049 1472 2049 1445 2056 1368 2052 1366 2052 1365 2052 1338 2061 1276 2052 1274 2052 1221 2062 1207 2052 1206 2052 1204 2052 1170 2052 1168 2052 984 2055 907 2067 874 2058 873 2058 871 2058 822 2067 669 2062 667 2062 666 2062 646 2070 648 2104"/></Shape>
	    <String CONTENT="tem cap. 6o. verſ.16. Et ſuges lac Gentium, ma¬"
                    HPOS="646"
                    VPOS="2049"
                    WIDTH="1049"
                    HEIGHT="73"></String>
          </TextLine>

          
          
          <TextLine ID="eSc_line_9d716f4a"
                    TAGREFS="LT4318"
                    BASELINE="646 2165 1698 2153" 
                    HPOS="645"
                    VPOS="2102"
                    WIDTH="1053"
                    HEIGHT="97">
            <Shape><Polygon POINTS="646 2165 646 2190 731 2199 733 2199 734 2199 736 2199 749 2190 831 2196 832 2196 881 2187 893 2186 902 2187 957 2196 959 2196 960 2196 996 2186 1002 2184 1014 2186 1096 2195 1097 2195 1099 2195 1122 2184 1151 2195 1152 2195 1154 2195 1155 2195 1191 2183 1195 2181 1258 2181 1259 2181 1270 2190 1271 2190 1273 2190 1274 2190 1276 2190 1299 2181 1304 2180 1354 2180 1356 2180 1381 2192 1383 2192 1384 2192 1543 2190 1545 2190 1577 2177 1585 2183 1586 2183 1588 2183 1589 2183 1698 2174 1698 2153 1696 2113 1667 2102 1665 2102 1664 2102 1607 2113 1595 2104 1595 2102 1594 2102 1592 2102 1554 2102 1552 2102 1500 2114 1499 2116 1464 2116 1464 2114 1448 2104 1447 2104 1445 2104 1444 2104 1442 2104 1420 2116 1418 2116 1414 2116 1342 2105 1341 2105 1340 2105 1338 2105 1328 2114 1304 2107 1302 2107 1301 2107 1299 2107 1268 2117 1265 2117 1264 2117 1235 2110 1234 2110 1232 2110 1231 2110 1215 2117 1215 2119 1194 2119 1078 2119 1039 2108 1038 2108 1036 2108 1035 2108 1012 2120 1011 2120 1003 2120 898 2110 896 2110 840 2122 837 2122 832 2122 690 2113 688 2113 687 2113 645 2123 646 2165"/></Shape>
	    <String CONTENT="millã regũ ſuges. Quæ omnia Deiverba nõ dubi¬"
                    HPOS="645"
                    VPOS="2102"
                    WIDTH="1053"
                    HEIGHT="97"
                    WC="0.978016912937164"></String>
          </TextLine>

          
        </TextBlock>
        
        <TextBlock HPOS="1612.1168212890625"
                   VPOS="2183.693359375"
                   WIDTH="87.5123291015625"
                   HEIGHT="40.952880859375"
                   ID="block_2"
                   TAGREFS="BT10978">
          <Shape><Polygon POINTS="1612.12 2183.69 1699.63 2183.69 1699.63 2224.65 1612.12 2224.65 1612.12 2183.69"/></Shape>
          
          
          <TextLine ID="eSc_line_d6fb62ec"
                    TAGREFS="LT4318"
                    BASELINE="1621 2214 1699 2214" 
                    HPOS="1621"
                    VPOS="2171"
                    WIDTH="78"
                    HEIGHT="64">
            <Shape><Polygon POINTS="1695 2190 1689 2177 1646 2171 1644 2171 1643 2171 1628 2177 1621 2210 1621 2214 1621 2235 1699 2232 1699 2214 1699 2178 1695 2190"/></Shape>
	    <String CONTENT="tat"
                    HPOS="1621"
                    VPOS="2171"
                    WIDTH="78"
                    HEIGHT="64"
                    WC="0.999623656272888"></String>
          </TextLine>

          
        </TextBlock>
        

        
      </PrintSpace>
    </Page>
  </Layout>
</alto>
