<?xml version="1.0" encoding="UTF-8"?>
<alto xmlns:xsi="http://www.w3.org/2001/XMLSchema-instance"
      xmlns="http://www.loc.gov/standards/alto/ns-v4#"
      xsi:schemaLocation="http://www.loc.gov/standards/alto/ns-v4# http://www.loc.gov/standards/alto/v4/alto-4-2.xsd">
  <Description>
    <MeasurementUnit>pixel</MeasurementUnit>
    <sourceImageInformation>
      <fileName>2012992.png</fileName>
      
    </sourceImageInformation>
  </Description>
  
  <Tags>
    <OtherTag ID="BT10983" LABEL="GraphicZone" DESCRIPTION="block type GraphicZone"/><OtherTag ID="BT10982" LABEL="DropCapitalZone" DESCRIPTION="block type DropCapitalZone"/><OtherTag ID="BT10981" LABEL="RunningTitleZone" DESCRIPTION="block type RunningTitleZone"/><OtherTag ID="BT10980" LABEL="NumberingZone" DESCRIPTION="block type NumberingZone"/><OtherTag ID="BT10979" LABEL="TitlePageZone" DESCRIPTION="block type TitlePageZone"/><OtherTag ID="BT10978" LABEL="QuireMarksZone" DESCRIPTION="block type QuireMarksZone"/><OtherTag ID="BT10977" LABEL="MainZone" DESCRIPTION="block type MainZone"/><OtherTag ID="BT10976" LABEL="MarginTextZone" DESCRIPTION="block type MarginTextZone"/>
    <OtherTag ID="LT4321" LABEL="default" DESCRIPTION="line type default"/><OtherTag ID="LT4319" LABEL="HeadingLine" DESCRIPTION="line type HeadingLine"/><OtherTag ID="LT4318" LABEL="DefaultLine" DESCRIPTION="line type DefaultLine"/><OtherTag ID="LT4320" LABEL="CustomLine : BiblicalText" DESCRIPTION="line type CustomLine : BiblicalText"/>
  </Tags>
  
  <Layout>
    <Page WIDTH="1807"
          HEIGHT="2677"
          PHYSICAL_IMG_NR="39"
          ID="eSc_dummypage_">
      <PrintSpace HPOS="0"
                  VPOS="0"
                  WIDTH="1807"
                  HEIGHT="2677">
        
        <TextBlock HPOS="645.4456787109375"
                   VPOS="154.55189514160156"
                   WIDTH="101.28277587890625"
                   HEIGHT="63.82109069824219"
                   ID="block_1"
                   TAGREFS="BT10980">
          <Shape><Polygon POINTS="645.446 154.552 746.728 154.552 746.728 218.373 645.446 218.373 645.446 154.552"/></Shape>
          
          
          <TextLine ID="eSc_line_3055e4d1"
                    TAGREFS="LT4318"
                    BASELINE="654 206 746 203" 
                    HPOS="652"
                    VPOS="147"
                    WIDTH="94"
                    HEIGHT="83">
            <Shape><Polygon POINTS="666 148 652 168 654 206 654 230 746 211 746 203 743 171 725 171 725 169 700 148 700 147 699 147 697 147 670 147 669 147 666 148"/></Shape>
	    <String CONTENT="80"
                    HPOS="652"
                    VPOS="147"
                    WIDTH="94"
                    HEIGHT="83"
                    WC="0.999614804983139"></String>
          </TextLine>

          
        </TextBlock>
        
        <TextBlock HPOS="841.9443359375"
                   VPOS="133.4777069091797"
                   WIDTH="681.1895751953125"
                   HEIGHT="78.60426330566406"
                   ID="block_0"
                   TAGREFS="BT10981">
          <Shape><Polygon POINTS="841.944 133.478 1523.13 133.478 1523.13 212.082 841.944 212.082 841.944 133.478"/></Shape>
          
          
          <TextLine ID="eSc_line_04e4b58f"
                    TAGREFS="LT4319"
                    BASELINE="841 202 1518 185" 
                    HPOS="840"
                    VPOS="129"
                    WIDTH="678"
                    HEIGHT="94">
            <Shape><Polygon POINTS="1503 138 1487 130 1485 130 1484 130 1427 135 1420 129 1418 129 1411 129 1390 141 1311 148 1290 141 1289 141 1287 141 1286 141 1262 151 1224 151 1207 138 1206 138 1204 138 1203 138 1201 138 1200 138 1183 148 1137 148 1088 135 1087 135 1085 135 1030 136 1029 136 1005 147 980 142 978 142 977 142 975 142 950 159 887 159 874 151 873 151 871 151 870 151 868 151 840 160 841 202 841 212 859 223 861 223 862 223 980 211 1024 206 1044 211 1063 215 1064 215 1066 215 1067 215 1082 211 1087 209 1112 211 1209 217 1210 217 1212 217 1224 211 1226 209 1241 211 1279 214 1280 214 1282 214 1289 211 1304 203 1328 208 1329 208 1331 208 1332 208 1344 199 1369 199 1387 211 1389 212 1390 212 1392 212 1393 212 1395 212 1400 211 1421 200 1436 209 1438 209 1439 209 1441 211 1518 211 1518 185 1516 151 1509 144"/></Shape>
	    <String CONTENT="AD I. PAVL. AD TIM."
                    HPOS="840"
                    VPOS="129"
                    WIDTH="678"
                    HEIGHT="94"></String>
          </TextLine>

          
        </TextBlock>
        
        <TextBlock HPOS="640.3375854492188"
                   VPOS="220.45289611816406"
                   WIDTH="1083.2717895507812"
                   HEIGHT="1958.198226928711"
                   ID="block_3"
                   TAGREFS="BT10977">
          <Shape><Polygon POINTS="640.338 220.453 1723.61 220.453 1723.61 2178.65 640.338 2178.65 640.338 220.453"/></Shape>
          
          
          <TextLine ID="eSc_line_15d42a8c"
                    TAGREFS="LT4318"
                    BASELINE="651 281 1124 261 1695 252" 
                    HPOS="649"
                    VPOS="202"
                    WIDTH="1046"
                    HEIGHT="98">
            <Shape><Polygon POINTS="1674 208 1659 206 1644 203 1637 202 1637 203 1621 212 1511 208 1453 205 1451 205 1450 205 1433 209 1408 217 1377 212 1350 208 1348 208 1347 208 1332 214 1316 220 1302 214 1290 209 1289 209 1287 209 1286 209 1268 215 1253 221 1240 217 1225 211 1224 211 1222 211 1173 218 1163 220 1151 220 1088 215 1087 215 1085 215 1063 223 1048 227 1029 224 993 217 991 217 990 217 989 217 975 226 968 230 895 230 892 229 884 223 883 223 881 223 880 223 878 223 856 230 849 232 843 230 825 224 823 224 822 224 820 224 819 224 810 232 807 233 795 232 761 227 759 227 649 236 651 281 651 300 725 290 800 295 820 297 822 297 823 297 828 295 844 287 898 292 904 292 905 292 907 292 908 292 938 284 1027 288 1036 288 1038 288 1039 288 1041 288 1055 281 1180 284 1219 284 1221 284 1222 284 1224 284 1224 282 1225 282 1231 276 1252 281 1259 282 1261 282 1301 279 1362 275 1372 278 1393 282 1395 282 1396 282 1398 282 1426 275 1435 273 1439 275 1451 281 1453 281 1454 281 1456 281 1472 273 1478 272 1500 273 1567 278 1569 278 1693 266 1695 252 1686 209 1674 208"/></Shape>
	    <String CONTENT="pſo corpore noſtro velut cincinni, vel Circa cor¬"
                    HPOS="649"
                    VPOS="202"
                    WIDTH="1046"
                    HEIGHT="98"
                    WC="0.995201748244616"></String>
          </TextLine>

          
          
          <TextLine ID="eSc_line_29c5d15d"
                    TAGREFS="LT4318"
                    BASELINE="652 339 1100 322 1696 313" 
                    HPOS="649"
                    VPOS="270"
                    WIDTH="1047"
                    HEIGHT="91">
            <Shape><Polygon POINTS="652 339 652 361 981 339 1259 334 1365 343 1366 343 1368 343 1392 334 1479 342 1481 342 1551 333 1563 340 1564 340 1566 340 1567 340 1634 328 1647 337 1649 337 1650 337 1652 339 1696 339 1696 313 1693 278 1323 270 1322 270 1320 270 1280 285 1273 278 1271 278 1270 278 1174 273 1173 273 1093 276 1091 276 1090 276 1076 287 1054 276 1052 276 1051 276 996 278 994 278 993 278 972 292 969 292 911 279 910 279 908 279 907 279 886 294 847 281 846 281 844 281 843 281 782 297 777 298 649 298 652 339"/></Shape>
	    <String CONTENT="pus, qualis eſt veſtitus: cultus noſter nimius quem"
                    HPOS="649"
                    VPOS="270"
                    WIDTH="1047"
                    HEIGHT="91"
                    WC="0.98241082944122"></String>
          </TextLine>

          
          
          <TextLine ID="eSc_line_57c9a727"
                    TAGREFS="LT4318"
                    BASELINE="651 392 1695 370" 
                    HPOS="649"
                    VPOS="325"
                    WIDTH="1046"
                    HEIGHT="88">
            <Shape><Polygon POINTS="651 392 651 408 785 413 786 413 841 404 858 403 868 404 901 410 902 410 947 403 956 400 1277 394 1283 394 1322 401 1323 401 1368 392 1369 392 1398 400 1399 400 1400 400 1402 400 1421 391 1432 391 1622 395 1624 395 1695 383 1695 370 1692 336 1630 325 1628 325 1627 325 1594 337 1592 337 1588 337 1511 330 1509 330 1508 330 1476 340 1473 340 1472 340 1430 328 1429 328 1427 328 1362 342 1348 333 1347 333 1345 333 1279 331 1277 331 1276 331 1231 345 1229 346 1133 348 1131 348 1110 336 1109 336 1107 336 1106 336 1078 348 1021 337 1020 337 1018 337 993 349 983 340 983 339 981 339 980 339 925 339 923 339 922 339 896 350 856 340 855 340 853 340 852 340 809 353 809 355 712 356 710 356 684 345 682 345 681 345 679 345 649 356 651 392"/></Shape>
	    <String CONTENT="damnat, ſiue ille ſit nimius ratione Materie, velu¬"
                    HPOS="649"
                    VPOS="325"
                    WIDTH="1046"
                    HEIGHT="88"
                    WC="0.985799976423675"></String>
          </TextLine>

          
          
          <TextLine ID="eSc_line_585301b3"
                    TAGREFS="LT4318"
                    BASELINE="652 453 1698 431" 
                    HPOS="651"
                    VPOS="382"
                    WIDTH="1047"
                    HEIGHT="90">
            <Shape><Polygon POINTS="652 453 652 468 752 472 754 472 794 465 815 461 820 464 828 471 829 471 831 471 832 471 868 464 928 469 929 469 931 469 948 461 954 458 994 459 1045 462 1047 462 1081 458 1099 455 1103 456 1113 462 1115 462 1116 462 1195 455 1224 452 1250 453 1351 458 1353 458 1354 458 1383 449 1386 449 1390 449 1453 458 1454 458 1524 449 1625 455 1627 455 1698 440 1698 431 1695 394 1582 394 1560 382 1558 382 1557 382 1478 397 1226 389 1225 389 1224 389 1222 389 1209 400 1171 391 1170 391 1168 391 1167 391 1136 406 1061 406 1027 394 1026 394 1024 394 1023 394 1000 406 922 401 920 401 919 401 899 408 864 397 862 397 861 397 798 407 728 404 727 404 725 404 724 404 709 413 672 406 670 406 669 406 651 413 652 453"/></Shape>
	    <String CONTENT="ti quia ſumptuoſior, vel Additæ exquiſitæque"
                    HPOS="651"
                    VPOS="382"
                    WIDTH="1047"
                    HEIGHT="90"
                    WC="0.992288104512475"></String>
          </TextLine>

          
          
          <TextLine ID="eSc_line_9f339672"
                    TAGREFS="LT4318"
                    BASELINE="651 511 1698 490" 
                    HPOS="649"
                    VPOS="446"
                    WIDTH="1049"
                    HEIGHT="78">
            <Shape><Polygon POINTS="651 511 651 524 1698 508 1698 490 1696 455 1679 446 1677 446 1676 446 1618 455 1616 455 1560 446 1558 446 1487 447 1485 447 1484 447 1470 456 1469 458 1467 456 1456 449 1454 449 1453 449 1451 449 1450 449 1426 456 1398 449 1396 449 1395 449 1393 449 1366 458 1354 462 1168 465 1078 459 1021 456 1020 456 1018 456 1017 456 1012 461 1002 466 965 461 945 458 944 458 942 458 933 461 914 466 883 461 870 459 868 459 840 462 716 474 649 464 651 511"/></Shape>
	    <String CONTENT="lautit iæ, venuſtatis, aut operæ manus. Ad primum"
                    HPOS="649"
                    VPOS="446"
                    WIDTH="1049"
                    HEIGHT="78"
                    WC="0.98697924005742"></String>
          </TextLine>

          
          
          <TextLine ID="eSc_line_77062a2b"
                    TAGREFS="LT4318"
                    BASELINE="655 569 1081 556 1699 547" 
                    HPOS="654"
                    VPOS="501"
                    WIDTH="1045"
                    HEIGHT="86">
            <Shape><Polygon POINTS="655 569 655 587 953 574 965 580 969 581 971 581 972 581 986 578 1009 574 1017 578 1021 581 1023 581 1024 581 1026 581 1027 581 1029 581 1033 578 1041 572 1119 575 1168 577 1170 577 1171 577 1173 577 1177 574 1186 569 1273 571 1387 574 1389 574 1460 566 1490 563 1519 565 1616 569 1618 569 1619 569 1621 569 1630 562 1631 560 1634 562 1652 568 1653 568 1655 568 1699 559 1699 547 1696 511 1632 501 1631 501 1573 502 1572 502 1549 513 1482 504 1481 504 1479 504 1456 514 1403 505 1402 505 1274 508 1273 508 1241 519 1209 510 1207 510 1206 510 1134 520 1106 511 1105 511 1103 511 1102 511 1067 522 1017 514 1015 514 1014 514 987 523 957 516 956 516 954 516 953 516 951 516 951 517 942 524 807 517 806 517 804 517 770 529 654 530 655 569"/></Shape>
	    <String CONTENT="pertinet ἰματισμὸς πολυτελής. Palliola enim illa fe¬"
                    HPOS="654"
                    VPOS="501"
                    WIDTH="1045"
                    HEIGHT="86"></String>
          </TextLine>

          
          
          <TextLine ID="eSc_line_aaed3594"
                    TAGREFS="LT4318"
                    BASELINE="657 629 1699 606" 
                    HPOS="655"
                    VPOS="562"
                    WIDTH="1044"
                    HEIGHT="84">
            <Shape><Polygon POINTS="657 629 657 643 797 639 803 642 807 646 809 646 810 646 812 646 862 642 901 638 907 640 916 645 917 645 919 645 945 640 969 636 1036 639 1110 642 1112 642 1113 642 1115 642 1119 638 1125 633 1180 636 1219 639 1221 639 1222 639 1224 639 1228 636 1237 630 1258 636 1271 639 1273 639 1274 639 1276 639 1284 635 1301 629 1331 635 1347 638 1348 638 1350 638 1356 635 1369 627 1395 633 1399 635 1400 635 1402 636 1472 636 1472 635 1473 635 1478 633 1494 626 1514 632 1518 633 1519 633 1521 633 1699 629 1699 606 1696 574 1577 562 1576 562 1488 577 1438 566 1436 566 1435 566 1433 566 1415 580 1314 580 1283 565 1282 565 1280 565 1213 566 1212 566 1210 566 1185 581 1088 578 1087 578 1085 578 1067 585 1038 571 1036 571 1035 571 929 582 916 574 914 574 913 574 864 574 862 574 816 575 815 575 813 575 813 577 801 585 761 577 759 577 758 577 757 577 733 593 655 594 657 629"/></Shape>
	    <String CONTENT="re eſle ſolebant ſumptuoſiſſima, magnique pre¬"
                    HPOS="655"
                    VPOS="562"
                    WIDTH="1044"
                    HEIGHT="84"></String>
          </TextLine>

          
          
          <TextLine ID="eSc_line_5ca51ce4"
                    TAGREFS="LT4318"
                    BASELINE="657 687 1701 666" 
                    HPOS="655"
                    VPOS="621"
                    WIDTH="1046"
                    HEIGHT="88">
            <Shape><Polygon POINTS="657 687 657 698 690 709 691 709 693 709 748 698 878 706 880 706 993 696 1102 701 1103 701 1209 690 1250 698 1252 698 1311 697 1313 697 1335 687 1499 691 1500 691 1502 691 1516 684 1615 688 1616 688 1701 678 1701 666 1696 633 1594 633 1560 621 1558 621 1557 621 1490 623 1488 623 1487 623 1472 636 1470 636 1402 624 1400 624 1320 639 1314 639 1299 639 1112 630 1110 630 1109 630 1107 630 1090 642 1088 643 1082 642 1029 632 1027 632 932 645 929 645 928 645 880 635 878 635 877 635 843 646 837 649 690 651 685 649 669 640 667 640 666 640 664 640 663 640 655 645 657 687"/></Shape>
	    <String CONTENT="tij, vt ex diſputatione Hieronym. aduerſ. Iouinia."
                    HPOS="655"
                    VPOS="621"
                    WIDTH="1046"
                    HEIGHT="88"
                    WC="0.979542366266251"></String>
          </TextLine>

          
          
          <TextLine ID="eSc_line_7b290334"
                    TAGREFS="LT4318"
                    BASELINE="655 748 1701 724" 
                    HPOS="654"
                    VPOS="676"
                    WIDTH="1047"
                    HEIGHT="91">
            <Shape><Polygon POINTS="655 748 655 767 834 767 834 765 835 765 837 765 843 761 852 756 911 759 980 762 981 762 1021 756 1049 752 1075 755 1105 758 1106 758 1107 758 1109 758 1109 756 1112 754 1116 751 1136 754 1174 758 1176 758 1177 758 1195 752 1204 749 1238 751 1302 754 1304 754 1305 754 1307 754 1313 749 1316 746 1325 748 1354 754 1356 754 1357 754 1371 746 1375 745 1383 746 1405 752 1406 752 1408 752 1481 743 1493 743 1508 743 1631 748 1632 748 1701 737 1701 724 1698 687 1631 676 1630 676 1574 688 1564 690 1554 688 1503 679 1502 679 1500 679 1479 690 1475 691 1457 690 1383 682 1381 682 1380 682 1344 691 1342 691 1317 684 1316 684 1314 684 1313 684 1311 684 1311 685 1304 693 1299 696 1259 693 1174 687 1173 687 1097 696 1041 703 654 703 655 748"/></Shape>
	    <String CONTENT="intelligitur, purpurea ſcilicet. Ad ſecundum mẽ¬"
                    HPOS="654"
                    VPOS="676"
                    WIDTH="1047"
                    HEIGHT="91"
                    WC="0.983025648155991"></String>
          </TextLine>

          
          
          <TextLine ID="eSc_line_586192f9"
                    TAGREFS="LT4318"
                    BASELINE="655 807 1704 783" 
                    HPOS="654"
                    VPOS="739"
                    WIDTH="1050"
                    HEIGHT="90">
            <Shape><Polygon POINTS="655 807 655 820 718 829 719 829 721 829 759 819 761 817 936 814 939 814 981 823 983 823 984 823 1020 813 1075 820 1076 820 1078 820 1112 810 1115 810 1146 810 1155 810 1167 819 1168 819 1170 819 1171 819 1222 810 1241 817 1243 817 1244 817 1293 816 1295 816 1296 816 1311 806 1347 814 1348 814 1350 814 1351 814 1375 804 1392 812 1393 812 1395 813 1505 813 1505 812 1506 812 1534 801 1628 807 1630 807 1631 807 1632 807 1647 797 1704 795 1704 783 1699 749 1624 749 1622 749 1583 739 1582 739 1580 739 1579 739 1577 739 1577 740 1567 751 1566 752 1430 754 1426 752 1414 743 1412 743 1411 743 1375 743 1374 743 1372 743 1337 752 1331 754 1316 752 1244 746 1243 746 1182 754 1163 756 1155 755 1137 749 1136 749 1134 749 1133 749 1131 749 1124 755 1116 761 1082 761 1066 755 1051 751 1049 751 1048 751 1020 756 980 765 911 765 898 758 895 755 893 755 892 755 890 755 889 755 878 758 844 767 819 759 817 759 816 759 712 770 654 761 655 807"/></Shape>
	    <String CONTENT="brum, &amp; ad exquiſitas lautitias veſtitus pertinent"
                    HPOS="654"
                    VPOS="739"
                    WIDTH="1050"
                    HEIGHT="90"
                    WC="0.967225971221924"></String>
          </TextLine>

          
          
          <TextLine ID="eSc_line_550eebdf"
                    TAGREFS="LT4318"
                    BASELINE="655 864 1702 843" 
                    HPOS="654"
                    VPOS="800"
                    WIDTH="1048"
                    HEIGHT="86">
            <Shape><Polygon POINTS="655 864 655 877 727 886 728 886 730 886 731 886 746 875 748 874 816 874 822 874 870 883 871 883 873 883 874 883 883 875 889 880 890 880 892 880 893 880 895 880 896 880 904 872 905 871 981 871 986 871 1027 880 1029 880 1100 870 1109 868 1124 868 1243 875 1244 875 1246 875 1247 875 1261 868 1438 871 1439 871 1441 871 1473 862 1476 861 1478 861 1491 870 1493 870 1494 870 1496 871 1552 871 1552 870 1702 856 1702 843 1699 809 1627 800 1625 800 1624 800 1589 809 1551 801 1549 801 1548 801 1527 810 1435 804 1433 804 1432 804 1430 804 1421 812 1405 804 1403 804 1402 804 1400 804 1365 813 1328 806 1326 806 1325 806 1296 814 1212 809 1210 809 1145 817 1107 810 1106 810 654 826 655 864"/></Shape>
	    <String CONTENT="ornamenta margaritarum, auri, &amp; phrygionicæ"
                    HPOS="654"
                    VPOS="800"
                    WIDTH="1048"
                    HEIGHT="86"
                    WC="0.978914479876673"></String>
          </TextLine>

          
          
          <TextLine ID="eSc_line_fb62b294"
                    TAGREFS="LT4318"
                    BASELINE="658 922 1705 901" 
                    HPOS="657"
                    VPOS="856"
                    WIDTH="1048"
                    HEIGHT="85">
            <Shape><Polygon POINTS="658 922 658 941 807 931 835 938 841 939 843 939 844 939 846 939 853 938 883 928 1014 928 1023 933 1026 935 1027 935 1029 935 1030 935 1032 935 1039 932 1058 926 1081 931 1093 933 1094 933 1137 929 1200 923 1207 928 1212 932 1213 932 1215 932 1216 932 1240 926 1262 922 1289 925 1329 931 1331 931 1704 913 1705 901 1701 856 1630 868 1598 859 1594 858 1592 858 1591 858 1589 858 1583 859 1552 870 1502 862 1481 859 1479 859 1478 859 1469 862 1448 871 1423 864 1409 861 1408 861 1406 861 1405 861 1403 861 1398 865 1386 872 1334 867 1310 865 1308 865 1290 868 1253 875 1219 871 1180 865 1179 865 1125 867 1124 867 1110 874 1102 878 1094 874 1079 868 1078 868 1076 868 1075 868 1047 875 1035 878 1018 877 957 870 956 870 954 870 929 880 923 881 871 881 721 880 719 880 657 887 658 922"/></Shape>
	    <String CONTENT="operæ quæ adduntur. Irẽ torques, armillæ, annu¬"
                    HPOS="657"
                    VPOS="856"
                    WIDTH="1048"
                    HEIGHT="85"
                    WC="0.984987276295821"></String>
          </TextLine>

          
          
          <TextLine ID="eSc_line_94434f54"
                    TAGREFS="LT4318"
                    BASELINE="661 980 1705 959" 
                    HPOS="660"
                    VPOS="911"
                    WIDTH="1045"
                    HEIGHT="88">
            <Shape><Polygon POINTS="661 980 661 991 703 999 704 999 706 999 707 999 716 991 718 991 725 991 878 994 880 994 881 994 883 994 889 989 892 986 1033 984 1066 986 1180 991 1182 991 1256 990 1258 990 1277 981 1280 981 1286 981 1329 989 1331 989 1705 974 1705 959 1702 919 1659 911 1658 911 1656 911 1637 919 1630 922 1615 919 1579 913 1577 913 1576 913 1563 920 1551 926 1466 926 1442 922 1414 916 1412 916 1411 916 1396 922 1383 928 1332 923 1302 920 1301 920 1284 923 1253 931 1215 925 1186 920 1185 920 1183 920 1182 920 1176 925 1165 933 1105 933 1091 926 1088 923 1087 923 1085 923 1035 923 1033 923 1032 923 1024 926 1009 935 936 928 914 926 913 926 911 926 910 926 910 928 908 928 899 936 886 929 883 928 881 928 880 928 878 928 875 929 859 938 826 929 819 928 817 928 816 928 815 928 813 928 812 929 801 936 742 932 740 932 739 932 737 932 725 941 660 932 661 980"/></Shape>
	    <String CONTENT="li, &amp;c. huiuſmodi de quibus Tertullianus lib. de"
                    HPOS="660"
                    VPOS="911"
                    WIDTH="1045"
                    HEIGHT="88"
                    WC="0.984426837414503"></String>
          </TextLine>

          
          
          <TextLine ID="eSc_line_3fc6e1f6"
                    TAGREFS="LT4318"
                    BASELINE="658 1039 1704 1017" 
                    HPOS="657"
                    VPOS="968"
                    WIDTH="1047"
                    HEIGHT="90">
            <Shape><Polygon POINTS="658 1039 658 1058 1112 1042 1148 1045 1213 1049 1215 1049 1216 1049 1218 1049 1218 1048 1225 1042 1229 1039 1247 1042 1286 1047 1287 1047 1289 1047 1308 1039 1311 1039 1331 1039 1491 1044 1493 1044 1595 1032 1597 1032 1652 1039 1653 1039 1704 1027 1704 1017 1699 971 1582 980 1570 972 1564 968 1563 968 1561 968 1560 968 1558 968 1557 968 1549 972 1534 981 1359 978 1357 978 1320 986 1250 978 1235 977 1234 977 1232 977 1229 978 1209 987 1134 981 1133 981 1131 981 1130 981 1118 990 1097 980 1093 978 1091 978 1090 978 1073 981 1038 987 1018 981 1011 980 1009 980 1008 980 1006 980 999 983 969 991 942 983 935 981 933 981 932 981 901 983 899 983 898 983 898 984 883 994 847 984 844 984 843 984 841 984 840 984 837 984 800 996 777 986 776 986 774 986 730 986 728 986 727 986 725 986 725 987 715 994 657 989 658 1039"/></Shape>
	    <String CONTENT="Habitu mulierum: &amp; Cyprianus quoque. Et pul¬"
                    HPOS="657"
                    VPOS="968"
                    WIDTH="1047"
                    HEIGHT="90"
                    WC="0.997509066354145"></String>
          </TextLine>

          
          
          <TextLine ID="eSc_line_8150204d"
                    TAGREFS="LT4318"
                    BASELINE="660 1094 1705 1076" 
                    HPOS="658"
                    VPOS="1030"
                    WIDTH="1047"
                    HEIGHT="91">
            <Shape><Polygon POINTS="660 1094 660 1112 712 1112 713 1112 730 1121 731 1121 733 1121 734 1121 758 1112 762 1110 770 1112 815 1119 816 1119 817 1119 840 1110 846 1109 874 1110 972 1116 974 1116 975 1116 999 1109 1009 1106 1061 1107 1171 1113 1173 1113 1174 1113 1186 1106 1194 1103 1250 1106 1332 1110 1334 1110 1335 1110 1351 1105 1357 1103 1371 1105 1403 1109 1405 1109 1448 1103 1469 1102 1519 1103 1616 1106 1618 1106 1619 1106 1628 1102 1638 1096 1646 1102 1649 1105 1650 1105 1652 1105 1653 1105 1705 1100 1705 1076 1702 1041 1655 1030 1653 1030 1572 1041 1554 1032 1552 1032 1551 1032 1549 1032 1506 1044 1505 1045 1473 1045 1441 1045 1429 1035 1427 1035 1426 1035 1424 1035 1423 1035 1403 1044 1268 1036 1267 1036 1165 1048 1145 1039 1143 1039 1142 1039 1140 1039 1106 1048 1024 1041 1023 1041 1021 1041 1020 1041 1000 1052 1000 1054 999 1054 956 1054 932 1042 931 1042 929 1042 928 1042 926 1042 926 1044 913 1055 835 1055 807 1045 806 1045 804 1045 743 1057 688 1047 687 1047 685 1047 658 1057 660 1094"/></Shape>
	    <String CONTENT="chra eſt veráque illa Plauti ſententia in Moſtell."
                    HPOS="658"
                    VPOS="1030"
                    WIDTH="1047"
                    HEIGHT="91"
                    WC="0.978468433314679"></String>
          </TextLine>

          
          
          <TextLine ID="eSc_line_227f496c"
                    TAGREFS="LT4318"
                    BASELINE="663 1157 962 1148" 
                    HPOS="660"
                    VPOS="1100"
                    WIDTH="302"
                    HEIGHT="79">
            <Shape><Polygon POINTS="663 1157 663 1179 721 1171 736 1177 737 1177 739 1177 740 1177 742 1177 742 1176 743 1176 748 1170 782 1174 791 1176 792 1176 794 1176 795 1176 795 1174 797 1174 803 1168 838 1173 861 1174 862 1174 864 1174 865 1174 870 1170 880 1165 959 1165 962 1148 959 1109 859 1100 858 1100 856 1100 815 1113 806 1116 709 1116 707 1116 681 1106 679 1106 678 1106 676 1106 675 1106 660 1113 663 1157"/></Shape>
	    <String CONTENT="ſcen.3.Act.1."
                    HPOS="660"
                    VPOS="1100"
                    WIDTH="302"
                    HEIGHT="79"></String>
          </TextLine>

          
          
          <TextLine ID="eSc_line_1635b22c"
                    TAGREFS="LT4318"
                    BASELINE="718 1212 1708 1194" 
                    HPOS="716"
                    VPOS="1140"
                    WIDTH="992"
                    HEIGHT="92">
            <Shape><Polygon POINTS="718 1226 917 1223 923 1223 962 1232 963 1232 965 1232 966 1232 980 1223 981 1222 991 1223 1045 1231 1047 1231 1048 1231 1067 1222 1072 1221 1107 1222 1246 1226 1247 1226 1249 1226 1267 1219 1268 1219 1290 1226 1292 1226 1293 1226 1386 1222 1387 1222 1389 1222 1389 1221 1393 1218 1396 1215 1432 1216 1521 1222 1522 1222 1707 1212 1708 1194 1707 1157 1664 1145 1662 1145 1661 1145 1659 1145 1612 1157 1582 1140 1580 1140 1579 1140 1505 1142 1503 1142 1502 1142 1487 1152 1467 1142 1466 1142 1464 1142 1375 1143 1295 1145 1293 1145 1261 1161 1226 1146 1225 1146 1224 1146 1222 1146 1221 1146 1192 1164 1119 1152 1118 1152 1116 1152 1115 1152 1099 1164 1044 1168 981 1168 968 1158 966 1158 965 1158 963 1158 962 1158 960 1158 944 1168 928 1161 926 1161 925 1161 835 1170 809 1158 807 1158 806 1158 804 1158 776 1171 759 1160 758 1160 757 1160 755 1160 754 1160 716 1173 718 1212"/></Shape>
	    <String CONTENT="Poſtea nequaquam exornata eſt benè, ſi mo¬"
                    HPOS="716"
                    VPOS="1140"
                    WIDTH="992"
                    HEIGHT="92"
                    WC="0.969910523226095"></String>
          </TextLine>

          
          
          <TextLine ID="eSc_line_93775808"
                    TAGREFS="LT4318"
                    BASELINE="661 1273 969 1265" 
                    HPOS="660"
                    VPOS="1215"
                    WIDTH="309"
                    HEIGHT="78">
            <Shape><Polygon POINTS="661 1273 661 1292 844 1283 847 1284 853 1290 853 1292 855 1292 856 1292 858 1293 892 1293 892 1292 893 1292 895 1292 905 1283 933 1290 935 1290 936 1290 938 1290 969 1279 969 1265 968 1228 941 1215 939 1215 904 1215 902 1215 901 1215 899 1215 881 1225 874 1231 823 1231 812 1223 803 1218 801 1218 800 1218 798 1218 797 1218 783 1223 762 1232 734 1226 733 1226 731 1226 706 1234 694 1223 694 1222 693 1222 691 1222 660 1221 661 1273"/></Shape>
	    <String CONTENT="rata eſt malé."
                    HPOS="660"
                    VPOS="1215"
                    WIDTH="309"
                    HEIGHT="78"
                    WC="0.972830549875895"></String>
          </TextLine>

          
          
          <TextLine ID="eSc_line_4855ab6c"
                    TAGREFS="LT4318"
                    BASELINE="719 1328 1710 1313" 
                    HPOS="718"
                    VPOS="1261"
                    WIDTH="992"
                    HEIGHT="93">
            <Shape><Polygon POINTS="719 1328 719 1345 757 1345 759 1345 771 1354 773 1354 774 1354 776 1354 1036 1350 1038 1350 1049 1344 1057 1339 1118 1339 1133 1342 1154 1348 1155 1348 1157 1348 1237 1342 1313 1337 1332 1341 1341 1344 1342 1344 1344 1344 1369 1341 1421 1335 1430 1341 1435 1344 1436 1344 1438 1344 1439 1344 1478 1341 1548 1334 1561 1339 1567 1342 1569 1342 1570 1342 1588 1339 1628 1332 1641 1339 1643 1341 1644 1341 1646 1341 1647 1341 1708 1338 1710 1313 1705 1261 1641 1268 1561 1264 1511 1262 1509 1262 1508 1262 1491 1267 1454 1276 1420 1268 1414 1268 1412 1268 1411 1268 1406 1270 1369 1280 1347 1271 1341 1268 1340 1268 1338 1268 1337 1268 1326 1271 1296 1281 1255 1274 1238 1271 1237 1271 1235 1271 1226 1274 1204 1283 1182 1276 1176 1274 1174 1274 1173 1274 1171 1274 1165 1276 1145 1284 911 1289 865 1289 859 1286 829 1273 828 1273 826 1273 825 1273 774 1287 770 1289 767 1287 736 1274 734 1274 733 1274 731 1274 730 1274 730 1276 718 1286 719 1328"/></Shape>
	    <String CONTENT="Pulchrum ornatum turpes mores peius cœno"
                    HPOS="718"
                    VPOS="1261"
                    WIDTH="992"
                    HEIGHT="93"
                    WC="0.998401556909084"></String>
          </TextLine>

          
          
          <TextLine ID="eSc_line_556f8085"
                    TAGREFS="LT4318"
                    BASELINE="664 1387 898 1387" 
                    HPOS="664"
                    VPOS="1338"
                    WIDTH="234"
                    HEIGHT="76">
            <Shape><Polygon POINTS="664 1387 664 1414 737 1403 785 1408 823 1411 825 1411 898 1400 898 1387 898 1348 856 1338 855 1338 853 1338 852 1338 831 1347 725 1338 724 1338 664 1347 664 1387"/></Shape>
	    <String CONTENT="collinunt."
                    HPOS="664"
                    VPOS="1338"
                    WIDTH="234"
                    HEIGHT="76"
                    WC="0.999761426448822"></String>
          </TextLine>

          
          
          <TextLine ID="eSc_line_0a452a84"
                    TAGREFS="LT4318"
                    BASELINE="724 1445 1713 1429" 
                    HPOS="722"
                    VPOS="1375"
                    WIDTH="991"
                    HEIGHT="95">
            <Shape><Polygon POINTS="724 1445 724 1461 742 1470 743 1470 745 1470 746 1470 748 1470 748 1469 757 1461 762 1461 972 1467 974 1467 975 1467 996 1457 1008 1466 1009 1466 1011 1466 1012 1467 1076 1467 1076 1466 1142 1455 1170 1464 1171 1464 1173 1464 1174 1464 1176 1464 1192 1454 1241 1463 1243 1463 1244 1463 1246 1463 1262 1453 1264 1451 1359 1451 1374 1451 1387 1458 1389 1458 1390 1458 1392 1458 1454 1450 1516 1458 1518 1458 1519 1458 1560 1448 1580 1457 1582 1457 1583 1457 1713 1444 1713 1429 1707 1375 1674 1392 1619 1393 1530 1393 1485 1380 1481 1378 1479 1378 1478 1378 1476 1378 1475 1378 1473 1380 1458 1393 1450 1386 1448 1386 1447 1386 1445 1386 1392 1392 1380 1383 1378 1383 1377 1383 1363 1381 1299 1381 1298 1381 1296 1381 1292 1383 1261 1399 1225 1399 1209 1384 1207 1383 1206 1383 1204 1383 1203 1383 1090 1384 1088 1384 1082 1387 1066 1396 1020 1389 1000 1386 999 1386 997 1386 996 1386 991 1389 971 1402 942 1393 941 1393 939 1393 938 1393 904 1402 875 1392 874 1392 873 1392 871 1392 870 1392 870 1393 856 1403 819 1396 817 1396 761 1405 746 1393 742 1390 740 1390 739 1390 737 1390 736 1390 722 1393 724 1445"/></Shape>
	    <String CONTENT="Sed tamen, nequa hîc ſuperſtitio naſcatur, auri"
                    HPOS="722"
                    VPOS="1375"
                    WIDTH="991"
                    HEIGHT="95"
                    WC="0.997011208285888"></String>
          </TextLine>

          
          
          <TextLine ID="eSc_line_933d54cb"
                    TAGREFS="LT4318"
                    BASELINE="667 1505 1713 1487" 
                    HPOS="666"
                    VPOS="1441"
                    WIDTH="1047"
                    HEIGHT="86">
            <Shape><Polygon POINTS="667 1505 667 1519 838 1527 840 1527 1014 1524 1015 1524 1038 1516 1045 1515 1060 1516 1100 1522 1102 1522 1170 1516 1213 1512 1222 1515 1232 1519 1234 1519 1235 1519 1256 1515 1277 1511 1711 1511 1713 1487 1710 1445 1662 1441 1661 1441 1631 1445 1589 1453 1567 1447 1554 1442 1552 1442 1551 1442 1549 1442 1533 1447 1499 1457 1362 1458 1329 1448 1326 1448 1325 1448 1323 1448 1322 1448 1320 1448 1301 1458 1276 1450 1271 1448 1270 1448 1268 1448 1256 1450 1186 1461 1152 1451 1148 1450 1146 1450 1145 1450 1143 1450 1137 1451 1103 1461 1085 1451 1084 1451 1082 1451 1081 1451 1079 1451 1078 1451 1058 1464 1011 1464 901 1454 899 1454 898 1454 896 1454 858 1464 843 1455 841 1455 840 1455 838 1455 837 1455 806 1469 752 1469 731 1457 730 1457 728 1457 666 1457 667 1505"/></Shape>
	    <String CONTENT="vſum prorſus non damnat Paulus, quemadmodũ"
                    HPOS="666"
                    VPOS="1441"
                    WIDTH="1047"
                    HEIGHT="86"
                    WC="0.999384867590527"></String>
          </TextLine>

          
          
          <TextLine ID="eSc_line_3b97ad93"
                    TAGREFS="LT4318"
                    BASELINE="667 1564 1713 1546" 
                    HPOS="666"
                    VPOS="1500"
                    WIDTH="1047"
                    HEIGHT="83">
            <Shape><Polygon POINTS="667 1564 667 1579 916 1583 917 1583 919 1583 938 1577 951 1573 971 1576 1000 1582 1002 1582 1003 1582 1020 1576 1035 1570 1143 1570 1157 1574 1164 1577 1165 1577 1167 1577 1210 1574 1296 1567 1320 1573 1331 1576 1332 1576 1334 1576 1335 1576 1345 1573 1365 1567 1519 1570 1521 1570 1522 1570 1540 1563 1558 1571 1560 1571 1561 1571 1563 1571 1570 1570 1607 1563 1618 1570 1619 1570 1621 1570 1622 1570 1713 1569 1713 1546 1711 1506 1693 1500 1692 1500 1690 1500 1689 1500 1676 1506 1670 1509 1662 1506 1641 1500 1640 1500 1638 1500 1637 1500 1618 1508 1604 1512 1585 1508 1558 1503 1557 1503 1525 1509 1506 1513 1502 1511 1493 1503 1491 1503 1490 1503 1458 1503 1457 1503 1342 1513 1304 1516 1298 1515 1277 1506 1276 1506 1274 1506 1273 1506 1243 1515 1232 1518 1218 1516 1179 1511 1177 1511 1176 1511 1174 1511 1167 1516 1163 1521 1079 1521 1076 1519 1049 1511 1048 1511 1047 1511 1045 1511 1015 1521 1006 1522 991 1521 928 1512 926 1512 865 1522 829 1516 828 1516 666 1527 667 1564"/></Shape>
	    <String CONTENT="nec margaritarum: vti nec Petrus Palliorum. ſed"
                    HPOS="666"
                    VPOS="1500"
                    WIDTH="1047"
                    HEIGHT="83"
                    WC="0.994957165515169"></String>
          </TextLine>

          
          
          <TextLine ID="eSc_line_b9c6c51c"
                    TAGREFS="LT4318"
                    BASELINE="669 1622 1713 1607" 
                    HPOS="667"
                    VPOS="1563"
                    WIDTH="1046"
                    HEIGHT="81">
            <Shape><Polygon POINTS="669 1622 669 1635 748 1644 749 1644 902 1632 911 1632 926 1641 928 1641 929 1641 931 1641 932 1641 953 1632 1051 1640 1052 1640 1054 1640 1084 1629 1087 1629 1099 1629 1218 1637 1219 1637 1221 1637 1250 1628 1287 1637 1289 1637 1290 1637 1292 1637 1322 1628 1371 1635 1372 1635 1374 1635 1399 1625 1400 1625 1406 1625 1502 1634 1503 1634 1548 1625 1603 1632 1604 1632 1606 1632 1607 1632 1621 1624 1696 1631 1698 1631 1699 1631 1701 1631 1713 1622 1713 1607 1710 1576 1644 1576 1609 1563 1607 1563 1606 1563 1548 1576 1546 1577 1332 1577 1296 1567 1295 1567 1293 1567 1292 1567 1265 1576 1241 1569 1240 1569 1238 1569 1163 1570 1161 1570 1160 1570 1149 1577 1087 1570 1085 1570 1084 1570 1060 1580 1051 1583 1018 1580 968 1576 966 1576 965 1576 948 1580 936 1585 929 1582 911 1573 910 1573 883 1573 881 1573 880 1573 878 1573 868 1582 862 1588 797 1588 789 1582 779 1574 777 1574 776 1574 774 1574 773 1574 755 1582 746 1586 724 1583 682 1576 681 1576 679 1576 667 1580 669 1622"/></Shape>
	    <String CONTENT="tantum nimiam in iis laſciuiam, arrogantiam,"
                    HPOS="667"
                    VPOS="1563"
                    WIDTH="1046"
                    HEIGHT="81"
                    WC="0.982693057168614"></String>
          </TextLine>

          
          
          <TextLine ID="eSc_line_5ad52bf1"
                    TAGREFS="LT4318"
                    BASELINE="670 1680 1713 1665" 
                    HPOS="669"
                    VPOS="1618"
                    WIDTH="1044"
                    HEIGHT="84">
            <Shape><Polygon POINTS="670 1680 670 1701 771 1702 773 1702 774 1702 780 1701 797 1693 822 1699 828 1701 829 1701 831 1701 1085 1698 1109 1696 1194 1687 1240 1695 1249 1695 1250 1695 1252 1695 1255 1693 1279 1687 1412 1692 1427 1692 1429 1692 1435 1692 1503 1683 1537 1690 1540 1690 1542 1690 1543 1690 1545 1690 1567 1683 1711 1687 1713 1665 1710 1629 1622 1618 1621 1618 1619 1618 1618 1618 1601 1628 1494 1631 1451 1621 1450 1621 1448 1621 1398 1632 1377 1625 1375 1625 1374 1625 1292 1634 1270 1624 1268 1624 1267 1624 1231 1631 1206 1625 1204 1625 1203 1625 1201 1625 1200 1625 1186 1637 1091 1637 1069 1627 1067 1627 1066 1627 1064 1627 1027 1637 1012 1628 1011 1628 1009 1628 1008 1628 939 1635 892 1628 890 1628 889 1628 887 1628 873 1638 856 1629 855 1629 853 1629 852 1629 817 1638 684 1631 682 1631 681 1631 679 1631 679 1632 669 1641 670 1680"/></Shape>
	    <String CONTENT="ſumptum, faſtum, immodoſtiæque plenam cultus"
                    HPOS="669"
                    VPOS="1618"
                    WIDTH="1044"
                    HEIGHT="84"
                    WC="0.995166850360957"></String>
          </TextLine>

          
          
          <TextLine ID="eSc_line_a5f53b07"
                    TAGREFS="LT4318"
                    BASELINE="670 1741 1714 1725" 
                    HPOS="669"
                    VPOS="1676"
                    WIDTH="1045"
                    HEIGHT="86">
            <Shape><Polygon POINTS="670 1741 670 1753 773 1760 774 1760 776 1760 800 1753 801 1753 804 1753 858 1762 859 1762 861 1762 898 1753 904 1751 914 1753 971 1759 972 1759 974 1759 975 1759 984 1751 987 1750 1008 1751 1052 1756 1054 1756 1055 1756 1057 1756 1063 1751 1067 1748 1075 1751 1091 1757 1093 1757 1094 1759 1143 1759 1143 1757 1145 1757 1160 1751 1170 1747 1222 1747 1228 1750 1234 1756 1235 1756 1237 1756 1238 1756 1240 1756 1262 1750 1282 1745 1292 1750 1302 1754 1304 1754 1305 1754 1399 1753 1400 1753 1411 1750 1430 1743 1467 1748 1476 1750 1478 1750 1485 1748 1527 1741 1561 1748 1570 1750 1572 1750 1573 1750 1576 1748 1592 1741 1607 1748 1609 1748 1610 1748 1612 1748 1613 1748 1615 1748 1640 1741 1713 1747 1714 1725 1711 1690 1641 1690 1624 1679 1622 1679 1621 1679 1619 1679 1618 1679 1595 1686 1561 1676 1560 1676 1558 1676 1557 1676 1555 1676 1536 1687 1505 1679 1503 1679 1502 1679 1500 1679 1499 1679 1478 1693 1331 1695 1314 1682 1313 1682 1311 1682 1310 1682 1252 1689 1241 1680 1240 1680 1238 1680 1237 1680 1235 1680 1189 1693 1163 1682 1161 1682 1160 1682 1158 1682 1116 1693 1073 1687 1072 1687 1070 1687 1045 1695 991 1685 990 1685 913 1696 898 1687 896 1687 895 1687 893 1687 832 1695 804 1687 803 1687 801 1687 800 1687 798 1687 789 1695 757 1690 755 1690 754 1690 752 1690 731 1704 679 1695 678 1695 676 1695 675 1695 675 1696 673 1696 669 1701 670 1741"/></Shape>
	    <String CONTENT="muliebris rationem &amp; Chriſtianis indecoram."
                    HPOS="669"
                    VPOS="1676"
                    WIDTH="1045"
                    HEIGHT="86"
                    WC="0.995665342308754"></String>
          </TextLine>

          
          
          <TextLine ID="eSc_line_911f1298"
                    TAGREFS="LT4318"
                    BASELINE="672 1798 1717 1783" 
                    HPOS="670"
                    VPOS="1737"
                    WIDTH="1047"
                    HEIGHT="83">
            <Shape><Polygon POINTS="672 1798 672 1811 693 1820 694 1820 696 1820 896 1809 950 1808 966 1809 1009 1815 1011 1815 1012 1815 1027 1809 1035 1806 1093 1809 1192 1814 1194 1814 1302 1808 1432 1801 1479 1806 1500 1809 1502 1809 1589 1808 1591 1808 1595 1806 1613 1798 1716 1805 1717 1783 1714 1748 1613 1737 1612 1737 1610 1737 1589 1748 1588 1748 1585 1748 1540 1738 1539 1738 1436 1748 1403 1751 1374 1748 1328 1744 1326 1744 1270 1748 1224 1753 1197 1750 1161 1744 1160 1744 1158 1744 1142 1750 1133 1751 1106 1750 1057 1745 1055 1745 1054 1745 1038 1750 1012 1756 997 1750 987 1745 986 1745 984 1745 983 1745 971 1750 950 1757 919 1750 910 1748 908 1748 907 1748 902 1750 878 1759 837 1753 835 1753 752 1760 739 1750 737 1750 736 1750 734 1750 670 1750 672 1798"/></Shape>
	    <String CONTENT="Quanquam enim longè potius animi in muliere"
                    HPOS="670"
                    VPOS="1737"
                    WIDTH="1047"
                    HEIGHT="83"
                    WC="0.992193513295867"></String>
          </TextLine>

          
          
          <TextLine ID="eSc_line_7b628962"
                    TAGREFS="LT4318"
                    BASELINE="670 1856 1717 1839" 
                    HPOS="669"
                    VPOS="1792"
                    WIDTH="1048"
                    HEIGHT="84">
            <Shape><Polygon POINTS="670 1856 670 1870 852 1876 853 1876 951 1869 999 1876 1000 1876 1002 1876 1023 1866 1163 1864 1174 1873 1176 1873 1177 1873 1179 1875 1231 1875 1231 1873 1406 1862 1524 1869 1525 1869 1527 1869 1552 1859 1604 1859 1618 1867 1619 1867 1621 1867 1622 1867 1717 1854 1717 1839 1713 1802 1592 1804 1585 1802 1555 1792 1554 1792 1552 1792 1551 1792 1525 1802 1518 1806 1482 1806 1473 1802 1447 1793 1445 1793 1444 1793 1442 1793 1441 1793 1427 1802 1420 1806 1365 1804 1270 1796 1268 1796 1203 1804 1137 1811 1119 1804 1110 1801 1109 1801 1044 1799 1042 1799 1041 1799 1039 1799 1039 1801 1035 1804 1029 1809 1018 1805 1018 1804 1017 1804 1015 1804 1014 1804 1012 1804 1009 1805 990 1811 966 1805 950 1801 948 1801 947 1801 898 1804 896 1804 895 1804 895 1805 893 1805 883 1814 849 1805 847 1805 846 1805 844 1805 843 1805 841 1805 829 1815 785 1805 774 1804 773 1804 771 1804 762 1805 724 1815 669 1806 670 1856"/></Shape>
	    <String CONTENT="diſſoluti aut ſuperbi ratio habenda eſt, quàm ex¬"
                    HPOS="669"
                    VPOS="1792"
                    WIDTH="1048"
                    HEIGHT="84"
                    WC="0.98127280831337"></String>
          </TextLine>

          
          
          <TextLine ID="eSc_line_28a25e01"
                    TAGREFS="LT4318"
                    BASELINE="672 1915 1717 1899" 
                    HPOS="670"
                    VPOS="1854"
                    WIDTH="1047"
                    HEIGHT="82">
            <Shape><Polygon POINTS="672 1915 672 1927 703 1936 704 1936 706 1936 707 1936 724 1927 862 1925 1021 1931 1023 1931 1024 1931 1057 1922 1335 1927 1337 1927 1479 1917 1670 1921 1671 1921 1717 1911 1717 1899 1714 1862 1638 1854 1637 1854 1566 1863 1564 1863 1563 1863 1534 1856 1533 1856 1531 1856 1530 1856 1528 1856 1528 1857 1521 1864 1519 1866 1458 1866 1458 1864 1432 1857 1430 1857 1429 1857 1427 1857 1399 1866 1398 1866 1390 1866 1270 1862 1268 1862 1267 1862 1240 1869 1237 1869 1226 1869 1075 1863 1073 1863 1072 1863 1035 1872 1033 1872 965 1864 963 1864 962 1864 960 1864 945 1873 861 1866 859 1866 813 1875 765 1867 764 1867 762 1867 761 1867 754 1875 733 1869 731 1869 730 1869 670 1878 672 1915"/></Shape>
	    <String CONTENT="terni ornatus: tamen nec externus iſte cultus, qui"
                    HPOS="670"
                    VPOS="1854"
                    WIDTH="1047"
                    HEIGHT="82"
                    WC="0.988227785825729"></String>
          </TextLine>

          
          
          <TextLine ID="eSc_line_9f19af2b"
                    TAGREFS="LT4318"
                    BASELINE="672 1975 1723 1957" 
                    HPOS="670"
                    VPOS="1909"
                    WIDTH="1053"
                    HEIGHT="89">
            <Shape><Polygon POINTS="672 1975 672 1991 757 1998 758 1998 759 1998 782 1989 786 1986 880 1986 883 1988 898 1995 899 1995 901 1995 902 1995 929 1986 935 1983 1029 1983 1041 1985 1107 1992 1109 1992 1170 1991 1171 1991 1195 1980 1197 1980 1198 1980 1215 1989 1216 1989 1218 1989 1322 1988 1323 1988 1350 1979 1429 1986 1430 1986 1432 1986 1433 1986 1447 1978 1539 1985 1540 1985 1542 1985 1543 1985 1543 1983 1554 1975 1624 1983 1625 1983 1723 1970 1723 1957 1719 1917 1658 1920 1653 1917 1644 1909 1643 1909 1641 1909 1598 1909 1597 1909 1595 1909 1594 1909 1582 1917 1574 1922 1463 1924 1454 1918 1445 1912 1444 1912 1442 1912 1441 1912 1439 1912 1424 1918 1414 1924 1402 1920 1387 1912 1386 1912 1384 1912 1383 1912 1368 1920 1363 1921 1360 1920 1347 1914 1345 1914 1344 1914 1290 1920 1234 1927 1216 1921 1201 1915 1200 1915 1198 1915 1197 1915 1185 1921 1170 1928 1109 1922 1082 1920 1081 1920 1079 1920 1078 1920 1075 1922 1064 1930 1011 1922 983 1920 981 1920 980 1920 966 1924 932 1933 911 1924 905 1921 904 1921 849 1921 847 1921 823 1925 759 1936 670 1927 672 1975"/></Shape>
	    <String CONTENT="impudicitiam aut proteruiam redolet, maléque"
                    HPOS="670"
                    VPOS="1909"
                    WIDTH="1053"
                    HEIGHT="89"
                    WC="0.99081072807312"></String>
          </TextLine>

          
          
          <TextLine ID="eSc_line_14a7fd20"
                    TAGREFS="LT4318"
                    BASELINE="673 2034 1722 2016" 
                    HPOS="672"
                    VPOS="1973"
                    WIDTH="1050"
                    HEIGHT="79">
            <Shape><Polygon POINTS="673 2034 673 2046 846 2052 847 2052 849 2052 850 2052 850 2050 852 2050 856 2044 856 2043 954 2043 1002 2050 1003 2050 1005 2050 1036 2041 1038 2041 1107 2049 1109 2049 1152 2040 1167 2047 1168 2047 1170 2047 1171 2047 1203 2038 1204 2038 1209 2038 1282 2046 1283 2046 1722 2030 1722 2016 1717 1978 1551 1982 1542 1980 1518 1973 1516 1973 1515 1973 1514 1973 1499 1980 1491 1985 1411 1985 1406 1982 1398 1975 1396 1975 1395 1975 1393 1975 1392 1975 1369 1983 1359 1986 1342 1983 1299 1976 1298 1976 1237 1985 1229 1986 1225 1986 1200 1978 1198 1978 1197 1978 1093 1988 1090 1988 1087 1988 956 1982 954 1982 953 1982 951 1982 939 1991 938 1992 935 1991 917 1983 916 1983 914 1983 858 1992 855 1992 852 1992 768 1985 767 1985 765 1985 764 1985 751 1995 746 1997 672 1997 673 2034"/></Shape>
	    <String CONTENT="modeſtæ mulieri &amp; probæ conuenit, tolerandus"
                    HPOS="672"
                    VPOS="1973"
                    WIDTH="1050"
                    HEIGHT="79"
                    WC="0.978758917613463"></String>
          </TextLine>

          
          
          <TextLine ID="eSc_line_f5484338"
                    TAGREFS="LT4318"
                    BASELINE="675 2092 1722 2073" 
                    HPOS="673"
                    VPOS="2027"
                    WIDTH="1049"
                    HEIGHT="86">
            <Shape><Polygon POINTS="675 2092 675 2104 767 2104 771 2104 804 2113 806 2113 807 2113 809 2113 834 2102 837 2101 954 2101 956 2101 991 2111 993 2111 994 2111 996 2111 1020 2101 1154 2098 1173 2105 1174 2105 1176 2105 1177 2105 1179 2105 1188 2098 1235 2107 1237 2107 1301 2095 1344 2104 1345 2104 1389 2095 1476 2102 1478 2102 1569 2091 1683 2096 1685 2096 1686 2096 1722 2086 1722 2073 1719 2038 1649 2027 1647 2027 1646 2027 1644 2027 1634 2036 1588 2028 1586 2028 1585 2028 1557 2040 1528 2031 1527 2031 1525 2031 1476 2041 1438 2036 1436 2036 1372 2043 1331 2033 1329 2033 1328 2033 1326 2033 1305 2044 1235 2046 1209 2036 1207 2036 1206 2036 1075 2047 1064 2038 1063 2038 1061 2038 1005 2038 1003 2038 905 2052 880 2041 878 2041 877 2041 875 2041 831 2053 807 2043 806 2043 804 2043 803 2043 776 2053 718 2044 716 2044 715 2044 673 2056 675 2092"/></Shape>
	    <String CONTENT="eſt. Ac de ea ipſa re ſunt leges ſumptuariæ à Ma¬"
                    HPOS="673"
                    VPOS="2027"
                    WIDTH="1049"
                    HEIGHT="86"
                    WC="0.988520383834839"></String>
          </TextLine>

          
          
          <TextLine ID="eSc_line_3e7c2888"
                    TAGREFS="LT4318"
                    BASELINE="681 2150 1725 2134" 
                    HPOS="679"
                    VPOS="2085"
                    WIDTH="1046"
                    HEIGHT="102">
            <Shape><Polygon POINTS="681 2150 681 2187 861 2187 862 2187 864 2187 870 2183 898 2166 966 2166 1011 2166 1033 2177 1047 2184 1048 2184 1049 2184 1051 2184 1052 2184 1064 2177 1084 2165 1110 2175 1134 2183 1136 2183 1137 2183 1185 2181 1186 2181 1222 2171 1253 2162 1334 2162 1348 2166 1380 2178 1381 2178 1383 2180 1439 2180 1439 2178 1527 2168 1528 2168 1530 2168 1530 2166 1537 2160 1539 2159 1542 2160 1566 2166 1567 2166 1569 2166 1606 2157 1610 2157 1612 2157 1658 2168 1659 2168 1661 2168 1686 2154 1725 2153 1725 2134 1723 2096 1695 2085 1693 2085 1692 2085 1533 2098 1499 2089 1497 2089 1496 2089 1427 2099 1392 2089 1390 2089 1389 2089 1387 2089 1386 2089 1369 2099 1302 2091 1301 2091 1247 2102 1200 2092 1198 2092 1197 2092 1161 2101 1139 2094 1137 2094 1136 2094 1134 2094 1115 2104 1058 2094 1057 2094 989 2102 941 2096 939 2096 938 2096 911 2107 838 2098 837 2098 835 2098 834 2098 817 2110 774 2110 719 2099 718 2099 716 2099 679 2111 681 2150"/></Shape>
	    <String CONTENT="giſtratibus Chriſtianis ferendæ. Quæ luxu etiam"
                    HPOS="679"
                    VPOS="2085"
                    WIDTH="1046"
                    HEIGHT="102"
                    WC="0.997453206397117"></String>
          </TextLine>

          
        </TextBlock>
        
        <TextBlock HPOS="1589.58935546875"
                   VPOS="2162.56298828125"
                   WIDTH="139.15087890625"
                   HEIGHT="47.69482421875"
                   ID="block_2"
                   TAGREFS="BT10978">
          <Shape><Polygon POINTS="1589.59 2162.56 1728.74 2162.56 1728.74 2210.26 1589.59 2210.26 1589.59 2162.56"/></Shape>
          
          
          <TextLine ID="eSc_line_daa7ac0d"
                    TAGREFS="LT4318"
                    BASELINE="1597 2196 1732 2196" 
                    HPOS="1597"
                    VPOS="2150"
                    WIDTH="135"
                    HEIGHT="89">
            <Shape><Polygon POINTS="1597 2196 1598 2239 1634 2226 1731 2239 1732 2196 1732 2150 1702 2150 1701 2150 1699 2150 1698 2150 1698 2152 1689 2159 1597 2157 1597 2196"/></Shape>
	    <String CONTENT="vetus"
                    HPOS="1597"
                    VPOS="2150"
                    WIDTH="135"
                    HEIGHT="89"
                    WC="0.986887574195862"></String>
          </TextLine>

          
        </TextBlock>
        

        
      </PrintSpace>
    </Page>
  </Layout>
</alto>
