<?xml version="1.0" encoding="UTF-8"?>
<alto xmlns:xsi="http://www.w3.org/2001/XMLSchema-instance"
      xmlns="http://www.loc.gov/standards/alto/ns-v4#"
      xsi:schemaLocation="http://www.loc.gov/standards/alto/ns-v4# http://www.loc.gov/standards/alto/v4/alto-4-2.xsd">
  <Description>
    <MeasurementUnit>pixel</MeasurementUnit>
    <sourceImageInformation>
      <fileName>2012957.png</fileName>
      
    </sourceImageInformation>
  </Description>
  
  <Tags>
    <OtherTag ID="BT10983" LABEL="GraphicZone" DESCRIPTION="block type GraphicZone"/><OtherTag ID="BT10982" LABEL="DropCapitalZone" DESCRIPTION="block type DropCapitalZone"/><OtherTag ID="BT10981" LABEL="RunningTitleZone" DESCRIPTION="block type RunningTitleZone"/><OtherTag ID="BT10980" LABEL="NumberingZone" DESCRIPTION="block type NumberingZone"/><OtherTag ID="BT10979" LABEL="TitlePageZone" DESCRIPTION="block type TitlePageZone"/><OtherTag ID="BT10978" LABEL="QuireMarksZone" DESCRIPTION="block type QuireMarksZone"/><OtherTag ID="BT10977" LABEL="MainZone" DESCRIPTION="block type MainZone"/><OtherTag ID="BT10976" LABEL="MarginTextZone" DESCRIPTION="block type MarginTextZone"/>
    <OtherTag ID="LT4321" LABEL="default" DESCRIPTION="line type default"/><OtherTag ID="LT4319" LABEL="HeadingLine" DESCRIPTION="line type HeadingLine"/><OtherTag ID="LT4318" LABEL="DefaultLine" DESCRIPTION="line type DefaultLine"/><OtherTag ID="LT4320" LABEL="CustomLine : BiblicalText" DESCRIPTION="line type CustomLine : BiblicalText"/>
  </Tags>
  
  <Layout>
    <Page WIDTH="1807"
          HEIGHT="2677"
          PHYSICAL_IMG_NR="4"
          ID="eSc_dummypage_">
      <PrintSpace HPOS="0"
                  VPOS="0"
                  WIDTH="1807"
                  HEIGHT="2677">
        
        <TextBlock HPOS="452.5372009277344"
                   VPOS="193.13375854492188"
                   WIDTH="356.4781188964844"
                   HEIGHT="61.86241149902344"
                   ID="block_1"
                   TAGREFS="BT10981">
          <Shape><Polygon POINTS="452.537 193.134 809.015 193.134 809.015 254.996 452.537 254.996 452.537 193.134"/></Shape>
          
          
          <TextLine ID="eSc_line_85ce1c36"
                    TAGREFS="LT4319"
                    BASELINE="459 239 813 236" 
                    HPOS="458"
                    VPOS="184"
                    WIDTH="355"
                    HEIGHT="71">
            <Shape><Polygon POINTS="758 188 746 194 728 187 725 187 710 187 696 187 682 187 669 190 652 185 651 185 636 185 621 185 615 185 584 194 577 196 569 194 539 185 538 185 536 185 535 185 533 185 529 190 522 184 517 184 502 184 487 184 472 188 458 200 459 239 459 251 614 248 617 249 626 255 627 255 629 255 630 255 632 255 645 248 651 246 722 246 730 246 791 254 792 254 794 254 813 245 813 236 810 196 771 188 770 188"/></Shape>
	    <String CONTENT="CAPVY II."
                    HPOS="458"
                    VPOS="184"
                    WIDTH="355"
                    HEIGHT="71"
                    WC="0.913014226489597"></String>
          </TextLine>

          
        </TextBlock>
        
        <TextBlock HPOS="1083.1851806640625"
                   VPOS="194.98558044433594"
                   WIDTH="86.73828125"
                   HEIGHT="59.280426025390625"
                   ID="block_0"
                   TAGREFS="BT10980">
          <Shape><Polygon POINTS="1083.19 194.986 1169.92 194.986 1169.92 254.266 1083.19 254.266 1083.19 194.986"/></Shape>
          
          
          <TextLine ID="eSc_line_70669f1b"
                    TAGREFS="LT4318"
                    BASELINE="1106 249 1162 247" 
                    HPOS="1099"
                    VPOS="196"
                    WIDTH="61"
                    HEIGHT="60">
            <Shape><Polygon POINTS="1144 196 1122 196 1099 196 1104 247 1104 256 1160 254 1160 245 1155 196 1144 196"/></Shape>
	    <String CONTENT="45"
                    HPOS="1099"
                    VPOS="196"
                    WIDTH="61"
                    HEIGHT="60"></String>
          </TextLine>

          
        </TextBlock>
        
        <TextBlock HPOS="113.32176208496094"
                   VPOS="259.82086181640625"
                   WIDTH="1075.7425689697266"
                   HEIGHT="1946.8910522460938"
                   ID="block_2"
                   TAGREFS="BT10977">
          <Shape><Polygon POINTS="113.322 259.821 1189.06 259.821 1189.06 2206.71 113.322 2206.71 113.322 259.821"/></Shape>
          
          
          <TextLine ID="eSc_line_a65eac65"
                    TAGREFS="LT4318"
                    BASELINE="116 315 1173 301" 
                    HPOS="114"
                    VPOS="243"
                    WIDTH="1059"
                    HEIGHT="90">
            <Shape><Polygon POINTS="159 263 144 267 129 272 114 278 116 315 116 333 1173 319 1173 301 1170 255 1119 255 1106 243 1105 243 1103 243 1102 243 1051 255 1036 246 1035 246 1033 246 938 245 936 245 816 258 600 249 599 249 597 249 596 249 577 261 474 254 472 254 300 264 275 254 273 254 272 254 227 261 200 255 199 255 197 255 196 255 178 264 166 258 159 263"/></Shape>
	    <String CONTENT="regibus, qui tunc proculdubio erant infeſti hoſtes"
                    HPOS="114"
                    VPOS="243"
                    WIDTH="1059"
                    HEIGHT="90"
                    WC="0.984803373217583"></String>
          </TextLine>

          
          
          <TextLine ID="eSc_line_952321f1"
                    TAGREFS="LT4318"
                    BASELINE="121 370 923 362" 
                    HPOS="120"
                    VPOS="313"
                    WIDTH="803"
                    HEIGHT="78">
            <Shape><Polygon POINTS="121 370 121 382 144 391 145 391 147 391 343 382 527 388 529 388 530 388 553 380 600 388 602 388 643 379 658 386 660 386 661 386 797 377 880 385 881 385 923 374 923 362 922 322 914 315 914 313 913 313 911 313 910 313 908 313 886 321 874 313 873 313 871 313 870 313 868 313 852 321 801 315 800 315 731 327 725 327 724 327 712 316 712 315 710 315 709 315 602 315 600 315 599 315 597 315 588 322 571 316 569 316 568 316 566 316 565 316 550 328 550 330 437 330 420 318 419 318 417 318 416 318 313 330 298 319 297 319 295 319 242 319 240 319 181 331 139 319 138 319 136 319 135 319 133 319 120 330 121 370"/></Shape>
	    <String CONTENT="Chriſtiani nominis, &amp; perſecutores."
                    HPOS="120"
                    VPOS="313"
                    WIDTH="803"
                    HEIGHT="78"
                    WC="0.995978530815669"></String>
          </TextLine>

          
          
          <TextLine ID="eSc_line_e350872f"
                    TAGREFS="LT4318"
                    BASELINE="172 429 1170 420" 
                    HPOS="171"
                    VPOS="367"
                    WIDTH="999"
                    HEIGHT="83">
            <Shape><Polygon POINTS="172 429 172 441 190 450 191 450 193 450 269 443 380 449 382 449 383 449 385 449 395 440 455 447 456 447 505 438 667 447 669 447 719 437 829 446 831 446 832 446 850 437 945 444 947 444 1052 434 1115 443 1116 443 1170 431 1170 420 1167 379 1139 379 1127 368 1127 367 1125 367 1124 367 1122 367 1121 367 1105 376 1091 367 1090 367 1088 367 1087 367 1042 374 1003 367 1002 367 835 380 813 370 812 370 810 370 809 370 780 382 669 382 581 373 580 373 578 373 539 382 466 373 465 373 330 382 223 374 221 374 171 386 172 429"/></Shape>
	    <String CONTENT="Quæritur verò vtrum pro excommunicatis &amp;"
                    HPOS="171"
                    VPOS="367"
                    WIDTH="999"
                    HEIGHT="83"
                    WC="0.984372140430823"></String>
          </TextLine>

          
          
          <TextLine ID="eSc_line_f4b791fd"
                    TAGREFS="LT4318"
                    BASELINE="118 487 1168 475" 
                    HPOS="117"
                    VPOS="426"
                    WIDTH="1051"
                    HEIGHT="82">
            <Shape><Polygon POINTS="118 487 118 501 245 508 246 508 248 508 270 501 270 499 1168 493 1168 475 1164 434 1067 435 1063 434 1045 426 1044 426 1042 426 1041 426 1021 434 1012 437 997 434 968 428 966 428 852 435 770 440 762 435 757 431 755 431 754 431 712 431 710 431 709 431 699 435 688 441 596 441 590 437 585 432 584 432 582 432 581 432 386 434 385 434 383 434 383 435 380 437 373 444 356 438 349 435 348 435 346 435 345 435 337 438 319 444 282 438 263 435 261 435 260 435 258 435 255 438 243 446 117 440 118 487"/></Shape>
	    <String CONTENT="hæreticis ſit in publicis precibus precãdus Deus."
                    HPOS="117"
                    VPOS="426"
                    WIDTH="1051"
                    HEIGHT="82"
                    WC="0.972270886898041"></String>
          </TextLine>

          
          
          <TextLine ID="eSc_line_5d92fcf5"
                    TAGREFS="LT4318"
                    BASELINE="121 547 1170 533" 
                    HPOS="120"
                    VPOS="486"
                    WIDTH="1050"
                    HEIGHT="85">
            <Shape><Polygon POINTS="121 547 121 560 185 571 187 571 229 560 237 559 240 560 252 569 254 569 255 569 257 571 334 571 334 569 336 569 352 560 359 557 519 557 523 560 530 566 532 566 533 566 535 566 536 566 551 560 565 556 577 560 588 565 590 565 591 565 593 565 602 560 615 554 633 560 643 563 645 563 646 563 663 560 688 554 701 560 709 563 710 563 712 563 713 563 724 560 745 553 761 560 768 563 770 563 771 563 791 560 815 556 847 560 865 562 867 562 877 560 911 551 925 560 926 562 928 562 929 562 931 562 932 562 938 560 965 551 1018 560 1026 560 1027 560 1168 559 1170 533 1168 496 1149 486 1148 486 1146 486 1110 493 1075 486 1073 486 1072 486 1070 486 1070 487 1060 496 1041 487 1039 487 942 487 941 487 939 487 938 487 922 499 920 501 911 499 852 489 850 489 755 501 743 504 706 504 704 502 693 493 691 493 690 493 688 493 687 493 685 493 673 502 670 505 519 505 516 504 502 493 501 493 499 493 469 493 468 493 466 493 465 493 449 505 446 508 342 508 337 507 316 496 315 496 313 496 312 496 279 508 275 508 233 508 208 508 188 498 187 498 129 498 127 498 126 498 124 498 124 499 123 499 120 502 121 547"/></Shape>
	    <String CONTENT="Nam qui orat cum excommunicato, eſt &amp; ipſe"
                    HPOS="120"
                    VPOS="486"
                    WIDTH="1050"
                    HEIGHT="85"
                    WC="0.987644011066073"></String>
          </TextLine>

          
          
          <TextLine ID="eSc_line_f674c4d3"
                    TAGREFS="LT4318"
                    BASELINE="120 605 1171 593" 
                    HPOS="118"
                    VPOS="551"
                    WIDTH="1053"
                    HEIGHT="76">
            <Shape><Polygon POINTS="120 605 120 617 205 627 206 627 348 626 349 626 385 615 389 615 401 615 484 624 486 624 487 624 510 615 514 614 522 615 559 623 560 623 623 615 643 612 664 614 716 621 718 623 764 623 764 621 765 621 767 621 767 620 774 614 779 611 798 614 840 620 841 620 898 614 931 609 962 612 1006 618 1008 618 1171 611 1171 593 1168 553 699 551 697 551 696 551 694 551 682 560 681 563 510 566 440 566 426 566 383 554 382 554 380 554 379 554 336 566 233 557 232 557 230 557 229 557 214 568 133 557 132 557 130 557 129 557 129 559 118 566 120 605"/></Shape>
	    <String CONTENT="excommunicatus canon. Qui communicauerit"
                    HPOS="118"
                    VPOS="551"
                    WIDTH="1053"
                    HEIGHT="76"
                    WC="0.995855113863945"></String>
          </TextLine>

          
          
          <TextLine ID="eSc_line_78abedbe"
                    TAGREFS="LT4318"
                    BASELINE="123 663 1165 651" 
                    HPOS="121"
                    VPOS="606"
                    WIDTH="1044"
                    HEIGHT="81">
            <Shape><Polygon POINTS="123 663 123 682 285 678 291 681 295 685 297 685 298 685 300 687 380 687 380 685 382 685 391 681 404 673 471 679 505 682 507 682 524 679 559 672 584 678 594 681 596 681 597 681 599 681 600 681 603 678 609 673 629 678 638 679 639 679 641 679 645 678 667 669 783 669 867 675 899 678 901 678 902 678 908 675 923 667 972 675 999 678 1000 678 1018 673 1041 669 1048 673 1051 676 1052 676 1054 676 1055 676 1057 676 1066 673 1084 667 1107 673 1121 676 1122 676 1124 676 1165 672 1165 651 1163 606 792 606 791 606 789 606 788 606 785 609 768 621 657 621 642 611 641 609 639 609 638 609 603 609 602 609 600 609 599 609 597 611 580 623 511 623 426 612 404 611 403 611 401 611 394 614 367 624 297 614 279 612 278 612 276 612 270 615 242 626 121 617 123 663"/></Shape>
	    <String CONTENT="1I.quæſt.3. qui canon eſt ex conſil. Chartag. 4. cap"
                    HPOS="121"
                    VPOS="606"
                    WIDTH="1044"
                    HEIGHT="81"
                    WC="0.976259793226536"></String>
          </TextLine>

          
          
          <TextLine ID="eSc_line_36f5514a"
                    TAGREFS="LT4318"
                    BASELINE="132 724 1174 709" 
                    HPOS="130"
                    VPOS="660"
                    WIDTH="1044"
                    HEIGHT="86">
            <Shape><Polygon POINTS="132 724 132 746 236 736 287 743 288 743 340 734 358 742 359 742 361 742 452 740 453 740 455 740 465 733 624 739 626 739 627 739 652 730 1171 731 1174 709 1170 673 1012 673 1009 673 966 660 965 660 963 660 825 663 823 663 822 663 807 675 804 676 755 678 739 675 697 664 696 664 651 666 649 666 648 666 636 675 629 681 507 681 499 675 493 670 492 670 490 670 446 667 444 667 382 670 380 670 379 670 379 672 373 676 368 681 353 676 334 670 333 670 331 670 330 670 310 676 292 682 285 676 278 670 276 670 275 670 273 670 130 676 132 724"/></Shape>
	    <String CONTENT="73. Deinde dicit loan.ne ſalutandos quidem eos"
                    HPOS="130"
                    VPOS="660"
                    WIDTH="1044"
                    HEIGHT="86"
                    WC="0.989309665949448"></String>
          </TextLine>

          
          
          <TextLine ID="eSc_line_eb65e54d"
                    TAGREFS="LT4318"
                    BASELINE="124 779 1173 765" 
                    HPOS="123"
                    VPOS="721"
                    WIDTH="1050"
                    HEIGHT="79">
            <Shape><Polygon POINTS="124 779 124 792 355 800 356 800 496 797 498 797 499 797 508 789 587 797 588 797 712 786 1146 788 1148 788 1149 788 1173 779 1173 765 1170 730 1067 721 1066 721 972 730 959 724 957 724 956 724 954 724 932 731 928 733 913 731 820 724 819 724 771 734 765 736 693 736 688 734 670 727 669 727 667 727 666 727 664 727 652 734 649 736 632 736 516 728 514 728 513 728 493 736 474 728 472 728 471 728 419 737 410 739 403 737 355 730 353 730 352 730 330 739 324 740 312 739 269 733 267 733 226 740 212 742 203 740 175 733 174 733 172 733 123 740 124 779"/></Shape>
	    <String CONTENT="eſſe, aut Aue illis dicendum 2. Ioan. verſ.1o.11."
                    HPOS="123"
                    VPOS="721"
                    WIDTH="1050"
                    HEIGHT="79"
                    WC="0.971790356295449"></String>
          </TextLine>

          
          
          <TextLine ID="eSc_line_9a166d7e"
                    TAGREFS="LT4318"
                    BASELINE="124 838 1170 825" 
                    HPOS="123"
                    VPOS="776"
                    WIDTH="1047"
                    HEIGHT="86">
            <Shape><Polygon POINTS="124 838 124 853 172 861 174 861 175 861 200 853 211 861 212 861 214 861 215 861 298 852 300 852 310 861 312 861 313 861 315 862 355 862 355 861 356 861 395 850 398 850 401 850 466 859 468 859 469 859 471 859 471 858 481 849 483 849 522 849 523 849 533 858 535 858 536 858 538 859 588 859 588 858 642 847 643 847 645 847 701 853 703 853 751 846 752 846 754 846 791 855 792 855 794 855 795 855 823 844 825 844 829 844 890 853 892 853 893 853 895 853 908 843 922 843 971 843 972 843 996 852 997 852 999 852 1054 841 1058 841 1063 841 1148 850 1149 850 1151 850 1170 840 1170 825 1168 788 1136 776 1134 776 1060 776 1058 776 1057 776 1020 788 938 777 936 777 935 777 933 777 919 789 889 780 887 780 886 780 884 780 883 780 867 791 759 791 712 780 710 780 709 780 707 780 707 782 694 794 569 794 523 783 522 783 520 783 501 792 373 786 371 786 370 786 349 798 292 798 267 788 266 788 159 788 157 788 156 788 123 800 124 838"/></Shape>
	    <String CONTENT="quare nec pro iis videtur eſſe precandum. Reſp."
                    HPOS="123"
                    VPOS="776"
                    WIDTH="1047"
                    HEIGHT="86"
                    WC="0.99349137696814"></String>
          </TextLine>

          
          
          <TextLine ID="eSc_line_6f7faa6c"
                    TAGREFS="LT4318"
                    BASELINE="124 896 1176 881" 
                    HPOS="123"
                    VPOS="838"
                    WIDTH="1053"
                    HEIGHT="75">
            <Shape><Polygon POINTS="124 896 124 913 1176 898 1176 881 1171 849 1054 850 1049 849 1036 841 1035 841 1033 841 1032 841 1009 849 1003 850 996 849 966 838 965 838 963 838 910 849 893 852 886 849 875 844 874 844 873 844 871 844 859 849 847 855 614 856 600 850 593 846 591 846 590 846 588 846 574 850 553 855 522 850 495 846 493 846 444 850 333 861 312 850 307 849 306 849 304 849 123 850 124 896"/></Shape>
	    <String CONTENT="Cùm aberrantes ſint in viam reuocandi. vt mo¬"
                    HPOS="123"
                    VPOS="838"
                    WIDTH="1053"
                    HEIGHT="75"
                    WC="0.994223934152852"></String>
          </TextLine>

          
          
          <TextLine ID="eSc_line_36c83652"
                    TAGREFS="LT4318"
                    BASELINE="123 957 1174 942" 
                    HPOS="121"
                    VPOS="892"
                    WIDTH="1053"
                    HEIGHT="85">
            <Shape><Polygon POINTS="123 957 123 969 191 977 193 977 475 968 614 963 642 966 670 969 672 969 704 966 754 960 1173 962 1174 942 1170 892 1116 901 1107 893 1106 893 1105 893 1103 893 956 895 954 895 948 896 923 904 707 902 585 901 584 901 582 901 581 901 577 905 572 910 379 911 364 910 327 904 325 904 121 914 123 957"/></Shape>
	    <String CONTENT="net Iacobus cap.5. verſ. 19. nec excommunicario"
                    HPOS="121"
                    VPOS="892"
                    WIDTH="1053"
                    HEIGHT="85"
                    WC="0.990317692147925"></String>
          </TextLine>

          
          
          <TextLine ID="eSc_line_237aa8c8"
                    TAGREFS="LT4318"
                    BASELINE="124 1014 1174 1000" 
                    HPOS="123"
                    VPOS="951"
                    WIDTH="1051"
                    HEIGHT="82">
            <Shape><Polygon POINTS="124 1014 124 1033 1173 1015 1174 1000 1171 962 1105 951 1103 951 1102 951 1072 960 1060 951 1058 951 1057 951 1055 951 938 965 874 965 864 954 862 954 861 954 859 954 803 965 785 956 783 956 782 956 780 956 759 963 724 956 722 956 721 956 719 956 701 966 593 960 591 960 590 960 574 968 526 959 524 959 523 959 522 959 511 969 472 969 364 960 362 960 361 960 359 960 343 971 160 963 159 963 157 963 123 974 124 1014"/></Shape>
	    <String CONTENT="ad ſubuerſionem, ſed ad ædificationem ſit inſti¬"
                    HPOS="123"
                    VPOS="951"
                    WIDTH="1051"
                    HEIGHT="82"
                    WC="0.975881561636925"></String>
          </TextLine>

          
          
          <TextLine ID="eSc_line_9f365fd4"
                    TAGREFS="LT4318"
                    BASELINE="127 1073 1174 1058" 
                    HPOS="126"
                    VPOS="1011"
                    WIDTH="1048"
                    HEIGHT="82">
            <Shape><Polygon POINTS="127 1073 127 1085 229 1093 230 1093 232 1093 264 1085 331 1091 333 1091 391 1084 438 1090 440 1090 441 1090 472 1082 542 1088 544 1088 545 1088 575 1081 578 1081 752 1085 754 1085 755 1085 783 1078 785 1078 788 1078 846 1084 847 1084 849 1084 870 1076 873 1076 892 1076 1066 1081 1067 1081 1174 1072 1174 1058 1170 1011 645 1026 627 1018 626 1018 624 1018 618 1018 434 1029 368 1021 361 1021 359 1021 349 1021 284 1029 126 1026 127 1073"/></Shape>
	    <String CONTENT="tuta, vt cõuertatur ad Deum qui peccauit.2. Cor."
                    HPOS="126"
                    VPOS="1011"
                    WIDTH="1048"
                    HEIGHT="82"
                    WC="0.994064174136337"></String>
          </TextLine>

          
          
          <TextLine ID="eSc_line_1d301876"
                    TAGREFS="LT4318"
                    BASELINE="132 1134 1177 1118" 
                    HPOS="130"
                    VPOS="1069"
                    WIDTH="1047"
                    HEIGHT="86">
            <Shape><Polygon POINTS="132 1134 132 1155 172 1148 215 1154 226 1155 227 1155 246 1154 321 1145 358 1151 365 1152 367 1152 397 1151 495 1143 504 1148 507 1151 508 1151 510 1151 511 1151 541 1148 608 1140 666 1145 699 1148 700 1148 701 1148 709 1145 719 1139 749 1143 767 1146 768 1146 789 1143 820 1137 852 1142 877 1145 878 1145 880 1145 890 1140 904 1136 932 1140 957 1143 959 1143 1177 1134 1177 1118 1174 1078 931 1078 892 1069 890 1069 840 1081 837 1081 834 1081 807 1070 806 1070 804 1070 803 1070 801 1070 785 1081 783 1082 776 1081 748 1075 746 1075 745 1075 743 1075 736 1081 734 1084 661 1084 655 1082 633 1075 632 1075 630 1075 596 1082 585 1075 584 1075 582 1075 581 1075 539 1082 416 1076 414 1076 130 1087 132 1134"/></Shape>
	    <String CONTENT="7.verſ. 1o.1o. verſ.8.etiam pro hæreticis &amp; excom¬"
                    HPOS="130"
                    VPOS="1069"
                    WIDTH="1047"
                    HEIGHT="86"></String>
          </TextLine>

          
          
          <TextLine ID="eSc_line_1f3e50b3"
                    TAGREFS="LT4318"
                    BASELINE="126 1189 1179 1179" 
                    HPOS="124"
                    VPOS="1130"
                    WIDTH="1055"
                    HEIGHT="79">
            <Shape><Polygon POINTS="126 1189 126 1201 275 1209 276 1209 727 1197 1137 1200 1139 1200 1179 1191 1179 1179 1174 1139 1090 1139 1088 1139 1058 1130 1057 1130 1055 1130 1054 1130 1052 1130 1042 1139 1042 1140 942 1140 938 1140 880 1131 878 1131 807 1142 801 1142 798 1142 733 1133 731 1133 730 1133 728 1133 715 1143 713 1145 648 1145 643 1143 575 1134 574 1134 529 1145 524 1145 508 1145 319 1137 318 1137 227 1148 221 1148 217 1148 169 1139 168 1139 124 1148 126 1189"/></Shape>
	    <String CONTENT="municatis eſt precandum, eóque vehementiùs &amp;"
                    HPOS="124"
                    VPOS="1130"
                    WIDTH="1055"
                    HEIGHT="79"></String>
          </TextLine>

          
          
          <TextLine ID="eSc_line_e682f6cf"
                    TAGREFS="LT4318"
                    BASELINE="127 1247 1177 1235" 
                    HPOS="126"
                    VPOS="1188"
                    WIDTH="1051"
                    HEIGHT="83">
            <Shape><Polygon POINTS="127 1247 127 1264 174 1270 175 1270 208 1264 215 1262 220 1264 242 1271 243 1271 245 1271 246 1271 273 1262 281 1261 288 1262 325 1270 327 1270 382 1261 386 1261 389 1261 441 1268 443 1268 444 1268 478 1259 480 1259 483 1259 511 1268 513 1268 514 1268 516 1268 517 1268 527 1259 530 1258 536 1259 588 1267 590 1267 591 1267 614 1258 617 1258 682 1264 684 1264 685 1264 716 1256 718 1256 755 1265 757 1265 758 1265 834 1255 835 1255 856 1264 858 1264 859 1265 914 1265 914 1264 916 1264 917 1264 931 1255 945 1262 947 1262 948 1262 950 1262 981 1255 1044 1262 1045 1262 1177 1249 1177 1235 1174 1195 914 1188 913 1188 911 1188 883 1197 806 1189 804 1189 803 1189 776 1200 679 1200 657 1191 655 1191 654 1191 652 1191 651 1191 639 1200 591 1192 590 1192 327 1203 285 1195 284 1195 126 1206 127 1247"/></Shape>
	    <String CONTENT="ardentiùs, quò magis ſunt à Deo illi alieni &amp;"
                    HPOS="126"
                    VPOS="1188"
                    WIDTH="1051"
                    HEIGHT="83"
                    WC="0.993093465765317"></String>
          </TextLine>

          
          
          <TextLine ID="eSc_line_a276d047"
                    TAGREFS="LT4318"
                    BASELINE="130 1307 1177 1296" 
                    HPOS="129"
                    VPOS="1247"
                    WIDTH="1048"
                    HEIGHT="85">
            <Shape><Polygon POINTS="130 1320 315 1320 318 1320 340 1332 342 1332 343 1332 422 1320 441 1319 458 1320 505 1329 507 1329 556 1320 578 1317 593 1320 620 1329 621 1329 623 1329 688 1320 700 1320 721 1320 783 1325 785 1325 786 1325 788 1325 791 1320 798 1316 874 1320 951 1326 953 1326 1176 1320 1177 1296 1174 1258 1115 1247 1113 1247 1045 1256 1030 1247 1029 1247 1027 1247 1026 1247 975 1258 969 1258 963 1258 928 1249 926 1249 925 1249 923 1249 911 1258 910 1258 905 1258 877 1252 875 1252 852 1258 841 1259 838 1258 829 1250 828 1250 826 1250 825 1250 685 1258 574 1264 539 1264 532 1258 529 1253 527 1253 526 1253 458 1253 456 1253 455 1253 444 1258 425 1265 336 1265 324 1258 321 1255 319 1255 318 1255 316 1255 218 1256 217 1256 215 1256 215 1258 208 1262 199 1258 199 1256 197 1256 196 1256 194 1256 129 1256 130 1307"/></Shape>
	    <String CONTENT="exitio ſuo proximi. Atque hæc breuis reſponſio"
                    HPOS="129"
                    VPOS="1247"
                    WIDTH="1048"
                    HEIGHT="85"
                    WC="0.974992866101472"></String>
          </TextLine>

          
          
          <TextLine ID="eSc_line_6af16db8"
                    TAGREFS="LT4318"
                    BASELINE="139 1365 199 1373 223 1374" 
                    HPOS="136"
                    VPOS="1311"
                    WIDTH="87"
                    HEIGHT="72">
            <Shape><Polygon POINTS="138 1363 136 1376 216 1383 220 1371 223 1311 142 1311 138 1363"/></Shape>
	    <String CONTENT="eſt."
                    HPOS="136"
                    VPOS="1311"
                    WIDTH="87"
                    HEIGHT="72"></String>
          </TextLine>

          
          
          <TextLine ID="eSc_line_f808cc48"
                    TAGREFS="LT4318"
                    BASELINE="175 1421 1170 1415" 
                    HPOS="174"
                    VPOS="1357"
                    WIDTH="996"
                    HEIGHT="85">
            <Shape><Polygon POINTS="175 1421 175 1442 524 1442 524 1441 526 1441 538 1438 550 1433 648 1436 779 1439 780 1439 782 1439 783 1439 789 1435 791 1432 794 1433 804 1439 806 1439 807 1439 880 1433 901 1432 925 1432 1032 1438 1033 1438 1035 1438 1049 1430 1051 1430 1060 1430 1122 1438 1124 1438 1168 1429 1170 1415 1168 1369 1134 1357 1133 1357 1131 1357 1006 1368 980 1357 978 1357 977 1357 916 1365 807 1357 806 1357 804 1357 762 1368 721 1357 719 1357 718 1357 716 1357 694 1369 639 1359 638 1359 636 1359 635 1359 635 1360 623 1371 597 1363 596 1363 594 1363 593 1363 572 1369 557 1359 556 1359 554 1359 553 1359 499 1371 471 1359 469 1359 468 1359 466 1359 465 1359 450 1372 410 1372 397 1363 395 1363 394 1363 392 1363 346 1372 290 1360 288 1360 287 1360 248 1374 174 1374 175 1421"/></Shape>
	    <String CONTENT="Quæritur etlam Vtrum pro viuis ſolùm ſit in"
                    HPOS="174"
                    VPOS="1357"
                    WIDTH="996"
                    HEIGHT="85"
                    WC="0.9857188381932"></String>
          </TextLine>

          
          
          <TextLine ID="eSc_line_705107da"
                    TAGREFS="LT4318"
                    BASELINE="130 1482 1180 1472" 
                    HPOS="129"
                    VPOS="1424"
                    WIDTH="1051"
                    HEIGHT="75">
            <Shape><Polygon POINTS="130 1482 130 1499 914 1488 919 1488 987 1494 989 1494 1063 1487 1160 1493 1161 1493 1163 1493 1180 1484 1180 1472 1177 1433 1084 1424 1082 1424 1044 1432 1032 1424 1030 1424 1029 1424 1027 1424 1026 1424 1009 1433 1005 1436 832 1436 826 1433 815 1427 813 1427 812 1427 810 1427 809 1427 803 1433 798 1438 684 1438 669 1433 663 1430 661 1430 660 1430 645 1433 618 1438 605 1433 596 1429 594 1429 593 1429 562 1433 519 1438 466 1433 440 1430 438 1430 397 1433 251 1442 236 1433 234 1433 233 1433 129 1433 130 1482"/></Shape>
	    <String CONTENT="Eccleſia precandum, an etiam pro mortuis: hæc"
                    HPOS="129"
                    VPOS="1424"
                    WIDTH="1051"
                    HEIGHT="75"
                    WC="0.98765515089035"></String>
          </TextLine>

          
          
          <TextLine ID="eSc_line_c76921e6"
                    TAGREFS="LT4318"
                    BASELINE="132 1542 1177 1531" 
                    HPOS="130"
                    VPOS="1484"
                    WIDTH="1047"
                    HEIGHT="80">
            <Shape><Polygon POINTS="132 1542 132 1560 218 1564 220 1564 269 1560 330 1554 355 1560 371 1563 373 1563 374 1563 376 1563 379 1560 385 1554 585 1551 684 1557 725 1560 727 1560 728 1560 730 1560 734 1557 745 1551 758 1557 761 1558 762 1558 764 1558 786 1557 868 1549 990 1555 1024 1557 1026 1557 1027 1557 1030 1555 1048 1546 1058 1555 1060 1555 1061 1555 1063 1555 1067 1555 1106 1548 1174 1554 1177 1531 1173 1490 997 1494 986 1491 954 1484 953 1484 877 1484 875 1484 813 1485 812 1485 789 1494 785 1496 782 1494 755 1485 754 1485 752 1485 678 1496 669 1497 666 1496 654 1487 652 1487 651 1487 649 1487 584 1497 582 1497 572 1488 571 1488 569 1488 505 1488 504 1488 502 1488 501 1488 487 1499 486 1500 428 1500 423 1500 382 1490 380 1490 315 1500 239 1491 237 1491 236 1491 234 1491 221 1503 130 1503 132 1542"/></Shape>
	    <String CONTENT="quæſtio videtur ardua &amp; valde difficilis propter"
                    HPOS="130"
                    VPOS="1484"
                    WIDTH="1047"
                    HEIGHT="80"
                    WC="0.974840900550286"></String>
          </TextLine>

          
          
          <TextLine ID="eSc_line_5a06ba82"
                    TAGREFS="LT4318"
                    BASELINE="132 1601 1182 1591" 
                    HPOS="130"
                    VPOS="1540"
                    WIDTH="1052"
                    HEIGHT="79">
            <Shape><Polygon POINTS="132 1601 132 1619 434 1612 462 1615 507 1619 508 1619 575 1613 605 1610 630 1612 712 1618 713 1618 715 1618 733 1610 737 1609 742 1610 761 1616 762 1616 764 1616 855 1609 874 1616 875 1616 877 1616 878 1616 880 1616 892 1607 893 1607 899 1607 984 1615 986 1615 1036 1606 1164 1613 1165 1613 1167 1613 1168 1613 1182 1604 1182 1591 1179 1549 1100 1540 1099 1540 1097 1540 1096 1540 1082 1549 1079 1552 1073 1551 1047 1540 1045 1540 1044 1540 1042 1540 1020 1551 1014 1554 977 1551 902 1546 901 1546 861 1554 847 1555 838 1554 801 1543 800 1543 798 1543 797 1543 765 1554 761 1557 669 1557 666 1555 652 1549 651 1549 649 1549 648 1549 629 1557 626 1557 624 1557 590 1545 588 1545 587 1545 480 1552 431 1546 429 1546 361 1551 359 1551 358 1551 348 1560 348 1561 340 1561 276 1561 260 1551 258 1551 257 1551 255 1551 254 1551 233 1563 130 1563 132 1601"/></Shape>
	    <String CONTENT="morẽ veteris Eccleſiæ, &amp; propter ea, quæ ſcribit"
                    HPOS="130"
                    VPOS="1540"
                    WIDTH="1052"
                    HEIGHT="79"
                    WC="0.997547378345412"></String>
          </TextLine>

          
          
          <TextLine ID="eSc_line_024f7f49"
                    TAGREFS="LT4318"
                    BASELINE="132 1659 1179 1646" 
                    HPOS="130"
                    VPOS="1598"
                    WIDTH="1049"
                    HEIGHT="85">
            <Shape><Polygon POINTS="132 1659 133 1679 156 1673 165 1679 168 1682 169 1682 171 1682 172 1683 248 1683 248 1682 249 1682 266 1677 284 1671 307 1676 316 1677 318 1677 333 1676 373 1670 452 1673 510 1676 511 1676 513 1676 514 1676 519 1673 523 1668 539 1671 554 1674 556 1674 575 1671 599 1667 678 1670 826 1674 828 1674 829 1674 859 1665 868 1664 881 1665 925 1671 926 1671 972 1664 984 1662 1008 1664 1124 1670 1125 1670 1177 1659 1179 1646 1176 1609 1128 1609 1118 1598 1116 1598 1115 1598 1113 1598 990 1600 950 1609 942 1610 939 1609 923 1600 922 1600 920 1600 855 1609 852 1609 831 1600 829 1600 828 1600 826 1600 803 1609 798 1610 788 1609 745 1603 743 1603 742 1603 722 1609 709 1613 663 1609 632 1607 630 1607 599 1610 541 1615 535 1610 529 1606 529 1604 527 1604 526 1604 524 1604 483 1610 456 1613 337 1610 307 1610 306 1610 304 1610 303 1610 294 1618 276 1610 267 1607 266 1607 264 1607 130 1610 132 1659"/></Shape>
	    <String CONTENT="Epiph. contra Ærianos hæreſ.75. qui hoc fieri de¬"
                    HPOS="130"
                    VPOS="1598"
                    WIDTH="1049"
                    HEIGHT="85"
                    WC="0.974062301674668"></String>
          </TextLine>

          
          
          <TextLine ID="eSc_line_b7423131"
                    TAGREFS="LT4318"
                    BASELINE="132 1719 1186 1707" 
                    HPOS="130"
                    VPOS="1659"
                    WIDTH="1056"
                    HEIGHT="81">
            <Shape><Polygon POINTS="132 1719 132 1740 249 1740 249 1738 251 1738 252 1738 264 1731 292 1738 298 1738 300 1738 313 1737 373 1731 382 1737 383 1738 385 1738 386 1738 388 1738 389 1738 391 1738 392 1737 404 1729 455 1737 464 1737 465 1737 474 1737 527 1728 621 1735 635 1735 636 1735 642 1735 679 1726 740 1734 745 1734 746 1734 758 1734 905 1725 1185 1729 1186 1707 1182 1668 1029 1668 1023 1668 975 1659 974 1659 932 1667 874 1661 873 1661 871 1661 870 1661 862 1668 859 1670 847 1668 810 1662 809 1662 807 1662 786 1668 773 1671 757 1668 725 1662 724 1662 577 1664 553 1668 526 1674 514 1668 507 1665 505 1665 504 1665 481 1668 443 1674 395 1668 376 1667 374 1667 373 1667 364 1668 336 1676 319 1668 318 1668 316 1668 315 1668 309 1668 261 1677 130 1670 132 1719"/></Shape>
	    <String CONTENT="bere negarunt. Omitto enim quod Papiſtæ ex2."
                    HPOS="130"
                    VPOS="1659"
                    WIDTH="1056"
                    HEIGHT="81"
                    WC="0.981698766350746"></String>
          </TextLine>

          
          
          <TextLine ID="eSc_line_eedbb2f1"
                    TAGREFS="LT4318"
                    BASELINE="132 1777 1182 1765" 
                    HPOS="130"
                    VPOS="1716"
                    WIDTH="1052"
                    HEIGHT="82">
            <Shape><Polygon POINTS="132 1777 132 1789 223 1798 224 1798 364 1789 397 1787 420 1789 493 1795 495 1795 539 1789 560 1786 584 1789 627 1793 629 1793 779 1787 948 1781 969 1787 975 1789 977 1789 978 1789 996 1787 1054 1780 1069 1787 1070 1787 1072 1787 1073 1787 1182 1786 1182 1765 1177 1722 1140 1725 1133 1722 1122 1716 1121 1716 1119 1716 1082 1722 1052 1726 1021 1722 983 1717 981 1717 931 1723 898 1726 873 1723 838 1719 837 1719 815 1723 789 1729 746 1725 710 1720 709 1720 707 1720 706 1720 706 1722 701 1725 694 1731 582 1726 581 1726 523 1734 477 1726 466 1725 465 1725 464 1725 462 1725 461 1726 449 1734 404 1728 403 1728 401 1728 400 1728 389 1737 315 1737 298 1728 294 1725 292 1725 291 1725 290 1725 288 1725 285 1728 272 1735 243 1728 237 1726 236 1726 234 1726 233 1726 232 1726 230 1728 220 1737 202 1728 197 1726 196 1726 194 1726 130 1728 132 1777"/></Shape>
	    <String CONTENT="Machab. 12. verſ.43, &amp; a5. afferunt. Primùm enim"
                    HPOS="130"
                    VPOS="1716"
                    WIDTH="1052"
                    HEIGHT="82"
                    WC="0.981494730832625"></String>
          </TextLine>

          
          
          <TextLine ID="eSc_line_4100d802"
                    TAGREFS="LT4318"
                    BASELINE="132 1838 1180 1821" 
                    HPOS="130"
                    VPOS="1777"
                    WIDTH="1050"
                    HEIGHT="83">
            <Shape><Polygon POINTS="132 1838 132 1851 217 1860 218 1860 220 1860 221 1860 234 1851 361 1857 362 1857 364 1857 383 1848 406 1857 407 1857 408 1857 410 1857 431 1847 432 1847 435 1847 498 1856 499 1856 501 1856 502 1856 514 1845 556 1845 560 1845 606 1854 608 1854 670 1845 693 1851 694 1851 696 1851 697 1851 699 1851 713 1842 715 1842 721 1842 878 1847 880 1847 935 1839 984 1847 986 1847 987 1847 1011 1838 1081 1847 1082 1847 1180 1833 1180 1821 1177 1781 1020 1777 1018 1777 1017 1777 989 1784 984 1784 977 1784 910 1777 908 1777 826 1786 801 1778 800 1778 798 1778 797 1778 768 1786 710 1780 709 1780 707 1780 706 1780 706 1781 697 1789 673 1789 358 1786 356 1786 355 1786 353 1786 345 1793 322 1786 321 1786 319 1786 318 1786 285 1795 245 1787 243 1787 130 1798 132 1838"/></Shape>
	    <String CONTENT="non ſic legitur, vt legunt, Bonum eſt orare pro"
                    HPOS="130"
                    VPOS="1777"
                    WIDTH="1050"
                    HEIGHT="83"
                    WC="0.994573457443968"></String>
          </TextLine>

          
          
          <TextLine ID="eSc_line_f11a2f41"
                    TAGREFS="LT4318"
                    BASELINE="133 1891 1180 1881" 
                    HPOS="132"
                    VPOS="1835"
                    WIDTH="1048"
                    HEIGHT="79">
            <Shape><Polygon POINTS="133 1891 133 1908 281 1914 282 1914 374 1906 391 1905 397 1905 429 1912 431 1912 615 1903 651 1902 654 1903 672 1909 673 1909 675 1909 840 1900 880 1899 907 1900 1027 1906 1029 1906 1179 1896 1180 1881 1179 1845 1157 1835 1155 1835 1154 1835 1152 1835 1116 1845 1115 1845 1079 1836 1078 1836 956 1836 954 1836 953 1836 911 1847 823 1838 822 1838 737 1850 728 1850 709 1850 520 1841 519 1841 517 1841 516 1841 505 1851 431 1853 370 1853 365 1853 288 1842 287 1842 285 1842 284 1842 267 1854 264 1856 132 1856 133 1891"/></Shape>
	    <String CONTENT="mortuis, &amp; totus ille locus pertinet ad ſpem de"
                    HPOS="132"
                    VPOS="1835"
                    WIDTH="1048"
                    HEIGHT="79"
                    WC="0.980498483840455"></String>
          </TextLine>

          
          
          <TextLine ID="eSc_line_28184dbb"
                    TAGREFS="LT4318"
                    BASELINE="133 1952 1182 1940" 
                    HPOS="132"
                    VPOS="1893"
                    WIDTH="1050"
                    HEIGHT="82">
            <Shape><Polygon POINTS="133 1952 133 1964 229 1975 230 1975 232 1975 263 1964 266 1964 275 1964 383 1973 385 1973 386 1973 403 1964 406 1963 423 1964 523 1972 524 1972 575 1963 590 1960 718 1960 722 1963 728 1969 730 1969 731 1969 733 1970 776 1970 776 1969 777 1969 789 1963 798 1958 853 1958 862 1961 873 1967 874 1967 875 1967 933 1961 971 1958 1180 1960 1182 1940 1179 1902 1067 1893 1066 1893 1064 1893 1047 1902 1045 1902 1038 1902 978 1894 977 1894 919 1902 902 1905 132 1905 133 1952"/></Shape>
	    <String CONTENT="reſurrectione carnis, non ad preces pro mortuis."
                    HPOS="132"
                    VPOS="1893"
                    WIDTH="1050"
                    HEIGHT="82"
                    WC="0.99244095509251"></String>
          </TextLine>

          
          
          <TextLine ID="eSc_line_a6637699"
                    TAGREFS="LT4318"
                    BASELINE="135 2010 1174 1998" 
                    HPOS="133"
                    VPOS="1952"
                    WIDTH="1041"
                    HEIGHT="82">
            <Shape><Polygon POINTS="135 2010 135 2025 205 2034 206 2034 290 2025 313 2024 325 2025 358 2033 359 2033 361 2033 362 2033 370 2025 373 2024 382 2025 410 2031 411 2031 413 2031 414 2031 422 2025 429 2021 563 2021 599 2025 635 2030 636 2030 638 2030 639 2030 643 2025 651 2021 700 2025 739 2028 740 2028 742 2028 751 2025 764 2019 774 2025 779 2028 780 2028 782 2028 783 2028 785 2028 795 2025 815 2018 822 2025 823 2027 825 2027 826 2027 828 2028 870 2028 870 2027 871 2027 877 2025 898 2018 951 2025 960 2025 962 2025 963 2025 965 2025 977 2016 1067 2024 1069 2024 1070 2024 1072 2024 1082 2015 1171 2024 1174 1998 1170 1952 133 1964 135 2010"/></Shape>
	    <String CONTENT="Deinde quod eſt verſ.4o. Res eſt igitur ſalutaris &amp;"
                    HPOS="133"
                    VPOS="1952"
                    WIDTH="1041"
                    HEIGHT="82"
                    WC="0.987612646000058"></String>
          </TextLine>

          
          
          <TextLine ID="eSc_line_5d06d028"
                    TAGREFS="LT4318"
                    BASELINE="133 2068 1182 2059" 
                    HPOS="132"
                    VPOS="2012"
                    WIDTH="1050"
                    HEIGHT="80">
            <Shape><Polygon POINTS="133 2068 133 2092 349 2091 350 2091 355 2088 370 2080 389 2088 398 2091 400 2091 401 2091 440 2086 498 2080 520 2085 533 2088 535 2088 536 2088 538 2088 542 2085 553 2079 585 2083 603 2086 605 2086 624 2083 658 2077 716 2077 724 2082 733 2088 734 2088 736 2088 737 2088 806 2079 838 2076 892 2077 1052 2085 1054 2085 1055 2085 1057 2085 1069 2074 1127 2074 1139 2083 1140 2083 1142 2083 1143 2083 1145 2083 1182 2071 1182 2059 1179 2022 1015 2022 968 2012 966 2012 965 2012 939 2022 929 2013 929 2012 928 2012 926 2012 877 2012 875 2012 874 2012 829 2024 828 2025 776 2025 706 2025 657 2013 655 2013 654 2013 626 2025 623 2025 489 2015 487 2015 420 2027 419 2027 365 2016 364 2016 362 2016 343 2027 318 2018 316 2018 315 2018 260 2028 258 2028 239 2018 237 2018 168 2018 166 2018 165 2018 132 2028 133 2068"/></Shape>
	    <String CONTENT="ſancta, planè gloſſema eſſe apparet. Denique nec"
                    HPOS="132"
                    VPOS="2012"
                    WIDTH="1050"
                    HEIGHT="80"
                    WC="0.981078528628057"></String>
          </TextLine>

          
          
          <TextLine ID="eSc_line_b3dc1044"
                    TAGREFS="LT4318"
                    BASELINE="135 2128 1180 2116" 
                    HPOS="133"
                    VPOS="2070"
                    WIDTH="1047"
                    HEIGHT="79">
            <Shape><Polygon POINTS="135 2128 135 2141 388 2149 389 2149 435 2140 440 2140 446 2140 524 2147 526 2147 569 2138 575 2138 585 2138 654 2146 655 2146 657 2146 672 2138 675 2137 730 2138 916 2143 917 2143 950 2137 965 2134 981 2135 1017 2141 1018 2141 1180 2134 1180 2116 1179 2080 1149 2070 1148 2070 1146 2070 1029 2080 1006 2071 1005 2071 1003 2071 1002 2071 978 2079 925 2070 923 2070 922 2070 920 2070 908 2077 837 2071 835 2071 834 2071 785 2085 749 2085 731 2073 730 2073 728 2073 727 2073 654 2086 524 2086 486 2076 484 2076 483 2076 481 2076 480 2076 465 2088 394 2088 356 2077 355 2077 353 2077 297 2088 159 2079 157 2079 156 2079 133 2089 135 2128"/></Shape>
	    <String CONTENT="fidem meretur ille totus liber cùm ſit Apocry¬"
                    HPOS="133"
                    VPOS="2070"
                    WIDTH="1047"
                    HEIGHT="79"
                    WC="0.996022380412893"></String>
          </TextLine>

          
          
          <TextLine ID="eSc_line_4afcbf5b"
                    TAGREFS="LT4318"
                    BASELINE="139 2186 1182 2174" 
                    HPOS="138"
                    VPOS="2126"
                    WIDTH="1044"
                    HEIGHT="113">
            <Shape><Polygon POINTS="139 2186 139 2239 383 2238 385 2238 386 2238 397 2232 419 2218 441 2226 443 2226 444 2226 446 2226 496 2208 551 2210 577 2223 578 2223 580 2223 581 2223 582 2223 605 2207 679 2220 691 2221 693 2221 694 2221 700 2218 734 2204 865 2204 884 2211 910 2223 911 2223 913 2223 1003 2207 1015 2205 1018 2207 1041 2217 1042 2217 1106 2221 1107 2221 1109 2221 1182 2199 1182 2174 1177 2126 1136 2135 983 2129 945 2128 944 2128 931 2129 883 2138 819 2131 795 2129 794 2129 792 2129 791 2129 791 2131 789 2132 779 2140 725 2132 706 2131 704 2131 691 2134 657 2141 524 2135 462 2134 461 2134 459 2134 450 2137 434 2143 138 2143 139 2186"/></Shape>
	    <String CONTENT="phus, &amp; excuſationem authoris longe à Canoni¬"
                    HPOS="138"
                    VPOS="2126"
                    WIDTH="1044"
                    HEIGHT="113"
                    WC="0.995942284231601"></String>
          </TextLine>

          
        </TextBlock>
        

        
      </PrintSpace>
    </Page>
  </Layout>
</alto>
