<?xml version="1.0" encoding="UTF-8"?>
<alto xmlns:xsi="http://www.w3.org/2001/XMLSchema-instance"
      xmlns="http://www.loc.gov/standards/alto/ns-v4#"
      xsi:schemaLocation="http://www.loc.gov/standards/alto/ns-v4# http://www.loc.gov/standards/alto/v4/alto-4-2.xsd">
  <Description>
    <MeasurementUnit>pixel</MeasurementUnit>
    <sourceImageInformation>
      <fileName>2012989.png</fileName>
      
    </sourceImageInformation>
  </Description>
  
  <Tags>
    <OtherTag ID="BT10983" LABEL="GraphicZone" DESCRIPTION="block type GraphicZone"/><OtherTag ID="BT10982" LABEL="DropCapitalZone" DESCRIPTION="block type DropCapitalZone"/><OtherTag ID="BT10981" LABEL="RunningTitleZone" DESCRIPTION="block type RunningTitleZone"/><OtherTag ID="BT10980" LABEL="NumberingZone" DESCRIPTION="block type NumberingZone"/><OtherTag ID="BT10979" LABEL="TitlePageZone" DESCRIPTION="block type TitlePageZone"/><OtherTag ID="BT10978" LABEL="QuireMarksZone" DESCRIPTION="block type QuireMarksZone"/><OtherTag ID="BT10977" LABEL="MainZone" DESCRIPTION="block type MainZone"/><OtherTag ID="BT10976" LABEL="MarginTextZone" DESCRIPTION="block type MarginTextZone"/>
    <OtherTag ID="LT4321" LABEL="default" DESCRIPTION="line type default"/><OtherTag ID="LT4319" LABEL="HeadingLine" DESCRIPTION="line type HeadingLine"/><OtherTag ID="LT4318" LABEL="DefaultLine" DESCRIPTION="line type DefaultLine"/><OtherTag ID="LT4320" LABEL="CustomLine : BiblicalText" DESCRIPTION="line type CustomLine : BiblicalText"/>
  </Tags>
  
  <Layout>
    <Page WIDTH="1807"
          HEIGHT="2677"
          PHYSICAL_IMG_NR="36"
          ID="eSc_dummypage_">
      <PrintSpace HPOS="0"
                  VPOS="0"
                  WIDTH="1807"
                  HEIGHT="2677">
        
        <TextBlock HPOS="449.251953125"
                   VPOS="181.34034729003906"
                   WIDTH="352.65655517578125"
                   HEIGHT="61.65379333496094"
                   ID="block_0"
                   TAGREFS="BT10981">
          <Shape><Polygon POINTS="449.252 181.34 801.909 181.34 801.909 242.994 449.252 242.994 449.252 181.34"/></Shape>
          
          
          <TextLine ID="eSc_line_31c875ed"
                    TAGREFS="LT4319"
                    BASELINE="453 223 792 226" 
                    HPOS="452"
                    VPOS="175"
                    WIDTH="340"
                    HEIGHT="73">
            <Shape><Polygon POINTS="765 184 761 182 736 191 730 194 630 194 617 185 615 185 614 185 612 185 609 185 580 191 568 182 556 175 554 175 553 175 551 175 465 176 453 187 453 223 452 233 486 246 487 246 489 248 536 248 536 246 538 246 565 236 571 234 581 236 633 248 635 248 636 248 658 239 667 236 688 240 722 248 724 248 791 243 792 226 792 202 780 194"/></Shape>
	    <String CONTENT="CAPVT II."
                    HPOS="452"
                    VPOS="175"
                    WIDTH="340"
                    HEIGHT="73"
                    WC="0.999212616019779"></String>
          </TextLine>

          
        </TextBlock>
        
        <TextBlock HPOS="1084.5819091796875"
                   VPOS="198.88345336914062"
                   WIDTH="77.16845703125"
                   HEIGHT="55.50947570800781"
                   ID="block_2"
                   TAGREFS="BT10980">
          <Shape><Polygon POINTS="1084.58 198.883 1161.75 198.883 1161.75 254.393 1084.58 254.393 1084.58 198.883"/></Shape>
          
          
          <TextLine ID="eSc_line_e0277862"
                    TAGREFS="LT4318"
                    BASELINE="1089 245 1156 240" 
                    HPOS="1086"
                    VPOS="200"
                    WIDTH="69"
                    HEIGHT="72">
            <Shape><Polygon POINTS="1128 200 1106 200 1086 211 1088 243 1090 272 1155 267 1155 238 1148 200 1128 200"/></Shape>
	    <String CONTENT="77"
                    HPOS="1086"
                    VPOS="200"
                    WIDTH="69"
                    HEIGHT="72"></String>
          </TextLine>

          
        </TextBlock>
        
        <TextBlock HPOS="100.81659698486328"
                   VPOS="248.95152282714844"
                   WIDTH="1065.0035934448242"
                   HEIGHT="1951.4412994384766"
                   ID="block_1"
                   TAGREFS="BT10977">
          <Shape><Polygon POINTS="100.817 248.952 1165.82 248.952 1165.82 2200.39 100.817 2200.39 100.817 248.952"/></Shape>
          
          
          <TextLine ID="eSc_line_9e566f96"
                    TAGREFS="LT4318"
                    BASELINE="113 297 1157 303" 
                    HPOS="111"
                    VPOS="240"
                    WIDTH="1046"
                    HEIGHT="85">
            <Shape><Polygon POINTS="113 251 113 297 111 310 139 321 141 321 142 321 348 313 371 313 382 313 447 322 449 322 483 315 487 315 507 315 643 324 645 324 703 318 719 316 724 318 739 324 740 324 742 324 832 319 895 316 902 321 910 325 911 325 913 325 914 325 916 325 926 321 932 318 938 321 948 325 950 325 951 325 978 321 999 318 1006 321 1015 325 1017 325 1018 325 1155 322 1157 303 1155 260 1044 260 1039 258 1009 248 1008 248 1006 248 1005 248 974 257 968 258 962 257 929 245 928 245 926 245 925 245 901 254 886 245 884 245 883 245 881 245 880 245 878 245 865 255 862 257 850 255 770 243 768 243 767 243 736 254 725 257 716 254 691 243 690 243 632 242 542 242 541 242 539 242 520 251 511 255 420 249 276 240 275 240 221 248 171 254 153 246 139 240 138 240 136 240 118 243 113 251"/></Shape>
	    <String CONTENT="Ac in ſeſe debent eſſe Caſtæ, &amp; Modeſtæ. Cœtus"
                    HPOS="111"
                    VPOS="240"
                    WIDTH="1046"
                    HEIGHT="85"
                    WC="0.96760744245156"></String>
          </TextLine>

          
          
          <TextLine ID="eSc_line_d2c8e213"
                    TAGREFS="LT4318"
                    BASELINE="113 356 638 355 1161 362" 
                    HPOS="113"
                    VPOS="307"
                    WIDTH="1048"
                    HEIGHT="78">
            <Shape><Polygon POINTS="113 356 113 380 349 371 371 382 373 382 374 382 376 382 377 382 403 373 548 373 559 382 560 382 562 382 655 383 657 383 663 383 699 374 719 383 721 383 722 383 956 385 957 385 959 385 963 383 986 376 1158 383 1161 362 1160 324 1011 312 932 312 931 312 929 312 911 321 910 322 907 321 898 315 896 315 895 315 893 315 745 318 736 310 734 310 733 310 684 310 682 310 681 310 679 310 669 319 666 321 651 319 591 309 590 309 522 318 505 319 501 318 483 309 481 309 480 309 478 309 477 309 465 318 462 319 459 316 447 309 446 309 444 309 443 309 383 316 382 316 373 309 373 307 371 307 370 307 368 307 367 307 342 316 337 318 333 316 316 307 315 307 313 307 276 315 266 318 263 315 254 307 252 307 251 307 209 307 208 307 206 307 193 315 187 318 113 315 113 356"/></Shape>
	    <String CONTENT="autẽ Eccleſiaſtici ratione, Silentes, &amp; Diſcentes."
                    HPOS="113"
                    VPOS="307"
                    WIDTH="1048"
                    HEIGHT="78"
                    WC="0.98637048403422"></String>
          </TextLine>

          
          
          <TextLine ID="eSc_line_ab483f47"
                    TAGREFS="LT4318"
                    BASELINE="171 411 1160 417" 
                    HPOS="169"
                    VPOS="367"
                    WIDTH="991"
                    HEIGHT="74">
            <Shape><Polygon POINTS="171 411 169 431 417 441 419 441 1158 437 1160 417 1158 383 1036 383 1035 380 1027 374 1027 373 1026 373 1024 373 1023 373 1021 373 1000 380 997 382 994 380 977 371 975 371 974 371 972 371 947 380 944 382 835 382 831 379 822 370 820 370 819 370 785 370 783 370 782 370 780 370 770 377 764 382 713 382 706 376 697 370 696 370 694 370 649 368 611 368 609 368 608 368 606 368 606 370 600 374 596 379 581 374 557 368 556 368 554 368 523 374 495 380 420 380 413 373 407 368 407 367 406 367 404 367 403 367 377 371 350 377 328 371 313 367 312 367 310 367 309 367 297 371 278 377 171 370 171 411"/></Shape>
	    <String CONTENT="Primùm igitur ait. Itidem, Nam ne ſe à con¬"
                    HPOS="169"
                    VPOS="367"
                    WIDTH="991"
                    HEIGHT="74"
                    WC="0.993471815851"></String>
          </TextLine>

          
          
          <TextLine ID="eSc_line_b4415524"
                    TAGREFS="LT4318"
                    BASELINE="111 471 1160 480" 
                    HPOS="111"
                    VPOS="425"
                    WIDTH="1049"
                    HEIGHT="77">
            <Shape><Polygon POINTS="111 471 111 495 211 495 211 493 212 493 214 493 224 486 236 493 237 495 239 495 240 495 242 495 298 493 434 490 471 493 519 498 520 498 522 498 535 493 550 489 633 489 642 493 645 496 646 496 648 496 649 496 670 493 688 490 693 493 699 499 700 499 701 499 703 499 801 493 828 492 840 493 893 501 895 501 896 501 913 493 916 492 972 492 978 493 1018 502 1020 502 1158 492 1160 480 1160 444 1051 444 1048 441 1041 434 1039 434 1038 434 986 432 984 432 809 437 697 440 651 434 611 429 609 429 582 432 545 438 535 432 530 429 529 429 527 429 526 429 469 431 298 437 272 428 269 426 267 426 266 426 264 426 263 426 249 437 176 437 111 425 111 471"/></Shape>
	    <String CONTENT="ſortio &amp; com municatione precum Eccleſiæ ex¬"
                    HPOS="111"
                    VPOS="425"
                    WIDTH="1049"
                    HEIGHT="77"
                    WC="0.975582358512011"></String>
          </TextLine>

          
          
          <TextLine ID="eSc_line_35277f03"
                    TAGREFS="LT4318"
                    BASELINE="111 529 1160 536" 
                    HPOS="110"
                    VPOS="484"
                    WIDTH="1050"
                    HEIGHT="76">
            <Shape><Polygon POINTS="110 547 120 554 121 554 123 554 124 556 257 556 257 554 258 554 260 554 272 545 321 556 322 556 385 547 389 547 520 547 522 547 532 556 532 557 533 557 535 557 536 559 661 559 661 557 663 557 679 548 682 548 734 548 736 550 745 557 745 559 746 559 748 559 749 560 816 560 816 559 817 559 819 559 828 550 829 550 847 550 989 560 990 560 1158 553 1160 536 1158 502 917 501 914 498 904 489 902 489 901 489 899 489 847 496 823 499 667 499 639 493 606 487 605 487 544 492 492 495 468 490 444 486 443 486 423 489 397 495 376 489 365 486 364 486 362 486 361 486 359 486 356 489 343 496 248 496 233 486 230 484 229 484 227 484 187 484 185 484 184 484 182 484 181 486 171 493 159 486 159 484 157 484 156 484 154 484 153 484 150 484 129 493 114 484 111 529 110 547"/></Shape>
	    <String CONTENT="cludi propter ſexus infirmitatem, &amp; maiora viro¬"
                    HPOS="110"
                    VPOS="484"
                    WIDTH="1050"
                    HEIGHT="76"
                    WC="0.997871192793051"></String>
          </TextLine>

          
          
          <TextLine ID="eSc_line_637bfb09"
                    TAGREFS="LT4318"
                    BASELINE="110 587 1158 594" 
                    HPOS="108"
                    VPOS="541"
                    WIDTH="1050"
                    HEIGHT="82">
            <Shape><Polygon POINTS="110 587 108 615 267 617 269 617 272 617 310 608 352 617 358 618 359 618 365 617 404 609 447 618 452 618 453 618 459 618 527 609 605 618 617 620 618 620 635 620 734 611 749 620 751 621 752 621 754 621 755 623 801 623 801 621 803 621 804 621 806 620 819 612 1155 621 1158 594 1157 559 1091 547 1090 547 1088 547 1087 547 1072 557 1070 559 1014 559 1009 557 947 545 841 545 840 545 838 545 810 556 809 556 803 556 713 544 712 544 639 545 638 545 636 545 624 554 621 554 575 547 574 547 572 547 571 547 562 554 557 554 523 547 522 547 443 553 438 553 437 553 425 542 423 542 422 542 420 542 361 553 356 553 355 553 345 544 345 542 343 542 342 542 340 542 339 542 321 551 307 541 306 541 304 541 303 541 301 541 267 551 266 551 110 551 110 587"/></Shape>
	    <String CONTENT="rum priuilegia putent mulieres Chriſtianæ, do¬"
                    HPOS="108"
                    VPOS="541"
                    WIDTH="1050"
                    HEIGHT="82"
                    WC="0.983444681634074"></String>
          </TextLine>

          
          
          <TextLine ID="eSc_line_bbc62a6c"
                    TAGREFS="LT4318"
                    BASELINE="111 646 1158 651" 
                    HPOS="110"
                    VPOS="602"
                    WIDTH="1048"
                    HEIGHT="76">
            <Shape><Polygon POINTS="111 646 110 661 175 673 176 673 223 664 249 673 251 673 252 673 459 664 533 675 535 676 581 676 581 675 582 675 584 675 596 666 612 675 614 675 615 675 728 666 795 675 797 675 798 675 800 675 809 667 817 675 817 676 819 676 820 676 822 678 904 678 904 676 905 676 926 667 942 675 944 675 1107 676 1109 676 1157 666 1158 651 1157 617 904 608 902 608 865 615 861 615 858 615 831 606 829 606 828 606 761 614 725 603 724 603 722 603 635 614 629 614 621 614 507 603 505 603 504 603 472 614 469 614 466 614 443 602 441 602 398 602 397 602 395 602 374 612 339 602 337 602 336 602 334 602 316 609 279 602 278 602 276 602 242 612 239 612 236 612 190 603 188 603 187 603 166 612 163 612 111 612 111 646"/></Shape>
	    <String CONTENT="cet eundem illis aditum ad Deum patere, &amp; ean¬"
                    HPOS="110"
                    VPOS="602"
                    WIDTH="1048"
                    HEIGHT="76"
                    WC="0.991984185965165"></String>
          </TextLine>

          
          
          <TextLine ID="eSc_line_f5d3f922"
                    TAGREFS="LT4318"
                    BASELINE="111 704 1163 712" 
                    HPOS="110"
                    VPOS="660"
                    WIDTH="1053"
                    HEIGHT="74">
            <Shape><Polygon POINTS="110 722 202 731 203 731 272 725 285 724 298 725 355 733 356 733 391 725 395 725 398 725 413 733 414 733 416 733 417 733 435 727 440 725 519 725 524 727 542 734 544 734 545 734 547 734 563 728 566 727 578 728 638 734 639 734 1161 733 1163 712 1163 675 1131 664 1130 664 1128 664 1079 675 1078 675 1076 675 1020 664 1018 664 1017 664 989 675 986 675 981 673 950 663 948 663 947 663 945 663 905 673 902 673 895 673 801 664 800 664 675 670 648 672 645 670 633 661 632 661 630 661 629 661 566 670 548 672 536 669 501 660 499 660 498 660 496 660 475 669 471 670 465 669 434 660 432 660 431 660 111 664 111 704"/></Shape>
	    <String CONTENT="dem orandi fiduciam dari, quam ſuprà viris eſſe"
                    HPOS="110"
                    VPOS="660"
                    WIDTH="1053"
                    HEIGHT="74"
                    WC="0.997040434430043"></String>
          </TextLine>

          
          
          <TextLine ID="eSc_line_d671bf89"
                    TAGREFS="LT4318"
                    BASELINE="111 764 1157 768" 
                    HPOS="110"
                    VPOS="718"
                    WIDTH="1047"
                    HEIGHT="71">
            <Shape><Polygon POINTS="111 764 110 782 118 789 120 789 121 789 123 789 1155 788 1157 768 1152 724 1127 733 1087 724 1070 721 1069 721 1067 721 1055 724 1021 734 871 734 849 725 835 721 834 721 832 721 831 721 816 725 797 733 682 733 670 727 657 719 655 719 654 719 620 727 614 727 608 727 562 719 560 719 559 719 545 727 539 730 535 727 520 719 519 719 517 719 464 727 461 727 459 727 389 718 388 718 386 718 353 728 345 730 327 728 246 718 245 718 243 718 226 727 196 719 194 719 193 719 111 728 111 764"/></Shape>
	    <String CONTENT="conceſſam oſtendit. Deus enim ſuas promiſſio¬"
                    HPOS="110"
                    VPOS="718"
                    WIDTH="1047"
                    HEIGHT="71"
                    WC="0.978344081507789"></String>
          </TextLine>

          
          
          <TextLine ID="eSc_line_93997543"
                    TAGREFS="LT4318"
                    BASELINE="111 822 1158 829" 
                    HPOS="111"
                    VPOS="779"
                    WIDTH="1047"
                    HEIGHT="74">
            <Shape><Polygon POINTS="111 822 111 846 215 840 401 849 419 849 420 849 426 849 507 841 697 850 701 850 703 850 704 850 739 843 754 852 755 852 757 852 758 852 765 852 813 844 877 852 880 852 881 852 884 852 950 844 1155 853 1158 829 1155 783 1107 792 968 792 951 783 948 782 947 782 945 782 917 783 810 789 725 783 681 780 679 780 678 780 672 783 661 788 571 783 474 779 472 779 111 783 111 822"/></Shape>
	    <String CONTENT="nes vtrique ſexui communes propoſuit: &amp; tam"
                    HPOS="111"
                    VPOS="779"
                    WIDTH="1047"
                    HEIGHT="74"
                    WC="0.987380975900694"></String>
          </TextLine>

          
          
          <TextLine ID="eSc_line_5ce91a1a"
                    TAGREFS="LT4318"
                    BASELINE="110 880 1157 884" 
                    HPOS="108"
                    VPOS="835"
                    WIDTH="1049"
                    HEIGHT="67">
            <Shape><Polygon POINTS="110 880 108 899 1154 902 1157 884 1155 850 1032 850 1029 847 1009 838 1008 838 1006 838 1005 838 977 847 969 850 850 850 838 844 819 838 817 838 816 838 779 844 768 846 765 844 758 837 757 837 755 837 754 837 703 843 666 847 612 841 563 837 562 837 539 841 505 847 434 840 395 835 394 835 368 838 313 846 300 837 298 835 297 835 295 835 294 835 292 835 288 837 272 844 254 837 251 835 249 835 110 835 110 880"/></Shape>
	    <String CONTENT="dicitur Sara parens &amp; mater fidelium mulierum"
                    HPOS="108"
                    VPOS="835"
                    WIDTH="1049"
                    HEIGHT="67"></String>
          </TextLine>

          
          
          <TextLine ID="eSc_line_b5dc57be"
                    TAGREFS="LT4318"
                    BASELINE="114 936 1047 944" 
                    HPOS="113"
                    VPOS="890"
                    WIDTH="934"
                    HEIGHT="76">
            <Shape><Polygon POINTS="114 936 113 960 230 962 232 962 233 962 234 962 258 953 309 962 319 963 321 963 349 962 484 954 501 963 502 965 504 965 505 965 507 965 508 965 514 963 536 956 553 963 557 965 559 965 560 965 562 965 568 963 591 956 657 963 682 966 684 966 685 966 694 963 716 957 795 965 822 966 823 966 841 965 892 959 1044 965 1047 944 1045 908 960 896 917 896 916 896 914 896 913 896 913 898 902 907 901 907 890 907 788 898 786 898 745 905 742 905 740 905 713 895 712 895 710 895 608 904 606 904 605 904 591 893 590 893 588 893 587 893 449 902 435 893 434 893 432 893 431 893 429 893 395 902 394 902 383 893 382 893 380 893 379 893 315 898 278 890 276 890 275 890 234 901 233 901 188 890 187 890 114 899 114 936"/></Shape>
	    <String CONTENT="quàm Abraham fidelium virorum 1.Pet.3."
                    HPOS="113"
                    VPOS="890"
                    WIDTH="934"
                    HEIGHT="76"></String>
          </TextLine>

          
          
          <TextLine ID="eSc_line_5cf3753e"
                    TAGREFS="LT4318"
                    BASELINE="166 996 1158 1003" 
                    HPOS="166"
                    VPOS="950"
                    WIDTH="992"
                    HEIGHT="76">
            <Shape><Polygon POINTS="166 996 166 1018 1075 1018 1091 1026 1093 1026 1094 1026 1157 1017 1158 1003 1158 969 1069 956 1067 956 910 966 895 954 893 954 892 954 890 954 807 966 803 966 800 966 762 953 761 953 759 953 699 962 627 953 626 953 624 953 582 963 574 956 572 956 571 956 569 956 568 956 553 963 536 951 535 951 533 951 493 951 492 951 490 951 489 951 471 963 469 965 365 965 352 963 191 950 190 950 188 950 166 960 166 996"/></Shape>
	    <String CONTENT="Communis vtriſque Baptiſmus, Cœna Domi¬"
                    HPOS="166"
                    VPOS="950"
                    WIDTH="992"
                    HEIGHT="76"
                    WC="0.972464677615043"></String>
          </TextLine>

          
          
          <TextLine ID="eSc_line_d799d70f"
                    TAGREFS="LT4318"
                    BASELINE="108 1057 1157 1061" 
                    HPOS="107"
                    VPOS="1009"
                    WIDTH="1050"
                    HEIGHT="75">
            <Shape><Polygon POINTS="108 1057 107 1073 218 1081 220 1081 221 1081 223 1081 229 1075 233 1072 315 1072 377 1076 429 1081 431 1081 432 1081 441 1078 458 1072 498 1078 529 1082 530 1082 559 1079 587 1075 615 1079 636 1082 638 1082 639 1082 641 1082 643 1079 655 1073 742 1081 771 1082 773 1082 774 1082 782 1081 806 1075 835 1081 849 1084 850 1084 862 1082 893 1075 920 1082 928 1084 929 1084 931 1084 959 1082 1076 1075 1154 1084 1157 1061 1155 1024 975 1024 969 1021 953 1014 951 1014 950 1014 916 1020 901 1023 896 1020 887 1014 886 1014 884 1014 883 1014 849 1020 826 1023 820 1018 810 1011 809 1011 807 1011 806 1011 804 1011 782 1018 771 1021 757 1018 725 1011 724 1011 685 1017 658 1021 651 1017 645 1011 643 1011 642 1011 599 1011 597 1011 596 1011 594 1011 587 1015 582 1018 539 1015 522 1014 520 1014 513 1014 474 1021 464 1014 458 1009 456 1009 455 1009 453 1009 408 1012 328 1020 295 1011 287 1009 285 1009 284 1009 273 1011 232 1020 209 1009 206 1009 205 1009 203 1009 202 1009 199 1009 172 1017 108 1009 108 1057"/></Shape>
	    <String CONTENT="ni, Prædicatio Euangelij, fides, &amp; gloria æterna,"
                    HPOS="107"
                    VPOS="1009"
                    WIDTH="1050"
                    HEIGHT="75"
                    WC="0.980969523896976"></String>
          </TextLine>

          
          
          <TextLine ID="eSc_line_36abcad4"
                    TAGREFS="LT4318"
                    BASELINE="111 1113 1157 1119" 
                    HPOS="110"
                    VPOS="1067"
                    WIDTH="1047"
                    HEIGHT="78">
            <Shape><Polygon POINTS="111 1113 110 1127 144 1140 145 1140 147 1140 206 1133 273 1139 275 1139 276 1139 294 1130 327 1140 328 1140 330 1140 414 1131 429 1142 431 1142 432 1142 434 1142 487 1131 517 1140 519 1140 520 1140 609 1131 690 1131 713 1143 715 1143 716 1145 838 1145 838 1143 896 1133 1021 1145 1023 1145 1024 1145 1051 1134 1085 1145 1087 1145 1088 1145 1090 1145 1091 1145 1103 1134 1155 1133 1157 1119 1155 1084 987 1084 986 1082 972 1072 971 1072 969 1072 932 1072 931 1072 929 1072 899 1082 895 1082 890 1082 849 1070 847 1070 846 1070 701 1081 690 1081 688 1081 673 1070 672 1070 670 1070 669 1070 609 1076 585 1069 584 1069 582 1069 581 1069 554 1079 551 1079 453 1069 452 1069 389 1079 383 1079 382 1079 368 1067 367 1067 365 1067 279 1067 278 1067 276 1067 275 1067 275 1069 263 1078 261 1078 181 1067 179 1067 111 1076 111 1113"/></Shape>
	    <String CONTENT="quia vtriſque cõmunis eſt imago Dei. Ergo mu¬"
                    HPOS="110"
                    VPOS="1067"
                    WIDTH="1047"
                    HEIGHT="78"
                    WC="0.998190230649451"></String>
          </TextLine>

          
          
          <TextLine ID="eSc_line_2a0d0df3"
                    TAGREFS="LT4318"
                    BASELINE="108 1171 1163 1180" 
                    HPOS="107"
                    VPOS="1125"
                    WIDTH="1056"
                    HEIGHT="79">
            <Shape><Polygon POINTS="108 1171 107 1186 142 1197 144 1197 145 1197 731 1194 812 1203 813 1203 984 1195 997 1203 999 1203 1000 1203 1002 1203 1072 1197 1127 1204 1128 1204 1130 1204 1161 1195 1163 1180 1163 1131 1093 1131 1091 1131 1090 1131 1088 1131 1073 1142 1036 1133 1035 1133 1033 1133 991 1142 980 1131 978 1131 978 1130 977 1130 975 1130 974 1130 972 1130 968 1131 938 1140 835 1133 834 1133 832 1133 816 1140 725 1140 715 1131 712 1128 710 1128 709 1128 707 1128 690 1131 660 1139 648 1131 638 1127 636 1127 526 1127 524 1127 523 1127 507 1133 490 1137 456 1133 406 1125 404 1125 355 1133 343 1134 334 1133 304 1125 303 1125 301 1125 258 1133 248 1134 108 1134 108 1171"/></Shape>
	    <String CONTENT="lieres,vti &amp; viros, orare, &amp; Deum precari vult: ſed"
                    HPOS="107"
                    VPOS="1125"
                    WIDTH="1056"
                    HEIGHT="79"></String>
          </TextLine>

          
          
          <TextLine ID="eSc_line_96a08bff"
                    TAGREFS="LT4318"
                    BASELINE="110 1231 532 1229 1158 1240" 
                    HPOS="108"
                    VPOS="1186"
                    WIDTH="1050"
                    HEIGHT="79">
            <Shape><Polygon POINTS="110 1231 108 1246 123 1255 124 1255 126 1255 127 1255 232 1246 260 1256 261 1256 263 1258 263 1256 264 1256 290 1246 292 1246 466 1247 474 1250 513 1259 514 1259 603 1252 636 1250 724 1250 736 1255 759 1262 761 1262 762 1264 862 1264 862 1262 864 1262 877 1258 890 1253 989 1255 999 1259 1012 1265 1014 1265 1015 1265 1157 1262 1158 1240 1157 1198 923 1192 922 1192 920 1192 919 1192 914 1197 905 1201 794 1201 758 1195 704 1189 703 1189 635 1195 597 1198 571 1195 520 1188 519 1188 517 1188 516 1188 508 1195 504 1197 490 1195 438 1186 437 1186 435 1186 408 1194 382 1186 380 1186 379 1186 377 1186 348 1194 340 1195 322 1194 249 1186 248 1186 246 1186 230 1194 229 1194 110 1194 110 1231"/></Shape>
	    <String CONTENT="tacitas, non autem in cœtu eas preces fundere &amp;"
                    HPOS="108"
                    VPOS="1186"
                    WIDTH="1050"
                    HEIGHT="79"
                    WC="0.983616494117899"></String>
          </TextLine>

          
          
          <TextLine ID="eSc_line_fe65ce8d"
                    TAGREFS="LT4318"
                    BASELINE="111 1290 544 1289 1155 1298" 
                    HPOS="110"
                    VPOS="1244"
                    WIDTH="1045"
                    HEIGHT="76">
            <Shape><Polygon POINTS="111 1290 110 1304 269 1311 270 1311 321 1308 389 1302 408 1308 420 1313 422 1313 423 1313 443 1310 472 1304 623 1304 679 1313 701 1316 703 1316 704 1316 715 1313 745 1305 825 1314 838 1316 840 1316 858 1316 945 1310 974 1317 981 1319 983 1319 984 1320 1154 1320 1155 1298 1154 1264 1039 1255 1038 1255 1036 1255 1017 1262 1014 1262 1012 1262 978 1252 977 1252 975 1252 974 1252 954 1261 941 1249 939 1249 938 1249 936 1249 850 1261 843 1261 834 1261 767 1253 765 1253 764 1253 743 1259 728 1247 727 1247 725 1247 724 1247 722 1247 697 1259 696 1259 667 1247 666 1247 664 1247 504 1258 492 1258 490 1258 462 1244 461 1244 459 1244 310 1247 309 1247 290 1256 288 1256 154 1256 153 1255 141 1244 139 1244 138 1244 136 1244 135 1244 111 1252 111 1290"/></Shape>
	    <String CONTENT="concipere. Vult autem Paulus eas eſſe in cœtu"
                    HPOS="110"
                    VPOS="1244"
                    WIDTH="1045"
                    HEIGHT="76"
                    WC="0.970171128378974"></String>
          </TextLine>

          
          
          <TextLine ID="eSc_line_f58f0f63"
                    TAGREFS="LT4318"
                    BASELINE="113 1345 1155 1356" 
                    HPOS="113"
                    VPOS="1298"
                    WIDTH="1042"
                    HEIGHT="79">
            <Shape><Polygon POINTS="113 1345 113 1365 691 1365 737 1372 746 1374 748 1374 757 1372 797 1366 807 1374 809 1374 810 1374 812 1374 831 1374 983 1369 1152 1377 1155 1356 1154 1316 1110 1307 1109 1307 1107 1307 1088 1314 1079 1317 972 1317 965 1313 944 1305 942 1305 858 1304 856 1304 855 1304 831 1311 822 1316 757 1316 743 1311 719 1304 718 1304 716 1304 667 1310 646 1313 641 1310 626 1302 624 1302 623 1302 587 1310 569 1313 519 1308 410 1299 408 1299 342 1307 313 1310 309 1307 298 1299 297 1299 295 1299 294 1299 292 1299 270 1307 261 1310 174 1310 166 1305 156 1298 154 1298 153 1298 151 1298 113 1304 113 1345"/></Shape>
	    <String CONTENT="Domini amictas &amp; veſtitas Honeſtè, Verecundè"
                    HPOS="113"
                    VPOS="1298"
                    WIDTH="1042"
                    HEIGHT="79"
                    WC="0.991432894831118"></String>
          </TextLine>

          
          
          <TextLine ID="eSc_line_41ebee08"
                    TAGREFS="LT4318"
                    BASELINE="110 1408 1154 1412" 
                    HPOS="108"
                    VPOS="1360"
                    WIDTH="1046"
                    HEIGHT="76">
            <Shape><Polygon POINTS="110 1408 108 1426 223 1432 224 1432 226 1432 239 1426 248 1423 342 1423 370 1426 406 1430 407 1430 408 1430 420 1426 429 1423 444 1426 477 1433 478 1433 480 1433 481 1433 489 1426 492 1424 612 1424 626 1426 682 1433 684 1433 685 1433 687 1433 696 1426 697 1424 737 1424 740 1426 752 1433 754 1433 755 1433 757 1433 831 1426 832 1426 910 1435 911 1436 1124 1436 1124 1435 1125 1435 1152 1424 1154 1412 1152 1377 1009 1377 1009 1375 981 1363 980 1363 978 1363 977 1363 975 1363 960 1375 959 1377 916 1377 914 1375 896 1363 895 1363 893 1363 892 1363 890 1363 868 1375 853 1375 806 1375 804 1375 780 1362 779 1362 777 1362 776 1362 743 1372 709 1362 707 1362 706 1362 704 1362 703 1362 688 1374 688 1375 565 1375 563 1374 550 1362 548 1362 547 1362 545 1362 544 1362 513 1374 511 1374 443 1374 431 1374 414 1360 413 1360 411 1360 410 1360 408 1360 382 1368 364 1360 362 1360 361 1360 133 1362 132 1362 110 1371 110 1408"/></Shape>
	    <String CONTENT="&amp; Modeſté. Atque huic muliebii cultui &amp; orna¬"
                    HPOS="108"
                    VPOS="1360"
                    WIDTH="1046"
                    HEIGHT="76"
                    WC="0.989635382009589"></String>
          </TextLine>

          
          
          <TextLine ID="eSc_line_de7c0a20"
                    TAGREFS="LT4318"
                    BASELINE="111 1466 1154 1473" 
                    HPOS="110"
                    VPOS="1420"
                    WIDTH="1044"
                    HEIGHT="73">
            <Shape><Polygon POINTS="110 1475 196 1487 197 1488 276 1488 276 1487 278 1487 300 1479 304 1478 315 1479 367 1487 368 1487 370 1487 382 1481 385 1479 406 1481 475 1487 477 1487 505 1482 526 1479 547 1484 582 1490 584 1490 585 1490 599 1484 608 1481 733 1481 743 1487 749 1491 751 1491 752 1491 754 1493 840 1493 840 1491 841 1491 850 1488 870 1482 892 1490 901 1491 902 1491 1151 1493 1154 1473 1154 1438 1122 1427 1121 1427 1119 1427 1048 1435 1035 1436 1018 1435 960 1429 959 1429 910 1433 887 1435 883 1433 873 1426 871 1426 870 1426 789 1426 788 1426 786 1426 785 1426 777 1430 774 1433 762 1430 737 1424 736 1424 734 1424 733 1424 715 1430 703 1433 663 1429 633 1426 632 1426 630 1426 629 1426 626 1429 615 1435 529 1435 456 1433 447 1426 446 1423 444 1423 443 1423 391 1423 389 1423 388 1423 386 1423 385 1424 374 1432 197 1432 159 1421 157 1421 156 1421 154 1421 153 1421 144 1430 113 1420 111 1466 110 1475"/></Shape>
	    <String CONTENT="tui opponit, Cincinnos &amp; calamiſtros, Aurum &amp;"
                    HPOS="110"
                    VPOS="1420"
                    WIDTH="1044"
                    HEIGHT="73"
                    WC="0.987098534901937"></String>
          </TextLine>

          
          
          <TextLine ID="eSc_line_baba4c5a"
                    TAGREFS="LT4318"
                    BASELINE="113 1522 1154 1531" 
                    HPOS="111"
                    VPOS="1484"
                    WIDTH="1043"
                    HEIGHT="71">
            <Shape><Polygon POINTS="113 1522 111 1540 196 1548 197 1548 223 1542 245 1537 269 1543 288 1548 290 1548 291 1548 292 1548 306 1543 321 1539 413 1539 423 1545 429 1549 431 1549 432 1549 434 1549 453 1545 478 1540 499 1546 507 1548 508 1548 510 1548 565 1546 762 1542 800 1549 819 1554 820 1555 889 1555 889 1554 890 1554 892 1554 895 1551 899 1546 908 1551 913 1554 914 1554 916 1555 1152 1555 1154 1531 1152 1491 113 1484 113 1522"/></Shape>
	    <String CONTENT="argentum, margaritas in veſtibus, Pretioſum ſiue"
                    HPOS="111"
                    VPOS="1484"
                    WIDTH="1043"
                    HEIGHT="71"
                    WC="0.985291714469592"></String>
          </TextLine>

          
          
          <TextLine ID="eSc_line_c0415a8e"
                    TAGREFS="LT4318"
                    BASELINE="108 1580 1151 1591" 
                    HPOS="107"
                    VPOS="1534"
                    WIDTH="1044"
                    HEIGHT="78">
            <Shape><Polygon POINTS="108 1580 107 1595 172 1606 174 1606 340 1598 406 1597 670 1598 681 1603 703 1612 704 1612 706 1612 1149 1609 1151 1591 1151 1554 1134 1543 1133 1543 1131 1543 1130 1543 1128 1543 1090 1555 1023 1548 1021 1548 1020 1548 1003 1555 1002 1555 1000 1555 977 1542 975 1542 974 1542 913 1554 907 1554 886 1554 696 1540 694 1540 693 1540 673 1549 636 1539 635 1539 633 1539 590 1549 585 1549 580 1548 553 1540 551 1540 550 1540 548 1540 530 1548 526 1549 523 1548 508 1537 507 1537 505 1537 462 1537 461 1537 459 1537 458 1537 444 1546 438 1549 353 1549 349 1545 337 1536 336 1536 334 1536 295 1536 294 1536 292 1536 276 1543 269 1548 261 1543 249 1536 248 1536 246 1536 245 1536 243 1536 217 1543 202 1548 163 1548 156 1542 145 1534 144 1534 142 1534 141 1534 108 1540 108 1580"/></Shape>
	    <String CONTENT="ſumptuoſum veſtitum. Denique opera bona ab"
                    HPOS="107"
                    VPOS="1534"
                    WIDTH="1044"
                    HEIGHT="78"
                    WC="0.988280233882722"></String>
          </TextLine>

          
          
          <TextLine ID="eSc_line_3d4fac00"
                    TAGREFS="LT4318"
                    BASELINE="108 1640 1155 1649" 
                    HPOS="107"
                    VPOS="1592"
                    WIDTH="1048"
                    HEIGHT="84">
            <Shape><Polygon POINTS="108 1640 107 1655 123 1662 124 1662 126 1662 187 1656 203 1668 205 1668 206 1668 208 1668 398 1659 456 1658 478 1662 529 1671 530 1671 590 1664 630 1659 643 1665 660 1673 661 1673 663 1673 704 1667 734 1662 789 1668 844 1674 846 1674 847 1674 856 1670 871 1662 916 1662 947 1671 948 1671 950 1671 956 1671 1131 1668 1151 1676 1155 1649 1152 1607 1041 1613 1023 1604 1015 1601 1014 1601 1012 1601 1011 1601 1005 1604 990 1612 965 1604 960 1603 959 1603 957 1603 956 1603 953 1604 931 1613 843 1613 816 1604 815 1604 813 1604 812 1604 792 1610 779 1601 777 1600 776 1600 774 1600 773 1600 771 1600 770 1600 768 1601 754 1610 734 1603 733 1603 731 1603 730 1603 728 1603 718 1612 635 1612 578 1598 568 1597 566 1597 565 1597 560 1598 533 1609 517 1597 516 1597 514 1597 386 1595 385 1595 383 1595 382 1595 362 1609 287 1609 190 1607 174 1594 172 1594 171 1594 108 1592 108 1640"/></Shape>
	    <String CONTENT="illis requirit &amp; efflagitat, quæ opponuntur omni"
                    HPOS="107"
                    VPOS="1592"
                    WIDTH="1048"
                    HEIGHT="84"
                    WC="0.983995811392864"></String>
          </TextLine>

          
          
          <TextLine ID="eSc_line_d68a2cd7"
                    TAGREFS="LT4318"
                    BASELINE="110 1699 1151 1707" 
                    HPOS="108"
                    VPOS="1653"
                    WIDTH="1043"
                    HEIGHT="75">
            <Shape><Polygon POINTS="110 1699 108 1713 163 1723 165 1723 260 1716 330 1716 339 1725 340 1725 342 1725 343 1725 345 1725 377 1717 462 1717 511 1717 523 1726 524 1726 526 1726 527 1726 678 1719 684 1719 687 1719 734 1728 736 1728 1149 1722 1151 1707 1151 1673 1127 1661 1125 1661 1124 1661 944 1668 907 1670 902 1668 887 1659 886 1659 884 1659 809 1667 764 1670 745 1665 719 1658 718 1658 716 1658 715 1658 699 1664 687 1668 675 1664 660 1658 658 1658 657 1658 623 1662 580 1668 414 1668 406 1659 404 1659 403 1659 401 1659 334 1667 279 1656 270 1655 269 1655 258 1655 181 1665 110 1653 110 1699"/></Shape>
	    <String CONTENT="impudicitiæ, vanitati, ambitioni, faſtui muliebri."
                    HPOS="108"
                    VPOS="1653"
                    WIDTH="1043"
                    HEIGHT="75"
                    WC="0.983617670536041"></String>
          </TextLine>

          
          
          <TextLine ID="eSc_line_28c67f5f"
                    TAGREFS="LT4318"
                    BASELINE="113 1756 1154 1765" 
                    HPOS="111"
                    VPOS="1710"
                    WIDTH="1043"
                    HEIGHT="82">
            <Shape><Polygon POINTS="113 1756 111 1775 287 1787 288 1787 538 1783 542 1783 548 1783 693 1790 694 1790 748 1786 774 1783 779 1786 783 1790 785 1790 786 1790 788 1792 1152 1792 1154 1765 1152 1720 1003 1719 1002 1719 1000 1719 981 1728 938 1717 935 1717 933 1717 929 1717 880 1726 776 1716 770 1716 768 1716 765 1716 725 1725 710 1716 709 1716 707 1716 706 1716 704 1716 672 1725 636 1714 635 1714 633 1714 632 1714 627 1714 571 1723 547 1714 545 1714 544 1714 542 1714 541 1714 530 1725 475 1725 361 1713 359 1713 288 1722 169 1722 113 1710 113 1756"/></Shape>
	    <String CONTENT="Decent aurẽ maximè opera bona fœminas Chri¬"
                    HPOS="111"
                    VPOS="1710"
                    WIDTH="1043"
                    HEIGHT="82"
                    WC="0.999636503060659"></String>
          </TextLine>

          
          
          <TextLine ID="eSc_line_ab6ff101"
                    TAGREFS="LT4318"
                    BASELINE="110 1820 290 1815" 
                    HPOS="108"
                    VPOS="1769"
                    WIDTH="182"
                    HEIGHT="82">
            <Shape><Polygon POINTS="110 1820 110 1839 136 1851 138 1851 139 1851 175 1842 191 1839 288 1847 290 1815 285 1780 212 1783 181 1772 169 1769 168 1769 108 1769 110 1820"/></Shape>
	    <String CONTENT="ſtianas."
                    HPOS="108"
                    VPOS="1769"
                    WIDTH="182"
                    HEIGHT="82"
                    WC="0.937391236424446"></String>
          </TextLine>

          
          
          <TextLine ID="eSc_line_7301a434"
                    TAGREFS="LT4318"
                    BASELINE="171 1875 1152 1884" 
                    HPOS="169"
                    VPOS="1823"
                    WIDTH="983"
                    HEIGHT="89">
            <Shape><Polygon POINTS="171 1875 169 1902 227 1894 254 1905 255 1905 257 1905 258 1905 260 1905 261 1905 261 1903 273 1894 315 1894 383 1905 477 1906 501 1906 502 1906 504 1906 535 1897 556 1908 557 1908 559 1908 560 1908 578 1908 719 1902 754 1909 757 1909 758 1909 762 1909 823 1899 843 1908 844 1908 846 1908 911 1900 978 1911 989 1912 990 1912 1005 1911 1109 1902 1148 1912 1152 1884 1152 1844 1109 1842 1085 1829 1084 1829 1082 1829 1017 1841 990 1827 989 1827 987 1827 922 1841 920 1841 904 1830 902 1830 901 1830 899 1830 868 1835 825 1826 823 1826 731 1839 725 1841 682 1841 678 1839 633 1824 632 1824 630 1824 575 1835 535 1827 533 1827 475 1836 455 1826 453 1826 452 1826 450 1826 416 1836 414 1836 398 1823 397 1823 395 1823 362 1823 361 1823 359 1823 358 1823 343 1836 342 1836 171 1835 171 1875"/></Shape>
	    <String CONTENT="Ac primùm ſimilis eſt locus.1.Pet.verſ.3.Tit.2"
                    HPOS="169"
                    VPOS="1823"
                    WIDTH="983"
                    HEIGHT="89"></String>
          </TextLine>

          
          
          <TextLine ID="eSc_line_20597ab6"
                    TAGREFS="LT4318"
                    BASELINE="118 1930 389 1933" 
                    HPOS="117"
                    VPOS="1888"
                    WIDTH="272"
                    HEIGHT="67">
            <Shape><Polygon POINTS="118 1930 117 1951 252 1946 290 1949 361 1955 362 1955 364 1955 388 1946 389 1933 389 1900 325 1900 324 1899 316 1891 316 1890 315 1890 313 1890 267 1890 266 1890 264 1890 263 1890 255 1897 254 1899 245 1896 218 1888 217 1888 215 1888 184 1894 171 1897 118 1894 118 1930"/></Shape>
	    <String CONTENT="verſ.2.Iſai.3."
                    HPOS="117"
                    VPOS="1888"
                    WIDTH="272"
                    HEIGHT="67"></String>
          </TextLine>

          
          
          <TextLine ID="eSc_line_577a3f77"
                    TAGREFS="LT4318"
                    BASELINE="169 1991 1151 2000" 
                    HPOS="168"
                    VPOS="1939"
                    WIDTH="983"
                    HEIGHT="85">
            <Shape><Polygon POINTS="169 1991 168 2004 199 2016 200 2016 202 2018 316 2018 316 2016 318 2016 333 2009 478 2016 480 2016 481 2016 496 2009 523 2019 524 2019 526 2019 751 2012 767 2021 768 2021 770 2021 837 2022 838 2022 983 2013 1115 2024 1116 2024 1118 2024 1149 2013 1151 2000 1151 1960 1091 1960 1090 1958 1075 1946 1073 1946 1072 1946 1070 1946 1069 1946 1033 1957 959 1948 957 1948 884 1955 873 1957 870 1955 855 1945 853 1945 852 1945 850 1945 759 1954 758 1954 743 1943 742 1943 740 1943 739 1943 737 1943 697 1954 690 1955 685 1954 661 1942 660 1942 627 1942 626 1942 624 1942 623 1942 606 1952 603 1955 545 1955 539 1952 522 1942 520 1942 519 1942 480 1951 472 1952 471 1951 458 1940 456 1940 455 1940 407 1940 406 1940 404 1940 403 1940 392 1949 388 1952 294 1952 291 1949 281 1940 281 1939 279 1939 278 1939 276 1939 275 1939 243 1948 233 1951 221 1948 197 1942 196 1942 194 1942 169 1946 169 1991"/></Shape>
	    <String CONTENT="Diſſimile videri poteſt exemplum &amp; factum"
                    HPOS="168"
                    VPOS="1939"
                    WIDTH="983"
                    HEIGHT="85"
                    WC="0.978913656095179"></String>
          </TextLine>

          
          
          <TextLine ID="eSc_line_c8b21b92"
                    TAGREFS="LT4318"
                    BASELINE="114 2047 1151 2061" 
                    HPOS="113"
                    VPOS="1998"
                    WIDTH="1038"
                    HEIGHT="85">
            <Shape><Polygon POINTS="114 2047 113 2064 230 2077 232 2077 285 2068 478 2080 480 2080 554 2073 593 2082 594 2082 596 2082 707 2074 846 2083 847 2083 849 2083 873 2076 1148 2077 1151 2061 1151 2022 1118 2013 1116 2013 1115 2013 1113 2013 1096 2022 1094 2022 1063 2013 1061 2013 1060 2013 971 2021 956 2021 953 2019 922 2007 920 2007 919 2007 825 2018 806 2019 798 2018 767 2006 765 2006 681 2006 679 2006 678 2006 676 2006 676 2007 667 2015 664 2016 655 2015 626 2009 624 2009 623 2009 612 2013 606 2016 597 2013 562 2003 560 2003 559 2003 557 2003 526 2012 516 2015 434 2015 429 2010 419 2001 417 2001 416 2001 414 2001 359 2007 330 2000 328 2000 327 2000 325 2000 324 2000 324 2001 315 2009 310 2012 211 2012 206 2007 197 2000 197 1998 196 1998 194 1998 193 1998 114 2004 114 2047"/></Shape>
	    <String CONTENT="Eſtheræ: Eſth.cap.5 &amp; ludithæ, quæ ſe comit &amp;"
                    HPOS="113"
                    VPOS="1998"
                    WIDTH="1038"
                    HEIGHT="85"
                    WC="0.971912527084351"></String>
          </TextLine>

          
          
          <TextLine ID="eSc_line_3fbb9c00"
                    TAGREFS="LT4318"
                    BASELINE="114 2107 1149 2119" 
                    HPOS="113"
                    VPOS="2062"
                    WIDTH="1036"
                    HEIGHT="81">
            <Shape><Polygon POINTS="114 2107 113 2122 118 2128 118 2129 120 2129 121 2129 123 2129 278 2125 324 2135 325 2135 327 2135 365 2125 480 2137 481 2137 532 2129 581 2138 582 2138 638 2131 664 2140 666 2140 667 2140 767 2132 768 2132 770 2132 823 2141 825 2141 826 2141 828 2141 828 2140 837 2134 840 2131 850 2134 890 2143 892 2143 962 2135 994 2132 1017 2137 1048 2143 1049 2143 1148 2138 1149 2119 1148 2083 1000 2070 999 2070 938 2080 933 2080 931 2080 890 2068 889 2068 887 2068 886 2068 864 2079 844 2068 843 2068 841 2068 792 2079 789 2079 785 2079 751 2068 749 2068 748 2068 746 2068 745 2068 730 2077 707 2068 706 2068 704 2068 666 2077 661 2077 502 2077 499 2076 475 2064 474 2064 472 2064 471 2064 444 2073 411 2064 410 2064 408 2064 340 2071 328 2062 327 2062 325 2062 278 2062 276 2062 275 2062 273 2062 258 2073 257 2073 249 2073 205 2065 203 2065 114 2070 114 2107"/></Shape>
	    <String CONTENT="ornat aliquid actura egregium, Reſpond. Non"
                    HPOS="113"
                    VPOS="2062"
                    WIDTH="1036"
                    HEIGHT="81"
                    WC="0.982675441475802"></String>
          </TextLine>

          
          
          <TextLine ID="eSc_line_3c94ec18"
                    TAGREFS="LT4318"
                    BASELINE="114 2165 1151 2175" 
                    HPOS="113"
                    VPOS="2120"
                    WIDTH="1038"
                    HEIGHT="98">
            <Shape><Polygon POINTS="114 2165 113 2193 154 2212 156 2212 157 2212 221 2208 223 2208 254 2196 261 2193 285 2193 290 2196 315 2214 316 2214 318 2214 502 2215 504 2215 505 2215 532 2205 541 2214 542 2214 544 2214 620 2217 621 2217 669 2207 704 2198 737 2208 739 2208 740 2208 742 2208 745 2208 783 2199 867 2207 868 2207 901 2201 913 2208 914 2208 916 2208 917 2208 965 2201 1036 2210 1038 2210 1124 2204 1145 2218 1151 2175 1151 2141 1115 2129 1113 2129 1112 2129 1110 2129 1084 2137 1063 2129 1061 2129 1060 2129 1058 2129 1057 2129 1042 2141 1041 2143 1018 2143 1015 2141 981 2128 980 2128 978 2128 881 2140 875 2140 856 2126 855 2126 853 2126 852 2126 850 2126 804 2138 803 2138 757 2129 755 2129 688 2137 666 2125 664 2125 663 2125 661 2125 635 2137 635 2138 560 2138 556 2137 522 2125 520 2125 519 2125 478 2134 462 2126 461 2126 459 2126 343 2134 336 2134 334 2134 307 2122 306 2122 304 2122 303 2122 301 2122 284 2134 282 2134 257 2120 255 2120 254 2120 114 2131 114 2165"/></Shape>
	    <String CONTENT="agi illîc de precibus, nec de cœtu Eceleſiæ adeũ¬"
                    HPOS="113"
                    VPOS="2120"
                    WIDTH="1038"
                    HEIGHT="98"></String>
          </TextLine>

          
        </TextBlock>
        

        
      </PrintSpace>
    </Page>
  </Layout>
</alto>
