<?xml version="1.0" encoding="UTF-8"?>
<alto xmlns:xsi="http://www.w3.org/2001/XMLSchema-instance"
      xmlns="http://www.loc.gov/standards/alto/ns-v4#"
      xsi:schemaLocation="http://www.loc.gov/standards/alto/ns-v4# http://www.loc.gov/standards/alto/v4/alto-4-2.xsd">
  <Description>
    <MeasurementUnit>pixel</MeasurementUnit>
    <sourceImageInformation>
      <fileName>2012967.png</fileName>
      
    </sourceImageInformation>
  </Description>
  
  <Tags>
    <OtherTag ID="BT10983" LABEL="GraphicZone" DESCRIPTION="block type GraphicZone"/><OtherTag ID="BT10982" LABEL="DropCapitalZone" DESCRIPTION="block type DropCapitalZone"/><OtherTag ID="BT10981" LABEL="RunningTitleZone" DESCRIPTION="block type RunningTitleZone"/><OtherTag ID="BT10980" LABEL="NumberingZone" DESCRIPTION="block type NumberingZone"/><OtherTag ID="BT10979" LABEL="TitlePageZone" DESCRIPTION="block type TitlePageZone"/><OtherTag ID="BT10978" LABEL="QuireMarksZone" DESCRIPTION="block type QuireMarksZone"/><OtherTag ID="BT10977" LABEL="MainZone" DESCRIPTION="block type MainZone"/><OtherTag ID="BT10976" LABEL="MarginTextZone" DESCRIPTION="block type MarginTextZone"/>
    <OtherTag ID="LT4321" LABEL="default" DESCRIPTION="line type default"/><OtherTag ID="LT4319" LABEL="HeadingLine" DESCRIPTION="line type HeadingLine"/><OtherTag ID="LT4318" LABEL="DefaultLine" DESCRIPTION="line type DefaultLine"/><OtherTag ID="LT4320" LABEL="CustomLine : BiblicalText" DESCRIPTION="line type CustomLine : BiblicalText"/>
  </Tags>
  
  <Layout>
    <Page WIDTH="1807"
          HEIGHT="2677"
          PHYSICAL_IMG_NR="14"
          ID="eSc_dummypage_">
      <PrintSpace HPOS="0"
                  VPOS="0"
                  WIDTH="1807"
                  HEIGHT="2677">
        
        <TextBlock HPOS="488"
                   VPOS="168"
                   WIDTH="366"
                   HEIGHT="53"
                   ID="block_3"
                   TAGREFS="BT10981">
          <Shape><Polygon POINTS="854 168 854 221 488 221 488 168"/></Shape>
          
          
          <TextLine ID="eSc_line_e9ac88c7"
                    TAGREFS="LT4319"
                    BASELINE="487 203 856 200" 
                    HPOS="486"
                    VPOS="154"
                    WIDTH="370"
                    HEIGHT="70">
            <Shape><Polygon POINTS="828 169 813 168 798 168 783 166 768 166 754 165 739 165 722 165 718 163 709 163 694 162 679 162 664 162 652 160 643 163 612 159 605 159 590 157 587 157 572 165 511 154 501 160 486 172 487 203 487 215 669 224 670 224 672 224 703 215 709 214 719 215 767 223 768 223 855 214 856 200 853 169 843 169"/></Shape>
	    <String CONTENT="CAPVT II."
                    HPOS="486"
                    VPOS="154"
                    WIDTH="370"
                    HEIGHT="70"></String>
          </TextLine>

          
        </TextBlock>
        
        <TextBlock HPOS="1135"
                   VPOS="176"
                   WIDTH="60"
                   HEIGHT="55"
                   ID="block_0"
                   TAGREFS="BT10980">
          <Shape><Polygon POINTS="1195 176 1195 231 1135 231 1135 176"/></Shape>
          
          
          <TextLine ID="eSc_line_c3be5093"
                    TAGREFS="LT4318"
                    BASELINE="1143 220 1186 220" 
                    HPOS="1143"
                    VPOS="166"
                    WIDTH="43"
                    HEIGHT="79">
            <Shape><Polygon POINTS="1173 166 1158 166 1143 166 1143 220 1143 245 1186 234 1186 220 1185 166 1173 166"/></Shape>
	    <String CONTENT="55"
                    HPOS="1143"
                    VPOS="166"
                    WIDTH="43"
                    HEIGHT="79"
                    WC="0.999788612127304"></String>
          </TextLine>

          
        </TextBlock>
        
        <TextBlock HPOS="132"
                   VPOS="229"
                   WIDTH="1074"
                   HEIGHT="1889"
                   ID="block_1"
                   TAGREFS="BT10977">
          <Shape><Polygon POINTS="1206 229 1206 2118 132 2118 132 229"/></Shape>
          
          
          <TextLine ID="eSc_line_d63be678"
                    TAGREFS="LT4318"
                    BASELINE="145 278 926 273" 
                    HPOS="144"
                    VPOS="220"
                    WIDTH="782"
                    HEIGHT="80">
            <Shape><Polygon POINTS="245 223 243 223 153 229 144 239 145 278 145 298 795 300 797 300 798 300 800 300 800 298 806 292 817 298 820 300 822 300 823 300 837 298 896 292 923 298 926 273 923 232 889 224 887 224 858 232 855 232 853 230 844 223 844 221 843 221 841 221 840 221 838 221 809 229 776 220 774 220 773 220 771 220 733 230 727 232 715 230 672 226 670 226 669 226 654 230 643 233 618 230 542 221 541 221 539 221 519 230 513 233 505 230 487 221 486 221 484 221 431 230 401 236 334 236 325 230 319 226 318 226 316 226 315 226 295 230 273 234 261 230 246 223 245 223"/></Shape>
	    <String CONTENT="nibus pares &amp; ſimiles naturâ ſumus."
                    HPOS="144"
                    VPOS="220"
                    WIDTH="782"
                    HEIGHT="80"
                    WC="0.981622301869922"></String>
          </TextLine>

          
          
          <TextLine ID="eSc_line_0155fbc7"
                    TAGREFS="LT4318"
                    BASELINE="203 336 1192 333" 
                    HPOS="202"
                    VPOS="287"
                    WIDTH="990"
                    HEIGHT="66">
            <Shape><Polygon POINTS="203 336 203 353 1191 352 1192 333 1191 300 1154 290 1152 290 1151 290 1149 290 1116 298 1066 287 1064 287 1063 287 1029 298 997 288 996 288 994 288 993 288 991 288 975 298 883 287 881 287 768 298 713 288 712 288 710 288 709 288 693 300 230 288 229 288 227 288 202 300 203 336"/></Shape>
	    <String CONTENT="Alij ſic explicant, vt vocem omnes coniungẽ¬"
                    HPOS="202"
                    VPOS="287"
                    WIDTH="990"
                    HEIGHT="66"
                    WC="0.975672789414724"></String>
          </TextLine>

          
          
          <TextLine ID="eSc_line_9a57fd38"
                    TAGREFS="LT4318"
                    BASELINE="148 391 1194 394" 
                    HPOS="147"
                    VPOS="345"
                    WIDTH="1047"
                    HEIGHT="71">
            <Shape><Polygon POINTS="148 391 147 404 175 414 176 414 178 414 258 407 287 414 288 414 290 414 340 407 371 414 373 414 374 414 520 407 581 414 582 414 584 414 585 414 596 407 654 407 669 416 670 416 672 416 673 416 755 408 1160 416 1161 416 1163 416 1192 407 1194 394 1192 361 1057 361 1054 358 1042 348 1041 348 1039 348 1038 348 1036 348 1011 358 1003 359 910 359 905 356 896 348 895 348 893 348 892 348 890 348 889 348 877 355 870 361 838 361 829 355 819 348 817 348 816 348 815 348 743 349 742 349 740 349 736 353 727 359 709 352 699 349 697 349 696 349 694 349 687 352 672 359 568 350 560 350 559 350 554 350 484 358 469 349 466 346 465 346 464 346 462 346 461 346 453 349 431 359 403 359 391 348 389 348 389 346 388 346 386 346 297 346 295 346 291 346 226 358 148 345 148 391"/></Shape>
	    <String CONTENT="dam eſſe doceãt cum eo quod ſequitur ad verita¬"
                    HPOS="147"
                    VPOS="345"
                    WIDTH="1047"
                    HEIGHT="71"
                    WC="0.979175912837187"></String>
          </TextLine>

          
          
          <TextLine ID="eSc_line_665bfc9e"
                    TAGREFS="LT4318"
                    BASELINE="145 453 1192 450" 
                    HPOS="144"
                    VPOS="406"
                    WIDTH="1048"
                    HEIGHT="72">
            <Shape><Polygon POINTS="147 475 172 468 206 475 215 477 217 477 234 475 298 468 307 475 309 475 310 475 312 475 313 475 315 475 327 468 401 468 414 474 420 477 422 477 423 478 474 478 474 477 475 477 477 477 480 474 487 468 550 474 574 475 575 477 660 477 660 475 661 475 663 475 664 472 672 468 699 472 715 475 716 475 718 475 724 472 737 466 936 466 962 471 983 475 984 475 1191 469 1192 450 1189 420 1136 420 1134 419 1109 406 1107 406 1066 406 1064 406 1063 406 1038 417 1035 420 806 420 800 416 788 406 786 406 785 406 783 406 782 406 746 414 734 417 728 414 715 407 713 407 712 407 710 407 687 414 664 422 639 422 629 413 621 407 620 407 618 407 617 407 544 410 542 410 541 410 538 413 526 422 431 422 420 411 419 411 417 411 416 411 376 420 352 410 345 407 343 407 342 407 316 410 275 414 144 408 145 453"/></Shape>
	    <String CONTENT="tis agnitionem peruenire, quaſi non vniuerſaliter"
                    HPOS="144"
                    VPOS="406"
                    WIDTH="1048"
                    HEIGHT="72"
                    WC="0.980192681964563"></String>
          </TextLine>

          
          
          <TextLine ID="eSc_line_607e991d"
                    TAGREFS="LT4318"
                    BASELINE="144 511 1195 511" 
                    HPOS="144"
                    VPOS="465"
                    WIDTH="1051"
                    HEIGHT="67">
            <Shape><Polygon POINTS="144 511 144 532 1195 530 1195 511 1195 478 1130 465 1128 465 968 477 929 465 928 465 926 465 925 465 896 477 868 465 867 465 865 465 767 472 746 465 745 465 743 465 742 465 740 465 724 478 693 478 673 465 672 465 670 465 608 465 606 465 605 465 603 465 588 477 533 477 517 465 516 465 514 465 484 465 483 465 481 465 440 477 425 465 423 465 422 465 397 465 395 465 394 465 392 465 392 466 380 477 144 477 144 511"/></Shape>
	    <String CONTENT="neque tam latè ſit accipienda quàm ſonat: ſed ex"
                    HPOS="144"
                    VPOS="465"
                    WIDTH="1051"
                    HEIGHT="67"
                    WC="0.99243990778923"></String>
          </TextLine>

          
          
          <TextLine ID="eSc_line_ecdaaaf3"
                    TAGREFS="LT4318"
                    BASELINE="144 569 1192 569" 
                    HPOS="144"
                    VPOS="520"
                    WIDTH="1048"
                    HEIGHT="71">
            <Shape><Polygon POINTS="144 569 144 587 478 591 480 591 516 585 529 584 536 585 554 591 556 591 557 591 718 585 754 584 762 584 806 591 807 591 878 584 884 584 886 584 910 591 911 591 913 591 914 591 936 584 938 584 939 584 993 591 994 591 996 591 1026 584 1027 584 1174 591 1176 591 1177 591 1192 582 1192 569 1192 532 1161 520 1160 520 1158 520 1081 532 1075 533 1014 533 1009 530 978 520 977 520 975 520 922 530 908 532 904 530 884 520 883 520 881 520 880 520 862 529 856 533 791 533 779 529 755 520 754 520 684 520 682 520 681 520 660 527 642 533 608 533 597 526 591 522 590 522 588 522 587 522 585 522 572 526 554 533 486 533 468 524 458 520 456 520 455 520 453 520 440 524 419 530 359 523 328 520 327 520 325 520 324 520 319 523 304 532 279 523 276 522 275 522 273 522 272 522 270 522 270 523 257 533 218 533 144 522 144 569"/></Shape>
	    <String CONTENT="ſequenti illa ſententia reſtringenda, vt ii tantùm"
                    HPOS="144"
                    VPOS="520"
                    WIDTH="1048"
                    HEIGHT="71"
                    WC="0.993115531463249"></String>
          </TextLine>

          
          
          <TextLine ID="eSc_line_14729777"
                    TAGREFS="LT4318"
                    BASELINE="144 630 1192 626" 
                    HPOS="142"
                    VPOS="581"
                    WIDTH="1050"
                    HEIGHT="62">
            <Shape><Polygon POINTS="144 630 144 643 1192 642 1192 626 1189 594 1097 594 1096 593 1082 581 1081 581 1079 581 1078 581 1076 581 1038 593 1033 593 1021 593 910 581 908 581 907 581 905 581 905 582 895 591 893 593 825 593 820 590 806 582 804 582 803 582 801 582 774 590 758 594 743 590 721 582 719 582 718 582 688 590 666 594 635 588 597 582 596 582 594 582 578 588 568 591 511 588 489 587 487 587 480 587 437 597 340 597 327 587 324 584 322 584 321 584 229 584 227 584 226 584 221 585 197 593 142 585 144 630"/></Shape>
	    <String CONTENT="intelligantur comprehendi, qui credunt, vel cre¬"
                    HPOS="142"
                    VPOS="581"
                    WIDTH="1050"
                    HEIGHT="62"
                    WC="0.994134159137805"></String>
          </TextLine>

          
          
          <TextLine ID="eSc_line_111d7398"
                    TAGREFS="LT4318"
                    BASELINE="145 688 1189 687" 
                    HPOS="144"
                    VPOS="639"
                    WIDTH="1045"
                    HEIGHT="76">
            <Shape><Polygon POINTS="145 688 145 701 330 701 339 704 364 713 365 713 367 713 368 713 386 706 526 713 527 713 529 713 544 707 557 701 685 701 697 709 707 713 709 713 710 713 743 709 795 701 861 701 874 710 877 713 878 713 880 713 881 713 919 710 1027 703 1049 712 1052 713 1054 713 1055 715 1110 715 1110 713 1112 713 1113 713 1124 704 1186 713 1189 687 1186 651 1124 649 1107 639 1106 639 1105 639 1103 639 1102 639 1076 649 1075 649 1073 649 1041 639 1039 639 990 639 989 639 987 639 986 639 975 648 972 651 840 651 835 646 825 639 823 639 822 639 820 639 776 646 770 646 765 646 737 639 736 639 734 639 733 639 731 639 722 645 715 651 678 651 670 645 663 639 661 639 660 639 658 639 657 639 638 645 623 649 605 645 587 639 585 639 584 639 562 643 538 651 443 651 434 642 429 639 428 639 426 639 388 639 386 639 385 639 383 639 383 640 380 642 371 649 330 642 313 639 263 639 261 639 260 639 258 639 258 640 257 640 246 649 214 640 208 639 206 639 205 639 144 639 145 688"/></Shape>
	    <String CONTENT="dituri ſunt Euangelio. Conſir matur ex Matth.14"
                    HPOS="144"
                    VPOS="639"
                    WIDTH="1045"
                    HEIGHT="76"
                    WC="0.985476074066568"></String>
          </TextLine>

          
          
          <TextLine ID="eSc_line_63751f41"
                    TAGREFS="LT4318"
                    BASELINE="150 748 391 745" 
                    HPOS="148"
                    VPOS="700"
                    WIDTH="243"
                    HEIGHT="74">
            <Shape><Polygon POINTS="150 748 150 758 176 770 178 770 179 770 245 761 264 774 266 774 267 774 269 774 391 755 391 745 389 710 359 700 358 700 356 700 355 700 327 709 230 701 229 701 227 701 202 709 182 701 181 701 179 701 178 701 148 712 150 748"/></Shape>
	    <String CONTENT="verſ.35.36."
                    HPOS="148"
                    VPOS="700"
                    WIDTH="243"
                    HEIGHT="74"
                    WC="0.994117660955949"></String>
          </TextLine>

          
          
          <TextLine ID="eSc_line_2273ef2a"
                    TAGREFS="LT4318"
                    BASELINE="214 804 1191 798" 
                    HPOS="212"
                    VPOS="754"
                    WIDTH="979"
                    HEIGHT="75">
            <Shape><Polygon POINTS="214 804 215 829 246 819 315 819 333 828 334 828 336 828 337 828 345 828 411 819 444 826 456 828 458 828 474 825 517 817 578 823 596 825 597 825 599 825 606 823 623 819 629 823 633 826 635 826 636 826 638 826 639 826 641 826 646 822 657 817 774 820 944 825 945 825 947 825 948 825 956 817 957 816 962 817 978 823 980 823 981 825 1106 825 1106 823 1107 823 1127 814 1128 814 1149 823 1151 823 1152 823 1154 823 1191 813 1191 798 1185 761 1167 765 1157 761 1146 755 1145 755 1143 755 1142 755 1140 755 1134 761 1125 767 1064 767 1051 759 1035 754 1033 754 1032 754 981 759 939 765 926 759 914 755 913 755 911 755 886 759 852 768 774 768 761 759 755 755 754 755 752 755 701 755 700 755 620 759 444 770 410 759 406 758 404 758 403 758 401 758 400 758 400 759 385 771 301 771 264 759 260 758 258 758 257 758 212 758 214 804"/></Shape>
	    <String CONTENT="Tertia interpretatio eſt eorum qui volunt o¬"
                    HPOS="212"
                    VPOS="754"
                    WIDTH="979"
                    HEIGHT="75"
                    WC="0.97882944074544"></String>
          </TextLine>

          
          
          <TextLine ID="eSc_line_68e79497"
                    TAGREFS="LT4318"
                    BASELINE="145 864 1194 859" 
                    HPOS="144"
                    VPOS="812"
                    WIDTH="1050"
                    HEIGHT="69">
            <Shape><Polygon POINTS="145 864 145 881 1192 881 1194 859 1192 823 1157 812 1155 812 1154 812 920 822 864 812 862 812 861 812 819 823 798 813 797 813 795 813 621 823 593 813 591 813 510 813 508 813 507 813 505 813 487 825 483 825 426 816 425 816 353 825 350 825 334 814 333 814 331 814 287 814 285 814 284 814 282 814 269 825 269 826 144 826 145 864"/></Shape>
	    <String CONTENT="mnes ſaluos fieri à Deo qui ſalui fiunt: quaſi hîc"
                    HPOS="144"
                    VPOS="812"
                    WIDTH="1050"
                    HEIGHT="69"
                    WC="0.989478441385122"></String>
          </TextLine>

          
          
          <TextLine ID="eSc_line_afa49543"
                    TAGREFS="LT4318"
                    BASELINE="142 922 1195 917" 
                    HPOS="142"
                    VPOS="871"
                    WIDTH="1053"
                    HEIGHT="74">
            <Shape><Polygon POINTS="142 922 144 944 176 935 269 935 279 944 281 944 281 945 282 945 284 945 285 945 313 942 394 935 455 942 489 945 490 945 532 941 575 936 581 941 584 944 585 944 587 944 588 944 590 944 597 941 615 933 693 939 745 944 746 944 748 944 758 939 773 932 852 932 886 938 910 942 911 942 913 942 923 938 936 932 963 938 987 942 989 942 1194 935 1195 917 1194 883 1163 871 1161 871 1160 871 1018 881 1006 872 1006 871 1005 871 1003 871 956 871 954 871 953 871 951 871 941 880 910 871 908 871 907 871 905 871 870 881 846 871 844 871 843 871 759 883 538 872 536 872 535 872 533 872 533 874 522 884 502 884 486 884 474 884 261 874 260 874 258 874 257 874 242 884 174 877 172 877 171 877 150 883 142 922"/></Shape>
	    <String CONTENT="non definiatur, qui ſalui futuri ſint: ſed à quo ſal¬"
                    HPOS="142"
                    VPOS="871"
                    WIDTH="1053"
                    HEIGHT="74"
                    WC="0.979941647361826"></String>
          </TextLine>

          
          
          <TextLine ID="eSc_line_9b60abe1"
                    TAGREFS="LT4318"
                    BASELINE="144 980 1195 980" 
                    HPOS="144"
                    VPOS="933"
                    WIDTH="1051"
                    HEIGHT="76">
            <Shape><Polygon POINTS="144 980 144 999 315 1000 327 1009 328 1009 330 1009 331 1009 377 1000 481 1009 483 1009 600 1000 696 1000 706 1008 707 1008 709 1008 710 1008 712 1008 734 1002 745 1009 746 1009 748 1009 749 1009 794 1002 953 1009 954 1009 1005 1000 1102 1009 1103 1009 1105 1009 1124 1000 1158 1009 1160 1009 1161 1009 1163 1009 1195 999 1195 980 1195 944 1157 935 1155 935 1154 935 1133 942 1124 933 1122 933 1121 933 1119 933 1064 942 1061 944 669 944 666 941 649 933 648 933 593 933 591 933 590 933 588 933 580 941 577 942 566 941 532 935 530 935 486 941 466 942 462 939 453 933 452 933 450 933 449 933 373 939 334 944 266 944 258 939 249 933 248 933 246 933 245 933 144 938 144 980"/></Shape>
	    <String CONTENT="ui fiant, qui ſaluantur. Sic nonnunquam explicat"
                    HPOS="144"
                    VPOS="933"
                    WIDTH="1051"
                    HEIGHT="76"
                    WC="0.971183776855469"></String>
          </TextLine>

          
          
          <TextLine ID="eSc_line_bbb0170b"
                    TAGREFS="LT4318"
                    BASELINE="148 1041 432 1038" 
                    HPOS="147"
                    VPOS="1002"
                    WIDTH="285"
                    HEIGHT="67">
            <Shape><Polygon POINTS="148 1041 148 1066 215 1058 223 1064 227 1067 229 1067 230 1067 232 1069 270 1069 270 1067 272 1067 282 1061 291 1057 330 1060 404 1066 406 1066 407 1066 432 1055 432 1038 429 1002 147 1002 148 1041"/></Shape>
	    <String CONTENT="Auguſtinus."
                    HPOS="147"
                    VPOS="1002"
                    WIDTH="285"
                    HEIGHT="67"
                    WC="0.993595025756142"></String>
          </TextLine>

          
          
          <TextLine ID="eSc_line_f1c5b14e"
                    TAGREFS="LT4318"
                    BASELINE="211 1096 1194 1096" 
                    HPOS="211"
                    VPOS="1045"
                    WIDTH="983"
                    HEIGHT="74">
            <Shape><Polygon POINTS="211 1110 278 1119 279 1119 359 1112 373 1112 374 1112 388 1119 389 1119 391 1119 423 1113 432 1112 535 1112 541 1113 551 1119 553 1119 554 1119 556 1119 569 1115 577 1112 593 1115 620 1119 621 1119 623 1119 632 1115 638 1112 660 1115 690 1119 691 1119 722 1116 757 1112 1008 1118 1070 1119 1072 1119 1073 1119 1075 1119 1094 1112 1128 1119 1131 1119 1133 1119 1134 1119 1149 1112 1192 1119 1194 1096 1194 1058 1133 1058 1131 1057 1096 1045 1094 1045 1093 1045 1091 1045 1067 1057 1064 1057 1048 1055 926 1045 925 1045 881 1054 868 1057 864 1054 855 1047 855 1045 853 1045 852 1045 660 1045 658 1045 657 1045 655 1045 655 1047 649 1051 643 1058 563 1058 553 1049 547 1045 545 1045 544 1045 492 1045 490 1045 489 1045 487 1045 481 1049 471 1057 346 1057 333 1048 330 1045 328 1045 327 1045 325 1045 306 1048 239 1057 212 1047 211 1096 211 1110"/></Shape>
	    <String CONTENT="Verior autem ſententia &amp; iuſtior, meo quidem"
                    HPOS="211"
                    VPOS="1045"
                    WIDTH="983"
                    HEIGHT="74"
                    WC="0.98040641031482"></String>
          </TextLine>

          
          
          <TextLine ID="eSc_line_29907616"
                    TAGREFS="LT4318"
                    BASELINE="145 1157 1195 1152" 
                    HPOS="144"
                    VPOS="1106"
                    WIDTH="1051"
                    HEIGHT="74">
            <Shape><Polygon POINTS="145 1157 145 1173 432 1173 464 1180 465 1180 466 1180 468 1180 493 1171 495 1171 508 1171 785 1179 786 1179 788 1179 804 1171 1148 1177 1149 1177 1194 1168 1195 1152 1194 1118 1158 1106 1157 1106 1155 1106 1064 1116 957 1109 956 1109 754 1118 734 1118 733 1118 724 1109 722 1109 721 1109 642 1107 641 1107 639 1107 606 1116 577 1107 575 1107 574 1107 530 1118 527 1118 522 1118 477 1112 475 1112 364 1118 327 1119 324 1118 312 1109 310 1109 309 1109 160 1109 159 1109 157 1109 144 1115 145 1157"/></Shape>
	    <String CONTENT="iudicio, interpretatio eſt hæc, vt vox omnes tol¬"
                    HPOS="144"
                    VPOS="1106"
                    WIDTH="1051"
                    HEIGHT="74"
                    WC="0.987077860199675"></String>
          </TextLine>

          
          
          <TextLine ID="eSc_line_5a0fcdd0"
                    TAGREFS="LT4318"
                    BASELINE="142 1215 1194 1210" 
                    HPOS="142"
                    VPOS="1163"
                    WIDTH="1052"
                    HEIGHT="74">
            <Shape><Polygon POINTS="142 1215 142 1237 242 1229 278 1237 281 1237 282 1237 285 1237 319 1229 352 1237 355 1237 356 1237 361 1237 394 1229 508 1235 510 1235 511 1235 513 1235 520 1228 542 1235 544 1235 545 1235 547 1235 568 1228 627 1235 632 1235 633 1235 636 1235 682 1228 761 1235 773 1235 774 1235 776 1235 779 1235 801 1228 825 1235 828 1235 829 1235 831 1235 832 1235 834 1235 846 1226 867 1234 868 1234 870 1234 1194 1232 1194 1210 1191 1165 1165 1163 1164 1163 1163 1163 1157 1165 1143 1173 1119 1165 1109 1163 1107 1163 1106 1163 1105 1163 1099 1165 1085 1173 1017 1167 997 1165 996 1165 956 1167 865 1173 856 1168 844 1163 843 1163 841 1163 806 1168 776 1174 728 1170 679 1165 678 1165 617 1171 581 1174 577 1171 568 1165 566 1165 565 1165 501 1164 499 1164 498 1164 469 1173 459 1177 345 1177 342 1174 334 1167 333 1167 331 1167 330 1167 328 1167 313 1173 304 1165 303 1165 301 1165 226 1165 224 1165 223 1165 221 1165 206 1176 205 1177 150 1177 142 1215"/></Shape>
	    <String CONTENT="lat diſcrimen ordinum, nationũ, ſexuum &amp; huiuſ¬"
                    HPOS="142"
                    VPOS="1163"
                    WIDTH="1052"
                    HEIGHT="74"
                    WC="0.980353899300098"></String>
          </TextLine>

          
          
          <TextLine ID="eSc_line_32eb9d04"
                    TAGREFS="LT4318"
                    BASELINE="144 1273 1189 1271" 
                    HPOS="142"
                    VPOS="1225"
                    WIDTH="1047"
                    HEIGHT="67">
            <Shape><Polygon POINTS="144 1273 144 1292 1188 1290 1189 1271 1185 1231 783 1235 773 1234 737 1226 736 1226 734 1226 719 1234 716 1235 715 1234 697 1225 696 1225 635 1225 633 1225 632 1225 608 1235 606 1235 582 1225 581 1225 493 1225 492 1225 490 1225 489 1225 480 1234 464 1228 462 1228 461 1228 417 1235 361 1225 359 1225 313 1235 266 1225 264 1225 187 1234 159 1225 157 1225 156 1225 154 1225 153 1225 153 1226 142 1234 144 1273"/></Shape>
	    <String CONTENT="modi rerum, quæ inter homines percipiuntur."
                    HPOS="142"
                    VPOS="1225"
                    WIDTH="1047"
                    HEIGHT="67"
                    WC="0.963849290858868"></String>
          </TextLine>

          
          
          <TextLine ID="eSc_line_85b231bd"
                    TAGREFS="LT4318"
                    BASELINE="145 1329 1189 1332" 
                    HPOS="145"
                    VPOS="1281"
                    WIDTH="1044"
                    HEIGHT="75">
            <Shape><Polygon POINTS="145 1329 147 1353 172 1345 290 1353 333 1354 334 1354 361 1351 420 1345 471 1351 505 1354 507 1354 508 1354 510 1354 514 1351 522 1345 569 1345 580 1350 588 1354 590 1354 681 1356 682 1356 684 1356 685 1356 693 1350 696 1347 719 1350 783 1356 785 1356 889 1348 911 1347 917 1348 941 1354 942 1354 944 1354 945 1354 965 1347 968 1347 977 1347 1048 1356 1049 1356 1118 1347 1152 1356 1154 1356 1155 1356 1157 1356 1188 1345 1189 1332 1188 1295 1102 1284 1100 1284 1063 1292 1055 1293 1036 1292 942 1284 941 1284 910 1290 893 1293 859 1290 806 1284 804 1284 803 1284 801 1284 797 1289 791 1295 690 1295 670 1287 655 1283 654 1283 511 1283 510 1283 508 1283 502 1286 490 1290 477 1284 475 1284 474 1284 472 1284 471 1284 469 1284 458 1292 440 1284 435 1283 434 1283 432 1283 422 1284 386 1290 342 1283 336 1283 334 1283 325 1283 218 1292 145 1281 145 1329"/></Shape>
	    <String CONTENT="Ex omni enim hominũ genere, ſexu, ætate, Deus"
                    HPOS="145"
                    VPOS="1281"
                    WIDTH="1044"
                    HEIGHT="75"
                    WC="0.981061879707419"></String>
          </TextLine>

          
          
          <TextLine ID="eSc_line_e58da84e"
                    TAGREFS="LT4318"
                    BASELINE="148 1387 1191 1390" 
                    HPOS="147"
                    VPOS="1339"
                    WIDTH="1044"
                    HEIGHT="75">
            <Shape><Polygon POINTS="148 1387 147 1400 203 1412 205 1412 388 1405 459 1412 461 1412 493 1405 502 1403 544 1405 673 1414 675 1414 676 1414 694 1408 701 1405 736 1408 785 1412 786 1412 826 1409 873 1405 886 1409 896 1414 898 1414 899 1414 920 1409 944 1405 957 1411 965 1414 966 1414 968 1414 1017 1411 1115 1405 1188 1412 1191 1390 1191 1351 1168 1341 1167 1341 1165 1341 1164 1341 1125 1350 1070 1341 1069 1341 981 1350 980 1350 907 1341 905 1341 764 1350 754 1350 749 1350 704 1341 703 1341 701 1341 672 1350 669 1350 664 1350 617 1339 615 1339 251 1348 214 1348 211 1348 187 1339 185 1339 184 1339 148 1347 148 1387"/></Shape>
	    <String CONTENT="aliquos ad ſe per Euangeliũ vocat. Itaq; non pro"
                    HPOS="147"
                    VPOS="1339"
                    WIDTH="1044"
                    HEIGHT="75"
                    WC="0.991124687146167"></String>
          </TextLine>

          
          
          <TextLine ID="eSc_line_a919af26"
                    TAGREFS="LT4318"
                    BASELINE="144 1450 1191 1450" 
                    HPOS="144"
                    VPOS="1405"
                    WIDTH="1047"
                    HEIGHT="68">
            <Shape><Polygon POINTS="144 1450 144 1464 205 1473 206 1473 257 1466 278 1473 279 1473 281 1473 282 1473 300 1466 330 1473 331 1473 333 1473 389 1466 394 1466 410 1466 600 1473 602 1473 675 1466 690 1466 721 1467 868 1473 870 1473 1191 1467 1191 1450 1191 1417 1125 1417 1125 1415 1099 1405 1097 1405 1096 1405 1094 1405 1075 1415 1033 1405 1032 1405 1030 1405 1029 1405 1027 1405 1015 1415 1014 1417 945 1417 944 1415 932 1405 931 1405 929 1405 928 1405 926 1405 889 1415 886 1415 883 1415 852 1405 850 1405 789 1405 788 1405 786 1405 785 1405 770 1414 768 1415 758 1414 691 1405 690 1405 688 1405 663 1414 657 1417 584 1417 578 1414 562 1406 560 1406 559 1406 557 1406 529 1414 520 1415 514 1414 495 1405 493 1405 492 1405 458 1412 446 1415 414 1412 331 1405 242 1405 240 1405 239 1405 226 1412 220 1415 212 1412 199 1405 197 1405 196 1405 144 1411 144 1450"/></Shape>
	    <String CONTENT="ſingulis generum accipitur, ſed pro generibus"
                    HPOS="144"
                    VPOS="1405"
                    WIDTH="1047"
                    HEIGHT="68"
                    WC="0.975274052884844"></String>
          </TextLine>

          
          
          <TextLine ID="eSc_line_1c0cd46b"
                    TAGREFS="LT4318"
                    BASELINE="144 1505 1192 1509" 
                    HPOS="144"
                    VPOS="1457"
                    WIDTH="1048"
                    HEIGHT="74">
            <Shape><Polygon POINTS="144 1505 144 1527 841 1522 867 1524 931 1531 932 1531 933 1531 935 1531 945 1524 948 1524 1191 1524 1192 1509 1192 1473 1078 1473 1076 1472 1063 1460 1061 1460 1060 1460 1058 1460 1057 1460 1027 1470 1024 1472 1018 1470 986 1464 984 1464 983 1464 971 1470 954 1460 953 1460 951 1460 950 1460 948 1460 926 1470 922 1472 917 1470 901 1461 899 1461 898 1461 896 1461 875 1467 844 1458 843 1458 841 1458 755 1460 754 1460 752 1460 742 1469 740 1469 725 1458 724 1458 722 1458 655 1458 654 1458 652 1458 651 1458 651 1460 642 1467 638 1470 626 1467 593 1458 591 1458 566 1458 565 1458 563 1458 562 1458 553 1466 547 1470 484 1467 483 1466 472 1457 471 1457 469 1457 468 1457 417 1464 391 1469 358 1464 304 1457 267 1457 266 1457 264 1457 252 1463 240 1470 197 1470 182 1463 169 1457 168 1457 166 1457 144 1461 144 1505"/></Shape>
	    <String CONTENT="ſingulorum vt loquuntur in Scholis, id eſt, non"
                    HPOS="144"
                    VPOS="1457"
                    WIDTH="1048"
                    HEIGHT="74"
                    WC="0.970261755141806"></String>
          </TextLine>

          
          
          <TextLine ID="eSc_line_1eed9f64"
                    TAGREFS="LT4318"
                    BASELINE="151 1569 1106 1567" 
                    HPOS="150"
                    VPOS="1521"
                    WIDTH="956"
                    HEIGHT="68">
            <Shape><Polygon POINTS="151 1569 151 1589 284 1580 397 1588 398 1588 462 1580 514 1588 516 1588 517 1588 548 1580 1103 1588 1106 1567 1103 1536 1035 1536 1033 1534 1011 1521 1009 1521 1008 1521 1006 1521 931 1534 928 1536 757 1536 755 1534 739 1521 737 1521 736 1521 734 1521 733 1521 701 1534 699 1534 694 1534 638 1521 596 1521 594 1521 593 1521 591 1521 572 1533 571 1534 533 1534 533 1533 520 1522 520 1521 519 1521 517 1521 452 1521 450 1521 449 1521 447 1521 431 1533 429 1534 428 1533 403 1521 401 1521 370 1521 368 1521 367 1521 365 1521 365 1522 358 1528 350 1521 349 1521 348 1521 307 1521 306 1521 304 1521 303 1521 288 1533 284 1534 150 1533 151 1569"/></Shape>
	    <String CONTENT="pro perſonis, ſed pro hominum generibus."
                    HPOS="150"
                    VPOS="1521"
                    WIDTH="956"
                    HEIGHT="68"
                    WC="0.995906290411949"></String>
          </TextLine>

          
          
          <TextLine ID="eSc_line_89b86f6a"
                    TAGREFS="LT4318"
                    BASELINE="197 1625 1188 1622" 
                    HPOS="196"
                    VPOS="1577"
                    WIDTH="992"
                    HEIGHT="70">
            <Shape><Polygon POINTS="197 1625 197 1638 261 1638 264 1640 275 1647 276 1647 278 1647 279 1647 337 1640 350 1638 367 1640 428 1646 429 1646 551 1640 600 1638 623 1640 682 1647 684 1647 685 1647 701 1641 712 1637 734 1641 765 1646 767 1646 768 1646 780 1641 789 1637 812 1641 840 1646 841 1646 1186 1641 1188 1622 1185 1583 1085 1577 1084 1577 1082 1577 1072 1582 1057 1591 965 1591 956 1582 953 1580 953 1579 951 1579 950 1579 899 1577 898 1577 896 1577 884 1582 862 1589 840 1582 826 1577 825 1577 823 1577 822 1577 813 1582 797 1591 612 1591 581 1580 574 1579 572 1579 571 1579 569 1579 568 1579 568 1580 566 1580 556 1591 490 1591 474 1580 472 1579 471 1579 469 1579 404 1579 403 1579 392 1580 339 1591 324 1580 324 1579 322 1579 321 1579 319 1579 318 1579 313 1580 287 1589 196 1580 197 1625"/></Shape>
	    <String CONTENT="Duplex eſt enim huius vocis ſignificatio. Sæpe"
                    HPOS="196"
                    VPOS="1577"
                    WIDTH="992"
                    HEIGHT="70"
                    WC="0.9881417647652"></String>
          </TextLine>

          
          
          <TextLine ID="eSc_line_ec28b499"
                    TAGREFS="LT4318"
                    BASELINE="142 1682 1189 1682" 
                    HPOS="142"
                    VPOS="1638"
                    WIDTH="1047"
                    HEIGHT="69">
            <Shape><Polygon POINTS="142 1682 142 1698 419 1698 432 1701 447 1705 449 1705 450 1705 452 1705 462 1701 471 1698 477 1701 486 1707 487 1707 489 1707 490 1707 542 1702 588 1698 600 1702 611 1707 612 1707 614 1707 651 1702 700 1698 780 1704 822 1707 823 1707 843 1705 893 1698 929 1705 939 1707 941 1707 942 1707 947 1705 966 1698 1051 1707 1061 1707 1063 1707 1064 1707 1066 1707 1096 1698 1188 1707 1189 1682 1189 1652 1122 1638 1042 1638 1041 1638 1039 1638 1005 1652 875 1652 853 1641 852 1641 850 1641 849 1641 847 1641 835 1652 783 1652 770 1640 770 1638 768 1638 767 1638 739 1638 737 1638 736 1638 700 1650 508 1641 507 1641 505 1641 469 1650 440 1638 438 1638 361 1638 359 1638 358 1638 356 1638 346 1647 306 1638 304 1638 303 1638 267 1650 199 1638 197 1638 196 1638 194 1638 194 1640 182 1650 145 1650 142 1682"/></Shape>
	    <String CONTENT="enim ita dicimus omnes, vt ſingulos complecta¬"
                    HPOS="142"
                    VPOS="1638"
                    WIDTH="1047"
                    HEIGHT="69"
                    WC="0.995125462179599"></String>
          </TextLine>

          
          
          <TextLine ID="eSc_line_4d5867be"
                    TAGREFS="LT4318"
                    BASELINE="142 1743 1191 1740" 
                    HPOS="142"
                    VPOS="1696"
                    WIDTH="1049"
                    HEIGHT="69">
            <Shape><Polygon POINTS="142 1743 144 1765 165 1757 1188 1757 1191 1740 1188 1708 1125 1708 1094 1696 1093 1696 1091 1696 1035 1707 1002 1696 1000 1696 999 1696 997 1696 974 1707 905 1699 904 1699 902 1699 880 1708 736 1708 715 1696 713 1696 666 1696 664 1696 663 1696 617 1708 615 1708 611 1708 459 1698 458 1698 456 1698 432 1708 382 1699 380 1699 330 1708 267 1698 266 1698 264 1698 263 1698 246 1708 176 1698 175 1698 174 1698 150 1707 142 1743"/></Shape>
	    <String CONTENT="mur: ſæpe verò, vt quoſuis, non autem ſingulos."
                    HPOS="142"
                    VPOS="1696"
                    WIDTH="1049"
                    HEIGHT="69"
                    WC="0.990049457798401"></String>
          </TextLine>

          
          
          <TextLine ID="eSc_line_4fae3c30"
                    TAGREFS="LT4318"
                    BASELINE="144 1802 1189 1798" 
                    HPOS="142"
                    VPOS="1750"
                    WIDTH="1047"
                    HEIGHT="71">
            <Shape><Polygon POINTS="144 1802 145 1820 178 1812 224 1820 240 1821 242 1821 243 1821 245 1821 248 1820 258 1812 318 1818 324 1818 325 1818 364 1818 596 1811 672 1814 791 1820 792 1820 843 1812 862 1809 877 1812 911 1818 913 1820 1165 1820 1165 1818 1167 1818 1189 1808 1189 1798 1185 1751 1006 1760 978 1751 972 1750 971 1750 969 1750 956 1751 902 1760 884 1751 880 1750 878 1750 877 1750 875 1750 868 1751 837 1762 800 1762 786 1753 783 1750 782 1750 780 1750 779 1750 762 1753 734 1757 707 1753 690 1750 688 1750 687 1750 685 1750 681 1753 664 1763 615 1763 600 1753 599 1751 597 1751 596 1751 594 1751 593 1751 591 1751 590 1753 578 1763 551 1763 530 1753 522 1750 520 1750 492 1750 490 1750 489 1750 487 1750 483 1754 469 1763 447 1754 441 1751 440 1751 438 1751 410 1754 324 1763 285 1754 269 1751 267 1751 142 1754 144 1802"/></Shape>
	    <String CONTENT="Sic dicitur Chriſtus ſanaſſe πάντα νόσον, id eſt, quẽ¬"
                    HPOS="142"
                    VPOS="1750"
                    WIDTH="1047"
                    HEIGHT="71"></String>
          </TextLine>

          
          
          <TextLine ID="eSc_line_e2ea0131"
                    TAGREFS="LT4318"
                    BASELINE="145 1859 1195 1859" 
                    HPOS="145"
                    VPOS="1811"
                    WIDTH="1050"
                    HEIGHT="68">
            <Shape><Polygon POINTS="145 1859 145 1872 1041 1879 1042 1879 1044 1879 1045 1879 1054 1872 1161 1879 1163 1879 1164 1879 1195 1870 1195 1859 1194 1814 1112 1821 1103 1814 1100 1812 1100 1811 1099 1811 1097 1811 1042 1811 1041 1811 1039 1811 1024 1815 997 1821 972 1815 960 1812 959 1812 957 1812 956 1812 944 1815 923 1821 907 1815 893 1811 892 1811 890 1811 864 1815 837 1821 826 1817 816 1811 815 1811 727 1811 725 1811 724 1811 722 1811 722 1812 716 1817 710 1823 517 1823 511 1818 496 1811 495 1811 458 1811 456 1811 455 1811 437 1820 432 1823 353 1823 348 1820 312 1811 310 1811 309 1811 248 1821 245 1821 242 1821 190 1811 188 1811 187 1811 145 1821 145 1859"/></Shape>
	    <String CONTENT="uis morbum. Matt. 9.v.35. Sic Paulus in 2. Theſſ."
                    HPOS="145"
                    VPOS="1811"
                    WIDTH="1050"
                    HEIGHT="68"></String>
          </TextLine>

          
          
          <TextLine ID="eSc_line_5fddee26"
                    TAGREFS="LT4318"
                    BASELINE="147 1914 1194 1917" 
                    HPOS="145"
                    VPOS="1872"
                    WIDTH="1049"
                    HEIGHT="61">
            <Shape><Polygon POINTS="147 1914 145 1928 1191 1933 1194 1917 1192 1885 1116 1875 1115 1875 1113 1875 1112 1875 1102 1882 1093 1873 1091 1873 1090 1873 1011 1873 1009 1873 1008 1873 989 1884 966 1873 965 1873 963 1873 914 1884 911 1885 782 1885 779 1884 759 1876 758 1876 757 1876 691 1884 681 1884 679 1884 669 1875 667 1875 666 1875 664 1875 584 1882 582 1882 581 1882 516 1872 447 1872 446 1872 444 1872 414 1882 413 1884 297 1884 295 1882 288 1875 287 1875 285 1875 284 1875 282 1875 264 1882 261 1882 260 1882 234 1875 233 1875 232 1875 147 1881 147 1914"/></Shape>
	    <String CONTENT="1.V.3. coniungit ἕκαστον cum voce πἀντων. Et hanc"
                    HPOS="145"
                    VPOS="1872"
                    WIDTH="1049"
                    HEIGHT="61"></String>
          </TextLine>

          
          
          <TextLine ID="eSc_line_09536f6a"
                    TAGREFS="LT4318"
                    BASELINE="148 1975 1194 1975" 
                    HPOS="148"
                    VPOS="1928"
                    WIDTH="1046"
                    HEIGHT="75">
            <Shape><Polygon POINTS="148 1991 168 2000 169 2000 171 2000 284 1992 303 2001 304 2001 306 2001 307 2001 337 1994 529 2001 530 2001 532 2001 551 1992 566 2000 568 2000 569 2000 709 1992 798 2001 800 2001 801 2001 834 1992 867 2001 868 2001 870 2003 1145 2003 1145 2001 1194 1991 1194 1975 1194 1940 1151 1931 1149 1931 1030 1939 1006 1939 1002 1937 977 1930 975 1930 974 1930 972 1930 957 1937 954 1939 951 1937 936 1930 935 1930 933 1930 898 1937 887 1939 883 1937 874 1928 873 1928 871 1928 751 1928 749 1928 748 1928 731 1936 721 1939 707 1934 684 1928 682 1928 681 1928 679 1928 666 1934 655 1940 519 1940 499 1933 486 1928 484 1928 483 1928 481 1928 480 1928 475 1933 465 1940 417 1940 359 1931 331 1928 330 1928 328 1928 319 1931 294 1939 284 1931 281 1928 279 1928 278 1928 276 1928 275 1928 266 1930 243 1937 220 1930 214 1928 212 1928 211 1928 200 1930 169 1936 150 1930 148 1975 148 1991"/></Shape>
	    <String CONTENT="eſſe duplicem huius vocis ſignificationem pri¬"
                    HPOS="148"
                    VPOS="1928"
                    WIDTH="1046"
                    HEIGHT="75"
                    WC="0.996290173219598"></String>
          </TextLine>

          
          
          <TextLine ID="eSc_line_637e0eaf"
                    TAGREFS="LT4318"
                    BASELINE="154 2034 1194 2031" 
                    HPOS="153"
                    VPOS="1986"
                    WIDTH="1041"
                    HEIGHT="81">
            <Shape><Polygon POINTS="154 2034 154 2053 312 2053 316 2055 339 2065 340 2065 342 2067 391 2067 391 2065 392 2065 416 2056 423 2053 453 2053 458 2056 471 2065 472 2065 474 2065 475 2065 526 2058 636 2065 638 2065 639 2065 641 2065 641 2064 649 2056 651 2055 655 2056 670 2064 672 2064 673 2064 675 2064 699 2058 718 2052 737 2058 752 2062 754 2062 755 2062 800 2058 855 2052 868 2058 880 2064 881 2064 883 2064 908 2058 938 2052 959 2059 974 2064 975 2064 977 2064 1026 2059 1070 2055 1079 2059 1085 2064 1087 2064 1088 2064 1090 2064 1192 2059 1194 2031 1191 1994 1149 1986 1148 1986 1146 1986 1118 1994 1103 1998 966 1998 960 1994 948 1989 947 1989 945 1989 904 1995 886 1997 870 1995 812 1986 810 1986 749 1995 740 1997 737 1995 727 1986 725 1986 724 1986 696 1986 694 1986 693 1986 691 1986 691 1988 681 1997 679 1997 667 1997 575 1988 574 1988 516 1997 505 1998 498 1997 459 1988 458 1988 456 1988 420 1998 416 1998 414 1998 401 1989 400 1989 398 1989 328 1988 327 1988 325 1988 324 1988 315 1995 282 1988 281 1988 279 1988 251 1998 249 1998 214 1991 212 1991 153 1998 154 2034"/></Shape>
	    <String CONTENT="mus obſeruauit Ariſtoreles lib. 2. πολιτικ opri¬"
                    HPOS="153"
                    VPOS="1986"
                    WIDTH="1041"
                    HEIGHT="81"></String>
          </TextLine>

          
          
          <TextLine ID="eSc_line_ddf92629"
                    TAGREFS="LT4318"
                    BASELINE="156 2091 1015 2095" 
                    HPOS="154"
                    VPOS="2044"
                    WIDTH="861"
                    HEIGHT="84">
            <Shape><Polygon POINTS="156 2091 154 2123 223 2125 224 2125 226 2125 233 2123 278 2111 292 2122 294 2122 295 2122 297 2122 298 2122 364 2114 443 2120 517 2126 519 2126 520 2126 522 2126 522 2125 529 2119 533 2114 591 2114 600 2119 615 2126 617 2126 618 2126 660 2117 673 2116 697 2117 812 2128 813 2128 815 2128 862 2116 870 2114 874 2116 907 2123 908 2123 910 2123 911 2123 913 2123 923 2114 925 2114 1014 2114 1015 2095 1014 2058 919 2047 917 2047 829 2056 822 2056 817 2056 780 2047 779 2047 777 2047 776 2047 767 2056 764 2056 730 2046 728 2046 648 2046 646 2046 645 2046 643 2046 633 2055 632 2056 477 2056 474 2055 443 2044 441 2044 440 2044 398 2053 397 2053 395 2053 288 2044 287 2044 156 2052 156 2091"/></Shape>
	    <String CONTENT="mus Græcæ linguæ author &amp; interpres."
                    HPOS="154"
                    VPOS="2044"
                    WIDTH="861"
                    HEIGHT="84"
                    WC="0.986080795526505"></String>
          </TextLine>

          
        </TextBlock>
        
        <TextBlock HPOS="875"
                   VPOS="2116"
                   WIDTH="139"
                   HEIGHT="63"
                   ID="block_2"
                   TAGREFS="BT10978">
          <Shape><Polygon POINTS="1014 2116 1014 2179 875 2179 875 2116"/></Shape>
          
          
          <TextLine ID="eSc_line_95dd4a01"
                    TAGREFS="LT4318"
                    BASELINE="880 2156 1014 2153" 
                    HPOS="878"
                    VPOS="2114"
                    WIDTH="136"
                    HEIGHT="72">
            <Shape><Polygon POINTS="880 2156 880 2186 1014 2184 1014 2153 1009 2123 942 2126 925 2117 917 2114 916 2114 914 2114 878 2114 880 2156"/></Shape>
	    <String CONTENT="d.iiij."
                    HPOS="878"
                    VPOS="2114"
                    WIDTH="136"
                    HEIGHT="72"
                    WC="0.987835756369999"></String>
          </TextLine>

          
        </TextBlock>
        

        
      </PrintSpace>
    </Page>
  </Layout>
</alto>
