<?xml version="1.0" encoding="UTF-8"?>
<alto xmlns:xsi="http://www.w3.org/2001/XMLSchema-instance"
      xmlns="http://www.loc.gov/standards/alto/ns-v4#"
      xsi:schemaLocation="http://www.loc.gov/standards/alto/ns-v4# http://www.loc.gov/standards/alto/v4/alto-4-2.xsd">
  <Description>
    <MeasurementUnit>pixel</MeasurementUnit>
    <sourceImageInformation>
      <fileName>2012965.png</fileName>
      
    </sourceImageInformation>
  </Description>
  
  <Tags>
    <OtherTag ID="BT10983" LABEL="GraphicZone" DESCRIPTION="block type GraphicZone"/><OtherTag ID="BT10982" LABEL="DropCapitalZone" DESCRIPTION="block type DropCapitalZone"/><OtherTag ID="BT10981" LABEL="RunningTitleZone" DESCRIPTION="block type RunningTitleZone"/><OtherTag ID="BT10980" LABEL="NumberingZone" DESCRIPTION="block type NumberingZone"/><OtherTag ID="BT10979" LABEL="TitlePageZone" DESCRIPTION="block type TitlePageZone"/><OtherTag ID="BT10978" LABEL="QuireMarksZone" DESCRIPTION="block type QuireMarksZone"/><OtherTag ID="BT10977" LABEL="MainZone" DESCRIPTION="block type MainZone"/><OtherTag ID="BT10976" LABEL="MarginTextZone" DESCRIPTION="block type MarginTextZone"/>
    <OtherTag ID="LT4321" LABEL="default" DESCRIPTION="line type default"/><OtherTag ID="LT4319" LABEL="HeadingLine" DESCRIPTION="line type HeadingLine"/><OtherTag ID="LT4318" LABEL="DefaultLine" DESCRIPTION="line type DefaultLine"/><OtherTag ID="LT4320" LABEL="CustomLine : BiblicalText" DESCRIPTION="line type CustomLine : BiblicalText"/>
  </Tags>
  
  <Layout>
    <Page WIDTH="1807"
          HEIGHT="2677"
          PHYSICAL_IMG_NR="12"
          ID="eSc_dummypage_">
      <PrintSpace HPOS="0"
                  VPOS="0"
                  WIDTH="1807"
                  HEIGHT="2677">
        
        <TextBlock HPOS="488"
                   VPOS="205"
                   WIDTH="339"
                   HEIGHT="60"
                   ID="block_2"
                   TAGREFS="BT10981">
          <Shape><Polygon POINTS="827 205 827 265 488 265 488 205"/></Shape>
          
          
          <TextLine ID="eSc_line_50edc818"
                    TAGREFS="LT4319"
                    BASELINE="492 245 820 248" 
                    HPOS="490"
                    VPOS="202"
                    WIDTH="330"
                    HEIGHT="67">
            <Shape><Polygon POINTS="789 206 774 206 759 206 745 206 734 206 730 208 727 208 690 208 687 205 685 205 670 205 655 205 643 203 632 206 630 206 629 206 621 203 611 203 596 203 587 203 582 206 580 206 574 205 563 202 551 202 536 202 522 202 507 202 499 202 492 203 492 245 490 267 588 267 588 266 590 266 591 266 602 258 651 266 669 269 670 269 672 269 678 266 697 260 817 266 820 248 815 221 804 212"/></Shape>
	    <String CONTENT="CAPVT II."
                    HPOS="490"
                    VPOS="202"
                    WIDTH="330"
                    HEIGHT="67"
                    WC="0.998527155982123"></String>
          </TextLine>

          
        </TextBlock>
        
        <TextBlock HPOS="1121"
                   VPOS="228"
                   WIDTH="77"
                   HEIGHT="60"
                   ID="eSc_textblock_6b9c54de"
                   TAGREFS="BT10980">
          <Shape><Polygon POINTS="1121 228 1121 288 1198 288 1198 228"/></Shape>
          
          
          <TextLine ID="eSc_line_5cdbc5dc"
                    TAGREFS="LT4318"
                    BASELINE="1134 272 1182 272" 
                    HPOS="1134"
                    VPOS="217"
                    WIDTH="48"
                    HEIGHT="75">
            <Shape><Polygon POINTS="1164 221 1155 218 1134 217 1134 272 1134 291 1180 292 1182 272 1182 227 1179 226"/></Shape>
	    <String CONTENT="53"
                    HPOS="1134"
                    VPOS="217"
                    WIDTH="48"
                    HEIGHT="75"
                    WC="0.999535083770752"></String>
          </TextLine>

          
        </TextBlock>
        
        <TextBlock HPOS="115"
                   VPOS="268"
                   WIDTH="1075"
                   HEIGHT="1946"
                   ID="block_0"
                   TAGREFS="BT10977">
          <Shape><Polygon POINTS="1190 268 1190 2214 115 2214 115 268"/></Shape>
          
          
          <TextLine ID="eSc_line_2a6ebbe0"
                    TAGREFS="LT4318"
                    BASELINE="138 310 1185 324" 
                    HPOS="136"
                    VPOS="258"
                    WIDTH="1049"
                    HEIGHT="90">
            <Shape><Polygon POINTS="227 260 224 260 157 269 153 272 138 281 138 310 136 324 401 327 403 330 414 339 416 339 417 339 419 339 471 330 486 328 495 331 526 340 527 340 529 340 530 340 562 331 571 330 606 333 722 343 724 343 783 336 810 333 858 337 959 346 960 346 1006 339 1032 336 1045 340 1067 348 1069 348 1070 348 1183 342 1185 324 1185 284 1102 284 1099 282 1052 270 1051 270 1049 270 1048 270 1023 281 1021 281 942 270 941 270 939 270 916 279 901 267 899 267 898 267 896 267 733 278 724 278 722 278 679 264 678 264 676 264 627 270 603 263 602 263 600 263 599 263 597 263 580 276 538 276 522 264 520 264 519 264 517 264 516 264 514 264 501 273 486 261 484 261 483 261 481 261 408 273 368 260 367 260 365 260 255 266 239 258 227 260"/></Shape>
	    <String CONTENT="tat Paulus impletum iri. Itaque verè etiam Magi¬"
                    HPOS="136"
                    VPOS="258"
                    WIDTH="1049"
                    HEIGHT="90"
                    WC="0.989443265661901"></String>
          </TextLine>

          
          
          <TextLine ID="eSc_line_4af32818"
                    TAGREFS="LT4318"
                    BASELINE="138 365 1183 383" 
                    HPOS="136"
                    VPOS="321"
                    WIDTH="1047"
                    HEIGHT="79">
            <Shape><Polygon POINTS="138 365 136 382 1180 400 1183 383 1182 349 884 345 878 342 835 331 834 331 762 331 761 331 759 331 737 340 734 340 733 340 706 330 704 330 703 330 701 330 669 339 660 340 651 337 614 328 612 328 611 328 575 336 566 328 566 327 565 327 563 327 562 327 514 333 466 325 465 325 464 325 462 325 452 334 447 336 407 336 404 333 394 324 392 324 391 324 328 324 327 324 325 324 324 324 324 325 316 331 312 334 294 331 269 327 267 327 221 330 185 331 181 328 169 321 168 321 166 321 165 321 163 321 138 327 138 365"/></Shape>
	    <String CONTENT="ſtratus ad Dei Eccleſiam pertinere pronuntiat."
                    HPOS="136"
                    VPOS="321"
                    WIDTH="1047"
                    HEIGHT="79"
                    WC="0.962271718875222"></String>
          </TextLine>

          
          
          <TextLine ID="eSc_line_c4f37d7b"
                    TAGREFS="LT4318"
                    BASELINE="194 426 1182 443" 
                    HPOS="193"
                    VPOS="379"
                    WIDTH="989"
                    HEIGHT="87">
            <Shape><Polygon POINTS="193 446 282 443 346 450 394 455 395 455 397 455 398 455 404 450 411 446 465 450 495 453 496 453 513 452 541 447 554 452 571 458 572 458 574 458 611 452 635 449 638 453 639 455 641 455 641 456 642 456 643 456 645 456 709 453 752 452 758 453 774 461 776 461 777 461 813 455 822 453 826 455 843 462 844 462 846 462 893 455 911 453 953 456 1091 466 1093 466 1180 458 1182 443 1182 397 1073 391 1072 391 1048 394 1002 401 931 401 920 392 916 388 914 388 913 388 911 388 884 392 846 398 832 391 822 386 820 386 751 386 749 386 748 386 746 386 742 391 733 397 715 389 703 385 701 385 700 385 638 389 556 394 466 394 455 386 449 382 447 382 446 382 444 382 443 382 441 382 435 386 426 391 411 386 397 380 395 380 333 379 331 379 330 379 315 385 301 389 292 383 285 379 284 379 282 379 281 379 279 379 264 383 255 386 252 383 248 379 246 379 245 379 243 379 194 382 194 426"/></Shape>
	    <String CONTENT="Deinde à natura &amp; definitione Euangelii idẽ"
                    HPOS="193"
                    VPOS="379"
                    WIDTH="989"
                    HEIGHT="87"
                    WC="0.987686000929938"></String>
          </TextLine>

          
          
          <TextLine ID="eSc_line_c0aac7a5"
                    TAGREFS="LT4318"
                    BASELINE="136 484 1180 501" 
                    HPOS="135"
                    VPOS="438"
                    WIDTH="1045"
                    HEIGHT="85">
            <Shape><Polygon POINTS="136 484 135 505 230 499 257 510 258 510 260 510 261 510 263 510 264 510 281 501 312 510 313 510 315 510 316 510 318 510 331 502 416 502 453 513 455 513 456 513 458 513 468 513 578 505 632 516 638 516 639 516 645 516 706 507 800 517 812 519 813 519 829 519 938 513 983 520 990 522 1094 523 1096 523 1097 523 1099 523 1113 516 1177 523 1180 501 1180 464 1142 455 1140 455 1139 455 1137 455 1118 464 1116 464 910 462 908 461 896 450 896 449 895 449 893 449 892 449 856 456 844 449 843 449 841 449 840 449 838 449 837 449 825 459 823 459 783 447 782 447 780 447 779 447 777 447 767 455 704 446 703 446 614 455 578 446 577 446 575 446 574 446 554 453 517 443 516 443 416 441 414 441 355 452 352 452 350 452 324 440 322 440 321 440 260 450 255 450 252 450 214 438 212 438 211 438 136 447 136 484"/></Shape>
	    <String CONTENT="probari poteſt. Eſt autem Euangelium potentia"
                    HPOS="135"
                    VPOS="438"
                    WIDTH="1045"
                    HEIGHT="85"
                    WC="0.982847277323405"></String>
          </TextLine>

          
          
          <TextLine ID="eSc_line_f047c61d"
                    TAGREFS="LT4318"
                    BASELINE="136 542 1179 557" 
                    HPOS="135"
                    VPOS="498"
                    WIDTH="1044"
                    HEIGHT="82">
            <Shape><Polygon POINTS="136 542 135 556 154 565 156 565 157 565 234 559 237 559 243 559 349 569 350 569 428 563 449 562 458 563 483 571 484 571 486 571 522 565 535 563 542 566 556 571 557 571 559 571 591 566 611 565 615 568 621 572 623 572 624 572 626 572 657 568 675 566 696 569 725 574 727 574 728 574 730 574 734 571 742 566 758 571 776 575 777 575 779 575 803 572 826 568 849 572 865 577 867 577 868 577 890 574 922 569 939 575 945 577 947 577 948 577 950 577 956 575 969 571 984 575 990 578 991 578 1176 580 1179 557 1177 522 1112 511 1110 511 1109 511 1084 520 1081 520 996 520 994 519 986 510 984 510 983 510 981 510 980 510 948 517 936 508 935 508 933 508 932 508 931 508 907 517 904 517 828 517 826 516 816 507 815 507 813 507 812 507 810 507 809 507 798 514 761 505 759 505 758 505 757 505 733 513 642 504 641 504 574 510 554 502 553 502 551 502 516 511 510 511 368 511 364 508 346 499 345 499 343 499 342 499 340 499 328 508 327 508 324 508 298 499 297 499 295 499 294 499 267 507 264 508 214 508 211 505 197 498 196 498 194 498 193 498 136 504 136 542"/></Shape>
	    <String CONTENT="Dei ad ſalutem omni credenti ſiue Iudæo, ſiue"
                    HPOS="135"
                    VPOS="498"
                    WIDTH="1044"
                    HEIGHT="82"
                    WC="0.982003431850009"></String>
          </TextLine>

          
          
          <TextLine ID="eSc_line_cbf88245"
                    TAGREFS="LT4318"
                    BASELINE="139 600 1177 617" 
                    HPOS="138"
                    VPOS="554"
                    WIDTH="1039"
                    HEIGHT="86">
            <Shape><Polygon POINTS="139 600 138 615 196 626 197 626 232 618 234 618 240 618 310 627 312 627 374 621 383 621 385 623 392 629 394 629 395 629 478 630 480 630 481 630 504 624 513 623 519 626 530 632 532 632 533 632 633 629 701 626 710 630 718 635 719 635 721 635 722 635 757 632 794 627 1174 640 1177 617 1174 571 990 577 841 565 791 562 789 562 758 563 696 569 661 563 646 560 645 560 643 560 639 562 620 571 547 560 538 560 536 560 524 560 441 568 423 559 416 556 414 556 413 556 411 556 400 559 370 566 333 557 315 554 313 554 282 557 223 563 139 556 139 600"/></Shape>
	    <String CONTENT="Gentili, vt docet idem Paulus Romanor. 1. verſ."
                    HPOS="138"
                    VPOS="554"
                    WIDTH="1039"
                    HEIGHT="86"
                    WC="0.994530777981941"></String>
          </TextLine>

          
          
          <TextLine ID="eSc_line_a15d0ad7"
                    TAGREFS="LT4318"
                    BASELINE="135 658 1177 673" 
                    HPOS="133"
                    VPOS="614"
                    WIDTH="1044"
                    HEIGHT="84">
            <Shape><Polygon POINTS="135 658 133 676 239 687 240 687 322 679 340 678 345 679 356 688 358 688 359 688 447 690 449 690 450 690 452 690 464 681 466 681 517 690 519 690 629 684 691 693 693 693 754 684 758 684 759 684 768 693 768 694 770 694 771 694 773 696 807 696 807 694 809 694 810 694 820 685 899 685 1006 687 1073 698 1075 698 1176 688 1177 673 1177 639 1125 638 1113 627 1112 627 1110 627 1109 627 1107 627 1106 627 1093 638 1090 638 892 636 887 633 856 623 855 623 853 623 801 633 795 633 791 632 761 621 759 621 758 621 757 621 736 632 734 632 731 632 685 621 684 621 643 629 632 620 630 620 629 620 627 620 626 620 594 629 590 630 582 629 530 618 529 618 466 627 464 627 461 627 429 618 428 618 426 618 373 626 358 627 337 626 239 614 237 614 135 621 135 658"/></Shape>
	    <String CONTENT="16. Nec enim, vt Lex, ſic Euangelium vni tantùm"
                    HPOS="133"
                    VPOS="614"
                    WIDTH="1044"
                    HEIGHT="84"
                    WC="0.989389024674892"></String>
          </TextLine>

          
          
          <TextLine ID="eSc_line_98843823"
                    TAGREFS="LT4318"
                    BASELINE="132 718 1179 730" 
                    HPOS="130"
                    VPOS="675"
                    WIDTH="1049"
                    HEIGHT="83">
            <Shape><Polygon POINTS="132 718 130 743 200 736 229 745 232 746 233 746 234 746 243 745 292 737 365 745 403 749 404 749 450 745 523 739 535 745 535 746 536 746 538 746 539 746 562 745 645 740 660 745 676 751 678 751 679 751 681 751 700 745 712 742 724 745 742 751 743 751 745 751 768 745 786 742 820 745 893 754 895 754 896 754 913 745 917 743 920 745 939 755 941 755 942 755 1014 748 1048 756 1049 756 1051 758 1139 758 1139 756 1140 756 1177 745 1179 730 1179 697 1054 688 1052 688 1029 693 1023 694 1021 693 1011 687 1009 687 1008 687 1006 687 1005 687 986 693 978 694 867 694 861 690 850 682 849 682 847 682 846 682 810 688 788 693 780 688 773 681 771 681 770 681 768 681 767 681 765 681 757 687 751 691 739 687 719 681 718 681 716 681 690 685 663 691 639 685 624 681 623 681 621 681 620 681 611 684 602 688 560 684 514 678 513 678 443 681 373 684 315 678 294 676 292 676 291 676 290 676 290 678 282 684 269 676 263 675 261 675 132 675 132 718"/></Shape>
	    <String CONTENT="hominum generi &amp; nationi deſtinatum aut pro¬"
                    HPOS="130"
                    VPOS="675"
                    WIDTH="1049"
                    HEIGHT="83"
                    WC="0.978901754726063"></String>
          </TextLine>

          
          
          <TextLine ID="eSc_line_6a040391"
                    TAGREFS="LT4318"
                    BASELINE="133 777 1177 789" 
                    HPOS="133"
                    VPOS="736"
                    WIDTH="1044"
                    HEIGHT="77">
            <Shape><Polygon POINTS="1176 755 1049 755 1048 752 1039 745 1039 743 1038 743 1036 743 1035 743 956 751 933 752 929 749 919 742 917 742 916 742 914 742 913 742 911 742 901 749 898 751 834 751 832 748 825 742 823 742 822 742 820 742 725 746 654 749 599 749 591 743 584 739 582 739 581 739 580 739 557 743 547 745 520 742 468 737 466 737 465 737 464 737 458 742 447 746 370 746 361 740 356 736 355 736 353 736 352 736 285 739 159 743 135 736 133 777 133 801 194 794 310 804 321 804 322 804 324 804 325 804 350 795 392 804 398 806 400 806 414 806 523 797 587 807 591 807 593 807 596 807 646 798 1174 813 1177 789 1176 755"/></Shape>
	    <String CONTENT="ponendum erat. Ex hoc autem loco intelligimus"
                    HPOS="133"
                    VPOS="736"
                    WIDTH="1044"
                    HEIGHT="77"
                    WC="0.990790565808614"></String>
          </TextLine>

          
          
          <TextLine ID="eSc_line_f02511e5"
                    TAGREFS="LT4318"
                    BASELINE="132 835 1174 849" 
                    HPOS="130"
                    VPOS="789"
                    WIDTH="1044"
                    HEIGHT="85">
            <Shape><Polygon POINTS="132 835 130 849 218 850 248 862 249 862 251 862 252 862 254 862 266 855 294 864 295 864 297 864 298 864 324 856 361 865 362 865 364 865 422 855 462 865 464 865 465 865 569 856 575 856 594 867 596 867 597 867 684 858 691 858 693 858 707 868 709 868 710 868 712 868 791 859 800 859 801 859 826 871 828 871 829 871 881 861 886 861 960 861 962 862 972 871 972 872 974 872 975 872 1151 874 1152 874 1154 874 1173 865 1174 849 1171 809 1096 812 1084 807 1072 803 1070 803 1069 803 1067 803 1051 807 1038 810 1027 807 1009 800 1008 800 1006 800 1005 800 989 806 980 810 890 810 886 806 877 798 875 798 874 798 820 798 819 798 817 798 816 798 809 804 804 809 754 809 748 804 737 797 736 797 734 797 658 795 657 795 655 795 654 795 643 803 642 804 636 803 581 794 580 794 529 803 524 803 520 803 478 792 342 792 340 792 339 792 337 792 325 800 301 792 300 792 298 792 297 792 266 800 258 801 217 801 215 800 199 789 197 789 196 789 194 789 132 798 132 835"/></Shape>
	    <String CONTENT="etiam nos pro Ethnicis &amp; Gentilibus veluti pro"
                    HPOS="130"
                    VPOS="789"
                    WIDTH="1044"
                    HEIGHT="85"
                    WC="0.971414016640705"></String>
          </TextLine>

          
          
          <TextLine ID="eSc_line_19d9e296"
                    TAGREFS="LT4318"
                    BASELINE="139 893 1174 908" 
                    HPOS="138"
                    VPOS="846"
                    WIDTH="1036"
                    HEIGHT="85">
            <Shape><Polygon POINTS="139 893 138 907 190 917 191 917 234 910 237 910 240 910 292 919 294 919 462 914 514 914 519 916 527 922 529 922 530 922 532 922 533 922 545 917 551 914 560 917 577 923 578 923 580 923 624 919 655 916 669 920 685 925 687 925 688 925 745 922 795 919 815 923 828 926 829 926 831 926 832 926 843 923 864 919 1171 931 1174 908 1174 872 1140 864 1139 864 1137 864 1107 870 1102 871 954 870 947 867 920 858 919 858 917 858 916 858 899 865 892 868 828 868 823 864 816 858 816 856 815 856 813 856 812 856 783 862 761 867 746 861 730 855 728 855 727 855 700 859 672 865 663 859 657 853 655 853 654 853 652 853 624 858 590 864 563 856 548 852 547 852 481 852 480 852 478 852 472 853 450 862 425 853 419 850 417 850 416 850 414 850 406 852 382 858 353 850 345 849 343 849 310 849 309 849 307 849 306 849 292 859 264 849 263 849 261 849 260 849 212 858 139 846 139 893"/></Shape>
	    <String CONTENT="Turcis, ludæis, &amp; iis qui adhuc in orbe terrarum"
                    HPOS="138"
                    VPOS="846"
                    WIDTH="1036"
                    HEIGHT="85"
                    WC="0.990635114411513"></String>
          </TextLine>

          
          
          <TextLine ID="eSc_line_ecf20f44"
                    TAGREFS="LT4318"
                    BASELINE="130 950 1174 965" 
                    HPOS="129"
                    VPOS="902"
                    WIDTH="1045"
                    HEIGHT="87">
            <Shape><Polygon POINTS="130 950 129 975 404 978 406 978 407 978 425 971 462 978 475 981 477 981 489 980 520 972 553 980 569 983 699 984 700 984 701 984 709 981 722 975 736 981 743 984 745 984 746 984 759 981 782 977 861 977 883 983 901 987 902 987 904 987 905 987 917 983 931 978 1003 978 1011 984 1017 989 1018 989 1020 989 1021 989 1173 984 1174 965 1174 929 1124 917 1122 917 1081 926 1072 928 1069 926 1054 916 1052 916 1051 916 1049 916 1006 925 996 926 990 923 972 916 971 916 969 916 968 916 951 923 950 923 944 923 896 914 895 914 893 914 880 922 875 923 867 920 841 913 840 913 838 913 837 913 825 920 819 923 813 919 806 913 804 913 803 913 801 913 713 917 663 919 658 916 652 910 651 910 649 910 648 910 646 910 635 914 620 920 327 907 315 907 313 907 312 907 279 916 269 907 267 907 266 907 264 907 263 907 237 914 224 905 223 905 221 905 130 902 130 950"/></Shape>
	    <String CONTENT="idololatræ manent (quales in India &amp; inſula A¬"
                    HPOS="129"
                    VPOS="902"
                    WIDTH="1045"
                    HEIGHT="87"
                    WC="0.984042829793432"></String>
          </TextLine>

          
          
          <TextLine ID="eSc_line_e4f60ceb"
                    TAGREFS="LT4318"
                    BASELINE="129 1011 1173 1026" 
                    HPOS="127"
                    VPOS="965"
                    WIDTH="1046"
                    HEIGHT="84">
            <Shape><Polygon POINTS="127 1033 544 1033 550 1036 556 1042 557 1042 559 1042 560 1042 605 1036 626 1035 633 1038 649 1044 651 1044 652 1044 682 1038 690 1036 718 1038 861 1047 862 1047 864 1047 886 1039 893 1047 895 1047 896 1047 965 1048 966 1048 1045 1041 1067 1049 1069 1049 1070 1049 1119 1042 1158 1049 1160 1049 1161 1049 1163 1049 1171 1041 1173 1026 1171 989 1133 980 1131 980 1081 986 1070 987 1067 986 1055 977 1054 977 1052 977 1051 977 871 981 816 983 785 980 716 972 715 972 687 978 666 981 580 981 565 975 547 969 545 969 472 969 471 969 469 969 461 972 446 978 389 971 379 971 377 971 373 971 342 977 324 969 315 966 313 966 312 966 295 969 269 975 245 968 233 965 232 965 230 965 206 968 156 974 130 966 129 1011 127 1033"/></Shape>
	    <String CONTENT="merica innumerabiles penè ſunt populi) Deum"
                    HPOS="127"
                    VPOS="965"
                    WIDTH="1046"
                    HEIGHT="84"
                    WC="0.990777209401131"></String>
          </TextLine>

          
          
          <TextLine ID="eSc_line_704f7483"
                    TAGREFS="LT4318"
                    BASELINE="129 1069 1174 1079" 
                    HPOS="127"
                    VPOS="1023"
                    WIDTH="1047"
                    HEIGHT="82">
            <Shape><Polygon POINTS="129 1069 127 1084 232 1096 233 1096 275 1088 333 1097 334 1097 502 1090 541 1099 542 1099 544 1099 545 1099 565 1090 621 1090 632 1100 633 1100 635 1100 636 1100 737 1094 875 1103 877 1103 878 1103 880 1103 889 1094 919 1103 920 1103 922 1103 1005 1094 1024 1105 1026 1105 1027 1105 1173 1094 1174 1079 1174 1045 1103 1033 1102 1033 1100 1033 1073 1042 1072 1044 1070 1042 1052 1032 1051 1032 1049 1032 1048 1032 1003 1042 999 1044 907 1044 904 1041 893 1032 892 1032 890 1032 889 1032 887 1032 868 1039 864 1041 801 1041 798 1039 786 1030 785 1030 783 1030 782 1030 780 1030 779 1030 768 1038 762 1041 701 1041 699 1038 688 1029 688 1027 687 1027 685 1027 684 1027 682 1027 663 1036 655 1039 648 1036 624 1027 623 1027 621 1027 620 1027 605 1036 597 1039 585 1035 557 1026 556 1026 554 1026 432 1032 385 1024 383 1024 350 1032 330 1036 309 1030 279 1023 278 1023 276 1023 129 1027 129 1069"/></Shape>
	    <String CONTENT="orandum eſſe. Id quod etiam hoc loco Chriſo¬"
                    HPOS="127"
                    VPOS="1023"
                    WIDTH="1047"
                    HEIGHT="82"
                    WC="0.952894018454985"></String>
          </TextLine>

          
          
          <TextLine ID="eSc_line_1decc26f"
                    TAGREFS="LT4318"
                    BASELINE="126 1127 1173 1140" 
                    HPOS="124"
                    VPOS="1084"
                    WIDTH="1049"
                    HEIGHT="79">
            <Shape><Polygon POINTS="126 1127 124 1149 240 1145 356 1152 377 1154 379 1154 397 1154 471 1148 481 1154 486 1157 487 1157 489 1157 490 1157 520 1154 560 1149 590 1154 615 1158 617 1158 639 1154 661 1151 728 1155 823 1161 825 1161 826 1161 847 1155 856 1154 878 1155 939 1163 941 1163 1171 1157 1173 1140 1173 1105 1055 1103 1054 1102 1024 1093 1023 1093 1021 1093 965 1100 959 1100 791 1099 789 1097 779 1090 777 1090 776 1090 774 1090 646 1094 588 1096 489 1096 481 1091 472 1085 471 1085 469 1085 468 1085 420 1090 392 1093 371 1090 343 1084 342 1084 340 1084 328 1088 319 1091 126 1085 126 1127"/></Shape>
	    <String CONTENT="ſtom. annotauit, quanquam de eo variæ fuerunt"
                    HPOS="124"
                    VPOS="1084"
                    WIDTH="1049"
                    HEIGHT="79"
                    WC="0.980835497379303"></String>
          </TextLine>

          
          
          <TextLine ID="eSc_line_3f65f13b"
                    TAGREFS="LT4318"
                    BASELINE="127 1183 1171 1200" 
                    HPOS="126"
                    VPOS="1139"
                    WIDTH="1045"
                    HEIGHT="89">
            <Shape><Polygon POINTS="127 1183 126 1210 191 1203 217 1213 221 1215 223 1215 224 1215 226 1215 232 1213 257 1204 404 1204 438 1213 458 1218 459 1218 461 1218 462 1218 466 1213 475 1207 504 1207 516 1215 517 1215 519 1215 520 1215 527 1215 557 1209 568 1215 577 1219 578 1219 580 1219 603 1215 617 1212 623 1215 636 1221 638 1221 639 1221 641 1221 661 1215 679 1210 699 1215 727 1222 728 1222 730 1222 731 1222 757 1215 770 1212 777 1215 794 1223 795 1223 936 1225 938 1225 939 1225 966 1216 968 1216 971 1216 1076 1228 1078 1228 1170 1216 1171 1200 1170 1158 707 1158 703 1152 697 1148 697 1146 696 1146 694 1146 693 1146 648 1152 623 1155 435 1154 429 1151 413 1142 411 1142 410 1142 408 1142 379 1149 371 1142 370 1142 368 1142 269 1140 267 1140 266 1140 245 1148 197 1139 196 1139 127 1146 127 1183"/></Shape>
	    <String CONTENT="Auguſtini tempore quæſtiones, quemadmodum"
                    HPOS="126"
                    VPOS="1139"
                    WIDTH="1045"
                    HEIGHT="89"
                    WC="0.990258375319039"></String>
          </TextLine>

          
          
          <TextLine ID="eSc_line_0b64e77b"
                    TAGREFS="LT4318"
                    BASELINE="126 1241 721 1247" 
                    HPOS="124"
                    VPOS="1197"
                    WIDTH="597"
                    HEIGHT="79">
            <Shape><Polygon POINTS="126 1241 124 1261 133 1268 135 1268 136 1268 138 1268 191 1259 203 1270 203 1271 205 1271 206 1271 208 1271 321 1261 359 1273 361 1273 362 1273 426 1262 461 1274 462 1274 464 1274 527 1267 572 1276 574 1276 719 1262 721 1247 719 1216 664 1216 664 1215 655 1207 654 1207 652 1207 651 1207 649 1207 629 1215 627 1215 621 1215 557 1207 556 1207 524 1213 498 1200 496 1200 495 1200 493 1200 453 1210 425 1198 423 1198 422 1198 284 1206 249 1197 248 1197 246 1197 245 1197 243 1197 227 1210 162 1201 160 1201 126 1209 126 1241"/></Shape>
	    <String CONTENT="ex ipſius Epiſtolis apparet."
                    HPOS="124"
                    VPOS="1197"
                    WIDTH="597"
                    HEIGHT="79"
                    WC="0.975945317319461"></String>
          </TextLine>

          
          
          <TextLine ID="eSc_line_712122f6"
                    TAGREFS="LT4318"
                    BASELINE="187 1301 1170 1319" 
                    HPOS="185"
                    VPOS="1252"
                    WIDTH="985"
                    HEIGHT="86">
            <Shape><Polygon POINTS="185 1322 266 1316 290 1325 291 1325 292 1325 306 1325 434 1320 478 1326 514 1331 516 1331 536 1326 562 1322 587 1328 614 1332 615 1332 648 1328 678 1323 765 1328 925 1338 926 1338 1168 1331 1170 1319 1168 1281 1090 1268 1088 1268 1023 1277 1002 1279 868 1279 858 1271 846 1264 844 1264 843 1264 841 1264 765 1268 688 1274 667 1267 654 1261 652 1261 651 1261 587 1264 464 1270 441 1259 434 1256 432 1256 431 1256 429 1256 420 1259 388 1268 318 1268 303 1255 301 1255 300 1255 298 1255 297 1255 295 1255 267 1264 233 1256 232 1256 230 1256 229 1256 214 1265 188 1252 187 1301 185 1322"/></Shape>
	    <String CONTENT="Modum etiam per ἐξήγησιν addit, quo ad ſalu¬"
                    HPOS="185"
                    VPOS="1252"
                    WIDTH="985"
                    HEIGHT="86"></String>
          </TextLine>

          
          
          <TextLine ID="eSc_line_bf808040"
                    TAGREFS="LT4318"
                    BASELINE="129 1362 364 1360 1168 1375" 
                    HPOS="127"
                    VPOS="1314"
                    WIDTH="1041"
                    HEIGHT="79">
            <Shape><Polygon POINTS="129 1362 127 1372 269 1384 270 1384 524 1380 536 1380 550 1380 809 1393 810 1393 1167 1389 1168 1375 1168 1341 1026 1339 1023 1338 987 1328 986 1328 984 1328 983 1328 963 1337 886 1328 884 1328 847 1334 838 1326 837 1326 835 1326 834 1326 795 1332 776 1325 774 1325 773 1325 655 1332 649 1332 646 1332 608 1322 606 1322 605 1322 603 1322 566 1331 565 1331 529 1320 527 1320 526 1320 524 1320 523 1320 508 1329 425 1319 423 1319 422 1319 392 1328 359 1317 358 1317 178 1314 176 1314 129 1323 129 1362"/></Shape>
	    <String CONTENT="tem homines perducuntur, nimirum veritatis a¬"
                    HPOS="127"
                    VPOS="1314"
                    WIDTH="1041"
                    HEIGHT="79"
                    WC="0.996230883068509"></String>
          </TextLine>

          
          
          <TextLine ID="eSc_line_f046840c"
                    TAGREFS="LT4318"
                    BASELINE="127 1420 1170 1438" 
                    HPOS="126"
                    VPOS="1374"
                    WIDTH="1044"
                    HEIGHT="84">
            <Shape><Polygon POINTS="127 1420 126 1441 300 1436 337 1445 339 1445 340 1445 343 1445 459 1439 478 1448 481 1448 483 1448 484 1448 490 1448 523 1441 550 1448 560 1451 562 1451 563 1451 580 1448 621 1442 701 1450 743 1454 745 1454 771 1451 820 1445 850 1453 864 1455 865 1455 867 1455 868 1455 877 1453 889 1448 947 1454 1003 1458 1005 1458 1168 1455 1170 1438 1168 1392 997 1399 932 1399 917 1389 913 1386 911 1386 910 1386 908 1386 867 1389 795 1395 481 1392 471 1386 452 1378 450 1378 391 1377 389 1377 325 1384 304 1387 301 1384 290 1377 288 1377 287 1377 215 1374 214 1374 127 1383 127 1420"/></Shape>
	    <String CONTENT="gnitionem. Hîc autem veritas non eſt accipienda"
                    HPOS="126"
                    VPOS="1374"
                    WIDTH="1044"
                    HEIGHT="84"
                    WC="0.98509257286787"></String>
          </TextLine>

          
          
          <TextLine ID="eSc_line_2a4bf63b"
                    TAGREFS="LT4318"
                    BASELINE="126 1476 1168 1493" 
                    HPOS="124"
                    VPOS="1432"
                    WIDTH="1044"
                    HEIGHT="86">
            <Shape><Polygon POINTS="126 1476 124 1496 313 1496 340 1502 355 1506 356 1506 358 1506 403 1503 474 1499 496 1505 508 1509 510 1509 511 1509 513 1509 520 1506 532 1500 565 1500 575 1508 577 1509 578 1509 580 1509 581 1509 608 1508 690 1502 722 1511 731 1512 733 1512 734 1512 736 1512 742 1511 765 1503 782 1511 788 1513 789 1513 980 1516 981 1516 997 1515 1070 1508 1165 1518 1168 1493 1168 1457 1154 1448 1152 1448 1151 1448 1149 1448 1102 1457 1100 1457 1003 1457 1002 1455 980 1444 978 1444 977 1444 925 1450 884 1442 883 1442 804 1453 801 1453 797 1453 733 1442 731 1442 730 1442 703 1451 701 1451 670 1439 669 1439 636 1439 635 1439 633 1439 632 1439 618 1450 602 1438 600 1438 599 1438 597 1438 596 1438 572 1448 535 1441 533 1441 475 1447 464 1438 464 1436 462 1436 461 1436 459 1436 458 1436 443 1444 414 1436 413 1436 411 1436 327 1445 318 1445 309 1445 221 1432 220 1432 126 1441 126 1476"/></Shape>
	    <String CONTENT="cuiuſuis cognitionis doctoris &amp; diſciplinæ certũ"
                    HPOS="124"
                    VPOS="1432"
                    WIDTH="1044"
                    HEIGHT="86"
                    WC="0.991780609500651"></String>
          </TextLine>

          
          
          <TextLine ID="eSc_line_671af946"
                    TAGREFS="LT4318"
                    BASELINE="123 1534 1170 1551" 
                    HPOS="121"
                    VPOS="1493"
                    WIDTH="1049"
                    HEIGHT="83">
            <Shape><Polygon POINTS="123 1534 121 1551 789 1571 791 1571 892 1570 1063 1567 1167 1576 1170 1551 1170 1521 1036 1519 1036 1518 1023 1508 1023 1506 1021 1506 1020 1506 1018 1506 905 1516 895 1516 892 1516 867 1508 865 1508 864 1508 788 1512 751 1502 749 1502 748 1502 694 1512 658 1500 657 1500 655 1500 654 1500 618 1509 572 1499 495 1497 493 1497 492 1497 475 1505 417 1496 416 1496 349 1508 346 1508 248 1508 246 1506 220 1493 218 1493 154 1493 153 1493 151 1493 123 1503 123 1534"/></Shape>
	    <String CONTENT="effatum, certáque ſententia, &amp; cum reipſa con¬"
                    HPOS="121"
                    VPOS="1493"
                    WIDTH="1049"
                    HEIGHT="83"
                    WC="0.972592204175097"></String>
          </TextLine>

          
          
          <TextLine ID="eSc_line_25d7f580"
                    TAGREFS="LT4318"
                    BASELINE="121 1592 1167 1609" 
                    HPOS="120"
                    VPOS="1548"
                    WIDTH="1047"
                    HEIGHT="84">
            <Shape><Polygon POINTS="121 1592 120 1607 157 1618 159 1618 232 1621 233 1621 234 1621 264 1612 284 1621 285 1621 287 1621 288 1621 306 1612 501 1625 502 1625 532 1619 749 1628 751 1628 752 1628 774 1621 858 1629 859 1629 861 1629 881 1622 908 1631 910 1631 911 1631 913 1631 945 1622 975 1629 977 1629 978 1629 1070 1624 1085 1632 1087 1632 1088 1632 1090 1632 1165 1624 1167 1609 1167 1577 1061 1576 1060 1573 1048 1564 1048 1563 1047 1563 1045 1563 1044 1563 974 1571 957 1573 951 1570 931 1561 929 1561 928 1561 926 1561 908 1570 899 1573 807 1573 800 1567 794 1561 792 1561 791 1561 752 1558 751 1558 721 1564 693 1570 663 1563 657 1561 655 1561 654 1561 639 1561 591 1566 580 1560 569 1555 568 1555 566 1555 547 1560 513 1567 429 1567 413 1555 408 1552 407 1552 406 1552 312 1551 310 1551 309 1551 306 1552 285 1563 254 1551 252 1551 251 1551 249 1551 246 1551 190 1561 121 1548 121 1592"/></Shape>
	    <String CONTENT="ſentiẽs, ſed Euangelium tantùm quod κατ&#x27; ὀνομα¬"
                    HPOS="120"
                    VPOS="1548"
                    WIDTH="1047"
                    HEIGHT="84"></String>
          </TextLine>

          
          
          <TextLine ID="eSc_line_28a0997e"
                    TAGREFS="LT4318"
                    BASELINE="120 1647 1165 1670" 
                    HPOS="118"
                    VPOS="1609"
                    WIDTH="1047"
                    HEIGHT="83">
            <Shape><Polygon POINTS="120 1647 118 1668 174 1667 203 1671 227 1676 229 1676 230 1676 242 1673 258 1668 291 1673 328 1679 330 1679 398 1674 440 1673 459 1676 493 1682 495 1682 517 1677 530 1674 577 1677 678 1686 679 1686 850 1682 886 1682 896 1683 957 1692 959 1692 1164 1686 1165 1670 1165 1641 1094 1627 1011 1625 1009 1625 1008 1625 981 1635 951 1624 950 1624 948 1624 892 1634 886 1634 875 1634 746 1619 745 1619 743 1619 724 1628 697 1619 696 1619 694 1619 643 1628 636 1628 632 1627 596 1616 594 1616 593 1616 548 1625 536 1627 376 1624 367 1621 330 1610 328 1610 327 1610 292 1618 282 1621 270 1618 236 1609 234 1609 233 1609 232 1609 206 1616 199 1618 120 1615 120 1647"/></Shape>
	    <String CONTENT="σίαν &amp; inſigniter veritas appellatur, tũ quòd illa"
                    HPOS="118"
                    VPOS="1609"
                    WIDTH="1047"
                    HEIGHT="83"
                    WC="0.984443137105906"></String>
          </TextLine>

          
          
          <TextLine ID="eSc_line_25ccbd41"
                    TAGREFS="LT4318"
                    BASELINE="120 1711 1165 1728" 
                    HPOS="120"
                    VPOS="1664"
                    WIDTH="1045"
                    HEIGHT="87">
            <Shape><Polygon POINTS="120 1711 120 1728 209 1728 215 1728 257 1738 258 1738 260 1738 291 1729 294 1729 386 1729 389 1731 425 1741 426 1741 428 1741 484 1734 499 1743 501 1743 502 1743 504 1743 675 1737 700 1745 701 1745 703 1745 746 1740 791 1747 792 1747 874 1740 935 1747 936 1747 938 1747 959 1740 986 1750 987 1750 989 1750 1038 1741 1069 1751 1070 1751 1072 1751 1164 1741 1165 1728 1165 1692 1145 1680 1143 1680 1142 1680 1140 1680 1008 1689 975 1690 899 1690 892 1686 871 1676 870 1676 868 1676 867 1676 865 1676 852 1685 847 1687 840 1685 823 1677 822 1677 820 1677 819 1677 801 1683 785 1687 759 1682 733 1676 731 1676 700 1680 667 1685 655 1679 642 1673 641 1673 639 1673 638 1673 626 1677 612 1683 550 1676 498 1670 496 1670 449 1673 346 1680 316 1668 310 1667 309 1667 307 1667 292 1668 215 1679 120 1664 120 1711"/></Shape>
	    <String CONTENT="ſit certiſsima doctrina &amp; à Deo ipſo immediatè"
                    HPOS="120"
                    VPOS="1664"
                    WIDTH="1045"
                    HEIGHT="87"
                    WC="0.986236984531085"></String>
          </TextLine>

          
          
          <TextLine ID="eSc_line_b4454d04"
                    TAGREFS="LT4318"
                    BASELINE="120 1769 1163 1786" 
                    HPOS="118"
                    VPOS="1725"
                    WIDTH="1045"
                    HEIGHT="87">
            <Shape><Polygon POINTS="120 1769 118 1796 136 1798 138 1798 139 1798 141 1798 156 1786 240 1793 242 1793 307 1787 379 1798 411 1802 413 1802 461 1798 527 1792 553 1798 574 1804 575 1804 577 1804 605 1798 624 1795 645 1798 690 1806 691 1806 693 1806 713 1799 716 1798 719 1799 739 1806 740 1806 742 1806 743 1806 758 1801 910 1809 911 1811 950 1811 950 1809 951 1809 953 1809 968 1799 971 1798 974 1799 996 1811 997 1811 999 1811 1000 1811 1023 1802 1069 1812 1070 1812 1161 1799 1163 1786 1163 1748 1128 1740 1127 1740 1125 1740 1082 1748 1075 1750 1072 1748 1063 1740 1063 1738 1061 1738 1060 1738 1058 1738 948 1747 933 1747 932 1745 920 1737 919 1737 917 1737 916 1737 914 1737 889 1745 887 1747 809 1747 804 1744 785 1734 783 1734 782 1734 780 1734 748 1741 684 1732 682 1732 559 1741 547 1741 545 1741 536 1732 535 1732 533 1732 532 1732 490 1737 483 1731 483 1729 481 1729 480 1729 478 1729 429 1740 423 1740 422 1738 408 1729 407 1729 406 1729 404 1729 403 1729 385 1738 383 1740 316 1740 312 1737 282 1726 281 1726 214 1725 212 1725 211 1725 185 1735 120 1735 120 1769"/></Shape>
	    <String CONTENT="profecta: tum etiam quòd ſola ſit veritas æſtimã¬"
                    HPOS="118"
                    VPOS="1725"
                    WIDTH="1045"
                    HEIGHT="87"
                    WC="0.991858496385462"></String>
          </TextLine>

          
          
          <TextLine ID="eSc_line_6f028f07"
                    TAGREFS="LT4318"
                    BASELINE="121 1827 1167 1842" 
                    HPOS="120"
                    VPOS="1781"
                    WIDTH="1047"
                    HEIGHT="83">
            <Shape><Polygon POINTS="121 1827 120 1844 226 1856 227 1856 328 1848 389 1857 391 1857 621 1854 748 1863 749 1863 815 1856 890 1864 892 1864 1165 1859 1167 1842 1167 1805 1118 1795 1116 1795 1115 1795 1113 1795 1103 1804 1100 1805 1041 1805 1039 1804 1027 1793 1026 1793 1024 1793 1023 1793 1021 1793 1003 1802 1000 1804 974 1802 855 1793 853 1793 852 1793 826 1801 823 1801 813 1801 734 1792 733 1792 700 1799 697 1799 693 1799 645 1787 643 1787 580 1796 533 1786 532 1786 456 1796 447 1796 437 1795 333 1783 331 1783 257 1793 252 1793 251 1793 223 1781 221 1781 220 1781 218 1781 178 1792 147 1781 145 1781 144 1781 142 1781 121 1790 121 1827"/></Shape>
	    <String CONTENT="da, à nobis &amp; conſectanda, &amp; perſequenda: reli¬"
                    HPOS="120"
                    VPOS="1781"
                    WIDTH="1047"
                    HEIGHT="83"
                    WC="0.976677930603425"></String>
          </TextLine>

          
          
          <TextLine ID="eSc_line_bb83585a"
                    TAGREFS="LT4318"
                    BASELINE="123 1884 1171 1903" 
                    HPOS="121"
                    VPOS="1842"
                    WIDTH="1050"
                    HEIGHT="86">
            <Shape><Polygon POINTS="123 1884 121 1908 1168 1928 1171 1903 1170 1864 956 1856 954 1856 953 1856 951 1856 947 1860 941 1864 905 1864 901 1860 893 1854 893 1853 892 1853 890 1853 856 1851 801 1851 800 1851 798 1851 785 1859 777 1862 770 1859 751 1850 749 1850 748 1850 715 1856 697 1848 696 1848 694 1848 603 1856 581 1857 562 1856 508 1848 507 1848 407 1853 374 1854 364 1853 322 1842 321 1842 319 1842 298 1851 295 1853 123 1850 123 1884"/></Shape>
	    <String CONTENT="quæ verò artes quatenus huic ſubſeruiunt &amp; ad"
                    HPOS="121"
                    VPOS="1842"
                    WIDTH="1050"
                    HEIGHT="86"
                    WC="0.987248012553091"></String>
          </TextLine>

          
          
          <TextLine ID="eSc_line_839edd1a"
                    TAGREFS="LT4318"
                    BASELINE="124 1943 1163 1963" 
                    HPOS="123"
                    VPOS="1900"
                    WIDTH="1040"
                    HEIGHT="88">
            <Shape><Polygon POINTS="124 1943 123 1958 221 1972 223 1972 269 1963 273 1963 275 1963 292 1973 294 1973 295 1973 350 1966 352 1966 353 1966 377 1975 379 1975 380 1975 382 1975 400 1967 403 1966 414 1967 468 1976 469 1976 502 1970 516 1967 527 1970 548 1978 550 1978 551 1978 553 1978 568 1972 577 1969 675 1969 681 1975 685 1979 685 1980 687 1980 688 1980 690 1982 748 1982 748 1980 749 1980 751 1980 755 1978 762 1972 776 1978 779 1979 780 1979 782 1979 807 1979 902 1975 919 1982 923 1983 925 1983 926 1983 938 1982 981 1976 996 1983 997 1983 1160 1988 1163 1963 1163 1928 1137 1918 1136 1918 1134 1918 1069 1927 991 1917 990 1917 989 1917 987 1917 974 1925 896 1917 895 1917 862 1924 861 1924 859 1924 825 1912 823 1912 822 1912 779 1922 777 1922 776 1922 759 1915 758 1915 757 1915 727 1921 715 1912 713 1912 712 1912 710 1912 709 1912 707 1912 694 1921 693 1921 624 1921 623 1920 605 1908 603 1908 602 1908 600 1908 599 1908 584 1914 523 1906 522 1906 520 1906 492 1917 464 1906 462 1906 461 1906 303 1914 285 1914 281 1914 242 1902 240 1902 239 1902 197 1909 187 1900 185 1900 184 1900 182 1900 124 1909 124 1943"/></Shape>
	    <String CONTENT="vitæ huius commoditatem pertinent, exercendę."
                    HPOS="123"
                    VPOS="1900"
                    WIDTH="1040"
                    HEIGHT="88"
                    WC="0.975946329210115"></String>
          </TextLine>

          
          
          <TextLine ID="eSc_line_0050b32a"
                    TAGREFS="LT4318"
                    BASELINE="123 2003 1163 2019" 
                    HPOS="121"
                    VPOS="1957"
                    WIDTH="1042"
                    HEIGHT="87">
            <Shape><Polygon POINTS="123 2003 121 2022 251 2031 252 2031 276 2027 294 2022 303 2027 313 2033 315 2033 316 2033 318 2033 319 2033 325 2027 330 2025 441 2025 484 2031 523 2036 524 2036 572 2033 620 2030 636 2034 648 2037 649 2037 651 2037 652 2037 654 2037 657 2034 664 2030 737 2030 782 2037 801 2040 803 2040 822 2038 875 2031 898 2040 904 2041 905 2041 907 2041 919 2040 959 2033 969 2040 971 2040 972 2040 974 2040 1009 2034 1021 2041 1021 2043 1023 2043 1024 2043 1160 2044 1163 2019 1161 1980 1069 1983 1041 1978 1023 1973 1021 1973 1006 1976 983 1982 975 1976 971 1972 971 1970 969 1970 968 1970 939 1970 938 1970 936 1970 935 1970 929 1975 919 1980 832 1980 810 1972 800 1969 798 1969 797 1969 795 1969 789 1972 777 1978 618 1978 602 1967 597 1964 596 1964 594 1964 501 1963 499 1963 486 1964 435 1973 371 1961 364 1961 362 1961 358 1961 312 1972 191 1970 123 1957 123 2003"/></Shape>
	    <String CONTENT="Ex quo etiam colligitur non alios velle Deum"
                    HPOS="121"
                    VPOS="1957"
                    WIDTH="1042"
                    HEIGHT="87"
                    WC="0.982978898015889"></String>
          </TextLine>

          
          
          <TextLine ID="eSc_line_5ff9b8c5"
                    TAGREFS="LT4318"
                    BASELINE="123 2059 1161 2079" 
                    HPOS="121"
                    VPOS="2015"
                    WIDTH="1040"
                    HEIGHT="90">
            <Shape><Polygon POINTS="123 2059 121 2076 523 2096 524 2096 658 2091 682 2099 684 2099 685 2099 782 2091 801 2101 803 2101 804 2101 806 2101 822 2094 843 2102 844 2102 920 2104 922 2104 1005 2098 1036 2105 1038 2105 1039 2105 1041 2105 1061 2095 1128 2104 1130 2104 1131 2104 1160 2095 1161 2079 1161 2044 1055 2043 1052 2041 1000 2030 999 2030 938 2038 928 2040 855 2040 850 2037 828 2027 826 2027 825 2027 774 2036 762 2037 748 2036 681 2024 679 2024 575 2031 548 2033 524 2030 441 2019 440 2019 438 2019 417 2028 411 2030 383 2027 282 2016 281 2016 230 2024 218 2025 212 2024 191 2015 190 2015 188 2015 123 2021 123 2059"/></Shape>
	    <String CONTENT="ſaluos fieri, quàm qui ad fidem Euangelij perue¬"
                    HPOS="121"
                    VPOS="2015"
                    WIDTH="1040"
                    HEIGHT="90"
                    WC="0.989491517446479"></String>
          </TextLine>

          
          
          <TextLine ID="eSc_line_a3422893"
                    TAGREFS="LT4318"
                    BASELINE="121 2120 1163 2138" 
                    HPOS="120"
                    VPOS="2079"
                    WIDTH="1043"
                    HEIGHT="81">
            <Shape><Polygon POINTS="121 2120 120 2135 294 2149 295 2149 478 2144 527 2144 538 2146 569 2153 571 2153 667 2149 725 2147 733 2150 739 2156 740 2156 742 2156 1024 2160 1026 2160 1042 2159 1076 2153 1160 2160 1163 2138 1158 2094 1137 2102 1100 2094 1099 2094 1097 2094 1029 2101 993 2092 986 2091 984 2091 983 2091 981 2091 980 2091 978 2092 965 2101 905 2101 861 2092 859 2092 776 2096 765 2091 761 2088 759 2088 758 2088 757 2088 727 2091 672 2095 657 2089 645 2085 643 2085 574 2085 572 2085 571 2085 569 2085 565 2089 557 2094 536 2089 513 2083 511 2083 510 2083 499 2088 492 2092 469 2088 449 2085 447 2085 419 2088 392 2091 362 2088 297 2079 295 2079 121 2085 121 2120"/></Shape>
	    <String CONTENT="ni unt, illíque credunt. Non ſunt enim iſta duo"
                    HPOS="120"
                    VPOS="2079"
                    WIDTH="1043"
                    HEIGHT="81"
                    WC="0.984414162735144"></String>
          </TextLine>

          
          
          <TextLine ID="eSc_line_2f01d9ad"
                    TAGREFS="LT4318"
                    BASELINE="123 2175 1161 2196" 
                    HPOS="121"
                    VPOS="2131"
                    WIDTH="1040"
                    HEIGHT="111">
            <Shape><Polygon POINTS="123 2175 121 2220 260 2208 452 2229 459 2229 461 2229 462 2229 487 2215 501 2221 502 2221 504 2221 566 2214 587 2227 588 2227 590 2227 591 2227 630 2221 649 2232 651 2232 652 2232 727 2218 748 2235 749 2235 751 2235 847 2236 849 2236 850 2236 852 2236 873 2221 936 2221 1005 2221 1048 2241 1049 2241 1051 2241 1052 2241 1057 2241 1115 2235 1158 2242 1161 2196 1161 2156 1075 2149 1073 2149 1072 2149 1055 2154 1033 2160 944 2160 929 2152 919 2147 917 2147 916 2147 914 2147 904 2152 890 2157 798 2150 768 2149 767 2149 754 2150 716 2154 697 2149 673 2141 672 2141 670 2141 669 2141 652 2149 641 2153 629 2149 609 2140 608 2140 606 2140 571 2147 557 2150 553 2147 542 2138 541 2138 539 2138 538 2138 489 2146 471 2149 452 2146 404 2138 403 2138 373 2144 361 2147 353 2144 334 2135 333 2135 331 2135 295 2144 291 2144 290 2144 266 2132 264 2132 263 2132 229 2138 197 2131 196 2131 142 2131 141 2131 139 2131 123 2138 123 2175"/></Shape>
	    <String CONTENT="diſtrahenda, quæ hîc Paulus coniungit, ne quis ſe"
                    HPOS="121"
                    VPOS="2131"
                    WIDTH="1040"
                    HEIGHT="111"
                    WC="0.980682088136673"></String>
          </TextLine>

          
        </TextBlock>
        
        <TextBlock HPOS="850"
                   VPOS="2218"
                   WIDTH="120"
                   HEIGHT="61"
                   ID="block_3"
                   TAGREFS="BT10978">
          <Shape><Polygon POINTS="970 2218 970 2279 850 2279 850 2218"/></Shape>
          
          
          <TextLine ID="eSc_line_e66aabf2"
                    TAGREFS="LT4318"
                    BASELINE="859 2254 962 2251" 
                    HPOS="856"
                    VPOS="2207"
                    WIDTH="106"
                    HEIGHT="81">
            <Shape><Polygon POINTS="859 2254 859 2276 960 2288 962 2251 959 2208 856 2207 859 2254"/></Shape>
	    <String CONTENT="d.iij."
                    HPOS="856"
                    VPOS="2207"
                    WIDTH="106"
                    HEIGHT="81"></String>
          </TextLine>

          
        </TextBlock>
        

        
      </PrintSpace>
    </Page>
  </Layout>
</alto>
