<?xml version="1.0" encoding="UTF-8"?>
<alto xmlns:xsi="http://www.w3.org/2001/XMLSchema-instance"
      xmlns="http://www.loc.gov/standards/alto/ns-v4#"
      xsi:schemaLocation="http://www.loc.gov/standards/alto/ns-v4# http://www.loc.gov/standards/alto/v4/alto-4-2.xsd">
  <Description>
    <MeasurementUnit>pixel</MeasurementUnit>
    <sourceImageInformation>
      <fileName>2012954.png</fileName>
      
    </sourceImageInformation>
  </Description>
  
  <Tags>
    <OtherTag ID="BT10983" LABEL="GraphicZone" DESCRIPTION="block type GraphicZone"/><OtherTag ID="BT10982" LABEL="DropCapitalZone" DESCRIPTION="block type DropCapitalZone"/><OtherTag ID="BT10981" LABEL="RunningTitleZone" DESCRIPTION="block type RunningTitleZone"/><OtherTag ID="BT10980" LABEL="NumberingZone" DESCRIPTION="block type NumberingZone"/><OtherTag ID="BT10979" LABEL="TitlePageZone" DESCRIPTION="block type TitlePageZone"/><OtherTag ID="BT10978" LABEL="QuireMarksZone" DESCRIPTION="block type QuireMarksZone"/><OtherTag ID="BT10977" LABEL="MainZone" DESCRIPTION="block type MainZone"/><OtherTag ID="BT10976" LABEL="MarginTextZone" DESCRIPTION="block type MarginTextZone"/>
    <OtherTag ID="LT4321" LABEL="default" DESCRIPTION="line type default"/><OtherTag ID="LT4319" LABEL="HeadingLine" DESCRIPTION="line type HeadingLine"/><OtherTag ID="LT4318" LABEL="DefaultLine" DESCRIPTION="line type DefaultLine"/><OtherTag ID="LT4320" LABEL="CustomLine : BiblicalText" DESCRIPTION="line type CustomLine : BiblicalText"/>
  </Tags>
  
  <Layout>
    <Page WIDTH="1807"
          HEIGHT="2677"
          PHYSICAL_IMG_NR="1"
          ID="eSc_dummypage_">
      <PrintSpace HPOS="0"
                  VPOS="0"
                  WIDTH="1807"
                  HEIGHT="2677">
        
        <TextBlock HPOS="626.6635131835938"
                   VPOS="151.48194885253906"
                   WIDTH="98.44281005859375"
                   HEIGHT="53.78068542480469"
                   ID="block_1"
                   TAGREFS="BT10980">
          <Shape><Polygon POINTS="626.664 151.482 725.106 151.482 725.106 205.263 626.664 205.263 626.664 151.482"/></Shape>
          
          
          <TextLine ID="eSc_line_928b096f"
                    TAGREFS="LT4318"
                    BASELINE="638 187 725 187" 
                    HPOS="638"
                    VPOS="151"
                    WIDTH="87"
                    HEIGHT="64">
            <Shape><Polygon POINTS="682 151 667 153 652 153 649 153 638 159 638 187 638 208 678 215 679 215 681 215 682 215 699 200 703 199 725 199 725 187 725 159 687 151 682 151"/></Shape>
	    <String CONTENT="42"
                    HPOS="638"
                    VPOS="151"
                    WIDTH="87"
                    HEIGHT="64"
                    WC="0.999916017055511"></String>
          </TextLine>

          
        </TextBlock>
        
        <TextBlock HPOS="821.1214599609375"
                   VPOS="135.568603515625"
                   WIDTH="711.8817138671875"
                   HEIGHT="67.39108276367188"
                   ID="block_0"
                   TAGREFS="BT10981">
          <Shape><Polygon POINTS="821.121 135.569 1533 135.569 1533 202.96 821.121 202.96 821.121 135.569"/></Shape>
          
          
          <TextLine ID="eSc_line_ec798939"
                    TAGREFS="LT4319"
                    BASELINE="822 188 1522 179" 
                    HPOS="820"
                    VPOS="132"
                    WIDTH="702"
                    HEIGHT="73">
            <Shape><Polygon POINTS="1505 145 1490 144 1475 142 1460 141 1445 139 1430 136 1415 135 1400 133 1396 132 1360 145 1320 138 1319 138 1195 147 1149 138 1148 138 1146 138 1121 148 1119 148 1116 148 1069 139 1058 139 1044 139 1029 148 1027 150 1008 150 919 144 910 144 895 145 880 145 865 145 850 147 835 147 829 147 820 150 822 188 822 205 1522 196 1522 179 1519 147"/></Shape>
	    <String CONTENT="AD I. PAVL. AD TIM."
                    HPOS="820"
                    VPOS="132"
                    WIDTH="702"
                    HEIGHT="73"
                    WC="0.970059488949023"></String>
          </TextLine>

          
        </TextBlock>
        
        <TextBlock HPOS="618.6612548828125"
                   VPOS="207.9009552001953"
                   WIDTH="1085.272216796875"
                   HEIGHT="1958.2821502685547"
                   ID="block_2"
                   TAGREFS="BT10977">
          <Shape><Polygon POINTS="618.661 207.901 1703.93 207.901 1703.93 2166.18 618.661 2166.18 618.661 207.901"/></Shape>
          
          
          <TextLine ID="eSc_line_221b6a9b"
                    TAGREFS="LT4318"
                    BASELINE="630 261 1686 248" 
                    HPOS="629"
                    VPOS="200"
                    WIDTH="1057"
                    HEIGHT="87">
            <Shape><Polygon POINTS="630 261 630 287 697 279 728 285 736 287 737 287 739 287 740 287 742 285 755 276 962 281 1021 282 1023 282 1036 279 1069 273 1087 279 1096 282 1097 282 1099 282 1125 278 1167 272 1191 278 1206 281 1207 281 1209 281 1210 281 1212 281 1216 276 1225 270 1247 276 1259 279 1261 279 1262 279 1284 275 1313 270 1337 275 1356 278 1357 278 1359 278 1369 273 1384 267 1461 267 1473 272 1485 276 1487 276 1488 276 1686 267 1686 248 1683 211 1597 200 1595 200 1594 200 1592 200 1576 211 1491 211 1458 200 1457 200 1456 200 1454 200 1420 212 1362 203 1360 203 1316 212 1253 200 1252 200 1250 200 1213 215 1210 217 1143 217 1142 215 1100 202 1099 202 1097 202 1096 202 1069 217 1067 217 1057 217 936 205 935 205 933 205 904 218 901 218 889 218 748 206 746 206 629 220 630 261"/></Shape>
	    <String CONTENT="poſtulationes, &amp; gratiarum actiones. In quo pri¬"
                    HPOS="629"
                    VPOS="200"
                    WIDTH="1057"
                    HEIGHT="87"
                    WC="0.991644357641538"></String>
          </TextLine>

          
          
          <TextLine ID="eSc_line_9d5f13b9"
                    TAGREFS="LT4318"
                    BASELINE="630 321 1685 309" 
                    HPOS="629"
                    VPOS="264"
                    WIDTH="1056"
                    HEIGHT="72">
            <Shape><Polygon POINTS="630 321 630 336 1534 333 1539 333 1577 325 1682 331 1685 309 1680 264 1551 276 1488 267 1473 266 1472 266 1460 267 1417 278 1279 272 1207 269 1206 269 1185 273 1154 281 1097 275 1044 270 1042 270 1041 270 1039 270 1030 276 1020 282 966 278 893 272 892 272 853 281 835 284 820 281 788 273 786 273 785 273 762 282 752 285 725 282 666 276 664 276 629 284 630 321"/></Shape>
	    <String CONTENT="mum eſt obſeruandum non temere tot voces eſ¬"
                    HPOS="629"
                    VPOS="264"
                    WIDTH="1056"
                    HEIGHT="72"
                    WC="0.992066178809513"></String>
          </TextLine>

          
          
          <TextLine ID="eSc_line_e5e73b2c"
                    TAGREFS="LT4318"
                    BASELINE="626 379 1686 368" 
                    HPOS="624"
                    VPOS="322"
                    WIDTH="1062"
                    HEIGHT="81">
            <Shape><Polygon POINTS="626 379 626 394 712 394 739 403 740 403 742 403 804 394 919 401 920 401 977 392 990 391 1003 392 1045 400 1047 400 1081 392 1096 389 1106 392 1125 398 1127 398 1128 398 1188 392 1234 388 1279 392 1326 397 1328 397 1399 395 1400 395 1408 392 1420 386 1436 392 1447 395 1448 395 1450 395 1494 392 1577 385 1683 391 1686 368 1682 322 1228 339 1142 339 1130 333 1110 325 1109 325 1107 325 1106 325 1105 325 1096 333 1067 327 1066 327 1009 336 997 337 987 336 936 327 935 327 933 327 901 337 892 340 883 339 862 333 861 333 859 333 816 340 810 340 809 340 789 331 788 331 786 331 785 331 783 331 773 340 770 343 740 343 739 342 721 330 719 330 718 330 641 330 639 330 638 330 636 330 624 339 626 379"/></Shape>
	    <String CONTENT="ſe ſimul congeſtas, ſed partim vt precandi aſsi¬"
                    HPOS="624"
                    VPOS="322"
                    WIDTH="1062"
                    HEIGHT="81"
                    WC="0.989271676788727"></String>
          </TextLine>

          
          
          <TextLine ID="eSc_line_d01bbf12"
                    TAGREFS="LT4318"
                    BASELINE="627 438 1682 428" 
                    HPOS="626"
                    VPOS="380"
                    WIDTH="1056"
                    HEIGHT="73">
            <Shape><Polygon POINTS="626 423 627 438 627 453 1680 444 1682 428 1679 394 1619 380 1618 380 1616 380 1588 392 1525 385 1524 385 1522 385 1521 385 1505 395 1353 395 1296 385 1295 385 1228 397 1183 385 1182 385 1148 385 1146 385 1145 385 1143 385 1143 386 1133 395 1119 386 1118 386 1116 386 1115 386 1064 394 983 386 981 386 980 386 978 386 969 394 928 386 926 386 925 386 923 386 907 400 904 400 652 389 651 389 649 389 635 397 626 423"/></Shape>
	    <String CONTENT="duitatem &amp; ſtudium inflammet, incitet &amp; inii¬"
                    HPOS="626"
                    VPOS="380"
                    WIDTH="1056"
                    HEIGHT="73"
                    WC="0.967692357963986"></String>
          </TextLine>

          
          
          <TextLine ID="eSc_line_d0b8c09c"
                    TAGREFS="LT4318"
                    BASELINE="627 498 1683 489" 
                    HPOS="626"
                    VPOS="443"
                    WIDTH="1057"
                    HEIGHT="74">
            <Shape><Polygon POINTS="627 498 627 513 1151 517 1152 517 1154 517 1155 517 1168 508 1170 508 1189 508 1322 516 1323 516 1383 507 1390 507 1399 507 1488 514 1490 514 1491 514 1515 505 1518 505 1528 505 1595 513 1597 513 1682 504 1683 489 1680 455 1524 443 1522 443 1521 443 1503 452 1406 444 1405 444 1328 456 1194 446 1192 446 1191 446 1189 446 1176 458 1107 458 1075 447 1073 447 1072 447 1070 447 1051 458 1033 450 1032 450 1030 450 975 459 950 450 948 450 947 450 945 450 926 458 901 449 899 449 803 449 801 449 742 462 626 462 627 498"/></Shape>
	    <String CONTENT="ciat nobis his tot verbis, nóſque excitet, quem¬"
                    HPOS="626"
                    VPOS="443"
                    WIDTH="1057"
                    HEIGHT="74"
                    WC="0.980792358213541"></String>
          </TextLine>

          
          
          <TextLine ID="eSc_line_ae2753c1"
                    TAGREFS="LT4318"
                    BASELINE="629 554 1689 545" 
                    HPOS="627"
                    VPOS="501"
                    WIDTH="1062"
                    HEIGHT="76">
            <Shape><Polygon POINTS="629 554 629 569 761 577 762 577 801 569 806 569 820 569 980 575 981 575 1021 568 1029 568 1047 568 1142 574 1143 574 1689 565 1689 545 1686 513 1549 513 1516 501 1515 501 1514 501 1512 501 1511 501 1500 510 1405 502 1403 502 1402 502 1378 513 1353 504 1351 504 1350 504 1348 504 1347 504 1332 514 1301 504 1299 504 1298 504 1296 504 1295 504 1280 514 1234 504 1232 504 1155 517 1051 517 991 505 990 505 989 505 987 505 972 514 884 507 883 507 881 507 847 517 780 508 779 508 777 508 776 508 762 519 679 508 678 508 627 520 629 554"/></Shape>
	    <String CONTENT="admodum dixi: partim verò vt diuerſa eſſe pre¬"
                    HPOS="627"
                    VPOS="501"
                    WIDTH="1062"
                    HEIGHT="76"
                    WC="0.979844922715045"></String>
          </TextLine>

          
          
          <TextLine ID="eSc_line_9a18cfec"
                    TAGREFS="LT4318"
                    BASELINE="627 614 1686 603" 
                    HPOS="626"
                    VPOS="559"
                    WIDTH="1060"
                    HEIGHT="80">
            <Shape><Polygon POINTS="627 614 627 630 798 629 800 630 809 638 810 638 812 638 813 639 899 639 899 638 901 638 928 629 933 627 965 629 1069 635 1070 635 1125 627 1142 626 1160 627 1229 635 1231 635 1371 626 1423 623 1445 626 1496 632 1497 632 1685 623 1686 603 1683 559 1618 559 1616 559 1615 559 1613 559 1613 560 1603 569 1574 560 1569 559 1567 559 1566 559 1564 559 1558 560 1536 569 1521 562 1518 560 1516 560 1412 560 1411 560 1409 560 1399 565 1378 572 1341 565 1319 562 1317 562 1316 562 1305 566 1292 572 1249 568 1221 565 1219 565 1218 565 1206 568 1188 574 1173 569 1154 563 1152 563 1151 563 1121 571 1105 574 1090 571 1057 565 1055 565 1054 565 1052 565 1042 572 1036 577 969 577 965 574 945 566 944 566 942 566 941 566 926 575 922 577 898 575 828 569 826 569 777 578 771 578 764 578 649 568 648 568 646 568 626 578 627 614"/></Shape>
	    <String CONTENT="cationum genera oſtendat, quemadmodum di¬"
                    HPOS="626"
                    VPOS="559"
                    WIDTH="1060"
                    HEIGHT="80"
                    WC="0.977734356391721"></String>
          </TextLine>

          
          
          <TextLine ID="eSc_line_ba161944"
                    TAGREFS="LT4318"
                    BASELINE="629 672 1692 663" 
                    HPOS="627"
                    VPOS="618"
                    WIDTH="1065"
                    HEIGHT="70">
            <Shape><Polygon POINTS="629 672 629 688 1690 685 1692 663 1689 630 1516 618 1515 618 1514 618 1494 629 1399 620 1398 620 1396 620 1395 620 1380 630 1299 621 1298 621 1296 621 1276 633 1206 633 1164 621 1163 621 1161 621 981 635 685 626 684 626 627 638 629 672"/></Shape>
	    <String CONTENT="uerſi ſunt hominum affectus, diuerſa hominum"
                    HPOS="627"
                    VPOS="618"
                    WIDTH="1065"
                    HEIGHT="70"
                    WC="0.980120676484975"></String>
          </TextLine>

          
          
          <TextLine ID="eSc_line_1807074c"
                    TAGREFS="LT4318"
                    BASELINE="627 731 1692 722" 
                    HPOS="626"
                    VPOS="676"
                    WIDTH="1066"
                    HEIGHT="80">
            <Shape><Polygon POINTS="627 731 627 748 803 756 804 756 806 756 840 746 841 746 843 746 855 755 856 755 858 755 859 756 908 756 908 755 990 745 1002 745 1011 745 1084 754 1085 754 1087 754 1116 745 1118 745 1121 745 1226 752 1228 752 1229 752 1231 752 1246 743 1253 743 1328 749 1329 749 1360 742 1366 742 1371 742 1418 751 1420 751 1690 739 1692 722 1689 684 1583 676 1582 676 1580 676 1551 685 1548 685 1545 685 1521 676 1519 676 1518 676 1516 676 1479 685 1467 690 1384 690 1375 687 1335 679 1334 679 1332 679 1331 679 1320 688 1317 691 1229 691 1221 688 1160 679 1158 679 1002 691 1000 691 984 681 983 681 981 681 980 681 978 681 947 693 944 693 938 693 858 682 856 682 809 693 715 684 713 684 626 696 627 731"/></Shape>
	    <String CONTENT="conditio, diuerſa noſtri ſtatus ratio, &amp; ita paſtor"
                    HPOS="626"
                    VPOS="676"
                    WIDTH="1066"
                    HEIGHT="80"
                    WC="0.984047301844055"></String>
          </TextLine>

          
          
          <TextLine ID="eSc_line_ab8692fe"
                    TAGREFS="LT4318"
                    BASELINE="629 791 1692 783" 
                    HPOS="627"
                    VPOS="737"
                    WIDTH="1065"
                    HEIGHT="77">
            <Shape><Polygon POINTS="629 791 629 807 966 814 968 814 969 814 1002 806 1006 806 1042 806 1264 813 1265 813 1267 813 1284 806 1290 803 1296 806 1314 812 1316 812 1317 812 1429 804 1487 801 1511 804 1554 810 1555 810 1557 810 1582 804 1595 801 1689 803 1692 783 1689 743 1638 737 1637 737 1635 737 1634 737 1627 743 1618 749 1610 743 1604 737 1603 737 1601 737 1576 737 1574 737 1573 737 1563 743 1548 751 1439 751 1390 743 1362 739 1360 739 1341 743 1308 752 1206 752 1180 743 1171 740 1170 740 1168 740 1167 740 1157 743 1139 749 1122 743 1118 742 1116 742 1115 742 1113 742 1112 742 1110 743 1094 754 1005 754 978 743 974 742 972 742 971 742 969 742 968 742 966 743 953 755 832 756 788 756 764 743 762 743 761 743 759 743 627 743 629 791"/></Shape>
	    <String CONTENT="ſcitè accommodet quæ ſunt cuiuſque orationis"
                    HPOS="627"
                    VPOS="737"
                    WIDTH="1065"
                    HEIGHT="77"
                    WC="0.993777055210537"></String>
          </TextLine>

          
          
          <TextLine ID="eSc_line_f2b30f5a"
                    TAGREFS="LT4318"
                    BASELINE="636 849 1689 841" 
                    HPOS="635"
                    VPOS="797"
                    WIDTH="1054"
                    HEIGHT="80">
            <Shape><Polygon POINTS="636 849 636 877 706 870 715 877 716 877 718 877 719 877 721 877 722 875 743 867 806 875 825 877 826 877 828 877 834 874 856 865 877 874 883 875 884 875 886 875 899 872 928 868 956 872 978 875 980 875 981 875 983 875 987 871 996 867 1020 871 1044 875 1045 875 1229 874 1231 874 1255 867 1268 864 1295 867 1344 872 1345 872 1386 865 1403 861 1688 859 1689 841 1686 807 1638 797 1482 797 1481 797 1479 797 1478 797 1463 809 1461 810 1363 810 1362 809 1293 798 1292 798 1290 798 1265 810 1264 810 1259 810 1177 801 1176 801 1109 810 1097 801 1096 801 1094 801 1093 801 1091 801 1090 801 1078 812 1044 812 1032 812 1030 812 971 801 969 801 968 801 932 813 749 813 707 803 706 803 704 803 635 814 636 849"/></Shape>
	    <String CONTENT="generis propria. Denique, vt oſtenderet Paulus,"
                    HPOS="635"
                    VPOS="797"
                    WIDTH="1054"
                    HEIGHT="80"
                    WC="0.989245985416656"></String>
          </TextLine>

          
          
          <TextLine ID="eSc_line_29162d99"
                    TAGREFS="LT4318"
                    BASELINE="627 910 1695 902" 
                    HPOS="626"
                    VPOS="859"
                    WIDTH="1069"
                    HEIGHT="79">
            <Shape><Polygon POINTS="627 910 627 928 667 928 684 938 685 938 687 938 688 938 743 931 797 938 798 938 887 936 889 936 916 926 917 926 922 926 1017 936 1018 936 1107 926 1119 925 1130 926 1183 933 1185 933 1186 933 1213 925 1216 925 1228 935 1229 935 1231 935 1232 935 1328 933 1329 933 1331 933 1342 925 1345 923 1348 925 1369 933 1371 933 1372 933 1412 925 1421 923 1426 925 1448 933 1450 933 1451 933 1497 925 1514 922 1692 923 1695 902 1693 870 1664 859 1662 859 1661 859 1585 868 1436 861 1435 861 1433 861 1409 870 1273 861 1271 861 1270 861 1268 861 1252 871 1149 862 1148 862 1146 862 1145 862 1134 871 986 864 984 864 983 864 962 872 917 864 916 864 914 864 889 872 840 864 838 864 837 864 816 874 722 865 721 865 626 875 627 910"/></Shape>
	    <String CONTENT="regum, &amp; principum, cæterorúmque hominum"
                    HPOS="626"
                    VPOS="859"
                    WIDTH="1069"
                    HEIGHT="79"
                    WC="0.996759112288312"></String>
          </TextLine>

          
          
          <TextLine ID="eSc_line_dd06fbe2"
                    TAGREFS="LT4318"
                    BASELINE="627 965 1692 959" 
                    HPOS="626"
                    VPOS="919"
                    WIDTH="1066"
                    HEIGHT="74">
            <Shape><Polygon POINTS="627 965 627 986 734 984 746 986 785 993 786 993 788 993 804 986 826 993 828 993 829 993 831 993 849 986 852 984 855 986 875 993 877 993 878 993 880 993 896 986 990 991 991 991 1045 984 1060 983 1072 984 1131 991 1133 991 1134 991 1160 983 1168 981 1188 983 1231 989 1232 989 1234 989 1256 983 1264 981 1267 983 1279 990 1280 990 1282 990 1283 990 1366 983 1383 981 1387 983 1412 990 1414 990 1415 990 1692 980 1692 959 1686 919 1655 928 1524 920 1491 919 1490 919 1475 920 1423 929 1395 922 1390 920 1389 920 1387 920 1366 922 1290 929 1232 923 1200 920 1198 920 1179 923 1146 931 1131 925 1124 922 1122 922 1121 922 1100 925 1073 929 1049 925 1027 922 1026 922 1024 922 1017 926 1006 931 983 926 959 922 957 922 913 926 865 933 733 933 727 929 719 923 718 923 716 923 715 923 626 929 627 965"/></Shape>
	    <String CONTENT="commemorationem in nullo precum genere o¬"
                    HPOS="626"
                    VPOS="919"
                    WIDTH="1066"
                    HEIGHT="74"
                    WC="0.982717724835"></String>
          </TextLine>

          
          
          <TextLine ID="eSc_line_229e8f51"
                    TAGREFS="LT4318"
                    BASELINE="627 1029 1686 1021" 
                    HPOS="626"
                    VPOS="974"
                    WIDTH="1060"
                    HEIGHT="74">
            <Shape><Polygon POINTS="627 1029 627 1048 1685 1038 1686 1021 1683 981 1641 974 1640 974 1638 974 1637 974 1627 981 1622 984 1616 981 1597 974 1595 974 1594 974 1592 974 1574 981 1572 983 1569 981 1542 974 1540 974 1539 974 1537 974 1536 974 1522 983 1519 984 1368 986 1360 984 1329 975 1328 975 1326 975 1325 975 1295 986 1290 986 1284 986 1253 980 1252 980 1216 986 1207 987 1203 986 1177 977 1176 977 1174 977 1105 986 1076 977 1075 977 1073 977 984 989 980 989 977 989 928 978 926 978 925 978 887 989 812 980 810 980 809 980 788 990 788 991 734 991 660 980 658 980 657 980 626 991 627 1029"/></Shape>
	    <String CONTENT="mittendam eſſe, tot ſpecies commemorauit, itá¬"
                    HPOS="626"
                    VPOS="974"
                    WIDTH="1060"
                    HEIGHT="74"
                    WC="0.982353162258229"></String>
          </TextLine>

          
          
          <TextLine ID="eSc_line_6081b70e"
                    TAGREFS="LT4318"
                    BASELINE="629 1087 1628 1079" 
                    HPOS="627"
                    VPOS="1032"
                    WIDTH="1001"
                    HEIGHT="78">
            <Shape><Polygon POINTS="629 1087 629 1102 646 1110 648 1110 649 1110 651 1110 679 1103 731 1110 733 1110 864 1102 1023 1109 1024 1109 1100 1102 1164 1107 1165 1107 1167 1107 1204 1099 1224 1107 1225 1107 1226 1107 1228 1107 1229 1107 1244 1097 1246 1097 1250 1097 1293 1106 1295 1106 1360 1099 1424 1106 1426 1106 1427 1106 1450 1096 1460 1105 1461 1105 1463 1105 1464 1105 1466 1105 1485 1096 1487 1096 1627 1096 1628 1079 1625 1047 1546 1047 1524 1035 1522 1035 1521 1035 1519 1035 1484 1045 1430 1032 1429 1032 1427 1032 1371 1036 1369 1036 1368 1036 1354 1047 1353 1047 1328 1047 1271 1047 1229 1033 1228 1033 1226 1033 1148 1047 1063 1036 1061 1036 1060 1036 1039 1048 1038 1048 1032 1048 951 1036 950 1036 948 1036 925 1045 828 1039 826 1039 825 1039 823 1039 809 1048 804 1051 774 1048 660 1038 658 1038 657 1038 627 1048 629 1087"/></Shape>
	    <String CONTENT="que omnes negligentiæ tollit excuſationes."
                    HPOS="627"
                    VPOS="1032"
                    WIDTH="1001"
                    HEIGHT="78"
                    WC="0.986948416346595"></String>
          </TextLine>

          
          
          <TextLine ID="eSc_line_f69ff2c1"
                    TAGREFS="LT4318"
                    BASELINE="630 1148 1689 1137" 
                    HPOS="629"
                    VPOS="1090"
                    WIDTH="1060"
                    HEIGHT="81">
            <Shape><Polygon POINTS="630 1163 679 1163 681 1163 690 1171 691 1171 693 1171 694 1171 762 1163 786 1161 817 1163 899 1170 901 1170 902 1170 926 1163 941 1160 1070 1163 1200 1167 1201 1167 1221 1163 1253 1157 1299 1163 1317 1165 1319 1165 1335 1163 1377 1157 1392 1163 1393 1164 1395 1164 1396 1165 1490 1165 1490 1164 1496 1163 1537 1154 1686 1163 1689 1137 1686 1100 1554 1090 1552 1090 1551 1090 1549 1090 1536 1100 1531 1102 1511 1100 1451 1093 1450 1093 1448 1093 1435 1100 1429 1103 1325 1103 1317 1100 1304 1093 1302 1093 1234 1093 1232 1093 1195 1100 1164 1105 1130 1100 1094 1094 1093 1094 1029 1097 1027 1097 1026 1097 1023 1100 1012 1106 974 1100 966 1099 965 1099 963 1099 962 1099 962 1100 953 1107 889 1107 829 1100 810 1097 809 1097 807 1097 801 1100 777 1110 685 1110 673 1100 673 1099 672 1099 670 1099 669 1099 629 1099 630 1148"/></Shape>
	    <String CONTENT="Cap.1. Quæritur autem primum quomodo hæ"
                    HPOS="629"
                    VPOS="1090"
                    WIDTH="1060"
                    HEIGHT="81"
                    WC="0.999894582308256"></String>
          </TextLine>

          
          
          <TextLine ID="eSc_line_f843e78c"
                    TAGREFS="LT4318"
                    BASELINE="629 1207 1693 1194" 
                    HPOS="627"
                    VPOS="1148"
                    WIDTH="1066"
                    HEIGHT="81">
            <Shape><Polygon POINTS="629 1207 629 1223 685 1229 687 1229 758 1222 782 1221 786 1222 803 1228 804 1228 806 1228 873 1221 893 1219 898 1221 914 1226 916 1226 917 1226 1009 1219 1032 1218 1042 1219 1087 1225 1088 1225 1180 1216 1192 1216 1204 1216 1304 1222 1305 1222 1307 1222 1332 1215 1337 1213 1341 1215 1360 1221 1362 1221 1363 1221 1574 1219 1693 1209 1693 1194 1690 1160 1595 1148 1594 1148 1592 1148 1572 1160 1558 1149 1557 1149 1555 1149 1554 1149 1552 1149 1516 1160 1473 1151 1472 1151 1470 1151 1450 1161 1337 1151 1335 1151 1334 1151 1332 1151 1322 1158 1235 1152 1234 1152 1232 1152 1198 1164 1198 1165 1099 1165 1094 1165 984 1155 983 1155 981 1155 980 1155 963 1167 962 1167 957 1167 770 1158 768 1158 694 1170 693 1170 654 1160 652 1160 651 1160 649 1160 627 1168 629 1207"/></Shape>
	    <String CONTENT="voces differunt δέησις, προς ἀχὴ  , ἔντάξις, &amp; Εὐχαρι¬"
                    HPOS="627"
                    VPOS="1148"
                    WIDTH="1066"
                    HEIGHT="81"></String>
          </TextLine>

          
          
          <TextLine ID="eSc_line_6f62608b"
                    TAGREFS="LT4318"
                    BASELINE="629 1265 1692 1253" 
                    HPOS="629"
                    VPOS="1207"
                    WIDTH="1063"
                    HEIGHT="83">
            <Shape><Polygon POINTS="629 1280 718 1280 719 1280 736 1290 737 1290 739 1290 740 1290 804 1289 806 1289 826 1279 837 1279 1018 1286 1020 1286 1021 1286 1023 1286 1035 1276 1036 1276 1066 1276 1069 1276 1103 1286 1105 1286 1106 1286 1179 1276 1280 1284 1282 1284 1283 1284 1323 1274 1334 1283 1335 1283 1337 1283 1338 1284 1424 1284 1424 1283 1426 1283 1444 1274 1515 1281 1516 1281 1518 1281 1557 1270 1560 1270 1567 1270 1668 1279 1670 1279 1671 1279 1692 1268 1692 1253 1689 1219 1607 1207 1606 1207 1604 1207 1572 1218 1530 1209 1528 1209 1527 1209 1525 1209 1525 1210 1514 1219 1512 1219 1470 1213 1469 1213 1402 1219 1390 1221 1387 1219 1375 1210 1374 1210 1372 1210 1371 1210 1369 1210 1350 1218 1302 1210 1301 1210 1299 1210 1298 1210 1284 1221 1280 1222 1259 1221 1170 1212 1168 1212 1078 1221 1041 1213 1039 1213 1038 1213 1036 1213 1027 1222 1021 1226 923 1226 919 1222 911 1216 911 1215 910 1215 908 1215 907 1215 905 1215 883 1222 874 1225 867 1222 855 1216 853 1216 852 1216 820 1222 807 1225 803 1222 794 1216 792 1216 791 1216 789 1216 727 1218 725 1218 724 1218 716 1222 710 1226 697 1223 679 1218 678 1218 676 1218 675 1218 658 1223 643 1228 629 1223 629 1265 629 1280"/></Shape>
	    <String CONTENT="στία Quod vt commodè fiat primùm explicetur"
                    HPOS="629"
                    VPOS="1207"
                    WIDTH="1063"
                    HEIGHT="83"></String>
          </TextLine>

          
          
          <TextLine ID="eSc_line_d8caf6fe"
                    TAGREFS="LT4318"
                    BASELINE="627 1326 1693 1314" 
                    HPOS="626"
                    VPOS="1270"
                    WIDTH="1067"
                    HEIGHT="78">
            <Shape><Polygon POINTS="627 1326 627 1339 672 1348 673 1348 745 1339 759 1338 764 1339 782 1347 783 1347 785 1347 786 1347 807 1339 812 1338 820 1339 865 1347 867 1347 868 1347 890 1338 896 1337 904 1338 922 1345 923 1345 925 1347 1011 1347 1011 1345 1012 1345 1014 1345 1024 1338 1027 1337 1044 1338 1100 1344 1102 1344 1103 1344 1124 1338 1133 1335 1152 1337 1194 1342 1195 1342 1197 1342 1198 1342 1206 1337 1210 1334 1234 1337 1274 1342 1276 1342 1348 1337 1368 1335 1377 1337 1406 1341 1408 1341 1409 1341 1411 1341 1418 1337 1429 1331 1692 1334 1693 1314 1689 1283 1478 1284 1475 1283 1469 1277 1467 1277 1466 1277 1386 1276 1384 1276 1383 1276 1368 1283 1362 1284 1331 1283 1282 1279 1280 1279 1279 1279 1265 1283 1247 1287 1229 1283 1191 1270 1189 1270 1188 1270 1186 1270 1140 1283 1127 1286 1113 1283 1076 1271 1075 1271 1073 1271 968 1273 916 1283 902 1284 889 1283 849 1274 847 1274 807 1276 806 1276 804 1276 795 1283 786 1287 777 1283 762 1274 761 1274 759 1274 626 1281 627 1326"/></Shape>
	    <String CONTENT="&amp; definiatur, quid ſit oratio in genere"
                    HPOS="626"
                    VPOS="1270"
                    WIDTH="1067"
                    HEIGHT="78"
                    WC="0.987755905359219"></String>
          </TextLine>

          
          
          <TextLine ID="eSc_line_678598c9"
                    TAGREFS="LT4318"
                    BASELINE="682 1381 1699 1372" 
                    HPOS="681"
                    VPOS="1325"
                    WIDTH="1018"
                    HEIGHT="77">
            <Shape><Polygon POINTS="682 1381 682 1395 837 1402 838 1402 997 1395 1049 1393 1698 1393 1699 1372 1698 1338 1661 1328 1659 1328 1658 1328 1656 1328 1655 1328 1643 1338 1609 1338 1543 1325 1542 1325 1463 1335 1417 1326 1415 1326 1414 1326 1360 1339 1359 1341 1320 1341 1195 1341 1149 1329 1148 1329 1146 1329 1145 1329 1145 1331 1131 1341 1131 1342 1118 1342 1100 1342 1023 1329 1021 1329 947 1342 935 1334 933 1334 932 1334 931 1334 929 1334 893 1342 875 1331 874 1331 873 1331 871 1331 870 1331 868 1331 850 1344 849 1345 801 1345 801 1344 777 1332 776 1332 693 1332 691 1332 690 1332 688 1332 688 1334 681 1339 682 1381"/></Shape>
	    <String CONTENT="Eſt oratio (ait Damaſcenus) πρεπόντων αἴτησις,"
                    HPOS="681"
                    VPOS="1325"
                    WIDTH="1018"
                    HEIGHT="77"></String>
          </TextLine>

          
          
          <TextLine ID="eSc_line_06690ae8"
                    TAGREFS="LT4318"
                    BASELINE="627 1444 1696 1430" 
                    HPOS="626"
                    VPOS="1381"
                    WIDTH="1070"
                    HEIGHT="86">
            <Shape><Polygon POINTS="627 1444 627 1458 681 1458 682 1458 700 1467 701 1467 703 1467 850 1457 871 1455 898 1455 1100 1463 1102 1463 1103 1463 1131 1453 1134 1453 1136 1453 1167 1461 1168 1461 1170 1461 1216 1453 1221 1451 1222 1451 1231 1460 1232 1460 1234 1460 1235 1461 1338 1461 1338 1460 1340 1460 1369 1450 1372 1450 1380 1450 1457 1458 1458 1458 1695 1445 1696 1430 1693 1392 1573 1381 1572 1381 1482 1392 1453 1395 1447 1392 1432 1384 1430 1384 1429 1384 1340 1386 1338 1386 1337 1386 1329 1392 1323 1397 1249 1397 1241 1392 1231 1386 1229 1386 1228 1386 1226 1386 1194 1392 1180 1395 1160 1393 1118 1387 1116 1387 1115 1387 1113 1387 1106 1393 1094 1399 1054 1393 1036 1390 1035 1390 1033 1390 1023 1393 1000 1399 978 1393 968 1390 966 1390 965 1390 942 1393 902 1399 865 1393 861 1393 859 1393 858 1393 856 1393 837 1402 823 1393 822 1392 820 1392 819 1392 817 1392 804 1393 764 1400 740 1393 739 1393 737 1393 736 1393 626 1393 627 1444"/></Shape>
	    <String CONTENT="id eſt, Decentium poſtulatio petitióque à Deo."
                    HPOS="626"
                    VPOS="1381"
                    WIDTH="1070"
                    HEIGHT="86"
                    WC="0.983060369888941"></String>
          </TextLine>

          
          
          <TextLine ID="eSc_line_dcfa0cb1"
                    TAGREFS="LT4318"
                    BASELINE="629 1502 1701 1491" 
                    HPOS="627"
                    VPOS="1444"
                    WIDTH="1074"
                    HEIGHT="81">
            <Shape><Polygon POINTS="629 1502 629 1522 715 1525 716 1525 736 1521 762 1515 774 1521 782 1524 783 1524 785 1525 933 1525 933 1524 935 1524 957 1518 977 1512 1048 1516 1137 1521 1139 1521 1140 1521 1142 1521 1149 1513 1152 1512 1164 1513 1186 1518 1188 1518 1237 1512 1273 1509 1295 1512 1347 1519 1348 1519 1426 1509 1442 1508 1445 1509 1457 1518 1458 1518 1460 1518 1461 1519 1503 1519 1503 1518 1551 1508 1560 1506 1579 1508 1679 1513 1680 1513 1682 1513 1701 1505 1701 1491 1698 1457 1635 1457 1635 1455 1606 1444 1604 1444 1546 1444 1545 1444 1543 1444 1542 1444 1522 1455 1519 1457 1484 1455 1311 1447 1310 1447 1308 1447 1307 1447 1295 1455 1292 1457 1287 1455 1264 1447 1262 1447 1261 1447 1212 1455 1206 1455 1201 1455 1176 1448 1174 1448 1173 1448 1171 1448 1170 1448 1163 1455 1155 1461 962 1461 945 1454 935 1450 933 1450 932 1450 931 1450 916 1454 889 1463 865 1454 858 1451 856 1451 855 1451 853 1451 843 1454 826 1458 810 1454 801 1451 800 1451 798 1451 797 1451 788 1454 755 1464 707 1454 700 1453 699 1453 697 1453 694 1454 676 1460 627 1454 629 1502"/></Shape>
	    <String CONTENT="Igitur cõplectitur res, quæ ſunt à Deo poſtulan¬"
                    HPOS="627"
                    VPOS="1444"
                    WIDTH="1074"
                    HEIGHT="81"
                    WC="0.981739181280136"></String>
          </TextLine>

          
          
          <TextLine ID="eSc_line_7a0c1d03"
                    TAGREFS="LT4318"
                    BASELINE="633 1557 1696 1548" 
                    HPOS="632"
                    VPOS="1502"
                    WIDTH="1064"
                    HEIGHT="75">
            <Shape><Polygon POINTS="633 1557 633 1571 984 1577 986 1577 987 1577 1003 1570 1515 1573 1516 1573 1518 1573 1534 1566 1670 1571 1671 1571 1673 1571 1696 1563 1696 1548 1693 1502 1658 1502 1656 1502 1655 1502 1653 1502 1653 1503 1640 1513 1551 1508 1549 1508 1411 1515 1387 1506 1380 1503 1378 1503 1377 1503 1375 1503 1366 1506 1340 1516 1317 1508 1310 1505 1308 1505 1307 1505 1305 1505 1296 1508 1271 1516 1256 1508 1249 1505 1247 1505 1164 1505 1163 1505 1161 1505 1148 1511 1127 1518 1107 1511 1094 1506 1093 1506 1091 1506 1066 1512 1044 1516 1023 1512 996 1506 994 1506 959 1513 929 1519 913 1513 895 1508 893 1508 892 1508 890 1508 889 1508 880 1515 871 1521 801 1521 791 1516 777 1509 776 1509 774 1509 632 1518 633 1557"/></Shape>
	    <String CONTENT="dæ. Illas enim ſolas fas eſt, &amp; decet nos petere à"
                    HPOS="632"
                    VPOS="1502"
                    WIDTH="1064"
                    HEIGHT="75"
                    WC="0.977337912601583"></String>
          </TextLine>

          
          
          <TextLine ID="eSc_line_99d5ee5b"
                    TAGREFS="LT4318"
                    BASELINE="632 1619 1695 1610" 
                    HPOS="630"
                    VPOS="1560"
                    WIDTH="1065"
                    HEIGHT="78">
            <Shape><Polygon POINTS="632 1619 632 1638 1695 1629 1695 1610 1692 1571 1548 1560 1546 1560 1545 1560 1514 1570 1509 1571 1503 1570 1475 1564 1473 1564 1411 1570 1390 1571 1387 1570 1371 1561 1369 1561 1368 1561 1326 1570 1310 1573 1293 1570 1274 1566 1273 1566 1231 1570 1197 1573 1191 1570 1183 1563 1182 1563 1180 1563 1179 1563 1084 1569 983 1577 890 1577 856 1569 841 1566 840 1566 838 1566 826 1569 807 1573 789 1569 785 1567 783 1567 782 1567 780 1567 779 1567 779 1569 767 1577 630 1569 632 1619"/></Shape>
	    <String CONTENT="Deo. Dicitur autem à Latinis Oratio ab ore,"
                    HPOS="630"
                    VPOS="1560"
                    WIDTH="1065"
                    HEIGHT="78"
                    WC="0.981694881211628"></String>
          </TextLine>

          
          
          <TextLine ID="eSc_line_e3b7c76e"
                    TAGREFS="LT4318"
                    BASELINE="630 1676 1693 1665" 
                    HPOS="629"
                    VPOS="1622"
                    WIDTH="1064"
                    HEIGHT="70">
            <Shape><Polygon POINTS="630 1676 630 1692 1692 1685 1693 1665 1689 1632 1508 1634 1506 1634 1490 1622 1488 1622 1487 1622 1485 1622 1484 1622 1466 1629 1387 1622 1386 1622 1384 1622 1356 1635 1354 1635 1341 1635 1183 1625 1182 1625 1180 1625 1179 1625 1168 1635 1128 1637 1124 1637 1122 1637 1055 1627 1054 1627 1052 1627 1020 1638 1018 1638 1015 1638 932 1627 931 1627 929 1627 881 1640 880 1640 877 1640 835 1628 834 1628 832 1628 776 1637 676 1629 675 1629 673 1629 629 1641 630 1676"/></Shape>
	    <String CONTENT="quia ore fit. Nec enim orationem vocabant quæ"
                    HPOS="629"
                    VPOS="1622"
                    WIDTH="1064"
                    HEIGHT="70"
                    WC="0.975140040450626"></String>
          </TextLine>

          
          
          <TextLine ID="eSc_line_5202be87"
                    TAGREFS="LT4318"
                    BASELINE="626 1737 1696 1726" 
                    HPOS="624"
                    VPOS="1682"
                    WIDTH="1072"
                    HEIGHT="69">
            <Shape><Polygon POINTS="626 1737 626 1751 1695 1743 1696 1726 1693 1690 1592 1682 1591 1682 1543 1690 1537 1692 1536 1692 1521 1685 1519 1685 1518 1685 1516 1685 1515 1685 1506 1692 1505 1692 1481 1692 1289 1686 1287 1686 1286 1686 1265 1693 1253 1683 1252 1683 1250 1683 1249 1683 1247 1683 1225 1695 1224 1695 1203 1695 1035 1686 1033 1686 1032 1686 1006 1695 997 1686 996 1686 994 1686 945 1686 944 1686 798 1696 783 1687 782 1687 780 1687 779 1687 624 1699 626 1737"/></Shape>
	    <String CONTENT="intus &amp; corde tantùm conciperetur, non etiam"
                    HPOS="624"
                    VPOS="1682"
                    WIDTH="1072"
                    HEIGHT="69"
                    WC="0.977052957481808"></String>
          </TextLine>

          
          
          <TextLine ID="eSc_line_04bd8512"
                    TAGREFS="LT4318"
                    BASELINE="630 1795 1698 1784" 
                    HPOS="629"
                    VPOS="1738"
                    WIDTH="1069"
                    HEIGHT="77">
            <Shape><Polygon POINTS="630 1795 630 1808 742 1815 743 1815 745 1815 776 1808 783 1806 810 1808 931 1814 932 1814 1006 1806 1021 1805 1033 1806 1085 1812 1087 1812 1088 1812 1102 1805 1106 1804 1140 1805 1238 1811 1240 1811 1308 1804 1334 1802 1696 1802 1698 1784 1695 1750 1641 1738 1640 1738 1638 1738 1606 1748 1502 1740 1500 1740 1499 1740 1473 1750 1451 1741 1450 1741 1448 1741 1390 1750 1341 1741 1340 1741 1338 1741 1337 1741 1319 1753 1256 1753 1243 1743 1241 1743 1240 1743 1238 1743 1237 1743 1210 1753 1087 1743 1085 1743 1084 1743 1066 1753 1052 1744 1051 1744 1049 1744 1048 1744 950 1751 938 1744 936 1744 935 1744 933 1744 932 1744 905 1754 815 1745 813 1745 812 1745 777 1757 660 1747 658 1747 657 1747 629 1757 630 1795"/></Shape>
	    <String CONTENT="ore proferretur. Vnde orationis vim in dicendo"
                    HPOS="629"
                    VPOS="1738"
                    WIDTH="1069"
                    HEIGHT="77"
                    WC="0.981468465017236"></String>
          </TextLine>

          
          
          <TextLine ID="eSc_line_b0ce23b3"
                    TAGREFS="LT4318"
                    BASELINE="632 1854 1704 1842" 
                    HPOS="630"
                    VPOS="1795"
                    WIDTH="1074"
                    HEIGHT="83">
            <Shape><Polygon POINTS="632 1854 632 1870 699 1878 700 1878 768 1870 804 1866 835 1869 875 1873 877 1873 899 1869 917 1864 929 1869 948 1875 950 1875 951 1876 1017 1876 1017 1875 1018 1875 1020 1875 1029 1867 1036 1863 1122 1866 1258 1872 1259 1872 1261 1872 1262 1872 1270 1864 1271 1864 1287 1864 1403 1870 1405 1870 1406 1870 1423 1863 1435 1859 1493 1859 1505 1863 1522 1869 1524 1869 1525 1869 1557 1862 1576 1859 1702 1860 1704 1842 1701 1805 1658 1805 1643 1795 1641 1795 1640 1795 1638 1795 1567 1806 1503 1806 1479 1796 1478 1796 1476 1796 1475 1796 1433 1806 1337 1798 1335 1798 1256 1806 1231 1799 1229 1799 1228 1799 1226 1799 1225 1799 1212 1809 1168 1809 1155 1801 1154 1801 1152 1801 1035 1801 1033 1801 1032 1801 1005 1811 907 1802 905 1802 904 1802 902 1802 889 1811 862 1804 861 1804 859 1804 803 1812 691 1805 690 1805 630 1815 632 1854"/></Shape>
	    <String CONTENT="maximam &amp; in geſtu eſſe reſpondent. Varro lib."
                    HPOS="630"
                    VPOS="1795"
                    WIDTH="1074"
                    HEIGHT="83"
                    WC="0.987464053475338"></String>
          </TextLine>

          
          
          <TextLine ID="eSc_line_e4847efe"
                    TAGREFS="LT4318"
                    BASELINE="648 1912 1692 1902" 
                    HPOS="646"
                    VPOS="1854"
                    WIDTH="1046"
                    HEIGHT="82">
            <Shape><Polygon POINTS="648 1912 649 1936 672 1927 751 1934 759 1934 761 1934 859 1933 861 1933 865 1931 889 1924 902 1931 904 1933 905 1933 907 1933 908 1933 910 1933 911 1933 913 1931 926 1922 987 1922 996 1930 997 1930 999 1930 1000 1930 1002 1930 1006 1928 1030 1922 1051 1928 1063 1931 1064 1931 1066 1931 1067 1931 1078 1928 1096 1921 1158 1921 1192 1925 1225 1930 1226 1930 1255 1924 1280 1920 1323 1922 1389 1928 1390 1928 1392 1928 1406 1921 1409 1920 1412 1921 1420 1927 1421 1927 1423 1927 1424 1928 1502 1928 1502 1927 1537 1920 1543 1917 1690 1915 1692 1902 1689 1867 1630 1854 1628 1854 1627 1854 1603 1867 1566 1867 1549 1854 1548 1854 1546 1854 1545 1854 1543 1854 1503 1867 1500 1869 1472 1869 1470 1867 1453 1856 1451 1856 1450 1856 1448 1856 1395 1867 1387 1869 1380 1867 1353 1860 1351 1860 1350 1860 1348 1860 1332 1867 1329 1869 1319 1867 1276 1862 1274 1862 1234 1867 1218 1870 1191 1869 1094 1859 1093 1859 1091 1859 1052 1869 1038 1873 963 1873 953 1869 932 1862 931 1862 929 1862 881 1869 871 1870 868 1869 861 1863 859 1863 858 1863 856 1863 823 1869 816 1870 810 1869 791 1863 789 1863 788 1863 646 1869 648 1912"/></Shape>
	    <String CONTENT="5. de lingua Latina. Hebræi vocant תפלה à iudi¬"
                    HPOS="646"
                    VPOS="1854"
                    WIDTH="1046"
                    HEIGHT="82"></String>
          </TextLine>

          
          
          <TextLine ID="eSc_line_87290d12"
                    TAGREFS="LT4318"
                    BASELINE="635 1970 1702 1963" 
                    HPOS="633"
                    VPOS="1917"
                    WIDTH="1069"
                    HEIGHT="71">
            <Shape><Polygon POINTS="635 1970 635 1988 1701 1983 1702 1963 1693 1927 1625 1917 1624 1917 1564 1927 1521 1917 1519 1917 1518 1917 1516 1917 1475 1928 1274 1918 1273 1918 1271 1918 1249 1930 925 1921 923 1921 922 1921 889 1930 856 1921 855 1921 853 1921 852 1921 850 1921 832 1933 809 1922 807 1922 806 1922 804 1922 774 1933 736 1922 734 1922 733 1922 731 1922 730 1922 716 1934 633 1934 635 1970"/></Shape>
	    <String CONTENT="cando, quia deiici nos coram Deo neceſſe eſt, ſi"
                    HPOS="633"
                    VPOS="1917"
                    WIDTH="1069"
                    HEIGHT="71"
                    WC="0.969608766337236"></String>
          </TextLine>

          
          
          <TextLine ID="eSc_line_534873e3"
                    TAGREFS="LT4318"
                    BASELINE="636 2030 1693 2022" 
                    HPOS="635"
                    VPOS="1973"
                    WIDTH="1058"
                    HEIGHT="76">
            <Shape><Polygon POINTS="636 2030 636 2049 1692 2041 1693 2022 1690 1982 1594 1973 1592 1973 1591 1973 1589 1973 1574 1982 1573 1983 1569 1982 1539 1973 1537 1973 1536 1973 1534 1973 1511 1983 1508 1985 1450 1985 1445 1983 1424 1975 1423 1975 1421 1975 1420 1975 1386 1985 1381 1985 1366 1985 1253 1976 1252 1976 1250 1976 1249 1976 1234 1986 1231 1988 1164 1988 1163 1986 1134 1976 1133 1976 1131 1976 1130 1976 1093 1986 1055 1979 1054 1979 1052 1979 1036 1988 1035 1988 1033 1988 1003 1978 1002 1978 908 1978 907 1978 905 1978 884 1989 771 1989 688 1979 687 1979 685 1979 684 1979 684 1980 672 1991 635 1991 636 2030"/></Shape>
	    <String CONTENT="verè precari velimus, id quod ex animo ſenſúq;"
                    HPOS="635"
                    VPOS="1973"
                    WIDTH="1058"
                    HEIGHT="76"
                    WC="0.99384951343139"></String>
          </TextLine>

          
          
          <TextLine ID="eSc_line_3d521445"
                    TAGREFS="LT4318"
                    BASELINE="633 2088 1696 2079" 
                    HPOS="632"
                    VPOS="2034"
                    WIDTH="1064"
                    HEIGHT="68">
            <Shape><Polygon POINTS="633 2088 633 2102 1696 2095 1696 2079 1692 2043 1461 2044 1454 2044 1389 2036 1387 2036 1322 2046 1316 2046 1314 2046 1305 2037 1304 2037 1302 2037 1195 2034 1194 2034 1131 2047 1127 2047 1125 2047 1096 2034 1094 2034 1011 2034 1009 2034 867 2036 795 2041 794 2041 792 2041 782 2050 780 2050 776 2050 693 2037 691 2037 632 2050 633 2088"/></Shape>
	    <String CONTENT="noſtræ inopiæ facilè fiet. Definitur etiam oratio"
                    HPOS="632"
                    VPOS="2034"
                    WIDTH="1064"
                    HEIGHT="68"
                    WC="0.976132153272629"></String>
          </TextLine>

          
          
          <TextLine ID="eSc_line_a1be9275"
                    TAGREFS="LT4318"
                    BASELINE="636 2149 1696 2138" 
                    HPOS="635"
                    VPOS="2092"
                    WIDTH="1061"
                    HEIGHT="92">
            <Shape><Polygon POINTS="636 2149 638 2184 681 2174 715 2174 733 2183 736 2184 737 2184 739 2184 806 2183 807 2183 813 2181 844 2171 873 2180 884 2183 886 2183 887 2183 910 2178 936 2174 994 2177 1078 2181 1079 2181 1146 2180 1148 2180 1149 2180 1160 2174 1171 2166 1218 2172 1274 2178 1276 2178 1277 2178 1301 2169 1316 2165 1329 2169 1354 2178 1356 2178 1357 2178 1359 2178 1360 2178 1372 2168 1378 2165 1430 2166 1518 2171 1519 2171 1588 2163 1607 2162 1610 2163 1625 2171 1627 2171 1628 2171 1695 2160 1696 2138 1692 2092 1509 2101 1475 2094 1467 2092 1466 2092 1464 2092 1463 2092 1461 2094 1448 2101 1392 2095 1390 2095 1389 2095 1372 2104 1252 2104 1235 2095 1234 2095 1232 2095 1231 2095 1229 2095 1228 2095 1218 2104 1203 2095 1201 2095 1200 2095 1198 2095 1192 2095 1148 2104 1102 2096 1090 2095 1088 2095 1049 2096 874 2107 840 2098 837 2098 835 2098 834 2098 832 2098 831 2098 817 2107 635 2101 636 2149"/></Shape>
	    <String CONTENT="Dei veneratio animi noſtri vota &amp; affectus illi"
                    HPOS="635"
                    VPOS="2092"
                    WIDTH="1061"
                    HEIGHT="92"
                    WC="0.989454594064266"></String>
          </TextLine>

          
        </TextBlock>
        
        <TextBlock HPOS="1499.1387939453125"
                   VPOS="2168.883544921875"
                   WIDTH="194.5325927734375"
                   HEIGHT="59.595458984375"
                   ID="block_3"
                   TAGREFS="BT10978">
          <Shape><Polygon POINTS="1499.14 2168.88 1693.67 2168.88 1693.67 2228.48 1499.14 2228.48 1499.14 2168.88"/></Shape>
          
          
          <TextLine ID="eSc_line_688cbaa1"
                    TAGREFS="LT4318"
                    BASELINE="1499 2201 1695 2201" 
                    HPOS="1499"
                    VPOS="2162"
                    WIDTH="196"
                    HEIGHT="83">
            <Shape><Polygon POINTS="1499 2201 1499 2245 1566 2245 1566 2244 1567 2244 1589 2235 1615 2226 1644 2230 1670 2233 1671 2233 1673 2233 1695 2224 1695 2201 1695 2162 1499 2162 1499 2201"/></Shape>
	    <String CONTENT="pandens"
                    HPOS="1499"
                    VPOS="2162"
                    WIDTH="196"
                    HEIGHT="83"
                    WC="0.984914072922298"></String>
          </TextLine>

          
        </TextBlock>
        

        
      </PrintSpace>
    </Page>
  </Layout>
</alto>
