<?xml version="1.0" encoding="UTF-8"?>
<alto xmlns:xsi="http://www.w3.org/2001/XMLSchema-instance"
      xmlns="http://www.loc.gov/standards/alto/ns-v4#"
      xsi:schemaLocation="http://www.loc.gov/standards/alto/ns-v4# http://www.loc.gov/standards/alto/v4/alto-4-2.xsd">
  <Description>
    <MeasurementUnit>pixel</MeasurementUnit>
    <sourceImageInformation>
      <fileName>2012971.png</fileName>
      
    </sourceImageInformation>
  </Description>
  
  <Tags>
    <OtherTag ID="BT10983" LABEL="GraphicZone" DESCRIPTION="block type GraphicZone"/><OtherTag ID="BT10982" LABEL="DropCapitalZone" DESCRIPTION="block type DropCapitalZone"/><OtherTag ID="BT10981" LABEL="RunningTitleZone" DESCRIPTION="block type RunningTitleZone"/><OtherTag ID="BT10980" LABEL="NumberingZone" DESCRIPTION="block type NumberingZone"/><OtherTag ID="BT10979" LABEL="TitlePageZone" DESCRIPTION="block type TitlePageZone"/><OtherTag ID="BT10978" LABEL="QuireMarksZone" DESCRIPTION="block type QuireMarksZone"/><OtherTag ID="BT10977" LABEL="MainZone" DESCRIPTION="block type MainZone"/><OtherTag ID="BT10976" LABEL="MarginTextZone" DESCRIPTION="block type MarginTextZone"/>
    <OtherTag ID="LT4321" LABEL="default" DESCRIPTION="line type default"/><OtherTag ID="LT4319" LABEL="HeadingLine" DESCRIPTION="line type HeadingLine"/><OtherTag ID="LT4318" LABEL="DefaultLine" DESCRIPTION="line type DefaultLine"/><OtherTag ID="LT4320" LABEL="CustomLine : BiblicalText" DESCRIPTION="line type CustomLine : BiblicalText"/>
  </Tags>
  
  <Layout>
    <Page WIDTH="1807"
          HEIGHT="2677"
          PHYSICAL_IMG_NR="18"
          ID="eSc_dummypage_">
      <PrintSpace HPOS="0"
                  VPOS="0"
                  WIDTH="1807"
                  HEIGHT="2677">
        
        <TextBlock HPOS="423"
                   VPOS="169"
                   WIDTH="354"
                   HEIGHT="57"
                   ID="block_1"
                   TAGREFS="BT10981">
          <Shape><Polygon POINTS="777 169 777 226 423 226 423 169"/></Shape>
          
          
          <TextLine ID="eSc_line_37e66f40"
                    TAGREFS="LT4319"
                    BASELINE="425 214 764 203" 
                    HPOS="423"
                    VPOS="160"
                    WIDTH="341"
                    HEIGHT="73">
            <Shape><Polygon POINTS="734 160 733 160 719 160 704 160 703 160 685 168 663 175 574 172 440 166 437 169 423 182 425 214 425 233 478 223 554 229 556 229 557 229 587 218 614 227 615 227 617 227 618 227 620 227 620 226 621 226 629 215 666 215 696 226 697 226 699 226 762 224 764 203 761 172 751 168"/></Shape>
	    <String CONTENT="CAPVT II."
                    HPOS="423"
                    VPOS="160"
                    WIDTH="341"
                    HEIGHT="73"
                    WC="0.998607893784841"></String>
          </TextLine>

          
        </TextBlock>
        
        <TextBlock HPOS="1055"
                   VPOS="141"
                   WIDTH="113"
                   HEIGHT="80"
                   ID="eSc_textblock_a96faf36"
                   TAGREFS="BT10980">
          <Shape><Polygon POINTS="1055 141 1055 221 1168 221 1168 141"/></Shape>
          
          
          <TextLine ID="eSc_line_dac685f6"
                    TAGREFS="LT4318"
                    BASELINE="1085 198 1161 191" 
                    HPOS="1085"
                    VPOS="191"
                    WIDTH="76"
                    HEIGHT="7">
            
	    <String CONTENT="58"
                    HPOS="1085"
                    VPOS="191"
                    WIDTH="76"
                    HEIGHT="7"></String>
          </TextLine>

          
        </TextBlock>
        
        <TextBlock HPOS="102"
                   VPOS="225"
                   WIDTH="1082"
                   HEIGHT="2014"
                   ID="block_2"
                   TAGREFS="BT10977">
          <Shape><Polygon POINTS="1184 225 1184 2239 102 2239 102 225"/></Shape>
          
          
          <TextLine ID="eSc_line_db4a5d27"
                    TAGREFS="LT4318"
                    BASELINE="110 292 1151 257" 
                    HPOS="108"
                    VPOS="203"
                    WIDTH="1043"
                    HEIGHT="113">
            <Shape><Polygon POINTS="151 236 145 236 111 251 108 255 110 292 110 316 224 306 322 309 355 309 356 309 370 306 414 295 435 303 443 306 444 306 446 306 483 301 550 291 568 297 581 301 582 301 584 301 633 294 652 291 657 292 669 298 670 298 672 298 673 298 700 291 719 285 733 290 752 295 754 295 755 295 817 292 819 292 820 292 829 285 831 284 837 284 887 291 889 291 890 291 928 281 938 278 951 279 1011 287 1012 287 1014 287 1015 287 1015 285 1027 275 1029 273 1151 269 1151 257 1148 217 1116 203 1115 203 1113 203 1112 203 1110 203 1097 212 1084 203 1082 203 1081 203 1079 203 975 206 974 206 972 206 951 223 923 217 922 217 844 227 785 226 761 214 759 214 758 214 757 214 715 232 684 218 682 218 643 218 642 218 498 239 441 227 440 227 438 227 408 243 368 243 339 232 337 232 336 232 334 232 312 242 263 232 261 232 260 232 258 232 234 248 157 234 151 236"/></Shape>
	    <String CONTENT="pſit, nobis iam formidabilis eſſe non poteſt. Heb"
                    HPOS="108"
                    VPOS="203"
                    WIDTH="1043"
                    HEIGHT="113"
                    WC="0.985708018954919"></String>
          </TextLine>

          
          
          <TextLine ID="eSc_line_340d59c4"
                    TAGREFS="LT4318"
                    BASELINE="111 350 1155 315" 
                    HPOS="108"
                    VPOS="270"
                    WIDTH="1047"
                    HEIGHT="104">
            <Shape><Polygon POINTS="111 367 127 374 129 374 130 374 187 364 239 371 240 371 318 359 346 367 348 367 349 367 350 367 373 356 374 356 388 356 544 361 545 361 853 340 895 339 926 339 1143 340 1145 340 1146 340 1148 340 1155 333 1155 315 1154 284 1113 270 1112 270 1110 270 1109 270 1107 270 1107 272 1099 279 1047 275 1045 275 1044 275 1014 287 956 281 954 281 953 281 935 290 865 279 864 279 819 281 817 281 816 281 797 292 719 284 718 284 716 284 696 295 630 301 553 301 505 291 504 291 502 291 443 306 422 300 420 300 419 300 362 309 330 297 328 297 327 297 269 309 242 300 240 300 239 300 237 300 194 315 108 318 111 350"/></Shape>
	    <String CONTENT="4.verſ.15. Bernard. ſermo.73. Canti. in tanta trepi¬"
                    HPOS="108"
                    VPOS="270"
                    WIDTH="1047"
                    HEIGHT="104"
                    WC="0.968474965829116"></String>
          </TextLine>

          
          
          <TextLine ID="eSc_line_b7555b38"
                    TAGREFS="LT4318"
                    BASELINE="111 407 1154 371" 
                    HPOS="110"
                    VPOS="328"
                    WIDTH="1044"
                    HEIGHT="101">
            <Shape><Polygon POINTS="111 407 111 423 184 429 185 429 298 419 348 414 355 417 368 423 370 423 371 423 431 414 468 410 629 410 804 410 804 408 806 408 825 404 855 397 905 401 923 403 925 403 926 403 931 401 948 394 1030 398 1048 398 1049 398 1058 397 1110 388 1152 394 1154 371 1149 337 1093 339 1091 339 1064 328 1063 328 1061 328 1060 328 1021 340 1017 342 1014 342 981 331 980 331 978 331 977 331 975 331 975 333 963 343 962 345 791 349 786 349 728 340 727 340 725 340 724 340 709 352 697 352 657 353 655 353 630 345 629 345 627 345 577 355 563 346 562 346 560 346 559 346 557 346 535 358 533 358 532 358 499 348 498 348 496 348 417 358 368 352 367 352 365 352 343 362 307 355 306 355 304 355 281 367 279 367 278 367 249 356 248 356 246 356 205 364 151 359 150 359 148 359 110 371 111 407"/></Shape>
	    <String CONTENT="datione electis fiduciam præſtat naturæ ſimilitu¬"
                    HPOS="110"
                    VPOS="328"
                    WIDTH="1044"
                    HEIGHT="101"
                    WC="0.995836402688708"></String>
          </TextLine>

          
          
          <TextLine ID="eSc_line_ace50471"
                    TAGREFS="LT4318"
                    BASELINE="113 468 1157 432" 
                    HPOS="110"
                    VPOS="389"
                    WIDTH="1047"
                    HEIGHT="103">
            <Shape><Polygon POINTS="113 468 113 483 147 492 148 492 150 492 171 481 172 481 184 492 185 492 187 492 188 492 242 480 248 480 260 480 358 486 359 486 361 486 385 477 395 474 403 477 420 483 422 483 423 483 548 480 587 472 621 466 649 471 675 475 676 475 678 475 679 475 685 471 694 464 710 469 718 472 719 472 721 472 722 472 730 469 746 462 994 462 994 461 996 461 1035 452 1155 459 1157 432 1154 394 1140 389 1139 389 1137 389 1136 389 1118 397 1107 400 1096 397 1067 391 1066 391 1064 391 1036 400 1029 403 977 403 795 403 794 403 654 414 630 416 621 416 545 408 544 408 542 408 523 419 465 411 464 411 462 411 461 411 447 422 342 417 340 417 281 428 199 420 197 420 196 420 194 420 178 431 123 423 121 423 120 423 118 423 118 425 110 431 113 468"/></Shape>
	    <String CONTENT="do. Denique vt facilius quia naturam omnibus"
                    HPOS="110"
                    VPOS="389"
                    WIDTH="1047"
                    HEIGHT="103"
                    WC="0.987103910608725"></String>
          </TextLine>

          
          
          <TextLine ID="eSc_line_84ef1c84"
                    TAGREFS="LT4318"
                    BASELINE="113 523 1149 490" 
                    HPOS="110"
                    VPOS="447"
                    WIDTH="1039"
                    HEIGHT="97">
            <Shape><Polygon POINTS="113 523 113 544 220 538 257 541 295 544 297 544 298 544 309 539 316 535 346 538 389 541 391 541 392 541 394 541 403 535 407 532 410 535 416 539 417 539 419 539 420 539 536 536 603 527 630 524 635 526 645 532 646 532 648 532 687 524 697 523 700 524 713 530 715 530 716 530 867 526 868 526 870 526 883 517 884 516 963 514 966 514 994 522 996 522 997 522 999 522 1018 513 1020 513 1091 519 1093 519 1149 507 1149 490 1146 452 1085 447 1084 447 1082 447 1081 447 1072 453 1064 458 1042 453 1015 449 1014 449 1012 449 1011 449 1011 450 1005 455 997 462 941 462 925 456 911 452 910 452 908 452 907 452 886 458 858 465 751 461 687 459 685 459 684 459 673 464 654 472 530 475 498 468 484 465 483 465 481 465 472 468 452 477 348 474 346 474 345 474 343 474 333 481 287 472 279 472 278 472 263 474 154 487 139 477 138 477 136 477 135 477 110 477 113 523"/></Shape>
	    <String CONTENT="hominibus communem Chriſtus aſſumpſit, in¬"
                    HPOS="110"
                    VPOS="447"
                    WIDTH="1039"
                    HEIGHT="97"
                    WC="0.982285735153017"></String>
          </TextLine>

          
          
          <TextLine ID="eSc_line_7d2dbeec"
                    TAGREFS="LT4318"
                    BASELINE="111 584 1158 550" 
                    HPOS="110"
                    VPOS="504"
                    WIDTH="1048"
                    HEIGHT="104">
            <Shape><Polygon POINTS="111 584 111 599 171 599 197 608 199 608 200 608 270 597 383 602 385 602 516 590 551 596 553 596 554 596 556 596 571 585 580 593 581 593 582 593 584 593 626 584 627 584 682 591 684 591 685 591 715 584 881 585 883 585 884 585 929 574 933 574 941 574 993 578 994 578 1158 566 1158 550 1154 504 1100 514 1029 508 1015 508 1014 508 1000 510 923 523 901 514 899 514 898 514 896 514 889 514 823 526 809 519 806 517 804 517 803 517 791 519 740 530 627 532 617 526 609 522 608 522 606 522 605 522 560 523 559 523 557 523 550 529 541 535 486 532 438 530 437 530 374 538 327 542 315 539 291 535 290 535 254 542 239 545 223 544 157 536 156 536 154 536 153 536 153 538 142 547 142 548 110 548 111 584"/></Shape>
	    <String CONTENT="telligamus quorumuis hominum eum mediatorẽ"
                    HPOS="110"
                    VPOS="504"
                    WIDTH="1048"
                    HEIGHT="104"
                    WC="0.983600716258204"></String>
          </TextLine>

          
          
          <TextLine ID="eSc_line_79b2110c"
                    TAGREFS="LT4318"
                    BASELINE="114 642 1155 606" 
                    HPOS="111"
                    VPOS="569"
                    WIDTH="1044"
                    HEIGHT="95">
            <Shape><Polygon POINTS="114 642 114 658 199 664 200 664 318 652 331 651 334 651 359 658 361 658 362 658 505 645 514 643 532 643 850 642 896 632 898 630 1155 621 1155 606 1151 575 1038 577 1026 569 1024 569 1023 569 1021 569 981 571 980 571 978 571 978 572 969 580 849 577 847 577 749 587 721 580 719 580 718 580 716 580 676 590 673 590 669 590 597 584 596 584 594 584 593 584 582 593 577 593 459 588 458 588 456 588 434 597 432 597 328 593 327 593 284 603 279 603 267 603 156 599 154 599 111 608 114 642"/></Shape>
	    <String CONTENT="eſſe, non vnius tantùm hominum generis, huma¬"
                    HPOS="111"
                    VPOS="569"
                    WIDTH="1044"
                    HEIGHT="95"
                    WC="0.98538362591163"></String>
          </TextLine>

          
          
          <TextLine ID="eSc_line_f0bd76e9"
                    TAGREFS="LT4318"
                    BASELINE="114 701 1158 664" 
                    HPOS="113"
                    VPOS="621"
                    WIDTH="1045"
                    HEIGHT="109">
            <Shape><Polygon POINTS="114 701 114 727 171 730 172 730 174 730 184 725 199 718 239 722 279 727 281 727 327 719 367 712 401 716 447 721 449 721 450 721 475 712 486 709 492 712 501 718 502 718 504 718 505 718 566 716 568 716 582 707 590 704 596 707 612 715 614 715 615 715 673 704 699 700 709 703 731 710 733 710 734 710 736 710 776 700 789 697 792 700 803 707 804 707 806 707 807 707 907 704 908 704 942 693 950 691 963 693 1014 698 1015 698 1017 698 1039 690 1042 688 1049 688 1110 697 1112 697 1113 697 1158 684 1158 664 1154 632 1133 632 1131 632 1119 621 1118 621 1116 621 1115 621 1060 623 1058 623 1057 623 1044 635 1021 624 1020 624 1018 624 1017 624 986 635 948 626 947 626 945 626 944 626 922 636 807 635 806 635 743 645 734 646 727 646 654 636 652 636 600 639 599 639 597 639 587 648 545 640 544 640 542 640 541 640 522 654 519 655 483 657 370 658 368 658 322 648 321 648 319 648 281 661 276 663 273 663 239 651 237 651 236 651 234 651 197 664 193 666 190 666 156 654 154 654 153 654 151 654 150 654 150 655 136 667 136 669 113 669 114 701"/></Shape>
	    <String CONTENT="nitatis vel hominis Chriſti mentionem fecit Pau¬"
                    HPOS="113"
                    VPOS="621"
                    WIDTH="1045"
                    HEIGHT="109"
                    WC="0.993686289836963"></String>
          </TextLine>

          
          
          <TextLine ID="eSc_line_7663c270"
                    TAGREFS="LT4318"
                    BASELINE="118 761 245 756" 
                    HPOS="116"
                    VPOS="716"
                    WIDTH="129"
                    HEIGHT="60">
            <Shape><Polygon POINTS="118 761 118 776 245 771 245 756 242 730 197 728 196 727 184 716 182 716 181 716 179 716 116 721 118 761"/></Shape>
	    <String CONTENT="lus."
                    HPOS="116"
                    VPOS="716"
                    WIDTH="129"
                    HEIGHT="60"
                    WC="0.996785581111908"></String>
          </TextLine>

          
          
          <TextLine ID="eSc_line_da02a0fe"
                    TAGREFS="LT4318"
                    BASELINE="174 817 1163 783" 
                    HPOS="171"
                    VPOS="739"
                    WIDTH="992"
                    HEIGHT="101">
            <Shape><Polygon POINTS="174 817 174 831 257 840 258 840 319 829 367 835 368 835 437 825 452 823 453 825 464 832 465 832 466 832 468 832 469 832 492 823 498 820 603 817 627 820 657 825 658 825 748 817 861 809 884 814 896 817 898 817 899 817 929 813 991 804 1161 807 1163 783 1157 739 1030 752 1011 743 1002 739 1000 739 999 739 825 745 823 745 822 745 816 749 800 758 739 751 716 749 715 749 713 749 704 752 675 765 513 770 462 759 450 758 449 758 447 758 446 758 443 761 425 773 368 768 367 768 365 768 340 776 300 765 294 764 292 764 291 764 290 764 285 765 254 779 171 770 174 817"/></Shape>
	    <String CONTENT="Quæſitum eſt autem, Vtrum Chriſtus, qua"
                    HPOS="171"
                    VPOS="739"
                    WIDTH="992"
                    HEIGHT="101"
                    WC="0.970278446490948"></String>
          </TextLine>

          
          
          <TextLine ID="eSc_line_e3a75d1f"
                    TAGREFS="LT4318"
                    BASELINE="114 878 1163 841" 
                    HPOS="111"
                    VPOS="795"
                    WIDTH="1052"
                    HEIGHT="109">
            <Shape><Polygon POINTS="114 878 114 904 145 904 147 904 148 904 148 902 160 893 193 902 194 902 196 902 197 902 205 902 288 889 426 892 483 892 484 892 486 892 487 892 487 890 490 889 495 884 526 886 559 889 560 889 562 889 575 884 588 880 599 883 614 887 615 887 617 887 618 887 641 881 663 875 679 880 699 884 700 884 701 884 703 884 727 877 734 875 743 877 782 881 783 881 831 872 847 870 861 871 908 877 910 877 911 877 950 867 959 864 1078 861 1081 861 1116 870 1118 870 1119 870 1121 870 1163 856 1163 841 1160 806 1125 795 1124 795 1122 795 1121 795 1119 795 1103 806 1078 797 1076 797 1075 797 1073 797 1072 797 1058 806 994 800 993 800 895 814 893 814 892 814 834 806 832 806 771 819 767 819 764 819 709 810 707 810 706 810 663 822 655 823 638 823 532 816 530 816 529 816 492 828 487 828 484 828 447 819 446 819 444 819 411 829 403 834 291 835 287 834 276 828 275 828 273 828 239 835 224 838 217 835 197 828 196 828 194 828 111 838 114 878"/></Shape>
	    <String CONTENT="tãtùm homo eſt, noſter mediator ſit, quod &amp; Stã¬"
                    HPOS="111"
                    VPOS="795"
                    WIDTH="1052"
                    HEIGHT="109"
                    WC="0.985199170954087"></String>
          </TextLine>

          
          
          <TextLine ID="eSc_line_691d21a5"
                    TAGREFS="LT4318"
                    BASELINE="117 936 1167 899" 
                    HPOS="114"
                    VPOS="858"
                    WIDTH="1053"
                    HEIGHT="99">
            <Shape><Polygon POINTS="117 936 117 950 199 957 200 957 321 945 322 945 404 950 406 950 407 950 429 942 432 941 456 941 572 944 574 944 575 944 577 944 584 938 587 933 648 933 652 935 658 941 660 941 661 941 663 941 664 941 690 935 706 931 722 933 746 938 748 938 774 932 792 928 809 931 825 935 826 935 828 935 829 935 844 931 858 925 1167 920 1167 899 1163 868 1113 868 1084 858 1082 858 1081 858 1079 858 1052 870 1029 861 1027 861 1026 861 884 868 883 868 881 868 868 877 794 868 792 868 791 868 751 878 724 871 722 871 721 871 719 871 696 883 675 872 673 872 672 872 670 872 669 872 649 884 585 880 584 880 582 880 581 880 574 887 538 877 536 877 535 877 367 895 284 886 282 886 114 904 117 936"/></Shape>
	    <String CONTENT="carus, Menno quidam, &amp; hodie noui Arriani"
                    HPOS="114"
                    VPOS="858"
                    WIDTH="1053"
                    HEIGHT="99"
                    WC="0.989932593775959"></String>
          </TextLine>

          
          
          <TextLine ID="eSc_line_eec59c72"
                    TAGREFS="LT4318"
                    BASELINE="118 994 1167 957" 
                    HPOS="116"
                    VPOS="917"
                    WIDTH="1051"
                    HEIGHT="101">
            <Shape><Polygon POINTS="118 994 118 1011 200 1018 202 1018 285 1006 295 1014 297 1014 298 1014 300 1014 352 1012 353 1012 355 1012 370 1002 371 1002 374 1002 407 1009 408 1009 410 1009 429 1002 578 1005 580 1005 682 991 786 996 788 996 789 996 791 996 791 994 800 987 913 993 914 993 962 990 963 990 965 990 975 980 1167 972 1167 957 1164 926 1125 919 1124 919 1045 928 997 917 996 917 994 917 945 929 901 922 899 922 898 922 896 922 896 923 886 932 859 923 858 923 856 923 786 925 785 925 755 935 742 939 700 936 620 931 618 931 571 939 533 947 520 941 516 939 514 939 513 939 501 941 466 948 456 942 450 938 449 938 447 938 446 938 444 938 431 942 407 951 116 951 118 994"/></Shape>
	    <String CONTENT="ſentiunt, an etiam quâ Deus eſt. Reſp. Cùm me¬"
                    HPOS="116"
                    VPOS="917"
                    WIDTH="1051"
                    HEIGHT="101"
                    WC="0.992836204667886"></String>
          </TextLine>

          
          
          <TextLine ID="eSc_line_024d5132"
                    TAGREFS="LT4318"
                    BASELINE="120 1052 1170 1018" 
                    HPOS="117"
                    VPOS="974"
                    WIDTH="1053"
                    HEIGHT="104">
            <Shape><Polygon POINTS="120 1052 120 1067 163 1078 165 1078 166 1078 209 1066 212 1066 217 1066 298 1073 300 1073 301 1073 342 1063 349 1061 361 1063 413 1069 414 1069 416 1069 438 1060 441 1060 444 1060 468 1067 469 1067 471 1067 548 1058 574 1055 587 1057 620 1063 621 1063 658 1055 676 1052 721 1054 758 1055 759 1055 798 1052 895 1044 956 1048 986 1051 987 1051 989 1051 1002 1048 1035 1039 1103 1045 1121 1047 1122 1047 1124 1047 1128 1045 1146 1036 1167 1044 1170 1018 1165 974 1030 977 999 981 893 994 864 987 850 983 849 983 847 983 846 983 829 989 800 999 703 1000 684 994 667 989 666 989 664 989 663 989 630 996 603 1003 591 999 575 991 574 991 572 991 571 991 569 991 557 1000 550 1005 533 1000 508 994 507 994 505 994 504 994 475 1003 466 1006 461 1005 440 996 438 996 437 996 435 996 413 1006 406 1011 300 1014 291 1012 266 1003 264 1003 263 1003 261 1003 260 1003 260 1005 249 1014 248 1017 209 1017 200 1015 144 1006 142 1006 141 1006 117 1017 120 1052"/></Shape>
	    <String CONTENT="diatoris œconomia &amp; officium ad totam Chriſti"
                    HPOS="117"
                    VPOS="974"
                    WIDTH="1053"
                    HEIGHT="104"
                    WC="0.994140334924062"></String>
          </TextLine>

          
          
          <TextLine ID="eSc_line_3d94367c"
                    TAGREFS="LT4318"
                    BASELINE="121 1115 1167 1073" 
                    HPOS="118"
                    VPOS="1035"
                    WIDTH="1049"
                    HEIGHT="102">
            <Shape><Polygon POINTS="121 1115 121 1137 215 1134 217 1134 248 1124 355 1128 382 1128 383 1128 397 1125 428 1118 443 1124 449 1125 450 1125 452 1125 493 1121 560 1113 577 1116 591 1119 593 1119 614 1115 643 1107 655 1113 663 1116 664 1116 666 1116 691 1110 721 1105 767 1107 817 1110 819 1110 820 1110 849 1103 868 1099 887 1102 920 1106 922 1106 923 1106 939 1099 945 1096 950 1099 959 1105 960 1105 962 1105 963 1105 1055 1094 1091 1100 1093 1100 1094 1100 1096 1100 1096 1099 1105 1091 1105 1090 1167 1087 1167 1073 1164 1038 1063 1035 1061 1035 1060 1035 1058 1035 1047 1044 1044 1045 978 1045 974 1045 905 1036 904 1036 902 1036 867 1049 862 1052 825 1052 822 1052 792 1041 791 1041 789 1041 691 1057 679 1058 673 1057 646 1052 645 1052 578 1061 563 1063 560 1061 538 1051 536 1051 535 1051 423 1055 422 1055 385 1069 379 1070 359 1070 272 1066 270 1066 269 1066 267 1066 257 1073 257 1075 255 1073 233 1063 232 1063 230 1063 132 1069 130 1069 129 1069 118 1075 121 1115"/></Shape>
	    <String CONTENT="petſonam pertineat, neque aliter ſaluator no¬"
                    HPOS="118"
                    VPOS="1035"
                    WIDTH="1049"
                    HEIGHT="102"
                    WC="0.997065673934089"></String>
          </TextLine>

          
          
          <TextLine ID="eSc_line_b3999d16"
                    TAGREFS="LT4318"
                    BASELINE="121 1171 1171 1134" 
                    HPOS="120"
                    VPOS="1085"
                    WIDTH="1051"
                    HEIGHT="101">
            <Shape><Polygon POINTS="121 1171 121 1186 657 1176 658 1176 660 1176 663 1173 670 1167 687 1173 693 1174 694 1174 696 1174 733 1171 835 1161 859 1167 864 1168 865 1168 867 1168 868 1168 870 1168 871 1167 883 1160 935 1165 941 1165 942 1165 948 1165 1002 1155 1011 1163 1012 1163 1014 1163 1015 1163 1110 1152 1170 1158 1171 1134 1164 1085 1121 1100 1051 1100 1041 1091 1039 1091 1038 1091 1036 1091 1035 1091 1033 1091 1033 1093 1021 1102 993 1096 991 1096 990 1096 975 1103 960 1094 959 1093 957 1093 956 1093 954 1093 953 1093 945 1096 911 1106 880 1099 875 1097 874 1097 873 1097 788 1099 752 1100 751 1100 749 1100 749 1102 745 1105 737 1112 673 1107 621 1105 620 1105 459 1110 458 1110 456 1110 456 1112 449 1118 444 1124 368 1125 333 1124 242 1118 240 1118 239 1118 237 1118 224 1128 221 1130 212 1130 151 1124 150 1124 148 1124 120 1133 121 1171"/></Shape>
	    <String CONTENT="ſter eſſe potuerit Chriſtus, niſi eſſet Emmanuel"
                    HPOS="120"
                    VPOS="1085"
                    WIDTH="1051"
                    HEIGHT="101"
                    WC="0.991873761018117"></String>
          </TextLine>

          
          
          <TextLine ID="eSc_line_e23eafce"
                    TAGREFS="LT4318"
                    BASELINE="120 1229 1168 1195" 
                    HPOS="118"
                    VPOS="1148"
                    WIDTH="1050"
                    HEIGHT="96">
            <Shape><Polygon POINTS="120 1229 120 1244 1168 1213 1168 1195 1165 1158 1133 1148 1131 1148 1130 1148 1128 1148 1127 1148 1107 1160 953 1154 951 1154 890 1168 826 1168 804 1160 803 1160 801 1160 800 1160 798 1160 782 1171 719 1171 667 1163 666 1163 635 1164 633 1164 632 1164 617 1176 615 1176 510 1168 508 1168 438 1182 435 1182 431 1182 312 1174 310 1174 309 1174 307 1174 288 1186 287 1186 211 1177 209 1177 208 1177 187 1189 168 1179 166 1179 165 1179 126 1180 124 1180 123 1180 123 1182 121 1182 118 1185 120 1229"/></Shape>
	    <String CONTENT="id eſt, nobiſcum Deus, idcirco &amp; qua Deus, &amp;"
                    HPOS="118"
                    VPOS="1148"
                    WIDTH="1050"
                    HEIGHT="96"
                    WC="0.981621826236898"></String>
          </TextLine>

          
          
          <TextLine ID="eSc_line_da7d4971"
                    TAGREFS="LT4318"
                    BASELINE="127 1287 1171 1255" 
                    HPOS="124"
                    VPOS="1212"
                    WIDTH="1047"
                    HEIGHT="99">
            <Shape><Polygon POINTS="127 1287 127 1311 185 1302 215 1310 217 1310 218 1310 220 1310 221 1310 223 1310 239 1301 304 1307 316 1307 318 1307 343 1305 459 1293 513 1298 519 1298 520 1298 526 1298 563 1290 584 1295 596 1298 597 1298 599 1298 627 1293 664 1287 724 1289 789 1292 791 1292 792 1292 794 1292 803 1286 810 1281 911 1280 917 1281 931 1287 932 1287 933 1287 935 1287 954 1280 960 1279 986 1279 1073 1283 1075 1283 1170 1271 1171 1255 1168 1221 1042 1212 1041 1212 990 1213 989 1213 987 1213 987 1215 974 1225 939 1216 938 1216 936 1216 884 1228 881 1228 877 1228 789 1219 788 1219 786 1219 736 1232 731 1232 719 1232 554 1226 553 1226 551 1226 529 1235 513 1228 511 1228 510 1228 441 1238 411 1231 410 1231 408 1231 407 1231 365 1243 358 1246 285 1246 278 1246 230 1237 229 1237 124 1249 127 1287"/></Shape>
	    <String CONTENT="qua homo eſt Chriſtum mediatorem noſtrum"
                    HPOS="124"
                    VPOS="1212"
                    WIDTH="1047"
                    HEIGHT="99"
                    WC="0.96149378567934"></String>
          </TextLine>

          
          
          <TextLine ID="eSc_line_6c0515a7"
                    TAGREFS="LT4318"
                    BASELINE="127 1344 672 1329" 
                    HPOS="126"
                    VPOS="1283"
                    WIDTH="546"
                    HEIGHT="80">
            <Shape><Polygon POINTS="127 1344 127 1363 511 1350 670 1353 672 1329 669 1286 626 1283 624 1283 623 1283 621 1283 615 1287 605 1296 580 1289 562 1284 560 1284 559 1284 557 1284 541 1290 522 1299 458 1295 447 1295 446 1295 444 1295 441 1296 426 1302 414 1296 410 1295 408 1295 407 1295 368 1299 316 1305 298 1302 251 1293 249 1293 176 1295 175 1295 174 1295 156 1310 153 1311 126 1311 127 1344"/></Shape>
	    <String CONTENT="eſſe fateamur neceſſe eſt."
                    HPOS="126"
                    VPOS="1283"
                    WIDTH="546"
                    HEIGHT="80"
                    WC="0.954318344593048"></String>
          </TextLine>

          
          
          <TextLine ID="eSc_line_5b0aa7ab"
                    TAGREFS="LT4318"
                    BASELINE="185 1403 1170 1371" 
                    HPOS="182"
                    VPOS="1323"
                    WIDTH="988"
                    HEIGHT="100">
            <Shape><Polygon POINTS="185 1403 185 1423 1170 1389 1170 1371 1167 1334 1085 1323 1084 1323 971 1338 938 1341 928 1338 904 1331 902 1331 901 1331 899 1331 898 1331 898 1332 890 1339 886 1344 855 1344 807 1341 721 1335 719 1335 670 1344 632 1351 609 1345 597 1342 596 1342 594 1342 593 1342 591 1342 591 1344 588 1345 582 1353 541 1354 489 1348 453 1344 452 1344 450 1344 449 1344 449 1345 444 1350 434 1357 391 1350 383 1350 382 1350 380 1350 379 1351 358 1360 337 1351 330 1348 328 1348 327 1348 325 1348 324 1348 319 1351 307 1362 300 1356 298 1356 297 1356 295 1356 294 1356 270 1363 240 1354 233 1351 232 1351 230 1351 182 1354 185 1403"/></Shape>
	    <String CONTENT="Hoc autem docet &amp; confirmat Auguſt. cùm"
                    HPOS="182"
                    VPOS="1323"
                    WIDTH="988"
                    HEIGHT="100"
                    WC="0.995813049376011"></String>
          </TextLine>

          
          
          <TextLine ID="eSc_line_6821dfb0"
                    TAGREFS="LT4318"
                    BASELINE="127 1463 1174 1432" 
                    HPOS="124"
                    VPOS="1383"
                    WIDTH="1050"
                    HEIGHT="96">
            <Shape><Polygon POINTS="127 1463 127 1479 725 1469 740 1466 777 1460 813 1464 823 1466 825 1466 837 1464 877 1457 916 1463 923 1463 925 1463 933 1461 975 1454 1066 1458 1073 1458 1075 1458 1078 1458 1125 1450 1171 1455 1174 1432 1170 1383 1066 1396 986 1389 984 1389 983 1389 953 1400 895 1392 893 1392 892 1392 868 1403 733 1396 727 1396 725 1396 721 1396 620 1411 599 1402 597 1402 596 1402 594 1402 568 1412 493 1403 489 1403 487 1403 486 1403 484 1403 468 1417 420 1417 385 1406 383 1406 382 1406 380 1406 379 1406 377 1406 377 1408 365 1418 285 1409 276 1409 275 1409 261 1411 159 1424 124 1415 127 1463"/></Shape>
	    <String CONTENT="in Enchirid. tum verò pulcherrimè in libro de"
                    HPOS="124"
                    VPOS="1383"
                    WIDTH="1050"
                    HEIGHT="96"
                    WC="0.96972002374365"></String>
          </TextLine>

          
          
          <TextLine ID="eSc_line_7ff5aa0b"
                    TAGREFS="LT4318"
                    BASELINE="129 1522 1171 1487" 
                    HPOS="126"
                    VPOS="1447"
                    WIDTH="1045"
                    HEIGHT="95">
            <Shape><Polygon POINTS="129 1522 129 1542 261 1533 333 1536 388 1537 389 1537 444 1531 490 1525 511 1528 533 1531 535 1531 568 1525 588 1522 645 1522 777 1524 779 1524 820 1515 831 1513 838 1515 864 1521 865 1521 867 1521 917 1511 925 1511 936 1511 1039 1515 1041 1515 1042 1515 1084 1505 1085 1505 1088 1505 1160 1511 1161 1511 1163 1511 1164 1511 1164 1509 1171 1500 1171 1487 1168 1453 1033 1447 1032 1447 1030 1447 1029 1447 1018 1455 1017 1457 819 1463 810 1461 779 1451 777 1451 776 1451 774 1451 749 1463 740 1463 626 1469 608 1466 565 1458 563 1458 516 1469 490 1473 469 1470 431 1463 429 1463 428 1463 426 1463 416 1470 408 1476 382 1472 343 1466 342 1466 340 1466 327 1473 318 1478 275 1475 215 1470 214 1470 126 1478 129 1522"/></Shape>
	    <String CONTENT="Ouib. &amp; lib. Confeſsionum. De qua re cum co¬"
                    HPOS="126"
                    VPOS="1447"
                    WIDTH="1045"
                    HEIGHT="95"
                    WC="0.984298706054688"></String>
          </TextLine>

          
          
          <TextLine ID="eSc_line_95f78ca0"
                    TAGREFS="LT4318"
                    BASELINE="127 1582 1171 1549" 
                    HPOS="126"
                    VPOS="1502"
                    WIDTH="1045"
                    HEIGHT="102">
            <Shape><Polygon POINTS="127 1582 127 1604 182 1594 330 1598 362 1598 364 1598 377 1595 423 1586 629 1586 789 1586 789 1585 838 1583 840 1583 853 1576 861 1573 922 1573 1075 1576 1076 1576 1078 1576 1103 1566 1106 1564 1170 1563 1171 1549 1168 1506 1082 1502 1081 1502 1044 1511 1021 1515 1014 1511 1002 1505 1000 1505 999 1505 997 1505 996 1505 986 1512 977 1518 960 1513 936 1506 935 1506 933 1506 883 1508 881 1508 865 1516 856 1521 847 1518 832 1512 831 1512 829 1512 828 1512 826 1512 819 1518 813 1524 693 1527 657 1524 600 1519 599 1519 597 1519 566 1527 550 1533 523 1533 520 1530 508 1519 507 1519 505 1519 504 1519 456 1521 420 1522 419 1522 417 1522 404 1534 403 1536 400 1534 386 1527 385 1527 383 1527 382 1527 353 1534 327 1525 325 1525 324 1525 322 1525 291 1536 220 1528 218 1528 217 1528 215 1528 196 1542 193 1543 126 1543 127 1582"/></Shape>
	    <String CONTENT="pioſiſsimè doctiſſ.noſtri temporis Theologi D."
                    HPOS="126"
                    VPOS="1502"
                    WIDTH="1045"
                    HEIGHT="102"
                    WC="0.97119976738666"></String>
          </TextLine>

          
          
          <TextLine ID="eSc_line_94f4a0c7"
                    TAGREFS="LT4318"
                    BASELINE="127 1640 1176 1607" 
                    HPOS="127"
                    VPOS="1560"
                    WIDTH="1049"
                    HEIGHT="96">
            <Shape><Polygon POINTS="127 1628 127 1640 127 1656 449 1656 449 1655 450 1655 452 1655 452 1653 459 1647 464 1643 516 1643 548 1646 593 1650 594 1650 596 1650 597 1650 597 1649 603 1644 609 1640 646 1643 660 1644 661 1644 670 1643 701 1637 718 1641 725 1644 727 1644 728 1644 730 1644 736 1641 749 1635 761 1641 768 1644 770 1644 771 1644 889 1641 933 1637 1032 1627 1067 1634 1078 1635 1079 1635 1093 1634 1142 1624 1173 1631 1176 1607 1171 1564 1128 1560 1127 1560 1125 1560 1112 1566 1097 1573 984 1576 963 1571 938 1566 936 1566 902 1573 880 1579 873 1574 864 1569 862 1569 861 1569 859 1569 858 1569 841 1576 834 1579 809 1577 748 1571 746 1571 745 1571 716 1580 704 1583 687 1582 638 1576 636 1576 591 1585 577 1588 568 1586 539 1579 538 1579 536 1579 535 1579 513 1588 507 1591 504 1588 493 1580 492 1580 490 1580 489 1580 444 1589 426 1582 425 1582 423 1582 422 1582 392 1592 388 1594 376 1594 318 1588 316 1588 276 1597 269 1598 263 1597 229 1588 227 1588 226 1588 224 1588 223 1588 211 1597 156 1592 154 1592 153 1592 135 1600 127 1628"/></Shape>
	    <String CONTENT="Caluinus in Epiſtola 312. &amp; Theodo. Beza Epiſt."
                    HPOS="127"
                    VPOS="1560"
                    WIDTH="1049"
                    HEIGHT="96"></String>
          </TextLine>

          
          
          <TextLine ID="eSc_line_20db638d"
                    TAGREFS="LT4318"
                    BASELINE="127 1699 1174 1667" 
                    HPOS="124"
                    VPOS="1621"
                    WIDTH="1050"
                    HEIGHT="102">
            <Shape><Polygon POINTS="127 1699 127 1716 211 1723 212 1723 214 1723 233 1713 234 1713 255 1723 257 1723 258 1723 260 1723 282 1711 300 1720 301 1720 303 1720 370 1708 373 1708 374 1708 408 1719 410 1719 411 1719 413 1719 414 1719 414 1717 423 1710 480 1716 481 1716 483 1716 484 1716 495 1707 542 1714 544 1714 602 1701 603 1701 648 1711 649 1711 651 1711 701 1698 701 1696 795 1695 797 1695 835 1695 849 1704 850 1704 852 1704 853 1704 1032 1699 1033 1699 1082 1686 1149 1695 1151 1695 1152 1695 1174 1682 1174 1667 1171 1629 1124 1621 1122 1621 1121 1621 1078 1631 1073 1632 1069 1632 1045 1624 1044 1624 1042 1624 1041 1624 1039 1624 1026 1632 1023 1634 990 1634 800 1631 798 1631 745 1641 733 1643 725 1641 701 1635 700 1635 699 1635 658 1643 645 1646 635 1644 603 1637 602 1637 600 1637 599 1637 599 1638 591 1646 588 1649 529 1649 523 1647 505 1640 504 1640 502 1640 434 1650 406 1655 340 1655 334 1653 324 1646 322 1646 321 1646 319 1646 318 1646 316 1646 306 1653 303 1655 297 1653 267 1647 266 1647 124 1658 127 1699"/></Shape>
	    <String CONTENT="28. diſſeruerint, planè ſuperuacaneum puto latiùs"
                    HPOS="124"
                    VPOS="1621"
                    WIDTH="1050"
                    HEIGHT="102"
                    WC="0.985034639928855"></String>
          </TextLine>

          
          
          <TextLine ID="eSc_line_19debe44"
                    TAGREFS="LT4318"
                    BASELINE="127 1759 724 1741" 
                    HPOS="124"
                    VPOS="1698"
                    WIDTH="600"
                    HEIGHT="86">
            <Shape><Polygon POINTS="127 1759 127 1784 190 1771 242 1771 264 1780 273 1783 275 1783 276 1783 278 1783 294 1778 328 1768 342 1774 343 1774 345 1774 383 1766 398 1772 410 1778 411 1778 413 1778 414 1778 432 1771 441 1768 447 1771 464 1777 465 1777 466 1777 468 1777 469 1777 481 1769 523 1775 524 1775 526 1775 559 1765 575 1760 599 1763 666 1771 667 1771 669 1771 670 1771 670 1769 684 1759 685 1757 724 1757 724 1741 721 1707 577 1698 575 1698 524 1708 504 1711 484 1708 462 1704 461 1704 386 1708 218 1720 202 1710 200 1710 199 1710 197 1710 196 1710 194 1710 169 1717 124 1711 127 1759"/></Shape>
	    <String CONTENT="hoc argumentum perſequi."
                    HPOS="124"
                    VPOS="1698"
                    WIDTH="600"
                    HEIGHT="86"
                    WC="0.982040916879972"></String>
          </TextLine>

          
          
          <TextLine ID="eSc_line_9ffb185b"
                    TAGREFS="LT4320"
                    BASELINE="209 1881 1180 1851" 
                    HPOS="206"
                    VPOS="1796"
                    WIDTH="974"
                    HEIGHT="110">
            <Shape><Polygon POINTS="209 1900 270 1893 284 1900 292 1906 294 1906 295 1906 297 1906 403 1903 404 1903 420 1897 437 1891 480 1896 499 1897 501 1897 502 1897 504 1897 504 1896 505 1896 517 1885 569 1894 596 1897 597 1897 599 1897 615 1893 648 1882 655 1890 657 1890 658 1890 660 1890 745 1878 813 1878 822 1885 823 1885 825 1885 826 1885 828 1885 855 1875 884 1884 886 1884 887 1884 948 1872 993 1884 997 1884 999 1884 1000 1884 1008 1882 1072 1869 1179 1878 1180 1851 1177 1809 1081 1796 1079 1796 1078 1796 1021 1812 1002 1799 1000 1799 999 1799 997 1799 935 1801 933 1801 880 1817 803 1805 801 1805 800 1805 798 1805 798 1806 783 1821 764 1821 745 1806 743 1806 742 1806 740 1806 739 1806 699 1821 547 1812 545 1812 544 1812 542 1812 519 1829 466 1829 453 1818 453 1817 452 1817 450 1817 449 1817 447 1817 413 1830 327 1823 325 1823 324 1823 295 1836 206 1838 209 1881"/></Shape>
	    <String CONTENT="6 Qui ſemetipſum dedit redemptionis"
                    HPOS="206"
                    VPOS="1796"
                    WIDTH="974"
                    HEIGHT="110"
                    WC="0.987830037730081"></String>
          </TextLine>

          
          
          <TextLine ID="eSc_line_10f414a0"
                    TAGREFS="LT4320"
                    BASELINE="132 1949 1183 1920" 
                    HPOS="129"
                    VPOS="1869"
                    WIDTH="1054"
                    HEIGHT="109">
            <Shape><Polygon POINTS="132 1978 208 1966 261 1975 267 1975 269 1975 270 1975 272 1975 292 1966 345 1972 356 1972 358 1972 359 1972 364 1970 394 1958 408 1969 410 1970 411 1970 413 1970 414 1970 475 1967 477 1967 478 1967 480 1966 492 1958 553 1963 602 1966 603 1966 605 1966 626 1960 641 1955 655 1958 672 1961 673 1961 709 1957 764 1946 942 1943 950 1946 971 1955 972 1955 974 1955 975 1955 1003 1943 1009 1940 1183 1936 1183 1920 1180 1881 1158 1869 1157 1869 1155 1869 1154 1869 1152 1869 1142 1878 1076 1870 1075 1870 1073 1870 1023 1884 1017 1887 939 1887 936 1885 922 1878 920 1878 919 1878 917 1878 884 1887 874 1888 862 1887 813 1878 812 1878 810 1878 771 1888 761 1890 749 1888 707 1881 706 1881 704 1881 673 1890 646 1896 566 1891 502 1887 501 1887 499 1887 498 1887 492 1891 481 1899 365 1897 364 1897 285 1906 129 1897 132 1949"/></Shape>
	    <String CONTENT="pretium pro quibuſuis, Chriſtus inquam, te¬"
                    HPOS="129"
                    VPOS="1869"
                    WIDTH="1054"
                    HEIGHT="109"
                    WC="0.974304541598919"></String>
          </TextLine>

          
          
          <TextLine ID="eSc_line_4f0e2195"
                    TAGREFS="LT4320"
                    BASELINE="133 2019 792 1998 1180 1992" 
                    HPOS="130"
                    VPOS="1937"
                    WIDTH="1050"
                    HEIGHT="106">
            <Shape><Polygon POINTS="133 2038 215 2043 217 2043 218 2043 229 2037 243 2030 258 2037 267 2040 269 2040 270 2040 272 2040 281 2036 295 2030 309 2036 318 2040 319 2040 321 2040 386 2038 388 2038 389 2038 395 2034 401 2030 453 2033 510 2036 511 2036 548 2031 621 2019 660 2028 675 2031 676 2031 678 2031 685 2028 704 2016 783 2015 825 2025 837 2027 838 2027 877 2025 878 2025 880 2025 881 2024 902 2012 1044 2019 1045 2019 1047 2019 1048 2019 1067 2009 1088 2015 1090 2015 1091 2015 1093 2015 1121 2006 1146 2018 1148 2018 1149 2018 1180 2016 1180 1992 1176 1937 1091 1949 1044 1943 1042 1943 1041 1943 1039 1943 1039 1945 1027 1954 987 1945 986 1945 984 1945 963 1949 957 1945 953 1940 951 1940 950 1940 948 1940 889 1942 887 1942 873 1949 858 1957 847 1949 846 1949 844 1949 843 1949 841 1949 837 1951 810 1957 803 1952 794 1945 792 1945 791 1945 789 1945 727 1946 673 1949 672 1949 670 1949 658 1957 651 1963 638 1958 614 1951 612 1951 611 1951 568 1961 542 1967 532 1963 513 1952 511 1952 510 1952 508 1952 507 1952 489 1964 465 1957 464 1957 462 1957 461 1957 459 1957 459 1958 450 1966 446 1970 435 1966 404 1955 403 1955 401 1955 400 1955 359 1969 346 1975 208 1976 203 1976 178 1967 176 1967 175 1967 130 1978 133 2019"/></Shape>
	    <String CONTENT="Stimoniũ illud ſuis temporibus deſtin atum."
                    HPOS="130"
                    VPOS="1937"
                    WIDTH="1050"
                    HEIGHT="106"
                    WC="0.980513170361519"></String>
          </TextLine>

          
          
          <TextLine ID="eSc_line_2e71636c"
                    TAGREFS="LT4318"
                    BASELINE="190 2111 1182 2089" 
                    HPOS="187"
                    VPOS="2038"
                    WIDTH="995"
                    HEIGHT="100">
            <Shape><Polygon POINTS="190 2111 190 2125 243 2138 245 2138 304 2137 306 2137 307 2137 325 2125 364 2131 365 2131 367 2131 386 2122 388 2122 389 2122 452 2134 453 2134 569 2131 571 2131 572 2131 572 2129 584 2120 614 2125 615 2125 617 2125 646 2117 654 2116 660 2117 685 2123 687 2123 688 2123 690 2123 712 2116 719 2114 731 2116 777 2122 779 2122 861 2113 871 2113 873 2113 898 2123 899 2123 901 2123 902 2123 904 2123 919 2113 978 2122 980 2122 981 2122 983 2122 983 2120 994 2111 997 2108 1182 2108 1182 2089 1179 2055 1139 2055 1119 2038 1118 2038 1116 2038 1093 2038 1091 2038 1090 2038 1088 2038 1088 2040 1076 2050 1049 2040 1048 2040 1047 2040 1045 2040 990 2055 983 2056 981 2055 965 2041 963 2041 962 2041 960 2041 853 2043 852 2043 850 2043 835 2055 828 2061 803 2055 786 2052 785 2052 783 2052 782 2052 777 2055 767 2064 649 2065 636 2056 635 2056 633 2056 632 2056 581 2067 520 2056 517 2056 516 2056 514 2056 513 2056 496 2070 450 2070 410 2056 404 2055 403 2055 401 2055 392 2056 355 2065 340 2056 339 2055 337 2055 336 2055 334 2055 187 2056 190 2111"/></Shape>
	    <String CONTENT="Αὔξησις eſt, per quam non modò ſuperiorem"
                    HPOS="187"
                    VPOS="2038"
                    WIDTH="995"
                    HEIGHT="100"></String>
          </TextLine>

          
          
          <TextLine ID="eSc_line_827b5f62"
                    TAGREFS="LT4318"
                    BASELINE="130 2174 1186 2147" 
                    HPOS="129"
                    VPOS="2101"
                    WIDTH="1057"
                    HEIGHT="109">
            <Shape><Polygon POINTS="130 2174 130 2204 269 2196 303 2201 362 2210 364 2210 450 2196 495 2190 527 2195 588 2204 590 2204 591 2204 617 2192 621 2190 630 2192 679 2201 681 2201 682 2201 684 2201 697 2190 712 2195 713 2195 715 2195 748 2189 774 2183 785 2187 806 2198 807 2198 809 2198 1032 2192 1033 2192 1035 2192 1047 2184 1125 2190 1127 2190 1186 2175 1186 2147 1183 2111 1130 2101 1128 2101 1069 2105 1067 2105 1066 2105 1057 2114 1055 2114 1051 2114 996 2107 994 2107 944 2117 939 2117 936 2117 907 2107 905 2107 904 2107 835 2119 828 2120 822 2120 780 2113 779 2113 777 2113 776 2113 776 2114 768 2122 767 2123 700 2123 697 2123 687 2116 685 2116 684 2116 682 2116 635 2125 632 2125 629 2125 597 2114 596 2114 594 2114 593 2114 571 2126 569 2128 452 2129 450 2129 431 2119 429 2119 428 2119 426 2119 403 2131 401 2131 391 2131 319 2126 318 2126 275 2134 272 2134 270 2134 252 2125 251 2125 187 2125 185 2125 139 2126 138 2126 136 2126 129 2132 130 2174"/></Shape>
	    <String CONTENT="rationem confirmat à connexis: ſed etiam me¬"
                    HPOS="129"
                    VPOS="2101"
                    WIDTH="1057"
                    HEIGHT="109"
                    WC="0.976770406299167"></String>
          </TextLine>

          
        </TextBlock>
        

        
      </PrintSpace>
    </Page>
  </Layout>
</alto>
