<?xml version="1.0" encoding="UTF-8"?>
<alto xmlns:xsi="http://www.w3.org/2001/XMLSchema-instance"
      xmlns="http://www.loc.gov/standards/alto/ns-v4#"
      xsi:schemaLocation="http://www.loc.gov/standards/alto/ns-v4# http://www.loc.gov/standards/alto/v4/alto-4-2.xsd">
  <Description>
    <MeasurementUnit>pixel</MeasurementUnit>
    <sourceImageInformation>
      <fileName>2012963.png</fileName>
      
    </sourceImageInformation>
  </Description>
  
  <Tags>
    <OtherTag ID="BT10983" LABEL="GraphicZone" DESCRIPTION="block type GraphicZone"/><OtherTag ID="BT10982" LABEL="DropCapitalZone" DESCRIPTION="block type DropCapitalZone"/><OtherTag ID="BT10981" LABEL="RunningTitleZone" DESCRIPTION="block type RunningTitleZone"/><OtherTag ID="BT10980" LABEL="NumberingZone" DESCRIPTION="block type NumberingZone"/><OtherTag ID="BT10979" LABEL="TitlePageZone" DESCRIPTION="block type TitlePageZone"/><OtherTag ID="BT10978" LABEL="QuireMarksZone" DESCRIPTION="block type QuireMarksZone"/><OtherTag ID="BT10977" LABEL="MainZone" DESCRIPTION="block type MainZone"/><OtherTag ID="BT10976" LABEL="MarginTextZone" DESCRIPTION="block type MarginTextZone"/>
    <OtherTag ID="LT4321" LABEL="default" DESCRIPTION="line type default"/><OtherTag ID="LT4319" LABEL="HeadingLine" DESCRIPTION="line type HeadingLine"/><OtherTag ID="LT4318" LABEL="DefaultLine" DESCRIPTION="line type DefaultLine"/><OtherTag ID="LT4320" LABEL="CustomLine : BiblicalText" DESCRIPTION="line type CustomLine : BiblicalText"/>
  </Tags>
  
  <Layout>
    <Page WIDTH="1807"
          HEIGHT="2677"
          PHYSICAL_IMG_NR="10"
          ID="eSc_dummypage_">
      <PrintSpace HPOS="0"
                  VPOS="0"
                  WIDTH="1807"
                  HEIGHT="2677">
        
        <TextBlock HPOS="474.54266357421875"
                   VPOS="190.51426696777344"
                   WIDTH="372.1783447265625"
                   HEIGHT="60.42082214355469"
                   ID="block_3"
                   TAGREFS="BT10981">
          <Shape><Polygon POINTS="474.543 190.514 846.721 190.514 846.721 250.935 474.543 250.935 474.543 190.514"/></Shape>
          
          
          <TextLine ID="eSc_line_82820efa"
                    TAGREFS="LT4318"
                    BASELINE="477 233 841 233" 
                    HPOS="477"
                    VPOS="181"
                    WIDTH="364"
                    HEIGHT="74">
            <Shape><Polygon POINTS="834 193 825 190 703 193 690 187 684 184 670 184 663 182 654 185 642 190 638 185 633 182 626 182 621 181 603 185 563 193 539 184 530 181 529 181 527 181 484 182 477 190 477 233 477 248 611 255 612 255 614 255 615 255 618 251 626 246 658 252 670 254 672 254 687 252 752 246 840 255 841 233 840 197 834 193"/></Shape>
	    <String CONTENT="CAPVT. II."
                    HPOS="477"
                    VPOS="181"
                    WIDTH="364"
                    HEIGHT="74"
                    WC="0.992783427238464"></String>
          </TextLine>

          
        </TextBlock>
        
        <TextBlock HPOS="1116.4931640625"
                   VPOS="203.86683654785156"
                   WIDTH="68.1136474609375"
                   HEIGHT="56.86949157714844"
                   ID="block_0"
                   TAGREFS="BT10980">
          <Shape><Polygon POINTS="1116.49 203.867 1184.61 203.867 1184.61 260.736 1116.49 260.736 1116.49 203.867"/></Shape>
          
          
          <TextLine ID="eSc_line_0872b6b7"
                    TAGREFS="LT4318"
                    BASELINE="1122 242 1170 244" 
                    HPOS="1117"
                    VPOS="205"
                    WIDTH="51"
                    HEIGHT="58">
            <Shape><Polygon POINTS="1164 205 1142 205 1119 205 1119 240 1117 263 1166 258 1168 243 1166 205 1164 205"/></Shape>
	    <String CONTENT="51"
                    HPOS="1117"
                    VPOS="205"
                    WIDTH="51"
                    HEIGHT="58"
                    WC="0.618966490030289"></String>
          </TextLine>

          
        </TextBlock>
        
        <TextBlock HPOS="111.70189666748047"
                   VPOS="262.71466064453125"
                   WIDTH="1077.8747634887695"
                   HEIGHT="1935.8373413085938"
                   ID="block_1"
                   TAGREFS="BT10977">
          <Shape><Polygon POINTS="111.702 262.715 1189.58 262.715 1189.58 2198.55 111.702 2198.55 111.702 262.715"/></Shape>
          
          
          <TextLine ID="eSc_line_bf97cf72"
                    TAGREFS="LT4318"
                    BASELINE="136 301 1180 307" 
                    HPOS="135"
                    VPOS="248"
                    WIDTH="1045"
                    HEIGHT="89">
            <Shape><Polygon POINTS="194 248 156 257 151 264 141 276 136 301 135 319 206 321 217 331 218 331 220 331 221 331 287 322 292 322 294 322 312 333 313 333 315 334 373 334 373 333 374 333 392 324 397 322 404 325 435 334 437 334 438 334 440 334 464 325 466 325 469 325 508 334 510 334 511 334 539 327 553 324 557 327 566 334 568 334 569 334 658 336 660 336 691 330 713 325 722 330 734 336 736 336 737 336 765 331 789 327 809 331 823 336 825 336 826 336 849 333 892 325 972 333 974 333 1011 327 1023 336 1024 336 1026 336 1027 336 1036 336 1121 327 1177 337 1180 307 1179 266 1072 252 1070 252 1069 252 1047 264 1045 266 975 266 972 264 920 251 919 251 917 251 858 263 736 263 706 263 704 263 690 251 688 251 687 251 685 251 684 251 649 260 530 252 529 252 487 261 474 249 472 249 471 249 447 249 446 249 444 249 416 261 400 248 398 248 397 248 295 248 294 248 292 248 291 248 272 261 245 261 229 248 227 248 226 248 197 248 196 248 194 248"/></Shape>
	    <String CONTENT="excitet ſpiritu ſuo. Itaq; ſemper pro iis orandum"
                    HPOS="135"
                    VPOS="248"
                    WIDTH="1045"
                    HEIGHT="89"
                    WC="0.999149351703877"></String>
          </TextLine>

          
          
          <TextLine ID="eSc_line_ed24697f"
                    TAGREFS="LT4318"
                    BASELINE="135 359 229 359" 
                    HPOS="135"
                    VPOS="313"
                    WIDTH="94"
                    HEIGHT="84">
            <Shape><Polygon POINTS="135 359 135 397 162 397 162 395 163 395 165 395 172 389 181 380 193 385 200 388 202 388 203 388 205 388 229 377 229 359 229 319 160 313 159 313 157 313 135 322 135 359"/></Shape>
	    <String CONTENT="eſt."
                    HPOS="135"
                    VPOS="313"
                    WIDTH="94"
                    HEIGHT="84"
                    WC="0.88660740852356"></String>
          </TextLine>

          
          
          <TextLine ID="eSc_line_c18ccd34"
                    TAGREFS="LT4320"
                    BASELINE="205 452 508 446 1180 447" 
                    HPOS="203"
                    VPOS="388"
                    WIDTH="977"
                    HEIGHT="86">
            <Shape><Polygon POINTS="206 471 236 464 285 464 294 471 295 472 297 472 298 472 300 472 322 471 371 465 447 469 508 472 510 472 511 472 513 472 517 468 522 464 538 468 553 472 554 472 556 472 591 468 626 464 645 468 661 471 663 471 685 466 706 464 716 466 731 472 733 472 734 474 828 474 828 472 829 472 852 465 859 464 865 465 884 472 886 472 887 472 1032 465 1139 472 1140 472 1142 472 1180 462 1180 447 1179 406 941 406 844 388 843 388 800 395 788 388 786 388 785 388 544 388 542 388 498 397 487 388 486 388 484 388 438 388 437 388 435 388 434 388 408 406 382 406 334 388 333 388 331 388 330 388 294 404 240 397 239 397 237 397 203 406 205 452"/></Shape>
	    <String CONTENT="3 Nam hoc bonum est, &amp; acceptum co¬"
                    HPOS="203"
                    VPOS="388"
                    WIDTH="977"
                    HEIGHT="86"
                    WC="0.99514867237636"></String>
          </TextLine>

          
          
          <TextLine ID="eSc_line_91275336"
                    TAGREFS="LT4320"
                    BASELINE="132 517 765 513" 
                    HPOS="130"
                    VPOS="464"
                    WIDTH="635"
                    HEIGHT="84">
            <Shape><Polygon POINTS="132 532 166 547 168 547 169 548 276 548 276 547 278 547 306 532 343 532 385 532 397 542 397 544 398 544 400 544 401 544 403 544 429 536 538 545 539 545 541 545 571 530 617 530 636 542 638 542 639 542 641 544 641 542 642 542 643 542 661 530 700 541 701 541 703 541 765 527 765 513 761 477 701 477 700 477 685 465 684 465 682 465 681 465 594 477 591 477 590 477 553 464 551 464 550 464 548 464 517 477 514 478 513 477 484 465 483 465 408 465 407 465 406 465 404 465 395 472 379 465 377 465 376 465 319 478 310 480 307 478 291 466 290 466 288 466 255 466 254 466 252 466 251 466 234 478 232 480 172 480 172 478 144 466 142 466 141 466 139 466 138 466 138 468 130 472 132 517"/></Shape>
	    <String CONTENT="ram ſeruatore noſtro Deo."
                    HPOS="130"
                    VPOS="464"
                    WIDTH="635"
                    HEIGHT="84"
                    WC="0.998288114070892"></String>
          </TextLine>

          
          
          <TextLine ID="eSc_line_8145c770"
                    TAGREFS="LT4318"
                    BASELINE="191 593 1174 593" 
                    HPOS="191"
                    VPOS="538"
                    WIDTH="983"
                    HEIGHT="80">
            <Shape><Polygon POINTS="191 593 191 608 226 617 227 617 263 609 264 609 266 609 313 617 315 617 364 609 373 609 397 611 499 617 501 617 606 612 679 609 707 614 734 617 736 618 846 618 846 617 847 617 849 617 852 614 858 609 870 615 875 617 877 617 878 617 899 615 950 609 968 615 971 617 972 617 974 617 975 617 978 615 997 609 1173 617 1174 593 1170 539 1152 551 1118 541 1109 538 1107 538 1106 538 1105 538 1093 541 1063 548 1039 541 1027 538 1026 538 1024 538 997 542 939 551 923 542 914 538 913 538 813 538 812 538 810 538 785 544 759 551 743 545 727 538 725 538 724 538 681 545 679 545 678 545 612 538 611 538 609 538 590 547 581 553 551 553 545 547 538 541 536 541 535 541 533 541 532 541 530 541 530 542 523 548 519 551 498 548 459 542 458 542 420 550 407 551 403 550 383 539 382 539 380 539 379 539 377 539 365 550 362 553 191 553 191 593"/></Shape>
	    <String CONTENT="Αιτιολογία eſt, eáque duplex. Nã altera ducitur"
                    HPOS="191"
                    VPOS="538"
                    WIDTH="983"
                    HEIGHT="80"></String>
          </TextLine>

          
          
          <TextLine ID="eSc_line_8236d8d2"
                    TAGREFS="LT4318"
                    BASELINE="132 651 1176 648" 
                    HPOS="130"
                    VPOS="600"
                    WIDTH="1046"
                    HEIGHT="70">
            <Shape><Polygon POINTS="132 651 132 670 1174 666 1176 648 1173 612 1121 612 1119 611 1107 602 1106 602 1105 602 1103 602 1060 611 1058 611 1038 600 1036 600 1035 600 977 611 971 612 905 612 902 609 892 602 890 602 889 602 887 602 724 609 670 611 655 609 609 600 608 600 606 600 584 608 574 612 562 608 547 602 545 602 544 602 511 608 486 612 469 608 452 602 450 602 449 602 447 602 434 608 425 611 417 608 403 600 401 600 368 600 367 600 365 600 364 600 353 606 343 614 309 614 297 606 288 600 287 600 285 600 284 600 130 605 132 651"/></Shape>
	    <String CONTENT="à Noſtro officio vel rei ipſius natura καλόν ἐστι alte¬"
                    HPOS="130"
                    VPOS="600"
                    WIDTH="1046"
                    HEIGHT="70"></String>
          </TextLine>

          
          
          <TextLine ID="eSc_line_6a6bcfed"
                    TAGREFS="LT4318"
                    BASELINE="132 709 1177 709" 
                    HPOS="132"
                    VPOS="661"
                    WIDTH="1045"
                    HEIGHT="75">
            <Shape><Polygon POINTS="132 709 132 724 212 734 214 734 267 725 303 734 304 734 306 736 426 736 426 734 428 734 429 734 440 727 489 734 490 734 492 734 511 725 612 733 614 733 696 725 721 734 722 734 724 734 725 734 752 727 855 734 856 734 914 725 956 734 957 734 1177 724 1177 709 1177 670 1155 661 1154 661 1152 661 1085 670 834 661 832 661 831 661 829 661 817 670 782 663 780 663 779 663 762 672 608 672 597 661 596 661 594 661 498 661 496 661 495 661 493 661 481 672 388 672 336 661 334 661 218 670 208 661 206 661 205 661 150 661 148 661 147 661 145 661 132 669 132 709"/></Shape>
	    <String CONTENT="ra à Conſequenti vel connexis, ſunt preces tri¬"
                    HPOS="132"
                    VPOS="661"
                    WIDTH="1045"
                    HEIGHT="75"
                    WC="0.979725657651822"></String>
          </TextLine>

          
          
          <TextLine ID="eSc_line_0df3bf44"
                    TAGREFS="LT4318"
                    BASELINE="132 768 1176 767" 
                    HPOS="130"
                    VPOS="719"
                    WIDTH="1046"
                    HEIGHT="72">
            <Shape><Polygon POINTS="132 768 132 785 449 791 450 791 474 788 501 783 526 788 545 791 547 791 548 791 550 791 553 788 562 783 635 783 670 789 687 791 688 791 724 789 810 783 832 789 838 791 840 791 841 791 843 791 847 789 865 783 887 789 892 791 893 791 895 791 896 791 901 789 929 783 975 791 983 791 984 791 1003 791 1139 783 1171 791 1176 767 1171 725 1042 728 1026 724 1009 719 1008 719 1006 719 972 724 936 728 913 724 892 719 890 719 889 719 887 719 881 724 871 730 774 730 767 722 764 719 762 719 761 719 700 719 699 719 697 719 696 719 693 722 685 728 669 722 663 721 661 721 660 721 643 722 596 728 585 722 582 719 581 719 580 719 440 719 438 719 437 719 431 721 410 730 292 730 258 721 249 719 248 719 236 721 185 728 130 721 132 768"/></Shape>
	    <String CONTENT="buendæ Magiſtratibus, quia &amp; eos Dominus ad"
                    HPOS="130"
                    VPOS="719"
                    WIDTH="1046"
                    HEIGHT="72"
                    WC="0.996114707270334"></String>
          </TextLine>

          
          
          <TextLine ID="eSc_line_8372e0b5"
                    TAGREFS="LT4318"
                    BASELINE="133 828 1174 823" 
                    HPOS="132"
                    VPOS="776"
                    WIDTH="1042"
                    HEIGHT="77">
            <Shape><Polygon POINTS="133 828 133 853 200 843 410 850 478 852 480 852 522 849 581 843 626 847 664 850 666 850 667 850 679 846 694 841 731 846 765 849 767 849 797 844 826 840 835 844 846 849 847 849 849 849 895 843 922 840 975 841 1137 849 1139 849 1140 849 1174 838 1174 823 1171 788 1012 788 1008 786 936 776 935 776 933 776 904 783 855 776 853 776 852 776 823 785 754 777 752 777 751 777 734 785 728 788 603 788 597 785 587 779 585 779 584 779 526 785 487 788 477 785 464 779 462 779 461 779 459 779 444 783 426 791 348 791 336 783 325 779 324 779 322 779 300 783 270 789 240 783 218 779 217 779 132 782 133 828"/></Shape>
	    <String CONTENT="gratiæ ſuæ participationem &amp; Eccleſiæ commu¬"
                    HPOS="132"
                    VPOS="776"
                    WIDTH="1042"
                    HEIGHT="77"
                    WC="0.992645544084636"></String>
          </TextLine>

          
          
          <TextLine ID="eSc_line_553bae71"
                    TAGREFS="LT4318"
                    BASELINE="130 886 1176 883" 
                    HPOS="130"
                    VPOS="837"
                    WIDTH="1046"
                    HEIGHT="71">
            <Shape><Polygon POINTS="331 899 350 904 362 907 364 907 365 908 553 908 553 907 620 901 663 898 690 901 731 905 733 905 734 905 746 899 749 898 754 899 764 905 765 905 767 907 1164 907 1164 905 1165 905 1167 905 1176 896 1176 883 1174 850 1140 841 1139 841 1137 841 1136 841 1134 841 1125 849 1124 852 1057 852 1052 849 1038 837 1036 837 1035 837 754 837 752 837 751 837 736 844 696 837 694 837 693 837 669 844 648 852 626 844 608 838 606 838 605 838 603 838 591 844 585 847 581 844 575 840 574 840 572 840 571 840 569 840 560 844 542 853 495 853 477 843 468 838 466 838 465 838 464 838 453 843 431 853 273 853 251 843 249 843 248 843 246 843 224 852 197 844 196 844 194 844 160 852 130 840 130 886 130 905"/></Shape>
	    <String CONTENT="nionem vocat. Itaque hoc Eccleſiæ ſubſidio pri¬"
                    HPOS="130"
                    VPOS="837"
                    WIDTH="1046"
                    HEIGHT="71"
                    WC="0.977437775185768"></String>
          </TextLine>

          
          
          <TextLine ID="eSc_line_28e2197e"
                    TAGREFS="LT4318"
                    BASELINE="129 945 1176 941" 
                    HPOS="129"
                    VPOS="895"
                    WIDTH="1047"
                    HEIGHT="65">
            <Shape><Polygon POINTS="129 959 1173 960 1176 941 1173 904 935 895 933 895 932 895 910 902 908 902 905 902 861 895 859 895 858 895 829 902 816 905 806 902 792 896 791 896 789 896 684 901 602 905 575 901 545 896 544 896 542 896 529 901 514 905 495 901 477 896 475 896 474 896 453 901 425 907 373 901 349 898 348 898 346 898 345 898 342 901 333 908 267 908 239 899 230 898 229 898 227 898 226 898 218 899 196 907 184 899 182 898 181 898 179 898 178 898 176 898 168 899 141 907 130 899 129 945 129 959"/></Shape>
	    <String CONTENT="uandi non ſunt. Ex hoc autem loco colligitur ec¬"
                    HPOS="129"
                    VPOS="895"
                    WIDTH="1047"
                    HEIGHT="65"
                    WC="0.985024822254976"></String>
          </TextLine>

          
          
          <TextLine ID="eSc_line_87102872"
                    TAGREFS="LT4318"
                    BASELINE="129 1003 1176 1003" 
                    HPOS="129"
                    VPOS="956"
                    WIDTH="1047"
                    HEIGHT="65">
            <Shape><Polygon POINTS="129 1003 129 1020 1174 1021 1176 1003 1176 956 1131 956 1130 956 1128 956 1099 969 1058 969 1045 957 1044 957 1042 957 1041 957 1039 957 1011 965 923 959 884 956 883 956 881 956 874 959 861 965 841 959 828 956 826 956 825 956 800 960 757 968 745 960 739 956 737 956 736 956 734 956 733 956 731 956 724 960 712 969 568 969 556 963 539 956 538 956 536 956 535 956 522 963 514 968 410 968 406 965 397 957 397 956 395 956 394 956 367 956 365 956 364 956 362 956 349 966 345 969 304 969 301 966 287 956 285 956 284 956 237 956 236 956 234 956 214 968 211 969 129 969 129 1003"/></Shape>
	    <String CONTENT="quod ſit verum noſtrarum precum fundamentũ"
                    HPOS="129"
                    VPOS="956"
                    WIDTH="1047"
                    HEIGHT="65"
                    WC="0.98805653217227"></String>
          </TextLine>

          
          
          <TextLine ID="eSc_line_2b6fbaa4"
                    TAGREFS="LT4318"
                    BASELINE="129 1061 1173 1061" 
                    HPOS="129"
                    VPOS="1014"
                    WIDTH="1044"
                    HEIGHT="67">
            <Shape><Polygon POINTS="129 1061 129 1075 1171 1081 1173 1061 1173 1026 1136 1026 1136 1024 1122 1014 1121 1014 1119 1014 1118 1014 1116 1014 1091 1024 1073 1024 994 1024 984 1014 983 1014 981 1014 932 1014 931 1014 929 1014 928 1014 916 1024 914 1024 874 1014 873 1014 871 1014 751 1024 737 1026 687 1026 685 1024 664 1014 663 1014 661 1014 660 1014 629 1023 624 1024 527 1024 527 1023 516 1014 514 1014 513 1014 440 1014 438 1014 437 1014 413 1023 408 1024 404 1023 377 1014 376 1014 374 1014 322 1023 309 1026 255 1026 249 1023 227 1014 226 1014 224 1014 223 1014 205 1023 203 1023 200 1023 175 1015 174 1015 172 1015 129 1021 129 1061"/></Shape>
	    <String CONTENT="nimirum Dei voluntas &amp; promiſſio. Hæc enim"
                    HPOS="129"
                    VPOS="1014"
                    WIDTH="1044"
                    HEIGHT="67"
                    WC="0.988653066612425"></String>
          </TextLine>

          
          
          <TextLine ID="eSc_line_e93b19c8"
                    TAGREFS="LT4318"
                    BASELINE="130 1121 1171 1118" 
                    HPOS="129"
                    VPOS="1069"
                    WIDTH="1042"
                    HEIGHT="71">
            <Shape><Polygon POINTS="130 1121 130 1133 239 1133 255 1140 257 1140 258 1140 348 1133 361 1133 364 1133 383 1140 385 1140 386 1140 419 1134 426 1133 475 1134 648 1140 649 1140 651 1140 652 1140 660 1136 667 1131 704 1136 739 1139 740 1139 773 1136 820 1131 1170 1137 1171 1118 1170 1082 1136 1069 1134 1069 1133 1069 1131 1069 1105 1081 980 1070 978 1070 977 1070 975 1070 965 1079 936 1072 935 1072 933 1072 846 1081 834 1072 832 1072 831 1072 745 1069 743 1069 742 1069 707 1081 693 1069 691 1069 690 1069 651 1069 649 1069 648 1069 646 1069 626 1082 594 1070 593 1070 516 1070 514 1070 513 1070 489 1084 397 1084 383 1072 382 1072 380 1072 379 1072 301 1082 279 1070 278 1070 245 1070 243 1070 242 1070 240 1070 223 1082 144 1076 142 1076 141 1076 139 1076 129 1082 130 1121"/></Shape>
	    <String CONTENT="vna eſt optima rectè legitiméque orandi regula"
                    HPOS="129"
                    VPOS="1069"
                    WIDTH="1042"
                    HEIGHT="71"
                    WC="0.991675073901812"></String>
          </TextLine>

          
          
          <TextLine ID="eSc_line_5b1f9804"
                    TAGREFS="LT4318"
                    BASELINE="130 1177 1170 1177" 
                    HPOS="130"
                    VPOS="1130"
                    WIDTH="1040"
                    HEIGHT="71">
            <Shape><Polygon POINTS="130 1177 130 1200 193 1192 215 1200 217 1200 218 1201 327 1201 327 1200 328 1200 343 1192 367 1200 368 1200 370 1200 371 1200 400 1192 630 1200 632 1200 633 1200 657 1192 749 1200 751 1200 752 1200 768 1192 975 1192 1036 1200 1038 1200 1039 1200 1058 1192 1168 1200 1170 1177 1170 1142 1134 1130 1133 1130 1131 1130 1130 1130 1103 1142 1061 1130 1060 1130 975 1130 974 1130 972 1130 938 1142 902 1130 901 1130 899 1130 804 1142 774 1130 773 1130 709 1130 707 1130 706 1130 682 1143 578 1143 565 1131 565 1130 563 1130 562 1130 523 1130 522 1130 520 1130 519 1130 519 1131 507 1142 456 1142 410 1130 408 1130 407 1130 406 1130 404 1130 388 1143 336 1143 292 1130 291 1130 290 1130 288 1130 258 1143 130 1143 130 1177"/></Shape>
	    <String CONTENT="quemadmodum etiam tradit Ioan. in 1. Epiſtola"
                    HPOS="130"
                    VPOS="1130"
                    WIDTH="1040"
                    HEIGHT="71"
                    WC="0.974269682831234"></String>
          </TextLine>

          
          
          <TextLine ID="eSc_line_7f392b0f"
                    TAGREFS="LT4318"
                    BASELINE="126 1237 1167 1232" 
                    HPOS="124"
                    VPOS="1186"
                    WIDTH="1043"
                    HEIGHT="79">
            <Shape><Polygon POINTS="126 1237 126 1253 153 1253 168 1265 169 1265 171 1265 172 1265 174 1265 211 1256 281 1265 282 1265 284 1265 312 1255 316 1253 333 1255 416 1262 417 1262 453 1255 471 1252 480 1256 493 1262 495 1262 496 1262 532 1256 556 1252 563 1256 575 1264 577 1264 578 1264 580 1264 581 1264 602 1256 617 1252 651 1258 667 1259 669 1259 670 1259 678 1258 697 1252 710 1258 725 1264 727 1264 728 1264 730 1264 749 1258 765 1253 798 1258 807 1259 809 1259 810 1259 812 1259 812 1258 820 1250 896 1252 908 1259 913 1262 914 1262 916 1262 917 1264 1076 1264 1076 1262 1078 1262 1079 1262 1081 1261 1087 1256 1091 1261 1093 1262 1094 1262 1096 1262 1097 1262 1167 1261 1167 1232 1163 1195 1091 1197 1088 1195 1079 1188 1079 1186 1078 1186 1076 1186 1048 1186 1047 1186 1045 1186 1023 1195 1018 1197 1014 1195 984 1186 983 1186 981 1186 980 1186 978 1186 965 1195 962 1198 914 1198 911 1197 898 1186 896 1186 895 1186 893 1186 892 1186 865 1197 862 1197 859 1197 820 1186 819 1186 817 1186 748 1197 739 1198 736 1197 724 1191 722 1191 721 1191 719 1191 694 1198 690 1198 687 1198 664 1188 663 1188 661 1188 660 1188 639 1198 638 1198 618 1189 617 1189 615 1189 614 1189 581 1198 580 1198 560 1188 559 1188 557 1188 556 1188 519 1198 517 1198 471 1188 469 1188 468 1188 423 1200 419 1200 413 1200 340 1189 339 1189 337 1189 336 1189 322 1200 321 1201 232 1201 165 1201 145 1191 144 1191 142 1191 141 1191 124 1198 126 1237"/></Shape>
	    <String CONTENT="cap. 5.verſ. 14. Denique hæc eadem valet in o¬"
                    HPOS="124"
                    VPOS="1186"
                    WIDTH="1043"
                    HEIGHT="79"
                    WC="0.977216267067453"></String>
          </TextLine>

          
          
          <TextLine ID="eSc_line_f09830a2"
                    TAGREFS="LT4318"
                    BASELINE="126 1296 645 1292" 
                    HPOS="124"
                    VPOS="1247"
                    WIDTH="521"
                    HEIGHT="79">
            <Shape><Polygon POINTS="126 1296 126 1313 191 1322 193 1322 194 1322 220 1314 230 1323 232 1323 233 1323 234 1323 236 1323 237 1323 237 1322 246 1314 287 1326 288 1326 290 1326 291 1326 321 1314 330 1311 426 1311 432 1316 444 1323 446 1323 447 1323 449 1323 450 1323 471 1316 483 1311 487 1316 496 1323 498 1323 499 1323 501 1323 643 1316 645 1292 641 1250 511 1256 493 1253 469 1247 468 1247 466 1247 465 1247 456 1253 452 1256 435 1253 403 1249 401 1249 400 1249 398 1249 398 1250 392 1255 389 1259 330 1259 322 1256 298 1249 297 1249 295 1249 294 1249 292 1249 292 1250 284 1256 281 1261 243 1261 236 1258 206 1250 205 1250 203 1250 202 1250 185 1259 184 1259 182 1259 157 1250 156 1250 154 1250 153 1250 124 1259 126 1296"/></Shape>
	    <String CONTENT="mni cultus Dei parte."
                    HPOS="124"
                    VPOS="1247"
                    WIDTH="521"
                    HEIGHT="79"
                    WC="0.996197320166088"></String>
          </TextLine>

          
          
          <TextLine ID="eSc_line_92a5b905"
                    TAGREFS="LT4320"
                    BASELINE="191 1434 898 1421 1161 1429" 
                    HPOS="187"
                    VPOS="1345"
                    WIDTH="973"
                    HEIGHT="113">
            <Shape><Polygon POINTS="189 1432 189 1445 363 1458 365 1458 448 1445 464 1443 475 1445 515 1456 517 1456 519 1456 522 1456 524 1456 539 1445 546 1441 566 1445 615 1454 617 1454 620 1454 653 1445 667 1441 1157 1441 1160 1427 1157 1345 1099 1345 1097 1345 1095 1345 1093 1345 1057 1367 914 1351 910 1351 907 1351 905 1351 827 1369 805 1354 803 1354 800 1354 722 1349 720 1349 718 1349 702 1358 675 1371 644 1358 626 1351 624 1351 622 1351 528 1356 526 1356 524 1356 515 1363 499 1374 446 1365 406 1358 403 1358 359 1367 316 1378 240 1378 229 1371 205 1358 203 1358 200 1358 198 1358 196 1358 187 1363 189 1432"/></Shape>
	    <String CONTENT="4 Qui quoſuis homines vult ſeruari, &amp;"
                    HPOS="187"
                    VPOS="1345"
                    WIDTH="973"
                    HEIGHT="113"></String>
          </TextLine>

          
          
          <TextLine ID="eSc_line_e7492c6e"
                    TAGREFS="LT4320"
                    BASELINE="126 1490 883 1490" 
                    HPOS="126"
                    VPOS="1439"
                    WIDTH="757"
                    HEIGHT="79">
            <Shape><Polygon POINTS="126 1508 209 1516 211 1518 301 1518 301 1516 303 1516 304 1516 304 1515 310 1509 312 1509 318 1511 359 1516 361 1516 431 1511 456 1509 520 1509 523 1512 529 1516 530 1516 532 1516 533 1516 584 1512 618 1509 627 1512 638 1516 639 1516 641 1516 672 1512 700 1509 706 1513 710 1516 712 1516 713 1516 715 1516 743 1513 777 1509 789 1513 798 1516 800 1516 801 1516 883 1513 883 1490 883 1448 654 1439 652 1439 651 1439 618 1447 568 1439 566 1439 529 1447 489 1439 487 1439 350 1447 294 1439 292 1439 291 1439 258 1447 172 1439 171 1439 126 1447 126 1490"/></Shape>
	    <String CONTENT="ad agnitionem veritatis venire"
                    HPOS="126"
                    VPOS="1439"
                    WIDTH="757"
                    HEIGHT="79"
                    WC="0.980181370178858"></String>
          </TextLine>

          
          
          <TextLine ID="eSc_line_9c8911ad"
                    TAGREFS="LT4318"
                    BASELINE="179 1592 1171 1588" 
                    HPOS="178"
                    VPOS="1534"
                    WIDTH="993"
                    HEIGHT="78">
            <Shape><Polygon POINTS="179 1592 179 1609 1168 1612 1171 1588 1168 1543 983 1534 981 1534 980 1534 978 1534 978 1536 968 1545 965 1548 867 1548 859 1546 806 1536 804 1536 803 1536 777 1546 774 1548 771 1546 752 1537 751 1537 749 1537 748 1537 719 1546 715 1548 706 1548 646 1540 645 1540 590 1548 563 1536 562 1536 560 1536 559 1536 557 1536 557 1537 544 1549 468 1549 429 1549 416 1539 416 1537 414 1537 413 1537 411 1537 410 1537 373 1549 322 1537 321 1537 319 1537 318 1537 301 1549 202 1537 200 1537 199 1537 197 1537 178 1548 179 1592"/></Shape>
	    <String CONTENT="Altera ratio quæ à connexis ſumpta eſt. Non"
                    HPOS="178"
                    VPOS="1534"
                    WIDTH="993"
                    HEIGHT="78"
                    WC="0.994597061113878"></String>
          </TextLine>

          
          
          <TextLine ID="eSc_line_a9eddaf8"
                    TAGREFS="LT4318"
                    BASELINE="121 1649 1167 1644" 
                    HPOS="120"
                    VPOS="1597"
                    WIDTH="1047"
                    HEIGHT="77">
            <Shape><Polygon POINTS="121 1649 121 1665 370 1674 371 1674 373 1674 394 1665 398 1665 548 1673 550 1673 678 1665 736 1673 737 1673 739 1673 767 1664 770 1664 917 1671 919 1671 978 1662 981 1662 984 1662 1017 1671 1018 1671 1020 1671 1021 1671 1051 1662 1052 1662 1054 1662 1116 1671 1118 1671 1119 1671 1121 1671 1131 1662 1165 1662 1167 1644 1163 1606 1008 1606 1003 1604 980 1597 978 1597 977 1597 895 1604 878 1606 870 1604 832 1597 831 1597 829 1597 828 1597 817 1604 813 1607 785 1604 740 1600 739 1600 737 1600 719 1604 709 1607 703 1604 693 1600 691 1600 690 1600 639 1604 603 1607 593 1604 575 1598 574 1598 572 1598 571 1598 569 1598 560 1604 554 1607 538 1604 508 1598 507 1598 505 1598 484 1604 465 1610 425 1610 416 1604 411 1600 410 1600 408 1600 407 1600 406 1600 404 1600 400 1604 392 1610 309 1610 297 1604 290 1600 288 1600 287 1600 267 1604 242 1609 120 1604 121 1649"/></Shape>
	    <String CONTENT="ſunt enim priuandi &amp; excludendi à publicis Ec¬"
                    HPOS="120"
                    VPOS="1597"
                    WIDTH="1047"
                    HEIGHT="77"
                    WC="0.988894376348942"></String>
          </TextLine>

          
          
          <TextLine ID="eSc_line_cdbe2148"
                    TAGREFS="LT4318"
                    BASELINE="120 1708 1167 1705" 
                    HPOS="118"
                    VPOS="1655"
                    WIDTH="1049"
                    HEIGHT="77">
            <Shape><Polygon POINTS="120 1708 120 1722 245 1731 246 1731 248 1731 249 1731 260 1723 270 1732 272 1732 273 1732 275 1732 276 1732 309 1723 312 1723 313 1723 325 1732 327 1732 328 1732 330 1732 331 1732 364 1725 370 1723 376 1725 410 1732 411 1732 413 1732 428 1725 431 1723 481 1725 641 1732 642 1732 685 1726 722 1722 733 1726 740 1731 742 1731 743 1731 761 1728 783 1722 791 1728 792 1729 794 1729 795 1729 797 1729 813 1728 847 1723 895 1728 925 1731 926 1731 939 1728 971 1722 1003 1729 1015 1731 1017 1731 1027 1729 1054 1723 1061 1729 1063 1731 1064 1731 1066 1731 1067 1731 1167 1729 1167 1705 1163 1655 1102 1664 1057 1656 1055 1656 1054 1656 1052 1656 1038 1665 959 1656 948 1656 947 1656 945 1656 944 1656 944 1658 929 1667 823 1667 776 1659 749 1656 748 1656 727 1659 699 1665 672 1661 648 1656 646 1656 645 1656 626 1661 602 1667 565 1662 529 1658 527 1658 345 1665 288 1667 275 1665 200 1658 199 1658 197 1658 176 1667 142 1658 141 1658 139 1658 138 1658 118 1665 120 1708"/></Shape>
	    <String CONTENT="cleſiæ precibus ii, ex quibus Deus ipſe colligit"
                    HPOS="118"
                    VPOS="1655"
                    WIDTH="1049"
                    HEIGHT="77"
                    WC="0.979310045639674"></String>
          </TextLine>

          
          
          <TextLine ID="eSc_line_ef009ae7"
                    TAGREFS="LT4318"
                    BASELINE="120 1766 1164 1762" 
                    HPOS="118"
                    VPOS="1716"
                    WIDTH="1046"
                    HEIGHT="74">
            <Shape><Polygon POINTS="120 1766 120 1781 310 1781 315 1781 362 1790 364 1790 365 1790 403 1781 404 1781 406 1781 465 1790 466 1790 468 1790 496 1781 501 1780 519 1781 615 1789 617 1790 667 1790 667 1789 669 1789 670 1789 682 1780 684 1780 713 1789 715 1789 716 1789 755 1780 758 1780 759 1780 800 1789 801 1789 852 1780 862 1778 887 1780 1005 1787 1006 1789 1142 1789 1142 1787 1143 1787 1164 1778 1164 1762 1161 1723 935 1716 933 1716 932 1716 931 1716 931 1717 925 1722 917 1728 873 1722 847 1719 846 1719 844 1719 837 1722 822 1728 810 1722 804 1719 803 1719 801 1719 800 1719 791 1722 768 1729 734 1722 715 1717 713 1717 712 1717 704 1722 688 1729 626 1722 624 1722 585 1729 562 1720 551 1717 550 1717 548 1717 547 1717 545 1717 541 1720 526 1731 413 1731 392 1720 391 1720 389 1720 388 1720 368 1731 328 1723 327 1723 291 1731 273 1720 272 1719 270 1719 269 1719 209 1719 208 1719 206 1719 203 1720 181 1731 166 1720 166 1719 165 1719 163 1719 162 1719 118 1719 120 1766"/></Shape>
	    <String CONTENT="Eccleſiam, &amp; qui ad eam ſpe promiſſionéque"
                    HPOS="118"
                    VPOS="1716"
                    WIDTH="1046"
                    HEIGHT="74"
                    WC="0.992532667725585"></String>
          </TextLine>

          
          
          <TextLine ID="eSc_line_537b40c8"
                    TAGREFS="LT4318"
                    BASELINE="118 1826 1165 1821" 
                    HPOS="117"
                    VPOS="1772"
                    WIDTH="1048"
                    HEIGHT="76">
            <Shape><Polygon POINTS="118 1826 118 1842 462 1848 464 1848 465 1848 466 1848 466 1847 474 1841 475 1839 489 1841 551 1847 553 1847 734 1839 813 1847 815 1847 986 1838 994 1845 996 1845 997 1845 999 1847 1115 1847 1115 1845 1165 1835 1165 1821 1161 1783 999 1786 948 1781 853 1772 852 1772 850 1772 828 1781 817 1786 807 1781 792 1774 791 1774 748 1774 746 1774 745 1774 731 1781 721 1786 710 1781 701 1777 700 1777 699 1777 697 1777 696 1777 696 1778 691 1781 684 1789 649 1789 638 1780 632 1777 630 1777 629 1777 627 1777 603 1780 578 1784 565 1780 544 1774 542 1774 541 1774 498 1780 443 1789 391 1780 370 1777 368 1777 367 1777 359 1780 336 1790 264 1790 246 1780 240 1777 239 1777 237 1777 236 1777 234 1777 232 1780 220 1787 208 1780 203 1775 202 1775 200 1775 199 1775 117 1778 118 1826"/></Shape>
	    <String CONTENT="à Deo accepta pertinent. At Magiſtratus, etiam"
                    HPOS="117"
                    VPOS="1772"
                    WIDTH="1048"
                    HEIGHT="76"
                    WC="0.985318161071615"></String>
          </TextLine>

          
          
          <TextLine ID="eSc_line_5b4b7f26"
                    TAGREFS="LT4318"
                    BASELINE="123 1884 1163 1878" 
                    HPOS="121"
                    VPOS="1832"
                    WIDTH="1042"
                    HEIGHT="74">
            <Shape><Polygon POINTS="123 1884 123 1899 304 1906 306 1906 307 1906 309 1906 321 1899 345 1906 346 1906 348 1906 349 1906 383 1897 388 1897 568 1897 641 1905 642 1905 697 1896 700 1896 706 1896 797 1903 798 1903 800 1903 816 1896 901 1903 902 1903 993 1896 1051 1902 1052 1902 1054 1902 1073 1894 1146 1902 1148 1902 1149 1902 1151 1902 1163 1893 1163 1878 1160 1844 938 1832 936 1832 881 1841 862 1833 861 1833 859 1833 858 1833 856 1833 840 1844 687 1833 685 1833 684 1833 639 1845 577 1835 575 1835 574 1835 556 1842 548 1835 547 1835 545 1835 465 1835 464 1835 462 1835 461 1835 450 1842 441 1835 440 1835 438 1835 404 1835 403 1835 401 1835 376 1847 356 1836 355 1836 353 1836 352 1836 324 1848 211 1848 178 1836 176 1836 175 1836 121 1848 123 1884"/></Shape>
	    <String CONTENT="qui nunc ſunt à Dei cognitione alieniſſimi, ſpe"
                    HPOS="121"
                    VPOS="1832"
                    WIDTH="1042"
                    HEIGHT="74"
                    WC="0.987795227517684"></String>
          </TextLine>

          
          
          <TextLine ID="eSc_line_71b19146"
                    TAGREFS="LT4318"
                    BASELINE="121 1940 1163 1937" 
                    HPOS="120"
                    VPOS="1894"
                    WIDTH="1043"
                    HEIGHT="70">
            <Shape><Polygon POINTS="121 1940 121 1955 461 1964 462 1964 464 1964 465 1964 478 1955 480 1955 551 1964 553 1964 599 1955 981 1963 983 1963 984 1963 986 1963 1000 1954 1021 1963 1023 1963 1024 1963 1026 1963 1061 1954 1118 1963 1119 1963 1161 1952 1163 1937 1158 1899 1103 1903 1082 1899 1061 1894 1060 1894 1058 1894 1049 1899 1044 1902 1036 1899 1024 1894 1023 1894 1021 1894 1020 1894 1018 1894 1011 1899 1003 1905 917 1905 913 1900 908 1896 907 1896 905 1896 823 1894 822 1894 820 1894 800 1900 792 1903 788 1900 780 1896 779 1896 777 1896 776 1896 727 1902 719 1902 712 1902 657 1894 655 1894 654 1894 652 1894 643 1902 641 1905 575 1905 572 1903 566 1897 565 1897 563 1897 562 1897 560 1897 548 1903 542 1905 538 1903 522 1896 520 1896 519 1896 437 1903 422 1905 419 1903 408 1896 407 1896 406 1896 404 1896 403 1896 401 1896 392 1903 391 1906 342 1906 339 1905 310 1896 309 1896 307 1896 306 1896 304 1896 294 1905 292 1906 205 1906 205 1905 127 1896 126 1896 124 1896 123 1896 123 1897 121 1897 120 1897 121 1940"/></Shape>
	    <String CONTENT="tamen ad eam pertinent. Quamobrem non ſunt"
                    HPOS="120"
                    VPOS="1894"
                    WIDTH="1043"
                    HEIGHT="70"
                    WC="0.986389292137963"></String>
          </TextLine>

          
          
          <TextLine ID="eSc_line_dd07608a"
                    TAGREFS="LT4318"
                    BASELINE="121 2001 1163 1995" 
                    HPOS="120"
                    VPOS="1951"
                    WIDTH="1043"
                    HEIGHT="73">
            <Shape><Polygon POINTS="121 2001 121 2015 227 2015 230 2015 261 2024 263 2024 264 2024 266 2024 292 2016 321 2024 322 2024 324 2024 325 2024 327 2024 339 2016 388 2022 389 2022 391 2022 416 2013 419 2013 434 2013 539 2021 541 2021 542 2021 556 2015 615 2022 617 2022 618 2022 642 2013 858 2021 859 2021 861 2021 886 2012 1100 2019 1102 2019 1161 2009 1163 1995 1160 1963 936 1951 935 1951 855 1952 853 1952 834 1963 780 1952 779 1952 701 1963 655 1952 654 1952 652 1952 651 1952 635 1966 602 1966 587 1954 585 1954 584 1954 582 1954 532 1964 469 1954 468 1954 466 1954 465 1954 447 1966 380 1966 367 1955 365 1955 364 1955 362 1955 310 1966 287 1955 285 1955 284 1955 282 1955 246 1964 191 1955 190 1955 188 1955 187 1955 187 1957 175 1966 136 1960 135 1960 133 1960 120 1966 121 2001"/></Shape>
	    <String CONTENT="eo fructu, dono &amp; ea ſpe defraudandi. Ac propo¬"
                    HPOS="120"
                    VPOS="1951"
                    WIDTH="1043"
                    HEIGHT="73"
                    WC="0.992652928575556"></String>
          </TextLine>

          
          
          <TextLine ID="eSc_line_7bf37ce1"
                    TAGREFS="LT4318"
                    BASELINE="121 2056 1163 2053" 
                    HPOS="120"
                    VPOS="2007"
                    WIDTH="1043"
                    HEIGHT="75">
            <Shape><Polygon POINTS="121 2056 121 2073 263 2082 264 2082 318 2074 337 2073 353 2076 389 2082 391 2082 392 2082 404 2076 410 2073 431 2076 469 2082 471 2082 510 2076 535 2073 553 2077 577 2082 578 2082 642 2077 724 2071 884 2071 917 2079 923 2080 925 2080 926 2080 933 2079 977 2071 996 2080 997 2080 999 2080 1000 2082 1161 2082 1163 2053 1158 2013 1054 2019 1032 2013 1014 2007 1012 2007 1011 2007 1009 2007 1008 2007 1002 2013 993 2021 936 2021 916 2013 899 2007 898 2007 837 2007 835 2007 834 2007 832 2007 832 2009 826 2013 819 2021 795 2021 776 2013 759 2007 758 2007 757 2007 755 2007 736 2013 724 2016 707 2013 676 2007 675 2007 673 2007 657 2013 638 2021 623 2013 618 2012 617 2012 615 2012 614 2012 606 2013 582 2019 575 2013 569 2009 568 2009 566 2009 565 2009 563 2009 554 2013 539 2022 489 2022 478 2013 475 2010 474 2010 472 2010 471 2010 469 2010 461 2013 441 2021 429 2013 422 2009 420 2009 419 2009 417 2009 392 2013 356 2021 331 2013 315 2009 313 2009 312 2009 310 2009 297 2013 278 2022 206 2022 197 2013 191 2009 190 2009 188 2009 187 2009 120 2013 121 2056"/></Shape>
	    <String CONTENT="ſitio quidem huius ſyllogiſmi veriſſima eſt, quæ"
                    HPOS="120"
                    VPOS="2007"
                    WIDTH="1043"
                    HEIGHT="75"
                    WC="0.989536767204603"></String>
          </TextLine>

          
          
          <TextLine ID="eSc_line_88dca499"
                    TAGREFS="LT4318"
                    BASELINE="121 2117 1163 2110" 
                    HPOS="120"
                    VPOS="2068"
                    WIDTH="1043"
                    HEIGHT="67">
            <Shape><Polygon POINTS="121 2117 121 2135 1161 2135 1163 2110 1160 2080 1112 2068 1110 2068 1024 2079 962 2068 960 2068 959 2068 957 2068 938 2080 905 2070 904 2070 877 2070 875 2070 874 2070 873 2070 873 2071 861 2080 754 2071 752 2071 751 2071 707 2083 566 2083 539 2071 538 2071 536 2071 535 2071 533 2071 517 2083 330 2073 328 2073 327 2073 287 2085 220 2076 218 2076 217 2076 199 2083 142 2077 141 2077 139 2077 120 2085 121 2117"/></Shape>
	    <String CONTENT="non tantùm hac ratione quæ naturalis eſt confir¬"
                    HPOS="120"
                    VPOS="2068"
                    WIDTH="1043"
                    HEIGHT="67"
                    WC="0.974039295498206"></String>
          </TextLine>

          
          
          <TextLine ID="eSc_line_ceb91b68"
                    TAGREFS="LT4318"
                    BASELINE="120 2177 1165 2171" 
                    HPOS="118"
                    VPOS="2131"
                    WIDTH="1047"
                    HEIGHT="80">
            <Shape><Polygon POINTS="120 2177 121 2205 144 2196 208 2196 261 2204 313 2211 315 2211 316 2211 349 2202 368 2198 376 2202 386 2210 388 2210 389 2210 391 2211 538 2211 538 2210 539 2210 572 2199 577 2199 581 2199 636 2210 638 2210 639 2210 641 2210 658 2199 666 2195 679 2198 694 2202 696 2202 697 2202 699 2202 712 2198 728 2192 938 2192 944 2195 960 2207 962 2207 963 2207 965 2208 1125 2208 1125 2207 1127 2207 1165 2192 1165 2171 1161 2131 118 2135 120 2177"/></Shape>
	    <String CONTENT="matur, quòd quæ ſunt inter ſe connexa, non ſunt"
                    HPOS="118"
                    VPOS="2131"
                    WIDTH="1047"
                    HEIGHT="80"
                    WC="0.988093869139751"></String>
          </TextLine>

          
        </TextBlock>
        
        <TextBlock HPOS="857.6800537109375"
                   VPOS="2197.755859375"
                   WIDTH="117.56463623046875"
                   HEIGHT="62.967529296875"
                   ID="block_2"
                   TAGREFS="BT10978">
          <Shape><Polygon POINTS="857.68 2197.76 975.245 2197.76 975.245 2260.72 857.68 2260.72 857.68 2197.76"/></Shape>
          
          
          <TextLine ID="eSc_line_fb09d3ae"
                    TAGREFS="LT4318"
                    BASELINE="880 2233 957 2238" 
                    HPOS="877"
                    VPOS="2178"
                    WIDTH="82"
                    HEIGHT="98">
            <Shape><Polygon POINTS="880 2233 877 2275 953 2276 957 2238 959 2184 881 2178 880 2233"/></Shape>
	    <String CONTENT="d.ij"
                    HPOS="877"
                    VPOS="2178"
                    WIDTH="82"
                    HEIGHT="98"></String>
          </TextLine>

          
        </TextBlock>
        

        
      </PrintSpace>
    </Page>
  </Layout>
</alto>
