<?xml version="1.0" encoding="UTF-8"?>
<alto xmlns:xsi="http://www.w3.org/2001/XMLSchema-instance"
      xmlns="http://www.loc.gov/standards/alto/ns-v4#"
      xsi:schemaLocation="http://www.loc.gov/standards/alto/ns-v4# http://www.loc.gov/standards/alto/v4/alto-4-2.xsd">
  <Description>
    <MeasurementUnit>pixel</MeasurementUnit>
    <sourceImageInformation>
      <fileName>2012951.png</fileName>
      
    </sourceImageInformation>
  </Description>
  
  <Tags>
    <OtherTag ID="BT10544" LABEL="text" DESCRIPTION="block type text"/><OtherTag ID="BT10543" LABEL="NumberingZone" DESCRIPTION="block type NumberingZone"/><OtherTag ID="BT10542" LABEL="MainZone" DESCRIPTION="block type MainZone"/><OtherTag ID="BT10538" LABEL="RunningTitleZone" DESCRIPTION="block type RunningTitleZone"/><OtherTag ID="BT10537" LABEL="DropCapitalZone" DESCRIPTION="block type DropCapitalZone"/><OtherTag ID="BT10536" LABEL="GraphicZone" DESCRIPTION="block type GraphicZone"/><OtherTag ID="BT10535" LABEL="TitlePageZone" DESCRIPTION="block type TitlePageZone"/><OtherTag ID="BT10534" LABEL="QuireMarksZone" DESCRIPTION="block type QuireMarksZone"/><OtherTag ID="BT10533" LABEL="MarginTextZone" DESCRIPTION="block type MarginTextZone"/>
    <OtherTag ID="LT4122" LABEL="default" DESCRIPTION="line type default"/><OtherTag ID="LT4119" LABEL="DefaultLine" DESCRIPTION="line type DefaultLine"/><OtherTag ID="LT4118" LABEL="HeadingLine" DESCRIPTION="line type HeadingLine"/><OtherTag ID="LT4117" LABEL="CustomLine : BiblicalText" DESCRIPTION="line type CustomLine : BiblicalText"/>
  </Tags>
  
  <Layout>
    <Page WIDTH="1807"
          HEIGHT="2677"
          PHYSICAL_IMG_NR="67"
          ID="eSc_dummypage_">
      <PrintSpace HPOS="0"
                  VPOS="0"
                  WIDTH="1807"
                  HEIGHT="2677">
        
        <TextBlock HPOS="477.4921875"
                   VPOS="176.18458557128906"
                   WIDTH="359.375244140625"
                   HEIGHT="63.9429931640625"
                   ID="block_3"
                   TAGREFS="BT10538">
          <Shape><Polygon POINTS="477.492 176.185 836.867 176.185 836.867 240.128 477.492 240.128 477.492 176.185"/></Shape>
          
          
          <TextLine ID="eSc_line_68607bac"
                    TAGREFS="LT4118"
                    BASELINE="481 221 829 220" 
                    HPOS="480"
                    VPOS="172"
                    WIDTH="349"
                    HEIGHT="74">
            <Shape><Polygon POINTS="792 181 777 181 762 181 759 179 751 185 697 185 679 178 673 178 658 176 646 176 623 184 545 184 529 172 524 172 510 172 495 172 480 176 480 178 481 221 481 236 682 245 684 245 718 239 725 245 725 246 727 246 728 246 730 246 828 237 829 220 828 185 816 182 807 182"/></Shape>
	    <String CONTENT="CAPVT II."
                    HPOS="480"
                    VPOS="172"
                    WIDTH="349"
                    HEIGHT="74"
                    WC="0.99831669860416"></String>
          </TextLine>

          
        </TextBlock>
        
        <TextBlock HPOS="1114.3740234375"
                   VPOS="190.80233764648438"
                   WIDTH="74.1170654296875"
                   HEIGHT="52.21722412109375"
                   ID="block_2"
                   TAGREFS="BT10543">
          <Shape><Polygon POINTS="1114.37 190.802 1188.49 190.802 1188.49 243.02 1114.37 243.02 1114.37 190.802"/></Shape>
          
          
          <TextLine ID="eSc_line_5cb36ce4"
                    TAGREFS="LT4119"
                    BASELINE="1127 234 1179 230" 
                    HPOS="1122"
                    VPOS="187"
                    WIDTH="57"
                    HEIGHT="68">
            <Shape><Polygon POINTS="1167 190 1161 187 1128 187 1122 190 1127 234 1128 254 1179 255 1179 230 1174 194 1167 190"/></Shape>
	    <String CONTENT="39"
                    HPOS="1122"
                    VPOS="187"
                    WIDTH="57"
                    HEIGHT="68"
                    WC="0.999829173088074"></String>
          </TextLine>

          
        </TextBlock>
        
        <TextBlock HPOS="129.329345703125"
                   VPOS="246.49134826660156"
                   WIDTH="1079.42919921875"
                   HEIGHT="1949.5198822021484"
                   ID="block_0"
                   TAGREFS="BT10542">
          <Shape><Polygon POINTS="129.329 246.491 1208.76 246.491 1208.76 2196.01 129.329 2196.01 129.329 246.491"/></Shape>
          
          
          <TextLine ID="eSc_line_8a62d3ad"
                    TAGREFS="LT4119"
                    BASELINE="138 297 630 302" 
                    HPOS="133"
                    VPOS="247"
                    WIDTH="496"
                    HEIGHT="74">
            <Shape><Polygon POINTS="515 247 493 247 470 247 448 247 426 247 403 247 381 247 359 247 352 252 332 252 189 252 187 249 182 247 180 247 158 247 136 247 136 247 136 296 133 321 626 321 629 301 626 254 519 247 515 247"/></Shape>
	    <String CONTENT="dante) explicabuntur."
                    HPOS="133"
                    VPOS="247"
                    WIDTH="496"
                    HEIGHT="74"
                    WC="0.983283394858951"></String>
          </TextLine>

          
          
          <TextLine ID="eSc_line_556f403d"
                    TAGREFS="LT4119"
                    BASELINE="194 352 1186 349" 
                    HPOS="193"
                    VPOS="303"
                    WIDTH="993"
                    HEIGHT="77">
            <Shape><Polygon POINTS="194 370 261 370 264 371 272 379 273 379 275 379 276 380 340 380 340 379 342 379 355 371 359 370 542 370 547 373 556 379 557 379 559 379 560 379 591 374 605 371 618 374 641 379 642 379 664 374 691 368 724 374 740 377 742 377 791 376 916 368 1003 377 1017 377 1018 377 1020 377 1021 377 1044 368 1054 377 1055 377 1057 377 1058 379 1185 379 1186 349 1183 313 1109 303 1054 303 1052 303 1051 303 1049 303 1036 312 951 303 950 303 948 303 947 303 936 313 899 313 867 303 865 303 864 303 862 303 861 303 846 312 815 303 813 303 690 303 688 303 687 303 654 313 568 304 566 304 565 304 563 304 548 315 423 315 397 304 395 304 394 304 349 313 298 304 297 304 255 313 212 304 211 304 209 304 208 304 193 312 194 352"/></Shape>
	    <String CONTENT="Loquitur autem imprimis Paulus de publicis"
                    HPOS="193"
                    VPOS="303"
                    WIDTH="993"
                    HEIGHT="77"
                    WC="0.985440820455551"></String>
          </TextLine>

          
          
          <TextLine ID="eSc_line_c9ccb49a"
                    TAGREFS="LT4119"
                    BASELINE="136 414 1189 407" 
                    HPOS="135"
                    VPOS="359"
                    WIDTH="1054"
                    HEIGHT="81">
            <Shape><Polygon POINTS="136 414 136 432 345 440 346 440 348 440 367 431 370 431 388 431 517 438 519 438 651 429 660 429 667 429 765 437 767 437 820 428 826 428 834 428 907 435 908 435 910 435 911 435 920 428 925 428 1154 434 1155 434 1157 434 1189 425 1189 407 1186 373 1085 373 1084 371 1051 359 1049 359 1048 359 1047 359 1006 371 1003 371 1000 371 951 361 950 361 948 361 931 371 925 374 864 374 856 370 841 362 840 362 838 362 837 362 835 362 826 370 823 373 813 370 783 361 782 361 780 361 779 361 777 361 767 370 762 374 743 370 712 362 673 362 672 362 670 362 657 368 646 374 621 368 591 362 590 362 588 362 571 368 548 376 496 368 464 364 462 364 461 364 446 368 419 376 398 368 389 364 388 364 386 364 385 364 383 364 379 367 362 377 324 379 278 379 251 367 246 365 245 365 243 365 242 365 236 367 208 374 197 367 196 365 194 365 193 365 191 365 135 365 136 414"/></Shape>
	    <String CONTENT="Eccleſiæ precibus, nõ de ſingulorum Chriſtiano¬"
                    HPOS="135"
                    VPOS="359"
                    WIDTH="1054"
                    HEIGHT="81"
                    WC="0.992052350193262"></String>
          </TextLine>

          
          
          <TextLine ID="eSc_line_cd81c81a"
                    TAGREFS="LT4119"
                    BASELINE="135 475 1188 466" 
                    HPOS="133"
                    VPOS="423"
                    WIDTH="1055"
                    HEIGHT="78">
            <Shape><Polygon POINTS="135 475 135 489 223 501 224 501 300 490 310 489 394 489 398 490 414 499 416 499 417 499 483 490 507 487 544 490 602 495 603 495 645 490 685 486 697 490 712 496 713 496 715 498 786 498 786 496 788 496 812 490 837 484 875 490 904 495 905 495 907 495 922 490 945 484 968 490 983 495 984 495 986 495 1188 490 1188 466 1183 434 990 434 957 423 956 423 954 423 910 434 889 423 887 423 844 423 843 423 841 423 840 423 840 425 826 435 724 428 722 428 721 428 703 435 663 425 661 425 660 425 536 426 455 438 373 428 371 428 301 440 188 429 187 429 133 441 135 475"/></Shape>
	    <String CONTENT="rum priuatis precationibus, quæ fiunt à quoque"
                    HPOS="133"
                    VPOS="423"
                    WIDTH="1055"
                    HEIGHT="78"
                    WC="0.994444489479065"></String>
          </TextLine>

          
          
          <TextLine ID="eSc_line_9e93f07a"
                    TAGREFS="LT4119"
                    BASELINE="139 532 1189 524" 
                    HPOS="138"
                    VPOS="478"
                    WIDTH="1051"
                    HEIGHT="76">
            <Shape><Polygon POINTS="139 532 139 545 348 554 349 554 422 544 429 544 435 544 468 551 469 551 514 544 517 544 519 544 539 553 541 553 542 553 544 553 580 544 585 542 608 544 731 551 733 551 800 542 813 541 825 542 884 550 886 550 1163 548 1164 548 1189 539 1189 524 1186 489 1121 489 1109 478 1107 478 1106 478 1105 478 1024 487 1005 478 1003 478 1002 478 1000 478 963 489 931 480 929 480 928 480 884 489 840 480 838 480 837 480 835 480 825 490 767 490 590 481 588 481 184 493 162 484 160 484 159 484 157 484 138 493 139 532"/></Shape>
	    <String CONTENT="domi &amp; in conclaui. Nec enim has in domibus"
                    HPOS="138"
                    VPOS="478"
                    WIDTH="1051"
                    HEIGHT="76"
                    WC="0.982860010723735"></String>
          </TextLine>

          
          
          <TextLine ID="eSc_line_189ed52b"
                    TAGREFS="LT4119"
                    BASELINE="136 593 1189 584" 
                    HPOS="135"
                    VPOS="538"
                    WIDTH="1054"
                    HEIGHT="83">
            <Shape><Polygon POINTS="136 593 136 609 197 611 209 621 211 621 212 621 214 621 270 614 307 621 309 621 310 621 330 611 333 609 348 611 425 620 426 620 542 611 574 609 584 611 611 618 612 618 614 618 648 611 673 606 697 612 715 615 716 615 718 615 725 612 736 606 806 612 817 612 819 612 820 612 822 612 840 605 865 612 877 615 878 615 880 615 881 615 890 612 907 606 975 612 1011 615 1012 615 1014 615 1021 612 1041 603 1060 612 1063 614 1064 614 1066 614 1189 612 1189 584 1185 539 1020 547 1006 539 1005 538 1003 538 1002 538 951 538 950 538 948 538 947 538 945 539 935 548 875 548 849 541 840 538 838 538 837 538 798 539 797 539 795 539 795 541 794 541 783 551 703 551 672 541 663 539 661 539 660 539 658 539 652 542 632 553 529 553 519 542 517 542 517 541 516 541 514 541 486 541 484 541 411 542 410 542 408 542 389 553 340 544 331 542 330 542 328 542 325 544 303 553 260 544 257 544 255 544 254 544 252 544 227 554 135 545 136 593"/></Shape>
	    <String CONTENT="ſingulorum fidelium paſtores facere debent: vel"
                    HPOS="135"
                    VPOS="538"
                    WIDTH="1054"
                    HEIGHT="83"
                    WC="0.989829850957749"></String>
          </TextLine>

          
          
          <TextLine ID="eSc_line_e7b2b47a"
                    TAGREFS="LT4119"
                    BASELINE="138 648 392 648" 
                    HPOS="138"
                    VPOS="605"
                    WIDTH="254"
                    HEIGHT="68">
            <Shape><Polygon POINTS="138 648 138 673 392 672 392 648 392 618 261 605 260 605 258 605 257 605 248 612 240 617 223 611 206 605 205 605 203 605 202 605 193 609 185 612 138 608 138 648"/></Shape>
	    <String CONTENT="ſufficiunt."
                    HPOS="138"
                    VPOS="605"
                    WIDTH="254"
                    HEIGHT="68"
                    WC="0.987521068616347"></String>
          </TextLine>

          
          
          <TextLine ID="eSc_line_ab331a74"
                    TAGREFS="LT4119"
                    BASELINE="157 707 1188 701" 
                    HPOS="156"
                    VPOS="652"
                    WIDTH="1032"
                    HEIGHT="82">
            <Shape><Polygon POINTS="157 707 157 725 348 734 349 734 350 734 376 727 383 725 398 727 428 731 429 731 458 727 481 724 496 727 516 733 517 733 519 733 520 733 538 728 551 724 556 728 562 733 563 733 565 733 566 734 605 734 605 733 635 728 664 724 791 724 801 728 804 731 806 731 807 731 809 731 834 728 898 722 920 730 926 731 928 731 929 731 951 730 1035 721 1047 728 1048 728 1049 728 1185 730 1188 701 1185 664 1069 664 1035 652 1033 652 1032 652 1030 652 1005 663 989 652 987 652 986 652 935 652 933 652 932 652 911 660 870 655 868 655 867 655 865 655 855 664 829 654 828 654 826 654 728 663 672 654 670 654 615 664 559 655 557 655 556 655 524 667 471 667 444 655 443 655 441 655 440 655 406 667 272 658 270 658 269 658 248 667 220 657 218 657 217 657 215 657 214 657 214 658 202 669 156 669 157 707"/></Shape>
	    <String CONTENT="Sed primo loco quæſitum eſt. Quot ſint pa¬"
                    HPOS="156"
                    VPOS="652"
                    WIDTH="1032"
                    HEIGHT="82"
                    WC="0.987729948191416"></String>
          </TextLine>

          
          
          <TextLine ID="eSc_line_be3ad8f4"
                    TAGREFS="LT4119"
                    BASELINE="138 768 1191 761" 
                    HPOS="136"
                    VPOS="715"
                    WIDTH="1055"
                    HEIGHT="74">
            <Shape><Polygon POINTS="138 768 138 789 1191 783 1191 761 1186 725 1082 725 1079 724 1064 715 1063 715 1061 715 1021 715 1020 715 981 724 966 728 798 728 786 722 770 716 768 716 767 716 765 716 764 716 755 722 746 728 633 722 597 721 596 721 578 722 493 730 466 721 459 719 458 719 456 719 441 721 395 730 362 721 355 719 353 719 352 719 350 719 343 721 304 731 292 722 292 721 291 721 290 721 136 721 138 768"/></Shape>
	    <String CONTENT="ſtoralis curæ &amp; muneris partes, vt intelligatur"
                    HPOS="136"
                    VPOS="715"
                    WIDTH="1055"
                    HEIGHT="74"
                    WC="0.998051916031127"></String>
          </TextLine>

          
          
          <TextLine ID="eSc_line_19f93a3d"
                    TAGREFS="LT4119"
                    BASELINE="142 826 1188 819" 
                    HPOS="141"
                    VPOS="773"
                    WIDTH="1047"
                    HEIGHT="76">
            <Shape><Polygon POINTS="142 826 142 840 171 847 172 847 174 847 175 847 182 841 184 840 240 840 243 841 257 849 258 849 260 849 261 849 358 841 403 838 441 841 511 849 513 849 550 843 581 837 597 843 603 844 605 844 606 844 636 843 715 837 746 843 767 847 768 847 806 843 873 835 883 844 884 844 884 846 886 846 887 846 889 847 972 847 972 846 984 844 1041 834 1058 843 1060 843 1061 843 1094 837 1185 844 1188 819 1185 783 1124 773 1122 773 1070 782 1033 773 1032 773 1030 773 972 783 966 783 962 783 931 774 929 774 928 774 926 774 905 783 902 783 899 783 868 774 867 774 865 774 791 783 765 785 699 783 562 777 560 777 502 783 459 786 446 783 429 777 428 777 426 777 425 777 414 783 407 786 398 783 388 777 386 777 385 777 328 779 327 779 325 779 321 783 315 788 303 783 292 779 291 779 290 779 141 782 142 826"/></Shape>
	    <String CONTENT="quàm rectè &amp; ordine omnia perſequatur Paulus"
                    HPOS="141"
                    VPOS="773"
                    WIDTH="1047"
                    HEIGHT="76"
                    WC="0.982383993656739"></String>
          </TextLine>

          
          
          <TextLine ID="eSc_line_e5cd6a33"
                    TAGREFS="LT4119"
                    BASELINE="139 886 1188 875" 
                    HPOS="138"
                    VPOS="828"
                    WIDTH="1050"
                    HEIGHT="82">
            <Shape><Polygon POINTS="139 886 139 902 254 910 255 910 257 910 258 910 267 902 270 901 361 901 380 902 426 908 428 908 465 902 489 899 590 902 687 905 688 905 690 905 700 902 713 898 724 902 731 905 733 905 734 905 783 902 886 895 898 902 899 902 901 902 902 902 922 902 1064 895 1185 901 1188 875 1183 838 1122 840 1118 838 1107 829 1106 829 1105 829 1103 829 1102 829 1067 838 1060 840 1052 838 1014 828 1012 828 1011 828 959 831 957 831 956 831 947 840 945 840 936 840 870 832 868 832 867 832 840 840 828 843 792 840 682 831 681 831 679 831 678 831 663 841 657 844 651 841 641 837 639 837 638 837 636 837 626 841 618 844 612 841 588 831 587 831 585 831 584 831 560 841 551 846 505 843 425 835 423 835 422 835 397 843 380 847 374 843 364 834 362 834 361 834 359 834 313 835 312 835 295 843 285 849 263 844 224 835 151 835 150 835 148 835 147 835 138 840 139 886"/></Shape>
	    <String CONTENT="Reſpondẽt Canoniſtæ eſſe tres. Aſtaria ſiue ba¬"
                    HPOS="138"
                    VPOS="828"
                    WIDTH="1050"
                    HEIGHT="82"
                    WC="0.993752441058556"></String>
          </TextLine>

          
          
          <TextLine ID="eSc_line_34942d54"
                    TAGREFS="LT4119"
                    BASELINE="138 944 1194 936" 
                    HPOS="136"
                    VPOS="895"
                    WIDTH="1058"
                    HEIGHT="65">
            <Shape><Polygon POINTS="138 944 138 960 1194 960 1194 936 1189 895 136 901 138 944"/></Shape>
	    <String CONTENT="ſilicas totas conſecrare: virginibus benedicere:"
                    HPOS="136"
                    VPOS="895"
                    WIDTH="1058"
                    HEIGHT="65"
                    WC="0.992193039506674"></String>
          </TextLine>

          
          
          <TextLine ID="eSc_line_0080a7b3"
                    TAGREFS="LT4119"
                    BASELINE="139 1005 1192 996" 
                    HPOS="138"
                    VPOS="945"
                    WIDTH="1054"
                    HEIGHT="73">
            <Shape><Polygon POINTS="139 1005 139 1018 1191 1009 1192 996 1189 957 1030 945 1029 945 1027 945 989 957 989 959 974 959 904 959 890 950 889 950 887 950 886 950 798 957 776 948 774 948 773 948 771 948 770 948 754 959 730 948 728 948 676 948 675 948 673 948 645 956 623 950 621 950 620 950 618 950 597 960 596 960 505 950 504 950 502 950 477 962 475 963 391 963 391 962 379 953 379 951 377 951 376 951 339 951 337 951 336 951 334 951 334 953 324 962 300 953 298 953 297 953 209 963 206 963 205 963 194 954 194 953 193 953 191 953 151 953 150 953 148 953 147 953 138 959 139 1005"/></Shape>
	    <String CONTENT="Eccleſiaſticos ordines diſtribuere, vt diximus"
                    HPOS="138"
                    VPOS="945"
                    WIDTH="1054"
                    HEIGHT="73"
                    WC="0.997609847265741"></String>
          </TextLine>

          
          
          <TextLine ID="eSc_line_452c34aa"
                    TAGREFS="LT4119"
                    BASELINE="139 1063 1192 1052" 
                    HPOS="138"
                    VPOS="1005"
                    WIDTH="1054"
                    HEIGHT="79">
            <Shape><Polygon POINTS="139 1063 139 1076 223 1084 224 1084 273 1076 291 1075 328 1076 416 1082 417 1082 523 1076 609 1072 641 1076 661 1079 663 1079 704 1076 777 1070 823 1076 840 1078 841 1078 870 1076 944 1070 1189 1075 1192 1052 1189 1018 1096 1006 1094 1006 1093 1006 1091 1006 1075 1017 1073 1018 990 1018 984 1017 898 1005 896 1005 895 1005 893 1005 893 1006 884 1015 868 1006 867 1006 865 1006 804 1008 803 1008 801 1008 791 1015 788 1018 783 1015 768 1008 767 1008 765 1008 694 1015 691 1015 690 1015 681 1008 679 1008 678 1008 590 1008 588 1008 587 1008 585 1008 577 1015 565 1023 519 1015 502 1012 501 1012 499 1012 498 1012 495 1015 480 1024 356 1024 343 1014 342 1012 340 1012 339 1012 312 1012 310 1012 309 1012 307 1012 306 1014 284 1027 206 1027 193 1015 193 1014 191 1014 190 1014 138 1014 139 1063"/></Shape>
	    <String CONTENT="ſupra ex canon. Perlectis S Ad Epiſcopum Di¬"
                    HPOS="138"
                    VPOS="1005"
                    WIDTH="1054"
                    HEIGHT="79"
                    WC="0.993167240511287"></String>
          </TextLine>

          
          
          <TextLine ID="eSc_line_414a0e78"
                    TAGREFS="LT4119"
                    BASELINE="139 1121 1192 1113" 
                    HPOS="138"
                    VPOS="1064"
                    WIDTH="1054"
                    HEIGHT="81">
            <Shape><Polygon POINTS="139 1121 139 1136 288 1136 298 1143 300 1143 301 1143 303 1145 349 1145 349 1143 350 1143 352 1143 368 1133 370 1133 422 1133 1167 1137 1168 1137 1170 1137 1192 1125 1192 1113 1189 1073 1060 1064 1058 1064 981 1073 978 1073 975 1073 935 1064 933 1064 932 1064 914 1072 895 1064 893 1064 892 1064 890 1064 873 1072 807 1066 806 1066 804 1066 803 1066 792 1073 632 1066 630 1066 629 1066 627 1066 617 1075 615 1075 606 1075 398 1067 397 1067 356 1076 346 1079 264 1079 261 1076 254 1069 252 1069 251 1069 249 1069 138 1076 139 1121"/></Shape>
	    <String CONTENT="ſtinct. 25. Hæc Euangelici miniſterij definitio"
                    HPOS="138"
                    VPOS="1064"
                    WIDTH="1054"
                    HEIGHT="81"
                    WC="0.996185971067307"></String>
          </TextLine>

          
          
          <TextLine ID="eSc_line_9e5a5afd"
                    TAGREFS="LT4119"
                    BASELINE="139 1180 1189 1171" 
                    HPOS="139"
                    VPOS="1122"
                    WIDTH="1050"
                    HEIGHT="82">
            <Shape><Polygon POINTS="139 1155 139 1180 141 1204 176 1194 267 1194 292 1203 294 1203 295 1203 297 1203 318 1192 417 1201 419 1201 420 1201 422 1201 435 1191 490 1191 1186 1195 1189 1171 1188 1136 1142 1122 1140 1122 1139 1122 1137 1122 1091 1134 1067 1122 1066 1122 1064 1122 1063 1122 1061 1122 1048 1131 957 1127 956 1127 954 1127 938 1136 923 1124 922 1124 920 1124 919 1124 837 1133 745 1125 743 1125 664 1139 660 1140 611 1140 611 1139 580 1127 578 1127 499 1127 498 1127 496 1127 495 1127 472 1140 468 1140 414 1133 413 1133 411 1133 410 1133 401 1140 401 1142 301 1142 300 1142 272 1130 270 1130 269 1130 220 1137 197 1130 196 1130 194 1130 193 1130 191 1130 191 1131 178 1142 178 1143 144 1143 139 1155"/></Shape>
	    <String CONTENT="prorſus inepta eſt, &amp; vana, cùm nihil huic ſimile"
                    HPOS="139"
                    VPOS="1122"
                    WIDTH="1050"
                    HEIGHT="82"
                    WC="0.983689699172974"></String>
          </TextLine>

          
          
          <TextLine ID="eSc_line_ad79686f"
                    TAGREFS="LT4119"
                    BASELINE="141 1235 1191 1231" 
                    HPOS="139"
                    VPOS="1182"
                    WIDTH="1052"
                    HEIGHT="77">
            <Shape><Polygon POINTS="141 1235 141 1250 272 1259 273 1259 275 1259 276 1259 284 1252 287 1250 367 1250 377 1252 403 1259 404 1259 406 1259 446 1253 462 1250 471 1253 487 1259 489 1259 490 1259 492 1259 504 1253 513 1249 544 1253 575 1258 577 1258 649 1253 743 1249 788 1255 812 1258 813 1258 815 1258 823 1255 849 1247 895 1255 896 1255 898 1255 899 1255 914 1247 945 1255 947 1255 948 1255 1000 1247 1030 1256 1032 1256 1033 1256 1035 1258 1189 1258 1191 1231 1188 1194 965 1194 948 1183 947 1183 945 1183 944 1183 942 1183 917 1192 896 1182 895 1182 840 1182 838 1182 837 1182 815 1194 798 1183 797 1183 795 1183 794 1183 792 1183 765 1191 754 1183 752 1183 751 1183 560 1183 559 1183 484 1195 431 1185 429 1185 428 1185 408 1195 374 1186 373 1186 371 1186 370 1186 350 1195 322 1185 321 1185 319 1185 318 1185 297 1197 197 1197 176 1185 175 1185 174 1185 172 1185 139 1197 141 1235"/></Shape>
	    <String CONTENT="doceat ſcriptura. Quare illi ipſi ſe reuocant, &amp;"
                    HPOS="139"
                    VPOS="1182"
                    WIDTH="1052"
                    HEIGHT="77"
                    WC="0.972025141119957"></String>
          </TextLine>

          
          
          <TextLine ID="eSc_line_66610952"
                    TAGREFS="LT4119"
                    BASELINE="142 1296 584 1290 1188 1293" 
                    HPOS="141"
                    VPOS="1244"
                    WIDTH="1047"
                    HEIGHT="69">
            <Shape><Polygon POINTS="142 1296 142 1307 1185 1313 1188 1293 1186 1255 1142 1244 1070 1244 1069 1244 1067 1244 1049 1255 1035 1244 1033 1244 1032 1244 962 1244 960 1244 959 1244 931 1255 929 1255 923 1255 831 1247 829 1247 777 1255 762 1244 761 1244 759 1244 758 1244 757 1244 740 1252 623 1244 621 1244 535 1255 513 1244 511 1244 510 1244 508 1244 478 1256 266 1256 184 1244 182 1244 181 1244 141 1256 142 1296"/></Shape>
	    <String CONTENT="alibi corrigunt, &amp; melius ſapiunt tota diſtinct. 85."
                    HPOS="141"
                    VPOS="1244"
                    WIDTH="1047"
                    HEIGHT="69"
                    WC="0.980661717744974"></String>
          </TextLine>

          
          
          <TextLine ID="eSc_line_929a7192"
                    TAGREFS="LT4119"
                    BASELINE="145 1354 1191 1348" 
                    HPOS="144"
                    VPOS="1301"
                    WIDTH="1047"
                    HEIGHT="76">
            <Shape><Polygon POINTS="145 1354 145 1377 202 1368 1188 1368 1191 1348 1188 1316 1081 1316 1081 1314 1054 1301 1052 1301 1051 1301 1049 1301 1023 1313 935 1301 933 1301 932 1301 898 1313 889 1316 816 1313 730 1308 728 1308 706 1311 679 1316 672 1311 661 1304 660 1304 658 1304 657 1304 655 1304 630 1311 608 1319 566 1319 556 1310 548 1304 547 1304 545 1304 413 1304 411 1304 410 1304 408 1304 403 1310 392 1319 359 1310 358 1310 356 1310 355 1310 331 1317 321 1308 318 1305 316 1305 315 1305 313 1305 312 1305 298 1308 261 1319 211 1308 196 1305 194 1305 144 1307 145 1354"/></Shape>
	    <String CONTENT="Nam docent Epiſcoporum munus eſſe vt doceãt"
                    HPOS="144"
                    VPOS="1301"
                    WIDTH="1047"
                    HEIGHT="76"
                    WC="0.996882266618989"></String>
          </TextLine>

          
          
          <TextLine ID="eSc_line_e2f044f1"
                    TAGREFS="LT4119"
                    BASELINE="144 1414 1192 1408" 
                    HPOS="142"
                    VPOS="1357"
                    WIDTH="1050"
                    HEIGHT="75">
            <Shape><Polygon POINTS="144 1414 144 1432 1191 1424 1192 1408 1189 1374 1085 1374 1085 1372 1067 1357 1066 1357 1064 1357 1063 1357 942 1372 928 1374 919 1372 874 1360 873 1360 871 1360 870 1360 868 1360 852 1372 847 1375 789 1375 786 1372 770 1359 768 1359 767 1359 765 1359 667 1369 657 1360 655 1360 654 1360 617 1360 615 1360 614 1360 612 1360 597 1371 593 1375 578 1371 538 1360 536 1360 501 1360 499 1360 498 1360 496 1360 496 1362 486 1371 481 1375 472 1371 447 1360 446 1360 444 1360 364 1362 362 1362 343 1371 328 1377 309 1371 300 1368 298 1368 297 1368 295 1368 290 1371 276 1377 269 1371 260 1362 258 1362 257 1362 255 1362 254 1362 232 1371 223 1374 211 1371 188 1363 187 1363 185 1363 184 1363 171 1371 165 1374 142 1371 144 1414"/></Shape>
	    <String CONTENT="corripiant, liberales ſint. Priora duo reipſa pars"
                    HPOS="142"
                    VPOS="1357"
                    WIDTH="1050"
                    HEIGHT="75"
                    WC="0.993432129621506"></String>
          </TextLine>

          
          
          <TextLine ID="eSc_line_497abde2"
                    TAGREFS="LT4119"
                    BASELINE="144 1472 1194 1467" 
                    HPOS="142"
                    VPOS="1420"
                    WIDTH="1052"
                    HEIGHT="76">
            <Shape><Polygon POINTS="144 1472 144 1484 188 1494 190 1496 290 1496 290 1494 291 1494 325 1485 353 1494 355 1494 356 1494 398 1485 434 1491 435 1491 437 1491 455 1484 553 1484 597 1493 599 1493 600 1493 624 1482 626 1482 676 1482 700 1493 701 1493 703 1493 933 1481 944 1481 948 1481 1018 1491 1020 1491 1021 1491 1023 1491 1038 1482 1061 1491 1063 1491 1064 1493 1167 1493 1167 1491 1168 1491 1194 1479 1194 1467 1191 1433 1024 1433 1011 1421 1011 1420 1009 1420 1008 1420 974 1420 972 1420 971 1420 947 1433 907 1433 880 1420 878 1420 877 1420 875 1420 840 1433 780 1421 779 1421 777 1421 745 1433 725 1424 724 1424 722 1424 721 1424 719 1424 709 1435 658 1435 623 1421 621 1421 620 1421 557 1433 545 1424 544 1424 542 1424 541 1424 539 1424 519 1432 417 1423 416 1423 414 1423 413 1423 403 1432 379 1424 377 1424 376 1424 374 1424 350 1433 313 1423 312 1423 310 1423 309 1423 287 1435 160 1423 159 1423 157 1423 156 1423 142 1432 144 1472"/></Shape>
	    <String CONTENT="ſunt paſtoralis muneris: tertium &amp; poſtremum"
                    HPOS="142"
                    VPOS="1420"
                    WIDTH="1052"
                    HEIGHT="76"
                    WC="0.988609713586894"></String>
          </TextLine>

          
          
          <TextLine ID="eSc_line_1d25bc5b"
                    TAGREFS="LT4119"
                    BASELINE="142 1533 1194 1524" 
                    HPOS="141"
                    VPOS="1476"
                    WIDTH="1053"
                    HEIGHT="79">
            <Shape><Polygon POINTS="142 1533 142 1554 203 1548 255 1554 272 1555 273 1555 275 1555 281 1554 300 1548 307 1554 309 1555 310 1555 312 1555 313 1555 325 1554 361 1546 456 1552 480 1554 481 1554 483 1554 484 1554 486 1552 496 1545 626 1552 646 1552 648 1552 654 1552 693 1543 757 1549 758 1549 875 1542 1191 1548 1194 1524 1189 1488 1102 1488 1097 1488 1069 1479 1067 1479 1066 1479 1014 1488 1002 1490 999 1488 983 1476 981 1476 980 1476 978 1476 933 1484 841 1476 840 1476 838 1476 812 1488 804 1491 792 1488 748 1478 712 1478 710 1478 709 1478 687 1488 682 1491 678 1488 663 1481 661 1481 660 1481 658 1481 657 1481 645 1490 638 1494 544 1494 533 1490 507 1479 505 1479 504 1479 419 1481 417 1481 416 1481 407 1488 362 1481 361 1481 304 1490 269 1496 141 1491 142 1533"/></Shape>
	    <String CONTENT="non item, ſed illi cum omnibus Chriſtianis com¬"
                    HPOS="141"
                    VPOS="1476"
                    WIDTH="1053"
                    HEIGHT="79"
                    WC="0.991709628003709"></String>
          </TextLine>

          
          
          <TextLine ID="eSc_line_ba073add"
                    TAGREFS="LT4119"
                    BASELINE="144 1589 1192 1585" 
                    HPOS="142"
                    VPOS="1537"
                    WIDTH="1050"
                    HEIGHT="76">
            <Shape><Polygon POINTS="144 1589 144 1604 403 1613 404 1613 452 1604 456 1604 458 1604 478 1613 480 1613 481 1613 483 1613 514 1604 522 1603 725 1603 737 1604 782 1612 783 1612 850 1604 865 1603 874 1604 905 1610 907 1610 1191 1603 1192 1585 1191 1549 1151 1539 1149 1539 1148 1539 1106 1548 1079 1537 1078 1537 1076 1537 1075 1537 1073 1537 1057 1548 633 1539 632 1539 630 1539 629 1539 614 1549 612 1549 560 1539 559 1539 557 1539 556 1539 556 1540 544 1549 536 1549 349 1540 348 1540 346 1540 325 1549 322 1551 321 1549 301 1542 300 1542 298 1542 297 1542 264 1549 258 1551 252 1549 205 1540 203 1540 202 1540 184 1549 182 1551 142 1551 144 1589"/></Shape>
	    <String CONTENT="mune. in Epiſt. verò ad Hebræos cap.5.verſ.1, 8."
                    HPOS="142"
                    VPOS="1537"
                    WIDTH="1050"
                    HEIGHT="76"
                    WC="0.969534529106958"></String>
          </TextLine>

          
          
          <TextLine ID="eSc_line_ef5f36c6"
                    TAGREFS="LT4119"
                    BASELINE="144 1647 1191 1643" 
                    HPOS="142"
                    VPOS="1594"
                    WIDTH="1049"
                    HEIGHT="68">
            <Shape><Polygon POINTS="144 1647 144 1662 1189 1658 1191 1643 1188 1607 1124 1595 1122 1595 1121 1595 1100 1607 1033 1607 996 1594 994 1594 993 1594 991 1594 990 1594 990 1595 977 1607 916 1607 898 1594 896 1594 895 1594 841 1594 840 1594 838 1594 810 1607 765 1595 764 1595 762 1595 648 1604 532 1595 530 1595 477 1604 417 1598 416 1598 414 1598 394 1610 270 1610 229 1597 227 1597 226 1597 224 1597 223 1597 208 1610 142 1610 144 1647"/></Shape>
	    <String CONTENT="verſ.3. 9. verſ. 24. dicitur fuiſſe officium Sacerdo¬"
                    HPOS="142"
                    VPOS="1594"
                    WIDTH="1049"
                    HEIGHT="68"
                    WC="0.957457374851659"></String>
          </TextLine>

          
          
          <TextLine ID="eSc_line_bba0ef29"
                    TAGREFS="LT4119"
                    BASELINE="144 1705 1192 1702" 
                    HPOS="142"
                    VPOS="1655"
                    WIDTH="1050"
                    HEIGHT="76">
            <Shape><Polygon POINTS="144 1705 144 1720 666 1731 667 1731 669 1731 710 1720 728 1729 730 1729 731 1731 807 1731 807 1729 809 1729 828 1719 829 1719 841 1719 965 1728 966 1728 968 1728 989 1719 990 1719 993 1719 1064 1728 1066 1728 1067 1728 1088 1719 1191 1719 1192 1702 1191 1667 1161 1655 1160 1655 1158 1655 1113 1664 1069 1655 1067 1655 1066 1655 1064 1655 1049 1665 959 1665 947 1656 947 1655 945 1655 944 1655 942 1655 898 1664 847 1655 846 1655 844 1655 843 1655 828 1665 795 1655 794 1655 792 1655 724 1665 669 1655 667 1655 666 1655 664 1655 645 1667 590 1656 557 1656 556 1656 554 1656 553 1656 553 1658 541 1668 295 1668 282 1656 281 1656 279 1656 175 1656 174 1656 172 1656 142 1668 144 1705"/></Shape>
	    <String CONTENT="tis offerre, &amp; precari pro populo. Paulus in Epiſt."
                    HPOS="142"
                    VPOS="1655"
                    WIDTH="1050"
                    HEIGHT="76"
                    WC="0.988054170328028"></String>
          </TextLine>

          
          
          <TextLine ID="eSc_line_5d45b58d"
                    TAGREFS="LT4119"
                    BASELINE="142 1765 1201 1762" 
                    HPOS="141"
                    VPOS="1714"
                    WIDTH="1060"
                    HEIGHT="75">
            <Shape><Polygon POINTS="142 1765 144 1789 181 1780 1198 1784 1201 1762 1198 1726 1044 1726 1008 1714 1006 1714 1005 1714 926 1725 874 1714 873 1714 774 1716 773 1716 752 1725 724 1717 722 1717 721 1717 681 1725 657 1716 655 1716 654 1716 652 1716 651 1716 636 1726 544 1716 542 1716 411 1726 365 1716 364 1716 285 1725 272 1716 270 1716 269 1716 193 1716 191 1716 141 1728 142 1765"/></Shape>
	    <String CONTENT="ad Titum 1.verſ.9. inf. cap.4. verſ. 11. 2 Timoth.4."
                    HPOS="141"
                    VPOS="1714"
                    WIDTH="1060"
                    HEIGHT="75"
                    WC="0.985356409962361"></String>
          </TextLine>

          
          
          <TextLine ID="eSc_line_a7e55ef8"
                    TAGREFS="LT4119"
                    BASELINE="148 1826 1197 1818" 
                    HPOS="148"
                    VPOS="1771"
                    WIDTH="1049"
                    HEIGHT="77">
            <Shape><Polygon POINTS="148 1841 257 1841 273 1848 275 1848 276 1848 382 1841 406 1839 438 1841 565 1847 566 1847 568 1847 590 1841 602 1838 646 1841 710 1845 712 1845 713 1845 722 1841 730 1838 743 1841 761 1845 762 1845 764 1845 832 1841 887 1838 941 1841 984 1844 986 1844 1000 1841 1030 1835 1054 1841 1058 1842 1060 1842 1061 1842 1197 1841 1197 1818 1194 1783 1105 1781 1093 1771 1091 1771 1090 1771 1088 1771 1087 1771 1057 1781 1055 1783 983 1784 911 1784 907 1781 889 1772 887 1772 886 1772 806 1780 768 1784 761 1780 754 1774 752 1774 751 1774 699 1774 697 1774 696 1774 682 1780 672 1784 643 1780 605 1774 603 1774 602 1774 585 1780 577 1783 519 1780 450 1775 449 1775 431 1778 400 1786 359 1778 345 1777 343 1777 342 1777 340 1777 339 1778 327 1787 245 1778 226 1777 224 1777 215 1778 175 1787 148 1778 148 1826 148 1841"/></Shape>
	    <String CONTENT="verſ. 2. ait, miniſterium Euangelicum poſitum"
                    HPOS="148"
                    VPOS="1771"
                    WIDTH="1049"
                    HEIGHT="77"
                    WC="0.995371879471673"></String>
          </TextLine>

          
          
          <TextLine ID="eSc_line_4f5d305d"
                    TAGREFS="LT4119"
                    BASELINE="150 1882 1192 1879" 
                    HPOS="148"
                    VPOS="1832"
                    WIDTH="1044"
                    HEIGHT="70">
            <Shape><Polygon POINTS="150 1882 150 1897 1189 1902 1192 1879 1189 1844 1109 1844 1084 1832 1082 1832 1081 1832 1006 1839 990 1832 989 1832 987 1832 923 1844 810 1844 771 1832 770 1832 768 1832 724 1842 681 1832 679 1832 678 1832 676 1832 675 1832 664 1839 618 1833 617 1833 615 1833 614 1833 614 1835 602 1844 565 1833 563 1833 487 1833 486 1833 484 1833 483 1833 469 1845 304 1845 191 1833 190 1833 188 1833 148 1845 150 1882"/></Shape>
	    <String CONTENT="eſſe in eo, vt paſtores doceant ſanam doctrinam,"
                    HPOS="148"
                    VPOS="1832"
                    WIDTH="1044"
                    HEIGHT="70"
                    WC="0.984364404032628"></String>
          </TextLine>

          
          
          <TextLine ID="eSc_line_60502ef9"
                    TAGREFS="LT4119"
                    BASELINE="145 1940 1194 1934" 
                    HPOS="144"
                    VPOS="1887"
                    WIDTH="1050"
                    HEIGHT="77">
            <Shape><Polygon POINTS="145 1940 145 1964 406 1964 406 1963 411 1963 456 1955 649 1961 667 1961 669 1961 672 1961 709 1954 1191 1958 1194 1934 1191 1899 1076 1899 1041 1887 1039 1887 1038 1887 960 1897 932 1887 931 1887 929 1887 858 1899 855 1899 852 1899 759 1888 758 1888 757 1888 734 1897 704 1891 703 1891 614 1900 602 1900 594 1900 529 1890 527 1890 526 1890 502 1900 501 1900 496 1900 452 1893 450 1893 449 1893 431 1899 408 1890 407 1890 406 1890 334 1891 333 1891 331 1891 316 1900 313 1903 249 1903 246 1900 232 1891 230 1891 229 1891 227 1891 144 1900 145 1940"/></Shape>
	    <String CONTENT="refutent falſam, denuntient &amp; corripiant ſiue in¬"
                    HPOS="144"
                    VPOS="1887"
                    WIDTH="1050"
                    HEIGHT="77"
                    WC="0.985165969449647"></String>
          </TextLine>

          
          
          <TextLine ID="eSc_line_84cce85e"
                    TAGREFS="LT4119"
                    BASELINE="150 1998 1197 1998" 
                    HPOS="150"
                    VPOS="1951"
                    WIDTH="1047"
                    HEIGHT="68">
            <Shape><Polygon POINTS="150 1998 150 2013 1195 2019 1197 1998 1197 1961 1160 1951 1158 1951 1107 1951 1106 1951 1105 1951 1103 1951 1090 1961 1047 1954 1045 1954 913 1961 901 1952 901 1951 899 1951 898 1951 816 1951 815 1951 813 1951 812 1951 803 1958 764 1951 762 1951 761 1951 739 1960 727 1951 725 1951 724 1951 722 1951 721 1951 696 1958 587 1951 585 1951 584 1951 582 1951 568 1963 517 1963 502 1951 501 1951 499 1951 498 1951 496 1951 475 1963 383 1963 370 1951 368 1951 367 1951 365 1951 301 1958 290 1951 288 1951 287 1951 285 1951 284 1951 242 1961 205 1951 203 1951 202 1951 150 1961 150 1998"/></Shape>
	    <String CONTENT="crepent aberrantes in Eccleſia. Hîc autem addit"
                    HPOS="150"
                    VPOS="1951"
                    WIDTH="1047"
                    HEIGHT="68"
                    WC="0.986420663694541"></String>
          </TextLine>

          
          
          <TextLine ID="eSc_line_3c4781e5"
                    TAGREFS="LT4119"
                    BASELINE="148 2056 1206 2056" 
                    HPOS="148"
                    VPOS="2009"
                    WIDTH="1058"
                    HEIGHT="73">
            <Shape><Polygon POINTS="148 2056 148 2080 255 2073 343 2080 345 2080 346 2080 370 2073 397 2080 398 2080 400 2082 400 2080 401 2080 429 2073 501 2080 502 2080 504 2080 565 2073 575 2080 577 2080 578 2080 580 2080 629 2073 664 2080 666 2080 667 2080 669 2080 748 2073 798 2080 800 2080 801 2080 803 2080 822 2073 852 2080 853 2080 855 2080 856 2080 919 2073 941 2080 942 2080 944 2080 945 2080 1018 2073 1070 2080 1072 2080 1073 2080 1075 2080 1102 2073 1128 2080 1130 2080 1131 2080 1133 2080 1180 2073 1203 2080 1206 2056 1204 2010 1049 2019 1033 2009 1032 2009 1030 2009 1029 2009 1027 2009 1026 2009 1002 2019 977 2010 975 2010 974 2010 932 2019 916 2009 914 2009 913 2009 911 2009 871 2009 853 2010 852 2010 829 2019 788 2009 785 2009 783 2009 776 2009 697 2018 587 2009 581 2009 580 2009 578 2009 553 2021 452 2021 438 2009 437 2009 435 2009 398 2009 397 2009 395 2009 373 2019 325 2012 324 2012 322 2012 306 2019 290 2009 288 2009 287 2009 285 2009 284 2009 223 2019 209 2009 208 2009 206 2009 148 2009 148 2056"/></Shape>
	    <String CONTENT="etiam ad eoſdem paſtores pertinere, vt ipſi precẽ¬"
                    HPOS="148"
                    VPOS="2009"
                    WIDTH="1058"
                    HEIGHT="73"
                    WC="0.984911078331517"></String>
          </TextLine>

          
          
          <TextLine ID="eSc_line_6bd20040"
                    TAGREFS="LT4119"
                    BASELINE="150 2116 1207 2116" 
                    HPOS="150"
                    VPOS="2067"
                    WIDTH="1057"
                    HEIGHT="68">
            <Shape><Polygon POINTS="150 2132 1206 2135 1207 2116 1207 2074 1091 2070 1090 2070 1088 2070 1087 2070 1082 2073 1073 2079 1049 2073 1042 2071 1041 2071 1039 2071 1024 2073 984 2079 966 2073 950 2067 948 2067 807 2067 806 2067 804 2067 791 2071 783 2074 768 2071 739 2067 737 2067 736 2067 734 2067 728 2071 721 2077 709 2071 701 2068 700 2068 699 2068 697 2068 684 2071 657 2079 629 2071 612 2067 611 2067 609 2067 608 2067 606 2067 600 2071 588 2080 432 2080 404 2070 391 2067 389 2067 290 2067 288 2067 287 2067 285 2067 281 2070 266 2079 208 2070 205 2070 203 2070 202 2070 176 2079 151 2070 150 2116 150 2132"/></Shape>
	    <String CONTENT="tur publicè pro tota Eccleſia, &amp; præcipuis illius"
                    HPOS="150"
                    VPOS="2067"
                    WIDTH="1057"
                    HEIGHT="68"
                    WC="0.985898524522781"></String>
          </TextLine>

          
          
          <TextLine ID="eSc_line_4aa981b7"
                    TAGREFS="LT4119"
                    BASELINE="153 2175 1200 2172" 
                    HPOS="151"
                    VPOS="2128"
                    WIDTH="1049"
                    HEIGHT="80">
            <Shape><Polygon POINTS="153 2175 153 2199 160 2207 162 2207 163 2207 165 2208 191 2208 191 2207 193 2207 194 2207 206 2196 209 2195 309 2195 312 2196 330 2207 331 2207 333 2207 395 2198 419 2195 472 2195 477 2198 484 2204 484 2205 486 2205 487 2205 489 2205 545 2199 584 2195 594 2199 611 2207 612 2207 614 2208 675 2208 675 2207 704 2201 734 2193 748 2201 757 2205 758 2205 759 2205 794 2201 853 2193 969 2193 989 2202 994 2205 996 2205 997 2207 1052 2207 1052 2205 1054 2205 1060 2204 1081 2195 1198 2204 1200 2172 1197 2141 1105 2141 1103 2140 1084 2128 1082 2128 1081 2128 1033 2128 1032 2128 1030 2128 1029 2128 1012 2138 914 2128 913 2128 911 2128 910 2128 898 2138 896 2138 859 2128 858 2128 856 2128 855 2128 853 2128 840 2137 835 2141 759 2141 746 2137 715 2128 713 2128 712 2128 710 2128 687 2137 670 2141 594 2140 588 2135 580 2129 578 2129 577 2129 575 2129 535 2135 490 2141 452 2134 440 2132 438 2132 437 2132 432 2134 423 2138 416 2134 408 2129 407 2129 406 2129 404 2129 382 2134 353 2140 343 2134 337 2129 336 2129 334 2129 333 2129 294 2132 212 2141 193 2132 187 2129 185 2129 184 2129 151 2131 153 2175"/></Shape>
	    <String CONTENT="membris. Ratio eſt, I. quia, vt ait Chryſoſtom."
                    HPOS="151"
                    VPOS="2128"
                    WIDTH="1049"
                    HEIGHT="80"
                    WC="0.997187100826426"></String>
          </TextLine>

          
        </TextBlock>
        
        <TextBlock HPOS="881.6941528320312"
                   VPOS="2193.2939453125"
                   WIDTH="128.89697265625"
                   HEIGHT="65.792724609375"
                   ID="block_1"
                   TAGREFS="BT10534">
          <Shape><Polygon POINTS="881.694 2193.29 1010.59 2193.29 1010.59 2259.09 881.694 2259.09 881.694 2193.29"/></Shape>
          
          
          <TextLine ID="eSc_line_be9d4bdd"
                    TAGREFS="LT4119"
                    BASELINE="884 2233 1005 2233" 
                    HPOS="884"
                    VPOS="2183"
                    WIDTH="121"
                    HEIGHT="82">
            <Shape><Polygon POINTS="884 2233 884 2256 928 2265 929 2265 931 2265 932 2265 939 2257 950 2265 951 2265 953 2265 954 2265 1005 2256 1005 2233 1005 2195 957 2183 956 2183 954 2183 953 2183 929 2190 917 2195 884 2189 884 2233"/></Shape>
	    <String CONTENT="c.iiij."
                    HPOS="884"
                    VPOS="2183"
                    WIDTH="121"
                    HEIGHT="82"
                    WC="0.972788035869598"></String>
          </TextLine>

          
        </TextBlock>
        

        
      </PrintSpace>
    </Page>
  </Layout>
</alto>
