<?xml version="1.0" encoding="UTF-8"?>
<alto xmlns:xsi="http://www.w3.org/2001/XMLSchema-instance"
      xmlns="http://www.loc.gov/standards/alto/ns-v4#"
      xsi:schemaLocation="http://www.loc.gov/standards/alto/ns-v4# http://www.loc.gov/standards/alto/v4/alto-4-2.xsd">
  <Description>
    <MeasurementUnit>pixel</MeasurementUnit>
    <sourceImageInformation>
      <fileName>2012974.png</fileName>
      
    </sourceImageInformation>
  </Description>
  
  <Tags>
    <OtherTag ID="BT10983" LABEL="GraphicZone" DESCRIPTION="block type GraphicZone"/><OtherTag ID="BT10982" LABEL="DropCapitalZone" DESCRIPTION="block type DropCapitalZone"/><OtherTag ID="BT10981" LABEL="RunningTitleZone" DESCRIPTION="block type RunningTitleZone"/><OtherTag ID="BT10980" LABEL="NumberingZone" DESCRIPTION="block type NumberingZone"/><OtherTag ID="BT10979" LABEL="TitlePageZone" DESCRIPTION="block type TitlePageZone"/><OtherTag ID="BT10978" LABEL="QuireMarksZone" DESCRIPTION="block type QuireMarksZone"/><OtherTag ID="BT10977" LABEL="MainZone" DESCRIPTION="block type MainZone"/><OtherTag ID="BT10976" LABEL="MarginTextZone" DESCRIPTION="block type MarginTextZone"/>
    <OtherTag ID="LT4321" LABEL="default" DESCRIPTION="line type default"/><OtherTag ID="LT4319" LABEL="HeadingLine" DESCRIPTION="line type HeadingLine"/><OtherTag ID="LT4318" LABEL="DefaultLine" DESCRIPTION="line type DefaultLine"/><OtherTag ID="LT4320" LABEL="CustomLine : BiblicalText" DESCRIPTION="line type CustomLine : BiblicalText"/>
  </Tags>
  
  <Layout>
    <Page WIDTH="1807"
          HEIGHT="2677"
          PHYSICAL_IMG_NR="21"
          ID="eSc_dummypage_">
      <PrintSpace HPOS="0"
                  VPOS="0"
                  WIDTH="1807"
                  HEIGHT="2677">
        
        <TextBlock HPOS="658.5108032226562"
                   VPOS="179.15609741210938"
                   WIDTH="87.414794921875"
                   HEIGHT="52.44255065917969"
                   ID="block_0"
                   TAGREFS="BT10980">
          <Shape><Polygon POINTS="658.511 179.156 745.926 179.156 745.926 231.599 658.511 231.599 658.511 179.156"/></Shape>
          
          
          <TextLine ID="eSc_line_aece711e"
                    TAGREFS="LT4318"
                    BASELINE="666 217 765 217" 
                    HPOS="666"
                    VPOS="166"
                    WIDTH="99"
                    HEIGHT="73">
            <Shape><Polygon POINTS="666 179 666 217 666 237 709 239 710 239 712 239 713 239 724 230 731 224 765 224 765 217 765 182 727 179 713 168 713 166 712 166 710 166 709 166 669 175 666 179"/></Shape>
	    <String CONTENT="62"
                    HPOS="666"
                    VPOS="166"
                    WIDTH="99"
                    HEIGHT="73"
                    WC="0.999505162239075"></String>
          </TextLine>

          
        </TextBlock>
        
        <TextBlock HPOS="845.1729736328125"
                   VPOS="165.86111450195312"
                   WIDTH="715.2044677734375"
                   HEIGHT="65.44343566894531"
                   ID="block_3"
                   TAGREFS="BT10981">
          <Shape><Polygon POINTS="845.173 165.861 1560.38 165.861 1560.38 231.305 845.173 231.305 845.173 165.861"/></Shape>
          
          
          <TextLine ID="eSc_line_97fa98f5"
                    TAGREFS="LT4319"
                    BASELINE="841 218 1551 212" 
                    HPOS="840"
                    VPOS="162"
                    WIDTH="711"
                    HEIGHT="75">
            <Shape><Polygon POINTS="1527 172 1457 165 1450 165 1435 165 1420 165 1405 165 1399 165 1371 174 1368 175 1240 175 1237 174 1197 162 1195 162 1194 162 1192 162 1165 174 1161 175 1154 174 1109 163 1107 163 1017 174 990 176 936 176 935 174 926 166 926 165 925 165 923 165 922 165 840 174 841 218 841 236 983 230 1012 236 1020 237 1021 237 1029 236 1061 229 1070 236 1072 237 1073 237 1075 237 1076 237 1078 237 1082 236 1106 229 1113 234 1113 236 1115 236 1116 236 1192 237 1194 237 1206 236 1258 227 1302 236 1307 236 1308 236 1310 236 1311 236 1311 234 1320 226 1372 226 1548 234 1551 212 1542 184 1539 181"/></Shape>
	    <String CONTENT="AD I. PAVL. AD TIM."
                    HPOS="840"
                    VPOS="162"
                    WIDTH="711"
                    HEIGHT="75"
                    WC="0.99454760237744"></String>
          </TextLine>

          
        </TextBlock>
        
        <TextBlock HPOS="638.8560180664062"
                   VPOS="241.94320678710938"
                   WIDTH="1069.9213256835938"
                   HEIGHT="1950.7796936035156"
                   ID="block_1"
                   TAGREFS="BT10977">
          <Shape><Polygon POINTS="638.856 241.943 1708.78 241.943 1708.78 2192.72 638.856 2192.72 638.856 241.943"/></Shape>
          
          
          <TextLine ID="eSc_line_8be2ca3e"
                    TAGREFS="LT4318"
                    BASELINE="660 290 1710 284" 
                    HPOS="658"
                    VPOS="232"
                    WIDTH="1052"
                    HEIGHT="81">
            <Shape><Polygon POINTS="1670 232 1576 232 1574 232 1573 232 1531 243 1453 232 1451 232 1450 232 1448 232 1448 233 1433 245 1380 233 1378 233 1377 233 1344 245 1247 245 1224 233 1222 233 1221 233 1137 248 997 248 972 234 971 234 922 234 920 234 919 234 917 234 899 248 795 236 794 236 792 236 791 236 776 249 752 249 703 236 701 236 700 236 699 236 658 249 660 290 660 304 919 313 920 313 922 313 957 304 996 312 997 312 1039 304 1307 310 1308 310 1310 310 1334 303 1426 310 1427 310 1478 301 1493 309 1494 309 1496 309 1533 301 1647 309 1649 309 1710 298 1710 284 1708 245 1676 232 1670 232"/></Shape>
	    <String CONTENT="nim ad ſequentem verſiculum referunt: alij huic"
                    HPOS="658"
                    VPOS="232"
                    WIDTH="1052"
                    HEIGHT="81"
                    WC="0.985443267416447"></String>
          </TextLine>

          
          
          <TextLine ID="eSc_line_20024ac7"
                    TAGREFS="LT4318"
                    BASELINE="657 350 1707 340" 
                    HPOS="655"
                    VPOS="300"
                    WIDTH="1052"
                    HEIGHT="68">
            <Shape><Polygon POINTS="657 368 1555 368 1555 367 1705 356 1707 340 1704 307 1606 300 1604 300 1490 309 1481 309 1479 309 1458 300 1457 300 1456 300 1396 307 1322 300 1320 300 1319 300 1290 307 1267 300 1265 300 1264 300 1262 300 1240 312 1238 312 1237 312 1213 301 1212 301 1158 301 1157 301 1155 301 1154 301 1140 312 1107 301 1106 301 1105 301 1044 313 1039 313 1035 313 954 303 953 303 951 303 913 313 807 307 806 307 804 307 803 307 803 309 795 316 655 316 657 350"/></Shape>
	    <String CONTENT="coniungunt: alij mutandam cenſent vocem μαρτύ¬"
                    HPOS="655"
                    VPOS="300"
                    WIDTH="1052"
                    HEIGHT="68"></String>
          </TextLine>

          
          
          <TextLine ID="eSc_line_471ecbfb"
                    TAGREFS="LT4318"
                    BASELINE="657 408 1708 401" 
                    HPOS="655"
                    VPOS="355"
                    WIDTH="1053"
                    HEIGHT="76">
            <Shape><Polygon POINTS="657 408 657 431 751 423 852 429 858 429 859 429 861 429 862 429 874 422 942 422 954 429 957 431 959 431 960 431 962 431 975 428 999 423 1009 428 1015 431 1017 431 1018 431 1042 428 1102 419 1154 426 1176 429 1177 429 1179 429 1191 426 1212 420 1238 426 1258 429 1259 429 1261 429 1270 425 1287 417 1399 425 1463 428 1464 428 1497 423 1527 419 1533 423 1536 426 1537 426 1539 426 1540 426 1708 420 1708 401 1705 367 1618 367 1597 355 1595 355 1594 355 1592 355 1561 365 1515 358 1514 358 1460 364 1445 356 1444 356 1442 356 1384 365 1307 356 1305 356 1304 356 1262 367 1226 358 1225 358 1076 358 1075 358 1073 358 1072 358 1058 367 1006 359 1005 359 1003 359 1002 359 1002 361 990 371 859 373 758 373 715 361 713 361 712 361 710 361 709 361 693 373 655 373 657 408"/></Shape>
	    <String CONTENT="ριον in vocem μυςτήριον. Mihi verò videtur planus"
                    HPOS="655"
                    VPOS="355"
                    WIDTH="1053"
                    HEIGHT="76"></String>
          </TextLine>

          
          
          <TextLine ID="eSc_line_30a71518"
                    TAGREFS="LT4318"
                    BASELINE="658 468 1707 461" 
                    HPOS="657"
                    VPOS="414"
                    WIDTH="1050"
                    HEIGHT="70">
            <Shape><Polygon POINTS="658 468 658 481 1704 484 1707 461 1702 422 1664 423 1658 422 1641 414 1640 414 1638 414 1637 414 1635 414 1628 422 1625 425 1521 425 1519 423 1499 414 1497 414 1496 414 1494 414 1475 423 1457 414 1456 414 1363 414 1362 414 1360 414 1332 425 1331 425 1289 414 1287 414 1286 414 1112 426 1090 416 1088 416 1087 416 1085 416 1061 428 1060 428 1054 428 962 420 960 420 884 428 873 419 873 417 871 417 870 417 868 417 771 426 688 419 687 419 685 419 657 429 658 468"/></Shape>
	    <String CONTENT="&amp; facilis horum verborũ ſenſus, ſi ab initio quin¬"
                    HPOS="657"
                    VPOS="414"
                    WIDTH="1050"
                    HEIGHT="70"
                    WC="0.990803087458891"></String>
          </TextLine>

          
          
          <TextLine ID="eSc_line_c3796278"
                    TAGREFS="LT4318"
                    BASELINE="661 526 1705 519" 
                    HPOS="660"
                    VPOS="472"
                    WIDTH="1045"
                    HEIGHT="78">
            <Shape><Polygon POINTS="661 526 661 541 767 541 768 541 783 550 785 550 786 550 788 550 789 550 791 550 803 541 804 539 892 539 896 539 933 548 935 548 936 548 968 539 971 539 989 539 1228 547 1229 547 1301 539 1481 544 1482 544 1484 544 1516 535 1521 535 1533 535 1637 544 1638 544 1704 533 1705 519 1702 486 1576 486 1561 472 1560 472 1558 472 1557 472 1412 483 1365 474 1363 474 1362 474 1332 486 1283 478 1282 478 1280 478 1279 478 1267 487 1222 477 1221 477 1219 477 1182 487 1125 475 1124 475 1122 475 1075 489 873 477 871 477 870 477 868 477 853 489 801 478 800 478 798 478 797 478 779 490 660 492 661 526"/></Shape>
	    <String CONTENT="ti verſiculi ad hunc vſque locum parẽtheſin pro¬"
                    HPOS="660"
                    VPOS="472"
                    WIDTH="1045"
                    HEIGHT="78"
                    WC="0.993563774897128"></String>
          </TextLine>

          
          
          <TextLine ID="eSc_line_7d11e2f8"
                    TAGREFS="LT4318"
                    BASELINE="657 582 1705 577" 
                    HPOS="655"
                    VPOS="532"
                    WIDTH="1050"
                    HEIGHT="73">
            <Shape><Polygon POINTS="657 582 657 597 917 605 919 605 977 596 983 596 1000 596 1170 603 1171 603 1262 596 1322 602 1323 602 1325 602 1342 594 1347 594 1506 600 1508 600 1509 600 1511 600 1518 593 1519 593 1528 593 1680 600 1682 600 1683 600 1705 591 1705 577 1704 545 1670 532 1668 532 1667 532 1624 533 1622 533 1621 533 1606 544 1606 545 1573 545 1572 544 1554 532 1552 532 1551 532 1549 532 1548 532 1546 532 1531 544 1530 544 1525 544 1458 536 1457 536 1456 536 1442 542 1436 547 1348 547 1341 542 1323 533 1322 533 1320 533 1319 533 1292 542 1280 547 1177 548 1102 548 1087 541 1075 535 1073 535 1072 535 1036 539 989 547 932 547 925 539 922 536 920 536 919 536 917 536 874 539 794 544 751 538 737 536 736 536 734 536 733 536 731 538 715 548 697 538 694 536 693 536 691 536 655 536 657 582"/></Shape>
	    <String CONTENT="duci intelligamus. Itaque continua orationis ſe¬"
                    HPOS="655"
                    VPOS="532"
                    WIDTH="1050"
                    HEIGHT="73"
                    WC="0.988844133913517"></String>
          </TextLine>

          
          
          <TextLine ID="eSc_line_7f195298"
                    TAGREFS="LT4318"
                    BASELINE="657 643 1705 638" 
                    HPOS="655"
                    VPOS="593"
                    WIDTH="1050"
                    HEIGHT="73">
            <Shape><Polygon POINTS="657 643 658 666 687 657 804 657 825 666 828 666 829 666 831 666 850 664 969 655 1044 664 1055 664 1057 664 1066 663 1116 655 1232 663 1252 663 1253 663 1255 663 1256 663 1267 654 1371 661 1399 663 1400 663 1441 661 1560 654 1702 658 1705 638 1701 599 1583 603 1576 599 1569 593 1567 593 1566 593 1503 593 1502 593 1464 600 1448 603 1439 600 1421 594 1420 594 1418 594 1417 594 1399 600 1387 605 1360 602 1320 596 1319 596 1317 596 1305 602 1298 606 1209 606 1204 603 1194 596 1192 596 1191 596 1189 596 1188 596 1186 596 1179 603 1173 608 1078 608 1073 603 1064 596 1063 596 1061 596 1023 596 1021 596 978 605 968 608 801 608 795 606 770 597 768 597 675 597 673 597 672 597 655 605 657 643"/></Shape>
	    <String CONTENT="rie hæc, quæ iam ſequuntur, coniungantur, cum"
                    HPOS="655"
                    VPOS="593"
                    WIDTH="1050"
                    HEIGHT="73"
                    WC="0.989850374062856"></String>
          </TextLine>

          
          
          <TextLine ID="eSc_line_d8db44e0"
                    TAGREFS="LT4318"
                    BASELINE="654 701 1704 693" 
                    HPOS="652"
                    VPOS="648"
                    WIDTH="1052"
                    HEIGHT="80">
            <Shape><Polygon POINTS="654 701 654 716 761 716 762 716 776 728 777 728 779 728 780 728 782 728 823 716 834 715 858 716 908 722 910 722 933 716 938 716 948 725 950 725 951 725 953 725 954 725 969 716 974 715 986 716 1020 724 1021 724 1023 724 1048 716 1063 713 1093 716 1112 719 1113 719 1137 716 1186 712 1234 716 1293 724 1295 724 1704 716 1704 693 1701 658 1542 648 1540 648 1539 648 1537 648 1527 657 1475 652 1473 652 1472 652 1470 652 1463 658 1457 663 1366 663 1359 658 1348 651 1347 651 1345 651 1344 651 1342 651 1325 658 1311 663 1282 658 1243 652 1241 652 1209 658 1174 666 1122 666 1115 658 1109 654 1109 652 1107 652 1106 652 1105 652 1103 652 1088 658 1079 661 1069 658 1048 652 1047 652 1045 652 1044 652 1042 652 1035 658 1026 664 1006 658 990 654 989 654 987 654 957 658 916 667 887 667 878 658 874 655 874 654 873 654 871 654 870 654 868 654 850 658 822 667 795 658 783 655 782 655 780 655 762 658 739 664 724 658 715 655 713 655 712 655 652 658 654 701"/></Shape>
	    <String CONTENT="illa ſuperiore Pauli ſententia. Qui quoſuis homi¬"
                    HPOS="652"
                    VPOS="648"
                    WIDTH="1052"
                    HEIGHT="80"
                    WC="0.976798302056838"></String>
          </TextLine>

          
          
          <TextLine ID="eSc_line_2f889102"
                    TAGREFS="LT4318"
                    BASELINE="652 761 1701 754" 
                    HPOS="651"
                    VPOS="712"
                    WIDTH="1050"
                    HEIGHT="73">
            <Shape><Polygon POINTS="652 761 652 776 740 785 742 785 810 776 816 776 820 776 859 785 861 785 862 785 880 776 884 774 889 776 911 783 913 783 914 783 993 776 996 776 1000 776 1052 782 1054 782 1055 782 1073 776 1081 773 1093 776 1124 782 1125 782 1255 774 1326 771 1342 774 1368 780 1369 780 1371 780 1392 774 1403 771 1411 774 1426 780 1427 780 1429 780 1469 774 1499 770 1521 774 1546 779 1548 779 1699 773 1701 754 1696 719 1589 722 1585 719 1577 713 1577 712 1576 712 1574 712 1573 712 1518 719 1490 722 1479 719 1460 712 1458 712 1457 712 1456 712 1454 712 1445 719 1438 725 1201 725 1191 719 1183 713 1182 713 1180 713 1179 713 1177 713 1158 719 1152 721 1151 719 1145 713 1143 713 1142 713 1070 713 1069 713 1067 713 1052 719 1036 727 1005 719 983 715 981 715 954 719 936 722 878 719 806 716 804 716 803 716 795 719 780 727 651 721 652 761"/></Shape>
	    <String CONTENT="nes vult ſaluos fieri, &amp; ad agnitionem veritatis perue¬"
                    HPOS="651"
                    VPOS="712"
                    WIDTH="1050"
                    HEIGHT="73"
                    WC="0.968619606711648"></String>
          </TextLine>

          
          
          <TextLine ID="eSc_line_dae2708e"
                    TAGREFS="LT4318"
                    BASELINE="654 820 1702 810" 
                    HPOS="652"
                    VPOS="768"
                    WIDTH="1050"
                    HEIGHT="75">
            <Shape><Polygon POINTS="654 820 654 835 780 843 782 843 783 843 815 835 822 834 870 835 1029 840 1030 840 1112 834 1149 831 1157 834 1168 838 1170 838 1171 838 1219 832 1237 831 1241 832 1246 837 1247 837 1249 837 1250 837 1252 837 1253 837 1258 832 1262 829 1277 832 1301 837 1302 838 1400 838 1400 837 1402 837 1415 832 1427 828 1463 831 1502 835 1503 835 1701 829 1702 810 1699 779 1564 779 1549 768 1548 768 1546 768 1545 768 1466 779 1450 768 1448 768 1447 768 1406 768 1405 768 1403 768 1368 780 1366 780 1362 780 1253 770 1252 770 1250 770 1229 782 1228 782 1221 782 1130 771 1128 771 1127 771 1102 782 1099 783 1093 782 1044 773 1042 773 1041 773 1002 783 1000 783 999 783 971 773 969 773 968 773 966 773 945 783 907 783 861 785 855 785 801 774 800 774 742 785 740 785 739 785 685 776 684 776 682 776 652 785 654 820"/></Shape>
	    <String CONTENT="nire. (Vnus enim Deus &amp; c. iuxta teſtimonium pro¬"
                    HPOS="652"
                    VPOS="768"
                    WIDTH="1050"
                    HEIGHT="75"
                    WC="0.977787848638028"></String>
          </TextLine>

          
          
          <TextLine ID="eSc_line_ae5d26be"
                    TAGREFS="LT4318"
                    BASELINE="654 878 1702 871" 
                    HPOS="652"
                    VPOS="826"
                    WIDTH="1050"
                    HEIGHT="81">
            <Shape><Polygon POINTS="654 878 655 907 690 898 731 905 733 905 734 905 736 905 749 895 826 904 841 905 843 905 844 905 849 904 873 893 911 902 919 904 920 904 944 902 1017 895 1047 901 1067 904 1069 904 1070 904 1087 899 1113 892 1179 898 1234 902 1235 902 1237 902 1238 902 1246 896 1253 890 1284 890 1290 896 1296 899 1296 901 1298 901 1299 901 1301 901 1329 895 1351 890 1365 895 1386 901 1387 901 1389 902 1461 902 1461 901 1463 901 1490 892 1500 889 1543 889 1549 890 1567 899 1569 899 1570 899 1701 887 1702 871 1699 838 1625 828 1624 828 1622 828 1597 837 1548 826 1546 826 1545 826 1543 826 1527 837 1389 828 1387 828 1323 838 1284 828 1283 828 1282 828 1280 828 1244 841 1160 841 1137 829 1136 829 1134 829 1097 837 1079 829 1078 829 1076 829 1075 829 1073 829 1054 841 989 834 987 834 941 841 928 831 926 831 925 831 896 831 895 831 832 843 700 832 699 832 697 832 652 844 654 878"/></Shape>
	    <String CONTENT="prijs temporibus patefactum, ad quod ipſum implen¬"
                    HPOS="652"
                    VPOS="826"
                    WIDTH="1050"
                    HEIGHT="81"
                    WC="0.993047652244568"></String>
          </TextLine>

          
          
          <TextLine ID="eSc_line_7395faa2"
                    TAGREFS="LT4318"
                    BASELINE="651 938 1704 932" 
                    HPOS="649"
                    VPOS="890"
                    WIDTH="1055"
                    HEIGHT="72">
            <Shape><Polygon POINTS="651 938 651 951 678 960 679 960 681 960 855 953 911 962 913 962 960 951 1164 960 1165 960 1310 950 1320 959 1322 959 1323 959 1325 960 1439 960 1439 959 1482 957 1484 957 1485 957 1494 948 1508 957 1509 957 1511 957 1512 957 1702 947 1704 932 1699 893 1574 899 1558 895 1546 890 1545 890 1543 890 1509 895 1476 899 1460 895 1439 890 1438 890 1436 890 1435 890 1433 890 1433 892 1427 896 1421 902 1313 902 1293 898 1264 892 1262 892 1106 899 1044 902 1035 901 1011 893 1009 893 1008 893 966 901 959 902 956 901 938 893 936 893 935 893 893 901 846 895 844 895 843 895 841 895 832 902 831 904 828 902 798 895 797 895 675 895 673 895 672 895 649 902 651 938"/></Shape>
	    <String CONTENT="dum &amp; exequendum, ego conſtitutus ſum, &amp;c. At"
                    HPOS="649"
                    VPOS="890"
                    WIDTH="1055"
                    HEIGHT="72"
                    WC="0.985744433932834"></String>
          </TextLine>

          
          
          <TextLine ID="eSc_line_5802a2ad"
                    TAGREFS="LT4318"
                    BASELINE="651 996 1699 989" 
                    HPOS="649"
                    VPOS="944"
                    WIDTH="1050"
                    HEIGHT="77">
            <Shape><Polygon POINTS="651 996 652 1020 667 1012 696 1020 703 1021 704 1021 706 1021 813 1020 815 1020 817 1018 829 1012 893 1018 916 1020 917 1020 919 1020 923 1018 938 1011 1003 1017 1029 1020 1030 1020 1032 1020 1041 1017 1070 1009 1113 1017 1125 1018 1127 1018 1128 1018 1130 1018 1131 1017 1140 1009 1160 1017 1165 1018 1167 1018 1168 1018 1170 1018 1174 1017 1189 1009 1226 1017 1234 1017 1235 1017 1243 1015 1284 1008 1305 1015 1310 1017 1311 1017 1313 1018 1386 1018 1386 1017 1387 1017 1389 1017 1390 1015 1398 1009 1456 1015 1485 1017 1487 1017 1488 1017 1496 1014 1519 1006 1696 1012 1699 989 1696 954 1524 954 1491 944 1490 944 1488 944 1487 944 1445 956 1378 956 1365 945 1363 945 1362 945 1360 945 1299 954 1282 945 1280 945 1279 945 1277 945 1252 956 1250 956 1075 947 1073 947 1072 947 1070 947 1055 957 1054 957 1052 957 933 948 932 948 931 948 896 957 873 948 871 948 870 948 797 959 777 950 776 950 774 950 731 959 667 950 666 950 664 950 663 950 649 957 651 996"/></Shape>
	    <String CONTENT="ſupplendam eſſe poſt hæc verba τὸ μαρτύριον καιροῖς"
                    HPOS="649"
                    VPOS="944"
                    WIDTH="1050"
                    HEIGHT="77"></String>
          </TextLine>

          
          
          <TextLine ID="eSc_line_1aa282a3"
                    TAGREFS="LT4318"
                    BASELINE="649 1052 1701 1052" 
                    HPOS="649"
                    VPOS="1006"
                    WIDTH="1052"
                    HEIGHT="73">
            <Shape><Polygon POINTS="649 1052 649 1078 788 1070 828 1076 837 1078 838 1078 862 1076 953 1070 984 1076 999 1078 1000 1078 1014 1075 1036 1070 1103 1070 1110 1075 1113 1078 1115 1078 1116 1078 1118 1079 1194 1079 1194 1078 1195 1078 1197 1078 1203 1073 1207 1070 1228 1073 1258 1078 1259 1078 1314 1073 1345 1070 1409 1072 1594 1078 1595 1078 1597 1078 1616 1070 1618 1070 1619 1070 1668 1078 1670 1078 1671 1078 1701 1069 1701 1052 1701 1018 1647 1008 1646 1008 1644 1008 1627 1017 1601 1006 1600 1006 1598 1006 1497 1015 1479 1017 1470 1015 1429 1006 1329 1006 1328 1006 1326 1006 1308 1014 1301 1017 1282 1014 1243 1006 1241 1006 1200 1012 1171 1018 1085 1018 1076 1011 1069 1006 1067 1006 1066 1006 1064 1006 1063 1006 1047 1011 1027 1017 782 1009 780 1009 727 1017 649 1008 649 1052"/></Shape>
	    <String CONTENT="ἰδίοις vocem φανερωθὲν apparet ex Tit. 1. verſ.2. &amp;"
                    HPOS="649"
                    VPOS="1006"
                    WIDTH="1052"
                    HEIGHT="73"></String>
          </TextLine>

          
          
          <TextLine ID="eSc_line_2999282b"
                    TAGREFS="LT4318"
                    BASELINE="649 1112 1699 1107" 
                    HPOS="648"
                    VPOS="1061"
                    WIDTH="1051"
                    HEIGHT="76">
            <Shape><Polygon POINTS="649 1112 649 1127 697 1136 699 1137 825 1137 825 1136 826 1136 828 1136 841 1128 843 1127 859 1128 945 1136 947 1136 986 1128 1000 1125 1029 1128 1076 1133 1078 1133 1079 1133 1090 1128 1096 1125 1103 1128 1121 1134 1122 1134 1124 1134 1125 1134 1143 1128 1152 1125 1174 1128 1216 1134 1218 1134 1286 1128 1311 1127 1337 1128 1390 1133 1392 1133 1393 1133 1395 1133 1400 1128 1409 1124 1421 1128 1433 1133 1435 1133 1436 1133 1698 1128 1699 1107 1696 1073 1622 1061 1621 1061 1619 1061 1580 1072 1493 1061 1491 1061 1447 1072 1445 1072 1375 1061 1374 1061 1298 1072 1284 1075 1091 1075 1085 1072 1060 1063 1058 1063 1057 1063 1020 1072 1011 1073 1009 1072 1002 1066 1000 1066 999 1066 997 1066 972 1072 963 1073 960 1072 950 1064 948 1064 947 1064 945 1064 899 1072 877 1075 871 1072 861 1064 859 1064 858 1064 856 1064 648 1070 649 1112"/></Shape>
	    <String CONTENT="Coloſſ.1.verſ.26. Vocat autem hîc teſtimonium"
                    HPOS="648"
                    VPOS="1061"
                    WIDTH="1051"
                    HEIGHT="76"></String>
          </TextLine>

          
          
          <TextLine ID="eSc_line_2667fd1c"
                    TAGREFS="LT4318"
                    BASELINE="649 1173 1698 1167" 
                    HPOS="648"
                    VPOS="1119"
                    WIDTH="1050"
                    HEIGHT="79">
            <Shape><Polygon POINTS="649 1173 651 1198 676 1188 859 1195 910 1197 911 1197 972 1195 974 1195 975 1195 977 1194 990 1186 1069 1192 1119 1195 1121 1195 1146 1191 1165 1188 1206 1189 1274 1194 1276 1194 1277 1194 1279 1194 1286 1189 1292 1185 1304 1188 1322 1194 1323 1194 1325 1194 1326 1194 1340 1188 1347 1185 1365 1188 1405 1194 1406 1194 1467 1186 1479 1185 1488 1185 1536 1192 1537 1192 1539 1192 1540 1192 1552 1185 1554 1183 1570 1185 1662 1192 1664 1192 1665 1192 1698 1182 1698 1167 1695 1133 1585 1133 1580 1131 1512 1119 1511 1119 1430 1128 1403 1121 1402 1121 1400 1121 1399 1121 1398 1121 1389 1130 1387 1130 1332 1130 1154 1127 1152 1127 1151 1127 1149 1127 1148 1128 1139 1134 1125 1128 1113 1122 1112 1122 1110 1122 1082 1128 1051 1134 1042 1127 1036 1122 1035 1122 1033 1122 1032 1122 1000 1127 974 1131 963 1127 953 1122 951 1122 950 1122 948 1122 935 1127 908 1136 648 1125 649 1173"/></Shape>
	    <String CONTENT="Paulus, antiqua Prophetarum vaticinia de voca¬"
                    HPOS="648"
                    VPOS="1119"
                    WIDTH="1050"
                    HEIGHT="79"
                    WC="0.995664236338242"></String>
          </TextLine>

          
          
          <TextLine ID="eSc_line_33e9457e"
                    TAGREFS="LT4318"
                    BASELINE="648 1229 1699 1223" 
                    HPOS="646"
                    VPOS="1180"
                    WIDTH="1053"
                    HEIGHT="75">
            <Shape><Polygon POINTS="648 1229 648 1250 822 1255 823 1255 825 1255 838 1249 844 1246 1018 1244 1026 1247 1038 1252 1039 1252 1041 1252 1042 1252 1044 1252 1049 1247 1054 1244 1133 1244 1140 1246 1167 1253 1168 1253 1170 1253 1234 1244 1253 1243 1258 1244 1268 1250 1270 1250 1420 1252 1421 1252 1423 1252 1451 1243 1453 1243 1456 1243 1509 1250 1511 1250 1512 1250 1514 1250 1522 1243 1524 1241 1540 1241 1664 1250 1665 1250 1667 1250 1699 1240 1699 1223 1696 1194 1628 1180 1627 1180 1478 1192 1476 1192 1475 1192 1438 1185 1436 1185 1435 1185 1433 1185 1420 1192 1418 1194 1409 1192 1342 1182 1341 1182 1298 1191 1238 1182 1237 1182 1186 1192 1170 1197 1084 1197 1076 1192 1058 1183 1057 1183 1055 1183 1018 1192 1005 1195 991 1192 960 1183 959 1183 957 1183 956 1183 954 1183 942 1192 938 1195 928 1192 905 1185 904 1185 902 1185 798 1188 797 1188 795 1188 791 1192 785 1197 759 1192 743 1189 742 1189 740 1189 730 1192 709 1197 701 1192 693 1185 691 1185 690 1185 688 1185 646 1191 648 1229"/></Shape>
	    <String CONTENT="tione quorumuis hominum &amp; gẽtium, ne id fru¬"
                    HPOS="646"
                    VPOS="1180"
                    WIDTH="1053"
                    HEIGHT="75"
                    WC="0.99025042851766"></String>
          </TextLine>

          
          
          <TextLine ID="eSc_line_9081bcc5"
                    TAGREFS="LT4318"
                    BASELINE="648 1290 1696 1283" 
                    HPOS="646"
                    VPOS="1235"
                    WIDTH="1050"
                    HEIGHT="76">
            <Shape><Polygon POINTS="648 1290 648 1305 1000 1311 1002 1311 1003 1311 1005 1311 1011 1307 1015 1304 1035 1307 1058 1310 1060 1310 1061 1310 1075 1307 1091 1302 1103 1307 1112 1310 1113 1310 1115 1311 1229 1311 1229 1310 1231 1310 1232 1310 1237 1307 1244 1302 1323 1307 1351 1308 1353 1308 1363 1307 1399 1301 1439 1307 1450 1308 1451 1308 1460 1307 1502 1299 1512 1307 1514 1307 1515 1307 1516 1308 1695 1308 1696 1283 1693 1247 1630 1235 1628 1235 1591 1243 1582 1235 1580 1235 1579 1235 1577 1235 1576 1235 1549 1247 1536 1247 1484 1247 1482 1247 1463 1237 1461 1237 1460 1237 1458 1237 1423 1247 1420 1247 1415 1247 1365 1238 1363 1238 1298 1247 1293 1247 1290 1247 1249 1238 1247 1238 1246 1238 1228 1247 1226 1247 1200 1238 1198 1238 1197 1238 1195 1238 1194 1238 1182 1247 1179 1247 1110 1238 1109 1238 1107 1238 1088 1247 1075 1238 1073 1238 1072 1238 1070 1238 1069 1238 1052 1247 1049 1249 1048 1247 1030 1240 1029 1240 933 1240 932 1240 931 1240 913 1247 907 1250 841 1247 691 1241 690 1241 646 1247 648 1290"/></Shape>
	    <String CONTENT="ſtra &amp; temerè Eccleſiæ polliceri ipſe videatur"
                    HPOS="646"
                    VPOS="1235"
                    WIDTH="1050"
                    HEIGHT="76"
                    WC="0.987053466604111"></String>
          </TextLine>

          
          
          <TextLine ID="eSc_line_66da2840"
                    TAGREFS="LT4318"
                    BASELINE="648 1350 1699 1342" 
                    HPOS="646"
                    VPOS="1295"
                    WIDTH="1053"
                    HEIGHT="73">
            <Shape><Polygon POINTS="648 1350 648 1368 1488 1368 1488 1366 1490 1366 1491 1366 1506 1359 1696 1365 1699 1342 1696 1305 1632 1295 1631 1295 1630 1295 1609 1304 1603 1307 1595 1304 1576 1298 1574 1298 1573 1298 1572 1298 1552 1304 1542 1307 1518 1304 1488 1301 1487 1301 1456 1304 1414 1308 1406 1304 1395 1296 1393 1296 1392 1296 1357 1296 1356 1296 1354 1296 1340 1304 1331 1308 1280 1304 1224 1298 1222 1298 1221 1298 1210 1304 1197 1311 1076 1311 1054 1302 1044 1299 1042 1299 1041 1299 1039 1299 1032 1302 1012 1311 993 1302 986 1299 984 1299 865 1299 864 1299 862 1299 861 1299 861 1301 858 1302 846 1314 770 1314 745 1302 742 1301 740 1301 739 1301 737 1301 734 1302 703 1313 687 1302 687 1301 685 1301 684 1301 682 1301 646 1301 648 1350"/></Shape>
	    <String CONTENT="Paulus nullóque in eo niti ſacræ ſcripturæ teſti¬"
                    HPOS="646"
                    VPOS="1295"
                    WIDTH="1053"
                    HEIGHT="73"
                    WC="0.992095388174057"></String>
          </TextLine>

          
          
          <TextLine ID="eSc_line_cadb1fa1"
                    TAGREFS="LT4318"
                    BASELINE="646 1409 1701 1402" 
                    HPOS="645"
                    VPOS="1357"
                    WIDTH="1056"
                    HEIGHT="72">
            <Shape><Polygon POINTS="646 1409 646 1429 1701 1420 1701 1402 1698 1366 1511 1357 1509 1357 1508 1357 1484 1368 1481 1369 1267 1369 1261 1369 1222 1360 1221 1360 1130 1369 1128 1369 1127 1369 1067 1360 1066 1360 911 1371 910 1371 908 1371 856 1362 855 1362 806 1372 803 1372 800 1372 771 1363 770 1363 681 1363 679 1363 678 1363 645 1372 646 1409"/></Shape>
	    <String CONTENT="monio &amp; fundamento, qualia tamen multa ſupra"
                    HPOS="645"
                    VPOS="1357"
                    WIDTH="1056"
                    HEIGHT="72"
                    WC="0.99558431587436"></String>
          </TextLine>

          
          
          <TextLine ID="eSc_line_bdac3b12"
                    TAGREFS="LT4318"
                    BASELINE="646 1469 1698 1461" 
                    HPOS="645"
                    VPOS="1415"
                    WIDTH="1053"
                    HEIGHT="75">
            <Shape><Polygon POINTS="646 1469 646 1481 710 1490 712 1490 713 1490 734 1482 736 1482 829 1490 831 1490 832 1490 859 1482 865 1481 959 1481 963 1482 975 1488 977 1488 978 1488 1009 1482 1020 1481 1026 1482 1039 1488 1041 1488 1042 1488 1044 1488 1064 1482 1078 1479 1099 1482 1124 1487 1125 1487 1127 1487 1134 1482 1142 1479 1171 1482 1203 1487 1204 1487 1276 1484 1381 1478 1417 1484 1429 1485 1430 1485 1457 1484 1545 1478 1695 1484 1698 1461 1695 1415 1655 1415 1653 1415 1652 1415 1650 1415 1650 1417 1637 1429 1586 1429 1561 1417 1560 1417 1558 1417 1557 1417 1555 1417 1554 1417 1533 1427 1500 1418 1488 1415 1487 1415 1485 1415 1429 1417 1427 1417 1426 1417 1426 1418 1423 1420 1412 1430 1371 1430 1362 1421 1357 1418 1357 1417 1356 1417 1354 1417 1277 1417 1276 1417 1197 1418 1195 1418 1174 1424 1152 1430 1134 1424 1112 1418 1110 1418 1109 1418 1107 1418 1106 1418 1096 1426 1087 1432 1039 1432 901 1432 898 1429 887 1423 886 1423 884 1423 883 1423 761 1432 736 1433 734 1432 713 1421 712 1421 710 1421 645 1433 646 1469"/></Shape>
	    <String CONTENT="cap. q.annotauimus &amp; ipſe Paulus obſeruauit &amp;"
                    HPOS="645"
                    VPOS="1415"
                    WIDTH="1053"
                    HEIGHT="75"
                    WC="0.982031855318281"></String>
          </TextLine>

          
          
          <TextLine ID="eSc_line_d9196343"
                    TAGREFS="LT4318"
                    BASELINE="648 1525 1690 1518" 
                    HPOS="646"
                    VPOS="1475"
                    WIDTH="1044"
                    HEIGHT="67">
            <Shape><Polygon POINTS="648 1525 648 1542 1689 1542 1690 1518 1688 1487 1561 1475 1560 1475 1500 1485 1457 1475 1456 1475 1454 1475 1453 1475 1426 1488 1311 1488 1295 1479 1293 1479 1292 1479 1290 1479 1267 1488 1090 1482 1088 1482 1087 1482 1061 1490 1048 1478 1047 1478 1045 1478 983 1478 981 1478 980 1478 962 1488 945 1478 944 1478 942 1478 856 1478 855 1478 794 1491 669 1479 667 1479 666 1479 664 1479 646 1490 648 1525"/></Shape>
	    <String CONTENT="affert in Epiſt. ad Romanos cap.15. verſ 9.1o.11.12."
                    HPOS="646"
                    VPOS="1475"
                    WIDTH="1044"
                    HEIGHT="67"
                    WC="0.980141417338298"></String>
          </TextLine>

          
          
          <TextLine ID="eSc_line_895409ab"
                    TAGREFS="LT4318"
                    BASELINE="646 1583 1692 1576" 
                    HPOS="645"
                    VPOS="1533"
                    WIDTH="1047"
                    HEIGHT="73">
            <Shape><Polygon POINTS="646 1583 646 1598 749 1606 751 1606 752 1606 754 1606 762 1598 764 1598 791 1598 1009 1604 1011 1604 1052 1597 1067 1595 1105 1597 1203 1603 1204 1603 1298 1597 1338 1594 1350 1595 1374 1601 1375 1601 1690 1594 1692 1576 1689 1539 1555 1533 1554 1533 1552 1533 1542 1539 1534 1543 1530 1539 1524 1534 1524 1533 1522 1533 1521 1533 1484 1533 1482 1533 1457 1539 1448 1540 1438 1539 1418 1534 1417 1534 1415 1534 1414 1534 1409 1539 1400 1546 1293 1546 1280 1539 1274 1536 1273 1536 1271 1536 1270 1536 1268 1536 1265 1539 1253 1548 1124 1548 1084 1539 1064 1536 1063 1536 1045 1539 1000 1549 822 1549 645 1540 646 1583"/></Shape>
	    <String CONTENT="Ergo vocem μαρτύριον non refero ad Chriſtum:"
                    HPOS="645"
                    VPOS="1533"
                    WIDTH="1047"
                    HEIGHT="73"></String>
          </TextLine>

          
          
          <TextLine ID="eSc_line_4c686bb2"
                    TAGREFS="LT4318"
                    BASELINE="646 1640 1693 1634" 
                    HPOS="645"
                    VPOS="1592"
                    WIDTH="1048"
                    HEIGHT="72">
            <Shape><Polygon POINTS="646 1640 646 1661 809 1655 815 1659 817 1662 819 1662 820 1662 895 1664 896 1664 944 1658 983 1653 996 1658 1011 1662 1012 1662 1014 1662 1106 1656 1155 1653 1185 1655 1252 1661 1253 1661 1341 1653 1368 1652 1389 1653 1475 1659 1476 1659 1478 1659 1493 1652 1496 1650 1521 1652 1649 1659 1650 1659 1692 1649 1693 1634 1689 1595 1536 1603 1516 1595 1514 1594 1512 1594 1432 1592 1430 1592 1429 1592 1423 1595 1406 1604 1383 1595 1377 1594 1375 1594 1374 1594 1372 1594 1368 1595 1350 1606 1207 1606 1182 1595 1174 1594 1173 1594 1171 1594 1170 1594 1168 1594 1168 1595 1167 1597 1158 1606 1140 1597 1139 1595 1137 1595 1136 1595 1130 1597 1091 1606 1073 1597 1070 1595 1069 1595 1067 1595 1066 1595 1061 1597 1044 1603 1033 1597 1032 1595 1030 1595 1029 1595 1027 1595 1026 1595 1023 1597 997 1606 929 1598 928 1598 926 1598 887 1607 806 1607 795 1597 794 1597 792 1597 791 1597 786 1597 734 1607 716 1597 715 1597 713 1597 712 1597 645 1597 646 1640"/></Shape>
	    <String CONTENT="ſed ad totum complexũ ſuperius Vult Deus quoſ¬"
                    HPOS="645"
                    VPOS="1592"
                    WIDTH="1048"
                    HEIGHT="72"
                    WC="0.990668891592229"></String>
          </TextLine>

          
          
          <TextLine ID="eSc_line_bea1d600"
                    TAGREFS="LT4318"
                    BASELINE="645 1701 1695 1695" 
                    HPOS="643"
                    VPOS="1650"
                    WIDTH="1052"
                    HEIGHT="72">
            <Shape><Polygon POINTS="645 1701 645 1714 904 1722 905 1722 971 1714 981 1713 984 1714 1000 1720 1002 1720 1003 1720 1005 1720 1033 1713 1038 1713 1049 1713 1124 1720 1125 1720 1191 1713 1207 1711 1218 1713 1253 1719 1255 1719 1693 1710 1695 1695 1693 1662 1668 1650 1667 1650 1619 1650 1618 1650 1616 1650 1615 1650 1601 1662 1600 1662 1560 1650 1558 1650 1557 1650 1555 1650 1524 1661 1494 1652 1493 1652 1491 1652 1441 1662 1427 1665 1359 1665 1356 1661 1345 1653 1345 1652 1344 1652 1342 1652 1284 1652 1283 1652 1282 1652 1280 1652 1267 1661 1261 1665 1201 1665 1195 1661 1180 1652 1179 1652 1177 1652 1176 1652 1125 1653 1124 1653 1122 1653 1112 1661 1103 1665 1027 1661 972 1658 971 1658 969 1658 968 1658 965 1661 960 1664 953 1661 935 1653 933 1653 932 1653 887 1661 849 1667 782 1667 768 1661 755 1655 754 1655 752 1655 643 1659 645 1701"/></Shape>
	    <String CONTENT="uis homines ſaluos fieri. Hoc teſtimonium &amp; illa"
                    HPOS="643"
                    VPOS="1650"
                    WIDTH="1052"
                    HEIGHT="72"
                    WC="0.990562417854865"></String>
          </TextLine>

          
          
          <TextLine ID="eSc_line_26487dc1"
                    TAGREFS="LT4318"
                    BASELINE="645 1759 1692 1753" 
                    HPOS="643"
                    VPOS="1708"
                    WIDTH="1049"
                    HEIGHT="73">
            <Shape><Polygon POINTS="645 1759 645 1774 792 1781 794 1781 853 1774 855 1774 889 1781 890 1781 975 1772 986 1772 993 1772 1066 1780 1067 1780 1069 1780 1085 1772 1097 1772 1378 1778 1380 1778 1381 1778 1396 1771 1398 1771 1649 1777 1650 1777 1690 1768 1692 1753 1689 1708 1649 1708 1647 1708 1646 1708 1644 1708 1628 1720 1475 1711 1430 1708 1429 1708 1427 1708 1426 1708 1423 1711 1408 1723 1332 1723 1314 1713 1308 1710 1307 1710 1305 1710 1304 1710 1302 1710 1302 1711 1299 1713 1289 1723 1061 1723 1044 1717 1029 1711 1027 1711 1026 1711 993 1717 969 1722 948 1719 908 1711 907 1711 861 1719 837 1723 823 1720 800 1713 798 1713 797 1713 643 1722 645 1759"/></Shape>
	    <String CONTENT="vaticinia antiqua ignota aut etiam obſcura iis i¬"
                    HPOS="643"
                    VPOS="1708"
                    WIDTH="1049"
                    HEIGHT="73"
                    WC="0.998490724028373"></String>
          </TextLine>

          
          
          <TextLine ID="eSc_line_e607d3ff"
                    TAGREFS="LT4318"
                    BASELINE="645 1820 1692 1811" 
                    HPOS="643"
                    VPOS="1766"
                    WIDTH="1049"
                    HEIGHT="76">
            <Shape><Polygon POINTS="645 1820 645 1842 712 1833 777 1841 780 1841 782 1841 783 1841 820 1830 1024 1830 1039 1838 1041 1838 1042 1838 1044 1838 1045 1838 1047 1838 1055 1830 1234 1835 1322 1836 1323 1836 1325 1836 1332 1833 1344 1829 1690 1829 1692 1811 1689 1774 1577 1766 1576 1766 1574 1766 1560 1774 1555 1777 1551 1774 1539 1766 1537 1766 1536 1766 1534 1766 1490 1775 1470 1778 1463 1775 1450 1768 1448 1768 1403 1768 1402 1768 1400 1768 1386 1775 1378 1780 1249 1780 1241 1777 1224 1769 1222 1769 1221 1769 1219 1769 1218 1769 1206 1777 1200 1781 977 1783 944 1780 893 1774 892 1774 890 1774 874 1780 865 1783 853 1780 819 1772 817 1772 643 1781 645 1820"/></Shape>
	    <String CONTENT="pſis, quibus antea annuntiabantur, ſuis, id eſt, E¬"
                    HPOS="643"
                    VPOS="1766"
                    WIDTH="1049"
                    HEIGHT="76"
                    WC="0.994559817454394"></String>
          </TextLine>

          
          
          <TextLine ID="eSc_line_b7f07919"
                    TAGREFS="LT4318"
                    BASELINE="643 1876 1693 1872" 
                    HPOS="642"
                    VPOS="1826"
                    WIDTH="1051"
                    HEIGHT="74">
            <Shape><Polygon POINTS="643 1876 643 1893 855 1900 856 1900 858 1900 887 1893 896 1891 908 1893 956 1900 957 1900 990 1893 1003 1890 1072 1890 1076 1893 1085 1899 1087 1899 1088 1899 1090 1899 1091 1899 1118 1893 1130 1890 1145 1893 1183 1899 1185 1899 1222 1891 1228 1891 1241 1891 1323 1899 1325 1899 1326 1899 1348 1891 1360 1888 1481 1888 1487 1891 1494 1897 1496 1897 1497 1897 1499 1897 1500 1897 1516 1891 1525 1888 1690 1890 1693 1872 1690 1836 1491 1826 1490 1826 1488 1826 1487 1826 1487 1827 1476 1836 1439 1826 1438 1826 1436 1826 1435 1826 1433 1826 1417 1836 1415 1836 1411 1836 1188 1827 1186 1827 1185 1827 1183 1827 1183 1829 1173 1838 1171 1839 1058 1839 1057 1838 1002 1827 1000 1827 999 1827 997 1827 984 1839 983 1841 841 1841 840 1839 825 1829 823 1829 822 1829 780 1829 779 1829 777 1829 751 1839 749 1841 642 1841 643 1876"/></Shape>
	    <String CONTENT="uangelij temporibus patefacta ſunt, &amp; illuſtrata"
                    HPOS="642"
                    VPOS="1826"
                    WIDTH="1051"
                    HEIGHT="74"
                    WC="0.991558539370696"></String>
          </TextLine>

          
          
          <TextLine ID="eSc_line_5ac8340f"
                    TAGREFS="LT4318"
                    BASELINE="643 1937 1692 1930" 
                    HPOS="642"
                    VPOS="1885"
                    WIDTH="1050"
                    HEIGHT="75">
            <Shape><Polygon POINTS="643 1937 643 1960 1690 1952 1692 1930 1689 1897 1632 1885 1631 1885 1630 1885 1609 1897 1406 1897 1342 1887 1341 1887 1340 1887 1299 1897 1279 1887 1277 1887 1276 1887 1274 1887 1273 1887 1273 1888 1264 1896 1241 1888 1240 1888 1238 1888 1237 1888 1235 1888 1221 1899 1188 1888 1186 1888 1185 1888 1183 1888 1146 1900 1049 1900 1015 1890 1014 1890 1012 1890 902 1900 890 1891 890 1890 889 1890 887 1890 861 1890 859 1890 813 1899 774 1891 773 1891 771 1891 749 1902 707 1894 706 1894 704 1894 688 1902 673 1893 672 1893 670 1893 669 1893 667 1893 642 1902 643 1937"/></Shape>
	    <String CONTENT="atque impleta. Nouit enim ſolus Dominus tem¬"
                    HPOS="642"
                    VPOS="1885"
                    WIDTH="1050"
                    HEIGHT="75"
                    WC="0.981058569117026"></String>
          </TextLine>

          
          
          <TextLine ID="eSc_line_b855c86c"
                    TAGREFS="LT4318"
                    BASELINE="643 1995 1693 1988" 
                    HPOS="642"
                    VPOS="1945"
                    WIDTH="1051"
                    HEIGHT="76">
            <Shape><Polygon POINTS="643 1995 643 2021 724 2013 792 2019 804 2019 806 2019 815 2019 881 2009 1003 2015 1057 2018 1058 2018 1060 2018 1070 2015 1091 2007 1188 2012 1271 2016 1273 2016 1274 2016 1276 2016 1282 2010 1287 2006 1301 2010 1314 2015 1316 2015 1317 2015 1319 2015 1340 2010 1356 2006 1369 2009 1393 2015 1395 2015 1396 2015 1398 2015 1414 2009 1418 2007 1448 2007 1615 2013 1616 2013 1692 2003 1693 1988 1690 1955 1597 1945 1595 1945 1594 1945 1558 1955 1412 1955 1396 1946 1395 1946 1393 1946 1392 1946 1390 1946 1389 1946 1378 1957 1331 1957 1295 1946 1293 1946 1292 1946 1290 1946 1270 1958 1180 1958 1167 1948 1165 1948 1164 1948 1163 1948 1119 1955 908 1949 907 1949 852 1960 819 1951 817 1951 816 1951 815 1951 785 1958 696 1951 694 1951 642 1961 643 1995"/></Shape>
	    <String CONTENT="porum articulos, &amp; rerum opportunas maturita¬"
                    HPOS="642"
                    VPOS="1945"
                    WIDTH="1051"
                    HEIGHT="76"
                    WC="0.997075741820865"></String>
          </TextLine>

          
          
          <TextLine ID="eSc_line_e63883db"
                    TAGREFS="LT4318"
                    BASELINE="642 2056 1692 2046" 
                    HPOS="641"
                    VPOS="2000"
                    WIDTH="1051"
                    HEIGHT="73">
            <Shape><Polygon POINTS="642 2056 642 2071 1377 2073 1378 2073 1415 2064 1420 2064 1432 2064 1539 2071 1540 2071 1542 2071 1543 2071 1555 2062 1557 2062 1567 2062 1649 2070 1650 2070 1690 2061 1692 2046 1688 2010 1641 2010 1640 2010 1632 2003 1631 2003 1630 2003 1628 2003 1627 2003 1597 2010 1595 2010 1570 2000 1569 2000 1567 2000 1566 2000 1540 2010 1537 2012 1521 2012 1402 2003 1400 2003 1399 2003 1372 2010 1356 2003 1354 2003 1353 2003 1351 2003 1320 2013 1319 2013 1298 2003 1296 2003 1295 2003 1176 2015 1167 2015 1145 2015 1106 2015 1093 2004 1091 2004 1090 2004 1088 2004 1024 2015 969 2006 968 2006 928 2013 835 2007 834 2007 832 2007 816 2015 694 2009 693 2009 691 2009 690 2009 676 2019 675 2021 641 2021 642 2056"/></Shape>
	    <String CONTENT="tes, quas ipſe decernit &amp; conſtituit. Itaque huius"
                    HPOS="641"
                    VPOS="2000"
                    WIDTH="1051"
                    HEIGHT="73"
                    WC="0.997330715656281"></String>
          </TextLine>

          
          
          <TextLine ID="eSc_line_82ba2d6e"
                    TAGREFS="LT4318"
                    BASELINE="643 2114 1693 2104" 
                    HPOS="642"
                    VPOS="2059"
                    WIDTH="1051"
                    HEIGHT="81">
            <Shape><Polygon POINTS="643 2114 643 2131 740 2140 742 2140 743 2140 745 2140 759 2131 761 2129 919 2129 939 2138 941 2138 942 2138 1033 2128 1039 2128 1045 2128 1087 2134 1088 2134 1090 2134 1091 2134 1091 2132 1097 2128 1099 2126 1133 2128 1313 2134 1314 2134 1316 2134 1348 2125 1353 2125 1368 2125 1512 2132 1514 2132 1515 2132 1539 2123 1545 2122 1570 2123 1673 2131 1674 2131 1676 2131 1693 2122 1693 2104 1692 2071 1670 2059 1668 2059 1667 2059 1598 2070 1583 2059 1582 2059 1580 2059 1548 2059 1546 2059 1545 2059 1518 2071 1481 2062 1479 2062 1478 2062 1476 2062 1475 2062 1458 2071 1414 2071 1393 2061 1392 2061 1390 2061 1389 2061 1353 2074 1229 2074 1212 2064 1210 2064 1209 2064 1207 2064 1151 2071 1133 2064 1131 2064 1130 2064 1054 2076 942 2065 941 2065 843 2077 800 2067 798 2067 797 2067 795 2067 754 2079 734 2070 733 2070 731 2070 642 2080 643 2114"/></Shape>
	    <String CONTENT="rei perficiende gratia Paulus cæteriq; Apoſtoli à"
                    HPOS="642"
                    VPOS="2059"
                    WIDTH="1051"
                    HEIGHT="81"
                    WC="0.991715466976166"></String>
          </TextLine>

          
          
          <TextLine ID="eSc_line_40ab8bc6"
                    TAGREFS="LT4318"
                    BASELINE="645 2172 1692 2163" 
                    HPOS="643"
                    VPOS="2116"
                    WIDTH="1049"
                    HEIGHT="94">
            <Shape><Polygon POINTS="645 2172 646 2210 687 2196 770 2208 780 2208 782 2208 783 2208 788 2207 826 2195 884 2205 896 2207 898 2207 899 2207 901 2207 902 2205 913 2198 947 2204 950 2204 951 2204 953 2204 954 2204 974 2195 1006 2202 1021 2205 1023 2205 1024 2205 1026 2205 1029 2202 1041 2193 1125 2193 1142 2199 1157 2205 1158 2205 1160 2205 1161 2205 1177 2199 1192 2193 1203 2198 1213 2204 1215 2204 1216 2204 1218 2204 1229 2198 1240 2193 1268 2196 1317 2204 1319 2204 1320 2204 1344 2195 1360 2190 1400 2195 1479 2202 1481 2202 1482 2202 1499 2195 1560 2201 1561 2201 1563 2201 1564 2201 1579 2190 1582 2189 1583 2190 1603 2199 1604 2199 1606 2199 1690 2187 1692 2163 1690 2128 1646 2116 1644 2116 1643 2116 1641 2116 1640 2116 1624 2126 1588 2117 1586 2117 1585 2117 1583 2117 1554 2126 1525 2116 1524 2116 1522 2116 1521 2116 1519 2116 1502 2129 1402 2129 1389 2117 1387 2117 1386 2117 1384 2117 1383 2117 1365 2125 1347 2117 1345 2117 1344 2117 1342 2117 1341 2117 1341 2119 1328 2129 1237 2120 1235 2120 1234 2120 1212 2129 1174 2119 1173 2119 1171 2119 1100 2131 1018 2120 1017 2120 1015 2120 978 2132 847 2122 846 2122 844 2122 803 2132 751 2123 749 2123 748 2123 725 2134 709 2123 707 2123 706 2123 658 2123 657 2123 655 2123 654 2123 654 2125 643 2134 645 2172"/></Shape>
	    <String CONTENT="Chriſto &amp; vocati &amp; miſſi ſunt. Id quod ipſe ſe¬"
                    HPOS="643"
                    VPOS="2116"
                    WIDTH="1049"
                    HEIGHT="94"
                    WC="0.988604877857452"></String>
          </TextLine>

          
        </TextBlock>
        
        <TextBlock HPOS="1543.7772216796875"
                   VPOS="2192.885986328125"
                   WIDTH="158.1767578125"
                   HEIGHT="58.380126953125"
                   ID="block_2"
                   TAGREFS="BT10978">
          <Shape><Polygon POINTS="1543.78 2192.89 1701.95 2192.89 1701.95 2251.27 1543.78 2251.27 1543.78 2192.89"/></Shape>
          
          
          <TextLine ID="eSc_line_2eb7d214"
                    TAGREFS="LT4318"
                    BASELINE="1540 2221 1699 2224" 
                    HPOS="1539"
                    VPOS="2178"
                    WIDTH="160"
                    HEIGHT="84">
            <Shape><Polygon POINTS="1540 2221 1539 2253 1545 2259 1545 2260 1546 2260 1548 2260 1549 2262 1592 2262 1592 2260 1594 2260 1595 2260 1604 2253 1606 2251 1610 2253 1634 2262 1635 2262 1637 2262 1638 2262 1658 2256 1668 2253 1696 2257 1699 2224 1698 2178 1656 2187 1615 2183 1580 2180 1579 2180 1540 2187 1540 2221"/></Shape>
	    <String CONTENT="quenti"
                    HPOS="1539"
                    VPOS="2178"
                    WIDTH="160"
                    HEIGHT="84"
                    WC="0.98466157913208"></String>
          </TextLine>

          
        </TextBlock>
        

        
      </PrintSpace>
    </Page>
  </Layout>
</alto>
