<?xml version="1.0" encoding="UTF-8"?>
<alto xmlns:xsi="http://www.w3.org/2001/XMLSchema-instance"
      xmlns="http://www.loc.gov/standards/alto/ns-v4#"
      xsi:schemaLocation="http://www.loc.gov/standards/alto/ns-v4# http://www.loc.gov/standards/alto/v4/alto-4-2.xsd">
  <Description>
    <MeasurementUnit>pixel</MeasurementUnit>
    <sourceImageInformation>
      <fileName>2012980.png</fileName>
      
    </sourceImageInformation>
  </Description>
  
  <Tags>
    <OtherTag ID="BT10983" LABEL="GraphicZone" DESCRIPTION="block type GraphicZone"/><OtherTag ID="BT10982" LABEL="DropCapitalZone" DESCRIPTION="block type DropCapitalZone"/><OtherTag ID="BT10981" LABEL="RunningTitleZone" DESCRIPTION="block type RunningTitleZone"/><OtherTag ID="BT10980" LABEL="NumberingZone" DESCRIPTION="block type NumberingZone"/><OtherTag ID="BT10979" LABEL="TitlePageZone" DESCRIPTION="block type TitlePageZone"/><OtherTag ID="BT10978" LABEL="QuireMarksZone" DESCRIPTION="block type QuireMarksZone"/><OtherTag ID="BT10977" LABEL="MainZone" DESCRIPTION="block type MainZone"/><OtherTag ID="BT10976" LABEL="MarginTextZone" DESCRIPTION="block type MarginTextZone"/>
    <OtherTag ID="LT4321" LABEL="default" DESCRIPTION="line type default"/><OtherTag ID="LT4319" LABEL="HeadingLine" DESCRIPTION="line type HeadingLine"/><OtherTag ID="LT4318" LABEL="DefaultLine" DESCRIPTION="line type DefaultLine"/><OtherTag ID="LT4320" LABEL="CustomLine : BiblicalText" DESCRIPTION="line type CustomLine : BiblicalText"/>
  </Tags>
  
  <Layout>
    <Page WIDTH="1807"
          HEIGHT="2677"
          PHYSICAL_IMG_NR="27"
          ID="eSc_dummypage_">
      <PrintSpace HPOS="0"
                  VPOS="0"
                  WIDTH="1807"
                  HEIGHT="2677">
        
        <TextBlock HPOS="605.4573974609375"
                   VPOS="161.20843505859375"
                   WIDTH="83.4842529296875"
                   HEIGHT="60.88011169433594"
                   ID="block_2"
                   TAGREFS="BT10980">
          <Shape><Polygon POINTS="605.457 161.208 688.942 161.208 688.942 222.089 605.457 222.089 605.457 161.208"/></Shape>
          
          
          <TextLine ID="eSc_line_5f2f33af"
                    TAGREFS="LT4318"
                    BASELINE="608 206 706 206" 
                    HPOS="608"
                    VPOS="154"
                    WIDTH="98"
                    HEIGHT="73">
            <Shape><Polygon POINTS="608 163 608 206 608 227 706 217 706 206 706 172 684 172 676 166 660 154 658 154 657 154 620 154 608 163"/></Shape>
	    <String CONTENT="68"
                    HPOS="608"
                    VPOS="154"
                    WIDTH="98"
                    HEIGHT="73"
                    WC="0.999975025653839"></String>
          </TextLine>

          
        </TextBlock>
        
        <TextBlock HPOS="777.7354736328125"
                   VPOS="143.4054718017578"
                   WIDTH="702.4388427734375"
                   HEIGHT="74.59068298339844"
                   ID="block_0"
                   TAGREFS="BT10981">
          <Shape><Polygon POINTS="777.735 143.405 1480.17 143.405 1480.17 217.996 777.735 217.996 777.735 143.405"/></Shape>
          
          
          <TextLine ID="eSc_line_68d495a7"
                    TAGREFS="LT4319"
                    BASELINE="777 205 1457 193" 
                    HPOS="776"
                    VPOS="142"
                    WIDTH="681"
                    HEIGHT="84">
            <Shape><Polygon POINTS="1430 153 1415 151 1400 150 1386 148 1371 147 1365 147 1363 145 1356 145 1341 144 1326 144 1311 142 1296 142 1271 156 1265 159 1198 162 1151 162 1142 154 1130 145 1118 145 1106 145 1084 153 1075 156 1055 153 1023 147 1014 147 999 147 997 147 991 151 972 165 944 165 892 151 881 148 880 148 865 150 850 150 835 150 820 150 806 150 791 150 776 151 777 205 777 211 804 224 806 224 807 226 861 226 861 224 862 224 887 211 889 211 926 223 928 223 929 223 931 223 968 211 972 209 977 211 1003 221 1005 221 1006 221 1069 220 1070 220 1072 220 1072 218 1081 211 1084 208 1094 211 1116 215 1118 215 1158 211 1204 205 1229 211 1259 217 1261 217 1262 217 1274 211 1287 203 1329 211 1345 212 1347 212 1348 212 1350 212 1351 211 1360 203 1371 211 1378 214 1380 214 1381 214 1457 209 1457 193 1456 162 1445 153"/></Shape>
	    <String CONTENT="AD I. PAVL. AD TIM."
                    HPOS="776"
                    VPOS="142"
                    WIDTH="681"
                    HEIGHT="84"
                    WC="0.989444716980583"></String>
          </TextLine>

          
        </TextBlock>
        
        <TextBlock HPOS="602.805908203125"
                   VPOS="217.515869140625"
                   WIDTH="1102.3028564453125"
                   HEIGHT="1939.05126953125"
                   ID="block_1"
                   TAGREFS="BT10977">
          <Shape><Polygon POINTS="602.806 217.516 1705.11 217.516 1705.11 2156.57 602.806 2156.57 602.806 217.516"/></Shape>
          
          
          <TextLine ID="eSc_line_8b22f9e7"
                    TAGREFS="LT4318"
                    BASELINE="606 273 1662 257" 
                    HPOS="605"
                    VPOS="206"
                    WIDTH="1057"
                    HEIGHT="85">
            <Shape><Polygon POINTS="1644 212 1630 208 1628 208 1627 208 1534 218 1527 218 1522 218 1467 206 1466 206 1348 209 1347 209 1345 209 1332 218 1329 220 1325 218 1307 212 1305 212 1304 212 1302 212 1286 218 1273 224 1218 224 1212 218 1204 212 1203 212 1201 212 1200 212 1151 218 1125 221 1119 218 1113 215 1112 215 1110 215 1109 215 1100 218 1081 227 1055 227 1045 218 1039 214 1038 214 1036 214 1035 214 1033 214 1017 218 986 227 942 218 931 217 929 217 928 217 920 218 884 229 770 218 755 218 754 218 752 218 748 218 697 232 605 220 606 273 606 291 1661 276 1662 257 1659 226 1646 214"/></Shape>
	    <String CONTENT="tinet hic locus Pauli, vt Iudaicum illud locorum"
                    HPOS="605"
                    VPOS="206"
                    WIDTH="1057"
                    HEIGHT="85"
                    WC="0.975508199383815"></String>
          </TextLine>

          
          
          <TextLine ID="eSc_line_10d73154"
                    TAGREFS="LT4318"
                    BASELINE="606 333 1661 316" 
                    HPOS="605"
                    VPOS="267"
                    WIDTH="1056"
                    HEIGHT="89">
            <Shape><Polygon POINTS="606 333 606 348 627 356 629 356 630 356 727 349 758 355 759 355 761 355 762 355 774 348 858 353 859 353 861 353 901 343 904 343 907 343 980 352 981 352 983 352 984 352 1000 342 1002 340 1110 340 1121 340 1133 349 1134 349 1136 349 1137 350 1179 350 1179 349 1180 349 1207 339 1207 337 1216 337 1337 337 1347 346 1348 346 1350 346 1351 346 1395 339 1466 345 1467 345 1512 334 1530 342 1531 342 1533 342 1661 330 1661 316 1658 279 1591 267 1589 267 1537 269 1536 269 1514 279 1414 269 1412 269 1345 282 1344 282 1341 282 1209 272 1207 272 1206 272 1168 284 1090 273 1088 273 1087 273 1085 273 1070 287 1069 288 939 288 936 288 919 276 917 276 916 276 914 276 855 278 853 278 832 290 831 290 815 290 657 281 655 281 605 291 606 333"/></Shape>
	    <String CONTENT="diſcrimen ſublatum eſſe per Euangelij prædica¬"
                    HPOS="605"
                    VPOS="267"
                    WIDTH="1056"
                    HEIGHT="89"
                    WC="0.991593622643015"></String>
          </TextLine>

          
          
          <TextLine ID="eSc_line_8271095e"
                    TAGREFS="LT4318"
                    BASELINE="606 392 1661 374" 
                    HPOS="605"
                    VPOS="333"
                    WIDTH="1056"
                    HEIGHT="78">
            <Shape><Polygon POINTS="606 392 606 404 719 411 721 411 840 403 875 401 889 403 933 410 935 410 936 410 956 403 965 400 1047 401 1180 406 1182 406 1207 401 1234 395 1243 400 1247 404 1249 404 1250 404 1252 406 1301 406 1301 404 1326 400 1353 395 1447 400 1478 400 1479 400 1481 400 1482 400 1482 398 1496 391 1659 397 1661 374 1658 342 1609 333 1607 333 1564 343 1560 343 1557 343 1509 333 1508 333 1506 333 1473 345 1472 346 1423 346 1415 346 1399 334 1398 334 1396 334 1395 334 1393 334 1357 346 1357 348 1310 348 1130 349 1105 340 1103 340 1102 340 1100 340 1099 340 1081 352 1049 352 1035 352 1030 352 782 345 780 345 779 345 733 356 639 348 638 348 636 348 605 359 606 392"/></Shape>
	    <String CONTENT="tionem intelligamus, &amp; quæ quantáque ſit iam"
                    HPOS="605"
                    VPOS="333"
                    WIDTH="1056"
                    HEIGHT="78"
                    WC="0.98836702770657"></String>
          </TextLine>

          
          
          <TextLine ID="eSc_line_20f0d1c4"
                    TAGREFS="LT4318"
                    BASELINE="608 452 1662 432" 
                    HPOS="606"
                    VPOS="385"
                    WIDTH="1056"
                    HEIGHT="87">
            <Shape><Polygon POINTS="608 452 608 469 767 472 768 472 816 465 850 461 877 464 914 469 916 469 917 469 919 469 926 464 928 462 938 462 981 466 983 466 1015 461 1035 458 1048 461 1073 466 1075 466 1076 466 1078 466 1093 459 1099 456 1143 458 1253 464 1255 464 1319 455 1337 452 1342 453 1362 461 1363 461 1365 461 1460 450 1470 450 1473 450 1494 458 1496 458 1497 458 1632 456 1634 456 1662 446 1662 432 1659 400 1598 392 1597 392 1563 400 1514 385 1512 385 1511 385 1509 385 1476 401 1445 395 1444 395 1131 407 1096 392 1094 392 1093 392 1011 407 980 395 978 395 939 395 938 395 936 395 914 407 890 397 889 397 887 397 797 398 795 398 764 414 762 414 759 414 688 400 687 400 685 400 684 400 660 416 642 404 641 404 639 404 638 404 636 404 606 416 608 452"/></Shape>
	    <String CONTENT="noſtra per Chriſtum libertas, per quam &amp; loco¬"
                    HPOS="606"
                    VPOS="385"
                    WIDTH="1056"
                    HEIGHT="87"
                    WC="0.979034765906956"></String>
          </TextLine>

          
          
          <TextLine ID="eSc_line_bbab79c2"
                    TAGREFS="LT4318"
                    BASELINE="612 507 1664 492" 
                    HPOS="611"
                    VPOS="444"
                    WIDTH="1053"
                    HEIGHT="85">
            <Shape><Polygon POINTS="612 507 612 526 767 520 788 524 806 529 807 529 809 529 810 529 812 529 817 524 828 517 870 523 902 527 904 527 905 527 916 522 928 516 1026 520 1127 524 1128 524 1130 524 1158 517 1171 514 1176 517 1183 523 1185 523 1186 523 1188 524 1241 524 1241 523 1398 513 1470 508 1516 510 1621 516 1622 516 1664 507 1664 492 1662 458 1638 444 1637 444 1635 444 1555 459 1506 459 1487 446 1485 446 1484 446 1482 446 1481 446 1450 453 1351 447 1350 447 1348 447 1320 462 1240 462 1168 450 1167 450 1165 450 1134 465 1076 465 1033 452 1032 452 1030 452 1029 452 999 461 950 453 948 453 856 466 806 456 804 456 803 456 776 468 731 458 730 458 673 469 658 461 657 461 655 461 654 461 652 461 611 471 612 507"/></Shape>
	    <String CONTENT="rum &amp; rituum ſeruitus nobis per Chriſtum adẽ¬"
                    HPOS="611"
                    VPOS="444"
                    WIDTH="1053"
                    HEIGHT="85"
                    WC="0.992148036542146"></String>
          </TextLine>

          
          
          <TextLine ID="eSc_line_6bf68e60"
                    TAGREFS="LT4318"
                    BASELINE="618 568 1087 557" 
                    HPOS="617"
                    VPOS="516"
                    WIDTH="470"
                    HEIGHT="75">
            <Shape><Polygon POINTS="618 568 618 591 685 580 758 580 788 585 807 590 809 590 899 587 901 587 902 587 902 585 908 581 911 577 917 580 931 587 932 587 933 587 1000 585 1002 585 1036 575 1041 574 1045 575 1073 584 1075 584 1076 584 1078 584 1079 584 1079 582 1087 575 1087 557 1084 527 960 527 913 516 911 516 910 516 908 516 886 529 859 517 858 517 856 517 855 517 853 517 834 529 832 530 831 529 807 519 806 519 804 519 803 519 774 527 752 519 751 519 749 519 748 519 716 530 709 535 669 535 660 532 638 522 636 522 635 522 633 522 617 529 618 568"/></Shape>
	    <String CONTENT="pta eſt, cognoſcamus."
                    HPOS="617"
                    VPOS="516"
                    WIDTH="470"
                    HEIGHT="75"
                    WC="0.981610769317264"></String>
          </TextLine>

          
          
          <TextLine ID="eSc_line_3f91a53b"
                    TAGREFS="LT4318"
                    BASELINE="682 624 1661 608" 
                    HPOS="681"
                    VPOS="562"
                    WIDTH="980"
                    HEIGHT="80">
            <Shape><Polygon POINTS="682 624 682 642 1661 627 1661 608 1658 574 1512 562 1511 562 1509 562 1485 571 1418 563 1417 563 1415 563 1395 575 1392 577 1387 575 1372 565 1371 565 1369 565 1368 565 1366 565 1348 575 1344 577 1338 575 1307 565 1305 565 1304 565 1302 565 1301 565 1301 566 1290 575 1287 580 1164 580 1154 577 1133 568 1131 568 1130 568 1073 577 1033 582 920 582 916 578 913 575 913 574 911 574 910 574 908 574 887 578 849 585 813 578 791 574 789 574 788 574 776 578 755 587 746 578 745 578 745 577 743 577 742 577 740 577 681 578 682 624"/></Shape>
	    <String CONTENT="Neque tamen confuſionem inducit vel inue¬"
                    HPOS="681"
                    VPOS="562"
                    WIDTH="980"
                    HEIGHT="80"
                    WC="0.989870990194925"></String>
          </TextLine>

          
          
          <TextLine ID="eSc_line_4cb95a3a"
                    TAGREFS="LT4318"
                    BASELINE="617 682 1667 667" 
                    HPOS="615"
                    VPOS="620"
                    WIDTH="1052"
                    HEIGHT="83">
            <Shape><Polygon POINTS="617 682 618 703 648 696 724 701 752 703 754 703 767 700 797 694 954 697 1105 698 1106 698 1264 690 1304 688 1308 690 1332 696 1334 696 1335 696 1426 687 1458 684 1500 685 1628 690 1630 690 1667 681 1667 667 1665 633 1618 620 1616 620 1615 620 1613 620 1612 620 1594 633 1577 633 1458 633 1451 633 1399 623 1398 623 1338 633 1317 636 1311 633 1301 624 1299 624 1298 624 1271 624 1270 624 1268 624 1246 633 1234 638 1139 639 1115 633 1102 629 1100 629 1099 629 1081 633 1057 638 1033 633 1014 629 1012 629 1011 629 1009 629 1005 633 991 642 968 642 957 633 956 632 956 630 954 630 953 630 951 630 925 633 873 638 841 633 826 630 825 630 823 630 819 633 801 642 758 633 757 633 755 633 754 633 739 643 710 633 709 633 615 633 617 682"/></Shape>
	    <String CONTENT="hit in Eccleſiã Paulus, in qua iubet ipſe vt omnia"
                    HPOS="615"
                    VPOS="620"
                    WIDTH="1052"
                    HEIGHT="83"
                    WC="0.995851304016861"></String>
          </TextLine>

          
          
          <TextLine ID="eSc_line_a9b64f58"
                    TAGREFS="LT4318"
                    BASELINE="621 737 1667 727" 
                    HPOS="620"
                    VPOS="682"
                    WIDTH="1047"
                    HEIGHT="77">
            <Shape><Polygon POINTS="621 737 621 759 801 758 803 758 804 758 804 756 813 751 899 755 936 756 938 756 939 756 945 754 959 749 1000 754 1035 756 1036 756 1070 752 1094 749 1160 751 1296 754 1298 754 1299 754 1301 754 1310 748 1311 746 1322 748 1366 754 1368 754 1369 754 1398 746 1405 745 1421 746 1488 751 1490 751 1667 740 1667 727 1662 682 1551 694 1481 685 1460 684 1458 684 1457 684 1456 684 1453 687 1439 696 1426 687 1421 684 1420 684 1418 684 1374 684 1372 684 1371 684 1369 684 1365 688 1350 700 1313 700 1232 691 1188 687 1186 687 1185 687 1171 693 1152 701 1039 701 1018 696 981 688 980 688 978 688 959 697 948 703 938 698 920 690 919 690 880 690 878 690 877 690 875 690 862 700 853 704 803 704 798 701 785 693 783 693 782 693 780 693 779 693 777 693 777 694 768 701 762 706 620 706 621 737"/></Shape>
	    <String CONTENT="τάκτως &amp; ordine fiant, quaſi iam nolit vllum eſſe"
                    HPOS="620"
                    VPOS="682"
                    WIDTH="1047"
                    HEIGHT="77"></String>
          </TextLine>

          
          
          <TextLine ID="eSc_line_d71c8431"
                    TAGREFS="LT4318"
                    BASELINE="618 801 1665 783" 
                    HPOS="617"
                    VPOS="740"
                    WIDTH="1048"
                    HEIGHT="83">
            <Shape><Polygon POINTS="618 801 618 814 687 823 688 823 690 823 707 814 843 820 844 820 896 812 963 820 965 820 966 820 1006 810 1067 817 1069 817 1070 817 1090 809 1139 817 1140 817 1243 809 1299 814 1301 814 1302 814 1329 804 1389 813 1390 813 1464 812 1466 812 1497 801 1574 809 1576 809 1665 797 1665 783 1661 749 1530 751 1528 751 1494 740 1493 740 1491 740 1490 740 1460 752 1447 742 1445 742 1444 742 1405 742 1403 742 1402 742 1400 742 1400 743 1390 754 1389 754 1386 754 1342 743 1341 743 1340 743 1313 754 1311 755 1310 755 1295 745 1293 745 1292 745 1241 745 1240 745 1238 745 1218 756 1216 756 1212 756 1180 749 1179 749 1137 758 1133 758 1131 758 1121 749 1121 748 1119 748 1118 748 1116 748 1115 748 1088 756 1054 748 1052 748 1051 748 971 749 969 749 968 749 959 756 890 751 889 751 887 751 886 751 871 762 870 762 865 762 822 752 820 752 819 752 791 762 788 765 733 765 733 764 707 754 706 754 704 754 703 754 673 765 672 767 617 767 618 801"/></Shape>
	    <String CONTENT="communi totius Eccleſię conſilio &amp; delectu con¬"
                    HPOS="617"
                    VPOS="740"
                    WIDTH="1048"
                    HEIGHT="83"
                    WC="0.979244680454334"></String>
          </TextLine>

          
          
          <TextLine ID="eSc_line_cb318fb4"
                    TAGREFS="LT4318"
                    BASELINE="618 858 1667 843" 
                    HPOS="617"
                    VPOS="798"
                    WIDTH="1050"
                    HEIGHT="82">
            <Shape><Polygon POINTS="618 858 618 872 700 880 701 880 761 871 767 871 773 871 841 877 843 877 844 877 846 877 856 870 858 870 864 870 920 877 922 877 1036 867 1051 867 1063 867 1140 874 1142 874 1191 865 1195 865 1204 865 1310 871 1311 871 1433 862 1436 862 1453 870 1454 870 1456 870 1457 870 1481 861 1484 859 1667 858 1667 843 1664 812 1475 798 1473 798 1472 798 1441 812 1406 800 1405 800 1403 800 1402 800 1378 812 1353 800 1351 800 1350 800 1247 801 1246 801 1204 816 1170 809 1168 809 1167 809 1139 817 1085 812 1084 812 959 819 936 806 935 806 933 806 932 806 931 806 880 820 844 807 843 807 841 807 794 816 774 810 773 810 771 810 770 810 768 810 759 819 731 810 730 810 728 810 727 810 704 817 636 810 635 810 633 810 632 810 617 820 618 858"/></Shape>
	    <String CONTENT="ſtitutum locum, in quem Chriſtiani ad Deum"
                    HPOS="617"
                    VPOS="798"
                    WIDTH="1050"
                    HEIGHT="82"
                    WC="0.977734567154022"></String>
          </TextLine>

          
          
          <TextLine ID="eSc_line_2d1e1f84"
                    TAGREFS="LT4318"
                    BASELINE="620 917 1668 902" 
                    HPOS="618"
                    VPOS="862"
                    WIDTH="1050"
                    HEIGHT="79">
            <Shape><Polygon POINTS="620 917 620 941 725 931 1038 933 1142 935 1143 935 1145 935 1158 932 1188 925 1222 931 1243 933 1244 933 1667 920 1668 902 1665 874 1618 862 1616 862 1557 872 1531 862 1530 862 1482 862 1481 862 1417 875 1414 877 1298 877 1296 877 1284 867 1283 867 1282 867 1280 867 1229 877 1221 878 1212 877 1177 871 1176 871 1055 878 1003 881 991 878 954 870 953 870 951 870 895 880 890 880 887 880 828 871 826 871 734 872 733 872 715 881 706 886 618 883 620 917"/></Shape>
	    <String CONTENT="precandum certo tempore conueniant, ſéque a¬"
                    HPOS="618"
                    VPOS="862"
                    WIDTH="1050"
                    HEIGHT="79"
                    WC="0.983878105216556"></String>
          </TextLine>

          
          
          <TextLine ID="eSc_line_5c37729b"
                    TAGREFS="LT4318"
                    BASELINE="623 975 1668 959" 
                    HPOS="621"
                    VPOS="916"
                    WIDTH="1047"
                    HEIGHT="80">
            <Shape><Polygon POINTS="623 975 623 991 810 996 812 996 813 996 815 996 815 994 820 989 822 989 901 989 902 989 981 996 983 996 1038 987 1058 994 1060 994 1061 994 1180 993 1229 984 1277 991 1279 991 1280 991 1282 991 1295 981 1296 981 1304 981 1380 990 1381 990 1467 980 1479 978 1497 978 1610 984 1612 984 1667 975 1668 959 1667 926 1643 916 1641 916 1640 916 1638 916 1637 916 1622 926 1622 928 1539 928 1519 928 1479 916 1478 916 1476 916 1475 916 1442 929 1393 923 1392 923 1338 931 1304 922 1302 922 1301 922 1255 932 1219 920 1218 920 1216 920 1215 920 1165 933 1130 922 1128 922 1127 922 1125 922 1087 935 1076 926 1075 926 1073 926 1018 923 1017 923 1015 923 983 936 959 925 957 925 908 925 907 925 905 925 886 935 870 926 868 926 812 926 810 926 809 926 807 926 783 941 678 941 652 929 651 929 649 929 648 929 621 941 623 975"/></Shape>
	    <String CONTENT="dunent: ſed vt ſparſi, &amp;, prout quemque feret ani¬"
                    HPOS="621"
                    VPOS="916"
                    WIDTH="1047"
                    HEIGHT="80"
                    WC="0.964985270500183"></String>
          </TextLine>

          
          
          <TextLine ID="eSc_line_c710daa6"
                    TAGREFS="LT4318"
                    BASELINE="627 1035 1670 1020" 
                    HPOS="626"
                    VPOS="972"
                    WIDTH="1044"
                    HEIGHT="76">
            <Shape><Polygon POINTS="627 1035 627 1048 1335 1047 1337 1047 1363 1038 1372 1045 1374 1045 1375 1045 1377 1047 1457 1047 1457 1045 1533 1036 1560 1044 1561 1044 1563 1044 1670 1032 1670 1020 1668 987 1615 972 1613 972 1612 972 1610 972 1551 989 1518 989 1490 974 1488 974 1487 974 1447 975 1445 975 1444 975 1421 990 1396 990 1378 975 1377 975 1375 975 1374 975 1280 977 1279 977 1277 977 1262 990 1240 978 1238 978 1152 978 1151 978 1149 978 1148 978 1148 980 1131 993 1044 980 1042 980 1041 980 997 994 974 989 972 989 971 989 883 996 850 983 849 983 847 983 846 983 817 997 737 997 716 986 715 986 713 986 712 986 710 986 709 986 691 1000 626 1000 627 1035"/></Shape>
	    <String CONTENT="mi impetus, orent ſeparati &amp; diſiecti. Hoc enim"
                    HPOS="626"
                    VPOS="972"
                    WIDTH="1044"
                    HEIGHT="76"
                    WC="0.974322100903126"></String>
          </TextLine>

          
          
          <TextLine ID="eSc_line_f3e64b46"
                    TAGREFS="LT4318"
                    BASELINE="627 1093 1673 1078" 
                    HPOS="626"
                    VPOS="1030"
                    WIDTH="1047"
                    HEIGHT="86">
            <Shape><Polygon POINTS="627 1093 627 1116 682 1106 789 1109 791 1109 838 1102 917 1102 929 1109 931 1109 932 1109 933 1109 935 1109 936 1109 945 1100 1054 1100 1091 1105 1127 1109 1128 1109 1182 1102 1222 1097 1277 1100 1380 1105 1381 1105 1383 1105 1408 1096 1414 1094 1420 1096 1442 1105 1444 1105 1445 1105 1567 1103 1673 1088 1673 1078 1668 1042 1551 1042 1533 1032 1531 1032 1530 1032 1528 1032 1527 1032 1508 1042 1490 1030 1488 1030 1487 1030 1485 1030 1484 1030 1441 1044 1414 1032 1412 1032 1360 1032 1359 1032 1357 1032 1356 1032 1338 1045 1234 1035 1232 1035 1148 1048 1148 1049 1064 1049 1033 1038 1032 1038 1030 1038 969 1045 957 1038 956 1038 954 1038 953 1038 951 1038 950 1038 938 1048 928 1039 926 1039 925 1039 837 1039 835 1039 834 1039 806 1048 785 1041 783 1041 782 1041 780 1041 779 1041 764 1052 734 1041 733 1041 731 1041 730 1041 728 1041 710 1054 672 1042 670 1042 669 1042 667 1042 666 1042 651 1055 626 1055 627 1093"/></Shape>
	    <String CONTENT="planè furioſum eſſet, &amp; μανιῶδες: ſed religionem"
                    HPOS="626"
                    VPOS="1030"
                    WIDTH="1047"
                    HEIGHT="86"
                    WC="0.989377043247223"></String>
          </TextLine>

          
          
          <TextLine ID="eSc_line_16f19733"
                    TAGREFS="LT4318"
                    BASELINE="629 1154 1047 1142 1671 1136" 
                    HPOS="627"
                    VPOS="1096"
                    WIDTH="1044"
                    HEIGHT="78">
            <Shape><Polygon POINTS="629 1154 629 1174 725 1173 727 1173 728 1173 746 1163 755 1171 757 1171 758 1171 759 1171 765 1171 917 1160 950 1167 953 1167 954 1167 971 1167 1057 1160 1125 1163 1206 1165 1207 1165 1286 1158 1322 1155 1338 1157 1372 1161 1374 1161 1375 1161 1392 1155 1400 1152 1408 1155 1423 1161 1424 1161 1426 1163 1491 1163 1491 1161 1493 1161 1494 1161 1505 1152 1506 1151 1508 1152 1516 1158 1518 1158 1519 1158 1521 1158 1522 1158 1534 1152 1537 1151 1552 1151 1635 1158 1637 1158 1638 1158 1671 1148 1671 1136 1668 1103 1595 1096 1594 1096 1453 1103 1400 1096 1399 1096 1398 1096 1365 1106 1255 1099 1253 1099 1252 1099 1250 1099 1240 1109 1206 1109 1203 1109 1171 1100 1170 1100 1168 1100 1109 1110 1107 1110 1106 1110 935 1103 933 1103 932 1103 910 1113 820 1105 819 1105 817 1105 786 1116 627 1118 629 1154"/></Shape>
	    <String CONTENT="propter loca vllam animis noſtris inhęrere vetat"
                    HPOS="627"
                    VPOS="1096"
                    WIDTH="1044"
                    HEIGHT="78"
                    WC="0.997341530663627"></String>
          </TextLine>

          
          
          <TextLine ID="eSc_line_315c6fad"
                    TAGREFS="LT4318"
                    BASELINE="630 1207 1671 1192" 
                    HPOS="629"
                    VPOS="1148"
                    WIDTH="1042"
                    HEIGHT="84">
            <Shape><Polygon POINTS="630 1207 630 1232 752 1219 810 1225 812 1225 855 1218 898 1226 911 1228 913 1228 914 1228 916 1228 919 1225 928 1218 1002 1216 1020 1222 1030 1226 1032 1226 1033 1226 1035 1226 1036 1226 1042 1222 1048 1218 1183 1213 1212 1218 1252 1223 1253 1223 1255 1223 1287 1215 1292 1215 1293 1215 1304 1222 1305 1222 1307 1222 1308 1222 1383 1213 1406 1210 1424 1212 1500 1219 1502 1219 1503 1219 1522 1209 1610 1207 1625 1215 1627 1215 1628 1215 1671 1204 1671 1192 1668 1161 1625 1161 1606 1148 1604 1148 1603 1148 1566 1148 1564 1148 1563 1148 1561 1148 1561 1149 1548 1163 1457 1164 1427 1164 1412 1151 1411 1151 1409 1151 1408 1151 1406 1151 1372 1161 1360 1151 1359 1151 1357 1151 1356 1151 1310 1161 1268 1152 1267 1152 1265 1152 1226 1165 1192 1154 1191 1154 1189 1154 1188 1154 1148 1167 1113 1155 1112 1155 1110 1155 1051 1163 941 1157 939 1157 938 1157 889 1170 841 1164 840 1164 791 1171 762 1160 761 1160 759 1160 758 1160 757 1160 757 1161 743 1171 684 1165 682 1165 629 1174 630 1207"/></Shape>
	    <String CONTENT="quaſi locus ipſe ſanctiorem gratiorémque Deo"
                    HPOS="629"
                    VPOS="1148"
                    WIDTH="1042"
                    HEIGHT="84"
                    WC="0.983937870131599"></String>
          </TextLine>

          
          
          <TextLine ID="eSc_line_404e1ece"
                    TAGREFS="LT4318"
                    BASELINE="629 1268 1677 1252" 
                    HPOS="627"
                    VPOS="1204"
                    WIDTH="1050"
                    HEIGHT="85">
            <Shape><Polygon POINTS="629 1268 629 1279 693 1289 694 1289 749 1280 813 1286 815 1286 816 1286 847 1277 1191 1281 1192 1281 1194 1281 1218 1271 1219 1271 1293 1280 1295 1280 1354 1279 1356 1279 1357 1279 1368 1270 1473 1277 1475 1277 1519 1267 1522 1267 1524 1267 1558 1273 1560 1273 1604 1265 1607 1265 1609 1265 1634 1274 1635 1274 1637 1274 1638 1274 1677 1264 1677 1252 1674 1209 1647 1204 1646 1204 1644 1204 1643 1204 1637 1209 1632 1213 1621 1209 1606 1204 1604 1204 1603 1204 1601 1204 1589 1210 1583 1213 1566 1210 1536 1206 1534 1206 1533 1206 1516 1212 1494 1221 1456 1221 1447 1213 1441 1207 1439 1207 1438 1207 1436 1207 1435 1207 1411 1215 1406 1215 1398 1215 1335 1209 1334 1209 1332 1209 1313 1216 1308 1218 1304 1216 1289 1212 1287 1212 1286 1212 1284 1212 1283 1212 1277 1218 1267 1223 1207 1219 1122 1212 1121 1212 1119 1212 1118 1212 1106 1221 1097 1228 1061 1228 1052 1222 1038 1215 1036 1215 1035 1215 1033 1215 1014 1223 1000 1228 977 1223 926 1215 925 1215 923 1215 899 1225 890 1231 817 1232 742 1232 734 1229 704 1219 703 1219 701 1219 700 1219 699 1219 685 1231 681 1232 627 1232 629 1268"/></Shape>
	    <String CONTENT="noſtram orationem efficiat. Quod ſuperſtitioſi"
                    HPOS="627"
                    VPOS="1204"
                    WIDTH="1050"
                    HEIGHT="85"
                    WC="0.978022220342056"></String>
          </TextLine>

          
          
          <TextLine ID="eSc_line_54205fe6"
                    TAGREFS="LT4318"
                    BASELINE="633 1326 1676 1310" 
                    HPOS="632"
                    VPOS="1265"
                    WIDTH="1044"
                    HEIGHT="86">
            <Shape><Polygon POINTS="633 1326 633 1351 697 1344 719 1350 721 1350 722 1350 724 1350 743 1339 773 1345 774 1345 776 1345 777 1345 786 1338 838 1344 840 1344 841 1344 843 1344 850 1338 861 1345 862 1345 864 1345 865 1345 867 1345 886 1335 977 1335 997 1342 1008 1347 1009 1347 1011 1347 1112 1342 1113 1342 1115 1342 1119 1339 1133 1332 1229 1337 1302 1339 1304 1339 1359 1332 1390 1329 1396 1332 1406 1337 1408 1337 1409 1337 1411 1337 1426 1331 1435 1328 1444 1331 1463 1338 1464 1338 1466 1339 1555 1339 1555 1338 1557 1338 1592 1326 1594 1326 1618 1335 1619 1335 1621 1335 1674 1323 1676 1310 1671 1279 1499 1279 1496 1279 1453 1265 1451 1265 1450 1265 1448 1265 1417 1279 1414 1280 1409 1279 1384 1267 1383 1267 1381 1267 1304 1279 1276 1283 1250 1279 1228 1276 1226 1276 1189 1279 1140 1284 1125 1280 1103 1271 1102 1271 1100 1271 853 1274 852 1274 834 1280 804 1292 770 1292 755 1280 749 1276 748 1276 746 1276 745 1276 743 1276 731 1280 706 1292 667 1281 654 1277 652 1277 651 1277 632 1280 633 1326"/></Shape>
	    <String CONTENT="homines, id eſt Papiſtæ etiam non hodie putant."
                    HPOS="632"
                    VPOS="1265"
                    WIDTH="1044"
                    HEIGHT="86"
                    WC="0.99523671256735"></String>
          </TextLine>

          
          
          <TextLine ID="eSc_line_9b8a5be2"
                    TAGREFS="LT4318"
                    BASELINE="699 1384 1679 1368" 
                    HPOS="697"
                    VPOS="1323"
                    WIDTH="982"
                    HEIGHT="82">
            <Shape><Polygon POINTS="699 1384 699 1396 785 1405 786 1405 788 1405 789 1405 801 1395 803 1395 816 1395 945 1402 947 1402 948 1402 950 1402 965 1392 968 1392 989 1392 1134 1397 1136 1397 1176 1389 1180 1389 1183 1389 1229 1397 1231 1397 1295 1396 1296 1396 1320 1386 1322 1386 1323 1386 1340 1395 1341 1395 1342 1395 1387 1386 1389 1386 1393 1386 1542 1392 1543 1392 1545 1392 1564 1383 1585 1392 1586 1392 1588 1392 1677 1380 1679 1368 1676 1337 1589 1323 1588 1323 1586 1323 1585 1323 1569 1337 1567 1337 1560 1337 1488 1329 1487 1329 1433 1337 1409 1339 1403 1337 1386 1328 1384 1328 1383 1328 1340 1337 1320 1341 1307 1337 1282 1329 1280 1329 1243 1329 1241 1329 1240 1329 1238 1329 1226 1337 1218 1344 1140 1345 1021 1345 1012 1338 1008 1335 1008 1334 1006 1334 1005 1334 969 1334 968 1334 966 1334 965 1334 959 1338 945 1347 896 1338 875 1335 874 1335 873 1335 871 1335 867 1338 852 1348 801 1338 788 1337 786 1337 785 1337 779 1338 754 1350 742 1339 742 1338 740 1338 739 1338 737 1338 697 1338 699 1384"/></Shape>
	    <String CONTENT="Vnde ex hoc loco votiuæ illæ ad terram ſan¬"
                    HPOS="697"
                    VPOS="1323"
                    WIDTH="982"
                    HEIGHT="82"
                    WC="0.992766470410103"></String>
          </TextLine>

          
          
          <TextLine ID="eSc_line_c48e7e4b"
                    TAGREFS="LT4318"
                    BASELINE="636 1444 1677 1427" 
                    HPOS="635"
                    VPOS="1381"
                    WIDTH="1042"
                    HEIGHT="86">
            <Shape><Polygon POINTS="636 1444 636 1457 697 1467 699 1467 700 1467 731 1457 734 1457 737 1457 791 1466 792 1466 849 1457 856 1455 862 1457 895 1464 896 1464 898 1464 899 1464 929 1457 1006 1463 1008 1463 1009 1463 1026 1455 1033 1451 1118 1451 1232 1451 1238 1454 1244 1458 1246 1458 1247 1458 1249 1458 1282 1454 1323 1448 1392 1448 1400 1454 1402 1455 1403 1455 1405 1455 1406 1455 1509 1454 1511 1454 1514 1453 1528 1445 1567 1453 1579 1454 1580 1454 1677 1451 1677 1427 1673 1393 1656 1393 1655 1393 1643 1383 1643 1381 1641 1381 1640 1381 1638 1381 1637 1381 1635 1381 1622 1393 1621 1395 1436 1396 1427 1393 1393 1381 1392 1381 1390 1381 1389 1381 1360 1393 1289 1389 1287 1389 1286 1389 1267 1395 1247 1400 1206 1400 1197 1395 1183 1386 1182 1386 1180 1386 1146 1386 1145 1386 1143 1386 1142 1386 1127 1395 1116 1400 1096 1395 1069 1387 1067 1387 1066 1387 1008 1395 947 1405 923 1405 908 1396 901 1390 899 1390 898 1390 878 1390 877 1390 875 1390 874 1390 868 1396 856 1406 835 1406 822 1396 816 1392 815 1392 813 1392 812 1392 770 1396 719 1402 709 1396 701 1393 700 1393 699 1393 635 1396 636 1444"/></Shape>
	    <String CONTENT="ctam, &amp; alia quædam Martyrum loca peregri¬"
                    HPOS="635"
                    VPOS="1381"
                    WIDTH="1042"
                    HEIGHT="86"
                    WC="0.975963849396933"></String>
          </TextLine>

          
          
          <TextLine ID="eSc_line_30b1c15a"
                    TAGREFS="LT4318"
                    BASELINE="635 1502 1682 1487" 
                    HPOS="633"
                    VPOS="1447"
                    WIDTH="1049"
                    HEIGHT="77">
            <Shape><Polygon POINTS="635 1502 636 1524 661 1515 696 1521 697 1521 859 1512 899 1519 907 1519 908 1519 917 1518 957 1511 1137 1513 1228 1515 1229 1515 1680 1502 1682 1487 1677 1455 1505 1457 1485 1450 1484 1450 1482 1450 1481 1450 1451 1458 1447 1458 1442 1458 1366 1447 1365 1447 1304 1457 1273 1448 1271 1448 1270 1448 1268 1448 1267 1448 1249 1461 1244 1461 1213 1455 1212 1455 1069 1463 1048 1453 1047 1453 996 1453 994 1453 932 1464 923 1457 922 1457 920 1457 919 1457 917 1457 902 1463 841 1454 840 1454 794 1464 737 1455 736 1455 734 1455 733 1455 716 1469 715 1469 666 1457 664 1457 663 1457 633 1467 635 1502"/></Shape>
	    <String CONTENT="nationes &amp; precationes meritò dãnantur, quæ ea"
                    HPOS="633"
                    VPOS="1447"
                    WIDTH="1049"
                    HEIGHT="77"
                    WC="0.970151076714198"></String>
          </TextLine>

          
          
          <TextLine ID="eSc_line_eb0942eb"
                    TAGREFS="LT4318"
                    BASELINE="639 1557 1680 1545" 
                    HPOS="638"
                    VPOS="1499"
                    WIDTH="1042"
                    HEIGHT="80">
            <Shape><Polygon POINTS="639 1557 639 1571 718 1579 719 1579 791 1571 804 1570 828 1570 938 1576 939 1576 941 1576 965 1570 969 1569 972 1570 990 1576 991 1576 993 1576 1027 1569 1039 1567 1067 1569 1157 1574 1158 1574 1160 1574 1180 1567 1188 1566 1213 1567 1280 1573 1282 1573 1283 1573 1299 1567 1304 1566 1326 1567 1417 1571 1418 1571 1450 1566 1466 1563 1677 1563 1680 1545 1679 1512 1647 1499 1646 1499 1594 1499 1592 1499 1591 1499 1589 1499 1589 1500 1576 1512 1531 1512 1518 1502 1518 1500 1516 1500 1515 1500 1488 1500 1487 1500 1369 1513 1337 1502 1335 1502 1334 1502 1332 1502 1308 1513 1292 1502 1290 1502 1289 1502 1287 1502 1286 1502 1267 1509 1210 1503 1209 1503 1207 1503 1157 1516 1137 1505 1136 1505 1134 1505 1078 1505 1076 1505 1075 1505 1026 1519 997 1519 978 1506 977 1506 975 1506 911 1506 910 1506 908 1506 907 1506 896 1515 887 1508 886 1508 884 1508 883 1508 822 1516 791 1508 789 1508 788 1508 786 1508 737 1522 687 1522 672 1511 670 1511 669 1511 667 1511 666 1511 638 1521 639 1557"/></Shape>
	    <String CONTENT="de cauſa ſuſcipiũtur à ſuperſtitioſis, quòd neſcio"
                    HPOS="638"
                    VPOS="1499"
                    WIDTH="1042"
                    HEIGHT="80"
                    WC="0.994270776802639"></String>
          </TextLine>

          
          
          <TextLine ID="eSc_line_d813f0e3"
                    TAGREFS="LT4318"
                    BASELINE="639 1616 1682 1603" 
                    HPOS="638"
                    VPOS="1558"
                    WIDTH="1044"
                    HEIGHT="82">
            <Shape><Polygon POINTS="639 1616 639 1631 667 1640 669 1640 670 1640 672 1640 688 1631 690 1631 694 1631 745 1640 746 1640 748 1640 749 1640 749 1638 758 1631 759 1631 788 1637 789 1637 791 1637 792 1637 798 1631 801 1628 873 1628 892 1631 928 1637 929 1637 978 1631 1011 1627 1049 1631 1100 1635 1102 1635 1174 1629 1259 1624 1289 1629 1304 1632 1305 1632 1328 1629 1371 1624 1414 1629 1429 1631 1430 1631 1432 1631 1435 1629 1450 1621 1460 1629 1461 1629 1463 1629 1464 1629 1472 1629 1533 1622 1558 1629 1561 1629 1563 1629 1564 1629 1570 1629 1621 1619 1679 1628 1682 1603 1677 1561 1563 1571 1546 1564 1536 1558 1534 1558 1533 1558 1531 1558 1509 1564 1494 1569 1485 1564 1473 1560 1472 1560 1470 1560 1469 1560 1454 1566 1436 1573 1420 1567 1403 1560 1402 1560 1400 1560 1399 1560 1398 1560 1386 1567 1374 1574 1314 1574 1307 1569 1299 1563 1298 1563 1296 1563 1295 1563 1293 1563 1280 1570 1274 1573 1270 1570 1256 1561 1255 1561 1253 1561 1216 1561 1215 1561 1213 1561 1191 1571 1180 1577 1099 1577 1090 1574 1070 1566 1069 1566 994 1564 993 1564 991 1564 990 1564 975 1573 941 1566 939 1566 938 1566 911 1577 908 1579 901 1579 819 1567 817 1567 816 1567 770 1579 745 1569 743 1569 690 1569 688 1569 687 1569 638 1583 639 1616"/></Shape>
	    <String CONTENT="quid maioris ſanctitatis in illis locis, &amp; ipſi quam"
                    HPOS="638"
                    VPOS="1558"
                    WIDTH="1044"
                    HEIGHT="82"
                    WC="0.991767596739989"></String>
          </TextLine>

          
          
          <TextLine ID="eSc_line_c015a81c"
                    TAGREFS="LT4318"
                    BASELINE="639 1677 1683 1661" 
                    HPOS="638"
                    VPOS="1613"
                    WIDTH="1045"
                    HEIGHT="79">
            <Shape><Polygon POINTS="639 1677 639 1692 1588 1682 1683 1671 1683 1661 1682 1628 1634 1613 1632 1613 1631 1613 1630 1613 1628 1613 1628 1615 1613 1628 1607 1628 1566 1628 1564 1628 1546 1613 1545 1613 1543 1613 1516 1613 1515 1613 1514 1613 1512 1613 1493 1628 1488 1631 1393 1632 1345 1632 1340 1628 1334 1622 1332 1622 1331 1622 1329 1622 1328 1622 1308 1628 1301 1629 1292 1628 1259 1618 1258 1618 1256 1618 1255 1618 1253 1618 1241 1628 1234 1634 1206 1634 1191 1628 1179 1622 1177 1622 1176 1622 1174 1622 1173 1622 1165 1628 1152 1635 1116 1635 1106 1628 1097 1621 1096 1621 1094 1621 1036 1621 1035 1621 1033 1621 1020 1628 1012 1631 987 1628 950 1622 948 1622 947 1622 931 1628 907 1635 856 1628 829 1624 828 1624 826 1624 825 1624 825 1625 822 1628 809 1640 788 1628 785 1625 783 1625 782 1625 749 1625 748 1625 746 1625 742 1628 716 1641 700 1628 700 1627 699 1627 697 1627 696 1627 638 1627 639 1677"/></Shape>
	    <String CONTENT="Dominus pedibus ſuis calcauit, terræ ineſſe iudi¬"
                    HPOS="638"
                    VPOS="1613"
                    WIDTH="1045"
                    HEIGHT="79"
                    WC="0.98940648473039"></String>
          </TextLine>

          
          
          <TextLine ID="eSc_line_a2f0bf1b"
                    TAGREFS="LT4318"
                    BASELINE="641 1734 1683 1720" 
                    HPOS="639"
                    VPOS="1674"
                    WIDTH="1044"
                    HEIGHT="82">
            <Shape><Polygon POINTS="641 1734 641 1747 667 1756 669 1756 670 1756 672 1756 697 1747 699 1747 700 1747 725 1756 727 1756 728 1756 730 1756 754 1747 758 1745 773 1747 844 1754 846 1754 945 1745 957 1745 972 1745 1088 1751 1090 1751 1091 1751 1093 1751 1100 1745 1105 1741 1113 1745 1122 1748 1124 1748 1125 1748 1174 1744 1234 1740 1277 1744 1320 1748 1322 1748 1360 1744 1400 1738 1423 1743 1439 1747 1441 1747 1442 1747 1494 1743 1585 1735 1680 1741 1683 1720 1682 1689 1647 1674 1646 1674 1624 1674 1622 1674 1621 1674 1619 1674 1604 1687 1567 1674 1566 1674 1564 1674 1487 1690 1317 1692 1276 1679 1274 1679 1273 1679 1271 1679 1270 1679 1250 1690 1194 1680 1192 1680 1191 1680 1189 1680 1168 1695 1100 1695 987 1682 986 1682 883 1683 837 1693 782 1685 780 1685 779 1685 751 1699 667 1692 666 1692 664 1692 639 1701 641 1734"/></Shape>
	    <String CONTENT="cant. Quod falſiſsimum eſt. Si qua enim hodie"
                    HPOS="639"
                    VPOS="1674"
                    WIDTH="1044"
                    HEIGHT="82"
                    WC="0.981191518571642"></String>
          </TextLine>

          
          
          <TextLine ID="eSc_line_bf543fcf"
                    TAGREFS="LT4318"
                    BASELINE="642 1792 1685 1777" 
                    HPOS="641"
                    VPOS="1729"
                    WIDTH="1044"
                    HEIGHT="83">
            <Shape><Polygon POINTS="642 1792 642 1812 678 1805 719 1811 722 1811 724 1811 733 1811 864 1802 926 1806 950 1808 951 1808 953 1808 957 1806 968 1801 1020 1805 1052 1806 1054 1806 1055 1806 1061 1804 1072 1799 1237 1799 1473 1801 1475 1801 1685 1789 1685 1777 1682 1745 1631 1745 1589 1729 1588 1729 1586 1729 1585 1729 1530 1745 1527 1745 1524 1745 1472 1735 1470 1735 1469 1735 1467 1735 1453 1745 1448 1748 1389 1748 1386 1745 1374 1735 1372 1735 1371 1735 1369 1735 1368 1735 1366 1735 1350 1745 1345 1748 1337 1745 1310 1737 1308 1737 1307 1737 1305 1737 1304 1737 1304 1738 1293 1745 1290 1750 1241 1750 1232 1745 1213 1737 1212 1737 1210 1737 1209 1737 1180 1744 1165 1735 1164 1735 1163 1735 1161 1735 1096 1747 1057 1753 1035 1747 1008 1738 1006 1738 1005 1738 944 1740 942 1740 941 1740 931 1747 926 1750 907 1747 868 1741 867 1741 865 1741 847 1747 826 1754 800 1747 776 1741 774 1741 773 1741 771 1741 751 1747 737 1751 722 1747 704 1743 703 1743 701 1743 641 1747 642 1792"/></Shape>
	    <String CONTENT="eſt terra maledicta, eſt Iudæa: &amp; huiuſmodi co¬"
                    HPOS="641"
                    VPOS="1729"
                    WIDTH="1044"
                    HEIGHT="83"
                    WC="0.979129092490419"></String>
          </TextLine>

          
          
          <TextLine ID="eSc_line_db234c8b"
                    TAGREFS="LT4318"
                    BASELINE="643 1851 1689 1838" 
                    HPOS="642"
                    VPOS="1789"
                    WIDTH="1047"
                    HEIGHT="84">
            <Shape><Polygon POINTS="643 1851 643 1873 758 1863 771 1872 773 1872 774 1872 776 1873 831 1873 831 1872 832 1872 840 1870 877 1859 1069 1859 1082 1864 1085 1866 1087 1866 1088 1866 1116 1864 1238 1856 1258 1862 1268 1864 1270 1864 1271 1864 1308 1860 1353 1856 1380 1859 1417 1864 1418 1864 1420 1864 1442 1857 1457 1854 1485 1857 1540 1863 1542 1863 1543 1863 1560 1856 1566 1856 1670 1862 1671 1862 1673 1862 1689 1853 1689 1838 1686 1802 1582 1789 1580 1789 1579 1789 1577 1789 1577 1790 1563 1802 1527 1792 1525 1792 1524 1792 1522 1792 1500 1804 1484 1804 1435 1804 1421 1793 1421 1792 1420 1792 1418 1792 1360 1792 1359 1792 1258 1793 1256 1793 1232 1805 1229 1808 1140 1808 1139 1806 1122 1795 1121 1795 1119 1795 1118 1795 1116 1795 1115 1795 1102 1806 1087 1796 1085 1796 1084 1796 1082 1796 1081 1796 1079 1796 1064 1806 1063 1808 1061 1806 1042 1796 1041 1796 1002 1796 1000 1796 907 1808 883 1811 874 1808 847 1799 846 1799 844 1799 843 1799 813 1809 810 1809 798 1809 666 1801 664 1801 663 1801 642 1808 643 1851"/></Shape>
	    <String CONTENT="gitatio plena eſt idololatriæ &amp; blaſphemiæ. Nec"
                    HPOS="642"
                    VPOS="1789"
                    WIDTH="1047"
                    HEIGHT="84"
                    WC="0.987022352979538"></String>
          </TextLine>

          
          
          <TextLine ID="eSc_line_d81387fb"
                    TAGREFS="LT4318"
                    BASELINE="639 1908 1688 1896" 
                    HPOS="638"
                    VPOS="1851"
                    WIDTH="1050"
                    HEIGHT="76">
            <Shape><Polygon POINTS="639 1908 639 1927 902 1918 1011 1925 1020 1925 1021 1925 1026 1925 1070 1917 1148 1924 1152 1924 1154 1924 1155 1924 1174 1915 1247 1922 1249 1922 1298 1914 1360 1921 1362 1921 1688 1918 1688 1896 1685 1862 1616 1854 1615 1854 1613 1854 1612 1854 1603 1862 1603 1863 1472 1863 1470 1863 1453 1851 1451 1851 1450 1851 1448 1851 1447 1851 1445 1851 1445 1853 1432 1863 1432 1864 1374 1864 1372 1864 1357 1853 1356 1853 1354 1853 1301 1853 1299 1853 1298 1853 1296 1853 1280 1866 1265 1854 1264 1854 1262 1854 1182 1854 1180 1854 1179 1854 1177 1854 1158 1867 1157 1867 1148 1867 1047 1856 1045 1856 1044 1856 1014 1867 902 1857 901 1857 899 1857 898 1857 884 1866 841 1859 840 1859 838 1859 816 1870 780 1859 779 1859 777 1859 776 1859 751 1870 688 1864 687 1864 638 1872 639 1908"/></Shape>
	    <String CONTENT="iuuantur huiuſmodi ſuperſtitioſi homines exem¬"
                    HPOS="638"
                    VPOS="1851"
                    WIDTH="1050"
                    HEIGHT="76"
                    WC="0.998740191045015"></String>
          </TextLine>

          
          
          <TextLine ID="eSc_line_c180af29"
                    TAGREFS="LT4318"
                    BASELINE="648 1967 1689 1952" 
                    HPOS="646"
                    VPOS="1905"
                    WIDTH="1043"
                    HEIGHT="87">
            <Shape><Polygon POINTS="648 1967 648 1992 730 1992 730 1991 731 1991 734 1989 754 1980 925 1985 1008 1986 1009 1986 1011 1986 1023 1982 1033 1979 1044 1982 1060 1986 1061 1986 1063 1986 1119 1980 1155 1976 1163 1979 1174 1983 1176 1983 1177 1983 1179 1983 1180 1983 1186 1979 1191 1973 1274 1973 1299 1976 1356 1982 1357 1982 1411 1980 1412 1980 1414 1980 1426 1973 1429 1972 1445 1972 1582 1979 1583 1979 1631 1969 1667 1976 1668 1976 1670 1976 1689 1966 1689 1952 1686 1914 1613 1905 1612 1905 1563 1908 1561 1908 1560 1908 1552 1915 1549 1917 1534 1915 1496 1911 1494 1911 1493 1911 1481 1917 1475 1920 1337 1920 1332 1918 1310 1909 1308 1909 1307 1909 1305 1909 1271 1920 1264 1921 1256 1920 1231 1911 1229 1911 1228 1911 1145 1921 1125 1922 1121 1921 1103 1912 1102 1912 1100 1912 1099 1912 1066 1922 1057 1924 1038 1922 963 1914 962 1914 911 1924 902 1925 896 1924 875 1918 874 1918 873 1918 825 1925 812 1927 801 1925 755 1917 754 1917 752 1917 725 1925 655 1918 654 1918 652 1918 651 1918 651 1920 646 1922 648 1967"/></Shape>
	    <String CONTENT="plo Naamani Syri, qui, vt eſt 2.Reg.5.terræ ipſius"
                    HPOS="646"
                    VPOS="1905"
                    WIDTH="1043"
                    HEIGHT="87"></String>
          </TextLine>

          
          
          <TextLine ID="eSc_line_13d1b7df"
                    TAGREFS="LT4318"
                    BASELINE="643 2027 1688 2012" 
                    HPOS="642"
                    VPOS="1967"
                    WIDTH="1046"
                    HEIGHT="83">
            <Shape><Polygon POINTS="643 2027 643 2040 737 2047 739 2047 740 2047 742 2047 742 2046 743 2046 749 2038 779 2038 780 2038 791 2047 791 2049 792 2049 794 2049 795 2050 852 2050 852 2049 853 2049 881 2037 883 2037 887 2037 954 2047 956 2047 957 2047 994 2036 997 2034 1110 2034 1113 2034 1160 2044 1161 2044 1163 2044 1183 2033 1185 2033 1191 2033 1265 2043 1267 2043 1334 2031 1354 2038 1356 2038 1357 2040 1357 2038 1359 2038 1380 2031 1563 2038 1564 2038 1566 2038 1567 2038 1577 2030 1649 2037 1650 2037 1652 2037 1688 2025 1688 2012 1685 1979 1612 1967 1610 1967 1609 1967 1582 1979 1577 1982 1362 1983 1356 1979 1353 1976 1351 1976 1350 1976 1348 1976 1347 1976 1345 1976 1342 1979 1337 1985 1209 1985 1189 1980 1165 1973 1164 1973 1163 1973 1161 1973 1142 1980 1122 1986 1090 1980 1060 1975 1058 1975 1015 1980 951 1989 880 1980 850 1978 849 1978 828 1980 797 1986 780 1980 774 1979 773 1979 771 1979 688 1982 687 1982 685 1982 672 1991 642 1982 643 2027"/></Shape>
	    <String CONTENT="ſanctæ glebas quaſdam &amp; onera ſecum apporta¬"
                    HPOS="642"
                    VPOS="1967"
                    WIDTH="1046"
                    HEIGHT="83"
                    WC="0.992886731570417"></String>
          </TextLine>

          
          
          <TextLine ID="eSc_line_7ff79dc7"
                    TAGREFS="LT4318"
                    BASELINE="643 2080 1692 2070" 
                    HPOS="642"
                    VPOS="2027"
                    WIDTH="1050"
                    HEIGHT="75">
            <Shape><Polygon POINTS="643 2080 643 2095 721 2102 722 2102 777 2095 794 2094 826 2095 928 2101 929 2101 1070 2099 1072 2099 1093 2094 1106 2091 1161 2094 1240 2098 1241 2098 1243 2098 1261 2094 1276 2089 1280 2094 1284 2096 1286 2096 1287 2096 1289 2096 1311 2094 1335 2089 1348 2092 1360 2096 1362 2096 1363 2096 1398 2092 1438 2088 1469 2092 1488 2095 1490 2095 1508 2092 1542 2086 1689 2091 1692 2070 1689 2037 1588 2027 1586 2027 1585 2027 1583 2027 1569 2038 1567 2038 1563 2038 1527 2033 1525 2033 1524 2033 1522 2033 1515 2038 1512 2041 1423 2041 1421 2040 1395 2028 1393 2028 1392 2028 1329 2031 1328 2031 1326 2031 1326 2033 1316 2041 1314 2041 1277 2031 1276 2031 1274 2031 1273 2031 1253 2041 1252 2043 1183 2043 1182 2043 1160 2033 1158 2033 1157 2033 1093 2044 1088 2044 1087 2044 1070 2036 1069 2036 1067 2036 1020 2041 978 2033 977 2033 975 2033 931 2046 929 2046 877 2034 875 2034 874 2034 832 2046 740 2036 739 2036 737 2036 713 2047 685 2036 684 2036 682 2036 681 2036 642 2049 643 2080"/></Shape>
	    <String CONTENT="uit. Illo enim tempore cæremoniæ locum adhuc"
                    HPOS="642"
                    VPOS="2027"
                    WIDTH="1050"
                    HEIGHT="75"
                    WC="0.984336023980921"></String>
          </TextLine>

          
          
          <TextLine ID="eSc_line_65703aaa"
                    TAGREFS="LT4318"
                    BASELINE="645 2144 1692 2128" 
                    HPOS="643"
                    VPOS="2077"
                    WIDTH="1049"
                    HEIGHT="119">
            <Shape><Polygon POINTS="645 2144 645 2171 691 2192 693 2192 694 2192 713 2190 715 2190 716 2190 716 2189 739 2169 745 2165 791 2165 795 2168 812 2181 813 2181 815 2181 816 2181 817 2181 831 2177 850 2193 852 2193 853 2193 855 2193 856 2193 870 2186 880 2195 880 2196 881 2196 883 2196 884 2196 1200 2192 1201 2192 1203 2192 1218 2181 1344 2181 1345 2181 1347 2181 1348 2181 1389 2157 1415 2169 1417 2169 1418 2169 1420 2169 1461 2154 1461 2153 1692 2149 1692 2128 1689 2091 1635 2077 1634 2077 1512 2079 1511 2079 1509 2079 1496 2091 1493 2092 1479 2091 1423 2083 1421 2083 1420 2083 1400 2091 1395 2094 1390 2091 1378 2083 1377 2083 1375 2083 1374 2083 1304 2091 1302 2091 1301 2091 1215 2083 1213 2083 1212 2083 1210 2083 1200 2092 1192 2098 983 2098 969 2092 966 2091 965 2091 963 2091 962 2091 960 2091 959 2092 947 2099 907 2092 902 2092 901 2092 899 2092 898 2092 871 2099 855 2092 847 2089 846 2089 844 2089 843 2089 835 2092 816 2101 771 2092 758 2091 757 2091 755 2091 751 2092 727 2104 713 2092 712 2092 710 2092 709 2092 707 2092 704 2092 681 2101 643 2094 645 2144"/></Shape>
	    <String CONTENT="habebant, &amp; extra terram à ſe delectam ſibi ſa¬"
                    HPOS="643"
                    VPOS="2077"
                    WIDTH="1049"
                    HEIGHT="119"
                    WC="0.986642477413019"></String>
          </TextLine>

          
        </TextBlock>
        
        <TextBlock HPOS="1497.8785400390625"
                   VPOS="2154.946044921875"
                   WIDTH="203.9029541015625"
                   HEIGHT="56.414794921875"
                   ID="block_3"
                   TAGREFS="BT10978">
          <Shape><Polygon POINTS="1497.88 2154.95 1701.78 2154.95 1701.78 2211.36 1497.88 2211.36 1497.88 2154.95"/></Shape>
          
          
          <TextLine ID="eSc_line_95dffc6e"
                    TAGREFS="LT4318"
                    BASELINE="1503 2193 1698 2187" 
                    HPOS="1500"
                    VPOS="2138"
                    WIDTH="198"
                    HEIGHT="86">
            <Shape><Polygon POINTS="1503 2193 1503 2217 1632 2224 1634 2224 1635 2224 1637 2224 1637 2223 1652 2211 1652 2210 1698 2208 1698 2187 1692 2138 1649 2150 1604 2146 1555 2141 1554 2141 1552 2141 1500 2154 1503 2193"/></Shape>
	    <String CONTENT="crificari"
                    HPOS="1500"
                    VPOS="2138"
                    WIDTH="198"
                    HEIGHT="86"></String>
          </TextLine>

          
        </TextBlock>
        

        
      </PrintSpace>
    </Page>
  </Layout>
</alto>
