<?xml version="1.0" encoding="UTF-8"?>
<alto xmlns:xsi="http://www.w3.org/2001/XMLSchema-instance"
      xmlns="http://www.loc.gov/standards/alto/ns-v4#"
      xsi:schemaLocation="http://www.loc.gov/standards/alto/ns-v4# http://www.loc.gov/standards/alto/v4/alto-4-2.xsd">
  <Description>
    <MeasurementUnit>pixel</MeasurementUnit>
    <sourceImageInformation>
      <fileName>2012961.png</fileName>
      
    </sourceImageInformation>
  </Description>
  
  <Tags>
    <OtherTag ID="BT10983" LABEL="GraphicZone" DESCRIPTION="block type GraphicZone"/><OtherTag ID="BT10982" LABEL="DropCapitalZone" DESCRIPTION="block type DropCapitalZone"/><OtherTag ID="BT10981" LABEL="RunningTitleZone" DESCRIPTION="block type RunningTitleZone"/><OtherTag ID="BT10980" LABEL="NumberingZone" DESCRIPTION="block type NumberingZone"/><OtherTag ID="BT10979" LABEL="TitlePageZone" DESCRIPTION="block type TitlePageZone"/><OtherTag ID="BT10978" LABEL="QuireMarksZone" DESCRIPTION="block type QuireMarksZone"/><OtherTag ID="BT10977" LABEL="MainZone" DESCRIPTION="block type MainZone"/><OtherTag ID="BT10976" LABEL="MarginTextZone" DESCRIPTION="block type MarginTextZone"/>
    <OtherTag ID="LT4321" LABEL="default" DESCRIPTION="line type default"/><OtherTag ID="LT4319" LABEL="HeadingLine" DESCRIPTION="line type HeadingLine"/><OtherTag ID="LT4318" LABEL="DefaultLine" DESCRIPTION="line type DefaultLine"/><OtherTag ID="LT4320" LABEL="CustomLine : BiblicalText" DESCRIPTION="line type CustomLine : BiblicalText"/>
  </Tags>
  
  <Layout>
    <Page WIDTH="1807"
          HEIGHT="2677"
          PHYSICAL_IMG_NR="8"
          ID="eSc_dummypage_">
      <PrintSpace HPOS="0"
                  VPOS="0"
                  WIDTH="1807"
                  HEIGHT="2677">
        
        <TextBlock HPOS="444.85955810546875"
                   VPOS="169.56834411621094"
                   WIDTH="345.59625244140625"
                   HEIGHT="66.07081604003906"
                   ID="block_1"
                   TAGREFS="BT10981">
          <Shape><Polygon POINTS="444.86 169.568 790.456 169.568 790.456 235.639 444.86 235.639 444.86 169.568"/></Shape>
          
          
          <TextLine ID="eSc_line_1e861010"
                    TAGREFS="LT4318"
                    BASELINE="449 220 785 217" 
                    HPOS="447"
                    VPOS="165"
                    WIDTH="338"
                    HEIGHT="74">
            <Shape><Polygon POINTS="777 181 762 176 759 176 745 175 730 175 715 174 713 174 682 179 666 182 648 178 617 169 615 169 614 169 612 169 611 169 599 176 584 184 541 184 520 174 504 165 502 165 501 165 450 169 447 174 449 220 449 234 532 239 533 239 548 236 577 230 599 236 608 239 609 239 611 239 632 237 700 229 709 236 709 237 710 237 712 237 713 239 783 239 785 217 783 187 777 181"/></Shape>
	    <String CONTENT="CAPVT II."
                    HPOS="447"
                    VPOS="165"
                    WIDTH="338"
                    HEIGHT="74"
                    WC="0.999116791619195"></String>
          </TextLine>

          
        </TextBlock>
        
        <TextBlock HPOS="1102.8316650390625"
                   VPOS="180.86387634277344"
                   WIDTH="82.5697021484375"
                   HEIGHT="66.28665161132812"
                   ID="block_2"
                   TAGREFS="BT10980">
          <Shape><Polygon POINTS="1102.83 180.864 1185.4 180.864 1185.4 247.151 1102.83 247.151 1102.83 180.864"/></Shape>
          
          
          <TextLine ID="eSc_line_2cd310af"
                    TAGREFS="LT4318"
                    BASELINE="1122 236 1177 233" 
                    HPOS="1119"
                    VPOS="174"
                    WIDTH="58"
                    HEIGHT="80">
            <Shape><Polygon POINTS="1164 185 1148 179 1137 175 1131 174 1119 178 1122 236 1122 254 1177 254 1177 233 1174 188 1164 185"/></Shape>
	    <String CONTENT="49"
                    HPOS="1119"
                    VPOS="174"
                    WIDTH="58"
                    HEIGHT="80"
                    WC="0.999658495187759"></String>
          </TextLine>

          
        </TextBlock>
        
        <TextBlock HPOS="115.72594451904297"
                   VPOS="246.42880249023438"
                   WIDTH="1075.155647277832"
                   HEIGHT="1943.1310119628906"
                   ID="block_0"
                   TAGREFS="BT10977">
          <Shape><Polygon POINTS="115.726 246.429 1190.88 246.429 1190.88 2189.56 115.726 2189.56 115.726 246.429"/></Shape>
          
          
          <TextLine ID="eSc_line_cb1289a1"
                    TAGREFS="LT4318"
                    BASELINE="129 297 1185 291" 
                    HPOS="127"
                    VPOS="236"
                    WIDTH="1058"
                    HEIGHT="82">
            <Shape><Polygon POINTS="129 297 129 318 194 309 234 318 239 318 240 318 251 318 339 309 368 316 374 318 376 318 377 318 379 318 382 316 401 307 532 307 548 315 551 316 553 316 554 316 563 315 596 307 609 315 614 316 615 316 617 316 629 315 654 309 679 313 687 315 688 315 690 315 694 313 718 306 806 313 837 315 838 315 840 315 844 312 858 306 874 312 877 313 878 313 880 313 1185 309 1185 291 1182 254 1064 254 1063 252 1035 237 1033 237 1032 237 1030 237 1012 245 989 236 987 236 986 236 984 236 928 252 919 254 908 252 858 237 856 237 855 237 853 237 829 248 807 239 806 239 804 239 803 239 780 251 765 243 764 243 762 243 761 243 759 243 749 251 742 255 701 255 696 251 681 237 679 237 678 237 676 237 675 237 636 248 584 240 582 240 581 240 557 249 554 251 551 249 529 239 527 239 472 239 471 239 469 239 468 239 456 249 449 255 400 249 334 240 258 240 257 240 255 240 254 240 242 248 226 258 179 258 162 248 150 242 148 242 147 242 145 242 136 243 127 251"/></Shape>
	    <String CONTENT="rent, indicta eſſet. Nullos enim&#x27; aut paucos o¬"
                    HPOS="127"
                    VPOS="236"
                    WIDTH="1058"
                    HEIGHT="82"
                    WC="0.987743522258515"></String>
          </TextLine>

          
          
          <TextLine ID="eSc_line_0a46eda4"
                    TAGREFS="LT4318"
                    BASELINE="133 353 1185 350" 
                    HPOS="132"
                    VPOS="306"
                    WIDTH="1053"
                    HEIGHT="65">
            <Shape><Polygon POINTS="133 353 133 370 1182 371 1185 350 1183 318 1142 306 1140 306 1078 306 1076 306 1075 306 1073 306 1058 316 1018 306 1017 306 1015 306 950 316 948 318 841 318 840 316 826 306 825 306 823 306 822 306 820 306 788 316 786 318 746 318 746 316 736 307 734 307 733 307 731 307 730 307 728 307 713 316 712 318 657 318 649 316 620 307 618 307 523 307 522 307 520 307 519 307 505 316 501 319 398 319 394 316 376 307 374 307 373 307 371 307 370 307 358 316 356 316 350 316 292 309 291 309 258 316 246 318 132 316 133 353"/></Shape>
	    <String CONTENT="mnino reges pios fuiſſe contendunt, vel Eccleſiæ"
                    HPOS="132"
                    VPOS="306"
                    WIDTH="1053"
                    HEIGHT="65"
                    WC="0.969619128853083"></String>
          </TextLine>

          
          
          <TextLine ID="eSc_line_35a1f73b"
                    TAGREFS="LT4318"
                    BASELINE="133 408 1182 411" 
                    HPOS="132"
                    VPOS="364"
                    WIDTH="1050"
                    HEIGHT="62">
            <Shape><Polygon POINTS="133 408 132 425 1179 426 1182 411 1177 374 1164 377 1160 374 1151 365 1149 365 1148 365 1084 365 1082 365 1081 365 1064 373 1061 374 1060 373 1042 365 1041 365 980 365 978 365 977 365 953 373 936 377 905 377 901 373 892 365 890 365 889 365 800 365 798 365 797 365 780 371 765 377 438 377 429 370 420 364 419 364 417 364 416 364 373 370 334 377 284 377 276 370 270 365 270 364 269 364 267 364 266 364 264 364 252 370 239 377 188 377 176 370 168 364 166 364 165 364 163 364 133 368 133 408"/></Shape>
	    <String CONTENT="fauentes. Sed eorum argumentis ineptiſſimis &amp;"
                    HPOS="132"
                    VPOS="364"
                    WIDTH="1050"
                    HEIGHT="62"
                    WC="0.991042788823446"></String>
          </TextLine>

          
          
          <TextLine ID="eSc_line_d136cac2"
                    TAGREFS="LT4318"
                    BASELINE="130 466 1179 469" 
                    HPOS="129"
                    VPOS="420"
                    WIDTH="1050"
                    HEIGHT="70">
            <Shape><Polygon POINTS="130 466 129 480 147 489 148 489 150 489 643 483 655 490 657 490 658 490 660 490 1177 483 1179 469 1177 435 1060 435 1058 432 1047 423 1047 422 1045 422 1044 422 916 422 914 422 913 422 886 431 877 434 874 431 865 423 865 422 864 422 862 422 826 422 825 422 823 422 822 422 812 429 807 432 803 429 788 422 786 422 727 422 725 422 724 422 722 422 722 423 715 429 710 434 664 434 646 428 627 420 626 420 624 420 623 420 606 428 594 432 566 426 532 420 530 420 529 420 513 426 493 434 455 434 441 425 435 420 434 420 432 420 431 420 429 420 411 425 382 432 130 422 130 466"/></Shape>
	    <String CONTENT="falſiſſimis reſpondet Auguſtinus in lib. Contra"
                    HPOS="129"
                    VPOS="420"
                    WIDTH="1050"
                    HEIGHT="70"
                    WC="0.995674205587265"></String>
          </TextLine>

          
          
          <TextLine ID="eSc_line_44eeabd8"
                    TAGREFS="LT4318"
                    BASELINE="130 529 752 526" 
                    HPOS="129"
                    VPOS="478"
                    WIDTH="623"
                    HEIGHT="72">
            <Shape><Polygon POINTS="130 529 130 541 420 550 422 550 423 550 438 545 458 539 571 539 749 548 752 526 749 492 632 492 578 478 577 478 575 478 548 490 539 481 539 480 538 480 536 480 507 478 505 478 504 478 502 478 502 480 490 490 453 478 452 478 450 478 449 478 447 478 447 480 435 492 376 480 374 480 373 480 340 493 295 493 275 480 273 480 272 480 270 480 269 480 267 480 267 481 255 493 187 493 175 481 175 480 174 480 172 480 141 480 139 480 138 480 136 480 136 481 135 481 129 487 130 529"/></Shape>
	    <String CONTENT="ſecundam Epiſt. Gaudentij."
                    HPOS="129"
                    VPOS="478"
                    WIDTH="623"
                    HEIGHT="72"
                    WC="0.993872718169139"></String>
          </TextLine>

          
          
          <TextLine ID="eSc_line_d248efb5"
                    TAGREFS="LT4318"
                    BASELINE="188 585 1180 588" 
                    HPOS="187"
                    VPOS="536"
                    WIDTH="993"
                    HEIGHT="78">
            <Shape><Polygon POINTS="188 585 187 599 199 609 199 611 200 611 202 611 203 612 287 612 287 611 288 611 325 600 352 611 353 611 355 611 450 600 486 608 487 608 489 608 505 600 566 608 568 608 667 600 684 600 691 602 751 612 752 614 843 614 843 612 844 612 846 612 859 603 862 602 893 602 896 603 910 612 911 612 913 612 914 612 916 612 942 603 945 603 983 603 984 603 994 612 996 612 997 612 999 614 1047 614 1047 612 1048 612 1063 605 1069 602 1079 605 1106 612 1107 612 1109 612 1179 605 1180 588 1179 539 1055 538 1054 538 1052 538 1045 539 1014 550 993 541 987 538 986 538 926 538 925 538 923 538 914 541 892 550 871 542 861 538 859 538 858 538 856 538 855 538 855 539 850 542 841 551 749 551 737 542 733 539 731 539 730 539 728 539 727 539 716 544 697 550 687 544 676 536 675 536 673 536 615 536 614 536 612 536 597 544 591 547 577 544 529 536 527 536 526 536 524 536 513 545 507 550 313 550 312 547 301 539 301 538 300 538 298 538 211 536 209 536 208 536 188 545 188 585"/></Shape>
	    <String CONTENT="Addit autem rationẽ Paulus, quò &amp; ſuperiorẽ"
                    HPOS="187"
                    VPOS="536"
                    WIDTH="993"
                    HEIGHT="78"
                    WC="0.984323839778485"></String>
          </TextLine>

          
          
          <TextLine ID="eSc_line_9cf7ed46"
                    TAGREFS="LT4318"
                    BASELINE="130 643 1179 642" 
                    HPOS="129"
                    VPOS="599"
                    WIDTH="1050"
                    HEIGHT="65">
            <Shape><Polygon POINTS="130 643 130 660 1176 664 1179 642 1176 609 1091 609 1090 608 1079 599 1078 599 1076 599 1075 599 1073 599 1051 608 1049 609 994 609 991 606 981 599 980 599 978 599 977 599 975 599 945 606 939 608 933 606 911 599 910 599 908 599 907 599 905 599 896 606 895 608 890 606 871 599 870 599 868 599 867 599 849 606 843 609 752 609 746 605 737 599 736 599 734 599 733 599 731 599 719 605 713 608 701 605 681 599 679 599 678 599 651 605 630 608 591 603 547 599 545 599 526 603 505 608 493 603 483 599 481 599 480 599 478 599 477 599 471 603 462 608 453 602 446 599 444 599 443 599 422 602 392 608 362 602 346 599 345 599 316 602 254 608 223 600 215 599 214 599 212 599 202 600 166 608 129 600 130 643"/></Shape>
	    <String CONTENT="exhortationẽ, confirmet, &amp; nos ardentiùs inflam¬"
                    HPOS="129"
                    VPOS="599"
                    WIDTH="1050"
                    HEIGHT="65"
                    WC="0.996444971561432"></String>
          </TextLine>

          
          
          <TextLine ID="eSc_line_576853c4"
                    TAGREFS="LT4318"
                    BASELINE="129 706 1183 703" 
                    HPOS="127"
                    VPOS="655"
                    WIDTH="1056"
                    HEIGHT="72">
            <Shape><Polygon POINTS="129 706 129 718 309 727 310 727 374 721 401 718 411 721 432 727 434 727 435 727 493 721 530 718 538 721 548 727 550 727 551 727 580 722 602 718 614 722 627 727 629 727 630 727 697 725 699 725 700 725 703 722 716 716 844 716 883 724 892 725 893 727 1017 727 1017 725 1018 725 1021 725 1049 716 1058 725 1060 725 1061 725 1063 727 1182 727 1183 703 1182 664 1161 655 1160 655 1032 655 1030 655 1029 655 1027 655 1020 663 1011 655 1009 655 1008 655 914 655 913 655 911 655 910 655 896 664 896 666 843 666 843 664 795 655 794 655 792 655 791 655 777 666 707 666 673 655 672 655 670 655 669 655 651 666 649 666 648 666 623 657 621 657 620 657 554 666 550 666 544 666 447 657 446 657 392 666 382 657 380 657 379 657 343 657 342 657 340 657 319 666 319 667 318 667 185 667 151 657 150 657 148 657 147 657 127 664 129 706"/></Shape>
	    <String CONTENT="met, atq; ſtimulos addat &amp; excitet ad officiũ. Eſt"
                    HPOS="127"
                    VPOS="655"
                    WIDTH="1056"
                    HEIGHT="72"
                    WC="0.983934894496319"></String>
          </TextLine>

          
          
          <TextLine ID="eSc_line_d2c7383b"
                    TAGREFS="LT4318"
                    BASELINE="130 759 1177 762" 
                    HPOS="129"
                    VPOS="715"
                    WIDTH="1048"
                    HEIGHT="71">
            <Shape><Polygon POINTS="130 759 129 774 181 785 182 785 184 785 203 777 303 785 304 785 401 777 408 777 413 777 458 785 459 785 461 785 462 785 472 777 474 777 475 777 496 785 498 785 499 785 529 779 536 777 652 777 658 779 673 786 675 786 676 786 1176 783 1177 762 1174 719 1112 725 1057 719 1029 716 1027 716 1011 719 983 725 951 719 931 716 929 716 928 716 920 719 908 727 847 727 813 721 788 716 786 716 785 716 771 721 755 727 664 727 660 721 654 716 654 715 652 715 651 715 600 715 599 715 597 715 596 715 590 721 585 724 568 721 526 715 524 715 523 715 522 715 511 721 505 725 397 725 389 722 370 715 368 715 367 715 365 715 364 715 355 722 353 724 343 722 313 716 312 716 284 722 276 724 272 722 254 715 252 715 251 715 249 715 234 722 233 724 130 724 130 759"/></Shape>
	    <String CONTENT="autẽ ducta hæc ratio ab immenſa quadã vtilitate,"
                    HPOS="129"
                    VPOS="715"
                    WIDTH="1048"
                    HEIGHT="71"
                    WC="0.982938803434372"></String>
          </TextLine>

          
          
          <TextLine ID="eSc_line_76185537"
                    TAGREFS="LT4318"
                    BASELINE="133 820 1180 817" 
                    HPOS="132"
                    VPOS="774"
                    WIDTH="1048"
                    HEIGHT="73">
            <Shape><Polygon POINTS="133 820 133 838 171 846 172 846 174 846 175 846 182 838 187 837 205 838 249 844 251 844 252 844 273 838 278 838 281 838 307 846 309 846 310 846 312 846 313 846 325 838 328 837 331 838 346 846 348 846 349 846 388 838 397 837 400 838 407 846 408 846 410 846 411 847 455 847 455 846 507 838 522 837 538 838 574 843 575 843 626 838 661 835 667 838 679 844 681 844 682 844 684 844 707 838 713 837 715 838 721 844 722 844 724 844 725 844 727 844 740 838 745 837 762 838 828 844 829 844 831 844 850 838 859 835 932 835 938 838 947 844 948 844 950 844 951 844 1179 837 1180 817 1177 785 1131 774 1130 774 1039 782 1023 774 1021 774 1020 774 1018 774 987 783 984 785 902 785 899 783 883 774 881 774 880 774 878 774 877 774 865 782 864 783 852 782 785 774 783 774 782 774 767 782 761 782 700 776 699 776 664 782 641 786 462 786 456 780 452 776 450 776 449 776 391 776 389 776 388 776 386 776 383 779 377 785 359 779 346 776 345 776 343 776 327 779 300 785 132 779 133 820"/></Shape>
	    <String CONTENT="quæ triplex hîc enumeratur, nimirum quòd Ma¬"
                    HPOS="132"
                    VPOS="774"
                    WIDTH="1048"
                    HEIGHT="73"
                    WC="0.998896961626799"></String>
          </TextLine>

          
          
          <TextLine ID="eSc_line_58f4f582"
                    TAGREFS="LT4318"
                    BASELINE="130 880 1183 880" 
                    HPOS="130"
                    VPOS="832"
                    WIDTH="1053"
                    HEIGHT="73">
            <Shape><Polygon POINTS="130 880 130 905 255 898 353 904 380 905 382 905 425 904 535 898 548 902 557 905 559 905 560 905 591 902 630 898 807 901 1145 905 1146 905 1183 896 1183 880 1183 846 1139 846 1139 844 1124 832 1122 832 1121 832 1119 832 1058 841 1033 835 1032 835 1030 835 1029 835 1027 835 1014 844 920 832 870 832 868 832 867 832 865 832 846 844 844 846 800 846 798 844 767 832 765 832 764 832 762 832 733 843 710 832 709 832 707 832 706 832 667 844 652 832 651 832 649 832 574 832 572 832 571 832 569 832 554 843 487 834 486 834 484 834 464 844 462 844 459 844 419 837 417 837 267 844 243 844 239 844 203 832 202 832 200 832 130 843 130 880"/></Shape>
	    <String CONTENT="giſtratuum ope &amp; miniſterio Pax, Pietas, &amp; Ho¬"
                    HPOS="130"
                    VPOS="832"
                    WIDTH="1053"
                    HEIGHT="73"
                    WC="0.996612298747768"></String>
          </TextLine>

          
          
          <TextLine ID="eSc_line_bc562ad2"
                    TAGREFS="LT4318"
                    BASELINE="127 939 1180 936" 
                    HPOS="126"
                    VPOS="889"
                    WIDTH="1054"
                    HEIGHT="74">
            <Shape><Polygon POINTS="127 939 127 963 172 954 233 962 234 962 236 962 251 954 337 962 339 962 571 954 630 962 632 962 633 962 776 960 777 960 795 953 855 960 856 960 858 960 880 953 1177 960 1180 936 1176 899 1057 899 1054 899 1039 889 1038 889 1036 889 1035 889 1033 889 1032 889 1021 898 993 889 991 889 990 889 989 889 987 889 987 890 977 899 975 901 867 901 865 899 847 890 846 890 844 890 800 899 798 899 795 899 678 889 676 889 675 889 673 889 660 898 621 890 620 890 551 901 545 901 544 901 524 890 523 890 522 890 434 901 428 901 425 901 380 892 379 892 377 892 345 901 343 901 316 890 315 890 313 890 272 899 196 890 194 890 126 901 127 939"/></Shape>
	    <String CONTENT="neſtas inter homines ſtabilitur &amp; conſeruatur."
                    HPOS="126"
                    VPOS="889"
                    WIDTH="1054"
                    HEIGHT="74"
                    WC="0.987308271553205"></String>
          </TextLine>

          
          
          <TextLine ID="eSc_line_e26bc405"
                    TAGREFS="LT4318"
                    BASELINE="191 997 1180 997" 
                    HPOS="191"
                    VPOS="948"
                    WIDTH="989"
                    HEIGHT="75">
            <Shape><Polygon POINTS="191 997 191 1023 585 1015 704 1021 728 1023 730 1023 749 1021 834 1015 1179 1020 1180 997 1180 959 1128 948 1049 948 1048 948 1047 948 1023 957 1021 957 1011 957 870 950 868 950 867 950 843 956 834 948 832 948 831 948 829 948 762 956 749 957 746 956 734 948 733 948 731 948 673 948 672 948 670 948 654 956 649 959 584 959 580 956 569 948 568 948 566 948 565 948 563 948 545 956 538 957 529 956 508 950 507 950 505 950 504 950 483 954 472 957 469 954 462 948 461 948 459 948 458 948 400 954 370 957 191 954 191 997"/></Shape>
	    <String CONTENT="Ac pax quidem ſiue tranquillitas tum publica"
                    HPOS="191"
                    VPOS="948"
                    WIDTH="989"
                    HEIGHT="75"
                    WC="0.988511536609043"></String>
          </TextLine>

          
          
          <TextLine ID="eSc_line_fda3798d"
                    TAGREFS="LT4318"
                    BASELINE="129 1057 1177 1052" 
                    HPOS="129"
                    VPOS="1008"
                    WIDTH="1048"
                    HEIGHT="70">
            <Shape><Polygon POINTS="129 1078 1176 1073 1177 1052 1174 1018 1102 1009 1100 1009 1063 1017 1061 1017 1051 1008 1049 1008 1048 1008 1047 1008 1045 1008 1020 1017 1018 1017 1006 1017 862 1008 861 1008 810 1015 789 1020 740 1020 736 1015 728 1009 727 1009 725 1009 724 1009 722 1009 701 1015 690 1018 676 1015 657 1009 655 1009 654 1009 652 1009 638 1015 630 1017 623 1014 605 1009 603 1009 602 1009 429 1011 428 1011 426 1011 423 1014 414 1020 365 1014 346 1011 345 1011 343 1011 337 1012 321 1020 218 1012 190 1011 188 1011 187 1011 182 1012 157 1020 129 1012 129 1057 129 1078"/></Shape>
	    <String CONTENT="tum priuata, ad quam conſtituendam ordinatus"
                    HPOS="129"
                    VPOS="1008"
                    WIDTH="1048"
                    HEIGHT="70"
                    WC="0.977171391248703"></String>
          </TextLine>

          
          
          <TextLine ID="eSc_line_089d2352"
                    TAGREFS="LT4318"
                    BASELINE="130 1115 1176 1112" 
                    HPOS="129"
                    VPOS="1064"
                    WIDTH="1047"
                    HEIGHT="76">
            <Shape><Polygon POINTS="130 1115 130 1140 187 1131 276 1137 278 1137 279 1137 281 1137 292 1130 371 1137 388 1139 389 1139 426 1137 548 1130 645 1134 719 1137 721 1137 722 1137 733 1133 746 1128 816 1131 917 1137 919 1137 956 1130 968 1128 983 1130 1044 1137 1045 1137 1047 1137 1048 1137 1061 1128 1069 1136 1070 1136 1072 1136 1146 1137 1148 1137 1149 1137 1176 1127 1176 1112 1173 1076 1041 1076 1005 1064 1003 1064 1002 1064 1000 1064 999 1064 983 1075 938 1067 936 1067 826 1075 791 1064 789 1064 788 1064 786 1064 761 1075 673 1064 672 1064 670 1064 651 1073 642 1067 641 1067 639 1067 638 1067 510 1075 499 1066 498 1066 496 1066 459 1066 458 1066 456 1066 434 1076 432 1076 431 1076 400 1066 398 1066 397 1066 328 1073 255 1066 254 1066 252 1066 251 1066 237 1075 227 1066 226 1066 224 1066 163 1066 162 1066 160 1066 129 1075 130 1115"/></Shape>
	    <String CONTENT="eſt à Deo Magiſtratus: atque etiam Dei præce¬"
                    HPOS="129"
                    VPOS="1064"
                    WIDTH="1047"
                    HEIGHT="76"
                    WC="0.990034681299458"></String>
          </TextLine>

          
          
          <TextLine ID="eSc_line_54926b93"
                    TAGREFS="LT4318"
                    BASELINE="130 1173 1171 1173" 
                    HPOS="130"
                    VPOS="1125"
                    WIDTH="1041"
                    HEIGHT="72">
            <Shape><Polygon POINTS="130 1173 130 1197 193 1189 215 1197 217 1197 218 1197 1171 1189 1171 1173 1171 1139 1020 1139 981 1125 980 1125 978 1125 977 1125 951 1137 907 1125 905 1125 904 1125 902 1125 856 1137 843 1127 843 1125 841 1125 840 1125 810 1125 809 1125 807 1125 771 1137 733 1125 731 1125 730 1125 728 1125 727 1125 707 1137 670 1125 669 1125 667 1125 615 1133 587 1125 585 1125 584 1125 582 1125 581 1125 581 1127 571 1134 562 1128 560 1128 559 1128 557 1128 403 1137 379 1125 377 1125 252 1125 251 1125 249 1125 248 1125 239 1133 215 1128 214 1128 212 1128 193 1136 185 1128 184 1128 182 1128 181 1128 130 1137 130 1173"/></Shape>
	    <String CONTENT="pto gladiũ gerit, vt docet idem Paulus Rom.13."
                    HPOS="130"
                    VPOS="1125"
                    WIDTH="1041"
                    HEIGHT="72"
                    WC="0.989877581596375"></String>
          </TextLine>

          
          
          <TextLine ID="eSc_line_8e9bad7b"
                    TAGREFS="LT4318"
                    BASELINE="136 1231 1173 1231" 
                    HPOS="136"
                    VPOS="1183"
                    WIDTH="1037"
                    HEIGHT="72">
            <Shape><Polygon POINTS="136 1231 136 1244 182 1253 184 1255 288 1255 288 1253 290 1253 291 1253 301 1246 303 1246 325 1247 437 1253 438 1253 489 1249 516 1246 551 1249 608 1253 609 1253 611 1253 621 1249 632 1246 1171 1253 1173 1231 1170 1183 1140 1195 1018 1195 975 1185 971 1185 969 1185 968 1185 966 1185 953 1195 791 1195 776 1188 768 1183 767 1183 571 1183 569 1183 524 1189 495 1194 469 1191 419 1183 417 1183 416 1183 392 1191 385 1194 379 1191 367 1185 365 1185 294 1183 292 1183 236 1192 227 1194 226 1192 211 1183 209 1183 208 1183 206 1183 205 1183 185 1191 156 1183 154 1183 153 1183 151 1183 150 1183 136 1191 136 1231"/></Shape>
	    <String CONTENT="Vtraque verò pax eſt Dei donum, &amp; ſummum"
                    HPOS="136"
                    VPOS="1183"
                    WIDTH="1037"
                    HEIGHT="72"
                    WC="0.977135796372483"></String>
          </TextLine>

          
          
          <TextLine ID="eSc_line_8e609194"
                    TAGREFS="LT4318"
                    BASELINE="127 1290 1173 1290" 
                    HPOS="127"
                    VPOS="1241"
                    WIDTH="1046"
                    HEIGHT="75">
            <Shape><Polygon POINTS="127 1290 127 1307 261 1307 273 1314 275 1314 276 1314 278 1316 400 1316 400 1314 401 1314 403 1314 416 1307 687 1314 688 1314 751 1307 789 1314 791 1314 875 1307 991 1314 993 1314 1045 1307 1105 1314 1106 1314 1173 1305 1173 1290 1170 1243 1146 1249 1130 1243 1127 1241 1125 1241 1124 1241 1122 1241 1119 1243 1102 1252 1049 1252 1038 1243 1036 1241 1035 1241 1033 1241 1032 1241 1020 1243 963 1252 936 1244 935 1244 933 1244 890 1252 877 1243 875 1241 874 1241 873 1241 871 1241 844 1243 748 1252 699 1243 682 1241 681 1241 655 1244 609 1249 603 1244 600 1241 599 1241 597 1241 504 1241 502 1241 501 1241 495 1244 478 1253 376 1253 356 1244 348 1241 346 1241 291 1241 290 1241 288 1241 287 1241 284 1244 275 1252 257 1244 246 1241 245 1241 243 1241 242 1241 233 1244 214 1252 127 1246 127 1290"/></Shape>
	    <String CONTENT="omninóque neceſſarium humanæ ſocietatis reti¬"
                    HPOS="127"
                    VPOS="1241"
                    WIDTH="1046"
                    HEIGHT="75"
                    WC="0.983186082995456"></String>
          </TextLine>

          
          
          <TextLine ID="eSc_line_f8866f43"
                    TAGREFS="LT4318"
                    BASELINE="130 1348 514 1345" 
                    HPOS="129"
                    VPOS="1299"
                    WIDTH="385"
                    HEIGHT="67">
            <Shape><Polygon POINTS="130 1348 130 1366 514 1365 514 1345 511 1313 406 1299 404 1299 403 1299 377 1311 301 1301 300 1301 298 1301 270 1311 232 1301 230 1301 229 1301 129 1314 130 1348"/></Shape>
	    <String CONTENT="nendæ vinculum."
                    HPOS="129"
                    VPOS="1299"
                    WIDTH="385"
                    HEIGHT="67"
                    WC="0.962687277793884"></String>
          </TextLine>

          
          
          <TextLine ID="eSc_line_be8cca97"
                    TAGREFS="LT4318"
                    BASELINE="190 1402 1176 1409" 
                    HPOS="188"
                    VPOS="1353"
                    WIDTH="988"
                    HEIGHT="76">
            <Shape><Polygon POINTS="190 1402 188 1415 205 1424 206 1424 208 1424 385 1418 602 1427 603 1427 759 1421 780 1429 782 1429 783 1429 1174 1423 1176 1409 1176 1372 1122 1372 1121 1371 1110 1360 1110 1359 1109 1359 1107 1359 1106 1359 1029 1369 1009 1371 1003 1368 980 1357 978 1357 977 1357 858 1365 794 1369 765 1363 728 1356 727 1356 638 1360 614 1362 590 1360 532 1354 530 1354 502 1359 450 1366 423 1357 420 1356 419 1356 417 1356 416 1356 413 1356 391 1366 264 1366 236 1353 234 1353 233 1353 190 1353 190 1402"/></Shape>
	    <String CONTENT="Pietas verò, quæ Dei cultum continet etiam"
                    HPOS="188"
                    VPOS="1353"
                    WIDTH="988"
                    HEIGHT="76"
                    WC="0.994475321714268"></String>
          </TextLine>

          
          
          <TextLine ID="eSc_line_858bf6e4"
                    TAGREFS="LT4318"
                    BASELINE="127 1463 1174 1467" 
                    HPOS="126"
                    VPOS="1417"
                    WIDTH="1048"
                    HEIGHT="68">
            <Shape><Polygon POINTS="127 1463 126 1481 1171 1485 1174 1467 1173 1420 1131 1420 1130 1420 1128 1420 1093 1433 1029 1421 1027 1421 1026 1421 989 1433 951 1421 945 1420 944 1420 942 1420 941 1420 939 1420 938 1421 922 1435 838 1435 826 1423 822 1420 822 1418 820 1418 819 1418 817 1418 816 1418 804 1423 782 1433 727 1433 713 1424 706 1418 704 1418 703 1418 701 1418 700 1418 687 1424 667 1433 639 1433 626 1424 615 1418 614 1418 612 1418 611 1418 609 1418 591 1424 588 1426 588 1424 581 1418 580 1418 578 1418 517 1418 516 1418 514 1418 513 1418 504 1426 496 1433 478 1433 359 1432 353 1427 337 1417 336 1417 334 1417 179 1417 178 1417 176 1417 175 1417 160 1429 160 1430 127 1430 127 1463"/></Shape>
	    <String CONTENT="ad Magiſtratus politici, nõ tantùm paſtoris curã"
                    HPOS="126"
                    VPOS="1417"
                    WIDTH="1048"
                    HEIGHT="68"
                    WC="0.973555679414786"></String>
          </TextLine>

          
          
          <TextLine ID="eSc_line_59c4e19e"
                    TAGREFS="LT4318"
                    BASELINE="127 1524 1174 1527" 
                    HPOS="126"
                    VPOS="1479"
                    WIDTH="1048"
                    HEIGHT="69">
            <Shape><Polygon POINTS="127 1524 126 1539 135 1546 136 1546 138 1546 139 1546 217 1539 617 1546 618 1546 620 1546 651 1539 762 1539 776 1548 777 1548 779 1548 780 1548 883 1540 1151 1548 1152 1548 1154 1548 1173 1539 1174 1527 1173 1494 1091 1484 1090 1484 1035 1493 1027 1493 1026 1493 1011 1481 1009 1481 1008 1481 1006 1481 1005 1481 986 1490 931 1481 929 1481 870 1491 855 1493 849 1490 826 1481 825 1481 823 1481 724 1490 675 1493 649 1488 624 1484 623 1484 597 1488 575 1493 468 1493 452 1487 440 1482 438 1482 437 1482 435 1482 426 1487 414 1493 284 1493 272 1485 264 1479 263 1479 261 1479 212 1479 211 1479 209 1479 196 1484 176 1491 163 1484 157 1479 156 1479 154 1479 153 1479 127 1482 127 1524"/></Shape>
	    <String CONTENT="&amp; officium pertinet, quia vtriuſque tabulæ con¬"
                    HPOS="126"
                    VPOS="1479"
                    WIDTH="1048"
                    HEIGHT="69"
                    WC="0.984967202582258"></String>
          </TextLine>

          
          
          <TextLine ID="eSc_line_a51f1f6d"
                    TAGREFS="LT4318"
                    BASELINE="126 1580 1179 1586" 
                    HPOS="124"
                    VPOS="1534"
                    WIDTH="1055"
                    HEIGHT="67">
            <Shape><Polygon POINTS="126 1580 124 1595 1176 1601 1179 1586 1179 1552 1049 1539 1048 1539 1047 1539 1045 1539 1030 1551 1029 1551 859 1551 858 1549 817 1537 816 1537 815 1537 813 1537 779 1548 755 1542 754 1542 752 1542 693 1548 678 1549 675 1548 651 1536 649 1536 648 1536 593 1545 578 1536 577 1536 575 1536 505 1536 504 1536 502 1536 501 1536 489 1546 486 1549 461 1549 459 1546 447 1537 447 1536 446 1536 444 1536 443 1536 395 1546 392 1546 391 1546 362 1534 361 1534 321 1534 319 1534 318 1534 316 1534 303 1545 300 1546 199 1546 197 1545 181 1534 179 1534 178 1534 176 1534 126 1543 126 1580"/></Shape>
	    <String CONTENT="ſtitutus eſt cuſtos Magiſtratus. Conuenit autem"
                    HPOS="124"
                    VPOS="1534"
                    WIDTH="1055"
                    HEIGHT="67"
                    WC="0.996116122032734"></String>
          </TextLine>

          
          
          <TextLine ID="eSc_line_4dd2f098"
                    TAGREFS="LT4318"
                    BASELINE="126 1640 1176 1643" 
                    HPOS="126"
                    VPOS="1597"
                    WIDTH="1050"
                    HEIGHT="62">
            <Shape><Polygon POINTS="126 1640 126 1659 1174 1655 1176 1643 1176 1607 1143 1598 1142 1598 1140 1598 1026 1606 994 1609 862 1609 855 1604 837 1598 835 1598 834 1598 832 1598 812 1604 801 1609 655 1609 648 1604 639 1597 638 1597 636 1597 635 1597 633 1597 608 1603 599 1606 591 1603 575 1597 574 1597 484 1597 483 1597 481 1597 469 1603 462 1607 419 1607 414 1603 408 1597 407 1597 406 1597 404 1597 376 1601 355 1607 279 1607 270 1601 260 1597 258 1597 257 1597 234 1601 212 1606 126 1601 126 1640"/></Shape>
	    <String CONTENT="hæc ſententia cum Pſalmo 101. &amp; cum exemplis"
                    HPOS="126"
                    VPOS="1597"
                    WIDTH="1050"
                    HEIGHT="62"></String>
          </TextLine>

          
          
          <TextLine ID="eSc_line_9f67c0fd"
                    TAGREFS="LT4318"
                    BASELINE="124 1699 1177 1704" 
                    HPOS="123"
                    VPOS="1649"
                    WIDTH="1054"
                    HEIGHT="79">
            <Shape><Polygon POINTS="123 1711 212 1723 214 1723 282 1714 288 1714 423 1714 429 1716 447 1723 449 1723 450 1725 450 1723 452 1723 468 1717 475 1714 493 1717 519 1722 520 1722 587 1719 648 1716 655 1720 661 1725 663 1725 664 1725 666 1725 730 1720 803 1716 820 1722 832 1726 834 1726 835 1726 859 1722 892 1717 945 1723 971 1726 972 1728 1176 1728 1177 1704 1177 1661 1160 1652 1158 1652 1157 1652 1051 1659 1023 1661 1020 1659 1012 1652 1011 1652 1009 1652 911 1652 910 1652 865 1656 831 1661 820 1656 807 1650 806 1650 804 1650 803 1650 801 1650 795 1656 791 1661 757 1661 737 1655 712 1650 710 1650 709 1650 700 1655 691 1659 667 1655 643 1650 642 1650 593 1653 523 1659 493 1653 474 1649 472 1649 417 1652 315 1658 202 1649 188 1649 187 1649 185 1649 184 1649 156 1658 126 1649 124 1699 123 1711"/></Shape>
	    <String CONTENT="Ioſiæ, Ezechiæ, Theodoſij, Conſtantini Magni &amp;"
                    HPOS="123"
                    VPOS="1649"
                    WIDTH="1054"
                    HEIGHT="79"
                    WC="0.985752519058145"></String>
          </TextLine>

          
          
          <TextLine ID="eSc_line_c2f6f21f"
                    TAGREFS="LT4318"
                    BASELINE="124 1757 1174 1760" 
                    HPOS="124"
                    VPOS="1713"
                    WIDTH="1050"
                    HEIGHT="73">
            <Shape><Polygon POINTS="1174 1760 1174 1726 1149 1717 1148 1717 1146 1717 1055 1725 1044 1725 1038 1725 999 1716 855 1716 853 1716 822 1722 804 1725 791 1722 771 1716 770 1716 768 1716 767 1716 765 1716 758 1720 752 1725 724 1720 701 1717 700 1717 699 1717 688 1720 670 1725 660 1720 649 1714 648 1714 646 1714 620 1719 603 1722 591 1719 575 1714 574 1714 572 1714 571 1714 554 1719 533 1725 376 1725 336 1716 325 1714 324 1714 322 1714 318 1716 295 1725 197 1725 185 1714 184 1714 182 1714 181 1714 179 1714 139 1722 127 1713 124 1757 124 1774 285 1774 287 1774 304 1783 306 1783 307 1783 361 1774 362 1774 367 1774 557 1783 559 1783 560 1783 591 1774 593 1774 594 1774 651 1784 652 1786 768 1786 768 1784 770 1784 771 1784 786 1775 862 1784 864 1784 922 1777 1139 1784 1140 1784 1142 1784 1173 1774 1174 1760"/></Shape>
	    <String CONTENT="aliorum piorum regum, qui cultum Dei depraua¬"
                    HPOS="124"
                    VPOS="1713"
                    WIDTH="1050"
                    HEIGHT="73"
                    WC="0.969846940040588"></String>
          </TextLine>

          
          
          <TextLine ID="eSc_line_bd11f709"
                    TAGREFS="LT4318"
                    BASELINE="127 1815 1171 1818" 
                    HPOS="127"
                    VPOS="1771"
                    WIDTH="1044"
                    HEIGHT="73">
            <Shape><Polygon POINTS="1171 1818 1170 1780 939 1774 938 1774 911 1777 878 1781 856 1777 840 1774 838 1774 837 1774 831 1777 819 1783 719 1775 704 1775 703 1775 697 1775 651 1783 633 1775 627 1772 626 1772 624 1772 597 1775 538 1781 489 1774 474 1772 472 1772 471 1772 469 1772 468 1774 459 1783 376 1783 342 1772 337 1772 336 1772 334 1772 333 1772 331 1772 321 1783 144 1783 130 1771 127 1815 127 1832 165 1832 178 1841 179 1841 181 1841 182 1841 184 1841 205 1832 261 1841 263 1842 428 1842 428 1841 429 1841 466 1832 468 1832 471 1832 568 1841 569 1841 642 1832 645 1832 646 1832 679 1841 681 1841 682 1841 725 1833 736 1842 737 1842 739 1842 740 1842 887 1833 953 1842 954 1844 1041 1844 1041 1842 1042 1842 1061 1833 1137 1842 1139 1842 1140 1842 1170 1832 1171 1818"/></Shape>
	    <String CONTENT="tum ex ipſius verbo reformarunt &amp; reſtituerunt."
                    HPOS="127"
                    VPOS="1771"
                    WIDTH="1044"
                    HEIGHT="73"></String>
          </TextLine>

          
          
          <TextLine ID="eSc_line_8e9705de"
                    TAGREFS="LT4318"
                    BASELINE="127 1876 1173 1876" 
                    HPOS="127"
                    VPOS="1830"
                    WIDTH="1046"
                    HEIGHT="67">
            <Shape><Polygon POINTS="127 1876 127 1897 1173 1894 1173 1876 1173 1841 1099 1830 1097 1830 1044 1839 1038 1839 1030 1839 991 1832 990 1832 989 1832 974 1838 971 1839 968 1838 953 1830 951 1830 950 1830 948 1830 933 1838 931 1839 928 1838 911 1830 910 1830 840 1830 838 1830 837 1830 822 1836 815 1839 773 1836 704 1830 703 1830 701 1830 682 1835 672 1838 666 1835 657 1830 655 1830 654 1830 618 1835 581 1839 554 1833 535 1830 533 1830 508 1833 466 1839 443 1833 434 1830 432 1830 431 1830 429 1830 422 1833 401 1841 234 1841 218 1830 217 1830 215 1830 214 1830 212 1830 211 1830 184 1838 127 1830 127 1876"/></Shape>
	    <String CONTENT="Ex hoc autem loco concludi certiſſimè poteſt e¬"
                    HPOS="127"
                    VPOS="1830"
                    WIDTH="1046"
                    HEIGHT="67"
                    WC="0.986374318599701"></String>
          </TextLine>

          
          
          <TextLine ID="eSc_line_90d50363"
                    TAGREFS="LT4318"
                    BASELINE="126 1933 1177 1933" 
                    HPOS="126"
                    VPOS="1888"
                    WIDTH="1051"
                    HEIGHT="72">
            <Shape><Polygon POINTS="126 1933 126 1957 510 1951 524 1955 538 1958 539 1958 541 1958 542 1958 544 1958 548 1954 554 1951 621 1951 627 1954 633 1958 635 1958 636 1958 638 1960 638 1958 639 1958 641 1958 646 1954 652 1951 722 1951 752 1952 813 1958 815 1958 816 1958 817 1958 825 1952 828 1951 837 1952 868 1958 870 1958 925 1952 935 1951 936 1952 944 1958 945 1958 947 1958 948 1960 1134 1960 1134 1958 1177 1949 1177 1933 1177 1899 1093 1890 1091 1890 1048 1897 1038 1888 1036 1888 1035 1888 1033 1888 1032 1888 1030 1888 1018 1897 1018 1899 959 1899 957 1897 942 1888 941 1888 939 1888 938 1888 936 1888 935 1888 923 1897 922 1899 837 1899 835 1897 813 1888 812 1888 810 1888 771 1896 728 1888 727 1888 725 1888 701 1897 699 1897 694 1897 645 1888 643 1888 642 1888 612 1897 608 1897 594 1897 516 1890 514 1890 465 1896 455 1897 449 1896 417 1888 416 1888 346 1888 345 1888 343 1888 325 1896 322 1897 312 1896 260 1888 258 1888 257 1888 236 1896 230 1899 157 1899 154 1896 145 1888 144 1888 142 1888 141 1888 139 1888 126 1894 126 1933"/></Shape>
	    <String CONTENT="tiam inquiſitionem de hæreſi, &amp; punitionem e¬"
                    HPOS="126"
                    VPOS="1888"
                    WIDTH="1051"
                    HEIGHT="72"
                    WC="0.994332615534465"></String>
          </TextLine>

          
          
          <TextLine ID="eSc_line_60b12c53"
                    TAGREFS="LT4318"
                    BASELINE="129 1991 1180 1995" 
                    HPOS="127"
                    VPOS="1945"
                    WIDTH="1053"
                    HEIGHT="73">
            <Shape><Polygon POINTS="129 1991 127 2004 148 2015 150 2015 151 2015 153 2015 184 2007 251 2015 252 2015 471 2007 490 2016 492 2016 493 2016 569 2009 584 2016 585 2016 587 2016 902 2010 911 2018 913 2018 914 2018 916 2018 1179 2009 1180 1995 1180 1960 1118 1948 1116 1948 993 1957 968 1958 951 1957 901 1949 899 1949 898 1949 884 1955 878 1958 871 1955 850 1948 849 1948 847 1948 809 1955 798 1957 795 1955 786 1948 786 1946 785 1946 783 1946 782 1946 685 1954 654 1955 648 1952 633 1946 632 1946 630 1946 602 1952 590 1955 577 1952 566 1949 565 1949 563 1949 562 1949 560 1949 557 1952 550 1957 544 1952 538 1948 536 1948 535 1948 533 1948 532 1948 522 1952 510 1957 496 1951 481 1945 480 1945 478 1945 477 1945 461 1951 449 1957 370 1957 356 1949 345 1945 343 1945 342 1945 340 1945 328 1949 312 1955 129 1948 129 1991"/></Shape>
	    <String CONTENT="orum, qui meritò erroris &amp; hæreſis damnati ſunt"
                    HPOS="127"
                    VPOS="1945"
                    WIDTH="1053"
                    HEIGHT="73"
                    WC="0.979929633438587"></String>
          </TextLine>

          
          
          <TextLine ID="eSc_line_8d990dca"
                    TAGREFS="LT4318"
                    BASELINE="129 2049 1171 2053" 
                    HPOS="127"
                    VPOS="2004"
                    WIDTH="1044"
                    HEIGHT="72">
            <Shape><Polygon POINTS="129 2049 127 2062 486 2074 487 2074 526 2067 545 2074 547 2074 548 2074 585 2067 624 2074 626 2074 823 2067 853 2076 855 2076 856 2076 1170 2067 1171 2053 1168 2007 1032 2016 996 2007 994 2007 993 2007 990 2007 928 2016 902 2007 901 2007 899 2007 898 2007 893 2007 828 2016 749 2007 739 2007 737 2007 736 2007 734 2007 724 2015 678 2007 669 2007 667 2007 661 2007 630 2015 614 2009 608 2006 606 2006 605 2006 603 2006 594 2009 572 2015 428 2015 419 2009 416 2006 414 2006 413 2006 411 2006 391 2009 364 2013 348 2009 331 2004 330 2004 328 2004 327 2004 307 2009 290 2015 251 2015 245 2009 240 2004 239 2004 237 2004 236 2004 129 2009 129 2049"/></Shape>
	    <String CONTENT="ad Magiſtratum pertinere, quemadmodum etiã"
                    HPOS="127"
                    VPOS="2004"
                    WIDTH="1044"
                    HEIGHT="72"
                    WC="0.997087844582491"></String>
          </TextLine>

          
          
          <TextLine ID="eSc_line_fd2917fe"
                    TAGREFS="LT4318"
                    BASELINE="129 2107 1173 2113" 
                    HPOS="127"
                    VPOS="2059"
                    WIDTH="1046"
                    HEIGHT="79">
            <Shape><Polygon POINTS="129 2107 127 2125 188 2134 190 2134 276 2126 291 2126 388 2126 395 2128 420 2135 422 2135 423 2135 517 2129 541 2128 565 2129 651 2137 652 2138 754 2138 754 2137 755 2137 757 2137 762 2131 765 2129 819 2131 962 2138 963 2138 1005 2134 1026 2131 1170 2134 1173 2113 1171 2065 986 2064 984 2064 983 2064 977 2065 960 2071 945 2065 938 2064 936 2064 935 2064 933 2064 932 2064 931 2067 920 2074 892 2067 877 2062 875 2062 874 2062 853 2067 822 2074 800 2067 791 2064 789 2064 788 2064 770 2067 736 2074 719 2067 707 2062 706 2062 704 2062 679 2068 649 2074 565 2074 556 2068 548 2064 547 2064 545 2064 544 2064 542 2064 541 2064 536 2068 532 2073 519 2068 507 2065 505 2065 504 2065 446 2070 397 2073 391 2070 382 2062 380 2062 379 2062 377 2062 376 2062 356 2070 352 2073 252 2073 248 2071 211 2059 209 2059 148 2059 147 2059 145 2059 144 2059 129 2068 129 2107"/></Shape>
	    <String CONTENT="diſputauit Auguſtinus, quãquam Caſtallioniſtæ"
                    HPOS="127"
                    VPOS="2059"
                    WIDTH="1046"
                    HEIGHT="79"
                    WC="0.984199294577474"></String>
          </TextLine>

          
          
          <TextLine ID="eSc_line_5f507619"
                    TAGREFS="LT4318"
                    BASELINE="127 2169 1170 2169" 
                    HPOS="127"
                    VPOS="2123"
                    WIDTH="1043"
                    HEIGHT="84">
            <Shape><Polygon POINTS="127 2169 127 2192 220 2192 223 2193 234 2204 234 2205 236 2205 237 2205 239 2207 297 2207 297 2205 298 2205 300 2205 315 2195 319 2192 342 2195 420 2205 422 2207 605 2207 605 2205 606 2205 635 2198 658 2192 704 2192 712 2198 719 2204 719 2205 721 2205 722 2205 724 2205 783 2202 785 2202 786 2202 789 2199 798 2193 832 2199 865 2205 867 2205 868 2205 870 2205 877 2201 893 2192 974 2192 984 2201 989 2205 990 2205 991 2205 993 2205 1042 2204 1044 2204 1048 2202 1067 2192 1168 2202 1170 2169 1170 2128 1073 2123 1072 2123 1070 2123 1063 2126 1045 2137 957 2137 941 2126 936 2123 935 2123 933 2123 883 2123 881 2123 880 2123 870 2126 835 2135 817 2125 813 2123 812 2123 810 2123 809 2123 801 2125 785 2131 767 2125 759 2123 758 2123 757 2123 755 2123 751 2125 731 2134 715 2125 710 2123 709 2123 707 2123 706 2123 701 2125 681 2135 621 2125 618 2125 617 2125 611 2125 492 2135 472 2125 472 2123 471 2123 469 2123 468 2123 466 2123 464 2123 423 2135 406 2123 404 2123 403 2123 362 2123 361 2123 359 2123 358 2123 334 2135 310 2123 309 2123 307 2123 306 2123 301 2123 240 2132 127 2123 127 2169"/></Shape>
	    <String CONTENT="hoc noſtro ſeculo negant, &amp; farraginẽ omniúm¬"
                    HPOS="127"
                    VPOS="2123"
                    WIDTH="1043"
                    HEIGHT="84"
                    WC="0.987402437849248"></String>
          </TextLine>

          
        </TextBlock>
        
        <TextBlock HPOS="857.44580078125"
                   VPOS="2189.631591796875"
                   WIDTH="128.69110107421875"
                   HEIGHT="67.67333984375"
                   ID="block_3"
                   TAGREFS="BT10978">
          <Shape><Polygon POINTS="857.446 2189.63 986.137 2189.63 986.137 2257.3 857.446 2257.3 857.446 2189.63"/></Shape>
          
          
          <TextLine ID="eSc_line_9574d640"
                    TAGREFS="LT4318"
                    BASELINE="871 2233 975 2233" 
                    HPOS="871"
                    VPOS="2177"
                    WIDTH="104"
                    HEIGHT="111">
            <Shape><Polygon POINTS="871 2233 871 2279 907 2273 974 2288 975 2233 975 2184 947 2177 945 2177 944 2177 871 2187 871 2233"/></Shape>
	    <String CONTENT="d. j."
                    HPOS="871"
                    VPOS="2177"
                    WIDTH="104"
                    HEIGHT="111"
                    WC="0.966472220420837"></String>
          </TextLine>

          
        </TextBlock>
        

        
      </PrintSpace>
    </Page>
  </Layout>
</alto>
