<?xml version="1.0" encoding="UTF-8"?>
<alto xmlns:xsi="http://www.w3.org/2001/XMLSchema-instance"
      xmlns="http://www.loc.gov/standards/alto/ns-v4#"
      xsi:schemaLocation="http://www.loc.gov/standards/alto/ns-v4# http://www.loc.gov/standards/alto/v4/alto-4-2.xsd">
  <Description>
    <MeasurementUnit>pixel</MeasurementUnit>
    <sourceImageInformation>
      <fileName>2012994.png</fileName>
      
    </sourceImageInformation>
  </Description>
  
  <Tags>
    <OtherTag ID="BT10983" LABEL="GraphicZone" DESCRIPTION="block type GraphicZone"/><OtherTag ID="BT10982" LABEL="DropCapitalZone" DESCRIPTION="block type DropCapitalZone"/><OtherTag ID="BT10981" LABEL="RunningTitleZone" DESCRIPTION="block type RunningTitleZone"/><OtherTag ID="BT10980" LABEL="NumberingZone" DESCRIPTION="block type NumberingZone"/><OtherTag ID="BT10979" LABEL="TitlePageZone" DESCRIPTION="block type TitlePageZone"/><OtherTag ID="BT10978" LABEL="QuireMarksZone" DESCRIPTION="block type QuireMarksZone"/><OtherTag ID="BT10977" LABEL="MainZone" DESCRIPTION="block type MainZone"/><OtherTag ID="BT10976" LABEL="MarginTextZone" DESCRIPTION="block type MarginTextZone"/>
    <OtherTag ID="LT4321" LABEL="default" DESCRIPTION="line type default"/><OtherTag ID="LT4319" LABEL="HeadingLine" DESCRIPTION="line type HeadingLine"/><OtherTag ID="LT4318" LABEL="DefaultLine" DESCRIPTION="line type DefaultLine"/><OtherTag ID="LT4320" LABEL="CustomLine : BiblicalText" DESCRIPTION="line type CustomLine : BiblicalText"/>
  </Tags>
  
  <Layout>
    <Page WIDTH="1807"
          HEIGHT="2677"
          PHYSICAL_IMG_NR="41"
          ID="eSc_dummypage_">
      <PrintSpace HPOS="0"
                  VPOS="0"
                  WIDTH="1807"
                  HEIGHT="2677">
        
        <TextBlock HPOS="647.4053344726562"
                   VPOS="156.19033813476562"
                   WIDTH="89.43145751953125"
                   HEIGHT="59.931427001953125"
                   ID="block_1"
                   TAGREFS="BT10980">
          <Shape><Polygon POINTS="647.405 156.19 736.837 156.19 736.837 216.122 647.405 216.122 647.405 156.19"/></Shape>
          
          
          <TextLine ID="eSc_line_4db7aeb4"
                    TAGREFS="LT4318"
                    BASELINE="655 202 767 200" 
                    HPOS="654"
                    VPOS="156"
                    WIDTH="113"
                    HEIGHT="70">
            <Shape><Polygon POINTS="713 157 699 157 684 159 669 159 660 159 654 162 655 202 655 223 697 226 699 226 700 226 701 226 701 224 712 215 719 208 767 208 767 200 764 172 727 169 713 156 713 157"/></Shape>
	    <String CONTENT="82"
                    HPOS="654"
                    VPOS="156"
                    WIDTH="113"
                    HEIGHT="70"></String>
          </TextLine>

          
        </TextBlock>
        
        <TextBlock HPOS="827.5618896484375"
                   VPOS="143.67974853515625"
                   WIDTH="710.3284912109375"
                   HEIGHT="68.69514465332031"
                   ID="block_3"
                   TAGREFS="BT10981">
          <Shape><Polygon POINTS="827.562 143.68 1537.89 143.68 1537.89 212.375 827.562 212.375 827.562 143.68"/></Shape>
          
          
          <TextLine ID="eSc_line_3cc7f685"
                    TAGREFS="LT4319"
                    BASELINE="819 200 1527 190" 
                    HPOS="817"
                    VPOS="133"
                    WIDTH="710"
                    HEIGHT="87">
            <Shape><Polygon POINTS="1487 142 1472 139 1457 138 1442 135 1433 133 1369 135 1368 135 1366 135 1341 153 1284 138 1283 138 1282 138 1280 138 1279 138 1256 154 1235 141 1234 141 1232 141 1231 141 1229 141 1228 141 1218 148 1154 141 1152 141 1151 141 1118 148 1078 142 1070 142 1055 144 1048 144 1033 159 904 160 875 150 862 151 847 151 832 151 817 160 819 200 819 208 896 211 904 218 904 220 905 220 907 220 908 220 910 220 942 209 947 208 959 209 999 214 1000 214 1002 214 1017 209 1026 206 1042 209 1087 217 1088 217 1090 217 1106 209 1109 208 1167 209 1307 214 1308 214 1328 209 1362 202 1525 209 1527 190 1525 151 1515 145 1502 144"/></Shape>
	    <String CONTENT="AD I. PAVL. AD TIM."
                    HPOS="817"
                    VPOS="133"
                    WIDTH="710"
                    HEIGHT="87"
                    WC="0.998575041168614"></String>
          </TextLine>

          
        </TextBlock>
        
        <TextBlock HPOS="647.4035034179688"
                   VPOS="221.78610229492188"
                   WIDTH="1070.8761596679688"
                   HEIGHT="1946.1377258300781"
                   ID="block_0"
                   TAGREFS="BT10977">
          <Shape><Polygon POINTS="647.404 221.786 1718.28 221.786 1718.28 2167.92 647.404 2167.92 647.404 221.786"/></Shape>
          
          
          <TextLine ID="eSc_line_c7b2cdc0"
                    TAGREFS="LT4318"
                    BASELINE="655 273 1221 261 1705 261" 
                    HPOS="654"
                    VPOS="206"
                    WIDTH="1051"
                    HEIGHT="86">
            <Shape><Polygon POINTS="1696 215 1511 206 1509 206 1458 218 1456 218 1453 218 1389 208 1387 208 1247 220 1241 220 1237 220 1145 211 1143 211 1142 211 1118 221 1113 223 1097 221 1026 212 1024 212 1023 212 991 223 983 226 931 226 926 223 905 214 904 214 902 214 858 223 844 227 800 227 795 224 783 215 782 215 780 215 779 215 777 215 776 215 762 224 755 227 654 226 655 273 655 285 700 292 701 292 850 285 901 281 1704 278 1705 261 1702 227 1696 215"/></Shape>
	    <String CONTENT="tus eſt, vt ſit earum animus placidus &amp; quietus,"
                    HPOS="654"
                    VPOS="206"
                    WIDTH="1051"
                    HEIGHT="86"
                    WC="0.985186273852984"></String>
          </TextLine>

          
          
          <TextLine ID="eSc_line_66754935"
                    TAGREFS="LT4318"
                    BASELINE="652 333 1707 316" 
                    HPOS="651"
                    VPOS="267"
                    WIDTH="1056"
                    HEIGHT="88">
            <Shape><Polygon POINTS="652 333 652 350 810 355 812 355 813 355 834 348 844 345 855 348 875 353 877 353 878 353 919 346 931 345 938 346 960 352 962 352 963 352 965 352 966 352 975 345 980 343 1014 345 1128 350 1130 350 1131 350 1155 342 1161 340 1180 342 1252 348 1253 348 1255 348 1256 348 1268 340 1273 337 1345 337 1354 339 1398 346 1399 346 1400 346 1420 337 1423 336 1438 337 1493 342 1494 342 1597 334 1616 333 1624 333 1679 342 1680 342 1682 342 1707 331 1707 316 1702 279 1506 282 1503 282 1490 273 1488 273 1487 273 1485 273 1484 273 1460 282 1458 282 1418 267 1417 267 1415 267 1414 267 1384 284 1383 284 1381 284 1320 269 1319 269 1317 269 1274 284 1219 272 1128 272 1127 272 1125 272 1094 287 1054 288 1027 291 989 291 987 290 945 275 944 275 942 275 899 278 898 278 896 278 878 291 868 282 867 282 865 282 844 281 843 281 841 281 840 281 840 282 831 291 809 279 807 279 751 278 749 278 651 294 652 333"/></Shape>
	    <String CONTENT="nullíſque vitijs expugnari poſsit. Rationem au¬"
                    HPOS="651"
                    VPOS="267"
                    WIDTH="1056"
                    HEIGHT="88"></String>
          </TextLine>

          
          
          <TextLine ID="eSc_line_c37d9b8d"
                    TAGREFS="LT4318"
                    BASELINE="655 392 999 382 1705 373" 
                    HPOS="654"
                    VPOS="325"
                    WIDTH="1051"
                    HEIGHT="79">
            <Shape><Polygon POINTS="655 392 655 404 1705 395 1705 373 1701 336 1649 336 1647 336 1632 325 1631 325 1630 325 1628 325 1497 339 1488 339 1479 339 1305 330 1304 330 1302 330 1280 342 1279 343 1276 343 1241 343 1215 331 1213 331 1212 331 1112 345 1110 345 987 336 986 336 984 336 983 336 983 337 971 346 841 337 840 337 838 337 817 348 752 343 751 343 749 343 730 350 685 340 684 340 682 340 654 352 655 392"/></Shape>
	    <String CONTENT="tem addit ab officio ductam. Nempe, quòd ho¬"
                    HPOS="654"
                    VPOS="325"
                    WIDTH="1051"
                    HEIGHT="79"
                    WC="0.977326346768273"></String>
          </TextLine>

          
          
          <TextLine ID="eSc_line_5c9c8b91"
                    TAGREFS="LT4318"
                    BASELINE="657 452 1072 440 1707 432" 
                    HPOS="655"
                    VPOS="383"
                    WIDTH="1052"
                    HEIGHT="86">
            <Shape><Polygon POINTS="657 452 657 462 706 469 707 469 893 461 933 458 1705 452 1707 432 1702 394 1619 395 1615 395 1577 383 1576 383 1574 383 1573 383 1534 397 1530 397 1519 397 1457 391 1456 391 1408 398 1406 398 1389 386 1387 386 1386 386 1384 386 1274 388 1273 388 1235 401 1207 389 1206 389 1204 389 1203 389 1185 398 1139 391 1137 391 1136 391 1134 391 1116 403 1081 394 1079 394 1078 394 1076 394 1075 394 1063 404 1029 397 1027 397 1026 397 1006 406 1006 407 980 407 968 407 942 394 941 394 939 394 938 394 898 404 843 395 841 395 840 395 838 395 829 404 801 397 800 397 798 397 797 397 764 406 746 397 745 397 743 397 655 411 657 452"/></Shape>
	    <String CONTENT="neſta &amp; ſancta opera verè Chriſtianas mulieres"
                    HPOS="655"
                    VPOS="383"
                    WIDTH="1052"
                    HEIGHT="86"
                    WC="0.985684827287146"></String>
          </TextLine>

          
          
          <TextLine ID="eSc_line_b9aff8e5"
                    TAGREFS="LT4318"
                    BASELINE="657 507 1704 492" 
                    HPOS="655"
                    VPOS="443"
                    WIDTH="1049"
                    HEIGHT="84">
            <Shape><Polygon POINTS="657 519 752 527 754 527 936 519 968 524 969 524 971 524 991 517 997 516 1017 517 1073 523 1075 523 1076 523 1090 517 1097 513 1180 513 1213 516 1249 520 1250 520 1252 520 1270 516 1290 511 1341 516 1380 519 1381 519 1383 519 1393 516 1405 511 1494 514 1533 516 1534 516 1536 516 1537 516 1539 514 1546 508 1702 513 1704 492 1698 449 1685 455 1668 449 1647 443 1646 443 1644 443 1643 443 1628 450 1618 456 1438 458 1415 455 1368 447 1366 447 1203 449 1201 449 1176 459 1173 461 1165 459 1136 455 1134 455 1133 455 1119 461 1116 462 1112 461 1076 450 1075 450 1073 450 1072 450 1032 462 1026 464 1021 464 971 452 969 452 968 452 935 465 919 465 862 466 861 466 834 455 832 455 831 455 829 455 803 462 767 455 765 455 764 455 762 455 751 464 685 461 684 461 682 461 655 469 657 507"/></Shape>
	    <String CONTENT="&amp; religionem profitentes deceant: non autem il¬"
                    HPOS="655"
                    VPOS="443"
                    WIDTH="1049"
                    HEIGHT="84"
                    WC="0.984796724420913"></String>
          </TextLine>

          
          
          <TextLine ID="eSc_line_5f6e4b96"
                    TAGREFS="LT4318"
                    BASELINE="660 565 1714 550" 
                    HPOS="658"
                    VPOS="501"
                    WIDTH="1056"
                    HEIGHT="83">
            <Shape><Polygon POINTS="660 565 660 584 1081 572 1161 575 1256 578 1258 578 1307 572 1332 569 1350 571 1395 577 1396 577 1448 569 1461 568 1469 569 1502 575 1503 575 1537 568 1545 566 1567 566 1671 572 1673 572 1714 563 1714 550 1711 508 1627 501 1625 501 1624 501 1622 501 1612 508 1607 511 1598 508 1583 504 1582 504 1580 504 1579 504 1570 508 1558 516 1515 516 1496 510 1478 504 1476 504 1475 504 1473 504 1457 510 1439 517 1377 517 1338 510 1310 505 1308 505 1307 505 1293 511 1274 519 1252 511 1244 508 1243 508 1241 508 1226 511 1186 520 1157 511 1145 508 1143 508 1142 508 1140 508 1131 511 1109 520 1023 513 987 510 986 510 984 510 977 513 956 522 925 513 916 511 914 511 913 511 895 513 820 524 759 514 755 514 754 514 752 514 751 514 715 526 658 516 660 565"/></Shape>
	    <String CONTENT="le externus veſtitus, quo pudor omnis ab illis"
                    HPOS="658"
                    VPOS="501"
                    WIDTH="1056"
                    HEIGHT="83"
                    WC="0.989541182051534"></String>
          </TextLine>

          
          
          <TextLine ID="eSc_line_10c78940"
                    TAGREFS="LT4318"
                    BASELINE="661 626 1567 612" 
                    HPOS="660"
                    VPOS="563"
                    WIDTH="907"
                    HEIGHT="85">
            <Shape><Polygon POINTS="661 626 661 648 725 640 862 645 935 646 936 646 938 646 953 642 975 636 994 640 1011 645 1012 645 1014 645 1015 645 1036 639 1054 636 1090 639 1161 643 1163 643 1164 643 1165 643 1176 636 1180 633 1203 635 1262 642 1264 642 1466 629 1467 629 1469 629 1530 629 1549 638 1551 638 1552 638 1554 638 1555 638 1567 627 1567 612 1564 575 1464 563 1463 563 1461 563 1435 575 1435 577 1284 577 1283 577 1267 566 1265 566 1264 566 1262 566 1261 566 1259 566 1244 577 1243 578 1234 577 1179 568 1177 568 1176 568 1174 568 1163 578 1160 580 1155 578 1134 569 1133 569 1131 569 1130 569 1112 578 1110 578 1064 569 1063 569 1061 569 1060 569 1060 571 1058 571 1052 578 1051 580 1049 578 1029 571 1027 571 1026 571 1024 571 1023 571 1023 572 1015 580 1012 582 929 582 913 580 875 572 874 572 873 572 855 580 791 574 789 574 788 574 770 581 764 575 764 574 762 574 761 574 759 574 758 574 742 581 731 585 660 582 661 626"/></Shape>
	    <String CONTENT="proiectus &amp; conculcatus videtur exulare."
                    HPOS="660"
                    VPOS="563"
                    WIDTH="907"
                    HEIGHT="85"
                    WC="0.992002971470356"></String>
          </TextLine>

          
          
          <TextLine ID="eSc_line_f333e8bf"
                    TAGREFS="LT4320"
                    BASELINE="724 751 1713 734" 
                    HPOS="722"
                    VPOS="673"
                    WIDTH="991"
                    HEIGHT="101">
            <Shape><Polygon POINTS="724 774 846 762 862 771 865 773 867 773 868 773 978 771 980 771 981 771 986 768 1000 759 1097 765 1164 768 1165 768 1167 768 1168 768 1176 762 1182 759 1201 762 1225 765 1226 765 1287 759 1340 755 1344 758 1353 764 1354 764 1356 764 1357 765 1423 765 1423 764 1505 754 1524 752 1539 754 1618 761 1619 761 1711 748 1713 734 1710 682 1689 673 1688 673 1686 673 1603 685 1601 685 1600 685 1557 673 1555 673 1554 673 1552 673 1551 673 1551 675 1537 687 1497 687 1493 687 1445 675 1444 675 1442 675 1375 676 1374 676 1338 690 1329 681 1328 681 1326 681 1262 678 1261 678 1259 678 1258 678 1241 691 1241 693 1232 693 1219 693 1204 679 1203 679 1201 679 1171 679 1170 679 1168 679 1140 693 1125 684 1124 684 1122 684 1121 684 999 694 980 684 978 684 920 684 919 684 917 684 916 684 916 685 904 696 829 685 828 685 826 685 825 685 810 698 722 700 724 751"/></Shape>
	    <String CONTENT="11 Mulier cum ſilentio diſcito cum o¬"
                    HPOS="722"
                    VPOS="673"
                    WIDTH="991"
                    HEIGHT="101"
                    WC="0.965194336465887"></String>
          </TextLine>

          
          
          <TextLine ID="eSc_line_8318afa7"
                    TAGREFS="LT4320"
                    BASELINE="661 819 1081 813" 
                    HPOS="660"
                    VPOS="755"
                    WIDTH="421"
                    HEIGHT="83">
            <Shape><Polygon POINTS="661 832 762 838 764 838 844 829 852 835 852 837 853 837 855 837 856 837 971 825 980 825 986 825 1048 832 1049 832 1051 832 1081 822 1081 813 1078 764 929 755 928 755 873 764 858 767 855 765 843 756 841 756 840 756 838 756 660 765 661 819"/></Shape>
	    <String CONTENT="mni ſubiectione."
                    HPOS="660"
                    VPOS="755"
                    WIDTH="421"
                    HEIGHT="83"
                    WC="0.998678062111139"></String>
          </TextLine>

          
          
          <TextLine ID="eSc_line_b8f3e82d"
                    TAGREFS="LT4318"
                    BASELINE="719 919 1708 908" 
                    HPOS="718"
                    VPOS="850"
                    WIDTH="990"
                    HEIGHT="83">
            <Shape><Polygon POINTS="1699 862 1698 861 1622 850 1621 850 1619 850 1585 859 1527 852 1525 852 1524 852 1496 862 1467 852 1466 852 1464 852 1463 852 1423 864 1420 865 1354 865 1354 864 1325 853 1323 853 1322 853 1265 865 1261 865 1258 865 1207 855 1206 855 1204 855 1203 855 1203 856 1192 865 1191 865 1109 856 1107 856 1054 867 1051 867 1048 867 1002 856 1000 856 999 856 963 867 957 870 819 870 815 868 806 862 804 862 803 862 801 862 800 862 773 868 768 870 765 868 751 861 749 861 748 861 746 861 718 868 719 919 719 933 1708 922 1708 908 1705 867 1699 862"/></Shape>
	    <String CONTENT="Alterum &amp; ſecundum de mulieribus Chriſtia¬"
                    HPOS="718"
                    VPOS="850"
                    WIDTH="990"
                    HEIGHT="83"
                    WC="0.982312449387142"></String>
          </TextLine>

          
          
          <TextLine ID="eSc_line_f29b6fc6"
                    TAGREFS="LT4318"
                    BASELINE="663 978 1707 966" 
                    HPOS="661"
                    VPOS="922"
                    WIDTH="1046"
                    HEIGHT="78">
            <Shape><Polygon POINTS="663 978 663 991 791 1000 792 1000 794 1000 826 991 837 990 855 991 911 999 913 999 914 999 916 999 916 997 922 991 926 989 971 991 1029 996 1030 996 1032 996 1042 991 1055 986 1185 986 1704 990 1707 966 1704 925 1183 922 1182 922 1060 923 1058 923 1039 932 1036 932 1024 932 936 925 935 925 933 925 899 933 895 933 887 933 825 926 823 926 733 935 727 935 725 935 700 928 699 928 697 928 661 935 663 978"/></Shape>
	    <String CONTENT="nis præceptum, quod ad Eccleſiæ publicíque"
                    HPOS="661"
                    VPOS="922"
                    WIDTH="1046"
                    HEIGHT="78"
                    WC="0.977555638135866"></String>
          </TextLine>

          
          
          <TextLine ID="eSc_line_87332c55"
                    TAGREFS="LT4318"
                    BASELINE="660 1039 1163 1029 1708 1026" 
                    HPOS="658"
                    VPOS="978"
                    WIDTH="1050"
                    HEIGHT="80">
            <Shape><Polygon POINTS="660 1039 660 1051 743 1058 745 1058 746 1058 748 1058 758 1051 834 1057 835 1057 890 1048 899 1048 991 1048 1613 1048 1615 1048 1707 1038 1708 1026 1705 987 1488 978 1487 978 1485 978 1484 978 1467 989 1466 989 1354 981 1353 981 1289 989 1268 981 1267 981 1265 981 1264 981 1262 981 1247 991 1243 991 1164 983 1163 983 1048 993 1014 984 1012 984 1011 984 1009 984 983 994 965 986 963 986 913 986 911 986 777 997 765 997 758 997 696 989 694 989 693 989 658 997 660 1039"/></Shape>
	    <String CONTENT="cœtus politiam &amp; decorum pertinet, Ne in eo lo¬"
                    HPOS="658"
                    VPOS="978"
                    WIDTH="1050"
                    HEIGHT="80"
                    WC="0.977352299588792"></String>
          </TextLine>

          
          
          <TextLine ID="eSc_line_e288daeb"
                    TAGREFS="LT4318"
                    BASELINE="654 1093 1708 1085" 
                    HPOS="652"
                    VPOS="1038"
                    WIDTH="1056"
                    HEIGHT="75">
            <Shape><Polygon POINTS="654 1093 654 1107 861 1113 862 1113 864 1113 878 1107 890 1105 999 1105 1012 1107 1024 1112 1026 1112 1027 1112 1029 1112 1036 1107 1045 1105 1058 1107 1072 1112 1073 1112 1075 1112 1076 1112 1085 1107 1097 1103 1234 1107 1268 1109 1270 1109 1282 1107 1342 1102 1400 1107 1412 1109 1414 1109 1415 1109 1418 1107 1444 1102 1509 1107 1511 1107 1512 1107 1514 1107 1525 1100 1545 1107 1546 1107 1548 1107 1621 1100 1705 1107 1708 1085 1705 1041 1295 1038 1293 1038 1292 1038 1268 1045 1258 1048 1250 1045 1238 1039 1237 1039 1116 1039 1115 1039 1113 1039 1112 1039 1105 1047 1103 1048 1003 1049 997 1048 977 1041 975 1041 880 1041 878 1041 877 1041 859 1049 856 1052 652 1052 654 1093"/></Shape>
	    <String CONTENT="quantur, ſed ſileant, &amp; diſcant. Similis huic locus"
                    HPOS="652"
                    VPOS="1038"
                    WIDTH="1056"
                    HEIGHT="75"
                    WC="0.997435092926025"></String>
          </TextLine>

          
          
          <TextLine ID="eSc_line_f132c397"
                    TAGREFS="LT4318"
                    BASELINE="660 1155 1705 1142" 
                    HPOS="658"
                    VPOS="1090"
                    WIDTH="1047"
                    HEIGHT="86">
            <Shape><Polygon POINTS="660 1155 660 1176 776 1167 871 1173 873 1173 874 1173 892 1165 989 1173 1005 1173 1006 1173 1017 1171 1076 1164 1295 1168 1325 1168 1326 1168 1332 1168 1374 1160 1423 1167 1429 1167 1430 1167 1442 1167 1540 1158 1564 1165 1567 1165 1569 1165 1570 1165 1705 1163 1705 1142 1702 1102 1612 1090 1610 1090 1609 1090 1563 1102 1491 1094 1490 1094 1488 1094 1467 1103 1439 1093 1438 1093 1436 1093 1435 1093 1408 1103 1380 1093 1378 1093 1377 1093 1274 1102 1215 1096 1213 1096 1212 1096 1210 1096 1210 1097 1198 1107 1170 1107 1124 1096 1122 1096 1058 1105 1051 1099 1049 1099 1048 1099 1047 1099 1045 1099 1044 1099 1035 1107 1015 1100 1014 1100 1012 1100 1011 1100 1009 1100 996 1110 965 1110 951 1099 950 1099 948 1099 947 1099 874 1102 873 1102 871 1102 859 1110 798 1100 797 1100 795 1100 771 1113 728 1113 709 1103 707 1103 706 1103 658 1113 660 1155"/></Shape>
	    <String CONTENT="eſt. 1.Corinth.14.verſ.34. Id quod etiam conſilio"
                    HPOS="658"
                    VPOS="1090"
                    WIDTH="1047"
                    HEIGHT="86"></String>
          </TextLine>

          
          
          <TextLine ID="eSc_line_f76ab0dd"
                    TAGREFS="LT4318"
                    BASELINE="661 1213 1243 1203 1704 1206" 
                    HPOS="660"
                    VPOS="1152"
                    WIDTH="1044"
                    HEIGHT="82">
            <Shape><Polygon POINTS="661 1213 661 1223 678 1232 679 1232 681 1234 834 1234 834 1232 835 1232 858 1223 865 1222 947 1225 1110 1229 1112 1229 1113 1229 1115 1229 1119 1225 1125 1221 1163 1225 1183 1226 1185 1226 1207 1225 1264 1219 1273 1225 1274 1226 1276 1226 1277 1226 1279 1226 1314 1225 1445 1218 1511 1225 1524 1226 1525 1226 1534 1225 1588 1216 1606 1225 1607 1225 1609 1226 1702 1226 1704 1206 1702 1163 1601 1152 1600 1152 1598 1152 1564 1161 1536 1152 1534 1152 1533 1152 1531 1152 1496 1163 1460 1154 1458 1154 1457 1154 1456 1154 1424 1163 1331 1155 1329 1155 1328 1155 1307 1164 1237 1155 1235 1155 1234 1155 1232 1155 1218 1165 1130 1165 1087 1157 1085 1157 1084 1157 1082 1157 1067 1165 1044 1157 1042 1157 1041 1157 1039 1157 1008 1167 942 1158 941 1158 939 1158 938 1158 928 1168 877 1168 838 1158 837 1158 835 1158 834 1158 832 1158 816 1168 728 1161 727 1161 725 1161 706 1168 684 1160 682 1160 681 1160 679 1160 660 1168 661 1213"/></Shape>
	    <String CONTENT="Chartaginenſi cap.95. conſtitutum eſt, refertúrq;"
                    HPOS="660"
                    VPOS="1152"
                    WIDTH="1044"
                    HEIGHT="82"
                    WC="0.995634744167328"></String>
          </TextLine>

          
          
          <TextLine ID="eSc_line_505bf5fb"
                    TAGREFS="LT4318"
                    BASELINE="661 1273 1180 1262 1708 1262" 
                    HPOS="660"
                    VPOS="1210"
                    WIDTH="1048"
                    HEIGHT="85">
            <Shape><Polygon POINTS="661 1273 661 1295 737 1295 737 1293 739 1293 740 1293 752 1284 792 1292 800 1293 801 1293 803 1293 806 1292 825 1283 874 1292 886 1293 887 1293 902 1292 963 1281 1047 1281 1072 1289 1075 1290 1076 1290 1078 1290 1079 1290 1084 1289 1115 1280 1168 1280 1180 1289 1182 1290 1183 1290 1185 1290 1186 1290 1342 1289 1344 1289 1345 1289 1348 1286 1357 1280 1392 1286 1412 1289 1414 1289 1415 1289 1417 1289 1420 1286 1432 1277 1502 1277 1521 1284 1528 1287 1530 1287 1531 1287 1561 1284 1612 1277 1627 1283 1632 1286 1634 1286 1635 1286 1708 1281 1708 1262 1707 1222 1616 1222 1601 1210 1600 1210 1598 1210 1597 1210 1262 1225 1209 1215 1118 1215 1116 1215 1115 1215 1113 1215 1113 1216 1102 1226 1069 1216 1067 1216 996 1216 994 1216 993 1216 991 1216 981 1223 965 1216 963 1216 962 1216 960 1216 935 1228 893 1218 892 1218 890 1218 889 1218 887 1218 874 1228 697 1222 696 1222 694 1222 660 1231 661 1273"/></Shape>
	    <String CONTENT="canon. mulier diſtinct. 23. quantumuis docta &amp;"
                    HPOS="660"
                    VPOS="1210"
                    WIDTH="1048"
                    HEIGHT="85"
                    WC="0.984240141899689"></String>
          </TextLine>

          
          
          <TextLine ID="eSc_line_c356fb7a"
                    TAGREFS="LT4318"
                    BASELINE="664 1334 1063 1325" 
                    HPOS="663"
                    VPOS="1271"
                    WIDTH="400"
                    HEIGHT="83">
            <Shape><Polygon POINTS="664 1334 664 1354 797 1344 820 1348 840 1353 841 1353 887 1345 911 1342 929 1344 994 1350 996 1350 1063 1337 1063 1325 1060 1281 996 1271 994 1271 936 1273 935 1273 933 1273 919 1283 917 1283 911 1283 810 1276 809 1276 807 1276 806 1276 797 1284 663 1286 664 1334"/></Shape>
	    <String CONTENT="pia ſit iſta mulier."
                    HPOS="663"
                    VPOS="1271"
                    WIDTH="400"
                    HEIGHT="83"
                    WC="0.97455607354641"></String>
          </TextLine>

          
          
          <TextLine ID="eSc_line_4aae1f2f"
                    TAGREFS="LT4318"
                    BASELINE="724 1387 1707 1375" 
                    HPOS="722"
                    VPOS="1320"
                    WIDTH="985"
                    HEIGHT="86">
            <Shape><Polygon POINTS="757 1332 755 1332 754 1332 752 1332 722 1341 724 1387 724 1405 1027 1406 1029 1406 1066 1400 1073 1399 1075 1400 1082 1406 1084 1406 1085 1406 1087 1406 1163 1399 1176 1397 1180 1397 1212 1405 1213 1405 1256 1397 1264 1396 1274 1396 1334 1402 1335 1402 1337 1402 1350 1395 1351 1395 1362 1395 1430 1402 1432 1402 1574 1392 1582 1392 1585 1392 1632 1399 1634 1399 1707 1389 1707 1375 1705 1329 1693 1320 1692 1320 1690 1320 1592 1320 1591 1320 1589 1320 1588 1320 1574 1331 1555 1322 1554 1322 1552 1322 1457 1332 1381 1323 1380 1323 1310 1334 1249 1325 1247 1325 1090 1337 1069 1328 1067 1328 1066 1328 965 1338 901 1332 899 1332 840 1339 813 1332 812 1332 810 1332 768 1339 758 1332 757 1332"/></Shape>
	    <String CONTENT="Diſsimilia tamen exempla vidẽtur afferri poſ¬"
                    HPOS="722"
                    VPOS="1320"
                    WIDTH="985"
                    HEIGHT="86"
                    WC="0.989183997330458"></String>
          </TextLine>

          
          
          <TextLine ID="eSc_line_8a7182d9"
                    TAGREFS="LT4318"
                    BASELINE="666 1450 1705 1436" 
                    HPOS="664"
                    VPOS="1386"
                    WIDTH="1041"
                    HEIGHT="81">
            <Shape><Polygon POINTS="666 1450 666 1467 1704 1453 1705 1436 1699 1386 1680 1396 1630 1389 1628 1389 1567 1397 1536 1389 1534 1389 1533 1389 1531 1389 1530 1389 1518 1399 1469 1400 1432 1400 1414 1389 1414 1387 1412 1387 1411 1387 1313 1387 1311 1387 1301 1389 1238 1402 1057 1390 1036 1390 1035 1390 1033 1390 1032 1390 1032 1392 1020 1399 984 1393 983 1393 981 1393 936 1405 904 1405 890 1393 889 1393 887 1393 886 1393 884 1393 859 1402 817 1393 816 1393 815 1393 813 1393 776 1405 745 1395 743 1395 664 1395 666 1450"/></Shape>
	    <String CONTENT="ſe. De Debora Iudic. cap. 4. &amp; Olda mulieribus"
                    HPOS="664"
                    VPOS="1386"
                    WIDTH="1041"
                    HEIGHT="81"
                    WC="0.991708033758661"></String>
          </TextLine>

          
          
          <TextLine ID="eSc_line_5ecc851d"
                    TAGREFS="LT4318"
                    BASELINE="667 1505 1708 1494" 
                    HPOS="666"
                    VPOS="1448"
                    WIDTH="1042"
                    HEIGHT="83">
            <Shape><Polygon POINTS="667 1505 669 1531 709 1519 743 1530 745 1530 746 1530 749 1530 798 1522 807 1528 807 1530 809 1530 810 1530 812 1530 920 1528 922 1528 929 1527 957 1518 986 1525 993 1527 994 1527 996 1527 1027 1524 1118 1515 1249 1519 1383 1524 1384 1524 1418 1516 1436 1512 1453 1515 1488 1522 1490 1522 1527 1513 1536 1511 1641 1511 1643 1511 1662 1519 1664 1519 1665 1519 1707 1509 1708 1494 1705 1457 1606 1448 1604 1448 1603 1448 1579 1455 1561 1448 1560 1448 1558 1448 1512 1457 1511 1457 1509 1457 1460 1450 1458 1450 1395 1458 1386 1458 1372 1458 1262 1451 1261 1451 1259 1451 1226 1458 1222 1460 1219 1458 1204 1453 1203 1453 1201 1453 1133 1460 1109 1461 1075 1460 977 1454 975 1454 974 1454 972 1454 962 1460 957 1463 941 1460 908 1455 907 1455 850 1461 815 1464 803 1461 788 1457 786 1457 785 1457 666 1461 667 1505"/></Shape>
	    <String CONTENT="prophetiſsis 2.Reg. 22. verſu 14. quæ in Eccleſia"
                    HPOS="666"
                    VPOS="1448"
                    WIDTH="1042"
                    HEIGHT="83"></String>
          </TextLine>

          
          
          <TextLine ID="eSc_line_9faa0513"
                    TAGREFS="LT4318"
                    BASELINE="666 1563 1708 1552" 
                    HPOS="664"
                    VPOS="1506"
                    WIDTH="1044"
                    HEIGHT="80">
            <Shape><Polygon POINTS="666 1563 666 1577 724 1586 725 1586 996 1574 1020 1574 1023 1574 1052 1583 1054 1583 1055 1583 1261 1582 1262 1582 1284 1571 1286 1571 1295 1571 1380 1580 1381 1580 1383 1580 1384 1580 1398 1571 1417 1579 1418 1579 1420 1579 1421 1579 1442 1570 1445 1570 1540 1570 1554 1579 1555 1579 1557 1579 1558 1579 1560 1579 1577 1569 1580 1569 1707 1569 1708 1552 1705 1518 1569 1506 1567 1506 1566 1506 1564 1506 1554 1513 1424 1508 1423 1508 1421 1508 1374 1519 1301 1512 1299 1512 1258 1521 1155 1511 1154 1511 1152 1511 1151 1511 1142 1519 1130 1513 1128 1513 1127 1513 1035 1522 962 1512 960 1512 905 1524 817 1518 816 1518 715 1525 699 1515 697 1515 696 1515 694 1515 693 1515 664 1525 666 1563"/></Shape>
	    <String CONTENT="docuerunt. Sed reſponſio parata eſt, illa nimirum"
                    HPOS="664"
                    VPOS="1506"
                    WIDTH="1044"
                    HEIGHT="80"
                    WC="0.969500519791428"></String>
          </TextLine>

          
          
          <TextLine ID="eSc_line_972d7564"
                    TAGREFS="LT4318"
                    BASELINE="667 1622 1710 1612" 
                    HPOS="666"
                    VPOS="1566"
                    WIDTH="1044"
                    HEIGHT="81">
            <Shape><Polygon POINTS="667 1622 667 1637 815 1647 816 1647 980 1634 994 1634 1003 1634 1072 1643 1073 1643 1075 1643 1110 1632 1113 1632 1116 1632 1137 1640 1139 1640 1140 1640 1176 1634 1237 1643 1238 1643 1240 1643 1270 1635 1378 1641 1380 1641 1381 1641 1414 1631 1432 1640 1433 1640 1435 1640 1436 1640 1456 1629 1457 1629 1464 1629 1558 1640 1560 1640 1561 1640 1591 1628 1594 1628 1595 1628 1625 1638 1627 1638 1628 1638 1708 1627 1710 1612 1707 1570 1615 1566 1613 1566 1612 1566 1610 1566 1604 1571 1600 1574 1594 1571 1588 1569 1586 1569 1585 1569 1569 1571 1548 1576 1537 1571 1524 1567 1522 1567 1456 1567 1454 1567 1453 1567 1435 1573 1427 1576 1423 1573 1412 1567 1411 1567 1409 1567 1408 1567 1354 1574 1335 1577 1323 1576 1293 1569 1292 1569 1290 1569 1265 1576 1255 1579 1210 1577 1125 1573 1124 1573 1122 1573 1099 1579 1090 1580 1069 1579 972 1571 971 1571 969 1571 951 1580 950 1582 947 1582 920 1573 919 1573 917 1573 853 1582 820 1573 819 1573 817 1573 816 1573 815 1573 815 1574 807 1582 666 1585 667 1622"/></Shape>
	    <String CONTENT="exempla planè eſſe extraordinaria, itaque hæc"
                    HPOS="666"
                    VPOS="1566"
                    WIDTH="1044"
                    HEIGHT="81"
                    WC="0.988192380770393"></String>
          </TextLine>

          
          
          <TextLine ID="eSc_line_0bf6d695"
                    TAGREFS="LT4318"
                    BASELINE="669 1679 1710 1670" 
                    HPOS="667"
                    VPOS="1624"
                    WIDTH="1043"
                    HEIGHT="74">
            <Shape><Polygon POINTS="669 1679 669 1698 1710 1687 1710 1670 1705 1624 1643 1632 1598 1625 1591 1624 1589 1624 1580 1625 1533 1634 1461 1627 1444 1625 1442 1625 1441 1625 1439 1625 1438 1627 1426 1635 1359 1637 1210 1637 1198 1629 1189 1627 1188 1627 1186 1627 1088 1628 1087 1628 1085 1628 1081 1632 1076 1635 1055 1632 1029 1628 1027 1628 1026 1628 1014 1632 1002 1637 984 1632 965 1629 963 1629 962 1629 945 1634 925 1638 875 1635 841 1632 840 1632 822 1635 800 1640 794 1635 789 1631 788 1631 786 1631 785 1631 667 1637 669 1679"/></Shape>
	    <String CONTENT="Pauli præcepta minimè immutare. Affertur etiã"
                    HPOS="667"
                    VPOS="1624"
                    WIDTH="1043"
                    HEIGHT="74"
                    WC="0.99185776964147"></String>
          </TextLine>

          
          
          <TextLine ID="eSc_line_42d2b468"
                    TAGREFS="LT4318"
                    BASELINE="667 1740 1707 1728" 
                    HPOS="666"
                    VPOS="1679"
                    WIDTH="1041"
                    HEIGHT="77">
            <Shape><Polygon POINTS="667 1740 667 1756 1705 1745 1707 1728 1704 1689 1607 1679 1606 1679 1604 1679 1603 1679 1591 1687 1566 1680 1564 1680 1563 1680 1561 1680 1543 1689 1542 1689 1525 1689 1418 1682 1417 1682 1375 1689 1363 1690 1357 1689 1340 1682 1338 1682 1337 1682 1335 1682 1320 1689 1313 1692 1289 1689 1247 1683 1188 1683 1186 1683 1185 1683 1183 1683 1183 1685 1177 1689 1173 1695 1124 1695 1118 1689 1113 1685 1112 1685 1110 1685 1109 1685 1038 1689 972 1693 908 1689 893 1689 892 1689 890 1689 889 1689 877 1696 846 1689 840 1689 838 1689 832 1689 795 1698 782 1689 780 1689 779 1689 777 1689 666 1689 667 1740"/></Shape>
	    <String CONTENT="illud quod Euſeb.lib. 1.devita Conſtantini ſcri¬"
                    HPOS="666"
                    VPOS="1679"
                    WIDTH="1041"
                    HEIGHT="77"
                    WC="0.987011956671874"></String>
          </TextLine>

          
          
          <TextLine ID="eSc_line_032ee19e"
                    TAGREFS="LT4318"
                    BASELINE="669 1798 1707 1786" 
                    HPOS="669"
                    VPOS="1737"
                    WIDTH="1038"
                    HEIGHT="87">
            <Shape><Polygon POINTS="669 1824 800 1812 908 1818 910 1818 989 1811 1033 1817 1055 1820 1057 1820 1076 1817 1096 1812 1145 1815 1189 1817 1191 1817 1192 1817 1194 1817 1197 1814 1204 1808 1250 1812 1296 1817 1298 1817 1299 1817 1311 1811 1322 1806 1351 1811 1389 1815 1390 1815 1392 1815 1406 1809 1414 1806 1454 1808 1564 1814 1566 1814 1567 1814 1569 1814 1582 1805 1585 1804 1591 1805 1615 1812 1616 1812 1618 1812 1705 1802 1707 1786 1704 1745 1656 1737 1655 1737 1653 1737 1624 1745 1616 1747 1609 1745 1577 1737 1576 1737 1574 1737 1536 1745 1524 1748 1518 1745 1502 1738 1500 1738 1499 1738 1497 1738 1482 1745 1476 1750 1430 1750 1423 1747 1412 1740 1411 1740 1409 1740 1372 1740 1371 1740 1369 1740 1368 1740 1357 1747 1350 1751 1287 1751 1277 1747 1265 1741 1264 1741 1262 1741 1228 1747 1204 1751 1198 1747 1189 1741 1188 1741 1186 1741 1185 1741 1183 1741 1182 1741 1174 1747 1168 1753 1155 1747 1142 1743 1140 1743 1139 1743 1137 1743 1136 1743 1128 1748 1119 1753 1052 1748 993 1744 991 1744 990 1744 978 1748 962 1754 947 1748 938 1745 936 1745 855 1745 853 1745 834 1750 795 1759 748 1759 731 1750 725 1747 724 1747 722 1747 721 1747 709 1750 682 1757 670 1750 669 1798 669 1824"/></Shape>
	    <String CONTENT="pſit, mulieres eligere è ſuo ſexu ſolitas fuiſſe ali¬"
                    HPOS="669"
                    VPOS="1737"
                    WIDTH="1038"
                    HEIGHT="87"
                    WC="0.971685282610081"></String>
          </TextLine>

          
          
          <TextLine ID="eSc_line_bb0b1f5c"
                    TAGREFS="LT4318"
                    BASELINE="667 1854 1708 1845" 
                    HPOS="666"
                    VPOS="1799"
                    WIDTH="1042"
                    HEIGHT="79">
            <Shape><Polygon POINTS="667 1854 667 1869 685 1878 687 1878 688 1878 731 1869 831 1878 832 1878 834 1878 858 1869 1000 1873 1002 1873 1003 1873 1005 1873 1015 1866 1289 1873 1290 1873 1292 1873 1293 1873 1304 1866 1351 1872 1353 1872 1395 1863 1531 1872 1533 1872 1534 1872 1536 1872 1552 1862 1667 1870 1668 1870 1670 1870 1708 1859 1708 1845 1707 1811 1674 1799 1673 1799 1671 1799 1670 1799 1668 1799 1652 1809 1576 1799 1574 1799 1500 1811 1487 1801 1485 1801 1484 1801 1482 1801 1421 1811 1405 1801 1403 1801 1402 1801 1360 1801 1359 1801 1305 1802 1304 1802 1282 1812 1237 1805 1235 1805 1234 1805 1232 1805 1222 1812 1206 1802 1204 1802 1203 1802 1201 1802 1160 1811 1091 1804 1090 1804 1088 1804 1066 1814 978 1805 977 1805 975 1805 974 1805 974 1806 962 1815 962 1817 925 1817 925 1815 914 1806 913 1806 911 1806 910 1806 908 1806 880 1815 853 1808 852 1808 850 1808 806 1817 801 1818 666 1818 667 1854"/></Shape>
	    <String CONTENT="quas, quæ eas docerẽt ne in publicis cõgreſſioni¬"
                    HPOS="666"
                    VPOS="1799"
                    WIDTH="1042"
                    HEIGHT="79"
                    WC="0.995807735358967"></String>
          </TextLine>

          
          
          <TextLine ID="eSc_line_496b3d50"
                    TAGREFS="LT4318"
                    BASELINE="667 1915 1702 1903" 
                    HPOS="666"
                    VPOS="1857"
                    WIDTH="1036"
                    HEIGHT="73">
            <Shape><Polygon POINTS="667 1915 667 1930 1572 1930 1572 1928 1701 1917 1702 1903 1699 1869 1574 1857 1573 1857 1527 1867 1521 1870 1427 1870 1420 1867 1400 1860 1399 1860 1317 1859 1316 1859 1314 1859 1286 1867 1273 1872 1259 1867 1238 1860 1237 1860 1235 1860 1234 1860 1210 1867 1195 1872 1177 1867 1151 1862 1149 1862 1096 1867 1078 1869 1072 1867 1055 1862 1054 1862 1052 1862 1051 1862 1036 1867 1015 1876 975 1876 966 1867 963 1866 963 1864 962 1864 960 1864 959 1864 904 1867 813 1872 803 1867 797 1864 795 1864 794 1864 792 1864 791 1864 788 1867 773 1879 730 1879 666 1867 667 1915"/></Shape>
	    <String CONTENT="bus cõuenirent cũ viris, quod Licinij imperato¬"
                    HPOS="666"
                    VPOS="1857"
                    WIDTH="1036"
                    HEIGHT="73"
                    WC="0.990325337770034"></String>
          </TextLine>

          
          
          <TextLine ID="eSc_line_920ecec2"
                    TAGREFS="LT4318"
                    BASELINE="667 1973 1707 1961" 
                    HPOS="666"
                    VPOS="1911"
                    WIDTH="1041"
                    HEIGHT="84">
            <Shape><Polygon POINTS="667 1973 667 1988 748 1988 749 1988 764 1995 765 1995 767 1995 810 1988 822 1985 1705 1982 1707 1961 1705 1922 1682 1911 1680 1911 1679 1911 1677 1911 1658 1921 1643 1914 1641 1914 1640 1914 1512 1924 1494 1915 1493 1915 1491 1915 1398 1925 1320 1914 1319 1914 1317 1914 1316 1914 1316 1915 1308 1921 1234 1915 1232 1915 1231 1915 1209 1927 1192 1915 1191 1915 1189 1915 1188 1915 999 1930 983 1918 981 1918 980 1918 926 1918 925 1918 890 1920 889 1920 887 1920 873 1931 679 1921 678 1921 676 1921 675 1921 675 1922 666 1930 667 1973"/></Shape>
	    <String CONTENT="ris Rom. edicto, &amp; lege in Syria ſimul cum viris"
                    HPOS="666"
                    VPOS="1911"
                    WIDTH="1041"
                    HEIGHT="84"
                    WC="0.98771812270085"></String>
          </TextLine>

          
          
          <TextLine ID="eSc_line_002842fd"
                    TAGREFS="LT4318"
                    BASELINE="667 2031 1714 2021" 
                    HPOS="666"
                    VPOS="1972"
                    WIDTH="1048"
                    HEIGHT="81">
            <Shape><Polygon POINTS="667 2031 667 2044 813 2053 815 2053 816 2053 841 2044 1412 2047 1414 2047 1621 2037 1631 2037 1634 2037 1680 2044 1682 2044 1683 2044 1714 2036 1714 2021 1711 1986 1677 1986 1649 1972 1647 1972 1646 1972 1644 1972 1621 1982 1512 1973 1511 1973 1448 1986 1389 1976 1387 1976 1386 1976 1363 1988 1286 1975 1284 1975 1283 1975 1282 1975 1282 1976 1271 1985 1246 1976 1244 1976 1243 1976 1241 1976 1240 1976 1224 1989 1160 1976 1158 1976 1157 1976 1155 1976 1139 1991 1024 1991 1005 1978 1003 1978 1002 1978 978 1978 977 1978 975 1978 974 1978 951 1992 931 1979 929 1979 928 1979 867 1979 865 1979 864 1979 862 1979 840 1994 806 1994 761 1980 759 1980 691 1980 690 1980 688 1980 687 1980 666 1992 667 2031"/></Shape>
	    <String CONTENT="cõgregari &amp; cõuenire vetabãtur. Sed reſponde¬"
                    HPOS="666"
                    VPOS="1972"
                    WIDTH="1048"
                    HEIGHT="81"
                    WC="0.981460911532243"></String>
          </TextLine>

          
          
          <TextLine ID="eSc_line_af9f828b"
                    TAGREFS="LT4318"
                    BASELINE="667 2088 1711 2082" 
                    HPOS="666"
                    VPOS="2033"
                    WIDTH="1045"
                    HEIGHT="77">
            <Shape><Polygon POINTS="667 2088 667 2099 925 2110 926 2110 928 2110 929 2110 939 2102 944 2099 1198 2104 1448 2107 1450 2107 1478 2105 1573 2096 1635 2104 1637 2104 1638 2104 1655 2096 1664 2105 1665 2105 1667 2105 1668 2107 1710 2107 1711 2082 1708 2033 1610 2033 1609 2033 1607 2033 1606 2033 1592 2043 1582 2036 1580 2036 1579 2036 1577 2036 1576 2036 1551 2044 1524 2036 1522 2036 1521 2036 1519 2036 1502 2043 1426 2037 1424 2037 1423 2037 1421 2037 1411 2047 1353 2047 1314 2037 1305 2034 1304 2034 1302 2034 1287 2037 1258 2043 1237 2037 1226 2034 1225 2034 1224 2034 1078 2037 1076 2037 1075 2037 1072 2038 1058 2049 908 2049 898 2041 893 2037 892 2037 890 2037 889 2037 841 2041 770 2049 666 2044 667 2088"/></Shape>
	    <String CONTENT="mus, Illud præter morẽ Eccleſiæ, &amp; præter Dei"
                    HPOS="666"
                    VPOS="2033"
                    WIDTH="1045"
                    HEIGHT="77"
                    WC="0.995939418025639"></String>
          </TextLine>

          
          
          <TextLine ID="eSc_line_4e22a521"
                    TAGREFS="LT4318"
                    BASELINE="669 2149 1707 2140" 
                    HPOS="667"
                    VPOS="2088"
                    WIDTH="1040"
                    HEIGHT="96">
            <Shape><Polygon POINTS="669 2149 669 2184 816 2184 816 2183 817 2183 825 2180 864 2168 916 2175 917 2175 993 2168 1009 2177 1011 2177 1012 2177 1014 2177 1015 2177 1017 2177 1045 2166 1124 2166 1140 2174 1152 2180 1154 2180 1155 2180 1157 2180 1183 2174 1218 2165 1277 2165 1301 2171 1328 2178 1329 2178 1331 2178 1332 2178 1356 2169 1375 2163 1393 2169 1418 2177 1420 2177 1421 2177 1563 2175 1564 2175 1566 2175 1580 2165 1585 2162 1598 2165 1632 2172 1634 2172 1707 2162 1707 2140 1704 2104 1574 2088 1573 2088 1572 2088 1528 2104 1426 2095 1424 2095 1368 2104 1328 2092 1326 2092 1325 2092 1256 2105 1225 2091 1224 2091 1186 2091 1185 2091 941 2094 939 2094 914 2104 875 2096 874 2096 873 2096 828 2110 798 2101 797 2101 795 2101 794 2101 792 2101 780 2111 716 2111 691 2095 690 2095 688 2095 687 2095 685 2095 684 2095 667 2108 669 2149"/></Shape>
	    <String CONTENT="præcepta iuſſum eſſe à Licinio homine profano,"
                    HPOS="667"
                    VPOS="2088"
                    WIDTH="1040"
                    HEIGHT="96"
                    WC="0.995032635140926"></String>
          </TextLine>

          
        </TextBlock>
        
        <TextBlock HPOS="1643.5404052734375"
                   VPOS="2166.593505859375"
                   WIDTH="71.7943115234375"
                   HEIGHT="53.2666015625"
                   ID="block_2"
                   TAGREFS="BT10978">
          <Shape><Polygon POINTS="1643.54 2166.59 1715.33 2166.59 1715.33 2219.86 1643.54 2219.86 1643.54 2166.59"/></Shape>
          
          
          <TextLine ID="eSc_line_016e946f"
                    TAGREFS="LT4318"
                    BASELINE="1659 2201 1711 2198" 
                    HPOS="1655"
                    VPOS="2156"
                    WIDTH="56"
                    HEIGHT="79">
            <Shape><Polygon POINTS="1659 2201 1661 2235 1711 2224 1711 2198 1707 2156 1655 2156 1659 2201"/></Shape>
	    <String CONTENT="vt"
                    HPOS="1655"
                    VPOS="2156"
                    WIDTH="56"
                    HEIGHT="79"></String>
          </TextLine>

          
        </TextBlock>
        

        
      </PrintSpace>
    </Page>
  </Layout>
</alto>
