<?xml version="1.0" encoding="UTF-8"?>
<alto xmlns:xsi="http://www.w3.org/2001/XMLSchema-instance"
      xmlns="http://www.loc.gov/standards/alto/ns-v4#"
      xsi:schemaLocation="http://www.loc.gov/standards/alto/ns-v4# http://www.loc.gov/standards/alto/v4/alto-4-2.xsd">
  <Description>
    <MeasurementUnit>pixel</MeasurementUnit>
    <sourceImageInformation>
      <fileName>2012955.png</fileName>
      
    </sourceImageInformation>
  </Description>
  
  <Tags>
    <OtherTag ID="BT10983" LABEL="GraphicZone" DESCRIPTION="block type GraphicZone"/><OtherTag ID="BT10982" LABEL="DropCapitalZone" DESCRIPTION="block type DropCapitalZone"/><OtherTag ID="BT10981" LABEL="RunningTitleZone" DESCRIPTION="block type RunningTitleZone"/><OtherTag ID="BT10980" LABEL="NumberingZone" DESCRIPTION="block type NumberingZone"/><OtherTag ID="BT10979" LABEL="TitlePageZone" DESCRIPTION="block type TitlePageZone"/><OtherTag ID="BT10978" LABEL="QuireMarksZone" DESCRIPTION="block type QuireMarksZone"/><OtherTag ID="BT10977" LABEL="MainZone" DESCRIPTION="block type MainZone"/><OtherTag ID="BT10976" LABEL="MarginTextZone" DESCRIPTION="block type MarginTextZone"/>
    <OtherTag ID="LT4321" LABEL="default" DESCRIPTION="line type default"/><OtherTag ID="LT4319" LABEL="HeadingLine" DESCRIPTION="line type HeadingLine"/><OtherTag ID="LT4318" LABEL="DefaultLine" DESCRIPTION="line type DefaultLine"/><OtherTag ID="LT4320" LABEL="CustomLine : BiblicalText" DESCRIPTION="line type CustomLine : BiblicalText"/>
  </Tags>
  
  <Layout>
    <Page WIDTH="1807"
          HEIGHT="2677"
          PHYSICAL_IMG_NR="2"
          ID="eSc_dummypage_">
      <PrintSpace HPOS="0"
                  VPOS="0"
                  WIDTH="1807"
                  HEIGHT="2677">
        
        <TextBlock HPOS="447.9168395996094"
                   VPOS="179.9241943359375"
                   WIDTH="355.2964172363281"
                   HEIGHT="58.656005859375"
                   ID="block_0"
                   TAGREFS="BT10981">
          <Shape><Polygon POINTS="447.917 179.924 803.213 179.924 803.213 238.58 447.917 238.58 447.917 179.924"/></Shape>
          
          
          <TextLine ID="eSc_line_c5c07715"
                    TAGREFS="LT4319"
                    BASELINE="447 220 794 221" 
                    HPOS="443"
                    VPOS="176"
                    WIDTH="348"
                    HEIGHT="64">
            <Shape><Polygon POINTS="778 180 756 180 733 180 711 180 689 180 667 180 644 180 622 180 600 180 577 180 555 180 533 180 510 180 488 180 466 180 446 176 446 218 443 232 787 240 791 220 787 180 778 180"/></Shape>
	    <String CONTENT="CAPVT II."
                    HPOS="443"
                    VPOS="176"
                    WIDTH="348"
                    HEIGHT="64"
                    WC="0.9980681737264"></String>
          </TextLine>

          
        </TextBlock>
        
        <TextBlock HPOS="1101.9349365234375"
                   VPOS="183.80569458007812"
                   WIDTH="66.428955078125"
                   HEIGHT="55.309173583984375"
                   ID="block_1"
                   TAGREFS="BT10980">
          <Shape><Polygon POINTS="1101.93 183.806 1168.36 183.806 1168.36 239.115 1101.93 239.115 1101.93 183.806"/></Shape>
          
          
          <TextLine ID="eSc_line_1148d293"
                    TAGREFS="LT4318"
                    BASELINE="1107 226 1164 229" 
                    HPOS="1106"
                    VPOS="179"
                    WIDTH="58"
                    HEIGHT="69">
            <Shape><Polygon POINTS="1154 181 1139 179 1124 181 1109 182 1107 226 1106 243 1161 248 1164 229 1163 187 1154 181"/></Shape>
	    <String CONTENT="45"
                    HPOS="1106"
                    VPOS="179"
                    WIDTH="58"
                    HEIGHT="69"
                    WC="0.992386400699615"></String>
          </TextLine>

          
        </TextBlock>
        
        <TextBlock HPOS="97.187255859375"
                   VPOS="240.124755859375"
                   WIDTH="1077.6905517578125"
                   HEIGHT="1951.29931640625"
                   ID="block_2"
                   TAGREFS="BT10977">
          <Shape><Polygon POINTS="97.1873 240.125 1174.88 240.125 1174.88 2191.42 97.1873 2191.42 97.1873 240.125"/></Shape>
          
          
          <TextLine ID="eSc_line_396cdb11"
                    TAGREFS="LT4318"
                    BASELINE="113 292 1165 284" 
                    HPOS="111"
                    VPOS="230"
                    WIDTH="1054"
                    HEIGHT="88">
            <Shape><Polygon POINTS="206 239 184 251 113 251 111 254 113 292 113 318 287 307 294 313 295 313 297 313 298 313 474 306 507 313 508 313 510 313 511 313 527 306 550 313 551 313 553 313 685 304 767 313 768 313 895 303 917 310 919 310 920 312 1164 312 1165 284 1163 243 1006 230 1005 230 963 232 962 232 960 232 942 245 761 245 696 233 694 233 693 233 670 245 588 237 587 237 585 237 584 237 572 246 559 234 557 234 556 234 519 234 517 234 516 234 492 245 472 236 471 236 469 236 294 248 220 237 215 239"/></Shape>
	    <String CONTENT="pandens, vt auxilium ab eo impetremus. Id colli¬"
                    HPOS="111"
                    VPOS="230"
                    WIDTH="1054"
                    HEIGHT="88"
                    WC="0.984679751098156"></String>
          </TextLine>

          
          
          <TextLine ID="eSc_line_1c2e45cb"
                    TAGREFS="LT4318"
                    BASELINE="116 352 1136 343" 
                    HPOS="114"
                    VPOS="297"
                    WIDTH="1022"
                    HEIGHT="77">
            <Shape><Polygon POINTS="116 352 116 374 159 365 197 374 203 374 205 374 206 374 208 374 208 373 217 365 282 371 284 371 285 371 303 364 321 371 322 371 324 371 327 371 365 364 423 370 453 373 455 373 489 368 542 362 562 368 575 371 577 371 578 371 580 371 590 367 602 362 614 367 621 370 623 370 624 370 643 367 673 361 730 365 792 370 794 370 853 364 877 361 896 362 957 368 959 368 960 368 974 361 980 359 1136 359 1136 343 1133 312 956 312 941 298 941 297 939 297 938 297 878 297 877 297 875 297 834 312 774 300 773 300 771 300 739 309 707 298 706 298 642 298 641 298 569 315 432 301 431 301 429 301 428 301 408 315 391 306 389 306 388 306 386 306 361 316 342 303 340 303 339 303 285 301 284 301 282 301 281 301 263 315 233 304 232 304 230 304 229 304 203 312 148 303 147 303 145 303 114 318 116 352"/></Shape>
	    <String CONTENT="gitur ex Tertulliano, &amp; Pſal. 142.verſ.2"
                    HPOS="114"
                    VPOS="297"
                    WIDTH="1022"
                    HEIGHT="77"
                    WC="0.986715406179428"></String>
          </TextLine>

          
          
          <TextLine ID="eSc_line_edabf2a7"
                    TAGREFS="LT4318"
                    BASELINE="123 408 1161 406" 
                    HPOS="121"
                    VPOS="355"
                    WIDTH="1040"
                    HEIGHT="77">
            <Shape><Polygon POINTS="123 408 123 423 348 432 349 432 350 432 379 423 380 423 385 423 466 432 468 432 469 432 498 423 499 423 608 431 609 431 611 431 612 431 621 422 642 422 755 422 762 422 844 431 846 431 916 422 917 422 919 422 962 431 963 431 1047 423 1057 431 1058 431 1060 431 1061 432 1136 432 1136 431 1137 431 1161 420 1161 406 1160 362 1148 355 1146 355 1145 355 1081 355 1079 355 1078 355 1061 364 1051 355 1049 355 1048 355 1005 355 1003 355 1002 355 977 365 968 370 965 365 954 358 954 356 953 356 951 356 950 356 948 356 929 367 928 367 905 355 904 355 902 355 901 355 875 365 813 358 812 358 810 358 779 367 771 370 768 368 751 356 749 356 748 356 746 356 713 362 699 355 697 355 696 355 694 355 693 355 678 368 676 368 675 368 584 356 582 356 581 356 580 356 565 370 562 373 465 373 462 370 437 358 435 358 434 358 383 370 331 356 330 356 328 356 327 356 294 371 294 373 285 373 246 373 211 358 209 358 208 358 206 358 176 373 121 373 123 408"/></Shape>
	    <String CONTENT="QQuotuplex autem ſit oratio quæritur, Reſp."
                    HPOS="121"
                    VPOS="355"
                    WIDTH="1040"
                    HEIGHT="77"
                    WC="0.978276998497719"></String>
          </TextLine>

          
          
          <TextLine ID="eSc_line_397b02d6"
                    TAGREFS="LT4318"
                    BASELINE="116 466 1165 462" 
                    HPOS="114"
                    VPOS="413"
                    WIDTH="1051"
                    HEIGHT="79">
            <Shape><Polygon POINTS="116 466 116 489 234 483 243 489 246 490 248 490 249 490 251 492 365 492 365 490 391 487 417 483 438 486 462 490 464 490 486 486 510 481 618 484 757 489 758 489 809 483 834 480 899 481 1061 487 1063 487 1164 478 1165 462 1161 422 1107 428 1069 420 1041 416 1039 416 1038 416 1026 420 1008 429 941 429 931 420 923 413 922 413 920 413 865 413 864 413 862 413 841 420 812 429 719 422 718 422 681 429 654 419 642 414 641 414 639 414 638 414 636 414 632 419 618 431 557 431 536 419 535 419 533 419 532 419 493 428 481 419 481 417 480 417 478 417 368 416 367 416 365 416 361 417 328 431 297 417 295 417 294 417 292 417 291 417 290 417 249 429 211 417 206 416 205 416 203 416 114 416 116 466"/></Shape>
	    <String CONTENT="Eſt duplex, Implorans eáq; pro nobis, vt Bona"
                    HPOS="114"
                    VPOS="413"
                    WIDTH="1051"
                    HEIGHT="79"
                    WC="0.983617205982623"></String>
          </TextLine>

          
          
          <TextLine ID="eSc_line_3234f8b3"
                    TAGREFS="LT4318"
                    BASELINE="116 523 1167 520" 
                    HPOS="114"
                    VPOS="475"
                    WIDTH="1053"
                    HEIGHT="72">
            <Shape><Polygon POINTS="116 523 116 542 544 547 545 547 606 544 745 538 764 545 767 545 768 545 770 545 788 545 902 538 939 545 944 545 945 545 947 545 948 545 968 538 1014 545 1017 545 1018 545 1020 545 1045 538 1097 545 1100 545 1102 545 1103 545 1134 538 1163 545 1167 520 1164 489 1125 489 1125 487 1106 475 1105 475 1103 475 990 475 989 475 987 475 963 487 944 475 942 475 941 475 892 475 890 475 889 475 887 475 868 487 868 489 834 489 834 487 817 477 816 477 815 477 813 477 812 477 788 487 701 478 700 478 658 487 629 478 627 478 626 478 624 478 594 487 591 489 590 487 569 477 568 477 566 477 565 477 563 477 547 487 544 490 426 490 423 487 408 477 407 477 406 477 373 477 371 477 370 477 368 477 353 487 350 490 258 490 255 487 239 477 237 477 236 477 129 477 127 477 126 477 124 477 114 483 116 523"/></Shape>
	    <String CONTENT="det Deus, Mala auertat &amp; auerruncet: vel pro"
                    HPOS="114"
                    VPOS="475"
                    WIDTH="1053"
                    HEIGHT="72"
                    WC="0.988770159808072"></String>
          </TextLine>

          
          
          <TextLine ID="eSc_line_84243a55"
                    TAGREFS="LT4318"
                    BASELINE="113 582 1164 580" 
                    HPOS="111"
                    VPOS="532"
                    WIDTH="1053"
                    HEIGHT="76">
            <Shape><Polygon POINTS="113 582 113 597 141 606 142 606 144 606 237 599 264 597 273 599 304 608 306 608 307 608 392 600 397 600 398 600 408 608 410 608 411 608 413 608 484 600 498 600 508 602 553 608 554 608 556 608 571 602 582 597 597 602 608 605 609 605 611 605 645 602 724 596 773 603 794 606 795 606 809 603 843 596 938 596 951 603 953 603 954 603 956 603 957 603 974 596 1122 596 1160 606 1164 580 1161 547 1079 544 1061 532 1060 532 1058 532 1023 532 1021 532 1020 532 1018 532 1005 542 932 532 931 532 929 532 898 547 800 547 758 532 757 532 638 532 636 532 635 532 596 547 556 533 554 533 553 533 551 533 514 548 345 548 331 536 331 535 330 535 328 535 327 535 325 535 298 541 260 533 258 533 220 536 218 536 217 536 205 547 147 535 145 535 144 535 111 547 113 582"/></Shape>
	    <String CONTENT="aliis. Et Agens gratias, Eſt Εὐχαριστία Pſal.22."
                    HPOS="111"
                    VPOS="532"
                    WIDTH="1053"
                    HEIGHT="76"></String>
          </TextLine>

          
          
          <TextLine ID="eSc_line_1cac1b45"
                    TAGREFS="LT4318"
                    BASELINE="166 643 1167 635" 
                    HPOS="165"
                    VPOS="590"
                    WIDTH="1002"
                    HEIGHT="80">
            <Shape><Polygon POINTS="166 643 166 657 203 669 205 669 206 670 275 670 275 669 276 669 278 669 292 658 336 664 337 664 339 664 340 664 348 657 349 657 417 657 419 657 431 667 432 667 434 667 435 667 437 667 459 657 461 657 462 657 493 667 495 667 496 667 588 657 605 655 617 657 663 664 664 664 730 657 757 654 767 657 792 664 794 664 795 664 852 657 865 655 878 657 936 663 938 663 972 657 999 651 1017 657 1032 661 1033 661 1035 661 1069 657 1097 652 1165 655 1167 635 1164 599 1127 590 1125 590 1124 590 1109 599 1103 602 980 602 972 599 960 593 959 593 957 593 956 593 938 599 926 602 919 599 905 591 904 591 902 591 859 599 853 599 850 599 834 591 832 591 831 591 792 599 762 603 715 599 666 593 664 593 663 593 642 599 623 603 612 599 603 594 602 594 600 594 599 594 597 594 591 599 580 606 501 606 486 599 480 596 478 596 477 596 475 596 471 599 453 608 331 608 304 599 301 597 300 597 298 597 297 597 292 599 260 608 246 599 246 597 245 597 243 597 242 597 165 597 166 643"/></Shape>
	    <String CONTENT="Quæ inuocat &amp; petit αἴτησις appelletur nomi¬"
                    HPOS="165"
                    VPOS="590"
                    WIDTH="1002"
                    HEIGHT="80"></String>
          </TextLine>

          
          
          <TextLine ID="eSc_line_e85d4fe1"
                    TAGREFS="LT4318"
                    BASELINE="113 701 1164 694" 
                    HPOS="111"
                    VPOS="649"
                    WIDTH="1053"
                    HEIGHT="79">
            <Shape><Polygon POINTS="113 701 113 718 218 728 220 728 221 728 223 728 236 718 237 718 318 718 322 718 350 727 352 727 353 727 420 716 423 716 426 716 465 727 466 727 468 727 469 727 471 727 484 716 605 715 661 715 685 725 687 725 688 727 737 727 737 725 739 725 740 725 755 713 757 713 776 724 777 724 779 725 856 725 856 724 858 724 884 713 886 713 890 713 1002 722 1003 722 1005 722 1006 722 1020 712 1021 712 1163 712 1164 694 1161 655 1109 649 1107 649 1106 649 1105 649 1105 651 1099 655 1093 661 1058 661 1048 655 1032 649 1030 649 953 649 951 649 950 649 926 658 914 661 898 658 870 652 868 652 867 652 844 658 835 661 832 658 823 652 823 651 822 651 820 651 745 651 743 651 742 651 721 660 716 663 712 660 701 652 700 652 699 652 578 652 577 652 575 652 574 652 574 654 563 663 562 664 408 664 404 664 334 654 333 654 331 654 304 666 303 666 301 666 278 658 276 658 275 658 111 667 113 701"/></Shape>
	    <String CONTENT="ne generali, &amp; oratio ſiue ἀχὴ  Quæ verò pro no¬"
                    HPOS="111"
                    VPOS="649"
                    WIDTH="1053"
                    HEIGHT="79"></String>
          </TextLine>

          
          
          <TextLine ID="eSc_line_adfd1958"
                    TAGREFS="LT4318"
                    BASELINE="114 761 1165 754" 
                    HPOS="113"
                    VPOS="706"
                    WIDTH="1052"
                    HEIGHT="80">
            <Shape><Polygon POINTS="114 761 114 776 313 786 315 786 385 776 386 776 410 785 411 785 413 786 492 786 492 785 542 774 556 773 584 774 643 779 645 779 716 774 759 771 765 774 779 780 780 780 782 780 783 780 806 774 815 771 825 773 861 782 862 782 1165 771 1165 754 1163 719 1112 707 1110 707 1109 707 1078 718 1051 706 1049 706 1048 706 1047 706 1032 713 1012 706 1011 706 1009 706 1008 706 1006 706 990 716 896 707 895 707 893 707 858 716 846 721 742 722 661 722 651 716 639 710 638 710 636 710 612 715 588 721 527 715 475 710 474 710 472 710 462 715 446 722 437 715 432 710 431 710 429 710 373 710 371 710 370 710 368 710 364 713 350 724 310 725 282 725 267 713 266 712 264 712 263 712 230 712 229 712 227 712 226 712 224 713 211 722 113 713 114 761"/></Shape>
	    <String CONTENT="bis ipſis poſtulat à Deo bona προς ἀχὴ  dicitur, vt"
                    HPOS="113"
                    VPOS="706"
                    WIDTH="1052"
                    HEIGHT="80"></String>
          </TextLine>

          
          
          <TextLine ID="eSc_line_4981cd25"
                    TAGREFS="LT4318"
                    BASELINE="111 820 1163 812" 
                    HPOS="110"
                    VPOS="767"
                    WIDTH="1053"
                    HEIGHT="77">
            <Shape><Polygon POINTS="111 820 111 834 284 844 285 844 374 837 414 843 416 843 477 832 559 841 560 841 672 831 759 840 761 840 812 831 936 838 938 838 939 838 941 838 950 831 1128 834 1130 834 1131 834 1163 825 1163 812 1158 771 1091 779 1073 771 1064 767 1063 767 1061 767 1060 767 1047 771 1024 779 1002 771 989 767 987 767 986 767 984 767 965 771 931 782 754 782 740 773 739 771 737 771 736 771 734 771 733 771 731 771 731 773 730 773 719 783 685 783 652 773 638 770 636 770 635 770 590 774 493 783 475 774 469 771 468 771 466 771 465 771 464 771 461 774 450 783 398 785 324 776 300 773 298 773 297 773 288 776 269 782 251 776 245 774 243 774 242 774 240 774 239 774 237 776 224 783 211 776 206 774 205 774 203 774 110 776 111 820"/></Shape>
	    <String CONTENT="Pſal 61. Quæ petit vt à nobis auerruncentur &amp; a¬"
                    HPOS="110"
                    VPOS="767"
                    WIDTH="1053"
                    HEIGHT="77"
                    WC="0.965983283154819"></String>
          </TextLine>

          
          
          <TextLine ID="eSc_line_8029075f"
                    TAGREFS="LT4318"
                    BASELINE="108 880 824 881" 
                    HPOS="107"
                    VPOS="825"
                    WIDTH="716"
                    HEIGHT="85">
            <Shape><Polygon POINTS="107 878 107 910 399 910 399 907 423 903 455 896 564 901 769 907 771 907 774 907 823 894 823 878 820 825 751 838 704 825 702 825 700 825 588 825 586 825 584 825 582 825 582 827 566 838 508 827 495 825 493 825 490 825 479 827 437 838 399 827 394 827 392 827 390 827 388 827 385 827 359 838 107 832 107 878"/></Shape>
	    <String CONTENT="bigantur mala, δένσις vti Pſal. 14o."
                    HPOS="107"
                    VPOS="825"
                    WIDTH="716"
                    HEIGHT="85"
                    WC="0.975377171426206"></String>
          </TextLine>

          
          
          <TextLine ID="eSc_line_7a7500a6"
                    TAGREFS="LT4318"
                    BASELINE="176 938 1165 929" 
                    HPOS="175"
                    VPOS="881"
                    WIDTH="990"
                    HEIGHT="81">
            <Shape><Polygon POINTS="176 938 176 951 318 962 319 962 321 962 322 962 340 951 342 950 342 951 361 960 362 960 364 960 419 951 504 960 505 960 577 948 581 948 582 948 594 959 596 959 597 959 599 960 635 960 635 959 636 959 667 948 672 947 746 947 749 947 773 957 774 957 776 957 777 957 797 947 798 947 815 947 978 951 980 951 1021 945 1032 944 1036 945 1064 954 1066 954 1067 956 1146 956 1146 954 1148 954 1149 954 1165 944 1165 929 1161 881 1091 890 1072 883 1069 881 1067 881 1066 881 1064 881 1060 883 1041 890 1015 884 1005 881 1003 881 1002 881 947 884 834 893 822 887 816 884 815 884 813 884 776 889 734 893 710 890 675 884 673 884 672 884 657 890 648 895 612 892 548 886 547 886 507 893 492 896 458 895 370 890 368 890 336 898 334 898 333 898 324 889 322 889 321 889 319 889 248 898 199 889 197 889 196 889 175 898 176 938"/></Shape>
	    <String CONTENT="Quæ pro alijs interpellat &amp; intercedit apud"
                    HPOS="175"
                    VPOS="881"
                    WIDTH="990"
                    HEIGHT="81"
                    WC="0.988503207994062"></String>
          </TextLine>

          
          
          <TextLine ID="eSc_line_660c9f72"
                    TAGREFS="LT4318"
                    BASELINE="108 997 1165 987" 
                    HPOS="107"
                    VPOS="941"
                    WIDTH="1058"
                    HEIGHT="82">
            <Shape><Polygon POINTS="108 997 108 1014 136 1023 138 1023 139 1023 249 1014 266 1012 269 1012 291 1021 292 1021 294 1021 295 1021 315 1012 316 1012 318 1012 346 1021 348 1021 349 1021 527 1011 565 1009 649 1009 651 1009 670 1018 672 1018 673 1018 675 1018 706 1009 713 1008 722 1009 762 1017 764 1017 765 1017 789 1009 794 1008 800 1009 831 1014 832 1014 884 1008 901 1006 907 1008 931 1015 932 1015 933 1015 989 1008 1009 1015 1011 1015 1012 1015 1164 1005 1165 987 1163 954 1048 954 1047 953 1030 941 1029 941 1027 941 1026 941 977 942 975 942 974 942 960 953 957 956 901 956 895 953 864 942 862 942 861 942 786 950 739 944 737 944 736 944 719 953 709 957 690 953 679 950 678 950 676 950 675 950 673 950 672 953 664 959 600 959 590 951 580 947 578 947 577 947 575 947 574 947 568 951 556 960 462 960 441 951 428 947 426 947 425 947 423 947 414 951 404 957 365 951 345 948 343 948 306 951 184 962 159 951 156 950 154 950 153 950 107 950 108 997"/></Shape>
	    <String CONTENT="Deum eſt ἔντάξις, vel μεσιτεία. Hæc tot ſunt ge¬"
                    HPOS="107"
                    VPOS="941"
                    WIDTH="1058"
                    HEIGHT="82"></String>
          </TextLine>

          
          
          <TextLine ID="eSc_line_a2078980"
                    TAGREFS="LT4318"
                    BASELINE="107 1055 1167 1045" 
                    HPOS="105"
                    VPOS="999"
                    WIDTH="1062"
                    HEIGHT="85">
            <Shape><Polygon POINTS="107 1055 107 1075 196 1075 218 1084 220 1084 221 1084 318 1073 376 1082 377 1082 449 1073 559 1081 560 1081 562 1081 563 1081 580 1069 752 1069 800 1078 801 1078 803 1078 804 1078 816 1069 861 1078 862 1078 1066 1075 1067 1075 1069 1075 1081 1066 1130 1075 1131 1075 1133 1075 1167 1063 1167 1045 1161 999 1119 1009 997 1002 996 1002 994 1002 971 1012 883 1012 864 1002 862 1002 861 1002 853 1002 700 1014 575 1005 565 1005 563 1005 562 1005 560 1005 560 1006 550 1017 388 1017 353 1008 352 1008 350 1008 349 1008 322 1017 269 1009 267 1009 266 1009 264 1009 252 1020 193 1020 105 1011 107 1055"/></Shape>
	    <String CONTENT="nera precationum publicarum. Vide tamen Au¬"
                    HPOS="105"
                    VPOS="999"
                    WIDTH="1062"
                    HEIGHT="85"
                    WC="0.985363967196886"></String>
          </TextLine>

          
          
          <TextLine ID="eSc_line_f4ef29d2"
                    TAGREFS="LT4318"
                    BASELINE="110 1113 433 1115" 
                    HPOS="107"
                    VPOS="1061"
                    WIDTH="325"
                    HEIGHT="78">
            <Shape><Polygon POINTS="109 1110 107 1139 430 1139 432 1113 428 1061 109 1068 109 1110"/></Shape>
	    <String CONTENT="guſt. Epiſt. 59."
                    HPOS="107"
                    VPOS="1061"
                    WIDTH="325"
                    HEIGHT="78"
                    WC="0.965628176927567"></String>
          </TextLine>

          
          
          <TextLine ID="eSc_line_ebffacb4"
                    TAGREFS="LT4318"
                    BASELINE="111 1173 1167 1164" 
                    HPOS="110"
                    VPOS="1121"
                    WIDTH="1057"
                    HEIGHT="76">
            <Shape><Polygon POINTS="111 1173 111 1185 196 1197 197 1197 199 1197 230 1185 233 1185 234 1185 267 1195 269 1195 270 1195 272 1195 273 1195 287 1185 290 1183 339 1183 345 1185 374 1195 376 1195 377 1197 422 1197 422 1195 423 1195 449 1185 452 1183 456 1185 477 1194 478 1194 480 1195 526 1195 526 1194 527 1194 545 1185 551 1182 638 1182 646 1183 672 1192 673 1192 675 1194 704 1194 704 1192 706 1192 707 1192 718 1183 722 1180 731 1183 751 1191 752 1191 754 1191 755 1191 768 1183 771 1182 773 1183 783 1192 785 1192 786 1192 788 1192 840 1183 868 1179 875 1183 883 1189 884 1189 886 1189 887 1189 926 1183 938 1182 942 1183 959 1189 960 1189 962 1191 962 1189 963 1189 980 1183 990 1179 996 1183 1005 1189 1006 1189 1008 1189 1009 1189 1165 1182 1167 1164 1160 1122 1149 1131 1078 1131 1060 1124 1054 1122 1052 1122 1051 1122 1018 1125 939 1133 929 1127 922 1121 920 1121 919 1121 917 1121 890 1127 873 1131 859 1128 837 1121 835 1121 834 1121 832 1121 831 1121 822 1128 820 1128 815 1128 727 1122 725 1122 690 1130 672 1134 654 1131 630 1127 629 1127 590 1133 563 1136 557 1133 548 1127 547 1127 545 1127 466 1124 465 1124 464 1124 441 1134 435 1137 417 1134 353 1125 352 1125 350 1125 349 1125 336 1136 334 1139 285 1139 263 1137 138 1127 136 1127 135 1127 110 1137 111 1173"/></Shape>
	    <String CONTENT="Cap. 2. Quæritur autem à quo fieri preces"
                    HPOS="110"
                    VPOS="1121"
                    WIDTH="1057"
                    HEIGHT="76"
                    WC="0.973879635334015"></String>
          </TextLine>

          
          
          <TextLine ID="eSc_line_a62fb40f"
                    TAGREFS="LT4318"
                    BASELINE="107 1231 1167 1222" 
                    HPOS="105"
                    VPOS="1176"
                    WIDTH="1062"
                    HEIGHT="79">
            <Shape><Polygon POINTS="107 1231 107 1244 181 1255 182 1255 184 1255 217 1246 303 1253 304 1253 306 1253 331 1244 355 1253 356 1253 358 1255 458 1255 458 1253 459 1253 481 1243 633 1252 635 1252 765 1241 1020 1247 1021 1247 1023 1247 1042 1238 1085 1244 1087 1244 1167 1235 1167 1222 1165 1185 1139 1176 1137 1176 1136 1176 1134 1176 1115 1185 1109 1189 954 1189 942 1188 898 1177 896 1177 895 1177 870 1188 832 1177 831 1177 829 1177 828 1177 806 1189 801 1192 765 1192 762 1189 749 1177 748 1177 746 1177 712 1177 710 1177 709 1177 707 1177 693 1191 691 1192 667 1192 667 1191 638 1177 636 1177 635 1177 633 1177 632 1177 620 1186 557 1179 556 1179 554 1179 553 1179 536 1192 495 1192 461 1179 459 1179 458 1179 382 1194 359 1180 358 1180 356 1180 324 1180 322 1180 236 1194 130 1182 129 1182 127 1182 126 1182 105 1194 107 1231"/></Shape>
	    <String CONTENT="debeant &amp; poſsint. Reſp. Ab omnibus in vni¬"
                    HPOS="105"
                    VPOS="1176"
                    WIDTH="1062"
                    HEIGHT="79"
                    WC="0.985209929388623"></String>
          </TextLine>

          
          
          <TextLine ID="eSc_line_cef96c38"
                    TAGREFS="LT4318"
                    BASELINE="105 1289 1164 1283" 
                    HPOS="104"
                    VPOS="1235"
                    WIDTH="1060"
                    HEIGHT="73">
            <Shape><Polygon POINTS="105 1289 105 1308 1163 1304 1164 1283 1161 1235 1096 1235 1094 1235 1093 1235 1091 1235 1072 1247 960 1247 916 1238 899 1235 898 1235 896 1235 889 1238 867 1246 840 1238 832 1237 831 1237 829 1237 828 1237 826 1237 825 1238 815 1247 779 1240 771 1238 770 1238 755 1240 706 1246 694 1240 685 1237 684 1237 682 1237 681 1237 679 1237 673 1241 663 1247 620 1241 593 1238 591 1238 590 1238 588 1238 588 1240 585 1241 577 1249 504 1243 461 1240 459 1240 420 1244 367 1250 356 1244 346 1240 345 1240 343 1240 303 1246 270 1250 255 1246 236 1240 234 1240 233 1240 104 1247 105 1289"/></Shape>
	    <String CONTENT="uerſum: ſed priuatæ à priuatis. Publicæ verò à"
                    HPOS="104"
                    VPOS="1235"
                    WIDTH="1060"
                    HEIGHT="73"
                    WC="0.986298267938653"></String>
          </TextLine>

          
          
          <TextLine ID="eSc_line_92ae6290"
                    TAGREFS="LT4318"
                    BASELINE="104 1350 1164 1342" 
                    HPOS="102"
                    VPOS="1292"
                    WIDTH="1062"
                    HEIGHT="74">
            <Shape><Polygon POINTS="102 1317 104 1350 104 1366 1163 1360 1164 1342 1163 1301 1152 1295 1151 1295 1149 1295 1148 1295 1072 1304 1063 1304 1060 1304 1027 1292 1026 1292 968 1292 966 1292 911 1305 907 1305 902 1305 823 1295 822 1295 740 1307 736 1307 733 1307 658 1298 657 1298 655 1298 623 1307 593 1298 591 1298 590 1298 533 1307 520 1296 519 1296 517 1296 516 1296 514 1296 487 1307 449 1296 447 1296 446 1296 444 1296 413 1308 358 1296 356 1296 272 1310 258 1299 258 1298 257 1298 255 1298 254 1298 252 1298 215 1308 120 1298 118 1298 117 1298 116 1298 110 1302 102 1317"/></Shape>
	    <String CONTENT="ſolis iis qui Eccleſiæ præſunt, quales paſtores &amp;"
                    HPOS="102"
                    VPOS="1292"
                    WIDTH="1062"
                    HEIGHT="74"
                    WC="0.993369964920745"></String>
          </TextLine>

          
          
          <TextLine ID="eSc_line_081c8f17"
                    TAGREFS="LT4318"
                    BASELINE="107 1409 1163 1399" 
                    HPOS="105"
                    VPOS="1351"
                    WIDTH="1058"
                    HEIGHT="81">
            <Shape><Polygon POINTS="107 1409 107 1424 182 1432 184 1432 185 1432 202 1424 203 1424 242 1430 243 1430 312 1423 319 1423 321 1423 337 1430 339 1430 340 1430 420 1421 431 1421 432 1421 446 1430 447 1430 449 1430 450 1430 452 1430 483 1423 527 1430 529 1430 530 1430 559 1421 600 1429 602 1429 603 1429 623 1420 635 1429 636 1429 638 1429 639 1430 693 1430 693 1429 694 1429 725 1418 728 1418 736 1418 800 1427 801 1427 859 1417 867 1417 870 1417 890 1426 892 1426 893 1427 1002 1427 1002 1426 1003 1426 1005 1426 1005 1424 1014 1415 1015 1415 1017 1415 1047 1424 1048 1424 1049 1424 1161 1414 1163 1399 1160 1362 1106 1351 1105 1351 1103 1351 1082 1360 1017 1354 1015 1354 981 1362 939 1353 938 1353 936 1353 920 1362 910 1353 908 1353 907 1353 905 1353 780 1363 740 1353 739 1353 737 1353 736 1353 734 1353 734 1354 722 1363 611 1354 609 1354 608 1354 587 1366 486 1366 475 1357 474 1357 472 1357 425 1356 423 1356 310 1368 295 1357 294 1357 292 1357 261 1357 260 1357 138 1359 136 1359 105 1371 107 1409"/></Shape>
	    <String CONTENT="olim Diaconi. Ac quoad priuatos ſcribit Chryſo¬"
                    HPOS="105"
                    VPOS="1351"
                    WIDTH="1058"
                    HEIGHT="81"
                    WC="0.988236095042939"></String>
          </TextLine>

          
          
          <TextLine ID="eSc_line_f379f193"
                    TAGREFS="LT4318"
                    BASELINE="107 1467 1161 1458" 
                    HPOS="105"
                    VPOS="1409"
                    WIDTH="1056"
                    HEIGHT="72">
            <Shape><Polygon POINTS="107 1467 107 1481 1161 1481 1161 1458 1158 1420 1118 1411 1116 1411 1115 1411 1088 1418 1011 1409 1009 1409 1008 1409 981 1421 910 1421 809 1411 807 1411 759 1412 758 1412 757 1412 746 1421 535 1414 533 1414 493 1423 481 1414 480 1414 478 1414 477 1414 475 1414 440 1424 406 1415 404 1415 403 1415 342 1424 233 1417 232 1417 230 1417 212 1424 190 1417 188 1417 187 1417 185 1417 156 1424 126 1417 124 1417 123 1417 121 1417 120 1417 105 1424 107 1467"/></Shape>
	    <String CONTENT="ſtom. iam olim fuiſſe ſolitos Chriſtianos bis in"
                    HPOS="105"
                    VPOS="1409"
                    WIDTH="1056"
                    HEIGHT="72"
                    WC="0.984710978964965"></String>
          </TextLine>

          
          
          <TextLine ID="eSc_line_fa620869"
                    TAGREFS="LT4318"
                    BASELINE="107 1525 1158 1516" 
                    HPOS="105"
                    VPOS="1469"
                    WIDTH="1053"
                    HEIGHT="82">
            <Shape><Polygon POINTS="107 1525 107 1542 230 1548 232 1548 275 1542 288 1540 291 1542 303 1549 304 1549 306 1549 307 1551 376 1551 376 1549 377 1549 400 1542 455 1549 456 1549 526 1542 542 1548 544 1548 545 1548 547 1548 548 1548 557 1540 559 1539 563 1540 580 1548 581 1548 582 1548 641 1540 666 1537 673 1540 688 1546 690 1546 691 1546 734 1540 752 1537 762 1540 786 1546 788 1546 789 1546 791 1546 792 1546 803 1540 809 1536 822 1539 843 1545 844 1545 846 1546 936 1546 936 1545 938 1545 956 1539 968 1536 999 1539 1047 1543 1048 1543 1049 1543 1061 1539 1069 1536 1155 1537 1158 1516 1154 1475 1105 1481 1094 1475 1088 1470 1087 1470 1085 1470 1084 1470 1082 1470 1081 1470 1073 1475 1069 1478 1048 1475 997 1469 996 1469 994 1469 993 1469 981 1476 972 1482 858 1482 846 1478 828 1470 826 1470 825 1470 789 1478 773 1482 765 1479 752 1472 751 1472 749 1472 669 1479 654 1481 651 1479 633 1472 632 1472 630 1472 629 1472 602 1481 591 1484 551 1481 502 1478 501 1478 478 1482 453 1488 343 1488 328 1484 288 1475 287 1475 211 1476 209 1476 188 1485 187 1485 130 1476 129 1476 127 1476 105 1485 107 1525"/></Shape>
	    <String CONTENT="die, ſcilicet, mane, &amp; veſperi domi precari, adeò"
                    HPOS="105"
                    VPOS="1469"
                    WIDTH="1053"
                    HEIGHT="82"
                    WC="0.981063798666"></String>
          </TextLine>

          
          
          <TextLine ID="eSc_line_9431efdf"
                    TAGREFS="LT4318"
                    BASELINE="108 1585 1161 1579" 
                    HPOS="107"
                    VPOS="1531"
                    WIDTH="1054"
                    HEIGHT="70">
            <Shape><Polygon POINTS="108 1585 108 1597 895 1601 896 1601 1160 1591 1161 1579 1158 1531 1122 1531 1121 1531 1119 1531 1118 1531 1102 1542 1006 1533 980 1531 978 1531 957 1534 893 1545 858 1545 849 1536 846 1534 846 1533 844 1533 843 1533 841 1533 840 1533 831 1536 813 1543 791 1537 777 1533 776 1533 730 1533 728 1533 727 1533 715 1539 704 1543 685 1539 663 1533 661 1533 660 1533 658 1533 639 1539 630 1542 602 1540 529 1534 527 1534 526 1534 524 1534 514 1542 508 1545 475 1542 382 1534 380 1534 379 1534 377 1534 364 1545 361 1546 358 1545 340 1536 339 1536 337 1536 336 1536 334 1536 322 1545 321 1546 267 1546 264 1546 232 1536 230 1536 229 1536 227 1536 199 1546 199 1548 107 1548 108 1585"/></Shape>
	    <String CONTENT="vt milites ipſi in caſtris id conſueſſent, &amp; data eſt"
                    HPOS="107"
                    VPOS="1531"
                    WIDTH="1054"
                    HEIGHT="70"
                    WC="0.985773030317055"></String>
          </TextLine>

          
          
          <TextLine ID="eSc_line_ae9fa6cf"
                    TAGREFS="LT4318"
                    BASELINE="104 1643 1161 1637" 
                    HPOS="102"
                    VPOS="1588"
                    WIDTH="1059"
                    HEIGHT="70">
            <Shape><Polygon POINTS="104 1643 104 1656 1158 1658 1161 1637 1158 1601 1121 1601 1119 1600 1103 1588 1102 1588 1100 1588 1099 1588 1097 1588 1075 1595 1049 1589 1048 1589 1047 1589 1045 1589 1044 1589 1030 1600 1029 1600 1017 1600 904 1592 902 1592 901 1592 899 1592 890 1598 886 1601 870 1598 834 1592 832 1592 831 1592 829 1592 823 1598 819 1603 757 1603 746 1598 725 1589 724 1589 722 1589 688 1597 676 1600 663 1597 633 1589 632 1589 630 1589 629 1589 614 1597 600 1604 568 1604 560 1597 554 1592 554 1591 553 1591 551 1591 550 1591 522 1595 489 1603 474 1595 464 1591 462 1591 461 1591 459 1591 444 1595 420 1603 364 1597 362 1597 361 1597 342 1606 291 1606 273 1594 270 1592 269 1592 267 1592 266 1592 264 1592 257 1594 239 1600 227 1594 224 1592 223 1592 221 1592 102 1592 104 1643"/></Shape>
	    <String CONTENT="illis à Conſtantino breuis formula &amp; precatio,"
                    HPOS="102"
                    VPOS="1588"
                    WIDTH="1059"
                    HEIGHT="70"
                    WC="0.986181508987508"></String>
          </TextLine>

          
          
          <TextLine ID="eSc_line_02a5f895"
                    TAGREFS="LT4318"
                    BASELINE="105 1702 1161 1695" 
                    HPOS="104"
                    VPOS="1647"
                    WIDTH="1057"
                    HEIGHT="78">
            <Shape><Polygon POINTS="105 1702 105 1725 230 1716 356 1722 358 1722 416 1714 443 1722 447 1723 449 1723 450 1723 465 1722 532 1713 575 1720 582 1722 584 1722 585 1722 591 1720 617 1714 681 1720 709 1722 710 1722 712 1722 721 1719 751 1711 816 1719 837 1720 838 1720 867 1717 933 1711 969 1717 983 1719 984 1719 997 1717 1029 1710 1052 1716 1063 1719 1064 1719 1066 1719 1067 1719 1078 1716 1097 1710 1160 1714 1161 1695 1158 1653 1100 1647 1099 1647 1097 1647 1078 1653 1066 1658 1055 1653 1039 1647 1038 1647 1036 1647 1035 1647 1033 1647 1023 1655 1021 1655 1017 1655 974 1647 972 1647 971 1647 969 1647 969 1649 962 1655 957 1659 923 1659 916 1656 908 1650 907 1650 905 1650 904 1650 902 1650 884 1656 881 1656 878 1656 837 1649 835 1649 834 1649 812 1656 806 1659 798 1658 776 1649 774 1649 773 1649 771 1649 745 1658 734 1662 639 1662 633 1659 609 1650 608 1650 535 1650 533 1650 532 1650 530 1650 530 1652 520 1661 519 1662 508 1661 447 1652 446 1652 444 1652 443 1652 429 1662 428 1664 388 1664 386 1662 367 1652 365 1652 364 1652 362 1652 331 1662 306 1653 304 1653 303 1653 301 1653 300 1653 287 1664 285 1665 226 1665 212 1665 181 1653 179 1653 178 1653 104 1665 105 1702"/></Shape>
	    <String CONTENT="quã mane &amp; veſperi dicerent. Euſebius lib.4. de"
                    HPOS="104"
                    VPOS="1647"
                    WIDTH="1057"
                    HEIGHT="78"
                    WC="0.974284244080385"></String>
          </TextLine>

          
          
          <TextLine ID="eSc_line_40f7f638"
                    TAGREFS="LT4318"
                    BASELINE="107 1759 1158 1751" 
                    HPOS="105"
                    VPOS="1705"
                    WIDTH="1053"
                    HEIGHT="78">
            <Shape><Polygon POINTS="107 1759 107 1774 142 1783 144 1783 145 1783 169 1775 236 1783 237 1783 324 1774 352 1783 353 1783 355 1783 471 1775 510 1783 511 1783 513 1783 514 1783 530 1772 638 1781 639 1781 688 1772 748 1780 749 1780 751 1780 773 1771 820 1780 822 1780 878 1772 896 1780 898 1780 899 1780 962 1769 1093 1778 1094 1778 1158 1766 1158 1751 1155 1719 1112 1719 1099 1708 1097 1708 1096 1708 1094 1708 1049 1714 1038 1705 1036 1705 1035 1705 1033 1705 1032 1705 993 1717 948 1705 947 1705 945 1705 944 1705 907 1720 829 1720 797 1708 795 1708 794 1708 792 1708 773 1716 739 1707 737 1707 736 1707 734 1707 681 1722 626 1722 614 1711 612 1711 611 1711 609 1711 608 1711 587 1719 545 1708 544 1708 542 1708 504 1710 502 1710 501 1710 484 1722 394 1710 392 1710 391 1710 364 1722 318 1710 316 1710 315 1710 313 1710 278 1723 209 1711 208 1711 105 1725 107 1759"/></Shape>
	    <String CONTENT="vita Conſtantini. Sed de publicis precibus hîc a¬"
                    HPOS="105"
                    VPOS="1705"
                    WIDTH="1053"
                    HEIGHT="78"
                    WC="0.978181157112122"></String>
          </TextLine>

          
          
          <TextLine ID="eSc_line_a45a2c10"
                    TAGREFS="LT4318"
                    BASELINE="116 1821 423 1812 1130 1811" 
                    HPOS="114"
                    VPOS="1772"
                    WIDTH="1016"
                    HEIGHT="66">
            <Shape><Polygon POINTS="116 1821 116 1838 254 1836 255 1836 279 1824 346 1823 368 1830 370 1830 371 1830 443 1823 486 1833 492 1835 493 1835 495 1835 507 1833 581 1821 658 1830 660 1830 661 1830 688 1823 751 1830 758 1830 759 1830 773 1830 871 1821 883 1829 887 1832 889 1832 890 1832 892 1832 893 1832 901 1829 917 1820 939 1827 953 1832 954 1832 956 1832 991 1827 1011 1824 1015 1826 1026 1832 1027 1832 1029 1832 1030 1832 1044 1826 1060 1818 1075 1826 1079 1827 1081 1827 1082 1827 1128 1824 1130 1811 1125 1780 987 1786 936 1780 880 1772 878 1772 877 1772 859 1780 858 1780 856 1780 826 1774 825 1774 823 1774 822 1774 813 1780 798 1789 710 1789 696 1780 694 1780 693 1780 691 1780 690 1780 687 1780 666 1787 657 1780 655 1778 654 1778 652 1778 580 1774 578 1774 517 1781 462 1787 410 1781 359 1775 358 1775 356 1775 355 1775 349 1781 337 1792 301 1792 284 1781 275 1777 273 1777 272 1777 114 1781 116 1821"/></Shape>
	    <String CONTENT="gimus."
                    HPOS="114"
                    VPOS="1772"
                    WIDTH="1016"
                    HEIGHT="66"></String>
          </TextLine>

          
          
          <TextLine ID="eSc_line_92869cb7"
                    TAGREFS="LT4318"
                    BASELINE="133 1876 1160 1867" 
                    HPOS="132"
                    VPOS="1817"
                    WIDTH="1028"
                    HEIGHT="86">
            <Shape><Polygon POINTS="133 1876 133 1893 251 1902 252 1902 254 1902 255 1902 264 1893 284 1893 330 1893 331 1893 342 1902 343 1902 345 1902 346 1903 422 1903 422 1902 468 1893 484 1890 517 1893 603 1900 605 1900 606 1900 638 1893 654 1888 736 1891 798 1894 800 1894 801 1894 809 1891 822 1887 832 1891 844 1897 846 1897 847 1897 889 1896 890 1896 892 1896 896 1891 902 1887 922 1891 945 1896 947 1896 948 1896 959 1891 969 1887 980 1891 993 1896 994 1896 996 1896 1158 1890 1160 1867 1158 1832 1128 1817 1127 1817 1076 1817 1075 1817 1073 1817 1052 1827 1036 1817 1035 1817 1033 1817 990 1817 989 1817 987 1817 986 1817 963 1832 892 1826 890 1826 786 1833 678 1820 676 1820 675 1820 673 1820 654 1833 642 1824 641 1824 639 1824 638 1824 594 1830 584 1821 582 1821 581 1821 505 1821 504 1821 502 1821 471 1836 410 1823 408 1823 407 1823 406 1823 386 1836 279 1824 278 1824 221 1838 184 1827 182 1827 181 1827 179 1827 132 1839 133 1876"/></Shape>
	    <String CONTENT="Primùm igitur Paſtores debent precari publi¬"
                    HPOS="132"
                    VPOS="1817"
                    WIDTH="1028"
                    HEIGHT="86"
                    WC="0.990121801694234"></String>
          </TextLine>

          
          
          <TextLine ID="eSc_line_3ee3482c"
                    TAGREFS="LT4318"
                    BASELINE="104 1939 1163 1928" 
                    HPOS="102"
                    VPOS="1885"
                    WIDTH="1061"
                    HEIGHT="75">
            <Shape><Polygon POINTS="104 1939 104 1951 123 1960 124 1960 126 1960 178 1952 288 1957 290 1957 291 1957 304 1951 309 1949 327 1951 383 1958 385 1958 469 1951 498 1949 504 1951 517 1957 519 1957 520 1957 545 1951 568 1946 609 1951 643 1955 645 1955 685 1951 722 1948 737 1951 748 1954 749 1954 751 1954 752 1954 754 1954 757 1951 765 1946 800 1951 817 1954 819 1954 841 1951 905 1943 1160 1951 1163 1928 1158 1894 1005 1896 996 1894 948 1885 947 1885 945 1885 928 1896 926 1896 923 1896 884 1885 883 1885 881 1885 880 1885 859 1896 855 1897 831 1896 718 1887 716 1887 715 1887 688 1897 682 1899 661 1897 588 1890 587 1890 585 1890 556 1897 547 1900 541 1897 523 1890 522 1890 452 1890 450 1890 449 1890 447 1890 432 1899 414 1891 413 1891 411 1891 410 1891 408 1891 400 1899 395 1902 388 1899 373 1894 371 1894 370 1894 368 1894 367 1894 361 1899 356 1903 276 1903 270 1900 255 1891 254 1891 252 1891 102 1900 104 1939"/></Shape>
	    <String CONTENT="cé. Ad eos enim hæc res pertinet. Sed etiam ex"
                    HPOS="102"
                    VPOS="1885"
                    WIDTH="1061"
                    HEIGHT="75"
                    WC="0.987172341093104"></String>
          </TextLine>

          
          
          <TextLine ID="eSc_line_085f32af"
                    TAGREFS="LT4318"
                    BASELINE="105 1997 1163 1988" 
                    HPOS="104"
                    VPOS="1939"
                    WIDTH="1059"
                    HEIGHT="82">
            <Shape><Polygon POINTS="105 1997 105 2012 196 2021 197 2021 254 2012 276 2021 278 2021 279 2021 281 2021 321 2010 324 2010 327 2010 379 2018 380 2018 510 2009 513 2009 516 2009 626 2018 627 2018 629 2018 672 2007 731 2015 733 2015 868 2006 886 2015 887 2015 889 2016 942 2016 942 2015 1036 2004 1128 2013 1130 2013 1131 2013 1163 2001 1163 1988 1161 1951 1127 1942 1125 1942 1124 1942 1032 1949 986 1939 984 1939 983 1939 956 1952 908 1952 893 1940 892 1940 890 1940 889 1940 887 1940 864 1951 719 1942 718 1942 716 1942 715 1942 700 1954 645 1954 629 1943 627 1943 626 1943 624 1943 623 1943 599 1954 575 1943 574 1943 496 1943 495 1943 493 1943 452 1955 431 1945 429 1945 428 1945 377 1955 349 1945 348 1945 346 1945 345 1945 318 1955 270 1946 269 1946 267 1946 239 1957 194 1946 193 1946 104 1958 105 1997"/></Shape>
	    <String CONTENT="veteri Eccleſiæ diſciplina Diaconi poſſunt &amp;"
                    HPOS="104"
                    VPOS="1939"
                    WIDTH="1059"
                    HEIGHT="82"
                    WC="0.987430030649359"></String>
          </TextLine>

          
          
          <TextLine ID="eSc_line_e384541f"
                    TAGREFS="LT4318"
                    BASELINE="107 2055 1160 2046" 
                    HPOS="105"
                    VPOS="1998"
                    WIDTH="1055"
                    HEIGHT="81">
            <Shape><Polygon POINTS="107 2055 107 2070 261 2079 263 2079 264 2079 288 2070 291 2070 297 2070 346 2077 348 2077 349 2077 350 2077 359 2070 364 2068 385 2070 455 2077 456 2077 490 2070 495 2070 508 2070 611 2076 612 2076 614 2076 629 2070 641 2065 673 2070 707 2074 709 2074 762 2070 825 2064 853 2070 871 2073 873 2073 926 2070 1027 2062 1041 2070 1045 2071 1047 2071 1048 2071 1049 2071 1051 2071 1054 2070 1066 2062 1076 2070 1079 2071 1081 2071 1082 2071 1084 2071 1158 2068 1160 2046 1157 2012 1122 2012 1121 2010 1102 1998 1100 1998 1099 1998 1097 1998 1042 2009 1030 2000 1029 2000 1027 2000 1026 2000 1024 2000 987 2010 980 2013 813 2013 807 2010 786 2001 785 2001 783 2001 727 2009 716 2010 707 2009 666 2001 664 2001 629 2009 599 2015 553 2009 511 2003 510 2003 508 2003 495 2009 478 2015 446 2007 425 2004 423 2004 422 2004 420 2004 416 2007 400 2018 359 2018 346 2007 342 2004 340 2004 339 2004 337 2004 315 2007 249 2018 223 2007 218 2006 217 2006 215 2006 214 2006 211 2007 188 2016 172 2007 169 2006 168 2006 166 2006 105 2006 107 2055"/></Shape>
	    <String CONTENT="Presbyterij etiam ij, qui doctrinam non tractãt."
                    HPOS="105"
                    VPOS="1998"
                    WIDTH="1055"
                    HEIGHT="81"
                    WC="0.996380909365051"></String>
          </TextLine>

          
          
          <TextLine ID="eSc_line_e802acfc"
                    TAGREFS="LT4318"
                    BASELINE="102 2113 1160 2104" 
                    HPOS="101"
                    VPOS="2059"
                    WIDTH="1059"
                    HEIGHT="79">
            <Shape><Polygon POINTS="102 2113 102 2131 233 2138 234 2138 349 2129 364 2129 374 2129 450 2137 452 2137 600 2128 638 2126 664 2128 758 2134 759 2134 761 2134 777 2126 780 2126 806 2126 980 2132 981 2132 1021 2125 1033 2123 1045 2125 1082 2131 1084 2131 1160 2123 1160 2104 1157 2074 1096 2074 1096 2073 1079 2059 1078 2059 1076 2059 1075 2059 926 2061 925 2061 923 2061 908 2071 855 2061 853 2061 852 2061 850 2061 835 2071 831 2074 812 2071 754 2062 752 2062 751 2062 728 2071 716 2076 661 2071 632 2068 630 2068 629 2068 623 2070 605 2077 581 2070 574 2068 572 2068 571 2068 569 2068 568 2068 566 2070 556 2079 239 2079 215 2068 211 2067 209 2067 208 2067 101 2067 102 2113"/></Shape>
	    <String CONTENT="Eorum enim muneri preces adiunctas fuiſſe ſcri¬"
                    HPOS="101"
                    VPOS="2059"
                    WIDTH="1059"
                    HEIGHT="79"
                    WC="0.972997366113866"></String>
          </TextLine>

          
          
          <TextLine ID="eSc_line_7ec5ee6d"
                    TAGREFS="LT4318"
                    BASELINE="102 2172 1157 2168" 
                    HPOS="101"
                    VPOS="2119"
                    WIDTH="1056"
                    HEIGHT="96">
            <Shape><Polygon POINTS="102 2172 102 2207 113 2214 114 2214 116 2214 117 2214 118 2214 139 2205 154 2199 321 2199 339 2207 340 2207 342 2207 343 2207 388 2199 417 2208 444 2215 446 2215 447 2215 535 2214 536 2214 547 2208 556 2204 578 2208 602 2214 603 2214 632 2210 663 2204 700 2210 712 2211 713 2211 715 2211 719 2210 754 2198 810 2211 822 2212 823 2212 834 2211 901 2196 947 2211 950 2212 951 2212 953 2212 962 2211 1003 2205 1154 2212 1157 2168 1155 2126 1136 2120 1134 2120 1133 2120 1131 2120 1118 2126 1109 2131 1099 2126 1082 2119 1081 2119 1024 2119 1023 2119 1021 2119 1006 2128 1003 2129 1000 2128 989 2119 987 2119 986 2119 984 2119 904 2128 878 2131 862 2129 804 2119 803 2119 757 2129 745 2132 742 2129 734 2123 733 2123 731 2123 730 2123 728 2123 706 2129 639 2120 638 2120 636 2120 617 2131 615 2132 612 2131 593 2120 591 2120 590 2120 588 2120 587 2120 569 2131 566 2134 535 2134 530 2132 492 2120 490 2120 489 2120 487 2120 486 2120 472 2132 471 2134 346 2134 345 2134 319 2123 318 2123 258 2122 257 2122 255 2122 223 2132 206 2125 205 2125 203 2125 101 2135 102 2172"/></Shape>
	    <String CONTENT="ptum eſt, in canon Perlectis 5 ad Diaconũ diſt. 25"
                    HPOS="101"
                    VPOS="2119"
                    WIDTH="1056"
                    HEIGHT="96"
                    WC="0.966479839063158"></String>
          </TextLine>

          
        </TextBlock>
        

        
      </PrintSpace>
    </Page>
  </Layout>
</alto>
