<?xml version="1.0" encoding="UTF-8"?>
<alto xmlns:xsi="http://www.w3.org/2001/XMLSchema-instance"
      xmlns="http://www.loc.gov/standards/alto/ns-v4#"
      xsi:schemaLocation="http://www.loc.gov/standards/alto/ns-v4# http://www.loc.gov/standards/alto/v4/alto-4-2.xsd">
  <Description>
    <MeasurementUnit>pixel</MeasurementUnit>
    <sourceImageInformation>
      <fileName>2012985.png</fileName>
      
    </sourceImageInformation>
  </Description>
  
  <Tags>
    <OtherTag ID="BT10983" LABEL="GraphicZone" DESCRIPTION="block type GraphicZone"/><OtherTag ID="BT10982" LABEL="DropCapitalZone" DESCRIPTION="block type DropCapitalZone"/><OtherTag ID="BT10981" LABEL="RunningTitleZone" DESCRIPTION="block type RunningTitleZone"/><OtherTag ID="BT10980" LABEL="NumberingZone" DESCRIPTION="block type NumberingZone"/><OtherTag ID="BT10979" LABEL="TitlePageZone" DESCRIPTION="block type TitlePageZone"/><OtherTag ID="BT10978" LABEL="QuireMarksZone" DESCRIPTION="block type QuireMarksZone"/><OtherTag ID="BT10977" LABEL="MainZone" DESCRIPTION="block type MainZone"/><OtherTag ID="BT10976" LABEL="MarginTextZone" DESCRIPTION="block type MarginTextZone"/>
    <OtherTag ID="LT4321" LABEL="default" DESCRIPTION="line type default"/><OtherTag ID="LT4319" LABEL="HeadingLine" DESCRIPTION="line type HeadingLine"/><OtherTag ID="LT4318" LABEL="DefaultLine" DESCRIPTION="line type DefaultLine"/><OtherTag ID="LT4320" LABEL="CustomLine : BiblicalText" DESCRIPTION="line type CustomLine : BiblicalText"/>
  </Tags>
  
  <Layout>
    <Page WIDTH="1807"
          HEIGHT="2677"
          PHYSICAL_IMG_NR="32"
          ID="eSc_dummypage_">
      <PrintSpace HPOS="0"
                  VPOS="0"
                  WIDTH="1807"
                  HEIGHT="2677">
        
        <TextBlock HPOS="472.1924743652344"
                   VPOS="188.7703857421875"
                   WIDTH="307.6213073730469"
                   HEIGHT="65.34869384765625"
                   ID="block_0"
                   TAGREFS="BT10981">
          <Shape><Polygon POINTS="472.192 188.77 779.814 188.77 779.814 254.119 472.192 254.119 472.192 188.77"/></Shape>
          
          
          <TextLine ID="eSc_line_165e988b"
                    TAGREFS="LT4319"
                    BASELINE="471 233 770 237" 
                    HPOS="469"
                    VPOS="190"
                    WIDTH="301"
                    HEIGHT="67">
            <Shape><Polygon POINTS="765 203 736 196 734 196 733 196 694 202 684 203 681 202 667 193 664 193 649 193 635 193 620 193 605 191 590 191 575 191 565 191 557 199 553 200 523 200 519 197 505 190 501 190 486 190 480 190 471 194 471 233 469 254 724 248 727 249 742 257 743 257 745 257 746 257 768 248 770 237 770 206 768 205"/></Shape>
	    <String CONTENT="CAPVT I."
                    HPOS="469"
                    VPOS="190"
                    WIDTH="301"
                    HEIGHT="67"
                    WC="0.976748019456863"></String>
          </TextLine>

          
        </TextBlock>
        
        <TextBlock HPOS="1107.0423583984375"
                   VPOS="206.91583251953125"
                   WIDTH="63.5306396484375"
                   HEIGHT="55.973388671875"
                   ID="block_2"
                   TAGREFS="BT10980">
          <Shape><Polygon POINTS="1107.04 206.916 1170.57 206.916 1170.57 262.889 1107.04 262.889 1107.04 206.916"/></Shape>
          
          
          <TextLine ID="eSc_line_e0983c0f"
                    TAGREFS="LT4318"
                    BASELINE="1118 251 1161 252" 
                    HPOS="1116"
                    VPOS="197"
                    WIDTH="45"
                    HEIGHT="72">
            <Shape><Polygon POINTS="1148 202 1134 197 1118 202 1118 251 1116 263 1158 269 1161 252 1161 206 1148 202"/></Shape>
	    <String CONTENT="73"
                    HPOS="1116"
                    VPOS="197"
                    WIDTH="45"
                    HEIGHT="72"
                    WC="0.999374508857727"></String>
          </TextLine>

          
        </TextBlock>
        
        <TextBlock HPOS="97.69831085205078"
                   VPOS="257.80145263671875"
                   WIDTH="1069.2460250854492"
                   HEIGHT="1948.2134399414062"
                   ID="block_1"
                   TAGREFS="BT10977">
          <Shape><Polygon POINTS="97.6983 257.801 1166.94 257.801 1166.94 2206.01 97.6983 2206.01 97.6983 257.801"/></Shape>
          
          
          <TextLine ID="eSc_line_6d84cc70"
                    TAGREFS="LT4318"
                    BASELINE="127 306 1171 309" 
                    HPOS="127"
                    VPOS="251"
                    WIDTH="1044"
                    HEIGHT="79">
            <Shape><Polygon POINTS="278 254 276 254 275 254 269 257 252 264 224 258 223 258 184 266 151 260 141 260 127 263 127 306 127 327 313 319 394 325 432 328 434 328 489 325 575 319 648 324 745 330 746 330 789 322 804 321 871 322 1094 328 1096 328 1170 319 1171 309 1170 270 944 270 929 266 870 252 868 252 816 257 815 257 813 257 803 264 797 269 788 264 776 258 774 258 773 258 737 263 701 269 694 263 682 252 681 252 679 252 678 252 676 252 654 263 642 267 562 266 553 261 530 251 529 251 376 251 374 251 373 251 349 258 318 267 288 257 279 254 278 254"/></Shape>
	    <String CONTENT="apparet ex Epiſtolis Ambroſij. Demum certæ"
                    HPOS="127"
                    VPOS="251"
                    WIDTH="1044"
                    HEIGHT="79"
                    WC="0.981398065884908"></String>
          </TextLine>

          
          
          <TextLine ID="eSc_line_9e78aab8"
                    TAGREFS="LT4318"
                    BASELINE="127 359 1173 365" 
                    HPOS="126"
                    VPOS="318"
                    WIDTH="1047"
                    HEIGHT="70">
            <Shape><Polygon POINTS="127 359 126 382 1170 388 1173 365 1173 334 1142 321 1140 321 1139 321 1088 333 1070 321 1069 321 1067 321 1036 321 1035 321 1033 321 1032 321 1014 333 1012 334 950 334 947 333 929 322 928 322 926 322 855 331 823 319 822 319 820 319 762 327 718 319 716 319 715 319 713 319 694 331 693 331 584 331 582 330 563 318 562 318 560 318 559 318 471 321 469 321 450 330 449 330 447 330 410 318 408 318 407 318 406 318 376 328 333 319 331 319 288 328 287 328 285 328 224 319 223 319 221 319 196 328 193 328 127 328 127 359"/></Shape>
	    <String CONTENT="cæremoniæ ſunt inſtitutæ, adhibitæ, &amp; verba, &amp;"
                    HPOS="126"
                    VPOS="318"
                    WIDTH="1047"
                    HEIGHT="70"
                    WC="0.980149155077727"></String>
          </TextLine>

          
          
          <TextLine ID="eSc_line_a6fc2236"
                    TAGREFS="LT4318"
                    BASELINE="129 420 1168 423" 
                    HPOS="129"
                    VPOS="377"
                    WIDTH="1039"
                    HEIGHT="70">
            <Shape><Polygon POINTS="129 420 129 444 281 438 346 444 374 446 376 446 377 446 382 444 392 438 435 443 461 446 462 446 464 446 471 443 484 438 530 443 566 446 568 446 569 446 577 443 584 438 612 443 649 447 651 447 718 441 743 440 755 441 786 447 788 447 1017 440 1039 440 1041 440 1067 447 1069 447 1070 447 1167 438 1168 423 1164 386 1155 391 1145 386 1130 379 1128 379 1127 379 1125 379 1124 379 1115 386 1109 392 1064 392 1047 386 1020 379 1018 379 953 379 951 379 950 379 948 379 938 386 932 391 919 386 892 379 890 379 828 379 826 379 825 379 807 386 798 392 699 392 693 388 682 379 681 379 679 379 678 379 676 379 648 388 641 389 633 388 599 377 597 377 596 377 594 377 593 377 593 379 582 388 580 391 535 391 530 388 507 377 505 377 461 377 459 377 458 377 456 377 441 388 438 389 413 388 319 382 318 382 279 388 270 389 269 388 254 379 252 379 251 379 187 377 185 377 129 388 129 420"/></Shape>
	    <String CONTENT="precationes, quibus ſanctitas ipſis lapidibus in¬"
                    HPOS="129"
                    VPOS="377"
                    WIDTH="1039"
                    HEIGHT="70"
                    WC="0.997136399454"></String>
          </TextLine>

          
          
          <TextLine ID="eSc_line_4c411794"
                    TAGREFS="LT4318"
                    BASELINE="126 480 1167 483" 
                    HPOS="124"
                    VPOS="435"
                    WIDTH="1043"
                    HEIGHT="70">
            <Shape><Polygon POINTS="126 480 124 492 282 493 304 502 306 502 307 502 383 496 392 504 394 504 395 504 397 505 563 505 563 504 565 504 566 504 577 496 655 505 657 505 725 496 746 505 748 505 749 505 803 496 849 504 850 504 1165 495 1167 483 1165 450 1122 450 1121 449 1109 438 1107 438 1106 438 1105 438 941 446 881 449 861 446 823 438 822 438 820 438 803 444 789 449 761 444 728 438 727 438 693 443 648 449 623 441 605 437 603 437 602 437 519 440 362 447 321 437 315 437 313 437 312 437 310 437 297 449 261 449 245 437 243 437 242 437 240 437 239 437 214 446 126 435 126 480"/></Shape>
	    <String CONTENT="hæreret. Ita repetita &amp; repoſita ſunt in Dei Ec¬"
                    HPOS="124"
                    VPOS="435"
                    WIDTH="1043"
                    HEIGHT="70"
                    WC="0.987510751932859"></String>
          </TextLine>

          
          
          <TextLine ID="eSc_line_6567514a"
                    TAGREFS="LT4318"
                    BASELINE="127 538 1164 538" 
                    HPOS="127"
                    VPOS="493"
                    WIDTH="1037"
                    HEIGHT="70">
            <Shape><Polygon POINTS="127 538 127 554 270 563 272 563 325 556 345 563 346 563 348 563 452 556 468 563 469 563 471 563 526 556 1133 563 1134 563 1136 563 1164 554 1164 538 1164 505 1127 493 1125 493 1124 493 1075 504 1041 493 1039 493 1038 493 1036 493 1000 504 975 493 974 493 972 493 971 493 969 493 954 505 953 507 887 507 884 505 861 493 859 493 858 493 856 493 825 502 792 493 791 493 789 493 788 493 765 504 762 505 660 505 657 504 639 493 638 493 636 493 635 493 597 502 587 505 575 502 541 493 539 493 513 493 511 493 510 493 508 493 498 502 493 507 307 507 278 501 230 493 229 493 127 499 127 538"/></Shape>
	    <String CONTENT="cleſia, quæ profani homines in dedicandis idolijs"
                    HPOS="127"
                    VPOS="493"
                    WIDTH="1037"
                    HEIGHT="70"
                    WC="0.96304902373528"></String>
          </TextLine>

          
          
          <TextLine ID="eSc_line_17b5f12f"
                    TAGREFS="LT4318"
                    BASELINE="123 594 1165 600" 
                    HPOS="123"
                    VPOS="551"
                    WIDTH="1042"
                    HEIGHT="72">
            <Shape><Polygon POINTS="123 594 123 612 359 612 361 612 382 620 383 620 385 620 547 612 563 612 571 612 645 621 646 621 899 614 901 614 933 623 935 623 936 623 938 623 968 615 978 623 980 623 981 623 983 623 1029 615 1148 623 1149 623 1151 623 1152 623 1164 614 1165 600 1165 566 1139 556 1137 556 1136 556 1134 556 1107 565 1085 559 1084 559 1082 559 1081 559 1060 566 1057 568 920 568 913 563 896 554 895 554 893 554 892 554 862 563 852 565 828 562 768 554 767 554 765 554 751 560 742 566 657 566 572 563 565 557 557 553 556 553 554 553 523 553 522 553 520 553 519 553 514 557 505 565 428 565 123 551 123 594"/></Shape>
	    <String CONTENT="ſuis obſeruare conſueuerant, de quibus agitur de"
                    HPOS="123"
                    VPOS="551"
                    WIDTH="1042"
                    HEIGHT="72"
                    WC="0.985691282898188"></String>
          </TextLine>

          
          
          <TextLine ID="eSc_line_84a8710d"
                    TAGREFS="LT4318"
                    BASELINE="127 655 1164 655" 
                    HPOS="127"
                    VPOS="612"
                    WIDTH="1037"
                    HEIGHT="67">
            <Shape><Polygon POINTS="127 655 127 670 199 679 200 679 233 672 236 672 346 672 349 673 362 679 364 679 365 679 452 673 483 672 557 672 560 675 566 679 568 679 569 679 571 679 609 675 635 672 664 675 706 679 707 679 767 676 829 672 852 676 868 679 870 679 902 676 957 672 1163 678 1164 655 1164 624 1097 624 1097 623 1075 612 1073 612 1072 612 1023 623 1020 623 1015 623 983 615 981 615 944 621 936 623 929 621 887 612 886 612 884 612 883 612 870 621 867 623 859 621 817 612 816 612 815 612 789 621 782 624 618 624 614 620 606 614 606 612 605 612 603 612 602 612 569 620 553 623 535 618 504 612 502 612 501 612 477 618 461 623 447 618 431 612 429 612 361 612 359 612 358 612 356 612 350 618 343 624 275 624 263 617 254 612 252 612 251 612 223 617 196 621 184 617 174 612 172 612 171 612 127 615 127 655"/></Shape>
	    <String CONTENT="Conſecr. diſtinct.1. Cæterum illa iam dedicata"
                    HPOS="127"
                    VPOS="612"
                    WIDTH="1037"
                    HEIGHT="67"
                    WC="0.982827452213868"></String>
          </TextLine>

          
          
          <TextLine ID="eSc_line_09c43afc"
                    TAGREFS="LT4318"
                    BASELINE="123 712 1163 715" 
                    HPOS="123"
                    VPOS="670"
                    WIDTH="1040"
                    HEIGHT="73">
            <Shape><Polygon POINTS="123 712 123 730 176 730 206 742 208 742 209 742 539 740 541 740 571 730 572 730 574 730 624 742 626 742 627 742 629 742 629 740 641 731 664 731 697 743 699 743 700 743 771 731 782 739 783 739 785 739 786 739 929 731 948 743 950 743 951 743 953 743 1018 731 1161 731 1163 715 1161 681 919 672 917 672 871 681 858 682 849 681 822 672 820 672 819 672 817 672 816 672 803 681 800 682 688 682 679 681 652 672 651 672 649 672 602 681 594 681 591 681 572 673 571 673 569 673 568 673 566 673 557 681 556 682 443 682 435 681 385 670 383 670 382 670 359 681 356 682 288 682 287 681 276 672 276 670 275 670 273 670 242 670 240 670 239 670 237 670 224 681 221 681 123 681 123 712"/></Shape>
	    <String CONTENT="templa appellarunt auguſto nomine ναοὺς, ἐκκλησιας"
                    HPOS="123"
                    VPOS="670"
                    WIDTH="1040"
                    HEIGHT="73"></String>
          </TextLine>

          
          
          <TextLine ID="eSc_line_8ec62b39"
                    TAGREFS="LT4318"
                    BASELINE="120 770 1164 773" 
                    HPOS="120"
                    VPOS="725"
                    WIDTH="1044"
                    HEIGHT="70">
            <Shape><Polygon POINTS="120 770 120 795 1163 792 1164 773 1164 740 1107 730 1106 730 1105 730 1079 739 1078 739 1076 739 1057 728 1055 728 1054 728 993 730 991 730 990 730 983 737 980 739 957 737 907 731 905 731 856 736 813 739 806 734 797 728 795 728 794 728 709 728 707 728 706 728 704 728 699 733 696 736 676 733 642 727 641 727 639 727 626 731 615 736 606 731 596 727 594 727 501 727 499 727 480 730 435 739 215 739 199 727 197 727 196 727 120 725 120 770"/></Shape>
	    <String CONTENT="ἰερὰ vt apparet ex Epiſtolis Sidonij Apollinaris."
                    HPOS="120"
                    VPOS="725"
                    WIDTH="1044"
                    HEIGHT="70"></String>
          </TextLine>

          
          
          <TextLine ID="eSc_line_e6c865f1"
                    TAGREFS="LT4318"
                    BASELINE="126 831 1161 834" 
                    HPOS="124"
                    VPOS="789"
                    WIDTH="1037"
                    HEIGHT="73">
            <Shape><Polygon POINTS="126 831 124 849 163 859 165 859 166 861 211 861 211 859 212 859 230 849 233 849 355 849 359 849 395 859 397 859 398 861 571 861 571 859 572 859 600 849 603 849 608 849 649 858 651 858 652 858 654 858 667 850 780 850 794 858 795 858 797 858 798 858 800 858 823 850 853 861 855 861 856 862 959 862 959 861 960 861 962 861 978 850 1107 861 1109 861 1160 849 1161 834 1158 795 1024 800 1014 795 1005 791 1003 791 941 791 939 791 938 791 920 795 908 798 887 795 852 791 850 791 849 791 837 795 831 798 812 795 774 791 773 791 771 791 770 791 762 795 755 800 709 797 658 792 657 792 655 792 654 792 649 797 645 800 630 797 596 789 594 789 484 797 458 798 441 797 368 789 367 789 365 789 343 797 339 800 206 800 200 798 142 789 141 789 139 789 126 795 126 831"/></Shape>
	    <String CONTENT="Quorum etiam templorum inter Chriſtianos, vt"
                    HPOS="124"
                    VPOS="789"
                    WIDTH="1037"
                    HEIGHT="73"
                    WC="0.994279988787391"></String>
          </TextLine>

          
          
          <TextLine ID="eSc_line_e026a627"
                    TAGREFS="LT4318"
                    BASELINE="121 890 1163 890" 
                    HPOS="121"
                    VPOS="849"
                    WIDTH="1042"
                    HEIGHT="70">
            <Shape><Polygon POINTS="121 890 121 907 215 907 237 917 239 917 240 919 310 919 310 917 312 917 348 907 422 914 423 914 495 908 508 917 510 917 511 917 513 917 514 917 550 907 602 917 603 917 605 917 642 907 724 907 755 917 757 917 758 919 874 919 874 917 875 917 877 917 877 916 889 907 939 917 941 917 942 917 944 917 959 908 999 917 1000 917 1002 917 1035 907 1140 917 1142 917 1143 917 1163 905 1163 890 1163 855 121 849 121 890"/></Shape>
	    <String CONTENT="inter Iudæos, tres partes conſtituerunt. Nempe"
                    HPOS="121"
                    VPOS="849"
                    WIDTH="1042"
                    HEIGHT="70"
                    WC="0.994876734588457"></String>
          </TextLine>

          
          
          <TextLine ID="eSc_line_dc772f65"
                    TAGREFS="LT4318"
                    BASELINE="118 947 1154 947" 
                    HPOS="118"
                    VPOS="904"
                    WIDTH="1036"
                    HEIGHT="71">
            <Shape><Polygon POINTS="118 947 118 965 325 965 328 966 345 974 346 974 348 974 349 974 374 966 383 965 395 966 432 974 434 975 524 975 524 974 526 974 527 974 535 968 541 965 553 968 566 972 568 972 569 974 569 972 571 972 582 969 597 965 652 969 704 974 706 974 771 971 886 965 974 972 991 974 993 974 994 974 997 972 1014 965 1042 974 1045 974 1047 974 1048 975 1154 975 1154 947 1154 911 1030 904 1029 904 1027 904 1015 910 1008 914 933 914 919 908 901 904 899 904 898 904 896 904 880 908 865 914 664 914 646 907 638 904 636 904 635 904 633 904 632 904 627 907 618 913 572 907 551 904 550 904 548 904 541 907 522 913 499 905 493 904 492 904 490 904 489 904 487 904 486 905 477 914 437 914 411 905 407 904 406 904 404 904 403 904 397 905 370 913 361 905 361 904 359 904 358 904 318 904 316 904 309 904 264 913 215 904 212 904 211 904 208 904 171 913 160 904 159 904 157 904 118 904 118 947"/></Shape>
	    <String CONTENT="Sanctum ſanctosũ, vbi eſt magnum altare Aʹ&#x27;γιον:"
                    HPOS="118"
                    VPOS="904"
                    WIDTH="1036"
                    HEIGHT="71"></String>
          </TextLine>

          
          
          <TextLine ID="eSc_line_bcd3df55"
                    TAGREFS="LT4318"
                    BASELINE="118 1009 1160 1006" 
                    HPOS="117"
                    VPOS="960"
                    WIDTH="1043"
                    HEIGHT="75">
            <Shape><Polygon POINTS="118 1009 118 1032 166 1024 279 1024 288 1032 290 1033 291 1033 292 1033 294 1033 310 1032 362 1024 388 1032 391 1032 392 1032 394 1032 401 1032 443 1024 455 1030 458 1033 459 1033 461 1033 462 1035 519 1035 519 1033 520 1033 522 1033 524 1030 530 1024 551 1030 560 1033 562 1033 563 1033 565 1033 574 1030 593 1024 652 1030 673 1032 675 1032 676 1032 684 1030 710 1023 740 1030 745 1030 746 1030 748 1030 749 1030 767 1023 776 1030 779 1032 780 1032 782 1032 783 1033 883 1033 883 1032 884 1032 892 1029 910 1023 947 1029 968 1032 969 1032 1158 1027 1160 1006 1157 972 1060 972 1014 960 1012 960 1011 960 1009 960 996 972 932 972 902 960 901 960 899 960 898 960 877 972 782 972 757 962 755 962 754 962 752 962 734 971 687 960 685 960 684 960 682 960 669 971 641 960 639 960 638 960 590 962 588 962 568 972 510 962 508 962 456 972 385 962 383 962 382 962 359 974 300 974 279 962 278 962 276 962 218 971 206 962 205 962 203 962 202 962 200 962 169 969 135 962 133 962 132 962 130 962 117 971 118 1009"/></Shape>
	    <String CONTENT="&amp; Sanctum ſiue χόρον, vbi eſt chorus Sacerdotum"
                    HPOS="117"
                    VPOS="960"
                    WIDTH="1043"
                    HEIGHT="75"
                    WC="0.97116215651234"></String>
          </TextLine>

          
          
          <TextLine ID="eSc_line_df19217a"
                    TAGREFS="LT4318"
                    BASELINE="118 1064 789 1064" 
                    HPOS="118"
                    VPOS="1021"
                    WIDTH="671"
                    HEIGHT="73">
            <Shape><Polygon POINTS="118 1064 118 1081 171 1093 172 1093 174 1093 202 1082 233 1090 234 1090 236 1090 273 1082 285 1091 285 1093 287 1093 288 1093 290 1094 348 1094 348 1093 349 1093 373 1082 403 1093 404 1093 406 1094 513 1094 513 1093 514 1093 536 1082 704 1093 706 1093 707 1093 709 1093 724 1082 739 1093 740 1093 742 1093 743 1093 745 1093 746 1093 746 1091 757 1082 789 1082 789 1064 789 1035 755 1035 734 1021 733 1021 731 1021 603 1021 602 1021 600 1021 599 1021 580 1035 547 1035 533 1023 533 1021 532 1021 530 1021 529 1021 469 1032 458 1023 458 1021 456 1021 455 1021 453 1021 404 1029 394 1021 392 1021 391 1021 389 1021 388 1021 345 1035 220 1035 147 1021 145 1021 144 1021 118 1033 118 1064"/></Shape>
	    <String CONTENT="canentium: Ναὸν, vbi eſt plebs."
                    HPOS="118"
                    VPOS="1021"
                    WIDTH="671"
                    HEIGHT="73"></String>
          </TextLine>

          
          
          <TextLine ID="eSc_line_3bdff9f5"
                    TAGREFS="LT4318"
                    BASELINE="174 1122 1160 1127" 
                    HPOS="172"
                    VPOS="1082"
                    WIDTH="988"
                    HEIGHT="72">
            <Shape><Polygon POINTS="172 1137 203 1148 205 1148 206 1148 242 1140 254 1149 255 1149 257 1149 258 1151 333 1151 333 1149 374 1140 502 1151 504 1151 505 1151 527 1142 548 1151 550 1151 551 1151 602 1142 712 1142 721 1149 721 1151 722 1151 724 1151 725 1151 829 1142 916 1152 917 1152 959 1143 981 1152 983 1152 984 1154 1116 1154 1116 1152 1158 1142 1160 1127 1158 1087 174 1082 174 1122"/></Shape>
	    <String CONTENT="Sed quæſitum eſt, verſus quam mundi partem"
                    HPOS="172"
                    VPOS="1082"
                    WIDTH="988"
                    HEIGHT="72"
                    WC="0.976466987814222"></String>
          </TextLine>

          
          
          <TextLine ID="eSc_line_d8630a07"
                    TAGREFS="LT4318"
                    BASELINE="116 1183 1154 1180" 
                    HPOS="114"
                    VPOS="1134"
                    WIDTH="1040"
                    HEIGHT="78">
            <Shape><Polygon POINTS="116 1183 116 1200 157 1200 160 1200 174 1210 175 1210 176 1210 178 1210 179 1210 215 1200 218 1200 221 1200 245 1207 246 1207 248 1207 406 1200 416 1200 417 1200 432 1210 434 1210 435 1210 437 1212 575 1212 575 1210 577 1210 597 1203 740 1209 742 1209 743 1209 768 1198 771 1198 782 1198 901 1209 902 1209 1152 1197 1154 1180 1149 1145 908 1145 904 1143 890 1134 889 1134 887 1134 822 1134 820 1134 819 1134 817 1134 806 1143 801 1146 737 1146 733 1143 721 1134 719 1134 718 1134 716 1134 715 1134 690 1143 681 1145 670 1143 633 1134 632 1134 630 1134 629 1134 618 1142 612 1148 554 1148 545 1142 532 1136 530 1136 529 1136 527 1136 511 1142 501 1146 472 1142 431 1136 429 1136 428 1136 411 1142 400 1146 392 1142 380 1136 379 1136 377 1136 333 1142 298 1146 261 1142 218 1136 217 1136 114 1140 116 1183"/></Shape>
	    <String CONTENT="&amp; plagam ſit orandum. Reſpond. Siquidem ver¬"
                    HPOS="114"
                    VPOS="1134"
                    WIDTH="1040"
                    HEIGHT="78"
                    WC="0.998263904994184"></String>
          </TextLine>

          
          
          <TextLine ID="eSc_line_6f68abc0"
                    TAGREFS="LT4318"
                    BASELINE="116 1241 1155 1241" 
                    HPOS="116"
                    VPOS="1195"
                    WIDTH="1039"
                    HEIGHT="75">
            <Shape><Polygon POINTS="116 1241 116 1264 174 1258 197 1264 208 1267 209 1267 211 1267 227 1264 255 1258 264 1264 270 1268 272 1268 273 1268 275 1268 276 1268 291 1264 307 1258 324 1262 340 1268 342 1268 343 1268 345 1268 364 1262 380 1258 385 1262 391 1267 391 1268 392 1268 394 1268 395 1270 426 1270 426 1268 428 1268 429 1268 438 1262 446 1258 502 1258 510 1262 517 1267 519 1267 520 1267 591 1268 593 1268 594 1268 596 1268 605 1261 608 1259 618 1261 648 1265 649 1265 673 1261 687 1258 694 1261 716 1268 718 1268 719 1268 721 1268 752 1259 761 1258 765 1259 782 1268 783 1268 785 1270 971 1270 971 1268 972 1268 974 1268 983 1261 1029 1268 1030 1268 1032 1268 1052 1259 1103 1267 1105 1267 1155 1256 1155 1241 1154 1201 838 1206 828 1198 825 1195 823 1195 822 1195 779 1195 777 1195 776 1195 768 1198 749 1207 697 1207 681 1198 676 1195 675 1195 673 1195 672 1195 670 1195 667 1198 655 1207 577 1207 560 1197 559 1197 557 1197 477 1195 475 1195 474 1195 469 1197 447 1207 383 1207 367 1195 365 1195 364 1195 362 1195 352 1195 292 1203 237 1195 233 1195 232 1195 230 1195 229 1195 212 1207 168 1207 151 1195 150 1195 148 1195 116 1195 116 1241"/></Shape>
	    <String CONTENT="bum Dei, à quo ſolo pendere debemus, ſpecte¬"
                    HPOS="116"
                    VPOS="1195"
                    WIDTH="1039"
                    HEIGHT="75"
                    WC="0.997006995148129"></String>
          </TextLine>

          
          
          <TextLine ID="eSc_line_495b7519"
                    TAGREFS="LT4318"
                    BASELINE="113 1296 1154 1299" 
                    HPOS="113"
                    VPOS="1253"
                    WIDTH="1041"
                    HEIGHT="76">
            <Shape><Polygon POINTS="113 1296 113 1322 166 1317 205 1322 249 1328 251 1328 252 1328 267 1322 281 1317 315 1322 361 1328 362 1328 364 1328 382 1322 391 1317 493 1317 519 1320 565 1328 566 1328 605 1320 623 1317 627 1320 639 1329 641 1329 642 1329 643 1329 645 1329 675 1320 681 1319 704 1320 835 1329 837 1329 886 1319 889 1319 890 1319 902 1329 904 1329 905 1329 907 1329 908 1329 929 1322 1055 1329 1057 1329 1058 1329 1079 1319 1081 1319 1152 1319 1154 1299 1152 1268 1073 1256 1072 1256 1070 1256 1038 1265 1033 1267 1021 1265 959 1258 957 1258 917 1264 899 1267 889 1264 870 1258 868 1258 867 1258 865 1258 849 1264 837 1268 743 1268 716 1261 693 1256 691 1256 608 1259 483 1265 461 1258 452 1255 450 1255 449 1255 447 1255 438 1258 413 1265 376 1256 365 1255 364 1255 362 1255 356 1256 334 1262 284 1255 278 1255 276 1255 275 1255 273 1255 260 1265 214 1258 212 1258 211 1258 184 1265 113 1253 113 1296"/></Shape>
	    <String CONTENT="mus perinde eſt, neque refert in quam mundi re¬"
                    HPOS="113"
                    VPOS="1253"
                    WIDTH="1041"
                    HEIGHT="76"
                    WC="0.992263799018048"></String>
          </TextLine>

          
          
          <TextLine ID="eSc_line_5e631f34"
                    TAGREFS="LT4318"
                    BASELINE="114 1354 1152 1362" 
                    HPOS="114"
                    VPOS="1314"
                    WIDTH="1038"
                    HEIGHT="73">
            <Shape><Polygon POINTS="114 1354 114 1380 281 1374 423 1383 434 1383 435 1383 438 1383 469 1375 478 1383 480 1383 481 1383 483 1383 486 1383 565 1377 632 1384 638 1384 639 1384 645 1384 736 1377 755 1386 757 1386 758 1386 759 1386 761 1386 762 1386 773 1378 867 1386 873 1386 874 1386 875 1386 913 1378 925 1386 926 1386 928 1386 929 1386 1017 1380 1149 1387 1152 1362 1149 1326 806 1328 795 1322 792 1319 791 1319 789 1319 748 1319 746 1319 734 1320 704 1326 672 1320 655 1317 654 1317 652 1317 645 1320 627 1326 618 1319 617 1319 615 1319 614 1319 605 1319 553 1325 464 1317 435 1316 434 1316 422 1317 371 1325 328 1316 318 1314 316 1314 315 1314 310 1316 292 1323 267 1316 266 1316 264 1316 263 1316 208 1323 197 1316 196 1316 194 1316 114 1314 114 1354"/></Shape>
	    <String CONTENT="gionem conuerſi precemur. Sin autem morem"
                    HPOS="114"
                    VPOS="1314"
                    WIDTH="1038"
                    HEIGHT="73"></String>
          </TextLine>

          
          
          <TextLine ID="eSc_line_725a5d33"
                    TAGREFS="LT4318"
                    BASELINE="111 1415 1151 1420" 
                    HPOS="111"
                    VPOS="1371"
                    WIDTH="1040"
                    HEIGHT="73">
            <Shape><Polygon POINTS="111 1415 111 1439 153 1432 163 1439 165 1441 166 1441 168 1441 169 1441 185 1439 257 1432 275 1439 279 1441 281 1441 282 1441 383 1438 571 1433 594 1438 623 1442 624 1442 651 1436 670 1433 748 1436 919 1444 920 1444 922 1444 923 1444 936 1435 1149 1433 1151 1420 1149 1386 1042 1386 1039 1384 1021 1374 1020 1374 1018 1374 1017 1374 997 1381 978 1374 977 1374 975 1374 974 1374 972 1374 960 1383 957 1384 944 1383 890 1377 889 1377 887 1377 873 1383 868 1384 867 1383 858 1375 858 1374 856 1374 855 1374 853 1374 819 1381 806 1384 789 1381 757 1375 755 1375 679 1380 678 1380 669 1372 667 1372 666 1372 664 1372 630 1380 615 1383 611 1380 602 1372 600 1372 599 1372 527 1372 526 1372 524 1372 510 1378 502 1381 489 1378 456 1371 455 1371 413 1378 389 1381 364 1377 336 1372 334 1372 111 1374 111 1415"/></Shape>
	    <String CONTENT="Papiſtarum, verſus Orientem orant, &amp; eôdem e¬"
                    HPOS="111"
                    VPOS="1371"
                    WIDTH="1040"
                    HEIGHT="73"
                    WC="0.99549275636673"></String>
          </TextLine>

          
          
          <TextLine ID="eSc_line_076eb2ff"
                    TAGREFS="LT4318"
                    BASELINE="108 1473 1148 1478" 
                    HPOS="107"
                    VPOS="1432"
                    WIDTH="1041"
                    HEIGHT="68">
            <Shape><Polygon POINTS="108 1473 107 1487 132 1497 133 1497 135 1497 197 1490 346 1497 348 1497 386 1490 455 1499 456 1499 492 1491 523 1499 524 1499 526 1499 527 1499 547 1491 658 1499 660 1499 661 1499 663 1499 675 1491 809 1500 810 1500 1146 1491 1148 1478 1148 1447 1107 1445 1097 1435 1096 1435 1094 1435 1093 1435 1033 1444 1024 1445 997 1444 911 1438 910 1438 852 1442 801 1445 777 1441 740 1433 739 1433 737 1433 716 1439 703 1444 633 1439 596 1436 594 1436 581 1438 542 1444 504 1436 483 1433 481 1433 480 1433 472 1436 455 1444 446 1436 444 1435 443 1435 441 1435 440 1435 438 1435 435 1436 416 1442 394 1435 382 1432 380 1432 379 1432 330 1435 194 1442 108 1432 108 1473"/></Shape>
	    <String CONTENT="tiam templorum ſuorum capita conuertunt. Ve¬"
                    HPOS="107"
                    VPOS="1432"
                    WIDTH="1041"
                    HEIGHT="68"
                    WC="0.995666869662025"></String>
          </TextLine>

          
          
          <TextLine ID="eSc_line_8bea1d07"
                    TAGREFS="LT4318"
                    BASELINE="107 1533 1140 1536" 
                    HPOS="107"
                    VPOS="1487"
                    WIDTH="1033"
                    HEIGHT="73">
            <Shape><Polygon POINTS="107 1533 107 1552 462 1549 514 1552 602 1557 603 1557 605 1557 606 1557 614 1552 618 1549 648 1551 731 1558 733 1560 1038 1560 1038 1558 1139 1549 1140 1536 1139 1502 1070 1488 1036 1488 1035 1488 1033 1488 1032 1488 1014 1500 1012 1500 1008 1500 974 1500 960 1488 959 1488 957 1488 956 1488 954 1488 953 1488 935 1500 874 1488 873 1488 871 1488 829 1500 826 1502 800 1502 798 1500 780 1488 779 1488 777 1488 776 1488 774 1488 751 1500 749 1500 746 1500 696 1488 694 1488 693 1488 666 1500 664 1500 535 1500 535 1499 517 1487 516 1487 514 1487 446 1487 444 1487 443 1487 407 1497 391 1487 389 1487 388 1487 386 1487 331 1499 330 1499 328 1499 294 1487 292 1487 242 1487 240 1487 239 1487 237 1487 224 1497 135 1490 133 1490 132 1490 107 1497 107 1533"/></Shape>
	    <String CONTENT="tus quidem Eccleſia etiam ſub Conſtantino libe¬"
                    HPOS="107"
                    VPOS="1487"
                    WIDTH="1033"
                    HEIGHT="73"
                    WC="0.985501961505159"></String>
          </TextLine>

          
          
          <TextLine ID="eSc_line_d3df1e69"
                    TAGREFS="LT4318"
                    BASELINE="102 1591 1148 1594" 
                    HPOS="101"
                    VPOS="1545"
                    WIDTH="1047"
                    HEIGHT="71">
            <Shape><Polygon POINTS="102 1591 101 1603 275 1615 276 1615 278 1615 300 1606 432 1615 434 1615 605 1607 629 1616 630 1616 632 1616 1146 1606 1148 1594 1146 1548 1115 1548 1113 1548 1112 1548 1110 1548 1091 1560 1058 1549 1057 1549 1055 1549 1003 1561 969 1548 968 1548 966 1548 965 1548 932 1560 908 1554 907 1554 905 1554 904 1554 884 1563 734 1563 716 1548 715 1548 713 1548 676 1548 675 1548 673 1548 626 1561 535 1561 490 1546 489 1546 487 1546 389 1560 370 1546 368 1546 367 1546 365 1546 364 1546 362 1546 345 1561 304 1561 261 1546 260 1546 258 1546 199 1552 102 1545 102 1591"/></Shape>
	    <String CONTENT="rior fuit, vt docet Socrates lib. 5. cap.22. Rationẽ"
                    HPOS="101"
                    VPOS="1545"
                    WIDTH="1047"
                    HEIGHT="71"
                    WC="0.97812302157564"></String>
          </TextLine>

          
          
          <TextLine ID="eSc_line_dea328f9"
                    TAGREFS="LT4318"
                    BASELINE="105 1649 1151 1655" 
                    HPOS="104"
                    VPOS="1600"
                    WIDTH="1047"
                    HEIGHT="77">
            <Shape><Polygon POINTS="105 1649 104 1668 217 1673 218 1673 239 1670 282 1664 368 1671 392 1673 394 1673 395 1673 397 1673 398 1671 408 1665 475 1673 499 1674 501 1674 502 1674 504 1674 505 1673 514 1665 559 1665 585 1673 590 1674 591 1674 593 1674 605 1673 660 1667 685 1674 693 1676 694 1676 696 1676 707 1674 745 1668 783 1674 792 1676 794 1676 795 1676 797 1676 797 1674 806 1667 828 1674 829 1674 831 1674 883 1667 1148 1677 1151 1655 1151 1616 1130 1607 1128 1607 1127 1607 1082 1616 1070 1607 1070 1606 1069 1606 1067 1606 993 1606 991 1606 990 1606 989 1606 989 1607 980 1615 977 1618 936 1618 932 1613 923 1606 922 1606 920 1606 919 1606 917 1606 899 1613 890 1616 867 1613 834 1607 832 1607 831 1607 829 1607 825 1612 820 1615 771 1610 724 1607 722 1607 721 1607 719 1607 716 1610 709 1615 672 1609 627 1603 626 1603 624 1603 623 1603 623 1604 617 1609 611 1613 559 1607 519 1603 517 1603 516 1603 514 1603 511 1606 501 1613 413 1606 411 1606 373 1613 361 1604 358 1601 356 1601 355 1601 353 1601 333 1603 254 1612 242 1603 242 1601 240 1601 239 1601 208 1601 206 1601 205 1601 176 1612 160 1601 159 1601 157 1601 105 1600 105 1649"/></Shape>
	    <String CONTENT="Papiſtæ afferunt, quòd ad Orientem fuerit ſitus"
                    HPOS="104"
                    VPOS="1600"
                    WIDTH="1047"
                    HEIGHT="77"
                    WC="0.983877141028643"></String>
          </TextLine>

          
          
          <TextLine ID="eSc_line_bf7a67be"
                    TAGREFS="LT4318"
                    BASELINE="104 1708 1146 1711" 
                    HPOS="104"
                    VPOS="1659"
                    WIDTH="1042"
                    HEIGHT="76">
            <Shape><Polygon POINTS="104 1708 104 1732 524 1725 554 1729 580 1734 581 1734 603 1729 620 1726 638 1729 670 1734 672 1734 673 1734 687 1728 694 1726 715 1728 764 1734 765 1734 925 1726 947 1726 953 1726 1003 1735 1005 1735 1006 1735 1008 1735 1017 1726 1085 1726 1119 1735 1121 1735 1122 1735 1124 1735 1145 1725 1146 1711 1145 1676 1110 1676 1109 1674 1094 1664 1093 1664 1091 1664 1090 1664 1088 1664 1087 1664 1075 1674 1073 1676 1014 1676 1011 1673 990 1662 989 1662 987 1662 986 1662 950 1671 945 1673 941 1671 916 1664 914 1664 913 1664 911 1664 889 1671 877 1674 856 1670 828 1665 826 1665 825 1665 823 1665 816 1670 807 1676 740 1676 733 1668 730 1665 728 1665 727 1665 725 1665 724 1665 713 1668 699 1673 660 1667 621 1662 620 1662 618 1662 606 1667 591 1673 582 1667 577 1661 575 1661 574 1661 572 1661 519 1665 434 1673 423 1664 420 1662 420 1661 419 1661 417 1661 355 1661 353 1661 342 1662 288 1673 275 1662 275 1661 273 1661 272 1661 224 1661 223 1661 221 1661 220 1661 205 1674 171 1674 104 1659 104 1708"/></Shape>
	    <String CONTENT="paradiſus. Sed ex Ezechiel 8.verſ.16.reſponde¬"
                    HPOS="104"
                    VPOS="1659"
                    WIDTH="1042"
                    HEIGHT="76"></String>
          </TextLine>

          
          
          <TextLine ID="eSc_line_e4e66287"
                    TAGREFS="LT4318"
                    BASELINE="101 1763 1149 1769" 
                    HPOS="101"
                    VPOS="1720"
                    WIDTH="1048"
                    HEIGHT="76">
            <Shape><Polygon POINTS="101 1763 101 1786 151 1780 174 1786 182 1789 184 1789 185 1790 425 1790 425 1789 465 1786 516 1781 580 1786 704 1793 706 1793 707 1793 709 1793 722 1784 725 1783 849 1783 858 1784 902 1795 904 1796 1039 1796 1039 1795 1148 1783 1149 1769 1149 1738 978 1738 974 1735 957 1725 956 1725 954 1725 916 1725 914 1725 913 1725 895 1735 880 1723 878 1723 877 1723 840 1723 838 1723 837 1723 835 1723 835 1725 825 1734 822 1737 774 1737 771 1734 761 1725 761 1723 759 1723 758 1723 757 1723 755 1723 722 1732 710 1737 645 1737 626 1732 580 1722 458 1722 456 1722 455 1722 453 1722 443 1729 435 1734 301 1734 291 1728 281 1723 279 1723 278 1723 276 1723 267 1728 257 1732 251 1728 243 1720 242 1720 240 1720 239 1720 101 1725 101 1763"/></Shape>
	    <String CONTENT="mus damnatos eſſe à Deo, qui verſus Orientem"
                    HPOS="101"
                    VPOS="1720"
                    WIDTH="1048"
                    HEIGHT="76"
                    WC="0.974427088101705"></String>
          </TextLine>

          
          
          <TextLine ID="eSc_line_0be58514"
                    TAGREFS="LT4318"
                    BASELINE="104 1823 1145 1827" 
                    HPOS="102"
                    VPOS="1781"
                    WIDTH="1043"
                    HEIGHT="72">
            <Shape><Polygon POINTS="104 1823 102 1848 139 1850 141 1850 142 1850 144 1850 144 1848 157 1841 203 1848 215 1850 217 1850 230 1848 270 1842 331 1848 359 1850 361 1850 513 1847 710 1842 725 1845 752 1851 754 1851 783 1845 798 1842 820 1845 883 1853 884 1853 1030 1844 1038 1844 1039 1844 1073 1853 1075 1853 1076 1853 1143 1842 1145 1827 1145 1796 1124 1784 1122 1784 1121 1784 1045 1795 1012 1784 1011 1784 1009 1784 948 1795 947 1795 819 1795 725 1795 636 1783 635 1783 388 1792 362 1781 361 1781 319 1781 318 1781 316 1781 315 1781 315 1783 303 1792 303 1793 227 1793 226 1792 215 1783 215 1781 214 1781 212 1781 211 1781 209 1781 184 1792 181 1792 104 1792 104 1823"/></Shape>
	    <String CONTENT="quadam religione ducti orarent, nec quia ibi pri¬"
                    HPOS="102"
                    VPOS="1781"
                    WIDTH="1043"
                    HEIGHT="72"
                    WC="0.994098399366651"></String>
          </TextLine>

          
          
          <TextLine ID="eSc_line_89f692ca"
                    TAGREFS="LT4318"
                    BASELINE="101 1884 1142 1882" 
                    HPOS="99"
                    VPOS="1844"
                    WIDTH="1043"
                    HEIGHT="62">
            <Shape><Polygon POINTS="101 1884 104 1906 111 1900 1139 1906 1142 1882 1139 1854 1099 1854 1099 1853 1088 1844 1087 1844 1085 1844 1084 1844 1082 1844 1049 1853 1047 1854 974 1854 972 1853 963 1844 962 1844 960 1844 959 1844 957 1844 929 1851 923 1854 800 1854 792 1851 776 1844 774 1844 773 1844 731 1850 710 1854 584 1854 568 1848 550 1844 548 1844 499 1844 498 1844 496 1844 495 1844 489 1848 478 1854 383 1854 373 1847 368 1844 367 1844 365 1844 364 1844 336 1847 279 1853 99 1845 101 1884"/></Shape>
	    <String CONTENT="mum paradiſum collocauerat Deus, voluit tem¬"
                    HPOS="99"
                    VPOS="1844"
                    WIDTH="1043"
                    HEIGHT="62"
                    WC="0.982586532831192"></String>
          </TextLine>

          
          
          <TextLine ID="eSc_line_fa2f5e60"
                    TAGREFS="LT4318"
                    BASELINE="99 1940 1145 1945" 
                    HPOS="99"
                    VPOS="1896"
                    WIDTH="1046"
                    HEIGHT="70">
            <Shape><Polygon POINTS="99 1940 99 1961 282 1955 304 1963 306 1963 307 1963 312 1963 373 1954 392 1963 394 1963 395 1963 397 1963 446 1954 468 1963 471 1964 472 1964 474 1964 581 1964 623 1963 624 1963 626 1963 636 1955 761 1964 765 1964 767 1964 768 1964 797 1955 825 1964 828 1966 829 1966 831 1966 844 1964 926 1957 1015 1964 1017 1964 1018 1964 1042 1957 1081 1966 1084 1966 1085 1966 1087 1966 1113 1957 1140 1966 1145 1945 1145 1912 1103 1899 1102 1899 1100 1899 1047 1908 954 1899 953 1899 951 1899 932 1909 928 1912 797 1912 761 1911 755 1906 745 1897 743 1897 742 1897 740 1897 739 1897 718 1905 707 1897 706 1897 704 1897 703 1897 639 1900 638 1900 636 1900 630 1905 621 1911 449 1911 434 1902 422 1896 420 1896 419 1896 417 1896 404 1900 388 1909 353 1909 337 1900 328 1896 327 1896 325 1896 324 1896 322 1896 318 1900 309 1908 290 1899 281 1896 279 1896 249 1896 248 1896 246 1896 245 1896 242 1899 229 1908 99 1897 99 1940"/></Shape>
	    <String CONTENT="plum ſoum eò vergere. Vrbs enim Hieruſa¬"
                    HPOS="99"
                    VPOS="1896"
                    WIDTH="1046"
                    HEIGHT="70"
                    WC="0.973787611577569"></String>
          </TextLine>

          
          
          <TextLine ID="eSc_line_90e75221"
                    TAGREFS="LT4318"
                    BASELINE="98 2000 1143 2004" 
                    HPOS="96"
                    VPOS="1955"
                    WIDTH="1047"
                    HEIGHT="73">
            <Shape><Polygon POINTS="98 2000 96 2012 148 2024 150 2024 151 2024 182 2015 234 2024 236 2024 301 2015 304 2015 316 2015 524 2024 526 2024 556 2018 562 2016 568 2018 603 2025 605 2025 606 2025 623 2018 630 2018 713 2025 715 2025 716 2025 718 2025 725 2019 730 2016 780 2016 785 2019 792 2025 792 2027 794 2027 795 2027 797 2027 883 2021 904 2019 913 2021 942 2027 944 2027 945 2027 947 2027 953 2021 956 2019 957 2021 963 2027 965 2027 966 2027 968 2028 1008 2028 1008 2027 1009 2027 1011 2027 1017 2022 1023 2018 1042 2022 1066 2027 1067 2027 1069 2027 1078 2022 1088 2018 1140 2022 1143 2004 1142 1966 1069 1958 1067 1958 1066 1958 1064 1958 1057 1964 1049 1969 1044 1964 1041 1961 1039 1961 1038 1961 1036 1961 1002 1964 911 1972 843 1963 829 1961 828 1961 816 1963 759 1970 716 1961 693 1957 691 1957 664 1961 612 1970 597 1960 596 1958 594 1958 593 1958 556 1957 554 1957 553 1957 545 1960 520 1970 490 1960 481 1957 480 1957 408 1955 407 1955 406 1955 395 1958 367 1970 318 1970 284 1958 276 1955 275 1955 273 1955 272 1955 267 1958 248 1969 165 1969 98 1957 98 2000"/></Shape>
	    <String CONTENT="lem verſus meridiem. Templum autem, quod in"
                    HPOS="96"
                    VPOS="1955"
                    WIDTH="1047"
                    HEIGHT="73"
                    WC="0.978440324927485"></String>
          </TextLine>

          
          
          <TextLine ID="eSc_line_0e006993"
                    TAGREFS="LT4318"
                    BASELINE="99 2056 1140 2062" 
                    HPOS="98"
                    VPOS="2012"
                    WIDTH="1042"
                    HEIGHT="73">
            <Shape><Polygon POINTS="99 2056 98 2074 450 2082 452 2082 492 2079 553 2074 594 2080 620 2083 621 2083 736 2082 953 2077 962 2083 962 2085 963 2085 965 2085 966 2085 981 2083 1048 2077 1137 2085 1140 2062 1140 2031 1097 2016 1096 2016 1032 2016 1030 2016 1029 2016 994 2030 991 2031 956 2031 954 2028 939 2016 938 2016 936 2016 935 2016 823 2028 809 2030 771 2030 770 2027 759 2019 759 2018 758 2018 757 2018 755 2018 754 2018 731 2027 725 2030 679 2030 673 2025 654 2018 652 2018 651 2018 603 2025 593 2027 590 2025 577 2013 575 2013 574 2013 514 2013 513 2013 511 2013 510 2013 492 2024 486 2027 379 2027 361 2022 300 2012 263 2012 261 2012 260 2012 258 2012 246 2022 240 2025 99 2021 99 2056"/></Shape>
	    <String CONTENT="monte Sion erat, ad Septentrionem ſitum fuit,"
                    HPOS="98"
                    VPOS="2012"
                    WIDTH="1042"
                    HEIGHT="73"
                    WC="0.981924890147315"></String>
          </TextLine>

          
          
          <TextLine ID="eSc_line_9214ce20"
                    TAGREFS="LT4318"
                    BASELINE="101 2116 1140 2122" 
                    HPOS="101"
                    VPOS="2070"
                    WIDTH="1039"
                    HEIGHT="77">
            <Shape><Polygon POINTS="101 2116 101 2141 165 2132 188 2143 191 2143 193 2143 194 2144 261 2144 261 2143 263 2143 264 2143 284 2132 346 2132 371 2143 376 2144 377 2144 379 2144 380 2144 382 2144 383 2143 389 2137 407 2143 414 2144 416 2144 417 2144 431 2143 469 2135 510 2143 523 2144 524 2144 533 2143 569 2134 597 2143 603 2144 605 2144 606 2144 608 2144 614 2143 639 2135 678 2135 691 2143 694 2146 696 2146 697 2146 699 2146 730 2143 800 2135 825 2143 834 2146 835 2146 837 2146 858 2143 901 2137 919 2143 931 2147 932 2147 933 2147 987 2143 1069 2137 1137 2143 1140 2122 1139 2088 1085 2088 1084 2086 1069 2076 1067 2076 1066 2076 1064 2076 1012 2083 1000 2074 999 2074 997 2074 996 2074 994 2074 959 2085 954 2086 905 2085 843 2083 822 2073 820 2073 736 2073 734 2073 733 2073 731 2073 716 2083 713 2085 706 2083 663 2073 661 2073 618 2080 600 2071 599 2071 544 2071 542 2071 541 2071 539 2071 526 2082 523 2085 498 2085 493 2082 478 2071 477 2071 475 2071 474 2071 472 2071 471 2071 462 2079 403 2071 401 2071 400 2071 398 2071 385 2080 379 2083 191 2083 182 2079 160 2070 159 2070 157 2070 101 2077 101 2116"/></Shape>
	    <String CONTENT="vti apparet ex Pſal.48. &amp; Ezechiel.4o. verſ.2. De¬"
                    HPOS="101"
                    VPOS="2070"
                    WIDTH="1039"
                    HEIGHT="77"
                    WC="0.976988573074341"></String>
          </TextLine>

          
          
          <TextLine ID="eSc_line_68dc4e42"
                    TAGREFS="LT4318"
                    BASELINE="93 2174 1136 2180" 
                    HPOS="92"
                    VPOS="2129"
                    WIDTH="1044"
                    HEIGHT="101">
            <Shape><Polygon POINTS="93 2174 92 2224 138 2226 139 2226 141 2226 142 2226 179 2208 260 2208 324 2224 325 2224 327 2224 373 2217 504 2226 527 2227 529 2227 530 2227 533 2226 565 2210 600 2210 652 2223 654 2223 655 2223 762 2211 801 2227 806 2229 807 2229 809 2229 810 2229 815 2227 828 2221 865 2227 887 2230 889 2230 890 2230 892 2230 895 2227 910 2215 929 2227 933 2230 935 2230 936 2230 938 2230 939 2230 945 2227 968 2217 990 2227 996 2230 997 2230 999 2230 1000 2230 1002 2230 1005 2227 1021 2217 1070 2227 1084 2230 1085 2230 1134 2227 1136 2180 1134 2147 1093 2147 1093 2146 1079 2135 1079 2134 1078 2134 1076 2134 947 2134 945 2134 944 2134 922 2143 881 2134 880 2134 878 2134 859 2144 858 2144 816 2132 815 2132 813 2132 812 2132 789 2144 788 2144 585 2144 582 2141 559 2131 557 2131 556 2131 554 2131 517 2141 510 2143 501 2141 455 2131 453 2131 404 2140 389 2143 324 2143 319 2140 297 2129 295 2129 294 2129 246 2138 232 2143 176 2143 168 2138 147 2129 145 2129 144 2129 93 2137 93 2174"/></Shape>
	    <String CONTENT="pique videntur Papiſtæ veteres Perſas idolola¬"
                    HPOS="92"
                    VPOS="2129"
                    WIDTH="1044"
                    HEIGHT="101"
                    WC="0.981256407240163"></String>
          </TextLine>

          
        </TextBlock>
        

        
      </PrintSpace>
    </Page>
  </Layout>
</alto>
