<?xml version="1.0" encoding="UTF-8"?>
<alto xmlns:xsi="http://www.w3.org/2001/XMLSchema-instance"
      xmlns="http://www.loc.gov/standards/alto/ns-v4#"
      xsi:schemaLocation="http://www.loc.gov/standards/alto/ns-v4# http://www.loc.gov/standards/alto/v4/alto-4-2.xsd">
  <Description>
    <MeasurementUnit>pixel</MeasurementUnit>
    <sourceImageInformation>
      <fileName>2012978.png</fileName>
      
    </sourceImageInformation>
  </Description>
  
  <Tags>
    <OtherTag ID="BT10983" LABEL="GraphicZone" DESCRIPTION="block type GraphicZone"/><OtherTag ID="BT10982" LABEL="DropCapitalZone" DESCRIPTION="block type DropCapitalZone"/><OtherTag ID="BT10981" LABEL="RunningTitleZone" DESCRIPTION="block type RunningTitleZone"/><OtherTag ID="BT10980" LABEL="NumberingZone" DESCRIPTION="block type NumberingZone"/><OtherTag ID="BT10979" LABEL="TitlePageZone" DESCRIPTION="block type TitlePageZone"/><OtherTag ID="BT10978" LABEL="QuireMarksZone" DESCRIPTION="block type QuireMarksZone"/><OtherTag ID="BT10977" LABEL="MainZone" DESCRIPTION="block type MainZone"/><OtherTag ID="BT10976" LABEL="MarginTextZone" DESCRIPTION="block type MarginTextZone"/>
    <OtherTag ID="LT4321" LABEL="default" DESCRIPTION="line type default"/><OtherTag ID="LT4319" LABEL="HeadingLine" DESCRIPTION="line type HeadingLine"/><OtherTag ID="LT4318" LABEL="DefaultLine" DESCRIPTION="line type DefaultLine"/><OtherTag ID="LT4320" LABEL="CustomLine : BiblicalText" DESCRIPTION="line type CustomLine : BiblicalText"/>
  </Tags>
  
  <Layout>
    <Page WIDTH="1807"
          HEIGHT="2677"
          PHYSICAL_IMG_NR="25"
          ID="eSc_dummypage_">
      <PrintSpace HPOS="0"
                  VPOS="0"
                  WIDTH="1807"
                  HEIGHT="2677">
        
        <TextBlock HPOS="629.9440307617188"
                   VPOS="158.28353881835938"
                   WIDTH="99.7464599609375"
                   HEIGHT="58.42869567871094"
                   ID="block_3"
                   TAGREFS="BT10980">
          <Shape><Polygon POINTS="629.944 158.284 729.69 158.284 729.69 216.712 629.944 216.712 629.944 158.284"/></Shape>
          
          
          <TextLine ID="eSc_line_a7bb8106"
                    TAGREFS="LT4318"
                    BASELINE="638 205 764 202" 
                    HPOS="636"
                    VPOS="150"
                    WIDTH="128"
                    HEIGHT="77">
            <Shape><Polygon POINTS="638 205 638 227 693 227 694 227 696 227 696 226 697 226 700 221 707 212 761 214 764 202 761 174 724 174 721 171 699 151 699 150 697 150 696 150 663 150 661 150 660 150 636 162 638 205"/></Shape>
	    <String CONTENT="66"
                    HPOS="636"
                    VPOS="150"
                    WIDTH="128"
                    HEIGHT="77"
                    WC="0.999951541423798"></String>
          </TextLine>

          
        </TextBlock>
        
        <TextBlock HPOS="810.5225830078125"
                   VPOS="143.7082977294922"
                   WIDTH="713.468017578125"
                   HEIGHT="70.48619079589844"
                   ID="block_2"
                   TAGREFS="BT10981">
          <Shape><Polygon POINTS="810.523 143.708 1523.99 143.708 1523.99 214.194 810.523 214.194 810.523 143.708"/></Shape>
          
          
          <TextLine ID="eSc_line_f2121576"
                    TAGREFS="LT4319"
                    BASELINE="800 202 1515 188" 
                    HPOS="798"
                    VPOS="142"
                    WIDTH="717"
                    HEIGHT="79">
            <Shape><Polygon POINTS="1497 156 1482 150 1467 144 1453 142 1438 142 1423 142 1408 142 1393 142 1378 142 1363 142 1354 142 1338 157 1305 144 1304 144 1302 144 1301 144 1247 160 1194 160 1167 148 1165 148 1164 148 1163 148 1113 162 1094 145 1093 145 1091 145 1036 145 1035 145 1033 145 1032 145 1008 165 920 165 910 156 910 154 908 154 907 154 840 150 838 150 837 150 835 150 835 151 819 168 798 168 800 202 800 211 877 221 878 221 914 220 916 220 917 220 917 218 926 211 926 209 1006 209 1011 211 1035 218 1036 218 1038 218 1039 218 1063 209 1070 208 1082 209 1113 215 1115 215 1163 209 1197 205 1219 209 1246 214 1247 214 1299 208 1360 202 1372 208 1378 211 1380 211 1381 211 1515 206 1515 188 1514 162 1512 160"/></Shape>
	    <String CONTENT="AD I. PAVL. AD TIM."
                    HPOS="798"
                    VPOS="142"
                    WIDTH="717"
                    HEIGHT="79"
                    WC="0.995847730260146"></String>
          </TextLine>

          
        </TextBlock>
        
        <TextBlock HPOS="618.9207763671875"
                   VPOS="215.58946228027344"
                   WIDTH="1094.3907470703125"
                   HEIGHT="1949.4171295166016"
                   ID="block_1"
                   TAGREFS="BT10977">
          <Shape><Polygon POINTS="618.921 215.589 1713.31 215.589 1713.31 2165.01 618.921 2165.01 618.921 215.589"/></Shape>
          
          
          <TextLine ID="eSc_line_1d3cf27e"
                    TAGREFS="LT4318"
                    BASELINE="633 276 1137 263 1682 258" 
                    HPOS="632"
                    VPOS="205"
                    WIDTH="1050"
                    HEIGHT="90">
            <Shape><Polygon POINTS="1673 218 1658 212 1643 208 1635 205 1612 215 1609 218 1582 218 1580 217 1563 205 1561 205 1560 205 1558 205 1506 206 1505 206 1478 218 1476 220 1430 220 1427 220 1400 208 1399 208 1398 208 1396 208 1395 208 1381 220 1380 221 1342 221 1342 220 1302 209 1301 209 1299 209 1298 209 1277 217 1243 211 1241 211 1240 211 1238 211 1238 212 1226 223 1225 223 1224 223 1176 211 1174 211 1173 211 1151 223 1097 212 1096 212 996 226 984 229 914 229 914 227 886 217 884 217 883 217 881 217 880 217 862 229 837 217 835 217 834 217 757 224 730 218 728 218 727 218 725 218 724 218 706 232 704 233 632 233 633 276 633 295 1389 278 1424 284 1433 285 1435 285 1447 284 1487 276 1499 282 1502 284 1503 284 1505 284 1506 284 1509 282 1525 275 1679 279 1682 258 1680 221 1673 218"/></Shape>
	    <String CONTENT="nrofani ſenſerunt vti Heſiod. lib.1. ἔργ. καὶ ἠμερ. &amp;"
                    HPOS="632"
                    VPOS="205"
                    WIDTH="1050"
                    HEIGHT="90"></String>
          </TextLine>

          
          
          <TextLine ID="eSc_line_6ec9da7f"
                    TAGREFS="LT4318"
                    BASELINE="633 337 1090 324 1641 318" 
                    HPOS="632"
                    VPOS="266"
                    WIDTH="1009"
                    HEIGHT="84">
            <Shape><Polygon POINTS="633 337 633 350 1640 333 1641 318 1638 279 1563 278 1539 266 1537 266 1536 266 1534 266 1506 281 1505 281 1499 281 1445 270 1444 270 1442 270 1441 270 1441 272 1429 281 1427 282 1424 281 1392 272 1390 272 1389 272 1387 272 1365 282 1360 285 1307 285 1304 282 1290 270 1289 270 1287 270 1286 270 1207 272 1206 272 1204 272 1204 273 1194 284 1176 273 1174 273 1173 273 1128 282 1060 275 1058 275 1057 275 1026 285 1014 291 947 291 939 287 926 278 925 278 923 278 877 278 875 278 874 278 873 278 858 288 847 294 823 294 815 288 800 279 798 279 797 279 795 279 794 279 792 279 792 281 782 288 776 294 728 290 670 284 669 284 632 290 633 337"/></Shape>
	    <String CONTENT="Plato, &amp; ex Platone M. Tull.lib.2. de Legibus."
                    HPOS="632"
                    VPOS="266"
                    WIDTH="1009"
                    HEIGHT="84"
                    WC="0.979568949212199"></String>
          </TextLine>

          
          
          <TextLine ID="eSc_line_23c74e58"
                    TAGREFS="LT4318"
                    BASELINE="691 389 1685 377" 
                    HPOS="690"
                    VPOS="337"
                    WIDTH="995"
                    HEIGHT="67">
            <Shape><Polygon POINTS="691 389 691 404 1683 395 1685 377 1680 337 690 346 691 389"/></Shape>
	    <String CONTENT="Videtur etiam hæc ſanctitas, quæ vera eſt, hîc"
                    HPOS="690"
                    VPOS="337"
                    WIDTH="995"
                    HEIGHT="67"
                    WC="0.984507494784416"></String>
          </TextLine>

          
          
          <TextLine ID="eSc_line_f8ed7d50"
                    TAGREFS="LT4318"
                    BASELINE="633 453 1027 441 1685 434" 
                    HPOS="632"
                    VPOS="383"
                    WIDTH="1053"
                    HEIGHT="89">
            <Shape><Polygon POINTS="633 453 633 464 651 472 652 472 654 472 730 465 812 471 813 471 908 459 977 468 978 468 980 468 997 459 1055 466 1057 466 1058 466 1088 455 1265 455 1292 462 1293 462 1295 462 1344 453 1499 459 1500 459 1586 450 1615 458 1616 458 1618 458 1683 446 1685 434 1682 386 1641 383 1640 383 1622 388 1579 397 1536 391 1534 391 1533 391 1531 391 1519 398 1487 391 1478 389 1476 389 1475 389 1470 391 1448 400 1356 394 1301 391 1299 391 1298 391 1284 395 1267 403 1241 397 1213 391 1212 391 1210 391 1191 398 1174 406 1085 406 1072 401 1049 394 1048 394 1047 394 916 395 914 395 913 395 901 406 899 406 859 397 858 397 856 397 820 407 810 410 785 408 666 400 664 400 663 400 632 410 633 453"/></Shape>
	    <String CONTENT="eſſe oppoſita à Paulo omnibus illis externis riti¬"
                    HPOS="632"
                    VPOS="383"
                    WIDTH="1053"
                    HEIGHT="89"
                    WC="0.98632059728398"></String>
          </TextLine>

          
          
          <TextLine ID="eSc_line_75c22ef3"
                    TAGREFS="LT4318"
                    BASELINE="635 511 1683 493" 
                    HPOS="633"
                    VPOS="449"
                    WIDTH="1050"
                    HEIGHT="81">
            <Shape><Polygon POINTS="635 511 635 524 777 530 779 530 780 530 806 523 812 522 837 522 965 527 966 527 1018 519 1027 519 1044 519 1157 524 1158 524 1222 516 1231 516 1243 516 1331 522 1332 522 1402 520 1403 520 1417 513 1421 511 1436 513 1481 519 1482 519 1682 508 1683 493 1680 459 1643 450 1641 450 1640 450 1638 450 1627 459 1572 459 1519 459 1497 449 1496 449 1494 449 1493 449 1456 459 1453 461 1450 459 1421 449 1420 449 1418 449 1417 449 1386 461 1378 464 1316 465 1237 465 1231 461 1222 453 1221 453 1219 453 1158 453 1157 453 1155 453 1134 462 1125 466 1066 468 1033 462 1000 456 999 456 997 456 980 462 966 466 914 462 861 459 859 459 858 459 841 464 806 474 761 474 749 464 746 461 745 461 743 461 742 461 740 461 730 464 696 474 633 465 635 511"/></Shape>
	    <String CONTENT="bus, lotionibus, &amp; carnalibus purgationibus, quæ"
                    HPOS="633"
                    VPOS="449"
                    WIDTH="1050"
                    HEIGHT="81"
                    WC="0.987698545058568"></String>
          </TextLine>

          
          
          <TextLine ID="eSc_line_0227e7d7"
                    TAGREFS="LT4318"
                    BASELINE="638 568 1686 551" 
                    HPOS="636"
                    VPOS="505"
                    WIDTH="1050"
                    HEIGHT="85">
            <Shape><Polygon POINTS="638 568 638 590 742 581 817 588 825 588 826 588 828 588 829 588 856 580 910 587 920 587 922 587 936 585 1000 578 1066 582 1085 584 1087 584 1088 584 1094 582 1121 575 1176 581 1198 582 1200 582 1201 582 1203 582 1203 581 1204 580 1212 574 1238 580 1249 581 1250 581 1252 581 1258 580 1271 574 1313 578 1334 580 1335 580 1337 580 1338 580 1341 577 1350 572 1426 575 1493 578 1494 578 1522 574 1549 569 1685 569 1686 551 1683 517 1635 505 1634 505 1632 505 1609 516 1594 505 1592 505 1591 505 1589 505 1588 505 1549 519 1488 519 1454 508 1453 508 1451 508 1450 508 1448 508 1432 520 1362 520 1347 513 1345 513 1344 513 1342 513 1326 522 1204 523 1121 513 1119 513 1118 513 1116 513 1116 514 1107 522 1082 514 1081 514 1079 514 1005 524 966 516 965 516 963 516 962 516 932 526 853 517 852 517 850 517 832 527 822 519 820 519 819 519 739 519 737 519 736 519 734 519 719 532 636 532 638 568"/></Shape>
	    <String CONTENT="veteri Dei lege hominibus templum ingreſſuris"
                    HPOS="636"
                    VPOS="505"
                    WIDTH="1050"
                    HEIGHT="85"
                    WC="0.999528925948673"></String>
          </TextLine>

          
          
          <TextLine ID="eSc_line_10581d07"
                    TAGREFS="LT4318"
                    BASELINE="642 629 1685 611" 
                    HPOS="641"
                    VPOS="563"
                    WIDTH="1044"
                    HEIGHT="91">
            <Shape><Polygon POINTS="642 629 642 654 737 642 777 651 779 651 780 651 785 651 846 640 916 646 917 646 919 646 941 639 950 646 951 646 953 646 954 646 960 646 1030 638 1060 643 1073 646 1075 646 1105 642 1164 635 1213 640 1247 643 1249 643 1250 643 1268 639 1284 635 1301 638 1323 642 1325 642 1326 642 1328 642 1335 638 1340 635 1362 636 1415 640 1417 640 1418 640 1430 635 1439 630 1457 633 1485 639 1487 639 1488 639 1502 633 1508 629 1685 627 1685 611 1682 569 1545 563 1543 563 1542 563 1508 572 1496 575 1493 572 1485 566 1484 566 1482 566 1481 566 1451 572 1424 565 1423 565 1421 565 1420 565 1418 565 1406 574 1402 577 1381 575 1337 571 1335 571 1207 578 1161 581 1158 580 1142 571 1140 571 1139 571 1093 581 1090 581 1085 581 993 572 991 572 990 572 989 572 975 584 959 584 933 584 931 584 828 575 826 575 641 590 642 629"/></Shape>
	    <String CONTENT="præcipiebantur, de quibus agit Apoſtol. ad Heb."
                    HPOS="641"
                    VPOS="563"
                    WIDTH="1044"
                    HEIGHT="91"
                    WC="0.998528306788587"></String>
          </TextLine>

          
          
          <TextLine ID="eSc_line_8edf9578"
                    TAGREFS="LT4318"
                    BASELINE="642 685 1683 669" 
                    HPOS="641"
                    VPOS="623"
                    WIDTH="1042"
                    HEIGHT="86">
            <Shape><Polygon POINTS="642 685 642 709 847 697 987 700 1085 703 1087 703 1088 703 1090 703 1097 698 1103 694 1133 697 1180 701 1182 701 1183 701 1206 696 1219 691 1231 694 1250 700 1252 700 1253 700 1296 693 1299 693 1302 693 1332 698 1334 698 1335 698 1337 698 1344 691 1347 690 1374 691 1491 697 1493 697 1604 685 1606 685 1652 694 1653 694 1655 694 1683 682 1683 669 1680 636 1627 636 1588 623 1586 623 1585 623 1583 623 1548 636 1502 630 1500 630 1418 638 1399 630 1398 630 1396 630 1395 630 1363 640 1244 640 1210 629 1209 629 1207 629 1206 629 1167 639 1097 633 1096 633 1094 633 1066 643 1021 632 1020 632 1018 632 887 635 886 635 884 635 871 645 847 635 846 635 844 635 783 636 782 636 731 649 669 643 667 643 666 643 641 651 642 685"/></Shape>
	    <String CONTENT="9. verſ 1o. &amp; Moſes Leuitici cap. 6. 13.15. 16.19."
                    HPOS="641"
                    VPOS="623"
                    WIDTH="1042"
                    HEIGHT="86"
                    WC="0.964822050929069"></String>
          </TextLine>

          
          
          <TextLine ID="eSc_line_236b29d8"
                    TAGREFS="LT4318"
                    BASELINE="639 743 1685 730" 
                    HPOS="638"
                    VPOS="682"
                    WIDTH="1047"
                    HEIGHT="82">
            <Shape><Polygon POINTS="639 743 639 764 1683 748 1685 730 1682 693 1567 682 1566 682 1564 682 1536 694 1534 694 1531 694 1487 684 1485 684 1484 684 1451 696 1448 696 1447 696 1435 685 1433 685 1432 685 1430 685 1429 685 1395 694 1337 685 1335 685 1246 697 1244 697 1243 697 1198 688 1197 688 1195 688 1194 688 1182 698 1134 698 1047 700 1044 700 1008 690 1006 690 1005 690 874 701 859 703 853 703 810 693 809 693 807 693 785 703 783 703 704 694 703 694 701 694 700 694 687 704 685 706 638 706 639 743"/></Shape>
	    <String CONTENT="quibus ingens etiam cumulus à Phariſæis additus"
                    HPOS="638"
                    VPOS="682"
                    WIDTH="1047"
                    HEIGHT="82"
                    WC="0.982291051497062"></String>
          </TextLine>

          
          
          <TextLine ID="eSc_line_93356a5a"
                    TAGREFS="LT4318"
                    BASELINE="638 803 1685 788" 
                    HPOS="636"
                    VPOS="745"
                    WIDTH="1049"
                    HEIGHT="81">
            <Shape><Polygon POINTS="638 803 638 817 707 817 709 817 739 826 740 826 742 826 743 826 764 817 767 816 791 816 914 823 916 823 981 814 999 813 1018 814 1084 820 1085 820 1087 820 1088 820 1096 813 1099 812 1167 813 1337 817 1338 817 1423 816 1424 816 1426 816 1432 810 1436 807 1441 810 1453 816 1454 816 1456 816 1683 807 1685 788 1680 749 1600 754 1588 751 1570 745 1569 745 1567 745 1566 745 1542 751 1525 755 1508 752 1473 745 1472 745 1390 754 1348 758 1322 755 1264 748 1262 748 1177 758 1146 761 1134 758 1105 751 1103 751 1102 751 1100 751 1099 751 1087 759 1084 762 1048 762 1032 761 980 752 978 752 925 762 914 764 911 762 899 756 898 756 896 756 844 764 840 764 835 764 780 755 779 755 777 755 776 755 759 765 758 765 730 759 728 759 727 759 725 759 715 767 712 768 636 768 638 803"/></Shape>
	    <String CONTENT="erat poſtea per δευτερώσεις, vt apparet Mar.7.V.4."
                    HPOS="636"
                    VPOS="745"
                    WIDTH="1049"
                    HEIGHT="81"></String>
          </TextLine>

          
          
          <TextLine ID="eSc_line_3dab0fd4"
                    TAGREFS="LT4318"
                    BASELINE="643 861 1690 846" 
                    HPOS="642"
                    VPOS="800"
                    WIDTH="1048"
                    HEIGHT="89">
            <Shape><Polygon POINTS="643 861 643 875 691 887 693 889 737 889 737 887 739 887 740 887 759 875 804 886 806 886 807 886 850 872 853 872 861 872 939 880 941 880 990 871 991 871 1058 883 1060 883 1061 883 1094 870 1096 870 1154 875 1155 875 1157 875 1158 875 1167 868 1177 877 1179 877 1180 877 1182 877 1183 877 1213 870 1253 880 1255 880 1256 880 1307 870 1331 878 1332 878 1334 878 1335 878 1337 878 1351 868 1478 877 1479 877 1481 877 1509 864 1628 874 1630 874 1631 874 1632 874 1652 861 1690 859 1690 846 1689 807 1664 800 1662 800 1661 800 1659 800 1658 800 1647 807 1641 810 1576 809 1454 806 1453 806 1267 814 1225 816 1219 816 1168 806 1167 806 1072 817 1060 819 1052 819 974 809 972 809 908 820 861 810 859 810 807 822 768 812 767 812 765 812 764 812 739 823 667 813 666 813 664 813 642 823 643 861"/></Shape>
	    <String CONTENT="Quæ lotìones antiquæ à Deo prę̧ceptæ veræ qui¬"
                    HPOS="642"
                    VPOS="800"
                    WIDTH="1048"
                    HEIGHT="89"></String>
          </TextLine>

          
          
          <TextLine ID="eSc_line_ca1b3755"
                    TAGREFS="LT4318"
                    BASELINE="642 922 1690 905" 
                    HPOS="641"
                    VPOS="858"
                    WIDTH="1049"
                    HEIGHT="84">
            <Shape><Polygon POINTS="642 922 642 935 724 942 725 942 922 932 947 931 956 931 1020 938 1021 938 1106 929 1119 928 1121 928 1134 935 1136 935 1137 935 1139 935 1157 928 1158 928 1168 928 1287 933 1289 933 1690 919 1690 905 1688 868 1640 858 1638 858 1637 858 1635 858 1621 868 1595 859 1594 859 1592 859 1591 859 1566 870 1564 871 1369 872 1368 872 1342 862 1341 862 1340 862 1338 862 1337 862 1319 874 1307 874 1250 874 1249 874 1213 864 1212 864 1210 864 1033 878 1018 878 990 878 948 878 928 868 926 868 925 868 704 883 699 883 697 883 664 872 663 872 661 872 660 872 641 881 642 922"/></Shape>
	    <String CONTENT="dem animi vitæque ſanctitatis ſigna erant &amp; fi¬"
                    HPOS="641"
                    VPOS="858"
                    WIDTH="1049"
                    HEIGHT="84"
                    WC="0.988648653030396"></String>
          </TextLine>

          
          
          <TextLine ID="eSc_line_f0535f81"
                    TAGREFS="LT4318"
                    BASELINE="642 977 1692 963" 
                    HPOS="641"
                    VPOS="922"
                    WIDTH="1051"
                    HEIGHT="80">
            <Shape><Polygon POINTS="642 977 642 1002 768 991 846 999 859 999 861 999 862 999 864 999 864 997 877 990 954 996 963 996 965 996 981 996 1081 989 1090 993 1096 996 1097 996 1099 996 1100 996 1107 993 1116 989 1212 990 1323 993 1325 993 1326 993 1328 993 1334 989 1338 984 1509 983 1524 984 1572 990 1573 990 1690 980 1692 963 1689 931 1650 922 1649 922 1570 931 991 929 990 929 932 938 856 932 855 932 853 932 852 932 840 941 641 942 642 977"/></Shape>
	    <String CONTENT="guræ: earum tamen implementum &amp; corpus in"
                    HPOS="641"
                    VPOS="922"
                    WIDTH="1051"
                    HEIGHT="80"
                    WC="0.997806147831242"></String>
          </TextLine>

          
          
          <TextLine ID="eSc_line_f9f29eaf"
                    TAGREFS="LT4318"
                    BASELINE="643 1038 1692 1023" 
                    HPOS="642"
                    VPOS="980"
                    WIDTH="1050"
                    HEIGHT="80">
            <Shape><Polygon POINTS="643 1038 643 1051 701 1060 703 1060 746 1049 751 1049 758 1049 807 1055 809 1055 883 1048 887 1048 889 1048 920 1057 922 1057 923 1057 925 1057 926 1057 936 1048 968 1054 969 1054 971 1054 972 1054 981 1047 983 1047 984 1047 1030 1052 1032 1052 1070 1045 1072 1045 1091 1054 1093 1054 1094 1055 1160 1055 1160 1054 1161 1054 1192 1044 1235 1052 1237 1052 1322 1042 1347 1051 1348 1051 1350 1051 1481 1049 1560 1048 1561 1048 1563 1048 1572 1041 1638 1047 1640 1047 1692 1035 1692 1023 1688 980 1451 987 1447 984 1442 980 1441 980 1439 980 1438 980 1402 984 1375 989 1365 986 1348 980 1347 980 1345 980 1344 980 1317 987 1305 989 1276 987 1174 981 1173 981 1171 981 1157 990 1151 993 1060 993 1051 991 1017 984 1015 984 957 993 948 994 941 994 881 986 880 986 878 986 877 986 867 994 831 987 829 987 828 987 826 987 815 996 748 987 746 987 745 987 725 997 679 989 678 989 676 989 642 999 643 1038"/></Shape>
	    <String CONTENT="Chriſto habetur &amp; confertur. Quanquam verò"
                    HPOS="642"
                    VPOS="980"
                    WIDTH="1050"
                    HEIGHT="80"></String>
          </TextLine>

          
          
          <TextLine ID="eSc_line_620eb987"
                    TAGREFS="LT4318"
                    BASELINE="641 1094 1693 1081" 
                    HPOS="639"
                    VPOS="1035"
                    WIDTH="1054"
                    HEIGHT="84">
            <Shape><Polygon POINTS="641 1094 641 1109 749 1119 751 1119 752 1119 783 1109 786 1109 792 1109 856 1118 858 1118 859 1118 877 1109 878 1109 908 1116 910 1116 911 1116 913 1116 933 1109 938 1107 945 1109 980 1116 981 1116 983 1116 997 1109 1002 1106 1026 1109 1069 1113 1070 1113 1072 1113 1085 1109 1091 1106 1096 1109 1103 1113 1105 1113 1106 1113 1107 1113 1109 1113 1110 1113 1116 1107 1122 1105 1137 1107 1158 1113 1160 1113 1161 1113 1163 1113 1176 1107 1186 1105 1200 1107 1222 1113 1224 1113 1225 1113 1226 1113 1244 1107 1262 1103 1450 1107 1546 1109 1548 1109 1576 1107 1665 1099 1690 1106 1693 1081 1689 1042 1594 1042 1574 1035 1573 1035 1572 1035 1372 1047 1326 1048 1313 1047 1255 1039 1253 1039 1252 1039 1250 1039 1235 1048 1234 1049 1168 1049 1167 1049 1157 1041 1155 1041 1154 1041 1106 1041 1105 1041 1055 1051 1049 1051 1045 1051 999 1042 997 1042 996 1042 975 1051 972 1052 968 1052 938 1044 936 1044 935 1044 889 1052 875 1044 874 1044 873 1044 871 1044 870 1044 849 1052 776 1045 774 1045 773 1045 754 1055 752 1057 700 1057 699 1055 670 1047 669 1047 667 1047 666 1047 639 1055 641 1094"/></Shape>
	    <String CONTENT="de publicis precibus hîc agit Paulus: in priuatis"
                    HPOS="639"
                    VPOS="1035"
                    WIDTH="1054"
                    HEIGHT="84"
                    WC="0.973026742935181"></String>
          </TextLine>

          
          
          <TextLine ID="eSc_line_9d779938"
                    TAGREFS="LT4318"
                    BASELINE="642 1157 1690 1139" 
                    HPOS="641"
                    VPOS="1096"
                    WIDTH="1049"
                    HEIGHT="80">
            <Shape><Polygon POINTS="642 1176 1661 1161 1662 1161 1690 1152 1690 1139 1686 1105 1577 1105 1576 1105 1536 1096 1534 1096 1533 1096 1512 1105 1463 1097 1461 1097 1375 1107 1365 1107 1362 1107 1342 1099 1341 1099 1340 1099 1255 1100 1253 1100 1234 1109 1229 1110 1225 1109 1212 1102 1210 1102 1209 1102 1207 1102 1206 1102 1198 1109 1195 1112 1152 1112 1113 1109 1048 1105 1047 1105 1011 1110 983 1115 956 1110 920 1106 919 1106 917 1106 902 1112 889 1116 858 1112 834 1109 832 1109 812 1112 782 1118 641 1115 642 1157"/></Shape>
	    <String CONTENT="tamen eundem animum ſanctum &amp; purum re¬"
                    HPOS="641"
                    VPOS="1096"
                    WIDTH="1049"
                    HEIGHT="80"
                    WC="0.985116160832919"></String>
          </TextLine>

          
          
          <TextLine ID="eSc_line_36b37299"
                    TAGREFS="LT4318"
                    BASELINE="643 1212 1695 1197" 
                    HPOS="642"
                    VPOS="1151"
                    WIDTH="1053"
                    HEIGHT="83">
            <Shape><Polygon POINTS="643 1212 643 1234 1274 1219 1693 1219 1695 1197 1692 1164 1598 1151 1597 1151 1595 1151 1594 1151 1582 1161 1570 1155 1569 1155 1567 1155 1566 1155 1533 1164 1485 1152 1484 1152 1482 1152 1481 1152 1479 1152 1467 1161 1458 1154 1457 1154 1456 1154 1454 1154 1348 1161 1276 1155 1274 1155 1273 1155 1271 1155 1271 1157 1258 1168 1234 1157 1232 1157 1231 1157 1167 1170 1149 1158 1148 1158 1146 1158 1145 1158 1143 1158 1109 1170 1073 1158 1072 1158 1070 1158 1069 1158 1067 1158 1051 1171 951 1174 928 1174 914 1163 914 1161 913 1161 911 1161 910 1161 746 1176 718 1165 716 1165 715 1165 713 1165 712 1165 700 1176 642 1177 643 1212"/></Shape>
	    <String CONTENT="quiri certiſſimum eſt, &amp; oſtendit Chriſtus. Matt."
                    HPOS="642"
                    VPOS="1151"
                    WIDTH="1053"
                    HEIGHT="83"
                    WC="0.985836853786391"></String>
          </TextLine>

          
          
          <TextLine ID="eSc_line_d5e1ad7e"
                    TAGREFS="LT4318"
                    BASELINE="645 1274 1695 1255" 
                    HPOS="643"
                    VPOS="1210"
                    WIDTH="1052"
                    HEIGHT="86">
            <Shape><Polygon POINTS="645 1274 646 1296 676 1289 817 1292 883 1293 884 1293 1094 1284 1290 1277 1384 1277 1624 1279 1625 1279 1695 1268 1695 1255 1690 1219 1546 1219 1487 1210 1485 1210 1484 1210 1482 1210 1467 1221 1435 1215 1433 1215 1314 1223 1287 1215 1286 1215 1284 1215 1283 1215 1265 1225 1252 1215 1250 1215 1249 1215 1247 1215 1127 1216 1125 1216 1124 1216 1109 1229 1047 1229 886 1221 884 1221 643 1237 645 1274"/></Shape>
	    <String CONTENT="5.verſ.24. Eſt in canon. Nihil. &amp; canon. Non me¬"
                    HPOS="643"
                    VPOS="1210"
                    WIDTH="1052"
                    HEIGHT="86"></String>
          </TextLine>

          
          
          <TextLine ID="eSc_line_e2d44e21"
                    TAGREFS="LT4318"
                    BASELINE="645 1332 1695 1317" 
                    HPOS="643"
                    VPOS="1270"
                    WIDTH="1052"
                    HEIGHT="86">
            <Shape><Polygon POINTS="645 1332 645 1347 746 1356 748 1356 749 1356 751 1356 764 1348 923 1353 925 1353 926 1353 956 1344 960 1344 972 1344 1055 1351 1057 1351 1058 1351 1073 1344 1076 1342 1096 1342 1179 1348 1180 1348 1212 1342 1218 1341 1221 1342 1237 1348 1238 1348 1240 1348 1241 1348 1267 1341 1276 1339 1332 1341 1478 1345 1479 1345 1481 1345 1493 1339 1499 1337 1508 1339 1525 1344 1527 1344 1528 1344 1530 1344 1545 1338 1552 1337 1693 1337 1695 1317 1692 1280 1640 1273 1638 1273 1580 1281 1574 1281 1573 1281 1543 1270 1542 1270 1484 1270 1482 1270 1481 1270 1479 1270 1460 1283 1423 1271 1421 1271 1420 1271 1418 1271 1417 1271 1403 1283 1331 1284 1314 1273 1313 1273 1311 1273 1274 1273 1273 1273 1271 1273 1221 1286 1210 1277 1209 1277 1207 1277 1206 1277 1204 1277 1176 1284 1154 1276 1152 1276 1079 1276 1078 1276 1076 1276 1075 1276 1058 1286 1035 1277 1033 1277 1032 1277 1030 1277 1000 1289 962 1277 960 1277 959 1277 957 1277 956 1277 956 1279 942 1292 804 1292 773 1281 771 1281 770 1281 768 1281 746 1293 670 1281 669 1281 667 1281 643 1293 645 1332"/></Shape>
	    <String CONTENT="diocriter, quod eſt dictum Hieronym. De con¬"
                    HPOS="643"
                    VPOS="1270"
                    WIDTH="1052"
                    HEIGHT="86"
                    WC="0.988140879706903"></String>
          </TextLine>

          
          
          <TextLine ID="eSc_line_e0e906dd"
                    TAGREFS="LT4318"
                    BASELINE="645 1390 1020 1386" 
                    HPOS="643"
                    VPOS="1338"
                    WIDTH="377"
                    HEIGHT="70">
            <Shape><Polygon POINTS="645 1390 645 1408 1018 1408 1020 1386 1017 1350 963 1350 963 1348 953 1339 953 1338 951 1338 950 1338 948 1338 901 1348 892 1350 887 1348 870 1339 868 1339 806 1339 804 1339 803 1339 779 1347 765 1351 728 1347 681 1341 679 1341 643 1345 645 1390"/></Shape>
	    <String CONTENT="ſecrat. diſtinct.5"
                    HPOS="643"
                    VPOS="1338"
                    WIDTH="377"
                    HEIGHT="70"
                    WC="0.972750577661726"></String>
          </TextLine>

          
          
          <TextLine ID="eSc_line_e938862c"
                    TAGREFS="LT4318"
                    BASELINE="700 1447 1701 1435" 
                    HPOS="699"
                    VPOS="1383"
                    WIDTH="1002"
                    HEIGHT="89">
            <Shape><Polygon POINTS="700 1447 700 1461 761 1472 762 1472 829 1461 841 1460 850 1461 895 1470 896 1470 898 1470 913 1463 1124 1467 1125 1467 1127 1467 1143 1460 1148 1457 1154 1460 1168 1467 1170 1467 1171 1467 1207 1458 1212 1458 1213 1458 1228 1466 1229 1466 1231 1466 1353 1464 1354 1464 1356 1464 1362 1458 1365 1457 1377 1458 1432 1464 1433 1464 1435 1464 1454 1457 1469 1453 1698 1455 1701 1435 1696 1383 1545 1390 1536 1386 1534 1384 1533 1384 1531 1384 1530 1384 1528 1384 1527 1384 1525 1386 1516 1392 1496 1386 1487 1384 1485 1384 1484 1384 1482 1384 1478 1387 1453 1400 1392 1400 1368 1389 1363 1387 1362 1387 1360 1387 1359 1387 1353 1389 1320 1402 1255 1402 1226 1392 1212 1387 1210 1387 1209 1387 1207 1387 1206 1387 1198 1392 1183 1403 1161 1403 1148 1393 1142 1389 1140 1389 1139 1389 1082 1389 1081 1389 1079 1389 1078 1389 1070 1395 1060 1403 1030 1396 1012 1392 1011 1392 1009 1392 1008 1392 1006 1392 1000 1396 991 1403 959 1397 941 1395 939 1395 920 1397 884 1405 853 1399 832 1396 831 1396 829 1396 828 1396 822 1400 815 1405 788 1400 755 1396 754 1396 699 1402 700 1447"/></Shape>
	    <String CONTENT="Certâ verò animi fiduciâ, quæ in gratuitis Dei"
                    HPOS="699"
                    VPOS="1383"
                    WIDTH="1002"
                    HEIGHT="89"
                    WC="0.992756159938112"></String>
          </TextLine>

          
          
          <TextLine ID="eSc_line_2652b790"
                    TAGREFS="LT4318"
                    BASELINE="648 1506 1701 1491" 
                    HPOS="646"
                    VPOS="1445"
                    WIDTH="1055"
                    HEIGHT="82">
            <Shape><Polygon POINTS="648 1506 648 1527 1699 1513 1701 1491 1696 1450 1637 1457 1618 1451 1603 1445 1601 1445 1600 1445 1488 1447 1487 1447 1485 1447 1476 1454 1467 1461 1395 1461 1381 1455 1363 1450 1362 1450 1360 1450 1359 1450 1357 1450 1357 1451 1350 1455 1344 1463 1276 1464 1183 1464 1171 1460 1148 1453 1146 1453 1145 1453 1143 1453 1124 1461 1115 1464 1069 1461 999 1458 997 1458 996 1458 978 1464 971 1466 963 1464 925 1455 923 1455 852 1466 838 1457 837 1457 835 1457 767 1457 765 1457 646 1470 648 1506"/></Shape>
	    <String CONTENT="promiſſionibus acquieſcat, orandum eſſe, docet"
                    HPOS="646"
                    VPOS="1445"
                    WIDTH="1055"
                    HEIGHT="82"
                    WC="0.992587414772614"></String>
          </TextLine>

          
          
          <TextLine ID="eSc_line_77bf82d7"
                    TAGREFS="LT4318"
                    BASELINE="635 1566 1696 1549" 
                    HPOS="633"
                    VPOS="1502"
                    WIDTH="1063"
                    HEIGHT="86">
            <Shape><Polygon POINTS="635 1566 635 1582 922 1588 923 1588 1696 1566 1696 1549 1695 1513 1676 1503 1674 1503 1673 1503 1671 1503 1653 1512 1598 1502 1597 1502 1595 1502 1577 1511 1518 1505 1516 1505 1515 1505 1482 1516 1482 1518 1417 1518 1354 1518 1329 1506 1328 1506 1326 1506 1325 1506 1270 1521 1216 1521 1113 1524 1096 1524 1033 1524 1008 1513 1006 1513 1005 1513 1003 1513 1002 1513 991 1521 980 1512 978 1512 977 1512 938 1512 936 1512 935 1512 933 1512 920 1522 890 1515 889 1515 887 1515 886 1515 867 1524 843 1513 841 1513 840 1513 728 1515 633 1530 635 1566"/></Shape>
	    <String CONTENT="&amp; Chriſtus ipſe Ioan.4.v.23, &amp; Iac.1.v.6. &amp; Pau¬"
                    HPOS="633"
                    VPOS="1502"
                    WIDTH="1063"
                    HEIGHT="86"
                    WC="0.984735599408547"></String>
          </TextLine>

          
          
          <TextLine ID="eSc_line_467a3492"
                    TAGREFS="LT4318"
                    BASELINE="645 1624 1701 1610" 
                    HPOS="643"
                    VPOS="1566"
                    WIDTH="1058"
                    HEIGHT="77">
            <Shape><Polygon POINTS="645 1624 645 1643 983 1643 983 1641 1009 1637 1032 1632 1105 1635 1229 1640 1231 1640 1277 1632 1298 1629 1344 1631 1460 1637 1461 1637 1463 1637 1485 1629 1490 1627 1699 1625 1701 1610 1698 1577 1647 1566 1646 1566 1644 1566 1643 1566 1625 1577 1615 1577 1580 1577 1574 1577 1515 1567 1514 1567 1512 1567 1472 1577 1464 1579 1458 1577 1432 1569 1430 1569 1429 1569 1427 1569 1411 1577 1406 1580 1342 1582 1296 1582 1293 1577 1284 1571 1284 1570 1283 1570 1282 1570 1280 1570 1226 1577 1198 1583 1149 1583 1142 1579 1128 1571 1127 1571 1125 1571 1026 1573 1024 1573 1005 1579 983 1586 785 1586 771 1579 764 1576 762 1576 761 1576 742 1579 699 1588 687 1579 685 1577 684 1577 682 1577 681 1577 643 1579 645 1624"/></Shape>
	    <String CONTENT="lus Romanor. 1o.verſ.14. quia vera precatio &amp;"
                    HPOS="643"
                    VPOS="1566"
                    WIDTH="1058"
                    HEIGHT="77"></String>
          </TextLine>

          
          
          <TextLine ID="eSc_line_62348691"
                    TAGREFS="LT4318"
                    BASELINE="643 1682 1696 1668" 
                    HPOS="642"
                    VPOS="1619"
                    WIDTH="1054"
                    HEIGHT="83">
            <Shape><Polygon POINTS="643 1682 643 1702 1696 1687 1696 1668 1692 1619 1533 1635 1286 1637 1240 1628 1238 1628 1237 1628 1235 1628 1224 1638 1201 1627 1200 1627 1198 1627 1197 1627 1164 1640 1107 1640 994 1628 993 1628 991 1628 962 1641 920 1629 919 1629 917 1629 819 1641 759 1631 758 1631 757 1631 710 1644 685 1632 684 1632 642 1632 643 1682"/></Shape>
	    <String CONTENT="Dei inuocatio eſt fidei effectus: quæ cum animi"
                    HPOS="642"
                    VPOS="1619"
                    WIDTH="1054"
                    HEIGHT="83"
                    WC="0.996341393349019"></String>
          </TextLine>

          
          
          <TextLine ID="eSc_line_94ebe1e2"
                    TAGREFS="LT4318"
                    BASELINE="645 1743 1293 1734" 
                    HPOS="643"
                    VPOS="1687"
                    WIDTH="650"
                    HEIGHT="82">
            <Shape><Polygon POINTS="645 1743 646 1769 675 1757 807 1763 809 1763 871 1756 914 1760 948 1765 950 1765 951 1765 966 1759 978 1756 1036 1757 1183 1762 1185 1762 1186 1762 1188 1762 1204 1751 1292 1748 1293 1734 1290 1699 1265 1699 1265 1698 1255 1689 1255 1687 1253 1687 1252 1687 1228 1687 1226 1687 1225 1687 1224 1687 1224 1689 1213 1698 1116 1689 1115 1689 1113 1689 1082 1698 1072 1701 1064 1698 1048 1690 1047 1690 1045 1690 942 1698 858 1704 834 1698 817 1693 816 1693 815 1693 794 1698 765 1704 752 1698 746 1695 745 1695 743 1695 728 1698 700 1702 643 1698 645 1743"/></Shape>
	    <String CONTENT="hæſitatione prorſus pugnat."
                    HPOS="643"
                    VPOS="1687"
                    WIDTH="650"
                    HEIGHT="82"
                    WC="0.996168425789586"></String>
          </TextLine>

          
          
          <TextLine ID="eSc_line_ac964443"
                    TAGREFS="LT4318"
                    BASELINE="704 1799 1702 1786" 
                    HPOS="703"
                    VPOS="1738"
                    WIDTH="999"
                    HEIGHT="86">
            <Shape><Polygon POINTS="704 1799 704 1824 925 1812 1005 1818 1032 1820 1033 1820 1035 1820 1045 1817 1073 1811 1112 1815 1134 1818 1136 1818 1161 1815 1197 1809 1249 1812 1290 1815 1292 1815 1366 1811 1423 1806 1439 1808 1470 1814 1472 1814 1473 1814 1493 1808 1502 1805 1525 1806 1588 1812 1589 1812 1591 1812 1592 1812 1603 1805 1606 1804 1702 1804 1702 1786 1698 1743 1664 1750 1641 1743 1628 1738 1627 1738 1625 1738 1624 1738 1613 1743 1597 1750 1548 1744 1516 1740 1515 1740 1514 1740 1512 1740 1512 1741 1508 1744 1499 1753 1475 1753 1463 1744 1458 1741 1457 1741 1456 1741 1369 1741 1368 1741 1347 1745 1316 1753 1268 1747 1247 1744 1246 1744 1244 1744 1243 1744 1240 1747 1228 1757 1096 1757 1081 1750 1079 1750 1078 1750 1035 1759 1023 1750 1021 1750 1020 1750 1018 1750 965 1759 911 1750 898 1748 896 1748 895 1748 893 1748 892 1750 880 1760 798 1762 776 1751 774 1751 773 1751 703 1751 704 1799"/></Shape>
	    <String CONTENT="Quæ poſtea de certo quodam ieiunio, de lotio¬"
                    HPOS="703"
                    VPOS="1738"
                    WIDTH="999"
                    HEIGHT="86"
                    WC="0.983209613958995"></String>
          </TextLine>

          
          
          <TextLine ID="eSc_line_fc5f3763"
                    TAGREFS="LT4318"
                    BASELINE="646 1859 1702 1844" 
                    HPOS="645"
                    VPOS="1796"
                    WIDTH="1057"
                    HEIGHT="80">
            <Shape><Polygon POINTS="646 1859 646 1876 1173 1876 1173 1875 1383 1864 1390 1864 1395 1864 1488 1870 1490 1870 1530 1863 1585 1869 1586 1869 1702 1859 1702 1844 1699 1798 1621 1796 1619 1796 1618 1796 1616 1796 1613 1799 1603 1806 1554 1801 1528 1798 1527 1798 1525 1798 1511 1802 1475 1811 1436 1804 1414 1799 1412 1799 1384 1805 1344 1812 1319 1806 1299 1801 1298 1801 1296 1801 1295 1801 1274 1806 1252 1814 1240 1808 1229 1802 1228 1802 1192 1802 1191 1802 1189 1802 1188 1802 1179 1809 1174 1812 1171 1809 1165 1805 1164 1805 1163 1805 1069 1804 1067 1804 1066 1804 1048 1812 1038 1817 1014 1814 962 1805 960 1805 959 1805 957 1805 941 1815 935 1818 923 1815 896 1808 895 1808 893 1808 892 1808 864 1817 853 1821 645 1821 646 1859"/></Shape>
	    <String CONTENT="ne manuum addita ſunt à Patribus, de quibus hîc"
                    HPOS="645"
                    VPOS="1796"
                    WIDTH="1057"
                    HEIGHT="80"
                    WC="0.989154476292279"></String>
          </TextLine>

          
          
          <TextLine ID="eSc_line_d5acf38e"
                    TAGREFS="LT4318"
                    BASELINE="652 1915 1702 1902" 
                    HPOS="651"
                    VPOS="1854"
                    WIDTH="1051"
                    HEIGHT="79">
            <Shape><Polygon POINTS="652 1915 652 1933 1701 1920 1702 1902 1699 1864 1591 1854 1589 1854 1588 1854 1563 1866 1546 1866 1490 1869 1487 1867 1473 1856 1472 1856 1470 1856 1469 1856 1389 1857 1387 1857 1386 1857 1372 1869 1369 1872 1304 1872 1298 1870 1262 1859 1261 1859 1259 1859 1258 1859 1256 1859 1235 1872 1231 1873 1207 1872 1100 1863 1099 1863 1097 1863 1096 1863 1082 1873 1081 1876 938 1876 936 1876 925 1866 925 1864 923 1864 922 1864 884 1863 883 1863 785 1866 783 1866 758 1879 755 1879 673 1866 672 1866 670 1866 669 1866 651 1876 652 1915"/></Shape>
	    <String CONTENT="Chryſoſt. Hom. 7 vbi quoſdam ſollicitos fuiſſe"
                    HPOS="651"
                    VPOS="1854"
                    WIDTH="1051"
                    HEIGHT="79"
                    WC="0.974039066097011"></String>
          </TextLine>

          
          
          <TextLine ID="eSc_line_f382fa19"
                    TAGREFS="LT4318"
                    BASELINE="646 1975 1707 1961" 
                    HPOS="645"
                    VPOS="1915"
                    WIDTH="1062"
                    HEIGHT="77">
            <Shape><Polygon POINTS="646 1975 646 1992 1707 1985 1707 1961 1704 1915 1631 1915 1630 1915 1628 1915 1624 1917 1588 1927 1558 1918 1554 1917 1552 1917 1551 1917 1398 1918 1396 1918 1395 1918 1390 1922 1381 1930 1232 1933 1165 1933 1160 1927 1152 1921 1151 1921 1149 1921 1148 1921 1109 1928 1099 1930 1091 1928 1054 1922 1052 1922 1051 1922 1049 1922 1049 1924 1042 1930 1038 1933 1018 1931 962 1924 960 1924 959 1924 957 1924 957 1925 948 1933 947 1934 942 1933 919 1924 917 1924 916 1924 914 1924 913 1924 898 1933 896 1934 884 1934 791 1925 789 1925 788 1925 786 1925 773 1936 773 1937 645 1939 646 1975"/></Shape>
	    <String CONTENT="notat de huiuſmodi rebus: non modò legales, ſed"
                    HPOS="645"
                    VPOS="1915"
                    WIDTH="1062"
                    HEIGHT="77"
                    WC="0.99212052176396"></String>
          </TextLine>

          
          
          <TextLine ID="eSc_line_abaf8aeb"
                    TAGREFS="LT4318"
                    BASELINE="648 2033 1705 2021" 
                    HPOS="646"
                    VPOS="1978"
                    WIDTH="1059"
                    HEIGHT="74">
            <Shape><Polygon POINTS="648 2033 648 2052 1287 2052 1287 2050 1345 2043 1347 2043 1439 2049 1441 2049 1705 2037 1705 2021 1702 1989 1573 1978 1572 1978 1508 1989 1320 1980 1319 1980 1317 1980 1316 1980 1298 1992 1280 1982 1279 1982 1232 1982 1231 1982 1229 1982 1228 1982 1216 1991 1210 1986 1209 1986 1207 1986 1206 1986 1204 1986 1173 1995 968 1995 911 1985 910 1985 908 1985 907 1985 892 1995 865 1986 864 1986 782 1986 780 1986 779 1986 736 2000 646 2000 648 2033"/></Shape>
	    <String CONTENT="etiam Ethnicorum cæremonias, aut potius ſuper¬"
                    HPOS="646"
                    VPOS="1978"
                    WIDTH="1059"
                    HEIGHT="74"
                    WC="0.997672651125037"></String>
          </TextLine>

          
          
          <TextLine ID="eSc_line_fcdd33a0"
                    TAGREFS="LT4318"
                    BASELINE="646 2091 1704 2079" 
                    HPOS="645"
                    VPOS="2037"
                    WIDTH="1059"
                    HEIGHT="79">
            <Shape><Polygon POINTS="646 2091 646 2116 785 2108 867 2113 908 2114 910 2114 911 2114 923 2111 944 2107 965 2111 978 2113 980 2113 1000 2110 1042 2104 1105 2108 1155 2111 1157 2111 1158 2111 1171 2107 1185 2102 1198 2107 1206 2108 1207 2108 1209 2108 1258 2105 1325 2101 1402 2102 1558 2107 1560 2107 1702 2096 1704 2079 1699 2043 1662 2047 1627 2043 1583 2037 1582 2037 1537 2043 1496 2049 1484 2043 1472 2038 1470 2038 1469 2038 1467 2038 1454 2043 1438 2050 1426 2044 1418 2040 1417 2040 1356 2040 1354 2040 1353 2040 1351 2040 1351 2041 1347 2044 1341 2050 1325 2044 1323 2044 1322 2044 1320 2044 1319 2044 1292 2052 1265 2044 1253 2041 1252 2041 1250 2041 1249 2041 1247 2041 1243 2044 1229 2053 1194 2053 1182 2044 1177 2041 1176 2041 1174 2041 1173 2041 1128 2043 1127 2043 1125 2043 1122 2046 1112 2055 971 2055 945 2047 944 2047 942 2047 941 2047 907 2058 773 2058 739 2047 737 2047 736 2047 734 2047 645 2047 646 2091"/></Shape>
	    <String CONTENT="ſtitiones reponunt nobis, &amp; redolent, etſi ani¬"
                    HPOS="645"
                    VPOS="2037"
                    WIDTH="1059"
                    HEIGHT="79"
                    WC="0.977576505630574"></String>
          </TextLine>

          
          
          <TextLine ID="eSc_line_ba3ca07a"
                    TAGREFS="LT4318"
                    BASELINE="646 2152 1702 2138" 
                    HPOS="645"
                    VPOS="2092"
                    WIDTH="1057"
                    HEIGHT="100">
            <Shape><Polygon POINTS="646 2152 646 2192 858 2192 859 2192 868 2187 898 2172 996 2184 1045 2189 1047 2189 1048 2189 1049 2189 1057 2181 1064 2177 1093 2181 1112 2183 1113 2183 1115 2183 1116 2183 1116 2181 1119 2180 1130 2169 1183 2178 1234 2186 1235 2186 1301 2174 1350 2166 1430 2166 1451 2169 1499 2180 1500 2180 1502 2180 1525 2168 1531 2165 1542 2168 1569 2174 1570 2174 1572 2174 1573 2174 1591 2166 1598 2163 1702 2163 1702 2138 1699 2105 1624 2092 1595 2092 1594 2092 1592 2092 1591 2092 1591 2094 1577 2105 1515 2094 1514 2094 1512 2094 1487 2105 1350 2095 1348 2095 1311 2102 1253 2096 1252 2096 1250 2096 1219 2111 1182 2111 1163 2098 1161 2098 1160 2098 1158 2098 1157 2098 1128 2111 1076 2111 1060 2099 1058 2099 1057 2099 1027 2099 1026 2099 1024 2099 986 2113 941 2101 939 2101 938 2101 878 2114 865 2102 864 2102 862 2102 861 2102 859 2102 826 2113 816 2104 816 2102 815 2102 813 2102 764 2102 762 2102 645 2117 646 2152"/></Shape>
	    <String CONTENT="mus ſobrius longè ardentiùs Deum precatur,"
                    HPOS="645"
                    VPOS="2092"
                    WIDTH="1057"
                    HEIGHT="100"
                    WC="0.973529989069158"></String>
          </TextLine>

          
        </TextBlock>
        
        <TextBlock HPOS="1566.9130859375"
                   VPOS="2172.138916015625"
                   WIDTH="142.7174072265625"
                   HEIGHT="53.219482421875"
                   ID="block_0"
                   TAGREFS="BT10978">
          <Shape><Polygon POINTS="1566.91 2172.14 1709.63 2172.14 1709.63 2225.36 1566.91 2225.36 1566.91 2172.14"/></Shape>
          
          
          <TextLine ID="eSc_line_4e705254"
                    TAGREFS="LT4318"
                    BASELINE="1566 2196 1707 2196" 
                    HPOS="1566"
                    VPOS="2153"
                    WIDTH="141"
                    HEIGHT="86">
            <Shape><Polygon POINTS="1702 2160 1689 2154 1688 2154 1686 2154 1685 2154 1653 2162 1628 2153 1627 2153 1625 2153 1566 2165 1566 2196 1566 2229 1628 2239 1630 2239 1707 2229 1707 2196 1707 2189 1702 2160"/></Shape>
	    <String CONTENT="quàm"
                    HPOS="1566"
                    VPOS="2153"
                    WIDTH="141"
                    HEIGHT="86"
                    WC="0.999753701686859"></String>
          </TextLine>

          
        </TextBlock>
        

        
      </PrintSpace>
    </Page>
  </Layout>
</alto>
