<?xml version="1.0" encoding="UTF-8"?>
<alto xmlns:xsi="http://www.w3.org/2001/XMLSchema-instance"
      xmlns="http://www.loc.gov/standards/alto/ns-v4#"
      xsi:schemaLocation="http://www.loc.gov/standards/alto/ns-v4# http://www.loc.gov/standards/alto/v4/alto-4-2.xsd">
  <Description>
    <MeasurementUnit>pixel</MeasurementUnit>
    <sourceImageInformation>
      <fileName>2012960.png</fileName>
      
    </sourceImageInformation>
  </Description>
  
  <Tags>
    <OtherTag ID="BT10983" LABEL="GraphicZone" DESCRIPTION="block type GraphicZone"/><OtherTag ID="BT10982" LABEL="DropCapitalZone" DESCRIPTION="block type DropCapitalZone"/><OtherTag ID="BT10981" LABEL="RunningTitleZone" DESCRIPTION="block type RunningTitleZone"/><OtherTag ID="BT10980" LABEL="NumberingZone" DESCRIPTION="block type NumberingZone"/><OtherTag ID="BT10979" LABEL="TitlePageZone" DESCRIPTION="block type TitlePageZone"/><OtherTag ID="BT10978" LABEL="QuireMarksZone" DESCRIPTION="block type QuireMarksZone"/><OtherTag ID="BT10977" LABEL="MainZone" DESCRIPTION="block type MainZone"/><OtherTag ID="BT10976" LABEL="MarginTextZone" DESCRIPTION="block type MarginTextZone"/>
    <OtherTag ID="LT4321" LABEL="default" DESCRIPTION="line type default"/><OtherTag ID="LT4319" LABEL="HeadingLine" DESCRIPTION="line type HeadingLine"/><OtherTag ID="LT4318" LABEL="DefaultLine" DESCRIPTION="line type DefaultLine"/><OtherTag ID="LT4320" LABEL="CustomLine : BiblicalText" DESCRIPTION="line type CustomLine : BiblicalText"/>
  </Tags>
  
  <Layout>
    <Page WIDTH="1807"
          HEIGHT="2677"
          PHYSICAL_IMG_NR="7"
          ID="eSc_dummypage_">
      <PrintSpace HPOS="0"
                  VPOS="0"
                  WIDTH="1807"
                  HEIGHT="2677">
        
        <TextBlock HPOS="641.9677734375"
                   VPOS="165.24331665039062"
                   WIDTH="91.493896484375"
                   HEIGHT="69.11378479003906"
                   ID="block_3"
                   TAGREFS="BT10980">
          <Shape><Polygon POINTS="641.968 165.243 733.462 165.243 733.462 234.357 641.968 234.357 641.968 165.243"/></Shape>
          
          
          <TextLine ID="eSc_line_7f5de2d6"
                    TAGREFS="LT4318"
                    BASELINE="664 217 731 214" 
                    HPOS="661"
                    VPOS="154"
                    WIDTH="70"
                    HEIGHT="91">
            <Shape><Polygon POINTS="661 166 664 217 666 245 731 224 731 214 727 162 681 154 679 154 678 154 669 157 661 166"/></Shape>
	    <String CONTENT="48"
                    HPOS="661"
                    VPOS="154"
                    WIDTH="70"
                    HEIGHT="91"></String>
          </TextLine>

          
        </TextBlock>
        
        <TextBlock HPOS="825.7881469726562"
                   VPOS="148.50970458984375"
                   WIDTH="705.8462524414062"
                   HEIGHT="72.67507934570312"
                   ID="block_0"
                   TAGREFS="BT10981">
          <Shape><Polygon POINTS="825.788 148.51 1531.63 148.51 1531.63 221.185 825.788 221.185 825.788 148.51"/></Shape>
          
          
          <TextLine ID="eSc_line_b3953134"
                    TAGREFS="LT4319"
                    BASELINE="829 211 1524 191" 
                    HPOS="826"
                    VPOS="136"
                    WIDTH="698"
                    HEIGHT="97">
            <Shape><Polygon POINTS="1496 141 1481 141 1466 141 1463 139 1460 142 1445 139 1436 139 1421 138 1406 138 1392 138 1377 136 1368 136 1359 145 1325 136 1323 136 1322 136 1320 136 1319 136 1302 151 1295 157 1252 159 1176 159 1164 151 1155 144 1154 144 1152 144 1151 144 1149 144 1130 151 1105 160 1072 151 1048 144 1047 144 1045 144 1044 144 1042 144 1032 151 1009 163 984 156 983 156 981 156 931 166 907 151 904 148 902 148 901 148 899 148 826 150 829 211 829 224 878 233 880 233 881 233 883 233 883 232 884 232 890 224 892 223 898 223 928 227 929 227 931 227 932 227 932 226 936 223 939 220 983 221 1094 227 1096 227 1151 218 1154 218 1158 218 1247 223 1249 223 1250 223 1252 223 1252 221 1258 215 1259 215 1261 215 1268 221 1270 221 1271 221 1273 221 1348 220 1350 220 1351 220 1351 218 1357 214 1365 208 1521 209 1524 191 1522 159 1511 147"/></Shape>
	    <String CONTENT="AD I. PAVL. AD TIM."
                    HPOS="826"
                    VPOS="136"
                    WIDTH="698"
                    HEIGHT="97"
                    WC="0.992147624492645"></String>
          </TextLine>

          
        </TextBlock>
        
        <TextBlock HPOS="629.44873046875"
                   VPOS="224.0413055419922"
                   WIDTH="1092.3570556640625"
                   HEIGHT="1957.7765655517578"
                   ID="block_2"
                   TAGREFS="BT10977">
          <Shape><Polygon POINTS="629.449 224.041 1721.81 224.041 1721.81 2181.82 629.449 2181.82 629.449 224.041"/></Shape>
          
          
          <TextLine ID="eSc_line_402ee15e"
                    TAGREFS="LT4318"
                    BASELINE="699 282 1693 261" 
                    HPOS="697"
                    VPOS="212"
                    WIDTH="996"
                    HEIGHT="94">
            <Shape><Polygon POINTS="1680 218 1631 212 1630 212 1628 212 1600 221 1588 224 1577 221 1551 215 1549 215 1548 215 1485 224 1451 229 1445 224 1438 218 1436 218 1435 218 1433 218 1432 218 1402 226 1386 230 1372 227 1345 218 1344 218 1342 218 1341 218 1319 229 1313 230 1304 229 1265 220 1264 220 1262 220 1238 230 1229 233 1221 230 1195 221 1194 221 1192 221 1191 221 1189 221 1176 232 1170 236 1119 236 1113 233 1100 224 1099 224 1097 224 1096 224 1094 224 1072 233 1066 236 1051 234 997 227 996 227 994 227 977 236 975 236 948 230 947 230 898 237 880 240 877 239 870 233 868 233 867 233 865 233 864 233 846 239 835 242 822 240 767 230 765 230 697 242 699 282 699 306 1693 284 1693 261 1690 227 1680 218"/></Shape>
	    <String CONTENT="Πρόθεσις quæ non modo ſuperius præceptum"
                    HPOS="697"
                    VPOS="212"
                    WIDTH="996"
                    HEIGHT="94"></String>
          </TextLine>

          
          
          <TextLine ID="eSc_line_69b4a728"
                    TAGREFS="LT4318"
                    BASELINE="641 345 1692 318" 
                    HPOS="639"
                    VPOS="269"
                    WIDTH="1053"
                    HEIGHT="95">
            <Shape><Polygon POINTS="641 345 641 364 1692 339 1692 318 1689 282 1634 269 1632 269 1573 281 1555 272 1554 272 1552 272 1551 272 1527 284 1476 273 1475 273 1473 273 1429 287 1424 287 1418 287 1359 276 1357 276 1290 288 1273 292 1195 292 1188 290 1168 282 1167 282 1165 282 1091 291 1048 297 1035 292 1021 288 1020 288 1018 288 1017 288 1003 292 989 300 925 300 913 294 898 288 896 288 895 288 893 288 892 288 883 295 878 298 867 295 850 291 849 291 847 291 846 291 831 295 809 303 768 297 737 292 736 292 734 292 724 298 712 304 700 298 691 294 690 294 688 294 639 298 641 345"/></Shape>
	    <String CONTENT="illuſtrat: ſed|etiam explicat. Addit enim illud i¬"
                    HPOS="639"
                    VPOS="269"
                    WIDTH="1053"
                    HEIGHT="95"></String>
          </TextLine>

          
          
          <TextLine ID="eSc_line_66fd5dca"
                    TAGREFS="LT4318"
                    BASELINE="643 404 1692 377" 
                    HPOS="642"
                    VPOS="334"
                    WIDTH="1050"
                    HEIGHT="97">
            <Shape><Polygon POINTS="643 431 709 422 761 428 794 431 795 431 817 426 846 419 861 425 874 429 875 429 877 429 910 423 944 416 1008 416 1015 419 1024 425 1026 425 1027 425 1029 425 1030 425 1051 419 1064 414 1105 416 1174 420 1176 420 1177 420 1206 413 1226 408 1264 411 1320 416 1322 416 1574 411 1692 397 1692 377 1688 345 1612 345 1576 334 1574 334 1573 334 1518 348 1514 348 1502 348 1418 343 1417 343 1353 350 1348 350 1345 350 1310 342 1308 342 1307 342 1305 342 1284 352 1280 353 1276 352 1246 343 1244 343 1243 343 1241 343 1240 343 1226 353 1224 355 1215 353 1171 345 1170 345 1087 355 1051 348 1049 348 1048 348 1027 356 1021 359 1009 358 974 350 972 350 971 350 948 358 941 361 925 359 881 353 880 353 878 353 858 361 847 364 838 361 819 353 817 353 816 353 774 362 757 367 724 367 716 364 706 356 704 356 703 356 701 356 642 364 643 404"/></Shape>
	    <String CONTENT="pſum, de quo magis aliqua &amp; anceps quæſtio e¬"
                    HPOS="642"
                    VPOS="334"
                    WIDTH="1050"
                    HEIGHT="97"
                    WC="0.969293468528324"></String>
          </TextLine>

          
          
          <TextLine ID="eSc_line_e906fd37"
                    TAGREFS="LT4318"
                    BASELINE="642 462 1690 437" 
                    HPOS="642"
                    VPOS="394"
                    WIDTH="1048"
                    HEIGHT="96">
            <Shape><Polygon POINTS="642 462 642 481 682 490 684 490 685 490 715 483 739 489 740 489 742 489 743 489 762 480 765 478 801 478 904 481 905 481 938 475 953 474 959 475 975 483 977 483 978 483 980 483 1008 475 1018 472 1035 474 1081 480 1082 480 1084 480 1085 480 1093 472 1094 472 1131 472 1298 474 1299 474 1301 474 1311 468 1320 465 1340 468 1375 474 1377 474 1418 466 1445 462 1461 466 1481 471 1482 471 1484 471 1689 461 1690 437 1686 394 1566 406 1528 400 1527 400 1337 410 1293 406 1258 403 1256 403 1229 408 1204 413 1176 410 1139 406 1137 406 1136 406 1115 411 1099 416 1063 413 1018 410 1017 410 975 416 947 420 939 417 925 411 923 411 922 411 920 411 896 419 884 422 875 419 855 414 853 414 852 414 850 414 831 420 823 423 807 422 767 417 765 417 649 426 642 462"/></Shape>
	    <String CONTENT="rat pro ratione temporis, quia tum omnes penè"
                    HPOS="642"
                    VPOS="394"
                    WIDTH="1048"
                    HEIGHT="96"
                    WC="0.982320698707"></String>
          </TextLine>

          
          
          <TextLine ID="eSc_line_84277496"
                    TAGREFS="LT4318"
                    BASELINE="645 520 1693 498" 
                    HPOS="643"
                    VPOS="456"
                    WIDTH="1050"
                    HEIGHT="91">
            <Shape><Polygon POINTS="645 520 645 541 745 547 746 547 777 539 794 536 809 539 840 545 841 545 843 545 844 545 853 538 861 533 956 533 971 536 991 542 993 542 994 542 1030 536 1064 530 1130 535 1180 538 1182 538 1183 538 1192 533 1206 527 1234 533 1246 535 1247 535 1286 532 1414 523 1473 530 1484 530 1485 530 1693 526 1693 498 1689 456 1453 466 1438 462 1424 459 1423 459 1421 459 1420 459 1408 464 1398 466 1365 465 1302 461 1301 461 1299 461 1282 466 1268 471 1225 468 1143 464 1142 464 1140 464 1116 471 1109 474 1069 472 928 468 926 468 925 468 923 468 923 469 916 477 896 469 895 469 893 469 892 469 856 478 850 480 843 480 783 471 782 471 731 480 716 472 715 472 713 472 712 472 710 472 697 483 697 484 643 484 645 520"/></Shape>
	    <String CONTENT="magiſtratus: imprimis autem ſummus, qui erat"
                    HPOS="643"
                    VPOS="456"
                    WIDTH="1050"
                    HEIGHT="91"
                    WC="0.981324732303619"></String>
          </TextLine>

          
          
          <TextLine ID="eSc_line_8f012cdf"
                    TAGREFS="LT4318"
                    BASELINE="646 578 1690 554" 
                    HPOS="645"
                    VPOS="514"
                    WIDTH="1045"
                    HEIGHT="85">
            <Shape><Polygon POINTS="646 578 646 599 972 599 972 597 1090 587 1118 585 1119 587 1130 593 1131 593 1133 593 1134 593 1185 585 1186 585 1218 591 1219 591 1221 591 1222 591 1232 584 1235 582 1259 582 1362 588 1363 588 1417 580 1429 578 1436 580 1476 585 1478 585 1479 585 1497 578 1500 577 1506 577 1540 584 1542 584 1543 584 1558 577 1561 575 1570 575 1622 582 1624 582 1690 572 1690 554 1688 520 1429 514 1427 514 1247 526 1164 532 645 533 646 578"/></Shape>
	    <String CONTENT="Romanor. Imperator, erant &amp; infideles, &amp; per¬"
                    HPOS="645"
                    VPOS="514"
                    WIDTH="1045"
                    HEIGHT="85"
                    WC="0.982582014136844"></String>
          </TextLine>

          
          
          <TextLine ID="eSc_line_d393f18c"
                    TAGREFS="LT4318"
                    BASELINE="648 638 1692 612" 
                    HPOS="645"
                    VPOS="566"
                    WIDTH="1047"
                    HEIGHT="94">
            <Shape><Polygon POINTS="648 638 648 657 945 660 947 660 948 660 963 652 969 649 981 652 997 655 999 655 1030 651 1052 648 1058 651 1073 657 1075 657 1076 657 1255 652 1256 652 1268 646 1276 643 1289 646 1310 651 1311 651 1433 648 1435 648 1451 643 1476 638 1506 643 1519 645 1521 645 1534 642 1570 635 1607 635 1616 640 1618 643 1619 643 1621 643 1622 643 1692 639 1692 612 1688 575 1598 577 1595 575 1569 566 1567 566 1566 566 1564 566 1537 577 1534 578 1530 577 1508 568 1506 568 1505 568 1457 578 1441 581 1426 578 1392 572 1390 572 1389 572 1374 580 1366 582 1319 580 1229 575 1228 575 1179 582 1157 585 1142 582 1115 578 1113 578 1112 578 1110 578 1110 580 1105 584 1100 588 1087 584 1078 581 1076 581 1075 581 1073 581 1064 584 1048 590 1032 584 1015 580 1014 580 1012 580 1011 580 994 585 981 590 969 585 957 581 956 581 954 581 953 581 951 581 945 585 936 593 913 587 896 582 895 582 893 582 865 587 817 596 794 588 792 588 791 588 788 588 743 597 645 591 648 638"/></Shape>
	    <String CONTENT="ſecutores Eccleſiæ. lubet tamen vt pro iis Magi¬"
                    HPOS="645"
                    VPOS="566"
                    WIDTH="1047"
                    HEIGHT="94"
                    WC="0.990149444590012"></String>
          </TextLine>

          
          
          <TextLine ID="eSc_line_86091767"
                    TAGREFS="LT4318"
                    BASELINE="646 696 1695 673" 
                    HPOS="645"
                    VPOS="630"
                    WIDTH="1050"
                    HEIGHT="86">
            <Shape><Polygon POINTS="646 696 646 715 971 716 972 716 996 710 1023 704 1048 710 1060 713 1061 713 1063 713 1064 713 1066 713 1069 710 1079 703 1113 709 1121 710 1122 710 1124 710 1125 710 1125 709 1137 701 1154 709 1160 712 1161 712 1163 712 1197 709 1252 703 1305 707 1332 709 1334 709 1335 709 1342 707 1374 697 1432 704 1433 704 1485 694 1572 703 1573 703 1574 703 1576 703 1591 693 1619 703 1621 703 1622 703 1695 701 1695 673 1690 639 1646 639 1628 630 1627 630 1625 630 1624 630 1622 630 1610 639 1609 640 1592 640 1484 633 1482 633 1427 643 1411 645 1398 643 1347 636 1345 636 1271 638 1270 638 1268 638 1256 645 1252 648 1231 646 1189 642 1188 642 1154 648 1130 651 1035 649 938 648 936 648 916 651 893 655 850 652 785 648 783 648 645 655 646 696"/></Shape>
	    <String CONTENT="ſtratibus precemur, non tantùm Summis, quales"
                    HPOS="645"
                    VPOS="630"
                    WIDTH="1050"
                    HEIGHT="86"
                    WC="0.996925392876501"></String>
          </TextLine>

          
          
          <TextLine ID="eSc_line_893f1cac"
                    TAGREFS="LT4318"
                    BASELINE="646 755 1693 730" 
                    HPOS="645"
                    VPOS="685"
                    WIDTH="1048"
                    HEIGHT="98">
            <Shape><Polygon POINTS="646 755 646 773 684 773 685 773 703 783 704 783 706 783 780 771 795 768 919 768 923 770 939 776 941 776 942 776 944 776 957 770 965 765 981 768 1014 776 1015 776 1017 776 1044 768 1060 764 1084 767 1122 773 1124 773 1125 773 1127 773 1134 767 1142 761 1168 765 1198 771 1200 771 1252 765 1284 761 1290 764 1295 768 1296 768 1298 768 1299 768 1377 765 1393 762 1447 754 1484 761 1497 764 1499 764 1569 762 1570 762 1572 762 1573 761 1588 751 1692 758 1693 730 1689 694 1625 696 1619 694 1585 685 1583 685 1582 685 1580 685 1558 696 1554 697 1549 696 1518 687 1516 687 1515 687 1514 687 1512 687 1512 688 1503 697 1502 697 1499 697 1451 688 1450 688 1399 698 1380 703 1313 703 1304 700 1290 694 1289 694 1287 694 1286 694 1284 694 1277 700 1274 703 1267 700 1249 694 1247 694 1246 694 1244 694 1243 694 1235 701 1229 706 1197 706 1176 701 1145 696 1143 696 1142 696 1128 703 1119 707 1102 703 1075 697 1073 697 993 700 991 700 972 706 950 712 932 706 919 701 917 701 916 701 878 707 847 712 831 707 817 704 816 704 815 704 783 709 751 713 739 709 728 706 727 706 725 706 724 706 722 706 716 710 703 718 645 712 646 755"/></Shape>
	    <String CONTENT="regum nomine ſignificãtur: ſed etiã lnferioribus,"
                    HPOS="645"
                    VPOS="685"
                    WIDTH="1048"
                    HEIGHT="98"
                    WC="0.994576031086492"></String>
          </TextLine>

          
          
          <TextLine ID="eSc_line_ff793996"
                    TAGREFS="LT4318"
                    BASELINE="649 812 1693 791" 
                    HPOS="648"
                    VPOS="746"
                    WIDTH="1045"
                    HEIGHT="88">
            <Shape><Polygon POINTS="649 812 649 832 871 834 873 834 925 826 948 823 1009 825 1168 828 1170 828 1231 819 1246 817 1258 819 1319 825 1320 825 1387 814 1396 814 1420 814 1616 819 1618 819 1693 807 1693 791 1692 756 1676 746 1674 746 1673 746 1671 746 1670 746 1646 756 1469 749 1467 749 1466 749 1424 762 1322 762 1253 754 1252 754 1250 754 1226 767 1020 770 873 761 871 761 648 777 649 812"/></Shape>
	    <String CONTENT="qui deſcribuntur ex eo, quod ſupra reliquũ popu"
                    HPOS="648"
                    VPOS="746"
                    WIDTH="1045"
                    HEIGHT="88"
                    WC="0.998515506585439"></String>
          </TextLine>

          
          
          <TextLine ID="eSc_line_68da14d5"
                    TAGREFS="LT4318"
                    BASELINE="648 871 1696 847" 
                    HPOS="646"
                    VPOS="804"
                    WIDTH="1050"
                    HEIGHT="95">
            <Shape><Polygon POINTS="648 871 648 890 709 899 710 899 712 899 713 899 722 890 751 898 752 898 754 898 820 889 843 886 861 887 889 892 890 892 1006 886 1070 883 1079 884 1100 890 1102 890 1103 890 1105 890 1106 890 1112 884 1116 881 1185 883 1270 886 1271 886 1273 886 1282 881 1293 875 1369 874 1400 874 1408 880 1411 883 1412 883 1414 883 1415 883 1417 883 1426 880 1445 872 1470 880 1479 881 1481 881 1482 881 1630 878 1631 878 1632 878 1634 877 1646 868 1693 875 1696 847 1693 814 1644 804 1643 804 1641 804 1640 804 1624 814 1622 816 1561 817 1345 820 1334 819 1301 812 1299 812 1298 812 1277 819 1268 822 1261 819 1243 813 1241 813 1240 813 1179 814 1177 814 1176 814 1176 816 1170 820 1165 825 1067 822 974 819 972 819 971 819 969 819 963 823 956 828 948 823 942 820 941 820 939 820 774 823 773 823 771 823 768 825 758 832 748 826 745 825 743 825 742 825 740 825 734 826 709 832 646 828 648 871"/></Shape>
	    <String CONTENT="lũ eminent Dubitari verò de iis maximè potuit,"
                    HPOS="646"
                    VPOS="804"
                    WIDTH="1050"
                    HEIGHT="95"
                    WC="0.991875084079042"></String>
          </TextLine>

          
          
          <TextLine ID="eSc_line_ef25ddf5"
                    TAGREFS="LT4318"
                    BASELINE="652 928 1696 907" 
                    HPOS="651"
                    VPOS="865"
                    WIDTH="1045"
                    HEIGHT="91">
            <Shape><Polygon POINTS="652 928 652 944 719 956 721 956 722 956 742 945 771 954 773 954 774 954 815 947 1020 950 1021 950 1023 950 1024 950 1024 948 1032 941 1033 939 1036 941 1044 945 1045 945 1047 945 1073 941 1099 936 1112 941 1130 947 1131 947 1133 947 1192 939 1247 933 1273 939 1293 944 1295 944 1360 938 1473 929 1534 929 1552 936 1555 938 1557 938 1558 938 1696 935 1696 907 1692 867 1505 874 1493 871 1473 865 1472 865 1470 865 1469 865 1448 872 1438 875 1418 872 1384 868 1383 868 1381 868 1380 868 1374 874 1369 877 1344 875 1286 870 1284 870 1283 870 1256 877 1244 880 1209 878 1112 872 1110 872 1109 872 1107 872 1099 881 1097 881 1096 881 1061 874 1060 874 1015 883 1008 884 1002 883 965 875 963 875 962 875 926 884 801 878 800 878 751 889 728 880 727 880 725 880 724 880 703 892 651 892 652 928"/></Shape>
	    <String CONTENT="quòd Euangelicæ doctrinæ eſſent hoſtes, qualis"
                    HPOS="651"
                    VPOS="865"
                    WIDTH="1045"
                    HEIGHT="91"
                    WC="0.978715157255213"></String>
          </TextLine>

          
          
          <TextLine ID="eSc_line_dd60599c"
                    TAGREFS="LT4318"
                    BASELINE="652 987 1699 965" 
                    HPOS="651"
                    VPOS="923"
                    WIDTH="1048"
                    HEIGHT="85">
            <Shape><Polygon POINTS="652 987 652 1005 929 1008 931 1008 966 1000 1002 994 1036 994 1044 1000 1049 1005 1051 1005 1052 1005 1054 1005 1055 1005 1073 999 1082 997 1100 999 1137 1003 1139 1003 1224 1000 1225 1000 1226 1000 1229 997 1238 990 1267 997 1276 999 1277 999 1279 999 1280 999 1282 999 1284 996 1298 989 1347 994 1348 994 1350 994 1351 994 1351 993 1359 986 1418 986 1525 993 1551 994 1552 994 1566 993 1630 981 1698 990 1699 965 1695 929 1586 932 1561 931 1491 923 1490 923 1488 923 1469 931 1460 935 1447 932 1423 925 1421 925 1420 925 1418 925 1389 932 1371 936 1326 933 1307 932 1305 932 1304 932 1298 933 1279 939 1259 933 1243 929 1241 929 1240 929 1238 929 1228 935 1221 938 1197 935 1165 931 1164 931 1163 931 1151 935 1137 941 1102 936 1072 932 1070 932 1069 932 1057 936 1038 945 975 945 965 938 963 938 962 938 960 938 959 938 928 947 825 939 797 938 795 938 783 939 736 950 651 942 652 987"/></Shape>
	    <String CONTENT="Nero Imperat. diſſimilis locus 1. Teſſalon.2.v."
                    HPOS="651"
                    VPOS="923"
                    WIDTH="1048"
                    HEIGHT="85"
                    WC="0.991293496273934"></String>
          </TextLine>

          
          
          <TextLine ID="eSc_line_d1325b9e"
                    TAGREFS="LT4318"
                    BASELINE="652 1047 1699 1026" 
                    HPOS="651"
                    VPOS="980"
                    WIDTH="1048"
                    HEIGHT="98">
            <Shape><Polygon POINTS="652 1047 652 1067 719 1078 721 1078 794 1067 803 1066 819 1066 929 1073 931 1073 999 1064 1027 1061 1055 1064 1090 1067 1091 1067 1149 1063 1194 1060 1204 1063 1219 1067 1221 1067 1222 1067 1252 1061 1279 1057 1286 1061 1290 1066 1292 1066 1293 1066 1295 1066 1399 1064 1470 1060 1624 1049 1698 1057 1699 1026 1696 991 1659 983 1658 983 1606 990 1569 980 1567 980 1566 980 1564 980 1563 980 1542 993 1400 983 1399 983 1274 997 1252 986 1250 986 1249 986 1247 986 1212 997 1191 987 1189 987 1188 987 1186 987 1185 987 1167 1002 1112 1002 1085 990 1084 990 1082 990 875 1006 751 996 749 996 748 996 746 996 746 997 734 1008 715 997 713 997 712 997 651 1011 652 1047"/></Shape>
	    <String CONTENT="16. vbi qui prædicationem Euangelij impediunt,"
                    HPOS="651"
                    VPOS="980"
                    WIDTH="1048"
                    HEIGHT="98"
                    WC="0.987180658008741"></String>
          </TextLine>

          
          
          <TextLine ID="eSc_line_26fa0898"
                    TAGREFS="LT4318"
                    BASELINE="651 1106 1699 1084" 
                    HPOS="649"
                    VPOS="1041"
                    WIDTH="1050"
                    HEIGHT="92">
            <Shape><Polygon POINTS="651 1106 651 1125 718 1133 719 1133 721 1133 754 1124 755 1124 765 1131 767 1131 768 1131 770 1131 771 1131 786 1124 791 1121 804 1122 850 1130 852 1130 911 1121 929 1118 942 1119 972 1125 974 1125 975 1125 993 1119 1000 1116 1051 1118 1207 1122 1209 1122 1210 1122 1231 1113 1237 1112 1244 1113 1274 1119 1276 1119 1359 1110 1383 1109 1390 1110 1415 1118 1417 1118 1418 1118 1420 1118 1453 1109 1458 1107 1463 1109 1485 1116 1487 1116 1488 1116 1699 1103 1699 1084 1696 1049 1624 1041 1622 1041 1621 1041 1592 1049 1588 1052 1482 1054 1295 1054 1066 1052 1064 1052 1006 1057 907 1064 877 1058 868 1057 867 1057 865 1057 864 1057 862 1058 847 1067 810 1058 806 1058 804 1058 803 1058 801 1058 782 1069 725 1063 724 1063 722 1063 721 1063 712 1070 649 1061 651 1106"/></Shape>
	    <String CONTENT="in manifeſtorum reproborum numero &amp; albo"
                    HPOS="649"
                    VPOS="1041"
                    WIDTH="1050"
                    HEIGHT="92"
                    WC="0.988114756345749"></String>
          </TextLine>

          
          
          <TextLine ID="eSc_line_383801c7"
                    TAGREFS="LT4318"
                    BASELINE="651 1165 1699 1140" 
                    HPOS="649"
                    VPOS="1102"
                    WIDTH="1050"
                    HEIGHT="90">
            <Shape><Polygon POINTS="651 1165 651 1182 709 1192 710 1192 712 1192 736 1182 765 1188 767 1188 841 1177 855 1176 856 1177 871 1186 873 1186 874 1186 875 1186 877 1186 905 1176 910 1174 928 1174 1015 1180 1017 1180 1018 1180 1020 1180 1032 1171 1033 1171 1036 1171 1078 1183 1079 1183 1081 1183 1131 1174 1177 1180 1179 1180 1180 1180 1209 1167 1210 1165 1390 1163 1392 1163 1415 1174 1417 1174 1418 1174 1606 1164 1635 1170 1637 1170 1638 1170 1699 1154 1699 1140 1696 1107 1591 1102 1589 1102 1588 1102 1573 1109 1572 1110 1412 1112 1409 1112 1369 1102 1368 1102 1366 1102 1365 1102 1363 1102 1347 1113 1320 1103 1319 1103 1317 1103 1316 1103 1314 1103 1301 1112 1237 1105 1235 1105 1234 1105 1207 1115 1145 1106 1143 1106 1142 1106 1140 1106 1140 1107 1128 1118 1125 1119 1109 1118 1039 1109 1038 1109 1036 1109 1035 1109 1020 1119 1014 1122 1000 1119 959 1110 957 1110 905 1121 904 1121 861 1113 859 1113 858 1113 856 1113 844 1122 841 1125 828 1122 789 1115 788 1115 786 1115 785 1115 774 1124 767 1128 649 1127 651 1165"/></Shape>
	    <String CONTENT="recenſentur. Deinde vetus Eccleſia preces con¬"
                    HPOS="649"
                    VPOS="1102"
                    WIDTH="1050"
                    HEIGHT="90"
                    WC="0.983759066332942"></String>
          </TextLine>

          
          
          <TextLine ID="eSc_line_ce8c812b"
                    TAGREFS="LT4318"
                    BASELINE="654 1223 1699 1201" 
                    HPOS="652"
                    VPOS="1154"
                    WIDTH="1047"
                    HEIGHT="93">
            <Shape><Polygon POINTS="654 1223 654 1235 721 1247 722 1247 724 1247 748 1234 966 1231 986 1238 987 1238 989 1240 989 1238 990 1238 1009 1231 1057 1238 1058 1238 1060 1238 1093 1228 1127 1238 1128 1238 1130 1238 1241 1235 1243 1235 1282 1223 1283 1222 1363 1222 1393 1232 1395 1232 1396 1232 1398 1232 1423 1221 1424 1221 1484 1231 1485 1231 1555 1218 1558 1218 1573 1228 1574 1228 1576 1228 1577 1228 1673 1226 1674 1226 1699 1215 1699 1201 1696 1154 1656 1154 1655 1154 1653 1154 1650 1154 1625 1167 1418 1170 1337 1164 1280 1161 1279 1161 1277 1161 1264 1167 1253 1171 1237 1168 1210 1163 1209 1163 1167 1170 1134 1176 1110 1171 1070 1165 1069 1165 971 1174 932 1168 931 1168 873 1180 861 1182 853 1180 822 1171 820 1171 819 1171 817 1171 792 1182 789 1183 786 1183 752 1173 751 1173 749 1173 748 1173 746 1173 730 1185 652 1186 654 1223"/></Shape>
	    <String CONTENT="cepit aduerſus Iulianum Apoſtatam imperatorẽ."
                    HPOS="652"
                    VPOS="1154"
                    WIDTH="1047"
                    HEIGHT="93"
                    WC="0.971474048884019"></String>
          </TextLine>

          
          
          <TextLine ID="eSc_line_48876218"
                    TAGREFS="LT4318"
                    BASELINE="654 1281 1705 1259" 
                    HPOS="652"
                    VPOS="1212"
                    WIDTH="1053"
                    HEIGHT="87">
            <Shape><Polygon POINTS="654 1281 654 1299 1705 1279 1705 1259 1699 1216 1692 1221 1686 1216 1680 1212 1679 1212 1677 1212 1676 1212 1674 1212 1655 1218 1624 1228 1531 1228 1519 1221 1508 1215 1506 1215 1505 1215 1469 1222 1424 1231 1389 1223 1360 1218 1359 1218 1357 1218 1356 1218 1356 1219 1350 1225 1341 1234 1271 1234 1261 1226 1253 1221 1252 1221 1250 1221 1249 1221 1146 1228 1145 1228 1143 1228 1143 1229 1134 1237 1106 1229 1075 1223 1073 1223 1072 1223 1049 1231 1030 1240 907 1241 898 1235 890 1228 889 1228 887 1228 867 1228 865 1228 734 1231 733 1231 731 1231 721 1240 713 1246 697 1240 682 1234 681 1234 679 1234 678 1234 652 1240 654 1281"/></Shape>
	    <String CONTENT="Sed ſolutio ex eo eſt, quod ii, de quibus agit"
                    HPOS="652"
                    VPOS="1212"
                    WIDTH="1053"
                    HEIGHT="87"
                    WC="0.988279390594234"></String>
          </TextLine>

          
          
          <TextLine ID="eSc_line_2e719260"
                    TAGREFS="LT4318"
                    BASELINE="654 1342 1699 1319" 
                    HPOS="652"
                    VPOS="1276"
                    WIDTH="1047"
                    HEIGHT="92">
            <Shape><Polygon POINTS="654 1342 654 1360 694 1368 696 1368 748 1360 789 1353 810 1359 829 1365 831 1365 832 1365 834 1365 835 1365 844 1359 858 1351 948 1356 950 1356 997 1348 1024 1356 1036 1359 1038 1359 1039 1360 1168 1360 1168 1359 1195 1353 1241 1342 1256 1353 1261 1356 1262 1356 1264 1356 1265 1356 1267 1356 1277 1353 1307 1341 1366 1351 1381 1353 1383 1353 1384 1353 1386 1353 1386 1351 1387 1350 1400 1339 1438 1339 1450 1350 1451 1351 1453 1351 1454 1351 1456 1351 1514 1350 1515 1350 1516 1350 1516 1348 1527 1339 1548 1348 1552 1350 1554 1350 1555 1350 1699 1345 1699 1319 1695 1283 1500 1286 1493 1284 1457 1276 1456 1276 1454 1276 1353 1286 1323 1289 1319 1286 1308 1279 1307 1279 1305 1279 1304 1279 1262 1287 1238 1292 1213 1287 1176 1281 1174 1281 1173 1281 1171 1281 1171 1283 1164 1289 1158 1293 1067 1289 984 1286 983 1286 981 1286 963 1290 945 1295 931 1290 916 1287 914 1287 913 1287 892 1292 849 1301 831 1292 826 1290 825 1290 823 1290 822 1290 815 1292 780 1302 748 1293 742 1292 740 1292 739 1292 737 1292 733 1293 703 1304 691 1293 690 1293 688 1293 687 1293 652 1293 654 1342"/></Shape>
	    <String CONTENT="Paulus in Theſſal. cap. ſecundo non ignorantia,"
                    HPOS="652"
                    VPOS="1276"
                    WIDTH="1047"
                    HEIGHT="92"
                    WC="0.973872139098796"></String>
          </TextLine>

          
          
          <TextLine ID="eSc_line_ff4fae43"
                    TAGREFS="LT4318"
                    BASELINE="654 1400 1702 1375" 
                    HPOS="652"
                    VPOS="1335"
                    WIDTH="1050"
                    HEIGHT="91">
            <Shape><Polygon POINTS="654 1400 654 1414 707 1426 709 1426 831 1412 844 1411 855 1411 942 1420 944 1420 945 1420 978 1409 984 1408 989 1409 1014 1418 1015 1418 1017 1418 1018 1418 1020 1418 1030 1409 1064 1415 1066 1415 1067 1415 1084 1408 1091 1405 1124 1408 1206 1414 1207 1414 1305 1411 1307 1411 1322 1403 1334 1399 1702 1399 1702 1375 1698 1341 1461 1344 1448 1335 1447 1335 1445 1335 1393 1335 1392 1335 1390 1335 1389 1335 1375 1347 1345 1337 1344 1337 1342 1337 1341 1337 1340 1337 1328 1347 1314 1338 1313 1338 1311 1338 1310 1338 1264 1348 1235 1339 1234 1339 1232 1339 1130 1353 1082 1345 1081 1345 1079 1345 1078 1345 1066 1354 1011 1345 1009 1345 911 1347 910 1347 887 1357 868 1348 867 1348 865 1348 864 1348 862 1348 847 1359 777 1350 776 1350 774 1350 749 1362 652 1365 654 1400"/></Shape>
	    <String CONTENT="non ſola infidelitate animi : ſed obſtinata pror¬"
                    HPOS="652"
                    VPOS="1335"
                    WIDTH="1050"
                    HEIGHT="91"
                    WC="0.99433943811728"></String>
          </TextLine>

          
          
          <TextLine ID="eSc_line_c173e32b"
                    TAGREFS="LT4318"
                    BASELINE="655 1457 1704 1436" 
                    HPOS="654"
                    VPOS="1395"
                    WIDTH="1050"
                    HEIGHT="87">
            <Shape><Polygon POINTS="655 1457 657 1479 675 1472 707 1478 728 1482 730 1482 752 1478 776 1472 807 1476 831 1479 832 1479 834 1479 835 1479 840 1475 849 1469 890 1475 922 1478 923 1478 925 1478 936 1473 957 1466 984 1472 991 1473 993 1473 1012 1472 1070 1464 1078 1470 1081 1473 1082 1473 1084 1473 1085 1475 1177 1475 1177 1473 1179 1473 1197 1467 1216 1461 1240 1466 1253 1469 1255 1469 1280 1466 1329 1458 1338 1464 1342 1467 1344 1467 1345 1467 1347 1467 1348 1467 1359 1464 1374 1458 1387 1463 1400 1467 1402 1467 1403 1467 1405 1467 1406 1467 1406 1466 1411 1463 1418 1455 1508 1455 1514 1460 1519 1464 1519 1466 1521 1466 1522 1466 1524 1466 1704 1455 1704 1436 1699 1395 1621 1405 1548 1405 1518 1397 1505 1395 1503 1395 1502 1395 1500 1395 1490 1399 1467 1408 1354 1408 1341 1402 1338 1399 1337 1399 1335 1399 1334 1399 1332 1399 1320 1402 1292 1409 1225 1403 1180 1400 1179 1400 1177 1400 1167 1405 1151 1412 1079 1406 1029 1403 1027 1403 1026 1403 1024 1403 1017 1408 1006 1415 974 1409 971 1409 969 1409 962 1409 874 1418 865 1411 862 1409 862 1408 861 1408 859 1408 804 1408 803 1408 801 1408 789 1414 774 1420 654 1417 655 1457"/></Shape>
	    <String CONTENT="ſus malitia peccabant, &amp; tanquam in Spiritum"
                    HPOS="654"
                    VPOS="1395"
                    WIDTH="1050"
                    HEIGHT="87"
                    WC="0.985312342643738"></String>
          </TextLine>

          
          
          <TextLine ID="eSc_line_648d30dc"
                    TAGREFS="LT4318"
                    BASELINE="654 1515 1707 1496" 
                    HPOS="652"
                    VPOS="1447"
                    WIDTH="1055"
                    HEIGHT="96">
            <Shape><Polygon POINTS="654 1515 654 1533 697 1542 699 1543 731 1543 731 1542 733 1542 734 1542 749 1531 773 1540 774 1540 776 1540 847 1539 849 1539 850 1539 862 1530 917 1537 919 1537 920 1537 941 1528 1048 1536 1049 1536 1051 1536 1084 1525 1119 1534 1121 1534 1122 1534 1124 1534 1125 1534 1140 1524 1142 1524 1149 1524 1299 1531 1301 1531 1460 1518 1463 1518 1464 1518 1542 1527 1543 1527 1545 1527 1583 1516 1621 1525 1622 1525 1624 1525 1707 1512 1707 1496 1702 1447 1616 1461 1525 1461 1512 1451 1511 1451 1509 1451 1463 1451 1461 1451 1441 1453 1363 1463 1323 1457 1307 1454 1305 1454 1304 1454 1293 1457 1267 1466 1222 1458 1215 1458 1213 1458 1212 1458 1207 1460 1185 1467 1171 1460 1165 1457 1164 1457 1163 1457 1161 1457 1143 1461 1118 1467 1096 1463 1082 1460 1081 1460 1061 1463 1027 1472 893 1472 886 1469 880 1464 878 1464 877 1464 875 1464 841 1469 807 1475 798 1470 786 1464 785 1464 783 1464 782 1464 780 1464 771 1472 768 1473 748 1472 667 1466 666 1466 664 1466 652 1472 654 1515"/></Shape>
	    <String CONTENT="ſanctũ, vti peccauit Iulia. Apoſtata. Diſtinguendí"
                    HPOS="652"
                    VPOS="1447"
                    WIDTH="1055"
                    HEIGHT="96"></String>
          </TextLine>

          
          
          <TextLine ID="eSc_line_528fc477"
                    TAGREFS="LT4318"
                    BASELINE="658 1576 1704 1554" 
                    HPOS="657"
                    VPOS="1508"
                    WIDTH="1047"
                    HEIGHT="93">
            <Shape><Polygon POINTS="658 1576 658 1591 731 1598 733 1598 789 1589 807 1588 823 1589 901 1601 902 1601 904 1601 931 1588 938 1583 1102 1582 1110 1586 1118 1591 1119 1591 1121 1591 1122 1591 1145 1586 1170 1580 1183 1585 1207 1595 1209 1595 1210 1597 1210 1595 1212 1595 1237 1585 1249 1580 1287 1580 1293 1585 1304 1592 1305 1592 1307 1592 1308 1594 1344 1594 1344 1592 1345 1592 1365 1583 1377 1577 1384 1583 1395 1591 1396 1591 1398 1591 1399 1591 1400 1591 1429 1583 1439 1580 1448 1582 1472 1589 1473 1589 1475 1589 1704 1579 1704 1554 1702 1519 1682 1508 1680 1508 1679 1508 1677 1508 1676 1508 1630 1521 1573 1509 1572 1509 1570 1509 1569 1509 1569 1511 1555 1522 1499 1511 1497 1511 1436 1512 1435 1512 1433 1512 1433 1513 1421 1524 1395 1513 1393 1513 1392 1513 1390 1513 1362 1527 1246 1528 1219 1521 1218 1521 1216 1521 1215 1521 1177 1530 1146 1518 1145 1518 1143 1518 1142 1518 1097 1533 997 1534 938 1522 936 1522 935 1522 905 1536 797 1525 795 1525 713 1537 666 1533 664 1533 663 1533 661 1533 661 1534 657 1537 658 1576"/></Shape>
	    <String CONTENT="verò ſunt qui hoc modo peccant ab iſtis, dequi¬"
                    HPOS="657"
                    VPOS="1508"
                    WIDTH="1047"
                    HEIGHT="93"
                    WC="0.982177252570788"></String>
          </TextLine>

          
          
          <TextLine ID="eSc_line_4285df32"
                    TAGREFS="LT4318"
                    BASELINE="660 1635 1229 1622" 
                    HPOS="658"
                    VPOS="1574"
                    WIDTH="571"
                    HEIGHT="87">
            <Shape><Polygon POINTS="660 1635 660 1655 783 1661 785 1661 815 1653 831 1650 855 1653 887 1658 889 1658 890 1658 892 1658 898 1653 905 1649 939 1653 974 1656 975 1656 977 1656 978 1656 978 1655 981 1652 987 1646 1000 1652 1008 1655 1009 1655 1011 1655 1041 1652 1110 1643 1228 1649 1229 1622 1225 1588 1128 1588 1125 1588 1105 1574 1103 1574 1102 1574 1100 1574 1099 1574 1073 1588 1069 1589 1054 1588 997 1577 996 1577 994 1577 993 1577 980 1588 972 1592 960 1588 939 1579 938 1579 936 1579 935 1579 914 1588 896 1594 877 1588 862 1582 861 1582 800 1582 798 1582 797 1582 795 1582 786 1588 770 1597 658 1588 660 1635"/></Shape>
	    <String CONTENT="bus agit Paulus hoc loco."
                    HPOS="658"
                    VPOS="1574"
                    WIDTH="571"
                    HEIGHT="87"
                    WC="0.997039141654968"></String>
          </TextLine>

          
          
          <TextLine ID="eSc_line_ecdd87cc"
                    TAGREFS="LT4318"
                    BASELINE="709 1690 1708 1673" 
                    HPOS="707"
                    VPOS="1624"
                    WIDTH="1001"
                    HEIGHT="92">
            <Shape><Polygon POINTS="709 1690 709 1713 776 1716 777 1716 779 1716 780 1716 785 1713 792 1708 810 1713 828 1716 829 1716 831 1716 832 1716 837 1711 849 1704 859 1711 865 1716 867 1716 868 1716 870 1716 871 1716 873 1716 880 1711 895 1702 928 1711 942 1714 944 1714 945 1714 947 1714 956 1710 971 1704 1039 1707 1041 1707 1042 1707 1044 1707 1052 1699 1070 1708 1076 1711 1078 1711 1079 1713 1124 1713 1124 1711 1148 1708 1212 1696 1271 1705 1289 1708 1290 1708 1292 1708 1298 1705 1317 1695 1340 1702 1341 1702 1342 1702 1387 1693 1439 1704 1451 1705 1453 1705 1454 1705 1456 1705 1457 1704 1473 1692 1531 1698 1533 1698 1534 1698 1536 1698 1545 1690 1576 1690 1589 1701 1589 1702 1591 1702 1592 1702 1594 1702 1708 1699 1708 1673 1704 1624 1619 1637 1560 1628 1542 1625 1540 1625 1539 1625 1531 1628 1508 1638 1438 1631 1402 1628 1400 1628 1399 1628 1387 1632 1366 1641 1342 1634 1340 1634 1338 1634 1337 1634 1316 1635 1207 1644 1186 1640 1163 1632 1161 1632 1160 1632 1088 1640 1047 1634 1045 1634 977 1646 957 1649 945 1647 901 1637 899 1637 898 1637 875 1649 873 1650 867 1649 817 1638 816 1638 815 1638 813 1638 798 1650 737 1643 736 1643 734 1643 707 1653 709 1690"/></Shape>
	    <String CONTENT="Similis locus eſt, Hier. 29. verſ. 7. orate pro"
                    HPOS="707"
                    VPOS="1624"
                    WIDTH="1001"
                    HEIGHT="92"
                    WC="0.984928947813967"></String>
          </TextLine>

          
          
          <TextLine ID="eSc_line_7c604188"
                    TAGREFS="LT4318"
                    BASELINE="660 1751 1708 1731" 
                    HPOS="658"
                    VPOS="1689"
                    WIDTH="1050"
                    HEIGHT="89">
            <Shape><Polygon POINTS="660 1751 660 1778 786 1768 800 1775 804 1777 806 1777 807 1777 809 1777 820 1774 838 1769 849 1774 855 1775 856 1775 858 1775 859 1775 868 1772 892 1765 931 1771 947 1772 948 1772 950 1772 951 1772 951 1771 953 1769 963 1759 1033 1759 1044 1766 1047 1769 1048 1769 1049 1769 1051 1769 1052 1769 1054 1769 1057 1766 1069 1757 1109 1757 1139 1757 1149 1763 1157 1769 1158 1769 1160 1769 1161 1769 1198 1762 1210 1760 1219 1762 1256 1768 1258 1768 1302 1759 1326 1754 1350 1757 1375 1760 1377 1760 1406 1756 1430 1751 1442 1754 1470 1763 1472 1763 1473 1763 1475 1763 1476 1763 1487 1754 1497 1760 1499 1760 1500 1760 1543 1751 1558 1748 1566 1750 1595 1760 1597 1760 1598 1760 1696 1759 1698 1759 1699 1759 1699 1757 1708 1748 1708 1731 1704 1695 1491 1698 1487 1698 1426 1689 1424 1689 1334 1701 1314 1704 1206 1704 1204 1702 1197 1696 1195 1696 1194 1696 1192 1696 1191 1696 1173 1704 1167 1705 1151 1704 1113 1699 1112 1699 1081 1705 1069 1707 1061 1705 1032 1696 1030 1696 1029 1696 1027 1696 1012 1704 963 1698 962 1698 960 1698 935 1707 928 1710 925 1707 914 1699 913 1699 911 1699 880 1699 878 1699 658 1711 660 1751"/></Shape>
	    <String CONTENT="pace Babylonis. item orate pro iis qui vos per¬"
                    HPOS="658"
                    VPOS="1689"
                    WIDTH="1050"
                    HEIGHT="89"
                    WC="0.984275907912153"></String>
          </TextLine>

          
          
          <TextLine ID="eSc_line_a6a7e21e"
                    TAGREFS="LT4318"
                    BASELINE="658 1809 1710 1789" 
                    HPOS="657"
                    VPOS="1747"
                    WIDTH="1053"
                    HEIGHT="89">
            <Shape><Polygon POINTS="658 1809 658 1824 731 1836 733 1836 734 1836 765 1827 855 1833 856 1833 968 1823 984 1821 987 1823 1006 1830 1008 1830 1009 1830 1011 1830 1027 1821 1036 1817 1109 1817 1125 1821 1146 1827 1148 1827 1149 1827 1151 1827 1152 1827 1160 1821 1161 1818 1168 1821 1179 1824 1180 1824 1182 1824 1183 1824 1200 1820 1221 1815 1232 1820 1243 1824 1244 1824 1246 1824 1282 1820 1334 1812 1375 1818 1384 1820 1386 1820 1387 1820 1393 1818 1423 1811 1435 1818 1439 1821 1441 1821 1442 1821 1444 1823 1475 1823 1475 1821 1476 1821 1478 1821 1478 1820 1481 1818 1490 1809 1531 1809 1545 1817 1548 1820 1549 1820 1551 1820 1552 1820 1710 1815 1710 1789 1707 1753 1589 1748 1588 1748 1537 1756 1531 1756 1527 1756 1481 1747 1479 1747 1478 1747 1476 1747 1464 1756 1400 1748 1399 1748 1340 1757 1328 1750 1326 1750 1325 1750 1323 1750 1256 1760 1247 1763 1195 1763 1194 1762 1182 1753 1180 1753 1179 1753 1177 1753 1102 1765 1094 1765 1087 1765 1051 1759 1049 1759 1008 1766 1003 1766 1000 1766 971 1757 969 1757 968 1757 966 1757 948 1768 947 1768 941 1768 883 1759 881 1759 657 1772 658 1809"/></Shape>
	    <String CONTENT="ſequũtur. Denique vetus mos Eccleſię idem pro¬"
                    HPOS="657"
                    VPOS="1747"
                    WIDTH="1053"
                    HEIGHT="89"></String>
          </TextLine>

          
          
          <TextLine ID="eSc_line_efd39ad4"
                    TAGREFS="LT4318"
                    BASELINE="660 1867 1711 1847" 
                    HPOS="658"
                    VPOS="1805"
                    WIDTH="1053"
                    HEIGHT="85">
            <Shape><Polygon POINTS="660 1867 660 1885 950 1890 951 1890 953 1890 954 1890 966 1879 969 1878 986 1879 1061 1887 1063 1887 1064 1887 1066 1887 1066 1885 1076 1878 1078 1876 1085 1876 1148 1885 1149 1885 1151 1885 1179 1875 1185 1873 1192 1875 1235 1884 1237 1884 1238 1884 1258 1873 1261 1872 1282 1873 1400 1881 1402 1881 1403 1881 1430 1869 1433 1867 1558 1866 1561 1867 1576 1876 1577 1876 1579 1876 1580 1878 1619 1878 1619 1876 1710 1863 1711 1847 1707 1812 1552 1814 1551 1814 1542 1805 1540 1805 1539 1805 1488 1805 1487 1805 1485 1805 1484 1805 1470 1814 1467 1815 1438 1814 1337 1809 1335 1809 1280 1815 1246 1820 1228 1817 1203 1811 1201 1811 1200 1811 1198 1811 1191 1817 1188 1820 1177 1817 1160 1812 1158 1812 1157 1812 1115 1817 1084 1821 1070 1818 1054 1814 1052 1814 1051 1814 1049 1814 1048 1814 1044 1818 1039 1821 877 1820 812 1820 810 1820 798 1821 724 1830 658 1823 660 1867"/></Shape>
	    <String CONTENT="bat, in qua pro Imperatoribus &amp; præſidibus pro¬"
                    HPOS="658"
                    VPOS="1805"
                    WIDTH="1053"
                    HEIGHT="85"
                    WC="0.980178415775299"></String>
          </TextLine>

          
          
          <TextLine ID="eSc_line_675e2913"
                    TAGREFS="LT4318"
                    BASELINE="660 1927 1710 1908" 
                    HPOS="658"
                    VPOS="1864"
                    WIDTH="1052"
                    HEIGHT="76">
            <Shape><Polygon POINTS="660 1927 660 1940 1710 1924 1710 1908 1707 1873 1554 1864 1552 1864 1551 1864 1549 1864 1533 1875 1386 1870 1384 1870 1383 1870 1350 1878 1304 1869 1302 1869 1225 1881 1221 1881 1212 1881 1100 1876 1099 1876 792 1887 765 1879 764 1879 762 1879 658 1890 660 1927"/></Shape>
	    <String CONTENT="uinciarum, quanquam eam affligerent, orabatur,"
                    HPOS="658"
                    VPOS="1864"
                    WIDTH="1052"
                    HEIGHT="76"
                    WC="0.983962506055832"></String>
          </TextLine>

          
          
          <TextLine ID="eSc_line_9d4b97ca"
                    TAGREFS="LT4318"
                    BASELINE="664 1983 1714 1966" 
                    HPOS="663"
                    VPOS="1921"
                    WIDTH="1051"
                    HEIGHT="86">
            <Shape><Polygon POINTS="664 1983 664 1998 733 2007 734 2007 736 2007 752 1998 757 1995 850 1994 881 1997 913 2000 914 2000 916 2000 923 1997 932 1992 1032 1992 1054 1995 1097 2001 1099 2001 1100 2001 1112 1994 1124 1989 1182 1989 1191 1994 1201 1998 1203 1998 1204 1998 1226 1994 1240 1991 1265 1992 1307 1997 1308 1997 1310 1997 1322 1992 1335 1988 1378 1992 1417 1995 1418 1995 1420 1995 1430 1991 1453 1983 1711 1988 1714 1966 1711 1925 1506 1921 1505 1921 1503 1921 1481 1930 1470 1933 1458 1930 1441 1925 1439 1925 1438 1925 1436 1925 1435 1925 1426 1931 1418 1936 1360 1937 1287 1937 1282 1934 1265 1927 1264 1927 1262 1927 1261 1927 1240 1934 1232 1937 1225 1934 1198 1925 1197 1925 1195 1925 1194 1925 1192 1925 1177 1936 1173 1939 1168 1936 1149 1927 1148 1927 1100 1927 1099 1927 1029 1939 1011 1943 969 1943 966 1940 950 1930 948 1930 947 1930 945 1930 944 1930 904 1942 898 1943 895 1942 874 1931 873 1931 838 1931 837 1931 835 1931 834 1931 817 1942 663 1946 664 1983"/></Shape>
	    <String CONTENT="quemadmodum ſcribit in Apologet. Tertullia."
                    HPOS="663"
                    VPOS="1921"
                    WIDTH="1051"
                    HEIGHT="86"
                    WC="0.984423379565394"></String>
          </TextLine>

          
          
          <TextLine ID="eSc_line_58e4d256"
                    TAGREFS="LT4318"
                    BASELINE="666 2046 1055 2037" 
                    HPOS="664"
                    VPOS="1986"
                    WIDTH="391"
                    HEIGHT="73">
            <Shape><Polygon POINTS="666 2046 666 2059 1055 2052 1055 2037 1052 2000 997 1991 996 1991 994 1991 974 2000 968 1994 968 1992 966 1992 965 1992 963 1992 925 1997 916 1989 916 1988 914 1988 913 1988 871 1986 870 1986 868 1986 867 1986 867 1988 853 1998 841 1988 840 1988 838 1988 795 1988 794 1988 792 1988 791 1988 768 2004 742 1989 740 1989 739 1989 737 1989 736 1989 736 1991 721 2003 685 1998 684 1998 682 1998 664 2006 666 2046"/></Shape>
	    <String CONTENT="&amp; Iuſtin. Martyr."
                    HPOS="664"
                    VPOS="1986"
                    WIDTH="391"
                    HEIGHT="73"
                    WC="0.993973416440627"></String>
          </TextLine>

          
          
          <TextLine ID="eSc_line_0e92f636"
                    TAGREFS="LT4318"
                    BASELINE="721 2102 1717 2082" 
                    HPOS="719"
                    VPOS="2028"
                    WIDTH="998"
                    HEIGHT="89">
            <Shape><Polygon POINTS="721 2102 721 2117 1094 2117 1094 2116 1096 2116 1097 2116 1106 2108 1145 2116 1146 2116 1216 2105 1219 2105 1221 2105 1287 2113 1289 2113 1436 2101 1502 2108 1503 2108 1646 2096 1693 2104 1695 2104 1696 2104 1717 2094 1717 2082 1714 2040 1574 2028 1573 2028 1524 2030 1522 2030 1521 2030 1499 2044 1389 2044 1377 2036 1375 2036 1374 2036 1372 2036 1371 2036 1331 2046 1255 2036 1253 2036 1170 2049 1151 2037 1149 2037 1148 2037 1146 2037 1076 2038 1075 2038 1042 2053 932 2053 916 2044 914 2044 913 2044 786 2058 730 2049 728 2049 727 2049 725 2049 725 2050 719 2055 721 2102"/></Shape>
	    <String CONTENT="Donatiſtæ tamen contrà diſputant, quòd Im¬"
                    HPOS="719"
                    VPOS="2028"
                    WIDTH="998"
                    HEIGHT="89"
                    WC="0.995997724207965"></String>
          </TextLine>

          
          
          <TextLine ID="eSc_line_1d26cd50"
                    TAGREFS="LT4318"
                    BASELINE="664 2163 1719 2141" 
                    HPOS="663"
                    VPOS="2092"
                    WIDTH="1056"
                    HEIGHT="109">
            <Shape><Polygon POINTS="663 2144 664 2163 666 2201 697 2193 712 2199 715 2201 716 2201 718 2201 719 2201 721 2201 722 2199 739 2186 758 2193 759 2193 761 2193 762 2193 806 2181 847 2181 875 2193 884 2198 886 2198 887 2198 889 2198 904 2193 947 2178 1029 2189 1081 2195 1082 2195 1154 2189 1155 2189 1157 2189 1164 2184 1180 2174 1216 2174 1228 2181 1241 2190 1243 2190 1244 2190 1246 2190 1304 2181 1365 2189 1366 2189 1438 2187 1439 2187 1476 2174 1497 2184 1499 2184 1500 2186 1558 2186 1558 2184 1560 2184 1588 2169 1597 2165 1717 2165 1719 2141 1714 2092 1625 2094 1624 2094 1621 2094 1574 2108 1405 2110 1372 2102 1362 2099 1360 2099 1359 2099 1357 2099 1351 2102 1335 2111 1235 2107 1234 2107 1195 2114 1183 2108 1173 2102 1171 2102 1170 2102 1168 2102 1155 2108 1143 2114 1133 2110 1130 2108 1128 2108 1127 2108 1118 2110 1082 2117 1052 2111 1017 2105 1015 2105 1014 2105 1012 2105 1003 2113 1002 2114 986 2114 874 2108 873 2108 816 2110 815 2110 813 2110 801 2120 798 2123 664 2123 663 2144"/></Shape>
	    <String CONTENT="peratoris edictoipœna in eos, ſi in errore perſta¬"
                    HPOS="663"
                    VPOS="2092"
                    WIDTH="1056"
                    HEIGHT="109"
                    WC="0.975916023850441"></String>
          </TextLine>

          
        </TextBlock>
        
        <TextBlock HPOS="1589.30224609375"
                   VPOS="2172.498046875"
                   WIDTH="132.5513916015625"
                   HEIGHT="46.62060546875"
                   ID="block_1"
                   TAGREFS="BT10978">
          <Shape><Polygon POINTS="1589.3 2172.5 1721.85 2172.5 1721.85 2219.12 1589.3 2219.12 1589.3 2172.5"/></Shape>
          
          
          <TextLine ID="eSc_line_b523ef2b"
                    TAGREFS="LT4318"
                    BASELINE="1595 2202 1720 2205" 
                    HPOS="1594"
                    VPOS="2168"
                    WIDTH="126"
                    HEIGHT="80">
            <Shape><Polygon POINTS="1595 2202 1594 2236 1628 2247 1630 2247 1631 2248 1661 2248 1661 2247 1662 2247 1664 2247 1674 2238 1682 2233 1717 2238 1720 2205 1720 2171 1595 2168 1595 2202"/></Shape>
	    <String CONTENT="rent,"
                    HPOS="1594"
                    VPOS="2168"
                    WIDTH="126"
                    HEIGHT="80"></String>
          </TextLine>

          
        </TextBlock>
        

        
      </PrintSpace>
    </Page>
  </Layout>
</alto>
