<?xml version="1.0" encoding="UTF-8"?>
<alto xmlns:xsi="http://www.w3.org/2001/XMLSchema-instance"
      xmlns="http://www.loc.gov/standards/alto/ns-v4#"
      xsi:schemaLocation="http://www.loc.gov/standards/alto/ns-v4# http://www.loc.gov/standards/alto/v4/alto-4-2.xsd">
  <Description>
    <MeasurementUnit>pixel</MeasurementUnit>
    <sourceImageInformation>
      <fileName>2012981.png</fileName>
      
    </sourceImageInformation>
  </Description>
  
  <Tags>
    <OtherTag ID="BT10983" LABEL="GraphicZone" DESCRIPTION="block type GraphicZone"/><OtherTag ID="BT10982" LABEL="DropCapitalZone" DESCRIPTION="block type DropCapitalZone"/><OtherTag ID="BT10981" LABEL="RunningTitleZone" DESCRIPTION="block type RunningTitleZone"/><OtherTag ID="BT10980" LABEL="NumberingZone" DESCRIPTION="block type NumberingZone"/><OtherTag ID="BT10979" LABEL="TitlePageZone" DESCRIPTION="block type TitlePageZone"/><OtherTag ID="BT10978" LABEL="QuireMarksZone" DESCRIPTION="block type QuireMarksZone"/><OtherTag ID="BT10977" LABEL="MainZone" DESCRIPTION="block type MainZone"/><OtherTag ID="BT10976" LABEL="MarginTextZone" DESCRIPTION="block type MarginTextZone"/>
    <OtherTag ID="LT4321" LABEL="default" DESCRIPTION="line type default"/><OtherTag ID="LT4319" LABEL="HeadingLine" DESCRIPTION="line type HeadingLine"/><OtherTag ID="LT4318" LABEL="DefaultLine" DESCRIPTION="line type DefaultLine"/><OtherTag ID="LT4320" LABEL="CustomLine : BiblicalText" DESCRIPTION="line type CustomLine : BiblicalText"/>
  </Tags>
  
  <Layout>
    <Page WIDTH="1807"
          HEIGHT="2677"
          PHYSICAL_IMG_NR="28"
          ID="eSc_dummypage_">
      <PrintSpace HPOS="0"
                  VPOS="0"
                  WIDTH="1807"
                  HEIGHT="2677">
        
        <TextBlock HPOS="497.92108154296875"
                   VPOS="215.05990600585938"
                   WIDTH="357.983642578125"
                   HEIGHT="62.53857421875"
                   ID="block_3"
                   TAGREFS="BT10981">
          <Shape><Polygon POINTS="497.921 215.06 855.905 215.06 855.905 277.598 497.921 277.598 497.921 215.06"/></Shape>
          
          
          <TextLine ID="eSc_line_059997e7"
                    TAGREFS="LT4319"
                    BASELINE="505 261 846 260" 
                    HPOS="504"
                    VPOS="214"
                    WIDTH="342"
                    HEIGHT="67">
            <Shape><Polygon POINTS="803 226 801 224 792 218 786 218 771 218 762 218 749 221 733 226 727 221 722 217 712 217 709 217 700 220 693 221 675 218 664 215 652 215 638 215 623 215 608 215 602 215 581 221 569 214 563 214 548 214 533 214 519 214 504 214 505 261 505 275 761 273 829 281 831 281 832 281 834 281 846 272 846 260 843 233 835 226"/></Shape>
	    <String CONTENT="CAPVT II."
                    HPOS="504"
                    VPOS="214"
                    WIDTH="342"
                    HEIGHT="67"
                    WC="0.998553719785478"></String>
          </TextLine>

          
        </TextBlock>
        
        <TextBlock HPOS="1123.9046630859375"
                   VPOS="229.12388610839844"
                   WIDTH="81.7218017578125"
                   HEIGHT="49.25547790527344"
                   ID="block_0"
                   TAGREFS="BT10980">
          <Shape><Polygon POINTS="1123.9 229.124 1205.63 229.124 1205.63 278.379 1123.9 278.379 1123.9 229.124"/></Shape>
          
          
          <TextLine ID="eSc_line_8f143cb4"
                    TAGREFS="LT4318"
                    BASELINE="1136 264 1192 264" 
                    HPOS="1136"
                    VPOS="220"
                    WIDTH="56"
                    HEIGHT="65">
            <Shape><Polygon POINTS="1136 264 1136 285 1192 285 1192 264 1192 223 1136 220 1136 264"/></Shape>
	    <String CONTENT="69"
                    HPOS="1136"
                    VPOS="220"
                    WIDTH="56"
                    HEIGHT="65"
                    WC="0.999986708164215"></String>
          </TextLine>

          
        </TextBlock>
        
        <TextBlock HPOS="143.6239776611328"
                   VPOS="286.79095458984375"
                   WIDTH="1072.5896453857422"
                   HEIGHT="1934.0691528320312"
                   ID="block_1"
                   TAGREFS="BT10977">
          <Shape><Polygon POINTS="143.624 286.791 1216.21 286.791 1216.21 2220.86 143.624 2220.86 143.624 286.791"/></Shape>
          
          
          <TextLine ID="eSc_line_a8b3f647"
                    TAGREFS="LT4318"
                    BASELINE="156 327 1204 333" 
                    HPOS="154"
                    VPOS="273"
                    WIDTH="1050"
                    HEIGHT="83">
            <Shape><Polygon POINTS="230 276 215 276 165 284 156 294 156 327 154 340 178 349 179 349 181 349 182 349 203 343 212 352 214 352 215 352 217 352 346 343 355 343 365 343 449 350 450 350 499 345 505 345 507 345 517 353 519 353 520 353 522 353 523 353 542 346 545 345 556 346 603 353 605 353 652 348 673 345 700 348 761 355 762 356 853 356 853 355 855 355 870 350 881 346 892 350 902 355 904 355 993 356 994 356 996 356 1008 352 1018 348 1054 352 1087 356 1088 356 1115 353 1155 348 1201 353 1204 333 1204 285 1192 278 1191 278 1189 278 1032 278 1030 278 1029 278 1027 278 1017 287 1011 291 978 287 933 281 932 281 931 281 917 287 910 290 864 287 780 281 779 281 777 281 776 281 770 287 767 290 699 290 682 287 642 278 641 278 639 278 623 287 620 288 609 287 581 281 580 281 520 287 498 288 493 287 471 276 469 276 468 276 466 276 428 287 419 288 414 287 394 273 392 273 391 273 324 273 322 273 321 273 282 287 279 287 276 287 240 275 230 276"/></Shape>
	    <String CONTENT="crificari Dominus nolebat. Quanquam aliquid"
                    HPOS="154"
                    VPOS="273"
                    WIDTH="1050"
                    HEIGHT="83"></String>
          </TextLine>

          
          
          <TextLine ID="eSc_line_f5265628"
                    TAGREFS="LT4318"
                    BASELINE="156 385 1203 391" 
                    HPOS="154"
                    VPOS="337"
                    WIDTH="1049"
                    HEIGHT="76">
            <Shape><Polygon POINTS="154 397 169 406 171 406 172 406 297 400 322 408 324 408 325 408 368 400 417 410 419 410 420 410 449 401 486 410 487 410 489 411 581 411 581 410 582 410 584 410 596 403 617 410 618 410 620 410 621 410 645 403 690 411 691 411 693 411 718 403 770 411 771 411 813 403 823 411 825 411 826 411 828 411 969 406 1075 413 1076 413 1201 403 1203 391 1201 349 1164 345 1163 345 1148 348 1118 355 1094 348 1085 345 1084 345 1082 345 1081 345 1075 348 1060 355 1049 346 1047 343 1045 343 1044 343 1012 343 1011 343 996 346 954 355 904 345 884 342 883 342 881 342 871 345 844 355 697 355 676 343 673 340 672 340 670 340 669 340 649 342 597 349 548 342 539 340 538 340 536 340 533 342 504 353 435 353 419 340 417 340 416 340 414 340 413 340 385 350 353 339 352 339 350 339 282 339 281 339 279 339 278 339 261 349 243 343 242 343 240 343 205 350 157 337 156 385 154 397"/></Shape>
	    <String CONTENT="in eo Naamani infir mitati conceſſum eſſe mani¬"
                    HPOS="154"
                    VPOS="337"
                    WIDTH="1049"
                    HEIGHT="76"
                    WC="0.980066952553201"></String>
          </TextLine>

          
          
          <TextLine ID="eSc_line_a86b7b60"
                    TAGREFS="LT4318"
                    BASELINE="153 444 1203 450" 
                    HPOS="151"
                    VPOS="397"
                    WIDTH="1052"
                    HEIGHT="77">
            <Shape><Polygon POINTS="151 459 468 471 469 471 508 464 629 471 630 471 725 465 734 472 736 472 737 472 739 472 813 465 815 465 853 472 855 472 856 472 878 465 880 465 896 465 1094 474 1096 474 1201 466 1203 450 1201 401 1133 401 1131 401 1130 401 1128 401 1110 413 974 413 962 403 960 403 959 403 957 403 956 403 954 403 942 411 884 403 883 403 798 410 768 401 762 400 761 400 759 400 748 401 691 410 678 401 675 398 673 398 672 398 670 398 652 401 627 406 593 401 566 398 565 398 563 398 562 398 562 400 559 401 551 408 538 401 532 398 530 398 529 398 508 401 468 408 359 408 348 401 339 397 337 397 336 397 334 397 318 401 300 407 264 401 229 397 227 397 153 401 153 444"/></Shape>
	    <String CONTENT="feſtò apparet, quòd &amp; ſacrificat, &amp; extra templũ"
                    HPOS="151"
                    VPOS="397"
                    WIDTH="1052"
                    HEIGHT="77"
                    WC="0.981362463212481"></String>
          </TextLine>

          
          
          <TextLine ID="eSc_line_e777aa41"
                    TAGREFS="LT4318"
                    BASELINE="154 501 1203 507" 
                    HPOS="153"
                    VPOS="458"
                    WIDTH="1050"
                    HEIGHT="72">
            <Shape><Polygon POINTS="154 501 153 524 187 526 188 526 190 526 191 526 191 524 206 516 245 524 254 526 255 526 257 526 261 524 285 516 367 516 389 523 391 523 392 523 438 519 446 523 450 527 452 527 453 527 455 527 502 523 553 519 569 523 584 527 585 527 587 527 588 527 603 523 621 517 636 523 649 527 651 527 715 529 716 529 718 529 719 529 730 522 736 519 779 522 871 529 873 529 874 529 895 522 902 519 932 522 1039 530 1041 530 1201 519 1203 507 1201 474 1070 474 1064 471 1030 462 1029 462 1027 462 960 471 939 472 895 469 765 461 764 461 725 468 722 468 718 468 678 459 676 459 641 466 627 471 594 471 588 466 578 459 577 459 575 459 574 459 522 465 487 471 422 471 416 465 408 459 408 458 407 458 406 458 404 458 403 458 380 464 364 468 331 464 290 458 232 458 230 458 229 458 227 458 221 462 214 466 203 462 193 458 191 458 190 458 154 461 154 501"/></Shape>
	    <String CONTENT="Dei. Mos autem iſte viſitationum monumento¬"
                    HPOS="153"
                    VPOS="458"
                    WIDTH="1050"
                    HEIGHT="72"
                    WC="0.971028302991113"></String>
          </TextLine>

          
          
          <TextLine ID="eSc_line_d0b00014"
                    TAGREFS="LT4318"
                    BASELINE="153 559 1201 566" 
                    HPOS="151"
                    VPOS="516"
                    WIDTH="1050"
                    HEIGHT="74">
            <Shape><Polygon POINTS="153 559 151 578 160 584 162 584 163 584 165 584 166 584 193 577 221 584 223 584 224 584 358 577 359 577 371 585 373 585 374 585 376 585 568 578 571 578 572 578 652 587 654 587 850 581 864 588 865 588 867 588 868 588 977 581 991 590 993 590 994 590 996 590 997 590 999 590 1008 582 1067 590 1069 590 1200 581 1201 566 1200 533 1100 533 1099 532 1061 520 1060 520 1005 520 1003 520 1002 520 975 530 905 519 904 519 779 526 746 517 745 517 743 517 742 517 701 529 700 530 608 530 605 529 571 516 569 516 568 516 492 527 489 529 410 529 408 527 398 519 397 519 395 519 394 519 336 526 322 516 321 516 319 516 284 516 282 516 281 516 279 516 263 526 261 526 153 526 153 559"/></Shape>
	    <String CONTENT="rum Martyrum, &amp; terræ ſanctæ, votiuarúmque"
                    HPOS="151"
                    VPOS="516"
                    WIDTH="1050"
                    HEIGHT="74"
                    WC="0.984507880931677"></String>
          </TextLine>

          
          
          <TextLine ID="eSc_line_8a1952c1"
                    TAGREFS="LT4318"
                    BASELINE="156 618 1201 623" 
                    HPOS="154"
                    VPOS="575"
                    WIDTH="1047"
                    HEIGHT="73">
            <Shape><Polygon POINTS="156 618 154 643 200 645 202 645 203 645 208 643 232 635 248 643 251 645 252 645 254 645 292 643 416 636 465 642 504 646 505 646 550 642 594 636 603 640 611 646 612 646 614 646 615 648 681 648 681 646 682 646 697 640 709 636 770 639 853 645 855 645 908 639 923 638 963 639 1158 645 1160 645 1200 636 1201 623 1200 588 1067 580 1066 580 1064 580 1048 587 1039 578 1038 578 1036 578 1035 578 1033 578 1008 587 1005 587 1002 587 962 578 960 578 923 585 917 587 910 585 852 577 850 577 849 577 820 584 725 577 724 577 722 577 721 577 709 585 707 585 699 585 632 577 630 577 578 584 565 585 516 584 316 575 315 575 156 581 156 618"/></Shape>
	    <String CONTENT="peregrinationum ex ſuperſtitioſa &amp; nimia Mar¬"
                    HPOS="154"
                    VPOS="575"
                    WIDTH="1047"
                    HEIGHT="73"
                    WC="0.989437572161357"></String>
          </TextLine>

          
          
          <TextLine ID="eSc_line_80009343"
                    TAGREFS="LT4318"
                    BASELINE="156 676 1204 682" 
                    HPOS="154"
                    VPOS="632"
                    WIDTH="1050"
                    HEIGHT="75">
            <Shape><Polygon POINTS="156 676 154 691 182 703 184 703 185 704 260 704 260 703 261 703 263 703 276 694 443 704 444 704 507 697 517 704 519 704 520 704 522 706 618 706 618 704 658 697 666 696 667 697 682 706 684 706 685 706 687 706 688 706 719 697 722 697 730 697 798 706 800 706 838 698 849 697 859 698 892 704 893 704 972 700 1002 698 1011 700 1039 707 1041 707 1042 707 1075 701 1090 698 1201 701 1204 682 1204 646 1163 636 1161 636 1160 636 1035 646 1027 646 1021 646 939 635 938 635 838 638 837 638 835 638 826 645 825 646 777 646 774 645 755 635 754 635 752 635 566 643 557 643 553 643 483 633 481 633 480 633 478 633 468 643 425 643 385 632 383 632 382 632 156 640 156 676"/></Shape>
	    <String CONTENT="tyrum veneratione primùm ortus latius poſtea"
                    HPOS="154"
                    VPOS="632"
                    WIDTH="1050"
                    HEIGHT="75"
                    WC="0.979617138703664"></String>
          </TextLine>

          
          
          <TextLine ID="eSc_line_b935a745"
                    TAGREFS="LT4318"
                    BASELINE="151 736 1200 742" 
                    HPOS="151"
                    VPOS="688"
                    WIDTH="1049"
                    HEIGHT="77">
            <Shape><Polygon POINTS="151 736 151 758 191 751 229 758 243 761 245 761 263 758 294 752 303 758 306 761 307 761 309 761 310 761 325 758 340 755 380 758 440 762 441 762 443 762 444 762 452 758 461 752 493 758 507 759 508 759 547 758 632 752 651 756 670 762 672 762 673 762 675 762 687 756 694 754 699 756 703 761 704 761 706 761 707 761 733 756 737 756 739 756 749 764 751 764 752 764 754 764 755 764 757 764 768 756 771 755 791 756 859 764 861 764 862 764 864 764 873 756 875 754 936 754 945 756 969 765 971 765 972 765 1026 756 1035 755 1051 756 1168 765 1170 765 1171 765 1198 755 1200 742 1198 697 1160 703 1151 696 1149 694 1148 694 1146 694 1076 694 1075 694 1073 694 1069 696 1036 704 1002 694 999 694 997 694 996 694 994 694 991 694 957 703 939 694 936 693 935 693 933 693 904 694 807 700 776 693 771 693 770 693 768 693 767 693 748 704 678 704 652 694 651 694 649 694 648 694 646 694 635 703 449 703 340 690 339 690 337 690 336 690 292 700 264 690 263 690 261 690 260 690 230 700 209 690 208 690 206 690 205 690 203 690 194 697 151 688 151 736"/></Shape>
	    <String CONTENT="ſerpſit, &amp; ex errore errorem produxit. Quàm"
                    HPOS="151"
                    VPOS="688"
                    WIDTH="1049"
                    HEIGHT="77"></String>
          </TextLine>

          
          
          <TextLine ID="eSc_line_abdc0345"
                    TAGREFS="LT4318"
                    BASELINE="157 794 1201 800" 
                    HPOS="156"
                    VPOS="748"
                    WIDTH="1045"
                    HEIGHT="72">
            <Shape><Polygon POINTS="157 794 156 807 420 817 422 817 423 817 447 810 486 817 487 817 727 812 755 819 757 819 758 819 853 812 941 820 942 820 1200 812 1201 800 1198 752 1134 754 1133 754 1131 754 1121 762 1061 755 1060 755 941 762 893 751 892 751 890 751 889 751 865 761 764 751 762 751 761 751 721 761 681 749 679 749 678 749 489 749 478 749 477 749 419 759 359 749 358 749 223 758 157 748 157 794"/></Shape>
	    <String CONTENT="parum honorificè de Hieruſalem loquatur Chri"
                    HPOS="156"
                    VPOS="748"
                    WIDTH="1045"
                    HEIGHT="72"
                    WC="0.993683830897013"></String>
          </TextLine>

          
          
          <TextLine ID="eSc_line_6033e308"
                    TAGREFS="LT4318"
                    BASELINE="154 853 1201 856" 
                    HPOS="153"
                    VPOS="809"
                    WIDTH="1048"
                    HEIGHT="71">
            <Shape><Polygon POINTS="154 853 153 874 472 878 474 878 475 878 477 878 483 874 487 870 495 874 504 877 505 877 507 878 629 878 629 877 649 872 664 870 669 872 681 880 682 880 684 880 685 880 687 880 712 872 718 871 749 872 892 880 893 880 895 880 896 880 905 871 907 871 1200 871 1201 856 1200 823 1130 810 1128 810 1127 810 1096 822 1094 822 1087 822 996 813 994 813 993 813 963 820 957 822 954 820 938 810 936 810 935 810 933 810 892 820 887 820 881 820 812 810 810 810 809 810 807 810 797 819 792 822 669 822 663 817 645 809 643 809 642 809 582 817 580 817 568 809 566 809 565 809 523 809 522 809 520 809 519 809 508 817 502 822 385 822 365 816 339 809 337 809 300 809 298 809 297 809 295 809 288 814 282 820 273 814 264 810 263 810 261 810 260 810 258 810 254 814 246 820 218 814 190 809 188 809 154 813 154 853"/></Shape>
	    <String CONTENT="ſtus ipſe apparet Matth.23.verſ.37. dum eam ho¬"
                    HPOS="153"
                    VPOS="809"
                    WIDTH="1048"
                    HEIGHT="71"></String>
          </TextLine>

          
          
          <TextLine ID="eSc_line_21f4ea58"
                    TAGREFS="LT4318"
                    BASELINE="156 910 1203 916" 
                    HPOS="154"
                    VPOS="867"
                    WIDTH="1049"
                    HEIGHT="72">
            <Shape><Polygon POINTS="156 910 154 928 249 935 251 935 353 929 382 928 385 929 391 935 392 935 394 935 395 935 397 935 398 935 406 929 408 926 413 929 422 936 423 936 425 936 426 938 541 938 541 936 629 929 678 926 693 931 719 938 721 938 722 939 780 939 780 938 878 931 919 928 936 931 984 939 986 939 987 939 1014 931 1017 931 1200 931 1203 916 1201 880 1091 881 1078 878 1045 871 1044 871 1042 871 1041 871 1029 878 1023 883 962 883 956 878 944 870 942 870 941 870 939 870 850 877 841 870 840 870 838 870 771 870 770 870 768 870 767 870 767 871 758 878 757 880 752 878 736 872 734 872 733 872 731 872 730 872 722 878 718 880 557 880 553 877 520 868 519 868 517 868 337 877 327 877 322 877 260 867 182 867 181 867 179 867 156 875 156 910"/></Shape>
	    <String CONTENT="micidam Prophetarum appellat: &amp; poſt eum"
                    HPOS="154"
                    VPOS="867"
                    WIDTH="1049"
                    HEIGHT="72"
                    WC="0.988818800449371"></String>
          </TextLine>

          
          
          <TextLine ID="eSc_line_0ba66693"
                    TAGREFS="LT4318"
                    BASELINE="154 971 1201 975" 
                    HPOS="153"
                    VPOS="923"
                    WIDTH="1048"
                    HEIGHT="68">
            <Shape><Polygon POINTS="154 971 153 989 1198 991 1201 975 1200 941 1125 928 1124 928 1122 928 1121 928 1107 938 1096 929 1096 928 1094 928 1093 928 1066 928 1064 928 1063 928 1032 938 1024 939 1011 936 963 928 962 928 910 935 881 939 865 935 838 926 837 926 797 926 795 926 794 926 792 926 782 933 773 939 696 939 679 932 666 926 664 926 663 926 661 926 660 926 654 931 643 939 581 939 551 929 541 926 539 926 538 926 536 926 529 929 502 938 423 938 414 929 413 929 411 929 410 929 371 936 348 926 345 925 343 925 342 925 336 926 290 936 263 925 261 925 154 923 154 971"/></Shape>
	    <String CONTENT="Paulus, dum eam ſeruæ &amp; ancillæ confert. Galat."
                    HPOS="153"
                    VPOS="923"
                    WIDTH="1048"
                    HEIGHT="68"
                    WC="0.970526762465213"></String>
          </TextLine>

          
          
          <TextLine ID="eSc_line_d411f443"
                    TAGREFS="LT4318"
                    BASELINE="154 1027 1203 1033" 
                    HPOS="153"
                    VPOS="984"
                    WIDTH="1050"
                    HEIGHT="71">
            <Shape><Polygon POINTS="154 1027 153 1041 166 1051 168 1051 169 1051 171 1051 251 1042 297 1051 298 1051 425 1044 585 1052 587 1052 678 1044 712 1054 713 1054 715 1054 813 1045 1026 1052 1027 1052 1029 1052 1048 1047 1073 1055 1075 1055 1076 1055 1078 1055 1107 1047 1110 1047 1200 1047 1203 1033 1203 1002 1173 989 1171 989 1170 989 1075 997 1064 989 1063 989 1061 989 1018 989 1017 989 954 1000 951 1000 950 1000 941 991 939 991 938 991 936 991 935 991 913 999 865 987 864 987 783 987 782 987 780 987 748 999 728 989 727 989 652 986 651 986 649 986 615 997 615 999 510 999 508 997 493 986 492 986 490 986 489 986 487 986 466 997 404 997 385 987 383 987 382 987 310 996 307 996 285 984 284 984 282 984 281 984 246 996 245 996 243 996 220 987 218 987 217 987 215 987 214 987 202 996 199 996 154 996 154 1027"/></Shape>
	    <String CONTENT="4.&amp; ſequens ætas, quæ Apoſtolorum tempori¬"
                    HPOS="153"
                    VPOS="984"
                    WIDTH="1050"
                    HEIGHT="71"></String>
          </TextLine>

          
          
          <TextLine ID="eSc_line_da592f1c"
                    TAGREFS="LT4318"
                    BASELINE="154 1087 1204 1091" 
                    HPOS="154"
                    VPOS="1039"
                    WIDTH="1050"
                    HEIGHT="71">
            <Shape><Polygon POINTS="154 1087 154 1106 420 1100 468 1107 469 1107 472 1107 712 1102 810 1109 812 1109 813 1109 853 1102 880 1109 881 1109 883 1109 928 1103 1201 1110 1204 1091 1204 1057 1191 1047 1189 1047 1188 1047 1186 1047 1137 1057 1109 1049 1107 1049 1106 1049 1105 1049 1103 1049 1091 1057 1090 1058 978 1058 972 1054 962 1049 960 1049 959 1049 908 1052 858 1057 828 1051 791 1045 789 1045 788 1045 786 1045 779 1051 771 1055 758 1051 745 1045 743 1045 742 1045 740 1045 730 1049 718 1055 707 1049 696 1042 694 1042 693 1042 691 1042 633 1048 600 1051 594 1047 588 1042 587 1042 585 1042 505 1041 504 1041 428 1044 220 1054 154 1039 154 1087"/></Shape>
	    <String CONTENT="bus vicina fuit, idẽ ſentiebat, quæ ne monumenta"
                    HPOS="154"
                    VPOS="1039"
                    WIDTH="1050"
                    HEIGHT="71"
                    WC="0.990135492110739"></String>
          </TextLine>

          
          
          <TextLine ID="eSc_line_1f0d359e"
                    TAGREFS="LT4318"
                    BASELINE="154 1146 1203 1151" 
                    HPOS="154"
                    VPOS="1100"
                    WIDTH="1049"
                    HEIGHT="71">
            <Shape><Polygon POINTS="154 1146 154 1165 411 1160 446 1168 449 1168 450 1168 550 1170 551 1170 553 1170 557 1168 578 1161 642 1168 654 1170 655 1170 657 1170 660 1168 679 1161 759 1161 905 1170 929 1171 931 1171 957 1171 1128 1163 1200 1171 1203 1151 1201 1115 1142 1103 1140 1103 1087 1110 1047 1103 1045 1103 1044 1103 1042 1103 1029 1113 1027 1113 974 1103 972 1103 971 1103 969 1103 954 1113 953 1115 898 1115 895 1113 880 1103 878 1103 877 1103 875 1103 691 1112 681 1112 679 1112 643 1102 642 1102 591 1102 590 1102 588 1102 587 1102 572 1112 569 1112 464 1112 464 1110 453 1102 452 1102 450 1102 449 1102 447 1102 428 1110 428 1112 297 1112 295 1110 276 1100 275 1100 273 1100 154 1109 154 1146"/></Shape>
	    <String CONTENT="quidem martyrum ſæpe norat. Sepultura enim"
                    HPOS="154"
                    VPOS="1100"
                    WIDTH="1049"
                    HEIGHT="71"
                    WC="0.991515809581393"></String>
          </TextLine>

          
          
          <TextLine ID="eSc_line_65d6366f"
                    TAGREFS="LT4318"
                    BASELINE="156 1203 1200 1210" 
                    HPOS="156"
                    VPOS="1160"
                    WIDTH="1044"
                    HEIGHT="68">
            <Shape><Polygon POINTS="156 1203 156 1221 780 1219 795 1226 797 1226 798 1226 800 1226 822 1226 939 1221 1197 1228 1200 1210 1200 1176 1171 1164 1170 1164 1168 1164 928 1173 910 1163 908 1163 907 1163 905 1163 840 1170 829 1163 828 1163 826 1163 825 1163 783 1171 768 1161 767 1161 765 1161 764 1161 704 1171 688 1161 687 1161 685 1161 684 1161 682 1161 649 1171 648 1171 615 1161 614 1161 612 1161 611 1161 580 1171 577 1171 517 1171 517 1170 504 1160 502 1160 501 1160 499 1160 458 1168 382 1160 380 1160 379 1160 348 1168 156 1168 156 1203"/></Shape>
	    <String CONTENT="eorum contenti, vt de Stephano docemur.Act."
                    HPOS="156"
                    VPOS="1160"
                    WIDTH="1044"
                    HEIGHT="68"></String>
          </TextLine>

          
          
          <TextLine ID="eSc_line_f4b5178a"
                    TAGREFS="LT4318"
                    BASELINE="159 1268 654 1264 1203 1270" 
                    HPOS="159"
                    VPOS="1216"
                    WIDTH="1044"
                    HEIGHT="73">
            <Shape><Polygon POINTS="159 1268 159 1286 211 1277 237 1286 239 1286 240 1286 242 1286 243 1286 245 1286 267 1277 322 1277 339 1284 342 1286 343 1286 345 1286 359 1284 431 1277 450 1284 455 1286 456 1286 458 1286 489 1284 554 1279 582 1283 611 1287 612 1289 832 1289 832 1287 834 1287 835 1287 843 1281 846 1279 923 1280 1189 1287 1191 1287 1192 1287 1194 1287 1201 1279 1203 1270 1201 1231 1180 1231 1180 1229 1167 1219 1167 1218 1165 1218 1164 1218 1163 1218 1161 1218 1128 1229 1125 1231 1102 1231 1100 1229 1087 1218 1085 1218 1084 1218 1082 1218 826 1225 685 1229 678 1223 672 1219 672 1218 670 1218 669 1218 626 1218 624 1218 623 1218 612 1222 597 1231 517 1231 507 1222 502 1218 501 1218 499 1218 498 1218 464 1221 398 1228 350 1219 331 1216 330 1216 328 1216 322 1219 306 1228 297 1219 294 1218 294 1216 292 1216 291 1216 224 1216 223 1216 221 1216 220 1216 218 1218 209 1225 159 1218 159 1268"/></Shape>
	    <String CONTENT="7, &amp; 8. venerationem iſtam, quæ cum idololatria"
                    HPOS="159"
                    VPOS="1216"
                    WIDTH="1044"
                    HEIGHT="73"
                    WC="0.989217730278664"></String>
          </TextLine>

          
          
          <TextLine ID="eSc_line_d4549a90"
                    TAGREFS="LT4318"
                    BASELINE="156 1319 1200 1325" 
                    HPOS="154"
                    VPOS="1274"
                    WIDTH="1046"
                    HEIGHT="64">
            <Shape><Polygon POINTS="156 1319 154 1332 1197 1338 1200 1325 1200 1292 1174 1279 1173 1279 1072 1279 1070 1279 1069 1279 1049 1287 1038 1279 1036 1279 1035 1279 978 1279 977 1279 975 1279 951 1290 939 1279 939 1277 938 1277 936 1277 935 1277 933 1277 910 1290 853 1290 736 1290 734 1289 719 1281 718 1281 716 1281 681 1289 678 1289 676 1289 646 1276 645 1276 643 1276 483 1287 472 1287 469 1287 417 1274 416 1274 414 1274 413 1274 379 1286 379 1287 359 1287 359 1286 346 1276 346 1274 345 1274 343 1274 342 1274 291 1284 218 1277 217 1277 156 1284 156 1319"/></Shape>
	    <String CONTENT="coniuncta eſt, omittebant: imo verò deteſtabã¬"
                    HPOS="154"
                    VPOS="1274"
                    WIDTH="1046"
                    HEIGHT="64"
                    WC="0.979696186880271"></String>
          </TextLine>

          
          
          <TextLine ID="eSc_line_25454457"
                    TAGREFS="LT4318"
                    BASELINE="156 1377 1201 1386" 
                    HPOS="154"
                    VPOS="1331"
                    WIDTH="1047"
                    HEIGHT="72">
            <Shape><Polygon POINTS="156 1377 154 1393 1198 1403 1201 1386 1197 1338 1149 1351 1078 1351 1054 1338 1052 1338 1051 1338 1048 1338 1005 1348 966 1338 957 1337 956 1337 954 1337 953 1337 947 1338 917 1350 867 1350 853 1339 849 1335 847 1335 846 1335 768 1335 767 1335 765 1335 757 1339 742 1348 700 1348 690 1339 682 1334 681 1334 679 1334 678 1334 676 1334 663 1339 649 1345 638 1339 623 1334 621 1334 620 1334 560 1335 559 1335 557 1335 551 1339 544 1345 471 1345 465 1341 453 1332 452 1332 450 1332 449 1332 377 1341 349 1344 345 1341 328 1331 327 1331 325 1331 324 1331 322 1331 288 1341 284 1342 279 1341 258 1334 257 1334 255 1334 156 1341 156 1377"/></Shape>
	    <String CONTENT="tur &amp; damnabant. Primùm Helena Conſtantini"
                    HPOS="154"
                    VPOS="1331"
                    WIDTH="1047"
                    HEIGHT="72"
                    WC="0.99353936522506"></String>
          </TextLine>

          
          
          <TextLine ID="eSc_line_f48464f1"
                    TAGREFS="LT4318"
                    BASELINE="156 1438 1198 1444" 
                    HPOS="156"
                    VPOS="1392"
                    WIDTH="1042"
                    HEIGHT="74">
            <Shape><Polygon POINTS="156 1438 156 1453 206 1453 211 1454 226 1461 227 1461 229 1461 284 1455 307 1453 327 1455 361 1461 362 1461 364 1461 380 1455 392 1453 523 1458 580 1460 581 1460 591 1458 621 1454 629 1460 633 1463 635 1463 636 1463 638 1463 707 1460 794 1457 883 1463 938 1466 939 1466 956 1463 987 1458 1032 1464 1047 1466 1048 1466 1049 1466 1052 1464 1073 1457 1195 1466 1198 1444 1197 1409 1097 1397 1096 1397 1094 1397 1072 1406 1067 1408 1055 1406 1005 1397 1003 1397 1002 1397 981 1405 975 1406 898 1405 896 1403 886 1396 884 1396 883 1396 881 1396 880 1396 856 1403 841 1406 822 1402 794 1396 792 1396 733 1400 681 1405 670 1399 660 1395 658 1395 657 1395 574 1397 417 1405 367 1405 353 1395 352 1393 350 1393 349 1393 348 1393 346 1393 342 1395 313 1405 237 1405 223 1393 221 1393 220 1393 156 1392 156 1438"/></Shape>
	    <String CONTENT="Magni mater mulier ſuperſtitioſo &amp; fœmineo"
                    HPOS="156"
                    VPOS="1392"
                    WIDTH="1042"
                    HEIGHT="74"
                    WC="0.988897293806076"></String>
          </TextLine>

          
          
          <TextLine ID="eSc_line_962784a3"
                    TAGREFS="LT4318"
                    BASELINE="156 1493 1198 1499" 
                    HPOS="156"
                    VPOS="1453"
                    WIDTH="1042"
                    HEIGHT="68">
            <Shape><Polygon POINTS="156 1493 156 1511 478 1511 483 1511 524 1518 526 1518 638 1512 700 1519 701 1521 905 1521 905 1519 907 1519 928 1512 939 1521 941 1521 942 1521 944 1521 945 1521 960 1513 981 1521 983 1521 984 1521 1197 1512 1198 1499 1197 1467 1155 1457 1154 1457 1038 1466 1020 1466 1009 1464 959 1457 957 1457 899 1464 889 1464 871 1463 770 1455 768 1455 767 1455 765 1455 755 1463 751 1466 678 1466 664 1461 646 1457 645 1457 643 1457 538 1460 441 1463 432 1458 417 1453 416 1453 414 1453 413 1453 397 1458 389 1461 367 1458 325 1453 324 1453 273 1457 232 1461 156 1457 156 1493"/></Shape>
	    <String CONTENT="quodam zelo commota, terrã, quam vocant, ſan¬"
                    HPOS="156"
                    VPOS="1453"
                    WIDTH="1042"
                    HEIGHT="68"
                    WC="0.994195707466291"></String>
          </TextLine>

          
          
          <TextLine ID="eSc_line_a1a97bd2"
                    TAGREFS="LT4318"
                    BASELINE="151 1554 1200 1561" 
                    HPOS="150"
                    VPOS="1506"
                    WIDTH="1050"
                    HEIGHT="77">
            <Shape><Polygon POINTS="151 1554 150 1566 193 1577 194 1577 196 1577 297 1570 432 1579 434 1579 487 1570 542 1579 544 1579 626 1571 636 1580 638 1580 639 1580 641 1582 733 1582 733 1580 777 1571 861 1571 875 1582 877 1582 878 1582 880 1582 951 1574 990 1583 991 1583 993 1583 994 1583 1014 1574 1055 1583 1057 1583 1198 1573 1200 1561 1200 1512 1130 1512 1128 1512 1127 1512 1093 1525 1054 1513 1052 1513 1051 1513 1049 1513 1024 1522 994 1515 993 1515 991 1515 990 1515 989 1515 975 1524 928 1516 926 1516 791 1524 761 1513 751 1511 749 1511 748 1511 746 1511 745 1511 740 1513 724 1524 635 1524 611 1515 593 1509 591 1509 590 1509 588 1509 572 1515 553 1522 407 1522 391 1516 362 1506 361 1506 275 1506 273 1506 272 1506 270 1506 270 1508 260 1516 257 1519 249 1516 221 1506 220 1506 218 1506 151 1516 151 1554"/></Shape>
	    <String CONTENT="ctam inuiſit, non ipſius quidem terræ gratia, ſed"
                    HPOS="150"
                    VPOS="1506"
                    WIDTH="1050"
                    HEIGHT="77"
                    WC="0.970131642964421"></String>
          </TextLine>

          
          
          <TextLine ID="eSc_line_0081b4d4"
                    TAGREFS="LT4318"
                    BASELINE="154 1612 1197 1616" 
                    HPOS="154"
                    VPOS="1567"
                    WIDTH="1043"
                    HEIGHT="67">
            <Shape><Polygon POINTS="154 1612 154 1634 1195 1631 1197 1616 1197 1583 1158 1573 1157 1573 1155 1573 1081 1582 1076 1582 1057 1570 1055 1570 1054 1570 1052 1570 1051 1570 1017 1582 1014 1583 972 1583 969 1582 944 1570 942 1570 941 1570 939 1570 910 1580 907 1582 904 1580 881 1570 880 1570 878 1570 877 1570 875 1570 861 1580 858 1582 841 1580 770 1571 768 1571 767 1571 749 1579 746 1580 737 1579 696 1573 694 1573 693 1573 679 1579 676 1580 673 1579 658 1569 657 1569 655 1569 654 1569 652 1569 627 1579 623 1580 614 1579 572 1569 571 1569 569 1569 551 1576 533 1569 532 1569 530 1569 529 1569 527 1569 527 1570 517 1577 516 1579 507 1577 429 1567 428 1567 426 1567 394 1577 386 1579 377 1577 339 1567 337 1567 336 1567 334 1567 333 1567 322 1574 261 1567 260 1567 258 1567 257 1567 245 1576 240 1579 233 1576 212 1567 211 1567 209 1567 154 1574 154 1612"/></Shape>
	    <String CONTENT="Chriſti cauſa &amp; fidei ſuæ vt veriſimile eſt, ma¬"
                    HPOS="154"
                    VPOS="1567"
                    WIDTH="1043"
                    HEIGHT="67"
                    WC="0.990005767593781"></String>
          </TextLine>

          
          
          <TextLine ID="eSc_line_e3938546"
                    TAGREFS="LT4318"
                    BASELINE="153 1671 1200 1679" 
                    HPOS="153"
                    VPOS="1625"
                    WIDTH="1047"
                    HEIGHT="76">
            <Shape><Polygon POINTS="153 1671 153 1693 343 1687 377 1695 386 1696 388 1696 408 1695 487 1689 553 1696 577 1698 578 1699 728 1699 728 1698 730 1698 733 1696 749 1690 780 1696 795 1699 797 1699 798 1699 804 1696 817 1692 838 1696 849 1699 850 1699 852 1699 874 1698 922 1692 965 1698 991 1701 993 1701 994 1701 1006 1698 1023 1693 1197 1698 1200 1679 1198 1638 1157 1631 1155 1631 1154 1631 1134 1637 1124 1641 1118 1637 1109 1631 1107 1631 1106 1631 1035 1631 1033 1631 1032 1631 1018 1637 1009 1641 1000 1637 993 1634 991 1634 990 1634 917 1637 875 1638 871 1637 855 1629 853 1629 852 1629 850 1629 831 1637 822 1640 807 1637 776 1629 774 1629 773 1629 755 1637 754 1637 736 1628 734 1628 645 1628 643 1628 642 1628 641 1628 629 1635 626 1638 620 1635 600 1629 599 1629 597 1629 596 1629 580 1635 574 1638 551 1635 474 1627 472 1627 471 1627 469 1627 456 1635 453 1638 365 1638 361 1635 345 1625 343 1625 342 1625 340 1625 297 1635 292 1637 214 1637 212 1635 202 1627 202 1625 200 1625 199 1625 197 1625 153 1634 153 1671"/></Shape>
	    <String CONTENT="gis confirmandæ, quia fidem &amp; ſoam &amp; aliorum"
                    HPOS="153"
                    VPOS="1625"
                    WIDTH="1047"
                    HEIGHT="76"
                    WC="0.996554523706436"></String>
          </TextLine>

          
          
          <TextLine ID="eSc_line_8d658245"
                    TAGREFS="LT4318"
                    BASELINE="151 1729 1195 1735" 
                    HPOS="150"
                    VPOS="1683"
                    WIDTH="1045"
                    HEIGHT="74">
            <Shape><Polygon POINTS="151 1729 150 1744 171 1753 172 1753 174 1753 379 1745 394 1745 400 1745 481 1754 483 1754 654 1747 660 1747 661 1747 691 1756 693 1756 694 1756 745 1748 904 1756 905 1756 907 1756 920 1748 932 1757 933 1757 935 1757 936 1757 1049 1750 1152 1757 1154 1757 1194 1748 1195 1735 1195 1699 1161 1687 1160 1687 1091 1687 1090 1687 1088 1687 1061 1698 1024 1689 1023 1689 1021 1689 1020 1689 1018 1689 1018 1690 1008 1699 980 1687 978 1687 931 1687 929 1687 928 1687 926 1687 926 1689 914 1699 883 1699 862 1699 862 1698 847 1686 846 1686 844 1686 843 1686 777 1698 774 1698 562 1698 560 1696 513 1686 511 1686 456 1696 452 1696 447 1696 386 1683 385 1683 337 1692 287 1683 285 1683 284 1683 282 1683 282 1685 269 1695 269 1696 243 1696 242 1695 215 1683 214 1683 212 1683 151 1693 151 1729"/></Shape>
	    <String CONTENT="ipſo aſpectu rerũ &amp; monumentis paſſionis Chri¬"
                    HPOS="150"
                    VPOS="1683"
                    WIDTH="1045"
                    HEIGHT="74"
                    WC="0.985031477948453"></String>
          </TextLine>

          
          
          <TextLine ID="eSc_line_cccb7371"
                    TAGREFS="LT4318"
                    BASELINE="150 1789 1197 1792" 
                    HPOS="150"
                    VPOS="1743"
                    WIDTH="1047"
                    HEIGHT="72">
            <Shape><Polygon POINTS="150 1751 150 1789 150 1811 554 1806 587 1814 591 1814 593 1814 599 1814 642 1806 682 1814 685 1814 687 1814 688 1814 690 1814 700 1808 951 1815 984 1815 986 1815 990 1815 1041 1808 1194 1815 1197 1792 1195 1756 1139 1744 1137 1744 1136 1744 1134 1744 1118 1754 1116 1754 1049 1744 1048 1744 1047 1744 1015 1754 1011 1754 1005 1753 953 1744 951 1744 911 1753 901 1754 852 1753 746 1747 745 1747 743 1747 727 1751 715 1754 707 1751 694 1744 693 1744 691 1744 641 1750 620 1753 614 1750 599 1743 597 1743 487 1743 486 1743 484 1743 468 1748 466 1750 465 1748 458 1743 456 1743 455 1743 350 1743 349 1743 348 1743 334 1748 322 1753 153 1747 150 1751"/></Shape>
	    <String CONTENT="ſti (quæ à Iudæis Ethnicis, &amp; quibuſdam hæreti¬"
                    HPOS="150"
                    VPOS="1743"
                    WIDTH="1047"
                    HEIGHT="72"
                    WC="0.976180590689182"></String>
          </TextLine>

          
          
          <TextLine ID="eSc_line_f1bc2fbe"
                    TAGREFS="LT4318"
                    BASELINE="153 1848 1200 1851" 
                    HPOS="151"
                    VPOS="1802"
                    WIDTH="1049"
                    HEIGHT="74">
            <Shape><Polygon POINTS="153 1848 151 1863 226 1875 227 1876 392 1876 392 1875 394 1875 423 1866 574 1875 575 1875 577 1875 596 1866 654 1866 675 1876 676 1876 678 1876 679 1876 716 1867 820 1867 837 1876 838 1876 840 1876 841 1876 1198 1866 1200 1851 1200 1817 1165 1804 1164 1804 1163 1804 844 1815 826 1815 825 1815 795 1804 794 1804 792 1804 791 1804 764 1809 652 1802 651 1802 649 1802 629 1812 541 1814 533 1815 507 1815 507 1814 492 1802 490 1802 489 1802 447 1802 446 1802 444 1802 443 1802 426 1814 423 1814 334 1802 333 1802 267 1814 263 1814 257 1814 212 1805 211 1805 153 1812 153 1848"/></Shape>
	    <String CONTENT="cis negabatur) &amp; quæ ſe dulo illa conquiſiuit, cõ¬"
                    HPOS="151"
                    VPOS="1802"
                    WIDTH="1049"
                    HEIGHT="74"
                    WC="0.988028515787686"></String>
          </TextLine>

          
          
          <TextLine ID="eSc_line_5fb9e41e"
                    TAGREFS="LT4318"
                    BASELINE="153 1905 1198 1909" 
                    HPOS="153"
                    VPOS="1863"
                    WIDTH="1045"
                    HEIGHT="70">
            <Shape><Polygon POINTS="153 1905 153 1924 209 1920 243 1924 278 1930 279 1930 281 1930 282 1930 282 1928 288 1924 294 1920 350 1920 368 1924 386 1930 388 1930 389 1930 449 1924 499 1920 510 1924 524 1931 526 1931 527 1933 670 1933 670 1931 672 1931 673 1931 684 1924 688 1921 699 1924 727 1931 728 1931 730 1931 731 1931 754 1924 762 1921 765 1924 776 1931 777 1931 779 1931 780 1933 886 1933 886 1931 887 1931 889 1931 901 1924 902 1922 920 1924 1026 1933 1027 1933 1029 1933 1030 1933 1044 1924 1047 1922 1060 1924 1154 1931 1155 1931 1197 1922 1198 1909 1197 1875 1145 1866 1143 1866 1142 1866 1118 1873 1112 1875 1099 1873 1048 1866 1047 1866 1045 1866 1027 1873 1021 1876 893 1876 889 1872 883 1866 881 1866 880 1866 878 1866 829 1870 806 1873 797 1870 780 1864 779 1864 777 1864 743 1870 724 1873 703 1870 679 1866 678 1866 620 1869 550 1873 544 1869 539 1864 538 1864 536 1864 535 1864 516 1869 496 1873 426 1873 420 1867 416 1863 414 1863 413 1863 359 1863 358 1863 356 1863 349 1867 339 1872 153 1866 153 1905"/></Shape>
	    <String CONTENT="firmare voluit. Quanquam iam in eo peccatum"
                    HPOS="153"
                    VPOS="1863"
                    WIDTH="1045"
                    HEIGHT="70"></String>
          </TextLine>

          
          
          <TextLine ID="eSc_line_0e254076"
                    TAGREFS="LT4318"
                    BASELINE="154 1963 1201 1969" 
                    HPOS="154"
                    VPOS="1918"
                    WIDTH="1047"
                    HEIGHT="73">
            <Shape><Polygon POINTS="154 1963 154 1983 886 1983 896 1983 972 1991 974 1991 1200 1983 1201 1969 1200 1936 1142 1922 1140 1922 1139 1922 1115 1934 1115 1936 1058 1936 1057 1934 1035 1922 1033 1922 1032 1922 1030 1922 1000 1933 996 1934 870 1934 867 1933 835 1921 834 1921 731 1921 730 1921 728 1921 712 1930 703 1921 701 1921 700 1921 699 1921 660 1928 615 1920 614 1920 612 1920 611 1920 597 1930 596 1931 588 1930 538 1920 438 1920 437 1920 435 1920 434 1920 422 1928 419 1931 232 1931 226 1927 212 1918 211 1918 209 1918 208 1918 154 1925 154 1963"/></Shape>
	    <String CONTENT="eſt tamen, quòd plus fidei de Domino cruci, cla¬"
                    HPOS="154"
                    VPOS="1918"
                    WIDTH="1047"
                    HEIGHT="73"
                    WC="0.985129417205343"></String>
          </TextLine>

          
          
          <TextLine ID="eSc_line_91f16030"
                    TAGREFS="LT4318"
                    BASELINE="156 2022 1203 2027" 
                    HPOS="156"
                    VPOS="1975"
                    WIDTH="1047"
                    HEIGHT="75">
            <Shape><Polygon POINTS="156 2022 156 2040 288 2038 304 2040 343 2047 345 2047 435 2040 469 2038 483 2040 526 2049 527 2049 606 2041 679 2049 681 2049 733 2040 739 2040 740 2040 751 2049 752 2049 754 2049 755 2050 797 2050 797 2049 838 2040 844 2040 859 2040 986 2050 987 2050 1030 2043 1155 2050 1157 2050 1201 2040 1203 2027 1203 1991 1131 1991 1131 1989 1121 1980 1119 1980 1118 1980 1116 1980 1115 1980 1102 1988 1088 1979 1087 1979 1085 1979 1084 1979 1029 1989 1027 1989 1026 1989 986 1978 984 1978 983 1978 910 1985 899 1978 898 1978 896 1978 895 1978 893 1978 892 1978 875 1988 844 1976 843 1976 841 1976 789 1985 748 1976 746 1976 745 1976 743 1976 728 1985 652 1978 651 1978 649 1978 648 1978 648 1979 638 1988 636 1988 633 1988 580 1980 578 1980 519 1988 510 1988 508 1988 489 1978 487 1978 486 1978 484 1978 466 1986 431 1975 429 1975 428 1975 426 1975 425 1975 407 1986 386 1975 385 1975 383 1975 334 1985 301 1975 300 1975 298 1975 297 1975 267 1986 266 1986 263 1986 199 1975 197 1975 196 1975 156 1985 156 2022"/></Shape>
	    <String CONTENT="uuis, &amp; ſepulchro, quàm ipſi Spiritui ſancto, Apo¬"
                    HPOS="156"
                    VPOS="1975"
                    WIDTH="1047"
                    HEIGHT="75"
                    WC="0.988487577905842"></String>
          </TextLine>

          
          
          <TextLine ID="eSc_line_8f664b82"
                    TAGREFS="LT4318"
                    BASELINE="156 2080 1200 2086" 
                    HPOS="154"
                    VPOS="2034"
                    WIDTH="1046"
                    HEIGHT="74">
            <Shape><Polygon POINTS="156 2080 154 2095 174 2104 175 2104 176 2104 248 2096 255 2096 270 2096 388 2104 389 2104 391 2104 406 2098 413 2096 425 2099 456 2105 458 2105 524 2099 559 2098 609 2101 691 2107 693 2107 803 2104 907 2101 926 2105 938 2108 939 2108 941 2108 1006 2107 1161 2101 1197 2108 1200 2086 1198 2050 1096 2050 1094 2049 1072 2038 1070 2038 1069 2038 989 2047 983 2047 977 2047 917 2037 916 2037 914 2037 889 2046 884 2047 877 2046 840 2037 838 2037 788 2044 771 2047 765 2044 749 2037 748 2037 746 2037 690 2044 669 2046 626 2043 523 2036 522 2036 520 2036 501 2041 486 2046 469 2041 449 2036 447 2036 446 2036 444 2036 429 2041 417 2046 413 2040 407 2036 407 2034 406 2034 404 2034 403 2034 349 2040 331 2041 318 2040 285 2034 284 2034 282 2034 273 2038 263 2044 246 2038 232 2034 230 2034 229 2034 156 2037 156 2080"/></Shape>
	    <String CONTENT="ſtoli ſcriptis &amp; Euangeliſtis tribuiſſe videatur."
                    HPOS="154"
                    VPOS="2034"
                    WIDTH="1046"
                    HEIGHT="74"
                    WC="0.981785989537531"></String>
          </TextLine>

          
          
          <TextLine ID="eSc_line_a5262a98"
                    TAGREFS="LT4318"
                    BASELINE="165 2140 1201 2146" 
                    HPOS="163"
                    VPOS="2092"
                    WIDTH="1038"
                    HEIGHT="77">
            <Shape><Polygon POINTS="163 2153 185 2165 187 2165 188 2165 391 2156 508 2163 510 2163 657 2159 694 2168 696 2168 697 2168 699 2168 736 2159 795 2168 797 2168 989 2160 1000 2169 1002 2169 1003 2169 1005 2169 1200 2159 1201 2146 1200 2111 1137 2111 1136 2110 1119 2098 1118 2098 1116 2098 1115 2098 1113 2098 1075 2108 1066 2111 1032 2111 1027 2107 1017 2098 1015 2098 1014 2098 1012 2098 1011 2098 989 2107 980 2110 911 2110 904 2105 890 2096 889 2096 887 2096 822 2096 820 2096 819 2096 817 2096 810 2104 803 2110 690 2110 678 2101 670 2095 669 2095 667 2095 666 2095 664 2095 649 2101 630 2107 569 2099 536 2095 535 2095 533 2095 532 2095 527 2098 513 2107 475 2099 474 2099 441 2107 428 2096 425 2094 423 2094 422 2094 420 2094 407 2096 368 2105 353 2095 352 2094 350 2094 349 2094 348 2094 322 2095 205 2101 166 2092 165 2140 163 2153"/></Shape>
	    <String CONTENT="Sed poſt orbem Chriſtianum factum ſupplica¬"
                    HPOS="163"
                    VPOS="2092"
                    WIDTH="1038"
                    HEIGHT="77"
                    WC="0.984880239464516"></String>
          </TextLine>

          
          
          <TextLine ID="eSc_line_7651e3d0"
                    TAGREFS="LT4318"
                    BASELINE="168 2196 1206 2205" 
                    HPOS="166"
                    VPOS="2152"
                    WIDTH="1040"
                    HEIGHT="92">
            <Shape><Polygon POINTS="168 2196 166 2215 211 2218 237 2238 239 2238 240 2238 471 2239 472 2239 474 2239 529 2221 538 2220 629 2220 633 2223 649 2235 651 2235 652 2235 706 2242 707 2242 794 2226 813 2223 822 2226 861 2244 862 2244 864 2244 865 2244 895 2227 905 2223 1100 2223 1121 2232 1143 2239 1145 2239 1146 2239 1204 2232 1206 2205 1204 2160 1091 2171 1027 2162 1026 2162 984 2169 696 2169 660 2156 652 2154 651 2154 582 2154 581 2154 580 2154 574 2156 545 2166 526 2156 520 2153 519 2153 403 2153 401 2153 400 2153 395 2154 376 2165 322 2154 303 2152 301 2152 300 2152 290 2154 257 2163 168 2154 168 2196"/></Shape>
	    <String CONTENT="runt ſuperſtitioſi ad Martyrum monumenta, ad"
                    HPOS="166"
                    VPOS="2152"
                    WIDTH="1040"
                    HEIGHT="92"
                    WC="0.982391165061431"></String>
          </TextLine>

          
        </TextBlock>
        
        <TextBlock HPOS="883.7243041992188"
                   VPOS="2225.1318359375"
                   WIDTH="122.89532470703125"
                   HEIGHT="60.55908203125"
                   ID="block_2"
                   TAGREFS="BT10978">
          <Shape><Polygon POINTS="883.724 2225.13 1006.62 2225.13 1006.62 2285.69 883.724 2285.69 883.724 2225.13"/></Shape>
          
          
          <TextLine ID="eSc_line_e2b7966d"
                    TAGREFS="LT4318"
                    BASELINE="892 2265 991 2265" 
                    HPOS="892"
                    VPOS="2214"
                    WIDTH="99"
                    HEIGHT="89">
            <Shape><Polygon POINTS="892 2265 892 2291 990 2303 991 2265 991 2226 939 2214 938 2214 936 2214 892 2226 892 2265"/></Shape>
	    <String CONTENT="e. iij."
                    HPOS="892"
                    VPOS="2214"
                    WIDTH="99"
                    HEIGHT="89"
                    WC="0.946570004735674"></String>
          </TextLine>

          
        </TextBlock>
        

        
      </PrintSpace>
    </Page>
  </Layout>
</alto>
