<?xml version="1.0" encoding="UTF-8"?>
<alto xmlns:xsi="http://www.w3.org/2001/XMLSchema-instance"
      xmlns="http://www.loc.gov/standards/alto/ns-v4#"
      xsi:schemaLocation="http://www.loc.gov/standards/alto/ns-v4# http://www.loc.gov/standards/alto/v4/alto-4-2.xsd">
  <Description>
    <MeasurementUnit>pixel</MeasurementUnit>
    <sourceImageInformation>
      <fileName>2012975.png</fileName>
      
    </sourceImageInformation>
  </Description>
  
  <Tags>
    <OtherTag ID="BT10983" LABEL="GraphicZone" DESCRIPTION="block type GraphicZone"/><OtherTag ID="BT10982" LABEL="DropCapitalZone" DESCRIPTION="block type DropCapitalZone"/><OtherTag ID="BT10981" LABEL="RunningTitleZone" DESCRIPTION="block type RunningTitleZone"/><OtherTag ID="BT10980" LABEL="NumberingZone" DESCRIPTION="block type NumberingZone"/><OtherTag ID="BT10979" LABEL="TitlePageZone" DESCRIPTION="block type TitlePageZone"/><OtherTag ID="BT10978" LABEL="QuireMarksZone" DESCRIPTION="block type QuireMarksZone"/><OtherTag ID="BT10977" LABEL="MainZone" DESCRIPTION="block type MainZone"/><OtherTag ID="BT10976" LABEL="MarginTextZone" DESCRIPTION="block type MarginTextZone"/>
    <OtherTag ID="LT4321" LABEL="default" DESCRIPTION="line type default"/><OtherTag ID="LT4319" LABEL="HeadingLine" DESCRIPTION="line type HeadingLine"/><OtherTag ID="LT4318" LABEL="DefaultLine" DESCRIPTION="line type DefaultLine"/><OtherTag ID="LT4320" LABEL="CustomLine : BiblicalText" DESCRIPTION="line type CustomLine : BiblicalText"/>
  </Tags>
  
  <Layout>
    <Page WIDTH="1807"
          HEIGHT="2677"
          PHYSICAL_IMG_NR="22"
          ID="eSc_dummypage_">
      <PrintSpace HPOS="0"
                  VPOS="0"
                  WIDTH="1807"
                  HEIGHT="2677">
        
        <TextBlock HPOS="81.9782943725586"
                   VPOS="228.11805725097656"
                   WIDTH="1075.9916763305664"
                   HEIGHT="1987.4832611083984"
                   ID="block_0"
                   TAGREFS="BT10977">
          <Shape><Polygon POINTS="81.9783 228.118 1157.97 228.118 1157.97 2215.6 81.9783 2215.6 81.9783 228.118"/></Shape>
          
          
          <TextLine ID="eSc_line_6286c6eb"
                    TAGREFS="LT4318"
                    BASELINE="99 297 870 294" 
                    HPOS="99"
                    VPOS="239"
                    WIDTH="771"
                    HEIGHT="85">
            <Shape><Polygon POINTS="99 297 99 322 133 324 135 324 136 324 139 322 166 310 263 310 288 321 290 321 291 321 292 321 315 310 350 310 364 321 365 321 367 321 368 321 376 321 440 310 469 319 474 321 475 321 477 321 478 321 483 319 505 309 572 309 593 318 603 322 605 322 606 322 629 318 669 309 699 318 716 322 718 322 719 322 870 315 870 294 867 255 810 255 810 254 795 242 794 242 792 242 767 242 765 242 764 242 762 242 745 254 745 255 658 255 657 254 643 243 642 243 641 243 584 239 486 239 484 239 483 239 456 248 321 240 319 240 318 240 316 240 316 242 303 254 300 257 258 257 252 254 218 240 217 240 215 240 214 240 175 254 168 255 159 254 130 246 129 246 127 246 126 246 110 249 99 266"/></Shape>
	    <String CONTENT="quenti verſiculo ſubiicit, &amp; explicat."
                    HPOS="99"
                    VPOS="239"
                    WIDTH="771"
                    HEIGHT="85"
                    WC="0.978811643625561"></String>
          </TextLine>

          
          
          <TextLine ID="eSc_line_c84dbdb1"
                    TAGREFS="LT4320"
                    BASELINE="153 434 220 431" 
                    HPOS="147"
                    VPOS="363"
                    WIDTH="71"
                    HEIGHT="76">
            <Shape><Polygon POINTS="151 439 218 439 218 430 214 377 147 363 151 432"/></Shape>
	    <String CONTENT="7"
                    HPOS="147"
                    VPOS="363"
                    WIDTH="71"
                    HEIGHT="76"></String>
          </TextLine>

          
          
          <TextLine ID="eSc_line_6fff8e42"
                    TAGREFS="LT4320"
                    BASELINE="249 420 1130 426" 
                    HPOS="248"
                    VPOS="364"
                    WIDTH="882"
                    HEIGHT="89">
            <Shape><Polygon POINTS="1112 368 1038 376 1029 370 1027 370 1026 370 1024 370 1023 370 1003 379 852 379 850 377 838 370 837 370 835 370 834 370 768 376 752 377 749 376 739 367 737 367 736 367 734 367 733 367 700 376 690 377 664 377 663 374 654 367 654 365 652 365 651 365 649 365 614 374 605 376 596 374 568 365 566 365 517 365 516 365 514 365 498 373 490 376 358 376 342 370 318 364 316 364 315 364 249 368 249 420 248 435 263 444 264 444 266 444 267 444 269 444 284 437 322 447 324 447 325 447 370 437 385 446 386 446 388 446 389 446 391 446 392 446 392 444 404 435 407 435 466 437 478 447 478 449 480 449 481 449 483 449 571 437 581 437 661 437 664 438 688 450 690 450 691 450 693 450 719 440 725 438 730 440 754 449 755 449 757 449 794 441 807 438 810 441 819 449 819 450 820 450 822 450 823 452 864 452 864 450 865 450 867 450 877 443 883 438 890 443 908 452 910 452 911 453 941 453 941 452 942 452 944 452 956 444 963 440 1067 440 1075 446 1082 452 1084 452 1085 452 1087 452 1128 446 1130 426 1130 379 1128 377 1127 377"/></Shape>
	    <String CONTENT="Cuius conſtitutus ſum ego præco &amp;"
                    HPOS="248"
                    VPOS="364"
                    WIDTH="882"
                    HEIGHT="89"
                    WC="0.988377403129231"></String>
          </TextLine>

          
          
          <TextLine ID="eSc_line_56d830b8"
                    TAGREFS="LT4320"
                    BASELINE="98 489 1142 492" 
                    HPOS="96"
                    VPOS="438"
                    WIDTH="1046"
                    HEIGHT="81">
            <Shape><Polygon POINTS="98 489 96 508 110 514 111 514 113 514 114 514 116 514 121 508 123 508 124 508 135 517 136 517 138 517 139 517 199 516 200 516 218 510 234 504 273 510 315 516 316 516 318 516 319 516 327 510 336 504 359 510 374 514 376 514 377 514 379 514 380 514 386 510 398 504 443 504 456 511 461 514 462 514 464 514 465 514 466 514 480 511 508 504 520 511 529 517 530 517 532 517 533 517 571 511 584 510 591 511 608 517 609 517 611 517 612 517 623 511 636 505 716 505 745 513 768 519 770 519 771 519 817 513 834 511 852 513 893 519 895 519 896 519 917 514 929 511 960 514 1014 519 1015 519 1017 519 1027 514 1036 511 1047 514 1060 519 1061 519 1063 519 1064 519 1066 519 1066 517 1070 514 1079 507 1139 514 1142 492 1140 450 1064 440 942 440 941 440 939 440 938 440 926 449 925 450 727 450 725 449 715 440 713 440 712 440 710 440 709 440 679 449 675 449 670 449 641 441 639 441 557 447 544 438 542 438 541 438 539 438 475 447 472 447 471 447 392 438 391 438 389 438 353 447 350 447 348 447 298 438 297 438 295 438 266 447 264 447 263 447 239 438 237 438 236 438 98 446 98 462"/></Shape>
	    <String CONTENT="Apostolus (veritatem dico per Chriſtum,"
                    HPOS="96"
                    VPOS="438"
                    WIDTH="1046"
                    HEIGHT="81"
                    WC="0.984986036251753"></String>
          </TextLine>

          
          
          <TextLine ID="eSc_line_dec2df89"
                    TAGREFS="LT4320"
                    BASELINE="93 556 1143 560" 
                    HPOS="93"
                    VPOS="507"
                    WIDTH="1050"
                    HEIGHT="83">
            <Shape><Polygon POINTS="93 556 93 575 298 575 303 575 331 584 333 584 334 584 336 584 337 584 348 575 350 575 394 575 397 577 420 585 422 585 423 585 490 577 495 577 499 577 554 587 556 587 700 578 704 578 706 578 719 587 721 587 722 587 724 587 804 580 819 588 820 588 822 588 823 590 911 590 911 588 913 588 929 580 932 578 936 580 971 588 972 588 974 588 1142 580 1143 560 1143 524 1115 510 1113 510 1112 510 1110 510 1081 522 1066 510 1064 510 1063 510 1061 510 1008 519 953 510 951 510 950 510 948 510 932 523 932 524 795 524 791 523 752 513 751 513 749 513 748 513 746 513 731 523 697 523 609 523 608 522 587 508 585 508 584 508 440 507 438 507 437 507 394 520 349 507 348 507 346 507 345 507 306 519 290 508 288 508 287 508 285 508 284 508 257 520 227 520 194 520 193 520 181 511 179 511 178 511 176 511 96 519 93 529"/></Shape>
	    <String CONTENT="non mentior) doctor, inquam, Gentium"
                    HPOS="93"
                    VPOS="507"
                    WIDTH="1050"
                    HEIGHT="83"
                    WC="0.985224713881811"></String>
          </TextLine>

          
          
          <TextLine ID="eSc_line_5f0379e3"
                    TAGREFS="LT4320"
                    BASELINE="96 626 603 626" 
                    HPOS="96"
                    VPOS="574"
                    WIDTH="507"
                    HEIGHT="78">
            <Shape><Polygon POINTS="96 642 232 652 233 652 234 652 257 642 258 642 276 649 278 649 279 649 379 642 385 642 389 642 474 652 475 652 477 652 478 652 493 642 548 652 550 652 603 640 603 626 603 588 536 574 535 574 371 587 359 578 358 578 356 578 355 578 307 584 292 574 291 574 290 574 224 574 223 574 221 574 184 588 96 588 96 626"/></Shape>
	    <String CONTENT="cum fide ac veritate."
                    HPOS="96"
                    VPOS="574"
                    WIDTH="507"
                    HEIGHT="78"
                    WC="0.999789618310474"></String>
          </TextLine>

          
          
          <TextLine ID="eSc_line_e18c1851"
                    TAGREFS="LT4318"
                    BASELINE="153 709 1148 715" 
                    HPOS="151"
                    VPOS="655"
                    WIDTH="997"
                    HEIGHT="81">
            <Shape><Polygon POINTS="153 709 151 730 229 731 230 731 232 731 234 730 246 724 255 730 255 731 257 731 258 731 260 733 364 733 364 731 373 730 401 724 441 730 456 731 458 731 819 728 911 728 917 728 991 736 993 736 994 736 1023 728 1024 728 1026 728 1097 736 1099 736 1146 727 1148 715 1146 676 1081 675 1055 661 1054 661 1052 661 864 670 803 672 794 669 776 660 774 660 773 660 771 660 748 667 727 675 676 675 651 666 632 658 630 658 629 658 602 664 566 672 481 670 471 661 468 658 466 658 465 658 464 658 437 661 385 666 365 660 362 658 361 658 359 658 358 658 356 658 342 667 288 660 287 660 285 660 284 660 270 672 233 672 205 657 203 657 153 655 153 709"/></Shape>
	    <String CONTENT="Α’πτιολoyια eſt &amp; conſirmatio proximè ſupe¬"
                    HPOS="151"
                    VPOS="655"
                    WIDTH="997"
                    HEIGHT="81"
                    WC="0.966350998390805"></String>
          </TextLine>

          
          
          <TextLine ID="eSc_line_7f6397cf"
                    TAGREFS="LT4318"
                    BASELINE="92 771 1145 776" 
                    HPOS="90"
                    VPOS="727"
                    WIDTH="1055"
                    HEIGHT="67">
            <Shape><Polygon POINTS="92 771 90 782 1142 794 1145 776 1143 733 92 727 92 771"/></Shape>
	    <String CONTENT="rioris ſententiæ ab effectu vel à cõſequente, Deũ"
                    HPOS="90"
                    VPOS="727"
                    WIDTH="1055"
                    HEIGHT="67"
                    WC="0.993231672507066"></String>
          </TextLine>

          
          
          <TextLine ID="eSc_line_7858a034"
                    TAGREFS="LT4318"
                    BASELINE="93 828 1145 832" 
                    HPOS="92"
                    VPOS="780"
                    WIDTH="1053"
                    HEIGHT="72">
            <Shape><Polygon POINTS="93 828 92 844 1142 852 1145 832 1143 797 1045 785 1044 785 907 795 896 795 895 795 877 783 875 783 874 783 873 783 871 783 870 783 852 795 850 795 847 795 794 782 792 782 791 782 752 794 752 795 693 795 691 794 672 782 670 782 669 782 667 782 666 782 636 794 635 795 568 795 566 794 533 782 532 782 443 780 441 780 266 792 257 792 255 792 226 780 224 780 133 780 132 780 130 780 129 780 116 792 114 792 93 792 93 828"/></Shape>
	    <String CONTENT="n.id decreuiſſe dubitari nõ poteſt, cùm executus"
                    HPOS="92"
                    VPOS="780"
                    WIDTH="1053"
                    HEIGHT="72"
                    WC="0.992778826951981"></String>
          </TextLine>

          
          
          <TextLine ID="eSc_line_392a4b4d"
                    TAGREFS="LT4318"
                    BASELINE="92 892 1145 892" 
                    HPOS="92"
                    VPOS="843"
                    WIDTH="1053"
                    HEIGHT="76">
            <Shape><Polygon POINTS="92 892 92 916 163 905 206 905 221 916 221 917 223 917 224 917 226 919 333 919 333 917 340 916 385 905 492 905 501 913 502 913 504 913 505 913 645 905 658 914 660 914 661 914 663 914 707 905 733 916 737 917 739 917 740 919 791 919 791 917 792 917 794 917 795 916 807 908 838 916 849 917 850 917 852 917 853 917 855 916 868 905 1143 914 1145 892 1145 846 1094 844 1093 844 1091 844 1088 846 1061 856 972 856 953 846 947 843 945 843 944 843 942 843 932 846 896 856 696 856 679 846 676 843 675 843 673 843 536 843 535 843 533 843 532 843 527 846 513 855 489 846 478 843 477 843 475 843 453 846 407 853 383 846 382 846 380 846 379 846 377 846 376 846 359 855 212 855 194 846 184 843 182 843 181 843 179 843 172 846 166 850 160 846 154 843 153 843 151 843 150 843 92 846 92 892"/></Shape>
	    <String CONTENT="ſit, &amp; propterea Paulũ miſerit, qui per Euangelij"
                    HPOS="92"
                    VPOS="843"
                    WIDTH="1053"
                    HEIGHT="76"
                    WC="0.997112205028534"></String>
          </TextLine>

          
          
          <TextLine ID="eSc_line_59c07f4a"
                    TAGREFS="LT4318"
                    BASELINE="96 947 1146 950" 
                    HPOS="96"
                    VPOS="902"
                    WIDTH="1050"
                    HEIGHT="66">
            <Shape><Polygon POINTS="96 947 96 966 438 959 468 968 469 968 471 968 472 968 474 968 475 968 484 959 505 968 507 968 508 968 510 968 511 968 513 968 545 959 587 968 590 968 591 968 593 968 594 968 621 959 1143 968 1146 950 1143 913 1023 913 1018 911 997 904 996 904 994 904 993 904 991 904 984 911 960 904 959 904 957 904 905 911 895 913 887 911 856 904 855 904 853 904 852 904 829 911 823 914 630 914 623 911 591 902 590 902 489 902 487 902 486 902 468 911 466 913 285 913 284 911 275 904 273 904 272 904 270 904 233 910 223 902 221 902 220 902 218 902 96 910 96 947"/></Shape>
	    <String CONTENT="prædicationem quoſuis vocaret ad agnitionem"
                    HPOS="96"
                    VPOS="902"
                    WIDTH="1050"
                    HEIGHT="66"
                    WC="0.997063749058302"></String>
          </TextLine>

          
          
          <TextLine ID="eSc_line_de5e3b23"
                    TAGREFS="LT4318"
                    BASELINE="90 1008 1148 1008" 
                    HPOS="90"
                    VPOS="960"
                    WIDTH="1058"
                    HEIGHT="73">
            <Shape><Polygon POINTS="90 1008 92 1032 114 1024 212 1030 234 1032 236 1032 237 1032 243 1030 275 1021 330 1021 346 1029 352 1032 353 1032 355 1032 373 1029 416 1021 560 1021 572 1027 581 1032 582 1032 584 1033 624 1033 624 1032 626 1032 627 1032 633 1026 641 1021 746 1021 758 1024 779 1032 780 1032 782 1032 783 1032 804 1024 813 1021 822 1024 843 1032 844 1032 846 1032 981 1024 1091 1032 1093 1032 1148 1020 1148 1008 1148 974 1036 972 1023 960 1021 960 1020 960 1018 960 978 968 936 960 935 960 933 960 895 972 892 972 838 972 768 971 740 960 739 960 655 960 654 960 652 960 632 971 629 974 526 974 520 971 498 960 496 960 495 960 493 960 492 960 477 971 474 972 472 971 462 963 461 963 459 963 458 963 397 969 371 972 362 969 334 960 333 960 331 960 292 969 279 972 275 969 263 960 261 960 260 960 258 960 257 960 223 969 215 971 209 969 185 960 184 960 182 960 181 960 151 969 138 972 90 969 90 1008"/></Shape>
	    <String CONTENT="veritatis. Itaque ſuum apoſtolatum, qui à Deo e¬"
                    HPOS="90"
                    VPOS="960"
                    WIDTH="1058"
                    HEIGHT="73"
                    WC="0.987689538877838"></String>
          </TextLine>

          
          
          <TextLine ID="eSc_line_85c9ded4"
                    TAGREFS="LT4318"
                    BASELINE="93 1064 1149 1067" 
                    HPOS="92"
                    VPOS="1017"
                    WIDTH="1057"
                    HEIGHT="71">
            <Shape><Polygon POINTS="93 1064 92 1079 243 1085 245 1085 246 1085 260 1079 269 1076 281 1079 303 1085 304 1085 306 1085 336 1079 345 1076 612 1076 629 1078 682 1087 684 1088 785 1088 785 1087 786 1087 801 1079 875 1087 877 1087 878 1087 907 1078 922 1087 923 1087 925 1087 926 1087 981 1079 1121 1087 1122 1087 1124 1087 1148 1076 1149 1067 1148 1018 1057 1020 1055 1020 1054 1020 1042 1030 895 1030 878 1018 877 1018 875 1018 834 1018 832 1018 831 1018 829 1018 813 1029 776 1020 771 1018 770 1018 709 1018 707 1018 706 1018 703 1020 682 1029 597 1029 588 1020 585 1018 585 1017 584 1017 582 1017 581 1017 580 1017 571 1020 553 1027 468 1027 459 1020 455 1017 453 1017 452 1017 392 1017 391 1017 389 1017 388 1017 388 1018 383 1021 377 1027 358 1021 345 1017 343 1017 342 1017 276 1018 275 1018 273 1018 270 1021 263 1027 93 1023 93 1064"/></Shape>
	    <String CONTENT="rat, pro iuſta huius teſtimonij &amp; voluntatis Deĩ"
                    HPOS="92"
                    VPOS="1017"
                    WIDTH="1057"
                    HEIGHT="71"
                    WC="0.984136937832346"></String>
          </TextLine>

          
          
          <TextLine ID="eSc_line_0248ed8e"
                    TAGREFS="LT4318"
                    BASELINE="95 1122 1146 1127" 
                    HPOS="93"
                    VPOS="1073"
                    WIDTH="1053"
                    HEIGHT="75">
            <Shape><Polygon POINTS="95 1122 93 1133 111 1142 113 1142 114 1142 174 1136 275 1145 276 1146 324 1146 324 1145 325 1145 327 1145 342 1136 343 1136 496 1136 496 1137 520 1146 522 1146 523 1146 524 1146 542 1137 582 1146 584 1146 641 1139 679 1146 681 1146 682 1146 699 1139 701 1137 718 1139 800 1148 801 1148 1145 1142 1146 1127 1145 1090 1079 1076 1078 1076 1076 1076 1042 1087 984 1076 983 1076 981 1076 980 1076 965 1088 963 1088 926 1076 925 1076 883 1076 881 1076 880 1076 858 1088 856 1088 780 1088 779 1087 762 1075 761 1075 759 1075 758 1075 757 1075 728 1087 727 1087 693 1075 691 1075 690 1075 688 1075 658 1085 621 1079 620 1079 587 1087 581 1087 577 1087 523 1075 474 1075 472 1075 471 1075 469 1075 453 1085 417 1073 416 1073 414 1073 221 1084 191 1085 181 1084 118 1073 117 1073 116 1073 95 1082 95 1122"/></Shape>
	    <String CONTENT="de vocandis Gentibus probatione affert Paulus."
                    HPOS="93"
                    VPOS="1073"
                    WIDTH="1053"
                    HEIGHT="75"
                    WC="0.990176023348518"></String>
          </TextLine>

          
          
          <TextLine ID="eSc_line_587e370c"
                    TAGREFS="LT4318"
                    BASELINE="101 1180 1146 1183" 
                    HPOS="99"
                    VPOS="1131"
                    WIDTH="1047"
                    HEIGHT="70">
            <Shape><Polygon POINTS="101 1180 99 1192 118 1201 120 1201 121 1201 1145 1195 1146 1183 1143 1140 1006 1143 996 1139 989 1133 987 1133 986 1133 984 1133 983 1133 981 1133 974 1139 963 1145 786 1145 776 1136 774 1134 773 1134 771 1134 742 1133 740 1133 739 1133 737 1133 734 1136 727 1142 707 1136 697 1133 696 1133 694 1133 693 1133 684 1136 661 1143 642 1136 636 1133 635 1133 633 1133 632 1133 630 1133 629 1136 618 1143 520 1143 508 1134 505 1131 504 1131 502 1131 355 1131 353 1131 352 1131 350 1131 349 1133 336 1143 171 1143 156 1131 154 1131 153 1131 101 1131 101 1180"/></Shape>
	    <String CONTENT="Vocat autem ſe Κήρυκα, id eſt, Præconem &amp; Aʹπό¬"
                    HPOS="99"
                    VPOS="1131"
                    WIDTH="1047"
                    HEIGHT="70"></String>
          </TextLine>

          
          
          <TextLine ID="eSc_line_d724b33f"
                    TAGREFS="LT4318"
                    BASELINE="96 1237 1146 1244" 
                    HPOS="96"
                    VPOS="1188"
                    WIDTH="1050"
                    HEIGHT="79">
            <Shape><Polygon POINTS="96 1237 96 1255 501 1253 514 1258 530 1262 532 1262 533 1262 535 1262 536 1262 541 1258 545 1255 664 1255 673 1258 687 1264 688 1264 690 1264 742 1258 762 1256 765 1258 773 1265 774 1265 776 1265 777 1265 822 1259 832 1258 850 1259 942 1267 944 1267 1145 1259 1146 1244 1143 1194 1021 1207 968 1207 926 1194 919 1192 917 1192 856 1192 855 1192 853 1192 843 1195 809 1204 776 1195 770 1194 768 1194 767 1194 765 1194 759 1195 731 1204 718 1195 712 1191 710 1191 709 1191 606 1191 605 1191 603 1191 602 1191 596 1197 587 1203 547 1203 522 1197 492 1189 490 1189 489 1189 487 1189 468 1197 456 1203 364 1203 359 1198 350 1191 350 1189 349 1189 348 1189 300 1188 270 1188 269 1188 267 1188 266 1188 252 1198 249 1201 162 1201 157 1198 145 1192 144 1192 142 1192 96 1198 96 1237"/></Shape>
	    <String CONTENT="στολον, quæ duo ita inter ſe videntur differre, quòd"
                    HPOS="96"
                    VPOS="1188"
                    WIDTH="1050"
                    HEIGHT="79"></String>
          </TextLine>

          
          
          <TextLine ID="eSc_line_32250fd8"
                    TAGREFS="LT4318"
                    BASELINE="93 1299 1140 1304" 
                    HPOS="92"
                    VPOS="1250"
                    WIDTH="1048"
                    HEIGHT="66">
            <Shape><Polygon POINTS="93 1299 92 1316 1139 1316 1140 1304 1139 1267 969 1267 959 1264 914 1253 913 1253 859 1262 838 1265 816 1261 768 1252 767 1252 765 1252 745 1261 736 1264 710 1259 658 1252 657 1252 655 1252 630 1259 611 1264 569 1258 524 1252 523 1252 522 1252 508 1256 489 1264 465 1256 444 1250 443 1250 441 1250 406 1255 380 1259 352 1255 333 1252 331 1252 319 1255 287 1262 261 1253 252 1250 251 1250 249 1250 248 1250 246 1250 243 1253 229 1262 202 1253 194 1250 193 1250 191 1250 190 1250 184 1252 160 1262 148 1252 147 1250 145 1250 144 1250 142 1250 93 1250 93 1299"/></Shape>
	    <String CONTENT="illud eſt generalius: hoc ſpecialius. Plures enim"
                    HPOS="92"
                    VPOS="1250"
                    WIDTH="1048"
                    HEIGHT="66"
                    WC="0.986773014068604"></String>
          </TextLine>

          
          
          <TextLine ID="eSc_line_e8c7ba80"
                    TAGREFS="LT4318"
                    BASELINE="95 1356 1142 1362" 
                    HPOS="95"
                    VPOS="1308"
                    WIDTH="1047"
                    HEIGHT="76">
            <Shape><Polygon POINTS="95 1356 95 1377 348 1369 376 1377 391 1380 392 1380 394 1380 395 1380 403 1377 414 1371 441 1375 464 1380 465 1380 519 1375 580 1371 602 1375 632 1381 633 1381 727 1375 768 1372 783 1374 822 1381 914 1383 916 1383 917 1383 938 1375 957 1383 959 1383 960 1384 1078 1384 1078 1383 1140 1372 1142 1362 1140 1325 1057 1313 1055 1313 1054 1313 1020 1323 1015 1323 1005 1322 938 1313 936 1313 893 1320 878 1323 838 1320 737 1311 736 1311 664 1317 623 1322 615 1317 605 1310 603 1310 602 1310 600 1310 541 1316 516 1319 495 1316 458 1310 456 1310 455 1310 434 1314 411 1320 385 1314 355 1308 316 1308 315 1308 313 1308 304 1313 295 1319 290 1313 285 1310 285 1308 284 1308 282 1308 281 1308 252 1313 214 1319 95 1311 95 1356"/></Shape>
	    <String CONTENT="ſunt verbi Dei κήρυκες &amp; præcones, quàm Apo¬"
                    HPOS="95"
                    VPOS="1308"
                    WIDTH="1047"
                    HEIGHT="76"
                    WC="0.988795969797217"></String>
          </TextLine>

          
          
          <TextLine ID="eSc_line_fe764ec9"
                    TAGREFS="LT4318"
                    BASELINE="95 1412 1145 1421" 
                    HPOS="93"
                    VPOS="1365"
                    WIDTH="1052"
                    HEIGHT="77">
            <Shape><Polygon POINTS="95 1412 93 1429 971 1442 972 1442 1143 1435 1145 1421 1145 1387 1118 1387 1116 1386 1097 1372 1096 1372 1094 1372 1093 1372 1091 1372 1060 1386 1057 1387 994 1387 966 1386 965 1384 948 1371 947 1371 945 1371 944 1371 942 1371 905 1383 901 1384 895 1383 852 1371 850 1371 849 1371 847 1371 819 1380 797 1369 795 1369 794 1369 745 1377 670 1369 669 1369 667 1369 666 1369 652 1380 646 1383 605 1383 599 1378 578 1368 577 1368 575 1368 513 1378 487 1383 464 1383 456 1377 441 1366 440 1366 438 1366 437 1366 435 1366 403 1377 389 1380 373 1375 342 1368 340 1368 339 1368 337 1368 321 1375 315 1378 310 1375 304 1369 303 1369 301 1369 300 1369 261 1374 229 1378 215 1374 193 1365 191 1365 190 1365 153 1372 141 1375 136 1372 129 1366 129 1365 127 1365 126 1365 124 1365 95 1371 95 1412"/></Shape>
	    <String CONTENT="ſtoli: tum deinde, quod κήρυξ dicitur Paulus ratio¬"
                    HPOS="93"
                    VPOS="1365"
                    WIDTH="1052"
                    HEIGHT="77"></String>
          </TextLine>

          
          
          <TextLine ID="eSc_line_c6c94b20"
                    TAGREFS="LT4318"
                    BASELINE="95 1472 1143 1478" 
                    HPOS="93"
                    VPOS="1427"
                    WIDTH="1050"
                    HEIGHT="75">
            <Shape><Polygon POINTS="95 1472 93 1487 188 1497 190 1497 371 1491 386 1499 388 1499 389 1499 608 1493 754 1500 755 1500 791 1493 862 1500 864 1500 865 1500 867 1500 878 1493 1011 1502 1012 1502 1014 1502 1033 1494 1142 1494 1143 1478 1142 1445 1051 1445 1051 1444 1038 1433 1038 1432 1036 1432 1035 1432 1033 1432 1032 1432 1002 1444 1000 1444 999 1444 947 1432 945 1432 944 1432 910 1444 905 1444 825 1444 825 1442 801 1433 800 1433 798 1433 797 1433 795 1433 782 1442 780 1444 716 1444 713 1442 679 1430 678 1430 617 1429 615 1429 550 1441 548 1441 513 1429 511 1429 382 1429 380 1429 379 1429 358 1438 337 1427 336 1427 334 1427 229 1439 224 1439 214 1432 212 1432 211 1432 209 1432 95 1438 95 1472"/></Shape>
	    <String CONTENT="ne executionis ipſius miniſterij, &amp; prædicationis"
                    HPOS="93"
                    VPOS="1427"
                    WIDTH="1050"
                    HEIGHT="75"
                    WC="0.980837082376286"></String>
          </TextLine>

          
          
          <TextLine ID="eSc_line_1e5d3662"
                    TAGREFS="LT4318"
                    BASELINE="96 1533 1146 1539" 
                    HPOS="95"
                    VPOS="1484"
                    WIDTH="1051"
                    HEIGHT="73">
            <Shape><Polygon POINTS="96 1533 95 1545 1143 1557 1146 1539 1146 1502 1119 1502 1119 1500 1102 1488 1100 1488 1099 1488 1097 1488 1041 1491 1039 1491 1038 1491 1027 1500 1026 1502 887 1502 797 1500 795 1499 773 1487 771 1487 770 1487 768 1487 743 1494 649 1487 648 1487 646 1487 645 1487 635 1494 618 1487 617 1487 615 1487 614 1487 591 1496 568 1485 566 1485 565 1485 426 1497 414 1497 410 1497 359 1484 358 1484 356 1484 279 1491 160 1484 159 1484 157 1484 156 1484 144 1494 96 1494 96 1533"/></Shape>
	    <String CONTENT="verbi Dei: Α’πόςτολος autem ratione vocationis &amp;"
                    HPOS="95"
                    VPOS="1484"
                    WIDTH="1051"
                    HEIGHT="73"></String>
          </TextLine>

          
          
          <TextLine ID="eSc_line_6ec4f7c9"
                    TAGREFS="LT4318"
                    BASELINE="98 1594 1146 1597" 
                    HPOS="98"
                    VPOS="1545"
                    WIDTH="1048"
                    HEIGHT="74">
            <Shape><Polygon POINTS="98 1594 98 1615 475 1609 511 1616 513 1616 514 1616 516 1616 560 1609 697 1618 716 1618 718 1618 734 1618 852 1610 887 1618 890 1618 892 1619 1145 1619 1146 1597 1143 1558 1003 1560 997 1557 983 1546 981 1546 980 1546 953 1546 951 1546 950 1546 948 1546 933 1557 928 1561 904 1561 898 1557 883 1546 881 1546 880 1546 878 1546 877 1546 856 1557 847 1561 751 1561 739 1555 715 1546 713 1546 712 1546 710 1546 684 1555 670 1560 585 1560 581 1555 571 1546 571 1545 569 1545 568 1545 294 1545 292 1545 291 1545 290 1545 279 1554 275 1558 257 1554 221 1545 220 1545 218 1545 171 1546 169 1546 168 1546 160 1554 157 1555 98 1554 98 1594"/></Shape>
	    <String CONTENT="gradus, in quem à Deo collocatus &amp; aſſumptus"
                    HPOS="98"
                    VPOS="1545"
                    WIDTH="1048"
                    HEIGHT="74"
                    WC="0.988655681080288"></String>
          </TextLine>

          
          
          <TextLine ID="eSc_line_0a8c6bed"
                    TAGREFS="LT4318"
                    BASELINE="93 1649 1145 1652" 
                    HPOS="92"
                    VPOS="1603"
                    WIDTH="1053"
                    HEIGHT="74">
            <Shape><Polygon POINTS="93 1649 92 1670 508 1674 510 1674 535 1670 547 1667 554 1670 568 1674 569 1674 571 1674 666 1668 687 1668 696 1668 745 1676 746 1676 809 1668 815 1668 820 1668 870 1676 871 1676 938 1668 939 1668 948 1676 950 1676 951 1676 953 1677 1041 1677 1041 1676 1143 1667 1145 1652 1143 1616 1017 1616 1017 1615 1003 1604 1002 1604 1000 1604 999 1604 997 1604 977 1615 935 1604 933 1604 932 1604 931 1604 907 1615 905 1616 853 1616 850 1615 819 1604 817 1604 670 1604 669 1604 667 1604 666 1604 652 1615 651 1616 620 1616 559 1615 559 1613 535 1603 533 1603 532 1603 345 1613 334 1613 333 1613 325 1606 324 1606 322 1606 165 1603 163 1603 162 1603 138 1613 135 1613 93 1613 93 1649"/></Shape>
	    <String CONTENT="erat. Hoc autem ipſum poſtea definit cùm ait δι¬"
                    HPOS="92"
                    VPOS="1603"
                    WIDTH="1053"
                    HEIGHT="74"></String>
          </TextLine>

          
          
          <TextLine ID="eSc_line_fb52bea5"
                    TAGREFS="LT4318"
                    BASELINE="95 1705 1145 1713" 
                    HPOS="93"
                    VPOS="1662"
                    WIDTH="1052"
                    HEIGHT="76">
            <Shape><Polygon POINTS="95 1705 93 1723 212 1732 214 1732 339 1726 348 1726 349 1726 361 1734 362 1734 364 1734 365 1734 397 1726 406 1725 410 1726 426 1734 428 1734 429 1735 511 1735 511 1734 513 1734 514 1734 523 1728 527 1726 584 1726 588 1728 605 1735 606 1735 608 1735 664 1729 691 1726 742 1729 806 1734 807 1734 873 1731 932 1728 941 1731 953 1737 954 1737 956 1737 957 1737 975 1732 980 1731 987 1732 1026 1738 1027 1738 1029 1738 1051 1732 1064 1729 1078 1732 1100 1738 1102 1738 1103 1738 1143 1732 1145 1713 1143 1682 1073 1668 1072 1668 1070 1668 1032 1680 1027 1682 962 1682 959 1679 935 1667 933 1667 932 1667 868 1677 858 1679 785 1676 639 1671 638 1671 636 1671 635 1671 630 1674 626 1677 620 1674 600 1665 599 1665 536 1665 535 1665 533 1665 516 1673 508 1677 461 1677 452 1673 434 1664 432 1664 295 1662 294 1662 292 1662 270 1670 255 1676 174 1676 166 1668 160 1664 160 1662 159 1662 157 1662 156 1662 95 1667 95 1705"/></Shape>
	    <String CONTENT="δάσκαλος ἐθνῶν. Quæ &amp; ſuperiorem noſtram ſen¬"
                    HPOS="93"
                    VPOS="1662"
                    WIDTH="1052"
                    HEIGHT="76"></String>
          </TextLine>

          
          
          <TextLine ID="eSc_line_7974d074"
                    TAGREFS="LT4318"
                    BASELINE="96 1765 1145 1774" 
                    HPOS="95"
                    VPOS="1717"
                    WIDTH="1050"
                    HEIGHT="76">
            <Shape><Polygon POINTS="96 1765 95 1777 144 1786 145 1786 370 1781 429 1781 434 1783 443 1789 444 1789 446 1789 447 1789 557 1784 621 1783 1142 1793 1145 1774 1140 1725 1107 1732 1063 1725 1060 1725 1058 1725 1057 1725 1035 1734 1024 1725 1023 1725 1021 1725 1020 1725 1018 1725 1017 1725 999 1737 951 1729 950 1729 858 1735 840 1725 835 1723 834 1723 832 1723 831 1723 825 1725 798 1735 762 1728 761 1728 624 1734 614 1726 606 1720 605 1720 603 1720 519 1720 517 1720 516 1720 502 1726 490 1732 376 1731 371 1728 361 1719 359 1719 358 1719 356 1719 237 1726 163 1717 162 1717 160 1717 159 1717 144 1728 141 1729 96 1729 96 1765"/></Shape>
	    <String CONTENT="tentiam &amp; interpretationem confir mant, &amp; finẽ"
                    HPOS="95"
                    VPOS="1717"
                    WIDTH="1050"
                    HEIGHT="76"
                    WC="0.976171177752475"></String>
          </TextLine>

          
          
          <TextLine ID="eSc_line_4887bcd6"
                    TAGREFS="LT4318"
                    BASELINE="96 1826 1140 1833" 
                    HPOS="95"
                    VPOS="1778"
                    WIDTH="1045"
                    HEIGHT="79">
            <Shape><Polygon POINTS="96 1826 95 1850 276 1844 287 1853 288 1853 290 1853 291 1853 295 1853 340 1845 350 1853 352 1854 353 1854 355 1854 356 1854 365 1853 401 1845 484 1853 517 1856 519 1856 520 1856 526 1853 538 1847 559 1853 566 1856 568 1856 569 1856 571 1856 577 1853 593 1847 627 1847 636 1854 638 1856 639 1856 641 1856 642 1856 643 1856 652 1854 682 1847 716 1847 731 1854 737 1857 739 1857 740 1857 742 1857 757 1854 779 1848 797 1854 806 1857 807 1857 809 1857 838 1854 892 1848 1137 1854 1140 1833 1139 1798 1094 1798 1094 1796 1069 1784 1067 1784 1066 1784 1064 1784 1033 1796 1030 1796 1027 1796 984 1784 983 1784 953 1784 951 1784 950 1784 948 1784 935 1795 933 1796 931 1795 911 1787 910 1787 908 1787 907 1787 905 1787 898 1795 896 1796 776 1796 773 1793 761 1783 759 1783 758 1783 757 1783 755 1783 754 1783 740 1793 737 1795 700 1793 510 1780 508 1780 507 1780 472 1790 468 1792 465 1790 444 1780 443 1780 441 1780 440 1780 413 1790 407 1792 388 1789 304 1778 303 1778 301 1778 269 1789 263 1790 255 1789 227 1778 226 1778 194 1778 193 1778 191 1778 190 1778 178 1787 174 1790 171 1787 156 1778 154 1778 153 1778 151 1778 96 1786 96 1826"/></Shape>
	    <String CONTENT="miniſterij Apoſtolici, imprimis autem Paulini,"
                    HPOS="95"
                    VPOS="1778"
                    WIDTH="1045"
                    HEIGHT="79"
                    WC="0.997955271731252"></String>
          </TextLine>

          
          
          <TextLine ID="eSc_line_2d1f9083"
                    TAGREFS="LT4318"
                    BASELINE="98 1887 339 1887" 
                    HPOS="98"
                    VPOS="1839"
                    WIDTH="241"
                    HEIGHT="64">
            <Shape><Polygon POINTS="98 1887 98 1903 339 1900 339 1887 339 1856 260 1854 258 1853 245 1841 245 1839 243 1839 242 1839 240 1839 239 1839 237 1839 220 1851 214 1856 197 1856 193 1851 182 1841 182 1839 181 1839 179 1839 178 1839 98 1847 98 1887"/></Shape>
	    <String CONTENT="oſtendunt."
                    HPOS="98"
                    VPOS="1839"
                    WIDTH="241"
                    HEIGHT="64"
                    WC="0.957115536928177"></String>
          </TextLine>

          
          
          <TextLine ID="eSc_line_d900ed91"
                    TAGREFS="LT4318"
                    BASELINE="153 1943 1145 1949" 
                    HPOS="151"
                    VPOS="1894"
                    WIDTH="994"
                    HEIGHT="79">
            <Shape><Polygon POINTS="153 1943 151 1955 270 1957 303 1967 304 1967 306 1967 481 1960 508 1969 510 1969 511 1969 608 1960 669 1969 670 1969 785 1961 815 1970 816 1970 817 1970 819 1970 841 1961 911 1972 913 1973 1107 1973 1107 1972 1109 1972 1143 1961 1145 1949 1145 1914 1115 1914 1115 1912 1099 1900 1097 1900 1096 1900 1094 1900 1093 1900 1091 1900 1078 1911 1036 1912 1005 1912 1000 1911 968 1899 966 1899 965 1899 963 1899 962 1899 947 1911 944 1914 902 1914 896 1911 870 1897 868 1897 734 1897 733 1897 731 1897 730 1897 713 1908 707 1911 504 1911 499 1905 489 1897 489 1896 487 1896 486 1896 419 1896 417 1896 416 1896 414 1896 414 1897 406 1905 401 1909 298 1909 287 1903 269 1894 267 1894 266 1894 153 1900 153 1943"/></Shape>
	    <String CONTENT="Obſtat quod Romanor.1. ſe Iudæorum quo¬"
                    HPOS="151"
                    VPOS="1894"
                    WIDTH="994"
                    HEIGHT="79"></String>
          </TextLine>

          
          
          <TextLine ID="eSc_line_ec311947"
                    TAGREFS="LT4318"
                    BASELINE="99 2001 1143 2009" 
                    HPOS="98"
                    VPOS="1954"
                    WIDTH="1045"
                    HEIGHT="80">
            <Shape><Polygon POINTS="99 2001 98 2021 145 2028 147 2028 148 2028 150 2028 159 2022 165 2018 194 2022 236 2027 237 2027 319 2022 365 2019 377 2022 408 2030 410 2030 565 2031 566 2031 624 2022 638 2021 651 2022 727 2033 728 2033 730 2033 762 2022 765 2022 777 2022 881 2030 883 2030 926 2022 931 2022 933 2022 963 2034 965 2034 966 2034 1142 2022 1143 2009 1142 1970 1070 1960 1069 1960 1067 1960 1066 1960 1066 1961 1055 1969 1052 1972 905 1972 901 1969 886 1958 884 1958 883 1958 773 1958 771 1958 770 1958 768 1958 757 1967 725 1957 724 1957 615 1957 614 1957 612 1957 591 1967 590 1969 587 1967 571 1957 569 1957 568 1957 566 1957 565 1957 530 1967 529 1967 527 1967 510 1958 508 1958 507 1958 459 1967 452 1969 310 1969 303 1966 255 1954 254 1954 252 1954 99 1964 99 2001"/></Shape>
	    <String CONTENT="que debitorem appellat. Reſp. Gentium præſer¬"
                    HPOS="98"
                    VPOS="1954"
                    WIDTH="1045"
                    HEIGHT="80"
                    WC="0.984644334846073"></String>
          </TextLine>

          
          
          <TextLine ID="eSc_line_ad1e3ce6"
                    TAGREFS="LT4318"
                    BASELINE="96 2059 1143 2070" 
                    HPOS="95"
                    VPOS="2013"
                    WIDTH="1048"
                    HEIGHT="81">
            <Shape><Polygon POINTS="96 2059 95 2071 133 2082 135 2082 136 2082 196 2074 197 2074 199 2074 245 2086 246 2086 248 2086 316 2077 395 2088 397 2088 461 2079 478 2077 483 2080 492 2086 493 2086 495 2086 496 2086 526 2080 545 2077 596 2077 600 2082 608 2088 608 2089 609 2089 611 2089 612 2089 651 2083 661 2082 669 2083 694 2091 696 2091 697 2091 727 2085 740 2082 755 2085 767 2088 768 2088 770 2088 771 2088 776 2085 788 2080 804 2086 819 2091 820 2091 822 2091 823 2091 832 2086 843 2082 874 2088 886 2089 887 2089 904 2088 962 2082 971 2089 972 2089 974 2089 975 2089 978 2089 1014 2083 1027 2091 1033 2094 1035 2094 1036 2094 1060 2091 1109 2085 1139 2092 1143 2070 1143 2033 1097 2022 1096 2022 1057 2031 1055 2031 1052 2031 1018 2021 1017 2021 1015 2021 968 2030 954 2019 953 2019 951 2019 893 2019 892 2019 890 2019 862 2030 861 2030 858 2030 826 2018 825 2018 823 2018 715 2028 703 2028 700 2028 676 2016 675 2016 673 2016 612 2025 550 2016 548 2016 547 2016 545 2016 535 2025 475 2025 429 2025 426 2025 395 2013 394 2013 392 2013 391 2013 356 2024 334 2013 333 2013 331 2013 330 2013 301 2024 288 2013 287 2013 285 2013 284 2013 282 2013 246 2022 96 2022 96 2059"/></Shape>
	    <String CONTENT="tim cauſa deſignatus erat Apoſtolus Actor.13, &amp;"
                    HPOS="95"
                    VPOS="2013"
                    WIDTH="1048"
                    HEIGHT="81"></String>
          </TextLine>

          
          
          <TextLine ID="eSc_line_d84b142c"
                    TAGREFS="LT4318"
                    BASELINE="96 2119 1140 2131" 
                    HPOS="95"
                    VPOS="2070"
                    WIDTH="1045"
                    HEIGHT="84">
            <Shape><Polygon POINTS="96 2119 95 2135 358 2149 359 2149 577 2144 646 2152 648 2152 649 2152 672 2144 710 2152 712 2152 713 2152 715 2152 724 2144 748 2153 749 2153 751 2153 812 2146 965 2146 987 2154 989 2154 990 2154 1139 2147 1140 2131 1139 2094 1048 2094 1042 2091 1011 2080 1009 2080 1008 2080 911 2088 904 2088 902 2088 880 2079 878 2079 877 2079 826 2086 809 2088 730 2088 725 2083 719 2079 718 2079 716 2079 715 2079 713 2079 712 2079 706 2083 696 2089 638 2089 615 2082 599 2076 597 2076 554 2076 553 2076 551 2076 550 2076 545 2079 532 2086 449 2086 428 2077 425 2076 423 2076 422 2076 420 2076 417 2076 397 2085 382 2076 380 2074 379 2074 377 2074 376 2074 355 2076 227 2083 184 2071 182 2071 181 2071 179 2071 156 2079 96 2070 96 2119"/></Shape>
	    <String CONTENT="Galat.1.verſ.16.2.verſ.8. quanquam Iudæis Euan¬"
                    HPOS="95"
                    VPOS="2070"
                    WIDTH="1045"
                    HEIGHT="84"></String>
          </TextLine>

          
          
          <TextLine ID="eSc_line_820084a5"
                    TAGREFS="LT4318"
                    BASELINE="98 2175 944 2183" 
                    HPOS="96"
                    VPOS="2134"
                    WIDTH="848"
                    HEIGHT="92">
            <Shape><Polygon POINTS="98 2175 96 2218 182 2202 223 2202 254 2218 264 2223 266 2223 267 2224 401 2224 401 2223 403 2223 404 2223 413 2215 422 2208 432 2215 444 2223 446 2223 447 2223 449 2223 450 2223 466 2215 478 2208 516 2208 530 2214 557 2224 559 2224 611 2226 612 2226 727 2220 728 2220 730 2220 740 2211 746 2207 941 2207 944 2183 942 2149 904 2140 902 2140 901 2140 881 2147 880 2147 841 2140 840 2140 783 2146 773 2138 771 2138 770 2138 768 2138 767 2138 751 2146 733 2138 731 2138 730 2138 728 2138 701 2146 699 2146 687 2146 582 2137 581 2137 516 2144 504 2144 492 2143 434 2135 432 2135 431 2135 403 2143 398 2143 392 2143 350 2135 349 2135 348 2135 334 2141 331 2143 301 2141 188 2134 187 2134 98 2138 98 2175"/></Shape>
	    <String CONTENT="gelium quoque pro re nata annuntiauit."
                    HPOS="96"
                    VPOS="2134"
                    WIDTH="848"
                    HEIGHT="92"
                    WC="0.997478834892574"></String>
          </TextLine>

          
        </TextBlock>
        
        <TextBlock HPOS="478.6648254394531"
                   VPOS="180.22225952148438"
                   WIDTH="349.5171813964844"
                   HEIGHT="62.33935546875"
                   ID="block_1"
                   TAGREFS="BT10981">
          <Shape><Polygon POINTS="478.665 180.222 828.182 180.222 828.182 242.562 478.665 242.562 478.665 180.222"/></Shape>
          
          
          <TextLine ID="eSc_line_cc5f7da1"
                    TAGREFS="LT4319"
                    BASELINE="484 226 817 226" 
                    HPOS="484"
                    VPOS="178"
                    WIDTH="333"
                    HEIGHT="73">
            <Shape><Polygon POINTS="810 190 691 182 690 182 666 187 649 190 643 185 636 179 633 179 618 179 603 179 588 179 574 179 559 179 553 184 544 190 533 182 527 178 526 178 524 178 523 178 484 181 484 226 484 239 504 249 505 249 507 249 508 249 510 249 523 240 524 239 532 240 581 251 582 251 648 243 687 239 733 239 742 245 748 251 749 251 751 251 752 251 817 246 817 226 817 193 812 191"/></Shape>
	    <String CONTENT="CAPVT II."
                    HPOS="484"
                    VPOS="178"
                    WIDTH="333"
                    HEIGHT="73"
                    WC="0.999615960650974"></String>
          </TextLine>

          
        </TextBlock>
        

        
      </PrintSpace>
    </Page>
  </Layout>
</alto>
