<?xml version="1.0" encoding="UTF-8"?>
<alto xmlns:xsi="http://www.w3.org/2001/XMLSchema-instance"
      xmlns="http://www.loc.gov/standards/alto/ns-v4#"
      xsi:schemaLocation="http://www.loc.gov/standards/alto/ns-v4# http://www.loc.gov/standards/alto/v4/alto-4-2.xsd">
  <Description>
    <MeasurementUnit>pixel</MeasurementUnit>
    <sourceImageInformation>
      <fileName>2012995.png</fileName>
      
    </sourceImageInformation>
  </Description>
  
  <Tags>
    <OtherTag ID="BT10983" LABEL="GraphicZone" DESCRIPTION="block type GraphicZone"/><OtherTag ID="BT10982" LABEL="DropCapitalZone" DESCRIPTION="block type DropCapitalZone"/><OtherTag ID="BT10981" LABEL="RunningTitleZone" DESCRIPTION="block type RunningTitleZone"/><OtherTag ID="BT10980" LABEL="NumberingZone" DESCRIPTION="block type NumberingZone"/><OtherTag ID="BT10979" LABEL="TitlePageZone" DESCRIPTION="block type TitlePageZone"/><OtherTag ID="BT10978" LABEL="QuireMarksZone" DESCRIPTION="block type QuireMarksZone"/><OtherTag ID="BT10977" LABEL="MainZone" DESCRIPTION="block type MainZone"/><OtherTag ID="BT10976" LABEL="MarginTextZone" DESCRIPTION="block type MarginTextZone"/>
    <OtherTag ID="LT4321" LABEL="default" DESCRIPTION="line type default"/><OtherTag ID="LT4319" LABEL="HeadingLine" DESCRIPTION="line type HeadingLine"/><OtherTag ID="LT4318" LABEL="DefaultLine" DESCRIPTION="line type DefaultLine"/><OtherTag ID="LT4320" LABEL="CustomLine : BiblicalText" DESCRIPTION="line type CustomLine : BiblicalText"/>
  </Tags>
  
  <Layout>
    <Page WIDTH="1807"
          HEIGHT="2677"
          PHYSICAL_IMG_NR="42"
          ID="eSc_dummypage_">
      <PrintSpace HPOS="0"
                  VPOS="0"
                  WIDTH="1807"
                  HEIGHT="2677">
        
        <TextBlock HPOS="466.3436584472656"
                   VPOS="198.60731506347656"
                   WIDTH="352.2119445800781"
                   HEIGHT="63.52650451660156"
                   ID="block_1"
                   TAGREFS="BT10981">
          <Shape><Polygon POINTS="466.344 198.607 818.556 198.607 818.556 262.134 466.344 262.134 466.344 198.607"/></Shape>
          
          
          <TextLine ID="eSc_line_0283bfb0"
                    TAGREFS="LT4319"
                    BASELINE="469 243 798 236" 
                    HPOS="468"
                    VPOS="200"
                    WIDTH="328"
                    HEIGHT="65">
            <Shape><Polygon POINTS="756 200 733 200 711 200 689 200 667 200 644 200 622 200 600 200 577 200 555 200 533 200 510 200 488 200 468 240 468 261 794 265 796 234 791 200 778 200"/></Shape>
	    <String CONTENT="CAPVT II."
                    HPOS="468"
                    VPOS="200"
                    WIDTH="328"
                    HEIGHT="65"></String>
          </TextLine>

          
        </TextBlock>
        
        <TextBlock HPOS="1117.5169677734375"
                   VPOS="207.74806213378906"
                   WIDTH="69.8248291015625"
                   HEIGHT="62.05424499511719"
                   ID="block_0"
                   TAGREFS="BT10980">
          <Shape><Polygon POINTS="1117.52 207.748 1187.34 207.748 1187.34 269.802 1117.52 269.802 1117.52 207.748"/></Shape>
          
          
          <TextLine ID="eSc_line_1db6d65e"
                    TAGREFS="LT4318"
                    BASELINE="1128 244 1184 264" 
                    HPOS="1113"
                    VPOS="209"
                    WIDTH="71"
                    HEIGHT="69">
            <Shape><Polygon POINTS="1184 216 1164 209 1160 209 1137 209 1126 243 1113 272 1173 278 1182 263 1184 252 1184 216"/></Shape>
	    <String CONTENT="83"
                    HPOS="1113"
                    VPOS="209"
                    WIDTH="71"
                    HEIGHT="69"></String>
          </TextLine>

          
        </TextBlock>
        
        <TextBlock HPOS="116.2941665649414"
                   VPOS="270.3121643066406"
                   WIDTH="1072.0024642944336"
                   HEIGHT="1952.5574645996094"
                   ID="block_4"
                   TAGREFS="BT10977">
          <Shape><Polygon POINTS="116.294 270.312 1188.3 270.312 1188.3 2222.87 116.294 2222.87 116.294 270.312"/></Shape>
          
          
          <TextLine ID="eSc_line_848e2daf"
                    TAGREFS="LT4318"
                    BASELINE="145 313 1185 319" 
                    HPOS="144"
                    VPOS="261"
                    WIDTH="1041"
                    HEIGHT="78">
            <Shape><Polygon POINTS="269 261 267 261 266 261 264 261 240 276 236 278 145 276 145 313 144 328 229 337 230 339 1183 339 1185 319 1183 284 991 273 990 273 953 281 929 264 928 264 926 264 850 264 849 264 847 264 815 279 792 264 791 264 789 264 745 264 743 264 742 264 740 264 719 278 626 264 624 264 623 264 621 264 603 279 602 279 575 270 574 270 572 270 571 270 569 270 559 278 556 281 498 281 495 278 474 263 472 263 471 263 469 263 315 275 300 263 300 261 298 261 297 261 279 261 269 261"/></Shape>
	    <String CONTENT="vt mulieres ipſæ in cœtu mulierũ docerent, non"
                    HPOS="144"
                    VPOS="261"
                    WIDTH="1041"
                    HEIGHT="78"
                    WC="0.99656980215235"></String>
          </TextLine>

          
          
          <TextLine ID="eSc_line_e88c2d85"
                    TAGREFS="LT4318"
                    BASELINE="144 371 1183 376" 
                    HPOS="142"
                    VPOS="327"
                    WIDTH="1041"
                    HEIGHT="73">
            <Shape><Polygon POINTS="144 371 142 385 166 397 168 397 169 397 230 388 261 397 263 397 264 397 266 397 300 388 336 388 383 388 394 397 395 397 397 397 398 397 455 388 462 388 465 388 489 398 490 398 492 398 568 389 575 389 588 389 701 398 703 398 704 398 706 398 718 391 722 389 834 389 838 392 847 400 849 400 850 400 852 400 938 394 978 391 996 394 1023 400 1024 400 1182 395 1183 376 1182 336 959 330 957 330 883 334 838 337 810 334 757 328 755 328 754 328 733 334 725 337 535 337 524 334 489 327 487 327 486 327 484 327 474 334 472 334 465 334 394 327 392 327 391 327 377 334 374 336 310 336 309 334 300 327 298 327 297 327 295 327 144 333 144 371"/></Shape>
	    <String CONTENT="autẽ cum viris ad preces &amp; cõciones cõuenirent."
                    HPOS="142"
                    VPOS="327"
                    WIDTH="1041"
                    HEIGHT="73"
                    WC="0.986828147172928"></String>
          </TextLine>

          
          
          <TextLine ID="eSc_line_1c47c5a1"
                    TAGREFS="LT4318"
                    BASELINE="199 429 1182 437" 
                    HPOS="197"
                    VPOS="383"
                    WIDTH="985"
                    HEIGHT="76">
            <Shape><Polygon POINTS="199 429 197 441 260 443 272 453 273 453 275 453 276 455 374 455 374 453 376 453 377 453 391 444 423 455 425 455 426 455 493 446 522 455 523 455 524 455 587 446 645 456 646 456 721 447 749 456 751 456 752 456 754 456 782 449 867 456 868 456 870 456 871 456 881 449 902 458 904 458 905 458 953 450 984 459 986 459 987 459 1180 449 1182 437 1179 389 1113 400 1029 392 1027 392 963 398 951 389 950 388 948 388 947 388 945 388 944 388 939 389 923 398 791 398 777 391 771 386 770 386 768 386 767 386 765 386 751 391 730 397 707 391 690 386 688 386 687 386 685 386 667 391 646 397 641 391 635 386 633 386 632 386 591 385 559 385 557 385 556 385 554 385 554 386 547 392 544 395 538 392 524 385 523 385 522 385 492 392 475 395 435 392 367 386 365 386 298 392 282 394 276 392 245 383 243 383 242 383 199 392 199 429"/></Shape>
	    <String CONTENT="Denique quod de Pepuzianorum hæreticorũ"
                    HPOS="197"
                    VPOS="383"
                    WIDTH="985"
                    HEIGHT="76"
                    WC="0.991780433058739"></String>
          </TextLine>

          
          
          <TextLine ID="eSc_line_1dba0b80"
                    TAGREFS="LT4318"
                    BASELINE="141 487 1183 492" 
                    HPOS="139"
                    VPOS="441"
                    WIDTH="1044"
                    HEIGHT="72">
            <Shape><Polygon POINTS="141 487 139 501 154 510 156 510 157 510 159 510 191 502 306 510 307 510 475 502 483 502 484 502 496 511 498 511 499 511 501 511 502 511 524 504 584 511 585 511 783 504 843 513 844 513 846 513 864 505 981 513 983 513 1182 504 1183 492 1183 455 1146 444 1145 444 1143 444 1099 455 1096 456 1048 456 1045 455 1032 444 1030 444 1029 444 1027 444 925 453 893 455 878 452 835 443 834 443 776 450 767 452 759 450 719 443 718 443 688 450 672 455 638 455 629 449 617 443 615 443 614 443 560 449 516 453 501 447 490 444 489 444 487 444 486 444 480 447 469 453 364 453 322 446 292 441 291 441 269 446 233 452 221 444 217 441 215 441 214 441 212 441 141 443 141 487"/></Shape>
	    <String CONTENT="ſecta, &amp; ſententia dici poſſe videtur habet fa¬"
                    HPOS="139"
                    VPOS="441"
                    WIDTH="1044"
                    HEIGHT="72"
                    WC="0.961433424594554"></String>
          </TextLine>

          
          
          <TextLine ID="eSc_line_4e57541b"
                    TAGREFS="LT4318"
                    BASELINE="141 545 1179 553" 
                    HPOS="139"
                    VPOS="495"
                    WIDTH="1040"
                    HEIGHT="77">
            <Shape><Polygon POINTS="141 545 139 557 215 569 217 569 281 560 282 560 285 560 349 571 350 571 447 562 462 562 465 563 486 571 487 571 489 571 522 563 530 562 535 563 554 572 556 572 557 572 597 565 608 563 618 565 657 572 658 572 660 572 661 572 670 566 672 565 685 566 743 572 745 572 776 568 794 565 1176 572 1179 553 1176 507 1124 511 1110 505 1099 501 1097 501 1096 501 1072 505 1060 508 1048 505 1024 501 1023 501 1021 501 1002 505 984 511 977 505 971 501 971 499 969 499 968 499 916 499 914 499 913 499 901 505 892 511 773 511 751 505 712 498 710 498 605 505 557 508 527 505 455 496 453 496 452 496 450 496 438 505 434 508 403 508 400 505 391 498 391 496 389 496 388 496 340 495 339 495 337 495 310 505 307 507 214 507 212 505 202 496 202 495 200 495 199 495 197 495 141 504 141 545"/></Shape>
	    <String CONTENT="cilem reſponſionem. Voluerunt illi quidem,"
                    HPOS="139"
                    VPOS="495"
                    WIDTH="1040"
                    HEIGHT="77"
                    WC="0.997267741532553"></String>
          </TextLine>

          
          
          <TextLine ID="eSc_line_9680860d"
                    TAGREFS="LT4318"
                    BASELINE="138 605 1183 609" 
                    HPOS="136"
                    VPOS="557"
                    WIDTH="1047"
                    HEIGHT="75">
            <Shape><Polygon POINTS="138 605 136 615 176 624 178 624 292 620 306 627 307 627 309 627 310 627 374 618 389 629 391 629 392 629 394 629 395 629 397 629 413 618 441 629 443 629 444 629 486 621 569 630 571 630 635 620 666 630 667 630 669 630 893 621 953 632 954 632 1130 630 1182 620 1183 609 1183 574 1085 574 1084 572 1069 560 1067 560 1066 560 1064 560 1009 571 999 572 994 571 971 560 969 560 968 560 966 560 945 569 941 572 936 569 922 560 920 560 919 560 917 560 916 560 896 569 890 572 886 569 874 560 873 560 871 560 834 559 832 559 831 559 807 568 800 572 746 572 740 568 730 559 728 559 727 559 685 559 684 559 682 559 681 559 672 566 664 571 572 569 565 565 550 559 548 559 547 559 505 565 468 569 438 563 407 557 406 557 404 557 403 557 394 563 382 571 321 571 307 562 303 559 301 559 300 559 298 559 138 559 138 605"/></Shape>
	    <String CONTENT="ſed hæretici, mulieres eſſe poſſe? &amp; presbyte¬"
                    HPOS="136"
                    VPOS="557"
                    WIDTH="1047"
                    HEIGHT="75"
                    WC="0.989343144323515"></String>
          </TextLine>

          
          
          <TextLine ID="eSc_line_826a87ad"
                    TAGREFS="LT4318"
                    BASELINE="136 663 1179 667" 
                    HPOS="135"
                    VPOS="615"
                    WIDTH="1044"
                    HEIGHT="66">
            <Shape><Polygon POINTS="136 663 135 676 1176 681 1179 667 1177 632 1008 632 1002 629 991 621 990 621 989 621 987 621 986 621 960 627 950 630 938 627 907 618 905 618 904 618 902 618 881 626 871 630 859 626 832 617 831 617 829 617 791 624 770 629 725 624 675 618 673 618 649 623 621 629 612 623 606 617 605 617 603 617 602 617 600 617 581 621 557 627 505 620 465 615 464 615 462 615 452 620 441 624 353 618 310 615 309 615 307 615 303 617 285 626 273 620 272 620 270 620 226 627 212 617 212 615 211 615 209 615 136 615 136 663"/></Shape>
	    <String CONTENT="ridas in Eccleſia, &amp; docere, &amp; Sacramenta quo¬"
                    HPOS="135"
                    VPOS="615"
                    WIDTH="1044"
                    HEIGHT="66"
                    WC="0.988326073988624"></String>
          </TextLine>

          
          
          <TextLine ID="eSc_line_331ea26a"
                    TAGREFS="LT4318"
                    BASELINE="141 724 1182 724" 
                    HPOS="141"
                    VPOS="676"
                    WIDTH="1041"
                    HEIGHT="75">
            <Shape><Polygon POINTS="141 724 141 742 154 749 156 749 157 749 208 742 239 748 240 748 242 748 243 748 251 740 252 740 414 740 419 740 462 749 464 749 465 749 495 740 496 740 499 740 527 749 529 749 530 749 578 740 581 740 582 740 599 749 600 749 602 749 652 742 786 749 788 749 829 740 834 740 840 740 896 749 898 751 999 751 999 749 1000 749 1002 749 1012 740 1014 740 1027 740 1145 749 1146 749 1182 740 1182 724 1182 688 1115 688 1105 679 1103 679 1102 679 1100 679 1099 679 1084 687 1072 678 1070 678 1069 678 1067 678 1066 678 1064 678 1049 688 989 688 966 676 965 676 963 676 884 687 788 676 786 676 740 687 719 676 718 676 716 676 715 676 713 676 706 682 700 678 699 678 697 678 696 678 694 678 693 678 679 688 626 688 608 676 606 676 605 676 498 676 496 676 495 676 474 688 428 688 416 678 416 676 414 676 413 676 411 676 211 684 185 676 184 676 182 676 181 676 141 687 141 724"/></Shape>
	    <String CONTENT="que adminiſtrare (id quod hodie Papiſtę ex Mar¬"
                    HPOS="141"
                    VPOS="676"
                    WIDTH="1041"
                    HEIGHT="75"
                    WC="0.98069883386294"></String>
          </TextLine>

          
          
          <TextLine ID="eSc_line_c7d96406"
                    TAGREFS="LT4318"
                    BASELINE="136 777 1180 782" 
                    HPOS="135"
                    VPOS="733"
                    WIDTH="1045"
                    HEIGHT="73">
            <Shape><Polygon POINTS="136 777 135 794 188 803 190 803 191 803 211 795 212 795 267 803 269 803 376 797 400 795 416 797 484 804 486 804 553 797 565 797 574 798 617 804 618 804 620 804 642 798 649 797 788 797 792 800 797 804 798 804 800 804 801 804 838 800 850 798 858 800 880 806 881 806 883 806 884 806 901 800 907 798 917 800 947 806 948 806 1179 801 1180 782 1179 743 1149 736 1148 736 1146 736 1145 736 1145 737 1137 743 1131 748 1109 743 1096 740 1094 740 1079 743 1057 748 1049 743 1039 736 1038 736 1036 736 1003 736 1002 736 1000 736 999 736 990 743 981 749 861 749 850 743 832 734 831 734 759 734 758 734 757 734 740 743 734 746 727 743 706 734 704 734 633 734 632 734 630 734 629 734 617 743 612 746 602 743 571 734 569 734 568 734 566 734 565 734 553 743 547 748 519 748 504 743 480 739 478 739 432 743 420 734 420 733 419 733 417 733 416 733 365 743 358 745 345 743 251 733 249 733 248 733 218 743 215 745 136 745 136 777"/></Shape>
	    <String CONTENT="cionitarum dogmate obſtetricibus in caſu neceſ¬"
                    HPOS="135"
                    VPOS="733"
                    WIDTH="1045"
                    HEIGHT="73"
                    WC="0.994152568756266"></String>
          </TextLine>

          
          
          <TextLine ID="eSc_line_148f2c52"
                    TAGREFS="LT4318"
                    BASELINE="135 840 1171 844" 
                    HPOS="133"
                    VPOS="789"
                    WIDTH="1038"
                    HEIGHT="75">
            <Shape><Polygon POINTS="135 840 133 852 156 862 157 862 159 862 232 855 292 862 294 862 550 858 615 856 1168 864 1171 844 1170 806 1124 797 1122 797 1084 804 1078 804 1075 804 1054 794 1052 794 1051 794 997 803 983 804 974 801 947 794 945 794 944 794 913 801 898 804 892 801 881 794 880 794 878 794 877 794 812 800 771 803 746 798 713 792 712 792 618 797 481 803 440 794 425 791 423 791 422 791 414 794 392 803 190 803 135 789 135 840"/></Shape>
	    <String CONTENT="ſitatis concedunt, vt nimirũ paruulos baptizarẽt)"
                    HPOS="133"
                    VPOS="789"
                    WIDTH="1038"
                    HEIGHT="75"
                    WC="0.984235377872691"></String>
          </TextLine>

          
          
          <TextLine ID="eSc_line_a40dd6d9"
                    TAGREFS="LT4318"
                    BASELINE="144 898 1179 902" 
                    HPOS="142"
                    VPOS="849"
                    WIDTH="1037"
                    HEIGHT="73">
            <Shape><Polygon POINTS="144 898 142 908 196 919 197 919 453 913 511 920 513 920 684 913 704 920 706 920 707 920 975 914 1097 922 1099 922 1177 913 1179 902 1177 865 1119 865 1118 864 1105 853 1103 853 1102 853 1100 853 1099 853 1063 862 1058 864 1055 862 1036 853 1035 853 1033 853 1032 853 1014 862 1009 864 996 862 956 855 954 855 925 861 910 864 905 861 898 855 898 853 896 853 895 853 893 853 892 853 870 859 855 864 743 864 737 858 731 853 731 852 730 852 728 852 727 852 676 856 617 862 580 855 562 852 560 852 544 855 504 862 493 853 490 852 490 850 489 850 487 850 486 850 484 850 475 853 452 862 346 862 327 850 325 850 324 850 322 850 316 850 270 861 246 850 245 850 144 849 144 898"/></Shape>
	    <String CONTENT="Verùm propterea ab omnibus orthodoxis ſunt"
                    HPOS="142"
                    VPOS="849"
                    WIDTH="1037"
                    HEIGHT="73"
                    WC="0.976726843867191"></String>
          </TextLine>

          
          
          <TextLine ID="eSc_line_13299364"
                    TAGREFS="LT4318"
                    BASELINE="136 954 1176 960" 
                    HPOS="135"
                    VPOS="905"
                    WIDTH="1041"
                    HEIGHT="79">
            <Shape><Polygon POINTS="136 954 135 968 159 980 160 980 162 980 370 971 478 981 480 981 615 974 657 983 658 983 835 974 862 983 864 983 865 983 1054 975 1140 984 1142 984 1143 984 1174 974 1176 960 1174 923 984 911 983 911 938 919 917 922 901 917 871 910 870 910 868 910 867 910 841 917 828 920 798 916 754 910 712 910 710 910 709 910 700 914 688 920 571 920 556 911 547 908 545 908 544 908 542 908 535 911 520 919 477 910 469 910 468 910 466 910 465 910 455 920 400 920 368 908 362 907 361 907 359 907 358 907 353 908 331 917 284 907 279 907 278 907 273 907 212 917 136 905 136 954"/></Shape>
	    <String CONTENT="Pepuziani damnati, atque etiam Synodo Char¬"
                    HPOS="135"
                    VPOS="905"
                    WIDTH="1041"
                    HEIGHT="79"
                    WC="0.992788657199505"></String>
          </TextLine>

          
          
          <TextLine ID="eSc_line_217eab78"
                    TAGREFS="LT4318"
                    BASELINE="132 1017 1058 1017" 
                    HPOS="132"
                    VPOS="971"
                    WIDTH="926"
                    HEIGHT="59">
            <Shape><Polygon POINTS="132 1017 132 1030 1058 1030 1058 1017 1057 983 978 983 974 983 932 971 931 971 929 971 928 971 926 971 913 983 905 983 874 983 873 983 862 972 862 971 861 971 859 971 794 971 792 971 791 971 789 971 776 983 774 984 721 984 718 983 669 971 667 971 597 983 585 972 585 971 584 971 582 971 472 971 471 971 469 971 468 971 468 972 456 983 456 984 382 984 382 983 365 972 364 972 362 972 273 971 272 971 270 971 269 971 269 972 255 984 206 984 166 971 165 971 163 971 162 971 132 983 132 1017"/></Shape>
	    <String CONTENT="taginenſi a. vt diximus, &amp; meritiſsimò."
                    HPOS="132"
                    VPOS="971"
                    WIDTH="926"
                    HEIGHT="59"
                    WC="0.987147504091263"></String>
          </TextLine>

          
          
          <TextLine ID="eSc_line_8b1a0368"
                    TAGREFS="LT4318"
                    BASELINE="151 1073 1183 1078" 
                    HPOS="150"
                    VPOS="1026"
                    WIDTH="1033"
                    HEIGHT="74">
            <Shape><Polygon POINTS="151 1073 150 1085 292 1094 294 1094 328 1087 330 1087 365 1097 367 1097 368 1097 520 1088 559 1099 560 1099 562 1099 700 1088 841 1097 843 1097 844 1097 871 1090 931 1100 932 1100 1045 1090 1064 1100 1066 1100 1067 1100 1133 1091 1143 1099 1145 1099 1146 1099 1148 1099 1149 1099 1182 1088 1183 1078 1183 1041 1154 1029 1152 1029 1151 1029 1070 1039 1038 1029 1036 1029 972 1029 971 1029 969 1029 968 1029 951 1039 950 1039 914 1030 913 1030 911 1030 862 1039 858 1039 853 1039 813 1027 812 1027 785 1027 783 1027 782 1027 780 1027 780 1029 768 1038 724 1027 722 1027 721 1027 696 1038 676 1030 675 1030 673 1030 603 1036 591 1027 590 1027 588 1027 587 1027 585 1027 566 1036 526 1027 524 1027 456 1036 420 1027 419 1027 417 1027 342 1036 339 1036 336 1036 285 1026 284 1026 282 1026 258 1035 223 1026 221 1026 220 1026 218 1026 197 1036 196 1036 151 1036 151 1073"/></Shape>
	    <String CONTENT="Hoc autem præceptum Pauli locum habet, dũ"
                    HPOS="150"
                    VPOS="1026"
                    WIDTH="1033"
                    HEIGHT="74"
                    WC="0.978068414188567"></String>
          </TextLine>

          
          
          <TextLine ID="eSc_line_1e1f86bb"
                    TAGREFS="LT4318"
                    BASELINE="132 1130 1173 1136" 
                    HPOS="132"
                    VPOS="1082"
                    WIDTH="1041"
                    HEIGHT="76">
            <Shape><Polygon POINTS="132 1130 132 1152 389 1148 398 1155 400 1155 401 1155 403 1155 438 1155 624 1149 1170 1158 1173 1136 1171 1100 1127 1099 1113 1087 1112 1087 1110 1087 1109 1087 1107 1087 1072 1099 1063 1099 932 1099 928 1096 911 1085 910 1085 908 1085 907 1085 905 1085 878 1096 874 1099 748 1099 743 1094 733 1085 731 1085 730 1085 728 1085 645 1093 608 1096 578 1091 522 1084 520 1084 480 1091 447 1096 377 1090 361 1088 359 1088 349 1088 295 1094 285 1088 278 1082 276 1082 275 1082 273 1082 132 1085 132 1130"/></Shape>
	    <String CONTENT="ſunt in cœtu publico mulieres: non autem cùm"
                    HPOS="132"
                    VPOS="1082"
                    WIDTH="1041"
                    HEIGHT="76"
                    WC="0.982100984785292"></String>
          </TextLine>

          
          
          <TextLine ID="eSc_line_01d1129d"
                    TAGREFS="LT4318"
                    BASELINE="127 1188 1173 1194" 
                    HPOS="126"
                    VPOS="1140"
                    WIDTH="1047"
                    HEIGHT="76">
            <Shape><Polygon POINTS="127 1188 126 1201 224 1212 226 1212 297 1203 306 1203 321 1203 443 1213 444 1215 507 1215 507 1213 508 1213 510 1213 523 1204 524 1204 539 1204 651 1215 652 1215 694 1206 699 1206 706 1206 771 1215 773 1215 910 1209 919 1216 920 1216 922 1216 923 1216 1171 1209 1173 1194 1171 1152 1140 1145 1139 1145 1137 1145 1119 1152 1107 1157 954 1157 935 1151 902 1143 901 1143 899 1143 886 1151 880 1154 874 1151 859 1145 858 1145 856 1145 855 1145 853 1145 847 1151 843 1155 803 1155 786 1151 754 1143 752 1143 654 1149 642 1142 641 1142 639 1142 638 1142 636 1142 617 1151 612 1152 611 1151 602 1143 602 1142 600 1142 599 1142 569 1142 568 1142 566 1142 565 1142 553 1149 548 1152 542 1149 524 1143 523 1143 522 1143 520 1143 519 1143 511 1149 507 1154 429 1154 419 1149 389 1140 388 1140 255 1140 254 1140 200 1149 187 1151 181 1149 159 1140 157 1140 156 1140 154 1140 127 1148 127 1188"/></Shape>
	    <String CONTENT="ſunt domi ſuæ, quia familiã ſuam inſtituere poſ¬"
                    HPOS="126"
                    VPOS="1140"
                    WIDTH="1047"
                    HEIGHT="76"
                    WC="0.985948231755471"></String>
          </TextLine>

          
          
          <TextLine ID="eSc_line_3f6f57ad"
                    TAGREFS="LT4318"
                    BASELINE="129 1247 1170 1255" 
                    HPOS="127"
                    VPOS="1198"
                    WIDTH="1043"
                    HEIGHT="81">
            <Shape><Polygon POINTS="129 1247 127 1259 221 1271 223 1271 324 1262 395 1270 397 1270 701 1265 721 1274 722 1274 724 1274 725 1274 727 1274 740 1265 782 1276 783 1276 785 1276 896 1268 963 1277 965 1279 1137 1279 1137 1277 1139 1277 1168 1267 1170 1255 1168 1219 1096 1209 1094 1209 1093 1209 1078 1216 1063 1204 1061 1204 1060 1204 1058 1204 993 1215 974 1218 969 1215 953 1203 951 1203 950 1203 948 1203 947 1203 916 1213 910 1216 835 1216 828 1212 825 1209 823 1209 822 1209 820 1209 819 1209 813 1212 803 1216 785 1210 754 1201 752 1201 620 1201 618 1201 617 1201 615 1201 606 1207 591 1216 547 1216 522 1207 520 1207 519 1207 408 1213 388 1203 382 1200 380 1200 379 1200 377 1200 370 1203 361 1206 349 1203 336 1198 334 1198 333 1198 331 1198 324 1201 298 1213 243 1213 229 1200 227 1200 226 1200 224 1200 221 1200 179 1206 129 1198 129 1247"/></Shape>
	    <String CONTENT="funt priuatim, maximè ſi deſit paterfamiliâs, &amp;"
                    HPOS="127"
                    VPOS="1198"
                    WIDTH="1043"
                    HEIGHT="81"
                    WC="0.987974182683594"></String>
          </TextLine>

          
          
          <TextLine ID="eSc_line_64baaf7e"
                    TAGREFS="LT4318"
                    BASELINE="127 1307 1168 1314" 
                    HPOS="127"
                    VPOS="1265"
                    WIDTH="1041"
                    HEIGHT="73">
            <Shape><Polygon POINTS="127 1307 127 1329 211 1320 530 1320 571 1328 605 1334 606 1334 636 1328 658 1323 675 1328 696 1334 697 1334 699 1334 751 1328 776 1325 788 1328 822 1335 1032 1337 1033 1337 1035 1337 1060 1328 1069 1337 1070 1337 1072 1337 1073 1338 1154 1338 1154 1337 1155 1337 1157 1337 1167 1326 1168 1314 1167 1271 127 1265 127 1307"/></Shape>
	    <String CONTENT="ſint viduæ. Nam tunc precari Deum, &amp; docere"
                    HPOS="127"
                    VPOS="1265"
                    WIDTH="1041"
                    HEIGHT="73"
                    WC="0.994953854139461"></String>
          </TextLine>

          
          
          <TextLine ID="eSc_line_1837e140"
                    TAGREFS="LT4318"
                    BASELINE="132 1366 1131 1371" 
                    HPOS="130"
                    VPOS="1319"
                    WIDTH="1001"
                    HEIGHT="74">
            <Shape><Polygon POINTS="132 1366 130 1378 416 1387 417 1387 419 1387 443 1381 464 1390 465 1390 466 1390 468 1390 489 1383 514 1390 516 1390 517 1390 574 1383 600 1390 602 1390 603 1390 605 1390 621 1383 752 1390 754 1390 755 1390 782 1383 795 1392 797 1392 798 1392 800 1392 844 1384 871 1392 873 1392 874 1393 1088 1393 1088 1392 1130 1383 1131 1371 1130 1334 1048 1334 1045 1332 1027 1322 1026 1322 1024 1322 986 1331 984 1331 969 1322 968 1322 966 1322 965 1322 963 1322 947 1331 942 1334 849 1334 832 1329 797 1320 795 1320 794 1320 767 1328 754 1332 701 1332 693 1326 681 1320 679 1320 678 1320 676 1320 675 1320 667 1326 658 1332 502 1332 478 1323 465 1319 464 1319 462 1319 404 1322 297 1329 282 1320 281 1319 279 1319 278 1319 237 1319 236 1319 234 1319 233 1319 233 1320 220 1331 182 1331 132 1319 132 1366"/></Shape>
	    <String CONTENT="ſuos liberos Dei metum, &amp; poſſunt &amp; debent."
                    HPOS="130"
                    VPOS="1319"
                    WIDTH="1001"
                    HEIGHT="74"
                    WC="0.985330314137215"></String>
          </TextLine>

          
          
          <TextLine ID="eSc_line_526f97bf"
                    TAGREFS="LT4318"
                    BASELINE="139 1424 1170 1432" 
                    HPOS="139"
                    VPOS="1375"
                    WIDTH="1031"
                    HEIGHT="79">
            <Shape><Polygon POINTS="139 1424 139 1441 388 1441 400 1445 411 1448 413 1448 414 1448 438 1445 466 1441 492 1445 507 1448 508 1448 523 1445 551 1441 643 1447 682 1450 684 1450 740 1448 890 1444 947 1451 965 1453 966 1454 1107 1454 1107 1453 1109 1453 1110 1453 1121 1445 1167 1453 1170 1432 1170 1396 1106 1396 1105 1395 1085 1384 1084 1384 1082 1384 1081 1384 1048 1395 1045 1395 928 1395 926 1393 873 1380 871 1380 870 1380 868 1380 867 1380 846 1393 844 1395 817 1395 816 1393 795 1380 794 1380 792 1380 791 1380 737 1392 706 1380 704 1380 703 1380 701 1380 664 1390 627 1378 626 1378 624 1378 623 1378 590 1389 553 1377 551 1377 550 1377 548 1377 519 1390 519 1392 428 1392 426 1390 411 1377 410 1377 408 1377 407 1377 406 1377 382 1384 348 1375 346 1375 184 1375 182 1375 181 1375 179 1375 162 1389 160 1389 139 1389 139 1424"/></Shape>
	    <String CONTENT="Requirit autem Paulus &amp; ſilentium, ne vices"
                    HPOS="139"
                    VPOS="1375"
                    WIDTH="1031"
                    HEIGHT="79"
                    WC="0.977286783761756"></String>
          </TextLine>

          
          
          <TextLine ID="eSc_line_197bd544"
                    TAGREFS="LT4318"
                    BASELINE="126 1478 1165 1491" 
                    HPOS="126"
                    VPOS="1432"
                    WIDTH="1039"
                    HEIGHT="84">
            <Shape><Polygon POINTS="126 1478 126 1500 322 1497 370 1502 407 1506 408 1506 410 1506 419 1503 426 1499 431 1503 437 1508 438 1508 440 1508 499 1509 501 1509 550 1503 580 1500 594 1503 620 1511 621 1511 713 1512 715 1512 716 1512 718 1512 727 1505 730 1503 817 1503 825 1505 850 1513 852 1513 853 1513 855 1513 877 1505 880 1505 883 1505 911 1513 913 1513 914 1513 987 1506 990 1506 1003 1515 1005 1515 1006 1515 1008 1515 1009 1515 1027 1506 1048 1516 1049 1516 1051 1516 1164 1506 1165 1491 1164 1454 1069 1444 1067 1444 1026 1450 1011 1442 1009 1442 1008 1442 965 1450 950 1451 941 1448 920 1441 919 1441 917 1441 875 1447 858 1450 840 1447 817 1442 816 1442 765 1445 704 1448 681 1444 655 1438 654 1438 627 1442 596 1447 550 1441 529 1438 527 1438 513 1439 474 1445 458 1438 450 1435 449 1435 447 1435 429 1438 394 1444 367 1436 356 1433 355 1433 353 1433 327 1435 257 1442 243 1433 242 1432 240 1432 239 1432 126 1432 126 1478"/></Shape>
	    <String CONTENT="loquendi ſibi dandas eſſe putent mulieres, quan¬"
                    HPOS="126"
                    VPOS="1432"
                    WIDTH="1039"
                    HEIGHT="84"
                    WC="0.989750211437543"></String>
          </TextLine>

          
          
          <TextLine ID="eSc_line_38f4f76e"
                    TAGREFS="LT4318"
                    BASELINE="127 1540 1164 1549" 
                    HPOS="127"
                    VPOS="1493"
                    WIDTH="1037"
                    HEIGHT="78">
            <Shape><Polygon POINTS="127 1563 603 1560 649 1567 657 1569 658 1569 679 1569 810 1561 828 1570 831 1570 832 1570 834 1570 852 1570 954 1563 965 1570 966 1570 968 1570 969 1570 974 1570 1119 1564 1161 1571 1164 1549 1163 1511 1115 1511 1113 1509 1102 1500 1100 1500 1099 1500 1097 1500 1049 1509 1045 1509 1039 1509 990 1499 950 1499 948 1499 947 1499 945 1499 935 1508 933 1508 928 1508 838 1499 837 1499 835 1499 834 1499 825 1506 823 1508 783 1508 782 1506 773 1497 771 1497 770 1497 768 1497 699 1505 685 1506 675 1505 618 1496 535 1496 533 1496 532 1496 530 1496 522 1503 519 1505 411 1505 410 1502 401 1494 400 1494 398 1494 397 1494 327 1502 306 1503 301 1502 285 1493 284 1493 282 1493 239 1500 230 1502 127 1500 127 1540"/></Shape>
	    <String CONTENT="quam fortaſſe, modeſtiæ cauſa primæ, in Eccle¬"
                    HPOS="127"
                    VPOS="1493"
                    WIDTH="1037"
                    HEIGHT="78"
                    WC="0.981538228366686"></String>
          </TextLine>

          
          
          <TextLine ID="eSc_line_e15e65b8"
                    TAGREFS="LT4318"
                    BASELINE="123 1600 1167 1609" 
                    HPOS="121"
                    VPOS="1555"
                    WIDTH="1046"
                    HEIGHT="76">
            <Shape><Polygon POINTS="123 1600 121 1613 147 1624 148 1624 150 1624 282 1618 294 1625 295 1625 297 1625 298 1627 374 1627 374 1625 376 1625 397 1618 471 1627 472 1628 584 1628 584 1627 585 1627 587 1627 596 1619 597 1619 633 1627 635 1627 669 1621 678 1628 679 1628 681 1628 682 1628 722 1621 727 1621 858 1621 859 1622 870 1629 871 1629 873 1629 874 1629 875 1629 890 1622 892 1622 905 1622 994 1631 996 1631 1165 1625 1167 1609 1167 1563 123 1555 123 1600"/></Shape>
	    <String CONTENT="ſia loqui nollent. Deinde ab iiſdem ſubiectionẽ"
                    HPOS="121"
                    VPOS="1555"
                    WIDTH="1046"
                    HEIGHT="76"
                    WC="0.98632749915123"></String>
          </TextLine>

          
          
          <TextLine ID="eSc_line_21250c38"
                    TAGREFS="LT4318"
                    BASELINE="126 1658 1167 1667" 
                    HPOS="124"
                    VPOS="1613"
                    WIDTH="1043"
                    HEIGHT="76">
            <Shape><Polygon POINTS="126 1658 124 1673 171 1683 172 1683 273 1674 284 1674 285 1674 298 1685 300 1685 301 1685 303 1685 452 1677 478 1686 480 1686 481 1686 556 1677 557 1677 559 1677 571 1686 572 1686 574 1686 575 1686 612 1680 645 1687 646 1687 648 1687 704 1679 706 1679 707 1679 733 1687 734 1687 736 1687 737 1687 755 1680 801 1687 803 1687 804 1687 806 1687 819 1679 820 1679 835 1689 837 1689 838 1689 840 1689 922 1687 923 1687 925 1687 932 1680 933 1680 1164 1682 1167 1667 1164 1621 993 1628 758 1621 641 1616 639 1616 638 1616 627 1621 617 1624 536 1621 429 1615 428 1615 426 1615 410 1621 401 1622 358 1621 249 1613 248 1613 126 1619 126 1658"/></Shape>
	    <String CONTENT="poſtulat, ne putent æquum, vt propter maritorũ"
                    HPOS="124"
                    VPOS="1613"
                    WIDTH="1043"
                    HEIGHT="76"
                    WC="0.9915442454054"></String>
          </TextLine>

          
          
          <TextLine ID="eSc_line_0e88f9e4"
                    TAGREFS="LT4318"
                    BASELINE="118 1717 1164 1722" 
                    HPOS="118"
                    VPOS="1674"
                    WIDTH="1046"
                    HEIGHT="71">
            <Shape><Polygon POINTS="118 1717 118 1740 181 1734 217 1740 233 1743 234 1743 260 1740 307 1734 316 1740 319 1743 321 1743 322 1743 324 1744 367 1744 367 1743 385 1740 408 1734 429 1740 437 1741 438 1741 440 1741 504 1738 590 1735 599 1738 612 1744 614 1744 615 1745 679 1745 679 1744 715 1738 731 1735 736 1738 742 1743 743 1743 745 1743 883 1745 884 1745 886 1745 904 1737 905 1737 965 1737 966 1737 986 1745 987 1745 989 1745 1163 1735 1164 1722 1164 1689 1119 1677 1118 1677 1116 1677 1051 1687 1020 1677 1018 1677 1017 1677 1015 1677 980 1687 978 1689 910 1689 908 1687 901 1680 899 1680 898 1680 896 1680 858 1687 852 1687 846 1687 767 1676 765 1676 713 1683 643 1677 642 1677 641 1677 611 1686 609 1686 606 1686 574 1676 572 1676 544 1676 542 1676 541 1676 539 1676 527 1686 526 1686 520 1686 458 1677 456 1677 382 1685 380 1685 352 1674 350 1674 297 1674 295 1674 294 1674 292 1674 292 1676 282 1685 281 1685 279 1685 226 1674 224 1674 118 1683 118 1717"/></Shape>
	    <String CONTENT="ſuorum dignitatem &amp; opes:vel propter etiam fa¬"
                    HPOS="118"
                    VPOS="1674"
                    WIDTH="1046"
                    HEIGHT="71"
                    WC="0.973107655411181"></String>
          </TextLine>

          
          
          <TextLine ID="eSc_line_b0112e9f"
                    TAGREFS="LT4318"
                    BASELINE="118 1775 1164 1781" 
                    HPOS="117"
                    VPOS="1728"
                    WIDTH="1047"
                    HEIGHT="70">
            <Shape><Polygon POINTS="118 1775 117 1795 1161 1798 1164 1781 1163 1744 1057 1735 1055 1735 1017 1743 1015 1743 1014 1743 1002 1732 1000 1732 999 1732 997 1732 837 1741 834 1741 832 1741 819 1731 817 1731 816 1731 815 1731 813 1731 794 1741 767 1731 765 1731 764 1731 582 1740 580 1740 566 1729 565 1729 563 1729 527 1729 526 1729 524 1729 523 1729 508 1740 507 1740 469 1729 468 1729 466 1729 389 1740 379 1740 336 1740 336 1738 321 1728 319 1728 318 1728 316 1728 248 1738 245 1738 243 1738 217 1728 215 1728 214 1728 118 1737 118 1775"/></Shape>
	    <String CONTENT="miliam ſuam ipſæ ſaltem ſecundum Paſtores &amp;"
                    HPOS="117"
                    VPOS="1728"
                    WIDTH="1047"
                    HEIGHT="70"
                    WC="0.981433926626693"></String>
          </TextLine>

          
          
          <TextLine ID="eSc_line_db0ebff4"
                    TAGREFS="LT4318"
                    BASELINE="120 1833 1161 1839" 
                    HPOS="118"
                    VPOS="1784"
                    WIDTH="1043"
                    HEIGHT="70">
            <Shape><Polygon POINTS="120 1833 118 1848 1158 1854 1161 1839 1160 1801 1100 1789 1099 1789 1097 1789 1075 1799 1073 1799 1052 1789 1051 1789 1049 1789 1048 1789 1029 1798 1026 1801 945 1801 748 1799 739 1793 730 1790 728 1790 727 1790 725 1790 712 1793 696 1798 673 1793 639 1786 544 1786 542 1786 541 1786 529 1790 516 1796 486 1790 461 1786 459 1786 458 1786 446 1790 429 1796 410 1789 401 1786 400 1786 398 1786 397 1786 395 1786 392 1789 380 1796 295 1787 258 1784 257 1784 243 1787 209 1795 194 1786 190 1784 188 1784 187 1784 120 1784 120 1833"/></Shape>
	    <String CONTENT="Miniſtros verbi Dei aliquod munus Eccleſiaſti¬"
                    HPOS="118"
                    VPOS="1784"
                    WIDTH="1043"
                    HEIGHT="70"
                    WC="0.988864594179651"></String>
          </TextLine>

          
          
          <TextLine ID="eSc_line_41524a7e"
                    TAGREFS="LT4318"
                    BASELINE="120 1893 1157 1897" 
                    HPOS="118"
                    VPOS="1847"
                    WIDTH="1039"
                    HEIGHT="73">
            <Shape><Polygon POINTS="120 1893 118 1912 270 1917 272 1917 298 1912 325 1908 348 1912 368 1917 370 1917 419 1912 464 1908 487 1912 522 1918 523 1918 524 1918 550 1912 556 1911 562 1912 591 1918 593 1918 641 1911 649 1911 676 1911 835 1918 837 1918 838 1918 862 1911 864 1911 1009 1911 1012 1911 1079 1920 1081 1920 1155 1909 1157 1897 1155 1862 1107 1850 1012 1850 1011 1850 1009 1850 990 1860 989 1862 919 1862 917 1860 896 1850 895 1850 893 1850 892 1850 859 1859 855 1860 850 1859 812 1848 810 1848 809 1848 693 1859 682 1859 681 1859 669 1850 667 1850 666 1850 664 1850 594 1857 582 1859 578 1857 553 1850 551 1850 550 1850 548 1850 547 1850 535 1857 532 1860 490 1860 486 1857 466 1847 465 1847 464 1847 368 1848 367 1848 349 1856 346 1857 334 1856 270 1848 269 1848 224 1856 214 1857 211 1856 202 1848 202 1847 200 1847 199 1847 197 1847 120 1854 120 1893"/></Shape>
	    <String CONTENT="cum gerant. Hoc enim illis prorſus interdictum"
                    HPOS="118"
                    VPOS="1847"
                    WIDTH="1039"
                    HEIGHT="73"
                    WC="0.986486839211505"></String>
          </TextLine>

          
          
          <TextLine ID="eSc_line_a2915859"
                    TAGREFS="LT4318"
                    BASELINE="117 1951 1157 1958" 
                    HPOS="116"
                    VPOS="1902"
                    WIDTH="1041"
                    HEIGHT="71">
            <Shape><Polygon POINTS="117 1951 116 1973 1155 1973 1157 1958 1157 1921 1124 1909 1122 1909 1121 1909 1119 1909 1093 1921 1093 1922 1012 1922 1011 1921 994 1908 993 1908 991 1908 948 1906 947 1906 822 1920 817 1920 812 1920 728 1911 727 1911 667 1918 636 1905 635 1905 633 1905 550 1906 548 1906 547 1906 533 1918 530 1918 469 1903 468 1903 466 1903 420 1917 407 1905 406 1905 404 1905 403 1905 331 1911 306 1902 304 1902 275 1902 273 1902 272 1902 270 1902 254 1915 187 1902 185 1902 117 1914 117 1951"/></Shape>
	    <String CONTENT="eſt à Spiritu ſancto. Huius autem prohibitionis"
                    HPOS="116"
                    VPOS="1902"
                    WIDTH="1041"
                    HEIGHT="71"
                    WC="0.980864805479844"></String>
          </TextLine>

          
          
          <TextLine ID="eSc_line_85448801"
                    TAGREFS="LT4318"
                    BASELINE="123 2009 1154 2018" 
                    HPOS="121"
                    VPOS="1958"
                    WIDTH="1033"
                    HEIGHT="85">
            <Shape><Polygon POINTS="123 2009 121 2024 160 2036 162 2036 163 2036 275 2027 278 2027 279 2027 333 2037 334 2037 377 2028 379 2028 380 2028 513 2038 514 2040 581 2040 581 2038 582 2038 584 2038 594 2031 596 2030 617 2031 704 2037 706 2037 761 2033 783 2031 786 2033 795 2038 797 2038 798 2038 800 2038 878 2034 911 2033 916 2034 926 2041 928 2041 929 2041 983 2043 984 2043 1017 2036 1026 2034 1033 2036 1054 2043 1055 2043 1057 2043 1058 2043 1082 2037 1094 2034 1151 2037 1154 2018 1151 1966 1063 1979 994 1979 975 1966 974 1964 972 1964 971 1964 969 1964 957 1966 896 1976 832 1966 809 1963 807 1963 765 1966 716 1970 688 1966 661 1963 660 1963 658 1963 643 1967 618 1975 483 1975 468 1967 455 1961 453 1961 452 1961 379 1967 322 1972 313 1967 295 1958 294 1958 263 1958 261 1958 260 1958 258 1958 258 1960 248 1967 245 1970 234 1967 205 1961 203 1961 123 1967 123 2009"/></Shape>
	    <String CONTENT="variæ ſunt rationes, quas affert Paulus ſequentib."
                    HPOS="121"
                    VPOS="1958"
                    WIDTH="1033"
                    HEIGHT="85"
                    WC="0.994451186656952"></String>
          </TextLine>

          
          
          <TextLine ID="eSc_line_a2a2d0ab"
                    TAGREFS="LT4318"
                    BASELINE="118 2070 355 2068" 
                    HPOS="117"
                    VPOS="2018"
                    WIDTH="238"
                    HEIGHT="68">
            <Shape><Polygon POINTS="118 2070 118 2086 355 2085 355 2068 352 2030 273 2021 272 2021 270 2021 254 2025 239 2028 221 2024 202 2018 200 2018 199 2018 197 2018 187 2022 168 2028 117 2019 118 2070"/></Shape>
	    <String CONTENT="verſiculis."
                    HPOS="117"
                    VPOS="2018"
                    WIDTH="238"
                    HEIGHT="68"
                    WC="0.999883835965937"></String>
          </TextLine>

          
          
          <TextLine ID="eSc_line_4a6ec85f"
                    TAGREFS="LT4320"
                    BASELINE="191 2189 1163 2198" 
                    HPOS="191"
                    VPOS="2131"
                    WIDTH="972"
                    HEIGHT="98">
            <Shape><Polygon POINTS="191 2210 389 2210 400 2212 422 2221 423 2221 425 2221 508 2215 513 2215 514 2215 545 2224 547 2224 548 2224 588 2217 603 2214 608 2217 618 2224 620 2224 621 2224 623 2224 672 2218 685 2217 687 2218 694 2224 694 2226 696 2226 697 2226 699 2227 783 2227 783 2226 785 2226 804 2221 835 2212 850 2221 858 2227 859 2227 861 2227 862 2227 864 2227 883 2223 916 2214 926 2223 931 2227 932 2227 933 2227 1000 2229 1002 2229 1032 2226 1097 2217 1115 2227 1116 2229 1118 2229 1119 2229 1121 2229 1161 2227 1163 2198 1163 2138 1072 2138 1070 2138 1069 2138 1067 2138 1045 2153 1006 2153 843 2152 788 2140 786 2140 746 2149 716 2137 712 2135 710 2135 709 2135 694 2137 632 2146 602 2137 593 2134 591 2134 590 2134 588 2134 580 2137 548 2147 502 2138 501 2138 458 2146 432 2137 422 2132 420 2132 419 2132 417 2132 407 2137 385 2146 272 2141 266 2137 258 2131 257 2131 255 2131 254 2131 191 2135 191 2189"/></Shape>
	    <String CONTENT="12 Mulieri enim docere non permitto,"
                    HPOS="191"
                    VPOS="2131"
                    WIDTH="972"
                    HEIGHT="98"></String>
          </TextLine>

          
        </TextBlock>
        
        <TextBlock HPOS="872.1583862304688"
                   VPOS="2211.928955078125"
                   WIDTH="108.9625244140625"
                   HEIGHT="80.715576171875"
                   ID="block_2"
                   TAGREFS="BT10978">
          <Shape><Polygon POINTS="872.158 2211.93 981.121 2211.93 981.121 2292.64 872.158 2292.64 872.158 2211.93"/></Shape>
          
          
          <TextLine ID="eSc_line_821f8616"
                    TAGREFS="LT4318"
                    BASELINE="883 2257 969 2254" 
                    HPOS="880"
                    VPOS="2205"
                    WIDTH="89"
                    HEIGHT="88">
            <Shape><Polygon POINTS="883 2257 883 2279 969 2293 969 2254 965 2223 944 2223 942 2221 926 2207 926 2205 925 2205 923 2205 922 2205 920 2205 880 2218 883 2257"/></Shape>
	    <String CONTENT="f.ij."
                    HPOS="880"
                    VPOS="2205"
                    WIDTH="89"
                    HEIGHT="88"></String>
          </TextLine>

          
        </TextBlock>
        

        
      </PrintSpace>
    </Page>
  </Layout>
</alto>
