<?xml version="1.0" encoding="UTF-8"?>
<alto xmlns:xsi="http://www.w3.org/2001/XMLSchema-instance"
      xmlns="http://www.loc.gov/standards/alto/ns-v4#"
      xsi:schemaLocation="http://www.loc.gov/standards/alto/ns-v4# http://www.loc.gov/standards/alto/v4/alto-4-2.xsd">
  <Description>
    <MeasurementUnit>pixel</MeasurementUnit>
    <sourceImageInformation>
      <fileName>2012986.png</fileName>
      
    </sourceImageInformation>
  </Description>
  
  <Tags>
    <OtherTag ID="BT10983" LABEL="GraphicZone" DESCRIPTION="block type GraphicZone"/><OtherTag ID="BT10982" LABEL="DropCapitalZone" DESCRIPTION="block type DropCapitalZone"/><OtherTag ID="BT10981" LABEL="RunningTitleZone" DESCRIPTION="block type RunningTitleZone"/><OtherTag ID="BT10980" LABEL="NumberingZone" DESCRIPTION="block type NumberingZone"/><OtherTag ID="BT10979" LABEL="TitlePageZone" DESCRIPTION="block type TitlePageZone"/><OtherTag ID="BT10978" LABEL="QuireMarksZone" DESCRIPTION="block type QuireMarksZone"/><OtherTag ID="BT10977" LABEL="MainZone" DESCRIPTION="block type MainZone"/><OtherTag ID="BT10976" LABEL="MarginTextZone" DESCRIPTION="block type MarginTextZone"/>
    <OtherTag ID="LT4321" LABEL="default" DESCRIPTION="line type default"/><OtherTag ID="LT4319" LABEL="HeadingLine" DESCRIPTION="line type HeadingLine"/><OtherTag ID="LT4318" LABEL="DefaultLine" DESCRIPTION="line type DefaultLine"/><OtherTag ID="LT4320" LABEL="CustomLine : BiblicalText" DESCRIPTION="line type CustomLine : BiblicalText"/>
  </Tags>
  
  <Layout>
    <Page WIDTH="1807"
          HEIGHT="2677"
          PHYSICAL_IMG_NR="33"
          ID="eSc_dummypage_">
      <PrintSpace HPOS="0"
                  VPOS="0"
                  WIDTH="1807"
                  HEIGHT="2677">
        
        <TextBlock HPOS="639.0487670898438"
                   VPOS="168.22251892089844"
                   WIDTH="79.38677978515625"
                   HEIGHT="53.00865173339844"
                   ID="block_1"
                   TAGREFS="BT10980">
          <Shape><Polygon POINTS="639.049 168.223 718.436 168.223 718.436 221.231 639.049 221.231 639.049 168.223"/></Shape>
          
          
          <TextLine ID="eSc_line_380dc344"
                    TAGREFS="LT4318"
                    BASELINE="645 208 724 203" 
                    HPOS="642"
                    VPOS="159"
                    WIDTH="82"
                    HEIGHT="70">
            <Shape><Polygon POINTS="645 208 645 229 722 220 724 203 718 159 642 160 645 208"/></Shape>
	    <String CONTENT="74"
                    HPOS="642"
                    VPOS="159"
                    WIDTH="82"
                    HEIGHT="70"
                    WC="0.997910141944885"></String>
          </TextLine>

          
        </TextBlock>
        
        <TextBlock HPOS="832.8130493164062"
                   VPOS="141.5859832763672"
                   WIDTH="703.3761596679688"
                   HEIGHT="69.40863037109375"
                   ID="block_2"
                   TAGREFS="BT10981">
          <Shape><Polygon POINTS="832.813 141.586 1536.19 141.586 1536.19 210.995 832.813 210.995 832.813 141.586"/></Shape>
          
          
          <TextLine ID="eSc_line_898e1896"
                    TAGREFS="LT4319"
                    BASELINE="840 199 1527 188" 
                    HPOS="838"
                    VPOS="142"
                    WIDTH="689"
                    HEIGHT="70">
            <Shape><Polygon POINTS="1508 151 1493 147 1478 144 1463 142 1448 142 1433 142 1429 142 1224 154 1035 145 1033 145 1032 145 1030 145 1011 157 980 151 978 151 933 159 859 148 858 148 856 148 855 148 838 157 840 199 840 212 1195 212 1195 211 1197 211 1226 203 1232 202 1246 202 1322 209 1323 209 1325 209 1326 209 1340 200 1341 200 1351 200 1497 206 1499 206 1500 206 1527 196 1527 188 1525 156 1522 154"/></Shape>
	    <String CONTENT="AD I. PAVL. AD TIM."
                    HPOS="838"
                    VPOS="142"
                    WIDTH="689"
                    HEIGHT="70"
                    WC="0.987900602190118"></String>
          </TextLine>

          
        </TextBlock>
        
        <TextBlock HPOS="622.2052001953125"
                   VPOS="221.8874969482422"
                   WIDTH="1087.1688232421875"
                   HEIGHT="1937.1823272705078"
                   ID="block_0"
                   TAGREFS="BT10977">
          <Shape><Polygon POINTS="622.205 221.887 1709.37 221.887 1709.37 2159.07 622.205 2159.07 622.205 221.887"/></Shape>
          
          
          <TextLine ID="eSc_line_7678a4b0"
                    TAGREFS="LT4318"
                    BASELINE="630 272 1677 261" 
                    HPOS="629"
                    VPOS="208"
                    WIDTH="1048"
                    HEIGHT="82">
            <Shape><Polygon POINTS="1670 227 1655 223 1643 220 1624 221 1621 220 1612 212 1610 212 1597 208 1502 221 1476 226 1393 226 1389 223 1360 214 1359 214 1357 214 1328 220 1316 211 1314 211 1313 211 1311 211 1310 211 1289 220 1262 211 1261 211 1259 211 1180 220 1079 212 1078 212 1076 212 1048 227 1045 230 966 230 966 229 957 221 956 221 954 221 953 221 910 230 907 230 904 230 871 220 870 220 868 220 822 230 794 215 792 215 791 215 789 215 762 226 734 218 733 218 731 218 730 218 728 218 704 233 629 233 630 272 630 290 1676 279 1677 261 1673 227 1670 227"/></Shape>
	    <String CONTENT="tras imitari, qui præciſè ad Orientem orandum"
                    HPOS="629"
                    VPOS="208"
                    WIDTH="1048"
                    HEIGHT="82"
                    WC="0.984091447747272"></String>
          </TextLine>

          
          
          <TextLine ID="eSc_line_cd2c25f5"
                    TAGREFS="LT4318"
                    BASELINE="632 333 1682 318" 
                    HPOS="630"
                    VPOS="270"
                    WIDTH="1052"
                    HEIGHT="85">
            <Shape><Polygon POINTS="632 333 632 355 734 346 746 353 748 353 749 353 751 355 841 355 841 353 843 353 844 353 867 345 935 352 942 352 944 352 945 352 948 352 980 343 1042 350 1048 350 1049 350 1058 350 1155 340 1182 348 1183 348 1185 348 1225 340 1357 346 1363 346 1365 346 1371 346 1503 336 1528 343 1530 343 1531 343 1680 342 1682 318 1680 285 1637 270 1635 270 1634 270 1519 273 1518 273 1516 273 1516 275 1503 287 1469 287 1302 275 1301 275 1299 275 1258 291 1209 291 1191 276 1189 276 1188 276 1161 276 1160 276 1158 276 1157 276 1157 278 1145 288 1100 278 1099 278 1097 278 1096 278 1081 291 1049 292 993 284 991 284 990 284 989 284 972 294 847 294 828 287 826 287 825 287 823 287 822 287 810 294 773 282 771 282 770 282 768 282 730 291 675 284 673 284 672 284 630 298 632 333"/></Shape>
	    <String CONTENT="eſſe docent, tantum abeſt, vt ſit hæc traditio A¬"
                    HPOS="630"
                    VPOS="270"
                    WIDTH="1052"
                    HEIGHT="85"
                    WC="0.990026090826307"></String>
          </TextLine>

          
          
          <TextLine ID="eSc_line_ed25c730"
                    TAGREFS="LT4318"
                    BASELINE="633 389 1674 377" 
                    HPOS="632"
                    VPOS="333"
                    WIDTH="1042"
                    HEIGHT="81">
            <Shape><Polygon POINTS="633 389 635 414 673 406 751 413 761 413 762 413 770 413 815 406 944 408 1003 410 1005 410 1115 406 1252 400 1264 403 1280 407 1282 407 1283 407 1326 401 1351 398 1387 400 1451 404 1453 404 1454 404 1467 398 1473 397 1497 398 1567 403 1569 403 1570 403 1572 403 1580 397 1583 395 1673 395 1674 377 1671 345 1625 345 1612 333 1610 333 1609 333 1607 333 1606 333 1573 340 1537 334 1536 334 1534 334 1533 334 1533 336 1521 346 1387 346 1356 336 1354 336 1283 336 1282 336 1280 336 1258 348 1216 337 1215 337 1213 337 1212 337 1210 337 1210 339 1198 348 1096 339 1094 339 1093 339 1091 339 1075 349 1049 343 1048 343 1047 343 1045 343 1015 350 1014 350 1003 342 1003 340 1002 340 1000 340 965 340 963 340 919 349 868 342 867 342 865 342 841 352 838 352 767 342 765 342 764 342 746 350 710 343 709 343 632 353 633 389"/></Shape>
	    <String CONTENT="poſtolica. Quod item idem Baſil.ſermo.2. de Ba¬"
                    HPOS="632"
                    VPOS="333"
                    WIDTH="1042"
                    HEIGHT="81"
                    WC="0.996970591392923"></String>
          </TextLine>

          
          
          <TextLine ID="eSc_line_a50a1de0"
                    TAGREFS="LT4318"
                    BASELINE="633 447 1679 437" 
                    HPOS="632"
                    VPOS="394"
                    WIDTH="1047"
                    HEIGHT="78">
            <Shape><Polygon POINTS="633 447 633 469 779 472 780 472 782 472 792 468 803 462 812 468 816 471 817 471 819 471 820 471 859 466 901 462 933 465 971 469 972 469 974 469 975 469 980 465 986 461 1033 464 1075 466 1076 466 1078 466 1079 466 1082 464 1088 459 1125 462 1183 468 1185 468 1218 461 1234 458 1244 461 1264 466 1265 466 1267 468 1357 468 1357 466 1359 466 1374 459 1380 456 1389 458 1406 464 1408 464 1409 464 1411 464 1427 458 1433 456 1438 458 1463 465 1464 465 1466 465 1560 458 1624 464 1625 464 1677 453 1679 437 1676 404 1615 397 1613 397 1509 404 1444 394 1442 394 1441 394 1411 404 1381 394 1380 394 1378 394 1317 406 1234 400 1232 400 1231 400 1207 407 1155 397 1154 397 1033 408 914 403 913 403 911 403 910 403 902 410 875 400 874 400 809 400 807 400 806 400 759 411 661 401 660 401 658 401 632 411 633 447"/></Shape>
	    <String CONTENT="tiſ. cap.8. in loco non ſacrato myſteria non pu¬"
                    HPOS="632"
                    VPOS="394"
                    WIDTH="1047"
                    HEIGHT="78"
                    WC="0.976098235696554"></String>
          </TextLine>

          
          
          <TextLine ID="eSc_line_90c3b930"
                    TAGREFS="LT4318"
                    BASELINE="633 507 1679 496" 
                    HPOS="632"
                    VPOS="450"
                    WIDTH="1047"
                    HEIGHT="72">
            <Shape><Polygon POINTS="633 507 633 522 1679 516 1679 496 1674 461 1583 461 1582 461 1572 452 1572 450 1570 450 1569 450 1528 450 1527 450 1525 450 1499 461 1493 462 1475 461 1403 452 1402 452 1400 452 1381 461 1375 464 1267 464 1265 461 1258 455 1256 455 1255 455 1253 455 1252 455 1231 461 1218 465 1192 461 1149 455 1148 455 1052 456 1051 456 1039 462 1032 465 1023 462 1011 456 1009 456 1008 456 1006 456 993 462 983 466 953 462 925 458 923 458 890 462 850 468 828 462 812 458 810 458 809 458 780 459 779 459 777 459 777 461 774 462 767 469 632 464 633 507"/></Shape>
	    <String CONTENT="tat poſſe celebrari, fallitur &amp; non videt vbi ver¬"
                    HPOS="632"
                    VPOS="450"
                    WIDTH="1047"
                    HEIGHT="72"
                    WC="0.968425432443619"></String>
          </TextLine>

          
          
          <TextLine ID="eSc_line_9ea0da0a"
                    TAGREFS="LT4318"
                    BASELINE="636 563 1677 556" 
                    HPOS="635"
                    VPOS="510"
                    WIDTH="1042"
                    HEIGHT="78">
            <Shape><Polygon POINTS="636 563 636 580 841 588 843 588 936 581 956 587 957 587 959 587 960 587 962 587 971 580 1011 587 1012 587 1099 580 1350 584 1351 584 1353 584 1354 584 1363 577 1466 584 1467 584 1512 575 1589 581 1591 581 1677 572 1677 556 1674 522 1580 522 1579 520 1554 511 1552 511 1551 511 1512 520 1511 520 1499 510 1497 510 1496 510 1494 510 1328 520 1258 523 1244 519 1226 513 1225 513 1224 513 1125 519 1027 524 1006 519 994 514 993 514 991 514 990 514 978 519 957 524 884 517 844 514 843 514 798 517 684 526 635 517 636 563"/></Shape>
	    <String CONTENT="bum Dei prædicatur, ibi locum eſſe ſacrum 1."
                    HPOS="635"
                    VPOS="510"
                    WIDTH="1042"
                    HEIGHT="78"
                    WC="0.988686759363521"></String>
          </TextLine>

          
          
          <TextLine ID="eSc_line_3f5a1829"
                    TAGREFS="LT4318"
                    BASELINE="642 624 1048 621" 
                    HPOS="641"
                    VPOS="571"
                    WIDTH="407"
                    HEIGHT="75">
            <Shape><Polygon POINTS="642 624 642 638 843 646 844 646 846 646 878 638 1015 645 1017 645 1018 645 1048 635 1048 621 1045 587 1005 584 990 571 989 571 987 571 986 571 922 582 917 582 910 577 908 577 907 577 905 577 904 577 902 577 902 578 898 581 893 585 822 584 816 578 807 572 806 572 804 572 803 572 801 572 788 578 777 582 641 574 642 624"/></Shape>
	    <String CONTENT="Timoth.4.verſ.4."
                    HPOS="641"
                    VPOS="571"
                    WIDTH="407"
                    HEIGHT="75"></String>
          </TextLine>

          
          
          <TextLine ID="eSc_line_4882e303"
                    TAGREFS="LT4318"
                    BASELINE="703 681 1686 670" 
                    HPOS="701"
                    VPOS="627"
                    WIDTH="985"
                    HEIGHT="79">
            <Shape><Polygon POINTS="703 697 901 696 902 696 916 706 917 706 919 706 920 706 1020 696 1073 704 1075 704 1076 704 1099 696 1113 704 1115 704 1116 704 1118 704 1119 704 1145 696 1160 703 1161 703 1163 703 1232 693 1234 693 1235 693 1310 701 1311 701 1313 701 1314 701 1331 691 1335 691 1387 697 1389 697 1390 697 1405 690 1406 690 1408 690 1423 700 1424 700 1426 700 1427 700 1496 690 1497 690 1499 690 1540 700 1542 700 1543 700 1685 687 1686 670 1683 635 1496 627 1494 627 1493 627 1491 627 1484 635 1482 635 1467 635 1375 629 1374 629 1372 629 1371 629 1371 630 1366 635 1363 636 1345 635 1292 629 1290 629 1289 629 1271 635 1261 638 1247 635 1229 630 1228 630 1226 630 1194 635 1170 638 1118 635 1061 632 1060 632 1058 632 1057 632 1052 635 1045 639 1038 635 1030 632 1029 632 1027 632 1008 635 978 640 947 635 935 633 933 633 701 635 703 681"/></Shape>
	    <String CONTENT="Tertio loco ex ipſo verſu quæritur. Quo ge¬"
                    HPOS="701"
                    VPOS="627"
                    WIDTH="985"
                    HEIGHT="79"
                    WC="0.997334196123966"></String>
          </TextLine>

          
          
          <TextLine ID="eSc_line_1ec38552"
                    TAGREFS="LT4318"
                    BASELINE="636 740 1688 730" 
                    HPOS="635"
                    VPOS="682"
                    WIDTH="1053"
                    HEIGHT="82">
            <Shape><Polygon POINTS="636 740 636 755 675 764 676 764 678 764 697 756 933 762 935 762 1688 748 1688 730 1683 696 1609 696 1607 696 1591 682 1589 682 1588 682 1586 682 1585 682 1542 696 1534 697 1528 696 1500 684 1499 684 1454 684 1453 684 1451 684 1418 696 1412 697 1408 696 1390 685 1389 685 1322 685 1320 685 1319 685 1317 685 1302 696 1296 700 1256 700 1249 696 1238 688 1237 688 1235 688 1234 688 1232 688 1218 696 1209 701 1174 701 1167 696 1158 688 1157 688 1155 688 1154 688 1152 688 1136 696 1125 701 1066 701 1042 696 1018 690 1017 690 1015 690 1014 690 999 696 986 701 950 696 910 690 908 690 907 690 892 696 874 703 801 696 748 691 746 691 635 696 636 740"/></Shape>
	    <String CONTENT="ſtu ſit orandum. De quo quia nihil eſt hoc loco"
                    HPOS="635"
                    VPOS="682"
                    WIDTH="1053"
                    HEIGHT="82"
                    WC="0.998357109566952"></String>
          </TextLine>

          
          
          <TextLine ID="eSc_line_c8a0c7d7"
                    TAGREFS="LT4318"
                    BASELINE="641 797 1686 792" 
                    HPOS="639"
                    VPOS="746"
                    WIDTH="1047"
                    HEIGHT="76">
            <Shape><Polygon POINTS="641 797 641 813 658 822 660 822 661 822 715 813 774 822 776 822 942 814 951 822 953 822 954 822 956 822 1023 814 1024 814 1027 814 1076 820 1078 820 1079 820 1102 814 1110 813 1131 814 1186 820 1188 820 1189 820 1200 814 1207 812 1247 816 1296 820 1298 820 1335 816 1384 810 1685 817 1686 792 1683 755 1429 746 1427 746 1426 746 1405 756 1403 756 1393 756 1264 748 1262 748 1261 748 1259 748 1247 758 1246 759 1183 759 1182 758 1161 748 1160 748 1158 748 1097 755 1082 748 1081 748 1079 748 1078 748 1058 758 908 751 907 751 834 759 777 749 776 749 774 749 773 749 773 751 761 761 733 761 718 749 716 749 715 749 670 749 669 749 667 749 639 759 641 797"/></Shape>
	    <String CONTENT="diſertè præſcriptum, ſed nec in toto Dei verbo,"
                    HPOS="639"
                    VPOS="746"
                    WIDTH="1047"
                    HEIGHT="76"
                    WC="0.987645176549753"></String>
          </TextLine>

          
          
          <TextLine ID="eSc_line_acf7e679"
                    TAGREFS="LT4318"
                    BASELINE="638 855 1683 849" 
                    HPOS="636"
                    VPOS="804"
                    WIDTH="1047"
                    HEIGHT="68">
            <Shape><Polygon POINTS="638 855 638 871 1680 872 1683 849 1680 814 1628 804 1627 804 1625 804 1624 804 1624 806 1613 814 1612 814 1609 814 1564 804 1563 804 1482 813 1481 813 1479 813 1386 806 1384 806 1383 806 1360 813 1348 819 1299 819 1290 813 1276 806 1274 806 1194 806 1192 806 1191 806 1171 813 1155 820 969 820 962 813 956 809 956 807 954 807 953 807 951 807 887 809 886 809 878 813 865 820 853 813 852 813 850 813 849 813 846 813 786 819 779 813 774 810 774 809 773 809 771 809 733 809 731 809 730 809 728 809 728 810 725 813 716 820 699 813 690 809 688 809 687 809 636 812 638 855"/></Shape>
	    <String CONTENT="intelligitur habere ea res liberas obſeruationes,"
                    HPOS="636"
                    VPOS="804"
                    WIDTH="1047"
                    HEIGHT="68"
                    WC="0.98523836233178"></String>
          </TextLine>

          
          
          <TextLine ID="eSc_line_912e4cad"
                    TAGREFS="LT4318"
                    BASELINE="638 916 1685 905" 
                    HPOS="636"
                    VPOS="859"
                    WIDTH="1049"
                    HEIGHT="76">
            <Shape><Polygon POINTS="638 916 638 935 1353 935 1353 933 1354 933 1369 926 1531 932 1533 932 1685 920 1685 905 1683 874 1631 859 1630 859 1548 859 1546 859 1545 859 1543 859 1522 874 1521 874 1444 861 1442 861 1441 861 1439 861 1423 875 1420 875 1383 875 1375 875 1276 862 1274 862 1273 862 1244 872 1177 864 1176 864 1174 864 1173 864 1157 877 1128 864 1127 864 1125 864 1124 864 1088 877 1082 878 1075 877 1024 865 1023 865 1021 865 1020 865 1006 874 957 867 956 867 954 867 953 867 936 877 931 881 788 881 785 878 770 868 768 868 767 868 765 868 636 878 638 916"/></Shape>
	    <String CONTENT="modò ne quod offendiculum aliis nimia affecta¬"
                    HPOS="636"
                    VPOS="859"
                    WIDTH="1049"
                    HEIGHT="76"
                    WC="0.989761861080819"></String>
          </TextLine>

          
          
          <TextLine ID="eSc_line_7f986b47"
                    TAGREFS="LT4318"
                    BASELINE="641 974 1685 965" 
                    HPOS="639"
                    VPOS="919"
                    WIDTH="1046"
                    HEIGHT="75">
            <Shape><Polygon POINTS="641 974 641 990 986 994 987 994 989 994 999 990 1009 986 1029 990 1041 993 1042 993 1044 993 1045 993 1055 990 1075 986 1112 990 1139 993 1140 993 1209 990 1353 983 1487 990 1508 990 1509 990 1516 990 1573 981 1682 989 1685 965 1682 923 1640 919 1638 919 1637 919 1628 923 1615 931 1607 923 1601 919 1600 919 1598 919 1597 919 1554 925 1531 928 1527 925 1516 919 1515 919 1514 919 1512 919 1405 920 1403 920 1386 928 1374 933 1225 933 1215 931 1186 922 1185 922 1183 922 1182 922 1180 922 1164 932 1157 936 1052 936 1044 933 993 923 991 923 990 923 989 923 975 935 972 938 951 938 950 935 936 925 935 925 933 925 826 925 825 925 823 925 822 925 822 926 807 938 789 938 707 938 661 926 660 926 658 926 657 926 639 936 641 974"/></Shape>
	    <String CONTENT="tione vel diſſenſione præbeamus. Chriſtus ipſe"
                    HPOS="639"
                    VPOS="919"
                    WIDTH="1046"
                    HEIGHT="75"
                    WC="0.982369855694149"></String>
          </TextLine>

          
          
          <TextLine ID="eSc_line_6380e083"
                    TAGREFS="LT4318"
                    BASELINE="639 1035 1686 1024" 
                    HPOS="638"
                    VPOS="977"
                    WIDTH="1048"
                    HEIGHT="80">
            <Shape><Polygon POINTS="639 1035 639 1049 844 1057 846 1057 847 1057 878 1049 904 1057 905 1057 907 1057 960 1048 990 1055 991 1055 993 1055 1099 1047 1103 1047 1106 1047 1234 1054 1235 1054 1282 1045 1283 1045 1284 1045 1374 1052 1375 1052 1377 1052 1395 1044 1402 1044 1519 1051 1521 1051 1522 1051 1546 1044 1662 1049 1664 1049 1665 1049 1686 1041 1686 1024 1683 981 1594 977 1592 977 1570 981 1546 987 1536 981 1531 980 1530 980 1528 980 1527 980 1516 983 1487 990 1475 983 1469 978 1467 978 1466 978 1399 978 1398 978 1396 978 1375 984 1345 991 1320 984 1310 981 1308 981 1307 981 1305 981 1296 984 1277 993 1119 993 1102 986 1088 981 1087 981 1085 981 1061 987 1033 994 935 996 910 989 898 984 896 984 828 984 826 984 825 984 810 989 785 997 749 990 728 986 727 986 638 990 639 1035"/></Shape>
	    <String CONTENT="&amp; ſtans &amp; flexis genibus orauit, publicanus ſtãs"
                    HPOS="638"
                    VPOS="977"
                    WIDTH="1048"
                    HEIGHT="80"
                    WC="0.9825646488034"></String>
          </TextLine>

          
          
          <TextLine ID="eSc_line_26b4e0bd"
                    TAGREFS="LT4318"
                    BASELINE="636 1093 1682 1082" 
                    HPOS="635"
                    VPOS="1038"
                    WIDTH="1047"
                    HEIGHT="75">
            <Shape><Polygon POINTS="636 1093 636 1110 886 1113 887 1113 889 1113 890 1113 896 1110 904 1105 1029 1105 1057 1109 1078 1112 1079 1112 1100 1109 1133 1103 1302 1107 1380 1109 1381 1109 1402 1107 1458 1100 1497 1106 1508 1107 1509 1107 1511 1107 1516 1106 1543 1099 1680 1105 1682 1082 1679 1047 1574 1038 1573 1038 1497 1047 1476 1048 1456 1047 1380 1039 1378 1039 1377 1039 1375 1039 1365 1047 1360 1049 1307 1049 1284 1047 1237 1041 1235 1041 1234 1041 1215 1047 1201 1051 1182 1047 1155 1042 1081 1042 1079 1042 1078 1042 1076 1042 1076 1044 1070 1048 1064 1054 997 1054 990 1048 987 1045 986 1045 984 1045 983 1045 965 1048 929 1055 849 1055 834 1048 826 1045 825 1045 823 1045 822 1045 809 1048 779 1055 635 1049 636 1093"/></Shape>
	    <String CONTENT="in templo precatus eſt, Luc.18.verſ. 13.22 verſ.41."
                    HPOS="635"
                    VPOS="1038"
                    WIDTH="1047"
                    HEIGHT="75"
                    WC="0.978423166508768"></String>
          </TextLine>

          
          
          <TextLine ID="eSc_line_19c71496"
                    TAGREFS="LT4318"
                    BASELINE="639 1149 1688 1140" 
                    HPOS="638"
                    VPOS="1094"
                    WIDTH="1050"
                    HEIGHT="80">
            <Shape><Polygon POINTS="639 1149 639 1163 804 1174 806 1174 807 1174 831 1163 835 1161 846 1163 883 1170 884 1170 997 1163 1041 1160 1047 1163 1060 1171 1061 1171 1063 1171 1064 1171 1066 1171 1088 1163 1096 1160 1119 1163 1189 1170 1191 1170 1323 1161 1399 1157 1426 1161 1469 1168 1470 1168 1472 1168 1499 1161 1505 1160 1525 1161 1606 1167 1607 1167 1686 1160 1688 1140 1685 1106 1606 1106 1606 1105 1576 1094 1574 1094 1514 1094 1512 1094 1511 1094 1509 1094 1509 1096 1497 1105 1453 1096 1451 1096 1450 1096 1421 1105 1414 1106 1400 1105 1337 1096 1335 1096 1296 1105 1279 1109 1206 1109 1198 1105 1188 1097 1186 1097 1185 1097 1183 1097 1133 1099 1131 1099 1130 1099 1124 1103 1116 1109 978 1103 893 1100 892 1100 890 1100 884 1103 868 1110 829 1103 813 1100 812 1100 810 1100 809 1100 806 1103 794 1110 739 1103 727 1102 725 1102 724 1102 722 1102 722 1103 710 1113 685 1113 675 1103 673 1103 672 1103 638 1103 639 1149"/></Shape>
	    <String CONTENT="In Actis videmus poſitis genibus Chriſtianos"
                    HPOS="638"
                    VPOS="1094"
                    WIDTH="1050"
                    HEIGHT="80"
                    WC="0.985149286010049"></String>
          </TextLine>

          
          
          <TextLine ID="eSc_line_df1acfd6"
                    TAGREFS="LT4318"
                    BASELINE="638 1207 1688 1200" 
                    HPOS="636"
                    VPOS="1155"
                    WIDTH="1052"
                    HEIGHT="76">
            <Shape><Polygon POINTS="638 1207 638 1222 691 1231 693 1231 694 1231 718 1222 722 1222 733 1222 810 1231 812 1231 890 1229 892 1229 893 1229 901 1222 905 1221 1026 1221 1030 1222 1036 1228 1038 1228 1039 1228 1041 1228 1042 1228 1054 1222 1063 1219 1107 1222 1170 1228 1171 1229 1265 1229 1265 1228 1267 1228 1268 1228 1274 1222 1277 1221 1338 1222 1433 1226 1435 1226 1464 1222 1514 1216 1685 1222 1688 1200 1685 1167 1656 1167 1643 1155 1641 1155 1640 1155 1638 1155 1637 1155 1595 1165 1552 1155 1551 1155 1549 1155 1548 1155 1522 1163 1408 1157 1406 1157 1405 1157 1384 1165 1363 1157 1362 1157 1292 1157 1290 1157 1289 1157 1264 1170 1235 1170 1222 1158 1221 1158 1219 1158 1218 1158 1154 1168 1140 1158 1139 1158 1137 1158 1105 1158 1103 1158 1102 1158 1075 1165 1061 1160 1060 1160 1058 1160 1057 1160 1055 1160 1047 1168 1035 1160 1033 1160 1032 1160 980 1160 978 1160 977 1160 975 1160 975 1161 963 1170 809 1161 807 1161 806 1161 804 1161 791 1173 636 1173 638 1207"/></Shape>
	    <String CONTENT="veteres ſæpe oraſſe Actor.7.9. &amp; 2o.Stantes orãt,"
                    HPOS="636"
                    VPOS="1155"
                    WIDTH="1052"
                    HEIGHT="76"></String>
          </TextLine>

          
          
          <TextLine ID="eSc_line_bee3aa8f"
                    TAGREFS="LT4318"
                    BASELINE="639 1267 1686 1255" 
                    HPOS="638"
                    VPOS="1209"
                    WIDTH="1048"
                    HEIGHT="86">
            <Shape><Polygon POINTS="639 1267 639 1283 654 1293 655 1293 657 1293 658 1295 768 1295 768 1293 826 1290 828 1290 847 1280 887 1287 889 1287 890 1287 905 1280 1024 1284 1026 1284 1027 1284 1048 1277 1049 1277 1058 1277 1189 1284 1191 1284 1192 1284 1225 1276 1226 1276 1290 1287 1292 1287 1362 1274 1377 1280 1378 1280 1380 1280 1442 1273 1450 1273 1456 1273 1534 1284 1536 1284 1685 1270 1686 1255 1683 1222 1604 1209 1603 1209 1456 1210 1454 1210 1453 1210 1442 1221 1402 1221 1314 1215 1313 1215 1311 1215 1295 1222 1290 1225 1284 1222 1270 1215 1268 1215 1267 1215 1265 1215 1264 1215 1264 1216 1255 1222 1252 1226 1188 1226 1183 1223 1170 1213 1168 1213 1167 1213 1165 1213 1164 1213 1127 1223 1112 1228 1003 1228 994 1223 980 1216 978 1216 923 1216 922 1216 920 1216 901 1223 886 1231 789 1231 782 1223 776 1219 776 1218 774 1218 773 1218 771 1218 706 1219 704 1219 703 1219 697 1223 688 1231 638 1225 639 1267"/></Shape>
	    <String CONTENT="qui ſpe promiſſionum Dei erigantur. Flexis au¬"
                    HPOS="638"
                    VPOS="1209"
                    WIDTH="1048"
                    HEIGHT="86"
                    WC="0.984253298977147"></String>
          </TextLine>

          
          
          <TextLine ID="eSc_line_1b0b36d5"
                    TAGREFS="LT4318"
                    BASELINE="638 1326 1688 1314" 
                    HPOS="636"
                    VPOS="1271"
                    WIDTH="1052"
                    HEIGHT="80">
            <Shape><Polygon POINTS="638 1326 638 1341 765 1351 767 1351 768 1351 786 1344 887 1350 889 1350 890 1350 892 1350 907 1341 944 1348 945 1348 947 1348 984 1339 1020 1347 1021 1347 1023 1347 1024 1347 1035 1338 1036 1338 1085 1338 1133 1338 1158 1347 1160 1347 1161 1347 1163 1347 1192 1338 1213 1345 1215 1345 1216 1345 1341 1337 1421 1344 1423 1344 1424 1344 1450 1334 1451 1334 1521 1334 1522 1334 1537 1342 1539 1342 1540 1342 1542 1342 1688 1331 1688 1314 1685 1283 1600 1271 1598 1271 1597 1271 1595 1271 1579 1281 1545 1273 1543 1273 1542 1273 1423 1284 1420 1286 1393 1286 1350 1286 1338 1276 1338 1274 1337 1274 1335 1274 1334 1274 1332 1274 1292 1286 1290 1287 1244 1287 1235 1287 1204 1276 1203 1276 1201 1276 1200 1276 1160 1287 1158 1287 1157 1287 1109 1279 1107 1279 1035 1287 1012 1279 1011 1279 910 1279 908 1279 907 1279 905 1279 887 1290 884 1290 820 1280 819 1280 764 1292 758 1292 752 1292 679 1283 678 1283 636 1292 638 1326"/></Shape>
	    <String CONTENT="tem genibus id faciunt qui, propter peccatorum"
                    HPOS="636"
                    VPOS="1271"
                    WIDTH="1052"
                    HEIGHT="80"
                    WC="0.999153735844985"></String>
          </TextLine>

          
          
          <TextLine ID="eSc_line_5c48a384"
                    TAGREFS="LT4318"
                    BASELINE="638 1384 1685 1372" 
                    HPOS="636"
                    VPOS="1328"
                    WIDTH="1049"
                    HEIGHT="77">
            <Shape><Polygon POINTS="638 1384 638 1402 1020 1405 1021 1405 1023 1405 1024 1405 1024 1403 1027 1400 1032 1397 1064 1400 1093 1403 1094 1403 1201 1400 1421 1393 1515 1399 1525 1399 1527 1399 1528 1399 1530 1399 1554 1392 1682 1397 1685 1372 1682 1338 1481 1328 1479 1328 1478 1328 1457 1338 1454 1339 1450 1338 1409 1329 1408 1329 1406 1329 1405 1329 1405 1331 1395 1339 1392 1342 1335 1342 1328 1339 1292 1329 1290 1329 1289 1329 1287 1329 1264 1339 1256 1344 1146 1344 1140 1341 1128 1332 1127 1332 1125 1332 1036 1332 1035 1332 1005 1334 1003 1334 1002 1334 1002 1335 994 1341 989 1347 941 1347 933 1341 917 1334 916 1334 914 1334 913 1334 895 1342 883 1347 870 1342 852 1335 850 1335 849 1335 847 1335 829 1342 817 1348 703 1348 694 1342 687 1337 685 1337 684 1337 682 1337 636 1342 638 1384"/></Shape>
	    <String CONTENT="ſuorum ſenſum deiecti coram Deo humiliantur"
                    HPOS="636"
                    VPOS="1328"
                    WIDTH="1049"
                    HEIGHT="77"
                    WC="0.975416724071946"></String>
          </TextLine>

          
          
          <TextLine ID="eSc_line_32186712"
                    TAGREFS="LT4318"
                    BASELINE="638 1445 1689 1432" 
                    HPOS="636"
                    VPOS="1387"
                    WIDTH="1053"
                    HEIGHT="82">
            <Shape><Polygon POINTS="638 1445 638 1469 986 1464 987 1464 993 1461 1006 1455 1042 1461 1058 1463 1060 1463 1075 1460 1106 1454 1342 1454 1630 1455 1631 1455 1688 1447 1689 1432 1686 1396 1466 1387 1464 1387 1406 1397 1405 1399 1308 1399 1307 1399 1276 1390 1274 1390 1273 1390 1271 1390 1249 1399 1249 1400 1176 1400 1174 1400 1165 1392 1164 1392 1163 1392 1105 1392 1103 1392 1003 1402 984 1403 960 1402 852 1396 850 1396 849 1396 820 1403 815 1405 810 1403 779 1396 777 1396 776 1396 774 1396 755 1405 751 1406 736 1405 693 1399 691 1399 636 1405 638 1445"/></Shape>
	    <String CONTENT="&amp; proſternuntur. Quidam etiam proſtrati ora¬"
                    HPOS="636"
                    VPOS="1387"
                    WIDTH="1053"
                    HEIGHT="82"
                    WC="0.990178360180421"></String>
          </TextLine>

          
          
          <TextLine ID="eSc_line_d97f248d"
                    TAGREFS="LT4318"
                    BASELINE="639 1503 1689 1491" 
                    HPOS="638"
                    VPOS="1448"
                    WIDTH="1051"
                    HEIGHT="76">
            <Shape><Polygon POINTS="639 1503 639 1519 1030 1524 1032 1524 1096 1519 1146 1515 1152 1518 1158 1522 1160 1522 1161 1522 1163 1522 1164 1522 1177 1518 1192 1515 1209 1518 1222 1521 1224 1521 1264 1518 1348 1512 1372 1518 1378 1519 1380 1519 1381 1519 1392 1518 1433 1511 1494 1516 1496 1516 1631 1509 1686 1516 1689 1491 1686 1457 1618 1448 1616 1448 1561 1457 1554 1457 1543 1457 1458 1450 1457 1450 1456 1450 1454 1450 1447 1457 1445 1457 1439 1457 1360 1451 1359 1451 1314 1457 1293 1460 1277 1457 1249 1453 1247 1453 1133 1458 1023 1463 997 1458 983 1455 981 1455 904 1458 734 1466 638 1460 639 1503"/></Shape>
	    <String CONTENT="runt, vt Elias 1.Reg.18.Nec in eo ſynodorum de¬"
                    HPOS="638"
                    VPOS="1448"
                    WIDTH="1051"
                    HEIGHT="76"></String>
          </TextLine>

          
          
          <TextLine ID="eSc_line_1d957844"
                    TAGREFS="LT4318"
                    BASELINE="638 1561 1688 1546" 
                    HPOS="636"
                    VPOS="1502"
                    WIDTH="1052"
                    HEIGHT="84">
            <Shape><Polygon POINTS="638 1561 638 1576 844 1586 846 1586 847 1586 867 1577 898 1585 899 1585 901 1585 1055 1583 1057 1583 1058 1583 1078 1571 1099 1582 1100 1582 1102 1582 1186 1570 1188 1570 1191 1570 1264 1580 1265 1580 1316 1569 1347 1577 1348 1577 1350 1577 1351 1577 1371 1567 1372 1567 1392 1574 1393 1574 1395 1574 1475 1566 1484 1566 1491 1566 1579 1576 1580 1576 1688 1563 1688 1546 1685 1511 1621 1502 1619 1502 1534 1512 1525 1512 1521 1512 1488 1503 1487 1503 1485 1503 1484 1503 1458 1512 1454 1513 1444 1512 1384 1505 1383 1505 1338 1513 1329 1515 1320 1513 1273 1506 1271 1506 1270 1506 1253 1515 1249 1516 1234 1515 1176 1508 1174 1508 1173 1508 1171 1508 1160 1516 1155 1519 1003 1519 1000 1518 993 1511 991 1511 990 1511 950 1511 948 1511 883 1519 865 1521 852 1519 816 1513 815 1513 777 1519 762 1524 709 1524 701 1521 688 1515 687 1515 685 1515 636 1521 638 1561"/></Shape>
	    <String CONTENT="creta magni eſſe momenti ad ſtabiliendam pie¬"
                    HPOS="636"
                    VPOS="1502"
                    WIDTH="1052"
                    HEIGHT="84"
                    WC="0.989520131217109"></String>
          </TextLine>

          
          
          <TextLine ID="eSc_line_acc8d84c"
                    TAGREFS="LT4318"
                    BASELINE="641 1618 1688 1609" 
                    HPOS="639"
                    VPOS="1567"
                    WIDTH="1049"
                    HEIGHT="76">
            <Shape><Polygon POINTS="641 1618 642 1643 661 1635 884 1640 987 1641 989 1641 1044 1637 1116 1632 1186 1635 1249 1638 1250 1638 1276 1634 1296 1631 1313 1634 1337 1638 1338 1638 1340 1638 1353 1634 1363 1629 1420 1632 1503 1637 1505 1637 1686 1628 1688 1609 1685 1571 1548 1567 1546 1567 1545 1567 1543 1567 1536 1571 1527 1577 1447 1577 1420 1573 1399 1569 1398 1569 1396 1569 1386 1573 1374 1579 1176 1579 1113 1574 1078 1571 1076 1571 1075 1571 1073 1571 1070 1574 1061 1580 923 1574 858 1573 856 1573 855 1573 853 1573 850 1576 843 1583 795 1583 639 1577 641 1618"/></Shape>
	    <String CONTENT="tatem exiſtimemus, ſed morem potius regionis,"
                    HPOS="639"
                    VPOS="1567"
                    WIDTH="1049"
                    HEIGHT="76"
                    WC="0.993580804930793"></String>
          </TextLine>

          
          
          <TextLine ID="eSc_line_f8641208"
                    TAGREFS="LT4318"
                    BASELINE="641 1677 1692 1665" 
                    HPOS="639"
                    VPOS="1624"
                    WIDTH="1053"
                    HEIGHT="78">
            <Shape><Polygon POINTS="641 1677 641 1695 749 1702 751 1702 807 1695 831 1692 852 1695 901 1701 902 1701 935 1693 947 1692 969 1693 1026 1699 1027 1699 1029 1699 1030 1699 1038 1693 1045 1689 1122 1689 1130 1693 1137 1698 1139 1698 1140 1698 1142 1698 1174 1692 1191 1690 1210 1692 1244 1696 1246 1696 1247 1696 1249 1696 1253 1692 1259 1687 1277 1692 1286 1693 1287 1693 1289 1693 1290 1693 1292 1692 1301 1686 1690 1689 1692 1665 1688 1634 1521 1634 1518 1634 1503 1627 1502 1627 1500 1627 1470 1634 1466 1634 1461 1634 1430 1624 1429 1624 1427 1624 1371 1634 1354 1635 1311 1634 1198 1627 1197 1627 1195 1627 1174 1634 1157 1640 991 1640 963 1634 941 1629 939 1629 917 1634 874 1641 864 1634 864 1632 862 1632 861 1632 800 1631 798 1631 797 1631 792 1634 777 1641 742 1634 734 1632 733 1632 731 1632 727 1634 691 1643 639 1634 641 1677"/></Shape>
	    <String CONTENT="in qua ſumus, ſequamur, modò ne ſit in eo more"
                    HPOS="639"
                    VPOS="1624"
                    WIDTH="1053"
                    HEIGHT="78"
                    WC="0.983823598699367"></String>
          </TextLine>

          
          
          <TextLine ID="eSc_line_3d8165fc"
                    TAGREFS="LT4318"
                    BASELINE="642 1738 1689 1725" 
                    HPOS="641"
                    VPOS="1679"
                    WIDTH="1048"
                    HEIGHT="83">
            <Shape><Polygon POINTS="642 1738 642 1753 871 1762 873 1762 874 1762 902 1751 908 1750 925 1751 989 1760 990 1760 991 1760 1021 1751 1032 1748 1047 1751 1091 1759 1093 1759 1262 1750 1325 1756 1326 1756 1328 1756 1348 1748 1363 1744 1381 1748 1399 1753 1400 1753 1402 1753 1430 1748 1461 1743 1686 1745 1689 1725 1686 1690 1592 1679 1591 1679 1589 1679 1588 1679 1569 1690 1567 1692 1525 1692 1525 1690 1515 1682 1514 1682 1512 1682 1511 1682 1453 1690 1409 1682 1408 1682 1344 1692 1329 1695 1279 1695 1274 1692 1255 1683 1253 1683 1252 1683 1250 1683 1216 1692 1206 1695 1186 1692 1127 1685 1125 1685 1124 1685 1099 1693 1090 1696 1079 1693 1058 1686 1057 1686 1055 1686 1054 1686 1033 1693 1032 1693 1024 1693 939 1687 938 1687 936 1687 935 1687 928 1693 922 1699 871 1699 861 1695 849 1689 847 1689 846 1689 789 1695 734 1701 703 1695 676 1690 675 1690 641 1695 642 1738"/></Shape>
	    <String CONTENT="&amp; ritu aliqua idololatria apparens. De manibus"
                    HPOS="641"
                    VPOS="1679"
                    WIDTH="1048"
                    HEIGHT="83"
                    WC="0.974657462990802"></String>
          </TextLine>

          
          
          <TextLine ID="eSc_line_b52c2fbd"
                    TAGREFS="LT4318"
                    BASELINE="642 1798 1698 1781" 
                    HPOS="641"
                    VPOS="1737"
                    WIDTH="1057"
                    HEIGHT="78">
            <Shape><Polygon POINTS="642 1798 642 1815 1209 1815 1209 1814 1256 1809 1314 1804 1372 1808 1408 1811 1409 1811 1411 1811 1421 1808 1442 1802 1482 1808 1502 1809 1503 1809 1554 1806 1674 1799 1695 1805 1698 1781 1696 1747 1659 1737 1658 1737 1656 1737 1607 1748 1604 1748 1603 1748 1579 1738 1577 1738 1527 1738 1525 1738 1524 1738 1522 1738 1506 1750 1505 1750 1478 1740 1476 1740 1475 1740 1473 1740 1453 1750 1451 1751 1392 1751 1389 1751 1345 1741 1344 1741 1342 1741 1311 1753 1310 1753 1304 1753 1241 1747 1240 1747 1238 1747 1219 1754 1218 1756 1110 1756 1070 1756 1030 1745 1029 1745 1027 1745 1026 1745 1024 1745 1005 1757 880 1748 878 1748 877 1748 849 1759 776 1750 774 1750 641 1763 642 1798"/></Shape>
	    <String CONTENT="etiam quæſitum eſt, quo earum ſitu, &amp; geſtu ſit"
                    HPOS="641"
                    VPOS="1737"
                    WIDTH="1057"
                    HEIGHT="78"
                    WC="0.987649232783216"></String>
          </TextLine>

          
          
          <TextLine ID="eSc_line_a755fbdb"
                    TAGREFS="LT4318"
                    BASELINE="645 1856 1699 1839" 
                    HPOS="643"
                    VPOS="1792"
                    WIDTH="1056"
                    HEIGHT="87">
            <Shape><Polygon POINTS="645 1856 645 1870 731 1879 733 1879 734 1879 736 1879 736 1878 745 1870 746 1870 923 1876 925 1876 993 1867 1121 1873 1122 1873 1124 1873 1140 1864 1142 1864 1149 1864 1218 1872 1219 1872 1264 1864 1313 1870 1314 1870 1698 1857 1699 1839 1696 1805 1601 1792 1600 1792 1598 1792 1583 1799 1545 1793 1543 1793 1542 1793 1506 1806 1503 1806 1499 1806 1426 1796 1424 1796 1423 1796 1421 1796 1408 1806 1405 1809 1384 1809 1383 1808 1369 1796 1368 1796 1366 1796 1331 1796 1329 1796 1293 1798 1292 1798 1290 1798 1276 1808 1274 1809 1264 1808 1189 1799 1188 1799 1186 1799 1185 1799 1170 1809 1168 1811 1122 1812 1105 1809 1044 1801 1042 1801 1041 1801 1008 1811 997 1814 980 1811 928 1804 926 1804 925 1804 923 1804 910 1812 908 1812 907 1812 880 1805 878 1805 877 1805 844 1812 825 1818 800 1818 794 1814 785 1805 783 1805 782 1805 780 1805 728 1814 700 1818 643 1815 645 1856"/></Shape>
	    <String CONTENT="orandum. Reſp. Alii iunctis, alii ſupinis, alii ſub¬"
                    HPOS="643"
                    VPOS="1792"
                    WIDTH="1056"
                    HEIGHT="87"
                    WC="0.99431595320885"></String>
          </TextLine>

          
          
          <TextLine ID="eSc_line_69fa1828"
                    TAGREFS="LT4318"
                    BASELINE="645 1915 1698 1900" 
                    HPOS="643"
                    VPOS="1853"
                    WIDTH="1055"
                    HEIGHT="84">
            <Shape><Polygon POINTS="645 1915 645 1937 751 1928 996 1933 1047 1933 1048 1933 1049 1933 1055 1931 1087 1924 1228 1928 1268 1930 1270 1930 1380 1928 1381 1928 1389 1927 1411 1920 1421 1925 1421 1927 1423 1927 1424 1927 1426 1927 1436 1925 1485 1918 1524 1924 1533 1925 1534 1925 1545 1924 1579 1918 1696 1921 1698 1900 1696 1864 1665 1853 1664 1853 1595 1853 1594 1853 1509 1854 1508 1854 1484 1866 1484 1867 1457 1867 1400 1867 1384 1856 1383 1856 1381 1856 1380 1856 1273 1869 1265 1870 1195 1870 1195 1869 1171 1859 1170 1859 1168 1859 1167 1859 1127 1870 1124 1870 1116 1870 1008 1862 1006 1862 1005 1862 1003 1862 991 1872 990 1873 959 1873 941 1872 861 1864 859 1864 771 1873 748 1876 739 1875 713 1867 712 1867 710 1867 709 1867 688 1875 684 1876 681 1875 655 1866 654 1866 652 1866 651 1866 649 1866 643 1870 645 1915"/></Shape>
	    <String CONTENT="latis orarunt, vt docet Clemens Alexandr.lib.7."
                    HPOS="643"
                    VPOS="1853"
                    WIDTH="1055"
                    HEIGHT="84"></String>
          </TextLine>

          
          
          <TextLine ID="eSc_line_278d80b3"
                    TAGREFS="LT4318"
                    BASELINE="646 1975 1696 1957" 
                    HPOS="645"
                    VPOS="1912"
                    WIDTH="1051"
                    HEIGHT="77">
            <Shape><Polygon POINTS="646 1975 646 1989 1258 1989 1258 1988 1378 1978 1396 1985 1398 1985 1399 1985 1560 1975 1597 1982 1598 1982 1600 1982 1619 1972 1696 1970 1696 1957 1695 1920 1676 1912 1674 1912 1673 1912 1621 1920 1612 1921 1609 1920 1592 1914 1591 1914 1589 1914 1588 1914 1586 1914 1576 1921 1570 1924 1515 1924 1488 1921 1433 1915 1432 1915 1430 1915 1417 1922 1409 1925 1329 1922 1253 1921 1252 1921 1250 1921 1240 1924 1226 1928 1203 1924 1170 1920 1168 1920 1167 1920 1165 1920 1158 1925 1148 1930 1079 1925 1017 1922 1015 1922 1014 1922 1005 1927 993 1933 901 1928 852 1925 850 1925 849 1925 840 1928 817 1936 759 1930 734 1927 733 1927 731 1927 730 1927 727 1930 716 1937 697 1930 693 1928 691 1928 690 1928 645 1930 646 1975"/></Shape>
	    <String CONTENT="Stroma. Itaque totum hoc genus obſeruationũ"
                    HPOS="645"
                    VPOS="1912"
                    WIDTH="1051"
                    HEIGHT="77"
                    WC="0.997037726369771"></String>
          </TextLine>

          
          
          <TextLine ID="eSc_line_e1623b0c"
                    TAGREFS="LT4318"
                    BASELINE="648 2037 1124 2024 1696 2018" 
                    HPOS="646"
                    VPOS="1970"
                    WIDTH="1050"
                    HEIGHT="83">
            <Shape><Polygon POINTS="648 2037 648 2053 913 2053 913 2052 938 2049 984 2043 999 2047 1005 2050 1006 2050 1008 2050 1029 2047 1073 2041 1240 2044 1304 2046 1305 2046 1319 2044 1356 2037 1372 2043 1375 2044 1377 2044 1378 2044 1574 2041 1576 2041 1580 2040 1610 2033 1695 2038 1696 2018 1692 1982 1630 1982 1628 1982 1595 1970 1594 1970 1592 1970 1591 1970 1589 1970 1572 1983 1567 1983 1502 1972 1500 1972 1499 1972 1457 1985 1454 1985 1447 1985 1331 1975 1329 1975 1284 1976 1283 1976 1259 1988 1258 1988 1250 1988 1173 1980 1171 1980 1170 1980 1136 1989 1130 1991 1128 1989 1116 1979 1115 1979 1113 1979 1072 1979 1070 1979 1069 1979 1067 1979 1067 1980 1055 1991 1052 1992 1044 1991 984 1980 983 1980 981 1980 954 1992 950 1994 944 1992 907 1982 905 1982 904 1982 902 1982 901 1982 887 1994 883 1997 789 1997 780 1995 752 1986 751 1986 749 1986 748 1986 746 1986 733 1995 727 2000 694 2000 688 1997 666 1986 664 1986 663 1986 661 1986 660 1986 646 1994 648 2037"/></Shape>
	    <String CONTENT="&amp; cæremoniarum liberum eſt. Et quod ait hoc"
                    HPOS="646"
                    VPOS="1970"
                    WIDTH="1050"
                    HEIGHT="83"
                    WC="0.987682253815407"></String>
          </TextLine>

          
          
          <TextLine ID="eSc_line_dd367ccd"
                    TAGREFS="LT4318"
                    BASELINE="646 2092 1713 2076" 
                    HPOS="645"
                    VPOS="2030"
                    WIDTH="1068"
                    HEIGHT="83">
            <Shape><Polygon POINTS="646 2092 646 2111 718 2113 719 2113 721 2113 728 2111 755 2104 823 2110 831 2110 832 2110 834 2110 835 2110 835 2108 843 2102 899 2108 926 2111 928 2111 929 2111 931 2111 933 2108 945 2101 993 2108 1002 2108 1003 2108 1005 2108 1008 2107 1035 2099 1067 2107 1078 2108 1079 2108 1122 2105 1229 2099 1290 2104 1314 2105 1316 2105 1317 2105 1322 2104 1338 2095 1403 2102 1420 2104 1421 2104 1423 2104 1430 2102 1463 2094 1506 2101 1516 2102 1518 2102 1534 2101 1616 2091 1711 2098 1713 2076 1710 2041 1622 2030 1621 2030 1619 2030 1618 2030 1618 2031 1606 2041 1600 2041 1509 2034 1508 2034 1506 2034 1505 2034 1494 2041 1491 2044 1424 2044 1395 2043 1308 2036 1307 2036 1305 2036 1304 2036 1295 2043 1290 2046 1273 2043 1235 2037 1234 2037 1192 2043 1174 2046 1142 2044 1067 2038 1066 2038 1064 2038 1063 2038 1057 2044 1049 2049 1015 2044 977 2040 975 2040 974 2040 959 2044 938 2053 896 2053 881 2046 874 2041 873 2041 871 2041 870 2041 859 2046 840 2053 820 2046 813 2043 812 2043 810 2043 789 2046 736 2055 645 2047 646 2092"/></Shape>
	    <String CONTENT="loco Paulus, Attollentes manus, metonymicò"
                    HPOS="645"
                    VPOS="2030"
                    WIDTH="1068"
                    HEIGHT="83"
                    WC="0.988418619300044"></String>
          </TextLine>

          
          
          <TextLine ID="eSc_line_1e42c7a8"
                    TAGREFS="LT4318"
                    BASELINE="648 2150 1695 2132" 
                    HPOS="646"
                    VPOS="2088"
                    WIDTH="1049"
                    HEIGHT="98">
            <Shape><Polygon POINTS="648 2150 648 2183 768 2174 815 2180 853 2186 855 2186 901 2178 920 2175 932 2177 968 2184 969 2184 1012 2175 1020 2174 1021 2175 1033 2183 1035 2183 1036 2183 1038 2183 1146 2174 1167 2181 1168 2181 1170 2181 1234 2169 1258 2165 1271 2168 1304 2177 1305 2177 1307 2177 1348 2168 1403 2177 1405 2177 1447 2175 1448 2175 1472 2163 1473 2162 1475 2162 1508 2175 1509 2175 1511 2175 1512 2175 1552 2160 1554 2160 1577 2168 1579 2168 1580 2168 1695 2156 1695 2132 1690 2098 1600 2098 1574 2088 1573 2088 1572 2088 1503 2099 1499 2099 1494 2099 1439 2094 1438 2094 1436 2094 1417 2101 1415 2101 1414 2101 1400 2092 1399 2092 1398 2092 1396 2092 1395 2092 1393 2092 1378 2101 1377 2101 1347 2091 1345 2091 1344 2091 1342 2091 1341 2091 1326 2101 1325 2102 1317 2101 1279 2095 1277 2095 1276 2095 1259 2102 1258 2102 1235 2102 1030 2096 1029 2096 1027 2096 1003 2105 993 2108 968 2105 908 2098 907 2098 905 2098 886 2107 884 2107 878 2107 831 2099 829 2099 828 2099 826 2099 817 2107 812 2113 745 2113 739 2108 731 2102 730 2102 728 2102 727 2102 646 2108 648 2150"/></Shape>
	    <String CONTENT="dictum eſt. Nam ſignum pro re ſignata poſitum"
                    HPOS="646"
                    VPOS="2088"
                    WIDTH="1049"
                    HEIGHT="98"
                    WC="0.985719736417135"></String>
          </TextLine>

          
        </TextBlock>
        
        <TextBlock HPOS="1595.4295654296875"
                   VPOS="2159.793212890625"
                   WIDTH="115.6326904296875"
                   HEIGHT="55.597412109375"
                   ID="block_3"
                   TAGREFS="BT10978">
          <Shape><Polygon POINTS="1595.43 2159.79 1711.06 2159.79 1711.06 2215.39 1595.43 2215.39 1595.43 2159.79"/></Shape>
          
          
          <TextLine ID="eSc_line_12b2e53b"
                    TAGREFS="LT4318"
                    BASELINE="1606 2193 1695 2196" 
                    HPOS="1604"
                    VPOS="2147"
                    WIDTH="91"
                    HEIGHT="91">
            <Shape><Polygon POINTS="1606 2193 1604 2232 1692 2238 1695 2196 1695 2157 1652 2147 1650 2147 1606 2152 1606 2193"/></Shape>
	    <String CONTENT="eſt,"
                    HPOS="1604"
                    VPOS="2147"
                    WIDTH="91"
                    HEIGHT="91"
                    WC="0.973784819245338"></String>
          </TextLine>

          
        </TextBlock>
        

        
      </PrintSpace>
    </Page>
  </Layout>
</alto>
