<?xml version="1.0" encoding="UTF-8"?>
<alto xmlns:xsi="http://www.w3.org/2001/XMLSchema-instance"
      xmlns="http://www.loc.gov/standards/alto/ns-v4#"
      xsi:schemaLocation="http://www.loc.gov/standards/alto/ns-v4# http://www.loc.gov/standards/alto/v4/alto-4-2.xsd">
  <Description>
    <MeasurementUnit>pixel</MeasurementUnit>
    <sourceImageInformation>
      <fileName>2012970.png</fileName>
      
    </sourceImageInformation>
  </Description>
  
  <Tags>
    <OtherTag ID="BT10983" LABEL="GraphicZone" DESCRIPTION="block type GraphicZone"/><OtherTag ID="BT10982" LABEL="DropCapitalZone" DESCRIPTION="block type DropCapitalZone"/><OtherTag ID="BT10981" LABEL="RunningTitleZone" DESCRIPTION="block type RunningTitleZone"/><OtherTag ID="BT10980" LABEL="NumberingZone" DESCRIPTION="block type NumberingZone"/><OtherTag ID="BT10979" LABEL="TitlePageZone" DESCRIPTION="block type TitlePageZone"/><OtherTag ID="BT10978" LABEL="QuireMarksZone" DESCRIPTION="block type QuireMarksZone"/><OtherTag ID="BT10977" LABEL="MainZone" DESCRIPTION="block type MainZone"/><OtherTag ID="BT10976" LABEL="MarginTextZone" DESCRIPTION="block type MarginTextZone"/>
    <OtherTag ID="LT4321" LABEL="default" DESCRIPTION="line type default"/><OtherTag ID="LT4319" LABEL="HeadingLine" DESCRIPTION="line type HeadingLine"/><OtherTag ID="LT4318" LABEL="DefaultLine" DESCRIPTION="line type DefaultLine"/><OtherTag ID="LT4320" LABEL="CustomLine : BiblicalText" DESCRIPTION="line type CustomLine : BiblicalText"/>
  </Tags>
  
  <Layout>
    <Page WIDTH="1807"
          HEIGHT="2677"
          PHYSICAL_IMG_NR="17"
          ID="eSc_dummypage_">
      <PrintSpace HPOS="0"
                  VPOS="0"
                  WIDTH="1807"
                  HEIGHT="2677">
        
        <TextBlock HPOS="657.3245239257812"
                   VPOS="143.27310180664062"
                   WIDTH="78.22479248046875"
                   HEIGHT="55.22108459472656"
                   ID="block_1"
                   TAGREFS="BT10980">
          <Shape><Polygon POINTS="657.325 143.273 735.549 143.273 735.549 198.494 657.325 198.494 657.325 143.273"/></Shape>
          
          
          <TextLine ID="eSc_line_4f2bb074"
                    TAGREFS="LT4318"
                    BASELINE="676 185 730 181" 
                    HPOS="670"
                    VPOS="130"
                    WIDTH="60"
                    HEIGHT="75">
            <Shape><Polygon POINTS="715 130 700 130 685 130 670 130 676 185 679 205 730 188 730 181 724 130 715 130"/></Shape>
	    <String CONTENT="58"
                    HPOS="670"
                    VPOS="130"
                    WIDTH="60"
                    HEIGHT="75"
                    WC="0.999097853899002"></String>
          </TextLine>

          
        </TextBlock>
        
        <TextBlock HPOS="848.4136352539062"
                   VPOS="135.64117431640625"
                   WIDTH="705.8037719726562"
                   HEIGHT="65.86405944824219"
                   ID="block_2"
                   TAGREFS="BT10981">
          <Shape><Polygon POINTS="848.414 135.641 1554.22 135.641 1554.22 201.505 848.414 201.505 848.414 135.641"/></Shape>
          
          
          <TextLine ID="eSc_line_213a5e2d"
                    TAGREFS="LT4319"
                    BASELINE="853 184 1546 184" 
                    HPOS="853"
                    VPOS="133"
                    WIDTH="693"
                    HEIGHT="75">
            <Shape><Polygon POINTS="1479 147 1472 141 1461 133 1460 133 1458 133 1378 133 1377 133 1375 133 1348 141 1328 148 1210 148 1198 141 1182 133 1180 133 1066 133 1064 133 1063 133 1041 141 1021 148 950 148 926 141 902 133 901 133 899 133 853 139 853 184 853 196 908 196 911 196 925 205 926 205 928 205 929 205 931 205 932 205 942 197 945 196 983 196 984 197 993 205 993 206 994 206 996 206 997 208 1021 208 1021 206 1023 206 1024 206 1024 205 1032 199 1035 196 1054 199 1097 205 1099 205 1146 200 1191 196 1212 202 1229 206 1231 206 1232 206 1234 206 1246 202 1261 196 1268 202 1273 206 1274 206 1276 206 1277 206 1305 203 1328 200 1458 205 1494 206 1496 206 1497 206 1499 206 1508 199 1545 206 1546 184 1545 150 1537 142"/></Shape>
	    <String CONTENT="AD I. PAVL. AD TIM."
                    HPOS="853"
                    VPOS="133"
                    WIDTH="693"
                    HEIGHT="75"
                    WC="0.996409623246444"></String>
          </TextLine>

          
        </TextBlock>
        
        <TextBlock HPOS="635.8619995117188"
                   VPOS="216.21385192871094"
                   WIDTH="1078.1737670898438"
                   HEIGHT="1942.705337524414"
                   ID="block_0"
                   TAGREFS="BT10977">
          <Shape><Polygon POINTS="635.862 216.214 1714.04 216.214 1714.04 2158.92 635.862 2158.92 635.862 216.214"/></Shape>
          
          
          <TextLine ID="eSc_line_d4fb526f"
                    TAGREFS="LT4318"
                    BASELINE="655 252 1710 258" 
                    HPOS="654"
                    VPOS="200"
                    WIDTH="1056"
                    HEIGHT="84">
            <Shape><Polygon POINTS="1680 218 1677 218 1677 217 1665 215 1650 212 1637 209 1610 217 1607 217 1604 217 1554 209 1552 209 1551 209 1522 217 1519 217 1518 217 1493 205 1491 205 1445 205 1444 205 1442 205 1441 205 1429 215 1387 203 1386 203 1280 203 1279 203 1277 203 1276 203 1262 214 1182 202 1180 202 1179 202 1177 202 1163 214 1161 215 1082 215 1079 214 1067 205 1066 205 1064 205 1063 205 1061 205 1044 212 1041 215 922 215 916 212 899 203 898 203 896 203 895 203 893 203 881 212 880 212 873 212 826 205 825 205 768 211 754 212 751 211 739 200 737 200 736 200 734 200 655 209 655 252 654 267 716 279 718 279 774 272 786 279 788 279 789 279 791 281 935 281 935 279 936 279 968 272 986 281 987 281 989 281 1054 272 1072 281 1073 281 1075 281 1076 281 1102 272 1182 272 1212 282 1213 282 1215 282 1216 282 1252 273 1319 282 1320 282 1472 275 1487 284 1488 284 1490 284 1491 284 1493 284 1494 284 1503 276 1512 284 1514 284 1515 284 1516 284 1574 276 1616 284 1618 284 1619 284 1621 284 1632 275 1685 282 1686 282 1688 282 1708 273 1710 258 1708 223 1695 221"/></Shape>
	    <String CONTENT="Illîc enim intercedere nihil aliud ſignificat quàm"
                    HPOS="654"
                    VPOS="200"
                    WIDTH="1056"
                    HEIGHT="84"
                    WC="0.992260080117446"></String>
          </TextLine>

          
          
          <TextLine ID="eSc_line_f357a9dd"
                    TAGREFS="LT4318"
                    BASELINE="658 313 1708 319" 
                    HPOS="657"
                    VPOS="267"
                    WIDTH="1051"
                    HEIGHT="76">
            <Shape><Polygon POINTS="657 333 1215 342 1216 342 1423 336 1442 336 1450 342 1450 343 1451 343 1453 343 1454 343 1707 336 1708 319 1707 282 1320 272 1319 272 1317 272 1316 272 1311 276 1305 279 1273 275 1240 272 1238 272 1237 272 1225 275 1207 279 1186 275 1171 270 1170 270 1168 270 1085 273 939 278 904 270 895 269 893 269 859 270 694 276 660 267 658 313 657 333"/></Shape>
	    <String CONTENT="internuntium &amp; medium eſſe: non autem ipſam"
                    HPOS="657"
                    VPOS="267"
                    WIDTH="1051"
                    HEIGHT="76"
                    WC="0.987469433352005"></String>
          </TextLine>

          
          
          <TextLine ID="eSc_line_a3b77800"
                    TAGREFS="LT4318"
                    BASELINE="655 371 1316 374" 
                    HPOS="654"
                    VPOS="327"
                    WIDTH="662"
                    HEIGHT="74">
            <Shape><Polygon POINTS="655 371 654 397 715 398 716 398 718 398 719 398 721 397 731 389 739 397 740 398 742 398 743 398 745 400 815 400 815 398 816 398 825 395 846 388 871 394 892 400 893 400 895 400 896 400 910 394 926 388 984 388 1027 392 1106 401 1107 401 1109 401 1128 391 1130 391 1137 391 1212 398 1213 398 1215 398 1243 391 1253 398 1255 398 1256 398 1258 398 1314 388 1316 374 1314 340 1234 340 1231 337 1221 330 1219 330 1218 330 1216 330 1171 337 1157 339 1151 336 1136 330 1134 330 1133 330 1087 334 1052 339 1045 334 1039 330 1038 330 1036 330 1035 330 950 333 783 337 764 328 762 328 655 327 655 371"/></Shape>
	    <String CONTENT="Dei gratiam nobis promereri."
                    HPOS="654"
                    VPOS="327"
                    WIDTH="662"
                    HEIGHT="74"
                    WC="0.999655632036073"></String>
          </TextLine>

          
          
          <TextLine ID="eSc_line_80d5327c"
                    TAGREFS="LT4318"
                    BASELINE="721 431 1705 434" 
                    HPOS="719"
                    VPOS="379"
                    WIDTH="986"
                    HEIGHT="77">
            <Shape><Polygon POINTS="721 431 719 444 771 455 773 455 810 447 870 455 871 455 873 455 893 447 947 455 948 455 950 455 978 447 980 447 981 447 1039 455 1041 455 1042 455 1058 447 1060 447 1064 447 1110 455 1112 455 1229 449 1243 449 1244 449 1265 456 1267 456 1268 456 1270 456 1289 449 1292 449 1295 449 1319 456 1320 456 1322 456 1704 452 1705 434 1704 380 1625 380 1624 380 1622 380 1621 380 1601 395 1557 380 1555 380 1554 380 1552 380 1551 380 1540 389 1497 380 1493 380 1491 380 1490 380 1488 380 1432 395 1325 382 1323 382 1322 382 1320 382 1319 382 1305 392 1267 385 1265 385 1264 385 1262 385 1249 395 1201 383 1200 383 1198 383 1197 383 1157 394 1143 382 1140 380 1140 379 1139 379 1137 379 1136 379 1134 379 1125 382 1099 394 1008 394 993 383 991 382 990 382 989 382 987 382 986 382 983 383 969 389 916 383 911 383 910 383 908 383 889 394 865 383 853 379 852 379 850 379 826 383 780 394 721 385 721 431"/></Shape>
	    <String CONTENT="Tertia, Obiicitur, locus Galat.3.v,2o.Reſpo."
                    HPOS="719"
                    VPOS="379"
                    WIDTH="986"
                    HEIGHT="77"></String>
          </TextLine>

          
          
          <TextLine ID="eSc_line_4418073f"
                    TAGREFS="LT4318"
                    BASELINE="654 489 1707 495" 
                    HPOS="652"
                    VPOS="438"
                    WIDTH="1055"
                    HEIGHT="82">
            <Shape><Polygon POINTS="654 489 652 504 707 516 709 516 710 516 745 507 779 516 780 516 782 516 899 507 925 517 926 517 928 517 987 508 1179 508 1255 519 1256 519 1537 511 1585 520 1586 520 1705 510 1707 495 1707 456 1674 449 1673 449 1671 449 1631 456 1625 456 1621 456 1589 446 1588 446 1586 446 1585 446 1569 455 1564 458 1505 458 1499 453 1487 446 1485 446 1484 446 1482 446 1481 446 1464 453 1461 455 1331 455 1323 450 1316 444 1314 444 1313 444 1311 444 1310 444 1308 444 1301 450 1293 455 1282 449 1274 446 1273 446 1271 446 1270 446 1262 449 1249 455 1224 449 1201 443 1200 443 1198 443 1168 447 1139 452 1124 446 1110 441 1109 441 1107 441 1084 446 1051 452 1042 444 1038 441 1036 441 1035 441 997 441 996 441 994 441 993 441 990 444 983 452 932 453 913 443 910 440 908 440 907 440 752 440 751 440 749 440 728 447 654 438 654 489"/></Shape>
	    <String CONTENT="Eſt ſophiſtica obiectio. Negatur quidem inter¬"
                    HPOS="652"
                    VPOS="438"
                    WIDTH="1055"
                    HEIGHT="82"
                    WC="0.993559841228568"></String>
          </TextLine>

          
          
          <TextLine ID="eSc_line_aff0539f"
                    TAGREFS="LT4318"
                    BASELINE="654 547 1705 553" 
                    HPOS="652"
                    VPOS="502"
                    WIDTH="1053"
                    HEIGHT="73">
            <Shape><Polygon POINTS="654 547 652 568 1702 575 1705 553 1702 513 1580 519 1561 511 1552 508 1551 508 1549 508 1548 508 1546 508 1543 511 1533 520 1444 520 1350 511 1329 510 1328 510 1305 511 1216 517 1168 510 1121 504 1119 504 1075 510 1036 516 1026 510 1014 504 1012 504 1011 504 932 510 926 510 919 504 919 502 917 502 916 502 841 502 840 502 838 502 822 510 812 514 798 510 777 502 776 502 774 502 654 508 654 547"/></Shape>
	    <String CONTENT="nuntius &amp; mediator eſſe vnius tantùm, non autẽ"
                    HPOS="652"
                    VPOS="502"
                    WIDTH="1053"
                    HEIGHT="73"
                    WC="0.993918656061093"></String>
          </TextLine>

          
          
          <TextLine ID="eSc_line_6769030b"
                    TAGREFS="LT4318"
                    BASELINE="652 605 1054 609" 
                    HPOS="651"
                    VPOS="562"
                    WIDTH="403"
                    HEIGHT="67">
            <Shape><Polygon POINTS="652 605 651 629 1052 624 1054 609 1052 575 944 575 938 572 910 562 908 562 907 562 652 566 652 605"/></Shape>
	    <String CONTENT="negatur eſſe vnus."
                    HPOS="651"
                    VPOS="562"
                    WIDTH="403"
                    HEIGHT="67"
                    WC="0.972416010167864"></String>
          </TextLine>

          
          
          <TextLine ID="eSc_line_f3181898"
                    TAGREFS="LT4318"
                    BASELINE="715 666 1705 669" 
                    HPOS="713"
                    VPOS="617"
                    WIDTH="992"
                    HEIGHT="77">
            <Shape><Polygon POINTS="715 666 713 681 754 693 755 693 757 694 800 694 800 693 801 693 803 693 813 684 861 693 862 693 864 693 899 684 968 693 969 693 1049 684 1076 693 1078 693 1079 693 1133 684 1134 684 1183 693 1185 693 1329 685 1357 694 1359 694 1360 694 1415 685 1433 694 1435 694 1436 694 1484 685 1503 694 1505 694 1506 694 1508 694 1525 685 1702 685 1705 669 1704 633 1625 618 1624 618 1622 618 1570 632 1537 618 1536 618 1534 618 1444 632 1438 632 1432 632 1371 620 1369 620 1368 620 1344 632 1342 632 1337 632 1289 623 1287 623 1286 623 1265 630 1262 632 1261 630 1247 620 1246 620 1244 620 1198 617 1197 617 1088 624 1039 617 1038 617 1036 617 1006 630 1003 632 951 632 948 629 925 617 923 617 922 617 920 617 919 617 904 629 901 632 864 632 847 629 743 617 742 617 740 617 715 627 715 666"/></Shape>
	    <String CONTENT="Quarta, Angeli &amp; Sancti vita functi, ſunt no¬"
                    HPOS="713"
                    VPOS="617"
                    WIDTH="992"
                    HEIGHT="77"
                    WC="0.980854754315482"></String>
          </TextLine>

          
          
          <TextLine ID="eSc_line_e6785aa0"
                    TAGREFS="LT4318"
                    BASELINE="654 721 1708 728" 
                    HPOS="654"
                    VPOS="676"
                    WIDTH="1054"
                    HEIGHT="69">
            <Shape><Polygon POINTS="654 721 654 745 1707 745 1708 728 1707 690 1622 694 1595 688 1574 682 1573 682 1572 682 1548 687 1505 696 1436 685 1402 681 1400 681 1399 681 1398 681 1393 685 1381 696 1335 696 1322 684 1319 681 1317 681 1316 681 1264 681 1262 681 1261 681 1259 681 1258 684 1250 690 1235 682 1226 679 1225 679 1142 679 1140 679 1139 679 1133 682 1107 693 1054 693 1039 682 1038 682 1036 682 1035 682 972 691 920 679 913 678 911 678 910 678 905 679 865 691 654 676 654 721"/></Shape>
	    <String CONTENT="ſtri coram Deo interceſſores. Nam ſine mediato¬"
                    HPOS="654"
                    VPOS="676"
                    WIDTH="1054"
                    HEIGHT="69"
                    WC="0.994269669055939"></String>
          </TextLine>

          
          
          <TextLine ID="eSc_line_824feec4"
                    TAGREFS="LT4318"
                    BASELINE="651 782 1704 785" 
                    HPOS="649"
                    VPOS="742"
                    WIDTH="1055"
                    HEIGHT="62">
            <Shape><Polygon POINTS="651 782 649 803 1701 804 1704 785 1702 755 1552 755 1545 752 1511 743 1509 743 1508 743 1506 743 1488 752 1484 754 1478 752 1460 745 1458 745 1457 745 1456 745 1454 745 1447 751 1444 755 1351 755 1344 749 1335 743 1334 743 1332 743 1253 743 1252 743 1216 748 1177 754 1168 748 1160 742 1158 742 1157 742 1155 742 1154 742 1137 748 1121 754 1030 754 1014 746 1008 743 1006 743 1005 743 1003 743 1002 743 999 745 987 752 966 745 960 743 959 743 957 743 956 743 951 745 935 751 896 745 880 742 878 742 877 742 875 742 873 743 858 754 768 754 651 742 651 782"/></Shape>
	    <String CONTENT="re non poſſumus accedere ad Deum, vti nec re¬"
                    HPOS="649"
                    VPOS="742"
                    WIDTH="1055"
                    HEIGHT="62"
                    WC="0.980781608157688"></String>
          </TextLine>

          
          
          <TextLine ID="eSc_line_af7d69a1"
                    TAGREFS="LT4318"
                    BASELINE="652 840 1707 844" 
                    HPOS="652"
                    VPOS="798"
                    WIDTH="1055"
                    HEIGHT="72">
            <Shape><Polygon POINTS="652 840 652 865 823 858 834 865 835 867 837 867 838 867 840 868 962 868 962 867 963 867 972 864 993 858 1039 864 1076 868 1078 868 1212 862 1296 859 1319 862 1372 870 1374 870 1411 861 1417 861 1426 861 1490 870 1491 870 1530 861 1531 861 1533 861 1563 870 1564 870 1566 870 1655 861 1674 870 1676 870 1677 870 1679 870 1705 859 1707 844 1707 813 1689 801 1688 801 1686 801 1685 801 1594 814 1518 814 1460 801 1458 801 1457 801 1456 801 1442 813 1384 813 1356 813 1326 800 1325 800 1323 800 1322 800 1298 812 1243 803 1241 803 1240 803 1238 803 1228 810 1198 800 1197 800 1158 800 1157 800 1155 800 1154 800 1140 812 1118 804 1116 804 1115 804 1113 804 1099 812 1088 812 840 804 838 804 837 804 819 810 797 798 795 798 736 798 734 798 733 798 731 798 716 807 681 798 679 798 678 798 676 798 652 809 652 840"/></Shape>
	    <String CONTENT="gem ſine purpurato, qui nos intromittat, adi¬"
                    HPOS="652"
                    VPOS="798"
                    WIDTH="1055"
                    HEIGHT="72"
                    WC="0.995593268341488"></String>
          </TextLine>

          
          
          <TextLine ID="eSc_line_f36d1a4b"
                    TAGREFS="LT4318"
                    BASELINE="649 898 1705 904" 
                    HPOS="649"
                    VPOS="855"
                    WIDTH="1056"
                    HEIGHT="74">
            <Shape><Polygon POINTS="649 898 649 920 822 916 853 920 880 925 881 925 883 925 895 920 910 916 1029 920 1206 928 1207 928 1273 920 1287 919 1293 920 1316 928 1317 928 1319 928 1320 928 1340 920 1342 919 1344 920 1350 926 1351 926 1353 926 1563 929 1564 929 1704 919 1705 904 1704 871 1662 871 1661 870 1644 859 1643 859 1641 859 1564 859 1563 859 1561 859 1560 859 1549 868 1548 870 1543 868 1509 859 1508 859 1506 859 1505 859 1503 859 1493 868 1490 871 1442 871 1436 867 1414 858 1412 858 1411 858 1293 865 1292 865 1290 865 1249 858 1247 858 1246 858 1244 858 1234 865 1226 868 1164 868 1160 864 1151 856 1149 856 1148 856 1146 856 1145 856 1130 864 1124 868 1069 868 1061 864 1054 858 1052 858 1051 858 1049 858 1048 858 1047 858 1041 862 1035 868 947 868 936 862 929 856 928 856 926 856 925 856 923 856 911 862 901 865 884 861 856 855 780 855 779 855 777 855 768 859 758 865 727 859 700 855 699 855 649 858 649 898"/></Shape>
	    <String CONTENT="mus. Reſp. Præter verbum Dei &amp; Angeli &amp; ſan¬"
                    HPOS="649"
                    VPOS="855"
                    WIDTH="1056"
                    HEIGHT="74"
                    WC="0.991016163067384"></String>
          </TextLine>

          
          
          <TextLine ID="eSc_line_7f5fd81c"
                    TAGREFS="LT4318"
                    BASELINE="649 956 1702 963" 
                    HPOS="648"
                    VPOS="913"
                    WIDTH="1054"
                    HEIGHT="74">
            <Shape><Polygon POINTS="649 956 648 969 700 978 701 978 803 972 813 980 815 980 816 980 817 980 819 980 843 972 1029 981 1030 981 1093 975 1125 983 1127 983 1128 983 1231 977 1282 984 1283 984 1515 978 1533 986 1534 986 1536 987 1643 987 1643 986 1701 977 1702 963 1699 923 1638 929 1592 922 1573 919 1572 919 1570 919 1563 922 1542 929 1514 920 1506 919 1505 919 1503 919 1502 919 1500 919 1499 920 1490 929 1457 929 1392 920 1366 917 1365 917 1344 919 1280 928 1189 919 1161 916 1160 916 1158 916 1157 916 1155 917 1143 926 1109 917 1107 917 1106 917 1105 917 1103 917 1102 917 1070 926 957 916 929 914 928 914 926 914 925 914 925 916 923 916 913 926 889 926 859 916 850 913 849 913 782 913 780 913 779 913 774 914 757 923 649 914 649 956"/></Shape>
	    <String CONTENT="cti noſtri mediatores inducuntur. Nam de Ange¬"
                    HPOS="648"
                    VPOS="913"
                    WIDTH="1054"
                    HEIGHT="74"
                    WC="0.97796978769095"></String>
          </TextLine>

          
          
          <TextLine ID="eSc_line_6edb937b"
                    TAGREFS="LT4318"
                    BASELINE="648 1014 1698 1020" 
                    HPOS="646"
                    VPOS="971"
                    WIDTH="1052"
                    HEIGHT="73">
            <Shape><Polygon POINTS="648 1014 646 1033 1436 1044 1438 1044 1696 1036 1698 1020 1696 987 1586 975 1585 975 1583 975 1558 984 1557 984 1516 975 1515 975 1457 983 1435 986 1377 984 1375 981 1366 974 1365 974 1363 974 1362 974 1360 974 1338 981 1329 986 1200 986 1188 980 1173 972 1171 972 1170 972 1168 972 1157 978 1149 983 1122 978 1085 972 1084 972 1082 972 1081 972 1075 978 1067 984 933 984 920 975 913 971 911 971 910 971 908 971 887 975 861 981 841 974 832 971 831 971 829 971 804 974 749 981 719 972 712 971 710 971 709 971 648 971 648 1014"/></Shape>
	    <String CONTENT="lis nominatim vetat Paulus ne colantur. Coloſſ.2."
                    HPOS="646"
                    VPOS="971"
                    WIDTH="1052"
                    HEIGHT="73"
                    WC="0.996775297486052"></String>
          </TextLine>

          
          
          <TextLine ID="eSc_line_09a28174"
                    TAGREFS="LT4318"
                    BASELINE="649 1075 1701 1078" 
                    HPOS="648"
                    VPOS="1029"
                    WIDTH="1053"
                    HEIGHT="77">
            <Shape><Polygon POINTS="649 1075 648 1090 748 1100 749 1100 751 1100 752 1100 762 1093 974 1093 994 1103 996 1103 997 1103 1225 1094 1241 1105 1243 1105 1244 1105 1246 1105 1247 1105 1264 1097 1284 1105 1286 1105 1287 1106 1484 1106 1484 1105 1485 1105 1512 1096 1595 1105 1597 1105 1598 1105 1600 1105 1618 1094 1699 1094 1701 1078 1701 1041 1688 1032 1686 1032 1685 1032 1647 1032 1646 1032 1644 1032 1643 1032 1631 1042 1624 1042 1494 1042 1488 1039 1461 1032 1460 1032 1458 1032 1369 1038 1325 1041 1317 1038 1307 1032 1305 1032 1304 1032 1302 1032 1287 1036 1276 1042 1204 1042 1189 1035 1176 1030 1174 1030 1173 1030 1171 1030 1154 1035 1137 1039 1118 1035 1100 1030 1099 1030 1097 1030 1079 1033 1055 1039 1048 1033 1044 1030 1042 1030 1041 1030 962 1030 960 1030 959 1030 954 1032 939 1039 923 1032 919 1030 917 1030 916 1030 907 1032 871 1039 856 1030 855 1030 853 1030 852 1030 843 1030 783 1038 737 1030 736 1030 734 1030 707 1039 697 1030 696 1030 694 1030 649 1029 649 1075"/></Shape>
	    <String CONTENT="De ſanctis vita iã defunctis ratio prohibet, quòd"
                    HPOS="648"
                    VPOS="1029"
                    WIDTH="1053"
                    HEIGHT="77"
                    WC="0.992733313756831"></String>
          </TextLine>

          
          
          <TextLine ID="eSc_line_8dbcbeff"
                    TAGREFS="LT4318"
                    BASELINE="649 1133 1719 1140" 
                    HPOS="648"
                    VPOS="1087"
                    WIDTH="1071"
                    HEIGHT="78">
            <Shape><Polygon POINTS="649 1133 648 1146 721 1161 722 1161 826 1149 862 1158 864 1158 865 1158 910 1151 1078 1164 1079 1164 1148 1157 1167 1164 1168 1164 1170 1165 1279 1165 1279 1164 1280 1164 1282 1164 1296 1154 1350 1165 1351 1165 1409 1157 1469 1164 1470 1164 1472 1164 1473 1164 1490 1154 1585 1163 1586 1163 1717 1154 1719 1140 1719 1105 1689 1093 1688 1093 1601 1093 1600 1093 1598 1093 1563 1103 1560 1103 1557 1103 1533 1093 1531 1093 1530 1093 1528 1093 1499 1102 1496 1102 1405 1094 1403 1094 1369 1100 1365 1102 1363 1100 1353 1093 1353 1091 1351 1091 1350 1091 1348 1091 1286 1100 1279 1100 933 1100 928 1096 908 1088 907 1088 905 1088 840 1096 820 1097 815 1096 792 1087 791 1087 789 1087 751 1094 743 1096 742 1094 731 1087 730 1087 728 1087 727 1087 649 1093 649 1133"/></Shape>
	    <String CONTENT="&amp; ipſi mediatore egent: neque fuerunt ſancti &amp;"
                    HPOS="648"
                    VPOS="1087"
                    WIDTH="1071"
                    HEIGHT="78"
                    WC="0.990618250940157"></String>
          </TextLine>

          
          
          <TextLine ID="eSc_line_7f804701"
                    TAGREFS="LT4318"
                    BASELINE="649 1192 1707 1198" 
                    HPOS="648"
                    VPOS="1148"
                    WIDTH="1059"
                    HEIGHT="75">
            <Shape><Polygon POINTS="649 1192 648 1212 737 1219 739 1219 740 1219 754 1213 759 1210 913 1210 925 1213 954 1221 956 1221 957 1221 1002 1213 1005 1213 1008 1213 1088 1221 1090 1221 1091 1221 1093 1221 1103 1213 1106 1212 1113 1213 1146 1221 1148 1221 1149 1221 1151 1221 1163 1213 1165 1212 1171 1213 1204 1222 1206 1222 1207 1222 1402 1213 1423 1213 1424 1213 1442 1223 1444 1223 1445 1223 1511 1215 1561 1223 1563 1223 1705 1213 1707 1198 1705 1160 1493 1152 1491 1152 1461 1158 1453 1161 1253 1161 1249 1158 1231 1151 1229 1151 1228 1151 1226 1151 1225 1151 1216 1158 1213 1161 1179 1161 1157 1158 1091 1151 1090 1151 1088 1151 1087 1151 1079 1158 1078 1160 981 1160 980 1158 971 1149 969 1149 968 1149 966 1149 892 1157 868 1148 867 1148 865 1148 709 1157 701 1157 700 1157 666 1148 664 1148 663 1148 661 1148 660 1148 649 1154 649 1192"/></Shape>
	    <String CONTENT="impolluti. noſter autem aduocatus apud Deum"
                    HPOS="648"
                    VPOS="1148"
                    WIDTH="1059"
                    HEIGHT="75"></String>
          </TextLine>

          
          
          <TextLine ID="eSc_line_fcafced1"
                    TAGREFS="LT4318"
                    BASELINE="652 1249 1588 1253" 
                    HPOS="652"
                    VPOS="1206"
                    WIDTH="936"
                    HEIGHT="70">
            <Shape><Polygon POINTS="652 1249 652 1268 1264 1268 1270 1268 1320 1276 1322 1276 1586 1268 1588 1253 1586 1221 1525 1209 1524 1209 1432 1219 1420 1219 1310 1219 1307 1218 1277 1207 1276 1207 1274 1207 1273 1207 1247 1216 1244 1219 1131 1219 1125 1216 1109 1207 1107 1207 1106 1207 1105 1207 1087 1215 1081 1219 966 1219 959 1215 948 1206 947 1206 945 1206 944 1206 910 1213 898 1216 892 1213 878 1206 877 1206 875 1206 834 1213 812 1218 730 1218 722 1212 713 1206 712 1206 710 1206 709 1206 707 1206 706 1206 706 1207 700 1212 697 1215 693 1212 687 1206 685 1206 684 1206 682 1206 652 1210 652 1249"/></Shape>
	    <String CONTENT="debeat eſſe δίκαιος vt docet 1. Ioan.2. verſ.2."
                    HPOS="652"
                    VPOS="1206"
                    WIDTH="936"
                    HEIGHT="70"></String>
          </TextLine>

          
          
          <TextLine ID="eSc_line_92029e3b"
                    TAGREFS="LT4318"
                    BASELINE="709 1310 1702 1313" 
                    HPOS="707"
                    VPOS="1261"
                    WIDTH="995"
                    HEIGHT="77">
            <Shape><Polygon POINTS="709 1310 707 1325 749 1337 751 1337 752 1337 841 1328 862 1337 864 1337 865 1337 1262 1329 1305 1338 1307 1338 1351 1331 1423 1338 1424 1338 1426 1338 1458 1329 1476 1338 1478 1338 1479 1338 1481 1338 1508 1329 1551 1338 1552 1338 1701 1328 1702 1313 1702 1276 1665 1265 1664 1265 1662 1265 1612 1274 1607 1274 1606 1274 1591 1264 1589 1264 1588 1264 1485 1264 1484 1264 1482 1264 1481 1264 1470 1271 1464 1276 1341 1276 1319 1270 1293 1264 1292 1264 1253 1268 1206 1274 1194 1267 1183 1262 1182 1262 1180 1262 1179 1262 1160 1267 1136 1273 1039 1265 999 1262 997 1262 996 1262 994 1262 993 1264 981 1273 971 1265 969 1265 968 1265 966 1265 965 1265 935 1273 917 1264 914 1262 913 1262 911 1262 910 1262 908 1262 908 1264 892 1274 862 1274 829 1262 828 1262 826 1262 825 1262 773 1273 761 1264 761 1262 759 1262 758 1262 709 1261 709 1310"/></Shape>
	    <String CONTENT="Quod enim affertur de mediatore alio inter¬"
                    HPOS="707"
                    VPOS="1261"
                    WIDTH="995"
                    HEIGHT="77"
                    WC="0.990126328412877"></String>
          </TextLine>

          
          
          <TextLine ID="eSc_line_b6b73ca5"
                    TAGREFS="LT4318"
                    BASELINE="649 1368 1701 1372" 
                    HPOS="648"
                    VPOS="1323"
                    WIDTH="1053"
                    HEIGHT="73">
            <Shape><Polygon POINTS="649 1368 648 1383 697 1393 699 1393 700 1393 733 1386 887 1393 889 1393 890 1393 892 1393 904 1386 1000 1395 1002 1395 1342 1387 1351 1395 1353 1395 1354 1395 1356 1395 1649 1389 1670 1396 1671 1396 1673 1396 1674 1396 1699 1387 1701 1372 1698 1328 1572 1335 1558 1328 1557 1326 1555 1326 1554 1326 1552 1326 1551 1326 1545 1328 1524 1334 1503 1328 1497 1326 1496 1326 1494 1326 1479 1328 1430 1335 1409 1328 1402 1326 1400 1326 1399 1326 1398 1326 1396 1326 1393 1328 1383 1335 1268 1335 1261 1329 1256 1325 1255 1325 1253 1325 1195 1325 1194 1325 1192 1325 1182 1329 1173 1334 1134 1329 1102 1326 1100 1326 1079 1329 1057 1334 1045 1329 1032 1325 1030 1325 1029 1325 1002 1331 990 1332 987 1331 977 1323 975 1323 974 1323 972 1323 919 1331 914 1331 902 1323 901 1323 899 1323 815 1323 813 1323 812 1323 810 1323 801 1331 798 1334 764 1334 761 1331 745 1323 743 1323 678 1323 676 1323 675 1323 649 1331 649 1368"/></Shape>
	    <String CONTENT="ceſsionis &amp; ſalutis, conuellitur vel ex hoc ipſo"
                    HPOS="648"
                    VPOS="1323"
                    WIDTH="1053"
                    HEIGHT="73"
                    WC="0.976823943356673"></String>
          </TextLine>

          
          
          <TextLine ID="eSc_line_a5f38c0b"
                    TAGREFS="LT4318"
                    BASELINE="649 1427 1699 1432" 
                    HPOS="648"
                    VPOS="1380"
                    WIDTH="1051"
                    HEIGHT="78">
            <Shape><Polygon POINTS="649 1427 648 1444 703 1455 704 1457 817 1457 817 1455 819 1455 852 1447 855 1447 856 1447 874 1455 875 1455 877 1455 923 1448 935 1447 950 1448 999 1457 1000 1457 1075 1451 1103 1448 1119 1451 1143 1455 1145 1455 1146 1455 1157 1451 1164 1448 1170 1451 1179 1457 1180 1457 1182 1457 1183 1457 1232 1453 1283 1448 1298 1454 1308 1457 1310 1457 1311 1458 1311 1457 1313 1457 1322 1454 1338 1448 1386 1455 1415 1458 1417 1458 1418 1458 1426 1455 1441 1450 1696 1458 1699 1432 1698 1396 1664 1396 1662 1395 1649 1384 1647 1384 1646 1384 1644 1384 1572 1393 1557 1395 1503 1392 1398 1387 1396 1387 1375 1390 1350 1395 1337 1390 1317 1383 1316 1383 1314 1383 1238 1389 1170 1393 1154 1387 1143 1383 1142 1383 1140 1383 1121 1386 1090 1393 1052 1386 1038 1383 1036 1383 1023 1384 990 1392 938 1384 920 1381 919 1381 917 1381 913 1383 896 1393 812 1393 792 1381 791 1381 789 1381 788 1381 782 1381 710 1389 649 1380 649 1427"/></Shape>
	    <String CONTENT="Pauli loco, vbi agitur de precibus &amp; interceſſio¬"
                    HPOS="648"
                    VPOS="1380"
                    WIDTH="1051"
                    HEIGHT="78"
                    WC="0.981738223105061"></String>
          </TextLine>

          
          
          <TextLine ID="eSc_line_24cd48a8"
                    TAGREFS="LT4318"
                    BASELINE="646 1485 1476 1490" 
                    HPOS="645"
                    VPOS="1441"
                    WIDTH="831"
                    HEIGHT="74">
            <Shape><Polygon POINTS="646 1485 645 1503 664 1512 666 1512 667 1512 669 1512 701 1505 797 1512 798 1512 800 1512 817 1505 819 1505 841 1512 843 1512 844 1512 1027 1508 1106 1506 1139 1509 1180 1513 1182 1513 1183 1513 1191 1511 1200 1506 1218 1511 1237 1515 1238 1515 1240 1515 1262 1511 1282 1508 1473 1513 1476 1490 1475 1455 1390 1444 1389 1444 1261 1453 1250 1444 1249 1444 1247 1444 1213 1444 1212 1444 1168 1453 1131 1442 1130 1442 1128 1442 1127 1442 1093 1451 1038 1444 1036 1444 1035 1444 1018 1453 1015 1454 941 1454 939 1453 925 1441 923 1441 922 1441 920 1441 646 1450 646 1485"/></Shape>
	    <String CONTENT="ne. Item Hebr.7.verſ.15, &amp; 9.verſ. 24."
                    HPOS="645"
                    VPOS="1441"
                    WIDTH="831"
                    HEIGHT="74"></String>
          </TextLine>

          
          
          <TextLine ID="eSc_line_230d9372"
                    TAGREFS="LT4318"
                    BASELINE="706 1546 1702 1546" 
                    HPOS="706"
                    VPOS="1502"
                    WIDTH="996"
                    HEIGHT="62">
            <Shape><Polygon POINTS="706 1546 706 1564 1702 1564 1702 1546 1702 1513 1671 1502 1670 1502 1668 1502 1470 1506 1469 1506 1467 1506 1457 1513 1456 1515 1369 1515 1366 1513 1350 1505 1348 1505 1347 1505 1345 1505 1344 1505 1335 1513 1334 1515 1289 1515 1286 1512 1271 1503 1270 1503 1268 1503 1267 1503 1265 1503 1264 1503 1253 1512 1250 1515 1179 1515 1171 1512 1136 1502 1134 1502 1055 1502 1054 1502 1052 1502 1051 1502 1039 1512 1035 1515 987 1515 984 1511 974 1503 974 1502 972 1502 971 1502 969 1502 929 1511 899 1502 898 1502 896 1502 847 1511 846 1511 834 1502 832 1502 831 1502 774 1502 773 1502 771 1502 770 1502 759 1511 757 1513 751 1511 740 1505 739 1505 737 1505 706 1509 706 1546"/></Shape>
	    <String CONTENT="Addit Paulus Chriſtum hominem eſſe. Pri¬"
                    HPOS="706"
                    VPOS="1502"
                    WIDTH="996"
                    HEIGHT="62"
                    WC="0.994903548061848"></String>
          </TextLine>

          
          
          <TextLine ID="eSc_line_1eff6aa2"
                    TAGREFS="LT4318"
                    BASELINE="646 1604 1701 1607" 
                    HPOS="646"
                    VPOS="1557"
                    WIDTH="1055"
                    HEIGHT="68">
            <Shape><Polygon POINTS="1699 1564 1612 1558 1610 1558 1609 1558 1607 1558 1600 1563 1588 1571 1493 1571 1451 1563 1424 1558 1423 1558 1421 1558 1420 1558 1414 1563 1402 1571 1284 1571 1273 1563 1268 1558 1267 1558 1265 1558 1164 1557 1163 1557 1137 1563 1107 1569 1057 1561 1018 1557 1017 1557 1015 1557 1014 1557 1008 1561 997 1569 873 1561 813 1558 812 1558 792 1561 751 1569 730 1561 719 1557 718 1557 716 1557 696 1561 669 1567 648 1561 646 1604 646 1625 1699 1622 1701 1607 1699 1564"/></Shape>
	    <String CONTENT="mùm quòd ea ratione Chriſtus mediator noſter"
                    HPOS="646"
                    VPOS="1557"
                    WIDTH="1055"
                    HEIGHT="68"
                    WC="0.983538522668507"></String>
          </TextLine>

          
          
          <TextLine ID="eSc_line_58f0bded"
                    TAGREFS="LT4318"
                    BASELINE="649 1661 1702 1664" 
                    HPOS="648"
                    VPOS="1616"
                    WIDTH="1054"
                    HEIGHT="74">
            <Shape><Polygon POINTS="649 1661 648 1676 727 1687 728 1687 933 1680 990 1687 991 1687 1265 1682 1276 1689 1277 1689 1279 1689 1280 1690 1360 1690 1360 1689 1362 1689 1399 1680 1448 1689 1450 1689 1451 1689 1473 1680 1701 1680 1702 1664 1701 1631 1570 1631 1563 1628 1521 1619 1519 1619 1518 1619 1516 1619 1506 1628 1503 1629 1494 1628 1464 1619 1463 1619 1461 1619 1460 1619 1458 1619 1450 1627 1445 1631 1381 1631 1377 1625 1369 1621 1369 1619 1368 1619 1366 1619 1298 1619 1296 1619 1295 1619 1277 1624 1259 1629 1238 1624 1222 1619 1221 1619 1219 1619 1218 1619 1203 1624 1180 1629 1148 1622 1122 1618 1121 1618 1119 1618 1105 1622 1084 1628 1072 1622 1064 1618 1063 1618 1061 1618 1039 1621 994 1628 944 1619 929 1618 928 1618 926 1618 922 1619 907 1628 783 1628 751 1618 749 1618 748 1618 746 1618 722 1624 649 1616 649 1661"/></Shape>
	    <String CONTENT="eſt, quatenus homo pro nobis factus eſt. Deus e¬"
                    HPOS="648"
                    VPOS="1616"
                    WIDTH="1054"
                    HEIGHT="74"
                    WC="0.989953149110079"></String>
          </TextLine>

          
          
          <TextLine ID="eSc_line_d8548c49"
                    TAGREFS="LT4318"
                    BASELINE="646 1725 1699 1725" 
                    HPOS="646"
                    VPOS="1677"
                    WIDTH="1053"
                    HEIGHT="70">
            <Shape><Polygon POINTS="646 1719 646 1725 646 1741 1698 1747 1699 1725 1699 1685 1612 1677 1610 1677 1609 1677 1607 1677 1598 1685 1591 1692 1551 1692 1518 1685 1472 1677 1470 1677 1469 1677 1467 1677 1456 1686 1450 1690 1432 1686 1415 1682 1414 1682 1412 1682 1411 1682 1409 1682 1403 1686 1396 1692 1322 1692 1314 1687 1298 1677 1296 1677 1295 1677 1247 1677 1246 1677 1244 1677 1243 1677 1243 1679 1232 1687 1229 1690 1192 1690 1186 1687 1170 1677 1168 1677 1167 1677 1165 1677 1164 1677 1163 1677 1149 1687 1145 1692 1079 1692 1075 1689 1054 1679 1052 1679 980 1677 978 1677 977 1677 942 1689 939 1690 936 1689 917 1680 916 1680 874 1677 873 1677 871 1677 843 1687 815 1677 813 1677 812 1677 740 1690 728 1682 728 1680 727 1680 725 1680 678 1677 676 1677 675 1677 654 1687 646 1719"/></Shape>
	    <String CONTENT="nim manens pati &amp; implere illa, quæ ſunt nobis"
                    HPOS="646"
                    VPOS="1677"
                    WIDTH="1053"
                    HEIGHT="70"
                    WC="0.988953142062477"></String>
          </TextLine>

          
          
          <TextLine ID="eSc_line_c390cf11"
                    TAGREFS="LT4318"
                    BASELINE="649 1781 1701 1781" 
                    HPOS="649"
                    VPOS="1737"
                    WIDTH="1052"
                    HEIGHT="67">
            <Shape><Polygon POINTS="649 1781 649 1804 1701 1796 1701 1781 1701 1750 1618 1737 1616 1737 1615 1737 1613 1737 1594 1748 1371 1737 1369 1737 1368 1737 1338 1750 1116 1750 1090 1737 1088 1737 1005 1737 1003 1737 1002 1737 1000 1737 983 1750 868 1750 822 1737 820 1737 667 1737 666 1737 664 1737 663 1737 649 1745 649 1781"/></Shape>
	    <String CONTENT="ad ſalutem neceſſaria, non potuit. Deinde ne im¬"
                    HPOS="649"
                    VPOS="1737"
                    WIDTH="1052"
                    HEIGHT="67"
                    WC="0.987558928628763"></String>
          </TextLine>

          
          
          <TextLine ID="eSc_line_154b059f"
                    TAGREFS="LT4318"
                    BASELINE="645 1842 1696 1842" 
                    HPOS="645"
                    VPOS="1793"
                    WIDTH="1051"
                    HEIGHT="71">
            <Shape><Polygon POINTS="645 1842 645 1857 1097 1857 1103 1860 1107 1864 1109 1864 1110 1864 1112 1864 1203 1862 1302 1857 1313 1862 1316 1864 1317 1864 1319 1864 1320 1864 1344 1862 1390 1857 1537 1864 1564 1864 1566 1864 1574 1864 1646 1857 1695 1864 1696 1842 1696 1805 1643 1805 1613 1793 1612 1793 1610 1793 1609 1793 1589 1804 1447 1793 1445 1793 1444 1793 1442 1793 1424 1805 1345 1805 1334 1795 1332 1795 1331 1795 1279 1793 1277 1793 1276 1793 1274 1793 1259 1805 1197 1805 1158 1793 1157 1793 1155 1793 997 1804 987 1795 986 1795 984 1795 914 1793 913 1793 911 1793 873 1804 826 1793 825 1793 823 1793 822 1793 809 1804 779 1793 777 1793 710 1793 709 1793 645 1804 645 1842"/></Shape>
	    <String CONTENT="menſus ille diuinæ maieſtatis fulgor &amp; ſplendor,"
                    HPOS="645"
                    VPOS="1793"
                    WIDTH="1051"
                    HEIGHT="71"
                    WC="0.991436645388603"></String>
          </TextLine>

          
          
          <TextLine ID="eSc_line_99781d52"
                    TAGREFS="LT4318"
                    BASELINE="648 1900 1702 1900" 
                    HPOS="648"
                    VPOS="1854"
                    WIDTH="1054"
                    HEIGHT="66">
            <Shape><Polygon POINTS="648 1900 648 1920 1702 1920 1702 1900 1702 1867 1622 1854 1621 1854 1528 1864 1511 1867 1279 1867 1268 1862 1265 1859 1264 1859 1262 1859 1261 1859 1259 1859 1249 1862 1231 1866 1215 1860 1204 1857 1203 1857 1201 1857 1200 1857 1189 1860 1173 1864 1148 1860 1118 1854 1018 1854 1017 1854 1015 1854 1008 1859 991 1867 963 1867 951 1857 948 1854 947 1854 945 1854 904 1854 902 1854 889 1857 846 1866 823 1856 820 1854 819 1854 817 1854 816 1854 815 1854 813 1856 797 1867 733 1867 713 1854 712 1854 710 1854 648 1854 648 1900"/></Shape>
	    <String CONTENT="ad quem nobis, qui ſumus terræ vermes &amp; ho¬"
                    HPOS="648"
                    VPOS="1854"
                    WIDTH="1054"
                    HEIGHT="66"
                    WC="0.980071834353514"></String>
          </TextLine>

          
          
          <TextLine ID="eSc_line_eff7c6c5"
                    TAGREFS="LT4318"
                    BASELINE="649 1958 1705 1955" 
                    HPOS="648"
                    VPOS="1911"
                    WIDTH="1057"
                    HEIGHT="65">
            <Shape><Polygon POINTS="649 1958 649 1972 1702 1976 1705 1955 1699 1911 1662 1922 1627 1911 1625 1911 1624 1911 1619 1911 1515 1924 1322 1924 1305 1914 1304 1914 1302 1914 1301 1914 1218 1922 1182 1912 1179 1911 1177 1911 1176 1911 1128 1912 1127 1912 1125 1912 1110 1925 1021 1925 1008 1914 1008 1912 1006 1912 1005 1912 1003 1912 1002 1912 1000 1912 984 1924 939 1912 938 1912 936 1912 883 1912 881 1912 880 1912 878 1912 862 1922 838 1912 837 1912 835 1912 834 1912 832 1912 831 1912 816 1924 648 1914 649 1958"/></Shape>
	    <String CONTENT="mines, accedendum eſt nos perterreat. Habe¬"
                    HPOS="648"
                    VPOS="1911"
                    WIDTH="1057"
                    HEIGHT="65"
                    WC="0.997862926749296"></String>
          </TextLine>

          
          
          <TextLine ID="eSc_line_068b2ef9"
                    TAGREFS="LT4318"
                    BASELINE="652 2021 1704 2013" 
                    HPOS="651"
                    VPOS="1964"
                    WIDTH="1053"
                    HEIGHT="73">
            <Shape><Polygon POINTS="652 2021 652 2037 1702 2037 1704 2013 1701 1979 1551 1979 1548 1978 1525 1969 1524 1969 1522 1969 1521 1969 1503 1976 1502 1978 1500 1976 1476 1964 1475 1964 1473 1964 1421 1976 1414 1978 1409 1976 1387 1966 1386 1966 1384 1966 1383 1966 1381 1966 1366 1976 1363 1978 1356 1976 1323 1966 1322 1966 1320 1966 1319 1966 1295 1975 1287 1978 1234 1978 1228 1975 1212 1966 1210 1966 1072 1966 1070 1966 1027 1973 971 1983 890 1983 826 1972 810 1969 809 1969 807 1969 801 1970 773 1983 728 1970 727 1970 725 1970 724 1970 722 1970 701 1980 651 1970 652 2021"/></Shape>
	    <String CONTENT="mus enim qui nobis facilẽ ad Deũ aditum præ¬"
                    HPOS="651"
                    VPOS="1964"
                    WIDTH="1053"
                    HEIGHT="73"
                    WC="0.972652814958406"></String>
          </TextLine>

          
          
          <TextLine ID="eSc_line_4a225a7b"
                    TAGREFS="LT4318"
                    BASELINE="651 2077 1705 2074" 
                    HPOS="649"
                    VPOS="2027"
                    WIDTH="1056"
                    HEIGHT="68">
            <Shape><Polygon POINTS="651 2077 651 2095 1705 2089 1705 2074 1702 2037 1625 2027 1624 2027 1622 2027 1603 2036 1600 2037 1583 2036 1521 2028 1519 2028 1518 2028 1500 2036 1496 2037 1491 2036 1479 2027 1478 2027 1476 2027 1393 2027 1392 2027 1390 2027 1389 2027 1377 2034 1371 2038 1331 2038 1316 2034 1290 2027 1289 2027 1287 2027 1286 2027 1284 2027 1276 2034 1268 2038 1235 2038 1216 2033 1189 2027 1188 2027 1186 2027 1185 2027 1185 2028 1179 2033 1173 2040 908 2040 895 2031 892 2028 890 2028 889 2028 771 2028 770 2028 768 2028 767 2028 765 2030 755 2037 731 2031 730 2031 728 2031 727 2031 700 2038 649 2030 651 2077"/></Shape>
	    <String CONTENT="beat, Chriſtum nempe, qui noſtris infirmitatibus"
                    HPOS="649"
                    VPOS="2027"
                    WIDTH="1056"
                    HEIGHT="68"
                    WC="0.990711722522974"></String>
          </TextLine>

          
          
          <TextLine ID="eSc_line_fe366b87"
                    TAGREFS="LT4318"
                    BASELINE="657 2137 1707 2132" 
                    HPOS="655"
                    VPOS="2094"
                    WIDTH="1052"
                    HEIGHT="84">
            <Shape><Polygon POINTS="657 2137 657 2168 701 2163 709 2168 718 2177 719 2177 721 2177 722 2178 893 2178 893 2177 945 2168 972 2163 983 2168 1003 2177 1005 2177 1006 2177 1093 2175 1094 2175 1096 2175 1106 2168 1115 2162 1163 2162 1171 2166 1188 2175 1189 2175 1191 2175 1192 2175 1210 2166 1221 2162 1325 2162 1337 2166 1353 2174 1354 2174 1356 2174 1357 2174 1378 2166 1396 2160 1444 2160 1451 2166 1460 2174 1461 2174 1463 2174 1464 2174 1466 2174 1494 2166 1516 2160 1546 2166 1586 2174 1588 2175 1621 2175 1621 2174 1622 2174 1624 2174 1637 2166 1646 2160 1704 2165 1707 2132 1704 2094 655 2094 657 2137"/></Shape>
	    <String CONTENT="compatitur, &amp; qui, quia noſtram naturam aſſum¬"
                    HPOS="655"
                    VPOS="2094"
                    WIDTH="1052"
                    HEIGHT="84"
                    WC="0.993488072053246"></String>
          </TextLine>

          
        </TextBlock>
        
        <TextBlock HPOS="1609.1131591796875"
                   VPOS="2161.360595703125"
                   WIDTH="98.689697265625"
                   HEIGHT="59.361328125"
                   ID="block_3"
                   TAGREFS="BT10978">
          <Shape><Polygon POINTS="1609.11 2161.36 1707.8 2161.36 1707.8 2220.72 1609.11 2220.72 1609.11 2161.36"/></Shape>
          
          
          <TextLine ID="eSc_line_7bfb1484"
                    TAGREFS="LT4318"
                    BASELINE="1615 2195 1708 2195" 
                    HPOS="1615"
                    VPOS="2144"
                    WIDTH="93"
                    HEIGHT="91">
            <Shape><Polygon POINTS="1615 2195 1615 2235 1708 2226 1708 2195 1708 2154 1652 2144 1650 2144 1649 2144 1647 2144 1647 2146 1635 2156 1635 2157 1615 2157 1615 2195"/></Shape>
	    <String CONTENT="pſit"
                    HPOS="1615"
                    VPOS="2144"
                    WIDTH="93"
                    HEIGHT="91"
                    WC="0.973365858197212"></String>
          </TextLine>

          
        </TextBlock>
        

        
      </PrintSpace>
    </Page>
  </Layout>
</alto>
