<?xml version="1.0" encoding="UTF-8"?>
<alto xmlns:xsi="http://www.w3.org/2001/XMLSchema-instance"
      xmlns="http://www.loc.gov/standards/alto/ns-v4#"
      xsi:schemaLocation="http://www.loc.gov/standards/alto/ns-v4# http://www.loc.gov/standards/alto/v4/alto-4-2.xsd">
  <Description>
    <MeasurementUnit>pixel</MeasurementUnit>
    <sourceImageInformation>
      <fileName>2012973.png</fileName>
      
    </sourceImageInformation>
  </Description>
  
  <Tags>
    <OtherTag ID="BT10983" LABEL="GraphicZone" DESCRIPTION="block type GraphicZone"/><OtherTag ID="BT10982" LABEL="DropCapitalZone" DESCRIPTION="block type DropCapitalZone"/><OtherTag ID="BT10981" LABEL="RunningTitleZone" DESCRIPTION="block type RunningTitleZone"/><OtherTag ID="BT10980" LABEL="NumberingZone" DESCRIPTION="block type NumberingZone"/><OtherTag ID="BT10979" LABEL="TitlePageZone" DESCRIPTION="block type TitlePageZone"/><OtherTag ID="BT10978" LABEL="QuireMarksZone" DESCRIPTION="block type QuireMarksZone"/><OtherTag ID="BT10977" LABEL="MainZone" DESCRIPTION="block type MainZone"/><OtherTag ID="BT10976" LABEL="MarginTextZone" DESCRIPTION="block type MarginTextZone"/>
    <OtherTag ID="LT4321" LABEL="default" DESCRIPTION="line type default"/><OtherTag ID="LT4319" LABEL="HeadingLine" DESCRIPTION="line type HeadingLine"/><OtherTag ID="LT4318" LABEL="DefaultLine" DESCRIPTION="line type DefaultLine"/><OtherTag ID="LT4320" LABEL="CustomLine : BiblicalText" DESCRIPTION="line type CustomLine : BiblicalText"/>
  </Tags>
  
  <Layout>
    <Page WIDTH="1807"
          HEIGHT="2677"
          PHYSICAL_IMG_NR="20"
          ID="eSc_dummypage_">
      <PrintSpace HPOS="0"
                  VPOS="0"
                  WIDTH="1807"
                  HEIGHT="2677">
        
        <TextBlock HPOS="422.58612060546875"
                   VPOS="188.13897705078125"
                   WIDTH="340.3021240234375"
                   HEIGHT="60.955780029296875"
                   ID="block_2"
                   TAGREFS="BT10981">
          <Shape><Polygon POINTS="422.586 188.139 762.888 188.139 762.888 249.095 422.586 249.095 422.586 188.139"/></Shape>
          
          
          <TextLine ID="eSc_line_820625b4"
                    TAGREFS="LT4319"
                    BASELINE="425 229 759 232" 
                    HPOS="423"
                    VPOS="184"
                    WIDTH="336"
                    HEIGHT="73">
            <Shape><Polygon POINTS="684 188 661 191 642 194 636 191 630 187 618 187 603 187 588 185 571 188 559 190 553 188 545 185 544 185 529 185 526 185 522 187 505 193 486 185 481 184 469 184 455 184 440 184 425 185 425 229 423 252 562 255 563 255 565 255 566 255 574 251 578 248 585 251 608 257 609 257 611 257 612 257 614 257 614 255 621 249 623 248 758 248 759 232 758 196 706 188 693 188"/></Shape>
	    <String CONTENT="CAPVT II."
                    HPOS="423"
                    VPOS="184"
                    WIDTH="336"
                    HEIGHT="73"
                    WC="0.998984919653998"></String>
          </TextLine>

          
        </TextBlock>
        
        <TextBlock HPOS="1072.677001953125"
                   VPOS="189.92117309570312"
                   WIDTH="78.643798828125"
                   HEIGHT="56.76167297363281"
                   ID="block_1"
                   TAGREFS="BT10980">
          <Shape><Polygon POINTS="1072.68 189.921 1151.32 189.921 1151.32 246.683 1072.68 246.683 1072.68 189.921"/></Shape>
          
          
          <TextLine ID="eSc_line_b189ea1e"
                    TAGREFS="LT4318"
                    BASELINE="1085 232 1145 233" 
                    HPOS="1084"
                    VPOS="187"
                    WIDTH="61"
                    HEIGHT="68">
            <Shape><Polygon POINTS="1130 197 1115 191 1100 187 1088 187 1085 188 1085 232 1084 243 1105 255 1106 255 1107 255 1143 251 1145 233 1139 200 1130 197"/></Shape>
	    <String CONTENT="61"
                    HPOS="1084"
                    VPOS="187"
                    WIDTH="61"
                    HEIGHT="68"
                    WC="0.999899834394455"></String>
          </TextLine>

          
        </TextBlock>
        
        <TextBlock HPOS="95.81402587890625"
                   VPOS="252.2025604248047"
                   WIDTH="1066.9247436523438"
                   HEIGHT="1950.7220001220703"
                   ID="block_0"
                   TAGREFS="BT10977">
          <Shape><Polygon POINTS="95.814 252.203 1162.74 252.203 1162.74 2202.92 95.814 2202.92 95.814 252.203"/></Shape>
          
          
          <TextLine ID="eSc_line_3d45d210"
                    TAGREFS="LT4318"
                    BASELINE="95 307 1140 300" 
                    HPOS="93"
                    VPOS="245"
                    WIDTH="1047"
                    HEIGHT="83">
            <Shape><Polygon POINTS="95 307 95 324 446 328 447 328 449 328 468 321 471 319 621 319 626 319 652 327 654 327 655 327 810 318 832 318 834 318 844 325 846 325 847 325 849 327 929 327 929 325 1140 315 1140 300 1137 260 1030 260 1030 258 1003 245 1002 245 1000 245 999 245 971 257 947 245 945 245 944 245 942 245 941 245 925 258 922 261 877 261 873 258 838 245 837 245 835 245 745 258 719 261 703 258 660 246 658 246 657 246 655 246 633 258 629 260 620 258 578 246 577 246 575 246 574 246 572 246 554 257 545 263 511 263 465 257 426 252 425 252 423 252 422 252 414 257 404 264 348 264 337 257 325 248 324 248 322 248 321 248 99 255 93 264"/></Shape>
	    <String CONTENT="ille Chriſti agni immolati longè eſt maioris pre¬"
                    HPOS="93"
                    VPOS="245"
                    WIDTH="1047"
                    HEIGHT="83"
                    WC="0.974540042877197"></String>
          </TextLine>

          
          
          <TextLine ID="eSc_line_5e4e1ebb"
                    TAGREFS="LT4318"
                    BASELINE="99 365 1148 358" 
                    HPOS="98"
                    VPOS="312"
                    WIDTH="1050"
                    HEIGHT="70">
            <Shape><Polygon POINTS="99 365 99 382 1148 382 1148 358 1143 312 1014 321 983 313 972 312 971 312 969 312 968 312 966 313 957 322 893 324 801 324 792 316 789 313 788 313 786 313 785 313 783 313 771 318 755 322 742 318 731 313 730 313 728 313 691 318 651 324 639 319 627 315 626 315 624 315 597 319 577 324 523 321 437 316 435 316 434 316 410 322 400 327 337 327 334 324 322 316 321 316 319 316 318 316 245 318 243 318 242 318 233 325 232 327 218 325 124 318 123 318 121 318 98 327 99 365"/></Shape>
	    <String CONTENT="tij, &amp; effectus, quàm vitulorũ &amp; hircorum omniũ"
                    HPOS="98"
                    VPOS="312"
                    WIDTH="1050"
                    HEIGHT="70"
                    WC="0.984086848497391"></String>
          </TextLine>

          
          
          <TextLine ID="eSc_line_349bb6a8"
                    TAGREFS="LT4318"
                    BASELINE="99 425 1145 414" 
                    HPOS="98"
                    VPOS="368"
                    WIDTH="1047"
                    HEIGHT="82">
            <Shape><Polygon POINTS="99 425 99 450 211 450 215 450 269 438 377 446 379 446 380 446 404 437 471 437 481 444 484 447 486 447 487 447 489 447 490 447 498 444 511 438 581 441 651 446 652 446 654 446 675 440 697 434 745 438 776 441 777 441 810 437 844 432 864 435 896 443 898 443 945 435 991 443 993 443 994 443 996 443 1011 434 1106 441 1107 441 1109 441 1145 429 1145 414 1142 380 1036 370 1035 370 1033 370 1032 370 1021 380 963 380 960 380 935 368 933 368 881 368 880 368 878 368 877 368 865 379 828 370 826 370 825 370 823 370 800 380 794 382 788 380 768 373 767 373 765 373 716 379 703 370 701 370 700 370 699 370 655 380 636 385 611 385 605 380 596 371 594 371 593 371 591 371 590 371 572 379 551 371 550 371 548 371 438 373 437 373 435 373 435 374 428 380 422 386 395 386 373 380 355 374 353 374 352 374 309 380 243 388 98 380 99 425"/></Shape>
	    <String CONTENT="ſanguis. Eſt enim ille agni immolati ſanguis, o¬"
                    HPOS="98"
                    VPOS="368"
                    WIDTH="1047"
                    HEIGHT="82"
                    WC="0.997609756886959"></String>
          </TextLine>

          
          
          <TextLine ID="eSc_line_e9207a62"
                    TAGREFS="LT4318"
                    BASELINE="102 481 1146 475" 
                    HPOS="101"
                    VPOS="429"
                    WIDTH="1045"
                    HEIGHT="73">
            <Shape><Polygon POINTS="102 481 102 502 1145 492 1146 475 1145 443 1113 429 1112 429 1110 429 1109 429 1107 429 1094 440 1066 432 1064 432 1063 432 1061 432 1033 440 1018 429 1017 429 1015 429 1014 429 1012 429 974 440 962 429 960 429 959 429 957 429 922 437 840 431 838 431 837 431 809 444 776 444 757 431 755 431 754 431 657 431 655 431 654 431 620 446 556 446 539 432 538 432 536 432 535 432 533 432 496 444 484 434 484 432 483 432 481 432 362 432 361 432 359 432 325 446 267 438 266 438 264 438 263 438 249 447 101 447 102 481"/></Shape>
	    <String CONTENT="mni auro lapidéque pretioſo æſtimabilior &amp;"
                    HPOS="101"
                    VPOS="429"
                    WIDTH="1045"
                    HEIGHT="73"
                    WC="0.989326998244884"></String>
          </TextLine>

          
          
          <TextLine ID="eSc_line_0c7e7fdd"
                    TAGREFS="LT4318"
                    BASELINE="102 544 673 535 1149 536" 
                    HPOS="101"
                    VPOS="487"
                    WIDTH="1048"
                    HEIGHT="76">
            <Shape><Polygon POINTS="102 544 102 563 290 554 1148 554 1149 536 1148 498 1035 498 997 487 996 487 994 487 993 487 991 487 978 496 804 489 803 489 736 499 713 489 712 489 663 489 661 489 603 501 532 490 530 490 529 490 502 501 477 490 475 490 474 490 395 501 361 492 359 492 358 492 356 492 325 502 294 492 292 492 291 492 290 492 288 492 270 504 182 493 181 493 179 493 178 493 160 505 101 505 102 544"/></Shape>
	    <String CONTENT="potior, vt eſt Hebr. 9.verſ. 12.1.Pet.1.verſ.19. &amp;"
                    HPOS="101"
                    VPOS="487"
                    WIDTH="1048"
                    HEIGHT="76"></String>
          </TextLine>

          
          
          <TextLine ID="eSc_line_e1e13ac2"
                    TAGREFS="LT4318"
                    BASELINE="104 599 1151 593" 
                    HPOS="102"
                    VPOS="547"
                    WIDTH="1049"
                    HEIGHT="73">
            <Shape><Polygon POINTS="104 599 104 612 239 620 240 620 340 612 358 620 359 620 361 620 362 620 382 611 385 611 388 611 419 618 420 618 532 611 535 611 562 618 563 618 565 618 620 609 627 609 655 609 875 617 877 617 878 617 904 608 907 608 911 608 956 615 957 615 1073 608 1128 615 1130 615 1131 615 1151 606 1151 593 1148 559 1072 547 1070 547 945 550 944 550 942 550 931 557 898 547 896 547 895 547 757 557 734 559 727 557 691 548 690 548 627 548 626 548 624 548 605 557 600 559 585 557 523 550 522 550 520 550 519 550 519 551 511 557 507 562 377 562 370 557 358 551 356 551 355 551 353 551 340 557 328 563 267 563 258 557 252 553 251 553 249 553 248 553 246 553 234 557 221 562 211 557 199 551 197 551 196 551 160 557 127 562 102 557 104 599"/></Shape>
	    <String CONTENT="verè plena &amp; æqualis noſtro peccato &amp; debito"
                    HPOS="102"
                    VPOS="547"
                    WIDTH="1049"
                    HEIGHT="73"
                    WC="0.993007596333822"></String>
          </TextLine>

          
          
          <TextLine ID="eSc_line_0b0bee21"
                    TAGREFS="LT4318"
                    BASELINE="102 658 1149 649" 
                    HPOS="101"
                    VPOS="600"
                    WIDTH="1048"
                    HEIGHT="73">
            <Shape><Polygon POINTS="102 658 102 673 1148 663 1149 649 1146 614 1029 600 1027 600 1026 600 994 611 929 602 928 602 926 602 892 612 883 614 864 612 795 603 794 603 792 603 768 611 761 614 752 611 728 603 727 603 725 603 687 611 679 612 670 611 642 605 641 605 639 605 638 605 630 611 620 618 380 618 353 609 348 608 346 608 276 606 275 606 273 606 264 609 233 620 212 609 209 608 208 608 206 608 101 608 102 658"/></Shape>
	    <String CONTENT="ſatisfactio &amp; pretium 1.Corinth.1.verſ.3o. Vnde"
                    HPOS="101"
                    VPOS="600"
                    WIDTH="1048"
                    HEIGHT="73"></String>
          </TextLine>

          
          
          <TextLine ID="eSc_line_349d8de9"
                    TAGREFS="LT4318"
                    BASELINE="104 718 719 709 1155 712" 
                    HPOS="102"
                    VPOS="661"
                    WIDTH="1053"
                    HEIGHT="72">
            <Shape><Polygon POINTS="104 718 104 733 1154 725 1155 712 1154 673 1131 661 1130 661 1128 661 1127 661 1099 675 1099 676 1048 676 987 676 919 663 917 663 810 676 709 664 707 664 706 664 704 664 693 672 603 666 602 666 600 666 599 666 590 673 553 666 551 666 550 666 548 666 535 678 508 670 507 670 505 670 453 679 450 681 386 681 367 681 304 667 303 667 301 667 272 681 270 682 191 682 191 681 166 669 165 669 163 669 162 669 160 669 144 681 130 672 129 672 127 672 126 672 124 672 102 681 104 718"/></Shape>
	    <String CONTENT="non tantùm λύτρον: ſed ἀντίλυτρον dicitur, quod"
                    HPOS="102"
                    VPOS="661"
                    WIDTH="1053"
                    HEIGHT="72"></String>
          </TextLine>

          
          
          <TextLine ID="eSc_line_6373f5d0"
                    TAGREFS="LT4318"
                    BASELINE="102 773 1154 768" 
                    HPOS="101"
                    VPOS="721"
                    WIDTH="1053"
                    HEIGHT="67">
            <Shape><Polygon POINTS="102 773 102 786 1151 788 1154 768 1152 733 1131 721 1130 721 1128 721 1127 721 1125 721 1078 733 991 721 825 721 823 721 822 721 820 721 813 727 806 721 804 721 803 721 801 721 800 721 798 721 783 733 779 736 748 736 742 733 724 722 722 722 721 722 719 722 718 722 706 733 701 736 575 736 571 731 562 724 560 724 559 724 557 724 556 724 529 731 517 734 477 731 443 728 441 728 440 728 438 728 435 731 426 737 315 737 301 730 287 724 285 724 284 724 188 725 187 725 185 725 181 730 174 736 150 730 133 725 132 725 130 725 101 728 102 773"/></Shape>
	    <String CONTENT="Latini dicunt cõtra auro venire, id eſt, iuſtum, &amp;"
                    HPOS="101"
                    VPOS="721"
                    WIDTH="1053"
                    HEIGHT="67"
                    WC="0.980828473380968"></String>
          </TextLine>

          
          
          <TextLine ID="eSc_line_3b459c5e"
                    TAGREFS="LT4318"
                    BASELINE="104 834 1152 826" 
                    HPOS="102"
                    VPOS="777"
                    WIDTH="1050"
                    HEIGHT="70">
            <Shape><Polygon POINTS="104 834 104 847 1151 841 1152 826 1149 783 1067 777 1066 777 1030 785 1009 788 1005 785 996 777 994 777 993 777 944 777 942 777 902 786 884 789 871 786 846 779 844 779 843 779 783 788 776 788 771 788 733 779 731 779 730 779 703 788 696 791 688 788 667 780 666 780 664 780 663 780 636 789 629 792 435 792 432 792 419 782 417 782 416 782 330 782 328 782 327 782 325 782 309 794 307 794 301 794 221 783 220 783 218 783 217 783 202 795 102 795 104 834"/></Shape>
	    <String CONTENT="æquale rei ipſi pretium eſſe. Ex quo diluitur illa"
                    HPOS="102"
                    VPOS="777"
                    WIDTH="1050"
                    HEIGHT="70"
                    WC="0.986421397924423"></String>
          </TextLine>

          
          
          <TextLine ID="eSc_line_64020cb6"
                    TAGREFS="LT4318"
                    BASELINE="101 892 1154 884" 
                    HPOS="99"
                    VPOS="837"
                    WIDTH="1055"
                    HEIGHT="76">
            <Shape><Polygon POINTS="101 892 101 913 166 907 298 913 307 913 309 913 312 913 352 905 1152 905 1154 884 1152 849 1127 837 1125 837 1124 837 1072 849 1070 849 1026 837 1024 837 1023 837 962 849 850 838 849 838 847 838 801 850 777 838 776 838 774 838 704 852 701 852 699 852 664 840 663 840 606 840 605 840 603 840 602 840 584 852 582 853 554 853 548 853 520 840 519 840 517 840 444 853 440 855 403 855 403 853 379 841 377 841 376 841 374 841 373 841 356 853 356 855 327 855 278 855 234 843 233 843 232 843 230 843 229 843 215 855 214 856 99 856 101 892"/></Shape>
	    <String CONTENT="curioſorum hominum diſputatio, Vtrum fuerit"
                    HPOS="99"
                    VPOS="837"
                    WIDTH="1055"
                    HEIGHT="76"
                    WC="0.980617781018102"></String>
          </TextLine>

          
          
          <TextLine ID="eSc_line_8f88f8a3"
                    TAGREFS="LT4318"
                    BASELINE="105 951 1152 942" 
                    HPOS="104"
                    VPOS="896"
                    WIDTH="1048"
                    HEIGHT="79">
            <Shape><Polygon POINTS="105 951 105 975 312 972 313 972 328 965 336 972 337 972 339 972 340 974 365 974 414 974 414 972 416 972 458 962 544 962 553 969 554 969 556 969 557 969 629 960 777 960 797 968 800 969 801 969 803 969 804 969 810 968 846 959 878 968 881 968 883 968 884 968 895 966 953 959 991 966 997 966 999 966 1008 966 1070 957 1149 963 1152 942 1151 907 1131 896 1130 896 1128 896 984 908 975 908 974 908 947 898 945 898 944 898 942 898 905 907 868 898 867 898 865 898 864 898 862 898 862 899 850 910 840 910 800 911 758 911 758 910 746 901 746 899 745 899 743 899 627 899 626 899 532 901 530 901 529 901 513 911 377 907 376 907 249 914 242 914 240 914 224 904 223 904 221 904 220 904 218 904 217 904 217 905 205 914 111 905 110 905 108 905 107 905 107 907 105 907 104 907 105 951"/></Shape>
	    <String CONTENT="pœna, quam pro nobis Chriſtus pertulit, æ qualis"
                    HPOS="104"
                    VPOS="896"
                    WIDTH="1048"
                    HEIGHT="79"
                    WC="0.97474168613553"></String>
          </TextLine>

          
          
          <TextLine ID="eSc_line_4eea5e38"
                    TAGREFS="LT4318"
                    BASELINE="107 1009 1152 1000" 
                    HPOS="105"
                    VPOS="957"
                    WIDTH="1047"
                    HEIGHT="73">
            <Shape><Polygon POINTS="107 1009 107 1027 272 1030 273 1030 275 1030 276 1030 279 1027 290 1021 364 1027 395 1029 397 1029 413 1027 459 1020 524 1026 541 1027 542 1027 544 1027 545 1027 545 1026 554 1018 629 1018 675 1026 679 1026 681 1026 682 1026 684 1026 693 1017 809 1017 841 1024 843 1024 844 1024 846 1024 884 1017 922 1024 923 1024 925 1024 929 1024 1000 1017 1149 1023 1152 1000 1149 968 1005 957 1003 957 893 966 840 959 838 959 837 959 803 969 800 969 788 969 696 963 694 963 594 971 580 971 578 971 560 963 559 963 557 963 435 971 411 972 403 971 356 963 355 963 353 963 334 972 331 972 310 972 145 965 144 965 105 972 107 1009"/></Shape>
	    <String CONTENT="peccatis noſtris, vt peccata ex merito Chriſti de¬"
                    HPOS="105"
                    VPOS="957"
                    WIDTH="1047"
                    HEIGHT="73"
                    WC="0.961254646778107"></String>
          </TextLine>

          
          
          <TextLine ID="eSc_line_5f2eda2e"
                    TAGREFS="LT4318"
                    BASELINE="108 1067 1152 1058" 
                    HPOS="107"
                    VPOS="1012"
                    WIDTH="1045"
                    HEIGHT="75">
            <Shape><Polygon POINTS="108 1067 108 1079 258 1087 260 1087 261 1087 279 1079 284 1078 304 1079 376 1085 377 1085 453 1079 483 1076 493 1078 513 1084 514 1084 516 1084 588 1078 632 1075 762 1075 768 1078 779 1082 780 1082 782 1082 826 1076 858 1073 864 1076 868 1081 870 1081 871 1081 873 1081 1151 1075 1152 1058 1149 1024 1047 1014 1045 1014 1044 1014 1042 1014 1032 1024 932 1024 914 1024 873 1012 871 1012 870 1012 868 1012 867 1012 855 1020 789 1015 788 1015 786 1015 785 1015 785 1017 774 1026 745 1014 743 1014 742 1014 740 1014 713 1024 697 1014 696 1014 694 1014 629 1014 627 1014 568 1027 563 1029 501 1029 498 1027 456 1015 455 1015 453 1015 452 1015 414 1026 290 1017 288 1017 287 1017 261 1029 260 1030 107 1030 108 1067"/></Shape>
	    <String CONTENT="leantur. Fuit enim, vt hîc docet Paulus, æquiua¬"
                    HPOS="107"
                    VPOS="1012"
                    WIDTH="1045"
                    HEIGHT="75"
                    WC="0.991406817825473"></String>
          </TextLine>

          
          
          <TextLine ID="eSc_line_97a839a0"
                    TAGREFS="LT4318"
                    BASELINE="107 1128 736 1118 1151 1121" 
                    HPOS="105"
                    VPOS="1072"
                    WIDTH="1046"
                    HEIGHT="76">
            <Shape><Polygon POINTS="107 1128 107 1140 246 1148 248 1148 309 1140 322 1139 333 1140 385 1146 386 1146 388 1146 389 1146 397 1139 398 1139 407 1139 459 1145 461 1145 462 1145 464 1145 471 1139 474 1137 499 1139 581 1145 582 1145 584 1145 585 1145 594 1139 599 1136 614 1139 645 1143 646 1143 704 1137 742 1134 1148 1134 1151 1121 1148 1079 1017 1082 1011 1079 1003 1072 1002 1072 1000 1072 971 1072 969 1072 968 1072 945 1079 932 1084 722 1085 694 1079 679 1076 678 1076 676 1076 675 1076 670 1079 660 1085 624 1079 596 1075 594 1075 559 1079 507 1087 465 1079 444 1076 443 1076 441 1076 431 1079 403 1088 303 1079 273 1078 272 1078 270 1078 261 1079 221 1090 105 1081 107 1128"/></Shape>
	    <String CONTENT="lens, id eſt, æquata ipſi peccatorum noſtrorum"
                    HPOS="105"
                    VPOS="1072"
                    WIDTH="1046"
                    HEIGHT="76"
                    WC="0.971674753272015"></String>
          </TextLine>

          
          
          <TextLine ID="eSc_line_8ac00b16"
                    TAGREFS="LT4318"
                    BASELINE="107 1185 1151 1177" 
                    HPOS="105"
                    VPOS="1128"
                    WIDTH="1046"
                    HEIGHT="78">
            <Shape><Polygon POINTS="107 1185 107 1197 175 1204 176 1204 178 1204 191 1198 193 1197 193 1198 202 1206 203 1206 205 1206 206 1206 208 1206 234 1198 240 1197 251 1198 312 1206 313 1206 315 1206 339 1198 348 1195 376 1198 438 1204 440 1204 492 1198 517 1195 523 1198 533 1203 535 1203 536 1204 719 1204 719 1203 721 1203 733 1198 749 1192 1148 1198 1151 1177 1148 1143 1003 1143 1002 1142 986 1128 984 1128 983 1128 981 1128 980 1128 936 1140 933 1142 929 1140 896 1130 895 1130 809 1130 807 1130 806 1130 804 1130 792 1139 733 1130 731 1130 730 1130 704 1139 688 1145 667 1139 643 1133 642 1133 641 1133 639 1133 638 1133 629 1139 618 1145 599 1139 584 1134 582 1134 581 1134 580 1134 578 1134 572 1139 560 1146 516 1148 458 1148 434 1137 422 1133 420 1133 419 1133 358 1134 356 1134 348 1137 312 1148 264 1136 254 1134 252 1134 251 1134 243 1136 209 1146 105 1136 107 1185"/></Shape>
	    <String CONTENT="fœtori apud Deum, &amp; planè ſatisfactoria pœna"
                    HPOS="105"
                    VPOS="1128"
                    WIDTH="1046"
                    HEIGHT="78"
                    WC="0.98113448354933"></String>
          </TextLine>

          
          
          <TextLine ID="eSc_line_50fa814a"
                    TAGREFS="LT4318"
                    BASELINE="108 1243 801 1234" 
                    HPOS="107"
                    VPOS="1188"
                    WIDTH="694"
                    HEIGHT="73">
            <Shape><Polygon POINTS="108 1243 108 1258 380 1261 382 1261 383 1261 406 1253 407 1253 410 1253 429 1261 431 1261 432 1261 486 1252 493 1252 498 1252 520 1259 522 1259 523 1259 566 1252 574 1250 584 1250 645 1258 646 1258 690 1249 696 1249 704 1249 782 1256 783 1256 785 1256 801 1247 801 1234 798 1200 755 1191 754 1191 697 1198 648 1188 646 1188 645 1188 600 1200 578 1188 577 1188 575 1188 574 1188 532 1200 511 1189 510 1189 508 1189 507 1189 484 1201 413 1191 411 1191 410 1191 408 1191 389 1203 331 1194 330 1194 284 1204 261 1192 260 1192 224 1192 223 1192 221 1192 193 1206 132 1194 130 1194 129 1194 127 1194 107 1206 108 1243"/></Shape>
	    <String CONTENT="Chriſti perpeſsio &amp; obedientia."
                    HPOS="107"
                    VPOS="1188"
                    WIDTH="694"
                    HEIGHT="73"
                    WC="0.986412859732105"></String>
          </TextLine>

          
          
          <TextLine ID="eSc_line_84bc20ba"
                    TAGREFS="LT4318"
                    BASELINE="168 1301 1151 1293" 
                    HPOS="166"
                    VPOS="1246"
                    WIDTH="985"
                    HEIGHT="77">
            <Shape><Polygon POINTS="168 1301 168 1313 234 1320 236 1320 237 1320 254 1314 257 1313 258 1314 282 1323 284 1323 285 1323 287 1323 307 1314 310 1311 364 1311 388 1314 431 1320 432 1320 434 1320 455 1314 466 1311 551 1314 682 1320 684 1320 739 1316 813 1308 873 1308 880 1316 883 1319 884 1319 886 1319 887 1319 914 1316 954 1311 1148 1316 1151 1293 1148 1258 1036 1258 1036 1256 1020 1246 1018 1246 1017 1246 1015 1246 1014 1246 977 1255 966 1246 965 1246 963 1246 962 1246 916 1247 914 1247 913 1247 899 1256 898 1258 895 1256 873 1247 871 1247 870 1247 812 1256 801 1258 789 1256 745 1249 743 1249 687 1256 661 1261 519 1261 508 1256 498 1250 496 1250 495 1250 432 1256 362 1262 345 1256 334 1252 333 1252 331 1252 330 1252 319 1256 301 1262 166 1256 168 1301"/></Shape>
	    <String CONTENT="Secundo verò loco notandum eſt, Nullam a¬"
                    HPOS="166"
                    VPOS="1246"
                    WIDTH="985"
                    HEIGHT="77"
                    WC="0.999656397671927"></String>
          </TextLine>

          
          
          <TextLine ID="eSc_line_6b0f9cad"
                    TAGREFS="LT4318"
                    BASELINE="110 1360 414 1354 1152 1356" 
                    HPOS="108"
                    VPOS="1307"
                    WIDTH="1044"
                    HEIGHT="73">
            <Shape><Polygon POINTS="110 1360 110 1380 243 1371 267 1378 269 1378 270 1378 339 1371 368 1378 370 1378 371 1378 373 1378 403 1371 417 1378 419 1378 420 1378 422 1378 423 1378 443 1371 468 1378 471 1378 472 1378 474 1378 475 1378 477 1378 499 1371 694 1371 703 1377 706 1378 707 1378 709 1378 710 1378 730 1377 768 1371 817 1375 850 1378 852 1378 1151 1372 1152 1356 1151 1317 1102 1308 1100 1308 1099 1308 1097 1308 1085 1316 1084 1317 837 1317 831 1314 817 1307 816 1307 815 1307 813 1307 795 1313 789 1316 788 1313 780 1307 779 1307 777 1307 737 1307 736 1307 734 1307 733 1307 724 1313 718 1316 712 1313 697 1307 696 1307 694 1307 693 1307 691 1307 684 1313 676 1317 623 1317 590 1311 553 1307 551 1307 550 1307 533 1311 519 1316 513 1311 508 1307 507 1307 505 1307 504 1307 398 1310 270 1314 261 1308 260 1307 258 1307 257 1307 255 1307 242 1308 205 1316 184 1308 179 1307 178 1307 176 1307 108 1307 110 1360"/></Shape>
	    <String CONTENT="liam ſatisfaciendi diuinæ iuſtitiæ pro peccatis"
                    HPOS="108"
                    VPOS="1307"
                    WIDTH="1044"
                    HEIGHT="73"
                    WC="0.970422057395286"></String>
          </TextLine>

          
          
          <TextLine ID="eSc_line_d1ae4474"
                    TAGREFS="LT4318"
                    BASELINE="110 1420 1151 1412" 
                    HPOS="108"
                    VPOS="1363"
                    WIDTH="1043"
                    HEIGHT="75">
            <Shape><Polygon POINTS="110 1420 110 1438 812 1430 925 1436 938 1436 939 1436 941 1436 942 1436 959 1429 1148 1435 1151 1412 1148 1375 1011 1363 1009 1363 1008 1363 986 1375 844 1375 832 1366 832 1365 831 1365 829 1365 791 1365 789 1365 788 1365 786 1365 770 1375 670 1377 663 1377 635 1366 633 1366 526 1366 524 1366 523 1366 487 1377 458 1368 456 1368 455 1368 453 1368 426 1377 391 1369 389 1369 321 1380 313 1380 301 1380 184 1369 182 1369 181 1369 162 1380 160 1381 108 1381 110 1420"/></Shape>
	    <String CONTENT="noſtris rationem eſſe à Deo conſtitutam, illíque"
                    HPOS="108"
                    VPOS="1363"
                    WIDTH="1043"
                    HEIGHT="75"></String>
          </TextLine>

          
          
          <TextLine ID="eSc_line_2a6c9c92"
                    TAGREFS="LT4318"
                    BASELINE="111 1476 1155 1470" 
                    HPOS="110"
                    VPOS="1424"
                    WIDTH="1045"
                    HEIGHT="78">
            <Shape><Polygon POINTS="111 1476 111 1502 304 1502 304 1500 324 1497 373 1491 508 1496 630 1499 632 1499 670 1493 685 1491 710 1493 788 1497 789 1497 791 1497 810 1491 813 1490 815 1491 822 1497 823 1497 825 1497 826 1497 878 1490 893 1488 905 1490 945 1496 947 1496 1061 1488 1091 1496 1093 1496 1094 1496 1155 1485 1155 1470 1152 1435 993 1424 991 1424 990 1424 972 1433 963 1424 962 1424 960 1424 959 1424 957 1424 956 1424 941 1433 822 1426 820 1426 768 1435 761 1435 754 1435 709 1426 707 1426 706 1426 704 1426 696 1433 636 1427 635 1427 603 1435 590 1436 566 1435 516 1429 514 1429 513 1429 511 1429 504 1435 499 1436 110 1435 111 1476"/></Shape>
	    <String CONTENT="gratam &amp; acceptam præter ſanguinẽ vnius Chri¬"
                    HPOS="110"
                    VPOS="1424"
                    WIDTH="1045"
                    HEIGHT="78"
                    WC="0.977635457463886"></String>
          </TextLine>

          
          
          <TextLine ID="eSc_line_674a09fe"
                    TAGREFS="LT4318"
                    BASELINE="110 1534 1152 1530" 
                    HPOS="108"
                    VPOS="1485"
                    WIDTH="1044"
                    HEIGHT="73">
            <Shape><Polygon POINTS="110 1534 110 1554 343 1558 345 1558 380 1555 423 1551 441 1555 453 1558 455 1558 456 1558 486 1555 533 1549 568 1555 580 1557 581 1557 582 1557 584 1557 585 1555 596 1549 697 1555 730 1557 731 1557 733 1557 736 1555 749 1549 770 1555 776 1557 777 1557 779 1557 791 1555 844 1548 880 1555 881 1555 883 1557 1151 1557 1152 1530 1149 1496 1069 1496 1041 1485 1039 1485 1038 1485 1036 1485 999 1494 957 1485 956 1485 898 1494 878 1485 877 1485 806 1485 804 1485 803 1485 801 1485 786 1496 783 1496 762 1496 621 1487 620 1487 557 1496 547 1496 529 1496 452 1490 450 1490 426 1496 416 1497 410 1496 394 1488 392 1488 391 1488 108 1494 110 1534"/></Shape>
	    <String CONTENT="ſti. ltaque nec opera quæ vocant bona: nec cære¬"
                    HPOS="108"
                    VPOS="1485"
                    WIDTH="1044"
                    HEIGHT="73"
                    WC="0.96302488197883"></String>
          </TextLine>

          
          
          <TextLine ID="eSc_line_99f8a4d9"
                    TAGREFS="LT4318"
                    BASELINE="108 1594 1154 1586" 
                    HPOS="107"
                    VPOS="1540"
                    WIDTH="1047"
                    HEIGHT="78">
            <Shape><Polygon POINTS="108 1594 110 1618 130 1609 254 1616 275 1616 276 1616 285 1615 325 1607 349 1615 352 1615 353 1615 355 1615 385 1613 524 1606 535 1612 536 1613 538 1613 539 1613 541 1613 593 1610 672 1606 699 1609 733 1613 734 1613 815 1607 855 1604 861 1606 873 1612 874 1612 875 1612 907 1606 917 1604 953 1604 1118 1610 1119 1610 1121 1610 1154 1601 1154 1586 1149 1545 962 1551 954 1546 942 1540 941 1540 939 1540 895 1548 861 1554 740 1554 725 1549 696 1543 694 1543 645 1551 621 1554 612 1551 593 1543 591 1543 590 1543 588 1543 569 1552 563 1554 556 1552 524 1543 523 1543 522 1543 466 1552 450 1555 447 1554 435 1545 434 1545 432 1545 356 1545 355 1545 353 1545 319 1555 310 1557 292 1555 215 1546 214 1546 212 1546 211 1546 197 1557 196 1558 107 1558 108 1594"/></Shape>
	    <String CONTENT="moniæ, nec vllius alicuius rei, quantunuis pretio¬"
                    HPOS="107"
                    VPOS="1540"
                    WIDTH="1047"
                    HEIGHT="78"
                    WC="0.990714311599731"></String>
          </TextLine>

          
          
          <TextLine ID="eSc_line_39c7eb55"
                    TAGREFS="LT4318"
                    BASELINE="108 1653 1155 1646" 
                    HPOS="107"
                    VPOS="1600"
                    WIDTH="1048"
                    HEIGHT="70">
            <Shape><Polygon POINTS="108 1653 108 1670 1155 1670 1155 1646 1152 1609 1045 1600 1044 1600 1042 1600 1041 1600 1027 1609 1026 1609 1014 1609 920 1601 919 1601 917 1601 902 1609 898 1610 887 1609 846 1601 844 1601 843 1601 841 1601 834 1609 831 1610 817 1609 777 1604 776 1604 749 1609 734 1612 724 1609 700 1603 699 1603 697 1603 658 1609 642 1613 560 1613 556 1610 548 1603 547 1603 545 1603 544 1603 507 1610 496 1612 489 1610 472 1604 471 1604 469 1604 426 1610 401 1615 349 1615 342 1610 333 1604 331 1604 330 1604 328 1604 327 1604 306 1610 291 1616 230 1616 224 1610 218 1606 217 1606 215 1606 214 1606 107 1610 108 1653"/></Shape>
	    <String CONTENT="ſæ, donatio, aut ratio poteſt pars eſſe ſatisfactio¬"
                    HPOS="107"
                    VPOS="1600"
                    WIDTH="1048"
                    HEIGHT="70"
                    WC="0.98812994819421"></String>
          </TextLine>

          
          
          <TextLine ID="eSc_line_8d4ac49e"
                    TAGREFS="LT4318"
                    BASELINE="110 1711 1154 1705" 
                    HPOS="108"
                    VPOS="1659"
                    WIDTH="1046"
                    HEIGHT="75">
            <Shape><Polygon POINTS="110 1711 110 1726 368 1734 370 1734 487 1725 498 1725 507 1725 629 1732 630 1732 758 1723 767 1723 774 1723 873 1731 874 1731 875 1731 893 1722 895 1722 923 1722 1100 1729 1102 1729 1152 1720 1154 1705 1152 1671 1119 1661 1118 1661 1116 1661 1115 1661 1097 1667 1039 1659 1038 1659 1036 1659 993 1670 892 1659 890 1659 746 1661 745 1661 709 1671 639 1664 638 1664 636 1664 635 1664 620 1673 480 1662 478 1662 477 1662 440 1673 389 1665 388 1665 386 1665 367 1676 285 1676 257 1664 255 1664 254 1664 203 1674 153 1664 151 1664 150 1664 108 1676 110 1711"/></Shape>
	    <String CONTENT="nis noſtræ coram Deo, que in ſolidũ in vna Chri¬"
                    HPOS="108"
                    VPOS="1659"
                    WIDTH="1046"
                    HEIGHT="75"
                    WC="0.98995271872501"></String>
          </TextLine>

          
          
          <TextLine ID="eSc_line_6cdf084d"
                    TAGREFS="LT4318"
                    BASELINE="111 1768 1152 1762" 
                    HPOS="110"
                    VPOS="1717"
                    WIDTH="1042"
                    HEIGHT="73">
            <Shape><Polygon POINTS="111 1768 111 1790 218 1783 322 1789 368 1790 370 1790 371 1790 382 1787 406 1781 527 1786 624 1789 626 1789 670 1784 706 1780 722 1783 743 1787 745 1787 782 1783 803 1780 880 1781 1100 1786 1102 1786 1151 1777 1152 1762 1149 1729 1070 1720 1069 1720 1067 1720 1042 1728 1036 1729 1029 1728 986 1719 984 1719 941 1728 936 1728 932 1728 893 1717 892 1717 890 1717 804 1725 748 1719 746 1719 704 1726 678 1731 663 1726 643 1719 642 1719 641 1719 639 1719 623 1725 606 1732 524 1725 469 1720 468 1720 466 1720 450 1725 419 1734 179 1734 166 1723 166 1722 165 1722 163 1722 162 1722 110 1722 111 1768"/></Shape>
	    <String CONTENT="ſti morte quærenda nobis eſt. Sed nec ex par¬"
                    HPOS="110"
                    VPOS="1717"
                    WIDTH="1042"
                    HEIGHT="73"
                    WC="0.999594439400567"></String>
          </TextLine>

          
          
          <TextLine ID="eSc_line_2c072565"
                    TAGREFS="LT4318"
                    BASELINE="113 1827 1154 1821" 
                    HPOS="113"
                    VPOS="1772"
                    WIDTH="1041"
                    HEIGHT="76">
            <Shape><Polygon POINTS="113 1848 1152 1841 1154 1821 1151 1786 1054 1786 1054 1784 1024 1772 1023 1772 947 1772 945 1772 944 1772 942 1772 932 1780 826 1774 825 1774 823 1774 798 1783 794 1784 786 1783 749 1775 748 1775 746 1775 727 1783 718 1786 704 1783 667 1774 666 1774 602 1775 600 1775 599 1775 590 1783 584 1786 571 1781 548 1775 547 1775 545 1775 544 1775 522 1781 501 1787 483 1781 464 1775 462 1775 461 1775 382 1777 380 1777 364 1781 333 1790 292 1790 273 1780 266 1777 264 1777 263 1777 261 1777 251 1780 227 1790 136 1790 113 1780 113 1827 113 1848"/></Shape>
	    <String CONTENT="te tantùm Chriſtus ſatisfecit, veluti vt deleat ea"
                    HPOS="113"
                    VPOS="1772"
                    WIDTH="1041"
                    HEIGHT="76"
                    WC="0.99342828170926"></String>
          </TextLine>

          
          
          <TextLine ID="eSc_line_d3b01461"
                    TAGREFS="LT4318"
                    BASELINE="110 1884 1152 1879" 
                    HPOS="108"
                    VPOS="1836"
                    WIDTH="1044"
                    HEIGHT="72">
            <Shape><Polygon POINTS="110 1884 110 1899 343 1908 345 1908 346 1908 382 1899 383 1899 385 1899 517 1906 519 1906 758 1897 786 1905 788 1905 789 1905 858 1896 862 1896 864 1896 873 1905 874 1905 875 1905 877 1905 878 1905 880 1905 892 1896 902 1903 904 1903 905 1903 907 1903 948 1897 1121 1905 1122 1905 1124 1905 1152 1894 1152 1879 1148 1836 1102 1847 926 1845 919 1838 917 1836 916 1836 914 1836 838 1836 837 1836 835 1836 831 1838 816 1847 786 1839 785 1839 783 1839 782 1839 780 1839 765 1848 725 1839 715 1838 713 1838 648 1839 646 1839 645 1839 632 1848 623 1841 620 1838 618 1838 617 1838 578 1838 577 1838 575 1838 574 1838 569 1841 556 1848 108 1845 110 1884"/></Shape>
	    <String CONTENT="tantùm peccata, quæ dicuntur venialia: aut quæ"
                    HPOS="108"
                    VPOS="1836"
                    WIDTH="1044"
                    HEIGHT="72"
                    WC="0.985833800853567"></String>
          </TextLine>

          
          
          <TextLine ID="eSc_line_7054ebbc"
                    TAGREFS="LT4318"
                    BASELINE="111 1945 1154 1939" 
                    HPOS="110"
                    VPOS="1893"
                    WIDTH="1044"
                    HEIGHT="74">
            <Shape><Polygon POINTS="111 1945 111 1960 313 1967 315 1967 316 1967 331 1960 545 1966 547 1966 590 1958 620 1966 621 1966 623 1966 624 1966 626 1966 635 1958 820 1964 822 1964 823 1964 847 1957 884 1964 886 1964 1154 1952 1154 1939 1151 1906 978 1906 892 1893 890 1893 826 1906 812 1899 810 1899 809 1899 773 1906 755 1894 754 1894 752 1894 632 1894 630 1894 559 1899 557 1899 556 1899 544 1909 401 1909 373 1896 371 1896 370 1896 331 1897 330 1897 328 1897 310 1909 230 1897 229 1897 227 1897 226 1897 212 1909 172 1899 171 1899 169 1899 110 1911 111 1945"/></Shape>
	    <String CONTENT="ante Baptiſmum commiſimus, nobiſque noce¬"
                    HPOS="110"
                    VPOS="1893"
                    WIDTH="1044"
                    HEIGHT="74"
                    WC="0.976134907908556"></String>
          </TextLine>

          
          
          <TextLine ID="eSc_line_76c7414f"
                    TAGREFS="LT4318"
                    BASELINE="111 2004 895 1997" 
                    HPOS="110"
                    VPOS="1951"
                    WIDTH="785"
                    HEIGHT="76">
            <Shape><Polygon POINTS="111 2004 111 2018 202 2018 214 2027 215 2027 217 2027 218 2027 269 2016 373 2025 374 2025 547 2016 577 2024 578 2024 580 2024 643 2015 654 2022 655 2022 657 2022 658 2022 660 2022 688 2015 754 2021 755 2021 757 2021 758 2021 770 2013 870 2019 871 2019 873 2019 895 2009 895 1997 892 1960 852 1954 850 1954 815 1960 792 1963 788 1960 779 1952 779 1951 777 1951 776 1951 754 1951 752 1951 751 1951 718 1960 699 1964 688 1960 672 1952 670 1952 669 1952 667 1952 643 1960 627 1964 615 1960 597 1952 596 1952 594 1952 593 1952 580 1960 568 1966 475 1960 464 1960 462 1960 453 1960 368 1967 361 1960 356 1957 356 1955 355 1955 353 1955 352 1955 321 1960 295 1964 290 1960 282 1955 281 1955 279 1955 278 1955 236 1957 234 1957 233 1957 233 1958 230 1960 221 1969 110 1961 111 2004"/></Shape>
	    <String CONTENT="bant: ſed etiam expungit, &amp; redemit:"
                    HPOS="110"
                    VPOS="1951"
                    WIDTH="785"
                    HEIGHT="76"
                    WC="0.971866519914733"></String>
          </TextLine>

          
          
          <TextLine ID="eSc_line_e3e1ca00"
                    TAGREFS="LT4318"
                    BASELINE="171 2061 1152 2055" 
                    HPOS="169"
                    VPOS="2009"
                    WIDTH="983"
                    HEIGHT="74">
            <Shape><Polygon POINTS="171 2061 171 2074 315 2083 316 2083 371 2076 382 2074 386 2076 411 2083 413 2083 414 2083 450 2076 464 2073 516 2073 520 2076 526 2082 527 2082 529 2082 530 2082 560 2076 568 2074 569 2076 578 2082 580 2082 581 2082 582 2082 658 2079 660 2079 661 2079 666 2076 673 2071 715 2076 755 2080 757 2080 803 2076 838 2073 849 2076 861 2080 862 2080 864 2080 865 2080 878 2076 895 2071 1149 2076 1152 2055 1149 2024 1049 2024 1048 2022 1027 2009 1026 2009 1024 2009 1023 2009 1021 2009 991 2016 867 2010 865 2010 864 2010 843 2021 835 2024 816 2019 782 2013 780 2013 779 2013 755 2019 737 2024 722 2019 701 2012 700 2012 699 2012 697 2012 676 2019 657 2027 495 2027 486 2018 484 2018 483 2018 481 2018 441 2025 431 2016 425 2012 423 2012 422 2012 420 2012 419 2012 408 2016 386 2027 350 2016 342 2013 340 2013 227 2013 226 2013 224 2013 223 2013 221 2015 211 2022 169 2015 171 2061"/></Shape>
	    <String CONTENT="Addit Paulus τὸ μαρτύριον καιροῖς ἰδίοις. Hæc a¬"
                    HPOS="169"
                    VPOS="2009"
                    WIDTH="983"
                    HEIGHT="74"></String>
          </TextLine>

          
          
          <TextLine ID="eSc_line_d62fcc39"
                    TAGREFS="LT4318"
                    BASELINE="111 2122 1152 2116" 
                    HPOS="110"
                    VPOS="2068"
                    WIDTH="1042"
                    HEIGHT="75">
            <Shape><Polygon POINTS="111 2122 111 2134 368 2143 370 2143 422 2134 587 2141 588 2141 649 2134 779 2140 780 2140 782 2140 783 2140 794 2132 1030 2138 1032 2138 1072 2131 1113 2138 1115 2138 1116 2138 1152 2128 1152 2116 1149 2082 1084 2068 1082 2068 1039 2070 1038 2070 1036 2070 1023 2080 1021 2082 939 2082 938 2080 928 2071 928 2070 926 2070 925 2070 892 2068 890 2068 889 2068 862 2079 855 2083 774 2083 759 2079 728 2070 727 2070 725 2070 675 2077 666 2079 660 2077 633 2070 632 2070 630 2070 629 2070 614 2077 602 2083 547 2083 535 2077 524 2071 523 2071 522 2071 464 2076 367 2085 339 2076 331 2073 330 2073 328 2073 313 2076 261 2085 110 2074 111 2122"/></Shape>
	    <String CONTENT="brupta videtur eſſe oratio, itaque obſcurum ha¬"
                    HPOS="110"
                    VPOS="2068"
                    WIDTH="1042"
                    HEIGHT="75"
                    WC="0.986062368179889"></String>
          </TextLine>

          
          
          <TextLine ID="eSc_line_bcec630b"
                    TAGREFS="LT4318"
                    BASELINE="113 2178 1149 2172" 
                    HPOS="111"
                    VPOS="2129"
                    WIDTH="1038"
                    HEIGHT="89">
            <Shape><Polygon POINTS="113 2178 113 2207 190 2207 191 2207 234 2218 236 2218 237 2218 313 2207 321 2207 322 2208 333 2214 334 2214 336 2214 337 2214 397 2208 401 2208 414 2217 416 2217 417 2217 419 2217 466 2208 486 2205 499 2208 526 2217 527 2217 529 2217 575 2210 600 2205 618 2210 642 2215 643 2215 645 2215 646 2215 661 2210 678 2204 713 2210 745 2215 746 2215 800 2211 893 2202 947 2202 962 2212 963 2214 965 2214 966 2214 968 2214 1149 2212 1149 2172 1146 2141 1085 2129 1084 2129 926 2140 886 2143 681 2143 663 2138 630 2131 629 2131 627 2131 615 2137 605 2143 591 2137 578 2132 577 2132 575 2132 544 2137 508 2143 495 2137 484 2132 483 2132 404 2132 403 2132 401 2132 391 2137 368 2144 298 2135 279 2134 278 2134 276 2134 275 2134 275 2135 273 2135 263 2144 221 2135 212 2134 211 2134 209 2134 208 2134 208 2135 206 2135 196 2146 172 2146 159 2135 157 2135 156 2135 111 2135 113 2178"/></Shape>
	    <String CONTENT="bet ſenſum, &amp; diuerſas interpretationes. Alij e¬"
                    HPOS="111"
                    VPOS="2129"
                    WIDTH="1038"
                    HEIGHT="89"
                    WC="0.976644602914651"></String>
          </TextLine>

          
        </TextBlock>
        

        
      </PrintSpace>
    </Page>
  </Layout>
</alto>
