<?xml version="1.0" encoding="UTF-8"?>
<alto xmlns:xsi="http://www.w3.org/2001/XMLSchema-instance"
      xmlns="http://www.loc.gov/standards/alto/ns-v4#"
      xsi:schemaLocation="http://www.loc.gov/standards/alto/ns-v4# http://www.loc.gov/standards/alto/v4/alto-4-2.xsd">
  <Description>
    <MeasurementUnit>pixel</MeasurementUnit>
    <sourceImageInformation>
      <fileName>2012984.png</fileName>
      
    </sourceImageInformation>
  </Description>
  
  <Tags>
    <OtherTag ID="BT10983" LABEL="GraphicZone" DESCRIPTION="block type GraphicZone"/><OtherTag ID="BT10982" LABEL="DropCapitalZone" DESCRIPTION="block type DropCapitalZone"/><OtherTag ID="BT10981" LABEL="RunningTitleZone" DESCRIPTION="block type RunningTitleZone"/><OtherTag ID="BT10980" LABEL="NumberingZone" DESCRIPTION="block type NumberingZone"/><OtherTag ID="BT10979" LABEL="TitlePageZone" DESCRIPTION="block type TitlePageZone"/><OtherTag ID="BT10978" LABEL="QuireMarksZone" DESCRIPTION="block type QuireMarksZone"/><OtherTag ID="BT10977" LABEL="MainZone" DESCRIPTION="block type MainZone"/><OtherTag ID="BT10976" LABEL="MarginTextZone" DESCRIPTION="block type MarginTextZone"/>
    <OtherTag ID="LT4321" LABEL="default" DESCRIPTION="line type default"/><OtherTag ID="LT4319" LABEL="HeadingLine" DESCRIPTION="line type HeadingLine"/><OtherTag ID="LT4318" LABEL="DefaultLine" DESCRIPTION="line type DefaultLine"/><OtherTag ID="LT4320" LABEL="CustomLine : BiblicalText" DESCRIPTION="line type CustomLine : BiblicalText"/>
  </Tags>
  
  <Layout>
    <Page WIDTH="1807"
          HEIGHT="2677"
          PHYSICAL_IMG_NR="31"
          ID="eSc_dummypage_">
      <PrintSpace HPOS="0"
                  VPOS="0"
                  WIDTH="1807"
                  HEIGHT="2677">
        
        <TextBlock HPOS="616.8751220703125"
                   VPOS="172.48223876953125"
                   WIDTH="73.9210205078125"
                   HEIGHT="53.58599853515625"
                   ID="block_3"
                   TAGREFS="BT10980">
          <Shape><Polygon POINTS="616.875 172.482 690.796 172.482 690.796 226.068 616.875 226.068 616.875 172.482"/></Shape>
          
          
          <TextLine ID="eSc_line_b75bd723"
                    TAGREFS="LT4318"
                    BASELINE="630 211 693 206" 
                    HPOS="627"
                    VPOS="172"
                    WIDTH="66"
                    HEIGHT="55">
            <Shape><Polygon POINTS="687 174 672 174 657 172 642 172 627 172 630 211 630 227 691 217 693 206 688 174 687 174"/></Shape>
	    <String CONTENT="72"
                    HPOS="627"
                    VPOS="172"
                    WIDTH="66"
                    HEIGHT="55"
                    WC="0.99935245513916"></String>
          </TextLine>

          
        </TextBlock>
        
        <TextBlock HPOS="834.3880615234375"
                   VPOS="152.9387969970703"
                   WIDTH="716.6998291015625"
                   HEIGHT="65.90936279296875"
                   ID="block_1"
                   TAGREFS="BT10981">
          <Shape><Polygon POINTS="834.388 152.939 1551.09 152.939 1551.09 218.848 834.388 218.848 834.388 152.939"/></Shape>
          
          
          <TextLine ID="eSc_line_47a9a0ec"
                    TAGREFS="LT4319"
                    BASELINE="843 203 1542 199" 
                    HPOS="841"
                    VPOS="154"
                    WIDTH="701"
                    HEIGHT="73">
            <Shape><Polygon POINTS="1511 162 1496 154 1481 154 1466 154 1451 154 1436 154 1421 154 1406 154 1393 154 1381 163 1308 154 1307 154 1305 154 1282 165 1282 166 1212 166 1212 165 1179 154 1177 154 1176 154 1174 154 1149 165 1127 154 1124 154 1109 154 1094 154 1079 154 1064 154 1049 154 1045 154 999 162 978 157 977 157 975 157 974 157 972 157 972 159 965 166 963 166 959 166 890 154 886 154 871 154 864 154 841 165 843 203 843 221 972 215 984 220 1002 227 1003 227 1005 227 1006 227 1008 227 1008 226 1015 220 1020 215 1052 215 1096 218 1195 226 1197 226 1252 215 1265 214 1271 215 1299 226 1301 226 1302 226 1403 214 1415 212 1417 214 1426 221 1426 223 1427 223 1429 223 1430 223 1432 223 1457 215 1485 224 1487 224 1488 224 1540 211 1542 199 1536 175 1525 169"/></Shape>
	    <String CONTENT="AD I. PAVL. AD TIM."
                    HPOS="841"
                    VPOS="154"
                    WIDTH="701"
                    HEIGHT="73"
                    WC="0.972199957621725"></String>
          </TextLine>

          
        </TextBlock>
        
        <TextBlock HPOS="598.6173095703125"
                   VPOS="229.28440856933594"
                   WIDTH="1066.98583984375"
                   HEIGHT="1936.127700805664"
                   ID="block_0"
                   TAGREFS="BT10977">
          <Shape><Polygon POINTS="598.617 229.284 1665.6 229.284 1665.6 2165.41 598.617 2165.41 598.617 229.284"/></Shape>
          
          
          <TextLine ID="eSc_line_25165413"
                    TAGREFS="LT4318"
                    BASELINE="615 279 1658 269" 
                    HPOS="614"
                    VPOS="217"
                    WIDTH="1044"
                    HEIGHT="87">
            <Shape><Polygon POINTS="1655 236 1640 229 1635 226 1549 217 1548 217 1546 217 1503 229 1466 218 1464 218 1463 218 1461 218 1435 230 1384 230 1362 218 1360 218 1359 218 1357 218 1322 229 1226 220 1225 220 1224 220 1194 232 1151 223 1149 223 1148 223 1121 232 1061 221 1060 221 987 232 936 223 935 223 864 236 757 236 725 226 724 226 722 226 721 226 719 226 703 236 652 230 651 230 614 237 615 279 615 298 762 304 764 304 765 304 767 304 773 298 779 294 791 298 803 303 804 303 806 303 835 298 867 294 881 298 895 303 896 303 898 303 899 303 901 303 907 298 917 292 947 292 956 298 959 301 960 301 962 301 963 303 1011 303 1011 301 1012 301 1014 301 1018 298 1027 291 1119 291 1130 298 1133 300 1134 300 1136 300 1137 300 1139 300 1145 297 1163 291 1182 297 1189 300 1191 300 1192 300 1212 297 1264 290 1338 297 1356 298 1357 298 1368 297 1417 288 1458 297 1463 297 1464 297 1466 297 1467 297 1509 287 1655 295 1658 269 1655 236 1655 236"/></Shape>
	    <String CONTENT="cap.8, &amp;3 cap.2. poſtea Apoſtolorum &amp; Marty¬"
                    HPOS="614"
                    VPOS="217"
                    WIDTH="1044"
                    HEIGHT="87"
                    WC="0.986811007965695"></String>
          </TextLine>

          
          
          <TextLine ID="eSc_line_5932b9ce"
                    TAGREFS="LT4318"
                    BASELINE="614 340 1052 333 1661 334" 
                    HPOS="612"
                    VPOS="288"
                    WIDTH="1049"
                    HEIGHT="74">
            <Shape><Polygon POINTS="614 340 614 356 667 352 675 358 678 361 679 361 681 361 682 362 737 362 737 361 755 358 782 352 823 358 853 361 855 361 874 358 905 352 938 358 959 361 960 361 989 358 1047 350 1134 358 1160 359 1161 359 1163 359 1164 359 1165 358 1176 350 1213 350 1247 358 1256 359 1258 359 1270 358 1326 349 1375 358 1377 358 1378 358 1380 358 1406 349 1487 349 1528 358 1530 358 1531 358 1533 358 1603 349 1658 358 1661 334 1659 294 1566 288 1564 288 1563 288 1561 288 1555 294 1552 297 1475 297 1466 294 1423 288 1421 288 1386 295 1381 295 1377 295 1325 288 1323 288 1322 288 1320 288 1308 295 1307 297 1289 295 1215 290 1213 290 1163 297 1157 297 1146 297 1011 290 1009 290 969 298 965 298 953 298 826 291 825 291 758 298 733 291 731 291 730 291 728 291 727 291 715 298 643 292 642 292 641 292 612 300 614 340"/></Shape>
	    <String CONTENT="rum vocabulis nuncupari ceperant, in quorum"
                    HPOS="612"
                    VPOS="288"
                    WIDTH="1049"
                    HEIGHT="74"
                    WC="0.986334732798643"></String>
          </TextLine>

          
          
          <TextLine ID="eSc_line_d5d8ce17"
                    TAGREFS="LT4318"
                    BASELINE="615 397 1656 388" 
                    HPOS="614"
                    VPOS="345"
                    WIDTH="1042"
                    HEIGHT="72">
            <Shape><Polygon POINTS="615 397 615 410 841 416 843 416 880 408 901 417 902 417 904 417 905 417 941 408 1021 408 1030 416 1032 416 1033 416 1035 416 1036 416 1057 407 1121 414 1122 414 1164 406 1165 406 1194 414 1195 414 1197 416 1289 416 1289 414 1359 404 1479 413 1481 413 1656 400 1656 388 1653 355 1577 355 1561 345 1560 345 1558 345 1557 345 1447 355 1435 346 1435 345 1433 345 1432 345 1314 345 1313 345 1216 356 1163 346 1161 346 1160 346 1133 358 1131 358 1121 358 963 348 962 348 960 348 959 348 948 355 883 350 881 350 880 350 859 359 855 359 713 350 712 350 710 350 678 359 627 350 626 350 624 350 623 350 614 356 615 397"/></Shape>
	    <String CONTENT="erant honorem &amp; memoriam cõſtructa Sozom."
                    HPOS="614"
                    VPOS="345"
                    WIDTH="1042"
                    HEIGHT="72"
                    WC="0.98867997101375"></String>
          </TextLine>

          
          
          <TextLine ID="eSc_line_85680ef4"
                    TAGREFS="LT4318"
                    BASELINE="611 456 1008 449 1655 449" 
                    HPOS="609"
                    VPOS="400"
                    WIDTH="1046"
                    HEIGHT="71">
            <Shape><Polygon POINTS="611 456 611 471 1655 465 1655 449 1653 411 1606 400 1570 400 1569 400 1567 400 1566 400 1566 401 1555 410 1528 403 1527 403 1525 403 1487 410 1476 403 1475 403 1473 403 1472 403 1470 403 1469 403 1457 411 1268 401 1267 401 1212 411 1197 401 1195 401 1194 401 1192 401 1142 403 1140 403 1139 403 1139 404 1127 413 899 403 898 403 896 403 895 403 877 414 815 406 813 406 812 406 788 416 679 416 626 404 624 404 623 404 621 404 609 413 611 456"/></Shape>
	    <String CONTENT="lib. 6.cap 8.quanquam ea Martyribus, non vt diis,"
                    HPOS="609"
                    VPOS="400"
                    WIDTH="1046"
                    HEIGHT="71"
                    WC="0.974093876322921"></String>
          </TextLine>

          
          
          <TextLine ID="eSc_line_49fe4fa8"
                    TAGREFS="LT4318"
                    BASELINE="615 514 1652 507" 
                    HPOS="614"
                    VPOS="461"
                    WIDTH="1038"
                    HEIGHT="74">
            <Shape><Polygon POINTS="615 514 615 535 823 524 843 532 844 532 846 532 847 532 874 524 1027 532 1029 532 1121 523 1231 529 1232 529 1234 529 1250 522 1396 527 1398 527 1481 520 1649 527 1652 507 1649 472 1570 472 1570 471 1542 461 1540 461 1539 461 1458 471 1442 472 1427 471 1369 462 1368 462 1366 462 1337 471 1326 474 1235 474 1224 469 1206 464 1204 464 1203 464 1201 464 1189 469 1180 475 1088 475 1079 469 1072 464 1070 464 1069 464 1067 464 1066 464 1048 469 1026 475 966 469 931 465 862 465 861 465 859 465 849 468 819 477 782 468 773 466 771 466 758 468 718 474 706 468 703 466 701 466 700 466 614 466 615 514"/></Shape>
	    <String CONTENT="fed vt hominibus, quorum memoriam colebant,"
                    HPOS="614"
                    VPOS="461"
                    WIDTH="1038"
                    HEIGHT="74"
                    WC="0.996767573578413"></String>
          </TextLine>

          
          
          <TextLine ID="eSc_line_f0167c8d"
                    TAGREFS="LT4318"
                    BASELINE="612 571 1653 563" 
                    HPOS="611"
                    VPOS="514"
                    WIDTH="1042"
                    HEIGHT="76">
            <Shape><Polygon POINTS="612 571 612 590 1160 590 1160 588 1243 581 1274 580 1280 581 1295 587 1296 587 1298 587 1375 580 1390 580 1417 580 1628 585 1630 585 1631 585 1653 577 1653 563 1650 529 1595 526 1582 514 1580 514 1579 514 1473 514 1472 514 1470 514 1441 530 1375 530 1323 516 1322 516 1320 516 1319 516 1317 516 1298 529 1271 520 1270 520 1268 520 1267 520 1235 529 1222 519 1222 517 1221 517 1219 517 1192 517 1191 517 1189 517 1188 517 1168 532 1145 532 1073 517 1072 517 1070 517 1024 532 978 519 977 519 975 519 974 519 939 532 880 532 820 519 819 519 611 535 612 571"/></Shape>
	    <String CONTENT="conſecrabant, vti ait Auguſtinus lib.22. de Ciuit."
                    HPOS="611"
                    VPOS="514"
                    WIDTH="1042"
                    HEIGHT="76"
                    WC="0.996483188867569"></String>
          </TextLine>

          
          
          <TextLine ID="eSc_line_efccf78a"
                    TAGREFS="LT4318"
                    BASELINE="612 630 1653 623" 
                    HPOS="611"
                    VPOS="575"
                    WIDTH="1042"
                    HEIGHT="77">
            <Shape><Polygon POINTS="612 630 612 643 791 652 792 652 794 652 831 643 837 642 856 643 972 651 974 651 1042 642 1057 640 1072 642 1151 649 1152 649 1154 649 1155 649 1165 642 1365 648 1366 648 1409 640 1436 648 1438 648 1439 648 1441 648 1460 639 1461 639 1463 639 1479 645 1481 645 1482 645 1524 639 1534 638 1537 639 1545 646 1546 646 1548 646 1549 646 1652 638 1653 623 1650 588 1595 575 1594 575 1592 575 1591 575 1572 587 1570 587 1445 575 1444 575 1442 575 1411 587 1403 590 1351 590 1342 585 1313 577 1311 577 1310 577 1308 577 1289 585 1283 588 1268 585 1244 581 1243 581 1241 581 1240 581 1240 582 1235 585 1231 590 1209 585 1186 581 1185 581 1157 585 1122 590 1115 585 1106 578 1105 578 1103 578 1029 578 1027 578 1026 578 1024 578 1017 584 1008 590 913 584 847 580 846 580 844 580 837 582 816 593 795 582 791 581 789 581 788 581 786 581 779 582 742 593 611 582 612 630"/></Shape>
	    <String CONTENT="Dei cap.1o. &amp; ſæpe Martyrium ipſum fuit totius"
                    HPOS="611"
                    VPOS="575"
                    WIDTH="1042"
                    HEIGHT="77"></String>
          </TextLine>

          
          
          <TextLine ID="eSc_line_a71d4e6a"
                    TAGREFS="LT4318"
                    BASELINE="614 688 1653 679" 
                    HPOS="612"
                    VPOS="633"
                    WIDTH="1041"
                    HEIGHT="77">
            <Shape><Polygon POINTS="614 688 614 701 701 701 704 701 736 710 737 710 739 710 853 700 861 700 862 700 871 709 873 709 874 709 875 710 959 710 959 709 960 709 984 698 987 698 999 698 1099 707 1100 707 1177 697 1185 697 1195 697 1304 706 1305 706 1377 697 1405 704 1406 704 1408 704 1409 704 1438 696 1461 704 1463 704 1464 704 1652 693 1653 679 1650 648 1583 648 1582 646 1563 633 1561 633 1560 633 1558 633 1466 646 1460 646 1457 646 1420 635 1418 635 1350 635 1348 635 1302 645 1282 651 1203 651 1188 645 1164 636 1163 636 1161 636 1160 636 1143 645 1130 652 963 652 901 643 868 639 867 639 865 639 864 639 859 642 846 652 779 654 740 642 734 640 733 640 731 640 612 640 614 688"/></Shape>
	    <String CONTENT="Baſileæ tantùm pars quædam cap.8. Demum ea¬"
                    HPOS="612"
                    VPOS="633"
                    WIDTH="1041"
                    HEIGHT="77"
                    WC="0.987152076580308"></String>
          </TextLine>

          
          
          <TextLine ID="eSc_line_408a6577"
                    TAGREFS="LT4318"
                    BASELINE="609 748 1656 740" 
                    HPOS="608"
                    VPOS="693"
                    WIDTH="1048"
                    HEIGHT="80">
            <Shape><Polygon POINTS="609 748 611 773 639 764 709 773 719 773 721 773 722 773 725 771 745 762 786 762 800 771 801 773 803 773 804 773 806 773 817 771 850 764 933 770 965 771 966 771 968 771 972 770 990 761 1039 768 1042 768 1044 768 1045 768 1047 768 1082 758 1290 758 1301 765 1304 768 1305 768 1307 768 1308 768 1337 765 1393 758 1412 764 1424 768 1426 768 1427 768 1448 764 1473 758 1487 764 1494 767 1496 767 1497 768 1525 768 1525 767 1527 767 1528 767 1528 765 1531 762 1539 756 1554 762 1564 767 1566 767 1567 767 1656 761 1656 740 1650 697 1631 707 1545 707 1528 697 1518 693 1516 693 1464 693 1463 693 1461 693 1450 698 1429 707 1418 698 1414 694 1412 694 1411 694 1374 694 1372 694 1371 694 1357 698 1332 709 1241 709 1226 698 1222 696 1221 696 1219 696 1218 696 1198 700 1174 704 1163 700 1154 696 1152 696 1151 696 1149 696 1140 700 1128 706 1070 700 1052 698 1051 698 1049 698 1045 700 1020 710 989 700 977 697 975 697 974 697 972 697 962 700 933 712 893 712 853 701 835 697 834 697 832 697 831 697 825 701 807 713 752 713 736 701 731 698 730 698 728 698 727 698 725 698 715 701 690 710 678 701 673 698 672 698 670 698 669 698 608 701 609 748"/></Shape>
	    <String CONTENT="dem templa conſecrari, dedicari, quibuſdámque"
                    HPOS="608"
                    VPOS="693"
                    WIDTH="1048"
                    HEIGHT="80"
                    WC="0.991032639275426"></String>
          </TextLine>

          
          
          <TextLine ID="eSc_line_305f887d"
                    TAGREFS="LT4318"
                    BASELINE="611 806 1653 798" 
                    HPOS="609"
                    VPOS="754"
                    WIDTH="1044"
                    HEIGHT="74">
            <Shape><Polygon POINTS="611 806 611 820 701 828 703 828 704 828 719 820 722 819 728 820 762 828 764 828 831 819 847 817 862 819 911 826 913 826 914 826 945 819 951 817 963 817 1018 823 1020 823 1069 817 1082 816 1084 817 1096 825 1097 825 1099 825 1100 826 1145 826 1145 825 1146 825 1179 816 1183 816 1191 816 1267 823 1268 823 1331 814 1338 814 1340 814 1359 823 1360 823 1362 823 1363 823 1399 814 1402 814 1403 814 1442 823 1444 823 1502 813 1509 813 1519 813 1598 820 1600 820 1652 812 1653 798 1650 765 1527 754 1525 754 1524 754 1496 764 1469 754 1467 754 1466 754 1464 754 1445 762 1424 755 1423 755 1421 755 1420 755 1418 755 1403 767 1329 767 1316 758 1314 758 1313 758 1311 758 1310 758 1308 758 1299 767 1246 767 1219 758 1218 758 1216 758 1215 758 1197 767 1174 756 1173 756 1099 756 1097 756 1096 756 1075 767 1027 756 1026 756 1024 756 983 768 856 758 855 758 853 758 817 770 804 759 803 759 801 759 800 759 727 770 712 759 710 759 709 759 645 759 643 759 642 759 609 771 611 806"/></Shape>
	    <String CONTENT="ritibus ſancta credi &amp; fieri ceperunt. Quod ante"
                    HPOS="609"
                    VPOS="754"
                    WIDTH="1044"
                    HEIGHT="74"
                    WC="0.976480379700661"></String>
          </TextLine>

          
          
          <TextLine ID="eSc_line_93b7238d"
                    TAGREFS="LT4318"
                    BASELINE="614 864 1655 858" 
                    HPOS="612"
                    VPOS="813"
                    WIDTH="1043"
                    HEIGHT="76">
            <Shape><Polygon POINTS="614 864 614 875 655 886 657 886 709 877 722 887 724 887 725 887 727 889 853 889 853 887 855 887 856 887 875 875 1070 886 1072 886 1137 874 1353 874 1375 883 1377 883 1378 883 1380 883 1403 872 1564 883 1566 883 1567 883 1588 872 1624 883 1625 883 1627 883 1628 883 1655 870 1655 858 1652 825 1591 825 1576 813 1574 813 1573 813 1572 813 1570 813 1534 823 1441 814 1439 814 1392 825 1377 814 1375 814 1374 814 1372 814 1286 825 1186 814 1185 814 1183 814 1182 814 1168 826 1131 826 950 816 948 816 873 819 871 819 852 829 764 829 743 817 742 817 740 817 682 826 635 817 633 817 632 817 630 817 612 826 614 864"/></Shape>
	    <String CONTENT="Conſtantinum Magnum factum &amp; vſurpatum"
                    HPOS="612"
                    VPOS="813"
                    WIDTH="1043"
                    HEIGHT="76"
                    WC="0.985682578463303"></String>
          </TextLine>

          
          
          <TextLine ID="eSc_line_e1a0d6b8"
                    TAGREFS="LT4318"
                    BASELINE="609 922 1653 916" 
                    HPOS="608"
                    VPOS="870"
                    WIDTH="1045"
                    HEIGHT="68">
            <Shape><Polygon POINTS="609 922 609 933 1344 938 1345 938 1347 938 1351 936 1365 931 1420 936 1426 936 1427 936 1430 936 1478 929 1496 936 1497 936 1499 936 1500 936 1543 929 1650 936 1653 916 1650 883 1572 883 1570 881 1546 871 1545 871 1543 871 1542 871 1540 871 1528 881 1527 883 1478 883 1475 881 1457 870 1456 870 1454 870 1453 870 1375 871 1374 871 1348 880 1340 884 1200 884 1192 878 1182 871 1180 871 1179 871 1136 871 1134 871 1133 871 1131 871 1131 872 1124 878 1122 880 1106 878 1057 872 1055 872 1054 872 1036 878 1014 886 931 886 917 877 911 872 910 872 908 872 907 872 861 877 762 886 727 875 721 874 719 874 718 874 608 874 609 922"/></Shape>
	    <String CONTENT="fuiſſe non videtur. Sed cùm primus ipſe in loco"
                    HPOS="608"
                    VPOS="870"
                    WIDTH="1045"
                    HEIGHT="68"
                    WC="0.984789999822775"></String>
          </TextLine>

          
          
          <TextLine ID="eSc_line_123ff61b"
                    TAGREFS="LT4318"
                    BASELINE="609 980 1649 972" 
                    HPOS="608"
                    VPOS="928"
                    WIDTH="1041"
                    HEIGHT="74">
            <Shape><Polygon POINTS="612 1002 626 993 706 1000 731 1002 733 1002 734 1002 740 999 755 993 864 997 929 1000 931 1000 932 1000 942 996 956 991 969 996 981 1000 983 1000 984 1000 1009 996 1038 990 1048 994 1054 997 1055 997 1057 997 1082 994 1118 990 1124 994 1128 999 1130 999 1131 999 1133 1000 1170 1000 1170 999 1171 999 1186 993 1194 990 1206 993 1225 997 1226 997 1228 997 1253 991 1271 989 1411 989 1412 990 1423 997 1424 997 1426 997 1427 997 1479 989 1484 989 1491 989 1603 996 1604 996 1647 986 1649 972 1646 941 1527 941 1463 928 1461 928 1460 928 1458 928 1439 941 1436 942 1396 942 1395 941 1383 931 1383 929 1381 929 1380 929 1348 929 1347 929 1345 929 1344 929 1329 941 1328 941 1322 941 1284 935 1283 935 1183 941 1134 942 1122 941 1078 931 1033 931 1032 931 1030 931 1005 941 993 944 980 941 951 932 950 932 948 932 947 932 914 941 899 944 886 941 868 935 867 935 865 935 838 941 810 947 754 947 734 941 712 933 710 933 709 933 608 939 609 980"/></Shape>
	    <String CONTENT="Caluariæ templum Martyrum exædificaſſet, po¬"
                    HPOS="608"
                    VPOS="928"
                    WIDTH="1041"
                    HEIGHT="74"
                    WC="0.971965043382211"></String>
          </TextLine>

          
          
          <TextLine ID="eSc_line_7e1a274a"
                    TAGREFS="LT4318"
                    BASELINE="606 1041 1649 1033" 
                    HPOS="605"
                    VPOS="986"
                    WIDTH="1044"
                    HEIGHT="78">
            <Shape><Polygon POINTS="606 1041 606 1060 675 1052 690 1060 694 1063 696 1063 697 1064 812 1064 812 1063 828 1060 871 1051 972 1057 974 1057 1023 1049 1060 1060 1063 1060 1064 1060 1066 1060 1067 1060 1069 1060 1082 1049 1219 1055 1221 1055 1222 1055 1240 1048 1296 1055 1298 1055 1353 1048 1415 1058 1420 1058 1421 1058 1426 1058 1487 1047 1542 1057 1543 1058 1647 1058 1649 1033 1644 997 1522 997 1518 997 1469 986 1467 986 1466 986 1441 997 1435 999 1427 997 1408 991 1406 991 1405 991 1403 991 1402 991 1396 997 1393 1000 1302 1000 1292 997 1255 989 1163 989 1161 989 1160 989 1158 989 1145 997 1139 1000 1128 997 1100 989 1099 989 1039 989 1038 989 1036 989 1011 997 999 1003 895 1003 889 997 880 990 878 990 877 990 826 990 825 990 823 990 822 990 813 997 804 1005 767 1005 759 997 754 993 754 991 752 991 751 991 749 991 748 991 725 997 706 1003 679 997 643 991 642 991 605 997 606 1041"/></Shape>
	    <String CONTENT="ſtea ad maiorem, vt illi volebant, venerationem,"
                    HPOS="605"
                    VPOS="986"
                    WIDTH="1044"
                    HEIGHT="78"
                    WC="0.993509820351998"></String>
          </TextLine>

          
          
          <TextLine ID="eSc_line_11bad299"
                    TAGREFS="LT4318"
                    BASELINE="606 1099 1650 1090" 
                    HPOS="605"
                    VPOS="1045"
                    WIDTH="1045"
                    HEIGHT="76">
            <Shape><Polygon POINTS="606 1099 606 1116 752 1121 754 1121 755 1121 765 1116 780 1110 797 1116 804 1119 806 1119 807 1119 809 1119 819 1116 834 1112 841 1116 846 1119 847 1119 849 1119 850 1121 953 1121 953 1119 1009 1116 1127 1107 1182 1115 1194 1116 1195 1116 1197 1116 1198 1116 1200 1115 1207 1107 1317 1106 1484 1113 1485 1113 1625 1106 1646 1113 1650 1090 1647 1057 1505 1057 1463 1045 1461 1045 1460 1045 1458 1045 1457 1045 1441 1057 1439 1057 1424 1057 1268 1047 1267 1047 1265 1047 1225 1057 1218 1058 1215 1057 1198 1047 1197 1047 1195 1047 1194 1047 1192 1047 1191 1047 1176 1057 1171 1060 1119 1060 1100 1057 1049 1048 1048 1048 916 1057 911 1057 910 1057 884 1049 883 1049 881 1049 838 1057 815 1061 804 1057 783 1049 782 1049 780 1049 779 1049 755 1057 739 1063 718 1057 691 1051 690 1051 688 1051 605 1057 606 1099"/></Shape>
	    <String CONTENT="ſed potius ad adulationem &amp; ad morem Pagano¬"
                    HPOS="605"
                    VPOS="1045"
                    WIDTH="1045"
                    HEIGHT="76"
                    WC="0.995869033715942"></String>
          </TextLine>

          
          
          <TextLine ID="eSc_line_9ed13ce8"
                    TAGREFS="LT4318"
                    BASELINE="605 1158 1652 1148" 
                    HPOS="603"
                    VPOS="1102"
                    WIDTH="1049"
                    HEIGHT="77">
            <Shape><Polygon POINTS="605 1158 605 1179 884 1170 896 1174 902 1176 904 1176 905 1176 907 1176 917 1173 941 1167 972 1173 996 1176 997 1176 1054 1170 1109 1165 1128 1168 1149 1173 1151 1173 1152 1173 1154 1173 1158 1168 1161 1165 1171 1168 1188 1173 1189 1173 1191 1173 1218 1167 1235 1164 1337 1164 1338 1165 1347 1173 1348 1173 1350 1173 1351 1173 1393 1164 1402 1163 1435 1163 1610 1168 1612 1168 1613 1168 1652 1158 1652 1148 1647 1112 1579 1112 1577 1112 1555 1102 1554 1102 1552 1102 1551 1102 1549 1102 1536 1110 1494 1103 1493 1103 1491 1103 1461 1113 1458 1113 1456 1113 1427 1103 1426 1103 1357 1103 1356 1103 1354 1103 1353 1103 1337 1113 1335 1115 1325 1113 1256 1105 1255 1105 1206 1115 1197 1116 1186 1115 1131 1106 1130 1106 1128 1106 1127 1106 1113 1116 1112 1116 1110 1116 1085 1106 1084 1106 1082 1106 1081 1106 1079 1106 1070 1113 938 1109 936 1109 881 1118 870 1119 867 1118 850 1109 849 1109 812 1109 810 1109 742 1119 724 1121 603 1121 605 1158"/></Shape>
	    <String CONTENT="rum, profanatum illud eſt potius: quàm dedica¬"
                    HPOS="603"
                    VPOS="1102"
                    WIDTH="1049"
                    HEIGHT="77"
                    WC="0.99769725444469"></String>
          </TextLine>

          
          
          <TextLine ID="eSc_line_a8cd0462"
                    TAGREFS="LT4318"
                    BASELINE="608 1215 1652 1204" 
                    HPOS="606"
                    VPOS="1158"
                    WIDTH="1046"
                    HEIGHT="80">
            <Shape><Polygon POINTS="608 1215 608 1228 667 1238 669 1238 825 1231 902 1237 904 1237 905 1237 907 1237 919 1228 925 1225 945 1228 989 1235 990 1235 1039 1228 1072 1223 1097 1228 1125 1234 1127 1235 1176 1235 1176 1234 1177 1234 1192 1228 1209 1222 1240 1228 1256 1231 1258 1231 1259 1231 1268 1228 1287 1222 1311 1228 1319 1229 1320 1229 1322 1229 1323 1229 1326 1228 1338 1222 1347 1228 1350 1231 1351 1231 1353 1231 1354 1231 1356 1231 1362 1228 1375 1221 1453 1228 1490 1231 1491 1231 1493 1231 1500 1228 1522 1219 1558 1228 1567 1229 1569 1231 1621 1231 1621 1229 1622 1229 1624 1229 1625 1228 1635 1221 1646 1228 1652 1204 1649 1171 1543 1158 1542 1158 1540 1158 1539 1158 1522 1168 1505 1160 1503 1160 1423 1160 1421 1160 1420 1160 1418 1160 1406 1167 1386 1160 1384 1160 1383 1160 1381 1160 1351 1171 1348 1173 1338 1171 1253 1161 1252 1161 1250 1161 1222 1173 1221 1173 1218 1173 1176 1163 1174 1163 1118 1173 1109 1174 1106 1173 1085 1163 1084 1163 1082 1163 1081 1163 1048 1173 1039 1176 1011 1173 947 1167 945 1167 944 1167 929 1174 925 1176 920 1174 899 1165 898 1165 896 1165 825 1174 807 1176 791 1174 754 1170 752 1170 751 1170 749 1170 743 1174 734 1179 606 1176 608 1215"/></Shape>
	    <String CONTENT="tum, &amp; conſecratum à quibuſdam inſulſis Epi¬"
                    HPOS="606"
                    VPOS="1158"
                    WIDTH="1046"
                    HEIGHT="80"
                    WC="0.98721698390113"></String>
          </TextLine>

          
          
          <TextLine ID="eSc_line_f86ed28a"
                    TAGREFS="LT4318"
                    BASELINE="603 1273 1652 1264" 
                    HPOS="602"
                    VPOS="1216"
                    WIDTH="1050"
                    HEIGHT="71">
            <Shape><Polygon POINTS="603 1273 603 1287 1650 1281 1652 1264 1647 1228 1577 1228 1576 1228 1561 1216 1560 1216 1558 1216 1525 1216 1524 1216 1522 1216 1499 1228 1497 1228 1496 1228 1481 1216 1479 1216 1478 1216 1476 1216 1417 1226 1405 1218 1403 1218 1402 1218 1323 1218 1322 1218 1320 1218 1298 1226 1283 1219 1282 1219 1280 1219 1279 1219 1264 1228 1259 1229 1218 1228 1174 1225 1173 1225 1157 1228 1122 1234 1090 1234 1079 1228 1066 1221 1064 1221 1026 1221 1024 1221 1023 1221 1021 1221 1014 1228 1008 1231 990 1228 969 1223 968 1223 944 1228 911 1234 798 1234 786 1228 779 1223 777 1223 776 1223 774 1223 758 1228 737 1232 727 1228 719 1223 718 1223 716 1223 715 1223 700 1228 675 1234 652 1228 639 1223 638 1223 636 1223 602 1226 603 1273"/></Shape>
	    <String CONTENT="ſcopis, Sozomenus lib.2.cap.26. &amp; Euſeb.lib.4."
                    HPOS="602"
                    VPOS="1216"
                    WIDTH="1050"
                    HEIGHT="71"></String>
          </TextLine>

          
          
          <TextLine ID="eSc_line_a99376be"
                    TAGREFS="LT4318"
                    BASELINE="603 1332 1655 1322" 
                    HPOS="602"
                    VPOS="1280"
                    WIDTH="1053"
                    HEIGHT="76">
            <Shape><Polygon POINTS="603 1332 603 1356 663 1344 734 1354 743 1354 745 1354 746 1354 751 1353 777 1345 951 1348 1012 1350 1014 1350 1015 1350 1024 1347 1055 1339 1090 1345 1110 1350 1112 1351 1189 1351 1189 1350 1191 1350 1192 1350 1200 1344 1209 1338 1247 1342 1283 1347 1284 1347 1319 1341 1340 1338 1348 1341 1363 1345 1365 1345 1366 1345 1368 1345 1369 1345 1375 1339 1380 1337 1435 1339 1570 1345 1572 1345 1653 1334 1655 1322 1653 1292 1628 1281 1627 1281 1625 1281 1624 1281 1601 1292 1380 1292 1344 1281 1342 1281 1341 1281 1340 1281 1338 1281 1329 1289 1308 1280 1307 1280 1234 1280 1232 1280 1231 1280 1201 1295 1103 1281 1102 1281 1100 1281 1099 1281 1099 1283 1084 1295 1014 1289 1012 1289 1011 1289 993 1296 972 1286 971 1286 969 1286 933 1292 905 1283 904 1283 902 1283 901 1283 865 1293 803 1284 801 1284 800 1284 771 1296 716 1286 715 1286 713 1286 667 1299 629 1286 627 1286 626 1286 624 1286 623 1286 602 1298 603 1332"/></Shape>
	    <String CONTENT="de vita Conſtantini. Quo ſcelere etiam pol¬"
                    HPOS="602"
                    VPOS="1280"
                    WIDTH="1053"
                    HEIGHT="76"
                    WC="0.983679280724636"></String>
          </TextLine>

          
          
          <TextLine ID="eSc_line_2d66f2c1"
                    TAGREFS="LT4318"
                    BASELINE="602 1392 1655 1381" 
                    HPOS="600"
                    VPOS="1334"
                    WIDTH="1055"
                    HEIGHT="80">
            <Shape><Polygon POINTS="602 1392 602 1409 761 1412 762 1412 788 1408 807 1403 825 1406 856 1414 858 1414 859 1414 875 1406 880 1403 884 1406 896 1414 898 1414 899 1414 901 1414 1093 1403 1148 1400 1152 1402 1164 1411 1165 1411 1167 1411 1168 1412 1201 1412 1201 1411 1203 1411 1237 1400 1246 1399 1295 1400 1502 1408 1503 1408 1537 1406 1539 1406 1540 1406 1552 1396 1554 1396 1574 1406 1576 1406 1577 1406 1653 1395 1655 1381 1650 1345 1574 1345 1569 1344 1522 1334 1521 1334 1464 1335 1463 1335 1461 1335 1451 1344 1447 1348 1304 1348 1296 1344 1286 1337 1284 1337 1283 1337 1253 1337 1252 1337 1198 1344 1157 1350 1145 1344 1131 1338 1130 1338 1128 1338 1096 1344 1087 1345 1078 1344 1051 1338 1049 1338 1048 1338 1027 1344 1005 1350 959 1344 923 1339 922 1339 920 1339 919 1339 914 1344 908 1350 844 1353 798 1344 782 1341 780 1341 779 1341 771 1344 742 1354 672 1345 670 1345 669 1345 643 1354 600 1344 602 1392"/></Shape>
	    <String CONTENT="lutum eſt templum illud auguſtum, quod Salua¬"
                    HPOS="600"
                    VPOS="1334"
                    WIDTH="1055"
                    HEIGHT="80"
                    WC="0.997257879045275"></String>
          </TextLine>

          
          
          <TextLine ID="eSc_line_3be02df7"
                    TAGREFS="LT4318"
                    BASELINE="603 1451 1649 1438" 
                    HPOS="602"
                    VPOS="1392"
                    WIDTH="1047"
                    HEIGHT="81">
            <Shape><Polygon POINTS="603 1451 603 1473 651 1466 725 1472 737 1472 739 1472 740 1472 743 1472 759 1464 853 1469 890 1470 892 1470 911 1467 953 1461 993 1466 1018 1469 1020 1469 1090 1464 1157 1460 1204 1461 1286 1466 1287 1466 1289 1466 1304 1460 1313 1457 1338 1460 1377 1463 1378 1463 1403 1458 1417 1455 1467 1457 1615 1461 1616 1461 1618 1461 1649 1453 1649 1438 1644 1403 1402 1405 1386 1392 1384 1392 1383 1392 1299 1392 1298 1392 1296 1392 1295 1392 1273 1405 1210 1399 1209 1399 1151 1408 1133 1395 1131 1395 1130 1395 1128 1395 1079 1405 1008 1396 1006 1396 911 1411 896 1399 895 1399 893 1399 864 1397 862 1397 861 1397 859 1397 850 1406 837 1397 835 1397 834 1397 832 1397 620 1403 618 1403 617 1403 602 1412 603 1451"/></Shape>
	    <String CONTENT="tori noſtro Hieroſolymis idem Cõſtantinus ex¬"
                    HPOS="602"
                    VPOS="1392"
                    WIDTH="1047"
                    HEIGHT="81"
                    WC="0.991654022880223"></String>
          </TextLine>

          
          
          <TextLine ID="eSc_line_a339822b"
                    TAGREFS="LT4318"
                    BASELINE="603 1508 1649 1499" 
                    HPOS="602"
                    VPOS="1455"
                    WIDTH="1047"
                    HEIGHT="72">
            <Shape><Polygon POINTS="603 1508 603 1519 914 1527 916 1527 965 1518 993 1527 994 1527 996 1527 1045 1518 1087 1527 1088 1527 1090 1527 1091 1527 1103 1518 1165 1525 1167 1525 1168 1525 1206 1516 1298 1525 1299 1525 1362 1516 1380 1524 1381 1524 1383 1524 1569 1515 1625 1522 1627 1522 1628 1522 1649 1511 1649 1499 1644 1455 1600 1464 1528 1457 1508 1455 1506 1455 1505 1455 1497 1457 1469 1466 1427 1458 1414 1457 1412 1457 1411 1457 1409 1457 1408 1460 1398 1467 1326 1467 1311 1461 1301 1457 1299 1457 1298 1457 1296 1457 1286 1461 1276 1466 1238 1463 1200 1458 1198 1458 1029 1466 931 1470 893 1469 777 1461 776 1461 774 1461 752 1472 749 1472 748 1472 727 1463 725 1463 724 1463 649 1472 615 1463 614 1463 612 1463 611 1463 609 1463 602 1469 603 1508"/></Shape>
	    <String CONTENT="truxit. Hunc tamen morem &amp; exemplum ſecuti"
                    HPOS="602"
                    VPOS="1455"
                    WIDTH="1047"
                    HEIGHT="72"
                    WC="0.981208305983316"></String>
          </TextLine>

          
          
          <TextLine ID="eSc_line_41e96740"
                    TAGREFS="LT4318"
                    BASELINE="602 1567 1647 1557" 
                    HPOS="600"
                    VPOS="1509"
                    WIDTH="1047"
                    HEIGHT="83">
            <Shape><Polygon POINTS="602 1567 602 1582 685 1582 687 1582 701 1592 703 1592 704 1592 706 1592 740 1591 742 1591 743 1591 743 1589 752 1580 754 1580 771 1580 898 1588 899 1588 901 1588 922 1579 923 1579 935 1589 936 1589 938 1589 939 1591 993 1591 993 1589 994 1589 1018 1579 1067 1588 1069 1588 1142 1580 1173 1588 1174 1588 1176 1588 1177 1588 1198 1576 1200 1576 1207 1576 1250 1583 1252 1583 1284 1576 1286 1576 1308 1586 1310 1586 1311 1586 1421 1574 1426 1574 1429 1574 1481 1585 1482 1585 1484 1585 1509 1573 1511 1573 1514 1573 1552 1583 1554 1583 1555 1583 1646 1571 1647 1557 1644 1521 1569 1509 1567 1509 1566 1509 1524 1519 1522 1519 1519 1519 1441 1512 1439 1512 1402 1519 1392 1521 1386 1519 1360 1509 1359 1509 1357 1509 1356 1509 1354 1509 1340 1519 1337 1521 1316 1519 1279 1515 1277 1515 1259 1518 1243 1522 1238 1518 1229 1511 1228 1511 1226 1511 1198 1511 1197 1511 1157 1518 1125 1524 989 1518 899 1513 898 1513 856 1516 855 1516 853 1516 853 1518 841 1527 797 1516 786 1515 785 1515 783 1515 777 1516 736 1530 684 1530 600 1516 602 1567"/></Shape>
	    <String CONTENT="ſunt poſtea alii Epiſcopi auidè, non ſpectaro, ſi ex"
                    HPOS="600"
                    VPOS="1509"
                    WIDTH="1047"
                    HEIGHT="83"
                    WC="0.998627104849186"></String>
          </TextLine>

          
          
          <TextLine ID="eSc_line_90af85d7"
                    TAGREFS="LT4318"
                    BASELINE="602 1624 1650 1615" 
                    HPOS="600"
                    VPOS="1570"
                    WIDTH="1050"
                    HEIGHT="74">
            <Shape><Polygon POINTS="602 1624 602 1638 884 1644 886 1644 966 1635 974 1635 983 1635 1122 1643 1124 1643 1177 1634 1179 1634 1264 1641 1265 1641 1372 1632 1429 1640 1430 1640 1475 1631 1490 1638 1491 1638 1493 1638 1554 1631 1610 1638 1612 1638 1613 1638 1650 1628 1650 1615 1647 1583 1563 1582 1525 1570 1524 1570 1522 1570 1454 1582 1444 1585 1368 1585 1365 1582 1350 1571 1348 1571 1347 1571 1345 1571 1256 1573 1255 1573 1253 1573 1243 1580 1198 1573 1197 1573 1195 1573 1194 1573 1185 1582 1183 1582 1180 1582 1148 1574 1146 1574 1107 1580 1076 1586 1014 1580 987 1579 986 1579 984 1579 975 1580 948 1588 939 1580 935 1577 935 1576 933 1576 932 1576 835 1576 834 1576 832 1576 822 1580 804 1588 788 1580 779 1576 777 1576 776 1576 774 1576 773 1576 767 1580 749 1591 713 1591 701 1580 699 1577 697 1577 696 1577 694 1577 600 1579 602 1624"/></Shape>
	    <String CONTENT="Dei verbo id fieret, neque quid ex eo mali con¬"
                    HPOS="600"
                    VPOS="1570"
                    WIDTH="1050"
                    HEIGHT="74"
                    WC="0.985028379775108"></String>
          </TextLine>

          
          
          <TextLine ID="eSc_line_746757bf"
                    TAGREFS="LT4318"
                    BASELINE="600 1683 1649 1674" 
                    HPOS="599"
                    VPOS="1627"
                    WIDTH="1050"
                    HEIGHT="77">
            <Shape><Polygon POINTS="600 1683 600 1696 718 1704 719 1704 764 1696 777 1695 816 1696 947 1702 948 1702 983 1695 994 1693 1012 1695 1055 1701 1057 1701 1182 1699 1183 1699 1192 1695 1198 1692 1212 1695 1235 1699 1237 1701 1298 1701 1298 1699 1299 1699 1311 1693 1320 1690 1646 1692 1649 1674 1646 1637 1607 1629 1606 1629 1539 1637 1533 1637 1531 1637 1509 1627 1508 1627 1506 1627 1505 1627 1475 1637 1469 1638 1460 1637 1415 1628 1414 1628 1412 1628 1392 1637 1369 1629 1368 1629 1366 1629 1365 1629 1344 1637 1342 1638 1340 1637 1322 1629 1320 1629 1319 1629 1317 1629 1290 1638 1282 1641 1165 1641 1161 1638 1140 1629 1139 1629 1137 1629 1085 1638 1069 1641 1064 1638 1052 1631 1051 1631 1049 1631 1048 1631 896 1638 867 1632 865 1632 864 1632 862 1632 853 1640 849 1643 838 1640 825 1635 823 1635 822 1635 820 1635 819 1635 815 1640 809 1644 730 1644 719 1640 706 1634 704 1634 703 1634 701 1634 688 1640 679 1644 663 1640 635 1634 633 1634 599 1640 600 1683"/></Shape>
	    <String CONTENT="ſequeretur: ſed placuit aliis nouitas &amp; ille ritus &amp;"
                    HPOS="599"
                    VPOS="1627"
                    WIDTH="1050"
                    HEIGHT="77"
                    WC="0.989405659528879"></String>
          </TextLine>

          
          
          <TextLine ID="eSc_line_5add51a0"
                    TAGREFS="LT4318"
                    BASELINE="600 1743 1649 1732" 
                    HPOS="599"
                    VPOS="1685"
                    WIDTH="1050"
                    HEIGHT="78">
            <Shape><Polygon POINTS="600 1743 600 1754 737 1763 739 1763 740 1763 758 1754 783 1762 785 1762 786 1762 788 1762 789 1762 798 1754 977 1760 978 1760 1067 1751 1079 1751 1088 1751 1171 1759 1173 1759 1221 1751 1229 1750 1241 1750 1307 1757 1308 1757 1341 1750 1350 1748 1363 1750 1411 1756 1412 1756 1414 1756 1441 1748 1445 1748 1448 1748 1469 1756 1470 1756 1472 1756 1649 1747 1649 1732 1646 1695 1551 1687 1549 1687 1548 1687 1521 1695 1499 1685 1497 1685 1496 1685 1414 1696 1412 1696 1354 1686 1353 1686 1222 1698 1124 1689 1122 1689 1121 1689 1085 1699 1049 1689 1048 1689 1047 1689 1045 1689 1002 1699 953 1690 951 1690 896 1702 895 1702 816 1692 815 1692 813 1692 812 1692 812 1693 800 1702 728 1693 727 1693 725 1693 724 1693 724 1695 712 1705 670 1705 611 1693 609 1693 608 1693 606 1693 606 1695 599 1701 600 1743"/></Shape>
	    <String CONTENT="inauguratio in Conſtantini templo iam vſurpota"
                    HPOS="599"
                    VPOS="1685"
                    WIDTH="1050"
                    HEIGHT="78"
                    WC="0.994790853365608"></String>
          </TextLine>

          
          
          <TextLine ID="eSc_line_5966bde2"
                    TAGREFS="LT4318"
                    BASELINE="599 1801 1646 1787" 
                    HPOS="597"
                    VPOS="1741"
                    WIDTH="1049"
                    HEIGHT="74">
            <Shape><Polygon POINTS="599 1801 599 1815 1644 1802 1646 1787 1641 1753 1576 1753 1574 1753 1563 1744 1561 1744 1560 1744 1558 1744 1557 1744 1540 1751 1528 1743 1527 1743 1525 1743 1524 1743 1466 1750 1447 1741 1445 1741 1444 1741 1442 1741 1406 1756 1405 1756 1402 1756 1374 1744 1372 1744 1311 1743 1310 1743 1308 1743 1307 1743 1290 1757 1258 1744 1256 1744 1203 1744 1201 1744 1200 1744 1198 1744 1176 1759 1173 1760 1100 1760 1081 1760 1067 1748 1066 1748 1064 1748 1063 1748 975 1754 947 1747 945 1747 944 1747 942 1747 908 1762 847 1748 846 1748 844 1748 807 1763 740 1750 739 1750 737 1750 707 1765 706 1765 620 1751 618 1751 617 1751 615 1751 597 1762 599 1801"/></Shape>
	    <String CONTENT="&amp; probara à quibuſdam, vt ab Euſebio Cæſarien¬"
                    HPOS="597"
                    VPOS="1741"
                    WIDTH="1049"
                    HEIGHT="74"
                    WC="0.99349145432736"></String>
          </TextLine>

          
          
          <TextLine ID="eSc_line_8703a278"
                    TAGREFS="LT4318"
                    BASELINE="597 1860 1649 1850" 
                    HPOS="596"
                    VPOS="1799"
                    WIDTH="1053"
                    HEIGHT="82">
            <Shape><Polygon POINTS="597 1860 597 1870 745 1881 746 1881 917 1869 933 1869 959 1869 1145 1875 1146 1875 1148 1875 1176 1867 1179 1867 1180 1867 1192 1876 1194 1876 1195 1876 1197 1876 1198 1876 1200 1876 1213 1867 1216 1866 1226 1867 1264 1875 1265 1875 1337 1867 1362 1864 1380 1867 1426 1873 1427 1875 1496 1875 1496 1873 1497 1873 1519 1866 1528 1863 1537 1866 1554 1872 1555 1872 1557 1872 1647 1864 1649 1850 1647 1811 1609 1799 1607 1799 1606 1799 1604 1799 1603 1799 1603 1801 1591 1811 1589 1811 1576 1811 1369 1801 1368 1801 1366 1801 1365 1801 1345 1812 1342 1814 1328 1812 1283 1806 1282 1806 1280 1806 1264 1812 1261 1814 1258 1812 1238 1802 1237 1802 1203 1802 1201 1802 1200 1802 1198 1802 1186 1812 1182 1815 1161 1812 1082 1804 1081 1804 1079 1804 1078 1804 1078 1805 1067 1814 1064 1815 1052 1814 997 1805 996 1805 994 1805 993 1805 983 1814 978 1818 895 1818 890 1814 878 1806 877 1806 875 1806 874 1806 837 1814 820 1806 819 1806 817 1806 816 1806 815 1806 815 1808 806 1815 801 1818 788 1815 748 1806 746 1806 745 1806 724 1815 712 1820 693 1815 657 1808 655 1808 596 1815 597 1860"/></Shape>
	    <String CONTENT="ſi Rethoricoteros laudata. Itaque Baſilius ipſe"
                    HPOS="596"
                    VPOS="1799"
                    WIDTH="1053"
                    HEIGHT="82"
                    WC="0.993961390028609"></String>
          </TextLine>

          
          
          <TextLine ID="eSc_line_c7e163f4"
                    TAGREFS="LT4318"
                    BASELINE="597 1915 1646 1905" 
                    HPOS="596"
                    VPOS="1860"
                    WIDTH="1050"
                    HEIGHT="80">
            <Shape><Polygon POINTS="597 1915 597 1930 658 1940 660 1940 661 1940 696 1930 697 1930 699 1930 764 1939 765 1939 767 1939 800 1928 803 1928 812 1928 902 1934 904 1934 951 1927 954 1927 956 1927 980 1937 981 1937 983 1939 1045 1939 1045 1937 1112 1925 1113 1925 1115 1925 1143 1934 1145 1934 1146 1934 1191 1924 1195 1924 1197 1924 1216 1933 1218 1933 1219 1933 1221 1933 1240 1925 1259 1934 1261 1934 1262 1936 1334 1936 1334 1934 1335 1934 1362 1922 1363 1922 1369 1922 1454 1933 1456 1933 1508 1922 1536 1931 1537 1931 1539 1931 1619 1930 1621 1930 1646 1920 1646 1905 1644 1872 1615 1862 1613 1862 1612 1862 1610 1862 1586 1870 1558 1863 1557 1863 1555 1863 1519 1870 1505 1862 1503 1862 1502 1862 1444 1860 1442 1860 1441 1860 1400 1872 1344 1860 1342 1860 1341 1860 1319 1872 1292 1863 1290 1863 1289 1863 1287 1863 1286 1863 1274 1872 1261 1862 1259 1862 1258 1862 1256 1862 1200 1873 1194 1875 1189 1873 1160 1863 1158 1863 1157 1863 1112 1872 1045 1863 1044 1863 1042 1863 1041 1863 1023 1875 1020 1878 966 1878 963 1875 948 1864 947 1864 945 1864 944 1864 892 1876 878 1878 840 1876 768 1872 767 1872 746 1876 733 1879 728 1876 716 1867 715 1867 713 1867 605 1867 603 1867 602 1867 600 1867 600 1869 596 1872 597 1915"/></Shape>
	    <String CONTENT="Epiſcopus vir alioqui doctus, ad Epiſcopi &amp;ad tẽ¬"
                    HPOS="596"
                    VPOS="1860"
                    WIDTH="1050"
                    HEIGHT="80"
                    WC="0.986247391700745"></String>
          </TextLine>

          
          
          <TextLine ID="eSc_line_1a427368"
                    TAGREFS="LT4318"
                    BASELINE="599 1975 1646 1964" 
                    HPOS="597"
                    VPOS="1921"
                    WIDTH="1049"
                    HEIGHT="73">
            <Shape><Polygon POINTS="599 1975 599 1985 774 1994 776 1994 875 1985 910 1983 1023 1983 1026 1985 1035 1992 1036 1992 1038 1992 1039 1992 1076 1985 1097 1982 1110 1985 1128 1991 1130 1991 1131 1992 1131 1991 1133 1991 1151 1985 1164 1982 1201 1985 1240 1989 1241 1989 1448 1988 1450 1988 1451 1988 1454 1985 1463 1979 1485 1985 1488 1986 1490 1986 1491 1986 1502 1985 1557 1979 1644 1985 1646 1964 1643 1930 1540 1921 1539 1921 1497 1928 1478 1921 1476 1921 1475 1921 1473 1921 1472 1921 1460 1930 1392 1921 1390 1921 1328 1931 1323 1931 1316 1931 1197 1922 1195 1922 1136 1933 1131 1933 1128 1933 1070 1924 1069 1924 1067 1924 1066 1924 1055 1933 1055 1934 1008 1934 999 1934 944 1925 942 1925 941 1925 939 1925 931 1934 929 1934 916 1934 746 1927 745 1927 597 1936 599 1975"/></Shape>
	    <String CONTENT="pli Baſilicæ conſecrationẽ ſolenniorẽ &amp; venera¬"
                    HPOS="597"
                    VPOS="1921"
                    WIDTH="1049"
                    HEIGHT="73"
                    WC="0.989256807735988"></String>
          </TextLine>

          
          
          <TextLine ID="eSc_line_b1dcf42a"
                    TAGREFS="LT4318"
                    BASELINE="596 2033 1644 2024" 
                    HPOS="594"
                    VPOS="1979"
                    WIDTH="1050"
                    HEIGHT="70">
            <Shape><Polygon POINTS="596 2033 596 2046 1292 2049 1293 2049 1295 2049 1313 2041 1433 2047 1435 2047 1643 2037 1644 2024 1641 1991 1493 1979 1491 1979 1438 1980 1436 1980 1435 1980 1417 1992 1415 1992 1412 1992 1371 1982 1369 1982 1368 1982 1366 1982 1351 1992 1350 1994 1151 1994 1149 1994 1121 1982 1119 1982 1118 1982 1073 1983 1072 1983 1070 1983 1060 1992 1006 1983 1005 1983 1003 1983 1002 1983 1002 1985 990 1995 989 1995 942 1997 935 1995 904 1985 902 1985 901 1985 849 1995 843 1997 835 1995 785 1985 783 1985 728 1986 727 1986 725 1986 710 1997 709 1998 704 1997 676 1986 675 1986 673 1986 594 1997 596 2033"/></Shape>
	    <String CONTENT="biliorẽ alios ſecum Epiſcopos conuocauit, vt tra¬"
                    HPOS="594"
                    VPOS="1979"
                    WIDTH="1050"
                    HEIGHT="70"
                    WC="0.971204069852829"></String>
          </TextLine>

          
          
          <TextLine ID="eSc_line_717dc213"
                    TAGREFS="LT4318"
                    BASELINE="596 2091 1647 2082" 
                    HPOS="594"
                    VPOS="2036"
                    WIDTH="1053"
                    HEIGHT="75">
            <Shape><Polygon POINTS="596 2091 596 2102 718 2111 719 2111 762 2104 780 2101 806 2104 855 2110 856 2110 938 2104 987 2101 1000 2104 1018 2110 1020 2110 1021 2110 1023 2110 1044 2104 1054 2102 1070 2104 1109 2110 1110 2110 1112 2110 1113 2110 1113 2108 1118 2104 1124 2098 1137 2105 1146 2108 1148 2108 1149 2110 1198 2110 1198 2108 1200 2108 1212 2105 1234 2098 1293 2105 1301 2105 1302 2105 1304 2105 1305 2105 1340 2096 1374 2105 1381 2107 1383 2107 1384 2107 1386 2107 1392 2105 1418 2098 1448 2104 1450 2104 1451 2104 1453 2104 1461 2096 1554 2096 1574 2105 1576 2105 1577 2107 1646 2107 1647 2082 1644 2049 1576 2036 1484 2036 1482 2036 1481 2036 1479 2036 1463 2046 1326 2037 1325 2037 1323 2037 1286 2050 1284 2050 1283 2050 1219 2038 1218 2038 1216 2038 1215 2038 1200 2050 1122 2043 1121 2043 1119 2043 1118 2043 1107 2052 1106 2053 1026 2053 1024 2052 1014 2043 1012 2043 1011 2043 951 2040 950 2040 948 2040 910 2053 905 2055 707 2055 704 2053 691 2043 690 2043 688 2043 687 2043 685 2043 655 2052 623 2043 621 2043 620 2043 618 2043 594 2052 596 2091"/></Shape>
	    <String CONTENT="dit Sozomenus lib.4.cap.13. Quod idem factita¬"
                    HPOS="594"
                    VPOS="2036"
                    WIDTH="1053"
                    HEIGHT="75"></String>
          </TextLine>

          
          
          <TextLine ID="eSc_line_c5d58eda"
                    TAGREFS="LT4318"
                    BASELINE="594 2150 1638 2141" 
                    HPOS="593"
                    VPOS="2092"
                    WIDTH="1045"
                    HEIGHT="109">
            <Shape><Polygon POINTS="594 2150 594 2201 641 2201 641 2199 642 2199 643 2199 676 2178 798 2178 816 2193 819 2198 820 2198 822 2198 823 2199 941 2199 941 2198 942 2198 963 2190 968 2189 1000 2189 1021 2189 1023 2189 1024 2189 1026 2189 1036 2180 1070 2187 1113 2196 1115 2196 1116 2196 1146 2184 1176 2174 1195 2174 1210 2183 1225 2195 1226 2195 1228 2195 1229 2196 1270 2196 1270 2195 1271 2195 1308 2183 1331 2193 1332 2193 1334 2195 1396 2195 1396 2193 1398 2193 1399 2193 1423 2177 1432 2172 1638 2172 1638 2141 1635 2105 1563 2104 1530 2092 1528 2092 1527 2092 1525 2092 1524 2092 1505 2105 1453 2096 1451 2096 1450 2096 1448 2096 1435 2107 1433 2107 1402 2094 1400 2094 1399 2094 1398 2094 1396 2094 1375 2107 1351 2094 1350 2094 1298 2094 1296 2094 1295 2094 1265 2108 1264 2110 1234 2110 1232 2108 1207 2095 1206 2095 1204 2095 1203 2095 1177 2108 1176 2110 1139 2110 1139 2108 1118 2095 1116 2095 1115 2095 1113 2095 994 2110 993 2110 991 2110 975 2096 974 2096 972 2096 947 2096 945 2096 944 2096 942 2096 926 2111 919 2111 850 2111 849 2111 826 2098 825 2098 823 2098 822 2098 820 2098 803 2107 768 2098 767 2098 765 2098 701 2099 700 2099 699 2099 678 2113 676 2114 593 2114 594 2150"/></Shape>
	    <String CONTENT="tum fuiſſe in occidentalibus Eccleſijs, ſed poſtea,"
                    HPOS="593"
                    VPOS="2092"
                    WIDTH="1045"
                    HEIGHT="109"
                    WC="0.990605454818875"></String>
          </TextLine>

          
        </TextBlock>
        
        <TextBlock HPOS="1436.4010009765625"
                   VPOS="2168.728515625"
                   WIDTH="198.360595703125"
                   HEIGHT="65.807861328125"
                   ID="block_2"
                   TAGREFS="BT10978">
          <Shape><Polygon POINTS="1436.4 2168.73 1634.76 2168.73 1634.76 2234.54 1436.4 2234.54 1436.4 2168.73"/></Shape>
          
          
          <TextLine ID="eSc_line_b8202702"
                    TAGREFS="LT4318"
                    BASELINE="1448 2201 1632 2201" 
                    HPOS="1448"
                    VPOS="2171"
                    WIDTH="184"
                    HEIGHT="79">
            <Shape><Polygon POINTS="1448 2201 1448 2236 1511 2250 1512 2250 1514 2250 1515 2250 1515 2248 1522 2242 1540 2226 1586 2226 1630 2250 1632 2201 1632 2171 1448 2171 1448 2201"/></Shape>
	    <String CONTENT="apparet"
                    HPOS="1448"
                    VPOS="2171"
                    WIDTH="184"
                    HEIGHT="79"></String>
          </TextLine>

          
        </TextBlock>
        

        
      </PrintSpace>
    </Page>
  </Layout>
</alto>
