<?xml version="1.0" encoding="UTF-8"?>
<alto xmlns:xsi="http://www.w3.org/2001/XMLSchema-instance"
      xmlns="http://www.loc.gov/standards/alto/ns-v4#"
      xsi:schemaLocation="http://www.loc.gov/standards/alto/ns-v4# http://www.loc.gov/standards/alto/v4/alto-4-2.xsd">
  <Description>
    <MeasurementUnit>pixel</MeasurementUnit>
    <sourceImageInformation>
      <fileName>2012997.png</fileName>
      
    </sourceImageInformation>
  </Description>
  
  <Tags>
    <OtherTag ID="BT10983" LABEL="GraphicZone" DESCRIPTION="block type GraphicZone"/><OtherTag ID="BT10982" LABEL="DropCapitalZone" DESCRIPTION="block type DropCapitalZone"/><OtherTag ID="BT10981" LABEL="RunningTitleZone" DESCRIPTION="block type RunningTitleZone"/><OtherTag ID="BT10980" LABEL="NumberingZone" DESCRIPTION="block type NumberingZone"/><OtherTag ID="BT10979" LABEL="TitlePageZone" DESCRIPTION="block type TitlePageZone"/><OtherTag ID="BT10978" LABEL="QuireMarksZone" DESCRIPTION="block type QuireMarksZone"/><OtherTag ID="BT10977" LABEL="MainZone" DESCRIPTION="block type MainZone"/><OtherTag ID="BT10976" LABEL="MarginTextZone" DESCRIPTION="block type MarginTextZone"/>
    <OtherTag ID="LT4321" LABEL="default" DESCRIPTION="line type default"/><OtherTag ID="LT4319" LABEL="HeadingLine" DESCRIPTION="line type HeadingLine"/><OtherTag ID="LT4318" LABEL="DefaultLine" DESCRIPTION="line type DefaultLine"/><OtherTag ID="LT4320" LABEL="CustomLine : BiblicalText" DESCRIPTION="line type CustomLine : BiblicalText"/>
  </Tags>
  
  <Layout>
    <Page WIDTH="1807"
          HEIGHT="2677"
          PHYSICAL_IMG_NR="44"
          ID="eSc_dummypage_">
      <PrintSpace HPOS="0"
                  VPOS="0"
                  WIDTH="1807"
                  HEIGHT="2677">
        
        <TextBlock HPOS="473.7486877441406"
                   VPOS="187.71751403808594"
                   WIDTH="329.5832214355469"
                   HEIGHT="55.69593811035156"
                   ID="block_3"
                   TAGREFS="BT10981">
          <Shape><Polygon POINTS="473.749 187.718 803.332 187.718 803.332 243.413 473.749 243.413 473.749 187.718"/></Shape>
          
          
          <TextLine ID="eSc_line_018ed36e"
                    TAGREFS="LT4319"
                    BASELINE="471 227 828 224" 
                    HPOS="469"
                    VPOS="184"
                    WIDTH="359"
                    HEIGHT="68">
            <Shape><Polygon POINTS="797 188 782 188 767 188 752 188 737 188 722 187 707 187 699 187 688 188 651 187 648 187 645 185 615 185 603 185 588 185 574 185 559 185 544 184 529 184 514 184 499 184 484 184 469 184 471 227 471 239 502 251 504 251 505 252 568 252 568 251 569 251 600 239 612 249 612 251 614 251 615 251 617 252 648 252 648 251 649 251 651 251 670 239 673 237 710 237 713 239 731 249 733 249 734 249 736 249 826 237 828 224 825 194 812 188"/></Shape>
	    <String CONTENT="CAPVT II."
                    HPOS="469"
                    VPOS="184"
                    WIDTH="359"
                    HEIGHT="68"
                    WC="0.998163554403517"></String>
          </TextLine>

          
        </TextBlock>
        
        <TextBlock HPOS="1106.980712890625"
                   VPOS="193.35702514648438"
                   WIDTH="72.3565673828125"
                   HEIGHT="59.229461669921875"
                   ID="block_0"
                   TAGREFS="BT10980">
          <Shape><Polygon POINTS="1106.98 193.357 1179.34 193.357 1179.34 252.586 1106.98 252.586 1106.98 193.357"/></Shape>
          
          
          <TextLine ID="eSc_line_d3c79ef3"
                    TAGREFS="LT4318"
                    BASELINE="1127 232 1160 236" 
                    HPOS="1122"
                    VPOS="188"
                    WIDTH="41"
                    HEIGHT="78">
            <Shape><Polygon POINTS="1161 196 1146 191 1131 188 1127 232 1122 251 1152 266 1160 236 1163 196 1161 196"/></Shape>
	    <String CONTENT="85."
                    HPOS="1122"
                    VPOS="188"
                    WIDTH="41"
                    HEIGHT="78"></String>
          </TextLine>

          
        </TextBlock>
        
        <TextBlock HPOS="121.76129913330078"
                   VPOS="249.57171630859375"
                   WIDTH="1063.3694381713867"
                   HEIGHT="1946.0508422851562"
                   ID="block_1"
                   TAGREFS="BT10977">
          <Shape><Polygon POINTS="121.761 249.572 1185.13 249.572 1185.13 2195.62 121.761 2195.62 121.761 249.572"/></Shape>
          
          
          <TextLine ID="eSc_line_99c07bf3"
                    TAGREFS="LT4318"
                    BASELINE="130 292 1177 300" 
                    HPOS="130"
                    VPOS="243"
                    WIDTH="1047"
                    HEIGHT="81">
            <Shape><Polygon POINTS="220 248 205 249 190 251 175 251 160 252 145 254 130 254 130 292 130 310 203 309 211 312 221 316 223 316 224 316 226 316 237 312 252 307 275 313 292 316 294 316 295 316 297 316 301 313 307 309 342 313 374 318 376 318 377 318 388 313 404 309 548 309 587 316 605 319 606 319 643 316 733 310 816 312 823 319 825 321 826 321 828 321 829 321 841 319 884 312 910 319 913 321 914 321 916 321 917 321 919 321 935 313 960 321 968 322 969 322 971 324 1176 324 1177 300 1176 263 1155 263 1155 261 1137 248 1136 248 1134 248 1045 248 1044 248 1042 248 1006 260 1000 261 993 260 956 251 954 251 953 251 936 258 933 261 880 261 874 258 844 246 843 246 841 246 840 246 812 257 758 245 757 245 755 245 730 257 724 260 609 260 603 255 591 245 590 245 588 245 544 243 542 243 541 243 517 254 511 255 498 254 443 243 441 243 440 243 438 243 438 245 429 252 423 257 251 257 243 249 240 246 234 248"/></Shape>
	    <String CONTENT="uſtè quoque illa à ſummo ſacrificatore loiada"
                    HPOS="130"
                    VPOS="243"
                    WIDTH="1047"
                    HEIGHT="81"
                    WC="0.958065049445376"></String>
          </TextLine>

          
          
          <TextLine ID="eSc_line_14d62c1c"
                    TAGREFS="LT4318"
                    BASELINE="132 350 1176 353" 
                    HPOS="130"
                    VPOS="306"
                    WIDTH="1046"
                    HEIGHT="74">
            <Shape><Polygon POINTS="132 350 130 365 206 367 226 377 227 377 229 377 281 370 370 377 371 377 373 377 410 368 629 368 675 379 676 379 678 379 700 370 718 379 719 379 721 379 776 371 873 379 874 380 1060 380 1060 379 1061 379 1079 371 1137 379 1139 379 1140 379 1174 368 1176 353 1174 319 1051 319 1049 318 1015 307 1014 307 1012 307 1011 307 980 318 978 318 950 307 948 307 947 307 898 318 893 319 846 319 843 318 825 307 823 307 822 307 608 316 591 316 590 316 577 306 575 306 574 306 572 306 522 316 516 318 486 318 484 316 471 306 469 306 468 306 466 306 465 306 438 315 435 316 432 315 403 306 401 306 400 306 398 306 362 315 350 306 349 306 348 306 304 306 303 306 301 306 300 306 300 307 291 315 288 318 187 318 182 315 171 306 169 306 168 306 166 306 132 313 132 350"/></Shape>
	    <String CONTENT="de regni ſolio deturbata &amp; deiecta, eſt, atque e¬"
                    HPOS="130"
                    VPOS="306"
                    WIDTH="1046"
                    HEIGHT="74"
                    WC="0.997947218466778"></String>
          </TextLine>

          
          
          <TextLine ID="eSc_line_54e839f8"
                    TAGREFS="LT4318"
                    BASELINE="132 408 1180 414" 
                    HPOS="132"
                    VPOS="367"
                    WIDTH="1048"
                    HEIGHT="76">
            <Shape><Polygon POINTS="132 408 132 428 218 428 223 429 239 438 240 438 242 438 243 438 275 429 282 428 290 429 318 438 319 438 321 438 322 438 350 431 361 428 466 428 475 431 507 440 508 440 510 440 646 432 682 431 688 432 709 441 710 441 712 443 762 443 762 441 764 441 765 441 777 434 783 431 853 431 859 434 874 441 875 441 877 441 1179 435 1180 414 1180 371 1051 371 1049 371 1048 371 1023 380 926 380 922 373 920 373 920 371 919 371 917 371 916 371 905 371 801 379 578 373 524 371 523 371 522 371 519 373 507 377 495 373 483 368 481 368 480 368 453 373 423 377 340 373 273 370 272 370 226 373 193 376 188 373 175 367 174 367 172 367 132 373 132 408"/></Shape>
	    <String CONTENT="tiam propter vſurpatum regnum necata. Quod"
                    HPOS="132"
                    VPOS="367"
                    WIDTH="1048"
                    HEIGHT="76"
                    WC="0.992663406190418"></String>
          </TextLine>

          
          
          <TextLine ID="eSc_line_dc7e00c7"
                    TAGREFS="LT4318"
                    BASELINE="130 466 1177 475" 
                    HPOS="129"
                    VPOS="429"
                    WIDTH="1048"
                    HEIGHT="66">
            <Shape><Polygon POINTS="130 466 129 484 1174 495 1177 475 1176 435 130 429 130 466"/></Shape>
	    <String CONTENT="de Amazonum regno commemoratur, primum"
                    HPOS="129"
                    VPOS="429"
                    WIDTH="1048"
                    HEIGHT="66"
                    WC="0.983298086806347"></String>
          </TextLine>

          
          
          <TextLine ID="eSc_line_546fe52e"
                    TAGREFS="LT4318"
                    BASELINE="132 529 1173 529" 
                    HPOS="132"
                    VPOS="484"
                    WIDTH="1041"
                    HEIGHT="70">
            <Shape><Polygon POINTS="132 529 132 545 455 545 456 545 474 554 475 554 477 554 478 554 501 545 502 545 538 545 539 545 548 554 550 554 551 554 553 554 554 554 577 545 580 545 581 545 603 554 605 554 606 554 1173 547 1173 529 1173 495 1140 484 1139 484 1137 484 1064 496 975 496 950 484 948 484 947 484 945 484 923 495 834 484 832 484 831 484 829 484 813 496 731 496 707 484 706 484 704 484 703 484 676 493 602 484 600 484 599 484 597 484 581 496 380 496 364 484 362 484 361 484 359 484 316 492 307 484 306 484 304 484 185 484 184 484 132 495 132 529"/></Shape>
	    <String CONTENT="vt fabuloſum non fuerit (quemadmodum omni¬"
                    HPOS="132"
                    VPOS="484"
                    WIDTH="1041"
                    HEIGHT="70"
                    WC="0.998718193599156"></String>
          </TextLine>

          
          
          <TextLine ID="eSc_line_87dc9bef"
                    TAGREFS="LT4318"
                    BASELINE="129 585 1176 591" 
                    HPOS="127"
                    VPOS="538"
                    WIDTH="1049"
                    HEIGHT="74">
            <Shape><Polygon POINTS="129 585 127 602 142 609 144 609 145 609 191 602 212 609 214 609 215 609 260 602 261 602 264 602 301 609 303 609 353 602 361 602 365 602 389 611 391 611 392 611 394 611 420 603 422 603 425 603 484 611 486 611 550 605 563 603 581 605 652 612 654 612 709 606 722 605 1173 609 1176 591 1171 542 1145 553 1113 542 1112 542 1110 542 1109 542 1105 542 1055 553 1042 542 1041 542 1039 542 913 541 911 541 884 544 820 551 780 544 768 542 767 542 765 542 759 544 739 551 397 551 389 547 371 538 370 538 368 538 129 547 129 585"/></Shape>
	    <String CONTENT="no fabuloſum non putant Arrianus, &amp; Q Curtius"
                    HPOS="127"
                    VPOS="538"
                    WIDTH="1049"
                    HEIGHT="74"
                    WC="0.999427726533678"></String>
          </TextLine>

          
          
          <TextLine ID="eSc_line_9cb678dc"
                    TAGREFS="LT4318"
                    BASELINE="133 642 1173 649" 
                    HPOS="132"
                    VPOS="596"
                    WIDTH="1041"
                    HEIGHT="80">
            <Shape><Polygon POINTS="133 642 132 663 251 670 252 670 254 670 264 664 275 660 340 660 370 666 400 672 401 672 449 667 499 661 551 667 596 673 597 673 666 669 758 663 800 663 810 670 816 675 817 675 819 675 820 675 861 670 922 664 932 672 935 675 936 675 938 675 939 675 941 675 947 672 959 666 969 672 978 676 980 676 981 676 1035 673 1125 666 1170 673 1173 649 1170 611 1067 611 1058 609 1021 602 1020 602 1018 602 999 609 991 612 987 609 978 603 977 603 975 603 974 603 972 603 956 609 951 611 950 609 939 600 938 600 936 600 881 600 880 600 832 609 817 611 815 608 804 600 803 600 801 600 757 599 755 599 641 608 615 609 602 608 551 599 550 599 493 608 486 608 483 608 464 597 462 597 461 597 403 606 392 608 373 606 297 600 295 600 234 606 227 606 226 606 215 597 215 596 214 596 212 596 211 596 209 596 191 606 188 606 133 606 133 642"/></Shape>
	    <String CONTENT="quíque res geſtas Alexandri Magni ſcripſerunt)"
                    HPOS="132"
                    VPOS="596"
                    WIDTH="1041"
                    HEIGHT="80"
                    WC="0.987193966165502"></String>
          </TextLine>

          
          
          <TextLine ID="eSc_line_04fb441e"
                    TAGREFS="LT4318"
                    BASELINE="132 703 1176 706" 
                    HPOS="130"
                    VPOS="667"
                    WIDTH="1046"
                    HEIGHT="66">
            <Shape><Polygon POINTS="132 703 130 718 202 719 218 730 220 730 221 730 223 730 260 722 309 730 310 730 312 730 313 730 327 721 343 730 345 730 346 730 348 730 367 721 407 730 408 730 410 730 429 721 510 721 526 730 527 730 529 730 530 730 532 730 562 721 642 721 706 731 707 731 709 731 725 724 771 731 773 733 1136 733 1136 731 1137 731 1174 721 1176 706 1174 667 132 667 132 703"/></Shape>
	    <String CONTENT="tamen præter rerum naturam conſtitutum eſt il¬"
                    HPOS="130"
                    VPOS="667"
                    WIDTH="1046"
                    HEIGHT="66"
                    WC="0.998943236858948"></String>
          </TextLine>

          
          
          <TextLine ID="eSc_line_e514dfc8"
                    TAGREFS="LT4318"
                    BASELINE="129 759 1173 765" 
                    HPOS="127"
                    VPOS="715"
                    WIDTH="1046"
                    HEIGHT="74">
            <Shape><Polygon POINTS="127 776 172 785 174 785 352 777 371 777 373 777 389 786 391 786 392 786 544 779 547 779 550 779 651 788 652 788 871 780 874 780 875 780 947 789 948 789 1171 780 1173 765 1173 730 1027 721 1026 721 1024 721 1023 721 1015 727 1012 730 929 730 919 725 901 719 899 719 898 719 782 724 690 727 669 722 652 718 651 718 649 718 556 721 392 725 199 716 197 716 196 716 166 724 130 715 129 759 127 776"/></Shape>
	    <String CONTENT="lud regnum, &amp; in virilis ſexus apertam contume¬"
                    HPOS="127"
                    VPOS="715"
                    WIDTH="1046"
                    HEIGHT="74"
                    WC="0.979509238232958"></String>
          </TextLine>

          
          
          <TextLine ID="eSc_line_ba532271"
                    TAGREFS="LT4318"
                    BASELINE="129 819 1174 822" 
                    HPOS="129"
                    VPOS="771"
                    WIDTH="1045"
                    HEIGHT="76">
            <Shape><Polygon POINTS="1173 786 1112 786 1110 785 1094 774 1093 774 1091 774 1090 774 953 776 951 776 950 776 941 782 936 785 926 782 896 774 895 774 856 774 855 774 853 774 852 774 843 780 835 785 649 785 629 777 609 773 608 773 606 773 585 777 557 785 462 785 446 776 441 773 440 773 438 773 437 773 428 774 400 783 389 774 388 774 388 773 386 773 385 773 330 773 328 773 327 773 325 773 312 783 176 783 130 771 129 819 129 835 251 835 263 844 263 846 264 846 266 846 267 847 340 847 340 846 342 846 343 846 352 838 370 846 371 846 373 846 374 846 394 835 395 835 452 835 471 844 472 844 474 844 536 835 539 835 559 846 560 846 652 847 654 847 724 840 788 847 789 847 843 837 889 844 890 844 944 837 963 847 965 847 966 847 1069 838 1110 847 1112 847 1173 835 1174 822 1173 786"/></Shape>
	    <String CONTENT="liam. Quid enim magis portentoſum &amp; mõſtro¬"
                    HPOS="129"
                    VPOS="771"
                    WIDTH="1045"
                    HEIGHT="76"
                    WC="0.971606537699699"></String>
          </TextLine>

          
          
          <TextLine ID="eSc_line_6ccc3569"
                    TAGREFS="LT4318"
                    BASELINE="127 878 1174 883" 
                    HPOS="126"
                    VPOS="831"
                    WIDTH="1048"
                    HEIGHT="70">
            <Shape><Polygon POINTS="127 878 126 898 1171 901 1174 883 1174 843 1161 834 1160 834 1158 834 1157 834 999 843 922 834 920 834 877 843 875 843 825 832 823 832 746 841 673 832 672 832 670 832 669 832 657 841 657 843 563 843 562 841 550 834 548 834 547 834 545 834 544 834 520 841 517 841 514 841 456 831 392 831 391 831 389 831 388 831 377 840 377 841 184 841 181 840 168 831 166 831 165 831 163 831 127 838 127 878"/></Shape>
	    <String CONTENT="ſum &amp; à muliebris ingenij manſuetudine alienũ,"
                    HPOS="126"
                    VPOS="831"
                    WIDTH="1048"
                    HEIGHT="70"
                    WC="0.9923968637983"></String>
          </TextLine>

          
          
          <TextLine ID="eSc_line_550977e1"
                    TAGREFS="LT4318"
                    BASELINE="127 938 1177 938" 
                    HPOS="127"
                    VPOS="895"
                    WIDTH="1050"
                    HEIGHT="67">
            <Shape><Polygon POINTS="127 938 127 962 1177 956 1177 938 1177 904 1112 895 1003 895 1002 895 1000 895 999 895 989 902 716 895 715 895 672 902 618 895 617 895 615 895 594 904 373 904 291 895 290 895 288 895 257 902 187 895 185 895 127 902 127 938"/></Shape>
	    <String CONTENT="quàm videre armatarum mulierum exercitũ con¬"
                    HPOS="127"
                    VPOS="895"
                    WIDTH="1050"
                    HEIGHT="67"></String>
          </TextLine>

          
          
          <TextLine ID="eSc_line_9ef90614"
                    TAGREFS="LT4318"
                    BASELINE="129 994 1174 999" 
                    HPOS="127"
                    VPOS="951"
                    WIDTH="1047"
                    HEIGHT="67">
            <Shape><Polygon POINTS="129 994 127 1012 1171 1018 1174 999 1173 963 1097 953 1096 953 986 960 968 962 963 960 938 953 936 953 935 953 859 960 849 960 846 960 826 951 825 951 722 951 721 951 719 951 718 951 709 959 706 960 129 954 129 994"/></Shape>
	    <String CONTENT="tra viros concurrentem: ac latiſſimam quandam"
                    HPOS="127"
                    VPOS="951"
                    WIDTH="1047"
                    HEIGHT="67"
                    WC="0.997800433635712"></String>
          </TextLine>

          
          
          <TextLine ID="eSc_line_1ae08dc1"
                    TAGREFS="LT4318"
                    BASELINE="127 1054 1176 1054" 
                    HPOS="127"
                    VPOS="1012"
                    WIDTH="1049"
                    HEIGHT="66">
            <Shape><Polygon POINTS="127 1054 127 1078 1176 1078 1176 1054 1176 1020 127 1012 127 1054"/></Shape>
	    <String CONTENT="terræ plagam cernere, quæ omnino viris &amp; mari¬"
                    HPOS="127"
                    VPOS="1012"
                    WIDTH="1049"
                    HEIGHT="66"
                    WC="0.976697089879409"></String>
          </TextLine>

          
          
          <TextLine ID="eSc_line_137c2811"
                    TAGREFS="LT4318"
                    BASELINE="130 1110 1173 1116" 
                    HPOS="129"
                    VPOS="1063"
                    WIDTH="1044"
                    HEIGHT="77">
            <Shape><Polygon POINTS="130 1110 129 1124 236 1136 237 1136 285 1127 307 1136 309 1136 310 1136 312 1136 330 1127 334 1127 458 1137 459 1137 536 1128 544 1128 550 1128 590 1137 591 1137 593 1137 594 1137 605 1130 606 1128 609 1130 633 1137 635 1137 636 1137 716 1130 730 1130 745 1131 822 1139 823 1139 825 1139 849 1131 850 1131 853 1131 871 1139 873 1139 874 1139 875 1139 893 1133 898 1131 916 1133 999 1140 1000 1140 1171 1134 1173 1116 1171 1073 1047 1067 1045 1067 1024 1072 1006 1075 1002 1070 997 1067 996 1067 994 1067 993 1067 977 1070 962 1073 939 1070 907 1066 905 1066 880 1070 855 1073 812 1069 779 1066 777 1066 757 1069 724 1073 691 1067 676 1066 675 1066 673 1066 667 1067 652 1073 636 1067 629 1064 627 1064 626 1064 609 1067 581 1073 446 1073 426 1066 423 1064 422 1064 420 1064 382 1064 169 1070 130 1063 130 1110"/></Shape>
	    <String CONTENT="bus careret. Itaque videntur illæ contra ipſam"
                    HPOS="129"
                    VPOS="1063"
                    WIDTH="1044"
                    HEIGHT="77"
                    WC="0.983945764925169"></String>
          </TextLine>

          
          
          <TextLine ID="eSc_line_e195bad7"
                    TAGREFS="LT4318"
                    BASELINE="127 1170 1171 1173" 
                    HPOS="127"
                    VPOS="1122"
                    WIDTH="1044"
                    HEIGHT="75">
            <Shape><Polygon POINTS="127 1170 127 1189 484 1186 511 1189 554 1194 556 1194 615 1189 645 1186 654 1188 676 1195 678 1195 679 1197 899 1197 899 1195 939 1188 942 1188 953 1188 1118 1195 1119 1195 1170 1186 1171 1173 1170 1137 1006 1137 1000 1134 962 1124 960 1124 959 1124 957 1124 935 1134 929 1136 902 1133 835 1127 834 1127 794 1133 768 1136 762 1131 752 1124 751 1124 749 1124 748 1124 746 1124 719 1131 716 1131 709 1131 614 1122 612 1122 545 1130 536 1130 533 1130 513 1122 511 1122 510 1122 508 1122 507 1122 499 1128 492 1134 452 1128 417 1124 416 1124 414 1124 398 1128 379 1133 371 1127 364 1122 362 1122 361 1122 318 1122 316 1122 315 1122 306 1127 294 1133 243 1125 215 1122 214 1122 212 1122 211 1122 206 1125 193 1134 175 1125 169 1122 168 1122 166 1122 127 1124 127 1170"/></Shape>
	    <String CONTENT="fœminei ſexus vel potius humanam naturam pu¬"
                    HPOS="127"
                    VPOS="1122"
                    WIDTH="1044"
                    HEIGHT="75"
                    WC="0.989546522498131"></String>
          </TextLine>

          
          
          <TextLine ID="eSc_line_88a841f9"
                    TAGREFS="LT4318"
                    BASELINE="129 1228 1174 1232" 
                    HPOS="129"
                    VPOS="1180"
                    WIDTH="1045"
                    HEIGHT="76">
            <Shape><Polygon POINTS="129 1228 129 1252 184 1244 221 1252 229 1253 230 1253 260 1252 392 1244 407 1252 411 1253 413 1253 414 1253 416 1253 420 1252 438 1244 481 1252 504 1255 505 1255 547 1252 609 1246 740 1250 884 1256 886 1256 887 1256 905 1250 911 1249 922 1250 956 1256 957 1256 1012 1250 1039 1247 1171 1249 1174 1232 1173 1194 1094 1194 1093 1192 1084 1183 1082 1183 1081 1183 1079 1183 1078 1183 1052 1192 1051 1192 1048 1192 1024 1183 1023 1183 1021 1183 1020 1183 999 1192 996 1192 986 1191 926 1183 925 1183 923 1183 896 1191 889 1192 880 1191 846 1183 844 1183 843 1183 817 1189 812 1191 789 1189 676 1182 675 1182 588 1188 544 1192 493 1192 489 1188 481 1182 481 1180 480 1180 478 1180 477 1180 425 1186 398 1189 358 1186 292 1180 224 1180 223 1180 221 1180 209 1185 196 1189 129 1185 129 1228"/></Shape>
	    <String CONTENT="gnaſſe, &amp; auxiliũ, quod à Deo optimũ &amp; præſtan¬"
                    HPOS="129"
                    VPOS="1180"
                    WIDTH="1045"
                    HEIGHT="76"
                    WC="0.997353662252426"></String>
          </TextLine>

          
          
          <TextLine ID="eSc_line_33a340c2"
                    TAGREFS="LT4318"
                    BASELINE="129 1287 1168 1292" 
                    HPOS="127"
                    VPOS="1240"
                    WIDTH="1041"
                    HEIGHT="73">
            <Shape><Polygon POINTS="129 1287 127 1299 331 1310 333 1310 334 1310 364 1302 536 1302 545 1311 547 1311 548 1311 550 1311 588 1304 597 1311 599 1311 600 1311 602 1311 737 1304 745 1304 751 1304 846 1313 847 1313 1167 1305 1168 1292 1168 1256 1127 1243 1125 1243 1124 1243 1122 1243 1121 1243 1121 1244 1107 1256 1106 1256 1020 1256 1018 1255 1003 1247 1002 1247 1000 1247 999 1247 997 1247 989 1255 989 1256 823 1256 820 1255 783 1241 782 1241 572 1241 571 1241 513 1253 508 1253 505 1253 468 1240 466 1240 465 1240 362 1250 165 1240 163 1240 162 1240 160 1240 147 1252 145 1252 129 1252 129 1287"/></Shape>
	    <String CONTENT="tiſſimum paratum eſt mulieribus, nempe mari¬"
                    HPOS="127"
                    VPOS="1240"
                    WIDTH="1041"
                    HEIGHT="73"
                    WC="0.989646721969951"></String>
          </TextLine>

          
          
          <TextLine ID="eSc_line_c05389e1"
                    TAGREFS="LT4318"
                    BASELINE="129 1344 1167 1348" 
                    HPOS="129"
                    VPOS="1296"
                    WIDTH="1038"
                    HEIGHT="70">
            <Shape><Polygon POINTS="1165 1314 913 1314 907 1310 901 1305 899 1305 898 1305 896 1305 874 1310 855 1313 846 1308 822 1298 820 1298 694 1298 693 1298 691 1298 675 1305 648 1298 646 1298 645 1298 643 1298 626 1305 614 1311 571 1305 559 1304 557 1304 556 1304 551 1305 526 1311 519 1304 511 1298 510 1298 508 1298 507 1298 505 1298 487 1304 480 1307 472 1304 458 1296 456 1296 419 1296 417 1296 416 1296 414 1296 407 1302 401 1308 392 1302 380 1296 379 1296 327 1296 325 1296 324 1296 315 1301 301 1308 282 1301 270 1296 269 1296 267 1296 220 1299 156 1305 130 1299 129 1344 129 1366 1165 1366 1167 1348 1165 1314"/></Shape>
	    <String CONTENT="tos reieciſſe. Vnde prorſus breuíq; tempore to¬"
                    HPOS="129"
                    VPOS="1296"
                    WIDTH="1038"
                    HEIGHT="70"></String>
          </TextLine>

          
          
          <TextLine ID="eSc_line_e688ed4a"
                    TAGREFS="LT4318"
                    BASELINE="127 1402 1165 1409" 
                    HPOS="126"
                    VPOS="1354"
                    WIDTH="1039"
                    HEIGHT="76">
            <Shape><Polygon POINTS="127 1402 126 1415 159 1426 160 1426 162 1426 272 1418 273 1418 276 1418 359 1427 361 1427 638 1423 739 1421 745 1424 758 1430 759 1430 761 1430 762 1430 764 1430 771 1424 776 1423 1163 1429 1165 1409 1165 1369 1143 1360 1142 1360 1140 1360 1139 1360 1122 1369 1119 1371 1115 1369 1099 1360 1097 1360 1096 1360 1094 1360 1079 1368 1073 1372 959 1372 950 1368 929 1359 928 1359 926 1359 883 1366 868 1359 867 1359 865 1359 864 1359 843 1366 834 1369 825 1366 801 1359 800 1359 798 1359 797 1359 795 1359 786 1366 782 1369 773 1366 751 1357 749 1357 748 1357 697 1365 681 1368 669 1365 635 1357 587 1357 585 1357 584 1357 582 1357 574 1365 568 1368 545 1365 489 1356 487 1356 422 1363 406 1365 395 1363 365 1357 364 1357 362 1357 361 1357 352 1363 346 1366 328 1363 285 1354 284 1354 282 1354 264 1362 261 1363 257 1362 232 1354 230 1354 190 1354 188 1354 187 1354 185 1354 185 1356 178 1362 175 1365 168 1362 153 1356 151 1356 150 1356 127 1360 127 1402"/></Shape>
	    <String CONTENT="ta illa Amazonũ gẽs deleta eſt. Sed ad propoſitã"
                    HPOS="126"
                    VPOS="1354"
                    WIDTH="1039"
                    HEIGHT="76"
                    WC="0.989877915849873"></String>
          </TextLine>

          
          
          <TextLine ID="eSc_line_f1798a12"
                    TAGREFS="LT4318"
                    BASELINE="129 1460 1167 1467" 
                    HPOS="127"
                    VPOS="1417"
                    WIDTH="1040"
                    HEIGHT="70">
            <Shape><Polygon POINTS="129 1460 127 1481 1164 1487 1167 1467 1165 1435 1119 1423 1048 1423 1047 1423 1045 1423 1044 1423 1032 1432 1020 1423 1018 1423 1017 1423 1015 1423 1014 1423 984 1433 981 1433 873 1433 873 1432 849 1421 847 1421 846 1421 844 1421 825 1432 823 1433 759 1433 755 1432 721 1420 719 1420 718 1420 565 1430 547 1430 530 1429 408 1418 407 1418 406 1418 404 1418 391 1429 389 1430 340 1430 337 1429 322 1417 321 1417 319 1417 318 1417 129 1426 129 1460"/></Shape>
	    <String CONTENT="quæſtionem reuertamur. Quanquam verò Iſai.3."
                    HPOS="127"
                    VPOS="1417"
                    WIDTH="1040"
                    HEIGHT="70"
                    WC="0.99757098754247"></String>
          </TextLine>

          
          
          <TextLine ID="eSc_line_405cb793"
                    TAGREFS="LT4318"
                    BASELINE="130 1519 1168 1524" 
                    HPOS="129"
                    VPOS="1475"
                    WIDTH="1039"
                    HEIGHT="76">
            <Shape><Polygon POINTS="130 1519 129 1536 278 1539 288 1548 290 1548 291 1548 292 1548 350 1539 362 1537 432 1537 441 1539 475 1549 477 1549 478 1549 480 1549 501 1540 502 1540 575 1546 577 1546 578 1546 593 1540 599 1539 699 1539 706 1542 715 1546 716 1546 718 1546 719 1546 730 1542 736 1539 774 1542 822 1546 823 1546 825 1546 838 1543 849 1540 862 1543 899 1551 901 1551 902 1551 929 1543 941 1540 950 1543 968 1551 969 1551 971 1551 1167 1545 1168 1524 1168 1490 1006 1490 1005 1488 980 1478 978 1478 916 1478 914 1478 913 1478 911 1478 911 1479 901 1488 899 1490 864 1490 862 1488 852 1479 852 1478 850 1478 849 1478 795 1476 767 1476 765 1476 764 1476 762 1476 762 1478 751 1487 751 1488 666 1488 664 1487 627 1476 626 1476 624 1476 623 1476 621 1476 608 1485 597 1478 597 1476 596 1476 594 1476 562 1476 560 1476 559 1476 520 1487 517 1487 513 1487 477 1475 475 1475 208 1475 206 1475 130 1484 130 1519"/></Shape>
	    <String CONTENT="verſ.II. pro magno Dei maledictionis ſigno po¬"
                    HPOS="129"
                    VPOS="1475"
                    WIDTH="1039"
                    HEIGHT="76"></String>
          </TextLine>

          
          
          <TextLine ID="eSc_line_9ee0ac97"
                    TAGREFS="LT4318"
                    BASELINE="126 1580 1173 1585" 
                    HPOS="126"
                    VPOS="1533"
                    WIDTH="1047"
                    HEIGHT="76">
            <Shape><Polygon POINTS="126 1580 126 1595 272 1595 275 1595 287 1604 288 1604 290 1604 291 1604 355 1597 370 1595 389 1597 475 1606 477 1606 478 1606 501 1598 505 1597 516 1598 569 1606 571 1606 614 1598 629 1597 715 1597 719 1600 724 1604 725 1604 727 1604 728 1604 768 1600 800 1597 806 1600 813 1606 815 1606 816 1606 817 1606 819 1606 838 1601 849 1598 944 1598 951 1601 960 1607 962 1607 963 1607 965 1609 1018 1609 1018 1607 1020 1607 1021 1607 1026 1603 1030 1598 1036 1603 1044 1607 1045 1607 1047 1607 1048 1607 1171 1603 1173 1585 1173 1549 1152 1539 1151 1539 1149 1539 1148 1539 1106 1549 1105 1551 938 1551 933 1546 926 1540 926 1539 925 1539 923 1539 922 1539 890 1546 874 1549 858 1545 825 1536 823 1536 822 1536 820 1536 803 1545 795 1549 734 1549 728 1543 721 1537 721 1536 719 1536 718 1536 716 1536 715 1536 694 1542 690 1543 687 1542 675 1536 673 1536 672 1536 670 1536 660 1542 648 1548 606 1540 577 1536 575 1536 510 1539 368 1546 346 1536 342 1534 340 1534 339 1534 337 1534 333 1536 304 1545 261 1534 258 1534 257 1534 255 1534 254 1534 239 1548 211 1548 194 1534 193 1534 191 1534 126 1533 126 1580"/></Shape>
	    <String CONTENT="ſitum legimus, quòd pueri &amp; mulieres imperium"
                    HPOS="126"
                    VPOS="1533"
                    WIDTH="1047"
                    HEIGHT="76"
                    WC="0.981069200712702"></String>
          </TextLine>

          
          
          <TextLine ID="eSc_line_d2beef81"
                    TAGREFS="LT4318"
                    BASELINE="126 1637 1174 1644" 
                    HPOS="126"
                    VPOS="1592"
                    WIDTH="1048"
                    HEIGHT="79">
            <Shape><Polygon POINTS="126 1637 126 1662 176 1652 234 1664 240 1664 242 1664 249 1664 315 1655 331 1664 334 1665 336 1665 337 1665 367 1664 532 1653 704 1661 706 1661 745 1655 759 1664 761 1664 762 1664 764 1664 765 1664 782 1656 892 1656 911 1667 916 1668 917 1668 919 1668 920 1668 922 1668 925 1667 938 1658 956 1667 965 1670 966 1670 968 1671 1057 1671 1057 1670 1058 1670 1060 1670 1063 1667 1069 1662 1076 1667 1078 1668 1079 1668 1081 1668 1082 1668 1084 1668 1090 1667 1109 1661 1115 1667 1116 1668 1118 1668 1119 1668 1121 1668 1122 1668 1127 1667 1148 1661 1170 1667 1174 1644 1173 1600 1042 1606 1024 1598 1021 1597 1020 1597 1018 1597 1017 1597 1012 1598 984 1607 954 1597 947 1595 945 1595 861 1595 859 1595 858 1595 856 1595 855 1597 840 1607 759 1607 581 1606 556 1595 548 1592 547 1592 490 1592 489 1592 487 1592 486 1592 484 1594 472 1603 426 1594 423 1594 422 1594 420 1594 419 1594 408 1604 343 1604 126 1592 126 1637"/></Shape>
	    <String CONTENT="in aliqua gente obtineant: tamen illud ipſum nõ."
                    HPOS="126"
                    VPOS="1592"
                    WIDTH="1048"
                    HEIGHT="79"
                    WC="0.960956337500592"></String>
          </TextLine>

          
          
          <TextLine ID="eSc_line_89f5ab2d"
                    TAGREFS="LT4318"
                    BASELINE="126 1696 1170 1702" 
                    HPOS="126"
                    VPOS="1652"
                    WIDTH="1044"
                    HEIGHT="76">
            <Shape><Polygon POINTS="126 1696 126 1711 172 1711 174 1711 196 1722 197 1722 199 1722 200 1722 234 1713 239 1711 242 1713 261 1722 263 1722 264 1722 348 1714 382 1711 490 1711 502 1716 522 1723 523 1723 524 1723 588 1717 646 1713 704 1720 748 1725 749 1725 789 1720 856 1714 910 1714 922 1723 925 1726 926 1726 928 1726 929 1728 1035 1728 1035 1726 1036 1726 1039 1725 1061 1716 1167 1726 1170 1702 1167 1661 911 1667 899 1661 890 1655 889 1655 887 1655 855 1655 853 1655 852 1655 837 1661 825 1667 742 1667 728 1661 712 1655 710 1655 709 1655 707 1655 690 1661 675 1665 661 1661 636 1653 635 1653 633 1653 632 1653 630 1653 630 1655 623 1661 618 1664 602 1661 572 1656 571 1656 535 1661 516 1664 513 1661 504 1655 504 1653 502 1653 501 1653 462 1653 461 1653 459 1653 440 1661 434 1664 391 1661 287 1655 285 1655 224 1662 217 1662 215 1662 203 1652 202 1652 200 1652 156 1652 154 1652 153 1652 126 1661 126 1696"/></Shape>
	    <String CONTENT="eſt perpetuum. Sæpe enim &amp; pueri reges, velut"
                    HPOS="126"
                    VPOS="1652"
                    WIDTH="1044"
                    HEIGHT="76"
                    WC="0.99632406367196"></String>
          </TextLine>

          
          
          <TextLine ID="eSc_line_c1ded954"
                    TAGREFS="LT4318"
                    BASELINE="127 1754 1168 1757" 
                    HPOS="127"
                    VPOS="1707"
                    WIDTH="1041"
                    HEIGHT="67">
            <Shape><Polygon POINTS="1167 1722 1091 1722 1090 1720 1069 1710 1067 1710 1066 1710 1064 1710 1039 1719 1035 1720 1026 1719 977 1710 975 1710 974 1710 972 1710 963 1719 959 1722 932 1722 928 1717 919 1710 917 1710 916 1710 782 1710 780 1710 779 1710 758 1716 739 1720 727 1714 716 1710 715 1710 646 1708 645 1708 623 1713 600 1719 585 1713 575 1708 574 1708 572 1708 539 1713 489 1719 465 1711 456 1708 455 1708 453 1708 452 1708 444 1711 425 1719 404 1710 398 1708 397 1708 395 1708 394 1708 392 1708 392 1710 391 1710 382 1719 353 1710 352 1710 350 1710 349 1710 348 1710 336 1720 212 1720 188 1708 187 1708 185 1708 184 1708 182 1708 166 1719 129 1707 127 1754 127 1774 1167 1769 1168 1757 1167 1722"/></Shape>
	    <String CONTENT="Solomon &amp; Ioſias, ſanctiſsimè &amp; feliciſsimè re¬"
                    HPOS="127"
                    VPOS="1707"
                    WIDTH="1041"
                    HEIGHT="67"
                    WC="0.996003731172912"></String>
          </TextLine>

          
          
          <TextLine ID="eSc_line_957c8771"
                    TAGREFS="LT4318"
                    BASELINE="126 1814 1168 1818" 
                    HPOS="126"
                    VPOS="1769"
                    WIDTH="1042"
                    HEIGHT="70">
            <Shape><Polygon POINTS="126 1814 126 1835 358 1829 368 1836 370 1836 371 1836 373 1836 374 1836 377 1836 403 1829 428 1836 431 1836 432 1836 434 1836 435 1836 437 1836 464 1829 568 1836 597 1838 599 1838 608 1836 635 1830 675 1836 688 1838 690 1839 788 1839 788 1838 789 1838 792 1836 804 1830 815 1836 820 1839 822 1839 823 1839 825 1839 837 1836 855 1832 867 1836 874 1839 875 1839 877 1839 1167 1836 1168 1818 1167 1784 989 1772 987 1772 986 1772 959 1783 957 1783 954 1783 913 1774 911 1774 910 1774 908 1774 896 1783 893 1784 844 1784 840 1783 803 1771 801 1771 800 1771 743 1781 742 1781 740 1781 657 1771 655 1771 654 1771 626 1781 624 1783 475 1783 440 1780 411 1780 401 1769 400 1769 398 1769 334 1769 333 1769 331 1769 298 1780 297 1780 266 1769 264 1769 263 1769 261 1769 229 1780 126 1780 126 1814"/></Shape>
	    <String CONTENT="gnarunt, fuítque eorum imperium omni bono¬"
                    HPOS="126"
                    VPOS="1769"
                    WIDTH="1042"
                    HEIGHT="70"></String>
          </TextLine>

          
          
          <TextLine ID="eSc_line_42a43f53"
                    TAGREFS="LT4318"
                    BASELINE="126 1870 1167 1876" 
                    HPOS="124"
                    VPOS="1826"
                    WIDTH="1043"
                    HEIGHT="74">
            <Shape><Polygon POINTS="126 1870 124 1885 184 1894 185 1894 312 1888 385 1885 411 1890 446 1896 447 1896 449 1896 464 1890 475 1887 633 1887 765 1888 774 1894 777 1897 779 1897 780 1897 782 1897 806 1894 861 1888 944 1890 951 1897 953 1899 954 1899 956 1899 957 1899 959 1899 963 1897 977 1891 990 1897 994 1899 996 1899 997 1900 1165 1900 1167 1876 1167 1841 1151 1830 1149 1830 1148 1830 1113 1830 1112 1830 1110 1830 1109 1830 1097 1841 1079 1830 1078 1830 1076 1830 1017 1841 1017 1842 965 1842 963 1841 948 1830 947 1830 945 1830 944 1830 881 1839 862 1829 861 1829 859 1829 712 1839 706 1839 704 1839 672 1829 670 1829 669 1829 667 1829 636 1839 572 1839 522 1839 522 1838 510 1829 510 1827 508 1827 507 1827 505 1827 422 1833 385 1826 383 1826 382 1826 340 1836 304 1829 303 1829 301 1829 279 1836 278 1836 126 1836 126 1870"/></Shape>
	    <String CONTENT="rum genere à Deo cumulatum. Idem de mulieri¬"
                    HPOS="124"
                    VPOS="1826"
                    WIDTH="1043"
                    HEIGHT="74"
                    WC="0.998022041055891"></String>
          </TextLine>

          
          
          <TextLine ID="eSc_line_5c0de71f"
                    TAGREFS="LT4318"
                    BASELINE="127 1930 1165 1937" 
                    HPOS="127"
                    VPOS="1882"
                    WIDTH="1038"
                    HEIGHT="78">
            <Shape><Polygon POINTS="127 1930 127 1945 191 1945 196 1946 214 1954 215 1954 217 1954 284 1946 309 1945 337 1948 414 1955 416 1955 496 1949 530 1946 544 1949 574 1957 575 1957 577 1958 639 1958 639 1957 641 1957 642 1957 652 1951 658 1948 718 1948 728 1951 749 1958 751 1958 752 1960 795 1960 795 1958 797 1958 798 1958 806 1951 809 1949 819 1952 853 1958 855 1958 883 1952 898 1949 929 1952 993 1960 994 1960 1164 1954 1165 1937 1163 1891 977 1900 956 1890 951 1887 950 1887 948 1887 932 1888 875 1899 861 1888 859 1887 858 1887 856 1887 823 1887 822 1887 820 1887 819 1887 819 1888 817 1888 806 1900 770 1900 693 1899 675 1887 673 1885 672 1885 670 1885 669 1885 667 1885 666 1885 664 1887 655 1896 554 1897 535 1885 532 1884 530 1884 529 1884 527 1884 507 1885 423 1896 398 1885 395 1884 394 1884 298 1882 297 1882 295 1882 291 1884 272 1896 229 1896 127 1884 127 1930"/></Shape>
	    <String CONTENT="bus quibuſdam, &amp; earum imperio dici poteſt,"
                    HPOS="127"
                    VPOS="1882"
                    WIDTH="1038"
                    HEIGHT="78"
                    WC="0.990030249883962"></String>
          </TextLine>

          
          
          <TextLine ID="eSc_line_e8e1435b"
                    TAGREFS="LT4318"
                    BASELINE="129 1988 1170 1995" 
                    HPOS="129"
                    VPOS="1942"
                    WIDTH="1041"
                    HEIGHT="74">
            <Shape><Polygon POINTS="129 1988 129 2009 288 2003 382 2009 426 2012 428 2012 443 2009 465 2004 548 2009 629 2013 630 2013 682 2009 715 2006 719 2009 724 2013 725 2013 727 2013 728 2013 774 2009 791 2007 803 2009 841 2015 843 2015 926 2009 945 2007 948 2009 963 2016 965 2016 966 2016 968 2016 997 2009 999 2009 1107 2016 1109 2016 1168 2007 1170 1995 1170 1958 1113 1948 1112 1948 1008 1957 997 1957 993 1957 953 1948 951 1948 950 1948 925 1955 916 1946 914 1946 913 1946 911 1946 773 1955 755 1955 745 1955 676 1945 675 1945 617 1954 612 1954 608 1954 566 1945 565 1945 435 1952 426 1952 425 1952 416 1945 414 1945 413 1945 411 1945 410 1945 386 1952 383 1952 379 1952 330 1942 281 1942 279 1942 278 1942 276 1942 266 1951 266 1952 229 1952 227 1951 218 1942 217 1942 215 1942 214 1942 129 1949 129 1988"/></Shape>
	    <String CONTENT="quibus Dominus mirum in modum benedixit, vt"
                    HPOS="129"
                    VPOS="1942"
                    WIDTH="1041"
                    HEIGHT="74"
                    WC="0.977612584136253"></String>
          </TextLine>

          
          
          <TextLine ID="eSc_line_a8e33957"
                    TAGREFS="LT4318"
                    BASELINE="127 2044 1170 2052" 
                    HPOS="127"
                    VPOS="2000"
                    WIDTH="1043"
                    HEIGHT="76">
            <Shape><Polygon POINTS="127 2044 127 2064 443 2064 449 2065 466 2071 468 2071 469 2071 496 2065 505 2064 516 2065 544 2073 545 2073 547 2073 606 2065 617 2065 618 2065 627 2073 629 2073 630 2073 632 2073 700 2067 701 2067 754 2074 755 2074 942 2067 960 2067 965 2067 1011 2076 1012 2076 1168 2067 1170 2052 1168 2018 1087 2006 1085 2006 1008 2015 996 2006 994 2006 993 2006 991 2006 962 2012 941 2004 939 2004 852 2004 850 2004 849 2004 826 2013 809 2004 807 2004 806 2004 804 2004 803 2004 792 2015 786 2015 755 2015 754 2015 733 2003 731 2003 730 2003 728 2003 688 2013 687 2015 545 2015 535 2012 452 2001 450 2001 449 2001 416 2012 414 2012 400 2001 398 2001 397 2001 336 2000 334 2000 333 2000 295 2010 127 2010 127 2044"/></Shape>
	    <String CONTENT="ex varijs hiſtorijs apparet. Certè de illuſtriſsima"
                    HPOS="127"
                    VPOS="2000"
                    WIDTH="1043"
                    HEIGHT="76"
                    WC="0.977611290720793"></String>
          </TextLine>

          
          
          <TextLine ID="eSc_line_cc08288b"
                    TAGREFS="LT4318"
                    BASELINE="126 2105 1177 2111" 
                    HPOS="124"
                    VPOS="2056"
                    WIDTH="1053"
                    HEIGHT="79">
            <Shape><Polygon POINTS="126 2105 124 2119 150 2131 151 2131 153 2131 154 2131 156 2131 166 2123 237 2131 239 2131 240 2131 260 2122 389 2132 391 2132 440 2123 513 2123 645 2123 646 2123 666 2134 667 2134 669 2134 670 2134 701 2126 710 2134 712 2134 713 2134 715 2134 758 2126 767 2134 768 2134 770 2134 771 2134 834 2125 843 2125 846 2126 864 2134 865 2134 867 2134 905 2126 914 2125 916 2126 928 2135 929 2135 931 2135 932 2135 1176 2128 1177 2111 1176 2074 1082 2061 1081 2061 697 2071 657 2071 648 2071 578 2059 577 2059 575 2059 574 2059 560 2070 560 2071 535 2071 533 2070 520 2058 519 2058 517 2058 516 2058 431 2070 425 2070 423 2070 395 2056 394 2056 288 2056 287 2056 285 2056 284 2056 270 2068 269 2068 214 2059 212 2059 211 2059 188 2068 176 2058 175 2058 174 2058 172 2058 126 2067 126 2105"/></Shape>
	    <String CONTENT="regina Angliæ Elizabeta, quæ nunc feliciſsimè"
                    HPOS="124"
                    VPOS="2056"
                    WIDTH="1053"
                    HEIGHT="79"
                    WC="0.99514216962068"></String>
          </TextLine>

          
          
          <TextLine ID="eSc_line_a50be4ef"
                    TAGREFS="LT4318"
                    BASELINE="126 2163 1171 2174" 
                    HPOS="124"
                    VPOS="2117"
                    WIDTH="1047"
                    HEIGHT="106">
            <Shape><Polygon POINTS="126 2163 124 2211 223 2212 224 2212 226 2212 278 2196 298 2207 300 2207 301 2207 303 2207 340 2198 379 2210 380 2210 382 2210 383 2210 422 2192 462 2215 464 2215 465 2215 466 2215 468 2215 469 2215 490 2204 563 2204 565 2204 566 2204 568 2204 585 2190 651 2190 672 2208 673 2208 675 2208 676 2210 788 2210 788 2208 789 2208 791 2208 817 2192 871 2192 1017 2192 1032 2205 1033 2205 1035 2205 1036 2205 1064 2202 1088 2221 1090 2221 1091 2221 1093 2223 1170 2223 1171 2174 1171 2135 1152 2125 1151 2125 1079 2125 1078 2125 1076 2125 1075 2125 1063 2134 1060 2137 1024 2137 1020 2134 996 2123 994 2123 993 2123 931 2132 919 2123 917 2123 916 2123 749 2123 748 2123 746 2123 745 2123 733 2131 730 2132 715 2131 627 2120 626 2120 530 2129 524 2129 523 2129 501 2119 499 2119 498 2119 496 2119 475 2129 474 2129 350 2129 349 2128 337 2117 336 2117 334 2117 333 2117 126 2125 126 2163"/></Shape>
	    <String CONTENT="regnat, dici poteſt, nihil terrarum orbem vidiſſe."
                    HPOS="124"
                    VPOS="2117"
                    WIDTH="1047"
                    HEIGHT="106"
                    WC="0.987294605970383"></String>
          </TextLine>

          
        </TextBlock>
        
        <TextBlock HPOS="844.1912231445312"
                   VPOS="2190.023193359375"
                   WIDTH="114.57183837890625"
                   HEIGHT="61.187255859375"
                   ID="block_2"
                   TAGREFS="BT10978">
          <Shape><Polygon POINTS="844.191 2190.02 958.763 2190.02 958.763 2251.21 844.191 2251.21 844.191 2190.02"/></Shape>
          
          
          <TextLine ID="eSc_line_75c02824"
                    TAGREFS="LT4318"
                    BASELINE="850 2229 948 2226" 
                    HPOS="847"
                    VPOS="2180"
                    WIDTH="101"
                    HEIGHT="95">
            <Shape><Polygon POINTS="850 2229 850 2275 948 2266 948 2226 945 2196 907 2196 904 2193 889 2180 887 2180 886 2180 884 2180 883 2180 847 2189 850 2229"/></Shape>
	    <String CONTENT="fiij."
                    HPOS="847"
                    VPOS="2180"
                    WIDTH="101"
                    HEIGHT="95"
                    WC="0.910034239292145"></String>
          </TextLine>

          
        </TextBlock>
        

        
      </PrintSpace>
    </Page>
  </Layout>
</alto>
