<?xml version="1.0" encoding="UTF-8"?>
<alto xmlns:xsi="http://www.w3.org/2001/XMLSchema-instance"
      xmlns="http://www.loc.gov/standards/alto/ns-v4#"
      xsi:schemaLocation="http://www.loc.gov/standards/alto/ns-v4# http://www.loc.gov/standards/alto/v4/alto-4-2.xsd">
  <Description>
    <MeasurementUnit>pixel</MeasurementUnit>
    <sourceImageInformation>
      <fileName>2012977.png</fileName>
      
    </sourceImageInformation>
  </Description>
  
  <Tags>
    <OtherTag ID="BT10983" LABEL="GraphicZone" DESCRIPTION="block type GraphicZone"/><OtherTag ID="BT10982" LABEL="DropCapitalZone" DESCRIPTION="block type DropCapitalZone"/><OtherTag ID="BT10981" LABEL="RunningTitleZone" DESCRIPTION="block type RunningTitleZone"/><OtherTag ID="BT10980" LABEL="NumberingZone" DESCRIPTION="block type NumberingZone"/><OtherTag ID="BT10979" LABEL="TitlePageZone" DESCRIPTION="block type TitlePageZone"/><OtherTag ID="BT10978" LABEL="QuireMarksZone" DESCRIPTION="block type QuireMarksZone"/><OtherTag ID="BT10977" LABEL="MainZone" DESCRIPTION="block type MainZone"/><OtherTag ID="BT10976" LABEL="MarginTextZone" DESCRIPTION="block type MarginTextZone"/>
    <OtherTag ID="LT4321" LABEL="default" DESCRIPTION="line type default"/><OtherTag ID="LT4319" LABEL="HeadingLine" DESCRIPTION="line type HeadingLine"/><OtherTag ID="LT4318" LABEL="DefaultLine" DESCRIPTION="line type DefaultLine"/><OtherTag ID="LT4320" LABEL="CustomLine : BiblicalText" DESCRIPTION="line type CustomLine : BiblicalText"/>
  </Tags>
  
  <Layout>
    <Page WIDTH="1807"
          HEIGHT="2677"
          PHYSICAL_IMG_NR="24"
          ID="eSc_dummypage_">
      <PrintSpace HPOS="0"
                  VPOS="0"
                  WIDTH="1807"
                  HEIGHT="2677">
        
        <TextBlock HPOS="467"
                   VPOS="175"
                   WIDTH="355"
                   HEIGHT="70"
                   ID="block_0"
                   TAGREFS="BT10981">
          <Shape><Polygon POINTS="822 175 822 245 467 245 467 175"/></Shape>
          
          
          <TextLine ID="eSc_line_737b69c0"
                    TAGREFS="LT4319"
                    BASELINE="475 224 841 224" 
                    HPOS="475"
                    VPOS="178"
                    WIDTH="366"
                    HEIGHT="62">
            <Shape><Polygon POINTS="788 179 773 178 768 178 767 178 765 178 764 178 748 188 746 190 742 188 725 182 724 182 722 182 721 182 719 182 713 187 706 191 681 185 670 184 669 184 658 185 608 191 578 181 575 181 574 181 572 181 571 181 569 181 556 191 538 179 536 178 535 178 533 178 475 178 475 224 475 240 841 240 841 224 841 191 813 181 803 181"/></Shape>
	    <String CONTENT="CAPVT II."
                    HPOS="475"
                    VPOS="178"
                    WIDTH="366"
                    HEIGHT="62"
                    WC="0.997996211051941"></String>
          </TextLine>

          
        </TextBlock>
        
        <TextBlock HPOS="1098"
                   VPOS="201"
                   WIDTH="90"
                   HEIGHT="47"
                   ID="eSc_textblock_0c53f891"
                   TAGREFS="BT10980">
          <Shape><Polygon POINTS="1098 201 1098 248 1188 248 1188 201"/></Shape>
          
          
          <TextLine ID="eSc_line_eab52014"
                    TAGREFS="LT4318"
                    BASELINE="1095 221 1188 235" 
                    HPOS="1088"
                    VPOS="182"
                    WIDTH="101"
                    HEIGHT="83">
            <Shape><Polygon POINTS="1093 220 1088 236 1175 265 1186 234 1189 196 1097 182 1093 220"/></Shape>
	    <String CONTENT="65"
                    HPOS="1088"
                    VPOS="182"
                    WIDTH="101"
                    HEIGHT="83"
                    WC="0.999930500984192"></String>
          </TextLine>

          
        </TextBlock>
        
        <TextBlock HPOS="108"
                   VPOS="253"
                   WIDTH="1085"
                   HEIGHT="1956"
                   ID="block_1"
                   TAGREFS="BT10977">
          <Shape><Polygon POINTS="1193 253 1193 2209 108 2209 108 253"/></Shape>
          
          
          <TextLine ID="eSc_line_fb9b17be"
                    TAGREFS="LT4320"
                    BASELINE="214 303 1186 310" 
                    HPOS="214"
                    VPOS="246"
                    WIDTH="972"
                    HEIGHT="90">
            <Shape><Polygon POINTS="214 316 300 316 306 319 313 324 315 324 316 324 318 324 340 319 356 316 371 321 407 331 408 331 410 333 566 333 566 331 568 331 585 324 599 319 663 327 675 327 676 327 678 327 679 327 700 319 727 327 746 333 748 333 749 333 822 330 981 321 1009 333 1017 336 1018 336 1020 336 1041 334 1121 324 1136 334 1137 334 1139 334 1183 336 1186 310 1183 257 1140 270 1115 270 1096 257 1091 252 1090 252 1088 252 1087 252 1085 252 1070 257 1027 269 972 257 971 257 969 257 968 257 947 269 813 269 797 260 795 260 794 260 792 260 780 266 752 257 746 255 745 255 743 255 742 255 737 257 722 263 715 257 706 249 704 249 703 249 664 249 663 249 661 249 643 257 630 263 581 260 580 257 571 249 571 248 569 248 568 248 465 248 464 248 462 248 434 257 394 246 392 246 391 246 389 246 388 246 370 257 368 258 365 257 333 246 331 246 330 246 328 246 327 246 312 257 303 263 214 258 214 303"/></Shape>
	    <String CONTENT="8 Velim igitur viros precari in quouis"
                    HPOS="214"
                    VPOS="246"
                    WIDTH="972"
                    HEIGHT="90"></String>
          </TextLine>

          
          
          <TextLine ID="eSc_line_a1a1efdb"
                    TAGREFS="LT4320"
                    BASELINE="138 368 1179 379" 
                    HPOS="136"
                    VPOS="310"
                    WIDTH="1043"
                    HEIGHT="98">
            <Shape><Polygon POINTS="138 368 136 385 287 401 288 401 290 401 324 389 349 400 350 400 352 400 413 389 431 403 432 403 434 403 435 404 508 404 508 403 510 403 511 403 529 391 655 401 657 401 716 392 719 392 721 392 788 401 789 401 846 397 880 407 881 407 883 408 980 408 980 407 981 407 1027 395 1030 395 1036 395 1149 408 1151 408 1152 408 1177 397 1179 379 1179 330 1168 322 1167 322 1165 322 1164 322 1163 322 1161 322 1149 333 1142 337 1109 331 1060 324 1058 324 1057 324 1044 330 1030 337 999 337 984 328 969 321 968 321 810 318 809 318 807 318 788 324 758 334 743 324 734 316 733 316 731 316 675 316 673 316 672 316 670 316 664 322 648 334 608 334 587 319 585 319 584 319 582 319 581 319 580 319 562 331 535 319 533 319 532 319 530 319 504 331 327 331 307 316 306 316 304 316 303 316 223 328 138 310 138 312"/></Shape>
	    <String CONTENT="loco, puras manus attollentes abſque ira &amp;"
                    HPOS="136"
                    VPOS="310"
                    WIDTH="1043"
                    HEIGHT="98"
                    WC="0.972540422564461"></String>
          </TextLine>

          
          
          <TextLine ID="eSc_line_7f050edd"
                    TAGREFS="LT4320"
                    BASELINE="135 440 478 443" 
                    HPOS="133"
                    VPOS="385"
                    WIDTH="345"
                    HEIGHT="87">
            <Shape><Polygon POINTS="133 458 157 456 163 459 176 471 178 471 179 471 181 471 182 471 209 461 211 459 212 461 233 471 234 471 236 472 284 472 284 471 285 471 287 471 287 469 298 461 303 456 319 461 348 466 349 466 350 466 362 461 367 458 371 461 385 469 386 469 388 469 389 469 391 469 392 469 404 461 407 458 417 461 458 471 459 471 461 471 462 471 464 471 477 461 478 443 478 404 398 404 391 400 368 391 367 391 365 391 328 397 301 388 300 388 298 388 297 388 278 395 267 400 260 395 246 385 245 385 243 385 242 385 135 389 135 440"/></Shape>
	    <String CONTENT="diſceptatione."
                    HPOS="133"
                    VPOS="385"
                    WIDTH="345"
                    HEIGHT="87"
                    WC="0.975065320730209"></String>
          </TextLine>

          
          
          <TextLine ID="eSc_line_cf8282d9"
                    TAGREFS="LT4318"
                    BASELINE="179 533 1179 545" 
                    HPOS="178"
                    VPOS="474"
                    WIDTH="1001"
                    HEIGHT="92">
            <Shape><Polygon POINTS="178 545 429 559 431 559 649 553 678 562 679 562 681 562 819 556 831 563 832 563 834 563 835 565 911 565 911 563 913 563 929 556 1127 566 1128 566 1177 557 1179 545 1179 493 1165 487 1164 487 1163 487 1161 487 1160 487 1148 495 1143 498 1009 498 990 493 953 483 951 483 950 483 895 492 867 496 849 492 813 481 812 481 810 481 809 481 807 481 795 490 791 495 688 495 673 490 646 480 645 480 643 480 612 486 572 478 571 478 569 478 554 486 527 477 526 477 524 477 523 477 522 477 507 489 505 489 490 477 489 477 487 477 422 475 367 475 365 475 364 475 362 475 362 477 350 487 348 490 306 490 292 486 258 474 257 474 255 474 179 484 179 533"/></Shape>
	    <String CONTENT="Hic verſiculus varia capita complectitur, quà"
                    HPOS="178"
                    VPOS="474"
                    WIDTH="1001"
                    HEIGHT="92"
                    WC="0.99402739820273"></String>
          </TextLine>

          
          
          <TextLine ID="eSc_line_0fd3796e"
                    TAGREFS="LT4318"
                    BASELINE="133 590 1179 602" 
                    HPOS="132"
                    VPOS="545"
                    WIDTH="1047"
                    HEIGHT="81">
            <Shape><Polygon POINTS="133 590 132 603 298 617 300 617 301 617 303 617 315 608 316 608 371 608 373 609 382 617 383 617 385 617 386 617 416 611 435 618 437 618 438 618 575 612 639 611 651 614 672 621 673 621 675 621 797 617 911 614 931 620 939 623 941 623 942 623 968 621 1026 615 1041 623 1048 626 1049 626 1051 626 1073 623 1116 617 1127 624 1128 626 1130 626 1131 626 1133 626 1177 624 1179 602 1177 559 1055 566 989 557 969 554 968 554 948 556 895 563 867 556 855 553 853 553 852 553 850 553 849 553 846 556 834 565 795 565 777 556 776 556 774 556 771 556 585 560 575 554 571 550 569 550 568 550 524 548 523 548 522 548 505 553 486 559 456 553 431 548 345 547 343 547 342 547 325 551 307 557 282 551 264 548 263 548 246 551 227 556 215 551 200 545 199 545 197 545 133 550 133 590"/></Shape>
	    <String CONTENT="ad orationem pertinent, quæque breuiter quidẽ"
                    HPOS="132"
                    VPOS="545"
                    WIDTH="1047"
                    HEIGHT="81"
                    WC="0.97882846256961"></String>
          </TextLine>

          
          
          <TextLine ID="eSc_line_bcc91a6d"
                    TAGREFS="LT4318"
                    BASELINE="132 648 1176 657" 
                    HPOS="130"
                    VPOS="602"
                    WIDTH="1046"
                    HEIGHT="76">
            <Shape><Polygon POINTS="132 648 130 669 1173 678 1176 657 1174 623 1012 623 1011 621 997 609 996 609 994 609 993 609 991 609 971 620 971 621 916 621 916 620 890 609 889 609 822 606 820 606 819 606 794 618 757 606 755 606 754 606 752 606 751 606 737 618 694 618 660 618 658 618 645 606 645 605 643 605 642 605 600 605 599 605 597 605 578 615 545 605 544 605 542 605 499 614 475 605 474 605 472 605 471 605 447 611 438 603 437 603 435 603 365 603 364 603 362 603 339 615 339 617 306 617 298 615 150 602 148 602 147 602 145 602 132 611 132 648"/></Shape>
	    <String CONTENT="ſed commodè Paulus hîc tradit. Tria enim com¬"
                    HPOS="130"
                    VPOS="602"
                    WIDTH="1046"
                    HEIGHT="76"
                    WC="0.983112989587987"></String>
          </TextLine>

          
          
          <TextLine ID="eSc_line_6c679a00"
                    TAGREFS="LT4318"
                    BASELINE="132 709 1179 716" 
                    HPOS="132"
                    VPOS="660"
                    WIDTH="1047"
                    HEIGHT="86">
            <Shape><Polygon POINTS="132 709 132 734 261 725 309 734 315 734 316 734 321 734 356 725 379 734 397 740 398 740 400 740 401 740 422 733 446 725 542 725 557 733 574 742 575 742 577 742 669 731 704 728 710 731 721 739 722 739 724 739 725 739 801 733 834 743 835 743 837 743 838 743 874 731 881 728 883 731 898 743 899 743 901 743 902 743 951 733 978 745 980 745 981 746 1063 746 1063 745 1064 745 1066 745 1081 734 1113 745 1115 745 1116 745 1118 745 1177 728 1179 716 1177 682 1096 672 1094 672 1093 672 1091 672 1081 681 1079 682 1015 682 1008 679 966 664 965 664 771 664 770 664 768 664 767 664 751 675 745 678 736 675 704 664 703 664 701 664 700 664 682 673 673 678 603 678 587 672 560 664 559 664 557 664 556 664 530 672 511 678 437 678 429 670 422 664 422 663 420 663 419 663 417 663 416 663 414 663 406 669 340 660 298 660 297 660 295 660 275 667 260 673 245 667 230 660 229 660 227 660 226 660 202 666 190 669 132 666 132 709"/></Shape>
	    <String CONTENT="prehenſa ſunt. 1 Quo animi affectu ſeu præpa¬"
                    HPOS="132"
                    VPOS="660"
                    WIDTH="1047"
                    HEIGHT="86"
                    WC="0.989897709422641"></String>
          </TextLine>

          
          
          <TextLine ID="eSc_line_4e7aae87"
                    TAGREFS="LT4318"
                    BASELINE="130 765 1179 779" 
                    HPOS="130"
                    VPOS="721"
                    WIDTH="1049"
                    HEIGHT="82">
            <Shape><Polygon POINTS="130 765 130 789 315 782 422 792 426 792 428 792 434 792 560 786 585 794 594 797 596 797 597 797 627 794 710 786 746 786 755 795 758 797 758 798 759 798 761 798 762 798 788 795 840 789 859 797 870 800 871 800 948 801 950 801 951 801 966 797 987 791 1005 798 1014 801 1015 801 1017 801 1018 801 1030 798 1055 791 1081 798 1097 803 1099 803 1100 803 1177 798 1179 779 1176 736 1109 739 1099 734 1093 731 1091 731 1090 731 1088 731 1082 734 1064 743 938 742 928 733 926 733 925 733 923 733 922 733 910 739 904 733 899 730 899 728 898 728 896 728 895 728 813 731 737 734 722 730 703 725 701 725 700 725 699 725 697 725 691 730 679 739 597 739 580 730 569 724 568 724 566 724 519 728 475 733 453 728 429 722 428 722 426 722 411 727 392 734 298 734 281 727 267 721 266 721 264 721 130 724 130 765"/></Shape>
	    <String CONTENT="ratione orandum ſit. 2 In quo loco. 3 Quo"
                    HPOS="130"
                    VPOS="721"
                    WIDTH="1049"
                    HEIGHT="82"
                    WC="0.993057569352592"></String>
          </TextLine>

          
          
          <TextLine ID="eSc_line_dbef7138"
                    TAGREFS="LT4318"
                    BASELINE="135 828 275 825" 
                    HPOS="133"
                    VPOS="774"
                    WIDTH="142"
                    HEIGHT="78">
            <Shape><Polygon POINTS="135 828 135 852 275 844 275 825 272 791 203 774 202 774 200 774 199 774 199 776 197 776 193 782 153 779 151 779 150 779 148 779 133 789 135 828"/></Shape>
	    <String CONTENT="geſtu."
                    HPOS="133"
                    VPOS="774"
                    WIDTH="142"
                    HEIGHT="78"
                    WC="0.993302484353383"></String>
          </TextLine>

          
          
          <TextLine ID="eSc_line_d3972ae3"
                    TAGREFS="LT4318"
                    BASELINE="188 884 1179 896" 
                    HPOS="187"
                    VPOS="825"
                    WIDTH="992"
                    HEIGHT="92">
            <Shape><Polygon POINTS="187 904 309 899 353 908 361 908 362 908 368 908 398 901 520 910 560 911 562 911 578 910 623 904 666 910 684 913 685 913 757 911 916 907 945 913 960 916 962 916 963 916 975 913 994 908 1006 913 1012 916 1014 916 1015 916 1017 916 1023 914 1036 908 1061 914 1078 917 1079 917 1096 914 1119 910 1176 914 1179 896 1179 852 1152 838 1151 838 1149 838 1148 838 1146 838 1146 840 1133 852 1100 838 1099 838 1097 838 1096 838 1072 849 1029 828 1027 828 905 826 904 826 902 826 901 826 880 840 861 828 859 828 858 828 812 826 810 826 809 826 807 826 783 843 774 850 728 850 719 841 704 829 703 829 701 829 672 825 670 825 669 825 627 838 599 835 597 835 596 835 594 835 594 837 591 838 581 847 489 844 478 835 466 826 465 826 464 826 462 826 461 826 443 835 425 844 331 832 325 832 324 832 322 832 321 832 304 843 223 843 190 829 188 884 187 904"/></Shape>
	    <String CONTENT="Sunt autem hæc præ cepta non Pauli, fed Dei."
                    HPOS="187"
                    VPOS="825"
                    WIDTH="992"
                    HEIGHT="92"
                    WC="0.981524892828681"></String>
          </TextLine>

          
          
          <TextLine ID="eSc_line_f253d5f3"
                    TAGREFS="LT4318"
                    BASELINE="126 942 1177 950" 
                    HPOS="124"
                    VPOS="896"
                    WIDTH="1053"
                    HEIGHT="79">
            <Shape><Polygon POINTS="126 942 124 960 144 969 145 969 147 969 148 969 172 960 175 960 178 960 206 969 208 969 209 969 211 969 242 962 248 960 260 962 315 968 316 968 434 962 447 962 449 962 461 971 462 971 464 971 465 971 466 971 484 962 486 962 507 971 508 971 510 971 615 963 617 963 630 972 632 972 633 972 635 972 706 963 710 963 715 963 809 974 810 974 812 974 849 965 875 974 877 974 878 974 983 966 994 975 996 975 997 975 999 975 1109 968 1142 975 1143 975 1145 975 1146 975 1176 965 1177 950 1176 916 1106 904 1105 904 1035 913 1027 913 1026 913 1008 902 1006 902 1005 902 957 911 953 911 941 911 849 902 847 902 764 907 722 910 715 907 701 901 700 901 699 901 697 901 696 901 690 907 684 910 669 905 652 901 651 901 649 901 648 901 646 901 642 905 636 911 553 911 459 902 408 898 407 898 406 898 397 901 377 907 349 899 336 896 334 896 333 896 306 899 240 907 223 898 220 896 218 896 217 896 215 896 212 898 181 907 171 898 171 896 169 896 168 896 126 896 126 942"/></Shape>
	    <String CONTENT="Itaque vox βούλομαι non priuatum quoddam hu¬"
                    HPOS="124"
                    VPOS="896"
                    WIDTH="1053"
                    HEIGHT="79"></String>
          </TextLine>

          
          
          <TextLine ID="eSc_line_54894735"
                    TAGREFS="LT4318"
                    BASELINE="127 1002 1177 1014" 
                    HPOS="127"
                    VPOS="954"
                    WIDTH="1050"
                    HEIGHT="79">
            <Shape><Polygon POINTS="1174 971 1066 975 1052 968 1045 965 1044 965 1042 965 991 968 925 971 844 965 815 963 813 963 812 963 809 965 789 972 782 963 780 963 780 962 779 962 777 962 749 962 748 962 736 963 697 971 681 962 679 962 678 962 676 962 675 962 673 962 660 971 620 971 609 962 609 960 608 960 606 960 551 960 550 960 548 960 547 960 536 969 276 968 211 956 209 956 208 956 156 965 129 954 127 1002 127 1021 505 1018 544 1023 575 1027 577 1027 615 1023 652 1020 703 1024 785 1030 786 1030 1039 1026 1051 1033 1052 1033 1054 1033 1055 1033 1176 1024 1177 1014 1174 971"/></Shape>
	    <String CONTENT="manæ mentis commentum ſignificat, vti nec 1."
                    HPOS="127"
                    VPOS="954"
                    WIDTH="1050"
                    HEIGHT="79"></String>
          </TextLine>

          
          
          <TextLine ID="eSc_line_e305c4d1"
                    TAGREFS="LT4318"
                    BASELINE="129 1058 1176 1069" 
                    HPOS="127"
                    VPOS="1012"
                    WIDTH="1049"
                    HEIGHT="79">
            <Shape><Polygon POINTS="129 1058 127 1069 171 1081 172 1081 174 1081 245 1072 339 1072 348 1081 349 1081 350 1081 352 1081 472 1076 486 1084 487 1084 489 1084 490 1084 492 1084 493 1084 507 1075 562 1075 620 1087 621 1087 667 1078 691 1087 693 1087 694 1087 696 1087 697 1087 709 1078 733 1087 734 1087 736 1087 737 1087 770 1079 828 1087 829 1087 831 1087 832 1087 840 1079 859 1088 861 1088 1027 1091 1029 1091 1030 1091 1032 1091 1044 1084 1113 1091 1115 1091 1174 1079 1176 1069 1174 1033 1009 1030 1009 1029 989 1020 987 1020 986 1020 984 1020 960 1029 953 1030 904 1027 820 1021 819 1021 785 1024 748 1029 739 1024 730 1017 728 1017 727 1017 645 1017 643 1017 642 1017 630 1021 615 1027 597 1021 580 1015 578 1015 577 1015 551 1020 535 1023 514 1020 490 1015 489 1015 487 1015 486 1015 483 1018 475 1024 465 1018 459 1015 458 1015 456 1015 455 1015 447 1018 428 1026 330 1026 312 1015 309 1014 307 1014 306 1014 295 1015 251 1023 240 1014 239 1014 239 1012 237 1012 236 1012 234 1012 233 1012 227 1014 193 1023 181 1012 179 1012 178 1012 129 1012 129 1058"/></Shape>
	    <String CONTENT="Corinth. 1o. verſ.1. ſed praxin horum præcepto¬"
                    HPOS="127"
                    VPOS="1012"
                    WIDTH="1049"
                    HEIGHT="79"
                    WC="0.994158379575039"></String>
          </TextLine>

          
          
          <TextLine ID="eSc_line_d5be4f62"
                    TAGREFS="LT4318"
                    BASELINE="124 1118 1177 1127" 
                    HPOS="124"
                    VPOS="1070"
                    WIDTH="1053"
                    HEIGHT="79">
            <Shape><Polygon POINTS="124 1118 124 1134 397 1134 419 1136 492 1145 493 1145 530 1137 532 1137 575 1145 577 1145 578 1145 602 1137 608 1136 614 1137 649 1146 651 1146 652 1146 654 1146 678 1137 679 1137 682 1137 730 1146 731 1146 801 1137 809 1137 812 1137 823 1148 825 1148 826 1148 828 1149 935 1149 935 1148 936 1148 938 1148 951 1139 953 1139 1003 1149 1005 1149 1176 1139 1177 1127 1177 1090 1140 1078 1139 1078 1137 1078 1136 1078 1113 1090 1112 1091 1070 1091 1067 1088 1052 1078 1051 1078 1049 1078 1048 1078 966 1087 948 1088 925 1087 838 1076 837 1076 835 1076 834 1076 823 1084 819 1088 791 1088 785 1084 773 1075 771 1075 770 1075 731 1075 730 1075 728 1075 727 1075 718 1082 712 1088 652 1088 638 1081 621 1073 620 1073 538 1073 536 1073 511 1078 475 1085 429 1084 419 1076 413 1072 411 1072 410 1072 331 1072 330 1072 328 1072 322 1075 310 1081 304 1075 301 1072 301 1070 300 1070 298 1070 239 1070 237 1070 236 1070 234 1070 230 1073 214 1084 165 1084 151 1072 150 1070 148 1070 147 1070 145 1070 124 1070 124 1118"/></Shape>
	    <String CONTENT="rum à ſe ſeriò requiri docet his verbis Paulus, ſi¬"
                    HPOS="124"
                    VPOS="1070"
                    WIDTH="1053"
                    HEIGHT="79"></String>
          </TextLine>

          
          
          <TextLine ID="eSc_line_49362a27"
                    TAGREFS="LT4318"
                    BASELINE="126 1176 1174 1188" 
                    HPOS="124"
                    VPOS="1134"
                    WIDTH="1050"
                    HEIGHT="82">
            <Shape><Polygon POINTS="126 1176 124 1191 211 1206 212 1206 214 1206 240 1195 355 1195 386 1209 388 1209 389 1209 391 1209 413 1197 519 1210 520 1210 578 1201 774 1210 776 1210 777 1210 779 1210 791 1201 806 1213 807 1213 809 1213 810 1213 841 1207 913 1215 914 1215 916 1215 942 1204 1039 1204 1133 1216 1134 1216 1136 1216 1173 1203 1174 1188 1171 1145 1091 1151 1058 1143 1042 1140 1041 1140 994 1143 931 1148 913 1143 898 1139 896 1139 895 1139 875 1143 853 1148 817 1142 780 1137 710 1137 709 1137 707 1137 706 1137 700 1142 696 1146 691 1142 685 1137 684 1137 682 1137 681 1137 679 1137 663 1142 651 1145 643 1142 630 1136 629 1136 591 1136 590 1136 588 1136 587 1136 581 1142 575 1145 548 1142 495 1134 493 1134 453 1140 437 1143 126 1140 126 1176"/></Shape>
	    <String CONTENT="ne qua non poteſt probari, &amp; Deo grata eſſe no¬"
                    HPOS="124"
                    VPOS="1134"
                    WIDTH="1050"
                    HEIGHT="82"
                    WC="0.992817040453566"></String>
          </TextLine>

          
          
          <TextLine ID="eSc_line_dcb555c3"
                    TAGREFS="LT4318"
                    BASELINE="124 1235 377 1232" 
                    HPOS="123"
                    VPOS="1189"
                    WIDTH="254"
                    HEIGHT="61">
            <Shape><Polygon POINTS="124 1235 124 1249 376 1250 377 1232 374 1204 343 1204 343 1203 330 1191 330 1189 328 1189 327 1189 325 1189 324 1189 291 1201 290 1203 208 1204 194 1200 174 1191 172 1191 171 1191 123 1197 124 1235"/></Shape>
	    <String CONTENT="ſtra oratio."
                    HPOS="123"
                    VPOS="1189"
                    WIDTH="254"
                    HEIGHT="61"
                    WC="0.99829941491286"></String>
          </TextLine>

          
          
          <TextLine ID="eSc_line_c01611a1"
                    TAGREFS="LT4318"
                    BASELINE="184 1293 1168 1307" 
                    HPOS="182"
                    VPOS="1243"
                    WIDTH="986"
                    HEIGHT="85">
            <Shape><Polygon POINTS="184 1293 182 1308 218 1317 220 1317 261 1310 266 1310 269 1310 292 1319 294 1319 295 1319 297 1319 316 1311 318 1311 440 1320 441 1320 483 1313 487 1313 490 1313 517 1322 519 1322 520 1322 587 1314 594 1314 597 1314 626 1323 627 1323 629 1323 673 1316 678 1316 681 1316 740 1325 742 1325 779 1317 782 1317 786 1317 858 1326 859 1326 936 1320 945 1328 947 1328 948 1328 950 1328 1167 1322 1168 1307 1167 1262 1084 1265 1075 1261 1061 1252 1060 1252 1058 1252 1026 1252 1024 1252 1023 1252 1021 1252 1011 1261 1009 1261 1008 1261 999 1253 999 1252 997 1252 996 1252 994 1252 965 1258 928 1250 926 1250 873 1259 859 1261 847 1259 806 1249 804 1249 803 1249 767 1258 755 1261 746 1258 730 1252 728 1252 727 1252 696 1258 684 1259 681 1258 669 1247 667 1247 666 1247 664 1247 663 1247 630 1256 624 1258 455 1258 449 1255 404 1243 403 1243 376 1243 374 1243 373 1243 371 1243 356 1255 355 1256 300 1256 297 1253 282 1243 281 1243 279 1243 278 1243 276 1243 254 1253 252 1253 223 1243 221 1243 220 1243 218 1243 184 1252 184 1293"/></Shape>
	    <String CONTENT="Ac quod ad præparationem (nec enim illotis"
                    HPOS="182"
                    VPOS="1243"
                    WIDTH="986"
                    HEIGHT="85"
                    WC="0.984577130703699"></String>
          </TextLine>

          
          
          <TextLine ID="eSc_line_c8f5bb32"
                    TAGREFS="LT4318"
                    BASELINE="123 1350 1168 1365" 
                    HPOS="121"
                    VPOS="1304"
                    WIDTH="1047"
                    HEIGHT="79">
            <Shape><Polygon POINTS="123 1350 121 1363 278 1375 279 1375 281 1375 282 1375 295 1368 309 1368 404 1368 406 1369 435 1378 437 1378 438 1378 499 1371 502 1371 504 1371 539 1380 541 1380 542 1380 599 1372 603 1372 606 1372 645 1381 646 1383 1167 1383 1168 1365 1168 1328 1064 1314 1063 1314 901 1323 887 1323 886 1323 856 1311 855 1311 853 1311 798 1322 795 1322 794 1322 774 1311 773 1311 771 1311 718 1320 716 1320 690 1310 688 1310 687 1310 648 1316 624 1308 623 1308 621 1308 620 1308 585 1319 582 1319 577 1319 492 1308 490 1308 417 1316 404 1305 403 1305 401 1305 400 1305 398 1305 397 1305 385 1316 350 1305 349 1305 348 1305 346 1305 345 1305 333 1314 310 1304 309 1304 307 1304 306 1304 304 1304 288 1314 254 1304 252 1304 251 1304 249 1304 214 1313 123 1313 123 1350"/></Shape>
	    <String CONTENT="manibus &amp; impræmeditati àd Deum orandum"
                    HPOS="121"
                    VPOS="1304"
                    WIDTH="1047"
                    HEIGHT="79"
                    WC="0.99413403570652"></String>
          </TextLine>

          
          
          <TextLine ID="eSc_line_46a32b77"
                    TAGREFS="LT4318"
                    BASELINE="126 1409 1171 1426" 
                    HPOS="126"
                    VPOS="1362"
                    WIDTH="1045"
                    HEIGHT="86">
            <Shape><Polygon POINTS="126 1409 126 1429 206 1426 214 1430 218 1435 220 1435 221 1435 223 1435 248 1430 269 1427 275 1430 278 1435 279 1435 281 1435 282 1435 284 1435 297 1432 313 1427 330 1432 350 1438 352 1438 353 1438 472 1433 483 1433 484 1433 511 1441 513 1441 514 1441 556 1433 572 1432 694 1435 700 1435 709 1444 710 1444 712 1444 713 1444 768 1436 770 1436 773 1436 834 1445 835 1445 837 1445 864 1438 896 1447 898 1447 899 1447 1002 1439 1045 1448 1047 1448 1170 1439 1171 1426 1170 1390 1100 1380 1099 1380 1097 1380 1096 1380 1084 1387 1082 1389 1081 1387 1058 1375 1057 1375 1055 1375 1054 1375 1030 1387 1018 1377 1018 1375 1017 1375 1015 1375 983 1374 981 1374 980 1374 947 1384 942 1387 889 1387 870 1383 794 1371 792 1371 704 1377 676 1369 675 1369 673 1369 672 1369 670 1369 660 1378 655 1383 630 1383 621 1378 603 1368 602 1368 600 1368 539 1377 510 1380 496 1375 477 1368 475 1368 474 1368 440 1374 413 1378 245 1377 236 1369 226 1362 224 1362 223 1362 187 1362 185 1362 184 1362 182 1362 182 1363 176 1368 172 1371 168 1368 159 1362 157 1362 156 1362 154 1362 126 1366 126 1409"/></Shape>
	    <String CONTENT="debemus accedere) duo imprimis requirit à no¬"
                    HPOS="126"
                    VPOS="1362"
                    WIDTH="1045"
                    HEIGHT="86"
                    WC="0.976014470276625"></String>
          </TextLine>

          
          
          <TextLine ID="eSc_line_e65e0626"
                    TAGREFS="LT4318"
                    BASELINE="121 1467 1168 1485" 
                    HPOS="121"
                    VPOS="1418"
                    WIDTH="1047"
                    HEIGHT="88">
            <Shape><Polygon POINTS="121 1467 121 1488 362 1488 408 1491 471 1497 472 1497 516 1493 548 1490 554 1493 563 1499 565 1499 566 1499 568 1499 611 1494 638 1491 655 1494 687 1500 688 1500 716 1494 730 1493 740 1496 764 1502 765 1502 767 1502 877 1497 905 1496 908 1497 920 1505 922 1505 923 1505 925 1505 986 1497 991 1497 993 1497 1003 1506 1005 1506 1006 1506 1008 1506 1167 1499 1168 1485 1168 1441 972 1435 971 1435 969 1435 966 1436 948 1447 908 1447 853 1433 850 1433 849 1433 847 1433 822 1442 761 1433 759 1433 758 1433 731 1442 693 1442 678 1430 678 1429 676 1429 675 1429 673 1429 666 1429 608 1439 585 1427 584 1427 582 1427 581 1427 578 1427 536 1438 513 1426 511 1426 510 1426 508 1426 507 1426 505 1426 475 1438 388 1438 300 1421 295 1421 294 1421 292 1421 291 1421 248 1433 218 1423 217 1423 215 1423 214 1423 187 1430 121 1418 121 1467"/></Shape>
	    <String CONTENT="bis, Sanctitatem ſiue puritarem vitæ, &amp; Fidem."
                    HPOS="121"
                    VPOS="1418"
                    WIDTH="1047"
                    HEIGHT="88"
                    WC="0.994378586178241"></String>
          </TextLine>

          
          
          <TextLine ID="eSc_line_cc63106e"
                    TAGREFS="LT4318"
                    BASELINE="133 1528 1170 1543" 
                    HPOS="133"
                    VPOS="1482"
                    WIDTH="1037"
                    HEIGHT="84">
            <Shape><Polygon POINTS="133 1528 133 1545 232 1543 237 1546 248 1554 249 1554 251 1554 252 1554 254 1554 281 1546 291 1545 301 1548 322 1554 324 1554 325 1554 368 1548 382 1546 386 1548 401 1555 403 1555 404 1555 469 1549 472 1549 475 1549 548 1558 550 1558 812 1552 844 1552 846 1552 864 1561 865 1561 867 1561 1078 1558 1103 1566 1105 1566 1106 1566 1168 1555 1170 1543 1170 1508 1124 1508 1124 1506 1102 1496 1100 1496 1099 1496 1097 1496 1070 1505 1048 1494 1047 1494 1045 1494 999 1505 994 1505 990 1505 919 1493 917 1493 916 1493 898 1502 853 1493 852 1493 810 1502 809 1502 806 1502 752 1490 751 1490 749 1490 748 1490 733 1500 710 1493 709 1493 707 1493 706 1493 687 1500 685 1500 684 1500 654 1488 652 1488 609 1488 608 1488 606 1488 605 1488 590 1499 587 1499 522 1487 520 1487 364 1496 345 1496 342 1496 318 1484 316 1484 261 1484 260 1484 258 1484 257 1484 243 1491 234 1484 234 1482 233 1482 232 1482 193 1482 191 1482 190 1482 188 1482 176 1493 175 1493 133 1493 133 1528"/></Shape>
	    <String CONTENT="Sanctitatem autem illam vitæ deſignat &amp; de¬"
                    HPOS="133"
                    VPOS="1482"
                    WIDTH="1037"
                    HEIGHT="84"
                    WC="0.990018570145895"></String>
          </TextLine>

          
          
          <TextLine ID="eSc_line_a93c0358"
                    TAGREFS="LT4318"
                    BASELINE="117 1586 1165 1600" 
                    HPOS="116"
                    VPOS="1540"
                    WIDTH="1049"
                    HEIGHT="82">
            <Shape><Polygon POINTS="117 1586 116 1603 156 1612 157 1612 693 1612 715 1619 716 1619 718 1619 883 1615 932 1622 933 1622 1164 1616 1165 1600 1165 1567 1133 1566 1113 1552 1112 1552 1110 1552 1109 1552 1057 1561 1041 1551 1039 1551 1038 1551 1036 1551 1035 1551 1000 1560 963 1554 962 1554 960 1554 939 1561 932 1563 791 1561 783 1557 767 1548 765 1548 764 1548 762 1548 745 1555 736 1561 697 1561 624 1560 602 1552 577 1545 575 1545 574 1545 524 1551 465 1557 438 1548 429 1545 428 1545 426 1545 398 1546 352 1551 330 1545 316 1542 315 1542 313 1542 298 1545 273 1549 266 1543 264 1542 263 1542 261 1542 117 1540 117 1586"/></Shape>
	    <String CONTENT="ſcribit ab enumeratione partium, nempe à Ma¬"
                    HPOS="116"
                    VPOS="1540"
                    WIDTH="1049"
                    HEIGHT="82"
                    WC="0.979915126164754"></String>
          </TextLine>

          
          
          <TextLine ID="eSc_line_4b4d1af0"
                    TAGREFS="LT4318"
                    BASELINE="116 1646 1168 1661" 
                    HPOS="114"
                    VPOS="1603"
                    WIDTH="1054"
                    HEIGHT="80">
            <Shape><Polygon POINTS="116 1646 114 1659 264 1671 266 1671 495 1667 536 1676 538 1676 632 1670 704 1677 706 1677 707 1677 733 1670 794 1679 928 1680 929 1680 931 1680 957 1673 1109 1683 1110 1683 1167 1674 1168 1661 1168 1625 1064 1612 1063 1612 1061 1612 1041 1622 1011 1612 1009 1612 1008 1612 1006 1612 968 1622 965 1622 960 1622 923 1610 922 1610 920 1610 919 1610 889 1621 886 1621 880 1621 801 1609 800 1609 736 1618 734 1618 514 1616 513 1615 499 1606 498 1606 496 1606 495 1606 441 1615 435 1615 434 1615 417 1603 416 1603 414 1603 413 1603 116 1609 116 1646"/></Shape>
	    <String CONTENT="nuum ſanctitarte &amp; puritate, &amp; à cordis charita¬"
                    HPOS="114"
                    VPOS="1603"
                    WIDTH="1054"
                    HEIGHT="80"
                    WC="0.969633136476789"></String>
          </TextLine>

          
          
          <TextLine ID="eSc_line_92e215e5"
                    TAGREFS="LT4318"
                    BASELINE="117 1705 1179 1717" 
                    HPOS="116"
                    VPOS="1658"
                    WIDTH="1063"
                    HEIGHT="85">
            <Shape><Polygon POINTS="117 1705 116 1719 172 1732 174 1732 220 1722 397 1731 398 1731 400 1731 423 1725 440 1735 441 1735 443 1735 444 1735 636 1726 646 1734 648 1734 649 1734 782 1740 783 1740 873 1731 883 1740 884 1740 886 1740 887 1740 1078 1734 1116 1743 1118 1743 1119 1743 1177 1731 1179 1717 1179 1680 935 1679 929 1674 916 1665 914 1665 913 1665 911 1665 910 1665 880 1673 870 1676 865 1673 856 1665 855 1665 853 1665 852 1665 826 1667 825 1667 823 1667 817 1671 812 1676 800 1671 779 1664 777 1664 776 1664 774 1664 754 1670 749 1671 737 1670 685 1664 684 1664 682 1664 670 1668 655 1674 591 1674 577 1667 565 1662 563 1662 562 1662 560 1662 545 1667 522 1673 513 1665 511 1665 510 1665 388 1659 386 1659 355 1662 282 1670 254 1659 248 1658 246 1658 117 1658 117 1705"/></Shape>
	    <String CONTENT="te. Vult enim &amp; manus noſtras (id eſt, opera ex¬"
                    HPOS="116"
                    VPOS="1658"
                    WIDTH="1063"
                    HEIGHT="85"
                    WC="0.962275645385186"></String>
          </TextLine>

          
          
          <TextLine ID="eSc_line_bd92345e"
                    TAGREFS="LT4318"
                    BASELINE="117 1763 1167 1775" 
                    HPOS="117"
                    VPOS="1717"
                    WIDTH="1050"
                    HEIGHT="81">
            <Shape><Polygon POINTS="117 1763 117 1786 484 1783 539 1787 585 1792 587 1792 614 1787 639 1784 657 1789 681 1793 682 1793 762 1789 788 1787 792 1789 810 1795 812 1795 813 1795 1042 1790 1085 1798 1087 1798 1165 1789 1167 1775 1164 1728 1124 1729 1122 1729 1121 1729 1110 1738 1063 1731 1061 1731 904 1737 870 1737 856 1725 855 1725 853 1725 852 1725 773 1735 718 1735 693 1723 691 1723 690 1723 511 1732 438 1720 437 1720 435 1720 434 1720 383 1726 359 1719 358 1719 356 1719 355 1719 353 1719 352 1719 331 1729 319 1719 318 1719 316 1719 315 1719 307 1719 169 1726 117 1717 117 1763"/></Shape>
	    <String CONTENT="terna) eſſe ſanctas, vt eſt Iſai.1.verſ.13.&amp; corda ab"
                    HPOS="117"
                    VPOS="1717"
                    WIDTH="1050"
                    HEIGHT="81"></String>
          </TextLine>

          
          
          <TextLine ID="eSc_line_46dd852c"
                    TAGREFS="LT4318"
                    BASELINE="118 1821 1168 1838" 
                    HPOS="117"
                    VPOS="1778"
                    WIDTH="1051"
                    HEIGHT="81">
            <Shape><Polygon POINTS="118 1821 117 1835 309 1847 310 1847 590 1844 623 1851 624 1851 626 1851 868 1848 1105 1859 1106 1859 1167 1851 1168 1838 1168 1801 1152 1792 1151 1792 1149 1792 1118 1792 1116 1792 1115 1792 1113 1792 1100 1802 1023 1790 1021 1790 1020 1790 990 1798 858 1790 856 1790 822 1798 810 1789 810 1787 809 1787 807 1787 776 1786 721 1786 719 1786 718 1786 716 1786 704 1796 703 1796 684 1796 649 1795 639 1784 638 1784 636 1784 635 1784 593 1792 581 1783 580 1783 578 1783 577 1783 481 1793 480 1793 434 1793 432 1792 419 1781 417 1781 416 1781 414 1781 324 1790 315 1790 310 1790 266 1778 264 1778 263 1778 118 1786 118 1821"/></Shape>
	    <String CONTENT="omni in proximum ira &amp; irritatione vacua, vt eſt"
                    HPOS="117"
                    VPOS="1778"
                    WIDTH="1051"
                    HEIGHT="81"></String>
          </TextLine>

          
          
          <TextLine ID="eSc_line_7d760b8a"
                    TAGREFS="LT4318"
                    BASELINE="116 1878 1164 1893" 
                    HPOS="114"
                    VPOS="1829"
                    WIDTH="1050"
                    HEIGHT="88">
            <Shape><Polygon POINTS="116 1878 114 1893 179 1903 181 1903 218 1897 233 1906 234 1906 236 1906 237 1908 304 1908 304 1906 306 1906 325 1897 349 1908 350 1908 352 1908 426 1900 461 1909 462 1909 464 1909 465 1909 466 1909 481 1900 517 1909 519 1909 520 1909 522 1909 523 1909 533 1900 577 1909 578 1909 580 1909 606 1902 641 1912 642 1912 643 1914 704 1914 704 1912 706 1912 724 1903 733 1912 734 1912 736 1912 737 1912 800 1906 849 1915 850 1915 905 1906 987 1914 989 1914 1021 1908 1057 1917 1058 1917 1060 1917 1163 1908 1164 1893 1163 1853 1102 1854 1084 1850 1054 1842 1052 1842 1051 1842 1049 1842 1027 1848 1014 1853 997 1848 983 1844 981 1844 980 1844 978 1844 968 1848 954 1853 916 1847 898 1844 896 1844 883 1845 852 1851 843 1845 835 1839 834 1839 832 1839 792 1839 791 1839 789 1839 788 1839 783 1844 776 1848 761 1842 746 1838 745 1838 743 1838 742 1838 730 1842 712 1850 645 1850 630 1839 626 1836 624 1836 623 1836 621 1836 620 1836 614 1839 599 1847 527 1838 514 1836 513 1836 511 1836 507 1838 477 1845 462 1836 461 1835 459 1835 458 1835 456 1835 438 1835 327 1844 276 1832 273 1832 272 1832 264 1832 175 1836 116 1829 116 1878"/></Shape>
	    <String CONTENT="Matth.6. verſ.15.5. verſ.24. Vera enim ſanctitas"
                    HPOS="114"
                    VPOS="1829"
                    WIDTH="1050"
                    HEIGHT="88"></String>
          </TextLine>

          
          
          <TextLine ID="eSc_line_f6c4ceab"
                    TAGREFS="LT4318"
                    BASELINE="117 1939 1160 1952" 
                    HPOS="116"
                    VPOS="1894"
                    WIDTH="1044"
                    HEIGHT="81">
            <Shape><Polygon POINTS="117 1939 116 1957 513 1967 514 1967 556 1961 563 1960 568 1961 591 1969 593 1969 696 1970 697 1970 792 1963 812 1961 831 1963 928 1973 929 1973 1036 1964 1041 1964 1052 1973 1052 1975 1054 1975 1055 1975 1057 1975 1158 1964 1160 1952 1158 1918 1075 1908 1073 1908 984 1912 969 1905 968 1905 966 1905 826 1911 797 1902 795 1902 794 1902 792 1902 791 1902 777 1912 745 1902 743 1902 742 1902 740 1902 700 1912 699 1912 697 1912 666 1900 664 1900 663 1900 661 1900 660 1900 648 1909 612 1900 611 1900 609 1900 608 1900 581 1911 571 1900 571 1899 569 1899 568 1899 566 1899 513 1909 432 1900 431 1900 429 1900 411 1906 398 1897 397 1897 395 1897 394 1897 339 1905 328 1896 327 1896 325 1896 324 1896 322 1896 290 1906 266 1896 264 1896 263 1896 150 1905 135 1894 133 1894 132 1894 130 1894 129 1894 127 1894 117 1900 117 1939"/></Shape>
	    <String CONTENT="tum externis, tum etiam internis operibus con¬"
                    HPOS="116"
                    VPOS="1894"
                    WIDTH="1044"
                    HEIGHT="81"
                    WC="0.967317007158114"></String>
          </TextLine>

          
          
          <TextLine ID="eSc_line_aec39bd3"
                    TAGREFS="LT4318"
                    BASELINE="116 1997 1161 2012" 
                    HPOS="114"
                    VPOS="1948"
                    WIDTH="1047"
                    HEIGHT="88">
            <Shape><Polygon POINTS="116 1997 114 2012 179 2021 181 2021 269 2015 273 2015 276 2015 324 2025 325 2025 388 2016 391 2016 498 2016 499 2018 514 2025 516 2025 517 2025 581 2019 594 2028 596 2028 597 2028 599 2028 649 2022 743 2031 745 2031 826 2022 846 2033 847 2033 849 2033 850 2033 883 2024 895 2033 896 2033 898 2033 953 2034 954 2034 1055 2025 1116 2036 1118 2036 1160 2025 1161 2012 1161 1970 1131 1961 1130 1961 1128 1961 1026 1969 996 1970 989 1967 966 1960 965 1960 963 1960 962 1960 945 1967 941 1970 853 1970 849 1964 841 1958 841 1957 840 1957 838 1957 837 1957 803 1964 788 1967 773 1963 745 1955 743 1955 742 1955 740 1955 719 1963 709 1967 641 1967 559 1966 547 1958 536 1954 535 1954 533 1954 493 1958 444 1963 434 1957 426 1951 425 1951 423 1951 422 1951 420 1951 407 1955 395 1961 386 1955 379 1951 377 1951 376 1951 374 1951 343 1955 304 1960 276 1954 257 1949 255 1949 254 1949 243 1952 224 1958 193 1952 174 1948 172 1948 116 1949 116 1997"/></Shape>
	    <String CONTENT="ſtat, &amp; definienda eſt: &amp; impiũ eſt, ſi quis vel ani¬"
                    HPOS="114"
                    VPOS="1948"
                    WIDTH="1047"
                    HEIGHT="88"></String>
          </TextLine>

          
          
          <TextLine ID="eSc_line_3c1a4ac4"
                    TAGREFS="LT4318"
                    BASELINE="118 2055 1160 2070" 
                    HPOS="118"
                    VPOS="2007"
                    WIDTH="1042"
                    HEIGHT="88">
            <Shape><Polygon POINTS="118 2055 118 2071 220 2071 240 2074 327 2086 328 2086 330 2086 331 2086 348 2074 350 2074 379 2074 386 2076 429 2088 431 2088 432 2088 539 2077 547 2077 554 2077 629 2089 630 2089 632 2089 633 2089 643 2080 691 2079 731 2079 733 2080 743 2088 743 2089 745 2089 746 2089 847 2094 849 2094 850 2094 887 2085 902 2094 904 2094 905 2094 907 2094 908 2094 929 2083 962 2083 971 2083 972 2083 984 2094 986 2094 987 2094 989 2094 990 2094 1017 2085 1038 2095 1039 2095 1041 2095 1088 2085 1099 2092 1100 2092 1102 2092 1103 2092 1158 2085 1160 2070 1157 2021 1088 2030 1078 2021 1076 2021 1075 2021 1023 2019 989 2019 987 2019 986 2019 959 2030 889 2018 883 2018 881 2018 880 2018 878 2018 846 2028 639 2027 568 2016 533 2012 532 2012 510 2015 495 2018 465 2015 414 2010 413 2010 411 2010 410 2010 406 2015 397 2021 281 2021 273 2013 269 2010 269 2009 267 2009 266 2009 264 2009 242 2013 221 2018 200 2013 184 2010 182 2010 181 2010 172 2013 159 2018 154 2013 148 2009 148 2007 147 2007 145 2007 144 2007 118 2012 118 2055"/></Shape>
	    <String CONTENT="mo vel opere ipſo ſceleratus &amp; profanus ad Deũ"
                    HPOS="118"
                    VPOS="2007"
                    WIDTH="1042"
                    HEIGHT="88"
                    WC="0.989809434464637"></String>
          </TextLine>

          
          
          <TextLine ID="eSc_line_19f6e16c"
                    TAGREFS="LT4318"
                    BASELINE="120 2113 663 2126 1163 2126" 
                    HPOS="120"
                    VPOS="2071"
                    WIDTH="1043"
                    HEIGHT="79">
            <Shape><Polygon POINTS="120 2113 120 2134 264 2131 288 2135 307 2140 309 2140 345 2137 380 2132 400 2137 426 2143 428 2143 568 2138 572 2138 574 2138 614 2146 615 2146 617 2146 618 2146 629 2138 633 2138 716 2147 718 2147 929 2143 969 2150 971 2150 1161 2141 1163 2126 1161 2095 1051 2083 1049 2083 971 2091 942 2092 925 2089 887 2082 886 2082 859 2088 844 2091 801 2086 746 2080 745 2080 743 2080 742 2080 736 2085 728 2089 715 2085 700 2079 699 2079 697 2079 657 2083 612 2088 606 2082 602 2079 602 2077 600 2077 599 2077 597 2077 596 2077 594 2077 590 2082 582 2086 575 2082 569 2077 568 2077 566 2077 565 2077 530 2080 477 2085 466 2079 462 2076 461 2076 459 2076 458 2076 456 2076 449 2079 428 2085 276 2085 258 2074 255 2073 254 2073 252 2073 245 2073 214 2079 120 2071 120 2113"/></Shape>
	    <String CONTENT="orandum accedat, ſine animi pœnitentia &amp; re¬"
                    HPOS="120"
                    VPOS="2071"
                    WIDTH="1043"
                    HEIGHT="79"
                    WC="0.993274681947448"></String>
          </TextLine>

          
          
          <TextLine ID="eSc_line_a03839ae"
                    TAGREFS="LT4318"
                    BASELINE="116 2172 594 2184 1160 2186" 
                    HPOS="114"
                    VPOS="2125"
                    WIDTH="1046"
                    HEIGHT="96">
            <Shape><Polygon POINTS="116 2172 114 2195 142 2195 145 2196 159 2207 160 2207 162 2207 163 2207 165 2207 166 2207 179 2198 182 2196 260 2196 267 2199 287 2210 288 2210 410 2214 411 2215 517 2215 517 2214 519 2214 535 2207 562 2215 563 2215 565 2215 602 2208 629 2202 638 2210 641 2211 641 2212 642 2212 643 2212 785 2218 786 2220 881 2220 881 2218 883 2218 884 2218 887 2215 902 2204 1000 2214 1002 2214 1103 2207 1124 2220 1125 2220 1127 2220 1157 2221 1160 2186 1160 2135 1069 2135 1067 2135 1066 2135 1033 2149 983 2149 960 2137 959 2137 957 2137 956 2137 926 2147 896 2132 895 2132 893 2132 889 2132 785 2146 706 2146 672 2131 670 2131 669 2131 667 2131 594 2143 577 2129 575 2129 574 2129 572 2129 571 2129 569 2129 554 2141 548 2137 548 2135 547 2135 545 2135 544 2135 437 2140 408 2128 404 2126 403 2126 365 2126 364 2126 362 2126 361 2126 359 2128 342 2140 309 2129 307 2129 306 2129 304 2129 285 2140 245 2138 227 2126 226 2125 224 2125 223 2125 221 2125 116 2125 116 2172"/></Shape>
	    <String CONTENT="Iipiſcentia Pſal.5.verſ.6. Id quod etiam homines"
                    HPOS="114"
                    VPOS="2125"
                    WIDTH="1046"
                    HEIGHT="96"
                    WC="0.957735306272904"></String>
          </TextLine>

          
        </TextBlock>
        
        <TextBlock HPOS="879"
                   VPOS="2207"
                   WIDTH="96"
                   HEIGHT="68"
                   ID="block_3"
                   TAGREFS="BT10978">
          <Shape><Polygon POINTS="975 2207 975 2275 879 2275 879 2207"/></Shape>
          
          
          <TextLine ID="eSc_line_5ec98de9"
                    TAGREFS="LT4318"
                    BASELINE="886 2250 968 2247" 
                    HPOS="883"
                    VPOS="2198"
                    WIDTH="85"
                    HEIGHT="77">
            <Shape><Polygon POINTS="886 2250 886 2265 923 2275 925 2275 926 2275 968 2269 968 2247 963 2198 883 2199 886 2250"/></Shape>
	    <String CONTENT="e.j."
                    HPOS="883"
                    VPOS="2198"
                    WIDTH="85"
                    HEIGHT="77"
                    WC="0.960328191518784"></String>
          </TextLine>

          
        </TextBlock>
        

        
      </PrintSpace>
    </Page>
  </Layout>
</alto>
