<?xml version="1.0" encoding="UTF-8"?>
<alto xmlns:xsi="http://www.w3.org/2001/XMLSchema-instance"
      xmlns="http://www.loc.gov/standards/alto/ns-v4#"
      xsi:schemaLocation="http://www.loc.gov/standards/alto/ns-v4# http://www.loc.gov/standards/alto/v4/alto-4-2.xsd">
  <Description>
    <MeasurementUnit>pixel</MeasurementUnit>
    <sourceImageInformation>
      <fileName>2012950.png</fileName>
      
    </sourceImageInformation>
  </Description>
  
  <Tags>
    <OtherTag ID="BT10544" LABEL="text" DESCRIPTION="block type text"/><OtherTag ID="BT10543" LABEL="NumberingZone" DESCRIPTION="block type NumberingZone"/><OtherTag ID="BT10542" LABEL="MainZone" DESCRIPTION="block type MainZone"/><OtherTag ID="BT10538" LABEL="RunningTitleZone" DESCRIPTION="block type RunningTitleZone"/><OtherTag ID="BT10537" LABEL="DropCapitalZone" DESCRIPTION="block type DropCapitalZone"/><OtherTag ID="BT10536" LABEL="GraphicZone" DESCRIPTION="block type GraphicZone"/><OtherTag ID="BT10535" LABEL="TitlePageZone" DESCRIPTION="block type TitlePageZone"/><OtherTag ID="BT10534" LABEL="QuireMarksZone" DESCRIPTION="block type QuireMarksZone"/><OtherTag ID="BT10533" LABEL="MarginTextZone" DESCRIPTION="block type MarginTextZone"/>
    <OtherTag ID="LT4122" LABEL="default" DESCRIPTION="line type default"/><OtherTag ID="LT4119" LABEL="DefaultLine" DESCRIPTION="line type DefaultLine"/><OtherTag ID="LT4118" LABEL="HeadingLine" DESCRIPTION="line type HeadingLine"/><OtherTag ID="LT4117" LABEL="CustomLine : BiblicalText" DESCRIPTION="line type CustomLine : BiblicalText"/>
  </Tags>
  
  <Layout>
    <Page WIDTH="1807"
          HEIGHT="2677"
          PHYSICAL_IMG_NR="66"
          ID="eSc_dummypage_">
      <PrintSpace HPOS="0"
                  VPOS="0"
                  WIDTH="1807"
                  HEIGHT="2677">
        
        <TextBlock HPOS="604"
                   VPOS="154"
                   WIDTH="74"
                   HEIGHT="70"
                   ID="eSc_textblock_cf5ddc26"
                   TAGREFS="BT10543">
          <Shape><Polygon POINTS="604 154 604 224 678 221 678 154"/></Shape>
          
          
          <TextLine ID="eSc_line_664adeef"
                    TAGREFS="LT4119"
                    BASELINE="617 212 665 212" 
                    HPOS="615"
                    VPOS="149"
                    WIDTH="49"
                    HEIGHT="94">
            <Shape><Polygon POINTS="615 211 615 243 664 238 664 211 662 149 615 153 615 211"/></Shape>
	    <String CONTENT="38"
                    HPOS="615"
                    VPOS="149"
                    WIDTH="49"
                    HEIGHT="94"
                    WC="0.999771028757095"></String>
          </TextLine>

          
        </TextBlock>
        
        <TextBlock HPOS="786"
                   VPOS="152"
                   WIDTH="726"
                   HEIGHT="68"
                   ID="block_4"
                   TAGREFS="BT10538">
          <Shape><Polygon POINTS="1512 152 1512 220 786 220 786 152"/></Shape>
          
          
          <TextLine ID="eSc_line_ba7e0b72"
                    TAGREFS="LT4118"
                    BASELINE="797 206 1500 193" 
                    HPOS="795"
                    VPOS="144"
                    WIDTH="705"
                    HEIGHT="88">
            <Shape><Polygon POINTS="1479 153 1473 151 1432 157 1417 150 1406 145 1405 145 1390 144 1375 144 1363 144 1362 144 1360 144 1345 151 1331 159 1301 151 1271 145 1270 145 1268 145 1246 153 1219 162 1127 154 1115 154 1113 154 1112 154 1110 154 1096 163 1087 156 1082 151 1082 150 1081 150 1079 150 1030 150 1029 150 993 157 935 169 864 169 844 159 838 154 837 154 835 154 834 154 795 159 797 206 797 232 859 223 871 229 873 229 874 229 875 229 901 217 929 217 947 230 948 230 950 230 951 230 953 230 956 229 987 215 1024 229 1027 229 1029 229 1030 229 1052 227 1082 224 1084 224 1085 224 1100 212 1145 212 1170 223 1171 223 1173 223 1174 223 1176 223 1192 211 1304 223 1311 223 1313 223 1314 223 1316 223 1347 208 1499 218 1500 193 1496 154 1494 153"/></Shape>
	    <String CONTENT="AD I. PAVL. AD TIM."
                    HPOS="795"
                    VPOS="144"
                    WIDTH="705"
                    HEIGHT="88"
                    WC="0.993399952587328"></String>
          </TextLine>

          
        </TextBlock>
        
        <TextBlock HPOS="585"
                   VPOS="219"
                   WIDTH="1090"
                   HEIGHT="1964"
                   ID="block_3"
                   TAGREFS="BT10542">
          <Shape><Polygon POINTS="1675 219 1675 2183 585 2183 585 219"/></Shape>
          
          
          <TextLine ID="eSc_line_cfa1ddb2"
                    TAGREFS="LT4119"
                    BASELINE="602 284 1656 269" 
                    HPOS="600"
                    VPOS="217"
                    WIDTH="1056"
                    HEIGHT="89">
            <Shape><Polygon POINTS="602 284 602 298 704 306 706 306 707 306 709 306 719 298 722 297 737 298 791 304 792 304 794 304 812 297 819 295 831 297 859 303 861 303 911 297 939 294 1015 297 1127 300 1128 300 1130 300 1140 295 1151 291 1182 295 1209 298 1210 298 1212 298 1224 295 1241 290 1256 294 1265 297 1267 297 1268 297 1270 297 1277 294 1290 290 1316 294 1334 297 1335 297 1360 294 1392 290 1403 294 1409 295 1411 295 1412 295 1414 295 1415 295 1417 294 1423 290 1429 294 1430 295 1432 295 1433 295 1435 295 1516 294 1518 294 1524 292 1555 285 1655 291 1656 269 1653 226 1444 217 1442 217 1381 230 1377 230 1374 230 1341 218 1340 218 1338 218 1246 232 1244 232 1221 221 1219 221 1149 221 1148 221 1146 221 1094 234 1093 234 1081 224 1081 223 1079 223 1078 223 1041 223 1039 223 1038 223 1009 236 1008 236 1003 236 936 229 935 229 933 229 910 237 908 239 877 239 817 239 794 227 792 227 791 227 789 227 788 227 788 229 774 239 642 229 641 229 639 229 600 242 602 284"/></Shape>
	    <String CONTENT="vbi duodecim Sacerdotes circunſtant Epiſcopũ,"
                    HPOS="600"
                    VPOS="217"
                    WIDTH="1056"
                    HEIGHT="89"
                    WC="0.997068188760592"></String>
          </TextLine>

          
          
          <TextLine ID="eSc_line_29271866"
                    TAGREFS="LT4119"
                    BASELINE="599 345 1308 330 1664 330" 
                    HPOS="597"
                    VPOS="284"
                    WIDTH="1067"
                    HEIGHT="86">
            <Shape><Polygon POINTS="599 345 599 370 687 370 687 368 688 368 690 368 703 358 734 367 736 367 737 367 739 367 740 367 776 356 859 356 871 364 873 364 874 364 875 364 917 355 928 362 929 362 931 362 932 362 933 362 957 352 1066 352 1099 361 1100 361 1102 361 1103 361 1105 361 1115 352 1146 358 1148 358 1149 358 1151 358 1161 350 1213 359 1218 359 1219 359 1232 359 1412 346 1445 355 1447 355 1448 355 1509 348 1625 352 1627 352 1628 352 1630 352 1637 345 1661 352 1664 330 1661 290 1464 291 1418 284 1417 284 1359 292 1317 285 1316 285 1314 285 1313 285 1302 294 1207 288 1206 288 1154 297 1139 288 1137 288 1136 288 1134 288 1038 290 984 300 983 300 981 300 901 292 899 292 898 292 865 303 861 303 837 303 623 297 621 297 620 297 597 304 599 345"/></Shape>
	    <String CONTENT="&amp; lucernas ardentes habent, quas in terram proii¬"
                    HPOS="597"
                    VPOS="284"
                    WIDTH="1067"
                    HEIGHT="86"
                    WC="0.99825506429283"></String>
          </TextLine>

          
          
          <TextLine ID="eSc_line_47d26ddb"
                    TAGREFS="LT4119"
                    BASELINE="599 404 1659 385" 
                    HPOS="597"
                    VPOS="340"
                    WIDTH="1062"
                    HEIGHT="89">
            <Shape><Polygon POINTS="599 404 599 422 661 429 663 429 713 422 740 416 932 413 944 419 954 423 956 423 957 423 959 423 980 419 1006 411 1017 417 1020 420 1021 420 1023 420 1024 422 1076 422 1076 420 1078 420 1079 420 1079 419 1082 417 1090 410 1183 416 1192 416 1194 416 1198 416 1250 407 1290 414 1305 417 1307 417 1519 413 1521 413 1522 413 1534 406 1658 410 1659 385 1658 349 1630 340 1628 340 1627 340 1566 348 1557 340 1555 340 1554 340 1552 340 1551 340 1549 340 1539 350 1475 350 1414 340 1412 340 1411 340 1377 352 1348 342 1347 342 1345 342 1344 342 1328 349 1252 343 1250 343 1249 343 1247 343 1231 355 1204 345 1203 345 1201 345 1143 356 1064 348 1063 348 1061 348 1060 348 1060 349 1048 358 1008 348 1006 348 1005 348 1003 348 981 359 966 350 965 350 963 350 962 350 960 350 959 350 948 359 908 353 907 353 905 353 904 353 895 361 761 352 759 352 758 352 733 362 597 367 599 404"/></Shape>
	    <String CONTENT="ciunt. vide canon. Debent duodecim Sacerdotes"
                    HPOS="597"
                    VPOS="340"
                    WIDTH="1062"
                    HEIGHT="89"
                    WC="0.998683563868205"></String>
          </TextLine>

          
          
          <TextLine ID="eSc_line_b08b7f23"
                    TAGREFS="LT4119"
                    BASELINE="599 462 853 459" 
                    HPOS="597"
                    VPOS="413"
                    WIDTH="256"
                    HEIGHT="83">
            <Shape><Polygon POINTS="599 490 648 484 654 489 660 493 660 495 661 495 663 495 664 496 724 496 724 495 725 495 767 483 777 481 786 483 817 487 819 487 820 487 853 478 853 459 850 417 727 413 725 413 667 422 666 422 664 422 643 414 642 414 641 414 597 423 599 462"/></Shape>
	    <String CONTENT="1I. quæſt.3."
                    HPOS="597"
                    VPOS="413"
                    WIDTH="256"
                    HEIGHT="83"></String>
          </TextLine>

          
          
          <TextLine ID="eSc_line_c37c2e54"
                    TAGREFS="LT4118"
                    BASELINE="990 690 1322 687" 
                    HPOS="989"
                    VPOS="633"
                    WIDTH="333"
                    HEIGHT="80">
            <Shape><Polygon POINTS="990 704 1124 713 1125 713 1127 713 1128 713 1128 712 1136 706 1231 712 1232 712 1322 701 1322 687 1319 649 1228 633 1226 633 1225 633 1203 643 1194 648 989 636 990 690"/></Shape>
	    <String CONTENT="CAP. II."
                    HPOS="989"
                    VPOS="633"
                    WIDTH="333"
                    HEIGHT="80"
                    WC="0.998508259654045"></String>
          </TextLine>

          
          
          <TextLine ID="eSc_line_6760430b"
                    TAGREFS="LT4118"
                    BASELINE="825 785 1658 774" 
                    HPOS="820"
                    VPOS="696"
                    WIDTH="837"
                    HEIGHT="122">
            <Shape><Polygon POINTS="823 818 1255 818 1255 816 1267 814 1322 803 1463 814 1476 814 1479 814 1481 814 1483 814 1505 800 1653 812 1657 771 1653 696 1532 696 1530 696 1528 696 1525 696 1519 700 1470 729 1416 720 1414 720 1289 731 1253 713 1233 702 1231 702 1182 700 1180 700 1177 700 1151 716 1137 702 1135 702 1133 702 1059 702 1057 702 1055 702 1010 725 983 738 928 738 916 729 910 722 907 722 905 722 903 722 901 722 885 729 870 736 820 733 823 783"/></Shape>
	    <String CONTENT="DHORTOR igitur ante omnia"
                    HPOS="820"
                    VPOS="696"
                    WIDTH="837"
                    HEIGHT="122"></String>
          </TextLine>

          
          
          <TextLine ID="eSc_line_7a7585e3"
                    TAGREFS="LT4118"
                    BASELINE="814 855 1661 843" 
                    HPOS="809"
                    VPOS="791"
                    WIDTH="850"
                    HEIGHT="87">
            <Shape><Polygon POINTS="812 878 1659 874 1659 841 1655 803 1492 791 1490 791 1394 803 1369 807 809 807 812 854"/></Shape>
	    <String CONTENT="vt fiant deprecationes, preces, po¬"
                    HPOS="809"
                    VPOS="791"
                    WIDTH="850"
                    HEIGHT="87"
                    WC="0.973063978127071"></String>
          </TextLine>

          
          
          <TextLine ID="eSc_line_f43efce0"
                    TAGREFS="LT4118"
                    BASELINE="821 923 1665 913" 
                    HPOS="818"
                    VPOS="865"
                    WIDTH="846"
                    HEIGHT="87">
            <Shape><Polygon POINTS="820 952 1030 939 1061 950 1066 952 1068 952 1070 952 1302 950 1305 950 1309 948 1331 939 1407 948 1441 950 1443 950 1445 950 1454 945 1481 934 1659 943 1664 912 1659 867 818 865 820 921"/></Shape>
	    <String CONTENT="ſtulationes, gratiarum actiones pro"
                    HPOS="818"
                    VPOS="865"
                    WIDTH="846"
                    HEIGHT="87"
                    WC="0.988443153245108"></String>
          </TextLine>

          
          
          <TextLine ID="eSc_line_e2f7229d"
                    TAGREFS="LT4118"
                    BASELINE="603 996 1149 989" 
                    HPOS="602"
                    VPOS="931"
                    WIDTH="547"
                    HEIGHT="90">
            <Shape><Polygon POINTS="603 1021 779 1021 780 1021 794 1017 822 1006 850 1015 859 1017 861 1017 862 1017 864 1017 865 1017 868 1014 881 1006 916 1012 919 1012 920 1012 922 1012 923 1012 935 1005 996 1006 999 1009 1009 1018 1011 1018 1012 1018 1014 1018 1015 1018 1035 1008 1042 1005 1047 1008 1066 1017 1067 1017 1069 1017 1070 1017 1072 1017 1088 1006 1094 1003 1148 1003 1149 989 1145 947 1088 947 1087 947 1039 931 1038 931 1036 931 1035 931 990 944 969 933 968 933 966 933 965 933 963 933 948 945 880 933 878 933 804 945 794 936 792 936 791 936 789 936 719 944 704 936 703 936 701 936 700 936 661 953 660 954 602 954 603 996"/></Shape>
	    <String CONTENT="quibuſ uis hominibus."
                    HPOS="602"
                    VPOS="931"
                    WIDTH="547"
                    HEIGHT="90"></String>
          </TextLine>

          
          
          <TextLine ID="eSc_line_d0f6a651"
                    TAGREFS="LT4119"
                    BASELINE="692 1103 1653 1096" 
                    HPOS="633"
                    VPOS="1042"
                    WIDTH="1020"
                    HEIGHT="88">
            <Shape><Polygon POINTS="635 1121 777 1130 779 1130 780 1130 803 1121 804 1121 810 1121 893 1128 895 1128 929 1121 941 1118 987 1119 1060 1124 1061 1124 1091 1119 1113 1116 1124 1119 1143 1125 1145 1125 1146 1125 1222 1119 1273 1115 1292 1119 1317 1124 1319 1125 1357 1125 1357 1124 1359 1124 1360 1124 1360 1122 1365 1118 1369 1115 1395 1118 1427 1122 1429 1122 1527 1121 1528 1121 1530 1121 1534 1118 1545 1112 1558 1118 1563 1119 1564 1119 1566 1119 1567 1119 1569 1119 1570 1118 1579 1112 1650 1116 1653 1096 1652 1052 1613 1042 1612 1042 1610 1042 1609 1042 1579 1052 1577 1052 1576 1052 1525 1044 1524 1044 1522 1044 1505 1054 1502 1055 1454 1055 1454 1054 1430 1042 1429 1042 1375 1042 1374 1042 1372 1042 1344 1055 1342 1055 1311 1044 1310 1044 1243 1044 1241 1044 1240 1044 1213 1057 1212 1057 1143 1047 1142 1047 1140 1047 1139 1047 1122 1057 1076 1048 1075 1048 1073 1048 1048 1057 953 1052 951 1052 913 1060 800 1048 798 1048 797 1048 795 1048 777 1061 746 1049 745 1049 679 1049 678 1049 676 1049 633 1063 635 1106"/></Shape>
	    <String CONTENT="Tranſitio eſt ad alteram Euãgelici muneris"
                    HPOS="633"
                    VPOS="1042"
                    WIDTH="1020"
                    HEIGHT="88"
                    WC="0.980392766553302"></String>
          </TextLine>

          
          
          <TextLine ID="eSc_line_4ce95b7d"
                    TAGREFS="LT4119"
                    BASELINE="606 1167 1658 1151" 
                    HPOS="605"
                    VPOS="1105"
                    WIDTH="1053"
                    HEIGHT="90">
            <Shape><Polygon POINTS="606 1167 606 1183 721 1183 724 1183 757 1195 758 1195 759 1195 788 1194 789 1194 791 1194 791 1192 800 1185 813 1194 815 1194 816 1194 817 1194 859 1186 881 1192 883 1192 884 1192 886 1192 887 1192 899 1183 904 1180 963 1180 968 1183 977 1191 977 1192 978 1192 980 1192 981 1192 1027 1183 1035 1182 1045 1183 1096 1189 1097 1189 1099 1189 1100 1189 1110 1183 1119 1177 1128 1183 1140 1189 1142 1189 1143 1189 1173 1182 1195 1177 1216 1182 1238 1188 1240 1188 1241 1188 1274 1182 1308 1176 1319 1182 1320 1183 1322 1183 1323 1183 1325 1183 1344 1182 1409 1176 1430 1182 1442 1185 1444 1185 1445 1185 1447 1185 1448 1185 1453 1182 1469 1171 1512 1171 1530 1182 1531 1183 1533 1183 1534 1183 1536 1183 1658 1180 1658 1151 1655 1113 1588 1105 1586 1105 1585 1105 1583 1105 1572 1113 1572 1115 1567 1113 1536 1106 1534 1106 1533 1106 1531 1106 1514 1115 1508 1118 1472 1115 1418 1112 1417 1112 1415 1112 1402 1116 1396 1119 1392 1116 1386 1112 1384 1112 1383 1112 1381 1112 1311 1118 1279 1121 1274 1119 1259 1112 1258 1112 1256 1112 1255 1112 1234 1119 1228 1121 1224 1119 1209 1115 1207 1115 1206 1115 1157 1121 1127 1124 1116 1121 1084 1112 1082 1112 1081 1112 923 1115 922 1115 898 1125 889 1130 765 1130 759 1127 748 1118 746 1118 745 1118 700 1118 699 1118 697 1118 678 1128 675 1128 629 1119 627 1119 626 1119 605 1127 606 1167"/></Shape>
	    <String CONTENT="partem, quæ eſt publicarum precum pro quoli¬"
                    HPOS="605"
                    VPOS="1105"
                    WIDTH="1053"
                    HEIGHT="90"
                    WC="0.999703254212033"></String>
          </TextLine>

          
          
          <TextLine ID="eSc_line_0cc01343"
                    TAGREFS="LT4119"
                    BASELINE="606 1225 1659 1210" 
                    HPOS="605"
                    VPOS="1168"
                    WIDTH="1054"
                    HEIGHT="79">
            <Shape><Polygon POINTS="606 1225 606 1240 800 1247 801 1247 803 1247 804 1247 817 1237 819 1237 886 1237 887 1237 919 1246 920 1246 922 1246 923 1246 963 1235 965 1234 1015 1234 1099 1234 1125 1241 1127 1241 1128 1241 1130 1241 1161 1234 1235 1241 1237 1241 1305 1232 1400 1238 1402 1238 1450 1228 1551 1235 1552 1235 1554 1235 1555 1235 1567 1226 1627 1235 1628 1235 1630 1235 1659 1223 1659 1210 1656 1180 1451 1168 1450 1168 1448 1168 1447 1168 1433 1177 1337 1171 1335 1171 1334 1171 1332 1171 1320 1180 1268 1171 1267 1171 1265 1171 1264 1171 1252 1182 1240 1173 1238 1173 1237 1173 1188 1173 1186 1173 1103 1186 942 1180 941 1180 896 1189 858 1179 856 1179 855 1179 853 1179 852 1179 840 1189 795 1179 794 1179 792 1179 751 1191 716 1179 715 1179 713 1179 605 1194 606 1225"/></Shape>
	    <String CONTENT="bet hominum genere conceptio &amp; profuſio co¬"
                    HPOS="605"
                    VPOS="1168"
                    WIDTH="1054"
                    HEIGHT="79"
                    WC="0.98735167952471"></String>
          </TextLine>

          
          
          <TextLine ID="eSc_line_119f6e25"
                    TAGREFS="LT4119"
                    BASELINE="600 1284 1662 1268" 
                    HPOS="599"
                    VPOS="1222"
                    WIDTH="1063"
                    HEIGHT="85">
            <Shape><Polygon POINTS="600 1284 600 1296 623 1307 624 1307 626 1307 800 1295 887 1304 889 1304 936 1295 945 1302 947 1302 948 1302 950 1302 1058 1301 1060 1301 1087 1292 1102 1299 1103 1299 1105 1299 1106 1299 1107 1299 1118 1290 1157 1299 1158 1299 1209 1289 1229 1296 1231 1296 1232 1298 1232 1296 1234 1296 1253 1289 1264 1296 1265 1296 1267 1296 1268 1298 1371 1298 1371 1296 1372 1296 1396 1286 1398 1286 1399 1286 1460 1295 1461 1295 1661 1281 1662 1268 1658 1228 1555 1234 1546 1228 1536 1222 1534 1222 1533 1222 1466 1222 1464 1222 1463 1222 1448 1229 1435 1235 1420 1229 1405 1223 1403 1223 1402 1223 1372 1229 1344 1237 1322 1231 1307 1226 1305 1226 1304 1226 1302 1226 1290 1231 1270 1238 1179 1232 1139 1229 1137 1229 1136 1229 1134 1229 1131 1232 1121 1240 1105 1232 1093 1228 1091 1228 1090 1228 1088 1228 1067 1232 1047 1238 1039 1234 1035 1229 1033 1229 1032 1229 983 1229 981 1229 980 1229 971 1234 953 1243 881 1235 855 1232 853 1232 852 1232 846 1235 825 1246 780 1246 730 1237 713 1234 712 1234 710 1234 709 1234 706 1237 688 1247 599 1238 600 1284"/></Shape>
	    <String CONTENT="ram Deo. Quæ diſputatio commodè ſubiicitur"
                    HPOS="599"
                    VPOS="1222"
                    WIDTH="1063"
                    HEIGHT="85"
                    WC="0.977703019630077"></String>
          </TextLine>

          
          
          <TextLine ID="eSc_line_19701a61"
                    TAGREFS="LT4119"
                    BASELINE="602 1344 1661 1328" 
                    HPOS="600"
                    VPOS="1281"
                    WIDTH="1061"
                    HEIGHT="85">
            <Shape><Polygon POINTS="602 1357 663 1366 664 1366 666 1366 696 1357 700 1356 701 1357 707 1363 709 1363 710 1363 712 1363 749 1357 758 1356 767 1357 804 1362 806 1362 807 1362 809 1362 817 1356 820 1354 823 1356 837 1363 838 1363 840 1365 890 1365 890 1363 935 1356 951 1353 989 1354 1081 1360 1082 1360 1131 1353 1160 1350 1183 1353 1203 1356 1204 1356 1206 1356 1207 1356 1210 1353 1216 1348 1270 1353 1319 1356 1320 1356 1408 1351 1564 1342 1659 1348 1661 1328 1658 1292 1622 1292 1610 1281 1609 1281 1607 1281 1606 1281 1555 1292 1503 1281 1502 1281 1500 1281 1499 1281 1487 1292 1412 1293 1393 1283 1392 1283 1390 1283 1389 1283 1345 1295 1296 1286 1295 1286 1234 1296 1201 1287 1200 1287 1198 1287 1197 1287 1157 1298 1121 1287 1119 1287 1118 1287 1116 1287 1115 1287 1105 1298 890 1301 874 1292 873 1292 871 1292 794 1292 792 1292 791 1292 776 1299 728 1293 727 1293 725 1293 693 1305 629 1295 627 1295 626 1295 600 1305 602 1344"/></Shape>
	    <String CONTENT="tum ad ſuſceptum argumentum, quia paſtorem"
                    HPOS="600"
                    VPOS="1281"
                    WIDTH="1061"
                    HEIGHT="85"
                    WC="0.998504201571147"></String>
          </TextLine>

          
          
          <TextLine ID="eSc_line_aa8e648b"
                    TAGREFS="LT4119"
                    BASELINE="602 1400 1662 1384" 
                    HPOS="600"
                    VPOS="1339"
                    WIDTH="1062"
                    HEIGHT="87">
            <Shape><Polygon POINTS="602 1400 602 1417 635 1417 645 1426 646 1426 648 1426 649 1426 699 1415 792 1424 794 1424 1171 1408 1189 1408 1192 1408 1238 1417 1240 1417 1310 1406 1311 1406 1313 1406 1371 1415 1372 1415 1374 1415 1375 1415 1375 1414 1384 1405 1400 1414 1402 1414 1403 1414 1405 1414 1433 1405 1435 1405 1622 1411 1624 1411 1625 1411 1662 1400 1662 1384 1658 1347 1589 1348 1585 1347 1566 1339 1564 1339 1563 1339 1561 1339 1537 1347 1524 1351 1426 1348 1365 1347 1363 1347 1362 1347 1353 1350 1332 1354 1314 1350 1293 1344 1292 1344 1290 1344 1289 1344 1287 1344 1279 1350 1268 1356 1232 1350 1225 1350 1224 1350 1213 1350 1157 1357 1131 1351 1113 1347 1112 1347 1110 1347 1109 1347 1097 1351 1081 1359 1024 1353 986 1348 984 1348 983 1348 968 1353 945 1360 929 1354 928 1354 926 1354 861 1362 834 1354 823 1351 822 1351 820 1351 819 1351 812 1354 791 1363 767 1354 761 1353 759 1353 758 1353 600 1356 602 1400"/></Shape>
	    <String CONTENT="Eccleſiæ de omnibus ſui muneris partibus Pau¬"
                    HPOS="600"
                    VPOS="1339"
                    WIDTH="1062"
                    HEIGHT="87"
                    WC="0.989113533496857"></String>
          </TextLine>

          
          
          <TextLine ID="eSc_line_4888a80a"
                    TAGREFS="LT4119"
                    BASELINE="603 1458 1659 1444" 
                    HPOS="602"
                    VPOS="1399"
                    WIDTH="1057"
                    HEIGHT="85">
            <Shape><Polygon POINTS="603 1458 603 1475 685 1484 687 1484 733 1473 739 1473 743 1473 794 1482 795 1482 797 1482 798 1482 812 1473 813 1473 889 1481 890 1481 936 1472 944 1470 950 1472 990 1479 991 1479 1039 1470 1041 1470 1044 1470 1118 1475 1119 1475 1121 1475 1122 1475 1130 1469 1133 1467 1149 1469 1234 1476 1235 1476 1293 1467 1302 1466 1320 1466 1406 1472 1408 1472 1409 1472 1430 1464 1433 1464 1435 1464 1456 1472 1457 1472 1458 1472 1460 1472 1478 1464 1481 1463 1482 1464 1493 1472 1494 1472 1496 1472 1497 1472 1499 1472 1515 1464 1549 1472 1551 1472 1659 1461 1659 1444 1656 1409 1589 1399 1588 1399 1539 1409 1534 1409 1519 1409 1395 1403 1393 1403 1353 1409 1345 1411 1344 1409 1335 1403 1334 1403 1332 1403 1331 1403 1277 1411 1258 1412 1252 1411 1237 1403 1235 1403 1234 1403 1167 1411 1122 1417 1070 1417 1060 1411 1051 1406 1049 1406 1048 1406 981 1411 895 1418 602 1414 603 1458"/></Shape>
	    <String CONTENT="lus informat:tum etiam ad ſuperiorem conclu¬"
                    HPOS="602"
                    VPOS="1399"
                    WIDTH="1057"
                    HEIGHT="85"
                    WC="0.999103634194894"></String>
          </TextLine>

          
          
          <TextLine ID="eSc_line_5129f18f"
                    TAGREFS="LT4119"
                    BASELINE="603 1518 1659 1505" 
                    HPOS="602"
                    VPOS="1458"
                    WIDTH="1057"
                    HEIGHT="82">
            <Shape><Polygon POINTS="603 1518 603 1531 835 1540 837 1540 892 1530 895 1530 898 1530 984 1537 986 1537 987 1537 989 1537 999 1528 1002 1527 1012 1528 1058 1537 1060 1537 1128 1527 1146 1525 1155 1527 1185 1536 1186 1536 1188 1536 1189 1536 1216 1527 1226 1524 1238 1527 1268 1534 1270 1534 1271 1534 1326 1525 1341 1524 1353 1525 1375 1530 1377 1530 1378 1530 1395 1525 1406 1522 1411 1525 1418 1530 1420 1530 1421 1530 1423 1530 1424 1530 1426 1530 1430 1525 1436 1521 1463 1521 1469 1525 1478 1531 1479 1531 1481 1531 1482 1531 1545 1524 1586 1519 1600 1524 1613 1528 1615 1528 1616 1528 1658 1522 1659 1505 1656 1463 1540 1458 1539 1458 1470 1464 1372 1472 1345 1464 1332 1461 1331 1461 1329 1461 1328 1461 1320 1464 1304 1475 1243 1475 1218 1466 1207 1463 1206 1463 1204 1463 1203 1463 1201 1463 1197 1466 1183 1475 1099 1475 1081 1467 1073 1464 1072 1464 1070 1464 1069 1464 1063 1467 1049 1473 1009 1467 1003 1467 1002 1467 1000 1467 999 1467 989 1476 932 1469 922 1467 920 1467 890 1469 700 1481 602 1472 603 1518"/></Shape>
	    <String CONTENT="ſionem, quia hoc ipſum eſt optimum pietatis"
                    HPOS="602"
                    VPOS="1458"
                    WIDTH="1057"
                    HEIGHT="82"
                    WC="0.996503978274589"></String>
          </TextLine>

          
          
          <TextLine ID="eSc_line_816c7c08"
                    TAGREFS="LT4119"
                    BASELINE="606 1576 1661 1563" 
                    HPOS="605"
                    VPOS="1515"
                    WIDTH="1056"
                    HEIGHT="80">
            <Shape><Polygon POINTS="606 1576 606 1595 1020 1594 1021 1594 1036 1588 1042 1586 1060 1588 1106 1592 1107 1592 1109 1592 1124 1586 1128 1585 1131 1586 1146 1592 1148 1592 1149 1592 1151 1592 1165 1586 1168 1583 1308 1582 1332 1583 1421 1588 1423 1588 1424 1588 1426 1588 1436 1580 1438 1580 1447 1580 1533 1588 1534 1588 1661 1576 1661 1563 1656 1515 1508 1525 1458 1519 1436 1516 1435 1516 1433 1516 1432 1516 1427 1519 1414 1528 1354 1521 1319 1518 1317 1518 1316 1518 1314 1518 1314 1519 1310 1522 1302 1530 1229 1525 1212 1524 1210 1524 1209 1524 1204 1525 1189 1531 1179 1525 1170 1521 1168 1521 1122 1521 1121 1521 1119 1521 1118 1521 1109 1528 1102 1533 1058 1533 1029 1530 971 1522 969 1522 968 1522 948 1531 941 1534 925 1533 883 1525 881 1525 844 1534 835 1537 788 1537 786 1536 764 1525 762 1525 761 1525 703 1534 636 1527 635 1527 633 1527 605 1537 606 1576"/></Shape>
	    <String CONTENT="Chriſtianę exercitium, &amp; veræ fidei conſeruandæ"
                    HPOS="605"
                    VPOS="1515"
                    WIDTH="1056"
                    HEIGHT="80"
                    WC="0.997867279996475"></String>
          </TextLine>

          
          
          <TextLine ID="eSc_line_d7f599be"
                    TAGREFS="LT4119"
                    BASELINE="606 1635 1659 1622" 
                    HPOS="605"
                    VPOS="1577"
                    WIDTH="1054"
                    HEIGHT="76">
            <Shape><Polygon POINTS="606 1635 606 1649 935 1653 936 1653 1018 1647 1093 1643 1267 1647 1317 1647 1319 1647 1320 1647 1322 1647 1322 1646 1334 1640 1403 1646 1423 1647 1424 1647 1448 1646 1557 1637 1656 1644 1659 1622 1655 1577 1509 1586 1460 1580 1429 1577 1427 1577 1426 1577 1424 1577 1424 1579 1420 1582 1414 1588 1384 1582 1362 1579 1360 1579 1359 1579 1357 1579 1351 1583 1342 1589 1176 1591 1157 1588 1128 1582 1127 1582 1090 1589 1069 1592 1049 1589 1011 1583 1009 1583 968 1591 951 1594 929 1592 849 1585 847 1585 846 1585 829 1594 826 1595 823 1594 801 1586 800 1586 798 1586 762 1594 691 1588 690 1588 605 1598 606 1635"/></Shape>
	    <String CONTENT="modus tutiſſimus. Precibus enim impetramus à"
                    HPOS="605"
                    VPOS="1577"
                    WIDTH="1054"
                    HEIGHT="76"
                    WC="0.996365883615282"></String>
          </TextLine>

          
          
          <TextLine ID="eSc_line_386305f3"
                    TAGREFS="LT4119"
                    BASELINE="603 1693 1661 1680" 
                    HPOS="602"
                    VPOS="1634"
                    WIDTH="1059"
                    HEIGHT="85">
            <Shape><Polygon POINTS="603 1693 603 1711 667 1717 669 1717 670 1717 672 1717 678 1711 679 1710 681 1711 691 1719 693 1719 694 1719 696 1719 697 1719 716 1711 727 1708 794 1708 801 1711 813 1717 815 1717 816 1717 855 1711 874 1708 902 1711 954 1716 956 1716 1023 1710 1067 1707 1102 1710 1133 1713 1134 1713 1136 1713 1137 1713 1142 1710 1148 1705 1165 1710 1179 1713 1180 1713 1182 1713 1183 1713 1185 1713 1185 1711 1188 1710 1195 1702 1256 1710 1280 1711 1282 1711 1283 1711 1289 1710 1310 1701 1518 1708 1542 1708 1543 1708 1545 1708 1546 1708 1546 1707 1557 1698 1658 1707 1661 1680 1658 1640 1528 1634 1527 1634 1484 1640 1467 1643 1458 1641 1436 1634 1435 1634 1433 1634 1432 1634 1430 1634 1430 1635 1423 1641 1418 1644 1345 1641 1221 1637 1219 1637 1191 1643 1173 1647 1163 1643 1151 1638 1149 1638 1070 1638 1069 1638 1067 1638 1051 1644 1038 1649 1024 1644 1011 1640 1009 1640 1008 1640 966 1644 925 1650 887 1646 853 1641 852 1641 850 1641 840 1646 829 1650 602 1649 603 1693"/></Shape>
	    <String CONTENT="Deo, vt in ſana ipſius doctrina &amp; metu pergamus"
                    HPOS="602"
                    VPOS="1634"
                    WIDTH="1059"
                    HEIGHT="85"
                    WC="0.991199693781264"></String>
          </TextLine>

          
          
          <TextLine ID="eSc_line_a137a74e"
                    TAGREFS="LT4119"
                    BASELINE="605 1753 1658 1740" 
                    HPOS="603"
                    VPOS="1698"
                    WIDTH="1055"
                    HEIGHT="77">
            <Shape><Polygon POINTS="605 1753 606 1775 630 1768 798 1772 835 1772 837 1772 1656 1754 1658 1740 1653 1702 1522 1705 1515 1704 1497 1698 1496 1698 1494 1698 1493 1698 1473 1704 1469 1707 1283 1708 1273 1707 1225 1701 1224 1701 1179 1708 1171 1710 1158 1710 1072 1702 1070 1702 1069 1702 1038 1711 1035 1711 1032 1711 984 1704 983 1704 981 1704 980 1704 971 1711 890 1707 889 1707 838 1714 834 1714 828 1714 719 1707 718 1707 603 1717 605 1753"/></Shape>
	    <String CONTENT="confirmemur, &amp; creſcamus. Hoc autem loco &amp;"
                    HPOS="603"
                    VPOS="1698"
                    WIDTH="1055"
                    HEIGHT="77"
                    WC="0.98512807062694"></String>
          </TextLine>

          
          
          <TextLine ID="eSc_line_370f545a"
                    TAGREFS="LT4119"
                    BASELINE="606 1811 1659 1796" 
                    HPOS="605"
                    VPOS="1751"
                    WIDTH="1054"
                    HEIGHT="81">
            <Shape><Polygon POINTS="606 1811 606 1832 938 1832 938 1830 939 1830 962 1824 974 1821 994 1823 1042 1829 1044 1829 1045 1829 1047 1829 1054 1823 1055 1820 1061 1821 1082 1829 1084 1829 1085 1829 1121 1821 1134 1818 1179 1820 1332 1826 1334 1826 1335 1826 1354 1817 1357 1815 1362 1815 1400 1824 1402 1824 1448 1814 1451 1814 1453 1814 1466 1823 1467 1823 1469 1823 1470 1824 1528 1824 1528 1823 1530 1823 1554 1812 1554 1811 1659 1809 1659 1796 1655 1751 1441 1760 1424 1756 1409 1751 1408 1751 1406 1751 1405 1751 1403 1751 1398 1756 1392 1762 1341 1762 1298 1759 1237 1753 1235 1753 1234 1753 1218 1760 1210 1763 1179 1760 1137 1757 1136 1757 1134 1757 1115 1762 1103 1765 1087 1763 1038 1756 1036 1756 1035 1756 1033 1756 1020 1763 751 1760 749 1760 748 1760 746 1760 734 1769 693 1762 691 1762 690 1762 670 1772 605 1772 606 1811"/></Shape>
	    <String CONTENT="capite Paulus breuiter complexus eſt, quæcun¬"
                    HPOS="605"
                    VPOS="1751"
                    WIDTH="1054"
                    HEIGHT="81"
                    WC="0.994248787562052"></String>
          </TextLine>

          
          
          <TextLine ID="eSc_line_4ddc59ef"
                    TAGREFS="LT4119"
                    BASELINE="608 1867 1659 1857" 
                    HPOS="606"
                    VPOS="1809"
                    WIDTH="1053"
                    HEIGHT="82">
            <Shape><Polygon POINTS="608 1867 608 1891 667 1884 739 1890 755 1891 757 1891 758 1891 759 1891 761 1890 771 1882 865 1888 890 1890 892 1890 910 1888 968 1881 1032 1887 1055 1888 1057 1888 1058 1888 1067 1887 1090 1881 1118 1885 1130 1887 1131 1887 1133 1887 1134 1887 1136 1885 1143 1879 1658 1879 1659 1857 1656 1821 1583 1809 1582 1809 1506 1821 1450 1811 1448 1811 1392 1820 1359 1811 1357 1811 1356 1811 1354 1811 1311 1823 1213 1812 1212 1812 1210 1812 1173 1824 832 1817 831 1817 606 1830 608 1867"/></Shape>
	    <String CONTENT="que de oratione ſiue precibus Chriſtianorum"
                    HPOS="606"
                    VPOS="1809"
                    WIDTH="1053"
                    HEIGHT="82"
                    WC="0.979583663995876"></String>
          </TextLine>

          
          
          <TextLine ID="eSc_line_6e10185a"
                    TAGREFS="LT4119"
                    BASELINE="606 1927 1658 1915" 
                    HPOS="605"
                    VPOS="1873"
                    WIDTH="1053"
                    HEIGHT="78">
            <Shape><Polygon POINTS="606 1927 606 1945 765 1951 767 1951 768 1951 791 1943 801 1939 806 1942 815 1951 816 1951 817 1951 819 1951 820 1951 840 1942 841 1942 858 1949 859 1949 861 1949 936 1940 966 1937 996 1939 1097 1948 1099 1948 1154 1937 1170 1934 1200 1934 1204 1936 1218 1946 1219 1946 1221 1946 1222 1946 1316 1937 1357 1945 1359 1945 1360 1945 1403 1933 1412 1931 1429 1933 1524 1943 1525 1943 1527 1943 1528 1943 1548 1931 1551 1930 1656 1930 1658 1915 1655 1878 1479 1873 1478 1873 1438 1881 1432 1881 1427 1881 1395 1873 1393 1873 1392 1873 1371 1881 1366 1882 1351 1881 1295 1876 1293 1876 1186 1884 1177 1884 1174 1884 1131 1876 1130 1876 1128 1876 1112 1885 1110 1885 1102 1885 1026 1878 1024 1878 1023 1878 999 1887 996 1887 986 1887 887 1879 886 1879 884 1879 867 1888 850 1881 849 1881 847 1881 806 1888 651 1882 649 1882 605 1891 606 1927"/></Shape>
	    <String CONTENT="quæri poſſunt. I Quæ ſit, &amp; quot eius genera."
                    HPOS="605"
                    VPOS="1873"
                    WIDTH="1053"
                    HEIGHT="78"
                    WC="0.989620033899943"></String>
          </TextLine>

          
          
          <TextLine ID="eSc_line_fe9bf3a9"
                    TAGREFS="LT4119"
                    BASELINE="605 1986 1658 1973" 
                    HPOS="603"
                    VPOS="1927"
                    WIDTH="1055"
                    HEIGHT="82">
            <Shape><Polygon POINTS="605 1986 605 2000 703 2000 722 2009 724 2009 725 2009 812 2000 835 2009 837 2009 838 2009 840 2009 856 2000 868 2007 870 2007 871 2007 873 2007 935 2000 980 2006 981 2006 983 2006 997 1998 1005 1995 1069 1998 1186 2004 1188 2004 1368 2001 1386 1998 1423 1989 1454 1998 1457 1998 1458 1998 1460 1998 1461 1998 1464 1998 1490 1989 1516 1998 1524 2000 1525 2000 1527 2000 1546 1997 1615 1988 1656 1997 1658 1973 1655 1933 1540 1927 1539 1927 1537 1927 1536 1927 1525 1934 1519 1939 1436 1939 1430 1936 1414 1930 1412 1930 1411 1930 1409 1930 1398 1936 1392 1939 1380 1936 1363 1933 1362 1933 1317 1937 1284 1940 1259 1939 1185 1931 1183 1931 1182 1931 1160 1940 1152 1942 1145 1940 1119 1933 1118 1933 1116 1933 1115 1933 1113 1933 1105 1940 1103 1943 933 1945 919 1943 858 1936 856 1936 855 1936 829 1945 825 1946 822 1945 804 1937 803 1937 801 1937 757 1946 754 1946 751 1946 722 1937 721 1937 719 1937 603 1948 605 1986"/></Shape>
	    <String CONTENT="2 A quibus ſint preces fundendæ. 3 Pro quibus"
                    HPOS="603"
                    VPOS="1927"
                    WIDTH="1055"
                    HEIGHT="82"
                    WC="0.980774233076308"></String>
          </TextLine>

          
          
          <TextLine ID="eSc_line_d949a319"
                    TAGREFS="LT4119"
                    BASELINE="606 2046 1656 2031" 
                    HPOS="605"
                    VPOS="1986"
                    WIDTH="1051"
                    HEIGHT="87">
            <Shape><Polygon POINTS="606 2046 608 2073 645 2058 820 2056 887 2068 893 2068 895 2068 896 2068 898 2068 908 2058 971 2056 1009 2065 1017 2067 1018 2067 1027 2065 1066 2056 1097 2064 1103 2065 1105 2065 1106 2065 1119 2064 1177 2055 1195 2062 1200 2064 1201 2064 1203 2064 1295 2062 1338 2059 1356 2058 1357 2058 1359 2058 1369 2049 1405 2058 1406 2058 1408 2058 1409 2058 1445 2047 1458 2058 1460 2059 1461 2059 1463 2059 1464 2061 1537 2061 1537 2059 1539 2059 1549 2056 1582 2046 1655 2053 1656 2031 1652 1992 1560 1997 1552 1994 1534 1986 1533 1986 1531 1986 1530 1986 1506 1995 1503 1995 1500 1995 1463 1986 1461 1986 1372 1997 1350 2000 1342 1998 1317 1989 1316 1989 1314 1989 1313 1989 1311 1989 1298 1998 1296 2000 1290 2000 1264 1994 1262 1994 1261 1994 1235 2000 1224 2003 1206 2001 1133 1991 1131 1991 1130 1991 1103 2001 1000 1994 999 1994 997 1994 996 1994 986 2004 945 2006 917 2007 902 2007 710 1997 709 1997 707 1997 658 2010 626 2001 624 2001 623 2001 621 2001 620 2001 605 2009 606 2046"/></Shape>
	    <String CONTENT="4 Vbi ſiue quo in loco. 5 Quando. 6 Quomo¬"
                    HPOS="605"
                    VPOS="1986"
                    WIDTH="1051"
                    HEIGHT="87"></String>
          </TextLine>

          
          
          <TextLine ID="eSc_line_63bfe682"
                    TAGREFS="LT4119"
                    BASELINE="602 2102 1653 2088" 
                    HPOS="600"
                    VPOS="2046"
                    WIDTH="1053"
                    HEIGHT="79">
            <Shape><Polygon POINTS="602 2102 602 2119 807 2125 809 2125 810 2125 826 2117 994 2122 996 2122 1076 2113 1121 2120 1122 2120 1124 2120 1125 2120 1125 2119 1133 2113 1143 2119 1145 2119 1146 2119 1148 2119 1149 2119 1182 2111 1228 2119 1229 2119 1354 2108 1441 2116 1442 2116 1444 2116 1445 2116 1458 2107 1628 2113 1630 2113 1631 2113 1653 2102 1653 2088 1650 2052 1552 2046 1551 2046 1518 2053 1502 2056 1482 2053 1442 2047 1441 2047 1439 2047 1426 2055 1420 2058 1405 2055 1386 2050 1384 2050 1237 2056 1118 2062 1082 2059 1023 2053 1021 2053 953 2061 913 2065 881 2062 828 2056 826 2056 825 2056 803 2064 789 2067 759 2064 704 2058 703 2058 701 2058 673 2065 660 2068 655 2065 648 2059 646 2059 645 2059 643 2059 600 2065 602 2102"/></Shape>
	    <String CONTENT="do &amp; qua cum animi reuerentia, &amp; totius cœtus"
                    HPOS="600"
                    VPOS="2046"
                    WIDTH="1053"
                    HEIGHT="79"
                    WC="0.984750729136997"></String>
          </TextLine>

          
          
          <TextLine ID="eSc_line_0a7e24ea"
                    TAGREFS="LT4119"
                    BASELINE="599 2163 1653 2149" 
                    HPOS="597"
                    VPOS="2099"
                    WIDTH="1056"
                    HEIGHT="116">
            <Shape><Polygon POINTS="599 2163 599 2211 693 2215 694 2215 696 2215 722 2208 742 2202 758 2207 798 2215 800 2215 913 2214 914 2214 941 2204 971 2208 972 2208 974 2208 993 2198 1021 2183 1047 2196 1066 2205 1067 2205 1069 2205 1070 2205 1102 2195 1134 2183 1171 2192 1225 2204 1226 2204 1228 2204 1229 2204 1250 2189 1252 2189 1256 2189 1286 2190 1287 2190 1289 2190 1296 2187 1316 2180 1335 2186 1368 2196 1369 2196 1371 2196 1409 2190 1439 2198 1441 2198 1442 2198 1444 2198 1445 2198 1460 2186 1490 2192 1491 2192 1493 2192 1494 2192 1511 2180 1516 2175 1653 2174 1653 2149 1649 2099 1601 2101 1600 2101 1598 2101 1585 2111 1463 2102 1445 2102 1444 2102 1442 2102 1439 2104 1420 2114 1359 2105 1345 2104 1344 2104 1342 2104 1341 2104 1341 2105 1340 2105 1329 2117 1279 2117 1264 2107 1261 2105 1259 2105 1258 2105 1256 2105 1255 2105 1253 2105 1250 2108 1240 2116 1118 2111 1048 2108 1047 2108 1045 2108 1044 2108 1039 2113 1033 2117 1018 2113 1006 2110 1005 2110 1003 2110 984 2114 956 2120 923 2116 896 2111 895 2111 867 2117 840 2122 832 2117 825 2111 823 2111 822 2111 820 2111 819 2111 801 2119 789 2122 765 2119 739 2116 737 2116 706 2120 676 2125 657 2122 623 2114 621 2114 620 2114 597 2120 599 2163"/></Shape>
	    <String CONTENT="decoro: quæ ſingula ſuis locis à nobis (Domino"
                    HPOS="597"
                    VPOS="2099"
                    WIDTH="1056"
                    HEIGHT="116"
                    WC="0.994366842381498"></String>
          </TextLine>

          
        </TextBlock>
        
        <TextBlock HPOS="1481"
                   VPOS="2176"
                   WIDTH="169"
                   HEIGHT="60"
                   ID="block_5"
                   TAGREFS="BT10534">
          <Shape><Polygon POINTS="1650 2176 1650 2236 1481 2236 1481 2176"/></Shape>
          
          
          <TextLine ID="eSc_line_9212b28b"
                    TAGREFS="LT4119"
                    BASELINE="1493 2210 1649 2208" 
                    HPOS="1491"
                    VPOS="2166"
                    WIDTH="158"
                    HEIGHT="102">
            <Shape><Polygon POINTS="1493 2210 1493 2259 1579 2268 1580 2268 1649 2251 1649 2208 1647 2175 1630 2166 1628 2166 1627 2166 1552 2174 1512 2166 1511 2166 1509 2166 1491 2174 1493 2210"/></Shape>
	    <String CONTENT="dante)"
                    HPOS="1491"
                    VPOS="2166"
                    WIDTH="158"
                    HEIGHT="102"
                    WC="0.959518949190776"></String>
          </TextLine>

          
        </TextBlock>
        
        <TextBlock HPOS="623"
                   VPOS="523"
                   WIDTH="1002"
                   HEIGHT="114"
                   ID="block_1"
                   TAGREFS="BT10536">
          <Shape><Polygon POINTS="1625 523 1625 637 623 637 623 523"/></Shape>
          
        </TextBlock>
        
        <TextBlock HPOS="602"
                   VPOS="734"
                   WIDTH="208"
                   HEIGHT="213"
                   ID="block_0"
                   TAGREFS="BT10537">
          <Shape><Polygon POINTS="810 734 810 947 602 947 602 734"/></Shape>
          
        </TextBlock>
        

        
      </PrintSpace>
    </Page>
  </Layout>
</alto>
