<?xml version="1.0" encoding="UTF-8"?>
<alto xmlns:xsi="http://www.w3.org/2001/XMLSchema-instance"
      xmlns="http://www.loc.gov/standards/alto/ns-v4#"
      xsi:schemaLocation="http://www.loc.gov/standards/alto/ns-v4# http://www.loc.gov/standards/alto/v4/alto-4-2.xsd">
  <Description>
    <MeasurementUnit>pixel</MeasurementUnit>
    <sourceImageInformation>
      <fileName>2012979.png</fileName>
      
    </sourceImageInformation>
  </Description>
  
  <Tags>
    <OtherTag ID="BT10983" LABEL="GraphicZone" DESCRIPTION="block type GraphicZone"/><OtherTag ID="BT10982" LABEL="DropCapitalZone" DESCRIPTION="block type DropCapitalZone"/><OtherTag ID="BT10981" LABEL="RunningTitleZone" DESCRIPTION="block type RunningTitleZone"/><OtherTag ID="BT10980" LABEL="NumberingZone" DESCRIPTION="block type NumberingZone"/><OtherTag ID="BT10979" LABEL="TitlePageZone" DESCRIPTION="block type TitlePageZone"/><OtherTag ID="BT10978" LABEL="QuireMarksZone" DESCRIPTION="block type QuireMarksZone"/><OtherTag ID="BT10977" LABEL="MainZone" DESCRIPTION="block type MainZone"/><OtherTag ID="BT10976" LABEL="MarginTextZone" DESCRIPTION="block type MarginTextZone"/>
    <OtherTag ID="LT4321" LABEL="default" DESCRIPTION="line type default"/><OtherTag ID="LT4319" LABEL="HeadingLine" DESCRIPTION="line type HeadingLine"/><OtherTag ID="LT4318" LABEL="DefaultLine" DESCRIPTION="line type DefaultLine"/><OtherTag ID="LT4320" LABEL="CustomLine : BiblicalText" DESCRIPTION="line type CustomLine : BiblicalText"/>
  </Tags>
  
  <Layout>
    <Page WIDTH="1807"
          HEIGHT="2677"
          PHYSICAL_IMG_NR="26"
          ID="eSc_dummypage_">
      <PrintSpace HPOS="0"
                  VPOS="0"
                  WIDTH="1807"
                  HEIGHT="2677">
        
        <TextBlock HPOS="487.1846923828125"
                   VPOS="198.102783203125"
                   WIDTH="347.31640625"
                   HEIGHT="71.12701416015625"
                   ID="block_3"
                   TAGREFS="BT10981">
          <Shape><Polygon POINTS="487.185 198.103 834.501 198.103 834.501 269.23 487.185 269.23 487.185 198.103"/></Shape>
          
          
          <TextLine ID="eSc_line_600d1d24"
                    TAGREFS="LT4319"
                    BASELINE="496 246 828 249" 
                    HPOS="495"
                    VPOS="193"
                    WIDTH="333"
                    HEIGHT="77">
            <Shape><Polygon POINTS="816 208 797 200 794 200 780 200 733 208 701 212 694 205 691 203 691 202 690 202 688 202 687 202 685 202 681 203 670 209 643 202 618 194 617 194 615 194 593 199 550 208 536 196 536 194 535 194 533 194 505 193 496 199 496 246 495 264 600 269 602 269 603 269 609 267 633 258 654 267 657 269 658 269 660 269 661 269 663 269 672 260 743 260 825 270 828 249 828 226 823 217"/></Shape>
	    <String CONTENT="CAPVT II."
                    HPOS="495"
                    VPOS="193"
                    WIDTH="333"
                    HEIGHT="77"
                    WC="0.99823217259513"></String>
          </TextLine>

          
        </TextBlock>
        
        <TextBlock HPOS="1120.8443603515625"
                   VPOS="219.06845092773438"
                   WIDTH="80.31884765625"
                   HEIGHT="60.50897216796875"
                   ID="block_1"
                   TAGREFS="BT10980">
          <Shape><Polygon POINTS="1120.84 219.068 1201.16 219.068 1201.16 279.577 1120.84 279.577 1120.84 219.068"/></Shape>
          
          
          <TextLine ID="eSc_line_5b9103d9"
                    TAGREFS="LT4318"
                    BASELINE="1139 258 1188 263" 
                    HPOS="1136"
                    VPOS="214"
                    WIDTH="53"
                    HEIGHT="65">
            <Shape><Polygon POINTS="1186 214 1171 214 1157 214 1142 214 1139 258 1136 275 1185 279 1188 263 1189 214 1186 214"/></Shape>
	    <String CONTENT="67"
                    HPOS="1136"
                    VPOS="214"
                    WIDTH="53"
                    HEIGHT="65"
                    WC="0.999043315649033"></String>
          </TextLine>

          
        </TextBlock>
        
        <TextBlock HPOS="122.48534393310547"
                   VPOS="266.97540283203125"
                   WIDTH="1081.159553527832"
                   HEIGHT="1953.8195190429688"
                   ID="block_2"
                   TAGREFS="BT10977">
          <Shape><Polygon POINTS="122.485 266.975 1203.64 266.975 1203.64 2220.79 122.485 2220.79 122.485 266.975"/></Shape>
          
          
          <TextLine ID="eSc_line_1ed4f4c9"
                    TAGREFS="LT4318"
                    BASELINE="156 312 722 316" 
                    HPOS="154"
                    VPOS="260"
                    WIDTH="568"
                    HEIGHT="82">
            <Shape><Polygon POINTS="156 263 156 312 154 336 304 328 379 336 422 339 423 339 444 334 464 330 477 334 496 340 498 340 499 340 501 340 526 333 530 339 532 339 532 340 533 340 535 340 588 342 590 342 721 330 722 316 721 276 554 276 542 270 516 261 514 261 513 261 511 261 486 269 472 273 431 267 379 261 377 261 376 261 365 266 350 273 334 266 321 260 319 260 318 260 282 261 281 261 279 261 279 263 278 264 273 269 267 264 264 261 264 260 263 260 261 260 206 260 205 260 203 260 202 260 200 261 190 270 159 261 156 263"/></Shape>
	    <String CONTENT="quàm ſatur &amp; cibi plenus."
                    HPOS="154"
                    VPOS="260"
                    WIDTH="568"
                    HEIGHT="82"
                    WC="0.992781217281635"></String>
          </TextLine>

          
          
          <TextLine ID="eSc_line_b132dc18"
                    TAGREFS="LT4318"
                    BASELINE="221 368 1195 380" 
                    HPOS="220"
                    VPOS="316"
                    WIDTH="975"
                    HEIGHT="79">
            <Shape><Polygon POINTS="220 382 343 392 1192 395 1195 380 1195 340 1158 340 1157 339 1139 325 1137 325 1136 325 1134 325 1133 325 1097 337 1091 339 1084 337 1029 324 1027 324 1026 324 984 334 948 322 947 322 813 321 812 321 810 321 809 321 797 331 794 334 786 331 773 325 771 325 770 325 745 330 719 334 687 328 651 322 649 322 620 327 585 333 504 333 487 324 478 321 477 321 475 321 438 324 355 330 324 321 309 316 307 316 306 316 221 318 221 368"/></Shape>
	    <String CONTENT="Videndum iam eſt de loco, vbi orandum ſit."
                    HPOS="220"
                    VPOS="316"
                    WIDTH="975"
                    HEIGHT="79"></String>
          </TextLine>

          
          
          <TextLine ID="eSc_line_96aea34b"
                    TAGREFS="LT4318"
                    BASELINE="154 429 1198 441" 
                    HPOS="154"
                    VPOS="377"
                    WIDTH="1044"
                    HEIGHT="87">
            <Shape><Polygon POINTS="154 429 154 452 926 452 931 453 948 462 950 462 951 462 1088 455 1145 464 1146 464 1197 453 1198 441 1198 403 1146 389 1145 389 1143 389 1106 400 1100 401 1096 400 1069 388 1067 388 1066 388 1064 388 1038 395 1026 389 1024 389 1023 389 1021 389 1020 389 1006 397 999 401 899 401 890 395 880 386 878 386 877 386 875 386 874 386 873 386 861 394 852 400 813 392 807 392 806 392 801 392 776 398 755 391 737 385 736 385 734 385 697 389 679 392 676 389 670 385 670 383 669 383 667 383 666 383 664 383 645 389 617 398 547 398 487 395 472 385 469 382 468 382 466 382 465 382 447 383 400 391 386 382 385 380 383 380 382 380 380 380 365 382 287 394 257 379 255 379 254 379 252 379 249 379 215 386 154 377 154 429"/></Shape>
	    <String CONTENT="Reſp. verò vbique poſſe. Conuenit enim Paulo"
                    HPOS="154"
                    VPOS="377"
                    WIDTH="1044"
                    HEIGHT="87"
                    WC="0.996908591853248"></String>
          </TextLine>

          
          
          <TextLine ID="eSc_line_89b291c3"
                    TAGREFS="LT4318"
                    BASELINE="151 486 1200 498" 
                    HPOS="150"
                    VPOS="438"
                    WIDTH="1050"
                    HEIGHT="79">
            <Shape><Polygon POINTS="151 486 150 501 185 511 187 511 188 511 279 504 315 513 316 513 318 513 394 505 395 505 397 505 434 514 435 514 437 514 507 507 510 507 511 507 542 516 544 516 545 517 1198 517 1200 498 1198 465 1088 465 1085 462 1069 449 1067 449 1066 449 1064 449 1063 449 1029 462 1026 462 1020 461 968 450 966 450 895 459 880 461 867 459 786 444 785 444 627 447 626 447 624 447 624 449 617 455 612 459 557 459 550 453 539 446 538 446 536 446 535 446 498 453 478 456 472 452 464 444 462 444 461 444 459 444 458 444 438 452 429 455 422 452 400 440 398 440 348 440 346 440 345 440 343 440 331 450 330 452 321 450 282 438 281 438 279 438 278 438 258 449 249 453 230 449 194 438 193 438 191 438 151 446 151 486"/></Shape>
	    <String CONTENT="cum Chriſto Ioan.4. verſ. 21. Quemadmodum e¬"
                    HPOS="150"
                    VPOS="438"
                    WIDTH="1050"
                    HEIGHT="79"
                    WC="0.975001811981201"></String>
          </TextLine>

          
          
          <TextLine ID="eSc_line_c0ed3796"
                    TAGREFS="LT4318"
                    BASELINE="150 545 1198 559" 
                    HPOS="148"
                    VPOS="504"
                    WIDTH="1050"
                    HEIGHT="78">
            <Shape><Polygon POINTS="150 545 148 562 171 571 172 571 174 571 175 571 193 563 196 562 212 563 313 572 315 572 355 565 364 563 371 565 411 572 413 572 414 572 443 565 447 565 452 565 499 574 501 574 620 569 636 577 638 577 639 577 722 568 730 568 731 568 752 578 754 578 755 578 798 569 800 569 801 569 874 578 875 578 877 578 893 571 991 580 993 580 1051 574 1061 581 1063 581 1064 581 1066 581 1067 581 1091 574 1105 582 1106 582 1107 582 1109 582 1197 572 1198 559 1197 517 150 504 150 545"/></Shape>
	    <String CONTENT="nim Deus non eſt acceptor perſonarum, ita nec"
                    HPOS="148"
                    VPOS="504"
                    WIDTH="1050"
                    HEIGHT="78"
                    WC="0.980468208260006"></String>
          </TextLine>

          
          
          <TextLine ID="eSc_line_81c9041a"
                    TAGREFS="LT4318"
                    BASELINE="148 605 1197 614" 
                    HPOS="148"
                    VPOS="559"
                    WIDTH="1049"
                    HEIGHT="79">
            <Shape><Polygon POINTS="148 605 148 627 493 623 539 627 578 632 580 632 617 627 648 624 657 627 672 633 673 633 675 633 759 627 792 626 797 627 809 633 810 633 812 633 813 633 831 627 837 626 841 627 856 635 858 635 859 636 953 636 953 635 993 627 996 627 999 627 1035 636 1036 636 1038 638 1127 638 1127 636 1128 636 1130 636 1139 629 1177 636 1179 636 1180 636 1195 627 1197 614 1195 581 1127 581 1124 580 1105 569 1103 569 1102 569 1100 569 1067 578 1060 580 1054 578 1035 568 1033 568 1032 568 1030 568 1006 577 1005 577 1003 577 986 566 984 566 954 566 953 566 951 566 950 566 936 575 932 578 923 575 901 566 899 566 898 566 896 566 868 574 849 578 752 578 739 571 725 565 724 565 722 565 721 565 700 569 672 577 636 569 611 563 609 563 608 563 597 568 593 569 560 566 496 562 495 562 493 562 484 565 464 574 441 566 440 566 438 566 437 566 420 572 408 563 407 562 406 562 404 562 282 562 227 562 226 562 224 562 223 562 209 572 148 559 148 605"/></Shape>
	    <String CONTENT="locorum. Nam Domini eſt terra, &amp; plenitudo e¬"
                    HPOS="148"
                    VPOS="559"
                    WIDTH="1049"
                    HEIGHT="79"
                    WC="0.986347577306959"></String>
          </TextLine>

          
          
          <TextLine ID="eSc_line_90dea809"
                    TAGREFS="LT4318"
                    BASELINE="148 663 1197 672" 
                    HPOS="148"
                    VPOS="615"
                    WIDTH="1049"
                    HEIGHT="79">
            <Shape><Polygon POINTS="148 663 148 681 350 681 352 681 359 688 361 688 362 688 364 688 437 682 453 681 461 682 498 690 499 690 862 685 890 693 892 693 893 693 977 685 980 685 981 685 1103 694 1105 694 1195 685 1197 672 1197 638 1157 624 1155 624 1154 624 1152 624 1131 636 1128 638 1033 638 1029 633 1014 621 1012 621 1011 621 1009 621 1008 621 980 633 974 636 867 636 856 630 837 620 835 620 719 620 718 620 716 620 715 620 706 627 699 635 673 635 614 626 569 620 568 620 547 624 526 629 513 623 496 617 495 617 407 617 406 617 385 621 343 630 325 620 318 615 316 615 315 615 236 615 234 615 233 615 232 615 229 618 214 629 148 617 148 663"/></Shape>
	    <String CONTENT="ius. Pſal. 24. Videturque abſurdum, vt Deus, cu¬"
                    HPOS="148"
                    VPOS="615"
                    WIDTH="1049"
                    HEIGHT="79"></String>
          </TextLine>

          
          
          <TextLine ID="eSc_line_38ddf51c"
                    TAGREFS="LT4318"
                    BASELINE="148 722 1192 733" 
                    HPOS="148"
                    VPOS="673"
                    WIDTH="1044"
                    HEIGHT="81">
            <Shape><Polygon POINTS="148 722 148 742 270 737 403 743 505 748 507 748 508 748 523 743 536 740 584 743 654 749 655 749 713 745 745 742 789 745 907 752 908 752 975 745 983 745 989 745 1069 754 1070 754 1191 745 1192 733 1191 688 1096 682 1094 682 1093 682 1091 682 1087 687 1075 697 1055 697 1044 687 1036 681 1035 681 1033 681 966 681 965 681 963 681 962 681 954 687 942 696 895 696 867 694 856 687 846 679 844 679 843 679 841 679 840 679 819 687 798 694 746 694 721 687 691 678 690 678 688 678 687 678 685 678 675 685 667 693 615 693 608 685 603 682 603 681 602 681 600 681 599 681 536 685 481 690 474 685 465 678 464 678 462 678 461 678 459 678 432 685 431 685 429 685 410 675 408 675 407 675 406 675 379 685 371 688 368 685 358 676 358 675 356 675 355 675 297 673 237 673 236 673 234 673 233 673 217 684 214 687 205 684 163 673 162 673 160 673 159 673 157 673 148 679 148 722"/></Shape>
	    <String CONTENT="ius latiſſimè per vniuerſum orbem diffunditur"
                    HPOS="148"
                    VPOS="673"
                    WIDTH="1044"
                    HEIGHT="81"
                    WC="0.986492686945459"></String>
          </TextLine>

          
          
          <TextLine ID="eSc_line_be183e6f"
                    TAGREFS="LT4318"
                    BASELINE="150 777 1194 791" 
                    HPOS="148"
                    VPOS="733"
                    WIDTH="1046"
                    HEIGHT="81">
            <Shape><Polygon POINTS="150 777 148 794 377 797 380 798 394 806 395 806 397 806 429 800 446 797 474 800 520 806 522 806 554 801 580 798 641 803 730 810 731 810 764 806 789 801 815 806 846 812 847 812 870 807 889 803 951 803 959 809 963 812 963 813 965 813 966 813 968 813 1024 810 1063 807 1082 810 1106 814 1107 814 1109 814 1119 812 1136 806 1143 812 1146 814 1148 814 1149 814 1151 814 1192 812 1194 791 1194 756 1163 745 1161 745 1160 745 1088 752 1036 743 1035 743 1033 743 989 755 987 755 962 742 960 742 959 742 850 751 822 740 820 740 819 740 817 740 816 740 801 752 801 754 767 754 765 752 742 740 740 740 739 740 737 740 703 749 691 739 690 739 688 739 687 739 620 751 614 751 609 751 559 737 557 737 556 737 505 749 501 749 499 749 474 736 472 736 471 736 469 736 468 736 452 748 450 749 383 749 382 748 356 734 355 734 353 734 352 734 325 746 312 734 310 734 309 734 264 733 263 733 261 733 260 733 242 745 150 745 150 777"/></Shape>
	    <String CONTENT="maieſtas &amp; potentia, vbique agnoſci inuocari &amp;"
                    HPOS="148"
                    VPOS="733"
                    WIDTH="1046"
                    HEIGHT="81"
                    WC="0.976322530404381"></String>
          </TextLine>

          
          
          <TextLine ID="eSc_line_b7accc38"
                    TAGREFS="LT4318"
                    BASELINE="150 837 980 847" 
                    HPOS="148"
                    VPOS="791"
                    WIDTH="832"
                    HEIGHT="71">
            <Shape><Polygon POINTS="150 837 148 853 159 859 160 859 162 859 163 859 258 853 263 859 264 859 264 861 266 861 267 861 269 862 978 862 980 847 978 814 950 814 948 813 931 800 929 800 928 800 902 800 901 800 899 800 898 800 880 812 878 813 868 812 819 806 817 806 774 810 764 812 761 810 745 797 743 797 742 797 740 797 739 797 718 807 690 797 688 797 687 797 654 803 572 795 571 795 569 795 568 795 551 807 547 810 522 810 519 807 513 801 513 800 511 800 510 800 508 800 507 800 484 806 480 807 477 806 458 794 456 794 455 794 453 794 397 804 386 806 291 803 269 803 233 791 232 791 230 791 150 800 150 837"/></Shape>
	    <String CONTENT="coli non poſsit, vt eſt Malach. 1.verſ.11."
                    HPOS="148"
                    VPOS="791"
                    WIDTH="832"
                    HEIGHT="71"
                    WC="0.966674681220736"></String>
          </TextLine>

          
          
          <TextLine ID="eSc_line_a647026c"
                    TAGREFS="LT4318"
                    BASELINE="208 898 1194 908" 
                    HPOS="206"
                    VPOS="850"
                    WIDTH="988"
                    HEIGHT="73">
            <Shape><Polygon POINTS="208 898 206 910 353 922 355 923 1192 923 1194 908 1194 871 1054 871 1048 868 1035 862 1033 862 1032 862 1030 862 1011 867 1005 868 997 867 965 858 963 858 929 858 928 858 926 858 925 858 914 865 911 868 898 865 874 859 873 859 871 859 840 864 820 867 806 864 771 855 770 855 768 855 682 861 643 864 638 861 629 853 627 853 626 853 624 853 623 853 621 853 612 859 605 865 569 865 562 859 556 853 554 853 553 853 551 853 480 858 401 862 394 856 391 853 391 852 389 852 388 852 386 852 385 852 374 856 358 862 337 855 322 850 321 850 319 850 208 852 208 898"/></Shape>
	    <String CONTENT="Obſtat tamen quod eſt ſcriptum Deuter.12.v."
                    HPOS="206"
                    VPOS="850"
                    WIDTH="988"
                    HEIGHT="73"
                    WC="0.991893378801124"></String>
          </TextLine>

          
          
          <TextLine ID="eSc_line_1fd3d1f5"
                    TAGREFS="LT4318"
                    BASELINE="147 960 1194 965" 
                    HPOS="147"
                    VPOS="910"
                    WIDTH="1047"
                    HEIGHT="76">
            <Shape><Polygon POINTS="147 960 147 980 331 972 502 978 636 983 638 983 679 977 706 974 718 977 736 983 737 983 739 983 740 983 755 977 759 975 768 977 800 983 801 983 902 975 917 975 919 975 938 984 939 984 941 986 1170 986 1170 984 1171 984 1192 974 1194 965 1194 928 1029 914 1027 914 1026 914 997 923 989 926 977 923 941 914 939 914 938 914 889 922 861 926 847 922 828 913 826 913 825 913 823 913 822 913 810 920 806 923 768 920 740 917 739 917 716 919 651 925 633 917 621 913 620 913 618 913 617 913 615 913 609 917 597 925 536 925 510 916 498 911 496 911 495 911 461 914 380 923 364 913 362 911 361 911 359 911 267 911 266 911 264 911 239 923 226 911 224 911 223 911 221 911 185 917 147 910 147 960"/></Shape>
	    <String CONTENT="5, &amp; 2. Chronic.7.verſ.12. templum Dei à Solo¬"
                    HPOS="147"
                    VPOS="910"
                    WIDTH="1047"
                    HEIGHT="76"></String>
          </TextLine>

          
          
          <TextLine ID="eSc_line_24d937df"
                    TAGREFS="LT4318"
                    BASELINE="144 1015 1192 1023" 
                    HPOS="142"
                    VPOS="969"
                    WIDTH="1050"
                    HEIGHT="75">
            <Shape><Polygon POINTS="144 1015 142 1029 215 1038 217 1038 255 1030 257 1030 258 1030 281 1038 282 1038 284 1038 480 1032 490 1032 492 1032 513 1039 514 1039 516 1039 559 1032 563 1032 568 1032 621 1041 623 1042 761 1042 761 1041 762 1041 764 1041 773 1033 774 1033 783 1033 984 1044 986 1044 1191 1035 1192 1023 1192 983 1170 975 1168 975 1167 975 1165 975 1140 984 1133 986 1127 984 1100 975 1099 975 1097 975 1000 983 983 984 975 983 938 975 936 975 873 983 858 984 843 983 770 972 655 972 654 972 652 972 651 972 639 983 636 983 605 974 603 974 602 974 600 974 582 983 581 983 572 983 484 971 483 971 481 971 446 981 406 971 404 971 403 971 356 981 353 981 269 981 196 981 181 969 179 969 178 969 176 969 175 969 144 980 144 1015"/></Shape>
	    <String CONTENT="mone conſtructum eum fuiſſe locum, quem Do¬"
                    HPOS="142"
                    VPOS="969"
                    WIDTH="1050"
                    HEIGHT="75"
                    WC="0.996859956619351"></String>
          </TextLine>

          
          
          <TextLine ID="eSc_line_1c4fd9c7"
                    TAGREFS="LT4318"
                    BASELINE="144 1073 1192 1081" 
                    HPOS="142"
                    VPOS="1027"
                    WIDTH="1050"
                    HEIGHT="76">
            <Shape><Polygon POINTS="144 1073 142 1087 205 1097 206 1097 208 1097 227 1090 290 1090 300 1097 301 1097 303 1097 304 1097 523 1091 794 1102 795 1102 957 1094 989 1103 990 1103 991 1103 1191 1094 1192 1081 1191 1044 1139 1033 1137 1033 1136 1033 1116 1041 1070 1035 1069 1035 1067 1035 1042 1042 1036 1044 1014 1042 950 1036 948 1036 898 1042 889 1042 887 1041 877 1033 877 1032 875 1032 874 1032 873 1032 666 1041 639 1041 636 1041 606 1030 605 1030 603 1030 486 1039 478 1039 462 1029 461 1029 459 1029 391 1029 389 1029 388 1029 358 1039 355 1039 352 1039 319 1027 318 1027 316 1027 229 1038 227 1038 226 1038 214 1027 212 1027 211 1027 169 1027 168 1027 166 1027 144 1036 144 1073"/></Shape>
	    <String CONTENT="minus ſpecialiter elegerat, vt ibi inuocaretur. I¬"
                    HPOS="142"
                    VPOS="1027"
                    WIDTH="1050"
                    HEIGHT="76"
                    WC="0.978409187793732"></String>
          </TextLine>

          
          
          <TextLine ID="eSc_line_99b96185"
                    TAGREFS="LT4318"
                    BASELINE="144 1130 1188 1143" 
                    HPOS="142"
                    VPOS="1081"
                    WIDTH="1046"
                    HEIGHT="77">
            <Shape><Polygon POINTS="144 1130 142 1143 191 1152 193 1152 339 1146 359 1146 361 1146 380 1155 382 1155 383 1155 475 1148 490 1148 507 1149 608 1158 609 1158 1186 1157 1188 1143 1186 1105 1145 1094 1143 1094 1142 1094 1110 1102 1107 1103 1106 1102 1097 1094 1096 1094 1094 1094 1093 1094 1027 1100 1023 1100 1018 1100 956 1091 954 1091 913 1097 893 1100 856 1097 819 1093 817 1093 792 1096 754 1099 733 1094 712 1088 710 1088 709 1088 664 1093 609 1097 559 1090 536 1087 535 1087 533 1087 524 1088 502 1096 495 1088 492 1087 492 1085 490 1085 489 1085 487 1085 469 1088 425 1094 386 1085 376 1084 374 1084 353 1085 261 1093 144 1081 144 1130"/></Shape>
	    <String CONTENT="taque verſus illud templum conuerſus etiam in"
                    HPOS="142"
                    VPOS="1081"
                    WIDTH="1046"
                    HEIGHT="77"
                    WC="0.985558941629198"></String>
          </TextLine>

          
          
          <TextLine ID="eSc_line_6f3b2ec6"
                    TAGREFS="LT4318"
                    BASELINE="144 1191 1189 1200" 
                    HPOS="144"
                    VPOS="1142"
                    WIDTH="1045"
                    HEIGHT="80">
            <Shape><Polygon POINTS="144 1191 144 1206 316 1204 343 1207 407 1216 408 1216 410 1216 411 1216 425 1207 428 1206 443 1207 505 1218 507 1218 551 1209 559 1207 676 1207 678 1209 706 1218 707 1218 709 1218 752 1209 757 1209 759 1209 789 1219 791 1219 792 1219 892 1213 901 1221 902 1221 904 1221 1015 1222 1017 1222 1188 1210 1189 1200 1189 1161 1152 1152 1151 1152 1149 1152 1148 1152 1133 1160 1110 1149 1109 1149 1044 1149 1042 1149 1041 1149 1039 1149 1026 1158 996 1151 994 1151 993 1151 991 1151 965 1160 963 1160 856 1148 855 1148 853 1148 828 1158 794 1146 792 1146 791 1146 661 1157 642 1146 641 1146 639 1146 584 1157 582 1157 581 1157 553 1145 551 1145 550 1145 499 1157 493 1157 449 1157 449 1155 432 1143 431 1143 429 1143 428 1143 379 1152 367 1143 365 1143 364 1143 304 1143 303 1143 301 1143 281 1152 243 1142 242 1142 240 1142 239 1142 237 1142 224 1154 223 1154 144 1154 144 1191"/></Shape>
	    <String CONTENT="media Babylone precabatur Daniel, vt ipſe ſcri¬"
                    HPOS="144"
                    VPOS="1142"
                    WIDTH="1045"
                    HEIGHT="80"
                    WC="0.986615911443183"></String>
          </TextLine>

          
          
          <TextLine ID="eSc_line_bac31b4a"
                    TAGREFS="LT4318"
                    BASELINE="142 1249 1189 1259" 
                    HPOS="142"
                    VPOS="1203"
                    WIDTH="1047"
                    HEIGHT="80">
            <Shape><Polygon POINTS="142 1249 142 1264 230 1262 237 1265 260 1274 261 1274 263 1274 310 1265 324 1264 371 1265 477 1271 478 1271 532 1267 553 1265 562 1267 590 1274 591 1274 593 1274 594 1274 620 1268 633 1279 635 1279 636 1279 638 1279 639 1279 678 1268 690 1279 691 1279 693 1279 694 1279 736 1273 748 1280 749 1280 751 1280 752 1280 754 1280 779 1268 810 1280 812 1280 890 1281 892 1281 975 1270 1000 1281 1002 1281 1003 1281 1005 1281 1032 1274 1061 1283 1063 1283 1064 1283 1188 1270 1189 1259 1186 1216 965 1219 901 1212 859 1207 858 1207 856 1207 847 1212 832 1218 774 1210 749 1207 748 1207 733 1210 699 1216 652 1209 632 1206 630 1206 629 1206 621 1209 602 1216 590 1207 585 1204 584 1204 582 1204 581 1204 565 1207 532 1215 469 1206 441 1203 440 1203 423 1206 388 1213 346 1204 342 1204 340 1204 336 1204 291 1213 142 1203 142 1249"/></Shape>
	    <String CONTENT="bit cap.6.verſ.1o. Reſpond. verò pro tempore"
                    HPOS="142"
                    VPOS="1203"
                    WIDTH="1047"
                    HEIGHT="80"></String>
          </TextLine>

          
          
          <TextLine ID="eSc_line_02e7e93d"
                    TAGREFS="LT4318"
                    BASELINE="139 1305 1186 1317" 
                    HPOS="138"
                    VPOS="1258"
                    WIDTH="1048"
                    HEIGHT="83">
            <Shape><Polygon POINTS="139 1305 138 1317 199 1328 200 1328 202 1328 203 1328 215 1320 330 1329 331 1329 333 1329 349 1322 425 1329 426 1329 428 1329 450 1323 481 1332 483 1332 484 1332 524 1323 541 1335 542 1335 544 1335 545 1335 547 1335 574 1325 600 1335 602 1335 603 1335 643 1326 682 1337 684 1337 685 1337 754 1328 792 1338 794 1338 954 1339 956 1339 1015 1331 1130 1341 1131 1341 1185 1331 1186 1317 1186 1279 1165 1270 1164 1270 1163 1270 1091 1279 1076 1280 1073 1279 1061 1268 1060 1268 1058 1268 1057 1268 991 1277 975 1279 862 1279 855 1276 828 1267 826 1267 825 1267 823 1267 807 1274 792 1264 791 1264 789 1264 788 1264 743 1274 731 1277 703 1277 699 1273 688 1264 687 1264 685 1264 684 1264 682 1264 649 1273 646 1273 643 1273 617 1262 615 1262 614 1262 577 1271 569 1273 562 1271 529 1261 527 1261 526 1261 477 1270 475 1270 474 1270 464 1261 462 1261 461 1261 397 1259 312 1259 310 1259 309 1259 307 1259 297 1267 290 1271 203 1271 190 1265 169 1258 168 1258 166 1258 165 1258 139 1264 139 1305"/></Shape>
	    <String CONTENT="ita conſtitutũ à Deo fuiſſe, vt quanquam vbique"
                    HPOS="138"
                    VPOS="1258"
                    WIDTH="1048"
                    HEIGHT="83"
                    WC="0.983861178767924"></String>
          </TextLine>

          
          
          <TextLine ID="eSc_line_4a6d9409"
                    TAGREFS="LT4318"
                    BASELINE="139 1365 1188 1378" 
                    HPOS="138"
                    VPOS="1319"
                    WIDTH="1050"
                    HEIGHT="76">
            <Shape><Polygon POINTS="139 1365 138 1381 1185 1395 1188 1378 1186 1337 1073 1341 1060 1334 1054 1329 1052 1329 1051 1329 1008 1329 1006 1329 1005 1329 1003 1329 1003 1331 1000 1334 991 1341 957 1341 948 1332 947 1332 945 1332 944 1332 942 1332 941 1332 920 1338 896 1331 883 1328 881 1328 880 1328 878 1328 871 1331 858 1337 837 1331 822 1326 820 1326 819 1326 817 1326 803 1329 774 1337 742 1329 721 1325 666 1325 664 1325 663 1325 655 1328 639 1335 490 1335 462 1325 453 1322 452 1322 450 1322 425 1325 361 1331 346 1323 342 1320 340 1320 339 1320 321 1322 263 1331 230 1320 221 1319 220 1319 218 1319 217 1319 212 1320 197 1329 139 1320 139 1365"/></Shape>
	    <String CONTENT="inuocari poſſet nomen ipſius, ſacrificari tamen"
                    HPOS="138"
                    VPOS="1319"
                    WIDTH="1050"
                    HEIGHT="76"
                    WC="0.98181426525116"></String>
          </TextLine>

          
          
          <TextLine ID="eSc_line_3385ede1"
                    TAGREFS="LT4318"
                    BASELINE="136 1426 1183 1435" 
                    HPOS="135"
                    VPOS="1378"
                    WIDTH="1048"
                    HEIGHT="76">
            <Shape><Polygon POINTS="136 1426 135 1439 348 1442 356 1451 358 1451 359 1451 361 1451 362 1451 379 1444 389 1451 391 1451 392 1451 394 1451 466 1444 478 1444 489 1445 544 1453 545 1453 547 1453 566 1445 569 1445 575 1445 620 1453 621 1453 649 1447 651 1447 661 1454 663 1454 664 1454 666 1454 1182 1453 1183 1435 1183 1399 1005 1397 993 1395 947 1387 945 1387 944 1387 929 1393 928 1395 926 1393 917 1386 916 1386 914 1386 913 1386 850 1392 849 1392 798 1383 797 1383 754 1390 737 1393 724 1390 697 1383 696 1383 694 1383 693 1383 681 1389 673 1393 667 1389 658 1381 657 1381 655 1381 524 1381 523 1381 522 1381 511 1386 498 1392 477 1386 459 1380 458 1380 456 1380 455 1380 443 1384 429 1390 400 1384 379 1380 377 1380 376 1380 374 1380 374 1381 371 1383 362 1392 330 1392 313 1383 304 1378 303 1378 301 1378 285 1381 257 1389 236 1381 229 1378 227 1378 226 1378 136 1378 136 1426"/></Shape>
	    <String CONTENT="ſolùm in templo Hieroſolymitano tunc tempo¬"
                    HPOS="135"
                    VPOS="1378"
                    WIDTH="1048"
                    HEIGHT="76"
                    WC="0.975472396070307"></String>
          </TextLine>

          
          
          <TextLine ID="eSc_line_c986c378"
                    TAGREFS="LT4318"
                    BASELINE="136 1482 1183 1493" 
                    HPOS="136"
                    VPOS="1436"
                    WIDTH="1047"
                    HEIGHT="77">
            <Shape><Polygon POINTS="136 1482 136 1499 352 1499 365 1500 435 1508 437 1508 642 1502 658 1502 660 1502 667 1509 669 1509 670 1509 672 1509 709 1502 713 1502 718 1502 748 1511 749 1511 751 1511 810 1503 813 1503 819 1503 1035 1513 1036 1513 1182 1505 1183 1493 1183 1458 1143 1445 1142 1445 1140 1445 1102 1454 1091 1445 1090 1445 1088 1445 1027 1444 1026 1444 1024 1444 990 1455 957 1445 956 1445 954 1445 953 1445 929 1455 928 1455 812 1455 810 1454 791 1442 789 1442 788 1442 786 1442 727 1453 715 1453 533 1451 519 1441 517 1441 516 1441 514 1441 513 1441 492 1450 465 1439 464 1439 462 1439 461 1439 440 1450 440 1451 379 1451 377 1450 355 1438 353 1438 295 1438 294 1438 292 1438 275 1448 263 1438 263 1436 261 1436 260 1436 151 1436 150 1436 148 1436 147 1436 136 1442 136 1482"/></Shape>
	    <String CONTENT="ris fas eſſet, quia &amp; cæremoniæ tunc locum ha¬"
                    HPOS="136"
                    VPOS="1436"
                    WIDTH="1047"
                    HEIGHT="77"
                    WC="0.995162921107334"></String>
          </TextLine>

          
          
          <TextLine ID="eSc_line_9b6473bd"
                    TAGREFS="LT4318"
                    BASELINE="136 1542 1185 1554" 
                    HPOS="135"
                    VPOS="1493"
                    WIDTH="1050"
                    HEIGHT="81">
            <Shape><Polygon POINTS="136 1542 135 1560 835 1571 837 1571 893 1566 902 1566 917 1566 1054 1574 1055 1574 1183 1567 1185 1554 1183 1518 1116 1518 1112 1516 1055 1502 1054 1502 1052 1502 1051 1502 1024 1515 1023 1516 980 1516 972 1513 925 1500 923 1500 853 1500 852 1500 807 1511 792 1513 776 1511 733 1500 731 1500 730 1500 728 1500 716 1509 709 1513 663 1513 646 1508 612 1497 611 1497 609 1497 569 1503 527 1496 526 1496 524 1496 523 1496 511 1505 474 1496 472 1496 471 1496 432 1503 404 1509 355 1509 346 1502 340 1497 339 1497 337 1497 336 1497 334 1497 333 1497 327 1502 318 1508 248 1508 233 1500 215 1493 214 1493 212 1493 211 1493 194 1499 179 1506 168 1499 159 1493 157 1493 156 1493 154 1493 153 1493 136 1497 136 1542"/></Shape>
	    <String CONTENT="bebant, &amp; gratia Dei nondum diffuſa erat in o¬"
                    HPOS="135"
                    VPOS="1493"
                    WIDTH="1050"
                    HEIGHT="81"
                    WC="0.986292272806168"></String>
          </TextLine>

          
          
          <TextLine ID="eSc_line_95b859df"
                    TAGREFS="LT4318"
                    BASELINE="135 1603 1180 1612" 
                    HPOS="135"
                    VPOS="1555"
                    WIDTH="1045"
                    HEIGHT="79">
            <Shape><Polygon POINTS="135 1603 135 1624 285 1618 342 1625 368 1628 370 1628 400 1625 452 1619 475 1625 490 1629 492 1629 493 1629 514 1625 538 1621 562 1625 581 1629 582 1629 612 1625 651 1621 710 1627 768 1631 770 1631 803 1627 822 1624 826 1627 837 1632 838 1632 840 1632 841 1634 968 1634 968 1632 969 1632 991 1627 1005 1624 1012 1627 1021 1631 1023 1631 1024 1631 1179 1627 1180 1612 1179 1570 994 1570 993 1569 977 1561 975 1561 974 1561 972 1561 971 1561 960 1569 953 1573 878 1573 871 1569 859 1563 858 1563 856 1563 789 1567 754 1570 731 1567 675 1560 673 1560 615 1567 599 1569 591 1567 566 1558 565 1558 563 1558 562 1558 533 1567 526 1569 517 1567 484 1557 483 1557 481 1557 385 1566 367 1567 358 1566 309 1555 307 1555 135 1564 135 1603"/></Shape>
	    <String CONTENT="mnes Gentes. Denique hac pædagogia Domi¬"
                    HPOS="135"
                    VPOS="1555"
                    WIDTH="1045"
                    HEIGHT="79"
                    WC="0.984555898606777"></String>
          </TextLine>

          
          
          <TextLine ID="eSc_line_db5ce836"
                    TAGREFS="LT4318"
                    BASELINE="133 1659 1185 1668" 
                    HPOS="133"
                    VPOS="1612"
                    WIDTH="1052"
                    HEIGHT="78">
            <Shape><Polygon POINTS="133 1659 133 1682 245 1676 275 1682 281 1683 282 1683 284 1683 287 1682 309 1676 350 1682 367 1685 368 1685 401 1682 449 1679 469 1682 490 1686 492 1686 493 1686 501 1682 508 1679 513 1682 516 1686 517 1686 519 1686 664 1687 666 1687 667 1687 688 1682 699 1680 718 1682 758 1687 759 1687 761 1687 762 1687 770 1682 774 1680 798 1682 867 1689 868 1689 1029 1683 1038 1690 1039 1690 1041 1690 1042 1690 1183 1682 1185 1668 1183 1632 1128 1632 1127 1631 1110 1619 1109 1619 1107 1619 1106 1619 1105 1619 1088 1627 1076 1619 1075 1619 1073 1619 1072 1619 996 1625 986 1618 984 1618 983 1618 981 1618 980 1618 956 1629 956 1631 887 1631 886 1629 877 1621 875 1621 874 1621 873 1621 786 1628 780 1628 779 1628 767 1618 765 1618 764 1618 762 1618 709 1627 704 1628 703 1627 691 1618 691 1616 690 1616 688 1616 687 1616 590 1627 580 1627 578 1627 556 1615 554 1615 553 1615 501 1622 446 1613 444 1613 365 1622 350 1615 349 1615 348 1615 346 1615 313 1624 312 1624 298 1612 297 1612 295 1612 246 1612 245 1612 243 1612 223 1622 221 1624 211 1622 153 1615 151 1615 150 1615 133 1621 133 1659"/></Shape>
	    <String CONTENT="nus tunc volebat ſuos ad vnionem fidei &amp; do¬"
                    HPOS="133"
                    VPOS="1612"
                    WIDTH="1052"
                    HEIGHT="78"
                    WC="0.987068212845109"></String>
          </TextLine>

          
          
          <TextLine ID="eSc_line_b8e13ef5"
                    TAGREFS="LT4318"
                    BASELINE="132 1717 1182 1726" 
                    HPOS="130"
                    VPOS="1671"
                    WIDTH="1052"
                    HEIGHT="77">
            <Shape><Polygon POINTS="132 1717 130 1731 190 1741 191 1741 304 1734 330 1743 331 1743 333 1743 472 1735 486 1744 487 1744 489 1744 490 1744 614 1737 658 1745 660 1745 822 1740 831 1747 832 1747 834 1747 835 1748 928 1748 928 1747 977 1740 1058 1748 1060 1748 1180 1740 1182 1726 1182 1692 1158 1683 1157 1683 1155 1683 1112 1690 1097 1679 1096 1679 1094 1679 1093 1679 1055 1686 1012 1679 1011 1679 1009 1679 990 1689 989 1690 890 1690 889 1687 880 1680 878 1680 877 1680 875 1680 794 1687 782 1687 780 1687 757 1676 755 1676 754 1676 752 1676 731 1683 636 1674 635 1674 633 1674 612 1685 609 1687 554 1687 550 1685 535 1674 533 1674 532 1674 530 1674 529 1674 508 1683 502 1686 496 1683 466 1673 465 1673 464 1673 394 1683 376 1685 370 1682 349 1673 348 1673 346 1673 310 1680 301 1673 301 1671 300 1671 298 1671 297 1671 246 1680 233 1683 229 1680 211 1671 209 1671 208 1671 132 1679 132 1717"/></Shape>
	    <String CONTENT="ctrinæ exhortari, prouocare, &amp; adducere, &amp; futu¬"
                    HPOS="130"
                    VPOS="1671"
                    WIDTH="1052"
                    HEIGHT="77"
                    WC="0.983577758073807"></String>
          </TextLine>

          
          
          <TextLine ID="eSc_line_3e95ce8c"
                    TAGREFS="LT4318"
                    BASELINE="129 1777 1183 1789" 
                    HPOS="127"
                    VPOS="1728"
                    WIDTH="1056"
                    HEIGHT="84">
            <Shape><Polygon POINTS="129 1777 127 1789 179 1801 181 1801 245 1792 251 1792 270 1792 400 1801 401 1801 459 1796 486 1795 496 1798 524 1805 526 1805 527 1805 529 1805 530 1805 541 1798 547 1796 605 1796 629 1801 660 1805 661 1805 728 1802 792 1799 800 1804 804 1808 806 1808 807 1808 809 1808 856 1805 917 1801 959 1806 977 1809 978 1809 997 1808 1047 1802 1055 1809 1057 1811 1058 1811 1060 1811 1061 1812 1182 1812 1183 1789 1183 1750 1171 1740 1171 1738 1170 1738 1168 1738 1167 1738 1165 1738 1143 1748 1116 1738 1115 1738 1113 1738 1112 1738 1110 1738 1110 1740 1100 1748 1070 1740 1069 1740 1067 1740 1066 1740 1044 1748 999 1737 997 1737 996 1737 938 1747 920 1738 919 1738 917 1738 837 1745 817 1735 816 1735 815 1735 710 1744 707 1744 691 1734 690 1734 688 1734 687 1734 635 1741 609 1732 608 1732 606 1732 560 1743 554 1743 547 1741 487 1731 486 1731 391 1740 377 1741 288 1741 281 1737 254 1728 252 1728 251 1728 249 1728 227 1737 221 1738 205 1737 150 1728 148 1728 147 1728 129 1734 129 1777"/></Shape>
	    <String CONTENT="ram libertatem ſub Chriſto maioremn oſtendere,"
                    HPOS="127"
                    VPOS="1728"
                    WIDTH="1056"
                    HEIGHT="84"
                    WC="0.994193495615669"></String>
          </TextLine>

          
          
          <TextLine ID="eSc_line_9c71c942"
                    TAGREFS="LT4318"
                    BASELINE="135 1838 498 1836" 
                    HPOS="133"
                    VPOS="1786"
                    WIDTH="365"
                    HEIGHT="74">
            <Shape><Polygon POINTS="135 1838 135 1860 212 1853 495 1859 498 1836 496 1802 464 1786 462 1786 461 1786 459 1786 434 1799 429 1802 379 1802 371 1796 361 1789 359 1789 358 1789 356 1789 355 1789 353 1789 345 1795 318 1786 316 1786 315 1786 313 1786 312 1786 301 1793 295 1799 261 1801 251 1792 245 1787 245 1786 243 1786 242 1786 209 1786 208 1786 206 1786 199 1789 178 1801 163 1787 162 1786 160 1786 159 1786 157 1786 133 1786 135 1838"/></Shape>
	    <String CONTENT="qualis etiam eſt."
                    HPOS="133"
                    VPOS="1786"
                    WIDTH="365"
                    HEIGHT="74"
                    WC="0.997335332281449"></String>
          </TextLine>

          
          
          <TextLine ID="eSc_line_b07bbbf6"
                    TAGREFS="LT4318"
                    BASELINE="185 1896 1179 1903" 
                    HPOS="184"
                    VPOS="1838"
                    WIDTH="995"
                    HEIGHT="80">
            <Shape><Polygon POINTS="185 1896 184 1909 190 1915 190 1917 191 1917 193 1917 194 1917 343 1911 395 1918 397 1918 437 1912 1176 1918 1179 1903 1177 1847 1030 1842 1029 1842 1027 1842 1018 1845 997 1854 972 1845 963 1842 962 1842 960 1842 959 1842 957 1842 954 1845 935 1859 892 1859 880 1848 880 1847 878 1847 877 1847 875 1847 829 1857 813 1845 813 1844 812 1844 810 1844 809 1844 807 1844 804 1845 783 1854 748 1845 727 1839 725 1839 724 1839 681 1845 649 1848 636 1844 621 1839 620 1839 618 1839 617 1839 605 1844 594 1850 587 1844 578 1838 577 1838 575 1838 574 1838 572 1838 556 1844 530 1856 386 1856 352 1844 339 1839 337 1839 336 1839 334 1839 325 1844 307 1853 279 1844 275 1842 273 1842 272 1842 270 1842 266 1844 236 1851 185 1844 185 1896"/></Shape>
	    <String CONTENT="Ergo ſublatum eſt illud locorumh vetus diſcri¬"
                    HPOS="184"
                    VPOS="1838"
                    WIDTH="995"
                    HEIGHT="80"
                    WC="0.976340063240217"></String>
          </TextLine>

          
          
          <TextLine ID="eSc_line_1a6c766b"
                    TAGREFS="LT4318"
                    BASELINE="132 1952 1176 1964" 
                    HPOS="130"
                    VPOS="1900"
                    WIDTH="1046"
                    HEIGHT="85">
            <Shape><Polygon POINTS="132 1952 130 1972 285 1969 313 1975 324 1976 325 1976 327 1976 331 1975 346 1969 392 1975 417 1978 419 1978 447 1975 490 1970 526 1975 557 1979 559 1979 600 1975 627 1973 679 1976 806 1982 807 1982 867 1976 883 1975 893 1976 935 1983 936 1983 1012 1976 1021 1976 1024 1976 1055 1985 1057 1985 1058 1985 1174 1976 1176 1964 1176 1917 1103 1911 1102 1911 1100 1911 1085 1915 1055 1922 1032 1914 1024 1911 1023 1911 1021 1911 1020 1911 1014 1914 1000 1920 975 1912 972 1912 971 1912 969 1912 968 1912 965 1912 935 1921 920 1912 917 1909 916 1909 914 1909 913 1909 881 1911 785 1920 728 1909 727 1909 725 1909 724 1909 678 1918 638 1908 627 1905 626 1905 624 1905 623 1905 621 1905 618 1908 608 1917 566 1917 529 1906 524 1905 523 1905 522 1905 516 1906 474 1915 455 1906 453 1906 452 1906 450 1906 431 1914 417 1905 417 1903 416 1903 414 1903 413 1903 411 1903 408 1903 377 1914 337 1903 336 1903 334 1903 333 1903 331 1903 316 1915 264 1915 132 1900 132 1952"/></Shape>
	    <String CONTENT="men, vti nec iam cultus Dei in ſacrificiis hoſtia¬"
                    HPOS="130"
                    VPOS="1900"
                    WIDTH="1046"
                    HEIGHT="85"
                    WC="0.966845129728317"></String>
          </TextLine>

          
          
          <TextLine ID="eSc_line_327c2484"
                    TAGREFS="LT4318"
                    BASELINE="133 2010 1176 2019" 
                    HPOS="133"
                    VPOS="1964"
                    WIDTH="1043"
                    HEIGHT="80">
            <Shape><Polygon POINTS="133 2010 133 2031 295 2027 327 2033 355 2037 356 2037 406 2033 447 2028 453 2033 461 2038 462 2038 464 2038 542 2040 544 2040 545 2040 559 2033 566 2030 646 2030 663 2033 707 2041 709 2041 710 2041 745 2033 746 2033 755 2041 757 2041 758 2041 853 2043 855 2043 856 2043 877 2034 896 2043 898 2043 1003 2044 1005 2044 1006 2044 1039 2036 1091 2044 1093 2044 1094 2044 1115 2034 1174 2034 1176 2019 1174 1986 1128 1986 1127 1985 1106 1972 1105 1972 1103 1972 1102 1972 1100 1972 1057 1985 1052 1985 989 1985 987 1983 969 1972 968 1972 966 1972 965 1972 911 1982 905 1983 904 1982 887 1970 886 1970 884 1970 883 1970 881 1970 855 1982 850 1983 817 1982 632 1967 569 1967 568 1967 566 1967 565 1967 551 1976 542 1967 541 1967 539 1967 440 1966 438 1966 437 1966 435 1966 422 1978 420 1979 414 1976 385 1966 383 1966 318 1966 316 1966 315 1966 295 1975 290 1978 255 1975 199 1970 197 1970 179 1975 165 1978 160 1973 150 1966 150 1964 148 1964 147 1964 145 1964 144 1964 142 1964 133 1970 133 2010"/></Shape>
	    <String CONTENT="rum conſiſtit. Quò fit vt vbique piè colatur &amp; a¬"
                    HPOS="133"
                    VPOS="1964"
                    WIDTH="1043"
                    HEIGHT="80"
                    WC="0.99340370238996"></String>
          </TextLine>

          
          
          <TextLine ID="eSc_line_70ab9537"
                    TAGREFS="LT4318"
                    BASELINE="133 2068 1176 2079" 
                    HPOS="132"
                    VPOS="2021"
                    WIDTH="1044"
                    HEIGHT="84">
            <Shape><Polygon POINTS="133 2068 132 2083 249 2095 251 2095 406 2088 429 2098 431 2098 432 2098 572 2089 638 2099 639 2099 709 2091 746 2091 757 2101 758 2101 759 2101 896 2102 898 2102 951 2094 963 2102 965 2102 966 2102 968 2102 1038 2095 1055 2104 1057 2104 1058 2105 1113 2105 1113 2104 1174 2094 1176 2079 1176 2041 1152 2030 1151 2030 1149 2030 1005 2038 984 2038 980 2037 956 2028 954 2028 953 2028 951 2028 950 2028 936 2037 933 2038 923 2036 896 2030 895 2030 893 2030 892 2030 890 2030 883 2036 877 2038 813 2038 807 2034 801 2028 800 2028 798 2028 797 2028 795 2028 780 2033 768 2037 762 2033 754 2027 752 2027 751 2027 749 2027 716 2033 703 2034 685 2031 652 2025 651 2025 649 2025 638 2030 626 2036 609 2030 599 2027 597 2027 596 2027 563 2028 498 2034 461 2027 458 2027 456 2027 455 2027 431 2034 406 2025 395 2022 394 2022 392 2022 349 2024 263 2030 254 2022 252 2022 251 2022 249 2022 248 2022 246 2022 233 2030 133 2021 133 2068"/></Shape>
	    <String CONTENT="doretur Deus, &amp; vt illa ſacrificia, quæ hodie exi¬"
                    HPOS="132"
                    VPOS="2021"
                    WIDTH="1044"
                    HEIGHT="84"
                    WC="0.974969906806946"></String>
          </TextLine>

          
          
          <TextLine ID="eSc_line_238252d5"
                    TAGREFS="LT4318"
                    BASELINE="135 2126 1176 2140" 
                    HPOS="133"
                    VPOS="2080"
                    WIDTH="1043"
                    HEIGHT="85">
            <Shape><Polygon POINTS="135 2126 133 2152 218 2146 245 2154 252 2156 254 2156 255 2156 257 2156 261 2154 276 2146 356 2146 394 2154 410 2157 411 2157 458 2154 527 2149 559 2154 584 2159 585 2159 627 2154 667 2150 675 2154 684 2160 685 2160 687 2160 739 2162 740 2162 783 2154 788 2154 794 2154 881 2163 883 2163 938 2154 941 2154 942 2154 953 2163 953 2165 954 2165 956 2165 957 2165 1017 2163 1018 2163 1020 2163 1029 2154 1030 2154 1032 2154 1078 2165 1079 2165 1081 2165 1082 2165 1091 2157 1127 2165 1128 2165 1174 2154 1176 2140 1176 2105 1152 2092 1151 2092 1149 2092 1148 2092 1021 2104 1008 2104 1000 2102 944 2089 942 2089 877 2099 861 2102 856 2099 843 2091 841 2091 840 2091 838 2091 837 2091 817 2098 810 2101 748 2101 743 2096 734 2089 734 2088 733 2088 731 2088 730 2088 728 2088 701 2096 688 2101 599 2101 563 2092 529 2086 527 2086 492 2091 450 2096 422 2089 400 2083 398 2083 397 2083 374 2088 362 2091 358 2088 350 2082 349 2082 348 2082 290 2082 288 2082 257 2085 194 2094 181 2083 178 2080 176 2080 175 2080 174 2080 135 2082 135 2126"/></Shape>
	    <String CONTENT="git, quæ ſunt gratiarum actiones, vbique terra¬"
                    HPOS="133"
                    VPOS="2080"
                    WIDTH="1043"
                    HEIGHT="85"
                    WC="0.966401769759807"></String>
          </TextLine>

          
          
          <TextLine ID="eSc_line_998a082a"
                    TAGREFS="LT4318"
                    BASELINE="132 2186 1173 2198" 
                    HPOS="130"
                    VPOS="2140"
                    WIDTH="1043"
                    HEIGHT="95">
            <Shape><Polygon POINTS="132 2186 130 2207 193 2208 209 2220 211 2220 212 2220 214 2221 214 2220 215 2220 217 2220 232 2210 294 2217 295 2217 382 2211 425 2226 426 2226 428 2226 501 2217 563 2224 565 2224 620 2218 660 2229 661 2229 663 2229 829 2221 874 2230 875 2230 877 2230 878 2230 895 2217 910 2227 911 2227 913 2227 914 2227 916 2227 948 2218 977 2232 978 2232 1044 2233 1045 2235 1112 2235 1112 2233 1113 2233 1115 2233 1133 2220 1171 2220 1173 2198 1171 2153 954 2157 945 2152 942 2149 941 2149 939 2149 938 2149 920 2152 892 2156 832 2152 788 2147 786 2147 752 2150 712 2154 687 2150 652 2144 651 2144 621 2150 603 2153 575 2150 530 2144 529 2144 527 2144 511 2150 505 2152 498 2150 480 2143 478 2143 477 2143 475 2143 474 2143 466 2149 462 2153 404 2153 397 2149 379 2141 377 2141 376 2141 301 2147 233 2140 232 2140 132 2147 132 2186"/></Shape>
	    <String CONTENT="rum illi offerri poſsint. Atque eò præcipuè per¬"
                    HPOS="130"
                    VPOS="2140"
                    WIDTH="1043"
                    HEIGHT="95"
                    WC="0.987835726737976"></String>
          </TextLine>

          
        </TextBlock>
        
        <TextBlock HPOS="891.5572509765625"
                   VPOS="2218.87353515625"
                   WIDTH="98.18621826171875"
                   HEIGHT="60.311767578125"
                   ID="block_0"
                   TAGREFS="BT10978">
          <Shape><Polygon POINTS="891.557 2218.87 989.743 2218.87 989.743 2279.19 891.557 2279.19 891.557 2218.87"/></Shape>
          
          
          <TextLine ID="eSc_line_0d2a8435"
                    TAGREFS="LT4318"
                    BASELINE="893 2259 983 2256" 
                    HPOS="890"
                    VPOS="2207"
                    WIDTH="93"
                    HEIGHT="90">
            <Shape><Polygon POINTS="893 2259 893 2290 935 2297 936 2297 938 2297 983 2282 983 2256 980 2218 936 2207 935 2207 933 2207 932 2207 890 2220 893 2259"/></Shape>
	    <String CONTENT="e.ij."
                    HPOS="890"
                    VPOS="2207"
                    WIDTH="93"
                    HEIGHT="90"
                    WC="0.969940614700317"></String>
          </TextLine>

          
        </TextBlock>
        

        
      </PrintSpace>
    </Page>
  </Layout>
</alto>
