<?xml version="1.0" encoding="UTF-8"?>
<alto xmlns:xsi="http://www.w3.org/2001/XMLSchema-instance"
      xmlns="http://www.loc.gov/standards/alto/ns-v4#"
      xsi:schemaLocation="http://www.loc.gov/standards/alto/ns-v4# http://www.loc.gov/standards/alto/v4/alto-4-2.xsd">
  <Description>
    <MeasurementUnit>pixel</MeasurementUnit>
    <sourceImageInformation>
      <fileName>2013001.png</fileName>
      
    </sourceImageInformation>
  </Description>
  
  <Tags>
    <OtherTag ID="BT10983" LABEL="GraphicZone" DESCRIPTION="block type GraphicZone"/><OtherTag ID="BT10982" LABEL="DropCapitalZone" DESCRIPTION="block type DropCapitalZone"/><OtherTag ID="BT10981" LABEL="RunningTitleZone" DESCRIPTION="block type RunningTitleZone"/><OtherTag ID="BT10980" LABEL="NumberingZone" DESCRIPTION="block type NumberingZone"/><OtherTag ID="BT10979" LABEL="TitlePageZone" DESCRIPTION="block type TitlePageZone"/><OtherTag ID="BT10978" LABEL="QuireMarksZone" DESCRIPTION="block type QuireMarksZone"/><OtherTag ID="BT10977" LABEL="MainZone" DESCRIPTION="block type MainZone"/><OtherTag ID="BT10976" LABEL="MarginTextZone" DESCRIPTION="block type MarginTextZone"/>
    <OtherTag ID="LT4321" LABEL="default" DESCRIPTION="line type default"/><OtherTag ID="LT4319" LABEL="HeadingLine" DESCRIPTION="line type HeadingLine"/><OtherTag ID="LT4318" LABEL="DefaultLine" DESCRIPTION="line type DefaultLine"/><OtherTag ID="LT4320" LABEL="CustomLine : BiblicalText" DESCRIPTION="line type CustomLine : BiblicalText"/>
  </Tags>
  
  <Layout>
    <Page WIDTH="1807"
          HEIGHT="2677"
          PHYSICAL_IMG_NR="48"
          ID="eSc_dummypage_">
      <PrintSpace HPOS="0"
                  VPOS="0"
                  WIDTH="1807"
                  HEIGHT="2677">
        
        <TextBlock HPOS="431.6378173828125"
                   VPOS="172.4494171142578"
                   WIDTH="339.8734130859375"
                   HEIGHT="55.31427001953125"
                   ID="block_1"
                   TAGREFS="BT10981">
          <Shape><Polygon POINTS="431.638 172.449 771.511 172.449 771.511 227.764 431.638 227.764 431.638 172.449"/></Shape>
          
          
          <TextLine ID="eSc_line_018904ab"
                    TAGREFS="LT4319"
                    BASELINE="428 214 762 208" 
                    HPOS="426"
                    VPOS="166"
                    WIDTH="336"
                    HEIGHT="67">
            <Shape><Polygon POINTS="694 166 690 166 678 175 675 176 661 174 635 169 633 169 602 174 563 178 524 172 490 166 489 166 431 169 426 172 428 214 428 223 510 233 511 233 513 233 547 223 584 232 585 232 587 232 684 220 737 227 739 227 740 227 762 217 762 208 759 176 728 176 727 175 716 169 709 168"/></Shape>
	    <String CONTENT="CAPVT II."
                    HPOS="426"
                    VPOS="166"
                    WIDTH="336"
                    HEIGHT="67"
                    WC="0.999250710010529"></String>
          </TextLine>

          
        </TextBlock>
        
        <TextBlock HPOS="1080.3597412109375"
                   VPOS="166.41159057617188"
                   WIDTH="78.1217041015625"
                   HEIGHT="59.247711181640625"
                   ID="block_0"
                   TAGREFS="BT10980">
          <Shape><Polygon POINTS="1080.36 166.412 1158.48 166.412 1158.48 225.659 1080.36 225.659 1080.36 166.412"/></Shape>
          
          
          <TextLine ID="eSc_line_7e0c1d17"
                    TAGREFS="LT4318"
                    BASELINE="1093 206 1143 209" 
                    HPOS="1091"
                    VPOS="156"
                    WIDTH="52"
                    HEIGHT="76">
            <Shape><Polygon POINTS="1139 160 1124 157 1119 156 1103 156 1094 159 1093 206 1091 220 1118 232 1119 232 1121 232 1122 232 1142 226 1143 209 1143 160 1139 160"/></Shape>
	    <String CONTENT="89"
                    HPOS="1091"
                    VPOS="156"
                    WIDTH="52"
                    HEIGHT="76"
                    WC="0.99946317076683"></String>
          </TextLine>

          
        </TextBlock>
        
        <TextBlock HPOS="95.77417755126953"
                   VPOS="231.79800415039062"
                   WIDTH="1074.157341003418"
                   HEIGHT="1945.8218688964844"
                   ID="block_2"
                   TAGREFS="BT10977">
          <Shape><Polygon POINTS="95.7742 231.798 1169.93 231.798 1169.93 2177.62 95.7742 2177.62 95.7742 231.798"/></Shape>
          
          
          <TextLine ID="eSc_line_defb52a9"
                    TAGREFS="LT4318"
                    BASELINE="117 291 1157 275" 
                    HPOS="116"
                    VPOS="226"
                    WIDTH="1041"
                    HEIGHT="81">
            <Shape><Polygon POINTS="116 254 117 291 117 307 1157 291 1157 275 1154 237 1026 226 1024 226 969 239 965 239 963 239 948 229 947 229 945 229 944 229 942 229 941 229 941 230 931 239 929 240 902 240 901 239 874 227 873 227 871 227 870 227 846 239 843 240 825 239 745 233 743 233 742 233 740 233 731 240 728 243 641 243 633 242 609 233 608 233 536 233 535 233 533 233 532 233 519 242 517 243 516 242 495 233 493 233 492 233 434 240 373 236 371 236 370 236 368 236 359 243 355 248 346 243 328 236 327 236 325 236 281 245 266 246 124 246 116 254"/></Shape>
	    <String CONTENT="peccatum effeciſſe duriorem &amp; auſteriorẽ. Val¬"
                    HPOS="116"
                    VPOS="226"
                    WIDTH="1041"
                    HEIGHT="81"
                    WC="0.97866778551264"></String>
          </TextLine>

          
          
          <TextLine ID="eSc_line_e56e0bb1"
                    TAGREFS="LT4318"
                    BASELINE="118 348 1158 334" 
                    HPOS="117"
                    VPOS="290"
                    WIDTH="1041"
                    HEIGHT="80">
            <Shape><Polygon POINTS="118 348 118 361 229 370 230 370 232 370 269 361 294 368 295 368 297 368 371 361 578 365 580 365 923 352 933 359 935 359 936 359 938 361 1024 361 1024 359 1026 359 1027 359 1036 352 1116 356 1118 356 1158 348 1158 334 1157 301 1136 290 1134 290 1133 290 1017 291 1015 291 1014 291 1014 292 1002 301 929 291 928 291 926 291 925 291 905 304 809 304 785 294 783 294 782 294 780 294 779 294 779 295 767 306 649 306 611 295 609 295 608 295 545 307 477 297 475 297 474 297 472 297 459 307 386 300 385 300 383 300 345 312 257 312 240 303 239 303 237 303 236 303 234 303 224 313 193 313 144 301 142 301 141 301 117 312 118 348"/></Shape>
	    <String CONTENT="de autem notandum eſt, quod ex verbo ſedacta"
                    HPOS="117"
                    VPOS="290"
                    WIDTH="1041"
                    HEIGHT="80"></String>
          </TextLine>

          
          
          <TextLine ID="eSc_line_ba7d18b6"
                    TAGREFS="LT4318"
                    BASELINE="120 407 1157 395" 
                    HPOS="118"
                    VPOS="346"
                    WIDTH="1039"
                    HEIGHT="85">
            <Shape><Polygon POINTS="120 407 120 420 246 431 248 431 249 431 281 420 287 419 300 420 368 429 370 429 371 429 373 429 383 420 455 428 456 428 458 428 478 419 484 417 516 419 603 426 605 426 606 426 627 419 641 414 657 419 678 425 679 425 681 425 727 419 767 413 782 419 797 423 798 423 800 425 873 425 873 423 874 423 884 417 898 411 959 411 969 417 975 422 977 422 978 422 980 423 1012 423 1012 422 1014 422 1015 422 1015 420 1020 417 1029 410 1154 416 1157 395 1155 358 1125 346 1124 346 1122 346 1032 348 1030 348 1029 348 1029 349 1018 358 896 348 895 348 828 349 826 349 825 349 825 350 813 359 742 352 740 352 739 352 737 352 724 361 682 350 681 350 679 350 678 350 635 364 574 364 554 353 553 353 551 353 550 353 548 353 538 362 524 352 523 352 522 352 520 352 519 352 496 364 475 353 474 353 472 353 471 353 452 364 377 365 300 355 298 355 297 355 282 362 258 355 257 355 255 355 254 355 252 355 252 356 243 365 227 356 226 356 175 356 174 356 118 368 120 407"/></Shape>
	    <String CONTENT="colligit Bernard. ſermo. de Duplici Baptiſ. his"
                    HPOS="118"
                    VPOS="346"
                    WIDTH="1039"
                    HEIGHT="85"
                    WC="0.970639758921684"></String>
          </TextLine>

          
          
          <TextLine ID="eSc_line_9c35734d"
                    TAGREFS="LT4318"
                    BASELINE="121 465 1160 455" 
                    HPOS="120"
                    VPOS="408"
                    WIDTH="1040"
                    HEIGHT="73">
            <Shape><Polygon POINTS="121 465 121 481 1158 471 1160 455 1158 422 1119 408 1118 408 1088 408 1087 408 1085 408 1084 408 1069 422 939 422 911 414 910 414 908 414 859 423 835 414 834 414 832 414 770 423 754 411 752 411 751 411 722 411 721 411 669 423 626 413 624 413 623 413 621 413 620 413 602 425 536 414 535 414 398 417 397 417 395 417 395 419 383 428 288 416 287 416 285 416 284 416 264 429 168 417 166 417 165 417 120 431 121 465"/></Shape>
	    <String CONTENT="verbis, Serpens ô Eua decepit te, non impulit,"
                    HPOS="120"
                    VPOS="408"
                    WIDTH="1040"
                    HEIGHT="73"
                    WC="0.990129903275916"></String>
          </TextLine>

          
          
          <TextLine ID="eSc_line_1a5410ed"
                    TAGREFS="LT4318"
                    BASELINE="117 522 1160 511" 
                    HPOS="116"
                    VPOS="465"
                    WIDTH="1044"
                    HEIGHT="80">
            <Shape><Polygon POINTS="117 522 117 533 153 545 154 545 156 545 157 545 190 536 559 542 560 542 562 542 563 542 582 530 620 541 621 541 623 541 624 541 648 530 725 539 727 539 728 539 730 539 745 529 746 529 800 529 843 529 865 538 867 538 868 538 870 538 887 529 960 538 962 538 963 538 965 538 978 527 990 533 991 533 993 533 994 533 1011 526 1012 526 1158 526 1160 511 1157 475 1096 465 1094 465 1012 475 999 477 986 475 892 466 890 466 889 466 870 475 840 468 838 468 837 468 835 468 834 468 834 469 823 477 822 478 801 477 694 469 693 469 691 469 661 478 655 480 648 478 618 469 617 469 615 469 614 469 594 478 593 480 590 478 574 469 572 469 571 469 522 471 520 471 505 480 501 481 484 480 419 471 417 471 374 480 361 483 349 480 309 472 307 472 306 472 275 481 260 486 188 486 182 481 165 474 163 474 162 474 116 481 117 522"/></Shape>
	    <String CONTENT="aut coegit, mulier tibi, ô Adam de ligno dedit:"
                    HPOS="116"
                    VPOS="465"
                    WIDTH="1044"
                    HEIGHT="80"
                    WC="0.990765125801166"></String>
          </TextLine>

          
          
          <TextLine ID="eSc_line_ac1216ab"
                    TAGREFS="LT4318"
                    BASELINE="117 582 1155 569" 
                    HPOS="116"
                    VPOS="523"
                    WIDTH="1039"
                    HEIGHT="79">
            <Shape><Polygon POINTS="117 582 117 594 328 594 345 602 346 602 348 602 697 588 716 596 718 596 719 596 777 588 919 593 920 593 922 593 939 585 1064 591 1066 591 1155 581 1155 569 1152 535 1085 523 1084 523 1082 523 1063 533 969 524 968 524 966 524 926 535 919 538 786 538 780 536 759 527 758 527 709 527 707 527 706 527 690 536 684 539 654 536 587 529 585 529 584 529 566 536 556 541 530 536 508 533 507 533 487 536 459 542 416 538 380 533 379 533 377 533 364 538 342 545 291 545 281 538 275 533 273 533 272 533 237 533 236 533 234 533 233 533 227 538 218 544 202 538 191 535 190 535 188 535 116 538 117 582"/></Shape>
	    <String CONTENT="ſed offerendo, non vtique violentiam inferendo."
                    HPOS="116"
                    VPOS="523"
                    WIDTH="1039"
                    HEIGHT="79"
                    WC="0.988377423996621"></String>
          </TextLine>

          
          
          <TextLine ID="eSc_line_1ee8c205"
                    TAGREFS="LT4318"
                    BASELINE="120 639 1157 627" 
                    HPOS="118"
                    VPOS="582"
                    WIDTH="1039"
                    HEIGHT="79">
            <Shape><Polygon POINTS="120 639 120 654 242 661 243 661 285 652 290 652 295 652 361 660 362 660 1155 642 1157 627 1152 591 1035 594 1029 591 1017 582 1015 582 1014 582 983 582 981 582 980 582 959 591 947 597 868 597 852 591 832 584 831 584 782 584 780 584 779 584 777 584 768 591 759 599 704 599 691 591 684 585 682 585 681 585 638 585 636 585 635 585 623 591 603 600 550 591 519 587 517 587 516 587 502 591 472 602 373 591 349 590 348 590 346 590 345 590 342 591 322 605 229 605 194 603 182 593 182 591 181 591 179 591 178 591 118 591 120 639"/></Shape>
	    <String CONTENT="Neque enim poteſtate illius, ſed tua voluntate"
                    HPOS="118"
                    VPOS="582"
                    WIDTH="1039"
                    HEIGHT="79"
                    WC="0.991095173618068"></String>
          </TextLine>

          
          
          <TextLine ID="eSc_line_79b06cb2"
                    TAGREFS="LT4318"
                    BASELINE="117 697 1157 685" 
                    HPOS="116"
                    VPOS="639"
                    WIDTH="1041"
                    HEIGHT="88">
            <Shape><Polygon POINTS="117 722 233 716 245 722 255 727 257 727 258 727 410 725 411 725 422 721 431 715 438 719 449 725 450 725 452 727 504 727 504 725 505 725 520 719 530 715 535 719 539 724 541 724 542 724 544 724 580 719 597 716 609 718 635 724 636 724 704 718 795 709 826 709 840 716 846 721 847 721 849 721 850 721 877 716 899 712 945 715 1003 719 1005 719 1006 719 1008 719 1015 715 1032 706 1140 706 1152 713 1157 685 1155 646 1142 639 1140 639 1139 639 1137 639 1070 648 1026 639 1024 639 1023 639 1021 639 1021 640 1012 649 1011 651 920 651 919 649 904 640 902 640 901 640 899 640 898 640 896 640 881 649 880 651 871 649 822 642 820 642 819 642 817 642 807 651 806 651 800 651 754 643 752 643 694 651 681 652 676 651 655 643 654 643 652 643 651 643 649 643 638 651 636 652 504 655 480 652 449 648 447 648 420 652 406 655 401 652 392 646 391 646 389 646 388 646 386 646 367 652 356 657 346 654 331 648 330 648 328 648 284 654 245 658 211 654 174 649 172 649 116 654 117 697"/></Shape>
	    <String CONTENT="factum eſt, vt eius voci plus obedieris, quàm di¬"
                    HPOS="116"
                    VPOS="639"
                    WIDTH="1041"
                    HEIGHT="88"
                    WC="0.992578312158585"></String>
          </TextLine>

          
          
          <TextLine ID="eSc_line_984a9a02"
                    TAGREFS="LT4318"
                    BASELINE="118 756 257 754" 
                    HPOS="117"
                    VPOS="713"
                    WIDTH="140"
                    HEIGHT="58">
            <Shape><Polygon POINTS="118 756 118 771 257 770 257 754 254 727 172 713 171 713 117 718 118 756"/></Shape>
	    <String CONTENT="uinæ."
                    HPOS="117"
                    VPOS="713"
                    WIDTH="140"
                    HEIGHT="58"
                    WC="0.995039010047913"></String>
          </TextLine>

          
          
          <TextLine ID="eSc_line_0df31159"
                    TAGREFS="LT4320"
                    BASELINE="182 838 1158 828" 
                    HPOS="181"
                    VPOS="768"
                    WIDTH="977"
                    HEIGHT="93">
            <Shape><Polygon POINTS="182 855 205 861 206 861 208 861 220 855 234 849 295 849 316 855 330 859 331 859 333 859 334 859 352 855 365 852 403 855 458 859 459 859 508 855 550 850 572 855 591 858 593 858 594 858 608 855 641 844 700 852 701 852 703 852 704 852 716 843 871 843 899 853 901 853 902 853 904 855 1000 855 1000 853 1002 853 1003 853 1041 841 1155 852 1158 828 1154 788 1139 788 1137 788 1115 768 1113 768 1112 768 1110 768 1109 768 1078 783 1052 768 1051 768 1049 768 1048 768 950 770 948 770 947 770 947 771 938 779 926 771 925 771 923 771 922 771 920 771 881 789 829 771 828 771 737 771 736 771 734 771 661 792 658 792 657 792 602 782 600 782 548 794 545 794 524 779 523 779 522 779 520 779 519 779 492 785 452 776 450 776 449 776 447 776 425 794 406 788 404 788 403 788 349 795 348 795 325 783 324 783 322 783 321 783 319 783 300 797 297 798 181 798 182 838"/></Shape>
	    <String CONTENT="15 Seruabitur tamen liberos gignendo,"
                    HPOS="181"
                    VPOS="768"
                    WIDTH="977"
                    HEIGHT="93"
                    WC="0.950394350129205"></String>
          </TextLine>

          
          
          <TextLine ID="eSc_line_839c1ed5"
                    TAGREFS="LT4320"
                    BASELINE="116 907 1160 892" 
                    HPOS="114"
                    VPOS="840"
                    WIDTH="1046"
                    HEIGHT="101">
            <Shape><Polygon POINTS="117 941 160 925 190 932 191 932 193 932 194 932 232 923 252 938 255 939 257 939 258 939 260 939 261 939 267 936 295 922 403 922 428 932 438 936 440 936 441 936 443 936 453 931 477 920 507 920 520 929 522 931 523 931 524 931 526 931 527 931 532 929 554 919 624 919 636 926 645 933 646 933 648 933 649 935 740 935 740 933 774 932 776 932 777 932 789 922 794 919 797 922 812 932 813 932 815 932 816 933 832 933 832 932 834 932 835 932 835 931 849 920 853 916 859 919 875 931 877 931 878 931 880 931 1054 929 1158 910 1160 892 1157 856 1113 853 1099 840 1097 840 1096 840 1094 840 996 841 994 841 993 841 971 855 971 856 969 855 953 841 951 841 950 841 948 841 947 841 945 841 923 855 919 858 908 855 871 846 870 846 868 846 867 846 844 855 834 859 795 855 740 849 739 849 712 855 688 861 676 855 657 846 655 846 654 846 652 846 651 846 639 855 627 864 542 864 530 855 523 849 522 849 520 849 466 849 465 849 464 849 462 849 455 855 441 864 383 864 368 855 367 853 365 853 364 853 362 853 361 853 356 855 327 865 295 855 288 852 287 852 285 852 284 852 282 852 279 855 258 868 190 868 163 855 163 853 162 853 160 853 159 853 114 853 116 907"/></Shape>
	    <String CONTENT="ſi manſerit in fide, ac charitate, &amp; ſanctifica¬"
                    HPOS="114"
                    VPOS="840"
                    WIDTH="1046"
                    HEIGHT="101"
                    WC="0.996722585211197"></String>
          </TextLine>

          
          
          <TextLine ID="eSc_line_8fa302af"
                    TAGREFS="LT4320"
                    BASELINE="116 977 609 971" 
                    HPOS="114"
                    VPOS="920"
                    WIDTH="495"
                    HEIGHT="70">
            <Shape><Polygon POINTS="116 990 609 987 609 971 606 936 580 936 563 922 563 920 562 920 560 920 511 920 510 920 452 922 450 922 449 922 449 923 432 936 313 923 312 923 226 941 185 941 159 925 157 925 156 925 154 925 153 925 114 939 116 977"/></Shape>
	    <String CONTENT="tione cum modestia."
                    HPOS="114"
                    VPOS="920"
                    WIDTH="495"
                    HEIGHT="70"
                    WC="0.997674374203933"></String>
          </TextLine>

          
          
          <TextLine ID="eSc_line_54f78a00"
                    TAGREFS="LT4318"
                    BASELINE="175 1051 1164 1038" 
                    HPOS="174"
                    VPOS="987"
                    WIDTH="990"
                    HEIGHT="86">
            <Shape><Polygon POINTS="175 1051 175 1064 276 1073 278 1073 279 1073 281 1073 292 1064 294 1063 298 1063 339 1072 340 1072 342 1072 343 1072 352 1063 353 1063 383 1070 385 1070 386 1070 496 1061 517 1060 524 1061 568 1069 569 1069 682 1058 694 1058 697 1058 721 1067 722 1067 724 1067 770 1058 776 1057 780 1057 809 1066 810 1066 812 1066 813 1066 849 1057 856 1055 889 1057 1035 1063 1036 1063 1038 1063 1039 1063 1048 1055 1134 1061 1136 1061 1137 1061 1164 1052 1164 1038 1161 997 1021 987 1020 987 1018 987 994 996 947 987 945 987 864 997 835 1000 817 997 780 990 779 990 728 997 694 1003 566 1003 559 997 556 994 554 994 553 994 507 993 505 993 504 993 490 997 481 1000 462 997 447 996 446 996 444 996 443 996 441 997 429 1005 364 997 340 996 339 996 337 996 336 996 336 997 334 997 324 1008 246 1008 230 997 229 997 227 997 226 997 174 997 175 1051"/></Shape>
	    <String CONTENT="Hypophora eſt quæ magnam conſolationem"
                    HPOS="174"
                    VPOS="987"
                    WIDTH="990"
                    HEIGHT="86"
                    WC="0.982943012526161"></String>
          </TextLine>

          
          
          <TextLine ID="eSc_line_7b657237"
                    TAGREFS="LT4318"
                    BASELINE="118 1109 1161 1097" 
                    HPOS="117"
                    VPOS="1049"
                    WIDTH="1044"
                    HEIGHT="82">
            <Shape><Polygon POINTS="118 1109 120 1131 150 1122 193 1130 202 1131 203 1131 239 1130 379 1119 435 1125 466 1128 468 1128 469 1128 484 1124 510 1118 545 1122 574 1127 575 1127 651 1125 652 1125 663 1121 673 1116 713 1119 767 1124 768 1124 819 1118 831 1116 834 1116 849 1124 850 1124 852 1124 853 1124 855 1124 865 1116 867 1115 877 1116 908 1121 910 1121 911 1121 928 1115 933 1113 951 1115 1027 1122 1029 1122 1030 1122 1069 1112 1073 1112 1078 1112 1142 1121 1143 1121 1145 1121 1146 1121 1161 1112 1161 1097 1157 1060 1072 1060 1070 1060 1051 1049 1049 1049 1048 1049 989 1061 984 1061 983 1061 956 1051 954 1051 953 1051 765 1052 764 1052 725 1064 724 1064 707 1054 706 1054 704 1054 655 1054 654 1054 652 1054 651 1054 636 1063 602 1055 600 1055 599 1055 597 1055 597 1057 587 1066 585 1066 582 1066 539 1060 538 1060 414 1067 408 1067 379 1057 377 1057 376 1057 374 1057 373 1057 356 1069 353 1070 117 1070 118 1109"/></Shape>
	    <String CONTENT="tamen continet, ne ſe prorſus ſpe ſalutis orbatas"
                    HPOS="117"
                    VPOS="1049"
                    WIDTH="1044"
                    HEIGHT="82"
                    WC="0.988015464373997"></String>
          </TextLine>

          
          
          <TextLine ID="eSc_line_d09d5169"
                    TAGREFS="LT4318"
                    BASELINE="116 1167 1160 1157" 
                    HPOS="114"
                    VPOS="1109"
                    WIDTH="1046"
                    HEIGHT="79">
            <Shape><Polygon POINTS="116 1167 116 1179 255 1188 257 1188 258 1188 276 1179 281 1177 290 1179 316 1186 318 1186 319 1186 392 1179 431 1176 530 1176 538 1179 550 1185 551 1185 553 1185 554 1185 569 1179 581 1174 623 1179 654 1182 655 1182 733 1179 893 1171 926 1179 936 1180 938 1180 1054 1179 1060 1177 1061 1177 1076 1170 1157 1177 1160 1157 1157 1121 1097 1121 1079 1109 1078 1109 1076 1109 1075 1109 1073 1109 1049 1119 1017 1110 1015 1110 1014 1110 1012 1110 1011 1110 1011 1112 999 1121 864 1110 862 1110 800 1122 710 1112 709 1112 707 1112 664 1124 661 1124 468 1115 466 1115 465 1115 464 1115 447 1127 437 1127 361 1127 356 1127 278 1116 276 1116 275 1116 273 1116 260 1128 258 1128 251 1128 163 1118 162 1118 160 1118 159 1118 159 1119 147 1128 147 1130 114 1130 116 1167"/></Shape>
	    <String CONTENT="eſſe mulieres exiſtiment. Id quod illis potuit in"
                    HPOS="114"
                    VPOS="1109"
                    WIDTH="1046"
                    HEIGHT="79"
                    WC="0.98400090300307"></String>
          </TextLine>

          
          
          <TextLine ID="eSc_line_254098e0"
                    TAGREFS="LT4318"
                    BASELINE="114 1223 1163 1212" 
                    HPOS="113"
                    VPOS="1170"
                    WIDTH="1050"
                    HEIGHT="74">
            <Shape><Polygon POINTS="114 1223 114 1237 242 1244 243 1244 245 1244 273 1237 275 1237 276 1237 346 1243 348 1243 349 1243 376 1235 380 1235 395 1235 504 1241 505 1241 507 1241 522 1235 524 1234 539 1234 602 1240 603 1240 632 1234 642 1232 670 1234 752 1238 754 1238 1163 1229 1163 1212 1158 1179 1018 1179 999 1170 997 1170 996 1170 948 1179 899 1170 898 1170 896 1170 895 1170 883 1180 862 1171 861 1171 859 1171 765 1182 649 1173 648 1173 646 1173 645 1173 645 1174 633 1183 551 1174 550 1174 477 1185 376 1176 374 1176 373 1176 371 1176 371 1177 361 1186 281 1180 279 1180 229 1188 166 1179 165 1179 113 1189 114 1223"/></Shape>
	    <String CONTENT="animum incidere, vel nobis etiamipſis, dum eas"
                    HPOS="113"
                    VPOS="1170"
                    WIDTH="1050"
                    HEIGHT="74"
                    WC="0.995611351469289"></String>
          </TextLine>

          
          
          <TextLine ID="eSc_line_45646834"
                    TAGREFS="LT4318"
                    BASELINE="116 1283 1160 1273" 
                    HPOS="114"
                    VPOS="1226"
                    WIDTH="1046"
                    HEIGHT="73">
            <Shape><Polygon POINTS="116 1283 116 1299 1160 1292 1160 1273 1157 1241 1075 1241 1064 1231 1063 1231 1061 1231 1009 1226 1008 1226 983 1228 981 1228 980 1228 980 1229 966 1241 965 1243 884 1243 880 1241 829 1229 828 1229 826 1229 825 1229 825 1231 813 1241 810 1244 764 1244 761 1241 748 1229 746 1229 745 1229 713 1229 712 1229 710 1229 709 1229 709 1231 697 1241 693 1246 633 1246 626 1241 603 1231 602 1231 572 1231 571 1231 569 1231 548 1241 539 1246 520 1241 478 1232 477 1232 438 1241 419 1246 397 1241 377 1238 376 1238 374 1238 362 1241 345 1247 339 1241 330 1234 328 1234 327 1234 285 1234 284 1234 282 1234 281 1234 270 1241 258 1250 214 1250 203 1241 196 1235 194 1235 193 1235 191 1235 114 1241 116 1283"/></Shape>
	    <String CONTENT="eſſe nobis tanti cauſas mali audimus. Per eas"
                    HPOS="114"
                    VPOS="1226"
                    WIDTH="1046"
                    HEIGHT="73"
                    WC="0.998726363976796"></String>
          </TextLine>

          
          
          <TextLine ID="eSc_line_a00bbc0c"
                    TAGREFS="LT4318"
                    BASELINE="118 1342 1163 1332" 
                    HPOS="117"
                    VPOS="1286"
                    WIDTH="1046"
                    HEIGHT="77">
            <Shape><Polygon POINTS="118 1342 118 1354 176 1363 178 1363 179 1363 181 1363 190 1356 371 1362 373 1362 374 1362 376 1362 388 1354 413 1362 414 1362 416 1362 417 1362 450 1353 498 1360 499 1360 566 1351 678 1359 679 1359 736 1350 834 1357 835 1357 890 1348 1021 1354 1023 1354 1061 1347 1133 1354 1134 1354 1136 1354 1163 1344 1163 1332 1160 1298 1042 1286 1041 1286 1039 1286 1005 1298 933 1287 932 1287 931 1287 908 1298 858 1292 856 1292 855 1292 825 1299 816 1292 815 1292 813 1292 812 1292 734 1299 718 1289 716 1289 715 1289 713 1289 712 1289 682 1301 682 1302 639 1302 635 1302 608 1290 606 1290 605 1290 603 1290 562 1302 559 1302 553 1302 437 1292 435 1292 434 1292 397 1304 394 1304 386 1304 267 1293 266 1293 264 1293 223 1305 220 1307 117 1307 118 1342"/></Shape>
	    <String CONTENT="enim factum eſt, vt vniuerſum genus humanum"
                    HPOS="117"
                    VPOS="1286"
                    WIDTH="1046"
                    HEIGHT="77"
                    WC="0.995042494563169"></String>
          </TextLine>

          
          
          <TextLine ID="eSc_line_65856680"
                    TAGREFS="LT4318"
                    BASELINE="114 1402 1157 1389" 
                    HPOS="113"
                    VPOS="1341"
                    WIDTH="1044"
                    HEIGHT="85">
            <Shape><Polygon POINTS="114 1402 114 1426 230 1412 270 1423 272 1423 273 1423 345 1411 358 1421 359 1421 361 1421 362 1421 462 1412 517 1420 520 1420 522 1420 523 1420 524 1420 535 1411 577 1418 578 1418 580 1418 603 1408 643 1415 645 1415 721 1406 782 1415 783 1415 786 1415 983 1405 1154 1409 1157 1389 1155 1356 1134 1345 1133 1345 1131 1345 1081 1351 1041 1341 1039 1341 1038 1341 1036 1341 1035 1341 1012 1357 950 1357 928 1345 926 1345 925 1345 923 1345 922 1345 922 1347 911 1357 809 1359 773 1359 757 1345 755 1345 754 1345 694 1345 693 1345 691 1345 663 1360 661 1360 654 1360 529 1348 527 1348 455 1362 446 1363 443 1362 416 1350 414 1350 413 1350 364 1357 346 1350 345 1350 343 1350 258 1351 257 1351 227 1363 221 1366 205 1365 132 1353 130 1353 129 1353 127 1353 113 1360 114 1402"/></Shape>
	    <String CONTENT="ſiue virile, ſiue etiam muliebre periret. Ergo"
                    HPOS="113"
                    VPOS="1341"
                    WIDTH="1044"
                    HEIGHT="85"
                    WC="0.985868836226671"></String>
          </TextLine>

          
          
          <TextLine ID="eSc_line_88990b63"
                    TAGREFS="LT4318"
                    BASELINE="114 1458 1163 1450" 
                    HPOS="113"
                    VPOS="1403"
                    WIDTH="1050"
                    HEIGHT="73">
            <Shape><Polygon POINTS="114 1458 114 1476 599 1476 599 1475 630 1473 707 1466 770 1472 791 1473 792 1473 812 1472 873 1464 931 1470 944 1472 945 1472 1023 1470 1024 1470 1026 1470 1035 1463 1161 1469 1163 1450 1160 1403 1133 1403 1131 1403 1130 1403 1128 1403 1113 1417 1026 1417 981 1406 974 1405 972 1405 971 1405 969 1405 968 1406 956 1415 923 1406 911 1405 910 1405 908 1405 907 1405 904 1408 887 1418 761 1418 751 1411 748 1408 748 1406 746 1406 745 1406 661 1406 660 1406 658 1406 657 1406 648 1412 633 1421 459 1421 437 1415 411 1409 410 1409 408 1409 407 1409 385 1417 377 1420 373 1417 358 1409 356 1409 290 1409 288 1409 287 1409 285 1409 285 1411 276 1418 218 1411 217 1411 215 1411 214 1411 200 1420 197 1423 113 1423 114 1458"/></Shape>
	    <String CONTENT="prorſus ſalutis exortes videbantur. Sed contrà"
                    HPOS="113"
                    VPOS="1403"
                    WIDTH="1050"
                    HEIGHT="73"
                    WC="0.956858773180779"></String>
          </TextLine>

          
          
          <TextLine ID="eSc_line_544c58b5"
                    TAGREFS="LT4318"
                    BASELINE="114 1516 1160 1508" 
                    HPOS="113"
                    VPOS="1461"
                    WIDTH="1047"
                    HEIGHT="79">
            <Shape><Polygon POINTS="114 1516 114 1530 212 1540 214 1540 309 1528 321 1528 334 1528 461 1540 462 1540 464 1540 489 1531 614 1539 615 1539 617 1539 618 1539 632 1528 685 1537 687 1537 688 1537 718 1525 721 1525 829 1525 834 1525 908 1536 910 1536 911 1536 944 1525 1087 1530 1088 1530 1090 1530 1103 1524 1106 1522 1109 1524 1131 1531 1133 1531 1134 1531 1136 1531 1160 1522 1160 1508 1158 1475 1127 1461 1125 1461 1124 1461 1072 1473 1047 1461 1045 1461 1044 1461 1042 1461 1018 1473 942 1463 941 1463 939 1463 938 1463 938 1464 928 1473 925 1475 914 1473 850 1463 849 1463 847 1463 846 1463 829 1473 825 1476 614 1478 539 1472 471 1466 469 1466 468 1466 455 1472 434 1479 342 1470 301 1467 300 1467 298 1467 297 1467 292 1470 276 1481 233 1479 224 1470 223 1469 221 1469 220 1469 218 1469 113 1469 114 1516"/></Shape>
	    <String CONTENT="Paulus. Hanc ipſam pœnam tranſgreſſionis, &amp;"
                    HPOS="113"
                    VPOS="1461"
                    WIDTH="1047"
                    HEIGHT="79"
                    WC="0.991534640622693"></String>
          </TextLine>

          
          
          <TextLine ID="eSc_line_a06d0b97"
                    TAGREFS="LT4318"
                    BASELINE="113 1574 1161 1566" 
                    HPOS="113"
                    VPOS="1522"
                    WIDTH="1048"
                    HEIGHT="75">
            <Shape><Polygon POINTS="113 1574 113 1589 123 1597 124 1597 126 1597 127 1597 129 1597 144 1589 282 1597 284 1597 285 1597 312 1588 459 1595 461 1595 559 1586 633 1594 635 1594 636 1594 638 1594 651 1585 654 1585 673 1585 838 1591 840 1591 841 1591 843 1591 850 1585 852 1583 1161 1583 1161 1566 1157 1525 1090 1533 1058 1527 1039 1522 1038 1522 1014 1527 980 1534 962 1528 954 1525 953 1525 951 1525 926 1528 881 1534 868 1530 855 1524 853 1524 852 1524 850 1524 849 1524 841 1530 835 1536 684 1536 672 1533 648 1525 646 1525 645 1525 606 1534 587 1537 562 1534 501 1527 499 1527 498 1527 468 1536 458 1539 434 1537 356 1528 355 1528 295 1539 285 1540 282 1539 266 1530 264 1530 138 1530 136 1530 135 1530 120 1537 113 1574"/></Shape>
	    <String CONTENT="hanc in coniugio ſubiectionem mulierum docet"
                    HPOS="113"
                    VPOS="1522"
                    WIDTH="1048"
                    HEIGHT="75"></String>
          </TextLine>

          
          
          <TextLine ID="eSc_line_0b4dc47f"
                    TAGREFS="LT4318"
                    BASELINE="113 1634 1160 1624" 
                    HPOS="113"
                    VPOS="1580"
                    WIDTH="1047"
                    HEIGHT="76">
            <Shape><Polygon POINTS="113 1634 113 1646 260 1656 261 1656 263 1656 264 1656 276 1649 342 1655 343 1655 345 1655 346 1655 356 1646 441 1653 443 1653 502 1644 550 1653 551 1653 553 1653 572 1644 670 1652 672 1652 673 1652 697 1643 797 1649 798 1649 864 1640 990 1647 991 1647 1079 1640 1109 1647 1110 1647 1112 1647 1160 1635 1160 1624 1157 1591 1106 1580 1105 1580 1055 1589 1008 1583 1006 1583 971 1591 944 1582 942 1582 941 1582 939 1582 938 1582 928 1592 880 1592 855 1592 850 1592 710 1583 709 1583 538 1586 536 1586 514 1595 513 1595 466 1588 465 1588 464 1588 462 1588 449 1597 300 1597 288 1588 287 1588 285 1588 284 1588 120 1598 113 1634"/></Shape>
	    <String CONTENT="in ipſarum commodum &amp; ſalutem cedere mira"
                    HPOS="113"
                    VPOS="1580"
                    WIDTH="1047"
                    HEIGHT="76"
                    WC="0.987297627984024"></String>
          </TextLine>

          
          
          <TextLine ID="eSc_line_82823d7e"
                    TAGREFS="LT4318"
                    BASELINE="113 1695 1158 1683" 
                    HPOS="113"
                    VPOS="1638"
                    WIDTH="1045"
                    HEIGHT="79">
            <Shape><Polygon POINTS="113 1695 113 1708 147 1708 148 1708 159 1717 160 1717 162 1717 163 1717 223 1710 318 1714 319 1714 321 1714 322 1714 331 1707 333 1707 408 1714 410 1714 411 1714 413 1714 428 1705 434 1705 514 1713 516 1713 517 1713 545 1704 548 1704 554 1704 633 1713 635 1713 749 1710 751 1710 774 1701 777 1701 786 1701 867 1710 868 1710 910 1699 914 1699 925 1699 1024 1708 1026 1708 1027 1708 1048 1699 1110 1705 1112 1705 1157 1696 1158 1683 1154 1650 989 1650 971 1638 969 1638 968 1638 966 1638 965 1638 932 1647 904 1638 902 1638 901 1638 855 1640 853 1640 852 1640 837 1652 703 1641 701 1641 633 1655 632 1656 596 1656 556 1656 507 1643 505 1643 504 1643 502 1643 459 1656 242 1646 240 1646 239 1646 205 1659 142 1647 141 1647 139 1647 120 1656 113 1695"/></Shape>
	    <String CONTENT="Dei ſapientia nimirum, qui è tenebris lucem e¬"
                    HPOS="113"
                    VPOS="1638"
                    WIDTH="1045"
                    HEIGHT="79"
                    WC="0.965335891601887"></String>
          </TextLine>

          
          
          <TextLine ID="eSc_line_6d38fed8"
                    TAGREFS="LT4318"
                    BASELINE="114 1750 1165 1741" 
                    HPOS="113"
                    VPOS="1695"
                    WIDTH="1052"
                    HEIGHT="77">
            <Shape><Polygon POINTS="114 1750 114 1772 437 1771 438 1771 443 1769 464 1762 472 1769 474 1769 475 1769 477 1769 486 1769 539 1762 584 1768 600 1769 602 1769 629 1768 700 1760 1163 1760 1165 1741 1164 1708 1130 1695 1128 1695 1127 1695 1125 1695 1099 1707 1087 1699 1085 1699 1084 1699 1082 1699 944 1708 928 1696 926 1696 925 1696 923 1696 865 1705 819 1696 817 1696 816 1696 771 1710 716 1699 715 1699 638 1711 614 1701 612 1701 611 1701 609 1701 584 1710 533 1699 532 1699 530 1699 529 1699 513 1711 469 1699 468 1699 466 1699 465 1699 419 1713 348 1701 346 1701 272 1714 226 1702 224 1702 138 1702 136 1702 135 1702 133 1702 113 1714 114 1750"/></Shape>
	    <String CONTENT="duxit, vt eſt 2. Chorinth. 4. verſ. 6. Sic conuertit"
                    HPOS="113"
                    VPOS="1695"
                    WIDTH="1052"
                    HEIGHT="77"
                    WC="0.989617260602804"></String>
          </TextLine>

          
          
          <TextLine ID="eSc_line_fddb9235"
                    TAGREFS="LT4318"
                    BASELINE="113 1809 1158 1796" 
                    HPOS="113"
                    VPOS="1756"
                    WIDTH="1045"
                    HEIGHT="70">
            <Shape><Polygon POINTS="113 1809 113 1826 1157 1812 1158 1796 1155 1766 1049 1766 1024 1756 1023 1756 1021 1756 1020 1756 1018 1756 1002 1766 911 1760 910 1760 908 1760 878 1768 855 1760 853 1760 852 1760 754 1769 728 1757 727 1757 691 1757 690 1757 688 1757 654 1771 609 1760 608 1760 606 1760 566 1772 548 1760 547 1760 545 1760 496 1760 495 1760 493 1760 492 1760 492 1762 478 1772 426 1763 425 1763 380 1774 345 1762 343 1762 342 1762 208 1765 206 1765 187 1774 169 1765 168 1765 166 1765 118 1775 113 1809"/></Shape>
	    <String CONTENT="hoc ſuum in eas iudicium Dominus in earum i¬"
                    HPOS="113"
                    VPOS="1756"
                    WIDTH="1045"
                    HEIGHT="70"
                    WC="0.986028138886799"></String>
          </TextLine>

          
          
          <TextLine ID="eSc_line_e2e583ed"
                    TAGREFS="LT4318"
                    BASELINE="110 1869 1161 1856" 
                    HPOS="110"
                    VPOS="1806"
                    WIDTH="1051"
                    HEIGHT="88">
            <Shape><Polygon POINTS="110 1869 110 1894 364 1882 666 1887 667 1887 669 1887 704 1878 773 1878 782 1885 783 1885 785 1885 786 1885 889 1876 907 1884 908 1884 910 1884 1041 1882 1042 1882 1044 1882 1044 1881 1052 1873 1158 1881 1161 1856 1158 1820 1075 1806 1073 1806 1072 1806 1048 1818 1018 1809 1017 1809 980 1809 978 1809 977 1809 975 1809 975 1811 963 1821 910 1821 887 1811 886 1811 884 1811 883 1811 881 1811 881 1812 870 1823 834 1823 809 1823 807 1823 765 1815 764 1815 715 1823 699 1812 697 1812 696 1812 694 1812 693 1812 691 1812 672 1824 670 1826 652 1826 649 1826 636 1814 636 1812 635 1812 633 1812 632 1812 571 1824 547 1815 545 1815 544 1815 455 1823 444 1815 443 1815 441 1815 342 1815 340 1815 339 1815 337 1815 318 1829 316 1830 269 1830 264 1830 229 1817 227 1817 226 1817 224 1817 194 1826 151 1818 150 1818 148 1818 118 1829 110 1869"/></Shape>
	    <String CONTENT="pſarũ conſolationẽ &amp; ſalutis viam, dum hãc ſub¬"
                    HPOS="110"
                    VPOS="1806"
                    WIDTH="1051"
                    HEIGHT="88"
                    WC="0.989899250268936"></String>
          </TextLine>

          
          
          <TextLine ID="eSc_line_ed0743c1"
                    TAGREFS="LT4318"
                    BASELINE="110 1925 1164 1914" 
                    HPOS="110"
                    VPOS="1875"
                    WIDTH="1054"
                    HEIGHT="73">
            <Shape><Polygon POINTS="110 1925 110 1940 239 1948 240 1948 284 1940 633 1943 635 1943 636 1943 657 1936 658 1936 664 1936 765 1942 767 1942 1163 1930 1164 1914 1161 1882 1011 1876 1009 1876 871 1884 853 1875 852 1875 850 1875 789 1884 768 1875 767 1875 765 1875 764 1875 734 1885 660 1879 658 1879 585 1887 538 1876 536 1876 464 1884 414 1878 413 1878 411 1878 367 1890 364 1890 362 1890 322 1879 321 1879 319 1879 251 1890 150 1881 148 1881 147 1881 117 1890 110 1925"/></Shape>
	    <String CONTENT="iectionem erga maritos vocationem earum pro¬"
                    HPOS="110"
                    VPOS="1875"
                    WIDTH="1054"
                    HEIGHT="73"
                    WC="0.987443833188577"></String>
          </TextLine>

          
          
          <TextLine ID="eSc_line_bcc0f0fc"
                    TAGREFS="LT4318"
                    BASELINE="111 1985 1163 1973" 
                    HPOS="110"
                    VPOS="1927"
                    WIDTH="1053"
                    HEIGHT="85">
            <Shape><Polygon POINTS="111 1985 113 2012 151 2001 221 2001 234 2010 236 2010 237 2010 239 2010 240 2010 242 2010 242 2009 254 2000 330 2006 331 2006 420 1998 468 2004 490 2007 492 2007 493 2007 495 2007 495 2006 498 2004 505 1997 520 2004 526 2006 527 2006 529 2007 599 2007 599 2006 600 2006 602 2006 608 2001 617 1997 624 2001 633 2006 635 2006 636 2006 638 2006 654 2001 664 1998 728 2000 892 2003 893 2003 1161 1989 1163 1973 1160 1939 1042 1927 1041 1927 1039 1927 1017 1939 996 1928 994 1928 993 1928 898 1940 820 1930 819 1930 817 1930 798 1940 639 1931 638 1931 636 1931 635 1931 635 1933 623 1945 533 1945 508 1933 507 1933 505 1933 428 1936 426 1936 425 1936 413 1945 287 1936 285 1936 284 1936 282 1936 282 1937 270 1948 240 1948 163 1937 162 1937 110 1949 111 1985"/></Shape>
	    <String CONTENT="priam eſſe ſtatuit. In quo illud primum eſt obſer¬"
                    HPOS="110"
                    VPOS="1927"
                    WIDTH="1053"
                    HEIGHT="85"
                    WC="0.971744487285614"></String>
          </TextLine>

          
          
          <TextLine ID="eSc_line_54bacb73"
                    TAGREFS="LT4318"
                    BASELINE="111 2041 1163 2033" 
                    HPOS="110"
                    VPOS="1989"
                    WIDTH="1053"
                    HEIGHT="69">
            <Shape><Polygon POINTS="111 2041 111 2056 984 2058 986 2058 1163 2047 1163 2033 1160 2000 1017 1989 1015 1989 951 1997 850 1991 849 1991 847 1991 809 2001 649 1992 648 1992 562 2003 461 1994 459 1994 458 1994 417 2006 254 2006 200 1997 199 1997 197 1997 196 1997 181 2007 110 2007 111 2041"/></Shape>
	    <String CONTENT="uandum vocem διὰ non denotare hoc loco cau¬"
                    HPOS="110"
                    VPOS="1989"
                    WIDTH="1053"
                    HEIGHT="69"></String>
          </TextLine>

          
          
          <TextLine ID="eSc_line_a872c6ab"
                    TAGREFS="LT4318"
                    BASELINE="108 2098 1161 2095" 
                    HPOS="107"
                    VPOS="2047"
                    WIDTH="1054"
                    HEIGHT="70">
            <Shape><Polygon POINTS="108 2098 108 2117 1160 2113 1161 2095 1158 2056 1107 2049 1106 2049 1049 2056 1039 2056 1036 2056 1017 2047 1015 2047 1014 2047 1012 2047 993 2056 990 2056 989 2056 972 2049 971 2049 969 2049 916 2056 905 2056 895 2056 820 2047 819 2047 777 2056 773 2056 771 2056 759 2047 758 2047 757 2047 646 2047 645 2047 643 2047 642 2047 632 2056 627 2058 605 2056 542 2049 489 2049 487 2049 486 2049 484 2049 477 2056 474 2059 288 2059 285 2056 278 2049 276 2049 275 2049 273 2049 242 2056 230 2058 206 2056 142 2049 141 2049 107 2055 108 2098"/></Shape>
	    <String CONTENT="ſam efficientem: ſed mediam tantùm, per quam,"
                    HPOS="107"
                    VPOS="2047"
                    WIDTH="1054"
                    HEIGHT="70"
                    WC="0.996262083882871"></String>
          </TextLine>

          
          
          <TextLine ID="eSc_line_fffc2d7b"
                    TAGREFS="LT4318"
                    BASELINE="108 2157 1163 2153" 
                    HPOS="107"
                    VPOS="2108"
                    WIDTH="1056"
                    HEIGHT="91">
            <Shape><Polygon POINTS="108 2157 108 2193 157 2199 159 2199 160 2199 172 2195 188 2186 282 2181 298 2195 303 2199 304 2199 306 2199 307 2199 483 2198 484 2198 486 2198 490 2195 507 2184 544 2192 545 2192 609 2180 687 2180 713 2192 715 2192 716 2192 788 2180 843 2193 844 2193 846 2193 847 2193 892 2178 947 2178 1017 2181 1038 2195 1039 2196 1041 2196 1042 2196 1044 2196 1061 2195 1130 2189 1160 2195 1163 2153 1161 2122 1137 2108 1136 2108 1076 2108 1075 2108 1073 2108 1072 2108 1057 2119 1021 2108 1020 2108 1018 2108 1017 2108 993 2122 954 2122 810 2108 809 2108 807 2108 765 2122 719 2110 718 2110 657 2110 655 2110 654 2110 652 2110 652 2111 639 2123 620 2123 594 2110 593 2110 469 2110 468 2110 466 2110 465 2110 446 2123 414 2111 413 2111 411 2111 410 2111 383 2123 382 2125 107 2125 108 2157"/></Shape>
	    <String CONTENT="tanquam per iter à Deo demonſtratum, eſt illis"
                    HPOS="107"
                    VPOS="2108"
                    WIDTH="1056"
                    HEIGHT="91"
                    WC="0.951157392339503"></String>
          </TextLine>

          
        </TextBlock>
        

        
      </PrintSpace>
    </Page>
  </Layout>
</alto>
