<?xml version="1.0" encoding="UTF-8"?>
<alto xmlns:xsi="http://www.w3.org/2001/XMLSchema-instance"
      xmlns="http://www.loc.gov/standards/alto/ns-v4#"
      xsi:schemaLocation="http://www.loc.gov/standards/alto/ns-v4# http://www.loc.gov/standards/alto/v4/alto-4-2.xsd">
  <Description>
    <MeasurementUnit>pixel</MeasurementUnit>
    <sourceImageInformation>
      <fileName>2013002.png</fileName>
      
    </sourceImageInformation>
  </Description>
  
  <Tags>
    <OtherTag ID="BT10983" LABEL="GraphicZone" DESCRIPTION="block type GraphicZone"/><OtherTag ID="BT10982" LABEL="DropCapitalZone" DESCRIPTION="block type DropCapitalZone"/><OtherTag ID="BT10981" LABEL="RunningTitleZone" DESCRIPTION="block type RunningTitleZone"/><OtherTag ID="BT10980" LABEL="NumberingZone" DESCRIPTION="block type NumberingZone"/><OtherTag ID="BT10979" LABEL="TitlePageZone" DESCRIPTION="block type TitlePageZone"/><OtherTag ID="BT10978" LABEL="QuireMarksZone" DESCRIPTION="block type QuireMarksZone"/><OtherTag ID="BT10977" LABEL="MainZone" DESCRIPTION="block type MainZone"/><OtherTag ID="BT10976" LABEL="MarginTextZone" DESCRIPTION="block type MarginTextZone"/>
    <OtherTag ID="LT4321" LABEL="default" DESCRIPTION="line type default"/><OtherTag ID="LT4319" LABEL="HeadingLine" DESCRIPTION="line type HeadingLine"/><OtherTag ID="LT4318" LABEL="DefaultLine" DESCRIPTION="line type DefaultLine"/><OtherTag ID="LT4320" LABEL="CustomLine : BiblicalText" DESCRIPTION="line type CustomLine : BiblicalText"/>
  </Tags>
  
  <Layout>
    <Page WIDTH="1807"
          HEIGHT="2677"
          PHYSICAL_IMG_NR="49"
          ID="eSc_dummypage_">
      <PrintSpace HPOS="0"
                  VPOS="0"
                  WIDTH="1807"
                  HEIGHT="2677">
        
        <TextBlock HPOS="640.1090087890625"
                   VPOS="147.83694458007812"
                   WIDTH="83.75201416015625"
                   HEIGHT="52.37617492675781"
                   ID="block_0"
                   TAGREFS="BT10980">
          <Shape><Polygon POINTS="640.109 147.837 723.861 147.837 723.861 200.213 640.109 200.213 640.109 147.837"/></Shape>
          
          
          <TextLine ID="eSc_line_ea95a27e"
                    TAGREFS="LT4318"
                    BASELINE="649 185 724 181" 
                    HPOS="645"
                    VPOS="130"
                    WIDTH="79"
                    HEIGHT="75">
            <Shape><Polygon POINTS="645 133 649 185 651 205 724 187 724 181 719 130 655 130 645 133"/></Shape>
	    <String CONTENT="90"
                    HPOS="645"
                    VPOS="130"
                    WIDTH="79"
                    HEIGHT="75"
                    WC="0.999974250793457"></String>
          </TextLine>

          
        </TextBlock>
        
        <TextBlock HPOS="836.3950805664062"
                   VPOS="130.8873748779297"
                   WIDTH="704.4622192382812"
                   HEIGHT="67.65357971191406"
                   ID="block_1"
                   TAGREFS="BT10981">
          <Shape><Polygon POINTS="836.395 130.887 1540.86 130.887 1540.86 198.541 836.395 198.541 836.395 130.887"/></Shape>
          
          
          <TextLine ID="eSc_line_f9514449"
                    TAGREFS="LT4319"
                    BASELINE="841 178 1525 184" 
                    HPOS="840"
                    VPOS="129"
                    WIDTH="685"
                    HEIGHT="77">
            <Shape><Polygon POINTS="1467 145 1467 144 1456 135 1451 135 1436 133 1421 133 1406 133 1392 133 1387 133 1386 133 1384 133 1363 144 1362 144 1344 142 1231 135 1229 135 1191 142 1185 142 1183 142 1170 132 1168 132 1167 132 1165 132 1133 138 1124 130 1122 130 1121 130 1119 130 1024 141 1014 141 1009 141 971 129 969 129 968 129 966 129 936 139 935 139 933 139 881 129 880 129 878 129 841 138 841 178 840 187 902 202 904 202 905 202 933 190 965 190 966 190 980 202 981 202 983 202 984 202 986 202 1026 191 1027 191 1045 203 1047 203 1048 203 1049 203 1146 194 1152 194 1157 194 1207 205 1209 205 1210 205 1212 205 1222 196 1226 193 1267 193 1271 197 1282 205 1283 205 1284 205 1286 205 1287 205 1308 197 1320 194 1381 194 1392 200 1400 206 1402 206 1403 206 1405 206 1524 202 1525 184 1522 151 1512 145"/></Shape>
	    <String CONTENT="AD I. PAVL. AD TIM."
                    HPOS="840"
                    VPOS="129"
                    WIDTH="685"
                    HEIGHT="77"
                    WC="0.969803188976489"></String>
          </TextLine>

          
        </TextBlock>
        
        <TextBlock HPOS="616.1841430664062"
                   VPOS="212.19325256347656"
                   WIDTH="1066.4124145507812"
                   HEIGHT="1939.8670501708984"
                   ID="block_3"
                   TAGREFS="BT10977">
          <Shape><Polygon POINTS="616.184 212.193 1682.6 212.193 1682.6 2152.06 616.184 2152.06 616.184 212.193"/></Shape>
          
          
          <TextLine ID="eSc_line_b9fb0296"
                    TAGREFS="LT4318"
                    BASELINE="636 251 1679 255" 
                    HPOS="636"
                    VPOS="203"
                    WIDTH="1043"
                    HEIGHT="78">
            <Shape><Polygon POINTS="1676 221 1661 218 1646 215 1631 212 1616 208 1610 206 1580 217 1577 217 1467 208 1466 208 1464 208 1432 217 1430 217 1429 217 1409 206 1408 206 1406 206 1405 206 1374 215 1299 205 1100 205 1099 205 1097 205 1096 205 1096 206 1085 215 1084 215 914 215 913 214 893 203 892 203 890 203 889 203 867 214 867 215 806 215 804 214 792 203 791 203 789 203 788 203 734 214 728 214 636 214 636 251 636 276 688 267 704 276 707 278 709 278 710 279 749 279 749 278 751 278 752 278 754 276 762 269 789 276 801 278 803 278 804 278 806 278 809 275 817 267 880 266 898 275 905 278 907 278 908 279 957 279 957 278 959 278 966 275 984 266 1000 273 1012 279 1014 279 1015 279 1041 273 1067 267 1283 267 1299 272 1334 281 1335 281 1337 281 1395 270 1406 269 1408 270 1423 281 1424 281 1426 281 1427 281 1429 281 1458 272 1467 281 1469 281 1470 281 1472 281 1473 281 1475 281 1488 272 1576 281 1577 281 1579 281 1580 281 1580 279 1592 269 1677 267 1679 255 1677 221 1676 221"/></Shape>
	    <String CONTENT="pergẽdum &amp; progrediendũ. In quo peccant Pa¬"
                    HPOS="636"
                    VPOS="203"
                    WIDTH="1043"
                    HEIGHT="78"
                    WC="0.973955627282461"></String>
          </TextLine>

          
          
          <TextLine ID="eSc_line_18fe6f99"
                    TAGREFS="LT4318"
                    BASELINE="635 312 1679 315" 
                    HPOS="635"
                    VPOS="263"
                    WIDTH="1044"
                    HEIGHT="77">
            <Shape><Polygon POINTS="635 312 635 337 795 331 834 337 843 339 844 339 846 339 850 337 870 331 913 337 925 339 926 339 928 339 929 339 931 337 945 328 980 328 990 337 991 337 991 339 993 339 994 339 996 339 1003 337 1042 328 1154 328 1167 337 1170 340 1171 340 1173 340 1174 340 1176 340 1186 337 1213 330 1262 337 1286 340 1287 340 1311 337 1360 330 1426 330 1436 337 1439 340 1441 340 1442 340 1444 340 1445 340 1457 337 1481 330 1524 337 1549 340 1551 340 1677 336 1679 315 1677 264 1615 264 1613 264 1612 264 1579 276 1512 266 1503 264 1502 264 1500 264 1499 264 1499 266 1484 276 1408 266 1389 264 1387 264 1386 264 1380 267 1354 276 1298 267 1274 264 1273 264 1271 264 1264 267 1246 278 1203 278 1192 269 1188 264 1186 264 1185 264 1155 263 1154 263 1152 263 1136 269 1119 276 905 276 899 272 887 263 886 263 884 263 765 263 764 263 762 263 731 273 727 275 724 273 707 263 706 263 704 263 672 263 670 263 669 263 635 273 635 312"/></Shape>
	    <String CONTENT="piſtæ &amp; Pelagiani, omnéſque Operiſtæ, &amp; quidẽ"
                    HPOS="635"
                    VPOS="263"
                    WIDTH="1044"
                    HEIGHT="77"
                    WC="0.988060228368069"></String>
          </TextLine>

          
          
          <TextLine ID="eSc_line_517f5fec"
                    TAGREFS="LT4318"
                    BASELINE="635 367 1680 370" 
                    HPOS="635"
                    VPOS="325"
                    WIDTH="1045"
                    HEIGHT="72">
            <Shape><Polygon POINTS="635 367 635 392 721 386 742 394 748 395 749 395 751 395 762 394 791 386 801 394 804 395 806 395 807 395 809 397 931 397 931 395 932 395 933 395 935 394 944 386 987 386 1061 394 1069 394 1070 394 1078 394 1149 386 1161 394 1165 397 1167 397 1168 397 1170 397 1171 397 1173 397 1177 394 1188 388 1258 394 1280 395 1282 395 1283 395 1289 394 1310 388 1325 394 1331 397 1332 397 1334 397 1350 394 1380 388 1403 394 1414 397 1415 397 1417 397 1418 397 1426 394 1445 388 1473 394 1488 397 1490 397 1512 394 1561 388 1582 394 1589 397 1591 397 1592 397 1594 397 1604 394 1631 388 1677 394 1680 370 1679 340 1616 331 1615 331 1531 339 1522 339 1521 339 1499 327 1497 327 1496 327 1417 337 1403 340 1345 340 1340 337 1313 327 1311 327 1310 327 1243 336 1222 339 1167 339 1164 336 1149 325 1148 325 1146 325 1145 325 1081 336 1066 337 1058 336 1030 325 1029 325 929 325 928 325 926 325 910 334 902 337 886 334 853 327 852 327 819 333 798 337 635 333 635 367"/></Shape>
	    <String CONTENT="grauiter, qui ſalutis noſtræ cauſas in noſtris ope¬"
                    HPOS="635"
                    VPOS="325"
                    WIDTH="1045"
                    HEIGHT="72"
                    WC="0.974350441904629"></String>
          </TextLine>

          
          
          <TextLine ID="eSc_line_92a78d82"
                    TAGREFS="LT4318"
                    BASELINE="630 425 1680 429" 
                    HPOS="629"
                    VPOS="380"
                    WIDTH="1051"
                    HEIGHT="78">
            <Shape><Polygon POINTS="630 425 629 443 707 453 709 453 754 444 771 453 773 453 774 453 828 452 829 452 831 452 841 444 843 443 847 444 883 453 884 453 886 453 887 453 889 453 904 444 907 443 953 443 956 444 978 453 980 453 981 453 1049 444 1051 444 1061 453 1063 453 1064 453 1107 455 1109 455 1167 444 1170 444 1173 444 1249 455 1250 455 1252 455 1253 455 1268 444 1270 444 1301 444 1302 444 1329 456 1331 456 1332 458 1384 458 1384 456 1386 456 1409 446 1442 456 1444 456 1445 458 1627 458 1627 456 1679 444 1680 429 1680 395 1646 383 1644 383 1643 383 1641 383 1619 395 1579 383 1577 383 1576 383 1574 383 1542 395 1542 397 1444 397 1442 395 1415 383 1414 383 1412 383 1345 392 1323 382 1322 382 1320 382 1216 394 1215 394 1213 394 1167 382 1165 382 1103 382 1102 382 1100 382 1075 394 1073 395 1018 395 1015 394 980 380 978 380 977 380 916 392 916 394 812 394 810 392 800 385 798 385 797 385 795 385 745 392 740 392 737 392 699 380 697 380 696 380 630 391 630 425"/></Shape>
	    <String CONTENT="ribus quærunt &amp; conſtituunt. Quid enim de vi¬"
                    HPOS="629"
                    VPOS="380"
                    WIDTH="1051"
                    HEIGHT="78"
                    WC="0.980694083372752"></String>
          </TextLine>

          
          
          <TextLine ID="eSc_line_cfd1978e"
                    TAGREFS="LT4318"
                    BASELINE="632 484 1677 490" 
                    HPOS="632"
                    VPOS="440"
                    WIDTH="1045"
                    HEIGHT="76">
            <Shape><Polygon POINTS="632 484 632 508 676 502 688 508 691 511 693 511 694 511 696 513 746 513 746 511 748 511 749 511 752 508 757 504 771 508 780 511 782 511 783 511 785 511 786 511 789 508 797 502 852 502 972 502 987 508 1002 513 1003 513 1005 513 1006 513 1021 508 1035 504 1072 508 1118 513 1119 513 1121 513 1140 507 1154 504 1160 507 1167 513 1168 513 1170 513 1317 514 1319 514 1320 514 1322 514 1334 507 1338 505 1383 505 1402 507 1482 516 1484 516 1676 505 1677 490 1677 455 1641 444 1640 444 1638 444 1570 452 1560 444 1558 444 1557 444 1555 444 1554 444 1537 452 1514 446 1512 446 1511 446 1439 453 1430 453 1429 453 1418 444 1418 443 1417 443 1415 443 1414 443 1322 452 1317 453 1270 453 1268 452 1256 443 1255 443 1253 443 1252 443 1250 443 1249 443 1235 452 1229 452 1171 444 1170 444 1124 450 1113 443 1112 443 1110 443 1109 443 1107 443 1106 443 1096 450 1073 441 1072 441 1070 441 1069 441 1067 441 1060 447 1052 441 1051 441 1049 441 1048 441 960 450 954 450 953 450 941 441 939 441 938 441 892 441 890 441 838 449 826 440 825 440 823 440 822 440 820 440 783 449 782 450 719 450 718 449 709 440 707 440 706 440 704 440 632 447 632 484"/></Shape>
	    <String CONTENT="duis, quæ nullos liberos vnquam ſuſceperunt: de"
                    HPOS="632"
                    VPOS="440"
                    WIDTH="1045"
                    HEIGHT="76"
                    WC="0.99543054053124"></String>
          </TextLine>

          
          
          <TextLine ID="eSc_line_50fbf66a"
                    TAGREFS="LT4318"
                    BASELINE="635 542 1676 551" 
                    HPOS="633"
                    VPOS="498"
                    WIDTH="1043"
                    HEIGHT="77">
            <Shape><Polygon POINTS="635 542 633 556 685 568 687 568 797 559 804 559 807 559 850 569 852 569 960 562 981 560 1027 560 1029 562 1039 571 1041 571 1042 571 1044 571 1078 563 1085 562 1097 563 1155 572 1157 574 1316 574 1316 572 1317 572 1338 566 1347 565 1368 568 1409 572 1411 572 1433 568 1451 565 1470 569 1503 575 1505 575 1531 569 1545 566 1558 569 1576 575 1577 575 1579 575 1580 575 1598 571 1616 566 1673 571 1676 551 1676 516 1655 505 1653 505 1521 505 1519 505 1518 505 1502 513 1472 505 1470 505 1469 505 1467 505 1438 513 1436 513 1433 513 1400 504 1399 504 1398 504 1307 510 1295 502 1293 502 1292 502 1290 502 1289 502 1258 511 1253 511 1225 510 1085 502 1084 502 1082 502 1064 508 1058 510 914 510 907 507 887 499 886 499 884 499 853 505 841 508 831 505 809 498 807 498 806 498 774 505 765 507 758 505 737 498 736 498 734 498 733 498 718 504 712 507 700 504 676 498 675 498 673 498 672 498 670 498 661 504 655 507 635 504 635 542"/></Shape>
	    <String CONTENT="virginibus, &amp; iis etiam quæ cùm ſint coniuges,"
                    HPOS="633"
                    VPOS="498"
                    WIDTH="1043"
                    HEIGHT="77"
                    WC="0.991752394970427"></String>
          </TextLine>

          
          
          <TextLine ID="eSc_line_8fe957d1"
                    TAGREFS="LT4318"
                    BASELINE="627 600 1674 605" 
                    HPOS="627"
                    VPOS="557"
                    WIDTH="1047"
                    HEIGHT="73">
            <Shape><Polygon POINTS="627 600 627 626 947 618 1008 629 1015 629 1017 629 1018 629 1021 629 1051 620 1082 629 1085 629 1087 629 1088 629 1102 629 1222 620 1244 629 1246 629 1496 630 1497 630 1503 630 1567 621 1618 630 1621 630 1622 630 1624 630 1641 621 1670 630 1674 605 1671 562 1493 569 1476 562 1472 560 1470 560 1469 560 1456 562 1418 568 1383 562 1368 560 1366 560 1365 560 1356 562 1328 569 1273 563 1235 559 1234 559 1232 559 1222 563 1213 568 989 568 962 565 935 560 933 560 877 565 849 566 844 565 835 557 834 557 832 557 831 557 746 565 727 566 721 565 696 557 694 557 693 557 691 557 690 557 681 565 679 566 627 566 627 600"/></Shape>
	    <String CONTENT="nullos liberos tamen pepererunt, futurum eſſet"
                    HPOS="627"
                    VPOS="557"
                    WIDTH="1047"
                    HEIGHT="73"
                    WC="0.979734459648962"></String>
          </TextLine>

          
          
          <TextLine ID="eSc_line_18293c4a"
                    TAGREFS="LT4318"
                    BASELINE="638 663 1673 664" 
                    HPOS="636"
                    VPOS="620"
                    WIDTH="1037"
                    HEIGHT="67">
            <Shape><Polygon POINTS="636 678 1670 687 1673 664 1671 623 638 620 638 663"/></Shape>
	    <String CONTENT="(vt rectè hoc loco Chryſoſtom. animaduertit) ſi"
                    HPOS="636"
                    VPOS="620"
                    WIDTH="1037"
                    HEIGHT="67"
                    WC="0.986376725137234"></String>
          </TextLine>

          
          
          <TextLine ID="eSc_line_8efde87c"
                    TAGREFS="LT4318"
                    BASELINE="629 716 1676 724" 
                    HPOS="627"
                    VPOS="672"
                    WIDTH="1049"
                    HEIGHT="76">
            <Shape><Polygon POINTS="629 716 627 731 704 743 706 743 829 737 942 745 944 745 945 745 947 745 959 736 962 736 1029 736 1032 737 1038 743 1039 743 1041 743 1042 743 1097 739 1110 737 1112 739 1124 746 1125 746 1127 746 1128 746 1201 739 1228 737 1249 740 1299 748 1301 748 1396 742 1454 739 1673 745 1676 724 1676 685 1659 678 1658 678 1656 678 1615 687 1604 688 1601 687 1591 678 1589 678 1588 678 1586 678 1365 684 1345 676 1344 676 1342 676 1276 685 1259 687 1243 685 1179 675 1177 675 1176 675 1155 684 1152 687 1049 687 1045 684 1015 673 1014 673 1012 673 890 684 878 684 875 684 840 672 838 672 837 672 709 682 706 682 690 672 688 672 687 672 646 672 645 672 643 672 642 672 629 679 629 716"/></Shape>
	    <String CONTENT="ſalus mulierum ἑκ τεκνογονίας tota pendet? Certè"
                    HPOS="627"
                    VPOS="672"
                    WIDTH="1049"
                    HEIGHT="76"></String>
          </TextLine>

          
          
          <TextLine ID="eSc_line_2f74435a"
                    TAGREFS="LT4318"
                    BASELINE="629 777 1676 783" 
                    HPOS="629"
                    VPOS="731"
                    WIDTH="1047"
                    HEIGHT="75">
            <Shape><Polygon POINTS="629 777 629 798 789 794 798 798 801 801 803 801 804 801 969 803 971 803 1038 798 1088 795 1100 798 1116 803 1118 803 1119 803 1163 798 1179 797 1194 798 1241 804 1243 804 1244 804 1256 798 1259 797 1307 798 1514 806 1515 806 1516 806 1548 798 1607 806 1609 806 1674 797 1676 783 1676 749 1644 736 1643 736 1641 736 1543 746 1528 748 1524 746 1502 736 1500 736 1499 736 1436 743 1406 734 1405 734 1403 734 1402 734 1383 743 1378 748 1250 748 1216 740 1183 736 1182 736 1149 740 1121 743 1113 739 1107 734 1106 734 1105 734 1103 734 1047 737 947 745 908 736 889 731 887 731 870 734 832 743 817 734 815 731 813 731 812 731 810 731 783 733 710 740 629 731 629 777"/></Shape>
	    <String CONTENT="ſaluæ non fierent. Sed &amp; Thomas Aquinas hîc"
                    HPOS="629"
                    VPOS="731"
                    WIDTH="1047"
                    HEIGHT="75"
                    WC="0.988741324706511"></String>
          </TextLine>

          
          
          <TextLine ID="eSc_line_1c9ece92"
                    TAGREFS="LT4318"
                    BASELINE="629 834 1670 840" 
                    HPOS="627"
                    VPOS="792"
                    WIDTH="1043"
                    HEIGHT="73">
            <Shape><Polygon POINTS="629 834 627 850 673 861 675 861 676 861 693 853 712 861 713 861 715 861 825 853 840 853 841 853 849 861 850 861 852 861 853 861 1000 856 1064 855 1070 858 1079 862 1081 862 1271 864 1273 864 1274 864 1286 861 1302 856 1326 861 1342 864 1344 864 1345 864 1353 861 1369 856 1409 862 1432 865 1433 865 1453 862 1488 858 1667 865 1670 840 1668 810 1531 810 1527 807 1509 801 1508 801 1506 801 1475 807 1467 809 1464 807 1453 797 1451 797 1450 797 1448 797 1362 806 1347 807 1344 806 1331 795 1329 795 1328 795 1326 795 1325 795 1302 806 1296 809 1219 809 1215 804 1203 795 1201 795 1200 795 1198 795 1197 795 1167 804 1164 804 1151 794 1149 794 1148 794 1119 794 1118 794 1116 794 1115 794 1105 803 1102 806 1090 803 1066 797 1064 797 1063 797 1030 803 1011 806 1006 801 997 795 997 794 996 794 994 794 993 794 991 794 975 801 968 804 951 801 913 794 911 794 910 794 887 801 883 801 873 800 810 792 809 792 807 792 806 792 795 800 786 806 742 806 730 798 715 792 713 792 712 792 629 797 629 834"/></Shape>
	    <String CONTENT="delirat, dum laudes virginitatis &amp; celibatus cum"
                    HPOS="627"
                    VPOS="792"
                    WIDTH="1043"
                    HEIGHT="73"
                    WC="0.972387344886859"></String>
          </TextLine>

          
          
          <TextLine ID="eSc_line_645efd9b"
                    TAGREFS="LT4318"
                    BASELINE="627 895 1671 902" 
                    HPOS="626"
                    VPOS="846"
                    WIDTH="1045"
                    HEIGHT="73">
            <Shape><Polygon POINTS="627 895 626 908 835 919 837 919 1670 916 1671 902 1670 868 1621 867 1600 853 1598 853 1597 853 1595 853 1536 855 1534 855 1516 864 1511 867 1380 867 1371 861 1356 853 1354 853 1353 853 1351 853 1350 853 1340 861 1331 865 1299 859 1271 855 1270 855 1250 858 1226 864 1219 858 1213 853 1212 853 1210 853 1163 852 1161 852 1131 856 1078 864 1047 855 1045 855 1044 855 1042 855 1041 855 1032 864 966 864 951 852 948 849 947 849 945 849 944 849 914 852 861 856 838 850 829 847 828 847 826 847 825 847 817 849 797 855 627 846 627 895"/></Shape>
	    <String CONTENT="hoc Pauli dicto conciliare, &amp; placare nititur,"
                    HPOS="626"
                    VPOS="846"
                    WIDTH="1045"
                    HEIGHT="73"
                    WC="0.990501072095788"></String>
          </TextLine>

          
          
          <TextLine ID="eSc_line_bad54249"
                    TAGREFS="LT4318"
                    BASELINE="629 950 1670 957" 
                    HPOS="627"
                    VPOS="905"
                    WIDTH="1043"
                    HEIGHT="79">
            <Shape><Polygon POINTS="629 950 627 966 646 978 648 978 649 978 737 969 767 978 768 978 770 978 771 978 798 969 810 978 812 978 813 978 815 978 867 971 877 978 878 978 880 978 881 978 948 971 960 980 962 980 963 980 965 981 1066 981 1066 980 1067 980 1084 972 1122 972 1124 972 1136 981 1137 981 1139 981 1140 981 1188 974 1195 972 1198 974 1218 981 1219 981 1221 981 1283 974 1293 974 1356 974 1359 975 1368 983 1369 983 1371 983 1372 983 1374 983 1402 975 1409 974 1412 975 1420 983 1421 983 1423 983 1424 983 1457 977 1464 975 1472 977 1503 984 1505 984 1506 984 1508 984 1509 984 1519 977 1524 975 1585 975 1591 978 1600 984 1601 984 1603 984 1604 984 1668 978 1670 957 1668 920 1558 911 1557 911 1555 911 1554 911 1543 919 1534 923 1417 923 1412 919 1406 913 1405 913 1403 913 1345 910 1344 910 1342 910 1341 910 1331 917 1326 920 1305 917 1250 910 1249 910 1216 917 1200 920 1186 917 1157 908 1155 908 1154 908 1107 916 1093 919 1087 916 1069 908 1067 908 1066 908 1033 916 1020 919 1014 916 997 907 996 907 994 907 993 907 962 916 947 919 931 916 890 907 889 907 810 914 779 917 774 914 759 905 758 905 757 905 755 905 754 905 727 914 716 917 704 914 685 908 684 908 682 908 629 913 629 950"/></Shape>
	    <String CONTENT="quod cum illis apertè &amp; perpiſcuè pugnat. Ergo"
                    HPOS="627"
                    VPOS="905"
                    WIDTH="1043"
                    HEIGHT="79"
                    WC="0.994190229723851"></String>
          </TextLine>

          
          
          <TextLine ID="eSc_line_d0899ba9"
                    TAGREFS="LT4318"
                    BASELINE="624 1011 1668 1018" 
                    HPOS="623"
                    VPOS="966"
                    WIDTH="1045"
                    HEIGHT="69">
            <Shape><Polygon POINTS="623 1024 642 1033 643 1033 645 1033 812 1027 831 1035 832 1035 834 1035 1667 1032 1668 1018 1668 974 1641 972 1640 972 1638 972 1637 972 1637 974 1627 983 1600 975 1598 975 1597 975 1595 975 1594 975 1585 984 1473 984 1457 972 1457 971 1456 971 1454 971 1453 971 1451 971 1450 971 1433 981 1405 971 1403 971 1402 971 1400 971 1396 971 1354 980 1329 971 1328 971 1326 971 1325 971 1323 971 1311 981 1290 974 1289 974 1287 974 1249 981 1203 981 1182 969 1180 969 1179 969 1177 969 1176 969 1174 969 1142 980 1106 971 1105 971 1103 971 1102 971 1100 971 1088 981 1042 981 969 968 963 968 962 968 960 968 959 968 939 975 889 969 887 969 886 969 867 978 835 968 832 966 831 966 829 966 812 968 710 975 696 966 694 966 693 966 691 966 688 966 657 974 626 966 624 1011 623 1024"/></Shape>
	    <String CONTENT="hîc vocatio &amp; munus mulierum deſcribitur etiã"
                    HPOS="623"
                    VPOS="966"
                    WIDTH="1045"
                    HEIGHT="69"
                    WC="0.975782457818376"></String>
          </TextLine>

          
          
          <TextLine ID="eSc_line_1aa79c0a"
                    TAGREFS="LT4318"
                    BASELINE="626 1069 1671 1076" 
                    HPOS="624"
                    VPOS="1023"
                    WIDTH="1047"
                    HEIGHT="76">
            <Shape><Polygon POINTS="626 1069 624 1085 636 1093 638 1093 639 1093 641 1093 815 1087 828 1087 835 1087 896 1094 898 1094 1003 1090 1038 1088 1039 1090 1045 1094 1045 1096 1047 1096 1048 1096 1049 1096 1160 1091 1225 1090 1237 1093 1252 1097 1253 1097 1255 1097 1345 1094 1457 1091 1668 1099 1671 1076 1671 1039 1656 1030 1655 1030 1653 1030 1591 1030 1589 1030 1588 1030 1586 1030 1586 1032 1576 1041 1574 1042 1518 1042 1515 1039 1502 1030 1500 1030 1499 1030 1497 1030 1457 1038 1451 1039 1450 1038 1439 1030 1439 1029 1438 1029 1436 1029 1435 1029 1326 1036 1267 1039 1252 1035 1232 1027 1231 1027 1229 1027 1142 1032 1044 1038 966 1038 953 1029 951 1027 950 1027 948 1027 947 1027 945 1027 944 1027 944 1029 933 1036 877 1027 865 1026 864 1026 858 1027 831 1033 822 1026 820 1024 819 1024 817 1024 722 1024 721 1024 719 1024 684 1033 626 1023 626 1069"/></Shape>
	    <String CONTENT="in eo ipſo, in quo pœnam ſui peccati ſentiunt. Eſt"
                    HPOS="624"
                    VPOS="1023"
                    WIDTH="1047"
                    HEIGHT="76"
                    WC="0.991584547758102"></String>
          </TextLine>

          
          
          <TextLine ID="eSc_line_dd91b932"
                    TAGREFS="LT4318"
                    BASELINE="621 1127 1619 1136 1664 1130" 
                    HPOS="621"
                    VPOS="1081"
                    WIDTH="1043"
                    HEIGHT="77">
            <Shape><Polygon POINTS="621 1127 621 1151 777 1151 777 1149 779 1149 804 1142 819 1151 820 1151 822 1151 878 1152 880 1152 881 1152 889 1151 919 1143 933 1151 935 1151 936 1151 944 1151 1036 1145 1155 1152 1177 1152 1179 1152 1198 1152 1286 1146 1332 1152 1371 1157 1372 1157 1403 1152 1435 1148 1533 1149 1536 1152 1542 1158 1543 1158 1545 1158 1546 1158 1662 1152 1664 1130 1659 1100 1630 1100 1630 1099 1616 1088 1616 1087 1615 1087 1613 1087 1612 1087 1442 1097 1439 1097 1424 1085 1423 1085 1421 1085 1420 1085 1418 1085 1383 1097 1381 1097 1371 1088 1371 1087 1369 1087 1368 1087 1316 1084 1314 1084 1255 1096 1253 1096 1252 1096 1216 1084 1215 1084 1186 1084 1185 1084 1183 1084 1182 1084 1167 1096 1163 1096 1118 1087 1116 1087 1115 1087 1087 1094 1085 1094 917 1094 916 1093 898 1081 896 1081 895 1081 893 1081 846 1082 844 1082 843 1082 831 1093 829 1093 825 1093 749 1081 748 1081 746 1081 707 1091 704 1091 621 1091 621 1127"/></Shape>
	    <String CONTENT="autem, vt liberos non tantùm ſuſcipiant &amp; gig¬"
                    HPOS="621"
                    VPOS="1081"
                    WIDTH="1043"
                    HEIGHT="77"
                    WC="0.996585469296638"></String>
          </TextLine>

          
          
          <TextLine ID="eSc_line_97b6923b"
                    TAGREFS="LT4318"
                    BASELINE="621 1188 1670 1194" 
                    HPOS="620"
                    VPOS="1143"
                    WIDTH="1050"
                    HEIGHT="70">
            <Shape><Polygon POINTS="621 1188 620 1200 721 1209 722 1209 1006 1206 1145 1204 1667 1213 1670 1194 1667 1154 1506 1158 1494 1152 1488 1148 1487 1148 1485 1148 1444 1148 1442 1148 1441 1148 1432 1151 1412 1158 1326 1158 1283 1149 1261 1146 1259 1146 1258 1146 1256 1146 1256 1148 1253 1149 1244 1157 1116 1149 1115 1149 984 1155 935 1146 920 1145 919 1145 917 1145 911 1146 884 1155 868 1146 865 1145 864 1145 862 1145 861 1145 855 1146 837 1151 771 1145 742 1143 740 1143 739 1143 731 1145 697 1154 621 1145 621 1188"/></Shape>
	    <String CONTENT="nant: ſed vt educent, curent, &amp; onera illa primæ"
                    HPOS="620"
                    VPOS="1143"
                    WIDTH="1050"
                    HEIGHT="70"
                    WC="0.996218009541432"></String>
          </TextLine>

          
          
          <TextLine ID="eSc_line_a8d606ad"
                    TAGREFS="LT4318"
                    BASELINE="621 1247 1671 1247" 
                    HPOS="621"
                    VPOS="1203"
                    WIDTH="1050"
                    HEIGHT="67">
            <Shape><Polygon POINTS="621 1247 621 1267 1670 1270 1671 1247 1670 1204 1403 1215 1389 1203 1387 1203 1386 1203 1340 1203 1338 1203 1337 1203 1335 1203 1313 1216 1268 1216 1243 1203 1241 1203 1240 1203 1238 1203 1237 1203 1235 1203 1207 1216 1060 1216 1035 1203 1033 1203 1032 1203 1030 1203 983 1215 954 1203 953 1203 951 1203 950 1203 883 1215 800 1207 798 1207 755 1215 725 1204 724 1204 621 1203 621 1247"/></Shape>
	    <String CONTENT="liberorum nutricationi, scertè quidem moleſtiſ¬"
                    HPOS="621"
                    VPOS="1203"
                    WIDTH="1050"
                    HEIGHT="67"
                    WC="0.98331501831611"></String>
          </TextLine>

          
          
          <TextLine ID="eSc_line_fac122a8"
                    TAGREFS="LT4318"
                    BASELINE="620 1305 1670 1310" 
                    HPOS="618"
                    VPOS="1258"
                    WIDTH="1052"
                    HEIGHT="74">
            <Shape><Polygon POINTS="620 1293 620 1305 618 1320 678 1329 679 1329 681 1329 699 1322 701 1320 703 1322 724 1329 725 1329 727 1329 819 1322 837 1320 849 1322 902 1329 904 1329 1061 1322 1070 1322 1081 1331 1082 1331 1084 1331 1085 1332 1224 1332 1224 1331 1225 1331 1250 1322 1252 1322 1259 1322 1351 1331 1353 1331 1354 1331 1372 1323 1417 1332 1418 1332 1420 1332 1458 1323 1527 1323 1548 1332 1549 1332 1551 1332 1668 1322 1670 1310 1670 1276 1619 1261 1618 1261 1616 1261 1615 1261 1574 1271 1558 1261 1557 1261 1555 1261 1429 1261 1427 1261 1426 1261 1424 1261 1402 1274 1399 1274 1337 1267 1335 1267 1277 1273 1234 1259 1232 1259 1231 1259 1229 1259 1197 1274 1154 1274 1127 1259 1125 1259 1124 1259 1035 1273 1002 1259 1000 1259 999 1259 997 1259 996 1259 975 1273 809 1273 794 1259 794 1258 792 1258 791 1258 745 1258 743 1258 742 1258 740 1258 724 1273 627 1273 620 1293"/></Shape>
	    <String CONTENT="ſima, lubentes volentéſque deuorent &amp; ſuſcipiãt."
                    HPOS="618"
                    VPOS="1258"
                    WIDTH="1052"
                    HEIGHT="74"
                    WC="0.997341750860214"></String>
          </TextLine>

          
          
          <TextLine ID="eSc_line_1dbb2eed"
                    TAGREFS="LT4318"
                    BASELINE="630 1363 1671 1366" 
                    HPOS="629"
                    VPOS="1319"
                    WIDTH="1042"
                    HEIGHT="70">
            <Shape><Polygon POINTS="630 1363 629 1383 748 1387 749 1387 751 1387 759 1383 770 1378 794 1383 819 1387 820 1387 822 1387 823 1387 829 1383 837 1378 862 1383 883 1386 884 1386 922 1383 962 1378 987 1381 1020 1387 1021 1387 1052 1381 1073 1378 1213 1381 1558 1389 1560 1389 1670 1378 1671 1366 1670 1335 1531 1335 1525 1332 1502 1323 1500 1323 1499 1323 1497 1323 1475 1331 1472 1334 1380 1334 1372 1329 1356 1322 1354 1322 1353 1322 1351 1322 1328 1329 1311 1335 1167 1335 1128 1326 1100 1320 1099 1320 1055 1325 1002 1331 972 1323 959 1320 957 1320 956 1320 954 1320 947 1323 925 1332 911 1322 908 1320 907 1320 905 1320 850 1320 849 1320 847 1320 846 1320 844 1322 829 1331 798 1320 795 1320 794 1320 792 1320 791 1320 789 1320 771 1334 724 1334 703 1320 701 1320 700 1320 630 1319 630 1363"/></Shape>
	    <String CONTENT="Tεκνογονίας enim hoc loco non tantùm parturitio¬"
                    HPOS="629"
                    VPOS="1319"
                    WIDTH="1042"
                    HEIGHT="70"></String>
          </TextLine>

          
          
          <TextLine ID="eSc_line_04af38cd"
                    TAGREFS="LT4318"
                    BASELINE="620 1420 1673 1426" 
                    HPOS="618"
                    VPOS="1374"
                    WIDTH="1055"
                    HEIGHT="81">
            <Shape><Polygon POINTS="620 1420 618 1435 676 1447 678 1447 724 1441 734 1450 736 1450 737 1450 739 1450 841 1439 864 1438 868 1441 878 1448 880 1448 881 1448 883 1448 953 1442 983 1439 1008 1442 1066 1451 1067 1451 1069 1451 1082 1444 1088 1441 1094 1444 1105 1451 1106 1451 1107 1451 1160 1453 1161 1453 1163 1453 1179 1445 1192 1441 1335 1441 1384 1450 1411 1454 1412 1455 1671 1455 1673 1426 1673 1389 1659 1378 1658 1378 1656 1378 1546 1378 1545 1378 1543 1378 1542 1378 1542 1380 1530 1389 1470 1378 1469 1378 1467 1378 1445 1389 1444 1389 1436 1389 1378 1380 1377 1380 1375 1380 1360 1387 1337 1377 1335 1377 1334 1377 1332 1377 1310 1387 1307 1389 1235 1389 1232 1386 1213 1377 1212 1377 1210 1377 1146 1384 1136 1386 1133 1384 1112 1375 1110 1375 1109 1375 1107 1375 1079 1384 1072 1387 991 1387 978 1383 948 1375 947 1375 945 1375 944 1375 926 1383 916 1386 886 1381 825 1374 823 1374 762 1381 727 1384 620 1380 620 1420"/></Shape>
	    <String CONTENT="nem ipſam mulierum ſignificat: ſed quicquid illi"
                    HPOS="618"
                    VPOS="1374"
                    WIDTH="1055"
                    HEIGHT="81"
                    WC="0.973727499445279"></String>
          </TextLine>

          
          
          <TextLine ID="eSc_line_dfc9c52a"
                    TAGREFS="LT4318"
                    BASELINE="620 1481 1671 1487" 
                    HPOS="618"
                    VPOS="1439"
                    WIDTH="1053"
                    HEIGHT="70">
            <Shape><Polygon POINTS="620 1481 618 1494 684 1503 685 1503 834 1497 862 1497 874 1499 922 1505 923 1505 1035 1500 1085 1499 1113 1502 1161 1506 1163 1506 1279 1503 1408 1500 1430 1505 1441 1508 1442 1508 1444 1509 1670 1509 1671 1487 1670 1448 794 1448 791 1447 782 1439 780 1439 779 1439 777 1439 620 1445 620 1481"/></Shape>
	    <String CONTENT="adiunctum eſt, &amp; imminet iuſtæ matrum curæ, vt"
                    HPOS="618"
                    VPOS="1439"
                    WIDTH="1053"
                    HEIGHT="70"
                    WC="0.982495210740877"></String>
          </TextLine>

          
          
          <TextLine ID="eSc_line_f438d81f"
                    TAGREFS="LT4318"
                    BASELINE="618 1539 1670 1543" 
                    HPOS="618"
                    VPOS="1493"
                    WIDTH="1052"
                    HEIGHT="74">
            <Shape><Polygon POINTS="618 1539 618 1555 892 1555 893 1557 902 1564 904 1564 905 1564 907 1564 951 1557 953 1557 954 1557 980 1566 981 1566 983 1566 1096 1557 1105 1557 1112 1557 1218 1564 1219 1564 1221 1564 1243 1557 1246 1557 1250 1557 1320 1567 1322 1567 1323 1567 1353 1558 1383 1567 1384 1567 1386 1567 1668 1557 1670 1543 1670 1509 1632 1499 1631 1499 1630 1499 1514 1506 1484 1508 1473 1506 1441 1497 1439 1497 1438 1497 1436 1497 1435 1497 1423 1505 1417 1508 1201 1508 1188 1502 1176 1496 1174 1496 1173 1496 1149 1500 1127 1505 1100 1500 1078 1496 1076 1496 1075 1496 1064 1499 1041 1506 993 1497 977 1496 975 1496 974 1496 966 1497 939 1505 931 1497 928 1496 928 1494 926 1494 925 1494 923 1494 922 1494 913 1497 886 1505 806 1494 794 1494 792 1494 791 1494 789 1494 771 1506 693 1506 675 1494 673 1494 672 1494 618 1493 618 1539"/></Shape>
	    <String CONTENT="liberi editi educãtur. Vnde merito matres puer¬"
                    HPOS="618"
                    VPOS="1493"
                    WIDTH="1052"
                    HEIGHT="74"
                    WC="0.98376302421093"></String>
          </TextLine>

          
          
          <TextLine ID="eSc_line_647dfb1b"
                    TAGREFS="LT4318"
                    BASELINE="620 1598 1673 1603" 
                    HPOS="620"
                    VPOS="1554"
                    WIDTH="1053"
                    HEIGHT="73">
            <Shape><Polygon POINTS="620 1598 620 1622 757 1616 870 1622 914 1624 916 1624 929 1622 957 1616 963 1622 968 1625 969 1625 971 1625 972 1625 1027 1621 1076 1618 1131 1621 1209 1625 1210 1625 1238 1621 1253 1618 1258 1621 1268 1625 1270 1625 1271 1625 1383 1619 1403 1619 1417 1619 1511 1627 1512 1627 1514 1627 1539 1619 1540 1619 1542 1619 1585 1627 1586 1627 1588 1627 1589 1627 1598 1619 1671 1619 1673 1603 1670 1560 1542 1567 1494 1560 1473 1557 1472 1557 1470 1557 1469 1557 1466 1560 1456 1569 1398 1569 1383 1560 1375 1557 1374 1557 1231 1555 1229 1555 1228 1555 1226 1555 1221 1561 1216 1566 1171 1566 1158 1561 1143 1555 1142 1555 1088 1555 1087 1555 1017 1561 972 1566 959 1563 942 1557 941 1557 939 1557 825 1563 785 1564 780 1563 757 1554 755 1554 754 1554 752 1554 751 1554 737 1563 733 1564 620 1564 620 1598"/></Shape>
	    <String CONTENT="peræ damnantur, quæ filios, ſi poſſunt, ſuos non"
                    HPOS="620"
                    VPOS="1554"
                    WIDTH="1053"
                    HEIGHT="73"
                    WC="0.992925261457761"></String>
          </TextLine>

          
          
          <TextLine ID="eSc_line_73d6af61"
                    TAGREFS="LT4318"
                    BASELINE="618 1655 1668 1659" 
                    HPOS="617"
                    VPOS="1612"
                    WIDTH="1051"
                    HEIGHT="73">
            <Shape><Polygon POINTS="618 1655 617 1670 694 1671 713 1682 715 1682 716 1682 761 1673 812 1673 826 1682 828 1682 829 1682 831 1682 939 1673 966 1683 968 1683 969 1683 1264 1674 1317 1685 1319 1685 1426 1676 1451 1685 1453 1685 1454 1685 1502 1676 1622 1685 1624 1685 1667 1674 1668 1659 1668 1625 1637 1615 1635 1615 1634 1615 1448 1624 1436 1624 1435 1624 1411 1615 1409 1615 1317 1613 1316 1613 1314 1613 1286 1622 1256 1613 1255 1613 1253 1613 1125 1622 1118 1622 1115 1622 1070 1613 1069 1613 1067 1613 1066 1613 1054 1622 1052 1624 1002 1624 997 1622 953 1612 951 1612 898 1621 896 1621 780 1612 779 1612 777 1612 776 1612 762 1621 761 1622 682 1622 679 1621 666 1612 664 1612 663 1612 661 1612 618 1619 618 1655"/></Shape>
	    <String CONTENT="alunt, de quo Plutarchus in lib. de Liberorum E¬"
                    HPOS="617"
                    VPOS="1612"
                    WIDTH="1051"
                    HEIGHT="73"
                    WC="0.986526738852262"></String>
          </TextLine>

          
          
          <TextLine ID="eSc_line_54069bd0"
                    TAGREFS="LT4318"
                    BASELINE="621 1714 1671 1722" 
                    HPOS="620"
                    VPOS="1668"
                    WIDTH="1051"
                    HEIGHT="76">
            <Shape><Polygon POINTS="621 1714 620 1729 1252 1743 1253 1743 1412 1735 1496 1735 1508 1744 1509 1744 1511 1744 1512 1744 1514 1744 1546 1737 1647 1744 1649 1744 1650 1744 1670 1735 1671 1722 1670 1685 1609 1674 1607 1674 1519 1682 1493 1674 1491 1674 1490 1674 1488 1674 1487 1674 1473 1682 1472 1683 1454 1682 1357 1674 1356 1674 1301 1680 1290 1682 1284 1680 1252 1671 1250 1671 1249 1671 1182 1680 1174 1682 1093 1682 1088 1679 1073 1671 1072 1671 1070 1671 1030 1679 1026 1680 953 1680 950 1677 933 1670 932 1670 880 1670 878 1670 877 1670 875 1670 868 1677 865 1679 780 1679 777 1676 767 1668 765 1668 764 1668 762 1668 761 1668 739 1676 734 1677 721 1676 664 1668 663 1668 621 1674 621 1714"/></Shape>
	    <String CONTENT="ducatio. &amp; dictum Gregorij in canon. Ad eius"
                    HPOS="620"
                    VPOS="1668"
                    WIDTH="1051"
                    HEIGHT="76"
                    WC="0.978291405872865"></String>
          </TextLine>

          
          
          <TextLine ID="eSc_line_e46c0f9b"
                    TAGREFS="LT4318"
                    BASELINE="620 1772 1671 1775" 
                    HPOS="618"
                    VPOS="1728"
                    WIDTH="1053"
                    HEIGHT="76">
            <Shape><Polygon POINTS="620 1772 618 1789 638 1798 639 1798 641 1798 725 1792 736 1801 737 1801 739 1801 740 1801 742 1801 764 1792 782 1801 783 1801 785 1801 855 1793 917 1801 919 1801 920 1801 948 1792 990 1801 991 1801 1039 1792 1064 1801 1066 1801 1067 1801 1118 1792 1145 1802 1146 1802 1148 1802 1149 1802 1182 1793 1228 1802 1229 1802 1293 1793 1320 1802 1322 1802 1323 1802 1430 1793 1457 1802 1458 1802 1460 1804 1600 1804 1600 1802 1670 1792 1671 1775 1670 1743 1627 1743 1627 1741 1598 1729 1597 1729 1595 1729 1534 1740 1527 1741 1516 1740 1467 1734 1466 1734 1464 1734 1448 1740 1442 1743 1311 1743 1304 1738 1284 1729 1283 1729 1282 1729 1209 1737 1164 1741 1125 1735 1070 1728 1021 1728 1020 1728 1018 1728 1017 1728 1009 1734 1005 1738 996 1734 987 1731 986 1731 984 1731 983 1731 981 1731 978 1734 974 1738 960 1734 942 1728 941 1728 939 1728 902 1734 877 1737 870 1732 859 1728 858 1728 856 1728 855 1728 853 1728 847 1732 838 1740 797 1732 771 1728 770 1728 768 1728 759 1732 742 1740 722 1731 713 1728 712 1728 710 1728 620 1729 620 1772"/></Shape>
	    <String CONTENT="diſtinct.5. Mille quidẽ ſunt tædia, quæ contra Io¬"
                    HPOS="618"
                    VPOS="1728"
                    WIDTH="1053"
                    HEIGHT="76"
                    WC="0.982154289881388"></String>
          </TextLine>

          
          
          <TextLine ID="eSc_line_c0d09d75"
                    TAGREFS="LT4318"
                    BASELINE="620 1829 1668 1836" 
                    HPOS="618"
                    VPOS="1789"
                    WIDTH="1050"
                    HEIGHT="67">
            <Shape><Polygon POINTS="620 1829 618 1848 1665 1856 1668 1836 1667 1795 1600 1793 1598 1793 1597 1793 1595 1795 1579 1802 1490 1795 1457 1792 1456 1792 1436 1795 1395 1801 1308 1795 1247 1790 1246 1790 1244 1790 1228 1795 1210 1801 1052 1801 1045 1795 1038 1789 1036 1789 1035 1789 968 1789 966 1789 965 1789 950 1795 942 1798 878 1795 743 1789 742 1789 740 1789 739 1789 728 1795 725 1796 620 1796 620 1829"/></Shape>
	    <String CONTENT="uinia. enumerat Hieronym.tam minutim, vt ipſe"
                    HPOS="618"
                    VPOS="1789"
                    WIDTH="1050"
                    HEIGHT="67"
                    WC="0.980834293365479"></String>
          </TextLine>

          
          
          <TextLine ID="eSc_line_f44bc527"
                    TAGREFS="LT4318"
                    BASELINE="620 1893 1673 1897" 
                    HPOS="618"
                    VPOS="1845"
                    WIDTH="1055"
                    HEIGHT="76">
            <Shape><Polygon POINTS="620 1893 618 1912 795 1918 797 1918 798 1918 819 1912 846 1906 878 1912 884 1914 886 1914 899 1912 963 1906 1002 1912 1041 1920 1042 1920 1044 1920 1045 1920 1052 1912 1057 1911 1075 1912 1106 1917 1107 1917 1161 1912 1232 1908 1258 1912 1282 1918 1283 1918 1307 1912 1317 1911 1320 1912 1328 1920 1329 1920 1331 1920 1332 1920 1393 1912 1403 1912 1406 1912 1424 1921 1426 1921 1427 1921 1671 1912 1673 1897 1673 1862 1525 1853 1524 1853 1522 1853 1499 1860 1497 1860 1484 1848 1482 1848 1481 1848 1479 1848 1432 1860 1427 1860 1418 1860 1362 1853 1360 1853 1359 1853 1357 1853 1350 1859 1347 1860 1340 1859 1267 1847 1226 1847 1225 1847 1224 1847 1197 1859 1195 1860 1155 1860 1152 1859 1136 1847 1134 1847 1133 1847 1131 1847 1061 1856 987 1847 986 1847 984 1847 953 1856 941 1847 941 1845 939 1845 938 1845 832 1845 831 1845 829 1845 828 1845 816 1856 813 1857 801 1856 749 1850 748 1850 746 1850 724 1856 718 1857 710 1856 691 1850 690 1850 688 1850 620 1854 620 1893"/></Shape>
	    <String CONTENT="puerpera fuiſſe aliquando videatur, qui tamen"
                    HPOS="618"
                    VPOS="1845"
                    WIDTH="1055"
                    HEIGHT="76"
                    WC="0.985188489490085"></String>
          </TextLine>

          
          
          <TextLine ID="eSc_line_43703637"
                    TAGREFS="LT4318"
                    BASELINE="621 1949 1667 1949" 
                    HPOS="621"
                    VPOS="1905"
                    WIDTH="1046"
                    HEIGHT="71">
            <Shape><Polygon POINTS="621 1949 621 1976 675 1969 696 1976 697 1976 699 1976 706 1976 785 1969 838 1975 853 1976 855 1976 875 1975 938 1969 987 1973 1014 1976 1015 1976 1038 1973 1070 1969 1090 1973 1103 1976 1105 1976 1106 1976 1151 1972 1192 1969 1200 1972 1209 1976 1210 1976 1212 1976 1213 1976 1229 1972 1241 1969 1268 1972 1316 1976 1317 1976 1667 1967 1667 1949 1667 1918 1522 1909 1521 1909 1519 1909 1518 1909 1509 1918 1439 1918 1411 1905 1409 1905 1408 1905 1406 1905 1378 1915 1348 1905 1347 1905 1345 1905 1344 1905 1342 1905 1342 1906 1329 1917 1264 1905 1262 1905 1261 1905 1222 1917 1186 1905 1185 1905 1076 1905 1075 1905 1073 1905 1072 1905 1061 1912 989 1905 987 1905 922 1915 907 1905 905 1905 904 1905 902 1905 846 1912 786 1905 785 1905 783 1905 743 1918 621 1918 621 1949"/></Shape>
	    <String CONTENT="perpetuo vixit celebs. Mille etiam dolores &amp; mo¬"
                    HPOS="621"
                    VPOS="1905"
                    WIDTH="1046"
                    HEIGHT="71"
                    WC="0.981008052825928"></String>
          </TextLine>

          
          
          <TextLine ID="eSc_line_42c23fce"
                    TAGREFS="LT4318"
                    BASELINE="621 2007 1674 2010" 
                    HPOS="621"
                    VPOS="1961"
                    WIDTH="1053"
                    HEIGHT="75">
            <Shape><Polygon POINTS="621 2007 621 2027 731 2027 743 2034 745 2034 746 2034 748 2034 822 2027 823 2027 825 2027 855 2034 856 2034 858 2034 904 2027 923 2034 925 2034 926 2036 1063 2036 1063 2034 1064 2034 1066 2034 1075 2027 1076 2027 1078 2027 1125 2034 1127 2034 1128 2034 1146 2027 1148 2027 1170 2036 1171 2036 1173 2036 1258 2028 1302 2036 1304 2036 1435 2028 1622 2036 1624 2036 1673 2027 1674 2010 1674 1975 1632 1963 1631 1963 1630 1963 1557 1973 1528 1964 1527 1964 1429 1963 1427 1963 1426 1963 1424 1963 1409 1973 1408 1973 1362 1964 1360 1964 1317 1973 1314 1973 1311 1973 1267 1963 1265 1963 1264 1963 1243 1973 1241 1975 1195 1975 1194 1973 1182 1963 1180 1963 1179 1963 1177 1963 1176 1963 1148 1972 1076 1961 1075 1961 1073 1961 1072 1961 1060 1969 1011 1961 1009 1961 948 1970 936 1961 935 1961 933 1961 932 1961 877 1969 828 1961 826 1961 755 1972 748 1972 740 1972 664 1961 663 1961 661 1961 660 1961 646 1972 645 1972 621 1972 621 2007"/></Shape>
	    <String CONTENT="leſtiæ nõ tantùm leuiter deguſtandæ: ſed diutiſſi¬"
                    HPOS="621"
                    VPOS="1961"
                    WIDTH="1053"
                    HEIGHT="75"
                    WC="0.997301377929174"></String>
          </TextLine>

          
          
          <TextLine ID="eSc_line_1d89d4c3"
                    TAGREFS="LT4318"
                    BASELINE="620 2070 1668 2070" 
                    HPOS="620"
                    VPOS="2025"
                    WIDTH="1048"
                    HEIGHT="70">
            <Shape><Polygon POINTS="620 2070 620 2092 1096 2086 1133 2094 1136 2094 1137 2094 1139 2094 1140 2094 1151 2086 1261 2086 1282 2094 1283 2094 1284 2095 1509 2095 1509 2094 1511 2094 1528 2086 1667 2094 1668 2070 1668 2037 1615 2025 1613 2025 1540 2037 1470 2037 1430 2025 1429 2025 1427 2025 1426 2025 1424 2025 1406 2037 1231 2037 1161 2025 1160 2025 1067 2036 996 2025 673 2025 672 2025 670 2025 669 2025 658 2036 620 2036 620 2070"/></Shape>
	    <String CONTENT="mè deuorandæ, tum in partu, tum poſt partum."
                    HPOS="620"
                    VPOS="2025"
                    WIDTH="1048"
                    HEIGHT="70"
                    WC="0.97960060040156"></String>
          </TextLine>

          
          
          <TextLine ID="eSc_line_01f5e787"
                    TAGREFS="LT4318"
                    BASELINE="624 2128 1670 2128" 
                    HPOS="624"
                    VPOS="2082"
                    WIDTH="1046"
                    HEIGHT="89">
            <Shape><Polygon POINTS="624 2128 624 2171 712 2171 712 2169 718 2169 783 2156 862 2156 884 2166 892 2169 893 2169 895 2171 1042 2171 1042 2169 1044 2169 1061 2163 1075 2160 1107 2163 1176 2169 1177 2169 1179 2169 1200 2162 1206 2160 1219 2162 1259 2166 1261 2166 1323 2160 1366 2156 1393 2159 1469 2169 1470 2169 1472 2169 1512 2157 1519 2156 1573 2156 1576 2156 1589 2165 1591 2165 1592 2165 1594 2165 1670 2154 1670 2128 1670 2095 1632 2095 1632 2094 1618 2082 1616 2082 1615 2082 1613 2082 1612 2082 1610 2082 1591 2094 1589 2095 1536 2095 1534 2094 1509 2082 1508 2082 1506 2082 1505 2082 1503 2082 1485 2094 1482 2095 1311 2095 1308 2092 1298 2083 1298 2082 1296 2082 1295 2082 1293 2082 1215 2085 1213 2085 1212 2085 1204 2091 1203 2092 1198 2091 1154 2082 1152 2082 1030 2085 1029 2085 1027 2085 1021 2089 1015 2094 987 2089 954 2085 953 2085 913 2089 873 2094 861 2089 846 2082 844 2082 843 2082 841 2082 825 2088 813 2094 806 2088 801 2085 800 2085 798 2085 734 2082 733 2082 731 2082 715 2088 704 2091 693 2088 672 2082 670 2082 669 2082 624 2086 624 2128"/></Shape>
	    <String CONTENT="Quæ tamen omnia ſi libenti &amp; grato animo de¬"
                    HPOS="624"
                    VPOS="2082"
                    WIDTH="1046"
                    HEIGHT="89"
                    WC="0.988794126293876"></String>
          </TextLine>

          
        </TextBlock>
        
        <TextBlock HPOS="1517.94091796875"
                   VPOS="2165.4912109375"
                   WIDTH="153.488525390625"
                   HEIGHT="39.8212890625"
                   ID="block_2"
                   TAGREFS="BT10978">
          <Shape><Polygon POINTS="1517.94 2165.49 1671.43 2165.49 1671.43 2205.31 1517.94 2205.31 1517.94 2165.49"/></Shape>
          
          
          <TextLine ID="eSc_line_e5964fce"
                    TAGREFS="LT4318"
                    BASELINE="1524 2187 1671 2192" 
                    HPOS="1522"
                    VPOS="2149"
                    WIDTH="149"
                    HEIGHT="75">
            <Shape><Polygon POINTS="1524 2187 1522 2218 1572 2210 1595 2221 1597 2221 1598 2221 1600 2221 1622 2211 1667 2224 1671 2192 1671 2159 1635 2149 1634 2149 1632 2149 1524 2152 1524 2187"/></Shape>
	    <String CONTENT="uorat,"
                    HPOS="1522"
                    VPOS="2149"
                    WIDTH="149"
                    HEIGHT="75"
                    WC="0.988355894883474"></String>
          </TextLine>

          
        </TextBlock>
        

        
      </PrintSpace>
    </Page>
  </Layout>
</alto>
