<?xml version="1.0" encoding="UTF-8"?>
<alto xmlns:xsi="http://www.w3.org/2001/XMLSchema-instance"
      xmlns="http://www.loc.gov/standards/alto/ns-v4#"
      xsi:schemaLocation="http://www.loc.gov/standards/alto/ns-v4# http://www.loc.gov/standards/alto/v4/alto-4-2.xsd">
  <Description>
    <MeasurementUnit>pixel</MeasurementUnit>
    <sourceImageInformation>
      <fileName>2013000.png</fileName>
      
    </sourceImageInformation>
  </Description>
  
  <Tags>
    <OtherTag ID="BT10983" LABEL="GraphicZone" DESCRIPTION="block type GraphicZone"/><OtherTag ID="BT10982" LABEL="DropCapitalZone" DESCRIPTION="block type DropCapitalZone"/><OtherTag ID="BT10981" LABEL="RunningTitleZone" DESCRIPTION="block type RunningTitleZone"/><OtherTag ID="BT10980" LABEL="NumberingZone" DESCRIPTION="block type NumberingZone"/><OtherTag ID="BT10979" LABEL="TitlePageZone" DESCRIPTION="block type TitlePageZone"/><OtherTag ID="BT10978" LABEL="QuireMarksZone" DESCRIPTION="block type QuireMarksZone"/><OtherTag ID="BT10977" LABEL="MainZone" DESCRIPTION="block type MainZone"/><OtherTag ID="BT10976" LABEL="MarginTextZone" DESCRIPTION="block type MarginTextZone"/>
    <OtherTag ID="LT4321" LABEL="default" DESCRIPTION="line type default"/><OtherTag ID="LT4319" LABEL="HeadingLine" DESCRIPTION="line type HeadingLine"/><OtherTag ID="LT4318" LABEL="DefaultLine" DESCRIPTION="line type DefaultLine"/><OtherTag ID="LT4320" LABEL="CustomLine : BiblicalText" DESCRIPTION="line type CustomLine : BiblicalText"/>
  </Tags>
  
  <Layout>
    <Page WIDTH="1807"
          HEIGHT="2677"
          PHYSICAL_IMG_NR="47"
          ID="eSc_dummypage_">
      <PrintSpace HPOS="0"
                  VPOS="0"
                  WIDTH="1807"
                  HEIGHT="2677">
        
        <TextBlock HPOS="640.3667602539062"
                   VPOS="158.12725830078125"
                   WIDTH="89.23724365234375"
                   HEIGHT="63.471710205078125"
                   ID="block_0"
                   TAGREFS="BT10980">
          <Shape><Polygon POINTS="640.367 158.127 729.604 158.127 729.604 221.599 640.367 221.599 640.367 158.127"/></Shape>
          
          
          <TextLine ID="eSc_line_0e8b200f"
                    TAGREFS="LT4318"
                    BASELINE="648 205 736 203" 
                    HPOS="646"
                    VPOS="156"
                    WIDTH="90"
                    HEIGHT="68">
            <Shape><Polygon POINTS="721 157 706 157 691 157 676 159 661 159 646 159 648 205 648 224 736 214 736 203 733 156 721 157"/></Shape>
	    <String CONTENT="88"
                    HPOS="646"
                    VPOS="156"
                    WIDTH="90"
                    HEIGHT="68"
                    WC="0.999180644750595"></String>
          </TextLine>

          
        </TextBlock>
        
        <TextBlock HPOS="844.7341918945312"
                   VPOS="147.78402709960938"
                   WIDTH="694.9141235351562"
                   HEIGHT="66.85089111328125"
                   ID="block_1"
                   TAGREFS="BT10981">
          <Shape><Polygon POINTS="844.734 147.784 1539.65 147.784 1539.65 214.635 844.734 214.635 844.734 147.784"/></Shape>
          
          
          <TextLine ID="eSc_line_de207189"
                    TAGREFS="LT4319"
                    BASELINE="844 202 1527 190" 
                    HPOS="843"
                    VPOS="139"
                    WIDTH="684"
                    HEIGHT="82">
            <Shape><Polygon POINTS="1467 142 1453 141 1442 139 1378 141 1377 141 1375 141 1351 157 1350 157 1308 142 1307 142 1305 142 1304 142 1255 157 1249 159 1237 157 1185 151 1183 151 1152 159 1143 160 1137 159 1100 145 1099 145 1097 145 1055 147 1054 147 1029 160 1024 162 1015 160 989 153 987 153 986 153 984 153 983 153 974 160 969 165 914 165 908 160 893 151 887 151 877 151 843 160 844 202 844 212 922 221 923 221 925 221 926 221 936 212 939 212 1012 220 1014 220 1015 220 1041 211 1044 211 1049 211 1090 217 1091 217 1206 209 1270 206 1282 209 1299 214 1301 214 1302 214 1527 206 1527 190 1525 156 1494 144 1482 144"/></Shape>
	    <String CONTENT="AD I. PAVL. AD TIM."
                    HPOS="843"
                    VPOS="139"
                    WIDTH="684"
                    HEIGHT="82"
                    WC="0.996057579391881"></String>
          </TextLine>

          
        </TextBlock>
        
        <TextBlock HPOS="625.4810180664062"
                   VPOS="213.57406616210938"
                   WIDTH="1067.2166137695312"
                   HEIGHT="1947.2511291503906"
                   ID="block_2"
                   TAGREFS="BT10977">
          <Shape><Polygon POINTS="625.481 213.574 1692.7 213.574 1692.7 2160.83 625.481 2160.83 625.481 213.574"/></Shape>
          
          
          <TextLine ID="eSc_line_2a5c1619"
                    TAGREFS="LT4318"
                    BASELINE="643 278 1692 261" 
                    HPOS="641"
                    VPOS="212"
                    WIDTH="1051"
                    HEIGHT="85">
            <Shape><Polygon POINTS="1683 226 1676 221 1646 214 1638 212 1637 212 1595 224 1591 224 1573 223 1478 217 1476 217 1475 217 1461 223 1456 226 1432 223 1362 215 1360 215 1317 217 1316 217 1314 217 1307 223 1298 230 1179 230 1158 223 1157 223 1155 223 1154 223 1149 223 1109 230 1088 223 1072 217 1070 217 1069 217 1067 217 1049 223 1024 232 1000 223 989 218 987 218 986 218 926 220 925 220 923 220 923 221 922 223 916 227 864 223 832 220 831 220 829 220 828 220 825 223 812 234 782 223 779 221 777 221 776 221 641 221 643 278 643 290 727 297 728 297 858 288 868 288 871 288 899 294 901 294 1023 292 1024 292 1038 287 1041 285 1058 287 1118 291 1119 291 1186 285 1222 281 1692 279 1692 261 1688 234 1683 226"/></Shape>
	    <String CONTENT="herbæ, ſydera &amp; reliquæ omnes creaturæ, quæ"
                    HPOS="641"
                    VPOS="212"
                    WIDTH="1051"
                    HEIGHT="85"
                    WC="0.986499639444573"></String>
          </TextLine>

          
          
          <TextLine ID="eSc_line_2ec51d97"
                    TAGREFS="LT4318"
                    BASELINE="642 336 1685 322" 
                    HPOS="641"
                    VPOS="272"
                    WIDTH="1044"
                    HEIGHT="84">
            <Shape><Polygon POINTS="642 336 642 348 742 356 743 356 803 348 852 355 853 355 996 345 1014 343 1021 343 1058 349 1060 349 1133 342 1146 342 1148 342 1165 350 1167 350 1168 350 1170 350 1188 342 1192 342 1256 349 1258 349 1259 349 1286 340 1289 340 1295 340 1350 348 1351 348 1417 340 1427 348 1429 348 1430 348 1432 348 1433 348 1457 339 1458 339 1460 339 1524 346 1525 346 1527 346 1545 337 1557 346 1558 346 1560 346 1561 346 1668 345 1670 345 1671 345 1685 336 1685 322 1682 284 1592 284 1569 272 1567 272 1566 272 1386 284 1335 287 1310 284 1268 279 1267 279 1265 279 1252 284 1246 287 1241 284 1231 276 1229 276 1228 276 1226 276 1142 278 1140 278 1113 285 1091 290 1036 285 1002 282 1000 282 999 282 987 285 968 290 959 285 953 281 951 281 950 281 948 281 911 285 884 288 874 285 865 282 864 282 862 282 861 282 859 282 855 285 844 291 826 285 816 282 815 282 813 282 812 282 804 285 788 292 768 285 759 282 758 282 757 282 755 282 754 282 754 284 751 285 740 294 641 287 642 336"/></Shape>
	    <String CONTENT="homini ſubiiciuntur ex Dei præcepto Pſal. 8.prę¬"
                    HPOS="641"
                    VPOS="272"
                    WIDTH="1044"
                    HEIGHT="84"
                    WC="0.980388260617548"></String>
          </TextLine>

          
          
          <TextLine ID="eSc_line_0a5d020f"
                    TAGREFS="LT4318"
                    BASELINE="643 394 1685 379" 
                    HPOS="642"
                    VPOS="336"
                    WIDTH="1043"
                    HEIGHT="77">
            <Shape><Polygon POINTS="643 394 643 413 1072 400 1289 400 1653 400 1653 398 1655 398 1685 389 1685 379 1682 343 1615 336 1613 336 1612 336 1588 343 1576 346 1536 343 1488 340 1487 340 1485 340 1473 345 1463 348 1458 345 1451 337 1450 337 1448 337 1447 337 1445 337 1424 345 1421 345 1418 345 1392 337 1390 337 1389 337 1387 337 1386 337 1375 345 1366 350 1307 350 1253 346 1179 340 1177 340 1176 340 1155 346 1134 352 1125 346 1118 342 1116 342 1115 342 1113 342 1075 346 1045 350 1017 348 984 343 983 343 963 348 931 355 887 348 880 348 878 348 877 348 875 348 867 353 858 348 853 345 852 345 850 345 849 345 847 345 846 345 841 349 831 356 791 349 773 346 771 346 770 346 768 346 768 348 765 349 757 358 724 358 696 349 688 348 687 348 685 348 642 349 643 394"/></Shape>
	    <String CONTENT="ferendæ tamen homini eſſent contra mentem &amp;"
                    HPOS="642"
                    VPOS="336"
                    WIDTH="1043"
                    HEIGHT="77"
                    WC="0.992491889831632"></String>
          </TextLine>

          
          
          <TextLine ID="eSc_line_6ab92fb4"
                    TAGREFS="LT4318"
                    BASELINE="643 452 1686 435" 
                    HPOS="642"
                    VPOS="391"
                    WIDTH="1044"
                    HEIGHT="78">
            <Shape><Polygon POINTS="643 452 643 469 1685 456 1686 435 1685 400 1662 392 1661 392 1659 392 1582 400 1567 392 1566 392 1564 392 1485 401 1470 391 1469 391 1467 391 1466 391 1464 391 1463 391 1463 392 1451 403 1341 403 1311 394 1310 394 1308 394 1307 394 1276 404 1225 397 1224 397 1173 406 1124 395 1122 395 1121 395 1119 395 1119 397 1107 407 1073 407 1021 397 1020 397 951 398 950 398 948 398 948 400 936 408 886 400 884 400 883 400 864 408 752 401 751 401 749 401 727 413 667 403 666 403 664 403 642 413 643 452"/></Shape>
	    <String CONTENT="Chriſti, &amp; Pauli. Omnia enim propter hominem"
                    HPOS="642"
                    VPOS="391"
                    WIDTH="1044"
                    HEIGHT="78"
                    WC="0.97144399989735"></String>
          </TextLine>

          
          
          <TextLine ID="eSc_line_05f318d8"
                    TAGREFS="LT4318"
                    BASELINE="645 511 1685 496" 
                    HPOS="643"
                    VPOS="447"
                    WIDTH="1042"
                    HEIGHT="91">
            <Shape><Polygon POINTS="645 511 645 527 688 538 690 538 739 527 749 526 804 527 941 532 942 532 944 532 945 532 951 527 959 522 1060 522 1121 526 1161 529 1163 529 1179 526 1207 520 1213 526 1219 530 1221 530 1222 530 1224 530 1332 529 1334 529 1341 524 1351 520 1362 524 1368 527 1369 527 1371 527 1372 527 1374 527 1375 524 1383 519 1400 524 1409 527 1411 527 1412 527 1464 524 1567 519 1683 523 1685 496 1683 461 1652 447 1650 447 1649 447 1647 447 1621 461 1606 461 1577 461 1552 461 1414 456 1412 456 1384 461 1365 464 1354 461 1326 452 1325 452 1323 452 1322 452 1320 452 1308 461 1302 465 1235 465 1228 461 1224 458 1222 458 1221 458 1219 458 1192 461 1151 466 1139 461 1125 455 1124 455 1069 455 1067 455 1039 461 1008 468 997 461 990 456 989 456 987 456 956 456 954 456 826 459 825 459 820 461 810 466 785 461 773 459 771 459 770 459 765 461 742 472 725 462 724 462 722 462 643 462 645 511"/></Shape>
	    <String CONTENT="facta ſunt, etiam Sabbatum ipſum: non autem"
                    HPOS="643"
                    VPOS="447"
                    WIDTH="1042"
                    HEIGHT="91"
                    WC="0.984704555467118"></String>
          </TextLine>

          
          
          <TextLine ID="eSc_line_dd10b4e4"
                    TAGREFS="LT4318"
                    BASELINE="645 569 1216 560" 
                    HPOS="643"
                    VPOS="514"
                    WIDTH="573"
                    HEIGHT="85">
            <Shape><Polygon POINTS="645 569 645 587 706 587 731 599 733 599 734 599 736 599 768 591 813 597 815 597 816 597 835 588 841 584 849 588 861 596 862 596 864 596 865 596 907 588 938 582 954 588 965 593 966 593 968 593 969 593 984 588 1009 582 1063 590 1082 591 1084 591 1085 591 1093 590 1128 580 1146 588 1148 588 1215 590 1216 560 1213 524 1130 517 1128 517 1091 523 1084 524 1082 523 1070 514 1069 514 1067 514 1024 514 1023 514 1021 514 1020 514 1020 516 1009 523 997 516 996 516 994 516 948 516 947 516 899 523 870 527 853 523 835 517 834 517 832 517 831 517 829 517 820 523 812 529 737 530 643 523 645 569"/></Shape>
	    <String CONTENT="homo propter Sabbatum."
                    HPOS="643"
                    VPOS="514"
                    WIDTH="573"
                    HEIGHT="85"
                    WC="0.976645724339919"></String>
          </TextLine>

          
          
          <TextLine ID="eSc_line_c5c12261"
                    TAGREFS="LT4320"
                    BASELINE="710 693 1686 678" 
                    HPOS="709"
                    VPOS="621"
                    WIDTH="977"
                    HEIGHT="98">
            <Shape><Polygon POINTS="712 713 722 709 733 713 746 719 748 719 749 719 780 712 810 706 904 706 928 709 972 716 974 716 975 716 997 707 1003 706 1009 707 1029 715 1030 715 1032 715 1033 715 1048 707 1057 701 1100 701 1119 706 1154 713 1155 715 1192 715 1192 713 1194 713 1195 713 1209 704 1212 701 1229 703 1292 712 1293 712 1295 712 1313 701 1320 698 1374 701 1451 704 1453 704 1454 704 1466 698 1470 697 1472 698 1485 709 1487 709 1488 709 1490 709 1685 694 1686 678 1683 636 1598 636 1579 621 1577 621 1576 621 1524 621 1522 621 1521 621 1484 636 1481 636 1475 636 1392 623 1390 623 1335 635 1307 624 1305 624 1304 624 1235 633 1197 626 1195 626 1194 626 1168 636 1161 640 1097 643 1055 636 1012 629 1011 629 977 636 975 636 957 630 956 630 954 630 953 630 951 630 944 636 932 645 870 636 861 636 859 636 858 636 856 636 838 646 826 640 825 640 823 640 771 648 752 636 746 633 745 633 743 633 742 633 709 636 710 693"/></Shape>
	    <String CONTENT="14 Et Adam non fuit ſeductus: ſed mu¬"
                    HPOS="709"
                    VPOS="621"
                    WIDTH="977"
                    HEIGHT="98"></String>
          </TextLine>

          
          
          <TextLine ID="eSc_line_77e660dc"
                    TAGREFS="LT4320"
                    BASELINE="645 762 1585 752" 
                    HPOS="643"
                    VPOS="696"
                    WIDTH="942"
                    HEIGHT="96">
            <Shape><Polygon POINTS="645 788 754 792 755 792 757 792 770 788 785 780 797 786 804 791 806 791 807 791 809 791 819 786 826 783 843 786 861 789 862 789 883 786 919 779 931 785 936 788 938 788 939 788 957 785 999 777 1008 785 1012 788 1012 789 1014 789 1015 789 1017 791 1041 791 1041 789 1042 789 1044 789 1051 783 1063 776 1152 776 1165 783 1173 786 1174 786 1176 788 1247 788 1247 786 1249 786 1250 786 1256 782 1265 774 1276 782 1283 786 1284 786 1286 786 1287 786 1289 786 1307 780 1335 773 1418 773 1432 780 1442 785 1444 785 1445 785 1447 785 1464 779 1491 771 1531 779 1560 783 1561 783 1563 783 1585 777 1585 752 1579 698 1563 706 1540 698 1533 697 1531 697 1530 697 1528 697 1522 700 1509 706 1496 700 1484 696 1482 696 1481 696 1479 696 1478 696 1478 697 1473 701 1461 712 1403 712 1353 703 1313 697 1311 697 1310 697 1308 697 1296 704 1282 715 1258 715 1244 706 1234 698 1232 698 1231 698 1195 698 1194 698 1192 698 1163 707 1140 715 1130 709 1122 703 1121 703 1119 703 1118 703 1116 703 1091 709 1055 700 1054 700 1052 700 1051 700 1049 700 1049 701 1039 710 1032 716 954 712 774 703 773 703 771 703 733 718 727 719 719 718 663 704 661 704 660 704 658 704 643 713 645 762"/></Shape>
	    <String CONTENT="lier ſeducta, cauſa tranſgreſsionis fuit."
                    HPOS="643"
                    VPOS="696"
                    WIDTH="942"
                    HEIGHT="96"
                    WC="0.991406509062139"></String>
          </TextLine>

          
          
          <TextLine ID="eSc_line_fd85d535"
                    TAGREFS="LT4318"
                    BASELINE="699 862 1680 847" 
                    HPOS="697"
                    VPOS="800"
                    WIDTH="983"
                    HEIGHT="86">
            <Shape><Polygon POINTS="699 886 798 875 809 884 810 884 812 884 813 886 874 886 874 884 875 884 880 881 895 874 923 881 935 883 936 883 960 880 1011 871 1176 871 1189 874 1207 878 1209 878 1210 878 1212 878 1213 878 1219 872 1222 870 1232 872 1247 877 1249 877 1250 877 1252 877 1271 872 1286 868 1296 871 1314 877 1316 877 1317 877 1319 877 1342 870 1351 868 1366 870 1409 874 1411 874 1412 874 1414 874 1421 868 1424 867 1448 867 1579 874 1580 874 1582 874 1609 864 1622 870 1624 870 1625 870 1680 861 1680 847 1676 806 1579 812 1572 807 1563 800 1561 800 1560 800 1482 800 1481 800 1479 800 1457 809 1454 812 1377 814 1357 812 1311 803 1310 803 1247 813 1231 816 1225 814 1200 804 1198 804 1197 804 1137 816 1127 817 1119 816 1091 809 1090 809 1088 809 1087 809 1061 817 1054 819 1047 817 1017 810 1015 810 1014 810 1012 810 993 819 989 822 890 822 884 820 859 813 858 813 856 813 855 813 853 813 853 814 846 822 844 823 797 823 797 822 774 812 773 812 728 812 727 812 725 812 697 822 699 862"/></Shape>
	    <String CONTENT="Alterum argumentum à cauſa tum efficiente,"
                    HPOS="697"
                    VPOS="800"
                    WIDTH="983"
                    HEIGHT="86"
                    WC="0.992403956346734"></String>
          </TextLine>

          
          
          <TextLine ID="eSc_line_076ffbf3"
                    TAGREFS="LT4318"
                    BASELINE="641 922 1683 908" 
                    HPOS="639"
                    VPOS="864"
                    WIDTH="1044"
                    HEIGHT="83">
            <Shape><Polygon POINTS="641 922 641 947 687 936 730 936 745 945 746 945 748 945 749 945 762 944 873 932 898 932 910 941 911 942 913 942 914 942 916 942 932 941 997 931 1045 938 1069 941 1070 941 1094 936 1131 929 1173 935 1201 938 1203 938 1225 933 1252 928 1276 932 1308 938 1310 938 1362 931 1372 929 1383 929 1450 936 1451 936 1499 926 1503 926 1506 926 1530 935 1531 935 1533 935 1534 935 1536 935 1549 926 1551 925 1561 925 1621 932 1622 932 1682 922 1683 908 1680 867 1598 864 1597 864 1595 864 1582 868 1566 872 1554 868 1542 864 1540 864 1539 864 1537 864 1536 864 1528 868 1521 874 1456 874 1447 870 1436 865 1435 865 1433 865 1432 865 1421 871 1411 877 1365 877 1359 872 1350 865 1348 865 1347 865 1345 865 1344 865 1319 872 1311 874 1293 872 1219 867 1218 867 1216 867 1195 875 1185 878 1174 875 1154 868 1152 868 1151 868 1149 868 1148 868 1148 870 1140 875 1136 880 1096 880 1063 877 986 870 984 870 983 870 981 870 981 871 971 878 968 881 939 880 883 875 881 875 880 875 868 881 864 883 861 881 844 874 843 874 841 874 840 874 825 881 820 884 774 884 773 883 757 872 755 872 754 872 752 872 751 872 749 872 737 883 734 886 639 886 641 922"/></Shape>
	    <String CONTENT="tum incurrente ſumptum. Efficiens igitur cauſa"
                    HPOS="639"
                    VPOS="864"
                    WIDTH="1044"
                    HEIGHT="83"
                    WC="0.976253623547761"></String>
          </TextLine>

          
          
          <TextLine ID="eSc_line_80ef7461"
                    TAGREFS="LT4318"
                    BASELINE="641 980 1683 963" 
                    HPOS="639"
                    VPOS="922"
                    WIDTH="1044"
                    HEIGHT="81">
            <Shape><Polygon POINTS="641 980 641 993 826 1003 828 1003 829 1003 859 990 861 990 867 990 951 1000 953 1000 1018 989 1048 999 1049 999 1051 999 1052 999 1072 989 1093 996 1094 996 1096 996 1145 986 1146 986 1148 986 1161 997 1163 997 1164 997 1165 999 1207 999 1207 997 1209 997 1247 986 1351 994 1353 994 1405 981 1409 981 1414 981 1454 993 1456 993 1457 993 1518 981 1574 991 1576 991 1577 991 1579 991 1594 978 1595 978 1682 978 1683 963 1680 932 1586 922 1585 922 1583 922 1554 931 1491 926 1490 926 1396 935 1345 929 1344 929 1265 936 1243 928 1241 928 1240 928 1238 928 1204 938 1155 929 1154 929 1107 939 1052 931 1051 931 1049 931 1012 942 823 942 733 935 731 935 652 936 651 936 649 936 639 944 641 980"/></Shape>
	    <String CONTENT="eſt Dei præceptum &amp; voluntas, quæ eam mulieri"
                    HPOS="639"
                    VPOS="922"
                    WIDTH="1044"
                    HEIGHT="81"
                    WC="0.986809983518389"></String>
          </TextLine>

          
          
          <TextLine ID="eSc_line_ed42bdfb"
                    TAGREFS="LT4318"
                    BASELINE="643 1041 1680 1021" 
                    HPOS="642"
                    VPOS="975"
                    WIDTH="1038"
                    HEIGHT="89">
            <Shape><Polygon POINTS="643 1041 643 1064 740 1052 771 1061 779 1063 780 1063 782 1063 783 1063 785 1063 788 1061 804 1051 864 1058 880 1060 881 1060 908 1057 981 1048 1029 1054 1038 1054 1039 1054 1041 1054 1042 1054 1042 1052 1054 1045 1316 1044 1322 1045 1351 1052 1353 1052 1354 1052 1441 1051 1442 1051 1444 1051 1453 1044 1567 1048 1569 1048 1613 1039 1622 1047 1624 1047 1625 1047 1627 1047 1680 1033 1680 1021 1677 987 1600 975 1598 975 1597 975 1577 983 1521 977 1519 977 1518 977 1516 977 1502 986 1441 978 1439 978 1438 978 1408 991 1360 991 1356 993 1354 993 1286 993 1261 983 1259 983 1258 983 1197 994 1197 996 1118 996 1103 986 1102 986 1100 986 1099 986 1097 986 1057 996 1045 986 1044 986 1042 986 1041 986 1039 986 1000 997 963 987 962 987 960 987 959 987 939 994 892 989 890 989 889 989 887 989 887 990 874 1000 874 1002 853 1002 706 1002 696 993 694 993 693 993 658 993 657 993 655 993 654 993 642 1000 643 1041"/></Shape>
	    <String CONTENT="pœnam inflixit. Incurrens autem, tranſgreſsio"
                    HPOS="642"
                    VPOS="975"
                    WIDTH="1038"
                    HEIGHT="89"
                    WC="0.993631418546041"></String>
          </TextLine>

          
          
          <TextLine ID="eSc_line_a90e5ced"
                    TAGREFS="LT4318"
                    BASELINE="643 1097 1686 1082" 
                    HPOS="642"
                    VPOS="1042"
                    WIDTH="1044"
                    HEIGHT="74">
            <Shape><Polygon POINTS="643 1097 643 1116 1686 1100 1686 1082 1682 1042 642 1057 643 1097"/></Shape>
	    <String CONTENT="mulieris, propter quam talem pœnam merita eſt"
                    HPOS="642"
                    VPOS="1042"
                    WIDTH="1044"
                    HEIGHT="74"
                    WC="0.986400571134355"></String>
          </TextLine>

          
          
          <TextLine ID="eSc_line_027f7522"
                    TAGREFS="LT4318"
                    BASELINE="642 1157 1688 1140" 
                    HPOS="641"
                    VPOS="1093"
                    WIDTH="1047"
                    HEIGHT="86">
            <Shape><Polygon POINTS="642 1157 642 1168 681 1176 682 1176 684 1176 701 1168 703 1168 722 1179 724 1179 725 1179 774 1168 783 1167 800 1168 871 1176 873 1176 874 1176 904 1167 913 1165 925 1167 963 1174 965 1174 966 1174 980 1167 986 1164 1116 1161 1145 1167 1151 1167 1152 1167 1167 1165 1235 1160 1250 1165 1258 1168 1259 1168 1261 1168 1311 1165 1415 1158 1448 1164 1463 1167 1464 1167 1688 1163 1688 1140 1683 1103 1558 1103 1505 1093 1503 1093 1502 1093 1500 1093 1500 1094 1488 1105 1487 1105 1420 1094 1418 1094 1316 1106 1302 1109 1250 1109 1249 1107 1228 1097 1226 1097 1225 1097 1186 1105 1072 1100 1070 1100 1069 1100 1067 1100 1055 1109 1055 1110 1052 1109 1021 1100 1020 1100 1018 1100 965 1110 956 1112 947 1110 908 1103 907 1103 905 1103 904 1103 904 1105 895 1112 892 1115 855 1115 850 1112 832 1103 831 1103 829 1103 828 1103 826 1103 826 1105 817 1112 815 1115 803 1112 767 1106 765 1106 764 1106 762 1106 751 1113 748 1115 742 1113 718 1106 716 1106 715 1106 713 1106 697 1113 691 1116 687 1113 669 1106 667 1106 666 1106 664 1106 641 1112 642 1157"/></Shape>
	    <String CONTENT="&amp; huic ſeruituti &amp; ſubiectioni addicta. Æquum"
                    HPOS="641"
                    VPOS="1093"
                    WIDTH="1047"
                    HEIGHT="86"
                    WC="0.990144415696462"></String>
          </TextLine>

          
          
          <TextLine ID="eSc_line_cde62413"
                    TAGREFS="LT4318"
                    BASELINE="641 1212 1685 1197" 
                    HPOS="639"
                    VPOS="1152"
                    WIDTH="1046"
                    HEIGHT="83">
            <Shape><Polygon POINTS="641 1212 641 1226 715 1235 716 1235 718 1235 746 1226 797 1234 798 1234 800 1234 801 1234 815 1225 815 1223 861 1223 868 1223 951 1232 953 1232 954 1232 956 1232 956 1231 966 1222 972 1222 1090 1229 1091 1229 1093 1229 1094 1229 1105 1221 1183 1226 1185 1226 1186 1226 1210 1219 1256 1228 1258 1228 1259 1228 1261 1228 1261 1226 1271 1218 1273 1218 1360 1225 1362 1225 1363 1225 1387 1216 1424 1225 1426 1225 1427 1225 1478 1218 1640 1222 1641 1222 1643 1222 1685 1210 1685 1197 1682 1164 1597 1152 1595 1152 1594 1152 1592 1152 1577 1164 1573 1165 1557 1164 1479 1154 1478 1154 1400 1164 1365 1170 1171 1170 1151 1165 1131 1160 1130 1160 1128 1160 1011 1161 1009 1161 1008 1161 1008 1163 1003 1165 994 1174 947 1174 856 1165 834 1164 832 1164 639 1165 641 1212"/></Shape>
	    <String CONTENT="enim fuit, vt quæ ſeipſam regere non potuit, alte¬"
                    HPOS="639"
                    VPOS="1152"
                    WIDTH="1046"
                    HEIGHT="83"
                    WC="0.980328220129013"></String>
          </TextLine>

          
          
          <TextLine ID="eSc_line_7b40ab39"
                    TAGREFS="LT4318"
                    BASELINE="643 1273 1683 1256" 
                    HPOS="642"
                    VPOS="1212"
                    WIDTH="1041"
                    HEIGHT="81">
            <Shape><Polygon POINTS="643 1273 643 1283 736 1293 737 1293 971 1280 1061 1287 1063 1287 1130 1277 1212 1284 1213 1284 1311 1276 1354 1283 1356 1283 1432 1276 1586 1280 1588 1280 1683 1267 1683 1256 1679 1212 1549 1221 1500 1215 1466 1212 1464 1212 1463 1212 1451 1216 1439 1222 1435 1218 1429 1213 1429 1212 1427 1212 1426 1212 1398 1212 1396 1212 1395 1212 1380 1218 1368 1223 1341 1219 1305 1213 1304 1213 1302 1213 1301 1213 1293 1221 1290 1223 1207 1226 1176 1223 1115 1216 1113 1216 1112 1216 1110 1216 1100 1225 1096 1228 1078 1225 1020 1218 1018 1218 939 1229 922 1231 917 1229 893 1221 892 1221 832 1221 831 1221 829 1221 828 1221 828 1222 816 1232 815 1234 642 1235 643 1273"/></Shape>
	    <String CONTENT="rius conſilio &amp; imperio regenda ſubiiceretur à"
                    HPOS="642"
                    VPOS="1212"
                    WIDTH="1041"
                    HEIGHT="81"
                    WC="0.987433384073542"></String>
          </TextLine>

          
          
          <TextLine ID="eSc_line_8b834b78"
                    TAGREFS="LT4318"
                    BASELINE="641 1332 1683 1314" 
                    HPOS="639"
                    VPOS="1267"
                    WIDTH="1044"
                    HEIGHT="84">
            <Shape><Polygon POINTS="641 1332 641 1344 725 1351 727 1351 728 1351 754 1342 758 1342 765 1342 806 1348 807 1348 878 1341 907 1339 948 1341 1066 1345 1067 1345 1069 1345 1084 1339 1091 1337 1105 1338 1133 1344 1134 1344 1180 1338 1203 1334 1682 1331 1683 1314 1679 1279 1585 1280 1580 1279 1560 1267 1558 1267 1557 1267 1502 1277 1481 1268 1479 1268 1478 1268 1476 1268 1475 1268 1461 1279 1456 1283 1415 1283 1390 1279 1344 1270 1342 1270 1267 1279 1210 1286 1200 1279 1191 1273 1189 1273 1188 1273 1186 1273 1185 1273 1164 1280 1160 1280 1143 1280 1070 1274 1069 1274 1067 1274 1066 1274 1058 1280 1048 1287 902 1290 883 1280 881 1279 880 1279 878 1279 812 1279 810 1279 809 1279 807 1279 806 1280 789 1295 721 1295 639 1281 641 1332"/></Shape>
	    <String CONTENT="Deo. Eſt autem ſubiecta viri imperio &amp; po¬"
                    HPOS="639"
                    VPOS="1267"
                    WIDTH="1044"
                    HEIGHT="84"
                    WC="0.994077909560431"></String>
          </TextLine>

          
          
          <TextLine ID="eSc_line_3c02d502"
                    TAGREFS="LT4318"
                    BASELINE="643 1387 1688 1374" 
                    HPOS="642"
                    VPOS="1326"
                    WIDTH="1046"
                    HEIGHT="83">
            <Shape><Polygon POINTS="643 1387 643 1402 853 1409 855 1409 856 1409 874 1399 875 1399 889 1399 1020 1406 1021 1406 1023 1406 1048 1397 1105 1406 1106 1406 1167 1396 1177 1405 1179 1405 1180 1405 1182 1406 1224 1406 1224 1405 1274 1395 1328 1403 1329 1403 1331 1403 1332 1403 1332 1402 1344 1393 1344 1392 1460 1392 1558 1400 1560 1400 1561 1400 1577 1393 1652 1399 1653 1399 1655 1399 1688 1387 1688 1374 1685 1332 1574 1326 1573 1326 1533 1334 1516 1337 1509 1334 1497 1329 1496 1329 1494 1329 1493 1329 1476 1335 1453 1342 1406 1335 1378 1332 1377 1332 1375 1332 1360 1337 1335 1344 1305 1338 1299 1337 1298 1337 1283 1338 1226 1344 1219 1338 1212 1332 1210 1332 1209 1332 1171 1332 1170 1332 1168 1332 1167 1332 1158 1339 1151 1345 1133 1339 1110 1334 1109 1334 1107 1334 1066 1341 1041 1345 1024 1341 991 1334 990 1334 989 1334 920 1335 919 1335 917 1335 907 1344 899 1350 873 1351 758 1351 740 1345 719 1339 718 1339 716 1339 642 1347 643 1387"/></Shape>
	    <String CONTENT="teſtati, vt eſt Geneſ. 3. Quanquam autem illud"
                    HPOS="642"
                    VPOS="1326"
                    WIDTH="1046"
                    HEIGHT="83"
                    WC="0.980936247369517"></String>
          </TextLine>

          
          
          <TextLine ID="eSc_line_29d92e22"
                    TAGREFS="LT4318"
                    BASELINE="643 1447 1683 1433" 
                    HPOS="642"
                    VPOS="1386"
                    WIDTH="1041"
                    HEIGHT="81">
            <Shape><Polygon POINTS="643 1447 643 1460 871 1467 873 1467 938 1460 959 1466 960 1466 962 1466 963 1466 986 1457 990 1455 1008 1457 1103 1464 1105 1464 1106 1464 1107 1464 1118 1455 1119 1455 1121 1455 1188 1463 1189 1463 1191 1463 1224 1454 1231 1453 1238 1454 1270 1460 1271 1460 1359 1453 1381 1451 1387 1453 1412 1460 1414 1460 1415 1460 1417 1460 1444 1451 1451 1450 1461 1451 1493 1457 1494 1457 1682 1448 1683 1433 1680 1396 1566 1386 1564 1386 1563 1386 1522 1397 1518 1397 1511 1397 1460 1390 1458 1390 1457 1390 1456 1390 1445 1397 1444 1399 1435 1397 1396 1392 1395 1392 1393 1392 1392 1392 1384 1399 1383 1400 1310 1400 1304 1399 1279 1390 1277 1390 1276 1390 1274 1390 1258 1397 1221 1393 1219 1393 1218 1393 1216 1393 1209 1400 1206 1402 1174 1400 1060 1393 1058 1393 1057 1393 1055 1393 1042 1402 1039 1403 1014 1402 916 1395 914 1395 874 1403 858 1406 774 1405 771 1405 761 1396 759 1396 758 1396 757 1396 642 1405 643 1447"/></Shape>
	    <String CONTENT="Moſis propriè pertinet ad virum &amp; mulierem"
                    HPOS="642"
                    VPOS="1386"
                    WIDTH="1041"
                    HEIGHT="81"
                    WC="0.986237578613814"></String>
          </TextLine>

          
          
          <TextLine ID="eSc_line_e491cbe2"
                    TAGREFS="LT4318"
                    BASELINE="641 1505 1680 1491" 
                    HPOS="639"
                    VPOS="1453"
                    WIDTH="1041"
                    HEIGHT="66">
            <Shape><Polygon POINTS="641 1505 641 1519 1679 1508 1680 1491 1676 1453 639 1463 641 1505"/></Shape>
	    <String CONTENT="coniuges inter ſe: non autem vt quilibet viri in"
                    HPOS="639"
                    VPOS="1453"
                    WIDTH="1041"
                    HEIGHT="66"
                    WC="0.993929301699003"></String>
          </TextLine>

          
          
          <TextLine ID="eSc_line_d1ae2c3a"
                    TAGREFS="LT4318"
                    BASELINE="642 1563 1682 1549" 
                    HPOS="641"
                    VPOS="1502"
                    WIDTH="1041"
                    HEIGHT="86">
            <Shape><Polygon POINTS="642 1563 642 1579 691 1588 693 1588 755 1579 774 1576 786 1577 820 1586 822 1586 823 1586 843 1577 847 1576 859 1577 898 1583 899 1583 954 1576 962 1576 972 1583 974 1583 975 1583 977 1583 978 1583 980 1583 989 1576 993 1573 1051 1573 1064 1576 1100 1583 1102 1583 1134 1582 1136 1582 1137 1582 1137 1580 1145 1574 1148 1571 1158 1574 1185 1582 1186 1582 1188 1582 1189 1582 1191 1582 1201 1574 1206 1571 1224 1574 1273 1580 1274 1580 1311 1573 1335 1569 1403 1569 1409 1571 1417 1579 1418 1579 1420 1579 1421 1579 1467 1571 1494 1567 1552 1570 1640 1576 1641 1576 1680 1569 1682 1549 1679 1509 1635 1502 1634 1502 1632 1502 1601 1509 1592 1512 1586 1511 1566 1502 1564 1502 1563 1502 1512 1512 1491 1515 1485 1512 1469 1503 1467 1503 1466 1503 1464 1503 1463 1503 1448 1512 1444 1515 1438 1512 1418 1505 1417 1505 1415 1505 1414 1505 1389 1513 1378 1516 1368 1513 1335 1505 1334 1505 1332 1505 1241 1516 1224 1518 1216 1516 1186 1508 1185 1508 1183 1508 1182 1508 1180 1508 1168 1518 1165 1521 1100 1521 1096 1518 1060 1509 1058 1509 1057 1509 1055 1509 1024 1519 1021 1521 1017 1519 989 1509 987 1509 986 1509 884 1522 868 1525 795 1525 794 1524 758 1512 757 1512 755 1512 754 1512 722 1525 721 1525 718 1525 661 1516 660 1516 658 1516 641 1524 642 1563"/></Shape>
	    <String CONTENT="quaſlibet mulieres imperium ſibi arripiant:tamẽ"
                    HPOS="641"
                    VPOS="1502"
                    WIDTH="1041"
                    HEIGHT="86"
                    WC="0.981727785120408"></String>
          </TextLine>

          
          
          <TextLine ID="eSc_line_1f5ca93a"
                    TAGREFS="LT4318"
                    BASELINE="639 1621 1676 1606" 
                    HPOS="638"
                    VPOS="1564"
                    WIDTH="1038"
                    HEIGHT="79">
            <Shape><Polygon POINTS="639 1621 639 1635 919 1643 920 1643 922 1643 923 1643 933 1634 959 1641 960 1641 962 1641 1047 1631 1051 1631 1055 1631 1124 1640 1125 1640 1127 1640 1155 1629 1157 1629 1185 1638 1186 1638 1188 1638 1244 1629 1332 1637 1334 1637 1335 1637 1363 1627 1365 1627 1366 1627 1384 1635 1386 1635 1387 1635 1389 1635 1390 1635 1403 1627 1445 1635 1447 1635 1448 1635 1467 1625 1469 1625 1473 1625 1524 1634 1525 1634 1527 1634 1528 1634 1540 1625 1676 1622 1676 1606 1671 1573 1497 1574 1496 1574 1466 1564 1464 1564 1463 1564 1461 1564 1460 1564 1442 1576 1438 1576 1386 1566 1384 1566 1383 1566 1359 1576 1340 1567 1338 1567 1337 1567 1139 1580 1122 1580 1103 1580 844 1573 843 1573 841 1573 803 1585 801 1585 764 1574 762 1574 761 1574 759 1574 737 1586 736 1586 728 1586 663 1579 661 1579 660 1579 638 1585 639 1621"/></Shape>
	    <String CONTENT="ex eo intelligitur, in quem gradum viri ſupra mu¬"
                    HPOS="638"
                    VPOS="1564"
                    WIDTH="1038"
                    HEIGHT="79"
                    WC="0.981124337838621"></String>
          </TextLine>

          
          
          <TextLine ID="eSc_line_f3c31a89"
                    TAGREFS="LT4318"
                    BASELINE="642 1679 1680 1667" 
                    HPOS="641"
                    VPOS="1622"
                    WIDTH="1039"
                    HEIGHT="79">
            <Shape><Polygon POINTS="642 1679 642 1690 767 1701 768 1701 853 1690 899 1699 901 1699 951 1692 1029 1698 1030 1698 1032 1698 1070 1687 1145 1696 1146 1696 1148 1696 1149 1696 1165 1686 1171 1686 1273 1695 1274 1695 1276 1695 1277 1695 1292 1685 1293 1685 1299 1685 1375 1692 1377 1692 1441 1683 1444 1683 1445 1683 1454 1692 1456 1692 1457 1692 1458 1693 1493 1693 1493 1692 1494 1692 1496 1692 1506 1683 1542 1690 1543 1690 1545 1690 1546 1690 1546 1689 1548 1689 1552 1682 1679 1680 1680 1667 1677 1627 1653 1622 1652 1622 1650 1622 1638 1627 1621 1632 1580 1627 1549 1622 1548 1622 1522 1627 1490 1634 1466 1628 1453 1624 1451 1624 1450 1624 1448 1624 1438 1628 1417 1637 1201 1637 1183 1629 1176 1627 1174 1627 1173 1627 1171 1627 1170 1627 1167 1629 1154 1638 1061 1629 1030 1628 1029 1628 1012 1631 966 1640 932 1631 925 1629 923 1629 922 1629 920 1629 916 1631 898 1641 864 1632 862 1632 861 1632 859 1632 835 1641 791 1635 789 1635 743 1643 710 1632 709 1632 707 1632 706 1632 641 1632 642 1679"/></Shape>
	    <String CONTENT="lieres euecti ſint à Deo. Propter tranſgreſsionẽ"
                    HPOS="641"
                    VPOS="1622"
                    WIDTH="1039"
                    HEIGHT="79"
                    WC="0.990508601665497"></String>
          </TextLine>

          
          
          <TextLine ID="eSc_line_60637889"
                    TAGREFS="LT4318"
                    BASELINE="641 1737 1677 1725" 
                    HPOS="639"
                    VPOS="1680"
                    WIDTH="1038"
                    HEIGHT="77">
            <Shape><Polygon POINTS="641 1737 641 1757 1676 1745 1677 1725 1674 1692 1567 1680 1566 1680 1564 1680 1563 1680 1543 1692 1511 1682 1509 1682 1508 1682 1506 1682 1473 1692 1427 1682 1426 1682 1424 1682 1423 1682 1423 1683 1409 1695 1329 1695 1289 1683 1287 1683 1286 1683 1284 1683 1283 1683 1283 1685 1271 1695 1246 1685 1244 1685 1243 1685 1137 1696 1044 1686 1042 1686 1041 1686 1039 1686 1026 1695 932 1687 931 1687 841 1698 795 1692 794 1692 792 1692 765 1701 684 1693 682 1693 639 1702 641 1737"/></Shape>
	    <String CONTENT="autem mulieris facta iam eſt durior &amp; ſeruilior"
                    HPOS="639"
                    VPOS="1680"
                    WIDTH="1038"
                    HEIGHT="77"
                    WC="0.989400119223493"></String>
          </TextLine>

          
          
          <TextLine ID="eSc_line_4821cff0"
                    TAGREFS="LT4318"
                    BASELINE="639 1796 1679 1784" 
                    HPOS="638"
                    VPOS="1738"
                    WIDTH="1041"
                    HEIGHT="79">
            <Shape><Polygon POINTS="639 1796 639 1809 712 1817 713 1817 748 1809 749 1809 755 1809 870 1815 871 1815 914 1808 917 1808 923 1808 1026 1814 1027 1814 1151 1812 1152 1812 1154 1812 1154 1811 1160 1805 1163 1804 1191 1805 1262 1811 1264 1811 1311 1805 1332 1802 1677 1802 1679 1784 1676 1748 1560 1738 1558 1738 1557 1738 1555 1738 1540 1750 1539 1750 1533 1750 1458 1740 1457 1740 1456 1740 1454 1740 1439 1750 1439 1751 1399 1751 1386 1751 1298 1744 1296 1744 1295 1744 1277 1751 1255 1743 1253 1743 1252 1743 1250 1743 1226 1753 1225 1753 1224 1753 1185 1743 1183 1743 1182 1743 1180 1743 1155 1754 1152 1754 1140 1754 1055 1747 1054 1747 1009 1756 1006 1756 1005 1756 994 1747 994 1745 993 1745 991 1745 923 1745 922 1745 822 1757 820 1757 807 1747 806 1747 804 1747 803 1747 761 1756 722 1748 721 1748 719 1748 718 1748 704 1759 681 1748 679 1748 678 1748 676 1748 638 1757 639 1796"/></Shape>
	    <String CONTENT="mulieris conditio, quæ ad virum tantùm ſuum"
                    HPOS="638"
                    VPOS="1738"
                    WIDTH="1041"
                    HEIGHT="79"
                    WC="0.987601165067066"></String>
          </TextLine>

          
          
          <TextLine ID="eSc_line_e91e7bca"
                    TAGREFS="LT4318"
                    BASELINE="639 1854 1679 1841" 
                    HPOS="638"
                    VPOS="1795"
                    WIDTH="1041"
                    HEIGHT="81">
            <Shape><Polygon POINTS="639 1854 639 1869 752 1876 754 1876 755 1876 774 1867 776 1867 785 1867 858 1875 859 1875 913 1866 919 1866 931 1866 1051 1872 1052 1872 1164 1863 1170 1863 1171 1863 1197 1870 1198 1870 1200 1870 1201 1870 1203 1870 1215 1862 1218 1862 1229 1862 1320 1869 1322 1869 1369 1860 1374 1860 1378 1860 1432 1867 1433 1867 1435 1867 1451 1859 1453 1859 1466 1859 1560 1866 1561 1866 1563 1866 1564 1866 1564 1864 1572 1857 1573 1857 1576 1857 1610 1864 1612 1864 1679 1856 1679 1841 1676 1802 1632 1796 1631 1796 1600 1802 1586 1805 1580 1802 1564 1795 1563 1795 1561 1795 1560 1795 1558 1795 1558 1796 1551 1804 1546 1806 1530 1804 1491 1796 1490 1796 1488 1796 1487 1796 1478 1804 1473 1806 1454 1804 1403 1798 1402 1798 1400 1798 1399 1798 1389 1805 1384 1808 1375 1805 1351 1798 1350 1798 1348 1798 1347 1798 1345 1798 1334 1805 1328 1809 1310 1806 1273 1799 1271 1799 1270 1799 1268 1799 1268 1801 1261 1806 1256 1811 1212 1812 1073 1812 1069 1809 1060 1802 1058 1802 1057 1802 1029 1802 1027 1802 1026 1802 1011 1809 1006 1812 972 1811 874 1804 873 1804 834 1812 817 1817 733 1817 725 1814 712 1806 710 1806 709 1806 638 1814 639 1854"/></Shape>
	    <String CONTENT="tanquam ad ſuum finem tunc ſpectabat. Sed nũc"
                    HPOS="638"
                    VPOS="1795"
                    WIDTH="1041"
                    HEIGHT="81"
                    WC="0.975353993799375"></String>
          </TextLine>

          
          
          <TextLine ID="eSc_line_b16b574d"
                    TAGREFS="LT4318"
                    BASELINE="636 1912 1677 1902" 
                    HPOS="635"
                    VPOS="1854"
                    WIDTH="1042"
                    HEIGHT="74">
            <Shape><Polygon POINTS="636 1912 636 1928 1229 1920 1258 1920 1372 1925 1374 1925 1375 1925 1377 1925 1377 1924 1383 1918 1384 1918 1412 1918 1635 1922 1637 1922 1677 1914 1677 1902 1676 1862 1656 1854 1655 1854 1653 1854 1652 1854 1650 1854 1640 1862 1634 1866 1628 1862 1625 1859 1624 1859 1622 1859 1621 1859 1595 1863 1572 1866 1561 1863 1539 1854 1537 1854 1536 1854 1534 1854 1533 1854 1522 1863 1516 1867 1497 1863 1476 1860 1475 1860 1473 1860 1457 1864 1444 1867 1427 1864 1377 1856 1375 1856 1319 1866 1302 1869 1298 1866 1283 1857 1282 1857 1280 1857 1243 1857 1241 1857 1240 1857 1238 1857 1225 1867 1224 1869 1219 1867 1200 1862 1198 1862 1197 1862 1140 1867 1127 1859 1125 1859 1124 1859 1122 1859 1052 1860 1051 1860 1021 1867 991 1860 990 1860 989 1860 987 1860 986 1860 972 1870 969 1873 898 1873 892 1872 864 1862 862 1862 861 1862 789 1873 777 1876 635 1876 636 1912"/></Shape>
	    <String CONTENT="ærumna &amp; iugum additum eſt huic ſeruituti, quæ"
                    HPOS="635"
                    VPOS="1854"
                    WIDTH="1042"
                    HEIGHT="74"
                    WC="0.993570115255273"></String>
          </TextLine>

          
          
          <TextLine ID="eSc_line_9b49c9c6"
                    TAGREFS="LT4318"
                    BASELINE="638 1972 1676 1958" 
                    HPOS="636"
                    VPOS="1912"
                    WIDTH="1040"
                    HEIGHT="83">
            <Shape><Polygon POINTS="638 1972 638 1995 754 1985 855 1992 865 1992 867 1992 868 1992 870 1992 893 1983 1030 1989 1047 1989 1048 1989 1054 1989 1099 1980 1125 1988 1127 1988 1128 1988 1130 1988 1131 1988 1133 1988 1152 1980 1277 1985 1326 1986 1328 1986 1329 1986 1335 1983 1351 1978 1411 1983 1439 1985 1441 1985 1456 1982 1481 1976 1500 1980 1509 1983 1511 1983 1512 1983 1536 1980 1580 1975 1673 1978 1676 1958 1673 1922 1631 1912 1630 1912 1435 1924 1386 1915 1384 1915 1383 1915 1381 1915 1368 1924 1304 1918 1302 1918 1255 1925 1225 1917 1224 1917 1222 1917 1221 1917 1219 1917 1203 1927 1099 1918 1097 1918 1096 1918 1078 1925 1047 1920 1045 1920 989 1928 974 1921 972 1921 971 1921 864 1931 684 1924 682 1924 636 1934 638 1972"/></Shape>
	    <String CONTENT="prius erat omnino &amp; liberalis &amp; voluntaria. Nũc"
                    HPOS="636"
                    VPOS="1912"
                    WIDTH="1040"
                    HEIGHT="83"
                    WC="0.990911533435186"></String>
          </TextLine>

          
          
          <TextLine ID="eSc_line_e333a0e3"
                    TAGREFS="LT4318"
                    BASELINE="636 2028 1679 2016" 
                    HPOS="635"
                    VPOS="1970"
                    WIDTH="1044"
                    HEIGHT="80">
            <Shape><Polygon POINTS="636 2028 636 2043 748 2050 749 2050 751 2050 752 2050 764 2043 765 2041 777 2043 829 2049 831 2049 832 2049 861 2041 865 2041 881 2041 1012 2047 1014 2047 1015 2047 1030 2040 1035 2038 1044 2040 1072 2046 1073 2046 1103 2040 1112 2038 1148 2040 1286 2044 1287 2044 1289 2044 1290 2044 1301 2038 1305 2036 1328 2038 1372 2043 1374 2043 1417 2037 1441 2034 1458 2037 1487 2041 1488 2043 1542 2043 1542 2041 1543 2041 1545 2041 1551 2036 1555 2033 1570 2036 1592 2040 1594 2040 1679 2034 1679 2016 1676 1973 1603 1970 1601 1970 1600 1970 1598 1970 1598 1972 1595 1975 1586 1980 1555 1975 1551 1975 1549 1975 1548 1975 1546 1975 1524 1982 1515 1976 1511 1972 1509 1972 1508 1972 1476 1972 1475 1972 1473 1972 1472 1972 1466 1976 1457 1983 1396 1983 1347 1979 1287 1973 1286 1973 1284 1973 1283 1973 1273 1980 1265 1985 1243 1980 1207 1975 1206 1975 1204 1975 1203 1975 1194 1982 1188 1986 1154 1986 1142 1983 1121 1976 1119 1976 1118 1976 1116 1976 1093 1983 1084 1986 1045 1985 899 1978 898 1978 896 1978 895 1978 878 1988 875 1991 803 1991 803 1989 779 1979 777 1979 776 1979 774 1979 773 1979 759 1991 758 1991 757 1991 703 1980 701 1980 700 1980 699 1980 681 1992 635 1992 636 2028"/></Shape>
	    <String CONTENT="enim dura eſt, etiam cùm eſt ad virum &amp; maritũ"
                    HPOS="635"
                    VPOS="1970"
                    WIDTH="1044"
                    HEIGHT="80"
                    WC="0.996958294262489"></String>
          </TextLine>

          
          
          <TextLine ID="eSc_line_a8ad59c4"
                    TAGREFS="LT4318"
                    BASELINE="635 2086 1677 2074" 
                    HPOS="633"
                    VPOS="2028"
                    WIDTH="1044"
                    HEIGHT="85">
            <Shape><Polygon POINTS="635 2086 635 2113 704 2105 719 2111 722 2113 724 2113 725 2113 727 2113 731 2111 765 2101 807 2107 809 2107 810 2107 823 2099 831 2107 832 2107 834 2107 835 2107 919 2099 931 2107 932 2110 933 2110 935 2110 936 2111 984 2111 984 2110 986 2110 996 2107 1024 2096 1038 2105 1042 2108 1044 2108 1045 2108 1047 2110 1081 2110 1081 2108 1082 2108 1084 2108 1090 2104 1102 2096 1167 2102 1212 2107 1213 2107 1250 2101 1301 2094 1378 2098 1418 2101 1420 2101 1447 2098 1482 2092 1506 2096 1533 2101 1534 2101 1566 2095 1588 2091 1601 2094 1624 2101 1625 2101 1627 2101 1628 2101 1630 2101 1640 2094 1646 2091 1674 2092 1677 2074 1674 2038 1600 2028 1598 2028 1597 2028 1577 2038 1576 2040 1502 2040 1500 2040 1485 2030 1484 2030 1482 2030 1481 2030 1479 2030 1458 2040 1457 2041 1363 2041 1359 2041 1302 2031 1301 2031 1299 2031 1298 2031 1289 2040 1197 2043 1188 2043 1154 2033 1152 2033 1151 2033 932 2046 928 2046 892 2036 890 2036 889 2036 887 2036 886 2036 868 2047 867 2047 859 2047 765 2037 764 2037 724 2038 722 2038 721 2038 721 2040 710 2049 709 2049 673 2041 672 2041 633 2049 635 2086"/></Shape>
	    <String CONTENT="proprium. Ex quo ipſo apparet Deum &amp; confir¬"
                    HPOS="633"
                    VPOS="2028"
                    WIDTH="1044"
                    HEIGHT="85"
                    WC="0.999769739129327"></String>
          </TextLine>

          
          
          <TextLine ID="eSc_line_9cdb68fb"
                    TAGREFS="LT4318"
                    BASELINE="629 2147 1676 2134" 
                    HPOS="627"
                    VPOS="2091"
                    WIDTH="1049"
                    HEIGHT="102">
            <Shape><Polygon POINTS="629 2147 629 2186 663 2189 664 2189 666 2189 667 2189 670 2186 697 2168 734 2168 757 2184 765 2192 767 2192 768 2192 770 2193 804 2193 804 2192 806 2192 825 2183 862 2165 1014 2165 1035 2178 1048 2189 1049 2189 1051 2189 1052 2189 1209 2187 1210 2187 1234 2174 1238 2172 1252 2174 1322 2184 1323 2184 1325 2184 1356 2172 1368 2168 1380 2171 1392 2175 1393 2175 1395 2175 1396 2175 1405 2171 1429 2159 1456 2168 1457 2168 1458 2168 1481 2163 1488 2169 1493 2174 1494 2174 1496 2174 1497 2174 1499 2174 1509 2169 1531 2159 1569 2168 1583 2171 1585 2171 1586 2171 1595 2168 1613 2159 1673 2165 1676 2134 1673 2096 1607 2091 1606 2091 1604 2091 1592 2096 1585 2101 1579 2098 1569 2092 1567 2092 1566 2092 1564 2092 1554 2098 1543 2104 1463 2104 1450 2099 1420 2092 1418 2092 1417 2092 1377 2101 1362 2104 1354 2101 1335 2094 1334 2094 1332 2094 1331 2094 1314 2102 1307 2107 1267 2107 1255 2102 1221 2094 1219 2094 1218 2094 1216 2094 1215 2094 1203 2104 1200 2107 1194 2104 1176 2096 1174 2096 1173 2096 1171 2096 1155 2104 1149 2107 1140 2105 1105 2095 1103 2095 1102 2095 1100 2095 1066 2107 1058 2108 1057 2107 1045 2096 1044 2096 1042 2096 997 2096 996 2096 994 2096 993 2096 975 2108 972 2110 956 2108 905 2101 904 2101 858 2110 855 2110 852 2110 815 2099 813 2099 812 2099 749 2111 740 2113 739 2111 724 2101 722 2101 721 2101 691 2101 690 2101 627 2113 629 2147"/></Shape>
	    <String CONTENT="maſſe priorem ſubiectionem, &amp; eam propter"
                    HPOS="627"
                    VPOS="2091"
                    WIDTH="1049"
                    HEIGHT="102"
                    WC="0.987369639117543"></String>
          </TextLine>

          
        </TextBlock>
        
        <TextBlock HPOS="1438.5675048828125"
                   VPOS="2163.462646484375"
                   WIDTH="229.804931640625"
                   HEIGHT="63.080078125"
                   ID="block_4"
                   TAGREFS="BT10978">
          <Shape><Polygon POINTS="1438.57 2163.46 1668.37 2163.46 1668.37 2226.54 1438.57 2226.54 1438.57 2163.46"/></Shape>
          
          
          <TextLine ID="eSc_line_f89c69dc"
                    TAGREFS="LT4318"
                    BASELINE="1441 2195 1668 2195" 
                    HPOS="1441"
                    VPOS="2162"
                    WIDTH="227"
                    HEIGHT="83">
            <Shape><Polygon POINTS="1441 2195 1441 2241 1570 2232 1601 2242 1610 2245 1612 2245 1613 2245 1668 2242 1668 2195 1668 2162 1441 2162 1441 2195"/></Shape>
	    <String CONTENT="peccatum"
                    HPOS="1441"
                    VPOS="2162"
                    WIDTH="227"
                    HEIGHT="83"
                    WC="0.996429309248924"></String>
          </TextLine>

          
        </TextBlock>
        

        
      </PrintSpace>
    </Page>
  </Layout>
</alto>
