<?xml version="1.0" encoding="UTF-8"?>
<alto xmlns:xsi="http://www.w3.org/2001/XMLSchema-instance"
      xmlns="http://www.loc.gov/standards/alto/ns-v4#"
      xsi:schemaLocation="http://www.loc.gov/standards/alto/ns-v4# http://www.loc.gov/standards/alto/v4/alto-4-2.xsd">
  <Description>
    <MeasurementUnit>pixel</MeasurementUnit>
    <sourceImageInformation>
      <fileName>2013003.png</fileName>
      
    </sourceImageInformation>
  </Description>
  
  <Tags>
    <OtherTag ID="BT10983" LABEL="GraphicZone" DESCRIPTION="block type GraphicZone"/><OtherTag ID="BT10982" LABEL="DropCapitalZone" DESCRIPTION="block type DropCapitalZone"/><OtherTag ID="BT10981" LABEL="RunningTitleZone" DESCRIPTION="block type RunningTitleZone"/><OtherTag ID="BT10980" LABEL="NumberingZone" DESCRIPTION="block type NumberingZone"/><OtherTag ID="BT10979" LABEL="TitlePageZone" DESCRIPTION="block type TitlePageZone"/><OtherTag ID="BT10978" LABEL="QuireMarksZone" DESCRIPTION="block type QuireMarksZone"/><OtherTag ID="BT10977" LABEL="MainZone" DESCRIPTION="block type MainZone"/><OtherTag ID="BT10976" LABEL="MarginTextZone" DESCRIPTION="block type MarginTextZone"/>
    <OtherTag ID="LT4321" LABEL="default" DESCRIPTION="line type default"/><OtherTag ID="LT4319" LABEL="HeadingLine" DESCRIPTION="line type HeadingLine"/><OtherTag ID="LT4318" LABEL="DefaultLine" DESCRIPTION="line type DefaultLine"/><OtherTag ID="LT4320" LABEL="CustomLine : BiblicalText" DESCRIPTION="line type CustomLine : BiblicalText"/>
  </Tags>
  
  <Layout>
    <Page WIDTH="1807"
          HEIGHT="2677"
          PHYSICAL_IMG_NR="50"
          ID="eSc_dummypage_">
      <PrintSpace HPOS="0"
                  VPOS="0"
                  WIDTH="1807"
                  HEIGHT="2677">
        
        <TextBlock HPOS="461"
                   VPOS="162"
                   WIDTH="306"
                   HEIGHT="63"
                   ID="block_3"
                   TAGREFS="BT10981">
          <Shape><Polygon POINTS="767 162 767 225 461 225 461 162"/></Shape>
          
          
          <TextLine ID="eSc_line_134af408"
                    TAGREFS="LT4319"
                    BASELINE="459 208 762 206" 
                    HPOS="458"
                    VPOS="154"
                    WIDTH="304"
                    HEIGHT="72">
            <Shape><Polygon POINTS="696 159 687 159 678 165 670 159 666 159 651 157 648 157 612 165 600 166 588 163 563 157 562 157 560 157 530 163 513 166 507 162 498 154 496 154 495 154 493 154 475 157 472 159 458 171 459 208 459 223 639 226 641 226 684 218 691 217 694 218 713 226 715 226 716 226 761 215 762 206 759 168 710 159"/></Shape>
	    <String CONTENT="CAPVT I."
                    HPOS="458"
                    VPOS="154"
                    WIDTH="304"
                    HEIGHT="72"
                    WC="0.957472756505013"></String>
          </TextLine>

          
        </TextBlock>
        
        <TextBlock HPOS="1090"
                   VPOS="174"
                   WIDTH="71"
                   HEIGHT="50"
                   ID="block_4"
                   TAGREFS="BT10980">
          <Shape><Polygon POINTS="1161 174 1161 224 1090 224 1090 174"/></Shape>
          
          
          <TextLine ID="eSc_line_6f5ca6ad"
                    TAGREFS="LT4318"
                    BASELINE="1100 212 1157 209" 
                    HPOS="1097"
                    VPOS="160"
                    WIDTH="60"
                    HEIGHT="80">
            <Shape><Polygon POINTS="1142 169 1127 166 1112 163 1097 160 1100 212 1102 240 1157 234 1157 209 1152 171 1142 169"/></Shape>
	    <String CONTENT="91"
                    HPOS="1097"
                    VPOS="160"
                    WIDTH="60"
                    HEIGHT="80"
                    WC="0.999917447566986"></String>
          </TextLine>

          
        </TextBlock>
        
        <TextBlock HPOS="92"
                   VPOS="228"
                   WIDTH="1075"
                   HEIGHT="2002"
                   ID="block_2"
                   TAGREFS="BT10977">
          <Shape><Polygon POINTS="1167 228 1167 2230 92 2230 92 228"/></Shape>
          
          
          <TextLine ID="eSc_line_6b4954ca"
                    TAGREFS="LT4318"
                    BASELINE="116 279 1163 272" 
                    HPOS="114"
                    VPOS="218"
                    WIDTH="1049"
                    HEIGHT="85">
            <Shape><Polygon POINTS="218 227 203 227 188 229 174 229 168 229 124 233 114 242 116 279 116 297 169 294 179 297 193 303 194 303 196 303 197 303 212 297 223 294 264 297 322 303 324 303 325 303 346 297 367 292 474 292 495 297 508 301 510 301 511 301 513 301 523 297 538 291 652 291 667 297 673 300 675 300 676 300 678 300 682 297 696 291 715 297 716 297 718 297 791 290 828 297 834 298 835 300 929 300 929 298 931 298 933 297 953 290 962 297 963 297 965 297 966 298 1061 298 1061 297 1063 297 1064 297 1076 290 1160 297 1163 272 1160 232 978 218 977 218 975 218 951 232 950 232 945 232 865 220 864 220 862 220 861 220 861 221 849 232 819 223 817 223 816 223 815 223 813 223 806 230 789 224 788 224 786 224 642 233 620 233 611 233 550 223 548 223 547 223 508 233 501 234 496 233 477 223 475 223 406 223 404 223 403 223 374 233 373 233 368 233 310 226 309 226 226 232 218 226 218 227"/></Shape>
	    <String CONTENT="uorat, atque ſuſcipit mater, Deo grata eſt, &amp; in"
                    HPOS="114"
                    VPOS="218"
                    WIDTH="1049"
                    HEIGHT="85"
                    WC="0.982173327356577"></String>
          </TextLine>

          
          
          <TextLine ID="eSc_line_e3671f5e"
                    TAGREFS="LT4318"
                    BASELINE="117 336 1163 330" 
                    HPOS="116"
                    VPOS="284"
                    WIDTH="1047"
                    HEIGHT="75">
            <Shape><Polygon POINTS="117 352 319 352 324 353 343 359 345 359 346 359 398 353 434 349 496 353 563 358 565 358 587 353 609 349 675 353 719 356 721 356 722 356 724 356 727 353 734 348 768 353 779 355 780 355 788 353 815 348 829 353 837 356 838 356 840 358 840 356 841 356 849 353 864 348 978 353 1006 355 1008 355 1015 353 1055 346 1066 353 1066 355 1067 355 1069 355 1070 355 1163 353 1163 330 1160 295 1113 295 1113 294 1100 284 1099 284 1097 284 1096 284 1003 294 996 294 989 294 920 287 919 287 917 287 893 292 883 295 861 292 817 288 816 288 771 292 740 295 734 292 724 285 722 285 721 285 719 285 672 292 666 292 657 292 621 287 620 287 618 287 617 287 617 288 612 291 605 297 582 291 560 287 559 287 530 291 496 297 450 291 417 287 416 287 414 287 401 291 374 298 116 290 117 336"/></Shape>
	    <String CONTENT="ſua vocatione incedit: ad trimatum autem vſque"
                    HPOS="116"
                    VPOS="284"
                    WIDTH="1047"
                    HEIGHT="75"
                    WC="0.987372123676798"></String>
          </TextLine>

          
          
          <TextLine ID="eSc_line_3c0c63b2"
                    TAGREFS="LT4318"
                    BASELINE="118 394 1158 389" 
                    HPOS="117"
                    VPOS="340"
                    WIDTH="1041"
                    HEIGHT="79">
            <Shape><Polygon POINTS="118 419 178 407 428 407 450 416 452 416 453 416 455 416 478 406 538 414 539 414 585 406 752 416 754 416 873 404 956 414 957 414 1023 404 1155 414 1158 389 1155 352 1081 352 1081 350 1069 342 1069 340 1067 340 1066 340 1064 340 1063 340 1030 350 919 340 917 340 849 350 847 350 846 350 813 340 812 340 810 340 727 342 725 342 724 342 710 350 709 350 667 342 666 342 664 342 663 342 663 343 654 350 651 352 611 350 486 345 484 345 443 350 419 353 414 350 407 345 407 343 406 343 404 343 403 343 364 350 345 353 325 350 290 343 288 343 117 349 118 394"/></Shape>
	    <String CONTENT="lex Ciuilis iubet vt mater ipſa alat liberos ſuos,"
                    HPOS="117"
                    VPOS="340"
                    WIDTH="1041"
                    HEIGHT="79"
                    WC="0.990316989421844"></String>
          </TextLine>

          
          
          <TextLine ID="eSc_line_b3c0c30c"
                    TAGREFS="LT4318"
                    BASELINE="117 453 638 449" 
                    HPOS="116"
                    VPOS="403"
                    WIDTH="522"
                    HEIGHT="72">
            <Shape><Polygon POINTS="117 453 117 468 288 475 290 475 291 475 321 466 322 466 327 466 425 474 426 474 469 465 471 465 490 465 584 465 602 472 603 472 605 472 606 472 638 462 638 449 635 416 596 407 594 407 545 414 544 414 541 414 472 403 471 403 417 414 406 417 345 417 339 413 318 404 316 404 315 404 313 404 291 413 279 419 232 419 226 413 218 407 218 406 217 406 215 406 214 406 116 411 117 453"/></Shape>
	    <String CONTENT="eóſque præcipuè curet."
                    HPOS="116"
                    VPOS="403"
                    WIDTH="522"
                    HEIGHT="72"
                    WC="0.955557813247045"></String>
          </TextLine>

          
          
          <TextLine ID="eSc_line_7d894d59"
                    TAGREFS="LT4318"
                    BASELINE="168 508 1160 505" 
                    HPOS="166"
                    VPOS="459"
                    WIDTH="994"
                    HEIGHT="71">
            <Shape><Polygon POINTS="168 508 168 524 258 523 266 524 284 530 285 530 287 530 346 524 361 523 364 524 376 530 377 530 379 530 422 523 428 523 434 523 466 530 468 530 469 530 490 523 493 523 626 523 658 530 660 530 661 530 718 522 722 522 724 522 745 529 746 529 748 529 923 522 951 529 953 529 954 530 1134 530 1134 529 1136 529 1160 519 1160 505 1157 469 1023 469 1018 468 974 459 972 459 971 459 947 468 944 468 939 468 898 459 896 459 777 466 745 468 730 466 685 459 684 459 682 459 663 466 651 471 608 471 602 465 597 461 596 461 594 461 593 461 562 465 535 469 520 465 505 461 504 461 502 461 501 461 486 465 469 469 452 465 437 461 435 461 310 461 309 461 307 461 306 461 306 462 303 464 297 469 270 464 254 461 252 461 251 461 242 464 220 469 166 464 168 508"/></Shape>
	    <String CONTENT="Sed addit Paulus alias quoque virtutes, quas"
                    HPOS="166"
                    VPOS="459"
                    WIDTH="994"
                    HEIGHT="71"
                    WC="0.980178188193928"></String>
          </TextLine>

          
          
          <TextLine ID="eSc_line_c9ad488e"
                    TAGREFS="LT4318"
                    BASELINE="113 569 1157 566" 
                    HPOS="111"
                    VPOS="517"
                    WIDTH="1046"
                    HEIGHT="68">
            <Shape><Polygon POINTS="113 569 113 582 1154 585 1157 566 1154 530 1113 522 1112 522 1047 530 1039 530 1038 530 1008 517 1006 517 1005 517 939 529 911 519 910 519 777 517 776 517 774 517 754 526 734 519 733 519 731 519 730 519 713 527 704 520 703 520 701 520 700 520 651 523 649 523 632 530 629 532 626 530 594 519 593 519 591 519 535 530 529 533 508 533 507 532 490 519 489 519 487 519 486 519 484 519 434 532 429 532 376 532 365 532 342 519 340 519 339 519 337 519 301 532 298 533 203 533 202 532 185 519 184 519 182 519 133 519 132 519 130 519 129 519 111 527 113 569"/></Shape>
	    <String CONTENT="eſſe neceſſarias oſtendit, vt mulier Deo placeat,"
                    HPOS="111"
                    VPOS="517"
                    WIDTH="1046"
                    HEIGHT="68"
                    WC="0.986869016472174"></String>
          </TextLine>

          
          
          <TextLine ID="eSc_line_4e889988"
                    TAGREFS="LT4318"
                    BASELINE="116 627 1154 623" 
                    HPOS="114"
                    VPOS="578"
                    WIDTH="1040"
                    HEIGHT="71">
            <Shape><Polygon POINTS="116 627 116 649 237 640 327 646 345 648 346 648 359 646 404 640 419 646 425 648 426 648 428 648 462 645 532 639 757 640 1140 645 1142 645 1143 645 1145 645 1154 636 1154 623 1149 588 1090 590 1084 588 1060 578 1058 578 1057 578 1055 578 1054 578 1038 588 1036 590 945 590 931 588 835 578 834 578 832 578 809 590 804 591 797 590 757 580 755 580 696 580 694 580 693 580 673 590 660 580 658 580 657 580 655 580 594 587 523 580 522 580 520 580 496 591 495 593 339 593 337 593 324 581 322 581 321 581 290 581 288 581 287 581 285 581 273 591 236 581 234 581 233 581 232 581 230 581 214 593 212 594 114 594 116 627"/></Shape>
	    <String CONTENT="quarũ aliæ communes illis ſunt etiam cum viris,"
                    HPOS="114"
                    VPOS="578"
                    WIDTH="1040"
                    HEIGHT="71"
                    WC="0.981891803443432"></String>
          </TextLine>

          
          
          <TextLine ID="eSc_line_a644356d"
                    TAGREFS="LT4318"
                    BASELINE="111 687 1154 679" 
                    HPOS="110"
                    VPOS="632"
                    WIDTH="1044"
                    HEIGHT="72">
            <Shape><Polygon POINTS="111 687 111 704 1152 698 1154 679 1151 643 1084 632 1082 632 1081 632 1079 632 1063 643 1061 645 969 645 968 643 951 633 950 633 948 633 947 633 945 633 944 633 944 635 933 643 932 646 896 646 889 643 835 633 834 633 783 645 779 645 774 645 734 633 733 633 731 633 730 633 728 633 710 645 707 646 699 645 651 635 649 635 648 635 646 635 646 636 636 645 633 648 562 648 559 645 545 635 544 635 542 635 541 635 539 635 501 645 487 636 486 636 484 636 429 636 428 636 426 636 425 636 408 646 407 648 404 646 389 636 388 636 386 636 385 636 383 636 382 636 367 646 362 649 322 649 319 646 307 638 306 638 304 638 242 638 240 638 239 638 237 638 224 646 218 651 185 651 181 646 169 638 168 638 166 638 165 638 163 638 162 638 147 648 144 649 141 648 130 642 129 642 127 642 126 642 110 646 111 687"/></Shape>
	    <String CONTENT="nẽpe Fides, &amp; Charitas: aliæ illarum proprię, Sã¬"
                    HPOS="110"
                    VPOS="632"
                    WIDTH="1044"
                    HEIGHT="72"
                    WC="0.997050993717634"></String>
          </TextLine>

          
          
          <TextLine ID="eSc_line_cb3b47f0"
                    TAGREFS="LT4318"
                    BASELINE="114 745 1158 739" 
                    HPOS="113"
                    VPOS="691"
                    WIDTH="1045"
                    HEIGHT="70">
            <Shape><Polygon POINTS="114 745 114 761 1157 761 1158 739 1155 703 1057 691 1055 691 1054 691 1026 701 941 696 939 696 880 703 875 703 874 703 855 696 853 696 852 696 699 703 694 703 693 703 636 693 635 693 633 693 603 703 600 704 594 703 550 694 395 694 394 694 392 694 391 694 374 704 371 706 365 704 343 697 342 697 340 697 307 704 300 706 295 704 276 696 275 696 273 696 272 696 242 704 237 706 234 704 215 696 214 696 212 696 211 696 179 704 178 704 176 704 124 696 123 696 121 696 120 696 113 700 114 745"/></Shape>
	    <String CONTENT="ctificatio, &amp; Modeſtia. Quę enim virtus nos Deo"
                    HPOS="113"
                    VPOS="691"
                    WIDTH="1045"
                    HEIGHT="70"
                    WC="0.975714376817147"></String>
          </TextLine>

          
          
          <TextLine ID="eSc_line_ca3a0c0c"
                    TAGREFS="LT4318"
                    BASELINE="111 803 1160 797" 
                    HPOS="110"
                    VPOS="752"
                    WIDTH="1050"
                    HEIGHT="67">
            <Shape><Polygon POINTS="111 803 111 819 1158 814 1160 797 1157 755 1054 752 1052 752 1051 752 1044 756 1030 762 1014 756 1002 752 1000 752 999 752 997 752 996 752 991 756 983 764 957 764 948 756 944 754 942 754 941 754 873 754 871 754 870 754 868 754 862 758 853 765 797 765 779 759 757 754 755 754 754 754 752 754 739 761 731 765 667 765 658 761 638 754 636 754 635 754 582 762 565 765 556 762 533 755 532 755 431 755 429 755 428 755 426 755 413 765 410 767 365 767 359 765 327 756 325 756 324 756 276 767 273 768 218 768 184 768 175 759 174 759 172 759 171 759 110 768 111 803"/></Shape>
	    <String CONTENT="commendat eſt fides. Illa enim nos &amp; deducit"
                    HPOS="110"
                    VPOS="752"
                    WIDTH="1050"
                    HEIGHT="67"
                    WC="0.994913227178834"></String>
          </TextLine>

          
          
          <TextLine ID="eSc_line_be4c7de4"
                    TAGREFS="LT4318"
                    BASELINE="111 862 1161 853" 
                    HPOS="110"
                    VPOS="807"
                    WIDTH="1051"
                    HEIGHT="79">
            <Shape><Polygon POINTS="111 862 111 875 284 886 285 886 287 886 310 875 312 875 322 875 459 881 461 881 462 881 464 881 471 874 472 874 529 874 530 874 550 883 551 883 553 883 612 875 632 883 633 883 635 883 636 883 661 874 666 872 672 874 700 881 701 881 703 881 704 881 736 874 742 872 748 874 788 881 789 881 849 872 868 871 902 872 989 878 990 878 1160 871 1161 853 1157 807 1112 814 1093 809 1090 807 1088 807 1087 807 1085 807 1084 807 1082 809 1063 822 1015 822 994 810 987 807 986 807 984 807 983 807 981 807 978 810 969 817 956 812 950 809 948 809 889 809 887 809 886 809 874 813 850 823 762 823 743 816 728 810 727 810 725 810 724 810 706 817 688 825 464 825 456 822 444 817 443 817 441 817 440 817 438 817 432 823 428 826 370 825 362 825 342 813 340 813 339 813 263 822 248 814 246 814 147 814 145 814 144 814 110 828 111 862"/></Shape>
	    <String CONTENT="ad Chriſtum, &amp; cum eo coniungit. Illa charitatẽ"
                    HPOS="110"
                    VPOS="807"
                    WIDTH="1051"
                    HEIGHT="79"
                    WC="0.970548992355665"></String>
          </TextLine>

          
          
          <TextLine ID="eSc_line_4174deab"
                    TAGREFS="LT4318"
                    BASELINE="116 917 1158 911" 
                    HPOS="114"
                    VPOS="871"
                    WIDTH="1044"
                    HEIGHT="74">
            <Shape><Polygon POINTS="116 917 116 936 126 944 127 944 129 944 130 944 184 933 187 933 190 933 245 941 246 941 278 935 288 944 290 944 291 944 292 945 374 945 374 944 376 944 398 935 403 932 406 935 416 942 417 942 419 942 420 942 462 935 477 932 514 935 606 942 608 942 609 942 626 935 638 931 743 931 751 935 752 938 754 938 755 938 757 938 768 935 791 931 804 936 813 939 815 939 816 939 859 936 939 929 1155 936 1158 911 1157 878 1143 871 1142 871 1140 871 1058 871 1057 871 1055 871 1054 871 1044 880 1044 881 1029 881 1000 881 959 871 957 871 895 881 892 881 889 881 850 872 736 872 734 872 733 872 713 883 422 883 392 874 391 874 389 874 388 874 349 884 345 886 208 886 206 884 175 875 174 875 172 875 114 884 116 917"/></Shape>
	    <String CONTENT="quoque gignit, extra quam nihil à matribus ipſis"
                    HPOS="114"
                    VPOS="871"
                    WIDTH="1044"
                    HEIGHT="74"
                    WC="0.998307663567212"></String>
          </TextLine>

          
          
          <TextLine ID="eSc_line_d08cb8ff"
                    TAGREFS="LT4318"
                    BASELINE="111 978 1157 969" 
                    HPOS="110"
                    VPOS="926"
                    WIDTH="1047"
                    HEIGHT="80">
            <Shape><Polygon POINTS="111 978 111 994 214 994 246 1006 248 1006 249 1006 251 1006 284 993 285 993 287 993 324 1005 325 1005 327 1005 328 1005 362 996 389 1005 391 1005 392 1005 394 1005 440 993 441 993 444 993 527 1003 529 1003 530 1003 566 993 571 991 645 991 661 1002 663 1002 664 1002 666 1002 768 991 809 989 928 989 932 991 938 996 939 996 941 996 942 996 944 996 945 996 950 991 951 990 954 991 978 1000 980 1000 981 1000 1009 999 1011 999 1012 999 1021 991 1026 989 1030 991 1041 999 1042 999 1044 999 1045 999 1157 990 1157 969 1152 928 1018 936 1003 928 1002 928 1000 928 999 928 997 928 996 928 986 938 935 938 890 929 877 926 875 926 874 926 868 929 846 938 831 929 828 926 826 926 825 926 823 926 706 928 704 928 703 928 700 929 684 939 621 931 611 929 609 929 608 929 605 931 580 942 456 942 413 932 411 932 410 932 408 932 386 944 282 944 258 932 257 932 179 932 178 932 176 932 175 932 160 944 110 933 111 978"/></Shape>
	    <String CONTENT="fieri Deo gratum poteſt, quia ſi inuitæ, repugnã¬"
                    HPOS="110"
                    VPOS="926"
                    WIDTH="1047"
                    HEIGHT="80"
                    WC="0.994954743385315"></String>
          </TextLine>

          
          
          <TextLine ID="eSc_line_8ee487ba"
                    TAGREFS="LT4318"
                    BASELINE="114 1036 1160 1032" 
                    HPOS="113"
                    VPOS="989"
                    WIDTH="1047"
                    HEIGHT="74">
            <Shape><Polygon POINTS="114 1036 114 1052 313 1061 315 1061 316 1061 318 1061 327 1054 334 1051 407 1051 413 1055 420 1061 422 1061 423 1061 425 1063 459 1063 459 1061 461 1061 472 1055 484 1049 594 1049 618 1055 627 1058 629 1058 630 1058 632 1058 642 1055 669 1049 688 1057 697 1060 699 1060 700 1060 733 1057 812 1048 899 1057 913 1058 914 1058 916 1058 917 1058 928 1049 960 1058 963 1058 965 1058 966 1058 980 1058 1093 1049 1157 1058 1160 1032 1157 1000 1048 1000 1014 989 1012 989 1011 989 892 999 810 989 809 989 807 989 765 1000 762 1000 752 1000 611 990 609 990 608 990 606 990 591 1000 590 1002 392 1002 386 1000 353 991 352 991 350 991 312 1000 304 1002 292 1000 229 993 227 993 226 993 224 993 211 1000 208 1002 113 1002 114 1036"/></Shape>
	    <String CONTENT="tes, &amp; coactæ potius officium faciunt, quàm ex"
                    HPOS="113"
                    VPOS="989"
                    WIDTH="1047"
                    HEIGHT="74"
                    WC="0.977823930851957"></String>
          </TextLine>

          
          
          <TextLine ID="eSc_line_2c2a70fa"
                    TAGREFS="LT4318"
                    BASELINE="113 1094 675 1090" 
                    HPOS="111"
                    VPOS="1047"
                    WIDTH="564"
                    HEIGHT="68">
            <Shape><Polygon POINTS="113 1094 113 1106 139 1115 141 1115 142 1115 298 1107 343 1113 345 1113 346 1113 348 1113 356 1106 458 1113 459 1113 675 1102 675 1090 672 1060 603 1060 590 1048 590 1047 588 1047 587 1047 553 1047 551 1047 550 1047 520 1058 458 1052 456 1052 455 1052 435 1060 425 1049 425 1048 423 1048 422 1048 350 1048 349 1048 348 1048 346 1048 331 1060 300 1054 298 1054 214 1061 144 1049 142 1049 141 1049 111 1061 113 1094"/></Shape>
	    <String CONTENT="charitate, diſplicent Deo."
                    HPOS="111"
                    VPOS="1047"
                    WIDTH="564"
                    HEIGHT="68"
                    WC="0.971372464528451"></String>
          </TextLine>

          
          
          <TextLine ID="eSc_line_903ddc47"
                    TAGREFS="LT4318"
                    BASELINE="169 1152 1152 1148" 
                    HPOS="168"
                    VPOS="1105"
                    WIDTH="984"
                    HEIGHT="72">
            <Shape><Polygon POINTS="169 1152 169 1167 202 1174 203 1174 278 1167 287 1167 288 1167 304 1174 306 1174 307 1174 309 1174 324 1167 325 1167 328 1167 380 1177 382 1177 468 1170 493 1177 495 1177 496 1177 498 1177 532 1167 536 1165 542 1167 590 1176 591 1176 635 1165 639 1165 651 1176 652 1176 654 1176 655 1177 707 1177 707 1176 709 1176 710 1176 710 1174 721 1165 724 1165 752 1174 754 1174 755 1174 757 1174 773 1165 776 1164 935 1164 941 1165 969 1174 971 1174 972 1174 974 1174 994 1167 1079 1174 1081 1174 1151 1164 1152 1148 1148 1105 168 1107 169 1152"/></Shape>
	    <String CONTENT="Sanctificatio, quam requirit à mulieribus, nõ"
                    HPOS="168"
                    VPOS="1105"
                    WIDTH="984"
                    HEIGHT="72"
                    WC="0.959715351145318"></String>
          </TextLine>

          
          
          <TextLine ID="eSc_line_b0d63e46"
                    TAGREFS="LT4318"
                    BASELINE="110 1212 1161 1206" 
                    HPOS="108"
                    VPOS="1160"
                    WIDTH="1053"
                    HEIGHT="74">
            <Shape><Polygon POINTS="110 1212 110 1225 258 1234 260 1234 294 1226 303 1225 316 1226 368 1234 370 1234 426 1232 428 1232 429 1232 437 1226 443 1223 563 1223 588 1228 615 1232 617 1232 618 1232 630 1228 643 1223 691 1228 709 1229 710 1229 712 1229 715 1228 733 1222 834 1229 873 1231 874 1231 875 1231 880 1229 901 1221 928 1228 929 1228 931 1228 932 1228 956 1222 963 1229 965 1229 966 1229 968 1231 1160 1231 1161 1206 1155 1160 1113 1171 1020 1163 1018 1163 962 1171 948 1161 947 1161 945 1161 944 1161 926 1161 904 1163 902 1163 901 1163 901 1164 890 1174 820 1174 806 1164 804 1164 803 1164 801 1164 751 1173 728 1163 727 1163 725 1163 724 1163 718 1163 630 1176 565 1176 542 1164 541 1164 539 1164 507 1164 505 1164 504 1164 502 1164 502 1165 490 1176 367 1176 328 1165 325 1165 324 1165 281 1165 279 1165 278 1165 276 1165 276 1167 260 1176 206 1167 194 1165 193 1165 108 1167 110 1212"/></Shape>
	    <String CONTENT="eſt tantùm generalis omnium vitæ actionum ad"
                    HPOS="108"
                    VPOS="1160"
                    WIDTH="1053"
                    HEIGHT="74"
                    WC="0.992395419544644"></String>
          </TextLine>

          
          
          <TextLine ID="eSc_line_829b3923"
                    TAGREFS="LT4318"
                    BASELINE="108 1271 1158 1267" 
                    HPOS="107"
                    VPOS="1218"
                    WIDTH="1051"
                    HEIGHT="77">
            <Shape><Polygon POINTS="108 1271 108 1284 223 1295 224 1295 291 1284 301 1284 422 1284 434 1293 435 1293 437 1293 438 1293 440 1293 441 1293 453 1284 459 1283 559 1283 566 1284 590 1293 591 1293 593 1293 594 1293 612 1286 688 1293 690 1293 691 1293 693 1293 703 1284 707 1283 819 1283 822 1284 835 1292 837 1292 838 1292 1158 1284 1158 1267 1152 1218 1130 1226 1067 1219 1066 1219 1064 1219 1063 1219 1049 1231 939 1231 902 1219 901 1219 899 1219 898 1219 871 1229 861 1221 861 1219 859 1219 858 1219 804 1219 803 1219 801 1219 776 1232 733 1232 719 1221 718 1221 716 1221 715 1221 713 1221 696 1231 681 1222 679 1222 678 1222 676 1222 675 1222 673 1222 661 1232 596 1232 560 1221 559 1221 557 1221 556 1221 554 1221 541 1231 403 1232 107 1222 108 1271"/></Shape>
	    <String CONTENT="Dei voluntatem conformatio 1.Theſſ. 4. verſ. 4."
                    HPOS="107"
                    VPOS="1218"
                    WIDTH="1051"
                    HEIGHT="77"
                    WC="0.966758664618147"></String>
          </TextLine>

          
          
          <TextLine ID="eSc_line_0316087b"
                    TAGREFS="LT4318"
                    BASELINE="107 1329 1154 1326" 
                    HPOS="105"
                    VPOS="1279"
                    WIDTH="1049"
                    HEIGHT="75">
            <Shape><Polygon POINTS="107 1329 107 1344 148 1353 150 1353 240 1344 249 1344 254 1344 291 1353 292 1354 361 1354 361 1353 362 1353 364 1353 374 1344 376 1344 394 1344 724 1351 725 1351 727 1351 743 1342 745 1342 749 1342 801 1351 803 1351 846 1342 847 1342 855 1350 856 1350 858 1350 859 1350 978 1344 1029 1351 1030 1351 1032 1351 1057 1344 1107 1351 1109 1351 1152 1341 1154 1326 1149 1289 1033 1289 1026 1287 997 1279 996 1279 994 1279 993 1279 991 1279 983 1287 978 1289 926 1286 838 1281 837 1281 817 1286 800 1289 777 1284 740 1279 739 1279 737 1279 724 1284 713 1290 627 1290 615 1283 608 1280 606 1280 605 1280 585 1283 547 1292 516 1292 505 1283 502 1280 501 1280 499 1280 461 1280 459 1280 458 1280 453 1283 438 1290 423 1281 419 1280 417 1280 334 1280 333 1280 331 1280 328 1281 312 1290 300 1281 300 1280 298 1280 297 1280 295 1280 294 1280 291 1281 266 1289 181 1280 175 1280 174 1280 172 1280 171 1280 159 1289 148 1280 147 1280 145 1280 105 1280 107 1329"/></Shape>
	    <String CONTENT="ſed maximè ſanctimonia quædam corporis, qua"
                    HPOS="105"
                    VPOS="1279"
                    WIDTH="1049"
                    HEIGHT="75"
                    WC="0.991917183453387"></String>
          </TextLine>

          
          
          <TextLine ID="eSc_line_7e793cc2"
                    TAGREFS="LT4318"
                    BASELINE="107 1387 1154 1384" 
                    HPOS="105"
                    VPOS="1338"
                    WIDTH="1049"
                    HEIGHT="73">
            <Shape><Polygon POINTS="107 1387 107 1402 492 1402 502 1405 520 1411 522 1411 523 1411 556 1405 568 1403 580 1405 608 1411 609 1411 655 1409 657 1409 658 1409 663 1406 669 1400 696 1406 713 1409 715 1409 734 1406 767 1400 798 1406 815 1409 816 1411 997 1411 997 1409 999 1409 1000 1409 1002 1408 1009 1402 1048 1408 1060 1409 1061 1409 1063 1409 1067 1408 1091 1400 1151 1408 1154 1384 1151 1351 999 1351 997 1350 975 1338 974 1338 935 1338 933 1338 932 1338 931 1338 917 1350 896 1338 895 1338 893 1338 770 1350 765 1351 639 1351 638 1350 614 1339 612 1339 611 1339 563 1348 483 1348 474 1339 472 1339 471 1339 469 1339 401 1350 388 1351 382 1350 353 1339 352 1339 350 1339 242 1350 232 1350 227 1350 190 1339 188 1339 114 1339 113 1339 111 1339 110 1339 110 1341 105 1344 107 1387"/></Shape>
	    <String CONTENT="ſe vxores &amp; mulieres ab omni turpitudine, im¬"
                    HPOS="105"
                    VPOS="1338"
                    WIDTH="1049"
                    HEIGHT="73"
                    WC="0.985043960147434"></String>
          </TextLine>

          
          
          <TextLine ID="eSc_line_759d3ecc"
                    TAGREFS="LT4318"
                    BASELINE="108 1448 1151 1441" 
                    HPOS="107"
                    VPOS="1393"
                    WIDTH="1044"
                    HEIGHT="79">
            <Shape><Polygon POINTS="108 1448 108 1463 208 1463 211 1463 237 1472 239 1472 240 1472 242 1472 243 1472 252 1463 275 1472 276 1472 278 1472 336 1463 350 1461 373 1463 443 1469 444 1469 472 1463 480 1461 496 1463 565 1469 566 1469 568 1469 584 1463 590 1460 618 1463 678 1467 679 1467 681 1467 693 1461 697 1460 699 1461 706 1469 707 1469 709 1469 710 1469 795 1466 797 1466 798 1466 803 1461 807 1458 825 1461 858 1467 859 1467 1149 1460 1151 1441 1148 1406 1064 1397 1063 1397 1061 1397 1041 1405 1014 1393 1012 1393 1011 1393 1009 1393 1008 1393 994 1405 983 1399 981 1399 980 1399 945 1406 938 1406 919 1406 815 1399 813 1399 812 1399 810 1399 801 1406 800 1406 798 1406 768 1395 767 1395 765 1395 733 1396 731 1396 730 1396 718 1406 715 1408 699 1406 661 1400 660 1400 633 1406 621 1408 611 1406 575 1396 574 1396 572 1396 410 1403 379 1397 377 1397 339 1406 313 1412 275 1412 264 1406 249 1399 248 1399 246 1399 165 1400 163 1400 151 1406 139 1411 107 1406 108 1448"/></Shape>
	    <String CONTENT="munditia, &amp; laſciuia puras conſeruant, quæ impu¬"
                    HPOS="107"
                    VPOS="1393"
                    WIDTH="1044"
                    HEIGHT="79"
                    WC="0.999557953327894"></String>
          </TextLine>

          
          
          <TextLine ID="eSc_line_9fa7ab39"
                    TAGREFS="LT4318"
                    BASELINE="108 1505 1154 1500" 
                    HPOS="107"
                    VPOS="1453"
                    WIDTH="1047"
                    HEIGHT="74">
            <Shape><Polygon POINTS="108 1505 108 1518 339 1527 340 1527 462 1518 466 1518 468 1518 510 1525 511 1525 678 1518 696 1525 697 1525 699 1525 700 1525 701 1525 710 1518 1102 1524 1103 1524 1152 1515 1154 1500 1151 1464 1073 1464 1060 1453 1058 1453 1057 1453 1029 1453 1027 1453 1026 1453 1024 1453 1011 1464 920 1464 831 1453 829 1453 828 1453 783 1464 745 1454 743 1454 742 1454 688 1466 620 1466 602 1454 600 1454 599 1454 571 1454 569 1454 568 1454 566 1454 553 1464 355 1455 353 1455 300 1466 129 1455 127 1455 126 1455 124 1455 107 1466 108 1505"/></Shape>
	    <String CONTENT="dicitie opponitur: &amp; alio nomine dicitur caſtitas."
                    HPOS="107"
                    VPOS="1453"
                    WIDTH="1047"
                    HEIGHT="74"
                    WC="0.983895097970963"></String>
          </TextLine>

          
          
          <TextLine ID="eSc_line_5b3c215b"
                    TAGREFS="LT4318"
                    BASELINE="105 1564 1149 1560" 
                    HPOS="104"
                    VPOS="1511"
                    WIDTH="1045"
                    HEIGHT="77">
            <Shape><Polygon POINTS="105 1564 105 1579 304 1588 306 1588 307 1588 330 1580 693 1586 694 1586 737 1579 776 1586 777 1586 779 1586 801 1577 825 1585 826 1585 828 1585 904 1577 1107 1585 1109 1585 1110 1585 1149 1574 1149 1560 1145 1522 1067 1522 1061 1521 1024 1511 1023 1511 1021 1511 1020 1511 994 1521 991 1522 977 1521 887 1511 886 1511 837 1521 834 1521 832 1521 813 1512 812 1512 716 1512 715 1512 713 1512 687 1521 673 1524 633 1521 593 1516 591 1516 590 1516 581 1519 571 1524 560 1519 539 1512 538 1512 536 1512 535 1512 520 1519 511 1524 490 1519 452 1512 450 1512 449 1512 428 1519 411 1525 382 1519 350 1513 349 1513 348 1513 346 1513 337 1519 328 1525 294 1519 267 1515 266 1515 264 1515 254 1519 240 1525 229 1519 217 1513 215 1513 214 1513 212 1513 211 1513 205 1519 197 1525 181 1519 168 1513 166 1513 165 1513 104 1518 105 1564"/></Shape>
	    <String CONTENT="Modeſtia, luxui &amp; ſumptuoſo illi cultui, de quo"
                    HPOS="104"
                    VPOS="1511"
                    WIDTH="1045"
                    HEIGHT="77"
                    WC="0.981906672741504"></String>
          </TextLine>

          
          
          <TextLine ID="eSc_line_f7a3674c"
                    TAGREFS="LT4318"
                    BASELINE="105 1624 667 1619" 
                    HPOS="104"
                    VPOS="1573"
                    WIDTH="563"
                    HEIGHT="79">
            <Shape><Polygon POINTS="105 1624 105 1640 139 1650 141 1650 142 1652 176 1652 176 1650 178 1650 179 1650 191 1640 196 1638 229 1640 288 1644 290 1644 291 1644 300 1640 307 1637 413 1637 420 1640 434 1649 435 1649 437 1649 438 1649 502 1647 504 1647 519 1640 530 1635 556 1635 565 1640 574 1647 575 1647 577 1647 578 1647 667 1640 667 1619 666 1586 627 1573 626 1573 624 1573 623 1573 621 1573 606 1585 563 1573 562 1573 560 1573 498 1583 475 1588 362 1588 355 1580 348 1574 346 1574 345 1574 343 1574 297 1576 295 1576 294 1576 294 1577 291 1580 284 1588 252 1579 245 1577 243 1577 242 1577 240 1577 234 1579 200 1588 181 1577 179 1577 178 1577 104 1577 105 1624"/></Shape>
	    <String CONTENT="ſuperius dixit, opponitur."
                    HPOS="104"
                    VPOS="1573"
                    WIDTH="563"
                    HEIGHT="79"
                    WC="0.96700781583786"></String>
          </TextLine>

          
          
          <TextLine ID="eSc_line_00925d8d"
                    TAGREFS="LT4319"
                    BASELINE="446 1854 795 1854" 
                    HPOS="446"
                    VPOS="1802"
                    WIDTH="349"
                    HEIGHT="73">
            <Shape><Polygon POINTS="785 1815 748 1802 746 1802 745 1802 679 1805 678 1805 676 1805 664 1815 660 1820 593 1820 585 1814 578 1808 577 1808 575 1808 527 1805 526 1805 524 1805 505 1812 501 1814 499 1812 490 1804 490 1802 489 1802 487 1802 486 1802 446 1809 446 1854 446 1875 795 1867 795 1854 795 1820 788 1818"/></Shape>
	    <String CONTENT="CAP. III."
                    HPOS="446"
                    VPOS="1802"
                    WIDTH="349"
                    HEIGHT="73"
                    WC="0.993269509739346"></String>
          </TextLine>

          
          
          <TextLine ID="eSc_line_341a5eb6"
                    TAGREFS="LT4320"
                    BASELINE="315 1932 1149 1925" 
                    HPOS="312"
                    VPOS="1864"
                    WIDTH="836"
                    HEIGHT="96">
            <Shape><Polygon POINTS="314 1931 314 1951 455 1949 459 1951 470 1960 472 1960 475 1960 477 1960 479 1960 508 1951 515 1949 522 1951 557 1960 559 1960 562 1960 564 1960 588 1951 597 1947 622 1949 696 1960 698 1960 700 1960 727 1949 740 1945 791 1949 901 1958 903 1958 986 1956 988 1956 990 1956 999 1947 1003 1943 1015 1947 1041 1956 1044 1956 1046 1956 1146 1945 1148 1922 1146 1878 1115 1864 1113 1864 1110 1864 1108 1864 1106 1864 1093 1878 1090 1880 1041 1880 1028 1876 950 1864 948 1864 945 1864 943 1864 943 1867 932 1876 928 1882 787 1882 769 1876 740 1867 738 1867 736 1867 700 1876 667 1882 631 1873 604 1869 602 1869 573 1873 528 1882 312 1873 314 1931"/></Shape>
	    <String CONTENT="IDVS eſt hic ſermo, Si quis Epi¬"
                    HPOS="312"
                    VPOS="1864"
                    WIDTH="836"
                    HEIGHT="96"
                    WC="0.993318120017648"></String>
          </TextLine>

          
          
          <TextLine ID="eSc_line_67598eab"
                    TAGREFS="LT4320"
                    BASELINE="317 2008 1149 1997" 
                    HPOS="314"
                    VPOS="1940"
                    WIDTH="834"
                    HEIGHT="103">
            <Shape><Polygon POINTS="316 2007 321 2043 348 2023 372 2041 374 2041 377 2041 379 2043 379 2041 381 2041 383 2041 412 2021 501 2021 537 2021 553 2034 562 2041 562 2043 564 2043 566 2043 568 2043 767 2041 769 2041 803 2023 818 2016 872 2016 878 2021 899 2038 901 2038 903 2038 905 2038 907 2038 988 2016 997 2014 1006 2016 1079 2036 1081 2036 1084 2036 1086 2036 1148 2009 1148 1996 1139 1940 1115 1954 916 1954 865 1943 849 1940 847 1940 845 1940 836 1943 796 1956 716 1945 698 1943 696 1943 693 1943 687 1945 642 1958 314 1949 316 2007"/></Shape>
	    <String CONTENT="ſcopatum apperit, præclarum opus"
                    HPOS="314"
                    VPOS="1940"
                    WIDTH="834"
                    HEIGHT="103"></String>
          </TextLine>

          
          
          <TextLine ID="eSc_line_230fbfb4"
                    TAGREFS="LT4320"
                    BASELINE="316 2075 588 2070" 
                    HPOS="312"
                    VPOS="2012"
                    WIDTH="274"
                    HEIGHT="98">
            <Shape><Polygon POINTS="314 2074 314 2105 390 2110 392 2110 394 2110 397 2110 401 2105 426 2090 495 2090 584 2103 586 2067 582 2032 526 2021 524 2021 522 2021 488 2032 403 2012 401 2012 399 2012 397 2012 374 2027 341 2014 339 2014 336 2014 334 2014 332 2014 332 2016 312 2032 314 2074"/></Shape>
	    <String CONTENT="deſiderat."
                    HPOS="312"
                    VPOS="2012"
                    WIDTH="274"
                    HEIGHT="98"></String>
          </TextLine>

          
          
          <TextLine ID="eSc_line_5b969764"
                    TAGREFS="LT4318"
                    BASELINE="163 2147 1151 2141" 
                    HPOS="162"
                    VPOS="2092"
                    WIDTH="989"
                    HEIGHT="98">
            <Shape><Polygon POINTS="163 2147 163 2171 333 2178 334 2178 379 2172 404 2190 406 2190 407 2190 408 2190 487 2189 489 2189 490 2189 508 2175 523 2186 524 2186 526 2186 654 2189 655 2189 733 2187 734 2187 777 2171 779 2169 831 2169 832 2171 850 2186 850 2187 852 2187 853 2187 855 2189 902 2189 902 2187 904 2187 939 2175 959 2186 960 2186 962 2186 1029 2178 1030 2178 1032 2178 1042 2169 1047 2168 1107 2168 1110 2169 1118 2177 1119 2177 1121 2177 1122 2177 1124 2177 1151 2169 1151 2141 1149 2102 1113 2092 1112 2092 1110 2092 1109 2092 1085 2101 1078 2104 1058 2101 1020 2096 1018 2096 978 2101 953 2104 945 2101 925 2092 923 2092 922 2092 920 2092 901 2101 889 2107 843 2107 832 2101 817 2094 816 2094 815 2094 813 2094 812 2094 812 2095 804 2101 798 2107 770 2107 748 2099 722 2094 721 2094 719 2094 718 2094 706 2099 693 2107 614 2107 600 2099 596 2096 594 2096 593 2096 459 2095 458 2095 410 2096 408 2096 407 2096 407 2098 406 2098 395 2108 297 2098 278 2096 276 2096 275 2096 273 2096 272 2098 258 2110 233 2110 220 2098 220 2096 218 2096 217 2096 215 2096 162 2096 163 2147"/></Shape>
	    <String CONTENT="Tranſitio eſt. Poſt quam enim de paſtorum of¬"
                    HPOS="162"
                    VPOS="2092"
                    WIDTH="989"
                    HEIGHT="98"
                    WC="0.98003820710712"></String>
          </TextLine>

          
        </TextBlock>
        
        <TextBlock HPOS="116"
                   VPOS="1706"
                   WIDTH="1045"
                   HEIGHT="96"
                   ID="eSc_textblock_677870a5"
                   TAGREFS="BT10983">
          <Shape><Polygon POINTS="1161 1706 1161 1802 116 1802 116 1706"/></Shape>
          
        </TextBlock>
        
        <TextBlock HPOS="97"
                   VPOS="1872"
                   WIDTH="209"
                   HEIGHT="216"
                   ID="eSc_textblock_509f0e21"
                   TAGREFS="BT10982">
          <Shape><Polygon POINTS="100 1872 97 2088 306 2085 306 1875"/></Shape>
          
        </TextBlock>
        

        
      </PrintSpace>
    </Page>
  </Layout>
</alto>
