<?xml version="1.0" encoding="UTF-8"?>
<alto xmlns:xsi="http://www.w3.org/2001/XMLSchema-instance"
      xmlns="http://www.loc.gov/standards/alto/ns-v4#"
      xsi:schemaLocation="http://www.loc.gov/standards/alto/ns-v4# http://www.loc.gov/standards/alto/v4/alto-4-2.xsd">
  <Description>
    <MeasurementUnit>pixel</MeasurementUnit>
    <sourceImageInformation>
      <fileName>page_105.png</fileName>
      
    </sourceImageInformation>
  </Description>
  
  <Tags>
    <OtherTag ID="BT10643" LABEL="NumberingZone" DESCRIPTION="block type NumberingZone"/><OtherTag ID="BT10642" LABEL="DropCapitalZone" DESCRIPTION="block type DropCapitalZone"/><OtherTag ID="BT10641" LABEL="GraphicZone" DESCRIPTION="block type GraphicZone"/><OtherTag ID="BT10640" LABEL="QuireMarksZone" DESCRIPTION="block type QuireMarksZone"/><OtherTag ID="BT10639" LABEL="RunningTitleZone" DESCRIPTION="block type RunningTitleZone"/><OtherTag ID="BT10638" LABEL="MainZone" DESCRIPTION="block type MainZone"/><OtherTag ID="BT10637" LABEL="MarginTextZone" DESCRIPTION="block type MarginTextZone"/>
    <OtherTag ID="LT4185" LABEL="default" DESCRIPTION="line type default"/><OtherTag ID="LT4183" LABEL="HeadingLine" DESCRIPTION="line type HeadingLine"/><OtherTag ID="LT4182" LABEL="CustomLine : BiblicalText" DESCRIPTION="line type CustomLine : BiblicalText"/><OtherTag ID="LT4184" LABEL="DefaultLine" DESCRIPTION="line type DefaultLine"/>
  </Tags>
  
  <Layout>
    <Page WIDTH="6000"
          HEIGHT="9420"
          PHYSICAL_IMG_NR="7"
          ID="eSc_dummypage_">
      <PrintSpace HPOS="0"
                  VPOS="0"
                  WIDTH="6000"
                  HEIGHT="9420">
        
        <TextBlock HPOS="1722.0"
                   VPOS="852.0"
                   WIDTH="437.0"
                   HEIGHT="255.0"
                   ID="eSc_textblock_449c91d8"
                   TAGREFS="BT10643">
          <Shape><Polygon POINTS="1722 852 1722 1107 2159 1107 2159 852"/></Shape>
          
          
          <TextLine ID="eSc_line_8005928e"
                    TAGREFS="LT4184"
                    BASELINE="1806 1083 2113 1076" 
                    HPOS="1798"
                    VPOS="737"
                    WIDTH="314"
                    HEIGHT="464">
            <Shape><Polygon POINTS="1798 1201 2112 1161 2112 1075 2104 737 1798 785 1798 1075"/></Shape>
	    <String CONTENT="116"
                    HPOS="1798"
                    VPOS="737"
                    WIDTH="314"
                    HEIGHT="464"></String>
          </TextLine>

          
        </TextBlock>
        
        <TextBlock HPOS="2193.0"
                   VPOS="791.0"
                   WIDTH="3448.0"
                   HEIGHT="316.0"
                   ID="block_2"
                   TAGREFS="BT10639">
          <Shape><Polygon POINTS="5641 795 5641 1105 2197 1107 2193 791"/></Shape>
          
          
          <TextLine ID="eSc_line_d4e7ba1b"
                    TAGREFS="LT4183"
                    BASELINE="2239 1073 5570 994" 
                    HPOS="2222"
                    VPOS="792"
                    WIDTH="3346"
                    HEIGHT="354">
            <Shape><Polygon POINTS="5450 792 5371 792 5293 792 5214 792 5136 792 5128 792 2222 839 2238 1067 2238 1138 2748 1106 2827 1130 2882 1146 2890 1146 2897 1146 3023 1122 3149 1099 3282 1114 3455 1130 3463 1130 3471 1130 3526 1106 3573 1075 3895 1075 3958 1091 4052 1114 4060 1114 4068 1114 4539 1067 4649 1059 4657 1059 4727 1099 4735 1099 4743 1099 5002 1059 5089 1091 5096 1091 5104 1091 5112 1091 5261 1044 5269 1044 5505 1083 5513 1083 5520 1083 5528 1083 5528 1075 5568 1028 5568 989 5544 792 5528 792"/></Shape>
	    <String CONTENT="COMMENT. IN EPIST."
                    HPOS="2222"
                    VPOS="792"
                    WIDTH="3346"
                    HEIGHT="354"></String>
          </TextLine>

          
        </TextBlock>
        
        <TextBlock HPOS="1689.0"
                   VPOS="1139.0"
                   WIDTH="4256.0"
                   HEIGHT="7145.0"
                   ID="block_1"
                   TAGREFS="BT10638">
          <Shape><Polygon POINTS="5945 1139 5945 8284 1689 8284 1689 1139"/></Shape>
          
          
          <TextLine ID="eSc_line_c018bd84"
                    TAGREFS="LT4184"
                    BASELINE="1811 1475 5821 1381" 
                    HPOS="1801"
                    VPOS="1177"
                    WIDTH="4020"
                    HEIGHT="356">
            <Shape><Polygon POINTS="5575 1193 5570 1193 5565 1193 5560 1193 5518 1219 5513 1224 5434 1224 5057 1224 5010 1193 5005 1193 5000 1193 4994 1193 4989 1193 4984 1193 4921 1229 4910 1240 4664 1240 4654 1235 4612 1214 4607 1214 4602 1214 4476 1240 4434 1245 4424 1240 4345 1177 4340 1177 4335 1177 4256 1177 4251 1177 3675 1193 3670 1193 3664 1193 3607 1245 3549 1250 3486 1261 3476 1256 3450 1235 3445 1235 3439 1235 3434 1235 3429 1235 3387 1256 3356 1271 3267 1256 3188 1245 3183 1245 3178 1245 3172 1245 3151 1261 3120 1276 3073 1261 2921 1208 2916 1208 2910 1208 2732 1214 2727 1214 2722 1214 2659 1266 2633 1287 2549 1271 2502 1261 2497 1261 2492 1261 2471 1271 2424 1292 2392 1271 2324 1224 2319 1224 2314 1224 2308 1224 2157 1229 2151 1229 2062 1276 2015 1303 1963 1276 1884 1245 1879 1245 1874 1245 1869 1245 1801 1271 1811 1475 1811 1528 2921 1533 2926 1533 3130 1496 3151 1496 3188 1496 3581 1517 3586 1517 3591 1517 3675 1486 3675 1481 4041 1475 4052 1475 4230 1501 4235 1501 4240 1501 4246 1501 4287 1470 4497 1491 4502 1491 4507 1491 4586 1465 4623 1491 4628 1491 4633 1491 4638 1491 4643 1491 4717 1460 4722 1460 4921 1486 4926 1486 4931 1486 4937 1486 4979 1454 5141 1481 5146 1481 5821 1428 5821 1381 5811 1229 5780 1214"/></Shape>
	    <String CONTENT="ria dona donauit. Hoc loci common¬"
                    HPOS="1801"
                    VPOS="1177"
                    WIDTH="4020"
                    HEIGHT="356"></String>
          </TextLine>

          
          
          <TextLine ID="eSc_line_447fa357"
                    TAGREFS="LT4184"
                    BASELINE="1827 1810 4465 1737 5853 1721" 
                    HPOS="1816"
                    VPOS="1481"
                    WIDTH="4037"
                    HEIGHT="413">
            <Shape><Polygon POINTS="1827 1810 1827 1868 1947 1894 1952 1894 1958 1894 2057 1863 2104 1852 2146 1863 2204 1878 2209 1878 2214 1878 2534 1852 2759 1836 2853 1847 3036 1868 3041 1868 3047 1868 3115 1842 3151 1826 3214 1836 3272 1847 3277 1847 3397 1831 3554 1815 3879 1815 3905 1821 3979 1847 3984 1847 3989 1847 4183 1815 4282 1800 4554 1805 5057 1821 5062 1821 5068 1821 5136 1795 5146 1789 5157 1795 5204 1815 5209 1815 5214 1815 5853 1774 5853 1721 5842 1533 4916 1528 4910 1528 4905 1528 4848 1549 4837 1554 4827 1549 4633 1481 4628 1481 4623 1481 4408 1486 4403 1486 4397 1486 4350 1517 4293 1491 4287 1491 4282 1491 3979 1496 3973 1496 3811 1570 3801 1575 3738 1575 3481 1559 3476 1559 3471 1559 3418 1580 3408 1585 3397 1580 3329 1533 3324 1533 3319 1533 3172 1517 3167 1517 3020 1528 3015 1528 3010 1528 2931 1575 2837 1528 2832 1528 2691 1528 2685 1528 2680 1528 2497 1596 2455 1611 2424 1601 2256 1538 2251 1538 2246 1538 2240 1538 2109 1580 1910 1549 1905 1549 1900 1549 1895 1549 1816 1596 1827 1810"/></Shape>
	    <String CONTENT="ſtrabis Chriſtum multò efficatius in pi"
                    HPOS="1816"
                    VPOS="1481"
                    WIDTH="4037"
                    HEIGHT="413"></String>
          </TextLine>

          
          
          <TextLine ID="eSc_line_2a748a4b"
                    TAGREFS="LT4184"
                    BASELINE="1832 2129 5842 2046" 
                    HPOS="1821"
                    VPOS="1800"
                    WIDTH="4021"
                    HEIGHT="408">
            <Shape><Polygon POINTS="1832 2129 1832 2177 2319 2208 2324 2208 2869 2161 2958 2192 2963 2192 2968 2192 3146 2161 3392 2182 3397 2182 3403 2182 3455 2156 3581 2182 3586 2182 3591 2182 3664 2140 3670 2140 3675 2140 3769 2166 3774 2166 3780 2166 3785 2166 3790 2166 3837 2135 3842 2135 3863 2135 4005 2161 4010 2161 4015 2161 4115 2129 4130 2129 4146 2129 4340 2161 4345 2161 4507 2129 4832 2156 4837 2156 4842 2156 4942 2114 4947 2109 5382 2103 5397 2103 5513 2135 5518 2135 5523 2135 5528 2135 5591 2098 5602 2098 5837 2098 5842 2046 5827 1884 5534 1884 5413 1800 5408 1800 5403 1800 5335 1800 5329 1800 5041 1810 5036 1810 5031 1810 4926 1899 4858 1899 4738 1815 4732 1815 4727 1815 4581 1815 4575 1815 4324 1831 4319 1831 4314 1831 4183 1910 3890 1894 3884 1894 3732 1920 3607 1842 3602 1842 3596 1842 3591 1842 3366 1894 3267 1847 3261 1847 3256 1847 3251 1847 3151 1873 3083 1847 3078 1847 3073 1847 2858 1868 2853 1868 2848 1868 2727 1941 2712 1941 2486 1920 2481 1920 2214 1952 2198 1952 2109 1904 2104 1904 2099 1904 2094 1904 2089 1904 2010 1957 2000 1962 1821 1962 1832 2129"/></Shape>
	    <String CONTENT="orum cordibus ſe exeruiſſe poſt aſcen¬"
                    HPOS="1821"
                    VPOS="1800"
                    WIDTH="4021"
                    HEIGHT="408"></String>
          </TextLine>

          
          
          <TextLine ID="eSc_line_8451e59e"
                    TAGREFS="LT4184"
                    BASELINE="1837 2470 5853 2381" 
                    HPOS="1827"
                    VPOS="2129"
                    WIDTH="4026"
                    HEIGHT="419">
            <Shape><Polygon POINTS="1837 2470 1837 2522 2073 2543 2078 2543 2403 2512 2418 2512 2424 2512 2549 2548 2554 2548 2560 2548 2565 2548 2664 2506 2769 2543 2774 2543 2780 2543 2785 2543 2874 2512 2921 2543 2926 2543 2931 2543 2937 2543 2942 2543 3099 2496 3167 2532 3172 2532 3178 2538 3486 2538 3486 2532 3685 2527 3691 2527 3696 2527 3738 2496 3910 2522 3916 2522 3921 2522 4020 2475 4151 2517 4157 2517 4162 2517 4167 2517 4256 2470 4591 2501 4596 2501 4602 2501 4717 2459 4895 2501 4900 2501 5853 2428 5853 2381 5842 2166 5769 2129 5764 2129 5759 2129 5387 2135 5382 2135 5293 2177 5188 2224 5036 2177 4952 2156 4947 2156 4696 2150 4691 2150 4685 2150 4680 2150 4628 2182 4617 2187 4492 2187 4361 2182 4356 2182 4350 2182 4345 2182 4340 2187 4235 2250 3989 2250 3884 2192 3853 2171 3848 2171 3842 2171 3722 2171 3717 2171 3712 2171 3649 2192 3439 2271 3010 2276 2748 2203 2743 2203 2738 2203 2732 2203 2513 2286 2293 2297 2130 2297 2020 2213 2015 2213 2010 2213 1827 2213 1837 2470"/></Shape>
	    <String CONTENT="ſionem ſuam, quàm ante. Siquidẽ A¬"
                    HPOS="1827"
                    VPOS="2129"
                    WIDTH="4026"
                    HEIGHT="419"></String>
          </TextLine>

          
          
          <TextLine ID="eSc_line_b7f509de"
                    TAGREFS="LT4184"
                    BASELINE="1853 2810 5842 2721" 
                    HPOS="1842"
                    VPOS="2517"
                    WIDTH="4000"
                    HEIGHT="392">
            <Shape><Polygon POINTS="1853 2810 1853 2909 2010 2909 2015 2909 2020 2909 2089 2862 2246 2904 2256 2904 2261 2904 2267 2904 2272 2904 2282 2899 2424 2846 2518 2883 2523 2883 2528 2883 2534 2883 2539 2883 2570 2857 2628 2888 2633 2888 2638 2888 2643 2888 2649 2888 2722 2846 2790 2883 2806 2888 2811 2888 2816 2894 3026 2894 3026 2888 3031 2888 3099 2873 3214 2841 3361 2862 3486 2878 3492 2878 3497 2878 3575 2852 3670 2826 3722 2846 3764 2867 3769 2867 3774 2867 3780 2867 3832 2846 3900 2815 4089 2831 4094 2831 4099 2831 4198 2805 4392 2826 4617 2846 4623 2846 4628 2846 4732 2810 4774 2794 5214 2784 5267 2794 5465 2831 5471 2831 5476 2831 5596 2778 5612 2773 5837 2773 5842 2721 5827 2543 5219 2559 5198 2548 5162 2522 5157 2522 5151 2522 5146 2522 5141 2522 5068 2553 5047 2559 5031 2553 4963 2527 4958 2527 4952 2527 4947 2527 4942 2527 4900 2553 4869 2574 4544 2574 4513 2559 4497 2548 4492 2548 4486 2548 4481 2548 4476 2548 4450 2559 4418 2580 4392 2559 4329 2517 4324 2517 4319 2517 4193 2517 4188 2517 3727 2543 3596 2574 3481 2600 3382 2574 3350 2569 3345 2569 3340 2569 3335 2569 3329 2569 3324 2574 3293 2606 2958 2611 2895 2585 2821 2548 2816 2548 2811 2548 2806 2548 2685 2580 2549 2553 2544 2553 1842 2595 1853 2810"/></Shape>
	    <String CONTENT="poſtoli, &amp;quotquot illi conuixerũt, car"
                    HPOS="1842"
                    VPOS="2517"
                    WIDTH="4000"
                    HEIGHT="392"></String>
          </TextLine>

          
          
          <TextLine ID="eSc_line_ab2cab63"
                    TAGREFS="LT4184"
                    BASELINE="1853 3140 5863 3051" 
                    HPOS="1848"
                    VPOS="2836"
                    WIDTH="4015"
                    HEIGHT="403">
            <Shape><Polygon POINTS="1853 3140 1853 3187 2041 3218 2047 3218 2198 3187 2324 3234 2329 3234 2335 3239 2523 3239 2523 3234 2528 3234 2534 3234 2534 3228 2565 3202 2628 3218 2633 3218 2638 3218 2643 3218 2717 3176 2738 3166 2890 3166 2937 3176 3052 3202 3057 3202 3062 3202 3120 3176 3136 3166 3256 3171 3413 3181 3418 3181 3424 3181 3465 3171 3534 3150 3591 3166 3633 3181 3638 3181 3643 3181 3649 3181 3701 3166 3785 3145 3942 3166 4204 3197 4209 3197 4408 3192 4413 3192 4486 3155 4539 3134 4602 3155 4617 3160 4623 3160 4628 3160 4633 3160 4638 3160 4643 3155 4680 3129 4806 3155 4926 3176 4931 3176 4937 3176 4942 3176 4979 3150 5010 3129 5052 3150 5078 3160 5083 3160 5089 3160 5209 3150 5387 3129 5413 3145 5434 3166 5439 3166 5445 3166 5450 3171 5628 3171 5628 3166 5633 3166 5680 3145 5753 3108 5848 3140 5863 3051 5848 2883 5492 2888 5403 2846 5397 2846 5392 2846 5036 2899 5020 2899 4916 2841 4910 2841 4680 2836 4675 2836 4544 2841 4539 2841 4534 2841 4460 2899 4308 2883 4303 2883 4298 2883 4293 2883 4246 2914 3973 2852 3968 2852 3486 2862 3282 2899 3277 2899 3272 2899 3272 2904 3230 2941 3157 2899 3151 2899 3146 2899 2958 2935 2795 2878 2790 2878 2785 2878 2780 2878 2774 2878 2659 2951 2654 2956 2272 2962 2267 2962 2183 2894 2178 2894 2172 2894 2167 2894 2162 2894 2157 2894 2047 2967 2036 2972 1848 2972 1853 3140"/></Shape>
	    <String CONTENT="nali quodam affectu erga illum tange¬"
                    HPOS="1848"
                    VPOS="2836"
                    WIDTH="4015"
                    HEIGHT="403"></String>
          </TextLine>

          
          
          <TextLine ID="eSc_line_778ac3d1"
                    TAGREFS="LT4184"
                    BASELINE="1863 3480 4450 3412 5879 3396" 
                    HPOS="1853"
                    VPOS="3155"
                    WIDTH="4026"
                    HEIGHT="414">
            <Shape><Polygon POINTS="1863 3480 1863 3532 2083 3569 2089 3569 2094 3569 2219 3527 2225 3527 2261 3527 2717 3542 2722 3542 2727 3542 2806 3516 2821 3511 2832 3516 2905 3537 2910 3537 2916 3537 3178 3506 3204 3506 3219 3506 3413 3542 3418 3542 3424 3542 3429 3542 3486 3506 3680 3527 3685 3527 3691 3527 3816 3495 3921 3532 3926 3532 3931 3532 5879 3448 5879 3396 5869 3223 5523 3192 5518 3192 5513 3192 5507 3192 5465 3218 5324 3155 5319 3155 5314 3155 5308 3155 5120 3223 5073 3239 5015 3223 4916 3197 4910 3197 4905 3197 4900 3197 4895 3197 4863 3223 4837 3249 4759 3249 4732 3223 4664 3171 4659 3171 4654 3171 4649 3171 4643 3171 4638 3171 4554 3223 4513 3255 4387 3255 3748 3244 3743 3244 3366 3276 3293 3228 3282 3223 3277 3223 3272 3223 3020 3208 3015 3208 2492 3223 2486 3223 2481 3223 2471 3234 2418 3276 2356 3255 2350 3255 2345 3255 2340 3255 2335 3255 2287 3297 2141 3302 2031 3234 2026 3234 2020 3234 2015 3234 1853 3234 1863 3480"/></Shape>
	    <String CONTENT="bantur: &amp; ab eius corporali præſentia"
                    HPOS="1853"
                    VPOS="3155"
                    WIDTH="4026"
                    HEIGHT="414"></String>
          </TextLine>

          
          
          <TextLine ID="eSc_line_2c1851c5"
                    TAGREFS="LT4184"
                    BASELINE="1869 3815 5869 3726" 
                    HPOS="1858"
                    VPOS="3501"
                    WIDTH="4011"
                    HEIGHT="382">
            <Shape><Polygon POINTS="1869 3815 1869 3877 2460 3883 2465 3883 2471 3883 2528 3862 2575 3846 2680 3856 2795 3872 2801 3872 2958 3851 3078 3836 3099 3846 3120 3862 3125 3862 3130 3862 3136 3862 3230 3846 3308 3830 3408 3841 3575 3856 3581 3856 3691 3830 3753 3820 3869 3825 4104 3846 4109 3846 4115 3846 4120 3846 4157 3820 4167 3815 4214 3820 4445 3841 4450 3841 4455 3841 4518 3809 4523 3809 4528 3809 4633 3836 4638 3836 4643 3836 4649 3836 4722 3804 4738 3799 4764 3804 4879 3830 4884 3830 4890 3830 4895 3830 4947 3799 4994 3825 5000 3825 5005 3825 5219 3794 5256 3788 5298 3788 5617 3815 5623 3815 5863 3773 5869 3726 5863 3563 5722 3527 5717 3527 5712 3527 5706 3527 5701 3527 5659 3563 5486 3563 5445 3563 5272 3522 5267 3522 5261 3522 5256 3522 5167 3569 5120 3569 4947 3574 4937 3569 4858 3511 4853 3511 4848 3511 4753 3501 4748 3501 4743 3501 4607 3574 4586 3584 4539 3574 4272 3511 4267 3511 4261 3511 4256 3511 4188 3553 4120 3516 4115 3516 4109 3516 3554 3527 3549 3527 3544 3527 3476 3579 3434 3584 3240 3616 3157 3584 3031 3542 3026 3542 3020 3542 3015 3542 2916 3574 2811 3542 2806 3542 2801 3542 2795 3542 2790 3542 2732 3590 2701 3621 2654 3600 2649 3600 2643 3600 2638 3600 2554 3637 2010 3642 1942 3600 1916 3579 1910 3579 1905 3579 1900 3579 1895 3579 1858 3590 1869 3815"/></Shape>
	    <String CONTENT="toti pendebant. Poſt aſcenſionem ue¬"
                    HPOS="1858"
                    VPOS="3501"
                    WIDTH="4011"
                    HEIGHT="382"></String>
          </TextLine>

          
          
          <TextLine ID="eSc_line_4cc0b4aa"
                    TAGREFS="LT4184"
                    BASELINE="1869 4144 5884 4066" 
                    HPOS="1863"
                    VPOS="3841"
                    WIDTH="4021"
                    HEIGHT="398">
            <Shape><Polygon POINTS="1869 4144 1869 4191 1937 4218 1942 4218 1947 4218 2068 4191 2193 4239 2198 4239 2204 4239 2209 4239 2356 4186 2434 4207 2439 4207 2445 4207 2450 4207 2513 4181 2596 4218 2602 4218 2607 4218 2738 4197 2837 4228 2842 4228 2848 4228 3083 4223 3089 4223 3162 4186 3465 4218 3471 4218 3696 4212 3701 4212 3706 4212 3759 4176 3842 4197 3848 4197 3853 4197 3858 4197 3863 4197 3926 4155 3994 4191 4000 4191 4005 4191 4188 4150 4282 4181 4287 4181 4293 4181 4298 4181 4376 4144 4382 4144 4523 4191 4528 4191 4534 4191 4654 4186 4659 4186 4664 4186 4727 4139 4732 4139 4905 4160 4910 4160 4916 4160 4994 4134 5000 4134 5340 4181 5345 4181 5350 4181 5460 4123 5465 4118 5879 4113 5884 4066 5869 3862 5701 3898 5492 3867 5335 3841 5329 3841 5324 3841 5240 3867 5151 3898 4963 3872 4806 3851 4801 3851 4795 3851 4790 3851 4753 3877 4675 3919 4586 3883 4581 3883 4575 3883 4570 3883 4565 3883 4565 3888 4518 3930 4350 3930 4235 3883 4193 3867 4188 3867 4183 3867 4178 3867 4141 3883 4057 3925 3816 3914 3811 3914 3806 3914 3717 3940 3434 3940 3345 3893 3314 3883 3308 3883 3303 3883 3298 3883 3293 3883 3272 3898 3183 3951 3109 3925 3104 3925 3099 3925 2649 3966 2460 3966 2356 3909 2345 3904 2340 3904 2335 3904 1863 3914 1869 4144"/></Shape>
	    <String CONTENT="rò, &amp; acceptum paracletum longè ma"
                    HPOS="1863"
                    VPOS="3841"
                    WIDTH="4021"
                    HEIGHT="398"></String>
          </TextLine>

          
          
          <TextLine ID="eSc_line_0b854ccf"
                    TAGREFS="LT4184"
                    BASELINE="1900 4484 5890 4385" 
                    HPOS="1890"
                    VPOS="4165"
                    WIDTH="4000"
                    HEIGHT="414">
            <Shape><Polygon POINTS="1900 4484 1900 4579 2172 4573 2178 4573 2272 4526 2418 4526 2465 4563 2471 4568 2476 4568 2481 4568 2486 4568 2492 4568 2497 4568 2502 4563 2575 4516 2958 4511 3057 4542 3078 4547 3083 4547 3089 4547 3094 4547 3099 4547 3109 4537 3151 4511 3324 4532 3356 4532 3361 4532 3366 4532 3376 4526 3455 4495 3518 4521 3565 4542 3570 4542 3575 4542 3748 4537 3753 4537 3759 4537 3790 4511 3827 4484 4188 4479 4225 4495 4261 4511 4267 4511 4272 4511 4277 4511 4356 4490 4429 4469 4450 4484 4492 4516 4497 4516 4502 4516 4507 4521 4596 4521 4596 4516 4602 4516 4607 4516 4643 4484 4795 4500 4801 4500 4806 4500 4811 4500 4811 4495 4837 4469 4842 4469 4863 4469 5041 4490 5047 4490 5052 4490 5057 4490 5089 4458 5099 4453 5125 4458 5267 4495 5272 4495 5277 4495 5282 4495 5397 4448 5403 4448 5418 4448 5675 4474 5680 4474 5890 4427 5890 4385 5874 4218 5439 4223 5424 4223 5329 4191 5324 4191 5319 4191 5314 4191 5251 4223 5235 4233 4937 4233 4921 4228 4842 4170 4837 4170 4832 4170 4623 4165 4617 4165 4418 4176 4413 4176 4246 4239 4193 4254 4151 4239 4015 4181 4010 4181 4005 4181 4000 4181 3994 4181 3994 4186 3931 4239 3905 4265 3732 4265 3685 4244 3591 4197 3586 4197 3581 4197 3575 4197 3570 4197 3492 4244 3445 4275 3361 4275 3324 4249 3261 4202 3256 4202 3251 4202 3246 4202 3047 4233 2900 4218 2895 4218 2890 4218 2806 4254 2722 4296 2602 4296 2554 4259 2507 4223 2502 4223 2497 4223 2492 4223 1890 4265 1900 4484"/></Shape>
	    <String CONTENT="gis ad cœleſtia aſpirabant, &amp;terrena o¬"
                    HPOS="1890"
                    VPOS="4165"
                    WIDTH="4000"
                    HEIGHT="414"></String>
          </TextLine>

          
          
          <TextLine ID="eSc_line_18cb3fe7"
                    TAGREFS="LT4184"
                    BASELINE="1884 4809 5895 4725" 
                    HPOS="1879"
                    VPOS="4490"
                    WIDTH="4016"
                    HEIGHT="397">
            <Shape><Polygon POINTS="1884 4809 1884 4887 2397 4887 2397 4882 2403 4882 2418 4877 2471 4856 2570 4872 2628 4882 2633 4882 2712 4872 2853 4851 2963 4867 3031 4877 3036 4877 3041 4877 3078 4867 3162 4840 3214 4861 3225 4867 3230 4867 3235 4867 3240 4867 3246 4867 3246 4861 3277 4835 3523 4830 3591 4856 3596 4856 3602 4856 3612 4856 4031 4819 4314 4846 4382 4851 4387 4851 4429 4846 4643 4804 4937 4825 4942 4825 5146 4793 5366 4830 5382 4830 5387 4830 5465 4830 5675 4814 5680 4814 5685 4814 5722 4783 5884 4819 5895 4725 5879 4490 5764 4495 5759 4495 5612 4563 5528 4532 5523 4532 5518 4532 5329 4568 5146 4505 5136 4505 5130 4505 5125 4505 5020 4511 5015 4511 5010 4511 4874 4579 4513 4526 4476 4521 4471 4521 4465 4521 4445 4526 4356 4553 4319 4532 4319 4526 4314 4526 4308 4526 4303 4526 3963 4532 3958 4532 3952 4532 3942 4542 3837 4605 3523 4605 3450 4553 3439 4542 3434 4542 3429 4542 3424 4542 3356 4558 3099 4621 2350 4631 2277 4584 2256 4568 2251 4568 2246 4568 2240 4568 1879 4594 1884 4809"/></Shape>
	    <String CONTENT="mnia contẽnebant. Atq; hoc eſt, quod"
                    HPOS="1879"
                    VPOS="4490"
                    WIDTH="4016"
                    HEIGHT="397"></String>
          </TextLine>

          
          
          <TextLine ID="eSc_line_57e81e1c"
                    TAGREFS="LT4184"
                    BASELINE="1900 5149 5900 5065" 
                    HPOS="1890"
                    VPOS="4835"
                    WIDTH="4010"
                    HEIGHT="398">
            <Shape><Polygon POINTS="1900 5149 1900 5201 2120 5233 2125 5233 2130 5233 2198 5196 2204 5196 2246 5196 2628 5222 2633 5222 2638 5222 2643 5222 2680 5191 2890 5217 2895 5217 3172 5181 3209 5175 3230 5175 3361 5207 3366 5207 3371 5207 3429 5175 3445 5165 3743 5165 3753 5165 3832 5196 3837 5196 3842 5196 4146 5191 4151 5191 4157 5191 4193 5160 4198 5154 4219 5160 4345 5186 4350 5186 4356 5186 4434 5154 4445 5149 4460 5154 4497 5170 4502 5170 4507 5170 4706 5149 4764 5144 4774 5149 4827 5175 4832 5175 4837 5175 4842 5175 4910 5144 4926 5139 4968 5144 5146 5170 5151 5170 5157 5170 5230 5144 5638 5160 5643 5160 5895 5123 5900 5065 5890 4898 5392 4835 5387 4835 5382 4835 5167 4898 5130 4914 4790 4914 4748 4903 4664 4877 4659 4877 4654 4877 4539 4903 4476 4919 4450 4903 4397 4877 4392 4877 4387 4877 4382 4877 4376 4877 4376 4882 4345 4903 4324 4929 3780 4935 3727 4908 3649 4872 3643 4872 3638 4872 3633 4872 3481 4914 3345 4950 3052 4950 3000 4914 2968 4887 2963 4887 2958 4887 2952 4887 2832 4914 2785 4924 2732 4914 2623 4898 2617 4898 1890 4919 1900 5149"/></Shape>
	    <String CONTENT="Chriſtus loãnis decimoſexto ait: Expe"
                    HPOS="1890"
                    VPOS="4835"
                    WIDTH="4010"
                    HEIGHT="398"></String>
          </TextLine>

          
          
          <TextLine ID="eSc_line_4797c3e5"
                    TAGREFS="LT4184"
                    BASELINE="1900 5479 5905 5395" 
                    HPOS="1890"
                    VPOS="5160"
                    WIDTH="4015"
                    HEIGHT="397">
            <Shape><Polygon POINTS="1900 5479 1900 5557 2617 5552 2623 5552 2628 5552 2633 5542 2675 5510 3225 5510 3298 5526 3356 5536 3361 5536 3366 5536 3371 5536 3371 5531 3382 5521 3403 5500 3445 5521 3471 5531 3476 5531 3481 5531 3591 5515 3680 5505 3722 5510 3790 5526 3795 5526 3973 5505 4151 5484 4235 5500 4335 5515 4340 5515 4623 5489 4764 5474 4832 5479 4973 5500 4979 5500 5298 5468 5403 5458 5439 5463 5560 5489 5565 5489 5570 5489 5575 5489 5612 5458 5617 5453 5900 5447 5905 5395 5890 5207 5492 5212 5481 5212 5403 5175 5397 5175 5392 5175 5387 5175 5382 5175 5324 5212 5319 5217 5099 5222 5083 5217 4979 5160 4973 5160 4968 5160 4963 5160 4884 5201 4769 5165 4764 5165 4759 5165 4753 5165 4617 5201 4392 5165 4387 5165 4382 5165 4287 5191 3952 5175 3947 5175 3942 5175 3937 5175 3869 5233 3842 5254 3476 5254 3445 5238 3371 5191 3366 5191 3361 5191 3261 5191 3256 5191 3251 5191 3246 5191 3167 5238 3125 5264 3041 5243 2895 5201 2890 5201 2884 5201 2879 5201 2790 5233 2727 5201 2722 5201 2717 5201 2502 5212 2497 5212 2492 5212 2445 5249 2424 5264 2397 5249 2314 5212 2308 5212 2303 5212 2298 5212 2293 5212 2230 5254 2219 5254 2031 5217 2026 5217 2020 5217 1890 5254 1900 5479"/></Shape>
	    <String CONTENT="dit uobis ut abeam: Niſi em̃ abiero cõ¬"
                    HPOS="1890"
                    VPOS="5160"
                    WIDTH="4015"
                    HEIGHT="397"></String>
          </TextLine>

          
          
          <TextLine ID="eSc_line_2ca7210e"
                    TAGREFS="LT4184"
                    BASELINE="1900 5819 5905 5730" 
                    HPOS="1895"
                    VPOS="5500"
                    WIDTH="4010"
                    HEIGHT="418">
            <Shape><Polygon POINTS="1900 5819 1905 5918 1989 5877 2193 5871 2272 5908 2277 5908 2282 5908 2287 5908 2293 5908 2298 5908 2345 5871 2507 5887 2513 5887 2518 5887 2612 5856 2968 5856 3020 5882 3026 5887 3031 5887 3036 5887 3041 5887 3047 5887 3068 5882 3141 5850 3298 5871 3382 5882 3387 5882 3471 5866 3602 5840 3696 5861 3780 5877 3785 5877 3790 5877 3853 5856 3895 5840 3963 5850 4047 5861 4052 5861 4057 5861 4062 5861 4083 5845 4109 5829 4151 5845 4214 5866 4219 5866 4225 5866 4230 5866 4235 5866 4272 5840 4277 5835 4282 5840 4308 5861 4314 5861 4319 5861 4324 5861 4329 5861 4335 5861 4371 5835 4376 5835 4403 5835 4659 5856 4664 5856 4670 5856 4743 5824 4764 5814 4785 5824 4832 5845 4837 5845 4842 5850 5172 5850 5172 5845 5178 5845 5183 5845 5225 5809 5314 5840 5319 5840 5324 5840 5664 5835 5905 5782 5905 5730 5895 5563 5696 5531 5691 5531 5497 5563 5376 5500 5371 5500 5366 5500 5361 5500 5240 5531 5157 5505 5151 5505 5146 5505 4806 5515 4801 5515 4675 5578 4654 5589 4623 5578 4439 5521 4434 5521 4429 5521 4308 5526 4303 5526 4151 5589 4120 5599 4047 5589 3968 5578 3963 5578 3958 5578 3952 5578 3937 5589 3916 5604 3680 5594 3528 5589 3523 5589 3345 5599 3036 5620 3005 5604 2921 5563 2916 5563 2780 5557 2774 5557 2769 5557 2764 5557 2680 5610 2643 5631 2581 5610 2434 5568 2429 5568 2424 5568 2418 5568 2329 5594 1942 5578 1937 5578 1931 5578 1926 5578 1895 5599 1900 5819"/></Shape>
	    <String CONTENT="ſolator ille nõ ueniet aduos. Vnde pa¬"
                    HPOS="1895"
                    VPOS="5500"
                    WIDTH="4010"
                    HEIGHT="418"></String>
          </TextLine>

          
          
          <TextLine ID="eSc_line_016e9534"
                    TAGREFS="LT4184"
                    BASELINE="1921 6159 5916 6070" 
                    HPOS="1910"
                    VPOS="5871"
                    WIDTH="4006"
                    HEIGHT="372">
            <Shape><Polygon POINTS="1921 6159 1921 6217 2068 6243 2073 6243 2078 6243 2151 6217 2178 6206 2209 6217 2314 6243 2319 6243 2324 6243 2329 6243 2392 6211 2424 6196 2649 6196 2675 6206 2701 6227 2706 6227 2712 6227 2717 6227 2722 6227 2806 6206 2884 6185 2910 6206 2921 6217 2926 6217 2931 6217 2937 6222 3073 6222 3073 6217 3078 6217 3109 6201 3151 6180 3219 6201 3298 6222 3303 6222 3308 6222 3314 6222 3319 6222 3319 6217 3340 6201 3356 6185 3408 6196 3502 6217 3507 6217 3513 6217 3570 6196 3612 6180 3638 6196 3675 6211 3680 6211 3685 6211 3691 6211 3759 6191 3858 6164 3926 6191 3968 6206 3973 6206 3979 6206 3984 6206 4020 6191 4078 6159 4209 6185 4246 6191 4251 6191 4256 6191 4272 6185 4324 6159 4376 6185 4408 6196 4413 6196 4418 6196 4738 6191 4743 6191 4769 6180 4837 6138 4968 6138 5015 6170 5020 6170 5026 6170 5031 6170 5204 6138 5256 6170 5261 6175 5267 6175 5272 6175 5277 6180 5424 6180 5424 6175 5471 6170 5696 6123 5905 6159 5916 6070 5905 5918 5670 5871 5664 5871 5183 5924 4973 5897 4968 5897 4963 5897 4895 5929 4884 5934 4874 5929 4769 5892 4764 5892 4759 5892 4539 5934 4492 5945 4445 5939 4324 5913 4319 5913 4109 5939 4010 5955 3984 5945 3937 5924 3931 5924 3926 5924 3921 5924 3858 5945 3848 5950 3842 5945 3806 5918 3801 5918 3795 5918 3560 5918 3554 5918 3366 5955 3256 5976 3057 5976 3015 5955 2963 5934 2958 5934 2952 5934 2947 5934 2879 5960 2821 5981 2738 5960 2659 5945 2654 5945 2528 5966 2361 5992 2246 5971 2172 5955 2167 5955 1910 5971 1921 6159"/></Shape>
	    <String CONTENT="tet, eos toto cœlo errare, qui corpora¬"
                    HPOS="1910"
                    VPOS="5871"
                    WIDTH="4006"
                    HEIGHT="372"></String>
          </TextLine>

          
          
          <TextLine ID="eSc_line_be345fad"
                    TAGREFS="LT4184"
                    BASELINE="1916 6484 5926 6400" 
                    HPOS="1910"
                    VPOS="6175"
                    WIDTH="4016"
                    HEIGHT="398">
            <Shape><Polygon POINTS="1916 6484 1916 6531 2214 6531 2225 6531 2324 6573 2329 6573 2335 6573 2340 6573 2439 6525 2445 6525 2450 6525 2534 6567 2539 6567 2544 6567 2727 6531 2874 6573 2879 6573 2884 6573 2890 6573 3020 6525 3136 6567 3141 6567 3146 6567 3413 6562 3764 6499 3780 6499 3795 6499 4146 6546 4151 6546 4157 6546 4162 6546 4230 6499 4361 6489 4418 6484 4439 6484 4664 6536 4670 6536 4905 6531 4910 6531 4916 6531 4979 6478 5141 6525 5146 6525 5151 6525 5157 6525 5162 6525 5225 6468 5230 6468 5235 6468 5356 6499 5361 6499 5366 6499 5371 6499 5434 6463 5445 6457 5921 6452 5926 6400 5916 6227 5664 6206 5659 6206 5654 6206 5596 6227 5560 6243 5528 6227 5418 6175 5413 6175 5408 6175 5403 6175 5230 6232 5151 6259 4455 6264 4392 6238 4387 6238 4382 6238 4376 6238 4371 6238 4366 6238 4303 6274 3827 6274 3753 6243 3670 6211 3664 6211 3659 6211 3518 6217 3513 6217 3507 6217 3465 6248 3424 6274 3319 6248 3214 6222 3209 6222 3204 6222 2921 6227 2916 6227 2842 6253 2801 6269 2753 6253 2696 6232 2691 6232 2685 6232 2403 6238 2397 6238 2340 6259 2193 6311 2041 6259 2005 6248 2000 6248 1994 6248 1910 6259 1916 6484"/></Shape>
	    <String CONTENT="lem Chriſti pręſentiam in pane ſacra¬"
                    HPOS="1910"
                    VPOS="6175"
                    WIDTH="4016"
                    HEIGHT="398"></String>
          </TextLine>

          
          
          <TextLine ID="eSc_line_26f870d4"
                    TAGREFS="LT4184"
                    BASELINE="1910 6824 5937 6735" 
                    HPOS="1905"
                    VPOS="6484"
                    WIDTH="4032"
                    HEIGHT="429">
            <Shape><Polygon POINTS="1910 6824 1910 6871 2413 6871 2476 6913 2481 6913 2486 6913 2492 6913 2497 6913 2586 6871 2937 6855 3104 6850 3115 6850 3204 6913 3209 6913 3214 6913 3219 6913 3225 6913 3319 6871 3397 6908 3403 6908 3408 6913 3565 6913 3565 6908 3727 6871 3984 6897 3989 6897 3994 6897 4130 6850 4167 6881 4172 6881 4178 6881 4183 6881 4188 6881 4293 6855 4507 6887 4513 6887 4518 6887 4523 6887 4586 6839 4643 6881 4649 6881 4654 6881 4659 6881 4916 6824 5031 6871 5036 6871 5041 6876 5225 6876 5225 6871 5230 6871 5235 6871 5350 6803 5361 6803 5675 6839 5680 6839 5685 6839 5691 6839 5691 6834 5738 6792 5743 6792 5937 6792 5937 6735 5921 6484 5387 6494 5382 6494 5340 6505 5193 6546 5083 6515 5036 6505 5031 6505 5026 6505 5020 6505 4979 6520 4874 6562 4774 6531 4712 6510 4706 6510 4701 6510 4696 6510 4691 6510 4654 6536 4586 6578 3905 6604 3858 6573 3853 6573 3848 6573 3842 6573 3837 6573 3727 6614 3507 6614 3465 6583 3418 6546 3413 6546 3408 6546 3293 6541 3287 6541 3282 6541 3172 6594 3115 6625 3015 6630 2937 6630 2910 6609 2837 6552 2832 6552 2827 6552 2821 6552 2612 6583 2560 6557 2554 6557 2549 6557 2329 6599 2183 6578 2178 6578 2172 6578 1905 6646 1910 6824"/></Shape>
	    <String CONTENT="mentali confingũt, corporaliq́; eſui id"
                    HPOS="1905"
                    VPOS="6484"
                    WIDTH="4032"
                    HEIGHT="429"></String>
          </TextLine>

          
          
          <TextLine ID="eSc_line_ba5d65ae"
                    TAGREFS="LT4184"
                    BASELINE="1910 7159 5937 7070" 
                    HPOS="1905"
                    VPOS="6829"
                    WIDTH="4032"
                    HEIGHT="429">
            <Shape><Polygon POINTS="1910 7159 1910 7222 2057 7258 2062 7258 2267 7216 2277 7216 2293 7216 2612 7248 2617 7248 3094 7237 3099 7237 3193 7195 3204 7195 3235 7195 3554 7227 3560 7227 3780 7185 3816 7180 3947 7180 4633 7201 4638 7201 4790 7164 4801 7164 4806 7164 4979 7195 4984 7195 5235 7153 5282 7148 5303 7153 5345 7169 5350 7169 5356 7169 5931 7138 5937 7070 5926 6887 5790 6834 5785 6834 5780 6834 5774 6834 5670 6892 5565 6829 5560 6829 5554 6829 5403 6829 5397 6829 4952 6908 4921 6913 4905 6908 4696 6845 4691 6845 4685 6845 4544 6855 4539 6855 4534 6855 4450 6918 4439 6923 4403 6918 3984 6860 3979 6860 3670 6871 3664 6871 3544 6923 3403 6876 3397 6876 3392 6876 3387 6876 3267 6939 3246 6955 2481 6965 2460 6955 2356 6908 2350 6908 2193 6902 2188 6902 2183 6902 2104 6939 1958 6923 1952 6923 1947 6923 1942 6923 1905 6949 1910 7159"/></Shape>
	    <String CONTENT="tribuunt quod eſt ſolius fidei &amp; diuini"
                    HPOS="1905"
                    VPOS="6829"
                    WIDTH="4032"
                    HEIGHT="429"></String>
          </TextLine>

          
          
          <TextLine ID="eSc_line_84bfa146"
                    TAGREFS="LT4184"
                    BASELINE="1921 7499 2869 7494" 
                    HPOS="1916"
                    VPOS="7274"
                    WIDTH="953"
                    HEIGHT="366">
            <Shape><Polygon POINTS="1921 7499 1921 7619 2303 7640 2308 7640 2314 7640 2408 7604 2476 7577 2863 7583 2869 7494 2858 7358 2612 7310 2607 7310 2450 7321 2345 7331 2314 7310 2298 7300 2293 7300 2287 7300 2282 7300 2277 7300 2251 7310 2167 7342 2120 7300 2099 7279 2099 7274 2094 7274 2089 7274 2083 7274 1916 7279 1921 7499"/></Shape>
	    <String CONTENT="ſpiritus."
                    HPOS="1916"
                    VPOS="7274"
                    WIDTH="953"
                    HEIGHT="366"></String>
          </TextLine>

          
          
          <TextLine ID="eSc_line_3bbad611"
                    TAGREFS="LT4182"
                    BASELINE="2586 7797 4560 7766" 
                    HPOS="2581"
                    VPOS="7551"
                    WIDTH="1979"
                    HEIGHT="319">
            <Shape><Polygon POINTS="4424 7614 4371 7567 4361 7567 4308 7567 4256 7562 4204 7562 4089 7609 3947 7551 3942 7551 3937 7551 3931 7551 3926 7551 3926 7556 3884 7593 3722 7556 3717 7556 3712 7556 3706 7556 3706 7562 3649 7619 3534 7562 3528 7562 3319 7562 3314 7562 3308 7562 3303 7562 3193 7635 2942 7635 2821 7572 2816 7572 2712 7572 2706 7572 2701 7572 2581 7635 2586 7797 2586 7844 3089 7870 3094 7870 3099 7870 3104 7870 3141 7844 3151 7839 3157 7844 3209 7870 3214 7870 3219 7870 3225 7870 3319 7844 3356 7834 3418 7844 3544 7860 3549 7860 3554 7860 3617 7839 3670 7829 3790 7829 3806 7839 3827 7860 3832 7860 3837 7860 3842 7860 3952 7839 4041 7823 4109 7839 4172 7855 4178 7855 4183 7855 4188 7855 4246 7839 4308 7818 4335 7839 4345 7850 4350 7850 4356 7850 4361 7850 4560 7834 4560 7766 4549 7624 4523 7614"/></Shape>
	    <String CONTENT="Cæterum illud aſcendit."
                    HPOS="2581"
                    VPOS="7551"
                    WIDTH="1979"
                    HEIGHT="319"></String>
          </TextLine>

          
          
          <TextLine ID="eSc_line_dbc166e0"
                    TAGREFS="LT4184"
                    BASELINE="2251 8143 5931 8059" 
                    HPOS="2240"
                    VPOS="7823"
                    WIDTH="3691"
                    HEIGHT="440">
            <Shape><Polygon POINTS="5643 7850 5623 7844 5591 7876 5586 7876 5492 7876 5460 7876 5282 7829 5277 7829 5225 7823 5214 7823 5104 7876 5068 7897 4659 7902 4612 7876 4549 7834 4544 7834 4539 7834 4534 7834 4528 7834 4523 7834 4471 7865 4136 7865 4130 7865 4125 7865 4120 7865 4099 7876 4031 7918 3821 7881 3685 7855 3680 7855 3675 7855 3596 7881 3518 7902 3246 7891 3240 7891 3235 7891 3136 7938 2895 7923 2848 7881 2842 7876 2837 7876 2832 7876 2827 7876 2628 7881 2623 7881 2617 7881 2539 7933 2429 7886 2424 7886 2240 7886 2251 8143 2256 8263 2387 8205 2612 8237 2617 8237 2623 8237 2769 8195 2890 8242 2926 8252 2931 8252 2937 8252 3167 8247 3172 8247 3214 8226 3287 8195 3392 8211 3397 8211 3403 8211 3492 8179 3680 8179 3717 8211 3727 8216 3732 8216 3738 8216 3743 8216 3748 8216 3785 8205 3900 8174 4010 8195 4083 8211 4089 8211 4251 8190 4293 8184 4314 8184 4544 8216 4549 8216 4554 8216 4664 8184 4952 8205 4958 8205 4963 8205 4968 8205 5020 8158 5104 8158 5162 8195 5167 8195 5172 8195 5178 8195 5183 8195 5188 8195 5240 8153 5376 8174 5382 8174 5539 8137 5581 8127 5926 8122 5931 8059 5916 7876 5732 7876 5727 7876 5691 7850 5643 7850"/></Shape>
	    <String CONTENT="Poſteaquam Paulus ſententiam ſu¬"
                    HPOS="2240"
                    VPOS="7823"
                    WIDTH="3691"
                    HEIGHT="440"></String>
          </TextLine>

          
        </TextBlock>
        
        <TextBlock HPOS="5501.0"
                   VPOS="8219.0"
                   WIDTH="449.0"
                   HEIGHT="239.0"
                   ID="block_0"
                   TAGREFS="BT10640">
          <Shape><Polygon POINTS="5950 8219 5950 8458 5501 8458 5501 8219"/></Shape>
          
          
          <TextLine ID="eSc_line_41bd81c8"
                    TAGREFS="LT4184"
                    BASELINE="5549 8399 5952 8399" 
                    HPOS="5549"
                    VPOS="8190"
                    WIDTH="403"
                    HEIGHT="324">
            <Shape><Polygon POINTS="5931 8226 5811 8190 5806 8190 5801 8190 5795 8190 5732 8216 5701 8232 5549 8205 5549 8399 5549 8483 5712 8514 5717 8514 5722 8514 5727 8514 5774 8478 5827 8504 5832 8504 5837 8504 5842 8504 5952 8462 5952 8399 5952 8394 5931 8226"/></Shape>
	    <String CONTENT="am"
                    HPOS="5549"
                    VPOS="8190"
                    WIDTH="403"
                    HEIGHT="324"></String>
          </TextLine>

          
        </TextBlock>
        

        
      </PrintSpace>
    </Page>
  </Layout>
</alto>
