<?xml version="1.0" encoding="UTF-8"?>
<alto xmlns:xsi="http://www.w3.org/2001/XMLSchema-instance"
      xmlns="http://www.loc.gov/standards/alto/ns-v4#"
      xsi:schemaLocation="http://www.loc.gov/standards/alto/ns-v4# http://www.loc.gov/standards/alto/v4/alto-4-2.xsd">
  <Description>
    <MeasurementUnit>pixel</MeasurementUnit>
    <sourceImageInformation>
      <fileName>page_001.png</fileName>
      
    </sourceImageInformation>
  </Description>
  
  <Tags>
    <OtherTag ID="BT10643" LABEL="NumberingZone" DESCRIPTION="block type NumberingZone"/><OtherTag ID="BT10642" LABEL="DropCapitalZone" DESCRIPTION="block type DropCapitalZone"/><OtherTag ID="BT10641" LABEL="GraphicZone" DESCRIPTION="block type GraphicZone"/><OtherTag ID="BT10640" LABEL="QuireMarksZone" DESCRIPTION="block type QuireMarksZone"/><OtherTag ID="BT10639" LABEL="RunningTitleZone" DESCRIPTION="block type RunningTitleZone"/><OtherTag ID="BT10638" LABEL="MainZone" DESCRIPTION="block type MainZone"/><OtherTag ID="BT10637" LABEL="MarginTextZone" DESCRIPTION="block type MarginTextZone"/>
    <OtherTag ID="LT4185" LABEL="default" DESCRIPTION="line type default"/><OtherTag ID="LT4183" LABEL="HeadingLine" DESCRIPTION="line type HeadingLine"/><OtherTag ID="LT4182" LABEL="CustomLine : BiblicalText" DESCRIPTION="line type CustomLine : BiblicalText"/><OtherTag ID="LT4184" LABEL="DefaultLine" DESCRIPTION="line type DefaultLine"/>
  </Tags>
  
  <Layout>
    <Page WIDTH="6000"
          HEIGHT="9420"
          PHYSICAL_IMG_NR="0"
          ID="eSc_dummypage_">
      <PrintSpace HPOS="0"
                  VPOS="0"
                  WIDTH="6000"
                  HEIGHT="9420">
        
        <TextBlock HPOS="1525.0"
                   VPOS="669.0"
                   WIDTH="387.0"
                   HEIGHT="331.0"
                   ID="eSc_textblock_73383286"
                   TAGREFS="BT10643">
          <Shape><Polygon POINTS="1525 669 1525 1000 1912 1000 1912 669"/></Shape>
          
          
          <TextLine ID="eSc_line_8de4d7c4"
                    TAGREFS="LT4184"
                    BASELINE="1638 873 1806 878" 
                    HPOS="1633"
                    VPOS="565"
                    WIDTH="165"
                    HEIGHT="400">
            <Shape><Polygon POINTS="1790 965 1798 871 1798 620 1641 565 1633 871 1633 949"/></Shape>
	    <String CONTENT="12"
                    HPOS="1633"
                    VPOS="565"
                    WIDTH="165"
                    HEIGHT="400"></String>
          </TextLine>

          
        </TextBlock>
        
        <TextBlock HPOS="1978.0"
                   VPOS="700.0"
                   WIDTH="3401.0"
                   HEIGHT="346.0"
                   ID="block_0"
                   TAGREFS="BT10639">
          <Shape><Polygon POINTS="5379 700 5379 1046 1978 1046 1978 700"/></Shape>
          
          
          <TextLine ID="eSc_line_7516096d"
                    TAGREFS="LT4183"
                    BASELINE="1996 884 4795 968 5287 1010" 
                    HPOS="1986"
                    VPOS="706"
                    WIDTH="3299"
                    HEIGHT="377">
            <Shape><Polygon POINTS="3871 722 3596 737 3471 714 3431 706 3408 706 3329 706 3251 706 3212 706 3141 722 3125 706 3094 706 3015 706 2984 706 2952 714 2630 706 2623 706 2544 706 2465 706 2387 706 2308 706 2230 706 2151 706 2073 706 1994 706 1994 879 1986 973 2363 949 2646 1004 2662 1004 2670 1004 2678 1004 2756 973 3196 1020 3212 1020 3219 1020 3227 1020 3235 1020 3298 981 3557 1036 3589 1036 3596 1036 3604 1036 3612 1036 3659 996 3801 1044 3816 1044 3824 1044 3832 1044 3856 1044 4060 1004 4280 1059 4311 1059 4319 1059 4327 1059 4335 1059 4437 1020 5269 1083 5285 1004 5277 745 5073 785 5026 745 5018 745 5010 745 5002 745 4374 761 4178 722 4075 706 4068 706"/></Shape>
	    <String CONTENT="COMMENT. IN EPIST."
                    HPOS="1986"
                    VPOS="706"
                    WIDTH="3299"
                    HEIGHT="377"></String>
          </TextLine>

          
        </TextBlock>
        
        <TextBlock HPOS="1238.0"
                   VPOS="1068.0"
                   WIDTH="4342.0"
                   HEIGHT="7175.0"
                   ID="eSc_textblock_977126e6"
                   TAGREFS="BT10638">
          <Shape><Polygon POINTS="1238 8171 1238 1068 5580 1122 5553 8243"/></Shape>
          
          
          <TextLine ID="eSc_line_50711fb8"
                    TAGREFS="LT4184"
                    BASELINE="1612 1292 5387 1423" 
                    HPOS="1607"
                    VPOS="1051"
                    WIDTH="3780"
                    HEIGHT="450">
            <Shape><Polygon POINTS="1607 1371 1884 1371 1900 1381 1916 1397 1921 1397 1926 1397 1931 1397 1937 1397 1979 1386 2057 1365 2115 1392 2130 1397 2136 1397 2141 1397 2204 1392 2382 1381 2418 1402 2450 1423 2455 1423 2460 1423 2465 1423 2471 1423 2518 1407 2554 1392 2596 1407 2664 1433 2670 1433 2675 1433 2884 1418 3099 1402 3518 1428 3534 1439 3570 1465 3575 1465 3581 1465 3958 1475 3963 1475 3968 1475 3973 1475 4000 1454 4020 1439 4078 1460 4099 1465 4104 1465 4109 1465 4172 1460 4293 1454 4314 1465 4350 1491 4356 1491 4361 1491 4523 1496 4528 1496 4534 1496 4539 1496 4565 1475 4586 1460 4607 1475 4633 1496 4633 1501 4638 1501 4643 1501 4649 1501 4743 1481 4801 1470 5376 1501 5387 1423 5387 1235 4848 1235 4816 1208 4748 1156 4743 1156 4738 1156 4570 1151 4565 1151 4560 1151 4554 1151 4497 1198 4481 1208 4434 1193 4361 1172 4356 1172 4350 1172 4345 1172 4308 1187 4287 1203 4261 1187 4183 1135 4178 1135 4172 1135 3874 1125 3869 1125 3863 1125 3774 1167 3722 1193 3628 1161 3602 1156 3596 1156 3591 1156 3586 1156 3581 1156 3575 1161 3534 1182 3062 1172 2963 1135 2874 1109 2869 1109 2863 1109 2858 1109 2790 1130 2706 1156 2617 1125 2497 1078 2492 1078 2246 1072 2240 1072 2235 1072 2230 1072 2183 1104 2136 1135 1984 1125 1958 1099 1916 1062 1916 1057 1910 1057 1905 1057 1664 1051 1659 1051 1654 1051 1649 1051 1617 1067 1612 1292"/></Shape>
	    <String CONTENT="illius namq; merito iuſtificati ſumus."
                    HPOS="1607"
                    VPOS="1051"
                    WIDTH="3780"
                    HEIGHT="450"></String>
          </TextLine>

          
          
          <TextLine ID="eSc_line_dfb8777b"
                    TAGREFS="LT4184"
                    BASELINE="1884 1946 4481 2051 5497 2067" 
                    HPOS="1879"
                    VPOS="1711"
                    WIDTH="3618"
                    HEIGHT="445">
            <Shape><Polygon POINTS="1884 1946 1879 2009 1958 2041 1963 2041 1968 2041 2073 2020 2094 2014 2125 2020 2235 2051 2240 2051 2246 2051 2554 2041 2664 2035 2680 2046 2717 2061 2722 2061 2727 2061 3031 2056 3225 2056 3324 2072 3513 2098 3518 2098 3602 2082 3654 2072 4052 2082 4089 2103 4125 2119 4130 2119 4136 2119 4141 2119 4183 2103 4219 2093 4277 2109 4356 2129 4361 2129 4366 2129 4439 2114 4502 2103 4570 2119 4638 2140 4643 2140 4649 2140 4654 2140 4706 2124 4748 2114 4764 2129 4780 2140 4780 2145 4785 2145 4790 2145 5486 2156 5497 2067 5497 1884 5403 1863 5397 1863 5392 1863 5387 1863 5350 1878 5314 1899 5287 1878 5235 1831 5230 1831 5225 1831 5219 1831 5104 1847 5099 1847 5094 1847 5073 1868 5026 1899 4534 1857 4528 1857 4382 1878 4308 1831 4261 1795 4256 1795 4251 1795 4078 1784 3984 1784 3979 1784 3973 1784 3910 1810 3806 1857 3706 1821 3701 1821 3696 1821 3691 1821 3633 1847 3251 1842 3198 1800 3193 1800 3188 1800 3183 1800 3178 1800 3094 1831 3005 1831 2937 1763 2916 1747 2916 1742 2910 1742 2905 1742 2795 1742 2790 1742 2785 1742 2780 1742 2764 1758 2738 1779 2701 1753 2675 1732 2670 1732 2664 1732 2424 1727 2418 1727 2413 1727 2408 1727 2397 1737 2329 1789 2146 1727 2099 1711 2094 1711 2089 1711 1890 1711 1884 1946"/></Shape>
	    <String CONTENT="Per diſtributionem Rhetoricã do¬"
                    HPOS="1879"
                    VPOS="1711"
                    WIDTH="3618"
                    HEIGHT="445"></String>
          </TextLine>

          
          
          <TextLine ID="eSc_line_be2e3b91"
                    TAGREFS="LT4182"
                    BASELINE="2219 1622 5403 1737" 
                    HPOS="2214"
                    VPOS="1439"
                    WIDTH="3189"
                    HEIGHT="387">
            <Shape><Polygon POINTS="2214 1664 2324 1695 2329 1695 2335 1695 2481 1679 2497 1679 2507 1679 2643 1732 2649 1732 2654 1732 2863 1700 2869 1700 3000 1737 3005 1737 3010 1737 3120 1711 3146 1706 3157 1716 3183 1737 3188 1737 3193 1737 3198 1737 3387 1727 3465 1721 3486 1732 3560 1763 3565 1763 3570 1763 3722 1758 3727 1758 3732 1758 3732 1753 3743 1742 3764 1727 3848 1747 3890 1758 3895 1758 3900 1758 3905 1758 3921 1753 3952 1737 4078 1758 4240 1789 4246 1789 4361 1774 4513 1753 4560 1784 4581 1800 4586 1800 4591 1800 4596 1800 4691 1789 4900 1768 5078 1810 5130 1821 5136 1821 5141 1821 5146 1821 5151 1815 5193 1784 5303 1784 5387 1826 5403 1737 5403 1601 5125 1554 5120 1554 5115 1554 4994 1585 4984 1585 4979 1585 4910 1538 4905 1538 4900 1538 4895 1538 4738 1575 4732 1575 4696 1528 4691 1528 4691 1522 4685 1522 4680 1522 4675 1522 4670 1522 4664 1522 4602 1564 4549 1522 4549 1517 4544 1517 4539 1517 4534 1517 4361 1559 4356 1559 4350 1559 4256 1528 4251 1528 4246 1528 4240 1528 4151 1554 4146 1554 4109 1507 4104 1507 4104 1501 4099 1501 4094 1501 3963 1496 3780 1491 3774 1491 3769 1491 3685 1533 3675 1538 3628 1533 3246 1470 3073 1465 3068 1465 3062 1465 2968 1507 2963 1512 2963 1507 2931 1481 2931 1475 2926 1475 2921 1475 2916 1475 2910 1475 2905 1475 2874 1501 2869 1507 2853 1501 2764 1481 2759 1481 2753 1481 2586 1491 2528 1496 2513 1491 2486 1470 2481 1470 2476 1470 2471 1470 2465 1470 2418 1486 2408 1491 2408 1486 2361 1444 2361 1439 2356 1439 2350 1439 2345 1439 2340 1439 2219 1475 2219 1622"/></Shape>
	    <String CONTENT="Per quem habemus redemptionem &amp;c."
                    HPOS="2214"
                    VPOS="1439"
                    WIDTH="3189"
                    HEIGHT="387"></String>
          </TextLine>

          
          
          <TextLine ID="eSc_line_d5a44337"
                    TAGREFS="LT4184"
                    BASELINE="1596 2260 3612 2360 5502 2407" 
                    HPOS="1591"
                    VPOS="2051"
                    WIDTH="3911"
                    HEIGHT="471">
            <Shape><Polygon POINTS="1591 2323 1905 2334 1910 2339 2041 2402 2047 2402 2528 2407 2534 2407 2670 2375 2706 2370 2984 2375 3000 2391 3047 2433 3047 2438 3052 2438 3057 2438 3151 2443 3157 2449 3293 2449 3293 2443 3298 2443 3366 2407 3392 2396 3534 2417 3649 2433 3654 2433 3696 2423 3753 2412 3785 2428 3806 2443 3811 2443 3816 2443 3821 2443 3968 2438 4178 2428 4219 2449 4256 2470 4261 2470 4267 2470 4272 2470 4329 2454 4356 2449 4387 2459 4528 2496 4534 2496 4539 2496 4879 2480 5204 2464 5308 2501 5371 2522 5376 2522 5382 2522 5492 2506 5502 2407 5502 2255 5225 2166 5219 2166 5031 2161 5026 2161 5020 2161 5015 2161 4921 2229 4916 2234 4821 2234 4518 2218 4502 2208 4382 2135 4376 2135 4371 2135 4167 2129 4162 2129 4157 2129 4151 2129 4078 2187 4057 2203 3984 2203 3748 2192 3696 2166 3643 2140 3638 2140 3633 2140 3628 2140 3570 2161 3565 2161 3554 2161 3429 2098 3424 2098 3005 2093 3000 2093 2994 2093 2931 2124 2874 2156 2387 2140 2340 2098 2308 2067 2303 2067 2298 2067 2183 2051 2178 2051 2172 2051 2094 2082 2010 2119 1910 2077 1905 2077 1900 2077 1659 2098 1607 2056 1596 2260 1591 2323"/></Shape>
	    <String CONTENT="cet, ꝗbus modis deus nos ſibi per Chri"
                    HPOS="1591"
                    VPOS="2051"
                    WIDTH="3911"
                    HEIGHT="471"></String>
          </TextLine>

          
          
          <TextLine ID="eSc_line_73284ae3"
                    TAGREFS="LT4184"
                    BASELINE="1575 2606 4094 2695" 
                    HPOS="1570"
                    VPOS="2365"
                    WIDTH="2524"
                    HEIGHT="419">
            <Shape><Polygon POINTS="1575 2606 1570 2679 1623 2716 1628 2716 1633 2716 1638 2716 1643 2716 1743 2674 1753 2669 1759 2674 1790 2695 1795 2695 1801 2695 1806 2695 1947 2679 2010 2674 2031 2684 2162 2737 2167 2737 2172 2737 2178 2737 2183 2737 2246 2689 2256 2684 2455 2684 2471 2695 2607 2752 2612 2752 3057 2768 3062 2768 3068 2768 3225 2726 3308 2763 3314 2763 3319 2763 3418 2742 3497 2784 3502 2784 3507 2784 3513 2784 3649 2737 3801 2784 3806 2784 3811 2784 3816 2784 3821 2784 3821 2778 3858 2747 3968 2784 3973 2784 3979 2784 3984 2784 4089 2742 4094 2695 4094 2527 3942 2496 3937 2496 3780 2506 3659 2512 3633 2496 3565 2438 3560 2438 3554 2438 3204 2423 3198 2423 3036 2459 2921 2480 2712 2475 2654 2433 2649 2428 2643 2428 2638 2428 2633 2428 2628 2428 2617 2428 2471 2470 2366 2412 2324 2391 2319 2391 2251 2391 2246 2391 2240 2391 2235 2391 2225 2402 2178 2443 2151 2423 2146 2423 2141 2423 2136 2423 2005 2449 1905 2402 1900 2402 1895 2402 1801 2412 1738 2370 1732 2370 1727 2370 1581 2365 1575 2606"/></Shape>
	    <String CONTENT="ſtum charos reddiderit."
                    HPOS="1570"
                    VPOS="2365"
                    WIDTH="2524"
                    HEIGHT="419"></String>
          </TextLine>

          
          
          <TextLine ID="eSc_line_d758e974"
                    TAGREFS="LT4182"
                    BASELINE="2183 2951 4837 3045" 
                    HPOS="2178"
                    VPOS="2757"
                    WIDTH="2659"
                    HEIGHT="388">
            <Shape><Polygon POINTS="2178 2993 2324 3045 2329 3045 2335 3045 2340 3045 2345 3045 2392 3009 2586 3009 2591 3019 2628 3045 2628 3051 2633 3051 2638 3051 2643 3051 2649 3051 2717 3030 2774 3071 2780 3071 2785 3071 2790 3071 2795 3071 2848 3051 2910 3077 2916 3077 2921 3077 2926 3077 3026 3040 3062 3030 3214 3051 3507 3098 3513 3098 3628 3077 3738 3056 3879 3061 3926 3092 3958 3113 3963 3113 3968 3113 4136 3119 4141 3119 4146 3119 4172 3108 4219 3077 4277 3113 4293 3124 4298 3124 4303 3124 4308 3124 4314 3124 4335 3113 4382 3087 4486 3124 4507 3129 4513 3129 4518 3129 4523 3129 4534 3124 4638 3087 4706 3134 4712 3140 4717 3140 4722 3140 4727 3145 4832 3145 4837 3045 4837 2914 4586 2867 4581 2867 4575 2867 4570 2867 4570 2873 4544 2894 4356 2867 4350 2867 4345 2867 4298 2878 4267 2888 4251 2878 4188 2836 4183 2836 4178 2836 4172 2836 4167 2836 4089 2867 4068 2878 4041 2867 3947 2815 3942 2815 3937 2815 3759 2846 3659 2867 3586 2836 3497 2799 3492 2799 3486 2799 3481 2799 3403 2826 3361 2841 3329 2820 3308 2810 3303 2810 3298 2810 3293 2810 3287 2810 3267 2820 3209 2852 3130 2810 3073 2784 3068 2784 2958 2784 2952 2784 2947 2784 2942 2784 2926 2799 2884 2831 2701 2794 2696 2794 2691 2794 2685 2794 2649 2820 2602 2778 2591 2768 2586 2768 2581 2768 2188 2757 2183 2951"/></Shape>
	    <String CONTENT="Redemptionem peccatorum &amp;c."
                    HPOS="2178"
                    VPOS="2757"
                    WIDTH="2659"
                    HEIGHT="388"></String>
          </TextLine>

          
          
          <TextLine ID="eSc_line_82863d3a"
                    TAGREFS="LT4184"
                    BASELINE="1853 3338 3916 3412 5450 3427" 
                    HPOS="1848"
                    VPOS="3108"
                    WIDTH="3602"
                    HEIGHT="424">
            <Shape><Polygon POINTS="5424 3270 5125 3270 5120 3260 5041 3192 5041 3187 5036 3187 5031 3187 5026 3187 4570 3239 4455 3249 4089 3244 4068 3218 4062 3218 4062 3213 4057 3213 4052 3213 4047 3213 4020 3218 3942 3234 3916 3213 3848 3155 3842 3155 3837 3155 3623 3150 3617 3150 3612 3150 3607 3150 3554 3197 3528 3223 3471 3223 3350 3192 3172 3140 3167 3140 3162 3140 3157 3140 3057 3181 3010 3197 2910 3176 2905 3176 2900 3176 2816 3202 2759 3166 2685 3124 2680 3124 2675 3124 2465 3119 2460 3119 2455 3119 2376 3150 2324 3176 2287 3150 2267 3134 2261 3134 2256 3134 2251 3134 2151 3145 2130 3145 2125 3145 2094 3113 2094 3108 2089 3108 2083 3108 2078 3108 1853 3129 1853 3338 1848 3443 1942 3448 1947 3448 1952 3448 1958 3448 1958 3443 1994 3412 2057 3448 2078 3464 2083 3464 2089 3464 2314 3469 2319 3469 2324 3469 2366 3459 2471 3422 2507 3459 2518 3464 2518 3469 2523 3469 2528 3469 2534 3469 2586 3459 2712 3438 2816 3464 2884 3485 2890 3485 3277 3490 3282 3490 3287 3490 3340 3474 3439 3448 3539 3480 3602 3501 3607 3501 3612 3501 3732 3485 3863 3464 3895 3485 3895 3490 3900 3490 3905 3490 3910 3490 3979 3490 4303 3474 4455 3501 4659 3532 4664 3532 4670 3532 4675 3532 4717 3506 4753 3485 5439 3516 5450 3427 5445 3333 5424 3270"/></Shape>
	    <String CONTENT="Appoſitiue hæc ſubiunxit, ut ſcire¬"
                    HPOS="1848"
                    VPOS="3108"
                    WIDTH="3602"
                    HEIGHT="424"></String>
          </TextLine>

          
          
          <TextLine ID="eSc_line_023e22d1"
                    TAGREFS="LT4184"
                    BASELINE="1554 3637 3230 3726 5424 3773" 
                    HPOS="1544"
                    VPOS="3443"
                    WIDTH="3880"
                    HEIGHT="476">
            <Shape><Polygon POINTS="1554 3637 1544 3762 1575 3783 1581 3783 1586 3783 1591 3783 1596 3783 1670 3757 1717 3741 1821 3762 1968 3794 1973 3794 1979 3794 1984 3794 2015 3773 2031 3757 2052 3773 2099 3815 2104 3815 2109 3815 2115 3815 2544 3804 2570 3825 2570 3830 2575 3830 2581 3830 2586 3830 2764 3815 2769 3815 2774 3815 2785 3804 2842 3773 3188 3820 3193 3820 3335 3804 3392 3830 3397 3836 3403 3836 3408 3836 3413 3836 3418 3836 3502 3794 3596 3841 3633 3862 3638 3862 3842 3872 3848 3872 3947 3867 3952 3867 3958 3867 3968 3856 4026 3815 4104 3841 4109 3841 4115 3841 4120 3841 4183 3820 4235 3867 4240 3867 4246 3867 4272 3872 4361 3877 4366 3877 4371 3877 4376 3877 4460 3830 4853 3862 4858 3862 5057 3846 5136 3909 5141 3914 5146 3914 5151 3914 5408 3919 5424 3773 5424 3600 5251 3558 5246 3558 4795 3542 4790 3542 4785 3542 4680 3584 4659 3590 3900 3574 3879 3558 3827 3527 3821 3527 3816 3527 3811 3527 3806 3527 3727 3558 3701 3563 3534 3563 3502 3553 3329 3495 3324 3495 3319 3495 3314 3495 3157 3537 3036 3506 3031 3506 3026 3506 3020 3506 2958 3537 2952 3537 2748 3537 2659 3527 2633 3527 2575 3474 2575 3469 2570 3469 2565 3469 2560 3469 2356 3511 2277 3480 2272 3480 2267 3480 1958 3506 1952 3506 1848 3459 1842 3459 1837 3459 1685 3469 1643 3443 1638 3443 1633 3443 1628 3443 1623 3443 1617 3443 1554 3480 1554 3637"/></Shape>
	    <String CONTENT="tur, quid per redemptionem intelligi"
                    HPOS="1544"
                    VPOS="3443"
                    WIDTH="3880"
                    HEIGHT="476"></String>
          </TextLine>

          
          
          <TextLine ID="eSc_line_b1dd8b25"
                    TAGREFS="LT4184"
                    BASELINE="1523 3972 2513 4019" 
                    HPOS="1518"
                    VPOS="3752"
                    WIDTH="995"
                    HEIGHT="371">
            <Shape><Polygon POINTS="1523 3972 1518 4055 1732 4040 1780 4071 1806 4092 1811 4092 1816 4092 1937 4097 1942 4097 2062 4076 2157 4061 2183 4082 2225 4113 2230 4113 2235 4113 2397 4123 2403 4123 2408 4123 2507 4087 2513 4019 2513 3856 2272 3846 2267 3836 2230 3804 2230 3799 2225 3799 2219 3799 2214 3799 2089 3820 2010 3830 1963 3809 1858 3752 1853 3752 1848 3752 1528 3762 1523 3972"/></Shape>
	    <String CONTENT="uoluerit."
                    HPOS="1518"
                    VPOS="3752"
                    WIDTH="995"
                    HEIGHT="371"></String>
          </TextLine>

          
          
          <TextLine ID="eSc_line_142a911c"
                    TAGREFS="LT4182"
                    BASELINE="2146 4322 4120 4385" 
                    HPOS="2141"
                    VPOS="4129"
                    WIDTH="1979"
                    HEIGHT="340">
            <Shape><Polygon POINTS="2141 4369 2308 4406 2314 4406 3094 4406 3178 4448 3183 4448 3188 4448 3392 4432 3455 4458 3460 4458 3465 4458 3471 4458 3581 4422 3790 4469 3795 4469 3801 4469 3806 4469 3869 4432 4109 4432 4120 4385 4120 4249 3963 4244 3958 4239 3879 4181 3874 4181 3869 4181 3863 4181 3858 4181 3717 4228 3670 4181 3670 4176 3664 4176 3659 4176 3654 4176 3649 4176 3528 4212 3465 4165 3460 4165 3455 4165 3450 4165 3445 4165 3324 4212 2968 4150 2696 4144 2691 4144 2685 4144 2607 4186 2591 4191 2314 4191 2287 4170 2230 4129 2225 4129 2219 4129 2214 4129 2209 4129 2146 4155 2146 4322"/></Shape>
	    <String CONTENT="Iuxta diuitias gratiæ ſuæ."
                    HPOS="2141"
                    VPOS="4129"
                    WIDTH="1979"
                    HEIGHT="340"></String>
          </TextLine>

          
          
          <TextLine ID="eSc_line_d4fe0f9e"
                    TAGREFS="LT4184"
                    BASELINE="1816 4678 5403 4767" 
                    HPOS="1811"
                    VPOS="4443"
                    WIDTH="3592"
                    HEIGHT="439">
            <Shape><Polygon POINTS="5115 4532 5062 4526 5010 4521 4979 4516 4853 4516 4848 4516 4842 4516 4837 4516 4759 4568 4701 4568 4570 4579 4544 4563 4513 4542 4507 4542 4502 4542 4497 4542 4350 4553 4198 4568 4162 4547 4120 4516 4115 4516 4109 4516 4104 4516 4099 4516 4010 4537 3931 4563 3900 4537 3858 4495 3858 4490 3853 4490 3848 4490 3842 4490 3837 4490 3732 4526 3722 4532 3717 4526 3675 4490 3675 4484 3670 4484 3664 4484 3591 4484 3586 4484 3581 4484 3575 4484 3528 4516 3481 4553 3293 4553 3246 4516 3240 4516 3235 4516 3230 4516 2680 4532 2455 4469 2397 4453 2392 4453 1821 4443 1816 4678 1811 4757 1910 4793 1916 4793 1921 4793 1926 4793 1994 4762 2026 4751 2209 4751 2261 4767 2445 4819 2450 4819 2701 4825 2706 4825 2712 4825 2806 4783 2832 4772 2947 4772 2958 4783 3005 4825 3005 4830 3010 4830 3015 4830 3115 4835 3120 4840 3282 4840 3282 4835 3287 4835 3293 4835 3361 4793 3371 4788 3397 4793 3518 4835 3523 4835 3528 4835 3534 4835 3539 4835 3539 4830 3575 4798 3586 4793 3638 4804 3785 4825 3790 4825 3874 4809 3910 4798 3931 4809 4015 4856 4020 4856 4130 4861 4136 4861 4340 4856 4345 4856 4350 4856 4403 4819 4413 4814 4429 4819 4513 4851 4518 4851 4523 4851 4712 4825 4743 4825 4759 4830 4890 4867 4895 4867 4900 4867 4905 4867 4963 4846 5010 4882 5015 4882 5020 4882 5026 4882 5397 4840 5403 4767 5403 4605 5282 4600 5277 4594 5162 4532 5115 4532"/></Shape>
	    <String CONTENT="Id eſt, pro copioſa ſua gratia. Eſt e¬"
                    HPOS="1811"
                    VPOS="4443"
                    WIDTH="3592"
                    HEIGHT="439"></String>
          </TextLine>

          
          
          <TextLine ID="eSc_line_aa2ac478"
                    TAGREFS="LT4184"
                    BASELINE="1465 4992 5387 5102" 
                    HPOS="1460"
                    VPOS="4778"
                    WIDTH="3927"
                    HEIGHT="455">
            <Shape><Polygon POINTS="1460 5071 1869 5112 1874 5112 2010 5092 2015 5092 2020 5092 2225 5154 2230 5154 2235 5154 2240 5154 2382 5102 2392 5102 2429 5102 2900 5160 2905 5160 3099 5123 3120 5123 3125 5128 3188 5175 3193 5175 3198 5175 3329 5186 3335 5186 3340 5186 3492 5139 3507 5133 3534 5139 3696 5196 3701 5196 3706 5196 3942 5154 3947 5154 4267 5212 4272 5212 4534 5170 4554 5170 4565 5170 4649 5212 4654 5212 4659 5212 4827 5181 4837 5181 4848 5181 5010 5233 5015 5233 5020 5233 5382 5196 5387 5102 5387 4940 5162 4929 5109 4882 5104 4882 5099 4882 5094 4882 4905 4919 4790 4877 4785 4877 4780 4877 4774 4877 4769 4877 4722 4914 4387 4908 4387 4903 4303 4872 4298 4872 4293 4872 4287 4872 4235 4898 4047 4867 4041 4867 3916 4887 3895 4893 3874 4887 3759 4856 3753 4856 3748 4856 3638 4882 3628 4882 3623 4882 3528 4819 3523 4819 3518 4819 3513 4819 3277 4846 3183 4825 3178 4825 3172 4825 3167 4825 3083 4861 3073 4867 3052 4861 2774 4798 2633 4798 2628 4798 2623 4798 2528 4846 2518 4851 2507 4846 2371 4788 2366 4788 1926 4778 1921 4778 1916 4778 1910 4778 1869 4814 1795 4788 1790 4788 1785 4788 1780 4788 1774 4788 1738 4819 1722 4830 1471 4814 1465 4992 1460 5071"/></Shape>
	    <String CONTENT="nim Hebraiſmus. Diuitiæ gratiæ pro"
                    HPOS="1460"
                    VPOS="4778"
                    WIDTH="3927"
                    HEIGHT="455"></String>
          </TextLine>

          
          
          <TextLine ID="eSc_line_43d10b6a"
                    TAGREFS="LT4184"
                    BASELINE="1460 5327 2821 5358" 
                    HPOS="1455"
                    VPOS="5086"
                    WIDTH="1366"
                    HEIGHT="398">
            <Shape><Polygon POINTS="1460 5327 1455 5400 1748 5468 1753 5468 1759 5468 1905 5432 1942 5421 1973 5437 2057 5474 2062 5474 2293 5479 2298 5479 2303 5479 2308 5479 2335 5458 2371 5432 2460 5432 2534 5468 2565 5484 2570 5484 2575 5484 2581 5484 2623 5474 2691 5458 2811 5484 2821 5358 2821 5212 2659 5207 2649 5196 2586 5128 2586 5123 2581 5123 2575 5123 2570 5123 2565 5123 2445 5175 2387 5196 2230 5154 2167 5139 2162 5139 2157 5139 2151 5139 2146 5139 2136 5144 2057 5191 1916 5139 1910 5139 1905 5139 1900 5139 1863 5160 1785 5112 1759 5097 1753 5097 1748 5097 1460 5086 1460 5327"/></Shape>
	    <String CONTENT="diues gratia."
                    HPOS="1455"
                    VPOS="5086"
                    WIDTH="1366"
                    HEIGHT="398"></String>
          </TextLine>

          
          
          <TextLine ID="eSc_line_b716fea8"
                    TAGREFS="LT4182"
                    BASELINE="2020 5672 3502 5699" 
                    HPOS="2015"
                    VPOS="5479"
                    WIDTH="1487"
                    HEIGHT="330">
            <Shape><Polygon POINTS="2015 5761 2020 5767 2026 5767 2026 5772 2031 5772 2036 5772 2041 5772 2047 5772 2052 5772 2104 5740 2361 5740 2502 5740 2507 5746 2602 5803 2607 5803 2612 5803 2905 5809 2910 5809 3136 5803 3141 5803 3146 5803 3146 5798 3198 5756 3492 5756 3502 5699 3497 5510 3256 5526 3214 5500 3204 5495 3198 5495 3193 5495 3188 5495 3183 5495 3167 5500 3104 5536 3031 5505 3026 5505 3020 5505 3015 5505 2905 5536 2743 5489 2732 5489 2727 5489 2722 5489 2717 5489 2712 5489 2612 5531 2319 5531 2020 5479 2020 5672"/></Shape>
	    <String CONTENT="In omni ſapientia."
                    HPOS="2015"
                    VPOS="5479"
                    WIDTH="1487"
                    HEIGHT="330"></String>
          </TextLine>

          
          
          <TextLine ID="eSc_line_5c01fc05"
                    TAGREFS="LT4184"
                    BASELINE="1790 6091 5350 6154" 
                    HPOS="1785"
                    VPOS="5845"
                    WIDTH="3565"
                    HEIGHT="414">
            <Shape><Polygon POINTS="5036 5918 4984 5913 4827 5971 4795 5981 4691 5981 4675 5966 4612 5908 4607 5908 4602 5908 4596 5908 4591 5908 4586 5908 4528 5960 4507 5976 4183 5976 4141 5945 4068 5882 4062 5882 4057 5882 4052 5882 3895 5887 3890 5887 3884 5887 3832 5929 3806 5955 3722 5960 3617 5955 3575 5918 3523 5871 3518 5871 3513 5871 3507 5871 3502 5871 3361 5908 3235 5945 3130 5903 3125 5903 3120 5903 2790 5945 2602 5877 2539 5856 2534 5856 2193 5850 2188 5850 2183 5850 2162 5861 2068 5903 2010 5850 2005 5845 2000 5845 1994 5845 1790 5845 1790 6091 1785 6159 1858 6201 1863 6201 2083 6206 2089 6206 2094 6206 2235 6170 2319 6149 2408 6175 2413 6175 2418 6175 2424 6175 2429 6175 2434 6175 2492 6154 2513 6175 2549 6206 2549 6211 2554 6211 2560 6211 2680 6217 2685 6217 2691 6217 2759 6180 2806 6159 2968 6159 3094 6191 3104 6191 3109 6191 3115 6191 3130 6191 3261 6164 3356 6196 3392 6206 3397 6206 3403 6206 3408 6206 3434 6196 3497 6175 3795 6175 3890 6206 3895 6206 3900 6206 3905 6206 4052 6180 4188 6211 4298 6243 4303 6243 4607 6248 4612 6248 4617 6248 4623 6248 4654 6222 4675 6206 4722 6227 4753 6238 4759 6238 4764 6238 4769 6238 4811 6227 4931 6196 5057 6232 5141 6259 5146 6259 5151 6259 5345 6238 5350 6154 5350 5997 5094 5966 5036 5918 5036 5918"/></Shape>
	    <String CONTENT="Quid ſapientia ſit. Zuinglius bo¬"
                    HPOS="1785"
                    VPOS="5845"
                    WIDTH="3565"
                    HEIGHT="414"></String>
          </TextLine>

          
          
          <TextLine ID="eSc_line_9a17000d"
                    TAGREFS="LT4184"
                    BASELINE="1418 6395 5335 6489" 
                    HPOS="1418"
                    VPOS="6180"
                    WIDTH="3917"
                    HEIGHT="398">
            <Shape><Polygon POINTS="1418 6191 1418 6395 1424 6484 1507 6452 1973 6489 1979 6489 1984 6489 1989 6489 2031 6463 2094 6494 2120 6505 2125 6505 2130 6505 2136 6505 2172 6494 2209 6484 2240 6494 2287 6515 2293 6515 2298 6515 2303 6515 2340 6499 2387 6473 2549 6499 2617 6510 2623 6510 2759 6505 2916 6494 2947 6505 3010 6531 3015 6531 3020 6531 3026 6531 3083 6510 3125 6489 3162 6510 3188 6520 3193 6520 3198 6520 3251 6510 3298 6499 3319 6510 3376 6541 3382 6541 3387 6541 3544 6515 3570 6510 3602 6515 3753 6546 3759 6546 3890 6520 3910 6515 3931 6520 4057 6557 4062 6557 4068 6557 4450 6541 4497 6567 4502 6567 4507 6567 4513 6567 4628 6546 4963 6578 4968 6578 4973 6578 5036 6546 5204 6567 5209 6567 5214 6567 5329 6536 5335 6489 5329 6342 5183 6342 5167 6332 5015 6269 5010 6269 4895 6269 4890 6269 4884 6269 4879 6269 4811 6316 4795 6327 4219 6311 4172 6290 4031 6243 4026 6243 3952 6243 3947 6243 3942 6243 3937 6243 3890 6280 3853 6306 3795 6274 3717 6238 3712 6238 3560 6232 3554 6232 3549 6232 3486 6264 3455 6280 3429 6259 3382 6227 3376 6227 3371 6227 3178 6227 3172 6227 3167 6227 3162 6227 3136 6248 3099 6274 2947 6285 2795 6243 2790 6243 2785 6243 2350 6269 2209 6217 2204 6217 2198 6217 2193 6217 2094 6259 1801 6248 1643 6185 1638 6185 1633 6185 1424 6180 1418 6191"/></Shape>
	    <String CONTENT="næ memoriæ in libello de prouiden¬"
                    HPOS="1418"
                    VPOS="6180"
                    WIDTH="3917"
                    HEIGHT="398"></String>
          </TextLine>

          
          
          <TextLine ID="eSc_line_d02bbb9b"
                    TAGREFS="LT4184"
                    BASELINE="1413 6730 5319 6824" 
                    HPOS="1413"
                    VPOS="6515"
                    WIDTH="3906"
                    HEIGHT="413">
            <Shape><Polygon POINTS="5319 6824 5308 6662 5120 6662 5094 6651 5031 6620 5026 6620 5020 6620 5015 6620 4968 6646 4947 6656 4895 6646 4837 6630 4832 6630 4827 6630 4764 6641 4675 6651 4649 6635 4591 6594 4586 6594 4581 6594 4450 6594 4445 6594 4439 6594 4376 6625 4340 6641 3879 6635 3842 6604 3837 6604 3832 6604 3827 6604 3811 6604 3607 6625 3560 6594 3528 6567 3523 6567 3518 6567 3513 6567 3303 6583 3230 6588 3198 6578 3125 6557 3120 6557 3115 6557 3109 6557 3068 6578 3031 6594 2984 6573 2937 6552 2931 6552 2806 6552 2801 6552 2795 6552 2769 6562 2696 6599 2089 6594 2005 6536 2000 6531 1994 6531 1989 6531 1848 6525 1842 6525 1837 6525 1827 6531 1712 6578 1680 6546 1675 6546 1670 6546 1664 6546 1549 6562 1418 6515 1413 6730 1413 6792 1596 6792 1617 6798 1675 6824 1680 6824 1685 6824 1795 6803 1821 6798 1827 6803 1858 6829 1858 6834 1863 6834 1869 6834 1874 6834 2047 6819 2293 6871 2298 6876 2486 6876 2486 6871 2492 6871 2643 6819 2654 6819 2691 6824 2973 6855 2979 6855 3073 6834 3104 6860 3109 6860 3115 6860 3120 6860 3335 6834 3356 6834 3361 6834 3424 6860 3429 6860 3434 6860 3586 6850 3664 6902 3670 6902 3675 6902 3680 6902 3853 6887 4015 6913 4020 6913 4439 6860 4544 6923 4549 6923 4554 6923 4670 6928 4675 6928 4680 6928 4816 6887 5094 6876 5256 6908 5261 6908 5267 6908 5272 6908 5314 6876 5319 6824"/></Shape>
	    <String CONTENT="tia dei capite ſecundo pagina ſeptimo"
                    HPOS="1413"
                    VPOS="6515"
                    WIDTH="3906"
                    HEIGHT="413"></String>
          </TextLine>

          
          
          <TextLine ID="eSc_line_01170a96"
                    TAGREFS="LT4184"
                    BASELINE="1392 7059 4000 7143 5319 7153" 
                    HPOS="1387"
                    VPOS="6834"
                    WIDTH="3932"
                    HEIGHT="445">
            <Shape><Polygon POINTS="1392 7059 1387 7122 1649 7159 1654 7159 1816 7138 1821 7138 1989 7180 1994 7180 2000 7180 2340 7153 2418 7211 2424 7211 2429 7211 2649 7216 2654 7216 2659 7216 2664 7216 2738 7164 2963 7190 2994 7222 2994 7227 3000 7227 3005 7227 3240 7232 3246 7232 3251 7232 3345 7180 3413 7227 3418 7227 3424 7227 3581 7242 3586 7242 3591 7242 3727 7190 3769 7222 3774 7222 3780 7222 3785 7222 3884 7201 3958 7253 3963 7253 3968 7253 3973 7253 3979 7253 4136 7201 4178 7232 4183 7232 4188 7232 4193 7232 4198 7232 4287 7206 4350 7263 4356 7263 4361 7263 4366 7263 4371 7263 4507 7222 4628 7263 4633 7263 4638 7263 4643 7263 4764 7227 4926 7279 4931 7279 4937 7279 5314 7227 5319 7153 5319 7012 5115 7002 5052 6960 5047 6960 5041 6960 5036 6960 5031 6960 4921 6991 4848 6928 4842 6928 4837 6928 4748 6923 4743 6923 4738 6923 4596 6976 4554 6991 4382 6991 4350 6965 4287 6913 4282 6913 4277 6913 4130 6908 4125 6908 4120 6908 4115 6908 4057 6955 4020 6976 3680 6970 3602 6934 3581 6923 3575 6923 3570 6923 3565 6923 3549 6928 3492 6960 3209 6960 2973 6923 2968 6923 2827 6944 2738 6908 2732 6908 2727 6908 2722 6908 2717 6908 2670 6939 2575 6908 2570 6908 2565 6908 2560 6908 2476 6934 2413 6881 2413 6876 2408 6876 2403 6876 2246 6855 2240 6855 2235 6855 2188 6866 2020 6913 1884 6855 1863 6845 1858 6845 1397 6834 1392 7059"/></Shape>
	    <String CONTENT="definit. Sapientia, inquit, eſtuis, &amp; po¬"
                    HPOS="1387"
                    VPOS="6834"
                    WIDTH="3932"
                    HEIGHT="445"></String>
          </TextLine>

          
          
          <TextLine ID="eSc_line_bd45f0a3"
                    TAGREFS="LT4184"
                    BASELINE="1376 7394 5298 7494" 
                    HPOS="1376"
                    VPOS="7190"
                    WIDTH="3922"
                    HEIGHT="393">
            <Shape><Polygon POINTS="1376 7394 1376 7483 1554 7457 1654 7494 1659 7494 1664 7494 1670 7494 1701 7494 1984 7467 2209 7504 2219 7504 2225 7504 2230 7504 2314 7478 2382 7509 2397 7515 2403 7515 2408 7515 2445 7509 2607 7483 2774 7520 2816 7525 2821 7525 2905 7520 3219 7499 3565 7536 3623 7541 3628 7541 3654 7541 3785 7520 3837 7541 3858 7551 3863 7551 3869 7551 3905 7546 3973 7530 4057 7546 4099 7556 4104 7556 4109 7556 4115 7556 4125 7551 4167 7525 4376 7556 4465 7567 4471 7567 4523 7556 4649 7536 4685 7562 4696 7572 4701 7572 4706 7572 4712 7572 4759 7567 4879 7541 5031 7572 5099 7583 5104 7583 5109 7583 5151 7572 5240 7551 5277 7577 5298 7494 5298 7337 4691 7321 4528 7295 4476 7248 4471 7248 4465 7248 3994 7237 3989 7237 3984 7237 3979 7237 3895 7295 3759 7295 3675 7232 3670 7232 3664 7232 3659 7232 3434 7263 3356 7222 3350 7222 3209 7216 3204 7216 3198 7216 3193 7216 3120 7274 2994 7232 2989 7232 2984 7232 2979 7232 2832 7269 2701 7237 2696 7237 2691 7237 2481 7258 2403 7222 2397 7222 2392 7222 2387 7222 2329 7242 2198 7190 2193 7190 2188 7190 1910 7242 1759 7195 1753 7195 1748 7195 1743 7195 1738 7195 1670 7237 1455 7206 1450 7206 1445 7206 1376 7227 1376 7394"/></Shape>
	    <String CONTENT="tentia ſummi intellectus. Videtur au¬"
                    HPOS="1376"
                    VPOS="7190"
                    WIDTH="3922"
                    HEIGHT="393"></String>
          </TextLine>

          
          
          <TextLine ID="eSc_line_88cd2691"
                    TAGREFS="LT4184"
                    BASELINE="1366 7724 4361 7813 5303 7818" 
                    HPOS="1361"
                    VPOS="7509"
                    WIDTH="3942"
                    HEIGHT="382">
            <Shape><Polygon POINTS="1366 7724 1361 7792 5293 7891 5303 7818 5303 7677 5183 7677 5178 7672 5083 7598 5078 7598 5073 7598 5068 7598 4963 7619 4706 7588 4701 7588 4696 7588 4565 7651 4554 7656 4256 7651 4246 7640 4157 7572 4151 7572 4146 7572 4141 7572 3848 7630 3806 7635 3785 7624 3722 7593 3717 7593 3712 7593 3706 7593 3701 7593 3654 7619 3654 7624 3649 7619 3607 7593 3602 7593 3596 7593 3591 7593 3586 7593 3518 7619 3492 7624 3429 7614 3303 7593 3298 7593 3209 7609 3167 7614 3141 7604 2994 7541 2989 7541 2801 7536 2795 7536 2790 7536 2785 7536 2706 7593 2680 7604 2481 7604 2450 7583 2345 7525 2340 7525 2335 7525 2329 7525 2225 7562 1895 7509 1890 7509 1884 7509 1753 7562 1732 7567 1366 7551 1366 7724"/></Shape>
	    <String CONTENT="tem Paulus ad humanam heîc allude¬"
                    HPOS="1361"
                    VPOS="7509"
                    WIDTH="3942"
                    HEIGHT="382"></String>
          </TextLine>

          
          
          <TextLine ID="eSc_line_86e0b03e"
                    TAGREFS="LT4184"
                    BASELINE="1361 8064 5261 8169" 
                    HPOS="1356"
                    VPOS="7850"
                    WIDTH="3905"
                    HEIGHT="439">
            <Shape><Polygon POINTS="1361 7986 1361 8064 1356 8132 1439 8164 1445 8164 1450 8164 1455 8164 1528 8143 1539 8137 1554 8143 1774 8216 1780 8216 1785 8216 2193 8190 2408 8232 2413 8232 2418 8232 2424 8232 2507 8174 2528 8164 2612 8179 2921 8247 2926 8247 3193 8200 3298 8184 3361 8211 3497 8263 3502 8263 3507 8263 3748 8221 3890 8200 4178 8221 4204 8242 4272 8284 4277 8284 4282 8284 4287 8289 4445 8289 4445 8284 4450 8284 4528 8252 4602 8221 5047 8226 5099 8273 5115 8289 5120 8289 5125 8289 5130 8289 5136 8289 5167 8273 5209 8258 5240 8279 5261 8169 5261 8001 5178 8001 5172 7996 5031 7923 5026 7923 4680 7912 4581 7912 4575 7912 4570 7912 4565 7912 4492 7975 4403 7949 4397 7949 4392 7949 4125 7970 4099 7970 4047 7938 4041 7938 4036 7938 4031 7938 4026 7938 3958 7965 3942 7965 3596 7933 3591 7933 3586 7933 3528 7954 3434 7891 3429 7891 3424 7891 3308 7876 3303 7876 3298 7876 3052 7938 2931 7865 2926 7865 2921 7865 2780 7865 2774 7865 2769 7865 2654 7928 2518 7855 2513 7855 2340 7850 2167 7850 2162 7850 2157 7850 2036 7912 1743 7870 1738 7870 1732 7870 1659 7902 1471 7865 1465 7865 1460 7865 1376 7891 1361 7986"/></Shape>
	    <String CONTENT="re, qua Epheſij uel in primis pollebãt,"
                    HPOS="1356"
                    VPOS="7850"
                    WIDTH="3905"
                    HEIGHT="439"></String>
          </TextLine>

          
        </TextBlock>
        
        <TextBlock HPOS="4701.0"
                   VPOS="8286.0"
                   WIDTH="620.0"
                   HEIGHT="329.0"
                   ID="block_2"
                   TAGREFS="BT10640">
          <Shape><Polygon POINTS="5321 8286 5321 8615 4701 8615 4701 8286"/></Shape>
          
          
          <TextLine ID="eSc_line_e5b6fa54"
                    TAGREFS="LT4184"
                    BASELINE="4701 8488 5314 8498" 
                    HPOS="4696"
                    VPOS="8263"
                    WIDTH="618"
                    HEIGHT="387">
            <Shape><Polygon POINTS="4701 8488 4696 8645 4863 8650 4869 8650 4874 8650 4879 8650 4931 8614 4989 8577 5036 8603 5041 8603 5047 8603 5052 8603 5308 8561 5314 8498 5314 8263 4701 8300 4701 8488"/></Shape>
	    <String CONTENT="quaſi"
                    HPOS="4696"
                    VPOS="8263"
                    WIDTH="618"
                    HEIGHT="387"></String>
          </TextLine>

          
        </TextBlock>
        

        
      </PrintSpace>
    </Page>
  </Layout>
</alto>
