<?xml version="1.0" encoding="UTF-8"?>
<alto xmlns:xsi="http://www.w3.org/2001/XMLSchema-instance"
      xmlns="http://www.loc.gov/standards/alto/ns-v4#"
      xsi:schemaLocation="http://www.loc.gov/standards/alto/ns-v4# http://www.loc.gov/standards/alto/v4/alto-4-2.xsd">
  <Description>
    <MeasurementUnit>pixel</MeasurementUnit>
    <sourceImageInformation>
      <fileName>page_106.png</fileName>
      
    </sourceImageInformation>
  </Description>
  
  <Tags>
    <OtherTag ID="BT10643" LABEL="NumberingZone" DESCRIPTION="block type NumberingZone"/><OtherTag ID="BT10642" LABEL="DropCapitalZone" DESCRIPTION="block type DropCapitalZone"/><OtherTag ID="BT10641" LABEL="GraphicZone" DESCRIPTION="block type GraphicZone"/><OtherTag ID="BT10640" LABEL="QuireMarksZone" DESCRIPTION="block type QuireMarksZone"/><OtherTag ID="BT10639" LABEL="RunningTitleZone" DESCRIPTION="block type RunningTitleZone"/><OtherTag ID="BT10638" LABEL="MainZone" DESCRIPTION="block type MainZone"/><OtherTag ID="BT10637" LABEL="MarginTextZone" DESCRIPTION="block type MarginTextZone"/>
    <OtherTag ID="LT4185" LABEL="default" DESCRIPTION="line type default"/><OtherTag ID="LT4183" LABEL="HeadingLine" DESCRIPTION="line type HeadingLine"/><OtherTag ID="LT4182" LABEL="CustomLine : BiblicalText" DESCRIPTION="line type CustomLine : BiblicalText"/><OtherTag ID="LT4184" LABEL="DefaultLine" DESCRIPTION="line type DefaultLine"/>
  </Tags>
  
  <Layout>
    <Page WIDTH="6000"
          HEIGHT="9420"
          PHYSICAL_IMG_NR="8"
          ID="eSc_dummypage_">
      <PrintSpace HPOS="0"
                  VPOS="0"
                  WIDTH="6000"
                  HEIGHT="9420">
        
        <TextBlock HPOS="745.0"
                   VPOS="543.0"
                   WIDTH="2888.0"
                   HEIGHT="296.0"
                   ID="block_1"
                   TAGREFS="BT10639">
          <Shape><Polygon POINTS="3633 543 3633 839 745 839 745 543"/></Shape>
          
          
          <TextLine ID="eSc_line_a46773bf"
                    TAGREFS="LT4183"
                    BASELINE="811 795 3570 727" 
                    HPOS="801"
                    VPOS="549"
                    WIDTH="2764"
                    HEIGHT="345">
            <Shape><Polygon POINTS="3471 549 3392 549 3314 549 3235 549 3157 549 3078 549 3000 549 2921 549 2842 549 2764 549 2685 549 2607 549 2528 549 2450 549 2371 549 2293 549 2214 549 2136 549 2057 549 1979 549 1900 549 1821 549 1743 549 1664 549 1594 549 1374 580 887 557 879 557 871 557 801 588 808 792 808 839 958 894 965 894 973 894 1390 839 1452 832 1515 839 1712 855 1719 855 1727 855 1735 855 1735 847 1743 847 1751 832 1767 816 1821 832 1947 871 1955 871 1963 871 2206 832 2387 800 2489 832 2583 855 2591 855 2599 855 2795 824 3007 792 3117 824 3180 839 3188 839 3196 839 3557 816 3565 722 3549 549"/></Shape>
	    <String CONTENT="PAVLI AD EPHES."
                    HPOS="801"
                    VPOS="549"
                    WIDTH="2764"
                    HEIGHT="345"></String>
          </TextLine>

          
        </TextBlock>
        
        <TextBlock HPOS="3810.0"
                   VPOS="499.0"
                   WIDTH="481.0"
                   HEIGHT="305.0"
                   ID="eSc_textblock_028dee8f"
                   TAGREFS="BT10643">
          <Shape><Polygon POINTS="3810 499 3810 804 4291 804 4291 499"/></Shape>
          
          
          <TextLine ID="eSc_line_7263c516"
                    TAGREFS="LT4184"
                    BASELINE="3866 719 4198 711" 
                    HPOS="3856"
                    VPOS="478"
                    WIDTH="337"
                    HEIGHT="361">
            <Shape><Polygon POINTS="3863 839 4185 800 4193 706 4178 478 3856 478 3863 714"/></Shape>
	    <String CONTENT="117"
                    HPOS="3856"
                    VPOS="478"
                    WIDTH="337"
                    HEIGHT="361"></String>
          </TextLine>

          
        </TextBlock>
        
        <TextBlock HPOS="186.0"
                   VPOS="904.0"
                   WIDTH="4156.0"
                   HEIGHT="7108.0"
                   ID="block_3"
                   TAGREFS="BT10638">
          <Shape><Polygon POINTS="4342 904 4342 8012 186 8012 186 904"/></Shape>
          
          
          <TextLine ID="eSc_line_4214c681"
                    TAGREFS="LT4184"
                    BASELINE="204 1208 4193 1125" 
                    HPOS="198"
                    VPOS="926"
                    WIDTH="3995"
                    HEIGHT="377">
            <Shape><Polygon POINTS="204 1208 209 1303 376 1261 465 1297 471 1297 476 1297 481 1297 507 1292 696 1261 984 1276 1130 1287 1136 1287 1141 1287 1183 1271 1261 1240 1565 1229 1842 1250 2041 1266 2047 1266 2052 1266 2120 1240 2198 1214 2267 1235 2335 1261 2340 1261 2345 1261 2350 1261 2445 1229 2523 1208 2680 1224 2942 1250 2947 1250 2952 1250 2958 1250 3015 1214 3036 1198 3089 1208 3125 1219 3130 1219 3136 1219 3141 1219 3178 1208 3225 1193 3240 1203 3267 1224 3272 1224 3277 1224 3282 1224 3586 1198 3879 1229 3884 1229 4188 1172 4193 1125 4178 968 3413 973 3230 926 3225 926 3219 926 3214 926 3209 926 3151 968 2973 947 2968 947 2963 947 2863 989 2848 999 2329 1004 2319 999 2240 962 2235 962 1947 952 1942 952 1638 1010 1481 968 1476 968 1471 968 1465 968 1376 1015 1277 994 1272 994 1036 1025 931 1036 910 1025 869 994 863 994 858 994 706 978 701 978 424 1036 356 1046 214 1041 198 1072"/></Shape>
	    <String CONTENT="am ſcripturæ teſtimonio probauit, cõ¬"
                    HPOS="198"
                    VPOS="926"
                    WIDTH="3995"
                    HEIGHT="377"></String>
          </TextLine>

          
          
          <TextLine ID="eSc_line_0ed237be"
                    TAGREFS="LT4184"
                    BASELINE="204 1549 4198 1460" 
                    HPOS="193"
                    VPOS="1224"
                    WIDTH="4005"
                    HEIGHT="387">
            <Shape><Polygon POINTS="204 1549 204 1611 2314 1554 2340 1559 2387 1575 2392 1575 2397 1575 2507 1554 2560 1549 2664 1554 2963 1564 2968 1564 2973 1564 3015 1543 3026 1538 3041 1543 3115 1559 3120 1559 3125 1559 3460 1528 3507 1528 3544 1528 3890 1543 3895 1543 4198 1507 4198 1460 4188 1245 4010 1224 4005 1224 4000 1224 3905 1250 3769 1287 3654 1256 3565 1235 3560 1235 3554 1235 3549 1235 3544 1235 3513 1261 3455 1313 3366 1313 3298 1266 3256 1240 3251 1240 3246 1240 3240 1240 3031 1256 3026 1256 3020 1256 3020 1261 3005 1276 2989 1292 2952 1276 2884 1250 2879 1250 2874 1250 2638 1256 2633 1256 2628 1256 2586 1287 2523 1334 2125 1334 2068 1303 2026 1271 2020 1271 2015 1271 1884 1271 1879 1271 1874 1271 1790 1308 1706 1350 1099 1360 984 1329 858 1297 853 1297 848 1297 842 1297 743 1329 685 1308 680 1308 675 1308 670 1308 664 1308 628 1339 591 1371 193 1355 204 1549"/></Shape>
	    <String CONTENT="modiſſima occaſione à Chriſti aſcenſi¬"
                    HPOS="193"
                    VPOS="1224"
                    WIDTH="4005"
                    HEIGHT="387"></String>
          </TextLine>

          
          
          <TextLine ID="eSc_line_d4e49e1b"
                    TAGREFS="LT4184"
                    BASELINE="209 1878 4193 1795" 
                    HPOS="198"
                    VPOS="1590"
                    WIDTH="3995"
                    HEIGHT="382">
            <Shape><Polygon POINTS="209 1878 219 1952 251 1931 361 1946 497 1967 502 1967 680 1941 774 1972 780 1972 785 1972 1104 1967 1109 1967 1115 1967 1162 1925 1167 1920 1261 1920 1272 1920 1376 1962 1382 1962 1387 1962 1392 1962 1497 1915 1539 1899 1701 1910 2130 1946 2136 1946 2141 1946 2251 1894 2282 1884 2314 1894 2439 1941 2445 1941 2450 1941 2455 1941 2607 1889 2617 1884 2623 1889 2659 1915 2664 1915 2670 1915 2675 1915 2680 1915 2685 1915 2685 1910 2717 1884 2732 1873 2842 1878 3162 1904 3167 1904 3172 1904 3282 1878 3335 1899 3340 1899 3345 1899 3350 1899 3418 1863 3424 1863 3486 1863 3858 1878 3863 1878 4188 1842 4193 1795 4183 1648 3937 1590 3931 1590 3795 1596 3790 1596 3680 1653 3675 1653 3439 1601 3434 1601 3188 1664 3172 1664 3109 1617 3104 1617 3099 1617 2979 1617 2973 1617 2968 1617 2858 1669 2848 1669 2821 1669 2633 1643 2628 1643 2623 1643 2617 1643 2586 1669 2575 1674 2481 1674 1942 1653 1937 1653 1931 1653 1821 1685 1811 1685 1806 1685 1701 1638 1696 1638 1691 1638 1392 1648 1387 1648 1382 1648 1329 1690 1314 1706 198 1706 209 1878"/></Shape>
	    <String CONTENT="one cœpta, illius quoq; mortẽ &amp; reſur¬"
                    HPOS="198"
                    VPOS="1590"
                    WIDTH="3995"
                    HEIGHT="382"></String>
          </TextLine>

          
          
          <TextLine ID="eSc_line_e0a64a95"
                    TAGREFS="LT4184"
                    BASELINE="209 2213 4251 2140" 
                    HPOS="204"
                    VPOS="1904"
                    WIDTH="4047"
                    HEIGHT="393">
            <Shape><Polygon POINTS="209 2213 209 2250 287 2286 293 2286 298 2286 450 2266 774 2297 780 2297 785 2297 895 2266 1052 2292 1057 2292 1303 2239 1544 2276 1549 2276 1554 2276 1560 2276 1617 2234 1968 2224 2267 2245 2272 2245 2403 2218 2502 2266 2507 2266 2513 2266 3204 2203 3261 2239 3267 2239 3272 2239 3277 2239 3460 2208 3664 2245 3670 2245 3675 2245 3821 2208 4005 2234 4010 2234 4015 2234 4020 2234 4083 2187 4251 2177 4251 2140 4240 1931 3994 1904 3989 1904 3984 1904 3900 1936 3816 1972 3481 1972 3429 1952 3366 1920 3361 1920 3356 1920 3057 1957 2979 1967 2952 1962 2842 1925 2837 1925 2832 1925 2827 1925 2732 1967 2722 1972 2712 1967 2638 1931 2633 1931 2507 1931 2502 1931 2497 1931 2403 1978 2361 1999 2209 1999 2141 1983 1979 1941 1973 1941 1968 1941 1837 1967 1638 1946 1633 1946 1628 1946 1565 1978 1387 1952 1382 1952 1376 1952 1371 1952 1287 2004 1282 2009 764 2030 633 2030 623 2020 513 1972 507 1972 502 1972 497 1972 492 1972 429 2025 424 2035 204 2035 209 2213"/></Shape>
	    <String CONTENT="rectionem deſcribit: idq́; duobus potiſ¬"
                    HPOS="204"
                    VPOS="1904"
                    WIDTH="4047"
                    HEIGHT="393"></String>
          </TextLine>

          
          
          <TextLine ID="eSc_line_5fb5fed2"
                    TAGREFS="LT4184"
                    BASELINE="209 2553 4251 2475" 
                    HPOS="198"
                    VPOS="2229"
                    WIDTH="4053"
                    HEIGHT="398">
            <Shape><Polygon POINTS="209 2553 209 2627 539 2595 612 2621 617 2621 623 2621 748 2595 1146 2611 1151 2611 1324 2574 1774 2600 1821 2600 1827 2600 1858 2600 2109 2559 2230 2580 2235 2580 2476 2553 2596 2580 2612 2585 2617 2585 2623 2585 2691 2580 2952 2553 3089 2569 3125 2574 3130 2574 3136 2574 3141 2574 3141 2569 3146 2569 3183 2532 3460 2532 3502 2564 3507 2564 3513 2564 3518 2564 3554 2559 3795 2527 4240 2543 4251 2475 4235 2229 3821 2266 3539 2245 3534 2245 3528 2245 3308 2323 3005 2323 2874 2292 2869 2292 2863 2292 2858 2292 2853 2292 2806 2328 2675 2307 2670 2307 2664 2307 2602 2334 2350 2266 2345 2266 2340 2266 1942 2344 1811 2276 1806 2276 1801 2276 1649 2297 1643 2297 1638 2297 1570 2355 994 2365 837 2344 832 2344 591 2370 387 2307 382 2307 198 2307 209 2553"/></Shape>
	    <String CONTENT="ſimum nominibus. Primum ut Chriſti"
                    HPOS="198"
                    VPOS="2229"
                    WIDTH="4053"
                    HEIGHT="398"></String>
          </TextLine>

          
          
          <TextLine ID="eSc_line_0126abf6"
                    TAGREFS="LT4184"
                    BASELINE="209 2883 4219 2810" 
                    HPOS="204"
                    VPOS="2564"
                    WIDTH="4015"
                    HEIGHT="408">
            <Shape><Polygon POINTS="209 2883 209 2930 968 2972 973 2972 979 2972 1078 2914 1089 2914 1183 2914 1261 2914 1335 2956 1340 2956 1345 2956 1879 2904 1937 2899 2198 2899 2256 2899 2382 2935 2387 2935 2392 2935 2397 2935 2539 2894 2628 2930 2633 2930 2638 2930 2643 2930 2780 2883 2795 2883 2837 2883 3350 2930 3356 2930 3361 2930 3465 2873 3471 2873 3649 2920 3654 2920 3659 2925 3926 2925 3926 2920 4219 2857 4219 2810 4209 2621 4073 2564 4068 2564 4062 2564 3853 2611 3764 2569 3759 2569 3753 2569 3554 2574 3549 2574 3544 2574 3476 2621 3345 2574 3340 2574 3335 2574 3329 2574 3230 2632 3167 2580 3162 2580 3157 2580 3047 2580 3041 2580 3036 2580 3031 2580 2942 2632 2921 2648 2753 2658 2680 2658 2649 2637 2581 2590 2575 2590 2570 2590 2565 2590 2261 2637 2094 2663 2052 2637 1979 2600 1973 2600 1968 2600 1675 2637 1560 2611 1554 2611 1549 2611 1544 2611 1539 2611 1502 2642 1455 2679 1319 2684 1057 2684 916 2648 832 2627 827 2627 821 2627 816 2627 790 2648 727 2695 465 2695 361 2648 319 2632 314 2632 308 2632 204 2648 209 2883"/></Shape>
	    <String CONTENT="humilitate, &amp; ſubmiſſione Epheſijs ob"
                    HPOS="204"
                    VPOS="2564"
                    WIDTH="4015"
                    HEIGHT="408"></String>
          </TextLine>

          
          
          <TextLine ID="eSc_line_78da0acd"
                    TAGREFS="LT4184"
                    BASELINE="214 3218 4219 3140" 
                    HPOS="209"
                    VPOS="2920"
                    WIDTH="4010"
                    HEIGHT="382">
            <Shape><Polygon POINTS="214 3218 214 3260 518 3302 523 3302 717 3276 1005 3297 1010 3297 1497 3286 1502 3286 1507 3286 1565 3239 1774 3281 1780 3281 1785 3281 1790 3281 1853 3234 1858 3234 2230 3260 2235 3260 2471 3234 2534 3260 2539 3260 2544 3260 2549 3260 2554 3260 2617 3218 2638 3218 2942 3244 2947 3244 2952 3244 3031 3218 3062 3244 3068 3244 3073 3244 3078 3244 3083 3244 3146 3208 3151 3208 3172 3208 3335 3228 3340 3228 3460 3202 3471 3202 3476 3202 3560 3244 3565 3244 3570 3244 3890 3208 4041 3234 4047 3234 4052 3234 4057 3234 4109 3192 4115 3192 4219 3192 4219 3140 4209 2988 4015 2988 3801 2920 3795 2920 3790 2920 3785 2920 3780 2920 3706 2983 3534 2993 3424 2925 3418 2925 3413 2925 3408 2925 3403 2925 3246 2993 3157 2930 3151 2930 3146 2930 3141 2930 2832 2941 2827 2941 2821 2941 2732 3009 2633 3014 2607 3014 2602 3014 2429 2967 2424 2967 2078 2951 2073 2951 2068 2951 1900 3019 1581 3030 1418 2967 1413 2967 1272 2967 1267 2967 1261 2967 984 3045 973 3045 963 3045 675 2988 670 2988 664 2988 539 3051 424 3056 376 3056 371 3056 329 3024 324 3024 319 3024 314 3024 308 3024 209 3056 214 3218"/></Shape>
	    <String CONTENT="oculos poſita, eoſdem ad ſui deiectio¬"
                    HPOS="209"
                    VPOS="2920"
                    WIDTH="4010"
                    HEIGHT="382"></String>
          </TextLine>

          
          
          <TextLine ID="eSc_line_06459b1c"
                    TAGREFS="LT4184"
                    BASELINE="214 3553 4214 3469" 
                    HPOS="209"
                    VPOS="3249"
                    WIDTH="4005"
                    HEIGHT="393">
            <Shape><Polygon POINTS="214 3553 214 3600 450 3631 455 3631 712 3621 717 3621 722 3621 759 3595 769 3590 774 3595 837 3637 842 3637 848 3637 958 3642 963 3642 1230 3590 1277 3579 1319 3584 1439 3611 1445 3611 1450 3611 1497 3584 1518 3574 1549 3584 1602 3600 1607 3600 1612 3600 1743 3579 1832 3569 1910 3579 2193 3616 2198 3616 2204 3616 2209 3616 2256 3574 2272 3563 2319 3574 2481 3600 2486 3600 2649 3569 2743 3548 2811 3563 2931 3600 2937 3600 2942 3600 2947 3600 3062 3563 3120 3542 3209 3558 3240 3563 3246 3563 3287 3558 3418 3537 3486 3553 3591 3584 3596 3584 3602 3584 3900 3579 3905 3579 3973 3548 4031 3522 4209 3542 4214 3469 4204 3281 4146 3265 4141 3265 4136 3265 4031 3291 3931 3312 3884 3291 3863 3286 3858 3286 3853 3286 3848 3286 3821 3297 3785 3307 3769 3297 3712 3249 3706 3249 3701 3249 3696 3249 3560 3276 3183 3260 3178 3260 3172 3260 3167 3260 3089 3312 3073 3323 3062 3312 3000 3276 2994 3276 2989 3276 2984 3276 2979 3276 2973 3276 2926 3312 2801 3270 2795 3270 2790 3270 2785 3270 2633 3323 2607 3333 2560 3328 2256 3281 2251 3281 2246 3281 2089 3338 2057 3354 1492 3354 1418 3317 1413 3317 1408 3317 1403 3317 1319 3359 1303 3370 1183 3370 1167 3365 1094 3307 1089 3307 1083 3307 947 3307 942 3307 937 3307 795 3375 785 3380 554 3380 549 3380 492 3349 486 3349 481 3349 476 3349 471 3349 434 3380 424 3391 209 3391 214 3553"/></Shape>
	    <String CONTENT="nem adhortaretur, ſicut &amp; ad Philipen"
                    HPOS="209"
                    VPOS="3249"
                    WIDTH="4005"
                    HEIGHT="393"></String>
          </TextLine>

          
          
          <TextLine ID="eSc_line_a9494b87"
                    TAGREFS="LT4184"
                    BASELINE="214 3888 3272 3825 4198 3830" 
                    HPOS="209"
                    VPOS="3595"
                    WIDTH="3989"
                    HEIGHT="356">
            <Shape><Polygon POINTS="214 3888 214 3951 879 3925 1031 3945 1052 3945 1057 3945 1062 3945 1073 3945 1162 3919 1523 3935 1549 3935 1554 3935 1560 3935 1643 3909 2429 3919 2492 3919 2497 3919 2523 3919 2837 3888 3047 3909 3057 3909 3062 3909 3068 3909 3073 3909 3073 3904 3099 3877 3366 3877 4188 3888 4198 3830 4188 3637 4089 3605 4083 3605 4078 3605 4073 3605 4068 3605 4015 3642 4010 3647 3581 3652 3560 3647 3356 3595 3350 3595 3345 3595 3340 3595 3335 3595 3272 3652 3267 3652 3240 3631 3235 3631 3230 3631 3225 3631 3219 3631 3214 3631 3188 3652 3178 3663 2905 3663 2890 3658 2759 3605 2753 3605 2748 3605 2743 3605 2738 3605 2675 3663 2664 3673 2445 3673 2424 3663 2356 3616 2350 3616 2345 3616 2183 3616 2178 3616 2172 3616 2015 3668 1984 3684 1827 3684 1806 3673 1764 3637 1759 3637 1753 3637 1612 3626 1607 3626 1471 3642 1465 3642 1460 3642 1413 3679 1397 3689 1361 3679 1235 3637 1230 3637 1225 3637 1219 3637 1214 3637 1162 3679 1141 3699 842 3699 801 3684 696 3647 691 3647 685 3647 513 3673 287 3652 282 3652 277 3652 209 3684 214 3888"/></Shape>
	    <String CONTENT="ſes ſecundo facit. Deinde ut doceret,"
                    HPOS="209"
                    VPOS="3595"
                    WIDTH="3989"
                    HEIGHT="356"></String>
          </TextLine>

          
          
          <TextLine ID="eSc_line_7df4041a"
                    TAGREFS="LT4184"
                    BASELINE="225 4212 4198 4139" 
                    HPOS="214"
                    VPOS="3935"
                    WIDTH="3984"
                    HEIGHT="345">
            <Shape><Polygon POINTS="225 4212 225 4265 1068 4280 1073 4280 1282 4254 1397 4244 1492 4254 1633 4270 1638 4270 1643 4270 1691 4254 1727 4239 1764 4249 1811 4265 1816 4265 1821 4265 2015 4249 2246 4228 2560 4244 2727 4249 2732 4249 2738 4249 2769 4239 2848 4218 2942 4239 2979 4244 2984 4244 2989 4244 3010 4239 3094 4212 3397 4233 3424 4233 3429 4233 3455 4233 3738 4202 3780 4228 3785 4228 3790 4228 3795 4228 3801 4228 3994 4197 4188 4223 4198 4139 4188 3987 3984 3935 3979 3935 3973 3935 3968 3935 3895 3987 3884 3993 3858 3987 3764 3956 3759 3956 3753 3956 3748 3956 3628 3987 3617 3987 3612 3987 3554 3956 3549 3956 3544 3956 3539 3956 3534 3956 3486 3987 3481 3993 3047 4008 3005 3987 2937 3945 2931 3945 2926 3945 2769 3945 2764 3945 2759 3945 2753 3945 2701 3987 2664 4019 2272 4019 2230 3987 2219 3977 2214 3977 2209 3977 2204 3977 2198 3977 2193 3977 2183 3987 2136 4019 1952 3998 1947 3998 1942 3998 1937 3998 1884 4029 1748 4008 1743 4008 1434 4034 1157 3987 1073 3977 1068 3977 727 3987 722 3987 717 3987 654 4040 549 3987 544 3987 539 3987 534 3987 214 3987 225 4212"/></Shape>
	    <String CONTENT="Chriſti humanitatem, diuinitati tum"
                    HPOS="214"
                    VPOS="3935"
                    WIDTH="3984"
                    HEIGHT="345"></String>
          </TextLine>

          
          
          <TextLine ID="eSc_line_05bc4c2f"
                    TAGREFS="LT4184"
                    BASELINE="225 4553 4204 4484" 
                    HPOS="219"
                    VPOS="4259"
                    WIDTH="3985"
                    HEIGHT="377">
            <Shape><Polygon POINTS="225 4553 225 4605 282 4636 287 4636 293 4636 649 4600 732 4631 738 4631 743 4631 748 4631 753 4631 790 4605 963 4626 968 4626 973 4626 1052 4589 1062 4584 1068 4589 1130 4615 1136 4615 1141 4615 1392 4610 1397 4610 1403 4610 1445 4584 1465 4573 1596 4579 2052 4610 2057 4610 2324 4605 2329 4605 2335 4605 2335 4600 2371 4568 2382 4563 2434 4568 2664 4600 2670 4600 2675 4600 2680 4600 2722 4563 2732 4558 2748 4563 2816 4589 2821 4589 2827 4589 2832 4589 2837 4589 2869 4563 2884 4553 2900 4563 2947 4584 2952 4584 2958 4584 2963 4584 2968 4584 2994 4563 3015 4547 3167 4558 3361 4573 3366 4573 3371 4573 3413 4558 3445 4542 4193 4542 4204 4484 4188 4322 4125 4322 4120 4322 4041 4259 4036 4259 4031 4259 3884 4259 3879 4259 3596 4265 3591 4265 3471 4327 3282 4270 3277 4270 3272 4270 3078 4275 3073 4275 2942 4343 2937 4343 2926 4343 2701 4280 2696 4280 2691 4280 2685 4280 2565 4348 2554 4354 2303 4354 2298 4354 2204 4307 2198 4307 2193 4307 2188 4307 2026 4359 2015 4359 2010 4359 1910 4296 1905 4296 1900 4296 1801 4296 1795 4296 1790 4296 1785 4296 1717 4348 1654 4317 1649 4317 1643 4317 1418 4369 1397 4369 1366 4369 1183 4348 1178 4348 947 4375 937 4375 848 4322 842 4322 837 4322 649 4317 643 4317 638 4317 633 4317 544 4380 544 4385 219 4385 225 4553"/></Shape>
	    <String CONTENT="coadunatã intellige, cœlos aſcendiſſe."
                    HPOS="219"
                    VPOS="4259"
                    WIDTH="3985"
                    HEIGHT="377"></String>
          </TextLine>

          
          
          <TextLine ID="eSc_line_526e4f15"
                    TAGREFS="LT4184"
                    BASELINE="225 4893 4219 4809" 
                    HPOS="219"
                    VPOS="4589"
                    WIDTH="4000"
                    HEIGHT="398">
            <Shape><Polygon POINTS="225 4893 225 4945 424 4987 429 4987 717 4982 722 4982 832 4940 1162 4950 1167 4950 1172 4950 1178 4950 1219 4924 1235 4919 1413 4919 1424 4919 1507 4945 1513 4945 1518 4945 1523 4945 1528 4945 1560 4919 1570 4908 1769 4908 1785 4914 1895 4955 1900 4955 1905 4955 1910 4955 1916 4955 1973 4914 2104 4929 2109 4929 2115 4929 2178 4903 2183 4903 2251 4935 2256 4935 2261 4935 2581 4893 2612 4893 2633 4893 2837 4924 2842 4924 2848 4924 2984 4887 3000 4882 3010 4887 3078 4919 3083 4919 3089 4919 3293 4882 3712 4919 3717 4919 3942 4867 3968 4861 4219 4861 4219 4809 4204 4641 3984 4641 3979 4641 3905 4589 3900 4589 3895 4589 3769 4589 3764 4589 3759 4589 3753 4589 3685 4641 3664 4657 3481 4657 3455 4641 3345 4600 3340 4600 3335 4600 3329 4600 3225 4641 3183 4662 3146 4647 3130 4636 3125 4636 3120 4636 3041 4647 2863 4668 2764 4647 2712 4636 2706 4636 2701 4636 2696 4636 2685 4647 2649 4673 2282 4678 2225 4647 2198 4636 2193 4636 1942 4626 1937 4626 1931 4626 1863 4652 1790 4678 1717 4657 1712 4657 1706 4657 1549 4694 1513 4668 1507 4668 1502 4668 1497 4668 1492 4668 1429 4699 1125 4699 989 4657 952 4647 947 4647 942 4647 937 4647 900 4657 685 4715 502 4657 497 4657 492 4657 486 4657 219 4657 225 4893"/></Shape>
	    <String CONTENT="Siquidem iuxta diuinitatem ubiq; ſem"
                    HPOS="219"
                    VPOS="4589"
                    WIDTH="4000"
                    HEIGHT="398"></String>
          </TextLine>

          
          
          <TextLine ID="eSc_line_beaae0b5"
                    TAGREFS="LT4184"
                    BASELINE="246 5222 4204 5149" 
                    HPOS="235"
                    VPOS="4940"
                    WIDTH="3969"
                    HEIGHT="398">
            <Shape><Polygon POINTS="246 5222 246 5338 638 5264 984 5280 1041 5317 1047 5317 1052 5317 1057 5317 1062 5317 1198 5269 1319 5306 1361 5322 1366 5322 1371 5322 1523 5317 1528 5317 1565 5301 1691 5243 1837 5275 1842 5275 2219 5238 2308 5275 2371 5301 2376 5301 2382 5306 2502 5306 2502 5301 2738 5296 2743 5296 2821 5254 2884 5222 3073 5222 3120 5249 3167 5269 3172 5269 3178 5269 3345 5238 3408 5228 3439 5233 3544 5264 3549 5264 3554 5264 3790 5222 3890 5207 3926 5217 3994 5243 4000 5243 4005 5243 4204 5207 4204 5149 4193 4961 3921 4940 3916 4940 3910 4940 3905 4940 3879 4961 3832 4997 3439 4997 3314 4971 3256 4961 3251 4961 3246 4961 3240 4961 3230 4971 3193 5003 2774 5013 2403 4987 2219 4971 2214 4971 2209 4971 2204 4971 2178 4987 2109 5029 1790 5029 1738 4992 1732 4992 1727 4992 1722 4992 1717 4992 1712 4992 1664 5034 1549 5034 1256 5003 1162 4992 1157 4992 1151 4992 1146 4992 1130 5003 1057 5044 863 5008 806 4997 801 4997 722 5008 455 5055 235 5018 246 5222"/></Shape>
	    <String CONTENT="per fuit, &amp; per conſequens nec à cœle"
                    HPOS="235"
                    VPOS="4940"
                    WIDTH="3969"
                    HEIGHT="398"></String>
          </TextLine>

          
          
          <TextLine ID="eSc_line_da03c76b"
                    TAGREFS="LT4184"
                    BASELINE="240 5557 2230 5531" 
                    HPOS="235"
                    VPOS="5296"
                    WIDTH="1995"
                    HEIGHT="366">
            <Shape><Polygon POINTS="240 5557 246 5620 272 5610 287 5620 335 5657 340 5657 345 5657 350 5662 633 5662 633 5657 638 5657 743 5610 764 5599 785 5610 827 5631 832 5631 837 5631 1000 5604 1099 5589 1204 5599 1403 5620 1408 5620 1413 5620 1418 5620 1418 5615 1424 5615 1439 5594 1450 5583 1518 5583 1549 5589 1623 5615 1628 5615 1633 5615 1638 5615 1727 5589 1837 5631 1842 5631 1848 5631 1853 5631 1947 5589 2225 5573 2230 5531 2214 5353 2015 5353 2010 5353 1952 5306 1947 5306 1942 5306 1827 5296 1821 5296 1602 5301 1596 5301 1591 5301 1591 5306 1539 5353 1481 5358 1403 5364 1371 5358 1167 5306 1162 5306 1157 5306 1151 5306 1073 5343 984 5327 979 5327 973 5327 968 5327 916 5364 905 5369 879 5364 764 5338 759 5338 633 5364 596 5374 581 5364 507 5317 502 5317 497 5317 308 5317 303 5317 298 5317 293 5317 235 5353 240 5557"/></Shape>
	    <String CONTENT="ſti patre ſuo abfuit."
                    HPOS="235"
                    VPOS="5296"
                    WIDTH="1995"
                    HEIGHT="366"></String>
          </TextLine>

          
          
          <TextLine ID="eSc_line_ff27057d"
                    TAGREFS="LT4182"
                    BASELINE="884 5866 3476 5814" 
                    HPOS="874"
                    VPOS="5615"
                    WIDTH="2602"
                    HEIGHT="345">
            <Shape><Polygon POINTS="884 5913 1136 5960 1141 5960 1146 5960 1151 5960 1198 5924 1240 5955 1246 5955 1251 5955 1256 5955 1450 5950 1455 5950 1460 5950 1507 5908 1518 5903 1554 5908 1753 5945 1759 5945 1764 5945 1769 5945 1769 5939 1806 5908 1816 5892 1921 5892 2261 5903 2523 5908 2528 5908 2534 5908 2560 5897 2607 5882 2623 5897 2654 5924 2654 5929 2659 5929 2664 5929 2670 5929 2884 5924 2890 5924 2895 5924 2895 5918 2900 5918 2916 5897 2921 5892 2921 5897 2968 5918 2973 5918 2979 5918 2984 5918 2989 5918 2989 5913 3015 5892 3031 5877 3068 5892 3104 5908 3109 5908 3115 5908 3120 5908 3172 5892 3261 5866 3465 5887 3476 5814 3465 5667 3230 5615 3225 5615 3219 5615 3214 5615 3214 5620 3167 5667 2952 5620 2947 5620 2701 5625 2696 5625 2691 5625 2691 5631 2643 5672 2335 5641 2329 5641 2324 5641 2240 5683 1937 5693 1910 5693 1905 5693 1638 5652 1633 5652 1628 5652 1623 5652 1554 5704 1282 5704 1235 5662 1235 5657 1230 5657 1225 5657 1141 5657 1136 5657 937 5667 931 5667 926 5667 874 5699 884 5866"/></Shape>
	    <String CONTENT="Niſi quod prius etiam deſcendit."
                    HPOS="874"
                    VPOS="5615"
                    WIDTH="2602"
                    HEIGHT="345"></String>
          </TextLine>

          
          
          <TextLine ID="eSc_line_a640ce08"
                    TAGREFS="LT4184"
                    BASELINE="544 6196 4167 6133" 
                    HPOS="534"
                    VPOS="5908"
                    WIDTH="3633"
                    HEIGHT="361">
            <Shape><Polygon POINTS="4151 5960 4099 5950 4047 5939 3994 5929 3942 5918 3890 5908 3827 5955 3821 5960 3544 5966 3476 5955 3272 5924 3267 5924 3261 5924 3183 5960 3178 5960 3104 5913 3099 5913 3094 5913 2952 5913 2947 5913 2774 5950 2486 5924 2481 5924 2476 5924 2471 5924 2429 5960 2408 5981 2371 5966 2298 5929 2293 5929 2225 5929 2219 5929 2214 5929 2209 5929 2167 5966 2146 5981 2078 5966 1947 5934 1942 5934 1937 5934 1832 5966 1727 6002 1623 6002 1586 5966 1554 5939 1549 5939 1544 5939 1539 5939 1534 5939 1528 5939 1486 5966 1424 6007 1130 6007 1052 5971 1020 5955 1015 5955 1010 5955 1005 5955 1000 5955 979 5971 926 6007 816 5971 759 5955 753 5955 748 5955 534 5971 544 6196 544 6253 1136 6264 1141 6264 1324 6248 1513 6227 1565 6243 1649 6269 1654 6269 1659 6269 1664 6269 1670 6269 1706 6243 1732 6222 1806 6222 1832 6238 1853 6259 1858 6259 1863 6259 1869 6259 1973 6238 2094 6211 2261 6232 2413 6253 2418 6253 2769 6248 2774 6248 2780 6248 2806 6227 2811 6222 2827 6227 2905 6248 2910 6248 2916 6248 2921 6248 2968 6222 3005 6201 3036 6222 3047 6232 3052 6232 3057 6232 3062 6232 3068 6232 3073 6232 3073 6227 3083 6222 3109 6196 3172 6222 3230 6243 3235 6243 3240 6243 3246 6243 3251 6243 3282 6222 3314 6196 3465 6217 3539 6227 3544 6227 3549 6227 3554 6227 3554 6222 3565 6217 3596 6185 3785 6206 3790 6206 3795 6206 3869 6180 3963 6211 4000 6222 4005 6222 4010 6222 4167 6206 4167 6133 4157 5960 4151 5960"/></Shape>
	    <String CONTENT="Paulus idem heîc ſignificare uult,"
                    HPOS="534"
                    VPOS="5908"
                    WIDTH="3633"
                    HEIGHT="361"></String>
          </TextLine>

          
          
          <TextLine ID="eSc_line_51232cae"
                    TAGREFS="LT4184"
                    BASELINE="256 6536 4193 6452" 
                    HPOS="251"
                    VPOS="6222"
                    WIDTH="3942"
                    HEIGHT="424">
            <Shape><Polygon POINTS="251 6368 256 6536 256 6646 560 6641 565 6641 748 6583 827 6614 832 6614 837 6614 842 6614 900 6588 968 6620 973 6620 979 6620 984 6620 1068 6578 1214 6620 1235 6625 1240 6625 1246 6625 1251 6625 1272 6614 1366 6583 1581 6604 1722 6620 1727 6620 2099 6609 2104 6609 2167 6583 2251 6552 2371 6578 2429 6588 2434 6588 2439 6588 2445 6588 2460 6573 2476 6562 2513 6573 2581 6594 2586 6594 2591 6594 2748 6562 2842 6546 2884 6557 2942 6578 2947 6578 2952 6578 2958 6578 2963 6578 2994 6557 3005 6546 3015 6557 3052 6573 3057 6573 3062 6573 3068 6573 3115 6552 3183 6583 3188 6583 3193 6583 3198 6583 3204 6583 3261 6546 3287 6531 3382 6541 3513 6557 3518 6557 3523 6557 3528 6557 3560 6536 3575 6525 3602 6536 3680 6557 3685 6557 3691 6557 3696 6557 3701 6557 3701 6552 3732 6531 3743 6520 3769 6525 3837 6541 3842 6541 4188 6510 4193 6452 4188 6290 3958 6222 3952 6222 3947 6222 3942 6222 3701 6295 3685 6300 3581 6300 3319 6295 3225 6238 3219 6238 3214 6238 3209 6238 3204 6238 3198 6238 3083 6311 3078 6316 2591 6321 2586 6321 2486 6253 2481 6253 2476 6253 2471 6253 2104 6264 2099 6264 1937 6332 1921 6342 1628 6342 1617 6337 1497 6274 1492 6274 1486 6274 1356 6280 1350 6280 1345 6280 1277 6321 1141 6285 1136 6285 1130 6285 769 6290 764 6290 534 6358 497 6368 251 6368 251 6368"/></Shape>
	    <String CONTENT="quod Chriſtus iple loannis decimoſe,"
                    HPOS="251"
                    VPOS="6222"
                    WIDTH="3942"
                    HEIGHT="424"></String>
          </TextLine>

          
          
          <TextLine ID="eSc_line_efcf95dd"
                    TAGREFS="LT4184"
                    BASELINE="256 6871 4235 6792" 
                    HPOS="251"
                    VPOS="6599"
                    WIDTH="3984"
                    HEIGHT="371">
            <Shape><Polygon POINTS="256 6871 256 6923 408 6970 413 6970 418 6970 424 6970 549 6923 664 6960 670 6960 675 6960 921 6918 1026 6960 1031 6960 1036 6960 1041 6960 1136 6913 1303 6955 1308 6955 1314 6955 1513 6949 1518 6949 1523 6949 1596 6902 1680 6934 1685 6934 1691 6934 1884 6897 1989 6934 1994 6934 2000 6934 2214 6892 2361 6934 2366 6934 2371 6934 2376 6934 2492 6887 2628 6928 2633 6928 2638 6928 2858 6923 2863 6923 2869 6923 2937 6876 2952 6876 3198 6902 3204 6902 3680 6866 3769 6897 3774 6897 3780 6897 3785 6897 3790 6897 3832 6860 3837 6855 4230 6850 4235 6792 4225 6635 3753 6620 3748 6620 3612 6641 3570 6646 3539 6641 3272 6599 3267 6599 3261 6599 3178 6646 3162 6656 3151 6646 3099 6609 3094 6609 3089 6609 2973 6604 2968 6604 2963 6604 2874 6651 2853 6662 2811 6651 2643 6609 2638 6609 2633 6609 2418 6614 2413 6614 2408 6614 2361 6656 2340 6672 2282 6656 2104 6620 2099 6620 1926 6625 1921 6625 1916 6625 1858 6667 1821 6688 1445 6688 1403 6672 1329 6641 1324 6641 1319 6641 1314 6641 1235 6672 1178 6698 1005 6698 958 6677 890 6646 884 6646 790 6646 785 6646 780 6646 774 6646 738 6677 706 6703 638 6682 565 6656 560 6656 554 6656 549 6656 476 6682 460 6688 450 6682 418 6662 413 6662 408 6662 403 6662 397 6662 392 6662 366 6682 340 6703 251 6688 256 6871"/></Shape>
	    <String CONTENT="xto ubi inquit: Exiui à patre &amp; ueni in"
                    HPOS="251"
                    VPOS="6599"
                    WIDTH="3984"
                    HEIGHT="371"></String>
          </TextLine>

          
          
          <TextLine ID="eSc_line_c80b0738"
                    TAGREFS="LT4184"
                    BASELINE="267 7206 3790 7138 4225 7148" 
                    HPOS="261"
                    VPOS="6934"
                    WIDTH="3964"
                    HEIGHT="366">
            <Shape><Polygon POINTS="267 7206 267 7253 387 7300 392 7300 397 7300 403 7300 518 7258 643 7295 649 7295 654 7295 832 7258 1078 7290 1083 7290 1089 7290 1094 7290 1094 7284 1120 7263 1272 7284 1277 7284 1282 7284 1387 7253 1623 7279 1628 7279 1633 7279 1748 7232 1795 7274 1801 7274 1806 7274 1811 7274 1816 7274 1947 7227 2188 7258 2193 7258 2198 7258 2204 7258 2256 7222 2785 7258 2790 7258 2952 7253 2958 7253 3078 7206 3235 7248 3240 7248 3246 7248 3251 7248 3361 7201 3502 7232 3507 7232 3979 7190 4162 7227 4167 7227 4172 7227 4178 7227 4225 7185 4225 7148 4219 6976 4010 6949 4005 6949 3853 6976 3801 6934 3795 6934 3790 6934 3670 6934 3664 6934 3659 6934 3607 6960 3413 6955 3408 6955 3403 6955 3340 6991 3335 6991 3308 6991 3120 6970 3115 6970 3109 6970 3057 6996 3052 6996 3026 6996 2821 6976 2816 6976 2811 6976 2806 6976 2769 7002 2743 6976 2738 6976 2732 6976 2727 6976 2507 7002 2450 6960 2445 6960 2439 6960 2308 6960 2303 6960 2298 6960 2293 6960 2240 7002 2010 6976 2005 6976 2000 6976 1994 6976 1931 7017 1916 7017 1774 6996 1769 6996 1596 7023 1586 7023 1497 6976 1492 6976 1382 6976 1376 6976 1371 6976 1172 7028 837 6986 832 6986 701 6991 696 6991 691 6991 612 7038 329 7017 324 7017 319 7017 261 7038 267 7206"/></Shape>
	    <String CONTENT="mundum. lterum relinquo mundum,"
                    HPOS="261"
                    VPOS="6934"
                    WIDTH="3964"
                    HEIGHT="366"></String>
          </TextLine>

          
          
          <TextLine ID="eSc_line_bda672ce"
                    TAGREFS="LT4184"
                    BASELINE="277 7541 2821 7504 4246 7452" 
                    HPOS="267"
                    VPOS="7258"
                    WIDTH="3979"
                    HEIGHT="377">
            <Shape><Polygon POINTS="277 7541 277 7593 392 7635 397 7635 403 7635 408 7635 544 7588 554 7588 570 7588 753 7630 759 7630 764 7630 769 7630 827 7583 832 7583 837 7583 921 7614 926 7614 931 7614 937 7614 942 7614 989 7583 1041 7619 1047 7619 1052 7619 1057 7619 1235 7588 1350 7624 1356 7624 1361 7630 1602 7630 1602 7624 1890 7567 1900 7567 1905 7567 2020 7614 2026 7614 2031 7619 2031 7614 2036 7614 2157 7567 2591 7604 2596 7604 2602 7604 2717 7556 2884 7577 2890 7577 2895 7577 2900 7577 2937 7551 2952 7541 2989 7551 3151 7588 3157 7588 3162 7588 3256 7546 3277 7536 3356 7541 3706 7583 3712 7583 3717 7583 3827 7541 3926 7562 3931 7562 3937 7562 3994 7530 4010 7525 4235 7525 4246 7452 4230 7295 3963 7300 3958 7300 3910 7274 3905 7274 3900 7274 3712 7305 3664 7310 3654 7305 3575 7258 3570 7258 3565 7258 3455 7258 3450 7258 3445 7258 3272 7316 3261 7321 2921 7321 2858 7274 2853 7274 2848 7274 2659 7274 2654 7274 2649 7274 2513 7321 2397 7279 2392 7279 2387 7279 2382 7279 2198 7342 2157 7342 1591 7352 1586 7352 1335 7300 1329 7300 1324 7300 1183 7358 869 7310 863 7310 858 7310 753 7358 654 7337 649 7337 643 7337 539 7363 361 7321 356 7321 350 7321 345 7321 267 7368 277 7541"/></Shape>
	    <String CONTENT="&amp; uado ad patrem. Sed dices: Quomo"
                    HPOS="267"
                    VPOS="7258"
                    WIDTH="3979"
                    HEIGHT="377"></String>
          </TextLine>

          
          
          <TextLine ID="eSc_line_f422aa91"
                    TAGREFS="LT4184"
                    BASELINE="282 7881 4303 7797" 
                    HPOS="272"
                    VPOS="7583"
                    WIDTH="4031"
                    HEIGHT="434">
            <Shape><Polygon POINTS="282 7881 282 7938 486 7965 492 7965 743 7938 801 7965 806 7965 811 7965 816 7965 947 7933 1083 7975 1089 7975 1094 7975 1099 7975 1167 7949 1282 7959 1345 8012 1350 8012 1356 8012 1361 8017 1534 8017 1534 8012 2125 7996 2130 7996 2136 7996 2193 7959 2282 7970 2287 7970 2293 7970 2418 7902 2534 7944 2539 7944 2544 7944 2549 7944 2685 7897 2973 7897 3125 7975 3130 7975 3136 7980 3293 7980 3293 7975 3361 7970 3366 7970 3371 7970 3476 7881 3534 7876 3575 7876 3643 7876 3764 7876 3984 7959 3989 7959 3994 7959 4000 7959 4005 7959 4146 7870 4172 7891 4178 7891 4183 7891 4188 7891 4193 7891 4303 7860 4303 7797 4298 7630 4120 7583 4115 7583 4109 7583 4104 7583 3963 7630 3926 7640 3842 7630 3670 7609 3664 7609 3659 7609 3654 7609 3628 7630 3596 7651 3397 7635 3335 7630 3329 7630 3324 7630 3319 7630 3314 7635 3282 7661 2141 7661 2136 7661 2130 7661 2031 7687 1879 7645 1801 7619 1795 7619 1790 7619 1560 7624 1554 7624 1549 7624 1523 7645 1497 7661 1324 7645 1172 7635 1167 7635 1162 7635 1157 7635 1141 7645 1089 7687 1005 7651 984 7640 979 7640 973 7640 743 7645 738 7645 732 7645 727 7651 685 7677 272 7656 282 7881"/></Shape>
	    <String CONTENT="do Chriſtus à patre exiuit, quum ipſe"
                    HPOS="272"
                    VPOS="7583"
                    WIDTH="4031"
                    HEIGHT="434"></String>
          </TextLine>

          
        </TextBlock>
        
        <TextBlock HPOS="2432.0"
                   VPOS="7924.0"
                   WIDTH="1953.0"
                   HEIGHT="352.0"
                   ID="block_2"
                   TAGREFS="BT10640">
          <Shape><Polygon POINTS="4385 7924 4385 8276 2432 8276 2432 7924"/></Shape>
          
          
          <TextLine ID="eSc_line_5dccaea7"
                    TAGREFS="LT4184"
                    BASELINE="3408 8158 4287 8137" 
                    HPOS="3397"
                    VPOS="7938"
                    WIDTH="890"
                    HEIGHT="299">
            <Shape><Polygon POINTS="3408 8158 3408 8190 3617 8237 3623 8237 3628 8237 3790 8195 4020 8221 4026 8221 4031 8221 4125 8184 4141 8179 4282 8179 4287 8137 4277 7970 4078 7944 4073 7944 4068 7944 4062 7944 4062 7949 4057 7949 4041 7970 4036 7975 3994 7970 3842 7954 3837 7954 3832 7954 3827 7954 3801 7975 3790 7980 3743 7975 3481 7938 3476 7938 3471 7938 3397 7970 3408 8158"/></Shape>
	    <String CONTENT="Ioannis"
                    HPOS="3397"
                    VPOS="7938"
                    WIDTH="890"
                    HEIGHT="299"></String>
          </TextLine>

          
          
          <TextLine ID="eSc_line_ae62f0a9"
                    TAGREFS="LT4184"
                    BASELINE="3011 8173 3204 8169" 
                    HPOS="2992"
                    VPOS="7975"
                    WIDTH="204"
                    HEIGHT="322">
            <Shape><Polygon POINTS="3007 8171 3015 8297 3196 8266 3196 8164 3172 7975 2992 7975 3007 8171"/></Shape>
	    <String CONTENT="3"
                    HPOS="2992"
                    VPOS="7975"
                    WIDTH="204"
                    HEIGHT="322"></String>
          </TextLine>

          
          
          <TextLine ID="eSc_line_dbcef7e7"
                    TAGREFS="LT4184"
                    BASELINE="2523 8184 2852 8177" 
                    HPOS="2513"
                    VPOS="7928"
                    WIDTH="337"
                    HEIGHT="330">
            <Shape><Polygon POINTS="2827 7928 2748 7928 2670 7928 2591 7928 2513 7928 2520 8179 2520 8242 2842 8258 2850 8171 2827 7928 2827 7928"/></Shape>
	    <String CONTENT="H"
                    HPOS="2513"
                    VPOS="7928"
                    WIDTH="337"
                    HEIGHT="330"></String>
          </TextLine>

          
        </TextBlock>
        

        
      </PrintSpace>
    </Page>
  </Layout>
</alto>
