<?xml version="1.0" encoding="UTF-8"?>
<alto xmlns:xsi="http://www.w3.org/2001/XMLSchema-instance"
      xmlns="http://www.loc.gov/standards/alto/ns-v4#"
      xsi:schemaLocation="http://www.loc.gov/standards/alto/ns-v4# http://www.loc.gov/standards/alto/v4/alto-4-2.xsd">
  <Description>
    <MeasurementUnit>pixel</MeasurementUnit>
    <sourceImageInformation>
      <fileName>page_103.png</fileName>
      
    </sourceImageInformation>
  </Description>
  
  <Tags>
    <OtherTag ID="BT10643" LABEL="NumberingZone" DESCRIPTION="block type NumberingZone"/><OtherTag ID="BT10642" LABEL="DropCapitalZone" DESCRIPTION="block type DropCapitalZone"/><OtherTag ID="BT10641" LABEL="GraphicZone" DESCRIPTION="block type GraphicZone"/><OtherTag ID="BT10640" LABEL="QuireMarksZone" DESCRIPTION="block type QuireMarksZone"/><OtherTag ID="BT10639" LABEL="RunningTitleZone" DESCRIPTION="block type RunningTitleZone"/><OtherTag ID="BT10638" LABEL="MainZone" DESCRIPTION="block type MainZone"/><OtherTag ID="BT10637" LABEL="MarginTextZone" DESCRIPTION="block type MarginTextZone"/>
    <OtherTag ID="LT4185" LABEL="default" DESCRIPTION="line type default"/><OtherTag ID="LT4183" LABEL="HeadingLine" DESCRIPTION="line type HeadingLine"/><OtherTag ID="LT4182" LABEL="CustomLine : BiblicalText" DESCRIPTION="line type CustomLine : BiblicalText"/><OtherTag ID="LT4184" LABEL="DefaultLine" DESCRIPTION="line type DefaultLine"/>
  </Tags>
  
  <Layout>
    <Page WIDTH="6000"
          HEIGHT="9420"
          PHYSICAL_IMG_NR="5"
          ID="eSc_dummypage_">
      <PrintSpace HPOS="0"
                  VPOS="0"
                  WIDTH="6000"
                  HEIGHT="9420">
        
        <TextBlock HPOS="1604.0"
                   VPOS="476.0"
                   WIDTH="465.0"
                   HEIGHT="312.0"
                   ID="eSc_textblock_24f98c4d"
                   TAGREFS="BT10643">
          <Shape><Polygon POINTS="1604 476 1604 788 2069 788 2069 476"/></Shape>
          
          
          <TextLine ID="eSc_line_0b4fdea6"
                    TAGREFS="LT4184"
                    BASELINE="1664 732 1954 729" 
                    HPOS="1641"
                    VPOS="416"
                    WIDTH="306"
                    HEIGHT="486">
            <Shape><Polygon POINTS="1664 902 1814 847 1939 871 1947 722 1924 416 1641 416 1657 730"/></Shape>
	    <String CONTENT="114"
                    HPOS="1641"
                    VPOS="416"
                    WIDTH="306"
                    HEIGHT="486"></String>
          </TextLine>

          
        </TextBlock>
        
        <TextBlock HPOS="2134.0"
                   VPOS="502.0"
                   WIDTH="3466.0"
                   HEIGHT="271.0"
                   ID="eSc_textblock_f87895f9"
                   TAGREFS="BT10639">
          <Shape><Polygon POINTS="2134 502 2134 773 5600 773 5600 502"/></Shape>
          
          
          <TextLine ID="eSc_line_78fe495b"
                    TAGREFS="LT4183"
                    BASELINE="2155 728 5518 696" 
                    HPOS="2143"
                    VPOS="502"
                    WIDTH="3370"
                    HEIGHT="306">
            <Shape><Polygon POINTS="3714 502 3636 502 3557 502 3479 502 3400 502 3321 502 3243 502 3164 502 3086 502 3007 502 2929 502 2850 502 2772 502 2693 502 2615 502 2536 502 2458 502 2379 502 2301 502 2222 502 2143 502 2151 722 2151 792 4649 808 4657 808 4664 808 4672 808 4727 769 4735 761 5513 753 5513 690 5497 510 3816 502 3793 502"/></Shape>
	    <String CONTENT="COMMENT. IN EPIST."
                    HPOS="2143"
                    VPOS="502"
                    WIDTH="3370"
                    HEIGHT="306"></String>
          </TextLine>

          
        </TextBlock>
        
        <TextBlock HPOS="1546.0"
                   VPOS="817.0"
                   WIDTH="4230.0"
                   HEIGHT="7134.0"
                   ID="block_1"
                   TAGREFS="BT10638">
          <Shape><Polygon POINTS="5776 817 5776 7951 1546 7951 1546 817"/></Shape>
          
          
          <TextLine ID="eSc_line_6b1e154a"
                    TAGREFS="LT4182"
                    BASELINE="2256 1083 4670 1041" 
                    HPOS="2251"
                    VPOS="853"
                    WIDTH="2419"
                    HEIGHT="319">
            <Shape><Polygon POINTS="2256 1146 2424 1135 2471 1146 2544 1172 2549 1172 2554 1172 2560 1172 2633 1146 2654 1135 2680 1146 2738 1167 2743 1167 2748 1167 3015 1161 3020 1161 3026 1161 3026 1156 3031 1156 3047 1135 3057 1125 3094 1135 3198 1156 3204 1156 3329 1130 3345 1125 3356 1125 3439 1156 3445 1156 3450 1156 3602 1130 3753 1151 3759 1151 3764 1151 3895 1114 3916 1109 3937 1114 4047 1146 4052 1146 4057 1146 4062 1146 4068 1146 4068 1140 4104 1109 4109 1104 4350 1104 4356 1104 4429 1135 4434 1135 4439 1135 4445 1135 4450 1135 4486 1099 4664 1093 4670 1041 4654 884 4350 889 4345 884 4308 858 4308 853 4303 853 4298 853 4109 853 4104 853 4099 853 4094 853 4052 889 4047 894 4031 889 3910 858 3905 858 3900 858 3680 894 3654 900 3628 900 3460 863 3455 863 3450 863 3445 863 3397 900 3387 905 3361 900 3151 868 3146 868 3141 868 3136 868 3136 873 3099 905 3094 910 3015 905 2591 879 2586 879 2581 879 2575 879 2528 915 2523 915 2413 884 2408 884 2403 884 2251 915 2256 1083"/></Shape>
	    <String CONTENT="Captiuam duxit captiuitatem."
                    HPOS="2251"
                    VPOS="853"
                    WIDTH="2419"
                    HEIGHT="319"></String>
          </TextLine>

          
          
          <TextLine ID="eSc_line_6e7a87c7"
                    TAGREFS="LT4184"
                    BASELINE="1989 1460 5659 1402" 
                    HPOS="1984"
                    VPOS="1177"
                    WIDTH="3675"
                    HEIGHT="393">
            <Shape><Polygon POINTS="5596 1224 5591 1219 5539 1203 5534 1203 5528 1203 5523 1203 5418 1229 5340 1193 5335 1193 5329 1193 5324 1193 5319 1193 5319 1198 5277 1229 5277 1235 5272 1229 5188 1198 5183 1198 5178 1198 5000 1224 4921 1177 4916 1177 4910 1177 4905 1177 4706 1214 4544 1182 4539 1182 4534 1182 4528 1182 4460 1229 4429 1250 4287 1250 4230 1224 4146 1193 4141 1193 4136 1193 3973 1224 3952 1229 3942 1224 3905 1193 3900 1193 3895 1193 3753 1193 3748 1193 3743 1193 3738 1193 3696 1224 3633 1266 3277 1266 3198 1240 3193 1240 3188 1240 2968 1276 2706 1276 2602 1219 2591 1214 2586 1214 2581 1214 2534 1219 2272 1261 2204 1219 2198 1219 2193 1219 1984 1219 1989 1460 1989 1501 2214 1533 2219 1533 2225 1533 2293 1507 2382 1564 2387 1564 2392 1564 2397 1570 2649 1570 2649 1564 3104 1496 3633 1512 3638 1512 3764 1486 3973 1543 3979 1543 3984 1543 4214 1538 4219 1538 4335 1481 4455 1533 4460 1533 4465 1533 4743 1486 4827 1517 4832 1517 4837 1517 4842 1517 4989 1481 5062 1501 5068 1501 5073 1501 5078 1501 5083 1501 5136 1470 5225 1512 5230 1512 5235 1512 5240 1512 5246 1512 5314 1454 5654 1449 5659 1402 5633 1282 5596 1224"/></Shape>
	    <String CONTENT="Per figuram enallagen, ſeu hetero¬"
                    HPOS="1984"
                    VPOS="1177"
                    WIDTH="3675"
                    HEIGHT="393"></String>
          </TextLine>

          
          
          <TextLine ID="eSc_line_615a7512"
                    TAGREFS="LT4184"
                    BASELINE="1664 1815 4392 1753 5664 1742" 
                    HPOS="1659"
                    VPOS="1501"
                    WIDTH="4005"
                    HEIGHT="403">
            <Shape><Polygon POINTS="1664 1815 1664 1863 1811 1899 1816 1899 1821 1899 1890 1863 1895 1863 1900 1863 2047 1904 2052 1904 2057 1904 2062 1904 2178 1863 2204 1852 2272 1857 2418 1878 2424 1878 2429 1878 2492 1857 2523 1847 2544 1857 2586 1878 2591 1878 2596 1878 2602 1878 2607 1878 2633 1857 2649 1842 2952 1842 3031 1852 3193 1884 3198 1884 3204 1884 3308 1852 3361 1836 3397 1852 3450 1873 3455 1873 3460 1878 3675 1878 3675 1873 3680 1873 3685 1873 3685 1868 3712 1847 3738 1826 4010 1847 4047 1847 4052 1847 4068 1847 4235 1810 4382 1842 4387 1842 4392 1842 4403 1842 4717 1815 4759 1842 4764 1847 4769 1847 4774 1847 4780 1852 4989 1852 4989 1847 4994 1847 5000 1847 5005 1836 5057 1800 5193 1821 5198 1821 5204 1821 5308 1789 5424 1836 5429 1836 5434 1836 5439 1836 5445 1836 5450 1836 5492 1805 5654 1831 5664 1742 5643 1522 5513 1559 5465 1528 5429 1501 5424 1501 5418 1501 5261 1501 5256 1501 5251 1501 5162 1538 5073 1575 4848 1575 4790 1549 4764 1538 4759 1538 4753 1538 4748 1538 4722 1549 4664 1575 4633 1554 4623 1543 4617 1543 4612 1543 4607 1543 4602 1543 4581 1554 4523 1585 4219 1590 4078 1580 4068 1570 4010 1528 4005 1528 4000 1528 3994 1528 3989 1528 3853 1564 3780 1533 3774 1533 3769 1533 3764 1533 3633 1585 3623 1585 3612 1585 3539 1564 3534 1564 3528 1564 3523 1564 3518 1564 3486 1590 3450 1611 3335 1611 3298 1596 3251 1575 3246 1575 3240 1575 3235 1575 3178 1596 3136 1617 2963 1617 2931 1606 2738 1554 2732 1554 2727 1554 2722 1554 2717 1554 2649 1611 2638 1622 2586 1617 2178 1564 2172 1564 2073 1570 2068 1570 2062 1570 1984 1632 1738 1575 1732 1575 1727 1575 1722 1575 1659 1627 1664 1815"/></Shape>
	    <String CONTENT="ſin, Dauid rẽ pro perſona accepit. Per"
                    HPOS="1659"
                    VPOS="1501"
                    WIDTH="4005"
                    HEIGHT="403"></String>
          </TextLine>

          
          
          <TextLine ID="eSc_line_33179b8e"
                    TAGREFS="LT4184"
                    BASELINE="1670 2145 5670 2072" 
                    HPOS="1659"
                    VPOS="1842"
                    WIDTH="4011"
                    HEIGHT="408">
            <Shape><Polygon POINTS="1670 2145 1670 2203 1942 2250 1947 2250 2230 2245 2235 2245 2240 2245 2298 2198 2303 2192 2314 2198 2403 2224 2408 2224 2413 2224 2418 2224 2513 2192 2534 2187 2560 2192 2659 2218 2664 2218 2670 2218 2675 2218 2780 2187 2811 2182 2926 2187 3282 2208 3287 2208 3293 2208 3298 2208 3340 2182 3356 2171 3706 2166 3738 2177 3816 2203 3821 2203 3827 2203 3832 2203 3926 2171 3963 2161 3994 2171 4094 2208 4099 2208 4104 2208 4109 2208 4115 2208 4178 2171 4193 2161 4256 2166 4513 2203 4518 2203 4523 2203 4649 2161 4691 2150 4727 2161 4832 2192 4837 2192 4842 2192 5664 2145 5670 2072 5659 1899 5376 1842 5371 1842 5178 1847 5172 1847 5167 1847 5083 1904 5078 1910 5057 1904 4806 1852 4801 1852 4486 1889 4282 1863 4277 1863 4272 1863 4267 1863 4198 1915 4136 1868 4130 1868 4125 1868 4120 1868 4115 1868 3984 1899 3816 1873 3811 1873 3806 1873 3670 1931 3643 1936 3623 1931 3549 1904 3544 1904 3539 1904 3272 1936 3198 1941 3188 1936 3120 1899 3115 1899 3109 1899 3104 1899 2973 1941 2942 1946 2863 1941 2596 1915 2591 1915 2586 1915 2481 1946 2439 1962 1659 1962 1670 2145"/></Shape>
	    <String CONTENT="captiuitatem enim nihil aliud ſignifica"
                    HPOS="1659"
                    VPOS="1842"
                    WIDTH="4011"
                    HEIGHT="408"></String>
          </TextLine>

          
          
          <TextLine ID="eSc_line_9c17db1c"
                    TAGREFS="LT4184"
                    BASELINE="1664 2475 5654 2407" 
                    HPOS="1659"
                    VPOS="2213"
                    WIDTH="3995"
                    HEIGHT="351">
            <Shape><Polygon POINTS="1664 2475 1664 2553 2083 2517 2256 2543 2261 2543 2267 2543 2272 2543 2308 2512 2424 2543 2460 2553 2465 2553 2471 2553 2476 2553 2481 2553 2497 2543 2534 2522 2586 2543 2643 2559 2649 2559 2654 2564 2890 2564 2890 2559 3031 2553 3036 2553 3089 2527 3146 2501 3319 2522 3497 2548 3502 2548 3507 2548 3596 2517 3680 2491 3785 2512 3900 2538 3905 2538 3910 2538 3984 2512 4041 2485 4078 2506 4099 2522 4104 2522 4109 2522 4115 2522 4204 2506 4319 2480 4361 2501 4397 2517 4403 2517 4408 2517 4413 2517 4476 2496 4560 2475 4717 2491 4963 2522 4968 2522 4973 2522 5073 2485 5136 2464 5643 2470 5654 2407 5643 2250 5397 2213 5392 2213 5387 2213 5382 2213 5335 2239 4942 2224 4937 2224 4931 2224 4837 2250 4753 2218 4748 2218 4743 2218 4738 2218 4596 2266 4591 2266 4586 2266 4429 2224 4424 2224 4418 2224 4413 2224 4408 2224 4350 2271 4287 2271 4225 2271 4115 2229 4109 2229 4104 2229 3743 2281 3727 2281 3722 2281 3691 2255 3685 2255 3680 2255 3675 2255 3670 2255 3570 2281 3492 2250 3486 2250 3481 2250 3476 2250 3366 2286 3361 2286 3345 2286 2973 2250 2968 2250 2963 2250 2958 2250 2905 2297 2879 2297 2518 2302 2502 2302 2267 2260 2261 2260 2256 2260 2104 2307 2099 2307 2089 2307 1753 2281 1748 2281 1743 2281 1659 2307 1664 2475"/></Shape>
	    <String CONTENT="re uoluit, quàm peccatores captiuos."
                    HPOS="1659"
                    VPOS="2213"
                    WIDTH="3995"
                    HEIGHT="351"></String>
          </TextLine>

          
          
          <TextLine ID="eSc_line_00dd1449"
                    TAGREFS="LT4184"
                    BASELINE="1654 2815 5664 2737" 
                    HPOS="1649"
                    VPOS="2506"
                    WIDTH="4015"
                    HEIGHT="398">
            <Shape><Polygon POINTS="1654 2815 1659 2904 1759 2873 1842 2899 1858 2904 1863 2904 1869 2904 2120 2899 2125 2899 2130 2899 2141 2888 2188 2852 2303 2883 2319 2888 2324 2888 2329 2888 2335 2888 2350 2883 2460 2846 2586 2867 2591 2867 2806 2836 2958 2867 2979 2867 2984 2867 3036 2862 3277 2831 3874 2836 4015 2836 4020 2836 4026 2836 4041 2831 4099 2810 4172 2826 4298 2857 4303 2857 4308 2857 4408 2820 4424 2815 4439 2820 4528 2846 4534 2846 4539 2852 4858 2852 4858 2846 5094 2799 5125 2789 5659 2778 5664 2737 5654 2559 5450 2506 5445 2506 5209 2559 5178 2564 4984 2559 4633 2553 4628 2553 4554 2564 4455 2580 4424 2564 4324 2512 4319 2512 4314 2512 4308 2512 4209 2564 4172 2585 4130 2564 4020 2522 4015 2522 4010 2522 3706 2527 3701 2527 3696 2527 3638 2569 3607 2590 3575 2569 3523 2538 3518 2538 3513 2538 3256 2532 3251 2532 3246 2532 3240 2532 3193 2574 3151 2606 3062 2574 3057 2574 3052 2574 3047 2574 2916 2611 2706 2585 2701 2585 2455 2616 2397 2580 2361 2553 2356 2553 2350 2553 2345 2553 2340 2553 2277 2580 2151 2627 2020 2595 2015 2595 2010 2595 2005 2595 1963 2616 1910 2580 1890 2564 1884 2564 1879 2564 1874 2564 1649 2580 1654 2815"/></Shape>
	    <String CONTENT="Siquidem ante Chriſti redemptionem"
                    HPOS="1649"
                    VPOS="2506"
                    WIDTH="4015"
                    HEIGHT="398"></String>
          </TextLine>

          
          
          <TextLine ID="eSc_line_55381961"
                    TAGREFS="LT4184"
                    BASELINE="1649 3145 5680 3077" 
                    HPOS="1643"
                    VPOS="2846"
                    WIDTH="4037"
                    HEIGHT="393">
            <Shape><Polygon POINTS="1649 3197 1947 3239 1952 3239 1958 3239 2104 3197 2486 3228 2492 3228 2497 3228 2586 3181 2591 3181 2596 3181 2759 3223 2764 3223 2769 3223 2774 3223 2910 3176 2916 3176 2931 3176 3130 3202 3136 3202 3141 3202 3204 3171 3214 3171 3376 3197 3382 3197 3628 3171 3685 3208 3691 3208 3696 3208 3701 3208 3706 3208 3774 3171 3968 3202 3973 3202 3979 3202 3984 3202 4047 3160 4109 3202 4115 3202 4120 3202 4125 3202 4350 3197 4356 3197 4445 3150 4612 3181 4617 3181 4623 3181 4753 3145 4895 3187 4900 3187 4905 3187 5324 3181 5329 3181 5335 3181 5403 3140 5476 3166 5481 3166 5486 3166 5680 3124 5680 3077 5670 2878 5502 2846 5497 2846 5492 2846 5366 2883 5277 2909 5204 2888 5089 2846 5083 2846 5078 2846 5073 2846 5068 2846 5015 2888 4984 2914 4863 2894 4842 2894 4837 2894 4780 2899 4497 2920 4471 2904 4439 2883 4434 2883 4429 2883 4424 2883 4418 2883 4319 2909 4287 2914 4267 2909 4157 2862 4151 2862 4146 2862 3858 2867 3853 2867 3848 2867 3801 2904 3759 2873 3753 2873 3748 2873 3502 2873 3497 2873 3418 2878 3413 2878 3408 2878 3345 2930 3340 2935 3335 2930 3314 2914 3308 2914 3303 2914 3298 2914 3293 2914 3225 2930 3172 2951 2910 2951 2884 2941 2717 2894 2712 2894 2706 2894 2701 2894 2591 2946 2429 2894 2424 2894 2418 2894 2413 2894 2408 2894 2329 2951 2319 2962 2167 2962 2157 2956 2104 2925 2099 2925 2094 2925 2089 2925 1926 2962 1905 2967 1884 2962 1801 2941 1795 2941 1790 2941 1643 2967 1649 3145"/></Shape>
	    <String CONTENT="omnes homines diaboli, peccati, &amp; ęter"
                    HPOS="1643"
                    VPOS="2846"
                    WIDTH="4037"
                    HEIGHT="393"></String>
          </TextLine>

          
          
          <TextLine ID="eSc_line_492a36a4"
                    TAGREFS="LT4184"
                    BASELINE="1680 3485 5685 3417" 
                    HPOS="1670"
                    VPOS="3202"
                    WIDTH="4015"
                    HEIGHT="367">
            <Shape><Polygon POINTS="1680 3485 1680 3558 1973 3569 1979 3569 1984 3569 1989 3569 2005 3553 2041 3527 2162 3553 2219 3563 2225 3563 2319 3548 2507 3522 2753 3542 2780 3542 2785 3542 2801 3542 2968 3506 3052 3537 3057 3537 3062 3537 3073 3537 3240 3501 3324 3532 3350 3542 3356 3542 3361 3548 3523 3548 3523 3542 3602 3527 3769 3495 3984 3495 4026 3522 4031 3527 4036 3527 4041 3527 4047 3527 4094 3522 4277 3485 4455 3511 4513 3522 4518 3522 4586 3511 4769 3480 4842 3506 4869 3516 4874 3516 4879 3516 4884 3516 4905 3506 4973 3474 5052 3506 5073 3511 5078 3511 5083 3511 5089 3511 5115 3501 5209 3469 5329 3501 5366 3506 5371 3506 5376 3506 5382 3506 5392 3495 5429 3474 5502 3495 5539 3506 5544 3506 5549 3506 5685 3490 5685 3417 5670 3218 5434 3244 5387 3223 5376 3218 5371 3218 5366 3218 5361 3218 5340 3223 5256 3249 5125 3228 5078 3223 5073 3223 5026 3228 4952 3244 4937 3234 4890 3202 4884 3202 4879 3202 4874 3202 4345 3213 4340 3213 4293 3239 4267 3218 4261 3218 4256 3218 4251 3218 4246 3218 4178 3244 4015 3218 4010 3218 4005 3218 3910 3255 3900 3260 3879 3260 3759 3239 3753 3239 3748 3239 3743 3239 3717 3260 3701 3276 3277 3281 3246 3270 3167 3244 3162 3244 3157 3244 3151 3244 3068 3276 3041 3286 3015 3276 2921 3239 2916 3239 2910 3239 2905 3239 2774 3286 2748 3297 2246 3302 2235 3297 2204 3270 2198 3270 2193 3270 2188 3270 1670 3307 1680 3485"/></Shape>
	    <String CONTENT="nę mortis mancipia erãt. Obſerua aũt"
                    HPOS="1670"
                    VPOS="3202"
                    WIDTH="4015"
                    HEIGHT="367"></String>
          </TextLine>

          
          
          <TextLine ID="eSc_line_53535b54"
                    TAGREFS="LT4184"
                    BASELINE="1680 3815 5664 3741" 
                    HPOS="1675"
                    VPOS="3495"
                    WIDTH="3989"
                    HEIGHT="430">
            <Shape><Polygon POINTS="1680 3815 1680 3919 1921 3925 1926 3925 1931 3925 1937 3925 1947 3914 2010 3862 2251 3856 2324 3898 2340 3914 2345 3914 2350 3914 2356 3919 2502 3919 2502 3914 2507 3914 2513 3914 2539 3893 2581 3867 2680 3888 2712 3893 2717 3893 2780 3888 3109 3836 3471 3841 3534 3862 3659 3893 3664 3893 3670 3893 3769 3888 3774 3888 3780 3888 3821 3851 3842 3836 4020 3846 4167 3851 4172 3851 4178 3851 4204 3841 4246 3815 4356 3836 4460 3851 4465 3851 4471 3851 4476 3851 4507 3830 4528 3815 4554 3825 4575 3836 4581 3836 4586 3836 4654 3825 4727 3809 4769 3820 4884 3856 4890 3856 4895 3856 4900 3856 5000 3815 5115 3862 5120 3862 5125 3867 5335 3867 5335 3862 5659 3788 5664 3741 5654 3542 5366 3495 5361 3495 5356 3495 5251 3548 5209 3574 4628 3579 4586 3563 4455 3516 4450 3516 4445 3516 4439 3516 4293 3563 4047 3542 4041 3542 4036 3542 4031 3542 3973 3579 3958 3590 3931 3579 3780 3527 3774 3527 3769 3527 3764 3527 3759 3527 3675 3584 3649 3605 3507 3605 3492 3590 3418 3532 3413 3532 3408 3532 3403 3532 3198 3563 3162 3537 3157 3537 3151 3537 3146 3537 2858 3542 2853 3542 2848 3542 2785 3590 2675 3548 2670 3548 2664 3548 2659 3548 2528 3616 2507 3626 2230 3626 2219 3621 2099 3563 2094 3563 1958 3558 1952 3558 1947 3558 1942 3558 1842 3631 1837 3637 1675 3637 1680 3815"/></Shape>
	    <String CONTENT="quàm pulchrè Propheta ad triumphã¬"
                    HPOS="1675"
                    VPOS="3495"
                    WIDTH="3989"
                    HEIGHT="430"></String>
          </TextLine>

          
          
          <TextLine ID="eSc_line_841eb76c"
                    TAGREFS="LT4184"
                    BASELINE="1675 4155 5675 4076" 
                    HPOS="1670"
                    VPOS="3846"
                    WIDTH="4005"
                    HEIGHT="382">
            <Shape><Polygon POINTS="1675 4155 1675 4218 2031 4228 2036 4228 2162 4207 2240 4197 2308 4202 2465 4223 2471 4223 2476 4223 2549 4197 2575 4191 2612 4197 2727 4218 2732 4218 2979 4186 3083 4176 3151 4181 3251 4197 3256 4197 3261 4197 3267 4197 3287 4181 3303 4170 3335 4181 3424 4202 3429 4202 3434 4207 3434 4202 3439 4202 3544 4176 3565 4170 3591 4170 3759 4197 3764 4197 3769 4197 3842 4165 3858 4160 3947 4165 4329 4186 4335 4186 4340 4186 4345 4186 4392 4150 4403 4144 4607 4144 4638 4144 4863 4176 4869 4176 5047 4139 5554 4150 5560 4150 5565 4150 5675 4118 5675 4076 5659 3846 5392 3851 5387 3851 5382 3851 5251 3919 5120 3919 4994 3867 4979 3862 4973 3862 4968 3862 4963 3862 4942 3867 4811 3930 4691 3930 4623 3883 4612 3872 4607 3872 4602 3872 4596 3872 4591 3872 4570 3883 4476 3930 4209 3893 4062 3877 4057 3877 4052 3877 3989 3904 3900 3940 3811 3914 3806 3914 3801 3914 3795 3914 3732 3940 3696 3914 3664 3888 3659 3888 3654 3888 3554 3888 3549 3888 3544 3888 3539 3888 3539 3893 3507 3919 3492 3930 3481 3919 3445 3893 3439 3893 3434 3893 3261 3893 3256 3893 3251 3893 3246 3893 3193 3930 3157 3956 2905 3940 2759 3935 2753 3935 2748 3935 2706 3951 2654 3966 2513 3956 2376 3945 2371 3945 2251 3966 2204 3972 2178 3966 2073 3940 2068 3940 2062 3940 2057 3940 2052 3940 2015 3972 2015 3977 1801 3982 1795 3982 1759 3951 1753 3951 1748 3951 1743 3951 1738 3951 1670 3977 1675 4155"/></Shape>
	    <String CONTENT="tium morem alludat: Quemadmodũ"
                    HPOS="1670"
                    VPOS="3846"
                    WIDTH="4005"
                    HEIGHT="382"></String>
          </TextLine>

          
          
          <TextLine ID="eSc_line_e054d6e7"
                    TAGREFS="LT4184"
                    BASELINE="1670 4484 5664 4406" 
                    HPOS="1664"
                    VPOS="4181"
                    WIDTH="4000"
                    HEIGHT="392">
            <Shape><Polygon POINTS="1670 4484 1670 4537 1963 4563 1968 4563 1973 4563 2089 4537 2366 4573 2371 4573 2376 4573 2455 4532 2492 4553 2497 4553 2502 4553 2722 4521 2780 4563 2785 4563 2790 4563 2795 4568 2984 4568 2984 4563 2989 4563 2994 4563 3068 4516 3225 4542 3230 4542 3235 4542 3376 4505 3382 4505 3518 4553 3523 4553 3528 4553 4062 4542 4324 4484 4340 4484 4476 4484 4602 4484 4659 4516 4664 4516 4670 4516 4675 4516 4842 4479 5031 4521 5036 4521 5041 4521 5146 4469 5303 4464 5397 4464 5403 4464 5570 4511 5575 4511 5581 4511 5586 4511 5591 4511 5664 4458 5664 4406 5649 4239 5319 4244 5308 4244 5214 4181 5209 4181 5204 4181 5109 4181 5104 4181 4869 4233 4633 4191 4628 4191 4623 4191 4617 4191 4534 4244 4455 4202 4450 4202 4445 4202 4439 4202 4371 4233 4319 4197 4314 4197 4308 4197 4303 4197 4136 4202 4130 4202 4010 4265 3890 4265 3785 4207 3780 4207 3774 4207 3654 4212 3649 4212 3513 4280 3502 4280 3429 4280 3041 4265 3036 4265 2774 4291 2769 4291 2607 4233 2602 4233 2445 4233 2439 4233 2434 4233 2162 4307 2146 4312 1664 4312 1670 4484"/></Shape>
	    <String CONTENT="enim illi captiuos, &amp; prędam hoſti ere¬"
                    HPOS="1664"
                    VPOS="4181"
                    WIDTH="4000"
                    HEIGHT="392"></String>
          </TextLine>

          
          
          <TextLine ID="eSc_line_fdd6a698"
                    TAGREFS="LT4184"
                    BASELINE="1685 4819 5680 4746" 
                    HPOS="1680"
                    VPOS="4532"
                    WIDTH="4000"
                    HEIGHT="382">
            <Shape><Polygon POINTS="1685 4819 1685 4914 2041 4867 2230 4908 2240 4908 2246 4908 2251 4908 2256 4908 2418 4861 2628 4893 2633 4893 2638 4893 2727 4856 2879 4887 2884 4887 2890 4887 2895 4887 2947 4846 3146 4846 3382 4877 3387 4877 3392 4877 3481 4840 3570 4877 3586 4882 3591 4882 3596 4882 3602 4882 3623 4877 3722 4835 4109 4867 4240 4872 4246 4872 4324 4861 4534 4819 4617 4851 4643 4861 4649 4861 4654 4861 4659 4861 4706 4851 4853 4814 4973 4846 4994 4846 5000 4846 5026 4840 5151 4814 5193 4840 5204 4846 5209 4846 5214 4846 5219 4846 5225 4846 5230 4846 5240 4835 5277 4809 5345 4835 5376 4846 5382 4846 5387 4846 5392 4846 5429 4835 5518 4804 5675 4825 5680 4746 5670 4579 5167 4532 5162 4532 5157 4532 5151 4532 5062 4589 5052 4594 5000 4589 4534 4542 4528 4542 4303 4553 4298 4553 4293 4553 4230 4605 4109 4558 4104 4558 4099 4558 4094 4558 3942 4615 3937 4621 3602 4621 3596 4621 3465 4589 3460 4589 3455 4589 3450 4589 3445 4589 3413 4621 3157 4631 3041 4636 3036 4636 2937 4594 2931 4594 2926 4594 2921 4594 2811 4641 2801 4641 2780 4641 2596 4615 2591 4615 2586 4615 2528 4647 2518 4652 2397 4652 2350 4652 2277 4610 2272 4610 2267 4610 2015 4652 1900 4615 1895 4615 1890 4615 1680 4662 1685 4819"/></Shape>
	    <String CONTENT="ptam ante currum triumphalem duce"
                    HPOS="1680"
                    VPOS="4532"
                    WIDTH="4000"
                    HEIGHT="382"></String>
          </TextLine>

          
          
          <TextLine ID="eSc_line_d9910895"
                    TAGREFS="LT4184"
                    BASELINE="1664 5160 4439 5097 5664 5092" 
                    HPOS="1659"
                    VPOS="4819"
                    WIDTH="4005"
                    HEIGHT="430">
            <Shape><Polygon POINTS="1664 5160 1664 5207 1921 5249 1926 5249 2230 5201 2261 5201 2633 5201 2717 5233 2722 5233 2727 5233 2732 5233 2858 5196 2890 5191 3020 5196 3225 5207 3230 5207 3235 5207 3240 5207 3251 5196 3272 5181 3445 5191 3712 5212 3717 5212 3722 5212 3727 5212 3753 5191 3774 5175 4015 5186 4293 5201 4298 5201 4413 5186 4591 5154 4732 5181 4795 5191 4801 5191 4806 5191 4832 5181 4884 5154 5068 5175 5073 5175 5078 5175 5146 5144 5240 5175 5256 5181 5261 5181 5267 5181 5298 5175 5439 5144 5492 5175 5497 5175 5502 5175 5507 5175 5659 5170 5664 5092 5654 4872 5528 4872 5434 4819 5429 4819 5424 4819 5418 4819 5413 4819 5350 4872 5335 4887 5141 4887 5125 4877 5031 4825 5026 4825 4869 4825 4863 4825 4858 4825 4675 4882 4643 4893 4612 4887 4429 4835 4424 4835 4418 4835 4413 4835 4408 4835 4335 4887 4235 4851 4230 4851 4225 4851 4219 4851 4214 4851 4162 4893 4141 4903 4052 4893 3706 4856 3701 4856 3696 4856 3691 4856 3638 4903 3617 4919 3518 4919 3476 4903 3314 4856 3308 4856 3303 4856 3298 4856 3188 4908 3151 4924 3115 4908 2989 4861 2984 4861 2979 4861 2816 4867 2811 4867 2806 4867 2727 4914 2696 4935 2664 4914 2591 4872 2586 4872 2581 4872 2575 4872 2570 4872 2439 4919 2382 4877 2376 4877 2371 4877 2235 4877 2230 4877 2225 4877 2125 4924 2083 4945 1659 4935 1664 5160"/></Shape>
	    <String CONTENT="bant: ſic &amp; Chriſtus Adam, Euã, Enoch,"
                    HPOS="1659"
                    VPOS="4819"
                    WIDTH="4005"
                    HEIGHT="430"></String>
          </TextLine>

          
          
          <TextLine ID="eSc_line_16123dc3"
                    TAGREFS="LT4184"
                    BASELINE="1659 5489 5664 5411" 
                    HPOS="1654"
                    VPOS="5186"
                    WIDTH="4010"
                    HEIGHT="403">
            <Shape><Polygon POINTS="1659 5489 1659 5557 2193 5552 2209 5557 2256 5589 2261 5589 2267 5589 2272 5589 2277 5589 2392 5557 2413 5552 2455 5557 2696 5583 2701 5583 2842 5552 2848 5552 2947 5578 2952 5578 2958 5578 2963 5578 2968 5578 3010 5547 3036 5531 3083 5547 3130 5563 3136 5563 3141 5563 3146 5563 3198 5547 3267 5526 3335 5547 3418 5568 3424 5568 3429 5568 3434 5568 3507 5542 3581 5521 3675 5542 3785 5563 3790 5563 3795 5563 3801 5563 3827 5542 3858 5515 3942 5536 3958 5542 3963 5542 3968 5542 3973 5542 3989 5536 4078 5510 4382 5531 4586 5547 4591 5547 4748 5526 5015 5495 5068 5526 5083 5536 5089 5536 5094 5536 5099 5536 5450 5526 5455 5526 5476 5521 5554 5489 5649 5515 5664 5411 5649 5233 5523 5233 5513 5233 5455 5186 5450 5186 5445 5186 5439 5186 5434 5186 5319 5233 5293 5243 5136 5243 5099 5233 4973 5196 4968 5196 4963 5196 4534 5222 4356 5186 4350 5186 4345 5186 4340 5186 4282 5233 4246 5264 4078 5264 4005 5233 3910 5196 3905 5196 3900 5196 3895 5196 3890 5196 3832 5233 3764 5275 3413 5275 3335 5233 3303 5217 3298 5217 3293 5217 3287 5217 3282 5217 3261 5233 3183 5285 3068 5285 3005 5233 2994 5222 2989 5222 2984 5222 2900 5217 2895 5217 2890 5217 2884 5217 2863 5233 2806 5280 2691 5290 2528 5233 2492 5222 2486 5222 2481 5222 2382 5228 2376 5228 2371 5228 2366 5233 2293 5290 2209 5233 2198 5228 2193 5228 2188 5228 2183 5228 1654 5233 1659 5489"/></Shape>
	    <String CONTENT="Noẽ, Abrahamum, &amp; reliquos capti¬"
                    HPOS="1654"
                    VPOS="5186"
                    WIDTH="4010"
                    HEIGHT="403"></String>
          </TextLine>

          
          
          <TextLine ID="eSc_line_f45b921d"
                    TAGREFS="LT4184"
                    BASELINE="1675 5829 5685 5756" 
                    HPOS="1664"
                    VPOS="5526"
                    WIDTH="4021"
                    HEIGHT="377">
            <Shape><Polygon POINTS="1675 5829 1675 5897 2240 5871 2382 5887 2502 5903 2507 5903 2691 5882 2858 5861 2921 5877 2989 5892 2994 5892 3000 5892 3560 5882 3565 5882 3612 5861 3633 5850 3732 5856 3874 5866 3879 5866 3884 5866 3937 5850 3984 5840 4293 5845 5099 5856 5104 5856 5109 5856 5172 5824 5183 5819 5246 5819 5570 5840 5575 5840 5581 5840 5685 5809 5685 5756 5680 5583 5581 5552 5575 5552 5570 5552 5439 5578 5277 5526 5272 5526 5109 5526 5104 5526 5099 5526 4900 5583 4534 5536 4528 5536 4319 5542 4314 5542 4308 5542 4230 5610 3157 5620 2816 5568 2811 5568 2418 5578 2413 5578 2408 5578 2356 5620 2198 5583 2193 5583 2188 5583 2183 5583 2125 5631 1811 5620 1806 5620 1664 5652 1675 5829"/></Shape>
	    <String CONTENT="uos in limbo patrum conſtitutos, &amp; in"
                    HPOS="1664"
                    VPOS="5526"
                    WIDTH="4021"
                    HEIGHT="377"></String>
          </TextLine>

          
          
          <TextLine ID="eSc_line_7e88cf8a"
                    TAGREFS="LT4184"
                    BASELINE="1675 6170 5664 6081" 
                    HPOS="1670"
                    VPOS="5871"
                    WIDTH="3994"
                    HEIGHT="419">
            <Shape><Polygon POINTS="1675 6170 1675 6232 1759 6285 1764 6285 1769 6285 1774 6290 1879 6290 1879 6285 1884 6285 2115 6222 2146 6211 2554 6211 2596 6217 2732 6243 2738 6243 2743 6243 2821 6217 2863 6201 2900 6211 2947 6232 2952 6232 2958 6232 2963 6232 3026 6211 3083 6196 3162 6211 3251 6227 3256 6227 3261 6227 3319 6211 3376 6191 3429 6206 3534 6248 3539 6248 3544 6248 3549 6248 3554 6248 3602 6206 3623 6185 3680 6206 3774 6238 3780 6238 3785 6243 4015 6243 4015 6238 4020 6238 4115 6201 4188 6175 4445 6196 4717 6222 4722 6222 4874 6217 4879 6217 4931 6191 5005 6159 5052 6191 5078 6211 5083 6211 5089 6211 5094 6211 5099 6211 5104 6211 5136 6191 5172 6170 5209 6191 5240 6206 5246 6206 5251 6211 5403 6211 5403 6206 5408 6206 5460 6185 5570 6143 5649 6185 5664 6081 5654 5913 5198 5871 5193 5871 5188 5871 5183 5871 5125 5918 5068 5924 4947 5934 4869 5929 4732 5913 4727 5913 4523 5934 4418 5945 4382 5939 4293 5918 4287 5918 4282 5918 4225 5939 4198 5950 4178 5939 4078 5897 4073 5897 4068 5897 4062 5897 4057 5897 3979 5945 3958 5960 3198 5971 3167 5960 3062 5929 3057 5929 3052 5929 3047 5929 3041 5929 2989 5960 2842 5924 2837 5924 2832 5924 2633 5939 2628 5939 2554 5976 2523 5992 2361 5992 2308 5981 2130 5939 2125 5939 1670 5992 1675 6170"/></Shape>
	    <String CONTENT="ipſum credentes, tanquam opima ſpo¬"
                    HPOS="1670"
                    VPOS="5871"
                    WIDTH="3994"
                    HEIGHT="419"></String>
          </TextLine>

          
          
          <TextLine ID="eSc_line_d0777c10"
                    TAGREFS="LT4184"
                    BASELINE="1664 6499 5680 6426" 
                    HPOS="1659"
                    VPOS="6185"
                    WIDTH="4021"
                    HEIGHT="409">
            <Shape><Polygon POINTS="1664 6499 1664 6552 1780 6552 1790 6552 1890 6594 1895 6594 1900 6594 2062 6588 2068 6588 2073 6588 2125 6552 2141 6541 2151 6552 2172 6567 2178 6567 2183 6567 2188 6567 2356 6552 2528 6531 2565 6546 2628 6578 2633 6578 2638 6578 2643 6578 2706 6546 2743 6531 2884 6546 3031 6562 3036 6562 3125 6546 3214 6525 3298 6541 3361 6557 3366 6557 3371 6557 3403 6541 3439 6525 3481 6541 3523 6557 3528 6557 3534 6557 3539 6557 3544 6557 3565 6541 3586 6531 3858 6541 4219 6552 4225 6552 4230 6552 4272 6536 4376 6499 4607 6520 4612 6520 4821 6489 5157 6494 5198 6531 5204 6531 5209 6531 5214 6531 5235 6531 5534 6494 5670 6525 5680 6426 5664 6185 5371 6191 5366 6191 5240 6253 5094 6201 5089 6201 4937 6201 4931 6201 4926 6201 4921 6201 4837 6264 4691 6264 4523 6206 4518 6206 4513 6206 4507 6206 4376 6269 4172 6232 4167 6232 4162 6232 4157 6232 4083 6280 3937 6280 3821 6238 3816 6238 3811 6238 3806 6238 3712 6269 3612 6227 3607 6227 3465 6227 3460 6227 3455 6227 3450 6227 3376 6290 3198 6290 3089 6232 3083 6232 3078 6232 3073 6232 2869 6295 2476 6280 2471 6280 2465 6280 2397 6306 2246 6248 2240 6248 2235 6248 2230 6248 2089 6316 1827 6316 1753 6259 1748 6259 1743 6259 1659 6259 1664 6499"/></Shape>
	    <String CONTENT="lia, &amp; manubias deo patri ſuo obtulit:"
                    HPOS="1659"
                    VPOS="6185"
                    WIDTH="4021"
                    HEIGHT="409"></String>
          </TextLine>

          
          
          <TextLine ID="eSc_line_5ecf6c1e"
                    TAGREFS="LT4184"
                    BASELINE="1685 6834 5701 6756" 
                    HPOS="1675"
                    VPOS="6515"
                    WIDTH="4026"
                    HEIGHT="403">
            <Shape><Polygon POINTS="1685 6834 1685 6887 1837 6913 1842 6913 2020 6887 2183 6918 2188 6918 2193 6918 2198 6918 2198 6913 2240 6876 2246 6876 2261 6876 2445 6908 2450 6908 2780 6876 3010 6902 3015 6902 3534 6855 3738 6876 3743 6876 3952 6850 3994 6881 4000 6881 4005 6881 4010 6881 4015 6881 4020 6881 4078 6845 4350 6876 4356 6876 4361 6876 4486 6834 4492 6829 4774 6829 4780 6829 4869 6866 4874 6866 4879 6866 4884 6866 4890 6866 4931 6834 5068 6850 5073 6850 5204 6819 5214 6819 5219 6819 5293 6855 5298 6855 5303 6855 5308 6855 5314 6855 5361 6819 5366 6813 5696 6808 5701 6756 5691 6573 5434 6515 5429 6515 5078 6525 5073 6525 5068 6525 5031 6552 4806 6531 4801 6531 4795 6531 4654 6588 4617 6599 4570 6588 4366 6536 4361 6536 4356 6536 4350 6536 4230 6594 4204 6609 4083 6614 3837 6614 3816 6599 3748 6552 3743 6552 3738 6552 3732 6552 3727 6552 3722 6552 3659 6604 3643 6620 3549 6625 3439 6625 3408 6604 3324 6562 3319 6562 3020 6562 3015 6562 3010 6562 3005 6562 2942 6614 2921 6630 2853 6614 2816 6609 2811 6609 2612 6620 2141 6646 2031 6630 1801 6588 1795 6588 1790 6588 1675 6625 1685 6834"/></Shape>
	    <String CONTENT="dum triumphãs cœlum aſcendit. Heîc"
                    HPOS="1675"
                    VPOS="6515"
                    WIDTH="4026"
                    HEIGHT="403"></String>
          </TextLine>

          
          
          <TextLine ID="eSc_line_b5888ae7"
                    TAGREFS="LT4184"
                    BASELINE="1696 7169 5706 7096" 
                    HPOS="1685"
                    VPOS="6866"
                    WIDTH="4021"
                    HEIGHT="392">
            <Shape><Polygon POINTS="1696 7169 1696 7258 1952 7258 1958 7258 1963 7258 2057 7216 2445 7242 2539 7248 2544 7248 2549 7248 2570 7237 2649 7206 2727 7237 2748 7242 2753 7242 2759 7242 2764 7242 2785 7232 2827 7211 2952 7227 2963 7227 2968 7227 2979 7227 3094 7201 3214 7222 3267 7227 3272 7227 3445 7211 3712 7190 3738 7206 3764 7222 3769 7222 3774 7222 3780 7222 3900 7201 3984 7185 4041 7195 4162 7216 4167 7216 4172 7216 4178 7216 4219 7190 4235 7180 4287 7190 4392 7206 4397 7206 4518 7180 4575 7169 4596 7180 4638 7195 4643 7195 4649 7195 4884 7169 4947 7164 4979 7169 5167 7195 5172 7195 5178 7195 5293 7159 5298 7159 5554 7190 5560 7190 5565 7190 5706 7143 5706 7096 5696 6876 5481 6866 5476 6866 5471 6866 5424 6881 5308 6928 5109 6934 5036 6908 5031 6908 5026 6908 5020 6908 5015 6908 4963 6939 4879 6897 4842 6881 4837 6881 4596 6881 4591 6881 4586 6881 4581 6881 4554 6908 4502 6949 4261 6923 4256 6923 4251 6923 4246 6923 4198 6965 3942 6965 3832 6928 3738 6897 3732 6897 3727 6897 3722 6897 3717 6897 3675 6934 3638 6965 3534 6970 3465 6939 3387 6908 3382 6908 3120 6908 3115 6908 3109 6908 3015 6955 2963 6981 2910 6955 2821 6918 2816 6918 2675 6918 2670 6918 2664 6918 2554 6970 2497 6996 1685 6996 1696 7169"/></Shape>
	    <String CONTENT="per occaſionẽ docebis, eos duntaxat à"
                    HPOS="1685"
                    VPOS="6866"
                    WIDTH="4021"
                    HEIGHT="392"></String>
          </TextLine>

          
          
          <TextLine ID="eSc_line_a5e0c5b4"
                    TAGREFS="LT4184"
                    BASELINE="1685 7504 5701 7431" 
                    HPOS="1680"
                    VPOS="7216"
                    WIDTH="4021"
                    HEIGHT="388">
            <Shape><Polygon POINTS="1685 7504 1685 7562 1832 7598 1837 7598 2015 7562 2026 7562 2397 7562 2534 7604 2539 7604 2544 7604 2774 7556 2837 7546 2973 7556 3371 7588 3376 7588 3382 7588 3471 7556 3680 7583 3685 7583 3842 7551 3890 7541 3905 7551 3931 7567 3937 7567 3942 7567 3947 7567 3952 7567 3958 7567 3979 7551 4015 7525 4115 7546 4225 7572 4230 7572 4235 7572 4319 7546 4403 7520 4481 7546 4539 7567 4544 7567 4549 7567 4664 7546 4837 7509 4968 7541 5005 7551 5010 7551 5015 7551 5157 7541 5486 7515 5523 7541 5528 7546 5534 7546 5539 7546 5544 7546 5701 7536 5701 7431 5685 7222 5387 7269 5240 7232 5178 7216 5172 7216 5167 7216 5162 7216 5104 7237 4994 7274 4900 7242 4853 7227 4848 7227 4842 7227 4837 7227 4832 7227 4811 7242 4759 7279 4654 7253 4649 7253 4643 7253 4638 7253 4507 7284 4303 7284 4272 7258 4251 7242 4246 7242 4240 7242 4235 7242 4230 7242 4188 7263 4136 7290 4036 7269 3989 7258 3984 7258 3979 7258 3973 7258 3973 7263 3963 7269 3947 7290 3910 7269 3853 7242 3848 7242 3842 7242 3837 7242 3832 7242 3795 7274 3764 7295 3675 7279 3450 7237 3445 7237 3439 7237 3345 7290 3303 7310 2816 7316 2680 7310 2675 7305 2591 7253 2586 7253 2581 7253 2575 7253 1958 7263 1795 7269 1790 7269 1680 7326 1685 7504"/></Shape>
	    <String CONTENT="diaboli, peccati, &amp; ęternę mortis tyran"
                    HPOS="1680"
                    VPOS="7216"
                    WIDTH="4021"
                    HEIGHT="388"></String>
          </TextLine>

          
          
          <TextLine ID="eSc_line_4c2c3807"
                    TAGREFS="LT4184"
                    BASELINE="1680 7844 5706 7766" 
                    HPOS="1675"
                    VPOS="7541"
                    WIDTH="4031"
                    HEIGHT="418">
            <Shape><Polygon POINTS="1675 7797 1680 7844 1680 7912 2282 7912 2397 7938 2403 7938 2408 7938 2413 7938 2497 7897 2617 7897 2722 7938 2727 7938 2732 7938 2738 7938 2743 7938 2785 7912 2874 7954 2879 7954 2884 7959 3020 7959 3020 7954 3287 7949 3293 7949 3455 7891 3581 7938 3586 7938 3591 7944 3790 7944 3790 7938 3795 7938 4005 7870 4094 7923 4099 7923 4104 7923 4356 7928 4361 7928 4366 7928 4554 7860 4759 7860 4890 7912 4895 7912 4900 7912 4905 7912 4910 7912 5005 7855 5319 7876 5324 7876 5329 7876 5445 7839 5575 7865 5581 7865 5586 7865 5706 7829 5706 7766 5701 7609 5492 7541 5486 7541 5481 7541 5476 7541 5471 7541 5387 7604 5167 7546 5162 7546 5157 7546 4958 7551 4952 7551 4795 7614 4633 7556 4628 7556 4623 7556 4486 7562 4481 7562 4350 7624 4235 7593 4230 7593 4225 7593 4219 7593 4214 7593 4172 7624 4099 7567 4094 7567 4089 7567 4083 7567 4078 7567 3884 7640 3554 7645 3282 7651 3272 7651 3151 7630 3146 7630 2528 7661 2445 7604 2439 7604 2434 7604 2230 7604 2225 7604 2219 7604 2151 7635 1942 7609 1937 7609 1931 7609 1696 7672 1675 7797"/></Shape>
	    <String CONTENT="nide liberari, qui non aliunde iuſticiam"
                    HPOS="1675"
                    VPOS="7541"
                    WIDTH="4031"
                    HEIGHT="418"></String>
          </TextLine>

          
        </TextBlock>
        
        <TextBlock HPOS="4769.0"
                   VPOS="7934.0"
                   WIDTH="953.0"
                   HEIGHT="302.0"
                   ID="block_0"
                   TAGREFS="BT10640">
          <Shape><Polygon POINTS="5722 7934 5722 8236 4769 8236 4769 7934"/></Shape>
          
          
          <TextLine ID="eSc_line_354cdecc"
                    TAGREFS="LT4184"
                    BASELINE="4790 8122 5727 8111" 
                    HPOS="4785"
                    VPOS="7907"
                    WIDTH="942"
                    HEIGHT="356">
            <Shape><Polygon POINTS="4790 8122 4790 8263 4994 8263 4994 8258 5000 8258 5005 8258 5031 8237 5047 8226 5073 8232 5157 8258 5162 8258 5167 8258 5172 8258 5178 8258 5230 8216 5287 8179 5539 8179 5554 8184 5591 8221 5596 8221 5602 8221 5607 8221 5612 8221 5727 8169 5727 8111 5717 7907 5172 7907 5167 7907 5162 7907 5157 7907 5104 7933 4785 7912 4790 8122"/></Shape>
	    <String CONTENT="quęrunt"
                    HPOS="4785"
                    VPOS="7907"
                    WIDTH="942"
                    HEIGHT="356"></String>
          </TextLine>

          
        </TextBlock>
        

        
      </PrintSpace>
    </Page>
  </Layout>
</alto>
