<?xml version="1.0" encoding="UTF-8"?>
<alto xmlns:xsi="http://www.w3.org/2001/XMLSchema-instance"
      xmlns="http://www.loc.gov/standards/alto/ns-v4#"
      xsi:schemaLocation="http://www.loc.gov/standards/alto/ns-v4# http://www.loc.gov/standards/alto/v4/alto-4-2.xsd">
  <Description>
    <MeasurementUnit>pixel</MeasurementUnit>
    <sourceImageInformation>
      <fileName>page_107.png</fileName>
      
    </sourceImageInformation>
  </Description>
  
  <Tags>
    <OtherTag ID="BT10643" LABEL="NumberingZone" DESCRIPTION="block type NumberingZone"/><OtherTag ID="BT10642" LABEL="DropCapitalZone" DESCRIPTION="block type DropCapitalZone"/><OtherTag ID="BT10641" LABEL="GraphicZone" DESCRIPTION="block type GraphicZone"/><OtherTag ID="BT10640" LABEL="QuireMarksZone" DESCRIPTION="block type QuireMarksZone"/><OtherTag ID="BT10639" LABEL="RunningTitleZone" DESCRIPTION="block type RunningTitleZone"/><OtherTag ID="BT10638" LABEL="MainZone" DESCRIPTION="block type MainZone"/><OtherTag ID="BT10637" LABEL="MarginTextZone" DESCRIPTION="block type MarginTextZone"/>
    <OtherTag ID="LT4185" LABEL="default" DESCRIPTION="line type default"/><OtherTag ID="LT4183" LABEL="HeadingLine" DESCRIPTION="line type HeadingLine"/><OtherTag ID="LT4182" LABEL="CustomLine : BiblicalText" DESCRIPTION="line type CustomLine : BiblicalText"/><OtherTag ID="LT4184" LABEL="DefaultLine" DESCRIPTION="line type DefaultLine"/>
  </Tags>
  
  <Layout>
    <Page WIDTH="6000"
          HEIGHT="9420"
          PHYSICAL_IMG_NR="9"
          ID="eSc_dummypage_">
      <PrintSpace HPOS="0"
                  VPOS="0"
                  WIDTH="6000"
                  HEIGHT="9420">
        
        <TextBlock HPOS="1542.0"
                   VPOS="597.0"
                   WIDTH="509.0"
                   HEIGHT="314.0"
                   ID="eSc_textblock_88ef3dc7"
                   TAGREFS="BT10643">
          <Shape><Polygon POINTS="1542 597 1542 911 2051 911 2051 597"/></Shape>
          
          
          <TextLine ID="eSc_line_a928a9c1"
                    TAGREFS="LT4184"
                    BASELINE="1675 832 1986 839" 
                    HPOS="1664"
                    VPOS="471"
                    WIDTH="315"
                    HEIGHT="525">
            <Shape><Polygon POINTS="1664 910 1955 996 1979 832 1963 471 1821 518 1672 486 1672 824"/></Shape>
	    <String CONTENT="118"
                    HPOS="1664"
                    VPOS="471"
                    WIDTH="315"
                    HEIGHT="525"></String>
          </TextLine>

          
        </TextBlock>
        
        <TextBlock HPOS="2091.0"
                   VPOS="618.0"
                   WIDTH="3463.0"
                   HEIGHT="335.0"
                   ID="block_0"
                   TAGREFS="BT10639">
          <Shape><Polygon POINTS="5554 618 5554 953 2091 953 2091 618"/></Shape>
          
          
          <TextLine ID="eSc_line_3152bc35"
                    TAGREFS="LT4183"
                    BASELINE="2113 842 5407 883" 
                    HPOS="2104"
                    VPOS="620"
                    WIDTH="3299"
                    HEIGHT="376">
            <Shape><Polygon POINTS="2112 839 2104 902 2183 942 2191 942 2198 942 2890 918 2945 918 2984 918 3431 973 3439 973 3447 973 3526 934 3549 926 3589 934 3714 973 3722 973 3730 973 3738 973 3746 973 3746 965 3777 942 3793 926 4052 926 4107 949 4170 981 4178 981 4185 989 4562 989 4562 981 4570 981 4578 981 4594 965 4633 934 4806 965 4924 989 4931 996 5128 996 5128 989 5136 989 5143 989 5151 981 5198 942 5387 981 5403 879 5387 667 3722 682 3306 635 3298 635 3290 635 3282 635 3031 675 2112 620 2112 839"/></Shape>
	    <String CONTENT="COMMENT. IN EPIST."
                    HPOS="2104"
                    VPOS="620"
                    WIDTH="3299"
                    HEIGHT="376"></String>
          </TextLine>

          
        </TextBlock>
        
        <TextBlock HPOS="1587.0"
                   VPOS="940.0"
                   WIDTH="4176.0"
                   HEIGHT="7512.0"
                   ID="block_1"
                   TAGREFS="BT10638">
          <Shape><Polygon POINTS="5763 940 5763 8452 1587 8452 1587 965 2091 965 2091 940"/></Shape>
          
          
          <TextLine ID="eSc_line_8a1b4d58"
                    TAGREFS="LT4184"
                    BASELINE="1701 1240 5727 1282" 
                    HPOS="1696"
                    VPOS="999"
                    WIDTH="4031"
                    HEIGHT="377">
            <Shape><Polygon POINTS="1696 1303 1994 1339 2000 1339 2806 1318 3204 1313 3308 1329 3418 1344 3424 1344 3429 1344 3460 1329 3492 1318 3523 1329 3554 1344 3560 1344 3565 1344 3570 1344 3575 1344 3591 1334 3617 1318 3837 1318 3905 1334 4020 1360 4026 1360 4031 1360 4036 1360 4068 1339 4078 1334 4099 1339 4167 1360 4172 1360 4178 1360 4267 1339 4303 1334 4319 1344 4350 1365 4356 1365 4361 1365 4366 1371 4680 1371 4680 1365 4685 1365 4691 1365 4712 1350 4717 1344 4727 1350 4748 1371 4753 1371 4759 1371 5465 1376 5471 1376 5476 1376 5528 1360 5602 1339 5717 1360 5727 1282 5727 1109 5518 1109 5513 1104 5445 1051 5439 1051 5434 1051 5272 1041 5267 1041 5068 1067 5015 1030 5010 1030 5005 1030 5000 1030 4994 1030 4879 1078 4769 1036 4764 1036 4759 1036 4753 1036 4748 1036 4680 1083 4664 1099 4277 1099 4230 1078 4089 1020 4083 1020 3748 1020 3743 1020 3738 1020 3732 1020 3670 1062 3664 1067 3465 1083 3319 1072 3293 1057 3209 1010 3204 1010 3052 1010 3047 1010 3041 1010 2963 1051 2905 1078 2397 1072 2345 1036 2340 1036 2335 1036 2329 1036 2324 1036 2319 1036 2256 1072 2120 1072 2015 1030 1937 999 1931 999 1926 999 1701 1020 1701 1240"/></Shape>
	    <String CONTENT="Ioan. tertio dicat: Nemo aſcendit in"
                    HPOS="1696"
                    VPOS="999"
                    WIDTH="4031"
                    HEIGHT="377"></String>
          </TextLine>

          
          
          <TextLine ID="eSc_line_9c67a884"
                    TAGREFS="LT4184"
                    BASELINE="1691 1570 5717 1617" 
                    HPOS="1685"
                    VPOS="1339"
                    WIDTH="4032"
                    HEIGHT="388">
            <Shape><Polygon POINTS="1691 1570 1685 1622 1774 1658 1780 1658 1785 1658 2005 1638 2062 1685 2068 1685 2073 1685 2078 1685 2083 1685 2089 1685 2172 1638 2303 1638 2382 1685 2387 1685 2392 1685 2586 1695 2591 1695 2842 1643 2921 1695 2926 1695 2931 1695 3031 1700 3036 1700 3350 1648 3361 1648 3581 1648 3581 1653 3706 1700 3712 1700 3717 1700 4120 1658 4141 1658 4151 1658 4371 1716 4376 1716 4382 1716 4387 1716 4513 1664 4518 1664 4534 1664 4821 1721 4827 1727 5115 1727 5115 1721 5277 1685 5329 1727 5335 1727 5340 1727 5345 1727 5350 1727 5465 1685 5712 1679 5717 1617 5717 1418 5670 1381 5664 1381 5659 1381 5654 1381 5649 1381 5643 1381 5581 1423 5575 1428 5565 1423 5471 1381 5465 1381 5267 1376 5261 1376 5256 1376 5178 1407 5130 1386 5125 1386 5120 1386 5115 1386 5109 1386 5068 1423 5047 1439 4963 1418 4921 1413 4916 1413 4910 1413 4905 1413 4895 1418 4863 1439 4376 1439 4298 1433 4277 1418 4214 1365 4209 1365 4204 1365 3958 1365 3952 1365 3947 1365 3811 1413 3780 1423 3769 1413 3706 1360 3701 1360 3696 1360 3387 1355 3382 1355 3376 1355 3371 1355 3303 1407 3287 1423 3036 1423 3015 1407 2900 1350 2895 1350 2890 1350 2696 1355 2691 1355 2685 1355 2623 1407 2617 1407 2591 1407 2408 1381 2403 1381 2397 1381 2314 1402 2298 1407 2277 1402 2089 1339 2083 1339 2078 1339 2073 1339 1905 1402 1895 1402 1691 1402 1691 1570"/></Shape>
	    <String CONTENT="cœlum, niſi qui deſcendit, nempe filius"
                    HPOS="1685"
                    VPOS="1339"
                    WIDTH="4032"
                    HEIGHT="388"></String>
          </TextLine>

          
          
          <TextLine ID="eSc_line_50ff5390"
                    TAGREFS="LT4184"
                    BASELINE="1696 1904 5732 1957" 
                    HPOS="1691"
                    VPOS="1695"
                    WIDTH="4041"
                    HEIGHT="356">
            <Shape><Polygon POINTS="1696 1904 1691 1967 1863 2004 1869 2004 2036 1972 2094 1962 2151 1972 2287 2004 2293 2004 2298 2004 2303 2004 2345 1978 2361 1967 2403 1978 2565 2014 2905 2020 2910 2020 3235 1983 3308 1978 3439 1978 3450 1983 3502 2025 3507 2025 3513 2025 3518 2025 3685 1988 3712 1983 3727 1988 3816 2030 3821 2030 3827 2030 3832 2030 3963 1988 3979 1988 3989 1988 4120 2030 4125 2030 4130 2030 4136 2030 4141 2030 4178 1999 4230 2020 4235 2020 4240 2020 4486 1993 4518 1993 4539 1993 4701 2030 4706 2030 4848 1999 4853 1999 4863 1999 5047 2046 5052 2046 5324 2051 5329 2051 5727 2004 5732 1957 5732 1810 5387 1800 5356 1768 5350 1768 5345 1768 5340 1768 5335 1768 5329 1768 5293 1795 5287 1795 4958 1795 4952 1784 4926 1763 4921 1763 4916 1763 4910 1763 4774 1779 4696 1789 4659 1779 4523 1727 4518 1727 4303 1727 4298 1727 4293 1727 4214 1763 4188 1779 4157 1763 4083 1721 4078 1721 4073 1721 3869 1753 3712 1779 3481 1768 3450 1742 3418 1716 3413 1716 3408 1716 3308 1711 3225 1711 3219 1711 3214 1711 3209 1711 3183 1737 3141 1768 3057 1732 3031 1721 3026 1721 3020 1721 3015 1721 2994 1732 2937 1758 2874 1727 2848 1716 2842 1716 2837 1716 2832 1716 2811 1727 2732 1763 2476 1737 2471 1737 2188 1758 2099 1727 2094 1727 2089 1727 1984 1742 1926 1700 1926 1695 1921 1695 1916 1695 1696 1695 1696 1904"/></Shape>
	    <String CONTENT="hominis, qui eſtin cœlo. Si enim patrẽ"
                    HPOS="1691"
                    VPOS="1695"
                    WIDTH="4041"
                    HEIGHT="356"></String>
          </TextLine>

          
          
          <TextLine ID="eSc_line_2068b717"
                    TAGREFS="LT4184"
                    BASELINE="1680 2234 5712 2297" 
                    HPOS="1675"
                    VPOS="2014"
                    WIDTH="4037"
                    HEIGHT="382">
            <Shape><Polygon POINTS="1680 2234 1675 2281 1832 2344 1837 2344 1842 2344 2010 2313 2104 2355 2109 2355 2115 2360 2308 2360 2308 2355 2314 2355 2455 2307 3020 2339 3026 2339 3319 2313 3382 2339 3387 2339 3392 2339 3623 2323 3701 2381 3706 2381 3712 2381 3717 2381 3821 2360 4366 2391 4371 2396 4513 2396 4513 2391 4518 2391 4523 2391 4586 2339 4727 2375 4732 2375 4738 2375 4921 2344 5261 2386 5267 2386 5272 2386 5335 2360 5408 2391 5413 2391 5418 2391 5706 2344 5712 2297 5712 2135 5586 2072 5581 2072 5371 2067 5015 2061 5010 2061 5005 2061 4931 2103 4774 2103 4664 2056 4659 2056 4654 2056 4649 2056 4643 2056 4586 2103 4424 2114 4026 2067 4020 2067 4015 2067 3947 2103 3743 2103 3712 2103 3424 2103 3418 2098 3366 2061 3361 2061 3356 2061 3350 2061 3345 2061 3303 2082 3246 2035 3240 2035 3235 2035 3230 2035 3041 2061 3005 2030 3000 2030 2994 2030 2879 2030 2874 2030 2869 2030 2863 2030 2790 2088 2575 2051 2570 2051 2565 2051 2476 2082 2471 2082 2272 2025 2267 2025 2261 2025 2256 2025 2157 2077 2151 2082 2052 2082 2041 2077 1858 2014 1853 2014 1848 2014 1842 2014 1837 2014 1764 2072 1759 2072 1680 2072 1680 2234"/></Shape>
	    <String CONTENT="nunquam deſeruit, quo pacto ab illo"
                    HPOS="1675"
                    VPOS="2014"
                    WIDTH="4037"
                    HEIGHT="382"></String>
          </TextLine>

          
          
          <TextLine ID="eSc_line_d79a6909"
                    TAGREFS="LT4184"
                    BASELINE="1685 2569 5722 2627" 
                    HPOS="1680"
                    VPOS="2328"
                    WIDTH="4042"
                    HEIGHT="398">
            <Shape><Polygon POINTS="1685 2569 1680 2621 1806 2669 1811 2669 1816 2669 1821 2669 1900 2632 2047 2679 2052 2679 2057 2684 2225 2684 2225 2679 2230 2679 2340 2637 2596 2684 2602 2684 3089 2642 3146 2684 3151 2684 3157 2684 3162 2684 3167 2684 3172 2684 3214 2648 3282 2695 3287 2695 3293 2695 3298 2695 3303 2695 3397 2658 3518 2700 3523 2700 3528 2705 3691 2705 3691 2700 3696 2700 3821 2653 3958 2679 3963 2679 3968 2679 4036 2658 4178 2705 4183 2705 4188 2705 4387 2663 4408 2663 4570 2663 4575 2663 4633 2705 4638 2705 4643 2705 4649 2705 4654 2705 4659 2705 4696 2679 4937 2679 5047 2721 5052 2721 5057 2721 5062 2721 5219 2674 5225 2674 5251 2674 5371 2684 5418 2726 5424 2726 5429 2726 5434 2726 5717 2679 5722 2627 5717 2454 5492 2449 5361 2375 5356 2375 5167 2375 5162 2375 5157 2375 5015 2443 5005 2443 4848 2443 4842 2438 4759 2370 4753 2370 4748 2370 4623 2365 4434 2365 4429 2365 4424 2365 4418 2365 4324 2433 4319 2433 4235 2407 4230 2407 4225 2407 4219 2407 4141 2428 4094 2386 4089 2386 4083 2386 4078 2386 4073 2386 3942 2428 3926 2428 3303 2423 3293 2417 3157 2344 3151 2344 3146 2344 3141 2344 2994 2412 2989 2417 2827 2417 2816 2412 2691 2339 2685 2339 2680 2339 2675 2339 2560 2375 2424 2334 2418 2334 2293 2334 2287 2334 2282 2334 2277 2334 2209 2381 2151 2334 2146 2334 2141 2334 2136 2334 1942 2355 1863 2328 1858 2328 1853 2328 1848 2328 1842 2328 1759 2396 1753 2396 1685 2396 1685 2569"/></Shape>
	    <String CONTENT="abijt: Reſpondeo, primum à Paulo hęc"
                    HPOS="1680"
                    VPOS="2328"
                    WIDTH="4042"
                    HEIGHT="398"></String>
          </TextLine>

          
          
          <TextLine ID="eSc_line_f3bf9cdd"
                    TAGREFS="LT4184"
                    BASELINE="1691 2899 5717 2956" 
                    HPOS="1691"
                    VPOS="2695"
                    WIDTH="4026"
                    HEIGHT="345">
            <Shape><Polygon POINTS="1691 2899 1691 2962 1931 2962 1937 2962 2052 2998 2057 2998 2062 2998 2068 2998 2073 2998 2130 2967 2157 2967 2293 2967 2298 2967 2418 3003 2424 3003 2429 3003 3057 2972 3146 2972 3167 2977 3293 3014 3298 3014 3303 3014 3455 2977 3471 2977 3534 2977 4020 3014 4026 3014 4214 2988 4225 2988 4230 2988 4319 3024 4324 3024 4329 3024 4879 3009 5005 3040 5010 3040 5015 3040 5214 3003 5633 3040 5638 3040 5643 3040 5712 3003 5717 2956 5717 2810 5513 2805 5445 2747 5439 2747 5434 2747 5350 2742 5267 2742 5261 2742 5256 2742 5251 2742 5178 2794 5136 2763 5130 2763 5125 2763 5120 2763 4973 2784 4884 2737 4879 2737 4664 2737 4659 2737 4654 2737 4649 2737 4570 2784 4167 2757 4162 2757 4157 2757 4099 2778 4026 2731 4020 2731 4015 2731 4010 2731 4005 2731 4000 2731 3931 2778 3890 2747 3884 2747 3879 2747 3874 2747 3717 2768 3649 2731 3643 2731 3638 2731 3633 2731 3628 2731 3586 2763 3350 2721 3345 2721 3340 2721 3246 2768 3235 2768 3204 2763 3047 2742 3041 2742 2848 2757 2790 2763 2759 2757 2596 2721 2591 2721 2471 2747 2335 2700 2329 2700 2324 2700 2125 2742 2068 2695 2062 2695 2057 2695 2052 2695 1691 2737 1691 2899"/></Shape>
	    <String CONTENT="ethologicè iuxta eorum conſuetudinẽ"
                    HPOS="1691"
                    VPOS="2695"
                    WIDTH="4026"
                    HEIGHT="345"></String>
          </TextLine>

          
          
          <TextLine ID="eSc_line_da9e69a3"
                    TAGREFS="LT4184"
                    BASELINE="1691 3239 5696 3297" 
                    HPOS="1685"
                    VPOS="2998"
                    WIDTH="4011"
                    HEIGHT="408">
            <Shape><Polygon POINTS="1691 3239 1685 3286 2418 3359 2424 3359 2429 3359 2434 3359 2528 3307 2743 3307 2827 3365 2832 3365 2837 3365 2842 3370 3026 3370 3026 3365 3031 3365 3146 3312 3429 3370 3434 3370 3439 3370 3560 3328 3617 3354 3623 3354 3628 3354 3858 3323 3979 3370 3984 3370 3989 3370 3994 3370 4000 3370 4073 3328 4371 3328 4732 3391 4738 3391 4743 3391 4926 3338 5041 3375 5047 3375 5052 3375 5308 3354 5387 3401 5392 3401 5397 3401 5403 3406 5612 3406 5612 3401 5617 3401 5623 3401 5691 3344 5696 3297 5696 3134 5539 3103 5534 3103 5041 3119 4984 3119 4979 3119 4842 3040 4837 3040 4832 3040 4827 3040 4654 3113 4643 3113 4382 3113 4371 3103 4209 3030 4204 3030 3554 3024 3549 3024 3544 3024 3539 3024 3455 3087 3445 3098 3277 3098 3256 3082 3157 3014 3151 3014 3146 3014 3141 3014 3136 3014 3130 3014 3026 3077 3010 3087 2984 3077 2785 3009 2780 3009 2774 3009 2769 3009 2628 3071 2596 3082 2104 3082 2073 3061 1984 2998 1979 2998 1973 2998 1968 2998 1759 3003 1753 3003 1748 3003 1691 3040 1691 3239"/></Shape>
	    <String CONTENT="dici, qui aliquò miſſi ab hero, ſeu magi"
                    HPOS="1685"
                    VPOS="2998"
                    WIDTH="4011"
                    HEIGHT="408"></String>
          </TextLine>

          
          
          <TextLine ID="eSc_line_ec3cf9c0"
                    TAGREFS="LT4184"
                    BASELINE="1680 3574 5706 3626" 
                    HPOS="1675"
                    VPOS="3344"
                    WIDTH="4031"
                    HEIGHT="366">
            <Shape><Polygon POINTS="1680 3574 1675 3621 1827 3652 1832 3652 2549 3642 2612 3684 2617 3684 2623 3684 2628 3684 2853 3642 2905 3684 2905 3689 2910 3689 2916 3689 2921 3694 3198 3694 3198 3689 3204 3689 3209 3689 3251 3652 3403 3694 3408 3694 3413 3694 3418 3694 3513 3652 3649 3652 3837 3694 3842 3694 3848 3694 3989 3658 4115 3699 4120 3699 4125 3699 4130 3699 4235 3668 4329 3705 4335 3705 4560 3710 4565 3710 4769 3673 4952 3705 4958 3705 4963 3705 5020 3673 5089 3710 5094 3710 5099 3710 5298 3673 5486 3705 5492 3705 5701 3673 5706 3626 5701 3459 5471 3454 5471 3448 5403 3396 5397 3396 5392 3396 5387 3396 5382 3396 5261 3443 5246 3454 5073 3454 5052 3438 4979 3391 4973 3391 4968 3391 4963 3391 4780 3427 4712 3443 4659 3427 4539 3385 4534 3385 4528 3385 4376 3417 4282 3438 4209 3412 4104 3375 4099 3375 4094 3375 4089 3375 4015 3406 3958 3433 3895 3406 3827 3375 3821 3375 3706 3375 3701 3375 3696 3375 3691 3375 3659 3396 3607 3433 3308 3433 3246 3385 3240 3380 3235 3380 3230 3380 3225 3380 3183 3385 2926 3422 2858 3375 2837 3359 2832 3359 2827 3359 2821 3359 2816 3359 2764 3370 2617 3412 2518 3365 2492 3354 2486 3354 2481 3354 2403 3359 2047 3406 1937 3349 1931 3349 1680 3344 1680 3574"/></Shape>
	    <String CONTENT="ſtratu ſuo, legatiõe functa, &amp; rebus be¬"
                    HPOS="1675"
                    VPOS="3344"
                    WIDTH="4031"
                    HEIGHT="366"></String>
          </TextLine>

          
          
          <TextLine ID="eSc_line_c007dcfd"
                    TAGREFS="LT4184"
                    BASELINE="1675 3909 5680 3956" 
                    HPOS="1675"
                    VPOS="3694"
                    WIDTH="4005"
                    HEIGHT="361">
            <Shape><Polygon POINTS="1675 3909 1675 3966 1890 3966 1895 3966 1958 4019 1963 4019 1968 4019 2120 4024 2125 4029 2329 4029 2329 4024 2335 4024 2424 3977 2638 4024 2643 4024 2649 4024 2790 3977 2910 4029 2916 4029 2921 4029 3125 3982 3513 3987 3607 4024 3612 4024 3617 4024 3816 3987 3821 3987 3827 3987 4010 4045 4015 4045 4020 4045 4026 4045 4188 3998 4350 4045 4356 4045 4361 4045 4366 4045 4460 3998 4549 4034 4554 4034 4560 4034 4821 4024 4874 4055 4879 4055 4884 4055 4890 4055 5675 4003 5680 3956 5680 3736 5502 3731 5497 3731 5476 3736 5235 3788 4853 3762 4848 3762 4371 3778 4319 3736 4298 3715 4293 3715 4287 3715 4282 3715 4277 3715 4235 3736 4141 3778 3937 3778 3879 3736 3853 3710 3848 3710 3842 3710 3586 3710 3581 3710 3575 3710 3570 3710 3534 3736 3497 3757 3356 3762 3089 3757 3057 3736 3015 3699 3010 3699 3005 3699 3000 3699 2994 3699 2890 3736 2832 3752 2748 3736 2565 3694 2298 3694 2293 3694 2287 3694 2204 3736 2198 3736 2188 3736 2104 3710 2099 3710 2094 3710 2089 3710 2083 3710 2047 3736 2026 3747 1942 3736 1785 3710 1780 3710 1675 3731 1675 3909"/></Shape>
	    <String CONTENT="ne geſtis, redeunt. Deinde eum per al¬"
                    HPOS="1675"
                    VPOS="3694"
                    WIDTH="4005"
                    HEIGHT="361"></String>
          </TextLine>

          
          
          <TextLine ID="eSc_line_7cafd45e"
                    TAGREFS="LT4184"
                    BASELINE="1675 4244 5691 4301" 
                    HPOS="1670"
                    VPOS="4029"
                    WIDTH="4021"
                    HEIGHT="335">
            <Shape><Polygon POINTS="1675 4244 1670 4301 2937 4338 2942 4338 3068 4322 3099 4317 3104 4322 3136 4343 3141 4343 3146 4343 3151 4343 4036 4333 4136 4333 4178 4333 4596 4364 4602 4364 5685 4348 5691 4301 5691 4150 5460 4113 5455 4113 5198 4134 5094 4139 5068 4129 5026 4108 5020 4108 5015 4108 5010 4108 5005 4108 4979 4123 4963 4134 4926 4123 4869 4108 4863 4108 4858 4108 4853 4108 4821 4123 4795 4134 4439 4108 4382 4108 4376 4108 4366 4108 4272 4129 4240 4102 4235 4102 4230 4102 4225 4102 4193 4102 3890 4123 3774 4092 3727 4076 3722 4076 3717 4076 3712 4076 3706 4076 3696 4087 3659 4118 3513 4118 3424 4082 3413 4076 3408 4076 3403 4076 3397 4076 3392 4076 3361 4102 3324 4076 3298 4055 3293 4055 3287 4055 3136 4050 3130 4050 3125 4050 3089 4071 3015 4113 2827 4113 2706 4055 2675 4045 2670 4045 2664 4045 2602 4055 2445 4082 2376 4050 2361 4040 2356 4040 2136 4040 2130 4040 2125 4040 2120 4040 1989 4087 1863 4034 1858 4034 1675 4029 1675 4244"/></Shape>
	    <String CONTENT="lœoſim, hoc eſt commutationem natu"
                    HPOS="1670"
                    VPOS="4029"
                    WIDTH="4021"
                    HEIGHT="335"></String>
          </TextLine>

          
          
          <TextLine ID="eSc_line_59028ffe"
                    TAGREFS="LT4184"
                    BASELINE="1680 4584 5685 4636" 
                    HPOS="1680"
                    VPOS="4343"
                    WIDTH="4005"
                    HEIGHT="367">
            <Shape><Polygon POINTS="1680 4584 1680 4662 2052 4636 2382 4668 2481 4678 2486 4678 2696 4673 3204 4652 3251 4673 3277 4689 3282 4689 3287 4689 3481 4678 3638 4668 3675 4678 3727 4694 3732 4694 3738 4694 3743 4694 3780 4678 3816 4662 3958 4678 4041 4689 4047 4689 4230 4683 4439 4673 4460 4683 4492 4704 4497 4704 4502 4704 4507 4704 4712 4683 4848 4673 4916 4689 5026 4710 5031 4710 5036 4710 5083 4689 5094 4683 5109 4689 5178 4710 5183 4710 5188 4710 5680 4689 5685 4636 5685 4464 5418 4458 5267 4380 5261 4380 5256 4380 5251 4380 5120 4448 4979 4375 4973 4375 4712 4369 4706 4369 4701 4369 4696 4369 4581 4443 4308 4443 4162 4364 4157 4364 4047 4359 3717 4359 3712 4359 3706 4359 3701 4359 3612 4416 3518 4359 3513 4359 3507 4359 3314 4354 3308 4354 3303 4354 3298 4354 3178 4427 2890 4427 2769 4343 2764 4343 2759 4343 2439 4343 2434 4343 2429 4343 2277 4406 2235 4375 2230 4375 2225 4375 2219 4375 2214 4375 2078 4411 1680 4411 1680 4584"/></Shape>
	    <String CONTENT="rarum, dicere Chriſtũ de cœlo deſcen"
                    HPOS="1680"
                    VPOS="4343"
                    WIDTH="4005"
                    HEIGHT="367"></String>
          </TextLine>

          
          
          <TextLine ID="eSc_line_cfe5277a"
                    TAGREFS="LT4184"
                    BASELINE="1675 4914 5680 4971" 
                    HPOS="1670"
                    VPOS="4668"
                    WIDTH="4010"
                    HEIGHT="371">
            <Shape><Polygon POINTS="1675 4914 1670 4961 2041 4997 2047 4997 2361 4976 2397 4976 2460 4976 2858 5008 2863 5008 3062 4992 3125 4987 3151 4992 3225 5013 3230 5013 3235 5013 3382 4997 3445 4992 3565 5003 3858 5024 3863 5024 4026 5008 4115 5003 4157 5013 4214 5029 4219 5029 4225 5029 4371 5018 4481 5008 5670 5039 5680 4971 5680 4757 5476 4720 5471 4720 5465 4720 5460 4720 5408 4757 5335 4798 4952 4798 4811 4788 4759 4751 4743 4741 4738 4741 4732 4741 4727 4741 4722 4741 4696 4751 4649 4778 4617 4751 4570 4715 4565 4715 4560 4715 4361 4704 4356 4704 4350 4704 4345 4704 4267 4751 4219 4783 4125 4751 3984 4710 3979 4710 3973 4710 3837 4725 3685 4694 3680 4694 3675 4694 3544 4751 3507 4772 3136 4772 3083 4751 2984 4720 2979 4720 2973 4720 2968 4720 2963 4720 2921 4751 2900 4767 2769 4767 2654 4762 2643 4751 2549 4678 2544 4678 2539 4678 2298 4673 2293 4673 2287 4673 2282 4673 2204 4730 2041 4668 2036 4668 1842 4668 1837 4668 1832 4668 1675 4746 1675 4914"/></Shape>
	    <String CONTENT="diſſe. Non enim niſi ſecundum naturã"
                    HPOS="1670"
                    VPOS="4668"
                    WIDTH="4010"
                    HEIGHT="371"></String>
          </TextLine>

          
          
          <TextLine ID="eSc_line_bebee494"
                    TAGREFS="LT4184"
                    BASELINE="1675 5249 5675 5301" 
                    HPOS="1670"
                    VPOS="4987"
                    WIDTH="4005"
                    HEIGHT="398">
            <Shape><Polygon POINTS="1675 5249 1670 5301 2073 5343 2078 5343 2382 5317 2471 5348 2476 5348 2481 5348 2486 5348 2492 5348 2523 5322 2560 5348 2565 5348 2570 5348 2575 5348 2910 5327 3010 5353 3015 5353 3020 5353 3026 5353 3125 5327 3151 5353 3157 5353 3162 5353 3167 5353 3345 5332 3429 5358 3434 5358 3439 5358 3445 5358 3502 5332 3596 5358 3602 5358 3607 5358 4015 5338 4068 5369 4073 5369 4078 5369 4083 5369 4471 5343 4581 5374 4586 5374 4591 5374 4806 5348 5439 5385 5445 5385 5670 5353 5675 5301 5675 5112 5324 5107 5261 5055 5256 5055 5251 5055 5246 5055 5240 5055 5235 5055 5162 5102 4916 5102 4884 5102 4884 5097 4727 5018 4722 5018 4717 5018 4486 5039 4429 5013 4424 5013 4267 5013 4261 5013 4256 5013 4057 5076 3963 5029 3958 5029 3952 5029 3947 5029 3942 5029 3879 5081 3602 5003 3596 5003 3591 5003 3586 5003 3429 5055 3376 5008 3371 5008 3366 5008 3361 5008 2963 5044 2879 4992 2874 4992 2869 4992 2863 4992 2502 5024 2424 4987 2418 4987 2413 4987 2408 4987 2178 5060 2172 5060 2167 5060 1790 4997 1785 4997 1780 4997 1675 5050 1675 5249"/></Shape>
	    <String CONTENT="diuinã deſcendit. Sic &amp; Chriſtus dum"
                    HPOS="1670"
                    VPOS="4987"
                    WIDTH="4005"
                    HEIGHT="398"></String>
          </TextLine>

          
          
          <TextLine ID="eSc_line_8275316e"
                    TAGREFS="LT4184"
                    BASELINE="1659 5583 5654 5636" 
                    HPOS="1654"
                    VPOS="5343"
                    WIDTH="4000"
                    HEIGHT="387">
            <Shape><Polygon POINTS="1659 5583 1654 5631 1926 5678 1931 5678 1937 5678 2015 5646 2078 5688 2083 5688 2089 5688 2094 5688 2345 5652 2507 5683 2513 5683 2518 5683 2654 5652 3178 5678 3183 5678 3188 5678 3251 5657 3340 5688 3345 5688 3350 5688 3623 5667 3769 5709 3774 5709 3780 5709 3785 5709 3905 5672 4157 5714 4162 5714 4376 5672 4591 5720 4596 5720 4790 5683 4916 5725 4921 5725 5256 5730 5261 5730 5649 5683 5654 5636 5654 5474 5554 5447 5549 5447 5544 5447 5298 5468 5162 5385 5157 5385 5151 5385 5146 5385 4884 5406 4445 5374 4439 5374 4434 5374 4198 5453 3675 5453 3643 5421 3638 5421 3633 5421 3628 5421 3099 5437 2979 5358 2973 5358 2968 5358 2963 5358 2654 5416 2455 5348 2450 5348 2293 5348 2287 5348 2282 5348 2277 5348 2193 5416 2151 5395 2146 5395 2141 5395 2136 5395 2052 5426 1910 5343 1905 5343 1900 5343 1764 5343 1759 5343 1753 5343 1748 5343 1659 5406 1659 5583"/></Shape>
	    <String CONTENT="dicit, filium hominis in cœlo fuiſſe, per"
                    HPOS="1654"
                    VPOS="5343"
                    WIDTH="4000"
                    HEIGHT="387"></String>
          </TextLine>

          
          
          <TextLine ID="eSc_line_8912b3a8"
                    TAGREFS="LT4184"
                    BASELINE="1675 5924 5670 5976" 
                    HPOS="1675"
                    VPOS="5709"
                    WIDTH="3995"
                    HEIGHT="361">
            <Shape><Polygon POINTS="1675 5924 1675 6007 3062 6002 3198 6018 3418 6044 3424 6044 3544 6018 3602 6007 3623 6018 3664 6049 3670 6049 3675 6049 3680 6054 4041 6054 4041 6049 4047 6049 4125 6023 4136 6018 4141 6023 4172 6044 4178 6044 4183 6044 4188 6044 4324 6023 4335 6023 4350 6023 4534 6054 4539 6054 4769 6023 4801 6023 4816 6023 4937 6065 4942 6065 5267 6070 5272 6070 5570 6065 5575 6065 5664 6028 5670 5976 5664 5756 5528 5756 5523 5756 5518 5756 5513 5756 5429 5814 5089 5761 5083 5761 5078 5761 5073 5761 5000 5809 4748 5777 4743 5777 4617 5803 4513 5756 4476 5740 4471 5740 4465 5740 4387 5756 4219 5798 4073 5772 4068 5772 3178 5782 3073 5761 2874 5720 2869 5720 2513 5756 2455 5714 2450 5714 2445 5714 2324 5714 2319 5714 2314 5714 2172 5761 2151 5772 2130 5767 2005 5709 2000 5709 1821 5709 1816 5709 1811 5709 1675 5761 1675 5924"/></Shape>
	    <String CONTENT="allœoſim humanitati attribuit, quod"
                    HPOS="1675"
                    VPOS="5709"
                    WIDTH="3995"
                    HEIGHT="361"></String>
          </TextLine>

          
          
          <TextLine ID="eSc_line_ad65df11"
                    TAGREFS="LT4184"
                    BASELINE="1675 6264 5675 6300" 
                    HPOS="1670"
                    VPOS="6034"
                    WIDTH="4005"
                    HEIGHT="371">
            <Shape><Polygon POINTS="1675 6264 1670 6311 1879 6363 1884 6363 1890 6363 1895 6363 1942 6332 2167 6363 2172 6363 2178 6363 2272 6327 2534 6374 2539 6374 2544 6374 2549 6374 2602 6332 2638 6353 2643 6353 2649 6353 2732 6332 2769 6327 2780 6337 2811 6358 2816 6358 2821 6358 2827 6358 2926 6337 2958 6332 2973 6337 3052 6379 3057 6379 3062 6379 3068 6379 3167 6342 3204 6332 3340 6332 3366 6348 3397 6374 3403 6374 3408 6374 3413 6374 3612 6353 3659 6348 3670 6353 3727 6379 3732 6379 3738 6379 3848 6358 3937 6337 4036 6358 4183 6395 4565 6400 4570 6400 4575 6400 4654 6374 4706 6400 4712 6400 4717 6400 4722 6400 4727 6400 4759 6374 4795 6348 4863 6374 4895 6389 4900 6389 4905 6389 4963 6379 5078 6353 5120 6379 5157 6405 5162 6405 5167 6405 5172 6405 5178 6405 5246 6384 5319 6363 5664 6389 5675 6300 5675 6149 5109 6060 4890 6060 4884 6060 4879 6060 4874 6060 4785 6133 4769 6138 4696 6128 4534 6107 4528 6107 4523 6107 4486 6123 4465 6133 3795 6133 3759 6112 3654 6054 3649 6054 3643 6054 3638 6054 3633 6054 3565 6107 3534 6133 3460 6133 3434 6107 3361 6044 3356 6044 3350 6044 3015 6044 3010 6044 3005 6044 2863 6091 2801 6075 2795 6075 2790 6075 2785 6075 2780 6075 2753 6096 2717 6117 2643 6091 2607 6081 2602 6081 2596 6081 2591 6081 2560 6091 2502 6112 2465 6091 2439 6070 2434 6070 2429 6070 2424 6070 2418 6070 2366 6086 2282 6117 2209 6086 2198 6081 2193 6081 2188 6081 2183 6081 2167 6086 2078 6107 2036 6081 1963 6034 1958 6034 1952 6034 1764 6034 1759 6034 1753 6034 1675 6070 1675 6264"/></Shape>
	    <String CONTENT="diuinitatis eſt. Paulus itaq́; per deſcen¬"
                    HPOS="1670"
                    VPOS="6034"
                    WIDTH="4005"
                    HEIGHT="371"></String>
          </TextLine>

          
          
          <TextLine ID="eSc_line_23429450"
                    TAGREFS="LT4184"
                    BASELINE="1675 6599 5680 6635" 
                    HPOS="1675"
                    VPOS="6374"
                    WIDTH="4005"
                    HEIGHT="387">
            <Shape><Polygon POINTS="1675 6599 1675 6688 2518 6677 2570 6698 2638 6730 2643 6730 2649 6730 2654 6730 2659 6730 2706 6698 2748 6677 3261 6677 3392 6709 3497 6730 3502 6730 3507 6730 3554 6709 3591 6688 3952 6682 4089 6693 4109 6714 4146 6745 4151 6745 4157 6745 4162 6745 4565 6719 4575 6719 4581 6719 4623 6751 4628 6751 4633 6751 4638 6756 4973 6756 4973 6751 4979 6751 4984 6751 5020 6724 5026 6719 5031 6724 5104 6756 5109 6756 5115 6761 5267 6761 5267 6756 5272 6756 5366 6724 5455 6698 5497 6724 5513 6740 5518 6740 5523 6740 5528 6740 5534 6740 5560 6730 5617 6698 5659 6730 5680 6635 5680 6405 5513 6405 5507 6405 5502 6405 5376 6473 5209 6447 5204 6447 5198 6447 5115 6473 4549 6473 4350 6431 4345 6431 4183 6463 4104 6400 4099 6400 4094 6400 4089 6400 4083 6400 3633 6457 3549 6395 3544 6389 3539 6389 3534 6389 3528 6389 3523 6389 3497 6395 3382 6431 3235 6395 3178 6384 3172 6384 3167 6384 3162 6384 3146 6395 3094 6437 3036 6395 3020 6384 3015 6384 3010 6384 2680 6379 2675 6379 2670 6379 2664 6379 2638 6395 2549 6447 2350 6395 2329 6389 2324 6389 2319 6389 2282 6395 2062 6437 1952 6395 1900 6374 1895 6374 1890 6374 1675 6389 1675 6599"/></Shape>
	    <String CONTENT="ſionem nihil aliud intelligit, quã quod"
                    HPOS="1675"
                    VPOS="6374"
                    WIDTH="4005"
                    HEIGHT="387"></String>
          </TextLine>

          
          
          <TextLine ID="eSc_line_9ea2c297"
                    TAGREFS="LT4184"
                    BASELINE="1685 6934 5659 6981" 
                    HPOS="1680"
                    VPOS="6693"
                    WIDTH="3979"
                    HEIGHT="377">
            <Shape><Polygon POINTS="1685 6934 1680 7002 1806 7028 1811 7028 1816 7028 1858 7007 1900 6986 2125 6986 2183 7007 2225 7023 2230 7023 2235 7023 2361 7007 2492 6991 2534 7007 2581 7028 2586 7028 2591 7028 2853 7012 2926 7007 2968 7012 3162 7038 3167 7038 3172 7038 3272 7012 3303 7007 3340 7012 3523 7049 3528 7049 3764 7017 3832 7007 3858 7017 3926 7044 3931 7044 3937 7044 3942 7044 4026 7017 4031 7017 4162 7054 4167 7054 4172 7054 4397 7028 4554 7049 4560 7049 4565 7049 4628 7023 4659 7049 4664 7049 4670 7049 4675 7049 5020 7033 5219 7070 5225 7070 5654 7023 5659 6981 5659 6819 5523 6766 5518 6766 5513 6766 5507 6766 5424 6803 5052 6798 4963 6730 4958 6730 4952 6730 4842 6730 4837 6730 4832 6730 4827 6730 4727 6803 4722 6808 4418 6808 4408 6798 4371 6771 4366 6771 4361 6771 4356 6771 4240 6792 4214 6798 4120 6792 3837 6771 3832 6771 3675 6782 3560 6792 3544 6782 3460 6709 3455 6709 3450 6709 3445 6709 3439 6709 3298 6777 3272 6792 3062 6792 3031 6771 2989 6745 2984 6745 2979 6745 2973 6745 2968 6745 2895 6766 2848 6782 2816 6766 2696 6703 2691 6703 2570 6698 1832 6693 1827 6693 1821 6693 1685 6740 1685 6934"/></Shape>
	    <String CONTENT="Chriſti diuinitas humanitate aſſumpta"
                    HPOS="1680"
                    VPOS="6693"
                    WIDTH="3979"
                    HEIGHT="377"></String>
          </TextLine>

          
          
          <TextLine ID="eSc_line_97a22d02"
                    TAGREFS="LT4184"
                    BASELINE="1680 7269 5649 7305" 
                    HPOS="1675"
                    VPOS="7065"
                    WIDTH="3974"
                    HEIGHT="319">
            <Shape><Polygon POINTS="1680 7269 1675 7321 1759 7352 1764 7352 1769 7352 2198 7326 2246 7326 2413 7326 3863 7368 3869 7368 3874 7368 3931 7342 4036 7373 4041 7373 4554 7379 4560 7379 4795 7352 5083 7384 5089 7384 5643 7352 5649 7305 5633 7117 5549 7148 5502 7117 5497 7117 5492 7117 5486 7117 5240 7143 5089 7106 4984 7085 4979 7085 4973 7085 4931 7106 4853 7143 4539 7117 4534 7117 3958 7138 3895 7091 3874 7075 3869 7075 3863 7075 3753 7075 3748 7075 3743 7075 3706 7091 3607 7133 3439 7101 3434 7101 3429 7101 3424 7101 3397 7122 3345 7085 3329 7070 3324 7070 3319 7070 3047 7070 3041 7070 2984 7080 2795 7122 2565 7122 2502 7085 2497 7085 2492 7085 2486 7085 2293 7122 1680 7065 1680 7269"/></Shape>
	    <String CONTENT="&amp; mortẽ in eâdem obita, nos redeme¬"
                    HPOS="1675"
                    VPOS="7065"
                    WIDTH="3974"
                    HEIGHT="319"></String>
          </TextLine>

          
          
          <TextLine ID="eSc_line_fa6fdca5"
                    TAGREFS="LT4184"
                    BASELINE="1670 7609 5654 7640" 
                    HPOS="1670"
                    VPOS="7379"
                    WIDTH="3984"
                    HEIGHT="361">
            <Shape><Polygon POINTS="1670 7609 1670 7672 2324 7666 2340 7677 2382 7713 2382 7719 2387 7719 2392 7719 2397 7719 2853 7677 2900 7677 2910 7677 3041 7724 3047 7724 3052 7724 3403 7687 3664 7729 3670 7729 4178 7687 4230 7729 4235 7729 4240 7729 4246 7729 4251 7729 4361 7698 4403 7729 4408 7729 4413 7729 4418 7729 4549 7708 4586 7734 4591 7734 4596 7734 4602 7740 4780 7740 4780 7734 4785 7734 4879 7687 4890 7687 5162 7729 5167 7729 5172 7729 5256 7693 5649 7687 5654 7640 5654 7405 5392 7405 5387 7405 5382 7405 5376 7405 5298 7467 5162 7441 5157 7441 5151 7441 5146 7441 5078 7488 4633 7452 4628 7452 4623 7452 4617 7452 4560 7483 3832 7483 3738 7431 3664 7389 3659 7389 3654 7389 3649 7389 3507 7431 3481 7441 3465 7436 3392 7389 3387 7389 3382 7389 3267 7389 3261 7389 3041 7420 3036 7420 3031 7420 3005 7441 2968 7467 2863 7441 2827 7436 2821 7436 2816 7436 2801 7441 2748 7467 2664 7447 2591 7426 2586 7426 2581 7426 2429 7431 2340 7379 2335 7379 2329 7379 2026 7379 2020 7379 2015 7379 1869 7452 1670 7457 1670 7609"/></Shape>
	    <String CONTENT="rit. Neq; enim illa ſpacio, aut motu ul¬"
                    HPOS="1670"
                    VPOS="7379"
                    WIDTH="3984"
                    HEIGHT="361"></String>
          </TextLine>

          
          
          <TextLine ID="eSc_line_2e3fc0b1"
                    TAGREFS="LT4184"
                    BASELINE="1659 7949 5654 7986" 
                    HPOS="1654"
                    VPOS="7708"
                    WIDTH="4000"
                    HEIGHT="377">
            <Shape><Polygon POINTS="1659 7949 1654 8007 1670 8022 1670 8027 1675 8027 1680 8027 1685 8027 2204 8007 2225 8007 2350 8059 2356 8059 2361 8059 2727 8017 2795 8012 3109 8012 3120 8027 3146 8048 3151 8048 3157 8048 3162 8048 3167 8048 3219 8027 3246 8017 3261 8027 3303 8064 3308 8064 3314 8064 3445 8069 3450 8069 3455 8069 3586 8038 3623 8027 3638 8038 3691 8069 3696 8069 3701 8069 4099 8075 4104 8075 4240 8048 4340 8033 4371 8054 4403 8075 4408 8075 4413 8075 4418 8075 4544 8059 4680 8038 4712 8059 4732 8080 4738 8080 4743 8080 4748 8085 4942 8085 4942 8080 4947 8080 4973 8069 5031 8038 5151 8064 5157 8064 5345 8038 5643 8080 5654 7986 5654 7813 5387 7808 5382 7802 5287 7766 5282 7766 5277 7766 5272 7766 5267 7766 5225 7797 5225 7802 4994 7802 4984 7792 4937 7755 4931 7755 4926 7755 4921 7755 4696 7787 4607 7797 4586 7781 4518 7729 4513 7729 4507 7729 4397 7729 4392 7729 4387 7729 4272 7776 4225 7797 3942 7797 3816 7761 3664 7724 3659 7724 3544 7724 3539 7724 3534 7724 3528 7724 3481 7755 3445 7776 3408 7750 3356 7719 3350 7719 3345 7719 3052 7719 3047 7719 3041 7719 3036 7719 3005 7740 2963 7771 2916 7740 2910 7734 2905 7734 2900 7734 2895 7734 2890 7734 2879 7740 2816 7766 2769 7734 2764 7729 2759 7729 2753 7729 2748 7729 2743 7729 2738 7729 2732 7734 2664 7776 2612 7750 2607 7750 2602 7750 2450 7776 2340 7724 2319 7713 2314 7713 1984 7708 1979 7708 1973 7708 1968 7708 1963 7713 1916 7750 1659 7708 1659 7949"/></Shape>
	    <String CONTENT="lo ſic à patre diſceſſit, quin ſemper tan¬"
                    HPOS="1654"
                    VPOS="7708"
                    WIDTH="4000"
                    HEIGHT="377"></String>
          </TextLine>

          
          
          <TextLine ID="eSc_line_eee357f3"
                    TAGREFS="LT4184"
                    BASELINE="1664 8279 5680 8331" 
                    HPOS="1659"
                    VPOS="8064"
                    WIDTH="4021"
                    HEIGHT="382">
            <Shape><Polygon POINTS="1664 8279 1659 8399 2031 8404 2036 8404 2041 8404 2052 8399 2209 8347 2455 8399 2528 8415 2534 8415 2539 8415 2544 8415 2565 8399 2638 8352 2748 8389 2753 8389 2759 8389 2958 8357 3047 8399 3052 8399 3057 8399 3062 8399 3151 8357 3219 8399 3261 8425 3267 8425 3272 8425 3277 8425 3403 8399 3544 8368 3617 8399 3623 8399 3628 8399 3633 8399 3638 8399 3643 8399 3685 8368 3984 8368 4062 8399 4151 8436 4157 8436 4162 8436 4403 8399 4502 8383 4534 8399 4570 8415 4575 8415 4581 8415 4701 8399 4827 8378 4853 8399 4905 8446 4910 8446 4916 8446 4921 8446 4926 8446 5026 8399 5057 8383 5099 8399 5214 8436 5219 8436 5225 8436 5230 8436 5366 8399 5376 8394 5382 8399 5434 8436 5439 8436 5445 8436 5450 8436 5675 8394 5680 8331 5675 8179 5502 8143 5497 8143 5167 8153 5083 8106 5078 8106 5073 8106 5068 8106 5062 8106 4958 8143 4832 8090 4827 8090 4586 8090 4581 8090 4575 8090 4418 8158 4141 8111 4026 8111 4020 8111 4015 8111 4010 8111 3952 8153 3837 8153 3706 8153 3701 8153 3623 8116 3617 8116 3612 8116 3434 8148 3424 8148 3418 8148 3230 8075 3225 8075 2895 8064 2633 8064 2628 8064 2623 8064 2518 8122 2376 8132 2371 8132 2366 8132 2157 8095 2151 8095 2146 8095 2141 8095 2099 8127 1664 8127 1664 8279"/></Shape>
	    <String CONTENT="quam indiuidua comes ei adhęreret."
                    HPOS="1659"
                    VPOS="8064"
                    WIDTH="4021"
                    HEIGHT="382"></String>
          </TextLine>

          
        </TextBlock>
        

        
      </PrintSpace>
    </Page>
  </Layout>
</alto>
