<?xml version="1.0" encoding="UTF-8"?>
<alto xmlns:xsi="http://www.w3.org/2001/XMLSchema-instance"
      xmlns="http://www.loc.gov/standards/alto/ns-v4#"
      xsi:schemaLocation="http://www.loc.gov/standards/alto/ns-v4# http://www.loc.gov/standards/alto/v4/alto-4-2.xsd">
  <Description>
    <MeasurementUnit>pixel</MeasurementUnit>
    <sourceImageInformation>
      <fileName>page_104.png</fileName>
      
    </sourceImageInformation>
  </Description>
  
  <Tags>
    <OtherTag ID="BT10643" LABEL="NumberingZone" DESCRIPTION="block type NumberingZone"/><OtherTag ID="BT10642" LABEL="DropCapitalZone" DESCRIPTION="block type DropCapitalZone"/><OtherTag ID="BT10641" LABEL="GraphicZone" DESCRIPTION="block type GraphicZone"/><OtherTag ID="BT10640" LABEL="QuireMarksZone" DESCRIPTION="block type QuireMarksZone"/><OtherTag ID="BT10639" LABEL="RunningTitleZone" DESCRIPTION="block type RunningTitleZone"/><OtherTag ID="BT10638" LABEL="MainZone" DESCRIPTION="block type MainZone"/><OtherTag ID="BT10637" LABEL="MarginTextZone" DESCRIPTION="block type MarginTextZone"/>
    <OtherTag ID="LT4185" LABEL="default" DESCRIPTION="line type default"/><OtherTag ID="LT4183" LABEL="HeadingLine" DESCRIPTION="line type HeadingLine"/><OtherTag ID="LT4182" LABEL="CustomLine : BiblicalText" DESCRIPTION="line type CustomLine : BiblicalText"/><OtherTag ID="LT4184" LABEL="DefaultLine" DESCRIPTION="line type DefaultLine"/>
  </Tags>
  
  <Layout>
    <Page WIDTH="6000"
          HEIGHT="9420"
          PHYSICAL_IMG_NR="6"
          ID="eSc_dummypage_">
      <PrintSpace HPOS="0"
                  VPOS="0"
                  WIDTH="6000"
                  HEIGHT="9420">
        
        <TextBlock HPOS="525.233"
                   VPOS="713.064"
                   WIDTH="2872.0870000000004"
                   HEIGHT="323.01599999999996"
                   ID="block_2"
                   TAGREFS="BT10639">
          <Shape><Polygon POINTS="525.233 713.064 3397.32 713.064 3397.32 1036.08 525.233 1036.08 525.233 713.064"/></Shape>
          
          
          <TextLine ID="eSc_line_2baa2f70"
                    TAGREFS="LT4183"
                    BASELINE="591 921 2649 952 3371 983" 
                    HPOS="586"
                    VPOS="711"
                    WIDTH="2785"
                    HEIGHT="340">
            <Shape><Polygon POINTS="3157 785 3120 785 3094 800 3073 785 3052 785 3000 785 2947 779 2905 779 2858 790 2842 779 2790 774 2738 774 2685 774 2633 769 2623 769 2602 785 2591 790 2549 779 2481 764 2476 764 2424 764 2371 764 2319 764 2267 758 2235 758 2198 769 2115 790 2078 764 2062 753 2057 753 2005 753 1952 748 1900 748 1895 748 1869 753 1858 748 1848 748 1795 743 1774 743 1769 748 1706 785 1586 785 1544 743 1544 737 1539 737 1534 737 1528 737 1523 737 1513 737 1376 779 1308 732 1303 727 1272 727 1219 727 1167 727 1099 737 1073 722 1062 722 1010 722 963 722 811 769 706 711 696 711 643 711 591 716 591 921 586 1010 701 1010 701 1004 706 1004 712 1004 712 999 753 957 827 999 832 999 837 999 842 999 848 999 895 962 1078 999 1083 999 1089 999 1094 999 1136 968 1282 968 1319 999 1319 1004 1324 1004 1329 1004 1335 1004 1340 1004 1408 973 1486 1004 1492 1004 1497 1004 1507 1004 1654 973 1706 1004 1712 1010 1717 1010 1722 1010 1727 1010 1732 1010 1738 1010 1743 1004 1790 978 1905 1004 1984 1020 1989 1020 1994 1020 2036 1004 2083 983 2204 1004 2335 1025 2340 1025 2345 1025 2429 1004 2492 989 2581 1004 2664 1015 2670 1015 2675 1015 2706 1004 2722 994 2732 1004 2790 1046 2795 1046 2801 1046 3209 1051 3214 1051 3219 1051 3366 999 3371 983 3371 816 3251 816 3240 811 3214 790 3209 790"/></Shape>
	    <String CONTENT="PAVLI AD EPHES."
                    HPOS="586"
                    VPOS="711"
                    WIDTH="2785"
                    HEIGHT="340"></String>
          </TextLine>

          
        </TextBlock>
        
        <TextBlock HPOS="3786.64"
                   VPOS="792.178"
                   WIDTH="456.30999999999995"
                   HEIGHT="317.36199999999997"
                   ID="block_0"
                   TAGREFS="BT10643">
          <Shape><Polygon POINTS="3786.64 792.178 4242.95 792.178 4242.95 1109.54 3786.64 1109.54 3786.64 792.178"/></Shape>
          
          
          <TextLine ID="eSc_line_d22120ef"
                    TAGREFS="LT4184"
                    BASELINE="3816 983 4193 994" 
                    HPOS="3811"
                    VPOS="800"
                    WIDTH="382"
                    HEIGHT="335">
            <Shape><Polygon POINTS="3816 983 3811 1046 4015 1130 4020 1130 4026 1135 4188 1135 4193 994 4193 811 3816 800 3816 983"/></Shape>
	    <String CONTENT="115"
                    HPOS="3811"
                    VPOS="800"
                    WIDTH="382"
                    HEIGHT="335"></String>
          </TextLine>

          
        </TextBlock>
        
        <TextBlock HPOS="107.623"
                   VPOS="1100.34"
                   WIDTH="4151.037"
                   HEIGHT="7054.97"
                   ID="block_3"
                   TAGREFS="BT10638">
          <Shape><Polygon POINTS="107.623 1100.34 4258.66 1100.34 4258.66 8155.31 107.623 8155.31 107.623 1100.34"/></Shape>
          
          
          <TextLine ID="eSc_line_4c590861"
                    TAGREFS="LT4184"
                    BASELINE="261 1297 4172 1413" 
                    HPOS="256"
                    VPOS="1083"
                    WIDTH="3916"
                    HEIGHT="450">
            <Shape><Polygon POINTS="261 1297 256 1386 324 1423 329 1423 471 1428 476 1428 481 1428 486 1428 518 1397 586 1428 591 1428 596 1428 602 1428 680 1402 769 1376 837 1407 900 1439 905 1439 1502 1460 1507 1460 1623 1439 1790 1407 1905 1439 1910 1439 1916 1439 1921 1439 1979 1413 2026 1454 2031 1454 2036 1454 2041 1454 2047 1454 2214 1418 2445 1449 2450 1449 2680 1433 2748 1481 2764 1496 2769 1496 2774 1496 2780 1496 2858 1486 3099 1449 3356 1481 3361 1481 3366 1481 3460 1454 3785 1460 3916 1528 3921 1528 3926 1528 4162 1533 4172 1413 4167 1208 3827 1229 3722 1193 3591 1146 3586 1146 3397 1140 3392 1140 3387 1140 3303 1182 3261 1208 3073 1208 3036 1172 2984 1130 2979 1130 2973 1130 2968 1130 2821 1161 2759 1119 2753 1119 2748 1119 2397 1109 2392 1109 2387 1109 2246 1151 2198 1167 2162 1151 2052 1099 2047 1099 2041 1099 1827 1140 1685 1167 1554 1146 1539 1130 1481 1083 1476 1083 1471 1083 1465 1083 1267 1125 1157 1146 261 1099 261 1297"/></Shape>
	    <String CONTENT="quęrũt, quã per Chriſtũ leſum. Ille nãq;"
                    HPOS="256"
                    VPOS="1083"
                    WIDTH="3916"
                    HEIGHT="450"></String>
          </TextLine>

          
          
          <TextLine ID="eSc_line_74c216b1"
                    TAGREFS="LT4184"
                    BASELINE="235 1627 4178 1732" 
                    HPOS="235"
                    VPOS="1454"
                    WIDTH="3943"
                    HEIGHT="361">
            <Shape><Polygon POINTS="235 1627 235 1706 612 1690 649 1716 659 1727 664 1727 670 1727 675 1727 680 1727 685 1727 696 1716 722 1700 780 1716 821 1732 827 1732 832 1732 910 1721 1005 1706 1115 1727 1214 1742 1219 1742 1554 1732 1790 1727 1863 1737 2005 1763 2010 1763 2293 1747 2387 1742 2434 1747 2596 1779 2602 1779 3214 1763 3303 1763 3308 1763 3382 1800 3387 1800 3392 1800 3397 1800 3513 1768 3523 1768 3539 1768 3785 1810 3790 1810 3795 1810 3910 1779 3994 1815 4000 1815 4005 1815 4172 1779 4178 1732 4178 1564 3303 1564 3267 1543 3230 1522 3225 1522 3219 1522 3214 1522 3146 1538 3089 1554 2732 1549 2649 1528 2413 1486 2408 1486 2162 1517 2089 1528 2073 1517 2015 1475 2010 1475 2005 1475 1821 1470 1816 1470 1811 1470 1696 1507 1670 1517 1481 1512 1476 1507 1429 1465 1424 1465 1418 1465 1413 1465 1240 1496 1183 1496 643 1496 602 1486 413 1454 408 1454 235 1475 235 1627"/></Shape>
	    <String CONTENT="unica corporis ſui oblatiõe in ara cru¬"
                    HPOS="235"
                    VPOS="1454"
                    WIDTH="3943"
                    HEIGHT="361"></String>
          </TextLine>

          
          
          <TextLine ID="eSc_line_7595dee8"
                    TAGREFS="LT4184"
                    BASELINE="225 1962 3225 2061 4209 2067" 
                    HPOS="219"
                    VPOS="1774"
                    WIDTH="3990"
                    HEIGHT="413">
            <Shape><Polygon POINTS="219 2014 298 2051 303 2051 308 2051 314 2051 387 2020 403 2014 418 2025 465 2046 471 2046 476 2046 706 2035 717 2035 790 2061 795 2061 801 2061 806 2061 879 2041 916 2030 931 2041 947 2056 952 2056 958 2056 963 2056 1094 2046 1204 2041 1256 2056 1450 2109 1455 2109 1685 2114 1691 2114 1696 2114 1701 2114 1764 2072 1780 2061 1947 2061 2015 2082 2036 2088 2041 2088 2047 2088 2104 2088 2298 2072 2329 2093 2382 2135 2387 2135 2392 2135 2486 2140 2492 2140 2654 2103 2748 2088 2937 2093 2968 2119 2984 2129 2989 2129 2994 2129 3000 2129 3005 2129 3031 2119 3062 2109 3094 2124 3172 2161 3178 2161 3183 2161 3188 2161 3267 2129 3319 2109 3392 2135 3513 2171 3518 2171 3738 2177 3743 2177 3748 2177 3753 2177 3790 2145 3827 2119 3874 2145 3879 2145 3884 2145 3890 2145 3973 2124 4010 2156 4041 2187 4047 2187 4052 2187 4057 2187 4204 2161 4209 2067 4209 1925 3884 1863 3879 1863 3617 1899 3581 1904 3481 1899 3172 1868 3167 1868 2795 1873 2581 1873 2565 1863 2534 1836 2528 1836 2523 1836 2518 1836 2418 1857 2376 1868 2340 1857 2235 1815 2230 1815 2225 1815 2073 1847 2036 1852 2020 1842 1947 1805 1942 1805 1696 1805 1691 1805 1685 1805 1607 1826 1560 1842 1544 1826 1518 1805 1513 1805 1507 1805 1303 1784 958 1774 952 1774 947 1774 858 1800 795 1821 612 1795 549 1784 544 1784 539 1784 523 1789 455 1810 408 1784 387 1774 382 1774 376 1774 371 1774 345 1784 287 1805 230 1779 225 1962 219 2014"/></Shape>
	    <String CONTENT="cis mactatus ꝓ omniũ peccatisin ipſum"
                    HPOS="219"
                    VPOS="1774"
                    WIDTH="3990"
                    HEIGHT="413"></String>
          </TextLine>

          
          
          <TextLine ID="eSc_line_2ad5cafa"
                    TAGREFS="LT4184"
                    BASELINE="214 2297 4162 2423" 
                    HPOS="209"
                    VPOS="2077"
                    WIDTH="3953"
                    HEIGHT="450">
            <Shape><Polygon POINTS="214 2297 209 2391 314 2407 319 2407 324 2407 350 2396 460 2355 581 2407 596 2412 602 2412 607 2412 612 2412 623 2407 701 2375 816 2412 863 2428 869 2428 874 2433 1000 2433 1000 2428 1005 2428 1020 2423 1104 2375 1193 2417 1198 2417 1204 2417 1209 2417 1287 2381 1361 2433 1376 2443 1382 2443 1387 2443 1528 2449 1534 2449 1596 2438 1848 2396 2303 2407 2350 2438 2356 2438 2361 2438 2366 2438 2492 2417 2544 2454 2549 2454 2554 2454 2560 2454 2565 2454 2659 2423 2869 2480 2884 2485 2890 2485 2895 2485 2900 2485 2910 2485 3041 2443 3146 2491 3167 2501 3172 2501 3340 2506 3345 2506 3397 2501 3664 2454 3842 2464 3910 2517 3916 2522 3921 2522 3926 2522 3931 2527 4157 2527 4162 2423 4162 2187 4026 2187 4020 2187 4015 2187 3884 2245 3785 2177 3780 2177 3774 2177 3675 2171 3376 2166 3371 2166 3366 2166 3350 2171 3267 2218 3219 2192 3214 2192 3209 2192 3020 2218 2858 2177 2853 2177 2848 2177 2842 2177 2743 2203 2691 2161 2675 2150 2670 2150 2664 2150 2523 2135 2518 2135 2513 2135 2450 2161 2361 2198 2261 2156 2183 2124 2178 2124 2026 2124 2020 2124 2015 2124 2010 2124 1979 2150 1942 2182 1853 2150 1832 2145 1827 2145 1821 2145 1816 2145 1801 2150 1738 2177 1638 2150 1633 2150 1628 2150 1125 2156 1104 2140 1047 2088 1041 2088 1036 2088 664 2077 659 2077 654 2077 560 2129 214 2129 214 2297"/></Shape>
	    <String CONTENT="credẽtibus, patri ſatisfecit:ut idẽ Paul."
                    HPOS="209"
                    VPOS="2077"
                    WIDTH="3953"
                    HEIGHT="450"></String>
          </TextLine>

          
          
          <TextLine ID="eSc_line_929a73d5"
                    TAGREFS="LT4184"
                    BASELINE="219 2637 2015 2679 3890 2742 4125 2768" 
                    HPOS="219"
                    VPOS="2412"
                    WIDTH="3906"
                    HEIGHT="424">
            <Shape><Polygon POINTS="219 2637 219 2700 308 2684 424 2710 554 2737 560 2737 565 2737 638 2716 696 2700 722 2721 738 2731 743 2731 748 2731 753 2731 759 2731 785 2721 821 2705 1015 2731 1089 2737 1094 2737 1125 2731 1256 2710 1366 2742 1439 2763 1445 2763 1450 2763 1455 2763 1460 2763 1481 2747 1523 2721 1743 2721 1780 2757 1795 2768 1795 2773 1801 2773 1806 2773 1811 2773 1816 2773 1821 2773 1842 2757 1863 2742 1921 2763 1979 2778 1984 2778 1989 2778 1994 2778 2036 2763 2125 2737 2261 2737 2308 2773 2319 2784 2324 2784 2329 2784 2335 2784 2408 2778 2628 2752 2811 2789 2879 2805 2884 2805 2937 2794 3062 2773 3460 2815 3591 2826 3596 2826 3685 2820 4036 2799 4109 2836 4125 2768 4125 2585 3717 2564 3591 2506 3586 2506 3581 2506 3324 2548 3240 2559 3130 2538 3041 2522 3036 2522 2968 2532 2890 2543 2848 2527 2806 2506 2801 2506 2795 2506 2790 2506 2785 2506 2764 2522 2727 2543 2685 2517 2617 2480 2612 2480 2607 2480 2460 2506 2267 2470 2261 2470 2256 2470 2193 2496 2146 2517 2104 2491 2099 2491 2094 2491 2089 2491 2062 2491 1801 2517 1633 2517 1528 2470 1497 2454 1492 2454 1387 2449 1382 2449 1376 2449 1371 2449 1356 2459 1293 2501 1183 2464 1178 2464 1172 2464 1167 2464 1162 2464 1125 2496 952 2464 947 2464 769 2485 696 2433 691 2423 685 2423 680 2423 219 2412 219 2637"/></Shape>
	    <String CONTENT="Hebræorum nono &amp; decimo teſtatur."
                    HPOS="219"
                    VPOS="2412"
                    WIDTH="3906"
                    HEIGHT="424"></String>
          </TextLine>

          
          
          <TextLine ID="eSc_line_5c8e3658"
                    TAGREFS="LT4182"
                    BASELINE="842 2962 2848 3003" 
                    HPOS="837"
                    VPOS="2778"
                    WIDTH="2011"
                    HEIGHT="288">
            <Shape><Polygon POINTS="837 3030 2837 3066 2848 3003 2848 2862 2617 2862 2602 2852 2544 2810 2539 2810 2534 2810 2429 2805 2424 2805 2418 2805 2413 2805 2371 2841 2361 2846 2350 2841 2298 2810 2293 2810 2287 2810 2282 2810 2277 2810 2277 2815 2256 2836 2240 2852 2151 2852 2109 2831 2036 2794 2031 2794 2026 2794 2020 2794 1926 2820 1853 2841 1696 2841 1670 2810 1649 2794 1649 2789 1643 2789 1638 2789 1633 2789 1628 2789 1623 2789 1596 2810 1554 2831 1476 2805 1424 2784 1418 2784 842 2778 842 2962"/></Shape>
	    <String CONTENT="Et dedit dona hominibus."
                    HPOS="837"
                    VPOS="2778"
                    WIDTH="2011"
                    HEIGHT="288"></String>
          </TextLine>

          
          
          <TextLine ID="eSc_line_ca45a253"
                    TAGREFS="LT4184"
                    BASELINE="209 3291 4151 3380" 
                    HPOS="204"
                    VPOS="3040"
                    WIDTH="3947"
                    HEIGHT="434">
            <Shape><Polygon POINTS="209 3291 204 3333 434 3396 439 3396 445 3396 649 3359 790 3385 795 3385 801 3385 869 3354 968 3385 973 3385 979 3385 984 3385 1052 3365 1157 3396 1162 3396 1167 3396 1366 3365 1806 3370 1853 3412 1858 3412 1863 3412 2068 3433 2073 3438 2183 3438 2183 3433 2188 3433 2193 3433 2256 3385 2340 3438 2345 3438 2350 3438 2356 3438 2607 3406 2659 3443 2664 3443 2670 3443 2675 3443 2879 3417 3078 3454 3083 3454 3089 3454 3178 3406 3486 3464 3492 3464 3497 3464 3502 3464 3565 3422 3916 3474 3921 3474 4146 3422 4151 3380 4151 3213 3910 3208 3900 3197 3801 3124 3795 3124 3790 3124 3701 3119 3696 3119 3691 3119 3554 3166 3476 3113 3471 3113 3465 3113 3460 3113 3455 3113 3450 3113 3350 3176 3314 3192 3010 3192 2753 3150 2743 3150 2738 3150 2732 3150 2549 3176 2403 3140 2397 3140 2392 3140 2387 3140 2340 3166 2298 3129 2251 3087 2246 3087 2240 3087 2235 3087 2230 3087 2141 3124 2041 3166 1931 3166 1863 3108 1827 3077 1821 3077 1816 3077 1643 3077 1638 3077 1633 3077 1586 3098 1465 3150 1319 3145 1183 3082 1136 3061 1130 3061 968 3061 963 3061 958 3061 952 3061 942 3071 916 3092 827 3066 795 3056 790 3056 785 3056 748 3061 544 3108 460 3051 460 3045 455 3045 450 3045 209 3040 209 3291"/></Shape>
	    <String CONTENT="Quaſi diceret Propheta, tametſi Chri¬"
                    HPOS="204"
                    VPOS="3040"
                    WIDTH="3947"
                    HEIGHT="434"></String>
          </TextLine>

          
          
          <TextLine ID="eSc_line_0385a153"
                    TAGREFS="LT4184"
                    BASELINE="183 3621 4151 3720" 
                    HPOS="178"
                    VPOS="3391"
                    WIDTH="3973"
                    HEIGHT="413">
            <Shape><Polygon POINTS="183 3621 178 3715 418 3726 424 3726 429 3726 445 3720 602 3684 926 3731 1015 3741 1020 3741 1068 3731 1225 3699 1471 3741 1554 3752 1560 3752 1633 3741 1821 3715 1968 3747 2057 3768 2062 3768 2219 3752 2445 3731 2607 3757 2743 3783 2748 3783 2753 3783 2816 3762 2853 3752 2895 3762 2963 3788 2968 3788 2973 3788 2979 3788 3031 3768 3083 3747 3146 3768 3214 3794 3219 3794 3225 3794 3230 3794 3277 3773 3293 3762 3706 3768 3722 3778 3764 3804 3769 3804 3774 3804 3780 3804 4146 3783 4151 3720 4151 3563 3748 3558 3722 3542 3659 3501 3654 3501 3649 3501 3643 3501 3638 3501 3575 3532 3486 3474 3481 3474 3476 3474 3471 3474 3465 3474 3366 3527 3329 3527 2910 3532 2874 3506 2863 3495 2858 3495 2853 3495 2848 3495 2842 3495 2821 3501 2764 3527 2706 3501 2623 3454 2617 3454 2612 3454 2356 3485 2183 3501 1968 3480 1952 3464 1916 3438 1910 3438 1905 3438 1643 3427 1638 3427 1523 3448 1282 3490 879 3454 874 3454 612 3474 575 3448 570 3448 565 3448 560 3448 455 3459 382 3396 376 3396 371 3396 188 3391 183 3621"/></Shape>
	    <String CONTENT="ſtus corporali ſua præſentia eccleliam"
                    HPOS="178"
                    VPOS="3391"
                    WIDTH="3973"
                    HEIGHT="413"></String>
          </TextLine>

          
          
          <TextLine ID="eSc_line_488eb861"
                    TAGREFS="LT4184"
                    BASELINE="178 3951 4157 4055" 
                    HPOS="178"
                    VPOS="3741"
                    WIDTH="3979"
                    HEIGHT="429">
            <Shape><Polygon POINTS="178 3951 178 4019 492 4008 539 4034 596 4061 602 4061 607 4061 738 4040 821 4024 890 4045 984 4071 989 4071 994 4071 1000 4071 1062 4050 1120 4029 1361 4029 1424 4061 1528 4102 1534 4102 1539 4102 1544 4102 1628 4066 1654 4055 1937 4071 2078 4082 2083 4082 2115 4076 2267 4055 2356 4087 2361 4087 2366 4087 2371 4087 2397 4087 2722 4066 2816 4097 2827 4102 2832 4102 2837 4102 2842 4102 2853 4102 2942 4076 2984 4102 3010 4123 3015 4123 3020 4123 3026 4123 3031 4123 3036 4123 3062 4108 3089 4092 3167 4108 3361 4155 4083 4170 4089 4170 4094 4170 4151 4139 4157 4055 4157 3898 3413 3883 3397 3872 3308 3815 3303 3815 3298 3815 3293 3815 3026 3862 2979 3867 2947 3856 2780 3799 2774 3799 2769 3799 2314 3836 2193 3846 2057 3830 1937 3815 1931 3815 1738 3820 1534 3825 1502 3815 1387 3762 1382 3762 1214 3762 1209 3762 1204 3762 1109 3799 1083 3809 1068 3799 1020 3768 1015 3768 1010 3768 1005 3768 1000 3768 916 3794 869 3809 827 3788 727 3747 722 3747 717 3747 712 3747 581 3783 560 3788 554 3783 507 3741 502 3741 497 3741 492 3741 178 3768 178 3951"/></Shape>
	    <String CONTENT="relicturus ſit, tamen eam haud quaquã"
                    HPOS="178"
                    VPOS="3741"
                    WIDTH="3979"
                    HEIGHT="429"></String>
          </TextLine>

          
          
          <TextLine ID="eSc_line_58c07779"
                    TAGREFS="LT4184"
                    BASELINE="157 4286 4141 4390" 
                    HPOS="151"
                    VPOS="4082"
                    WIDTH="3990"
                    HEIGHT="402">
            <Shape><Polygon POINTS="157 4286 151 4343 591 4375 596 4375 602 4375 664 4359 685 4354 717 4359 848 4385 853 4385 858 4385 895 4364 931 4396 937 4396 942 4396 947 4396 952 4396 1036 4364 1052 4364 1120 4369 1492 4401 1497 4401 1743 4385 1942 4437 1947 4437 1952 4437 2193 4411 2424 4432 2429 4432 2434 4432 2523 4401 2575 4448 2575 4453 2581 4453 2586 4453 2968 4458 2973 4458 2979 4458 3041 4427 3136 4458 3141 4458 3146 4458 3261 4437 3345 4474 3350 4474 3356 4474 3361 4474 3366 4474 3408 4443 3774 4443 4020 4484 4026 4484 4031 4484 4136 4437 4141 4390 4141 4244 3832 4233 3675 4165 3670 4165 3664 4165 3115 4212 3109 4212 3089 4212 2848 4202 2759 4144 2753 4144 2748 4144 2623 4139 2617 4139 2612 4139 2507 4197 2502 4197 2350 4197 2010 4186 1963 4144 1958 4144 1952 4144 1947 4144 1753 4170 1680 4113 1675 4113 1670 4113 1518 4113 1513 4113 1507 4113 1371 4160 1314 4118 1308 4118 1303 4118 1298 4118 968 4129 801 4092 795 4092 790 4092 659 4123 528 4082 523 4082 518 4082 157 4134 157 4286"/></Shape>
	    <String CONTENT="indotatam relinquet. Spirituali nan¬"
                    HPOS="151"
                    VPOS="4082"
                    WIDTH="3990"
                    HEIGHT="402"></String>
          </TextLine>

          
          
          <TextLine ID="eSc_line_15ca681c"
                    TAGREFS="LT4184"
                    BASELINE="167 4621 4136 4725" 
                    HPOS="162"
                    VPOS="4406"
                    WIDTH="3974"
                    HEIGHT="413">
            <Shape><Polygon POINTS="167 4621 162 4715 376 4741 382 4741 387 4741 392 4741 413 4725 455 4694 560 4694 863 4699 916 4736 952 4762 958 4762 963 4762 1293 4767 1298 4767 1303 4767 1308 4767 1345 4746 1392 4720 1523 4720 1554 4746 1586 4772 1586 4778 1591 4778 1596 4778 1602 4778 1764 4751 1916 4730 2047 4730 2104 4762 2167 4793 2172 4793 2518 4798 2523 4798 2528 4798 2534 4798 2570 4772 2591 4757 2785 4757 2853 4778 2937 4804 2942 4804 2947 4804 3047 4783 3078 4778 3141 4783 3382 4814 3387 4814 3392 4814 3397 4814 3434 4793 3465 4772 3523 4793 3554 4804 3560 4804 3565 4804 3570 4804 3596 4793 3643 4778 3680 4798 3722 4819 3727 4819 3732 4819 3738 4819 3795 4798 3848 4783 4125 4804 4136 4725 4136 4558 3549 4553 3523 4542 3350 4474 3345 4474 3340 4474 3120 4479 3115 4479 3000 4521 2979 4532 2958 4521 2853 4464 2848 4464 2842 4464 2612 4511 2554 4521 2492 4505 2445 4495 2439 4495 2434 4495 2429 4495 2413 4505 2392 4516 2376 4500 2303 4448 2298 4448 2293 4448 2073 4448 2068 4448 2062 4448 1984 4490 1952 4505 1581 4500 1554 4474 1497 4427 1492 4427 1486 4427 1340 4422 1335 4422 1329 4422 1324 4422 1251 4464 1219 4484 1141 4464 1125 4458 1120 4458 1115 4458 1073 4458 879 4474 842 4453 774 4406 769 4406 764 4406 759 4406 591 4443 539 4453 465 4437 314 4411 308 4411 167 4427 167 4621"/></Shape>
	    <String CONTENT="que ſua pręſentia illi præſentiſſimus e¬"
                    HPOS="162"
                    VPOS="4406"
                    WIDTH="3974"
                    HEIGHT="413"></String>
          </TextLine>

          
          
          <TextLine ID="eSc_line_17ee0047"
                    TAGREFS="LT4184"
                    BASELINE="141 4955 4115 5071" 
                    HPOS="136"
                    VPOS="4751"
                    WIDTH="3979"
                    HEIGHT="398">
            <Shape><Polygon POINTS="141 4955 136 5003 183 5034 188 5034 193 5034 198 5034 204 5034 314 5003 492 5060 497 5060 502 5060 507 5060 612 5018 675 5065 680 5065 685 5065 691 5065 696 5065 827 5029 1219 5029 1575 5044 1643 5092 1649 5092 1654 5092 1963 5102 1968 5102 1973 5102 1979 5102 2026 5071 2120 5107 2125 5107 2130 5107 2287 5071 2335 5102 2340 5102 2345 5102 2350 5102 2356 5102 2361 5102 2413 5065 2607 5118 2612 5118 2874 5123 2879 5123 2884 5123 3026 5086 3094 5133 3099 5133 3104 5133 3109 5133 3282 5102 4020 5149 4026 5149 4031 5149 4109 5107 4115 5071 4115 4908 3570 4846 3565 4846 3403 4882 3319 4840 3314 4840 3308 4840 3303 4840 3230 4877 3083 4877 3036 4835 3031 4835 3026 4835 3020 4835 3015 4835 3010 4835 2952 4867 2706 4867 2649 4819 2643 4819 2638 4819 2261 4814 2256 4814 2251 4814 2125 4846 1952 4809 1947 4809 1596 4830 1062 4819 1005 4783 1000 4783 994 4783 989 4783 863 4809 685 4762 680 4762 675 4762 507 4798 256 4751 251 4751 246 4751 141 4783 141 4955"/></Shape>
	    <String CONTENT="rit, dum omni genere donorum illam"
                    HPOS="136"
                    VPOS="4751"
                    WIDTH="3979"
                    HEIGHT="398"></String>
          </TextLine>

          
          
          <TextLine ID="eSc_line_4714cf8e"
                    TAGREFS="LT4184"
                    BASELINE="141 5296 4115 5406" 
                    HPOS="136"
                    VPOS="5060"
                    WIDTH="3979"
                    HEIGHT="424">
            <Shape><Polygon POINTS="141 5296 136 5332 560 5390 565 5390 570 5390 575 5390 638 5353 821 5353 869 5390 874 5390 879 5390 884 5390 1188 5369 1298 5411 1303 5411 1308 5411 1314 5411 1371 5379 1403 5406 1408 5406 1413 5406 1418 5406 1607 5379 1691 5411 1696 5411 1701 5411 2293 5400 2471 5447 2476 5447 2481 5447 2806 5421 2905 5458 2910 5458 2916 5458 3104 5432 3157 5468 3162 5468 3167 5468 3172 5468 3178 5468 3277 5442 3356 5474 3361 5474 3732 5484 3738 5484 4109 5442 4115 5406 4115 5233 3743 5154 3738 5154 3732 5154 3727 5154 3649 5212 3638 5222 3565 5222 3282 5212 3261 5196 3130 5139 3125 5139 3120 5139 3115 5139 3015 5191 3010 5191 2811 5196 2780 5181 2696 5128 2691 5128 2685 5128 2680 5128 2675 5128 2549 5160 2445 5123 2439 5123 2434 5123 2429 5123 2424 5123 2361 5165 2329 5186 2235 5186 2172 5154 2047 5107 2041 5107 2036 5107 2031 5107 1926 5149 1858 5170 1680 5170 1623 5133 1586 5112 1581 5112 1575 5112 1570 5112 1565 5112 1528 5133 1518 5139 1513 5133 1471 5097 1471 5092 1465 5092 1460 5092 1455 5092 1450 5092 1361 5112 1031 5081 1026 5081 1020 5081 931 5107 842 5139 774 5102 712 5071 706 5071 701 5071 696 5071 617 5097 549 5118 455 5092 345 5060 340 5060 335 5060 141 5076 141 5296"/></Shape>
	    <String CONTENT="dotabit. Heîc rurſus obſeruabis quàm"
                    HPOS="136"
                    VPOS="5060"
                    WIDTH="3979"
                    HEIGHT="424"></String>
          </TextLine>

          
          
          <TextLine ID="eSc_line_10fac046"
                    TAGREFS="LT4184"
                    BASELINE="130 5615 4130 5740" 
                    HPOS="125"
                    VPOS="5406"
                    WIDTH="4005"
                    HEIGHT="434">
            <Shape><Polygon POINTS="130 5615 125 5667 287 5735 293 5735 633 5740 638 5740 643 5740 649 5740 712 5693 785 5693 811 5714 811 5720 816 5720 821 5720 827 5720 931 5699 973 5730 973 5735 979 5735 984 5735 989 5735 1335 5725 1476 5772 1481 5772 1486 5772 1492 5772 1685 5725 1910 5756 1916 5756 2120 5735 2287 5798 2293 5798 2298 5798 2303 5798 2408 5761 2628 5809 2633 5809 2863 5767 3136 5798 3141 5798 3146 5798 3251 5772 3486 5814 3492 5814 3732 5803 3811 5840 3816 5840 3821 5840 4125 5793 4130 5740 4120 5547 4026 5578 3670 5578 3602 5542 3596 5542 3591 5542 3476 5557 3397 5526 3335 5500 3329 5500 3324 5500 3198 5521 3005 5552 2879 5542 2848 5510 2821 5489 2821 5484 2816 5484 2811 5484 2806 5484 2801 5484 2712 5505 2628 5526 2518 5500 2481 5495 2476 5495 2471 5495 2455 5500 2345 5531 1884 5521 1832 5484 1795 5453 1790 5453 1785 5453 1780 5453 1664 5479 1544 5505 1502 5474 1465 5442 1460 5442 1455 5442 1052 5432 1047 5432 858 5453 664 5479 460 5474 403 5442 335 5406 329 5406 324 5406 130 5432 130 5615"/></Shape>
	    <String CONTENT="elegãter Dauid in metaphora à trium"
                    HPOS="125"
                    VPOS="5406"
                    WIDTH="4005"
                    HEIGHT="434"></String>
          </TextLine>

          
          
          <TextLine ID="eSc_line_a71ca751"
                    TAGREFS="LT4184"
                    BASELINE="130 5960 3073 6060 4104 6070" 
                    HPOS="125"
                    VPOS="5740"
                    WIDTH="3979"
                    HEIGHT="445">
            <Shape><Polygon POINTS="130 5960 125 6070 575 6028 748 6075 753 6075 759 6075 984 6054 1041 6091 1047 6091 1052 6091 1057 6091 1350 6054 1408 6096 1413 6096 1418 6096 1424 6096 1429 6096 1534 6060 1581 6102 1581 6107 1586 6107 1591 6107 1753 6128 1759 6133 1858 6133 1858 6128 1863 6128 1869 6128 1895 6112 1952 6075 2031 6112 2083 6138 2089 6138 2094 6138 2319 6117 2560 6096 2596 6123 2602 6123 2607 6123 2612 6123 2659 6123 3198 6123 3219 6133 3267 6175 3272 6175 3277 6175 3602 6185 3607 6185 3612 6185 3617 6185 3670 6143 3685 6133 4094 6149 4104 6070 4104 5913 4000 5882 3994 5882 3989 5882 3633 5897 3554 5840 3549 5840 3544 5840 3429 5835 3424 5835 3115 5887 3104 5887 3094 5887 3005 5861 3000 5861 2994 5861 2706 5871 2602 5809 2596 5809 2591 5809 2586 5809 2272 5861 2256 5861 2230 5861 1921 5824 1916 5824 1612 5840 1591 5840 1586 5840 1429 5772 1424 5772 1209 5767 1204 5767 1198 5767 1193 5767 1125 5819 979 5761 973 5761 753 5756 748 5756 743 5756 638 5803 408 5740 403 5740 397 5740 130 5793 130 5960"/></Shape>
	    <String CONTENT="phantibus ſumpta perſeueret. Quem¬"
                    HPOS="125"
                    VPOS="5740"
                    WIDTH="3979"
                    HEIGHT="445"></String>
          </TextLine>

          
          
          <TextLine ID="eSc_line_5939b237"
                    TAGREFS="LT4184"
                    BASELINE="120 6290 4125 6416" 
                    HPOS="115"
                    VPOS="6075"
                    WIDTH="4010"
                    HEIGHT="435">
            <Shape><Polygon POINTS="120 6290 115 6337 581 6353 628 6389 633 6389 638 6389 643 6389 937 6368 1099 6410 1104 6410 1109 6410 1293 6384 1450 6437 1455 6437 1460 6437 1465 6437 1554 6400 1790 6447 1795 6447 2041 6421 2450 6468 2455 6468 2460 6468 2560 6421 2633 6447 2638 6447 2643 6447 3109 6447 3193 6489 3198 6489 3204 6494 3204 6489 3209 6489 3287 6447 3429 6447 3675 6505 3680 6510 3806 6510 3806 6505 3811 6505 3900 6463 4041 6499 4047 6499 4052 6499 4057 6499 4120 6463 4125 6416 4125 6248 3989 6191 3984 6191 3979 6191 3973 6191 3832 6243 3738 6243 3675 6243 3549 6238 3549 6232 3486 6180 3481 6180 3476 6180 3471 6180 3465 6180 3345 6227 3340 6227 3167 6164 3162 6164 3041 6164 3036 6164 3031 6164 3026 6164 2958 6211 2848 6180 2842 6180 2837 6180 2832 6180 2827 6180 2780 6206 2591 6206 2350 6201 2350 6196 2282 6138 2277 6138 2272 6138 2162 6133 2000 6133 1994 6133 1989 6133 1984 6133 1921 6180 1748 6154 1743 6154 1534 6170 1528 6170 1492 6138 1486 6138 1481 6138 1476 6138 1340 6164 1335 6164 1324 6164 1000 6096 994 6096 507 6128 418 6081 413 6081 261 6075 256 6075 251 6075 120 6123 120 6290"/></Shape>
	    <String CONTENT="admodum nanq; illi parta uictoria, &amp;"
                    HPOS="115"
                    VPOS="6075"
                    WIDTH="4010"
                    HEIGHT="435"></String>
          </TextLine>

          
          
          <TextLine ID="eSc_line_f678c946"
                    TAGREFS="LT4184"
                    BASELINE="115 6625 2884 6724 4089 6740" 
                    HPOS="109"
                    VPOS="6405"
                    WIDTH="3980"
                    HEIGHT="450">
            <Shape><Polygon POINTS="115 6625 109 6672 575 6688 722 6730 727 6730 732 6730 738 6730 743 6730 774 6709 1000 6766 1005 6766 1167 6771 1172 6771 1178 6771 1293 6719 1570 6751 1575 6751 1581 6751 1633 6730 1685 6766 1691 6766 1696 6766 1701 6766 1706 6766 1806 6730 1958 6771 1963 6771 1968 6771 1973 6771 2089 6745 2356 6798 2361 6798 2366 6798 2434 6761 2685 6808 2691 6808 2696 6808 2827 6766 2947 6829 2952 6829 2958 6829 3387 6792 3591 6850 3596 6850 3884 6855 3890 6855 3895 6855 4083 6798 4089 6740 4089 6594 3900 6588 3895 6583 3780 6515 3774 6515 3769 6515 3764 6515 3481 6573 3476 6573 3471 6573 3397 6505 3392 6505 3387 6505 3115 6494 2821 6489 2816 6489 2811 6489 2691 6546 2403 6541 2397 6536 2293 6468 2287 6468 2282 6468 2277 6468 2026 6525 2020 6525 1497 6515 1486 6510 1267 6437 1261 6437 1256 6437 890 6489 691 6421 685 6421 680 6421 675 6421 670 6421 591 6468 497 6468 366 6405 361 6405 356 6405 115 6463 115 6625"/></Shape>
	    <String CONTENT="acto triũpho uariis donis &amp; ſpoliis ho¬"
                    HPOS="109"
                    VPOS="6405"
                    WIDTH="3980"
                    HEIGHT="450"></String>
          </TextLine>

          
          
          <TextLine ID="eSc_line_79b59695"
                    TAGREFS="LT4184"
                    BASELINE="104 6960 2926 7065 4094 7080" 
                    HPOS="99"
                    VPOS="6751"
                    WIDTH="4000"
                    HEIGHT="465">
            <Shape><Polygon POINTS="104 6960 99 7012 397 7049 403 7049 832 7044 895 7044 905 7044 1130 7122 1136 7122 1141 7122 1146 7122 1371 7065 1387 7059 1392 7065 1497 7133 1502 7133 1507 7133 1602 7138 2005 7148 2010 7148 2015 7148 2141 7112 2209 7159 2214 7159 2219 7159 2403 7164 2408 7164 2413 7164 2596 7106 2623 7101 2664 7112 2717 7127 2722 7127 2727 7127 2732 7127 2764 7117 2785 7106 2801 7117 2842 7143 2848 7143 2853 7143 2858 7143 3141 7127 3303 7122 3329 7138 3350 7153 3356 7153 3361 7153 3366 7153 3544 7143 3685 7138 3706 7148 3785 7211 3790 7211 3795 7211 3942 7216 3947 7216 3952 7216 4089 7164 4094 7080 4099 6881 3869 6866 3863 6866 3858 6866 3853 6866 3848 6871 3780 6918 3753 6892 3748 6892 3743 6892 3738 6892 3486 6918 3403 6881 3397 6881 3392 6881 3057 6892 2994 6845 2984 6834 2979 6834 2973 6834 2968 6834 2874 6839 2392 6881 2020 6871 1916 6824 1910 6824 1905 6824 1900 6824 1801 6860 1774 6839 1774 6834 1769 6834 1764 6834 1759 6834 1465 6850 1298 6798 1293 6798 1287 6798 1089 6834 916 6782 910 6782 905 6782 727 6824 518 6766 460 6751 455 6751 450 6751 109 6751 104 6960"/></Shape>
	    <String CONTENT="ſtibus ereptis propinquos &amp;amicos ſu"
                    HPOS="99"
                    VPOS="6751"
                    WIDTH="4000"
                    HEIGHT="465"></String>
          </TextLine>

          
          
          <TextLine ID="eSc_line_e5545ed3"
                    TAGREFS="LT4184"
                    BASELINE="99 7295 2942 7399 4099 7415" 
                    HPOS="94"
                    VPOS="7075"
                    WIDTH="4005"
                    HEIGHT="429">
            <Shape><Polygon POINTS="99 7295 94 7342 958 7368 1005 7384 1167 7415 1382 7420 1387 7420 1392 7420 1397 7420 1429 7399 1439 7394 1549 7405 1958 7441 1963 7441 1968 7441 2020 7420 2057 7410 2083 7426 2125 7447 2130 7447 2136 7452 2685 7452 3198 7452 3356 7478 3408 7483 3413 7483 3418 7483 3424 7483 3429 7478 3450 7462 3476 7483 3492 7494 3497 7494 3502 7494 3507 7494 3675 7488 3994 7478 4083 7504 4099 7415 4099 7263 3890 7258 3884 7253 3795 7185 3790 7185 3785 7185 3691 7180 3685 7180 3523 7185 3518 7185 3392 7237 3387 7237 2654 7216 2654 7211 2575 7143 2570 7143 2565 7143 2439 7138 2434 7138 2429 7138 2293 7174 2136 7127 2130 7127 2125 7127 1821 7148 1759 7117 1753 7117 1748 7117 1743 7117 1591 7164 1507 7106 1502 7106 1497 7106 1319 7101 1314 7101 1308 7101 1178 7159 1005 7122 1000 7122 785 7148 769 7148 748 7148 581 7127 528 7080 528 7075 523 7075 518 7075 513 7075 507 7075 382 7133 329 7133 314 7133 308 7133 261 7091 256 7091 251 7091 246 7091 104 7122 99 7295"/></Shape>
	    <String CONTENT="os ornant: Sic &amp; Chriſtus parta uicto¬"
                    HPOS="94"
                    VPOS="7075"
                    WIDTH="4005"
                    HEIGHT="429"></String>
          </TextLine>

          
          
          <TextLine ID="eSc_line_89130b83"
                    TAGREFS="LT4184"
                    BASELINE="94 7630 4094 7761" 
                    HPOS="89"
                    VPOS="7410"
                    WIDTH="4005"
                    HEIGHT="445">
            <Shape><Polygon POINTS="94 7630 89 7677 287 7713 293 7713 298 7713 376 7693 382 7693 434 7740 439 7740 445 7740 450 7740 455 7740 560 7698 570 7698 602 7703 895 7755 900 7755 905 7755 984 7729 1036 7761 1041 7761 1047 7761 1052 7761 1235 7734 1371 7771 1376 7771 1382 7771 1675 7750 1837 7740 2052 7766 2214 7787 2219 7787 2340 7781 2544 7766 2643 7792 2680 7802 2685 7802 2691 7802 2696 7802 2712 7797 2769 7771 2811 7802 2837 7818 2842 7818 2848 7818 2853 7818 2942 7808 3094 7781 3141 7813 3157 7829 3162 7829 3167 7829 3287 7834 3293 7834 3455 7829 3879 7813 4083 7855 4094 7761 4094 7604 3696 7593 3680 7583 3628 7556 3623 7556 3617 7556 3230 7567 3146 7567 3136 7562 3047 7499 3041 7499 3036 7499 3031 7499 3026 7499 2827 7551 2811 7556 2612 7556 2403 7551 2371 7530 2246 7473 2240 7473 2235 7473 2089 7499 1926 7462 1476 7452 1471 7452 1465 7452 1366 7494 1324 7509 937 7499 842 7473 649 7420 643 7420 481 7415 476 7415 471 7415 387 7452 366 7462 319 7452 162 7410 157 7410 151 7410 146 7410 99 7431 94 7630"/></Shape>
	    <String CONTENT="ria, &amp; triumpho de ſatana acto, amicis"
                    HPOS="89"
                    VPOS="7410"
                    WIDTH="4005"
                    HEIGHT="445"></String>
          </TextLine>

          
          
          <TextLine ID="eSc_line_d708947f"
                    TAGREFS="LT4184"
                    BASELINE="89 7970 3303 8085 4083 8090" 
                    HPOS="83"
                    VPOS="7734"
                    WIDTH="4000"
                    HEIGHT="508">
            <Shape><Polygon POINTS="83 8111 314 8127 319 8127 324 8127 340 8116 392 8090 450 8122 476 8132 481 8132 712 8137 717 8137 722 8137 727 8137 743 8127 811 8080 1162 8085 1225 8137 1256 8158 1261 8158 1267 8158 1785 8179 1790 8179 2094 8169 2099 8169 2136 8153 2188 8127 2392 8127 2445 8158 2502 8184 2507 8184 2513 8184 2518 8184 2565 8158 2602 8143 2743 8164 2795 8169 2801 8169 2806 8169 2811 8169 2816 8164 2837 8148 2863 8164 2921 8205 2926 8205 2931 8205 2937 8205 3094 8184 3267 8226 3272 8226 3277 8226 3282 8226 3287 8226 3361 8179 3413 8221 3418 8221 3424 8221 3623 8242 3628 8242 3633 8242 3811 8184 4073 8184 4083 8090 4083 7938 3790 7933 3774 7923 3670 7876 3664 7876 3659 7876 3654 7876 3565 7918 3554 7918 3403 7918 3392 7907 3314 7839 3308 7839 3303 7839 3298 7839 3057 7897 3020 7902 2989 7891 2821 7823 2816 7823 2811 7823 2806 7823 2612 7876 2570 7886 2151 7876 2130 7855 2068 7802 2062 7802 2057 7802 1942 7792 1937 7792 1717 7839 1643 7855 1445 7850 1413 7829 1324 7771 1319 7771 1314 7771 1167 7771 1162 7771 1157 7771 1151 7771 1094 7813 1068 7834 931 7818 921 7808 853 7755 848 7755 842 7755 570 7750 565 7750 560 7750 460 7792 418 7808 371 7787 267 7734 261 7734 256 7734 94 7771 89 7970"/></Shape>
	    <String CONTENT="ſuis, hoc eſt, in ipſum credentibus, ua¬"
                    HPOS="83"
                    VPOS="7734"
                    WIDTH="4000"
                    HEIGHT="508"></String>
          </TextLine>

          
        </TextBlock>
        
        <TextBlock HPOS="2390.39"
                   VPOS="8184.67"
                   WIDTH="1786.1"
                   HEIGHT="359.8700000000008"
                   ID="block_1"
                   TAGREFS="BT10640">
          <Shape><Polygon POINTS="2390.39 8184.67 4176.49 8184.67 4176.49 8544.54 2390.39 8544.54 2390.39 8184.67"/></Shape>
          
          
          <TextLine ID="eSc_line_48249c6c"
                    TAGREFS="LT4184"
                    BASELINE="2539 8394 2842 8399" 
                    HPOS="2534"
                    VPOS="8137"
                    WIDTH="308"
                    HEIGHT="367">
            <Shape><Polygon POINTS="2534 8498 2628 8504 2633 8504 2638 8504 2837 8425 2842 8399 2842 8190 2706 8137 2701 8137 2696 8137 2691 8137 2643 8158 2628 8164 2544 8143 2539 8394 2534 8498"/></Shape>
	    <String CONTENT="H"
                    HPOS="2534"
                    VPOS="8137"
                    WIDTH="308"
                    HEIGHT="367"></String>
          </TextLine>

          
          
          <TextLine ID="eSc_line_ddb82524"
                    TAGREFS="LT4184"
                    BASELINE="3074 8403 3106 8403 3158 8403 3190 8403 3201 8414 3264 8414 3264 8424 3306 8424" 
                    HPOS="3062"
                    VPOS="8187"
                    WIDTH="236"
                    HEIGHT="306">
            <Shape><Polygon POINTS="3290 8187 3227 8187 3149 8187 3070 8187 3070 8399 3062 8493 3290 8478 3298 8423 3290 8187 3290 8187"/></Shape>
	    <String CONTENT="2"
                    HPOS="3062"
                    VPOS="8187"
                    WIDTH="236"
                    HEIGHT="306"></String>
          </TextLine>

          
          
          <TextLine ID="eSc_line_b9db340b"
                    TAGREFS="LT4184"
                    BASELINE="3753 8436 4109 8446" 
                    HPOS="3748"
                    VPOS="8263"
                    WIDTH="361"
                    HEIGHT="277">
            <Shape><Polygon POINTS="3753 8436 3748 8504 4099 8540 4109 8446 4104 8263 3753 8273 3753 8436"/></Shape>
	    <String CONTENT="ria"
                    HPOS="3748"
                    VPOS="8263"
                    WIDTH="361"
                    HEIGHT="277"></String>
          </TextLine>

          
        </TextBlock>
        

        
      </PrintSpace>
    </Page>
  </Layout>
</alto>
