<?xml version="1.0" encoding="UTF-8"?>
<alto xmlns:xsi="http://www.w3.org/2001/XMLSchema-instance"
      xmlns="http://www.loc.gov/standards/alto/ns-v4#"
      xsi:schemaLocation="http://www.loc.gov/standards/alto/ns-v4# http://www.loc.gov/standards/alto/v4/alto-4-2.xsd">
  <Description>
    <MeasurementUnit>pixel</MeasurementUnit>
    <sourceImageInformation>
      <fileName>page_102.png</fileName>
      
    </sourceImageInformation>
  </Description>
  
  <Tags>
    <OtherTag ID="BT10643" LABEL="NumberingZone" DESCRIPTION="block type NumberingZone"/><OtherTag ID="BT10642" LABEL="DropCapitalZone" DESCRIPTION="block type DropCapitalZone"/><OtherTag ID="BT10641" LABEL="GraphicZone" DESCRIPTION="block type GraphicZone"/><OtherTag ID="BT10640" LABEL="QuireMarksZone" DESCRIPTION="block type QuireMarksZone"/><OtherTag ID="BT10639" LABEL="RunningTitleZone" DESCRIPTION="block type RunningTitleZone"/><OtherTag ID="BT10638" LABEL="MainZone" DESCRIPTION="block type MainZone"/><OtherTag ID="BT10637" LABEL="MarginTextZone" DESCRIPTION="block type MarginTextZone"/>
    <OtherTag ID="LT4185" LABEL="default" DESCRIPTION="line type default"/><OtherTag ID="LT4183" LABEL="HeadingLine" DESCRIPTION="line type HeadingLine"/><OtherTag ID="LT4182" LABEL="CustomLine : BiblicalText" DESCRIPTION="line type CustomLine : BiblicalText"/><OtherTag ID="LT4184" LABEL="DefaultLine" DESCRIPTION="line type DefaultLine"/>
  </Tags>
  
  <Layout>
    <Page WIDTH="6000"
          HEIGHT="9420"
          PHYSICAL_IMG_NR="4"
          ID="eSc_dummypage_">
      <PrintSpace HPOS="0"
                  VPOS="0"
                  WIDTH="6000"
                  HEIGHT="9420">
        
        <TextBlock HPOS="822.463"
                   VPOS="524.064"
                   WIDTH="2804.727"
                   HEIGHT="287.25200000000007"
                   ID="block_0"
                   TAGREFS="BT10639">
          <Shape><Polygon POINTS="822.463 524.064 3627.19 524.064 3627.19 811.316 822.463 811.316 822.463 524.064"/></Shape>
          
          
          <TextLine ID="eSc_line_8e536e39"
                    TAGREFS="LT4183"
                    BASELINE="884 743 3586 764" 
                    HPOS="879"
                    VPOS="533"
                    WIDTH="2707"
                    HEIGHT="304">
            <Shape><Polygon POINTS="3502 580 3450 580 3397 580 3345 580 3293 575 3240 575 3188 575 3136 575 3083 570 3031 570 2979 570 2926 570 2874 565 2821 565 2769 565 2717 565 2664 559 2612 559 2560 559 2549 559 2523 586 2455 586 2424 554 2403 554 2350 554 2298 554 2246 549 2193 549 2141 549 2089 549 2047 544 2020 580 1905 580 1837 544 1827 539 1774 539 1638 575 1565 533 1523 533 1460 570 1188 539 1183 539 1178 539 1052 570 926 533 884 544 884 743 879 795 1413 821 1418 821 1424 821 1465 805 1518 785 1534 805 1549 816 1549 821 1554 821 1560 821 1696 826 1701 826 1801 811 1900 790 2005 811 2089 826 2094 826 2099 826 2130 811 2183 790 2293 816 2314 816 2319 816 2350 816 2523 795 2554 816 2575 832 2581 832 2586 832 2591 837 2748 837 2748 832 2806 821 2910 795 3041 821 3094 832 3099 832 3104 832 3109 832 3115 821 3146 800 3251 826 3308 837 3314 837 3581 826 3586 764 3581 580 3554 580"/></Shape>
	    <String CONTENT="PAVLI AD EPHES."
                    HPOS="879"
                    VPOS="533"
                    WIDTH="2707"
                    HEIGHT="304"></String>
          </TextLine>

          
        </TextBlock>
        
        <TextBlock HPOS="4039.21"
                   VPOS="567.781"
                   WIDTH="397.6999999999998"
                   HEIGHT="282.02200000000005"
                   ID="block_2"
                   TAGREFS="BT10643">
          <Shape><Polygon POINTS="4039.21 567.781 4436.91 567.781 4436.91 849.803 4039.21 849.803 4039.21 567.781"/></Shape>
          
          
          <TextLine ID="eSc_line_fb15072f"
                    TAGREFS="LT4184"
                    BASELINE="4094 748 4397 748" 
                    HPOS="4094"
                    VPOS="539"
                    WIDTH="303"
                    HEIGHT="324">
            <Shape><Polygon POINTS="4356 596 4303 570 4251 549 4230 539 4094 565 4094 748 4094 805 4198 805 4225 826 4256 858 4256 863 4261 863 4267 863 4272 863 4397 858 4397 748 4371 601 4356 596"/></Shape>
	    <String CONTENT="113"
                    HPOS="4094"
                    VPOS="539"
                    WIDTH="303"
                    HEIGHT="324"></String>
          </TextLine>

          
        </TextBlock>
        
        <TextBlock HPOS="281.715"
                   VPOS="857.314"
                   WIDTH="4154.575"
                   HEIGHT="7082.726"
                   ID="block_1"
                   TAGREFS="BT10638">
          <Shape><Polygon POINTS="281.715 857.314 4436.29 857.314 4436.29 7940.04 281.715 7940.04 281.715 857.314"/></Shape>
          
          
          <TextLine ID="eSc_line_19b55052"
                    TAGREFS="LT4184"
                    BASELINE="376 1125 4403 1125" 
                    HPOS="376"
                    VPOS="873"
                    WIDTH="4027"
                    HEIGHT="356">
            <Shape><Polygon POINTS="376 1161 623 1224 628 1224 1057 1219 1251 1177 1455 1198 1460 1198 1465 1198 1596 1167 1780 1203 1785 1203 1790 1203 1890 1177 1947 1224 1952 1224 1958 1224 1963 1229 2314 1229 2314 1224 2319 1224 2324 1224 2397 1167 2575 1198 2581 1198 2905 1182 2973 1214 2979 1214 2984 1214 3219 1167 3324 1208 3329 1208 3335 1208 3340 1208 3403 1177 3842 1198 3848 1198 3994 1172 4141 1219 4146 1219 4151 1219 4403 1161 4403 1125 4403 942 4146 873 4141 873 4136 873 4130 873 4125 873 4052 931 3968 879 3963 879 3958 879 3952 879 3947 879 3842 926 3670 873 3664 873 3083 873 3078 873 3073 873 3068 873 3000 921 2963 947 2842 947 2785 915 2732 894 2727 894 2722 894 2717 894 2670 915 2612 942 2549 915 2513 900 2507 900 2502 900 2497 900 2465 910 2413 936 2345 910 2240 873 2235 873 2230 873 2225 873 2219 873 2178 910 2136 942 1910 942 1848 900 1811 873 1806 873 1801 873 1675 873 1670 873 1664 873 1659 873 1617 900 1570 926 1492 894 1455 884 1450 884 1445 884 1439 884 1413 894 1303 947 811 947 680 894 675 894 670 894 664 894 523 931 382 879 376 1125 376 1161"/></Shape>
	    <String CONTENT="tanquam de ſuo gloriari: ſed ſi benefa¬"
                    HPOS="376"
                    VPOS="873"
                    WIDTH="4027"
                    HEIGHT="356"></String>
          </TextLine>

          
          
          <TextLine ID="eSc_line_9281da09"
                    TAGREFS="LT4184"
                    BASELINE="345 1470 4397 1454" 
                    HPOS="340"
                    VPOS="1219"
                    WIDTH="4057"
                    HEIGHT="351">
            <Shape><Polygon POINTS="345 1470 345 1512 795 1564 801 1570 1151 1570 1151 1564 1157 1564 1209 1538 1350 1564 1356 1564 1361 1564 1445 1517 1450 1517 1481 1517 1806 1559 1811 1564 2031 1564 2031 1559 2036 1559 2130 1522 2157 1512 2633 1512 2659 1522 2691 1538 2696 1538 2701 1538 2706 1538 2764 1522 2816 1512 2853 1522 2942 1559 2947 1559 2952 1559 3151 1528 3267 1507 3308 1528 3371 1554 3376 1554 3382 1554 3387 1554 3471 1528 3523 1512 3596 1528 3722 1554 3727 1554 3732 1554 3785 1528 3816 1512 3837 1528 3869 1554 3874 1554 3879 1554 3884 1554 4026 1528 4099 1517 4387 1528 4397 1454 4387 1287 4130 1287 4130 1282 4089 1256 4083 1256 4078 1256 4073 1256 4068 1256 4015 1276 3916 1224 3910 1224 3905 1224 3900 1224 3722 1282 3581 1256 3575 1256 3429 1282 3345 1219 3340 1219 3335 1219 3329 1219 3047 1282 3026 1287 3010 1282 2863 1224 2858 1224 2853 1224 2706 1256 2643 1224 2638 1224 2361 1224 2356 1224 2350 1224 2345 1224 2282 1271 2240 1250 2235 1250 2230 1250 2225 1250 2162 1282 2146 1287 2136 1282 2015 1224 2010 1224 1748 1224 1743 1224 1738 1224 1732 1224 1649 1282 1628 1292 1481 1282 1277 1266 1272 1266 1136 1282 1026 1292 989 1282 947 1266 942 1266 937 1266 931 1266 926 1266 910 1282 895 1297 643 1297 623 1282 549 1229 544 1229 539 1229 534 1229 528 1229 340 1276 345 1470"/></Shape>
	    <String CONTENT="ctori gratus eſſe, ut debet, uult, omnem"
                    HPOS="340"
                    VPOS="1219"
                    WIDTH="4057"
                    HEIGHT="351"></String>
          </TextLine>

          
          
          <TextLine ID="eSc_line_22070007"
                    TAGREFS="LT4184"
                    BASELINE="329 1810 4382 1789" 
                    HPOS="324"
                    VPOS="1554"
                    WIDTH="4058"
                    HEIGHT="345">
            <Shape><Polygon POINTS="329 1810 335 1878 439 1852 549 1878 602 1889 607 1889 612 1889 649 1878 712 1857 780 1878 842 1894 848 1894 1329 1899 1335 1899 1340 1899 1450 1873 1575 1842 1879 1868 1884 1868 1890 1868 1895 1868 1973 1842 2549 1842 2643 1863 2664 1868 2670 1868 2675 1868 2680 1868 2701 1863 2811 1836 2921 1863 3026 1889 3031 1889 3036 1894 3277 1894 3277 1889 3282 1889 3340 1857 3387 1836 3492 1857 3565 1873 3570 1873 3659 1857 3743 1842 3795 1857 3853 1873 3858 1873 3863 1878 4209 1878 4209 1873 4214 1873 4267 1852 4319 1831 4366 1852 4382 1789 4366 1596 3732 1617 3691 1596 3633 1554 3628 1554 3623 1554 3413 1554 3408 1554 3403 1554 3397 1554 3350 1596 3335 1606 3308 1596 3225 1559 3219 1559 2984 1559 2979 1559 2973 1559 2968 1559 2921 1596 2890 1622 2748 1596 2554 1559 2424 1559 2418 1559 2413 1559 2308 1596 2225 1627 2162 1601 2157 1601 2151 1601 2146 1601 2141 1601 2109 1627 1863 1622 1832 1596 1806 1575 1801 1575 1795 1575 1790 1575 1785 1575 1780 1575 1743 1596 1701 1622 1659 1596 1654 1596 1649 1596 1643 1596 1628 1596 1492 1627 1445 1596 1392 1564 1387 1564 1382 1564 1376 1564 1371 1564 1282 1596 1188 1632 1094 1601 1089 1601 1083 1601 1078 1601 1073 1601 1026 1638 874 1638 769 1601 764 1601 759 1601 591 1632 549 1601 513 1570 507 1570 502 1570 497 1570 324 1596 329 1810"/></Shape>
	    <String CONTENT="ſcientię gloriam authori Chriſto acce¬"
                    HPOS="324"
                    VPOS="1554"
                    WIDTH="4058"
                    HEIGHT="345"></String>
          </TextLine>

          
          
          <TextLine ID="eSc_line_8790be8e"
                    TAGREFS="LT4184"
                    BASELINE="340 2166 1921 2124 4371 2124" 
                    HPOS="335"
                    VPOS="1889"
                    WIDTH="4036"
                    HEIGHT="371">
            <Shape><Polygon POINTS="340 2166 340 2260 502 2255 507 2255 607 2203 670 2229 675 2229 680 2229 979 2203 1109 2250 1115 2250 1120 2250 1125 2250 1219 2208 1282 2234 1287 2234 1293 2234 1685 2192 2094 2229 2099 2229 2104 2229 2214 2192 2350 2234 2371 2239 2376 2239 2382 2245 2916 2245 2916 2239 2921 2239 2979 2224 3141 2182 3282 2218 3335 2234 3340 2234 3345 2234 3350 2234 3397 2218 3471 2198 3602 2218 3633 2218 3638 2218 3643 2218 3654 2213 3706 2187 3764 2213 3769 2213 3774 2213 3780 2213 3848 2177 3958 2208 3963 2208 3968 2208 3973 2208 4073 2182 4141 2208 4193 2229 4198 2229 4204 2229 4209 2229 4214 2229 4246 2208 4272 2192 4361 2203 4371 2124 4356 1936 4287 1952 4246 1936 4125 1889 4120 1889 4115 1889 4109 1889 4104 1889 4036 1936 4015 1957 3706 1957 3675 1941 3539 1894 3534 1894 3528 1894 3523 1894 3366 1946 3340 1957 3314 1946 3272 1931 3267 1931 3261 1931 3136 1952 3099 1957 3089 1952 3068 1931 3062 1931 3057 1931 3052 1931 3047 1931 3041 1931 3015 1952 3005 1962 2596 1962 2575 1957 2455 1925 2450 1925 2445 1925 2439 1925 2335 1962 2329 1962 2324 1962 2188 1925 2183 1925 2178 1925 2172 1925 2089 1946 2031 1910 2026 1910 2020 1910 2015 1910 2010 1910 1921 1957 1769 1952 1685 1904 1680 1904 1675 1904 1450 1910 1445 1910 1350 1957 1277 1920 1272 1920 1010 1910 1005 1910 1000 1910 994 1910 884 1978 544 1972 439 1920 434 1920 429 1920 424 1920 418 1920 335 1972 340 2166"/></Shape>
	    <String CONTENT="ptam fert. Econtra, qui paruo dono do"
                    HPOS="335"
                    VPOS="1889"
                    WIDTH="4036"
                    HEIGHT="371"></String>
          </TextLine>

          
          
          <TextLine ID="eSc_line_14f1d54e"
                    TAGREFS="LT4184"
                    BASELINE="324 2480 4361 2459" 
                    HPOS="319"
                    VPOS="2229"
                    WIDTH="4042"
                    HEIGHT="345">
            <Shape><Polygon POINTS="324 2480 324 2527 424 2527 434 2532 507 2574 513 2574 518 2574 523 2574 738 2538 942 2574 947 2574 952 2574 1047 2538 1324 2574 1329 2574 1335 2574 1340 2574 1403 2538 1429 2522 1476 2538 1507 2548 1513 2548 1518 2548 1523 2548 1549 2538 1586 2522 2172 2522 2251 2543 2314 2559 2319 2559 2324 2559 2329 2559 2366 2543 2424 2517 2497 2543 2549 2564 2554 2564 2560 2569 2722 2569 2722 2564 2727 2564 2780 2548 2858 2517 2931 2548 2947 2553 2952 2553 2958 2553 3010 2548 3188 2522 3376 2548 3450 2559 3455 2559 3460 2559 3465 2559 3476 2548 3528 2512 3790 2553 3842 2559 3848 2559 4356 2553 4361 2459 4345 2281 3612 2286 3607 2286 3465 2229 3460 2229 3455 2229 3450 2229 3445 2229 3356 2286 3329 2307 2858 2307 2780 2292 2371 2234 2366 2234 2361 2234 2246 2297 2225 2307 2073 2302 1989 2239 1984 2239 1979 2239 1434 2239 1429 2239 1424 2239 1418 2239 1324 2307 1314 2313 1303 2307 1157 2245 1151 2245 1005 2245 1000 2245 994 2245 874 2313 869 2313 842 2313 513 2266 507 2266 502 2266 319 2313 324 2480"/></Shape>
	    <String CONTENT="natus, &amp;indoctior eſt: potiori dono prę"
                    HPOS="319"
                    VPOS="2229"
                    WIDTH="4042"
                    HEIGHT="345"></String>
          </TextLine>

          
          
          <TextLine ID="eSc_line_dd5e5c41"
                    TAGREFS="LT4184"
                    BASELINE="324 2810 4366 2799" 
                    HPOS="319"
                    VPOS="2574"
                    WIDTH="4047"
                    HEIGHT="325">
            <Shape><Polygon POINTS="324 2810 324 2852 434 2894 439 2894 445 2894 837 2862 1104 2894 1109 2894 1115 2894 1120 2894 1172 2857 1256 2894 1261 2894 1267 2899 1528 2899 1528 2894 1534 2894 1539 2894 1596 2857 1722 2888 1727 2888 1732 2888 1738 2888 1743 2888 1795 2857 2429 2883 2434 2883 2439 2883 2445 2883 2486 2852 2617 2852 2664 2888 2670 2888 2675 2888 2680 2888 2942 2852 3204 2852 3293 2888 3298 2888 3303 2888 3623 2862 4298 2888 4303 2888 4308 2888 4314 2888 4366 2846 4366 2799 4356 2595 4036 2574 4031 2574 4026 2574 4020 2574 3994 2595 3937 2632 3628 2606 3623 2606 3617 2606 3560 2637 2586 2637 2528 2595 2518 2590 2513 2590 2507 2590 2502 2590 2497 2590 2476 2595 2413 2627 2214 2606 2209 2606 2204 2606 2115 2637 2010 2600 2000 2595 1994 2595 1989 2595 1984 2595 1973 2600 1874 2637 1811 2600 1780 2580 1774 2580 1769 2580 1764 2580 1623 2600 1549 2611 1534 2600 1507 2580 1502 2580 1497 2580 1151 2580 1146 2580 1141 2580 1136 2580 1109 2600 1062 2642 774 2642 691 2600 633 2580 628 2580 623 2580 319 2600 324 2810"/></Shape>
	    <String CONTENT="ditum, &amp; doctiorem non cõtemnit, ſed"
                    HPOS="319"
                    VPOS="2574"
                    WIDTH="4047"
                    HEIGHT="325"></String>
          </TextLine>

          
          
          <TextLine ID="eSc_line_0029117f"
                    TAGREFS="LT4184"
                    BASELINE="345 3150 4361 3134" 
                    HPOS="340"
                    VPOS="2899"
                    WIDTH="4021"
                    HEIGHT="324">
            <Shape><Polygon POINTS="345 3150 345 3187 460 3223 465 3223 471 3223 1397 3192 1623 3223 1628 3223 1633 3223 1638 3223 1685 3187 1691 3187 2073 3187 2078 3187 2125 3218 2130 3218 2136 3218 2141 3218 2371 3192 3434 3213 3439 3213 3575 3187 3790 3213 3795 3213 4026 3181 4047 3181 4062 3181 4298 3213 4303 3213 4308 3213 4314 3213 4361 3181 4361 3134 4345 2951 3455 2956 3434 2946 3361 2899 3356 2899 3350 2899 3345 2899 3141 2904 3136 2904 3041 2946 3010 2967 2764 2967 2738 2946 2712 2930 2706 2930 2701 2930 2696 2930 2497 2946 2350 2962 2235 2946 2089 2930 2083 2930 2078 2930 2010 2946 1958 2962 1900 2946 1706 2904 1701 2904 1502 2909 1497 2909 1413 2946 1371 2967 1167 2967 1141 2946 1089 2909 1083 2909 1078 2909 1073 2909 780 2914 774 2914 706 2946 659 2909 654 2909 649 2909 382 2909 376 2909 371 2909 366 2909 340 2930 345 3150"/></Shape>
	    <String CONTENT="Chriſtum doni autorem in illo uenera"
                    HPOS="340"
                    VPOS="2899"
                    WIDTH="4021"
                    HEIGHT="324"></String>
          </TextLine>

          
          
          <TextLine ID="eSc_line_fe5f4604"
                    TAGREFS="LT4184"
                    BASELINE="329 3490 4329 3464" 
                    HPOS="324"
                    VPOS="3239"
                    WIDTH="4005"
                    HEIGHT="351">
            <Shape><Polygon POINTS="329 3490 335 3590 534 3537 586 3569 591 3569 596 3569 602 3569 821 3542 942 3579 963 3584 968 3584 973 3584 979 3584 1000 3579 1130 3532 1287 3558 1293 3558 1450 3537 1518 3569 1544 3579 1549 3579 1554 3579 1560 3579 1565 3579 1581 3569 1628 3532 2010 3558 2256 3574 2261 3574 2267 3574 2272 3574 2298 3553 2335 3527 2528 3527 2607 3548 2712 3574 2717 3574 2722 3574 3434 3532 3439 3532 3445 3532 3575 3553 3581 3553 3586 3553 3701 3527 3717 3522 3722 3527 3769 3563 3774 3563 3780 3563 3785 3569 3942 3569 3942 3563 3947 3563 3952 3563 4010 3522 4120 3522 4183 3558 4188 3558 4193 3558 4198 3558 4204 3558 4329 3511 4329 3464 4319 3297 4109 3270 4104 3270 3486 3291 3272 3297 3261 3291 3198 3239 3193 3239 3188 3239 3183 3239 3178 3239 3015 3291 3005 3291 2989 3291 2931 3270 2926 3270 2921 3270 2811 3286 2759 3297 2738 3286 2628 3239 2623 3239 2617 3239 2413 3276 2335 3249 2329 3249 2324 3249 2319 3249 2246 3286 2230 3291 2219 3286 2157 3260 2151 3260 2146 3260 2141 3260 2136 3260 2104 3286 2078 3302 2015 3286 1874 3244 1869 3244 1863 3244 1534 3270 1240 3244 1235 3244 1230 3244 1130 3281 1057 3307 958 3307 926 3281 890 3249 884 3249 879 3249 874 3249 869 3249 790 3281 717 3307 324 3281 329 3490"/></Shape>
	    <String CONTENT="tur &amp; colit. De quo lege plura in non"
                    HPOS="324"
                    VPOS="3239"
                    WIDTH="4005"
                    HEIGHT="351"></String>
          </TextLine>

          
          
          <TextLine ID="eSc_line_18b993ce"
                    TAGREFS="LT4184"
                    BASELINE="314 3809 4287 3799" 
                    HPOS="308"
                    VPOS="3574"
                    WIDTH="3979"
                    HEIGHT="361">
            <Shape><Polygon POINTS="314 3809 314 3872 575 3872 612 3898 617 3898 623 3898 628 3898 937 3872 1282 3925 1287 3925 1293 3925 1298 3925 1387 3872 1691 3872 1769 3930 1774 3930 1780 3930 1785 3935 2130 3935 2130 3930 2136 3930 2303 3867 2408 3867 2413 3867 2497 3925 2502 3925 2507 3925 2513 3930 2842 3930 2842 3925 2848 3925 2853 3925 2931 3867 2937 3867 3130 3867 3214 3919 3219 3919 3225 3919 3230 3919 3481 3867 3617 3877 3670 3925 3675 3925 3680 3925 3685 3930 4162 3930 4162 3925 4167 3925 4287 3862 4287 3799 4282 3631 4178 3590 4172 3590 4167 3590 4162 3590 4157 3590 4099 3631 4089 3637 3643 3637 3628 3631 3455 3574 3450 3574 3445 3574 3256 3616 3183 3579 3178 3579 2958 3574 2952 3574 2947 3574 2848 3626 2842 3631 2732 3626 2382 3611 2376 3611 2282 3626 2225 3637 2209 3626 2146 3579 2141 3579 2136 3579 1884 3579 1879 3579 1874 3579 1869 3579 1811 3626 1801 3637 1774 3626 1654 3579 1649 3579 1418 3579 1413 3579 1408 3579 1403 3579 1340 3626 1329 3631 1319 3626 1219 3579 1214 3579 1209 3579 1204 3579 1094 3611 1020 3584 1015 3584 1010 3584 1005 3584 926 3621 785 3584 780 3584 774 3584 769 3584 691 3626 664 3637 308 3626 314 3809"/></Shape>
	    <String CONTENT="minus doctis, quam pijs Eraſmi para¬"
                    HPOS="308"
                    VPOS="3574"
                    WIDTH="3979"
                    HEIGHT="361"></String>
          </TextLine>

          
          
          <TextLine ID="eSc_line_92591fb6"
                    TAGREFS="LT4184"
                    BASELINE="329 4150 1528 4150" 
                    HPOS="329"
                    VPOS="3904"
                    WIDTH="1199"
                    HEIGHT="361">
            <Shape><Polygon POINTS="329 4150 329 4265 643 4265 643 4259 649 4259 701 4244 816 4207 895 4233 947 4254 952 4254 958 4254 963 4254 968 4254 968 4249 994 4228 1020 4207 1361 4207 1371 4212 1424 4233 1429 4233 1434 4233 1439 4233 1528 4202 1528 4150 1528 3998 1287 3951 1282 3951 1277 3951 1183 3993 1078 3904 1073 3904 1068 3904 921 3904 916 3904 910 3904 905 3904 795 3972 675 3972 612 3909 612 3904 607 3904 602 3904 502 3904 497 3904 492 3904 486 3904 486 3909 439 3945 403 3914 397 3914 392 3914 387 3914 382 3914 376 3914 376 3919 329 3966 329 4150"/></Shape>
	    <String CONTENT="phraſibus."
                    HPOS="329"
                    VPOS="3904"
                    WIDTH="1199"
                    HEIGHT="361"></String>
          </TextLine>

          
          
          <TextLine ID="eSc_line_da8e5f5c"
                    TAGREFS="LT4182"
                    BASELINE="973 4469 3753 4453" 
                    HPOS="968"
                    VPOS="4249"
                    WIDTH="2785"
                    HEIGHT="314">
            <Shape><Polygon POINTS="973 4521 1146 4558 1151 4563 1445 4563 1445 4558 1450 4558 1523 4526 1534 4521 1539 4526 1623 4558 1628 4558 1633 4563 1748 4563 1748 4558 1753 4558 1759 4558 1759 4553 1790 4526 1795 4521 1816 4526 1968 4553 1973 4553 1979 4553 1984 4553 1984 4547 2010 4526 2026 4516 2518 4516 2539 4526 2581 4553 2586 4553 2591 4553 2596 4553 2748 4526 2764 4526 2785 4526 2952 4547 2958 4547 2963 4547 2968 4547 2989 4526 3005 4516 3073 4526 3141 4537 3146 4537 3151 4537 3157 4537 3157 4532 3162 4526 3178 4516 3193 4526 3214 4547 3219 4547 3225 4547 3230 4547 3748 4526 3753 4453 3748 4296 3664 4249 3659 4249 3654 4249 3256 4249 3251 4249 3246 4249 3125 4301 2942 4249 2937 4249 2931 4249 2926 4249 2921 4249 2921 4254 2863 4312 2418 4312 2350 4254 2345 4254 2340 4254 2146 4254 2141 4254 2136 4254 2031 4312 1329 4291 1324 4291 1319 4291 1256 4317 1041 4275 1036 4275 1031 4275 1026 4275 968 4312 973 4469"/></Shape>
	    <String CONTENT="Quapropter dicit cum aſcendißet."
                    HPOS="968"
                    VPOS="4249"
                    WIDTH="2785"
                    HEIGHT="314"></String>
          </TextLine>

          
          
          <TextLine ID="eSc_line_22c80950"
                    TAGREFS="LT4184"
                    BASELINE="560 4804 4371 4783" 
                    HPOS="554"
                    VPOS="4526"
                    WIDTH="3817"
                    HEIGHT="398">
            <Shape><Polygon POINTS="560 4861 874 4861 879 4861 984 4919 989 4919 994 4924 1287 4924 1287 4919 1293 4919 1298 4919 1392 4861 1486 4861 1591 4856 1617 4856 1769 4882 1774 4882 1780 4882 1848 4856 1853 4856 1979 4914 1984 4914 1989 4914 1994 4914 2125 4856 2329 4903 2335 4903 2340 4903 2418 4872 2617 4908 2623 4908 2628 4908 2722 4861 2801 4856 2858 4893 2863 4893 2869 4893 2874 4893 2879 4893 3010 4861 3130 4908 3136 4908 3141 4908 3146 4908 3261 4856 3345 4898 3350 4898 3356 4898 3361 4898 3366 4898 3418 4861 3460 4893 3465 4893 3471 4893 3476 4893 3481 4893 3612 4851 3774 4903 3780 4903 3785 4908 4068 4908 4068 4903 4073 4903 4209 4846 4366 4846 4371 4783 4361 4547 4230 4526 4225 4526 4219 4526 4214 4526 4183 4547 4062 4621 3649 4621 3465 4573 3460 4573 3455 4573 3335 4626 2937 4626 2879 4584 2874 4584 2869 4584 2863 4584 2858 4584 2801 4605 2706 4553 2670 4532 2664 4532 2659 4532 2235 4547 2230 4547 2225 4547 2219 4553 2162 4600 2125 4579 2120 4579 2115 4579 2109 4579 2057 4605 1958 4553 1942 4547 1937 4547 1931 4547 1926 4547 1921 4547 1916 4553 1848 4605 1748 4558 1706 4537 1701 4537 1513 4537 1507 4537 1502 4537 1497 4537 1476 4558 1387 4631 1267 4605 1261 4605 1041 4626 910 4558 874 4542 869 4542 863 4542 554 4558 560 4804"/></Shape>
	    <String CONTENT="Ne quis Paulo diffideret, in eo quod"
                    HPOS="554"
                    VPOS="4526"
                    WIDTH="3817"
                    HEIGHT="398"></String>
          </TextLine>

          
          
          <TextLine ID="eSc_line_ddf079f7"
                    TAGREFS="LT4184"
                    BASELINE="319 5128 4403 5139" 
                    HPOS="314"
                    VPOS="4882"
                    WIDTH="4089"
                    HEIGHT="356">
            <Shape><Polygon POINTS="319 5128 314 5191 460 5222 465 5222 994 5196 1073 5233 1078 5233 1083 5233 1366 5207 1827 5233 1832 5233 2010 5191 2015 5191 2020 5191 2099 5228 2104 5228 2109 5228 2277 5207 2481 5238 2486 5238 2869 5196 3099 5217 3104 5217 3434 5191 3439 5191 3539 5222 3544 5222 3549 5222 3554 5222 3560 5222 3607 5191 3879 5217 3884 5217 4052 5191 4240 5222 4246 5222 4397 5186 4403 5139 4397 4919 4146 4893 4141 4893 4136 4893 4089 4914 3973 4966 3895 4914 3884 4903 3879 4903 3874 4903 3534 4893 3528 4893 3523 4893 3518 4893 3502 4908 3418 4971 2774 4971 2675 4903 2664 4893 2659 4893 2654 4893 2649 4893 2602 4898 2376 4945 2214 4898 2183 4887 2178 4887 2172 4887 2167 4887 2146 4898 2073 4935 2015 4914 2010 4914 2005 4914 2000 4914 1853 4961 1785 4935 1780 4935 1774 4935 1769 4935 1696 4966 1083 4966 884 4919 879 4919 874 4919 869 4919 821 4955 774 4924 769 4924 764 4924 759 4924 753 4924 680 4961 586 4887 581 4887 575 4887 319 4882 319 5128"/></Shape>
	    <String CONTENT="dixerat, cuiq; pro ſuo donũ modulo eſſe"
                    HPOS="314"
                    VPOS="4882"
                    WIDTH="4089"
                    HEIGHT="356"></String>
          </TextLine>

          
          
          <TextLine ID="eSc_line_0920487a"
                    TAGREFS="LT4184"
                    BASELINE="319 5468 4387 5479" 
                    HPOS="314"
                    VPOS="5228"
                    WIDTH="4073"
                    HEIGHT="329">
            <Shape><Polygon POINTS="319 5468 314 5521 376 5552 382 5552 387 5552 392 5552 460 5526 701 5552 706 5552 1340 5526 1424 5526 1434 5526 1507 5552 1513 5552 1518 5552 1701 5531 1743 5526 1853 5531 2356 5557 2361 5557 2596 5536 2649 5531 3146 5531 3162 5536 3193 5557 3198 5557 3204 5557 3209 5557 3314 5536 3361 5531 3408 5536 3507 5557 3513 5557 3518 5557 3554 5542 3570 5531 3596 5542 3654 5557 3659 5557 3664 5557 3759 5542 3811 5531 3837 5542 3879 5557 3884 5557 3890 5557 3895 5557 3900 5557 3921 5542 3942 5531 4376 5542 4387 5479 4382 5306 4083 5233 4078 5233 4073 5233 3931 5301 3790 5233 3785 5233 3502 5233 3497 5233 3492 5233 3246 5301 3235 5306 2554 5306 2549 5301 2471 5264 2465 5264 2460 5264 2455 5264 2376 5301 2366 5301 2089 5301 2089 5296 2036 5254 2031 5254 2026 5254 2020 5254 1712 5296 1507 5228 1502 5228 958 5228 952 5228 947 5228 832 5269 780 5228 774 5228 769 5228 575 5228 570 5228 565 5228 319 5290 319 5468"/></Shape>
	    <String CONTENT="collatũ: Pſal.67. autoritate confirmat."
                    HPOS="314"
                    VPOS="5228"
                    WIDTH="4073"
                    HEIGHT="329"></String>
          </TextLine>

          
          
          <TextLine ID="eSc_line_9e08d594"
                    TAGREFS="LT4184"
                    BASELINE="324 5814 4366 5814" 
                    HPOS="324"
                    VPOS="5578"
                    WIDTH="4042"
                    HEIGHT="351">
            <Shape><Polygon POINTS="324 5814 324 5866 513 5924 518 5924 523 5929 659 5929 659 5924 664 5924 670 5924 748 5871 753 5871 1146 5871 1162 5871 1382 5918 1387 5918 1392 5918 1554 5877 1575 5871 1602 5877 1722 5897 1727 5897 1858 5877 1863 5877 1869 5877 1963 5918 1968 5918 1973 5918 1979 5918 2115 5877 2141 5871 2167 5877 2345 5924 2350 5924 2356 5929 2560 5929 2560 5924 2565 5924 2680 5882 2706 5871 2905 5871 2926 5882 2979 5924 2984 5924 2989 5924 2994 5929 3267 5929 3267 5924 3272 5924 3277 5924 3329 5882 3350 5871 3502 5871 3534 5887 3617 5924 3623 5924 3628 5924 3790 5887 3858 5871 3890 5887 3942 5913 3947 5913 3952 5913 4062 5897 4162 5924 4167 5924 4172 5924 4366 5887 4366 5814 4366 5646 4209 5646 4209 5641 4073 5578 4068 5578 4062 5578 3785 5599 3780 5599 3774 5599 3717 5636 3701 5646 3052 5646 3026 5631 2916 5578 2910 5578 2905 5578 2900 5578 2774 5625 2732 5641 2549 5625 2424 5615 2418 5615 2293 5620 2031 5641 1994 5620 1926 5578 1921 5578 1916 5578 1910 5578 1727 5615 1607 5641 1565 5615 1560 5615 1554 5615 1549 5615 1534 5615 1366 5636 1329 5615 1282 5578 1277 5578 1272 5578 848 5578 842 5578 837 5578 759 5604 706 5625 649 5604 575 5578 570 5578 565 5578 324 5599 324 5814"/></Shape>
	    <String CONTENT="Quaſi diceret hoc quod ego iam dixi:"
                    HPOS="324"
                    VPOS="5578"
                    WIDTH="4042"
                    HEIGHT="351"></String>
          </TextLine>

          
          
          <TextLine ID="eSc_line_2bc8987f"
                    TAGREFS="LT4184"
                    BASELINE="324 6128 4371 6149" 
                    HPOS="319"
                    VPOS="5887"
                    WIDTH="4052"
                    HEIGHT="366">
            <Shape><Polygon POINTS="324 6128 319 6180 596 6185 691 6238 696 6238 701 6243 916 6243 916 6238 921 6238 926 6238 979 6201 1036 6227 1041 6227 1047 6227 1052 6227 1183 6191 1277 6238 1282 6238 1287 6238 1560 6196 1759 6201 1806 6238 1811 6238 1816 6238 1821 6238 2015 6196 2115 6227 2120 6227 2125 6227 2560 6201 2670 6248 2675 6248 2680 6248 2952 6206 3036 6248 3041 6248 3047 6253 3198 6253 3198 6248 3204 6248 3209 6248 3287 6201 3424 6253 3429 6253 3434 6253 4366 6201 4371 6149 4371 5971 4214 5913 4209 5913 4204 5913 4198 5913 4073 5966 4062 5971 3696 5971 3680 5955 3623 5908 3617 5908 3612 5908 3507 5908 3502 5908 3497 5908 3492 5908 3434 5950 3403 5966 2968 5966 2916 5939 2827 5903 2821 5903 2816 5903 2623 5934 2445 5960 2130 5960 2083 5924 2052 5897 2047 5897 2041 5897 2036 5897 1890 5918 1722 5939 1460 5908 1356 5897 1350 5897 1345 5897 1324 5908 1219 5950 1052 5897 1026 5892 1020 5892 910 5892 905 5892 900 5892 890 5897 785 5955 623 5955 534 5892 528 5892 523 5892 324 5887 324 6128"/></Shape>
	    <String CONTENT="Propheta Dauid iam olim per ſpiritum"
                    HPOS="319"
                    VPOS="5887"
                    WIDTH="4052"
                    HEIGHT="366"></String>
          </TextLine>

          
          
          <TextLine ID="eSc_line_19d21b3e"
                    TAGREFS="LT4184"
                    BASELINE="319 6478 4366 6478" 
                    HPOS="319"
                    VPOS="6248"
                    WIDTH="4047"
                    HEIGHT="319">
            <Shape><Polygon POINTS="319 6478 319 6541 3324 6567 3329 6567 3335 6567 3340 6567 3382 6541 3717 6541 4308 6567 4314 6567 4319 6567 4324 6567 4366 6541 4366 6478 4366 6280 4193 6259 4188 6259 4183 6259 4178 6259 4151 6280 4089 6316 3869 6316 3806 6280 3759 6248 3753 6248 3748 6248 3743 6248 3507 6274 3392 6248 3387 6248 3382 6248 3376 6248 3371 6248 3329 6280 3308 6300 3094 6311 3052 6280 3010 6248 3005 6248 3000 6248 2659 6248 2654 6248 2649 6248 2643 6248 2591 6285 2549 6311 2324 6285 2308 6285 2303 6285 2287 6285 2120 6311 2083 6285 2078 6280 2073 6280 2068 6280 2062 6280 2057 6280 2052 6280 2047 6285 2010 6316 1324 6316 1277 6290 1267 6285 1261 6285 1256 6285 1251 6285 1230 6290 1162 6306 1115 6290 1005 6248 1000 6248 753 6248 748 6248 743 6248 638 6290 602 6306 570 6290 492 6248 486 6248 371 6248 366 6248 361 6248 356 6248 319 6274 319 6478"/></Shape>
	    <String CONTENT="ſanctum uaticinatus eſt, fore ſcilicet ut"
                    HPOS="319"
                    VPOS="6248"
                    WIDTH="4047"
                    HEIGHT="319"></String>
          </TextLine>

          
          
          <TextLine ID="eSc_line_fab1b03e"
                    TAGREFS="LT4184"
                    BASELINE="335 6798 4371 6813" 
                    HPOS="329"
                    VPOS="6562"
                    WIDTH="4042"
                    HEIGHT="356">
            <Shape><Polygon POINTS="335 6798 329 6850 539 6887 544 6887 549 6887 643 6860 759 6902 764 6902 769 6902 895 6897 900 6897 905 6897 952 6860 1041 6892 1047 6892 1586 6902 1591 6902 1596 6902 1602 6902 1659 6860 1748 6908 1753 6908 1759 6908 1989 6876 2497 6902 2502 6902 2507 6902 2575 6866 3015 6908 3020 6908 3026 6908 3130 6881 3219 6913 3225 6913 3230 6918 3450 6918 3450 6913 3455 6913 3565 6871 4366 6871 4371 6813 4366 6609 4057 6578 4052 6578 4047 6578 4041 6578 4005 6604 3968 6630 3795 6646 3670 6599 3612 6578 3607 6578 3602 6578 3596 6578 3591 6578 3570 6599 3497 6656 3267 6656 3214 6614 3209 6614 3204 6614 3198 6614 3193 6614 3188 6614 3141 6656 3036 6656 2937 6651 2858 6588 2848 6578 2842 6578 2837 6578 2832 6578 2827 6578 2821 6578 2811 6588 2738 6646 2628 6614 2623 6614 2617 6614 2612 6614 2549 6646 2502 6614 2497 6614 2492 6614 2486 6614 2481 6614 2476 6614 2434 6651 2120 6651 2026 6641 1958 6583 1952 6583 1947 6583 1942 6583 1675 6646 1418 6646 1376 6609 1371 6609 1366 6609 1361 6609 1356 6609 1267 6641 1041 6567 1036 6567 1031 6567 1026 6567 1005 6567 759 6594 717 6567 712 6567 706 6567 335 6562 335 6798"/></Shape>
	    <String CONTENT="Chriſtus peracto mortalitatis, &amp; redẽ,"
                    HPOS="329"
                    VPOS="6562"
                    WIDTH="4042"
                    HEIGHT="356"></String>
          </TextLine>

          
          
          <TextLine ID="eSc_line_edecc0a1"
                    TAGREFS="LT4184"
                    BASELINE="345 7148 4361 7148" 
                    HPOS="345"
                    VPOS="6918"
                    WIDTH="4016"
                    HEIGHT="335">
            <Shape><Polygon POINTS="345 7148 345 7253 549 7253 549 7248 554 7248 560 7248 623 7211 769 7211 827 7248 832 7248 837 7248 842 7248 848 7248 863 7242 984 7211 1376 7237 1513 7248 1518 7248 1523 7248 1528 7248 1544 7237 1586 7211 1638 7237 1664 7248 1670 7248 1675 7248 1680 7248 1717 7237 1774 7216 1837 7237 1884 7248 1890 7248 1895 7248 2010 7232 2136 7216 2235 7232 2350 7248 2356 7248 2518 7227 2623 7216 2926 7222 3764 7248 3769 7248 3774 7248 3780 7248 3821 7216 3827 7211 4361 7211 4361 7148 4361 6981 4136 6934 4130 6934 4125 6934 4120 6934 4073 6976 4068 6981 3979 6981 3973 6976 3837 6918 3832 6918 3753 6918 3748 6918 3743 6918 3738 6918 3675 6970 3664 6976 3471 6970 3408 6970 3329 6918 3324 6918 3319 6918 3026 6918 3020 6918 3015 6918 3010 6918 2931 6965 2910 6981 2643 6981 2617 6965 2549 6918 2544 6918 2539 6918 2345 6918 2340 6918 2335 6918 2261 6960 2225 6981 1633 6981 1497 6955 1439 6944 1434 6944 1429 6944 1397 6949 1298 6976 1267 6949 1230 6918 1225 6918 1219 6918 1214 6918 345 6939 345 7148"/></Shape>
	    <String CONTENT="ptionis humanę inſtituto ſuo, cœlos a¬"
                    HPOS="345"
                    VPOS="6918"
                    WIDTH="4016"
                    HEIGHT="335"></String>
          </TextLine>

          
          
          <TextLine ID="eSc_line_642799cd"
                    TAGREFS="LT4184"
                    BASELINE="319 7478 4335 7478" 
                    HPOS="319"
                    VPOS="7253"
                    WIDTH="4016"
                    HEIGHT="340">
            <Shape><Polygon POINTS="319 7478 319 7567 722 7551 753 7567 785 7588 790 7588 795 7588 801 7588 806 7588 811 7588 837 7567 869 7551 1047 7551 1078 7567 1120 7588 1125 7588 1130 7588 1136 7588 1141 7588 1172 7567 1178 7562 1219 7567 1429 7588 1434 7588 1439 7588 1497 7562 1528 7551 1602 7562 1696 7577 1701 7577 1795 7562 1858 7551 1900 7562 2000 7588 2005 7588 2010 7588 2157 7562 2225 7588 2230 7588 2235 7593 2691 7593 2691 7588 2696 7588 2701 7588 2738 7556 2785 7588 2790 7588 2795 7588 2801 7588 3146 7562 3518 7588 3523 7588 3528 7588 3534 7588 3581 7551 3586 7551 3685 7551 3691 7551 3764 7588 3769 7588 3774 7588 3780 7588 3785 7588 3842 7551 3853 7551 4057 7588 4062 7588 4068 7588 4136 7551 4141 7551 4335 7551 4335 7478 4335 7316 4256 7310 4188 7253 4183 7253 4178 7253 4172 7253 3905 7263 3900 7263 3895 7263 3821 7310 3811 7316 3026 7316 2994 7305 2837 7253 2832 7253 2827 7253 2607 7290 2560 7253 2554 7253 2549 7253 2418 7253 2413 7253 2408 7253 2277 7295 2183 7253 2178 7253 2172 7253 2167 7253 2162 7253 2104 7295 2094 7305 1958 7316 1753 7316 1717 7295 1654 7253 1649 7253 1643 7253 1638 7253 1476 7279 1418 7253 1413 7253 1408 7253 1403 7253 1282 7290 1204 7310 1026 7310 1000 7290 958 7253 952 7253 947 7253 942 7253 785 7284 712 7300 649 7284 528 7253 523 7253 518 7253 319 7279 319 7478"/></Shape>
	    <String CONTENT="ſcenderet, &amp; eccleſiã ſuam uariis do¬"
                    HPOS="319"
                    VPOS="7253"
                    WIDTH="4016"
                    HEIGHT="340"></String>
          </TextLine>

          
          
          <TextLine ID="eSc_line_38dbebf6"
                    TAGREFS="LT4184"
                    BASELINE="329 7802 1842 7829" 
                    HPOS="324"
                    VPOS="7593"
                    WIDTH="1518"
                    HEIGHT="335">
            <Shape><Polygon POINTS="329 7802 324 7886 916 7876 1256 7912 1356 7923 1361 7923 1366 7923 1382 7918 1445 7886 1471 7912 1476 7912 1481 7912 1486 7912 1591 7891 1628 7923 1633 7928 1638 7928 1643 7928 1649 7928 1837 7923 1842 7829 1842 7656 1612 7619 1607 7619 1602 7619 1554 7640 1549 7645 1549 7640 1523 7619 1523 7614 1518 7614 1513 7614 1507 7614 1502 7614 1429 7635 1397 7645 1356 7635 1246 7598 1240 7598 1235 7598 1230 7598 1172 7624 1136 7640 979 7619 806 7593 801 7593 795 7593 743 7609 638 7635 329 7593 329 7802"/></Shape>
	    <String CONTENT="nis excoleret."
                    HPOS="324"
                    VPOS="7593"
                    WIDTH="1518"
                    HEIGHT="335"></String>
          </TextLine>

          
        </TextBlock>
        
        <TextBlock HPOS="2336.73"
                   VPOS="7882.67"
                   WIDTH="2075.8300000000004"
                   HEIGHT="416.6399999999994"
                   ID="block_3"
                   TAGREFS="BT10640">
          <Shape><Polygon POINTS="2336.73 7882.67 4412.56 7882.67 4412.56 8299.31 2336.73 8299.31 2336.73 7882.67"/></Shape>
          
          
          <TextLine ID="eSc_line_baf8d069"
                    TAGREFS="LT4184"
                    BASELINE="2429 8184 2748 8169" 
                    HPOS="2408"
                    VPOS="7907"
                    WIDTH="340"
                    HEIGHT="382">
            <Shape><Polygon POINTS="2429 8184 2429 8263 2523 8289 2528 8289 2534 8289 2748 8247 2748 8169 2727 7907 2408 7907 2429 8184"/></Shape>
	    <String CONTENT="H"
                    HPOS="2408"
                    VPOS="7907"
                    WIDTH="340"
                    HEIGHT="382"></String>
          </TextLine>

          
          
          <TextLine ID="eSc_line_30692dde"
                    TAGREFS="LT4184"
                    BASELINE="3188 8164 4350 8137" 
                    HPOS="3178"
                    VPOS="7918"
                    WIDTH="1172"
                    HEIGHT="371">
            <Shape><Polygon POINTS="3188 8164 3193 8237 3267 8216 3293 8237 3314 8252 3314 8258 3319 8258 3324 8258 3329 8258 3335 8258 3397 8237 3476 8284 3481 8284 3486 8284 3492 8289 3654 8289 3654 8284 3659 8284 3811 8221 3848 8205 3905 8216 3989 8232 3994 8232 4000 8232 4005 8232 4026 8211 4041 8200 4073 8211 4120 8226 4125 8226 4130 8226 4345 8200 4350 8137 4335 7938 3806 7970 3780 7959 3738 7938 3732 7938 3727 7938 3722 7938 3659 7965 3638 7975 3623 7965 3549 7918 3544 7918 3539 7918 3534 7918 3277 7923 3272 7923 3267 7923 3178 7970 3188 8164"/></Shape>
	    <String CONTENT="Captiuam"
                    HPOS="3178"
                    VPOS="7918"
                    WIDTH="1172"
                    HEIGHT="371"></String>
          </TextLine>

          
        </TextBlock>
        

        
      </PrintSpace>
    </Page>
  </Layout>
</alto>
