<?xml version="1.0" encoding="UTF-8"?>
<alto xmlns:xsi="http://www.w3.org/2001/XMLSchema-instance"
      xmlns="http://www.loc.gov/standards/alto/ns-v4#"
      xsi:schemaLocation="http://www.loc.gov/standards/alto/ns-v4# http://www.loc.gov/standards/alto/v4/alto-4-2.xsd">
  <Description>
    <MeasurementUnit>pixel</MeasurementUnit>
    <sourceImageInformation>
      <fileName>page_108.png</fileName>
      
    </sourceImageInformation>
  </Description>
  
  <Tags>
    <OtherTag ID="BT10643" LABEL="NumberingZone" DESCRIPTION="block type NumberingZone"/><OtherTag ID="BT10642" LABEL="DropCapitalZone" DESCRIPTION="block type DropCapitalZone"/><OtherTag ID="BT10641" LABEL="GraphicZone" DESCRIPTION="block type GraphicZone"/><OtherTag ID="BT10640" LABEL="QuireMarksZone" DESCRIPTION="block type QuireMarksZone"/><OtherTag ID="BT10639" LABEL="RunningTitleZone" DESCRIPTION="block type RunningTitleZone"/><OtherTag ID="BT10638" LABEL="MainZone" DESCRIPTION="block type MainZone"/><OtherTag ID="BT10637" LABEL="MarginTextZone" DESCRIPTION="block type MarginTextZone"/>
    <OtherTag ID="LT4185" LABEL="default" DESCRIPTION="line type default"/><OtherTag ID="LT4183" LABEL="HeadingLine" DESCRIPTION="line type HeadingLine"/><OtherTag ID="LT4182" LABEL="CustomLine : BiblicalText" DESCRIPTION="line type CustomLine : BiblicalText"/><OtherTag ID="LT4184" LABEL="DefaultLine" DESCRIPTION="line type DefaultLine"/>
  </Tags>
  
  <Layout>
    <Page WIDTH="6000"
          HEIGHT="9420"
          PHYSICAL_IMG_NR="10"
          ID="eSc_dummypage_">
      <PrintSpace HPOS="0"
                  VPOS="0"
                  WIDTH="6000"
                  HEIGHT="9420">
        
        <TextBlock HPOS="799.806"
                   VPOS="738.069"
                   WIDTH="2961.1639999999998"
                   HEIGHT="305.06100000000015"
                   ID="block_1"
                   TAGREFS="BT10639">
          <Shape><Polygon POINTS="799.806 738.069 3760.97 738.069 3760.97 1043.13 799.806 1043.13 799.806 738.069"/></Shape>
          
          
          <TextLine ID="eSc_line_7dd7351a"
                    TAGREFS="LT4183"
                    BASELINE="884 1004 3732 936" 
                    HPOS="879"
                    VPOS="737"
                    WIDTH="2853"
                    HEIGHT="330">
            <Shape><Polygon POINTS="3523 737 3497 758 3434 737 3387 737 3335 737 3282 743 3240 743 3172 758 3141 743 3125 743 3073 743 3041 743 3005 764 2947 743 2916 743 2863 748 2811 748 2759 748 2722 748 2717 748 2607 800 2345 753 2340 753 2287 753 2256 753 2162 816 1973 816 1858 774 1853 774 1848 774 1842 774 1748 821 1670 758 1659 764 1633 764 1570 821 1403 774 1397 774 1167 769 1162 769 1157 769 1151 769 1057 837 973 774 968 774 963 774 958 774 952 774 947 774 900 811 879 853 884 1004 884 1036 1015 1067 1020 1067 1026 1067 1094 1036 1104 1030 1167 1036 1481 1057 1486 1057 1492 1057 1497 1057 1534 1025 1544 1020 1586 1025 1738 1051 1743 1051 1910 1020 1984 1010 2167 1015 2476 1030 2481 1030 2486 1030 2523 1010 2549 999 2570 1010 2617 1030 2623 1030 2628 1030 2837 1004 2984 989 3062 1004 3136 1015 3141 1015 3732 989 3732 936 3722 774 3591 737 3544 737"/></Shape>
	    <String CONTENT="PAVLI AD EPHES."
                    HPOS="879"
                    VPOS="737"
                    WIDTH="2853"
                    HEIGHT="330"></String>
          </TextLine>

          
        </TextBlock>
        
        <TextBlock HPOS="4030.02"
                   VPOS="701.625"
                   WIDTH="402.50999999999976"
                   HEIGHT="318.46500000000003"
                   ID="block_2"
                   TAGREFS="BT10643">
          <Shape><Polygon POINTS="4030.02 701.625 4432.53 701.625 4432.53 1020.09 4030.02 1020.09 4030.02 701.625"/></Shape>
          
          
          <TextLine ID="eSc_line_ed307072"
                    TAGREFS="LT4184"
                    BASELINE="4057 926 4387 926" 
                    HPOS="4057"
                    VPOS="743"
                    WIDTH="330"
                    HEIGHT="324">
            <Shape><Polygon POINTS="4371 748 4319 743 4298 743 4057 753 4057 926 4057 1020 4382 1067 4387 926 4382 748 4371 748"/></Shape>
	    <String CONTENT="119"
                    HPOS="4057"
                    VPOS="743"
                    WIDTH="330"
                    HEIGHT="324"></String>
          </TextLine>

          
        </TextBlock>
        
        <TextBlock HPOS="334.382"
                   VPOS="1099.37"
                   WIDTH="4159.698"
                   HEIGHT="7121.7"
                   ID="block_3"
                   TAGREFS="BT10638">
          <Shape><Polygon POINTS="334.382 1099.37 4494.08 1099.37 4494.08 8221.07 334.382 8221.07 334.382 1099.37"/></Shape>
          
          
          <TextLine ID="eSc_line_fdd1fb80"
                    TAGREFS="LT4184"
                    BASELINE="392 1413 3502 1344" 
                    HPOS="382"
                    VPOS="1072"
                    WIDTH="3120"
                    HEIGHT="414">
            <Shape><Polygon POINTS="486 1146 434 1156 424 1156 382 1193 392 1413 392 1460 623 1486 628 1486 926 1454 942 1454 952 1454 1104 1475 1109 1475 1115 1475 1198 1449 1225 1444 1251 1449 1335 1470 1340 1470 1345 1470 1623 1444 1738 1433 1764 1439 1816 1460 1821 1460 1827 1460 1832 1460 1837 1460 1863 1439 1884 1428 2052 1439 2277 1449 2282 1449 2287 1449 2293 1449 2314 1433 2335 1418 2429 1433 2523 1444 2528 1444 2643 1428 2780 1407 2837 1423 2869 1433 2874 1433 2879 1433 2937 1423 3047 1402 3125 1423 3162 1428 3167 1428 3172 1428 3235 1418 3366 1397 3497 1413 3502 1344 3492 1161 3308 1161 3120 1072 3115 1072 3026 1072 3020 1072 3015 1072 2916 1125 2816 1083 2811 1083 2806 1083 2178 1093 2172 1093 2010 1182 2000 1187 1968 1182 1910 1177 1842 1109 1842 1104 1837 1104 1832 1104 1706 1104 1701 1104 1696 1104 1691 1104 1581 1193 1565 1203 879 1208 863 1203 743 1146 738 1146 732 1146 727 1146 722 1146 643 1203 497 1140 486 1146"/></Shape>
	    <String CONTENT="Sed cum rurſum dicit Paulus."
                    HPOS="382"
                    VPOS="1072"
                    WIDTH="3120"
                    HEIGHT="414"></String>
          </TextLine>

          
          
          <TextLine ID="eSc_line_84c814ed"
                    TAGREFS="LT4182"
                    BASELINE="727 1727 3837 1643" 
                    HPOS="717"
                    VPOS="1428"
                    WIDTH="3120"
                    HEIGHT="387">
            <Shape><Polygon POINTS="727 1779 895 1815 900 1815 1104 1774 1141 1768 1172 1774 1303 1805 1308 1805 1314 1805 1455 1768 1507 1758 1591 1768 1795 1789 1801 1789 1973 1758 2089 1742 2251 1758 2465 1774 2471 1774 2476 1774 2481 1774 2507 1753 2518 1747 2586 1747 2821 1763 2827 1763 2832 1763 2837 1763 2863 1747 2900 1721 2931 1742 2931 1747 2937 1747 2942 1747 2947 1747 2952 1747 2973 1742 3089 1716 3225 1737 3282 1747 3287 1753 3445 1753 3445 1747 3450 1747 3476 1737 3528 1706 3581 1732 3596 1742 3602 1742 3607 1742 3837 1727 3837 1643 3827 1481 3497 1428 3492 1428 3486 1428 3345 1486 3099 1460 3094 1460 3089 1460 3083 1460 3083 1465 3041 1496 3041 1501 2780 1501 2696 1501 2649 1465 2649 1460 2643 1460 2638 1460 2481 1454 2476 1454 2471 1454 2465 1454 2403 1512 2397 1512 2387 1512 2000 1470 1994 1470 1989 1470 1905 1517 1780 1517 1712 1475 1706 1475 1701 1475 1696 1475 1261 1491 1256 1491 1251 1491 1172 1538 1167 1543 1157 1543 1078 1517 1073 1517 1068 1517 1062 1517 1057 1517 1020 1543 1010 1554 717 1554 727 1727"/></Shape>
	    <String CONTENT="Qui deſcẽdit, idẽ ille eſt, qui etiã aſcẽdit."
                    HPOS="717"
                    VPOS="1428"
                    WIDTH="3120"
                    HEIGHT="387"></String>
          </TextLine>

          
          
          <TextLine ID="eSc_line_d7190675"
                    TAGREFS="LT4184"
                    BASELINE="602 2056 4392 1972" 
                    HPOS="591"
                    VPOS="1727"
                    WIDTH="3801"
                    HEIGHT="418">
            <Shape><Polygon POINTS="3921 1758 3670 1737 3664 1737 3659 1737 3528 1779 3424 1821 2958 1826 2874 1789 2795 1758 2790 1758 2785 1758 2780 1758 2774 1758 2732 1795 2691 1831 2602 1831 2544 1795 2497 1763 2492 1763 2486 1763 2481 1763 2476 1763 2366 1800 2240 1842 2031 1805 1869 1779 1863 1779 1858 1779 1853 1779 1816 1810 1753 1857 1523 1863 1345 1863 1287 1815 1267 1800 1261 1800 1256 1800 1172 1795 1167 1795 1162 1795 1078 1821 947 1863 848 1826 801 1805 795 1805 790 1805 591 1826 602 2056 602 2124 1068 2103 1120 2119 1162 2135 1167 2135 1172 2135 1261 2119 1308 2109 1319 2114 1345 2140 1350 2140 1356 2140 1361 2145 1539 2145 1539 2140 1712 2109 1821 2088 1858 2103 1905 2124 1910 2124 1916 2124 1921 2124 1979 2103 2031 2082 2193 2098 2439 2119 2445 2119 2450 2119 2455 2119 2497 2088 2518 2077 2554 2088 2586 2098 2591 2098 2596 2098 2654 2088 2743 2067 2764 2082 2790 2109 2795 2109 2801 2109 2806 2109 2811 2109 2874 2082 2895 2072 2905 2082 2942 2109 2947 2109 2952 2109 2958 2109 2963 2109 3031 2077 3036 2077 3047 2077 3167 2103 3172 2103 3314 2072 3387 2056 3418 2072 3465 2093 3471 2093 3476 2093 3670 2067 3701 2061 3722 2061 3905 2088 3910 2088 4099 2056 4219 2035 4387 2046 4392 1972 4371 1768 4324 1789 4298 1768 4251 1727 4230 1727"/></Shape>
	    <String CONTENT="Rurſus per allœoſim hæc intelligẽda"
                    HPOS="591"
                    VPOS="1727"
                    WIDTH="3801"
                    HEIGHT="418"></String>
          </TextLine>

          
          
          <TextLine ID="eSc_line_8fe60216"
                    TAGREFS="LT4184"
                    BASELINE="387 2391 4361 2313" 
                    HPOS="382"
                    VPOS="2098"
                    WIDTH="3979"
                    HEIGHT="382">
            <Shape><Polygon POINTS="387 2391 387 2443 633 2480 638 2480 890 2443 958 2433 1047 2438 1314 2464 1319 2464 1324 2464 1403 2438 1445 2423 1513 2433 1633 2459 1638 2459 1643 2459 1717 2433 1769 2412 1979 2412 2183 2412 2214 2428 2235 2443 2240 2443 2246 2443 2251 2443 2450 2428 2628 2412 2675 2423 2722 2438 2727 2438 2732 2438 2926 2423 3340 2386 3492 2412 3497 2412 3502 2412 3575 2381 3696 2407 3701 2407 3706 2407 3764 2381 3811 2412 3811 2417 3816 2417 3821 2417 3827 2417 3832 2417 3848 2412 3973 2375 4350 2407 4361 2313 4350 2145 4183 2103 4178 2103 4172 2103 4089 2145 4000 2114 3994 2114 3989 2114 3984 2114 3900 2150 3664 2156 3486 2156 3481 2156 3413 2098 3408 2098 3403 2098 3303 2098 3298 2098 3057 2103 3052 2103 3047 2103 2958 2166 2947 2166 2916 2166 2612 2140 2607 2140 2602 2140 2596 2140 2549 2171 2544 2177 2204 2182 2188 2177 2083 2135 2078 2135 2073 2135 2068 2135 1984 2182 1963 2192 1570 2192 1544 2187 1408 2140 1403 2140 1183 2140 1178 2140 921 2145 916 2145 910 2145 848 2198 816 2171 811 2171 806 2171 801 2171 795 2171 738 2198 712 2208 664 2198 450 2156 445 2156 439 2156 434 2156 382 2187 387 2391"/></Shape>
	    <String CONTENT="ſunt. Niſi enim tropum adhibeas, neq;"
                    HPOS="382"
                    VPOS="2098"
                    WIDTH="3979"
                    HEIGHT="382"></String>
          </TextLine>

          
          
          <TextLine ID="eSc_line_870b7797"
                    TAGREFS="LT4184"
                    BASELINE="387 2721 4376 2642" 
                    HPOS="376"
                    VPOS="2423"
                    WIDTH="4000"
                    HEIGHT="392">
            <Shape><Polygon POINTS="387 2721 387 2778 832 2805 837 2805 842 2805 937 2778 1047 2815 1052 2815 1057 2815 1062 2815 1136 2778 1272 2778 1439 2810 1445 2810 1910 2799 1916 2799 2005 2757 2031 2747 2167 2747 2183 2757 2230 2794 2235 2794 2240 2794 2246 2794 2251 2794 2256 2794 2308 2752 2319 2747 2382 2752 2502 2763 2507 2763 2513 2763 2518 2763 2534 2752 2560 2737 2743 2747 3010 2763 3015 2763 3020 2763 3026 2763 3052 2742 3073 2731 3230 2742 3528 2757 3534 2757 3539 2757 3544 2757 3575 2737 3591 2726 3680 2731 3790 2742 3795 2742 3801 2742 3806 2742 3816 2731 3853 2710 4366 2721 4376 2642 4366 2470 4141 2449 4136 2449 4130 2449 4073 2470 4036 2480 3942 2470 3853 2459 3848 2459 3780 2470 3685 2485 3664 2470 3602 2423 3596 2423 3591 2423 3586 2423 3581 2423 3471 2470 3460 2475 3445 2470 3308 2428 3303 2428 3298 2428 3104 2470 2979 2501 2942 2475 2900 2438 2895 2438 2890 2438 2884 2438 2633 2443 2628 2443 2570 2475 2549 2485 2518 2475 2445 2449 2439 2449 2240 2449 2235 2449 2230 2449 2146 2475 2026 2517 1937 2475 1895 2459 1890 2459 1780 2459 1774 2459 1769 2459 1722 2475 1602 2532 1162 2543 952 2543 863 2480 858 2480 853 2480 848 2480 842 2480 837 2480 743 2543 591 2485 586 2485 376 2485 387 2721"/></Shape>
	    <String CONTENT="Pauli, neq; ipſius Chriſti uerba loannis"
                    HPOS="376"
                    VPOS="2423"
                    WIDTH="4000"
                    HEIGHT="392"></String>
          </TextLine>

          
          
          <TextLine ID="eSc_line_26585e74"
                    TAGREFS="LT4184"
                    BASELINE="397 3061 4382 2972" 
                    HPOS="387"
                    VPOS="2752"
                    WIDTH="3995"
                    HEIGHT="372">
            <Shape><Polygon POINTS="397 3061 397 3119 1560 3124 1565 3124 1570 3124 1628 3103 1664 3092 1811 3103 2026 3113 2031 3113 2167 3098 2272 3082 2361 3092 2445 3103 2450 3103 2455 3103 2460 3103 2476 3092 2502 3071 2528 3092 2539 3098 2544 3098 2549 3098 2554 3098 2968 3092 3167 3082 3701 3045 4104 3066 4136 3066 4141 3066 4146 3066 4151 3066 4256 3035 4366 3061 4382 2972 4366 2799 4057 2815 4026 2799 3910 2752 3905 2752 3900 2752 3895 2752 3722 2805 3654 2826 3596 2810 3445 2763 3439 2763 3434 2763 3225 2768 3219 2768 3214 2768 3214 2773 3167 2815 3146 2836 2952 2841 2832 2820 2654 2784 2649 2784 2643 2784 2638 2784 2591 2820 2560 2852 2492 2852 2376 2852 2335 2826 2267 2789 2261 2789 2256 2789 2078 2794 2073 2794 2068 2794 2020 2831 1973 2867 1612 2867 1492 2836 1376 2810 1371 2810 1366 2810 1141 2841 848 2888 691 2888 638 2852 612 2831 607 2831 602 2831 596 2831 387 2852 397 3061"/></Shape>
	    <String CONTENT="decimoſexto cohærebunt. Nam ſecũ¬"
                    HPOS="387"
                    VPOS="2752"
                    WIDTH="3995"
                    HEIGHT="372"></String>
          </TextLine>

          
          
          <TextLine ID="eSc_line_58792530"
                    TAGREFS="LT4184"
                    BASELINE="403 3396 4387 3317" 
                    HPOS="392"
                    VPOS="3077"
                    WIDTH="3995"
                    HEIGHT="382">
            <Shape><Polygon POINTS="403 3396 403 3448 1460 3459 1465 3459 1801 3433 2041 3417 2146 3427 2251 3443 2256 3443 2261 3443 2267 3443 2267 3438 2277 3427 2298 3412 2387 3427 2455 3438 2460 3438 2465 3438 2492 3427 2528 3406 2874 3422 3047 3427 3052 3427 3198 3417 3602 3385 3727 3412 3743 3412 3748 3412 3806 3412 4261 3380 4376 3401 4387 3317 4376 3108 4308 3077 4303 3077 4298 3077 4062 3108 3848 3082 3842 3082 3837 3082 3753 3124 3696 3150 3654 3124 3643 3113 3638 3113 3633 3113 3628 3113 3623 3113 3591 3124 3534 3145 3507 3124 3465 3092 3460 3092 3455 3092 3319 3092 3314 3092 3115 3108 3109 3108 3057 3129 2989 3166 2926 3134 2879 3108 2874 3108 2869 3108 2863 3108 2790 3134 2691 3176 2481 3176 2429 3140 2397 3113 2392 3113 2387 3113 2308 3113 2303 3113 2298 3113 2246 3145 2167 3187 1445 3202 1329 3202 1240 3155 1193 3134 1188 3134 1183 3134 1031 3140 1026 3140 1020 3140 989 3160 910 3213 670 3213 602 3166 581 3150 575 3150 570 3150 565 3150 392 3166 403 3396"/></Shape>
	    <String CONTENT="dum diuinitatem de cœlo deſcendit, ſe"
                    HPOS="392"
                    VPOS="3077"
                    WIDTH="3995"
                    HEIGHT="382"></String>
          </TextLine>

          
          
          <TextLine ID="eSc_line_0073f5cb"
                    TAGREFS="LT4184"
                    BASELINE="408 3731 4387 3647" 
                    HPOS="397"
                    VPOS="3427"
                    WIDTH="3990"
                    HEIGHT="388">
            <Shape><Polygon POINTS="408 3731 408 3788 638 3809 643 3809 863 3783 1026 3815 1031 3815 1036 3815 1157 3773 1162 3773 1188 3773 1560 3799 1565 3799 1570 3799 1654 3762 1664 3757 1717 3762 2136 3799 2141 3799 2460 3741 2481 3741 2497 3741 2811 3783 2816 3783 2821 3783 2984 3736 3130 3778 3136 3778 3141 3778 3418 3726 3539 3762 3544 3762 3549 3762 3554 3762 3628 3726 4387 3694 4387 3647 4376 3490 4010 3427 4005 3427 4000 3427 3931 3454 3633 3433 3628 3433 3314 3511 3209 3511 3094 3448 3089 3448 2890 3448 2884 3448 2879 3448 2748 3506 2523 3459 2518 3459 2513 3459 2382 3527 2371 3527 2146 3501 2141 3501 2136 3501 2130 3501 2094 3532 1921 3506 1916 3506 1910 3506 1905 3506 1853 3537 1848 3542 1764 3542 1628 3542 1586 3506 1581 3506 1575 3506 1570 3506 1565 3506 1560 3506 1518 3542 1455 3522 1450 3522 1445 3522 1115 3553 1094 3553 1089 3553 1005 3490 1000 3490 994 3490 910 3490 905 3490 900 3490 895 3490 816 3558 811 3558 518 3527 513 3527 507 3527 397 3558 408 3731"/></Shape>
	    <String CONTENT="cundum utranq; uerò, ſed potiſſimum"
                    HPOS="397"
                    VPOS="3427"
                    WIDTH="3990"
                    HEIGHT="388"></String>
          </TextLine>

          
          
          <TextLine ID="eSc_line_43b81a3b"
                    TAGREFS="LT4184"
                    BASELINE="408 4061 4376 3982" 
                    HPOS="408"
                    VPOS="3768"
                    WIDTH="3968"
                    HEIGHT="350">
            <Shape><Polygon POINTS="408 4118 4376 4066 4376 3982 4366 3815 4083 3768 4078 3768 3827 3773 3821 3773 3712 3820 3685 3830 3659 3820 3565 3778 3560 3778 3554 3778 3361 3820 3277 3841 3209 3825 3083 3788 3078 3788 3073 3788 3068 3788 3062 3788 3020 3825 2994 3851 2732 3851 2649 3830 2549 3799 2544 3799 2539 3799 2534 3799 2528 3799 2481 3830 2439 3856 2361 3836 2356 3836 2350 3836 1785 3867 1712 3836 1664 3820 1659 3820 1654 3820 1649 3820 1586 3841 1476 3877 1235 3877 1178 3841 1151 3830 1146 3830 1015 3830 1010 3830 1005 3830 958 3846 811 3893 513 3893 408 3851 408 4061 408 4118"/></Shape>
	    <String CONTENT="iuxta humanam, cœlos aſcendit. Ete¬"
                    HPOS="408"
                    VPOS="3768"
                    WIDTH="3968"
                    HEIGHT="350"></String>
          </TextLine>

          
          
          <TextLine ID="eSc_line_ea0dcbf1"
                    TAGREFS="LT4184"
                    BASELINE="403 4396 4376 4322" 
                    HPOS="397"
                    VPOS="4118"
                    WIDTH="3979"
                    HEIGHT="377">
            <Shape><Polygon POINTS="403 4396 403 4448 659 4495 664 4495 670 4495 764 4448 958 4490 963 4490 1198 4464 1240 4484 1246 4484 1251 4484 1256 4484 1261 4484 1319 4437 1989 4458 1994 4458 2261 4422 2376 4464 2382 4464 2387 4464 2701 4411 2706 4411 2717 4411 2947 4453 2952 4453 2958 4453 2963 4453 3015 4422 3146 4437 3151 4437 3298 4406 3638 4437 3643 4437 3853 4396 4083 4432 4089 4432 4371 4380 4376 4322 4366 4150 3429 4144 3424 4144 3125 4170 3062 4176 3052 4170 2931 4118 2926 4118 2921 4118 2581 4181 2575 4181 2371 4129 2366 4129 2361 4129 2356 4129 2225 4191 2146 4134 2141 4134 2136 4134 2130 4134 1790 4139 1261 4207 1214 4218 1089 4218 1083 4212 952 4155 947 4155 942 4155 764 4160 759 4160 753 4160 654 4223 649 4223 633 4223 497 4197 492 4197 486 4197 397 4223 403 4396"/></Shape>
	    <String CONTENT="nim hęc ueluti hoſpes illuc uenit: quũ"
                    HPOS="397"
                    VPOS="4118"
                    WIDTH="3979"
                    HEIGHT="377"></String>
          </TextLine>

          
          
          <TextLine ID="eSc_line_8178ffd5"
                    TAGREFS="LT4184"
                    BASELINE="403 4725 2397 4704 4371 4647" 
                    HPOS="397"
                    VPOS="4448"
                    WIDTH="3974"
                    HEIGHT="392">
            <Shape><Polygon POINTS="403 4725 403 4798 670 4798 680 4798 905 4840 910 4840 916 4840 921 4840 979 4793 989 4788 1136 4793 1942 4819 1947 4819 1952 4819 1958 4819 2010 4778 2031 4767 2130 4778 2298 4798 2303 4798 2308 4798 2361 4778 2387 4762 2413 4772 2455 4798 2460 4798 2732 4804 2738 4804 2743 4804 2748 4804 2748 4798 2785 4767 2790 4767 2795 4767 2832 4793 2837 4793 2842 4793 2848 4798 3083 4798 3083 4793 3089 4793 3094 4793 3130 4767 3151 4746 3319 4741 3450 4762 3565 4778 3570 4783 4047 4783 4047 4778 4052 4778 4120 4751 4188 4725 4366 4746 4371 4647 4361 4490 4041 4469 4036 4469 3706 4490 3429 4505 3376 4490 3256 4448 3251 4448 3036 4448 3031 4448 3026 4448 3020 4448 2979 4484 2900 4464 2895 4464 2890 4464 2884 4464 2821 4490 2748 4526 2507 4526 2450 4490 2392 4464 2387 4464 2287 4464 2282 4464 2277 4464 2209 4495 2115 4532 1968 4495 1963 4495 1958 4495 1952 4495 1853 4542 1664 4542 1570 4495 1539 4479 1534 4479 1434 4479 1429 4479 1424 4479 1382 4495 1267 4542 973 4495 921 4490 916 4490 910 4490 905 4490 900 4495 801 4558 654 4495 649 4495 643 4495 638 4495 397 4495 403 4725"/></Shape>
	    <String CONTENT="illa, licet ſemper ubiq; exiſtens, in pro¬"
                    HPOS="397"
                    VPOS="4448"
                    WIDTH="3974"
                    HEIGHT="392"></String>
          </TextLine>

          
          
          <TextLine ID="eSc_line_833cfa44"
                    TAGREFS="LT4184"
                    BASELINE="418 5065 4366 4987" 
                    HPOS="413"
                    VPOS="4767"
                    WIDTH="3953"
                    HEIGHT="408">
            <Shape><Polygon POINTS="418 5065 418 5175 617 5175 617 5170 623 5170 628 5170 633 5165 691 5118 785 5118 869 5144 874 5144 879 5144 1214 5112 1303 5144 1308 5144 1314 5144 1319 5144 1324 5144 1397 5112 1617 5133 1722 5144 1727 5144 1732 5144 1738 5144 1753 5128 1795 5097 1879 5128 1937 5144 1942 5144 1947 5144 1952 5144 1958 5144 1958 5139 1979 5123 2010 5092 2267 5086 2439 5107 2602 5128 2607 5128 2612 5128 2727 5097 2759 5092 2774 5097 2827 5123 2832 5123 2837 5123 2842 5123 2916 5097 3188 5118 3193 5118 3198 5118 3293 5081 3329 5065 3356 5081 3413 5107 3418 5107 3424 5107 3429 5107 3434 5107 3476 5076 3497 5060 3617 5060 3717 5065 4094 5102 4099 5102 4104 5102 4219 5050 4230 5050 4361 5050 4366 4987 4350 4798 4041 4825 3952 4804 3780 4767 3774 4767 3769 4767 3654 4804 3607 4767 3602 4767 3596 4767 3591 4767 3387 4772 3382 4772 3376 4772 3308 4825 3277 4846 3188 4846 3157 4825 3068 4778 3062 4778 3057 4778 2801 4783 2795 4783 2790 4783 2732 4835 2712 4856 2476 4856 2450 4846 2424 4825 2418 4825 2413 4825 2408 4825 2403 4825 2397 4825 2371 4846 2350 4861 1979 4872 1869 4872 1853 4861 1790 4804 1785 4804 1780 4804 1774 4804 1518 4809 1513 4809 1507 4809 1434 4861 1303 4846 1298 4846 1293 4846 1214 4877 1188 4887 1120 4887 1109 4877 1026 4819 1020 4819 1015 4819 1010 4819 884 4846 706 4825 701 4825 696 4825 691 4825 612 4887 413 4893 418 5065"/></Shape>
	    <String CONTENT="priã ſuam ſedem reuerſa ſit. Heîc per"
                    HPOS="413"
                    VPOS="4767"
                    WIDTH="3953"
                    HEIGHT="408"></String>
          </TextLine>

          
          
          <TextLine ID="eSc_line_7b9bf934"
                    TAGREFS="LT4184"
                    BASELINE="408 5400 4397 5322" 
                    HPOS="403"
                    VPOS="5092"
                    WIDTH="3994"
                    HEIGHT="392">
            <Shape><Polygon POINTS="408 5400 408 5453 602 5484 607 5484 612 5484 685 5453 1000 5479 1005 5479 1324 5447 1460 5474 1465 5474 1471 5474 1554 5437 1691 5463 1696 5463 1848 5437 1926 5463 1931 5463 1937 5463 1942 5463 2052 5426 2068 5426 2785 5447 2790 5447 3104 5411 3308 5437 3314 5437 3319 5437 3424 5406 3513 5432 3518 5432 3523 5432 3528 5432 3596 5395 3602 5395 3617 5395 3795 5426 3801 5426 3968 5390 3979 5385 4397 5379 4397 5322 4387 5107 4136 5092 4130 5092 4125 5092 4078 5112 4057 5128 4036 5118 4010 5097 4005 5097 4000 5097 3994 5097 3565 5102 3560 5102 3554 5102 3513 5133 3445 5181 3287 5186 3010 5186 2947 5154 2900 5128 2895 5128 2890 5128 2884 5128 2780 5160 2654 5191 2544 5165 2513 5160 2507 5160 2502 5160 2481 5165 2418 5196 2371 5170 2329 5149 2324 5149 2319 5149 2314 5149 2308 5149 2272 5175 2219 5207 2130 5207 2099 5181 2036 5133 2031 5133 2026 5133 2020 5133 1816 5139 1811 5139 1806 5139 1722 5191 1685 5217 1445 5217 1418 5201 1345 5170 1340 5170 1335 5170 1329 5170 1324 5170 1267 5207 1261 5212 1240 5207 1000 5154 994 5154 989 5154 984 5154 884 5222 874 5228 811 5222 575 5196 570 5196 403 5233 408 5400"/></Shape>
	    <String CONTENT="occaſionem fidei articulum noſtræ de"
                    HPOS="403"
                    VPOS="5092"
                    WIDTH="3994"
                    HEIGHT="392"></String>
          </TextLine>

          
          
          <TextLine ID="eSc_line_17dcf3aa"
                    TAGREFS="LT4184"
                    BASELINE="424 5735 4376 5667" 
                    HPOS="413"
                    VPOS="5416"
                    WIDTH="3963"
                    HEIGHT="413">
            <Shape><Polygon POINTS="424 5735 424 5788 565 5829 570 5829 575 5829 581 5829 586 5829 623 5798 701 5824 706 5824 712 5824 717 5824 722 5824 722 5819 764 5788 764 5782 1031 5782 1041 5782 1178 5819 1183 5819 1188 5819 1193 5819 1319 5782 1617 5814 1623 5814 1628 5814 1633 5814 1633 5809 1675 5777 1680 5772 1701 5772 1937 5809 1942 5809 1947 5809 2020 5777 2240 5803 2246 5803 2251 5803 2345 5767 2361 5761 2387 5767 2518 5798 2523 5798 2528 5798 2534 5798 2575 5767 2581 5761 2581 5767 2617 5788 2623 5788 2628 5788 2633 5788 2790 5761 2837 5756 2890 5761 3141 5788 3146 5788 3151 5788 3157 5788 3198 5756 3209 5751 3246 5756 3424 5782 3429 5782 3670 5751 3764 5740 3790 5751 3821 5761 3827 5761 3832 5761 3837 5761 3842 5761 3858 5751 3879 5735 4371 5740 4376 5667 4366 5432 4308 5416 4303 5416 4298 5416 4293 5416 4251 5437 4188 5474 3989 5489 3926 5442 3900 5421 3895 5421 3890 5421 3769 5421 3764 5421 3759 5421 3753 5421 3717 5442 3670 5474 3507 5447 3429 5437 3424 5437 3418 5437 3392 5447 3298 5505 3172 5505 3073 5453 3057 5447 3052 5447 3047 5447 3041 5447 3036 5447 3031 5453 2968 5505 2837 5458 2821 5453 2816 5453 2811 5453 2806 5453 2780 5458 2581 5515 2230 5526 2099 5526 2000 5468 1973 5458 1968 5458 1963 5458 1958 5458 1905 5468 1717 5521 1560 5474 1513 5463 1507 5463 1502 5463 1403 5479 1319 5489 1198 5479 1041 5468 1036 5468 1031 5468 1026 5468 1005 5484 900 5547 821 5547 748 5489 732 5474 727 5474 722 5474 717 5474 413 5489 424 5735"/></Shape>
	    <String CONTENT="Chriſti aſcenſione tractabis, &amp; obiter"
                    HPOS="413"
                    VPOS="5416"
                    WIDTH="3963"
                    HEIGHT="413"></String>
          </TextLine>

          
          
          <TextLine ID="eSc_line_afc0efb8"
                    TAGREFS="LT4184"
                    BASELINE="403 6065 4403 5997" 
                    HPOS="397"
                    VPOS="5772"
                    WIDTH="4006"
                    HEIGHT="398">
            <Shape><Polygon POINTS="403 6065 403 6133 685 6154 691 6154 963 6133 1089 6123 1109 6133 1178 6164 1183 6164 1188 6170 1324 6170 1324 6164 1596 6128 1649 6123 1675 6128 1785 6154 1790 6154 1795 6154 2031 6128 2235 6149 2240 6149 2539 6128 2544 6128 2549 6128 2554 6123 2602 6096 2654 6123 2696 6138 2701 6138 2706 6138 2712 6138 2780 6123 2890 6086 3696 6081 3759 6112 3769 6117 3774 6117 3780 6117 3785 6117 3790 6117 3790 6112 3848 6075 3931 6075 3984 6112 3989 6117 3994 6117 4000 6117 4005 6117 4403 6107 4403 5997 4382 5772 4214 5840 4026 5809 4020 5809 4015 5809 4010 5809 3963 5845 3602 5824 3596 5824 3246 5856 2895 5803 2832 5798 2827 5798 2753 5809 2623 5829 2403 5819 2240 5809 2235 5809 2230 5809 2225 5809 2209 5819 2120 5877 1963 5850 1958 5850 1952 5850 1947 5850 1895 5882 1654 5856 1649 5856 1643 5856 1575 5892 1130 5892 1052 5850 1020 5829 1015 5829 1010 5829 1005 5829 1000 5829 942 5850 926 5856 900 5850 801 5835 795 5835 790 5835 785 5835 764 5856 738 5877 696 5856 659 5840 654 5840 649 5840 397 5861 403 6065"/></Shape>
	    <String CONTENT="docebis, eos qui Chriſti carnem in pa¬"
                    HPOS="397"
                    VPOS="5772"
                    WIDTH="4006"
                    HEIGHT="398"></String>
          </TextLine>

          
          
          <TextLine ID="eSc_line_e41b6dbf"
                    TAGREFS="LT4184"
                    BASELINE="397 6405 4392 6332" 
                    HPOS="392"
                    VPOS="6112"
                    WIDTH="4000"
                    HEIGHT="393">
            <Shape><Polygon POINTS="397 6405 397 6457 806 6457 942 6505 947 6505 952 6505 958 6505 1036 6468 1151 6499 1157 6499 1162 6499 1167 6499 1272 6452 1513 6494 1518 6494 1816 6489 2099 6437 2324 6457 2329 6457 2335 6457 2445 6426 2539 6468 2544 6468 2549 6468 2554 6468 2712 6426 2743 6452 2748 6452 2753 6452 3109 6463 3115 6463 3120 6463 3277 6416 3528 6457 3534 6457 3795 6400 3816 6395 3827 6395 3973 6447 3979 6447 3984 6447 3989 6447 4130 6389 4141 6389 4387 6389 4392 6332 4382 6112 4109 6112 4104 6112 4099 6112 4094 6112 4089 6117 4047 6149 3916 6123 3874 6117 3869 6117 3863 6117 3848 6123 3722 6185 3549 6133 3507 6123 3502 6123 3497 6123 3492 6123 3460 6138 3356 6185 3151 6154 3146 6154 3141 6154 3136 6154 3073 6201 2439 6206 2246 6175 2240 6175 2235 6175 2230 6175 2178 6217 1774 6222 1492 6191 1219 6164 1214 6164 1089 6170 1083 6170 1000 6206 926 6238 392 6227 397 6405"/></Shape>
	    <String CONTENT="nem, &amp; ſanguinem in uinum ſymboli¬"
                    HPOS="392"
                    VPOS="6112"
                    WIDTH="4000"
                    HEIGHT="393"></String>
          </TextLine>

          
          
          <TextLine ID="eSc_line_164337fa"
                    TAGREFS="LT4184"
                    BASELINE="408 6740 4376 6672" 
                    HPOS="403"
                    VPOS="6468"
                    WIDTH="3973"
                    HEIGHT="366">
            <Shape><Polygon POINTS="408 6740 408 6792 659 6834 664 6834 670 6834 759 6792 832 6829 837 6829 842 6829 1513 6782 1670 6813 1675 6813 1680 6813 1785 6777 1790 6777 2230 6808 2235 6808 2460 6777 2638 6798 2643 6798 2649 6798 2717 6761 2738 6761 3089 6792 3094 6792 3267 6756 3282 6751 3298 6751 3403 6782 3408 6782 3413 6782 3418 6782 3539 6751 3565 6745 3602 6751 3790 6771 3795 6771 3801 6771 3806 6771 3837 6745 3842 6745 3848 6745 4026 6766 4031 6766 4036 6766 4109 6740 4136 6735 4366 6735 4376 6672 4361 6468 4188 6494 4141 6473 4136 6473 4130 6473 4125 6473 4120 6473 4031 6525 3680 6484 3549 6473 3544 6473 3539 6473 3486 6494 3397 6525 3356 6494 3329 6478 3324 6478 3319 6478 3146 6478 3141 6478 3010 6505 2827 6546 2617 6520 2575 6515 2570 6515 2502 6520 2225 6562 2020 6562 1989 6536 1979 6525 1973 6525 1968 6525 1963 6525 1958 6525 1931 6541 1890 6562 1801 6541 1623 6505 1617 6505 1308 6510 1303 6510 1298 6510 1230 6562 1209 6573 1104 6562 900 6546 895 6546 890 6546 842 6573 837 6573 827 6573 675 6552 670 6552 403 6583 408 6740"/></Shape>
	    <String CONTENT="cum includunt, putantes dentibus cor"
                    HPOS="403"
                    VPOS="6468"
                    WIDTH="3973"
                    HEIGHT="366"></String>
          </TextLine>

          
          
          <TextLine ID="eSc_line_3eeed9ba"
                    TAGREFS="LT4184"
                    BASELINE="418 7075 4387 7007" 
                    HPOS="408"
                    VPOS="6803"
                    WIDTH="3979"
                    HEIGHT="387">
            <Shape><Polygon POINTS="418 7075 418 7190 565 7190 565 7185 570 7185 581 7185 722 7133 842 7159 848 7159 853 7159 910 7138 984 7169 1005 7180 1010 7180 1015 7180 1020 7180 1041 7169 1130 7127 1251 7164 1287 7174 1293 7174 1298 7174 1424 7159 1722 7117 1916 7143 1926 7143 1931 7143 1937 7143 1942 7143 1994 7112 2125 7138 2240 7159 2246 7159 2397 7127 2554 7101 2743 7122 2979 7143 2984 7143 2989 7143 2994 7143 3041 7112 3068 7096 3089 7112 3120 7133 3125 7133 3130 7133 3136 7133 3141 7133 3209 7106 3225 7101 3261 7106 3392 7122 3397 7122 3403 7122 3455 7101 3486 7085 3502 7096 3528 7122 3534 7122 3539 7122 3764 7133 3769 7133 3968 7085 3994 7075 4382 7070 4387 7007 4371 6824 4230 6829 4219 6824 4193 6803 4188 6803 4183 6803 4178 6803 4172 6803 4115 6829 4062 6855 3659 6860 3628 6839 3617 6829 3612 6829 3607 6829 3602 6829 3497 6839 3308 6866 3256 6845 3162 6808 3157 6808 3151 6808 3015 6819 3010 6819 3005 6819 2963 6855 2942 6871 2921 6855 2863 6813 2858 6813 2853 6813 2848 6813 2623 6860 2596 6866 2586 6860 2528 6839 2523 6839 2518 6839 2513 6839 2507 6839 2471 6866 2439 6881 2319 6866 2204 6855 2198 6855 2193 6855 2188 6855 2167 6871 2136 6892 1931 6892 1900 6876 1811 6834 1806 6834 1801 6834 1507 6860 1324 6839 1319 6839 1104 6845 1099 6845 1094 6845 1005 6897 984 6913 575 6913 565 6908 502 6876 497 6876 492 6876 486 6876 408 6902 418 7075"/></Shape>
	    <String CONTENT="poris, Chriſti corpus edi, &amp; non potius"
                    HPOS="408"
                    VPOS="6803"
                    WIDTH="3979"
                    HEIGHT="387"></String>
          </TextLine>

          
          
          <TextLine ID="eSc_line_d076a11d"
                    TAGREFS="LT4184"
                    BASELINE="403 7405 4371 7347" 
                    HPOS="397"
                    VPOS="7106"
                    WIDTH="3974"
                    HEIGHT="372">
            <Shape><Polygon POINTS="403 7405 403 7467 1780 7478 1785 7478 1942 7441 1968 7436 1973 7441 2010 7473 2015 7473 2020 7473 2026 7473 2240 7441 2916 7462 2921 7462 3267 7415 3303 7415 3518 7415 3523 7415 3602 7447 3607 7447 3612 7447 3617 7447 3738 7410 3743 7410 3910 7447 3916 7447 3921 7447 3926 7447 3973 7405 4371 7394 4371 7347 4361 7180 4120 7174 3973 7106 3968 7106 3963 7106 3759 7138 3549 7117 3544 7117 3539 7117 3392 7185 3382 7190 3240 7201 3078 7201 3062 7190 2979 7122 2973 7122 2968 7122 2890 7122 2884 7122 2591 7190 2523 7211 2204 7211 2178 7195 2083 7143 2078 7143 2073 7143 2068 7143 1947 7195 1910 7211 1874 7195 1832 7185 1827 7185 1821 7185 1816 7185 1811 7185 1790 7201 1753 7222 1492 7222 1455 7201 1335 7148 1329 7148 1324 7148 926 7153 921 7153 916 7153 837 7206 827 7211 821 7206 738 7153 732 7153 727 7153 722 7153 507 7159 502 7159 397 7201 403 7405"/></Shape>
	    <String CONTENT="fide ſur ſum erectis cordibus ubi Chri¬"
                    HPOS="397"
                    VPOS="7106"
                    WIDTH="3974"
                    HEIGHT="372"></String>
          </TextLine>

          
          
          <TextLine ID="eSc_line_2c65ee9d"
                    TAGREFS="LT4184"
                    BASELINE="418 7740 4361 7677" 
                    HPOS="408"
                    VPOS="7457"
                    WIDTH="3953"
                    HEIGHT="366">
            <Shape><Polygon POINTS="418 7740 418 7792 801 7818 806 7818 811 7818 895 7792 926 7823 931 7823 937 7823 942 7823 1136 7787 1507 7813 1513 7813 1518 7813 1523 7813 1549 7787 1670 7823 1675 7823 1680 7823 1685 7823 1785 7776 1979 7818 1984 7818 1989 7818 2099 7776 2193 7813 2198 7813 2204 7813 2392 7781 2612 7808 2617 7808 2623 7808 2732 7761 2738 7761 2748 7761 3026 7802 3031 7802 3544 7755 4026 7787 4031 7787 4361 7734 4361 7677 4340 7488 4293 7499 4267 7488 4204 7457 4198 7457 4193 7457 4188 7457 4083 7488 3984 7520 3073 7509 3068 7509 3062 7509 2989 7536 2921 7499 2874 7478 2869 7478 2863 7478 2858 7478 2785 7504 2764 7509 2753 7504 2722 7478 2717 7478 2712 7478 2706 7478 2460 7504 2376 7515 2345 7509 2277 7488 2272 7488 2267 7488 2261 7488 2219 7509 2141 7546 1769 7525 1764 7525 1759 7525 1753 7525 1701 7562 1465 7562 1429 7525 1424 7525 1418 7525 1413 7525 1408 7525 1340 7551 1298 7520 1282 7504 1277 7504 1272 7504 1068 7504 1062 7504 1057 7504 1026 7520 937 7567 753 7525 701 7515 696 7515 408 7525 418 7740"/></Shape>
	    <String CONTENT="ſtus ad dexteram dei ſedet: aut turpiter"
                    HPOS="408"
                    VPOS="7457"
                    WIDTH="3953"
                    HEIGHT="366"></String>
          </TextLine>

          
          
          <TextLine ID="eSc_line_802774c5"
                    TAGREFS="LT4184"
                    BASELINE="424 8080 4382 8038" 
                    HPOS="418"
                    VPOS="7839"
                    WIDTH="3964"
                    HEIGHT="361">
            <Shape><Polygon POINTS="418 8017 424 8080 424 8143 691 8143 801 8195 806 8195 811 8195 816 8195 910 8148 1057 8148 1251 8200 1256 8200 1261 8200 1267 8200 1371 8153 1586 8158 1591 8158 1596 8158 1649 8132 1654 8132 1659 8132 1890 8200 1895 8200 1900 8200 2345 8195 2350 8195 2523 8127 2554 8116 2575 8127 2617 8158 2623 8158 2628 8158 2633 8158 2638 8158 2643 8158 2691 8127 2717 8111 3125 8111 3162 8127 3308 8184 3314 8184 3319 8184 3722 8179 3727 8179 3837 8137 3937 8148 3942 8148 3947 8148 3952 8148 3994 8122 4031 8101 4371 8116 4382 8038 4366 7881 4162 7881 4157 7881 4104 7844 4099 7844 4094 7844 4089 7844 4083 7844 3973 7876 3842 7855 3837 7855 3712 7881 3654 7855 3649 7855 3643 7855 3314 7891 3277 7891 3267 7891 3109 7839 3104 7839 2895 7839 2890 7839 2884 7839 2774 7897 2769 7897 2759 7897 2623 7870 2617 7870 2612 7870 2607 7870 2575 7897 2575 7902 2078 7902 2073 7902 1994 7876 1989 7876 1984 7876 1979 7876 1874 7902 1816 7855 1811 7855 1806 7855 1659 7855 1654 7855 1649 7855 1643 7855 1586 7902 1445 7870 1439 7870 1434 7870 1429 7870 1382 7907 1198 7907 1136 7860 1130 7860 1125 7860 1047 7860 1041 7860 1036 7860 869 7918 858 7918 848 7918 628 7865 623 7865 617 7865 439 7912 418 8017"/></Shape>
	    <String CONTENT="articulum religionis noſtræ ignorare,"
                    HPOS="418"
                    VPOS="7839"
                    WIDTH="3964"
                    HEIGHT="361"></String>
          </TextLine>

          
        </TextBlock>
        
        <TextBlock HPOS="2621.16"
                   VPOS="8170.06"
                   WIDTH="1831.96"
                   HEIGHT="329.3800000000001"
                   ID="block_0"
                   TAGREFS="BT10640">
          <Shape><Polygon POINTS="2621.16 8170.06 4453.12 8170.06 4453.12 8499.44 2621.16 8499.44 2621.16 8170.06"/></Shape>
          
          
          <TextLine ID="eSc_line_2b505dc9"
                    TAGREFS="LT4184"
                    BASELINE="2748 8399 3078 8389" 
                    HPOS="2732"
                    VPOS="8143"
                    WIDTH="346"
                    HEIGHT="335">
            <Shape><Polygon POINTS="2748 8399 2748 8478 3078 8451 3078 8389 3062 8153 2732 8143 2748 8399"/></Shape>
	    <String CONTENT="H"
                    HPOS="2732"
                    VPOS="8143"
                    WIDTH="346"
                    HEIGHT="335"></String>
          </TextLine>

          
          
          <TextLine ID="eSc_line_901296dd"
                    TAGREFS="LT4184"
                    BASELINE="3412 8414 3433 8424 3465 8424 3581 8424" 
                    HPOS="3400"
                    VPOS="8171"
                    WIDTH="173"
                    HEIGHT="346">
            <Shape><Polygon POINTS="3400 8470 3549 8517 3573 8423 3573 8187 3439 8171 3408 8407 3400 8470"/></Shape>
	    <String CONTENT="4"
                    HPOS="3400"
                    VPOS="8171"
                    WIDTH="173"
                    HEIGHT="346"></String>
          </TextLine>

          
          
          <TextLine ID="eSc_line_35d6c885"
                    TAGREFS="LT4184"
                    BASELINE="3947 8383 4418 8383" 
                    HPOS="3947"
                    VPOS="8190"
                    WIDTH="471"
                    HEIGHT="267">
            <Shape><Polygon POINTS="3947 8383 3947 8420 4230 8457 4235 8457 4418 8420 4418 8383 4413 8190 3947 8226 3947 8383"/></Shape>
	    <String CONTENT="aut"
                    HPOS="3947"
                    VPOS="8190"
                    WIDTH="471"
                    HEIGHT="267"></String>
          </TextLine>

          
        </TextBlock>
        

        
      </PrintSpace>
    </Page>
  </Layout>
</alto>
