<?xml version="1.0" encoding="UTF-8"?>
<alto xmlns:xsi="http://www.w3.org/2001/XMLSchema-instance"
      xmlns="http://www.loc.gov/standards/alto/ns-v4#"
      xsi:schemaLocation="http://www.loc.gov/standards/alto/ns-v4# http://www.loc.gov/standards/alto/v4/alto-4-2.xsd">
  <Description>
    <MeasurementUnit>pixel</MeasurementUnit>
    <sourceImageInformation>
      <fileName>page_100.png</fileName>
      
    </sourceImageInformation>
  </Description>
  
  <Tags>
    <OtherTag ID="BT10643" LABEL="NumberingZone" DESCRIPTION="block type NumberingZone"/><OtherTag ID="BT10642" LABEL="DropCapitalZone" DESCRIPTION="block type DropCapitalZone"/><OtherTag ID="BT10641" LABEL="GraphicZone" DESCRIPTION="block type GraphicZone"/><OtherTag ID="BT10640" LABEL="QuireMarksZone" DESCRIPTION="block type QuireMarksZone"/><OtherTag ID="BT10639" LABEL="RunningTitleZone" DESCRIPTION="block type RunningTitleZone"/><OtherTag ID="BT10638" LABEL="MainZone" DESCRIPTION="block type MainZone"/><OtherTag ID="BT10637" LABEL="MarginTextZone" DESCRIPTION="block type MarginTextZone"/>
    <OtherTag ID="LT4185" LABEL="default" DESCRIPTION="line type default"/><OtherTag ID="LT4183" LABEL="HeadingLine" DESCRIPTION="line type HeadingLine"/><OtherTag ID="LT4182" LABEL="CustomLine : BiblicalText" DESCRIPTION="line type CustomLine : BiblicalText"/><OtherTag ID="LT4184" LABEL="DefaultLine" DESCRIPTION="line type DefaultLine"/>
  </Tags>
  
  <Layout>
    <Page WIDTH="6000"
          HEIGHT="9420"
          PHYSICAL_IMG_NR="2"
          ID="eSc_dummypage_">
      <PrintSpace HPOS="0"
                  VPOS="0"
                  WIDTH="6000"
                  HEIGHT="9420">
        
        <TextBlock HPOS="675.61"
                   VPOS="431.527"
                   WIDTH="2958.4"
                   HEIGHT="326.49899999999997"
                   ID="block_0"
                   TAGREFS="BT10639">
          <Shape><Polygon POINTS="675.61 431.527 3634.01 431.527 3634.01 758.026 675.61 758.026 675.61 431.527"/></Shape>
          
          
          <TextLine ID="eSc_line_75f1279c"
                    TAGREFS="LT4183"
                    BASELINE="748 690 1821 675 3602 690" 
                    HPOS="743"
                    VPOS="481"
                    WIDTH="2859"
                    HEIGHT="272">
            <Shape><Polygon POINTS="3518 518 3465 518 3413 512 3361 512 3308 512 3256 512 3204 512 3151 512 3099 512 3047 512 2994 507 2942 507 2890 507 2837 507 2785 507 2732 507 2680 507 2628 502 2575 502 2523 502 2471 502 2434 502 2340 518 2303 497 2261 497 2209 497 2157 497 2104 497 2052 497 2000 497 1947 497 1916 497 1879 523 1774 523 1743 491 1738 491 1685 491 1633 491 1591 491 1565 518 1445 486 1439 486 1434 486 1429 486 1424 486 1392 512 1230 486 1225 486 1219 486 1141 512 1099 481 1057 481 1026 481 916 512 801 481 795 481 748 486 748 690 743 716 801 748 806 748 811 748 994 716 1000 716 1005 716 1136 748 1141 748 1146 748 1675 727 1816 722 1827 727 1858 753 1863 753 1869 753 1874 753 1989 732 2015 727 2026 732 2068 753 2073 753 2078 753 2083 753 2136 732 2157 727 2340 737 2643 753 2649 753 2806 743 3109 722 3141 748 3146 748 3151 748 3591 753 3602 690 3596 523 3570 518"/></Shape>
	    <String CONTENT="PAVLI AD EPHES."
                    HPOS="743"
                    VPOS="481"
                    WIDTH="2859"
                    HEIGHT="272"></String>
          </TextLine>

          
        </TextBlock>
        
        <TextBlock HPOS="4025.38"
                   VPOS="497.527"
                   WIDTH="436.71000000000004"
                   HEIGHT="243.31099999999998"
                   ID="block_1"
                   TAGREFS="BT10643">
          <Shape><Polygon POINTS="4025.38 497.527 4462.09 497.527 4462.09 740.838 4025.38 740.838 4025.38 497.527"/></Shape>
          
          
          <TextLine ID="eSc_line_0794febb"
                    TAGREFS="LT4184"
                    BASELINE="4057 675 4403 664" 
                    HPOS="4047"
                    VPOS="481"
                    WIDTH="356"
                    HEIGHT="351">
            <Shape><Polygon POINTS="4382 481 4047 486 4057 675 4057 743 4172 743 4225 785 4267 821 4267 826 4272 826 4277 826 4403 832 4403 664 4387 481 4382 481"/></Shape>
	    <String CONTENT="111"
                    HPOS="4047"
                    VPOS="481"
                    WIDTH="356"
                    HEIGHT="351"></String>
          </TextLine>

          
        </TextBlock>
        
        <TextBlock HPOS="296.039"
                   VPOS="791.826"
                   WIDTH="4156.6810000000005"
                   HEIGHT="7109.634"
                   ID="block_2"
                   TAGREFS="BT10638">
          <Shape><Polygon POINTS="296.039 791.826 4452.72 791.826 4452.72 7901.46 296.039 7901.46 296.039 791.826"/></Shape>
          
          
          <TextLine ID="eSc_line_a37e8bb7"
                    TAGREFS="LT4184"
                    BASELINE="418 1083 4392 1072" 
                    HPOS="413"
                    VPOS="842"
                    WIDTH="3979"
                    HEIGHT="330">
            <Shape><Polygon POINTS="418 1130 528 1161 534 1161 539 1161 780 1135 973 1161 979 1161 984 1161 1047 1135 1125 1167 1130 1167 1136 1167 1141 1167 1146 1167 1198 1135 1204 1130 1230 1135 1429 1167 1434 1172 1675 1172 1675 1167 1680 1167 1685 1167 1727 1135 1738 1130 2198 1130 2214 1135 2277 1161 2282 1161 2287 1161 2293 1161 2371 1135 2408 1125 2445 1135 2523 1156 2528 1156 2534 1156 2680 1135 2732 1130 2780 1135 2968 1161 2973 1161 4387 1135 4392 1072 4382 910 4235 905 4136 842 4130 842 4125 842 4120 842 4115 842 4062 868 3874 842 3869 842 3863 842 3743 900 3727 910 3230 910 3209 894 3151 842 3146 842 3141 842 2952 842 2947 842 2942 842 2937 842 2869 889 2842 905 2821 889 2764 842 2759 842 2753 842 2523 842 2518 842 2513 842 2439 884 2387 910 2094 884 2089 884 1790 910 1706 873 1685 863 1680 863 1675 863 1670 863 1649 873 1581 910 1047 910 884 863 837 847 832 847 722 847 717 847 712 847 706 847 696 858 649 894 581 858 560 847 554 847 549 847 413 853 418 1083"/></Shape>
	    <String CONTENT="luti uni imperatori Chriſto nomẽ de¬"
                    HPOS="413"
                    VPOS="842"
                    WIDTH="3979"
                    HEIGHT="330"></String>
          </TextLine>

          
          
          <TextLine ID="eSc_line_f2ca3fdb"
                    TAGREFS="LT4184"
                    BASELINE="424 1423 4392 1413" 
                    HPOS="418"
                    VPOS="1193"
                    WIDTH="3974"
                    HEIGHT="345">
            <Shape><Polygon POINTS="424 1423 424 1491 507 1481 523 1491 575 1533 581 1533 586 1533 591 1538 685 1538 685 1533 691 1533 858 1491 895 1481 926 1491 1041 1533 1047 1533 1052 1538 1261 1538 1261 1533 1267 1533 1387 1486 1418 1475 2094 1475 2109 1481 2235 1533 2240 1533 2246 1538 2397 1538 2397 1533 2842 1528 2848 1528 2947 1475 2952 1470 2968 1475 3115 1512 3120 1512 3125 1512 3319 1470 3329 1470 3350 1470 3722 1507 3727 1507 3732 1507 3738 1507 3774 1481 3832 1507 3837 1507 3842 1507 4130 1481 4178 1512 4183 1512 4188 1512 4193 1512 4198 1512 4392 1460 4392 1413 4376 1240 4230 1250 4209 1240 4151 1193 4146 1193 4141 1193 3989 1193 3984 1193 3979 1193 3973 1193 3916 1240 3900 1250 3837 1240 3780 1229 3774 1229 3769 1229 3764 1229 3753 1240 3732 1261 3204 1261 3178 1240 3162 1229 3157 1229 3151 1229 3146 1229 2916 1240 2633 1256 2591 1240 2528 1219 2523 1219 2518 1219 2513 1219 2445 1240 2392 1261 2340 1240 2225 1198 2219 1198 1952 1198 1947 1198 1942 1198 1858 1229 1806 1198 1801 1198 1795 1198 1790 1198 1554 1245 1465 1261 1387 1245 1340 1235 1335 1235 1198 1245 1005 1261 979 1245 910 1198 905 1198 900 1198 481 1198 476 1198 471 1198 465 1198 418 1229 424 1423"/></Shape>
	    <String CONTENT="diſtis, concordiã quoq; inter cõmilito"
                    HPOS="418"
                    VPOS="1193"
                    WIDTH="3974"
                    HEIGHT="345"></String>
          </TextLine>

          
          
          <TextLine ID="eSc_line_f9308c91"
                    TAGREFS="LT4184"
                    BASELINE="418 1753 4387 1753" 
                    HPOS="418"
                    VPOS="1538"
                    WIDTH="3969"
                    HEIGHT="330">
            <Shape><Polygon POINTS="418 1753 418 1800 732 1842 738 1842 743 1842 827 1810 832 1805 842 1810 963 1863 968 1863 973 1868 1267 1868 1267 1863 1272 1863 1277 1863 1340 1815 1361 1805 1691 1805 1712 1821 1743 1847 1748 1847 1753 1847 1759 1847 2062 1826 2335 1805 2450 1831 2602 1863 2607 1868 2895 1868 2895 1863 2900 1863 2905 1863 2937 1836 2963 1815 3282 1805 3403 1805 3476 1842 3513 1863 3518 1863 3523 1868 3701 1868 3701 1863 3706 1863 3712 1863 3732 1847 3795 1810 3905 1810 3958 1847 3963 1847 3968 1847 3973 1847 4314 1815 4371 1857 4387 1753 4382 1575 4130 1590 4099 1575 4052 1543 4047 1543 4041 1543 3816 1538 3811 1538 3806 1538 3706 1575 3664 1596 3497 1596 3471 1575 3408 1538 3403 1538 3397 1538 2931 1538 2926 1538 2921 1538 2916 1538 2863 1580 2848 1596 2696 1596 2680 1580 2628 1538 2623 1538 2617 1538 2439 1538 2434 1538 2429 1538 2424 1538 2366 1585 2361 1590 2267 1590 2246 1585 2031 1538 2026 1538 2020 1538 1900 1585 1884 1590 1827 1585 1591 1559 1586 1559 1581 1559 1507 1585 1497 1590 1486 1585 1397 1554 1392 1554 1387 1554 1382 1554 1303 1590 1293 1590 1267 1590 1083 1564 1078 1564 1073 1564 1068 1564 1041 1590 1036 1596 418 1596 418 1753"/></Shape>
	    <String CONTENT="nes uigere cõuenit. Quid ſit baptiſmus"
                    HPOS="418"
                    VPOS="1538"
                    WIDTH="3969"
                    HEIGHT="330"></String>
          </TextLine>

          
          
          <TextLine ID="eSc_line_b4e11d37"
                    TAGREFS="LT4184"
                    BASELINE="413 2077 4387 2088" 
                    HPOS="408"
                    VPOS="1847"
                    WIDTH="3979"
                    HEIGHT="330">
            <Shape><Polygon POINTS="408 2129 486 2171 492 2171 497 2171 691 2135 764 2171 769 2171 774 2177 1162 2177 1162 2171 1356 2129 1387 2124 1403 2129 1486 2171 1492 2171 1497 2171 1502 2171 1586 2145 1670 2171 1675 2171 1680 2171 1685 2171 1691 2171 1738 2129 1748 2124 1952 2124 1968 2129 2057 2171 2062 2171 2068 2171 2261 2129 2298 2124 2335 2129 2528 2177 2534 2177 2539 2177 2544 2177 2612 2135 2743 2171 2748 2171 2753 2171 3026 2129 3052 2129 3136 2129 3141 2129 3193 2171 3198 2171 3204 2171 3209 2171 3502 2129 3534 2129 3916 2129 3931 2129 4068 2171 4073 2171 4078 2171 4382 2129 4387 2088 4382 1931 4172 1889 4167 1889 4000 1925 3984 1931 3790 1931 3780 1920 3722 1894 3717 1894 3712 1894 3382 1915 3293 1852 3287 1852 3282 1852 3193 1852 3188 1852 3183 1852 3178 1852 3094 1915 3073 1925 2979 1915 2806 1894 2801 1894 2795 1894 2722 1910 2670 1925 2643 1910 2617 1894 2612 1894 2607 1894 2602 1894 2502 1910 2408 1925 2382 1910 2287 1847 2282 1847 2277 1847 1895 1847 1890 1847 1884 1847 1879 1847 1816 1889 1722 1847 1717 1847 1465 1847 1460 1847 1455 1847 1261 1899 1167 1920 968 1894 947 1894 942 1894 926 1894 717 1920 654 1889 570 1852 565 1852 560 1852 554 1852 476 1889 450 1904 418 1889 413 2077 408 2129"/></Shape>
	    <String CONTENT="&amp; quot Chriſtianorum ſacramenta"
                    HPOS="408"
                    VPOS="1847"
                    WIDTH="3979"
                    HEIGHT="330"></String>
          </TextLine>

          
          
          <TextLine ID="eSc_line_968661f6"
                    TAGREFS="LT4184"
                    BASELINE="392 2423 4356 2412" 
                    HPOS="387"
                    VPOS="2177"
                    WIDTH="3969"
                    HEIGHT="366">
            <Shape><Polygon POINTS="392 2423 392 2480 706 2480 717 2480 795 2538 801 2538 806 2538 811 2543 1225 2543 1225 2538 1230 2538 1235 2538 1314 2491 1350 2470 1413 2491 1465 2512 1471 2512 1476 2512 1565 2496 1691 2470 1795 2496 1937 2538 1942 2538 1947 2543 2324 2543 2324 2538 2329 2538 2392 2506 2476 2464 2649 2491 2654 2491 3403 2464 3460 2506 3465 2506 3471 2506 3476 2506 3759 2475 3848 2527 3853 2532 3858 2532 3863 2532 3869 2532 3874 2532 3879 2532 3884 2527 3947 2485 4026 2506 4031 2506 4036 2506 4041 2506 4047 2506 4104 2470 4340 2532 4356 2412 4345 2250 4261 2250 4261 2245 4193 2192 4188 2192 4183 2192 4178 2192 4172 2192 4167 2192 4083 2245 4073 2250 3057 2250 2848 2239 2827 2224 2753 2177 2748 2177 2743 2177 2434 2177 2429 2177 2109 2182 2104 2182 2099 2182 2057 2213 1994 2255 1837 2255 1727 2208 1670 2182 1664 2182 1434 2182 1429 2182 1424 2182 1356 2198 1183 2250 1020 2192 979 2182 973 2182 968 2182 910 2192 670 2250 586 2187 581 2182 575 2182 570 2182 565 2182 387 2182 392 2423"/></Shape>
	    <String CONTENT="ſint, lege Zuinglij felicis memoriæ li¬"
                    HPOS="387"
                    VPOS="2177"
                    WIDTH="3969"
                    HEIGHT="366"></String>
          </TextLine>

          
          
          <TextLine ID="eSc_line_bb347242"
                    TAGREFS="LT4184"
                    BASELINE="397 2757 2612 2742 3790 2763" 
                    HPOS="392"
                    VPOS="2512"
                    WIDTH="3398"
                    HEIGHT="361">
            <Shape><Polygon POINTS="397 2757 397 2799 486 2836 492 2836 497 2836 502 2836 507 2836 549 2805 560 2799 643 2805 654 2805 738 2867 743 2867 748 2867 753 2867 759 2867 921 2810 952 2799 973 2810 1057 2867 1062 2867 1068 2867 1073 2873 1413 2873 1413 2867 1418 2867 1544 2820 1612 2799 2047 2799 2094 2826 2099 2826 2104 2826 2109 2826 2115 2826 2120 2826 2141 2805 2167 2826 2167 2831 2172 2831 2178 2831 2183 2831 2188 2831 2193 2831 2240 2799 2523 2805 2612 2841 2638 2852 2643 2852 2649 2852 2654 2852 2691 2846 2842 2805 2926 2846 2963 2867 2968 2867 2973 2873 3256 2873 3256 2867 3261 2867 3303 2857 3481 2805 3780 2862 3790 2763 3780 2569 3062 2569 3047 2559 2994 2512 2989 2512 2984 2512 2979 2512 2842 2538 2308 2512 2303 2512 2298 2512 2293 2512 2293 2517 2256 2548 2235 2564 2214 2548 2172 2512 2167 2512 2162 2512 2157 2512 2151 2512 2078 2543 2026 2569 1738 2543 1727 2543 1722 2543 1717 2543 1471 2569 1424 2538 1387 2512 1382 2512 1376 2512 1267 2512 1261 2512 1256 2512 1251 2512 1214 2532 1162 2564 931 2532 785 2512 780 2512 774 2512 706 2527 633 2548 586 2527 549 2512 544 2512 539 2512 392 2522 397 2757"/></Shape>
	    <String CONTENT="bellum de uera &amp; falſa religione."
                    HPOS="392"
                    VPOS="2512"
                    WIDTH="3398"
                    HEIGHT="361"></String>
          </TextLine>

          
          
          <TextLine ID="eSc_line_e35238c6"
                    TAGREFS="LT4182"
                    BASELINE="1057 3098 3376 3098" 
                    HPOS="1057"
                    VPOS="2925"
                    WIDTH="2319"
                    HEIGHT="267">
            <Shape><Polygon POINTS="1057 3155 1104 3187 1109 3187 1115 3187 1120 3192 1413 3192 1413 3187 1418 3187 1502 3155 1528 3150 1554 3160 1633 3181 1638 3181 1643 3181 1649 3181 1722 3160 1759 3150 1774 3160 1801 3181 1801 3187 1806 3187 1811 3187 1816 3192 2057 3192 2057 3187 2062 3187 2068 3187 2068 3181 2083 3166 2094 3160 2130 3166 2235 3187 2240 3187 2246 3187 2251 3187 2267 3171 2298 3150 2931 3181 2979 3181 2984 3181 2989 3181 2994 3181 2994 3176 3026 3150 3193 3150 3371 3187 3376 3098 3376 2962 3141 2930 3136 2930 3130 2930 3125 2930 3125 2935 3104 2956 3094 2967 2465 2967 2413 2946 2361 2925 2356 2925 2350 2925 2267 2941 2198 2956 2125 2941 2068 2925 2062 2925 2057 2925 2052 2925 2010 2935 1937 2962 1910 2935 1900 2930 1900 2925 1895 2925 1890 2925 1884 2925 1879 2925 1858 2935 1811 2956 1638 2930 1581 2925 1575 2925 1570 2925 1554 2930 1476 2962 1408 2930 1403 2930 1397 2930 1251 2956 1057 2925 1057 3098"/></Shape>
	    <String CONTENT="Vnus deus, &amp; pater omnium."
                    HPOS="1057"
                    VPOS="2925"
                    WIDTH="2319"
                    HEIGHT="267"></String>
          </TextLine>

          
          
          <TextLine ID="eSc_line_1b0f84c6"
                    TAGREFS="LT4184"
                    BASELINE="738 3412 4345 3412" 
                    HPOS="738"
                    VPOS="3202"
                    WIDTH="3607"
                    HEIGHT="320">
            <Shape><Polygon POINTS="738 3412 738 3464 1115 3464 1188 3501 1193 3501 1198 3501 1455 3464 1607 3516 1612 3516 1617 3522 1801 3522 1801 3516 1806 3516 1968 3464 2078 3490 2083 3490 2089 3490 2094 3490 2167 3469 2308 3516 2314 3516 2319 3516 2439 3490 2513 3516 2518 3516 2523 3516 2528 3516 2534 3516 2617 3464 2811 3464 2863 3511 2863 3516 2869 3516 2874 3516 2879 3522 3225 3522 3225 3516 3230 3516 3345 3464 3549 3516 3554 3516 3560 3516 3565 3516 3701 3469 3837 3516 3842 3516 3848 3516 3853 3516 3858 3516 3900 3480 3979 3511 3984 3511 3989 3511 3994 3511 4130 3464 4183 3490 4188 3490 4193 3490 4345 3459 4345 3412 4340 3249 4214 3255 4188 3244 4094 3202 4089 3202 3942 3202 3937 3202 3931 3202 3827 3244 3790 3255 3753 3239 3722 3228 3717 3228 3712 3228 3706 3228 3701 3228 3691 3239 3664 3260 3125 3260 3094 3234 3052 3202 3047 3202 3041 3202 2848 3202 2842 3202 2837 3202 2832 3202 2790 3228 2743 3255 2125 3223 1958 3218 1952 3218 1947 3218 1931 3223 1869 3244 1717 3218 1602 3202 1596 3202 1591 3202 1554 3218 1492 3244 1188 3228 1183 3228 1178 3228 1115 3255 1015 3213 989 3202 984 3202 979 3202 738 3208 738 3412"/></Shape>
	    <String CONTENT="Sextũ argumentũ. Quũ uno, &amp; e¬"
                    HPOS="738"
                    VPOS="3202"
                    WIDTH="3607"
                    HEIGHT="320"></String>
          </TextLine>

          
          
          <TextLine ID="eSc_line_7e404920"
                    TAGREFS="LT4184"
                    BASELINE="413 3726 4345 3736" 
                    HPOS="408"
                    VPOS="3532"
                    WIDTH="3937"
                    HEIGHT="272">
            <Shape><Polygon POINTS="413 3726 408 3788 4335 3804 4345 3736 4340 3595 4214 3563 4209 3563 4204 3563 4109 3590 4041 3537 4036 3537 4031 3537 4026 3537 3570 3590 3560 3590 3518 3590 2623 3563 2617 3563 2612 3563 2523 3590 2513 3590 2502 3590 2413 3553 2408 3553 2403 3553 2256 3584 1869 3584 1623 3532 1617 3532 1612 3532 1486 3579 1424 3558 1418 3558 1413 3558 1408 3558 1308 3584 1303 3584 1120 3532 1115 3532 570 3532 565 3532 560 3532 413 3579 413 3726"/></Shape>
	    <String CONTENT="odẽ deo omniũ rerũ autore, condito¬"
                    HPOS="408"
                    VPOS="3532"
                    WIDTH="3937"
                    HEIGHT="272"></String>
          </TextLine>

          
          
          <TextLine ID="eSc_line_b17378cc"
                    TAGREFS="LT4184"
                    BASELINE="397 4055 4335 4076" 
                    HPOS="397"
                    VPOS="3862"
                    WIDTH="3938"
                    HEIGHT="324">
            <Shape><Polygon POINTS="397 4055 397 4123 507 4123 602 4170 607 4170 612 4170 848 4123 853 4123 858 4123 984 4170 989 4170 994 4176 1125 4176 1125 4170 1130 4170 1136 4170 1198 4123 1204 4123 1219 4123 1502 4155 1507 4155 1513 4155 1586 4129 1706 4176 1712 4176 1717 4181 1921 4181 1921 4176 1926 4176 1931 4176 2005 4129 2010 4129 2078 4129 2308 4129 2465 4181 2471 4181 2476 4181 2628 4170 2633 4170 2638 4170 2680 4134 2821 4181 2827 4181 2832 4181 3282 4134 3335 4160 3340 4160 3345 4160 3481 4139 3623 4186 3628 4186 3633 4186 3884 4155 4083 4186 4089 4186 4329 4134 4335 4076 4329 3930 4125 3877 3905 3877 3900 3877 3895 3877 3801 3925 3790 3925 3586 3898 3581 3898 3445 3925 3429 3925 3418 3925 3345 3893 3340 3893 3335 3893 3329 3893 3324 3893 3282 3919 2848 3893 2842 3893 2837 3893 2832 3893 2790 3919 2785 3925 2418 3925 2413 3919 2361 3872 2361 3867 2356 3867 2350 3867 2345 3867 2047 3909 1743 3883 1738 3883 1424 3914 1382 3914 1371 3914 1256 3862 1251 3862 1246 3862 397 3904 397 4055"/></Shape>
	    <String CONTENT="re, &amp; parẽte gaudeatis: par erit, ut ſpi¬"
                    HPOS="397"
                    VPOS="3862"
                    WIDTH="3938"
                    HEIGHT="324"></String>
          </TextLine>

          
          
          <TextLine ID="eSc_line_7609ed7d"
                    TAGREFS="LT4184"
                    BASELINE="382 4390 4340 4411" 
                    HPOS="382"
                    VPOS="4176"
                    WIDTH="3958"
                    HEIGHT="345">
            <Shape><Polygon POINTS="382 4390 387 4500 554 4453 759 4479 764 4479 769 4479 832 4458 942 4495 968 4505 973 4505 979 4505 1047 4495 1308 4453 1361 4495 1376 4511 1382 4511 1387 4511 1392 4516 1596 4516 1596 4511 1602 4511 1638 4490 1701 4458 1900 4484 1905 4484 2073 4458 2146 4490 2198 4511 2204 4511 2209 4511 2214 4511 2277 4484 2329 4469 2397 4484 2455 4500 2460 4500 2465 4500 2471 4500 2534 4484 2617 4464 2832 4464 2863 4479 2879 4495 2884 4495 2890 4495 2895 4495 2900 4495 2905 4495 2926 4479 2958 4464 3026 4479 3083 4495 3089 4495 3094 4495 3167 4479 3240 4464 3272 4479 3350 4521 3356 4521 3361 4521 3696 4516 3701 4516 3706 4516 3764 4479 4204 4521 4209 4521 4214 4521 4335 4469 4340 4411 4340 4228 4246 4186 4240 4186 4036 4186 4031 4186 4026 4186 4020 4186 3963 4233 3947 4249 3528 4249 3397 4233 3036 4181 3031 4181 3026 4181 2827 4233 2801 4239 2795 4233 2732 4181 2727 4181 2722 4181 2565 4181 2560 4181 2554 4181 2549 4181 2481 4233 2366 4176 2361 4176 2356 4176 2350 4176 2345 4176 2277 4233 2267 4244 2162 4244 2151 4233 2083 4176 2078 4176 2073 4176 2068 4176 1795 4207 1706 4176 1701 4176 1696 4176 1691 4176 1591 4233 1570 4244 1418 4244 1403 4233 1350 4191 1345 4191 1340 4191 1335 4191 1329 4191 1324 4191 1267 4233 1261 4233 1251 4233 1130 4202 1125 4202 1120 4202 1115 4202 1036 4233 1026 4233 952 4233 528 4207 523 4207 382 4228 382 4390"/></Shape>
	    <String CONTENT="ritus quoq; ab illo, &amp; filio ſuo procedẽ¬"
                    HPOS="382"
                    VPOS="4176"
                    WIDTH="3958"
                    HEIGHT="345"></String>
          </TextLine>

          
          
          <TextLine ID="eSc_line_6aea9fcb"
                    TAGREFS="LT4184"
                    BASELINE="376 4725 4335 4741" 
                    HPOS="371"
                    VPOS="4526"
                    WIDTH="3964"
                    HEIGHT="320">
            <Shape><Polygon POINTS="376 4725 371 4772 528 4825 534 4825 539 4825 544 4825 643 4783 879 4814 884 4814 1089 4788 1188 4819 1193 4819 1198 4819 1204 4819 1324 4783 1691 4783 2052 4835 2057 4835 2366 4788 2450 4830 2455 4830 2460 4830 2465 4830 2523 4804 2570 4825 2575 4825 2581 4825 2586 4825 2722 4788 3020 4840 3026 4840 3219 4804 3303 4840 3308 4840 3314 4846 3560 4846 3560 4840 3565 4840 3570 4840 3617 4804 3727 4840 3732 4840 3738 4846 4068 4846 4068 4840 4073 4840 4078 4840 4130 4793 4329 4788 4335 4741 4324 4563 3968 4589 3916 4558 3884 4537 3879 4537 3874 4537 3764 4537 3759 4537 3753 4537 3748 4537 3717 4558 3675 4589 3329 4589 3251 4558 3209 4542 3204 4542 3198 4542 3193 4542 3188 4542 3167 4558 3125 4589 3073 4558 3052 4547 3047 4547 3041 4547 3036 4547 3031 4547 3015 4558 2973 4589 2848 4589 2801 4558 2764 4532 2759 4532 2753 4532 2371 4532 2366 4532 2361 4532 2261 4558 2157 4584 2099 4558 2094 4558 2089 4558 2068 4558 1785 4584 1743 4558 1701 4526 1696 4526 1691 4526 1507 4526 1502 4526 1497 4526 1429 4558 1376 4579 1314 4558 1282 4547 1277 4547 1272 4547 1267 4547 1235 4558 1162 4579 1015 4558 947 4547 942 4547 937 4547 910 4558 848 4579 376 4558 376 4725"/></Shape>
	    <String CONTENT="tis unitatẽ ſeruetis Hinc primũ doce¬"
                    HPOS="371"
                    VPOS="4526"
                    WIDTH="3964"
                    HEIGHT="320"></String>
          </TextLine>

          
          
          <TextLine ID="eSc_line_1349864d"
                    TAGREFS="LT4184"
                    BASELINE="376 5065 4303 5102" 
                    HPOS="371"
                    VPOS="4851"
                    WIDTH="3932"
                    HEIGHT="345">
            <Shape><Polygon POINTS="376 5065 371 5128 1047 5170 1052 5170 1057 5170 1062 5170 1094 5144 1115 5123 1350 5123 1424 5149 1492 5175 1497 5175 1502 5175 1507 5175 1575 5149 1633 5133 1790 5154 1837 5160 1842 5160 1848 5160 1858 5154 1952 5128 2068 5160 2141 5181 2146 5181 2151 5181 2157 5181 2198 5165 2240 5144 2298 5165 2350 5181 2356 5181 2361 5181 2439 5165 2602 5133 2764 5170 2785 5175 2790 5175 2795 5175 2811 5175 2937 5139 3052 5175 3078 5186 3083 5186 3089 5186 3136 5181 3298 5144 3350 5170 3356 5170 3361 5170 3617 5144 3727 5191 3738 5191 3743 5191 3748 5191 3753 5191 3764 5191 3921 5149 4000 5191 4000 5196 4005 5196 4010 5196 4015 5196 4020 5196 4026 5196 4099 5165 4293 5196 4303 5102 4303 4940 4172 4887 4167 4887 4162 4887 4157 4887 4151 4887 4120 4914 4015 4887 4010 4887 4005 4887 3675 4924 3612 4929 3523 4919 3319 4898 3314 4898 3308 4898 3246 4914 3183 4929 3104 4914 3015 4893 3010 4893 3005 4893 3000 4893 2979 4908 2958 4919 2539 4898 2392 4893 2387 4893 2366 4893 2204 4919 2125 4887 2068 4867 2062 4867 2057 4867 1947 4882 1785 4914 1675 4882 1670 4882 1664 4882 1502 4914 1424 4872 1397 4861 1392 4861 1387 4861 1167 4867 1162 4867 1157 4867 1099 4908 701 4908 376 4851 376 5065"/></Shape>
	    <String CONTENT="bis, quod cum deus omnia creauerit,"
                    HPOS="371"
                    VPOS="4851"
                    WIDTH="3932"
                    HEIGHT="345"></String>
          </TextLine>

          
          
          <TextLine ID="eSc_line_6286ecd1"
                    TAGREFS="LT4184"
                    BASELINE="361 5390 4319 5411" 
                    HPOS="356"
                    VPOS="5186"
                    WIDTH="3963"
                    HEIGHT="345">
            <Shape><Polygon POINTS="361 5390 356 5505 633 5510 638 5510 643 5510 649 5510 654 5505 701 5463 743 5484 748 5484 753 5484 1000 5453 1575 5468 1617 5495 1649 5510 1654 5510 1659 5510 1664 5510 1670 5510 1696 5495 1753 5463 1879 5463 1921 5489 1937 5505 1942 5505 1947 5505 1952 5505 2047 5489 2057 5489 2089 5515 2094 5515 2099 5515 2104 5515 2109 5515 2214 5489 2230 5484 2246 5489 2335 5515 2340 5515 2345 5515 2350 5515 2356 5515 2392 5484 2408 5474 2429 5484 2476 5510 2481 5510 2486 5510 2492 5510 2539 5484 2560 5474 2628 5484 2743 5500 2748 5500 2879 5479 2994 5463 3083 5479 3256 5510 3261 5510 3267 5510 3329 5474 3340 5468 3356 5474 3445 5526 3450 5526 3455 5531 3706 5531 3706 5526 3712 5526 3717 5526 3785 5474 4010 5468 4073 5468 4162 5510 4167 5510 4172 5510 4178 5510 4314 5463 4319 5411 4314 5254 3853 5222 3848 5222 2816 5243 2706 5243 2701 5243 2591 5196 2586 5196 2335 5191 2329 5191 2324 5191 2193 5238 1921 5191 1916 5191 1910 5191 1816 5228 1764 5207 1759 5207 1753 5207 1748 5207 1691 5238 1680 5243 1424 5243 1413 5238 1335 5186 1329 5186 1324 5186 1319 5186 1314 5186 1136 5233 1036 5186 1031 5186 1026 5186 1020 5186 916 5228 811 5186 806 5186 633 5186 628 5186 361 5228 361 5390"/></Shape>
	    <String CONTENT="ipſe increatus: &amp; ab humano captu im"
                    HPOS="356"
                    VPOS="5186"
                    WIDTH="3963"
                    HEIGHT="345"></String>
          </TextLine>

          
          
          <TextLine ID="eSc_line_73c8b485"
                    TAGREFS="LT4184"
                    BASELINE="392 5735 4340 5751" 
                    HPOS="392"
                    VPOS="5521"
                    WIDTH="3948"
                    HEIGHT="340">
            <Shape><Polygon POINTS="392 5735 392 5850 560 5850 560 5845 565 5845 570 5845 659 5788 1109 5788 1188 5835 1204 5850 1209 5850 1214 5850 1219 5856 1418 5856 1418 5850 1424 5850 1481 5835 1633 5788 1706 5824 1712 5824 1717 5824 1973 5814 2036 5824 2178 5856 2183 5856 2659 5829 2664 5829 2670 5829 2685 5819 2717 5798 2890 5809 2895 5814 2963 5856 2968 5856 2973 5856 2979 5856 2984 5856 3115 5814 3130 5809 3141 5814 3303 5861 3308 5861 3314 5861 3319 5861 3460 5814 3570 5845 3575 5845 3581 5845 3586 5845 3701 5809 3753 5845 3759 5845 3764 5845 3769 5845 3774 5845 3926 5803 3942 5798 4335 5798 4340 5751 4340 5594 4136 5594 4136 5589 4041 5552 4036 5552 4031 5552 4026 5552 3937 5589 3848 5531 3842 5531 3837 5531 3696 5531 3691 5531 3685 5531 3680 5531 3602 5583 3502 5531 3497 5531 3492 5531 3486 5531 3481 5531 3413 5589 3408 5589 2795 5589 2790 5583 2691 5547 2685 5547 2680 5547 2675 5547 2670 5547 2623 5583 2617 5583 2251 5583 2251 5578 2167 5526 2162 5526 2157 5526 2151 5526 1874 5578 1863 5578 1858 5578 1712 5521 1706 5521 1518 5521 1513 5521 1507 5521 1502 5521 1429 5578 1424 5578 1418 5578 1293 5521 1287 5521 1010 5521 1005 5521 1000 5521 994 5521 910 5573 890 5573 602 5547 596 5547 392 5568 392 5735"/></Shape>
	    <String CONTENT="perueſtigabilis ſit, eius initiũ, &amp; finem"
                    HPOS="392"
                    VPOS="5521"
                    WIDTH="3948"
                    HEIGHT="340"></String>
          </TextLine>

          
          
          <TextLine ID="eSc_line_983e5ab5"
                    TAGREFS="LT4184"
                    BASELINE="350 6060 4340 6091" 
                    HPOS="345"
                    VPOS="5845"
                    WIDTH="3995"
                    HEIGHT="351">
            <Shape><Polygon POINTS="350 6060 345 6133 460 6170 465 6170 471 6170 476 6170 481 6170 523 6138 544 6117 617 6138 664 6149 670 6149 675 6149 769 6138 916 6117 1125 6128 1136 6138 1183 6175 1188 6175 1193 6175 1198 6175 1382 6138 1471 6123 1497 6143 1539 6175 1544 6175 1549 6175 1680 6180 1685 6180 1910 6175 1916 6175 1989 6143 2026 6128 2073 6143 2167 6175 2172 6175 2178 6175 2481 6149 2586 6138 2607 6149 2680 6185 2685 6185 2691 6185 3104 6149 3251 6138 3272 6149 3319 6191 3324 6191 3329 6191 3335 6196 3628 6196 3628 6191 3633 6191 3717 6154 3743 6143 4057 6143 4083 6154 4115 6175 4120 6175 4125 6175 4130 6175 4136 6175 4183 6154 4219 6143 4329 6154 4340 6091 4340 5871 4214 5866 4209 5866 4204 5866 4198 5866 4198 5871 4151 5903 4104 5871 4104 5866 4099 5866 4094 5866 3853 5866 3848 5866 3842 5866 3832 5871 3670 5929 3439 5903 3434 5903 3429 5903 3392 5924 3345 5892 3340 5892 3335 5892 3329 5892 3146 5924 3073 5887 3068 5887 3062 5887 3057 5887 2989 5903 2947 5871 2931 5856 2926 5856 2921 5856 2769 5856 2764 5856 2759 5856 2753 5856 2732 5871 2649 5918 2518 5882 2513 5882 2507 5882 2350 5918 2246 5871 2204 5850 2198 5850 2109 5850 2104 5850 2099 5850 2094 5850 2073 5871 2015 5913 1853 5887 1848 5887 1842 5887 1732 5913 1675 5871 1649 5845 1643 5845 1638 5845 1434 5845 1429 5845 1424 5845 1418 5845 1387 5871 1329 5908 816 5908 738 5877 732 5877 727 5877 518 5903 350 5871 350 6060"/></Shape>
	    <String CONTENT="non inueſtigandum eſſe: atque illud"
                    HPOS="345"
                    VPOS="5845"
                    WIDTH="3995"
                    HEIGHT="351"></String>
          </TextLine>

          
          
          <TextLine ID="eSc_line_8e8edb35"
                    TAGREFS="LT4184"
                    BASELINE="356 6389 4314 6426" 
                    HPOS="350"
                    VPOS="6170"
                    WIDTH="3964"
                    HEIGHT="355">
            <Shape><Polygon POINTS="356 6389 350 6457 408 6494 413 6494 418 6494 424 6494 429 6494 539 6457 649 6484 654 6484 659 6484 832 6457 884 6452 916 6457 989 6484 994 6484 1000 6484 1314 6468 1392 6463 1403 6468 1492 6505 1497 6505 1502 6510 1769 6510 1769 6505 1774 6505 1869 6473 1905 6463 1952 6473 2094 6510 2099 6510 2104 6515 2308 6515 2308 6510 2314 6510 2319 6510 2356 6478 2361 6473 2387 6478 2481 6510 2486 6510 2492 6510 2497 6510 2570 6484 2602 6473 2670 6484 2842 6515 2848 6520 3047 6520 3047 6515 3052 6515 3120 6489 3167 6473 3366 6484 3376 6494 3408 6520 3413 6520 3418 6520 3424 6520 3429 6520 3476 6494 3513 6478 3654 6478 3696 6499 3738 6525 3743 6525 3748 6525 3753 6525 3879 6499 3968 6484 4041 6505 4120 6525 4125 6525 4130 6525 4308 6505 4314 6426 4308 6269 3947 6259 3753 6201 3748 6201 3743 6201 3738 6201 3732 6201 3654 6248 3638 6259 3623 6248 3528 6201 3523 6201 3214 6201 3209 6201 3204 6201 3198 6201 3146 6238 3120 6259 2806 6259 2748 6227 2738 6222 2732 6222 2727 6222 2722 6222 2706 6227 2623 6253 2570 6222 2544 6206 2539 6206 2534 6206 2528 6206 2523 6206 2481 6222 2397 6253 2225 6253 2125 6211 2057 6185 2052 6185 2047 6185 2041 6185 1973 6206 1890 6238 1649 6243 1591 6196 1575 6185 1570 6185 1565 6185 1486 6180 1481 6180 1408 6196 1183 6243 931 6243 858 6201 853 6201 848 6201 607 6232 523 6175 518 6175 513 6175 356 6170 356 6389"/></Shape>
	    <String CONTENT="Socratis: Quæ ſupranos, nihil ad nos."
                    HPOS="350"
                    VPOS="6170"
                    WIDTH="3964"
                    HEIGHT="355"></String>
          </TextLine>

          
          
          <TextLine ID="eSc_line_ddcfbd90"
                    TAGREFS="LT4184"
                    BASELINE="350 6730 4329 6751" 
                    HPOS="345"
                    VPOS="6499"
                    WIDTH="3984"
                    HEIGHT="367">
            <Shape><Polygon POINTS="350 6730 345 6777 717 6782 769 6824 774 6824 780 6824 785 6824 790 6824 874 6792 1167 6845 1172 6845 1178 6845 1345 6787 1596 6834 1602 6834 1607 6834 1664 6808 1869 6829 1874 6829 1879 6829 1973 6792 2371 6824 2376 6824 2382 6824 2460 6798 2544 6855 2549 6855 2554 6855 2560 6855 2916 6829 2973 6855 2979 6855 2984 6855 3151 6819 3340 6860 3345 6860 3486 6834 3612 6860 3617 6860 3623 6860 3628 6860 3670 6829 3738 6860 3743 6860 3748 6860 3753 6860 3848 6813 3921 6860 3926 6860 3931 6860 3937 6866 4136 6866 4136 6860 4141 6860 4146 6860 4225 6803 4324 6803 4329 6751 4329 6588 4225 6557 4219 6557 4214 6557 4041 6578 3921 6520 3916 6520 3801 6520 3795 6520 3790 6520 3785 6520 3717 6573 3701 6588 3581 6588 3560 6567 3497 6520 3492 6520 3486 6520 3481 6520 3476 6520 3471 6520 3413 6567 3387 6583 2418 6557 2413 6557 2408 6557 2361 6578 2240 6573 2198 6536 2162 6510 2157 6510 2151 6510 1879 6510 1874 6510 1869 6510 1863 6510 1837 6531 1827 6541 1769 6531 1680 6510 1675 6510 1670 6510 1664 6510 1638 6525 1554 6578 1476 6578 1376 6520 1345 6505 1340 6505 1146 6505 1141 6505 1136 6505 1115 6515 1000 6567 926 6510 921 6505 916 6505 910 6505 748 6505 743 6505 738 6505 732 6505 654 6573 602 6573 476 6505 471 6505 350 6499 350 6730"/></Shape>
	    <String CONTENT="Itẽ illud Pauli: Non oportet plus ſape¬"
                    HPOS="345"
                    VPOS="6499"
                    WIDTH="3984"
                    HEIGHT="367"></String>
          </TextLine>

          
          
          <TextLine ID="eSc_line_df55cea9"
                    TAGREFS="LT4184"
                    BASELINE="340 7059 4324 7096" 
                    HPOS="335"
                    VPOS="6871"
                    WIDTH="3989"
                    HEIGHT="345">
            <Shape><Polygon POINTS="340 7059 335 7112 518 7117 664 7185 670 7185 675 7190 869 7190 869 7185 874 7185 942 7148 994 7190 1000 7190 1005 7190 1010 7195 1267 7195 1267 7190 1272 7190 1277 7190 1366 7127 1471 7127 1670 7180 1675 7180 1680 7180 1968 7133 2078 7185 2083 7185 2089 7185 2094 7185 2162 7164 2204 7201 2209 7201 2214 7201 2219 7206 2392 7206 2392 7201 2691 7143 3078 7201 3083 7201 3225 7180 3445 7206 3450 7206 3455 7206 3460 7206 3502 7174 3539 7201 3544 7201 3549 7201 3759 7216 3764 7216 3769 7216 3890 7153 4319 7153 4324 7096 4308 6897 4235 6928 4157 6897 4146 6892 4141 6892 3973 6892 3968 6892 3963 6892 3952 6897 3842 6944 3623 6902 3617 6902 3450 6939 3382 6892 3376 6887 3371 6887 3366 6887 3246 6887 3240 6887 3235 6887 3219 6892 3141 6939 2785 6939 2685 6908 2680 6908 2675 6908 2089 6918 2026 6892 1989 6871 1984 6871 1806 6871 1801 6871 1795 6871 1790 6871 1769 6887 1748 6902 1649 6887 1523 6871 1518 6871 1513 6871 1507 6871 1492 6887 1476 6897 1172 6892 1167 6892 1162 6892 1073 6918 916 6887 905 6887 900 6887 884 6887 596 6913 340 6887 340 7059"/></Shape>
	    <String CONTENT="re, quã par ſit. Sempin ore, &amp; in pecto"
                    HPOS="335"
                    VPOS="6871"
                    WIDTH="3989"
                    HEIGHT="345"></String>
          </TextLine>

          
          
          <TextLine ID="eSc_line_2e01ea78"
                    TAGREFS="LT4184"
                    BASELINE="340 7394 4314 7431" 
                    HPOS="335"
                    VPOS="7164"
                    WIDTH="3979"
                    HEIGHT="366">
            <Shape><Polygon POINTS="335 7441 602 7447 785 7499 790 7499 795 7499 801 7499 895 7462 1183 7483 1188 7483 1193 7483 1261 7457 1376 7504 1382 7504 1387 7504 1790 7478 1842 7509 1848 7509 1853 7509 2141 7515 2146 7515 2151 7515 2157 7515 2219 7467 2387 7467 2439 7504 2445 7504 2450 7504 2455 7504 2460 7504 2465 7504 2502 7473 2659 7504 2664 7504 2670 7504 2675 7504 2706 7478 2759 7515 2764 7515 2769 7515 2774 7515 2780 7515 2926 7478 3198 7525 3204 7525 3209 7525 3272 7488 3329 7525 3335 7525 3340 7525 3743 7530 3748 7530 3753 7530 3916 7483 4308 7483 4314 7431 4308 7269 3795 7269 3785 7253 3712 7195 3712 7190 3706 7190 3701 7190 3549 7190 3544 7190 3539 7190 3534 7190 3439 7248 3418 7263 3209 7263 3141 7242 2952 7190 2947 7190 2942 7190 2937 7190 2853 7237 2816 7258 2732 7258 2696 7232 2617 7180 2612 7180 2607 7180 2602 7180 2596 7180 2471 7211 2392 7190 2387 7190 2382 7190 2376 7190 2371 7190 2329 7222 2267 7180 2261 7180 2256 7180 2125 7180 2120 7180 2115 7180 2031 7216 1979 7242 1947 7216 1890 7174 1884 7174 1879 7174 1748 7174 1743 7174 1738 7174 1732 7174 1685 7211 1649 7242 1575 7211 1481 7169 1476 7169 1324 7169 1319 7169 1314 7169 1251 7201 1178 7242 1041 7242 968 7195 916 7164 910 7164 905 7164 900 7164 895 7164 890 7164 842 7195 785 7232 732 7190 696 7164 691 7164 685 7164 607 7164 602 7164 596 7164 591 7164 554 7190 476 7232 345 7185 340 7394 335 7441"/></Shape>
	    <String CONTENT="re habendũ, id qđ &amp; Lactãtius libro 2."
                    HPOS="335"
                    VPOS="7164"
                    WIDTH="3979"
                    HEIGHT="366"></String>
          </TextLine>

          
          
          <TextLine ID="eSc_line_500e10a0"
                    TAGREFS="LT4184"
                    BASELINE="345 7724 2062 7766 4293 7776" 
                    HPOS="340"
                    VPOS="7541"
                    WIDTH="3953"
                    HEIGHT="445">
            <Shape><Polygon POINTS="345 7703 345 7724 340 7802 502 7834 507 7834 853 7818 1010 7918 1015 7918 1104 7944 1109 7944 1115 7944 1120 7944 1214 7912 1335 7965 1340 7965 1345 7965 1350 7965 1450 7938 1481 7965 1486 7965 1492 7965 1900 7970 1905 7970 1910 7970 2047 7928 2549 7980 2554 7986 2821 7986 2821 7980 2827 7980 2832 7980 2869 7949 2968 7975 2973 7975 2979 7975 2984 7975 3047 7938 3115 7986 3120 7986 3125 7986 3130 7986 3136 7986 3413 7860 3455 7891 3460 7891 3465 7891 3471 7891 3476 7891 3623 7850 4282 7850 4293 7776 4293 7624 4136 7583 4130 7583 4125 7583 3560 7604 3424 7572 3418 7572 3235 7572 3230 7572 3225 7572 3219 7572 3167 7609 2816 7577 2811 7577 2806 7577 2801 7577 2764 7604 2371 7604 2287 7567 2282 7567 2277 7567 2272 7567 2204 7598 1910 7598 1858 7562 1853 7562 1848 7562 1842 7562 1837 7562 1727 7593 1680 7556 1675 7556 1670 7556 1664 7556 1659 7556 1560 7588 1371 7556 1366 7556 1361 7556 1261 7588 1251 7588 1240 7588 1073 7546 1068 7546 905 7577 811 7541 806 7541 801 7541 366 7572 345 7703"/></Shape>
	    <String CONTENT="de origine erroris, capite5. admonet."
                    HPOS="340"
                    VPOS="7541"
                    WIDTH="3953"
                    HEIGHT="445"></String>
          </TextLine>

          
        </TextBlock>
        
        <TextBlock HPOS="3346.54"
                   VPOS="7873.1"
                   WIDTH="980.0200000000004"
                   HEIGHT="338.21999999999935"
                   ID="block_3"
                   TAGREFS="BT10640">
          <Shape><Polygon POINTS="3346.54 7873.1 4326.56 7873.1 4326.56 8211.32 3346.54 8211.32 3346.54 7873.1"/></Shape>
          
          
          <TextLine ID="eSc_line_acfc7c16"
                    TAGREFS="LT4184"
                    BASELINE="3382 8111 4308 8111" 
                    HPOS="3382"
                    VPOS="7850"
                    WIDTH="926"
                    HEIGHT="402">
            <Shape><Polygon POINTS="3382 8111 3382 8247 3570 8211 3612 8242 3612 8247 3617 8247 3623 8247 3628 8252 3748 8252 3748 8247 3753 8247 3764 8242 3895 8184 4036 8211 4041 8211 4214 8184 4293 8237 4308 8111 4298 7907 4209 7933 4151 7897 4104 7865 4099 7865 4094 7865 4089 7865 4083 7865 4078 7865 4078 7870 4057 7891 4010 7938 3706 7938 3628 7865 3617 7855 3617 7850 3612 7850 3607 7850 3382 7850 3382 8111"/></Shape>
	    <String CONTENT="Deinde"
                    HPOS="3382"
                    VPOS="7850"
                    WIDTH="926"
                    HEIGHT="402"></String>
          </TextLine>

          
        </TextBlock>
        

        
      </PrintSpace>
    </Page>
  </Layout>
</alto>
