<?xml version="1.0" encoding="UTF-8"?>
<alto xmlns:xsi="http://www.w3.org/2001/XMLSchema-instance"
      xmlns="http://www.loc.gov/standards/alto/ns-v4#"
      xsi:schemaLocation="http://www.loc.gov/standards/alto/ns-v4# http://www.loc.gov/standards/alto/v4/alto-4-2.xsd">
  <Description>
    <MeasurementUnit>pixel</MeasurementUnit>
    <sourceImageInformation>
      <fileName>page_101.png</fileName>
      
    </sourceImageInformation>
  </Description>
  
  <Tags>
    <OtherTag ID="BT10643" LABEL="NumberingZone" DESCRIPTION="block type NumberingZone"/><OtherTag ID="BT10642" LABEL="DropCapitalZone" DESCRIPTION="block type DropCapitalZone"/><OtherTag ID="BT10641" LABEL="GraphicZone" DESCRIPTION="block type GraphicZone"/><OtherTag ID="BT10640" LABEL="QuireMarksZone" DESCRIPTION="block type QuireMarksZone"/><OtherTag ID="BT10639" LABEL="RunningTitleZone" DESCRIPTION="block type RunningTitleZone"/><OtherTag ID="BT10638" LABEL="MainZone" DESCRIPTION="block type MainZone"/><OtherTag ID="BT10637" LABEL="MarginTextZone" DESCRIPTION="block type MarginTextZone"/>
    <OtherTag ID="LT4185" LABEL="default" DESCRIPTION="line type default"/><OtherTag ID="LT4183" LABEL="HeadingLine" DESCRIPTION="line type HeadingLine"/><OtherTag ID="LT4182" LABEL="CustomLine : BiblicalText" DESCRIPTION="line type CustomLine : BiblicalText"/><OtherTag ID="LT4184" LABEL="DefaultLine" DESCRIPTION="line type DefaultLine"/>
  </Tags>
  
  <Layout>
    <Page WIDTH="6000"
          HEIGHT="9420"
          PHYSICAL_IMG_NR="3"
          ID="eSc_dummypage_">
      <PrintSpace HPOS="0"
                  VPOS="0"
                  WIDTH="6000"
                  HEIGHT="9420">
        
        <TextBlock HPOS="1514.0"
                   VPOS="544.0"
                   WIDTH="508.0"
                   HEIGHT="287.0"
                   ID="eSc_textblock_be8f37bd"
                   TAGREFS="BT10643">
          <Shape><Polygon POINTS="1514 544 1514 831 2022 831 2022 544"/></Shape>
          
          
          <TextLine ID="eSc_line_5a8f50f5"
                    TAGREFS="LT4184"
                    BASELINE="1623 785 1954 782" 
                    HPOS="1602"
                    VPOS="431"
                    WIDTH="345"
                    HEIGHT="408">
            <Shape><Polygon POINTS="1617 839 1939 839 1947 777 1924 431 1602 439 1617 785"/></Shape>
	    <String CONTENT="112"
                    HPOS="1602"
                    VPOS="431"
                    WIDTH="345"
                    HEIGHT="408"></String>
          </TextLine>

          
        </TextBlock>
        
        <TextBlock HPOS="2079.0"
                   VPOS="541.0"
                   WIDTH="3432.0"
                   HEIGHT="298.0"
                   ID="block_0"
                   TAGREFS="BT10639">
          <Shape><Polygon POINTS="5511 541 5511 839 2079 839 2079 541"/></Shape>
          
          
          <TextLine ID="eSc_line_af217b91"
                    TAGREFS="LT4183"
                    BASELINE="2113 760 5429 753" 
                    HPOS="2104"
                    VPOS="557"
                    WIDTH="3322"
                    HEIGHT="306">
            <Shape><Polygon POINTS="2120 863 2261 816 2363 855 2371 855 2379 863 2795 863 2984 863 2984 855 2992 855 3000 855 3054 816 3094 855 3102 855 3109 855 3117 855 3133 855 3400 816 3573 855 3604 855 3612 855 3643 855 3801 816 3926 847 3950 855 3958 855 3965 855 4013 847 4154 816 4327 847 4405 855 4413 855 4507 847 4712 816 5410 832 5426 745 5403 557 2104 557 2112 753"/></Shape>
	    <String CONTENT="COMMENT. IN EPIST."
                    HPOS="2104"
                    VPOS="557"
                    WIDTH="3322"
                    HEIGHT="306"></String>
          </TextLine>

          
        </TextBlock>
        
        <TextBlock HPOS="1536.0"
                   VPOS="860.0"
                   WIDTH="4166.0"
                   HEIGHT="7126.0"
                   ID="block_1"
                   TAGREFS="BT10638">
          <Shape><Polygon POINTS="5702 860 5702 7986 1536 7986 1536 860 1542 860 1542 873 2019 873 2019 860"/></Shape>
          
          
          <TextLine ID="eSc_line_9e06d1ba"
                    TAGREFS="LT4184"
                    BASELINE="1617 1193 5565 1146" 
                    HPOS="1607"
                    VPOS="889"
                    WIDTH="3958"
                    HEIGHT="398">
            <Shape><Polygon POINTS="1623 1287 1732 1256 1780 1276 1785 1276 1790 1276 1795 1276 1801 1276 1848 1235 2162 1235 2403 1235 2523 1271 2528 1271 2534 1271 2979 1240 3052 1266 3057 1266 3062 1266 3073 1266 3497 1235 3528 1256 3534 1256 3539 1256 3544 1256 3549 1256 3554 1256 3612 1219 3691 1245 3696 1245 3701 1245 3853 1214 4293 1240 4298 1240 4303 1240 4356 1214 4486 1245 4492 1245 4497 1245 4502 1245 4596 1208 4717 1235 4722 1235 4727 1235 4732 1235 4774 1203 4958 1235 4963 1235 5314 1203 5356 1235 5361 1240 5366 1240 5371 1240 5376 1240 5560 1229 5565 1146 5554 921 5486 900 5481 900 5476 900 5319 905 5314 905 5308 905 5287 926 5267 942 5225 926 5193 915 5188 915 5183 915 5115 926 5078 931 5057 926 4942 889 4937 889 4931 889 4842 894 4837 894 4832 894 4795 926 4753 962 4502 962 4445 931 4392 889 4387 889 4382 889 4376 889 4214 926 3895 894 3890 894 3884 894 3764 931 3738 936 3643 931 3465 921 3460 921 3455 921 3434 931 3345 983 2916 989 2565 989 2486 936 2460 915 2455 915 2450 915 2445 915 1973 926 1968 926 1942 936 1905 957 1869 936 1837 921 1832 921 1827 921 1607 936 1617 1193"/></Shape>
	    <String CONTENT="Deinde quæ cauſa colendi multos de"
                    HPOS="1607"
                    VPOS="889"
                    WIDTH="3958"
                    HEIGHT="398"></String>
          </TextLine>

          
          
          <TextLine ID="eSc_line_8b47ab09"
                    TAGREFS="LT4184"
                    BASELINE="1628 1522 5586 1481" 
                    HPOS="1623"
                    VPOS="1245"
                    WIDTH="3963"
                    HEIGHT="366">
            <Shape><Polygon POINTS="1628 1522 1628 1564 1905 1606 1910 1606 2251 1570 2303 1564 2335 1570 2528 1611 2534 1611 2654 1606 2659 1606 2664 1606 2717 1570 2722 1564 2727 1570 2795 1606 2801 1606 2806 1606 2937 1601 2942 1601 3000 1570 3026 1559 3073 1570 3151 1590 3157 1590 3162 1590 3167 1590 3172 1590 3198 1570 3214 1559 3256 1570 3356 1601 3361 1601 3366 1601 3371 1601 3376 1601 3418 1570 3429 1564 3492 1570 3670 1596 3675 1596 3680 1596 3685 1596 3722 1575 3764 1549 3994 1575 4162 1590 4167 1590 4172 1590 4209 1575 4272 1538 4643 1538 4910 1538 4952 1575 4963 1585 4968 1585 4973 1585 4979 1585 5586 1575 5586 1481 5570 1297 5026 1318 5000 1303 4921 1245 4916 1245 4910 1245 4691 1245 4685 1245 4680 1245 4523 1313 4492 1329 3905 1329 3890 1324 3790 1256 3785 1256 3780 1256 3774 1256 3476 1282 3424 1261 3418 1261 3413 1261 3408 1261 3403 1261 3356 1292 3204 1261 3198 1261 3193 1261 3188 1261 3104 1334 3094 1344 2738 1344 2732 1339 2575 1271 2570 1271 2565 1271 2560 1271 2445 1303 2120 1271 2115 1271 1973 1292 1968 1292 1963 1292 1884 1355 1623 1355 1628 1522"/></Shape>
	    <String CONTENT="os Gentibus olim fuerit, eandẽ quoq;"
                    HPOS="1623"
                    VPOS="1245"
                    WIDTH="3963"
                    HEIGHT="366"></String>
          </TextLine>

          
          
          <TextLine ID="eSc_line_ea6ef3c2"
                    TAGREFS="LT4184"
                    BASELINE="1617 1857 5607 1815" 
                    HPOS="1612"
                    VPOS="1596"
                    WIDTH="3995"
                    HEIGHT="345">
            <Shape><Polygon POINTS="1617 1857 1617 1904 2010 1941 2015 1941 2319 1904 2492 1941 2497 1941 3130 1925 3136 1925 3246 1894 3539 1931 3544 1931 3869 1889 3916 1925 3921 1925 3926 1925 3931 1931 4099 1931 4099 1925 4104 1925 4209 1884 4214 1884 4350 1920 4356 1920 4361 1920 4366 1920 4371 1920 4424 1878 4628 1878 4863 1878 4963 1915 4968 1915 4973 1915 4979 1915 5104 1873 5115 1873 5141 1873 5460 1910 5465 1910 5471 1910 5607 1868 5607 1815 5591 1632 5418 1653 5387 1632 5335 1596 5329 1596 5324 1596 5183 1596 5178 1596 5172 1596 5167 1596 5109 1638 5078 1664 4916 1664 4879 1643 4853 1622 4848 1622 4842 1622 4837 1622 4832 1622 4790 1643 4759 1658 4685 1643 4575 1622 4570 1622 4413 1648 4350 1658 4329 1648 4251 1617 4246 1617 4240 1617 4235 1617 4230 1617 4183 1653 4115 1606 4109 1606 4104 1606 4099 1606 3790 1611 3785 1611 3780 1611 3701 1658 3680 1674 3502 1674 3465 1664 3324 1617 3319 1617 3130 1617 3125 1617 3120 1617 3115 1617 3052 1669 3036 1685 2795 1685 2785 1674 2722 1622 2717 1622 2712 1622 2633 1622 2628 1622 2623 1622 2617 1622 2544 1679 2528 1690 2157 1690 2151 1685 2041 1632 2036 1632 1916 1632 1910 1632 1905 1632 1900 1632 1863 1664 1801 1643 1795 1643 1790 1643 1785 1643 1612 1690 1617 1857"/></Shape>
	    <String CONTENT="nobis multos diuos, &amp; patronos colen"
                    HPOS="1612"
                    VPOS="1596"
                    WIDTH="3995"
                    HEIGHT="345"></String>
          </TextLine>

          
          
          <TextLine ID="eSc_line_212fe101"
                    TAGREFS="LT4184"
                    BASELINE="1628 2192 5602 2150" 
                    HPOS="1623"
                    VPOS="1899"
                    WIDTH="3979"
                    HEIGHT="377">
            <Shape><Polygon POINTS="1628 2192 1643 2260 1659 2239 1712 2260 1743 2271 1748 2271 1753 2276 2120 2276 2120 2271 2125 2271 2188 2250 2225 2239 2486 2245 3020 2260 3026 2260 3031 2260 3083 2234 3109 2218 3141 2234 3172 2250 3178 2250 3497 2255 3502 2255 3507 2255 3513 2255 3544 2224 3560 2213 3947 2213 3963 2218 4010 2239 4015 2239 4020 2239 4026 2239 4120 2213 4157 2208 4382 2213 5445 2234 5450 2234 5455 2234 5602 2187 5602 2150 5581 1941 5460 1978 5403 1941 5335 1899 5329 1899 5324 1899 5319 1899 4968 1904 4963 1904 4958 1904 4926 1931 4732 1904 4727 1904 4722 1904 4607 1962 4549 1993 4319 1993 4272 1967 4246 1957 4240 1957 4235 1957 4230 1957 4204 1967 4157 1988 4115 1972 4015 1931 4010 1931 4005 1931 4000 1931 3994 1931 3942 1972 3910 1999 3172 1999 3157 1988 3073 1925 3068 1925 3062 1925 3057 1925 2256 1931 2251 1931 2246 1931 2146 2009 2062 2014 2010 2014 2005 2014 1827 1936 1821 1936 1816 1936 1811 1936 1806 1936 1722 2009 1623 2020 1628 2192"/></Shape>
	    <String CONTENT="tibus fuiſſe. De quouide eundem La¬"
                    HPOS="1623"
                    VPOS="1899"
                    WIDTH="3979"
                    HEIGHT="377"></String>
          </TextLine>

          
          
          <TextLine ID="eSc_line_21db9887"
                    TAGREFS="LT4184"
                    BASELINE="1638 2527 5586 2485" 
                    HPOS="1633"
                    VPOS="2250"
                    WIDTH="3953"
                    HEIGHT="361">
            <Shape><Polygon POINTS="1638 2527 1638 2564 1874 2600 1879 2600 2120 2580 2157 2606 2162 2606 2167 2606 2172 2606 2178 2606 2293 2574 2507 2600 2513 2600 2518 2600 2575 2569 2586 2569 2785 2569 2801 2569 2931 2611 2937 2611 2942 2611 2947 2611 3031 2574 3073 2553 3120 2574 3130 2574 3136 2574 3141 2574 3167 2574 3314 2548 3376 2574 3418 2590 3424 2590 3429 2590 3434 2590 3481 2574 3523 2559 3581 2574 3675 2600 3680 2600 3685 2600 3691 2600 3696 2600 3738 2574 3774 2553 3832 2574 3848 2580 3853 2580 3858 2580 3863 2580 3874 2574 3931 2543 4198 2538 4251 2574 4267 2590 4272 2590 4277 2590 4366 2595 4371 2595 4376 2595 4382 2595 4408 2580 4445 2553 4544 2580 4575 2585 4581 2585 4586 2585 4591 2585 4612 2580 4748 2532 4979 2548 5015 2580 5026 2590 5031 2590 5036 2590 5041 2590 5047 2590 5068 2580 5125 2548 5240 2580 5256 2585 5261 2585 5267 2585 5586 2580 5586 2485 5575 2328 5445 2328 5445 2323 5329 2276 5324 2276 5319 2276 5314 2276 5214 2318 5062 2250 5057 2250 4727 2250 4722 2250 4717 2250 4712 2250 4664 2286 4492 2255 4486 2255 4481 2255 4476 2255 4408 2313 4376 2339 4167 2339 4130 2313 4073 2266 4068 2266 4062 2266 3963 2260 3958 2260 3952 2260 3947 2260 3884 2307 3848 2339 3680 2339 3617 2307 3554 2266 3549 2266 3544 2266 3429 2266 3424 2266 3418 2266 3345 2302 3277 2339 3031 2349 2952 2297 2926 2276 2921 2276 2916 2276 2759 2271 2753 2271 2748 2271 2743 2271 2706 2297 2607 2355 2465 2334 2460 2334 2094 2360 1963 2360 1816 2286 1806 2281 1801 2281 1795 2281 1633 2281 1638 2527"/></Shape>
	    <String CONTENT="ctantium libro ſecundo, &amp; Zuing¬"
                    HPOS="1633"
                    VPOS="2250"
                    WIDTH="3953"
                    HEIGHT="361"></String>
          </TextLine>

          
          
          <TextLine ID="eSc_line_61dacad6"
                    TAGREFS="LT4184"
                    BASELINE="1659 2862 5109 2826" 
                    HPOS="1654"
                    VPOS="2595"
                    WIDTH="3455"
                    HEIGHT="356">
            <Shape><Polygon POINTS="1659 2862 1659 2914 1968 2946 1973 2946 2183 2920 2251 2951 2256 2951 2261 2951 2267 2951 2272 2951 2308 2920 2638 2930 2643 2930 2649 2930 2748 2904 2759 2904 2816 2946 2821 2946 2827 2946 2832 2951 2931 2951 2931 2946 2937 2946 2942 2946 2942 2941 2984 2904 3094 2904 3104 2904 3151 2941 3157 2941 3162 2941 3167 2946 3408 2946 3408 2941 3413 2941 3418 2941 3465 2909 3623 2941 3628 2941 3863 2935 3869 2935 3958 2899 4162 2930 4167 2930 4172 2930 4178 2930 4230 2888 4235 2888 4366 2888 4371 2888 4403 2920 4408 2920 4413 2920 4418 2920 4424 2920 4429 2920 4465 2894 4518 2930 4523 2930 4528 2930 4534 2930 4539 2930 4607 2894 4633 2920 4638 2920 4643 2920 4649 2920 4654 2920 4717 2883 4727 2883 4958 2883 4963 2883 5041 2925 5047 2925 5052 2925 5057 2925 5062 2925 5109 2883 5109 2826 5099 2669 4958 2669 4952 2663 4858 2595 4853 2595 4848 2595 4842 2595 4282 2600 4277 2600 4272 2600 4204 2653 4000 2632 3994 2632 3989 2632 3942 2653 3916 2669 3575 2684 3340 2684 3282 2648 3277 2642 3272 2642 3267 2642 3261 2642 3256 2642 3251 2642 3251 2648 3209 2684 2827 2684 2769 2642 2738 2616 2732 2616 2727 2616 2638 2616 2633 2616 2539 2621 2534 2621 2528 2621 2502 2637 2408 2695 2240 2695 2162 2653 2157 2653 2151 2653 2146 2653 2141 2653 2089 2689 1848 2689 1769 2632 1769 2627 1764 2627 1759 2627 1753 2627 1654 2627 1659 2862"/></Shape>
	    <String CONTENT="lium noſtrũ in præcitato libello."
                    HPOS="1654"
                    VPOS="2595"
                    WIDTH="3455"
                    HEIGHT="356"></String>
          </TextLine>

          
          
          <TextLine ID="eSc_line_e706db51"
                    TAGREFS="LT4182"
                    BASELINE="2329 3234 4314 3208" 
                    HPOS="2324"
                    VPOS="3019"
                    WIDTH="1990"
                    HEIGHT="288">
            <Shape><Polygon POINTS="2329 3270 2502 3302 2507 3302 2821 3276 2916 3270 2952 3276 3047 3302 3052 3302 3057 3302 3183 3281 3230 3270 3246 3281 3267 3302 3272 3302 3277 3302 3282 3307 3518 3307 3518 3302 3523 3302 3586 3281 3659 3260 3701 3286 3727 3297 3732 3297 3738 3297 3837 3286 4062 3255 4308 3286 4314 3208 4303 3056 3816 3019 3811 3019 3806 3019 3732 3061 3722 3066 3518 3066 3513 3061 3356 3024 3350 3024 3345 3024 3230 3066 3225 3066 3167 3024 3162 3024 3157 3024 3151 3024 3146 3024 3141 3024 3141 3030 3099 3066 3089 3077 3015 3077 3010 3066 2968 3035 2968 3030 2963 3030 2958 3030 2952 3030 2947 3030 2942 3030 2890 3066 2879 3071 2811 3071 2806 3071 2722 3030 2717 3030 2712 3030 2324 3071 2329 3234"/></Shape>
	    <String CONTENT="Verum unicuiq; nostrum."
                    HPOS="2324"
                    VPOS="3019"
                    WIDTH="1990"
                    HEIGHT="288"></String>
          </TextLine>

          
          
          <TextLine ID="eSc_line_148e9a1f"
                    TAGREFS="LT4184"
                    BASELINE="1931 3542 5623 3495" 
                    HPOS="1926"
                    VPOS="3260"
                    WIDTH="3697"
                    HEIGHT="387">
            <Shape><Polygon POINTS="5602 3260 5335 3260 5329 3260 5324 3260 5319 3260 5178 3338 4560 3338 4408 3312 4403 3312 4397 3312 4392 3312 4392 3317 4356 3349 4198 3297 4193 3297 4188 3297 4183 3297 4178 3297 4136 3328 3853 3317 3848 3317 3680 3354 3602 3297 3596 3297 3591 3297 3586 3297 3581 3297 3518 3323 3445 3291 3439 3291 3434 3291 3429 3291 3293 3359 3136 3365 2984 3333 2979 3333 2973 3333 2931 3354 2858 3291 2853 3291 2848 3291 2842 3291 2675 3297 2670 3297 2664 3297 2570 3375 2340 3375 2157 3302 2151 3302 1926 3302 1931 3542 1931 3600 2172 3631 2178 3631 2183 3631 2246 3600 2256 3595 2502 3595 2523 3595 2722 3642 2727 3647 3157 3647 3157 3642 3387 3637 3392 3637 3513 3590 3565 3569 3591 3590 3607 3600 3612 3600 3617 3600 3623 3605 3900 3605 3900 3600 3905 3600 3937 3584 3989 3563 4183 3563 4214 3584 4240 3605 4246 3605 4251 3605 4256 3605 4261 3605 4340 3584 4376 3574 4403 3579 4523 3616 4528 3616 4534 3616 4539 3616 4544 3616 4591 3579 4602 3569 4743 3558 4811 3579 4931 3616 4937 3616 4942 3621 5094 3621 5094 3616 5099 3616 5193 3574 5256 3548 5612 3569 5623 3495 5612 3265 5602 3260"/></Shape>
	    <String CONTENT="Per anthypophoram tacitæ quæſti"
                    HPOS="1926"
                    VPOS="3260"
                    WIDTH="3697"
                    HEIGHT="387"></String>
          </TextLine>

          
          
          <TextLine ID="eSc_line_207df6ac"
                    TAGREFS="LT4184"
                    BASELINE="1685 3883 5617 3825" 
                    HPOS="1680"
                    VPOS="3590"
                    WIDTH="3937"
                    HEIGHT="387">
            <Shape><Polygon POINTS="1685 3883 1685 3930 1869 3972 1874 3972 1879 3972 1884 3972 1926 3940 2026 3977 2031 3977 2036 3977 2041 3977 2235 3925 2240 3925 2246 3925 2387 3977 2392 3977 2397 3977 2769 3940 2947 3966 2952 3966 3214 3914 3246 3909 3272 3914 3455 3961 3460 3961 3465 3961 3664 3956 3670 3956 3816 3909 3832 3904 3842 3904 3952 3935 3958 3935 3963 3935 3968 3935 4041 3904 4052 3898 4062 3904 4125 3935 4130 3935 4136 3935 4141 3935 4225 3904 4235 3898 4256 3898 4445 3940 4450 3940 4455 3940 4460 3940 4528 3898 4554 3888 4664 3888 4685 3898 4759 3940 4764 3940 4769 3940 4774 3945 4895 3945 4895 3940 4900 3940 5031 3893 5083 3919 5089 3919 5094 3919 5099 3919 5178 3888 5198 3883 5460 3883 5471 3888 5502 3909 5507 3909 5513 3909 5518 3909 5523 3909 5617 3883 5617 3825 5607 3590 5293 3590 5287 3590 5282 3590 5277 3590 5267 3600 5209 3652 5052 3605 5010 3595 5005 3595 5000 3595 4623 3600 4617 3600 4612 3600 4586 3621 4523 3679 4434 3679 4099 3637 4015 3631 4010 3631 3942 3642 3743 3694 3617 3694 3523 3658 3408 3621 3403 3621 3397 3621 3392 3621 3287 3668 3225 3699 3104 3699 3047 3673 2931 3626 2926 3626 2921 3626 2916 3626 2790 3684 2743 3710 2544 3710 2518 3694 2403 3631 2397 3631 2392 3631 2387 3631 2382 3631 2293 3699 2277 3710 2204 3705 1968 3684 1963 3684 1958 3684 1952 3684 1921 3715 1916 3720 1680 3720 1685 3883"/></Shape>
	    <String CONTENT="oni reſpondet. Quum enim Epheſio¬"
                    HPOS="1680"
                    VPOS="3590"
                    WIDTH="3937"
                    HEIGHT="387"></String>
          </TextLine>

          
          
          <TextLine ID="eSc_line_ff49b761"
                    TAGREFS="LT4184"
                    BASELINE="1680 4223 5612 4160" 
                    HPOS="1680"
                    VPOS="3919"
                    WIDTH="3932"
                    HEIGHT="408">
            <Shape><Polygon POINTS="1680 4275 1853 4307 1858 4307 2178 4275 2319 4327 2324 4327 2329 4327 2507 4322 2513 4322 2518 4322 2581 4275 2670 4317 2675 4317 2680 4317 3078 4312 3083 4312 3162 4275 3303 4312 3308 4312 3314 4312 3319 4312 3460 4259 3717 4280 3722 4280 3905 4254 4000 4286 4005 4286 4010 4286 4015 4286 4094 4249 4214 4291 4219 4291 4225 4291 4230 4291 4397 4239 4523 4291 4528 4291 4534 4291 4759 4244 4848 4270 4853 4270 4858 4270 4863 4270 5020 4228 5031 4228 5214 4228 5408 4228 5450 4254 5455 4254 5460 4254 5465 4254 5612 4218 5612 4160 5602 3945 5492 3940 5486 3940 5481 3940 5476 3940 5471 3945 5403 3987 5345 3945 5308 3919 5303 3919 5298 3919 5293 3919 5062 3925 5057 3925 5052 3925 5005 3956 4921 4008 4617 4008 4539 3972 4534 3972 4528 3972 4282 4013 4188 3966 4125 3940 4120 3940 3968 3940 3963 3940 3764 3945 3759 3945 3753 3945 3717 3977 3685 4003 3617 3982 3528 3951 3523 3951 3518 3951 3172 3956 3167 3956 3162 3956 3125 3987 3073 4034 2979 4034 2837 4008 2832 4008 2465 4040 2371 4003 2293 3972 2287 3972 2136 3972 2130 3972 2125 3972 2120 3972 2062 4008 1984 4050 1722 4050 1680 4013 1680 4223 1680 4275"/></Shape>
	    <String CONTENT="rũ aliquis quęſijſlet: Si deus (ut tu Pau¬"
                    HPOS="1680"
                    VPOS="3919"
                    WIDTH="3932"
                    HEIGHT="408"></String>
          </TextLine>

          
          
          <TextLine ID="eSc_line_5198a165"
                    TAGREFS="LT4184"
                    BASELINE="1680 4558 5633 4500" 
                    HPOS="1675"
                    VPOS="4249"
                    WIDTH="3958"
                    HEIGHT="398">
            <Shape><Polygon POINTS="1680 4558 1680 4621 2000 4647 2005 4647 2010 4647 2073 4615 2089 4610 2413 4610 2439 4610 2675 4636 2680 4636 2685 4636 2759 4605 2774 4600 2780 4605 2811 4631 2816 4631 2821 4631 2827 4631 2979 4600 3000 4600 3005 4600 3068 4631 3073 4631 3078 4631 3083 4631 3157 4600 3172 4594 3240 4600 3544 4621 3549 4621 3554 4621 3638 4589 3649 4589 3664 4589 3806 4621 3811 4621 3816 4621 3900 4589 3910 4584 3937 4584 4125 4615 4130 4615 4136 4615 4193 4584 4235 4610 4240 4610 4246 4610 4251 4610 4513 4579 4560 4573 4602 4573 4900 4605 4905 4605 5157 4600 5162 4600 5267 4563 5277 4563 5298 4563 5534 4594 5539 4594 5544 4594 5633 4558 5633 4500 5623 4249 5272 4249 5267 4249 5261 4249 5256 4249 5251 4254 5120 4343 5068 4343 4968 4259 4963 4254 4958 4254 4952 4254 4947 4254 4706 4259 4701 4259 4696 4259 4691 4265 4539 4354 4434 4354 4314 4275 4303 4265 4298 4265 4293 4265 4287 4265 4282 4265 4277 4265 4267 4275 4151 4359 3743 4359 3612 4286 3596 4275 3591 4275 3586 4275 3581 4275 3476 4286 3471 4286 3465 4286 3460 4291 3361 4369 2607 4375 2502 4307 2497 4307 2492 4307 2314 4296 2308 4296 2130 4307 2125 4307 2120 4307 2109 4317 2052 4364 1973 4333 1968 4333 1963 4333 1958 4333 1952 4333 1900 4369 1816 4322 1774 4301 1769 4301 1764 4301 1759 4301 1675 4322 1680 4558"/></Shape>
	    <String CONTENT="le) aſſeris in omnibus nobis eſt, quî fit"
                    HPOS="1675"
                    VPOS="4249"
                    WIDTH="3958"
                    HEIGHT="398"></String>
          </TextLine>

          
          
          <TextLine ID="eSc_line_58503470"
                    TAGREFS="LT4184"
                    BASELINE="1691 4893 5623 4830" 
                    HPOS="1685"
                    VPOS="4631"
                    WIDTH="3938"
                    HEIGHT="366">
            <Shape><Polygon POINTS="1691 4971 2005 4997 2010 4997 2015 4997 2020 4997 2073 4966 2109 4945 2151 4966 2198 4982 2204 4982 2209 4982 2214 4982 2272 4961 2314 4945 2350 4961 2408 4987 2413 4987 2418 4992 2575 4992 2575 4987 2581 4987 2586 4987 2643 4955 2675 4935 2743 4950 2785 4961 2790 4961 2795 4961 2942 4945 3120 4929 3209 4940 3403 4971 3408 4971 3413 4971 3418 4971 3460 4935 3465 4935 3497 4935 3717 4950 3722 4950 3727 4950 3769 4929 3790 4919 3832 4929 3958 4955 3963 4955 3968 4955 3973 4955 4020 4924 4036 4924 4219 4940 4225 4940 4230 4940 4314 4919 4356 4908 4455 4914 4905 4950 4910 4950 4916 4950 4921 4950 4984 4903 4994 4898 5036 4903 5345 4940 5350 4940 5623 4887 5623 4830 5596 4631 5549 4673 4916 4678 4858 4647 4853 4641 4848 4641 4842 4641 4837 4641 4832 4641 4827 4641 4827 4647 4790 4678 4267 4683 4109 4657 4005 4641 4000 4641 3994 4641 3989 4641 3968 4662 3926 4689 3884 4662 3858 4641 3853 4641 3848 4641 3649 4641 3643 4641 3638 4641 3565 4668 3486 4694 3455 4668 3445 4657 3439 4657 3434 4657 3429 4657 3308 4673 3230 4678 3172 4673 2994 4652 2989 4652 2848 4678 2816 4683 2795 4678 2732 4657 2727 4657 2722 4657 2717 4657 2633 4683 2518 4715 2366 4689 2340 4683 2335 4683 2329 4683 2319 4689 2256 4725 1973 4725 1890 4694 1869 4689 1863 4689 1858 4689 1853 4689 1837 4694 1774 4725 1685 4699 1691 4893 1691 4971"/></Shape>
	    <String CONTENT="igitur quod dona illius tam imparia in"
                    HPOS="1685"
                    VPOS="4631"
                    WIDTH="3938"
                    HEIGHT="366"></String>
          </TextLine>

          
          
          <TextLine ID="eSc_line_4fac1053"
                    TAGREFS="LT4184"
                    BASELINE="1685 5228 5628 5170" 
                    HPOS="1680"
                    VPOS="4950"
                    WIDTH="3948"
                    HEIGHT="367">
            <Shape><Polygon POINTS="1685 5228 1685 5275 1958 5280 2010 5317 2015 5317 2020 5317 2026 5317 2031 5317 2188 5275 2272 5317 2277 5317 2282 5317 2638 5269 2748 5317 2753 5317 2759 5317 2764 5317 2890 5264 2895 5264 2910 5264 3256 5290 3261 5290 3267 5290 3345 5259 3460 5306 3465 5306 3471 5306 3623 5301 3628 5301 3738 5254 3743 5254 3748 5254 3848 5280 3853 5280 3858 5280 3863 5280 3926 5254 3937 5243 4188 5243 4214 5249 4350 5290 4356 5290 4361 5296 4549 5296 4549 5290 4554 5290 4670 5243 4685 5238 4717 5243 4858 5269 4863 5269 5031 5238 5068 5233 5073 5238 5130 5280 5136 5280 5141 5280 5146 5280 5350 5275 5356 5275 5445 5233 5460 5228 5481 5233 5570 5264 5575 5264 5581 5264 5586 5264 5591 5264 5628 5238 5628 5170 5612 4976 5534 4992 5492 4976 5424 4950 5418 4950 5413 4950 5408 4950 5319 4976 5209 5013 5005 4992 5000 4992 4816 5024 4759 4987 4753 4982 4748 4982 4743 4982 4738 4982 4732 4982 4712 4987 4633 5018 4497 4992 4486 4992 4481 4992 4455 4992 4235 5018 4204 4997 4198 4992 4193 4992 4188 4992 4183 4992 4178 4992 4157 4997 4036 5034 3827 5008 3821 5008 3816 5008 3811 5008 3780 5039 3659 5008 3612 4992 3607 4992 3602 4992 3596 4992 3560 5008 3460 5044 3251 5024 3246 5024 2774 5050 2685 5018 2675 5018 2670 5018 2664 5018 2659 5018 2654 5024 2612 5044 2586 5024 2549 4992 2544 4992 2539 4992 2534 4992 1680 5034 1685 5228"/></Shape>
	    <String CONTENT="nobis ſint, cur nõ potius æque magna"
                    HPOS="1680"
                    VPOS="4950"
                    WIDTH="3948"
                    HEIGHT="367"></String>
          </TextLine>

          
          
          <TextLine ID="eSc_line_5bae2473"
                    TAGREFS="LT4184"
                    BASELINE="1685 5557 5628 5500" 
                    HPOS="1680"
                    VPOS="5290"
                    WIDTH="3948"
                    HEIGHT="351">
            <Shape><Polygon POINTS="1685 5557 1685 5610 2376 5641 2382 5641 2387 5641 2392 5641 2429 5610 2476 5636 2481 5636 2486 5636 2675 5604 3104 5631 3109 5631 3115 5631 3120 5631 3167 5599 3465 5625 3471 5625 3649 5594 3827 5620 3832 5620 4099 5615 4104 5615 4209 5578 4219 5578 4246 5578 4523 5610 4528 5610 4534 5610 4612 5573 4617 5573 4633 5573 4795 5604 4801 5604 4806 5604 4900 5573 4910 5568 4952 5568 5214 5594 5219 5594 5345 5563 5366 5563 5387 5563 5581 5594 5586 5594 5591 5594 5596 5594 5628 5568 5628 5500 5617 5343 5267 5290 5261 5290 5256 5290 5041 5348 5020 5358 4848 5358 4832 5353 4801 5327 4795 5327 4790 5327 4785 5327 4780 5327 4717 5353 4706 5358 4696 5353 4549 5301 4544 5301 4539 5301 4350 5306 4345 5306 4340 5306 4272 5358 4267 5364 4251 5364 4120 5338 4115 5338 4109 5338 4031 5364 4015 5369 3984 5364 3858 5348 3853 5348 3848 5348 3842 5348 3816 5369 3811 5374 3780 5369 3701 5353 3696 5353 3539 5374 3471 5379 3424 5374 3115 5322 3109 5322 2952 5327 2947 5327 2942 5327 2874 5385 2869 5390 2560 5390 2356 5390 2298 5358 2293 5358 2287 5358 2282 5358 2219 5379 2151 5353 2146 5353 2141 5353 2136 5353 2036 5395 2020 5400 1963 5395 1722 5374 1717 5374 1712 5374 1706 5374 1680 5385 1685 5557"/></Shape>
	    <String CONTENT="in omneis cõfert, ità ut nullus cauſam"
                    HPOS="1680"
                    VPOS="5290"
                    WIDTH="3948"
                    HEIGHT="351"></String>
          </TextLine>

          
          
          <TextLine ID="eSc_line_972ce9fe"
                    TAGREFS="LT4184"
                    BASELINE="1691 5897 5628 5840" 
                    HPOS="1685"
                    VPOS="5610"
                    WIDTH="3943"
                    HEIGHT="371">
            <Shape><Polygon POINTS="1691 5897 1691 5960 2214 5939 2371 5950 2753 5976 2759 5976 2764 5976 2837 5939 2842 5934 2848 5939 2890 5976 2895 5976 2900 5976 2905 5981 3115 5981 3115 5976 3120 5976 3303 5929 3335 5924 3376 5929 3670 5966 3675 5966 3680 5966 3764 5918 3769 5918 3790 5918 4068 5955 4073 5955 4078 5955 4193 5913 4240 5955 4246 5955 4251 5955 4256 5955 4261 5955 4356 5918 4413 5955 4418 5955 4424 5955 4429 5955 4434 5955 4439 5955 4476 5924 4570 5945 4575 5945 5298 5892 5570 5918 5575 5918 5581 5918 5586 5918 5628 5887 5628 5840 5607 5636 5528 5662 5476 5636 5465 5631 5460 5631 5455 5631 5450 5631 5439 5636 5356 5678 5225 5667 5183 5636 5146 5610 5141 5610 5136 5610 5130 5610 5125 5610 5026 5641 5000 5646 4942 5641 4732 5615 4727 5615 4722 5615 4670 5641 4581 5688 4356 5652 4350 5652 4130 5704 3774 5704 3738 5678 3732 5678 3727 5678 3722 5678 3465 5714 3141 5714 3052 5657 3031 5641 3026 5641 3020 5641 3015 5641 2445 5646 2439 5646 2434 5646 2413 5662 2340 5725 2219 5699 2214 5699 2015 5730 1916 5667 1900 5657 1895 5657 1890 5657 1884 5657 1685 5667 1691 5897"/></Shape>
	    <String CONTENT="ſe extollẽdi ſupra proximum habeat:"
                    HPOS="1685"
                    VPOS="5610"
                    WIDTH="3943"
                    HEIGHT="371"></String>
          </TextLine>

          
          
          <TextLine ID="eSc_line_13d42b69"
                    TAGREFS="LT4184"
                    BASELINE="1696 6222 5638 6180" 
                    HPOS="1691"
                    VPOS="5960"
                    WIDTH="3947"
                    HEIGHT="367">
            <Shape><Polygon POINTS="1696 6222 1696 6285 1916 6311 1921 6311 1926 6311 1989 6285 2000 6285 2010 6285 2178 6327 2183 6327 2188 6327 2314 6285 2340 6280 2408 6285 2612 6311 2617 6311 2623 6311 2628 6311 2659 6285 2685 6269 2785 6285 2821 6290 2827 6290 2832 6290 2853 6285 2937 6264 3141 6285 3382 6311 3387 6311 3497 6285 3586 6264 3628 6285 3670 6306 3675 6306 3680 6306 3685 6306 3691 6306 3717 6285 3722 6280 3743 6285 3827 6306 3832 6306 3837 6306 3842 6306 3921 6285 4015 6259 4104 6285 4162 6300 4167 6300 4172 6300 4178 6300 4230 6285 4340 6243 4748 6243 4853 6285 4858 6285 4863 6285 4869 6285 4874 6285 4879 6285 4937 6243 5010 6264 5015 6264 5020 6264 5141 6238 5267 6280 5272 6280 5277 6280 5282 6280 5287 6280 5350 6238 5418 6285 5429 6290 5434 6290 5439 6290 5445 6290 5638 6280 5638 6180 5633 5986 5581 5971 5575 5971 5570 5971 5565 5971 5534 5986 5465 6018 5303 5986 5287 5986 5282 5986 5277 5986 5272 5986 5204 6023 4806 6023 4727 5992 4654 5960 4649 5960 4643 5960 4486 5966 4481 5966 4424 5992 4345 6034 3973 6034 3905 5997 3863 5971 3858 5971 3853 5971 3848 5971 3842 5971 3837 5971 3806 5997 3753 6039 3696 6039 3643 5997 3617 5976 3612 5976 3607 5976 3387 5976 3382 5976 3376 5976 3287 6002 3125 6049 2989 6049 2900 6002 2890 5997 2884 5997 2879 5997 2874 5997 2853 6002 2738 6044 2649 6002 2607 5986 2602 5986 2596 5986 2591 5986 2586 5986 2560 6002 2476 6054 2272 6054 2214 6007 2198 5992 2193 5992 2188 5992 2078 5992 2073 5992 2068 5992 2062 5992 2062 5997 2047 6007 2026 6028 1968 6007 1916 5992 1910 5992 1905 5992 1691 6007 1696 6222"/></Shape>
	    <String CONTENT="Reſpondet itaq; Paulus, imò unicuiq;"
                    HPOS="1691"
                    VPOS="5960"
                    WIDTH="3947"
                    HEIGHT="367"></String>
          </TextLine>

          
          
          <TextLine ID="eSc_line_5c2369f5"
                    TAGREFS="LT4184"
                    BASELINE="1691 6567 5649 6505" 
                    HPOS="1685"
                    VPOS="6274"
                    WIDTH="3964"
                    HEIGHT="367">
            <Shape><Polygon POINTS="1691 6567 1691 6630 2125 6609 2151 6625 2178 6641 2183 6641 2188 6641 2193 6641 2481 6614 2534 6614 2544 6614 2602 6635 2607 6635 2612 6635 2617 6635 2623 6635 2654 6614 2680 6599 2717 6614 2753 6625 2759 6625 2764 6630 3335 6630 3335 6625 3340 6625 3397 6599 3424 6588 3670 6594 4272 6609 4277 6609 4282 6609 4335 6578 4350 6573 4387 6578 4513 6604 4518 6604 4649 6573 4664 6573 4685 6573 4890 6599 4895 6599 5083 6567 5115 6562 5157 6562 5439 6588 5445 6588 5649 6552 5649 6505 5633 6274 5261 6342 5036 6321 5031 6321 5026 6321 4958 6348 4895 6295 4890 6290 4884 6290 4879 6290 4795 6290 4790 6290 4785 6290 4780 6290 4769 6300 4696 6353 4434 6353 4350 6311 4308 6295 4303 6295 4298 6295 4146 6300 4141 6300 4078 6321 3963 6363 3785 6337 3780 6337 3492 6368 3450 6342 3413 6311 3408 6311 3403 6311 3319 6311 3314 6311 3308 6311 3214 6348 3151 6379 2937 6379 2869 6358 2732 6321 2727 6321 2722 6321 2717 6321 2712 6321 2654 6368 2633 6384 2575 6368 2471 6342 2465 6342 2460 6342 2455 6342 2335 6379 2293 6389 2267 6379 2162 6332 2157 6332 2020 6332 2015 6332 2010 6332 2005 6332 1968 6363 1827 6337 1821 6337 1816 6337 1685 6389 1691 6567"/></Shape>
	    <String CONTENT="noſtrum data eſt gratia ſecundum mẽ"
                    HPOS="1685"
                    VPOS="6274"
                    WIDTH="3964"
                    HEIGHT="367"></String>
          </TextLine>

          
          
          <TextLine ID="eSc_line_77d8d364"
                    TAGREFS="LT4184"
                    BASELINE="1696 6908 5659 6845" 
                    HPOS="1685"
                    VPOS="6625"
                    WIDTH="3974"
                    HEIGHT="366">
            <Shape><Polygon POINTS="1696 6908 1696 6986 2476 6949 2612 6981 2675 6991 2680 6991 2753 6976 2884 6949 3089 6976 3125 6976 3130 6976 3151 6970 3308 6939 3371 6970 3382 6976 3387 6976 3392 6981 3654 6981 3654 6976 3659 6976 3685 6965 3790 6928 3874 6965 3879 6965 3884 6965 3890 6965 3895 6965 3931 6939 4115 6965 4151 6965 4157 6965 4193 6960 4471 6918 4617 6955 4633 6960 4638 6960 4643 6960 4895 6955 4900 6955 4905 6955 5005 6908 5172 6908 5272 6949 5277 6949 5282 6949 5287 6949 5293 6949 5476 6902 5643 6944 5659 6845 5649 6672 5376 6672 5261 6625 5256 6625 5251 6625 5246 6625 5146 6677 5141 6682 4947 6682 4942 6682 4884 6641 4879 6641 4874 6641 4670 6625 4664 6625 4659 6625 4539 6677 4335 6630 4329 6630 4324 6630 4319 6630 4251 6693 4246 6698 4198 6698 4193 6693 4109 6635 4104 6635 4099 6635 4000 6635 3994 6635 3863 6641 3858 6641 3853 6641 3774 6698 3691 6698 3623 6646 3617 6646 3612 6646 3607 6646 3602 6646 3528 6672 3429 6646 3424 6646 3418 6646 3413 6646 3408 6646 3329 6709 3324 6709 3303 6709 3089 6688 3083 6688 3078 6688 3005 6714 3000 6714 2984 6714 2801 6693 2795 6693 2424 6719 2340 6667 2335 6667 2329 6667 2041 6667 2036 6667 2031 6667 2026 6667 2026 6672 1989 6703 1785 6672 1780 6672 1774 6672 1769 6672 1685 6719 1696 6908"/></Shape>
	    <String CONTENT="ſurã donationis Chriſti:ideoq́; nemini"
                    HPOS="1685"
                    VPOS="6625"
                    WIDTH="3974"
                    HEIGHT="366"></String>
          </TextLine>

          
          
          <TextLine ID="eSc_line_1c8e5557"
                    TAGREFS="LT4184"
                    BASELINE="1696 7237 5649 7180" 
                    HPOS="1691"
                    VPOS="6965"
                    WIDTH="3958"
                    HEIGHT="372">
            <Shape><Polygon POINTS="1696 7237 1696 7316 1958 7337 1963 7337 1968 7337 1973 7337 2015 7310 2057 7290 2298 7290 2397 7305 2518 7321 2523 7321 2528 7321 2602 7300 2659 7284 2722 7295 2795 7310 2801 7310 2994 7290 3151 7274 3178 7284 3214 7316 3219 7316 3225 7316 3230 7321 3455 7321 3455 7316 3460 7316 3528 7279 3549 7269 3565 7279 3628 7310 3633 7310 3638 7310 3884 7305 3890 7305 3895 7305 3947 7269 3952 7269 3963 7269 4115 7305 4120 7305 4507 7258 4570 7253 4591 7258 4701 7295 4706 7295 4712 7300 4890 7300 4890 7295 4895 7295 4989 7248 4994 7242 5649 7232 5649 7180 5638 7007 5492 6970 5486 6970 5481 6970 5387 7002 5293 6965 5287 6965 5282 6965 5277 6965 5151 7012 5026 6981 5020 6981 5015 6981 5010 6981 5005 6981 4958 7017 4958 7023 4947 7017 4869 6996 4863 6996 4858 6996 4853 6996 4795 7023 4759 7044 4534 7044 4497 7028 4340 6981 4335 6981 4329 6981 4057 6986 4052 6986 4047 6986 3994 7023 3554 6991 3549 6991 3544 6991 3539 6991 3471 7049 3465 7059 2952 7065 2942 7059 2879 7028 2874 7028 2869 7028 2863 7028 2858 7028 2816 7065 2811 7065 2806 7065 2649 7038 2643 7038 2638 7038 2544 7065 2445 7028 2439 7028 2434 7028 2429 7028 2424 7028 2424 7033 2376 7075 2324 7075 2251 7075 2130 7033 2125 7033 2120 7033 2115 7033 2109 7033 2041 7080 1973 7054 1968 7054 1963 7054 1958 7054 1952 7054 1921 7085 1691 7085 1696 7237"/></Shape>
	    <String CONTENT="quantumuis excellenti dono prædito"
                    HPOS="1691"
                    VPOS="6965"
                    WIDTH="3958"
                    HEIGHT="372"></String>
          </TextLine>

          
          
          <TextLine ID="eSc_line_1f277267"
                    TAGREFS="LT4184"
                    BASELINE="1701 7583 5638 7509" 
                    HPOS="1691"
                    VPOS="7295"
                    WIDTH="3947"
                    HEIGHT="377">
            <Shape><Polygon POINTS="1701 7583 1701 7656 2089 7630 2319 7656 2361 7656 2366 7656 2371 7656 2382 7651 2450 7624 2486 7651 2497 7661 2502 7661 2507 7661 2811 7672 2816 7672 2821 7672 2827 7672 2863 7645 2900 7619 3036 7640 3068 7645 3073 7645 3078 7645 3094 7640 3198 7609 3272 7640 3324 7661 3329 7661 3335 7661 3560 7656 3565 7656 3607 7635 3638 7614 3832 7609 3869 7630 3884 7635 3890 7635 3895 7635 3900 7635 3931 7630 4041 7598 4115 7624 4146 7635 4151 7635 4157 7635 4162 7635 4198 7624 4319 7588 4476 7619 4486 7619 4492 7619 4497 7619 4502 7619 4602 7588 4816 7614 4874 7619 4879 7619 4947 7614 5089 7593 5120 7609 5151 7624 5157 7624 5162 7630 5356 7630 5356 7624 5361 7624 5397 7604 5450 7577 5628 7598 5638 7509 5628 7337 5539 7305 5534 7305 5528 7305 5371 7342 5319 7352 5256 7342 5120 7321 5115 7321 5109 7321 5062 7342 5031 7363 4811 7363 4774 7347 4738 7326 4732 7326 4727 7326 4722 7326 4659 7342 4607 7295 4602 7295 4596 7295 4591 7295 4287 7300 4282 7300 4188 7347 4178 7352 4167 7347 4073 7316 4068 7316 4062 7316 4057 7316 4052 7316 4000 7347 3931 7389 3272 7394 3130 7358 3125 7358 3120 7358 3041 7373 3005 7352 2963 7326 2958 7326 2952 7326 2947 7326 2586 7358 2481 7363 2429 7358 2287 7337 2282 7337 2277 7337 2272 7337 2272 7342 2251 7358 2188 7410 2068 7394 2062 7394 2057 7394 1958 7426 1895 7426 1816 7358 1801 7347 1795 7347 1790 7347 1785 7347 1691 7358 1701 7583"/></Shape>
	    <String CONTENT="licet ſe alijs anteponere. Si enim gra¬"
                    HPOS="1691"
                    VPOS="7295"
                    WIDTH="3947"
                    HEIGHT="377"></String>
          </TextLine>

          
          
          <TextLine ID="eSc_line_ac0d04a0"
                    TAGREFS="LT4184"
                    BASELINE="1706 7928 5659 7855" 
                    HPOS="1696"
                    VPOS="7614"
                    WIDTH="3963"
                    HEIGHT="393">
            <Shape><Polygon POINTS="1706 7928 1706 8001 2554 7970 2696 7986 2801 7996 2806 7996 2811 7996 2869 7980 2910 7970 2931 7980 2979 8007 2984 8007 2989 8007 2994 8007 3000 8007 3036 7975 3041 7970 3293 7959 3403 7970 3675 7996 3680 7996 3958 7954 4010 7949 4036 7954 4183 7986 4188 7986 4193 7986 4308 7954 4492 7980 4497 7980 4502 7980 4507 7980 4560 7938 4570 7938 4612 7938 5083 7970 5089 7970 5340 7923 5371 7918 5397 7923 5518 7944 5523 7944 5659 7912 5659 7855 5643 7614 5041 7693 4738 7656 4732 7656 4727 7656 4722 7656 4680 7693 4554 7693 4502 7656 4476 7635 4471 7635 4465 7635 4293 7635 4287 7635 4282 7635 4277 7635 4240 7666 4178 7708 4000 7672 3979 7672 3973 7672 3968 7672 3963 7672 3958 7677 3910 7703 3701 7693 3696 7693 3691 7693 3612 7719 3523 7719 3486 7693 3439 7661 3434 7661 3429 7661 3115 7656 3109 7656 2921 7687 2607 7666 2602 7666 2596 7666 2591 7666 2513 7729 2497 7740 2392 7734 2115 7719 2109 7719 1890 7750 1811 7693 1806 7693 1801 7693 1795 7693 1790 7693 1785 7693 1696 7745 1706 7928"/></Shape>
	    <String CONTENT="tuitum Chriſti donum eſt, non poteſt"
                    HPOS="1696"
                    VPOS="7614"
                    WIDTH="3963"
                    HEIGHT="393"></String>
          </TextLine>

          
        </TextBlock>
        
        <TextBlock HPOS="4566.0"
                   VPOS="8028.0"
                   WIDTH="1075.0"
                   HEIGHT="311.0"
                   ID="block_2"
                   TAGREFS="BT10640">
          <Shape><Polygon POINTS="5641 8028 5641 8339 4566 8339 4566 8028"/></Shape>
          
          
          <TextLine ID="eSc_line_b68bf93c"
                    TAGREFS="LT4184"
                    BASELINE="4602 8226 5643 8200" 
                    HPOS="4591"
                    VPOS="8012"
                    WIDTH="1052"
                    HEIGHT="340">
            <Shape><Polygon POINTS="4602 8226 4602 8300 4628 8315 4633 8315 4638 8315 4643 8315 4811 8289 4821 8289 4827 8289 4989 8352 4994 8352 5000 8352 5188 8347 5193 8347 5198 8347 5198 8341 5246 8294 5643 8294 5643 8200 5628 8012 4591 8043 4602 8226"/></Shape>
	    <String CONTENT="tanquam"
                    HPOS="4591"
                    VPOS="8012"
                    WIDTH="1052"
                    HEIGHT="340"></String>
          </TextLine>

          
        </TextBlock>
        

        
      </PrintSpace>
    </Page>
  </Layout>
</alto>
