<?xml version="1.0" encoding="UTF-8"?>
<alto xmlns:xsi="http://www.w3.org/2001/XMLSchema-instance"
      xmlns="http://www.loc.gov/standards/alto/ns-v4#"
      xsi:schemaLocation="http://www.loc.gov/standards/alto/ns-v4# http://www.loc.gov/standards/alto/v4/alto-4-2.xsd">
  <Description>
    <MeasurementUnit>pixel</MeasurementUnit>
    <sourceImageInformation>
      <fileName>2012921.png</fileName>
      
    </sourceImageInformation>
  </Description>
  
  <Tags>
    <OtherTag ID="BT10544" LABEL="text" DESCRIPTION="block type text"/><OtherTag ID="BT10543" LABEL="NumberingZone" DESCRIPTION="block type NumberingZone"/><OtherTag ID="BT10542" LABEL="MainZone" DESCRIPTION="block type MainZone"/><OtherTag ID="BT10538" LABEL="RunningTitleZone" DESCRIPTION="block type RunningTitleZone"/><OtherTag ID="BT10537" LABEL="DropCapitalZone" DESCRIPTION="block type DropCapitalZone"/><OtherTag ID="BT10536" LABEL="GraphicZone" DESCRIPTION="block type GraphicZone"/><OtherTag ID="BT10535" LABEL="TitlePageZone" DESCRIPTION="block type TitlePageZone"/><OtherTag ID="BT10534" LABEL="QuireMarksZone" DESCRIPTION="block type QuireMarksZone"/><OtherTag ID="BT10533" LABEL="MarginTextZone" DESCRIPTION="block type MarginTextZone"/>
    <OtherTag ID="LT4122" LABEL="default" DESCRIPTION="line type default"/><OtherTag ID="LT4119" LABEL="DefaultLine" DESCRIPTION="line type DefaultLine"/><OtherTag ID="LT4118" LABEL="HeadingLine" DESCRIPTION="line type HeadingLine"/><OtherTag ID="LT4117" LABEL="CustomLine : BiblicalText" DESCRIPTION="line type CustomLine : BiblicalText"/>
  </Tags>
  
  <Layout>
    <Page WIDTH="1807"
          HEIGHT="2677"
          PHYSICAL_IMG_NR="37"
          ID="eSc_dummypage_">
      <PrintSpace HPOS="0"
                  VPOS="0"
                  WIDTH="1807"
                  HEIGHT="2677">
        
        <TextBlock HPOS="485"
                   VPOS="190"
                   WIDTH="311"
                   HEIGHT="65"
                   ID="block_0"
                   TAGREFS="BT10538">
          <Shape><Polygon POINTS="796 190 796 255 485 255 485 190"/></Shape>
          
          
          <TextLine ID="eSc_line_91c9dfb2"
                    TAGREFS="LT4118"
                    BASELINE="487 237 789 237" 
                    HPOS="487"
                    VPOS="190"
                    WIDTH="302"
                    HEIGHT="71">
            <Shape><Polygon POINTS="764 200 731 194 730 194 728 194 712 200 706 202 703 199 697 194 696 194 681 193 666 193 660 193 633 196 590 202 556 193 541 190 539 190 538 190 496 190 487 193 487 237 487 248 522 261 523 261 524 261 526 261 547 252 661 261 663 261 664 261 684 255 704 249 788 258 789 237 783 212 770 203"/></Shape>
	    <String CONTENT="CAPVT I."
                    HPOS="487"
                    VPOS="190"
                    WIDTH="302"
                    HEIGHT="71"
                    WC="0.998562075197697"></String>
          </TextLine>

          
        </TextBlock>
        
        <TextBlock HPOS="1126"
                   VPOS="219"
                   WIDTH="66"
                   HEIGHT="47"
                   ID="eSc_textblock_8db41f5d"
                   TAGREFS="BT10543">
          <Shape><Polygon POINTS="1126 219 1126 266 1192 266 1192 219"/></Shape>
          
          
          <TextLine ID="eSc_line_3af9e12f"
                    TAGREFS="LT4119"
                    BASELINE="1145 251 1157 254 1183 260" 
                    HPOS="1137"
                    VPOS="220"
                    WIDTH="47"
                    HEIGHT="54">
            <Shape><Polygon POINTS="1151 220 1144 249 1137 272 1175 274 1182 258 1184 227 1173 220"/></Shape>
	    <String CONTENT="9"
                    HPOS="1137"
                    VPOS="220"
                    WIDTH="47"
                    HEIGHT="54"
                    WC="0.999826729297638"></String>
          </TextLine>

          
        </TextBlock>
        
        <TextBlock HPOS="115"
                   VPOS="257"
                   WIDTH="1074"
                   HEIGHT="1070"
                   ID="block_1"
                   TAGREFS="BT10542">
          <Shape><Polygon POINTS="1189 257 1189 1327 115 1327 115 257"/></Shape>
          
          
          <TextLine ID="eSc_line_857325ca"
                    TAGREFS="LT4119"
                    BASELINE="132 303 1177 313" 
                    HPOS="130"
                    VPOS="252"
                    WIDTH="1047"
                    HEIGHT="76">
            <Shape><Polygon POINTS="325 254 310 255 295 255 281 257 266 258 251 258 236 260 234 260 227 261 224 261 206 261 191 263 176 263 162 264 147 266 132 266 132 303 130 322 1174 328 1177 313 1177 272 1064 260 1063 260 1061 260 1042 270 1041 270 1024 258 1023 258 1021 258 1020 258 939 269 935 269 931 269 871 257 870 257 868 257 828 267 826 267 697 267 697 266 673 257 672 257 670 257 591 266 580 266 563 264 426 252 425 252 350 263 346 263 331 252 325 254"/></Shape>
	    <String CONTENT="&amp; quòd iam Galatæ, quæ erant vicinæ Eccleſiæ,"
                    HPOS="130"
                    VPOS="252"
                    WIDTH="1047"
                    HEIGHT="76"></String>
          </TextLine>

          
          
          <TextLine ID="eSc_line_44fcfefd"
                    TAGREFS="LT4119"
                    BASELINE="135 361 1180 368" 
                    HPOS="133"
                    VPOS="315"
                    WIDTH="1047"
                    HEIGHT="71">
            <Shape><Polygon POINTS="135 361 133 383 1177 386 1180 368 1180 336 1127 336 1127 334 1110 321 1109 321 1107 321 1106 321 1105 321 1072 334 1070 334 1039 322 1038 322 1036 322 1035 322 1033 322 1018 334 1017 334 1011 334 962 325 960 325 923 333 922 333 907 319 905 319 904 319 902 319 901 319 899 319 880 333 875 333 803 319 801 319 715 331 710 331 709 331 684 318 682 318 681 318 679 318 636 331 632 333 580 333 575 330 553 316 551 316 550 316 548 316 547 316 513 327 499 316 498 316 496 316 462 316 461 316 459 316 458 316 458 318 444 328 443 331 422 331 419 328 404 316 403 316 401 316 400 316 356 324 346 315 345 315 343 315 342 315 197 324 168 315 166 315 165 315 163 315 135 325 135 361"/></Shape>
	    <String CONTENT="abducti fuerant à ſynceritate &amp; puritate doctri¬"
                    HPOS="133"
                    VPOS="315"
                    WIDTH="1047"
                    HEIGHT="71"
                    WC="0.988660746691178"></String>
          </TextLine>

          
          
          <TextLine ID="eSc_line_094305c6"
                    TAGREFS="LT4119"
                    BASELINE="133 420 1176 426" 
                    HPOS="132"
                    VPOS="374"
                    WIDTH="1044"
                    HEIGHT="73">
            <Shape><Polygon POINTS="133 420 132 437 197 446 199 447 1174 447 1176 426 1174 391 945 391 942 389 916 377 914 377 913 377 911 377 890 385 864 377 862 377 861 377 859 377 838 388 810 377 809 377 807 377 759 388 758 388 755 388 725 377 724 377 722 377 664 388 660 388 658 388 643 376 642 376 641 376 568 376 566 376 565 376 544 386 527 376 526 376 524 376 523 376 522 376 496 386 495 388 435 388 431 386 391 374 389 374 388 374 386 374 362 385 343 376 342 376 340 376 258 385 254 385 252 385 240 374 239 374 237 374 236 374 133 383 133 420"/></Shape>
	    <String CONTENT="næ Euangelij per huiuſmodi pſeudofeatres con¬"
                    HPOS="132"
                    VPOS="374"
                    WIDTH="1044"
                    HEIGHT="73"
                    WC="0.996828495131599"></String>
          </TextLine>

          
          
          <TextLine ID="eSc_line_df2c29f6"
                    TAGREFS="LT4119"
                    BASELINE="132 478 1182 484" 
                    HPOS="130"
                    VPOS="435"
                    WIDTH="1052"
                    HEIGHT="73">
            <Shape><Polygon POINTS="132 478 130 492 150 501 151 501 153 501 346 495 465 504 466 504 612 496 682 505 684 505 751 498 774 505 776 505 777 505 881 498 898 505 899 505 901 505 902 505 916 498 925 507 926 507 928 507 929 508 1021 508 1021 507 1023 507 1039 499 1165 507 1167 507 1168 507 1170 507 1180 498 1182 484 1182 453 1125 453 1124 452 1090 440 1088 440 1087 440 1018 450 1008 452 1005 450 986 440 984 440 983 440 981 440 960 450 945 450 887 450 847 450 846 449 831 438 829 438 828 438 826 438 757 447 745 438 743 438 742 438 740 438 739 438 737 438 727 447 724 450 684 450 580 449 574 446 550 437 548 437 477 437 475 437 474 437 455 444 441 449 425 444 395 435 394 435 392 435 391 435 359 443 348 447 297 447 291 443 284 437 282 437 281 437 279 437 278 437 258 443 237 449 196 449 188 441 182 437 182 435 181 435 179 435 178 435 132 440 132 478"/></Shape>
	    <String CONTENT="cionatores &amp; nebulones, qui aliter, quàm Apo¬"
                    HPOS="130"
                    VPOS="435"
                    WIDTH="1052"
                    HEIGHT="73"
                    WC="0.99189824902493"></String>
          </TextLine>

          
          
          <TextLine ID="eSc_line_be8824f6"
                    TAGREFS="LT4119"
                    BASELINE="132 538 1179 545" 
                    HPOS="130"
                    VPOS="492"
                    WIDTH="1049"
                    HEIGHT="79">
            <Shape><Polygon POINTS="132 538 130 550 169 565 171 565 172 565 288 553 339 556 348 565 348 566 349 566 350 566 352 566 652 556 690 563 691 563 800 559 819 569 820 569 822 569 823 569 825 569 840 557 931 557 969 571 971 571 972 571 1033 562 1044 569 1045 569 1047 569 1048 569 1049 569 1064 562 1134 568 1136 568 1177 557 1179 545 1177 511 1093 511 1093 510 1066 498 1064 498 1063 498 965 505 933 498 932 498 931 498 929 498 904 508 884 501 883 501 881 501 840 508 838 508 837 508 807 496 806 496 804 496 803 496 770 507 712 496 710 496 664 507 663 507 661 507 587 499 585 499 480 505 461 493 459 493 458 493 456 493 346 505 342 505 339 505 292 492 291 492 151 492 150 492 148 492 147 492 132 501 132 538"/></Shape>
	    <String CONTENT="ſtoli, Euangelij prætextu docebant. Quid ſit au¬"
                    HPOS="130"
                    VPOS="492"
                    WIDTH="1049"
                    HEIGHT="79"
                    WC="0.986444777498643"></String>
          </TextLine>

          
          
          <TextLine ID="eSc_line_adb0515f"
                    TAGREFS="LT4119"
                    BASELINE="130 597 1180 605" 
                    HPOS="130"
                    VPOS="551"
                    WIDTH="1050"
                    HEIGHT="67">
            <Shape><Polygon POINTS="130 597 130 618 1179 618 1180 605 1177 557 1099 568 895 568 877 557 875 557 874 557 873 557 862 557 792 566 771 559 761 554 759 554 758 554 657 559 615 560 593 559 517 553 516 553 514 553 513 553 505 559 499 565 364 565 359 560 350 553 349 553 348 553 346 553 288 560 276 562 273 560 263 551 261 551 260 551 230 551 229 551 227 551 226 551 212 560 211 562 130 562 130 597"/></Shape>
	    <String CONTENT="tem ἑτεροδιδασκαλεῖν hic &amp; inf cap. 6.V.3. varia eſt"
                    HPOS="130"
                    VPOS="551"
                    WIDTH="1050"
                    HEIGHT="67"></String>
          </TextLine>

          
          
          <TextLine ID="eSc_line_2686bd97"
                    TAGREFS="LT4119"
                    BASELINE="132 654 1179 661" 
                    HPOS="130"
                    VPOS="614"
                    WIDTH="1049"
                    HEIGHT="74">
            <Shape><Polygon POINTS="132 654 130 669 156 678 157 678 159 678 215 672 239 682 240 682 242 682 295 672 297 672 298 672 321 681 322 681 324 681 325 681 343 673 353 682 353 684 355 684 356 684 358 684 359 684 400 673 403 673 493 673 498 675 520 684 522 684 523 684 578 676 588 675 621 675 624 676 633 684 633 685 635 685 636 685 638 687 745 687 745 685 746 685 748 685 757 678 767 687 768 687 770 687 771 688 913 688 913 687 914 687 933 681 951 676 975 682 1006 688 1008 688 1052 682 1094 678 1176 684 1179 661 1176 618 972 629 959 620 957 620 956 620 954 620 953 620 933 627 813 620 812 620 810 620 789 627 670 615 663 615 661 615 660 615 641 626 551 626 511 618 510 618 464 623 453 614 452 614 450 614 449 614 447 614 446 614 420 624 373 617 371 617 370 617 346 624 132 614 132 654"/></Shape>
	    <String CONTENT="interpretum ſententia: ſed ex legitimi paſtoris"
                    HPOS="130"
                    VPOS="614"
                    WIDTH="1049"
                    HEIGHT="74"
                    WC="0.959026251701598"></String>
          </TextLine>

          
          
          <TextLine ID="eSc_line_41062c6e"
                    TAGREFS="LT4119"
                    BASELINE="135 713 1177 719" 
                    HPOS="133"
                    VPOS="670"
                    WIDTH="1044"
                    HEIGHT="75">
            <Shape><Polygon POINTS="135 713 133 728 202 739 203 739 205 739 224 731 294 739 295 739 340 731 359 740 361 740 362 740 364 740 394 731 441 742 443 742 553 733 565 740 566 740 568 740 569 740 678 734 688 743 690 743 691 743 693 743 758 736 768 743 770 743 771 743 917 745 919 745 977 737 1045 745 1047 745 1048 745 1084 736 1134 745 1136 745 1137 745 1176 734 1177 719 1176 687 1127 687 1127 685 1115 676 1115 675 1113 675 1112 675 1110 675 1032 685 1023 685 1008 685 913 676 911 676 861 684 853 684 847 684 803 675 801 675 762 682 752 684 727 682 655 676 654 676 590 681 568 682 559 681 519 672 404 672 403 672 401 672 380 679 374 681 324 681 321 679 309 670 307 670 306 670 304 670 303 670 275 678 266 681 257 678 236 670 234 670 233 670 135 676 135 713"/></Shape>
	    <String CONTENT="definitione facilè tanquam ex contrario perſpi¬"
                    HPOS="133"
                    VPOS="670"
                    WIDTH="1044"
                    HEIGHT="75"
                    WC="0.989407618840536"></String>
          </TextLine>

          
          
          <TextLine ID="eSc_line_757ad1e9"
                    TAGREFS="LT4119"
                    BASELINE="130 771 1180 777" 
                    HPOS="130"
                    VPOS="727"
                    WIDTH="1050"
                    HEIGHT="76">
            <Shape><Polygon POINTS="130 771 130 795 371 789 398 797 400 797 401 797 584 791 645 798 655 800 657 801 890 801 890 800 892 800 905 792 913 800 914 800 916 800 917 800 1100 794 1109 801 1110 801 1112 801 1113 803 1179 803 1180 777 1180 731 1143 731 1142 731 1140 731 1139 731 1139 733 1128 742 1091 731 1090 731 1088 731 1041 742 1012 731 1011 731 1009 731 1008 731 972 739 963 731 962 731 960 731 898 731 896 731 895 731 874 742 718 742 667 731 655 730 654 730 652 730 651 730 649 731 639 737 623 731 614 728 612 728 611 728 609 728 599 731 580 737 560 731 548 728 547 728 545 728 544 728 538 731 523 739 358 739 349 731 343 727 342 727 340 727 266 727 264 727 263 727 261 727 255 731 248 737 214 731 176 727 175 727 130 731 130 771"/></Shape>
	    <String CONTENT="cietur. Illa autem definitio extat apud Matthæũ"
                    HPOS="130"
                    VPOS="727"
                    WIDTH="1050"
                    HEIGHT="76"
                    WC="0.969468228518963"></String>
          </TextLine>

          
          
          <TextLine ID="eSc_line_15dad6b8"
                    TAGREFS="LT4119"
                    BASELINE="129 831 1177 835" 
                    HPOS="129"
                    VPOS="786"
                    WIDTH="1048"
                    HEIGHT="76">
            <Shape><Polygon POINTS="129 831 129 849 230 849 233 850 246 859 248 859 249 859 251 859 252 859 273 850 273 849 386 849 389 850 404 858 406 858 478 861 480 861 481 861 510 850 557 861 559 862 617 862 617 861 618 861 638 850 670 861 672 861 673 862 746 862 746 861 748 861 788 850 789 850 791 850 846 862 847 862 902 852 931 862 932 862 933 862 1122 852 1149 862 1151 862 1152 862 1154 862 1176 850 1177 835 1176 800 1112 791 1110 791 1000 797 974 789 972 789 971 789 724 797 693 797 688 797 657 788 655 788 513 788 511 788 510 788 490 795 486 797 481 795 465 786 464 786 462 786 461 786 441 795 440 795 437 795 403 786 401 786 400 786 364 794 337 786 336 786 334 786 333 786 331 786 321 794 319 795 318 794 301 786 300 786 298 786 297 786 272 794 264 795 129 794 129 831"/></Shape>
	    <String CONTENT="22.verſ.I6. vbi de Chriſto agitur. Eſt igitur verus"
                    HPOS="129"
                    VPOS="786"
                    WIDTH="1048"
                    HEIGHT="76"></String>
          </TextLine>

          
          
          <TextLine ID="eSc_line_dbefb7bb"
                    TAGREFS="LT4119"
                    BASELINE="127 890 1170 899" 
                    HPOS="126"
                    VPOS="844"
                    WIDTH="1044"
                    HEIGHT="78">
            <Shape><Polygon POINTS="126 904 165 905 175 916 176 916 178 916 608 919 609 919 669 914 703 911 709 914 716 920 718 920 719 920 721 920 722 920 736 916 746 911 779 916 812 920 813 920 883 917 994 913 1006 920 1008 922 1009 922 1011 922 1012 922 1014 922 1018 920 1032 914 1167 922 1170 899 1170 864 1128 852 1127 852 1082 852 1081 852 1079 852 1078 852 1064 861 1063 862 1052 861 986 850 984 850 983 850 981 850 968 859 966 861 956 859 917 852 916 852 914 852 913 852 902 858 896 862 823 862 813 856 797 849 795 849 794 849 743 855 712 859 706 855 701 850 700 850 699 850 642 847 641 847 539 852 419 856 395 849 386 846 385 846 383 846 382 846 380 846 377 849 364 858 322 858 127 844 127 890"/></Shape>
	    <String CONTENT="Paſtor qui docet viam Domini in veritate, ídq;"
                    HPOS="126"
                    VPOS="844"
                    WIDTH="1044"
                    HEIGHT="78"></String>
          </TextLine>

          
          
          <TextLine ID="eSc_line_9b7e3074"
                    TAGREFS="LT4119"
                    BASELINE="123 948 1174 956" 
                    HPOS="121"
                    VPOS="902"
                    WIDTH="1053"
                    HEIGHT="78">
            <Shape><Polygon POINTS="123 948 121 962 163 974 165 974 333 975 334 975 542 966 632 977 633 977 635 977 672 968 755 978 757 978 963 969 1137 980 1139 980 1140 980 1173 969 1174 956 1174 920 1096 908 1094 908 1035 917 1030 917 1024 917 957 907 956 907 813 913 754 916 745 913 728 905 727 905 725 905 724 905 712 911 706 914 691 911 663 905 661 905 603 910 545 914 527 908 519 905 517 905 516 905 514 905 508 908 498 914 371 914 345 905 333 902 331 902 330 902 328 902 322 905 309 913 191 913 175 902 174 902 172 902 123 902 123 948"/></Shape>
	    <String CONTENT="ſine perſonarum acceptione Malach.2. Ergo"
                    HPOS="121"
                    VPOS="902"
                    WIDTH="1053"
                    HEIGHT="78"
                    WC="0.984003165873086"></String>
          </TextLine>

          
          
          <TextLine ID="eSc_line_a1c3d6e0"
                    TAGREFS="LT4119"
                    BASELINE="126 1008 1177 1014" 
                    HPOS="126"
                    VPOS="962"
                    WIDTH="1051"
                    HEIGHT="74">
            <Shape><Polygon POINTS="126 1008 126 1030 361 1024 386 1032 389 1033 391 1033 392 1033 422 1033 605 1026 645 1033 652 1035 654 1035 684 1035 867 1027 1174 1036 1177 1014 1177 977 972 966 971 966 969 966 942 974 938 975 933 974 913 965 911 965 910 965 757 972 746 972 739 972 669 965 667 965 666 965 664 965 657 972 654 974 649 971 630 963 629 963 627 963 626 963 606 971 602 972 591 971 545 963 544 963 510 971 505 971 502 971 480 963 478 963 477 963 406 969 403 969 401 969 392 962 391 962 389 962 388 962 328 969 306 971 126 968 126 1008"/></Shape>
	    <String CONTENT="peccatur vel in Re &amp; doctrina, vel in Forma &amp;"
                    HPOS="126"
                    VPOS="962"
                    WIDTH="1051"
                    HEIGHT="74"
                    WC="0.982326882415348"></String>
          </TextLine>

          
          
          <TextLine ID="eSc_line_52cab84e"
                    TAGREFS="LT4119"
                    BASELINE="123 1064 1176 1070" 
                    HPOS="123"
                    VPOS="1020"
                    WIDTH="1053"
                    HEIGHT="76">
            <Shape><Polygon POINTS="123 1064 123 1085 230 1082 239 1085 252 1091 254 1091 255 1091 291 1085 316 1082 342 1085 386 1093 388 1093 389 1093 410 1085 413 1085 416 1085 437 1093 438 1093 440 1094 575 1094 575 1093 577 1093 578 1093 585 1085 590 1084 629 1085 721 1091 722 1091 813 1085 828 1085 829 1085 838 1094 840 1094 841 1094 843 1094 939 1087 962 1096 963 1096 965 1096 1055 1087 1149 1096 1151 1096 1152 1096 1174 1085 1176 1070 1174 1035 1113 1024 1112 1024 1110 1024 1082 1033 1081 1033 1055 1024 1054 1024 1052 1024 777 1032 754 1032 748 1032 684 1023 682 1023 681 1023 652 1032 649 1032 646 1032 624 1023 623 1023 621 1023 620 1023 594 1030 591 1030 468 1021 466 1021 278 1029 264 1029 261 1029 227 1020 226 1020 224 1020 223 1020 200 1029 199 1029 123 1029 123 1064"/></Shape>
	    <String CONTENT="modo docendi, quam &amp;oτύπiν appellat Paulus"
                    HPOS="123"
                    VPOS="1020"
                    WIDTH="1053"
                    HEIGHT="76"
                    WC="0.948654449956362"></String>
          </TextLine>

          
          
          <TextLine ID="eSc_line_50fabe4b"
                    TAGREFS="LT4119"
                    BASELINE="124 1124 1174 1128" 
                    HPOS="123"
                    VPOS="1079"
                    WIDTH="1051"
                    HEIGHT="75">
            <Shape><Polygon POINTS="124 1124 123 1142 483 1152 484 1152 582 1145 757 1152 758 1152 759 1152 788 1145 789 1145 791 1145 843 1154 844 1154 1173 1145 1174 1128 1171 1088 1136 1091 1124 1088 1107 1082 1106 1082 1105 1082 1103 1082 1090 1088 1079 1091 1064 1088 1045 1082 1044 1082 1042 1082 932 1088 852 1091 840 1088 823 1082 822 1082 682 1081 681 1081 679 1081 678 1081 669 1088 664 1091 612 1091 606 1088 593 1081 591 1081 590 1081 550 1088 533 1090 519 1088 466 1079 465 1079 389 1088 379 1088 370 1088 310 1079 309 1079 261 1088 254 1088 243 1088 160 1079 159 1079 124 1087 124 1124"/></Shape>
	    <String CONTENT=" Timoth I.verſ.13. vel in Applicatione &amp; vſu do¬"
                    HPOS="123"
                    VPOS="1079"
                    WIDTH="1051"
                    HEIGHT="75"
                    WC="0.976302502676845"></String>
          </TextLine>

          
          
          <TextLine ID="eSc_line_e86f55be"
                    TAGREFS="LT4119"
                    BASELINE="124 1182 1173 1189" 
                    HPOS="123"
                    VPOS="1136"
                    WIDTH="1050"
                    HEIGHT="76">
            <Shape><Polygon POINTS="124 1182 123 1195 154 1206 156 1206 157 1207 254 1207 254 1206 255 1206 257 1206 267 1198 395 1207 397 1207 456 1200 471 1207 472 1207 474 1207 536 1200 544 1200 565 1200 754 1210 755 1210 757 1210 788 1203 789 1203 816 1210 817 1210 819 1210 862 1203 870 1203 889 1204 1002 1212 1003 1212 1171 1206 1173 1189 1173 1152 1148 1142 1146 1142 1145 1142 1006 1151 997 1151 996 1151 983 1142 981 1142 980 1142 978 1142 977 1142 950 1151 914 1151 831 1151 829 1149 798 1140 797 1140 795 1140 739 1148 706 1139 704 1139 703 1139 481 1146 475 1146 455 1137 453 1137 452 1137 450 1137 426 1145 333 1136 331 1136 330 1136 309 1145 270 1137 269 1137 232 1145 230 1145 229 1145 208 1136 206 1136 205 1136 124 1143 124 1182"/></Shape>
	    <String CONTENT="ctrinæ 2 Timot.2.verſ.15. Quibus omnibus vitiis"
                    HPOS="123"
                    VPOS="1136"
                    WIDTH="1050"
                    HEIGHT="76"></String>
          </TextLine>

          
          
          <TextLine ID="eSc_line_260fd635"
                    TAGREFS="LT4119"
                    BASELINE="123 1241 1170 1249" 
                    HPOS="121"
                    VPOS="1194"
                    WIDTH="1049"
                    HEIGHT="82">
            <Shape><Polygon POINTS="123 1241 121 1258 193 1270 194 1270 287 1261 292 1261 295 1261 331 1271 333 1271 334 1271 495 1264 536 1262 542 1264 554 1273 556 1273 557 1273 559 1273 591 1265 599 1264 606 1265 630 1273 632 1273 633 1273 635 1273 658 1267 669 1264 748 1264 757 1268 764 1273 765 1273 767 1273 768 1273 770 1273 771 1273 776 1268 780 1265 919 1265 939 1270 960 1276 962 1276 963 1276 1014 1271 1067 1267 1167 1273 1170 1249 1168 1215 994 1215 983 1210 935 1198 933 1198 932 1198 807 1207 751 1212 696 1212 687 1206 673 1197 672 1197 670 1197 669 1197 612 1204 588 1207 565 1204 514 1195 513 1195 453 1201 416 1206 408 1201 403 1195 401 1195 400 1195 398 1195 361 1200 319 1206 309 1200 301 1194 300 1194 298 1194 273 1194 272 1194 270 1194 269 1194 264 1198 255 1206 240 1198 239 1198 237 1198 236 1198 215 1204 123 1197 123 1241"/></Shape>
	    <String CONTENT="&amp; modis aliquis ἑτεροδιδασκαλεῖ, id eſt peccat in"
                    HPOS="121"
                    VPOS="1194"
                    WIDTH="1049"
                    HEIGHT="82"></String>
          </TextLine>

          
          
          <TextLine ID="eSc_line_832d07dc"
                    TAGREFS="LT4119"
                    BASELINE="126 1301 359 1301" 
                    HPOS="126"
                    VPOS="1252"
                    WIDTH="233"
                    HEIGHT="73">
            <Shape><Polygon POINTS="126 1301 126 1320 358 1325 359 1301 359 1267 297 1252 295 1252 294 1252 251 1262 239 1265 218 1262 163 1252 162 1252 126 1258 126 1301"/></Shape>
	    <String CONTENT="docendo."
                    HPOS="126"
                    VPOS="1252"
                    WIDTH="233"
                    HEIGHT="73"></String>
          </TextLine>

          
        </TextBlock>
        
        <TextBlock HPOS="100"
                   VPOS="1357"
                   WIDTH="1070"
                   HEIGHT="858"
                   ID="block_2"
                   TAGREFS="BT10542">
          <Shape><Polygon POINTS="1170 1357 1170 2215 100 2215 100 1357"/></Shape>
          
          
          <TextLine ID="eSc_line_10ebb2ff"
                    TAGREFS="LT4117"
                    BASELINE="199 1426 1164 1435" 
                    HPOS="197"
                    VPOS="1369"
                    WIDTH="967"
                    HEIGHT="95">
            <Shape><Polygon POINTS="1148 1375 1124 1375 1122 1375 1121 1375 1093 1389 1072 1375 1070 1375 1069 1375 1067 1375 1063 1375 1005 1389 980 1381 978 1381 977 1381 975 1381 974 1381 974 1383 965 1392 901 1392 859 1377 843 1372 841 1372 840 1372 774 1374 773 1374 771 1374 765 1378 749 1387 733 1378 724 1374 722 1374 721 1374 719 1374 707 1378 700 1381 690 1378 660 1372 658 1372 657 1372 636 1380 626 1383 620 1380 603 1371 602 1371 557 1371 556 1371 554 1371 553 1371 538 1380 526 1387 502 1387 495 1381 486 1372 484 1372 483 1372 481 1372 480 1372 449 1381 440 1384 435 1381 426 1374 426 1372 425 1372 423 1372 422 1372 346 1377 331 1369 330 1369 328 1369 327 1369 295 1383 291 1384 199 1384 199 1426 197 1442 211 1450 212 1450 214 1450 215 1450 217 1450 227 1442 229 1442 318 1442 328 1444 394 1455 395 1455 397 1455 398 1455 398 1454 408 1444 410 1444 501 1444 507 1445 532 1455 533 1455 535 1455 571 1450 582 1457 584 1457 585 1457 587 1457 588 1457 617 1447 620 1445 621 1447 636 1458 638 1458 639 1458 681 1460 682 1460 684 1460 719 1447 722 1447 728 1448 788 1460 789 1460 791 1460 817 1451 841 1461 843 1461 844 1461 1002 1450 1015 1450 1017 1450 1029 1460 1029 1461 1030 1461 1032 1461 1033 1461 1035 1461 1051 1453 1063 1463 1064 1463 1066 1463 1067 1464 1122 1464 1122 1463 1124 1463 1163 1451 1164 1435 1161 1383 1151 1377"/></Shape>
	    <String CONTENT=" Nec attendant fabulis &amp; genealogijs"
                    HPOS="197"
                    VPOS="1369"
                    WIDTH="967"
                    HEIGHT="95"
                    WC="0.959973989261521"></String>
          </TextLine>

          
          
          <TextLine ID="eSc_line_a47ff683"
                    TAGREFS="LT4117"
                    BASELINE="116 1491 1164 1503" 
                    HPOS="114"
                    VPOS="1441"
                    WIDTH="1050"
                    HEIGHT="90">
            <Shape><Polygon POINTS="114 1513 179 1521 181 1521 182 1521 184 1521 191 1515 197 1509 245 1509 284 1515 330 1522 331 1522 386 1516 461 1524 462 1524 464 1524 465 1524 477 1516 484 1512 568 1512 572 1516 582 1525 584 1525 585 1525 587 1525 641 1518 658 1527 660 1527 661 1527 788 1516 803 1516 804 1516 822 1528 823 1528 825 1528 826 1528 887 1518 895 1516 898 1518 919 1528 920 1528 922 1528 923 1528 950 1518 951 1518 953 1518 1033 1531 1035 1531 1163 1518 1164 1503 1164 1458 1145 1451 1143 1451 1142 1451 1140 1451 1139 1451 1130 1457 1116 1466 1070 1466 990 1455 941 1450 939 1450 938 1450 936 1450 932 1454 919 1463 859 1455 858 1455 795 1461 746 1451 725 1447 724 1447 697 1450 660 1455 621 1448 599 1445 527 1445 526 1445 524 1445 517 1447 475 1457 245 1457 214 1442 211 1441 209 1441 116 1441 116 1491"/></Shape>
	    <String CONTENT="infinitis, quæ potius quæſtiones præbẽt, quam"
                    HPOS="114"
                    VPOS="1441"
                    WIDTH="1050"
                    HEIGHT="90"></String>
          </TextLine>

          
          
          <TextLine ID="eSc_line_0eae0333"
                    TAGREFS="LT4117"
                    BASELINE="121 1558 994 1571" 
                    HPOS="120"
                    VPOS="1509"
                    WIDTH="874"
                    HEIGHT="92">
            <Shape><Polygon POINTS="120 1576 127 1583 127 1585 129 1585 130 1585 132 1585 133 1585 153 1576 182 1589 184 1589 185 1589 254 1580 266 1589 267 1589 269 1589 270 1589 272 1589 273 1589 290 1579 319 1586 321 1586 322 1586 365 1582 379 1592 380 1592 382 1592 383 1592 385 1592 386 1592 386 1591 397 1580 410 1588 411 1588 413 1588 496 1580 603 1595 605 1595 606 1595 638 1583 700 1583 721 1598 722 1598 724 1598 806 1600 807 1601 846 1601 846 1600 847 1600 849 1600 871 1586 884 1594 886 1594 887 1594 993 1586 994 1571 994 1536 929 1536 928 1534 898 1519 896 1519 895 1519 809 1533 801 1533 798 1531 764 1518 762 1518 761 1518 621 1530 608 1530 602 1528 577 1522 575 1522 574 1522 526 1528 519 1528 517 1528 490 1515 489 1515 487 1515 425 1527 420 1527 406 1515 404 1515 403 1515 401 1515 400 1515 385 1521 288 1511 287 1511 285 1511 260 1521 220 1509 218 1509 217 1509 121 1521 121 1558"/></Shape>
	    <String CONTENT="ædificationem Dei quæ est per fidem."
                    HPOS="120"
                    VPOS="1509"
                    WIDTH="874"
                    HEIGHT="92"
                    WC="0.985483563608593"></String>
          </TextLine>

          
          
          <TextLine ID="eSc_line_3b21f908"
                    TAGREFS="LT4119"
                    BASELINE="174 1653 1164 1667" 
                    HPOS="172"
                    VPOS="1604"
                    WIDTH="992"
                    HEIGHT="85">
            <Shape><Polygon POINTS="174 1653 172 1670 218 1679 220 1679 281 1673 294 1671 300 1673 324 1680 325 1680 327 1680 362 1674 377 1671 394 1674 429 1682 431 1682 474 1676 496 1673 524 1676 556 1680 557 1680 612 1677 661 1676 682 1679 725 1686 727 1686 757 1680 773 1677 794 1680 834 1687 835 1687 871 1682 893 1679 914 1683 944 1689 945 1689 984 1685 1014 1680 1161 1686 1164 1667 1163 1619 1090 1616 1088 1616 1087 1616 1082 1618 1057 1627 1041 1618 1038 1615 1036 1615 1035 1615 1033 1615 1020 1616 981 1625 954 1616 945 1613 944 1613 942 1613 913 1616 835 1624 751 1622 734 1613 725 1610 724 1610 722 1610 699 1613 652 1621 636 1613 635 1613 633 1613 629 1613 513 1619 505 1612 501 1609 501 1607 499 1607 498 1607 496 1607 495 1607 480 1612 461 1616 426 1610 395 1606 394 1606 392 1606 380 1610 364 1618 287 1618 269 1609 257 1604 255 1604 254 1604 174 1607 174 1653"/></Shape>
	    <String CONTENT="Εʹξήγησις. Illuſtrat exemplo quod fup. verſic."
                    HPOS="172"
                    VPOS="1604"
                    WIDTH="992"
                    HEIGHT="85"></String>
          </TextLine>

          
          
          <TextLine ID="eSc_line_898d78ad"
                    TAGREFS="LT4119"
                    BASELINE="118 1711 1165 1723" 
                    HPOS="117"
                    VPOS="1670"
                    WIDTH="1048"
                    HEIGHT="80">
            <Shape><Polygon POINTS="118 1711 117 1728 249 1741 251 1743 310 1743 310 1741 312 1741 313 1741 324 1732 365 1732 377 1741 377 1743 379 1743 380 1743 532 1744 533 1744 535 1744 536 1744 550 1735 773 1747 774 1747 776 1747 804 1738 826 1747 828 1747 829 1747 877 1740 913 1747 914 1747 950 1740 993 1747 994 1747 1030 1741 1041 1750 1042 1750 1044 1750 1045 1750 1164 1740 1165 1723 1164 1686 1100 1679 1099 1679 1097 1679 1096 1679 1090 1685 1081 1690 931 1690 899 1682 877 1677 875 1677 843 1682 797 1687 785 1680 776 1674 774 1674 773 1674 771 1674 770 1674 768 1674 761 1680 754 1687 700 1687 688 1679 682 1674 681 1674 679 1674 624 1673 623 1673 621 1673 602 1679 580 1685 544 1677 511 1671 382 1670 380 1670 353 1676 321 1682 298 1674 285 1670 284 1670 282 1670 281 1670 270 1674 251 1682 118 1673 118 1711"/></Shape>
	    <String CONTENT="præcepit. Quid ſit nimirum ἑτεροδιδασκαλεῖν. Ex"
                    HPOS="117"
                    VPOS="1670"
                    WIDTH="1048"
                    HEIGHT="80"></String>
          </TextLine>

          
          
          <TextLine ID="eSc_line_99a61ed5"
                    TAGREFS="LT4119"
                    BASELINE="118 1771 1170 1780" 
                    HPOS="118"
                    VPOS="1725"
                    WIDTH="1052"
                    HEIGHT="80">
            <Shape><Polygon POINTS="118 1771 118 1790 246 1790 249 1790 260 1798 261 1798 263 1798 264 1798 266 1798 288 1792 292 1790 297 1792 321 1799 322 1799 324 1799 397 1792 408 1792 417 1792 469 1801 471 1801 550 1793 563 1793 577 1795 651 1802 652 1802 725 1796 740 1795 757 1796 828 1804 829 1804 831 1804 832 1804 843 1796 844 1796 853 1796 913 1804 914 1804 916 1804 939 1798 948 1796 969 1798 1036 1805 1038 1805 1168 1799 1170 1780 1170 1741 1161 1734 1160 1734 1158 1734 1097 1734 1096 1734 1094 1734 1093 1734 1082 1741 1075 1747 997 1747 963 1740 923 1732 922 1732 883 1738 844 1744 817 1737 801 1732 800 1732 798 1732 743 1735 699 1738 691 1735 687 1731 685 1731 684 1731 682 1731 681 1731 679 1731 675 1734 661 1743 572 1734 571 1734 569 1734 554 1741 481 1731 477 1731 475 1731 472 1731 449 1737 440 1729 438 1728 437 1728 435 1728 434 1728 432 1728 428 1729 408 1740 376 1729 371 1728 370 1728 368 1728 367 1728 364 1729 337 1740 220 1740 118 1725 118 1771"/></Shape>
	    <String CONTENT="hoc autem loco apparet non eos tantum in do¬"
                    HPOS="118"
                    VPOS="1725"
                    WIDTH="1052"
                    HEIGHT="80"
                    WC="0.996646978638389"></String>
          </TextLine>

          
          
          <TextLine ID="eSc_line_8f821510"
                    TAGREFS="LT4119"
                    BASELINE="120 1830 1168 1841" 
                    HPOS="118"
                    VPOS="1786"
                    WIDTH="1050"
                    HEIGHT="76">
            <Shape><Polygon POINTS="120 1830 118 1845 160 1854 162 1854 246 1848 251 1848 269 1856 270 1856 272 1856 391 1850 411 1850 414 1851 425 1857 426 1857 428 1857 429 1857 511 1853 532 1851 541 1853 571 1859 572 1859 661 1854 706 1853 727 1856 758 1860 759 1860 801 1857 834 1854 1165 1862 1168 1841 1167 1805 929 1805 925 1801 916 1793 914 1793 913 1793 868 1792 867 1792 865 1792 840 1799 829 1802 825 1799 816 1792 815 1792 813 1792 545 1789 544 1789 542 1789 541 1789 533 1795 526 1801 465 1801 416 1793 385 1789 383 1789 348 1792 279 1798 254 1790 239 1786 237 1786 236 1786 234 1786 218 1790 191 1796 120 1789 120 1830"/></Shape>
	    <String CONTENT="cendo peccare, qui falſa tradunt, ſed etiam eos"
                    HPOS="118"
                    VPOS="1786"
                    WIDTH="1050"
                    HEIGHT="76"
                    WC="0.972699337817253"></String>
          </TextLine>

          
          
          <TextLine ID="eSc_line_6fea1342"
                    TAGREFS="LT4119"
                    BASELINE="124 1887 1168 1899" 
                    HPOS="124"
                    VPOS="1847"
                    WIDTH="1044"
                    HEIGHT="75">
            <Shape><Polygon POINTS="1165 1862 816 1863 801 1856 800 1856 798 1856 797 1856 795 1856 794 1856 782 1863 733 1854 716 1853 553 1850 551 1850 550 1850 548 1850 545 1853 538 1857 505 1851 481 1848 480 1848 459 1851 429 1856 403 1850 385 1847 383 1847 346 1850 255 1857 221 1848 220 1848 218 1848 217 1848 153 1856 126 1847 124 1887 124 1912 251 1905 275 1914 281 1915 282 1915 284 1915 304 1914 352 1908 379 1914 395 1917 397 1917 417 1914 441 1909 450 1914 458 1917 459 1917 563 1918 565 1918 566 1918 578 1914 585 1911 629 1914 710 1920 712 1920 713 1920 727 1914 736 1911 748 1914 776 1921 777 1921 779 1921 780 1921 797 1914 801 1912 1033 1912 1035 1914 1042 1921 1042 1922 1044 1922 1045 1922 1047 1922 1167 1914 1168 1899 1165 1862"/></Shape>
	    <String CONTENT="qui vana &amp; inutilia. Denique qui non neceſſaria"
                    HPOS="124"
                    VPOS="1847"
                    WIDTH="1044"
                    HEIGHT="75"
                    WC="0.969838536800222"></String>
          </TextLine>

          
          
          <TextLine ID="eSc_line_b3d9a6fc"
                    TAGREFS="LT4119"
                    BASELINE="117 1945 1168 1957" 
                    HPOS="116"
                    VPOS="1900"
                    WIDTH="1052"
                    HEIGHT="80">
            <Shape><Polygon POINTS="117 1945 116 1961 139 1972 141 1972 142 1972 236 1964 237 1964 249 1973 251 1973 252 1973 254 1973 287 1967 725 1978 727 1978 752 1973 773 1970 789 1975 803 1978 804 1978 806 1978 840 1975 886 1972 898 1976 905 1979 907 1979 908 1979 947 1978 1021 1973 1165 1980 1168 1957 1168 1920 1140 1911 1139 1911 1137 1911 932 1918 908 1918 895 1918 797 1908 795 1908 794 1908 768 1915 759 1906 758 1906 757 1906 755 1906 754 1906 718 1915 716 1915 715 1915 648 1906 646 1906 481 1911 458 1903 456 1903 455 1903 410 1912 406 1912 403 1912 374 1902 373 1902 371 1902 319 1911 316 1911 313 1911 248 1900 246 1900 117 1908 117 1945"/></Shape>
	    <String CONTENT="curioſè &amp; diu inquirunt &amp; perſcrutantur. Cuiuſ¬"
                    HPOS="116"
                    VPOS="1900"
                    WIDTH="1052"
                    HEIGHT="80"
                    WC="0.981238154073556"></String>
          </TextLine>

          
          
          <TextLine ID="eSc_line_40fef5b3"
                    TAGREFS="LT4119"
                    BASELINE="117 2004 1160 2016" 
                    HPOS="116"
                    VPOS="1960"
                    WIDTH="1044"
                    HEIGHT="81">
            <Shape><Polygon POINTS="117 2004 116 2022 377 2034 379 2034 569 2027 590 2027 594 2027 639 2037 641 2037 746 2028 754 2028 755 2028 770 2038 771 2038 773 2038 774 2038 817 2030 950 2037 951 2037 953 2037 977 2031 987 2040 989 2040 990 2040 1030 2041 1032 2041 1033 2041 1063 2033 1158 2033 1160 2016 1158 1983 1073 1970 1072 1970 980 1980 965 1969 963 1969 962 1969 960 1969 959 1969 919 1980 916 1980 913 1980 862 1969 861 1969 859 1969 858 1969 844 1979 843 1979 746 1979 746 1978 734 1970 733 1970 731 1970 730 1970 687 1978 685 1978 670 1966 669 1966 667 1966 638 1964 636 1964 635 1964 609 1973 580 1964 578 1964 577 1964 575 1964 574 1964 559 1976 557 1976 507 1967 505 1967 471 1975 443 1963 441 1963 440 1963 438 1963 403 1972 374 1961 373 1961 371 1961 246 1967 205 1960 203 1960 202 1960 174 1972 136 1964 135 1964 133 1964 117 1970 117 2004"/></Shape>
	    <String CONTENT="modi olim fuit genealogiarum percenſio, vel in¬"
                    HPOS="116"
                    VPOS="1960"
                    WIDTH="1044"
                    HEIGHT="81"
                    WC="0.987351953983307"></String>
          </TextLine>

          
          
          <TextLine ID="eSc_line_0dad7f04"
                    TAGREFS="LT4119"
                    BASELINE="113 2062 1165 2076" 
                    HPOS="111"
                    VPOS="2019"
                    WIDTH="1054"
                    HEIGHT="79">
            <Shape><Polygon POINTS="113 2062 111 2077 464 2092 465 2092 502 2085 609 2094 611 2094 667 2086 701 2095 703 2095 704 2095 929 2089 962 2098 963 2098 965 2098 1164 2091 1165 2076 1165 2043 1130 2031 1128 2031 1127 2031 931 2040 849 2040 812 2027 810 2027 809 2027 807 2027 774 2037 599 2037 580 2024 578 2024 577 2024 575 2024 444 2033 420 2022 419 2022 367 2022 365 2022 364 2022 343 2033 301 2021 300 2021 298 2021 233 2027 175 2019 174 2019 113 2030 113 2062"/></Shape>
	    <String CONTENT="ueſtigatio. Hodie infinitæ quæſtiones quæ ſunt"
                    HPOS="111"
                    VPOS="2019"
                    WIDTH="1054"
                    HEIGHT="79"
                    WC="0.977182214674742"></String>
          </TextLine>

          
          
          <TextLine ID="eSc_line_92bfc002"
                    TAGREFS="LT4119"
                    BASELINE="113 2120 1161 2132" 
                    HPOS="113"
                    VPOS="2077"
                    WIDTH="1048"
                    HEIGHT="80">
            <Shape><Polygon POINTS="113 2120 113 2146 211 2140 236 2147 246 2150 248 2150 249 2150 287 2147 343 2143 389 2149 422 2152 423 2152 452 2149 484 2144 502 2149 520 2153 522 2153 523 2153 550 2149 580 2144 620 2144 632 2149 642 2154 643 2154 645 2154 646 2154 661 2150 673 2146 685 2150 700 2154 701 2154 703 2154 704 2154 719 2150 734 2146 758 2150 783 2154 785 2154 834 2150 875 2147 884 2150 899 2157 901 2157 902 2157 1160 2152 1161 2132 1160 2101 1105 2088 1103 2088 1102 2088 1078 2099 1070 2099 991 2092 990 2092 948 2098 947 2098 945 2098 938 2091 936 2091 935 2091 933 2091 907 2095 893 2085 892 2085 890 2085 889 2085 887 2085 855 2096 820 2085 819 2085 817 2085 816 2085 795 2096 792 2096 706 2096 704 2095 693 2085 691 2085 690 2085 688 2085 687 2085 661 2095 660 2095 639 2082 638 2082 636 2082 635 2082 633 2082 605 2094 605 2095 568 2095 566 2094 548 2082 547 2082 545 2082 544 2082 542 2082 514 2094 511 2094 472 2094 472 2092 461 2083 461 2082 459 2082 458 2082 456 2082 379 2088 334 2079 267 2079 266 2079 264 2079 263 2079 246 2089 226 2077 224 2077 223 2077 113 2088 113 2120"/></Shape>
	    <String CONTENT="in ſcholaſtica. Primùm de hypotheſi agamus, de¬"
                    HPOS="113"
                    VPOS="2077"
                    WIDTH="1048"
                    HEIGHT="80"
                    WC="0.967890687286854"></String>
          </TextLine>

          
          
          <TextLine ID="eSc_line_0d2d3a0a"
                    TAGREFS="LT4119"
                    BASELINE="108 2181 1163 2193" 
                    HPOS="107"
                    VPOS="2135"
                    WIDTH="1056"
                    HEIGHT="92">
            <Shape><Polygon POINTS="108 2181 107 2204 188 2215 190 2215 191 2215 211 2207 237 2218 239 2218 240 2218 242 2218 266 2208 269 2207 312 2207 316 2208 330 2218 331 2218 333 2218 334 2218 336 2218 353 2211 376 2220 377 2220 379 2220 380 2220 407 2211 411 2210 428 2211 501 2220 502 2220 504 2220 505 2220 516 2212 520 2210 538 2214 575 2221 577 2221 608 2215 635 2210 737 2210 761 2218 782 2224 783 2224 785 2226 859 2226 859 2224 861 2224 862 2224 867 2220 873 2217 907 2221 945 2226 947 2226 948 2226 960 2223 980 2217 1024 2224 1051 2227 1052 2227 1054 2227 1063 2224 1093 2215 1160 2226 1163 2193 1161 2160 1070 2159 1067 2157 1027 2146 1026 2146 1024 2146 939 2154 920 2156 914 2154 890 2143 889 2143 887 2143 844 2152 832 2154 828 2152 815 2143 813 2143 812 2143 774 2143 773 2143 771 2143 770 2143 759 2150 755 2153 745 2150 727 2144 725 2144 724 2144 722 2144 710 2149 701 2153 694 2149 684 2141 682 2141 681 2141 679 2141 678 2141 654 2147 633 2153 615 2147 596 2140 594 2140 593 2140 591 2140 590 2140 582 2146 574 2152 538 2144 523 2143 522 2143 520 2143 516 2144 501 2152 490 2144 486 2140 484 2140 483 2140 481 2140 480 2140 478 2140 474 2143 464 2152 388 2152 370 2141 361 2137 359 2137 358 2137 321 2140 266 2144 108 2135 108 2181"/></Shape>
	    <String CONTENT="inde veniamus ad theſin. Ac falſa eſt eorũ inter¬"
                    HPOS="107"
                    VPOS="2135"
                    WIDTH="1056"
                    HEIGHT="92"
                    WC="0.987733480930328"></String>
          </TextLine>

          
        </TextBlock>
        

        
      </PrintSpace>
    </Page>
  </Layout>
</alto>
