<?xml version="1.0" encoding="UTF-8"?>
<alto xmlns:xsi="http://www.w3.org/2001/XMLSchema-instance"
      xmlns="http://www.loc.gov/standards/alto/ns-v4#"
      xsi:schemaLocation="http://www.loc.gov/standards/alto/ns-v4# http://www.loc.gov/standards/alto/v4/alto-4-2.xsd">
  <Description>
    <MeasurementUnit>pixel</MeasurementUnit>
    <sourceImageInformation>
      <fileName>2012926.png</fileName>
      
    </sourceImageInformation>
  </Description>
  
  <Tags>
    <OtherTag ID="BT10544" LABEL="text" DESCRIPTION="block type text"/><OtherTag ID="BT10543" LABEL="NumberingZone" DESCRIPTION="block type NumberingZone"/><OtherTag ID="BT10542" LABEL="MainZone" DESCRIPTION="block type MainZone"/><OtherTag ID="BT10538" LABEL="RunningTitleZone" DESCRIPTION="block type RunningTitleZone"/><OtherTag ID="BT10537" LABEL="DropCapitalZone" DESCRIPTION="block type DropCapitalZone"/><OtherTag ID="BT10536" LABEL="GraphicZone" DESCRIPTION="block type GraphicZone"/><OtherTag ID="BT10535" LABEL="TitlePageZone" DESCRIPTION="block type TitlePageZone"/><OtherTag ID="BT10534" LABEL="QuireMarksZone" DESCRIPTION="block type QuireMarksZone"/><OtherTag ID="BT10533" LABEL="MarginTextZone" DESCRIPTION="block type MarginTextZone"/>
    <OtherTag ID="LT4122" LABEL="default" DESCRIPTION="line type default"/><OtherTag ID="LT4119" LABEL="DefaultLine" DESCRIPTION="line type DefaultLine"/><OtherTag ID="LT4118" LABEL="HeadingLine" DESCRIPTION="line type HeadingLine"/><OtherTag ID="LT4117" LABEL="CustomLine : BiblicalText" DESCRIPTION="line type CustomLine : BiblicalText"/>
  </Tags>
  
  <Layout>
    <Page WIDTH="1807"
          HEIGHT="2677"
          PHYSICAL_IMG_NR="42"
          ID="eSc_dummypage_">
      <PrintSpace HPOS="0"
                  VPOS="0"
                  WIDTH="1807"
                  HEIGHT="2677">
        
        <TextBlock HPOS="625.1607055664062"
                   VPOS="172.36764526367188"
                   WIDTH="82.06573486328125"
                   HEIGHT="52.85682678222656"
                   ID="block_1"
                   TAGREFS="BT10543">
          <Shape><Polygon POINTS="625.161 172.368 707.226 172.368 707.226 225.224 625.161 225.224 625.161 172.368"/></Shape>
          
          
          <TextLine ID="eSc_line_11a11efe"
                    TAGREFS="LT4119"
                    BASELINE="633 205 710 208" 
                    HPOS="632"
                    VPOS="159"
                    WIDTH="78"
                    HEIGHT="74">
            <Shape><Polygon POINTS="664 159 641 165 633 171 633 205 632 229 679 233 681 233 682 233 709 223 710 208 710 169 678 159 664 159"/></Shape>
	    <String CONTENT="14"
                    HPOS="632"
                    VPOS="159"
                    WIDTH="78"
                    HEIGHT="74"
                    WC="0.997405052185059"></String>
          </TextLine>

          
        </TextBlock>
        
        <TextBlock HPOS="826.4749145507812"
                   VPOS="157.28085327148438"
                   WIDTH="685.4760131835938"
                   HEIGHT="62.9847412109375"
                   ID="block_3"
                   TAGREFS="BT10538">
          <Shape><Polygon POINTS="826.475 157.281 1511.95 157.281 1511.95 220.266 826.475 220.266 826.475 157.281"/></Shape>
          
          
          <TextLine ID="eSc_line_8716475f"
                    TAGREFS="LT4118"
                    BASELINE="831 206 1506 200" 
                    HPOS="829"
                    VPOS="156"
                    WIDTH="677"
                    HEIGHT="71">
            <Shape><Polygon POINTS="1487 163 1420 159 1409 159 1395 159 1380 159 1365 159 1350 157 1335 157 1320 157 1305 157 1304 157 1243 165 1044 156 1042 156 1041 156 1039 156 1039 157 1029 168 997 168 986 159 984 159 983 159 981 159 932 168 910 157 908 157 907 157 905 157 904 157 890 168 861 157 859 157 858 157 856 157 829 168 831 206 831 218 996 227 997 227 999 227 1000 227 1011 220 1014 218 1045 220 1112 226 1113 226 1115 226 1116 226 1116 224 1121 221 1125 217 1167 221 1198 224 1200 224 1201 224 1213 221 1234 217 1282 223 1305 224 1307 224 1320 223 1368 214 1384 221 1386 221 1387 221 1389 221 1403 215 1414 223 1415 223 1417 223 1418 224 1505 224 1506 200 1500 175 1499 174"/></Shape>
	    <String CONTENT="AD I. PAVL. AD TIM."
                    HPOS="829"
                    VPOS="156"
                    WIDTH="677"
                    HEIGHT="71"
                    WC="0.996432244777679"></String>
          </TextLine>

          
        </TextBlock>
        
        <TextBlock HPOS="620.3446655273438"
                   VPOS="232.08758544921875"
                   WIDTH="1086.2648315429688"
                   HEIGHT="1950.5127563476562"
                   ID="block_0"
                   TAGREFS="BT10542">
          <Shape><Polygon POINTS="620.345 232.088 1706.61 232.088 1706.61 2182.6 620.345 2182.6 620.345 232.088"/></Shape>
          
          
          <TextLine ID="eSc_line_0317e08a"
                    TAGREFS="LT4119"
                    BASELINE="633 278 1685 270" 
                    HPOS="632"
                    VPOS="220"
                    WIDTH="1053"
                    HEIGHT="83">
            <Shape><Polygon POINTS="1583 233 1570 224 1569 224 1567 224 1566 224 1564 224 1548 230 1530 223 1528 223 1527 223 1421 233 1415 233 1414 233 1392 223 1390 223 1389 223 1387 223 1345 233 1329 220 1328 220 1326 220 1284 220 1283 220 1282 220 1249 233 1246 234 1241 233 1197 221 1195 221 1194 221 1145 232 1116 221 1115 221 1113 221 1112 221 1082 234 1079 234 1061 234 871 223 870 223 868 223 837 234 835 234 831 234 715 224 713 224 632 234 633 278 633 292 684 303 685 303 855 291 873 291 886 291 1041 301 1042 301 1044 301 1045 301 1045 300 1054 291 1069 297 1070 297 1072 297 1105 290 1107 290 1109 290 1127 300 1128 300 1130 301 1264 301 1264 300 1265 300 1267 300 1267 298 1277 288 1279 288 1282 288 1334 298 1335 298 1454 288 1469 298 1470 298 1472 298 1473 298 1531 287 1534 287 1537 287 1582 297 1583 297 1585 297 1604 288 1627 297 1628 297 1630 297 1683 285 1685 270 1682 234 1680 233"/></Shape>
	    <String CONTENT="Actionem hîc non accipi à nobis pro opere me¬"
                    HPOS="632"
                    VPOS="220"
                    WIDTH="1053"
                    HEIGHT="83"
                    WC="0.983426573428702"></String>
          </TextLine>

          
          
          <TextLine ID="eSc_line_17b8d200"
                    TAGREFS="LT4119"
                    BASELINE="630 337 1685 331" 
                    HPOS="629"
                    VPOS="284"
                    WIDTH="1056"
                    HEIGHT="72">
            <Shape><Polygon POINTS="630 337 630 356 1683 350 1685 331 1682 297 1618 284 1616 284 1564 292 1525 284 1524 284 1522 284 1521 284 1519 284 1503 295 1420 288 1418 288 1359 297 1279 285 1277 285 1276 285 1274 285 1259 295 1198 287 1197 287 1195 287 1154 298 1079 287 1078 287 1076 287 1054 298 935 287 933 287 932 287 913 295 831 288 829 288 828 288 826 288 807 301 700 301 666 288 664 288 663 288 661 288 629 300 630 337"/></Shape>
	    <String CONTENT="chanico: ſed pro præſtatione aliqua, cuius fructus"
                    HPOS="629"
                    VPOS="284"
                    WIDTH="1056"
                    HEIGHT="72"
                    WC="0.996979651451111"></String>
          </TextLine>

          
          
          <TextLine ID="eSc_line_cee0c796"
                    TAGREFS="LT4119"
                    BASELINE="629 397 1686 389" 
                    HPOS="627"
                    VPOS="342"
                    WIDTH="1059"
                    HEIGHT="71">
            <Shape><Polygon POINTS="629 397 629 410 1469 413 1470 413 1472 413 1497 406 1649 411 1650 411 1686 403 1686 389 1682 358 1610 358 1607 356 1569 342 1567 342 1566 342 1564 342 1563 342 1545 356 1543 359 1463 359 1450 356 1420 349 1418 349 1417 349 1415 349 1400 356 1393 361 1332 361 1328 356 1314 345 1313 345 1311 345 1310 345 1308 345 1273 356 1256 361 1209 356 1157 350 1155 350 1154 350 1136 355 1119 361 1112 355 1096 345 1094 345 1093 345 1091 345 1027 346 1026 346 1024 346 1011 355 1005 359 978 359 972 355 957 346 956 346 954 346 953 346 951 346 932 355 925 358 919 355 898 346 896 346 838 346 837 346 835 346 815 355 792 365 754 365 739 355 728 348 727 348 725 348 724 348 627 353 629 397"/></Shape>
	    <String CONTENT="ſit Dei gloria &amp; ædificatio conſcientiarum. Con¬"
                    HPOS="627"
                    VPOS="342"
                    WIDTH="1059"
                    HEIGHT="71"
                    WC="0.992968923101822"></String>
          </TextLine>

          
          
          <TextLine ID="eSc_line_5a782206"
                    TAGREFS="LT4119"
                    BASELINE="632 453 1688 447" 
                    HPOS="630"
                    VPOS="403"
                    WIDTH="1058"
                    HEIGHT="71">
            <Shape><Polygon POINTS="632 453 632 468 1133 472 1134 472 1198 465 1200 465 1216 472 1218 472 1219 474 1421 474 1421 472 1630 464 1646 471 1647 471 1649 471 1650 471 1688 461 1688 447 1685 417 1569 417 1549 403 1548 403 1546 403 1491 403 1490 403 1488 403 1487 403 1466 416 1353 407 1351 407 1350 407 1317 417 1277 404 1276 404 1183 404 1182 404 1180 404 1142 419 1116 406 1115 406 1113 406 1006 419 980 406 978 406 931 406 929 406 928 406 874 420 826 407 825 407 823 407 822 407 798 414 754 407 752 407 751 407 718 422 630 422 632 453"/></Shape>
	    <String CONTENT="templatio autem nuda &amp; mera imperfectus a¬"
                    HPOS="630"
                    VPOS="403"
                    WIDTH="1058"
                    HEIGHT="71"
                    WC="0.99474358416739"></String>
          </TextLine>

          
          
          <TextLine ID="eSc_line_f7f7fa3d"
                    TAGREFS="LT4119"
                    BASELINE="632 511 1686 511" 
                    HPOS="632"
                    VPOS="464"
                    WIDTH="1054"
                    HEIGHT="63">
            <Shape><Polygon POINTS="632 511 632 527 1686 527 1686 511 1686 468 1641 464 1640 464 1638 464 1630 468 1618 474 1583 468 1555 464 1554 464 1552 464 1551 464 1543 468 1530 477 1399 477 1386 469 1369 464 1368 464 1366 464 1313 471 1287 474 1283 471 1276 465 1276 464 1274 464 1273 464 1222 464 1221 464 1219 464 1194 472 1182 475 1165 472 1125 464 1124 464 1082 472 1070 475 1066 472 1051 464 1049 464 1048 464 1047 464 1045 464 1012 472 978 464 977 464 975 464 974 464 941 474 935 477 831 477 829 475 813 464 812 464 810 464 758 464 757 464 755 464 754 464 734 475 733 477 706 477 678 477 655 465 654 465 652 465 651 465 632 474 632 511"/></Shape>
	    <String CONTENT="ctus &amp; humanę imbecillitatis indicium potius eſt"
                    HPOS="632"
                    VPOS="464"
                    WIDTH="1054"
                    HEIGHT="63"
                    WC="0.992017509985943"></String>
          </TextLine>

          
          
          <TextLine ID="eSc_line_aec1adf2"
                    TAGREFS="LT4119"
                    BASELINE="632 571 1685 566" 
                    HPOS="630"
                    VPOS="520"
                    WIDTH="1055"
                    HEIGHT="70">
            <Shape><Polygon POINTS="632 571 632 590 1683 581 1685 566 1682 533 1637 523 1635 523 1634 523 1632 523 1624 532 1530 532 1500 520 1499 520 1497 520 1496 520 1478 529 1448 520 1447 520 1445 520 1444 520 1409 532 1163 522 1161 522 1160 522 1136 533 1134 533 1133 533 1105 522 1103 522 1102 522 1057 532 1045 522 1044 522 1042 522 1003 522 1002 522 1000 522 969 533 962 536 815 536 812 533 801 524 801 523 800 523 798 523 797 523 748 533 737 535 734 533 722 523 721 523 719 523 718 523 630 532 632 571"/></Shape>
	    <String CONTENT="quàm laus potentiæ, ſi deſit ſcilicet iſtius con¬"
                    HPOS="630"
                    VPOS="520"
                    WIDTH="1055"
                    HEIGHT="70"
                    WC="0.981627069711685"></String>
          </TextLine>

          
          
          <TextLine ID="eSc_line_c2ee343f"
                    TAGREFS="LT4119"
                    BASELINE="633 630 1682 630" 
                    HPOS="633"
                    VPOS="584"
                    WIDTH="1049"
                    HEIGHT="74">
            <Shape><Polygon POINTS="633 630 633 646 688 657 690 657 779 648 792 648 801 649 847 657 849 657 907 649 926 648 931 649 944 657 945 657 947 657 1066 655 1067 655 1069 655 1075 651 1081 648 1128 652 1183 657 1185 657 1212 652 1244 648 1262 654 1273 657 1274 657 1276 657 1277 657 1287 654 1305 648 1347 648 1356 654 1359 657 1360 657 1362 657 1363 657 1365 657 1372 654 1390 648 1423 655 1433 657 1435 657 1436 657 1441 655 1454 648 1490 655 1497 657 1499 657 1515 655 1604 648 1618 657 1619 657 1621 657 1622 658 1682 658 1682 630 1680 590 1435 594 1418 591 1392 584 1390 584 1389 584 1387 584 1386 584 1377 591 1371 594 1365 591 1351 584 1350 584 1283 584 1282 584 1280 584 1267 591 1259 596 1210 596 1206 591 1197 584 1195 584 1194 584 1118 584 1116 584 1115 584 1081 593 1073 594 1070 593 1058 584 1057 584 1055 584 1054 584 1012 593 1011 593 1009 593 989 584 987 584 889 584 887 584 886 584 862 594 859 596 794 596 791 594 757 584 755 584 754 584 752 584 719 594 718 596 633 596 633 630"/></Shape>
	    <String CONTENT="templationis aliquis effectus &amp; fructus qui cog¬"
                    HPOS="633"
                    VPOS="584"
                    WIDTH="1049"
                    HEIGHT="74"
                    WC="0.982908837497234"></String>
          </TextLine>

          
          
          <TextLine ID="eSc_line_54e689d3"
                    TAGREFS="LT4119"
                    BASELINE="633 688 1390 688" 
                    HPOS="633"
                    VPOS="642"
                    WIDTH="757"
                    HEIGHT="74">
            <Shape><Polygon POINTS="633 688 633 713 727 704 762 713 764 713 765 713 767 713 792 704 959 704 980 713 981 713 983 713 984 713 1006 704 1012 710 1012 712 1014 712 1015 712 1017 712 1069 706 1116 715 1119 715 1121 715 1122 715 1143 704 1173 715 1174 715 1176 716 1255 716 1255 715 1256 715 1258 715 1271 704 1286 715 1287 715 1289 715 1290 716 1390 716 1390 688 1390 654 1341 642 1340 642 1283 652 1280 652 1277 652 1241 642 1240 642 1238 642 1237 642 1209 651 1131 642 1130 642 1128 642 1127 642 1127 643 1118 651 1116 654 981 654 971 649 942 642 941 642 914 642 913 642 911 642 910 642 910 643 902 649 899 654 731 654 727 648 721 643 721 642 719 642 718 642 716 642 633 646 633 688"/></Shape>
	    <String CONTENT="nitionem noſtram conſequi poſſit."
                    HPOS="633"
                    VPOS="642"
                    WIDTH="757"
                    HEIGHT="74"
                    WC="0.997957354242151"></String>
          </TextLine>

          
          
          <TextLine ID="eSc_line_06a7e8e1"
                    TAGREFS="LT4119"
                    BASELINE="690 749 1686 746" 
                    HPOS="688"
                    VPOS="696"
                    WIDTH="998"
                    HEIGHT="75">
            <Shape><Polygon POINTS="690 749 690 764 1076 771 1078 771 1079 771 1091 767 1102 764 1140 767 1185 771 1186 771 1206 768 1231 762 1276 768 1292 770 1293 770 1365 768 1624 762 1683 770 1686 746 1683 696 1621 696 1619 696 1618 696 1616 696 1600 707 1527 697 1525 697 1524 697 1522 697 1506 710 1337 710 1295 698 1282 696 1280 696 1279 696 1277 696 1268 698 1243 709 1200 701 1198 701 1197 701 1195 701 1183 710 1168 700 1167 698 1165 698 1164 698 1163 698 1149 700 1106 709 1087 701 1078 697 1076 697 1075 697 1073 697 1063 701 1041 710 1014 701 1008 700 1006 700 1005 700 1003 700 1002 700 1000 701 990 709 977 701 966 697 965 697 852 697 850 697 849 697 847 697 837 703 823 712 773 712 762 704 754 697 752 697 751 697 749 697 688 704 690 749"/></Shape>
	    <String CONTENT="Aiunt iſti Dixit Chriſtus Luc. 1o. meliorem"
                    HPOS="688"
                    VPOS="696"
                    WIDTH="998"
                    HEIGHT="75"
                    WC="0.989748864672905"></String>
          </TextLine>

          
          
          <TextLine ID="eSc_line_b5017af5"
                    TAGREFS="LT4119"
                    BASELINE="633 809 1685 804" 
                    HPOS="632"
                    VPOS="756"
                    WIDTH="1053"
                    HEIGHT="81">
            <Shape><Polygon POINTS="633 809 633 837 730 823 785 823 806 834 807 834 968 835 969 835 971 835 972 835 977 832 990 822 1048 831 1055 831 1057 831 1081 829 1203 822 1212 828 1216 831 1218 831 1219 831 1314 834 1316 834 1357 825 1381 820 1432 820 1438 823 1447 831 1448 831 1450 831 1451 831 1453 831 1478 823 1484 822 1488 823 1519 832 1521 832 1522 832 1683 819 1685 804 1680 762 1580 765 1569 762 1545 756 1543 756 1542 756 1506 764 1491 765 1472 764 1415 756 1414 756 1412 756 1411 756 1400 764 1398 765 1396 764 1384 756 1383 756 1381 756 1380 756 1378 756 1377 756 1365 764 1363 765 1357 764 1334 759 1332 759 1331 759 1310 765 1301 767 1293 765 1270 758 1268 758 1267 758 1265 758 1238 765 1232 767 1225 765 1198 758 1197 758 1195 758 1194 758 1173 765 1170 767 1167 765 1148 758 1146 758 996 758 994 758 993 758 968 768 966 768 965 768 951 759 950 759 948 759 947 759 877 768 874 768 873 768 838 759 837 759 835 759 834 759 801 768 754 759 752 759 751 759 749 759 739 770 632 770 633 809"/></Shape>
	    <String CONTENT="partem elegit Maria ſibi. Reſpond. Verſabatur"
                    HPOS="632"
                    VPOS="756"
                    WIDTH="1053"
                    HEIGHT="81"
                    WC="0.969816207885742"></String>
          </TextLine>

          
          
          <TextLine ID="eSc_line_f32b1ba4"
                    TAGREFS="LT4119"
                    BASELINE="632 868 1685 861" 
                    HPOS="630"
                    VPOS="814"
                    WIDTH="1055"
                    HEIGHT="78">
            <Shape><Polygon POINTS="632 868 632 884 820 892 822 892 898 883 907 883 919 883 1044 892 1045 892 1139 881 1146 881 1154 881 1259 890 1261 890 1262 890 1264 890 1264 889 1273 881 1282 887 1283 887 1284 887 1466 889 1467 889 1469 889 1500 878 1505 878 1509 878 1548 887 1549 887 1683 877 1685 861 1680 823 1512 823 1491 814 1490 814 1488 814 1375 825 1368 825 1365 825 1323 816 1322 816 1264 826 1256 826 1250 826 1215 817 1213 817 1143 825 1073 817 1072 817 1070 817 1035 826 933 819 932 819 873 828 847 819 846 819 844 819 843 819 823 829 822 829 807 829 681 820 679 820 630 829 632 868"/></Shape>
	    <String CONTENT="in actione, non in nuda diſputatione, cuius exer¬"
                    HPOS="630"
                    VPOS="814"
                    WIDTH="1055"
                    HEIGHT="78"
                    WC="0.97665515237925"></String>
          </TextLine>

          
          
          <TextLine ID="eSc_line_f7308d45"
                    TAGREFS="LT4119"
                    BASELINE="633 926 1604 923" 
                    HPOS="632"
                    VPOS="875"
                    WIDTH="972"
                    HEIGHT="73">
            <Shape><Polygon POINTS="633 926 633 944 757 941 779 944 812 948 813 948 850 944 868 941 873 942 884 948 886 948 887 948 929 942 945 941 968 942 1035 948 1036 948 1087 942 1096 941 1099 941 1115 948 1116 948 1118 948 1222 941 1249 939 1264 941 1316 947 1317 947 1319 947 1320 947 1329 939 1331 939 1350 939 1473 947 1475 947 1537 939 1576 947 1577 947 1579 947 1604 938 1604 923 1601 886 1543 875 1542 875 1540 875 1539 875 1539 877 1530 886 1502 886 1481 875 1479 875 1478 875 1392 884 1365 875 1363 875 1362 875 1360 875 1359 875 1348 886 1191 886 1179 875 1177 875 1176 875 1133 875 1131 875 1130 875 1091 886 1088 886 1084 886 1054 877 1052 877 1051 877 1011 886 1005 886 994 886 916 877 914 877 801 886 786 886 785 886 776 877 774 877 773 877 721 877 719 877 718 877 688 886 685 886 684 886 670 877 669 877 667 877 666 877 632 884 633 926"/></Shape>
	    <String CONTENT="cendæ gratiâ mundo ipſi renuntiabat Maria."
                    HPOS="632"
                    VPOS="875"
                    WIDTH="972"
                    HEIGHT="73"
                    WC="0.9658083167187"></String>
          </TextLine>

          
          
          <TextLine ID="eSc_line_258435eb"
                    TAGREFS="LT4119"
                    BASELINE="696 983 1686 980" 
                    HPOS="694"
                    VPOS="939"
                    WIDTH="992"
                    HEIGHT="69">
            <Shape><Polygon POINTS="696 983 696 1003 801 1000 809 1003 820 1008 822 1008 823 1008 886 1002 932 999 968 1002 1029 1008 1030 1008 1032 1008 1057 1002 1069 999 1081 1000 1113 1008 1115 1008 1116 1008 1136 1000 1142 999 1176 1000 1287 1006 1289 1006 1326 999 1337 997 1341 999 1359 1006 1360 1006 1362 1006 1396 999 1403 997 1414 999 1476 1006 1478 1006 1479 1006 1502 997 1505 997 1506 997 1536 1006 1537 1006 1539 1008 1659 1008 1659 1006 1661 1006 1686 996 1686 980 1683 939 694 939 696 983"/></Shape>
	    <String CONTENT="Aiunt Tertiæ præſtantiſſimæ hominis partis"
                    HPOS="694"
                    VPOS="939"
                    WIDTH="992"
                    HEIGHT="69"
                    WC="0.984056106635502"></String>
          </TextLine>

          
          
          <TextLine ID="eSc_line_065252ca"
                    TAGREFS="LT4119"
                    BASELINE="633 1042 1686 1042" 
                    HPOS="633"
                    VPOS="994"
                    WIDTH="1053"
                    HEIGHT="64">
            <Shape><Polygon POINTS="633 1042 633 1058 1686 1058 1686 1042 1686 1003 1668 994 1667 994 1665 994 1664 994 1630 1003 1606 996 1604 996 1603 996 1525 1003 1506 994 1505 994 1503 994 1502 994 1484 1003 1414 994 1412 994 1241 1002 1161 994 1160 994 1158 994 1143 1002 1122 994 1121 994 1119 994 1118 994 1094 1002 1038 994 1036 994 990 1003 957 994 956 994 954 994 846 1002 792 994 791 994 704 1003 669 994 667 994 666 994 664 994 633 1003 633 1042"/></Shape>
	    <String CONTENT="actio eſt præſtantiſſima. Animus autẽ, cuius pro¬"
                    HPOS="633"
                    VPOS="994"
                    WIDTH="1053"
                    HEIGHT="64"
                    WC="0.978049252033234"></String>
          </TextLine>

          
          
          <TextLine ID="eSc_line_8448c4e6"
                    TAGREFS="LT4119"
                    BASELINE="635 1102 1688 1099" 
                    HPOS="633"
                    VPOS="1052"
                    WIDTH="1055"
                    HEIGHT="72">
            <Shape><Polygon POINTS="635 1102 635 1116 1027 1124 1029 1124 1030 1124 1047 1119 1060 1116 1081 1119 1107 1124 1109 1124 1133 1119 1160 1115 1170 1121 1174 1122 1176 1122 1177 1122 1179 1122 1186 1121 1206 1115 1240 1121 1255 1122 1256 1122 1298 1121 1418 1115 1427 1121 1427 1122 1429 1122 1430 1122 1432 1124 1615 1124 1615 1122 1616 1122 1638 1115 1685 1122 1688 1099 1685 1061 1341 1052 1340 1052 1290 1060 1232 1052 1231 1052 1229 1052 1203 1060 1161 1052 1160 1052 1158 1052 1134 1061 1130 1061 1122 1061 1079 1054 1078 1054 633 1060 635 1102"/></Shape>
	    <String CONTENT="pria eſt contemplatio, eſt corpore excellentior."
                    HPOS="633"
                    VPOS="1052"
                    WIDTH="1055"
                    HEIGHT="72"
                    WC="0.992326488097509"></String>
          </TextLine>

          
          
          <TextLine ID="eSc_line_33474215"
                    TAGREFS="LT4119"
                    BASELINE="633 1160 1685 1160" 
                    HPOS="633"
                    VPOS="1112"
                    WIDTH="1052"
                    HEIGHT="71">
            <Shape><Polygon POINTS="633 1160 633 1180 1432 1176 1683 1183 1685 1160 1685 1119 1573 1112 1572 1112 1570 1112 1552 1119 1540 1125 1472 1125 1458 1119 1435 1112 1433 1112 1374 1112 1372 1112 1371 1112 1369 1112 1359 1121 1354 1125 1307 1125 1296 1121 1271 1112 1270 1112 1221 1112 1219 1112 1179 1121 1168 1124 1165 1121 1154 1112 1152 1112 1151 1112 1122 1112 1121 1112 1119 1112 1102 1122 1096 1125 1042 1125 1035 1122 996 1112 994 1112 993 1112 991 1112 990 1112 975 1122 974 1124 963 1122 911 1115 910 1115 908 1115 884 1124 881 1124 868 1112 867 1112 865 1112 864 1112 817 1119 771 1112 770 1112 768 1112 767 1112 754 1124 752 1125 633 1125 633 1160"/></Shape>
	    <String CONTENT="Ergo &amp; cõtemplatio eſt nobilior actione. Reſp."
                    HPOS="633"
                    VPOS="1112"
                    WIDTH="1052"
                    HEIGHT="71"
                    WC="0.980597148550318"></String>
          </TextLine>

          
          
          <TextLine ID="eSc_line_8c5fbe1d"
                    TAGREFS="LT4119"
                    BASELINE="645 1218 1686 1218" 
                    HPOS="645"
                    VPOS="1170"
                    WIDTH="1041"
                    HEIGHT="71">
            <Shape><Polygon POINTS="645 1218 645 1232 751 1241 752 1241 754 1241 780 1234 782 1234 785 1234 834 1241 835 1241 837 1241 861 1234 864 1234 870 1234 925 1241 926 1241 1017 1235 1035 1234 1041 1235 1063 1241 1064 1241 1066 1241 1107 1235 1119 1234 1270 1234 1273 1235 1279 1241 1280 1241 1282 1241 1283 1241 1686 1237 1686 1218 1686 1183 1595 1183 1594 1182 1564 1170 1563 1170 1561 1170 1490 1180 1479 1182 1476 1180 1460 1170 1458 1170 1457 1170 1456 1170 1454 1170 1453 1170 1439 1180 1436 1183 1337 1183 1322 1179 1283 1170 1282 1170 1280 1170 1261 1179 1256 1180 1253 1179 1246 1171 1244 1171 1243 1171 1125 1170 1124 1170 1122 1170 1121 1170 1113 1177 1106 1183 1060 1183 1048 1176 1039 1170 1038 1170 1036 1170 1035 1170 1033 1170 1021 1176 1011 1182 1002 1176 994 1170 993 1170 991 1170 990 1170 989 1170 977 1176 963 1182 942 1176 925 1170 923 1170 922 1170 920 1170 910 1174 896 1180 844 1174 807 1170 806 1170 804 1170 803 1170 798 1174 783 1182 645 1173 645 1218"/></Shape>
	    <String CONTENT="Vera eſſet concluſio, ſi actio, de qua loquimur,"
                    HPOS="645"
                    VPOS="1170"
                    WIDTH="1041"
                    HEIGHT="71"
                    WC="0.994260059048732"></String>
          </TextLine>

          
          
          <TextLine ID="eSc_line_c4ad8616"
                    TAGREFS="LT4119"
                    BASELINE="633 1277 1689 1273" 
                    HPOS="632"
                    VPOS="1228"
                    WIDTH="1057"
                    HEIGHT="70">
            <Shape><Polygon POINTS="633 1277 633 1296 1128 1290 1176 1292 1280 1298 1282 1298 1353 1290 1377 1289 1383 1290 1399 1296 1400 1296 1402 1298 1647 1298 1647 1296 1688 1287 1689 1273 1685 1228 1607 1241 1475 1241 1454 1229 1453 1229 1451 1229 1450 1229 1412 1243 1334 1244 1189 1244 1161 1229 1160 1229 1158 1229 1157 1229 1155 1229 1154 1229 1105 1243 1079 1243 1064 1229 1063 1229 1061 1229 984 1229 983 1229 981 1229 980 1229 980 1231 962 1241 917 1231 916 1231 914 1231 913 1231 911 1231 889 1244 850 1243 838 1232 838 1231 837 1231 835 1231 834 1231 832 1231 801 1244 748 1244 718 1231 716 1231 715 1231 713 1231 632 1231 633 1277"/></Shape>
	    <String CONTENT="ſolius corporis viribus fieret, non autem præci¬"
                    HPOS="632"
                    VPOS="1228"
                    WIDTH="1057"
                    HEIGHT="70"
                    WC="0.98672229424119"></String>
          </TextLine>

          
          
          <TextLine ID="eSc_line_baacaa3c"
                    TAGREFS="LT4119"
                    BASELINE="638 1338 1689 1332" 
                    HPOS="636"
                    VPOS="1286"
                    WIDTH="1053"
                    HEIGHT="76">
            <Shape><Polygon POINTS="638 1338 638 1362 704 1353 761 1360 762 1360 913 1351 1686 1351 1689 1332 1688 1298 1667 1286 1665 1286 1664 1286 1662 1286 1661 1286 1621 1298 1576 1289 1574 1289 1519 1298 1490 1286 1488 1286 1487 1286 1423 1299 1371 1292 1369 1292 1328 1299 1301 1290 1299 1290 1298 1290 1296 1290 1273 1299 1256 1287 1255 1287 1253 1287 1219 1287 1218 1287 1165 1295 1146 1289 1145 1289 1143 1289 1142 1289 1140 1289 1140 1290 1128 1301 1103 1289 1102 1289 999 1289 997 1289 996 1289 994 1289 978 1302 956 1302 889 1302 887 1302 878 1295 877 1295 875 1295 874 1295 804 1302 800 1302 773 1290 771 1290 707 1290 706 1290 704 1290 703 1290 685 1302 685 1304 636 1304 638 1338"/></Shape>
	    <String CONTENT="puè operatione, id eſt, intellectu &amp; voluntate i¬"
                    HPOS="636"
                    VPOS="1286"
                    WIDTH="1053"
                    HEIGHT="76"
                    WC="0.995135335922241"></String>
          </TextLine>

          
          
          <TextLine ID="eSc_line_7ac2efd2"
                    TAGREFS="LT4119"
                    BASELINE="638 1395 1690 1395" 
                    HPOS="638"
                    VPOS="1347"
                    WIDTH="1052"
                    HEIGHT="73">
            <Shape><Polygon POINTS="638 1395 639 1418 672 1409 704 1418 706 1418 707 1420 757 1420 757 1418 758 1418 759 1418 770 1409 864 1417 865 1417 867 1417 883 1409 905 1417 907 1417 908 1417 997 1409 1029 1418 1032 1418 1033 1418 1035 1420 1035 1418 1036 1418 1039 1418 1070 1409 1689 1415 1690 1395 1690 1359 1598 1347 1597 1347 1595 1347 1594 1347 1594 1348 1582 1359 1580 1360 1478 1360 1475 1359 1439 1348 1438 1348 1436 1348 1375 1359 1372 1359 1371 1359 1357 1347 1356 1347 1354 1347 1307 1347 1305 1347 1304 1347 1302 1347 1302 1348 1290 1359 1289 1360 1219 1360 1218 1359 1189 1348 1188 1348 1186 1348 1185 1348 1183 1348 1168 1359 1116 1347 1115 1347 1064 1359 1063 1359 1024 1347 1023 1347 1021 1347 1020 1347 1018 1347 1000 1359 974 1347 972 1347 971 1347 969 1347 968 1347 950 1359 948 1360 899 1360 899 1359 886 1348 886 1347 884 1347 883 1347 810 1347 809 1347 807 1347 806 1347 788 1360 745 1360 721 1347 719 1347 675 1347 673 1347 672 1347 638 1359 638 1395"/></Shape>
	    <String CONTENT="pſius animi noſtri, ad cuius obſequium poſtea"
                    HPOS="638"
                    VPOS="1347"
                    WIDTH="1052"
                    HEIGHT="73"
                    WC="0.993159668975406"></String>
          </TextLine>

          
          
          <TextLine ID="eSc_line_4a17a4fe"
                    TAGREFS="LT4119"
                    BASELINE="635 1455 1690 1453" 
                    HPOS="633"
                    VPOS="1408"
                    WIDTH="1057"
                    HEIGHT="73">
            <Shape><Polygon POINTS="635 1455 635 1469 658 1479 660 1479 661 1479 724 1469 728 1469 899 1469 901 1469 917 1479 919 1479 920 1479 922 1481 991 1481 991 1479 993 1479 1014 1469 1017 1469 1061 1469 1075 1479 1076 1479 1078 1479 1079 1479 1081 1479 1119 1469 1212 1478 1213 1478 1270 1467 1274 1467 1326 1467 1328 1467 1342 1478 1344 1478 1345 1478 1347 1478 1579 1469 1616 1478 1618 1478 1619 1478 1689 1466 1690 1453 1689 1421 1664 1408 1662 1408 1589 1408 1588 1408 1586 1408 1555 1421 1487 1421 1369 1421 1368 1420 1353 1408 1351 1408 1350 1408 1292 1408 1290 1408 1289 1408 1287 1408 1273 1420 1271 1420 1225 1408 1224 1408 1185 1408 1183 1408 1182 1408 1157 1420 1152 1423 1103 1423 1099 1420 1088 1412 1087 1412 1085 1412 1084 1412 1052 1420 1039 1421 893 1421 889 1418 875 1412 874 1412 873 1412 871 1412 858 1418 855 1421 789 1421 786 1418 779 1412 777 1412 776 1412 774 1412 748 1418 743 1418 740 1418 697 1409 696 1409 633 1417 635 1455"/></Shape>
	    <String CONTENT="for mantur corporis membra. Ergo quum dici¬"
                    HPOS="633"
                    VPOS="1408"
                    WIDTH="1057"
                    HEIGHT="73"
                    WC="0.990886908630992"></String>
          </TextLine>

          
          
          <TextLine ID="eSc_line_9ad4260b"
                    TAGREFS="LT4119"
                    BASELINE="636 1511 1692 1513" 
                    HPOS="635"
                    VPOS="1466"
                    WIDTH="1057"
                    HEIGHT="73">
            <Shape><Polygon POINTS="636 1511 635 1525 654 1536 655 1536 657 1536 658 1536 660 1536 670 1527 696 1536 697 1536 699 1536 765 1525 858 1536 859 1536 861 1536 862 1536 877 1527 948 1533 950 1533 1078 1525 1079 1525 1105 1536 1106 1536 1107 1536 1109 1536 1136 1527 1163 1537 1164 1537 1165 1539 1210 1539 1210 1537 1212 1537 1213 1537 1228 1527 1304 1537 1305 1537 1307 1537 1341 1527 1380 1527 1398 1537 1399 1537 1400 1537 1402 1537 1454 1530 1601 1537 1603 1537 1604 1537 1627 1528 1635 1536 1637 1536 1638 1536 1640 1536 1690 1525 1692 1513 1692 1478 1667 1467 1665 1467 1566 1467 1564 1467 1563 1467 1537 1478 1536 1478 1525 1469 1525 1467 1524 1467 1522 1467 1521 1467 1444 1476 1430 1467 1429 1467 1427 1467 1383 1467 1381 1467 1380 1467 1362 1476 1359 1479 1165 1479 1157 1476 1107 1466 1106 1466 1052 1475 1042 1466 1041 1466 1039 1466 1038 1466 978 1476 974 1478 847 1478 841 1476 785 1466 783 1466 782 1466 754 1476 751 1476 636 1476 636 1511"/></Shape>
	    <String CONTENT="mus actionem eſſe finem veræ Theologiæ &amp;"
                    HPOS="635"
                    VPOS="1466"
                    WIDTH="1057"
                    HEIGHT="73"
                    WC="0.984494359791279"></String>
          </TextLine>

          
          
          <TextLine ID="eSc_line_43479c67"
                    TAGREFS="LT4119"
                    BASELINE="638 1567 1689 1571" 
                    HPOS="636"
                    VPOS="1522"
                    WIDTH="1053"
                    HEIGHT="73">
            <Shape><Polygon POINTS="638 1567 636 1582 660 1592 661 1592 663 1592 709 1585 1014 1594 1015 1594 1061 1586 1099 1594 1100 1594 1262 1586 1284 1594 1286 1594 1287 1594 1289 1594 1310 1586 1374 1595 1375 1595 1508 1588 1621 1588 1632 1595 1634 1595 1635 1595 1637 1595 1688 1586 1689 1571 1688 1536 1628 1525 1627 1525 1542 1534 1539 1534 1534 1534 1458 1525 1457 1525 1420 1534 1417 1534 1415 1534 1402 1525 1400 1525 1399 1525 1338 1524 1337 1524 1234 1525 1232 1525 1231 1525 1222 1533 1176 1524 1174 1524 1130 1531 1076 1525 1075 1525 1073 1525 1072 1525 1061 1533 1057 1533 1005 1524 1003 1524 1002 1524 983 1533 978 1533 800 1533 798 1531 786 1522 785 1522 783 1522 782 1522 638 1530 638 1567"/></Shape>
	    <String CONTENT="Chriſtianæ, nomine Actionis vel Operis non in¬"
                    HPOS="636"
                    VPOS="1522"
                    WIDTH="1053"
                    HEIGHT="73"
                    WC="0.986591617698255"></String>
          </TextLine>

          
          
          <TextLine ID="eSc_line_1700fae9"
                    TAGREFS="LT4119"
                    BASELINE="638 1627 1688 1631" 
                    HPOS="636"
                    VPOS="1580"
                    WIDTH="1052"
                    HEIGHT="76">
            <Shape><Polygon POINTS="638 1627 636 1646 761 1653 762 1653 764 1653 783 1646 791 1644 815 1646 877 1653 878 1653 880 1653 905 1646 914 1644 919 1646 932 1653 933 1653 935 1653 936 1653 956 1646 963 1644 965 1646 972 1653 974 1653 975 1653 1017 1655 1018 1655 1020 1655 1036 1646 1038 1646 1041 1646 1063 1653 1064 1653 1066 1653 1140 1646 1154 1646 1168 1646 1256 1655 1258 1655 1295 1646 1299 1646 1304 1646 1337 1656 1338 1656 1340 1656 1399 1647 1432 1656 1433 1656 1435 1656 1686 1646 1688 1631 1688 1594 1653 1583 1652 1583 1650 1583 1649 1583 1618 1591 1531 1583 1530 1583 1528 1583 1527 1583 1515 1592 1515 1594 1198 1594 1194 1592 1160 1582 1158 1582 1157 1582 1155 1582 1130 1592 1127 1594 1061 1594 1052 1591 987 1580 986 1580 984 1580 959 1591 911 1580 910 1580 908 1580 883 1591 881 1592 797 1592 795 1591 780 1580 779 1580 777 1580 776 1580 774 1580 754 1591 743 1582 743 1580 742 1580 740 1580 739 1580 638 1589 638 1627"/></Shape>
	    <String CONTENT="telligimus ſeruile &amp; mechanicum aliquod opus,"
                    HPOS="636"
                    VPOS="1580"
                    WIDTH="1052"
                    HEIGHT="76"
                    WC="0.986831225289239"></String>
          </TextLine>

          
          
          <TextLine ID="eSc_line_98f5f980"
                    TAGREFS="LT4119"
                    BASELINE="636 1689 1693 1689" 
                    HPOS="636"
                    VPOS="1643"
                    WIDTH="1057"
                    HEIGHT="70">
            <Shape><Polygon POINTS="636 1689 636 1707 997 1713 999 1713 1000 1713 1020 1707 1024 1705 1029 1707 1052 1713 1054 1713 1055 1713 1057 1713 1072 1707 1075 1705 1258 1705 1280 1705 1427 1713 1429 1713 1521 1705 1525 1705 1528 1705 1592 1713 1594 1713 1693 1704 1693 1689 1690 1643 1656 1653 1577 1653 1549 1643 1548 1643 1546 1643 1545 1643 1518 1653 1442 1653 1430 1644 1429 1644 1427 1644 1426 1644 1424 1644 1403 1652 1345 1644 1344 1644 1301 1650 1282 1643 1280 1643 1279 1643 1277 1643 1276 1643 1265 1652 1183 1644 1182 1644 1131 1652 1021 1643 1020 1643 1018 1643 1017 1643 1006 1652 941 1643 939 1643 938 1643 914 1653 785 1653 774 1643 773 1643 771 1643 770 1643 722 1650 712 1643 710 1643 709 1643 636 1643 636 1689"/></Shape>
	    <String CONTENT="ſed actionem intellectus &amp; voluntatis noſtræ ad"
                    HPOS="636"
                    VPOS="1643"
                    WIDTH="1057"
                    HEIGHT="70"
                    WC="0.994149541601222"></String>
          </TextLine>

          
          
          <TextLine ID="eSc_line_4e43b339"
                    TAGREFS="LT4119"
                    BASELINE="636 1748 1695 1745" 
                    HPOS="635"
                    VPOS="1698"
                    WIDTH="1060"
                    HEIGHT="76">
            <Shape><Polygon POINTS="636 1748 636 1763 972 1772 974 1772 1033 1763 1055 1772 1057 1772 1058 1774 1142 1774 1142 1772 1143 1772 1167 1763 1192 1771 1194 1771 1195 1771 1277 1762 1286 1762 1290 1762 1329 1771 1331 1771 1366 1763 1402 1771 1403 1772 1530 1772 1530 1771 1531 1771 1533 1771 1543 1763 1631 1771 1632 1771 1693 1760 1695 1745 1692 1711 1630 1710 1616 1698 1615 1698 1613 1698 1612 1698 1551 1710 1545 1710 1543 1710 1521 1698 1519 1698 1447 1698 1445 1698 1444 1698 1442 1698 1429 1708 1424 1711 1338 1711 1331 1707 1316 1699 1314 1699 1313 1699 1311 1699 1290 1707 1287 1707 1284 1707 1246 1698 1244 1698 1243 1698 1241 1698 1231 1705 1225 1711 1198 1711 1189 1705 1180 1699 1179 1699 1177 1699 1067 1699 1066 1699 1064 1699 1048 1704 1024 1713 911 1713 895 1702 890 1699 889 1699 887 1699 886 1699 865 1702 809 1711 635 1701 636 1748"/></Shape>
	    <String CONTENT="Deum tendentis nobiliſſimã. Nam ipſi illi Scho¬"
                    HPOS="635"
                    VPOS="1698"
                    WIDTH="1060"
                    HEIGHT="76"
                    WC="0.990177097419898"></String>
          </TextLine>

          
          
          <TextLine ID="eSc_line_d5f729b1"
                    TAGREFS="LT4119"
                    BASELINE="636 1806 1695 1806" 
                    HPOS="636"
                    VPOS="1763"
                    WIDTH="1059"
                    HEIGHT="69">
            <Shape><Polygon POINTS="636 1806 636 1827 780 1823 789 1827 797 1830 798 1830 800 1830 801 1830 815 1827 832 1823 883 1826 938 1830 939 1830 941 1830 954 1826 965 1823 978 1826 1000 1830 1002 1830 1024 1826 1036 1823 1047 1826 1064 1830 1066 1830 1067 1830 1069 1830 1084 1826 1093 1823 1115 1824 1164 1830 1165 1830 1167 1830 1168 1830 1177 1824 1180 1823 1183 1824 1197 1830 1198 1830 1200 1832 1488 1832 1488 1830 1560 1823 1640 1830 1641 1830 1643 1830 1659 1823 1679 1830 1680 1830 1682 1830 1683 1830 1685 1830 1695 1823 1695 1806 1693 1763 636 1763 636 1806"/></Shape>
	    <String CONTENT="laſtici etiam conſtituunt int ell ectum practicum"
                    HPOS="636"
                    VPOS="1763"
                    WIDTH="1059"
                    HEIGHT="69"
                    WC="0.992518467562539"></String>
          </TextLine>

          
          
          <TextLine ID="eSc_line_a03ba2b6"
                    TAGREFS="LT4119"
                    BASELINE="636 1867 1690 1863" 
                    HPOS="635"
                    VPOS="1814"
                    WIDTH="1055"
                    HEIGHT="70">
            <Shape><Polygon POINTS="636 1867 636 1884 1690 1882 1690 1863 1686 1818 1589 1824 1574 1818 1563 1814 1561 1814 1560 1814 1484 1820 1424 1824 1417 1820 1409 1814 1408 1814 1406 1814 1405 1814 1403 1814 1384 1821 1374 1826 1155 1826 1151 1823 1143 1817 1143 1815 1142 1815 1140 1815 1087 1815 1085 1815 1084 1815 1057 1824 1054 1824 1042 1824 969 1820 968 1820 941 1826 929 1827 908 1826 825 1817 823 1817 771 1827 768 1827 767 1827 757 1818 757 1817 755 1817 754 1817 670 1817 669 1817 667 1817 635 1827 636 1867"/></Shape>
	    <String CONTENT="eſſe facultatem animi humani præſtantiſſimam."
                    HPOS="635"
                    VPOS="1814"
                    WIDTH="1055"
                    HEIGHT="70"
                    WC="0.96879120932685"></String>
          </TextLine>

          
          
          <TextLine ID="eSc_line_d048645a"
                    TAGREFS="LT4119"
                    BASELINE="699 1922 1693 1925" 
                    HPOS="699"
                    VPOS="1878"
                    WIDTH="994"
                    HEIGHT="62">
            <Shape><Polygon POINTS="699 1922 699 1940 1692 1939 1693 1925 1692 1890 1619 1881 1618 1881 1496 1888 1478 1888 1475 1888 1456 1881 1454 1881 1453 1881 1421 1887 1417 1888 1411 1887 1383 1879 1381 1879 1380 1879 1378 1879 1347 1887 1340 1888 1326 1887 1282 1881 1280 1881 1279 1881 1277 1881 1270 1887 1268 1887 1267 1887 1259 1879 1258 1879 1256 1879 1255 1879 1180 1885 1167 1887 1165 1885 1157 1878 1155 1878 1154 1878 1152 1878 1106 1885 1096 1887 1076 1885 1000 1878 999 1878 944 1885 923 1887 902 1884 856 1878 855 1878 699 1882 699 1922"/></Shape>
	    <String CONTENT="Aiunt quartò, oculus eſt præſtantior manu."
                    HPOS="699"
                    VPOS="1878"
                    WIDTH="994"
                    HEIGHT="62"
                    WC="0.971559711666994"></String>
          </TextLine>

          
          
          <TextLine ID="eSc_line_9dcd4747"
                    TAGREFS="LT4119"
                    BASELINE="639 1985 1695 1982" 
                    HPOS="638"
                    VPOS="1933"
                    WIDTH="1057"
                    HEIGHT="68">
            <Shape><Polygon POINTS="639 1985 639 2001 1693 1997 1695 1982 1693 1943 1671 1933 1670 1933 1668 1933 1667 1933 1641 1940 1591 1933 1589 1933 1588 1933 1586 1933 1573 1942 1564 1948 1487 1948 1481 1942 1476 1937 1475 1937 1473 1937 1472 1937 1470 1937 1460 1942 1447 1948 1371 1948 1338 1940 1296 1933 1295 1933 1293 1933 1268 1940 1246 1946 1235 1940 1228 1934 1226 1934 1225 1934 1171 1933 1170 1933 1168 1933 1167 1933 1167 1934 1161 1939 1151 1949 1121 1949 1105 1939 1103 1939 1102 1939 1100 1939 1099 1939 1072 1945 1061 1939 1060 1937 1058 1937 1057 1937 948 1934 947 1934 945 1934 939 1937 923 1946 844 1948 829 1936 828 1934 826 1934 825 1934 823 1934 807 1936 765 1943 745 1936 740 1934 739 1934 737 1934 638 1934 639 1985"/></Shape>
	    <String CONTENT="Reſp. Κατάτι. Neque etiam hîc operis nomine"
                    HPOS="638"
                    VPOS="1933"
                    WIDTH="1057"
                    HEIGHT="68"></String>
          </TextLine>

          
          
          <TextLine ID="eSc_line_d9460b1f"
                    TAGREFS="LT4119"
                    BASELINE="639 2044 1698 2040" 
                    HPOS="638"
                    VPOS="1994"
                    WIDTH="1060"
                    HEIGHT="70">
            <Shape><Polygon POINTS="639 2044 639 2058 1311 2064 1313 2064 1659 2062 1696 2053 1698 2040 1696 2006 1671 1994 1670 1994 1668 1994 1667 1994 1641 2004 1588 1994 1531 1994 1530 1994 1528 1994 1527 1994 1512 2004 1461 1994 1460 1994 1387 2004 1368 1995 1366 1995 1365 1995 1363 1995 1342 2007 1268 2007 1256 1997 1255 1997 1253 1997 1252 1997 1171 2006 1124 1995 1122 1995 1121 1995 1119 1995 1103 2007 1069 2007 1005 1995 1003 1995 1002 1995 960 2007 920 1998 868 1997 867 1997 865 1997 837 2007 822 1997 820 1997 819 1997 739 1997 737 1997 638 2009 639 2044"/></Shape>
	    <String CONTENT="intelligimus tantùm manuales actiones, ſed cul¬"
                    HPOS="638"
                    VPOS="1994"
                    WIDTH="1060"
                    HEIGHT="70"
                    WC="0.993721251686414"></String>
          </TextLine>

          
          
          <TextLine ID="eSc_line_5f72d0d2"
                    TAGREFS="LT4119"
                    BASELINE="643 2099 1699 2102" 
                    HPOS="642"
                    VPOS="2053"
                    WIDTH="1057"
                    HEIGHT="79">
            <Shape><Polygon POINTS="643 2099 642 2128 691 2129 693 2129 694 2129 697 2128 719 2119 749 2126 751 2126 752 2126 856 2119 871 2128 873 2129 874 2129 875 2129 877 2129 890 2128 932 2120 957 2128 960 2128 962 2128 963 2128 965 2128 966 2128 983 2119 1033 2119 1048 2126 1051 2129 1052 2129 1054 2129 1055 2129 1087 2126 1152 2120 1163 2126 1168 2131 1170 2131 1171 2131 1173 2132 1240 2132 1240 2131 1241 2131 1243 2131 1249 2126 1255 2120 1279 2126 1302 2131 1304 2131 1366 2125 1395 2123 1418 2125 1475 2131 1476 2131 1478 2131 1479 2131 1485 2125 1493 2120 1531 2120 1539 2125 1548 2131 1549 2131 1551 2131 1552 2131 1554 2131 1574 2125 1591 2120 1696 2123 1699 2102 1698 2055 1616 2062 1607 2055 1606 2055 1604 2055 1542 2055 1540 2055 1539 2055 1537 2055 1515 2070 1475 2070 1450 2056 1447 2055 1445 2055 1387 2055 1386 2055 1384 2055 1383 2055 1381 2056 1366 2070 1277 2070 1256 2058 1250 2055 1249 2055 1247 2055 1246 2055 1244 2055 1240 2058 1221 2068 1063 2068 1052 2059 1051 2059 1049 2059 1048 2059 1045 2059 994 2067 974 2059 956 2053 954 2053 920 2053 919 2053 917 2053 916 2053 908 2061 899 2068 849 2068 838 2061 834 2056 832 2056 831 2056 829 2056 806 2061 797 2062 794 2061 777 2053 776 2053 739 2053 737 2053 736 2053 734 2053 724 2061 716 2067 679 2067 672 2062 661 2055 660 2055 658 2055 657 2055 655 2055 643 2061 643 2099"/></Shape>
	    <String CONTENT="tum Dei, reformationem vitæ quæ ſunt actiones"
                    HPOS="642"
                    VPOS="2053"
                    WIDTH="1057"
                    HEIGHT="79"></String>
          </TextLine>

          
          
          <TextLine ID="eSc_line_88baba4e"
                    TAGREFS="LT4119"
                    BASELINE="641 2162 923 2159" 
                    HPOS="639"
                    VPOS="2110"
                    WIDTH="284"
                    HEIGHT="82">
            <Shape><Polygon POINTS="641 2162 641 2186 704 2192 706 2192 707 2192 709 2192 709 2190 713 2187 722 2178 861 2178 874 2189 875 2190 877 2190 878 2190 880 2190 923 2189 923 2159 920 2123 797 2110 795 2110 639 2123 641 2162"/></Shape>
	    <String CONTENT="nobiliſsimæ"
                    HPOS="639"
                    VPOS="2110"
                    WIDTH="284"
                    HEIGHT="82"
                    WC="0.999940292401747"></String>
          </TextLine>

          
        </TextBlock>
        
        <TextBlock HPOS="1494.357666015625"
                   VPOS="2169.635986328125"
                   WIDTH="209.992431640625"
                   HEIGHT="82.235107421875"
                   ID="block_2"
                   TAGREFS="BT10534">
          <Shape><Polygon POINTS="1494.36 2169.64 1704.35 2169.64 1704.35 2251.87 1494.36 2251.87 1494.36 2169.64"/></Shape>
          
          
          <TextLine ID="eSc_line_5da96bb4"
                    TAGREFS="LT4119"
                    BASELINE="1514 2229 1699 2221" 
                    HPOS="1511"
                    VPOS="2168"
                    WIDTH="188"
                    HEIGHT="100">
            <Shape><Polygon POINTS="1514 2229 1515 2268 1551 2253 1698 2260 1699 2221 1695 2181 1655 2183 1649 2180 1625 2168 1624 2168 1622 2168 1621 2168 1619 2168 1606 2180 1601 2183 1588 2178 1560 2171 1558 2171 1557 2171 1511 2177 1514 2229"/></Shape>
	    <String CONTENT="Charitas"
                    HPOS="1511"
                    VPOS="2168"
                    WIDTH="188"
                    HEIGHT="100"></String>
          </TextLine>

          
        </TextBlock>
        

        
      </PrintSpace>
    </Page>
  </Layout>
</alto>
