<?xml version="1.0" encoding="UTF-8"?>
<alto xmlns:xsi="http://www.w3.org/2001/XMLSchema-instance"
      xmlns="http://www.loc.gov/standards/alto/ns-v4#"
      xsi:schemaLocation="http://www.loc.gov/standards/alto/ns-v4# http://www.loc.gov/standards/alto/v4/alto-4-2.xsd">
  <Description>
    <MeasurementUnit>pixel</MeasurementUnit>
    <sourceImageInformation>
      <fileName>2012934.png</fileName>
      
    </sourceImageInformation>
  </Description>
  
  <Tags>
    <OtherTag ID="BT10544" LABEL="text" DESCRIPTION="block type text"/><OtherTag ID="BT10543" LABEL="NumberingZone" DESCRIPTION="block type NumberingZone"/><OtherTag ID="BT10542" LABEL="MainZone" DESCRIPTION="block type MainZone"/><OtherTag ID="BT10538" LABEL="RunningTitleZone" DESCRIPTION="block type RunningTitleZone"/><OtherTag ID="BT10537" LABEL="DropCapitalZone" DESCRIPTION="block type DropCapitalZone"/><OtherTag ID="BT10536" LABEL="GraphicZone" DESCRIPTION="block type GraphicZone"/><OtherTag ID="BT10535" LABEL="TitlePageZone" DESCRIPTION="block type TitlePageZone"/><OtherTag ID="BT10534" LABEL="QuireMarksZone" DESCRIPTION="block type QuireMarksZone"/><OtherTag ID="BT10533" LABEL="MarginTextZone" DESCRIPTION="block type MarginTextZone"/>
    <OtherTag ID="LT4122" LABEL="default" DESCRIPTION="line type default"/><OtherTag ID="LT4119" LABEL="DefaultLine" DESCRIPTION="line type DefaultLine"/><OtherTag ID="LT4118" LABEL="HeadingLine" DESCRIPTION="line type HeadingLine"/><OtherTag ID="LT4117" LABEL="CustomLine : BiblicalText" DESCRIPTION="line type CustomLine : BiblicalText"/>
  </Tags>
  
  <Layout>
    <Page WIDTH="1807"
          HEIGHT="2677"
          PHYSICAL_IMG_NR="50"
          ID="eSc_dummypage_">
      <PrintSpace HPOS="0"
                  VPOS="0"
                  WIDTH="1807"
                  HEIGHT="2677">
        
        <TextBlock HPOS="601.3907470703125"
                   VPOS="190.49684143066406"
                   WIDTH="90.43914794921875"
                   HEIGHT="48.19171142578125"
                   ID="block_3"
                   TAGREFS="BT10543">
          <Shape><Polygon POINTS="601.391 190.497 691.83 190.497 691.83 238.689 601.391 238.689 601.391 190.497"/></Shape>
          
          
          <TextLine ID="eSc_line_f8df7ae3"
                    TAGREFS="LT4119"
                    BASELINE="611 220 690 224" 
                    HPOS="609"
                    VPOS="178"
                    WIDTH="81"
                    HEIGHT="71">
            <Shape><Polygon POINTS="642 179 627 178 624 178 611 179 611 220 609 240 687 249 690 224 690 191 676 191 675 188 667 181 657 181"/></Shape>
	    <String CONTENT="22"
                    HPOS="609"
                    VPOS="178"
                    WIDTH="81"
                    HEIGHT="71"
                    WC="0.996790260076523"></String>
          </TextLine>

          
        </TextBlock>
        
        <TextBlock HPOS="818.3903198242188"
                   VPOS="177.01339721679688"
                   WIDTH="740.8469848632812"
                   HEIGHT="64.43899536132812"
                   ID="block_1"
                   TAGREFS="BT10538">
          <Shape><Polygon POINTS="818.39 177.013 1559.24 177.013 1559.24 241.452 818.39 241.452 818.39 177.013"/></Shape>
          
          
          <TextLine ID="eSc_line_749e95ea"
                    TAGREFS="LT4118"
                    BASELINE="826 226 1548 221" 
                    HPOS="825"
                    VPOS="172"
                    WIDTH="723"
                    HEIGHT="71">
            <Shape><Polygon POINTS="1450 172 1435 172 1426 172 1332 181 1304 182 1273 179 1186 172 1182 172 1167 172 1152 172 1137 172 1122 172 1107 172 1093 172 1078 172 1063 172 1048 172 1033 172 1023 172 1021 172 1003 178 986 184 953 178 941 176 939 176 925 178 880 184 871 178 865 172 864 172 862 172 861 172 825 176 826 226 826 243 865 236 920 242 922 242 923 242 942 233 971 240 972 240 974 240 1012 233 1127 240 1130 240 1131 240 1133 240 1134 240 1134 239 1142 232 1160 240 1161 240 1163 240 1165 240 1225 232 1255 239 1258 240 1259 240 1261 240 1311 239 1334 237 1335 237 1337 237 1345 230 1399 230 1408 237 1408 239 1409 239 1411 239 1412 239 1420 237 1457 230 1476 237 1481 239 1482 239 1484 239 1546 236 1548 221 1545 182 1479 182 1478 181 1466 172 1464 172"/></Shape>
	    <String CONTENT="AD I. PAVL. AD TIM."
                    HPOS="825"
                    VPOS="172"
                    WIDTH="723"
                    HEIGHT="71"
                    WC="0.981025811872984"></String>
          </TextLine>

          
        </TextBlock>
        
        <TextBlock HPOS="593.7764282226562"
                   VPOS="244.5804443359375"
                   WIDTH="1082.5656127929688"
                   HEIGHT="1963.3787841796875"
                   ID="block_0"
                   TAGREFS="BT10542">
          <Shape><Polygon POINTS="593.776 244.58 1676.34 244.58 1676.34 2207.96 593.776 2207.96 593.776 244.58"/></Shape>
          
          
          <TextLine ID="eSc_line_f1425354"
                    TAGREFS="LT4119"
                    BASELINE="609 297 1665 292" 
                    HPOS="608"
                    VPOS="236"
                    WIDTH="1057"
                    HEIGHT="85">
            <Shape><Polygon POINTS="1649 251 1634 245 1619 239 1612 236 1511 249 1502 249 1491 249 1403 236 1402 236 1400 236 1369 248 1365 249 1362 248 1348 236 1347 236 1345 236 1313 236 1311 236 1310 236 1290 246 1282 251 1259 246 1218 237 1216 237 1161 245 1122 251 1097 245 1075 239 1073 239 1072 239 1045 245 1014 251 993 243 977 237 975 237 974 237 935 243 874 252 846 245 844 245 843 245 841 245 823 254 664 254 608 240 609 297 609 310 629 319 630 319 632 319 696 310 700 310 703 310 742 319 743 321 941 321 941 319 942 319 944 319 956 310 1042 318 1044 318 1096 309 1103 309 1258 309 1259 309 1270 316 1271 316 1273 316 1274 316 1331 309 1345 307 1378 309 1490 315 1491 315 1604 309 1616 316 1618 316 1619 316 1621 316 1664 307 1665 292 1664 257 1649 251"/></Shape>
	    <String CONTENT="lieno nomine pinguntur, id eſt, homicidas a dul¬"
                    HPOS="608"
                    VPOS="236"
                    WIDTH="1057"
                    HEIGHT="85"
                    WC="0.97774363309145"></String>
          </TextLine>

          
          
          <TextLine ID="eSc_line_5fc82325"
                    TAGREFS="LT4119"
                    BASELINE="611 358 1668 353" 
                    HPOS="609"
                    VPOS="304"
                    WIDTH="1059"
                    HEIGHT="70">
            <Shape><Polygon POINTS="611 358 611 371 1665 374 1668 353 1665 316 1625 307 1624 307 1622 307 1606 315 1476 315 1463 304 1461 304 1460 304 1458 304 1340 312 1317 304 1316 304 1314 304 1259 315 1244 306 1243 306 1241 306 1240 306 1167 316 1137 306 1136 306 1079 306 1078 306 939 318 890 307 889 307 887 307 859 318 846 307 844 307 843 307 841 307 840 307 838 307 838 309 826 319 788 319 776 309 774 309 773 309 771 309 770 309 739 319 609 319 611 358"/></Shape>
	    <String CONTENT="teros, &amp;c. luſto etiam eſt vtilis Lex. primum quia"
                    HPOS="609"
                    VPOS="304"
                    WIDTH="1059"
                    HEIGHT="70"
                    WC="0.973418103456497"></String>
          </TextLine>

          
          
          <TextLine ID="eSc_line_476c2291"
                    TAGREFS="LT4119"
                    BASELINE="611 414 1664 411" 
                    HPOS="609"
                    VPOS="370"
                    WIDTH="1055"
                    HEIGHT="71">
            <Shape><Polygon POINTS="611 414 611 431 646 440 648 440 730 438 731 438 733 438 740 431 754 440 755 440 757 440 758 440 759 440 792 431 794 431 795 431 819 440 820 440 822 441 939 441 939 440 941 440 942 440 953 431 971 438 972 438 974 438 1044 431 1057 440 1058 440 1060 440 1061 440 1063 440 1093 432 1134 440 1136 440 1137 440 1139 440 1152 429 1158 429 1207 438 1209 438 1210 438 1212 438 1221 429 1237 438 1238 438 1240 438 1286 429 1290 429 1362 429 1363 429 1375 438 1377 438 1378 438 1380 440 1512 440 1512 438 1514 438 1543 429 1607 438 1609 438 1662 428 1664 411 1661 371 609 370 611 414"/></Shape>
	    <String CONTENT="viam iuſtitiæ inchoanti perfectionem docet &amp; o¬"
                    HPOS="609"
                    VPOS="370"
                    WIDTH="1055"
                    HEIGHT="71"
                    WC="0.978458960005578"></String>
          </TextLine>

          
          
          <TextLine ID="eSc_line_8f28cf69"
                    TAGREFS="LT4119"
                    BASELINE="609 474 1664 471" 
                    HPOS="608"
                    VPOS="423"
                    WIDTH="1056"
                    HEIGHT="78">
            <Shape><Polygon POINTS="609 474 609 498 655 489 861 489 878 495 889 499 890 499 892 501 978 501 978 499 980 499 990 493 1002 489 1015 493 1027 498 1029 498 1030 498 1032 498 1048 493 1067 489 1093 493 1125 498 1127 498 1128 498 1130 498 1130 496 1136 492 1142 487 1221 487 1232 492 1250 498 1252 498 1253 499 1384 499 1384 498 1386 498 1400 490 1521 498 1522 498 1524 498 1525 498 1537 489 1545 496 1546 496 1548 496 1621 498 1622 498 1624 498 1664 486 1664 471 1661 435 1522 435 1519 434 1496 425 1494 425 1493 425 1491 425 1467 434 1464 434 1457 434 1408 426 1406 426 1366 432 1354 434 1347 432 1317 423 1316 423 1314 423 1313 423 1284 432 1277 434 1253 432 1176 423 1174 423 1130 431 1102 435 1076 431 1047 425 944 425 942 425 941 425 939 425 935 429 929 434 890 429 865 426 864 426 850 429 823 435 794 428 777 425 776 425 757 428 728 434 716 428 709 425 707 425 706 425 704 425 696 428 679 434 608 428 609 474"/></Shape>
	    <String CONTENT="mnis virtutis eſt noima. Pelagius putauit eate¬"
                    HPOS="608"
                    VPOS="423"
                    WIDTH="1056"
                    HEIGHT="78"
                    WC="0.987429659417335"></String>
          </TextLine>

          
          
          <TextLine ID="eSc_line_41398f7e"
                    TAGREFS="LT4119"
                    BASELINE="608 535 1667 530" 
                    HPOS="606"
                    VPOS="480"
                    WIDTH="1061"
                    HEIGHT="79">
            <Shape><Polygon POINTS="608 535 608 548 657 559 658 559 660 559 682 550 685 548 694 550 748 559 749 559 751 559 777 550 785 548 843 548 846 550 853 557 855 557 856 557 858 557 859 557 861 557 868 550 871 548 938 548 954 551 990 557 991 557 993 557 1012 551 1029 547 1045 551 1064 557 1066 557 1067 557 1119 551 1142 550 1148 553 1161 557 1163 557 1164 557 1225 553 1314 545 1360 545 1378 553 1384 556 1386 556 1387 557 1597 557 1597 556 1598 556 1600 556 1601 554 1612 547 1622 554 1622 556 1624 556 1625 556 1627 556 1667 554 1667 530 1662 480 1604 490 1473 483 1472 483 1470 483 1441 490 1399 481 1398 481 1396 481 1377 492 1308 493 1070 493 1054 483 1052 483 1051 483 1049 483 1048 483 1029 492 984 483 983 483 981 483 980 483 971 492 950 484 948 484 947 484 945 484 926 495 826 495 803 484 801 484 800 484 755 492 746 484 745 484 743 484 606 484 608 535"/></Shape>
	    <String CONTENT="nus Dei verbum &amp; Legem vtilem eſle, quatenus"
                    HPOS="606"
                    VPOS="480"
                    WIDTH="1061"
                    HEIGHT="79"
                    WC="0.991531651128422"></String>
          </TextLine>

          
          
          <TextLine ID="eSc_line_23e0c58a"
                    TAGREFS="LT4119"
                    BASELINE="609 593 1662 590" 
                    HPOS="608"
                    VPOS="542"
                    WIDTH="1054"
                    HEIGHT="72">
            <Shape><Polygon POINTS="609 593 609 608 945 614 947 614 948 614 950 614 954 609 960 606 1082 606 1112 611 1133 614 1134 614 1136 614 1145 611 1163 605 1189 611 1198 612 1200 612 1201 612 1206 611 1222 605 1240 611 1243 612 1244 612 1246 612 1279 611 1429 605 1438 612 1439 612 1441 612 1442 612 1454 612 1542 606 1659 612 1662 590 1658 548 1393 553 1384 550 1365 542 1363 542 1298 542 1296 542 1295 542 1271 550 1268 551 1265 550 1244 542 1243 542 1241 542 1192 551 1179 554 991 554 962 553 837 544 835 544 783 554 780 554 777 554 739 544 737 544 682 544 681 544 679 544 678 544 666 553 643 544 642 544 641 544 639 544 608 554 609 593"/></Shape>
	    <String CONTENT="tantùm eſt liber continens doctrinam morum,"
                    HPOS="608"
                    VPOS="542"
                    WIDTH="1054"
                    HEIGHT="72"
                    WC="0.97038197517395"></String>
          </TextLine>

          
          
          <TextLine ID="eSc_line_264efabe"
                    TAGREFS="LT4119"
                    BASELINE="611 652 1549 648" 
                    HPOS="609"
                    VPOS="600"
                    WIDTH="940"
                    HEIGHT="75">
            <Shape><Polygon POINTS="611 652 611 666 630 675 632 675 633 675 635 675 636 675 636 673 643 666 645 666 768 666 777 667 807 675 809 675 810 675 812 675 826 667 831 666 840 667 874 675 875 675 877 675 898 667 907 666 947 669 1020 673 1021 673 1042 669 1063 664 1076 669 1087 673 1088 673 1090 675 1170 675 1170 673 1171 673 1185 670 1206 664 1234 670 1244 672 1246 672 1247 672 1252 670 1268 663 1286 670 1289 672 1290 672 1292 672 1313 670 1393 664 1491 672 1499 672 1500 672 1502 672 1503 672 1518 663 1545 672 1549 648 1546 614 1458 614 1444 600 1442 600 1441 600 1439 600 1371 611 1282 600 1280 600 1165 612 1057 602 1055 602 1054 602 1032 614 1030 614 1021 614 960 606 959 606 911 614 898 615 895 614 884 605 884 603 883 603 881 603 880 603 823 614 812 615 807 614 789 603 788 603 786 603 700 612 635 603 633 603 632 603 609 612 611 652"/></Shape>
	    <String CONTENT="contra quem variè diſputauit Auguſtinus."
                    HPOS="609"
                    VPOS="600"
                    WIDTH="940"
                    HEIGHT="75"
                    WC="0.955188113014872"></String>
          </TextLine>

          
          
          <TextLine ID="eSc_line_e1085e65"
                    TAGREFS="LT4119"
                    BASELINE="615 704 1665 709" 
                    HPOS="614"
                    VPOS="657"
                    WIDTH="1051"
                    HEIGHT="79">
            <Shape><Polygon POINTS="615 704 614 719 712 733 713 734 813 734 813 733 815 733 847 722 878 733 880 733 881 733 883 733 904 725 969 733 971 733 1063 725 1090 734 1091 734 1093 734 1160 725 1171 733 1173 733 1174 733 1176 733 1177 733 1179 733 1188 724 1209 731 1210 731 1212 731 1213 731 1228 724 1274 734 1276 734 1277 734 1302 725 1316 736 1317 736 1319 736 1320 736 1362 728 1414 736 1415 736 1470 725 1524 736 1525 736 1573 725 1585 734 1586 734 1588 734 1589 734 1664 724 1665 709 1665 675 1624 660 1622 660 1621 660 1515 672 1451 660 1450 660 1448 660 1418 673 1417 673 1411 673 1316 663 1314 663 1279 669 1258 658 1256 658 1171 658 1170 658 1168 658 1167 658 1154 670 1113 672 1103 672 1102 672 1085 660 1084 660 1082 660 1081 660 1079 660 1051 672 1049 672 1045 672 1005 664 1003 664 950 669 941 661 939 661 938 661 936 661 868 670 867 670 834 657 832 657 831 657 829 657 798 670 797 672 761 672 759 670 742 658 740 658 739 658 737 658 615 669 615 704"/></Shape>
	    <String CONTENT="Exlegibus autem hominibus eſſe poſitam Le¬"
                    HPOS="614"
                    VPOS="657"
                    WIDTH="1051"
                    HEIGHT="79"
                    WC="0.988165622665769"></String>
          </TextLine>

          
          
          <TextLine ID="eSc_line_b3870502"
                    TAGREFS="LT4119"
                    BASELINE="611 771 1664 767" 
                    HPOS="609"
                    VPOS="718"
                    WIDTH="1055"
                    HEIGHT="79">
            <Shape><Polygon POINTS="611 771 611 797 646 797 646 795 648 795 649 795 660 786 697 795 700 795 701 795 715 795 838 785 1051 785 1072 791 1075 792 1076 792 1078 792 1088 791 1133 785 1142 791 1145 794 1146 794 1148 794 1149 794 1151 794 1157 791 1168 785 1192 791 1210 794 1212 794 1235 789 1265 785 1307 789 1341 792 1342 792 1664 785 1664 767 1661 731 1560 719 1558 719 1557 719 1536 730 1481 730 1467 730 1467 728 1456 719 1456 718 1454 718 1453 718 1451 718 1450 718 1420 728 1415 730 1398 728 1329 721 1328 721 1326 721 1311 728 1304 731 1271 727 1209 719 1207 719 1161 727 1128 731 1112 725 1106 724 1105 724 1103 724 1085 725 1041 731 1023 725 1008 719 1006 719 1005 719 932 721 931 721 923 724 913 730 859 724 829 721 828 721 826 721 825 721 822 724 806 733 609 722 611 771"/></Shape>
	    <String CONTENT="gem poteſt videri mirum, ſed verum eſt, quia vt"
                    HPOS="609"
                    VPOS="718"
                    WIDTH="1055"
                    HEIGHT="79"
                    WC="0.989515190428876"></String>
          </TextLine>

          
          
          <TextLine ID="eSc_line_1816aab5"
                    TAGREFS="LT4119"
                    BASELINE="612 826 1659 829" 
                    HPOS="612"
                    VPOS="779"
                    WIDTH="1047"
                    HEIGHT="71">
            <Shape><Polygon POINTS="612 826 612 847 1088 841 1097 849 1099 849 1100 849 1102 849 1107 849 1598 843 1656 850 1659 829 1659 792 1631 780 1630 780 1628 780 1530 789 1506 780 1505 780 1503 780 1445 788 1383 780 1381 780 1380 780 1354 791 1353 792 1256 792 1255 791 1244 782 1244 780 1243 780 1241 780 1240 780 1154 788 1125 779 1124 779 1122 779 1017 789 1015 791 890 791 889 789 864 779 862 779 861 779 797 789 791 791 699 791 697 789 682 782 681 782 679 782 612 788 612 826"/></Shape>
	    <String CONTENT="coerceret hominum rebellionem poſita Lex eſt,"
                    HPOS="612"
                    VPOS="779"
                    WIDTH="1047"
                    HEIGHT="71"
                    WC="0.997008873356713"></String>
          </TextLine>

          
          
          <TextLine ID="eSc_line_48fd7b93"
                    TAGREFS="LT4119"
                    BASELINE="611 889 1564 883" 
                    HPOS="609"
                    VPOS="835"
                    WIDTH="955"
                    HEIGHT="79">
            <Shape><Polygon POINTS="611 889 611 904 655 913 657 913 658 913 660 913 670 904 672 902 727 902 730 904 743 913 745 913 746 913 748 914 791 914 791 913 792 913 812 902 815 901 865 901 875 902 917 911 919 911 920 911 922 911 933 902 936 901 965 901 974 902 1038 911 1039 911 1041 911 1042 911 1042 910 1052 901 1054 901 1069 901 1258 908 1259 908 1356 898 1368 898 1369 898 1378 907 1378 908 1380 908 1381 908 1383 908 1429 901 1438 908 1439 908 1441 908 1442 910 1508 910 1508 908 1563 896 1564 883 1560 843 1519 847 1506 843 1496 838 1494 838 1493 838 1491 838 1476 843 1457 847 1429 843 1396 837 1395 837 1393 837 1375 843 1359 849 1249 849 1238 843 1235 840 1234 840 1232 840 1231 840 1229 840 1228 840 1228 841 1225 843 1222 847 1210 843 1206 841 1204 841 1203 841 1201 841 1200 841 1200 843 1198 843 1192 850 1143 850 1131 843 1119 835 1118 835 1116 835 1115 835 1061 843 1018 849 1003 843 989 837 987 837 986 837 890 838 889 838 880 843 865 852 834 852 822 843 816 838 815 838 813 838 812 838 609 843 611 889"/></Shape>
	    <String CONTENT="&amp; exlegibus poſita eſt, ne mancant exleges."
                    HPOS="609"
                    VPOS="835"
                    WIDTH="955"
                    HEIGHT="79"
                    WC="0.974524478579676"></String>
          </TextLine>

          
          
          <TextLine ID="eSc_line_b78a919d"
                    TAGREFS="LT4119"
                    BASELINE="651 944 1661 944" 
                    HPOS="651"
                    VPOS="896"
                    WIDTH="1010"
                    HEIGHT="66">
            <Shape><Polygon POINTS="651 944 651 962 1661 962 1661 944 1661 901 1603 896 1601 896 1600 896 1598 896 1592 901 1583 905 1549 901 1511 896 1509 896 1508 896 1497 902 1484 910 1350 910 1340 904 1329 896 1328 896 1326 896 1325 896 1323 896 1310 904 1305 907 1301 904 1290 896 1289 896 1287 896 1235 896 1234 896 1232 896 1231 896 1221 904 1213 910 1177 910 1168 905 1149 896 1148 896 1146 896 1145 896 1143 896 1130 905 1124 908 1110 905 1076 896 1075 896 1073 896 1021 904 960 896 959 896 908 907 899 908 892 907 832 896 831 896 829 896 828 896 810 908 807 910 757 910 757 908 742 896 740 896 739 896 682 896 681 896 679 896 651 908 651 944"/></Shape>
	    <String CONTENT="Hîc autem deſcribuntur gradus nequitiæ: &amp;"
                    HPOS="651"
                    VPOS="896"
                    WIDTH="1010"
                    HEIGHT="66"
                    WC="0.986741487468992"></String>
          </TextLine>

          
          
          <TextLine ID="eSc_line_6476cac7"
                    TAGREFS="LT4119"
                    BASELINE="608 1005 1664 1002" 
                    HPOS="606"
                    VPOS="951"
                    WIDTH="1058"
                    HEIGHT="76">
            <Shape><Polygon POINTS="608 1005 608 1027 722 1017 1032 1026 1033 1026 1035 1026 1036 1026 1049 1017 1112 1024 1113 1024 1226 1015 1246 1024 1247 1024 1249 1024 1250 1024 1277 1017 1378 1023 1380 1023 1381 1023 1400 1015 1435 1023 1436 1023 1469 1017 1479 1024 1481 1024 1482 1024 1484 1026 1662 1026 1664 1002 1662 962 1641 951 1640 951 1638 951 1580 960 1390 951 1389 951 1329 959 1317 960 1308 959 1271 951 1270 951 1268 951 1240 959 1232 960 1229 959 1221 951 1219 951 1218 951 1140 951 1139 951 1137 951 1136 951 1128 957 1122 962 1099 957 1070 953 1069 953 1018 957 953 962 606 954 608 1005"/></Shape>
	    <String CONTENT="primùm fontes ipſi duo, R. bellio, &amp; Cõtumacia"
                    HPOS="606"
                    VPOS="951"
                    WIDTH="1058"
                    HEIGHT="76"
                    WC="0.985626539836327"></String>
          </TextLine>

          
          
          <TextLine ID="eSc_line_e43d46f1"
                    TAGREFS="LT4119"
                    BASELINE="609 1064 1662 1060" 
                    HPOS="608"
                    VPOS="1011"
                    WIDTH="1054"
                    HEIGHT="76">
            <Shape><Polygon POINTS="609 1064 609 1087 652 1078 721 1085 722 1087 837 1087 837 1085 838 1085 858 1078 941 1085 942 1085 944 1085 991 1076 1283 1084 1286 1084 1287 1084 1289 1084 1319 1075 1384 1082 1386 1082 1631 1075 1658 1082 1662 1060 1659 1024 1555 1012 1554 1012 1514 1020 1496 1011 1494 1011 1493 1011 1430 1023 1384 1011 1383 1011 1381 1011 1380 1011 1354 1021 1320 1012 1319 1012 1317 1012 1316 1012 1314 1012 1314 1014 1304 1023 1271 1012 1270 1012 1094 1012 1093 1012 1035 1024 1018 1014 1017 1014 1015 1014 1014 1014 984 1020 962 1012 960 1012 959 1012 865 1027 707 1027 663 1014 661 1014 660 1014 658 1014 608 1027 609 1064"/></Shape>
	    <String CONTENT="in Legem, ex quibus riuuli iſti fluunt, duo ſcilicet,"
                    HPOS="608"
                    VPOS="1011"
                    WIDTH="1054"
                    HEIGHT="76"
                    WC="0.990715265274048"></String>
          </TextLine>

          
          
          <TextLine ID="eSc_line_a5db93f9"
                    TAGREFS="LT4119"
                    BASELINE="611 1122 1664 1118" 
                    HPOS="609"
                    VPOS="1078"
                    WIDTH="1055"
                    HEIGHT="62">
            <Shape><Polygon POINTS="611 1122 611 1140 1662 1133 1664 1118 1661 1079 609 1078 611 1122"/></Shape>
	    <String CONTENT="Impietas ad primam tabulam, &amp; Peccatum, id eſt"
                    HPOS="609"
                    VPOS="1078"
                    WIDTH="1055"
                    HEIGHT="62"
                    WC="0.97306248675222"></String>
          </TextLine>

          
          
          <TextLine ID="eSc_line_e72ed673"
                    TAGREFS="LT4119"
                    BASELINE="611 1182 1661 1177" 
                    HPOS="609"
                    VPOS="1130"
                    WIDTH="1052"
                    HEIGHT="68">
            <Shape><Polygon POINTS="611 1182 611 1198 1659 1195 1661 1177 1658 1139 1591 1130 1589 1130 1548 1139 1543 1140 1395 1140 1395 1139 1383 1130 1381 1130 1380 1130 1317 1130 1316 1130 1273 1140 1267 1140 1261 1140 1203 1131 1201 1131 1143 1140 1140 1140 1128 1133 1127 1133 1125 1133 1124 1133 1122 1133 1109 1139 1032 1131 1030 1131 1029 1131 999 1140 965 1131 963 1131 962 1131 960 1131 959 1131 944 1142 942 1142 926 1133 925 1133 923 1133 922 1133 899 1142 896 1143 782 1143 780 1142 767 1133 765 1133 764 1133 762 1133 696 1140 663 1133 661 1133 660 1133 609 1142 611 1182"/></Shape>
	    <String CONTENT="offenſio proximi ad ſecundam tabulam pertinẽs."
                    HPOS="609"
                    VPOS="1130"
                    WIDTH="1052"
                    HEIGHT="68"
                    WC="0.987951340827536"></String>
          </TextLine>

          
          
          <TextLine ID="eSc_line_f4120875"
                    TAGREFS="LT4119"
                    BASELINE="612 1240 1661 1232" 
                    HPOS="611"
                    VPOS="1186"
                    WIDTH="1050"
                    HEIGHT="79">
            <Shape><Polygon POINTS="612 1240 612 1255 807 1265 809 1265 810 1265 832 1253 834 1253 875 1253 877 1253 901 1264 902 1264 904 1264 971 1256 1029 1264 1030 1264 1112 1256 1167 1262 1168 1262 1170 1262 1171 1262 1171 1261 1183 1252 1207 1258 1209 1258 1210 1258 1241 1250 1247 1250 1384 1250 1408 1259 1409 1259 1411 1259 1412 1259 1441 1250 1463 1259 1464 1259 1466 1259 1531 1250 1583 1259 1585 1259 1659 1247 1661 1232 1658 1197 1558 1186 1557 1186 1555 1186 1533 1197 1531 1197 1448 1197 1438 1197 1383 1189 1381 1189 1268 1197 1247 1197 1237 1197 1185 1189 1183 1189 1182 1189 1163 1197 1155 1198 1146 1197 1127 1191 1125 1191 928 1191 926 1191 870 1197 813 1201 611 1197 612 1240"/></Shape>
	    <String CONTENT="Hæ res paruæ primum, poſtea creſcunt, &amp; diſſo¬"
                    HPOS="611"
                    VPOS="1186"
                    WIDTH="1050"
                    HEIGHT="79"
                    WC="0.997370520363683"></String>
          </TextLine>

          
          
          <TextLine ID="eSc_line_df076933"
                    TAGREFS="LT4119"
                    BASELINE="609 1298 1655 1293" 
                    HPOS="608"
                    VPOS="1247"
                    WIDTH="1047"
                    HEIGHT="75">
            <Shape><Polygon POINTS="609 1298 609 1313 696 1320 697 1320 776 1314 817 1311 825 1314 837 1320 838 1320 840 1322 944 1322 944 1320 945 1320 959 1314 972 1310 991 1316 1000 1317 1002 1317 1003 1317 1005 1317 1009 1316 1020 1310 1044 1316 1054 1317 1055 1317 1078 1316 1128 1310 1136 1316 1139 1319 1140 1319 1142 1319 1143 1320 1219 1320 1219 1319 1221 1319 1226 1316 1240 1310 1299 1316 1314 1317 1316 1317 1347 1316 1499 1310 1591 1317 1597 1317 1598 1317 1600 1317 1627 1310 1650 1317 1655 1293 1652 1256 1356 1247 1354 1247 1353 1247 1351 1247 1341 1255 1284 1249 1283 1249 1241 1256 1231 1258 1224 1256 1197 1249 1195 1249 1194 1249 1161 1256 1152 1258 1130 1256 1058 1250 1057 1250 1055 1250 1039 1256 1036 1258 1032 1256 1012 1249 1011 1249 1009 1249 1008 1249 978 1256 959 1249 957 1249 956 1249 954 1249 953 1249 942 1256 939 1259 923 1256 895 1252 893 1252 871 1256 859 1259 850 1256 831 1250 829 1250 828 1250 826 1250 809 1256 801 1261 712 1261 706 1256 693 1250 691 1250 690 1250 608 1256 609 1298"/></Shape>
	    <String CONTENT="lutiores fiunt, adeò vt tandem euadant homines,"
                    HPOS="608"
                    VPOS="1247"
                    WIDTH="1047"
                    HEIGHT="75"
                    WC="0.998414549976587"></String>
          </TextLine>

          
          
          <TextLine ID="eSc_line_44ac8a20"
                    TAGREFS="LT4119"
                    BASELINE="614 1359 1661 1353" 
                    HPOS="612"
                    VPOS="1305"
                    WIDTH="1049"
                    HEIGHT="76">
            <Shape><Polygon POINTS="614 1359 614 1377 1387 1381 1389 1381 1390 1381 1392 1381 1392 1380 1400 1372 1405 1372 1585 1380 1586 1380 1661 1369 1661 1353 1658 1317 1421 1308 1420 1308 1418 1308 1398 1314 1389 1317 1384 1314 1374 1308 1372 1308 1371 1308 1369 1308 1368 1308 1354 1314 1347 1319 1271 1319 1258 1314 1229 1305 1228 1305 1226 1305 1192 1313 1182 1316 1168 1313 1139 1305 1137 1305 1136 1305 1069 1313 1060 1313 1049 1313 999 1307 997 1307 996 1307 994 1307 987 1311 977 1319 922 1311 886 1307 884 1307 883 1307 874 1311 855 1320 843 1311 840 1308 838 1308 837 1308 835 1308 834 1308 829 1311 816 1317 792 1310 783 1308 782 1308 780 1308 767 1310 736 1316 727 1310 725 1308 724 1308 722 1308 721 1308 703 1310 648 1316 612 1310 614 1359"/></Shape>
	    <String CONTENT="Nefarij, id eſt, publicè &amp; nullo pudore peccan¬"
                    HPOS="612"
                    VPOS="1305"
                    WIDTH="1049"
                    HEIGHT="76"
                    WC="0.993010330945253"></String>
          </TextLine>

          
          
          <TextLine ID="eSc_line_f504e5a2"
                    TAGREFS="LT4119"
                    BASELINE="611 1417 1658 1409" 
                    HPOS="609"
                    VPOS="1365"
                    WIDTH="1049"
                    HEIGHT="77">
            <Shape><Polygon POINTS="611 1417 611 1433 779 1442 780 1442 782 1442 813 1433 819 1432 825 1433 849 1441 850 1441 852 1442 962 1442 962 1441 1015 1432 1032 1430 1154 1430 1158 1432 1179 1439 1180 1439 1182 1439 1183 1439 1201 1432 1203 1430 1203 1432 1212 1439 1213 1439 1215 1439 1216 1439 1348 1438 1350 1438 1351 1438 1359 1430 1362 1429 1378 1430 1433 1438 1435 1438 1436 1438 1463 1430 1466 1430 1658 1430 1658 1409 1655 1374 1412 1365 1411 1365 1409 1365 1378 1375 1195 1375 1179 1368 1177 1368 1061 1366 1060 1366 978 1377 913 1368 911 1368 910 1368 886 1377 837 1368 835 1368 834 1368 832 1368 816 1378 786 1369 785 1369 697 1369 696 1369 609 1380 611 1417"/></Shape>
	    <String CONTENT="tes, &amp; Profani. Inde infinita genera vitiorum na¬"
                    HPOS="609"
                    VPOS="1365"
                    WIDTH="1049"
                    HEIGHT="77"
                    WC="0.988817744109095"></String>
          </TextLine>

          
          
          <TextLine ID="eSc_line_a9d406e5"
                    TAGREFS="LT4119"
                    BASELINE="608 1475 1653 1470" 
                    HPOS="606"
                    VPOS="1423"
                    WIDTH="1047"
                    HEIGHT="76">
            <Shape><Polygon POINTS="608 1475 608 1491 895 1499 896 1499 898 1499 899 1499 910 1491 1131 1497 1133 1497 1134 1497 1161 1490 1170 1497 1171 1497 1173 1497 1174 1499 1252 1499 1252 1497 1253 1497 1255 1497 1267 1490 1296 1497 1298 1497 1299 1497 1301 1497 1319 1488 1320 1488 1322 1488 1347 1496 1348 1496 1350 1496 1383 1488 1386 1488 1405 1488 1627 1496 1628 1496 1630 1496 1653 1487 1653 1470 1650 1432 1607 1423 1606 1423 1527 1430 1502 1423 1500 1423 1499 1423 1497 1423 1496 1423 1487 1432 1485 1432 1473 1432 1353 1423 1351 1423 1350 1423 1348 1423 1340 1432 1338 1433 1241 1435 1134 1435 1131 1432 1122 1424 1121 1424 1119 1424 1118 1424 1116 1424 1085 1432 1078 1433 1048 1432 966 1427 965 1427 963 1427 954 1432 947 1436 844 1436 829 1432 795 1426 794 1426 792 1426 767 1432 757 1435 754 1432 746 1426 745 1426 743 1426 742 1426 740 1426 739 1426 728 1432 724 1435 715 1432 691 1426 690 1426 688 1426 687 1426 673 1433 669 1435 663 1433 642 1426 641 1426 639 1426 606 1432 608 1475"/></Shape>
	    <String CONTENT="ſcuntur, quæ reuocat ad tria genera, Vim Libidi"
                    HPOS="606"
                    VPOS="1423"
                    WIDTH="1047"
                    HEIGHT="76"
                    WC="0.980766032604461"></String>
          </TextLine>

          
          
          <TextLine ID="eSc_line_d90648e2"
                    TAGREFS="LT4119"
                    BASELINE="608 1534 1653 1530" 
                    HPOS="606"
                    VPOS="1487"
                    WIDTH="1047"
                    HEIGHT="62">
            <Shape><Polygon POINTS="608 1534 608 1549 1652 1548 1653 1530 1649 1487 606 1493 608 1534"/></Shape>
	    <String CONTENT="nem, Fraudes ſiue furando ſiue mentiendo fiant."
                    HPOS="606"
                    VPOS="1487"
                    WIDTH="1047"
                    HEIGHT="62"
                    WC="0.986897098257187"></String>
          </TextLine>

          
          
          <TextLine ID="eSc_line_c17c90fe"
                    TAGREFS="LT4119"
                    BASELINE="606 1594 1656 1589" 
                    HPOS="605"
                    VPOS="1548"
                    WIDTH="1051"
                    HEIGHT="71">
            <Shape><Polygon POINTS="606 1594 606 1610 779 1610 792 1612 834 1619 835 1619 837 1619 850 1612 855 1610 861 1612 880 1619 881 1619 883 1619 928 1613 939 1612 957 1613 1011 1618 1012 1618 1014 1618 1015 1618 1020 1613 1026 1609 1048 1613 1072 1618 1073 1618 1094 1613 1118 1609 1125 1613 1128 1616 1130 1616 1131 1616 1258 1618 1259 1618 1261 1618 1271 1615 1290 1609 1345 1615 1359 1616 1360 1616 1362 1616 1365 1615 1380 1607 1403 1616 1406 1616 1408 1616 1409 1616 1411 1616 1412 1616 1429 1609 1445 1616 1447 1616 1448 1616 1450 1616 1460 1616 1542 1609 1653 1616 1656 1589 1653 1549 605 1548 606 1594"/></Shape>
	    <String CONTENT="Decimum verſiculum explicuimus in Ethicis"
                    HPOS="605"
                    VPOS="1548"
                    WIDTH="1051"
                    HEIGHT="71"
                    WC="0.982760850976153"></String>
          </TextLine>

          
          
          <TextLine ID="eSc_line_2c51ff42"
                    TAGREFS="LT4119"
                    BASELINE="606 1653 800 1649" 
                    HPOS="605"
                    VPOS="1598"
                    WIDTH="195"
                    HEIGHT="79">
            <Shape><Polygon POINTS="606 1653 606 1670 669 1677 670 1677 800 1659 800 1649 797 1613 757 1613 755 1610 742 1600 740 1600 739 1600 675 1598 673 1598 672 1598 652 1607 642 1612 605 1606 606 1653"/></Shape>
	    <String CONTENT="noſtris."
                    HPOS="605"
                    VPOS="1598"
                    WIDTH="195"
                    HEIGHT="79"
                    WC="0.997547380626202"></String>
          </TextLine>

          
          
          <TextLine ID="eSc_line_7e0172c1"
                    TAGREFS="LT4117"
                    BASELINE="679 1777 1659 1772" 
                    HPOS="678"
                    VPOS="1713"
                    WIDTH="981"
                    HEIGHT="92">
            <Shape><Polygon POINTS="679 1798 801 1790 817 1796 840 1805 841 1805 843 1805 960 1798 1030 1804 1032 1804 1093 1793 1116 1789 1136 1792 1185 1801 1186 1801 1188 1801 1212 1793 1317 1804 1319 1804 1320 1804 1368 1789 1371 1789 1372 1789 1435 1802 1436 1802 1438 1802 1490 1789 1511 1796 1512 1796 1514 1796 1591 1789 1609 1796 1610 1796 1612 1796 1659 1784 1659 1772 1656 1725 1598 1725 1586 1714 1586 1713 1585 1713 1583 1713 1582 1713 1484 1723 1458 1713 1457 1713 1406 1713 1405 1713 1329 1725 1170 1725 1139 1714 1137 1714 1136 1714 1134 1714 1113 1725 933 1716 932 1716 931 1716 890 1726 780 1716 779 1716 678 1728 679 1777"/></Shape>
	    <String CONTENT="11 Quæ eſt, ſecundum glorioſum Euã¬"
                    HPOS="678"
                    VPOS="1713"
                    WIDTH="981"
                    HEIGHT="92"
                    WC="0.979355964395735"></String>
          </TextLine>

          
          
          <TextLine ID="eSc_line_3603c80d"
                    TAGREFS="LT4117"
                    BASELINE="605 1844 1656 1841" 
                    HPOS="603"
                    VPOS="1787"
                    WIDTH="1053"
                    HEIGHT="100">
            <Shape><Polygon POINTS="605 1887 654 1885 655 1885 706 1862 804 1862 837 1878 838 1878 840 1878 841 1878 856 1870 889 1882 901 1885 902 1885 904 1887 1082 1887 1082 1885 1084 1885 1103 1878 1145 1860 1198 1872 1200 1872 1270 1860 1298 1873 1308 1878 1310 1878 1311 1878 1313 1878 1325 1873 1357 1860 1454 1860 1469 1870 1488 1884 1490 1884 1491 1884 1493 1884 1494 1884 1496 1884 1514 1869 1524 1860 1540 1869 1570 1884 1572 1884 1573 1885 1613 1885 1613 1884 1615 1884 1656 1866 1656 1841 1652 1787 1570 1799 1528 1790 1527 1790 1525 1790 1493 1808 1396 1808 1345 1792 1344 1792 1342 1792 1341 1792 1340 1792 1338 1792 1317 1808 1225 1808 1182 1795 1161 1789 1160 1789 1158 1789 1121 1795 1051 1809 965 1809 942 1798 925 1790 923 1790 922 1790 920 1790 887 1799 865 1805 855 1799 840 1790 838 1790 837 1790 792 1790 791 1790 789 1790 788 1790 773 1801 764 1808 745 1802 710 1790 709 1790 623 1790 621 1790 620 1790 618 1790 603 1799 605 1844"/></Shape>
	    <String CONTENT="gelium beati Dei, quod concreditum eſt mihi"
                    HPOS="603"
                    VPOS="1787"
                    WIDTH="1053"
                    HEIGHT="100"
                    WC="0.982475786708122"></String>
          </TextLine>

          
          
          <TextLine ID="eSc_line_92a1607d"
                    TAGREFS="LT4119"
                    BASELINE="635 1940 1656 1937" 
                    HPOS="633"
                    VPOS="1888"
                    WIDTH="1023"
                    HEIGHT="67">
            <Shape><Polygon POINTS="635 1940 635 1955 1655 1952 1656 1937 1655 1899 1637 1891 1635 1891 1634 1891 1570 1899 1566 1899 1564 1899 1545 1890 1543 1890 1542 1890 1458 1899 1430 1888 1429 1888 1427 1888 1426 1888 1424 1888 1409 1900 1218 1900 1204 1888 1203 1888 1201 1888 1171 1888 1170 1888 1168 1888 1131 1897 1030 1890 1029 1890 1027 1890 1026 1890 1026 1891 1014 1900 957 1890 956 1890 895 1897 875 1890 874 1890 761 1890 759 1890 758 1890 716 1900 704 1890 703 1890 701 1890 658 1890 657 1890 655 1890 633 1900 635 1940"/></Shape>
	    <String CONTENT="Denique eaſdem quæſtiones inutiles docet"
                    HPOS="633"
                    VPOS="1888"
                    WIDTH="1023"
                    HEIGHT="67"
                    WC="0.986426149308681"></String>
          </TextLine>

          
          
          <TextLine ID="eSc_line_1a685a38"
                    TAGREFS="LT4119"
                    BASELINE="602 2000 1656 2000" 
                    HPOS="602"
                    VPOS="1951"
                    WIDTH="1054"
                    HEIGHT="71">
            <Shape><Polygon POINTS="602 2000 602 2022 820 2022 820 2021 828 2019 856 2013 880 2019 893 2022 895 2022 896 2022 931 2019 977 2013 984 2018 989 2022 990 2022 991 2022 993 2022 1021 2018 1042 2015 1119 2018 1271 2022 1273 2022 1347 2015 1372 2013 1396 2015 1488 2022 1490 2022 1491 2022 1512 2013 1514 2013 1519 2013 1577 2022 1579 2022 1656 2012 1656 2000 1656 1963 1610 1963 1594 1951 1592 1951 1591 1951 1589 1951 1458 1961 1438 1951 1436 1951 1435 1951 1299 1961 1277 1951 1276 1951 1274 1951 1273 1951 1240 1961 1155 1952 1154 1952 1152 1952 1127 1963 1035 1963 957 1951 956 1951 954 1951 953 1951 936 1961 916 1951 914 1951 913 1951 911 1951 883 1963 803 1963 792 1952 791 1952 789 1952 672 1951 670 1951 669 1951 667 1951 654 1961 602 1961 602 2000"/></Shape>
	    <String CONTENT="contrarias eſſe Euangelio ipſi. Commendat"
                    HPOS="602"
                    VPOS="1951"
                    WIDTH="1054"
                    HEIGHT="71"
                    WC="0.988143314675587"></String>
          </TextLine>

          
          
          <TextLine ID="eSc_line_e424d521"
                    TAGREFS="LT4119"
                    BASELINE="596 2058 1649 2053" 
                    HPOS="594"
                    VPOS="2009"
                    WIDTH="1055"
                    HEIGHT="68">
            <Shape><Polygon POINTS="596 2058 596 2077 1647 2074 1649 2053 1644 2018 1560 2021 1552 2016 1542 2009 1540 2009 1539 2009 1411 2009 1409 2009 1408 2009 1389 2016 1377 2022 1322 2022 1313 2016 1298 2009 1296 2009 1295 2009 1293 2009 1267 2016 1244 2022 1192 2016 1151 2012 1149 2012 1148 2012 1134 2016 1116 2024 996 2024 987 2016 981 2010 980 2010 978 2010 945 2010 944 2010 892 2016 823 2024 809 2016 800 2012 798 2012 736 2012 734 2012 712 2016 673 2024 657 2016 648 2012 646 2012 645 2012 594 2015 596 2058"/></Shape>
	    <String CONTENT="autem Euangelium nomine, Glorioſi à differen¬"
                    HPOS="594"
                    VPOS="2009"
                    WIDTH="1055"
                    HEIGHT="68"
                    WC="0.974701509527538"></String>
          </TextLine>

          
          
          <TextLine ID="eSc_line_fca890ef"
                    TAGREFS="LT4119"
                    BASELINE="597 2117 1653 2113" 
                    HPOS="596"
                    VPOS="2065"
                    WIDTH="1057"
                    HEIGHT="75">
            <Shape><Polygon POINTS="597 2117 597 2132 920 2140 922 2140 923 2140 945 2132 950 2131 1000 2132 1195 2138 1197 2138 1652 2129 1653 2113 1650 2079 1625 2079 1625 2077 1610 2065 1609 2065 1607 2065 1606 2065 1530 2074 1423 2065 1421 2065 1420 2065 1395 2076 1390 2079 1299 2079 1186 2074 1020 2067 1018 2067 1017 2067 1005 2073 991 2080 782 2080 767 2070 764 2068 762 2068 761 2068 687 2068 685 2068 684 2068 679 2070 652 2080 632 2070 629 2068 627 2068 626 2068 596 2068 597 2117"/></Shape>
	    <String CONTENT="tia ſcilicet quæ noneſt de ſcriptura, ſed de effe¬"
                    HPOS="596"
                    VPOS="2065"
                    WIDTH="1057"
                    HEIGHT="75"
                    WC="0.988554354906082"></String>
          </TextLine>

          
          
          <TextLine ID="eSc_line_ced626ef"
                    TAGREFS="LT4119"
                    BASELINE="593 2177 1652 2174" 
                    HPOS="591"
                    VPOS="2128"
                    WIDTH="1061"
                    HEIGHT="90">
            <Shape><Polygon POINTS="593 2177 593 2210 624 2208 632 2210 654 2218 655 2218 657 2218 658 2218 682 2210 706 2202 770 2202 782 2210 792 2218 794 2218 795 2218 797 2218 844 2210 849 2210 855 2210 951 2218 953 2218 1002 2210 1009 2208 1012 2210 1024 2214 1026 2214 1027 2214 1029 2214 1039 2210 1054 2202 1081 2210 1118 2218 1119 2218 1121 2218 1201 2217 1203 2217 1204 2217 1218 2208 1219 2208 1232 2217 1234 2217 1235 2217 1237 2218 1378 2218 1378 2217 1380 2217 1414 2208 1444 2201 1650 2207 1652 2174 1647 2138 1603 2138 1600 2137 1585 2128 1583 2128 1582 2128 1580 2128 1543 2135 1524 2128 1522 2128 1521 2128 1519 2128 1518 2128 1506 2137 1503 2138 1476 2137 1351 2131 1350 2131 1348 2131 1347 2131 1338 2137 1335 2140 1186 2140 1183 2137 1173 2128 1171 2128 1170 2128 1168 2128 1167 2128 1143 2137 1137 2138 1130 2137 1094 2129 1093 2129 1029 2137 999 2140 993 2137 978 2129 977 2129 975 2129 974 2129 953 2137 942 2140 931 2137 907 2129 905 2129 904 2129 868 2137 865 2137 864 2137 850 2131 849 2131 847 2131 846 2131 844 2131 835 2137 829 2140 816 2137 791 2129 789 2129 752 2129 751 2129 749 2129 748 2129 740 2137 736 2140 724 2137 700 2129 699 2129 697 2129 591 2135 593 2177"/></Shape>
	    <String CONTENT="ctu intelligẽda, Dei ab authore, quem vocat non"
                    HPOS="591"
                    VPOS="2128"
                    WIDTH="1061"
                    HEIGHT="90"
                    WC="0.988398951788743"></String>
          </TextLine>

          
        </TextBlock>
        
        <TextBlock HPOS="1466.9727783203125"
                   VPOS="2204.61572265625"
                   WIDTH="177.177978515625"
                   HEIGHT="47.724609375"
                   ID="block_2"
                   TAGREFS="BT10534">
          <Shape><Polygon POINTS="1466.97 2204.62 1644.15 2204.62 1644.15 2252.34 1466.97 2252.34 1466.97 2204.62"/></Shape>
          
          
          <TextLine ID="eSc_line_9d9ba848"
                    TAGREFS="LT4119"
                    BASELINE="1466 2235 1641 2232" 
                    HPOS="1464"
                    VPOS="2186"
                    WIDTH="177"
                    HEIGHT="84">
            <Shape><Polygon POINTS="1466 2235 1466 2259 1508 2270 1509 2270 1511 2270 1564 2265 1600 2260 1640 2268 1641 2232 1638 2198 1552 2186 1551 2186 1549 2186 1548 2186 1531 2198 1493 2192 1491 2192 1490 2192 1464 2199 1466 2235"/></Shape>
	    <String CONTENT="tantùm"
                    HPOS="1464"
                    VPOS="2186"
                    WIDTH="177"
                    HEIGHT="84"
                    WC="0.999674047742571"></String>
          </TextLine>

          
        </TextBlock>
        

        
      </PrintSpace>
    </Page>
  </Layout>
</alto>
