<?xml version="1.0" encoding="UTF-8"?>
<alto xmlns:xsi="http://www.w3.org/2001/XMLSchema-instance"
      xmlns="http://www.loc.gov/standards/alto/ns-v4#"
      xsi:schemaLocation="http://www.loc.gov/standards/alto/ns-v4# http://www.loc.gov/standards/alto/v4/alto-4-2.xsd">
  <Description>
    <MeasurementUnit>pixel</MeasurementUnit>
    <sourceImageInformation>
      <fileName>2012941.png</fileName>
      
    </sourceImageInformation>
  </Description>
  
  <Tags>
    <OtherTag ID="BT10544" LABEL="text" DESCRIPTION="block type text"/><OtherTag ID="BT10543" LABEL="NumberingZone" DESCRIPTION="block type NumberingZone"/><OtherTag ID="BT10542" LABEL="MainZone" DESCRIPTION="block type MainZone"/><OtherTag ID="BT10538" LABEL="RunningTitleZone" DESCRIPTION="block type RunningTitleZone"/><OtherTag ID="BT10537" LABEL="DropCapitalZone" DESCRIPTION="block type DropCapitalZone"/><OtherTag ID="BT10536" LABEL="GraphicZone" DESCRIPTION="block type GraphicZone"/><OtherTag ID="BT10535" LABEL="TitlePageZone" DESCRIPTION="block type TitlePageZone"/><OtherTag ID="BT10534" LABEL="QuireMarksZone" DESCRIPTION="block type QuireMarksZone"/><OtherTag ID="BT10533" LABEL="MarginTextZone" DESCRIPTION="block type MarginTextZone"/>
    <OtherTag ID="LT4122" LABEL="default" DESCRIPTION="line type default"/><OtherTag ID="LT4119" LABEL="DefaultLine" DESCRIPTION="line type DefaultLine"/><OtherTag ID="LT4118" LABEL="HeadingLine" DESCRIPTION="line type HeadingLine"/><OtherTag ID="LT4117" LABEL="CustomLine : BiblicalText" DESCRIPTION="line type CustomLine : BiblicalText"/>
  </Tags>
  
  <Layout>
    <Page WIDTH="1807"
          HEIGHT="2677"
          PHYSICAL_IMG_NR="57"
          ID="eSc_dummypage_">
      <PrintSpace HPOS="0"
                  VPOS="0"
                  WIDTH="1807"
                  HEIGHT="2677">
        
        <TextBlock HPOS="420.351806640625"
                   VPOS="187.3422088623047"
                   WIDTH="308.28082275390625"
                   HEIGHT="62.46464538574219"
                   ID="block_2"
                   TAGREFS="BT10538">
          <Shape><Polygon POINTS="420.352 187.342 728.633 187.342 728.633 249.807 420.352 249.807 420.352 187.342"/></Shape>
          
          
          <TextLine ID="eSc_line_08cc1494"
                    TAGREFS="LT4119"
                    BASELINE="422 234 724 232" 
                    HPOS="420"
                    VPOS="184"
                    WIDTH="304"
                    HEIGHT="73">
            <Shape><Polygon POINTS="718 197 703 193 691 188 682 199 643 199 624 187 614 187 599 187 584 187 578 187 554 193 536 185 524 185 510 185 495 184 480 184 465 184 450 184 435 188 434 188 420 197 422 234 422 245 464 255 465 257 523 257 523 255 524 255 526 255 538 245 542 245 580 254 581 254 582 254 614 245 623 243 638 245 688 254 690 254 691 254 724 245 724 232 722 199 718 197"/></Shape>
	    <String CONTENT="CAPVT I."
                    HPOS="420"
                    VPOS="184"
                    WIDTH="304"
                    HEIGHT="73"
                    WC="0.996295981109142"></String>
          </TextLine>

          
        </TextBlock>
        
        <TextBlock HPOS="1045.334228515625"
                   VPOS="203.8765869140625"
                   WIDTH="79.93994140625"
                   HEIGHT="54.047943115234375"
                   ID="block_1"
                   TAGREFS="BT10543">
          <Shape><Polygon POINTS="1045.33 203.877 1125.27 203.877 1125.27 257.925 1045.33 257.925 1045.33 203.877"/></Shape>
          
          
          <TextLine ID="eSc_line_db5f0f47"
                    TAGREFS="LT4119"
                    BASELINE="1058 239 1110 237" 
                    HPOS="1057"
                    VPOS="196"
                    WIDTH="53"
                    HEIGHT="70">
            <Shape><Polygon POINTS="1102 202 1087 199 1073 196 1067 196 1057 199 1058 239 1058 258 1109 266 1110 237 1106 202 1102 202"/></Shape>
	    <String CONTENT="29"
                    HPOS="1057"
                    VPOS="196"
                    WIDTH="53"
                    HEIGHT="70"
                    WC="0.999862223863602"></String>
          </TextLine>

          
        </TextBlock>
        
        <TextBlock HPOS="50.443538665771484"
                   VPOS="257.82769775390625"
                   WIDTH="1072.266056060791"
                   HEIGHT="1964.4745483398438"
                   ID="block_0"
                   TAGREFS="BT10542">
          <Shape><Polygon POINTS="50.4435 257.828 1122.71 257.828 1122.71 2222.3 50.4435 2222.3 50.4435 257.828"/></Shape>
          
          
          <TextLine ID="eSc_line_c1f45557"
                    TAGREFS="LT4119"
                    BASELINE="71 301 1128 306" 
                    HPOS="69"
                    VPOS="243"
                    WIDTH="1059"
                    HEIGHT="85">
            <Shape><Polygon POINTS="977 249 962 249 947 249 941 249 936 252 925 260 829 260 819 254 813 254 798 252 783 251 768 248 767 246 697 246 696 246 694 246 693 246 687 252 684 254 682 252 673 245 672 245 670 245 669 245 638 252 621 255 614 252 603 246 602 246 600 246 599 246 587 251 574 257 554 251 541 248 539 248 538 248 536 248 527 251 514 257 498 251 478 245 477 245 475 245 474 245 472 245 465 251 458 257 423 257 400 251 371 243 370 243 368 243 367 243 365 243 355 251 348 255 313 251 303 249 292 251 278 251 272 251 257 255 248 252 248 252 233 252 218 254 203 254 196 255 190 254 188 255 174 255 159 257 144 257 129 258 114 258 99 258 84 260 71 260 71 301 69 315 111 325 113 327 321 327 321 325 322 325 324 325 333 318 336 318 404 325 406 325 478 319 480 319 481 319 492 327 493 327 495 327 496 328 582 328 582 327 584 327 585 327 593 319 594 319 597 319 632 327 633 327 1127 324 1128 306 1125 254 1075 258 1067 252 1060 246 1058 246 1057 246 980 246 977 249"/></Shape>
	    <String CONTENT="beant. Ex hoc loco apparet quàm ſit enorme ſce¬"
                    HPOS="69"
                    VPOS="243"
                    WIDTH="1059"
                    HEIGHT="85"
                    WC="0.981827955693007"></String>
          </TextLine>

          
          
          <TextLine ID="eSc_line_792db127"
                    TAGREFS="LT4119"
                    BASELINE="71 359 1121 364" 
                    HPOS="71"
                    VPOS="313"
                    WIDTH="1050"
                    HEIGHT="75">
            <Shape><Polygon POINTS="71 359 71 380 977 380 986 388 987 388 989 388 990 388 1119 379 1121 364 1119 322 71 313 71 359"/></Shape>
	    <String CONTENT="lus perſequi Chriſti doctrinam &amp; ſeruos, quan¬"
                    HPOS="71"
                    VPOS="313"
                    WIDTH="1050"
                    HEIGHT="75"
                    WC="0.98441073168879"></String>
          </TextLine>

          
          
          <TextLine ID="eSc_line_97ff8bbc"
                    TAGREFS="LT4119"
                    BASELINE="74 420 1116 423" 
                    HPOS="72"
                    VPOS="368"
                    WIDTH="1044"
                    HEIGHT="73">
            <Shape><Polygon POINTS="74 420 72 434 83 441 84 441 86 441 87 441 1115 438 1116 423 1113 374 981 382 956 374 945 371 944 371 942 371 941 371 929 374 907 382 898 374 895 371 893 371 892 371 890 371 629 376 623 376 620 376 461 368 459 368 458 368 456 368 449 374 440 368 438 368 437 368 435 368 434 368 432 368 422 377 419 379 417 377 406 368 404 368 403 368 367 368 365 368 284 379 264 380 258 379 229 368 227 368 226 368 224 368 223 368 223 370 212 379 209 382 121 382 120 379 113 373 111 373 110 373 108 373 74 379 74 420"/></Shape>
	    <String CONTENT="quam homines zeli velo conantur excuſare tam"
                    HPOS="72"
                    VPOS="368"
                    WIDTH="1044"
                    HEIGHT="73"
                    WC="0.981373815373941"></String>
          </TextLine>

          
          
          <TextLine ID="eSc_line_e2cde455"
                    TAGREFS="LT4119"
                    BASELINE="69 478 1119 483" 
                    HPOS="68"
                    VPOS="428"
                    WIDTH="1051"
                    HEIGHT="76">
            <Shape><Polygon POINTS="69 478 68 490 132 492 141 501 142 501 144 501 145 501 147 501 162 493 193 501 194 501 196 501 334 493 496 502 498 502 767 495 788 504 789 504 791 504 862 496 883 504 884 504 886 504 935 496 1100 504 1102 504 1103 504 1118 495 1119 483 1119 443 1081 431 1079 431 820 431 819 431 817 431 816 431 801 440 770 429 768 429 767 429 697 440 696 440 629 432 627 432 588 438 580 431 578 431 577 431 575 431 574 431 572 431 560 438 547 429 545 429 544 429 542 429 541 429 539 429 523 440 519 440 465 431 464 431 425 440 419 440 407 440 301 428 300 428 212 438 206 438 203 438 178 429 176 429 175 429 174 429 154 438 153 438 69 438 69 478"/></Shape>
	    <String CONTENT="impium facinus. Perſequuntur enim Chriſtum"
                    HPOS="68"
                    VPOS="428"
                    WIDTH="1051"
                    HEIGHT="76"
                    WC="0.9761006519908"></String>
          </TextLine>

          
          
          <TextLine ID="eSc_line_3eef860e"
                    TAGREFS="LT4119"
                    BASELINE="71 538 1121 541" 
                    HPOS="71"
                    VPOS="487"
                    WIDTH="1050"
                    HEIGHT="76">
            <Shape><Polygon POINTS="1119 498 645 489 643 489 624 492 596 498 572 492 554 487 553 487 298 487 297 487 295 487 294 487 292 489 282 498 104 498 72 487 71 538 71 559 472 551 499 556 519 560 520 560 691 556 777 553 780 554 795 562 797 562 798 563 887 563 887 562 889 562 905 554 907 553 916 553 984 562 986 562 987 562 989 562 999 553 1000 553 1027 560 1029 560 1030 560 1119 551 1121 541 1119 498"/></Shape>
	    <String CONTENT="ipſum, quo ſcelere nullum eſſe maius poteſt Act."
                    HPOS="71"
                    VPOS="487"
                    WIDTH="1050"
                    HEIGHT="76"
                    WC="0.991280836363634"></String>
          </TextLine>

          
          
          <TextLine ID="eSc_line_a81e0e20"
                    TAGREFS="LT4119"
                    BASELINE="72 597 1118 600" 
                    HPOS="72"
                    VPOS="545"
                    WIDTH="1046"
                    HEIGHT="78">
            <Shape><Polygon POINTS="72 597 72 618 117 612 153 618 165 620 166 620 168 620 172 618 193 611 249 618 272 620 273 620 294 617 342 611 358 617 365 620 367 620 368 620 392 617 429 611 447 617 459 620 461 620 462 620 464 620 465 620 469 615 478 611 508 615 527 618 529 618 548 615 578 611 606 615 649 621 651 621 734 614 758 612 762 614 783 621 785 621 786 623 823 623 823 621 825 621 826 621 837 614 838 612 844 614 898 621 899 621 901 621 928 612 929 612 931 612 947 621 948 621 950 621 1036 612 1093 621 1094 621 1096 621 1116 611 1118 600 1116 554 892 547 890 547 889 547 871 554 859 560 853 554 847 550 847 548 846 548 844 548 843 548 810 554 777 547 776 547 774 547 773 547 771 547 762 556 755 562 736 562 725 556 707 547 706 547 704 547 703 547 701 547 693 556 687 560 672 556 655 550 654 550 652 550 651 550 636 556 626 560 621 556 615 551 615 550 614 550 612 550 611 550 577 556 560 559 554 556 538 548 536 548 535 548 533 548 517 556 513 559 507 556 484 545 483 545 395 545 394 545 392 545 349 557 340 560 230 560 226 557 212 551 211 551 209 551 181 557 175 559 172 557 157 550 156 550 154 550 72 557 72 597"/></Shape>
	    <String CONTENT="9. quanquam ex ijs tamen ipſis alij alijs grauiùs"
                    HPOS="72"
                    VPOS="545"
                    WIDTH="1046"
                    HEIGHT="78"
                    WC="0.992849781513214"></String>
          </TextLine>

          
          
          <TextLine ID="eSc_line_5f2e7634"
                    TAGREFS="LT4119"
                    BASELINE="72 657 1121 657" 
                    HPOS="72"
                    VPOS="608"
                    WIDTH="1049"
                    HEIGHT="70">
            <Shape><Polygon POINTS="72 657 72 678 130 670 266 670 275 676 275 678 276 678 278 678 279 678 295 676 358 670 627 673 941 678 942 678 1005 670 1011 670 1017 670 1073 678 1075 678 1121 669 1121 657 1119 614 618 618 615 615 606 609 606 608 605 608 603 608 362 608 361 608 319 618 316 618 315 618 300 608 298 608 297 608 239 608 237 608 236 608 199 618 190 609 188 609 187 609 185 609 150 617 130 608 129 608 127 608 72 618 72 657"/></Shape>
	    <String CONTENT="peccant:Ii grauius, qui ſcientes veram eſſe eam"
                    HPOS="72"
                    VPOS="608"
                    WIDTH="1049"
                    HEIGHT="70"></String>
          </TextLine>

          
          
          <TextLine ID="eSc_line_4d1a26b7"
                    TAGREFS="LT4119"
                    BASELINE="71 712 1118 718" 
                    HPOS="69"
                    VPOS="661"
                    WIDTH="1049"
                    HEIGHT="72">
            <Shape><Polygon POINTS="69 730 1115 733 1118 718 1116 670 832 664 831 664 783 670 745 675 734 670 725 666 724 666 581 663 580 663 578 663 550 670 538 675 458 675 426 670 349 663 348 663 346 663 345 663 336 670 334 673 249 673 236 670 156 661 154 661 71 670 71 712"/></Shape>
	    <String CONTENT="doctrinam nihilominus inſectantur. Leuiùs autẽ"
                    HPOS="69"
                    VPOS="661"
                    WIDTH="1049"
                    HEIGHT="72"
                    WC="0.976672442009052"></String>
          </TextLine>

          
          
          <TextLine ID="eSc_line_86a952c7"
                    TAGREFS="LT4119"
                    BASELINE="74 773 1121 773" 
                    HPOS="74"
                    VPOS="724"
                    WIDTH="1047"
                    HEIGHT="71">
            <Shape><Polygon POINTS="74 773 74 792 507 786 691 794 737 795 739 795 740 795 743 794 761 786 780 794 782 794 783 795 1121 795 1121 773 1118 724 1070 740 847 740 801 730 800 730 725 739 706 730 693 724 691 724 690 724 688 724 675 730 661 737 606 739 597 731 588 724 587 724 585 724 499 724 498 724 496 724 495 724 484 731 298 724 297 724 295 724 294 724 278 737 275 739 269 737 239 727 237 727 236 727 234 727 233 727 218 737 215 740 179 740 178 739 148 724 147 724 116 724 114 724 113 724 74 739 74 773"/></Shape>
	    <String CONTENT="qui eam eſſe Dei doctrinam ignorant, inter quos"
                    HPOS="74"
                    VPOS="724"
                    WIDTH="1047"
                    HEIGHT="71"
                    WC="0.987848560860817"></String>
          </TextLine>

          
          
          <TextLine ID="eSc_line_dd543e29"
                    TAGREFS="LT4119"
                    BASELINE="71 829 1113 835" 
                    HPOS="69"
                    VPOS="782"
                    WIDTH="1044"
                    HEIGHT="74">
            <Shape><Polygon POINTS="71 829 69 846 377 853 379 853 380 853 397 846 403 844 477 844 480 846 487 853 489 853 490 853 492 853 539 846 548 846 562 846 670 855 672 855 673 855 675 855 688 846 691 846 739 846 742 846 755 855 757 855 758 855 759 855 816 846 822 846 825 846 852 856 853 856 855 856 914 847 1090 855 1091 855 1093 855 1112 846 1113 835 1112 794 1029 794 1026 792 1012 785 1011 785 1009 785 1008 785 993 792 991 792 983 792 935 785 933 785 877 791 853 792 841 789 816 783 815 783 813 783 715 788 666 791 648 788 623 783 621 783 620 783 611 788 605 791 597 788 587 782 585 782 584 782 544 786 517 789 472 786 425 782 423 782 422 782 411 785 397 789 385 785 377 782 376 782 71 782 71 829"/></Shape>
	    <String CONTENT="fuit Paulus. In ſe verò primo dicit patefactam"
                    HPOS="69"
                    VPOS="782"
                    WIDTH="1044"
                    HEIGHT="74"
                    WC="0.995766176822338"></String>
          </TextLine>

          
          
          <TextLine ID="eSc_line_02cd433b"
                    TAGREFS="LT4119"
                    BASELINE="69 889 1121 892" 
                    HPOS="68"
                    VPOS="838"
                    WIDTH="1053"
                    HEIGHT="76">
            <Shape><Polygon POINTS="69 889 68 905 75 911 77 911 78 911 80 911 593 904 605 913 606 913 608 913 609 914 700 914 700 913 701 913 716 905 736 913 737 913 739 913 740 913 758 905 820 913 822 913 868 905 1024 913 1026 913 1027 913 1054 905 1084 913 1085 913 1087 913 1088 913 1119 904 1121 892 1118 840 1052 853 922 840 920 840 859 853 645 844 643 844 596 853 560 838 559 838 557 838 337 838 336 838 334 838 307 853 223 853 206 843 205 843 203 843 202 843 200 843 181 852 165 838 163 838 162 838 160 838 159 838 126 847 117 838 116 838 114 838 69 838 69 889"/></Shape>
	    <String CONTENT="Dei clementiam illam ingentem, quod non eſt"
                    HPOS="68"
                    VPOS="838"
                    WIDTH="1053"
                    HEIGHT="76"
                    WC="0.993398511132529"></String>
          </TextLine>

          
          
          <TextLine ID="eSc_line_5fea188c"
                    TAGREFS="LT4119"
                    BASELINE="75 950 1127 947" 
                    HPOS="74"
                    VPOS="901"
                    WIDTH="1053"
                    HEIGHT="74">
            <Shape><Polygon POINTS="75 950 75 972 185 974 187 974 188 974 190 974 191 972 202 963 224 971 232 974 233 974 234 974 236 974 243 971 260 965 273 971 279 974 281 974 282 975 359 975 359 974 361 974 377 969 404 962 599 962 646 966 703 972 704 974 764 974 764 972 765 972 783 965 791 962 844 965 991 972 993 972 1125 960 1127 947 1124 914 883 901 881 901 880 901 878 901 861 914 691 914 675 902 673 902 672 902 670 902 669 902 636 911 605 901 603 901 602 901 600 901 578 913 560 907 559 907 557 907 556 907 535 914 504 902 502 902 501 902 444 914 416 904 414 904 413 904 411 904 410 904 394 914 361 902 359 902 358 902 356 902 330 914 307 902 306 902 304 902 252 910 205 902 203 902 202 902 200 902 190 910 117 902 116 902 114 902 74 916 75 950"/></Shape>
	    <String CONTENT="accipiendum, ratione temporis. Omnes e¬"
                    HPOS="74"
                    VPOS="901"
                    WIDTH="1053"
                    HEIGHT="74"
                    WC="0.998893850888961"></String>
          </TextLine>

          
          
          <TextLine ID="eSc_line_b4da9aad"
                    TAGREFS="LT4119"
                    BASELINE="71 1008 1118 1006" 
                    HPOS="69"
                    VPOS="959"
                    WIDTH="1049"
                    HEIGHT="67">
            <Shape><Polygon POINTS="71 1008 71 1021 1115 1026 1118 1006 1115 972 1042 959 1041 959 986 962 984 962 983 962 971 971 870 963 868 963 867 963 865 963 855 972 672 972 652 962 651 962 649 962 648 962 629 971 585 959 584 959 413 959 411 959 322 971 303 962 301 962 300 962 229 966 193 959 191 959 190 959 160 968 117 959 116 959 114 959 69 972 71 1008"/></Shape>
	    <String CONTENT="nim ſumus natura filij iræ, &amp; neminem ante Pau¬"
                    HPOS="69"
                    VPOS="959"
                    WIDTH="1049"
                    HEIGHT="67"
                    WC="0.986187824543486"></String>
          </TextLine>

          
          
          <TextLine ID="eSc_line_52175e40"
                    TAGREFS="LT4119"
                    BASELINE="71 1064 1118 1067" 
                    HPOS="69"
                    VPOS="1017"
                    WIDTH="1049"
                    HEIGHT="71">
            <Shape><Polygon POINTS="71 1064 69 1075 229 1087 230 1088 356 1088 356 1087 358 1087 374 1079 469 1085 471 1085 472 1085 492 1079 495 1078 501 1079 538 1085 539 1085 609 1079 618 1079 620 1079 636 1087 638 1087 639 1087 700 1081 712 1079 713 1081 727 1087 728 1087 730 1087 731 1087 733 1087 740 1081 742 1079 902 1079 911 1082 933 1088 935 1088 936 1088 966 1082 980 1079 984 1082 994 1088 996 1088 997 1088 999 1088 1116 1082 1118 1067 1116 1029 913 1029 905 1027 850 1018 849 1018 789 1026 777 1027 764 1026 710 1018 709 1018 663 1026 648 1027 633 1026 587 1017 585 1017 545 1024 539 1026 535 1024 513 1017 511 1017 510 1017 469 1024 461 1026 453 1024 428 1017 426 1017 425 1017 319 1023 275 1026 71 1023 71 1064"/></Shape>
	    <String CONTENT="lum vocauit ad ſe Chriſtus, aut hodie vocat, qui"
                    HPOS="69"
                    VPOS="1017"
                    WIDTH="1049"
                    HEIGHT="71"
                    WC="0.99786996965607"></String>
          </TextLine>

          
          
          <TextLine ID="eSc_line_7de18dad"
                    TAGREFS="LT4119"
                    BASELINE="71 1125 1118 1125" 
                    HPOS="71"
                    VPOS="1075"
                    WIDTH="1047"
                    HEIGHT="71">
            <Shape><Polygon POINTS="71 1125 71 1145 1116 1146 1118 1125 1118 1082 871 1075 870 1075 820 1082 804 1085 797 1082 777 1075 776 1075 774 1075 773 1075 771 1075 762 1084 758 1087 731 1087 712 1084 651 1075 649 1075 648 1075 629 1084 624 1085 614 1084 562 1075 560 1075 559 1075 533 1084 530 1085 529 1084 519 1075 517 1075 516 1075 385 1075 383 1075 382 1075 356 1085 353 1087 226 1087 224 1085 212 1075 211 1075 209 1075 169 1075 168 1075 166 1075 144 1085 144 1087 71 1087 71 1125"/></Shape>
	    <String CONTENT="non ſit natura illius hoſtis &amp; perſequutor, ſi votũ"
                    HPOS="71"
                    VPOS="1075"
                    WIDTH="1047"
                    HEIGHT="71"
                    WC="0.988326487632898"></String>
          </TextLine>

          
          
          <TextLine ID="eSc_line_b81ddbf3"
                    TAGREFS="LT4119"
                    BASELINE="69 1182 1109 1186" 
                    HPOS="68"
                    VPOS="1139"
                    WIDTH="1041"
                    HEIGHT="70">
            <Shape><Polygon POINTS="69 1182 68 1200 188 1206 190 1206 245 1200 281 1197 300 1200 324 1204 325 1204 352 1200 373 1197 391 1200 425 1207 426 1207 550 1200 581 1198 584 1200 591 1207 593 1207 594 1207 596 1207 636 1200 646 1198 655 1200 697 1207 699 1207 700 1207 701 1207 710 1200 712 1198 716 1200 740 1206 742 1206 743 1206 745 1206 758 1200 761 1198 767 1200 810 1209 812 1209 858 1201 963 1209 965 1209 966 1209 968 1209 977 1201 1073 1207 1075 1207 1076 1207 1107 1198 1109 1186 1107 1140 69 1139 69 1182"/></Shape>
	    <String CONTENT="ſpectes: Sed ſe primum vocat aliorũ comparatio"
                    HPOS="68"
                    VPOS="1139"
                    WIDTH="1041"
                    HEIGHT="70"
                    WC="0.995184581330482"></String>
          </TextLine>

          
          
          <TextLine ID="eSc_line_e8ca7d67"
                    TAGREFS="LT4119"
                    BASELINE="68 1241 1116 1246" 
                    HPOS="66"
                    VPOS="1191"
                    WIDTH="1050"
                    HEIGHT="77">
            <Shape><Polygon POINTS="68 1241 66 1259 135 1264 136 1264 162 1259 191 1255 215 1259 237 1264 239 1264 240 1264 251 1259 263 1255 371 1255 379 1259 385 1264 386 1264 388 1264 389 1264 413 1259 428 1256 483 1259 582 1264 584 1264 585 1264 599 1258 603 1256 608 1258 618 1265 620 1265 621 1265 623 1265 676 1258 693 1256 709 1258 770 1267 771 1267 773 1267 800 1258 801 1258 828 1267 829 1267 831 1268 1069 1268 1069 1267 1115 1256 1116 1246 1116 1203 1084 1194 1082 1194 1081 1194 1005 1201 991 1203 990 1201 978 1194 977 1194 975 1194 974 1194 972 1194 947 1201 945 1201 944 1201 855 1194 853 1194 852 1194 834 1201 829 1203 819 1201 765 1192 764 1192 762 1192 737 1201 736 1201 733 1201 684 1192 682 1192 620 1201 612 1201 609 1201 591 1192 590 1192 588 1192 496 1198 416 1191 414 1191 413 1191 386 1200 385 1200 358 1191 356 1191 355 1191 307 1200 304 1200 287 1191 285 1191 284 1191 68 1198 68 1241"/></Shape>
	    <String CONTENT="ne, &amp; ſceleris ſui deteſtatione, id eſt, inſignem"
                    HPOS="66"
                    VPOS="1191"
                    WIDTH="1050"
                    HEIGHT="77"
                    WC="0.982103460905503"></String>
          </TextLine>

          
          
          <TextLine ID="eSc_line_eda9c49a"
                    TAGREFS="LT4119"
                    BASELINE="72 1302 1124 1302" 
                    HPOS="72"
                    VPOS="1253"
                    WIDTH="1052"
                    HEIGHT="72">
            <Shape><Polygon POINTS="72 1302 74 1325 107 1317 236 1323 263 1325 264 1325 275 1323 315 1317 367 1323 388 1325 389 1325 391 1325 401 1323 423 1317 468 1322 496 1325 498 1325 1124 1316 1124 1302 1124 1264 783 1253 782 1253 780 1253 743 1262 730 1253 728 1253 727 1253 725 1253 673 1261 626 1253 624 1253 623 1253 603 1264 554 1264 499 1253 498 1253 496 1253 495 1253 484 1264 389 1264 364 1253 362 1253 361 1253 249 1262 217 1253 215 1253 214 1253 212 1253 193 1264 127 1264 116 1255 114 1255 113 1255 111 1255 72 1262 72 1302"/></Shape>
	    <String CONTENT="peccatorem &amp; cæteris capitaliorẽ Eccleſiæ Dei"
                    HPOS="72"
                    VPOS="1253"
                    WIDTH="1052"
                    HEIGHT="72"
                    WC="0.9829599313114"></String>
          </TextLine>

          
          
          <TextLine ID="eSc_line_a2e0ff2b"
                    TAGREFS="LT4119"
                    BASELINE="69 1357 1110 1362" 
                    HPOS="69"
                    VPOS="1308"
                    WIDTH="1041"
                    HEIGHT="75">
            <Shape><Polygon POINTS="69 1357 69 1378 367 1372 411 1378 444 1381 446 1381 523 1377 584 1374 591 1377 603 1381 605 1381 606 1381 657 1377 688 1374 704 1377 734 1381 736 1381 847 1375 865 1375 874 1375 938 1383 939 1383 941 1383 972 1375 974 1375 975 1375 1020 1383 1021 1383 1109 1374 1110 1362 1107 1317 807 1322 779 1317 739 1310 737 1310 629 1317 600 1319 591 1317 556 1310 554 1310 553 1310 529 1317 523 1319 504 1317 398 1308 397 1308 395 1308 358 1317 356 1317 312 1308 310 1308 309 1308 307 1308 292 1317 290 1320 245 1320 242 1317 221 1308 220 1308 159 1308 157 1308 156 1308 154 1308 141 1319 139 1319 135 1319 102 1310 101 1310 99 1310 98 1310 69 1317 69 1357"/></Shape>
	    <String CONTENT="Definit autem fidem &amp; à ſubiecto, circa quod"
                    HPOS="69"
                    VPOS="1308"
                    WIDTH="1041"
                    HEIGHT="75"
                    WC="0.99707299205992"></String>
          </TextLine>

          
          
          <TextLine ID="eSc_line_8084051d"
                    TAGREFS="LT4119"
                    BASELINE="74 1415 1112 1424" 
                    HPOS="72"
                    VPOS="1365"
                    WIDTH="1040"
                    HEIGHT="80">
            <Shape><Polygon POINTS="74 1415 72 1426 141 1438 142 1438 267 1430 328 1439 330 1439 331 1439 333 1439 343 1430 377 1430 419 1441 420 1441 422 1441 478 1432 508 1441 510 1441 511 1441 554 1432 688 1442 690 1442 755 1433 774 1444 776 1444 777 1444 779 1444 809 1435 889 1435 932 1435 942 1445 944 1445 945 1445 947 1445 1110 1435 1112 1424 1112 1386 1003 1386 1000 1384 983 1374 981 1374 980 1374 978 1374 944 1384 939 1384 935 1383 878 1371 777 1371 776 1371 774 1371 755 1381 672 1369 670 1369 599 1377 590 1369 590 1368 588 1368 587 1368 585 1368 502 1380 496 1380 486 1380 388 1372 386 1372 385 1372 365 1378 352 1366 350 1366 349 1366 348 1366 282 1378 276 1378 208 1378 206 1377 188 1365 187 1365 185 1365 184 1365 74 1375 74 1415"/></Shape>
	    <String CONTENT="verſatur. Eſt autem Chriſtus: &amp; à fine, quem"
                    HPOS="72"
                    VPOS="1365"
                    WIDTH="1040"
                    HEIGHT="80"
                    WC="0.983519803153144"></String>
          </TextLine>

          
          
          <TextLine ID="eSc_line_2eb246f9"
                    TAGREFS="LT4119"
                    BASELINE="66 1475 1087 1481" 
                    HPOS="65"
                    VPOS="1424"
                    WIDTH="1022"
                    HEIGHT="81">
            <Shape><Polygon POINTS="66 1475 65 1494 205 1500 206 1500 208 1500 223 1494 233 1491 270 1494 333 1502 334 1502 406 1494 432 1493 456 1494 513 1502 514 1502 516 1502 542 1494 551 1493 554 1494 563 1502 565 1502 566 1502 568 1502 623 1494 633 1494 643 1494 706 1503 707 1503 709 1503 727 1494 728 1494 730 1494 740 1502 742 1502 743 1502 745 1502 815 1494 828 1494 829 1494 849 1505 850 1505 852 1505 853 1505 878 1497 925 1505 926 1505 928 1505 929 1505 945 1496 1085 1496 1087 1481 1087 1444 887 1444 880 1439 867 1430 865 1430 864 1430 862 1430 798 1438 768 1441 757 1436 740 1430 739 1430 737 1430 707 1436 682 1441 675 1435 667 1429 666 1429 664 1429 663 1429 554 1433 498 1435 484 1432 468 1427 466 1427 465 1427 443 1430 411 1436 376 1429 361 1427 359 1427 358 1427 352 1429 331 1435 306 1429 295 1426 294 1426 292 1426 291 1426 287 1427 272 1435 211 1426 202 1426 200 1426 193 1426 129 1435 66 1424 66 1475"/></Shape>
	    <String CONTENT="ſpectat vel potius ſperat. Eſt autem vita æterna."
                    HPOS="65"
                    VPOS="1424"
                    WIDTH="1022"
                    HEIGHT="81"
                    WC="0.981328690538601"></String>
          </TextLine>

          
          
          <TextLine ID="eSc_line_140dbbde"
                    TAGREFS="LT4117"
                    BASELINE="132 1603 1110 1603" 
                    HPOS="132"
                    VPOS="1543"
                    WIDTH="978"
                    HEIGHT="86">
            <Shape><Polygon POINTS="172 1628 174 1628 175 1628 176 1628 176 1627 182 1622 188 1618 255 1618 281 1622 307 1627 309 1627 310 1627 312 1627 316 1622 322 1618 355 1618 367 1621 386 1628 388 1628 389 1629 730 1629 730 1628 840 1618 853 1618 858 1618 889 1627 890 1627 892 1627 893 1627 895 1627 904 1621 926 1628 928 1628 929 1629 1075 1629 1075 1628 1076 1628 1110 1616 1110 1603 1110 1555 1044 1543 1042 1543 1041 1543 1039 1543 1023 1554 1014 1554 913 1543 911 1543 859 1552 852 1552 847 1552 820 1543 819 1543 817 1543 816 1543 795 1551 788 1554 786 1551 779 1545 779 1543 777 1543 776 1543 774 1543 703 1549 673 1552 664 1549 649 1543 648 1543 646 1543 602 1549 581 1551 569 1548 548 1543 547 1543 545 1543 544 1543 542 1543 536 1548 526 1555 471 1555 461 1546 458 1545 456 1545 455 1545 373 1543 371 1543 370 1543 365 1546 349 1555 315 1555 266 1545 255 1543 254 1543 252 1543 251 1543 249 1545 236 1555 156 1555 133 1543 132 1603 132 1622"/></Shape>
	    <String CONTENT="17 Regi autem æterno, immortali, inui¬"
                    HPOS="132"
                    VPOS="1543"
                    WIDTH="978"
                    HEIGHT="86"
                    WC="0.985125253075048"></String>
          </TextLine>

          
          
          <TextLine ID="eSc_line_17423ca8"
                    TAGREFS="LT4117"
                    BASELINE="68 1670 1122 1677" 
                    HPOS="68"
                    VPOS="1613"
                    WIDTH="1054"
                    HEIGHT="97">
            <Shape><Polygon POINTS="68 1701 136 1685 181 1702 182 1702 184 1702 185 1702 191 1702 240 1695 252 1702 254 1702 255 1702 257 1702 260 1702 292 1696 300 1702 301 1704 303 1704 304 1704 306 1705 385 1705 385 1704 386 1704 388 1704 408 1689 437 1701 438 1701 440 1701 441 1701 477 1686 572 1693 574 1693 679 1687 700 1701 701 1701 703 1701 704 1701 706 1701 724 1690 740 1705 742 1705 743 1705 745 1705 770 1705 788 1704 789 1704 791 1704 812 1689 883 1689 911 1705 914 1708 916 1708 917 1708 919 1710 1015 1710 1015 1708 1017 1708 1018 1708 1020 1707 1041 1692 1054 1698 1055 1698 1057 1698 1058 1698 1079 1690 1118 1707 1122 1677 1121 1637 1033 1638 1027 1635 997 1619 996 1619 923 1619 922 1619 920 1619 919 1619 896 1635 892 1638 874 1638 868 1635 835 1618 834 1618 832 1618 831 1618 829 1618 806 1634 801 1638 754 1638 746 1634 701 1616 700 1616 651 1616 649 1616 648 1616 646 1616 623 1634 621 1635 612 1634 585 1628 584 1628 408 1632 342 1634 336 1632 281 1613 279 1613 102 1613 101 1613 99 1613 68 1628 68 1670"/></Shape>
	    <String CONTENT="ſibili, ſoli ſapienti Deo honor, ſit &amp; gloria"
                    HPOS="68"
                    VPOS="1613"
                    WIDTH="1054"
                    HEIGHT="97"
                    WC="0.99444080458747"></String>
          </TextLine>

          
          
          <TextLine ID="eSc_line_f91b941a"
                    TAGREFS="LT4117"
                    BASELINE="65 1743 749 1743" 
                    HPOS="65"
                    VPOS="1693"
                    WIDTH="684"
                    HEIGHT="87">
            <Shape><Polygon POINTS="65 1763 95 1763 126 1778 127 1778 129 1780 307 1780 307 1778 309 1778 346 1768 411 1778 413 1778 414 1778 416 1778 431 1769 608 1778 609 1778 611 1778 670 1763 749 1763 749 1743 749 1704 712 1695 710 1695 709 1695 707 1695 697 1704 694 1705 685 1704 667 1701 666 1701 664 1701 655 1704 646 1708 636 1704 611 1693 609 1693 608 1693 606 1693 605 1693 591 1705 585 1708 545 1705 477 1699 475 1699 438 1705 423 1708 417 1707 388 1693 386 1693 385 1693 383 1693 340 1707 334 1708 330 1707 297 1695 295 1695 294 1695 292 1695 291 1695 284 1701 230 1693 229 1693 227 1693 208 1704 197 1695 196 1695 194 1695 148 1693 147 1693 145 1693 144 1693 144 1695 132 1704 102 1699 101 1699 99 1699 65 1708 65 1743"/></Shape>
	    <String CONTENT="in ſecula ſeculorum. Amen."
                    HPOS="65"
                    VPOS="1693"
                    WIDTH="684"
                    HEIGHT="87"
                    WC="0.989131352076164"></String>
          </TextLine>

          
          
          <TextLine ID="eSc_line_26002caa"
                    TAGREFS="LT4119"
                    BASELINE="121 1830 1112 1836" 
                    HPOS="120"
                    VPOS="1769"
                    WIDTH="992"
                    HEIGHT="90">
            <Shape><Polygon POINTS="121 1830 120 1842 156 1854 157 1854 159 1854 267 1845 273 1845 275 1845 294 1854 295 1854 297 1854 382 1847 392 1847 408 1848 501 1856 502 1856 530 1850 544 1847 551 1850 565 1856 566 1856 568 1856 591 1851 608 1847 618 1851 629 1856 630 1856 632 1856 727 1853 864 1848 889 1856 899 1859 901 1859 902 1859 904 1859 911 1856 925 1850 950 1857 954 1857 956 1857 957 1857 966 1857 1024 1850 1038 1857 1038 1859 1039 1859 1041 1859 1042 1859 1048 1859 1084 1851 1107 1859 1112 1836 1112 1780 950 1777 948 1777 926 1780 867 1787 820 1780 777 1772 776 1772 774 1772 745 1780 719 1787 629 1787 621 1780 618 1777 617 1777 615 1777 614 1777 584 1780 569 1781 566 1780 553 1771 551 1771 550 1771 398 1771 397 1771 395 1771 377 1780 370 1784 313 1780 165 1769 163 1769 162 1769 121 1780 121 1830"/></Shape>
	    <String CONTENT="Epiphonema, id eſt, ſententia ſummi ardoris"
                    HPOS="120"
                    VPOS="1769"
                    WIDTH="992"
                    HEIGHT="90"
                    WC="0.993737658788992"></String>
          </TextLine>

          
          
          <TextLine ID="eSc_line_7afd3d50"
                    TAGREFS="LT4119"
                    BASELINE="65 1888 1119 1893" 
                    HPOS="65"
                    VPOS="1845"
                    WIDTH="1054"
                    HEIGHT="73">
            <Shape><Polygon POINTS="65 1888 65 1905 206 1905 208 1905 230 1915 232 1915 233 1915 273 1906 281 1905 300 1906 416 1917 417 1917 419 1917 420 1917 432 1908 435 1906 444 1908 508 1917 510 1918 626 1918 626 1917 660 1909 675 1906 716 1909 768 1914 770 1914 771 1914 785 1911 795 1908 803 1911 823 1918 825 1918 826 1918 873 1911 886 1909 901 1911 938 1917 939 1917 941 1917 960 1912 969 1909 978 1912 997 1918 999 1918 1000 1918 1118 1912 1119 1893 1118 1848 65 1845 65 1888"/></Shape>
	    <String CONTENT="&amp; vehementiæ plena, in lquam ex diuinæ erga ſe"
                    HPOS="65"
                    VPOS="1845"
                    WIDTH="1054"
                    HEIGHT="73"
                    WC="0.972047045179035"></String>
          </TextLine>

          
          
          <TextLine ID="eSc_line_f5627748"
                    TAGREFS="LT4119"
                    BASELINE="63 1945 1112 1951" 
                    HPOS="62"
                    VPOS="1897"
                    WIDTH="1050"
                    HEIGHT="75">
            <Shape><Polygon POINTS="63 1945 62 1958 157 1969 159 1969 160 1969 181 1961 193 1969 194 1969 196 1969 197 1969 300 1961 315 1961 328 1963 406 1970 407 1970 455 1963 462 1963 465 1964 478 1970 480 1970 481 1972 1110 1972 1112 1951 1110 1917 1012 1917 1011 1915 989 1902 987 1902 986 1902 984 1902 950 1908 816 1900 768 1900 767 1900 765 1900 746 1911 736 1905 734 1905 733 1905 731 1905 730 1905 719 1914 718 1914 716 1914 658 1903 657 1903 596 1914 588 1914 584 1912 539 1899 538 1899 536 1899 535 1899 499 1912 498 1912 496 1912 428 1899 426 1899 425 1899 423 1899 404 1912 403 1914 370 1914 364 1912 295 1897 294 1897 292 1897 260 1911 197 1897 120 1897 118 1897 117 1897 116 1897 98 1911 96 1911 63 1911 63 1945"/></Shape>
	    <String CONTENT="miſericordiæ meditatione erumpit Paulus, quo¬"
                    HPOS="62"
                    VPOS="1897"
                    WIDTH="1050"
                    HEIGHT="75"
                    WC="0.987492903073629"></String>
          </TextLine>

          
          
          <TextLine ID="eSc_line_16c14502"
                    TAGREFS="LT4119"
                    BASELINE="62 2006 1109 2012" 
                    HPOS="62"
                    VPOS="1958"
                    WIDTH="1047"
                    HEIGHT="76">
            <Shape><Polygon POINTS="62 2006 62 2028 312 2022 331 2031 333 2031 334 2031 336 2031 350 2031 434 2024 803 2033 812 2033 813 2033 815 2033 816 2033 825 2025 868 2034 874 2034 875 2034 889 2034 980 2027 1106 2034 1109 2012 1107 1973 965 1963 963 1963 962 1963 960 1963 951 1972 950 1973 880 1973 875 1970 847 1961 846 1961 844 1961 843 1961 841 1961 831 1969 782 1961 780 1961 779 1961 777 1961 768 1970 767 1970 758 1970 652 1961 651 1961 611 1969 609 1969 608 1969 585 1960 584 1960 582 1960 520 1969 511 1970 450 1970 447 1967 434 1960 432 1960 431 1960 429 1960 428 1960 406 1967 401 1969 395 1967 367 1960 365 1960 364 1960 362 1960 339 1967 336 1967 333 1967 300 1958 298 1958 297 1958 62 1964 62 2006"/></Shape>
	    <String CONTENT="niam zeli ſui feruorem, &amp; ſuæ gratiarum actionis"
                    HPOS="62"
                    VPOS="1958"
                    WIDTH="1047"
                    HEIGHT="76"
                    WC="0.986082489291827"></String>
          </TextLine>

          
          
          <TextLine ID="eSc_line_c14cc6e2"
                    TAGREFS="LT4119"
                    BASELINE="62 2064 1105 2070" 
                    HPOS="60"
                    VPOS="2016"
                    WIDTH="1045"
                    HEIGHT="76">
            <Shape><Polygon POINTS="62 2064 60 2077 176 2086 178 2086 260 2080 284 2088 285 2088 287 2088 288 2088 316 2080 343 2089 345 2089 346 2089 562 2082 739 2091 740 2091 843 2083 874 2092 875 2092 877 2092 878 2092 895 2085 919 2092 920 2092 922 2092 1020 2085 1076 2092 1078 2092 1079 2092 1103 2083 1105 2070 1103 2030 987 2019 986 2019 916 2027 899 2028 887 2027 843 2018 841 2018 709 2024 657 2027 629 2024 574 2016 572 2016 571 2016 547 2022 541 2024 523 2022 466 2016 465 2016 464 2016 462 2016 455 2022 452 2024 434 2021 400 2016 398 2016 397 2016 395 2016 389 2021 380 2027 325 2027 318 2019 313 2016 312 2016 310 2016 309 2016 307 2016 300 2019 292 2024 62 2018 62 2064"/></Shape>
	    <String CONTENT="ſilentium comprimere iam non poſſit amplius. I¬"
                    HPOS="60"
                    VPOS="2016"
                    WIDTH="1045"
                    HEIGHT="76"
                    WC="0.974951869629799"></String>
          </TextLine>

          
          
          <TextLine ID="eSc_line_7840fef1"
                    TAGREFS="LT4119"
                    BASELINE="63 2125 1107 2131" 
                    HPOS="62"
                    VPOS="2077"
                    WIDTH="1045"
                    HEIGHT="75">
            <Shape><Polygon POINTS="63 2125 62 2138 102 2147 104 2147 284 2140 300 2140 303 2140 331 2147 333 2147 334 2147 400 2141 585 2150 587 2150 685 2143 809 2150 810 2150 812 2150 831 2143 896 2152 898 2152 1021 2144 1079 2152 1081 2152 1082 2152 1106 2143 1107 2131 1105 2080 870 2088 749 2088 740 2079 739 2079 737 2079 736 2079 730 2079 585 2086 539 2077 532 2077 530 2077 507 2077 361 2085 348 2077 346 2077 345 2077 63 2077 63 2125"/></Shape>
	    <String CONTENT="taque effundit hanc præclariſſimam vocem de"
                    HPOS="62"
                    VPOS="2077"
                    WIDTH="1045"
                    HEIGHT="75"
                    WC="0.990659648595854"></String>
          </TextLine>

          
          
          <TextLine ID="eSc_line_9deb9c79"
                    TAGREFS="LT4119"
                    BASELINE="60 2181 1106 2189" 
                    HPOS="60"
                    VPOS="2132"
                    WIDTH="1046"
                    HEIGHT="83">
            <Shape><Polygon POINTS="60 2181 60 2208 257 2202 270 2208 276 2211 278 2211 279 2211 330 2208 414 2204 425 2208 432 2211 434 2211 435 2211 474 2208 517 2205 557 2208 614 2212 615 2212 655 2208 684 2205 710 2208 764 2214 765 2214 835 2208 853 2207 884 2208 1044 2215 1045 2215 1105 2207 1106 2189 1103 2138 905 2146 896 2138 896 2137 895 2137 893 2137 892 2137 880 2137 489 2143 477 2135 475 2135 474 2135 472 2135 110 2140 60 2132 60 2181"/></Shape>
	    <String CONTENT="ſtupenda Dei bonitate, primùm quidem erga ſe"
                    HPOS="60"
                    VPOS="2132"
                    WIDTH="1046"
                    HEIGHT="83"
                    WC="0.984063952498966"></String>
          </TextLine>

          
        </TextBlock>
        

        
      </PrintSpace>
    </Page>
  </Layout>
</alto>
