<?xml version="1.0" encoding="UTF-8"?>
<alto xmlns:xsi="http://www.w3.org/2001/XMLSchema-instance"
      xmlns="http://www.loc.gov/standards/alto/ns-v4#"
      xsi:schemaLocation="http://www.loc.gov/standards/alto/ns-v4# http://www.loc.gov/standards/alto/v4/alto-4-2.xsd">
  <Description>
    <MeasurementUnit>pixel</MeasurementUnit>
    <sourceImageInformation>
      <fileName>2012938.png</fileName>
      
    </sourceImageInformation>
  </Description>
  
  <Tags>
    <OtherTag ID="BT10544" LABEL="text" DESCRIPTION="block type text"/><OtherTag ID="BT10543" LABEL="NumberingZone" DESCRIPTION="block type NumberingZone"/><OtherTag ID="BT10542" LABEL="MainZone" DESCRIPTION="block type MainZone"/><OtherTag ID="BT10538" LABEL="RunningTitleZone" DESCRIPTION="block type RunningTitleZone"/><OtherTag ID="BT10537" LABEL="DropCapitalZone" DESCRIPTION="block type DropCapitalZone"/><OtherTag ID="BT10536" LABEL="GraphicZone" DESCRIPTION="block type GraphicZone"/><OtherTag ID="BT10535" LABEL="TitlePageZone" DESCRIPTION="block type TitlePageZone"/><OtherTag ID="BT10534" LABEL="QuireMarksZone" DESCRIPTION="block type QuireMarksZone"/><OtherTag ID="BT10533" LABEL="MarginTextZone" DESCRIPTION="block type MarginTextZone"/>
    <OtherTag ID="LT4122" LABEL="default" DESCRIPTION="line type default"/><OtherTag ID="LT4119" LABEL="DefaultLine" DESCRIPTION="line type DefaultLine"/><OtherTag ID="LT4118" LABEL="HeadingLine" DESCRIPTION="line type HeadingLine"/><OtherTag ID="LT4117" LABEL="CustomLine : BiblicalText" DESCRIPTION="line type CustomLine : BiblicalText"/>
  </Tags>
  
  <Layout>
    <Page WIDTH="1807"
          HEIGHT="2677"
          PHYSICAL_IMG_NR="54"
          ID="eSc_dummypage_">
      <PrintSpace HPOS="0"
                  VPOS="0"
                  WIDTH="1807"
                  HEIGHT="2677">
        
        <TextBlock HPOS="647.0828247070312"
                   VPOS="194.4169158935547"
                   WIDTH="99.89984130859375"
                   HEIGHT="53.31199645996094"
                   ID="block_1"
                   TAGREFS="BT10543">
          <Shape><Polygon POINTS="647.083 194.417 746.983 194.417 746.983 247.729 647.083 247.729 647.083 194.417"/></Shape>
          
          
          <TextLine ID="eSc_line_24907ca9"
                    TAGREFS="LT4119"
                    BASELINE="660 232 749 232" 
                    HPOS="660"
                    VPOS="182"
                    WIDTH="89"
                    HEIGHT="69">
            <Shape><Polygon POINTS="704 182 690 182 675 185 660 197 660 232 660 251 749 245 749 232 749 193 704 182 704 182"/></Shape>
	    <String CONTENT="26"
                    HPOS="660"
                    VPOS="182"
                    WIDTH="89"
                    HEIGHT="69"
                    WC="0.998831212520599"></String>
          </TextLine>

          
        </TextBlock>
        
        <TextBlock HPOS="841.3068237304688"
                   VPOS="181.57643127441406"
                   WIDTH="711.2091674804688"
                   HEIGHT="67.95606994628906"
                   ID="block_2"
                   TAGREFS="BT10538">
          <Shape><Polygon POINTS="841.307 181.576 1552.52 181.576 1552.52 249.533 841.307 249.533 841.307 181.576"/></Shape>
          
          
          <TextLine ID="eSc_line_f56f2b9f"
                    TAGREFS="LT4118"
                    BASELINE="840 233 1542 226" 
                    HPOS="838"
                    VPOS="178"
                    WIDTH="704"
                    HEIGHT="76">
            <Shape><Polygon POINTS="1527 190 1494 185 1493 185 1491 185 1490 185 1479 193 1478 194 1476 193 1463 182 1448 181 1433 181 1418 181 1408 181 1389 194 1386 196 1369 194 1305 185 1304 185 1302 185 1301 185 1286 194 1283 197 1215 197 1210 196 1185 179 1183 179 1182 179 1131 178 1121 179 1106 179 1091 179 1079 179 1042 181 1041 181 984 199 975 200 963 199 874 184 873 184 871 184 838 197 840 233 840 242 861 252 862 252 864 254 926 254 926 252 928 252 929 252 944 242 980 251 981 251 983 251 1039 240 1047 240 1049 242 1069 251 1070 251 1072 251 1073 251 1075 251 1090 242 1091 240 1093 242 1116 251 1118 251 1119 251 1121 251 1140 242 1146 239 1152 242 1164 246 1165 246 1167 246 1168 246 1179 242 1183 239 1186 242 1197 249 1198 249 1200 249 1201 249 1238 242 1259 237 1270 242 1283 248 1284 248 1286 249 1345 249 1345 248 1347 248 1348 248 1354 242 1360 237 1369 242 1375 245 1377 245 1378 245 1380 245 1389 242 1403 237 1408 242 1412 246 1414 246 1415 246 1417 246 1418 246 1427 242 1441 236 1464 242 1481 246 1482 246 1484 246 1542 242 1542 226 1539 200 1537 199"/></Shape>
	    <String CONTENT="AD I. PAVL. AD TIM."
                    HPOS="838"
                    VPOS="178"
                    WIDTH="704"
                    HEIGHT="76"
                    WC="0.999402218743374"></String>
          </TextLine>

          
        </TextBlock>
        
        <TextBlock HPOS="640.9856567382812"
                   VPOS="254.68789672851562"
                   WIDTH="1074.6935424804688"
                   HEIGHT="1953.1919860839844"
                   ID="block_0"
                   TAGREFS="BT10542">
          <Shape><Polygon POINTS="640.986 254.688 1715.68 254.688 1715.68 2207.88 640.986 2207.88 640.986 254.688"/></Shape>
          
          
          <TextLine ID="eSc_line_97b1fe59"
                    TAGREFS="LT4119"
                    BASELINE="652 309 1704 297" 
                    HPOS="651"
                    VPOS="242"
                    WIDTH="1053"
                    HEIGHT="92">
            <Shape><Polygon POINTS="1692 258 1686 252 1650 242 1649 242 1647 242 1503 251 1307 245 1305 245 1247 246 1246 246 1207 263 1177 254 1176 254 1174 254 1173 254 1171 254 1171 255 1161 264 1145 257 1143 257 1142 257 1140 257 1112 264 1109 264 1107 264 1023 249 1021 249 1020 249 986 266 984 267 773 269 770 269 742 252 740 252 739 252 737 252 736 252 715 269 713 270 651 270 652 309 652 324 718 324 719 324 734 334 736 334 737 334 739 334 740 334 767 324 768 324 771 324 823 331 825 331 826 331 828 331 841 324 843 322 843 324 861 333 862 333 864 334 914 334 914 333 916 333 951 322 959 319 1082 319 1099 321 1154 330 1155 330 1157 330 1158 330 1171 321 1177 318 1194 321 1235 328 1237 328 1322 327 1323 327 1340 319 1347 316 1362 319 1396 327 1398 327 1469 319 1506 315 1543 315 1551 318 1564 325 1566 325 1567 325 1604 318 1627 313 1640 318 1658 324 1659 324 1661 324 1704 316 1704 297 1702 269 1692 258"/></Shape>
	    <String CONTENT="melias omnes coniungens. Mirum Dei opus in"
                    HPOS="651"
                    VPOS="242"
                    WIDTH="1053"
                    HEIGHT="92"
                    WC="0.998305628697077"></String>
          </TextLine>

          
          
          <TextLine ID="eSc_line_49332238"
                    TAGREFS="LT4119"
                    BASELINE="652 368 1701 356" 
                    HPOS="651"
                    VPOS="309"
                    WIDTH="1050"
                    HEIGHT="80">
            <Shape><Polygon POINTS="652 368 652 380 754 389 755 389 757 389 789 380 810 388 812 388 813 388 954 379 1018 386 1020 386 1021 386 1048 377 1063 385 1064 385 1066 385 1421 382 1423 382 1450 373 1564 380 1566 380 1567 380 1585 371 1652 379 1653 379 1701 368 1701 356 1698 324 1637 324 1637 322 1597 309 1595 309 1594 309 1592 309 1563 322 1536 310 1534 310 1494 310 1493 310 1491 310 1460 322 1456 324 1438 322 1344 312 1342 312 1341 312 1340 312 1326 322 1325 322 1319 322 1292 319 1290 319 1289 319 1287 319 1284 322 1276 327 1241 322 1186 313 1185 313 1183 313 1182 313 1182 315 1173 321 1165 330 1127 330 1116 321 1107 315 1106 315 1105 315 1064 315 1063 315 1061 315 1047 321 1026 331 981 331 966 321 960 316 959 316 957 316 956 316 954 316 941 321 911 331 864 324 862 324 777 333 761 321 759 321 758 321 651 321 652 368"/></Shape>
	    <String CONTENT="Paulo vocando, vt de multis perſecutoribus ver¬"
                    HPOS="651"
                    VPOS="309"
                    WIDTH="1050"
                    HEIGHT="80"
                    WC="0.981751652474099"></String>
          </TextLine>

          
          
          <TextLine ID="eSc_line_5f52985f"
                    TAGREFS="LT4119"
                    BASELINE="652 426 1699 413" 
                    HPOS="651"
                    VPOS="362"
                    WIDTH="1048"
                    HEIGHT="88">
            <Shape><Polygon POINTS="652 443 719 443 728 450 730 450 731 450 733 450 865 440 884 438 923 438 1194 444 1195 444 1197 444 1213 437 1305 443 1307 443 1405 434 1464 441 1466 441 1604 437 1606 437 1621 429 1622 429 1662 438 1664 438 1665 438 1699 428 1699 413 1696 368 1582 362 1580 362 1579 362 1558 368 1533 377 1509 370 1499 365 1497 365 1430 365 1429 365 1427 365 1426 365 1420 370 1406 379 1357 370 1350 370 1348 370 1342 371 1301 380 1234 373 1232 373 1231 373 1194 382 1180 371 1176 368 1174 368 1173 368 1171 368 1170 368 1160 373 1142 379 1130 373 1122 368 1121 368 1119 368 1118 368 1116 368 1110 373 1094 383 1055 373 1042 370 1041 370 1039 370 1038 370 1036 370 1033 373 1020 383 972 374 971 374 969 374 968 374 966 374 954 385 931 374 923 371 922 371 920 371 919 371 908 374 873 386 651 377 652 426"/></Shape>
	    <String CONTENT="bi Dei non ſit hodie deſperandum. Opponit au¬"
                    HPOS="651"
                    VPOS="362"
                    WIDTH="1048"
                    HEIGHT="88"
                    WC="0.999150676197476"></String>
          </TextLine>

          
          
          <TextLine ID="eSc_line_2a964a29"
                    TAGREFS="LT4119"
                    BASELINE="651 487 1704 475" 
                    HPOS="649"
                    VPOS="426"
                    WIDTH="1055"
                    HEIGHT="76">
            <Shape><Polygon POINTS="651 487 651 498 1305 502 1307 502 1704 490 1704 475 1701 443 1592 426 1591 426 1589 426 1564 440 1478 444 1436 446 1411 444 1314 438 1313 438 1277 446 1268 449 1130 449 1127 447 1109 434 1107 434 1106 434 1044 432 1042 432 911 434 910 434 864 450 855 452 817 452 815 450 788 435 786 435 785 435 755 437 754 437 752 437 733 450 731 452 699 452 696 452 675 441 673 441 672 441 670 441 649 449 651 487"/></Shape>
	    <String CONTENT="tem Dei mifericordiam, per quam non tantùm"
                    HPOS="649"
                    VPOS="426"
                    WIDTH="1055"
                    HEIGHT="76"
                    WC="0.975783877594526"></String>
          </TextLine>

          
          
          <TextLine ID="eSc_line_d5fe2bb2"
                    TAGREFS="LT4119"
                    BASELINE="654 541 1702 533" 
                    HPOS="652"
                    VPOS="487"
                    WIDTH="1050"
                    HEIGHT="70">
            <Shape><Polygon POINTS="654 541 654 557 1701 548 1702 533 1699 495 1521 487 1519 487 1444 498 1439 498 1436 498 1406 489 1405 489 1403 489 1402 489 1400 489 1386 498 1384 499 1383 499 1362 490 1360 490 1359 490 1357 490 1340 499 1334 502 1313 499 1287 496 1286 496 1164 502 1109 504 1105 502 1075 490 1073 490 1072 490 1070 490 1030 504 1023 505 1012 504 957 495 956 495 954 495 953 495 939 505 938 507 880 507 880 505 862 493 861 493 859 493 823 493 822 493 820 493 819 493 803 507 801 508 762 508 762 507 745 493 743 493 742 493 696 493 694 493 693 493 691 493 675 508 652 508 654 541"/></Shape>
	    <String CONTENT="veniam ſuperiorum vitiorum conſequurus eſt,"
                    HPOS="652"
                    VPOS="487"
                    WIDTH="1050"
                    HEIGHT="70"
                    WC="0.998520235682643"></String>
          </TextLine>

          
          
          <TextLine ID="eSc_line_b38a4fbf"
                    TAGREFS="LT4119"
                    BASELINE="651 602 1705 591" 
                    HPOS="649"
                    VPOS="544"
                    WIDTH="1056"
                    HEIGHT="79">
            <Shape><Polygon POINTS="651 602 651 623 1073 623 1073 621 1110 618 1194 612 1215 618 1221 620 1222 620 1224 620 1225 620 1231 618 1253 611 1481 617 1533 617 1534 617 1545 615 1594 608 1704 614 1705 591 1702 551 1508 544 1506 544 1505 544 1488 551 1473 559 1439 559 1423 551 1405 544 1403 544 1402 544 1400 544 1377 551 1350 560 1283 560 1261 551 1249 547 1247 547 1246 547 1244 547 1226 551 1189 562 1110 562 1076 551 1069 550 1067 550 1066 550 1064 550 1060 551 1039 563 991 563 978 551 975 548 974 548 972 548 951 548 950 548 948 548 938 551 901 565 798 566 745 566 728 551 727 551 725 551 724 551 649 551 651 602"/></Shape>
	    <String CONTENT="ſed etiam pulcherrimam illam ad Apoſtolatum"
                    HPOS="649"
                    VPOS="544"
                    WIDTH="1056"
                    HEIGHT="79"
                    WC="0.987402845260709"></String>
          </TextLine>

          
          
          <TextLine ID="eSc_line_aeebbb37"
                    TAGREFS="LT4119"
                    BASELINE="654 660 1705 649" 
                    HPOS="652"
                    VPOS="603"
                    WIDTH="1053"
                    HEIGHT="78">
            <Shape><Polygon POINTS="654 660 654 673 953 681 954 681 1000 672 1017 679 1018 679 1020 679 1204 670 1229 678 1231 678 1232 678 1234 678 1255 669 1393 676 1395 676 1616 666 1643 673 1644 673 1646 673 1705 663 1705 649 1702 606 1598 603 1597 603 1567 608 1521 615 1499 609 1484 605 1482 605 1481 605 1458 609 1438 615 1432 611 1426 606 1426 605 1424 605 1423 605 1421 605 1354 611 1341 612 1331 612 1264 606 1262 606 1261 606 1259 606 1259 608 1252 614 1246 618 1225 614 1195 608 1194 608 1192 608 1174 615 1164 620 1102 620 1039 617 916 611 914 611 913 611 911 611 911 612 902 620 899 623 801 623 798 621 770 612 768 612 767 612 765 612 740 623 737 623 734 623 703 612 701 612 700 612 652 623 654 660"/></Shape>
	    <String CONTENT="vocationẽ adeptus, omnibus ſuis ſceleribus ne fu¬"
                    HPOS="652"
                    VPOS="603"
                    WIDTH="1053"
                    HEIGHT="78"
                    WC="0.990890700817108"></String>
          </TextLine>

          
          
          <TextLine ID="eSc_line_29396997"
                    TAGREFS="LT4119"
                    BASELINE="652 719 1702 707" 
                    HPOS="651"
                    VPOS="663"
                    WIDTH="1051"
                    HEIGHT="79">
            <Shape><Polygon POINTS="652 719 652 733 859 742 861 742 917 730 925 730 945 730 1121 739 1122 739 1222 728 1240 737 1241 737 1243 739 1307 739 1307 737 1390 734 1392 734 1393 734 1405 725 1415 733 1417 733 1418 733 1420 733 1500 725 1521 734 1522 734 1524 734 1525 734 1545 724 1592 730 1594 730 1701 721 1702 707 1699 676 1606 663 1604 663 1603 663 1567 676 1530 664 1528 664 1439 664 1438 664 1341 666 1340 666 1307 679 1305 681 1231 681 1231 679 1203 667 1201 667 1200 667 1198 667 1165 681 1164 681 1140 681 1072 679 1051 669 1049 669 1048 669 1047 669 1005 682 1002 682 993 682 881 672 880 672 878 672 877 672 864 684 862 684 859 684 806 673 804 673 803 673 783 684 780 685 764 684 670 675 669 675 667 675 651 682 652 719"/></Shape>
	    <String CONTENT="turis operibus vel quæ Deus poſt Pauli voca¬"
                    HPOS="651"
                    VPOS="663"
                    WIDTH="1051"
                    HEIGHT="79"
                    WC="0.992931084199385"></String>
          </TextLine>

          
          
          <TextLine ID="eSc_line_498f23f8"
                    TAGREFS="LT4119"
                    BASELINE="651 779 1705 770" 
                    HPOS="649"
                    VPOS="721"
                    WIDTH="1056"
                    HEIGHT="79">
            <Shape><Polygon POINTS="651 779 651 800 1705 791 1705 770 1701 727 1664 734 1650 727 1644 722 1643 722 1641 722 1640 722 1638 722 1625 727 1616 730 1610 727 1598 721 1597 721 1595 721 1377 722 1375 722 1359 730 1338 739 1293 739 1279 730 1270 725 1268 725 1197 724 1195 724 1194 724 1192 724 1183 731 1170 740 1033 740 1024 731 1020 728 1018 728 1017 728 1015 728 1014 728 1000 733 975 740 962 733 956 730 954 730 953 730 951 730 950 730 947 733 933 742 892 742 877 733 865 727 864 727 862 727 861 727 843 733 820 742 791 734 770 728 768 728 767 728 765 728 746 734 731 739 716 734 696 728 694 728 693 728 649 734 651 779"/></Shape>
	    <String CONTENT="tionem edenda ab eo præuiderat, electionis huius"
                    HPOS="649"
                    VPOS="721"
                    WIDTH="1056"
                    HEIGHT="79"
                    WC="0.982042477776607"></String>
          </TextLine>

          
          
          <TextLine ID="eSc_line_5b1a553b"
                    TAGREFS="LT4119"
                    BASELINE="652 838 1073 834" 
                    HPOS="651"
                    VPOS="794"
                    WIDTH="422"
                    HEIGHT="62">
            <Shape><Polygon POINTS="652 838 652 850 928 856 929 856 1073 846 1073 834 1070 804 862 794 861 794 798 804 789 806 785 804 759 795 758 795 757 795 704 803 682 795 681 795 679 795 678 795 651 804 652 838"/></Shape>
	    <String CONTENT="cauſam tribuamus."
                    HPOS="651"
                    VPOS="794"
                    WIDTH="422"
                    HEIGHT="62"
                    WC="0.999620865373051"></String>
          </TextLine>

          
          
          <TextLine ID="eSc_line_7122047a"
                    TAGREFS="LT4119"
                    BASELINE="709 896 1704 889" 
                    HPOS="707"
                    VPOS="832"
                    WIDTH="997"
                    HEIGHT="90">
            <Shape><Polygon POINTS="709 896 709 911 886 922 887 922 944 911 965 920 966 920 968 922 1084 922 1084 920 1174 910 1176 910 1247 919 1249 919 1250 919 1252 919 1265 910 1502 917 1503 917 1505 917 1539 907 1542 907 1702 907 1704 889 1701 838 1673 832 1671 832 1670 832 1653 838 1627 847 1603 838 1597 837 1595 837 1594 837 1592 837 1591 837 1591 838 1589 840 1579 849 1552 840 1530 832 1528 832 1527 832 1525 832 1505 840 1496 843 1487 840 1463 834 1461 834 1460 834 1418 841 1408 843 1405 841 1396 835 1395 835 1393 835 1392 835 1390 835 1389 835 1380 841 1366 850 1350 843 1341 838 1340 838 1311 837 1310 837 1308 837 1307 837 1307 838 1305 838 1302 843 1299 846 1292 843 1271 835 1270 835 1268 835 1087 837 1085 837 1084 837 1070 846 1055 855 840 855 791 849 725 841 724 841 722 841 707 847 709 896"/></Shape>
	    <String CONTENT="Addit tamen rationem, quia feci, &amp; ignorãs &amp;"
                    HPOS="707"
                    VPOS="832"
                    WIDTH="997"
                    HEIGHT="90"
                    WC="0.977036799324883"></String>
          </TextLine>

          
          
          <TextLine ID="eSc_line_279c467b"
                    TAGREFS="LT4119"
                    BASELINE="652 954 1702 944" 
                    HPOS="652"
                    VPOS="898"
                    WIDTH="1050"
                    HEIGHT="80">
            <Shape><Polygon POINTS="652 968 800 978 801 978 874 969 926 977 928 977 1032 975 1033 975 1051 966 1099 975 1100 975 1102 975 1133 965 1134 965 1194 974 1195 974 1390 972 1392 972 1412 963 1451 971 1453 971 1454 971 1470 962 1701 959 1702 944 1699 898 1586 898 1585 898 1583 898 1582 898 1548 911 1411 902 1409 902 1408 902 1406 902 1389 914 1282 914 1253 904 1252 904 1250 904 1249 904 1247 904 1247 905 1237 914 1174 902 1170 902 1168 902 1164 902 1100 916 1070 907 1069 907 1067 907 1024 916 960 905 951 904 950 904 948 904 945 905 925 914 867 907 865 907 864 907 835 917 807 907 804 905 803 905 801 905 789 907 696 919 652 908 652 954 652 968"/></Shape>
	    <String CONTENT="ἐν ἀπιςτίᾳ. id eſt, carens fide &amp; cognitione. Non"
                    HPOS="652"
                    VPOS="898"
                    WIDTH="1050"
                    HEIGHT="80"></String>
          </TextLine>

          
          
          <TextLine ID="eSc_line_ec624092"
                    TAGREFS="LT4119"
                    BASELINE="651 1015 1701 1003" 
                    HPOS="649"
                    VPOS="963"
                    WIDTH="1052"
                    HEIGHT="76">
            <Shape><Polygon POINTS="651 1015 651 1027 742 1036 743 1036 815 1027 835 1038 837 1038 838 1039 878 1039 878 1038 1093 1024 1173 1035 1174 1035 1280 1024 1311 1032 1313 1032 1314 1032 1316 1032 1317 1032 1334 1021 1351 1030 1353 1030 1432 1032 1433 1032 1701 1015 1701 1003 1696 963 649 974 651 1015"/></Shape>
	    <String CONTENT="tantùm igitur docet ſe ignarum fuiſſe prius: ſed"
                    HPOS="649"
                    VPOS="963"
                    WIDTH="1052"
                    HEIGHT="76"
                    WC="0.985059018037757"></String>
          </TextLine>

          
          
          <TextLine ID="eSc_line_7212941e"
                    TAGREFS="LT4119"
                    BASELINE="651 1076 1696 1063" 
                    HPOS="649"
                    VPOS="1015"
                    WIDTH="1047"
                    HEIGHT="82">
            <Shape><Polygon POINTS="651 1076 651 1090 819 1090 840 1097 841 1097 843 1097 911 1085 917 1085 926 1085 1015 1093 1017 1093 1125 1082 1137 1082 1145 1082 1228 1093 1229 1093 1307 1091 1308 1091 1310 1091 1323 1082 1344 1091 1345 1091 1347 1091 1348 1091 1377 1081 1461 1090 1463 1090 1595 1079 1641 1087 1643 1087 1695 1075 1696 1063 1693 1027 1594 1018 1592 1018 1591 1018 1589 1018 1574 1029 1438 1029 1377 1015 1375 1015 1374 1015 1372 1015 1357 1026 1255 1017 1253 1017 1252 1017 1209 1033 1155 1033 1122 1020 1121 1020 1119 1020 1055 1027 1009 1020 1008 1020 951 1033 920 1021 919 1021 917 1021 880 1023 878 1023 877 1023 877 1024 864 1036 826 1023 825 1023 823 1023 759 1030 676 1024 675 1024 673 1024 672 1024 649 1036 651 1076"/></Shape>
	    <String CONTENT="ſe de fide &amp; verbo Euangelij quicquam antea"
                    HPOS="649"
                    VPOS="1015"
                    WIDTH="1047"
                    HEIGHT="82"
                    WC="0.979502895543742"></String>
          </TextLine>

          
          
          <TextLine ID="eSc_line_cb43a892"
                    TAGREFS="LT4119"
                    BASELINE="649 1136 1705 1119" 
                    HPOS="648"
                    VPOS="1070"
                    WIDTH="1057"
                    HEIGHT="88">
            <Shape><Polygon POINTS="649 1136 649 1151 751 1149 764 1151 815 1158 816 1158 938 1149 987 1146 1002 1149 1030 1155 1032 1155 1066 1149 1087 1145 1134 1148 1195 1152 1197 1152 1198 1152 1210 1148 1226 1142 1252 1148 1271 1151 1273 1151 1296 1146 1335 1140 1368 1146 1386 1149 1387 1149 1435 1146 1490 1142 1503 1145 1511 1148 1512 1148 1514 1148 1528 1145 1567 1137 1598 1145 1606 1146 1607 1146 1609 1146 1610 1146 1612 1146 1612 1145 1613 1145 1624 1136 1704 1143 1705 1119 1702 1079 1665 1070 1664 1070 1662 1070 1661 1070 1647 1079 1644 1082 1589 1082 1583 1081 1555 1072 1554 1072 1552 1072 1551 1072 1530 1082 1528 1084 1405 1085 1400 1084 1381 1075 1380 1075 1378 1075 1322 1085 1310 1088 1189 1088 1186 1087 1174 1078 1173 1078 1171 1078 1134 1078 1133 1078 1064 1079 1063 1079 1032 1090 1027 1091 1018 1090 956 1081 954 1081 881 1093 877 1093 874 1093 841 1082 840 1082 838 1082 773 1090 743 1084 742 1084 648 1096 649 1136"/></Shape>
	    <String CONTENT="audiiſſe vel fuiſſe edoctũ negat. Hîc igitur ἀπιςτία"
                    HPOS="648"
                    VPOS="1070"
                    WIDTH="1057"
                    HEIGHT="88"></String>
          </TextLine>

          
          
          <TextLine ID="eSc_line_a114f3c7"
                    TAGREFS="LT4119"
                    BASELINE="651 1194 1696 1179" 
                    HPOS="649"
                    VPOS="1133"
                    WIDTH="1047"
                    HEIGHT="85">
            <Shape><Polygon POINTS="651 1194 651 1210 752 1218 754 1218 755 1218 774 1210 779 1209 820 1210 962 1215 963 1215 965 1215 966 1215 975 1209 983 1206 1058 1209 1171 1212 1173 1212 1234 1207 1301 1201 1314 1206 1322 1209 1323 1209 1325 1209 1464 1207 1466 1207 1472 1206 1493 1198 1695 1203 1696 1179 1693 1146 1671 1146 1656 1133 1655 1133 1653 1133 1652 1133 1588 1146 1487 1134 1485 1134 1484 1134 1445 1148 1430 1137 1429 1137 1427 1137 1426 1137 1353 1148 1284 1137 1283 1137 1282 1137 1280 1137 1264 1151 1170 1142 1168 1142 1167 1142 1165 1142 1149 1154 1082 1154 1011 1142 1009 1142 1008 1142 977 1155 932 1155 898 1143 896 1143 895 1143 893 1143 856 1157 822 1145 820 1145 819 1145 817 1145 776 1157 758 1145 757 1145 755 1145 754 1145 693 1146 691 1146 649 1160 651 1194"/></Shape>
	    <String CONTENT="eſt ſpecies ignorantiæ, quæ eſt maximè excuſa¬"
                    HPOS="649"
                    VPOS="1133"
                    WIDTH="1047"
                    HEIGHT="85"
                    WC="0.98148047670405"></String>
          </TextLine>

          
          
          <TextLine ID="eSc_line_e9a10d46"
                    TAGREFS="LT4119"
                    BASELINE="652 1252 1702 1238" 
                    HPOS="651"
                    VPOS="1192"
                    WIDTH="1051"
                    HEIGHT="79">
            <Shape><Polygon POINTS="652 1252 652 1264 948 1271 950 1271 1067 1259 1072 1259 1073 1259 1099 1270 1100 1270 1102 1270 1149 1268 1151 1268 1152 1268 1165 1258 1167 1256 1280 1256 1283 1256 1320 1267 1322 1267 1323 1267 1405 1255 1408 1255 1409 1255 1420 1264 1420 1265 1421 1265 1423 1265 1424 1267 1461 1267 1461 1265 1701 1250 1702 1238 1701 1206 1676 1192 1674 1192 1595 1192 1594 1192 1592 1192 1554 1206 1551 1206 1546 1206 1469 1194 1467 1194 1466 1194 1464 1194 1447 1206 1444 1207 1430 1206 1363 1195 1362 1195 1360 1195 1359 1195 1359 1197 1350 1206 1345 1210 1284 1210 1274 1206 1253 1198 1252 1198 1250 1198 1215 1206 1188 1210 1160 1206 1119 1198 1118 1198 1116 1198 1115 1198 1106 1206 1096 1213 1005 1213 989 1206 980 1201 978 1201 977 1201 947 1206 881 1215 651 1206 652 1252"/></Shape>
	    <String CONTENT="bilis, quum quis non ignorat ea, de quibus obla¬"
                    HPOS="651"
                    VPOS="1192"
                    WIDTH="1051"
                    HEIGHT="79"
                    WC="0.98964582880338"></String>
          </TextLine>

          
          
          <TextLine ID="eSc_line_e81edd87"
                    TAGREFS="LT4119"
                    BASELINE="649 1313 1702 1296" 
                    HPOS="648"
                    VPOS="1249"
                    WIDTH="1054"
                    HEIGHT="82">
            <Shape><Polygon POINTS="649 1313 649 1326 933 1331 935 1331 936 1331 960 1322 962 1322 965 1322 1030 1329 1032 1329 1033 1329 1035 1329 1045 1320 1047 1319 1052 1320 1076 1326 1078 1326 1079 1326 1174 1317 1189 1317 1192 1317 1219 1326 1221 1326 1222 1326 1292 1316 1298 1316 1305 1316 1395 1323 1396 1323 1458 1313 1464 1313 1475 1313 1583 1320 1585 1320 1701 1308 1702 1296 1701 1261 1677 1249 1676 1249 1632 1249 1631 1249 1630 1249 1600 1262 1594 1265 1426 1265 1421 1264 1408 1258 1406 1258 1405 1258 1347 1264 1325 1267 1317 1265 1290 1255 1289 1255 1241 1255 1240 1255 1238 1255 1216 1265 1209 1271 1177 1271 1170 1267 1155 1256 1154 1256 1152 1256 1151 1256 1044 1261 1042 1261 1041 1261 1032 1268 1026 1273 1017 1268 1002 1261 1000 1261 999 1261 960 1268 931 1274 846 1274 840 1270 829 1262 828 1262 826 1262 825 1262 823 1262 806 1270 795 1276 788 1271 776 1262 774 1262 773 1262 771 1262 704 1264 703 1264 701 1264 693 1271 685 1276 648 1273 649 1313"/></Shape>
	    <String CONTENT="ta illi eſt cognitio: ſed de quibus nunquam audi¬"
                    HPOS="648"
                    VPOS="1249"
                    WIDTH="1054"
                    HEIGHT="82"
                    WC="0.992783750806536"></String>
          </TextLine>

          
          
          <TextLine ID="eSc_line_834550d3"
                    TAGREFS="LT4119"
                    BASELINE="652 1369 1704 1357" 
                    HPOS="651"
                    VPOS="1314"
                    WIDTH="1053"
                    HEIGHT="75">
            <Shape><Polygon POINTS="652 1369 652 1380 780 1389 782 1389 935 1380 960 1386 962 1386 963 1386 965 1386 991 1378 997 1377 1012 1378 1073 1384 1075 1384 1076 1384 1100 1377 1109 1375 1116 1377 1142 1384 1143 1384 1145 1384 1146 1384 1167 1377 1176 1374 1185 1377 1203 1383 1204 1383 1206 1383 1286 1375 1332 1372 1368 1375 1429 1381 1430 1381 1464 1375 1487 1371 1702 1372 1704 1357 1701 1322 1661 1314 1659 1314 1658 1314 1640 1322 1627 1328 1604 1323 1563 1314 1496 1314 1494 1314 1493 1314 1491 1314 1491 1316 1479 1325 1478 1326 1476 1325 1463 1316 1461 1316 1460 1316 1458 1316 1457 1316 1456 1316 1441 1326 1436 1329 1363 1331 1356 1328 1329 1316 1328 1316 1326 1316 1284 1317 1283 1317 1282 1317 1268 1329 1267 1329 1264 1329 1177 1317 1176 1317 1140 1319 1139 1319 1112 1332 1107 1334 1103 1332 1081 1325 1079 1325 1078 1325 1076 1325 1060 1332 1058 1334 1035 1334 923 1329 922 1329 920 1329 919 1329 911 1335 910 1337 895 1335 746 1323 745 1323 743 1323 742 1323 719 1339 651 1339 652 1369"/></Shape>
	    <String CONTENT="uit. Ergo ἀπιςτία non eſt hoc loco infidelitas &amp;"
                    HPOS="651"
                    VPOS="1314"
                    WIDTH="1053"
                    HEIGHT="75"></String>
          </TextLine>

          
          
          <TextLine ID="eSc_line_2cca8a39"
                    TAGREFS="LT4119"
                    BASELINE="651 1430 1698 1414" 
                    HPOS="649"
                    VPOS="1365"
                    WIDTH="1049"
                    HEIGHT="86">
            <Shape><Polygon POINTS="651 1430 651 1451 1698 1426 1698 1414 1695 1365 1601 1365 1600 1365 1598 1365 1595 1365 1564 1375 1543 1366 1542 1366 1540 1366 1539 1366 1537 1366 1502 1383 1276 1371 1274 1371 1273 1371 1271 1371 1213 1387 1128 1372 1124 1372 1122 1372 1121 1372 1119 1372 1097 1390 931 1393 871 1393 843 1380 841 1380 840 1380 838 1380 812 1393 788 1381 786 1381 785 1381 783 1381 782 1381 764 1395 696 1395 649 1380 651 1430"/></Shape>
	    <String CONTENT="incredulitas cum quadam malitia &amp; animi obſti¬"
                    HPOS="649"
                    VPOS="1365"
                    WIDTH="1049"
                    HEIGHT="86"
                    WC="0.989413616449937"></String>
          </TextLine>

          
          
          <TextLine ID="eSc_line_3c28a72e"
                    TAGREFS="LT4119"
                    BASELINE="651 1487 1705 1475" 
                    HPOS="649"
                    VPOS="1429"
                    WIDTH="1056"
                    HEIGHT="79">
            <Shape><Polygon POINTS="651 1487 651 1508 1215 1493 1246 1496 1302 1502 1304 1502 1305 1502 1322 1494 1329 1491 1387 1493 1557 1499 1558 1499 1560 1499 1561 1499 1576 1488 1705 1485 1705 1475 1702 1429 1595 1429 1594 1429 1592 1429 1589 1430 1561 1445 1502 1445 1491 1438 1490 1438 1488 1438 1487 1438 1439 1447 1412 1433 1411 1432 1409 1432 1408 1432 1406 1432 1403 1433 1378 1447 1307 1435 1298 1433 1279 1433 1277 1433 1276 1433 1274 1433 1274 1435 1273 1435 1258 1448 1219 1436 1210 1433 1209 1433 1207 1433 1107 1435 1090 1438 1044 1447 1015 1439 1006 1436 1005 1436 1003 1436 1002 1436 1000 1436 997 1439 983 1451 908 1454 728 1454 649 1445 651 1487"/></Shape>
	    <String CONTENT="natione coniuncta: ſed ſimplex &amp; præcedenti"
                    HPOS="649"
                    VPOS="1429"
                    WIDTH="1056"
                    HEIGHT="79"
                    WC="0.994807947513669"></String>
          </TextLine>

          
          
          <TextLine ID="eSc_line_b7663b9d"
                    TAGREFS="LT4119"
                    BASELINE="654 1546 1701 1531" 
                    HPOS="652"
                    VPOS="1487"
                    WIDTH="1049"
                    HEIGHT="80">
            <Shape><Polygon POINTS="654 1546 654 1566 700 1560 727 1564 740 1567 742 1567 743 1567 745 1567 749 1564 759 1558 800 1563 832 1567 834 1567 868 1561 890 1558 899 1561 913 1566 914 1566 916 1566 1045 1558 1052 1558 1069 1564 1070 1564 1072 1564 1105 1557 1119 1552 1402 1549 1429 1549 1591 1557 1592 1557 1701 1543 1701 1531 1696 1487 1592 1502 1536 1502 1506 1490 1500 1488 1499 1488 1497 1488 1496 1488 1490 1490 1470 1499 1436 1491 1424 1490 1423 1490 1421 1490 1414 1493 1383 1505 1224 1505 1210 1497 1206 1493 1204 1493 1203 1493 1176 1493 1174 1493 1173 1493 1160 1497 1136 1506 1099 1499 1072 1494 1070 1494 1069 1494 1067 1494 1067 1496 1063 1500 1054 1508 1014 1500 991 1497 990 1497 989 1497 987 1497 983 1502 980 1503 977 1502 971 1496 969 1496 968 1496 966 1496 916 1503 859 1512 831 1512 823 1505 816 1499 815 1499 813 1499 791 1499 789 1499 788 1499 786 1499 786 1500 779 1506 774 1511 764 1506 749 1500 748 1500 746 1500 745 1500 727 1506 710 1512 652 1509 654 1546"/></Shape>
	    <String CONTENT="verbi Domini prædicatione carens. Vnde quæſi¬"
                    HPOS="652"
                    VPOS="1487"
                    WIDTH="1049"
                    HEIGHT="80"
                    WC="0.980146545834012"></String>
          </TextLine>

          
          
          <TextLine ID="eSc_line_6f6bf8a1"
                    TAGREFS="LT4119"
                    BASELINE="651 1606 1705 1591" 
                    HPOS="649"
                    VPOS="1545"
                    WIDTH="1056"
                    HEIGHT="84">
            <Shape><Polygon POINTS="651 1606 651 1629 858 1629 858 1628 859 1628 868 1625 893 1616 1002 1622 1055 1625 1057 1625 1058 1625 1067 1621 1085 1613 1137 1619 1170 1624 1171 1624 1197 1619 1226 1612 1390 1610 1398 1615 1402 1619 1403 1619 1405 1619 1406 1621 1451 1621 1451 1619 1453 1619 1472 1613 1497 1607 1527 1613 1554 1618 1555 1618 1557 1618 1570 1612 1580 1607 1586 1612 1589 1615 1591 1615 1592 1615 1594 1615 1705 1609 1705 1591 1701 1545 1589 1560 1534 1551 1533 1551 1531 1551 1530 1551 1518 1561 1390 1561 1374 1551 1372 1551 1371 1551 1332 1551 1331 1551 1329 1551 1328 1551 1311 1564 1247 1566 649 1566 651 1606"/></Shape>
	    <String CONTENT="tum eſt vtrum ignorantia excuſet peccatores à"
                    HPOS="649"
                    VPOS="1545"
                    WIDTH="1056"
                    HEIGHT="84"
                    WC="0.989513522904852"></String>
          </TextLine>

          
          
          <TextLine ID="eSc_line_1f2d2f96"
                    TAGREFS="LT4119"
                    BASELINE="652 1664 1702 1650" 
                    HPOS="651"
                    VPOS="1606"
                    WIDTH="1051"
                    HEIGHT="81">
            <Shape><Polygon POINTS="652 1664 654 1687 691 1679 733 1686 742 1687 743 1687 745 1687 748 1686 770 1676 859 1685 883 1686 884 1686 991 1682 993 1682 994 1682 1005 1671 1137 1671 1176 1679 1194 1682 1195 1682 1197 1682 1210 1679 1238 1668 1393 1668 1411 1674 1423 1679 1424 1679 1426 1680 1467 1680 1467 1679 1469 1679 1482 1673 1499 1667 1522 1673 1545 1677 1546 1677 1573 1671 1600 1665 1622 1670 1643 1676 1644 1676 1646 1676 1702 1668 1702 1650 1699 1619 1641 1606 1598 1606 1597 1606 1595 1606 1594 1606 1577 1619 1557 1612 1555 1612 1554 1612 1552 1612 1551 1612 1540 1619 1491 1613 1490 1613 1398 1621 1369 1612 1368 1612 1366 1612 1365 1612 1345 1622 1232 1624 1146 1622 1136 1612 1134 1612 1133 1612 1131 1612 1021 1622 928 1615 926 1615 925 1615 923 1615 913 1624 886 1615 884 1615 883 1615 837 1622 770 1618 768 1618 767 1618 746 1627 710 1619 709 1619 651 1631 652 1664"/></Shape>
	    <String CONTENT="peccato. Quidam diſtingunt inter ignorantiam"
                    HPOS="651"
                    VPOS="1606"
                    WIDTH="1051"
                    HEIGHT="81"
                    WC="0.99954131110148"></String>
          </TextLine>

          
          
          <TextLine ID="eSc_line_51488764"
                    TAGREFS="LT4119"
                    BASELINE="652 1725 1695 1707" 
                    HPOS="651"
                    VPOS="1658"
                    WIDTH="1044"
                    HEIGHT="89">
            <Shape><Polygon POINTS="652 1725 652 1740 736 1747 737 1747 739 1747 770 1738 776 1738 792 1738 883 1744 884 1744 886 1744 904 1737 913 1734 942 1737 997 1743 999 1743 1106 1735 1180 1728 1268 1728 1277 1732 1283 1737 1284 1737 1286 1737 1287 1737 1289 1737 1302 1732 1310 1729 1317 1732 1328 1737 1329 1737 1331 1737 1332 1737 1334 1737 1340 1732 1348 1726 1693 1726 1695 1707 1692 1670 1619 1658 1618 1658 1616 1658 1615 1658 1615 1659 1603 1670 1588 1662 1586 1662 1585 1662 1583 1662 1582 1662 1569 1671 1563 1676 1393 1677 1389 1676 1369 1665 1368 1665 1286 1664 1284 1664 1283 1664 1252 1679 1249 1682 1173 1682 1170 1680 1154 1667 1152 1667 1151 1667 1149 1667 1148 1667 1121 1676 1093 1667 1091 1667 1090 1667 997 1668 926 1676 925 1676 923 1676 910 1686 875 1677 874 1677 873 1677 810 1680 782 1673 780 1673 779 1673 777 1673 751 1682 679 1674 678 1674 676 1674 675 1674 651 1687 652 1725"/></Shape>
	    <String CONTENT="Simplicem &amp; Malitioſam. Alij inter ea quæ i¬"
                    HPOS="651"
                    VPOS="1658"
                    WIDTH="1044"
                    HEIGHT="89"
                    WC="0.986024072224444"></String>
          </TextLine>

          
          
          <TextLine ID="eSc_line_aa454a45"
                    TAGREFS="LT4119"
                    BASELINE="654 1783 1702 1766" 
                    HPOS="652"
                    VPOS="1728"
                    WIDTH="1050"
                    HEIGHT="74">
            <Shape><Polygon POINTS="654 1783 654 1802 1225 1786 1261 1793 1264 1793 1265 1793 1274 1793 1417 1783 1461 1790 1466 1790 1467 1790 1472 1790 1518 1783 1701 1786 1702 1766 1699 1735 1628 1728 1627 1728 1466 1737 1445 1737 1442 1737 1430 1728 1429 1728 1427 1728 1426 1728 1424 1728 1408 1737 1406 1737 1389 1728 1387 1728 1320 1728 1319 1728 1224 1731 1222 1731 1204 1738 1195 1741 1179 1738 1139 1731 1137 1731 1136 1731 1134 1731 1134 1732 1127 1738 1122 1744 1067 1744 1060 1740 1051 1732 1049 1732 1048 1732 1047 1732 1045 1732 1030 1740 1029 1740 1017 1740 939 1734 938 1734 936 1734 925 1740 914 1745 890 1740 868 1735 867 1735 828 1737 826 1737 825 1737 820 1741 812 1747 652 1743 654 1783"/></Shape>
	    <String CONTENT="gnorantur. Aut enim ſunt vt illi aiunt, præcepta"
                    HPOS="652"
                    VPOS="1728"
                    WIDTH="1050"
                    HEIGHT="74"
                    WC="0.971114510049423"></String>
          </TextLine>

          
          
          <TextLine ID="eSc_line_cbe1964c"
                    TAGREFS="LT4119"
                    BASELINE="655 1841 1707 1824" 
                    HPOS="654"
                    VPOS="1780"
                    WIDTH="1053"
                    HEIGHT="84">
            <Shape><Polygon POINTS="655 1841 655 1864 733 1856 774 1862 777 1862 779 1862 780 1862 812 1853 837 1860 843 1862 844 1862 846 1862 847 1862 856 1860 892 1850 904 1859 905 1859 907 1859 908 1859 910 1859 914 1859 951 1848 977 1856 986 1859 987 1859 989 1859 1006 1856 1049 1847 1087 1853 1106 1856 1107 1856 1109 1856 1122 1853 1146 1845 1170 1851 1192 1856 1194 1856 1238 1848 1270 1844 1292 1847 1317 1851 1319 1851 1320 1851 1334 1847 1344 1842 1356 1845 1372 1850 1374 1850 1375 1850 1435 1844 1447 1842 1450 1842 1472 1851 1473 1851 1475 1851 1476 1851 1478 1851 1488 1844 1570 1847 1572 1847 1621 1838 1624 1838 1627 1838 1655 1845 1656 1845 1658 1845 1707 1835 1707 1824 1704 1795 1664 1792 1650 1780 1649 1780 1647 1780 1646 1780 1514 1796 1430 1796 1402 1784 1400 1784 1369 1784 1368 1784 1366 1784 1365 1784 1365 1786 1354 1795 1328 1784 1326 1784 1325 1784 1323 1784 1295 1798 1270 1786 1268 1786 1229 1786 1228 1786 1226 1786 1191 1796 1160 1787 1158 1787 1157 1787 1155 1787 1154 1787 1127 1804 1015 1804 989 1790 987 1790 948 1790 947 1790 945 1790 944 1790 944 1792 933 1802 920 1795 919 1795 917 1795 916 1795 914 1795 914 1796 904 1804 887 1792 886 1792 884 1792 855 1792 853 1792 852 1792 798 1808 654 1809 655 1841"/></Shape>
	    <String CONTENT="pertinentia ad Primam Legis tabulam, aut ad Se¬"
                    HPOS="654"
                    VPOS="1780"
                    WIDTH="1053"
                    HEIGHT="84"
                    WC="0.983103551763169"></String>
          </TextLine>

          
          
          <TextLine ID="eSc_line_9506f8c4"
                    TAGREFS="LT4119"
                    BASELINE="655 1899 1701 1884" 
                    HPOS="654"
                    VPOS="1839"
                    WIDTH="1047"
                    HEIGHT="79">
            <Shape><Polygon POINTS="655 1899 655 1918 1072 1915 1102 1909 1118 1906 1137 1909 1176 1914 1177 1914 1289 1905 1322 1903 1334 1905 1371 1909 1372 1909 1374 1909 1392 1903 1396 1902 1409 1903 1470 1909 1472 1909 1473 1909 1494 1900 1497 1900 1518 1900 1661 1905 1662 1905 1701 1896 1701 1884 1698 1853 1595 1839 1594 1839 1509 1842 1508 1842 1482 1856 1442 1856 1427 1842 1426 1842 1424 1842 1423 1842 1369 1844 1368 1844 1366 1844 1353 1854 1302 1845 1301 1845 1299 1845 1270 1857 1206 1845 1204 1845 1168 1848 1167 1848 1165 1848 1165 1850 1154 1860 1027 1860 986 1848 984 1848 983 1848 981 1848 980 1848 963 1863 928 1863 908 1850 907 1850 905 1850 864 1850 862 1850 861 1850 815 1863 759 1851 758 1851 757 1851 755 1851 739 1866 654 1866 655 1899"/></Shape>
	    <String CONTENT="cundam. Illa ignorare non conceditur, vt volunt."
                    HPOS="654"
                    VPOS="1839"
                    WIDTH="1047"
                    HEIGHT="79"
                    WC="0.977246275792519"></String>
          </TextLine>

          
          
          <TextLine ID="eSc_line_b6f1cf6d"
                    TAGREFS="LT4119"
                    BASELINE="655 1958 1705 1943" 
                    HPOS="654"
                    VPOS="1894"
                    WIDTH="1051"
                    HEIGHT="84">
            <Shape><Polygon POINTS="655 1958 655 1978 864 1978 864 1976 865 1976 870 1975 884 1967 983 1973 1002 1973 1003 1973 1005 1973 1006 1973 1006 1972 1017 1966 1058 1972 1072 1973 1073 1973 1103 1972 1203 1963 1249 1969 1250 1969 1289 1961 1347 1969 1357 1969 1359 1969 1372 1967 1436 1960 1464 1967 1469 1967 1470 1967 1472 1967 1473 1967 1476 1966 1503 1957 1601 1957 1704 1963 1705 1943 1701 1894 1649 1902 1618 1894 1612 1894 1610 1894 1609 1894 1607 1896 1582 1908 1542 1899 1540 1899 1539 1899 1512 1908 1497 1897 1497 1896 1496 1896 1494 1896 1493 1896 1491 1896 1487 1897 1454 1911 1415 1911 1395 1899 1392 1897 1390 1897 1389 1897 1375 1899 1283 1912 1268 1903 1267 1903 1265 1903 1264 1903 1232 1909 1203 1902 1197 1900 1195 1900 1194 1900 1158 1902 1027 1911 999 1905 990 1903 989 1903 987 1903 986 1903 984 1905 966 1917 929 1906 928 1906 926 1906 925 1906 862 1920 715 1920 703 1911 703 1909 701 1909 700 1909 699 1909 654 1909 655 1958"/></Shape>
	    <String CONTENT="Hæc autem licet, quæ ſunt Secundæ tabulæ. Reſ."
                    HPOS="654"
                    VPOS="1894"
                    WIDTH="1051"
                    HEIGHT="84"
                    WC="0.992572018633718"></String>
          </TextLine>

          
          
          <TextLine ID="eSc_line_f32988d5"
                    TAGREFS="LT4119"
                    BASELINE="657 2016 1696 2000" 
                    HPOS="655"
                    VPOS="1958"
                    WIDTH="1041"
                    HEIGHT="82">
            <Shape><Polygon POINTS="657 2016 657 2040 1044 2024 1075 2030 1102 2034 1103 2034 1133 2028 1158 2022 1173 2027 1188 2031 1189 2031 1191 2031 1192 2031 1213 2025 1224 2024 1241 2025 1314 2031 1316 2031 1317 2031 1338 2022 1345 2019 1357 2022 1386 2028 1387 2028 1389 2028 1408 2021 1415 2018 1473 2018 1478 2018 1505 2027 1506 2027 1508 2027 1509 2027 1511 2027 1511 2025 1521 2018 1522 2015 1604 2015 1606 2015 1628 2024 1630 2024 1631 2024 1696 2012 1696 2000 1693 1969 1537 1958 1536 1958 1491 1969 1484 1970 1475 1969 1423 1960 1421 1960 1420 1960 1418 1960 1409 1967 1402 1961 1400 1961 1399 1961 1317 1961 1316 1961 1314 1961 1313 1961 1301 1970 1298 1970 1284 1970 1238 1967 1237 1967 1235 1967 1229 1970 1219 1975 1204 1970 1183 1964 1182 1964 1180 1964 1139 1970 1100 1976 1023 1972 965 1967 963 1967 962 1967 953 1972 936 1980 893 1980 877 1972 871 1969 870 1969 868 1969 867 1969 858 1972 832 1982 701 1982 655 1973 657 2016"/></Shape>
	    <String CONTENT="Ignorantia excuſat non à toto: ſed à tanto Rom."
                    HPOS="655"
                    VPOS="1958"
                    WIDTH="1041"
                    HEIGHT="82"
                    WC="0.995114755873777"></String>
          </TextLine>

          
          
          <TextLine ID="eSc_line_ef89f462"
                    TAGREFS="LT4119"
                    BASELINE="657 2076 1707 2061" 
                    HPOS="655"
                    VPOS="2013"
                    WIDTH="1052"
                    HEIGHT="78">
            <Shape><Polygon POINTS="657 2076 657 2091 1707 2073 1707 2061 1702 2013 1580 2015 1579 2015 1577 2015 1577 2016 1567 2024 1558 2016 1557 2016 1557 2015 1555 2015 1554 2015 1552 2015 1539 2016 1499 2024 1454 2019 1427 2016 1426 2016 1424 2016 1412 2019 1387 2028 1335 2022 1320 2021 1319 2021 1317 2021 1310 2022 1284 2030 1270 2024 1267 2022 1265 2022 1264 2022 1216 2025 1124 2031 1107 2028 1076 2021 1075 2021 1073 2021 1045 2030 1035 2033 1029 2030 1014 2022 1012 2022 1011 2022 1009 2022 980 2031 968 2034 945 2033 877 2024 875 2024 874 2024 855 2034 850 2037 813 2037 812 2036 786 2025 785 2025 783 2025 782 2025 759 2037 757 2038 655 2038 657 2076"/></Shape>
	    <String CONTENT="2.verſ. 12. Nam ſi cæcus cæcum duxerit ambo in"
                    HPOS="655"
                    VPOS="2013"
                    WIDTH="1052"
                    HEIGHT="78"
                    WC="0.991226140571677"></String>
          </TextLine>

          
          
          <TextLine ID="eSc_line_19edd8a3"
                    TAGREFS="LT4119"
                    BASELINE="655 2134 1710 2117" 
                    HPOS="654"
                    VPOS="2068"
                    WIDTH="1056"
                    HEIGHT="91">
            <Shape><Polygon POINTS="655 2134 655 2159 728 2159 728 2157 730 2157 734 2156 762 2147 878 2153 895 2153 896 2153 910 2152 981 2144 1011 2150 1030 2153 1032 2153 1122 2152 1124 2152 1134 2147 1145 2141 1222 2144 1308 2149 1310 2149 1383 2141 1421 2137 1445 2140 1497 2146 1499 2146 1500 2146 1502 2146 1514 2138 1518 2135 1522 2137 1534 2143 1536 2143 1537 2143 1610 2135 1630 2134 1632 2135 1653 2143 1655 2143 1656 2143 1708 2132 1710 2117 1707 2083 1647 2083 1609 2068 1607 2068 1606 2068 1539 2070 1537 2070 1536 2070 1514 2083 1508 2088 1433 2088 1429 2085 1412 2073 1411 2073 1409 2073 1372 2073 1371 2073 1319 2085 1313 2086 1311 2085 1298 2079 1296 2079 1295 2079 1293 2079 1292 2079 1292 2080 1284 2086 1280 2091 1253 2091 1246 2086 1228 2074 1226 2074 1225 2074 1224 2074 1222 2074 1198 2083 1171 2076 1170 2076 1168 2076 1057 2085 1011 2079 1009 2079 1008 2079 990 2088 978 2094 959 2088 953 2086 951 2086 950 2086 948 2086 947 2086 945 2088 933 2095 917 2088 902 2082 901 2082 899 2082 898 2082 896 2082 896 2083 890 2088 881 2096 707 2098 697 2089 690 2083 688 2083 687 2083 685 2083 654 2089 655 2134"/></Shape>
	    <String CONTENT="foueam cadent: &amp; qui ducit, &amp; ipſe qui ducitur."
                    HPOS="654"
                    VPOS="2068"
                    WIDTH="1056"
                    HEIGHT="91"
                    WC="0.994944028397824"></String>
          </TextLine>

          
          
          <TextLine ID="eSc_line_b994231c"
                    TAGREFS="LT4119"
                    BASELINE="658 2193 1708 2178" 
                    HPOS="657"
                    VPOS="2129"
                    WIDTH="1051"
                    HEIGHT="97">
            <Shape><Polygon POINTS="658 2193 658 2217 718 2214 731 2218 758 2226 759 2226 761 2226 846 2217 862 2224 864 2224 865 2224 867 2224 902 2214 914 2211 919 2214 931 2223 932 2223 933 2223 935 2224 972 2224 972 2223 1036 2211 1051 2210 1063 2211 1119 2220 1121 2220 1122 2220 1124 2220 1140 2210 1143 2208 1155 2210 1221 2218 1222 2218 1224 2218 1259 2207 1262 2207 1265 2207 1292 2217 1293 2217 1295 2217 1296 2217 1335 2207 1390 2217 1392 2217 1531 2202 1534 2202 1536 2202 1577 2214 1579 2214 1580 2214 1582 2214 1583 2214 1603 2201 1606 2201 1658 2207 1659 2207 1708 2198 1708 2178 1705 2143 1649 2129 1647 2129 1488 2135 1487 2135 1485 2135 1470 2144 1393 2132 1392 2132 1390 2132 1354 2146 1250 2137 1249 2137 1247 2137 1228 2147 1197 2138 1195 2138 1194 2138 1192 2138 1170 2149 1109 2143 1107 2143 1106 2143 1075 2150 984 2138 983 2138 981 2138 980 2138 963 2153 929 2153 899 2140 898 2140 896 2140 895 2140 865 2153 762 2141 761 2141 759 2141 733 2156 657 2156 658 2193"/></Shape>
	    <String CONTENT="vt eſt Mat th. i5, &amp; apparet, Geneſ. 2o. verſ.5 &amp;7."
                    HPOS="657"
                    VPOS="2129"
                    WIDTH="1051"
                    HEIGHT="97"
                    WC="0.985442488801246"></String>
          </TextLine>

          
        </TextBlock>
        
        <TextBlock HPOS="1571.373291015625"
                   VPOS="2205.3505859375"
                   WIDTH="144.479736328125"
                   HEIGHT="45.31640625"
                   ID="block_3"
                   TAGREFS="BT10534">
          <Shape><Polygon POINTS="1571.37 2205.35 1715.85 2205.35 1715.85 2250.67 1571.37 2250.67 1571.37 2205.35"/></Shape>
          
          
          <TextLine ID="eSc_line_f837bd12"
                    TAGREFS="LT4119"
                    BASELINE="1583 2238 1711 2235" 
                    HPOS="1582"
                    VPOS="2189"
                    WIDTH="129"
                    HEIGHT="81">
            <Shape><Polygon POINTS="1583 2238 1583 2270 1711 2265 1711 2235 1708 2196 1598 2189 1597 2189 1595 2189 1594 2189 1582 2195 1583 2238"/></Shape>
	    <String CONTENT="Hinc"
                    HPOS="1582"
                    VPOS="2189"
                    WIDTH="129"
                    HEIGHT="81"
                    WC="0.998259782791138"></String>
          </TextLine>

          
        </TextBlock>
        

        
      </PrintSpace>
    </Page>
  </Layout>
</alto>
