<?xml version="1.0" encoding="UTF-8"?>
<alto xmlns:xsi="http://www.w3.org/2001/XMLSchema-instance"
      xmlns="http://www.loc.gov/standards/alto/ns-v4#"
      xsi:schemaLocation="http://www.loc.gov/standards/alto/ns-v4# http://www.loc.gov/standards/alto/v4/alto-4-2.xsd">
  <Description>
    <MeasurementUnit>pixel</MeasurementUnit>
    <sourceImageInformation>
      <fileName>2012948.png</fileName>
      
    </sourceImageInformation>
  </Description>
  
  <Tags>
    <OtherTag ID="BT10544" LABEL="text" DESCRIPTION="block type text"/><OtherTag ID="BT10543" LABEL="NumberingZone" DESCRIPTION="block type NumberingZone"/><OtherTag ID="BT10542" LABEL="MainZone" DESCRIPTION="block type MainZone"/><OtherTag ID="BT10538" LABEL="RunningTitleZone" DESCRIPTION="block type RunningTitleZone"/><OtherTag ID="BT10537" LABEL="DropCapitalZone" DESCRIPTION="block type DropCapitalZone"/><OtherTag ID="BT10536" LABEL="GraphicZone" DESCRIPTION="block type GraphicZone"/><OtherTag ID="BT10535" LABEL="TitlePageZone" DESCRIPTION="block type TitlePageZone"/><OtherTag ID="BT10534" LABEL="QuireMarksZone" DESCRIPTION="block type QuireMarksZone"/><OtherTag ID="BT10533" LABEL="MarginTextZone" DESCRIPTION="block type MarginTextZone"/>
    <OtherTag ID="LT4122" LABEL="default" DESCRIPTION="line type default"/><OtherTag ID="LT4119" LABEL="DefaultLine" DESCRIPTION="line type DefaultLine"/><OtherTag ID="LT4118" LABEL="HeadingLine" DESCRIPTION="line type HeadingLine"/><OtherTag ID="LT4117" LABEL="CustomLine : BiblicalText" DESCRIPTION="line type CustomLine : BiblicalText"/>
  </Tags>
  
  <Layout>
    <Page WIDTH="1807"
          HEIGHT="2677"
          PHYSICAL_IMG_NR="64"
          ID="eSc_dummypage_">
      <PrintSpace HPOS="0"
                  VPOS="0"
                  WIDTH="1807"
                  HEIGHT="2677">
        
        <TextBlock HPOS="627.4762573242188"
                   VPOS="198.62327575683594"
                   WIDTH="72.5537109375"
                   HEIGHT="56.3099365234375"
                   ID="block_5"
                   TAGREFS="BT10543">
          <Shape><Polygon POINTS="627.476 198.623 700.03 198.623 700.03 254.933 627.476 254.933 627.476 198.623"/></Shape>
          
          
          <TextLine ID="eSc_line_83540407"
                    TAGREFS="LT4119"
                    BASELINE="633 236 690 236" 
                    HPOS="631"
                    VPOS="200"
                    WIDTH="58"
                    HEIGHT="72">
            <Shape><Polygon POINTS="675 200 653 200 631 200 631 234 631 272 689 263 689 234 689 200 675 200"/></Shape>
	    <String CONTENT="36"
                    HPOS="631"
                    VPOS="200"
                    WIDTH="58"
                    HEIGHT="72"></String>
          </TextLine>

          
        </TextBlock>
        
        <TextBlock HPOS="803.9334716796875"
                   VPOS="172.34132385253906"
                   WIDTH="686.7835693359375"
                   HEIGHT="71.94091796875"
                   ID="block_4"
                   TAGREFS="BT10538">
          <Shape><Polygon POINTS="803.933 172.341 1490.72 172.341 1490.72 244.282 803.933 244.282 803.933 172.341"/></Shape>
          
          
          <TextLine ID="eSc_line_170811f4"
                    TAGREFS="LT4118"
                    BASELINE="806 236 1478 217" 
                    HPOS="803"
                    VPOS="166"
                    WIDTH="675"
                    HEIGHT="86">
            <Shape><Polygon POINTS="1457 171 1442 171 1427 171 1421 169 1398 175 1389 168 1383 168 1368 168 1353 166 1338 166 1323 166 1314 166 1215 184 1210 184 1209 184 1177 169 1176 169 1174 169 1173 169 1171 169 1151 185 1149 187 1090 187 1076 176 1076 175 1075 175 1073 175 1072 175 1070 175 1069 175 1069 176 1057 185 1014 174 1012 174 1011 174 1009 174 1008 174 1008 175 993 188 936 191 905 193 902 193 856 178 855 178 853 178 852 178 803 194 806 236 806 243 850 252 852 252 899 251 901 251 902 251 902 249 904 249 910 242 911 240 929 242 978 248 980 248 981 248 999 242 1012 237 1026 240 1035 243 1036 243 1038 243 1070 240 1133 234 1158 239 1173 242 1174 242 1176 242 1177 242 1180 239 1191 233 1237 239 1259 240 1261 240 1276 237 1322 229 1354 237 1359 237 1360 237 1362 237 1363 237 1365 237 1365 236 1375 227 1395 236 1396 236 1398 236 1476 234 1478 217 1476 185 1473 182"/></Shape>
	    <String CONTENT="AD I. PAVL. AD TIM."
                    HPOS="803"
                    VPOS="166"
                    WIDTH="675"
                    HEIGHT="86"
                    WC="0.990539306088498"></String>
          </TextLine>

          
        </TextBlock>
        
        <TextBlock HPOS="614.958740234375"
                   VPOS="244.1282958984375"
                   WIDTH="1094.1241455078125"
                   HEIGHT="1034.46044921875"
                   ID="block_0"
                   TAGREFS="BT10542">
          <Shape><Polygon POINTS="614.959 244.128 1709.08 244.128 1709.08 1278.59 614.959 1278.59 614.959 244.128"/></Shape>
          
          
          <TextLine ID="eSc_line_e856ef13"
                    TAGREFS="LT4119"
                    BASELINE="621 309 1310 287 1680 281" 
                    HPOS="620"
                    VPOS="223"
                    WIDTH="1060"
                    HEIGHT="108">
            <Shape><Polygon POINTS="1671 236 1624 223 1615 223 1549 242 1548 242 1470 230 1469 230 1395 246 1393 246 1293 232 1292 232 1267 233 1265 233 1264 233 1235 252 1234 252 1182 252 1139 236 1137 236 1136 236 1134 236 1082 257 1044 257 1017 240 1015 240 1014 240 1012 240 1011 240 972 260 928 260 880 245 878 245 834 245 832 245 831 245 829 245 806 263 786 255 785 255 783 255 782 255 765 263 724 248 722 248 721 248 646 254 645 254 620 267 621 309 621 322 667 331 669 331 765 319 777 318 786 318 878 325 880 325 881 325 905 315 905 313 1036 310 1052 310 1225 315 1226 315 1228 315 1264 304 1289 313 1290 313 1292 313 1293 313 1314 303 1334 310 1335 310 1337 310 1338 310 1340 310 1350 303 1359 310 1360 310 1362 310 1363 310 1448 309 1450 309 1473 301 1551 306 1552 306 1554 306 1574 297 1600 304 1601 304 1603 304 1680 291 1680 281 1679 242 1674 239"/></Shape>
	    <String CONTENT="ſed in eo debere Timotheum ſuſtentari bona ſpe"
                    HPOS="620"
                    VPOS="223"
                    WIDTH="1060"
                    HEIGHT="108"
                    WC="0.985667093940403"></String>
          </TextLine>

          
          
          <TextLine ID="eSc_line_682693d9"
                    TAGREFS="LT4119"
                    BASELINE="624 367 1676 340" 
                    HPOS="621"
                    VPOS="292"
                    WIDTH="1055"
                    HEIGHT="91">
            <Shape><Polygon POINTS="624 367 624 382 849 383 850 383 852 383 864 377 873 374 905 377 947 380 948 380 950 380 951 380 956 376 960 373 975 376 996 379 997 379 1039 374 1091 368 1152 371 1195 374 1197 374 1198 374 1200 374 1203 371 1210 365 1235 370 1244 371 1246 371 1247 371 1252 370 1268 364 1287 370 1296 371 1298 371 1299 371 1322 368 1359 364 1409 367 1438 368 1439 368 1441 368 1442 368 1442 367 1444 367 1451 359 1518 365 1533 365 1534 365 1543 364 1585 356 1600 364 1601 364 1603 364 1604 364 1676 361 1676 340 1671 304 1594 304 1563 292 1561 292 1560 292 1558 292 1514 306 1458 298 1457 298 1456 298 1436 309 1435 310 1424 310 1380 310 1323 298 1322 298 1320 298 1301 306 1235 303 1234 303 1232 303 1231 303 1219 312 1177 303 1176 303 1174 303 1146 316 1145 316 1143 316 1090 304 1088 304 1048 312 954 309 953 309 951 309 914 322 911 322 907 322 858 313 856 313 782 325 777 325 774 325 730 315 728 315 727 315 701 327 701 328 621 328 624 367"/></Shape>
	    <String CONTENT="quæ Dei promiſſionibus generalibus, &amp; præce¬"
                    HPOS="621"
                    VPOS="292"
                    WIDTH="1055"
                    HEIGHT="91"
                    WC="0.980123893781142"></String>
          </TextLine>

          
          
          <TextLine ID="eSc_line_2f7256da"
                    TAGREFS="LT4119"
                    BASELINE="624 426 1674 397" 
                    HPOS="623"
                    VPOS="356"
                    WIDTH="1051"
                    HEIGHT="91">
            <Shape><Polygon POINTS="624 426 624 440 664 447 666 447 667 447 691 438 694 438 715 438 820 441 822 441 920 434 962 431 969 432 987 438 989 438 990 438 1024 431 1044 428 1061 431 1094 435 1096 435 1136 429 1160 425 1176 428 1198 432 1200 432 1238 426 1271 422 1311 425 1354 428 1356 428 1673 416 1674 397 1671 358 1365 356 1363 356 1362 356 1360 356 1360 358 1350 367 1348 367 1341 367 1271 359 1270 359 1268 359 1267 359 1256 368 1256 370 1197 371 1191 371 1146 362 1145 362 1097 373 1091 374 1087 374 1041 365 1039 365 981 376 850 371 849 371 623 386 624 426"/></Shape>
	    <String CONTENT="dẽtibus illis Prophetijs incumbat. Miniſterij ve¬"
                    HPOS="623"
                    VPOS="356"
                    WIDTH="1051"
                    HEIGHT="91"
                    WC="0.976663309335709"></String>
          </TextLine>

          
          
          <TextLine ID="eSc_line_198b8df8"
                    TAGREFS="LT4119"
                    BASELINE="627 487 984 472 1677 456" 
                    HPOS="624"
                    VPOS="407"
                    WIDTH="1053"
                    HEIGHT="92">
            <Shape><Polygon POINTS="627 487 627 499 1676 475 1677 456 1674 416 1637 407 1635 407 1634 407 1609 416 1598 422 1478 423 1467 419 1453 413 1451 413 1450 413 1448 413 1447 413 1436 420 1429 425 1412 420 1386 413 1384 413 1383 413 1381 413 1347 422 1328 426 1302 423 1277 419 1276 419 1274 419 1273 419 1268 423 1259 431 1221 431 1186 425 1160 420 1158 420 1157 420 1137 426 1110 434 1061 428 1027 423 1026 423 1024 423 1023 423 1023 425 1018 428 1011 435 948 438 931 429 923 426 922 426 920 426 877 431 804 440 794 432 792 431 791 431 789 431 788 431 786 431 780 432 764 440 751 434 745 431 743 431 742 431 624 435 627 487"/></Shape>
	    <String CONTENT="rò Euangelici curſum cõparat militari certami¬"
                    HPOS="624"
                    VPOS="407"
                    WIDTH="1053"
                    HEIGHT="92"
                    WC="0.99772035330534"></String>
          </TextLine>

          
          
          <TextLine ID="eSc_line_d8eb285f"
                    TAGREFS="LT4119"
                    BASELINE="627 545 1003 530 1679 519" 
                    HPOS="626"
                    VPOS="471"
                    WIDTH="1053"
                    HEIGHT="91">
            <Shape><Polygon POINTS="627 545 627 562 771 551 786 559 788 559 789 559 887 557 899 556 954 547 1000 553 1015 554 1017 554 1018 554 1020 554 1023 553 1033 545 1066 551 1081 553 1082 553 1125 550 1215 541 1301 544 1351 545 1353 545 1377 542 1408 536 1430 539 1454 544 1456 544 1457 544 1472 539 1485 535 1506 538 1537 542 1539 542 1679 532 1679 519 1676 478 1644 472 1643 472 1603 480 1589 481 1577 480 1509 471 1508 471 1506 471 1475 483 1470 484 1460 483 1418 477 1417 477 1366 486 1363 486 1347 474 1345 474 1344 474 1342 474 1271 489 1265 489 1250 477 1249 477 1247 477 1213 477 1212 477 1210 477 1209 477 1186 490 1182 490 1084 480 1082 480 1033 481 1032 481 1030 481 1014 495 1012 495 951 483 950 483 948 483 896 498 840 499 820 499 819 499 773 487 771 487 770 487 768 487 767 487 748 501 670 490 669 490 667 490 626 504 627 545"/></Shape>
	    <String CONTENT="ni, nec hîc modò, ſed in 2 Timoth. 2.verſ.3 4.v."
                    HPOS="626"
                    VPOS="471"
                    WIDTH="1053"
                    HEIGHT="91"
                    WC="0.98300711274147"></String>
          </TextLine>

          
          
          <TextLine ID="eSc_line_7f6f9b0c"
                    TAGREFS="LT4119"
                    BASELINE="635 600 1673 575" 
                    HPOS="633"
                    VPOS="529"
                    WIDTH="1040"
                    HEIGHT="92">
            <Shape><Polygon POINTS="635 600 635 621 712 612 794 617 806 617 807 617 809 617 810 617 820 609 932 612 997 614 999 614 1027 609 1063 603 1121 606 1182 609 1183 609 1185 609 1198 603 1207 599 1305 597 1326 600 1365 605 1366 605 1412 597 1429 594 1479 594 1656 597 1658 597 1659 597 1661 597 1673 590 1673 575 1668 533 1536 539 1530 536 1512 529 1511 529 1509 529 1469 538 1463 539 1453 539 1377 532 1375 532 1374 532 1340 542 1334 544 1331 542 1313 533 1311 533 1310 533 1308 533 1287 544 1284 545 1119 551 1087 551 1085 550 1070 539 1069 539 1067 539 1066 539 913 550 816 545 815 545 633 562 635 600"/></Shape>
	    <String CONTENT="7. vti &amp; Deus ipſe ſe comparat duci. Exod.15.V.5."
                    HPOS="633"
                    VPOS="529"
                    WIDTH="1040"
                    HEIGHT="92"
                    WC="0.982629145894732"></String>
          </TextLine>

          
          
          <TextLine ID="eSc_line_e24eade0"
                    TAGREFS="LT4119"
                    BASELINE="629 661 1476 638 1680 638" 
                    HPOS="627"
                    VPOS="584"
                    WIDTH="1053"
                    HEIGHT="94">
            <Shape><Polygon POINTS="629 661 629 673 812 669 822 670 850 678 852 678 853 678 917 669 944 666 965 669 1000 673 1002 673 1003 673 1005 673 1014 667 1021 663 1039 667 1055 670 1057 670 1058 670 1069 666 1084 661 1109 666 1128 669 1130 669 1280 666 1282 666 1289 663 1305 655 1679 655 1680 638 1677 594 1577 584 1576 584 1574 584 1573 584 1551 599 1359 602 1296 591 1295 591 1261 593 1259 593 1258 593 1238 606 1222 594 1221 594 1219 594 1218 594 1158 605 1130 596 1128 596 1127 596 1125 596 1099 605 1039 599 1038 599 1036 599 1012 609 974 603 972 603 971 603 969 603 957 614 954 614 920 606 919 606 917 606 884 615 883 615 880 615 809 605 807 605 806 605 765 615 707 608 706 608 704 608 676 621 675 623 627 623 629 661"/></Shape>
	    <String CONTENT="vt intelligatur qualis ſit Miniſtrorum conditio,"
                    HPOS="627"
                    VPOS="584"
                    WIDTH="1053"
                    HEIGHT="94"
                    WC="0.983817552526792"></String>
          </TextLine>

          
          
          <TextLine ID="eSc_line_adb00f5d"
                    TAGREFS="LT4119"
                    BASELINE="624 718 1679 691" 
                    HPOS="623"
                    VPOS="645"
                    WIDTH="1056"
                    HEIGHT="92">
            <Shape><Polygon POINTS="624 718 624 737 1679 704 1679 691 1676 654 1609 645 1607 645 1537 654 1493 648 1491 648 1490 648 1488 648 1488 649 1479 658 1478 658 1475 658 1435 649 1433 649 1383 660 1374 661 1366 660 1331 652 1329 652 1328 652 1307 661 1302 664 1189 666 1185 664 1167 657 1165 657 1164 657 1163 657 1161 657 1152 664 1066 660 1064 660 1026 667 1012 670 993 669 939 663 938 663 936 663 911 670 901 673 892 670 871 664 870 664 868 664 867 664 852 672 846 675 810 673 730 667 728 667 623 676 624 718"/></Shape>
	    <String CONTENT="nimirum dura &amp; certaminum aduerſus hæreſes"
                    HPOS="623"
                    VPOS="645"
                    WIDTH="1056"
                    HEIGHT="92"
                    WC="0.973253831976936"></String>
          </TextLine>

          
          
          <TextLine ID="eSc_line_188852eb"
                    TAGREFS="LT4119"
                    BASELINE="629 777 1699 752" 
                    HPOS="627"
                    VPOS="703"
                    WIDTH="1072"
                    HEIGHT="97">
            <Shape><Polygon POINTS="627 736 629 777 629 800 688 800 690 800 712 789 743 797 745 797 746 797 748 797 749 797 759 788 815 794 816 794 881 785 1003 792 1005 792 1148 779 1256 786 1258 786 1322 774 1377 783 1378 783 1380 783 1381 783 1398 771 1488 771 1502 779 1503 779 1505 779 1506 779 1508 779 1509 779 1509 777 1518 770 1698 776 1699 752 1696 716 1579 703 1577 703 1576 703 1536 715 1403 707 1402 707 1400 707 1372 721 1368 724 1323 724 1316 721 1295 713 1293 713 1292 713 1290 713 1274 722 1268 725 1213 725 1207 724 1192 713 1191 713 1189 713 1143 713 1142 713 1140 713 1139 713 1121 724 1115 728 1084 725 1011 716 1009 716 1008 716 1006 716 990 727 987 728 966 727 931 724 929 724 911 728 883 734 865 728 852 724 850 724 849 724 847 724 835 728 819 736 792 730 765 724 764 724 629 731 627 736"/></Shape>
	    <String CONTENT="&amp; vitia hominum plena. Neque verò hoc facit,"
                    HPOS="627"
                    VPOS="703"
                    WIDTH="1072"
                    HEIGHT="97"
                    WC="0.991013325585259"></String>
          </TextLine>

          
          
          <TextLine ID="eSc_line_120435a3"
                    TAGREFS="LT4119"
                    BASELINE="635 835 1683 809" 
                    HPOS="632"
                    VPOS="764"
                    WIDTH="1051"
                    HEIGHT="95">
            <Shape><Polygon POINTS="635 835 635 849 749 859 751 859 809 846 856 856 858 856 859 856 884 844 1035 849 1036 849 1113 838 1148 849 1149 849 1151 849 1152 849 1177 837 1213 847 1215 847 1216 847 1368 843 1369 843 1371 843 1387 832 1436 840 1438 840 1485 831 1503 840 1505 840 1506 840 1569 826 1570 826 1572 826 1665 835 1667 835 1668 835 1670 835 1683 825 1683 809 1680 771 1627 764 1625 764 1564 773 1563 773 1552 764 1551 764 1549 764 1512 764 1511 764 1509 764 1508 764 1494 774 1493 774 1484 774 1332 768 1331 768 1329 768 1328 768 1313 777 1310 780 1271 780 1247 779 1157 773 1155 773 1154 773 1152 773 1142 782 1139 783 1119 782 1057 776 1055 776 1054 776 1039 783 1033 786 1018 783 981 777 980 777 908 786 890 788 884 786 871 782 870 782 868 782 867 782 865 782 859 786 855 791 813 788 749 783 748 783 632 791 635 835"/></Shape>
	    <String CONTENT="vt Epiſcopi militaribus ſe negotijs immiſceant."
                    HPOS="632"
                    VPOS="764"
                    WIDTH="1051"
                    HEIGHT="95"
                    WC="0.985387601750962"></String>
          </TextLine>

          
          
          <TextLine ID="eSc_line_caf55983"
                    TAGREFS="LT4119"
                    BASELINE="636 893 1688 867" 
                    HPOS="633"
                    VPOS="820"
                    WIDTH="1055"
                    HEIGHT="93">
            <Shape><Polygon POINTS="636 893 636 913 1058 898 1287 899 1331 899 1332 899 1334 899 1335 899 1344 892 1375 898 1380 898 1381 898 1387 898 1454 887 1464 895 1466 895 1467 895 1469 895 1515 887 1686 890 1688 867 1685 834 1628 820 1627 820 1555 829 1514 823 1512 823 1458 837 1448 838 1445 837 1433 826 1432 826 1430 826 1395 826 1393 826 1392 826 1348 837 1331 841 1222 840 1165 838 1164 838 1149 840 1112 846 1084 841 1052 835 1051 835 1049 835 1048 835 1039 841 1027 849 913 852 893 843 884 840 883 840 881 840 880 840 878 840 875 843 862 855 844 855 823 844 816 841 815 841 813 841 812 841 806 844 785 856 749 856 709 846 707 846 706 846 633 846 636 893"/></Shape>
	    <String CONTENT="Iure enim damnantur, qui arma tractant, Epiſco¬"
                    HPOS="633"
                    VPOS="820"
                    WIDTH="1055"
                    HEIGHT="93"
                    WC="0.991407825591716"></String>
          </TextLine>

          
          
          <TextLine ID="eSc_line_1fe6d8b9"
                    TAGREFS="LT4119"
                    BASELINE="635 953 1692 929" 
                    HPOS="633"
                    VPOS="880"
                    WIDTH="1059"
                    HEIGHT="95">
            <Shape><Polygon POINTS="635 953 635 975 712 966 761 974 764 974 765 974 767 974 768 974 779 965 806 969 807 969 809 969 834 959 990 959 1014 966 1017 968 1018 968 1020 968 1021 968 1024 966 1042 957 1174 962 1219 963 1221 963 1244 960 1313 950 1389 956 1426 959 1427 959 1450 954 1494 945 1690 947 1692 929 1688 880 1569 881 1567 881 1566 881 1566 883 1564 883 1552 893 1429 887 1381 886 1380 886 1359 890 1323 898 1307 892 1295 887 1293 887 1292 887 1262 893 1224 901 1188 895 1161 892 1160 892 1158 892 1157 892 1157 893 1152 896 1145 902 1116 898 1087 893 1085 893 1084 893 1067 899 1055 904 1047 901 1030 893 1029 893 1027 893 975 902 957 905 945 904 913 896 911 896 910 896 889 905 880 908 871 905 853 901 852 901 850 901 849 901 847 901 841 907 838 910 762 911 751 910 701 901 700 901 633 913 635 953"/></Shape>
	    <String CONTENT="pi. Nam nemo militans Deo, ſe implicare debet"
                    HPOS="633"
                    VPOS="880"
                    WIDTH="1059"
                    HEIGHT="95"
                    WC="0.986289891931746"></String>
          </TextLine>

          
          
          <TextLine ID="eSc_line_a450a171"
                    TAGREFS="LT4119"
                    BASELINE="638 1012 1686 984" 
                    HPOS="635"
                    VPOS="939"
                    WIDTH="1051"
                    HEIGHT="94">
            <Shape><Polygon POINTS="638 1012 638 1026 712 1026 728 1033 730 1033 731 1033 733 1033 765 1024 798 1033 800 1033 801 1033 853 1021 858 1021 861 1021 884 1030 886 1030 887 1030 889 1030 911 1021 914 1018 1002 1018 1003 1018 1017 1027 1018 1027 1020 1027 1021 1027 1023 1027 1024 1027 1024 1026 1035 1018 1036 1017 1049 1018 1119 1024 1121 1024 1122 1024 1149 1015 1152 1015 1154 1015 1186 1023 1188 1023 1313 1012 1332 1011 1335 1012 1342 1018 1344 1018 1345 1018 1347 1018 1400 1017 1402 1017 1420 1009 1430 1006 1484 1008 1573 1012 1574 1012 1576 1012 1589 1006 1592 1005 1685 1005 1686 984 1682 942 1515 951 1503 947 1481 939 1479 939 1478 939 1476 939 1475 939 1464 948 1458 954 1406 954 1374 951 1305 944 1304 944 1264 945 1262 945 1261 945 1244 956 1238 959 1200 957 1110 951 1109 951 1107 951 1084 960 1075 963 1060 962 1009 953 1008 953 859 956 858 956 856 956 841 968 838 971 742 971 722 971 693 960 691 960 690 960 688 960 635 974 638 1012"/></Shape>
	    <String CONTENT="illis negotijs 2 Timoth.2. verſ.4 Hoc enim genus"
                    HPOS="635"
                    VPOS="939"
                    WIDTH="1051"
                    HEIGHT="94"
                    WC="0.986399027208487"></String>
          </TextLine>

          
          
          <TextLine ID="eSc_line_38c16fb5"
                    TAGREFS="LT4119"
                    BASELINE="638 1073 983 1060 1686 1045" 
                    HPOS="636"
                    VPOS="996"
                    WIDTH="1050"
                    HEIGHT="94">
            <Shape><Polygon POINTS="638 1073 638 1088 865 1090 867 1090 914 1081 926 1079 932 1081 950 1085 951 1085 953 1085 954 1085 956 1085 962 1079 965 1076 1180 1072 1192 1073 1241 1081 1243 1081 1244 1081 1271 1070 1274 1070 1295 1070 1482 1075 1484 1075 1485 1075 1511 1064 1514 1064 1604 1072 1606 1072 1686 1058 1686 1045 1683 1006 1638 996 1637 996 1549 1009 1542 1009 1537 1009 1490 1003 1488 1003 1444 1011 1415 1002 1414 1002 1412 1002 1363 1014 1360 1014 1357 1014 1323 1003 1322 1003 1320 1003 1319 1003 1317 1003 1317 1005 1305 1014 1270 1008 1268 1008 1267 1008 1238 1017 1235 1017 1219 1017 1005 1011 1003 1011 899 1014 898 1014 877 1026 875 1026 873 1026 835 1015 834 1015 832 1015 831 1015 829 1015 813 1027 812 1027 803 1027 696 1018 694 1018 636 1030 638 1073"/></Shape>
	    <String CONTENT="militiæ eſt ſpirituale, non carnale, &amp; arma Epi¬"
                    HPOS="636"
                    VPOS="996"
                    WIDTH="1050"
                    HEIGHT="94"
                    WC="0.981447714070479"></String>
          </TextLine>

          
          
          <TextLine ID="eSc_line_9b85a9b1"
                    TAGREFS="LT4119"
                    BASELINE="638 1130 1679 1100" 
                    HPOS="636"
                    VPOS="1055"
                    WIDTH="1043"
                    HEIGHT="99">
            <Shape><Polygon POINTS="638 1130 638 1143 739 1154 740 1154 742 1154 785 1140 794 1139 801 1140 832 1151 834 1151 835 1151 837 1151 838 1151 852 1140 855 1137 867 1139 895 1145 896 1145 898 1145 899 1145 907 1139 911 1134 959 1134 969 1137 997 1146 999 1146 1000 1146 1002 1146 1036 1136 1054 1131 1070 1136 1084 1139 1085 1139 1087 1139 1128 1134 1179 1128 1234 1131 1311 1137 1313 1137 1314 1137 1316 1137 1326 1130 1329 1128 1332 1130 1338 1136 1340 1136 1341 1136 1342 1136 1392 1128 1427 1124 1438 1128 1450 1133 1451 1133 1453 1133 1454 1133 1464 1127 1479 1119 1499 1127 1505 1128 1506 1128 1508 1128 1509 1128 1514 1127 1527 1121 1546 1125 1557 1128 1558 1128 1560 1128 1677 1122 1679 1100 1674 1061 1606 1066 1597 1063 1580 1055 1579 1055 1577 1055 1576 1055 1574 1055 1574 1057 1567 1063 1563 1067 1549 1064 1524 1057 1522 1057 1521 1057 1485 1066 1463 1072 1395 1072 1380 1067 1362 1063 1360 1063 1359 1063 1332 1069 1305 1075 1253 1070 1238 1070 1237 1070 1224 1072 1180 1078 1171 1073 1161 1067 1160 1067 1158 1067 1157 1067 1139 1073 1122 1079 1090 1075 1054 1070 1052 1070 956 1073 954 1073 953 1073 945 1078 933 1085 911 1079 893 1075 892 1075 890 1075 861 1081 823 1088 813 1082 807 1078 806 1078 804 1078 803 1078 801 1078 800 1078 794 1082 782 1088 636 1087 638 1130"/></Shape>
	    <String CONTENT="ſcoporum ſunt ſpiritualia:nempe, preces, lachry¬"
                    HPOS="636"
                    VPOS="1055"
                    WIDTH="1043"
                    HEIGHT="99"
                    WC="0.981980172296365"></String>
          </TextLine>

          
          
          <TextLine ID="eSc_line_e513002f"
                    TAGREFS="LT4119"
                    BASELINE="639 1191 980 1177 1689 1163" 
                    HPOS="638"
                    VPOS="1113"
                    WIDTH="1051"
                    HEIGHT="96">
            <Shape><Polygon POINTS="639 1191 639 1206 755 1201 774 1204 807 1209 809 1209 810 1209 812 1209 820 1203 826 1198 843 1201 868 1207 870 1207 871 1207 890 1200 901 1197 938 1198 977 1201 978 1201 1027 1197 1066 1192 1082 1194 1124 1201 1125 1201 1127 1201 1155 1192 1161 1191 1198 1191 1334 1194 1335 1194 1337 1194 1338 1194 1347 1186 1348 1186 1350 1186 1395 1194 1396 1194 1398 1194 1414 1186 1424 1194 1426 1194 1427 1194 1429 1194 1552 1191 1613 1179 1615 1179 1659 1188 1661 1188 1662 1188 1689 1176 1689 1163 1685 1113 1640 1115 1638 1115 1612 1128 1579 1116 1577 1116 1576 1116 1574 1116 1564 1118 1470 1131 1411 1124 1390 1121 1389 1121 1387 1121 1377 1124 1351 1134 1298 1128 1276 1125 1274 1125 1273 1125 1271 1125 1271 1127 1268 1128 1261 1136 1246 1130 1243 1128 1241 1128 1240 1128 1238 1128 1232 1130 1218 1134 1207 1131 1188 1125 1186 1125 1185 1125 1183 1125 1163 1133 1146 1139 1125 1134 1105 1130 1103 1130 1102 1130 1100 1130 1094 1136 1088 1140 1081 1136 1073 1133 1072 1133 1070 1133 1069 1133 1067 1133 1067 1134 1064 1137 1058 1143 993 1143 978 1140 945 1131 944 1131 942 1131 865 1145 852 1146 847 1145 823 1134 822 1134 820 1134 819 1134 791 1148 789 1149 724 1149 691 1139 690 1139 688 1139 687 1139 638 1152 639 1191"/></Shape>
	    <String CONTENT="mæ, verbum Dei:non autem carnalia, qualis eſt"
                    HPOS="638"
                    VPOS="1113"
                    WIDTH="1051"
                    HEIGHT="96"
                    WC="0.978987346755134"></String>
          </TextLine>

          
          
          <TextLine ID="eSc_line_14fc1ebd"
                    TAGREFS="LT4119"
                    BASELINE="645 1247 1185 1232" 
                    HPOS="642"
                    VPOS="1185"
                    WIDTH="543"
                    HEIGHT="85">
            <Shape><Polygon POINTS="645 1247 645 1270 742 1270 743 1270 748 1267 764 1259 794 1265 804 1267 806 1267 807 1267 809 1267 812 1265 825 1256 877 1262 913 1265 914 1265 916 1265 933 1259 951 1252 987 1252 993 1256 996 1259 996 1261 997 1261 999 1261 1000 1261 1002 1261 1017 1255 1032 1250 1042 1255 1052 1259 1054 1259 1055 1259 1057 1259 1058 1259 1058 1258 1064 1253 1067 1249 1185 1247 1185 1232 1180 1195 1119 1197 1116 1197 1099 1185 1097 1185 1096 1185 1094 1185 1093 1185 1091 1185 1073 1198 1070 1200 1038 1200 1038 1198 1024 1188 1023 1188 1021 1188 989 1188 987 1188 986 1188 959 1201 957 1201 956 1201 926 1189 925 1189 923 1189 922 1189 920 1189 899 1203 896 1204 871 1204 870 1203 816 1192 815 1192 813 1192 812 1192 795 1206 789 1206 770 1206 768 1206 754 1194 752 1194 751 1194 749 1194 642 1209 645 1247"/></Shape>
	    <String CONTENT="gladius bombarda, &amp;c."
                    HPOS="642"
                    VPOS="1185"
                    WIDTH="543"
                    HEIGHT="85"
                    WC="0.994406597954886"></String>
          </TextLine>

          
        </TextBlock>
        
        <TextBlock HPOS="636.4860229492188"
                   VPOS="1299.3515625"
                   WIDTH="1070.5669555664062"
                   HEIGHT="236.35400390625"
                   ID="block_2"
                   TAGREFS="BT10542">
          <Shape><Polygon POINTS="636.486 1299.35 1707.05 1299.35 1707.05 1535.71 636.486 1535.71 636.486 1299.35"/></Shape>
          
          
          <TextLine ID="eSc_line_66e3e51c"
                    TAGREFS="LT4117"
                    BASELINE="661 1357 719 1368 794 1369 1692 1345" 
                    HPOS="661"
                    VPOS="1286"
                    WIDTH="1031"
                    HEIGHT="106">
            <Shape><Polygon POINTS="710 1381 742 1392 743 1392 745 1392 829 1378 837 1377 841 1377 877 1389 878 1389 880 1389 962 1377 980 1386 981 1386 983 1386 1029 1377 1049 1384 1051 1384 1052 1384 1109 1375 1246 1380 1247 1380 1249 1380 1274 1366 1276 1366 1347 1372 1348 1372 1350 1372 1380 1363 1381 1363 1420 1374 1421 1374 1423 1374 1424 1374 1450 1363 1467 1372 1469 1372 1470 1372 1583 1363 1595 1371 1597 1371 1598 1371 1600 1371 1690 1354 1692 1345 1688 1299 1622 1299 1618 1299 1554 1286 1552 1286 1551 1286 1496 1301 1479 1304 1458 1301 1430 1296 1429 1296 1427 1296 1426 1296 1426 1298 1424 1298 1423 1301 1420 1304 1415 1301 1399 1293 1398 1293 1396 1293 1395 1293 1377 1301 1369 1304 1356 1301 1307 1292 1305 1292 1247 1293 1246 1293 1225 1302 1209 1310 1177 1304 1151 1298 1149 1298 1148 1298 1137 1304 1128 1308 1121 1304 1119 1302 1118 1302 1116 1302 1115 1302 1113 1302 1110 1304 1090 1314 1011 1316 951 1305 941 1304 939 1304 925 1305 834 1319 806 1307 803 1305 801 1305 800 1305 722 1307 721 1307 719 1307 709 1314 661 1308 661 1357 661 1381"/></Shape>
	    <String CONTENT="19. Retinens fidem &amp; bonam conſcien¬"
                    HPOS="661"
                    VPOS="1286"
                    WIDTH="1031"
                    HEIGHT="106"
                    WC="0.979290402597851"></String>
          </TextLine>

          
          
          <TextLine ID="eSc_line_95f2c642"
                    TAGREFS="LT4117"
                    BASELINE="643 1442 1695 1415" 
                    HPOS="641"
                    VPOS="1357"
                    WIDTH="1054"
                    HEIGHT="116">
            <Shape><Polygon POINTS="643 1455 721 1464 722 1464 724 1464 767 1454 771 1453 773 1453 810 1473 812 1473 813 1473 815 1473 816 1473 816 1472 835 1454 867 1451 886 1450 889 1451 932 1470 933 1470 935 1470 1079 1466 1081 1466 1082 1466 1105 1447 1136 1445 1163 1444 1195 1444 1207 1453 1207 1454 1209 1454 1210 1454 1212 1454 1213 1454 1215 1454 1215 1453 1226 1442 1229 1441 1247 1441 1249 1442 1282 1461 1283 1461 1284 1461 1286 1461 1287 1461 1289 1461 1322 1441 1325 1439 1340 1441 1393 1445 1395 1445 1458 1438 1460 1438 1506 1455 1508 1455 1509 1455 1511 1455 1512 1455 1533 1436 1574 1454 1576 1454 1577 1454 1579 1454 1616 1438 1673 1442 1674 1442 1676 1442 1695 1432 1695 1415 1692 1369 1630 1368 1613 1357 1612 1357 1610 1357 1609 1357 1546 1371 1545 1371 1514 1359 1512 1359 1511 1359 1509 1359 1463 1372 1453 1375 1445 1372 1427 1366 1426 1366 1424 1366 1384 1374 1368 1377 1363 1374 1347 1363 1345 1363 1344 1363 1342 1363 1221 1377 1160 1384 1085 1384 1066 1380 1047 1374 1045 1374 1044 1374 1011 1380 994 1383 980 1381 942 1375 941 1375 908 1381 870 1390 847 1383 832 1378 831 1378 829 1378 641 1386 643 1442"/></Shape>
	    <String CONTENT="tiam: qua repulſa, nonnulli fidei naufragium"
                    HPOS="641"
                    VPOS="1357"
                    WIDTH="1054"
                    HEIGHT="116"
                    WC="0.987208825620738"></String>
          </TextLine>

          
          
          <TextLine ID="eSc_line_7f14810d"
                    TAGREFS="LT4117"
                    BASELINE="648 1511 899 1508" 
                    HPOS="646"
                    VPOS="1458"
                    WIDTH="253"
                    HEIGHT="90">
            <Shape><Polygon POINTS="648 1546 727 1548 728 1548 730 1548 737 1546 773 1534 840 1543 841 1543 843 1543 877 1534 895 1543 899 1508 896 1473 870 1473 853 1458 852 1458 850 1458 849 1458 847 1458 825 1470 773 1458 771 1458 770 1458 736 1473 670 1460 669 1460 667 1460 666 1460 646 1472 648 1511"/></Shape>
	    <String CONTENT="fecerunt."
                    HPOS="646"
                    VPOS="1458"
                    WIDTH="253"
                    HEIGHT="90"
                    WC="0.956637846099006"></String>
          </TextLine>

          
        </TextBlock>
        
        <TextBlock HPOS="635.0266723632812"
                   VPOS="1553.585693359375"
                   WIDTH="1088.1371459960938"
                   HEIGHT="665.7138671875"
                   ID="block_1"
                   TAGREFS="BT10542">
          <Shape><Polygon POINTS="635.027 1553.59 1723.16 1553.59 1723.16 2219.3 635.027 2219.3 635.027 1553.59"/></Shape>
          
          
          <TextLine ID="eSc_line_2f456475"
                    TAGREFS="LT4119"
                    BASELINE="709 1607 1698 1592" 
                    HPOS="706"
                    VPOS="1528"
                    WIDTH="992"
                    HEIGHT="101">
            <Shape><Polygon POINTS="1689 1542 1650 1528 1649 1528 1647 1528 1646 1528 1644 1528 1627 1545 1607 1545 1595 1546 1537 1546 1524 1546 1488 1533 1487 1533 1485 1533 1484 1533 1482 1533 1464 1546 1463 1546 1435 1546 1403 1546 1378 1534 1377 1534 1375 1534 1374 1534 1372 1534 1372 1536 1359 1546 1359 1548 1335 1548 1335 1546 1307 1533 1305 1533 1304 1533 1279 1534 1277 1534 1276 1534 1261 1548 1258 1551 1215 1551 1210 1548 1185 1536 1183 1536 1182 1536 1180 1536 1133 1548 1124 1551 1115 1549 1078 1537 1076 1537 1008 1537 1006 1537 945 1539 944 1539 942 1539 929 1549 926 1551 920 1549 855 1540 853 1540 852 1540 822 1551 810 1555 801 1551 783 1542 782 1542 780 1542 706 1551 709 1607 709 1621 759 1629 761 1629 1003 1627 1267 1622 1268 1622 1299 1613 1302 1613 1310 1613 1396 1621 1398 1621 1525 1610 1534 1610 1539 1610 1597 1618 1598 1618 1698 1607 1698 1592 1696 1555 1689 1542"/></Shape>
	    <String CONTENT="Continuatio eſt: ſi militudine enim docet quã¬"
                    HPOS="706"
                    VPOS="1528"
                    WIDTH="992"
                    HEIGHT="101"
                    WC="0.980873295601378"></String>
          </TextLine>

          
          
          <TextLine ID="eSc_line_0a0c780c"
                    TAGREFS="LT4119"
                    BASELINE="642 1671 1692 1649" 
                    HPOS="641"
                    VPOS="1600"
                    WIDTH="1051"
                    HEIGHT="90">
            <Shape><Polygon POINTS="642 1671 642 1683 678 1690 679 1690 928 1679 978 1687 980 1687 981 1687 983 1687 983 1686 993 1677 1058 1686 1060 1686 1500 1667 1549 1676 1551 1676 1692 1661 1692 1649 1689 1607 1638 1600 1637 1600 1635 1600 1619 1607 1616 1610 1450 1612 1445 1612 1423 1604 1421 1604 1420 1604 1418 1604 1395 1612 1393 1612 1386 1612 1276 1609 1274 1609 1273 1609 1271 1609 1271 1610 1267 1615 1264 1616 1192 1616 993 1613 991 1613 990 1613 974 1619 971 1621 963 1621 925 1615 923 1615 922 1615 908 1621 905 1622 898 1621 867 1616 865 1616 825 1622 806 1627 641 1627 642 1671"/></Shape>
	    <String CONTENT="tum ſit erroris huius, qui in miniſterio Euangeli¬"
                    HPOS="641"
                    VPOS="1600"
                    WIDTH="1051"
                    HEIGHT="90"
                    WC="0.948552339076996"></String>
          </TextLine>

          
          
          <TextLine ID="eSc_line_db74e266"
                    TAGREFS="LT4119"
                    BASELINE="643 1729 1699 1708" 
                    HPOS="642"
                    VPOS="1661"
                    WIDTH="1057"
                    HEIGHT="83">
            <Shape><Polygon POINTS="643 1729 643 1743 1094 1744 1096 1744 1097 1744 1124 1737 1319 1740 1320 1740 1322 1740 1341 1731 1362 1738 1363 1738 1365 1738 1411 1728 1415 1728 1421 1728 1470 1734 1472 1734 1603 1725 1624 1723 1628 1723 1659 1732 1661 1732 1662 1734 1662 1732 1664 1732 1699 1722 1699 1708 1696 1671 1632 1661 1631 1661 1630 1661 1595 1671 1566 1661 1564 1661 1563 1661 1463 1662 1398 1671 1351 1665 1350 1665 1348 1665 1347 1665 1334 1677 1331 1677 1298 1668 1296 1668 1295 1668 1244 1679 1232 1680 1222 1679 1173 1668 1171 1668 1170 1668 1142 1680 1136 1682 1127 1680 1105 1676 1103 1676 1102 1676 1082 1682 1072 1683 1063 1682 1018 1671 1017 1671 914 1674 913 1674 874 1685 859 1689 642 1689 643 1729"/></Shape>
	    <String CONTENT="co committitur, imprimis autẽ in bonæ conſcien¬"
                    HPOS="642"
                    VPOS="1661"
                    WIDTH="1057"
                    HEIGHT="83"
                    WC="0.990017935633659"></String>
          </TextLine>

          
          
          <TextLine ID="eSc_line_0629e46c"
                    TAGREFS="LT4119"
                    BASELINE="648 1787 1701 1766" 
                    HPOS="646"
                    VPOS="1716"
                    WIDTH="1055"
                    HEIGHT="86">
            <Shape><Polygon POINTS="648 1787 648 1802 1396 1795 1473 1786 1476 1786 1478 1786 1549 1792 1551 1792 1552 1792 1573 1784 1622 1790 1624 1790 1701 1780 1701 1766 1698 1729 1624 1716 1622 1716 1546 1731 1481 1720 1479 1720 1295 1735 1212 1725 1210 1725 1209 1725 1157 1738 1155 1738 1154 1738 1103 1732 1102 1732 1100 1732 1099 1732 1088 1740 1087 1741 996 1741 994 1741 950 1729 948 1729 947 1729 945 1729 908 1741 878 1731 877 1731 875 1731 721 1734 646 1747 648 1787"/></Shape>
	    <String CONTENT="tiæ deſertione periculum. Eſt enim fidei naufra¬"
                    HPOS="646"
                    VPOS="1716"
                    WIDTH="1055"
                    HEIGHT="86"
                    WC="0.982883458336194"></String>
          </TextLine>

          
          
          <TextLine ID="eSc_line_61b1a7cd"
                    TAGREFS="LT4119"
                    BASELINE="649 1845 1705 1826" 
                    HPOS="648"
                    VPOS="1783"
                    WIDTH="1057"
                    HEIGHT="87">
            <Shape><Polygon POINTS="649 1845 649 1870 764 1856 837 1856 862 1866 868 1867 870 1867 871 1867 873 1867 877 1864 896 1856 1020 1856 1038 1860 1051 1864 1052 1864 1054 1864 1055 1864 1069 1860 1094 1851 1165 1857 1215 1862 1216 1862 1255 1856 1301 1847 1331 1853 1357 1859 1359 1859 1457 1857 1458 1857 1475 1850 1485 1844 1579 1842 1588 1847 1598 1851 1600 1851 1601 1851 1603 1851 1604 1851 1610 1845 1613 1844 1705 1844 1705 1826 1702 1783 1387 1783 1386 1783 1384 1783 1356 1790 1354 1790 1353 1790 1299 1784 1298 1784 1238 1793 1216 1796 1188 1795 1106 1789 1105 1789 994 1799 974 1801 965 1801 916 1792 914 1792 913 1792 893 1802 890 1804 810 1804 809 1804 779 1795 777 1795 776 1795 730 1805 728 1805 681 1796 679 1796 678 1796 648 1806 649 1845"/></Shape>
	    <String CONTENT="gium. In quo&amp; magnitudo periculi, quia fit iactu¬"
                    HPOS="648"
                    VPOS="1783"
                    WIDTH="1057"
                    HEIGHT="87"
                    WC="0.980978417153261"></String>
          </TextLine>

          
          
          <TextLine ID="eSc_line_54ff7543"
                    TAGREFS="LT4119"
                    BASELINE="649 1905 1707 1885" 
                    HPOS="648"
                    VPOS="1838"
                    WIDTH="1059"
                    HEIGHT="86">
            <Shape><Polygon POINTS="649 1905 649 1924 999 1912 1061 1914 1127 1917 1128 1917 1130 1917 1146 1912 1160 1909 1234 1911 1380 1912 1381 1912 1417 1905 1421 1905 1426 1905 1448 1911 1450 1911 1451 1911 1453 1911 1466 1905 1467 1903 1491 1903 1622 1908 1624 1908 1707 1897 1707 1885 1705 1851 1668 1838 1667 1838 1665 1838 1664 1838 1622 1851 1564 1845 1563 1845 1561 1845 1540 1854 1400 1854 1384 1845 1383 1845 1381 1845 1380 1845 1378 1845 1348 1853 1332 1845 1331 1845 1329 1845 1328 1845 1326 1845 1308 1857 1218 1859 1198 1847 1197 1847 1195 1847 1136 1847 1134 1847 1084 1848 1082 1848 1052 1863 1024 1863 1009 1850 1008 1850 1006 1850 1005 1850 902 1851 901 1851 899 1851 884 1863 856 1857 855 1857 807 1866 730 1854 728 1854 648 1869 649 1905"/></Shape>
	    <String CONTENT="ra fidei: &amp; terror oſtenditur atque metus, quia"
                    HPOS="648"
                    VPOS="1838"
                    WIDTH="1059"
                    HEIGHT="86"
                    WC="0.987777228051044"></String>
          </TextLine>

          
          
          <TextLine ID="eSc_line_4b6623b9"
                    TAGREFS="LT4119"
                    BASELINE="649 1963 1708 1942" 
                    HPOS="648"
                    VPOS="1894"
                    WIDTH="1060"
                    HEIGHT="91">
            <Shape><Polygon POINTS="649 1963 649 1976 699 1985 700 1985 749 1975 752 1975 755 1975 798 1985 800 1985 868 1973 950 1982 951 1982 1044 1969 1049 1969 1054 1969 1094 1978 1096 1978 1209 1970 1252 1976 1253 1976 1289 1969 1323 1975 1325 1975 1326 1975 1347 1963 1350 1961 1707 1955 1708 1942 1707 1906 1670 1894 1668 1894 1667 1894 1612 1903 1588 1894 1586 1894 1585 1894 1583 1894 1582 1894 1570 1902 1478 1899 1476 1899 1475 1899 1445 1909 1444 1909 1441 1909 1365 1902 1363 1902 1362 1902 1360 1902 1351 1911 1350 1911 1348 1911 1310 1905 1308 1905 1307 1905 1305 1905 1298 1911 1279 1902 1277 1902 1276 1902 1224 1911 1195 1902 1194 1902 1192 1902 1119 1914 1116 1914 1113 1914 1038 1905 1036 1905 1035 1905 1012 1915 1005 1920 813 1921 788 1918 724 1911 722 1911 648 1920 649 1963"/></Shape>
	    <String CONTENT="naufragium appellatur. Eſt igitur bona cõſcientia"
                    HPOS="648"
                    VPOS="1894"
                    WIDTH="1060"
                    HEIGHT="91"
                    WC="0.987827721834183"></String>
          </TextLine>

          
          
          <TextLine ID="eSc_line_c4515af7"
                    TAGREFS="LT4119"
                    BASELINE="651 2021 1707 2003" 
                    HPOS="649"
                    VPOS="1955"
                    WIDTH="1058"
                    HEIGHT="85">
            <Shape><Polygon POINTS="651 2021 651 2034 823 2040 825 2040 826 2040 843 2033 1264 2033 1265 2033 1442 2022 1528 2028 1530 2028 1707 2016 1707 2003 1704 1966 1659 1955 1658 1955 1656 1955 1615 1966 1530 1957 1528 1957 1472 1967 1359 1960 1357 1960 1356 1960 1354 1960 1344 1969 1293 1963 1292 1963 1290 1963 1258 1972 1090 1964 1088 1964 1000 1966 999 1966 997 1966 997 1967 986 1976 914 1967 913 1967 823 1979 715 1973 713 1973 649 1982 651 2021"/></Shape>
	    <String CONTENT="velut arca fidei &amp; ſanæ doctrinæ, ac intelligentiæ"
                    HPOS="649"
                    VPOS="1955"
                    WIDTH="1058"
                    HEIGHT="85"
                    WC="0.991249349117279"></String>
          </TextLine>

          
          
          <TextLine ID="eSc_line_4e6bd25c"
                    TAGREFS="LT4119"
                    BASELINE="651 2082 1710 2058" 
                    HPOS="649"
                    VPOS="2009"
                    WIDTH="1061"
                    HEIGHT="95">
            <Shape><Polygon POINTS="651 2082 651 2095 721 2102 722 2102 801 2094 834 2104 835 2104 837 2104 838 2104 840 2104 840 2102 852 2094 902 2098 904 2098 905 2098 935 2091 977 2101 978 2101 980 2101 981 2101 983 2101 1002 2089 1085 2095 1087 2095 1088 2095 1116 2086 1168 2095 1170 2095 1171 2095 1173 2095 1188 2085 1213 2095 1215 2095 1216 2095 1274 2083 1509 2089 1511 2089 1710 2071 1710 2058 1705 2021 1671 2021 1670 2021 1656 2009 1655 2009 1653 2009 1652 2009 1585 2021 1570 2024 1555 2021 1521 2015 1519 2015 1518 2015 1505 2022 1499 2025 1442 2022 1323 2016 1322 2016 1320 2016 1293 2024 1273 2030 1216 2025 1197 2024 1195 2024 1194 2024 1189 2025 1171 2033 1140 2025 1116 2021 1115 2021 1058 2022 1057 2022 1048 2027 1029 2036 972 2027 954 2025 953 2025 895 2027 893 2027 890 2028 870 2038 838 2028 837 2028 835 2028 834 2028 829 2028 782 2040 749 2030 748 2030 746 2030 745 2030 718 2038 649 2031 651 2082"/></Shape>
	    <String CONTENT="theſaurus: tanquam illius cynoſura, à qua qui de¬"
                    HPOS="649"
                    VPOS="2009"
                    WIDTH="1061"
                    HEIGHT="95"
                    WC="0.998893704414368"></String>
          </TextLine>

          
          
          <TextLine ID="eSc_line_8a3cc6cd"
                    TAGREFS="LT4119"
                    BASELINE="651 2138 1716 2119" 
                    HPOS="649"
                    VPOS="2071"
                    WIDTH="1067"
                    HEIGHT="89">
            <Shape><Polygon POINTS="651 2138 651 2160 722 2153 837 2157 867 2157 868 2157 870 2157 874 2156 898 2147 1067 2152 1124 2153 1125 2153 1127 2153 1133 2150 1148 2144 1164 2150 1170 2152 1171 2152 1173 2152 1197 2149 1259 2141 1337 2146 1386 2149 1387 2149 1531 2146 1533 2146 1545 2141 1561 2135 1714 2137 1716 2119 1713 2079 1621 2071 1619 2071 1579 2080 1577 2080 1566 2080 1347 2077 1345 2077 1296 2086 1289 2086 1259 2086 1029 2083 1027 2083 1026 2083 1024 2083 1015 2091 997 2083 996 2083 994 2083 993 2083 965 2092 962 2092 954 2092 883 2085 881 2085 801 2086 800 2086 779 2095 773 2095 672 2089 670 2089 669 2089 649 2095 651 2138"/></Shape>
	    <String CONTENT="flectunt, ſe &amp; nauem, id eſt, intelligentiam illam"
                    HPOS="649"
                    VPOS="2071"
                    WIDTH="1067"
                    HEIGHT="89"
                    WC="0.981856434345245"></String>
          </TextLine>

          
          
          <TextLine ID="eSc_line_cf178a10"
                    TAGREFS="LT4119"
                    BASELINE="649 2199 1717 2177" 
                    HPOS="648"
                    VPOS="2126"
                    WIDTH="1069"
                    HEIGHT="121">
            <Shape><Polygon POINTS="649 2199 651 2247 709 2247 709 2245 710 2245 715 2242 749 2226 795 2239 806 2242 807 2242 809 2242 901 2241 902 2232 902 2241 928 2241 929 2241 931 2241 931 2239 939 2233 954 2220 990 2223 991 2223 993 2223 994 2223 1008 2212 1148 2220 1152 2223 1165 2232 1167 2232 1168 2232 1170 2232 1171 2232 1173 2232 1189 2221 1192 2220 1194 2221 1216 2233 1218 2233 1219 2233 1221 2233 1222 2233 1240 2218 1243 2217 1250 2218 1286 2224 1287 2224 1289 2224 1290 2224 1290 2223 1298 2215 1299 2215 1302 2215 1313 2223 1314 2223 1316 2223 1317 2223 1319 2223 1340 2214 1363 2204 1458 2204 1467 2208 1482 2218 1484 2218 1485 2218 1542 2226 1543 2226 1545 2226 1546 2226 1577 2204 1582 2201 1588 2202 1612 2211 1613 2211 1615 2211 1717 2196 1717 2177 1713 2137 1655 2137 1653 2137 1625 2126 1624 2126 1622 2126 1511 2138 1478 2143 1247 2146 1212 2141 1182 2138 1180 2138 1179 2138 1171 2143 1164 2146 1152 2143 1131 2137 1130 2137 1128 2137 1127 2137 1110 2143 1094 2149 1073 2143 1054 2138 1052 2138 1051 2138 1020 2144 983 2150 926 2144 901 2143 899 2143 883 2146 835 2154 648 2149 649 2199"/></Shape>
	    <String CONTENT="ſanam perdũt, iuſto Dei iudicio in eos graſſante"
                    HPOS="648"
                    VPOS="2126"
                    WIDTH="1069"
                    HEIGHT="121"
                    WC="0.984601552389106"></String>
          </TextLine>

          
        </TextBlock>
        
        <TextBlock HPOS="1556.15771484375"
                   VPOS="2202.07763671875"
                   WIDTH="167.9886474609375"
                   HEIGHT="66.05126953125"
                   ID="block_3"
                   TAGREFS="BT10534">
          <Shape><Polygon POINTS="1556.16 2202.08 1724.15 2202.08 1724.15 2268.13 1556.16 2268.13 1556.16 2202.08"/></Shape>
          
          
          <TextLine ID="eSc_line_9cdd6105"
                    TAGREFS="LT4119"
                    BASELINE="1557 2241 1717 2238" 
                    HPOS="1555"
                    VPOS="2189"
                    WIDTH="162"
                    HEIGHT="89">
            <Shape><Polygon POINTS="1557 2241 1558 2278 1591 2266 1714 2275 1717 2238 1714 2189 1662 2189 1661 2189 1659 2189 1656 2190 1632 2199 1555 2193 1557 2241"/></Shape>
	    <String CONTENT="perciti"
                    HPOS="1555"
                    VPOS="2189"
                    WIDTH="162"
                    HEIGHT="89"
                    WC="0.986192813941411"></String>
          </TextLine>

          
        </TextBlock>
        

        
      </PrintSpace>
    </Page>
  </Layout>
</alto>
