<?xml version="1.0" encoding="UTF-8"?>
<alto xmlns:xsi="http://www.w3.org/2001/XMLSchema-instance"
      xmlns="http://www.loc.gov/standards/alto/ns-v4#"
      xsi:schemaLocation="http://www.loc.gov/standards/alto/ns-v4# http://www.loc.gov/standards/alto/v4/alto-4-2.xsd">
  <Description>
    <MeasurementUnit>pixel</MeasurementUnit>
    <sourceImageInformation>
      <fileName>2012901.png</fileName>
      
    </sourceImageInformation>
  </Description>
  
  <Tags>
    <OtherTag ID="BT10544" LABEL="text" DESCRIPTION="block type text"/><OtherTag ID="BT10543" LABEL="NumberingZone" DESCRIPTION="block type NumberingZone"/><OtherTag ID="BT10542" LABEL="MainZone" DESCRIPTION="block type MainZone"/><OtherTag ID="BT10538" LABEL="RunningTitleZone" DESCRIPTION="block type RunningTitleZone"/><OtherTag ID="BT10537" LABEL="DropCapitalZone" DESCRIPTION="block type DropCapitalZone"/><OtherTag ID="BT10536" LABEL="GraphicZone" DESCRIPTION="block type GraphicZone"/><OtherTag ID="BT10535" LABEL="TitlePageZone" DESCRIPTION="block type TitlePageZone"/><OtherTag ID="BT10534" LABEL="QuireMarksZone" DESCRIPTION="block type QuireMarksZone"/><OtherTag ID="BT10533" LABEL="MarginTextZone" DESCRIPTION="block type MarginTextZone"/>
    <OtherTag ID="LT4122" LABEL="default" DESCRIPTION="line type default"/><OtherTag ID="LT4119" LABEL="DefaultLine" DESCRIPTION="line type DefaultLine"/><OtherTag ID="LT4118" LABEL="HeadingLine" DESCRIPTION="line type HeadingLine"/><OtherTag ID="LT4117" LABEL="CustomLine : BiblicalText" DESCRIPTION="line type CustomLine : BiblicalText"/>
  </Tags>
  
  <Layout>
    <Page WIDTH="1807"
          HEIGHT="2677"
          PHYSICAL_IMG_NR="17"
          ID="eSc_dummypage_">
      <PrintSpace HPOS="0"
                  VPOS="0"
                  WIDTH="1807"
                  HEIGHT="2677">
        
        <TextBlock HPOS="428"
                   VPOS="190"
                   WIDTH="458"
                   HEIGHT="60"
                   ID="block_0"
                   TAGREFS="BT10538">
          <Shape><Polygon POINTS="886 190 886 250 428 250 428 190"/></Shape>
          
          
          <TextLine ID="eSc_line_c40f8c28"
                    TAGREFS="LT4118"
                    BASELINE="443 229 881 232" 
                    HPOS="441"
                    VPOS="187"
                    WIDTH="440"
                    HEIGHT="73">
            <Shape><Polygon POINTS="859 194 844 194 829 194 815 193 800 193 785 193 770 193 755 191 740 191 725 191 715 190 715 191 710 193 455 187 443 196 443 229 441 248 566 257 568 257 596 251 614 248 635 252 663 258 664 260 736 260 736 258 737 258 739 258 745 254 752 249 767 254 777 258 779 258 780 258 782 258 789 255 801 249 834 255 843 257 844 257 846 257 849 255 865 249 875 257 881 232 877 206 874 200"/></Shape>
	    <String CONTENT="EPISTOLA."
                    HPOS="441"
                    VPOS="187"
                    WIDTH="440"
                    HEIGHT="73"
                    WC="0.999892049365573"></String>
          </TextLine>

          
        </TextBlock>
        
        <TextBlock HPOS="143"
                   VPOS="258"
                   WIDTH="1064"
                   HEIGHT="1941"
                   ID="block_2"
                   TAGREFS="BT10542">
          <Shape><Polygon POINTS="1207 258 1207 2199 143 2199 143 258"/></Shape>
          
          
          <TextLine ID="eSc_line_b5d89ccf"
                    TAGREFS="LT4119"
                    BASELINE="162 309 1201 325" 
                    HPOS="160"
                    VPOS="252"
                    WIDTH="1041"
                    HEIGHT="100">
            <Shape><Polygon POINTS="1183 275 1145 269 1143 269 1142 269 1116 276 1109 278 1105 276 1084 266 1082 266 1081 266 991 275 978 275 971 273 917 263 916 263 873 272 867 273 745 273 743 270 731 261 731 260 730 260 728 260 727 260 575 269 551 269 547 267 520 257 519 257 517 257 397 263 385 255 383 255 382 255 380 255 379 255 353 264 350 266 345 264 298 254 297 254 295 254 260 264 257 264 255 263 236 252 236 254 221 255 206 257 191 258 190 258 162 261 162 309 160 327 350 340 352 340 489 336 538 334 547 337 563 343 565 343 566 343 599 339 615 336 636 339 667 345 669 345 670 345 681 340 690 337 751 342 823 348 825 348 864 345 916 340 929 346 936 349 938 349 1029 350 1030 350 1032 350 1033 350 1035 349 1044 343 1052 349 1054 350 1055 350 1057 350 1058 350 1072 349 1122 345 1198 352 1201 325 1195 287 1188 279"/></Shape>
	    <String CONTENT="certè quidẽ illi nullo iure poſſunt. Ac, vti"
                    HPOS="160"
                    VPOS="252"
                    WIDTH="1041"
                    HEIGHT="100"
                    WC="0.977140355369319"></String>
          </TextLine>

          
          
          <TextLine ID="eSc_line_ab92949d"
                    TAGREFS="LT4119"
                    BASELINE="162 377 1201 391" 
                    HPOS="160"
                    VPOS="325"
                    WIDTH="1041"
                    HEIGHT="91">
            <Shape><Polygon POINTS="162 377 160 397 342 408 343 408 389 401 391 401 394 401 440 410 441 410 499 403 505 403 516 403 624 413 626 413 627 413 654 406 663 413 664 413 666 413 667 413 722 406 730 406 731 407 739 413 739 414 740 414 742 414 743 416 837 416 837 414 838 414 840 414 847 408 847 407 852 408 880 416 881 416 883 416 1200 413 1201 391 1198 345 1167 349 1136 343 1100 337 1099 337 1057 343 1024 348 1003 343 975 336 974 336 972 336 971 336 969 336 960 343 954 348 895 348 881 342 861 334 859 334 858 334 856 334 841 342 835 345 829 342 815 334 813 334 812 334 764 342 740 345 727 342 694 331 693 331 691 331 651 340 638 343 633 340 626 334 624 334 623 334 621 334 582 340 578 340 577 340 557 330 556 330 554 330 447 339 429 340 425 339 389 327 388 327 386 327 385 327 362 339 361 340 278 340 273 339 229 325 227 325 182 325 181 325 179 325 162 334 162 377"/></Shape>
	    <String CONTENT="dixi nec Eccleſia quidem ipſa vniuerſa &amp;"
                    HPOS="160"
                    VPOS="325"
                    WIDTH="1041"
                    HEIGHT="91"
                    WC="0.958485686779022"></String>
          </TextLine>

          
          
          <TextLine ID="eSc_line_50a83564"
                    TAGREFS="LT4119"
                    BASELINE="160 449 1200 461" 
                    HPOS="159"
                    VPOS="397"
                    WIDTH="1041"
                    HEIGHT="87">
            <Shape><Polygon POINTS="160 449 159 465 194 475 196 475 197 475 284 468 288 468 290 468 315 475 316 475 318 475 359 469 368 477 370 477 371 477 373 477 374 477 395 469 397 469 419 478 420 478 422 478 524 472 550 471 626 471 627 474 633 478 633 480 635 480 636 480 638 480 663 474 673 472 684 474 713 481 852 483 853 483 855 483 856 483 864 478 868 475 875 478 890 483 892 483 893 484 1198 484 1200 461 1198 417 1146 417 1145 416 1127 407 1125 407 1124 407 1041 414 1039 414 1020 406 1018 406 1017 406 950 414 941 414 936 413 910 404 908 404 907 404 865 413 862 413 855 413 754 403 752 403 468 408 429 408 425 408 397 398 395 398 394 398 355 407 352 407 350 407 306 398 304 398 303 398 301 398 291 407 290 407 288 407 269 397 267 397 266 397 160 404 160 449"/></Shape>
	    <String CONTENT="collecta in Oecumeniis, quæ vocãt, cõci¬"
                    HPOS="159"
                    VPOS="397"
                    WIDTH="1041"
                    HEIGHT="87"
                    WC="0.986376875922793"></String>
          </TextLine>

          
          
          <TextLine ID="eSc_line_7e3f7d66"
                    TAGREFS="LT4119"
                    BASELINE="157 516 1198 529" 
                    HPOS="156"
                    VPOS="465"
                    WIDTH="1042"
                    HEIGHT="88">
            <Shape><Polygon POINTS="157 516 156 533 190 544 191 544 193 544 194 544 217 536 388 547 389 547 449 539 453 539 458 539 504 548 505 548 585 542 606 541 614 542 635 548 636 548 638 548 699 544 730 542 1195 553 1198 529 1198 490 1148 489 1127 477 1125 477 1124 477 1029 484 922 474 920 474 865 481 852 483 837 481 795 474 794 474 762 478 740 483 733 478 721 471 719 471 718 471 716 471 664 477 618 481 559 481 548 474 545 471 544 471 542 471 541 471 539 471 538 471 535 474 526 480 388 480 157 465 157 516"/></Shape>
	    <String CONTENT="Iiis hoc quoque poteſt, adeo vt mera fue¬"
                    HPOS="156"
                    VPOS="465"
                    WIDTH="1042"
                    HEIGHT="88"
                    WC="0.98739004280509"></String>
          </TextLine>

          
          
          <TextLine ID="eSc_line_7b8d0684"
                    TAGREFS="LT4119"
                    BASELINE="156 587 1195 597" 
                    HPOS="154"
                    VPOS="535"
                    WIDTH="1041"
                    HEIGHT="89">
            <Shape><Polygon POINTS="156 587 154 603 252 605 254 606 266 615 267 615 269 615 270 615 340 608 345 608 348 608 383 617 385 617 386 617 465 611 466 611 469 611 536 618 538 618 577 612 599 609 608 614 621 620 623 620 624 620 684 615 733 611 751 617 767 621 768 621 770 621 812 617 864 612 901 620 923 623 925 623 926 623 938 620 960 614 971 621 974 623 975 623 977 623 1192 624 1195 597 1194 556 1047 542 1045 542 975 553 972 553 968 553 898 541 815 541 813 541 812 541 783 551 780 551 777 551 737 539 736 539 734 539 682 550 679 550 675 550 600 541 599 541 544 548 541 548 539 548 514 538 513 538 511 538 510 538 477 548 474 548 462 548 394 541 392 541 365 547 364 547 352 536 350 536 349 536 348 536 279 545 251 535 249 535 248 535 156 544 156 587"/></Shape>
	    <String CONTENT="rit tyrãnis, &amp; in ius ipſum Dei inuaſio im¬"
                    HPOS="154"
                    VPOS="535"
                    WIDTH="1041"
                    HEIGHT="89"
                    WC="0.984978578307412"></String>
          </TextLine>

          
          
          <TextLine ID="eSc_line_4ad2fa21"
                    TAGREFS="LT4119"
                    BASELINE="157 657 1203 666" 
                    HPOS="157"
                    VPOS="603"
                    WIDTH="1046"
                    HEIGHT="91">
            <Shape><Polygon POINTS="1203 624 1164 615 1163 615 1161 615 1160 615 1143 624 1140 626 1049 626 1045 623 1017 609 1015 609 1014 609 960 621 950 623 945 620 923 609 922 609 825 608 823 608 822 608 820 608 809 618 803 623 724 623 709 615 682 606 681 606 679 606 608 614 554 620 539 612 524 606 523 606 522 606 520 606 519 606 510 612 498 620 464 620 455 611 452 609 452 608 450 608 449 608 447 608 446 608 444 608 444 609 441 611 432 620 383 620 353 609 333 603 331 603 330 603 306 608 288 612 279 608 270 603 269 603 215 603 214 603 212 603 205 606 188 614 159 606 157 657 157 685 297 676 373 687 383 688 385 688 408 687 499 682 565 688 584 690 585 690 587 690 588 690 590 688 603 679 657 679 675 688 678 691 679 691 681 691 682 693 768 693 768 691 770 691 771 691 773 690 782 682 810 688 812 688 813 688 815 688 822 681 850 688 852 688 853 688 904 682 919 690 919 691 920 691 922 691 923 691 925 691 928 690 956 682 1020 691 1048 694 1049 694 1201 691 1203 666 1203 624"/></Shape>
	    <String CONTENT="probiſſima quicquid Synodi illæ Oecume"
                    HPOS="157"
                    VPOS="603"
                    WIDTH="1046"
                    HEIGHT="91"
                    WC="0.998772859573364"></String>
          </TextLine>

          
          
          <TextLine ID="eSc_line_24269ad2"
                    TAGREFS="LT4119"
                    BASELINE="157 728 1203 733" 
                    HPOS="156"
                    VPOS="678"
                    WIDTH="1047"
                    HEIGHT="84">
            <Shape><Polygon POINTS="157 728 156 742 223 751 224 751 370 746 441 745 452 748 481 758 483 758 484 758 486 758 514 749 520 748 554 749 682 759 684 759 685 759 687 759 696 752 703 748 721 754 724 754 725 754 727 754 728 754 730 754 739 746 810 746 846 748 853 755 859 759 859 761 861 761 862 761 864 762 1201 762 1203 733 1201 690 1160 679 1088 679 1087 679 1085 679 1084 679 1075 687 1066 679 1064 679 1063 679 960 679 959 679 957 679 931 688 923 691 916 688 892 679 890 679 889 679 887 679 862 688 853 691 846 688 816 678 815 678 813 678 751 688 739 690 728 688 658 678 588 678 587 678 585 678 584 678 571 688 568 691 530 691 527 688 517 679 517 678 516 678 514 678 513 678 511 678 490 688 489 690 406 690 404 688 385 679 383 679 382 679 380 679 379 679 365 688 362 690 287 690 279 688 214 678 212 678 157 687 157 728"/></Shape>
	    <String CONTENT="nicæ contra præſcriptam verbo Dei diſci"
                    HPOS="156"
                    VPOS="678"
                    WIDTH="1047"
                    HEIGHT="84"
                    WC="0.997629388784751"></String>
          </TextLine>

          
          
          <TextLine ID="eSc_line_98e7ba22"
                    TAGREFS="LT4119"
                    BASELINE="156 798 896 797 1200 803" 
                    HPOS="156"
                    VPOS="743"
                    WIDTH="1044"
                    HEIGHT="83">
            <Shape><Polygon POINTS="156 798 156 825 215 817 245 823 246 823 248 823 249 823 260 816 330 823 331 823 333 823 334 823 346 816 725 816 745 825 746 825 748 825 828 817 896 825 898 825 899 825 901 825 911 816 947 825 948 825 950 826 1198 826 1200 803 1198 756 1097 746 1096 746 1020 755 1000 745 999 745 997 745 871 755 829 743 828 743 826 743 825 743 801 755 782 746 780 746 779 746 777 746 746 755 701 743 700 743 699 743 697 743 696 743 678 756 624 756 533 743 532 743 530 743 496 755 480 743 478 743 477 743 475 743 440 751 422 743 420 743 281 743 279 743 278 743 251 755 205 743 203 743 202 743 200 743 156 755 156 798"/></Shape>
	    <String CONTENT="plinæ Eccleſiaſticæ οὐσίαν induxerũt, &amp; ſan"
                    HPOS="156"
                    VPOS="743"
                    WIDTH="1044"
                    HEIGHT="83"></String>
          </TextLine>

          
          
          <TextLine ID="eSc_line_b91eba9b"
                    TAGREFS="LT4119"
                    BASELINE="154 867 1201 871" 
                    HPOS="153"
                    VPOS="813"
                    WIDTH="1048"
                    HEIGHT="83">
            <Shape><Polygon POINTS="154 867 153 881 212 892 214 892 339 884 346 884 355 884 462 893 464 893 465 893 495 886 504 884 516 886 562 895 563 895 657 887 690 886 825 886 835 890 852 896 853 896 855 896 886 890 904 887 1198 893 1201 871 1198 822 1088 826 1069 822 1048 816 1047 816 1045 816 1044 816 1042 816 1042 817 1036 822 1030 828 966 828 959 822 951 816 950 816 948 816 895 816 893 816 861 822 844 825 840 822 831 814 829 814 828 814 826 814 774 822 761 823 746 822 696 814 694 814 693 814 679 822 673 825 654 822 608 814 606 814 605 814 585 822 578 826 504 826 493 822 478 817 477 817 475 817 474 817 458 822 453 823 450 822 434 813 432 813 431 813 391 822 385 823 382 822 361 813 359 813 358 813 356 813 355 813 340 822 337 825 266 825 257 822 199 813 197 813 196 813 194 813 182 822 181 823 154 823 154 867"/></Shape>
	    <String CONTENT="ciuerunt: quanquam ſe aliquid melius &amp;"
                    HPOS="153"
                    VPOS="813"
                    WIDTH="1048"
                    HEIGHT="83"
                    WC="0.994077004884419"></String>
          </TextLine>

          
          
          <TextLine ID="eSc_line_fa60b601"
                    TAGREFS="LT4119"
                    BASELINE="154 932 1197 938" 
                    HPOS="153"
                    VPOS="880"
                    WIDTH="1044"
                    HEIGHT="85">
            <Shape><Polygon POINTS="154 932 153 945 193 957 194 957 196 957 197 957 199 957 211 948 251 956 252 956 346 950 367 948 374 950 413 960 414 960 416 960 417 960 441 951 446 950 450 951 480 960 481 960 483 960 517 953 529 950 663 950 673 954 676 957 678 957 679 957 681 957 733 956 867 951 911 959 936 963 938 965 1036 965 1036 963 1038 963 1042 962 1057 954 1070 962 1072 963 1073 963 1075 963 1076 965 1195 965 1197 938 1194 893 1039 896 1030 892 1017 884 1015 884 978 884 977 884 945 890 923 895 902 890 871 883 870 883 868 883 850 890 837 895 829 889 820 883 819 883 817 883 785 883 783 883 782 883 780 883 773 889 762 896 700 896 688 889 678 881 676 881 675 881 611 881 609 881 608 881 606 881 599 887 590 895 566 895 542 887 522 881 520 881 519 881 517 881 507 887 496 892 483 886 469 881 468 881 466 881 446 886 414 893 365 893 349 886 336 880 334 880 333 880 154 883 154 932"/></Shape>
	    <String CONTENT="ſanctius moliri exiſtimarẽt. Quod verum"
                    HPOS="153"
                    VPOS="880"
                    WIDTH="1044"
                    HEIGHT="85"
                    WC="0.977960439026356"></String>
          </TextLine>

          
          
          <TextLine ID="eSc_line_5403615f"
                    TAGREFS="LT4119"
                    BASELINE="154 1003 1194 1008" 
                    HPOS="154"
                    VPOS="948"
                    WIDTH="1040"
                    HEIGHT="87">
            <Shape><Polygon POINTS="1192 966 1032 966 1026 963 994 953 993 953 991 953 990 953 969 963 965 966 905 966 899 962 884 951 883 951 881 951 846 950 774 950 773 950 771 950 751 960 743 963 713 960 681 956 679 956 678 956 666 959 657 962 654 959 643 950 642 950 641 950 639 950 638 950 617 959 605 963 596 959 584 950 582 950 581 950 580 950 544 957 538 959 532 957 501 948 499 948 498 948 461 957 456 957 453 956 435 948 434 948 432 948 431 948 411 956 401 960 376 956 337 948 336 948 334 948 333 948 325 954 315 963 257 963 248 954 242 950 242 948 240 948 239 948 237 948 206 953 169 960 157 953 154 1003 154 1020 237 1020 240 1020 254 1030 255 1030 257 1030 258 1030 319 1021 334 1020 345 1021 382 1030 383 1030 587 1026 757 1021 794 1029 815 1032 816 1032 834 1029 861 1024 874 1029 880 1032 881 1032 883 1032 936 1030 1063 1026 1072 1032 1072 1033 1073 1033 1075 1033 1076 1035 1192 1035 1194 1008 1192 966"/></Shape>
	    <String CONTENT="eſſe, vel ipſa Eccleſiæ confuſio, ruináque,"
                    HPOS="154"
                    VPOS="948"
                    WIDTH="1040"
                    HEIGHT="87"></String>
          </TextLine>

          
          
          <TextLine ID="eSc_line_92307804"
                    TAGREFS="LT4119"
                    BASELINE="159 1070 1195 1075" 
                    HPOS="157"
                    VPOS="1018"
                    WIDTH="1038"
                    HEIGHT="78">
            <Shape><Polygon POINTS="159 1070 157 1088 168 1096 169 1096 171 1096 172 1096 279 1088 1192 1096 1195 1075 1194 1033 1134 1021 1133 1021 1131 1021 1106 1032 1061 1021 1060 1021 1058 1021 1033 1029 1014 1021 1012 1021 901 1021 899 1021 774 1030 773 1030 751 1020 749 1020 748 1020 635 1030 626 1032 563 1032 562 1030 551 1021 551 1020 550 1020 548 1020 547 1020 392 1029 388 1029 374 1018 373 1018 371 1018 370 1018 368 1018 333 1029 331 1029 159 1029 159 1070"/></Shape>
	    <String CONTENT="quæ inde con ſecuta eſt, manifeſtè decla¬"
                    HPOS="157"
                    VPOS="1018"
                    WIDTH="1038"
                    HEIGHT="78"
                    WC="0.961501236472811"></String>
          </TextLine>

          
          
          <TextLine ID="eSc_line_9cbbc9e7"
                    TAGREFS="LT4119"
                    BASELINE="154 1139 1195 1145" 
                    HPOS="153"
                    VPOS="1084"
                    WIDTH="1042"
                    HEIGHT="89">
            <Shape><Polygon POINTS="154 1139 153 1152 261 1155 279 1167 281 1167 282 1167 284 1167 349 1157 359 1155 362 1157 373 1165 373 1167 374 1167 376 1167 377 1167 426 1160 462 1165 464 1165 465 1165 466 1165 477 1160 481 1157 490 1160 523 1168 524 1168 526 1168 527 1168 550 1160 560 1157 605 1157 612 1161 621 1168 623 1168 624 1168 626 1168 719 1164 816 1158 837 1165 846 1168 847 1168 849 1168 850 1168 859 1165 883 1160 938 1167 969 1171 971 1171 993 1168 1033 1163 1045 1170 1048 1171 1049 1171 1051 1171 1052 1173 1194 1173 1195 1145 1192 1097 1064 1102 1051 1097 1039 1091 1038 1091 1036 1091 993 1097 950 1102 941 1097 925 1087 923 1087 922 1087 920 1087 867 1094 828 1087 826 1087 825 1087 804 1096 700 1087 699 1087 697 1087 696 1087 682 1097 678 1100 652 1100 646 1097 621 1085 620 1085 438 1085 437 1085 435 1085 411 1097 408 1099 343 1099 342 1097 328 1085 328 1084 327 1084 325 1084 266 1084 264 1084 263 1084 237 1097 236 1097 154 1097 154 1139"/></Shape>
	    <String CONTENT="rat. Nam ſi illa Apoſtolicis ſcriptis præ¬"
                    HPOS="153"
                    VPOS="1084"
                    WIDTH="1042"
                    HEIGHT="89"
                    WC="0.983803099110013"></String>
          </TextLine>

          
          
          <TextLine ID="eSc_line_1d0424a2"
                    TAGREFS="LT4119"
                    BASELINE="154 1204 1194 1210" 
                    HPOS="153"
                    VPOS="1152"
                    WIDTH="1041"
                    HEIGHT="83">
            <Shape><Polygon POINTS="154 1204 153 1219 243 1231 245 1231 389 1223 413 1222 416 1223 437 1232 438 1232 440 1234 493 1234 493 1232 495 1232 496 1232 505 1225 507 1223 516 1225 563 1231 565 1231 566 1231 577 1225 582 1223 670 1223 742 1223 748 1228 758 1234 759 1234 761 1234 762 1234 807 1228 834 1225 884 1229 956 1235 957 1235 1192 1232 1194 1210 1192 1170 1061 1170 1058 1167 1047 1157 1045 1157 1044 1157 1042 1157 1041 1157 1011 1167 1002 1170 941 1170 936 1165 928 1157 928 1155 926 1155 925 1155 923 1155 770 1163 676 1167 664 1161 655 1155 654 1155 652 1155 651 1155 649 1155 648 1155 641 1161 632 1167 591 1167 575 1160 559 1154 557 1154 556 1154 517 1158 475 1164 452 1158 443 1155 441 1155 362 1152 361 1152 359 1152 348 1157 336 1160 316 1155 300 1152 298 1152 297 1152 288 1155 264 1164 245 1154 240 1152 239 1152 237 1152 154 1152 154 1204"/></Shape>
	    <String CONTENT="ſcripta diſciplina retenta fuiſſet, nũquam"
                    HPOS="153"
                    VPOS="1152"
                    WIDTH="1041"
                    HEIGHT="83"
                    WC="0.984817460525868"></String>
          </TextLine>

          
          
          <TextLine ID="eSc_line_51d5bb4c"
                    TAGREFS="LT4119"
                    BASELINE="154 1276 1200 1280" 
                    HPOS="153"
                    VPOS="1219"
                    WIDTH="1047"
                    HEIGHT="89">
            <Shape><Polygon POINTS="154 1276 153 1295 458 1304 459 1304 461 1304 462 1304 462 1302 466 1299 474 1293 641 1293 663 1301 666 1302 667 1302 669 1302 679 1302 731 1295 755 1302 759 1304 761 1304 762 1304 773 1302 816 1295 840 1304 850 1307 852 1307 853 1307 886 1304 933 1299 960 1305 972 1307 974 1308 1198 1308 1200 1280 1200 1235 1177 1223 1176 1223 1174 1223 1011 1234 971 1235 966 1232 951 1223 950 1223 948 1223 947 1223 910 1232 905 1232 901 1231 880 1223 878 1223 877 1223 875 1223 861 1231 850 1235 840 1231 822 1222 820 1222 688 1222 687 1222 685 1222 673 1228 660 1234 614 1226 600 1225 599 1225 591 1226 557 1234 520 1225 502 1221 501 1221 499 1221 498 1221 487 1223 464 1232 348 1225 346 1225 345 1225 328 1234 232 1234 206 1221 205 1221 154 1219 154 1276"/></Shape>
	    <String CONTENT="in eam perturbationem Eccleſia incidiſ¬"
                    HPOS="153"
                    VPOS="1219"
                    WIDTH="1047"
                    HEIGHT="89"
                    WC="0.989301206209721"></String>
          </TextLine>

          
          
          <TextLine ID="eSc_line_299b3d5d"
                    TAGREFS="LT4119"
                    BASELINE="157 1341 1197 1350" 
                    HPOS="157"
                    VPOS="1289"
                    WIDTH="1040"
                    HEIGHT="91">
            <Shape><Polygon POINTS="157 1341 157 1363 221 1362 229 1365 237 1369 239 1369 240 1369 272 1366 303 1362 321 1366 343 1372 345 1372 346 1372 348 1372 367 1368 383 1363 403 1368 426 1372 428 1372 429 1372 431 1372 435 1368 440 1363 458 1368 466 1371 468 1371 469 1371 471 1371 472 1371 475 1369 483 1363 514 1369 541 1374 542 1374 596 1371 676 1365 696 1372 706 1375 707 1375 709 1375 710 1375 712 1375 715 1372 719 1368 736 1372 748 1375 749 1375 751 1375 779 1372 847 1366 893 1375 907 1377 908 1377 928 1375 981 1369 1015 1377 1027 1378 1029 1380 1195 1380 1197 1350 1195 1311 1100 1298 1099 1298 1097 1298 1076 1308 1073 1311 1041 1311 1038 1307 1024 1296 1024 1295 1023 1295 1021 1295 1020 1295 931 1305 902 1308 878 1304 822 1293 820 1293 776 1302 751 1307 734 1301 721 1296 719 1296 718 1296 716 1296 715 1296 710 1301 704 1305 696 1301 678 1292 676 1292 648 1292 646 1292 645 1292 643 1292 633 1299 627 1304 611 1299 587 1292 585 1292 584 1292 582 1292 581 1292 572 1298 559 1305 529 1298 504 1290 502 1290 501 1290 437 1295 331 1304 214 1304 199 1290 197 1289 196 1289 194 1289 193 1289 157 1289 157 1341"/></Shape>
	    <String CONTENT="ſet, à qua miſerrimè tandem peſſundata"
                    HPOS="157"
                    VPOS="1289"
                    WIDTH="1040"
                    HEIGHT="91"
                    WC="0.989911152422428"></String>
          </TextLine>

          
          
          <TextLine ID="eSc_line_0cfc268f"
                    TAGREFS="LT4119"
                    BASELINE="156 1412 1194 1420" 
                    HPOS="154"
                    VPOS="1359"
                    WIDTH="1040"
                    HEIGHT="88">
            <Shape><Polygon POINTS="156 1412 154 1427 269 1429 270 1430 291 1441 292 1441 294 1441 349 1432 359 1430 362 1432 382 1442 383 1442 385 1442 481 1435 514 1432 541 1435 587 1442 588 1442 638 1438 676 1433 722 1439 755 1442 757 1442 758 1442 768 1439 782 1436 789 1439 801 1445 803 1445 804 1445 844 1441 886 1436 896 1442 904 1445 905 1445 907 1445 925 1442 944 1439 1191 1447 1194 1420 1192 1378 843 1377 841 1375 829 1365 829 1363 828 1363 826 1363 825 1363 823 1363 786 1375 782 1375 703 1375 701 1374 684 1362 682 1362 681 1362 679 1362 620 1374 617 1374 602 1362 600 1362 599 1362 565 1360 563 1360 562 1360 560 1360 542 1372 532 1363 530 1363 529 1363 527 1363 526 1363 524 1363 511 1372 447 1363 446 1363 444 1363 425 1372 403 1360 401 1360 400 1360 330 1366 321 1359 319 1359 318 1359 263 1359 261 1359 260 1359 234 1369 199 1359 197 1359 196 1359 194 1359 156 1369 156 1412"/></Shape>
	    <String CONTENT="eſt. Quid igitur, damnamûsne omnes eas"
                    HPOS="154"
                    VPOS="1359"
                    WIDTH="1040"
                    HEIGHT="88"
                    WC="0.977772005093403"></String>
          </TextLine>

          
          
          <TextLine ID="eSc_line_ff1ac544"
                    TAGREFS="LT4119"
                    BASELINE="153 1481 1194 1488" 
                    HPOS="151"
                    VPOS="1427"
                    WIDTH="1043"
                    HEIGHT="86">
            <Shape><Polygon POINTS="153 1481 151 1493 230 1494 263 1506 264 1506 266 1506 318 1497 319 1497 446 1505 447 1505 484 1500 505 1497 517 1500 536 1506 538 1506 539 1506 541 1506 553 1502 557 1499 560 1502 568 1506 569 1506 571 1506 572 1506 649 1503 739 1499 758 1505 776 1511 777 1511 779 1511 819 1506 855 1502 868 1506 877 1511 878 1511 880 1511 932 1509 933 1509 936 1508 957 1500 981 1509 990 1512 991 1512 993 1513 1192 1513 1194 1488 1194 1447 1139 1435 1137 1435 1136 1435 1115 1445 1113 1447 1066 1447 1063 1444 1052 1435 1051 1435 1049 1435 1048 1435 941 1441 896 1444 890 1441 881 1433 880 1433 878 1433 840 1433 838 1433 837 1433 835 1433 835 1435 829 1439 823 1445 779 1445 754 1438 730 1432 728 1432 727 1432 635 1436 578 1438 572 1435 563 1430 562 1430 560 1430 505 1433 380 1441 348 1430 343 1429 342 1429 340 1429 339 1429 334 1430 301 1439 266 1429 264 1429 153 1427 153 1481"/></Shape>
	    <String CONTENT="Euãgelicas Eccleſias in quibus vel nulla"
                    HPOS="151"
                    VPOS="1427"
                    WIDTH="1043"
                    HEIGHT="86"
                    WC="0.963375124989486"></String>
          </TextLine>

          
          
          <TextLine ID="eSc_line_1e378d2c"
                    TAGREFS="LT4119"
                    BASELINE="153 1549 1194 1555" 
                    HPOS="151"
                    VPOS="1494"
                    WIDTH="1043"
                    HEIGHT="86">
            <Shape><Polygon POINTS="153 1549 151 1563 171 1573 172 1573 174 1573 254 1569 264 1576 266 1576 267 1576 269 1576 313 1566 315 1566 411 1566 416 1567 440 1577 441 1577 443 1577 444 1577 446 1577 458 1567 475 1576 477 1576 478 1576 480 1576 481 1576 490 1569 490 1567 560 1567 565 1570 575 1574 577 1574 578 1574 623 1570 660 1567 682 1571 704 1576 706 1576 707 1576 709 1576 715 1571 721 1569 730 1571 740 1576 742 1576 743 1576 779 1573 826 1569 849 1574 867 1579 868 1579 870 1580 1192 1580 1194 1555 1192 1512 1076 1512 1075 1511 1054 1500 1052 1500 1051 1500 1049 1500 1024 1509 1014 1500 1014 1499 1012 1499 1011 1499 1009 1499 1008 1499 977 1509 971 1511 942 1509 832 1500 831 1500 733 1506 693 1509 688 1506 678 1499 676 1499 675 1499 673 1499 672 1499 658 1505 635 1496 633 1496 514 1496 513 1496 511 1496 489 1505 480 1508 459 1505 420 1497 419 1497 417 1497 416 1497 407 1503 401 1508 348 1508 336 1503 309 1494 307 1494 306 1494 304 1494 303 1494 290 1502 284 1506 278 1502 263 1494 261 1494 260 1494 153 1500 153 1549"/></Shape>
	    <String CONTENT="diſciplina Eccleſiaſtica omnino obſerua¬"
                    HPOS="151"
                    VPOS="1494"
                    WIDTH="1043"
                    HEIGHT="86"
                    WC="0.98271276652813"></String>
          </TextLine>

          
          
          <TextLine ID="eSc_line_1ed295cb"
                    TAGREFS="LT4119"
                    BASELINE="151 1618 1192 1624" 
                    HPOS="150"
                    VPOS="1566"
                    WIDTH="1042"
                    HEIGHT="87">
            <Shape><Polygon POINTS="151 1618 150 1635 239 1647 240 1647 294 1638 298 1638 304 1638 383 1647 385 1647 386 1647 400 1640 403 1638 404 1640 416 1649 417 1649 419 1649 420 1649 422 1649 438 1641 441 1640 450 1641 505 1649 507 1649 544 1643 560 1640 590 1643 642 1649 643 1649 645 1649 658 1644 672 1640 694 1644 722 1650 724 1650 795 1646 880 1641 942 1649 972 1652 974 1653 1191 1653 1192 1624 1189 1580 1066 1582 1063 1579 1052 1571 1052 1570 1051 1570 1049 1570 954 1570 953 1570 951 1570 935 1579 893 1579 733 1580 727 1579 703 1569 701 1569 648 1567 646 1567 645 1567 643 1567 643 1569 632 1577 630 1580 605 1580 593 1577 517 1567 516 1567 514 1567 490 1577 487 1579 483 1577 459 1567 458 1567 456 1567 455 1567 419 1577 411 1579 376 1579 374 1577 359 1566 358 1566 356 1566 355 1566 151 1576 151 1618"/></Shape>
	    <String CONTENT="tur, vel Apoſtolica nõ retinetur: ſed in qui"
                    HPOS="150"
                    VPOS="1566"
                    WIDTH="1042"
                    HEIGHT="87"
                    WC="0.985159080558353"></String>
          </TextLine>

          
          
          <TextLine ID="eSc_line_0866a6c5"
                    TAGREFS="LT4119"
                    BASELINE="151 1685 1189 1693" 
                    HPOS="150"
                    VPOS="1635"
                    WIDTH="1039"
                    HEIGHT="88">
            <Shape><Polygon POINTS="151 1685 150 1702 251 1704 251 1705 275 1714 276 1714 278 1714 315 1707 322 1705 349 1707 449 1714 450 1714 507 1710 529 1708 532 1710 541 1717 542 1717 544 1717 545 1717 575 1711 590 1708 611 1711 643 1717 645 1717 646 1717 648 1717 654 1713 660 1708 693 1713 733 1719 734 1719 785 1714 831 1711 838 1716 844 1720 846 1720 847 1720 849 1720 899 1717 966 1713 1000 1719 1017 1722 1018 1723 1188 1723 1189 1693 1189 1655 1151 1644 1149 1644 1148 1644 1105 1653 1099 1653 1088 1652 1015 1643 1014 1643 1012 1643 986 1650 978 1652 954 1650 881 1643 880 1643 838 1647 825 1649 823 1647 815 1641 813 1641 812 1641 810 1641 776 1646 749 1650 733 1646 719 1641 718 1641 716 1641 694 1644 669 1649 551 1649 544 1643 542 1640 541 1640 539 1640 538 1640 527 1641 496 1649 410 1649 400 1640 400 1638 398 1638 397 1638 395 1638 394 1638 389 1640 361 1647 208 1647 151 1635 151 1685"/></Shape>
	    <String CONTENT="bus ea vel corruptaeſt: vel etiam alia, pro"
                    HPOS="150"
                    VPOS="1635"
                    WIDTH="1039"
                    HEIGHT="88"
                    WC="0.993471074936002"></String>
          </TextLine>

          
          
          <TextLine ID="eSc_line_cc59f88b"
                    TAGREFS="LT4119"
                    BASELINE="157 1753 1179 1763" 
                    HPOS="156"
                    VPOS="1701"
                    WIDTH="1023"
                    HEIGHT="89">
            <Shape><Polygon POINTS="157 1753 156 1768 208 1781 209 1781 211 1781 243 1771 301 1771 423 1771 432 1774 455 1781 456 1781 458 1781 459 1781 475 1775 477 1775 480 1775 504 1784 505 1784 507 1786 565 1786 565 1784 566 1784 582 1778 594 1774 669 1774 679 1780 693 1786 694 1786 696 1786 722 1781 746 1777 767 1781 788 1787 789 1787 791 1787 817 1783 855 1777 874 1784 884 1789 886 1789 887 1789 926 1786 989 1780 1003 1787 1008 1789 1009 1789 1176 1790 1179 1763 1179 1720 1164 1710 1163 1710 1161 1710 1160 1710 1096 1720 1026 1720 999 1708 997 1708 996 1708 954 1716 904 1708 902 1708 901 1708 883 1717 758 1710 757 1710 755 1710 742 1717 740 1717 718 1705 716 1705 715 1705 713 1705 688 1713 679 1705 678 1705 676 1705 574 1705 572 1705 571 1705 550 1714 550 1716 461 1716 459 1714 435 1702 434 1702 385 1702 383 1702 382 1702 361 1713 359 1713 303 1701 301 1701 246 1711 243 1711 157 1711 157 1753"/></Shape>
	    <String CONTENT="vera ſubſtituta ? Ad hanc odioſam qui"
                    HPOS="156"
                    VPOS="1701"
                    WIDTH="1023"
                    HEIGHT="89"
                    WC="0.971157490401655"></String>
          </TextLine>

          
          
          <TextLine ID="eSc_line_683384fc"
                    TAGREFS="LT4119"
                    BASELINE="151 1823 1185 1830" 
                    HPOS="150"
                    VPOS="1769"
                    WIDTH="1035"
                    HEIGHT="90">
            <Shape><Polygon POINTS="151 1823 150 1838 184 1848 185 1848 187 1848 188 1848 205 1841 288 1841 300 1851 301 1851 303 1851 304 1851 306 1851 342 1842 348 1841 349 1842 362 1853 364 1853 365 1853 367 1853 368 1853 388 1842 394 1842 529 1842 539 1845 563 1854 565 1854 566 1856 629 1856 629 1854 630 1854 632 1854 641 1848 643 1845 664 1848 707 1854 709 1854 710 1854 724 1850 740 1844 761 1850 771 1853 773 1853 774 1853 795 1851 835 1845 844 1851 849 1856 850 1856 852 1856 853 1856 873 1853 907 1845 954 1854 978 1857 980 1859 1183 1859 1185 1830 1183 1787 1045 1787 1024 1784 978 1775 977 1775 941 1783 928 1784 840 1784 837 1780 831 1775 829 1775 828 1775 826 1775 825 1775 823 1775 817 1780 812 1786 782 1780 767 1777 765 1777 764 1777 755 1780 734 1784 725 1778 718 1774 716 1774 715 1774 713 1774 712 1774 697 1778 685 1781 663 1777 639 1774 638 1774 636 1774 626 1777 603 1784 455 1784 435 1774 432 1772 431 1772 429 1772 419 1774 359 1783 297 1771 292 1771 291 1771 285 1771 203 1781 191 1772 191 1771 190 1771 188 1771 151 1769 151 1823"/></Shape>
	    <String CONTENT="dem quæſtionem, &amp; quæ tamen ſæpeino¬"
                    HPOS="150"
                    VPOS="1769"
                    WIDTH="1035"
                    HEIGHT="90"
                    WC="0.994045037362311"></String>
          </TextLine>

          
          
          <TextLine ID="eSc_line_30f0198d"
                    TAGREFS="LT4119"
                    BASELINE="151 1891 1189 1900" 
                    HPOS="150"
                    VPOS="1836"
                    WIDTH="1039"
                    HEIGHT="92">
            <Shape><Polygon POINTS="151 1891 150 1908 172 1920 174 1920 175 1920 270 1911 272 1911 275 1911 376 1921 377 1921 379 1921 410 1912 414 1912 422 1914 468 1921 469 1921 526 1915 541 1914 545 1915 554 1922 556 1922 557 1922 559 1922 624 1917 664 1914 685 1918 712 1924 713 1924 761 1920 809 1915 828 1921 843 1925 844 1925 846 1925 865 1921 887 1917 904 1922 913 1925 914 1925 916 1925 951 1922 1023 1918 1035 1925 1038 1927 1039 1927 1041 1927 1042 1928 1188 1928 1189 1900 1186 1857 1112 1857 1102 1854 1081 1848 1079 1848 1078 1848 1049 1854 1038 1856 1032 1853 1011 1844 1009 1844 1008 1844 1006 1844 981 1851 933 1844 932 1844 931 1844 914 1851 902 1856 865 1850 816 1842 815 1842 780 1848 748 1854 731 1847 724 1844 722 1844 721 1844 719 1844 718 1844 713 1847 701 1854 615 1845 612 1845 611 1845 609 1845 608 1845 594 1854 520 1854 502 1842 499 1841 498 1841 496 1841 495 1841 493 1841 492 1841 492 1842 490 1842 480 1853 408 1853 386 1841 383 1839 382 1839 380 1839 379 1839 376 1841 350 1851 330 1839 328 1838 327 1838 325 1838 324 1838 322 1838 321 1838 319 1839 310 1845 303 1839 303 1838 301 1838 300 1838 151 1836 151 1891"/></Shape>
	    <String CONTENT="bis obiicitur, ingenuè quidem, ſed tamen"
                    HPOS="150"
                    VPOS="1836"
                    WIDTH="1039"
                    HEIGHT="92"
                    WC="0.97766781289403"></String>
          </TextLine>

          
          
          <TextLine ID="eSc_line_cbcab8ab"
                    TAGREFS="LT4119"
                    BASELINE="153 1963 968 1967 1180 1976" 
                    HPOS="153"
                    VPOS="1906"
                    WIDTH="1027"
                    HEIGHT="91">
            <Shape><Polygon POINTS="153 1963 153 1989 227 1979 309 1991 312 1991 313 1991 315 1991 346 1980 408 1980 432 1988 434 1988 435 1988 519 1982 530 1991 532 1991 533 1991 535 1991 575 1983 727 1985 745 1994 746 1994 748 1994 751 1994 981 1985 1005 1995 1006 1995 1177 1997 1180 1976 1179 1925 1118 1914 1061 1914 1060 1914 1058 1914 1057 1914 1042 1924 1038 1924 990 1917 989 1917 895 1922 892 1922 880 1914 880 1912 878 1912 877 1912 875 1912 874 1912 850 1922 849 1924 801 1924 798 1922 767 1911 765 1911 764 1911 703 1921 678 1911 676 1911 609 1909 608 1909 606 1909 585 1921 541 1921 468 1921 466 1920 441 1909 440 1909 438 1909 388 1915 373 1908 371 1908 258 1908 257 1908 255 1908 254 1908 240 1918 202 1906 200 1906 199 1906 153 1917 153 1963"/></Shape>
	    <String CONTENT="placidè &amp; modeſtè reſpondemus. Nos"
                    HPOS="153"
                    VPOS="1906"
                    WIDTH="1027"
                    HEIGHT="91"
                    WC="0.989203843805525"></String>
          </TextLine>

          
          
          <TextLine ID="eSc_line_b10b32ea"
                    TAGREFS="LT4119"
                    BASELINE="151 2031 1186 2040" 
                    HPOS="151"
                    VPOS="1978"
                    WIDTH="1035"
                    HEIGHT="86">
            <Shape><Polygon POINTS="151 2031 153 2055 185 2047 242 2056 246 2056 248 2056 249 2056 251 2056 276 2047 386 2056 388 2056 450 2049 490 2058 496 2059 498 2059 499 2059 504 2058 529 2052 569 2059 574 2059 575 2059 577 2059 578 2059 597 2050 646 2059 648 2059 649 2059 651 2059 672 2052 733 2052 742 2059 743 2059 745 2059 746 2059 835 2052 847 2061 847 2062 849 2062 850 2062 852 2062 867 2062 951 2055 960 2062 962 2062 963 2062 1183 2064 1186 2040 1186 1995 1076 1986 1075 1986 1073 1986 1047 1994 1044 1994 1041 1994 1003 1982 1002 1982 926 1982 925 1982 923 1982 887 1992 886 1992 883 1992 843 1980 841 1980 840 1980 838 1980 837 1980 822 1991 620 1979 618 1979 563 1989 560 1989 556 1989 496 1978 495 1978 428 1988 425 1988 151 1986 151 2031"/></Shape>
	    <String CONTENT="propter carentiam &amp; εἰπουσίαν? diſciplinæ"
                    HPOS="151"
                    VPOS="1978"
                    WIDTH="1035"
                    HEIGHT="86"></String>
          </TextLine>

          
          
          <TextLine ID="eSc_line_3c9ce9a8"
                    TAGREFS="LT4119"
                    BASELINE="148 2098 1186 2107" 
                    HPOS="147"
                    VPOS="2046"
                    WIDTH="1039"
                    HEIGHT="86">
            <Shape><Polygon POINTS="148 2098 147 2119 319 2116 379 2123 391 2125 392 2125 408 2125 492 2117 574 2126 596 2128 597 2128 611 2126 667 2119 745 2128 761 2129 843 2131 844 2131 846 2131 847 2131 849 2129 855 2123 874 2129 878 2131 880 2131 881 2131 883 2131 886 2129 907 2122 956 2131 962 2131 1183 2132 1186 2107 1186 2061 1122 2052 1121 2052 1039 2058 1015 2059 1003 2058 977 2052 975 2052 907 2056 874 2058 849 2055 797 2049 795 2049 731 2053 709 2055 688 2053 639 2047 638 2047 636 2047 621 2052 609 2055 584 2052 554 2047 553 2047 529 2050 501 2055 471 2050 447 2046 446 2046 429 2049 411 2053 404 2049 401 2046 400 2046 398 2046 148 2046 148 2098"/></Shape>
	    <String CONTENT="Eccleſiaſticæ minimè damnare Eccleſias"
                    HPOS="147"
                    VPOS="2046"
                    WIDTH="1039"
                    HEIGHT="86"
                    WC="0.995184309971638"></String>
          </TextLine>

          
          
          <TextLine ID="eSc_line_d2c24211"
                    TAGREFS="LT4119"
                    BASELINE="150 2166 968 2175 1177 2187" 
                    HPOS="148"
                    VPOS="2111"
                    WIDTH="1029"
                    HEIGHT="103">
            <Shape><Polygon POINTS="150 2166 148 2186 185 2199 187 2199 188 2199 284 2189 301 2187 310 2189 353 2204 355 2204 356 2204 423 2193 440 2205 441 2205 443 2205 444 2207 484 2207 484 2205 486 2205 487 2205 501 2195 508 2190 553 2196 593 2202 594 2202 596 2202 611 2198 636 2192 675 2193 684 2201 693 2208 694 2208 696 2208 697 2208 699 2208 718 2202 743 2193 770 2193 780 2204 786 2208 786 2210 788 2210 789 2210 791 2211 826 2211 826 2210 828 2210 829 2210 837 2205 853 2196 931 2196 951 2208 957 2212 959 2212 960 2212 962 2214 997 2214 997 2212 999 2212 1005 2210 1021 2201 1039 2211 1041 2212 1042 2212 1044 2212 1174 2214 1177 2187 1177 2138 1105 2128 1103 2128 1102 2128 1085 2135 1084 2135 1002 2135 997 2132 965 2122 963 2122 962 2122 960 2122 928 2131 923 2132 917 2131 889 2120 887 2120 886 2120 884 2120 853 2129 844 2132 755 2132 748 2126 736 2117 734 2117 733 2117 731 2117 643 2123 582 2128 556 2122 529 2114 527 2114 481 2114 480 2114 478 2114 466 2119 447 2126 431 2117 420 2113 419 2113 383 2113 382 2113 380 2113 373 2116 356 2125 226 2125 203 2111 202 2111 200 2111 150 2111 150 2166"/></Shape>
	    <String CONTENT="&amp; cœtus illos hominũ, in quibus vera pu¬"
                    HPOS="148"
                    VPOS="2111"
                    WIDTH="1029"
                    HEIGHT="103"
                    WC="0.977377725810539"></String>
          </TextLine>

          
        </TextBlock>
        
        <TextBlock HPOS="821"
                   VPOS="2206"
                   WIDTH="257"
                   HEIGHT="77"
                   ID="eSc_textblock_d12325c0"
                   TAGREFS="BT10534">
          <Shape><Polygon POINTS="827 2206 821 2283 1078 2283 1069 2209"/></Shape>
          
          
          <TextLine ID="eSc_line_724681e4"
                    TAGREFS="LT4119"
                    BASELINE="847 2262 931 2262" 
                    HPOS="845"
                    VPOS="2206"
                    WIDTH="85"
                    HEIGHT="91">
            <Shape><Polygon POINTS="899 2206 894 2208 881 2221 847 2212 845 2259 845 2297 930 2293 930 2259 930 2208 916 2206 912 2206"/></Shape>
	    <String CONTENT="¶¶."
                    HPOS="845"
                    VPOS="2206"
                    WIDTH="85"
                    HEIGHT="91"></String>
          </TextLine>

          
          
          <TextLine ID="eSc_line_f76f742f"
                    TAGREFS="LT4119"
                    BASELINE="1004 2265 1048 2265" 
                    HPOS="1003"
                    VPOS="2208"
                    WIDTH="43"
                    HEIGHT="80">
            <Shape><Polygon POINTS="1003 2208 1003 2264 1003 2288 1046 2286 1046 2264 1044 2208 1026 2208"/></Shape>
	    <String CONTENT="j."
                    HPOS="1003"
                    VPOS="2208"
                    WIDTH="43"
                    HEIGHT="80"></String>
          </TextLine>

          
        </TextBlock>
        

        
      </PrintSpace>
    </Page>
  </Layout>
</alto>
