<?xml version="1.0" encoding="UTF-8"?>
<alto xmlns:xsi="http://www.w3.org/2001/XMLSchema-instance"
      xmlns="http://www.loc.gov/standards/alto/ns-v4#"
      xsi:schemaLocation="http://www.loc.gov/standards/alto/ns-v4# http://www.loc.gov/standards/alto/v4/alto-4-2.xsd">
  <Description>
    <MeasurementUnit>pixel</MeasurementUnit>
    <sourceImageInformation>
      <fileName>2012920.png</fileName>
      
    </sourceImageInformation>
  </Description>
  
  <Tags>
    <OtherTag ID="BT10544" LABEL="text" DESCRIPTION="block type text"/><OtherTag ID="BT10543" LABEL="NumberingZone" DESCRIPTION="block type NumberingZone"/><OtherTag ID="BT10542" LABEL="MainZone" DESCRIPTION="block type MainZone"/><OtherTag ID="BT10538" LABEL="RunningTitleZone" DESCRIPTION="block type RunningTitleZone"/><OtherTag ID="BT10537" LABEL="DropCapitalZone" DESCRIPTION="block type DropCapitalZone"/><OtherTag ID="BT10536" LABEL="GraphicZone" DESCRIPTION="block type GraphicZone"/><OtherTag ID="BT10535" LABEL="TitlePageZone" DESCRIPTION="block type TitlePageZone"/><OtherTag ID="BT10534" LABEL="QuireMarksZone" DESCRIPTION="block type QuireMarksZone"/><OtherTag ID="BT10533" LABEL="MarginTextZone" DESCRIPTION="block type MarginTextZone"/>
    <OtherTag ID="LT4122" LABEL="default" DESCRIPTION="line type default"/><OtherTag ID="LT4119" LABEL="DefaultLine" DESCRIPTION="line type DefaultLine"/><OtherTag ID="LT4118" LABEL="HeadingLine" DESCRIPTION="line type HeadingLine"/><OtherTag ID="LT4117" LABEL="CustomLine : BiblicalText" DESCRIPTION="line type CustomLine : BiblicalText"/>
  </Tags>
  
  <Layout>
    <Page WIDTH="1807"
          HEIGHT="2677"
          PHYSICAL_IMG_NR="36"
          ID="eSc_dummypage_">
      <PrintSpace HPOS="0"
                  VPOS="0"
                  WIDTH="1807"
                  HEIGHT="2677">
        
        <TextBlock HPOS="605.1061401367188"
                   VPOS="155.86557006835938"
                   WIDTH="54.09954833984375"
                   HEIGHT="55.35835266113281"
                   ID="block_1"
                   TAGREFS="BT10543">
          <Shape><Polygon POINTS="605.106 155.866 659.206 155.866 659.206 211.224 605.106 211.224 605.106 155.866"/></Shape>
          
          
          <TextLine ID="eSc_line_72b6bb2f"
                    TAGREFS="LT4119"
                    BASELINE="620 197 643 197" 
                    HPOS="620"
                    VPOS="150"
                    WIDTH="23"
                    HEIGHT="65">
            <Shape><Polygon POINTS="635 153 620 150 620 197 620 215 643 212 643 197 643 154 635 153"/></Shape>
	    <String CONTENT="8"
                    HPOS="620"
                    VPOS="150"
                    WIDTH="23"
                    HEIGHT="65"
                    WC="0.998907566070557"></String>
          </TextLine>

          
        </TextBlock>
        
        <TextBlock HPOS="782.0279541015625"
                   VPOS="156.2451171875"
                   WIDTH="686.64306640625"
                   HEIGHT="62.22682189941406"
                   ID="block_2"
                   TAGREFS="BT10538">
          <Shape><Polygon POINTS="782.028 156.245 1468.67 156.245 1468.67 218.472 782.028 218.472 782.028 156.245"/></Shape>
          
          
          <TextLine ID="eSc_line_2af5befa"
                    TAGREFS="LT4118"
                    BASELINE="791 202 1461 202" 
                    HPOS="791"
                    VPOS="156"
                    WIDTH="670"
                    HEIGHT="70">
            <Shape><Polygon POINTS="1088 159 1076 159 1047 166 1039 160 1029 160 1014 160 999 160 984 160 983 160 963 166 957 160 954 162 939 162 925 162 917 162 895 166 887 162 880 162 865 163 850 163 835 163 820 163 806 163 797 163 791 166 791 202 791 212 815 224 816 224 817 226 877 226 877 224 878 224 880 224 880 223 890 214 926 214 936 223 936 224 938 224 939 224 941 226 977 226 977 224 978 224 980 224 980 223 989 214 990 214 1014 224 1015 224 1017 224 1076 215 1088 214 1099 215 1131 223 1133 223 1134 223 1157 217 1167 214 1186 217 1238 224 1240 224 1290 217 1317 214 1326 218 1341 224 1342 224 1344 224 1461 218 1461 202 1461 168 1313 156 1311 156 1310 156 1271 166 1261 159 1259 159 1258 159 1256 159 1167 166 1112 159 1103 159"/></Shape>
	    <String CONTENT="AD I. PAVL. AD TIM."
                    HPOS="791"
                    VPOS="156"
                    WIDTH="670"
                    HEIGHT="70"
                    WC="0.983811061633261"></String>
          </TextLine>

          
        </TextBlock>
        
        <TextBlock HPOS="580.8375244140625"
                   VPOS="225.3302001953125"
                   WIDTH="1082.9891357421875"
                   HEIGHT="1951.2254638671875"
                   ID="block_0"
                   TAGREFS="BT10542">
          <Shape><Polygon POINTS="580.838 225.33 1663.83 225.33 1663.83 2176.56 580.838 2176.56 580.838 225.33"/></Shape>
          
          
          <TextLine ID="eSc_line_7992da04"
                    TAGREFS="LT4119"
                    BASELINE="606 266 1661 270" 
                    HPOS="606"
                    VPOS="217"
                    WIDTH="1055"
                    HEIGHT="74">
            <Shape><Polygon POINTS="1631 236 1616 233 1609 232 1564 232 1563 230 1540 220 1539 220 1537 220 1536 220 1534 220 1521 230 1519 232 1444 232 1441 229 1427 220 1426 220 1424 220 1423 220 1362 229 1344 230 1329 227 1280 218 1279 218 1234 227 1222 229 1213 227 1185 218 1183 218 1182 218 1110 226 1076 229 1036 224 957 217 956 217 919 224 899 227 883 223 859 217 858 217 761 217 759 217 758 217 745 221 730 229 697 229 688 221 682 217 681 217 679 217 678 217 606 220 606 266 606 285 1195 282 1206 284 1226 290 1228 290 1229 290 1255 284 1265 282 1279 284 1326 291 1328 291 1392 284 1398 284 1403 284 1491 291 1493 291 1659 282 1661 270 1655 240 1646 239"/></Shape>
	    <String CONTENT="Precatus) blanda &amp; modeſta ad monitio: quæ eo a¬"
                    HPOS="606"
                    VPOS="217"
                    WIDTH="1055"
                    HEIGHT="74"></String>
          </TextLine>

          
          
          <TextLine ID="eSc_line_bf46528b"
                    TAGREFS="LT4119"
                    BASELINE="603 324 1662 330" 
                    HPOS="602"
                    VPOS="278"
                    WIDTH="1060"
                    HEIGHT="78">
            <Shape><Polygon POINTS="603 324 602 342 739 352 740 352 812 343 817 343 822 343 877 353 878 353 880 353 905 345 959 345 1005 345 1029 353 1030 353 1032 353 1116 345 1121 345 1122 345 1155 355 1157 355 1158 356 1261 356 1261 355 1262 355 1280 346 1421 355 1423 355 1467 348 1503 356 1505 356 1506 356 1661 346 1662 330 1659 282 1579 294 1522 282 1518 282 1491 282 1490 282 1488 282 1487 282 1469 294 1350 294 1334 285 1332 285 1331 285 1329 285 1311 292 1301 284 1298 281 1296 281 1295 281 1293 281 1268 284 1216 292 1204 285 1198 281 1197 281 1195 281 1133 279 1061 279 1060 279 1058 279 1032 285 1009 292 942 292 936 287 928 279 926 279 925 279 923 279 922 279 896 287 886 290 878 287 868 282 867 282 865 282 864 282 862 282 856 287 850 291 718 291 713 288 690 278 688 278 687 278 685 278 663 288 660 290 603 290 603 324"/></Shape>
	    <String CONTENT="cutius pungit &amp; magis ſeriò, quò maior eſt Pauli"
                    HPOS="602"
                    VPOS="278"
                    WIDTH="1060"
                    HEIGHT="78"></String>
          </TextLine>

          
          
          <TextLine ID="eSc_line_02b344b8"
                    TAGREFS="LT4119"
                    BASELINE="603 383 1659 389" 
                    HPOS="602"
                    VPOS="336"
                    WIDTH="1057"
                    HEIGHT="75">
            <Shape><Polygon POINTS="602 397 646 407 648 407 834 400 865 400 868 401 883 408 884 408 886 408 1039 403 1097 401 1113 404 1146 410 1148 411 1360 411 1360 410 1362 410 1363 410 1366 407 1372 403 1383 407 1395 411 1396 411 1398 411 1456 408 1519 404 1528 408 1534 411 1536 411 1537 411 1539 411 1548 408 1567 404 1576 410 1577 411 1579 411 1580 411 1582 411 1594 410 1624 404 1656 410 1659 389 1659 353 1631 342 1630 342 1628 342 1460 350 1406 352 1374 349 1331 343 1329 343 1328 343 1326 343 1320 348 1320 349 1319 348 1310 340 1308 340 1307 340 1273 340 1271 340 1270 340 1268 340 1261 346 1255 350 1231 346 1200 340 1198 340 1197 340 1195 340 1189 345 1183 350 1133 350 1118 345 1106 339 1105 339 1103 339 1082 343 1058 349 1032 343 1015 339 1014 339 1012 339 1011 339 1009 339 1009 340 1006 342 997 350 899 350 881 342 880 342 878 342 877 342 875 342 867 349 837 339 829 337 828 337 826 337 809 339 737 348 727 339 725 339 724 339 666 337 664 337 663 337 639 348 605 336 603 383 602 397"/></Shape>
	    <String CONTENT="in Timotheum authoritas, id eſt, præceptoris &amp;"
                    HPOS="602"
                    VPOS="336"
                    WIDTH="1057"
                    HEIGHT="75"
                    WC="0.985511683899423"></String>
          </TextLine>

          
          
          <TextLine ID="eSc_line_253e4e37"
                    TAGREFS="LT4119"
                    BASELINE="605 444 1658 447" 
                    HPOS="603"
                    VPOS="397"
                    WIDTH="1055"
                    HEIGHT="75">
            <Shape><Polygon POINTS="605 444 603 458 651 459 663 469 664 469 666 469 667 469 737 461 757 461 788 461 789 461 803 469 804 469 806 469 807 469 913 462 929 461 935 462 965 469 966 469 968 469 1011 462 1024 461 1030 462 1047 469 1048 469 1049 469 1103 464 1115 462 1118 464 1128 471 1130 471 1131 471 1133 471 1164 464 1168 464 1182 464 1274 471 1276 471 1277 471 1289 465 1295 462 1307 465 1328 471 1329 471 1331 471 1357 465 1378 462 1400 466 1420 469 1421 469 1423 469 1424 469 1429 466 1436 462 1461 466 1487 471 1488 472 1610 472 1610 471 1612 471 1613 471 1616 468 1624 462 1655 468 1658 447 1656 413 1610 413 1610 411 1582 398 1580 398 1500 398 1499 398 1497 398 1496 398 1476 411 1475 411 1402 401 1400 401 1399 401 1398 401 1398 403 1387 411 1386 413 1277 413 1274 411 1255 401 1253 401 1252 401 1157 407 1131 397 1130 397 1048 397 1047 397 1045 397 1044 397 1029 410 1000 400 999 400 997 400 996 400 971 410 963 410 922 408 896 397 895 397 822 397 820 397 819 397 780 410 777 411 746 411 743 410 719 397 718 397 716 397 605 408 605 444"/></Shape>
	    <String CONTENT="patris in filium, &amp; diſcipulum ius &amp; affectus."
                    HPOS="603"
                    VPOS="397"
                    WIDTH="1055"
                    HEIGHT="75"
                    WC="0.991646187460941"></String>
          </TextLine>

          
          
          <TextLine ID="eSc_line_9e2f1c7f"
                    TAGREFS="LT4119"
                    BASELINE="611 499 1656 505" 
                    HPOS="611"
                    VPOS="455"
                    WIDTH="1045"
                    HEIGHT="77">
            <Shape><Polygon POINTS="611 499 611 524 742 517 757 524 759 526 761 526 762 527 813 527 813 526 815 526 822 524 852 517 880 524 896 527 898 527 899 527 913 524 932 519 1008 523 1069 527 1070 527 1096 523 1122 519 1133 523 1146 529 1148 529 1149 529 1287 523 1342 520 1347 522 1357 529 1359 529 1360 529 1362 529 1406 522 1411 522 1412 522 1430 530 1432 530 1433 532 1530 532 1530 530 1531 530 1546 523 1579 529 1580 529 1582 529 1583 529 1592 522 1655 522 1656 505 1655 469 1512 461 1511 461 1451 466 1424 468 1408 465 1377 459 1163 459 1161 459 1160 459 1152 462 1142 466 1137 462 1134 459 1134 458 1133 458 1131 458 1130 458 1107 461 1082 465 724 458 722 458 676 464 611 455 611 499"/></Shape>
	    <String CONTENT="Vtrunque autem poteſt Paſtor, Denuntiare vt"
                    HPOS="611"
                    VPOS="455"
                    WIDTH="1045"
                    HEIGHT="77"
                    WC="0.980509064918341"></String>
          </TextLine>

          
          
          <TextLine ID="eSc_line_7c5fabd2"
                    TAGREFS="LT4119"
                    BASELINE="603 559 1653 566" 
                    HPOS="602"
                    VPOS="511"
                    WIDTH="1051"
                    HEIGHT="77">
            <Shape><Polygon POINTS="603 559 602 582 721 584 722 584 724 584 727 582 748 574 831 574 847 582 853 585 855 585 856 585 892 582 969 575 1012 575 1024 582 1026 584 1027 584 1029 584 1030 584 1061 582 1130 577 1160 581 1189 587 1191 587 1235 581 1265 578 1340 578 1345 581 1350 585 1351 585 1353 585 1354 585 1381 581 1392 580 1395 581 1408 587 1409 587 1411 587 1412 587 1414 587 1420 581 1423 580 1554 580 1555 581 1566 588 1567 588 1569 588 1570 588 1652 580 1653 566 1650 520 1383 524 1350 520 1325 516 1323 516 1322 516 1313 520 1301 524 1273 520 1252 516 1250 516 1197 520 1143 523 1124 520 1099 514 1097 514 1096 514 1094 514 1087 520 1079 524 1026 524 996 520 945 513 944 513 942 513 926 520 920 523 817 523 788 520 700 511 699 511 697 511 672 520 667 520 603 520 603 559"/></Shape>
	    <String CONTENT="præfectus &amp; paſtor: &amp; Precari vt frater2 Teſſal."
                    HPOS="602"
                    VPOS="511"
                    WIDTH="1051"
                    HEIGHT="77"
                    WC="0.979698620736599"></String>
          </TextLine>

          
          
          <TextLine ID="eSc_line_714a2802"
                    TAGREFS="LT4119"
                    BASELINE="608 620 1656 623" 
                    HPOS="608"
                    VPOS="574"
                    WIDTH="1048"
                    HEIGHT="72">
            <Shape><Polygon POINTS="608 620 608 643 655 638 666 643 667 645 669 645 670 645 672 646 783 646 783 645 785 645 789 643 800 638 812 643 816 645 817 645 819 646 971 646 971 645 972 645 983 642 999 638 1057 642 1107 645 1109 645 1198 640 1243 639 1247 640 1256 646 1258 646 1259 646 1261 646 1354 640 1375 639 1381 640 1411 646 1412 646 1493 639 1500 639 1506 639 1567 646 1569 646 1655 638 1656 623 1655 588 1572 588 1572 587 1557 575 1555 575 1554 575 1442 575 1441 575 1439 575 1438 575 1423 587 1421 588 1348 588 1344 585 1316 575 1314 575 1313 575 1311 575 1280 585 1274 588 1238 588 1234 585 1212 575 1210 575 1209 575 1207 575 1183 585 1180 585 1177 585 1130 574 1021 574 1020 574 1018 574 1017 574 1002 584 999 587 873 587 861 582 823 574 822 574 820 574 608 581 608 620"/></Shape>
	    <String CONTENT="3.V.I2. Nam quam hîc ſibi nõ tribuit, dat Timo¬"
                    HPOS="608"
                    VPOS="574"
                    WIDTH="1048"
                    HEIGHT="72"></String>
          </TextLine>

          
          
          <TextLine ID="eSc_line_db3472f8"
                    TAGREFS="LT4119"
                    BASELINE="602 675 1656 682" 
                    HPOS="600"
                    VPOS="630"
                    WIDTH="1056"
                    HEIGHT="77">
            <Shape><Polygon POINTS="602 675 600 690 652 701 654 703 746 703 746 701 748 701 774 693 856 703 858 704 905 704 905 703 907 703 908 703 923 694 1035 704 1036 704 1417 697 1441 697 1456 697 1632 707 1634 707 1635 707 1655 698 1656 682 1655 645 1612 636 1610 636 1609 636 1585 643 1577 646 1570 643 1548 636 1546 636 1545 636 1543 636 1542 636 1530 643 1524 646 1412 646 1403 643 1371 635 1369 635 1368 635 1366 635 1365 635 1354 643 1351 646 1311 646 1308 643 1299 636 1299 635 1298 635 1296 635 1295 635 1293 635 1277 640 1222 633 1221 633 1219 633 1218 633 1218 635 1207 642 1206 643 1203 642 1173 635 1171 635 1170 635 1168 635 1167 635 1160 642 1157 645 1057 645 1048 642 1009 632 1008 632 1006 632 883 640 862 642 826 642 826 640 815 632 815 630 813 630 812 630 810 630 809 630 771 640 770 642 684 642 682 640 657 630 655 630 654 630 602 639 602 675"/></Shape>
	    <String CONTENT="theo poſtea poteſtatem:nimirum, Denuntiandi"
                    HPOS="600"
                    VPOS="630"
                    WIDTH="1056"
                    HEIGHT="77"
                    WC="0.974700624166533"></String>
          </TextLine>

          
          
          <TextLine ID="eSc_line_33fe3626"
                    TAGREFS="LT4119"
                    BASELINE="600 736 1652 740" 
                    HPOS="600"
                    VPOS="690"
                    WIDTH="1052"
                    HEIGHT="68">
            <Shape><Polygon POINTS="600 736 600 758 1650 755 1652 740 1650 707 1563 707 1560 706 1540 693 1539 693 1537 693 1536 693 1470 701 1417 693 1415 693 1414 693 1412 693 1398 703 1392 706 1387 703 1371 693 1369 693 1368 693 1366 693 1365 693 1338 701 1335 703 1331 701 1302 691 1301 691 1262 691 1261 691 1259 691 1258 691 1244 700 1235 706 1052 706 1041 697 1033 691 1032 691 1030 691 922 690 920 690 919 690 917 690 910 696 895 704 853 704 840 694 834 690 832 690 831 690 829 690 828 690 816 694 804 697 776 693 749 690 748 690 746 690 740 693 718 703 600 691 600 736"/></Shape>
	    <String CONTENT="&amp; quaſi iubendi. Hîc autem nihil de Papali au¬"
                    HPOS="600"
                    VPOS="690"
                    WIDTH="1052"
                    HEIGHT="68"></String>
          </TextLine>

          
          
          <TextLine ID="eSc_line_31b85a5f"
                    TAGREFS="LT4119"
                    BASELINE="600 792 1650 800" 
                    HPOS="599"
                    VPOS="749"
                    WIDTH="1051"
                    HEIGHT="73">
            <Shape><Polygon POINTS="600 792 599 809 810 817 812 817 963 812 994 810 1002 812 1042 819 1044 819 1350 813 1357 813 1368 820 1369 820 1371 820 1372 820 1424 813 1426 813 1427 813 1450 822 1451 822 1453 822 1649 813 1650 800 1647 767 1631 767 1630 765 1618 756 1618 755 1616 755 1615 755 1613 755 1533 764 1511 767 1506 764 1493 755 1491 755 1490 755 1488 755 1487 755 1464 764 1456 767 1438 764 1395 754 1338 754 1337 754 1335 754 1316 761 1305 765 1295 761 1274 754 1273 754 1271 754 1270 754 1247 761 1229 765 1210 759 1182 752 1180 752 1179 752 1177 752 1158 759 1143 765 1021 765 913 764 904 755 899 752 898 752 896 752 895 752 874 755 850 759 840 755 831 751 829 751 828 751 803 754 786 756 782 754 777 749 776 749 774 749 712 749 710 749 709 749 707 749 703 754 693 762 670 762 652 752 646 749 645 749 643 749 600 751 600 792"/></Shape>
	    <String CONTENT="thoritate &amp; Petri iure agitur in Timotheo E¬"
                    HPOS="599"
                    VPOS="749"
                    WIDTH="1051"
                    HEIGHT="73"
                    WC="0.975775967944752"></String>
          </TextLine>

          
          
          <TextLine ID="eSc_line_8a1979d0"
                    TAGREFS="LT4119"
                    BASELINE="600 856 1652 861" 
                    HPOS="600"
                    VPOS="809"
                    WIDTH="1052"
                    HEIGHT="66">
            <Shape><Polygon POINTS="600 856 600 875 1650 874 1652 861 1650 826 1594 826 1594 825 1579 813 1579 812 1577 812 1576 812 1548 812 1546 812 1545 812 1543 812 1522 825 1519 826 1487 826 1485 823 1470 812 1469 812 1467 812 1423 812 1421 812 1420 812 1418 812 1403 823 1399 826 1332 826 1326 822 1302 810 1301 810 1224 810 1222 810 1221 810 1219 810 1206 822 1203 825 1051 825 1042 819 1035 814 1033 814 1032 814 1030 814 1029 814 1027 814 1023 819 1017 825 983 825 977 819 966 810 965 810 963 810 962 810 960 810 938 819 928 823 875 823 868 817 855 809 853 809 852 809 850 809 600 814 600 856"/></Shape>
	    <String CONTENT="pheſo præficiendo, cuius conſenſus in Timotheo"
                    HPOS="600"
                    VPOS="809"
                    WIDTH="1052"
                    HEIGHT="66"
                    WC="0.986663883147032"></String>
          </TextLine>

          
          
          <TextLine ID="eSc_line_0d054c03"
                    TAGREFS="LT4119"
                    BASELINE="603 908 1652 919" 
                    HPOS="603"
                    VPOS="867"
                    WIDTH="1049"
                    HEIGHT="75">
            <Shape><Polygon POINTS="603 908 603 929 1030 929 1036 931 1051 938 1052 938 1054 939 1168 939 1168 938 1170 938 1171 938 1179 932 1180 931 1186 932 1222 939 1224 939 1289 932 1304 931 1500 931 1505 932 1548 942 1549 942 1650 932 1652 919 1647 874 1607 884 1531 874 1530 874 1528 874 1508 886 1499 877 1499 875 1497 875 1496 875 1494 875 1493 875 1472 881 1457 872 1456 872 1454 872 1326 871 1325 871 1323 871 1322 871 1322 872 1307 883 1204 883 1139 883 1124 871 1122 871 1121 871 1119 871 1118 871 1116 871 1088 881 968 881 947 871 942 868 941 868 898 868 896 868 895 868 893 868 890 870 875 880 789 880 770 870 762 867 761 867 678 867 676 867 675 867 669 870 651 877 603 870 603 908"/></Shape>
	    <String CONTENT="vocando non interuenit, neque à Paulo eſt vel"
                    HPOS="603"
                    VPOS="867"
                    WIDTH="1049"
                    HEIGHT="75"
                    WC="0.96867601249529"></String>
          </TextLine>

          
          
          <TextLine ID="eSc_line_f9c9e8a7"
                    TAGREFS="LT4119"
                    BASELINE="602 966 1143 972" 
                    HPOS="600"
                    VPOS="923"
                    WIDTH="543"
                    HEIGHT="73">
            <Shape><Polygon POINTS="602 966 600 984 609 991 609 993 611 993 612 993 614 993 661 984 673 993 675 993 676 993 678 993 759 987 792 994 794 994 795 994 797 994 826 986 938 996 939 996 1142 989 1143 972 1142 939 1093 939 1091 938 1079 929 1078 929 1076 929 1075 929 1073 929 1042 938 1041 938 1038 938 1005 926 1003 926 945 926 944 926 942 926 941 926 941 928 931 936 929 938 893 938 892 936 883 928 883 926 881 926 880 926 878 926 788 935 782 935 780 935 768 925 767 925 765 925 724 923 722 923 602 932 602 966"/></Shape>
	    <String CONTENT="quæſitus, vel expectatus."
                    HPOS="600"
                    VPOS="923"
                    WIDTH="543"
                    HEIGHT="73"
                    WC="0.997667834758759"></String>
          </TextLine>

          
          
          <TextLine ID="eSc_line_0cc89865"
                    TAGREFS="LT4119"
                    BASELINE="661 1027 1650 1033" 
                    HPOS="660"
                    VPOS="980"
                    WIDTH="990"
                    HEIGHT="77">
            <Shape><Polygon POINTS="661 1027 660 1045 759 1052 761 1052 803 1047 820 1044 847 1047 920 1054 922 1054 1088 1047 1100 1047 1109 1047 1222 1055 1224 1055 1332 1047 1342 1047 1350 1047 1426 1057 1427 1057 1649 1047 1650 1033 1649 997 1574 986 1573 986 1572 986 1570 986 1557 996 1554 999 1406 999 1402 996 1380 983 1378 983 1377 983 1283 983 1282 983 1280 983 1279 983 1279 984 1265 996 1264 997 1182 997 1177 994 1142 981 1140 981 1139 981 1088 990 1064 981 1063 981 987 981 986 981 984 981 951 994 950 994 936 983 936 981 935 981 933 981 932 981 931 981 896 993 877 981 875 981 874 981 873 981 871 981 843 993 797 984 795 984 794 984 764 993 745 983 743 983 742 983 704 987 694 980 693 980 691 980 690 980 688 980 661 991 661 1027"/></Shape>
	    <String CONTENT="Annotauit Eraſ. lucidiora eſſe Græca, quàm"
                    HPOS="660"
                    VPOS="980"
                    WIDTH="990"
                    HEIGHT="77"
                    WC="0.983621070551318"></String>
          </TextLine>

          
          
          <TextLine ID="eSc_line_2391ae8d"
                    TAGREFS="LT4119"
                    BASELINE="600 1087 1647 1090" 
                    HPOS="599"
                    VPOS="1042"
                    WIDTH="1048"
                    HEIGHT="73">
            <Shape><Polygon POINTS="600 1087 599 1103 620 1110 621 1110 623 1110 749 1103 771 1103 774 1103 786 1113 788 1113 789 1113 791 1113 835 1105 843 1103 991 1103 993 1105 1008 1113 1009 1113 1011 1113 1012 1113 1014 1113 1042 1105 1063 1113 1064 1113 1066 1113 1067 1113 1069 1113 1082 1105 1122 1115 1124 1115 1125 1115 1127 1115 1151 1105 1152 1105 1203 1115 1204 1115 1206 1115 1225 1107 1241 1115 1243 1115 1244 1115 1368 1107 1387 1115 1389 1115 1390 1115 1466 1105 1475 1105 1484 1105 1573 1115 1574 1115 1646 1105 1647 1090 1647 1058 1615 1045 1613 1045 1612 1045 1610 1045 1572 1057 1570 1057 1569 1057 1524 1045 1522 1045 1521 1045 1519 1045 1518 1045 1502 1055 1500 1057 1450 1057 1444 1055 1429 1045 1427 1045 1426 1045 1390 1045 1389 1045 1387 1045 1386 1045 1374 1054 1371 1055 1365 1054 1345 1047 1344 1047 1342 1047 1341 1047 1340 1047 1329 1052 1322 1058 1209 1058 1185 1051 1170 1047 1168 1047 1167 1047 1165 1047 1157 1049 1140 1057 1125 1049 1112 1044 1110 1044 1109 1044 1084 1049 1055 1055 910 1055 889 1047 883 1044 881 1044 880 1044 878 1044 877 1044 875 1045 867 1052 859 1047 858 1047 856 1047 855 1047 853 1047 852 1047 841 1057 758 1057 712 1044 710 1044 600 1042 600 1087"/></Shape>
	    <String CONTENT="Latina, quod verum eſt, &amp; repetendum eſt ali¬"
                    HPOS="599"
                    VPOS="1042"
                    WIDTH="1048"
                    HEIGHT="73"
                    WC="0.980286909474267"></String>
          </TextLine>

          
          
          <TextLine ID="eSc_line_b9969782"
                    TAGREFS="LT4119"
                    BASELINE="602 1143 1646 1154" 
                    HPOS="602"
                    VPOS="1100"
                    WIDTH="1044"
                    HEIGHT="77">
            <Shape><Polygon POINTS="602 1143 602 1164 884 1161 896 1168 899 1171 901 1171 902 1171 904 1171 905 1171 911 1168 922 1164 947 1168 960 1171 962 1171 975 1170 1014 1163 1055 1170 1070 1173 1072 1173 1128 1171 1301 1165 1392 1174 1408 1176 1409 1176 1411 1176 1412 1174 1429 1167 1497 1176 1511 1177 1512 1177 1524 1176 1591 1168 1643 1177 1646 1154 1644 1121 1560 1121 1555 1119 1497 1107 1496 1107 1444 1116 1387 1107 1386 1107 1384 1107 1366 1116 1345 1106 1344 1106 1342 1106 1274 1116 1271 1116 1270 1116 1247 1106 1246 1106 1244 1106 1243 1106 1206 1116 1200 1116 1194 1115 1148 1107 1146 1107 1102 1115 1097 1115 1096 1115 1070 1105 1069 1105 1067 1105 1023 1113 1009 1103 1008 1103 1006 1103 975 1103 974 1103 972 1103 971 1103 959 1113 957 1113 786 1113 783 1112 752 1100 751 1100 749 1100 602 1109 602 1143"/></Shape>
	    <String CONTENT="quid ἀπό τοῦ κοινοῦ, ſic Quemadmodum te rogaui,"
                    HPOS="602"
                    VPOS="1100"
                    WIDTH="1044"
                    HEIGHT="77"></String>
          </TextLine>

          
          
          <TextLine ID="eSc_line_fabc7071"
                    TAGREFS="LT4119"
                    BASELINE="602 1201 1647 1212" 
                    HPOS="600"
                    VPOS="1160"
                    WIDTH="1047"
                    HEIGHT="78">
            <Shape><Polygon POINTS="602 1201 600 1216 648 1228 649 1228 710 1219 725 1226 727 1226 728 1226 730 1226 746 1219 754 1226 755 1226 757 1226 758 1226 1048 1222 1084 1232 1085 1232 1087 1232 1198 1223 1228 1234 1229 1234 1231 1234 1274 1225 1348 1235 1350 1235 1527 1228 1537 1237 1539 1237 1540 1237 1542 1238 1612 1238 1612 1237 1613 1237 1646 1226 1647 1212 1647 1177 1569 1168 1567 1168 1566 1168 1564 1168 1557 1176 1554 1177 1548 1176 1525 1170 1524 1170 1522 1170 1476 1176 1467 1176 1461 1174 1424 1167 1423 1167 1421 1167 1399 1174 1393 1176 1384 1174 1342 1165 1341 1165 1305 1174 1299 1174 1273 1173 1130 1165 1128 1165 1127 1165 1112 1171 1109 1173 1102 1171 1049 1163 925 1163 923 1163 922 1163 907 1170 904 1171 901 1170 886 1164 884 1164 883 1164 721 1168 709 1168 707 1168 670 1160 669 1160 667 1160 602 1167 602 1201"/></Shape>
	    <String CONTENT="vt permaneres Epheſi, maneto, vt denunties, &amp; c."
                    HPOS="600"
                    VPOS="1160"
                    WIDTH="1047"
                    HEIGHT="78"
                    WC="0.972696750114361"></String>
          </TextLine>

          
          
          <TextLine ID="eSc_line_8af5d843"
                    TAGREFS="LT4119"
                    BASELINE="600 1262 1201 1265" 
                    HPOS="599"
                    VPOS="1213"
                    WIDTH="602"
                    HEIGHT="73">
            <Shape><Polygon POINTS="600 1262 599 1280 861 1277 881 1284 883 1284 884 1284 886 1284 892 1284 951 1279 1198 1286 1201 1265 1200 1229 1161 1229 1160 1228 1142 1215 1140 1215 1139 1215 1137 1215 1136 1215 1103 1228 1102 1228 1069 1215 1067 1215 1066 1215 1064 1215 1063 1215 1045 1226 1017 1215 1015 1215 890 1213 889 1213 887 1213 886 1213 871 1223 846 1213 844 1213 815 1213 813 1213 812 1213 810 1213 810 1215 798 1225 755 1213 754 1213 752 1213 751 1213 749 1213 731 1225 727 1228 657 1228 649 1223 624 1213 623 1213 621 1213 620 1213 600 1222 600 1262"/></Shape>
	    <String CONTENT="Sic enim facilè fluit ſenſus."
                    HPOS="599"
                    VPOS="1213"
                    WIDTH="602"
                    HEIGHT="73"
                    WC="0.969723721345266"></String>
          </TextLine>

          
          
          <TextLine ID="eSc_line_5346ceca"
                    TAGREFS="LT4119"
                    BASELINE="654 1322 1646 1328" 
                    HPOS="652"
                    VPOS="1273"
                    WIDTH="994"
                    HEIGHT="75">
            <Shape><Polygon POINTS="654 1322 652 1335 670 1344 672 1344 673 1344 826 1338 868 1337 892 1338 953 1345 954 1345 993 1339 1011 1338 1036 1341 1078 1345 1079 1345 1081 1345 1088 1341 1096 1338 1121 1342 1146 1345 1148 1345 1174 1342 1200 1339 1204 1342 1209 1347 1210 1347 1212 1347 1213 1347 1252 1344 1298 1339 1305 1344 1308 1347 1310 1347 1311 1347 1313 1347 1359 1345 1448 1341 1485 1347 1497 1348 1499 1348 1506 1347 1536 1341 1643 1348 1646 1328 1646 1292 1609 1279 1607 1279 1606 1279 1536 1287 1464 1279 1463 1279 1461 1279 1460 1279 1448 1287 1445 1290 1409 1290 1396 1286 1368 1277 1366 1277 1314 1277 1313 1277 1311 1277 1293 1284 1282 1290 1167 1290 1154 1281 1145 1276 1143 1276 1142 1276 1140 1276 1139 1276 1125 1281 1121 1283 1103 1281 1066 1276 1064 1276 1063 1276 1054 1280 1038 1287 996 1280 994 1280 902 1287 843 1287 826 1276 825 1274 823 1274 822 1274 743 1274 742 1274 740 1274 739 1274 728 1281 654 1273 654 1322"/></Shape>
	    <String CONTENT="Proficiſcerer in Macedoniam, Hæc eſt tertia"
                    HPOS="652"
                    VPOS="1273"
                    WIDTH="994"
                    HEIGHT="75"
                    WC="0.991202122943346"></String>
          </TextLine>

          
          
          <TextLine ID="eSc_line_c7a024cf"
                    TAGREFS="LT4119"
                    BASELINE="597 1380 1646 1384" 
                    HPOS="597"
                    VPOS="1335"
                    WIDTH="1049"
                    HEIGHT="77">
            <Shape><Polygon POINTS="597 1380 597 1406 795 1397 807 1405 810 1408 812 1408 813 1408 815 1408 844 1405 910 1399 945 1405 975 1409 977 1409 1005 1405 1032 1399 1039 1403 1045 1409 1047 1409 1048 1409 1049 1409 1140 1403 1186 1400 1191 1403 1201 1409 1203 1409 1204 1409 1206 1409 1271 1402 1280 1402 1287 1402 1354 1411 1356 1411 1420 1402 1432 1411 1433 1411 1435 1411 1436 1412 1476 1412 1476 1411 1644 1399 1646 1384 1644 1351 1615 1351 1615 1350 1601 1339 1601 1338 1600 1338 1598 1338 1597 1338 1302 1348 1284 1337 1283 1337 1282 1337 1280 1337 1279 1337 1246 1347 1224 1337 1222 1337 1221 1337 1219 1337 1194 1348 1191 1348 1100 1338 1099 1338 1097 1338 1096 1338 1081 1348 1061 1348 1021 1348 1020 1348 1006 1337 1005 1337 1003 1337 1002 1337 954 1348 948 1348 935 1347 852 1339 850 1339 798 1347 797 1347 783 1337 783 1335 782 1335 780 1335 779 1335 597 1345 597 1380"/></Shape>
	    <String CONTENT="profectio (quemad modum obſeruauit D.Th. Be¬"
                    HPOS="597"
                    VPOS="1335"
                    WIDTH="1049"
                    HEIGHT="77"
                    WC="0.967590711333535"></String>
          </TextLine>

          
          
          <TextLine ID="eSc_line_c6194471"
                    TAGREFS="LT4119"
                    BASELINE="596 1439 1647 1445" 
                    HPOS="594"
                    VPOS="1396"
                    WIDTH="1053"
                    HEIGHT="73">
            <Shape><Polygon POINTS="596 1439 594 1455 652 1464 654 1464 690 1457 696 1455 697 1457 709 1464 710 1464 712 1464 713 1464 754 1457 761 1455 762 1457 773 1464 774 1464 776 1464 777 1464 838 1457 853 1455 861 1457 890 1464 892 1464 893 1464 1000 1457 1012 1457 1014 1457 1023 1466 1024 1466 1026 1466 1027 1466 1143 1458 1198 1467 1200 1467 1320 1458 1326 1458 1329 1458 1362 1466 1363 1466 1365 1466 1366 1466 1378 1458 1380 1458 1433 1469 1435 1469 1646 1458 1647 1445 1647 1409 1628 1400 1627 1400 1625 1400 1487 1409 1472 1409 1461 1409 1384 1399 1186 1399 1185 1399 1183 1399 1182 1399 1174 1406 1171 1408 1088 1408 1084 1405 1072 1397 1070 1397 1069 1397 1067 1397 993 1403 957 1406 762 1406 755 1402 748 1396 746 1396 745 1396 743 1396 742 1396 740 1396 733 1400 725 1405 596 1400 596 1439"/></Shape>
	    <String CONTENT="za prȩceptor meus) quæ contigiſſe videtur annoà"
                    HPOS="594"
                    VPOS="1396"
                    WIDTH="1053"
                    HEIGHT="73"
                    WC="0.994858235728984"></String>
          </TextLine>

          
          
          <TextLine ID="eSc_line_103875d9"
                    TAGREFS="LT4119"
                    BASELINE="597 1496 1646 1503" 
                    HPOS="596"
                    VPOS="1451"
                    WIDTH="1050"
                    HEIGHT="76">
            <Shape><Polygon POINTS="597 1496 596 1511 1017 1524 1018 1525 1176 1525 1176 1524 1177 1524 1179 1524 1188 1516 1226 1525 1228 1525 1229 1525 1244 1518 1314 1525 1316 1525 1435 1518 1460 1527 1461 1527 1463 1527 1577 1519 1628 1527 1630 1527 1631 1527 1632 1527 1644 1518 1646 1503 1644 1469 1540 1457 1539 1457 1461 1466 1438 1467 1421 1464 1374 1455 1372 1455 1322 1463 1311 1464 1302 1463 1270 1455 1268 1455 1267 1455 1243 1461 1226 1466 1140 1464 1134 1460 1124 1454 1122 1454 1121 1454 1119 1454 1118 1454 1102 1460 1088 1466 1030 1466 1021 1458 1018 1455 1017 1455 1015 1455 1014 1455 974 1457 892 1463 874 1455 865 1453 864 1453 862 1453 861 1453 859 1453 856 1455 846 1464 820 1464 809 1455 806 1453 804 1453 803 1453 801 1453 780 1454 727 1461 699 1454 690 1451 688 1451 687 1451 685 1451 678 1453 649 1461 638 1453 636 1451 635 1451 633 1451 632 1451 597 1451 597 1496"/></Shape>
	    <String CONTENT="Pauli cõuerſione 28. &amp; à nato Chriſto 62. Huius"
                    HPOS="596"
                    VPOS="1451"
                    WIDTH="1050"
                    HEIGHT="76"
                    WC="0.974575234919178"></String>
          </TextLine>

          
          
          <TextLine ID="eSc_line_ae2ed514"
                    TAGREFS="LT4119"
                    BASELINE="594 1555 1643 1563" 
                    HPOS="593"
                    VPOS="1511"
                    WIDTH="1050"
                    HEIGHT="75">
            <Shape><Polygon POINTS="594 1555 593 1571 1228 1585 1229 1585 1458 1579 1476 1586 1478 1586 1479 1586 1481 1586 1482 1586 1491 1579 1528 1586 1530 1586 1641 1577 1643 1563 1643 1528 1612 1516 1610 1516 1609 1516 1515 1527 1512 1527 1511 1527 1497 1516 1496 1516 1494 1516 1453 1516 1451 1516 1450 1516 1448 1516 1436 1527 1432 1528 1414 1525 1340 1515 1338 1515 1299 1522 1274 1515 1273 1515 1271 1515 1270 1515 1246 1524 1238 1527 1226 1524 1198 1518 1197 1518 1195 1518 1183 1524 1173 1515 1173 1513 1171 1513 1170 1513 1168 1513 1167 1513 1131 1524 1122 1527 1042 1527 1036 1522 1026 1516 1024 1516 1023 1516 1021 1516 956 1522 929 1524 923 1522 902 1512 901 1512 899 1512 898 1512 870 1521 861 1524 856 1521 844 1512 843 1512 841 1512 840 1512 838 1512 816 1521 810 1524 685 1524 673 1519 643 1511 642 1511 641 1511 594 1518 594 1555"/></Shape>
	    <String CONTENT="ſit mentio Act. I9. &amp; 2O. Ergo ſcripta eſt hæc E¬"
                    HPOS="593"
                    VPOS="1511"
                    WIDTH="1050"
                    HEIGHT="75"
                    WC="0.982174659261898"></String>
          </TextLine>

          
          
          <TextLine ID="eSc_line_d61199b3"
                    TAGREFS="LT4119"
                    BASELINE="596 1613 1646 1622" 
                    HPOS="596"
                    VPOS="1569"
                    WIDTH="1050"
                    HEIGHT="81">
            <Shape><Polygon POINTS="596 1613 597 1640 635 1631 768 1631 791 1641 792 1641 794 1641 838 1632 932 1643 945 1644 947 1644 957 1643 1033 1634 1075 1644 1076 1644 1078 1644 1081 1644 1137 1635 1195 1646 1200 1646 1201 1647 1246 1647 1246 1646 1247 1646 1249 1646 1249 1644 1261 1635 1332 1646 1334 1646 1461 1637 1476 1647 1476 1649 1478 1649 1479 1649 1481 1650 1561 1650 1561 1649 1563 1649 1564 1649 1577 1638 1643 1649 1646 1622 1644 1588 1534 1588 1528 1586 1456 1574 1387 1574 1386 1574 1384 1574 1383 1574 1366 1585 1363 1585 1320 1576 1319 1576 1317 1576 1316 1576 1304 1585 1302 1585 1301 1585 1271 1573 1270 1573 1268 1573 1192 1582 1182 1574 1180 1574 1179 1574 1177 1574 1176 1574 1174 1574 1165 1583 1164 1583 1160 1583 1078 1571 1036 1571 1035 1571 1033 1571 1032 1571 1020 1582 1018 1582 908 1582 908 1580 883 1571 881 1571 880 1571 878 1571 855 1580 853 1580 828 1580 751 1579 724 1569 722 1569 627 1569 626 1569 624 1569 596 1577 596 1613"/></Shape>
	    <String CONTENT="piſtola ante eas, quæ ſunt ad Epheſios, Philippen¬"
                    HPOS="596"
                    VPOS="1569"
                    WIDTH="1050"
                    HEIGHT="81"
                    WC="0.995912934541702"></String>
          </TextLine>

          
          
          <TextLine ID="eSc_line_ea1e763c"
                    TAGREFS="LT4119"
                    BASELINE="591 1671 1641 1680" 
                    HPOS="590"
                    VPOS="1625"
                    WIDTH="1051"
                    HEIGHT="80">
            <Shape><Polygon POINTS="591 1671 590 1685 621 1696 623 1696 624 1696 626 1696 649 1687 660 1696 660 1698 661 1698 663 1698 664 1698 666 1698 696 1687 828 1699 829 1699 831 1699 859 1689 926 1699 928 1699 929 1699 956 1690 1044 1698 1045 1698 1078 1692 1084 1690 1088 1692 1115 1702 1116 1702 1118 1702 1295 1693 1322 1693 1328 1695 1351 1702 1353 1702 1354 1702 1387 1695 1398 1693 1412 1695 1467 1705 1469 1705 1640 1698 1641 1680 1641 1647 1426 1644 1408 1631 1406 1631 1405 1631 1403 1631 1194 1641 1005 1628 1003 1628 950 1640 948 1640 947 1640 916 1627 914 1627 767 1627 765 1627 764 1627 740 1635 712 1625 710 1625 709 1625 707 1625 666 1637 664 1637 623 1625 621 1625 620 1625 618 1625 591 1635 591 1671"/></Shape>
	    <String CONTENT="ſes, Coloſſenſes. Poſt eam tamen vtranque quæ"
                    HPOS="590"
                    VPOS="1625"
                    WIDTH="1051"
                    HEIGHT="80"
                    WC="0.985051854451497"></String>
          </TextLine>

          
          
          <TextLine ID="eSc_line_2ff225cc"
                    TAGREFS="LT4119"
                    BASELINE="591 1729 1641 1738" 
                    HPOS="590"
                    VPOS="1685"
                    WIDTH="1051"
                    HEIGHT="75">
            <Shape><Polygon POINTS="591 1729 590 1743 630 1754 632 1754 633 1756 706 1756 706 1754 707 1754 709 1754 721 1745 777 1745 788 1756 789 1756 791 1756 792 1756 794 1756 819 1748 846 1756 847 1756 849 1756 850 1756 852 1756 864 1747 911 1754 913 1754 914 1754 931 1748 948 1757 950 1757 951 1757 1052 1748 1058 1748 1063 1748 1118 1759 1119 1759 1121 1759 1122 1759 1134 1750 1160 1759 1161 1759 1163 1759 1164 1759 1165 1759 1177 1751 1219 1759 1221 1759 1222 1759 1238 1750 1240 1750 1308 1750 1310 1751 1322 1760 1323 1760 1325 1760 1326 1760 1640 1754 1641 1738 1640 1705 1469 1705 1463 1704 1411 1690 1409 1690 1234 1701 1229 1701 1201 1689 1200 1689 1198 1689 991 1699 977 1699 974 1699 923 1686 922 1686 920 1686 855 1696 834 1687 832 1687 831 1687 829 1687 800 1698 798 1698 797 1698 767 1685 765 1685 764 1685 762 1685 734 1695 721 1685 719 1685 718 1685 716 1685 715 1685 676 1693 626 1685 624 1685 623 1685 591 1695 591 1729"/></Shape>
	    <String CONTENT="eſt ad Corinthios, &amp; ad Titum. Poſt vtranque"
                    HPOS="590"
                    VPOS="1685"
                    WIDTH="1051"
                    HEIGHT="75"
                    WC="0.978594869375229"></String>
          </TextLine>

          
          
          <TextLine ID="eSc_line_2637678d"
                    TAGREFS="LT4119"
                    BASELINE="591 1789 1646 1798" 
                    HPOS="590"
                    VPOS="1743"
                    WIDTH="1056"
                    HEIGHT="81">
            <Shape><Polygon POINTS="591 1789 590 1809 835 1818 837 1818 838 1818 840 1818 846 1814 853 1809 941 1809 966 1815 990 1820 991 1820 1033 1815 1066 1812 1091 1817 1119 1821 1121 1821 1122 1821 1136 1817 1149 1812 1180 1817 1204 1821 1206 1821 1207 1821 1219 1818 1240 1812 1271 1818 1295 1823 1296 1824 1331 1824 1331 1823 1332 1823 1334 1823 1337 1820 1344 1814 1402 1820 1429 1823 1430 1823 1432 1823 1441 1821 1469 1814 1497 1821 1508 1824 1509 1824 1511 1824 1540 1821 1615 1815 1641 1823 1646 1798 1646 1754 1601 1748 1600 1748 1598 1748 1597 1748 1597 1750 1592 1753 1583 1762 1473 1762 1463 1753 1454 1747 1453 1747 1451 1747 1368 1747 1366 1747 1365 1747 1353 1753 1341 1760 1298 1760 1286 1753 1274 1745 1273 1745 1271 1745 1168 1745 1167 1745 1165 1745 1145 1753 1139 1754 1130 1753 1085 1744 1084 1744 1082 1744 1081 1744 1072 1751 978 1744 977 1744 928 1751 914 1743 913 1743 911 1743 910 1743 840 1753 823 1754 591 1753 591 1789"/></Shape>
	    <String CONTENT="eam, quæ ad Theſſalonieenſes ſcripta eſt, vt quidã"
                    HPOS="590"
                    VPOS="1743"
                    WIDTH="1056"
                    HEIGHT="81"
                    WC="0.962956553580714"></String>
          </TextLine>

          
          
          <TextLine ID="eSc_line_a57342c3"
                    TAGREFS="LT4119"
                    BASELINE="588 1851 770 1848" 
                    HPOS="587"
                    VPOS="1804"
                    WIDTH="183"
                    HEIGHT="78">
            <Shape><Polygon POINTS="588 1851 588 1882 679 1869 768 1879 770 1848 767 1814 673 1804 672 1804 587 1815 588 1851"/></Shape>
	    <String CONTENT="putant."
                    HPOS="587"
                    VPOS="1804"
                    WIDTH="183"
                    HEIGHT="78"
                    WC="0.997510697160448"></String>
          </TextLine>

          
          
          <TextLine ID="eSc_line_08b619c8"
                    TAGREFS="LT4119"
                    BASELINE="646 1906 1641 1915" 
                    HPOS="645"
                    VPOS="1854"
                    WIDTH="996"
                    HEIGHT="83">
            <Shape><Polygon POINTS="646 1906 645 1930 819 1931 820 1931 822 1931 823 1931 823 1930 838 1922 951 1930 953 1930 1030 1924 1049 1930 1057 1933 1058 1933 1060 1933 1084 1930 1143 1924 1170 1930 1191 1936 1192 1936 1194 1936 1237 1930 1268 1927 1289 1930 1325 1937 1326 1937 1640 1930 1641 1915 1641 1876 1516 1876 1514 1873 1497 1863 1496 1863 1494 1863 1445 1859 1444 1859 1377 1869 1310 1857 1308 1857 1307 1857 1282 1870 1279 1872 1270 1870 1237 1863 1235 1863 1234 1863 1209 1869 1197 1872 1185 1869 1140 1856 1139 1856 1067 1856 1066 1856 1064 1856 1048 1864 1038 1856 1036 1856 1035 1856 956 1854 954 1854 953 1854 926 1864 920 1867 919 1864 908 1857 908 1856 907 1856 905 1856 904 1856 902 1856 901 1856 901 1857 892 1864 886 1869 646 1862 646 1906"/></Shape>
	    <String CONTENT="Apparet etiam Paulum habuiſſe Epheſiorum"
                    HPOS="645"
                    VPOS="1854"
                    WIDTH="996"
                    HEIGHT="83"
                    WC="0.964517593383789"></String>
          </TextLine>

          
          
          <TextLine ID="eSc_line_8409c60c"
                    TAGREFS="LT4119"
                    BASELINE="588 1963 1641 1976" 
                    HPOS="587"
                    VPOS="1915"
                    WIDTH="1054"
                    HEIGHT="85">
            <Shape><Polygon POINTS="588 1963 587 1983 1638 2000 1641 1976 1641 1936 1632 1928 1631 1928 1630 1928 1524 1927 1458 1927 1457 1927 1456 1927 1432 1934 1415 1939 1378 1933 1337 1927 1335 1927 1334 1927 1322 1931 1307 1937 1270 1930 1262 1930 1261 1930 1238 1930 1072 1934 1055 1925 1048 1921 1047 1921 1045 1921 1044 1921 1020 1924 969 1933 813 1920 803 1920 801 1920 798 1920 733 1930 691 1918 690 1918 688 1918 646 1925 636 1917 635 1917 633 1917 588 1915 588 1963"/></Shape>
	    <String CONTENT="Eccleſiam commendatiſsimam, cui tam ſollicitè"
                    HPOS="587"
                    VPOS="1915"
                    WIDTH="1054"
                    HEIGHT="85"
                    WC="0.982443199209545"></String>
          </TextLine>

          
          
          <TextLine ID="eSc_line_572353ee"
                    TAGREFS="LT4119"
                    BASELINE="585 2021 817 2024" 
                    HPOS="584"
                    VPOS="1975"
                    WIDTH="233"
                    HEIGHT="78">
            <Shape><Polygon POINTS="585 2021 584 2052 627 2053 629 2053 630 2053 632 2053 635 2050 645 2043 670 2049 687 2052 688 2052 816 2041 817 2024 816 1985 585 1975 585 2021"/></Shape>
	    <String CONTENT="proſpicit."
                    HPOS="584"
                    VPOS="1975"
                    WIDTH="233"
                    HEIGHT="78"
                    WC="0.991351515054703"></String>
          </TextLine>

          
          
          <TextLine ID="eSc_line_d49855b4"
                    TAGREFS="LT4119"
                    BASELINE="641 2082 1643 2092" 
                    HPOS="639"
                    VPOS="2033"
                    WIDTH="1004"
                    HEIGHT="81">
            <Shape><Polygon POINTS="641 2082 639 2095 696 2107 697 2107 699 2107 730 2098 757 2107 758 2107 759 2107 865 2099 883 2099 910 2101 1030 2110 1032 2110 1033 2110 1057 2104 1070 2101 1094 2104 1137 2111 1139 2111 1282 2108 1350 2107 1366 2110 1392 2114 1393 2114 1395 2114 1396 2114 1402 2110 1408 2107 1423 2111 1436 2114 1438 2114 1439 2114 1456 2111 1485 2105 1494 2113 1496 2114 1497 2114 1499 2114 1500 2114 1512 2113 1542 2107 1640 2114 1643 2092 1643 2053 1594 2040 1592 2040 1500 2038 1499 2038 1497 2038 1473 2049 1453 2038 1451 2038 1393 2038 1392 2038 1390 2038 1389 2038 1372 2050 1371 2052 1363 2050 1319 2037 1317 2037 1316 2037 1314 2037 1313 2037 1296 2049 1293 2052 1216 2052 1209 2047 1186 2036 1185 2036 1183 2036 1125 2046 1110 2036 1109 2036 1107 2036 1106 2036 1026 2043 1015 2034 1014 2034 1012 2034 1011 2034 947 2044 929 2046 815 2041 789 2041 779 2033 777 2033 776 2033 774 2033 773 2033 771 2033 761 2041 757 2044 641 2040 641 2082"/></Shape>
	    <String CONTENT="Ne aliter doceant) Cur hoc timuerit Paulus"
                    HPOS="639"
                    VPOS="2033"
                    WIDTH="1004"
                    HEIGHT="81"
                    WC="0.990574349959691"></String>
          </TextLine>

          
          
          <TextLine ID="eSc_line_caafcae7"
                    TAGREFS="LT4119"
                    BASELINE="577 2143 1641 2152" 
                    HPOS="575"
                    VPOS="2098"
                    WIDTH="1066"
                    HEIGHT="101">
            <Shape><Polygon POINTS="577 2143 575 2193 645 2195 646 2195 648 2195 654 2193 696 2172 707 2181 709 2181 710 2181 712 2181 713 2181 737 2172 776 2180 777 2180 779 2180 807 2169 887 2174 913 2187 931 2198 932 2198 933 2198 1015 2193 1017 2193 1018 2193 1029 2186 1030 2184 1039 2186 1087 2195 1088 2195 1090 2195 1112 2184 1127 2177 1182 2180 1183 2180 1185 2180 1201 2172 1221 2183 1255 2199 1256 2199 1258 2199 1259 2199 1317 2180 1329 2177 1341 2180 1384 2195 1386 2195 1387 2195 1389 2195 1442 2178 1458 2174 1478 2177 1521 2186 1522 2186 1640 2174 1641 2152 1641 2116 1621 2105 1619 2105 1561 2105 1560 2105 1558 2105 1557 2105 1543 2116 1539 2116 1365 2107 1363 2107 1284 2113 1261 2104 1259 2104 1258 2104 1142 2111 1125 2113 1122 2111 1106 2101 1105 2101 1103 2101 1102 2101 1100 2101 1067 2111 1064 2113 990 2113 989 2110 977 2101 975 2101 974 2101 972 2101 971 2101 950 2110 928 2099 926 2099 889 2099 887 2099 886 2099 884 2099 870 2110 867 2111 757 2111 752 2108 736 2098 734 2098 733 2098 731 2098 676 2107 667 2108 661 2107 635 2098 633 2098 632 2098 577 2105 577 2143"/></Shape>
	    <String CONTENT="ratio ſatis intelligi poteſt ex Apocalyp.2.verſ. 6."
                    HPOS="575"
                    VPOS="2098"
                    WIDTH="1066"
                    HEIGHT="101"
                    WC="0.981602009604959"></String>
          </TextLine>

          
        </TextBlock>
        
        <TextBlock HPOS="1435.64111328125"
                   VPOS="2177.130859375"
                   WIDTH="213.3271484375"
                   HEIGHT="67.456787109375"
                   ID="block_3"
                   TAGREFS="BT10534">
          <Shape><Polygon POINTS="1435.64 2177.13 1648.97 2177.13 1648.97 2244.59 1435.64 2244.59 1435.64 2177.13"/></Shape>
          
          
          <TextLine ID="eSc_line_1ddf15e3"
                    TAGREFS="LT4119"
                    BASELINE="1447 2212 1641 2210" 
                    HPOS="1445"
                    VPOS="2163"
                    WIDTH="196"
                    HEIGHT="85">
            <Shape><Polygon POINTS="1447 2212 1447 2235 1494 2235 1496 2235 1512 2247 1514 2247 1515 2247 1516 2248 1543 2248 1543 2247 1545 2247 1588 2235 1612 2244 1613 2244 1615 2244 1616 2244 1641 2232 1641 2210 1637 2163 1499 2171 1497 2171 1456 2163 1454 2163 1453 2163 1451 2163 1451 2165 1445 2169 1447 2212"/></Shape>
	    <String CONTENT="&amp; quòd"
                    HPOS="1445"
                    VPOS="2163"
                    WIDTH="196"
                    HEIGHT="85"
                    WC="0.885042113917215"></String>
          </TextLine>

          
        </TextBlock>
        

        
      </PrintSpace>
    </Page>
  </Layout>
</alto>
