<?xml version="1.0" encoding="UTF-8"?>
<alto xmlns:xsi="http://www.w3.org/2001/XMLSchema-instance"
      xmlns="http://www.loc.gov/standards/alto/ns-v4#"
      xsi:schemaLocation="http://www.loc.gov/standards/alto/ns-v4# http://www.loc.gov/standards/alto/v4/alto-4-2.xsd">
  <Description>
    <MeasurementUnit>pixel</MeasurementUnit>
    <sourceImageInformation>
      <fileName>2012944.png</fileName>
      
    </sourceImageInformation>
  </Description>
  
  <Tags>
    <OtherTag ID="BT10544" LABEL="text" DESCRIPTION="block type text"/><OtherTag ID="BT10543" LABEL="NumberingZone" DESCRIPTION="block type NumberingZone"/><OtherTag ID="BT10542" LABEL="MainZone" DESCRIPTION="block type MainZone"/><OtherTag ID="BT10538" LABEL="RunningTitleZone" DESCRIPTION="block type RunningTitleZone"/><OtherTag ID="BT10537" LABEL="DropCapitalZone" DESCRIPTION="block type DropCapitalZone"/><OtherTag ID="BT10536" LABEL="GraphicZone" DESCRIPTION="block type GraphicZone"/><OtherTag ID="BT10535" LABEL="TitlePageZone" DESCRIPTION="block type TitlePageZone"/><OtherTag ID="BT10534" LABEL="QuireMarksZone" DESCRIPTION="block type QuireMarksZone"/><OtherTag ID="BT10533" LABEL="MarginTextZone" DESCRIPTION="block type MarginTextZone"/>
    <OtherTag ID="LT4122" LABEL="default" DESCRIPTION="line type default"/><OtherTag ID="LT4119" LABEL="DefaultLine" DESCRIPTION="line type DefaultLine"/><OtherTag ID="LT4118" LABEL="HeadingLine" DESCRIPTION="line type HeadingLine"/><OtherTag ID="LT4117" LABEL="CustomLine : BiblicalText" DESCRIPTION="line type CustomLine : BiblicalText"/>
  </Tags>
  
  <Layout>
    <Page WIDTH="1807"
          HEIGHT="2677"
          PHYSICAL_IMG_NR="60"
          ID="eSc_dummypage_">
      <PrintSpace HPOS="0"
                  VPOS="0"
                  WIDTH="1807"
                  HEIGHT="2677">
        
        <TextBlock HPOS="651.44921875"
                   VPOS="174.69288635253906"
                   WIDTH="72.7391357421875"
                   HEIGHT="53.321929931640625"
                   ID="block_0"
                   TAGREFS="BT10543">
          <Shape><Polygon POINTS="651.449 174.693 724.188 174.693 724.188 228.015 651.449 228.015 651.449 174.693"/></Shape>
          
          
          <TextLine ID="eSc_line_993d4919"
                    TAGREFS="LT4119"
                    BASELINE="660 209 719 206" 
                    HPOS="657"
                    VPOS="160"
                    WIDTH="62"
                    HEIGHT="76">
            <Shape><Polygon POINTS="661 160 657 165 660 209 661 236 719 220 719 206 713 160 709 160"/></Shape>
	    <String CONTENT="32"
                    HPOS="657"
                    VPOS="160"
                    WIDTH="62"
                    HEIGHT="76"
                    WC="0.999907374382019"></String>
          </TextLine>

          
        </TextBlock>
        
        <TextBlock HPOS="843.109619140625"
                   VPOS="149.39675903320312"
                   WIDTH="702.2998046875"
                   HEIGHT="69.85307312011719"
                   ID="block_1"
                   TAGREFS="BT10538">
          <Shape><Polygon POINTS="843.11 149.397 1545.41 149.397 1545.41 219.25 843.11 219.25 843.11 149.397"/></Shape>
          
          
          <TextLine ID="eSc_line_e3e3d479"
                    TAGREFS="LT4118"
                    BASELINE="850 205 1534 194" 
                    HPOS="847"
                    VPOS="149"
                    WIDTH="685"
                    HEIGHT="78">
            <Shape><Polygon POINTS="1472 149 1450 149 1427 149 1405 149 1383 149 1360 149 1338 149 1316 149 1293 149 1273 149 1244 151 1215 153 1202 151 1184 149 1182 149 1160 149 1137 149 1115 149 1093 149 1073 149 1052 153 1039 156 1026 153 1008 149 1003 149 981 149 959 149 936 149 930 149 847 153 849 203 849 214 925 227 928 227 930 227 932 227 945 216 1108 225 1110 225 1113 225 1144 211 1146 211 1153 211 1229 223 1231 223 1233 223 1255 211 1260 209 1271 211 1334 220 1336 220 1532 207 1532 191 1528 151 1501 149 1494 149"/></Shape>
	    <String CONTENT="AD I. PAVL. AD TIM."
                    HPOS="847"
                    VPOS="149"
                    WIDTH="685"
                    HEIGHT="78"
                    WC="0.967389492612136"></String>
          </TextLine>

          
        </TextBlock>
        
        <TextBlock HPOS="638.8078002929688"
                   VPOS="222.98582458496094"
                   WIDTH="1080.5783081054688"
                   HEIGHT="1960.256851196289"
                   ID="block_2"
                   TAGREFS="BT10542">
          <Shape><Polygon POINTS="638.808 222.986 1719.39 222.986 1719.39 2183.24 638.808 2183.24 638.808 222.986"/></Shape>
          
          
          <TextLine ID="eSc_line_ed806c46"
                    TAGREFS="LT4119"
                    BASELINE="649 279 1702 264" 
                    HPOS="648"
                    VPOS="212"
                    WIDTH="1054"
                    HEIGHT="92">
            <Shape><Polygon POINTS="1627 212 1625 212 1624 212 1592 224 1591 224 1583 217 1582 217 1580 217 1579 217 1577 217 1558 224 1557 224 1555 224 1508 215 1506 215 1505 215 1503 215 1488 226 1487 227 1433 227 1433 226 1409 215 1408 215 1406 215 1335 227 1334 229 1319 229 1307 229 1293 217 1292 217 1290 217 1289 217 1241 226 1174 218 1173 218 1118 220 1116 220 1115 220 1099 230 1006 221 1005 221 1003 221 963 233 951 223 950 223 948 223 916 223 914 223 913 223 886 232 832 224 831 224 829 224 798 234 648 237 649 279 649 304 1076 288 1116 288 1127 294 1134 298 1136 298 1137 298 1139 298 1232 297 1234 297 1235 297 1243 291 1250 287 1283 290 1335 295 1337 295 1377 288 1392 285 1399 287 1420 294 1421 294 1423 294 1424 294 1426 294 1436 287 1442 282 1490 282 1509 285 1560 292 1561 292 1563 292 1564 292 1576 284 1577 281 1701 279 1702 264 1699 227 1692 221"/></Shape>
	    <String CONTENT="quæ quemadmodũ. ait id I Corinth 2. ſapientia"
                    HPOS="648"
                    VPOS="212"
                    WIDTH="1054"
                    HEIGHT="92"
                    WC="0.997080721285032"></String>
          </TextLine>

          
          
          <TextLine ID="eSc_line_0ab2d6df"
                    TAGREFS="LT4119"
                    BASELINE="648 340 1698 324" 
                    HPOS="646"
                    VPOS="276"
                    WIDTH="1052"
                    HEIGHT="88">
            <Shape><Polygon POINTS="648 355 731 364 733 364 817 353 838 350 849 352 886 361 887 361 999 352 1017 359 1018 359 1020 359 1107 348 1124 346 1134 348 1180 356 1182 356 1183 356 1206 346 1207 346 1210 346 1264 355 1265 355 1316 345 1323 343 1328 345 1357 353 1359 353 1360 353 1441 343 1503 352 1505 352 1696 337 1698 324 1695 288 1622 276 1621 276 1619 276 1594 290 1360 290 1342 281 1341 281 1340 281 1222 294 1216 294 1212 294 1124 287 1122 287 1121 287 1103 295 1102 295 1042 285 1041 285 997 294 986 287 984 287 983 287 981 287 896 295 887 290 886 290 884 290 883 290 840 300 834 301 751 301 749 301 719 291 718 291 716 291 715 291 693 301 691 303 646 303 648 340"/></Shape>
	    <String CONTENT="repugnat &amp; aduerſatur mundi &amp; hominum ſa¬"
                    HPOS="646"
                    VPOS="276"
                    WIDTH="1052"
                    HEIGHT="88"
                    WC="0.984719743088978"></String>
          </TextLine>

          
          
          <TextLine ID="eSc_line_07f5926c"
                    TAGREFS="LT4119"
                    BASELINE="651 398 1702 383" 
                    HPOS="649"
                    VPOS="339"
                    WIDTH="1053"
                    HEIGHT="80">
            <Shape><Polygon POINTS="651 410 730 419 731 419 773 408 908 408 963 417 965 417 966 417 968 417 981 408 1018 416 1020 416 1069 406 1070 406 1072 406 1107 414 1109 414 1110 414 1182 404 1185 404 1203 413 1204 413 1206 414 1282 414 1282 413 1283 413 1314 406 1399 410 1400 410 1402 410 1403 410 1418 401 1420 401 1475 410 1476 410 1522 400 1525 400 1528 400 1594 408 1595 408 1701 397 1702 383 1698 346 1603 348 1600 346 1580 339 1579 339 1577 339 1576 339 1555 348 1549 350 1444 350 1439 349 1433 343 1432 343 1430 343 1429 343 1399 349 1383 352 1368 349 1326 342 1325 342 1323 342 1296 350 1290 352 1271 350 1213 346 1212 346 1210 346 1197 352 1192 353 1188 352 1170 345 1168 345 1070 345 1069 345 963 346 962 346 936 355 935 355 931 355 861 349 859 349 858 349 856 349 846 356 840 361 712 361 707 358 699 350 697 350 696 350 694 350 649 358 651 398"/></Shape>
	    <String CONTENT="pientiæ, vt ſi quid in ipſius operibus non cõpre¬"
                    HPOS="649"
                    VPOS="339"
                    WIDTH="1053"
                    HEIGHT="80"
                    WC="0.992155413627624"></String>
          </TextLine>

          
          
          <TextLine ID="eSc_line_a650f0ec"
                    TAGREFS="LT4119"
                    BASELINE="651 458 1699 440" 
                    HPOS="649"
                    VPOS="394"
                    WIDTH="1050"
                    HEIGHT="86">
            <Shape><Polygon POINTS="651 480 835 469 859 475 867 477 868 477 870 477 886 474 928 468 968 472 984 474 986 474 987 474 993 472 1006 466 1017 471 1024 474 1026 474 1027 474 1066 469 1113 465 1271 465 1609 465 1610 465 1699 453 1699 440 1698 406 1676 394 1674 394 1673 394 1671 394 1652 404 1478 397 1476 397 1475 397 1454 408 1398 408 1368 398 1366 398 1365 398 1363 398 1345 407 1299 400 1298 400 1243 411 1204 403 1203 403 1201 403 1200 403 1171 414 1128 414 1107 403 1106 403 1105 403 1052 411 999 404 997 404 996 404 994 404 977 416 945 406 944 406 942 406 941 406 905 419 819 419 755 408 754 408 752 408 751 408 734 420 701 410 700 410 699 410 697 410 649 422 651 458"/></Shape>
	    <String CONTENT="hendimus, obmuteſcamus, &amp; Dei conſilium im¬"
                    HPOS="649"
                    VPOS="394"
                    WIDTH="1050"
                    HEIGHT="86"
                    WC="0.984188114487848"></String>
          </TextLine>

          
          
          <TextLine ID="eSc_line_ff3fe9a2"
                    TAGREFS="LT4119"
                    BASELINE="649 517 1701 501" 
                    HPOS="648"
                    VPOS="456"
                    WIDTH="1053"
                    HEIGHT="83">
            <Shape><Polygon POINTS="651 539 679 530 929 533 942 533 944 533 948 533 1005 526 1023 532 1027 533 1029 533 1030 533 1032 533 1038 532 1057 524 1099 530 1112 532 1113 532 1115 532 1116 532 1118 530 1128 523 1244 527 1299 529 1301 529 1323 526 1359 520 1387 524 1408 527 1409 527 1699 517 1701 501 1698 465 1637 459 1635 459 1606 465 1598 466 1588 465 1506 456 1505 456 1503 456 1475 466 1456 458 1454 458 1453 458 1451 458 1450 458 1436 468 1433 468 1389 459 1387 459 1386 459 1365 468 1362 469 1357 468 1317 459 1316 459 1238 469 1218 474 1047 474 1044 472 1033 465 1032 465 1030 465 1029 465 1027 465 1009 472 1008 474 1006 472 997 465 996 465 994 465 948 465 947 465 945 465 944 465 932 474 929 477 914 474 875 466 874 466 873 466 871 466 859 475 855 477 834 475 752 468 751 468 749 468 748 468 739 477 737 477 736 477 701 469 700 469 699 469 697 469 687 477 684 478 648 478 649 517"/></Shape>
	    <String CONTENT="menſum adoremus, non autem in temperie qua¬"
                    HPOS="648"
                    VPOS="456"
                    WIDTH="1053"
                    HEIGHT="83"
                    WC="0.994675562825314"></String>
          </TextLine>

          
          
          <TextLine ID="eSc_line_9e00b209"
                    TAGREFS="LT4119"
                    BASELINE="652 571 1701 560" 
                    HPOS="649"
                    VPOS="510"
                    WIDTH="1050"
                    HEIGHT="85">
            <Shape><Polygon POINTS="651 568 651 595 1697 588 1699 559 1693 510 1168 524 1032 522 678 517 675 517 673 517 649 526 651 568"/></Shape>
	    <String CONTENT="dam animi agitati obſtrepamus Deo, quod mul¬"
                    HPOS="649"
                    VPOS="510"
                    WIDTH="1050"
                    HEIGHT="85"
                    WC="0.98479537665844"></String>
          </TextLine>

          
          
          <TextLine ID="eSc_line_d816e4a3"
                    TAGREFS="LT4119"
                    BASELINE="655 633 896 629" 
                    HPOS="651"
                    VPOS="580"
                    WIDTH="243"
                    HEIGHT="71">
            <Shape><Polygon POINTS="653 631 653 651 894 646 894 626 890 588 651 580 653 631"/></Shape>
	    <String CONTENT="ti faciunt."
                    HPOS="651"
                    VPOS="580"
                    WIDTH="243"
                    HEIGHT="71"
                    WC="0.928965769030831"></String>
          </TextLine>

          
          
          <TextLine ID="eSc_line_6aaae3ba"
                    TAGREFS="LT4119"
                    BASELINE="694 690 1702 678" 
                    HPOS="691"
                    VPOS="626"
                    WIDTH="1008"
                    HEIGHT="81">
            <Shape><Polygon POINTS="693 689 693 707 1697 698 1699 675 1693 626 691 640 693 689"/></Shape>
	    <String CONTENT="Soli) Quæſitum eſt vtrum hæc vox ad Deum,"
                    HPOS="691"
                    VPOS="626"
                    WIDTH="1008"
                    HEIGHT="81"
                    WC="0.985517696636479"></String>
          </TextLine>

          
          
          <TextLine ID="eSc_line_cb96e792"
                    TAGREFS="LT4119"
                    BASELINE="652 751 1707 739" 
                    HPOS="649"
                    VPOS="684"
                    WIDTH="1057"
                    HEIGHT="85">
            <Shape><Polygon POINTS="651 749 651 769 1427 758 1454 767 1456 767 1458 767 1461 767 1494 756 1496 756 1508 756 1650 765 1653 765 1706 751 1706 738 1699 684 1492 698 1383 691 1316 687 1313 687 1311 687 1309 687 1300 693 1296 696 1291 693 1287 689 1287 687 1284 687 1282 687 1280 687 1177 696 1122 700 1113 698 1090 689 1088 689 1086 689 1084 689 1048 698 1032 704 963 704 961 700 952 693 952 691 950 691 948 691 945 691 874 702 856 704 836 704 718 693 716 693 649 707 651 749"/></Shape>
	    <String CONTENT="an ad vocabulum ſapienti ſit referenda: quaſi hîc"
                    HPOS="649"
                    VPOS="684"
                    WIDTH="1057"
                    HEIGHT="85"
                    WC="0.985424641370773"></String>
          </TextLine>

          
          
          <TextLine ID="eSc_line_46d63c2b"
                    TAGREFS="LT4119"
                    BASELINE="652 810 1704 797" 
                    HPOS="649"
                    VPOS="745"
                    WIDTH="1053"
                    HEIGHT="80">
            <Shape><Polygon POINTS="651 809 651 825 1702 812 1702 796 1697 756 1572 745 1570 745 1514 756 1512 756 1510 756 1474 745 1472 745 1470 745 1396 756 1351 745 1349 745 1347 745 1345 745 1318 758 1313 758 1300 758 1215 747 1213 747 1211 747 1177 758 1168 762 649 762 651 809"/></Shape>
	    <String CONTENT="Deus vel ſolus Sapiens, vel ſolus Deus appelletur"
                    HPOS="649"
                    VPOS="745"
                    WIDTH="1053"
                    HEIGHT="80"></String>
          </TextLine>

          
          
          <TextLine ID="eSc_line_705de40a"
                    TAGREFS="LT4119"
                    BASELINE="657 867 1705 856" 
                    HPOS="653"
                    VPOS="812"
                    WIDTH="1051"
                    HEIGHT="71">
            <Shape><Polygon POINTS="655 865 655 883 1702 881 1704 854 1699 812 919 812 916 812 843 823 841 823 838 823 716 814 713 814 653 825 655 865"/></Shape>
	    <String CONTENT="qui eſt æternus, immortalis, inuiſibilis. Variæ"
                    HPOS="653"
                    VPOS="812"
                    WIDTH="1051"
                    HEIGHT="71"
                    WC="0.99307054027598"></String>
          </TextLine>

          
          
          <TextLine ID="eSc_line_a3af2e3e"
                    TAGREFS="LT4119"
                    BASELINE="654 928 1707 914" 
                    HPOS="651"
                    VPOS="867"
                    WIDTH="1055"
                    HEIGHT="81">
            <Shape><Polygon POINTS="653 925 653 948 1704 932 1706 912 1699 867 651 878 653 925"/></Shape>
	    <String CONTENT="ſunt interpretationes. Ego verò potius exiſtima¬"
                    HPOS="651"
                    VPOS="867"
                    WIDTH="1055"
                    HEIGHT="81"
                    WC="0.992689169183069"></String>
          </TextLine>

          
          
          <TextLine ID="eSc_line_2ae0dbeb"
                    TAGREFS="LT4119"
                    BASELINE="655 984 1708 974" 
                    HPOS="651"
                    VPOS="923"
                    WIDTH="1055"
                    HEIGHT="76">
            <Shape><Polygon POINTS="653 983 653 999 1704 988 1706 972 1699 923 1490 936 1363 928 1318 925 1316 925 1313 925 1305 930 1278 939 1148 932 1075 928 1073 928 1070 928 1068 928 1064 932 1055 941 651 941 653 983"/></Shape>
	    <String CONTENT="uerim illud coniungendum eſſe cum proxima"
                    HPOS="651"
                    VPOS="923"
                    WIDTH="1055"
                    HEIGHT="76"
                    WC="0.997777286099225"></String>
          </TextLine>

          
          
          <TextLine ID="eSc_line_0738eef4"
                    TAGREFS="LT4119"
                    BASELINE="658 1045 1708 1033" 
                    HPOS="653"
                    VPOS="988"
                    WIDTH="1053"
                    HEIGHT="71">
            <Shape><Polygon POINTS="655 1044 655 1059 1704 1052 1706 1032 1702 988 867 988 865 988 780 999 689 990 687 990 684 990 653 1001 655 1044"/></Shape>
	    <String CONTENT="voce, Sapienti. Hîc enim miram Dei ſapientiam"
                    HPOS="653"
                    VPOS="988"
                    WIDTH="1053"
                    HEIGHT="71"
                    WC="0.984742015600204"></String>
          </TextLine>

          
          
          <TextLine ID="eSc_line_e745856d"
                    TAGREFS="LT4119"
                    BASELINE="657 1103 1708 1091" 
                    HPOS="653"
                    VPOS="1039"
                    WIDTH="1053"
                    HEIGHT="89">
            <Shape><Polygon POINTS="655 1102 655 1128 1704 1117 1706 1090 1704 1052 1666 1039 1664 1039 1661 1039 1659 1039 1635 1050 1331 1041 1329 1041 1327 1041 1284 1052 1278 1055 1258 1052 1148 1044 1146 1044 1086 1055 1066 1057 1037 1055 959 1046 957 1046 954 1046 928 1055 919 1057 910 1055 876 1046 874 1046 872 1046 870 1046 849 1055 841 1059 823 1055 789 1048 787 1048 653 1055 655 1102"/></Shape>
	    <String CONTENT="prædicat Paulus, quæ nulli homini ſatis nota eſſe"
                    HPOS="653"
                    VPOS="1039"
                    WIDTH="1053"
                    HEIGHT="89"
                    WC="0.994212232073959"></String>
          </TextLine>

          
          
          <TextLine ID="eSc_line_3cdd7fee"
                    TAGREFS="LT4119"
                    BASELINE="657 1163 1714 1151" 
                    HPOS="653"
                    VPOS="1106"
                    WIDTH="1060"
                    HEIGHT="85">
            <Shape><Polygon POINTS="655 1162 655 1191 720 1177 812 1189 827 1189 829 1189 841 1186 890 1175 903 1186 905 1186 907 1186 910 1186 928 1184 1017 1173 1106 1180 1160 1184 1162 1184 1164 1184 1166 1184 1173 1180 1186 1171 1244 1177 1298 1182 1300 1182 1302 1182 1331 1175 1360 1168 1405 1173 1470 1180 1472 1180 1711 1164 1713 1148 1708 1106 863 1106 861 1106 653 1119 655 1162"/></Shape>
	    <String CONTENT="poteſt, per quam è miſerrimis &amp; deſperatiſſimis"
                    HPOS="653"
                    VPOS="1106"
                    WIDTH="1060"
                    HEIGHT="85"
                    WC="0.996782672901948"></String>
          </TextLine>

          
          
          <TextLine ID="eSc_line_327a86ed"
                    TAGREFS="LT4119"
                    BASELINE="657 1222 1705 1207" 
                    HPOS="653"
                    VPOS="1155"
                    WIDTH="1051"
                    HEIGHT="94">
            <Shape><Polygon POINTS="655 1220 655 1249 725 1238 845 1244 854 1244 856 1244 858 1244 861 1244 861 1242 872 1233 1057 1240 1157 1242 1160 1242 1162 1242 1186 1235 1209 1231 1235 1235 1271 1240 1273 1240 1276 1240 1278 1240 1284 1233 1291 1229 1405 1231 1659 1235 1661 1235 1664 1235 1704 1222 1704 1206 1699 1168 1525 1155 1523 1155 1458 1171 1369 1171 1356 1157 1354 1157 1351 1157 1349 1157 1077 1173 1001 1162 999 1162 997 1162 943 1175 852 1164 849 1164 847 1164 845 1164 823 1177 771 1168 769 1168 653 1180 655 1220"/></Shape>
	    <String CONTENT="peccatoribus, &amp; Euangelij perſecutoribus præ¬"
                    HPOS="653"
                    VPOS="1155"
                    WIDTH="1051"
                    HEIGHT="94"
                    WC="0.986826920509338"></String>
          </TextLine>

          
          
          <TextLine ID="eSc_line_0661f04a"
                    TAGREFS="LT4119"
                    BASELINE="658 1279 1708 1265" 
                    HPOS="653"
                    VPOS="1215"
                    WIDTH="1053"
                    HEIGHT="81">
            <Shape><Polygon POINTS="655 1278 655 1296 1704 1282 1706 1264 1702 1226 1356 1215 1354 1215 1240 1229 1177 1218 1175 1218 1173 1218 1171 1218 1151 1231 1122 1220 1119 1220 1117 1220 1041 1231 872 1222 870 1222 653 1238 655 1278"/></Shape>
	    <String CONTENT="cones, paſtoréſque Eccleſiæ ſuæ facit mutans eos"
                    HPOS="653"
                    VPOS="1215"
                    WIDTH="1053"
                    HEIGHT="81"
                    WC="0.987468639198615"></String>
          </TextLine>

          
          
          <TextLine ID="eSc_line_856feba9"
                    TAGREFS="LT4119"
                    BASELINE="655 1338 1710 1328" 
                    HPOS="651"
                    VPOS="1273"
                    WIDTH="1057"
                    HEIGHT="90">
            <Shape><Polygon POINTS="653 1336 653 1363 1706 1345 1708 1327 1704 1284 1559 1273 1557 1273 1554 1273 1530 1284 1496 1273 1494 1273 1492 1273 1490 1273 1467 1284 1445 1273 1443 1273 1441 1273 1438 1273 1436 1273 1418 1284 1342 1276 1340 1276 1338 1276 1336 1276 1336 1278 1325 1287 1309 1287 1131 1278 1128 1278 1126 1278 1093 1289 1088 1289 1075 1289 970 1280 968 1280 651 1291 653 1336"/></Shape>
	    <String CONTENT="mira ſua potentia &amp; virtute, vt ex lupis ſæuiſſimis"
                    HPOS="651"
                    VPOS="1273"
                    WIDTH="1057"
                    HEIGHT="90"
                    WC="0.975784838199615"></String>
          </TextLine>

          
          
          <TextLine ID="eSc_line_55056d05"
                    TAGREFS="LT4119"
                    BASELINE="657 1396 1332 1384" 
                    HPOS="653"
                    VPOS="1334"
                    WIDTH="678"
                    HEIGHT="78">
            <Shape><Polygon POINTS="655 1394 655 1412 1331 1400 1331 1383 1327 1347 1200 1334 1197 1334 1126 1347 1117 1347 1110 1347 1075 1336 1073 1336 1070 1336 997 1347 970 1349 963 1347 954 1338 952 1338 950 1338 948 1338 905 1347 874 1351 653 1347 655 1394"/></Shape>
	    <String CONTENT="fiant oues placidiſſimæ Iſai.11."
                    HPOS="653"
                    VPOS="1334"
                    WIDTH="678"
                    HEIGHT="78"></String>
          </TextLine>

          
          
          <TextLine ID="eSc_line_927c2ff6"
                    TAGREFS="LT4119"
                    BASELINE="712 1455 1714 1445" 
                    HPOS="709"
                    VPOS="1387"
                    WIDTH="1004"
                    HEIGHT="87">
            <Shape><Polygon POINTS="711 1454 711 1474 1713 1458 1713 1443 1706 1387 1615 1398 1548 1389 1525 1387 1523 1387 1501 1389 1441 1400 1358 1394 1311 1389 1309 1389 1307 1389 1296 1394 1278 1403 1220 1396 1182 1392 1180 1392 1119 1398 1052 1407 709 1407 711 1454"/></Shape>
	    <String CONTENT="Honorem autem &amp; gloriam tribuit Deo. Ali¬"
                    HPOS="709"
                    VPOS="1387"
                    WIDTH="1004"
                    HEIGHT="87"
                    WC="0.979414066163505"></String>
          </TextLine>

          
          
          <TextLine ID="eSc_line_d18a8277"
                    TAGREFS="LT4119"
                    BASELINE="660 1515 1713 1503" 
                    HPOS="655"
                    VPOS="1447"
                    WIDTH="1056"
                    HEIGHT="83">
            <Shape><Polygon POINTS="658 1514 658 1530 1708 1523 1711 1501 1704 1447 1180 1465 1102 1456 1086 1454 1084 1454 1070 1456 1003 1467 965 1456 961 1456 959 1456 957 1456 954 1456 952 1456 952 1458 936 1467 655 1463 658 1514"/></Shape>
	    <String CONTENT="bi alia quoque tribuuntur, vti in Epiſt. Iudæ in"
                    HPOS="655"
                    VPOS="1447"
                    WIDTH="1056"
                    HEIGHT="83"
                    WC="0.981524176895618"></String>
          </TextLine>

          
          
          <TextLine ID="eSc_line_383e2b10"
                    TAGREFS="LT4119"
                    BASELINE="658 1573 1713 1561" 
                    HPOS="653"
                    VPOS="1519"
                    WIDTH="1058"
                    HEIGHT="69">
            <Shape><Polygon POINTS="655 1572 655 1588 1711 1581 1711 1559 1706 1519 865 1519 863 1519 854 1519 803 1530 653 1521 655 1572"/></Shape>
	    <String CONTENT="fine &amp; 2. Petri 3.verſ.18. quæ duo videntur ita ſe¬"
                    HPOS="653"
                    VPOS="1519"
                    WIDTH="1058"
                    HEIGHT="69"></String>
          </TextLine>

          
          
          <TextLine ID="eSc_line_76aa8a2d"
                    TAGREFS="LT4119"
                    BASELINE="666 1629 1716 1621" 
                    HPOS="662"
                    VPOS="1574"
                    WIDTH="1053"
                    HEIGHT="81">
            <Shape><Polygon POINTS="664 1628 664 1655 1715 1637 1715 1619 1711 1579 923 1574 921 1574 662 1588 664 1628"/></Shape>
	    <String CONTENT="parari &amp; diſtingui poſſe, vt τιμὴ ſit ipſius maie¬"
                    HPOS="662"
                    VPOS="1574"
                    WIDTH="1053"
                    HEIGHT="81"
                    WC="0.979486405849457"></String>
          </TextLine>

          
          
          <TextLine ID="eSc_line_f8e11733"
                    TAGREFS="LT4119"
                    BASELINE="661 1689 1710 1680" 
                    HPOS="658"
                    VPOS="1628"
                    WIDTH="1050"
                    HEIGHT="76">
            <Shape><Polygon POINTS="660 1688 660 1704 1708 1702 1708 1679 1704 1637 1505 1628 1503 1628 1501 1628 1463 1639 1458 1639 1447 1628 1445 1628 1443 1628 1441 1628 1280 1641 1258 1641 1249 1641 1191 1630 1189 1630 1059 1644 1046 1644 1044 1644 1015 1632 1012 1632 1010 1632 907 1646 892 1646 890 1646 876 1635 874 1635 872 1635 758 1635 756 1635 754 1635 725 1646 693 1635 691 1635 689 1635 687 1635 658 1644 660 1688"/></Shape>
	    <String CONTENT="ſtatis Dei excellentia, ſplendor, admiratio, &amp;"
                    HPOS="658"
                    VPOS="1628"
                    WIDTH="1050"
                    HEIGHT="76"
                    WC="0.998163317856581"></String>
          </TextLine>

          
          
          <TextLine ID="eSc_line_441d1748"
                    TAGREFS="LT4119"
                    BASELINE="660 1748 1708 1740" 
                    HPOS="655"
                    VPOS="1688"
                    WIDTH="1051"
                    HEIGHT="76">
            <Shape><Polygon POINTS="658 1746 658 1764 1704 1755 1706 1737 1699 1688 655 1697 658 1746"/></Shape>
	    <String CONTENT="virtus: δοξα verò illius tantæ virtutis prædicatio,"
                    HPOS="655"
                    VPOS="1688"
                    WIDTH="1051"
                    HEIGHT="76"></String>
          </TextLine>

          
          
          <TextLine ID="eSc_line_c307437a"
                    TAGREFS="LT4119"
                    BASELINE="657 1809 1707 1798" 
                    HPOS="653"
                    VPOS="1744"
                    WIDTH="1053"
                    HEIGHT="87">
            <Shape><Polygon POINTS="655 1806 655 1831 1706 1813 1706 1795 1693 1746 1686 1755 1603 1746 1568 1744 1566 1744 1563 1744 1554 1748 1537 1755 1528 1748 1523 1744 1521 1744 1519 1744 1516 1744 1514 1744 1496 1748 1456 1757 1398 1748 1376 1746 1374 1746 1345 1748 1271 1760 1202 1751 1177 1748 1175 1748 1173 1748 1166 1751 1148 1760 1126 1751 1117 1748 1115 1748 1113 1748 1001 1751 999 1751 997 1751 997 1753 994 1753 986 1762 954 1753 943 1751 941 1751 939 1751 905 1753 812 1764 783 1755 776 1753 774 1753 771 1753 653 1755 655 1806"/></Shape>
	    <String CONTENT="præconium, &amp; celebratio, quæ fit ore hominum,"
                    HPOS="653"
                    VPOS="1744"
                    WIDTH="1053"
                    HEIGHT="87"
                    WC="0.981758737564087"></String>
          </TextLine>

          
          
          <TextLine ID="eSc_line_3a73979f"
                    TAGREFS="LT4119"
                    BASELINE="663 1866 1717 1854" 
                    HPOS="660"
                    VPOS="1809"
                    WIDTH="1055"
                    HEIGHT="78">
            <Shape><Polygon POINTS="662 1864 662 1887 1713 1878 1715 1853 1711 1809 872 1809 870 1809 867 1809 834 1820 720 1811 718 1811 660 1822 662 1864"/></Shape>
	    <String CONTENT="vel Angelorum. Prius enim Dei maieſtas agno¬"
                    HPOS="660"
                    VPOS="1809"
                    WIDTH="1055"
                    HEIGHT="78"
                    WC="0.990358321504159"></String>
          </TextLine>

          
          
          <TextLine ID="eSc_line_955f05ff"
                    TAGREFS="LT4119"
                    BASELINE="660 1925 1304 1918" 
                    HPOS="655"
                    VPOS="1864"
                    WIDTH="647"
                    HEIGHT="83">
            <Shape><Polygon POINTS="658 1922 658 1947 1302 1934 1302 1916 1300 1880 1240 1864 1238 1864 1235 1864 1142 1878 1108 1864 1106 1864 1104 1864 1102 1864 1099 1864 1079 1878 950 1867 948 1867 945 1867 894 1880 874 1867 872 1867 870 1867 867 1867 865 1867 836 1882 678 1869 675 1869 673 1869 671 1869 655 1880 658 1922"/></Shape>
	    <String CONTENT="ſcenda eſt, poſt prædicanda."
                    HPOS="655"
                    VPOS="1864"
                    WIDTH="647"
                    HEIGHT="83"
                    WC="0.994215939726148"></String>
          </TextLine>

          
          
          <TextLine ID="eSc_line_60dff1e9"
                    TAGREFS="LT4119"
                    BASELINE="718 1982 1713 1976" 
                    HPOS="713"
                    VPOS="1920"
                    WIDTH="998"
                    HEIGHT="76">
            <Shape><Polygon POINTS="716 1980 716 1996 1708 1989 1711 1974 1706 1927 1423 1920 1421 1920 1342 1931 1316 1934 1305 1931 1271 1922 1269 1922 1267 1922 1189 1934 1177 1934 1166 1934 1097 1922 1095 1922 1093 1922 1090 1922 1090 1925 1079 1934 1079 1936 896 1936 847 1925 845 1925 843 1925 713 1938 716 1980"/></Shape>
	    <String CONTENT="Quæritur autem. Vtrum hæc de ſolo Patre, an"
                    HPOS="713"
                    VPOS="1920"
                    WIDTH="998"
                    HEIGHT="76"
                    WC="0.998370213564052"></String>
          </TextLine>

          
          
          <TextLine ID="eSc_line_3e9dcd56"
                    TAGREFS="LT4119"
                    BASELINE="658 2044 1711 2034" 
                    HPOS="653"
                    VPOS="1985"
                    WIDTH="1055"
                    HEIGHT="71">
            <Shape><Polygon POINTS="655 2043 655 2056 1708 2054 1708 2032 1704 1987 856 1985 854 1985 653 1996 655 2043"/></Shape>
	    <String CONTENT="etiam de Filio dicantur, &amp; de Spiritu ſancto, quia"
                    HPOS="653"
                    VPOS="1985"
                    WIDTH="1055"
                    HEIGHT="71"
                    WC="0.98143245100975"></String>
          </TextLine>

          
          
          <TextLine ID="eSc_line_f283510b"
                    TAGREFS="LT4119"
                    BASELINE="664 2101 1723 2091" 
                    HPOS="660"
                    VPOS="2047"
                    WIDTH="1062"
                    HEIGHT="74">
            <Shape><Polygon POINTS="662 2099 662 2121 1719 2110 1722 2090 1717 2050 684 2047 682 2047 680 2047 660 2056 662 2099"/></Shape>
	    <String CONTENT="Arriani ad ſolum Patrem hæc per tinere vo¬"
                    HPOS="660"
                    VPOS="2047"
                    WIDTH="1062"
                    HEIGHT="74"
                    WC="0.985220243533452"></String>
          </TextLine>

          
          
          <TextLine ID="eSc_line_e261d0ad"
                    TAGREFS="LT4119"
                    BASELINE="664 2162 1717 2152" 
                    HPOS="660"
                    VPOS="2096"
                    WIDTH="1055"
                    HEIGHT="103">
            <Shape><Polygon POINTS="662 2161 662 2197 818 2199 820 2199 838 2197 892 2183 934 2195 941 2197 943 2197 945 2197 948 2197 957 2195 999 2183 1052 2195 1073 2197 1075 2197 1122 2192 1229 2183 1363 2190 1412 2192 1414 2192 1416 2192 1418 2192 1418 2190 1421 2190 1432 2177 1545 2177 1711 2186 1715 2150 1708 2108 1501 2096 1499 2096 1496 2096 1458 2110 1456 2110 1443 2110 1166 2101 1164 2101 1064 2112 1046 2114 1032 2112 970 2103 968 2103 660 2114 662 2161"/></Shape>
	    <String CONTENT="lunt, quem vnum propriè quoque contendunt"
                    HPOS="660"
                    VPOS="2096"
                    WIDTH="1055"
                    HEIGHT="103"
                    WC="0.987395884025665"></String>
          </TextLine>

          
        </TextBlock>
        
        <TextBlock HPOS="1608.2725830078125"
                   VPOS="2174.10888671875"
                   WIDTH="111.38671875"
                   HEIGHT="52.352294921875"
                   ID="block_3"
                   TAGREFS="BT10534">
          <Shape><Polygon POINTS="1608.27 2174.11 1719.66 2174.11 1719.66 2226.46 1608.27 2226.46 1608.27 2174.11"/></Shape>
          
          
          <TextLine ID="eSc_line_362a95c6"
                    TAGREFS="LT4119"
                    BASELINE="1618 2212 1714 2210" 
                    HPOS="1615"
                    VPOS="2175"
                    WIDTH="98"
                    HEIGHT="69">
            <Shape><Polygon POINTS="1704 2175 1682 2175 1659 2175 1644 2175 1615 2175 1617 2210 1617 2233 1697 2244 1699 2244 1702 2244 1704 2244 1704 2241 1706 2241 1713 2233 1713 2208 1706 2175 1704 2175"/></Shape>
	    <String CONTENT="eſſe"
                    HPOS="1615"
                    VPOS="2175"
                    WIDTH="98"
                    HEIGHT="69"
                    WC="0.955088123679161"></String>
          </TextLine>

          
        </TextBlock>
        

        
      </PrintSpace>
    </Page>
  </Layout>
</alto>
