<?xml version="1.0" encoding="UTF-8"?>
<alto xmlns:xsi="http://www.w3.org/2001/XMLSchema-instance"
      xmlns="http://www.loc.gov/standards/alto/ns-v4#"
      xsi:schemaLocation="http://www.loc.gov/standards/alto/ns-v4# http://www.loc.gov/standards/alto/v4/alto-4-2.xsd">
  <Description>
    <MeasurementUnit>pixel</MeasurementUnit>
    <sourceImageInformation>
      <fileName>2012927.png</fileName>
      
    </sourceImageInformation>
  </Description>
  
  <Tags>
    <OtherTag ID="BT10544" LABEL="text" DESCRIPTION="block type text"/><OtherTag ID="BT10543" LABEL="NumberingZone" DESCRIPTION="block type NumberingZone"/><OtherTag ID="BT10542" LABEL="MainZone" DESCRIPTION="block type MainZone"/><OtherTag ID="BT10538" LABEL="RunningTitleZone" DESCRIPTION="block type RunningTitleZone"/><OtherTag ID="BT10537" LABEL="DropCapitalZone" DESCRIPTION="block type DropCapitalZone"/><OtherTag ID="BT10536" LABEL="GraphicZone" DESCRIPTION="block type GraphicZone"/><OtherTag ID="BT10535" LABEL="TitlePageZone" DESCRIPTION="block type TitlePageZone"/><OtherTag ID="BT10534" LABEL="QuireMarksZone" DESCRIPTION="block type QuireMarksZone"/><OtherTag ID="BT10533" LABEL="MarginTextZone" DESCRIPTION="block type MarginTextZone"/>
    <OtherTag ID="LT4122" LABEL="default" DESCRIPTION="line type default"/><OtherTag ID="LT4119" LABEL="DefaultLine" DESCRIPTION="line type DefaultLine"/><OtherTag ID="LT4118" LABEL="HeadingLine" DESCRIPTION="line type HeadingLine"/><OtherTag ID="LT4117" LABEL="CustomLine : BiblicalText" DESCRIPTION="line type CustomLine : BiblicalText"/>
  </Tags>
  
  <Layout>
    <Page WIDTH="1807"
          HEIGHT="2677"
          PHYSICAL_IMG_NR="43"
          ID="eSc_dummypage_">
      <PrintSpace HPOS="0"
                  VPOS="0"
                  WIDTH="1807"
                  HEIGHT="2677">
        
        <TextBlock HPOS="466"
                   VPOS="177"
                   WIDTH="343"
                   HEIGHT="66"
                   ID="block_1"
                   TAGREFS="BT10538">
          <Shape><Polygon POINTS="809 177 809 243 466 243 466 177"/></Shape>
          
          
          <TextLine ID="eSc_line_235cfebf"
                    TAGREFS="LT4117"
                    BASELINE="471 221 797 227" 
                    HPOS="469"
                    VPOS="169"
                    WIDTH="328"
                    HEIGHT="76">
            <Shape><Polygon POINTS="768 182 757 179 751 185 734 176 730 175 728 175 727 175 725 175 724 175 722 176 712 185 676 178 675 178 635 187 623 176 621 176 620 176 618 176 617 176 615 176 605 187 559 187 538 171 536 171 535 171 495 169 486 171 471 172 471 221 469 233 483 240 484 240 486 240 584 236 614 236 794 245 797 227 797 188 783 185"/></Shape>
	    <String CONTENT="CAPVT. I."
                    HPOS="469"
                    VPOS="169"
                    WIDTH="328"
                    HEIGHT="76"
                    WC="0.972028652826945"></String>
          </TextLine>

          
        </TextBlock>
        
        <TextBlock HPOS="1107"
                   VPOS="183"
                   WIDTH="80"
                   HEIGHT="76"
                   ID="eSc_textblock_f1ef974a"
                   TAGREFS="BT10543">
          <Shape><Polygon POINTS="1107 183 1107 259 1187 259 1187 183"/></Shape>
          
          
          <TextLine ID="eSc_line_a55bedf3"
                    TAGREFS="LT4119"
                    BASELINE="1126 231 1171 227" 
                    HPOS="1115"
                    VPOS="158"
                    WIDTH="56"
                    HEIGHT="109">
            <Shape><Polygon POINTS="1124 229 1126 267 1171 267 1168 225 1160 158 1115 160 1124 229"/></Shape>
	    <String CONTENT="15"
                    HPOS="1115"
                    VPOS="158"
                    WIDTH="56"
                    HEIGHT="109"
                    WC="0.999217242002487"></String>
          </TextLine>

          
        </TextBlock>
        
        <TextBlock HPOS="89"
                   VPOS="244"
                   WIDTH="1079"
                   HEIGHT="1967"
                   ID="block_0"
                   TAGREFS="BT10542">
          <Shape><Polygon POINTS="1168 244 1168 2211 89 2211 89 244"/></Shape>
          
          
          <TextLine ID="eSc_line_968d0dea"
                    TAGREFS="LT4119"
                    BASELINE="178 287 1171 307" 
                    HPOS="176"
                    VPOS="236"
                    WIDTH="995"
                    HEIGHT="92">
            <Shape><Polygon POINTS="237 237 223 237 209 237 190 239 178 251 178 287 176 301 191 309 193 309 194 309 242 303 249 309 249 310 251 310 252 310 254 310 373 306 389 306 401 307 468 315 469 315 557 312 590 310 594 312 605 318 606 318 608 318 643 313 661 312 678 315 703 319 704 319 706 319 719 316 731 313 745 316 759 321 761 321 1168 328 1171 307 1170 264 1102 251 1100 251 989 260 960 261 956 258 938 248 936 248 935 248 933 248 932 248 899 257 889 260 873 257 809 245 807 245 761 254 748 257 742 254 721 243 719 243 718 243 716 243 685 252 675 255 615 255 605 251 577 240 575 240 516 240 514 240 513 240 511 240 502 248 499 251 493 248 464 237 462 237 371 236 370 236 368 236 349 245 343 248 267 248 260 243 249 237 237 237"/></Shape>
	    <String CONTENT="Charitas) Et ad Deum, &amp; ad homines referri"
                    HPOS="176"
                    VPOS="236"
                    WIDTH="995"
                    HEIGHT="92"
                    WC="0.980901770648502"></String>
          </TextLine>

          
          
          <TextLine ID="eSc_line_da2fce5f"
                    TAGREFS="LT4119"
                    BASELINE="120 343 1168 362" 
                    HPOS="118"
                    VPOS="301"
                    WIDTH="1050"
                    HEIGHT="87">
            <Shape><Polygon POINTS="120 310 120 343 118 367 321 365 374 371 400 374 401 374 403 374 404 374 407 371 417 365 438 373 441 373 443 373 444 373 456 373 522 367 532 373 538 377 539 377 541 377 623 379 624 379 626 379 638 374 651 370 764 370 855 373 861 376 875 383 877 383 878 383 942 377 948 377 956 377 1032 386 1033 386 1035 386 1058 379 1085 388 1087 388 1088 388 1167 379 1168 362 1168 328 974 316 972 316 898 321 878 322 873 321 847 312 846 312 844 312 786 319 767 321 745 318 685 309 684 309 629 315 603 318 559 313 481 306 480 306 478 306 458 312 443 315 429 310 410 304 408 304 407 304 380 309 361 313 327 309 281 301 279 301 136 303 135 306"/></Shape>
	    <String CONTENT="poteſt hæc charitas, quia Dei verbum vtrunque"
                    HPOS="118"
                    VPOS="301"
                    WIDTH="1050"
                    HEIGHT="87"
                    WC="0.98738143576516"></String>
          </TextLine>

          
          
          <TextLine ID="eSc_line_e1c3aec1"
                    TAGREFS="LT4119"
                    BASELINE="117 404 1164 423" 
                    HPOS="116"
                    VPOS="358"
                    WIDTH="1048"
                    HEIGHT="85">
            <Shape><Polygon POINTS="117 404 116 423 584 426 590 431 597 435 599 435 600 435 602 435 642 431 661 429 688 431 761 438 762 438 823 434 840 432 844 434 859 440 861 440 862 440 911 434 920 434 932 435 1002 443 1003 443 1163 437 1164 423 1164 388 1102 388 1097 386 1058 374 1057 374 1055 374 928 380 917 371 916 371 914 371 913 371 911 371 910 371 893 382 890 382 825 374 823 374 822 374 800 380 798 380 762 368 761 368 759 368 688 379 682 379 681 379 663 370 661 370 660 370 658 370 639 377 626 367 624 367 623 367 621 367 620 367 600 376 542 376 520 364 519 364 517 364 453 374 447 374 364 374 361 373 343 361 342 361 340 361 310 361 309 361 307 361 306 361 306 362 295 371 272 359 270 359 269 359 267 359 266 359 249 370 172 370 172 368 150 358 148 358 147 358 145 358 117 367 117 404"/></Shape>
	    <String CONTENT="docet &amp; Deum &amp; homines diligere. Nos tamen"
                    HPOS="116"
                    VPOS="358"
                    WIDTH="1048"
                    HEIGHT="85"
                    WC="0.983279672406969"></String>
          </TextLine>

          
          
          <TextLine ID="eSc_line_8c61fc1d"
                    TAGREFS="LT4119"
                    BASELINE="117 464 1163 481" 
                    HPOS="116"
                    VPOS="419"
                    WIDTH="1047"
                    HEIGHT="89">
            <Shape><Polygon POINTS="117 464 116 478 203 489 205 489 331 486 377 484 398 487 465 498 596 499 597 499 599 499 600 499 608 493 612 489 633 493 657 499 658 499 730 496 774 495 791 498 813 504 815 504 816 504 925 502 1131 498 1158 508 1163 481 1163 447 1082 447 1081 446 1067 434 1066 434 1064 434 1063 434 1061 434 1041 444 1041 446 990 446 989 444 974 432 972 432 971 432 813 429 812 429 810 429 786 438 774 431 773 431 771 431 770 431 725 437 663 428 661 428 660 428 639 437 569 428 568 428 566 428 565 428 553 437 550 437 523 429 522 429 520 429 441 434 428 423 426 423 425 423 423 423 422 423 420 423 407 434 406 434 325 434 324 432 291 420 290 420 203 420 202 420 200 420 174 429 144 419 142 419 141 419 139 419 117 428 117 464"/></Shape>
	    <String CONTENT="de charitate ea, quæ proximum ſpectat, hoc loco"
                    HPOS="116"
                    VPOS="419"
                    WIDTH="1047"
                    HEIGHT="89"
                    WC="0.998398432072173"></String>
          </TextLine>

          
          
          <TextLine ID="eSc_line_e6cd3e83"
                    TAGREFS="LT4119"
                    BASELINE="116 523 414 523" 
                    HPOS="116"
                    VPOS="474"
                    WIDTH="298"
                    HEIGHT="67">
            <Shape><Polygon POINTS="116 523 116 539 413 541 414 523 414 487 327 487 316 483 294 474 292 474 291 474 230 478 169 483 116 474 116 523"/></Shape>
	    <String CONTENT="intelligemus."
                    HPOS="116"
                    VPOS="474"
                    WIDTH="298"
                    HEIGHT="67"
                    WC="0.97724507863705"></String>
          </TextLine>

          
          
          <TextLine ID="eSc_line_70b4d51e"
                    TAGREFS="LT4119"
                    BASELINE="114 581 1154 600" 
                    HPOS="114"
                    VPOS="529"
                    WIDTH="1040"
                    HEIGHT="92">
            <Shape><Polygon POINTS="114 581 114 597 227 597 234 599 273 608 275 608 395 600 416 600 419 602 431 611 432 611 434 611 435 611 437 611 449 605 527 612 529 612 582 603 590 603 591 605 605 612 606 612 608 612 673 615 675 615 743 606 749 606 757 606 837 618 838 618 978 612 1003 621 1005 621 1006 621 1008 621 1045 612 1099 621 1100 621 1152 612 1154 600 1152 563 1091 563 1087 560 1064 545 1063 545 1061 545 1060 545 1058 545 1023 559 1017 560 1014 557 1008 553 1006 553 1005 553 1003 553 975 557 960 559 956 556 945 548 944 548 942 548 867 544 865 544 864 544 862 544 849 553 847 553 840 553 754 539 752 539 751 539 727 548 710 554 691 547 666 538 664 538 663 538 612 541 611 541 609 541 605 544 596 551 588 544 580 536 578 536 577 536 575 536 541 542 524 545 504 541 480 536 478 536 477 536 468 539 447 550 428 539 420 533 419 533 417 533 416 533 414 533 404 538 380 548 318 548 307 538 306 538 304 538 303 538 301 538 281 547 197 547 114 529 114 581"/></Shape>
	    <String CONTENT="Huic igitur charitati addit, Cor purum, Con¬"
                    HPOS="114"
                    VPOS="529"
                    WIDTH="1040"
                    HEIGHT="92"
                    WC="0.983633216131817"></String>
          </TextLine>

          
          
          <TextLine ID="eSc_line_07cec41d"
                    TAGREFS="LT4119"
                    BASELINE="113 640 1157 657" 
                    HPOS="111"
                    VPOS="593"
                    WIDTH="1046"
                    HEIGHT="85">
            <Shape><Polygon POINTS="113 640 111 652 141 661 142 661 144 661 287 657 310 667 312 667 313 667 383 658 395 667 395 669 397 669 398 669 524 670 526 670 527 670 553 661 591 672 593 672 594 672 645 664 681 673 682 673 684 673 685 673 716 664 743 673 745 673 746 673 867 669 966 678 968 678 1155 669 1157 657 1157 623 987 621 984 618 971 606 971 605 969 605 968 605 966 605 965 605 935 617 929 618 923 615 904 609 902 609 901 609 899 609 883 615 874 618 864 614 837 603 835 603 834 603 745 611 700 615 694 611 688 606 688 605 687 605 685 605 633 600 554 599 553 599 551 599 550 599 541 606 532 614 507 614 495 605 487 599 486 599 484 599 483 599 437 603 407 606 379 602 340 596 339 596 337 596 327 600 309 609 298 600 295 597 294 597 292 597 291 597 290 597 284 599 270 605 251 599 237 594 236 594 234 594 233 594 218 597 187 606 176 597 172 593 171 593 169 593 168 593 113 594 113 640"/></Shape>
	    <String CONTENT="ſcientiam bonam, Fidem veram &amp; ſynceram."
                    HPOS="111"
                    VPOS="593"
                    WIDTH="1046"
                    HEIGHT="85"
                    WC="0.992302991449833"></String>
          </TextLine>

          
          
          <TextLine ID="eSc_line_c52c5166"
                    TAGREFS="LT4119"
                    BASELINE="113 700 1158 716" 
                    HPOS="113"
                    VPOS="652"
                    WIDTH="1045"
                    HEIGHT="84">
            <Shape><Polygon POINTS="113 700 113 716 382 716 425 721 493 727 495 727 554 721 581 719 585 722 593 728 594 728 596 728 597 728 657 722 679 721 687 722 709 730 710 730 712 730 762 724 777 722 828 724 1063 736 1064 736 1157 727 1158 716 1157 673 1118 669 1116 669 1115 669 1109 672 1093 679 1082 672 1079 669 1078 669 1076 669 1020 667 1018 667 1017 667 1009 670 983 678 855 666 823 664 822 664 820 664 819 664 817 666 806 675 762 666 761 666 701 673 663 663 657 661 655 661 654 661 652 661 649 663 630 672 597 661 591 660 590 660 588 660 577 661 520 669 495 661 493 661 492 661 211 666 113 652 113 700"/></Shape>
	    <String CONTENT="Per quæ tria non tantùm vera charitas deſcri¬"
                    HPOS="113"
                    VPOS="652"
                    WIDTH="1045"
                    HEIGHT="84"
                    WC="0.985687991847163"></String>
          </TextLine>

          
          
          <TextLine ID="eSc_line_0087b854"
                    TAGREFS="LT4119"
                    BASELINE="116 759 1158 771" 
                    HPOS="116"
                    VPOS="715"
                    WIDTH="1042"
                    HEIGHT="79">
            <Shape><Polygon POINTS="116 759 116 782 636 782 645 785 655 789 657 789 658 789 822 786 878 785 899 786 978 792 980 792 1021 786 1026 786 1038 794 1039 794 1041 794 1042 794 1157 786 1158 771 1155 724 1044 731 1023 722 1021 722 1020 722 1017 722 907 730 868 721 867 721 865 721 861 721 768 728 743 719 742 719 740 719 739 719 733 719 672 727 605 718 596 718 594 718 588 718 544 725 513 718 507 716 505 716 504 716 480 718 377 724 359 716 356 715 355 715 116 715 116 759"/></Shape>
	    <String CONTENT="pta eſt, ſed etiam fundamentum illius &amp; vſus de¬"
                    HPOS="116"
                    VPOS="715"
                    WIDTH="1042"
                    HEIGHT="79"
                    WC="0.984477393329144"></String>
          </TextLine>

          
          
          <TextLine ID="eSc_line_23c41dd8"
                    TAGREFS="LT4119"
                    BASELINE="113 819 1160 834" 
                    HPOS="111"
                    VPOS="771"
                    WIDTH="1049"
                    HEIGHT="85">
            <Shape><Polygon POINTS="113 819 111 832 223 844 224 844 295 837 306 837 309 838 325 844 327 844 328 844 386 840 403 838 407 840 425 847 426 847 428 847 557 843 633 841 1157 856 1160 834 1160 797 1134 786 1133 786 1131 786 1130 786 1128 786 1113 797 1113 798 1069 798 1067 797 1047 783 1045 783 1044 783 1042 783 1041 783 1009 795 755 794 754 792 737 779 736 779 734 779 733 779 673 785 636 777 635 777 633 777 597 786 572 777 571 777 569 777 513 788 499 777 499 776 498 776 496 776 495 776 493 776 469 788 465 788 407 780 406 780 333 785 325 779 325 777 324 777 322 777 218 771 217 771 113 782 113 819"/></Shape>
	    <String CONTENT="monſtratur, ne hanc charitatem, quam finem"
                    HPOS="111"
                    VPOS="771"
                    WIDTH="1049"
                    HEIGHT="85"
                    WC="0.986449177776064"></String>
          </TextLine>

          
          
          <TextLine ID="eSc_line_4c91513b"
                    TAGREFS="LT4119"
                    BASELINE="111 880 1154 895" 
                    HPOS="110"
                    VPOS="832"
                    WIDTH="1044"
                    HEIGHT="85">
            <Shape><Polygon POINTS="111 880 110 902 172 904 174 904 175 904 199 895 236 905 239 905 240 905 242 905 246 905 287 896 337 907 343 907 345 907 349 907 388 898 426 908 431 908 432 908 434 908 468 908 734 902 745 911 745 913 746 913 748 913 749 913 759 913 841 904 1033 916 1058 917 1060 917 1061 917 1064 917 1091 908 1151 917 1154 895 1152 850 1063 844 1061 844 1060 844 1045 849 1035 852 1023 849 1008 843 1006 843 1005 843 1003 843 993 847 986 852 880 852 873 847 865 841 864 841 862 841 776 840 774 840 773 840 751 846 737 849 722 846 696 838 694 838 693 838 594 843 520 835 519 835 398 841 374 843 365 841 319 832 318 832 272 841 264 841 251 840 165 832 163 832 111 838 111 880"/></Shape>
	    <String CONTENT="præcepti dixit, putemus eſle quiddam otioſum,"
                    HPOS="110"
                    VPOS="832"
                    WIDTH="1044"
                    HEIGHT="85"
                    WC="0.998249746693505"></String>
          </TextLine>

          
          
          <TextLine ID="eSc_line_980e6fd5"
                    TAGREFS="LT4119"
                    BASELINE="110 936 1157 950" 
                    HPOS="108"
                    VPOS="890"
                    WIDTH="1049"
                    HEIGHT="84">
            <Shape><Polygon POINTS="110 936 108 953 342 965 343 965 422 957 458 966 459 966 461 966 544 957 554 957 557 957 574 965 575 965 577 965 578 965 597 959 606 968 608 968 609 968 611 968 649 959 652 959 655 959 696 966 697 966 767 960 771 960 773 960 807 971 809 971 810 971 904 962 908 962 913 962 1020 972 1021 972 1023 972 1041 963 1070 974 1072 974 1073 974 1155 963 1157 950 1157 913 1113 902 1112 902 1110 902 1051 911 1041 913 1026 911 923 899 922 899 920 899 898 910 895 911 816 911 788 907 687 896 685 896 605 904 575 907 556 904 514 895 513 895 472 902 461 904 452 901 429 895 428 895 426 895 425 895 407 901 398 904 392 901 382 893 380 893 379 893 377 893 376 893 361 899 350 904 337 899 313 892 312 892 310 892 309 892 284 899 267 902 249 898 220 890 218 890 217 890 110 895 110 936"/></Shape>
	    <String CONTENT="&amp; contemplatiuum, vt quidã fingunt. Eſt.n. affe¬"
                    HPOS="108"
                    VPOS="890"
                    WIDTH="1049"
                    HEIGHT="84"
                    WC="0.972012951665995"></String>
          </TextLine>

          
          
          <TextLine ID="eSc_line_090289c8"
                    TAGREFS="LT4119"
                    BASELINE="111 993 1152 1011" 
                    HPOS="110"
                    VPOS="948"
                    WIDTH="1042"
                    HEIGHT="85">
            <Shape><Polygon POINTS="111 993 110 1015 220 1018 221 1018 223 1018 227 1017 246 1009 257 1017 258 1017 260 1017 465 1023 466 1023 496 1020 542 1014 730 1017 736 1021 742 1026 743 1026 745 1026 746 1026 771 1021 785 1020 791 1021 806 1027 807 1027 809 1027 847 1023 870 1020 883 1023 913 1030 914 1030 916 1030 1003 1026 1090 1033 1091 1033 1151 1024 1152 1011 1152 978 1097 965 1096 965 1044 974 996 963 994 963 936 971 926 962 925 962 923 962 922 962 820 972 809 972 807 971 788 959 786 959 785 959 742 959 740 959 739 959 737 959 719 969 718 971 713 969 669 957 667 957 666 957 611 968 606 968 318 965 312 962 267 950 266 950 135 948 133 948 132 948 111 957 111 993"/></Shape>
	    <String CONTENT="ctus charitas qui in animis noſtris eſt, non vt la¬"
                    HPOS="110"
                    VPOS="948"
                    WIDTH="1042"
                    HEIGHT="85"
                    WC="0.983210192007177"></String>
          </TextLine>

          
          
          <TextLine ID="eSc_line_db95942e"
                    TAGREFS="LT4119"
                    BASELINE="110 1052 902 1063" 
                    HPOS="108"
                    VPOS="1009"
                    WIDTH="794"
                    HEIGHT="79">
            <Shape><Polygon POINTS="110 1052 108 1066 144 1078 145 1078 147 1078 212 1069 295 1081 297 1081 298 1081 300 1081 312 1072 318 1076 318 1078 319 1078 321 1078 322 1078 440 1076 444 1082 446 1082 446 1084 447 1084 449 1084 450 1084 527 1075 590 1085 591 1085 593 1085 636 1075 701 1087 703 1087 704 1087 743 1076 754 1085 754 1087 755 1087 757 1087 788 1088 789 1088 901 1076 902 1063 901 1030 748 1029 748 1027 736 1017 736 1015 734 1015 733 1015 731 1015 687 1023 678 1015 678 1014 676 1014 675 1014 673 1014 672 1014 630 1026 627 1027 574 1027 572 1024 559 1014 559 1012 557 1012 556 1012 554 1012 508 1024 502 1024 423 1024 422 1023 408 1011 407 1011 406 1011 404 1011 352 1020 339 1009 337 1009 336 1009 334 1009 110 1017 110 1052"/></Shape>
	    <String CONTENT="teat: ſed vt ſeſe proferat ipſo opere."
                    HPOS="108"
                    VPOS="1009"
                    WIDTH="794"
                    HEIGHT="79"
                    WC="0.976531373827081"></String>
          </TextLine>

          
          
          <TextLine ID="eSc_line_1279cb78"
                    TAGREFS="LT4119"
                    BASELINE="165 1113 1155 1125" 
                    HPOS="163"
                    VPOS="1064"
                    WIDTH="992"
                    HEIGHT="90">
            <Shape><Polygon POINTS="165 1113 163 1137 249 1143 251 1143 252 1143 264 1140 287 1133 295 1140 301 1145 303 1145 304 1145 306 1146 340 1146 340 1145 342 1145 343 1145 343 1143 346 1142 355 1134 400 1142 411 1143 413 1143 449 1143 629 1137 651 1146 658 1149 660 1149 661 1149 663 1149 675 1146 697 1140 704 1146 704 1148 706 1148 707 1148 785 1151 786 1151 825 1149 945 1142 962 1151 965 1152 966 1152 1081 1154 1082 1154 1084 1154 1085 1154 1100 1146 1152 1154 1155 1125 1152 1075 1093 1087 1078 1078 1076 1078 1075 1078 1073 1078 1072 1078 1054 1087 1026 1073 1024 1073 1023 1073 1021 1073 975 1082 966 1075 966 1073 965 1073 963 1073 944 1072 865 1072 864 1072 862 1072 861 1072 843 1085 785 1085 676 1084 661 1070 661 1069 660 1069 658 1069 657 1069 655 1069 652 1070 627 1082 585 1082 550 1070 548 1070 547 1070 545 1070 510 1079 484 1067 481 1067 480 1067 478 1067 477 1067 475 1067 453 1081 422 1081 407 1070 406 1070 404 1070 403 1070 336 1076 310 1066 309 1066 307 1066 306 1066 304 1066 303 1066 290 1076 275 1066 273 1064 272 1064 270 1064 269 1064 165 1064 165 1113"/></Shape>
	    <String CONTENT="Quia igitur charitas eſt animi affectus huiuſ¬"
                    HPOS="163"
                    VPOS="1064"
                    WIDTH="992"
                    HEIGHT="90"
                    WC="0.989121994246607"></String>
          </TextLine>

          
          
          <TextLine ID="eSc_line_c775f453"
                    TAGREFS="LT4119"
                    BASELINE="107 1170 1152 1186" 
                    HPOS="105"
                    VPOS="1128"
                    WIDTH="1047"
                    HEIGHT="76">
            <Shape><Polygon POINTS="107 1170 105 1186 1149 1204 1152 1186 1152 1151 1057 1151 1051 1148 1026 1140 1024 1140 1023 1140 990 1146 983 1148 978 1146 959 1139 957 1139 956 1139 907 1145 892 1146 878 1145 841 1137 840 1137 795 1142 773 1145 759 1142 743 1137 742 1137 740 1137 707 1140 676 1143 107 1128 107 1170"/></Shape>
	    <String CONTENT="modi, Duo habeat oportet nempe, Veritatem"
                    HPOS="105"
                    VPOS="1128"
                    WIDTH="1047"
                    HEIGHT="76"
                    WC="0.97746127989234"></String>
          </TextLine>

          
          
          <TextLine ID="eSc_line_0f8f98e6"
                    TAGREFS="LT4119"
                    BASELINE="104 1229 1076 1243" 
                    HPOS="102"
                    VPOS="1183"
                    WIDTH="974"
                    HEIGHT="79">
            <Shape><Polygon POINTS="104 1229 102 1244 162 1253 163 1253 165 1253 191 1246 199 1244 202 1246 209 1253 209 1255 211 1255 212 1255 214 1255 298 1247 315 1247 324 1249 364 1256 365 1256 367 1256 368 1256 377 1249 382 1247 423 1247 464 1250 541 1258 542 1258 606 1253 642 1250 655 1253 679 1261 681 1261 682 1261 684 1261 704 1255 709 1253 715 1255 751 1262 752 1262 1075 1259 1076 1243 1076 1207 960 1192 959 1192 890 1203 887 1203 886 1203 853 1191 852 1191 850 1191 806 1201 804 1201 801 1201 773 1191 771 1191 770 1191 712 1200 704 1200 703 1200 684 1189 682 1189 681 1189 577 1197 547 1198 542 1195 529 1186 527 1186 526 1186 524 1186 483 1195 469 1197 411 1197 408 1194 400 1186 400 1185 398 1185 397 1185 395 1185 319 1186 318 1186 316 1186 310 1191 306 1194 287 1191 239 1183 237 1183 104 1186 104 1229"/></Shape>
	    <String CONTENT="&amp; Opus, vt docet Ioann: in 1. Epiſt.3. verſ.18."
                    HPOS="102"
                    VPOS="1183"
                    WIDTH="974"
                    HEIGHT="79"
                    WC="0.991494741845638"></String>
          </TextLine>

          
          
          <TextLine ID="eSc_line_4a4a9837"
                    TAGREFS="LT4119"
                    BASELINE="157 1290 654 1295 1149 1307" 
                    HPOS="156"
                    VPOS="1241"
                    WIDTH="993"
                    HEIGHT="82">
            <Shape><Polygon POINTS="157 1290 156 1307 1146 1323 1149 1307 1148 1259 1061 1268 1018 1258 1009 1256 1008 1256 1006 1256 1000 1258 969 1267 935 1258 933 1258 932 1258 929 1258 861 1264 847 1256 837 1252 835 1252 834 1252 832 1252 822 1256 810 1264 719 1264 697 1256 672 1249 670 1249 669 1249 667 1249 648 1256 638 1259 629 1256 614 1249 612 1249 611 1249 547 1255 542 1255 539 1255 428 1244 426 1244 383 1255 373 1256 350 1255 248 1241 246 1241 245 1241 221 1249 190 1241 188 1241 187 1241 185 1241 157 1252 157 1290"/></Shape>
	    <String CONTENT="Cor purum) habet charitatis veritatem. Itaque"
                    HPOS="156"
                    VPOS="1241"
                    WIDTH="993"
                    HEIGHT="82"
                    WC="0.992805066373613"></String>
          </TextLine>

          
          
          <TextLine ID="eSc_line_bf9cf859"
                    TAGREFS="LT4119"
                    BASELINE="105 1345 1146 1363" 
                    HPOS="104"
                    VPOS="1302"
                    WIDTH="1042"
                    HEIGHT="87">
            <Shape><Polygon POINTS="105 1345 104 1359 135 1372 136 1372 138 1372 257 1363 330 1372 331 1372 333 1372 364 1365 533 1366 580 1380 581 1380 582 1380 681 1374 710 1383 712 1383 713 1383 865 1378 902 1386 904 1386 905 1386 935 1375 1011 1387 1012 1387 1014 1387 1052 1377 1112 1389 1113 1389 1115 1389 1145 1377 1146 1363 1146 1329 1075 1329 1070 1328 1026 1316 1024 1316 1023 1316 1021 1316 989 1326 987 1326 972 1314 971 1314 969 1314 968 1314 895 1325 889 1325 887 1325 874 1313 873 1313 871 1313 870 1313 657 1320 633 1320 615 1319 452 1305 450 1305 406 1316 403 1316 313 1316 312 1314 279 1302 278 1302 276 1302 275 1302 249 1313 246 1313 162 1304 160 1304 105 1310 105 1345"/></Shape>
	    <String CONTENT="opponitur cordi ( Impuro, quod ſordida &amp; fœ¬"
                    HPOS="104"
                    VPOS="1302"
                    WIDTH="1042"
                    HEIGHT="87"
                    WC="0.983284275640141"></String>
          </TextLine>

          
          
          <TextLine ID="eSc_line_a5d0b23e"
                    TAGREFS="LT4119"
                    BASELINE="571 1414 1076 1420" 
                    HPOS="569"
                    VPOS="1369"
                    WIDTH="507"
                    HEIGHT="75">
            <Shape><Polygon POINTS="571 1414 569 1427 614 1436 615 1436 666 1430 696 1441 697 1441 699 1441 785 1433 792 1439 794 1439 795 1439 797 1439 798 1439 800 1439 812 1432 829 1442 831 1442 832 1442 892 1435 904 1442 905 1442 907 1442 908 1442 938 1436 1015 1444 1017 1444 1018 1444 1020 1444 1032 1436 1049 1444 1051 1444 1052 1444 1054 1444 1075 1433 1076 1420 1075 1386 1018 1374 1017 1374 1015 1374 989 1384 987 1384 986 1384 951 1372 950 1372 893 1372 892 1372 890 1372 862 1383 861 1383 855 1383 777 1371 776 1371 774 1371 773 1371 758 1381 757 1383 722 1383 719 1381 687 1369 685 1369 684 1369 571 1378 571 1414"/></Shape>
	    <String CONTENT="ditates amat &amp; diligit"
                    HPOS="569"
                    VPOS="1369"
                    WIDTH="507"
                    HEIGHT="75"
                    WC="0.983607503500852"></String>
          </TextLine>

          
          
          <TextLine ID="eSc_line_84002898"
                    TAGREFS="LT4119"
                    BASELINE="475 1478 590 1473 1143 1481" 
                    HPOS="474"
                    VPOS="1423"
                    WIDTH="669"
                    HEIGHT="80">
            <Shape><Polygon POINTS="475 1478 474 1491 724 1490 745 1497 755 1502 757 1502 758 1502 794 1499 852 1493 898 1500 920 1503 922 1503 956 1502 1045 1494 1140 1503 1143 1481 1143 1445 1099 1444 1088 1433 1088 1432 1087 1432 1085 1432 1084 1432 1082 1432 1058 1442 1054 1444 1051 1442 1029 1433 1027 1433 1026 1433 1024 1433 1008 1441 1005 1444 890 1444 886 1438 877 1430 877 1429 875 1429 874 1429 873 1429 844 1433 829 1426 828 1426 826 1426 825 1426 791 1436 786 1436 782 1436 751 1429 749 1429 748 1429 746 1429 737 1435 728 1439 697 1439 690 1433 678 1424 676 1424 675 1424 673 1424 672 1424 657 1433 649 1436 632 1432 593 1423 591 1423 475 1427 475 1478"/></Shape>
	    <String CONTENT="( Ficto ſeu duplici, quod non"
                    HPOS="474"
                    VPOS="1423"
                    WIDTH="669"
                    HEIGHT="80"
                    WC="0.985837262252281"></String>
          </TextLine>

          
          
          <TextLine ID="eSc_line_a7c16468"
                    TAGREFS="LT4119"
                    BASELINE="101 1524 1143 1542" 
                    HPOS="99"
                    VPOS="1475"
                    WIDTH="1044"
                    HEIGHT="92">
            <Shape><Polygon POINTS="101 1490 101 1524 99 1543 139 1551 141 1551 168 1545 187 1540 220 1545 275 1554 276 1554 309 1546 324 1543 401 1543 413 1548 447 1557 449 1557 559 1558 560 1558 602 1549 612 1548 623 1549 652 1558 654 1558 655 1558 694 1551 704 1549 707 1551 715 1557 716 1557 718 1557 719 1557 837 1552 856 1552 858 1552 870 1561 871 1561 873 1561 874 1561 939 1554 944 1554 950 1554 1057 1567 1058 1567 1142 1555 1143 1542 1143 1505 1006 1490 1005 1490 1003 1490 969 1500 910 1500 904 1500 881 1488 880 1488 878 1488 877 1488 855 1496 841 1487 840 1487 838 1487 837 1487 795 1496 768 1487 767 1487 765 1487 764 1487 745 1494 581 1482 580 1482 578 1482 550 1493 548 1493 471 1493 469 1491 437 1479 435 1479 434 1479 294 1488 282 1488 281 1488 251 1476 249 1476 248 1476 246 1476 214 1487 212 1487 211 1487 188 1475 187 1475 185 1475 102 1484 101 1490"/></Shape>
	    <String CONTENT="eſt integrum &amp; purum à ſimulatione &amp; hypo¬"
                    HPOS="99"
                    VPOS="1475"
                    WIDTH="1044"
                    HEIGHT="92"
                    WC="0.994114310242409"></String>
          </TextLine>

          
          
          <TextLine ID="eSc_line_9782282f"
                    TAGREFS="LT4119"
                    BASELINE="101 1583 902 1595" 
                    HPOS="99"
                    VPOS="1539"
                    WIDTH="803"
                    HEIGHT="77">
            <Shape><Polygon POINTS="101 1583 99 1597 117 1604 118 1604 120 1604 196 1600 301 1609 303 1609 458 1603 501 1612 502 1612 569 1604 636 1613 638 1613 715 1607 722 1613 722 1615 724 1615 725 1615 727 1615 797 1607 850 1616 852 1616 901 1607 902 1595 902 1561 816 1561 813 1560 789 1551 788 1551 786 1551 718 1558 707 1558 706 1558 691 1548 690 1548 688 1548 600 1545 599 1545 547 1555 542 1555 447 1555 444 1554 400 1542 398 1542 340 1542 339 1542 337 1542 336 1542 336 1543 325 1551 313 1542 312 1542 310 1542 309 1542 223 1551 215 1551 214 1551 200 1539 199 1539 197 1539 196 1539 101 1548 101 1583"/></Shape>
	    <String CONTENT="criſi tum in Deum, tum in proximos."
                    HPOS="99"
                    VPOS="1539"
                    WIDTH="803"
                    HEIGHT="77"
                    WC="0.986751650060926"></String>
          </TextLine>

          
          
          <TextLine ID="eSc_line_9696b4e0"
                    TAGREFS="LT4119"
                    BASELINE="148 1647 452 1646 1151 1661" 
                    HPOS="147"
                    VPOS="1594"
                    WIDTH="1004"
                    HEIGHT="89">
            <Shape><Polygon POINTS="148 1647 147 1662 258 1670 260 1670 261 1670 272 1664 282 1659 316 1665 356 1671 358 1671 416 1665 455 1662 478 1667 513 1673 514 1673 568 1667 593 1665 602 1668 626 1676 627 1676 629 1676 681 1668 697 1667 700 1668 713 1677 715 1677 716 1677 758 1679 759 1679 803 1670 807 1670 975 1670 983 1671 1051 1683 1052 1683 1149 1673 1151 1661 1151 1618 1127 1610 1125 1610 1124 1610 1093 1618 1078 1621 1072 1616 1060 1609 1058 1609 1057 1609 1055 1609 1054 1609 1029 1616 1026 1616 1024 1616 1014 1609 1012 1609 1011 1609 901 1606 899 1606 898 1606 877 1612 861 1616 792 1616 782 1609 776 1606 774 1606 773 1606 771 1606 757 1609 731 1615 716 1607 715 1607 713 1607 712 1607 700 1607 615 1612 596 1604 591 1603 590 1603 588 1603 566 1604 471 1610 370 1598 348 1597 346 1597 345 1597 339 1598 303 1607 284 1597 281 1595 279 1595 278 1595 270 1597 233 1606 221 1597 221 1595 220 1595 218 1595 148 1594 148 1647"/></Shape>
	    <String CONTENT="Conſcientia bona) vſum, &amp; opus illius habet."
                    HPOS="147"
                    VPOS="1594"
                    WIDTH="1004"
                    HEIGHT="89"
                    WC="0.989437565207481"></String>
          </TextLine>

          
          
          <TextLine ID="eSc_line_037dcbf4"
                    TAGREFS="LT4119"
                    BASELINE="101 1699 1143 1719" 
                    HPOS="99"
                    VPOS="1652"
                    WIDTH="1044"
                    HEIGHT="91">
            <Shape><Polygon POINTS="101 1699 99 1720 139 1725 141 1725 142 1725 144 1725 148 1722 159 1716 226 1722 281 1728 282 1728 284 1728 300 1723 316 1719 331 1723 348 1729 349 1729 350 1729 429 1725 486 1722 493 1726 504 1731 505 1731 507 1731 568 1726 575 1726 577 1726 584 1734 585 1734 587 1734 588 1734 697 1728 736 1726 746 1728 779 1737 780 1737 782 1737 783 1737 804 1729 810 1728 893 1728 896 1731 908 1740 910 1740 911 1740 1061 1743 1063 1743 1142 1732 1143 1719 1143 1685 1093 1671 1091 1671 1090 1671 1003 1673 1002 1673 989 1679 983 1682 977 1679 951 1668 950 1668 889 1667 887 1667 886 1667 884 1667 871 1676 864 1679 745 1679 731 1671 716 1664 715 1664 713 1664 712 1664 691 1670 669 1676 563 1674 554 1665 553 1664 551 1664 550 1664 548 1664 539 1665 505 1673 493 1664 489 1659 487 1659 486 1659 484 1659 456 1662 395 1670 337 1659 322 1656 321 1656 300 1658 188 1667 153 1653 151 1653 101 1652 101 1699"/></Shape>
	    <String CONTENT="Nam &amp; finem actionum noſtrarum regit, &amp; cir¬"
                    HPOS="99"
                    VPOS="1652"
                    WIDTH="1044"
                    HEIGHT="91"
                    WC="0.993654524738138"></String>
          </TextLine>

          
          
          <TextLine ID="eSc_line_afc72475"
                    TAGREFS="LT4119"
                    BASELINE="98 1757 1142 1775" 
                    HPOS="96"
                    VPOS="1713"
                    WIDTH="1046"
                    HEIGHT="89">
            <Shape><Polygon POINTS="98 1757 96 1771 358 1790 359 1790 560 1781 566 1781 569 1781 615 1790 617 1790 739 1786 794 1798 795 1798 797 1798 822 1787 881 1799 883 1799 956 1789 960 1789 974 1798 975 1798 977 1798 978 1798 1033 1792 1054 1802 1055 1802 1057 1802 1140 1792 1142 1775 1142 1741 1109 1729 1107 1729 1106 1729 1055 1737 1042 1728 1041 1728 1039 1728 989 1728 987 1728 986 1728 965 1738 904 1738 883 1725 881 1725 880 1725 878 1725 877 1725 853 1737 797 1737 782 1723 780 1723 779 1723 777 1723 715 1734 670 1722 669 1722 667 1722 666 1722 646 1732 608 1732 587 1720 585 1720 584 1720 516 1729 461 1719 459 1719 401 1728 382 1717 380 1717 379 1717 276 1726 258 1714 257 1714 255 1714 254 1714 252 1714 230 1723 184 1713 182 1713 98 1723 98 1757"/></Shape>
	    <String CONTENT="cunſtantias prudenter tractat &amp; perſpicit in agẽ¬"
                    HPOS="96"
                    VPOS="1713"
                    WIDTH="1046"
                    HEIGHT="89"
                    WC="0.985522804260254"></String>
          </TextLine>

          
          
          <TextLine ID="eSc_line_16939104"
                    TAGREFS="LT4119"
                    BASELINE="96 1817 1142 1835" 
                    HPOS="95"
                    VPOS="1771"
                    WIDTH="1047"
                    HEIGHT="88">
            <Shape><Polygon POINTS="96 1817 95 1832 182 1844 184 1844 269 1836 287 1845 288 1845 290 1845 704 1844 968 1857 969 1857 1060 1851 1119 1859 1121 1859 1122 1859 1140 1850 1142 1835 1140 1798 1066 1801 1009 1793 947 1786 945 1786 917 1792 887 1798 880 1790 874 1786 874 1784 873 1784 871 1784 870 1784 868 1784 849 1789 822 1796 733 1796 715 1786 706 1781 704 1781 703 1781 701 1781 691 1786 673 1793 569 1793 532 1792 522 1781 519 1780 519 1778 517 1778 516 1778 444 1777 443 1777 441 1777 440 1777 437 1778 422 1790 358 1790 309 1777 307 1777 306 1777 304 1777 284 1787 272 1777 272 1775 270 1775 269 1775 267 1775 266 1775 246 1781 179 1772 175 1772 174 1772 172 1772 147 1780 96 1771 96 1817"/></Shape>
	    <String CONTENT="do. Tunc enim eſt bona conſcientia in nobis cùm"
                    HPOS="95"
                    VPOS="1771"
                    WIDTH="1047"
                    HEIGHT="88"
                    WC="0.983911798646053"></String>
          </TextLine>

          
          
          <TextLine ID="eSc_line_a5c804e7"
                    TAGREFS="LT4119"
                    BASELINE="92 1878 1140 1894" 
                    HPOS="90"
                    VPOS="1832"
                    WIDTH="1050"
                    HEIGHT="85">
            <Shape><Polygon POINTS="92 1878 90 1890 208 1893 224 1902 226 1902 227 1902 229 1902 249 1894 251 1894 252 1894 281 1903 282 1903 284 1903 285 1903 303 1896 313 1903 315 1903 316 1903 413 1905 414 1905 452 1899 466 1897 478 1900 501 1906 502 1906 504 1906 505 1906 519 1900 524 1899 533 1902 550 1906 551 1906 553 1906 599 1903 636 1900 660 1905 679 1908 681 1908 697 1905 718 1902 858 1909 923 1912 925 1912 926 1912 931 1911 947 1905 966 1912 972 1914 974 1914 975 1914 986 1912 1015 1906 1038 1914 1044 1915 1045 1915 1047 1917 1139 1917 1140 1894 1137 1853 907 1854 867 1848 817 1842 816 1842 789 1848 767 1853 759 1848 749 1841 748 1841 746 1841 669 1841 667 1841 666 1841 651 1847 642 1851 572 1851 569 1845 568 1844 566 1844 566 1842 565 1842 563 1842 562 1842 474 1844 383 1847 370 1844 340 1835 339 1835 337 1835 278 1841 248 1833 246 1833 245 1833 243 1833 242 1833 232 1841 165 1832 163 1832 92 1839 92 1878"/></Shape>
	    <String CONTENT="cor noſtrum nos non condẽnat, ſed coram Deo"
                    HPOS="90"
                    VPOS="1832"
                    WIDTH="1050"
                    HEIGHT="85"
                    WC="0.995898261666298"></String>
          </TextLine>

          
          
          <TextLine ID="eSc_line_9aa62498"
                    TAGREFS="LT4119"
                    BASELINE="92 1934 1140 1957" 
                    HPOS="90"
                    VPOS="1885"
                    WIDTH="1050"
                    HEIGHT="91">
            <Shape><Polygon POINTS="92 1934 90 1949 580 1969 581 1969 582 1969 608 1963 929 1976 931 1976 1139 1972 1140 1957 1140 1908 1094 1905 1093 1905 1091 1905 1085 1906 1061 1915 1026 1906 1015 1903 1014 1903 1012 1903 1011 1903 1009 1903 1006 1906 994 1915 959 1915 941 1905 931 1900 929 1900 865 1900 864 1900 835 1905 791 1911 770 1903 752 1897 751 1897 749 1897 716 1903 703 1905 667 1902 544 1893 542 1893 541 1893 511 1900 502 1893 501 1893 499 1893 498 1893 496 1893 495 1893 483 1900 477 1903 371 1903 331 1902 328 1899 316 1888 315 1888 313 1888 312 1888 310 1888 281 1899 279 1899 278 1899 246 1890 245 1890 243 1890 165 1897 162 1897 160 1897 127 1885 126 1885 124 1885 123 1885 92 1896 92 1934"/></Shape>
	    <String CONTENT="licet atteſtari nos &amp; rectum finem habuiſſe, &amp;"
                    HPOS="90"
                    VPOS="1885"
                    WIDTH="1050"
                    HEIGHT="91"
                    WC="0.992400604745616"></String>
          </TextLine>

          
          
          <TextLine ID="eSc_line_ac08c7f9"
                    TAGREFS="LT4119"
                    BASELINE="95 1994 1136 2015" 
                    HPOS="93"
                    VPOS="1948"
                    WIDTH="1043"
                    HEIGHT="90">
            <Shape><Polygon POINTS="95 1994 93 2016 432 2016 510 2025 541 2028 542 2028 544 2028 551 2027 572 2019 685 2019 809 2031 838 2034 840 2034 850 2033 890 2025 902 2034 904 2034 905 2034 907 2034 908 2034 910 2034 935 2028 1133 2038 1136 2015 1136 1979 1063 1979 1060 1976 1042 1969 1041 1969 1039 1969 1038 1969 1018 1976 1017 1976 1015 1976 989 1964 987 1964 986 1964 984 1964 968 1970 707 1960 706 1960 704 1960 703 1960 690 1969 690 1970 688 1969 675 1958 673 1958 672 1958 670 1958 624 1967 614 1969 474 1967 469 1964 447 1955 446 1955 444 1955 443 1955 428 1963 425 1964 416 1963 380 1957 379 1957 294 1960 263 1961 260 1960 248 1954 246 1954 245 1954 208 1958 196 1960 191 1958 169 1948 168 1948 166 1948 95 1955 95 1994"/></Shape>
	    <String CONTENT="diligenter omnia, quæ circunſpicienda erant,"
                    HPOS="93"
                    VPOS="1948"
                    WIDTH="1043"
                    HEIGHT="90"
                    WC="0.982183452356945"></String>
          </TextLine>

          
          
          <TextLine ID="eSc_line_89ad8b97"
                    TAGREFS="LT4119"
                    BASELINE="92 2053 850 2064" 
                    HPOS="90"
                    VPOS="2006"
                    WIDTH="760"
                    HEIGHT="85">
            <Shape><Polygon POINTS="90 2077 136 2071 176 2071 196 2080 197 2082 199 2082 200 2082 202 2082 206 2082 237 2073 312 2082 322 2083 324 2083 325 2083 328 2083 349 2076 356 2083 358 2083 359 2083 361 2083 377 2083 587 2077 649 2088 657 2088 658 2088 660 2088 661 2088 673 2079 739 2079 758 2089 759 2089 761 2089 762 2091 849 2091 850 2064 850 2031 809 2022 807 2022 806 2022 791 2028 776 2016 774 2016 773 2016 771 2016 770 2016 737 2027 725 2016 725 2015 724 2015 722 2015 676 2015 675 2015 673 2015 672 2015 660 2024 652 2028 605 2027 600 2022 588 2013 587 2013 585 2013 584 2013 582 2013 559 2021 541 2027 398 2025 389 2016 389 2015 388 2015 386 2015 385 2015 383 2015 382 2015 355 2024 345 2013 342 2012 342 2010 340 2010 339 2010 309 2009 307 2009 245 2010 236 2012 234 2012 233 2012 217 2022 184 2010 182 2010 181 2010 179 2010 178 2010 160 2022 124 2022 93 2006 92 2053 90 2077"/></Shape>
	    <String CONTENT="perſpexiſſe, quantum in nobis fuit."
                    HPOS="90"
                    VPOS="2006"
                    WIDTH="760"
                    HEIGHT="85"
                    WC="0.973563367979867"></String>
          </TextLine>

          
          
          <TextLine ID="eSc_line_9429bac3"
                    TAGREFS="LT4119"
                    BASELINE="142 2113 1134 2134" 
                    HPOS="141"
                    VPOS="2073"
                    WIDTH="993"
                    HEIGHT="84">
            <Shape><Polygon POINTS="142 2113 141 2128 236 2137 237 2137 266 2131 269 2131 284 2141 285 2141 287 2141 288 2141 343 2132 348 2132 352 2132 400 2143 401 2143 489 2135 495 2135 496 2135 526 2146 527 2146 529 2146 636 2141 718 2150 719 2150 819 2143 849 2153 850 2153 852 2153 898 2144 920 2153 922 2153 923 2153 972 2146 1107 2157 1109 2157 1110 2157 1133 2147 1134 2134 1133 2094 142 2073 142 2113"/></Shape>
	    <String CONTENT="Fides autem eſt moderatrix, aut potius regula"
                    HPOS="141"
                    VPOS="2073"
                    WIDTH="993"
                    HEIGHT="84"
                    WC="0.995474243164063"></String>
          </TextLine>

          
          
          <TextLine ID="eSc_line_8a92dd31"
                    TAGREFS="LT4119"
                    BASELINE="89 2174 1136 2190" 
                    HPOS="87"
                    VPOS="2128"
                    WIDTH="1049"
                    HEIGHT="101">
            <Shape><Polygon POINTS="89 2169 89 2174 87 2199 410 2199 422 2204 468 2221 469 2221 471 2221 472 2221 505 2214 566 2218 568 2218 569 2218 571 2218 590 2205 593 2204 594 2205 600 2210 602 2210 603 2210 605 2210 606 2210 615 2205 624 2202 630 2207 636 2211 638 2211 639 2211 641 2211 667 2207 675 2205 678 2207 697 2223 699 2223 700 2223 701 2223 703 2223 754 2208 755 2208 804 2224 806 2224 944 2229 945 2229 1029 2220 1096 2224 1097 2224 1099 2224 1134 2212 1136 2190 1134 2154 1017 2153 1017 2152 1002 2141 1000 2141 999 2141 997 2141 996 2141 963 2152 960 2152 908 2152 908 2150 895 2140 893 2140 892 2140 890 2140 889 2140 862 2149 832 2138 831 2138 757 2137 755 2137 724 2143 641 2135 639 2135 585 2146 584 2146 582 2146 569 2134 568 2134 566 2134 522 2134 520 2134 475 2144 472 2144 471 2144 441 2132 440 2132 438 2132 291 2141 282 2141 278 2141 220 2131 218 2131 126 2135 111 2128 110 2128 108 2128 107 2128 93 2134 89 2169"/></Shape>
	    <String CONTENT="&amp; norma vtriuſque, quæ docet ex Dei verbo nos"
                    HPOS="87"
                    VPOS="2128"
                    WIDTH="1049"
                    HEIGHT="101"
                    WC="0.977340035968357"></String>
          </TextLine>

          
        </TextBlock>
        

        
      </PrintSpace>
    </Page>
  </Layout>
</alto>
