<?xml version="1.0" encoding="UTF-8"?>
<alto xmlns:xsi="http://www.w3.org/2001/XMLSchema-instance"
      xmlns="http://www.loc.gov/standards/alto/ns-v4#"
      xsi:schemaLocation="http://www.loc.gov/standards/alto/ns-v4# http://www.loc.gov/standards/alto/v4/alto-4-2.xsd">
  <Description>
    <MeasurementUnit>pixel</MeasurementUnit>
    <sourceImageInformation>
      <fileName>2012897.png</fileName>
      
    </sourceImageInformation>
  </Description>
  
  <Tags>
    <OtherTag ID="BT10544" LABEL="text" DESCRIPTION="block type text"/><OtherTag ID="BT10543" LABEL="NumberingZone" DESCRIPTION="block type NumberingZone"/><OtherTag ID="BT10542" LABEL="MainZone" DESCRIPTION="block type MainZone"/><OtherTag ID="BT10538" LABEL="RunningTitleZone" DESCRIPTION="block type RunningTitleZone"/><OtherTag ID="BT10537" LABEL="DropCapitalZone" DESCRIPTION="block type DropCapitalZone"/><OtherTag ID="BT10536" LABEL="GraphicZone" DESCRIPTION="block type GraphicZone"/><OtherTag ID="BT10535" LABEL="TitlePageZone" DESCRIPTION="block type TitlePageZone"/><OtherTag ID="BT10534" LABEL="QuireMarksZone" DESCRIPTION="block type QuireMarksZone"/><OtherTag ID="BT10533" LABEL="MarginTextZone" DESCRIPTION="block type MarginTextZone"/>
    <OtherTag ID="LT4122" LABEL="default" DESCRIPTION="line type default"/><OtherTag ID="LT4119" LABEL="DefaultLine" DESCRIPTION="line type DefaultLine"/><OtherTag ID="LT4118" LABEL="HeadingLine" DESCRIPTION="line type HeadingLine"/><OtherTag ID="LT4117" LABEL="CustomLine : BiblicalText" DESCRIPTION="line type CustomLine : BiblicalText"/>
  </Tags>
  
  <Layout>
    <Page WIDTH="1807"
          HEIGHT="2677"
          PHYSICAL_IMG_NR="13"
          ID="eSc_dummypage_">
      <PrintSpace HPOS="0"
                  VPOS="0"
                  WIDTH="1807"
                  HEIGHT="2677">
        
        <TextBlock HPOS="379.37353515625"
                   VPOS="175.8795928955078"
                   WIDTH="429.6807861328125"
                   HEIGHT="65.35005187988281"
                   ID="block_1"
                   TAGREFS="BT10538">
          <Shape><Polygon POINTS="379.374 175.88 809.054 175.88 809.054 241.23 379.374 241.23 379.374 175.88"/></Shape>
          
          
          <TextLine ID="eSc_line_5a9cbec4"
                    TAGREFS="LT4118"
                    BASELINE="388 229 798 215" 
                    HPOS="386"
                    VPOS="178"
                    WIDTH="412"
                    HEIGHT="71">
            <Shape><Polygon POINTS="773 178 758 178 742 178 727 178 712 178 697 178 685 178 682 179 676 178 667 178 652 178 638 178 635 178 629 181 626 178 623 178 608 178 593 178 578 178 563 178 550 178 520 187 434 187 417 179 416 179 414 179 413 179 392 187 386 196 388 229 388 240 426 249 428 249 429 249 431 249 431 248 432 248 438 240 466 248 468 248 469 248 471 248 472 248 472 246 480 240 481 239 484 240 510 246 511 246 513 246 514 246 516 246 523 239 526 237 798 237 798 215 795 182 788 182"/></Shape>
	    <String CONTENT="EPISTOLA."
                    HPOS="386"
                    VPOS="178"
                    WIDTH="412"
                    HEIGHT="71"
                    WC="0.997356507513258"></String>
          </TextLine>

          
        </TextBlock>
        
        <TextBlock HPOS="78.08417510986328"
                   VPOS="247.6097412109375"
                   WIDTH="1087.4539108276367"
                   HEIGHT="1929.4605712890625"
                   ID="block_0"
                   TAGREFS="BT10542">
          <Shape><Polygon POINTS="78.0842 247.61 1165.54 247.61 1165.54 2177.07 78.0842 2177.07 78.0842 247.61"/></Shape>
          
          
          <TextLine ID="eSc_line_e38071bb"
                    TAGREFS="LT4119"
                    BASELINE="84 316 822 291 1124 287" 
                    HPOS="83"
                    VPOS="234"
                    WIDTH="1041"
                    HEIGHT="106">
            <Shape><Polygon POINTS="1107 243 1093 242 1078 242 1063 240 1048 240 1045 239 1006 245 990 237 989 237 981 236 981 237 969 248 936 248 899 234 898 234 896 234 895 234 893 234 868 249 841 236 840 236 838 236 837 236 786 251 684 246 682 246 681 246 679 246 669 254 654 243 652 243 651 243 603 243 602 243 571 246 569 246 568 246 553 260 517 251 516 251 514 251 380 252 379 252 377 252 377 254 364 266 321 252 319 252 318 252 281 254 279 254 278 254 252 269 200 257 199 257 197 257 196 257 174 273 83 275 83 278 84 316 84 340 227 327 313 334 318 334 319 334 322 334 383 322 428 330 429 330 603 315 636 322 638 322 639 322 701 310 1124 306 1124 287 1118 251 1107 243"/></Shape>
	    <String CONTENT="pertè reſpondemus. Sin autem de exter¬"
                    HPOS="83"
                    VPOS="234"
                    WIDTH="1041"
                    HEIGHT="106"
                    WC="0.985947286471342"></String>
          </TextLine>

          
          
          <TextLine ID="eSc_line_0a02a432"
                    TAGREFS="LT4119"
                    BASELINE="84 386 829 359 1122 355" 
                    HPOS="81"
                    VPOS="298"
                    WIDTH="1041"
                    HEIGHT="103">
            <Shape><Polygon POINTS="84 401 1122 371 1122 355 1116 306 1057 312 1047 307 1024 298 1023 298 1021 298 1020 298 1018 298 1018 300 1008 309 1003 315 920 316 913 313 896 303 895 303 893 303 892 303 798 306 797 306 770 315 737 309 736 309 734 309 733 309 733 310 721 319 719 321 713 321 657 313 655 313 654 313 632 324 627 325 621 324 582 313 581 313 580 313 578 313 523 327 519 328 517 328 501 316 499 316 498 316 496 316 438 318 437 318 435 318 420 328 408 319 407 319 406 319 404 319 349 321 348 321 297 336 290 337 269 337 199 334 197 334 196 334 172 340 166 342 162 340 138 333 136 333 135 333 133 333 132 333 118 343 116 345 81 345 84 386"/></Shape>
	    <String CONTENT="nis &amp; accidẽtalibus huic diſciplinæ rebus"
                    HPOS="81"
                    VPOS="298"
                    WIDTH="1041"
                    HEIGHT="103"
                    WC="0.990586734953381"></String>
          </TextLine>

          
          
          <TextLine ID="eSc_line_cd603993"
                    TAGREFS="LT4119"
                    BASELINE="86 455 1125 422" 
                    HPOS="83"
                    VPOS="370"
                    WIDTH="1042"
                    HEIGHT="110">
            <Shape><Polygon POINTS="86 455 86 480 209 466 306 474 319 474 321 474 330 472 374 462 394 469 397 471 398 471 400 471 401 471 403 471 404 469 417 459 453 468 462 469 464 469 465 469 474 466 511 455 678 452 721 458 745 461 746 461 782 455 841 446 865 452 880 456 881 456 883 456 884 456 898 450 914 444 975 447 1018 450 1020 450 1125 441 1125 422 1122 382 1033 370 1032 370 1030 370 997 383 938 373 936 373 935 373 883 386 858 376 856 376 855 376 815 377 813 377 812 377 798 389 773 379 771 379 770 379 768 379 731 391 556 385 554 385 462 388 461 388 459 388 459 389 446 403 319 406 178 397 176 397 175 397 130 411 102 403 101 403 99 403 98 403 96 403 83 410 86 455"/></Shape>
	    <String CONTENT="quæritur, in quibus commoditas incom¬"
                    HPOS="83"
                    VPOS="370"
                    WIDTH="1042"
                    HEIGHT="110"
                    WC="0.988529263315974"></String>
          </TextLine>

          
          
          <TextLine ID="eSc_line_8aaf47a2"
                    TAGREFS="LT4119"
                    BASELINE="86 524 682 501 1131 493" 
                    HPOS="83"
                    VPOS="441"
                    WIDTH="1048"
                    HEIGHT="101">
            <Shape><Polygon POINTS="86 524 86 542 150 535 242 539 251 539 252 539 254 539 255 539 276 530 315 538 321 538 322 538 330 536 371 527 392 535 394 535 395 535 397 535 419 533 639 520 685 526 691 526 693 526 694 526 696 526 709 517 740 524 745 524 746 524 748 524 749 524 749 523 758 514 938 510 1130 511 1131 493 1128 447 1000 441 999 441 997 441 956 452 954 452 953 452 887 443 886 443 884 443 883 443 864 455 838 444 837 444 835 444 834 444 792 455 755 449 754 449 752 449 731 459 730 459 727 459 670 450 669 450 667 450 645 462 642 464 565 464 530 455 529 455 527 455 398 469 391 469 389 469 365 459 364 459 362 459 361 459 327 471 270 462 269 462 83 478 86 524"/></Shape>
	    <String CONTENT="moditâſque praxeos, vſus, &amp; executionis"
                    HPOS="83"
                    VPOS="441"
                    WIDTH="1048"
                    HEIGHT="101"
                    WC="0.990723909437656"></String>
          </TextLine>

          
          
          <TextLine ID="eSc_line_b669c58b"
                    TAGREFS="LT4119"
                    BASELINE="86 593 825 565 1128 560" 
                    HPOS="83"
                    VPOS="501"
                    WIDTH="1045"
                    HEIGHT="114">
            <Shape><Polygon POINTS="86 593 86 615 142 606 209 612 211 612 212 612 215 612 303 600 367 606 368 606 370 606 371 606 386 597 462 603 468 603 469 603 471 603 474 603 514 593 547 600 550 600 551 600 560 600 645 588 704 594 710 594 712 594 722 594 816 581 1128 578 1128 560 1125 508 1115 501 1113 501 1112 501 1110 501 1109 501 1088 511 1087 513 1012 517 1006 514 993 505 991 505 990 505 989 505 950 507 948 507 947 507 947 508 935 517 933 517 901 514 899 514 898 514 896 514 890 519 884 522 861 520 770 513 768 513 767 513 734 524 730 527 655 529 646 527 594 519 593 519 461 535 446 536 444 535 432 526 431 526 429 526 428 526 426 526 408 533 382 526 380 526 379 526 377 526 333 539 327 541 319 541 251 530 249 530 248 530 211 544 206 547 185 547 184 545 171 533 169 533 168 533 166 533 83 548 86 593"/></Shape>
	    <String CONTENT="diſciplinæ iſtius verſatur, dicimus illas va"
                    HPOS="83"
                    VPOS="501"
                    WIDTH="1045"
                    HEIGHT="114"
                    WC="0.991044743494554"></String>
          </TextLine>

          
          
          <TextLine ID="eSc_line_04457ba1"
                    TAGREFS="LT4119"
                    BASELINE="89 660 1128 627" 
                    HPOS="86"
                    VPOS="578"
                    WIDTH="1042"
                    HEIGHT="106">
            <Shape><Polygon POINTS="89 660 89 684 126 684 127 684 129 684 147 672 172 679 174 679 175 679 176 679 178 679 178 678 187 670 227 681 229 681 230 681 232 681 279 669 441 673 449 673 450 673 453 673 514 658 645 657 693 666 700 666 701 666 703 666 709 664 752 652 789 661 794 663 795 663 797 663 812 661 890 648 919 655 920 655 922 655 923 655 945 646 987 646 997 654 997 655 999 655 1000 655 1002 657 1033 657 1033 655 1035 655 1036 655 1039 654 1054 643 1127 649 1128 627 1125 588 984 578 983 578 981 578 938 593 935 594 867 594 794 594 776 585 774 585 773 585 771 585 770 585 755 597 754 597 749 597 654 588 652 588 563 593 562 593 544 603 538 606 349 611 343 608 325 599 324 599 322 599 284 600 282 600 281 600 281 602 272 609 272 611 270 609 255 603 254 603 252 603 251 603 249 603 240 611 236 614 221 611 190 605 188 605 187 605 185 605 174 612 166 617 156 612 139 606 138 606 136 606 86 614 89 660"/></Shape>
	    <String CONTENT="riari poſſe, atque etiã ſæpe oportere pro¬"
                    HPOS="86"
                    VPOS="578"
                    WIDTH="1042"
                    HEIGHT="106"
                    WC="0.994665504888047"></String>
          </TextLine>

          
          
          <TextLine ID="eSc_line_bcd93c6b"
                    TAGREFS="LT4119"
                    BASELINE="93 730 823 701 1139 697" 
                    HPOS="90"
                    VPOS="648"
                    WIDTH="1049"
                    HEIGHT="104">
            <Shape><Polygon POINTS="93 730 93 752 185 740 242 748 243 748 245 748 246 748 260 739 321 745 322 745 324 745 325 745 334 737 414 740 416 740 417 740 450 731 464 740 465 740 466 740 468 740 469 740 471 740 484 728 562 727 596 736 597 736 599 736 600 736 602 736 603 736 620 725 690 731 691 731 693 731 733 721 759 728 761 728 762 728 823 718 849 727 850 727 852 727 853 727 917 724 919 724 920 724 948 713 990 721 993 721 994 721 1139 715 1139 697 1136 652 948 648 947 648 910 655 871 651 870 651 868 651 867 651 867 652 856 661 819 655 817 655 816 655 815 655 801 664 636 669 620 660 618 660 617 660 615 660 562 661 560 661 519 673 477 664 475 664 474 664 429 676 355 669 353 669 352 669 350 669 350 670 339 681 304 681 257 673 255 673 200 684 104 678 102 678 101 678 99 678 99 679 90 685 93 730"/></Shape>
	    <String CONTENT="pter diuerſam diuerſorum temporum, re¬"
                    HPOS="90"
                    VPOS="648"
                    WIDTH="1049"
                    HEIGHT="104"
                    WC="0.981592611262673"></String>
          </TextLine>

          
          
          <TextLine ID="eSc_line_67ba0eab"
                    TAGREFS="LT4119"
                    BASELINE="92 794 1140 762" 
                    HPOS="90"
                    VPOS="713"
                    WIDTH="1050"
                    HEIGHT="104">
            <Shape><Polygon POINTS="92 794 93 817 123 809 300 812 321 812 322 812 330 812 392 800 453 807 458 807 459 807 464 807 523 797 623 803 639 803 641 803 642 803 643 803 643 801 652 794 792 788 1140 788 1140 762 1137 721 1121 713 1119 713 1118 713 1116 713 1082 724 1076 725 1044 725 1021 725 989 715 987 715 986 715 984 715 941 728 933 730 926 728 887 721 886 721 884 721 883 721 883 722 874 730 873 733 835 733 822 731 762 725 761 725 703 733 691 724 690 724 688 724 687 724 685 724 649 736 621 727 620 727 618 727 577 736 538 728 536 728 535 728 484 742 478 743 471 743 389 733 388 733 353 734 352 734 350 734 336 746 336 748 333 748 290 736 288 736 287 736 226 751 221 752 147 752 132 745 130 745 129 745 90 754 92 794"/></Shape>
	    <String CONTENT="rum, &amp; perſonarum rationem : nedum vt"
                    HPOS="90"
                    VPOS="713"
                    WIDTH="1050"
                    HEIGHT="104"
                    WC="0.978572373454635"></String>
          </TextLine>

          
          
          <TextLine ID="eSc_line_682faad4"
                    TAGREFS="LT4119"
                    BASELINE="96 867 1140 831" 
                    HPOS="93"
                    VPOS="782"
                    WIDTH="1047"
                    HEIGHT="110">
            <Shape><Polygon POINTS="96 867 96 878 130 892 132 892 133 892 135 892 184 877 185 875 264 875 307 875 355 884 356 884 392 881 394 881 395 881 395 880 404 872 408 870 419 872 450 878 452 878 453 878 475 871 484 868 495 871 530 878 532 878 533 878 563 870 568 868 572 870 602 875 603 875 605 875 606 875 618 868 629 861 663 859 725 859 736 865 742 870 743 870 745 870 746 870 748 870 749 870 755 865 767 858 788 864 789 864 791 864 850 855 870 862 877 865 878 865 880 865 899 862 939 855 975 861 990 862 991 862 993 862 997 861 1009 853 1018 859 1020 861 1021 861 1023 861 1024 861 1140 856 1140 831 1137 789 963 782 962 782 896 794 886 795 878 794 832 786 831 786 829 786 798 797 786 800 745 798 658 792 657 792 655 792 632 800 612 806 575 801 533 797 532 797 530 797 508 803 481 810 407 806 364 803 362 803 361 803 359 803 355 807 345 814 248 809 234 809 233 809 232 809 230 809 230 810 220 820 166 820 93 813 96 867"/></Shape>
	    <String CONTENT="loci &amp; regiones diuerſæ eandem ſemper"
                    HPOS="93"
                    VPOS="782"
                    WIDTH="1047"
                    HEIGHT="110"
                    WC="0.996146485612199"></String>
          </TextLine>

          
          
          <TextLine ID="eSc_line_cbe37eac"
                    TAGREFS="LT4119"
                    BASELINE="95 932 1136 898" 
                    HPOS="92"
                    VPOS="847"
                    WIDTH="1044"
                    HEIGHT="107">
            <Shape><Polygon POINTS="95 932 95 954 145 945 211 953 229 954 230 954 232 954 239 951 260 944 278 951 281 951 282 951 284 951 285 951 290 950 327 939 342 948 343 950 345 950 346 950 348 950 359 948 406 939 441 945 453 947 455 947 456 947 462 945 484 936 527 942 538 944 539 944 541 944 547 942 577 933 615 939 624 941 626 941 627 941 629 941 630 939 646 929 721 935 722 935 776 925 861 932 865 932 867 932 868 932 870 932 910 920 966 929 971 929 972 929 986 929 1102 917 1134 923 1136 898 1133 856 1091 847 1090 847 1088 847 1087 847 1075 858 1070 862 1035 864 944 864 932 861 904 853 902 853 901 853 899 853 871 862 853 868 806 865 739 859 737 859 736 859 734 859 724 867 716 871 707 867 691 861 690 861 688 861 687 861 672 868 661 872 638 870 603 864 602 864 600 864 587 871 577 875 565 871 556 868 554 868 553 868 532 872 492 880 469 874 452 868 450 868 449 868 386 871 385 871 373 875 355 886 304 886 284 878 270 874 269 874 267 874 266 874 246 880 223 886 199 881 179 877 178 877 92 883 95 932"/></Shape>
	    <String CONTENT="diſciplinæ formam patiantur, aut requi¬"
                    HPOS="92"
                    VPOS="847"
                    WIDTH="1044"
                    HEIGHT="107"
                    WC="0.975056206568694"></String>
          </TextLine>

          
          
          <TextLine ID="eSc_line_e0f9c01a"
                    TAGREFS="LT4119"
                    BASELINE="95 1005 1136 966" 
                    HPOS="92"
                    VPOS="917"
                    WIDTH="1044"
                    HEIGHT="100">
            <Shape><Polygon POINTS="95 1005 95 1017 455 1017 456 1017 458 1017 469 1009 475 1005 535 1002 554 1008 571 1012 572 1012 574 1012 575 1012 596 1006 621 999 718 1003 773 1005 774 1005 776 1005 783 1002 801 991 935 987 978 996 980 996 981 996 1136 991 1136 966 1131 920 993 920 991 920 990 920 989 920 981 926 978 928 969 926 931 917 929 917 792 929 780 923 779 923 777 923 776 923 774 923 762 933 758 936 746 935 690 926 688 926 577 941 554 932 553 932 551 932 487 933 486 933 440 947 434 950 365 951 361 950 349 942 348 942 346 942 345 942 343 942 342 942 328 951 325 954 287 954 282 953 254 944 252 944 251 944 191 957 188 957 187 957 157 947 156 947 154 947 92 960 95 1005"/></Shape>
	    <String CONTENT="rant. Itaque quæ hoc loco, &amp; in his regio¬"
                    HPOS="92"
                    VPOS="917"
                    WIDTH="1044"
                    HEIGHT="100"
                    WC="0.987736795629774"></String>
          </TextLine>

          
          
          <TextLine ID="eSc_line_57c569a7"
                    TAGREFS="LT4119"
                    BASELINE="98 1070 871 1041 1140 1036" 
                    HPOS="95"
                    VPOS="983"
                    WIDTH="1045"
                    HEIGHT="108">
            <Shape><Polygon POINTS="98 1070 98 1091 261 1076 334 1085 342 1085 343 1085 345 1085 348 1084 374 1075 492 1078 493 1078 495 1078 522 1067 547 1078 548 1078 550 1078 551 1078 560 1076 638 1061 786 1058 803 1067 804 1067 806 1067 807 1067 809 1067 829 1057 875 1064 877 1064 968 1051 1005 1060 1006 1060 1008 1060 1070 1051 1081 1058 1082 1058 1084 1058 1085 1058 1140 1055 1140 1036 1136 987 1058 983 1057 983 1055 983 1054 983 1045 990 1041 993 1023 990 989 986 987 986 986 986 972 993 959 999 941 993 923 989 922 989 884 989 883 989 881 989 880 989 880 990 873 996 870 999 849 997 797 991 795 991 794 991 765 1000 743 1006 663 1003 632 1003 630 1003 614 1006 574 1012 560 1008 551 1005 550 1005 548 1005 547 1005 545 1005 545 1006 542 1008 538 1012 530 1009 520 1002 519 1002 517 1002 516 1002 450 1012 425 1015 414 1014 386 1006 385 1006 383 1006 382 1006 380 1006 380 1008 371 1015 368 1018 218 1026 185 1021 138 1015 136 1015 95 1024 98 1070"/></Shape>
	    <String CONTENT="nibus commodè geruntur (vti in Gallia"
                    HPOS="95"
                    VPOS="983"
                    WIDTH="1045"
                    HEIGHT="108"
                    WC="0.981667501361747"></String>
          </TextLine>

          
          
          <TextLine ID="eSc_line_0438b923"
                    TAGREFS="LT4119"
                    BASELINE="101 1136 1137 1102" 
                    HPOS="98"
                    VPOS="1049"
                    WIDTH="1039"
                    HEIGHT="109">
            <Shape><Polygon POINTS="101 1136 101 1151 144 1158 145 1158 248 1148 281 1145 304 1146 368 1151 370 1151 429 1143 462 1139 472 1142 487 1146 489 1146 490 1146 492 1146 493 1146 502 1140 508 1137 524 1140 550 1145 551 1145 584 1139 609 1134 696 1136 770 1137 771 1137 773 1137 774 1137 774 1136 777 1134 783 1128 840 1133 858 1133 859 1133 861 1133 864 1131 878 1125 932 1130 954 1131 956 1131 972 1128 1015 1121 1038 1127 1044 1128 1045 1128 1047 1128 1057 1127 1093 1118 1136 1124 1137 1102 1134 1060 1054 1049 1052 1049 1051 1049 1049 1049 1049 1051 1038 1061 1036 1063 999 1063 981 1063 868 1055 867 1055 865 1055 825 1066 813 1069 804 1066 779 1058 777 1058 776 1058 774 1058 746 1067 745 1067 737 1067 621 1064 620 1064 582 1072 545 1078 483 1073 438 1070 437 1070 435 1070 426 1075 410 1084 353 1084 342 1076 339 1073 337 1073 336 1073 334 1073 295 1078 187 1090 98 1082 101 1136"/></Shape>
	    <String CONTENT="Cœnæ Dominicæ adminiſtratio per ſin¬"
                    HPOS="98"
                    VPOS="1049"
                    WIDTH="1039"
                    HEIGHT="109"
                    WC="0.998625195688672"></String>
          </TextLine>

          
          
          <TextLine ID="eSc_line_5273ace8"
                    TAGREFS="LT4119"
                    BASELINE="102 1204 1145 1170" 
                    HPOS="99"
                    VPOS="1116"
                    WIDTH="1046"
                    HEIGHT="112">
            <Shape><Polygon POINTS="102 1204 104 1228 197 1216 226 1225 227 1225 229 1225 230 1225 239 1223 301 1215 322 1222 324 1222 325 1222 327 1222 328 1222 330 1221 343 1215 403 1219 414 1219 416 1219 417 1219 422 1218 465 1207 542 1212 544 1212 649 1201 703 1209 704 1209 706 1209 707 1209 709 1209 718 1200 737 1206 739 1206 740 1206 783 1197 841 1204 844 1204 846 1204 847 1204 849 1204 881 1194 908 1203 910 1203 911 1203 913 1203 919 1201 968 1191 994 1198 996 1198 997 1198 1145 1194 1145 1170 1143 1130 1100 1116 1099 1116 1097 1116 1096 1116 1051 1131 984 1121 983 1121 923 1134 911 1125 910 1125 908 1125 853 1125 852 1125 850 1125 823 1139 736 1128 734 1128 733 1128 704 1139 693 1130 691 1130 690 1130 688 1130 687 1130 669 1139 612 1133 611 1133 609 1133 608 1133 596 1142 474 1137 472 1137 471 1137 416 1152 349 1142 348 1142 346 1142 345 1142 324 1157 218 1158 176 1148 175 1148 174 1148 172 1148 171 1148 154 1160 99 1163 102 1204"/></Shape>
	    <String CONTENT="gula anni quadrimeſtria) in aliis fortaſſe"
                    HPOS="99"
                    VPOS="1116"
                    WIDTH="1046"
                    HEIGHT="112"
                    WC="0.976132035255432"></String>
          </TextLine>

          
          
          <TextLine ID="eSc_line_1d04fd64"
                    TAGREFS="LT4119"
                    BASELINE="101 1274 1140 1240" 
                    HPOS="98"
                    VPOS="1188"
                    WIDTH="1042"
                    HEIGHT="110">
            <Shape><Polygon POINTS="101 1274 101 1287 188 1298 190 1298 191 1298 236 1286 240 1284 249 1284 324 1293 325 1293 327 1293 346 1283 348 1281 420 1277 447 1280 484 1286 486 1286 487 1286 513 1279 533 1274 541 1279 548 1284 550 1284 551 1284 553 1284 554 1284 569 1279 578 1274 587 1277 596 1281 597 1281 599 1281 600 1281 602 1281 606 1277 615 1270 675 1270 687 1276 693 1280 694 1280 696 1280 697 1280 699 1280 712 1276 734 1267 773 1267 783 1274 788 1277 789 1277 791 1277 792 1279 823 1279 823 1277 825 1277 826 1277 834 1273 849 1264 926 1271 957 1273 959 1273 960 1273 974 1270 1011 1259 1038 1268 1039 1268 1041 1268 1042 1268 1044 1268 1045 1268 1063 1256 1139 1265 1140 1240 1136 1197 1078 1198 1075 1198 1045 1188 1044 1188 1042 1188 1041 1188 1000 1200 994 1201 986 1201 925 1192 923 1192 858 1204 856 1204 855 1204 817 1195 816 1195 815 1195 693 1200 691 1200 672 1209 611 1203 609 1203 608 1203 590 1213 585 1215 545 1213 469 1212 468 1212 466 1212 465 1212 458 1216 453 1219 444 1216 431 1213 429 1213 428 1213 364 1219 318 1223 309 1221 291 1215 290 1215 288 1215 287 1215 285 1215 276 1222 270 1225 243 1223 199 1219 197 1219 196 1219 194 1219 188 1225 185 1228 98 1228 101 1274"/></Shape>
	    <String CONTENT="regionibus commodè iiſdẽq́ue tẽporibus"
                    HPOS="98"
                    VPOS="1188"
                    WIDTH="1042"
                    HEIGHT="110"></String>
          </TextLine>

          
          
          <TextLine ID="eSc_line_6412fa2a"
                    TAGREFS="LT4119"
                    BASELINE="101 1342 1146 1307" 
                    HPOS="98"
                    VPOS="1256"
                    WIDTH="1048"
                    HEIGHT="100">
            <Shape><Polygon POINTS="101 1342 101 1356 1146 1328 1146 1307 1142 1258 1084 1256 1082 1256 1081 1256 1067 1261 1038 1268 1012 1262 1002 1261 1000 1261 999 1261 990 1264 965 1271 950 1265 939 1261 938 1261 936 1261 904 1267 873 1273 864 1268 853 1264 852 1264 850 1264 849 1264 831 1270 822 1273 804 1271 764 1267 762 1267 761 1267 746 1273 734 1280 661 1281 655 1277 651 1273 649 1273 648 1273 574 1273 572 1273 529 1276 527 1276 526 1276 517 1283 511 1287 395 1290 386 1287 358 1280 356 1280 355 1280 307 1292 297 1293 287 1292 239 1284 237 1284 236 1284 234 1284 234 1286 224 1295 221 1298 98 1299 101 1342"/></Shape>
	    <String CONTENT="non fierent aut celebrarentur. Sic in ali¬"
                    HPOS="98"
                    VPOS="1256"
                    WIDTH="1048"
                    HEIGHT="100"
                    WC="0.990475643248785"></String>
          </TextLine>

          
          
          <TextLine ID="eSc_line_132f8a08"
                    TAGREFS="LT4119"
                    BASELINE="107 1411 1143 1375" 
                    HPOS="104"
                    VPOS="1328"
                    WIDTH="1039"
                    HEIGHT="101">
            <Shape><Polygon POINTS="107 1411 107 1429 319 1429 319 1427 321 1427 336 1421 349 1417 397 1420 450 1423 452 1423 453 1423 472 1417 493 1412 594 1414 623 1414 624 1414 633 1412 678 1405 789 1408 835 1409 837 1409 838 1409 840 1409 843 1406 856 1397 975 1396 984 1403 986 1403 987 1403 989 1403 990 1403 993 1402 1020 1393 1041 1400 1044 1402 1045 1402 1047 1402 1143 1397 1143 1375 1140 1337 975 1328 974 1328 972 1328 971 1328 971 1329 957 1341 919 1334 917 1334 856 1344 841 1332 840 1332 838 1332 837 1332 835 1332 834 1332 834 1334 819 1345 709 1337 707 1337 706 1337 673 1347 646 1339 645 1339 643 1339 642 1339 611 1351 536 1356 523 1347 522 1347 520 1347 519 1347 449 1359 397 1348 395 1348 319 1350 318 1350 316 1350 303 1359 234 1353 233 1353 104 1371 107 1411"/></Shape>
	    <String CONTENT="qua Eccleſia excommunicatio ex ſcripto"
                    HPOS="104"
                    VPOS="1328"
                    WIDTH="1039"
                    HEIGHT="101"
                    WC="0.987940013408661"></String>
          </TextLine>

          
          
          <TextLine ID="eSc_line_38640b27"
                    TAGREFS="LT4119"
                    BASELINE="105 1479 1143 1445" 
                    HPOS="102"
                    VPOS="1393"
                    WIDTH="1041"
                    HEIGHT="106">
            <Shape><Polygon POINTS="105 1479 108 1499 116 1493 185 1497 221 1499 223 1499 245 1496 294 1487 306 1494 309 1496 310 1496 312 1496 313 1496 352 1493 466 1481 535 1487 554 1488 556 1488 575 1485 646 1475 743 1481 749 1481 751 1481 752 1481 754 1481 782 1470 800 1479 801 1479 803 1479 804 1479 819 1472 862 1478 868 1478 870 1478 871 1478 874 1478 919 1466 1142 1469 1143 1445 1139 1399 1106 1393 1105 1393 1103 1393 1079 1400 1069 1403 1066 1400 1054 1393 1052 1393 1051 1393 1049 1393 1014 1395 1012 1395 994 1403 989 1406 983 1403 960 1396 959 1396 957 1396 956 1396 931 1406 925 1408 920 1406 901 1399 899 1399 898 1399 834 1400 832 1400 831 1400 817 1409 813 1412 800 1411 770 1406 768 1406 703 1414 676 1417 670 1415 643 1406 642 1406 641 1406 639 1406 603 1418 594 1420 578 1418 507 1411 505 1411 410 1424 398 1426 391 1426 339 1418 337 1418 287 1429 281 1430 275 1430 237 1420 236 1420 234 1420 233 1420 232 1420 218 1432 217 1433 157 1433 132 1424 130 1424 129 1424 127 1424 102 1433 105 1479"/></Shape>
	    <String CONTENT="fiet, in alia verò potius ore ipſo Paſtoris"
                    HPOS="102"
                    VPOS="1393"
                    WIDTH="1041"
                    HEIGHT="106"
                    WC="0.975873401219195"></String>
          </TextLine>

          
          
          <TextLine ID="eSc_line_efc2caec"
                    TAGREFS="LT4119"
                    BASELINE="110 1548 1149 1513" 
                    HPOS="107"
                    VPOS="1461"
                    WIDTH="1042"
                    HEIGHT="108">
            <Shape><Polygon POINTS="110 1548 110 1569 171 1560 242 1566 243 1566 245 1566 246 1566 292 1555 328 1563 330 1563 331 1563 333 1563 345 1554 382 1560 383 1560 431 1551 547 1555 551 1555 553 1555 557 1555 652 1543 700 1549 701 1549 703 1549 704 1549 713 1542 774 1548 780 1548 782 1548 783 1548 785 1548 795 1540 916 1542 917 1542 968 1533 994 1540 996 1540 997 1540 999 1540 1000 1540 1002 1540 1024 1531 1148 1534 1149 1513 1143 1461 1011 1475 986 1467 971 1463 969 1463 968 1463 966 1463 965 1463 965 1464 960 1469 953 1476 939 1469 928 1464 926 1464 925 1464 877 1466 875 1466 874 1466 865 1473 855 1479 843 1473 832 1469 831 1469 829 1469 828 1469 804 1475 794 1478 782 1476 742 1470 740 1470 739 1470 712 1479 694 1485 679 1481 657 1473 655 1473 654 1473 652 1473 612 1484 605 1485 600 1484 580 1476 578 1476 577 1476 575 1476 574 1476 562 1485 554 1490 532 1487 472 1479 471 1479 469 1479 468 1479 450 1491 444 1494 358 1494 356 1494 337 1484 336 1484 334 1484 333 1484 281 1497 276 1499 275 1499 252 1487 251 1487 249 1487 248 1487 199 1502 196 1503 107 1505 110 1548"/></Shape>
	    <String CONTENT="pronũtiabitur. Sic in hac Eccleſia eius qui"
                    HPOS="107"
                    VPOS="1461"
                    WIDTH="1042"
                    HEIGHT="108"
                    WC="0.983555341308767"></String>
          </TextLine>

          
          
          <TextLine ID="eSc_line_e07a4d51"
                    TAGREFS="LT4119"
                    BASELINE="111 1616 887 1588 1151 1583" 
                    HPOS="108"
                    VPOS="1527"
                    WIDTH="1043"
                    HEIGHT="110">
            <Shape><Polygon POINTS="111 1616 111 1637 181 1628 252 1632 260 1632 261 1632 263 1632 264 1632 287 1622 309 1629 313 1631 315 1631 316 1631 364 1628 516 1615 657 1615 840 1615 840 1613 886 1603 896 1601 902 1603 929 1610 931 1610 932 1610 933 1610 972 1600 978 1598 994 1598 1125 1603 1127 1603 1128 1603 1151 1591 1151 1583 1145 1534 1049 1540 1045 1537 1036 1530 1035 1530 1033 1530 975 1527 974 1527 944 1528 942 1528 941 1528 941 1530 928 1542 905 1533 904 1533 902 1533 901 1533 899 1533 886 1543 883 1546 881 1543 867 1533 865 1533 864 1533 862 1533 837 1534 835 1534 809 1546 807 1548 806 1546 789 1536 788 1536 786 1536 719 1536 718 1536 716 1536 688 1551 657 1539 655 1539 654 1539 652 1539 651 1539 629 1554 626 1555 623 1554 588 1540 587 1540 585 1540 536 1549 498 1543 496 1543 495 1543 453 1561 450 1561 449 1561 413 1548 411 1548 368 1548 367 1548 343 1549 342 1549 340 1549 322 1566 321 1567 236 1569 234 1569 197 1554 196 1554 194 1554 193 1554 191 1554 168 1571 108 1573 111 1616"/></Shape>
	    <String CONTENT="poſt profeſſionẽ Chriſti fuit idololatra &amp;"
                    HPOS="108"
                    VPOS="1527"
                    WIDTH="1043"
                    HEIGHT="110"
                    WC="0.979046330895535"></String>
          </TextLine>

          
          
          <TextLine ID="eSc_line_efb2b10e"
                    TAGREFS="LT4119"
                    BASELINE="107 1683 983 1652 1152 1652" 
                    HPOS="105"
                    VPOS="1594"
                    WIDTH="1047"
                    HEIGHT="110">
            <Shape><Polygon POINTS="107 1683 107 1696 130 1704 132 1704 133 1704 285 1695 321 1702 322 1702 324 1702 355 1692 407 1699 408 1699 492 1687 505 1686 508 1687 516 1693 517 1693 519 1693 520 1693 522 1693 523 1693 530 1686 533 1685 544 1686 581 1693 582 1693 584 1693 612 1685 630 1679 676 1679 691 1683 709 1689 710 1689 712 1689 782 1686 783 1686 785 1686 791 1680 801 1674 1017 1674 1018 1674 1066 1665 1151 1671 1152 1652 1149 1606 1097 1594 1096 1594 1009 1612 1005 1612 1000 1612 890 1601 889 1601 887 1601 859 1616 840 1603 838 1603 837 1603 835 1603 834 1603 832 1603 810 1618 707 1607 706 1607 704 1607 703 1607 685 1622 635 1616 633 1616 632 1616 606 1625 605 1625 603 1625 535 1613 533 1613 447 1618 446 1618 444 1618 444 1619 429 1631 429 1632 304 1635 303 1635 276 1622 275 1622 273 1622 272 1622 243 1635 220 1629 218 1629 217 1629 215 1629 185 1637 162 1628 160 1628 159 1628 157 1628 156 1628 135 1641 132 1643 105 1643 107 1683"/></Shape>
	    <String CONTENT="transfuga, poſteáque ad Eccleſiam rediit"
                    HPOS="105"
                    VPOS="1594"
                    WIDTH="1047"
                    HEIGHT="110"></String>
          </TextLine>

          
          
          <TextLine ID="eSc_line_c39b6dd6"
                    TAGREFS="LT4119"
                    BASELINE="113 1751 1154 1719" 
                    HPOS="110"
                    VPOS="1665"
                    WIDTH="1044"
                    HEIGHT="106">
            <Shape><Polygon POINTS="113 1751 113 1771 395 1757 425 1763 426 1763 428 1763 437 1763 565 1753 759 1753 773 1753 774 1753 780 1753 878 1743 1154 1743 1154 1719 1149 1670 1057 1665 1055 1665 1054 1665 1035 1674 1023 1679 1014 1674 1002 1668 1000 1668 999 1668 960 1677 950 1679 942 1677 917 1670 916 1670 914 1670 913 1670 911 1670 896 1679 887 1685 880 1680 867 1673 865 1673 864 1673 820 1674 819 1674 800 1683 788 1687 777 1685 757 1677 755 1677 754 1677 752 1677 731 1686 718 1690 700 1687 658 1679 657 1679 655 1679 654 1679 639 1689 633 1693 582 1695 559 1692 496 1685 495 1685 493 1685 492 1685 492 1686 480 1696 478 1698 440 1699 428 1698 373 1687 371 1687 370 1687 368 1687 348 1701 343 1704 318 1704 316 1702 303 1690 301 1690 300 1690 298 1690 251 1699 214 1692 212 1692 211 1692 171 1708 110 1710 113 1751"/></Shape>
	    <String CONTENT="confeſſio die tantum dominica fiet, in illa"
                    HPOS="110"
                    VPOS="1665"
                    WIDTH="1044"
                    HEIGHT="106"
                    WC="0.992532038411429"></String>
          </TextLine>

          
          
          <TextLine ID="eSc_line_abf5f5ab"
                    TAGREFS="LT4119"
                    BASELINE="118 1817 1152 1786" 
                    HPOS="116"
                    VPOS="1735"
                    WIDTH="1036"
                    HEIGHT="98">
            <Shape><Polygon POINTS="118 1817 118 1833 1152 1804 1152 1786 1149 1747 1061 1735 1060 1735 1058 1735 1057 1735 1038 1748 1005 1737 1003 1737 1002 1737 1000 1737 999 1737 999 1738 984 1751 890 1753 864 1743 862 1743 806 1743 804 1743 803 1743 755 1757 754 1757 752 1757 675 1748 673 1748 605 1759 574 1750 572 1750 571 1750 569 1750 568 1750 568 1751 554 1763 550 1763 483 1759 481 1759 446 1766 444 1766 443 1766 413 1754 411 1754 410 1754 379 1756 377 1756 376 1756 359 1769 358 1769 355 1769 276 1759 275 1759 273 1759 218 1774 214 1774 209 1774 184 1766 182 1766 181 1766 116 1775 118 1817"/></Shape>
	    <String CONTENT="quotidie: hîc ex ſcripto, alibi ore ipſius"
                    HPOS="116"
                    VPOS="1735"
                    WIDTH="1036"
                    HEIGHT="98"
                    WC="0.974347394566203"></String>
          </TextLine>

          
          
          <TextLine ID="eSc_line_256fc0fd"
                    TAGREFS="LT4119"
                    BASELINE="117 1885 971 1857 1158 1857" 
                    HPOS="116"
                    VPOS="1805"
                    WIDTH="1042"
                    HEIGHT="104">
            <Shape><Polygon POINTS="117 1885 117 1909 165 1900 287 1905 291 1905 292 1905 295 1905 361 1894 434 1900 444 1900 446 1900 447 1900 450 1899 469 1890 501 1897 502 1897 504 1897 507 1897 548 1887 580 1894 584 1896 585 1896 587 1896 588 1896 596 1894 638 1884 812 1887 868 1887 870 1887 871 1887 883 1884 919 1875 959 1881 969 1882 971 1882 986 1881 1036 1872 1072 1878 1090 1879 1091 1879 1158 1873 1158 1857 1157 1814 1009 1805 1008 1805 926 1808 925 1808 923 1808 923 1809 911 1821 910 1821 905 1821 832 1811 831 1811 829 1811 804 1824 803 1826 612 1830 611 1830 580 1821 578 1821 577 1821 575 1821 556 1832 554 1833 510 1833 495 1821 493 1821 492 1821 490 1821 403 1836 395 1838 392 1838 355 1826 353 1826 352 1826 350 1826 349 1826 330 1839 328 1839 324 1839 234 1833 233 1833 232 1833 199 1842 174 1835 172 1835 171 1835 116 1845 117 1885"/></Shape>
	    <String CONTENT="pœnitentis. Hæc igitur omnia diuerſam"
                    HPOS="116"
                    VPOS="1805"
                    WIDTH="1042"
                    HEIGHT="104"
                    WC="0.986148541038101"></String>
          </TextLine>

          
          
          <TextLine ID="eSc_line_9ff22fab"
                    TAGREFS="LT4119"
                    BASELINE="120 1955 1158 1922" 
                    HPOS="117"
                    VPOS="1875"
                    WIDTH="1041"
                    HEIGHT="98">
            <Shape><Polygon POINTS="120 1955 120 1972 295 1973 297 1973 298 1973 300 1973 306 1967 313 1963 358 1967 401 1970 403 1970 404 1970 425 1964 452 1958 568 1961 626 1963 627 1963 646 1960 687 1952 716 1958 730 1960 731 1960 770 1958 771 1958 773 1958 773 1957 774 1957 783 1946 880 1945 989 1951 993 1951 994 1951 996 1951 1029 1940 1155 1946 1158 1922 1152 1878 1139 1884 1105 1879 1069 1875 1067 1875 1066 1875 1052 1881 1049 1882 1044 1882 1006 1875 1005 1875 1003 1875 977 1884 962 1890 956 1885 945 1876 944 1876 942 1876 920 1876 919 1876 917 1876 874 1888 855 1893 837 1890 815 1885 813 1885 765 1893 727 1897 703 1894 636 1885 635 1885 633 1885 590 1899 578 1902 544 1900 483 1897 481 1897 480 1897 478 1897 472 1903 471 1905 466 1903 434 1893 432 1893 431 1893 383 1903 355 1894 353 1894 352 1894 350 1894 303 1909 295 1912 243 1912 200 1912 168 1900 166 1900 165 1900 163 1900 117 1915 120 1955"/></Shape>
	    <String CONTENT="formam habere poſſunt, modò tamen"
                    HPOS="117"
                    VPOS="1875"
                    WIDTH="1041"
                    HEIGHT="98"
                    WC="0.978375597911723"></String>
          </TextLine>

          
          
          <TextLine ID="eSc_line_0bf578af"
                    TAGREFS="LT4119"
                    BASELINE="120 2024 1155 1991" 
                    HPOS="118"
                    VPOS="1943"
                    WIDTH="1037"
                    HEIGHT="101">
            <Shape><Polygon POINTS="120 2024 120 2041 200 2043 202 2043 203 2043 205 2043 209 2038 214 2036 229 2038 260 2044 261 2044 263 2044 276 2037 282 2034 288 2037 301 2041 303 2041 304 2041 306 2041 319 2036 327 2033 331 2036 348 2041 349 2041 350 2041 400 2033 417 2030 420 2033 426 2037 428 2037 429 2037 431 2037 496 2030 511 2028 520 2028 575 2034 577 2034 578 2034 580 2034 580 2033 588 2027 590 2024 594 2025 611 2033 612 2033 614 2033 731 2030 733 2030 757 2021 761 2018 831 2016 838 2018 870 2025 871 2025 873 2025 957 2013 972 2012 975 2013 993 2021 994 2021 996 2021 1058 2019 1155 2006 1155 1991 1151 1948 1041 1954 1032 1951 1011 1943 1009 1943 1008 1943 972 1945 971 1945 969 1945 969 1946 960 1954 957 1955 936 1954 850 1949 849 1949 794 1960 788 1960 785 1960 733 1952 731 1952 730 1952 728 1952 728 1954 719 1961 693 1954 691 1954 690 1954 688 1954 651 1964 643 1966 638 1964 602 1958 600 1958 599 1958 597 1958 584 1967 582 1967 577 1967 513 1960 511 1960 416 1973 397 1975 391 1973 359 1964 358 1964 356 1964 303 1966 301 1966 258 1978 254 1979 251 1978 239 1972 237 1972 236 1972 118 1982 120 2024"/></Shape>
	    <String CONTENT="coercitio morum, agnitio culpæ, ſepara¬"
                    HPOS="118"
                    VPOS="1943"
                    WIDTH="1037"
                    HEIGHT="101"
                    WC="0.995274516252371"></String>
          </TextLine>

          
          
          <TextLine ID="eSc_line_285cbc10"
                    TAGREFS="LT4119"
                    BASELINE="123 2094 910 2064 1161 2059" 
                    HPOS="120"
                    VPOS="2006"
                    WIDTH="1041"
                    HEIGHT="105">
            <Shape><Polygon POINTS="123 2094 123 2105 254 2104 257 2104 284 2111 285 2111 287 2111 330 2102 331 2102 340 2102 505 2102 505 2101 507 2101 520 2096 536 2092 553 2096 577 2101 578 2101 626 2094 670 2088 757 2091 816 2092 817 2092 871 2088 993 2076 1160 2079 1161 2059 1157 2007 1085 2006 1084 2006 1082 2006 1066 2010 1032 2022 1006 2013 991 2009 990 2009 989 2009 919 2012 917 2012 916 2012 907 2018 896 2027 832 2028 815 2022 795 2016 794 2016 792 2016 791 2016 789 2016 789 2018 780 2025 773 2033 675 2034 661 2030 651 2027 649 2027 648 2027 646 2027 632 2031 615 2038 548 2038 536 2036 499 2027 498 2027 496 2027 495 2027 493 2027 493 2028 480 2038 478 2040 464 2040 391 2036 389 2036 388 2036 365 2044 359 2046 353 2044 312 2034 310 2034 309 2034 307 2034 275 2049 273 2049 272 2049 233 2037 232 2037 230 2037 162 2038 160 2038 120 2053 123 2094"/></Shape>
	    <String CONTENT="tio hœdorum ab agnis in domo Domini"
                    HPOS="120"
                    VPOS="2006"
                    WIDTH="1041"
                    HEIGHT="105"
                    WC="0.964248384748186"></String>
          </TextLine>

          
          
          <TextLine ID="eSc_line_8816a330"
                    TAGREFS="LT4119"
                    BASELINE="124 2162 1160 2126" 
                    HPOS="121"
                    VPOS="2077"
                    WIDTH="1039"
                    HEIGHT="115">
            <Shape><Polygon POINTS="124 2162 124 2184 221 2183 226 2184 239 2192 240 2192 242 2192 279 2183 297 2178 343 2178 350 2181 358 2187 359 2187 361 2187 362 2187 364 2187 376 2181 385 2177 411 2181 428 2183 429 2183 431 2183 437 2180 447 2175 456 2180 472 2187 474 2187 475 2187 477 2187 510 2180 596 2184 597 2184 599 2184 617 2177 621 2175 642 2175 706 2180 707 2180 709 2180 719 2174 739 2163 771 2163 791 2172 798 2177 800 2177 801 2177 939 2172 941 2172 942 2172 942 2171 944 2169 957 2157 991 2168 993 2168 994 2168 996 2168 1030 2154 1048 2168 1049 2168 1051 2168 1052 2168 1054 2168 1055 2168 1084 2159 1158 2165 1160 2126 1154 2083 1103 2088 1094 2085 1079 2079 1078 2079 1076 2079 1075 2079 1052 2086 1051 2086 1048 2086 1026 2079 1024 2079 1023 2079 1021 2079 1003 2086 991 2077 990 2077 989 2077 987 2077 939 2079 892 2082 890 2082 889 2082 874 2092 867 2095 859 2092 840 2083 838 2083 837 2083 835 2083 834 2083 817 2094 807 2099 681 2099 676 2098 642 2089 641 2089 639 2089 612 2091 611 2091 609 2091 599 2099 591 2107 416 2110 410 2105 404 2101 404 2099 403 2099 401 2099 400 2099 398 2099 397 2099 388 2107 377 2114 279 2116 254 2111 221 2104 220 2104 218 2104 217 2104 217 2105 209 2113 206 2116 199 2113 181 2105 179 2105 178 2105 121 2114 124 2162"/></Shape>
	    <String CONTENT="ſemper retineatur, fiátque quod fieri præ¬"
                    HPOS="121"
                    VPOS="2077"
                    WIDTH="1039"
                    HEIGHT="115"></String>
          </TextLine>

          
        </TextBlock>
        

        
      </PrintSpace>
    </Page>
  </Layout>
</alto>
