<?xml version="1.0" encoding="UTF-8"?>
<alto xmlns:xsi="http://www.w3.org/2001/XMLSchema-instance"
      xmlns="http://www.loc.gov/standards/alto/ns-v4#"
      xsi:schemaLocation="http://www.loc.gov/standards/alto/ns-v4# http://www.loc.gov/standards/alto/v4/alto-4-2.xsd">
  <Description>
    <MeasurementUnit>pixel</MeasurementUnit>
    <sourceImageInformation>
      <fileName>2012913.png</fileName>
      
    </sourceImageInformation>
  </Description>
  
  <Tags>
    <OtherTag ID="BT10544" LABEL="text" DESCRIPTION="block type text"/><OtherTag ID="BT10543" LABEL="NumberingZone" DESCRIPTION="block type NumberingZone"/><OtherTag ID="BT10542" LABEL="MainZone" DESCRIPTION="block type MainZone"/><OtherTag ID="BT10538" LABEL="RunningTitleZone" DESCRIPTION="block type RunningTitleZone"/><OtherTag ID="BT10537" LABEL="DropCapitalZone" DESCRIPTION="block type DropCapitalZone"/><OtherTag ID="BT10536" LABEL="GraphicZone" DESCRIPTION="block type GraphicZone"/><OtherTag ID="BT10535" LABEL="TitlePageZone" DESCRIPTION="block type TitlePageZone"/><OtherTag ID="BT10534" LABEL="QuireMarksZone" DESCRIPTION="block type QuireMarksZone"/><OtherTag ID="BT10533" LABEL="MarginTextZone" DESCRIPTION="block type MarginTextZone"/>
    <OtherTag ID="LT4122" LABEL="default" DESCRIPTION="line type default"/><OtherTag ID="LT4119" LABEL="DefaultLine" DESCRIPTION="line type DefaultLine"/><OtherTag ID="LT4118" LABEL="HeadingLine" DESCRIPTION="line type HeadingLine"/><OtherTag ID="LT4117" LABEL="CustomLine : BiblicalText" DESCRIPTION="line type CustomLine : BiblicalText"/>
  </Tags>
  
  <Layout>
    <Page WIDTH="1807"
          HEIGHT="2677"
          PHYSICAL_IMG_NR="29"
          ID="eSc_dummypage_">
      <PrintSpace HPOS="0"
                  VPOS="0"
                  WIDTH="1807"
                  HEIGHT="2677">
        
        <TextBlock HPOS="109"
                   VPOS="245"
                   WIDTH="1085"
                   HEIGHT="1144"
                   ID="block_4"
                   TAGREFS="BT10542">
          <Shape><Polygon POINTS="1194 245 1194 1389 109 1389 109 245"/></Shape>
          
          
          <TextLine ID="eSc_line_93483b3b"
                    TAGREFS="LT4118"
                    BASELINE="150 635 159 635 175 635 220 635 277 644 347 647" 
                    HPOS="147"
                    VPOS="550"
                    WIDTH="198"
                    HEIGHT="112">
            <Shape><Polygon POINTS="174 556 149 604 149 633 147 653 341 662 345 646 340 554 171 604 215 550"/></Shape>
	    <String CONTENT="IN"
                    HPOS="147"
                    VPOS="550"
                    WIDTH="198"
                    HEIGHT="112"></String>
          </TextLine>

          
          
          <TextLine ID="eSc_line_57090f8a"
                    TAGREFS="LT4118"
                    BASELINE="472 612 1154 612" 
                    HPOS="470"
                    VPOS="530"
                    WIDTH="683"
                    HEIGHT="101">
            <Shape><Polygon POINTS="470 631 1153 626 1153 611 1146 530 1110 562 1059 530 1057 530 1055 530 1052 530 1050 530 1048 530 1008 551 981 530 979 530 977 530 974 530 963 530 883 542 841 530 838 530 836 530 834 530 832 530 829 530 829 533 798 562 736 562 684 530 682 530 680 530 678 530 675 530 673 530 673 533 640 564 559 564 526 533 526 530 524 530 522 530 470 530 470 611"/></Shape>
	    <String CONTENT="D. PAVLI"
                    HPOS="470"
                    VPOS="530"
                    WIDTH="683"
                    HEIGHT="101"
                    WC="0.998043283820152"></String>
          </TextLine>

          
          
          <TextLine ID="eSc_line_7ef643ec"
                    TAGREFS="LT4118"
                    BASELINE="413 701 942 698" 
                    HPOS="411"
                    VPOS="636"
                    WIDTH="531"
                    HEIGHT="82">
            <Shape><Polygon POINTS="413 718 941 718 942 698 941 648 916 639 914 639 913 639 858 646 850 640 850 639 849 639 847 639 846 639 844 639 822 646 806 636 804 636 803 636 801 636 754 646 740 636 739 636 737 636 681 636 679 636 678 636 676 636 676 638 666 648 520 638 519 638 468 648 437 639 435 639 434 639 432 639 411 648 413 701"/></Shape>
	    <String CONTENT="APOSTOLI"
                    HPOS="411"
                    VPOS="636"
                    WIDTH="531"
                    HEIGHT="82"
                    WC="0.998341269791126"></String>
          </TextLine>

          
          
          <TextLine ID="eSc_line_63406831"
                    TAGREFS="LT4118"
                    BASELINE="376 792 986 785" 
                    HPOS="374"
                    VPOS="724"
                    WIDTH="612"
                    HEIGHT="98">
            <Shape><Polygon POINTS="376 792 376 822 449 822 449 820 450 820 455 817 466 812 472 817 474 819 475 819 477 819 478 820 562 820 562 819 563 819 578 813 585 810 591 813 606 819 608 819 609 819 611 819 612 819 621 812 626 809 629 812 635 816 636 816 638 816 639 816 641 816 642 816 642 814 646 810 654 803 740 801 758 806 783 814 785 814 786 814 788 814 809 804 816 800 922 800 923 800 941 807 942 807 944 807 986 797 986 785 983 740 904 739 865 724 864 724 862 724 861 724 815 740 742 725 740 725 739 725 737 725 725 733 641 727 639 727 638 727 636 727 608 745 504 745 419 730 417 730 416 730 376 745 374 751"/></Shape>
	    <String CONTENT="priorem ad Timotheum"
                    HPOS="374"
                    VPOS="724"
                    WIDTH="612"
                    HEIGHT="98"
                    WC="0.997738635540009"></String>
          </TextLine>

          
          
          <TextLine ID="eSc_line_f1808307"
                    TAGREFS="LT4118"
                    BASELINE="510 875 819 872" 
                    HPOS="508"
                    VPOS="806"
                    WIDTH="311"
                    HEIGHT="101">
            <Shape><Polygon POINTS="510 893 538 893 539 895 553 905 553 907 554 907 556 907 557 907 661 905 663 905 682 896 690 892 710 896 751 904 752 905 780 905 780 904 782 904 783 904 792 896 800 892 816 896 819 872 816 832 727 825 709 807 709 806 707 806 706 806 663 806 661 806 660 806 658 806 617 832 542 807 541 807 539 807 538 807 536 807 508 831 510 875"/></Shape>
	    <String CONTENT="E pistolam."
                    HPOS="508"
                    VPOS="806"
                    WIDTH="311"
                    HEIGHT="101"
                    WC="0.983083800836043"></String>
          </TextLine>

          
          
          <TextLine ID="eSc_line_9e3a843e"
                    TAGREFS="LT4118"
                    BASELINE="368 993 951 986" 
                    HPOS="367"
                    VPOS="935"
                    WIDTH="584"
                    HEIGHT="71">
            <Shape><Polygon POINTS="895 935 834 944 825 945 816 944 780 938 779 938 724 944 697 947 682 944 641 935 639 935 600 944 599 944 596 944 569 936 568 936 566 936 367 942 368 993 368 1006 951 1005 951 986 948 945 905 936 902 936"/></Shape>
	    <String CONTENT="L. Danæi Commentarius."
                    HPOS="367"
                    VPOS="935"
                    WIDTH="584"
                    HEIGHT="71"
                    WC="0.995315158909017"></String>
          </TextLine>

          
          
          <TextLine ID="eSc_line_3f5109bd"
                    TAGREFS="LT4118"
                    BASELINE="391 1061 947 1058" 
                    HPOS="389"
                    VPOS="1002"
                    WIDTH="558"
                    HEIGHT="77">
            <Shape><Polygon POINTS="391 1079 530 1078 532 1078 550 1070 605 1070 621 1078 624 1079 626 1079 627 1079 629 1079 635 1078 654 1072 944 1072 947 1058 945 1023 883 1002 881 1002 880 1002 878 1002 846 1012 834 1003 832 1003 831 1003 829 1003 788 1011 725 1002 724 1002 722 1002 721 1002 704 1015 673 1009 672 1009 670 1009 660 1014 649 1020 642 1014 630 1005 629 1005 627 1005 626 1005 624 1005 623 1005 614 1014 600 1024 545 1024 530 1011 527 1008 526 1008 524 1008 523 1008 522 1008 513 1011 480 1023 453 1009 441 1003 440 1003 438 1003 389 1006 391 1061"/></Shape>
	    <String CONTENT="CAP. PRIMVM."
                    HPOS="389"
                    VPOS="1002"
                    WIDTH="558"
                    HEIGHT="77"
                    WC="0.998883982499441"></String>
          </TextLine>

          
          
          <TextLine ID="eSc_line_97a112aa"
                    TAGREFS="LT4118"
                    BASELINE="429 1146 1186 1140" 
                    HPOS="428"
                    VPOS="1078"
                    WIDTH="758"
                    HEIGHT="93">
            <Shape><Polygon POINTS="1157 1081 1142 1079 1137 1078 1052 1093 1048 1093 1047 1093 1030 1079 1029 1079 1027 1079 996 1078 994 1078 939 1087 932 1081 932 1079 931 1079 929 1079 859 1079 858 1079 856 1079 807 1096 804 1097 737 1097 737 1096 706 1085 704 1085 703 1085 701 1085 700 1085 700 1087 691 1096 623 1096 609 1085 608 1085 606 1085 568 1082 566 1082 526 1085 524 1085 523 1085 523 1087 511 1097 480 1084 478 1084 477 1084 475 1084 428 1099 429 1146 431 1171 489 1155 522 1164 523 1164 524 1164 526 1164 545 1154 682 1154 715 1164 716 1164 718 1164 719 1164 721 1164 737 1154 774 1154 792 1163 797 1164 798 1164 922 1167 923 1167 925 1167 926 1167 938 1158 945 1154 966 1158 1009 1165 1011 1165 1012 1165 1052 1155 1063 1152 1067 1155 1073 1161 1075 1161 1076 1161 1167 1165 1168 1165 1170 1165 1171 1165 1186 1152 1186 1140 1185 1096 1177 1088"/></Shape>
	    <String CONTENT="AVLUS Apoſtolus Ieſu"
                    HPOS="428"
                    VPOS="1078"
                    WIDTH="758"
                    HEIGHT="93"></String>
          </TextLine>

          
          
          <TextLine ID="eSc_line_b72ab61a"
                    TAGREFS="LT4118"
                    BASELINE="410 1216 475 1210 1188 1204" 
                    HPOS="408"
                    VPOS="1154"
                    WIDTH="780"
                    HEIGHT="86">
            <Shape><Polygon POINTS="410 1238 517 1232 550 1237 572 1240 574 1240 575 1240 584 1235 615 1222 734 1222 777 1231 789 1232 791 1232 792 1232 797 1231 816 1221 852 1221 862 1228 862 1229 864 1229 865 1229 867 1229 886 1228 966 1219 978 1225 996 1235 997 1235 999 1235 1000 1235 1002 1235 1018 1225 1020 1223 1027 1223 1105 1234 1106 1234 1107 1234 1142 1221 1148 1219 1186 1219 1188 1204 1185 1170 1136 1170 1105 1154 1103 1154 1102 1154 1063 1158 1061 1158 1060 1158 1060 1160 1048 1170 1048 1171 1024 1171 1024 1170 1014 1161 1014 1160 1012 1160 1011 1160 1009 1160 1008 1160 975 1171 914 1171 880 1158 878 1158 877 1158 875 1158 843 1171 843 1173 801 1173 801 1171 785 1158 785 1157 783 1157 782 1157 755 1157 754 1157 752 1157 751 1157 733 1173 731 1173 722 1173 679 1170 669 1160 669 1158 667 1158 666 1158 664 1158 663 1158 636 1170 620 1158 618 1158 617 1158 572 1158 571 1158 569 1158 522 1173 508 1161 508 1160 507 1160 505 1160 458 1160 456 1160 455 1160 453 1160 453 1161 438 1174 408 1174 410 1216"/></Shape>
	    <String CONTENT=" Chriſti ex ordinatione Dei ſer¬"
                    HPOS="408"
                    VPOS="1154"
                    WIDTH="780"
                    HEIGHT="86"
                    WC="0.978866916149855"></String>
          </TextLine>

          
          
          <TextLine ID="eSc_line_6ed91143"
                    TAGREFS="LT4118"
                    BASELINE="435 1281 1189 1277" 
                    HPOS="434"
                    VPOS="1226"
                    WIDTH="755"
                    HEIGHT="84">
            <Shape><Polygon POINTS="435 1305 502 1295 603 1302 605 1302 606 1302 638 1295 654 1304 663 1310 664 1310 666 1310 667 1310 669 1310 687 1304 715 1295 748 1304 765 1308 767 1308 768 1308 835 1302 965 1292 1015 1293 1023 1301 1029 1305 1029 1307 1030 1307 1032 1307 1033 1307 1189 1299 1189 1277 1186 1234 1096 1229 1094 1229 1093 1229 1091 1229 1084 1235 1076 1241 1067 1235 1052 1226 1051 1226 1049 1226 1048 1226 1047 1226 1023 1237 1009 1243 923 1243 910 1238 893 1232 892 1232 890 1232 889 1232 867 1238 855 1243 850 1240 840 1229 840 1228 838 1228 837 1228 810 1228 809 1228 807 1228 806 1228 791 1240 786 1244 745 1244 742 1241 727 1228 725 1228 724 1228 685 1228 684 1228 606 1244 600 1246 544 1246 542 1246 513 1232 511 1232 510 1232 508 1232 507 1232 507 1234 495 1244 462 1234 461 1234 459 1234 458 1234 434 1244 435 1281"/></Shape>
	    <String CONTENT="uatoris noſtri, &amp; Domini Ieſu"
                    HPOS="434"
                    VPOS="1226"
                    WIDTH="755"
                    HEIGHT="84"
                    WC="0.977966573731653"></String>
          </TextLine>

          
          
          <TextLine ID="eSc_line_75512faa"
                    TAGREFS="LT4118"
                    BASELINE="462 1351 910 1347" 
                    HPOS="461"
                    VPOS="1292"
                    WIDTH="449"
                    HEIGHT="88">
            <Shape><Polygon POINTS="462 1365 519 1368 536 1380 538 1380 539 1380 541 1380 594 1371 606 1380 608 1380 609 1380 611 1380 661 1378 663 1378 664 1378 687 1365 797 1377 798 1377 800 1377 801 1377 816 1365 880 1372 881 1372 883 1372 910 1360 910 1347 907 1305 868 1296 867 1296 835 1302 819 1292 817 1292 816 1292 815 1292 813 1292 780 1304 765 1296 764 1296 762 1296 761 1296 733 1304 728 1305 727 1304 715 1295 713 1295 712 1295 710 1295 709 1295 690 1304 687 1305 684 1304 661 1293 660 1293 658 1293 657 1293 655 1293 643 1304 641 1307 614 1307 611 1304 600 1295 599 1295 597 1295 596 1295 461 1302 462 1351"/></Shape>
	    <String CONTENT="Chriſti, ſpei noſtræ."
                    HPOS="461"
                    VPOS="1292"
                    WIDTH="449"
                    HEIGHT="88"
                    WC="0.976354897022247"></String>
          </TextLine>

          
        </TextBlock>
        
        <TextBlock HPOS="121"
                   VPOS="1419"
                   WIDTH="1082"
                   HEIGHT="779"
                   ID="block_5"
                   TAGREFS="BT10542">
          <Shape><Polygon POINTS="1203 1419 1203 2198 121 2198 121 1419"/></Shape>
          
          
          <TextLine ID="eSc_line_f05e5b7d"
                    TAGREFS="LT4119"
                    BASELINE="205 1470 1188 1464" 
                    HPOS="203"
                    VPOS="1414"
                    WIDTH="985"
                    HEIGHT="79">
            <Shape><Polygon POINTS="205 1470 205 1488 425 1484 431 1487 444 1493 446 1493 447 1493 449 1493 450 1493 450 1491 458 1487 461 1482 472 1485 490 1491 492 1491 493 1491 629 1484 676 1482 709 1484 840 1490 841 1490 843 1490 858 1482 861 1481 871 1481 919 1487 920 1487 922 1487 944 1481 951 1479 962 1481 1008 1488 1009 1490 1164 1490 1164 1488 1165 1488 1188 1478 1188 1464 1183 1427 1082 1429 1076 1426 1058 1414 1057 1414 1055 1414 941 1414 939 1414 938 1414 913 1424 898 1432 658 1432 641 1423 629 1417 627 1417 626 1417 624 1417 609 1423 597 1427 590 1423 582 1417 581 1417 580 1417 480 1417 478 1417 477 1417 475 1417 469 1421 450 1433 362 1433 330 1420 325 1418 324 1418 322 1418 307 1420 246 1429 203 1420 205 1470"/></Shape>
	    <String CONTENT="Paulinarum Epiſtolarum genus eſt duplex, v¬"
                    HPOS="203"
                    VPOS="1414"
                    WIDTH="985"
                    HEIGHT="79"
                    WC="0.988338520360547"></String>
          </TextLine>

          
          
          <TextLine ID="eSc_line_bf047d16"
                    TAGREFS="LT4119"
                    BASELINE="144 1530 1191 1524" 
                    HPOS="142"
                    VPOS="1479"
                    WIDTH="1049"
                    HEIGHT="69">
            <Shape><Polygon POINTS="144 1530 144 1548 1189 1539 1191 1524 1188 1491 1082 1479 1081 1479 1079 1479 1058 1491 1012 1491 996 1479 994 1479 993 1479 929 1479 928 1479 926 1479 886 1491 884 1493 773 1493 773 1491 746 1481 745 1481 743 1481 690 1490 669 1481 667 1481 666 1481 664 1481 663 1481 649 1493 648 1493 621 1482 620 1482 551 1482 550 1482 548 1482 547 1482 532 1493 530 1493 522 1493 438 1485 437 1485 435 1485 408 1493 401 1494 148 1494 142 1497"/></Shape>
	    <String CONTENT="num earum, quæ ad Eccleſias totas ſcriptæ ſunt."
                    HPOS="142"
                    VPOS="1479"
                    WIDTH="1049"
                    HEIGHT="69"
                    WC="0.991270383621784"></String>
          </TextLine>

          
          
          <TextLine ID="eSc_line_6fe84cac"
                    TAGREFS="LT4119"
                    BASELINE="142 1589 1191 1583" 
                    HPOS="141"
                    VPOS="1537"
                    WIDTH="1050"
                    HEIGHT="76">
            <Shape><Polygon POINTS="142 1589 142 1603 190 1603 193 1603 221 1613 223 1613 224 1613 226 1613 249 1603 251 1603 254 1603 313 1613 315 1613 316 1613 355 1603 358 1603 548 1612 550 1612 614 1601 615 1600 856 1600 858 1600 926 1610 928 1610 997 1601 1012 1609 1014 1609 1015 1610 1130 1610 1130 1609 1189 1597 1191 1583 1188 1548 991 1537 990 1537 989 1537 987 1537 969 1549 953 1549 889 1551 887 1549 874 1539 873 1539 871 1539 870 1539 868 1539 835 1546 777 1539 776 1539 693 1551 667 1539 666 1539 664 1539 591 1540 590 1540 588 1540 575 1551 533 1545 532 1545 530 1545 514 1554 403 1554 380 1545 379 1545 377 1545 376 1545 345 1554 169 1542 168 1542 166 1542 141 1554 142 1589"/></Shape>
	    <String CONTENT="Alterum, earũ quę ad Particulares quaſdam per"
                    HPOS="141"
                    VPOS="1537"
                    WIDTH="1050"
                    HEIGHT="76"></String>
          </TextLine>

          
          
          <TextLine ID="eSc_line_d666c901"
                    TAGREFS="LT4119"
                    BASELINE="141 1647 1194 1640" 
                    HPOS="139"
                    VPOS="1595"
                    WIDTH="1055"
                    HEIGHT="75">
            <Shape><Polygon POINTS="141 1647 141 1664 348 1670 349 1670 350 1670 370 1662 374 1661 379 1662 395 1668 397 1668 398 1668 443 1661 452 1661 459 1661 514 1668 516 1668 643 1659 655 1659 664 1659 746 1667 748 1667 749 1667 764 1659 841 1665 843 1665 886 1658 898 1665 899 1665 901 1665 902 1667 981 1667 981 1665 983 1665 984 1665 994 1658 1078 1664 1079 1664 1194 1653 1194 1640 1189 1600 846 1606 803 1600 771 1595 770 1595 768 1595 758 1600 751 1603 731 1600 712 1597 710 1597 709 1597 707 1597 703 1600 691 1607 673 1600 664 1597 663 1597 661 1597 660 1597 652 1600 635 1607 620 1600 614 1597 612 1597 562 1597 560 1597 559 1597 557 1597 553 1600 539 1610 477 1610 437 1600 426 1598 425 1598 423 1598 422 1598 420 1600 407 1609 349 1610 139 1601 141 1647"/></Shape>
	    <String CONTENT="ſonas quæ erant, vel Eccleſiaſticæ, vti vtraque ad"
                    HPOS="139"
                    VPOS="1595"
                    WIDTH="1055"
                    HEIGHT="75"
                    WC="0.969340155124664"></String>
          </TextLine>

          
          
          <TextLine ID="eSc_line_54ca788c"
                    TAGREFS="LT4119"
                    BASELINE="151 1705 1194 1699" 
                    HPOS="150"
                    VPOS="1653"
                    WIDTH="1044"
                    HEIGHT="73">
            <Shape><Polygon POINTS="151 1705 151 1725 428 1719 438 1723 449 1726 450 1726 452 1726 475 1722 496 1719 517 1722 548 1726 550 1726 551 1726 563 1722 571 1719 602 1720 670 1726 672 1726 700 1720 707 1719 721 1720 767 1725 768 1725 770 1725 771 1725 777 1719 782 1717 817 1719 931 1725 932 1725 984 1717 997 1716 1021 1717 1131 1723 1133 1723 1192 1714 1194 1699 1191 1665 1119 1656 1118 1656 1116 1656 1102 1664 1100 1665 994 1665 986 1664 932 1655 931 1655 895 1662 880 1665 875 1662 862 1653 861 1653 859 1653 767 1653 765 1653 764 1653 762 1653 751 1661 742 1667 696 1667 687 1661 675 1653 673 1653 672 1653 670 1653 539 1655 538 1655 536 1655 530 1659 522 1667 481 1659 468 1658 466 1658 455 1659 410 1667 380 1659 376 1658 374 1658 373 1658 371 1658 368 1659 343 1668 318 1658 312 1656 310 1656 309 1656 307 1656 303 1658 285 1668 150 1658 151 1705"/></Shape>
	    <String CONTENT="Timoth. &amp; vna ad Titũ. vel Priuatæ, vt ea quæ"
                    HPOS="150"
                    VPOS="1653"
                    WIDTH="1044"
                    HEIGHT="73"
                    WC="0.993914562722911"></String>
          </TextLine>

          
          
          <TextLine ID="eSc_line_7f1f39e8"
                    TAGREFS="LT4119"
                    BASELINE="145 1765 1191 1756" 
                    HPOS="144"
                    VPOS="1711"
                    WIDTH="1047"
                    HEIGHT="76">
            <Shape><Polygon POINTS="145 1765 145 1778 291 1778 295 1780 313 1787 315 1787 316 1787 362 1780 382 1777 403 1780 453 1787 455 1787 508 1780 545 1775 556 1780 566 1786 568 1786 569 1787 629 1787 629 1786 652 1780 679 1774 694 1781 700 1783 701 1783 798 1784 800 1784 816 1781 850 1772 862 1781 864 1783 865 1783 867 1783 868 1783 913 1781 1047 1775 1188 1781 1191 1756 1186 1722 1045 1722 1017 1711 1015 1711 1014 1711 1012 1711 986 1723 983 1723 974 1723 880 1713 878 1713 877 1713 843 1725 838 1725 815 1725 614 1716 612 1716 611 1716 609 1716 597 1726 596 1726 587 1726 478 1720 477 1720 414 1728 411 1728 397 1717 395 1717 394 1717 319 1717 318 1717 316 1717 284 1725 179 1719 178 1719 176 1719 144 1729 145 1765"/></Shape>
	    <String CONTENT="eſt ad Philemonem. Nam quæ circunferuntur"
                    HPOS="144"
                    VPOS="1711"
                    WIDTH="1047"
                    HEIGHT="76"
                    WC="0.992337244312938"></String>
          </TextLine>

          
          
          <TextLine ID="eSc_line_736bb70b"
                    TAGREFS="LT4119"
                    BASELINE="147 1824 1195 1815" 
                    HPOS="145"
                    VPOS="1766"
                    WIDTH="1050"
                    HEIGHT="81">
            <Shape><Polygon POINTS="147 1824 147 1839 318 1847 319 1847 475 1838 487 1845 489 1845 490 1845 492 1845 597 1836 667 1844 669 1844 670 1844 699 1835 700 1835 709 1835 889 1841 890 1841 892 1841 908 1833 919 1841 920 1841 922 1841 923 1842 1018 1842 1018 1841 1195 1829 1195 1815 1192 1780 1118 1766 1116 1766 1054 1778 1051 1778 1049 1778 981 1768 980 1768 978 1768 977 1768 977 1769 966 1778 963 1780 957 1778 923 1769 922 1769 920 1769 867 1778 841 1783 764 1783 755 1777 745 1772 743 1772 742 1772 707 1777 667 1784 620 1784 608 1777 605 1774 603 1774 602 1774 600 1774 599 1774 591 1777 577 1783 569 1777 563 1771 562 1771 560 1771 517 1771 516 1771 514 1771 513 1771 505 1777 492 1784 401 1775 361 1772 359 1772 358 1772 350 1775 333 1783 315 1775 310 1774 309 1774 232 1774 230 1774 229 1774 224 1775 194 1784 184 1775 184 1774 182 1774 181 1774 179 1774 145 1774 147 1824"/></Shape>
	    <String CONTENT="Pauli Epiſtolæ ad Senecam &amp; contrà, ſunt fictæ"
                    HPOS="145"
                    VPOS="1766"
                    WIDTH="1050"
                    HEIGHT="81"
                    WC="0.982204647774392"></String>
          </TextLine>

          
          
          <TextLine ID="eSc_line_f66a9624"
                    TAGREFS="LT4119"
                    BASELINE="145 1882 1191 1873" 
                    HPOS="144"
                    VPOS="1827"
                    WIDTH="1047"
                    HEIGHT="78">
            <Shape><Polygon POINTS="145 1882 145 1905 200 1897 334 1902 370 1903 371 1903 373 1903 377 1902 394 1896 431 1900 461 1905 462 1905 535 1899 566 1897 577 1899 605 1903 606 1903 608 1903 609 1903 615 1899 621 1894 672 1897 751 1902 752 1902 754 1902 779 1896 791 1893 800 1896 822 1902 823 1902 825 1902 892 1894 904 1893 910 1893 942 1900 944 1900 945 1900 966 1893 969 1891 972 1893 989 1900 990 1900 991 1900 1075 1891 1076 1891 1106 1899 1107 1899 1109 1899 1189 1888 1191 1873 1188 1839 1149 1839 1137 1829 1137 1827 1136 1827 1134 1827 1133 1827 1091 1836 1064 1827 1063 1827 1061 1827 1060 1827 1038 1839 932 1839 920 1830 919 1830 917 1830 916 1830 914 1830 890 1839 841 1829 840 1829 838 1829 812 1841 788 1830 786 1830 785 1830 740 1841 697 1830 696 1830 694 1830 693 1830 646 1842 572 1832 571 1832 493 1844 480 1833 478 1833 477 1833 475 1833 376 1842 348 1833 346 1833 345 1833 343 1833 316 1847 270 1847 254 1836 252 1836 251 1836 249 1836 200 1845 163 1835 162 1835 160 1835 159 1835 157 1835 144 1844 145 1882"/></Shape>
	    <String CONTENT="&amp; ementitæ. Quantò verò eſt dignior, qui Ec¬"
                    HPOS="144"
                    VPOS="1827"
                    WIDTH="1047"
                    HEIGHT="78"
                    WC="0.972182372341985"></String>
          </TextLine>

          
          
          <TextLine ID="eSc_line_bc16769b"
                    TAGREFS="LT4119"
                    BASELINE="145 1940 1191 1930" 
                    HPOS="144"
                    VPOS="1885"
                    WIDTH="1047"
                    HEIGHT="81">
            <Shape><Polygon POINTS="145 1940 145 1961 229 1957 255 1960 292 1966 294 1966 365 1958 406 1955 417 1958 440 1964 441 1964 443 1964 444 1964 471 1957 487 1954 511 1957 556 1963 557 1963 559 1963 581 1955 593 1952 660 1952 667 1954 685 1961 687 1961 688 1961 727 1954 742 1951 749 1954 761 1958 762 1958 764 1958 765 1958 780 1952 788 1951 794 1952 812 1958 813 1958 815 1958 844 1952 852 1951 858 1952 887 1960 889 1960 890 1960 954 1952 1038 1958 1039 1958 1189 1946 1191 1930 1188 1897 1146 1897 1131 1885 1130 1885 1128 1885 1127 1885 1125 1885 1106 1894 1084 1888 1082 1888 1081 1888 1079 1888 1057 1896 1048 1888 1047 1888 1045 1888 1044 1888 1042 1888 1041 1888 1027 1899 959 1899 902 1887 901 1887 899 1887 875 1900 782 1900 768 1888 767 1888 765 1888 764 1888 685 1897 608 1890 606 1890 565 1899 545 1891 544 1891 542 1891 541 1891 539 1891 526 1902 483 1894 481 1894 313 1903 172 1894 171 1894 169 1894 144 1905 145 1940"/></Shape>
	    <String CONTENT="cleſiæ præeſt priuato homini, ita vberiora &amp; lo¬"
                    HPOS="144"
                    VPOS="1885"
                    WIDTH="1047"
                    HEIGHT="81"
                    WC="0.97929534688592"></String>
          </TextLine>

          
          
          <TextLine ID="eSc_line_8d955e79"
                    TAGREFS="LT4119"
                    BASELINE="145 1998 1192 1991" 
                    HPOS="144"
                    VPOS="1946"
                    WIDTH="1048"
                    HEIGHT="78">
            <Shape><Polygon POINTS="145 1998 145 2018 223 2024 224 2024 276 2018 297 2015 315 2016 352 2022 353 2022 355 2022 367 2016 374 2013 455 2013 468 2015 507 2022 508 2022 612 2013 643 2012 664 2013 737 2021 739 2021 740 2021 759 2012 761 2012 765 2012 798 2018 800 2018 831 2012 838 2010 841 2012 856 2019 858 2019 859 2019 861 2019 862 2019 873 2012 980 2019 981 2019 1191 2007 1192 1991 1188 1955 1038 1955 1033 1954 1011 1946 1009 1946 1008 1946 1006 1946 989 1954 980 1958 910 1954 852 1951 850 1951 834 1954 816 1958 806 1954 792 1948 791 1948 789 1948 788 1948 771 1954 765 1955 734 1954 654 1949 652 1949 651 1949 642 1954 630 1960 588 1954 584 1954 582 1954 581 1954 560 1963 425 1963 398 1954 389 1951 388 1951 386 1951 385 1951 383 1951 380 1954 371 1961 343 1954 342 1954 340 1954 339 1954 281 1963 255 1954 252 1952 251 1952 249 1952 144 1952 145 1998"/></Shape>
	    <String CONTENT="cupletiora ſunt earum Epiſtolarum argumenta,"
                    HPOS="144"
                    VPOS="1946"
                    WIDTH="1048"
                    HEIGHT="78"
                    WC="0.991188736124472"></String>
          </TextLine>

          
          
          <TextLine ID="eSc_line_e57432d1"
                    TAGREFS="LT4119"
                    BASELINE="148 2055 1194 2049" 
                    HPOS="147"
                    VPOS="2006"
                    WIDTH="1047"
                    HEIGHT="70">
            <Shape><Polygon POINTS="148 2055 148 2076 1192 2070 1194 2049 1191 2015 1036 2006 1035 2006 965 2013 933 2006 932 2006 931 2006 929 2006 928 2006 913 2015 740 2007 739 2007 691 2015 672 2007 670 2007 669 2007 434 2016 410 2009 408 2009 407 2009 346 2018 292 2010 291 2010 290 2010 288 2010 279 2019 147 2019 148 2055"/></Shape>
	    <String CONTENT="quæ ad præfectos Eccleſiæ ſcriptæ ſunt (quales"
                    HPOS="147"
                    VPOS="2006"
                    WIDTH="1047"
                    HEIGHT="70"
                    WC="0.982182878514995"></String>
          </TextLine>

          
          
          <TextLine ID="eSc_line_6675e686"
                    TAGREFS="LT4119"
                    BASELINE="144 2117 1194 2110" 
                    HPOS="142"
                    VPOS="2065"
                    WIDTH="1052"
                    HEIGHT="73">
            <Shape><Polygon POINTS="144 2117 144 2135 394 2138 395 2138 397 2138 398 2138 403 2134 407 2131 455 2132 562 2138 563 2138 565 2138 593 2131 603 2129 646 2131 771 2137 773 2137 877 2129 895 2128 929 2128 1158 2134 1160 2134 1161 2134 1194 2125 1194 2110 1192 2076 1163 2065 1161 2065 1160 2065 1072 2074 1057 2076 1051 2074 1021 2065 1020 2065 1018 2065 974 2073 957 2065 956 2065 858 2065 856 2065 855 2065 853 2065 843 2073 837 2077 807 2073 780 2070 779 2070 759 2073 725 2079 709 2073 694 2067 693 2067 691 2067 690 2067 688 2067 681 2073 670 2080 623 2080 587 2071 562 2067 560 2067 504 2068 502 2068 501 2068 498 2071 486 2082 349 2082 306 2070 304 2070 303 2070 234 2070 233 2070 232 2070 199 2082 185 2070 184 2070 182 2070 142 2070 144 2117"/></Shape>
	    <String CONTENT="ſunt illæ quæ ad Timotheum, &amp; Titum, quæ"
                    HPOS="142"
                    VPOS="2065"
                    WIDTH="1052"
                    HEIGHT="73"
                    WC="0.978535369038582"></String>
          </TextLine>

          
          
          <TextLine ID="eSc_line_e9f1d5ed"
                    TAGREFS="LT4119"
                    BASELINE="147 2177 1195 2168" 
                    HPOS="145"
                    VPOS="2125"
                    WIDTH="1050"
                    HEIGHT="85">
            <Shape><Polygon POINTS="147 2177 148 2210 184 2195 279 2204 281 2204 353 2193 370 2205 371 2205 373 2205 374 2205 376 2205 395 2199 434 2205 447 2207 449 2207 450 2207 456 2205 496 2192 519 2204 522 2205 523 2205 524 2207 557 2207 557 2205 559 2205 560 2205 560 2204 562 2204 575 2192 611 2198 612 2198 687 2190 707 2201 713 2204 715 2204 716 2205 785 2205 785 2204 786 2204 788 2204 792 2199 804 2189 844 2189 864 2198 873 2202 874 2202 875 2202 877 2202 878 2202 886 2198 901 2189 931 2196 945 2201 947 2201 948 2201 950 2201 951 2201 957 2196 966 2190 994 2196 1021 2201 1023 2201 1195 2192 1195 2168 1191 2125 1139 2135 1084 2128 1082 2128 993 2137 971 2129 965 2126 963 2126 962 2126 948 2129 916 2137 844 2131 798 2128 797 2128 795 2128 779 2132 758 2138 749 2132 742 2128 740 2128 739 2128 703 2128 701 2128 700 2128 682 2134 667 2141 493 2141 481 2138 456 2131 455 2131 453 2131 452 2131 425 2140 417 2141 408 2140 362 2131 361 2131 316 2141 303 2132 301 2132 300 2132 234 2132 233 2132 232 2132 208 2144 145 2144 147 2177"/></Shape>
	    <String CONTENT="penè ſunt paris argumenti) quàm earum, quæ ad"
                    HPOS="145"
                    VPOS="2125"
                    WIDTH="1050"
                    HEIGHT="85"
                    WC="0.984259412643757"></String>
          </TextLine>

          
        </TextBlock>
        
        <TextBlock HPOS="902"
                   VPOS="2194"
                   WIDTH="108"
                   HEIGHT="62"
                   ID="block_0"
                   TAGREFS="BT10534">
          <Shape><Polygon POINTS="1010 2194 1010 2256 902 2256 902 2194"/></Shape>
          
          
          <TextLine ID="eSc_line_117c863e"
                    TAGREFS="LT4119"
                    BASELINE="911 2235 997 2232" 
                    HPOS="908"
                    VPOS="2198"
                    WIDTH="89"
                    HEIGHT="67">
            <Shape><Polygon POINTS="911 2235 911 2253 950 2265 951 2265 953 2265 954 2265 997 2250 997 2232 993 2198 908 2201 911 2235"/></Shape>
	    <String CONTENT="A.j"
                    HPOS="908"
                    VPOS="2198"
                    WIDTH="89"
                    HEIGHT="67"
                    WC="0.874959588050842"></String>
          </TextLine>

          
        </TextBlock>
        
        <TextBlock HPOS="105"
                   VPOS="259"
                   WIDTH="1126"
                   HEIGHT="271"
                   ID="eSc_textblock_7cf107b9"
                   TAGREFS="BT10536">
          <Shape><Polygon POINTS="105 259 105 530 1231 530 1231 259"/></Shape>
          
        </TextBlock>
        
        <TextBlock HPOS="127"
                   VPOS="1086"
                   WIDTH="312"
                   HEIGHT="312"
                   ID="eSc_textblock_d3fcff67"
                   TAGREFS="BT10537">
          <Shape><Polygon POINTS="127 1086 127 1398 439 1398 439 1086"/></Shape>
          
        </TextBlock>
        

        
      </PrintSpace>
    </Page>
  </Layout>
</alto>
