<?xml version="1.0" encoding="UTF-8"?>
<alto xmlns:xsi="http://www.w3.org/2001/XMLSchema-instance"
      xmlns="http://www.loc.gov/standards/alto/ns-v4#"
      xsi:schemaLocation="http://www.loc.gov/standards/alto/ns-v4# http://www.loc.gov/standards/alto/v4/alto-4-2.xsd">
  <Description>
    <MeasurementUnit>pixel</MeasurementUnit>
    <sourceImageInformation>
      <fileName>2012930.png</fileName>
      
    </sourceImageInformation>
  </Description>
  
  <Tags>
    <OtherTag ID="BT10544" LABEL="text" DESCRIPTION="block type text"/><OtherTag ID="BT10543" LABEL="NumberingZone" DESCRIPTION="block type NumberingZone"/><OtherTag ID="BT10542" LABEL="MainZone" DESCRIPTION="block type MainZone"/><OtherTag ID="BT10538" LABEL="RunningTitleZone" DESCRIPTION="block type RunningTitleZone"/><OtherTag ID="BT10537" LABEL="DropCapitalZone" DESCRIPTION="block type DropCapitalZone"/><OtherTag ID="BT10536" LABEL="GraphicZone" DESCRIPTION="block type GraphicZone"/><OtherTag ID="BT10535" LABEL="TitlePageZone" DESCRIPTION="block type TitlePageZone"/><OtherTag ID="BT10534" LABEL="QuireMarksZone" DESCRIPTION="block type QuireMarksZone"/><OtherTag ID="BT10533" LABEL="MarginTextZone" DESCRIPTION="block type MarginTextZone"/>
    <OtherTag ID="LT4122" LABEL="default" DESCRIPTION="line type default"/><OtherTag ID="LT4119" LABEL="DefaultLine" DESCRIPTION="line type DefaultLine"/><OtherTag ID="LT4118" LABEL="HeadingLine" DESCRIPTION="line type HeadingLine"/><OtherTag ID="LT4117" LABEL="CustomLine : BiblicalText" DESCRIPTION="line type CustomLine : BiblicalText"/>
  </Tags>
  
  <Layout>
    <Page WIDTH="1807"
          HEIGHT="2677"
          PHYSICAL_IMG_NR="46"
          ID="eSc_dummypage_">
      <PrintSpace HPOS="0"
                  VPOS="0"
                  WIDTH="1807"
                  HEIGHT="2677">
        
        <TextBlock HPOS="604.7672119140625"
                   VPOS="148.85244750976562"
                   WIDTH="89.7525634765625"
                   HEIGHT="54.621368408203125"
                   ID="block_2"
                   TAGREFS="BT10543">
          <Shape><Polygon POINTS="604.767 148.852 694.52 148.852 694.52 203.474 604.767 203.474 604.767 148.852"/></Shape>
          
          
          <TextLine ID="eSc_line_fe4dc5a7"
                    TAGREFS="LT4119"
                    BASELINE="617 191 701 191" 
                    HPOS="617"
                    VPOS="141"
                    WIDTH="84"
                    HEIGHT="68">
            <Shape><Polygon POINTS="617 157 617 191 617 202 642 209 643 209 645 209 701 197 701 191 701 151 667 141 666 141 664 141 627 150 617 157"/></Shape>
	    <String CONTENT="18"
                    HPOS="617"
                    VPOS="141"
                    WIDTH="84"
                    HEIGHT="68"
                    WC="0.995667487382889"></String>
          </TextLine>

          
        </TextBlock>
        
        <TextBlock HPOS="785.7379760742188"
                   VPOS="144.70738220214844"
                   WIDTH="714.6559448242188"
                   HEIGHT="63.69993591308594"
                   ID="block_1"
                   TAGREFS="BT10538">
          <Shape><Polygon POINTS="785.738 144.707 1500.39 144.707 1500.39 208.407 785.738 208.407 785.738 144.707"/></Shape>
          
          
          <TextLine ID="eSc_line_a0d59de7"
                    TAGREFS="LT4118"
                    BASELINE="783 191 1491 188" 
                    HPOS="782"
                    VPOS="141"
                    WIDTH="709"
                    HEIGHT="79">
            <Shape><Polygon POINTS="1466 145 1460 144 1458 144 1447 153 1415 151 1400 141 1392 141 1377 141 1362 141 1347 141 1341 141 1329 151 1302 141 1301 141 1299 141 1298 141 1271 153 1256 141 1255 141 1253 141 1252 141 1250 141 1249 141 1231 154 1213 154 1161 154 1161 153 1130 141 1128 141 1127 141 1125 141 1085 151 1021 142 1020 142 1018 142 1017 142 1003 153 1002 153 1000 153 920 147 919 147 917 147 899 153 898 154 896 153 887 145 887 144 886 144 884 144 883 144 846 150 803 141 801 141 800 141 782 150 783 191 783 205 829 217 831 217 832 217 834 217 847 206 873 206 920 205 928 206 956 214 957 214 959 214 960 214 989 206 996 205 999 206 1014 220 1015 220 1017 220 1018 220 1020 220 1052 212 1134 220 1136 220 1137 220 1160 211 1167 218 1168 218 1170 218 1171 220 1292 220 1292 218 1293 218 1295 218 1305 209 1313 203 1390 203 1402 209 1412 217 1414 217 1415 217 1417 217 1490 209 1491 188 1490 154 1481 151"/></Shape>
	    <String CONTENT="AD I. PAVL. AD TIM."
                    HPOS="782"
                    VPOS="141"
                    WIDTH="709"
                    HEIGHT="79"
                    WC="0.99778759165814"></String>
          </TextLine>

          
        </TextBlock>
        
        <TextBlock HPOS="587.5228881835938"
                   VPOS="215.12864685058594"
                   WIDTH="1086.0618286132812"
                   HEIGHT="1947.515396118164"
                   ID="block_3"
                   TAGREFS="BT10542">
          <Shape><Polygon POINTS="587.523 215.129 1673.58 215.129 1673.58 2162.64 587.523 2162.64 587.523 215.129"/></Shape>
          
          
          <TextLine ID="eSc_line_d27bd6b1"
                    TAGREFS="LT4119"
                    BASELINE="612 264 1667 261" 
                    HPOS="611"
                    VPOS="211"
                    WIDTH="1056"
                    HEIGHT="84">
            <Shape><Polygon POINTS="1637 217 1622 215 1607 214 1595 212 1588 220 1582 223 1525 220 1447 214 1445 214 1405 220 1378 223 1372 220 1362 211 1360 211 1359 211 1308 211 1307 211 1305 211 1283 220 1271 223 1237 220 1164 211 1163 211 1161 211 1136 220 1119 226 1027 226 1014 220 997 212 996 212 994 212 962 220 936 226 822 226 815 220 806 212 804 212 803 212 801 212 800 212 777 220 770 221 765 220 752 212 751 212 749 212 611 218 612 264 612 285 771 294 773 294 774 294 776 294 788 285 789 285 853 285 855 285 864 294 865 294 867 294 868 295 926 295 926 294 928 294 929 294 942 285 971 294 972 294 974 294 975 294 1012 285 1014 285 1078 285 1087 292 1088 292 1090 292 1091 292 1139 285 1146 284 1152 285 1176 291 1177 291 1179 291 1244 284 1255 284 1258 284 1280 292 1282 292 1283 294 1356 294 1356 292 1357 292 1359 292 1369 285 1420 292 1421 292 1606 285 1652 292 1653 292 1655 292 1656 292 1667 284 1667 261 1664 224 1652 218"/></Shape>
	    <String CONTENT="bi Marth.23. verſ.7. 4 Temerarij, aſſertores &amp;"
                    HPOS="611"
                    VPOS="211"
                    WIDTH="1056"
                    HEIGHT="84"
                    WC="0.972742869802143"></String>
          </TextLine>

          
          
          <TextLine ID="eSc_line_2b9b2837"
                    TAGREFS="LT4119"
                    BASELINE="606 324 1667 319" 
                    HPOS="605"
                    VPOS="275"
                    WIDTH="1062"
                    HEIGHT="75">
            <Shape><Polygon POINTS="606 324 606 343 957 350 959 350 999 343 1000 343 1012 343 1277 349 1279 349 1332 342 1338 342 1665 342 1667 319 1664 287 1615 275 1613 275 1612 275 1583 285 1582 287 1496 287 1494 285 1479 275 1478 275 1476 275 1366 275 1365 275 1363 275 1362 275 1350 284 1347 287 1310 288 1279 288 1274 284 1267 278 1267 276 1265 276 1264 276 1262 276 1261 276 1235 284 1221 288 1133 288 1124 282 1118 278 1116 278 1115 278 1113 278 1112 278 1110 278 1106 282 1100 288 1042 288 1023 282 1005 276 1003 276 1002 276 966 281 917 290 875 290 867 281 864 279 864 278 862 278 861 278 859 278 858 278 852 281 834 288 816 281 810 278 809 278 807 278 795 279 757 288 605 279 606 324"/></Shape>
	    <String CONTENT="habere ſe clauem ſcientiæ iactant. Matth. 23. Ex"
                    HPOS="605"
                    VPOS="275"
                    WIDTH="1062"
                    HEIGHT="75"
                    WC="0.993668738752604"></String>
          </TextLine>

          
          
          <TextLine ID="eSc_line_dac8347d"
                    TAGREFS="LT4119"
                    BASELINE="609 383 1664 379" 
                    HPOS="608"
                    VPOS="337"
                    WIDTH="1056"
                    HEIGHT="73">
            <Shape><Polygon POINTS="609 383 609 410 690 397 991 397 1000 404 1002 404 1003 404 1005 404 1014 404 1084 395 1127 401 1164 407 1165 407 1167 407 1183 401 1197 395 1237 400 1299 407 1301 407 1302 407 1304 407 1316 398 1322 394 1338 398 1368 406 1369 406 1371 407 1564 407 1564 406 1566 406 1600 394 1635 406 1637 406 1638 406 1640 406 1664 392 1664 379 1662 348 1644 337 1643 337 1641 337 1576 337 1574 337 1573 337 1572 337 1558 348 1506 337 1505 337 1503 337 1502 337 1488 348 1366 348 1331 337 1329 337 1328 337 1326 337 1287 349 1087 339 1085 339 938 350 914 340 913 340 911 340 764 350 624 340 623 340 621 340 620 340 608 348 609 383"/></Shape>
	    <String CONTENT="quibus omnibus intelligitur, quàm graphicè &amp;"
                    HPOS="608"
                    VPOS="337"
                    WIDTH="1056"
                    HEIGHT="73"
                    WC="0.987920197455779"></String>
          </TextLine>

          
          
          <TextLine ID="eSc_line_6e67ace0"
                    TAGREFS="LT4119"
                    BASELINE="611 441 1665 438" 
                    HPOS="609"
                    VPOS="391"
                    WIDTH="1056"
                    HEIGHT="77">
            <Shape><Polygon POINTS="611 441 611 458 627 466 629 466 782 468 783 468 785 468 804 458 853 468 855 468 904 458 905 458 907 458 993 468 994 468 996 468 1020 458 1099 458 1134 468 1136 468 1137 468 1264 461 1322 466 1323 466 1325 466 1351 456 1353 456 1374 465 1375 465 1377 465 1378 465 1415 456 1427 466 1429 466 1430 466 1432 466 1664 455 1665 438 1664 401 1641 394 1640 394 1638 394 1606 401 1592 404 1588 401 1574 391 1573 391 1572 391 1570 391 1569 391 1567 391 1554 401 1551 404 1543 401 1525 395 1524 395 1522 395 1490 401 1478 404 1475 403 1466 394 1464 394 1463 394 1461 394 1460 394 1458 394 1448 403 1445 406 1389 406 1383 403 1353 391 1351 391 1350 391 1348 391 1347 391 1331 403 1328 406 1307 406 1302 403 1262 391 1261 391 1259 391 1258 391 1256 391 1238 404 1237 404 1228 404 1165 397 1164 397 1102 404 1090 406 1085 404 1058 394 1057 394 1055 394 1054 394 1032 406 1030 406 1003 392 1002 392 935 392 933 392 932 392 895 406 880 392 878 392 877 392 856 392 855 392 853 392 852 392 832 406 832 407 829 407 797 407 779 392 777 392 776 392 691 392 690 392 688 392 687 392 672 406 609 407 611 441"/></Shape>
	    <String CONTENT="verè hîc nobis à Paulo propoſita ſit Scholaſtica"
                    HPOS="609"
                    VPOS="391"
                    WIDTH="1056"
                    HEIGHT="77"
                    WC="0.983539804524066"></String>
          </TextLine>

          
          
          <TextLine ID="eSc_line_d30add40"
                    TAGREFS="LT4119"
                    BASELINE="614 501 1665 498" 
                    HPOS="612"
                    VPOS="453"
                    WIDTH="1053"
                    HEIGHT="74">
            <Shape><Polygon POINTS="614 501 614 517 660 517 663 517 688 527 690 527 691 527 757 517 762 517 764 517 788 527 789 527 791 527 792 527 823 517 826 517 846 517 1128 527 1130 527 1173 526 1174 526 1176 526 1189 516 1192 516 1229 526 1231 526 1232 526 1234 526 1264 516 1267 516 1270 516 1313 526 1314 527 1369 527 1369 526 1371 526 1390 516 1400 516 1588 526 1589 526 1664 514 1665 498 1662 465 1335 465 1326 462 1299 453 1298 453 1296 453 1258 461 1243 464 1212 461 1168 456 1167 456 1165 456 1154 461 1136 465 1094 459 1055 455 1054 455 1033 459 1008 465 981 459 965 455 963 455 919 455 917 455 916 455 914 455 911 458 902 465 889 458 883 455 881 455 813 455 812 455 810 455 806 458 792 464 765 456 757 455 755 455 754 455 752 455 746 456 724 464 612 456 614 501"/></Shape>
	    <String CONTENT="Theologia &amp; Mag ſtrorum noſtrorum mores &amp;"
                    HPOS="612"
                    VPOS="453"
                    WIDTH="1053"
                    HEIGHT="74"
                    WC="0.978792171652724"></String>
          </TextLine>

          
          
          <TextLine ID="eSc_line_91ccb647"
                    TAGREFS="LT4119"
                    BASELINE="606 559 1664 559" 
                    HPOS="606"
                    VPOS="513"
                    WIDTH="1058"
                    HEIGHT="75">
            <Shape><Polygon POINTS="606 559 606 575 630 587 632 587 633 588 681 588 681 587 682 587 704 575 758 587 759 587 823 584 825 584 826 584 838 575 880 577 890 587 892 587 893 587 895 587 896 587 929 578 941 587 942 587 944 587 945 588 1073 588 1073 587 1075 587 1076 587 1085 580 1155 587 1157 587 1158 587 1191 575 1240 575 1253 584 1255 584 1256 584 1258 584 1322 575 1337 587 1338 587 1340 587 1341 587 1342 587 1390 575 1635 587 1637 587 1638 587 1664 574 1664 559 1664 523 1624 513 1622 513 1621 513 1570 523 1569 524 1451 524 1448 523 1430 513 1429 513 1427 513 1374 522 1351 513 1350 513 1348 513 1347 513 1317 520 1256 513 1255 513 1253 513 1252 513 1243 520 1209 513 1207 513 1206 513 1204 513 1194 522 1191 523 1182 522 1137 513 1136 513 1134 513 1119 522 1113 524 945 524 932 520 907 513 905 513 838 513 837 513 835 513 834 513 826 519 822 523 815 519 804 514 803 514 801 514 800 514 791 519 782 523 606 519 606 559"/></Shape>
	    <String CONTENT="ingenia deſcripta, ne non facilè hodie agnoſci"
                    HPOS="606"
                    VPOS="513"
                    WIDTH="1058"
                    HEIGHT="75"
                    WC="0.989050001540083"></String>
          </TextLine>

          
          
          <TextLine ID="eSc_line_7b21dada"
                    TAGREFS="LT4119"
                    BASELINE="609 618 1664 615" 
                    HPOS="608"
                    VPOS="569"
                    WIDTH="1056"
                    HEIGHT="80">
            <Shape><Polygon POINTS="609 618 609 649 664 638 852 638 884 648 886 648 887 648 890 648 942 640 994 648 1003 648 1005 648 1006 648 1009 648 1047 638 1128 643 1130 643 1131 643 1133 643 1140 636 1170 646 1171 646 1173 646 1174 646 1194 646 1366 636 1395 645 1400 646 1402 646 1403 646 1662 642 1664 615 1661 582 1607 569 1606 569 1604 569 1566 582 1454 582 1411 569 1409 569 1408 569 1406 569 1405 569 1405 571 1392 582 1357 582 1334 569 1332 569 1331 569 1267 578 1224 569 1222 569 1221 569 1200 580 1168 569 1167 569 1165 569 1164 569 1134 582 1133 582 1090 571 1088 571 1087 571 1085 571 1044 582 1042 582 1039 582 929 571 928 571 926 571 925 571 908 582 907 582 826 571 825 571 823 571 776 582 688 571 687 571 685 571 684 571 666 582 666 584 608 584 609 618"/></Shape>
	    <String CONTENT="poſſent, niſi planè vel in ipſo Meridie cæcutire"
                    HPOS="608"
                    VPOS="569"
                    WIDTH="1056"
                    HEIGHT="80"
                    WC="0.995518191736572"></String>
          </TextLine>

          
          
          <TextLine ID="eSc_line_024f390d"
                    TAGREFS="LT4119"
                    BASELINE="611 676 1665 673" 
                    HPOS="609"
                    VPOS="630"
                    WIDTH="1056"
                    HEIGHT="73">
            <Shape><Polygon POINTS="611 676 611 698 1628 703 1630 703 1665 694 1665 673 1662 640 1302 630 1301 630 1253 639 1231 630 1229 630 1228 630 1185 639 1151 630 1149 630 1148 630 1038 640 933 632 932 632 883 640 823 632 822 632 820 632 819 632 807 642 730 642 719 632 718 632 716 632 643 632 642 632 641 632 609 642 611 676"/></Shape>
	    <String CONTENT="velimus. Denique cùm totam fidei doctrinam"
                    HPOS="609"
                    VPOS="630"
                    WIDTH="1056"
                    HEIGHT="73"
                    WC="0.991373976995779"></String>
          </TextLine>

          
          
          <TextLine ID="eSc_line_4ef96a21"
                    TAGREFS="LT4119"
                    BASELINE="603 736 1662 736" 
                    HPOS="603"
                    VPOS="697"
                    WIDTH="1059"
                    HEIGHT="70">
            <Shape><Polygon POINTS="603 736 603 759 1057 765 1058 765 1140 758 1161 756 1168 758 1203 765 1204 765 1286 758 1298 756 1308 756 1375 765 1377 765 1378 765 1402 756 1405 756 1479 756 1481 756 1503 765 1505 765 1506 767 1618 767 1618 765 1662 755 1662 736 1661 697 603 697 603 736"/></Shape>
	    <String CONTENT="corrũpant, nulli tamen &amp; doctiores &amp; ſanctiores"
                    HPOS="603"
                    VPOS="697"
                    WIDTH="1059"
                    HEIGHT="70"
                    WC="0.980197546382745"></String>
          </TextLine>

          
          
          <TextLine ID="eSc_line_1f359aa9"
                    TAGREFS="LT4119"
                    BASELINE="609 795 1662 791" 
                    HPOS="608"
                    VPOS="746"
                    WIDTH="1054"
                    HEIGHT="80">
            <Shape><Polygon POINTS="609 795 609 826 792 826 792 825 794 825 800 823 823 816 844 822 852 825 853 825 855 825 856 825 867 822 890 816 922 822 942 825 944 825 972 820 1005 816 1014 820 1020 823 1021 823 1023 823 1024 823 1026 823 1030 820 1038 814 1055 820 1069 823 1070 823 1072 823 1110 819 1140 816 1155 819 1173 822 1174 822 1176 822 1177 822 1183 819 1189 814 1246 817 1302 820 1304 820 1305 820 1307 820 1311 816 1317 813 1405 816 1612 822 1613 822 1661 812 1662 791 1659 759 1497 759 1496 758 1482 748 1481 748 1479 748 1444 746 1442 746 1393 755 1279 748 1277 748 1276 748 1243 756 1235 758 1206 756 1090 748 1088 748 1087 748 1072 755 1063 759 1038 755 991 748 990 748 989 748 966 755 945 762 873 762 847 754 829 749 828 749 785 749 783 749 782 749 771 754 757 761 728 754 715 751 713 751 672 749 670 749 669 749 667 749 661 754 649 761 608 754 609 795"/></Shape>
	    <String CONTENT="videri volunt, quàm furfures iſti &amp; Midæ por¬"
                    HPOS="608"
                    VPOS="746"
                    WIDTH="1054"
                    HEIGHT="80"
                    WC="0.980923498454301"></String>
          </TextLine>

          
          
          <TextLine ID="eSc_line_8b910066"
                    TAGREFS="LT4119"
                    BASELINE="609 856 1145 853" 
                    HPOS="608"
                    VPOS="807"
                    WIDTH="537"
                    HEIGHT="82">
            <Shape><Polygon POINTS="609 856 609 877 645 887 646 887 648 889 875 889 875 887 877 887 896 880 1076 884 1078 884 1145 874 1145 853 1142 823 1076 823 1075 822 1058 807 1057 807 1055 807 1054 807 1052 807 1032 816 996 807 994 807 993 807 991 807 951 819 947 820 944 819 922 807 920 807 919 807 874 817 837 809 835 809 834 809 832 809 831 809 819 817 817 819 731 823 704 816 693 812 691 812 690 812 688 812 676 814 660 820 652 814 649 812 648 812 646 812 645 812 608 813 609 856"/></Shape>
	    <String CONTENT="tantes auriculas aſini."
                    HPOS="608"
                    VPOS="807"
                    WIDTH="537"
                    HEIGHT="82"
                    WC="0.972105531588845"></String>
          </TextLine>

          
          
          <TextLine ID="eSc_line_7990045d"
                    TAGREFS="LT4117"
                    BASELINE="635 981 1658 975" 
                    HPOS="633"
                    VPOS="923"
                    WIDTH="1025"
                    HEIGHT="91">
            <Shape><Polygon POINTS="635 1000 810 1000 852 1012 853 1012 855 1012 856 1012 910 999 989 999 1026 1009 1027 1009 1029 1009 1099 1000 1140 1014 1142 1014 1143 1014 1270 1000 1289 1012 1290 1012 1292 1012 1293 1014 1353 1014 1353 1012 1354 1012 1356 1012 1375 997 1433 1011 1435 1011 1561 1002 1610 1011 1612 1011 1613 1011 1658 993 1658 975 1656 936 1632 923 1631 923 1630 923 1628 923 1627 923 1592 938 1448 938 1423 926 1421 926 1420 926 1418 926 1396 936 1395 938 1393 936 1375 925 1374 925 1372 925 1341 925 1340 925 1338 925 1337 925 1317 936 1314 938 1295 936 1225 931 1224 931 1194 936 1185 938 1176 936 1140 926 1139 926 1137 926 1093 928 1091 928 1090 928 1079 936 1075 939 1061 936 1041 931 1039 931 1038 931 1036 931 1035 931 1029 935 1024 939 892 939 878 935 858 928 856 928 855 928 780 929 779 929 767 935 761 938 755 935 739 928 737 928 736 928 633 933 635 981"/></Shape>
	    <String CONTENT="8 Scimus autem bonam eſſe Legem, ſi¬"
                    HPOS="633"
                    VPOS="923"
                    WIDTH="1025"
                    HEIGHT="91"
                    WC="0.99735240969393"></String>
          </TextLine>

          
          
          <TextLine ID="eSc_line_ff5e8575"
                    TAGREFS="LT4117"
                    BASELINE="605 1048 1195 1048" 
                    HPOS="605"
                    VPOS="997"
                    WIDTH="590"
                    HEIGHT="84">
            <Shape><Polygon POINTS="605 1081 684 1081 684 1079 685 1079 687 1079 688 1078 715 1063 794 1063 809 1073 815 1079 816 1079 817 1079 819 1079 875 1072 941 1063 956 1069 974 1078 975 1078 977 1078 1014 1076 1015 1076 1017 1076 1029 1067 1033 1064 1036 1067 1044 1070 1045 1070 1047 1070 1082 1066 1102 1063 1106 1064 1122 1078 1124 1078 1125 1078 1127 1078 1128 1078 1130 1078 1130 1076 1137 1069 1151 1076 1152 1076 1154 1076 1155 1076 1157 1076 1157 1075 1170 1063 1195 1061 1195 1048 1195 1012 1105 1003 1103 1003 1102 1003 1087 1011 1066 1000 1064 1000 1063 1000 1061 1000 1060 1000 1042 1012 999 1012 980 997 978 997 977 997 911 997 910 997 908 997 878 1012 844 1012 825 997 823 997 822 997 776 997 774 997 773 997 771 997 752 1011 629 999 627 999 626 999 605 1009 605 1048"/></Shape>
	    <String CONTENT="quis ea legitimè vtatur."
                    HPOS="605"
                    VPOS="997"
                    WIDTH="590"
                    HEIGHT="84"
                    WC="0.981689145565033"></String>
          </TextLine>

          
          
          <TextLine ID="eSc_line_c438bb9f"
                    TAGREFS="LT4119"
                    BASELINE="645 1139 1658 1142" 
                    HPOS="643"
                    VPOS="1082"
                    WIDTH="1015"
                    HEIGHT="91">
            <Shape><Polygon POINTS="645 1139 643 1157 700 1158 718 1171 719 1171 721 1171 722 1173 837 1173 837 1171 838 1171 840 1171 858 1160 870 1168 871 1168 873 1168 874 1168 922 1160 954 1170 956 1170 957 1170 959 1170 960 1170 969 1164 984 1171 986 1171 1152 1173 1154 1173 1155 1173 1195 1161 1235 1161 1253 1173 1255 1173 1256 1173 1258 1173 1259 1173 1287 1161 1316 1173 1317 1173 1319 1173 1393 1161 1472 1161 1490 1173 1491 1173 1493 1173 1494 1173 1560 1163 1594 1173 1595 1173 1597 1173 1656 1160 1658 1142 1658 1109 1618 1099 1616 1099 1615 1099 1613 1099 1612 1099 1601 1107 1600 1109 1546 1109 1542 1106 1509 1090 1508 1090 1506 1090 1505 1090 1472 1103 1463 1107 1453 1103 1442 1099 1441 1099 1439 1099 1417 1102 1403 1091 1403 1090 1402 1090 1400 1090 1399 1090 1398 1090 1375 1102 1368 1105 1354 1102 1314 1090 1313 1090 1311 1090 1310 1090 1284 1099 1261 1107 1231 1099 1229 1099 1228 1099 1152 1107 1133 1100 1131 1100 1130 1100 916 1105 870 1088 852 1082 850 1082 849 1082 645 1082 645 1139"/></Shape>
	    <String CONTENT="Hypophora, per quam occurrit calumniæ, qua"
                    HPOS="643"
                    VPOS="1082"
                    WIDTH="1015"
                    HEIGHT="91"
                    WC="0.987723544949577"></String>
          </TextLine>

          
          
          <TextLine ID="eSc_line_504121ec"
                    TAGREFS="LT4119"
                    BASELINE="603 1200 1656 1200" 
                    HPOS="603"
                    VPOS="1155"
                    WIDTH="1053"
                    HEIGHT="76">
            <Shape><Polygon POINTS="603 1200 603 1223 652 1218 678 1225 696 1229 697 1229 699 1229 700 1229 701 1229 707 1225 716 1218 1052 1218 1066 1225 1072 1229 1073 1229 1075 1229 1076 1229 1078 1229 1094 1225 1115 1219 1122 1225 1128 1229 1130 1229 1131 1229 1133 1231 1179 1231 1179 1229 1180 1229 1192 1225 1212 1218 1221 1225 1225 1229 1226 1229 1228 1229 1229 1229 1264 1225 1289 1222 1301 1225 1314 1229 1316 1229 1317 1229 1340 1225 1357 1222 1403 1225 1441 1228 1442 1228 1456 1225 1484 1219 1516 1225 1539 1229 1540 1229 1656 1225 1656 1200 1656 1155 1619 1155 1618 1155 1616 1155 1615 1155 1598 1168 1424 1168 1386 1155 1384 1155 1383 1155 1280 1167 1203 1155 1201 1155 1200 1155 1198 1155 1183 1167 1055 1160 1054 1160 948 1167 923 1155 922 1155 849 1155 847 1155 846 1155 817 1167 786 1160 785 1160 783 1160 733 1167 719 1157 718 1157 716 1157 715 1157 646 1167 632 1155 630 1155 629 1155 603 1155 603 1200"/></Shape>
	    <String CONTENT="&amp; ipſe, &amp; doctrina Euangelij grauabatur, quaſi"
                    HPOS="603"
                    VPOS="1155"
                    WIDTH="1053"
                    HEIGHT="76"
                    WC="0.984895202128784"></String>
          </TextLine>

          
          
          <TextLine ID="eSc_line_5fcc9ddb"
                    TAGREFS="LT4119"
                    BASELINE="603 1259 1658 1259" 
                    HPOS="603"
                    VPOS="1212"
                    WIDTH="1055"
                    HEIGHT="77">
            <Shape><Polygon POINTS="603 1259 603 1280 635 1287 636 1287 638 1287 639 1287 639 1286 646 1281 651 1277 737 1277 746 1281 758 1287 759 1287 761 1289 798 1289 798 1287 800 1287 820 1281 837 1277 847 1281 859 1287 861 1287 862 1289 926 1289 926 1287 928 1287 929 1287 929 1286 935 1281 941 1277 974 1277 984 1281 991 1287 993 1287 994 1287 996 1289 1122 1289 1122 1287 1146 1283 1173 1277 1186 1283 1195 1287 1197 1287 1198 1287 1200 1287 1215 1283 1237 1277 1250 1283 1259 1287 1261 1287 1262 1287 1282 1283 1302 1279 1316 1283 1326 1287 1328 1287 1329 1287 1331 1287 1332 1287 1337 1283 1344 1277 1359 1284 1360 1284 1362 1284 1363 1284 1378 1284 1458 1277 1481 1284 1491 1287 1493 1287 1494 1287 1516 1284 1566 1277 1577 1284 1580 1287 1582 1287 1583 1287 1585 1287 1600 1284 1630 1279 1655 1284 1658 1259 1658 1221 1644 1212 1643 1212 1641 1212 1640 1212 1638 1212 1606 1223 1604 1225 1534 1225 1533 1223 1518 1212 1516 1212 1515 1212 1514 1212 1512 1212 1485 1221 1414 1213 1412 1213 1411 1213 1392 1222 1387 1223 1384 1222 1360 1213 1359 1213 1357 1213 1356 1213 1335 1222 1332 1223 1328 1222 1305 1212 1304 1212 1302 1212 1301 1212 1274 1222 1267 1225 1221 1225 1216 1221 1204 1212 1203 1212 1201 1212 1200 1212 1198 1212 1177 1221 1170 1225 1142 1225 1137 1221 1127 1212 1125 1212 1124 1212 1122 1212 1121 1212 1099 1221 1090 1223 1075 1221 1039 1212 969 1212 968 1212 966 1212 948 1219 938 1223 881 1219 831 1215 829 1215 828 1215 820 1219 809 1225 754 1225 745 1218 737 1212 736 1212 734 1212 707 1212 706 1212 704 1212 703 1212 703 1213 697 1218 691 1223 673 1218 655 1212 654 1212 652 1212 603 1216 603 1259"/></Shape>
	    <String CONTENT="Dei Legem, quæ ſacroſancta eſt, &amp; Prophetarũ"
                    HPOS="603"
                    VPOS="1212"
                    WIDTH="1055"
                    HEIGHT="77"
                    WC="0.987300807899899"></String>
          </TextLine>

          
          
          <TextLine ID="eSc_line_689ce88c"
                    TAGREFS="LT4119"
                    BASELINE="602 1319 1664 1319" 
                    HPOS="602"
                    VPOS="1273"
                    WIDTH="1062"
                    HEIGHT="75">
            <Shape><Polygon POINTS="602 1334 719 1341 721 1341 722 1341 740 1337 751 1334 754 1337 759 1342 761 1342 762 1342 764 1342 765 1342 767 1342 776 1337 800 1347 801 1347 803 1348 850 1348 850 1347 852 1347 853 1347 867 1338 874 1334 932 1334 942 1338 956 1347 957 1347 959 1347 960 1348 1033 1348 1033 1347 1035 1347 1048 1339 1058 1335 1124 1341 1131 1341 1133 1341 1134 1341 1152 1334 1161 1341 1167 1347 1168 1347 1170 1347 1171 1348 1192 1348 1192 1347 1194 1347 1195 1347 1203 1342 1216 1334 1363 1334 1372 1341 1374 1341 1375 1341 1377 1341 1467 1334 1522 1345 1530 1347 1531 1348 1664 1348 1664 1319 1664 1284 1566 1283 1552 1273 1551 1273 1549 1273 1516 1273 1515 1273 1514 1273 1512 1273 1502 1281 1500 1283 1494 1281 1454 1273 1453 1273 1451 1273 1423 1281 1415 1283 1406 1281 1381 1273 1380 1273 1378 1273 1377 1273 1375 1273 1363 1280 1357 1284 1322 1284 1310 1280 1284 1273 1283 1273 1282 1273 1280 1273 1264 1280 1253 1284 1200 1284 1183 1279 1165 1273 1164 1273 1163 1273 1161 1273 1151 1279 1140 1284 1009 1284 986 1276 972 1273 971 1273 969 1273 968 1273 966 1273 966 1274 963 1276 954 1284 874 1284 862 1276 862 1274 861 1274 859 1274 809 1273 807 1273 798 1274 761 1283 734 1274 731 1273 730 1273 728 1273 713 1273 636 1280 603 1273 602 1319 602 1334"/></Shape>
	    <String CONTENT="teſtimonijs confirmata, ſperneret &amp; damnaret"
                    HPOS="602"
                    VPOS="1273"
                    WIDTH="1062"
                    HEIGHT="75"
                    WC="0.989004839550365"></String>
          </TextLine>

          
          
          <TextLine ID="eSc_line_204a86dc"
                    TAGREFS="LT4119"
                    BASELINE="603 1374 1656 1377" 
                    HPOS="603"
                    VPOS="1329"
                    WIDTH="1053"
                    HEIGHT="77">
            <Shape><Polygon POINTS="603 1374 603 1393 767 1390 779 1396 783 1399 785 1399 786 1399 788 1399 789 1399 798 1396 816 1390 844 1396 877 1403 878 1403 880 1403 881 1403 889 1397 895 1392 913 1397 914 1397 916 1397 917 1397 919 1397 920 1397 931 1390 1012 1390 1042 1390 1052 1399 1058 1403 1060 1403 1061 1403 1183 1405 1185 1405 1186 1405 1188 1405 1194 1400 1207 1392 1331 1392 1356 1402 1362 1405 1363 1405 1365 1405 1366 1405 1368 1405 1371 1402 1378 1397 1424 1403 1444 1405 1445 1405 1447 1405 1448 1405 1450 1403 1467 1392 1531 1392 1554 1405 1555 1405 1557 1405 1558 1406 1655 1406 1656 1377 1653 1339 1546 1344 1534 1338 1524 1332 1522 1332 1521 1332 1490 1337 1475 1339 1457 1337 1427 1332 1426 1332 1424 1332 1423 1332 1418 1337 1406 1345 1334 1345 1320 1335 1319 1334 1317 1334 1316 1334 1314 1334 1299 1335 1244 1344 1213 1335 1206 1332 1204 1332 1203 1332 1201 1332 1195 1334 1171 1344 1148 1334 1143 1332 1142 1332 1140 1332 1139 1332 1137 1332 1136 1334 1122 1342 959 1335 957 1335 755 1342 739 1331 737 1331 736 1331 603 1329 603 1374"/></Shape>
	    <String CONTENT="Paulus tanquam vanam doctrinam, quia Genea¬"
                    HPOS="603"
                    VPOS="1329"
                    WIDTH="1053"
                    HEIGHT="77"
                    WC="0.999492514965146"></String>
          </TextLine>

          
          
          <TextLine ID="eSc_line_eaa7d9c0"
                    TAGREFS="LT4119"
                    BASELINE="603 1435 1658 1435" 
                    HPOS="603"
                    VPOS="1392"
                    WIDTH="1055"
                    HEIGHT="66">
            <Shape><Polygon POINTS="603 1435 603 1458 728 1451 812 1457 831 1458 832 1458 847 1457 898 1451 950 1457 977 1458 978 1458 993 1455 1018 1451 1032 1455 1039 1458 1041 1458 1042 1458 1658 1450 1658 1435 1658 1405 1421 1405 1409 1400 1374 1392 1372 1392 1371 1392 1369 1392 1368 1392 1356 1400 1350 1405 1271 1405 1238 1399 1188 1392 1186 1392 1185 1392 1183 1392 1176 1397 1168 1405 1110 1405 1067 1396 1035 1392 1033 1392 1032 1392 1021 1396 1003 1403 962 1396 939 1392 938 1392 936 1392 926 1395 902 1403 865 1395 852 1392 850 1392 849 1392 841 1395 817 1402 779 1393 770 1392 768 1392 767 1392 764 1393 743 1403 718 1396 716 1396 715 1396 713 1396 697 1403 666 1392 664 1392 663 1392 603 1392 603 1435"/></Shape>
	    <String CONTENT="logias, &amp; huiuſmodi quæſtiones ſuperius re¬"
                    HPOS="603"
                    VPOS="1392"
                    WIDTH="1055"
                    HEIGHT="66"
                    WC="0.996662218903386"></String>
          </TextLine>

          
          
          <TextLine ID="eSc_line_042bbc46"
                    TAGREFS="LT4119"
                    BASELINE="602 1491 1655 1494" 
                    HPOS="602"
                    VPOS="1448"
                    WIDTH="1053"
                    HEIGHT="67">
            <Shape><Polygon POINTS="602 1491 602 1515 1653 1511 1655 1494 1653 1451 1579 1450 1577 1450 1576 1450 1573 1451 1557 1460 1508 1451 1494 1450 1493 1450 1491 1450 1490 1450 1488 1451 1475 1461 1415 1461 1400 1453 1398 1450 1396 1450 1395 1450 1393 1450 1392 1450 1390 1450 1387 1453 1377 1461 1350 1461 1314 1453 1296 1450 1295 1450 1293 1450 1284 1453 1268 1461 1130 1461 1105 1454 1075 1448 1073 1448 1041 1455 1023 1458 965 1455 834 1448 832 1448 831 1448 815 1457 812 1458 806 1457 777 1448 776 1448 774 1448 773 1448 771 1448 761 1457 758 1460 710 1460 707 1457 685 1448 684 1448 682 1448 681 1448 663 1457 620 1450 618 1450 617 1450 602 1457 602 1491"/></Shape>
	    <String CONTENT="prehenderat. Nec verò vno tantùm loco Paulus"
                    HPOS="602"
                    VPOS="1448"
                    WIDTH="1053"
                    HEIGHT="67"
                    WC="0.991128562585167"></String>
          </TextLine>

          
          
          <TextLine ID="eSc_line_55dda81e"
                    TAGREFS="LT4119"
                    BASELINE="602 1551 1656 1554" 
                    HPOS="602"
                    VPOS="1506"
                    WIDTH="1054"
                    HEIGHT="71">
            <Shape><Polygon POINTS="602 1551 602 1571 1508 1567 1512 1569 1530 1576 1531 1576 1533 1577 1613 1577 1613 1576 1655 1567 1656 1554 1655 1508 1619 1508 1618 1508 1616 1508 1591 1521 1490 1521 1454 1509 1450 1508 1448 1508 1344 1508 1342 1508 1341 1508 1337 1511 1317 1521 1265 1521 1237 1511 1225 1508 1224 1508 1168 1508 1167 1508 1165 1508 1164 1508 1158 1512 1145 1519 1027 1513 996 1512 994 1512 951 1513 874 1518 870 1515 861 1508 861 1506 859 1506 858 1506 758 1506 757 1506 755 1506 733 1515 642 1506 641 1506 639 1506 602 1516 602 1551"/></Shape>
	    <String CONTENT="cogitur ſe ab ea graui accuſatione defẽdere, quaſi"
                    HPOS="602"
                    VPOS="1506"
                    WIDTH="1054"
                    HEIGHT="71"
                    WC="0.9964459047598"></String>
          </TextLine>

          
          
          <TextLine ID="eSc_line_08753ae3"
                    TAGREFS="LT4119"
                    BASELINE="603 1610 1650 1613" 
                    HPOS="602"
                    VPOS="1561"
                    WIDTH="1048"
                    HEIGHT="74">
            <Shape><Polygon POINTS="603 1610 602 1624 615 1632 617 1632 618 1632 620 1632 694 1625 1017 1632 1018 1632 1020 1632 1038 1625 1127 1634 1128 1635 1249 1635 1249 1634 1250 1634 1267 1627 1292 1634 1293 1634 1295 1634 1344 1627 1572 1634 1573 1634 1574 1634 1576 1634 1585 1627 1649 1627 1650 1613 1647 1574 1461 1577 1445 1571 1418 1563 1417 1563 1415 1563 1378 1566 1377 1566 1375 1566 1368 1571 1359 1579 1244 1579 1224 1570 1204 1563 1203 1563 1201 1563 1017 1567 1015 1567 1014 1567 1012 1569 1002 1574 991 1569 989 1567 987 1567 986 1567 978 1569 944 1576 920 1567 902 1561 901 1561 850 1561 849 1561 847 1561 834 1567 816 1574 797 1567 785 1561 783 1561 696 1561 694 1561 693 1561 684 1566 672 1573 663 1566 658 1561 657 1561 655 1561 654 1561 603 1564 603 1610"/></Shape>
	    <String CONTENT="Dei Legem damnaret: ſed ſrpius, vti Rom. 7.v."
                    HPOS="602"
                    VPOS="1561"
                    WIDTH="1048"
                    HEIGHT="74"
                    WC="0.979266771343019"></String>
          </TextLine>

          
          
          <TextLine ID="eSc_line_c3393123"
                    TAGREFS="LT4119"
                    BASELINE="603 1667 1650 1673" 
                    HPOS="602"
                    VPOS="1618"
                    WIDTH="1048"
                    HEIGHT="78">
            <Shape><Polygon POINTS="602 1682 687 1690 688 1690 785 1685 816 1683 828 1685 865 1693 867 1693 899 1686 908 1685 920 1686 962 1693 963 1695 1054 1695 1054 1693 1055 1693 1057 1693 1063 1687 1067 1685 1085 1689 1103 1692 1105 1692 1106 1692 1115 1689 1125 1685 1136 1689 1149 1695 1151 1695 1152 1695 1267 1690 1387 1686 1417 1692 1424 1693 1426 1693 1433 1693 1460 1687 1467 1693 1470 1696 1472 1696 1473 1696 1475 1696 1521 1693 1618 1687 1646 1695 1650 1673 1649 1638 1478 1624 1476 1624 1475 1624 1473 1624 1461 1634 1458 1637 1392 1637 1383 1632 1368 1622 1366 1622 1365 1622 1310 1622 1308 1622 1307 1622 1305 1622 1295 1631 1290 1635 1277 1631 1253 1622 1252 1622 1250 1622 1249 1622 1247 1622 1238 1629 1231 1637 1136 1637 1125 1628 1118 1621 1116 1621 1115 1621 1082 1621 1081 1621 1079 1621 1078 1621 1070 1627 1060 1634 1000 1625 977 1622 975 1622 974 1622 968 1625 942 1635 867 1635 831 1622 822 1619 820 1619 819 1619 817 1619 812 1622 788 1632 754 1621 749 1619 748 1619 746 1619 734 1621 638 1632 605 1618 603 1667 602 1682"/></Shape>
	    <String CONTENT="12. &amp; Oalat.3.verſ.24. Ex quo facilè int elligitur,"
                    HPOS="602"
                    VPOS="1618"
                    WIDTH="1048"
                    HEIGHT="78"
                    WC="0.976893602655484"></String>
          </TextLine>

          
          
          <TextLine ID="eSc_line_576713a2"
                    TAGREFS="LT4119"
                    BASELINE="605 1725 1647 1731" 
                    HPOS="603"
                    VPOS="1680"
                    WIDTH="1044"
                    HEIGHT="74">
            <Shape><Polygon POINTS="605 1725 603 1738 629 1747 630 1747 632 1747 739 1741 767 1740 771 1741 789 1750 791 1750 792 1750 914 1744 942 1743 948 1744 968 1751 969 1751 971 1751 972 1751 993 1744 1005 1741 1032 1745 1069 1751 1070 1751 1072 1751 1087 1745 1100 1741 1112 1747 1125 1753 1127 1753 1128 1753 1165 1747 1191 1744 1197 1748 1204 1753 1206 1753 1207 1753 1209 1753 1243 1748 1280 1744 1301 1750 1313 1753 1314 1753 1316 1753 1337 1750 1384 1743 1393 1750 1395 1750 1396 1750 1398 1750 1466 1744 1497 1753 1499 1753 1500 1753 1576 1754 1577 1754 1579 1754 1580 1754 1591 1747 1644 1754 1647 1731 1644 1685 1514 1696 1481 1696 1469 1686 1469 1685 1467 1685 1466 1685 1464 1685 1458 1685 1409 1693 1392 1685 1387 1683 1386 1683 1384 1683 1369 1686 1329 1693 1099 1693 1088 1687 1078 1682 1076 1682 1075 1682 1073 1682 1057 1687 1041 1692 1009 1687 969 1682 968 1682 966 1682 954 1687 945 1693 884 1693 877 1687 867 1680 865 1680 864 1680 798 1680 797 1680 795 1680 794 1680 783 1689 780 1692 709 1692 704 1689 687 1680 685 1680 684 1680 605 1689 605 1725"/></Shape>
	    <String CONTENT="quàm validè &amp; aſtutè oppugnata ſit Euangelij"
                    HPOS="603"
                    VPOS="1680"
                    WIDTH="1044"
                    HEIGHT="74"
                    WC="0.990890457275066"></String>
          </TextLine>

          
          
          <TextLine ID="eSc_line_29f0f9f0"
                    TAGREFS="LT4119"
                    BASELINE="602 1784 1650 1789" 
                    HPOS="602"
                    VPOS="1738"
                    WIDTH="1048"
                    HEIGHT="73">
            <Shape><Polygon POINTS="602 1784 602 1799 864 1798 923 1799 1100 1808 1102 1808 1273 1799 1299 1799 1305 1799 1347 1809 1348 1811 1597 1811 1597 1809 1649 1799 1650 1789 1650 1754 1604 1741 1603 1741 1601 1741 1546 1753 1545 1754 1497 1754 1496 1753 1479 1741 1478 1741 1476 1741 1341 1741 1340 1741 1338 1741 1304 1753 1301 1753 1298 1753 1270 1741 1268 1741 1267 1741 1265 1741 1264 1741 1264 1743 1252 1751 1252 1753 1195 1753 1195 1751 1179 1740 1177 1740 1176 1740 1174 1740 1173 1740 1171 1740 1157 1751 1155 1753 1107 1753 1106 1751 1081 1740 1079 1740 1078 1740 1076 1740 1057 1750 1008 1741 1006 1741 960 1751 956 1751 951 1751 913 1738 911 1738 910 1738 852 1745 820 1738 819 1738 817 1738 816 1738 789 1747 737 1738 736 1738 734 1738 713 1748 685 1738 684 1738 682 1738 681 1738 657 1750 655 1750 602 1750 602 1784"/></Shape>
	    <String CONTENT="doctrina ab iſtis nebulonibus &amp; aërẽ ipſum ſub¬"
                    HPOS="602"
                    VPOS="1738"
                    WIDTH="1048"
                    HEIGHT="73"
                    WC="0.988217369634278"></String>
          </TextLine>

          
          
          <TextLine ID="eSc_line_3a01443c"
                    TAGREFS="LT4119"
                    BASELINE="602 1841 1650 1847" 
                    HPOS="600"
                    VPOS="1793"
                    WIDTH="1050"
                    HEIGHT="80">
            <Shape><Polygon POINTS="602 1841 600 1857 691 1864 693 1864 817 1859 856 1857 905 1859 919 1859 929 1869 931 1869 932 1869 933 1870 1039 1870 1039 1869 1082 1859 1085 1859 1087 1859 1100 1869 1102 1869 1103 1869 1105 1869 1106 1869 1124 1860 1189 1870 1191 1872 1311 1872 1311 1870 1377 1860 1380 1860 1384 1860 1502 1872 1503 1873 1607 1873 1607 1872 1609 1872 1649 1860 1650 1847 1649 1817 1514 1808 1512 1808 1511 1808 1497 1814 1494 1815 1491 1814 1470 1801 1469 1801 1467 1801 1466 1801 1464 1801 1433 1812 1429 1815 1423 1812 1389 1796 1387 1796 1386 1796 1384 1796 1351 1811 1287 1806 1286 1806 1284 1806 1274 1811 1267 1814 1259 1811 1226 1796 1225 1796 1224 1796 1201 1798 1200 1798 1198 1798 1183 1809 1177 1814 1069 1814 1060 1808 1038 1795 1036 1795 1035 1795 1033 1795 1032 1795 1008 1806 997 1812 886 1812 874 1805 850 1793 849 1793 638 1793 636 1793 602 1801 602 1841"/></Shape>
	    <String CONTENT="tilitate ſuarum quęſtionum fatigantibus homini¬"
                    HPOS="600"
                    VPOS="1793"
                    WIDTH="1050"
                    HEIGHT="80"></String>
          </TextLine>

          
          
          <TextLine ID="eSc_line_1068d9c3"
                    TAGREFS="LT4119"
                    BASELINE="603 1902 1655 1906" 
                    HPOS="602"
                    VPOS="1850"
                    WIDTH="1053"
                    HEIGHT="77">
            <Shape><Polygon POINTS="603 1902 602 1914 715 1924 716 1924 817 1915 828 1915 837 1915 956 1925 957 1927 1075 1927 1075 1925 1076 1925 1078 1925 1093 1917 1094 1917 1163 1917 1164 1917 1174 1924 1176 1924 1177 1924 1179 1924 1180 1924 1182 1924 1189 1918 1198 1925 1200 1925 1201 1925 1203 1925 1204 1925 1206 1925 1215 1918 1271 1925 1273 1925 1274 1925 1301 1917 1304 1917 1308 1918 1335 1927 1337 1927 1338 1927 1340 1927 1341 1927 1350 1920 1392 1927 1393 1927 1395 1927 1414 1918 1418 1918 1528 1927 1530 1927 1653 1918 1655 1906 1653 1873 1558 1875 1534 1870 1515 1866 1514 1866 1476 1869 1402 1875 1377 1866 1347 1856 1345 1856 1344 1856 1342 1856 1323 1864 1304 1875 1276 1864 1246 1853 1244 1853 1243 1853 1241 1853 1221 1863 1201 1873 1124 1873 1106 1860 1097 1853 1096 1853 1094 1853 1070 1853 1069 1853 1067 1853 1066 1853 1057 1859 1033 1873 991 1860 990 1860 989 1860 987 1860 957 1873 935 1857 932 1854 931 1854 929 1854 928 1854 926 1854 917 1856 858 1872 820 1854 815 1851 813 1851 603 1850 603 1902"/></Shape>
	    <String CONTENT="bus: quaſi manifeſto Dei verbo eſſet contraria"
                    HPOS="602"
                    VPOS="1850"
                    WIDTH="1053"
                    HEIGHT="77"
                    WC="0.985614267380341"></String>
          </TextLine>

          
          
          <TextLine ID="eSc_line_b794f221"
                    TAGREFS="LT4119"
                    BASELINE="600 1960 1653 1967" 
                    HPOS="599"
                    VPOS="1912"
                    WIDTH="1054"
                    HEIGHT="80">
            <Shape><Polygon POINTS="600 1960 599 1972 617 1982 618 1982 620 1982 621 1982 645 1973 712 1985 713 1985 806 1975 819 1985 819 1986 820 1986 822 1986 823 1986 880 1975 881 1975 928 1986 929 1986 931 1986 932 1986 977 1975 981 1975 1063 1975 1064 1976 1091 1988 1093 1988 1094 1988 1160 1976 1167 1976 1212 1976 1216 1978 1235 1989 1237 1989 1238 1989 1240 1991 1298 1991 1298 1989 1299 1989 1301 1989 1311 1980 1328 1989 1329 1989 1331 1989 1424 1980 1441 1991 1442 1991 1444 1991 1445 1991 1447 1991 1448 1991 1466 1979 1469 1979 1518 1979 1522 1980 1542 1991 1543 1991 1545 1992 1577 1992 1577 1991 1579 1991 1580 1991 1594 1980 1598 1979 1650 1980 1653 1967 1652 1933 1576 1933 1573 1930 1557 1920 1555 1920 1554 1920 1552 1920 1551 1920 1522 1930 1516 1931 1420 1931 1412 1927 1389 1918 1387 1918 1386 1918 1384 1918 1383 1918 1371 1927 1365 1930 1351 1927 1328 1920 1326 1920 1325 1920 1323 1920 1322 1920 1314 1925 1308 1931 1250 1931 1243 1924 1235 1918 1234 1918 1232 1918 1231 1918 1229 1918 1218 1924 1207 1930 1078 1930 1039 1920 1014 1915 945 1915 944 1915 942 1915 935 1918 923 1924 917 1918 914 1915 913 1915 911 1915 910 1915 908 1915 907 1915 904 1918 889 1927 826 1917 810 1914 776 1914 774 1914 773 1914 770 1915 749 1925 713 1915 712 1915 710 1915 709 1915 696 1921 600 1912 600 1960"/></Shape>
	    <String CONTENT="Euangelii puri prædicatio. Quod idem nobis à"
                    HPOS="599"
                    VPOS="1912"
                    WIDTH="1054"
                    HEIGHT="80"
                    WC="0.979425723022885"></String>
          </TextLine>

          
          
          <TextLine ID="eSc_line_57778b44"
                    TAGREFS="LT4119"
                    BASELINE="600 2021 1655 2025" 
                    HPOS="599"
                    VPOS="1973"
                    WIDTH="1056"
                    HEIGHT="77">
            <Shape><Polygon POINTS="600 2021 599 2034 798 2036 810 2046 810 2047 812 2047 813 2047 815 2047 917 2041 950 2049 951 2049 953 2050 1235 2050 1235 2049 1237 2049 1276 2038 1279 2038 1282 2038 1328 2046 1329 2046 1503 2040 1516 2040 1518 2040 1543 2047 1545 2047 1546 2047 1577 2040 1580 2040 1582 2040 1600 2050 1601 2050 1603 2050 1653 2040 1655 2025 1653 1994 1564 1994 1563 1992 1530 1976 1528 1976 1527 1976 1525 1976 1524 1976 1502 1991 1500 1992 1475 1992 1469 1991 1436 1976 1435 1976 1433 1976 1432 1976 1406 1989 1405 1989 1403 1989 1369 1979 1368 1979 1366 1979 1365 1979 1363 1979 1350 1988 1342 1992 1207 1992 1198 1986 1183 1975 1182 1975 1180 1975 1155 1975 1154 1975 1152 1975 1151 1975 1139 1985 1130 1992 1023 1992 1009 1983 996 1975 994 1975 993 1975 962 1975 960 1975 959 1975 957 1975 945 1982 933 1989 908 1982 895 1978 893 1978 892 1978 852 1980 834 1982 831 1980 823 1973 822 1973 820 1973 777 1973 776 1973 774 1973 773 1973 765 1979 752 1989 727 1979 712 1973 710 1973 709 1973 600 1976 600 2021"/></Shape>
	    <String CONTENT="Doctoribus Papiſtarum obiicitur. Sed ex hoc i¬"
                    HPOS="599"
                    VPOS="1973"
                    WIDTH="1056"
                    HEIGHT="77"
                    WC="0.986302098502284"></String>
          </TextLine>

          
          
          <TextLine ID="eSc_line_b61aad64"
                    TAGREFS="LT4119"
                    BASELINE="600 2079 1652 2082" 
                    HPOS="600"
                    VPOS="2033"
                    WIDTH="1052"
                    HEIGHT="75">
            <Shape><Polygon POINTS="600 2079 602 2105 642 2094 762 2094 797 2104 809 2107 810 2107 812 2107 893 2104 895 2104 896 2104 898 2102 911 2094 931 2102 938 2105 939 2105 941 2105 969 2102 1027 2094 1039 2101 1048 2107 1049 2107 1051 2107 1052 2107 1096 2101 1113 2098 1122 2099 1142 2105 1143 2105 1145 2105 1146 2105 1165 2099 1180 2095 1192 2099 1216 2108 1218 2108 1219 2108 1221 2108 1247 2101 1463 2105 1464 2105 1466 2105 1490 2096 1493 2095 1552 2095 1554 2095 1576 2107 1577 2107 1579 2107 1650 2094 1652 2082 1650 2053 1625 2053 1625 2052 1600 2034 1598 2034 1597 2034 1595 2034 1488 2050 1478 2053 1412 2053 1408 2050 1392 2041 1390 2041 1389 2041 1387 2041 1386 2041 1374 2050 1371 2052 1362 2050 1334 2043 1332 2043 1331 2043 1329 2043 1316 2049 1313 2052 1127 2052 1115 2047 1097 2040 1096 2040 1094 2040 1060 2047 1041 2050 1021 2046 986 2038 984 2038 945 2046 926 2049 913 2046 874 2033 873 2033 871 2033 822 2040 812 2033 810 2033 809 2033 645 2033 643 2033 642 2033 641 2033 629 2043 624 2044 600 2043 600 2079"/></Shape>
	    <String CONTENT="pſo loco apparet eos qui tunc temporis tam ſan¬"
                    HPOS="600"
                    VPOS="2033"
                    WIDTH="1052"
                    HEIGHT="75"
                    WC="0.996057155284476"></String>
          </TextLine>

          
          
          <TextLine ID="eSc_line_4fc139c5"
                    TAGREFS="LT4119"
                    BASELINE="603 2135 1655 2143" 
                    HPOS="602"
                    VPOS="2089"
                    WIDTH="1053"
                    HEIGHT="112">
            <Shape><Polygon POINTS="603 2135 602 2183 675 2198 676 2199 797 2199 797 2198 798 2198 832 2183 834 2183 928 2196 929 2196 931 2196 932 2196 954 2181 959 2180 984 2181 1014 2184 1041 2199 1042 2199 1115 2201 1116 2201 1118 2201 1119 2201 1149 2183 1206 2201 1207 2201 1209 2201 1261 2198 1262 2198 1264 2198 1280 2186 1289 2193 1290 2193 1292 2193 1293 2193 1372 2183 1400 2190 1402 2190 1403 2190 1405 2190 1435 2180 1445 2177 1652 2178 1655 2143 1655 2108 1635 2095 1634 2095 1632 2095 1533 2095 1531 2095 1530 2095 1528 2095 1514 2105 1494 2095 1493 2095 1491 2095 1490 2095 1460 2108 1453 2111 1426 2108 1380 2102 1378 2102 1293 2107 1237 2110 1225 2107 1204 2099 1203 2099 1201 2099 1200 2099 1186 2105 1180 2110 1032 2110 1018 2104 978 2091 977 2091 975 2091 974 2091 947 2104 941 2108 816 2108 807 2102 779 2089 777 2089 776 2089 649 2096 630 2089 629 2089 627 2089 626 2089 603 2099 603 2135"/></Shape>
	    <String CONTENT="ctis admonitionibus repugnarent maximè fuiſſe"
                    HPOS="602"
                    VPOS="2089"
                    WIDTH="1053"
                    HEIGHT="112"></String>
          </TextLine>

          
        </TextBlock>
        
        <TextBlock HPOS="1473.5966796875"
                   VPOS="2168.184326171875"
                   WIDTH="180.3687744140625"
                   HEIGHT="49.5068359375"
                   ID="block_0"
                   TAGREFS="BT10534">
          <Shape><Polygon POINTS="1473.6 2168.18 1653.97 2168.18 1653.97 2217.69 1473.6 2217.69 1473.6 2168.18"/></Shape>
          
          
          <TextLine ID="eSc_line_ae18391a"
                    TAGREFS="LT4119"
                    BASELINE="1476 2204 1652 2201" 
                    HPOS="1475"
                    VPOS="2157"
                    WIDTH="177"
                    HEIGHT="76">
            <Shape><Polygon POINTS="1476 2204 1476 2221 1649 2233 1652 2201 1649 2171 1570 2168 1569 2166 1560 2157 1558 2157 1557 2157 1555 2157 1554 2157 1539 2165 1528 2171 1516 2163 1508 2157 1506 2157 1505 2157 1503 2157 1475 2160 1476 2204"/></Shape>
	    <String CONTENT="Iudæos"
                    HPOS="1475"
                    VPOS="2157"
                    WIDTH="177"
                    HEIGHT="76"
                    WC="0.999833226203918"></String>
          </TextLine>

          
        </TextBlock>
        

        
      </PrintSpace>
    </Page>
  </Layout>
</alto>
