<?xml version="1.0" encoding="UTF-8"?>
<alto xmlns:xsi="http://www.w3.org/2001/XMLSchema-instance"
      xmlns="http://www.loc.gov/standards/alto/ns-v4#"
      xsi:schemaLocation="http://www.loc.gov/standards/alto/ns-v4# http://www.loc.gov/standards/alto/v4/alto-4-2.xsd">
  <Description>
    <MeasurementUnit>pixel</MeasurementUnit>
    <sourceImageInformation>
      <fileName>2012936.png</fileName>
      
    </sourceImageInformation>
  </Description>
  
  <Tags>
    <OtherTag ID="BT10544" LABEL="text" DESCRIPTION="block type text"/><OtherTag ID="BT10543" LABEL="NumberingZone" DESCRIPTION="block type NumberingZone"/><OtherTag ID="BT10542" LABEL="MainZone" DESCRIPTION="block type MainZone"/><OtherTag ID="BT10538" LABEL="RunningTitleZone" DESCRIPTION="block type RunningTitleZone"/><OtherTag ID="BT10537" LABEL="DropCapitalZone" DESCRIPTION="block type DropCapitalZone"/><OtherTag ID="BT10536" LABEL="GraphicZone" DESCRIPTION="block type GraphicZone"/><OtherTag ID="BT10535" LABEL="TitlePageZone" DESCRIPTION="block type TitlePageZone"/><OtherTag ID="BT10534" LABEL="QuireMarksZone" DESCRIPTION="block type QuireMarksZone"/><OtherTag ID="BT10533" LABEL="MarginTextZone" DESCRIPTION="block type MarginTextZone"/>
    <OtherTag ID="LT4122" LABEL="default" DESCRIPTION="line type default"/><OtherTag ID="LT4119" LABEL="DefaultLine" DESCRIPTION="line type DefaultLine"/><OtherTag ID="LT4118" LABEL="HeadingLine" DESCRIPTION="line type HeadingLine"/><OtherTag ID="LT4117" LABEL="CustomLine : BiblicalText" DESCRIPTION="line type CustomLine : BiblicalText"/>
  </Tags>
  
  <Layout>
    <Page WIDTH="1807"
          HEIGHT="2677"
          PHYSICAL_IMG_NR="52"
          ID="eSc_dummypage_">
      <PrintSpace HPOS="0"
                  VPOS="0"
                  WIDTH="1807"
                  HEIGHT="2677">
        
        <TextBlock HPOS="628.6151733398438"
                   VPOS="166.9114532470703"
                   WIDTH="89.6409912109375"
                   HEIGHT="50.02284240722656"
                   ID="block_1"
                   TAGREFS="BT10543">
          <Shape><Polygon POINTS="628.615 166.911 718.256 166.911 718.256 216.934 628.615 216.934 628.615 166.911"/></Shape>
          
          
          <TextLine ID="eSc_line_28fb8cb9"
                    TAGREFS="LT4119"
                    BASELINE="635 202 719 202" 
                    HPOS="635"
                    VPOS="157"
                    WIDTH="84"
                    HEIGHT="70">
            <Shape><Polygon POINTS="635 202 635 217 663 227 664 227 666 227 719 217 719 202 719 171 690 157 688 157 687 157 635 160 635 202"/></Shape>
	    <String CONTENT="24"
                    HPOS="635"
                    VPOS="157"
                    WIDTH="84"
                    HEIGHT="70"
                    WC="0.997984558343887"></String>
          </TextLine>

          
        </TextBlock>
        
        <TextBlock HPOS="832.0927124023438"
                   VPOS="148.3002471923828"
                   WIDTH="702.4094848632812"
                   HEIGHT="66.95001220703125"
                   ID="block_0"
                   TAGREFS="BT10538">
          <Shape><Polygon POINTS="832.093 148.3 1534.5 148.3 1534.5 215.25 832.093 215.25 832.093 148.3"/></Shape>
          
          
          <TextLine ID="eSc_line_f145b177"
                    TAGREFS="LT4118"
                    BASELINE="840 199 1528 194" 
                    HPOS="838"
                    VPOS="150"
                    WIDTH="690"
                    HEIGHT="76">
            <Shape><Polygon POINTS="1518 160 1451 160 1450 159 1439 153 1433 153 1418 151 1403 151 1389 151 1374 151 1369 151 1362 159 1359 163 1351 159 1334 150 1329 150 1314 150 1299 150 1287 150 1286 150 1284 150 1273 159 1262 165 1207 159 1174 156 1173 156 1149 159 1125 162 1118 159 1100 150 1099 150 1097 150 1052 151 1051 151 1049 151 1049 153 1044 159 1035 166 983 159 981 159 980 159 978 159 939 166 910 159 884 151 883 151 881 151 838 157 840 199 840 211 890 223 892 223 893 223 920 212 925 211 975 211 980 212 1002 224 1003 224 1005 226 1067 226 1067 224 1069 224 1107 214 1125 209 1131 214 1142 223 1143 223 1145 223 1146 223 1148 223 1167 215 1179 223 1180 223 1182 223 1183 224 1290 224 1290 223 1292 223 1314 215 1338 208 1406 209 1417 217 1424 221 1426 221 1427 221 1429 221 1527 217 1528 194 1525 165 1522 163"/></Shape>
	    <String CONTENT="AD I. PAVL. AD TIM."
                    HPOS="838"
                    VPOS="150"
                    WIDTH="690"
                    HEIGHT="76"
                    WC="0.992256757460142"></String>
          </TextLine>

          
        </TextBlock>
        
        <TextBlock HPOS="597.3473510742188"
                   VPOS="222.01332092285156"
                   WIDTH="1083.8307495117188"
                   HEIGHT="1943.4739837646484"
                   ID="block_2"
                   TAGREFS="BT10542">
          <Shape><Polygon POINTS="597.347 222.013 1681.18 222.013 1681.18 2165.49 597.347 2165.49 597.347 222.013"/></Shape>
          
          
          <TextLine ID="eSc_line_3fdce3ed"
                    TAGREFS="LT4119"
                    BASELINE="629 267 1674 264" 
                    HPOS="627"
                    VPOS="217"
                    WIDTH="1047"
                    HEIGHT="81">
            <Shape><Polygon POINTS="1668 237 1653 233 1643 230 1542 230 1539 229 1505 217 1503 217 1502 217 1500 217 1473 227 1447 217 1445 217 1444 217 1403 224 1365 217 1363 217 1362 217 1360 217 1360 218 1350 227 1347 230 1299 230 1295 227 1276 217 1274 217 1273 217 1271 217 1270 217 1255 227 1249 230 1219 230 1212 226 1189 217 1188 217 1186 217 1185 217 1161 226 1148 230 1107 226 1048 218 1047 218 999 224 960 230 935 224 911 218 910 218 881 218 880 218 878 218 877 218 871 224 862 230 841 224 837 223 835 223 834 223 823 224 783 229 774 223 768 218 767 218 765 218 700 218 699 218 697 218 687 223 673 229 661 223 652 218 651 218 649 218 627 221 629 267 629 284 736 297 737 298 1082 298 1082 297 1146 282 1152 282 1454 282 1473 295 1475 295 1476 295 1478 295 1479 295 1514 282 1524 282 1560 282 1637 295 1638 295 1640 295 1674 281 1674 264 1671 237 1668 237"/></Shape>
	    <String CONTENT="huiuſcemodi occaſiones ab aduerſariis Euange¬"
                    HPOS="627"
                    VPOS="217"
                    WIDTH="1047"
                    HEIGHT="81"
                    WC="0.994699308607313"></String>
          </TextLine>

          
          
          <TextLine ID="eSc_line_20ff6a43"
                    TAGREFS="LT4119"
                    BASELINE="630 327 1682 324" 
                    HPOS="629"
                    VPOS="281"
                    WIDTH="1053"
                    HEIGHT="75">
            <Shape><Polygon POINTS="630 327 630 350 832 355 834 355 856 352 913 342 926 352 931 355 932 355 933 355 935 356 966 356 966 355 968 355 969 355 974 352 990 342 1023 352 1024 352 1026 352 1027 352 1029 352 1030 352 1045 342 1102 342 1110 349 1112 349 1113 349 1115 349 1157 340 1302 340 1319 350 1320 350 1322 350 1323 350 1356 345 1375 352 1378 353 1380 353 1381 355 1528 355 1528 353 1530 353 1533 352 1548 346 1567 352 1570 353 1572 353 1573 353 1680 352 1682 324 1676 282 1644 291 1569 282 1554 281 1552 281 1551 281 1549 281 1548 282 1536 292 1418 292 1389 282 1384 281 1383 281 1381 281 1380 281 1374 282 1342 291 1313 282 1307 281 1305 281 1304 281 1302 281 1301 281 1299 282 1287 291 1221 291 1207 282 1206 281 1204 281 1203 281 1167 281 1165 281 1155 282 1106 292 883 285 881 285 697 291 687 282 685 282 684 282 682 282 629 282 630 327"/></Shape>
	    <String CONTENT="lij apparet tum ex I. ad Corinth.15.tum quòd ad"
                    HPOS="629"
                    VPOS="281"
                    WIDTH="1053"
                    HEIGHT="75"></String>
          </TextLine>

          
          
          <TextLine ID="eSc_line_b16eafcc"
                    TAGREFS="LT4119"
                    BASELINE="627 386 1676 386" 
                    HPOS="627"
                    VPOS="337"
                    WIDTH="1049"
                    HEIGHT="77">
            <Shape><Polygon POINTS="627 406 838 413 840 413 841 413 843 413 852 406 853 404 855 406 867 413 868 413 870 413 871 413 908 406 922 403 928 406 945 413 947 413 948 414 1002 414 1002 413 1003 413 1005 413 1017 404 1021 403 1085 403 1088 404 1097 411 1097 413 1099 413 1100 413 1102 414 1301 414 1301 413 1302 413 1334 403 1337 403 1338 403 1351 410 1353 410 1354 410 1415 403 1423 403 1429 403 1482 413 1484 413 1485 413 1487 413 1500 403 1502 403 1676 403 1676 386 1676 353 1389 353 1381 349 1362 337 1360 337 1359 337 1357 337 1356 337 1314 348 1298 352 1174 352 1167 346 1155 337 1154 337 1152 337 1000 337 999 337 997 337 977 345 960 349 942 343 923 337 922 337 920 337 919 337 908 343 899 348 890 343 878 337 877 337 875 337 852 342 841 345 834 342 825 339 823 339 822 339 820 339 813 342 788 353 759 353 745 342 745 340 743 340 742 340 627 340 627 386"/></Shape>
	    <String CONTENT="Epiſt. ad Galat. &amp; hîc ſuum miniſterium tuetur."
                    HPOS="627"
                    VPOS="337"
                    WIDTH="1049"
                    HEIGHT="77"
                    WC="0.992769406487544"></String>
          </TextLine>

          
          
          <TextLine ID="eSc_line_56d8d547"
                    TAGREFS="LT4119"
                    BASELINE="626 446 1676 443" 
                    HPOS="624"
                    VPOS="398"
                    WIDTH="1052"
                    HEIGHT="74">
            <Shape><Polygon POINTS="626 446 626 464 762 471 764 471 800 465 822 462 846 465 881 471 883 471 884 471 905 466 920 462 926 466 932 471 933 471 935 471 936 472 1011 472 1011 471 1041 466 1070 462 1085 466 1097 471 1099 471 1100 471 1102 471 1109 466 1119 462 1224 468 1265 469 1267 469 1268 469 1270 469 1271 468 1282 461 1329 461 1386 468 1396 469 1398 469 1408 468 1464 461 1512 469 1516 469 1518 469 1519 469 1521 469 1533 461 1552 468 1554 468 1555 469 1555 468 1557 468 1576 461 1591 469 1592 469 1594 469 1595 469 1597 469 1598 469 1610 462 1673 469 1676 443 1671 408 1631 408 1630 408 1609 398 1607 398 1606 398 1561 408 1558 408 1557 408 1533 398 1531 398 1530 398 1528 398 1511 408 1508 410 1393 410 1392 408 1381 400 1381 398 1380 398 1378 398 1377 398 1375 398 1348 406 1305 398 1304 398 1302 398 1301 398 1284 408 1283 408 1225 398 1224 398 1222 398 1221 398 1204 408 1201 408 1064 400 1063 400 1061 400 1035 410 1032 411 914 411 911 410 877 400 875 400 874 400 873 400 849 408 779 400 777 400 776 400 774 400 765 408 696 410 679 410 678 410 641 400 639 400 638 400 636 400 635 400 624 406 626 446"/></Shape>
	    <String CONTENT="Secunda ratio cur ſuum Apoſtolatum Paulus"
                    HPOS="624"
                    VPOS="398"
                    WIDTH="1052"
                    HEIGHT="74"
                    WC="0.988171378286873"></String>
          </TextLine>

          
          
          <TextLine ID="eSc_line_be725504"
                    TAGREFS="LT4119"
                    BASELINE="624 504 1674 504" 
                    HPOS="624"
                    VPOS="459"
                    WIDTH="1050"
                    HEIGHT="68">
            <Shape><Polygon POINTS="624 504 624 527 1674 522 1674 504 1673 468 1469 469 1466 468 1456 459 1454 459 1453 459 1420 459 1418 459 1417 459 1415 459 1405 468 1402 471 1224 471 1216 468 1170 459 1168 459 1096 468 1064 459 1063 459 899 459 898 459 837 466 774 459 773 459 697 469 669 459 667 459 666 459 664 459 624 469 624 504"/></Shape>
	    <String CONTENT="cõmendet, eſt, vt Timotheo, quem exhortaturus"
                    HPOS="624"
                    VPOS="459"
                    WIDTH="1050"
                    HEIGHT="68"
                    WC="0.986248649980711"></String>
          </TextLine>

          
          
          <TextLine ID="eSc_line_5626fc98"
                    TAGREFS="LT4119"
                    BASELINE="624 562 1670 560" 
                    HPOS="623"
                    VPOS="514"
                    WIDTH="1047"
                    HEIGHT="77">
            <Shape><Polygon POINTS="624 562 624 580 657 590 658 590 660 591 713 591 713 590 715 590 716 590 730 581 777 590 779 590 841 581 846 581 850 581 914 590 916 591 986 591 986 590 987 590 989 590 1002 581 1003 581 1014 582 1081 590 1082 590 1084 590 1100 582 1106 580 1216 580 1232 582 1264 590 1265 590 1366 588 1368 588 1383 584 1396 580 1429 584 1476 590 1478 590 1479 590 1481 590 1488 584 1490 584 1497 590 1499 590 1500 590 1502 590 1668 584 1670 560 1667 527 1616 527 1592 514 1591 514 1503 514 1502 514 1500 514 1499 514 1481 526 1386 517 1384 517 1383 517 1381 517 1372 524 1326 519 1325 519 1274 526 1244 514 1243 514 1183 514 1182 514 1180 514 1155 526 1035 516 1033 516 950 526 932 514 931 514 929 514 768 514 767 514 765 514 764 514 755 522 660 519 658 519 657 519 623 527 624 562"/></Shape>
	    <String CONTENT="erat ad difficile certamen ſuſcipiendum, ſeipſum"
                    HPOS="623"
                    VPOS="514"
                    WIDTH="1047"
                    HEIGHT="77"
                    WC="0.9900730351607"></String>
          </TextLine>

          
          
          <TextLine ID="eSc_line_8ce10ecf"
                    TAGREFS="LT4119"
                    BASELINE="626 618 1673 623" 
                    HPOS="624"
                    VPOS="575"
                    WIDTH="1049"
                    HEIGHT="74">
            <Shape><Polygon POINTS="626 618 624 639 834 646 835 646 837 646 838 646 846 639 847 639 917 639 926 639 968 646 969 646 1005 639 1011 639 1012 639 1023 648 1024 648 1026 648 1027 649 1119 649 1119 648 1176 639 1186 639 1195 639 1253 648 1255 648 1256 648 1289 639 1293 639 1296 639 1323 649 1325 649 1326 649 1328 649 1359 640 1475 640 1491 649 1493 649 1494 649 1496 649 1497 649 1527 640 1573 648 1574 648 1671 639 1673 623 1671 590 1616 580 1572 580 1570 580 1569 580 1567 580 1558 587 1557 590 1460 590 1454 585 1441 580 1439 580 1438 580 1409 585 1393 588 1350 584 1307 581 1305 581 1290 584 1277 587 1265 584 1247 578 1246 578 1244 578 1149 582 1026 587 981 580 962 577 960 577 959 577 957 577 954 580 944 585 841 578 822 577 820 577 810 577 727 585 626 575 626 618"/></Shape>
	    <String CONTENT="in exemplum proponeret, in quo ſumma Dei"
                    HPOS="624"
                    VPOS="575"
                    WIDTH="1049"
                    HEIGHT="74"
                    WC="0.999321618676186"></String>
          </TextLine>

          
          
          <TextLine ID="eSc_line_15034434"
                    TAGREFS="LT4119"
                    BASELINE="630 679 1673 679" 
                    HPOS="630"
                    VPOS="635"
                    WIDTH="1043"
                    HEIGHT="74">
            <Shape><Polygon POINTS="630 679 630 707 685 697 721 707 724 707 725 707 727 707 733 707 776 697 801 706 806 707 807 707 809 709 892 709 892 707 893 707 895 707 896 704 902 700 913 704 920 707 922 707 923 709 1049 709 1049 707 1051 707 1052 707 1058 703 1067 697 1084 703 1096 707 1097 707 1099 707 1100 707 1113 703 1128 697 1445 697 1450 698 1458 706 1460 706 1461 706 1463 706 1464 706 1490 700 1604 707 1606 707 1607 707 1628 697 1630 697 1673 697 1673 679 1673 648 1652 648 1638 636 1638 635 1637 635 1635 635 1634 635 1632 635 1601 648 1534 648 1521 636 1519 636 1518 636 1516 636 1461 646 1442 635 1441 635 1439 635 1438 635 1375 648 1256 648 1234 636 1232 636 1231 636 1229 636 1189 646 1174 635 1173 635 1171 635 1170 635 1103 642 1058 635 1057 635 1055 635 1029 646 977 635 975 635 907 646 870 635 868 635 867 635 865 635 819 646 792 635 791 635 673 635 672 635 670 635 630 646 630 679"/></Shape>
	    <String CONTENT="potentia, vis, miſericordia, &amp; virtus illuxit, ne fa¬"
                    HPOS="630"
                    VPOS="635"
                    WIDTH="1043"
                    HEIGHT="74"
                    WC="0.993242899201951"></String>
          </TextLine>

          
          
          <TextLine ID="eSc_line_f81ba17c"
                    TAGREFS="LT4119"
                    BASELINE="624 739 1671 739" 
                    HPOS="624"
                    VPOS="694"
                    WIDTH="1047"
                    HEIGHT="76">
            <Shape><Polygon POINTS="624 739 624 755 699 765 700 767 777 767 777 765 779 765 807 756 853 768 855 768 856 768 858 768 892 759 971 768 972 768 1079 756 1116 768 1118 768 1119 768 1121 768 1145 756 1284 756 1308 767 1310 767 1311 767 1386 756 1414 768 1415 768 1417 770 1534 770 1534 768 1536 768 1569 759 1601 768 1603 768 1604 768 1606 768 1607 768 1625 756 1671 755 1671 739 1671 694 1635 694 1634 694 1632 694 1631 694 1616 707 1531 707 1508 694 1506 694 1505 694 1503 694 1472 707 1386 707 1365 694 1363 694 1362 694 1360 694 1359 694 1356 694 1323 706 1259 696 1250 694 1249 694 1235 696 1154 707 1094 707 1079 696 1078 694 1076 694 1075 694 1073 694 1063 696 1018 706 861 697 806 694 804 694 803 694 792 697 768 704 749 697 740 694 739 694 737 694 624 697 624 739"/></Shape>
	    <String CONTENT="tiſceret, aut expaueſceret Timotheus. Ita verò"
                    HPOS="624"
                    VPOS="694"
                    WIDTH="1047"
                    HEIGHT="76"
                    WC="0.993238178973502"></String>
          </TextLine>

          
          
          <TextLine ID="eSc_line_b6c02d1c"
                    TAGREFS="LT4119"
                    BASELINE="623 795 1661 798" 
                    HPOS="623"
                    VPOS="752"
                    WIDTH="1038"
                    HEIGHT="65">
            <Shape><Polygon POINTS="623 795 623 817 1659 813 1661 798 1659 767 1616 767 1616 765 1603 755 1603 754 1601 754 1600 754 1598 754 1472 765 1466 767 1433 767 1432 765 1417 754 1415 754 1414 754 1412 754 1411 754 1377 765 1375 765 1374 765 1328 755 1326 755 1271 765 1267 765 1265 765 1244 754 1243 754 1191 754 1189 754 1188 754 1186 754 1186 755 1174 765 1173 765 1170 765 1140 758 1139 758 1076 764 1029 752 1027 752 991 752 990 752 989 752 987 752 987 754 974 764 974 765 829 765 828 764 809 752 807 752 806 752 779 752 777 752 776 752 774 752 759 764 758 765 736 765 734 764 724 755 724 754 722 754 721 754 719 754 623 762 623 795"/></Shape>
	    <String CONTENT="totum ſuum miniſterium aſſerit Paulus, vt illius"
                    HPOS="623"
                    VPOS="752"
                    WIDTH="1038"
                    HEIGHT="65"
                    WC="0.986986260861158"></String>
          </TextLine>

          
          
          <TextLine ID="eSc_line_3132d8e1"
                    TAGREFS="LT4119"
                    BASELINE="623 853 1661 859" 
                    HPOS="621"
                    VPOS="807"
                    WIDTH="1040"
                    HEIGHT="74">
            <Shape><Polygon POINTS="623 853 621 877 794 878 795 878 797 878 801 877 819 870 849 877 859 878 861 878 862 878 867 877 877 871 884 877 889 880 890 880 892 880 893 880 895 880 905 877 916 872 972 875 1035 880 1036 880 1038 880 1039 880 1045 875 1055 871 1130 871 1139 875 1152 881 1154 881 1155 881 1206 875 1226 872 1238 874 1270 881 1271 881 1345 874 1368 872 1420 874 1640 881 1641 881 1643 881 1659 872 1661 859 1661 823 1644 812 1643 812 1641 812 1570 812 1569 812 1567 812 1537 825 1536 826 1402 826 1395 823 1335 810 1334 810 1332 810 1331 810 1311 823 1283 810 1282 810 1280 810 1279 810 1277 810 1256 823 1253 825 1192 825 1189 823 1174 812 1173 812 1171 812 1125 809 1124 809 1055 822 1052 823 978 823 977 822 947 809 945 809 944 809 942 809 899 820 884 807 883 807 881 807 880 807 812 820 810 820 757 809 755 809 754 809 752 809 740 817 703 812 701 812 700 812 699 812 685 820 672 809 672 807 670 807 669 807 667 807 666 807 664 807 646 820 645 820 623 820 623 853"/></Shape>
	    <String CONTENT="gloriam &amp; laudem vni Deo vindicet, non ſibi,"
                    HPOS="621"
                    VPOS="807"
                    WIDTH="1040"
                    HEIGHT="74"
                    WC="0.959488943219185"></String>
          </TextLine>

          
          
          <TextLine ID="eSc_line_d034aa3d"
                    TAGREFS="LT4119"
                    BASELINE="621 913 1665 917" 
                    HPOS="620"
                    VPOS="870"
                    WIDTH="1045"
                    HEIGHT="74">
            <Shape><Polygon POINTS="621 913 620 933 713 941 715 941 716 941 718 941 718 939 725 933 730 931 771 931 776 933 782 939 783 939 785 939 825 941 826 941 828 941 829 941 829 939 837 933 841 931 867 931 889 933 933 941 935 941 936 941 959 933 968 931 974 933 987 942 989 942 990 942 991 944 1052 944 1052 942 1054 942 1055 942 1066 933 1069 932 1170 932 1174 933 1188 939 1189 939 1191 939 1247 933 1262 932 1265 933 1282 942 1283 942 1284 942 1341 933 1342 933 1344 933 1381 944 1383 944 1384 944 1445 933 1467 944 1469 944 1470 944 1472 944 1496 935 1604 944 1606 944 1664 932 1665 917 1665 886 1615 872 1613 872 1552 872 1551 872 1549 872 1516 884 1515 884 1250 884 1247 883 1224 875 1222 875 1221 875 1139 883 1124 883 1121 881 1099 871 1097 871 1096 871 991 881 969 883 935 883 933 881 920 870 919 870 917 870 916 870 853 877 783 870 782 870 780 870 779 870 767 878 703 870 701 870 700 870 673 880 666 881 621 880 621 913"/></Shape>
	    <String CONTENT="non bonis ſuis operibus, aut præparationibus."
                    HPOS="620"
                    VPOS="870"
                    WIDTH="1045"
                    HEIGHT="74"
                    WC="0.989270391729143"></String>
          </TextLine>

          
          
          <TextLine ID="eSc_line_2812e44c"
                    TAGREFS="LT4119"
                    BASELINE="621 974 1667 974" 
                    HPOS="621"
                    VPOS="929"
                    WIDTH="1046"
                    HEIGHT="74">
            <Shape><Polygon POINTS="621 974 621 993 627 999 629 999 630 999 632 999 633 999 658 990 701 999 703 999 754 990 789 1002 791 1002 792 1002 794 1002 840 990 873 1002 874 1002 875 1002 931 990 975 1002 977 1002 978 1003 1176 1003 1176 1002 1177 1002 1210 990 1235 1002 1237 1002 1238 1003 1295 1003 1295 1002 1296 1002 1298 1002 1316 990 1411 990 1427 1000 1429 1000 1430 1000 1432 1000 1433 1000 1458 990 1499 999 1500 999 1502 999 1530 990 1558 999 1560 999 1561 999 1563 999 1564 999 1577 990 1667 990 1667 974 1667 944 1409 944 1387 939 1316 929 1314 929 1313 929 1282 938 1267 942 1259 938 1246 929 1244 929 1243 929 1241 929 1201 938 1197 938 1194 936 1174 929 1173 929 1171 929 1170 929 1168 929 1160 936 1152 944 1122 944 1100 936 1076 929 1075 929 1073 929 1072 929 1055 935 1039 941 1011 935 989 931 987 931 986 931 977 935 960 942 913 942 901 933 896 929 895 929 893 929 892 929 852 932 798 938 771 932 759 929 758 929 757 929 755 929 754 929 751 932 734 942 687 931 678 929 676 929 621 929 621 974"/></Shape>
	    <String CONTENT="Hoc ſignificat Gartiam habeo, Gratiæ enim a¬"
                    HPOS="621"
                    VPOS="929"
                    WIDTH="1046"
                    HEIGHT="74"
                    WC="0.972617496143688"></String>
          </TextLine>

          
          
          <TextLine ID="eSc_line_e4ff3591"
                    TAGREFS="LT4119"
                    BASELINE="624 1029 1667 1035" 
                    HPOS="624"
                    VPOS="996"
                    WIDTH="1043"
                    HEIGHT="67">
            <Shape><Polygon POINTS="624 1029 624 1057 881 1045 920 1055 938 1060 939 1060 941 1061 990 1061 990 1060 991 1060 1002 1054 1017 1047 1038 1054 1054 1060 1055 1060 1057 1061 1103 1061 1103 1060 1105 1060 1119 1054 1134 1047 1143 1052 1154 1061 1155 1061 1157 1061 1158 1063 1256 1063 1256 1061 1258 1061 1259 1061 1270 1052 1276 1048 1351 1048 1360 1051 1383 1061 1384 1061 1386 1061 1387 1061 1389 1061 1402 1051 1405 1048 1420 1051 1475 1063 1476 1063 1531 1049 1536 1049 1539 1049 1577 1057 1579 1057 1665 1048 1667 1035 1665 1003 624 996 624 1029"/></Shape>
	    <String CONTENT="guntur bene ficiorum nomine acceptorum: non"
                    HPOS="624"
                    VPOS="996"
                    WIDTH="1043"
                    HEIGHT="67"
                    WC="0.975612687510113"></String>
          </TextLine>

          
          
          <TextLine ID="eSc_line_75088d5c"
                    TAGREFS="LT4119"
                    BASELINE="620 1088 1662 1091" 
                    HPOS="620"
                    VPOS="1049"
                    WIDTH="1042"
                    HEIGHT="67">
            <Shape><Polygon POINTS="620 1088 620 1110 1113 1105 1125 1107 1143 1115 1145 1115 1146 1116 1237 1116 1237 1115 1238 1115 1261 1107 1265 1106 1270 1107 1287 1115 1289 1115 1290 1115 1331 1107 1340 1106 1363 1107 1509 1115 1511 1115 1512 1115 1545 1106 1546 1106 1548 1106 1624 1115 1625 1115 1627 1115 1661 1105 1662 1091 1662 1060 1638 1051 1637 1051 1635 1051 1557 1058 1482 1051 1481 1051 1423 1058 1421 1058 1409 1051 1408 1051 1406 1051 1405 1051 1403 1051 1387 1058 1387 1060 1164 1060 1160 1058 1131 1049 1130 1049 1128 1049 620 1055 620 1088"/></Shape>
	    <String CONTENT="autem meritorum à nobis aut operum collatorũ."
                    HPOS="620"
                    VPOS="1049"
                    WIDTH="1042"
                    HEIGHT="67"
                    WC="0.997152894101244"></String>
          </TextLine>

          
          
          <TextLine ID="eSc_line_7fde0f81"
                    TAGREFS="LT4119"
                    BASELINE="617 1152 1665 1149" 
                    HPOS="615"
                    VPOS="1100"
                    WIDTH="1050"
                    HEIGHT="77">
            <Shape><Polygon POINTS="617 1152 617 1177 654 1176 655 1176 657 1176 657 1174 670 1164 731 1164 748 1176 749 1176 751 1176 752 1177 807 1177 807 1176 809 1176 810 1176 831 1164 942 1164 963 1174 968 1176 969 1176 971 1176 991 1173 1054 1164 1099 1171 1115 1174 1116 1174 1118 1174 1127 1171 1154 1163 1225 1163 1250 1170 1265 1174 1267 1174 1268 1176 1328 1176 1328 1174 1329 1174 1341 1168 1354 1163 1398 1163 1406 1168 1418 1174 1420 1174 1421 1174 1577 1165 1597 1165 1601 1165 1653 1174 1655 1174 1656 1174 1658 1174 1665 1167 1665 1149 1661 1115 1585 1115 1583 1115 1554 1100 1552 1100 1551 1100 1549 1100 1508 1115 1506 1115 1505 1115 1485 1102 1484 1102 1482 1102 1447 1100 1445 1100 1444 1100 1442 1100 1418 1115 1415 1116 1316 1116 1313 1115 1289 1100 1287 1100 1286 1100 1253 1100 1252 1100 1250 1100 1221 1115 1219 1115 1216 1115 1171 1103 1170 1103 1168 1103 1167 1103 1139 1115 1136 1116 1042 1116 1039 1115 1024 1102 1023 1102 1021 1102 1020 1102 1018 1102 974 1115 966 1116 959 1115 938 1107 936 1107 935 1107 933 1107 932 1107 920 1115 916 1116 877 1116 875 1115 840 1102 838 1102 716 1102 715 1102 713 1102 712 1102 697 1112 687 1103 687 1102 685 1102 684 1102 641 1102 639 1102 638 1102 615 1112 617 1152"/></Shape>
	    <String CONTENT="Christo) Deum eſſe ex eo intelligimus Chriſtum,"
                    HPOS="615"
                    VPOS="1100"
                    WIDTH="1050"
                    HEIGHT="77"
                    WC="0.98864273187962"></String>
          </TextLine>

          
          
          <TextLine ID="eSc_line_fd5e29cd"
                    TAGREFS="LT4119"
                    BASELINE="617 1206 1664 1209" 
                    HPOS="617"
                    VPOS="1164"
                    WIDTH="1047"
                    HEIGHT="65">
            <Shape><Polygon POINTS="617 1206 617 1229 1662 1229 1664 1209 1662 1176 1473 1165 1472 1165 1470 1165 1447 1174 1445 1174 1442 1174 1365 1165 1363 1165 1362 1165 1338 1174 1337 1176 1255 1176 1250 1174 1219 1165 1218 1165 1216 1165 1151 1174 1142 1174 1133 1174 1067 1164 1066 1164 762 1173 730 1173 724 1173 678 1164 676 1164 617 1171 617 1206"/></Shape>
	    <String CONTENT="cui &amp; vocatio, &amp; virtus conferens dona falutaria"
                    HPOS="617"
                    VPOS="1164"
                    WIDTH="1047"
                    HEIGHT="65"
                    WC="0.985885202884674"></String>
          </TextLine>

          
          
          <TextLine ID="eSc_line_3610a9b3"
                    TAGREFS="LT4119"
                    BASELINE="615 1265 1658 1268" 
                    HPOS="614"
                    VPOS="1218"
                    WIDTH="1044"
                    HEIGHT="81">
            <Shape><Polygon POINTS="615 1265 614 1281 654 1293 655 1293 657 1293 658 1293 681 1286 759 1296 761 1296 762 1296 785 1284 786 1284 789 1284 817 1292 819 1292 820 1292 865 1286 899 1281 905 1286 913 1292 913 1293 914 1293 916 1293 917 1293 919 1293 920 1293 926 1287 931 1283 978 1281 994 1287 1005 1292 1006 1292 1008 1292 1079 1289 1106 1289 1110 1290 1136 1298 1137 1298 1139 1299 1188 1299 1188 1298 1189 1298 1191 1298 1198 1292 1212 1283 1320 1283 1332 1292 1334 1292 1335 1292 1337 1292 1338 1292 1340 1292 1356 1283 1424 1283 1448 1295 1451 1298 1453 1298 1454 1298 1456 1299 1656 1299 1658 1268 1658 1234 1612 1219 1610 1219 1609 1219 1607 1219 1582 1232 1580 1234 1457 1234 1456 1231 1441 1219 1439 1219 1438 1219 1436 1219 1435 1219 1400 1231 1399 1231 1371 1219 1369 1219 1368 1219 1366 1219 1365 1219 1351 1231 1350 1232 1344 1231 1316 1219 1314 1219 1290 1219 1289 1219 1287 1219 1286 1219 1274 1229 1270 1234 1143 1234 1133 1228 1109 1218 1107 1218 1106 1218 1052 1228 1032 1231 1026 1226 1012 1218 1011 1218 1009 1218 917 1218 916 1218 914 1218 913 1218 899 1226 898 1226 896 1226 883 1221 881 1221 880 1221 878 1221 867 1225 855 1232 789 1232 767 1225 745 1218 743 1218 742 1218 740 1218 724 1223 707 1231 655 1231 646 1223 641 1218 639 1218 638 1218 636 1218 635 1218 615 1222 615 1265"/></Shape>
	    <String CONTENT="&amp; nobis neceſſaria tribuitur 2 Corinth. 3.verſ.5."
                    HPOS="614"
                    VPOS="1218"
                    WIDTH="1044"
                    HEIGHT="81"></String>
          </TextLine>

          
          
          <TextLine ID="eSc_line_1e0ddd5c"
                    TAGREFS="LT4119"
                    BASELINE="618 1326 1441 1325" 
                    HPOS="617"
                    VPOS="1280"
                    WIDTH="824"
                    HEIGHT="68">
            <Shape><Polygon POINTS="618 1326 618 1339 700 1339 704 1341 715 1348 716 1348 718 1348 719 1348 749 1341 754 1341 757 1342 770 1348 771 1348 773 1348 853 1342 883 1341 887 1342 893 1348 895 1348 896 1348 898 1348 899 1348 901 1348 907 1344 913 1339 1176 1347 1277 1348 1279 1348 1292 1347 1368 1339 1438 1348 1441 1325 1438 1293 1414 1293 1402 1281 1402 1280 1400 1280 1399 1280 1398 1280 1396 1280 1350 1292 1229 1280 1228 1280 1226 1280 1200 1293 1066 1293 983 1280 935 1280 933 1280 932 1280 907 1290 846 1280 844 1280 843 1280 841 1280 825 1292 765 1292 734 1280 733 1280 731 1280 730 1280 728 1280 719 1289 696 1281 694 1281 693 1281 691 1281 690 1281 679 1290 629 1286 627 1286 626 1286 624 1286 617 1290 618 1326"/></Shape>
	    <String CONTENT="omnis noſtra idoneitas ex Deo eſt,"
                    HPOS="617"
                    VPOS="1280"
                    WIDTH="824"
                    HEIGHT="68"
                    WC="0.99115950570387"></String>
          </TextLine>

          
          
          <TextLine ID="eSc_line_cca41b93"
                    TAGREFS="LT4119"
                    BASELINE="673 1381 1653 1384" 
                    HPOS="672"
                    VPOS="1337"
                    WIDTH="981"
                    HEIGHT="71">
            <Shape><Polygon POINTS="673 1381 672 1397 740 1406 742 1406 873 1399 902 1406 904 1406 905 1406 907 1406 923 1397 926 1397 996 1397 1002 1397 1042 1406 1044 1406 1045 1406 1076 1397 1082 1397 1091 1397 1164 1408 1165 1408 1212 1399 1255 1408 1256 1408 1258 1408 1276 1399 1350 1406 1351 1406 1453 1399 1467 1408 1469 1408 1470 1408 1472 1408 1652 1397 1653 1384 1652 1351 1450 1351 1447 1350 1387 1338 1386 1338 1384 1338 1360 1350 1344 1338 1342 1338 1341 1338 1314 1338 1313 1338 1311 1338 1310 1338 1296 1350 1270 1338 1268 1338 1212 1338 1210 1338 1209 1338 1173 1350 1171 1350 1168 1350 1134 1337 1133 1337 1131 1337 1045 1347 1024 1337 1023 1337 938 1337 936 1337 935 1337 911 1348 910 1348 810 1341 809 1341 762 1348 761 1348 736 1337 734 1337 696 1337 694 1337 693 1337 673 1345 673 1381"/></Shape>
	    <String CONTENT="Potentem reddidit) Non dicit Paulus, qui me"
                    HPOS="672"
                    VPOS="1337"
                    WIDTH="981"
                    HEIGHT="71"
                    WC="0.989557227423025"></String>
          </TextLine>

          
          
          <TextLine ID="eSc_line_410451b8"
                    TAGREFS="LT4119"
                    BASELINE="612 1441 1661 1444" 
                    HPOS="611"
                    VPOS="1395"
                    WIDTH="1050"
                    HEIGHT="74">
            <Shape><Polygon POINTS="612 1441 611 1461 682 1467 684 1467 713 1461 731 1458 736 1461 740 1466 742 1466 743 1466 745 1466 746 1466 759 1461 768 1458 774 1461 780 1466 782 1466 783 1466 785 1466 822 1461 838 1460 855 1461 902 1467 904 1467 905 1467 907 1467 913 1461 917 1458 932 1461 959 1466 960 1466 962 1466 978 1461 989 1458 1049 1461 1218 1469 1219 1469 1328 1460 1338 1460 1353 1469 1354 1469 1356 1469 1357 1469 1438 1461 1499 1469 1500 1469 1545 1460 1546 1460 1582 1469 1583 1469 1585 1469 1586 1469 1588 1469 1598 1460 1659 1460 1661 1444 1659 1405 1531 1396 1530 1396 1528 1396 1527 1396 1516 1405 1514 1406 1508 1405 1491 1399 1490 1399 1488 1399 1456 1405 1433 1408 1395 1405 1298 1396 1296 1396 1256 1405 1249 1406 1246 1405 1226 1396 1225 1396 1224 1396 1222 1396 1203 1405 1200 1406 1191 1405 1165 1400 1164 1400 1163 1400 1146 1405 1136 1408 1122 1405 1075 1395 1073 1395 1072 1395 1044 1405 1039 1406 1036 1405 1008 1396 1006 1396 929 1395 928 1395 926 1395 896 1405 893 1408 749 1408 746 1406 718 1396 716 1396 715 1396 713 1396 696 1405 632 1397 630 1397 629 1397 612 1405 612 1441"/></Shape>
	    <String CONTENT="tantùm iuuit, ſuſtinuit, erexit: ſed qui reddidit"
                    HPOS="611"
                    VPOS="1395"
                    WIDTH="1050"
                    HEIGHT="74"
                    WC="0.983294004201889"></String>
          </TextLine>

          
          
          <TextLine ID="eSc_line_217b97a2"
                    TAGREFS="LT4119"
                    BASELINE="612 1499 1661 1502" 
                    HPOS="612"
                    VPOS="1455"
                    WIDTH="1049"
                    HEIGHT="69">
            <Shape><Polygon POINTS="612 1499 612 1524 1659 1521 1661 1502 1658 1457 1464 1464 1453 1458 1450 1457 1448 1457 1447 1457 1445 1457 1441 1458 1406 1467 1356 1460 1354 1460 1320 1467 1295 1460 1286 1457 1284 1457 1283 1457 1282 1457 1276 1460 1261 1469 1224 1469 1212 1460 1209 1457 1207 1457 1206 1457 1136 1455 1134 1455 1087 1461 1047 1466 1029 1461 1005 1455 1003 1455 1002 1455 1000 1455 984 1461 980 1464 975 1461 962 1455 960 1455 959 1455 957 1455 956 1455 948 1463 942 1467 666 1467 663 1464 648 1458 646 1458 645 1458 612 1464 612 1499"/></Shape>
	    <String CONTENT="potentem, vt valerem: alibi ait ἱκάνωσε, &amp; robuſtũ"
                    HPOS="612"
                    VPOS="1455"
                    WIDTH="1049"
                    HEIGHT="69"></String>
          </TextLine>

          
          
          <TextLine ID="eSc_line_be899c2f"
                    TAGREFS="LT4119"
                    BASELINE="617 1558 1656 1561" 
                    HPOS="615"
                    VPOS="1512"
                    WIDTH="1041"
                    HEIGHT="74">
            <Shape><Polygon POINTS="617 1558 615 1571 670 1585 672 1585 721 1574 794 1585 795 1585 902 1574 929 1585 931 1585 932 1585 1100 1576 1112 1583 1113 1583 1115 1583 1116 1583 1182 1577 1225 1586 1226 1586 1655 1574 1656 1561 1653 1518 1167 1522 1148 1519 1116 1512 1115 1512 1113 1512 1090 1519 1081 1522 945 1522 938 1519 913 1512 911 1512 910 1512 837 1519 819 1521 816 1519 804 1512 803 1512 801 1512 713 1512 712 1512 710 1512 694 1519 691 1521 687 1519 663 1513 661 1513 660 1513 617 1519 617 1558"/></Shape>
	    <String CONTENT="vt perſiſterẽ. Ergo prorſus extenuat &amp; deiicit vi¬"
                    HPOS="615"
                    VPOS="1512"
                    WIDTH="1041"
                    HEIGHT="74"
                    WC="0.990378873020995"></String>
          </TextLine>

          
          
          <TextLine ID="eSc_line_5e5254dd"
                    TAGREFS="LT4119"
                    BASELINE="612 1618 1658 1621" 
                    HPOS="611"
                    VPOS="1573"
                    WIDTH="1047"
                    HEIGHT="68">
            <Shape><Polygon POINTS="612 1618 611 1632 646 1641 648 1641 1656 1638 1658 1621 1656 1586 1576 1586 1576 1585 1554 1574 1552 1574 1551 1574 1430 1583 1411 1574 1409 1574 1229 1574 1228 1574 1226 1574 1198 1585 1195 1586 1136 1586 1106 1585 1094 1574 1094 1573 1093 1573 1091 1573 1090 1573 1088 1573 1054 1583 1033 1573 1032 1573 1030 1573 1029 1573 1005 1583 1005 1585 902 1585 901 1583 884 1573 883 1573 881 1573 880 1573 878 1573 850 1583 849 1583 816 1573 815 1573 813 1573 751 1580 700 1573 699 1573 697 1573 679 1582 642 1573 641 1573 639 1573 638 1573 612 1582 612 1618"/></Shape>
	    <String CONTENT="res ſuas Paul. quas ſe ab vno Deo fatetur habere"
                    HPOS="611"
                    VPOS="1573"
                    WIDTH="1047"
                    HEIGHT="68"
                    WC="0.993243814756473"></String>
          </TextLine>

          
          
          <TextLine ID="eSc_line_05f848ef"
                    TAGREFS="LT4119"
                    BASELINE="615 1676 1656 1679" 
                    HPOS="615"
                    VPOS="1629"
                    WIDTH="1041"
                    HEIGHT="73">
            <Shape><Polygon POINTS="615 1676 615 1701 667 1695 725 1701 745 1702 746 1702 748 1702 752 1701 767 1693 795 1701 804 1702 806 1702 807 1702 834 1701 907 1693 926 1699 933 1702 935 1702 936 1702 1655 1695 1656 1679 1655 1643 1566 1643 1563 1641 1548 1631 1546 1631 1545 1631 1543 1631 1542 1631 1518 1640 1515 1643 1467 1643 1464 1640 1453 1631 1451 1631 1450 1631 1369 1631 1368 1631 1366 1631 1345 1638 1337 1641 1302 1638 1234 1631 1232 1631 1180 1637 1139 1641 1130 1635 1121 1629 1119 1629 1118 1629 1116 1629 1055 1635 1005 1641 916 1641 908 1634 904 1631 904 1629 902 1629 901 1629 899 1629 835 1632 734 1638 709 1631 701 1629 700 1629 699 1629 615 1629 615 1676"/></Shape>
	    <String CONTENT="Neque hîc de prima ſua ad Euangelium voca¬"
                    HPOS="615"
                    VPOS="1629"
                    WIDTH="1041"
                    HEIGHT="73"
                    WC="0.995395247326341"></String>
          </TextLine>

          
          
          <TextLine ID="eSc_line_10a887a9"
                    TAGREFS="LT4119"
                    BASELINE="603 1735 1656 1738" 
                    HPOS="603"
                    VPOS="1689"
                    WIDTH="1053"
                    HEIGHT="77">
            <Shape><Polygon POINTS="603 1735 603 1759 643 1753 660 1759 667 1762 669 1762 670 1762 672 1762 678 1759 690 1753 696 1759 700 1762 700 1763 701 1763 703 1763 704 1765 884 1765 884 1763 911 1757 933 1753 939 1757 947 1763 948 1763 950 1763 951 1765 1020 1765 1020 1763 1021 1763 1023 1763 1032 1757 1041 1753 1121 1753 1128 1756 1137 1760 1139 1760 1140 1760 1264 1756 1274 1756 1276 1756 1290 1765 1292 1765 1293 1765 1295 1765 1368 1754 1377 1754 1383 1754 1427 1765 1429 1765 1478 1754 1479 1754 1481 1754 1506 1765 1508 1765 1509 1766 1610 1766 1610 1765 1612 1765 1655 1753 1656 1738 1655 1704 1552 1690 1482 1690 1481 1690 1479 1690 1478 1690 1470 1698 1457 1692 1456 1692 1454 1692 1453 1692 1451 1692 1441 1699 1395 1690 1393 1690 1392 1690 1390 1690 1374 1702 1372 1704 1293 1704 1292 1702 1276 1690 1274 1690 1273 1690 1203 1690 1201 1690 1200 1690 1198 1690 1182 1702 1180 1704 1131 1704 1093 1702 1090 1702 1075 1690 1073 1690 1072 1690 1070 1690 1069 1690 1067 1690 1051 1701 1012 1689 1011 1689 1009 1689 933 1701 923 1692 922 1692 920 1692 919 1692 917 1692 896 1699 822 1689 820 1689 728 1701 724 1701 719 1701 630 1689 629 1689 627 1689 603 1699 603 1735"/></Shape>
	    <String CONTENT="tione tantùm, ſed de toto miniſterio ſuo &amp; Apo¬"
                    HPOS="603"
                    VPOS="1689"
                    WIDTH="1053"
                    HEIGHT="77"
                    WC="0.986667999376853"></String>
          </TextLine>

          
          
          <TextLine ID="eSc_line_c569b01c"
                    TAGREFS="LT4119"
                    BASELINE="605 1793 1652 1796" 
                    HPOS="603"
                    VPOS="1750"
                    WIDTH="1049"
                    HEIGHT="76">
            <Shape><Polygon POINTS="605 1793 603 1808 670 1823 672 1823 673 1823 700 1814 728 1823 730 1823 731 1824 855 1824 855 1823 856 1823 858 1823 858 1821 870 1811 938 1811 1003 1823 1005 1824 1105 1824 1105 1823 1106 1823 1134 1812 1173 1820 1174 1820 1176 1820 1203 1812 1259 1820 1261 1820 1262 1820 1284 1812 1448 1812 1476 1824 1478 1824 1479 1826 1585 1826 1585 1824 1586 1824 1588 1824 1604 1812 1650 1812 1652 1796 1650 1763 1470 1763 1470 1762 1458 1753 1458 1751 1457 1751 1456 1751 1454 1751 1411 1759 1348 1751 1347 1751 1345 1751 1344 1751 1332 1762 1331 1763 1232 1763 1231 1762 1206 1751 1204 1751 1203 1751 989 1760 950 1750 948 1750 892 1750 890 1750 889 1750 864 1760 832 1751 831 1751 620 1750 618 1750 617 1750 615 1750 605 1756 605 1793"/></Shape>
	    <String CONTENT="ſtolatu agit. Vires enim à Deo nobis ſuggeri o¬"
                    HPOS="603"
                    VPOS="1750"
                    WIDTH="1049"
                    HEIGHT="76"
                    WC="0.988263150056203"></String>
          </TextLine>

          
          
          <TextLine ID="eSc_line_caca1ae9"
                    TAGREFS="LT4119"
                    BASELINE="606 1850 1652 1853" 
                    HPOS="605"
                    VPOS="1809"
                    WIDTH="1047"
                    HEIGHT="72">
            <Shape><Polygon POINTS="606 1850 605 1878 864 1879 865 1879 867 1879 868 1879 871 1876 877 1873 881 1876 884 1879 886 1879 887 1879 889 1881 978 1881 978 1879 980 1879 981 1879 984 1876 990 1870 1000 1876 1009 1879 1011 1879 1012 1879 1014 1879 1021 1876 1030 1872 1069 1875 1130 1881 1131 1881 1167 1875 1183 1872 1189 1875 1201 1879 1203 1879 1204 1879 1206 1879 1207 1879 1213 1875 1216 1872 1403 1872 1409 1873 1430 1879 1432 1879 1433 1879 1487 1872 1494 1872 1499 1872 1536 1879 1537 1879 1539 1879 1540 1879 1548 1872 1549 1872 1650 1872 1652 1853 1650 1821 1512 1821 1511 1820 1500 1811 1499 1811 1497 1811 1442 1811 1441 1811 1439 1811 1438 1811 1427 1818 1426 1820 1423 1818 1402 1811 1400 1811 1399 1811 1360 1818 1351 1821 1284 1821 1280 1818 1264 1811 1262 1811 1261 1811 1259 1811 1258 1811 1250 1818 1247 1821 1165 1821 1155 1817 1130 1809 1128 1809 1127 1809 1125 1809 1096 1817 1087 1820 991 1820 986 1815 977 1809 975 1809 974 1809 914 1809 913 1809 911 1809 910 1809 901 1815 895 1818 870 1815 828 1809 826 1809 606 1812 606 1850"/></Shape>
	    <String CONTENT="portet ad vocationes noſtras obeundas. Vires e¬"
                    HPOS="605"
                    VPOS="1809"
                    WIDTH="1047"
                    HEIGHT="72"
                    WC="0.983892719796363"></String>
          </TextLine>

          
          
          <TextLine ID="eSc_line_4e4296b0"
                    TAGREFS="LT4119"
                    BASELINE="605 1909 1652 1914" 
                    HPOS="603"
                    VPOS="1867"
                    WIDTH="1049"
                    HEIGHT="72">
            <Shape><Polygon POINTS="605 1909 603 1930 867 1936 868 1936 870 1936 881 1933 910 1925 929 1933 936 1936 938 1936 997 1937 999 1937 1000 1937 1002 1937 1006 1934 1017 1928 1042 1934 1057 1937 1058 1937 1060 1937 1069 1934 1094 1927 1182 1934 1183 1934 1274 1927 1289 1936 1290 1937 1292 1937 1293 1937 1295 1937 1304 1936 1348 1928 1378 1936 1380 1936 1381 1936 1612 1928 1647 1939 1652 1914 1650 1882 1612 1882 1612 1881 1600 1872 1600 1870 1598 1870 1597 1870 1595 1870 1542 1881 1539 1881 1537 1881 1525 1870 1524 1870 1522 1870 1490 1870 1488 1870 1487 1870 1485 1870 1473 1879 1472 1881 1460 1879 1402 1870 1400 1870 1399 1870 1398 1870 1389 1878 1384 1882 1340 1882 1335 1878 1328 1872 1328 1870 1326 1870 1325 1870 1323 1870 1286 1878 1274 1879 1271 1878 1259 1869 1258 1869 1256 1869 1255 1869 1253 1869 1225 1876 1216 1879 1207 1876 1186 1869 1185 1869 1183 1869 1134 1876 1106 1879 1079 1875 1044 1869 1042 1869 1041 1869 1018 1875 997 1879 904 1879 895 1873 887 1867 886 1867 884 1867 834 1867 832 1867 831 1867 829 1867 829 1869 825 1872 817 1878 794 1872 774 1867 773 1867 771 1867 755 1872 730 1878 605 1870 605 1909"/></Shape>
	    <String CONTENT="tiam ad perſeuerandum. Vnde ait idem Paulus"
                    HPOS="603"
                    VPOS="1867"
                    WIDTH="1049"
                    HEIGHT="72"
                    WC="0.986436906249024"></String>
          </TextLine>

          
          
          <TextLine ID="eSc_line_d2032aca"
                    TAGREFS="LT4119"
                    BASELINE="602 1967 1650 1973" 
                    HPOS="600"
                    VPOS="1925"
                    WIDTH="1050"
                    HEIGHT="70">
            <Shape><Polygon POINTS="602 1967 600 1980 646 1991 648 1991 779 1983 788 1991 789 1991 791 1991 792 1991 901 1985 926 1992 928 1992 929 1994 1107 1994 1107 1992 1109 1992 1127 1985 1158 1994 1160 1994 1161 1994 1350 1986 1613 1995 1615 1995 1616 1995 1649 1986 1650 1973 1650 1940 1606 1940 1604 1939 1592 1928 1591 1928 1589 1928 1588 1928 1546 1939 1540 1939 1527 1937 1435 1928 1433 1928 1432 1928 1414 1936 1408 1939 1402 1936 1377 1927 1375 1927 1374 1927 1372 1927 1354 1936 1350 1939 1265 1939 1261 1934 1253 1928 1253 1927 1252 1927 1250 1927 1219 1927 1218 1927 1216 1927 1215 1927 1207 1934 1201 1939 1128 1939 1118 1933 1102 1925 1100 1925 954 1925 953 1925 951 1925 933 1930 913 1936 602 1927 602 1967"/></Shape>
	    <String CONTENT="collocans me in Miniſterio. Hoc idem de nobis"
                    HPOS="600"
                    VPOS="1925"
                    WIDTH="1050"
                    HEIGHT="70"
                    WC="0.988418972492218"></String>
          </TextLine>

          
          
          <TextLine ID="eSc_line_94463a7e"
                    TAGREFS="LT4119"
                    BASELINE="600 2027 1650 2031" 
                    HPOS="599"
                    VPOS="1982"
                    WIDTH="1051"
                    HEIGHT="76">
            <Shape><Polygon POINTS="600 2027 599 2040 646 2053 648 2053 649 2053 728 2043 730 2043 755 2053 757 2053 758 2053 759 2053 788 2044 829 2052 831 2052 832 2052 834 2052 841 2044 843 2043 908 2043 919 2046 948 2055 950 2055 951 2055 1005 2047 1026 2044 1073 2047 1142 2053 1143 2053 1145 2053 1155 2049 1165 2044 1174 2049 1180 2053 1182 2053 1183 2053 1185 2053 1213 2050 1247 2046 1274 2052 1301 2056 1302 2056 1337 2052 1384 2046 1403 2053 1412 2056 1414 2056 1415 2058 1451 2058 1451 2056 1453 2056 1454 2056 1457 2053 1469 2046 1497 2053 1499 2053 1500 2053 1579 2046 1591 2055 1591 2056 1592 2056 1594 2056 1595 2058 1649 2058 1650 2031 1650 1997 1613 1986 1612 1986 1610 1986 1609 1986 1607 1986 1597 1995 1589 2000 1514 1994 1479 1992 1478 1992 1461 1994 1408 2000 1390 1992 1375 1986 1374 1986 1319 1986 1317 1986 1316 1986 1304 1991 1287 2000 1237 2000 1183 1989 1152 1985 1151 1985 1149 1985 1140 1989 1122 1998 1100 1991 1099 1991 1097 1991 1038 1998 1006 1986 1000 1985 999 1985 997 1985 987 1986 942 1997 788 1983 773 1983 771 1983 770 1983 768 1983 751 1998 673 1998 600 1982 600 2027"/></Shape>
	    <String CONTENT="ſentire debemus, &amp; ex animo quidem, non autẽ"
                    HPOS="599"
                    VPOS="1982"
                    WIDTH="1051"
                    HEIGHT="76"
                    WC="0.99166102276908"></String>
          </TextLine>

          
          
          <TextLine ID="eSc_line_2a8c4a78"
                    TAGREFS="LT4119"
                    BASELINE="591 2085 1646 2089" 
                    HPOS="590"
                    VPOS="2037"
                    WIDTH="1056"
                    HEIGHT="71">
            <Shape><Polygon POINTS="591 2085 590 2104 1643 2108 1646 2089 1646 2056 1554 2053 1536 2041 1534 2041 1533 2041 1463 2041 1461 2041 1460 2041 1458 2041 1445 2052 1441 2056 1400 2056 1395 2050 1383 2041 1381 2041 1380 2041 1356 2041 1354 2041 1353 2041 1351 2041 1342 2050 1335 2055 1191 2055 1179 2047 1168 2040 1167 2040 1165 2040 1128 2040 1127 2040 1125 2040 1124 2040 1116 2046 1107 2053 1072 2044 1047 2040 1045 2040 1044 2040 1042 2040 1038 2044 1024 2053 981 2046 980 2046 947 2053 933 2043 929 2038 928 2038 926 2038 768 2038 767 2038 765 2038 762 2040 748 2047 703 2038 700 2038 699 2038 697 2038 654 2052 591 2037 591 2085"/></Shape>
	    <String CONTENT="ſimulatè &amp; fict è:nec illud Leonis x. Pontif Rom."
                    HPOS="590"
                    VPOS="2037"
                    WIDTH="1056"
                    HEIGHT="71"
                    WC="0.97953505375806"></String>
          </TextLine>

          
          
          <TextLine ID="eSc_line_b37f93ca"
                    TAGREFS="LT4119"
                    BASELINE="588 2144 1640 2147" 
                    HPOS="587"
                    VPOS="2099"
                    WIDTH="1053"
                    HEIGHT="99">
            <Shape><Polygon POINTS="588 2144 587 2172 635 2174 693 2193 694 2193 696 2193 697 2193 728 2175 743 2175 768 2175 776 2175 817 2184 819 2184 870 2177 887 2175 892 2178 926 2196 928 2196 929 2196 1066 2195 1067 2195 1069 2195 1085 2181 1093 2175 1158 2181 1170 2183 1186 2195 1188 2195 1189 2195 1191 2195 1192 2195 1228 2183 1234 2181 1240 2183 1267 2193 1268 2193 1270 2193 1311 2184 1320 2183 1325 2184 1350 2198 1351 2198 1353 2198 1487 2196 1488 2196 1490 2196 1502 2187 1519 2177 1637 2189 1640 2147 1638 2117 1545 2107 1543 2107 1386 2113 1276 2116 1259 2110 1238 2102 1237 2102 1235 2102 1134 2108 1023 2114 956 2105 925 2101 923 2101 922 2101 910 2104 886 2111 874 2104 873 2104 871 2104 870 2104 868 2104 844 2116 755 2116 728 2101 727 2101 725 2101 588 2099 588 2144"/></Shape>
	    <String CONTENT="blaſphemum vſurpare, nos à Deo vocari meritis"
                    HPOS="587"
                    VPOS="2099"
                    WIDTH="1053"
                    HEIGHT="99"
                    WC="0.994667136150858"></String>
          </TextLine>

          
        </TextBlock>
        
        <TextBlock HPOS="1478.773193359375"
                   VPOS="2173.102783203125"
                   WIDTH="163.54248046875"
                   HEIGHT="68.654541015625"
                   ID="block_3"
                   TAGREFS="BT10534">
          <Shape><Polygon POINTS="1478.77 2173.1 1642.32 2173.1 1642.32 2241.76 1478.77 2241.76 1478.77 2173.1"/></Shape>
          
          
          <TextLine ID="eSc_line_252eb9c4"
                    TAGREFS="LT4119"
                    BASELINE="1497 2205 1632 2208" 
                    HPOS="1496"
                    VPOS="2165"
                    WIDTH="136"
                    HEIGHT="89">
            <Shape><Polygon POINTS="1497 2205 1496 2254 1631 2241 1632 2208 1631 2172 1567 2177 1561 2174 1551 2165 1549 2165 1548 2165 1522 2165 1521 2165 1519 2165 1497 2174 1497 2205"/></Shape>
	    <String CONTENT="licet"
                    HPOS="1496"
                    VPOS="2165"
                    WIDTH="136"
                    HEIGHT="89"></String>
          </TextLine>

          
        </TextBlock>
        

        
      </PrintSpace>
    </Page>
  </Layout>
</alto>
