<?xml version="1.0" encoding="UTF-8"?>
<alto xmlns:xsi="http://www.w3.org/2001/XMLSchema-instance"
      xmlns="http://www.loc.gov/standards/alto/ns-v4#"
      xsi:schemaLocation="http://www.loc.gov/standards/alto/ns-v4# http://www.loc.gov/standards/alto/v4/alto-4-2.xsd">
  <Description>
    <MeasurementUnit>pixel</MeasurementUnit>
    <sourceImageInformation>
      <fileName>2012914.png</fileName>
      
    </sourceImageInformation>
  </Description>
  
  <Tags>
    <OtherTag ID="BT10544" LABEL="text" DESCRIPTION="block type text"/><OtherTag ID="BT10543" LABEL="NumberingZone" DESCRIPTION="block type NumberingZone"/><OtherTag ID="BT10542" LABEL="MainZone" DESCRIPTION="block type MainZone"/><OtherTag ID="BT10538" LABEL="RunningTitleZone" DESCRIPTION="block type RunningTitleZone"/><OtherTag ID="BT10537" LABEL="DropCapitalZone" DESCRIPTION="block type DropCapitalZone"/><OtherTag ID="BT10536" LABEL="GraphicZone" DESCRIPTION="block type GraphicZone"/><OtherTag ID="BT10535" LABEL="TitlePageZone" DESCRIPTION="block type TitlePageZone"/><OtherTag ID="BT10534" LABEL="QuireMarksZone" DESCRIPTION="block type QuireMarksZone"/><OtherTag ID="BT10533" LABEL="MarginTextZone" DESCRIPTION="block type MarginTextZone"/>
    <OtherTag ID="LT4122" LABEL="default" DESCRIPTION="line type default"/><OtherTag ID="LT4119" LABEL="DefaultLine" DESCRIPTION="line type DefaultLine"/><OtherTag ID="LT4118" LABEL="HeadingLine" DESCRIPTION="line type HeadingLine"/><OtherTag ID="LT4117" LABEL="CustomLine : BiblicalText" DESCRIPTION="line type CustomLine : BiblicalText"/>
  </Tags>
  
  <Layout>
    <Page WIDTH="1807"
          HEIGHT="2677"
          PHYSICAL_IMG_NR="30"
          ID="eSc_dummypage_">
      <PrintSpace HPOS="0"
                  VPOS="0"
                  WIDTH="1807"
                  HEIGHT="2677">
        
        <TextBlock HPOS="606.8004760742188"
                   VPOS="173.0921173095703"
                   WIDTH="49.203857421875"
                   HEIGHT="45.349365234375"
                   ID="block_2"
                   TAGREFS="BT10543">
          <Shape><Polygon POINTS="606.8 173.092 656.004 173.092 656.004 218.441 606.8 218.441 606.8 173.092"/></Shape>
          
          
          <TextLine ID="eSc_line_94424c4f"
                    TAGREFS="LT4119"
                    BASELINE="615 203 648 200" 
                    HPOS="611"
                    VPOS="157"
                    WIDTH="37"
                    HEIGHT="61">
            <Shape><Polygon POINTS="611 168 615 203 615 218 648 215 648 200 642 157 626 160 611 168"/></Shape>
	    <String CONTENT="2"
                    HPOS="611"
                    VPOS="157"
                    WIDTH="37"
                    HEIGHT="61"
                    WC="0.993749737739563"></String>
          </TextLine>

          
        </TextBlock>
        
        <TextBlock HPOS="792.4362182617188"
                   VPOS="145.5684814453125"
                   WIDTH="729.8865356445312"
                   HEIGHT="71.33686828613281"
                   ID="block_0"
                   TAGREFS="BT10538">
          <Shape><Polygon POINTS="792.436 145.568 1522.32 145.568 1522.32 216.905 792.436 216.905 792.436 145.568"/></Shape>
          
          
          <TextLine ID="eSc_line_9a1c5c20"
                    TAGREFS="LT4118"
                    BASELINE="810 200 1509 191" 
                    HPOS="809"
                    VPOS="147"
                    WIDTH="700"
                    HEIGHT="77">
            <Shape><Polygon POINTS="1423 156 1415 153 1400 147 1389 147 1378 147 1357 153 1342 157 1314 153 1290 150 1289 150 1287 150 1286 150 1282 153 1270 160 1213 160 1206 153 1203 150 1201 150 1200 150 1198 150 1167 153 1100 160 1087 153 1078 148 1076 148 1042 148 1041 148 1039 148 1027 153 999 162 963 154 962 154 893 163 870 153 867 151 865 151 864 151 809 151 810 200 810 224 980 223 981 223 983 223 983 221 984 221 991 212 1061 218 1093 221 1094 221 1096 221 1097 221 1097 220 1100 218 1107 209 1179 209 1224 214 1274 220 1276 220 1277 220 1299 212 1311 208 1331 211 1374 218 1375 218 1420 208 1429 206 1433 208 1453 217 1454 217 1456 217 1508 205 1509 191 1505 156 1502 154"/></Shape>
	    <String CONTENT="AD I. PAVL. AD TIM."
                    HPOS="809"
                    VPOS="147"
                    WIDTH="700"
                    HEIGHT="77"
                    WC="0.966918738264787"></String>
          </TextLine>

          
        </TextBlock>
        
        <TextBlock HPOS="590.6455688476562"
                   VPOS="234.51583862304688"
                   WIDTH="1083.4234008789062"
                   HEIGHT="1949.8955383300781"
                   ID="block_1"
                   TAGREFS="BT10542">
          <Shape><Polygon POINTS="590.646 234.516 1674.07 234.516 1674.07 2184.41 590.646 2184.41 590.646 234.516"/></Shape>
          
          
          <TextLine ID="eSc_line_343cd229"
                    TAGREFS="LT4119"
                    BASELINE="609 273 826 269" 
                    HPOS="608"
                    VPOS="220"
                    WIDTH="218"
                    HEIGHT="77">
            <Shape><Polygon POINTS="609 273 609 297 697 285 728 290 773 295 774 295 776 295 826 281 826 269 823 229 774 220 773 220 771 220 770 220 758 229 757 230 699 230 694 229 682 221 681 221 679 221 678 221 608 229 609 273"/></Shape>
	    <String CONTENT="priuatos."
                    HPOS="608"
                    VPOS="220"
                    WIDTH="218"
                    HEIGHT="77"
                    WC="0.999011198679606"></String>
          </TextLine>

          
          
          <TextLine ID="eSc_line_88da3645"
                    TAGREFS="LT4119"
                    BASELINE="666 328 1656 315" 
                    HPOS="664"
                    VPOS="264"
                    WIDTH="992"
                    HEIGHT="85">
            <Shape><Polygon POINTS="1631 279 1624 278 1573 278 1572 278 1546 264 1545 264 1543 264 1453 266 1451 266 1412 278 1402 281 1392 278 1362 267 1360 267 1359 267 1232 269 1231 269 1210 278 1198 285 1174 285 1165 278 1155 270 1154 270 1152 270 1151 270 1149 270 1124 279 1103 285 1091 279 1088 276 1087 276 1085 276 1084 276 1070 279 1042 287 901 287 889 279 887 278 886 278 884 278 883 278 881 278 877 279 861 285 855 279 850 276 850 275 849 275 847 275 809 275 807 275 806 275 789 279 755 290 664 281 666 328 666 343 877 349 878 349 880 349 896 340 899 339 1036 339 1039 339 1103 346 1105 346 1106 346 1131 337 1133 337 1176 345 1177 345 1222 336 1224 336 1240 343 1241 343 1243 343 1307 336 1417 342 1418 342 1420 342 1445 333 1543 340 1545 340 1656 328 1656 315 1652 285 1646 284"/></Shape>
	    <String CONTENT="Quæ fuerit autem huius Epiſtolæ ad Timo¬"
                    HPOS="664"
                    VPOS="264"
                    WIDTH="992"
                    HEIGHT="85"
                    WC="0.998239807784557"></String>
          </TextLine>

          
          
          <TextLine ID="eSc_line_64ac0f40"
                    TAGREFS="LT4119"
                    BASELINE="609 389 1659 377" 
                    HPOS="608"
                    VPOS="330"
                    WIDTH="1051"
                    HEIGHT="76">
            <Shape><Polygon POINTS="609 389 609 406 1658 394 1659 377 1656 340 1563 330 1561 330 1560 330 1540 340 1537 342 1478 342 1473 340 1463 331 1461 331 1460 331 1418 331 1417 331 1356 340 1328 343 1322 340 1314 333 1313 333 1311 333 1283 333 1282 333 1280 333 1279 333 1270 340 1259 345 1168 340 1145 339 1143 339 1142 339 1140 339 1140 340 1128 348 1057 348 1044 340 1041 337 1039 337 1038 337 1036 337 1020 340 975 348 939 340 928 337 926 337 925 337 923 337 922 340 913 346 846 340 832 339 831 339 829 339 828 340 807 349 783 340 780 339 779 339 777 339 776 339 774 339 774 340 762 350 710 350 608 340 609 389"/></Shape>
	    <String CONTENT="theum ſcribendæ ratio, &amp; occaſio facile ex ipſo"
                    HPOS="608"
                    VPOS="330"
                    WIDTH="1051"
                    HEIGHT="76"
                    WC="0.997199364165042"></String>
          </TextLine>

          
          
          <TextLine ID="eSc_line_f3d61d7a"
                    TAGREFS="LT4119"
                    BASELINE="611 446 1661 435" 
                    HPOS="609"
                    VPOS="389"
                    WIDTH="1052"
                    HEIGHT="79">
            <Shape><Polygon POINTS="611 446 611 466 806 459 837 464 868 468 870 468 871 468 892 462 910 458 919 462 929 466 931 466 932 468 1045 468 1045 466 1085 459 1102 456 1112 459 1133 465 1134 465 1136 465 1189 458 1212 455 1246 456 1359 464 1360 464 1414 453 1420 453 1423 453 1470 462 1472 462 1473 462 1511 453 1612 461 1613 461 1661 449 1661 435 1658 397 1625 389 1624 389 1622 389 1621 389 1612 397 1603 403 1475 403 1463 397 1457 392 1456 392 1454 392 1453 392 1451 392 1442 397 1436 400 1426 397 1406 391 1405 391 1403 391 1402 391 1400 391 1393 397 1383 404 1313 404 1299 397 1298 395 1296 395 1295 395 1293 395 1292 395 1286 397 1267 404 1246 397 1234 394 1232 394 1231 394 1229 394 1222 397 1206 407 1145 407 1130 398 1127 395 1125 395 1124 395 1060 394 1058 394 977 395 975 395 969 398 951 406 858 398 831 397 829 397 828 397 823 398 798 408 609 400 611 446"/></Shape>
	    <String CONTENT="Paulo verſs.3.intelligitur, nimirum, quòd iam qui¬"
                    HPOS="609"
                    VPOS="389"
                    WIDTH="1052"
                    HEIGHT="79"></String>
          </TextLine>

          
          
          <TextLine ID="eSc_line_6be0363d"
                    TAGREFS="LT4119"
                    BASELINE="609 505 1659 495" 
                    HPOS="608"
                    VPOS="449"
                    WIDTH="1051"
                    HEIGHT="78">
            <Shape><Polygon POINTS="609 505 609 519 701 527 703 527 704 527 706 527 718 519 792 526 794 526 795 526 829 517 832 517 834 517 881 526 883 526 884 526 907 516 910 516 922 516 1021 524 1023 524 1078 523 1079 523 1081 523 1091 514 1093 514 1097 514 1152 520 1154 520 1265 513 1273 513 1274 513 1299 520 1301 520 1302 520 1304 520 1319 513 1340 522 1341 522 1342 522 1344 522 1345 522 1359 511 1360 511 1369 511 1464 520 1466 520 1536 510 1542 510 1546 510 1631 519 1632 519 1634 519 1659 508 1659 495 1655 453 1627 459 1615 453 1609 450 1607 450 1606 450 1604 450 1595 453 1580 459 1558 455 1533 449 1531 449 1530 449 1515 455 1506 459 1502 455 1496 450 1494 450 1493 450 1491 450 1456 456 1442 458 1432 456 1387 450 1386 450 1384 450 1383 450 1383 452 1375 458 1371 462 1218 462 1197 461 1125 453 1124 453 1122 453 1097 462 1091 464 1088 462 1060 453 1058 453 1057 453 1055 453 1035 464 1030 465 1002 464 873 456 871 456 870 456 868 456 868 458 858 466 856 466 849 466 700 458 699 458 697 458 678 468 638 458 636 458 635 458 633 458 608 468 609 505"/></Shape>
	    <String CONTENT="dam ſanam Euangelij doct rinam, ab ipſo Paulo"
                    HPOS="608"
                    VPOS="449"
                    WIDTH="1051"
                    HEIGHT="78"
                    WC="0.993315870232052"></String>
          </TextLine>

          
          
          <TextLine ID="eSc_line_cf53e6ed"
                    TAGREFS="LT4119"
                    BASELINE="611 565 1659 556" 
                    HPOS="609"
                    VPOS="505"
                    WIDTH="1050"
                    HEIGHT="77">
            <Shape><Polygon POINTS="611 565 611 582 1658 572 1659 556 1656 516 1500 505 1499 505 1497 505 1461 516 1458 517 1357 517 1357 516 1348 508 1347 508 1345 508 1344 508 1342 508 1326 516 1308 508 1307 508 1305 508 1262 516 1255 517 1249 516 1218 508 1216 508 1215 508 1213 508 1198 516 1195 517 1188 516 1136 508 1134 508 1099 517 1088 519 1079 517 1057 510 1055 510 1054 510 1052 510 1026 517 1015 519 1000 517 962 511 813 511 812 511 776 517 754 522 745 517 734 513 733 513 731 513 709 517 690 522 670 517 645 513 643 513 609 517 611 565"/></Shape>
	    <String CONTENT="&amp; alijs Fidelibus Chriſti Miniſtris traditam, &amp;"
                    HPOS="609"
                    VPOS="505"
                    WIDTH="1050"
                    HEIGHT="77"
                    WC="0.988300702673324"></String>
          </TextLine>

          
          
          <TextLine ID="eSc_line_54192539"
                    TAGREFS="LT4119"
                    BASELINE="611 623 1661 612" 
                    HPOS="609"
                    VPOS="566"
                    WIDTH="1052"
                    HEIGHT="79">
            <Shape><Polygon POINTS="611 623 611 645 826 643 828 643 844 636 925 642 926 642 928 642 929 642 931 642 938 635 963 642 968 643 969 643 971 643 981 642 1017 635 1036 642 1042 643 1044 643 1045 643 1047 643 1048 643 1049 642 1063 633 1140 633 1157 640 1161 642 1163 642 1164 642 1218 639 1348 633 1405 638 1424 639 1426 639 1427 639 1432 638 1453 630 1658 635 1661 612 1658 578 1509 566 1508 566 1506 566 1469 575 1418 569 1417 569 1415 569 1414 569 1402 578 1267 569 1265 569 1264 569 1262 569 1249 580 1060 574 1058 574 1057 574 1055 574 1039 584 991 584 978 572 977 572 975 572 910 572 908 572 907 572 881 584 813 575 812 575 742 585 727 575 725 575 724 575 661 575 660 575 609 587 611 623"/></Shape>
	    <String CONTENT="explicatam variè corrumperent tum in Subſtã¬"
                    HPOS="609"
                    VPOS="566"
                    WIDTH="1052"
                    HEIGHT="79"
                    WC="0.975409763014835"></String>
          </TextLine>

          
          
          <TextLine ID="eSc_line_3f84d8a2"
                    TAGREFS="LT4119"
                    BASELINE="609 682 1658 673" 
                    HPOS="608"
                    VPOS="624"
                    WIDTH="1050"
                    HEIGHT="79">
            <Shape><Polygon POINTS="609 682 609 703 1656 693 1658 673 1655 638 1525 638 1525 636 1509 624 1508 624 1506 624 1505 624 1503 624 1461 636 1456 638 1439 636 1347 626 1345 626 1265 636 1247 638 1243 636 1225 627 1224 627 1222 627 1221 627 1219 627 1210 636 1206 639 1192 636 1161 627 1160 627 1158 627 1157 627 1125 635 1110 639 1099 635 1085 630 1084 630 1082 630 1030 635 1000 638 989 635 963 629 962 629 960 629 959 629 938 635 919 640 911 635 905 630 904 630 902 630 901 630 873 635 855 638 849 635 844 630 843 630 841 630 840 630 838 630 837 630 837 632 832 635 823 642 782 635 764 632 762 632 749 635 707 643 608 635 609 682"/></Shape>
	    <String CONTENT="tia ipſa &amp; doctrina, tũ in Modo &amp; forma illius tra¬"
                    HPOS="608"
                    VPOS="624"
                    WIDTH="1050"
                    HEIGHT="79"
                    WC="0.969025279466923"></String>
          </TextLine>

          
          
          <TextLine ID="eSc_line_d4625d67"
                    TAGREFS="LT4119"
                    BASELINE="611 743 1658 733" 
                    HPOS="609"
                    VPOS="687"
                    WIDTH="1049"
                    HEIGHT="69">
            <Shape><Polygon POINTS="611 743 611 756 1658 751 1658 733 1655 697 1597 697 1577 687 1576 687 1574 687 1522 696 1511 687 1509 687 1508 687 1506 687 1505 687 1472 698 1287 698 1270 690 1268 690 1267 690 1225 698 1212 690 1210 690 1209 690 1207 690 1044 701 1020 693 1018 693 1017 693 1015 693 990 701 896 694 895 694 893 694 892 694 878 703 859 694 858 694 783 694 782 694 780 694 755 704 734 696 733 696 731 696 666 704 633 696 632 696 630 696 629 696 609 704 611 743"/></Shape>
	    <String CONTENT="dendæ. Cui malo vt maturè occurreret Paulus,"
                    HPOS="609"
                    VPOS="687"
                    WIDTH="1049"
                    HEIGHT="69"
                    WC="0.982289397716522"></String>
          </TextLine>

          
          
          <TextLine ID="eSc_line_1eba14ae"
                    TAGREFS="LT4119"
                    BASELINE="618 803 1658 789" 
                    HPOS="617"
                    VPOS="748"
                    WIDTH="1041"
                    HEIGHT="74">
            <Shape><Polygon POINTS="618 803 618 817 1047 814 1055 816 1076 822 1078 822 1079 822 1148 820 1149 820 1151 820 1157 816 1163 812 1176 816 1191 820 1192 820 1194 820 1221 816 1243 812 1271 816 1298 819 1299 819 1301 819 1317 814 1334 812 1396 814 1424 816 1426 816 1427 816 1429 816 1430 814 1438 809 1451 814 1456 816 1457 816 1458 816 1460 816 1464 814 1484 807 1509 814 1516 816 1518 816 1519 816 1521 816 1527 814 1552 807 1655 813 1658 789 1655 758 1338 748 1337 748 1244 752 1243 752 1241 752 1235 758 1229 762 1173 762 1165 758 1158 751 1157 751 1155 751 1118 751 1116 751 1115 751 1113 751 1113 752 1106 758 1100 764 810 767 797 758 794 755 792 755 791 755 740 755 739 755 737 755 736 755 733 758 718 768 682 758 679 756 678 756 676 756 617 756 618 803"/></Shape>
	    <String CONTENT="Timotheum monet quid opus ſit facto, non tam"
                    HPOS="617"
                    VPOS="748"
                    WIDTH="1041"
                    HEIGHT="74"
                    WC="0.987427641044963"></String>
          </TextLine>

          
          
          <TextLine ID="eSc_line_81df4f85"
                    TAGREFS="LT4119"
                    BASELINE="612 859 1658 847" 
                    HPOS="611"
                    VPOS="801"
                    WIDTH="1047"
                    HEIGHT="86">
            <Shape><Polygon POINTS="612 859 612 887 655 887 655 886 657 886 658 886 669 877 771 884 780 884 782 884 783 884 785 884 798 874 875 874 950 881 965 883 966 883 975 881 1017 872 1069 872 1078 880 1079 881 1081 881 1082 881 1084 881 1094 880 1139 871 1656 871 1658 847 1655 814 1543 801 1542 801 1487 813 1421 806 1420 806 1418 806 1386 816 1237 806 1235 806 1234 806 1192 817 1179 806 1177 806 1176 806 1149 806 1148 806 1146 806 1094 819 1021 807 1020 807 1018 807 980 820 980 822 859 822 858 822 843 812 841 812 840 812 838 812 837 812 835 812 819 822 819 823 718 823 716 823 684 812 682 812 681 812 679 812 651 820 623 812 621 812 620 812 618 812 617 812 617 813 615 813 611 816 612 859"/></Shape>
	    <String CONTENT="ipſius quidem gratiâ, quàm aliorum, id eſt, iſto¬"
                    HPOS="611"
                    VPOS="801"
                    WIDTH="1047"
                    HEIGHT="86"></String>
          </TextLine>

          
          
          <TextLine ID="eSc_line_b9aea1b9"
                    TAGREFS="LT4119"
                    BASELINE="612 919 1616 908" 
                    HPOS="611"
                    VPOS="865"
                    WIDTH="1005"
                    HEIGHT="71">
            <Shape><Polygon POINTS="612 919 612 936 1615 929 1616 908 1613 871 1472 865 1470 865 1469 865 1467 865 1458 872 1456 874 1439 872 1380 867 1378 867 1377 867 1363 874 1362 874 1356 874 1310 868 1308 868 1307 868 1305 868 1298 874 1295 877 1222 877 1219 875 1185 868 1183 868 1142 877 1137 877 1110 877 914 872 913 872 880 880 877 880 873 880 789 872 788 872 786 872 767 880 757 872 755 872 754 872 752 872 611 883 612 919"/></Shape>
	    <String CONTENT="rum doctrinam veram &amp; ſanam deprauantium."
                    HPOS="611"
                    VPOS="865"
                    WIDTH="1005"
                    HEIGHT="71"
                    WC="0.994615437054053"></String>
          </TextLine>

          
          
          <TextLine ID="eSc_line_bd86b49c"
                    TAGREFS="LT4119"
                    BASELINE="669 975 1656 966" 
                    HPOS="667"
                    VPOS="917"
                    WIDTH="989"
                    HEIGHT="82">
            <Shape><Polygon POINTS="669 975 669 990 755 999 757 999 817 990 837 989 911 989 917 990 938 997 939 997 941 997 990 990 1015 987 1054 990 1119 996 1121 996 1168 990 1204 986 1216 990 1226 994 1228 994 1229 994 1307 990 1378 986 1418 990 1453 993 1454 994 1487 994 1487 993 1488 993 1490 993 1490 991 1493 990 1499 984 1653 989 1656 966 1653 917 1618 917 1616 917 1615 917 1613 917 1594 929 1534 919 1521 917 1519 917 1490 920 1420 928 1411 922 1406 919 1405 919 1403 919 1402 919 1400 919 1399 919 1396 922 1386 931 1366 923 1365 923 1363 923 1362 923 1323 932 1234 926 1161 920 1160 920 1121 922 1119 922 1118 922 1109 928 1103 932 1084 929 1042 922 1041 922 1039 922 1006 931 987 935 919 935 914 932 889 923 887 923 886 923 884 923 852 933 847 935 843 933 820 925 819 925 817 925 816 925 792 935 788 938 728 938 727 936 699 925 697 925 696 925 694 925 667 935 669 975"/></Shape>
	    <String CONTENT="Quando ſcripta fuerit infra cap. hoc ipſo verſ."
                    HPOS="667"
                    VPOS="917"
                    WIDTH="989"
                    HEIGHT="82"
                    WC="0.975982879070525"></String>
          </TextLine>

          
          
          <TextLine ID="eSc_line_41b81cd0"
                    TAGREFS="LT4119"
                    BASELINE="617 1036 1658 1026" 
                    HPOS="615"
                    VPOS="977"
                    WIDTH="1043"
                    HEIGHT="84">
            <Shape><Polygon POINTS="617 1036 617 1058 649 1061 651 1061 652 1061 660 1058 678 1051 762 1057 764 1057 765 1057 767 1057 788 1049 862 1057 905 1060 907 1060 908 1060 910 1060 916 1055 928 1048 994 1048 1012 1054 1023 1058 1024 1058 1026 1058 1055 1054 1106 1047 1174 1047 1188 1052 1197 1057 1198 1057 1200 1057 1386 1054 1387 1054 1399 1049 1414 1045 1418 1049 1421 1052 1423 1052 1424 1052 1426 1052 1448 1049 1482 1045 1493 1049 1502 1052 1503 1052 1505 1052 1506 1052 1508 1052 1508 1051 1511 1049 1516 1042 1530 1048 1537 1052 1539 1052 1540 1052 1658 1047 1658 1026 1652 978 1627 987 1554 980 1519 977 1518 977 1516 977 1506 981 1485 989 1427 983 1412 981 1411 981 1409 981 1408 981 1406 983 1399 989 1387 983 1377 978 1375 978 1374 978 1372 978 1357 984 1340 990 1316 984 1299 981 1298 981 1296 981 1295 981 1289 986 1280 991 1210 991 1186 987 1164 983 1163 983 1161 983 1151 987 1143 991 1136 989 1119 981 1118 981 1116 981 1057 989 923 983 922 983 920 983 919 983 904 993 901 994 896 993 873 984 871 984 870 984 794 991 767 984 765 984 764 984 762 984 761 984 745 996 743 996 740 996 657 986 655 986 654 986 615 997 617 1036"/></Shape>
	    <String CONTENT="3. Vnde ſcripta ſit in fine huius Epiſtolæ dicetur,"
                    HPOS="615"
                    VPOS="977"
                    WIDTH="1043"
                    HEIGHT="84"
                    WC="0.98572198900522"></String>
          </TextLine>

          
          
          <TextLine ID="eSc_line_72fc581c"
                    TAGREFS="LT4119"
                    BASELINE="612 1096 1009 1090" 
                    HPOS="611"
                    VPOS="1044"
                    WIDTH="398"
                    HEIGHT="68">
            <Shape><Polygon POINTS="612 1096 612 1112 1008 1100 1009 1090 1005 1055 977 1055 975 1054 965 1045 965 1044 963 1044 962 1044 960 1044 917 1052 896 1057 877 1052 847 1044 846 1044 819 1044 817 1044 816 1044 815 1044 815 1045 809 1051 803 1057 761 1055 755 1049 752 1047 752 1045 751 1045 749 1045 748 1045 746 1045 734 1048 704 1057 611 1047 612 1096"/></Shape>
	    <String CONTENT="Domino fauente."
                    HPOS="611"
                    VPOS="1044"
                    WIDTH="398"
                    HEIGHT="68"
                    WC="0.997435589631399"></String>
          </TextLine>

          
          
          <TextLine ID="eSc_line_dba5a737"
                    TAGREFS="LT4119"
                    BASELINE="672 1152 1659 1139" 
                    HPOS="670"
                    VPOS="1090"
                    WIDTH="989"
                    HEIGHT="81">
            <Shape><Polygon POINTS="672 1152 672 1164 910 1161 917 1164 931 1171 932 1171 933 1171 1002 1164 1042 1160 1118 1164 1215 1168 1216 1168 1249 1163 1264 1161 1326 1163 1375 1164 1377 1164 1378 1164 1381 1163 1395 1157 1403 1163 1406 1165 1408 1165 1409 1165 1411 1165 1442 1163 1494 1157 1505 1163 1509 1164 1511 1164 1512 1164 1659 1161 1659 1139 1656 1094 1579 1090 1577 1090 1576 1090 1563 1094 1534 1105 1482 1096 1481 1096 1479 1096 1445 1106 1421 1096 1418 1094 1417 1094 1415 1094 1414 1094 1411 1096 1390 1107 1371 1096 1369 1094 1368 1094 1366 1094 1329 1093 1328 1093 1298 1096 1296 1096 1295 1096 1295 1097 1279 1110 1142 1110 1093 1100 1091 1100 1090 1100 1088 1100 1073 1109 1024 1102 1023 1102 1021 1102 975 1115 873 1116 850 1116 834 1102 834 1100 832 1100 831 1100 829 1100 822 1102 783 1109 670 1103 672 1152"/></Shape>
	    <String CONTENT="Diuiditur autem totum corpus, &amp; σύνταγμα"
                    HPOS="670"
                    VPOS="1090"
                    WIDTH="989"
                    HEIGHT="81"></String>
          </TextLine>

          
          
          <TextLine ID="eSc_line_db08784d"
                    TAGREFS="LT4119"
                    BASELINE="608 1213 1658 1201" 
                    HPOS="608"
                    VPOS="1154"
                    WIDTH="1050"
                    HEIGHT="83">
            <Shape><Polygon POINTS="608 1225 642 1235 643 1235 645 1237 710 1237 710 1235 712 1235 742 1223 743 1223 745 1223 770 1234 771 1234 773 1234 868 1222 877 1222 956 1222 965 1229 966 1229 968 1229 969 1229 971 1229 999 1221 1002 1221 1063 1221 1064 1221 1096 1231 1097 1231 1099 1231 1100 1231 1139 1219 1142 1219 1145 1219 1197 1229 1198 1229 1317 1219 1354 1228 1356 1228 1357 1228 1359 1228 1378 1218 1524 1226 1525 1226 1588 1219 1630 1225 1631 1225 1632 1225 1658 1213 1658 1201 1655 1168 1613 1168 1612 1167 1591 1157 1589 1157 1588 1157 1586 1157 1585 1157 1572 1167 1570 1167 1485 1167 1240 1164 1238 1164 1231 1165 1198 1171 1189 1164 1177 1154 1176 1154 1174 1154 1131 1154 1130 1154 1000 1155 999 1155 997 1155 997 1157 990 1163 986 1168 948 1174 923 1163 910 1157 908 1157 907 1157 770 1158 768 1158 759 1161 718 1179 670 1179 608 1161 608 1213 608 1225"/></Shape>
	    <String CONTENT="huius Epiſtolæ in duas tãtùm partes, nempe, Sa¬"
                    HPOS="608"
                    VPOS="1154"
                    WIDTH="1050"
                    HEIGHT="83"></String>
          </TextLine>

          
          
          <TextLine ID="eSc_line_e9105f0f"
                    TAGREFS="LT4119"
                    BASELINE="606 1271 1658 1261" 
                    HPOS="606"
                    VPOS="1213"
                    WIDTH="1052"
                    HEIGHT="80">
            <Shape><Polygon POINTS="606 1271 606 1293 696 1293 696 1292 697 1292 699 1292 699 1290 710 1284 764 1290 774 1290 776 1290 777 1290 780 1289 797 1283 867 1287 902 1290 904 1290 905 1290 913 1287 925 1281 972 1286 1000 1289 1002 1289 1024 1286 1058 1280 1125 1283 1195 1287 1197 1287 1198 1287 1209 1281 1216 1279 1249 1281 1293 1286 1295 1286 1296 1286 1298 1286 1304 1280 1307 1277 1374 1277 1409 1279 1503 1284 1505 1284 1506 1284 1537 1277 1543 1276 1557 1276 1632 1283 1634 1283 1635 1283 1658 1274 1658 1261 1655 1228 1516 1228 1493 1213 1491 1213 1490 1213 1451 1213 1450 1213 1366 1228 1344 1215 1342 1215 1341 1215 1340 1215 1247 1222 1225 1215 1224 1215 1222 1215 1113 1216 1112 1216 1073 1231 1038 1221 1036 1221 1035 1221 1033 1221 1020 1228 1000 1218 999 1218 938 1218 936 1218 849 1234 846 1235 614 1235 606 1271"/></Shape>
	    <String CONTENT="Iutationem, &amp; argumenti ſuſcepti tractationem."
                    HPOS="606"
                    VPOS="1213"
                    WIDTH="1052"
                    HEIGHT="80"
                    WC="0.983655978804049"></String>
          </TextLine>

          
          
          <TextLine ID="eSc_line_95964be2"
                    TAGREFS="LT4119"
                    BASELINE="612 1331 1659 1317" 
                    HPOS="611"
                    VPOS="1274"
                    WIDTH="1048"
                    HEIGHT="83">
            <Shape><Polygon POINTS="612 1331 612 1344 636 1356 638 1356 639 1357 707 1357 707 1356 709 1356 710 1356 721 1348 767 1354 768 1354 770 1354 771 1354 771 1353 783 1342 785 1341 883 1341 889 1341 939 1353 941 1353 942 1353 974 1345 1105 1350 1106 1350 1107 1350 1109 1350 1122 1339 1125 1338 1145 1339 1210 1344 1212 1344 1238 1338 1247 1337 1250 1338 1258 1344 1259 1344 1261 1344 1262 1344 1299 1338 1316 1335 1332 1338 1386 1347 1387 1347 1389 1347 1417 1337 1426 1334 1433 1337 1447 1342 1448 1342 1450 1342 1451 1342 1476 1337 1482 1335 1658 1335 1659 1317 1655 1276 1350 1284 1332 1277 1323 1274 1322 1274 1320 1274 1301 1279 1277 1283 1246 1279 1225 1276 1224 1276 1222 1276 1213 1279 1189 1287 1137 1279 1119 1277 1118 1277 1116 1277 1107 1280 1073 1289 1055 1280 1052 1279 1051 1279 1049 1279 931 1280 929 1280 925 1281 895 1289 858 1281 846 1280 844 1280 843 1280 838 1281 820 1292 611 1284 612 1331"/></Shape>
	    <String CONTENT="Epilogo enim, id eſt, poſtrema illa parte caret, in"
                    HPOS="611"
                    VPOS="1274"
                    WIDTH="1048"
                    HEIGHT="83"
                    WC="0.990798821636275"></String>
          </TextLine>

          
          
          <TextLine ID="eSc_line_002bf3c3"
                    TAGREFS="LT4119"
                    BASELINE="614 1389 1661 1377" 
                    HPOS="612"
                    VPOS="1331"
                    WIDTH="1049"
                    HEIGHT="80">
            <Shape><Polygon POINTS="614 1389 614 1409 1003 1411 1005 1411 1058 1403 1070 1402 1079 1403 1116 1409 1118 1409 1167 1402 1177 1400 1204 1400 1348 1406 1350 1406 1393 1397 1399 1397 1409 1397 1514 1405 1515 1405 1516 1405 1536 1396 1537 1396 1583 1402 1585 1402 1661 1393 1661 1377 1655 1331 1616 1344 1531 1344 1496 1334 1490 1332 1488 1332 1487 1332 1485 1332 1481 1334 1460 1345 1295 1345 1279 1338 1268 1334 1267 1334 1265 1334 1232 1339 1219 1341 1198 1339 1136 1335 1134 1335 1133 1335 1107 1341 1081 1348 1029 1344 975 1338 974 1338 939 1345 919 1350 904 1345 875 1338 874 1338 873 1338 825 1347 819 1348 815 1348 783 1339 782 1339 780 1339 612 1351 614 1389"/></Shape>
	    <String CONTENT="qua variæ ſalutationes eſſe ſolẽt, quæ in alijs tamẽ"
                    HPOS="612"
                    VPOS="1331"
                    WIDTH="1049"
                    HEIGHT="80"
                    WC="0.983312468837809"></String>
          </TextLine>

          
          
          <TextLine ID="eSc_line_76c97d70"
                    TAGREFS="LT4119"
                    BASELINE="612 1448 1658 1435" 
                    HPOS="611"
                    VPOS="1389"
                    WIDTH="1047"
                    HEIGHT="86">
            <Shape><Polygon POINTS="612 1448 612 1464 675 1475 676 1475 678 1475 696 1466 757 1472 758 1472 759 1472 782 1464 801 1473 803 1473 804 1473 806 1473 844 1463 850 1463 1191 1469 1192 1469 1255 1458 1276 1466 1277 1466 1279 1466 1377 1457 1378 1457 1499 1464 1500 1464 1502 1464 1537 1454 1542 1454 1592 1454 1594 1454 1609 1463 1610 1463 1612 1463 1613 1463 1656 1453 1658 1435 1655 1396 1625 1389 1624 1389 1622 1389 1609 1396 1598 1402 1499 1402 1482 1396 1464 1390 1463 1390 1461 1390 1460 1390 1458 1390 1458 1392 1453 1396 1445 1403 1299 1405 1283 1397 1282 1397 1280 1397 1279 1397 1256 1405 1228 1397 1213 1393 1212 1393 1210 1393 1209 1393 1207 1393 1201 1397 1194 1402 1163 1397 1149 1396 1148 1396 1146 1396 1142 1397 1121 1406 1112 1397 1109 1396 1109 1395 1107 1395 1106 1395 1079 1395 1078 1395 1076 1395 1066 1397 1035 1408 1005 1402 1003 1402 939 1409 864 1399 850 1397 849 1397 847 1397 843 1399 809 1411 786 1399 785 1399 783 1399 782 1399 773 1399 673 1408 611 1400 612 1448"/></Shape>
	    <String CONTENT="Epiſtolis extant, quæ hoc loco non erant neceſ¬"
                    HPOS="611"
                    VPOS="1389"
                    WIDTH="1047"
                    HEIGHT="86"
                    WC="0.988641078167773"></String>
          </TextLine>

          
          
          <TextLine ID="eSc_line_3f716683"
                    TAGREFS="LT4119"
                    BASELINE="611 1508 761 1505" 
                    HPOS="609"
                    VPOS="1454"
                    WIDTH="152"
                    HEIGHT="80">
            <Shape><Polygon POINTS="611 1508 612 1534 643 1527 649 1531 651 1533 652 1533 654 1533 655 1533 657 1533 663 1530 676 1522 696 1527 719 1531 721 1531 722 1531 761 1519 761 1505 758 1461 706 1454 704 1454 652 1464 649 1464 648 1464 629 1455 627 1455 626 1455 624 1455 609 1463 611 1508"/></Shape>
	    <String CONTENT="ſariæ."
                    HPOS="609"
                    VPOS="1454"
                    WIDTH="152"
                    HEIGHT="80"
                    WC="0.998873641093572"></String>
          </TextLine>

          
          
          <TextLine ID="eSc_line_1d5f5504"
                    TAGREFS="LT4119"
                    BASELINE="673 1566 1656 1555" 
                    HPOS="672"
                    VPOS="1506"
                    WIDTH="984"
                    HEIGHT="88">
            <Shape><Polygon POINTS="673 1566 675 1594 704 1583 948 1588 950 1588 1008 1580 1039 1588 1044 1589 1045 1589 1047 1589 1060 1588 1109 1580 1276 1585 1372 1586 1374 1586 1656 1577 1656 1555 1655 1516 1634 1506 1632 1506 1631 1506 1519 1518 1514 1518 1509 1518 1427 1508 1426 1508 1375 1519 1372 1519 1369 1519 1277 1509 1276 1509 1274 1509 1229 1521 1228 1521 1226 1521 1155 1511 1154 1511 1091 1522 1090 1522 1026 1513 1024 1513 1023 1513 1021 1513 1014 1519 1006 1512 1005 1512 1003 1512 1002 1512 1000 1512 971 1522 844 1513 843 1513 841 1513 800 1524 733 1515 731 1515 672 1527 673 1566"/></Shape>
	    <String CONTENT="Salutatio autem hæc tria continet vbique, ni¬"
                    HPOS="672"
                    VPOS="1506"
                    WIDTH="984"
                    HEIGHT="88"
                    WC="0.979275841183133"></String>
          </TextLine>

          
          
          <TextLine ID="eSc_line_12066602"
                    TAGREFS="LT4119"
                    BASELINE="819 1621 1139 1621" 
                    HPOS="819"
                    VPOS="1571"
                    WIDTH="320"
                    HEIGHT="76">
            <Shape><Polygon POINTS="819 1621 819 1634 862 1647 864 1647 865 1647 1026 1635 1081 1644 1082 1644 1139 1634 1139 1621 1139 1588 1064 1588 1060 1585 1039 1571 1038 1571 1036 1571 962 1571 960 1571 959 1571 931 1582 929 1582 928 1582 913 1571 911 1571 910 1571 908 1571 907 1571 877 1580 873 1580 819 1579 819 1621"/></Shape>
	    <String CONTENT="Quis ſcribat"
                    HPOS="819"
                    VPOS="1571"
                    WIDTH="320"
                    HEIGHT="76"
                    WC="0.995566775401433"></String>
          </TextLine>

          
          
          <TextLine ID="eSc_line_e46ea1ee"
                    TAGREFS="LT4119"
                    BASELINE="612 1682 1258 1677" 
                    HPOS="611"
                    VPOS="1631"
                    WIDTH="647"
                    HEIGHT="74">
            <Shape><Polygon POINTS="612 1682 612 1696 660 1705 661 1705 791 1698 817 1705 819 1705 820 1705 822 1705 823 1705 837 1696 910 1704 911 1704 993 1696 1039 1704 1041 1704 1116 1696 1229 1701 1231 1701 1232 1701 1258 1692 1258 1677 1255 1638 1048 1631 1047 1631 1015 1632 1014 1632 1012 1632 1012 1634 1005 1640 999 1646 929 1641 892 1638 890 1638 889 1638 883 1641 874 1646 864 1641 846 1632 844 1632 843 1632 841 1632 840 1632 829 1641 822 1649 724 1649 703 1643 669 1634 667 1634 666 1634 664 1634 663 1634 649 1643 645 1646 611 1644 612 1682"/></Shape>
	    <String CONTENT="mirum (Ad quem ſcribatur"
                    HPOS="611"
                    VPOS="1631"
                    WIDTH="647"
                    HEIGHT="74"></String>
          </TextLine>

          
          
          <TextLine ID="eSc_line_e4110e09"
                    TAGREFS="LT4119"
                    BASELINE="612 1801 1268 1798" 
                    HPOS="611"
                    VPOS="1745"
                    WIDTH="657"
                    HEIGHT="78">
            <Shape><Polygon POINTS="612 1801 612 1812 675 1821 676 1823 780 1823 780 1821 782 1821 797 1815 800 1814 829 1815 938 1821 939 1821 971 1817 997 1812 1267 1818 1268 1798 1265 1763 1222 1763 1221 1762 1210 1753 1209 1753 1207 1753 1206 1753 1158 1760 1157 1760 1137 1745 1136 1745 1134 1745 1133 1745 1131 1745 1084 1759 1073 1762 1061 1759 1014 1747 1012 1747 1011 1747 1009 1747 1008 1747 994 1757 987 1763 936 1763 922 1756 902 1747 901 1747 899 1747 844 1750 843 1750 831 1754 809 1763 722 1760 715 1753 710 1748 710 1747 709 1747 707 1747 706 1747 611 1750 612 1801"/></Shape>
	    <String CONTENT="Ergo quæritur, quis ſeribat?"
                    HPOS="611"
                    VPOS="1745"
                    WIDTH="657"
                    HEIGHT="78"
                    WC="0.993966860430581"></String>
          </TextLine>

          
          
          <TextLine ID="eSc_line_e480d6e6"
                    TAGREFS="LT4119"
                    BASELINE="788 1741 1319 1737" 
                    HPOS="786"
                    VPOS="1690"
                    WIDTH="533"
                    HEIGHT="75">
            <Shape><Polygon POINTS="788 1741 788 1765 850 1756 898 1762 920 1765 922 1765 954 1760 999 1754 1011 1759 1021 1763 1023 1763 1024 1763 1105 1756 1131 1754 1146 1754 1216 1762 1218 1762 1219 1762 1249 1753 1296 1760 1298 1760 1299 1760 1319 1750 1319 1737 1316 1704 1219 1701 1209 1690 1207 1690 1206 1690 1204 1690 1090 1692 1088 1692 1066 1701 1058 1704 1014 1701 975 1698 974 1698 972 1698 971 1698 968 1701 959 1707 893 1707 881 1699 870 1693 868 1693 867 1693 786 1698 788 1741"/></Shape>
	    <String CONTENT="(Summam precationis"
                    HPOS="786"
                    VPOS="1690"
                    WIDTH="533"
                    HEIGHT="75"
                    WC="0.99780807997051"></String>
          </TextLine>

          
          
          <TextLine ID="eSc_line_970a2064"
                    TAGREFS="LT4119"
                    BASELINE="776 1854 1438 1854" 
                    HPOS="776"
                    VPOS="1808"
                    WIDTH="662"
                    HEIGHT="71">
            <Shape><Polygon POINTS="1430 1818 1415 1817 1400 1815 1386 1814 1384 1811 1368 1818 1366 1818 1363 1818 1305 1808 1304 1808 1302 1808 1267 1817 1261 1818 1258 1817 1244 1808 1243 1808 1241 1808 1240 1808 1238 1808 1216 1817 1210 1820 1128 1820 1115 1815 1093 1808 1091 1808 1090 1808 1088 1808 1073 1814 1063 1820 1039 1820 1035 1814 1029 1809 1029 1808 1027 1808 1026 1808 1024 1808 1023 1808 1009 1814 997 1818 962 1812 929 1808 928 1808 926 1808 916 1812 901 1820 874 1820 864 1811 861 1808 859 1808 858 1808 856 1808 855 1808 846 1811 828 1818 776 1811 776 1854 776 1867 841 1869 850 1878 852 1878 853 1878 855 1878 908 1869 911 1869 917 1869 968 1878 969 1879 1015 1879 1015 1878 1017 1878 1018 1878 1018 1876 1026 1870 1027 1869 1035 1870 1088 1878 1090 1878 1154 1870 1163 1870 1280 1870 1283 1872 1289 1878 1290 1878 1292 1878 1293 1878 1438 1872 1438 1854 1438 1820 1430 1818"/></Shape>
	    <String CONTENT="( Plaulus, perſonam deſignat"
                    HPOS="776"
                    VPOS="1808"
                    WIDTH="662"
                    HEIGHT="71"></String>
          </TextLine>

          
          
          <TextLine ID="eSc_line_3a8df114"
                    TAGREFS="LT4119"
                    BASELINE="617 1918 1557 1915" 
                    HPOS="615"
                    VPOS="1864"
                    WIDTH="942"
                    HEIGHT="73">
            <Shape><Polygon POINTS="617 1918 617 1930 1058 1937 1060 1937 1215 1934 1496 1928 1554 1936 1557 1915 1554 1869 1444 1864 1442 1864 1441 1864 1439 1864 1433 1869 1424 1875 1417 1870 1411 1864 1409 1864 1408 1864 1375 1864 1374 1864 1372 1864 1351 1870 1326 1879 1273 1879 1253 1872 1234 1864 1232 1864 1231 1864 1229 1864 1228 1864 1216 1872 1207 1878 1154 1873 1139 1872 1137 1872 1112 1873 1024 1879 1015 1875 1011 1870 1009 1870 1008 1870 1006 1870 1005 1870 990 1875 972 1879 962 1875 942 1866 941 1866 939 1866 938 1866 916 1875 907 1879 904 1875 895 1867 895 1866 893 1866 892 1866 858 1866 856 1866 855 1866 853 1866 837 1876 831 1881 779 1881 773 1876 751 1866 749 1866 748 1866 684 1876 669 1866 667 1866 666 1866 627 1866 626 1866 624 1866 623 1866 623 1867 615 1873 617 1918"/></Shape>
	    <String CONTENT="Sc ibit ( Apoſtolus, munus ſuum deſcribit"
                    HPOS="615"
                    VPOS="1864"
                    WIDTH="942"
                    HEIGHT="73"></String>
          </TextLine>

          
          
          <TextLine ID="eSc_line_224d2316"
                    TAGREFS="LT4119"
                    BASELINE="780 1975 1655 1972" 
                    HPOS="779"
                    VPOS="1924"
                    WIDTH="876"
                    HEIGHT="71">
            <Shape><Polygon POINTS="780 1975 780 1991 1283 1994 1284 1994 1286 1994 1307 1988 1314 1986 1325 1988 1362 1994 1363 1994 1392 1988 1398 1986 1402 1988 1423 1994 1424 1994 1426 1995 1591 1995 1591 1994 1653 1985 1655 1972 1652 1937 1582 1924 1580 1924 1579 1924 1577 1924 1577 1925 1570 1933 1557 1927 1555 1927 1554 1927 1512 1936 1467 1924 1466 1924 1464 1924 1463 1924 1430 1936 1403 1924 1402 1924 1400 1924 1399 1924 1398 1924 1381 1936 1317 1927 1316 1927 1314 1927 1313 1927 1313 1928 1304 1937 1279 1937 1267 1925 1267 1924 1265 1924 1264 1924 1225 1924 1224 1924 1222 1924 1221 1924 1201 1937 1183 1925 1182 1925 1180 1925 1179 1925 1024 1937 1011 1927 1011 1925 1009 1925 1008 1925 978 1925 977 1925 896 1937 874 1925 873 1925 837 1925 835 1925 834 1925 832 1925 832 1927 820 1939 779 1939 780 1975"/></Shape>
	    <String CONTENT="(Plus eſt enim dixiſſe Apoſtolũ, quàm"
                    HPOS="779"
                    VPOS="1924"
                    WIDTH="876"
                    HEIGHT="71"
                    WC="0.978197822204003"></String>
          </TextLine>

          
          
          <TextLine ID="eSc_line_27e11e9f"
                    TAGREFS="LT4119"
                    BASELINE="612 2034 1658 2030" 
                    HPOS="611"
                    VPOS="1980"
                    WIDTH="1047"
                    HEIGHT="81">
            <Shape><Polygon POINTS="612 2034 612 2050 687 2050 701 2061 703 2061 704 2061 706 2061 773 2050 809 2059 810 2059 812 2059 813 2059 815 2059 828 2050 916 2050 956 2061 957 2061 959 2061 960 2061 996 2049 1307 2059 1308 2059 1398 2049 1411 2058 1412 2058 1414 2058 1415 2059 1493 2059 1493 2058 1555 2047 1574 2058 1576 2058 1577 2059 1635 2059 1635 2058 1637 2058 1638 2058 1658 2046 1658 2030 1655 1994 1583 1994 1574 1985 1573 1985 1572 1985 1570 1985 1479 1989 1467 1982 1466 1982 1464 1982 1463 1982 1461 1982 1460 1982 1447 1991 1375 1980 1374 1980 1372 1980 1371 1980 1351 1992 1322 1982 1320 1982 1319 1982 1317 1982 1292 1994 1241 1983 1240 1983 1238 1983 1207 1995 1081 1995 1063 1980 1061 1980 1060 1980 960 1980 959 1980 819 1982 817 1982 783 1997 681 1997 663 1982 661 1982 660 1982 627 1982 626 1982 624 1982 623 1982 623 1983 611 1994 612 2034"/></Shape>
	    <String CONTENT="ſeruum Dei ſimpliciter, quod alibi facit. Chry¬"
                    HPOS="611"
                    VPOS="1980"
                    WIDTH="1047"
                    HEIGHT="81"
                    WC="0.997047326666244"></String>
          </TextLine>

          
          
          <TextLine ID="eSc_line_9adff854"
                    TAGREFS="LT4119"
                    BASELINE="614 2094 1253 2091" 
                    HPOS="612"
                    VPOS="2047"
                    WIDTH="641"
                    HEIGHT="72">
            <Shape><Polygon POINTS="614 2094 614 2108 627 2117 629 2117 630 2117 632 2119 742 2119 742 2117 743 2117 745 2117 755 2108 931 2117 932 2117 1018 2116 1020 2116 1021 2116 1036 2107 1038 2107 1253 2107 1253 2091 1250 2064 1097 2064 1097 2062 1087 2053 1087 2052 1085 2052 1084 2052 1082 2052 1048 2059 1002 2049 1000 2049 999 2049 963 2059 933 2047 932 2047 931 2047 929 2047 887 2058 865 2049 864 2049 862 2049 861 2049 835 2061 834 2061 832 2061 782 2047 780 2047 749 2047 748 2047 746 2047 745 2047 745 2049 733 2061 730 2064 721 2061 688 2047 687 2047 620 2047 618 2047 617 2047 615 2047 615 2049 614 2049 612 2050 614 2094"/></Shape>
	    <String CONTENT="ſoſto. hoc annotat"
                    HPOS="612"
                    VPOS="2047"
                    WIDTH="641"
                    HEIGHT="72"
                    WC="0.998736186159982"></String>
          </TextLine>

          
          
          <TextLine ID="eSc_line_f805dae5"
                    TAGREFS="LT4119"
                    BASELINE="666 2152 1656 2147" 
                    HPOS="664"
                    VPOS="2099"
                    WIDTH="992"
                    HEIGHT="90">
            <Shape><Polygon POINTS="666 2152 666 2189 728 2187 730 2187 779 2174 850 2184 852 2184 892 2175 913 2186 914 2186 916 2186 917 2186 919 2186 933 2177 1063 2186 1081 2186 1082 2186 1084 2186 1087 2186 1124 2172 1195 2180 1197 2180 1258 2172 1271 2181 1273 2181 1274 2181 1276 2181 1325 2177 1344 2183 1351 2184 1353 2184 1354 2184 1369 2183 1398 2177 1412 2181 1417 2183 1418 2183 1420 2183 1421 2183 1424 2181 1444 2171 1475 2181 1481 2183 1482 2183 1484 2183 1485 2183 1491 2181 1518 2171 1653 2178 1656 2147 1652 2104 1583 2110 1576 2104 1572 2101 1572 2099 1570 2099 1569 2099 1432 2099 1430 2099 1429 2099 1417 2105 1409 2110 1405 2105 1398 2099 1396 2099 1395 2099 1393 2099 1357 2105 1350 2107 1347 2105 1335 2099 1334 2099 1332 2099 1301 2107 1277 2113 1201 2113 1195 2107 1191 2104 1189 2104 1188 2104 1186 2104 1155 2108 1125 2111 1119 2108 1109 2101 1107 2101 1106 2101 1105 2101 1051 2108 1049 2108 1041 2101 1039 2101 1038 2101 1036 2101 1035 2101 1006 2108 990 2113 963 2110 933 2105 932 2105 901 2110 881 2113 873 2110 849 2102 847 2102 846 2102 844 2102 826 2111 820 2113 813 2111 788 2102 786 2102 785 2102 783 2102 782 2102 773 2111 771 2113 664 2113 666 2152"/></Shape>
	    <String CONTENT="Apoſtolum autem ſe vocat, &amp; Ieſu Chriſti:nõ"
                    HPOS="664"
                    VPOS="2099"
                    WIDTH="992"
                    HEIGHT="90"
                    WC="0.98039335147901"></String>
          </TextLine>

          
        </TextBlock>
        
        <TextBlock HPOS="1423.652587890625"
                   VPOS="2177.907470703125"
                   WIDTH="237.0455322265625"
                   HEIGHT="50.451416015625"
                   ID="block_3"
                   TAGREFS="BT10534">
          <Shape><Polygon POINTS="1423.65 2177.91 1660.7 2177.91 1660.7 2228.36 1423.65 2228.36 1423.65 2177.91"/></Shape>
          
          
          <TextLine ID="eSc_line_a047159d"
                    TAGREFS="LT4119"
                    BASELINE="1432 2210 1658 2207" 
                    HPOS="1430"
                    VPOS="2165"
                    WIDTH="228"
                    HEIGHT="77">
            <Shape><Polygon POINTS="1432 2210 1432 2233 1656 2242 1658 2207 1656 2174 1624 2165 1622 2165 1621 2165 1569 2171 1540 2174 1430 2168 1432 2210"/></Shape>
	    <String CONTENT="hominum"
                    HPOS="1430"
                    VPOS="2165"
                    WIDTH="228"
                    HEIGHT="77"
                    WC="0.98833224603108"></String>
          </TextLine>

          
        </TextBlock>
        

        
      </PrintSpace>
    </Page>
  </Layout>
</alto>
