<?xml version="1.0" encoding="UTF-8"?>
<alto xmlns:xsi="http://www.w3.org/2001/XMLSchema-instance"
      xmlns="http://www.loc.gov/standards/alto/ns-v4#"
      xsi:schemaLocation="http://www.loc.gov/standards/alto/ns-v4# http://www.loc.gov/standards/alto/v4/alto-4-2.xsd">
  <Description>
    <MeasurementUnit>pixel</MeasurementUnit>
    <sourceImageInformation>
      <fileName>2012924.png</fileName>
      
    </sourceImageInformation>
  </Description>
  
  <Tags>
    <OtherTag ID="BT10544" LABEL="text" DESCRIPTION="block type text"/><OtherTag ID="BT10543" LABEL="NumberingZone" DESCRIPTION="block type NumberingZone"/><OtherTag ID="BT10542" LABEL="MainZone" DESCRIPTION="block type MainZone"/><OtherTag ID="BT10538" LABEL="RunningTitleZone" DESCRIPTION="block type RunningTitleZone"/><OtherTag ID="BT10537" LABEL="DropCapitalZone" DESCRIPTION="block type DropCapitalZone"/><OtherTag ID="BT10536" LABEL="GraphicZone" DESCRIPTION="block type GraphicZone"/><OtherTag ID="BT10535" LABEL="TitlePageZone" DESCRIPTION="block type TitlePageZone"/><OtherTag ID="BT10534" LABEL="QuireMarksZone" DESCRIPTION="block type QuireMarksZone"/><OtherTag ID="BT10533" LABEL="MarginTextZone" DESCRIPTION="block type MarginTextZone"/>
    <OtherTag ID="LT4122" LABEL="default" DESCRIPTION="line type default"/><OtherTag ID="LT4119" LABEL="DefaultLine" DESCRIPTION="line type DefaultLine"/><OtherTag ID="LT4118" LABEL="HeadingLine" DESCRIPTION="line type HeadingLine"/><OtherTag ID="LT4117" LABEL="CustomLine : BiblicalText" DESCRIPTION="line type CustomLine : BiblicalText"/>
  </Tags>
  
  <Layout>
    <Page WIDTH="1807"
          HEIGHT="2677"
          PHYSICAL_IMG_NR="40"
          ID="eSc_dummypage_">
      <PrintSpace HPOS="0"
                  VPOS="0"
                  WIDTH="1807"
                  HEIGHT="2677">
        
        <TextBlock HPOS="630.5891723632812"
                   VPOS="176.25735473632812"
                   WIDTH="79.85321044921875"
                   HEIGHT="49.985198974609375"
                   ID="block_3"
                   TAGREFS="BT10543">
          <Shape><Polygon POINTS="630.589 176.257 710.442 176.257 710.442 226.243 630.589 226.243 630.589 176.257"/></Shape>
          
          
          <TextLine ID="eSc_line_4b07e8ee"
                    TAGREFS="LT4119"
                    BASELINE="639 214 722 214" 
                    HPOS="639"
                    VPOS="178"
                    WIDTH="83"
                    HEIGHT="59">
            <Shape><Polygon POINTS="639 214 639 230 678 237 679 237 681 237 722 223 722 214 722 181 639 178 639 214"/></Shape>
	    <String CONTENT="12"
                    HPOS="639"
                    VPOS="178"
                    WIDTH="83"
                    HEIGHT="59"
                    WC="0.999933660030365"></String>
          </TextLine>

          
        </TextBlock>
        
        <TextBlock HPOS="818.68701171875"
                   VPOS="162.95309448242188"
                   WIDTH="706.0947265625"
                   HEIGHT="67.50764465332031"
                   ID="block_2"
                   TAGREFS="BT10538">
          <Shape><Polygon POINTS="818.687 162.953 1524.78 162.953 1524.78 230.461 818.687 230.461 818.687 162.953"/></Shape>
          
          
          <TextLine ID="eSc_line_50bbf83c"
                    TAGREFS="LT4118"
                    BASELINE="817 215 1514 209" 
                    HPOS="816"
                    VPOS="162"
                    WIDTH="698"
                    HEIGHT="72">
            <Shape><Polygon POINTS="1411 165 1396 165 1381 165 1366 165 1363 163 1353 174 1351 175 1344 174 1313 163 1307 163 1298 163 1256 172 1229 178 1113 178 1085 169 1064 162 1063 162 1061 162 1024 168 953 179 905 176 895 165 893 165 893 163 892 163 890 163 889 163 816 163 817 215 817 226 901 234 902 234 941 226 942 226 945 226 981 234 983 234 984 234 986 234 987 234 987 233 989 233 994 226 996 224 1011 226 1079 233 1081 233 1195 226 1215 232 1216 232 1218 232 1219 232 1237 224 1241 223 1244 224 1256 232 1258 232 1259 232 1261 232 1314 224 1340 221 1366 224 1418 230 1420 230 1512 223 1514 209 1511 176 1448 176 1447 175 1426 165"/></Shape>
	    <String CONTENT="AD I. PAVL. AD TIM."
                    HPOS="816"
                    VPOS="162"
                    WIDTH="698"
                    HEIGHT="72"
                    WC="0.999600040285211"></String>
          </TextLine>

          
        </TextBlock>
        
        <TextBlock HPOS="620.225341796875"
                   VPOS="235.73361206054688"
                   WIDTH="1083.3426513671875"
                   HEIGHT="1895.3945617675781"
                   ID="block_0"
                   TAGREFS="BT10542">
          <Shape><Polygon POINTS="620.225 235.734 1703.57 235.734 1703.57 2131.13 620.225 2131.13 620.225 235.734"/></Shape>
          
          
          <TextLine ID="eSc_line_e8fefd62"
                    TAGREFS="LT4119"
                    BASELINE="636 285 1688 279" 
                    HPOS="635"
                    VPOS="227"
                    WIDTH="1053"
                    HEIGHT="80">
            <Shape><Polygon POINTS="1661 242 1646 239 1631 236 1616 233 1601 230 1597 229 1583 227 1582 227 1525 240 1454 240 1430 227 1429 227 1427 227 1362 240 1357 242 1308 242 1307 240 1286 230 1284 230 1283 230 1231 240 1229 240 1228 240 1189 229 1188 229 1186 229 1185 229 1183 229 1168 239 1079 230 1078 230 1076 230 1048 240 1045 242 1042 240 1018 232 1017 232 1015 232 969 240 962 242 951 240 875 232 764 232 762 232 761 232 733 242 728 243 725 242 712 233 710 233 709 233 655 232 654 232 652 232 635 239 636 285 636 300 859 307 861 307 862 307 877 301 880 300 971 301 1130 304 1131 304 1158 301 1203 297 1244 301 1268 304 1270 304 1271 304 1277 301 1289 297 1334 301 1356 304 1357 304 1359 304 1368 301 1386 297 1399 303 1405 304 1406 304 1408 304 1409 304 1414 303 1427 295 1493 303 1503 303 1505 303 1516 303 1600 295 1638 303 1643 303 1644 303 1646 303 1647 303 1670 295 1682 303 1688 279 1685 245 1676 245"/></Shape>
	    <String CONTENT="fuit vt melius poſtea Chriſtum agnoſcerent. Nos"
                    HPOS="635"
                    VPOS="227"
                    WIDTH="1053"
                    HEIGHT="80"
                    WC="0.994981150677864"></String>
          </TextLine>

          
          
          <TextLine ID="eSc_line_48b71fff"
                    TAGREFS="LT4119"
                    BASELINE="636 345 1688 339" 
                    HPOS="635"
                    VPOS="292"
                    WIDTH="1053"
                    HEIGHT="73">
            <Shape><Polygon POINTS="636 345 636 359 1160 365 1161 365 1163 365 1164 365 1177 356 1179 356 1183 356 1218 364 1219 364 1377 356 1380 356 1381 356 1392 364 1393 364 1395 364 1396 364 1686 353 1688 339 1685 304 1582 304 1580 303 1569 294 1567 294 1566 294 1564 294 1563 294 1542 301 1506 292 1505 292 1503 292 1453 301 1426 292 1424 292 1423 292 1421 292 1420 292 1409 301 1405 304 1393 301 1368 297 1366 297 1365 297 1363 297 1357 301 1353 306 1267 306 1262 301 1253 294 1252 294 1250 294 1249 294 1173 301 1112 307 1036 307 1024 300 1018 295 1017 295 1015 295 956 295 954 295 953 295 951 295 947 300 938 304 889 298 864 297 862 297 850 298 809 307 635 298 636 345"/></Shape>
	    <String CONTENT="iam ex ea familia natum ſcimus &amp; habemus vt"
                    HPOS="635"
                    VPOS="292"
                    WIDTH="1053"
                    HEIGHT="73"
                    WC="0.991184096003688"></String>
          </TextLine>

          
          
          <TextLine ID="eSc_line_d403bead"
                    TAGREFS="LT4119"
                    BASELINE="635 404 1688 397" 
                    HPOS="633"
                    VPOS="350"
                    WIDTH="1055"
                    HEIGHT="79">
            <Shape><Polygon POINTS="635 404 635 420 759 429 761 429 762 429 795 420 797 420 800 420 901 428 902 428 904 428 905 428 914 419 916 419 931 419 1055 425 1057 425 1058 425 1075 417 1078 417 1079 417 1106 426 1107 426 1109 426 1179 419 1264 426 1265 426 1342 419 1366 425 1368 425 1369 425 1371 425 1400 416 1402 416 1405 416 1475 425 1476 425 1478 425 1496 414 1497 414 1499 414 1516 422 1518 422 1519 422 1552 414 1554 414 1569 423 1570 423 1572 423 1573 423 1686 413 1688 397 1683 358 1615 361 1592 358 1554 350 1552 350 1551 350 1549 350 1540 358 1533 362 1414 362 1399 358 1386 352 1384 352 1383 352 1337 358 1292 362 1279 358 1267 352 1265 352 1264 352 1229 358 1200 362 1192 358 1189 353 1188 353 1186 353 1185 353 1183 353 1174 358 1164 361 1136 358 1105 353 1103 353 1102 353 1100 353 1100 355 1097 358 1088 365 1024 365 951 358 928 355 926 355 925 355 916 358 887 365 855 358 843 355 841 355 840 355 834 358 810 367 745 358 734 356 733 356 731 356 728 358 696 367 633 358 635 404"/></Shape>
	    <String CONTENT="hac inueſtigatione nobis hodie nõ ſit opus. Dein"
                    HPOS="633"
                    VPOS="350"
                    WIDTH="1055"
                    HEIGHT="79"
                    WC="0.997440407470781"></String>
          </TextLine>

          
          
          <TextLine ID="eSc_line_6b2ca01c"
                    TAGREFS="LT4119"
                    BASELINE="636 462 1688 456" 
                    HPOS="635"
                    VPOS="411"
                    WIDTH="1053"
                    HEIGHT="72">
            <Shape><Polygon POINTS="636 462 636 478 1423 483 1424 483 1686 472 1688 456 1685 422 1606 411 1604 411 1561 420 1528 411 1527 411 1525 411 1524 411 1522 411 1512 422 1308 422 1280 414 1279 414 1277 414 1276 414 1274 414 1265 423 1185 423 1174 414 1173 414 1171 414 1170 414 1130 422 1049 414 1048 414 1047 414 1014 422 965 414 963 414 962 414 941 423 734 416 733 416 688 425 660 416 658 416 657 416 655 416 635 425 636 462"/></Shape>
	    <String CONTENT="de prædicatur Chriſtus, vt non vnus tantùm fa¬"
                    HPOS="635"
                    VPOS="411"
                    WIDTH="1053"
                    HEIGHT="72"
                    WC="0.989945615859742"></String>
          </TextLine>

          
          
          <TextLine ID="eSc_line_d23a004d"
                    TAGREFS="LT4119"
                    BASELINE="638 522 1690 517" 
                    HPOS="636"
                    VPOS="471"
                    WIDTH="1054"
                    HEIGHT="76">
            <Shape><Polygon POINTS="638 522 638 544 1112 536 1130 541 1149 545 1151 545 1152 547 1338 547 1338 545 1451 538 1497 535 1503 538 1516 544 1518 544 1519 545 1597 545 1597 544 1598 544 1600 544 1609 536 1612 535 1689 535 1690 517 1688 477 1613 471 1612 471 1610 471 1589 477 1577 480 1572 477 1563 472 1561 472 1560 472 1536 477 1516 481 1499 477 1470 471 1469 471 1467 471 1454 478 1447 483 1400 483 1393 478 1377 471 1375 471 1374 471 1340 478 1319 484 1270 484 1261 480 1250 474 1249 474 1247 474 1246 474 1231 480 1221 484 1119 484 1087 480 999 472 997 472 911 481 883 484 865 481 815 474 813 474 812 474 810 474 797 483 794 484 721 484 716 483 690 474 688 474 687 474 636 483 638 522"/></Shape>
	    <String CONTENT="milię vel gentis: ſed omnium populorum, omniũ"
                    HPOS="636"
                    VPOS="471"
                    WIDTH="1054"
                    HEIGHT="76"
                    WC="0.999355300943902"></String>
          </TextLine>

          
          
          <TextLine ID="eSc_line_f0d57b33"
                    TAGREFS="LT4119"
                    BASELINE="633 580 1689 574" 
                    HPOS="632"
                    VPOS="529"
                    WIDTH="1057"
                    HEIGHT="71">
            <Shape><Polygon POINTS="633 580 633 600 1270 593 1384 599 1387 599 1389 599 1392 599 1496 591 1686 597 1689 574 1686 536 1630 529 1628 529 1627 529 1625 529 1618 536 1615 539 1515 539 1508 536 1476 530 1475 530 1408 538 1402 538 1399 538 1369 530 1368 530 1366 530 1329 538 1323 539 1319 538 1298 530 1296 530 1295 530 1293 530 1292 530 1280 538 1277 539 1252 539 1085 532 1084 532 986 539 977 532 975 532 974 532 895 532 893 532 892 532 861 542 856 544 739 544 739 542 728 533 727 533 725 533 669 533 667 533 666 533 632 542 633 580"/></Shape>
	    <String CONTENT="nationum Mediator, Deus &amp; Redemptor, vt in"
                    HPOS="632"
                    VPOS="529"
                    WIDTH="1057"
                    HEIGHT="71"
                    WC="0.995930613506408"></String>
          </TextLine>

          
          
          <TextLine ID="eSc_line_dc9c65e9"
                    TAGREFS="LT4119"
                    BASELINE="636 639 1689 633" 
                    HPOS="635"
                    VPOS="585"
                    WIDTH="1054"
                    HEIGHT="78">
            <Shape><Polygon POINTS="636 639 636 658 944 654 948 655 960 661 962 661 963 663 1146 663 1146 661 1222 654 1235 652 1238 652 1256 660 1258 660 1259 661 1409 661 1409 660 1453 651 1454 651 1456 651 1478 658 1479 658 1481 658 1534 651 1625 658 1627 658 1689 648 1689 633 1685 597 1628 597 1625 596 1612 585 1610 585 1609 585 1519 585 1518 585 1516 585 1515 585 1505 594 1491 585 1490 585 1488 585 1487 585 1485 585 1463 596 1458 597 1453 596 1438 591 1436 591 1435 591 1409 596 1389 599 1381 596 1371 590 1369 590 1368 590 1310 594 1296 596 1295 594 1286 587 1284 587 1283 587 1282 587 1280 587 1259 594 1252 597 1243 594 1218 587 1216 587 1215 587 1213 587 1212 587 1203 594 1195 602 1158 603 1084 603 1066 594 1063 593 1061 593 1060 593 1058 593 1057 593 1055 594 1042 603 971 603 916 593 899 591 898 591 883 593 825 603 812 593 809 590 807 590 806 590 804 590 803 590 795 593 785 597 764 593 751 590 749 590 635 591 636 639"/></Shape>
	    <String CONTENT="ſola Iudæorum gente non ſit hodie nobis Chri¬"
                    HPOS="635"
                    VPOS="585"
                    WIDTH="1054"
                    HEIGHT="78"
                    WC="0.978485208087497"></String>
          </TextLine>

          
          
          <TextLine ID="eSc_line_ef8d74d9"
                    TAGREFS="LT4119"
                    BASELINE="636 697 1686 691" 
                    HPOS="635"
                    VPOS="645"
                    WIDTH="1051"
                    HEIGHT="71">
            <Shape><Polygon POINTS="636 697 636 716 1685 707 1686 691 1685 658 1652 645 1650 645 1525 645 1524 645 1522 645 1491 657 1478 645 1476 645 1475 645 1433 645 1432 645 1430 645 1429 645 1417 655 1412 660 1323 660 1317 655 1304 646 1302 646 1301 646 1273 646 1271 646 1270 646 1268 646 1259 655 1253 658 1224 654 1161 646 1160 646 1158 646 1134 654 1128 655 1124 654 1109 648 1107 648 1106 648 1006 649 1005 649 1003 649 999 652 989 660 935 652 899 648 898 648 896 648 887 652 870 661 635 651 636 697"/></Shape>
	    <String CONTENT="ſtus quærendus. Dixit, &amp; quidem rectè, Auguſt."
                    HPOS="635"
                    VPOS="645"
                    WIDTH="1051"
                    HEIGHT="71"
                    WC="0.979049524094196"></String>
          </TextLine>

          
          
          <TextLine ID="eSc_line_207480dc"
                    TAGREFS="LT4119"
                    BASELINE="638 756 1686 749" 
                    HPOS="636"
                    VPOS="703"
                    WIDTH="1050"
                    HEIGHT="70">
            <Shape><Polygon POINTS="638 756 638 773 1685 765 1686 749 1683 710 1533 703 1531 703 1530 703 1514 712 1506 715 1473 712 1421 707 1420 707 1386 713 1366 716 1359 713 1340 704 1338 704 1337 704 1335 704 1317 713 1311 718 1201 718 1195 715 1174 706 1173 706 1171 706 1066 716 1052 718 1049 718 1026 707 1024 707 935 707 933 707 932 707 931 707 917 716 893 707 892 707 890 707 835 719 826 722 740 722 739 721 727 710 725 710 724 710 669 709 667 709 666 709 636 721 638 756"/></Shape>
	    <String CONTENT="etiam veteris Teſtamenti Genealogias ad Chri¬"
                    HPOS="636"
                    VPOS="703"
                    WIDTH="1050"
                    HEIGHT="70"
                    WC="0.994936421182421"></String>
          </TextLine>

          
          
          <TextLine ID="eSc_line_2f34a728"
                    TAGREFS="LT4119"
                    BASELINE="636 816 1690 810" 
                    HPOS="635"
                    VPOS="764"
                    WIDTH="1055"
                    HEIGHT="76">
            <Shape><Polygon POINTS="636 816 636 832 737 832 746 840 748 840 749 840 751 840 889 831 933 829 945 831 977 838 978 838 980 838 1003 831 1011 829 1018 831 1035 838 1036 838 1038 840 1119 840 1119 838 1121 838 1140 831 1149 829 1179 831 1240 837 1241 837 1243 837 1258 831 1268 828 1688 831 1690 810 1689 779 1650 764 1649 764 1536 764 1534 764 1533 764 1485 779 1450 779 1417 779 1415 779 1372 767 1371 767 1369 767 1368 767 1345 777 1308 765 1307 765 1284 765 1283 765 1282 765 1280 765 1264 779 1264 780 1055 780 1052 779 1029 767 1027 767 904 767 902 767 901 767 878 777 831 768 829 768 828 768 801 780 795 782 789 780 759 770 758 770 757 770 755 770 731 780 725 782 712 780 643 768 642 768 641 768 639 768 639 770 638 770 635 771 636 816"/></Shape>
	    <String CONTENT="ſtum pertinuiſſe lib.19. contra Fauſt. cap.351. Vnde"
                    HPOS="635"
                    VPOS="764"
                    WIDTH="1055"
                    HEIGHT="76"
                    WC="0.98858828498767"></String>
          </TextLine>

          
          
          <TextLine ID="eSc_line_67fdf02f"
                    TAGREFS="LT4119"
                    BASELINE="636 874 1688 867" 
                    HPOS="635"
                    VPOS="823"
                    WIDTH="1053"
                    HEIGHT="75">
            <Shape><Polygon POINTS="636 874 636 890 709 898 710 898 712 898 727 890 731 887 923 887 939 889 1015 896 1017 896 1018 896 1045 889 1188 893 1189 893 1328 886 1351 884 1360 884 1423 893 1424 893 1426 893 1448 884 1470 893 1472 893 1473 893 1686 881 1688 867 1686 837 1643 823 1641 823 1640 823 1638 823 1609 834 1592 826 1591 826 1589 826 1588 826 1569 837 1444 837 1420 825 1418 825 1368 825 1366 825 1365 825 1363 825 1363 826 1350 837 1118 826 1116 826 1115 826 1113 826 1097 840 840 841 816 829 815 829 734 829 733 829 731 829 730 829 718 840 676 831 675 831 673 831 635 843 636 874"/></Shape>
	    <String CONTENT="apud illos ante natum Chriſtum fuit hæc quæ¬"
                    HPOS="635"
                    VPOS="823"
                    WIDTH="1053"
                    HEIGHT="75"
                    WC="0.996949590065263"></String>
          </TextLine>

          
          
          <TextLine ID="eSc_line_1a777b13"
                    TAGREFS="LT4119"
                    BASELINE="635 933 1690 928" 
                    HPOS="633"
                    VPOS="880"
                    WIDTH="1057"
                    HEIGHT="74">
            <Shape><Polygon POINTS="635 933 635 954 1689 947 1690 928 1686 893 1589 893 1586 893 1563 880 1561 880 1497 880 1496 880 1494 880 1493 880 1493 881 1481 890 1467 880 1466 880 1464 880 1430 880 1429 880 1427 880 1426 880 1426 881 1414 893 1411 896 1378 896 1374 893 1354 881 1353 881 1351 881 1350 881 1348 881 1310 893 1302 895 1237 895 1235 893 1209 881 1207 881 1206 881 1160 889 1130 883 1128 883 1127 883 1125 883 1113 893 1110 896 1099 893 1063 884 1061 884 1060 884 1058 884 1038 893 1032 898 991 898 983 893 950 883 948 883 947 883 893 890 877 884 875 884 874 884 873 884 852 893 843 898 831 895 798 884 797 884 795 884 794 884 757 895 740 899 679 899 675 895 664 886 664 884 663 884 661 884 660 884 658 884 633 892 635 933"/></Shape>
	    <String CONTENT="ſtio tolerabilior, quæ hodie ceſſat niſi ſi ſumus"
                    HPOS="633"
                    VPOS="880"
                    WIDTH="1057"
                    HEIGHT="74"
                    WC="0.994711978094918"></String>
          </TextLine>

          
          
          <TextLine ID="eSc_line_2691797a"
                    TAGREFS="LT4119"
                    BASELINE="635 991 1686 986" 
                    HPOS="633"
                    VPOS="939"
                    WIDTH="1053"
                    HEIGHT="73">
            <Shape><Polygon POINTS="635 991 635 1012 1685 1006 1686 986 1682 947 1628 950 1615 947 1594 939 1592 939 1591 939 1560 947 1540 950 1516 947 1476 939 1475 939 1473 939 1472 939 1461 947 1454 950 1363 947 1302 944 1301 944 1276 947 1224 951 1210 947 1198 941 1197 941 1195 941 1194 941 1183 947 1173 953 1039 953 1030 947 1026 942 1024 942 1023 942 1021 942 999 947 971 951 963 947 959 942 957 942 956 942 896 942 895 942 859 947 789 954 779 947 777 945 777 944 776 944 774 944 773 944 633 945 635 991"/></Shape>
	    <String CONTENT="infideles, &amp; Chriſtum verè natũ ſecundum Pro¬"
                    HPOS="633"
                    VPOS="939"
                    WIDTH="1053"
                    HEIGHT="73"
                    WC="0.994057820198384"></String>
          </TextLine>

          
          
          <TextLine ID="eSc_line_49219d8a"
                    TAGREFS="LT4119"
                    BASELINE="636 1052 1073 1049" 
                    HPOS="635"
                    VPOS="999"
                    WIDTH="438"
                    HEIGHT="79">
            <Shape><Polygon POINTS="636 1052 636 1078 696 1067 734 1075 752 1078 754 1078 755 1078 770 1073 789 1067 812 1072 841 1078 843 1078 844 1078 846 1078 846 1076 852 1070 856 1066 880 1069 931 1076 932 1076 933 1076 956 1066 957 1066 959 1066 983 1075 984 1075 986 1075 1048 1066 1058 1075 1060 1075 1061 1075 1063 1075 1064 1075 1066 1075 1066 1073 1067 1073 1073 1066 1073 1049 1070 1018 932 1012 919 1000 919 999 917 999 916 999 858 999 856 999 855 999 853 999 853 1000 840 1012 812 1000 810 1000 809 1000 807 1000 806 1000 791 1014 758 1015 757 1015 663 1000 661 1000 660 1000 635 1012 636 1052"/></Shape>
	    <String CONTENT="phetas dubitemus."
                    HPOS="635"
                    VPOS="999"
                    WIDTH="438"
                    HEIGHT="79"
                    WC="0.999168918413274"></String>
          </TextLine>

          
          
          <TextLine ID="eSc_line_b77647f5"
                    TAGREFS="LT4119"
                    BASELINE="682 1110 1689 1103" 
                    HPOS="681"
                    VPOS="1055"
                    WIDTH="1008"
                    HEIGHT="76">
            <Shape><Polygon POINTS="682 1110 682 1127 989 1124 994 1125 1021 1131 1023 1131 1024 1131 1026 1131 1041 1124 1042 1124 1047 1124 1082 1131 1084 1131 1122 1124 1131 1122 1139 1124 1164 1130 1165 1130 1167 1130 1168 1130 1182 1124 1185 1121 1295 1121 1301 1122 1320 1128 1322 1128 1323 1128 1325 1128 1345 1122 1350 1121 1353 1121 1375 1128 1377 1128 1378 1128 1380 1128 1408 1121 1411 1121 1417 1121 1485 1128 1487 1128 1689 1118 1689 1103 1686 1061 1621 1055 1619 1055 1618 1055 1616 1055 1610 1061 1600 1069 1509 1069 1493 1061 1482 1057 1481 1057 1479 1057 1478 1057 1476 1057 1472 1061 1461 1070 1433 1070 1406 1061 1392 1057 1390 1057 1389 1057 1387 1057 1386 1057 1386 1058 1381 1061 1372 1069 1282 1063 1280 1063 1228 1070 1216 1061 1215 1060 1213 1060 1212 1060 1119 1058 1118 1058 1116 1058 1110 1061 1091 1072 1011 1072 984 1061 980 1060 978 1060 977 1060 975 1060 974 1060 972 1061 954 1073 923 1073 892 1061 884 1060 883 1060 881 1060 800 1061 798 1061 797 1061 782 1073 748 1063 746 1063 681 1063 682 1110"/></Shape>
	    <String CONTENT="Duplici nomine condemnat eas Paulus, quòd"
                    HPOS="681"
                    VPOS="1055"
                    WIDTH="1008"
                    HEIGHT="76"
                    WC="0.989359665484655"></String>
          </TextLine>

          
          
          <TextLine ID="eSc_line_4a855e0a"
                    TAGREFS="LT4119"
                    BASELINE="632 1170 1688 1163" 
                    HPOS="630"
                    VPOS="1113"
                    WIDTH="1058"
                    HEIGHT="81">
            <Shape><Polygon POINTS="632 1170 632 1185 672 1194 673 1194 675 1194 694 1185 696 1185 704 1185 820 1194 822 1194 823 1194 852 1183 853 1183 855 1183 864 1191 865 1191 867 1191 868 1191 904 1183 905 1183 907 1183 914 1191 916 1191 917 1191 1051 1192 1052 1192 1054 1192 1087 1182 1090 1182 1093 1182 1127 1191 1128 1191 1130 1191 1229 1182 1247 1191 1249 1191 1250 1191 1252 1191 1284 1180 1289 1180 1307 1180 1456 1189 1457 1189 1458 1189 1485 1179 1488 1179 1503 1179 1597 1186 1598 1186 1686 1177 1688 1163 1683 1113 1615 1116 1613 1116 1612 1116 1597 1127 1527 1119 1525 1119 1467 1130 1353 1130 1337 1116 1335 1116 1334 1116 1332 1116 1198 1130 1164 1118 1163 1118 1161 1118 1109 1130 1058 1119 1057 1119 1055 1119 1021 1128 991 1119 990 1119 989 1119 987 1119 965 1130 932 1119 931 1119 929 1119 928 1119 895 1131 859 1119 858 1119 856 1119 855 1119 853 1119 852 1119 820 1130 789 1121 788 1121 786 1121 740 1130 722 1121 721 1121 719 1121 630 1121 632 1170"/></Shape>
	    <String CONTENT="&amp; ſint Infinitæ, &amp; Inutiles ad vitæ pietatem in"
                    HPOS="630"
                    VPOS="1113"
                    WIDTH="1058"
                    HEIGHT="81"
                    WC="0.977231571014891"></String>
          </TextLine>

          
          
          <TextLine ID="eSc_line_787f7262"
                    TAGREFS="LT4119"
                    BASELINE="632 1228 1689 1222" 
                    HPOS="630"
                    VPOS="1176"
                    WIDTH="1059"
                    HEIGHT="77">
            <Shape><Polygon POINTS="632 1228 632 1244 850 1253 852 1253 853 1253 892 1243 896 1243 916 1243 1124 1252 1125 1252 1127 1252 1168 1241 1170 1241 1171 1241 1219 1250 1221 1250 1222 1250 1247 1241 1400 1241 1414 1250 1415 1250 1417 1250 1418 1250 1508 1241 1540 1249 1542 1249 1543 1249 1545 1249 1546 1249 1555 1241 1652 1249 1653 1249 1655 1249 1689 1237 1689 1222 1685 1177 1485 1185 1472 1180 1463 1176 1461 1176 1460 1176 1441 1180 1412 1186 1350 1182 1296 1177 1295 1177 1265 1183 1244 1186 1229 1183 1206 1177 1204 1177 1203 1177 1174 1183 1157 1188 1130 1185 1084 1179 1082 1179 917 1186 896 1179 895 1179 893 1179 892 1179 890 1179 890 1180 881 1188 880 1189 853 1188 684 1180 682 1180 630 1191 632 1228"/></Shape>
	    <String CONTENT="nobis ſerendam &amp; gignendam. Vtrunque pugnat"
                    HPOS="630"
                    VPOS="1176"
                    WIDTH="1059"
                    HEIGHT="77"
                    WC="0.986979806145956"></String>
          </TextLine>

          
          
          <TextLine ID="eSc_line_9da10a14"
                    TAGREFS="LT4119"
                    BASELINE="630 1283 1686 1277" 
                    HPOS="629"
                    VPOS="1234"
                    WIDTH="1057"
                    HEIGHT="76">
            <Shape><Polygon POINTS="630 1283 630 1301 883 1310 884 1310 945 1299 951 1299 968 1299 1136 1308 1137 1308 1139 1308 1140 1308 1149 1301 1283 1307 1284 1307 1286 1307 1322 1298 1334 1307 1335 1307 1337 1307 1338 1307 1463 1305 1464 1305 1466 1305 1479 1296 1481 1296 1494 1296 1649 1305 1650 1305 1652 1305 1686 1295 1686 1277 1682 1243 1597 1243 1595 1243 1576 1234 1574 1234 1573 1234 1496 1243 1494 1243 1467 1234 1466 1234 1464 1234 1405 1244 1398 1246 1365 1246 1363 1244 1354 1235 1353 1235 1351 1235 1350 1235 1234 1243 1158 1235 1157 1235 1155 1235 1122 1246 1119 1246 1103 1246 896 1237 895 1237 893 1237 892 1237 877 1247 875 1249 737 1249 700 1249 646 1238 645 1238 643 1238 629 1244 630 1283"/></Shape>
	    <String CONTENT="cum vero omnis ſtudij &amp; inquiſitionis fine. Quæ¬"
                    HPOS="629"
                    VPOS="1234"
                    WIDTH="1057"
                    HEIGHT="76"
                    WC="0.991955541074276"></String>
          </TextLine>

          
          
          <TextLine ID="eSc_line_4aad33c7"
                    TAGREFS="LT4119"
                    BASELINE="630 1344 1688 1338" 
                    HPOS="629"
                    VPOS="1295"
                    WIDTH="1059"
                    HEIGHT="68">
            <Shape><Polygon POINTS="630 1344 630 1363 1686 1357 1688 1338 1683 1296 1476 1304 1470 1299 1466 1295 1464 1295 1463 1295 1423 1295 1421 1295 1420 1295 1418 1295 1412 1299 1403 1307 1368 1307 1311 1301 1250 1296 1249 1296 1247 1296 1246 1296 1240 1302 1235 1305 1221 1302 1206 1299 1204 1299 1179 1302 1152 1307 1052 1305 832 1299 831 1299 829 1299 828 1299 819 1308 817 1308 809 1308 658 1299 657 1299 655 1299 629 1310 630 1344"/></Shape>
	    <String CONTENT="rimus enim vt inueniamus: &amp; vt tandem ad ali¬"
                    HPOS="629"
                    VPOS="1295"
                    WIDTH="1059"
                    HEIGHT="68"
                    WC="0.981288369496663"></String>
          </TextLine>

          
          
          <TextLine ID="eSc_line_3b4cb447"
                    TAGREFS="LT4119"
                    BASELINE="633 1402 1689 1397" 
                    HPOS="632"
                    VPOS="1353"
                    WIDTH="1057"
                    HEIGHT="74">
            <Shape><Polygon POINTS="633 1402 633 1420 954 1427 956 1427 957 1427 981 1418 984 1418 987 1418 1006 1426 1008 1426 1009 1427 1216 1427 1216 1426 1218 1426 1241 1418 1253 1418 1566 1424 1567 1424 1569 1424 1598 1417 1600 1417 1644 1424 1646 1424 1688 1415 1689 1397 1685 1353 1577 1360 1502 1354 1487 1353 1485 1353 1484 1353 1482 1353 1481 1354 1469 1362 1334 1363 1264 1363 1255 1356 1253 1354 1252 1354 1250 1354 1249 1354 1247 1354 1244 1356 1231 1362 632 1362 633 1402"/></Shape>
	    <String CONTENT="quam cognitionem, atque etiam eam nobis vtilẽ"
                    HPOS="632"
                    VPOS="1353"
                    WIDTH="1057"
                    HEIGHT="74"
                    WC="0.976950826852218"></String>
          </TextLine>

          
          
          <TextLine ID="eSc_line_97677a9a"
                    TAGREFS="LT4119"
                    BASELINE="632 1460 1689 1460" 
                    HPOS="632"
                    VPOS="1414"
                    WIDTH="1057"
                    HEIGHT="71">
            <Shape><Polygon POINTS="632 1460 632 1485 1689 1481 1689 1460 1689 1418 1502 1414 1500 1414 1499 1414 1497 1414 1490 1418 1484 1423 1478 1418 1467 1414 1466 1414 1359 1414 1357 1414 1328 1420 1319 1421 1302 1420 1229 1414 1228 1414 1137 1421 1100 1424 1094 1421 1078 1414 1076 1414 987 1414 986 1414 916 1423 901 1426 632 1426 632 1460"/></Shape>
	    <String CONTENT="perueniamus &amp; infiſtamus ei acquieſcentes. Quẽ"
                    HPOS="632"
                    VPOS="1414"
                    WIDTH="1057"
                    HEIGHT="71"
                    WC="0.979939568550029"></String>
          </TextLine>

          
          
          <TextLine ID="eSc_line_4f078d9f"
                    TAGREFS="LT4119"
                    BASELINE="629 1519 1690 1519" 
                    HPOS="629"
                    VPOS="1472"
                    WIDTH="1061"
                    HEIGHT="71">
            <Shape><Polygon POINTS="629 1519 629 1537 1165 1543 1167 1543 1207 1540 1283 1536 1334 1542 1351 1543 1353 1543 1366 1542 1408 1536 1444 1542 1453 1543 1454 1543 1493 1542 1671 1536 1688 1543 1690 1519 1690 1484 1586 1484 1583 1482 1545 1472 1543 1472 1542 1472 1454 1479 1433 1473 1432 1473 1430 1473 1429 1473 1411 1481 1408 1484 1372 1484 1368 1481 1354 1472 1353 1472 1351 1472 1350 1472 1348 1472 1328 1481 1323 1482 1311 1481 1267 1472 1265 1472 1197 1479 1170 1482 1152 1479 1115 1472 1113 1472 1112 1472 1091 1479 1079 1484 997 1484 981 1478 959 1472 957 1472 956 1472 929 1478 908 1484 809 1484 780 1476 757 1472 755 1472 730 1476 697 1482 676 1476 663 1472 661 1472 660 1472 629 1475 629 1519"/></Shape>
	    <String CONTENT="fructum aut vſum non præſtant hæ quæſtiones."
                    HPOS="629"
                    VPOS="1472"
                    WIDTH="1061"
                    HEIGHT="71"
                    WC="0.994269087910652"></String>
          </TextLine>

          
          
          <TextLine ID="eSc_line_e456ef0e"
                    TAGREFS="LT4119"
                    BASELINE="629 1580 1690 1574" 
                    HPOS="627"
                    VPOS="1527"
                    WIDTH="1063"
                    HEIGHT="71">
            <Shape><Polygon POINTS="629 1580 629 1598 1689 1595 1690 1574 1688 1536 1631 1527 1630 1527 1628 1527 1627 1527 1616 1536 1613 1539 1585 1539 1574 1536 1519 1527 1518 1527 1516 1527 1515 1527 1503 1537 1502 1537 1493 1537 1411 1530 1409 1530 1357 1539 1348 1539 1338 1539 1240 1528 1238 1528 1237 1528 1213 1539 1185 1528 1183 1528 1182 1528 1180 1528 1157 1540 1155 1542 1029 1542 1002 1542 989 1530 987 1530 986 1530 984 1530 983 1530 953 1537 923 1530 922 1530 920 1530 846 1542 829 1531 828 1531 826 1531 825 1531 823 1531 798 1540 654 1531 652 1531 651 1531 627 1542 629 1580"/></Shape>
	    <String CONTENT="Edificationẽ igitur eam dicit quæ eſt in fide, id"
                    HPOS="627"
                    VPOS="1527"
                    WIDTH="1063"
                    HEIGHT="71"
                    WC="0.988894954919815"></String>
          </TextLine>

          
          
          <TextLine ID="eSc_line_eeba1dd9"
                    TAGREFS="LT4119"
                    BASELINE="629 1637 1685 1634" 
                    HPOS="627"
                    VPOS="1589"
                    WIDTH="1058"
                    HEIGHT="64">
            <Shape><Polygon POINTS="629 1637 629 1653 1683 1650 1685 1634 1683 1601 1659 1589 1658 1589 1576 1589 1574 1589 1573 1589 1572 1589 1572 1591 1558 1601 1557 1601 1429 1591 1427 1591 1371 1601 1311 1589 1310 1589 1308 1589 1307 1589 1290 1603 1222 1603 1207 1591 1206 1591 1204 1591 1167 1589 1165 1589 1164 1589 1133 1601 1087 1591 1085 1591 1084 1591 1054 1603 1035 1591 1033 1591 1032 1591 1030 1591 1029 1591 1006 1601 916 1592 914 1592 913 1592 911 1592 895 1604 843 1604 816 1591 815 1591 813 1591 812 1591 810 1591 795 1604 757 1604 667 1591 666 1591 664 1591 627 1604 629 1637"/></Shape>
	    <String CONTENT="eſt, quæ ſecundum ipſius Dei voluntatem, verbũ,"
                    HPOS="627"
                    VPOS="1589"
                    WIDTH="1058"
                    HEIGHT="64"
                    WC="0.979425419121981"></String>
          </TextLine>

          
          
          <TextLine ID="eSc_line_73ae2113"
                    TAGREFS="LT4119"
                    BASELINE="629 1695 1689 1690" 
                    HPOS="627"
                    VPOS="1646"
                    WIDTH="1062"
                    HEIGHT="67">
            <Shape><Polygon POINTS="629 1695 629 1713 1688 1708 1689 1690 1686 1659 1643 1659 1643 1658 1627 1646 1625 1646 1624 1646 1622 1646 1577 1655 1381 1646 1380 1646 1378 1646 1340 1658 1332 1659 1325 1658 1287 1647 1286 1647 1284 1647 1234 1658 1222 1659 1213 1658 1180 1647 1179 1647 1091 1647 1090 1647 1088 1647 1087 1647 1076 1656 1073 1659 1066 1656 1038 1647 1036 1647 981 1647 980 1647 978 1647 977 1647 965 1656 959 1662 716 1662 696 1656 667 1649 666 1649 664 1649 627 1655 629 1695"/></Shape>
	    <String CONTENT="&amp; præceptum eſt, &amp; ſolida. Nam finis Theolo¬"
                    HPOS="627"
                    VPOS="1646"
                    WIDTH="1062"
                    HEIGHT="67"
                    WC="0.980882545763796"></String>
          </TextLine>

          
          
          <TextLine ID="eSc_line_09439be3"
                    TAGREFS="LT4119"
                    BASELINE="630 1759 1686 1748" 
                    HPOS="629"
                    VPOS="1702"
                    WIDTH="1057"
                    HEIGHT="81">
            <Shape><Polygon POINTS="630 1759 630 1783 685 1775 765 1781 776 1781 777 1781 779 1781 780 1781 780 1780 788 1774 993 1777 1079 1778 1081 1778 1082 1778 1088 1775 1100 1771 1154 1775 1188 1777 1189 1777 1213 1774 1243 1769 1299 1772 1363 1775 1365 1775 1685 1765 1686 1748 1682 1710 1616 1714 1603 1710 1583 1702 1582 1702 1580 1702 1579 1702 1577 1702 1567 1710 1561 1714 1516 1711 1466 1707 1464 1707 1463 1707 1461 1707 1457 1711 1450 1717 1360 1717 1342 1713 1317 1705 1316 1705 1250 1705 1249 1705 1247 1705 1218 1714 1198 1720 1149 1720 1136 1714 1115 1707 1113 1707 1112 1707 1110 1707 1091 1714 1078 1722 1048 1722 1041 1716 1033 1708 1032 1708 1030 1708 963 1708 962 1708 960 1708 941 1716 928 1722 914 1717 896 1710 895 1710 893 1710 825 1717 776 1723 752 1719 727 1713 725 1713 724 1713 722 1713 713 1719 709 1722 701 1719 682 1711 681 1711 679 1711 629 1719 630 1759"/></Shape>
	    <String CONTENT="giæ veræ, eſt ædificatio conſcientiarum noſtra¬"
                    HPOS="629"
                    VPOS="1702"
                    WIDTH="1057"
                    HEIGHT="81"
                    WC="0.9905811472142"></String>
          </TextLine>

          
          
          <TextLine ID="eSc_line_9e6d1a88"
                    TAGREFS="LT4119"
                    BASELINE="627 1814 1688 1808" 
                    HPOS="626"
                    VPOS="1762"
                    WIDTH="1062"
                    HEIGHT="76">
            <Shape><Polygon POINTS="627 1814 627 1830 740 1838 742 1838 800 1830 809 1830 813 1830 838 1838 840 1838 841 1838 887 1830 902 1829 910 1830 928 1836 929 1836 931 1836 980 1830 999 1829 1017 1830 1069 1836 1070 1836 1151 1830 1194 1827 1209 1830 1231 1835 1232 1835 1234 1835 1252 1830 1265 1827 1277 1830 1296 1835 1298 1835 1299 1835 1371 1830 1436 1826 1685 1829 1688 1808 1683 1762 1606 1763 1604 1763 1579 1775 1531 1768 1530 1768 1528 1768 1496 1775 1447 1765 1436 1763 1435 1763 1433 1763 1429 1765 1402 1777 1341 1766 1329 1765 1328 1765 1305 1766 1256 1772 1204 1768 1154 1765 1152 1765 1113 1769 1054 1780 987 1780 974 1772 962 1766 960 1766 959 1766 957 1766 956 1766 947 1772 936 1778 626 1778 627 1814"/></Shape>
	    <String CONTENT="rum, non vana &amp; turgida ſcientia variarum diſ¬"
                    HPOS="626"
                    VPOS="1762"
                    WIDTH="1062"
                    HEIGHT="76"
                    WC="0.986212782237841"></String>
          </TextLine>

          
          
          <TextLine ID="eSc_line_41cf7ac5"
                    TAGREFS="LT4119"
                    BASELINE="626 1873 1690 1869" 
                    HPOS="624"
                    VPOS="1823"
                    WIDTH="1066"
                    HEIGHT="74">
            <Shape><Polygon POINTS="626 1873 626 1897 672 1890 907 1894 978 1896 980 1896 1002 1894 1054 1888 1155 1891 1224 1894 1225 1894 1689 1885 1690 1869 1688 1826 1594 1823 1592 1823 1591 1823 1585 1826 1573 1832 1543 1826 1527 1823 1525 1823 1524 1823 1512 1826 1485 1835 1381 1835 1372 1826 1368 1823 1366 1823 1365 1823 1331 1823 1329 1823 1240 1827 1085 1835 1058 1827 1045 1824 1044 1824 1042 1824 1041 1824 1039 1824 1035 1827 1023 1836 974 1836 938 1829 926 1826 925 1826 923 1826 917 1829 901 1838 786 1838 773 1829 768 1826 767 1826 765 1826 764 1826 742 1829 699 1836 624 1830 626 1873"/></Shape>
	    <String CONTENT="putationum &amp; quæſtionum. Ædificant enim, ſed"
                    HPOS="624"
                    VPOS="1823"
                    WIDTH="1066"
                    HEIGHT="74"
                    WC="0.996043906970458"></String>
          </TextLine>

          
          
          <TextLine ID="eSc_line_8998406c"
                    TAGREFS="LT4119"
                    BASELINE="626 1931 1689 1928" 
                    HPOS="624"
                    VPOS="1885"
                    WIDTH="1065"
                    HEIGHT="70">
            <Shape><Polygon POINTS="626 1931 627 1955 664 1946 696 1955 697 1955 699 1955 700 1955 737 1946 757 1955 758 1955 759 1955 761 1955 832 1946 1066 1955 1082 1955 1084 1955 1085 1955 1087 1955 1097 1946 1183 1952 1185 1952 1284 1945 1341 1954 1342 1954 1344 1954 1372 1945 1412 1954 1414 1954 1521 1945 1686 1954 1689 1928 1685 1893 1582 1896 1576 1893 1563 1885 1561 1885 1494 1885 1493 1885 1491 1885 1467 1894 1460 1896 1393 1894 1240 1890 1238 1890 1170 1896 1149 1897 1143 1896 1110 1887 1109 1887 1107 1887 1106 1887 1081 1897 1078 1897 1073 1897 1039 1890 1038 1890 994 1897 993 1897 991 1897 980 1887 978 1887 977 1887 975 1887 974 1887 942 1894 893 1887 892 1887 797 1897 655 1887 654 1887 652 1887 624 1897 626 1931"/></Shape>
	    <String CONTENT="ad pugnas &amp; clamores tantùm eæ quæſtiones,"
                    HPOS="624"
                    VPOS="1885"
                    WIDTH="1065"
                    HEIGHT="70"
                    WC="0.998863331107206"></String>
          </TextLine>

          
          
          <TextLine ID="eSc_line_e5aea69c"
                    TAGREFS="LT4119"
                    BASELINE="626 1988 1692 1988" 
                    HPOS="626"
                    VPOS="1943"
                    WIDTH="1066"
                    HEIGHT="66">
            <Shape><Polygon POINTS="626 1988 626 2004 1690 2009 1692 1988 1690 1951 1631 1952 1621 1951 1594 1943 1592 1943 1591 1943 1589 1943 1588 1943 1576 1951 1572 1954 1261 1954 1258 1951 1250 1945 1249 1945 1247 1945 1246 1945 1244 1945 1222 1951 1218 1952 1210 1951 1167 1943 1165 1943 1164 1943 1131 1952 1128 1952 1124 1952 1094 1943 1093 1943 1091 1943 1090 1943 1088 1943 1076 1952 1073 1954 1029 1954 1026 1952 1012 1943 1011 1943 1009 1943 886 1943 884 1943 883 1943 864 1952 844 1943 843 1943 841 1943 840 1943 838 1943 828 1952 826 1954 767 1954 765 1952 731 1943 730 1943 728 1943 727 1943 725 1943 715 1952 715 1954 626 1954 626 1988"/></Shape>
	    <String CONTENT="quæ ſunt de huiuſmodi rebus, ac propterea vt ſunt"
                    HPOS="626"
                    VPOS="1943"
                    WIDTH="1066"
                    HEIGHT="66"
                    WC="0.988122638390989"></String>
          </TextLine>

          
          
          <TextLine ID="eSc_line_2533e3dd"
                    TAGREFS="LT4119"
                    BASELINE="627 2050 1693 2047" 
                    HPOS="626"
                    VPOS="2003"
                    WIDTH="1067"
                    HEIGHT="83">
            <Shape><Polygon POINTS="627 2050 627 2071 648 2080 649 2080 651 2080 719 2071 728 2071 730 2071 745 2082 746 2082 748 2082 749 2082 849 2074 873 2085 874 2085 875 2086 953 2086 953 2085 1017 2073 1024 2071 1029 2073 1064 2085 1066 2085 1067 2085 1195 2080 1197 2080 1198 2080 1209 2073 1210 2071 1215 2073 1247 2083 1249 2083 1250 2083 1320 2073 1323 2073 1326 2073 1363 2083 1365 2083 1366 2083 1368 2083 1393 2074 1402 2083 1403 2083 1405 2083 1406 2083 1487 2073 1503 2071 1512 2073 1533 2079 1534 2079 1536 2079 1597 2073 1634 2070 1640 2073 1655 2083 1656 2083 1658 2083 1659 2083 1661 2083 1693 2073 1693 2047 1689 2010 1574 2012 1567 2010 1543 2003 1542 2003 1540 2003 1539 2003 1537 2003 1530 2010 1527 2013 1467 2013 1464 2010 1454 2003 1453 2003 1451 2003 1398 2003 1396 2003 1395 2003 1393 2003 1383 2012 1381 2013 1304 2013 1299 2012 1246 2003 1244 2003 1096 2013 1082 2013 1073 2013 983 2004 981 2004 911 2013 837 2004 835 2004 834 2004 810 2013 663 2006 661 2006 660 2006 626 2015 627 2050"/></Shape>
	    <String CONTENT="ita meritò appellantur inutiles 2 Timoth.2.v."
                    HPOS="626"
                    VPOS="2003"
                    WIDTH="1067"
                    HEIGHT="83"
                    WC="0.985316815583602"></String>
          </TextLine>

          
          
          <TextLine ID="eSc_line_34153c1f"
                    TAGREFS="LT4119"
                    BASELINE="630 2111 819 2111" 
                    HPOS="630"
                    VPOS="2064"
                    WIDTH="189"
                    HEIGHT="85">
            <Shape><Polygon POINTS="630 2111 630 2147 755 2134 768 2146 768 2147 770 2147 771 2147 817 2149 819 2111 819 2080 699 2064 697 2064 630 2071 630 2111"/></Shape>
	    <String CONTENT="16&amp;23."
                    HPOS="630"
                    VPOS="2064"
                    WIDTH="189"
                    HEIGHT="85"></String>
          </TextLine>

          
        </TextBlock>
        
        <TextBlock HPOS="1460.8104248046875"
                   VPOS="2113.22265625"
                   WIDTH="241.3673095703125"
                   HEIGHT="94.85595703125"
                   ID="block_1"
                   TAGREFS="BT10534">
          <Shape><Polygon POINTS="1460.81 2113.22 1702.18 2113.22 1702.18 2208.08 1460.81 2208.08 1460.81 2113.22"/></Shape>
          
          
          <TextLine ID="eSc_line_fddcf395"
                    TAGREFS="LT4119"
                    BASELINE="1474 2168 1574 2166 1690 2165" 
                    HPOS="1470"
                    VPOS="2114"
                    WIDTH="218"
                    HEIGHT="90">
            <Shape><Polygon POINTS="1670 2114 1648 2114 1639 2114 1470 2121 1472 2166 1474 2204 1505 2192 1684 2201 1688 2163 1684 2114 1670 2114"/></Shape>
	    <String CONTENT="5 Porrò"
                    HPOS="1470"
                    VPOS="2114"
                    WIDTH="218"
                    HEIGHT="90"></String>
          </TextLine>

          
        </TextBlock>
        

        
      </PrintSpace>
    </Page>
  </Layout>
</alto>
