<?xml version="1.0" encoding="UTF-8"?>
<alto xmlns:xsi="http://www.w3.org/2001/XMLSchema-instance"
      xmlns="http://www.loc.gov/standards/alto/ns-v4#"
      xsi:schemaLocation="http://www.loc.gov/standards/alto/ns-v4# http://www.loc.gov/standards/alto/v4/alto-4-2.xsd">
  <Description>
    <MeasurementUnit>pixel</MeasurementUnit>
    <sourceImageInformation>
      <fileName>2012916.png</fileName>
      
    </sourceImageInformation>
  </Description>
  
  <Tags>
    <OtherTag ID="BT10544" LABEL="text" DESCRIPTION="block type text"/><OtherTag ID="BT10543" LABEL="NumberingZone" DESCRIPTION="block type NumberingZone"/><OtherTag ID="BT10542" LABEL="MainZone" DESCRIPTION="block type MainZone"/><OtherTag ID="BT10538" LABEL="RunningTitleZone" DESCRIPTION="block type RunningTitleZone"/><OtherTag ID="BT10537" LABEL="DropCapitalZone" DESCRIPTION="block type DropCapitalZone"/><OtherTag ID="BT10536" LABEL="GraphicZone" DESCRIPTION="block type GraphicZone"/><OtherTag ID="BT10535" LABEL="TitlePageZone" DESCRIPTION="block type TitlePageZone"/><OtherTag ID="BT10534" LABEL="QuireMarksZone" DESCRIPTION="block type QuireMarksZone"/><OtherTag ID="BT10533" LABEL="MarginTextZone" DESCRIPTION="block type MarginTextZone"/>
    <OtherTag ID="LT4122" LABEL="default" DESCRIPTION="line type default"/><OtherTag ID="LT4119" LABEL="DefaultLine" DESCRIPTION="line type DefaultLine"/><OtherTag ID="LT4118" LABEL="HeadingLine" DESCRIPTION="line type HeadingLine"/><OtherTag ID="LT4117" LABEL="CustomLine : BiblicalText" DESCRIPTION="line type CustomLine : BiblicalText"/>
  </Tags>
  
  <Layout>
    <Page WIDTH="1807"
          HEIGHT="2677"
          PHYSICAL_IMG_NR="32"
          ID="eSc_dummypage_">
      <PrintSpace HPOS="0"
                  VPOS="0"
                  WIDTH="1807"
                  HEIGHT="2677">
        
        <TextBlock HPOS="579"
                   VPOS="180"
                   WIDTH="64"
                   HEIGHT="63"
                   ID="eSc_textblock_8affd13a"
                   TAGREFS="BT10543">
          <Shape><Polygon POINTS="579 180 579 243 643 243 643 180"/></Shape>
          
          
          <TextLine ID="eSc_line_2f2ab839"
                    TAGREFS="LT4119"
                    BASELINE="598 221 601 221 632 223" 
                    HPOS="597"
                    VPOS="180"
                    WIDTH="34"
                    HEIGHT="72">
            <Shape><Polygon POINTS="597 180 597 220 600 252 631 238 631 220 631 180 620 180"/></Shape>
	    <String CONTENT="4"
                    HPOS="597"
                    VPOS="180"
                    WIDTH="34"
                    HEIGHT="72"></String>
          </TextLine>

          
        </TextBlock>
        
        <TextBlock HPOS="761"
                   VPOS="164"
                   WIDTH="702"
                   HEIGHT="65"
                   ID="block_0"
                   TAGREFS="BT10538">
          <Shape><Polygon POINTS="1463 164 1463 229 761 229 761 164"/></Shape>
          
          
          <TextLine ID="eSc_line_a812d9ea"
                    TAGREFS="LT4118"
                    BASELINE="773 215 1448 208" 
                    HPOS="771"
                    VPOS="162"
                    WIDTH="677"
                    HEIGHT="74">
            <Shape><Polygon POINTS="1432 168 1414 165 1411 165 1396 165 1383 165 1375 171 1353 165 1351 165 1337 165 1322 165 1307 165 1292 165 1282 165 1250 171 1237 163 1232 163 1218 163 1210 163 1195 174 1194 175 1146 175 1145 175 1137 168 1137 166 1136 166 1134 166 1133 166 1131 166 1119 172 1097 162 1084 162 1069 162 1054 162 1039 162 1024 162 1009 162 852 178 795 162 794 162 792 162 791 162 789 162 771 175 773 215 773 226 829 226 831 226 844 234 846 234 847 234 849 234 850 234 852 234 865 226 865 224 911 224 913 224 929 234 931 234 932 234 933 234 974 227 981 233 981 234 983 234 984 234 986 236 1039 236 1039 234 1041 234 1075 223 1096 233 1097 233 1099 234 1157 234 1157 233 1158 233 1160 233 1179 221 1210 232 1212 232 1213 232 1292 221 1308 232 1310 232 1311 232 1313 232 1314 232 1360 220 1432 229 1433 229 1435 229 1436 229 1448 218 1448 208 1445 174 1441 172"/></Shape>
	    <String CONTENT="AD I. PAVL. AD TIM"
                    HPOS="771"
                    VPOS="162"
                    WIDTH="677"
                    HEIGHT="74"
                    WC="0.960839102665583"></String>
          </TextLine>

          
        </TextBlock>
        
        <TextBlock HPOS="569"
                   VPOS="235"
                   WIDTH="1074"
                   HEIGHT="1926"
                   ID="block_1"
                   TAGREFS="BT10542">
          <Shape><Polygon POINTS="1643 235 1643 2161 569 2161 569 235"/></Shape>
          
          
          <TextLine ID="eSc_line_64151149"
                    TAGREFS="LT4119"
                    BASELINE="577 285 1420 278" 
                    HPOS="575"
                    VPOS="229"
                    WIDTH="845"
                    HEIGHT="78">
            <Shape><Polygon POINTS="577 285 577 298 594 307 596 307 597 307 599 307 630 298 712 307 713 307 771 297 886 306 887 306 889 306 890 306 890 304 899 297 932 304 933 304 935 304 936 304 947 295 1006 304 1008 304 1009 304 1011 304 1021 295 1079 303 1081 303 1246 294 1383 301 1384 301 1386 301 1420 290 1420 278 1417 243 1390 243 1368 229 1366 229 1365 229 1363 229 1247 245 1134 245 1113 233 1112 233 1110 233 1109 233 1107 233 1093 245 1057 246 1024 246 1008 232 1006 232 1005 232 1003 232 960 240 913 232 911 232 910 232 908 232 887 248 852 248 828 234 826 234 825 234 759 246 731 234 730 234 629 234 627 234 626 234 624 234 624 236 611 248 594 242 593 242 591 242 590 242 575 248 577 285"/></Shape>
	    <String CONTENT="qui iſtius viam ſalutis exponant nobis."
                    HPOS="575"
                    VPOS="229"
                    WIDTH="845"
                    HEIGHT="78"
                    WC="0.992363199209556"></String>
          </TextLine>

          
          
          <TextLine ID="eSc_line_1bc0ca44"
                    TAGREFS="LT4119"
                    BASELINE="585 343 1621 334" 
                    HPOS="584"
                    VPOS="291"
                    WIDTH="1037"
                    HEIGHT="74">
            <Shape><Polygon POINTS="1610 298 1595 295 1586 292 1573 291 1566 291 1487 298 1445 301 1439 298 1433 292 1432 292 1430 292 1371 292 1369 292 1368 292 1366 292 1360 298 1356 301 1246 298 1143 295 1142 295 1124 298 1097 303 1070 298 1051 295 1049 295 1048 295 1047 295 1042 298 1030 306 957 306 944 298 938 295 936 295 935 295 896 298 849 303 807 298 785 297 783 297 782 297 773 298 740 307 584 300 585 343 585 356 685 365 687 365 759 358 786 355 819 358 893 364 895 364 896 364 898 364 905 358 910 353 1051 353 1075 358 1100 362 1102 362 1103 362 1105 362 1105 361 1109 358 1116 352 1189 358 1229 361 1231 361 1280 358 1378 352 1409 358 1417 359 1418 359 1420 359 1423 358 1448 349 1518 349 1618 358 1621 334 1618 298 1610 298"/></Shape>
	    <String CONTENT="Vocat autem Patrem ſeruatorem vti Tit I.verſ.3"
                    HPOS="584"
                    VPOS="291"
                    WIDTH="1037"
                    HEIGHT="74"></String>
          </TextLine>

          
          
          <TextLine ID="eSc_line_6480ebfe"
                    TAGREFS="LT4119"
                    BASELINE="577 404 1625 394" 
                    HPOS="575"
                    VPOS="346"
                    WIDTH="1050"
                    HEIGHT="82">
            <Shape><Polygon POINTS="577 417 715 428 716 428 718 428 719 428 731 419 745 426 746 426 748 426 749 426 783 417 806 425 807 425 809 425 886 416 896 416 904 416 983 425 984 425 986 425 1012 416 1030 423 1032 423 1033 425 1157 425 1157 423 1158 423 1160 423 1173 414 1177 411 1331 411 1345 414 1380 420 1381 420 1383 420 1399 413 1400 413 1405 413 1444 420 1445 420 1447 420 1470 413 1482 410 1493 413 1515 419 1516 419 1518 419 1624 411 1625 394 1622 358 1323 346 1322 346 1320 346 1319 346 1301 361 1203 361 1186 348 1185 348 1183 348 1182 348 1180 348 1179 348 1163 359 1125 349 1124 349 1122 349 1121 349 1119 349 1119 350 1106 362 1054 362 1026 349 1024 349 1023 349 987 350 986 350 984 350 971 362 953 350 951 350 950 350 913 350 911 350 910 350 880 362 856 353 855 353 853 353 804 364 791 353 791 352 789 352 788 352 762 352 761 352 759 352 758 352 743 364 594 355 593 355 591 355 590 355 575 362 577 404"/></Shape>
	    <String CONTENT="&amp; 2.verſ 10. &amp; Chriſtum ſpem noſtrã. Vti enim"
                    HPOS="575"
                    VPOS="346"
                    WIDTH="1050"
                    HEIGHT="82"></String>
          </TextLine>

          
          
          <TextLine ID="eSc_line_f3016552"
                    TAGREFS="LT4119"
                    BASELINE="577 461 1621 452" 
                    HPOS="575"
                    VPOS="407"
                    WIDTH="1046"
                    HEIGHT="74">
            <Shape><Polygon POINTS="577 461 577 478 663 474 688 478 713 481 715 481 751 477 786 472 810 475 834 480 835 480 870 475 892 472 896 475 902 480 904 480 905 480 907 480 908 480 920 475 929 471 994 474 1096 478 1097 478 1127 472 1140 469 1168 471 1235 477 1237 477 1323 469 1332 469 1348 469 1561 474 1563 474 1619 465 1621 452 1616 417 1567 417 1564 416 1552 407 1551 407 1549 407 1548 407 1546 407 1521 416 1516 417 1502 416 1421 408 1420 408 1418 408 1417 408 1417 410 1408 416 1405 420 1259 420 1253 416 1240 410 1238 410 1237 410 1206 416 1183 420 1115 416 1064 413 1063 413 1048 416 1021 422 856 416 776 413 774 413 773 413 767 416 748 425 734 416 734 414 733 414 731 414 730 414 719 416 673 422 575 416 577 461"/></Shape>
	    <String CONTENT="Pater dedit Filium, per quem ſeruamur. Ioan.3.V."
                    HPOS="575"
                    VPOS="407"
                    WIDTH="1046"
                    HEIGHT="74"></String>
          </TextLine>

          
          
          <TextLine ID="eSc_line_3974c758"
                    TAGREFS="LT4119"
                    BASELINE="577 517 1622 513" 
                    HPOS="575"
                    VPOS="465"
                    WIDTH="1047"
                    HEIGHT="79">
            <Shape><Polygon POINTS="577 517 577 538 792 532 801 539 804 541 804 542 806 542 807 542 809 544 835 544 835 542 837 542 844 539 859 530 1066 530 1093 539 1099 541 1100 541 1102 542 1253 542 1253 541 1345 539 1347 539 1383 529 1619 539 1622 513 1619 477 1534 465 1533 465 1531 465 1511 477 1447 477 1424 465 1423 465 1287 465 1286 465 1284 465 1283 465 1267 477 1146 466 1145 466 1143 466 1122 478 1008 478 987 466 986 466 984 466 983 466 962 477 926 466 925 466 923 466 867 468 865 468 864 468 864 469 852 478 795 478 779 468 777 468 776 468 704 468 703 468 701 468 676 477 624 468 623 468 621 468 575 480 577 517"/></Shape>
	    <String CONTENT="I6.ita Filius eſt fundamentũ ſpei &amp; ſalutis noſtrę,"
                    HPOS="575"
                    VPOS="465"
                    WIDTH="1047"
                    HEIGHT="79"></String>
          </TextLine>

          
          
          <TextLine ID="eSc_line_0accd592"
                    TAGREFS="LT4119"
                    BASELINE="578 577 1627 569" 
                    HPOS="577"
                    VPOS="524"
                    WIDTH="1050"
                    HEIGHT="75">
            <Shape><Polygon POINTS="578 577 578 599 815 599 815 597 816 597 822 594 835 590 907 594 972 597 974 597 975 597 986 593 997 588 1011 593 1023 596 1024 596 1026 596 1076 591 1116 588 1130 591 1152 596 1154 596 1314 594 1316 594 1337 588 1344 587 1353 588 1392 594 1393 594 1395 594 1411 587 1417 585 1421 587 1438 593 1439 593 1441 593 1442 593 1463 587 1469 585 1487 587 1570 593 1572 593 1625 584 1627 569 1624 536 1515 536 1500 524 1499 524 1497 524 1463 524 1461 524 1460 524 1417 536 1412 536 1405 536 1334 526 1332 526 1331 526 1329 526 1319 536 1302 536 1203 539 1112 539 1107 536 1096 527 1094 527 1093 527 1015 527 1014 527 974 536 959 539 932 536 865 529 864 529 812 536 783 541 774 536 759 530 758 530 757 530 577 536 578 577"/></Shape>
	    <String CONTENT="vt cùm hæc Patri &amp; Filio communiter tribuun¬"
                    HPOS="577"
                    VPOS="524"
                    WIDTH="1050"
                    HEIGHT="75"
                    WC="0.986840580569373"></String>
          </TextLine>

          
          
          <TextLine ID="eSc_line_5933b4f5"
                    TAGREFS="LT4119"
                    BASELINE="578 635 1625 629" 
                    HPOS="577"
                    VPOS="582"
                    WIDTH="1048"
                    HEIGHT="78">
            <Shape><Polygon POINTS="578 635 578 652 745 660 746 660 785 652 786 652 835 660 837 660 910 651 919 651 935 651 1090 658 1091 658 1134 649 1140 649 1163 649 1325 657 1326 657 1328 657 1357 649 1362 648 1371 655 1372 655 1374 655 1375 655 1624 646 1625 629 1622 582 1570 582 1569 582 1567 582 1566 582 1548 596 1265 596 1243 587 1235 584 1234 584 1148 584 1146 584 1145 584 1143 584 1143 585 1139 588 1133 594 1115 588 1103 585 1102 585 1100 585 1078 590 1054 594 1048 590 1042 585 1041 585 1039 585 981 585 980 585 951 591 922 597 873 593 856 591 855 591 853 591 849 593 832 599 815 593 795 587 794 587 792 587 739 594 715 597 707 594 687 587 685 587 684 587 682 587 654 596 641 599 629 596 612 591 611 591 609 591 577 596 578 635"/></Shape>
	    <String CONTENT="tur, intelligamus eſſe indiuiſa Trinitatis opera, &amp;"
                    HPOS="577"
                    VPOS="582"
                    WIDTH="1048"
                    HEIGHT="78"
                    WC="0.988320748011271"></String>
          </TextLine>

          
          
          <TextLine ID="eSc_line_805ea06e"
                    TAGREFS="LT4119"
                    BASELINE="580 696 1628 687" 
                    HPOS="578"
                    VPOS="643"
                    WIDTH="1050"
                    HEIGHT="76">
            <Shape><Polygon POINTS="580 696 580 713 925 719 926 719 1021 710 1027 710 1029 710 1049 718 1051 718 1052 718 1097 710 1103 709 1106 709 1124 716 1125 716 1127 716 1253 709 1277 707 1280 707 1299 715 1301 715 1302 715 1369 707 1374 707 1378 707 1436 715 1438 715 1627 704 1628 687 1625 655 1554 655 1554 654 1531 645 1530 645 1528 645 1463 654 1442 643 1441 643 1439 643 1383 651 1374 643 1372 643 1371 643 1296 643 1295 643 1293 643 1292 643 1277 654 1273 657 1265 654 1246 646 1244 646 1243 646 1241 646 1240 646 1229 654 1226 654 1174 648 1173 648 1122 654 1085 658 1061 654 1045 651 1044 651 1026 654 999 658 989 654 974 646 972 646 971 646 969 646 944 654 931 657 916 654 887 648 886 648 884 648 883 648 875 654 867 660 859 654 856 651 855 651 853 651 852 651 837 654 812 658 806 654 798 648 797 648 795 648 794 648 703 652 701 652 700 652 700 654 690 661 578 654 580 696"/></Shape>
	    <String CONTENT="tres perſonas paris, non autem diſſimilis maie¬"
                    HPOS="578"
                    VPOS="643"
                    WIDTH="1050"
                    HEIGHT="76"
                    WC="0.980009094197699"></String>
          </TextLine>

          
          
          <TextLine ID="eSc_line_b09ed44e"
                    TAGREFS="LT4119"
                    BASELINE="580 752 1628 746" 
                    HPOS="578"
                    VPOS="701"
                    WIDTH="1050"
                    HEIGHT="73">
            <Shape><Polygon POINTS="580 752 580 774 1628 774 1628 746 1625 713 1365 701 1363 701 1287 713 1286 713 1284 713 1252 703 1250 703 1112 703 1110 703 1109 703 1107 703 1091 715 1090 715 1085 715 1036 704 1035 704 942 715 935 715 929 715 867 704 865 704 864 704 828 715 820 716 798 715 715 709 713 709 670 715 663 716 658 715 624 706 623 706 621 706 578 715 580 752"/></Shape>
	    <String CONTENT="ſtatis &amp; poteſtatis. Hec breuiùs perſequor, quia"
                    HPOS="578"
                    VPOS="701"
                    WIDTH="1050"
                    HEIGHT="73"
                    WC="0.990473561140956"></String>
          </TextLine>

          
          
          <TextLine ID="eSc_line_cdfdab55"
                    TAGREFS="LT4119"
                    BASELINE="580 813 1238 809" 
                    HPOS="578"
                    VPOS="761"
                    WIDTH="660"
                    HEIGHT="82">
            <Shape><Polygon POINTS="580 813 580 832 797 843 798 843 993 832 1167 838 1168 838 1238 828 1238 809 1235 771 1163 771 1161 770 1146 761 1145 761 1143 761 1142 761 1060 770 1051 770 1047 770 1018 761 1017 761 1015 761 1014 761 997 768 991 773 933 773 929 768 923 762 922 762 920 762 919 762 849 768 785 774 754 774 748 767 745 765 745 764 743 764 742 764 740 764 709 767 669 771 657 767 649 764 648 764 646 764 578 765 580 813"/></Shape>
	    <String CONTENT="à multis copioſè tractata ſunt."
                    HPOS="578"
                    VPOS="761"
                    WIDTH="660"
                    HEIGHT="82"
                    WC="0.989667171781713"></String>
          </TextLine>

          
          
          <TextLine ID="eSc_line_63d93f2d"
                    TAGREFS="LT4117"
                    BASELINE="649 896 1622 886" 
                    HPOS="648"
                    VPOS="834"
                    WIDTH="974"
                    HEIGHT="86">
            <Shape><Polygon POINTS="649 908 861 920 862 920 864 920 865 920 881 908 898 917 899 917 901 917 902 917 929 905 932 905 939 905 1029 919 1030 919 1032 919 1075 904 1078 904 1096 904 1124 905 1134 916 1134 917 1136 917 1137 917 1139 917 1183 908 1201 917 1203 917 1204 917 1295 907 1340 916 1341 916 1435 914 1436 914 1478 899 1482 899 1491 899 1563 908 1564 908 1621 898 1622 886 1619 847 1503 834 1502 834 1500 834 1499 834 1479 847 1460 837 1458 837 1393 835 1392 835 1390 835 1369 847 1359 840 1357 840 1356 840 1256 837 1255 837 1253 837 1231 849 1191 843 1189 843 1188 843 1186 843 1179 850 1177 850 1171 850 1115 844 1113 844 1072 850 1063 852 1057 850 1029 843 1027 843 1026 843 986 852 983 852 978 852 928 840 926 840 925 840 895 852 890 853 887 852 856 841 855 841 797 841 795 841 794 841 754 853 746 855 648 855 649 896"/></Shape>
	    <String CONTENT=" Timotheo germano filio in fide. Gra¬"
                    HPOS="648"
                    VPOS="834"
                    WIDTH="974"
                    HEIGHT="86"
                    WC="0.983624931928274"></String>
          </TextLine>

          
          
          <TextLine ID="eSc_line_2b0a7521"
                    TAGREFS="LT4117"
                    BASELINE="578 963 1628 959" 
                    HPOS="577"
                    VPOS="905"
                    WIDTH="1051"
                    HEIGHT="75">
            <Shape><Polygon POINTS="578 977 1625 980 1628 959 1625 914 1560 907 1558 907 1518 914 1488 922 1418 922 1392 916 1331 905 1329 905 1328 905 1326 905 1310 917 1304 922 1189 922 1176 919 1140 907 1139 907 1137 907 1136 907 1112 914 1064 907 1063 907 1061 907 1060 907 1044 919 1039 923 1020 923 1015 920 999 910 997 910 996 910 926 907 925 907 858 911 856 911 831 922 826 923 822 922 788 908 786 908 785 908 734 920 700 908 699 908 697 908 696 908 664 916 626 908 624 908 623 908 577 923 578 963"/></Shape>
	    <String CONTENT="tia ſit tibi miſericordia &amp; pax à Deo Patre"
                    HPOS="577"
                    VPOS="905"
                    WIDTH="1051"
                    HEIGHT="75"
                    WC="0.997666906226765"></String>
          </TextLine>

          
          
          <TextLine ID="eSc_line_59ad81c9"
                    TAGREFS="LT4117"
                    BASELINE="581 1032 1506 1029" 
                    HPOS="580"
                    VPOS="975"
                    WIDTH="926"
                    HEIGHT="82">
            <Shape><Polygon POINTS="581 1048 654 1055 655 1055 657 1055 673 1049 685 1045 742 1045 748 1049 751 1052 751 1054 752 1054 754 1054 755 1054 757 1054 773 1049 780 1048 786 1049 798 1055 800 1055 801 1055 803 1055 804 1055 812 1049 822 1045 896 1045 911 1051 922 1055 923 1055 925 1057 991 1057 991 1055 993 1055 994 1055 1000 1051 1011 1045 1061 1052 1082 1054 1084 1054 1085 1054 1087 1054 1088 1052 1099 1044 1179 1044 1350 1054 1366 1054 1368 1054 1377 1054 1463 1047 1503 1054 1506 1029 1503 994 1430 980 1429 980 1427 980 1399 993 1398 993 1384 993 1292 984 1290 984 1289 984 1273 991 1267 994 1203 994 1191 990 1163 981 1161 981 1160 981 1158 981 1137 989 1134 990 1133 989 1115 975 1113 975 1112 975 1076 975 1075 975 1073 975 1072 975 1057 989 1041 977 1039 977 1038 977 1036 977 1035 977 1009 987 1006 989 1005 987 990 977 989 977 987 977 901 977 899 977 898 977 896 977 886 986 881 989 862 986 804 977 803 977 801 977 800 977 800 978 792 984 780 994 707 991 694 984 687 978 685 978 684 978 682 978 661 983 636 989 580 983 581 1032"/></Shape>
	    <String CONTENT="noſtro, &amp; Chriſto Ieſu Domino noſtro."
                    HPOS="580"
                    VPOS="975"
                    WIDTH="926"
                    HEIGHT="82"></String>
          </TextLine>

          
          
          <TextLine ID="eSc_line_fe1f4b3f"
                    TAGREFS="LT4119"
                    BASELINE="646 1091 1630 1088" 
                    HPOS="645"
                    VPOS="1045"
                    WIDTH="985"
                    HEIGHT="68">
            <Shape><Polygon POINTS="646 1091 646 1110 701 1103 871 1103 890 1109 904 1113 905 1113 907 1113 945 1109 993 1103 1107 1103 1115 1107 1124 1112 1125 1112 1127 1112 1630 1103 1630 1088 1628 1055 1598 1045 1597 1045 1595 1045 1594 1045 1570 1055 1569 1055 1567 1055 1554 1045 1552 1045 1551 1045 1549 1045 1509 1054 1484 1045 1482 1045 1414 1045 1412 1045 1411 1045 1409 1045 1409 1047 1399 1054 1398 1057 1326 1057 1323 1054 1314 1048 1313 1048 1311 1048 1310 1048 1203 1054 1134 1058 1061 1058 1057 1052 1049 1048 1049 1047 1048 1047 1047 1047 1017 1047 1015 1047 1014 1047 1012 1047 1012 1048 1006 1052 1000 1057 820 1057 815 1052 806 1047 804 1047 803 1047 801 1047 800 1047 782 1052 767 1058 724 1058 718 1052 713 1048 713 1047 712 1047 710 1047 709 1047 645 1051 646 1091"/></Shape>
	    <String CONTENT="Timotheus quis fuerit apparet ex Act.16. &amp;"
                    HPOS="645"
                    VPOS="1045"
                    WIDTH="985"
                    HEIGHT="68"></String>
          </TextLine>

          
          
          <TextLine ID="eSc_line_0f0571e9"
                    TAGREFS="LT4119"
                    BASELINE="584 1148 1628 1145" 
                    HPOS="582"
                    VPOS="1099"
                    WIDTH="1046"
                    HEIGHT="71">
            <Shape><Polygon POINTS="584 1148 584 1163 803 1170 804 1170 806 1170 834 1163 835 1163 838 1163 864 1170 865 1170 867 1170 911 1163 914 1163 916 1163 968 1170 969 1170 971 1170 989 1163 993 1163 1134 1168 1136 1168 1137 1168 1155 1161 1157 1161 1158 1161 1173 1168 1174 1168 1176 1168 1222 1161 1226 1161 1231 1161 1262 1168 1264 1168 1335 1161 1341 1161 1344 1161 1380 1168 1381 1168 1383 1168 1400 1161 1405 1161 1482 1168 1484 1168 1548 1161 1583 1168 1585 1168 1627 1160 1628 1145 1627 1109 1601 1099 1600 1099 1598 1099 1597 1099 1567 1109 1555 1113 1441 1113 1436 1107 1426 1100 1426 1099 1424 1099 1423 1099 1421 1099 1420 1099 1418 1099 1403 1107 1396 1113 1323 1113 1314 1107 1295 1099 1293 1099 1292 1099 1231 1100 1229 1100 1228 1100 1228 1102 1221 1107 1215 1113 1142 1113 1134 1107 1125 1099 1124 1099 1122 1099 1121 1099 1069 1100 1067 1100 1066 1100 1058 1107 1049 1113 1032 1106 1012 1100 1011 1100 1009 1100 1008 1100 1006 1100 996 1106 983 1115 895 1115 874 1106 856 1100 855 1100 791 1100 789 1100 788 1100 786 1100 779 1106 773 1110 762 1106 749 1100 748 1100 746 1100 745 1100 721 1106 707 1109 700 1106 688 1100 687 1100 685 1100 582 1105 584 1148"/></Shape>
	    <String CONTENT="variis Epiſtolarum Pauli locis: Hũc autẽ vocat &amp;"
                    HPOS="582"
                    VPOS="1099"
                    WIDTH="1046"
                    HEIGHT="71"
                    WC="0.991515527963638"></String>
          </TextLine>

          
          
          <TextLine ID="eSc_line_a64d667b"
                    TAGREFS="LT4119"
                    BASELINE="582 1209 1628 1204" 
                    HPOS="581"
                    VPOS="1157"
                    WIDTH="1047"
                    HEIGHT="72">
            <Shape><Polygon POINTS="582 1209 582 1223 743 1229 745 1229 746 1229 748 1229 758 1223 764 1219 889 1219 899 1222 917 1229 919 1229 920 1229 922 1229 936 1222 944 1218 951 1222 954 1225 956 1225 957 1225 959 1225 1009 1222 1072 1218 1103 1221 1155 1228 1157 1228 1232 1221 1279 1216 1286 1221 1295 1226 1296 1226 1298 1226 1299 1226 1375 1219 1389 1219 1395 1219 1429 1226 1430 1226 1432 1226 1448 1219 1456 1216 1484 1219 1546 1226 1548 1226 1627 1218 1628 1204 1625 1171 1582 1161 1580 1161 1579 1161 1542 1170 1527 1157 1525 1157 1524 1157 1522 1157 1467 1158 1466 1158 1464 1158 1451 1168 1424 1157 1423 1157 1421 1157 1420 1157 1418 1157 1396 1170 1301 1164 1299 1164 1298 1164 1279 1171 1277 1171 1258 1158 1256 1158 1255 1158 1253 1158 1252 1158 1209 1171 1206 1173 1119 1173 1118 1171 1100 1158 1099 1158 1097 1158 1026 1158 1024 1158 1023 1158 1021 1158 1021 1160 1008 1171 1006 1173 904 1173 901 1171 887 1160 886 1160 884 1160 834 1160 832 1160 831 1160 829 1160 829 1161 817 1171 815 1174 746 1174 743 1171 730 1160 728 1160 727 1160 590 1160 588 1160 587 1160 585 1160 585 1161 584 1161 581 1163 582 1209"/></Shape>
	    <String CONTENT="Filium in fide, vt diſtinguat à carnali filio: &amp;"
                    HPOS="581"
                    VPOS="1157"
                    WIDTH="1047"
                    HEIGHT="72"
                    WC="0.990188455095097"></String>
          </TextLine>

          
          
          <TextLine ID="eSc_line_9bdafb34"
                    TAGREFS="LT4119"
                    BASELINE="587 1267 1628 1262" 
                    HPOS="585"
                    VPOS="1222"
                    WIDTH="1043"
                    HEIGHT="65">
            <Shape><Polygon POINTS="587 1267 587 1280 807 1287 809 1287 810 1287 812 1287 822 1280 823 1280 864 1280 1273 1286 1274 1286 1325 1279 1340 1277 1354 1279 1403 1284 1405 1284 1627 1277 1628 1262 1627 1234 1598 1225 1597 1225 1595 1225 1540 1232 1537 1232 1467 1232 1353 1231 1344 1222 1342 1222 1341 1222 1340 1222 1304 1231 1295 1232 1289 1231 1277 1226 1276 1226 1274 1226 1231 1229 1183 1234 1171 1229 1152 1222 1151 1222 1149 1222 1148 1222 1128 1229 1115 1234 1103 1229 1088 1222 1087 1222 1027 1222 1026 1222 1024 1222 1023 1222 1014 1228 1006 1234 841 1235 820 1228 819 1228 817 1228 816 1228 800 1235 745 1225 737 1225 736 1225 730 1225 681 1234 585 1225 587 1267"/></Shape>
	    <String CONTENT="Germanum. i. verum &amp; referentem veros mores"
                    HPOS="585"
                    VPOS="1222"
                    WIDTH="1043"
                    HEIGHT="65"
                    WC="0.980754410111627"></String>
          </TextLine>

          
          
          <TextLine ID="eSc_line_c101fa28"
                    TAGREFS="LT4119"
                    BASELINE="582 1325 1621 1320" 
                    HPOS="581"
                    VPOS="1277"
                    WIDTH="1040"
                    HEIGHT="71">
            <Shape><Polygon POINTS="582 1325 582 1339 606 1348 608 1348 609 1348 707 1341 731 1339 800 1341 978 1347 980 1347 1003 1342 1029 1338 1161 1344 1253 1347 1255 1347 1274 1344 1319 1337 1356 1344 1362 1345 1363 1345 1383 1345 1502 1337 1618 1345 1621 1320 1618 1289 1566 1289 1566 1287 1554 1279 1554 1277 1552 1277 1551 1277 1549 1277 1332 1286 1255 1290 1201 1290 1192 1284 1179 1279 1177 1279 1176 1279 1174 1279 1155 1284 1146 1287 1143 1284 1139 1280 1137 1280 1136 1280 1066 1279 1064 1279 1063 1279 1061 1279 1061 1280 1055 1284 1049 1290 933 1290 916 1283 905 1280 904 1280 902 1280 901 1280 895 1283 880 1290 853 1283 843 1280 841 1280 840 1280 826 1283 795 1290 762 1281 754 1280 752 1280 751 1280 749 1280 745 1281 725 1290 706 1281 701 1280 700 1280 699 1280 697 1280 690 1281 657 1290 581 1281 582 1325"/></Shape>
	    <String CONTENT="Patris Pauli: nõ igitur fuit hypocrita &amp; fictitius,"
                    HPOS="581"
                    VPOS="1277"
                    WIDTH="1040"
                    HEIGHT="71"
                    WC="0.969668308129677"></String>
          </TextLine>

          
          
          <TextLine ID="eSc_line_c98f9915"
                    TAGREFS="LT4119"
                    BASELINE="590 1383 1628 1383" 
                    HPOS="590"
                    VPOS="1344"
                    WIDTH="1038"
                    HEIGHT="65">
            <Shape><Polygon POINTS="590 1383 590 1396 670 1405 672 1405 709 1397 752 1408 754 1408 755 1408 874 1397 902 1397 917 1408 919 1408 920 1408 922 1408 1000 1397 1044 1397 1057 1408 1058 1408 1060 1408 1061 1409 1139 1409 1139 1408 1140 1408 1168 1397 1383 1397 1396 1408 1398 1408 1399 1408 1400 1409 1467 1409 1467 1408 1469 1408 1493 1397 1595 1408 1597 1408 1598 1408 1628 1396 1628 1383 1627 1344 590 1344 590 1383"/></Shape>
	    <String CONTENT="vt hodie multi qui magnorum Dei ſeruorum &amp;"
                    HPOS="590"
                    VPOS="1344"
                    WIDTH="1038"
                    HEIGHT="65"
                    WC="0.989141992160252"></String>
          </TextLine>

          
          
          <TextLine ID="eSc_line_b072acdf"
                    TAGREFS="LT4119"
                    BASELINE="582 1444 1630 1441" 
                    HPOS="581"
                    VPOS="1395"
                    WIDTH="1049"
                    HEIGHT="77">
            <Shape><Polygon POINTS="582 1444 585 1472 602 1458 635 1458 654 1470 655 1470 657 1470 658 1470 660 1470 661 1470 699 1458 768 1467 770 1467 850 1460 864 1467 870 1470 871 1470 873 1470 938 1466 1048 1458 1075 1464 1103 1470 1105 1470 1143 1469 1145 1469 1146 1469 1155 1463 1164 1457 1189 1463 1221 1469 1222 1469 1264 1461 1274 1460 1277 1461 1289 1469 1290 1469 1292 1469 1293 1470 1405 1470 1405 1469 1406 1469 1424 1458 1429 1457 1435 1458 1450 1464 1451 1464 1453 1464 1628 1455 1630 1441 1625 1396 1574 1406 1180 1406 1157 1396 1151 1395 1149 1395 1148 1395 1146 1395 1137 1396 1102 1406 1064 1397 1060 1396 1058 1396 1057 1396 1055 1396 1051 1397 1021 1406 996 1397 993 1396 991 1396 990 1396 989 1396 984 1397 956 1408 907 1408 895 1397 893 1396 892 1396 890 1396 783 1396 782 1396 780 1396 773 1397 740 1406 706 1397 699 1396 697 1396 696 1396 581 1397 582 1444"/></Shape>
	    <String CONTENT="filij ſunt &amp; diſcipuli. Quod vtrunque pertinet ad"
                    HPOS="581"
                    VPOS="1395"
                    WIDTH="1049"
                    HEIGHT="77"
                    WC="0.987714186006663"></String>
          </TextLine>

          
          
          <TextLine ID="eSc_line_34eef932"
                    TAGREFS="LT4119"
                    BASELINE="597 1503 1341 1500" 
                    HPOS="596"
                    VPOS="1455"
                    WIDTH="745"
                    HEIGHT="70">
            <Shape><Polygon POINTS="597 1503 597 1516 678 1516 681 1516 704 1525 706 1525 707 1525 759 1516 762 1516 777 1525 779 1525 780 1525 782 1525 783 1525 785 1525 797 1518 838 1525 840 1525 841 1525 861 1516 893 1525 895 1525 896 1525 898 1525 920 1516 966 1525 968 1525 969 1525 993 1515 996 1515 997 1515 1021 1524 1023 1524 1024 1524 1064 1515 1069 1515 1075 1515 1154 1524 1155 1525 1249 1525 1249 1524 1250 1524 1270 1515 1304 1524 1305 1524 1307 1524 1308 1524 1341 1513 1341 1500 1338 1469 1216 1458 1215 1458 1179 1466 1171 1467 1167 1466 1148 1455 1146 1455 1145 1455 1143 1455 1122 1464 1116 1469 1033 1469 1026 1464 1009 1455 1008 1455 1006 1455 1005 1455 1003 1455 991 1463 986 1467 959 1463 947 1461 945 1461 944 1461 939 1463 923 1469 916 1463 910 1457 908 1457 907 1457 905 1457 904 1457 902 1457 902 1458 898 1461 889 1470 864 1470 849 1461 840 1457 838 1457 795 1457 794 1457 792 1457 791 1457 791 1458 788 1460 779 1467 742 1460 725 1457 724 1457 722 1457 721 1457 718 1460 706 1470 667 1470 657 1458 655 1458 655 1457 654 1457 652 1457 651 1457 596 1457 597 1503"/></Shape>
	    <String CONTENT="Timothei laudem &amp; imitationem."
                    HPOS="596"
                    VPOS="1455"
                    WIDTH="745"
                    HEIGHT="70"
                    WC="0.996336607138316"></String>
          </TextLine>

          
          
          <TextLine ID="eSc_line_05fdacb3"
                    TAGREFS="LT4119"
                    BASELINE="641 1561 1628 1555" 
                    HPOS="639"
                    VPOS="1508"
                    WIDTH="989"
                    HEIGHT="78">
            <Shape><Polygon POINTS="641 1561 641 1577 758 1577 759 1577 768 1586 770 1586 771 1586 773 1586 815 1577 822 1577 864 1577 865 1577 875 1586 877 1586 878 1586 880 1586 957 1579 991 1585 993 1585 994 1585 1012 1577 1020 1576 1045 1577 1110 1585 1112 1585 1180 1577 1221 1574 1238 1577 1264 1583 1265 1585 1380 1585 1380 1583 1381 1583 1396 1577 1408 1574 1432 1577 1448 1580 1450 1580 1451 1580 1453 1580 1456 1577 1463 1573 1478 1577 1490 1582 1491 1582 1493 1582 1494 1582 1503 1577 1514 1573 1519 1577 1521 1580 1522 1580 1524 1580 1525 1580 1627 1577 1628 1555 1625 1522 1542 1522 1527 1509 1527 1508 1525 1508 1524 1508 1478 1508 1476 1508 1475 1508 1473 1508 1473 1509 1461 1519 1432 1511 1430 1511 1429 1511 1427 1511 1426 1511 1412 1522 1351 1522 1334 1512 1332 1512 1331 1512 1329 1512 1328 1512 1295 1522 1256 1509 1255 1509 1253 1509 1252 1509 1219 1522 1204 1512 1203 1512 1201 1512 1200 1512 1198 1512 1171 1522 1134 1509 1133 1509 1131 1509 1057 1511 1055 1511 1054 1511 1032 1524 983 1511 981 1511 980 1511 884 1525 843 1515 841 1515 840 1515 794 1525 780 1515 780 1513 779 1513 777 1513 776 1513 707 1519 682 1512 681 1512 679 1512 678 1512 639 1527 641 1561"/></Shape>
	    <String CONTENT="Sic Titum appellat Filium Tit.I.v3 &amp; Corin¬"
                    HPOS="639"
                    VPOS="1508"
                    WIDTH="989"
                    HEIGHT="78"
                    WC="0.968414348225261"></String>
          </TextLine>

          
          
          <TextLine ID="eSc_line_dd6aa65e"
                    TAGREFS="LT4119"
                    BASELINE="584 1619 1630 1615" 
                    HPOS="582"
                    VPOS="1569"
                    WIDTH="1048"
                    HEIGHT="77">
            <Shape><Polygon POINTS="584 1619 584 1634 701 1634 703 1634 722 1644 724 1644 725 1646 762 1646 762 1644 764 1644 765 1644 780 1634 782 1634 786 1634 829 1644 831 1644 916 1635 948 1632 956 1635 969 1643 971 1643 972 1643 1015 1637 1041 1632 1067 1637 1105 1643 1106 1644 1168 1644 1168 1643 1170 1643 1171 1643 1171 1641 1177 1637 1182 1632 1198 1637 1212 1641 1213 1641 1215 1641 1216 1641 1231 1638 1247 1634 1255 1638 1262 1643 1264 1643 1265 1643 1267 1643 1311 1638 1342 1635 1381 1638 1411 1641 1412 1641 1414 1641 1421 1640 1445 1631 1500 1640 1514 1641 1515 1641 1630 1640 1630 1615 1627 1579 1558 1569 1557 1569 1511 1577 1496 1582 1374 1582 1368 1577 1353 1569 1351 1569 1350 1569 1296 1569 1295 1569 1293 1569 1292 1569 1282 1577 1276 1582 1264 1577 1246 1570 1244 1570 1243 1570 1192 1571 1191 1571 1189 1571 1182 1577 1171 1583 1097 1583 1091 1576 1084 1571 1084 1570 1082 1570 1081 1570 1079 1570 1078 1570 1052 1576 1032 1582 1024 1576 1017 1570 1015 1570 1014 1570 1012 1570 981 1576 975 1577 972 1576 957 1570 956 1570 954 1570 953 1570 936 1576 917 1585 759 1585 725 1576 706 1571 704 1571 582 1574 584 1619"/></Shape>
	    <String CONTENT="thios quoque I Corinth. 4. verſ.14. Tamen obſtat"
                    HPOS="582"
                    VPOS="1569"
                    WIDTH="1048"
                    HEIGHT="77"></String>
          </TextLine>

          
          
          <TextLine ID="eSc_line_575649d2"
                    TAGREFS="LT4119"
                    BASELINE="587 1677 1625 1674" 
                    HPOS="585"
                    VPOS="1629"
                    WIDTH="1040"
                    HEIGHT="66">
            <Shape><Polygon POINTS="587 1677 587 1695 1624 1695 1625 1674 1621 1635 1461 1640 1456 1635 1448 1629 1447 1629 1445 1629 1366 1629 1365 1629 1302 1637 1280 1640 1270 1638 1241 1629 1240 1629 1238 1629 1237 1629 1235 1629 1225 1638 1209 1638 1087 1641 1084 1640 1073 1631 1072 1631 1070 1631 981 1631 980 1631 978 1631 956 1640 954 1641 954 1640 944 1632 944 1631 942 1631 941 1631 780 1631 779 1631 719 1641 691 1631 690 1631 688 1631 687 1631 685 1631 672 1643 585 1643 587 1677"/></Shape>
	    <String CONTENT="quod ait Chriſtus Math.23.verſ.9. &amp; Hebr.12.V.9"
                    HPOS="585"
                    VPOS="1629"
                    WIDTH="1040"
                    HEIGHT="66"></String>
          </TextLine>

          
          
          <TextLine ID="eSc_line_7b3ceb37"
                    TAGREFS="LT4119"
                    BASELINE="585 1735 1627 1735" 
                    HPOS="585"
                    VPOS="1689"
                    WIDTH="1042"
                    HEIGHT="73">
            <Shape><Polygon POINTS="585 1735 585 1750 651 1760 652 1762 746 1762 746 1760 748 1760 749 1760 761 1753 762 1751 773 1753 826 1760 828 1760 875 1753 893 1751 908 1754 941 1760 942 1762 1116 1762 1116 1760 1118 1760 1130 1756 1140 1753 1219 1757 1286 1760 1287 1760 1289 1760 1298 1757 1316 1751 1326 1757 1326 1759 1328 1759 1329 1759 1331 1759 1332 1759 1335 1759 1353 1751 1426 1759 1444 1760 1445 1760 1460 1759 1542 1751 1555 1760 1557 1760 1558 1760 1560 1762 1627 1762 1627 1735 1627 1702 1601 1702 1601 1701 1588 1690 1588 1689 1586 1689 1585 1689 1493 1689 1491 1689 1490 1689 1460 1699 1454 1701 1435 1699 1341 1689 1340 1689 1338 1689 1337 1689 1326 1698 1322 1701 1304 1698 1280 1693 1279 1693 1277 1693 1270 1696 1264 1701 1258 1696 1249 1690 1247 1690 1246 1690 1244 1690 1210 1696 1183 1701 1128 1695 1093 1692 1091 1692 1026 1693 835 1701 815 1690 810 1689 809 1689 807 1689 780 1690 710 1696 585 1689 585 1735"/></Shape>
	    <String CONTENT="Vnus eſt Pater animorum, nempe, Deus. Reſp."
                    HPOS="585"
                    VPOS="1689"
                    WIDTH="1042"
                    HEIGHT="73"
                    WC="0.979228959527127"></String>
          </TextLine>

          
          
          <TextLine ID="eSc_line_bff6fb13"
                    TAGREFS="LT4119"
                    BASELINE="590 1795 1625 1790" 
                    HPOS="588"
                    VPOS="1744"
                    WIDTH="1037"
                    HEIGHT="76">
            <Shape><Polygon POINTS="590 1795 590 1809 621 1820 623 1820 624 1820 626 1820 646 1809 648 1809 663 1809 861 1820 862 1820 947 1808 954 1808 959 1808 1005 1818 1006 1820 1110 1820 1110 1818 1186 1808 1188 1808 1225 1808 1237 1817 1238 1817 1240 1817 1241 1817 1350 1815 1351 1815 1353 1815 1365 1808 1511 1817 1512 1817 1514 1817 1537 1808 1561 1815 1563 1815 1564 1815 1624 1805 1625 1790 1622 1759 1543 1748 1542 1748 1540 1748 1539 1748 1530 1757 1528 1759 1458 1759 1457 1756 1442 1744 1441 1744 1439 1744 1403 1744 1402 1744 1400 1744 1399 1744 1384 1756 1381 1759 1277 1759 1270 1754 1256 1747 1255 1747 1253 1747 1252 1747 1237 1754 1226 1760 1195 1760 1188 1754 1177 1745 1176 1745 1174 1745 1122 1745 1121 1745 1119 1745 1118 1745 1106 1753 1094 1760 1002 1760 989 1751 984 1748 983 1748 981 1748 980 1748 978 1748 971 1751 953 1759 945 1751 939 1747 939 1745 938 1745 936 1745 935 1745 933 1745 917 1751 905 1754 843 1750 789 1747 788 1747 786 1747 777 1750 743 1760 588 1748 590 1795"/></Shape>
	    <String CONTENT="Verum eſt per ſe &amp; propriè vnicum eſſe animo¬"
                    HPOS="588"
                    VPOS="1744"
                    WIDTH="1037"
                    HEIGHT="76"
                    WC="0.981937824384026"></String>
          </TextLine>

          
          
          <TextLine ID="eSc_line_9eb4ff39"
                    TAGREFS="LT4119"
                    BASELINE="581 1853 1628 1850" 
                    HPOS="580"
                    VPOS="1806"
                    WIDTH="1048"
                    HEIGHT="63">
            <Shape><Polygon POINTS="581 1853 581 1869 1627 1866 1628 1850 1625 1820 1592 1812 1591 1812 1589 1812 1588 1812 1579 1820 1564 1806 1563 1806 1561 1806 1475 1806 1473 1806 1472 1806 1470 1806 1461 1814 1453 1808 1451 1808 1450 1808 1448 1808 1447 1808 1445 1808 1429 1818 1424 1821 1393 1821 1389 1818 1371 1806 1369 1806 1368 1806 1323 1806 1322 1806 1320 1806 1319 1806 1302 1817 1284 1809 1283 1809 1282 1809 1280 1809 1279 1809 1265 1818 1261 1821 974 1821 966 1817 951 1808 950 1808 948 1808 865 1808 864 1808 862 1808 861 1808 861 1809 852 1817 847 1821 803 1821 795 1817 776 1808 774 1808 709 1808 707 1808 706 1808 679 1817 663 1821 646 1817 617 1808 615 1808 614 1808 580 1815 581 1853"/></Shape>
	    <String CONTENT="rum noſtrorum Patrem, nimirum Deum ipſum:"
                    HPOS="580"
                    VPOS="1806"
                    WIDTH="1048"
                    HEIGHT="63"
                    WC="0.984164168195027"></String>
          </TextLine>

          
          
          <TextLine ID="eSc_line_bab1547b"
                    TAGREFS="LT4119"
                    BASELINE="581 1911 1628 1906" 
                    HPOS="580"
                    VPOS="1863"
                    WIDTH="1048"
                    HEIGHT="71">
            <Shape><Polygon POINTS="581 1911 581 1930 1277 1934 1279 1934 1412 1925 1424 1925 1427 1925 1453 1933 1454 1933 1456 1933 1457 1933 1479 1925 1481 1925 1487 1925 1600 1933 1601 1933 1603 1933 1628 1924 1628 1906 1625 1876 1454 1876 1453 1875 1430 1863 1429 1863 1427 1863 1426 1863 1424 1863 1406 1873 1403 1876 1348 1876 1344 1873 1323 1863 1322 1863 1320 1863 1231 1872 1216 1873 1200 1872 1140 1864 1139 1864 1137 1864 1136 1864 1136 1866 1128 1872 1122 1876 1105 1872 1079 1864 1078 1864 1076 1864 1075 1864 1058 1870 1042 1876 904 1869 826 1866 825 1866 791 1869 688 1878 663 1867 658 1866 657 1866 655 1866 580 1866 581 1911"/></Shape>
	    <String CONTENT="ſed communicatione quadam, &amp; quatenus homi¬"
                    HPOS="580"
                    VPOS="1863"
                    WIDTH="1048"
                    HEIGHT="71"
                    WC="0.994898915290833"></String>
          </TextLine>

          
          
          <TextLine ID="eSc_line_8534e27c"
                    TAGREFS="LT4119"
                    BASELINE="581 1969 1628 1966" 
                    HPOS="580"
                    VPOS="1922"
                    WIDTH="1048"
                    HEIGHT="67">
            <Shape><Polygon POINTS="581 1969 581 1989 1627 1986 1628 1966 1625 1936 1542 1936 1542 1934 1521 1925 1519 1925 1518 1925 1516 1925 1490 1933 1475 1922 1473 1922 1472 1922 1470 1922 1469 1922 1432 1934 1374 1922 1372 1922 1328 1924 1326 1924 1325 1924 1310 1934 1268 1922 1267 1922 1265 1922 1213 1930 1203 1922 1201 1922 1200 1922 1109 1922 1107 1922 1106 1922 1105 1922 1105 1924 1093 1934 1091 1937 1018 1937 1014 1934 991 1924 990 1924 948 1924 947 1924 945 1924 926 1934 922 1937 877 1937 873 1934 861 1925 859 1925 858 1925 856 1925 855 1925 826 1934 819 1936 813 1934 786 1924 785 1924 783 1924 782 1924 745 1934 736 1937 710 1937 707 1934 697 1925 697 1924 696 1924 694 1924 693 1924 691 1924 655 1934 645 1936 580 1934 581 1969"/></Shape>
	    <String CONTENT="nes ſont huius noſtiæ in fide &amp; Eccleſia Dei ge¬"
                    HPOS="580"
                    VPOS="1922"
                    WIDTH="1048"
                    HEIGHT="67"
                    WC="0.974054245899121"></String>
          </TextLine>

          
          
          <TextLine ID="eSc_line_41923662"
                    TAGREFS="LT4119"
                    BASELINE="578 2028 1627 2028" 
                    HPOS="578"
                    VPOS="1991"
                    WIDTH="1049"
                    HEIGHT="56">
            <Shape><Polygon POINTS="578 2028 578 2043 1625 2047 1627 2028 1627 1994 578 1991 578 2028"/></Shape>
	    <String CONTENT="nerarionis, aut potius regenerationis inſtrumẽta,"
                    HPOS="578"
                    VPOS="1991"
                    WIDTH="1049"
                    HEIGHT="56"
                    WC="0.994949350357056"></String>
          </TextLine>

          
          
          <TextLine ID="eSc_line_076a2670"
                    TAGREFS="LT4119"
                    BASELINE="584 2083 1628 2088" 
                    HPOS="582"
                    VPOS="2040"
                    WIDTH="1046"
                    HEIGHT="64">
            <Shape><Polygon POINTS="584 2083 582 2099 1625 2104 1628 2088 1625 2053 1418 2055 1399 2050 1368 2044 1366 2044 1365 2044 1353 2050 1344 2056 1284 2056 1271 2050 1250 2041 1249 2041 1069 2041 1067 2041 1066 2041 1064 2041 1055 2049 1048 2053 969 2053 953 2047 923 2040 922 2040 920 2040 919 2040 898 2047 884 2053 819 2053 810 2047 801 2040 800 2040 798 2040 737 2040 736 2040 734 2040 733 2040 724 2046 712 2053 667 2053 658 2046 651 2040 649 2040 648 2040 646 2040 645 2040 643 2040 635 2046 624 2052 584 2046 584 2083"/></Shape>
	    <String CONTENT="vox ipſa Patris benignè illis à Deo cõmunicatur,"
                    HPOS="582"
                    VPOS="2040"
                    WIDTH="1046"
                    HEIGHT="64"
                    WC="0.982783771028706"></String>
          </TextLine>

          
          
          <TextLine ID="eSc_line_ca1d5ff0"
                    TAGREFS="LT4119"
                    BASELINE="581 2146 1628 2143" 
                    HPOS="580"
                    VPOS="2099"
                    WIDTH="1048"
                    HEIGHT="84">
            <Shape><Polygon POINTS="581 2146 581 2159 759 2171 761 2171 813 2160 843 2169 844 2169 846 2169 847 2169 849 2169 856 2162 874 2171 875 2171 877 2171 878 2171 899 2160 1011 2169 1012 2169 1014 2169 1015 2169 1029 2162 1128 2166 1130 2166 1131 2166 1133 2166 1145 2159 1173 2177 1174 2177 1176 2177 1177 2177 1179 2177 1229 2162 1256 2181 1258 2181 1259 2181 1261 2183 1479 2183 1479 2181 1481 2181 1482 2181 1491 2174 1574 2174 1576 2174 1577 2174 1628 2157 1628 2143 1625 2113 1589 2113 1589 2111 1573 2099 1572 2099 1570 2099 1490 2099 1488 2099 1487 2099 1485 2099 1469 2111 1467 2113 1421 2113 1420 2111 1403 2099 1402 2099 1400 2099 1399 2099 1398 2099 1369 2111 1368 2113 1231 2113 1228 2111 1210 2099 1209 2099 1207 2099 1206 2099 1204 2099 1168 2111 1164 2113 1103 2113 1102 2111 1090 2101 1088 2101 1087 2101 1036 2101 1035 2101 1033 2101 1014 2110 1008 2114 877 2114 873 2110 861 2101 859 2101 858 2101 856 2101 580 2108 581 2146"/></Shape>
	    <String CONTENT="eti &amp; Patribus carnalibus eadem vox Patris. Plus"
                    HPOS="580"
                    VPOS="2099"
                    WIDTH="1048"
                    HEIGHT="84"
                    WC="0.970424565176169"></String>
          </TextLine>

          
        </TextBlock>
        
        <TextBlock HPOS="1477"
                   VPOS="2183"
                   WIDTH="155"
                   HEIGHT="33"
                   ID="block_3"
                   TAGREFS="BT10534">
          <Shape><Polygon POINTS="1632 2183 1632 2216 1477 2216 1477 2183"/></Shape>
          
          
          <TextLine ID="eSc_line_e0e8e110"
                    TAGREFS="LT4119"
                    BASELINE="1478 2207 1631 2204" 
                    HPOS="1476"
                    VPOS="2166"
                    WIDTH="155"
                    HEIGHT="78">
            <Shape><Polygon POINTS="1627 2171 1522 2166 1521 2166 1476 2174 1478 2207 1478 2230 1630 2244 1631 2204 1630 2201 1627 2171"/></Shape>
	    <String CONTENT="autem"
                    HPOS="1476"
                    VPOS="2166"
                    WIDTH="155"
                    HEIGHT="78"
                    WC="0.998625528812408"></String>
          </TextLine>

          
        </TextBlock>
        

        
      </PrintSpace>
    </Page>
  </Layout>
</alto>
