<?xml version="1.0" encoding="UTF-8"?>
<alto xmlns:xsi="http://www.w3.org/2001/XMLSchema-instance"
      xmlns="http://www.loc.gov/standards/alto/ns-v4#"
      xsi:schemaLocation="http://www.loc.gov/standards/alto/ns-v4# http://www.loc.gov/standards/alto/v4/alto-4-2.xsd">
  <Description>
    <MeasurementUnit>pixel</MeasurementUnit>
    <sourceImageInformation>
      <fileName>2012949.png</fileName>
      
    </sourceImageInformation>
  </Description>
  
  <Tags>
    <OtherTag ID="BT10544" LABEL="text" DESCRIPTION="block type text"/><OtherTag ID="BT10543" LABEL="NumberingZone" DESCRIPTION="block type NumberingZone"/><OtherTag ID="BT10542" LABEL="MainZone" DESCRIPTION="block type MainZone"/><OtherTag ID="BT10538" LABEL="RunningTitleZone" DESCRIPTION="block type RunningTitleZone"/><OtherTag ID="BT10537" LABEL="DropCapitalZone" DESCRIPTION="block type DropCapitalZone"/><OtherTag ID="BT10536" LABEL="GraphicZone" DESCRIPTION="block type GraphicZone"/><OtherTag ID="BT10535" LABEL="TitlePageZone" DESCRIPTION="block type TitlePageZone"/><OtherTag ID="BT10534" LABEL="QuireMarksZone" DESCRIPTION="block type QuireMarksZone"/><OtherTag ID="BT10533" LABEL="MarginTextZone" DESCRIPTION="block type MarginTextZone"/>
    <OtherTag ID="LT4122" LABEL="default" DESCRIPTION="line type default"/><OtherTag ID="LT4119" LABEL="DefaultLine" DESCRIPTION="line type DefaultLine"/><OtherTag ID="LT4118" LABEL="HeadingLine" DESCRIPTION="line type HeadingLine"/><OtherTag ID="LT4117" LABEL="CustomLine : BiblicalText" DESCRIPTION="line type CustomLine : BiblicalText"/>
  </Tags>
  
  <Layout>
    <Page WIDTH="1807"
          HEIGHT="2677"
          PHYSICAL_IMG_NR="65"
          ID="eSc_dummypage_">
      <PrintSpace HPOS="0"
                  VPOS="0"
                  WIDTH="1807"
                  HEIGHT="2677">
        
        <TextBlock HPOS="492.80902099609375"
                   VPOS="180.15248107910156"
                   WIDTH="311.1181640625"
                   HEIGHT="61.49076843261719"
                   ID="block_1"
                   TAGREFS="BT10538">
          <Shape><Polygon POINTS="492.809 180.152 803.927 180.152 803.927 241.643 492.809 241.643 492.809 180.152"/></Shape>
          
          
          <TextLine ID="eSc_line_053d3337"
                    TAGREFS="LT4118"
                    BASELINE="492 226 804 223" 
                    HPOS="490"
                    VPOS="178"
                    WIDTH="314"
                    HEIGHT="58">
            <Shape><Polygon POINTS="773 187 758 187 757 185 751 191 716 191 703 184 699 184 685 184 682 188 602 190 560 179 550 179 535 179 520 178 505 178 490 178 492 226 492 234 801 236 804 223 803 188 788 187"/></Shape>
	    <String CONTENT="CAPVT I."
                    HPOS="490"
                    VPOS="178"
                    WIDTH="314"
                    HEIGHT="58"
                    WC="0.983214154839516"></String>
          </TextLine>

          
        </TextBlock>
        
        <TextBlock HPOS="1128.4814453125"
                   VPOS="194.38490295410156"
                   WIDTH="73.2021484375"
                   HEIGHT="53.62565612792969"
                   ID="block_2"
                   TAGREFS="BT10543">
          <Shape><Polygon POINTS="1128.48 194.385 1201.68 194.385 1201.68 248.011 1128.48 248.011 1128.48 194.385"/></Shape>
          
          
          <TextLine ID="eSc_line_63140845"
                    TAGREFS="LT4119"
                    BASELINE="1140 237 1186 237" 
                    HPOS="1140"
                    VPOS="190"
                    WIDTH="46"
                    HEIGHT="65">
            <Shape><Polygon POINTS="1185 190 1170 190 1155 190 1140 190 1140 237 1140 251 1185 255 1186 237 1186 190 1185 190"/></Shape>
	    <String CONTENT="37"
                    HPOS="1140"
                    VPOS="190"
                    WIDTH="46"
                    HEIGHT="65"
                    WC="0.999963760375977"></String>
          </TextLine>

          
        </TextBlock>
        
        <TextBlock HPOS="136.80010986328125"
                   VPOS="238.43959045410156"
                   WIDTH="1077.4082641601562"
                   HEIGHT="1956.6070404052734"
                   ID="block_3"
                   TAGREFS="BT10542">
          <Shape><Polygon POINTS="136.8 238.44 1214.21 238.44 1214.21 2195.05 136.8 2195.05 136.8 238.44"/></Shape>
          
          
          <TextLine ID="eSc_line_7125703e"
                    TAGREFS="LT4119"
                    BASELINE="151 297 1209 292" 
                    HPOS="151"
                    VPOS="237"
                    WIDTH="1058"
                    HEIGHT="85">
            <Shape><Polygon POINTS="240 239 239 239 236 239 220 254 220 255 159 255 151 263 151 297 151 321 199 312 209 321 211 321 212 321 214 322 252 322 252 321 254 321 255 321 266 312 353 319 359 319 361 319 362 319 380 312 398 319 403 321 404 321 406 321 407 321 414 319 437 312 472 318 489 321 490 321 492 321 493 321 493 319 496 318 505 310 783 310 813 315 840 319 841 319 843 319 862 315 884 309 944 313 997 318 999 318 1207 310 1209 292 1207 252 1188 243 1186 243 1185 243 1078 251 1064 240 1063 240 1061 240 1060 240 1009 248 972 237 971 237 969 237 898 248 874 242 873 242 871 242 870 242 840 252 734 237 733 237 731 237 696 251 679 237 678 237 676 237 652 237 651 237 649 237 624 246 606 239 605 239 603 239 602 239 600 239 584 252 536 252 508 239 507 239 432 239 431 239 429 239 391 254 389 254 345 239 343 239 254 239 242 239"/></Shape>
	    <String CONTENT="perciti. Ex ea igitur ſcilicet bona cõſcientia torũ"
                    HPOS="151"
                    VPOS="237"
                    WIDTH="1058"
                    HEIGHT="85"
                    WC="0.987060464778036"></String>
          </TextLine>

          
          
          <TextLine ID="eSc_line_bc4307db"
                    TAGREFS="LT4119"
                    BASELINE="154 353 1201 349" 
                    HPOS="153"
                    VPOS="306"
                    WIDTH="1048"
                    HEIGHT="74">
            <Shape><Polygon POINTS="154 353 154 368 236 368 240 370 257 380 258 380 260 380 261 380 263 380 285 370 291 368 298 370 325 379 327 379 328 379 330 379 358 371 368 368 493 368 502 371 510 376 511 376 513 376 542 373 588 367 606 373 623 379 624 379 626 379 697 377 699 377 700 377 704 374 715 367 767 374 791 377 792 377 819 374 889 367 914 374 916 374 917 374 962 367 990 376 994 377 996 377 997 379 1200 379 1201 349 1195 306 1160 318 1105 318 1082 307 1079 306 1078 306 1076 306 1064 307 1018 316 977 309 957 306 956 306 954 306 953 306 948 309 938 318 849 319 822 319 813 312 809 307 807 307 806 307 804 307 678 313 590 318 584 315 572 307 571 307 569 307 502 307 501 307 499 307 480 316 474 319 438 318 306 309 304 309 303 309 301 309 287 319 285 321 272 321 245 321 185 309 184 309 182 309 153 321 154 353"/></Shape>
	    <String CONTENT="vitæ noſtræ curſum regere debemus. Quod autẽ"
                    HPOS="153"
                    VPOS="306"
                    WIDTH="1048"
                    HEIGHT="74"
                    WC="0.996932044294145"></String>
          </TextLine>

          
          
          <TextLine ID="eSc_line_a5898695"
                    TAGREFS="LT4119"
                    BASELINE="154 411 1203 408" 
                    HPOS="153"
                    VPOS="364"
                    WIDTH="1050"
                    HEIGHT="70">
            <Shape><Polygon POINTS="154 411 154 428 648 434 649 434 673 431 713 425 722 431 724 432 725 432 727 432 728 432 737 431 770 425 862 432 880 432 881 432 883 432 884 432 893 425 1200 432 1203 408 1201 376 1176 364 1174 364 1173 364 1171 364 1133 374 1133 376 1003 376 997 374 945 364 944 364 942 364 919 373 916 374 913 373 899 364 898 364 896 364 758 364 757 364 755 364 754 364 742 371 736 376 676 376 648 371 633 368 632 368 612 370 568 376 539 370 520 365 519 365 517 365 516 365 511 370 502 377 477 377 468 368 464 365 462 365 461 365 416 365 414 365 413 365 403 368 383 376 278 376 261 367 257 365 255 365 254 365 243 367 200 376 188 367 188 365 187 365 185 365 184 365 153 365 154 411"/></Shape>
	    <String CONTENT="bonam conſcientiam homines Ethnici commẽ¬"
                    HPOS="153"
                    VPOS="364"
                    WIDTH="1050"
                    HEIGHT="70"
                    WC="0.991729194209689"></String>
          </TextLine>

          
          
          <TextLine ID="eSc_line_14c4a915"
                    TAGREFS="LT4119"
                    BASELINE="150 469 1204 466" 
                    HPOS="148"
                    VPOS="420"
                    WIDTH="1056"
                    HEIGHT="75">
            <Shape><Polygon POINTS="150 469 150 495 215 486 301 493 303 493 364 483 426 492 428 492 544 483 581 490 582 490 584 490 602 483 617 490 618 490 620 490 678 481 740 490 742 490 932 481 978 492 980 493 1203 493 1204 466 1203 434 1164 420 1163 420 1161 420 1160 420 1137 432 1054 422 1052 422 1051 422 1049 422 1036 432 1036 434 960 434 960 432 947 422 947 420 945 420 944 420 942 420 877 432 875 432 874 432 849 420 847 420 789 420 788 420 786 420 785 420 768 432 767 434 704 434 701 432 685 420 684 420 682 420 681 420 609 422 608 422 606 422 606 423 596 432 594 432 571 422 569 422 568 422 566 422 539 431 536 432 535 431 520 422 519 422 517 422 426 422 425 422 423 422 422 422 422 423 413 431 410 434 401 431 374 422 373 422 371 422 370 422 345 431 334 434 315 431 279 425 278 425 240 431 218 434 208 431 184 422 182 422 181 422 179 422 148 429 150 469"/></Shape>
	    <String CONTENT="dant, quale eſt illud, Nil conſcire ſibi nulla pal¬"
                    HPOS="148"
                    VPOS="420"
                    WIDTH="1056"
                    HEIGHT="75"
                    WC="0.979915484493854"></String>
          </TextLine>

          
          
          <TextLine ID="eSc_line_c1f3ef20"
                    TAGREFS="LT4119"
                    BASELINE="156 529 1197 524" 
                    HPOS="154"
                    VPOS="478"
                    WIDTH="1043"
                    HEIGHT="72">
            <Shape><Polygon POINTS="156 529 157 550 181 542 425 548 484 548 486 548 498 547 533 541 1195 541 1197 524 1194 492 1127 492 1096 478 1094 478 1093 478 1041 490 1005 478 1003 478 1002 478 1000 478 999 478 999 480 986 492 965 492 910 478 908 478 815 492 813 492 783 480 782 480 780 480 779 480 777 480 765 489 722 480 721 480 719 480 718 480 718 481 704 493 574 493 502 480 501 480 452 481 450 481 423 493 422 495 392 495 392 493 377 481 376 481 374 481 373 481 270 493 243 481 242 481 166 481 165 481 163 481 162 481 162 483 154 489 156 529"/></Shape>
	    <String CONTENT="leſcere culpa. Hic murus aheneus eſto. &amp;, Con¬"
                    HPOS="154"
                    VPOS="478"
                    WIDTH="1043"
                    HEIGHT="72"
                    WC="0.9976737473322"></String>
          </TextLine>

          
          
          <TextLine ID="eSc_line_f659cfeb"
                    TAGREFS="LT4119"
                    BASELINE="151 588 1201 584" 
                    HPOS="150"
                    VPOS="535"
                    WIDTH="1051"
                    HEIGHT="73">
            <Shape><Polygon POINTS="151 588 151 600 404 608 406 608 458 600 461 600 464 600 499 608 501 608 502 608 504 608 513 600 516 599 641 599 643 600 660 606 661 606 663 606 1200 597 1201 584 1198 548 1085 548 1081 547 1030 535 1029 535 978 545 969 547 954 545 881 536 880 536 878 536 858 545 847 548 828 544 789 536 728 536 727 536 725 536 712 544 701 548 685 544 667 538 666 538 664 538 642 542 618 548 606 542 594 536 593 536 591 536 556 542 542 544 530 542 504 536 502 536 501 536 499 536 493 541 484 548 435 548 420 541 419 539 417 539 416 539 414 539 397 541 340 547 319 539 312 538 310 538 309 538 245 539 243 539 242 539 230 547 220 539 218 538 217 538 215 538 214 538 150 538 151 588"/></Shape>
	    <String CONTENT="ſcientia mille teſtes. item, Bono viro nihil præ¬"
                    HPOS="150"
                    VPOS="535"
                    WIDTH="1051"
                    HEIGHT="73"
                    WC="0.984546761123501"></String>
          </TextLine>

          
          
          <TextLine ID="eSc_line_b3c20449"
                    TAGREFS="LT4119"
                    BASELINE="150 645 1203 642" 
                    HPOS="148"
                    VPOS="597"
                    WIDTH="1055"
                    HEIGHT="72">
            <Shape><Polygon POINTS="150 645 150 666 215 658 251 666 260 667 261 669 533 669 533 667 535 667 542 664 554 658 587 663 614 667 615 667 641 663 676 657 1023 657 1042 660 1072 666 1073 666 1075 666 1091 660 1096 658 1107 660 1149 666 1151 666 1201 658 1203 642 1201 609 1179 597 1177 597 1176 597 1100 608 1085 597 1084 597 1082 597 1008 597 1006 597 1005 597 1003 597 993 605 945 597 944 597 942 597 941 597 928 608 828 608 817 599 816 599 815 599 813 599 812 599 786 608 765 599 764 599 762 599 675 609 666 609 651 599 649 599 648 599 608 599 606 599 565 609 563 609 562 609 553 600 551 600 550 600 496 599 495 599 493 599 465 609 462 611 337 611 333 609 294 599 292 599 291 599 290 599 288 599 275 609 273 609 252 602 251 602 249 602 148 608 150 645"/></Shape>
	    <String CONTENT="ter culpam præſtandum, &amp; cætera huiuſmodi:"
                    HPOS="148"
                    VPOS="597"
                    WIDTH="1055"
                    HEIGHT="72"
                    WC="0.997043149811881"></String>
          </TextLine>

          
          
          <TextLine ID="eSc_line_5545fd81"
                    TAGREFS="LT4119"
                    BASELINE="150 707 1198 700" 
                    HPOS="148"
                    VPOS="652"
                    WIDTH="1050"
                    HEIGHT="79">
            <Shape><Polygon POINTS="150 707 150 724 284 731 285 731 287 731 288 731 297 724 300 721 377 721 392 722 434 730 435 730 437 730 461 722 468 721 493 722 566 727 568 727 591 721 602 719 609 721 632 728 633 728 635 728 670 721 672 721 684 728 685 728 687 728 688 730 777 730 777 728 1197 716 1198 700 1195 664 1069 652 1067 652 1066 652 1064 652 1049 664 1041 664 986 664 983 664 953 654 951 654 950 654 948 654 929 664 928 664 925 664 880 654 878 654 877 654 875 654 864 664 862 666 831 666 826 664 779 654 777 654 745 655 743 655 742 655 742 657 733 664 730 667 670 667 666 664 652 655 651 655 649 655 648 655 580 664 566 666 557 664 520 657 481 657 480 657 478 657 477 657 468 664 464 669 376 669 371 664 362 658 361 658 359 658 358 658 356 658 337 664 324 669 306 664 282 660 281 660 148 664 150 707"/></Shape>
	    <String CONTENT="vim quidem teſtimonij conſcientię demonſtrãt,"
                    HPOS="148"
                    VPOS="652"
                    WIDTH="1050"
                    HEIGHT="79"></String>
          </TextLine>

          
          
          <TextLine ID="eSc_line_79ccf4f1"
                    TAGREFS="LT4119"
                    BASELINE="151 762 1204 759" 
                    HPOS="150"
                    VPOS="718"
                    WIDTH="1054"
                    HEIGHT="70">
            <Shape><Polygon POINTS="151 762 151 788 194 788 194 786 196 786 197 786 215 776 307 776 327 785 328 785 330 785 333 785 380 776 392 785 394 786 395 786 397 786 398 786 422 783 477 777 499 783 511 786 513 786 514 786 539 783 565 779 578 782 588 785 590 785 591 785 593 785 600 782 617 776 652 776 661 782 669 786 670 786 672 786 673 786 701 780 733 774 758 780 779 785 780 785 847 779 904 774 983 777 1143 785 1145 785 1203 774 1204 759 1200 718 1163 725 1096 718 1084 718 1082 718 1081 718 1079 718 1079 719 1070 727 993 727 972 719 963 718 962 718 960 718 959 718 957 718 956 721 948 727 809 727 792 722 771 718 770 718 768 718 767 718 761 722 758 725 752 722 745 719 743 719 742 719 703 722 661 727 526 725 176 719 175 719 174 719 150 728 151 762"/></Shape>
	    <String CONTENT="quanta ſit: præcipuum tamen periculum, quod"
                    HPOS="150"
                    VPOS="718"
                    WIDTH="1054"
                    HEIGHT="70"
                    WC="0.998061205065528"></String>
          </TextLine>

          
          
          <TextLine ID="eSc_line_f792d43e"
                    TAGREFS="LT4119"
                    BASELINE="147 823 1204 817" 
                    HPOS="145"
                    VPOS="768"
                    WIDTH="1059"
                    HEIGHT="78">
            <Shape><Polygon POINTS="147 823 147 846 188 838 257 838 269 846 270 846 272 846 273 846 337 838 400 846 401 846 444 837 672 844 673 844 675 844 676 844 678 844 688 835 739 843 740 843 840 835 861 843 862 843 864 843 941 834 1201 841 1204 817 1200 771 1047 782 997 774 963 768 962 768 960 768 942 774 919 783 898 776 883 770 881 770 880 770 878 770 858 776 832 783 819 776 807 770 806 770 681 770 679 770 678 770 651 779 635 785 629 779 618 771 617 771 615 771 585 771 584 771 582 771 581 771 568 780 563 782 526 782 441 779 440 779 419 783 401 786 365 783 245 773 243 773 242 773 221 785 145 786 147 823"/></Shape>
	    <String CONTENT="ex ea ſpreta metuendum eſt, nõ oſtendunt, quod"
                    HPOS="145"
                    VPOS="768"
                    WIDTH="1059"
                    HEIGHT="78"
                    WC="0.980381755118674"></String>
          </TextLine>

          
          
          <TextLine ID="eSc_line_210d8433"
                    TAGREFS="LT4119"
                    BASELINE="151 881 1204 875" 
                    HPOS="150"
                    VPOS="826"
                    WIDTH="1054"
                    HEIGHT="76">
            <Shape><Polygon POINTS="151 881 151 902 676 902 676 901 678 901 694 895 701 893 758 895 936 899 938 899 939 899 941 899 941 898 947 892 948 892 972 892 1180 898 1182 898 1183 898 1204 889 1204 875 1200 831 1143 834 1134 831 1122 826 1121 826 1119 826 1118 826 1102 831 1082 838 1076 832 1070 828 1070 826 1069 826 1067 826 1066 826 1011 832 999 834 989 834 935 826 933 826 932 826 931 826 920 834 913 840 887 835 867 831 865 831 820 835 782 840 762 837 709 826 707 826 633 838 620 840 599 838 455 828 453 828 452 828 450 828 441 837 300 843 294 843 267 832 266 832 194 829 193 829 191 829 150 844 151 881"/></Shape>
	    <String CONTENT="eſt hoc, amiſſio &amp; euerſio veræ fidei doctri¬"
                    HPOS="150"
                    VPOS="826"
                    WIDTH="1054"
                    HEIGHT="76"
                    WC="0.989250253306495"></String>
          </TextLine>

          
          
          <TextLine ID="eSc_line_ceb9c80e"
                    TAGREFS="LT4119"
                    BASELINE="151 938 1201 935" 
                    HPOS="150"
                    VPOS="886"
                    WIDTH="1051"
                    HEIGHT="83">
            <Shape><Polygon POINTS="151 938 151 957 191 957 220 969 221 969 223 969 291 957 327 957 346 969 348 969 349 969 350 969 466 957 673 969 675 969 736 968 737 968 768 956 1170 968 1171 968 1173 968 1201 953 1201 935 1198 896 1067 887 1066 887 1064 887 1036 895 986 886 984 886 983 886 948 895 916 886 914 886 913 886 868 895 779 886 777 886 730 895 687 886 685 886 684 886 654 896 587 887 585 887 584 887 565 896 519 887 517 887 419 895 404 887 403 887 401 887 276 896 248 887 246 887 245 887 150 898 151 938"/></Shape>
	    <String CONTENT="næ, &amp; cognitionis de noſtra ſalute &amp; Dei erga"
                    HPOS="150"
                    VPOS="886"
                    WIDTH="1051"
                    HEIGHT="83"
                    WC="0.993020417955187"></String>
          </TextLine>

          
          
          <TextLine ID="eSc_line_aa970f1a"
                    TAGREFS="LT4119"
                    BASELINE="150 999 554 999" 
                    HPOS="150"
                    VPOS="948"
                    WIDTH="404"
                    HEIGHT="81">
            <Shape><Polygon POINTS="150 999 150 1017 197 1027 199 1027 200 1027 224 1017 226 1017 269 1017 279 1026 279 1027 281 1027 282 1027 284 1029 327 1029 327 1027 328 1027 330 1027 330 1026 340 1017 370 1027 371 1027 373 1027 374 1027 397 1018 438 1027 440 1027 441 1027 466 1017 554 1017 554 999 554 966 510 965 492 948 490 948 489 948 487 948 486 948 446 960 416 951 414 951 413 951 411 951 365 965 331 948 330 948 292 948 291 948 290 948 288 948 288 950 278 959 246 953 245 953 243 953 220 965 174 948 172 948 171 948 169 948 168 948 150 962 150 999"/></Shape>
	    <String CONTENT="nos miſericordia."
                    HPOS="150"
                    VPOS="948"
                    WIDTH="404"
                    HEIGHT="81"
                    WC="0.997035857509164"></String>
          </TextLine>

          
          
          <TextLine ID="eSc_line_74a2dae9"
                    TAGREFS="LT4117"
                    BASELINE="166 1122 1198 1119" 
                    HPOS="165"
                    VPOS="1063"
                    WIDTH="1033"
                    HEIGHT="79">
            <Shape><Polygon POINTS="166 1142 1197 1139 1198 1119 1197 1076 1148 1063 1146 1063 1051 1063 1049 1063 1048 1063 1047 1063 1038 1070 1014 1063 1012 1063 1011 1063 1009 1063 968 1075 907 1063 905 1063 850 1075 826 1066 825 1066 823 1066 762 1073 746 1066 745 1066 743 1066 742 1066 740 1066 727 1075 725 1075 721 1075 620 1067 618 1067 577 1075 566 1076 565 1075 550 1064 548 1064 547 1064 504 1064 502 1064 501 1064 478 1075 474 1076 458 1075 382 1064 380 1064 337 1075 327 1078 251 1078 243 1075 218 1066 217 1066 215 1066 165 1073 166 1122"/></Shape>
	    <String CONTENT="20 Ex quibus Hymenæus &amp; Alexãder:"
                    HPOS="165"
                    VPOS="1063"
                    WIDTH="1033"
                    HEIGHT="79"
                    WC="0.987073789624607"></String>
          </TextLine>

          
          
          <TextLine ID="eSc_line_e807d394"
                    TAGREFS="LT4117"
                    BASELINE="151 1192 1195 1186" 
                    HPOS="150"
                    VPOS="1134"
                    WIDTH="1045"
                    HEIGHT="84">
            <Shape><Polygon POINTS="151 1218 223 1207 281 1216 282 1216 284 1216 285 1216 298 1206 422 1206 505 1206 535 1216 538 1216 539 1216 541 1216 542 1216 544 1216 565 1206 623 1213 624 1213 626 1213 638 1207 654 1215 657 1216 658 1216 660 1216 669 1215 704 1206 728 1215 730 1215 731 1215 733 1215 734 1215 736 1215 748 1204 782 1213 786 1215 788 1215 789 1216 873 1216 873 1215 874 1215 877 1213 892 1206 1194 1210 1195 1186 1194 1145 1168 1134 1167 1134 1165 1134 1164 1134 1146 1143 1084 1134 1082 1134 1081 1134 1061 1145 890 1145 877 1134 875 1134 874 1134 719 1134 718 1134 658 1146 588 1137 587 1137 585 1137 584 1137 574 1148 464 1148 435 1136 434 1136 432 1136 380 1137 379 1137 377 1137 377 1139 367 1148 334 1137 333 1137 331 1137 330 1137 295 1148 175 1137 174 1137 172 1137 150 1148 151 1192"/></Shape>
	    <String CONTENT="quos tradidi Satanæ, vt diſcant non blaſ¬"
                    HPOS="150"
                    VPOS="1134"
                    WIDTH="1045"
                    HEIGHT="84"
                    WC="0.969054988244685"></String>
          </TextLine>

          
          
          <TextLine ID="eSc_line_b498c09c"
                    TAGREFS="LT4117"
                    BASELINE="156 1261 406 1258" 
                    HPOS="154"
                    VPOS="1204"
                    WIDTH="252"
                    HEIGHT="97">
            <Shape><Polygon POINTS="156 1301 217 1301 218 1301 220 1301 220 1299 224 1296 243 1276 337 1276 358 1281 367 1284 368 1284 370 1284 371 1284 373 1284 377 1280 386 1273 401 1277 406 1258 403 1223 343 1223 340 1221 325 1209 324 1209 322 1209 321 1209 319 1209 295 1219 294 1219 291 1218 260 1204 258 1204 257 1204 154 1212 156 1261"/></Shape>
	    <String CONTENT="phemare."
                    HPOS="154"
                    VPOS="1204"
                    WIDTH="252"
                    HEIGHT="97"
                    WC="0.996984161436558"></String>
          </TextLine>

          
          
          <TextLine ID="eSc_line_e9094440"
                    TAGREFS="LT4119"
                    BASELINE="162 1348 1200 1344" 
                    HPOS="160"
                    VPOS="1293"
                    WIDTH="1040"
                    HEIGHT="82">
            <Shape><Polygon POINTS="948 1293 933 1293 919 1293 905 1293 904 1293 902 1293 901 1293 884 1308 852 1308 816 1296 815 1296 813 1296 812 1296 782 1308 771 1301 770 1301 768 1301 767 1301 765 1301 749 1308 685 1301 684 1301 682 1301 661 1308 572 1298 379 1296 377 1296 376 1296 374 1296 374 1298 362 1308 333 1296 331 1296 215 1296 214 1296 212 1296 160 1311 162 1348 162 1366 310 1366 322 1368 362 1375 364 1375 365 1375 367 1375 377 1368 382 1366 526 1369 684 1372 685 1372 697 1371 721 1365 804 1371 852 1374 853 1374 875 1371 932 1363 986 1372 993 1372 994 1374 1198 1374 1200 1344 1197 1308 1109 1299 1107 1299 1106 1299 1105 1299 1094 1308 1009 1308 974 1293 972 1293 963 1293 948 1293"/></Shape>
	    <String CONTENT="Hoc ipſum duobus exemplis confirmat, Hy¬"
                    HPOS="160"
                    VPOS="1293"
                    WIDTH="1040"
                    HEIGHT="82"
                    WC="0.987695451080799"></String>
          </TextLine>

          
          
          <TextLine ID="eSc_line_25090766"
                    TAGREFS="LT4119"
                    BASELINE="153 1408 1201 1405" 
                    HPOS="151"
                    VPOS="1360"
                    WIDTH="1050"
                    HEIGHT="75">
            <Shape><Polygon POINTS="153 1408 153 1426 486 1426 553 1429 649 1435 651 1435 652 1435 667 1430 679 1426 685 1430 688 1433 690 1433 691 1433 693 1435 936 1435 936 1433 938 1433 939 1433 941 1432 948 1426 956 1432 957 1433 959 1433 960 1433 962 1435 997 1435 997 1433 999 1433 1000 1433 1000 1432 1009 1424 1023 1432 1023 1433 1024 1433 1026 1433 1027 1435 1140 1435 1140 1433 1142 1433 1143 1433 1171 1424 1197 1433 1201 1405 1198 1372 1149 1372 1136 1360 1134 1360 1133 1360 1131 1360 1084 1372 965 1372 895 1360 893 1360 892 1360 890 1360 890 1362 878 1372 734 1372 715 1363 713 1363 712 1363 710 1363 673 1372 648 1362 646 1362 645 1362 643 1362 615 1372 532 1362 530 1362 529 1362 527 1362 511 1372 455 1372 434 1362 432 1362 431 1362 364 1371 339 1362 337 1362 179 1362 178 1362 176 1362 151 1372 153 1408"/></Shape>
	    <String CONTENT="menæi &amp; Alexandri, de quorum altero agit hic"
                    HPOS="151"
                    VPOS="1360"
                    WIDTH="1050"
                    HEIGHT="75"
                    WC="0.976207726381042"></String>
          </TextLine>

          
          
          <TextLine ID="eSc_line_e12a4027"
                    TAGREFS="LT4119"
                    BASELINE="157 1464 1198 1463" 
                    HPOS="156"
                    VPOS="1421"
                    WIDTH="1042"
                    HEIGHT="72">
            <Shape><Polygon POINTS="157 1464 157 1482 184 1491 185 1491 187 1491 188 1491 211 1484 215 1482 254 1484 380 1490 382 1490 407 1485 420 1482 425 1485 431 1491 432 1491 434 1491 435 1491 462 1485 477 1482 550 1482 559 1487 569 1491 571 1491 572 1491 623 1487 673 1482 690 1487 701 1491 703 1491 704 1493 858 1493 858 1491 877 1490 928 1482 950 1490 954 1491 956 1491 957 1491 968 1490 1003 1482 1030 1490 1033 1491 1035 1491 1036 1493 1118 1493 1118 1491 1119 1491 1121 1491 1157 1482 1194 1491 1198 1463 1194 1427 1112 1433 1103 1426 1097 1421 1096 1421 1094 1421 1093 1421 1067 1426 1052 1429 1038 1426 1008 1421 1006 1421 1005 1421 1003 1421 1003 1423 999 1426 990 1435 694 1435 685 1426 681 1423 681 1421 679 1421 678 1421 630 1421 629 1421 627 1421 626 1421 626 1423 621 1426 614 1433 591 1426 582 1423 581 1423 580 1423 578 1423 577 1423 574 1426 563 1432 545 1426 544 1426 542 1426 539 1426 496 1433 487 1426 486 1426 484 1426 483 1426 480 1426 438 1433 382 1426 349 1421 348 1421 346 1421 345 1421 345 1423 340 1426 333 1433 304 1433 290 1426 288 1426 287 1426 285 1426 257 1432 249 1426 245 1423 245 1421 243 1421 242 1421 240 1421 156 1424 157 1464"/></Shape>
	    <String CONTENT="ipſe in 2 Tim. 2.V. 17. cuius errorem qualis fuerit"
                    HPOS="156"
                    VPOS="1421"
                    WIDTH="1042"
                    HEIGHT="72"
                    WC="0.981456861776464"></String>
          </TextLine>

          
          
          <TextLine ID="eSc_line_22323b13"
                    TAGREFS="LT4119"
                    BASELINE="151 1522 1200 1522" 
                    HPOS="151"
                    VPOS="1475"
                    WIDTH="1049"
                    HEIGHT="80">
            <Shape><Polygon POINTS="151 1522 151 1545 246 1545 248 1545 266 1554 267 1554 269 1554 270 1554 287 1545 290 1545 404 1545 408 1546 420 1554 422 1554 423 1554 425 1554 426 1554 453 1546 462 1545 468 1548 484 1554 486 1554 487 1554 532 1548 556 1545 572 1548 594 1554 596 1554 597 1554 624 1549 643 1545 661 1549 681 1554 682 1554 684 1554 728 1549 765 1546 774 1551 782 1554 783 1554 785 1554 786 1554 794 1551 800 1546 806 1551 810 1554 812 1554 813 1554 815 1554 846 1551 892 1546 917 1552 929 1554 931 1554 932 1554 933 1554 935 1552 944 1545 957 1552 959 1552 960 1552 962 1552 968 1552 1017 1545 1030 1552 1032 1554 1033 1554 1035 1554 1036 1555 1133 1555 1133 1554 1134 1554 1136 1554 1161 1545 1197 1554 1200 1522 1200 1485 1157 1475 1155 1475 1154 1475 1087 1485 1084 1487 1038 1487 1036 1485 1026 1476 1026 1475 1024 1475 1023 1475 1021 1475 963 1476 962 1476 960 1476 950 1485 948 1485 938 1485 862 1478 861 1478 859 1478 844 1484 841 1487 669 1487 661 1484 642 1476 641 1476 639 1476 603 1482 588 1485 580 1482 557 1475 556 1475 554 1475 517 1482 513 1482 510 1482 471 1475 469 1475 468 1475 455 1482 447 1487 389 1487 385 1481 377 1476 377 1475 376 1475 374 1475 373 1475 151 1479 151 1522"/></Shape>
	    <String CONTENT="deſcribit, in quẽ Alexãdrũ quoq; incidiſſe veriſi¬"
                    HPOS="151"
                    VPOS="1475"
                    WIDTH="1049"
                    HEIGHT="80"
                    WC="0.988952128392345"></String>
          </TextLine>

          
          
          <TextLine ID="eSc_line_cda730f4"
                    TAGREFS="LT4119"
                    BASELINE="151 1579 1198 1583" 
                    HPOS="150"
                    VPOS="1534"
                    WIDTH="1048"
                    HEIGHT="79">
            <Shape><Polygon POINTS="151 1579 150 1598 214 1609 215 1609 496 1601 569 1610 571 1610 572 1610 590 1603 693 1610 694 1610 764 1603 870 1612 871 1613 1146 1613 1146 1612 1197 1603 1198 1583 1198 1548 1170 1537 1168 1537 1167 1537 1127 1546 1116 1537 1115 1537 1113 1537 1112 1537 1110 1537 1090 1546 1090 1548 1035 1548 1035 1546 1024 1537 1023 1537 1021 1537 986 1537 984 1537 983 1537 965 1546 963 1546 939 1537 938 1537 936 1537 935 1537 919 1546 917 1546 916 1546 883 1537 881 1537 880 1537 878 1537 852 1546 849 1546 846 1546 809 1536 807 1536 806 1536 804 1536 780 1545 780 1546 688 1546 687 1545 658 1536 657 1536 655 1536 654 1536 627 1545 626 1545 624 1545 585 1536 584 1536 429 1543 428 1543 414 1534 413 1534 411 1534 410 1534 151 1542 151 1579"/></Shape>
	    <String CONTENT="mile eſt. Fuit autẽ hic Alexander Epheſius Act."
                    HPOS="150"
                    VPOS="1534"
                    WIDTH="1048"
                    HEIGHT="79"
                    WC="0.993854927519957"></String>
          </TextLine>

          
          
          <TextLine ID="eSc_line_cf9eb6a3"
                    TAGREFS="LT4119"
                    BASELINE="153 1640 1201 1640" 
                    HPOS="153"
                    VPOS="1603"
                    WIDTH="1048"
                    HEIGHT="67">
            <Shape><Polygon POINTS="153 1640 153 1661 284 1670 285 1670 356 1662 370 1662 466 1662 469 1664 475 1670 477 1670 478 1670 480 1670 505 1664 516 1662 538 1664 591 1670 593 1670 630 1665 652 1662 678 1665 715 1670 716 1670 745 1665 770 1662 800 1667 828 1670 829 1670 847 1667 868 1662 883 1667 892 1670 893 1670 895 1670 1201 1668 1201 1640 1200 1603 153 1606 153 1640"/></Shape>
	    <String CONTENT="19.V. 13. Vtrunque autem ad terrorem cæterorũ"
                    HPOS="153"
                    VPOS="1603"
                    WIDTH="1048"
                    HEIGHT="67"
                    WC="0.982577859059624"></String>
          </TextLine>

          
          
          <TextLine ID="eSc_line_7843c2ca"
                    TAGREFS="LT4119"
                    BASELINE="151 1701 1198 1696" 
                    HPOS="150"
                    VPOS="1653"
                    WIDTH="1048"
                    HEIGHT="76">
            <Shape><Polygon POINTS="151 1701 153 1729 185 1720 310 1728 327 1728 328 1728 330 1728 331 1728 346 1719 403 1726 419 1728 420 1728 437 1726 481 1719 517 1725 530 1726 532 1726 553 1723 593 1719 609 1723 621 1726 623 1726 624 1728 816 1728 816 1726 858 1720 884 1716 975 1716 980 1717 994 1725 996 1725 997 1725 1082 1716 1094 1716 1102 1716 1163 1725 1164 1725 1165 1725 1198 1714 1198 1696 1195 1665 1112 1655 1110 1655 1109 1655 1107 1655 1094 1665 1009 1665 994 1655 993 1655 991 1655 990 1655 989 1655 966 1664 917 1656 916 1656 831 1665 829 1665 810 1655 809 1655 807 1655 730 1662 709 1653 707 1653 706 1653 704 1653 679 1661 629 1653 627 1653 626 1653 597 1665 499 1659 498 1659 496 1659 468 1667 465 1667 464 1667 403 1655 401 1655 328 1664 257 1655 255 1655 254 1655 236 1664 226 1655 224 1655 223 1655 185 1655 184 1655 182 1655 150 1665 151 1701"/></Shape>
	    <String CONTENT="pſeudopaſtorum punit Paulus excommunica¬"
                    HPOS="150"
                    VPOS="1653"
                    WIDTH="1048"
                    HEIGHT="76"
                    WC="0.966532860696316"></String>
          </TextLine>

          
          
          <TextLine ID="eSc_line_94ce2638"
                    TAGREFS="LT4119"
                    BASELINE="154 1754 1200 1759" 
                    HPOS="153"
                    VPOS="1710"
                    WIDTH="1047"
                    HEIGHT="74">
            <Shape><Polygon POINTS="154 1754 153 1772 284 1783 285 1783 401 1775 410 1775 481 1775 483 1775 501 1784 502 1784 504 1784 505 1784 522 1777 577 1784 578 1784 666 1777 681 1777 684 1778 700 1784 701 1784 703 1784 1198 1781 1200 1759 1198 1713 1087 1713 1085 1713 1084 1713 1082 1713 1055 1722 1047 1713 1045 1713 1044 1713 977 1713 975 1713 974 1713 969 1714 935 1725 925 1714 923 1714 923 1713 922 1713 920 1713 892 1713 890 1713 889 1713 883 1714 858 1725 847 1716 843 1711 841 1711 840 1711 838 1711 815 1716 774 1725 633 1725 624 1717 618 1713 617 1713 615 1713 614 1713 568 1717 529 1722 516 1719 487 1710 486 1710 484 1710 483 1710 455 1719 443 1723 214 1723 211 1720 185 1710 184 1710 182 1710 181 1710 154 1720 154 1754"/></Shape>
	    <String CONTENT="tione quam ſolenniter antea in Eccleſia factã"
                    HPOS="153"
                    VPOS="1710"
                    WIDTH="1047"
                    HEIGHT="74"
                    WC="0.982521159493405"></String>
          </TextLine>

          
          
          <TextLine ID="eSc_line_30657bf9"
                    TAGREFS="LT4119"
                    BASELINE="153 1815 1200 1812" 
                    HPOS="151"
                    VPOS="1769"
                    WIDTH="1049"
                    HEIGHT="76">
            <Shape><Polygon POINTS="153 1815 153 1838 486 1845 487 1845 489 1845 498 1841 504 1838 593 1841 672 1844 673 1844 675 1844 681 1841 696 1836 718 1842 727 1844 728 1844 730 1844 731 1844 740 1842 761 1836 782 1842 789 1844 791 1844 792 1844 794 1844 801 1842 825 1836 835 1842 837 1844 838 1844 840 1844 841 1844 852 1842 887 1836 898 1842 898 1844 899 1844 901 1844 902 1845 1116 1845 1116 1844 1118 1844 1151 1836 1197 1844 1200 1812 1195 1774 1105 1780 1079 1772 1072 1771 1070 1771 1069 1771 1051 1772 1005 1780 989 1772 981 1769 980 1769 978 1769 953 1772 907 1781 591 1781 577 1772 575 1771 574 1771 572 1771 449 1771 447 1771 426 1772 310 1781 267 1772 260 1771 258 1771 151 1771 153 1815"/></Shape>
	    <String CONTENT="fuiſſe verum eſt. Hîc autem eam repetit, vt intel¬"
                    HPOS="151"
                    VPOS="1769"
                    WIDTH="1049"
                    HEIGHT="76"
                    WC="0.978539147797753"></String>
          </TextLine>

          
          
          <TextLine ID="eSc_line_b987c060"
                    TAGREFS="LT4119"
                    BASELINE="153 1872 1203 1876" 
                    HPOS="153"
                    VPOS="1826"
                    WIDTH="1050"
                    HEIGHT="77">
            <Shape><Polygon POINTS="153 1872 153 1899 348 1893 469 1897 541 1900 542 1900 566 1897 597 1893 623 1897 654 1902 655 1902 690 1896 713 1893 722 1896 734 1902 736 1902 737 1902 807 1896 828 1894 831 1896 837 1902 838 1902 840 1902 910 1903 911 1903 913 1903 914 1903 928 1896 929 1894 951 1894 1078 1902 1079 1902 1081 1902 1099 1894 1128 1902 1130 1902 1131 1902 1201 1893 1203 1876 1201 1838 1078 1830 1076 1830 1075 1830 1061 1835 1051 1841 905 1841 892 1833 886 1830 884 1830 817 1829 816 1829 815 1829 813 1829 807 1833 798 1838 761 1832 737 1829 736 1829 734 1829 724 1832 700 1838 632 1830 611 1829 609 1829 608 1829 602 1830 577 1838 559 1830 556 1829 554 1829 553 1829 551 1829 550 1829 550 1830 535 1838 490 1830 489 1830 230 1836 153 1826 153 1872"/></Shape>
	    <String CONTENT="ligant omnes, quo iudicio digni ſint omnes hæ¬"
                    HPOS="153"
                    VPOS="1826"
                    WIDTH="1050"
                    HEIGHT="77"
                    WC="0.993337842433349"></String>
          </TextLine>

          
          
          <TextLine ID="eSc_line_61b6729c"
                    TAGREFS="LT4119"
                    BASELINE="151 1933 1206 1933" 
                    HPOS="151"
                    VPOS="1888"
                    WIDTH="1055"
                    HEIGHT="75">
            <Shape><Polygon POINTS="151 1933 151 1951 199 1960 200 1960 202 1960 203 1960 215 1952 315 1960 316 1960 382 1952 383 1952 394 1961 395 1961 397 1961 398 1963 505 1963 505 1961 507 1961 508 1961 522 1952 523 1952 526 1952 572 1961 574 1961 623 1952 629 1952 632 1952 657 1961 658 1961 660 1963 794 1963 794 1961 795 1961 797 1961 809 1954 812 1952 914 1952 917 1954 926 1961 928 1961 929 1961 931 1961 932 1961 957 1954 963 1952 968 1954 983 1961 984 1961 986 1961 1206 1954 1206 1933 1206 1899 1066 1890 1064 1890 1063 1890 1061 1890 1051 1897 1039 1888 1038 1888 1036 1888 977 1888 975 1888 974 1888 972 1888 963 1897 962 1899 834 1899 831 1896 815 1888 813 1888 812 1888 810 1888 785 1896 780 1897 777 1896 759 1888 758 1888 757 1888 755 1888 754 1888 743 1896 740 1899 697 1899 694 1896 684 1888 682 1888 681 1888 679 1888 678 1888 655 1896 648 1897 641 1896 612 1888 611 1888 609 1888 577 1896 572 1896 565 1896 511 1888 510 1888 508 1888 507 1888 498 1894 493 1899 414 1899 410 1894 403 1888 401 1888 400 1888 310 1888 309 1888 307 1888 294 1894 288 1897 284 1894 275 1888 273 1888 272 1888 270 1888 151 1893 151 1933"/></Shape>
	    <String CONTENT="retici obſtinati. Verba autem hæc tradidi Satana"
                    HPOS="151"
                    VPOS="1888"
                    WIDTH="1055"
                    HEIGHT="75"
                    WC="0.968464459603032"></String>
          </TextLine>

          
          
          <TextLine ID="eSc_line_3284d297"
                    TAGREFS="LT4119"
                    BASELINE="157 1989 1203 1994" 
                    HPOS="157"
                    VPOS="1945"
                    WIDTH="1046"
                    HEIGHT="74">
            <Shape><Polygon POINTS="157 1989 157 2019 1201 2019 1203 1994 1200 1951 1023 1957 986 1951 966 1948 965 1948 963 1948 950 1951 926 1957 914 1951 907 1948 905 1948 904 1948 902 1948 892 1951 875 1957 864 1951 855 1946 853 1946 852 1946 807 1951 768 1955 745 1951 716 1946 715 1946 713 1946 703 1951 694 1957 646 1957 629 1952 605 1946 603 1946 602 1946 582 1952 568 1955 553 1952 530 1946 529 1946 527 1946 526 1946 513 1952 505 1955 416 1952 220 1945 218 1945 217 1945 215 1945 206 1952 203 1954 157 1954 157 1989"/></Shape>
	    <String CONTENT="quid ſignificent, D. Beza in I Corinth.5. verſ.5."
                    HPOS="157"
                    VPOS="1945"
                    WIDTH="1046"
                    HEIGHT="74"
                    WC="0.980320895204739"></String>
          </TextLine>

          
          
          <TextLine ID="eSc_line_96e1844f"
                    TAGREFS="LT4119"
                    BASELINE="157 2047 1204 2052" 
                    HPOS="156"
                    VPOS="2009"
                    WIDTH="1048"
                    HEIGHT="70">
            <Shape><Polygon POINTS="157 2047 156 2064 194 2065 205 2076 206 2076 208 2076 209 2076 333 2067 345 2067 346 2067 358 2076 359 2076 361 2076 577 2077 578 2077 580 2077 600 2071 611 2068 627 2071 660 2077 661 2077 688 2073 709 2068 728 2073 748 2077 749 2077 751 2077 782 2073 812 2070 844 2074 874 2079 875 2079 877 2079 886 2074 896 2070 908 2076 916 2079 917 2079 919 2079 941 2076 978 2070 993 2076 999 2079 1000 2079 1002 2079 1003 2079 1011 2077 1033 2070 1067 2077 1076 2079 1078 2079 1079 2079 1084 2077 1110 2070 1201 2079 1204 2052 1201 2009 157 2009 157 2047"/></Shape>
	    <String CONTENT="explicuit, ad quem lectorem remitto. Nam illîc"
                    HPOS="156"
                    VPOS="2009"
                    WIDTH="1048"
                    HEIGHT="70"
                    WC="0.994999527931213"></String>
          </TextLine>

          
          
          <TextLine ID="eSc_line_edd62057"
                    TAGREFS="LT4119"
                    BASELINE="159 2107 1210 2111" 
                    HPOS="157"
                    VPOS="2062"
                    WIDTH="1053"
                    HEIGHT="76">
            <Shape><Polygon POINTS="159 2107 157 2128 1207 2138 1210 2111 1210 2077 1125 2065 898 2065 896 2065 855 2074 832 2065 831 2065 829 2065 719 2073 691 2064 690 2064 688 2064 687 2064 658 2074 657 2074 652 2074 588 2064 587 2064 585 2064 584 2064 571 2074 569 2076 527 2076 524 2074 502 2065 501 2065 499 2065 435 2073 434 2073 419 2062 417 2062 416 2062 414 2062 282 2073 272 2073 269 2073 234 2062 233 2062 232 2062 230 2062 229 2062 214 2073 211 2073 159 2073 159 2107"/></Shape>
	    <String CONTENT="melius explicatur, quàm in canon. Audi denique."
                    HPOS="157"
                    VPOS="2062"
                    WIDTH="1053"
                    HEIGHT="76"
                    WC="0.980437414099773"></String>
          </TextLine>

          
          
          <TextLine ID="eSc_line_0c93920c"
                    TAGREFS="LT4119"
                    BASELINE="157 2166 1203 2171" 
                    HPOS="156"
                    VPOS="2120"
                    WIDTH="1047"
                    HEIGHT="87">
            <Shape><Polygon POINTS="157 2166 156 2190 175 2201 176 2201 178 2201 179 2201 206 2192 279 2199 281 2199 342 2192 355 2190 359 2192 379 2199 380 2199 382 2199 383 2199 385 2199 395 2192 400 2190 408 2193 426 2198 428 2198 429 2198 431 2198 446 2193 456 2190 466 2193 505 2205 507 2205 508 2207 652 2207 652 2205 654 2205 681 2196 697 2192 858 2199 899 2201 901 2201 908 2201 947 2193 1015 2201 1017 2201 1018 2201 1038 2193 1087 2202 1109 2207 1110 2207 1201 2204 1203 2171 1200 2128 1116 2134 1091 2126 1081 2123 1079 2123 1078 2123 1076 2123 1075 2123 1072 2126 1061 2134 1023 2126 1021 2126 1020 2126 1018 2126 910 2134 804 2125 803 2125 801 2125 765 2132 755 2123 754 2122 752 2122 751 2122 651 2122 649 2122 648 2122 643 2123 618 2132 545 2125 544 2125 505 2132 301 2131 266 2120 264 2120 263 2120 261 2120 258 2120 214 2131 202 2122 202 2120 200 2120 199 2120 157 2120 157 2166"/></Shape>
	    <String CONTENT="De forma vero Papiſticæ excom municationis"
                    HPOS="156"
                    VPOS="2120"
                    WIDTH="1047"
                    HEIGHT="87"
                    WC="0.992700004861468"></String>
          </TextLine>

          
        </TextBlock>
        
        <TextBlock HPOS="896.9779663085938"
                   VPOS="2195.659912109375"
                   WIDTH="116.5006103515625"
                   HEIGHT="60.949951171875"
                   ID="block_0"
                   TAGREFS="BT10534">
          <Shape><Polygon POINTS="896.978 2195.66 1013.48 2195.66 1013.48 2256.61 896.978 2256.61 896.978 2195.66"/></Shape>
          
          
          <TextLine ID="eSc_line_3efa1c89"
                    TAGREFS="LT4119"
                    BASELINE="905 2232 1015 2232" 
                    HPOS="905"
                    VPOS="2204"
                    WIDTH="110"
                    HEIGHT="71">
            <Shape><Polygon POINTS="905 2232 907 2275 945 2263 954 2268 969 2273 971 2273 972 2273 974 2273 1015 2256 1015 2232 1015 2204 905 2204 905 2232"/></Shape>
	    <String CONTENT="Ciij."
                    HPOS="905"
                    VPOS="2204"
                    WIDTH="110"
                    HEIGHT="71"
                    WC="0.985408651828766"></String>
          </TextLine>

          
        </TextBlock>
        

        
      </PrintSpace>
    </Page>
  </Layout>
</alto>
