<?xml version="1.0" encoding="UTF-8"?>
<alto xmlns:xsi="http://www.w3.org/2001/XMLSchema-instance"
      xmlns="http://www.loc.gov/standards/alto/ns-v4#"
      xsi:schemaLocation="http://www.loc.gov/standards/alto/ns-v4# http://www.loc.gov/standards/alto/v4/alto-4-2.xsd">
  <Description>
    <MeasurementUnit>pixel</MeasurementUnit>
    <sourceImageInformation>
      <fileName>2012885.png</fileName>
      
    </sourceImageInformation>
  </Description>
  
  <Tags>
    <OtherTag ID="BT10544" LABEL="text" DESCRIPTION="block type text"/><OtherTag ID="BT10543" LABEL="NumberingZone" DESCRIPTION="block type NumberingZone"/><OtherTag ID="BT10542" LABEL="MainZone" DESCRIPTION="block type MainZone"/><OtherTag ID="BT10538" LABEL="RunningTitleZone" DESCRIPTION="block type RunningTitleZone"/><OtherTag ID="BT10537" LABEL="DropCapitalZone" DESCRIPTION="block type DropCapitalZone"/><OtherTag ID="BT10536" LABEL="GraphicZone" DESCRIPTION="block type GraphicZone"/><OtherTag ID="BT10535" LABEL="TitlePageZone" DESCRIPTION="block type TitlePageZone"/><OtherTag ID="BT10534" LABEL="QuireMarksZone" DESCRIPTION="block type QuireMarksZone"/><OtherTag ID="BT10533" LABEL="MarginTextZone" DESCRIPTION="block type MarginTextZone"/>
    <OtherTag ID="LT4122" LABEL="default" DESCRIPTION="line type default"/><OtherTag ID="LT4119" LABEL="DefaultLine" DESCRIPTION="line type DefaultLine"/><OtherTag ID="LT4118" LABEL="HeadingLine" DESCRIPTION="line type HeadingLine"/><OtherTag ID="LT4117" LABEL="CustomLine : BiblicalText" DESCRIPTION="line type CustomLine : BiblicalText"/>
  </Tags>
  
  <Layout>
    <Page WIDTH="1807"
          HEIGHT="2677"
          PHYSICAL_IMG_NR="1"
          ID="eSc_dummypage_">
      <PrintSpace HPOS="0"
                  VPOS="0"
                  WIDTH="1807"
                  HEIGHT="2677">
        
        <TextBlock HPOS="118"
                   VPOS="211"
                   WIDTH="1099"
                   HEIGHT="2014"
                   ID="block_1"
                   TAGREFS="BT10535">
          <Shape><Polygon POINTS="1217 211 1213 2216 118 2225 118 211"/></Shape>
          
          
          <TextLine ID="eSc_line_9b9bf49d"
                    TAGREFS="LT4118"
                    BASELINE="169 309 358 312" 
                    HPOS="168"
                    VPOS="217"
                    WIDTH="190"
                    HEIGHT="117">
            <Shape><Polygon POINTS="169 221 169 309 168 325 191 331 193 331 194 331 209 325 220 321 224 325 232 331 232 333 233 333 234 333 272 334 273 334 275 334 276 334 276 333 287 324 290 322 355 322 358 312 356 217 306 224 181 218 169 221"/></Shape>
	    <String CONTENT="IN"
                    HPOS="168"
                    VPOS="217"
                    WIDTH="190"
                    HEIGHT="117"
                    WC="0.999806523323059"></String>
          </TextLine>

          
          
          <TextLine ID="eSc_line_edcc139a"
                    TAGREFS="LT4118"
                    BASELINE="206 407 1137 413" 
                    HPOS="205"
                    VPOS="339"
                    WIDTH="932"
                    HEIGHT="102">
            <Shape><Polygon POINTS="206 407 205 435 276 435 276 434 278 434 303 425 370 434 379 434 380 434 382 434 383 434 383 432 391 426 420 432 428 434 429 434 431 434 434 432 449 425 483 432 486 432 487 432 489 432 490 432 499 425 658 425 667 431 678 438 679 438 681 438 682 440 761 440 761 438 762 438 764 438 777 429 785 437 786 437 788 437 789 437 867 429 898 426 901 429 913 438 913 440 914 440 916 440 917 441 950 441 950 440 951 440 953 440 953 438 960 432 966 438 966 440 968 440 969 440 971 441 1009 441 1009 440 1011 440 1036 428 1075 440 1076 440 1078 440 1136 426 1137 413 1137 362 1003 362 999 358 991 352 991 350 990 350 989 350 987 350 986 350 984 350 984 352 977 358 972 361 939 361 932 356 905 342 904 342 902 342 817 350 757 342 755 342 754 342 731 352 715 359 701 350 696 346 694 346 693 346 691 346 664 349 617 356 605 348 600 345 599 345 597 345 596 345 574 346 572 346 569 348 541 358 529 346 524 343 524 342 523 342 522 342 520 342 519 342 508 346 477 358 435 343 420 339 419 339 371 339 370 339 368 339 367 339 362 342 353 349 337 342 334 340 333 340 331 340 330 340 327 342 298 352 282 340 281 339 279 339 278 339 206 339 206 407"/></Shape>
	    <String CONTENT="PRIOREM EPISTO¬"
                    HPOS="205"
                    VPOS="339"
                    WIDTH="932"
                    HEIGHT="102"></String>
          </TextLine>

          
          
          <TextLine ID="eSc_line_83683d3b"
                    TAGREFS="LT4118"
                    BASELINE="431 313 538 313" 
                    HPOS="431"
                    VPOS="217"
                    WIDTH="107"
                    HEIGHT="129">
            <Shape><Polygon POINTS="431 313 432 345 446 339 459 342 484 346 486 346 487 346 489 346 507 334 514 331 538 331 538 313 538 230 510 230 507 227 495 217 493 217 492 217 490 217 431 220 431 313"/></Shape>
	    <String CONTENT="D·"
                    HPOS="431"
                    VPOS="217"
                    WIDTH="107"
                    HEIGHT="129"></String>
          </TextLine>

          
          
          <TextLine ID="eSc_line_d16b1a5c"
                    TAGREFS="LT4118"
                    BASELINE="641 315 1186 324" 
                    HPOS="639"
                    VPOS="218"
                    WIDTH="547"
                    HEIGHT="127">
            <Shape><Polygon POINTS="1176 230 1170 227 1130 234 1096 240 1066 232 1049 227 1048 227 1047 227 1023 230 999 234 993 230 989 226 989 224 987 224 986 224 984 224 983 224 966 229 939 236 913 227 898 221 896 221 895 221 893 221 892 221 886 226 871 237 825 237 800 223 798 223 797 223 795 223 792 223 748 233 709 220 703 218 701 218 641 218 641 315 639 330 652 337 654 337 655 337 657 337 727 330 745 328 749 331 758 339 759 339 761 339 822 340 823 340 856 334 878 330 905 336 932 342 933 342 935 342 944 337 956 331 1002 331 1029 340 1038 343 1039 343 1041 343 1064 342 1134 334 1183 345 1186 324 1186 243 1176 230"/></Shape>
	    <String CONTENT="PAVLI"
                    HPOS="639"
                    VPOS="218"
                    WIDTH="547"
                    HEIGHT="127"
                    WC="0.999553990364075"></String>
          </TextLine>

          
          
          <TextLine ID="eSc_line_ef346b0c"
                    TAGREFS="LT4118"
                    BASELINE="361 499 1009 504" 
                    HPOS="359"
                    VPOS="443"
                    WIDTH="650"
                    HEIGHT="87">
            <Shape><Polygon POINTS="359 517 377 527 379 527 380 527 447 519 577 529 578 529 623 520 703 529 704 529 773 522 782 520 783 522 788 527 789 527 789 529 791 529 792 529 823 530 825 530 826 530 852 522 855 522 859 522 914 530 916 530 1008 523 1009 504 1008 468 914 468 901 464 875 456 874 456 873 456 837 461 794 466 759 461 758 458 746 447 746 446 745 446 743 446 715 446 713 446 712 446 710 446 700 455 687 466 654 466 629 453 615 446 614 446 577 444 514 444 513 444 511 444 510 444 510 446 507 447 504 452 496 447 492 446 490 446 489 446 487 446 484 447 443 464 362 443 361 499 359 517"/></Shape>
	    <String CONTENT="lam ad Timotheum com¬"
                    HPOS="359"
                    VPOS="443"
                    WIDTH="650"
                    HEIGHT="87"
                    WC="0.984620565459842"></String>
          </TextLine>

          
          
          <TextLine ID="eSc_line_fd503d07"
                    TAGREFS="LT4118"
                    BASELINE="147 666 1183 673" 
                    HPOS="142"
                    VPOS="595"
                    WIDTH="1040"
                    HEIGHT="105">
            <Shape><Polygon POINTS="142 689 287 678 368 693 372 693 374 693 377 693 379 693 379 691 394 678 486 678 537 696 542 696 544 696 546 696 555 696 626 680 687 691 689 691 738 680 754 693 756 693 758 693 760 693 762 693 796 680 858 698 863 698 865 698 867 700 1021 700 1021 698 1023 698 1026 698 1026 696 1037 684 1061 698 1064 698 1066 700 1180 700 1182 671 1180 620 1064 620 1064 617 1041 600 1039 600 1037 600 1035 600 892 613 834 597 832 597 791 597 789 597 787 597 785 597 760 615 673 604 671 604 669 604 667 604 651 615 622 597 620 597 617 597 615 597 613 597 611 597 597 609 457 602 455 602 452 602 432 613 399 595 397 595 394 595 392 595 352 613 350 613 254 597 252 597 145 611 145 664"/></Shape>
	    <String CONTENT="IN QVO NON SOLVM IP¬"
                    HPOS="142"
                    VPOS="595"
                    WIDTH="1040"
                    HEIGHT="105"></String>
          </TextLine>

          
          
          <TextLine ID="eSc_line_fec80dcb"
                    TAGREFS="LT4118"
                    BASELINE="511 569 806 572" 
                    HPOS="510"
                    VPOS="519"
                    WIDTH="296"
                    HEIGHT="77">
            <Shape><Polygon POINTS="511 569 510 591 551 585 566 594 568 594 569 594 658 596 660 596 678 594 780 587 801 596 806 572 804 533 706 520 704 520 624 530 538 519 536 519 535 519 511 529 511 569"/></Shape>
	    <String CONTENT="mentarius."
                    HPOS="510"
                    VPOS="519"
                    WIDTH="296"
                    HEIGHT="77"
                    WC="0.999765133857727"></String>
          </TextLine>

          
          
          <TextLine ID="eSc_line_950dd980"
                    TAGREFS="LT4118"
                    BASELINE="205 724 575 722 1189 733" 
                    HPOS="203"
                    VPOS="670"
                    WIDTH="986"
                    HEIGHT="88">
            <Shape><Polygon POINTS="203 746 362 748 364 748 365 748 368 748 395 739 426 748 435 749 437 749 438 749 459 748 523 740 538 748 545 751 547 751 548 751 550 751 551 751 554 748 562 742 734 742 762 748 798 754 800 754 801 754 803 754 810 748 813 745 829 748 852 752 853 752 884 748 907 745 913 748 923 755 925 755 926 755 928 755 1017 748 1047 746 1051 748 1069 756 1070 756 1072 758 1148 758 1148 756 1188 748 1189 733 1189 697 1137 696 1121 681 1119 681 1118 681 1116 681 1115 681 1076 694 1060 682 1058 682 1057 682 1055 682 1054 682 1052 682 1052 684 1041 694 994 694 956 679 954 679 953 679 893 691 865 679 864 679 862 679 861 679 838 685 789 676 788 676 786 676 754 691 710 691 701 682 700 682 699 682 697 682 599 688 575 678 574 678 572 678 571 678 556 685 532 673 530 673 529 673 441 681 392 672 391 672 389 672 388 672 368 687 340 687 307 673 306 673 230 670 229 670 227 670 205 682 205 724"/></Shape>
	    <String CONTENT="ſius Epiſtolæ doctrina, &amp; artificium ſingulorúm¬"
                    HPOS="203"
                    VPOS="670"
                    WIDTH="986"
                    HEIGHT="88"></String>
          </TextLine>

          
          
          <TextLine ID="eSc_line_047198b7"
                    TAGREFS="LT4118"
                    BASELINE="209 777 1186 791" 
                    HPOS="208"
                    VPOS="733"
                    WIDTH="978"
                    HEIGHT="83">
            <Shape><Polygon POINTS="209 777 208 800 290 794 309 803 316 806 318 806 319 807 368 807 368 806 383 803 419 794 447 801 449 801 450 801 495 795 519 803 533 809 535 809 536 809 563 804 599 797 649 804 666 806 667 806 688 804 736 800 746 804 755 809 757 809 758 809 794 804 837 800 920 806 1079 816 1081 816 1185 806 1186 791 1183 752 1085 755 1057 751 1018 743 1017 743 989 749 971 754 950 749 923 743 922 743 920 743 919 743 913 749 908 754 862 754 853 748 837 742 835 742 834 742 832 742 819 748 817 748 752 739 684 739 682 739 681 739 660 746 652 749 651 746 641 739 641 737 639 737 638 737 568 737 566 737 565 737 563 737 563 739 556 746 535 736 533 736 532 736 530 736 513 743 486 736 484 736 483 736 481 736 459 745 455 746 319 746 312 743 273 733 272 733 270 733 209 742 209 777"/></Shape>
	    <String CONTENT="que argumentorum loci explicantur: ſed etiam"
                    HPOS="208"
                    VPOS="733"
                    WIDTH="978"
                    HEIGHT="83"
                    WC="0.990962342782454"></String>
          </TextLine>

          
          
          <TextLine ID="eSc_line_20dd58b1"
                    TAGREFS="LT4118"
                    BASELINE="208 837 1186 852" 
                    HPOS="206"
                    VPOS="791"
                    WIDTH="980"
                    HEIGHT="81">
            <Shape><Polygon POINTS="208 837 206 849 309 861 310 861 371 853 373 853 401 864 403 864 404 864 571 856 597 856 603 858 632 867 633 867 635 867 636 867 654 859 670 867 672 867 673 867 709 859 710 859 712 859 721 868 722 868 724 868 725 868 768 861 779 859 788 861 822 870 823 870 913 871 914 871 916 871 933 864 938 862 939 864 948 871 950 871 951 871 953 871 954 871 969 865 974 862 978 865 989 872 990 872 991 872 993 872 1185 868 1186 852 1186 819 1096 819 1094 817 1076 809 1075 809 1073 809 920 812 893 798 892 798 890 798 889 798 844 813 843 813 829 813 803 812 783 797 782 797 780 797 743 797 742 797 740 797 739 797 725 807 697 795 696 795 582 794 581 794 580 794 578 794 554 809 504 794 502 794 397 791 395 791 333 806 330 806 327 806 290 794 288 794 287 794 285 794 266 804 208 804 208 837"/></Shape>
	    <String CONTENT="vera Diſciplinæ Eceleſiaſticæ forma, tum ex"
                    HPOS="206"
                    VPOS="791"
                    WIDTH="980"
                    HEIGHT="81"
                    WC="0.982323415057604"></String>
          </TextLine>

          
          
          <TextLine ID="eSc_line_12214293"
                    TAGREFS="LT4118"
                    BASELINE="205 898 694 898 1183 913" 
                    HPOS="203"
                    VPOS="849"
                    WIDTH="980"
                    HEIGHT="83">
            <Shape><Polygon POINTS="205 898 203 905 227 919 229 919 230 919 300 908 345 920 346 920 348 920 507 916 527 923 529 923 530 923 572 914 580 913 581 914 596 925 597 925 599 925 600 925 737 917 791 916 895 922 953 925 954 925 963 923 984 919 989 923 994 929 994 931 996 931 997 931 999 931 1042 925 1060 923 1075 926 1105 932 1106 932 1182 928 1183 913 1183 875 1139 874 1128 864 1128 862 1127 862 1125 862 1124 862 1122 862 1090 871 838 870 789 856 788 856 786 856 731 867 722 859 722 858 721 858 719 858 672 855 670 855 508 864 493 855 492 855 490 855 489 855 417 862 382 850 380 850 301 849 236 849 234 849 233 849 205 859 205 898"/></Shape>
	    <String CONTENT="dei verbo, atque ex ipſo Paulo, tum ex veteribus"
                    HPOS="203"
                    VPOS="849"
                    WIDTH="980"
                    HEIGHT="83"
                    WC="0.980489091326793"></String>
          </TextLine>

          
          
          <TextLine ID="eSc_line_811e8464"
                    TAGREFS="LT4118"
                    BASELINE="197 962 739 957 1176 969" 
                    HPOS="196"
                    VPOS="910"
                    WIDTH="980"
                    HEIGHT="81">
            <Shape><Polygon POINTS="197 962 196 981 237 986 239 986 240 986 249 983 273 971 337 971 380 983 400 987 401 987 403 987 404 987 406 987 413 983 431 972 468 972 480 981 481 981 483 981 484 981 539 972 563 983 571 986 572 986 574 986 575 986 587 983 621 972 655 972 673 983 678 986 679 986 681 986 682 986 684 986 697 983 731 974 754 981 755 981 757 981 834 974 844 983 850 987 850 989 852 989 853 989 855 990 914 990 914 989 916 989 928 983 941 975 953 983 963 990 965 990 966 990 968 991 1033 991 1033 990 1035 990 1036 990 1047 983 1052 980 1072 983 1107 990 1109 990 1174 983 1176 969 1174 929 965 920 963 920 923 928 919 928 917 928 887 913 886 913 884 913 883 913 850 928 804 928 776 913 774 913 700 913 699 913 697 913 664 926 663 926 658 926 568 917 566 917 527 925 513 913 513 911 511 911 510 911 508 911 455 917 401 910 400 910 359 917 352 911 352 910 350 910 349 910 298 910 297 910 295 910 294 910 281 919 227 910 226 910 224 910 197 922 197 962"/></Shape>
	    <String CONTENT="ſynodis repetita atque reſtituta eſt, vt legitima &amp;"
                    HPOS="196"
                    VPOS="910"
                    WIDTH="980"
                    HEIGHT="81"></String>
          </TextLine>

          
          
          <TextLine ID="eSc_line_16b1e7c0"
                    TAGREFS="LT4118"
                    BASELINE="206 1017 776 1017 1191 1032" 
                    HPOS="205"
                    VPOS="965"
                    WIDTH="986"
                    HEIGHT="86">
            <Shape><Polygon POINTS="206 1017 205 1027 248 1039 249 1039 251 1039 324 1030 343 1029 352 1032 374 1039 376 1039 377 1039 416 1033 432 1030 444 1033 472 1042 474 1042 475 1042 544 1036 585 1032 591 1036 597 1042 597 1044 599 1044 600 1044 602 1044 658 1038 712 1033 768 1033 782 1041 791 1045 792 1045 794 1045 829 1042 890 1036 910 1044 917 1047 919 1047 1012 1048 1014 1048 1015 1048 1020 1047 1045 1038 1081 1048 1088 1049 1090 1049 1091 1051 1189 1051 1191 1032 1191 993 1105 993 1100 991 1039 977 1038 977 975 990 972 990 971 990 929 972 928 972 926 972 853 986 834 971 832 971 831 971 755 971 754 971 752 971 751 971 739 980 712 969 710 969 605 969 603 969 602 969 584 978 550 968 548 968 547 968 545 968 516 984 513 984 453 975 452 975 404 983 403 983 382 966 380 966 379 966 348 965 346 965 206 980 206 1017"/></Shape>
	    <String CONTENT="Apoſtolica regendæ Dei Eccleſiæ ratio &amp; norma"
                    HPOS="205"
                    VPOS="965"
                    WIDTH="986"
                    HEIGHT="86"
                    WC="0.992152350478702"></String>
          </TextLine>

          
          
          <TextLine ID="eSc_line_76d070ce"
                    TAGREFS="LT4118"
                    BASELINE="200 1070 801 1075" 
                    HPOS="199"
                    VPOS="1024"
                    WIDTH="602"
                    HEIGHT="81">
            <Shape><Polygon POINTS="200 1070 199 1085 284 1096 285 1096 287 1096 318 1088 333 1100 334 1100 336 1100 400 1102 401 1102 403 1102 404 1102 420 1090 458 1097 459 1097 507 1093 517 1102 519 1102 520 1102 522 1102 523 1102 524 1102 542 1090 585 1099 587 1099 630 1093 660 1103 661 1103 663 1105 755 1105 755 1103 757 1103 800 1090 801 1075 801 1042 770 1027 768 1027 721 1027 719 1027 718 1027 716 1027 701 1039 693 1032 693 1030 691 1030 690 1030 652 1027 651 1027 649 1027 648 1027 648 1029 638 1038 636 1041 602 1041 464 1041 456 1033 452 1030 452 1029 450 1029 449 1029 400 1024 398 1024 397 1024 376 1032 374 1032 368 1026 367 1026 365 1026 364 1026 362 1026 361 1026 356 1030 346 1039 309 1039 295 1029 290 1024 288 1024 287 1024 285 1024 284 1024 282 1024 278 1029 264 1038 248 1027 240 1024 239 1024 237 1024 200 1026 200 1070"/></Shape>
	    <String CONTENT="hodie in vſum reuocari poſsit."
                    HPOS="199"
                    VPOS="1024"
                    WIDTH="602"
                    HEIGHT="81"
                    WC="0.979448080062866"></String>
          </TextLine>

          
          
          <TextLine ID="eSc_line_80709d8b"
                    TAGREFS="LT4118"
                    BASELINE="159 1177 743 1176 1176 1191" 
                    HPOS="157"
                    VPOS="1122"
                    WIDTH="1019"
                    HEIGHT="90">
            <Shape><Polygon POINTS="159 1177 157 1197 223 1203 224 1203 226 1203 227 1203 233 1198 246 1191 275 1198 290 1203 291 1203 417 1204 419 1204 420 1204 429 1201 450 1192 590 1201 591 1201 746 1195 768 1204 774 1207 776 1207 777 1207 792 1204 834 1197 877 1206 899 1210 901 1210 902 1210 914 1206 928 1201 933 1207 938 1210 939 1210 941 1210 1097 1212 1099 1212 1100 1212 1102 1212 1106 1209 1115 1203 1173 1209 1176 1191 1176 1151 1078 1142 1076 1142 1002 1145 971 1146 966 1145 948 1133 947 1133 945 1133 944 1133 942 1133 917 1143 911 1146 813 1146 807 1140 797 1131 797 1130 795 1130 794 1130 792 1130 749 1139 743 1139 742 1137 728 1128 727 1128 725 1128 654 1128 652 1128 651 1128 649 1128 642 1136 639 1137 633 1134 611 1127 609 1127 566 1127 565 1127 563 1127 547 1133 523 1142 495 1131 487 1128 486 1128 453 1125 452 1125 450 1125 449 1125 443 1130 434 1134 416 1128 404 1125 403 1125 401 1125 400 1125 398 1125 395 1128 379 1142 330 1142 288 1125 284 1124 282 1124 281 1124 272 1125 224 1134 159 1122 159 1177"/></Shape>
	    <String CONTENT="PER LAMBERTVM DANAEVM"
                    HPOS="157"
                    VPOS="1122"
                    WIDTH="1019"
                    HEIGHT="90"
                    WC="0.996607550552913"></String>
          </TextLine>

          
          
          <TextLine ID="eSc_line_2776ff2a"
                    TAGREFS="LT4118"
                    BASELINE="340 1258 758 1256 968 1265" 
                    HPOS="339"
                    VPOS="1197"
                    WIDTH="629"
                    HEIGHT="87">
            <Shape><Polygon POINTS="340 1258 339 1273 388 1273 389 1273 398 1281 400 1281 401 1281 403 1281 510 1276 535 1274 538 1276 548 1283 550 1283 551 1283 553 1284 593 1284 593 1283 594 1283 596 1283 602 1277 605 1274 670 1274 688 1279 709 1284 710 1284 712 1284 755 1280 795 1276 965 1283 968 1265 966 1212 870 1204 868 1204 867 1204 865 1204 865 1206 861 1209 858 1213 791 1213 785 1207 779 1201 779 1200 777 1200 776 1200 700 1198 699 1198 666 1204 632 1210 612 1203 600 1198 599 1198 597 1198 572 1201 520 1210 505 1200 504 1198 502 1198 501 1198 469 1198 468 1198 466 1198 465 1198 465 1200 446 1210 383 1210 340 1197 340 1258"/></Shape>
	    <String CONTENT="Acceſſit operi duplex index."
                    HPOS="339"
                    VPOS="1197"
                    WIDTH="629"
                    HEIGHT="87"
                    WC="0.981583497353962"></String>
          </TextLine>

          
          
          <TextLine ID="eSc_line_9e373198"
                    TAGREFS="LT4118"
                    BASELINE="157 2003 417 2016 1183 2033" 
                    HPOS="156"
                    VPOS="1960"
                    WIDTH="1027"
                    HEIGHT="96">
            <Shape><Polygon POINTS="1168 1985 1164 1980 1121 1980 1119 1980 1024 1989 1021 1989 1003 1978 1002 1978 1000 1978 999 1978 892 1986 878 1986 759 1985 757 1982 745 1973 743 1973 742 1973 740 1973 706 1980 697 1982 596 1980 588 1978 559 1969 557 1969 556 1969 505 1975 493 1976 490 1975 472 1966 471 1966 469 1966 431 1973 428 1973 423 1973 388 1963 386 1963 385 1963 383 1963 356 1970 348 1973 336 1970 306 1961 304 1961 303 1961 301 1961 276 1969 275 1969 273 1969 257 1960 255 1960 254 1960 157 1964 157 2003 156 2033 251 2034 252 2034 254 2034 255 2034 272 2024 361 2025 398 2038 400 2038 401 2038 403 2038 453 2028 569 2043 575 2043 577 2043 584 2043 746 2036 779 2044 780 2044 782 2044 783 2044 785 2044 795 2037 817 2046 819 2046 820 2046 880 2038 933 2040 945 2050 945 2052 947 2052 948 2052 950 2052 963 2052 1078 2047 1180 2056 1183 2033 1183 2006 1168 1985"/></Shape>
	    <String CONTENT="APVD EVSTATHIVM VIGNON"
                    HPOS="156"
                    VPOS="1960"
                    WIDTH="1027"
                    HEIGHT="96"></String>
          </TextLine>

          
          
          <TextLine ID="eSc_line_346a3967"
                    TAGREFS="LT4118"
                    BASELINE="502 1957 812 1958" 
                    HPOS="501"
                    VPOS="1911"
                    WIDTH="311"
                    HEIGHT="72">
            <Shape><Polygon POINTS="800 1914 785 1914 770 1914 755 1914 740 1914 725 1912 710 1912 696 1912 681 1912 666 1912 651 1912 638 1911 502 1911 502 1957 501 1976 504 1979 504 1980 505 1980 507 1980 508 1980 550 1973 568 1982 569 1982 571 1983 605 1983 605 1982 606 1982 608 1982 608 1980 617 1973 673 1980 675 1980 676 1980 697 1973 706 1982 707 1982 709 1982 710 1982 765 1975 780 1982 782 1982 783 1982 785 1982 810 1972 812 1958 809 1914 800 1914"/></Shape>
	    <String CONTENT="GENEVÆ"
                    HPOS="501"
                    VPOS="1911"
                    WIDTH="311"
                    HEIGHT="72"
                    WC="0.999924510717392"></String>
          </TextLine>

          
          
          <TextLine ID="eSc_line_0ff8a999"
                    TAGREFS="LT4118"
                    BASELINE="417 2091 907 2102" 
                    HPOS="416"
                    VPOS="2028"
                    WIDTH="491"
                    HEIGHT="103">
            <Shape><Polygon POINTS="417 2091 416 2114 469 2123 471 2123 472 2123 474 2123 483 2116 489 2113 524 2113 529 2116 539 2125 539 2126 541 2126 542 2126 544 2126 623 2117 642 2116 657 2117 722 2131 724 2131 785 2129 786 2129 788 2129 788 2128 797 2120 904 2120 907 2102 907 2041 417 2028 417 2091"/></Shape>
	    <String CONTENT="M. D. LXXVII."
                    HPOS="416"
                    VPOS="2028"
                    WIDTH="491"
                    HEIGHT="103"
                    WC="0.997909706372481"></String>
          </TextLine>

          
        </TextBlock>
        
        <TextBlock HPOS="585"
                   VPOS="109"
                   WIDTH="482"
                   HEIGHT="87"
                   ID="block_0"
                   TAGREFS="BT10536">
          <Shape><Polygon POINTS="1067 109 1067 196 585 196 585 109"/></Shape>
          
          
          <TextLine ID="eSc_line_d48f702d"
                    TAGREFS="LT4119"
                    BASELINE="621 172 832 171 1026 181" 
                    HPOS="620"
                    VPOS="113"
                    WIDTH="406"
                    HEIGHT="90">
            <Shape><Polygon POINTS="621 172 620 193 728 182 746 194 748 194 749 194 751 194 809 184 868 199 870 199 871 199 873 199 911 188 932 199 933 199 935 199 936 199 938 199 947 193 960 202 962 202 963 202 965 203 1024 203 1026 181 1026 138 994 130 993 130 991 130 990 130 989 130 983 136 980 138 911 135 905 132 874 116 873 116 871 116 847 117 846 117 844 117 844 118 835 127 831 132 820 126 819 126 817 126 815 126 743 133 734 126 733 126 731 126 730 126 707 129 696 118 690 114 690 113 688 113 687 113 685 113 621 113 621 114"/></Shape>
	    <String CONTENT="????"
                    HPOS="620"
                    VPOS="113"
                    WIDTH="406"
                    HEIGHT="90"></String>
          </TextLine>

          
        </TextBlock>
        
        <TextBlock HPOS="772"
                   VPOS="2283"
                   WIDTH="564"
                   HEIGHT="206"
                   ID="block_3"
                   TAGREFS="BT10543">
          <Shape><Polygon POINTS="1336 2283 1336 2489 772 2489 772 2283"/></Shape>
          
          
          <TextLine ID="eSc_line_27e2cc0b"
                    TAGREFS="LT4119"
                    BASELINE="801 2391 1308 2391" 
                    HPOS="801"
                    VPOS="2306"
                    WIDTH="507"
                    HEIGHT="137">
            <Shape><Polygon POINTS="1302 2308 1250 2318 1226 2311 1225 2311 1224 2311 1188 2317 1177 2311 1168 2306 1167 2306 1165 2306 1164 2306 1149 2311 1124 2320 1045 2314 936 2306 935 2306 933 2306 910 2318 905 2320 887 2318 829 2312 828 2312 826 2312 815 2315 801 2330 801 2391 801 2412 831 2421 832 2421 834 2421 835 2421 837 2421 847 2413 852 2412 969 2412 977 2419 981 2422 981 2424 983 2424 984 2424 986 2424 1054 2422 1102 2442 1103 2442 1105 2443 1183 2443 1183 2442 1185 2442 1218 2427 1222 2425 1224 2427 1238 2440 1238 2442 1240 2442 1241 2442 1243 2442 1308 2430 1308 2391 1307 2309"/></Shape>
	    <String CONTENT="S22877"
                    HPOS="801"
                    VPOS="2306"
                    WIDTH="507"
                    HEIGHT="137"></String>
          </TextLine>

          
        </TextBlock>
        
        <TextBlock HPOS="406"
                   VPOS="1308"
                   WIDTH="527"
                   HEIGHT="577"
                   ID="eSc_textblock_1ef8a5f9"
                   TAGREFS="BT10536">
          <Shape><Polygon POINTS="933 1311 930 1885 406 1885 412 1308"/></Shape>
          
        </TextBlock>
        

        
      </PrintSpace>
    </Page>
  </Layout>
</alto>
