<?xml version="1.0" encoding="UTF-8"?>
<alto xmlns:xsi="http://www.w3.org/2001/XMLSchema-instance"
      xmlns="http://www.loc.gov/standards/alto/ns-v4#"
      xsi:schemaLocation="http://www.loc.gov/standards/alto/ns-v4# http://www.loc.gov/standards/alto/v4/alto-4-2.xsd">
  <Description>
    <MeasurementUnit>pixel</MeasurementUnit>
    <sourceImageInformation>
      <fileName>2012906.png</fileName>
      
    </sourceImageInformation>
  </Description>
  
  <Tags>
    <OtherTag ID="BT10544" LABEL="text" DESCRIPTION="block type text"/><OtherTag ID="BT10543" LABEL="NumberingZone" DESCRIPTION="block type NumberingZone"/><OtherTag ID="BT10542" LABEL="MainZone" DESCRIPTION="block type MainZone"/><OtherTag ID="BT10538" LABEL="RunningTitleZone" DESCRIPTION="block type RunningTitleZone"/><OtherTag ID="BT10537" LABEL="DropCapitalZone" DESCRIPTION="block type DropCapitalZone"/><OtherTag ID="BT10536" LABEL="GraphicZone" DESCRIPTION="block type GraphicZone"/><OtherTag ID="BT10535" LABEL="TitlePageZone" DESCRIPTION="block type TitlePageZone"/><OtherTag ID="BT10534" LABEL="QuireMarksZone" DESCRIPTION="block type QuireMarksZone"/><OtherTag ID="BT10533" LABEL="MarginTextZone" DESCRIPTION="block type MarginTextZone"/>
    <OtherTag ID="LT4122" LABEL="default" DESCRIPTION="line type default"/><OtherTag ID="LT4119" LABEL="DefaultLine" DESCRIPTION="line type DefaultLine"/><OtherTag ID="LT4118" LABEL="HeadingLine" DESCRIPTION="line type HeadingLine"/><OtherTag ID="LT4117" LABEL="CustomLine : BiblicalText" DESCRIPTION="line type CustomLine : BiblicalText"/>
  </Tags>
  
  <Layout>
    <Page WIDTH="1807"
          HEIGHT="2677"
          PHYSICAL_IMG_NR="22"
          ID="eSc_dummypage_">
      <PrintSpace HPOS="0"
                  VPOS="0"
                  WIDTH="1807"
                  HEIGHT="2677">
        
        <TextBlock HPOS="965.537841796875"
                   VPOS="157.82672119140625"
                   WIDTH="367.419921875"
                   HEIGHT="53.51605224609375"
                   ID="block_0"
                   TAGREFS="BT10538">
          <Shape><Polygon POINTS="965.538 157.827 1332.96 157.827 1332.96 211.343 965.538 211.343 965.538 157.827"/></Shape>
          
          
          <TextLine ID="eSc_line_fab4ed33"
                    TAGREFS="LT4118"
                    BASELINE="972 194 1332 197" 
                    HPOS="971"
                    VPOS="154"
                    WIDTH="361"
                    HEIGHT="64">
            <Shape><Polygon POINTS="1314 162 1292 162 1290 160 1286 156 1284 156 1270 154 1255 154 1253 154 1229 157 1207 160 1203 156 1200 154 1195 154 1180 154 1165 154 1151 154 1136 154 1121 154 1106 154 1091 154 1076 154 1061 154 1047 154 1045 154 1044 156 1039 154 1032 154 1017 154 1002 154 997 156 991 154 987 154 972 154 972 194 971 205 1002 217 1003 217 1005 218 1044 218 1044 217 1045 217 1047 217 1057 208 1090 217 1091 217 1093 217 1094 217 1119 208 1121 208 1174 208 1174 209 1183 217 1183 218 1185 218 1186 218 1188 218 1331 211 1332 197 1331 165 1329 165"/></Shape>
	    <String CONTENT="EPISTOLA."
                    HPOS="971"
                    VPOS="154"
                    WIDTH="361"
                    HEIGHT="64"
                    WC="0.999546461635166"></String>
          </TextLine>

          
        </TextBlock>
        
        <TextBlock HPOS="606.8086547851562"
                   VPOS="217.7427215576172"
                   WIDTH="1094.7161254882812"
                   HEIGHT="1933.5631866455078"
                   ID="block_1"
                   TAGREFS="BT10542">
          <Shape><Polygon POINTS="606.809 217.743 1701.52 217.743 1701.52 2151.31 606.809 2151.31 606.809 217.743"/></Shape>
          
          
          <TextLine ID="eSc_line_1f89e033"
                    TAGREFS="LT4119"
                    BASELINE="627 267 1695 281" 
                    HPOS="626"
                    VPOS="208"
                    WIDTH="1069"
                    HEIGHT="92">
            <Shape><Polygon POINTS="1668 233 1653 229 1647 226 1592 218 1579 218 1564 218 1555 217 1534 230 1531 233 1508 233 1503 230 1484 220 1482 220 1481 220 1479 220 1454 229 1450 230 1444 229 1415 220 1414 220 1412 220 1380 227 1365 230 1173 229 1154 223 1097 208 1096 208 1026 208 1024 208 1023 208 1021 208 1003 220 993 226 977 218 953 209 951 209 950 209 948 209 922 218 904 223 883 217 852 208 850 208 835 208 828 208 807 215 798 218 782 215 751 208 746 208 731 208 716 208 701 208 687 208 681 208 638 211 629 223 627 267 626 278 654 287 655 287 657 287 862 282 950 291 951 291 953 291 983 284 1021 291 1023 291 1088 287 1100 294 1102 294 1103 294 1105 294 1215 288 1576 300 1577 300 1693 291 1695 281 1695 240 1683 237"/></Shape>
	    <String CONTENT="In Dei metu officióque continuit: eſt de¬"
                    HPOS="626"
                    VPOS="208"
                    WIDTH="1069"
                    HEIGHT="92"></String>
          </TextLine>

          
          
          <TextLine ID="eSc_line_dd42e694"
                    TAGREFS="LT4119"
                    BASELINE="636 334 1693 349" 
                    HPOS="635"
                    VPOS="281"
                    WIDTH="1058"
                    HEIGHT="90">
            <Shape><Polygon POINTS="636 334 635 352 742 361 743 361 795 353 825 350 838 355 849 358 850 358 852 358 942 355 1012 353 1018 356 1033 362 1035 362 1036 362 1038 362 1051 356 1052 355 1052 356 1058 361 1058 362 1060 362 1061 362 1063 362 1125 356 1151 355 1163 356 1204 367 1206 367 1363 361 1377 370 1378 370 1380 370 1482 371 1484 371 1692 361 1693 349 1690 301 1588 307 1551 300 1522 294 1521 294 1519 294 1505 300 1487 306 1380 306 1344 298 1293 290 1292 290 1250 298 1231 301 1221 297 1198 288 1197 288 1195 288 1194 288 1192 288 1179 297 1171 301 1100 301 1091 297 1060 285 1058 285 1057 285 984 287 983 287 960 295 957 297 947 295 893 288 892 288 890 288 889 288 878 295 849 282 847 282 846 282 757 294 728 281 727 281 663 281 661 281 660 281 636 292 636 334"/></Shape>
	    <String CONTENT="nique hæc eadem aduerſus enaſcentes"
                    HPOS="635"
                    VPOS="281"
                    WIDTH="1058"
                    HEIGHT="90"
                    WC="0.967931575434549"></String>
          </TextLine>

          
          
          <TextLine ID="eSc_line_46ae4a34"
                    TAGREFS="LT4119"
                    BASELINE="621 403 1481 416 1692 413" 
                    HPOS="620"
                    VPOS="349"
                    WIDTH="1072"
                    HEIGHT="91">
            <Shape><Polygon POINTS="621 403 620 420 703 426 704 426 706 426 716 422 728 417 762 422 801 428 803 428 841 423 862 420 887 423 941 431 942 431 944 431 968 423 978 422 1134 422 1140 425 1160 434 1161 434 1163 434 1164 434 1192 426 1194 426 1198 426 1371 437 1372 437 1463 428 1473 428 1485 428 1613 440 1615 440 1690 429 1692 413 1685 362 1677 370 1662 362 1661 362 1659 362 1658 362 1649 362 1573 370 1533 364 1531 364 1530 364 1528 364 1512 377 1479 377 1276 374 1133 358 1131 358 1066 370 1021 358 1020 358 1018 358 1017 358 1015 358 999 368 847 352 832 350 770 350 768 350 767 350 733 365 673 349 672 349 670 349 621 349 621 403"/></Shape>
	    <String CONTENT="hæreſes ſepes &amp; munimentum validiſſi¬"
                    HPOS="620"
                    VPOS="349"
                    WIDTH="1072"
                    HEIGHT="91"
                    WC="0.981819288150684"></String>
          </TextLine>

          
          
          <TextLine ID="eSc_line_37ce0754"
                    TAGREFS="LT4119"
                    BASELINE="624 469 1369 486 1695 486" 
                    HPOS="623"
                    VPOS="413"
                    WIDTH="1072"
                    HEIGHT="98">
            <Shape><Polygon POINTS="623 483 825 496 826 496 945 492 968 499 969 499 1097 501 1099 501 1100 501 1130 493 1212 504 1213 504 1271 496 1290 505 1292 505 1293 505 1372 498 1671 511 1673 511 1674 511 1693 502 1695 486 1695 432 1554 432 1552 432 1551 432 1518 441 1503 429 1502 429 1500 429 1421 428 1420 428 1418 428 1375 440 1314 429 1313 429 1311 429 1310 429 1296 438 1203 428 1201 428 1200 428 1198 428 1188 435 1058 435 1049 426 1048 426 1047 426 1045 426 1044 426 1027 432 972 419 971 419 969 419 968 419 931 432 908 432 889 417 887 417 886 417 884 417 881 417 777 428 754 416 752 416 751 416 681 426 626 413 624 469 623 483"/></Shape>
	    <String CONTENT="mum, aduerſus iam natas &amp; infeliciſſimè"
                    HPOS="623"
                    VPOS="413"
                    WIDTH="1072"
                    HEIGHT="98"
                    WC="0.970938162505627"></String>
          </TextLine>

          
          
          <TextLine ID="eSc_line_bb4a7b81"
                    TAGREFS="LT4119"
                    BASELINE="609 533 1292 551 1690 551" 
                    HPOS="608"
                    VPOS="487"
                    WIDTH="1082"
                    HEIGHT="94">
            <Shape><Polygon POINTS="608 550 639 563 641 563 642 563 850 554 907 556 926 569 928 569 929 569 931 569 932 569 980 557 1002 571 1003 571 1005 571 1006 571 1124 560 1232 575 1234 575 1384 568 1461 580 1463 581 1508 581 1508 580 1509 580 1528 569 1567 577 1569 577 1570 577 1588 569 1688 569 1690 551 1690 517 1618 516 1616 514 1603 504 1601 504 1600 504 1598 504 1484 511 1472 511 1470 511 1458 501 1457 501 1456 501 1454 501 1396 508 1386 510 1380 508 1354 499 1353 499 1351 499 1317 507 1307 508 1289 505 1229 496 1228 496 1186 504 1171 505 1167 502 1157 496 1155 496 1154 496 1152 496 1151 496 1149 496 1143 502 1139 505 1079 505 1049 499 1002 492 1000 492 963 498 947 499 933 496 910 490 908 490 907 490 779 492 623 495 612 487 609 533 608 550"/></Shape>
	    <String CONTENT="pullulantes, tãquam aduerſus magica ve¬"
                    HPOS="608"
                    VPOS="487"
                    WIDTH="1082"
                    HEIGHT="94"
                    WC="0.980411550402641"></String>
          </TextLine>

          
          
          <TextLine ID="eSc_line_2b509fce"
                    TAGREFS="LT4119"
                    BASELINE="614 603 1310 621 1690 623" 
                    HPOS="612"
                    VPOS="553"
                    WIDTH="1078"
                    HEIGHT="96">
            <Shape><Polygon POINTS="614 603 612 620 687 632 688 632 804 627 825 635 826 635 828 635 829 635 856 626 911 636 913 636 951 627 954 627 963 627 1143 640 1145 640 1146 640 1182 632 1185 632 1188 632 1273 643 1274 643 1456 639 1546 649 1548 649 1689 640 1690 623 1690 584 1580 582 1579 581 1542 569 1540 569 1539 569 1491 580 1488 580 1485 580 1445 571 1444 571 1442 571 1441 571 1429 578 1427 578 1350 578 1348 577 1334 565 1332 565 1331 565 1329 565 1226 574 1195 563 1194 563 1192 563 1148 572 1113 560 1112 560 1110 560 1051 571 1048 571 1047 571 969 557 968 557 838 566 837 566 752 553 718 553 716 553 715 553 713 553 713 554 701 563 614 563 614 603"/></Shape>
	    <String CONTENT="nena, remedium præſentiſſimum. Quan¬"
                    HPOS="612"
                    VPOS="553"
                    WIDTH="1078"
                    HEIGHT="96"
                    WC="0.986104483405749"></String>
          </TextLine>

          
          
          <TextLine ID="eSc_line_73ead822"
                    TAGREFS="LT4119"
                    BASELINE="612 670 1058 685 1686 693" 
                    HPOS="611"
                    VPOS="624"
                    WIDTH="1075"
                    HEIGHT="92">
            <Shape><Polygon POINTS="612 670 611 693 642 690 669 696 688 700 690 700 691 700 704 697 727 691 739 697 748 701 749 701 751 701 788 698 822 696 831 700 838 703 840 703 841 703 889 700 974 696 991 703 999 706 1000 706 1002 706 1003 706 1014 703 1036 697 1073 704 1084 706 1085 706 1110 704 1210 700 1240 707 1250 710 1252 710 1253 710 1298 709 1380 706 1395 710 1400 713 1402 713 1403 713 1415 712 1451 704 1497 713 1509 715 1683 716 1686 693 1686 654 1604 643 1603 643 1543 651 1537 651 1536 651 1511 638 1509 638 1508 638 1506 638 1473 648 1448 636 1447 636 1445 636 1335 646 1332 646 1331 646 1290 633 1289 633 1194 632 1192 632 1191 632 1173 639 1140 630 1139 630 1137 630 1136 630 1094 642 1078 630 1076 630 1075 630 1073 630 1042 636 983 627 981 627 920 639 919 639 834 639 834 638 803 624 801 624 800 624 798 624 770 636 612 635 612 670"/></Shape>
	    <String CONTENT="quam autem T. E. doctiſſimorũ virorum,"
                    HPOS="611"
                    VPOS="624"
                    WIDTH="1075"
                    HEIGHT="92"
                    WC="0.991739948590597"></String>
          </TextLine>

          
          
          <TextLine ID="eSc_line_e5e6a4e6"
                    TAGREFS="LT4119"
                    BASELINE="614 740 1273 758 1696 759" 
                    HPOS="612"
                    VPOS="693"
                    WIDTH="1084"
                    HEIGHT="93">
            <Shape><Polygon POINTS="614 740 612 756 712 770 713 770 817 762 828 762 834 762 886 774 887 774 975 767 996 765 1003 767 1032 777 1033 777 1035 777 1152 771 1163 771 1165 771 1177 780 1179 780 1180 780 1182 780 1243 774 1244 774 1279 782 1280 782 1307 776 1325 771 1335 776 1348 783 1350 783 1351 783 1409 779 1456 774 1554 782 1577 783 1579 783 1595 783 1682 779 1690 786 1696 759 1696 715 1676 709 1674 709 1673 709 1671 709 1670 709 1662 715 1658 719 1646 715 1627 707 1625 707 1475 704 1473 704 1472 704 1470 704 1461 710 1456 716 1406 716 1289 712 1279 707 1258 700 1256 700 1255 700 1216 706 1183 710 1036 709 1023 701 1008 696 1006 696 1005 696 1003 696 983 701 963 706 890 706 868 698 846 693 844 693 843 693 614 693 614 740"/></Shape>
	    <String CONTENT="imprimis autẽ generoſiſſimi præſtãtiſſimí"
                    HPOS="612"
                    VPOS="693"
                    WIDTH="1084"
                    HEIGHT="93"></String>
          </TextLine>

          
          
          <TextLine ID="eSc_line_c8ab6e08"
                    TAGREFS="LT4119"
                    BASELINE="633 807 1252 825 1688 828" 
                    HPOS="632"
                    VPOS="758"
                    WIDTH="1056"
                    HEIGHT="94">
            <Shape><Polygon POINTS="633 807 632 825 651 834 652 834 654 834 746 828 767 826 783 828 858 838 859 838 902 831 910 829 916 831 936 837 938 837 939 837 1018 832 1032 832 1035 832 1064 843 1066 843 1067 843 1148 835 1149 835 1151 835 1180 844 1182 844 1342 849 1344 849 1456 841 1479 852 1481 852 1482 852 1484 852 1512 843 1566 850 1567 850 1686 844 1688 828 1688 786 1618 776 1616 776 1555 783 1539 785 1522 783 1491 777 1490 777 1412 780 1375 782 1368 780 1342 770 1341 770 1340 770 1290 779 1277 780 1262 777 1229 771 1228 771 1167 776 1146 777 1142 776 1128 765 1127 765 1125 765 1066 764 1064 764 887 771 861 771 852 770 791 758 789 758 788 758 762 768 712 768 697 758 696 758 694 758 693 758 633 765 633 807"/></Shape>
	    <String CONTENT="que illius viri Ph. Marnixij Domini mõtis"
                    HPOS="632"
                    VPOS="758"
                    WIDTH="1056"
                    HEIGHT="94"></String>
          </TextLine>

          
          
          <TextLine ID="eSc_line_35bc4f25"
                    TAGREFS="LT4119"
                    BASELINE="614 878 1295 895 1690 896" 
                    HPOS="612"
                    VPOS="825"
                    WIDTH="1078"
                    HEIGHT="95">
            <Shape><Polygon POINTS="614 878 612 896 881 899 886 901 910 908 911 908 913 908 996 902 1014 902 1021 904 1060 911 1061 911 1174 905 1194 905 1197 905 1219 914 1221 914 1222 914 1224 914 1250 907 1253 907 1262 907 1375 917 1377 917 1450 911 1458 919 1460 919 1461 919 1533 920 1534 920 1689 913 1690 896 1689 841 1624 853 1610 841 1610 840 1609 840 1607 840 1606 840 1597 840 1548 846 1537 840 1536 838 1534 838 1533 838 1531 838 1519 840 1457 850 1396 838 1374 835 1372 835 1323 838 1228 846 1203 838 1185 832 1183 832 1182 832 1180 832 1168 838 1155 844 1121 837 1115 837 1113 837 1112 837 1107 837 1087 843 1076 837 1060 829 1058 829 983 829 981 829 980 829 978 829 968 837 962 840 947 837 904 826 902 826 856 832 826 825 825 825 823 825 752 835 748 837 687 837 685 835 669 825 667 825 666 825 664 825 614 834 614 878"/></Shape>
	    <String CONTENT="Sancti Aldegõdij, &amp; fideliſſimi verbi Dei"
                    HPOS="612"
                    VPOS="825"
                    WIDTH="1078"
                    HEIGHT="95"
                    WC="0.981623984518505"></String>
          </TextLine>

          
          
          <TextLine ID="eSc_line_e300841d"
                    TAGREFS="LT4119"
                    BASELINE="614 944 1686 966" 
                    HPOS="612"
                    VPOS="895"
                    WIDTH="1074"
                    HEIGHT="96">
            <Shape><Polygon POINTS="614 944 612 963 666 963 669 963 682 972 684 972 685 972 687 972 688 972 719 965 727 963 745 965 800 971 801 971 873 968 898 966 908 968 956 977 957 977 1009 969 1015 969 1023 969 1113 981 1115 981 1308 975 1311 975 1341 986 1342 986 1344 986 1441 980 1469 989 1470 989 1472 989 1514 980 1524 989 1525 989 1527 989 1528 989 1585 981 1664 991 1665 991 1667 991 1685 981 1686 966 1686 922 1671 913 1670 913 1668 913 1542 908 1540 908 1539 908 1515 922 1505 922 1475 922 1473 920 1458 908 1457 908 1456 908 1454 908 1396 919 1368 919 1338 919 1338 917 1326 908 1326 907 1325 907 1323 907 1322 907 1262 916 1258 916 1256 916 1225 902 1224 902 1222 902 1221 902 1189 914 1188 914 1116 914 1113 913 1097 904 1096 904 1094 904 1093 904 1063 911 1061 911 1042 898 1041 898 1039 898 1038 898 1036 898 1035 898 1015 910 991 898 990 898 989 898 932 908 931 908 899 895 898 895 896 895 614 901 614 944"/></Shape>
	    <String CONTENT="Miniſtri Taffini, (a quibus hȩc iſta diſcet)"
                    HPOS="612"
                    VPOS="895"
                    WIDTH="1074"
                    HEIGHT="96"
                    WC="0.967777848243713"></String>
          </TextLine>

          
          
          <TextLine ID="eSc_line_48ef0660"
                    TAGREFS="LT4119"
                    BASELINE="626 1015 1685 1036" 
                    HPOS="624"
                    VPOS="968"
                    WIDTH="1061"
                    HEIGHT="89">
            <Shape><Polygon POINTS="626 1015 624 1027 657 1036 658 1036 660 1036 837 1033 1381 1052 1383 1052 1430 1045 1650 1057 1652 1057 1653 1057 1683 1048 1685 1036 1685 994 1618 994 1616 991 1601 980 1600 980 1598 980 1597 980 1542 990 1533 991 1317 989 1311 986 1299 980 1298 980 1296 980 1235 983 1212 984 1207 983 1194 972 1192 972 1191 972 1189 972 1188 972 1163 981 1154 984 1038 983 1030 978 1005 968 1003 968 1002 968 1000 968 978 977 975 978 972 977 959 968 957 968 956 968 954 968 626 968 626 1015"/></Shape>
	    <String CONTENT="eruditiſſimis ſermonibus non caret, hæc"
                    HPOS="624"
                    VPOS="968"
                    WIDTH="1061"
                    HEIGHT="89"
                    WC="0.985895610772646"></String>
          </TextLine>

          
          
          <TextLine ID="eSc_line_635b3f41"
                    TAGREFS="LT4119"
                    BASELINE="620 1084 1686 1100" 
                    HPOS="620"
                    VPOS="1030"
                    WIDTH="1066"
                    HEIGHT="92">
            <Shape><Polygon POINTS="620 1084 620 1102 884 1102 893 1105 911 1112 913 1112 914 1112 916 1112 938 1106 948 1103 981 1106 1045 1112 1047 1112 1137 1107 1170 1106 1173 1107 1180 1115 1182 1115 1183 1115 1226 1116 1228 1116 1276 1109 1283 1107 1286 1109 1296 1118 1298 1118 1299 1118 1301 1118 1488 1113 1497 1121 1499 1121 1500 1121 1609 1122 1610 1122 1685 1112 1686 1100 1686 1058 1635 1058 1634 1057 1616 1044 1615 1044 1613 1044 1612 1044 1563 1054 1506 1042 1505 1042 1441 1054 1436 1054 1430 1054 1353 1045 1351 1045 1311 1052 1307 1052 1301 1052 1243 1038 1241 1038 1240 1038 1238 1038 1218 1051 1216 1051 1210 1051 1160 1042 1158 1042 1088 1048 1087 1048 1052 1038 1051 1038 1049 1038 1048 1038 1014 1048 1009 1048 1002 1047 913 1032 911 1032 849 1042 816 1030 815 1030 813 1030 620 1041 620 1084"/></Shape>
	    <String CONTENT="tamẽ in commune veſtrarum Eccleſia¬"
                    HPOS="620"
                    VPOS="1030"
                    WIDTH="1066"
                    HEIGHT="92"
                    WC="0.988233221901788"></String>
          </TextLine>

          
          
          <TextLine ID="eSc_line_950482a3"
                    TAGREFS="LT4119"
                    BASELINE="620 1151 1688 1170" 
                    HPOS="618"
                    VPOS="1100"
                    WIDTH="1070"
                    HEIGHT="95">
            <Shape><Polygon POINTS="620 1151 618 1168 643 1177 645 1177 646 1177 648 1177 675 1170 700 1179 701 1179 703 1179 861 1173 896 1180 898 1180 936 1174 945 1182 945 1183 947 1183 948 1183 950 1183 1002 1176 1029 1185 1030 1185 1032 1185 1033 1185 1049 1177 1110 1177 1127 1186 1128 1186 1130 1186 1131 1186 1194 1179 1276 1189 1277 1189 1279 1189 1308 1182 1606 1195 1607 1195 1686 1186 1688 1170 1688 1127 1668 1115 1667 1115 1665 1115 1664 1115 1601 1125 1525 1112 1524 1112 1454 1122 1445 1124 1438 1122 1393 1112 1392 1112 1344 1118 1332 1109 1331 1109 1329 1109 1328 1109 1280 1119 1277 1119 1276 1119 1253 1107 1252 1107 1198 1106 1197 1106 1134 1115 1116 1118 1097 1115 1033 1103 1032 1103 975 1112 954 1115 877 1115 873 1109 862 1102 862 1100 861 1100 859 1100 858 1100 856 1100 835 1109 826 1112 620 1105 620 1151"/></Shape>
	    <String CONTENT="rum commodũ, tanquã ſymbolum, &amp; ipſe"
                    HPOS="618"
                    VPOS="1100"
                    WIDTH="1070"
                    HEIGHT="95"
                    WC="0.985332172167929"></String>
          </TextLine>

          
          
          <TextLine ID="eSc_line_240e246d"
                    TAGREFS="LT4119"
                    BASELINE="632 1222 1688 1240" 
                    HPOS="630"
                    VPOS="1168"
                    WIDTH="1058"
                    HEIGHT="96">
            <Shape><Polygon POINTS="632 1222 630 1246 661 1247 663 1247 664 1247 666 1247 679 1237 706 1246 707 1246 709 1246 710 1246 733 1238 893 1238 913 1247 922 1252 923 1252 925 1252 969 1249 1033 1243 1052 1249 1058 1250 1060 1250 1061 1250 1093 1249 1146 1246 1174 1249 1225 1256 1226 1256 1267 1250 1277 1249 1289 1250 1362 1259 1363 1259 1408 1250 1420 1249 1448 1250 1601 1264 1603 1264 1604 1264 1635 1255 1661 1264 1662 1264 1664 1264 1665 1264 1686 1252 1688 1240 1688 1197 1560 1195 1557 1192 1531 1182 1530 1182 1528 1182 1438 1188 1424 1179 1423 1179 1421 1179 1420 1179 1418 1179 1387 1189 1378 1191 1369 1188 1329 1177 1328 1177 1326 1177 1273 1186 1250 1189 1160 1189 1149 1183 1131 1174 1130 1174 1061 1174 1060 1174 1058 1174 1042 1180 1036 1183 1032 1180 1024 1174 1023 1174 1021 1174 957 1171 956 1171 954 1171 938 1177 923 1183 889 1177 852 1170 782 1168 780 1168 779 1168 767 1174 752 1180 632 1171 632 1222"/></Shape>
	    <String CONTENT="pro virili volui cõferre, vt illæ intelligant"
                    HPOS="630"
                    VPOS="1168"
                    WIDTH="1058"
                    HEIGHT="96"
                    WC="0.995688709227935"></String>
          </TextLine>

          
          
          <TextLine ID="eSc_line_571eb647"
                    TAGREFS="LT4119"
                    BASELINE="624 1287 1685 1307" 
                    HPOS="623"
                    VPOS="1235"
                    WIDTH="1062"
                    HEIGHT="94">
            <Shape><Polygon POINTS="624 1287 623 1304 636 1314 638 1314 639 1314 641 1314 777 1307 838 1307 867 1319 868 1319 870 1319 871 1319 889 1313 980 1320 981 1320 983 1320 1020 1311 1206 1325 1207 1325 1249 1317 1439 1329 1441 1329 1485 1320 1487 1320 1514 1328 1515 1328 1516 1328 1683 1323 1685 1307 1683 1267 1522 1265 1519 1264 1490 1249 1488 1249 1487 1249 1485 1249 1450 1261 1429 1247 1427 1247 1426 1247 1424 1247 1423 1247 1386 1261 1384 1261 1378 1261 1276 1244 1191 1244 1189 1244 1188 1244 1158 1256 1157 1256 1115 1241 1113 1241 1011 1241 1009 1241 1008 1241 971 1253 968 1253 871 1253 868 1252 856 1241 855 1241 853 1241 852 1241 850 1241 829 1250 828 1250 826 1250 765 1235 764 1235 762 1235 721 1247 624 1247 624 1287"/></Shape>
	    <String CONTENT="quantum pro T. E. &amp; illis ipſis benè ex"
                    HPOS="623"
                    VPOS="1235"
                    WIDTH="1062"
                    HEIGHT="94"
                    WC="0.977882881462574"></String>
          </TextLine>

          
          
          <TextLine ID="eSc_line_4cb413db"
                    TAGREFS="LT4119"
                    BASELINE="618 1354 1680 1375" 
                    HPOS="617"
                    VPOS="1305"
                    WIDTH="1063"
                    HEIGHT="91">
            <Shape><Polygon POINTS="618 1354 617 1371 635 1381 636 1381 638 1381 687 1374 694 1380 694 1381 696 1381 697 1381 770 1384 771 1384 844 1377 846 1377 899 1384 901 1384 1054 1381 1072 1381 1075 1381 1099 1390 1100 1390 1102 1390 1143 1383 1149 1383 1160 1383 1240 1393 1241 1393 1307 1387 1308 1387 1311 1387 1377 1396 1378 1396 1679 1395 1680 1375 1680 1334 1656 1323 1655 1323 1653 1323 1652 1323 1625 1334 1597 1322 1595 1322 1594 1322 1592 1322 1554 1332 1493 1332 1453 1332 1390 1329 1356 1329 1332 1319 1331 1319 1329 1319 1328 1319 1301 1328 1299 1328 1268 1316 1267 1316 1148 1313 1146 1313 1060 1322 898 1308 896 1308 895 1308 873 1319 789 1319 771 1319 771 1317 733 1305 731 1305 730 1305 618 1314 618 1354"/></Shape>
	    <String CONTENT="animo velim, ac feliciſſima atque opti¬"
                    HPOS="617"
                    VPOS="1305"
                    WIDTH="1063"
                    HEIGHT="91"
                    WC="0.97960347090012"></String>
          </TextLine>

          
          
          <TextLine ID="eSc_line_efb0e410"
                    TAGREFS="LT4119"
                    BASELINE="618 1424 1677 1442" 
                    HPOS="617"
                    VPOS="1375"
                    WIDTH="1060"
                    HEIGHT="94">
            <Shape><Polygon POINTS="618 1424 617 1441 651 1454 652 1454 780 1455 782 1455 783 1455 816 1447 831 1457 832 1457 834 1457 883 1458 884 1458 886 1458 907 1448 1051 1448 1066 1461 1067 1461 1069 1461 1070 1461 1072 1461 1105 1451 1215 1460 1216 1460 1280 1454 1323 1466 1325 1466 1412 1467 1414 1467 1502 1457 1618 1469 1619 1469 1676 1458 1677 1442 1677 1405 1543 1403 1542 1402 1522 1389 1521 1389 1519 1389 1518 1389 1516 1389 1482 1400 1478 1400 1357 1400 1356 1399 1325 1383 1323 1383 1322 1383 1287 1384 1286 1384 1284 1384 1268 1396 1237 1381 1235 1381 1234 1381 1232 1381 1210 1392 1186 1381 1185 1381 1082 1380 1081 1380 1079 1380 1078 1380 1058 1392 1038 1378 1036 1378 1035 1378 971 1377 916 1377 914 1377 913 1377 911 1377 890 1392 843 1375 841 1375 810 1375 809 1375 807 1375 806 1375 785 1389 657 1380 655 1380 618 1387 618 1424"/></Shape>
	    <String CONTENT="ma quæque à Deo ardentibus votis exo¬"
                    HPOS="617"
                    VPOS="1375"
                    WIDTH="1060"
                    HEIGHT="94"
                    WC="0.974852522737102"></String>
          </TextLine>

          
          
          <TextLine ID="eSc_line_a3a4025d"
                    TAGREFS="LT4119"
                    BASELINE="606 1491 1688 1513" 
                    HPOS="605"
                    VPOS="1442"
                    WIDTH="1083"
                    HEIGHT="97">
            <Shape><Polygon POINTS="606 1491 605 1511 654 1518 655 1518 657 1518 658 1518 666 1512 672 1509 745 1509 748 1513 755 1519 755 1521 757 1521 758 1521 822 1522 823 1522 871 1515 890 1513 913 1516 977 1525 978 1525 1070 1519 1090 1518 1106 1519 1185 1530 1186 1530 1366 1524 1378 1524 1380 1524 1396 1534 1398 1534 1399 1534 1400 1534 1466 1525 1469 1525 1484 1536 1485 1536 1487 1536 1488 1536 1540 1527 1542 1527 1545 1527 1641 1539 1643 1539 1686 1528 1688 1513 1688 1472 1595 1458 1594 1458 1592 1458 1557 1467 1551 1469 1545 1467 1516 1457 1515 1457 1514 1457 1450 1464 1438 1466 1433 1464 1406 1454 1405 1454 1403 1454 1354 1463 1340 1464 1322 1461 1259 1451 1258 1451 1163 1457 1121 1460 1115 1455 1106 1448 1105 1448 1103 1448 1102 1448 1051 1454 1049 1454 997 1447 996 1447 994 1447 983 1453 974 1457 853 1455 843 1450 829 1442 828 1442 826 1442 794 1448 765 1453 606 1444 606 1491"/></Shape>
	    <String CONTENT="ptem. Tuæ verò virtuti, Princeps Illuſtri¬"
                    HPOS="605"
                    VPOS="1442"
                    WIDTH="1083"
                    HEIGHT="97"
                    WC="0.973431836727054"></String>
          </TextLine>

          
          
          <TextLine ID="eSc_line_8ee18c0c"
                    TAGREFS="LT4119"
                    BASELINE="620 1563 1679 1580" 
                    HPOS="618"
                    VPOS="1512"
                    WIDTH="1061"
                    HEIGHT="89">
            <Shape><Polygon POINTS="620 1563 618 1583 1476 1592 1481 1594 1525 1601 1527 1601 1677 1595 1679 1580 1677 1537 1646 1540 1637 1536 1621 1528 1619 1528 1566 1527 1564 1527 1563 1527 1536 1536 1521 1539 1442 1539 1432 1534 1402 1524 1400 1524 1399 1524 1344 1533 1328 1536 1323 1533 1311 1522 1310 1522 1308 1522 1282 1522 1280 1522 1279 1522 1277 1522 1264 1533 1261 1534 1241 1531 1183 1524 1182 1524 1180 1524 1161 1531 1155 1533 1140 1531 1060 1518 1023 1518 1021 1518 1020 1518 996 1530 994 1530 991 1530 959 1519 957 1519 956 1519 913 1528 911 1528 884 1515 883 1515 846 1515 844 1515 843 1515 841 1515 825 1527 794 1527 719 1527 693 1512 691 1512 646 1512 645 1512 643 1512 620 1524 620 1563"/></Shape>
	    <String CONTENT="ſime, quid non debeatur, cùm ab omnibus"
                    HPOS="618"
                    VPOS="1512"
                    WIDTH="1061"
                    HEIGHT="89"
                    WC="0.997494158148766"></String>
          </TextLine>

          
          
          <TextLine ID="eSc_line_f2de67ab"
                    TAGREFS="LT4119"
                    BASELINE="617 1629 1677 1649" 
                    HPOS="615"
                    VPOS="1577"
                    WIDTH="1062"
                    HEIGHT="94">
            <Shape><Polygon POINTS="617 1629 615 1641 861 1658 862 1658 1267 1655 1279 1662 1280 1662 1282 1662 1283 1662 1317 1656 1432 1668 1514 1670 1515 1670 1516 1670 1549 1661 1595 1671 1597 1671 1676 1661 1677 1649 1674 1595 1595 1604 1491 1603 1467 1591 1466 1591 1464 1591 1463 1591 1456 1591 1371 1600 1328 1589 1323 1588 1322 1588 1320 1588 1305 1588 1195 1597 1118 1585 1102 1583 1100 1583 1085 1585 1036 1591 1002 1583 993 1582 991 1582 984 1583 942 1592 893 1582 892 1582 890 1582 889 1582 815 1589 782 1579 774 1577 773 1577 617 1577 617 1629"/></Shape>
	    <String CONTENT="fidelibus &amp; Chriſtianis viris, tum verò"
                    HPOS="615"
                    VPOS="1577"
                    WIDTH="1062"
                    HEIGHT="94"
                    WC="0.986455854773521"></String>
          </TextLine>

          
          
          <TextLine ID="eSc_line_1f742113"
                    TAGREFS="LT4119"
                    BASELINE="596 1698 1679 1716" 
                    HPOS="594"
                    VPOS="1644"
                    WIDTH="1085"
                    HEIGHT="96">
            <Shape><Polygon POINTS="596 1698 594 1716 777 1726 779 1726 847 1720 865 1719 884 1720 956 1729 957 1729 1058 1723 1061 1723 1070 1731 1072 1731 1073 1731 1075 1731 1127 1723 1136 1723 1137 1725 1151 1732 1152 1732 1154 1732 1155 1732 1292 1726 1304 1726 1305 1726 1326 1735 1328 1735 1329 1735 1331 1735 1332 1735 1341 1729 1411 1737 1412 1737 1478 1729 1479 1729 1481 1729 1588 1740 1589 1740 1677 1731 1679 1716 1679 1676 1592 1662 1591 1662 1589 1662 1588 1662 1573 1671 1509 1671 1493 1659 1491 1659 1490 1659 1488 1659 1403 1670 1337 1656 1335 1656 1334 1656 1332 1656 1322 1665 1307 1655 1305 1655 1304 1655 1302 1655 1301 1655 1277 1665 1216 1656 1215 1656 1213 1656 1195 1664 1179 1656 1177 1656 1176 1656 1174 1656 1173 1656 1160 1665 1044 1665 951 1649 950 1649 785 1659 770 1647 770 1646 768 1646 767 1646 765 1646 722 1652 681 1644 630 1644 629 1644 627 1644 596 1656 596 1698"/></Shape>
	    <String CONTENT="à noſtris Gallis, quorum ſalus &amp; incolu¬"
                    HPOS="594"
                    VPOS="1644"
                    WIDTH="1085"
                    HEIGHT="96"
                    WC="0.97504850567841"></String>
          </TextLine>

          
          
          <TextLine ID="eSc_line_b229d3c5"
                    TAGREFS="LT4119"
                    BASELINE="602 1763 1679 1783" 
                    HPOS="600"
                    VPOS="1714"
                    WIDTH="1079"
                    HEIGHT="94">
            <Shape><Polygon POINTS="602 1763 600 1780 654 1790 655 1792 1168 1792 1182 1801 1183 1801 1185 1801 1186 1801 1188 1801 1206 1793 1293 1793 1347 1804 1348 1804 1536 1799 1603 1808 1604 1808 1677 1799 1679 1783 1679 1741 1650 1731 1649 1731 1647 1731 1603 1740 1597 1741 1591 1740 1555 1729 1554 1729 1552 1729 1500 1738 1494 1738 1490 1738 1458 1728 1457 1728 1311 1725 1310 1725 1308 1725 1279 1732 1265 1735 1221 1731 1176 1726 1174 1726 1110 1728 1017 1731 1006 1725 994 1719 993 1719 991 1719 990 1719 974 1725 962 1728 933 1723 911 1720 910 1720 890 1722 852 1728 829 1720 815 1716 813 1716 812 1716 810 1716 794 1720 768 1726 734 1719 715 1714 713 1714 602 1714 602 1763"/></Shape>
	    <String CONTENT="mitas ſemper ſummæ curæ fuit tibi, fratí¬"
                    HPOS="600"
                    VPOS="1714"
                    WIDTH="1079"
                    HEIGHT="94"></String>
          </TextLine>

          
          
          <TextLine ID="eSc_line_698fa94b"
                    TAGREFS="LT4119"
                    BASELINE="606 1832 1674 1853" 
                    HPOS="605"
                    VPOS="1783"
                    WIDTH="1069"
                    HEIGHT="89">
            <Shape><Polygon POINTS="606 1832 605 1848 685 1860 687 1860 749 1853 786 1862 788 1862 789 1862 834 1854 835 1854 841 1854 1038 1866 1039 1866 1131 1860 1136 1860 1137 1860 1149 1869 1151 1869 1152 1869 1154 1869 1201 1862 1203 1862 1218 1870 1219 1870 1221 1870 1222 1872 1673 1872 1674 1853 1674 1811 1554 1801 1552 1801 1499 1806 1490 1806 1487 1805 1479 1799 1478 1799 1476 1799 1475 1799 1420 1804 1402 1805 1380 1804 1292 1792 1290 1792 1189 1798 1146 1801 1140 1798 1130 1789 1128 1789 1127 1789 1020 1787 1018 1787 1017 1787 1002 1793 993 1798 983 1793 968 1786 966 1786 965 1786 931 1792 913 1795 899 1790 877 1784 875 1784 874 1784 835 1789 806 1793 791 1789 774 1783 773 1783 771 1783 770 1783 768 1783 761 1787 754 1792 606 1784 606 1832"/></Shape>
	    <String CONTENT="que tuo Illuſtriſſ. Comiti Ludouico ( cu¬"
                    HPOS="605"
                    VPOS="1783"
                    WIDTH="1069"
                    HEIGHT="89"
                    WC="0.989376549313708"></String>
          </TextLine>

          
          
          <TextLine ID="eSc_line_80e43a6e"
                    TAGREFS="LT4119"
                    BASELINE="614 1902 1673 1922" 
                    HPOS="612"
                    VPOS="1853"
                    WIDTH="1061"
                    HEIGHT="92">
            <Shape><Polygon POINTS="614 1902 612 1915 690 1927 691 1927 917 1924 990 1924 1005 1927 1033 1933 1035 1933 1131 1930 1206 1928 1212 1933 1216 1937 1218 1937 1219 1937 1221 1939 1261 1939 1261 1937 1262 1937 1271 1934 1286 1930 1305 1936 1319 1939 1320 1939 1322 1939 1340 1936 1368 1931 1393 1937 1403 1940 1405 1940 1406 1940 1417 1939 1438 1934 1487 1940 1503 1942 1505 1942 1506 1942 1508 1940 1521 1934 1546 1942 1551 1943 1552 1943 1670 1945 1673 1922 1671 1881 1552 1881 1543 1876 1522 1867 1521 1867 1519 1867 1472 1875 1445 1879 1409 1873 1384 1870 1383 1870 1363 1873 1338 1876 1322 1872 1295 1863 1293 1863 1292 1863 1290 1863 1274 1870 1264 1876 1219 1876 1179 1869 1130 1860 1128 1860 1023 1864 922 1869 853 1866 849 1860 843 1856 843 1854 841 1854 840 1854 728 1853 727 1853 725 1853 724 1853 718 1857 706 1864 614 1856 614 1902"/></Shape>
	    <String CONTENT="ius felix memoria nunquam caneſet, ac"
                    HPOS="612"
                    VPOS="1853"
                    WIDTH="1061"
                    HEIGHT="92"
                    WC="0.979843237915555"></String>
          </TextLine>

          
          
          <TextLine ID="eSc_line_9b367b2e"
                    TAGREFS="LT4119"
                    BASELINE="611 1969 1662 1989" 
                    HPOS="609"
                    VPOS="1918"
                    WIDTH="1053"
                    HEIGHT="91">
            <Shape><Polygon POINTS="611 1969 609 1983 834 1988 847 1998 849 1998 850 1998 910 2000 911 2000 977 1994 989 2001 990 2001 991 2001 1163 2004 1164 2004 1165 2004 1189 1997 1218 2006 1219 2006 1221 2006 1340 2000 1371 2009 1372 2009 1374 2009 1661 2004 1662 1989 1662 1952 1619 1951 1588 1936 1586 1936 1585 1936 1583 1936 1582 1936 1561 1949 1528 1949 1512 1949 1512 1948 1476 1934 1475 1934 1473 1934 1472 1934 1444 1943 1415 1933 1414 1933 1412 1933 1228 1942 1212 1942 1110 1940 1110 1939 1097 1928 1097 1927 1096 1927 1094 1927 1093 1927 1006 1937 997 1937 996 1936 978 1924 977 1924 975 1924 974 1924 972 1924 951 1931 914 1924 913 1924 911 1924 886 1934 883 1934 874 1934 757 1920 755 1920 687 1925 655 1918 654 1918 652 1918 611 1927 611 1969"/></Shape>
	    <String CONTENT="ne ſeclis quidem innumerabilibus, cuius"
                    HPOS="609"
                    VPOS="1918"
                    WIDTH="1053"
                    HEIGHT="91"
                    WC="0.987012818837777"></String>
          </TextLine>

          
          
          <TextLine ID="eSc_line_c877022d"
                    TAGREFS="LT4119"
                    BASELINE="608 2037 1668 2058" 
                    HPOS="606"
                    VPOS="1985"
                    WIDTH="1062"
                    HEIGHT="91">
            <Shape><Polygon POINTS="606 2052 643 2062 645 2062 835 2067 837 2067 907 2059 1099 2071 1100 2071 1134 2064 1148 2073 1149 2073 1151 2073 1289 2076 1290 2076 1667 2073 1668 2058 1667 2012 1396 2012 1387 2004 1386 2003 1384 2003 1383 2003 1381 2003 1365 2003 1295 2009 1284 2001 1283 2000 1282 2000 1280 2000 1226 1998 1225 1998 1224 1998 1222 1998 1221 2000 1212 2007 1142 2007 1128 1997 1127 1997 1125 1997 1063 1994 1061 1994 1051 1995 1018 2003 913 2003 899 1994 898 1994 896 1994 895 1994 835 2000 767 1988 759 1988 758 1988 748 1988 645 1995 609 1985 608 2037 606 2052"/></Shape>
	    <String CONTENT="vtriuſque &amp; armis &amp; prudentia Eccleſi æ"
                    HPOS="606"
                    VPOS="1985"
                    WIDTH="1062"
                    HEIGHT="91"
                    WC="0.998868381365752"></String>
          </TextLine>

          
          
          <TextLine ID="eSc_line_60540e1a"
                    TAGREFS="LT4119"
                    BASELINE="623 2095 901 2116 1661 2126" 
                    HPOS="621"
                    VPOS="2050"
                    WIDTH="1040"
                    HEIGHT="112">
            <Shape><Polygon POINTS="623 2095 621 2131 731 2128 743 2135 752 2141 754 2141 755 2141 892 2150 893 2150 895 2150 935 2137 939 2135 945 2137 956 2141 957 2141 959 2141 986 2138 1011 2134 1021 2138 1032 2143 1033 2143 1035 2143 1036 2143 1049 2138 1060 2135 1066 2138 1091 2152 1093 2152 1094 2152 1140 2143 1305 2159 1307 2159 1383 2146 1427 2149 1444 2162 1445 2162 1447 2162 1448 2162 1566 2147 1588 2160 1589 2160 1591 2160 1592 2162 1628 2162 1628 2160 1630 2160 1659 2146 1661 2126 1661 2082 1624 2073 1622 2073 1621 2073 1606 2079 1589 2086 1557 2077 1519 2068 1518 2068 1516 2068 1515 2068 1493 2076 1472 2083 1235 2080 1212 2067 1206 2065 1204 2065 1203 2065 1201 2065 1197 2067 1173 2077 1161 2065 1155 2061 1154 2061 1152 2061 1151 2061 1122 2065 1064 2074 1048 2062 1044 2059 1042 2059 1041 2059 1039 2059 1023 2062 972 2071 957 2059 953 2056 951 2056 950 2056 948 2056 920 2059 810 2070 765 2053 762 2053 761 2053 759 2053 751 2053 685 2059 623 2050 623 2095"/></Shape>
	    <String CONTENT="Callicanæ ab aduerſariorum atrociſſimis"
                    HPOS="621"
                    VPOS="2050"
                    WIDTH="1040"
                    HEIGHT="112"
                    WC="0.99371849726408"></String>
          </TextLine>

          
        </TextBlock>
        

        
      </PrintSpace>
    </Page>
  </Layout>
</alto>
