<?xml version="1.0" encoding="UTF-8"?>
<alto xmlns:xsi="http://www.w3.org/2001/XMLSchema-instance"
      xmlns="http://www.loc.gov/standards/alto/ns-v4#"
      xsi:schemaLocation="http://www.loc.gov/standards/alto/ns-v4# http://www.loc.gov/standards/alto/v4/alto-4-2.xsd">
  <Description>
    <MeasurementUnit>pixel</MeasurementUnit>
    <sourceImageInformation>
      <fileName>2012900.png</fileName>
      
    </sourceImageInformation>
  </Description>
  
  <Tags>
    <OtherTag ID="BT10544" LABEL="text" DESCRIPTION="block type text"/><OtherTag ID="BT10543" LABEL="NumberingZone" DESCRIPTION="block type NumberingZone"/><OtherTag ID="BT10542" LABEL="MainZone" DESCRIPTION="block type MainZone"/><OtherTag ID="BT10538" LABEL="RunningTitleZone" DESCRIPTION="block type RunningTitleZone"/><OtherTag ID="BT10537" LABEL="DropCapitalZone" DESCRIPTION="block type DropCapitalZone"/><OtherTag ID="BT10536" LABEL="GraphicZone" DESCRIPTION="block type GraphicZone"/><OtherTag ID="BT10535" LABEL="TitlePageZone" DESCRIPTION="block type TitlePageZone"/><OtherTag ID="BT10534" LABEL="QuireMarksZone" DESCRIPTION="block type QuireMarksZone"/><OtherTag ID="BT10533" LABEL="MarginTextZone" DESCRIPTION="block type MarginTextZone"/>
    <OtherTag ID="LT4122" LABEL="default" DESCRIPTION="line type default"/><OtherTag ID="LT4119" LABEL="DefaultLine" DESCRIPTION="line type DefaultLine"/><OtherTag ID="LT4118" LABEL="HeadingLine" DESCRIPTION="line type HeadingLine"/><OtherTag ID="LT4117" LABEL="CustomLine : BiblicalText" DESCRIPTION="line type CustomLine : BiblicalText"/>
  </Tags>
  
  <Layout>
    <Page WIDTH="1807"
          HEIGHT="2677"
          PHYSICAL_IMG_NR="16"
          ID="eSc_dummypage_">
      <PrintSpace HPOS="0"
                  VPOS="0"
                  WIDTH="1807"
                  HEIGHT="2677">
        
        <TextBlock HPOS="893.0902099609375"
                   VPOS="145.4037322998047"
                   WIDTH="441.4361572265625"
                   HEIGHT="63.82464599609375"
                   ID="block_2"
                   TAGREFS="BT10538">
          <Shape><Polygon POINTS="893.09 145.404 1334.53 145.404 1334.53 209.228 893.09 209.228 893.09 145.404"/></Shape>
          
          
          <TextLine ID="eSc_line_c6b17ab4"
                    TAGREFS="LT4118"
                    BASELINE="905 196 1328 188" 
                    HPOS="904"
                    VPOS="148"
                    WIDTH="424"
                    HEIGHT="64">
            <Shape><Polygon POINTS="1305 153 1290 153 1276 153 1261 153 1246 153 1231 153 1216 151 1201 151 1186 151 1171 151 1158 151 1154 153 1142 151 1127 151 1112 150 1097 150 1090 150 1087 153 1054 150 1052 150 1038 150 1023 148 1008 148 953 156 928 150 919 154 904 165 905 196 905 212 1328 206 1328 188 1323 160 1320 157"/></Shape>
	    <String CONTENT="EPISTOLA."
                    HPOS="904"
                    VPOS="148"
                    WIDTH="424"
                    HEIGHT="64"
                    WC="0.999670022063785"></String>
          </TextLine>

          
        </TextBlock>
        
        <TextBlock HPOS="618.2265625"
                   VPOS="218.20225524902344"
                   WIDTH="1067.3140869140625"
                   HEIGHT="1926.7725982666016"
                   ID="block_1"
                   TAGREFS="BT10542">
          <Shape><Polygon POINTS="618.227 218.202 1685.54 218.202 1685.54 2144.97 618.227 2144.97 618.227 218.202"/></Shape>
          
          
          <TextLine ID="eSc_line_19712038"
                    TAGREFS="LT4119"
                    BASELINE="633 278 1674 263" 
                    HPOS="632"
                    VPOS="209"
                    WIDTH="1042"
                    HEIGHT="83">
            <Shape><Polygon POINTS="1658 215 1655 214 1643 214 1628 214 1613 214 1606 214 1598 215 1594 214 1583 214 1569 214 1554 214 1552 214 1546 217 1497 214 1494 214 1479 214 1466 214 1457 221 1456 221 1387 215 1386 215 1338 223 1337 223 1334 223 1256 209 1255 209 1146 220 1090 212 1088 212 1087 212 1049 226 1045 227 1024 226 859 215 858 215 856 215 807 229 800 230 786 229 737 223 736 223 734 223 719 230 718 230 701 218 700 218 699 218 676 218 661 218 646 218 632 230 633 278 633 292 1674 282 1674 263 1673 224 1658 215"/></Shape>
	    <String CONTENT="&amp; poteſt. Itaque cùm hominum conſciẽ¬"
                    HPOS="632"
                    VPOS="209"
                    WIDTH="1042"
                    HEIGHT="83"
                    WC="0.986006817756555"></String>
          </TextLine>

          
          
          <TextLine ID="eSc_line_0bdf059b"
                    TAGREFS="LT4119"
                    BASELINE="630 346 1683 331" 
                    HPOS="629"
                    VPOS="281"
                    WIDTH="1054"
                    HEIGHT="86">
            <Shape><Polygon POINTS="630 358 699 367 700 367 701 367 733 358 736 358 740 358 801 365 803 365 804 365 837 356 843 355 960 355 966 356 993 364 994 364 996 364 1042 356 1057 353 1079 355 1118 359 1119 359 1176 355 1213 352 1225 355 1249 361 1250 361 1252 361 1253 361 1255 361 1255 359 1262 353 1267 350 1279 353 1298 359 1299 359 1301 359 1302 359 1316 353 1323 350 1329 353 1337 359 1338 359 1340 359 1341 359 1368 353 1383 350 1398 353 1423 358 1424 358 1683 350 1683 331 1680 292 1503 281 1502 281 1500 281 1499 281 1488 290 1432 282 1430 282 1429 282 1405 292 1399 295 1393 292 1374 282 1372 282 1371 282 1298 291 1241 285 1240 285 1238 285 1222 292 1216 295 1174 292 1069 287 1067 287 1066 287 1064 287 1054 294 1047 298 1026 294 1000 288 999 288 997 288 996 288 990 294 980 301 926 294 913 292 911 292 910 292 908 292 907 294 892 304 835 306 687 306 673 295 672 295 670 295 629 295 630 346"/></Shape>
	    <String CONTENT="tias immutare, inflectere, ad Deũ adduce."
                    HPOS="629"
                    VPOS="281"
                    WIDTH="1054"
                    HEIGHT="86"
                    WC="0.974148473569325"></String>
          </TextLine>

          
          
          <TextLine ID="eSc_line_fd2ff83e"
                    TAGREFS="LT4119"
                    BASELINE="632 414 1683 400" 
                    HPOS="630"
                    VPOS="343"
                    WIDTH="1053"
                    HEIGHT="97">
            <Shape><Polygon POINTS="632 414 632 428 715 440 716 440 718 440 719 440 737 428 739 426 923 426 932 426 997 435 999 435 1038 426 1052 423 1069 426 1113 434 1115 434 1157 425 1177 422 1198 425 1237 432 1238 432 1277 425 1287 423 1298 425 1334 431 1335 431 1387 425 1399 423 1438 423 1569 428 1570 428 1572 428 1573 428 1573 426 1577 423 1586 416 1680 422 1683 400 1682 358 1631 343 1630 343 1628 343 1627 343 1600 358 1534 358 1521 348 1519 348 1518 348 1516 348 1515 348 1469 359 1366 346 1365 346 1273 348 1271 348 1270 348 1270 349 1255 362 1225 349 1224 349 1222 349 1221 349 1192 362 1167 356 1165 356 1164 356 1163 356 1161 356 1152 364 972 352 971 352 969 352 950 359 874 353 873 353 871 353 831 368 786 358 785 358 783 358 748 368 716 358 715 358 713 358 712 358 710 358 693 371 630 371 632 414"/></Shape>
	    <String CONTENT="re, huius diſciplinæ eccleſiaſticæ propoſi¬"
                    HPOS="630"
                    VPOS="343"
                    WIDTH="1053"
                    HEIGHT="97"
                    WC="0.970000151977983"></String>
          </TextLine>

          
          
          <TextLine ID="eSc_line_7c27896f"
                    TAGREFS="LT4119"
                    BASELINE="633 481 1679 469" 
                    HPOS="632"
                    VPOS="417"
                    WIDTH="1047"
                    HEIGHT="87">
            <Shape><Polygon POINTS="633 481 633 499 939 495 953 496 1003 504 1005 504 1006 504 1021 495 1027 493 1079 493 1085 495 1106 502 1107 502 1109 502 1110 502 1127 495 1130 495 1284 501 1286 501 1390 499 1392 499 1393 499 1402 492 1643 496 1644 496 1646 496 1679 487 1679 469 1674 420 1613 429 1601 422 1597 417 1595 417 1594 417 1592 417 1591 417 1576 422 1560 426 1539 423 1518 419 1516 419 1515 419 1502 423 1479 431 1463 425 1450 419 1448 419 1447 419 1445 419 1444 419 1436 425 1426 432 1350 432 1335 426 1317 420 1316 420 1314 420 1280 428 1255 434 1219 429 1155 422 1154 422 1152 422 1131 431 1122 435 1112 432 1099 428 1097 428 1096 428 1039 434 1002 437 944 437 942 435 923 425 922 425 920 425 875 434 843 426 841 426 840 426 838 426 816 435 672 428 670 428 669 428 632 441 633 481"/></Shape>
	    <String CONTENT="tũ ſit &amp; finis, quomodo, quáue via id fieri"
                    HPOS="632"
                    VPOS="417"
                    WIDTH="1047"
                    HEIGHT="87"></String>
          </TextLine>

          
          
          <TextLine ID="eSc_line_63770358"
                    TAGREFS="LT4119"
                    BASELINE="633 551 1671 536" 
                    HPOS="632"
                    VPOS="486"
                    WIDTH="1039"
                    HEIGHT="88">
            <Shape><Polygon POINTS="633 551 633 569 807 574 809 574 858 568 898 563 907 568 917 572 919 572 920 572 922 572 932 568 945 560 1052 560 1110 566 1148 569 1149 569 1186 565 1255 557 1274 565 1279 566 1280 566 1282 566 1283 566 1284 566 1286 565 1295 559 1335 563 1357 566 1359 566 1360 566 1368 563 1386 556 1402 563 1406 565 1408 565 1409 565 1670 560 1671 536 1670 498 1635 489 1634 489 1632 489 1589 496 1579 489 1577 489 1576 489 1574 489 1573 489 1543 498 1521 486 1519 486 1518 486 1516 486 1470 498 1400 487 1399 487 1398 487 1356 501 1295 489 1293 489 1292 489 1290 489 1276 502 1253 502 1237 490 1235 490 1234 490 1232 490 1231 490 1229 490 1215 502 1171 495 1170 495 1168 495 1167 495 1155 502 1136 492 1134 492 1133 492 1131 492 1100 504 1064 492 1063 492 1061 492 1060 492 1041 502 1021 495 1020 495 1018 495 1017 495 1015 495 1002 507 911 507 884 495 883 495 840 495 838 495 837 495 835 495 835 496 822 508 791 508 736 496 734 496 663 508 648 502 646 502 645 502 643 502 642 502 632 508 633 551"/></Shape>
	    <String CONTENT="rectè poſſit, à nemine, præterquàm ab vno"
                    HPOS="632"
                    VPOS="486"
                    WIDTH="1039"
                    HEIGHT="88"
                    WC="0.969026942144741"></String>
          </TextLine>

          
          
          <TextLine ID="eSc_line_5274f1ea"
                    TAGREFS="LT4119"
                    BASELINE="636 618 1677 606" 
                    HPOS="635"
                    VPOS="553"
                    WIDTH="1042"
                    HEIGHT="90">
            <Shape><Polygon POINTS="636 618 636 635 762 643 764 643 867 635 907 632 936 635 991 640 993 640 1044 639 1045 639 1047 639 1052 635 1058 630 1085 635 1112 638 1113 639 1171 639 1171 638 1173 638 1182 633 1192 629 1241 633 1283 638 1284 638 1286 638 1299 633 1319 627 1374 633 1403 636 1405 636 1534 635 1536 635 1540 633 1554 626 1569 633 1570 633 1572 633 1573 633 1574 633 1577 633 1612 624 1676 632 1677 606 1674 568 1638 568 1609 553 1607 553 1606 553 1604 553 1549 568 1543 568 1534 568 1482 560 1481 560 1450 568 1447 568 1445 568 1432 556 1432 554 1430 554 1429 554 1427 554 1383 557 1381 557 1363 568 1359 569 1347 568 1305 559 1304 559 1302 559 1286 568 1277 572 1185 572 1177 568 1164 559 1163 559 1161 559 1160 559 1067 566 1029 559 1027 559 1026 559 1024 559 1015 568 1011 571 1006 568 1002 563 1000 563 999 563 895 560 893 560 892 560 865 568 831 577 757 578 709 578 693 568 688 563 687 563 685 563 684 563 635 566 636 618"/></Shape>
	    <String CONTENT="Deo præſcribi, definiríue poteſt, quia ſo¬"
                    HPOS="635"
                    VPOS="553"
                    WIDTH="1042"
                    HEIGHT="90"></String>
          </TextLine>

          
          
          <TextLine ID="eSc_line_5ad6457a"
                    TAGREFS="LT4119"
                    BASELINE="635 688 1674 673" 
                    HPOS="633"
                    VPOS="621"
                    WIDTH="1041"
                    HEIGHT="88">
            <Shape><Polygon POINTS="635 688 635 701 733 709 734 709 736 709 752 700 875 700 919 709 920 709 993 698 1036 709 1038 709 1039 709 1041 709 1073 698 1118 707 1119 707 1121 707 1139 698 1149 707 1151 707 1152 707 1154 707 1155 707 1173 698 1567 701 1569 701 1674 687 1674 673 1671 633 1612 621 1610 621 1609 621 1607 621 1607 623 1594 633 1594 635 1566 635 1560 633 1534 627 1533 627 1531 627 1530 627 1528 627 1521 635 1519 636 1356 638 1353 636 1340 626 1338 626 1337 626 1298 626 1296 626 1295 626 1261 636 1252 639 1240 638 1195 627 1194 627 1192 627 1191 627 1177 638 1176 639 1131 640 1087 639 944 630 942 630 847 633 846 633 828 640 822 645 786 645 780 642 768 633 767 633 765 633 764 633 762 633 727 642 713 646 673 646 669 642 660 636 660 635 658 635 657 635 655 635 654 635 633 640 635 688"/></Shape>
	    <String CONTENT="lus ille eas fabricatus eſt: ſolus quomodo"
                    HPOS="633"
                    VPOS="621"
                    WIDTH="1041"
                    HEIGHT="88"
                    WC="0.985014146282559"></String>
          </TextLine>

          
          
          <TextLine ID="eSc_line_d7d7b0c7"
                    TAGREFS="LT4119"
                    BASELINE="635 755 1674 743" 
                    HPOS="633"
                    VPOS="691"
                    WIDTH="1041"
                    HEIGHT="85">
            <Shape><Polygon POINTS="635 755 635 776 1673 767 1674 743 1673 707 1625 691 1624 691 1622 691 1621 691 1619 691 1592 707 1398 709 1354 694 1353 694 1351 694 1280 712 1219 712 1180 696 1179 696 1177 696 1176 696 1140 712 1105 697 1103 697 1023 697 1021 697 1020 697 972 712 926 698 925 698 923 698 844 712 764 700 762 700 761 700 719 715 669 706 667 706 666 706 633 718 635 755"/></Shape>
	    <String CONTENT="eæ regendæ, flectendæ, ac immutandæ"
                    HPOS="633"
                    VPOS="691"
                    WIDTH="1041"
                    HEIGHT="85"
                    WC="0.992610652106149"></String>
          </TextLine>

          
          
          <TextLine ID="eSc_line_addfafe9"
                    TAGREFS="LT4119"
                    BASELINE="635 823 1674 810" 
                    HPOS="633"
                    VPOS="758"
                    WIDTH="1041"
                    HEIGHT="92">
            <Shape><Polygon POINTS="635 823 635 850 765 849 767 849 789 840 817 849 819 849 820 849 822 849 823 849 825 849 846 840 920 847 926 847 928 847 932 847 981 837 1051 844 1052 844 1097 835 1180 844 1191 844 1192 844 1194 844 1195 844 1209 837 1323 841 1325 841 1326 841 1353 832 1398 838 1399 838 1444 831 1500 831 1516 840 1518 840 1519 840 1521 840 1527 840 1591 829 1673 837 1674 810 1671 767 1592 758 1591 758 1589 758 1557 768 1546 771 1543 768 1534 761 1534 759 1533 759 1531 759 1530 759 1528 759 1503 770 1502 770 1491 761 1491 759 1490 759 1488 759 1487 759 1485 759 1456 768 1390 761 1389 761 1267 774 1255 774 1252 774 1213 762 1212 762 1210 762 1044 777 1042 777 1002 765 1000 765 999 765 997 765 996 765 981 777 950 767 948 767 947 767 945 767 944 767 944 768 931 780 905 780 884 767 883 767 881 767 880 767 878 767 850 782 748 782 649 770 648 770 646 770 645 770 645 771 633 780 635 823"/></Shape>
	    <String CONTENT="ſint, nouit, ſolus earũ dominus eſt. Ipſius"
                    HPOS="633"
                    VPOS="758"
                    WIDTH="1041"
                    HEIGHT="92"
                    WC="0.980449503118342"></String>
          </TextLine>

          
          
          <TextLine ID="eSc_line_b9892d94"
                    TAGREFS="LT4119"
                    BASELINE="635 893 1673 878" 
                    HPOS="633"
                    VPOS="825"
                    WIDTH="1040"
                    HEIGHT="94">
            <Shape><Polygon POINTS="635 893 635 919 742 905 1012 904 1035 910 1047 913 1048 913 1049 913 1051 913 1066 908 1091 902 1174 907 1255 910 1256 910 1258 910 1280 904 1286 902 1293 904 1328 908 1329 908 1331 908 1332 908 1342 902 1347 899 1359 902 1386 907 1387 907 1640 904 1641 904 1673 893 1673 878 1668 832 1606 838 1595 834 1577 825 1576 825 1574 825 1573 825 1548 834 1531 841 1433 841 1412 837 1371 828 1369 828 1368 828 1366 828 1366 829 1356 838 1350 844 1308 844 1301 840 1286 829 1284 829 1283 829 1256 829 1255 829 1203 831 1201 831 1177 843 1176 843 1154 831 1152 831 1151 831 1149 831 1121 843 1115 846 1106 844 1064 832 1063 832 1061 832 944 847 939 847 935 847 841 835 840 835 797 837 795 837 794 837 776 850 762 840 761 840 759 840 758 840 757 840 755 840 743 849 697 838 696 838 694 838 693 838 693 840 681 850 633 853 635 893"/></Shape>
	    <String CONTENT="enim ſolius templa &amp; ſedes ſunt noſtræ"
                    HPOS="633"
                    VPOS="825"
                    WIDTH="1040"
                    HEIGHT="94"
                    WC="0.989777370503074"></String>
          </TextLine>

          
          
          <TextLine ID="eSc_line_e544a270"
                    TAGREFS="LT4119"
                    BASELINE="635 957 1671 945" 
                    HPOS="633"
                    VPOS="896"
                    WIDTH="1038"
                    HEIGHT="88">
            <Shape><Polygon POINTS="635 957 635 975 679 975 682 975 696 984 697 984 699 984 700 984 758 975 773 974 777 975 789 981 791 981 792 981 825 975 837 974 861 975 929 981 931 981 932 981 944 975 950 972 990 975 1055 980 1057 980 1058 980 1072 975 1082 971 1102 975 1128 980 1130 980 1131 980 1142 975 1154 969 1203 974 1241 978 1243 978 1279 974 1329 968 1347 974 1356 977 1357 977 1359 977 1463 975 1464 975 1467 974 1479 968 1491 974 1496 975 1497 975 1499 975 1671 972 1671 945 1667 908 1528 908 1494 896 1493 896 1491 896 1490 896 1464 910 1408 910 1372 898 1371 898 1369 898 1368 898 1366 898 1366 899 1353 911 1319 911 1302 898 1301 898 1299 898 1298 898 1296 898 1270 911 1241 899 1240 899 1185 899 1183 899 1182 899 1180 899 1180 901 1168 911 1143 902 1142 902 1140 902 1099 911 1085 901 1084 901 1082 901 1023 901 1021 901 892 902 890 902 841 916 764 904 762 904 761 904 737 914 719 907 718 907 716 907 633 919 635 957"/></Shape>
	    <String CONTENT="conſcientiæ. Vnde velle ab alio, &amp; mor¬"
                    HPOS="633"
                    VPOS="896"
                    WIDTH="1038"
                    HEIGHT="88"
                    WC="0.987870028385749"></String>
          </TextLine>

          
          
          <TextLine ID="eSc_line_7940da75"
                    TAGREFS="LT4119"
                    BASELINE="635 1029 1673 1017" 
                    HPOS="633"
                    VPOS="963"
                    WIDTH="1040"
                    HEIGHT="86">
            <Shape><Polygon POINTS="635 1029 635 1041 761 1049 762 1049 826 1048 828 1048 829 1048 841 1039 843 1039 844 1039 904 1045 905 1045 907 1045 908 1045 916 1038 917 1038 919 1038 962 1047 963 1047 965 1047 983 1038 1020 1047 1021 1047 1023 1047 1097 1036 1099 1036 1102 1036 1151 1045 1152 1045 1252 1036 1316 1042 1317 1042 1319 1042 1320 1042 1335 1033 1342 1033 1458 1041 1460 1041 1461 1041 1463 1041 1473 1032 1475 1030 1561 1030 1569 1030 1640 1039 1641 1039 1643 1039 1673 1029 1673 1017 1668 974 1586 974 1585 974 1543 963 1542 963 1540 963 1472 975 1470 975 1469 975 1429 965 1427 965 1426 965 1424 965 1423 965 1409 977 1390 966 1389 966 1387 966 1338 974 1310 966 1308 966 1307 966 1305 966 1282 978 1280 980 1212 980 1188 980 1164 968 1163 968 1161 968 1160 968 1158 968 1145 980 1143 980 1142 980 1055 969 1054 969 1052 969 1009 981 1008 981 1006 981 913 971 911 971 910 971 887 981 877 972 875 972 874 972 807 972 806 972 804 972 803 972 791 981 779 972 777 972 776 972 774 972 773 972 771 972 754 984 697 974 696 974 633 986 635 1029"/></Shape>
	    <String CONTENT="tali quidem homine, leges inflectendæ, &amp;"
                    HPOS="633"
                    VPOS="963"
                    WIDTH="1040"
                    HEIGHT="86"
                    WC="0.975059585273266"></String>
          </TextLine>

          
          
          <TextLine ID="eSc_line_edbcfbd4"
                    TAGREFS="LT4119"
                    BASELINE="633 1094 1673 1084" 
                    HPOS="632"
                    VPOS="1033"
                    WIDTH="1041"
                    HEIGHT="85">
            <Shape><Polygon POINTS="633 1094 633 1106 718 1118 719 1118 780 1106 782 1106 783 1106 861 1116 862 1116 864 1116 865 1116 865 1115 877 1106 1048 1113 1049 1113 1051 1113 1082 1103 1085 1103 1096 1103 1221 1113 1222 1113 1224 1113 1258 1103 1395 1110 1396 1110 1398 1110 1423 1102 1426 1100 1429 1102 1457 1110 1458 1110 1460 1112 1524 1112 1524 1110 1591 1102 1637 1109 1638 1109 1640 1109 1673 1099 1673 1084 1670 1044 1405 1033 1403 1033 1402 1033 1400 1033 1389 1044 1337 1047 1328 1047 1307 1036 1305 1036 1238 1035 1237 1035 1235 1035 1234 1035 1212 1048 1210 1049 1174 1049 1163 1048 1076 1036 1075 1036 996 1051 991 1051 987 1051 925 1038 923 1038 922 1038 883 1052 880 1052 877 1052 844 1042 843 1042 841 1042 840 1042 813 1052 812 1054 632 1054 633 1094"/></Shape>
	    <String CONTENT="conuertendæ noſtræ cõſcientiæ propter"
                    HPOS="632"
                    VPOS="1033"
                    WIDTH="1041"
                    HEIGHT="85"
                    WC="0.984637767076492"></String>
          </TextLine>

          
          
          <TextLine ID="eSc_line_2e8fcacf"
                    TAGREFS="LT4119"
                    BASELINE="635 1164 1670 1154" 
                    HPOS="633"
                    VPOS="1099"
                    WIDTH="1037"
                    HEIGHT="81">
            <Shape><Polygon POINTS="635 1164 635 1180 1668 1173 1670 1154 1667 1110 1582 1099 1580 1099 1579 1099 1577 1099 1563 1109 1502 1100 1500 1100 1499 1100 1478 1112 1424 1112 1398 1102 1396 1102 1395 1102 1393 1102 1365 1112 1290 1102 1289 1102 1287 1102 1262 1112 1235 1102 1234 1102 1232 1102 1180 1103 1179 1103 1177 1103 1177 1105 1165 1115 1063 1115 1042 1105 1041 1105 944 1105 942 1105 941 1105 905 1116 804 1106 803 1106 801 1106 777 1118 648 1109 646 1109 645 1109 643 1109 633 1116 635 1164"/></Shape>
	    <String CONTENT="Dei verbum habere, eſt hallucinari velle,"
                    HPOS="633"
                    VPOS="1099"
                    WIDTH="1037"
                    HEIGHT="81"
                    WC="0.968189732330601"></String>
          </TextLine>

          
          
          <TextLine ID="eSc_line_d8c62dd5"
                    TAGREFS="LT4119"
                    BASELINE="635 1232 1674 1219" 
                    HPOS="633"
                    VPOS="1167"
                    WIDTH="1041"
                    HEIGHT="86">
            <Shape><Polygon POINTS="635 1232 635 1249 852 1253 853 1253 892 1246 908 1243 911 1246 919 1252 920 1252 922 1252 923 1253 971 1253 971 1252 972 1252 974 1252 983 1244 987 1241 1052 1243 1191 1249 1192 1249 1194 1249 1212 1241 1219 1238 1249 1241 1322 1247 1323 1247 1359 1240 1369 1237 1380 1238 1408 1246 1409 1246 1411 1246 1412 1246 1436 1238 1447 1235 1475 1237 1555 1244 1557 1244 1594 1235 1604 1234 1671 1234 1674 1219 1670 1168 1618 1176 1604 1170 1598 1167 1597 1167 1595 1167 1497 1170 1484 1171 1439 1180 1371 1174 1344 1173 1342 1173 1341 1173 1335 1176 1322 1182 1271 1177 1212 1171 1210 1171 1209 1171 1194 1179 1183 1185 1094 1185 1067 1182 1011 1174 1009 1174 1008 1174 980 1183 971 1188 748 1189 746 1189 725 1179 724 1179 676 1179 675 1179 673 1179 633 1191 635 1232"/></Shape>
	    <String CONTENT="eſt operam perdere, eſt ſummam iniuriã"
                    HPOS="633"
                    VPOS="1167"
                    WIDTH="1041"
                    HEIGHT="86"
                    WC="0.979720662801694"></String>
          </TextLine>

          
          
          <TextLine ID="eSc_line_2e19a215"
                    TAGREFS="LT4119"
                    BASELINE="635 1305 974 1295 1668 1287" 
                    HPOS="633"
                    VPOS="1234"
                    WIDTH="1035"
                    HEIGHT="89">
            <Shape><Polygon POINTS="635 1305 635 1323 838 1323 838 1322 840 1322 849 1317 862 1311 892 1316 916 1320 917 1320 919 1320 929 1316 941 1308 1044 1308 1091 1311 1143 1316 1145 1316 1146 1316 1148 1316 1155 1310 1158 1308 1161 1310 1165 1314 1167 1314 1168 1314 1170 1316 1241 1316 1241 1314 1243 1314 1258 1308 1265 1305 1287 1307 1340 1313 1341 1313 1430 1304 1451 1302 1460 1304 1503 1311 1505 1313 1554 1313 1554 1311 1555 1311 1557 1311 1572 1302 1625 1310 1627 1310 1628 1310 1668 1298 1668 1287 1664 1246 1563 1246 1560 1246 1525 1234 1524 1234 1522 1234 1461 1246 1447 1249 1433 1246 1384 1235 1383 1235 1381 1235 1354 1247 1345 1250 1305 1247 1252 1243 1250 1243 1249 1243 1247 1243 1247 1244 1243 1247 1238 1253 1148 1253 1139 1249 1121 1240 1119 1240 1052 1240 1051 1240 1049 1240 1032 1249 1020 1256 948 1256 939 1249 932 1243 931 1243 929 1243 844 1243 843 1243 841 1243 828 1250 813 1258 798 1250 785 1244 783 1244 782 1244 780 1244 779 1244 771 1250 759 1259 734 1259 715 1250 707 1247 706 1247 704 1247 633 1250 635 1305"/></Shape>
	    <String CONTENT="Deo (qui ſibi vni hoc totum ius reſerua¬"
                    HPOS="633"
                    VPOS="1234"
                    WIDTH="1035"
                    HEIGHT="89"
                    WC="0.956831020116806"></String>
          </TextLine>

          
          
          <TextLine ID="eSc_line_0598577f"
                    TAGREFS="LT4119"
                    BASELINE="633 1369 1670 1356" 
                    HPOS="632"
                    VPOS="1304"
                    WIDTH="1038"
                    HEIGHT="92">
            <Shape><Polygon POINTS="633 1369 633 1389 675 1384 682 1390 688 1395 690 1395 691 1395 693 1396 746 1396 746 1395 748 1395 749 1395 758 1389 764 1384 780 1389 800 1393 801 1393 803 1393 804 1393 806 1393 806 1392 812 1387 817 1383 905 1386 956 1387 957 1387 959 1387 966 1384 978 1380 984 1384 987 1387 989 1387 990 1387 991 1387 1014 1384 1038 1380 1047 1383 1058 1389 1060 1389 1061 1389 1093 1383 1112 1378 1127 1381 1154 1389 1155 1389 1157 1389 1232 1380 1237 1380 1240 1380 1276 1387 1277 1387 1279 1387 1280 1387 1293 1378 1295 1377 1296 1378 1307 1387 1308 1387 1310 1387 1311 1387 1313 1387 1314 1387 1326 1378 1329 1377 1341 1378 1415 1386 1417 1386 1418 1386 1444 1375 1448 1374 1451 1375 1461 1384 1463 1384 1464 1384 1466 1384 1467 1384 1485 1377 1552 1384 1554 1384 1670 1371 1670 1356 1662 1308 1649 1316 1472 1313 1408 1311 1406 1311 1392 1314 1365 1319 1351 1314 1320 1304 1319 1304 1317 1304 1316 1304 1292 1316 1287 1319 1283 1316 1276 1310 1274 1310 1273 1310 1271 1310 1237 1316 1206 1308 1204 1308 1203 1308 1201 1308 1174 1317 1167 1320 1164 1319 1157 1311 1155 1311 1154 1311 1152 1311 1084 1319 1052 1308 1051 1308 1049 1308 904 1310 902 1310 862 1325 858 1325 850 1325 765 1311 764 1311 632 1328 633 1369"/></Shape>
	    <String CONTENT="uit )inferre. Poſſunt igitur Reges, regúm¬"
                    HPOS="632"
                    VPOS="1304"
                    WIDTH="1038"
                    HEIGHT="92"></String>
          </TextLine>

          
          
          <TextLine ID="eSc_line_573e4472"
                    TAGREFS="LT4119"
                    BASELINE="636 1439 1671 1423" 
                    HPOS="635"
                    VPOS="1374"
                    WIDTH="1036"
                    HEIGHT="92">
            <Shape><Polygon POINTS="636 1439 636 1454 678 1466 679 1466 681 1466 682 1466 725 1453 730 1453 739 1453 810 1460 812 1460 813 1460 815 1460 826 1451 871 1451 1045 1448 1047 1448 1066 1460 1067 1460 1069 1460 1070 1461 1106 1461 1106 1460 1195 1451 1359 1454 1360 1454 1362 1454 1378 1447 1451 1454 1453 1454 1454 1454 1494 1441 1497 1441 1502 1441 1574 1453 1576 1453 1671 1438 1671 1423 1668 1386 1591 1375 1589 1375 1545 1386 1522 1374 1521 1374 1519 1374 1518 1374 1516 1374 1502 1387 1398 1387 1363 1375 1362 1375 1360 1375 1359 1375 1328 1389 1295 1375 1293 1375 1292 1375 1221 1377 1219 1377 1186 1392 1106 1378 1105 1378 1055 1380 1054 1380 1029 1392 996 1381 994 1381 993 1381 944 1389 933 1381 932 1381 931 1381 929 1381 847 1383 846 1383 809 1397 685 1393 684 1393 635 1400 636 1439"/></Shape>
	    <String CONTENT="que conſiliarii, viri prudẽtes, leges de pu¬"
                    HPOS="635"
                    VPOS="1374"
                    WIDTH="1036"
                    HEIGHT="92"
                    WC="0.98767746951845"></String>
          </TextLine>

          
          
          <TextLine ID="eSc_line_fd606abf"
                    TAGREFS="LT4119"
                    BASELINE="633 1505 1668 1490" 
                    HPOS="632"
                    VPOS="1442"
                    WIDTH="1036"
                    HEIGHT="88">
            <Shape><Polygon POINTS="633 1505 633 1519 701 1530 703 1530 761 1521 823 1530 825 1530 883 1522 997 1527 999 1527 1054 1515 1252 1524 1253 1524 1255 1524 1256 1524 1271 1512 1341 1518 1342 1518 1472 1509 1496 1519 1497 1519 1499 1521 1563 1521 1563 1519 1668 1505 1668 1490 1665 1451 1528 1442 1527 1442 1525 1442 1505 1451 1500 1453 1493 1451 1458 1442 1457 1442 1456 1442 1454 1442 1424 1451 1412 1455 1107 1458 1088 1453 1078 1448 1076 1448 1075 1448 1073 1448 1072 1448 1072 1450 1067 1453 1061 1458 1049 1453 1044 1450 1042 1450 1041 1450 1039 1450 1032 1453 1011 1460 1002 1453 999 1450 997 1450 996 1450 966 1450 965 1450 942 1453 890 1460 875 1453 874 1453 873 1453 871 1453 870 1453 868 1453 853 1461 788 1454 786 1454 785 1454 783 1454 768 1463 632 1454 633 1505"/></Shape>
	    <String CONTENT="blica inter ipſos ciues pace tuenda dicta¬"
                    HPOS="632"
                    VPOS="1442"
                    WIDTH="1036"
                    HEIGHT="88"
                    WC="0.970389175982702"></String>
          </TextLine>

          
          
          <TextLine ID="eSc_line_9f2c9790"
                    TAGREFS="LT4119"
                    BASELINE="630 1576 1670 1561" 
                    HPOS="629"
                    VPOS="1513"
                    WIDTH="1041"
                    HEIGHT="84">
            <Shape><Polygon POINTS="630 1576 630 1597 942 1585 1395 1586 1396 1586 1564 1576 1574 1583 1576 1583 1577 1583 1579 1585 1668 1585 1670 1561 1667 1522 1632 1515 1631 1515 1522 1524 1512 1524 1508 1524 1458 1513 1457 1513 1399 1525 1396 1525 1395 1525 1372 1518 1371 1518 1369 1518 1368 1518 1366 1518 1354 1525 1314 1519 1313 1519 1265 1527 1262 1527 1244 1518 1243 1518 1146 1518 1145 1518 1143 1518 1122 1528 1119 1530 1109 1528 1042 1519 1041 1519 1039 1519 1003 1530 999 1531 997 1530 983 1521 981 1521 980 1521 978 1521 977 1521 936 1531 928 1534 791 1534 785 1533 764 1527 762 1527 761 1527 759 1527 740 1534 737 1534 733 1534 693 1525 691 1525 690 1525 688 1525 678 1534 678 1536 629 1536 630 1576"/></Shape>
	    <String CONTENT="re &amp; commentari: leges autem de con¬"
                    HPOS="629"
                    VPOS="1513"
                    WIDTH="1041"
                    HEIGHT="84"
                    WC="0.973266219099363"></String>
          </TextLine>

          
          
          <TextLine ID="eSc_line_cde775ad"
                    TAGREFS="LT4119"
                    BASELINE="630 1641 1668 1629" 
                    HPOS="629"
                    VPOS="1577"
                    WIDTH="1039"
                    HEIGHT="90">
            <Shape><Polygon POINTS="630 1641 630 1661 688 1656 697 1661 710 1667 712 1667 713 1667 715 1667 716 1667 716 1665 724 1659 728 1655 785 1655 801 1659 826 1665 828 1665 829 1665 831 1665 832 1665 841 1658 843 1656 849 1658 871 1664 873 1664 874 1664 923 1656 945 1653 957 1656 981 1662 983 1662 984 1662 986 1662 987 1662 997 1655 1000 1653 1018 1655 1064 1659 1066 1659 1067 1659 1078 1653 1082 1652 1097 1653 1154 1661 1155 1661 1207 1653 1249 1661 1250 1661 1389 1659 1390 1659 1392 1659 1403 1652 1536 1658 1537 1658 1539 1658 1577 1646 1577 1644 1668 1643 1668 1629 1665 1589 1539 1577 1537 1577 1536 1577 1534 1577 1521 1589 1503 1579 1502 1579 1415 1579 1414 1579 1412 1579 1411 1579 1398 1591 1396 1592 1323 1592 1323 1591 1280 1580 1279 1580 1277 1580 1224 1592 1221 1592 1212 1592 1018 1583 1017 1583 1015 1583 1014 1583 1000 1594 966 1586 965 1586 963 1586 936 1595 935 1595 932 1595 902 1585 901 1585 899 1585 898 1585 896 1585 881 1594 774 1586 773 1586 771 1586 770 1586 758 1597 757 1598 755 1597 748 1591 746 1591 745 1591 743 1591 742 1591 727 1597 724 1598 722 1597 713 1589 713 1588 712 1588 710 1588 709 1588 629 1597 630 1641"/></Shape>
	    <String CONTENT="ſcientię hominum regendę, aut inflecten¬"
                    HPOS="629"
                    VPOS="1577"
                    WIDTH="1039"
                    HEIGHT="90"></String>
          </TextLine>

          
          
          <TextLine ID="eSc_line_69e0ccda"
                    TAGREFS="LT4119"
                    BASELINE="632 1711 1671 1699" 
                    HPOS="630"
                    VPOS="1647"
                    WIDTH="1041"
                    HEIGHT="87">
            <Shape><Polygon POINTS="632 1711 632 1734 895 1725 1051 1731 1081 1731 1082 1731 1084 1731 1085 1731 1085 1729 1094 1723 1134 1729 1148 1731 1149 1731 1163 1729 1210 1722 1258 1728 1270 1729 1271 1729 1273 1729 1276 1728 1292 1720 1325 1728 1329 1728 1331 1728 1332 1728 1334 1728 1348 1720 1369 1728 1372 1728 1374 1728 1375 1728 1396 1726 1502 1719 1531 1725 1537 1726 1539 1726 1671 1723 1671 1699 1668 1652 1566 1647 1564 1647 1563 1647 1551 1653 1536 1661 1487 1655 1469 1653 1467 1653 1466 1653 1461 1655 1450 1662 1259 1664 1182 1662 1180 1661 1167 1652 1165 1652 1164 1652 1163 1652 1045 1661 1021 1653 1020 1653 1018 1653 1017 1653 984 1662 920 1655 919 1655 917 1655 916 1655 905 1665 831 1668 822 1668 817 1668 657 1658 655 1658 654 1658 630 1670 632 1711"/></Shape>
	    <String CONTENT="dæ ratione &amp; modo (præter eas, quæ Dei"
                    HPOS="630"
                    VPOS="1647"
                    WIDTH="1041"
                    HEIGHT="87"
                    WC="0.983279632894616"></String>
          </TextLine>

          
          
          <TextLine ID="eSc_line_2837c835"
                    TAGREFS="LT4119"
                    BASELINE="635 1778 1673 1768" 
                    HPOS="633"
                    VPOS="1716"
                    WIDTH="1040"
                    HEIGHT="86">
            <Shape><Polygon POINTS="635 1778 635 1790 655 1801 657 1801 658 1802 765 1802 765 1801 826 1799 828 1799 829 1799 847 1789 849 1787 858 1787 908 1795 910 1795 950 1787 957 1786 962 1787 990 1798 991 1798 993 1798 994 1798 996 1798 996 1796 1008 1786 1009 1786 1011 1786 1032 1792 1033 1792 1035 1792 1134 1784 1151 1784 1152 1784 1176 1796 1177 1796 1179 1798 1216 1798 1216 1796 1218 1796 1244 1784 1247 1783 1289 1783 1295 1783 1359 1795 1360 1795 1362 1795 1363 1795 1378 1783 1378 1781 1381 1783 1415 1793 1417 1793 1418 1795 1484 1795 1484 1793 1485 1793 1522 1781 1552 1792 1554 1792 1555 1793 1628 1793 1628 1792 1630 1792 1673 1778 1673 1768 1670 1723 1595 1716 1594 1716 1531 1725 1525 1725 1521 1725 1484 1717 1482 1717 1481 1717 1460 1726 1454 1729 1341 1729 1332 1728 1302 1719 1301 1719 1299 1719 1298 1719 1277 1728 1274 1729 1267 1728 1222 1720 1221 1720 1006 1728 975 1722 974 1722 972 1722 932 1732 871 1723 870 1723 782 1735 779 1735 776 1735 725 1725 724 1725 722 1725 721 1725 706 1737 633 1737 635 1778"/></Shape>
	    <String CONTENT="verbo præſcriptæ ſunt) nouas cogitare &amp;"
                    HPOS="633"
                    VPOS="1716"
                    WIDTH="1040"
                    HEIGHT="86"
                    WC="0.986851977996337"></String>
          </TextLine>

          
          
          <TextLine ID="eSc_line_befc05ee"
                    TAGREFS="LT4119"
                    BASELINE="630 1847 1671 1835" 
                    HPOS="629"
                    VPOS="1783"
                    WIDTH="1042"
                    HEIGHT="86">
            <Shape><Polygon POINTS="630 1847 630 1859 743 1869 745 1869 746 1869 785 1859 786 1859 981 1866 983 1866 1024 1856 1029 1856 1036 1856 1127 1864 1128 1864 1130 1864 1152 1854 1155 1854 1188 1854 1408 1862 1409 1862 1671 1850 1671 1835 1667 1793 1430 1795 1429 1795 1409 1783 1408 1783 1406 1783 1405 1783 1359 1784 1357 1784 1356 1784 1341 1796 1340 1796 1279 1784 1277 1784 1210 1786 1209 1786 1167 1798 1121 1787 1119 1787 1118 1787 1116 1787 1103 1796 1081 1787 1079 1787 1078 1787 1035 1796 993 1789 991 1789 990 1789 971 1798 887 1789 886 1789 884 1789 843 1801 825 1793 823 1793 822 1793 820 1793 819 1793 804 1802 803 1804 758 1804 755 1804 713 1792 712 1792 710 1792 709 1792 679 1804 678 1805 629 1805 630 1847"/></Shape>
	    <String CONTENT="comminiſci, denique de legitima eorum"
                    HPOS="629"
                    VPOS="1783"
                    WIDTH="1042"
                    HEIGHT="86"
                    WC="0.95810871188705"></String>
          </TextLine>

          
          
          <TextLine ID="eSc_line_ed6fcca9"
                    TAGREFS="LT4119"
                    BASELINE="633 1915 1671 1902" 
                    HPOS="632"
                    VPOS="1848"
                    WIDTH="1039"
                    HEIGHT="89">
            <Shape><Polygon POINTS="633 1915 633 1936 706 1937 707 1937 709 1937 719 1934 749 1927 853 1931 887 1933 889 1933 890 1933 892 1933 893 1931 901 1925 948 1930 1002 1934 1003 1934 1070 1927 1115 1922 1137 1925 1185 1933 1186 1933 1241 1924 1243 1924 1322 1931 1323 1931 1325 1931 1350 1921 1354 1920 1366 1921 1436 1930 1438 1930 1494 1918 1506 1927 1506 1928 1508 1928 1509 1928 1511 1930 1552 1930 1552 1928 1554 1928 1555 1928 1555 1927 1567 1917 1589 1917 1625 1917 1635 1924 1637 1924 1638 1924 1640 1924 1641 1924 1671 1914 1671 1902 1670 1860 1658 1850 1658 1848 1656 1848 1655 1848 1653 1848 1592 1859 1566 1848 1564 1848 1563 1848 1561 1848 1560 1848 1542 1860 1485 1850 1484 1850 1482 1850 1438 1862 1256 1853 1255 1853 1253 1853 1252 1853 1252 1854 1240 1864 1207 1864 1125 1854 1124 1854 1122 1854 1091 1866 1061 1856 1060 1856 1003 1856 1002 1856 1000 1856 975 1867 862 1857 861 1857 859 1857 858 1857 847 1866 810 1859 809 1859 807 1859 806 1859 789 1869 712 1863 710 1863 632 1872 633 1915"/></Shape>
	    <String CONTENT="qui eccleſiam (id eſt domũ, Dei nõ ipſorũ"
                    HPOS="632"
                    VPOS="1848"
                    WIDTH="1039"
                    HEIGHT="89"
                    WC="0.977984104644169"></String>
          </TextLine>

          
          
          <TextLine ID="eSc_line_1fc5a38c"
                    TAGREFS="LT4119"
                    BASELINE="630 1985 1066 1975 1674 1975" 
                    HPOS="629"
                    VPOS="1921"
                    WIDTH="1045"
                    HEIGHT="83">
            <Shape><Polygon POINTS="630 1985 630 2003 865 2004 867 2004 868 2004 880 2000 895 1992 974 1998 1011 2000 1012 2000 1014 2000 1020 1997 1032 1991 1052 1997 1067 2000 1069 2000 1070 2000 1072 2000 1082 1995 1094 1991 1100 1995 1110 2003 1112 2003 1113 2003 1115 2003 1116 2003 1118 2003 1127 1995 1134 1991 1158 1994 1177 1997 1179 1997 1180 1997 1182 1997 1186 1994 1194 1989 1207 1994 1229 2001 1231 2001 1232 2001 1234 2001 1235 2001 1249 1992 1256 1989 1319 1992 1506 2000 1508 2000 1509 2000 1511 2000 1530 1988 1534 1988 1585 1995 1586 1995 1588 1995 1589 1995 1603 1986 1606 1986 1674 1986 1674 1975 1673 1930 1652 1922 1650 1922 1649 1922 1647 1922 1625 1930 1610 1921 1609 1921 1607 1921 1606 1921 1506 1931 1493 1931 1457 1931 1264 1924 1262 1924 1261 1924 1241 1930 1231 1933 1170 1930 1070 1925 1069 1925 1036 1930 994 1936 931 1930 896 1927 895 1927 893 1927 892 1927 889 1930 878 1936 815 1930 812 1930 810 1930 809 1930 807 1930 807 1931 806 1931 801 1939 682 1939 629 1930 630 1985"/></Shape>
	    <String CONTENT="Regum gubernant) vocatione pręter Dei."
                    HPOS="629"
                    VPOS="1921"
                    WIDTH="1045"
                    HEIGHT="83"></String>
          </TextLine>

          
          
          <TextLine ID="eSc_line_5418e546"
                    TAGREFS="LT4119"
                    BASELINE="632 2052 1671 2038" 
                    HPOS="630"
                    VPOS="1986"
                    WIDTH="1041"
                    HEIGHT="91">
            <Shape><Polygon POINTS="632 2052 632 2070 663 2065 675 2071 684 2076 685 2076 687 2077 745 2077 745 2076 746 2076 748 2076 748 2074 754 2070 759 2064 771 2070 779 2073 780 2073 782 2073 783 2073 794 2070 810 2064 825 2068 837 2073 838 2073 840 2073 841 2073 850 2068 864 2061 977 2061 1018 2065 1042 2068 1044 2068 1075 2065 1122 2059 1158 2064 1206 2070 1207 2070 1209 2070 1225 2062 1237 2058 1250 2062 1268 2068 1270 2068 1271 2068 1405 2067 1406 2067 1432 2059 1442 2056 1450 2059 1464 2065 1466 2065 1467 2065 1469 2065 1470 2065 1479 2059 1484 2056 1671 2056 1671 2038 1668 1998 1603 1986 1601 1986 1600 1986 1598 1986 1598 1988 1586 1998 1564 1998 1551 2000 1392 2000 1390 2000 1350 1989 1348 1989 1347 1989 1345 1989 1322 2001 1320 2001 1296 2001 1096 1992 1094 1992 1093 1992 1091 1992 1082 2000 994 1994 993 1994 991 1994 974 2004 969 2006 945 2004 861 1995 859 1995 858 1995 856 1995 841 2004 835 2009 794 2009 789 2006 777 1997 776 1997 774 1997 773 1997 734 2006 721 2009 715 2006 706 2000 704 2000 703 2000 701 2000 700 2000 699 2000 688 2006 684 2009 676 2006 661 2001 660 2001 658 2001 630 2006 632 2052"/></Shape>
	    <String CONTENT="i. ipſius Domini domus voluntatem le¬"
                    HPOS="630"
                    VPOS="1986"
                    WIDTH="1041"
                    HEIGHT="91"
                    WC="0.986068889901445"></String>
          </TextLine>

          
          
          <TextLine ID="eSc_line_31c8fa4f"
                    TAGREFS="LT4119"
                    BASELINE="636 2120 1671 2108" 
                    HPOS="635"
                    VPOS="2056"
                    WIDTH="1036"
                    HEIGHT="101">
            <Shape><Polygon POINTS="636 2120 636 2156 727 2149 739 2154 742 2157 743 2157 745 2157 746 2157 832 2156 834 2156 847 2152 895 2138 978 2149 996 2150 997 2150 999 2150 1005 2147 1026 2137 1042 2147 1052 2153 1054 2153 1055 2153 1057 2154 1096 2154 1096 2153 1097 2153 1099 2153 1110 2144 1124 2137 1137 2143 1139 2143 1140 2143 1142 2143 1143 2143 1155 2135 1247 2135 1262 2140 1279 2146 1280 2146 1282 2146 1283 2146 1308 2140 1311 2138 1314 2138 1340 2147 1341 2147 1342 2147 1344 2147 1366 2140 1408 2150 1409 2150 1411 2150 1412 2150 1453 2135 1460 2132 1469 2134 1528 2149 1530 2149 1572 2143 1573 2143 1574 2143 1588 2131 1589 2129 1671 2128 1671 2108 1668 2068 1600 2056 1598 2056 1597 2056 1595 2056 1580 2068 1524 2068 1491 2058 1490 2058 1488 2058 1487 2058 1451 2068 1415 2058 1414 2058 1412 2058 1411 2058 1372 2070 1302 2059 1301 2059 1299 2059 1276 2071 1060 2062 1058 2062 1057 2062 1018 2073 951 2064 950 2064 948 2064 923 2074 898 2064 896 2064 895 2064 893 2064 859 2076 771 2065 770 2065 768 2065 733 2079 635 2079 636 2120"/></Shape>
	    <String CONTENT="ges inquam &amp; regulas condere &amp; ſancire"
                    HPOS="635"
                    VPOS="2056"
                    WIDTH="1036"
                    HEIGHT="101"
                    WC="0.987200136247434"></String>
          </TextLine>

          
        </TextBlock>
        
        <TextBlock HPOS="1525.9652099609375"
                   VPOS="2140.035888671875"
                   WIDTH="153.0252685546875"
                   HEIGHT="55.646240234375"
                   ID="block_0"
                   TAGREFS="BT10534">
          <Shape><Polygon POINTS="1525.97 2140.04 1678.99 2140.04 1678.99 2195.68 1525.97 2195.68 1525.97 2140.04"/></Shape>
          
          
          <TextLine ID="eSc_line_55fad4e3"
                    TAGREFS="LT4119"
                    BASELINE="1533 2178 1671 2175" 
                    HPOS="1531"
                    VPOS="2128"
                    WIDTH="140"
                    HEIGHT="89">
            <Shape><Polygon POINTS="1533 2178 1533 2210 1600 2217 1601 2217 1671 2208 1671 2175 1667 2128 1531 2140 1533 2178"/></Shape>
	    <String CONTENT="certè"
                    HPOS="1531"
                    VPOS="2128"
                    WIDTH="140"
                    HEIGHT="89"
                    WC="0.991780996322632"></String>
          </TextLine>

          
        </TextBlock>
        

        
      </PrintSpace>
    </Page>
  </Layout>
</alto>
