<?xml version="1.0" encoding="UTF-8"?>
<alto xmlns:xsi="http://www.w3.org/2001/XMLSchema-instance"
      xmlns="http://www.loc.gov/standards/alto/ns-v4#"
      xsi:schemaLocation="http://www.loc.gov/standards/alto/ns-v4# http://www.loc.gov/standards/alto/v4/alto-4-2.xsd">
  <Description>
    <MeasurementUnit>pixel</MeasurementUnit>
    <sourceImageInformation>
      <fileName>2012907.png</fileName>
      
    </sourceImageInformation>
  </Description>
  
  <Tags>
    <OtherTag ID="BT10544" LABEL="text" DESCRIPTION="block type text"/><OtherTag ID="BT10543" LABEL="NumberingZone" DESCRIPTION="block type NumberingZone"/><OtherTag ID="BT10542" LABEL="MainZone" DESCRIPTION="block type MainZone"/><OtherTag ID="BT10538" LABEL="RunningTitleZone" DESCRIPTION="block type RunningTitleZone"/><OtherTag ID="BT10537" LABEL="DropCapitalZone" DESCRIPTION="block type DropCapitalZone"/><OtherTag ID="BT10536" LABEL="GraphicZone" DESCRIPTION="block type GraphicZone"/><OtherTag ID="BT10535" LABEL="TitlePageZone" DESCRIPTION="block type TitlePageZone"/><OtherTag ID="BT10534" LABEL="QuireMarksZone" DESCRIPTION="block type QuireMarksZone"/><OtherTag ID="BT10533" LABEL="MarginTextZone" DESCRIPTION="block type MarginTextZone"/>
    <OtherTag ID="LT4122" LABEL="default" DESCRIPTION="line type default"/><OtherTag ID="LT4119" LABEL="DefaultLine" DESCRIPTION="line type DefaultLine"/><OtherTag ID="LT4118" LABEL="HeadingLine" DESCRIPTION="line type HeadingLine"/><OtherTag ID="LT4117" LABEL="CustomLine : BiblicalText" DESCRIPTION="line type CustomLine : BiblicalText"/>
  </Tags>
  
  <Layout>
    <Page WIDTH="1807"
          HEIGHT="2677"
          PHYSICAL_IMG_NR="23"
          ID="eSc_dummypage_">
      <PrintSpace HPOS="0"
                  VPOS="0"
                  WIDTH="1807"
                  HEIGHT="2677">
        
        <TextBlock HPOS="457.1820068359375"
                   VPOS="215.24928283691406"
                   WIDTH="472.910400390625"
                   HEIGHT="59.09806823730469"
                   ID="block_0"
                   TAGREFS="BT10538">
          <Shape><Polygon POINTS="457.182 215.249 930.092 215.249 930.092 274.347 457.182 274.347 457.182 215.249"/></Shape>
          
          
          <TextLine ID="eSc_line_8e81d338"
                    TAGREFS="LT4118"
                    BASELINE="471 258 917 255" 
                    HPOS="469"
                    VPOS="217"
                    WIDTH="448"
                    HEIGHT="64">
            <Shape><Polygon POINTS="886 218 871 218 856 218 846 218 840 220 835 218 826 218 812 218 797 218 794 217 789 220 788 220 754 217 752 217 737 217 722 217 707 217 693 217 688 220 687 220 469 220 471 258 471 278 517 272 533 279 539 281 541 281 542 281 554 279 585 272 636 279 652 281 654 281 655 281 661 279 682 272 694 279 696 279 697 279 699 279 700 279 701 279 725 270 737 279 739 279 740 279 742 279 743 279 776 270 795 279 797 279 798 281 916 281 917 255 911 233 901 224"/></Shape>
	    <String CONTENT="EPISTOLA."
                    HPOS="469"
                    VPOS="217"
                    WIDTH="448"
                    HEIGHT="64"
                    WC="0.999585913287269"></String>
          </TextLine>

          
        </TextBlock>
        
        <TextBlock HPOS="141.9715576171875"
                   VPOS="277.601318359375"
                   WIDTH="1074.661376953125"
                   HEIGHT="1917.98291015625"
                   ID="block_1"
                   TAGREFS="BT10542">
          <Shape><Polygon POINTS="141.972 277.601 1216.63 277.601 1216.63 2195.58 141.972 2195.58 141.972 277.601"/></Shape>
          
          
          <TextLine ID="eSc_line_11a3aafd"
                    TAGREFS="LT4119"
                    BASELINE="162 322 1210 327" 
                    HPOS="162"
                    VPOS="270"
                    WIDTH="1048"
                    HEIGHT="86">
            <Shape><Polygon POINTS="1203 284 1177 278 1171 278 1157 278 1142 278 1100 284 1096 284 1091 284 1054 275 1052 275 1039 275 1015 282 1011 285 925 285 919 282 908 275 907 275 905 275 904 275 902 275 877 281 867 284 862 281 849 272 847 272 846 272 777 272 776 272 774 272 773 272 773 273 764 281 761 284 588 284 581 278 571 272 569 272 568 272 401 270 400 270 398 270 386 276 376 281 364 276 348 270 346 270 345 270 162 273 162 322 162 342 422 342 426 342 498 352 499 352 551 343 565 353 566 353 568 353 569 355 722 355 722 353 724 353 725 353 739 343 745 343 773 343 788 353 789 353 791 353 792 353 794 353 815 345 861 355 862 356 929 356 929 355 931 355 932 355 947 345 971 345 984 355 986 355 987 355 989 356 1036 356 1036 355 1038 355 1058 345 1073 355 1075 355 1076 355 1078 356 1173 356 1173 355 1174 355 1209 343 1210 327 1209 287 1203 284"/></Shape>
	    <String CONTENT="Iniuriis contra leges patrias, morémque"
                    HPOS="162"
                    VPOS="270"
                    WIDTH="1048"
                    HEIGHT="86"
                    WC="0.980071659386158"></String>
          </TextLine>

          
          
          <TextLine ID="eSc_line_e14f9649"
                    TAGREFS="LT4119"
                    BASELINE="157 389 1207 394" 
                    HPOS="156"
                    VPOS="336"
                    WIDTH="1051"
                    HEIGHT="89">
            <Shape><Polygon POINTS="157 389 156 408 1204 425 1207 394 1206 350 1140 343 1139 343 1137 343 1119 349 1112 350 1096 348 1045 340 1044 340 1012 348 997 350 980 346 951 340 950 340 948 340 935 346 926 350 917 346 908 342 907 342 905 342 904 342 895 346 884 350 813 345 779 342 777 342 761 343 725 349 697 343 678 339 676 339 675 339 667 342 654 350 560 350 542 340 538 339 536 339 535 339 523 340 484 348 472 340 471 337 469 337 468 337 431 337 429 337 428 337 426 337 425 339 411 349 297 349 285 339 285 337 284 337 282 337 157 336 157 389"/></Shape>
	    <String CONTENT="maiorum illatis tandiu ſunt defenſæ: de¬"
                    HPOS="156"
                    VPOS="336"
                    WIDTH="1051"
                    HEIGHT="89"></String>
          </TextLine>

          
          
          <TextLine ID="eSc_line_8178f604"
                    TAGREFS="LT4119"
                    BASELINE="160 462 1212 462" 
                    HPOS="160"
                    VPOS="417"
                    WIDTH="1052"
                    HEIGHT="70">
            <Shape><Polygon POINTS="160 475 220 475 245 487 275 487 290 475 321 484 339 475 478 475 492 484 520 475 581 487 675 477 740 487 1064 487 1078 475 1212 475 1212 462 1212 429 928 429 908 417 883 429 804 429 789 417 709 417 663 429 648 417 548 417 527 429 443 429 358 417 298 429 269 417 245 429 217 419 202 429 160 429 160 462"/></Shape>
	    <String CONTENT="nique cùm tua ſit hodie in orbe terrarum"
                    HPOS="160"
                    VPOS="417"
                    WIDTH="1052"
                    HEIGHT="70"
                    WC="0.985513220473034"></String>
          </TextLine>

          
          
          <TextLine ID="eSc_line_37fe05c8"
                    TAGREFS="LT4119"
                    BASELINE="153 529 1212 529" 
                    HPOS="153"
                    VPOS="480"
                    WIDTH="1059"
                    HEIGHT="83">
            <Shape><Polygon POINTS="153 529 153 562 236 550 474 550 496 559 502 562 504 562 505 562 507 562 508 562 511 559 527 550 551 559 553 559 554 559 557 559 629 550 712 557 759 562 761 563 1005 563 1005 562 1006 562 1024 554 1039 550 1052 554 1073 562 1075 562 1076 563 1179 563 1179 562 1180 562 1212 553 1212 529 1210 481 922 489 911 483 907 480 905 480 904 480 859 480 858 480 856 480 855 480 850 484 844 490 734 490 722 484 709 480 707 480 706 480 704 480 694 484 687 489 682 486 676 480 675 480 673 480 553 480 551 480 520 486 508 489 490 487 440 480 438 480 437 480 422 487 417 490 370 490 368 487 361 481 359 481 358 481 356 481 355 481 336 487 279 480 278 480 276 480 243 489 233 480 232 480 230 480 196 480 194 480 153 489 153 529"/></Shape>
	    <String CONTENT="gloria, tantáque rerum pro Dei gloria aſ¬"
                    HPOS="153"
                    VPOS="480"
                    WIDTH="1059"
                    HEIGHT="83"></String>
          </TextLine>

          
          
          <TextLine ID="eSc_line_34de9591"
                    TAGREFS="LT4119"
                    BASELINE="153 596 1210 599" 
                    HPOS="151"
                    VPOS="547"
                    WIDTH="1059"
                    HEIGHT="82">
            <Shape><Polygon POINTS="153 596 151 614 211 624 212 624 214 624 234 617 345 617 358 626 359 626 361 626 362 627 440 627 440 626 441 626 459 617 569 626 571 626 572 626 608 617 618 626 620 626 621 626 623 626 700 620 716 627 718 627 719 629 936 629 936 627 938 627 957 618 994 627 996 627 997 629 1047 629 1047 627 1048 627 1049 627 1064 618 1158 627 1160 627 1209 617 1210 599 1209 560 1076 560 1075 559 1066 550 1064 550 1063 550 1061 550 1035 556 1026 548 1024 548 1023 548 1021 548 978 559 972 559 947 559 817 551 816 551 815 551 813 551 806 557 801 560 728 560 716 557 670 547 669 547 565 554 532 547 530 547 529 547 527 547 526 547 514 556 511 557 502 556 464 547 462 547 404 554 385 557 371 554 334 547 333 547 153 553 153 596"/></Shape>
	    <String CONTENT="ſerenda geſtarum laus, vt parem tibi tám¬"
                    HPOS="151"
                    VPOS="547"
                    WIDTH="1059"
                    HEIGHT="82"></String>
          </TextLine>

          
          
          <TextLine ID="eSc_line_1861c86f"
                    TAGREFS="LT4119"
                    BASELINE="159 664 1209 667" 
                    HPOS="157"
                    VPOS="615"
                    WIDTH="1052"
                    HEIGHT="83">
            <Shape><Polygon POINTS="159 664 157 682 185 696 187 696 188 696 252 685 327 685 346 694 348 694 349 694 350 694 352 694 367 685 553 685 624 696 626 696 627 696 661 685 699 697 700 697 701 698 813 698 813 697 815 697 834 687 896 697 898 698 1026 698 1026 697 1027 697 1041 690 1051 697 1052 697 1054 697 1055 698 1143 698 1143 697 1207 685 1209 667 1207 626 959 617 957 617 956 617 938 624 936 626 765 626 762 624 754 617 752 617 751 617 749 617 696 624 688 624 685 624 675 615 673 615 672 615 670 615 669 615 638 623 560 615 559 615 486 623 483 623 478 623 417 615 416 615 382 623 377 623 371 623 300 615 298 615 159 621 159 664"/></Shape>
	    <String CONTENT="que conſtantem principem nulla adhuc"
                    HPOS="157"
                    VPOS="615"
                    WIDTH="1052"
                    HEIGHT="83"
                    WC="0.984266100658311"></String>
          </TextLine>

          
          
          <TextLine ID="eSc_line_e0f6322f"
                    TAGREFS="LT4119"
                    BASELINE="154 733 1206 731" 
                    HPOS="153"
                    VPOS="681"
                    WIDTH="1053"
                    HEIGHT="86">
            <Shape><Polygon POINTS="154 733 154 758 499 752 529 759 536 761 538 761 539 761 551 759 590 752 599 759 605 764 606 764 608 764 609 764 635 759 658 755 672 759 688 765 690 765 691 765 693 765 707 759 721 754 733 759 743 765 745 765 746 767 785 767 785 765 786 765 800 759 816 752 859 759 892 765 893 765 1204 759 1206 731 1204 694 1174 681 1173 681 1171 681 1170 681 1168 681 1151 693 1151 694 1066 694 1063 693 1047 684 1045 684 1044 684 1042 684 1041 684 1032 691 1030 694 993 694 987 691 960 684 959 684 957 684 956 684 954 684 944 691 939 694 880 694 875 690 865 681 864 681 862 681 826 681 825 681 823 681 792 690 777 693 761 688 727 681 725 681 724 681 707 688 697 693 673 688 646 682 645 682 643 682 630 687 615 693 609 687 602 681 600 681 599 681 541 681 539 681 538 681 536 681 529 687 522 691 395 693 383 684 380 681 379 681 377 681 343 681 342 681 316 684 245 693 232 682 230 681 229 681 227 681 226 681 224 681 220 682 206 688 153 682 154 733"/></Shape>
	    <String CONTENT="hominũ ætas viderit. Tu Prouinciam ti¬"
                    HPOS="153"
                    VPOS="681"
                    WIDTH="1053"
                    HEIGHT="86"
                    WC="0.98635435410035"></String>
          </TextLine>

          
          
          <TextLine ID="eSc_line_0aedf6a5"
                    TAGREFS="LT4119"
                    BASELINE="154 801 1224 797" 
                    HPOS="153"
                    VPOS="749"
                    WIDTH="1071"
                    HEIGHT="88">
            <Shape><Polygon POINTS="154 801 154 823 273 835 275 835 276 835 297 823 300 823 359 823 361 823 394 835 395 835 397 837 447 837 447 835 449 835 495 823 496 823 510 823 864 834 865 834 984 832 986 832 987 832 999 822 1002 820 1109 820 1112 822 1125 832 1127 832 1128 832 1130 834 1180 834 1180 832 1182 832 1183 832 1183 831 1195 822 1197 820 1221 820 1224 797 1219 765 771 765 757 759 736 749 734 749 733 749 626 751 624 751 623 751 615 756 614 758 608 756 571 749 569 749 568 749 566 749 556 756 539 767 519 767 480 755 461 751 459 751 458 751 410 755 342 761 328 754 325 751 324 751 322 751 321 751 300 754 248 761 218 752 212 751 211 751 209 751 153 751 154 801"/></Shape>
	    <String CONTENT="bi commiſſam ab Hiſpanorum ac extra¬"
                    HPOS="153"
                    VPOS="749"
                    WIDTH="1071"
                    HEIGHT="88"
                    WC="0.988737159305149"></String>
          </TextLine>

          
          
          <TextLine ID="eSc_line_1010edca"
                    TAGREFS="LT4119"
                    BASELINE="145 874 1210 871" 
                    HPOS="144"
                    VPOS="819"
                    WIDTH="1066"
                    HEIGHT="86">
            <Shape><Polygon POINTS="145 874 145 893 391 893 406 905 407 905 408 905 410 905 411 905 455 893 498 905 499 905 501 905 582 895 609 905 611 905 612 905 706 896 739 904 740 904 742 905 1168 905 1168 904 1170 904 1210 890 1210 871 1207 831 990 819 989 819 987 819 951 831 881 831 812 819 810 819 809 819 807 819 794 828 724 822 722 822 681 831 675 831 669 831 626 820 568 820 566 820 565 820 563 820 548 831 545 832 462 832 458 831 428 820 426 820 425 820 423 820 422 820 413 828 359 820 358 820 307 829 288 820 287 820 285 820 284 820 267 828 206 822 205 822 144 829 145 874"/></Shape>
	    <String CONTENT="neorum tyrannide eripuiſti, tu Belgium"
                    HPOS="144"
                    VPOS="819"
                    WIDTH="1066"
                    HEIGHT="86"
                    WC="0.99074333592465"></String>
          </TextLine>

          
          
          <TextLine ID="eSc_line_6d9edc04"
                    TAGREFS="LT4119"
                    BASELINE="153 941 1207 936" 
                    HPOS="151"
                    VPOS="887"
                    WIDTH="1056"
                    HEIGHT="88">
            <Shape><Polygon POINTS="153 941 154 975 187 962 398 962 408 971 410 971 411 971 413 971 416 971 455 963 490 969 502 971 504 971 505 971 510 969 526 960 599 960 614 968 624 972 626 972 627 972 716 965 730 965 737 965 800 972 801 972 803 972 804 972 813 963 815 963 816 963 853 971 855 971 898 962 901 962 902 962 923 971 925 971 926 971 959 963 968 971 969 971 971 971 972 972 1161 972 1161 971 1163 971 1207 956 1207 936 1204 899 1160 899 1160 898 1146 887 1145 887 1143 887 1142 887 1140 887 1139 887 1122 898 1121 899 1045 899 1044 898 1026 889 1024 889 1023 889 1021 889 987 898 984 898 975 898 887 890 886 890 804 896 768 899 759 896 734 887 733 887 731 887 691 896 676 899 660 896 636 892 635 892 594 896 562 899 556 896 547 887 545 887 544 887 542 887 541 887 513 896 493 901 401 899 397 895 389 889 388 889 386 889 385 889 151 893 153 941"/></Shape>
	    <String CONTENT="inteſtinis morbis profligatum ac iam de¬"
                    HPOS="151"
                    VPOS="887"
                    WIDTH="1056"
                    HEIGHT="88"
                    WC="0.977207462489605"></String>
          </TextLine>

          
          
          <TextLine ID="eSc_line_c3c32078"
                    TAGREFS="LT4119"
                    BASELINE="162 1009 1206 1003" 
                    HPOS="160"
                    VPOS="956"
                    WIDTH="1046"
                    HEIGHT="85">
            <Shape><Polygon POINTS="162 1009 162 1041 194 1041 194 1039 196 1039 197 1039 212 1027 284 1027 295 1038 297 1038 298 1038 300 1038 307 1038 389 1027 407 1036 411 1038 413 1038 414 1038 495 1036 496 1036 501 1035 519 1026 532 1033 538 1038 539 1038 541 1038 542 1039 606 1039 606 1038 608 1038 621 1032 638 1026 655 1032 675 1038 676 1038 678 1038 1204 1021 1206 1003 1204 966 1171 957 1170 957 1168 957 1167 957 1143 966 1137 968 1133 966 1100 956 1099 956 1097 956 1096 956 1061 966 1057 969 965 969 963 968 950 957 948 957 947 957 945 957 944 957 913 968 908 971 849 971 846 969 820 957 819 957 817 957 816 957 770 969 767 971 652 971 648 971 608 959 606 959 605 959 603 959 571 971 569 971 544 963 542 963 541 963 472 971 423 959 422 959 420 959 419 959 417 959 400 971 333 965 331 965 330 965 328 965 321 972 292 960 291 960 179 960 178 960 176 960 175 960 160 969 162 1009"/></Shape>
	    <String CONTENT="ploratum inexpectata ratione &amp; medici¬"
                    HPOS="160"
                    VPOS="956"
                    WIDTH="1046"
                    HEIGHT="85"></String>
          </TextLine>

          
          
          <TextLine ID="eSc_line_45462aa0"
                    TAGREFS="LT4119"
                    BASELINE="159 1073 1206 1073" 
                    HPOS="159"
                    VPOS="1027"
                    WIDTH="1047"
                    HEIGHT="73">
            <Shape><Polygon POINTS="159 1073 159 1088 425 1099 426 1099 428 1099 456 1090 557 1096 559 1096 606 1088 611 1088 614 1088 661 1099 663 1100 768 1100 768 1099 770 1099 795 1088 797 1088 904 1088 925 1099 926 1099 928 1100 987 1100 987 1099 1206 1087 1206 1073 1206 1038 1168 1027 1167 1027 1165 1027 1118 1038 1061 1027 1060 1027 975 1038 950 1027 948 1027 947 1027 896 1038 895 1038 893 1038 777 1027 776 1027 730 1038 728 1038 725 1038 657 1030 655 1030 608 1038 605 1038 591 1027 590 1027 588 1027 587 1027 585 1027 566 1038 565 1039 510 1039 508 1038 496 1027 495 1027 493 1027 492 1027 490 1027 464 1038 462 1038 459 1038 411 1027 410 1027 336 1038 328 1038 324 1038 281 1027 279 1027 236 1038 230 1038 159 1038 159 1073"/></Shape>
	    <String CONTENT="na ſanaſti, ac in iura maiorum priſtinúm¬"
                    HPOS="159"
                    VPOS="1027"
                    WIDTH="1047"
                    HEIGHT="73"></String>
          </TextLine>

          
          
          <TextLine ID="eSc_line_558f11d4"
                    TAGREFS="LT4119"
                    BASELINE="163 1142 1204 1145" 
                    HPOS="162"
                    VPOS="1087"
                    WIDTH="1042"
                    HEIGHT="80">
            <Shape><Polygon POINTS="163 1142 162 1158 174 1165 175 1165 176 1165 178 1165 267 1158 389 1165 391 1165 392 1165 419 1157 422 1157 501 1157 502 1157 511 1165 513 1165 514 1165 516 1167 577 1167 577 1165 652 1157 660 1157 663 1157 693 1167 694 1167 696 1167 875 1158 1116 1167 1118 1167 1203 1157 1204 1145 1204 1103 1158 1088 1157 1088 1072 1088 1070 1088 1069 1088 1067 1088 1052 1102 1002 1088 1000 1088 999 1088 997 1088 953 1102 951 1102 923 1091 922 1091 920 1091 919 1091 883 1102 881 1103 834 1103 832 1102 816 1091 815 1091 813 1091 812 1091 752 1102 748 1102 742 1102 682 1090 681 1090 679 1090 658 1100 530 1093 529 1093 478 1100 477 1100 475 1100 440 1088 438 1088 437 1088 435 1088 403 1099 367 1087 365 1087 284 1087 282 1087 281 1087 251 1099 220 1088 218 1088 217 1088 215 1088 214 1088 199 1100 196 1100 163 1100 163 1142"/></Shape>
	    <String CONTENT="que ſplendorem reſtituiſti. Tu hoſtibus"
                    HPOS="162"
                    VPOS="1087"
                    WIDTH="1042"
                    HEIGHT="80"
                    WC="0.970250982504625"></String>
          </TextLine>

          
          
          <TextLine ID="eSc_line_8dc6982c"
                    TAGREFS="LT4119"
                    BASELINE="159 1212 1200 1209" 
                    HPOS="157"
                    VPOS="1161"
                    WIDTH="1043"
                    HEIGHT="77">
            <Shape><Polygon POINTS="159 1212 159 1228 242 1226 248 1228 263 1234 264 1234 266 1234 312 1228 325 1226 328 1228 334 1234 336 1234 337 1234 450 1238 452 1238 453 1238 490 1226 495 1226 550 1226 554 1226 597 1238 599 1238 600 1238 658 1226 660 1226 679 1237 681 1237 682 1237 684 1237 715 1228 736 1237 737 1237 739 1238 899 1238 899 1237 901 1237 936 1225 938 1225 939 1225 984 1237 986 1237 987 1238 1048 1238 1048 1237 1049 1237 1051 1237 1060 1228 1076 1237 1078 1237 1079 1237 1131 1228 1160 1237 1161 1237 1163 1237 1164 1237 1200 1223 1200 1209 1197 1174 1157 1174 1155 1173 1136 1161 1134 1161 1133 1161 1131 1161 1130 1161 1100 1173 1099 1174 1024 1174 1017 1171 975 1161 974 1161 972 1161 971 1161 944 1171 938 1173 874 1173 870 1170 847 1161 846 1161 844 1161 743 1168 676 1174 626 1168 603 1165 602 1165 600 1165 591 1167 578 1171 572 1167 568 1163 566 1163 565 1163 563 1163 524 1167 462 1174 443 1165 434 1163 432 1163 398 1163 397 1163 395 1163 394 1163 391 1165 376 1174 290 1164 266 1163 264 1163 254 1164 206 1174 190 1164 188 1163 187 1163 185 1163 184 1163 157 1163 159 1212"/></Shape>
	    <String CONTENT="iò triumphum iam canent ibus fugam in¬"
                    HPOS="157"
                    VPOS="1161"
                    WIDTH="1043"
                    HEIGHT="77"></String>
          </TextLine>

          
          
          <TextLine ID="eSc_line_59ad9b04"
                    TAGREFS="LT4119"
                    BASELINE="157 1280 1204 1280" 
                    HPOS="157"
                    VPOS="1228"
                    WIDTH="1047"
                    HEIGHT="79">
            <Shape><Polygon POINTS="157 1280 157 1292 175 1301 176 1301 178 1301 379 1293 413 1302 414 1302 416 1302 417 1302 419 1302 432 1293 620 1293 632 1293 655 1305 657 1305 658 1305 733 1293 779 1305 780 1305 782 1305 868 1296 913 1305 914 1305 1066 1298 1079 1305 1081 1305 1082 1305 1084 1307 1185 1307 1185 1305 1186 1305 1188 1305 1204 1295 1204 1280 1204 1241 1102 1241 1100 1240 1072 1228 1070 1228 1069 1228 1009 1238 1008 1238 950 1228 948 1228 947 1228 926 1238 922 1241 846 1241 841 1237 832 1231 831 1231 829 1231 828 1231 826 1231 825 1231 816 1237 812 1241 734 1241 730 1237 719 1228 718 1228 716 1228 715 1228 623 1229 621 1229 608 1235 599 1240 590 1235 582 1232 581 1232 580 1232 578 1232 569 1235 554 1240 545 1235 535 1228 533 1228 532 1228 530 1228 478 1234 434 1240 413 1234 398 1229 397 1229 395 1229 394 1229 392 1229 386 1234 376 1240 336 1240 330 1232 324 1229 324 1228 322 1228 321 1228 319 1228 157 1231 157 1280"/></Shape>
	    <String CONTENT="ieciſti, &amp; victor ipſe triumphatórque"
                    HPOS="157"
                    VPOS="1228"
                    WIDTH="1047"
                    HEIGHT="79"></String>
          </TextLine>

          
          
          <TextLine ID="eSc_line_7a4f570d"
                    TAGREFS="LT4119"
                    BASELINE="159 1345 1203 1350" 
                    HPOS="159"
                    VPOS="1290"
                    WIDTH="1044"
                    HEIGHT="87">
            <Shape><Polygon POINTS="159 1345 159 1363 365 1362 385 1363 422 1369 423 1369 425 1369 444 1363 455 1362 495 1363 639 1374 641 1374 642 1374 663 1366 779 1371 780 1371 834 1363 844 1363 846 1363 868 1375 870 1375 871 1377 913 1377 913 1375 914 1375 916 1375 926 1366 1122 1375 1124 1375 1125 1375 1148 1365 1201 1365 1203 1350 1201 1307 1070 1307 1069 1305 1057 1295 1057 1293 1055 1293 1054 1293 1052 1293 923 1304 920 1304 919 1304 883 1293 881 1293 880 1293 878 1293 877 1293 861 1304 858 1305 855 1304 838 1298 837 1298 835 1298 752 1304 736 1304 733 1302 721 1295 719 1295 718 1295 716 1295 670 1302 669 1302 655 1292 654 1292 652 1292 651 1292 649 1292 617 1302 609 1305 517 1305 514 1302 501 1290 499 1290 498 1290 466 1290 465 1290 464 1290 462 1290 449 1301 446 1302 376 1301 358 1301 343 1290 342 1290 340 1290 339 1290 252 1298 175 1290 174 1290 172 1290 159 1296 159 1345"/></Shape>
	    <String CONTENT="Chriſti vexilla præferens rediiſti, Tu pie¬"
                    HPOS="159"
                    VPOS="1290"
                    WIDTH="1044"
                    HEIGHT="87"
                    WC="0.983101433099702"></String>
          </TextLine>

          
          
          <TextLine ID="eSc_line_68d98b5c"
                    TAGREFS="LT4119"
                    BASELINE="154 1414 1206 1417" 
                    HPOS="154"
                    VPOS="1363"
                    WIDTH="1052"
                    HEIGHT="81">
            <Shape><Polygon POINTS="154 1414 154 1438 220 1432 334 1438 407 1441 408 1441 410 1441 423 1436 440 1432 449 1436 455 1441 456 1441 458 1441 459 1441 571 1436 643 1433 657 1436 690 1442 691 1444 801 1444 801 1442 803 1442 819 1435 837 1442 838 1442 840 1442 895 1435 905 1433 922 1435 1014 1442 1015 1442 1017 1442 1018 1442 1027 1433 1029 1433 1064 1433 1066 1433 1084 1442 1085 1442 1087 1442 1204 1432 1206 1417 1206 1377 1142 1365 1140 1365 1082 1375 1081 1375 1079 1375 1008 1368 1006 1368 932 1375 928 1375 926 1375 911 1365 910 1365 908 1365 834 1365 832 1365 831 1365 829 1365 829 1366 819 1375 817 1377 733 1377 731 1375 719 1365 718 1365 716 1365 715 1365 713 1365 684 1372 666 1363 664 1363 663 1363 599 1374 587 1365 587 1363 585 1363 584 1363 582 1363 581 1363 547 1374 545 1375 382 1375 380 1374 368 1363 367 1363 365 1363 364 1363 154 1372 154 1414"/></Shape>
	    <String CONTENT="tatis aſſertor, tu Iuſtitiæ publicæque ſalu¬"
                    HPOS="154"
                    VPOS="1363"
                    WIDTH="1052"
                    HEIGHT="81"
                    WC="0.983921284025366"></String>
          </TextLine>

          
          
          <TextLine ID="eSc_line_de89b032"
                    TAGREFS="LT4119"
                    BASELINE="154 1481 1206 1484" 
                    HPOS="153"
                    VPOS="1433"
                    WIDTH="1053"
                    HEIGHT="76">
            <Shape><Polygon POINTS="154 1481 153 1496 309 1497 321 1506 322 1506 324 1506 325 1506 420 1499 626 1506 627 1506 664 1499 722 1508 724 1509 798 1509 798 1508 800 1508 801 1508 809 1500 834 1508 835 1508 837 1509 956 1509 956 1508 957 1508 959 1508 969 1500 991 1508 993 1508 994 1508 1035 1500 1134 1508 1136 1508 1204 1499 1206 1484 1204 1448 1087 1441 1085 1441 1039 1445 1005 1448 980 1444 942 1438 941 1438 939 1438 922 1444 905 1448 871 1442 856 1441 855 1441 853 1441 849 1442 837 1448 626 1448 612 1439 606 1435 605 1435 603 1435 535 1435 533 1435 532 1435 530 1435 530 1436 527 1438 519 1447 487 1438 478 1435 477 1435 434 1435 432 1435 431 1435 429 1435 428 1436 414 1448 379 1448 365 1436 365 1435 364 1435 362 1435 279 1435 278 1435 276 1435 232 1445 220 1436 218 1436 217 1436 154 1433 154 1481"/></Shape>
	    <String CONTENT="tis vindex fortiſſimus ore omnium mor¬"
                    HPOS="153"
                    VPOS="1433"
                    WIDTH="1053"
                    HEIGHT="76"
                    WC="0.992787778377533"></String>
          </TextLine>

          
          
          <TextLine ID="eSc_line_87305a1f"
                    TAGREFS="LT4119"
                    BASELINE="153 1551 1206 1555" 
                    HPOS="151"
                    VPOS="1499"
                    WIDTH="1055"
                    HEIGHT="80">
            <Shape><Polygon POINTS="153 1551 151 1566 237 1576 239 1576 502 1569 591 1577 593 1577 594 1577 627 1570 713 1577 715 1577 916 1571 936 1579 938 1579 939 1579 941 1579 965 1571 987 1579 989 1579 990 1579 991 1579 1018 1571 1029 1579 1030 1579 1032 1579 1033 1579 1204 1570 1206 1555 1204 1516 1133 1516 1133 1515 1105 1502 1103 1502 1102 1502 1039 1515 1036 1516 877 1516 875 1515 856 1500 855 1500 853 1500 761 1500 759 1500 758 1500 740 1509 718 1500 716 1500 645 1500 643 1500 530 1512 403 1499 401 1499 291 1512 288 1512 287 1512 270 1499 269 1499 267 1499 209 1499 208 1499 153 1511 153 1551"/></Shape>
	    <String CONTENT="talium celebraris, adeò quidemi, vt qui tã¬"
                    HPOS="151"
                    VPOS="1499"
                    WIDTH="1055"
                    HEIGHT="80"
                    WC="0.974517397085826"></String>
          </TextLine>

          
          
          <TextLine ID="eSc_line_3e29e314"
                    TAGREFS="LT4119"
                    BASELINE="147 1618 1207 1621" 
                    HPOS="147"
                    VPOS="1567"
                    WIDTH="1060"
                    HEIGHT="80">
            <Shape><Polygon POINTS="147 1618 147 1644 234 1637 342 1644 383 1646 385 1646 386 1646 392 1643 404 1637 459 1643 490 1646 492 1646 513 1643 542 1637 563 1643 577 1646 578 1646 580 1646 624 1641 673 1637 712 1641 767 1647 768 1647 835 1640 856 1638 867 1640 902 1647 904 1647 905 1647 931 1640 936 1638 966 1640 1137 1647 1139 1647 1206 1637 1207 1621 1206 1582 1107 1569 1106 1569 1052 1580 1036 1569 1035 1569 1033 1569 1032 1569 980 1579 962 1570 960 1570 959 1570 957 1570 929 1577 895 1569 893 1569 892 1569 890 1569 889 1569 874 1580 873 1582 751 1582 745 1580 701 1571 700 1571 699 1571 681 1580 678 1580 673 1580 626 1567 624 1567 623 1567 621 1567 620 1567 611 1574 562 1567 560 1567 559 1567 513 1579 493 1567 492 1567 490 1567 489 1567 487 1567 447 1579 446 1580 420 1580 419 1579 406 1567 404 1567 403 1567 401 1567 400 1567 377 1579 376 1579 373 1579 318 1567 257 1567 255 1567 254 1567 252 1567 234 1579 232 1579 147 1579 147 1618"/></Shape>
	    <String CONTENT="ta, támque præclara &amp; pro Domini no¬"
                    HPOS="147"
                    VPOS="1567"
                    WIDTH="1060"
                    HEIGHT="80"></String>
          </TextLine>

          
          
          <TextLine ID="eSc_line_8d27a078"
                    TAGREFS="LT4119"
                    BASELINE="150 1687 1207 1692" 
                    HPOS="150"
                    VPOS="1634"
                    WIDTH="1057"
                    HEIGHT="83">
            <Shape><Polygon POINTS="150 1687 150 1705 188 1705 190 1707 200 1714 202 1714 203 1714 205 1714 206 1714 232 1707 236 1705 246 1707 297 1713 298 1713 300 1713 318 1707 322 1705 336 1707 395 1713 397 1713 477 1707 499 1705 507 1707 545 1716 547 1716 548 1716 550 1716 565 1707 566 1707 606 1716 608 1716 759 1707 771 1707 777 1707 855 1717 856 1717 1206 1707 1207 1692 1206 1652 1107 1637 1069 1637 1067 1637 1066 1637 1064 1637 1048 1649 1047 1650 1038 1649 957 1637 901 1637 899 1637 898 1637 896 1637 880 1647 875 1650 588 1650 581 1644 566 1635 565 1635 563 1635 513 1635 511 1635 510 1635 490 1644 483 1647 474 1644 447 1634 446 1634 392 1634 391 1634 389 1634 388 1634 377 1643 373 1647 364 1643 343 1634 342 1634 340 1634 339 1634 319 1643 307 1647 295 1643 282 1637 281 1637 279 1637 223 1638 221 1638 220 1638 217 1641 209 1646 202 1641 194 1634 193 1634 191 1634 190 1634 150 1640 150 1687"/></Shape>
	    <String CONTENT="ſtri Ieſu Chriſti regno amplificando &amp;"
                    HPOS="150"
                    VPOS="1634"
                    WIDTH="1057"
                    HEIGHT="83"
                    WC="0.990313059405277"></String>
          </TextLine>

          
          
          <TextLine ID="eSc_line_16fbb952"
                    TAGREFS="LT4119"
                    BASELINE="154 1757 1206 1760" 
                    HPOS="153"
                    VPOS="1707"
                    WIDTH="1053"
                    HEIGHT="80">
            <Shape><Polygon POINTS="154 1757 153 1783 181 1784 182 1784 184 1784 185 1784 185 1783 197 1774 257 1783 272 1784 273 1784 275 1784 281 1783 307 1774 456 1774 481 1781 495 1784 496 1784 498 1784 535 1780 578 1775 605 1780 632 1784 633 1784 657 1780 681 1774 718 1778 771 1786 773 1786 774 1786 798 1778 807 1775 816 1778 838 1786 840 1786 841 1786 843 1786 864 1777 870 1775 874 1777 889 1786 890 1786 892 1787 1038 1787 1038 1786 1039 1786 1064 1775 1067 1775 1070 1775 1119 1786 1121 1786 1204 1774 1206 1760 1204 1720 1113 1708 1112 1708 1029 1710 1027 1710 1005 1719 1000 1720 996 1719 975 1713 974 1713 972 1713 914 1719 895 1720 892 1719 878 1710 877 1710 875 1710 874 1710 873 1710 838 1719 837 1719 826 1710 826 1708 825 1708 823 1708 758 1708 757 1708 755 1708 719 1719 710 1720 690 1719 646 1713 645 1713 600 1717 588 1719 587 1717 577 1711 575 1711 574 1711 572 1711 532 1717 523 1719 520 1717 504 1707 502 1707 501 1707 499 1707 431 1714 386 1707 385 1707 383 1707 382 1707 382 1708 371 1717 368 1719 154 1717 154 1757"/></Shape>
	    <String CONTENT="pro patria libertate tutãda bene geris, tu"
                    HPOS="153"
                    VPOS="1707"
                    WIDTH="1053"
                    HEIGHT="80"
                    WC="0.98201204732407"></String>
          </TextLine>

          
          
          <TextLine ID="eSc_line_94a411b4"
                    TAGREFS="LT4119"
                    BASELINE="154 1823 1195 1826" 
                    HPOS="153"
                    VPOS="1774"
                    WIDTH="1042"
                    HEIGHT="79">
            <Shape><Polygon POINTS="154 1823 153 1839 163 1848 163 1850 165 1850 166 1850 168 1850 206 1842 309 1850 310 1850 353 1841 389 1850 391 1850 392 1850 443 1841 609 1841 675 1851 676 1853 762 1853 762 1851 764 1851 765 1851 780 1842 806 1851 807 1851 809 1851 810 1851 840 1842 880 1851 881 1851 1006 1842 1170 1851 1171 1851 1173 1851 1194 1841 1195 1826 1192 1775 1146 1786 1105 1777 1103 1777 981 1786 965 1777 962 1775 960 1775 959 1775 957 1775 953 1777 931 1786 789 1778 730 1775 728 1775 661 1780 580 1784 571 1780 557 1774 556 1774 319 1774 318 1774 316 1774 315 1774 315 1775 306 1783 303 1784 279 1783 197 1775 196 1775 194 1775 193 1775 184 1783 181 1784 154 1784 154 1823"/></Shape>
	    <String CONTENT="quoq; bene inter omnes mortales mere¬"
                    HPOS="153"
                    VPOS="1774"
                    WIDTH="1042"
                    HEIGHT="79"></String>
          </TextLine>

          
          
          <TextLine ID="eSc_line_c62f7256"
                    TAGREFS="LT4119"
                    BASELINE="151 1894 1209 1897" 
                    HPOS="150"
                    VPOS="1842"
                    WIDTH="1059"
                    HEIGHT="85">
            <Shape><Polygon POINTS="151 1894 150 1906 278 1920 279 1920 364 1911 398 1925 400 1925 401 1927 477 1927 477 1925 478 1925 480 1925 507 1909 568 1911 584 1925 585 1925 587 1925 588 1925 590 1925 648 1909 733 1922 734 1922 736 1922 767 1911 871 1911 904 1927 905 1927 907 1927 1032 1924 1033 1924 1064 1911 1173 1925 1174 1925 1176 1925 1207 1909 1209 1897 1209 1856 1142 1856 1142 1854 1107 1844 1106 1844 1105 1844 1049 1854 1047 1854 1033 1854 819 1844 817 1844 816 1844 791 1853 788 1854 785 1853 767 1844 765 1844 764 1844 762 1844 742 1853 737 1856 685 1856 684 1853 673 1844 673 1842 672 1842 670 1842 615 1842 614 1842 612 1842 611 1842 611 1844 600 1853 599 1853 590 1853 489 1844 487 1844 486 1844 464 1851 462 1853 459 1851 437 1842 435 1842 434 1842 432 1842 403 1851 397 1853 352 1853 350 1851 340 1842 339 1842 337 1842 309 1842 307 1842 306 1842 304 1842 294 1851 292 1853 285 1851 258 1845 257 1845 226 1851 214 1853 211 1851 199 1842 197 1842 196 1842 194 1842 151 1850 151 1894"/></Shape>
	    <String CONTENT="ris audire Βροτοῖς γὰρ vt ait Eurip. χρηστὰ πρα¬"
                    HPOS="150"
                    VPOS="1842"
                    WIDTH="1059"
                    HEIGHT="85"></String>
          </TextLine>

          
          
          <TextLine ID="eSc_line_f57a31b2"
                    TAGREFS="LT4119"
                    BASELINE="154 1972 336 1964 1197 1964" 
                    HPOS="153"
                    VPOS="1909"
                    WIDTH="1044"
                    HEIGHT="80">
            <Shape><Polygon POINTS="154 1972 154 1985 331 1980 352 1986 364 1989 365 1989 367 1989 368 1989 376 1986 388 1980 416 1986 426 1988 428 1988 440 1986 477 1980 495 1986 499 1988 501 1988 502 1988 517 1986 563 1982 620 1986 649 1989 651 1989 652 1989 658 1986 672 1980 679 1988 681 1988 682 1988 684 1988 691 1988 731 1980 788 1988 807 1989 809 1989 840 1988 939 1980 957 1988 962 1989 963 1989 965 1989 1195 1988 1197 1964 1195 1925 1131 1925 1131 1924 1093 1909 1091 1909 1090 1909 1021 1918 1009 1909 1008 1909 1006 1909 1005 1909 1003 1909 1002 1909 986 1924 983 1927 889 1927 883 1922 867 1911 865 1911 864 1911 862 1911 861 1911 837 1918 829 1911 828 1911 826 1911 667 1911 666 1911 664 1911 663 1911 646 1921 638 1925 602 1921 560 1915 559 1915 557 1915 556 1915 550 1920 542 1925 510 1920 489 1917 487 1917 468 1920 437 1925 416 1920 403 1915 401 1915 400 1915 398 1915 386 1920 368 1925 359 1920 349 1911 348 1911 346 1911 345 1911 285 1918 242 1924 233 1918 232 1917 230 1917 229 1917 227 1917 226 1917 221 1918 199 1925 153 1918 154 1972"/></Shape>
	    <String CONTENT="γματα τα Χρηστῶν ἀφορμὰς ἐνδιδωσ᾽ ἀεί λογων."
                    HPOS="153"
                    VPOS="1909"
                    WIDTH="1044"
                    HEIGHT="80"></String>
          </TextLine>

          
          
          <TextLine ID="eSc_line_44185b47"
                    TAGREFS="LT4119"
                    BASELINE="148 2031 1203 2031" 
                    HPOS="148"
                    VPOS="1979"
                    WIDTH="1055"
                    HEIGHT="76">
            <Shape><Polygon POINTS="148 2031 150 2055 169 2046 188 2055 190 2055 191 2055 196 2055 260 2046 370 2053 371 2053 373 2053 392 2046 410 2053 413 2055 414 2055 416 2055 417 2055 419 2055 419 2053 431 2046 462 2053 464 2053 465 2053 466 2053 535 2046 545 2053 547 2055 548 2055 550 2055 551 2055 565 2053 617 2046 643 2053 649 2055 651 2055 652 2055 670 2053 725 2046 771 2053 789 2055 791 2055 806 2052 837 2047 873 2052 893 2055 895 2055 933 2052 1006 2046 1015 2052 1018 2055 1020 2055 1021 2055 1023 2055 1052 2052 1100 2046 1124 2052 1139 2055 1140 2055 1142 2055 1203 2050 1203 2031 1203 1994 1167 1979 1165 1979 1164 1979 1163 1979 1131 1994 1130 1994 977 1994 974 1991 956 1979 954 1979 953 1979 919 1979 917 1979 916 1979 914 1979 899 1989 887 1980 887 1979 886 1979 884 1979 817 1979 816 1979 774 1988 749 1994 736 1988 718 1979 716 1979 648 1979 646 1979 645 1979 643 1979 635 1986 624 1995 505 1995 484 1983 475 1979 474 1979 401 1979 400 1979 398 1979 392 1982 370 1994 321 1985 319 1985 254 1994 148 1979 148 2031"/></Shape>
	    <String CONTENT="Ego vero Princeps Clemẽtiſſ. cùm tot ad¬"
                    HPOS="148"
                    VPOS="1979"
                    WIDTH="1055"
                    HEIGHT="76"
                    WC="0.963701797383172"></String>
          </TextLine>

          
          
          <TextLine ID="eSc_line_ed56f1c2"
                    TAGREFS="LT4119"
                    BASELINE="148 2099 1201 2099" 
                    HPOS="148"
                    VPOS="2050"
                    WIDTH="1053"
                    HEIGHT="66">
            <Shape><Polygon POINTS="148 2099 148 2116 1201 2116 1201 2099 1201 2058 1174 2050 1173 2050 1171 2050 1088 2058 852 2050 850 2050 762 2058 727 2050 725 2050 724 2050 707 2059 422 2059 321 2050 319 2050 275 2058 220 2050 218 2050 148 2058 148 2099"/></Shape>
	    <String CONTENT="mirandas virtutes tuas commendari vbi¬"
                    HPOS="148"
                    VPOS="2050"
                    WIDTH="1053"
                    HEIGHT="66"
                    WC="0.964903546007056"></String>
          </TextLine>

          
          
          <TextLine ID="eSc_line_11230ac1"
                    TAGREFS="LT4119"
                    BASELINE="153 2165 1203 2171" 
                    HPOS="151"
                    VPOS="2116"
                    WIDTH="1052"
                    HEIGHT="94">
            <Shape><Polygon POINTS="153 2165 151 2199 194 2204 196 2204 197 2204 199 2204 203 2201 212 2192 233 2201 246 2205 248 2205 249 2207 301 2207 301 2205 303 2205 313 2201 337 2189 388 2189 411 2201 423 2207 425 2207 426 2208 519 2208 519 2207 520 2207 522 2207 527 2201 538 2192 574 2190 599 2201 611 2207 612 2207 678 2208 679 2208 681 2208 700 2202 728 2192 789 2201 791 2201 829 2193 841 2202 843 2202 844 2202 846 2202 847 2202 849 2202 867 2192 990 2193 1003 2202 1015 2210 1017 2210 1018 2210 1020 2210 1021 2210 1036 2202 1048 2196 1076 2202 1109 2210 1110 2210 1112 2210 1127 2202 1146 2193 1200 2202 1203 2171 1200 2129 986 2131 981 2128 974 2122 974 2120 972 2120 971 2120 861 2119 859 2119 858 2119 856 2119 847 2126 820 2120 819 2120 817 2120 816 2120 809 2128 807 2129 701 2129 697 2128 678 2117 676 2117 624 2117 623 2117 621 2117 593 2126 588 2128 580 2126 524 2117 523 2117 459 2126 446 2128 441 2126 416 2116 414 2116 380 2116 379 2116 377 2116 376 2116 364 2126 362 2126 153 2126 153 2165"/></Shape>
	    <String CONTENT="que gentium intelligam, &amp; hoc quoque"
                    HPOS="151"
                    VPOS="2116"
                    WIDTH="1052"
                    HEIGHT="94"
                    WC="0.981413046518962"></String>
          </TextLine>

          
        </TextBlock>
        

        
      </PrintSpace>
    </Page>
  </Layout>
</alto>
