<?xml version="1.0" encoding="UTF-8"?>
<alto xmlns:xsi="http://www.w3.org/2001/XMLSchema-instance"
      xmlns="http://www.loc.gov/standards/alto/ns-v4#"
      xsi:schemaLocation="http://www.loc.gov/standards/alto/ns-v4# http://www.loc.gov/standards/alto/v4/alto-4-2.xsd">
  <Description>
    <MeasurementUnit>pixel</MeasurementUnit>
    <sourceImageInformation>
      <fileName>2012902.png</fileName>
      
    </sourceImageInformation>
  </Description>
  
  <Tags>
    <OtherTag ID="BT10544" LABEL="text" DESCRIPTION="block type text"/><OtherTag ID="BT10543" LABEL="NumberingZone" DESCRIPTION="block type NumberingZone"/><OtherTag ID="BT10542" LABEL="MainZone" DESCRIPTION="block type MainZone"/><OtherTag ID="BT10538" LABEL="RunningTitleZone" DESCRIPTION="block type RunningTitleZone"/><OtherTag ID="BT10537" LABEL="DropCapitalZone" DESCRIPTION="block type DropCapitalZone"/><OtherTag ID="BT10536" LABEL="GraphicZone" DESCRIPTION="block type GraphicZone"/><OtherTag ID="BT10535" LABEL="TitlePageZone" DESCRIPTION="block type TitlePageZone"/><OtherTag ID="BT10534" LABEL="QuireMarksZone" DESCRIPTION="block type QuireMarksZone"/><OtherTag ID="BT10533" LABEL="MarginTextZone" DESCRIPTION="block type MarginTextZone"/>
    <OtherTag ID="LT4122" LABEL="default" DESCRIPTION="line type default"/><OtherTag ID="LT4119" LABEL="DefaultLine" DESCRIPTION="line type DefaultLine"/><OtherTag ID="LT4118" LABEL="HeadingLine" DESCRIPTION="line type HeadingLine"/><OtherTag ID="LT4117" LABEL="CustomLine : BiblicalText" DESCRIPTION="line type CustomLine : BiblicalText"/>
  </Tags>
  
  <Layout>
    <Page WIDTH="1807"
          HEIGHT="2677"
          PHYSICAL_IMG_NR="18"
          ID="eSc_dummypage_">
      <PrintSpace HPOS="0"
                  VPOS="0"
                  WIDTH="1807"
                  HEIGHT="2677">
        
        <TextBlock HPOS="895.0305786132812"
                   VPOS="167.2142333984375"
                   WIDTH="434.63079833984375"
                   HEIGHT="64.33929443359375"
                   ID="block_2"
                   TAGREFS="BT10538">
          <Shape><Polygon POINTS="895.031 167.214 1329.66 167.214 1329.66 231.554 895.031 231.554 895.031 167.214"/></Shape>
          
          
          <TextLine ID="eSc_line_321cfda8"
                    TAGREFS="LT4118"
                    BASELINE="901 220 1322 208" 
                    HPOS="898"
                    VPOS="163"
                    WIDTH="424"
                    HEIGHT="74">
            <Shape><Polygon POINTS="1299 169 1284 166 1283 165 1109 163 1106 165 1091 169 1076 172 1061 172 1047 172 1032 172 1017 172 1002 172 987 172 972 172 959 172 898 176 901 220 901 237 971 237 971 236 972 236 983 233 1005 224 1017 230 1018 230 1020 230 1027 230 1107 223 1121 226 1151 232 1152 232 1154 232 1191 221 1200 220 1207 221 1259 229 1261 229 1322 214 1322 208 1319 174 1316 174"/></Shape>
	    <String CONTENT="EPISTOLA."
                    HPOS="898"
                    VPOS="163"
                    WIDTH="424"
                    HEIGHT="74"
                    WC="0.999885678291321"></String>
          </TextLine>

          
        </TextBlock>
        
        <TextBlock HPOS="593.0504760742188"
                   VPOS="234.8258514404297"
                   WIDTH="1078.7734985351562"
                   HEIGHT="1930.7598419189453"
                   ID="block_1"
                   TAGREFS="BT10542">
          <Shape><Polygon POINTS="593.05 234.826 1671.82 234.826 1671.82 2165.59 593.05 2165.59 593.05 234.826"/></Shape>
          
          
          <TextLine ID="eSc_line_f2dd5a0a"
                    TAGREFS="LT4119"
                    BASELINE="600 313 1649 284" 
                    HPOS="599"
                    VPOS="227"
                    WIDTH="1050"
                    HEIGHT="109">
            <Shape><Polygon POINTS="1625 232 1539 232 1533 229 1519 229 1505 229 1503 227 1488 234 1442 227 1441 227 1439 227 1408 236 1240 229 1238 229 1237 229 1209 242 1124 232 1122 232 1121 232 1069 246 1060 239 1058 239 1057 239 1055 239 996 248 928 237 926 237 757 242 755 242 754 242 736 255 669 245 667 245 602 260 599 266 600 313 600 336 704 336 706 336 707 336 725 322 765 322 895 330 904 330 905 330 907 330 908 330 935 318 977 327 978 327 980 327 1003 315 1078 313 1131 319 1133 319 1171 312 1212 321 1213 321 1215 321 1216 321 1295 307 1329 318 1331 318 1332 318 1334 318 1348 310 1482 313 1488 313 1490 313 1493 313 1600 298 1646 309 1649 284 1635 239 1625 232"/></Shape>
	    <String CONTENT="ràque Euãgelij Chriſti prædicatio retino"
                    HPOS="599"
                    VPOS="227"
                    WIDTH="1050"
                    HEIGHT="109"
                    WC="0.971205260072436"></String>
          </TextLine>

          
          
          <TextLine ID="eSc_line_68fff9e5"
                    TAGREFS="LT4119"
                    BASELINE="600 379 1647 350" 
                    HPOS="597"
                    VPOS="297"
                    WIDTH="1050"
                    HEIGHT="103">
            <Shape><Polygon POINTS="600 379 600 392 652 400 654 400 785 388 801 388 812 388 893 392 895 392 926 385 936 383 951 385 1002 389 1003 389 1088 382 1116 379 1124 380 1143 386 1145 386 1146 386 1189 379 1207 376 1221 377 1255 383 1256 383 1351 374 1395 371 1421 373 1479 377 1481 377 1509 371 1522 368 1646 368 1647 350 1643 300 1573 307 1552 301 1537 297 1536 297 1534 297 1533 297 1531 297 1531 298 1527 301 1522 306 1511 303 1502 300 1500 300 1499 300 1497 300 1491 303 1476 310 1427 304 1399 301 1398 301 1396 301 1386 306 1365 313 1340 306 1326 303 1325 303 1323 303 1322 303 1320 303 1320 304 1317 307 1310 315 1290 307 1282 304 1280 304 1279 304 1218 306 1216 306 1204 310 1180 318 1167 310 1160 307 1158 307 1157 307 1091 309 1090 309 1088 309 1082 313 1069 322 972 324 951 316 948 315 947 315 945 315 944 315 938 316 910 325 859 318 841 316 840 316 816 319 771 325 734 321 713 319 712 319 710 319 709 319 706 322 690 331 597 325 600 379"/></Shape>
	    <String CONTENT="tur, ſummota omni idololatria: ergo non"
                    HPOS="597"
                    VPOS="297"
                    WIDTH="1050"
                    HEIGHT="103"
                    WC="0.970612299747956"></String>
          </TextLine>

          
          
          <TextLine ID="eSc_line_cf3e20a5"
                    TAGREFS="LT4119"
                    BASELINE="602 446 1650 422" 
                    HPOS="599"
                    VPOS="365"
                    WIDTH="1051"
                    HEIGHT="99">
            <Shape><Polygon POINTS="602 446 602 464 1650 434 1650 422 1647 380 1582 365 1580 365 1491 368 1490 368 1450 380 1438 370 1436 370 1435 370 1405 370 1403 370 1402 370 1369 386 1341 386 1319 386 1286 379 1284 379 1283 379 1282 379 1252 388 1252 389 1231 389 1122 389 1106 377 1105 377 1103 377 1073 377 1072 377 1070 377 1041 391 887 388 886 388 734 398 703 386 701 386 700 386 661 394 630 388 629 388 627 388 599 400 602 446"/></Shape>
	    <String CONTENT="diffitemur &amp; eas etiam veras eſſe Dei Ec"
                    HPOS="599"
                    VPOS="365"
                    WIDTH="1051"
                    HEIGHT="99"
                    WC="0.977920316159725"></String>
          </TextLine>

          
          
          <TextLine ID="eSc_line_52a0debc"
                    TAGREFS="LT4119"
                    BASELINE="602 514 1649 489" 
                    HPOS="600"
                    VPOS="437"
                    WIDTH="1049"
                    HEIGHT="101">
            <Shape><Polygon POINTS="602 514 605 538 618 529 776 532 815 532 816 532 817 532 819 532 820 530 829 522 911 520 928 526 931 527 932 527 933 527 935 527 941 526 972 519 1006 524 1030 527 1032 527 1070 522 1096 519 1110 520 1140 524 1142 524 1143 524 1145 524 1152 519 1160 514 1164 519 1168 523 1170 523 1171 523 1173 523 1174 523 1194 517 1203 516 1210 517 1232 522 1234 522 1235 522 1247 516 1255 513 1261 516 1274 522 1276 522 1277 522 1279 522 1280 522 1280 520 1286 514 1287 514 1292 514 1334 520 1335 520 1337 520 1353 513 1356 511 1368 511 1426 517 1427 517 1429 517 1456 508 1464 507 1472 508 1505 516 1506 516 1508 516 1537 507 1542 505 1552 505 1625 513 1627 513 1628 513 1649 502 1649 489 1646 446 1577 440 1576 440 1509 449 1500 449 1497 449 1466 437 1464 437 1463 437 1461 437 1460 437 1460 438 1447 450 1445 452 1420 452 1418 450 1400 438 1399 438 1398 438 1396 438 1395 438 1347 452 1340 446 1338 446 1337 446 1335 446 1273 453 1261 455 1259 453 1247 444 1247 443 1246 443 1244 443 1219 443 1218 443 1216 443 1215 443 1194 455 1192 456 1191 455 1168 446 1167 446 1165 446 1164 446 1139 456 1134 459 1060 459 1058 458 1047 449 1045 449 1044 449 1042 449 1041 449 1015 459 1011 462 963 462 944 461 844 452 843 452 782 453 780 453 779 453 759 465 757 466 746 465 688 456 687 456 685 456 684 456 669 466 669 468 600 468 602 514"/></Shape>
	    <String CONTENT="cleſias. Vnica enim eſt, eáque fundamen¬"
                    HPOS="600"
                    VPOS="437"
                    WIDTH="1049"
                    HEIGHT="101"></String>
          </TextLine>

          
          
          <TextLine ID="eSc_line_3df5b578"
                    TAGREFS="LT4119"
                    BASELINE="605 587 1652 559" 
                    HPOS="602"
                    VPOS="513"
                    WIDTH="1050"
                    HEIGHT="87">
            <Shape><Polygon POINTS="605 587 605 600 768 594 803 597 852 600 853 600 855 600 870 594 880 591 935 593 1044 596 1045 596 1047 596 1060 588 1064 587 1072 588 1096 594 1097 594 1099 594 1100 594 1116 587 1121 585 1128 587 1152 591 1154 591 1186 585 1194 584 1195 585 1206 591 1207 591 1209 591 1210 591 1256 582 1271 581 1329 581 1539 582 1540 582 1650 571 1652 559 1647 516 1383 520 1265 513 1264 513 1157 527 1151 527 1143 527 990 520 989 520 987 520 986 520 986 522 975 529 965 522 963 522 962 522 960 522 959 522 926 529 823 524 822 524 820 524 806 532 768 526 767 526 765 526 739 538 736 538 664 529 663 529 661 529 638 541 636 542 602 542 605 587"/></Shape>
	    <String CONTENT="talis veræ Eccleſiæ nota in his terris, pura"
                    HPOS="602"
                    VPOS="513"
                    WIDTH="1050"
                    HEIGHT="87"
                    WC="0.98351732573726"></String>
          </TextLine>

          
          
          <TextLine ID="eSc_line_67a22c29"
                    TAGREFS="LT4119"
                    BASELINE="603 654 1655 627" 
                    HPOS="600"
                    VPOS="577"
                    WIDTH="1055"
                    HEIGHT="95">
            <Shape><Polygon POINTS="603 654 603 667 740 663 752 667 767 672 768 672 770 672 771 672 783 666 794 660 907 658 932 658 939 663 945 669 947 669 948 669 950 669 986 663 1017 657 1026 661 1032 666 1033 666 1035 666 1036 666 1124 664 1125 664 1137 660 1152 654 1206 658 1244 661 1246 661 1267 657 1302 649 1328 657 1337 658 1338 658 1340 658 1341 658 1348 655 1377 646 1409 655 1418 657 1420 657 1421 657 1436 654 1485 643 1652 649 1655 627 1650 582 1494 585 1493 584 1485 578 1484 578 1482 578 1481 578 1396 587 1374 588 1371 587 1362 580 1362 578 1360 578 1359 578 1298 577 1296 577 1295 577 1293 577 1293 578 1282 588 1279 591 1274 588 1256 580 1255 580 1253 580 1252 580 1250 580 1238 590 1232 593 1204 590 1124 581 1122 581 1121 581 1078 593 1058 597 1048 593 1042 590 1041 590 1039 590 1018 593 990 599 977 594 959 587 957 587 892 587 890 587 889 587 867 596 859 599 853 596 832 588 831 588 829 588 774 596 719 591 718 591 716 591 715 591 703 599 693 605 670 600 643 594 642 594 600 600 603 654"/></Shape>
	    <String CONTENT="nimirũ verbi Dei predicatio à legitimo pa"
                    HPOS="600"
                    VPOS="577"
                    WIDTH="1055"
                    HEIGHT="95"
                    WC="0.983559257762377"></String>
          </TextLine>

          
          
          <TextLine ID="eSc_line_8daae648"
                    TAGREFS="LT4119"
                    BASELINE="603 725 1667 694" 
                    HPOS="600"
                    VPOS="643"
                    WIDTH="1067"
                    HEIGHT="103">
            <Shape><Polygon POINTS="603 725 603 746 661 737 762 742 797 743 798 743 800 743 807 740 823 733 896 737 936 739 938 739 939 739 941 739 947 734 957 728 983 733 997 736 999 736 1026 731 1066 725 1121 728 1189 731 1191 731 1192 731 1215 724 1228 721 1262 722 1340 727 1341 727 1399 716 1414 715 1423 716 1458 724 1460 724 1534 715 1612 719 1613 719 1667 706 1667 694 1664 649 1567 643 1566 643 1564 643 1563 643 1554 651 1552 652 1415 654 1412 654 1384 645 1383 645 1381 645 1335 655 1326 657 1320 655 1290 646 1289 646 1287 646 1286 646 1255 657 1243 660 1231 657 1207 651 1206 651 1204 651 1203 651 1176 658 1170 660 1165 658 1148 651 1146 651 1145 651 1143 651 1115 660 1106 661 1082 660 1018 655 1017 655 974 663 933 669 917 663 907 660 905 660 904 660 902 660 893 664 880 670 841 664 804 660 803 660 771 666 751 670 730 667 703 663 701 663 700 663 699 663 691 667 679 675 600 670 603 725"/></Shape>
	    <String CONTENT="ſtore facta, quæ vbicũque eſt, illîc quoque"
                    HPOS="600"
                    VPOS="643"
                    WIDTH="1067"
                    HEIGHT="103"></String>
          </TextLine>

          
          
          <TextLine ID="eSc_line_5ff8be74"
                    TAGREFS="LT4119"
                    BASELINE="605 792 1342 770 1652 765" 
                    HPOS="602"
                    VPOS="706"
                    WIDTH="1050"
                    HEIGHT="98">
            <Shape><Polygon POINTS="605 792 605 804 1650 782 1652 765 1649 719 1592 706 1591 706 1589 706 1560 721 1560 722 1545 722 1524 722 1503 710 1502 710 1500 710 1441 722 1405 710 1403 710 1402 710 1400 710 1374 721 1353 712 1351 712 1350 712 1348 712 1313 722 1255 715 1253 715 1252 715 1189 731 1186 733 1130 733 1128 733 1097 719 1096 719 1094 719 1093 719 1030 736 1027 736 1026 736 991 728 990 728 928 739 922 739 919 739 886 728 884 728 816 727 815 727 813 727 789 739 770 730 768 730 767 730 654 731 652 731 602 746 605 792"/></Shape>
	    <String CONTENT="eſt Grex Domini, iuxta illud Chriſti, O¬"
                    HPOS="602"
                    VPOS="706"
                    WIDTH="1050"
                    HEIGHT="98"
                    WC="0.970032514631748"></String>
          </TextLine>

          
          
          <TextLine ID="eSc_line_4c1bb509"
                    TAGREFS="LT4119"
                    BASELINE="608 862 1653 832" 
                    HPOS="605"
                    VPOS="780"
                    WIDTH="1048"
                    HEIGHT="100">
            <Shape><Polygon POINTS="608 862 608 878 815 880 816 880 877 872 923 868 960 871 994 874 996 874 1018 870 1041 865 1048 870 1055 872 1057 872 1058 872 1060 872 1069 868 1079 862 1182 861 1247 865 1284 867 1286 867 1307 864 1347 856 1445 861 1473 861 1475 861 1502 859 1612 849 1652 855 1653 832 1650 788 1604 780 1603 780 1601 780 1600 780 1591 788 1591 789 1467 791 1466 791 1444 780 1442 780 1441 780 1439 780 1417 789 1392 782 1390 782 1389 782 1304 794 1283 797 1273 795 1252 789 1250 789 1249 789 1215 795 1209 797 1206 795 1183 788 1182 788 1180 788 1134 797 1115 801 1103 798 1078 791 1076 791 1075 791 1073 791 1041 800 1020 804 990 800 951 795 950 795 948 795 935 801 932 803 923 801 892 797 890 797 889 797 875 803 864 807 843 803 815 798 813 798 812 798 810 798 804 804 800 807 786 804 761 800 759 800 758 800 746 806 736 810 605 809 608 862"/></Shape>
	    <String CONTENT="ues mneģ vocẽ meã audiunt: &amp; ſi ab eo cœ¬"
                    HPOS="605"
                    VPOS="780"
                    WIDTH="1048"
                    HEIGHT="100"
                    WC="0.972385127436031"></String>
          </TextLine>

          
          
          <TextLine ID="eSc_line_e719e9d9"
                    TAGREFS="LT4119"
                    BASELINE="609 926 1652 902" 
                    HPOS="606"
                    VPOS="849"
                    WIDTH="1046"
                    HEIGHT="96">
            <Shape><Polygon POINTS="609 926 609 938 736 945 737 945 794 944 795 944 797 944 797 942 804 936 809 933 878 935 978 938 980 938 1018 933 1067 928 1137 932 1191 935 1192 935 1218 931 1261 923 1286 931 1293 932 1295 932 1296 932 1390 931 1392 931 1393 931 1395 929 1403 922 1490 928 1502 928 1503 928 1511 928 1583 917 1650 925 1652 902 1647 849 1537 861 1436 855 1403 853 1402 853 1400 853 1399 853 1396 856 1381 867 1340 858 1323 855 1322 855 1302 859 1256 871 1000 874 971 870 936 864 935 864 837 867 835 867 816 874 800 880 783 875 758 868 757 868 755 868 754 868 731 877 730 877 727 877 673 870 672 870 606 880 609 926"/></Shape>
	    <String CONTENT="tu ſæpe Sacramentorum adminiſtratio,"
                    HPOS="606"
                    VPOS="849"
                    WIDTH="1046"
                    HEIGHT="96"
                    WC="0.982003865970506"></String>
          </TextLine>

          
          
          <TextLine ID="eSc_line_59892ff3"
                    TAGREFS="LT4119"
                    BASELINE="609 996 1649 969" 
                    HPOS="608"
                    VPOS="916"
                    WIDTH="1041"
                    HEIGHT="102">
            <Shape><Polygon POINTS="609 996 609 1018 898 1002 1005 1006 1006 1006 1008 1006 1026 999 1055 1008 1057 1008 1058 1008 1130 996 1185 1003 1186 1003 1188 1003 1210 994 1235 1002 1237 1002 1238 1002 1296 993 1395 999 1396 999 1398 999 1424 989 1460 997 1461 997 1463 997 1516 989 1527 996 1528 996 1530 996 1531 996 1647 993 1649 969 1646 925 1588 916 1586 916 1585 916 1555 926 1554 926 1530 917 1528 917 1527 917 1525 917 1496 928 1494 928 1493 928 1442 920 1441 920 1439 920 1402 931 1399 931 1396 931 1371 922 1369 922 1368 922 1366 922 1365 922 1353 932 1351 933 1319 933 1317 932 1302 923 1301 923 1299 923 1298 923 1238 925 1186 935 1180 938 1054 939 1049 939 1012 931 1011 931 1009 931 990 941 989 941 974 941 785 936 783 936 782 936 780 936 768 947 765 947 724 938 722 938 608 950 609 996"/></Shape>
	    <String CONTENT="ſæ pe etiam morum correctio, Eccleſiaſti¬"
                    HPOS="608"
                    VPOS="916"
                    WIDTH="1041"
                    HEIGHT="102"
                    WC="0.993184425481936"></String>
          </TextLine>

          
          
          <TextLine ID="eSc_line_06a72788"
                    TAGREFS="LT4119"
                    BASELINE="611 1063 1652 1039" 
                    HPOS="608"
                    VPOS="986"
                    WIDTH="1044"
                    HEIGHT="98">
            <Shape><Polygon POINTS="611 1063 611 1076 737 1084 739 1084 783 1073 792 1072 797 1073 812 1079 813 1079 815 1079 816 1079 831 1072 834 1072 846 1072 933 1079 935 1079 936 1079 974 1069 986 1067 996 1069 1032 1076 1033 1076 1035 1076 1055 1067 1066 1064 1160 1064 1163 1066 1173 1073 1174 1073 1176 1073 1177 1073 1179 1073 1198 1064 1206 1061 1213 1064 1226 1070 1228 1070 1229 1070 1231 1070 1246 1064 1250 1063 1262 1064 1323 1070 1325 1070 1326 1070 1348 1061 1354 1060 1362 1061 1389 1069 1390 1069 1392 1069 1454 1060 1476 1057 1487 1058 1505 1064 1506 1064 1508 1064 1555 1058 1592 1052 1609 1057 1631 1063 1632 1063 1634 1063 1635 1063 1652 1055 1652 1039 1649 996 1542 986 1540 986 1539 986 1503 997 1441 990 1439 990 1438 990 1421 999 1408 990 1406 990 1405 990 1403 990 1402 990 1378 1000 1377 1002 1255 1003 1252 1002 1241 996 1240 996 1238 996 1237 996 1183 1003 1174 1005 1168 1003 1133 994 1131 994 1130 994 1128 994 1127 994 1127 996 1115 1005 1113 1006 1091 1005 975 999 974 999 972 999 942 1006 815 1002 813 1002 812 1002 810 1002 810 1003 801 1011 798 1014 788 1011 755 1003 754 1003 608 1014 611 1063"/></Shape>
	    <String CONTENT="cǽque diſciplinæ vſus &amp; praxis exulat,"
                    HPOS="608"
                    VPOS="986"
                    WIDTH="1044"
                    HEIGHT="98"
                    WC="0.965678584881318"></String>
          </TextLine>

          
          
          <TextLine ID="eSc_line_39e0e929"
                    TAGREFS="LT4119"
                    BASELINE="611 1134 1652 1103" 
                    HPOS="609"
                    VPOS="1052"
                    WIDTH="1043"
                    HEIGHT="100">
            <Shape><Polygon POINTS="611 1134 611 1152 1652 1122 1652 1103 1647 1060 1543 1061 1508 1052 1506 1052 1505 1052 1503 1052 1479 1064 1476 1066 1386 1067 1384 1067 1360 1054 1359 1054 1357 1054 1356 1054 1296 1070 1293 1070 1290 1070 1249 1057 1247 1057 1246 1057 1244 1057 1191 1072 1164 1063 1163 1063 1161 1063 1160 1063 1158 1063 1142 1075 1140 1076 1106 1076 1106 1075 1090 1063 1088 1063 1087 1063 1085 1063 997 1064 948 1066 947 1066 925 1078 868 1069 867 1069 865 1069 864 1069 847 1084 823 1070 822 1070 820 1070 819 1070 783 1081 754 1072 752 1072 751 1072 749 1072 748 1072 728 1085 693 1078 691 1078 609 1090 611 1134"/></Shape>
	    <String CONTENT="atque abeſt. Quod enim hę duę poſterio¬"
                    HPOS="609"
                    VPOS="1052"
                    WIDTH="1043"
                    HEIGHT="100"></String>
          </TextLine>

          
          
          <TextLine ID="eSc_line_4bc7f4bd"
                    TAGREFS="LT4119"
                    BASELINE="614 1203 1658 1173" 
                    HPOS="611"
                    VPOS="1119"
                    WIDTH="1047"
                    HEIGHT="104">
            <Shape><Polygon POINTS="614 1203 614 1216 655 1223 657 1223 658 1223 682 1215 685 1213 688 1215 706 1222 707 1222 709 1222 754 1212 759 1212 765 1212 820 1219 822 1219 910 1207 926 1206 935 1207 978 1215 980 1215 981 1215 1015 1204 1017 1204 1018 1204 1058 1212 1060 1212 1173 1200 1186 1198 1192 1198 1237 1207 1238 1207 1240 1207 1270 1197 1341 1204 1342 1204 1464 1191 1603 1197 1604 1197 1658 1183 1658 1173 1655 1128 1607 1119 1606 1119 1516 1131 1500 1133 1485 1131 1412 1125 1411 1125 1409 1125 1389 1134 1384 1137 1335 1137 1332 1136 1317 1128 1316 1128 1314 1128 1313 1128 1289 1137 1283 1139 1276 1137 1241 1130 1240 1130 1238 1130 1207 1137 1195 1131 1194 1131 1192 1131 1191 1131 1189 1131 1179 1140 1176 1143 892 1149 874 1148 823 1142 822 1142 820 1142 795 1149 785 1152 774 1151 745 1145 743 1145 742 1145 725 1152 716 1155 694 1152 658 1148 657 1148 611 1154 614 1203"/></Shape>
	    <String CONTENT="res notę, tanquam neceſſarię, ad veræ Ec"
                    HPOS="611"
                    VPOS="1119"
                    WIDTH="1047"
                    HEIGHT="104"></String>
          </TextLine>

          
          
          <TextLine ID="eSc_line_76750a73"
                    TAGREFS="LT4119"
                    BASELINE="612 1273 1662 1240" 
                    HPOS="609"
                    VPOS="1182"
                    WIDTH="1053"
                    HEIGHT="116">
            <Shape><Polygon POINTS="612 1273 614 1298 672 1281 718 1281 751 1293 752 1293 754 1293 755 1293 757 1293 816 1279 889 1289 896 1289 898 1289 899 1289 901 1289 922 1279 966 1283 968 1283 1044 1271 1189 1279 1212 1279 1213 1279 1215 1279 1216 1279 1218 1277 1234 1264 1348 1262 1368 1271 1372 1274 1374 1274 1375 1274 1494 1270 1496 1270 1497 1270 1497 1268 1499 1267 1511 1258 1545 1265 1546 1265 1548 1265 1549 1265 1572 1256 1661 1261 1662 1240 1656 1182 1586 1197 1414 1201 1342 1195 1283 1189 1282 1189 1280 1189 1279 1189 1268 1198 1259 1206 1235 1200 1226 1197 1225 1197 1224 1197 1222 1197 1207 1200 1174 1209 1152 1203 1122 1195 1121 1195 1119 1195 993 1198 991 1198 963 1210 962 1212 960 1212 945 1200 944 1200 942 1200 941 1200 939 1200 916 1207 859 1203 858 1203 856 1203 831 1216 804 1204 803 1204 801 1204 800 1204 798 1204 785 1215 713 1207 712 1207 710 1207 682 1216 660 1209 658 1209 657 1209 655 1209 609 1223 612 1273"/></Shape>
	    <String CONTENT="cleſię deſignationẽ à nõnullis pronuntiã"
                    HPOS="609"
                    VPOS="1182"
                    WIDTH="1053"
                    HEIGHT="116"></String>
          </TextLine>

          
          
          <TextLine ID="eSc_line_5c713039"
                    TAGREFS="LT4119"
                    BASELINE="614 1339 1659 1310" 
                    HPOS="611"
                    VPOS="1255"
                    WIDTH="1048"
                    HEIGHT="107">
            <Shape><Polygon POINTS="614 1339 614 1354 716 1362 718 1362 771 1350 776 1350 779 1350 813 1359 815 1359 816 1359 893 1348 1081 1351 1082 1351 1136 1339 1139 1339 1145 1339 1271 1345 1273 1345 1320 1335 1395 1342 1396 1342 1516 1329 1600 1337 1601 1337 1659 1323 1659 1310 1656 1270 1603 1270 1583 1255 1582 1255 1580 1255 1552 1255 1551 1255 1549 1255 1500 1273 1497 1273 1491 1273 1456 1267 1454 1267 1381 1274 1366 1276 1363 1274 1347 1261 1345 1261 1344 1261 1342 1261 1256 1277 1235 1281 1119 1283 1113 1280 1091 1268 1090 1268 1088 1268 1087 1268 1055 1281 1051 1283 1048 1281 1032 1271 1030 1271 1029 1271 977 1271 975 1271 974 1271 947 1281 935 1274 933 1274 932 1274 931 1274 892 1279 890 1279 880 1284 867 1292 850 1292 843 1284 832 1276 831 1276 829 1276 828 1276 768 1277 767 1277 736 1287 712 1295 611 1290 614 1339"/></Shape>
	    <String CONTENT="tur, oſtendũt illi tãtum, quid quantũque"
                    HPOS="611"
                    VPOS="1255"
                    WIDTH="1048"
                    HEIGHT="107"
                    WC="0.990282312382099"></String>
          </TextLine>

          
          
          <TextLine ID="eSc_line_e9c5a3c0"
                    TAGREFS="LT4119"
                    BASELINE="614 1408 1656 1378" 
                    HPOS="612"
                    VPOS="1326"
                    WIDTH="1044"
                    HEIGHT="98">
            <Shape><Polygon POINTS="614 1408 614 1424 907 1423 908 1423 920 1418 939 1412 968 1417 977 1418 978 1418 990 1417 1032 1409 1084 1414 1113 1417 1115 1417 1139 1412 1186 1405 1325 1408 1393 1409 1395 1409 1396 1409 1405 1406 1426 1399 1583 1400 1585 1400 1586 1400 1604 1393 1655 1399 1656 1378 1653 1335 1600 1326 1598 1326 1597 1326 1574 1337 1572 1337 1514 1329 1512 1329 1511 1329 1491 1339 1488 1341 1377 1342 1375 1342 1363 1335 1362 1335 1360 1335 1359 1335 1299 1344 1286 1335 1284 1335 1283 1335 1282 1335 1163 1348 1158 1348 1136 1339 1134 1339 1133 1339 1073 1341 1072 1341 1070 1341 1070 1342 1060 1351 1058 1351 994 1344 993 1344 991 1344 990 1344 983 1350 974 1344 972 1344 971 1344 969 1344 920 1356 916 1357 884 1357 884 1356 874 1347 873 1347 871 1347 870 1347 803 1359 800 1359 792 1359 633 1354 632 1354 630 1354 612 1362 614 1408"/></Shape>
	    <String CONTENT="requiratur, vt omnibus ſuis numeris ab¬"
                    HPOS="612"
                    VPOS="1326"
                    WIDTH="1044"
                    HEIGHT="98"
                    WC="0.982679227987925"></String>
          </TextLine>

          
          
          <TextLine ID="eSc_line_3438baf7"
                    TAGREFS="LT4119"
                    BASELINE="615 1478 1659 1447" 
                    HPOS="612"
                    VPOS="1400"
                    WIDTH="1047"
                    HEIGHT="93">
            <Shape><Polygon POINTS="615 1478 615 1493 1659 1467 1659 1447 1655 1403 1392 1409 1360 1400 1359 1400 1357 1400 1283 1409 1210 1402 1209 1402 1207 1402 1206 1402 1183 1415 1122 1405 1121 1405 1119 1405 1118 1405 1100 1417 1066 1406 1064 1406 1063 1406 1061 1406 1060 1406 1060 1408 1047 1420 977 1409 975 1409 974 1409 972 1409 957 1423 956 1423 951 1423 813 1414 812 1414 810 1414 755 1429 754 1429 734 1420 733 1420 731 1420 730 1420 706 1429 685 1418 684 1418 682 1418 639 1420 638 1420 612 1430 615 1478"/></Shape>
	    <String CONTENT="ſoluta ſit verę Eccleſię facies. non autem"
                    HPOS="612"
                    VPOS="1400"
                    WIDTH="1047"
                    HEIGHT="93"></String>
          </TextLine>

          
          
          <TextLine ID="eSc_line_6ae42d38"
                    TAGREFS="LT4119"
                    BASELINE="614 1545 1659 1515" 
                    HPOS="612"
                    VPOS="1460"
                    WIDTH="1047"
                    HEIGHT="100">
            <Shape><Polygon POINTS="614 1545 614 1560 1658 1536 1659 1515 1655 1466 1610 1470 1594 1467 1563 1460 1561 1460 1560 1460 1540 1469 1530 1475 1466 1475 1461 1472 1444 1463 1442 1463 1441 1463 1439 1463 1415 1473 1406 1476 1395 1473 1375 1469 1374 1469 1372 1469 1371 1469 1350 1475 1337 1478 1328 1475 1298 1467 1296 1467 1295 1467 1293 1467 1253 1478 1241 1481 1238 1478 1228 1470 1226 1470 1225 1470 1224 1470 1157 1479 1131 1472 1130 1472 1128 1472 1127 1472 1099 1482 1078 1473 1076 1473 1075 1473 1036 1475 1035 1475 1033 1475 1020 1485 1014 1490 919 1491 895 1490 820 1481 819 1481 817 1481 816 1481 816 1482 804 1493 801 1496 762 1496 752 1494 713 1484 712 1484 710 1484 709 1484 707 1484 688 1496 687 1496 655 1487 654 1487 652 1487 651 1487 612 1497 614 1545"/></Shape>
	    <String CONTENT="illud volunt, omninò Dei Eccleſiam dici"
                    HPOS="612"
                    VPOS="1460"
                    WIDTH="1047"
                    HEIGHT="100"
                    WC="0.996328005194664"></String>
          </TextLine>

          
          
          <TextLine ID="eSc_line_4c777dc1"
                    TAGREFS="LT4119"
                    BASELINE="615 1613 1659 1583" 
                    HPOS="612"
                    VPOS="1534"
                    WIDTH="1047"
                    HEIGHT="95">
            <Shape><Polygon POINTS="615 1613 615 1629 1659 1601 1659 1583 1656 1543 1500 1534 1499 1534 1497 1534 1444 1548 1347 1540 1345 1540 1344 1540 1342 1540 1326 1551 1188 1554 1176 1545 1174 1545 1173 1545 1134 1545 1133 1545 1131 1545 1130 1545 1109 1557 954 1555 953 1555 914 1563 911 1563 910 1563 853 1554 852 1554 850 1554 817 1566 816 1566 815 1566 794 1555 792 1555 791 1555 789 1555 765 1566 736 1558 734 1558 733 1558 731 1558 703 1567 666 1558 664 1558 663 1558 612 1570 615 1613"/></Shape>
	    <String CONTENT="eum cœtum non poſſe, in quo purè &amp; ve¬"
                    HPOS="612"
                    VPOS="1534"
                    WIDTH="1047"
                    HEIGHT="95"
                    WC="0.986183120654179"></String>
          </TextLine>

          
          
          <TextLine ID="eSc_line_7639edd4"
                    TAGREFS="LT4119"
                    BASELINE="615 1683 1128 1664 1662 1652" 
                    HPOS="614"
                    VPOS="1597"
                    WIDTH="1048"
                    HEIGHT="104">
            <Shape><Polygon POINTS="615 1683 615 1701 1015 1685 1033 1687 1052 1692 1054 1692 1055 1692 1069 1687 1081 1683 1093 1686 1109 1690 1110 1690 1112 1690 1113 1690 1131 1685 1139 1683 1168 1683 1265 1686 1267 1686 1268 1686 1270 1686 1279 1680 1283 1677 1287 1679 1302 1685 1304 1685 1305 1685 1417 1682 1458 1673 1470 1671 1497 1671 1592 1676 1594 1676 1661 1665 1662 1652 1659 1609 1610 1597 1609 1597 1540 1610 1467 1601 1466 1601 1395 1616 1307 1616 1268 1607 1267 1607 1265 1607 1264 1607 1262 1607 1262 1609 1250 1619 1188 1613 1186 1613 1185 1613 1167 1621 1109 1612 1107 1612 1106 1612 1105 1612 1084 1625 1058 1625 1041 1625 1009 1615 1008 1615 1006 1615 914 1618 913 1618 889 1628 870 1622 868 1622 867 1622 865 1622 843 1631 841 1631 768 1622 767 1622 765 1622 764 1622 764 1624 752 1634 748 1634 658 1625 657 1625 655 1625 614 1637 615 1683"/></Shape>
	    <String CONTENT="rè verbum diuinum prædicatur, ſi nulla"
                    HPOS="614"
                    VPOS="1597"
                    WIDTH="1048"
                    HEIGHT="104"
                    WC="0.991093873977661"></String>
          </TextLine>

          
          
          <TextLine ID="eSc_line_edc3f9a4"
                    TAGREFS="LT4119"
                    BASELINE="618 1751 1659 1722" 
                    HPOS="615"
                    VPOS="1664"
                    WIDTH="1044"
                    HEIGHT="107">
            <Shape><Polygon POINTS="618 1751 618 1771 709 1765 774 1768 825 1771 826 1771 828 1771 846 1766 880 1757 911 1765 929 1768 931 1768 932 1768 951 1763 986 1754 1014 1762 1032 1765 1033 1765 1057 1760 1093 1751 1107 1759 1115 1762 1116 1762 1118 1762 1119 1762 1128 1757 1143 1750 1201 1756 1240 1759 1241 1759 1287 1753 1354 1743 1659 1741 1659 1722 1656 1674 1631 1664 1630 1664 1628 1664 1627 1664 1603 1676 1580 1667 1579 1667 1577 1667 1576 1667 1551 1677 1500 1667 1499 1667 1461 1668 1460 1668 1458 1668 1442 1680 1383 1673 1381 1673 1216 1686 1136 1677 1134 1677 1072 1687 1023 1682 1021 1682 1020 1682 1018 1682 1005 1692 969 1683 968 1683 966 1683 965 1683 926 1695 925 1695 920 1695 846 1689 844 1689 843 1689 812 1698 810 1698 776 1689 774 1689 773 1689 771 1689 752 1696 722 1689 721 1689 719 1689 718 1689 682 1701 649 1692 648 1692 646 1692 645 1692 615 1702 618 1751"/></Shape>
	    <String CONTENT="ſit diſciplinȩ Eccleſiaſticę praxis. Sũt igi¬"
                    HPOS="615"
                    VPOS="1664"
                    WIDTH="1044"
                    HEIGHT="107"></String>
          </TextLine>

          
          
          <TextLine ID="eSc_line_d334ae36"
                    TAGREFS="LT4119"
                    BASELINE="618 1821 957 1806 1665 1789" 
                    HPOS="615"
                    VPOS="1735"
                    WIDTH="1050"
                    HEIGHT="104">
            <Shape><Polygon POINTS="618 1821 618 1839 929 1821 994 1826 1030 1829 1032 1829 1058 1824 1094 1817 1119 1821 1139 1824 1140 1824 1142 1824 1154 1820 1165 1815 1174 1820 1185 1824 1186 1824 1188 1824 1250 1817 1292 1811 1307 1814 1329 1818 1331 1818 1332 1818 1345 1812 1350 1811 1374 1811 1497 1815 1499 1815 1591 1804 1619 1811 1621 1811 1622 1811 1624 1811 1665 1799 1665 1789 1661 1745 1569 1747 1557 1738 1557 1737 1555 1737 1554 1737 1509 1735 1508 1735 1506 1735 1488 1744 1470 1738 1469 1738 1467 1738 1466 1738 1464 1738 1444 1751 1441 1753 1363 1753 1362 1753 1307 1741 1305 1741 1304 1741 1270 1756 1268 1757 1200 1757 1198 1757 1179 1747 1177 1747 1133 1745 1131 1745 1055 1756 960 1751 959 1751 957 1751 926 1766 923 1766 917 1766 840 1754 838 1754 837 1754 835 1754 835 1756 820 1769 819 1769 813 1769 718 1757 716 1757 715 1757 713 1757 693 1771 615 1774 618 1821"/></Shape>
	    <String CONTENT="ttir huiuſmodi Eccleſię quidem, ſed non"
                    HPOS="615"
                    VPOS="1735"
                    WIDTH="1050"
                    HEIGHT="104"></String>
          </TextLine>

          
          
          <TextLine ID="eSc_line_0dcaaf4d"
                    TAGREFS="LT4119"
                    BASELINE="617 1890 1048 1872 1667 1857" 
                    HPOS="615"
                    VPOS="1802"
                    WIDTH="1052"
                    HEIGHT="106">
            <Shape><Polygon POINTS="617 1890 617 1908 727 1899 761 1905 765 1905 767 1905 773 1905 817 1896 856 1902 865 1902 867 1902 883 1900 935 1893 956 1897 965 1899 966 1899 981 1896 1017 1890 1049 1894 1066 1896 1067 1896 1087 1893 1116 1887 1136 1891 1146 1893 1148 1893 1149 1893 1161 1890 1180 1885 1265 1885 1360 1887 1362 1887 1667 1870 1667 1857 1661 1802 1259 1823 1192 1820 1121 1815 1119 1815 1118 1815 1116 1815 1116 1817 1110 1823 1106 1826 1102 1823 1096 1817 1094 1817 1093 1817 1091 1817 1045 1824 1044 1824 1042 1824 862 1823 861 1823 815 1833 803 1836 795 1835 768 1826 767 1826 765 1826 764 1826 743 1836 740 1838 734 1836 707 1832 706 1832 615 1841 617 1890"/></Shape>
	    <String CONTENT="omnibus ſuis partibus &amp; numeris abſolu¬"
                    HPOS="615"
                    VPOS="1802"
                    WIDTH="1052"
                    HEIGHT="106"
                    WC="0.995761851469676"></String>
          </TextLine>

          
          
          <TextLine ID="eSc_line_f308b426"
                    TAGREFS="LT4119"
                    BASELINE="621 1958 997 1942 1664 1924" 
                    HPOS="618"
                    VPOS="1872"
                    WIDTH="1046"
                    HEIGHT="106">
            <Shape><Polygon POINTS="621 1958 621 1976 716 1970 742 1975 764 1978 765 1978 767 1978 788 1972 815 1966 838 1970 859 1975 861 1975 862 1975 864 1975 864 1973 868 1970 874 1963 1060 1958 1078 1961 1102 1967 1103 1967 1105 1967 1106 1967 1106 1966 1107 1966 1110 1961 1112 1960 1122 1960 1165 1964 1167 1964 1200 1958 1221 1954 1287 1954 1436 1957 1438 1957 1439 1957 1441 1957 1451 1948 1454 1946 1464 1948 1493 1954 1494 1954 1533 1946 1537 1945 1540 1945 1560 1952 1561 1952 1563 1952 1564 1952 1566 1952 1577 1943 1579 1943 1585 1943 1630 1951 1631 1951 1632 1951 1664 1940 1664 1924 1661 1881 1536 1872 1534 1872 1533 1872 1500 1881 1442 1875 1441 1875 1439 1875 1438 1875 1421 1885 1420 1887 1412 1887 1356 1878 1354 1878 1305 1888 1292 1891 1259 1890 1151 1884 1149 1884 1148 1884 1125 1893 1118 1896 1102 1894 1052 1887 1051 1887 999 1896 974 1900 956 1897 928 1893 926 1893 847 1900 761 1908 618 1906 621 1958"/></Shape>
	    <String CONTENT="tæ: quin potius claudicantes. Sic il le à no¬"
                    HPOS="618"
                    VPOS="1872"
                    WIDTH="1046"
                    HEIGHT="106"
                    WC="0.98883425541546"></String>
          </TextLine>

          
          
          <TextLine ID="eSc_line_0d5e9c99"
                    TAGREFS="LT4119"
                    BASELINE="620 2028 1021 2010 1670 1995" 
                    HPOS="617"
                    VPOS="1943"
                    WIDTH="1053"
                    HEIGHT="100">
            <Shape><Polygon POINTS="620 2028 620 2043 825 2043 825 2041 923 2033 980 2028 1027 2030 1110 2033 1112 2033 1113 2033 1133 2027 1142 2024 1194 2024 1308 2027 1310 2027 1311 2027 1334 2021 1342 2018 1366 2019 1432 2024 1433 2024 1435 2024 1436 2024 1436 2022 1442 2016 1445 2015 1479 2015 1595 2019 1597 2019 1670 2009 1670 1995 1665 1948 1580 1954 1573 1949 1566 1943 1564 1943 1563 1943 1561 1943 1461 1946 1427 1952 1384 1960 1365 1954 1351 1949 1350 1949 1348 1949 1286 1951 1284 1951 1265 1955 1231 1964 1200 1957 1183 1954 1182 1954 1161 1958 1121 1967 1102 1961 1100 1961 1099 1961 1012 1970 1000 1961 999 1961 997 1961 996 1961 994 1961 993 1961 968 1972 898 1964 886 1963 884 1963 883 1963 881 1963 880 1964 865 1975 831 1964 826 1964 825 1964 823 1964 812 1966 713 1979 693 1969 691 1969 690 1969 688 1969 664 1976 617 1970 620 2028"/></Shape>
	    <String CONTENT="bis dicitur homo, cui brachium vtrũque"
                    HPOS="617"
                    VPOS="1943"
                    WIDTH="1053"
                    HEIGHT="100"
                    WC="0.987375377080379"></String>
          </TextLine>

          
          
          <TextLine ID="eSc_line_ee9d86d4"
                    TAGREFS="LT4119"
                    BASELINE="621 2095 1173 2074 1671 2062" 
                    HPOS="618"
                    VPOS="2012"
                    WIDTH="1053"
                    HEIGHT="105">
            <Shape><Polygon POINTS="621 2095 621 2117 810 2102 1189 2096 1612 2088 1671 2076 1671 2062 1667 2015 1420 2021 1381 2012 1380 2012 1378 2012 1282 2027 1279 2027 1277 2027 1232 2016 1231 2016 1229 2016 1182 2028 1139 2019 1137 2019 1136 2019 1134 2019 1121 2031 1087 2022 1085 2022 1084 2022 1082 2022 1063 2033 1008 2024 1006 2024 1005 2024 1003 2024 987 2036 916 2027 914 2027 913 2027 911 2027 911 2028 898 2038 858 2028 856 2028 855 2028 853 2028 852 2028 852 2030 840 2040 759 2031 758 2031 691 2043 655 2036 654 2036 652 2036 618 2047 621 2095"/></Shape>
	    <String CONTENT="abſciſſum eſt, ſi modò idem ille ratiocina"
                    HPOS="618"
                    VPOS="2012"
                    WIDTH="1053"
                    HEIGHT="105"
                    WC="0.9855159091395"></String>
          </TextLine>

          
          
          <TextLine ID="eSc_line_9d295fc1"
                    TAGREFS="LT4119"
                    BASELINE="626 2166 1670 2131" 
                    HPOS="623"
                    VPOS="2073"
                    WIDTH="1047"
                    HEIGHT="135">
            <Shape><Polygon POINTS="626 2166 626 2204 638 2208 639 2208 641 2208 642 2208 643 2208 651 2204 672 2190 806 2195 807 2195 889 2178 991 2178 1032 2189 1057 2196 1058 2196 1060 2196 1189 2192 1191 2192 1192 2192 1192 2190 1201 2183 1209 2175 1234 2175 1250 2181 1271 2189 1273 2189 1274 2189 1435 2181 1436 2181 1457 2174 1499 2156 1612 2154 1668 2165 1670 2131 1664 2073 1577 2091 1512 2091 1494 2079 1493 2079 1491 2079 1490 2079 1488 2079 1487 2079 1487 2080 1467 2094 1356 2096 1329 2086 1320 2083 1319 2083 1317 2083 1258 2086 1256 2086 1255 2086 1249 2089 1229 2101 1174 2094 1146 2089 1145 2089 1073 2092 1072 2092 1058 2098 1039 2108 922 2110 886 2105 841 2099 840 2099 838 2099 809 2108 803 2110 797 2108 765 2102 764 2102 762 2102 742 2111 730 2117 623 2117 626 2166"/></Shape>
	    <String CONTENT="tur. Sed hoc conari, hoc ſtudere, hoc ef¬"
                    HPOS="623"
                    VPOS="2073"
                    WIDTH="1047"
                    HEIGHT="135"></String>
          </TextLine>

          
        </TextBlock>
        
        <TextBlock HPOS="1489.350830078125"
                   VPOS="2155.9140625"
                   WIDTH="188.330810546875"
                   HEIGHT="62.826904296875"
                   ID="block_0"
                   TAGREFS="BT10534">
          <Shape><Polygon POINTS="1489.35 2155.91 1677.68 2155.91 1677.68 2218.74 1489.35 2218.74 1489.35 2155.91"/></Shape>
          
          
          <TextLine ID="eSc_line_f9dc0d8d"
                    TAGREFS="LT4119"
                    BASELINE="1509 2202 1673 2199" 
                    HPOS="1508"
                    VPOS="2149"
                    WIDTH="165"
                    HEIGHT="105">
            <Shape><Polygon POINTS="1509 2202 1509 2254 1673 2253 1673 2199 1668 2153 1567 2157 1564 2157 1524 2149 1522 2149 1521 2149 1519 2149 1508 2156 1509 2202"/></Shape>
	    <String CONTENT="ficere"
                    HPOS="1508"
                    VPOS="2149"
                    WIDTH="165"
                    HEIGHT="105"
                    WC="0.963795771201452"></String>
          </TextLine>

          
        </TextBlock>
        

        
      </PrintSpace>
    </Page>
  </Layout>
</alto>
