<?xml version="1.0" encoding="UTF-8"?>
<alto xmlns:xsi="http://www.w3.org/2001/XMLSchema-instance"
      xmlns="http://www.loc.gov/standards/alto/ns-v4#"
      xsi:schemaLocation="http://www.loc.gov/standards/alto/ns-v4# http://www.loc.gov/standards/alto/v4/alto-4-2.xsd">
  <Description>
    <MeasurementUnit>pixel</MeasurementUnit>
    <sourceImageInformation>
      <fileName>2012917.png</fileName>
      
    </sourceImageInformation>
  </Description>
  
  <Tags>
    <OtherTag ID="BT10544" LABEL="text" DESCRIPTION="block type text"/><OtherTag ID="BT10543" LABEL="NumberingZone" DESCRIPTION="block type NumberingZone"/><OtherTag ID="BT10542" LABEL="MainZone" DESCRIPTION="block type MainZone"/><OtherTag ID="BT10538" LABEL="RunningTitleZone" DESCRIPTION="block type RunningTitleZone"/><OtherTag ID="BT10537" LABEL="DropCapitalZone" DESCRIPTION="block type DropCapitalZone"/><OtherTag ID="BT10536" LABEL="GraphicZone" DESCRIPTION="block type GraphicZone"/><OtherTag ID="BT10535" LABEL="TitlePageZone" DESCRIPTION="block type TitlePageZone"/><OtherTag ID="BT10534" LABEL="QuireMarksZone" DESCRIPTION="block type QuireMarksZone"/><OtherTag ID="BT10533" LABEL="MarginTextZone" DESCRIPTION="block type MarginTextZone"/>
    <OtherTag ID="LT4122" LABEL="default" DESCRIPTION="line type default"/><OtherTag ID="LT4119" LABEL="DefaultLine" DESCRIPTION="line type DefaultLine"/><OtherTag ID="LT4118" LABEL="HeadingLine" DESCRIPTION="line type HeadingLine"/><OtherTag ID="LT4117" LABEL="CustomLine : BiblicalText" DESCRIPTION="line type CustomLine : BiblicalText"/>
  </Tags>
  
  <Layout>
    <Page WIDTH="1807"
          HEIGHT="2677"
          PHYSICAL_IMG_NR="33"
          ID="eSc_dummypage_">
      <PrintSpace HPOS="0"
                  VPOS="0"
                  WIDTH="1807"
                  HEIGHT="2677">
        
        <TextBlock HPOS="533"
                   VPOS="191"
                   WIDTH="323"
                   HEIGHT="62"
                   ID="block_0"
                   TAGREFS="BT10538">
          <Shape><Polygon POINTS="856 191 856 253 533 253 533 191"/></Shape>
          
          
          <TextLine ID="eSc_line_fc35fe5a"
                    TAGREFS="LT4118"
                    BASELINE="539 237 841 234" 
                    HPOS="538"
                    VPOS="185"
                    WIDTH="303"
                    HEIGHT="64">
            <Shape><Polygon POINTS="825 193 765 199 754 191 746 185 745 185 743 185 742 185 740 185 728 191 724 193 715 191 690 185 688 185 687 185 685 185 679 190 667 199 611 200 600 190 597 188 582 188 568 188 565 188 548 188 538 191 539 237 539 248 838 249 841 234 837 196 835 196"/></Shape>
	    <String CONTENT="CAPVT I."
                    HPOS="538"
                    VPOS="185"
                    WIDTH="303"
                    HEIGHT="64"
                    WC="0.998811818659306"></String>
          </TextLine>

          
        </TextBlock>
        
        <TextBlock HPOS="1161"
                   VPOS="208"
                   WIDTH="51"
                   HEIGHT="45"
                   ID="eSc_textblock_3f9927ae"
                   TAGREFS="BT10543">
          <Shape><Polygon POINTS="1161 208 1161 253 1212 253 1212 208"/></Shape>
          
          
          <TextLine ID="eSc_line_a20348af"
                    TAGREFS="LT4119"
                    BASELINE="1180 243 1203 243" 
                    HPOS="1177"
                    VPOS="209"
                    WIDTH="25"
                    HEIGHT="63">
            <Shape><Polygon POINTS="1200 209 1177 209 1177 240 1177 272 1202 269 1202 240 1202 209 1200 209"/></Shape>
	    <String CONTENT="5"
                    HPOS="1177"
                    VPOS="209"
                    WIDTH="25"
                    HEIGHT="63"></String>
          </TextLine>

          
        </TextBlock>
        
        <TextBlock HPOS="144"
                   VPOS="262"
                   WIDTH="1074"
                   HEIGHT="1955"
                   ID="block_4"
                   TAGREFS="BT10542">
          <Shape><Polygon POINTS="1218 262 1218 2157 144 2217 144 262"/></Shape>
          
          
          <TextLine ID="eSc_line_3340671d"
                    TAGREFS="LT4119"
                    BASELINE="157 310 1207 306" 
                    HPOS="157"
                    VPOS="254"
                    WIDTH="1050"
                    HEIGHT="74">
            <Shape><Polygon POINTS="942 254 929 254 914 254 892 254 890 254 816 267 815 267 779 255 777 255 776 255 774 255 745 267 745 269 688 269 682 269 651 255 649 255 648 255 575 266 560 255 559 255 557 255 508 255 507 255 505 255 474 269 472 269 464 269 330 257 319 258 318 258 307 267 261 261 260 261 245 263 230 263 215 264 209 264 168 269 157 279 157 310 157 328 1069 319 1192 325 1194 325 1195 325 1197 325 1207 318 1207 306 1204 267 1102 267 1070 254 1069 254 1067 254 1023 263 996 254 994 254 993 254 991 254 968 264 944 254 942 254"/></Shape>
	    <String CONTENT="autem debemus Patribus qui nos in Dei metu"
                    HPOS="157"
                    VPOS="254"
                    WIDTH="1050"
                    HEIGHT="74"
                    WC="0.987221214033309"></String>
          </TextLine>

          
          
          <TextLine ID="eSc_line_6ff2583a"
                    TAGREFS="LT4119"
                    BASELINE="156 368 1203 364" 
                    HPOS="154"
                    VPOS="318"
                    WIDTH="1049"
                    HEIGHT="73">
            <Shape><Polygon POINTS="156 368 156 383 334 382 348 383 408 391 410 391 411 391 413 391 425 382 428 382 443 382 550 389 551 389 553 389 554 389 562 382 565 380 676 380 685 380 745 389 746 389 748 389 749 389 758 382 832 386 834 386 875 380 884 379 887 380 902 388 904 388 905 389 962 389 962 388 963 388 965 388 974 380 1017 388 1018 388 1140 380 1158 388 1160 388 1161 388 1163 388 1203 377 1203 364 1201 331 1164 318 1163 318 1161 318 1099 325 1070 318 1069 318 1067 318 1066 318 1064 318 1049 330 1009 318 1008 318 1006 318 1005 318 981 330 980 330 938 322 936 322 873 330 852 331 849 330 835 321 834 321 832 321 831 321 829 321 807 328 788 319 786 319 785 319 783 319 764 328 758 333 660 333 652 328 630 319 629 319 627 319 548 328 502 333 493 328 487 324 486 324 484 324 483 324 481 324 469 327 458 331 453 327 446 321 444 321 443 321 441 321 411 327 386 333 367 327 350 322 349 322 348 322 304 327 261 331 252 327 240 321 239 321 237 321 154 325 156 368"/></Shape>
	    <String CONTENT="inſtruunt, quàm qui nos tantùm corpore gignũt."
                    HPOS="154"
                    VPOS="318"
                    WIDTH="1049"
                    HEIGHT="73"
                    WC="0.97654773142873"></String>
          </TextLine>

          
          
          <TextLine ID="eSc_line_4539891d"
                    TAGREFS="LT4119"
                    BASELINE="159 429 1203 422" 
                    HPOS="157"
                    VPOS="374"
                    WIDTH="1046"
                    HEIGHT="76">
            <Shape><Polygon POINTS="159 429 160 450 191 441 306 449 315 449 316 449 318 449 319 449 331 441 413 447 419 447 420 447 422 447 423 447 434 440 539 446 572 447 574 447 575 447 582 446 608 438 676 438 687 444 688 446 690 446 691 446 693 446 1201 437 1203 422 1198 383 1145 383 1142 382 1122 374 1121 374 1119 374 1118 374 1116 374 1107 382 1103 386 1021 386 1012 382 994 374 993 374 991 374 990 374 966 382 947 388 840 382 798 380 797 380 795 380 794 380 792 382 780 391 678 391 666 382 660 377 658 377 657 377 600 377 599 377 597 377 596 377 591 382 581 391 508 391 459 382 443 379 441 379 440 379 434 382 413 391 379 382 368 379 367 379 365 379 364 379 362 379 359 382 348 389 281 382 267 380 266 380 264 380 261 382 239 392 217 382 214 380 212 380 211 380 157 380 159 429"/></Shape>
	    <String CONTENT="Nec quod paſtores dicantur patres noſtri in fide"
                    HPOS="157"
                    VPOS="374"
                    WIDTH="1046"
                    HEIGHT="76"
                    WC="0.977803497264783"></String>
          </TextLine>

          
          
          <TextLine ID="eSc_line_2da40846"
                    TAGREFS="LT4119"
                    BASELINE="156 484 1200 480" 
                    HPOS="154"
                    VPOS="437"
                    WIDTH="1046"
                    HEIGHT="70">
            <Shape><Polygon POINTS="156 484 156 499 374 507 376 507 377 507 404 499 406 499 407 499 450 507 452 507 453 507 468 499 499 507 501 507 502 507 568 498 577 498 603 498 809 505 810 505 878 496 889 496 902 496 986 504 987 504 989 504 990 504 999 496 1000 496 1036 504 1038 504 1198 495 1200 480 1195 437 1133 447 1005 438 966 437 965 437 963 437 962 437 959 440 947 449 895 449 878 441 868 437 867 437 865 437 829 441 795 446 777 443 759 438 758 438 757 438 755 438 751 443 742 449 700 443 681 441 679 441 645 444 590 449 566 446 527 438 526 438 524 438 508 446 499 452 301 452 295 449 266 440 264 440 263 440 154 450 156 484"/></Shape>
	    <String CONTENT="excuſat patres ipſos corporum &amp; carnales, quò"
                    HPOS="154"
                    VPOS="437"
                    WIDTH="1046"
                    HEIGHT="70"
                    WC="0.977168500423431"></String>
          </TextLine>

          
          
          <TextLine ID="eSc_line_43233a3f"
                    TAGREFS="LT4119"
                    BASELINE="157 542 1209 539" 
                    HPOS="156"
                    VPOS="496"
                    WIDTH="1053"
                    HEIGHT="67">
            <Shape><Polygon POINTS="157 542 157 554 519 563 520 563 585 556 782 562 783 562 831 553 835 553 850 553 1036 560 1038 560 1081 553 1182 562 1183 562 1185 562 1209 551 1209 539 1207 508 1177 496 1176 496 1174 496 1173 496 1149 508 1087 508 1055 496 1054 496 1052 496 1051 496 1049 496 1049 498 1039 507 1020 496 1018 496 977 496 975 496 974 496 935 508 838 508 792 496 791 496 743 507 703 496 701 496 700 496 699 496 697 496 678 508 532 498 530 498 529 498 527 498 514 510 446 510 353 498 352 498 350 498 316 510 156 510 157 542"/></Shape>
	    <String CONTENT="minus inſtituant liberos ſuos in vero Dei metu"
                    HPOS="156"
                    VPOS="496"
                    WIDTH="1053"
                    HEIGHT="67"
                    WC="0.994325536748637"></String>
          </TextLine>

          
          
          <TextLine ID="eSc_line_74f0d3ed"
                    TAGREFS="LT4119"
                    BASELINE="156 605 1206 599" 
                    HPOS="154"
                    VPOS="551"
                    WIDTH="1052"
                    HEIGHT="76">
            <Shape><Polygon POINTS="156 605 156 617 174 626 175 626 176 627 343 627 343 626 417 615 428 623 429 623 431 623 646 624 648 624 649 624 688 614 703 623 704 623 706 623 707 623 709 623 734 614 871 623 873 623 963 612 1137 621 1139 621 1206 609 1206 599 1204 563 1164 551 1163 551 1161 551 1160 551 1131 563 1069 563 1055 551 1054 551 1052 551 942 551 941 551 890 553 889 553 887 553 874 563 873 565 727 565 725 563 713 553 712 553 710 553 709 553 605 563 575 566 464 566 458 563 447 556 446 556 444 556 443 556 382 563 346 566 318 563 272 556 270 556 269 556 243 563 229 566 154 563 156 605"/></Shape>
	    <String CONTENT="&amp; pietate Deut.4. verſ.II.&amp; II.V.I9. ſed differentia"
                    HPOS="154"
                    VPOS="551"
                    WIDTH="1052"
                    HEIGHT="76"></String>
          </TextLine>

          
          
          <TextLine ID="eSc_line_cab32e1b"
                    TAGREFS="LT4119"
                    BASELINE="157 661 1200 657" 
                    HPOS="156"
                    VPOS="617"
                    WIDTH="1044"
                    HEIGHT="67">
            <Shape><Polygon POINTS="157 661 157 684 273 684 273 682 275 682 276 682 295 675 437 675 449 681 456 684 458 684 459 684 489 681 542 673 629 673 641 679 645 682 646 682 648 682 649 682 667 679 691 673 773 673 783 678 795 682 797 682 798 684 837 684 837 682 838 682 840 682 846 678 853 672 865 676 875 681 877 681 878 681 899 676 922 672 962 676 1008 681 1009 681 1042 675 1066 672 1102 672 1106 675 1112 681 1113 681 1115 681 1116 681 1198 673 1200 657 1197 626 855 626 817 617 816 617 815 617 794 626 791 626 758 626 593 618 591 618 590 618 571 626 568 626 556 626 490 618 489 618 156 624 157 661"/></Shape>
	    <String CONTENT="tamen oſtenditur inter vtrunque genus patrum,"
                    HPOS="156"
                    VPOS="617"
                    WIDTH="1044"
                    HEIGHT="67"
                    WC="0.983503736390008"></String>
          </TextLine>

          
          
          <TextLine ID="eSc_line_fa35ad1e"
                    TAGREFS="LT4119"
                    BASELINE="159 719 1198 716" 
                    HPOS="157"
                    VPOS="672"
                    WIDTH="1041"
                    HEIGHT="76">
            <Shape><Polygon POINTS="159 719 159 745 285 736 385 745 413 748 414 748 416 748 417 748 420 745 432 737 490 736 511 745 513 746 514 746 516 746 517 746 522 745 548 739 633 745 667 748 669 748 740 746 742 746 745 745 767 734 791 745 792 746 794 746 795 748 844 748 844 746 846 746 847 746 847 745 861 736 889 745 892 746 893 746 895 748 960 748 960 746 962 746 963 746 963 745 983 734 1149 734 1165 745 1165 746 1167 746 1168 746 1170 746 1198 745 1198 716 1195 684 1079 672 1042 672 1041 672 1039 672 1038 672 1021 682 1020 684 993 684 993 682 981 673 981 672 980 672 978 672 977 672 895 682 892 684 810 684 809 682 798 675 797 675 795 675 794 675 792 675 777 682 761 675 759 675 758 675 757 675 736 682 724 672 722 672 721 672 719 672 664 673 663 673 661 673 648 682 643 685 603 685 600 682 582 673 581 673 580 673 523 682 519 682 516 682 492 673 490 673 489 673 487 673 469 682 468 682 447 673 446 673 374 673 373 673 371 673 370 673 370 675 361 682 358 684 157 682 159 719"/></Shape>
	    <String CONTENT="quorum alij ſunt nobis tãtùm ſpirituales Patres,"
                    HPOS="157"
                    VPOS="672"
                    WIDTH="1041"
                    HEIGHT="76"
                    WC="0.98345569729805"></String>
          </TextLine>

          
          
          <TextLine ID="eSc_line_264f3b10"
                    TAGREFS="LT4119"
                    BASELINE="156 777 530 777" 
                    HPOS="156"
                    VPOS="733"
                    WIDTH="374"
                    HEIGHT="70">
            <Shape><Polygon POINTS="156 777 156 794 175 803 176 803 178 803 266 795 298 803 300 803 301 803 407 795 472 803 474 803 530 794 530 777 530 745 452 734 450 734 449 734 447 734 438 743 284 743 267 733 266 733 264 733 202 733 200 733 156 743 156 777"/></Shape>
	    <String CONTENT="alij ſunt carnales."
                    HPOS="156"
                    VPOS="733"
                    WIDTH="374"
                    HEIGHT="70"
                    WC="0.969622922571082"></String>
          </TextLine>

          
          
          <TextLine ID="eSc_line_9c171095"
                    TAGREFS="LT4119"
                    BASELINE="220 838 1044 834 1197 843" 
                    HPOS="218"
                    VPOS="780"
                    WIDTH="979"
                    HEIGHT="81">
            <Shape><Polygon POINTS="220 838 220 856 1194 861 1197 843 1194 786 1087 797 1047 788 1035 785 804 780 803 780 801 780 800 780 786 791 777 797 749 791 734 788 733 788 731 788 730 788 725 791 713 798 639 798 626 792 623 791 621 791 620 791 611 792 575 798 541 792 483 783 481 783 480 783 478 783 466 794 461 798 422 798 411 794 397 788 395 788 394 788 333 795 327 795 313 786 312 786 310 786 257 785 255 785 254 785 218 795 220 838"/></Shape>
	    <String CONTENT="Filij autem dicuntur, ait Auguſtinus contra"
                    HPOS="218"
                    VPOS="780"
                    WIDTH="979"
                    HEIGHT="81"
                    WC="0.984953944073167"></String>
          </TextLine>

          
          
          <TextLine ID="eSc_line_a461835f"
                    TAGREFS="LT4119"
                    BASELINE="156 898 803 893" 
                    HPOS="154"
                    VPOS="846"
                    WIDTH="649"
                    HEIGHT="79">
            <Shape><Polygon POINTS="156 898 156 916 261 925 263 925 264 925 287 916 288 916 290 916 330 925 331 925 373 916 380 914 385 916 404 922 406 922 407 922 408 922 410 922 410 920 416 916 419 913 431 916 471 923 472 925 548 925 548 923 550 923 584 914 599 911 633 914 707 922 709 922 710 922 740 914 752 911 801 913 803 893 798 850 713 855 682 852 633 846 632 846 630 846 615 853 612 855 609 853 600 846 599 846 597 846 596 846 594 846 593 846 582 853 578 856 480 856 468 855 416 847 414 847 273 858 264 850 264 849 263 849 261 849 217 849 215 849 214 849 212 849 212 850 205 858 185 849 184 849 182 849 181 849 154 858 156 898"/></Shape>
	    <String CONTENT="Adimantum cap.5. (Natura"
                    HPOS="154"
                    VPOS="846"
                    WIDTH="649"
                    HEIGHT="79"
                    WC="0.956133005519708"></String>
          </TextLine>

          
          
          <TextLine ID="eSc_line_9688a8a3"
                    TAGREFS="LT4119"
                    BASELINE="498 950 870 953" 
                    HPOS="496"
                    VPOS="904"
                    WIDTH="374"
                    HEIGHT="70">
            <Shape><Polygon POINTS="498 950 496 968 499 971 501 971 501 972 502 972 504 972 505 974 566 974 566 972 617 960 620 960 621 960 646 972 648 972 649 972 704 962 724 974 725 974 727 974 728 974 730 974 770 962 813 974 815 974 816 974 868 960 870 953 870 920 852 920 852 919 838 907 838 905 837 905 835 905 834 905 749 913 733 905 731 905 730 905 728 905 687 916 667 904 666 904 664 904 639 904 638 904 636 904 635 904 635 905 621 917 620 917 554 910 553 910 498 916 498 950"/></Shape>
	    <String CONTENT="aut ( Doctrina"
                    HPOS="496"
                    VPOS="904"
                    WIDTH="374"
                    HEIGHT="70"
                    WC="0.926122627088002"></String>
          </TextLine>

          
          
          <TextLine ID="eSc_line_c3ed94aa"
                    TAGREFS="LT4119"
                    BASELINE="611 1015 896 1008" 
                    HPOS="608"
                    VPOS="963"
                    WIDTH="288"
                    HEIGHT="73">
            <Shape><Polygon POINTS="611 1015 611 1026 670 1026 713 1036 715 1036 716 1036 806 1033 807 1033 809 1033 809 1032 816 1026 835 1033 837 1033 838 1033 896 1020 896 1008 893 972 850 965 849 965 812 972 782 963 780 963 779 963 777 963 776 963 776 965 767 974 701 975 669 966 667 966 666 966 608 978 611 1015"/></Shape>
	    <String CONTENT="Imitatione"
                    HPOS="608"
                    VPOS="963"
                    WIDTH="288"
                    HEIGHT="73"
                    WC="0.997431778907776"></String>
          </TextLine>

          
          
          <TextLine ID="eSc_line_8b126918"
                    TAGREFS="LT4119"
                    BASELINE="156 1073 1206 1066" 
                    HPOS="154"
                    VPOS="1014"
                    WIDTH="1052"
                    HEIGHT="77">
            <Shape><Polygon POINTS="1195 1026 1192 1024 1061 1015 1061 1015 1058 1014 1042 1014 1041 1014 1039 1014 993 1026 991 1026 944 1015 942 1015 941 1015 910 1026 910 1027 873 1027 843 1027 828 1017 826 1017 825 1017 823 1017 731 1027 725 1027 721 1027 676 1018 675 1018 673 1018 645 1027 643 1029 539 1029 536 1029 523 1020 522 1020 520 1020 464 1018 462 1018 461 1018 437 1029 435 1029 429 1029 359 1020 358 1020 318 1029 309 1030 298 1029 233 1020 163 1020 162 1020 160 1020 159 1020 159 1021 154 1024 156 1073 156 1091 837 1091 837 1090 838 1090 840 1090 847 1084 850 1082 871 1082 993 1090 994 1090 996 1090 1023 1081 1026 1081 1044 1081 1185 1088 1186 1088 1188 1088 1206 1079 1206 1066 1203 1032 1195 1026"/></Shape>
	    <String CONTENT="Hîc &amp; doctrinæ &amp; imitationis ratione Timo¬"
                    HPOS="154"
                    VPOS="1014"
                    WIDTH="1052"
                    HEIGHT="77"></String>
          </TextLine>

          
          
          <TextLine ID="eSc_line_56b3d39c"
                    TAGREFS="LT4119"
                    BASELINE="160 1131 1226 1127" 
                    HPOS="159"
                    VPOS="1078"
                    WIDTH="1067"
                    HEIGHT="73">
            <Shape><Polygon POINTS="160 1131 160 1149 519 1151 520 1151 522 1151 524 1149 542 1143 593 1149 603 1151 605 1151 615 1149 664 1143 706 1149 715 1151 716 1151 718 1151 719 1151 719 1149 733 1143 847 1143 862 1149 865 1151 867 1151 868 1151 875 1149 926 1142 1224 1149 1226 1127 1224 1090 944 1078 942 1078 867 1090 672 1079 670 1079 669 1079 635 1090 419 1081 417 1081 416 1081 414 1081 414 1082 403 1093 367 1093 306 1081 304 1081 303 1081 263 1091 187 1081 185 1081 184 1081 159 1091 160 1131"/></Shape>
	    <String CONTENT="theus filius dicitur, non tantùm ætatis, vt tamen"
                    HPOS="159"
                    VPOS="1078"
                    WIDTH="1067"
                    HEIGHT="73"
                    WC="0.982174135446548"></String>
          </TextLine>

          
          
          <TextLine ID="eSc_line_abf5eff5"
                    TAGREFS="LT4119"
                    BASELINE="156 1189 1180 1185" 
                    HPOS="154"
                    VPOS="1137"
                    WIDTH="1026"
                    HEIGHT="76">
            <Shape><Polygon POINTS="156 1189 157 1213 190 1206 394 1212 395 1212 501 1203 533 1210 535 1210 536 1210 584 1203 816 1209 817 1209 819 1209 846 1201 1177 1209 1180 1185 1176 1140 1026 1146 994 1142 966 1137 965 1137 963 1137 962 1137 956 1142 950 1148 910 1148 883 1143 840 1137 838 1137 801 1143 777 1148 757 1145 721 1139 719 1139 718 1139 706 1145 699 1149 630 1149 617 1146 574 1139 572 1139 571 1139 556 1146 553 1148 545 1146 496 1139 495 1139 429 1148 420 1149 413 1148 374 1140 373 1140 371 1140 355 1149 353 1149 350 1149 303 1140 301 1140 300 1140 266 1149 221 1143 220 1143 154 1151 156 1189"/></Shape>
	    <String CONTENT="putat Eraſmus. Salutatio eſt in his verbis poſita"
                    HPOS="154"
                    VPOS="1137"
                    WIDTH="1026"
                    HEIGHT="76"
                    WC="0.97725628346813"></String>
          </TextLine>

          
          
          <TextLine ID="eSc_line_70c37fdc"
                    TAGREFS="LT4119"
                    BASELINE="159 1247 1103 1243" 
                    HPOS="157"
                    VPOS="1194"
                    WIDTH="946"
                    HEIGHT="73">
            <Shape><Polygon POINTS="159 1247 159 1258 257 1267 258 1267 400 1259 472 1256 483 1261 499 1267 501 1267 502 1267 541 1261 551 1259 574 1261 654 1267 655 1267 657 1267 672 1261 685 1256 699 1261 715 1267 716 1267 718 1267 923 1265 925 1265 931 1262 941 1256 947 1262 950 1265 951 1265 953 1265 954 1265 1102 1262 1103 1243 1099 1198 1051 1207 1041 1198 1036 1195 1036 1194 1035 1194 1033 1194 1032 1194 953 1200 931 1201 916 1201 822 1194 820 1194 819 1194 803 1203 798 1206 792 1203 779 1195 777 1195 776 1195 611 1204 578 1195 577 1195 575 1195 514 1204 477 1195 475 1195 474 1195 472 1195 471 1195 450 1209 446 1212 324 1212 322 1210 284 1197 282 1197 281 1197 279 1197 243 1207 187 1197 185 1197 184 1197 157 1210 159 1247"/></Shape>
	    <String CONTENT="Gratia &amp; hæc (Deo Patre noſtro"
                    HPOS="157"
                    VPOS="1194"
                    WIDTH="946"
                    HEIGHT="73"></String>
          </TextLine>

          
          
          <TextLine ID="eSc_line_ccaaff42"
                    TAGREFS="LT4119"
                    BASELINE="154 1307 700 1304" 
                    HPOS="153"
                    VPOS="1256"
                    WIDTH="547"
                    HEIGHT="67">
            <Shape><Polygon POINTS="154 1307 154 1319 676 1323 678 1323 679 1323 700 1314 700 1304 696 1271 652 1271 648 1270 632 1258 630 1258 629 1258 627 1258 626 1258 588 1268 574 1271 565 1267 551 1261 550 1261 548 1261 502 1265 441 1271 431 1264 423 1256 422 1256 420 1256 376 1256 374 1256 373 1256 359 1261 334 1271 312 1259 310 1259 309 1259 307 1259 303 1259 273 1267 264 1259 263 1258 263 1256 261 1256 260 1256 153 1256 154 1307"/></Shape>
	    <String CONTENT="Miſericordia (omnia ("
                    HPOS="153"
                    VPOS="1256"
                    WIDTH="547"
                    HEIGHT="67"></String>
          </TextLine>

          
          
          <TextLine ID="eSc_line_d99d246d"
                    TAGREFS="LT4119"
                    BASELINE="159 1366 270 1363" 
                    HPOS="156"
                    VPOS="1322"
                    WIDTH="114"
                    HEIGHT="55">
            <Shape><Polygon POINTS="159 1366 159 1377 270 1375 270 1363 267 1335 156 1322 159 1366"/></Shape>
	    <String CONTENT="Pax"
                    HPOS="156"
                    VPOS="1322"
                    WIDTH="114"
                    HEIGHT="55"
                    WC="0.999311447143555"></String>
          </TextLine>

          
          
          <TextLine ID="eSc_line_46f124f6"
                    TAGREFS="LT4119"
                    BASELINE="527 1365 603 1365" 
                    HPOS="527"
                    VPOS="1320"
                    WIDTH="76"
                    HEIGHT="61">
            <Shape><Polygon POINTS="527 1365 527 1375 568 1381 569 1381 571 1381 603 1372 603 1365 603 1326 527 1320 527 1365"/></Shape>
	    <String CONTENT="à"
                    HPOS="527"
                    VPOS="1320"
                    WIDTH="76"
                    HEIGHT="61"
                    WC="0.998364090919495"></String>
          </TextLine>

          
          
          <TextLine ID="eSc_line_6b37f746"
                    TAGREFS="LT4119"
                    BASELINE="639 1365 1194 1365" 
                    HPOS="639"
                    VPOS="1310"
                    WIDTH="555"
                    HEIGHT="74">
            <Shape><Polygon POINTS="639 1365 639 1375 666 1384 667 1384 669 1384 707 1377 709 1377 752 1384 754 1384 834 1377 847 1377 859 1378 908 1384 910 1384 954 1378 972 1377 990 1378 1035 1384 1036 1384 1194 1380 1194 1365 1194 1316 1176 1310 1174 1310 1173 1310 1171 1310 1170 1310 1160 1317 1151 1323 1109 1319 1035 1310 1033 1310 980 1319 926 1310 925 1310 923 1310 886 1323 875 1326 867 1323 843 1313 841 1313 840 1313 838 1313 810 1323 804 1326 803 1325 794 1317 794 1316 792 1316 791 1316 719 1310 718 1310 716 1310 715 1310 715 1311 700 1326 699 1328 639 1328 639 1365"/></Shape>
	    <String CONTENT="(Domino Ieſu Chriſto."
                    HPOS="639"
                    VPOS="1310"
                    WIDTH="555"
                    HEIGHT="74"
                    WC="0.943782525403159"></String>
          </TextLine>

          
          
          <TextLine ID="eSc_line_090c9760"
                    TAGREFS="LT4119"
                    BASELINE="157 1426 1201 1420" 
                    HPOS="156"
                    VPOS="1369"
                    WIDTH="1045"
                    HEIGHT="73">
            <Shape><Polygon POINTS="157 1426 157 1442 1200 1436 1201 1420 1198 1381 1060 1369 1058 1369 980 1377 953 1369 951 1369 950 1369 948 1369 928 1380 926 1380 884 1371 883 1371 843 1378 834 1371 832 1371 831 1371 829 1371 828 1371 826 1371 816 1380 813 1383 727 1383 724 1380 713 1371 712 1371 710 1371 709 1371 707 1371 693 1380 688 1381 672 1378 626 1372 624 1372 623 1372 602 1378 587 1383 566 1378 533 1372 532 1372 502 1378 480 1384 420 1384 413 1378 408 1374 407 1374 406 1374 404 1374 377 1378 343 1384 315 1378 294 1374 292 1374 156 1377 157 1426"/></Shape>
	    <String CONTENT="Miſericordia addita eſt hîc, vti in Epiſtola ad Ti¬"
                    HPOS="156"
                    VPOS="1369"
                    WIDTH="1045"
                    HEIGHT="73"></String>
          </TextLine>

          
          
          <TextLine ID="eSc_line_8dea23bc"
                    TAGREFS="LT4119"
                    BASELINE="157 1482 1200 1482" 
                    HPOS="157"
                    VPOS="1438"
                    WIDTH="1043"
                    HEIGHT="67">
            <Shape><Polygon POINTS="157 1482 157 1503 208 1496 233 1503 234 1503 236 1505 510 1505 510 1503 556 1496 608 1503 609 1503 611 1503 638 1496 1198 1503 1200 1482 1200 1438 1149 1438 1148 1438 1146 1438 1145 1438 1130 1448 1107 1438 1106 1438 1105 1438 1027 1438 1026 1438 1024 1438 1023 1438 1021 1439 1009 1450 873 1450 837 1441 825 1439 823 1439 807 1442 767 1448 742 1442 721 1438 719 1438 718 1438 716 1438 710 1442 703 1450 612 1450 591 1444 563 1438 562 1438 560 1438 533 1445 519 1448 513 1445 502 1438 501 1438 499 1438 416 1438 414 1438 413 1438 383 1447 376 1448 367 1447 324 1438 322 1438 321 1438 303 1447 301 1448 221 1448 206 1441 205 1441 203 1441 157 1448 157 1482"/></Shape>
	    <String CONTENT="tum, præter ſtylum &amp; communem morem Pauli,"
                    HPOS="157"
                    VPOS="1438"
                    WIDTH="1043"
                    HEIGHT="67"
                    WC="0.98497390179407"></String>
          </TextLine>

          
          
          <TextLine ID="eSc_line_a2fb4920"
                    TAGREFS="LT4119"
                    BASELINE="156 1542 1203 1539" 
                    HPOS="154"
                    VPOS="1494"
                    WIDTH="1049"
                    HEIGHT="72">
            <Shape><Polygon POINTS="156 1542 159 1566 169 1557 218 1564 221 1564 223 1564 226 1564 261 1557 273 1564 275 1566 276 1566 278 1566 279 1566 315 1563 401 1557 510 1561 612 1566 614 1566 615 1566 632 1560 642 1557 654 1560 675 1566 676 1566 678 1566 712 1560 734 1555 858 1555 865 1558 883 1564 884 1564 886 1564 887 1564 908 1557 916 1555 933 1557 993 1564 994 1566 1085 1566 1085 1564 1087 1564 1118 1555 1119 1555 1121 1555 1163 1564 1164 1564 1165 1564 1203 1554 1203 1539 1200 1508 996 1508 986 1499 984 1499 983 1499 981 1499 874 1506 820 1494 819 1494 765 1502 679 1494 678 1494 620 1506 519 1500 517 1500 516 1500 489 1508 434 1496 349 1496 348 1496 346 1496 312 1508 220 1496 218 1496 217 1496 215 1496 199 1508 154 1509 156 1542"/></Shape>
	    <String CONTENT="quò magis ſuum erga Timotheum amorem te¬"
                    HPOS="154"
                    VPOS="1494"
                    WIDTH="1049"
                    HEIGHT="72"
                    WC="0.974458524366704"></String>
          </TextLine>

          
          
          <TextLine ID="eSc_line_ea6411e4"
                    TAGREFS="LT4119"
                    BASELINE="153 1600 1203 1603" 
                    HPOS="151"
                    VPOS="1558"
                    WIDTH="1052"
                    HEIGHT="66">
            <Shape><Polygon POINTS="153 1600 151 1613 165 1622 166 1622 168 1622 169 1622 171 1622 193 1615 276 1622 278 1622 611 1615 624 1622 626 1622 627 1622 767 1624 768 1624 819 1616 870 1624 871 1624 907 1616 1020 1616 1032 1624 1033 1624 1035 1624 1036 1624 1201 1615 1203 1603 1201 1563 153 1558 153 1600"/></Shape>
	    <String CONTENT="ſtaretur, &amp; ſe miro erga eum affectu impelli &amp;"
                    HPOS="151"
                    VPOS="1558"
                    WIDTH="1052"
                    HEIGHT="66"
                    WC="0.975682898708012"></String>
          </TextLine>

          
          
          <TextLine ID="eSc_line_d031d6b1"
                    TAGREFS="LT4119"
                    BASELINE="154 1659 1203 1655" 
                    HPOS="153"
                    VPOS="1610"
                    WIDTH="1050"
                    HEIGHT="73">
            <Shape><Polygon POINTS="154 1659 154 1674 169 1682 171 1682 172 1683 232 1683 232 1682 233 1682 252 1673 295 1682 297 1682 298 1682 318 1673 370 1673 398 1673 461 1682 462 1682 507 1671 511 1671 639 1671 641 1671 681 1680 682 1680 684 1680 699 1673 914 1679 916 1679 981 1670 984 1670 994 1677 996 1677 997 1677 1167 1679 1168 1679 1170 1679 1203 1668 1203 1655 1200 1624 1027 1624 1026 1622 997 1612 996 1612 994 1612 948 1622 945 1622 944 1622 922 1610 920 1610 919 1610 859 1622 844 1624 822 1621 777 1616 776 1616 693 1621 638 1624 632 1621 621 1612 620 1612 618 1612 617 1612 615 1612 587 1621 584 1621 580 1621 533 1612 532 1612 530 1612 507 1621 495 1624 465 1619 417 1613 416 1613 414 1613 394 1619 383 1622 367 1619 331 1613 330 1613 300 1619 285 1622 281 1619 275 1613 273 1613 272 1613 270 1613 153 1618 154 1659"/></Shape>
	    <String CONTENT="affici oſtenderet. Recto autem ordine &amp; natura¬"
                    HPOS="153"
                    VPOS="1610"
                    WIDTH="1050"
                    HEIGHT="73"
                    WC="0.986052028676297"></String>
          </TextLine>

          
          
          <TextLine ID="eSc_line_5ffab45f"
                    TAGREFS="LT4119"
                    BASELINE="154 1719 1213 1714" 
                    HPOS="153"
                    VPOS="1670"
                    WIDTH="1060"
                    HEIGHT="73">
            <Shape><Polygon POINTS="154 1719 154 1741 211 1734 304 1740 346 1743 348 1743 398 1740 469 1734 484 1738 493 1741 495 1741 496 1741 498 1741 499 1741 504 1738 514 1732 575 1737 627 1741 629 1741 630 1741 645 1737 658 1732 688 1735 733 1741 734 1741 767 1735 782 1732 785 1735 794 1741 795 1741 797 1741 798 1743 843 1743 843 1741 892 1734 913 1731 929 1734 974 1740 975 1740 1032 1732 1041 1740 1042 1740 1044 1740 1045 1741 1167 1741 1167 1740 1212 1729 1213 1714 1210 1680 1165 1670 1164 1670 1121 1679 1121 1680 881 1680 878 1679 855 1671 853 1671 852 1671 850 1671 823 1679 816 1680 810 1679 792 1671 791 1671 789 1671 673 1679 629 1680 605 1677 563 1673 562 1673 530 1677 504 1682 469 1677 432 1673 431 1673 400 1677 377 1680 367 1677 355 1673 353 1673 251 1673 249 1673 248 1673 246 1673 240 1677 232 1682 214 1677 199 1673 197 1673 196 1673 153 1676 154 1719"/></Shape>
	    <String CONTENT="li vtitur in his enumerandis Paulus, &amp; progredi¬"
                    HPOS="153"
                    VPOS="1670"
                    WIDTH="1060"
                    HEIGHT="73"
                    WC="0.978320463250081"></String>
          </TextLine>

          
          
          <TextLine ID="eSc_line_403bcd0e"
                    TAGREFS="LT4119"
                    BASELINE="156 1778 1204 1774" 
                    HPOS="154"
                    VPOS="1726"
                    WIDTH="1050"
                    HEIGHT="75">
            <Shape><Polygon POINTS="156 1778 156 1798 230 1790 279 1798 298 1799 300 1799 301 1799 309 1796 327 1790 336 1796 339 1799 340 1799 342 1799 343 1801 428 1801 428 1799 429 1799 447 1795 466 1790 484 1795 501 1799 502 1799 504 1799 505 1799 519 1795 533 1789 551 1793 566 1798 568 1798 569 1798 590 1793 611 1789 733 1789 742 1792 754 1796 755 1796 757 1796 795 1792 815 1789 823 1790 850 1798 852 1798 853 1798 896 1790 913 1787 971 1789 1161 1796 1163 1796 1164 1796 1204 1786 1204 1774 1203 1741 1171 1729 1170 1729 1168 1729 1119 1740 1093 1726 1091 1726 1090 1726 1088 1726 1087 1726 1069 1740 1032 1740 875 1734 874 1734 759 1741 755 1741 724 1728 722 1728 609 1728 608 1728 606 1728 605 1728 593 1735 513 1728 511 1728 510 1728 484 1737 437 1729 435 1729 434 1729 432 1729 411 1743 410 1743 408 1743 370 1729 368 1729 367 1729 298 1740 230 1729 229 1729 227 1729 226 1729 209 1743 181 1731 179 1731 178 1731 176 1731 154 1740 156 1778"/></Shape>
	    <String CONTENT="tur à cauſis ad effecta. Eſt enim gratia cauſa mi¬"
                    HPOS="154"
                    VPOS="1726"
                    WIDTH="1050"
                    HEIGHT="75"
                    WC="0.992801655741299"></String>
          </TextLine>

          
          
          <TextLine ID="eSc_line_48136d25"
                    TAGREFS="LT4119"
                    BASELINE="154 1838 1204 1832" 
                    HPOS="153"
                    VPOS="1784"
                    WIDTH="1051"
                    HEIGHT="78">
            <Shape><Polygon POINTS="154 1838 154 1853 356 1853 388 1862 389 1862 391 1862 584 1853 676 1860 678 1860 679 1860 694 1853 825 1859 826 1859 828 1859 829 1859 843 1850 844 1850 849 1850 1014 1857 1015 1857 1017 1857 1018 1857 1027 1850 1038 1857 1039 1857 1041 1857 1042 1857 1094 1850 1170 1857 1171 1857 1173 1857 1204 1847 1204 1832 1201 1796 1067 1784 1066 1784 1064 1784 1041 1795 941 1787 939 1787 938 1787 936 1787 936 1789 929 1796 928 1798 832 1798 831 1796 816 1784 815 1784 813 1784 812 1784 758 1796 754 1796 751 1796 712 1784 710 1784 709 1784 707 1784 663 1796 654 1798 638 1796 562 1786 560 1786 453 1796 413 1801 359 1801 350 1796 330 1787 328 1787 327 1787 325 1787 292 1796 287 1798 284 1796 272 1787 270 1787 269 1787 169 1787 168 1787 166 1787 153 1793 154 1838"/></Shape>
	    <String CONTENT="ſericordiæ, vt miſericordia ipſa cauſa pacis no¬"
                    HPOS="153"
                    VPOS="1784"
                    WIDTH="1051"
                    HEIGHT="78"
                    WC="0.990020574380954"></String>
          </TextLine>

          
          
          <TextLine ID="eSc_line_350c3192"
                    TAGREFS="LT4119"
                    BASELINE="156 1893 1203 1896" 
                    HPOS="154"
                    VPOS="1845"
                    WIDTH="1049"
                    HEIGHT="73">
            <Shape><Polygon POINTS="156 1893 154 1908 211 1917 212 1917 472 1912 611 1909 617 1914 620 1917 621 1917 623 1917 624 1917 759 1915 965 1911 978 1917 981 1918 983 1918 984 1918 993 1917 1020 1911 1052 1917 1060 1918 1061 1918 1070 1918 1127 1911 1200 1918 1203 1896 1201 1859 1158 1859 1158 1857 1146 1848 1146 1847 1145 1847 1143 1847 1142 1847 1140 1847 1106 1856 1024 1848 1023 1848 990 1856 984 1856 968 1854 867 1847 865 1847 864 1847 849 1853 843 1857 733 1857 724 1851 718 1847 716 1847 715 1847 713 1847 712 1847 697 1851 679 1857 633 1851 594 1845 593 1845 571 1850 551 1854 539 1850 530 1845 529 1845 527 1845 526 1845 524 1845 520 1850 513 1856 417 1856 404 1848 404 1847 403 1847 401 1847 400 1847 398 1847 395 1848 376 1854 359 1847 355 1845 353 1845 278 1845 276 1845 275 1845 273 1845 273 1847 257 1857 212 1857 194 1845 193 1845 191 1845 156 1845 156 1893"/></Shape>
	    <String CONTENT="ſtræ. Eſt igitur gratia gratuita noſtri acceptatio,"
                    HPOS="154"
                    VPOS="1845"
                    WIDTH="1049"
                    HEIGHT="73"
                    WC="0.979766045130935"></String>
          </TextLine>

          
          
          <TextLine ID="eSc_line_018ab326"
                    TAGREFS="LT4119"
                    BASELINE="159 1951 1204 1955" 
                    HPOS="159"
                    VPOS="1902"
                    WIDTH="1045"
                    HEIGHT="77">
            <Shape><Polygon POINTS="159 1951 159 1976 313 1969 339 1976 348 1978 349 1978 350 1978 352 1978 358 1975 376 1969 400 1975 410 1978 411 1978 413 1978 459 1975 520 1970 585 1973 691 1979 693 1979 694 1979 718 1972 727 1969 841 1969 852 1972 874 1978 875 1978 877 1978 878 1978 892 1972 895 1970 904 1970 969 1979 971 1979 1171 1970 1185 1978 1186 1978 1188 1978 1189 1978 1191 1978 1192 1978 1203 1969 1204 1955 1204 1917 1171 1905 1170 1905 1066 1905 1064 1905 1063 1905 1061 1905 1049 1915 1030 1905 1029 1905 1027 1905 917 1914 899 1915 893 1914 856 1903 855 1903 853 1903 768 1914 758 1914 751 1912 701 1903 700 1903 699 1903 667 1912 660 1915 633 1915 630 1912 621 1905 621 1903 620 1903 618 1903 617 1903 572 1912 559 1914 392 1914 377 1911 330 1902 328 1902 327 1902 306 1909 300 1912 297 1909 287 1902 285 1902 284 1902 282 1902 281 1902 263 1909 258 1911 159 1909 159 1951"/></Shape>
	    <String CONTENT="quæ fit à Deo, quam ſequitur miſericordia, id eſt,"
                    HPOS="159"
                    VPOS="1902"
                    WIDTH="1045"
                    HEIGHT="77"
                    WC="0.9731598554873"></String>
          </TextLine>

          
          
          <TextLine ID="eSc_line_b14da0b7"
                    TAGREFS="LT4119"
                    BASELINE="159 2013 1206 2010" 
                    HPOS="157"
                    VPOS="1966"
                    WIDTH="1049"
                    HEIGHT="70">
            <Shape><Polygon POINTS="159 2013 159 2036 206 2028 523 2033 657 2034 658 2034 660 2034 669 2031 684 2027 1204 2027 1206 2010 1203 1978 1029 1967 1027 1967 956 1975 954 1975 935 1966 933 1966 932 1966 886 1973 725 1966 724 1966 722 1966 696 1973 678 1978 639 1973 591 1967 505 1967 504 1967 502 1967 493 1972 481 1978 157 1970 159 2013"/></Shape>
	    <String CONTENT="peccatorum noſtrorum remiſſio. Itaque vocem"
                    HPOS="157"
                    VPOS="1966"
                    WIDTH="1049"
                    HEIGHT="70"
                    WC="0.998753269051397"></String>
          </TextLine>

          
          
          <TextLine ID="eSc_line_f5f029c3"
                    TAGREFS="LT4119"
                    BASELINE="156 2068 1206 2071" 
                    HPOS="154"
                    VPOS="2021"
                    WIDTH="1052"
                    HEIGHT="73">
            <Shape><Polygon POINTS="156 2068 154 2085 584 2092 585 2092 648 2085 660 2085 669 2085 718 2094 719 2094 780 2086 963 2086 972 2094 974 2094 975 2094 977 2094 1204 2085 1206 2071 1203 2025 978 2031 956 2025 942 2022 941 2022 840 2022 838 2022 837 2022 826 2027 812 2033 710 2033 704 2027 700 2022 699 2022 697 2022 696 2022 603 2027 547 2030 526 2027 478 2021 477 2021 475 2021 450 2028 440 2030 426 2028 382 2021 380 2021 339 2028 328 2030 318 2028 281 2021 279 2021 278 2021 260 2028 258 2030 257 2028 248 2021 246 2021 245 2021 202 2021 200 2021 199 2021 197 2021 188 2028 187 2030 156 2030 156 2068"/></Shape>
	    <String CONTENT="miſericordiæ hic paſſiuè pro effecto, quod in"
                    HPOS="154"
                    VPOS="2021"
                    WIDTH="1052"
                    HEIGHT="73"
                    WC="0.970972214056098"></String>
          </TextLine>

          
          
          <TextLine ID="eSc_line_74fc3c1c"
                    TAGREFS="LT4119"
                    BASELINE="157 2129 1206 2129" 
                    HPOS="157"
                    VPOS="2082"
                    WIDTH="1049"
                    HEIGHT="84">
            <Shape><Polygon POINTS="157 2150 276 2150 318 2166 319 2166 321 2166 401 2159 502 2166 504 2166 505 2166 507 2166 530 2152 548 2163 550 2163 551 2163 666 2166 667 2166 669 2166 727 2150 780 2166 782 2166 783 2166 826 2163 828 2163 829 2163 829 2162 844 2150 1110 2150 1154 2166 1155 2166 1157 2166 1158 2166 1206 2149 1206 2129 1206 2092 1179 2083 1177 2083 1176 2083 1174 2083 1151 2092 1119 2083 1118 2083 1116 2083 1115 2083 1084 2094 1072 2098 1023 2098 1011 2094 975 2082 974 2082 767 2082 765 2082 764 2082 739 2094 730 2098 658 2098 651 2094 646 2089 645 2089 643 2089 642 2089 641 2089 624 2094 609 2098 313 2098 301 2094 275 2083 273 2083 209 2082 208 2082 157 2092 157 2129"/></Shape>
	    <String CONTENT="nobis apparet: non autem act iuè in Deo accipi¬"
                    HPOS="157"
                    VPOS="2082"
                    WIDTH="1049"
                    HEIGHT="84"
                    WC="0.973828881978989"></String>
          </TextLine>

          
          
          <TextLine ID="eSc_line_6f0e074c"
                    TAGREFS="LT4119"
                    BASELINE="160 2189 269 2189" 
                    HPOS="160"
                    VPOS="2141"
                    WIDTH="109"
                    HEIGHT="85">
            <Shape><Polygon POINTS="160 2186 160 2189 160 2218 237 2226 239 2226 240 2226 269 2212 269 2189 269 2156 191 2141 190 2141 188 2141 169 2152 160 2186"/></Shape>
	    <String CONTENT="mus"
                    HPOS="160"
                    VPOS="2141"
                    WIDTH="109"
                    HEIGHT="85"
                    WC="0.93896621465683"></String>
          </TextLine>

          
        </TextBlock>
        
        <TextBlock HPOS="893"
                   VPOS="2199"
                   WIDTH="126"
                   HEIGHT="82"
                   ID="block_1"
                   TAGREFS="BT10534">
          <Shape><Polygon POINTS="1019 2199 1019 2281 893 2281 893 2199"/></Shape>
          
          
          <TextLine ID="eSc_line_3124936a"
                    TAGREFS="LT4119"
                    BASELINE="896 2251 1011 2248" 
                    HPOS="893"
                    VPOS="2196"
                    WIDTH="118"
                    HEIGHT="85">
            <Shape><Polygon POINTS="896 2251 896 2281 1009 2269 1011 2248 1008 2198 893 2196 896 2251"/></Shape>
	    <String CONTENT="a.iij."
                    HPOS="893"
                    VPOS="2196"
                    WIDTH="118"
                    HEIGHT="85"
                    WC="0.994685759147008"></String>
          </TextLine>

          
        </TextBlock>
        

        
      </PrintSpace>
    </Page>
  </Layout>
</alto>
