<?xml version="1.0" encoding="UTF-8"?>
<alto xmlns:xsi="http://www.w3.org/2001/XMLSchema-instance"
      xmlns="http://www.loc.gov/standards/alto/ns-v4#"
      xsi:schemaLocation="http://www.loc.gov/standards/alto/ns-v4# http://www.loc.gov/standards/alto/v4/alto-4-2.xsd">
  <Description>
    <MeasurementUnit>pixel</MeasurementUnit>
    <sourceImageInformation>
      <fileName>2012915.png</fileName>
      
    </sourceImageInformation>
  </Description>
  
  <Tags>
    <OtherTag ID="BT10544" LABEL="text" DESCRIPTION="block type text"/><OtherTag ID="BT10543" LABEL="NumberingZone" DESCRIPTION="block type NumberingZone"/><OtherTag ID="BT10542" LABEL="MainZone" DESCRIPTION="block type MainZone"/><OtherTag ID="BT10538" LABEL="RunningTitleZone" DESCRIPTION="block type RunningTitleZone"/><OtherTag ID="BT10537" LABEL="DropCapitalZone" DESCRIPTION="block type DropCapitalZone"/><OtherTag ID="BT10536" LABEL="GraphicZone" DESCRIPTION="block type GraphicZone"/><OtherTag ID="BT10535" LABEL="TitlePageZone" DESCRIPTION="block type TitlePageZone"/><OtherTag ID="BT10534" LABEL="QuireMarksZone" DESCRIPTION="block type QuireMarksZone"/><OtherTag ID="BT10533" LABEL="MarginTextZone" DESCRIPTION="block type MarginTextZone"/>
    <OtherTag ID="LT4122" LABEL="default" DESCRIPTION="line type default"/><OtherTag ID="LT4119" LABEL="DefaultLine" DESCRIPTION="line type DefaultLine"/><OtherTag ID="LT4118" LABEL="HeadingLine" DESCRIPTION="line type HeadingLine"/><OtherTag ID="LT4117" LABEL="CustomLine : BiblicalText" DESCRIPTION="line type CustomLine : BiblicalText"/>
  </Tags>
  
  <Layout>
    <Page WIDTH="1807"
          HEIGHT="2677"
          PHYSICAL_IMG_NR="31"
          ID="eSc_dummypage_">
      <PrintSpace HPOS="0"
                  VPOS="0"
                  WIDTH="1807"
                  HEIGHT="2677">
        
        <TextBlock HPOS="524"
                   VPOS="205"
                   WIDTH="315"
                   HEIGHT="65"
                   ID="block_2"
                   TAGREFS="BT10538">
          <Shape><Polygon POINTS="839 205 839 270 524 270 524 205"/></Shape>
          
          
          <TextLine ID="eSc_line_a0d4c16f"
                    TAGREFS="LT4118"
                    BASELINE="527 254 831 251" 
                    HPOS="526"
                    VPOS="208"
                    WIDTH="305"
                    HEIGHT="58">
            <Shape><Polygon POINTS="809 218 743 218 736 215 734 215 719 215 704 214 690 214 675 212 667 212 660 212 645 212 630 211 615 211 600 209 594 209 593 211 588 215 582 211 581 209 571 209 556 208 541 208 539 208 526 208 527 254 527 266 829 263 831 251 828 218 823 218"/></Shape>
	    <String CONTENT="CAPVT I."
                    HPOS="526"
                    VPOS="208"
                    WIDTH="305"
                    HEIGHT="58"
                    WC="0.995973438024521"></String>
          </TextLine>

          
        </TextBlock>
        
        <TextBlock HPOS="1158"
                   VPOS="227"
                   WIDTH="54"
                   HEIGHT="58"
                   ID="eSc_textblock_48727cde"
                   TAGREFS="BT10543">
          <Shape><Polygon POINTS="1158 227 1158 285 1212 285 1212 227"/></Shape>
          
          
          <TextLine ID="eSc_line_603259c7"
                    TAGREFS="LT4119"
                    BASELINE="1174 266 1180 266 1206 272" 
                    HPOS="1173"
                    VPOS="227"
                    WIDTH="31"
                    HEIGHT="56">
            <Shape><Polygon POINTS="1200 227 1177 227 1173 265 1173 283 1202 274 1204 269 1204 236 1200 227"/></Shape>
	    <String CONTENT="3"
                    HPOS="1173"
                    VPOS="227"
                    WIDTH="31"
                    HEIGHT="56"></String>
          </TextLine>

          
        </TextBlock>
        
        <TextBlock HPOS="144"
                   VPOS="279"
                   WIDTH="1067"
                   HEIGHT="1945"
                   ID="block_1"
                   TAGREFS="BT10542">
          <Shape><Polygon POINTS="1211 279 1211 2224 144 2224 144 279"/></Shape>
          
          
          <TextLine ID="eSc_line_225f9041"
                    TAGREFS="LT4119"
                    BASELINE="153 319 1201 324" 
                    HPOS="151"
                    VPOS="267"
                    WIDTH="1050"
                    HEIGHT="70">
            <Shape><Polygon POINTS="1014 273 1006 273 996 275 956 281 947 275 944 273 939 273 925 273 923 273 910 275 895 276 881 275 831 267 829 267 828 267 826 267 815 275 806 281 624 281 609 276 580 267 578 267 577 267 575 267 574 267 562 276 556 281 522 281 508 276 483 269 481 269 480 269 429 276 416 278 410 276 394 270 389 270 374 272 367 272 362 276 359 278 348 276 331 273 330 275 315 275 300 276 285 276 270 278 255 278 240 279 226 279 211 281 196 282 181 282 166 284 153 284 153 319 151 333 1198 337 1201 324 1198 275 1164 279 1155 275 1148 269 1146 269 1145 269 1075 269 1073 269 1072 269 1070 269 1064 275 1061 276 1045 275 1030 272 1029 273"/></Shape>
	    <String CONTENT="hominum: in quo eſt commendatio muneris. Ni¬"
                    HPOS="151"
                    VPOS="267"
                    WIDTH="1050"
                    HEIGHT="70"
                    WC="0.972442339767109"></String>
          </TextLine>

          
          
          <TextLine ID="eSc_line_b3dd5263"
                    TAGREFS="LT4119"
                    BASELINE="156 377 1201 385" 
                    HPOS="154"
                    VPOS="328"
                    WIDTH="1047"
                    HEIGHT="78">
            <Shape><Polygon POINTS="154 389 190 400 191 400 193 400 348 391 362 391 371 391 458 401 459 401 728 394 734 394 752 403 754 403 755 403 806 395 954 403 956 403 957 403 983 395 1015 406 1017 406 1018 406 1200 395 1201 385 1201 345 1167 334 1165 334 1164 334 1045 342 1021 343 1017 342 993 333 991 333 990 333 892 340 865 342 850 340 812 333 810 333 809 333 795 339 788 342 757 339 693 331 691 331 624 337 577 340 455 340 449 334 444 330 443 330 441 330 395 330 394 330 392 330 391 330 386 334 379 339 350 333 325 328 324 328 298 333 269 337 156 331 156 377"/></Shape>
	    <String CONTENT="hil enim niſi apprimè ſalutare habet legatio &amp;"
                    HPOS="154"
                    VPOS="328"
                    WIDTH="1047"
                    HEIGHT="78"
                    WC="0.977606503253287"></String>
          </TextLine>

          
          
          <TextLine ID="eSc_line_ff900a98"
                    TAGREFS="LT4119"
                    BASELINE="156 437 1203 443" 
                    HPOS="154"
                    VPOS="388"
                    WIDTH="1049"
                    HEIGHT="76">
            <Shape><Polygon POINTS="156 437 154 450 217 459 218 459 356 452 374 452 379 452 417 461 419 461 464 453 465 453 472 453 751 462 752 462 938 456 963 464 965 464 966 464 1201 456 1203 443 1203 400 1194 392 1192 392 1191 392 1189 392 1188 392 1154 403 1149 406 1029 406 1020 403 986 394 984 394 983 394 893 403 881 403 878 403 861 394 859 394 858 394 822 401 817 403 816 401 804 392 803 392 801 392 800 392 743 398 591 389 590 389 487 400 477 401 474 400 459 389 458 389 456 389 455 389 406 395 395 388 394 388 392 388 391 388 389 388 364 400 336 389 334 389 333 389 331 389 304 400 303 400 156 400 156 437"/></Shape>
	    <String CONTENT="munus huiuſmodi &amp; à Chriſto demandatum &amp;"
                    HPOS="154"
                    VPOS="388"
                    WIDTH="1049"
                    HEIGHT="76"
                    WC="0.992974473208916"></String>
          </TextLine>

          
          
          <TextLine ID="eSc_line_2307ef3b"
                    TAGREFS="LT4119"
                    BASELINE="156 495 1201 501" 
                    HPOS="154"
                    VPOS="447"
                    WIDTH="1047"
                    HEIGHT="70">
            <Shape><Polygon POINTS="156 495 154 511 1198 517 1201 501 1198 452 981 461 966 452 965 452 963 452 962 452 904 458 880 450 878 450 877 450 875 450 867 450 789 459 771 450 770 450 768 450 767 450 740 450 484 458 464 450 459 449 458 449 456 449 444 450 400 458 337 458 328 450 327 447 325 447 324 447 322 447 321 447 313 450 295 456 156 450 156 495"/></Shape>
	    <String CONTENT="Dei ipſius ordinatione ſiue decreto. In quo ineſt"
                    HPOS="154"
                    VPOS="447"
                    WIDTH="1047"
                    HEIGHT="70"
                    WC="0.996829276182214"></String>
          </TextLine>

          
          
          <TextLine ID="eSc_line_a85eef55"
                    TAGREFS="LT4119"
                    BASELINE="157 551 1200 559" 
                    HPOS="156"
                    VPOS="504"
                    WIDTH="1044"
                    HEIGHT="71">
            <Shape><Polygon POINTS="157 551 156 565 179 574 181 574 182 574 340 568 364 575 365 575 367 575 1198 572 1200 559 1197 511 1032 513 1030 513 1011 520 972 511 957 508 956 508 954 508 945 511 923 520 861 520 834 511 820 508 819 508 817 508 816 508 806 511 783 519 773 511 767 507 765 507 764 507 696 507 694 507 693 507 682 513 673 517 661 513 651 508 649 508 648 508 646 508 645 508 639 513 629 519 582 519 550 513 504 505 502 505 319 513 282 514 279 513 267 505 266 505 264 505 212 504 211 504 157 513 157 551"/></Shape>
	    <String CONTENT="confirmatio huius muneris. In hac autem ſtatim"
                    HPOS="156"
                    VPOS="504"
                    WIDTH="1044"
                    HEIGHT="71"
                    WC="0.97406465722167"></String>
          </TextLine>

          
          
          <TextLine ID="eSc_line_f8ba9ccb"
                    TAGREFS="LT4119"
                    BASELINE="157 612 1201 618" 
                    HPOS="156"
                    VPOS="568"
                    WIDTH="1045"
                    HEIGHT="74">
            <Shape><Polygon POINTS="157 612 156 626 178 638 179 638 181 639 322 639 322 638 324 638 348 629 371 638 373 638 374 638 376 638 377 638 391 629 394 627 398 629 425 639 426 639 428 640 484 640 484 639 486 639 487 639 498 630 513 638 514 638 516 638 517 638 532 630 536 629 743 630 748 633 759 639 761 639 762 639 764 639 786 633 800 630 828 633 858 638 859 638 861 638 870 635 883 630 908 635 932 639 933 639 935 639 948 635 962 632 1008 636 1042 639 1044 639 1045 639 1054 636 1070 632 1085 638 1100 642 1102 642 1103 642 1105 642 1122 638 1137 633 1146 638 1155 642 1157 642 1158 642 1200 638 1201 618 1200 572 1158 572 1157 572 1155 572 1154 572 1139 582 1115 572 1113 572 1112 572 1102 572 899 581 886 574 883 571 881 571 880 571 831 571 829 571 828 571 826 571 826 572 823 574 815 581 749 574 713 571 712 571 710 571 696 574 672 581 472 581 447 575 398 568 319 568 318 568 316 568 298 577 294 578 157 578 157 612"/></Shape>
	    <String CONTENT="epigraphỹ apparet tum ſummum amoris Pauli"
                    HPOS="156"
                    VPOS="568"
                    WIDTH="1045"
                    HEIGHT="74"></String>
          </TextLine>

          
          
          <TextLine ID="eSc_line_86712a46"
                    TAGREFS="LT4119"
                    BASELINE="154 670 1201 676" 
                    HPOS="153"
                    VPOS="624"
                    WIDTH="1048"
                    HEIGHT="74">
            <Shape><Polygon POINTS="154 670 153 685 197 694 199 696 245 696 245 694 246 694 248 694 258 687 261 685 545 687 545 688 575 696 577 696 578 696 626 688 635 687 642 688 676 697 678 697 679 697 727 690 841 697 843 697 844 697 861 688 862 688 871 690 941 698 942 698 986 690 987 690 990 690 1029 698 1030 698 1200 690 1201 676 1201 635 1047 629 1045 629 1008 633 980 638 974 633 971 630 969 630 968 630 966 630 907 633 880 635 864 633 806 627 804 627 803 627 801 627 795 633 791 638 755 638 749 633 742 627 740 627 739 627 638 626 636 626 635 626 618 633 614 635 608 633 590 627 588 627 587 627 585 627 584 627 577 633 572 636 455 636 446 633 413 624 411 624 410 624 370 633 367 633 365 633 345 624 343 624 342 624 154 632 154 670"/></Shape>
	    <String CONTENT="erga Timotheum &amp; luculentiſſimum teſtimo¬"
                    HPOS="153"
                    VPOS="624"
                    WIDTH="1048"
                    HEIGHT="74"
                    WC="0.991565604035447"></String>
          </TextLine>

          
          
          <TextLine ID="eSc_line_d929106d"
                    TAGREFS="LT4119"
                    BASELINE="154 728 1203 734" 
                    HPOS="153"
                    VPOS="682"
                    WIDTH="1050"
                    HEIGHT="76">
            <Shape><Polygon POINTS="154 728 153 746 248 754 249 754 251 754 264 748 270 745 411 745 431 748 483 755 484 755 520 748 527 746 542 748 609 755 611 755 612 755 630 748 635 746 642 748 682 756 684 758 762 758 762 756 764 756 789 748 791 748 794 748 856 756 858 756 911 748 917 748 923 748 1000 758 1002 758 1060 749 1165 758 1167 758 1168 758 1201 748 1203 734 1201 690 847 694 822 690 798 685 797 685 742 690 687 694 679 690 675 685 673 685 672 685 670 685 648 690 633 693 630 690 623 684 621 684 620 684 618 684 587 690 580 691 572 690 547 684 545 684 544 684 542 684 541 684 535 690 530 694 417 694 411 690 397 682 395 682 325 682 324 682 322 682 321 682 309 690 306 691 154 691 154 728"/></Shape>
	    <String CONTENT="niũ: tum illius muneris &amp; Apoſtolatus firmamen¬"
                    HPOS="153"
                    VPOS="682"
                    WIDTH="1050"
                    HEIGHT="76"
                    WC="0.985979656378428"></String>
          </TextLine>

          
          
          <TextLine ID="eSc_line_1ee3dbb6"
                    TAGREFS="LT4119"
                    BASELINE="154 788 1200 794" 
                    HPOS="153"
                    VPOS="742"
                    WIDTH="1047"
                    HEIGHT="75">
            <Shape><Polygon POINTS="154 788 153 801 218 813 220 813 416 804 679 816 681 816 983 809 1000 817 1002 817 1003 817 1122 810 1152 817 1154 817 1155 817 1198 807 1200 794 1198 756 1137 746 1136 746 965 752 939 745 938 745 936 745 935 745 911 752 785 745 783 745 782 745 759 752 757 754 646 754 645 752 632 743 630 743 629 743 627 743 626 743 606 752 605 752 388 752 385 751 371 742 370 742 368 742 367 742 365 742 337 749 331 751 154 749 154 788"/></Shape>
	    <String CONTENT="tum maximum. Quod non ipſius quidem Timo¬"
                    HPOS="153"
                    VPOS="742"
                    WIDTH="1047"
                    HEIGHT="75"
                    WC="0.987188625626448"></String>
          </TextLine>

          
          
          <TextLine ID="eSc_line_89891ea9"
                    TAGREFS="LT4119"
                    BASELINE="156 849 1201 852" 
                    HPOS="154"
                    VPOS="801"
                    WIDTH="1047"
                    HEIGHT="74">
            <Shape><Polygon POINTS="156 849 154 864 200 874 202 875 321 875 321 874 322 874 324 874 334 867 627 874 629 874 663 867 676 875 678 875 679 875 681 875 733 868 759 875 761 875 762 875 1200 867 1201 852 1198 807 1079 810 1048 806 1020 803 1018 803 1017 803 1005 806 983 813 957 806 945 803 944 803 942 803 941 803 939 803 935 806 923 813 865 806 847 804 846 804 815 806 713 813 673 806 663 804 661 804 648 806 611 812 603 806 600 803 599 803 597 803 596 803 581 806 556 812 545 806 539 801 538 801 536 801 535 801 496 806 453 810 444 806 435 801 434 801 353 801 352 801 350 801 349 801 345 806 334 813 276 813 257 806 246 801 245 801 243 801 156 804 156 849"/></Shape>
	    <String CONTENT="thei gratiâ fit, ſed aliorum, quos admoniturus e¬"
                    HPOS="154"
                    VPOS="801"
                    WIDTH="1047"
                    HEIGHT="74"></String>
          </TextLine>

          
          
          <TextLine ID="eSc_line_a7195ad1"
                    TAGREFS="LT4119"
                    BASELINE="153 907 1200 910" 
                    HPOS="151"
                    VPOS="862"
                    WIDTH="1049"
                    HEIGHT="76">
            <Shape><Polygon POINTS="153 907 151 929 267 926 276 931 285 935 287 935 288 935 290 935 303 931 316 926 321 931 325 935 327 935 328 935 330 936 392 936 392 935 394 935 406 931 416 926 420 931 426 935 428 935 429 935 431 936 477 936 477 935 501 929 517 926 524 929 535 935 536 935 538 935 571 929 591 926 596 929 603 935 605 935 606 935 685 936 687 936 688 936 712 929 716 928 721 929 740 936 742 936 743 936 745 936 768 929 771 928 774 929 792 936 794 936 795 936 859 929 868 936 870 936 871 936 873 938 1020 938 1020 936 1021 936 1052 928 1054 928 1055 928 1112 936 1113 936 1198 926 1200 910 1198 875 1127 864 1125 864 962 872 916 874 895 871 843 864 841 864 840 864 838 864 829 871 823 875 780 875 771 870 761 865 759 865 675 862 673 862 672 862 670 862 660 868 654 872 599 868 560 865 559 865 557 865 550 868 533 872 493 867 477 865 475 865 464 867 432 871 420 867 411 862 410 862 408 862 391 865 359 874 328 874 315 865 312 862 310 862 309 862 227 862 226 862 224 862 218 864 194 871 153 864 153 907"/></Shape>
	    <String CONTENT="rat Timotheus, nec quidẽ tàm ſuo, quàm Pau¬"
                    HPOS="151"
                    VPOS="862"
                    WIDTH="1049"
                    HEIGHT="76"
                    WC="0.98154548847157"></String>
          </TextLine>

          
          
          <TextLine ID="eSc_line_95ed8728"
                    TAGREFS="LT4119"
                    BASELINE="154 965 1198 969" 
                    HPOS="153"
                    VPOS="920"
                    WIDTH="1045"
                    HEIGHT="76">
            <Shape><Polygon POINTS="154 965 153 990 224 991 226 991 227 991 229 991 229 990 239 983 350 990 367 990 368 990 370 990 371 990 392 983 432 989 450 991 452 991 453 991 464 989 489 983 502 989 513 993 514 993 516 993 517 993 535 989 554 984 562 989 569 993 571 993 572 993 574 993 666 989 736 984 742 987 751 993 752 993 754 993 861 994 862 994 864 994 883 987 884 986 884 987 893 994 895 994 896 994 898 996 966 996 966 994 968 994 1002 986 1006 986 1011 986 1052 993 1054 993 1197 984 1198 969 1197 933 1133 923 1131 923 1130 923 1097 932 1093 932 1088 932 1038 923 1036 923 1035 923 1020 931 1015 933 939 933 919 929 870 923 868 923 709 928 578 931 569 926 563 922 562 922 560 922 501 920 499 920 498 920 486 925 477 929 469 925 466 922 465 922 464 922 462 922 449 925 426 929 371 923 350 922 349 922 348 922 346 922 345 923 334 931 200 931 190 922 190 920 188 920 187 920 185 920 154 920 154 965"/></Shape>
	    <String CONTENT="li nomine &amp; authoritate. Itaque hanc authorita¬"
                    HPOS="153"
                    VPOS="920"
                    WIDTH="1045"
                    HEIGHT="76"
                    WC="0.989969915532051"></String>
          </TextLine>

          
          
          <TextLine ID="eSc_line_c36fcc39"
                    TAGREFS="LT4119"
                    BASELINE="156 1027 1203 1024" 
                    HPOS="154"
                    VPOS="981"
                    WIDTH="1049"
                    HEIGHT="70">
            <Shape><Polygon POINTS="156 1027 156 1039 187 1049 188 1049 190 1049 191 1049 211 1041 224 1051 226 1051 227 1051 229 1051 282 1041 284 1041 285 1041 336 1048 337 1048 416 1041 423 1041 425 1041 447 1051 449 1051 450 1051 510 1041 516 1041 517 1041 533 1049 535 1049 536 1049 538 1049 559 1042 562 1041 574 1042 633 1048 635 1048 673 1042 684 1041 688 1042 709 1049 710 1049 712 1049 751 1042 762 1041 783 1042 849 1049 850 1049 913 1044 951 1039 983 1044 1026 1049 1027 1049 1203 1044 1203 1024 1200 996 1055 996 1054 994 1032 981 1030 981 1029 981 1027 981 1026 981 978 994 975 996 908 996 907 994 893 984 892 984 890 984 889 984 887 984 855 993 832 981 831 981 829 981 782 991 762 981 761 981 759 981 758 981 715 993 701 981 700 981 699 981 697 981 651 989 611 983 609 983 608 983 606 983 590 993 584 996 502 991 419 989 417 989 416 989 406 991 395 994 386 991 355 983 353 983 279 983 278 983 276 983 258 991 254 993 154 991 156 1027"/></Shape>
	    <String CONTENT="tem aſſertam prius confirmatámque eſſe opor¬"
                    HPOS="154"
                    VPOS="981"
                    WIDTH="1049"
                    HEIGHT="70"
                    WC="0.978176682525211"></String>
          </TextLine>

          
          
          <TextLine ID="eSc_line_493ed7d4"
                    TAGREFS="LT4119"
                    BASELINE="154 1082 1201 1085" 
                    HPOS="153"
                    VPOS="1036"
                    WIDTH="1048"
                    HEIGHT="69">
            <Shape><Polygon POINTS="153 1096 165 1103 166 1103 168 1103 169 1105 1200 1105 1201 1085 1200 1038 1124 1038 1122 1038 1121 1038 1119 1038 1106 1049 1079 1049 1044 1038 1042 1038 1041 1038 983 1047 971 1038 969 1038 968 1038 910 1038 908 1038 907 1038 905 1038 892 1049 847 1049 746 1038 745 1038 743 1038 742 1038 742 1039 730 1049 682 1049 652 1039 651 1039 649 1039 648 1039 630 1048 524 1048 511 1036 510 1036 508 1036 507 1036 505 1036 504 1036 464 1047 388 1036 383 1036 382 1036 377 1036 304 1047 292 1038 292 1036 291 1036 290 1036 258 1036 257 1036 255 1036 236 1047 202 1036 200 1036 199 1036 197 1036 196 1036 184 1047 156 1036 154 1082 153 1096"/></Shape>
	    <String CONTENT="tuit. Deinde ipſius quoque Timothei &amp; confir¬"
                    HPOS="153"
                    VPOS="1036"
                    WIDTH="1048"
                    HEIGHT="69"
                    WC="0.996125755045149"></String>
          </TextLine>

          
          
          <TextLine ID="eSc_line_8a902972"
                    TAGREFS="LT4119"
                    BASELINE="156 1142 1198 1146" 
                    HPOS="156"
                    VPOS="1093"
                    WIDTH="1042"
                    HEIGHT="74">
            <Shape><Polygon POINTS="156 1142 156 1161 257 1157 275 1163 279 1164 281 1164 282 1164 291 1163 321 1157 356 1163 365 1164 367 1164 368 1164 371 1163 385 1157 441 1164 452 1164 453 1164 455 1164 458 1164 477 1157 648 1164 681 1165 682 1165 688 1165 718 1158 731 1165 733 1165 734 1165 736 1165 758 1165 884 1160 1011 1167 1029 1167 1030 1167 1032 1167 1033 1167 1049 1160 1154 1160 1195 1167 1198 1146 1198 1107 1171 1096 1170 1096 1168 1096 1109 1106 1107 1106 1060 1096 1058 1096 1057 1096 1029 1106 1026 1107 994 1107 993 1106 981 1096 980 1096 978 1096 977 1096 935 1105 925 1096 923 1096 922 1096 850 1094 849 1094 847 1094 823 1105 820 1106 742 1106 734 1103 703 1094 701 1094 700 1094 699 1094 672 1103 669 1103 658 1094 657 1094 655 1094 654 1094 652 1094 632 1102 608 1096 606 1096 605 1096 603 1096 590 1102 584 1105 548 1102 502 1097 501 1097 428 1100 365 1103 358 1100 342 1093 340 1093 339 1093 337 1093 319 1099 309 1103 303 1099 297 1094 295 1094 294 1094 292 1094 291 1094 275 1099 258 1103 156 1099 156 1142"/></Shape>
	    <String CONTENT="mandi &amp; commendandi apud Eccleſiam cauſâ,"
                    HPOS="156"
                    VPOS="1093"
                    WIDTH="1042"
                    HEIGHT="74"
                    WC="0.955081643802779"></String>
          </TextLine>

          
          
          <TextLine ID="eSc_line_292f1930"
                    TAGREFS="LT4119"
                    BASELINE="157 1200 1197 1204" 
                    HPOS="156"
                    VPOS="1152"
                    WIDTH="1041"
                    HEIGHT="69">
            <Shape><Polygon POINTS="157 1200 156 1215 1194 1221 1197 1204 1197 1170 1168 1157 1167 1157 1165 1157 1164 1157 1163 1157 1145 1170 1110 1170 1035 1155 1033 1155 1032 1155 1030 1155 1012 1168 1011 1170 923 1170 922 1168 907 1155 905 1155 904 1155 846 1154 844 1154 812 1155 810 1155 809 1155 792 1167 751 1165 734 1154 733 1154 731 1154 730 1154 728 1154 727 1154 727 1155 712 1167 633 1155 632 1155 630 1155 629 1155 612 1167 611 1168 562 1168 559 1167 535 1154 533 1154 455 1154 453 1154 452 1154 423 1165 406 1152 404 1152 403 1152 401 1152 234 1154 233 1154 209 1165 157 1165 157 1200"/></Shape>
	    <String CONTENT="qui à Paulo miſſus erat, hoc additum eſt, quò"
                    HPOS="156"
                    VPOS="1152"
                    WIDTH="1041"
                    HEIGHT="69"
                    WC="0.994033430485015"></String>
          </TextLine>

          
          
          <TextLine ID="eSc_line_33e10307"
                    TAGREFS="LT4119"
                    BASELINE="154 1259 1198 1264" 
                    HPOS="153"
                    VPOS="1212"
                    WIDTH="1045"
                    HEIGHT="71">
            <Shape><Polygon POINTS="154 1259 153 1273 251 1280 252 1280 300 1274 312 1273 319 1274 345 1280 346 1280 348 1280 349 1280 350 1280 358 1274 359 1273 367 1274 397 1280 398 1280 474 1274 501 1273 510 1274 536 1281 538 1281 539 1281 777 1276 835 1274 849 1276 904 1283 905 1283 951 1276 956 1276 960 1276 1011 1283 1012 1283 1197 1276 1198 1264 1197 1231 1136 1219 1134 1219 1133 1219 1121 1225 1102 1215 1100 1215 1099 1215 1097 1215 1096 1215 1070 1229 1069 1231 971 1231 969 1229 953 1215 951 1215 950 1215 948 1215 843 1216 841 1216 840 1216 823 1228 685 1221 684 1221 578 1228 563 1228 559 1228 514 1215 513 1215 511 1215 411 1221 397 1212 395 1212 394 1212 392 1212 340 1219 208 1212 206 1212 205 1212 178 1226 176 1226 154 1226 154 1259"/></Shape>
	    <String CONTENT="iuſtior ipſius vocatio appareat, Pauli vocatione"
                    HPOS="153"
                    VPOS="1212"
                    WIDTH="1045"
                    HEIGHT="71"
                    WC="0.974252211550871"></String>
          </TextLine>

          
          
          <TextLine ID="eSc_line_aadd966f"
                    TAGREFS="LT4119"
                    BASELINE="154 1319 1198 1323" 
                    HPOS="153"
                    VPOS="1270"
                    WIDTH="1045"
                    HEIGHT="65">
            <Shape><Polygon POINTS="154 1319 153 1331 1195 1335 1198 1323 1197 1287 1066 1273 1064 1273 1063 1273 1015 1286 1014 1287 939 1287 933 1286 849 1271 847 1271 794 1281 696 1271 694 1271 693 1271 691 1271 673 1284 672 1284 661 1284 574 1281 563 1271 562 1271 560 1271 559 1271 557 1271 514 1284 449 1284 431 1270 429 1270 428 1270 350 1270 349 1270 348 1270 346 1270 334 1277 254 1270 252 1270 251 1270 218 1283 217 1283 215 1283 182 1273 181 1273 179 1273 178 1273 154 1281 154 1319"/></Shape>
	    <String CONTENT="ſemel ſtabilita, etſi de ea Epheſij incerti eſſe non"
                    HPOS="153"
                    VPOS="1270"
                    WIDTH="1045"
                    HEIGHT="65"
                    WC="0.994818791747093"></String>
          </TextLine>

          
          
          <TextLine ID="eSc_line_dbe4f31b"
                    TAGREFS="LT4119"
                    BASELINE="159 1377 1195 1383" 
                    HPOS="159"
                    VPOS="1332"
                    WIDTH="1036"
                    HEIGHT="71">
            <Shape><Polygon POINTS="159 1377 159 1397 397 1389 535 1400 544 1400 545 1400 553 1400 661 1390 721 1402 727 1402 728 1402 737 1402 810 1393 859 1400 861 1400 862 1400 881 1392 951 1393 966 1403 968 1403 969 1403 971 1403 977 1403 1023 1393 1054 1403 1055 1403 1057 1403 1058 1403 1060 1403 1061 1403 1090 1393 1192 1403 1195 1383 1194 1350 1127 1337 1027 1337 1026 1337 1024 1337 1023 1337 1006 1347 1005 1348 996 1347 935 1335 933 1335 886 1345 878 1348 849 1348 844 1345 829 1335 828 1335 826 1335 825 1335 783 1344 771 1348 721 1348 715 1344 703 1335 701 1335 700 1335 699 1335 697 1335 679 1344 673 1347 621 1347 615 1342 603 1334 602 1334 600 1334 599 1334 597 1334 566 1342 553 1345 541 1341 522 1335 520 1335 519 1335 483 1341 456 1345 441 1341 419 1332 417 1332 416 1332 414 1332 385 1339 374 1342 362 1339 345 1335 343 1335 342 1335 309 1339 269 1344 159 1338 159 1377"/></Shape>
	    <String CONTENT="potuerunt, inter quos vixit per biennium Paulus."
                    HPOS="159"
                    VPOS="1332"
                    WIDTH="1036"
                    HEIGHT="71"
                    WC="0.992054314663013"></String>
          </TextLine>

          
          
          <TextLine ID="eSc_line_32d877a4"
                    TAGREFS="LT4119"
                    BASELINE="159 1435 1195 1442" 
                    HPOS="157"
                    VPOS="1386"
                    WIDTH="1038"
                    HEIGHT="78">
            <Shape><Polygon POINTS="159 1435 157 1454 160 1457 162 1457 162 1458 163 1458 165 1458 166 1458 168 1458 199 1450 226 1457 227 1457 229 1457 425 1453 434 1460 435 1460 437 1460 438 1460 481 1451 492 1450 516 1451 585 1458 587 1458 639 1453 657 1451 661 1453 679 1461 681 1461 682 1461 765 1454 786 1453 989 1454 991 1455 1008 1464 1009 1464 1011 1464 1194 1457 1195 1442 1194 1399 1161 1392 1160 1392 1158 1392 1157 1392 1146 1397 1139 1403 1133 1397 1127 1393 1127 1392 1125 1392 1124 1392 1091 1392 1090 1392 1088 1392 1087 1392 1078 1397 1072 1402 1066 1397 1061 1395 1060 1395 1058 1395 1057 1395 1035 1397 994 1403 984 1397 972 1390 971 1390 969 1390 936 1390 935 1390 933 1390 932 1390 932 1392 925 1397 919 1403 862 1403 853 1396 847 1392 846 1392 844 1392 843 1392 841 1392 826 1396 810 1402 792 1396 771 1389 770 1389 768 1389 767 1389 765 1389 758 1396 751 1402 713 1402 693 1396 666 1389 664 1389 663 1389 661 1389 660 1389 652 1395 643 1402 575 1402 566 1395 556 1387 554 1387 553 1387 551 1387 550 1387 535 1395 526 1399 501 1395 462 1387 461 1387 459 1387 441 1395 426 1399 298 1399 291 1393 281 1386 279 1386 278 1386 276 1386 159 1392 159 1435"/></Shape>
	    <String CONTENT="Nihil autem hoc loco fit à Paulo oſtentationis"
                    HPOS="157"
                    VPOS="1386"
                    WIDTH="1038"
                    HEIGHT="78"
                    WC="0.979054447184218"></String>
          </TextLine>

          
          
          <TextLine ID="eSc_line_cb739e80"
                    TAGREFS="LT4119"
                    BASELINE="157 1493 1197 1497" 
                    HPOS="157"
                    VPOS="1445"
                    WIDTH="1040"
                    HEIGHT="66">
            <Shape><Polygon POINTS="157 1493 157 1511 1195 1511 1197 1497 1195 1464 1136 1464 1134 1463 1112 1451 1110 1451 1109 1451 1107 1451 1076 1463 1049 1463 1000 1463 999 1463 987 1453 987 1451 986 1451 984 1451 983 1451 981 1451 960 1461 957 1464 887 1464 881 1461 841 1447 840 1447 838 1447 761 1448 759 1448 758 1448 739 1460 736 1463 687 1463 679 1460 627 1447 626 1447 624 1447 623 1447 593 1460 587 1463 519 1463 513 1458 496 1453 495 1453 493 1453 492 1453 490 1453 483 1458 480 1461 419 1461 416 1458 401 1445 400 1445 398 1445 224 1445 223 1445 221 1445 203 1453 191 1445 190 1445 188 1445 187 1445 185 1445 157 1455 157 1493"/></Shape>
	    <String CONTENT="&amp; iactantiæ animo, ſed quòd muneris autho¬"
                    HPOS="157"
                    VPOS="1445"
                    WIDTH="1040"
                    HEIGHT="66"></String>
          </TextLine>

          
          
          <TextLine ID="eSc_line_d8e4672d"
                    TAGREFS="LT4119"
                    BASELINE="154 1554 1200 1558" 
                    HPOS="153"
                    VPOS="1508"
                    WIDTH="1047"
                    HEIGHT="69">
            <Shape><Polygon POINTS="154 1554 153 1566 208 1576 209 1576 307 1569 699 1577 700 1577 1198 1573 1200 1558 1198 1513 1164 1511 1163 1511 1161 1511 1160 1511 1157 1513 1145 1524 1119 1524 1103 1513 1100 1511 1099 1511 1097 1511 1096 1511 1094 1511 1087 1513 1063 1524 944 1524 920 1515 908 1511 907 1511 905 1511 813 1515 694 1521 685 1515 676 1509 675 1509 673 1509 672 1509 611 1516 578 1519 544 1516 455 1508 453 1508 452 1508 432 1516 429 1519 426 1516 416 1508 414 1508 413 1508 337 1508 336 1508 334 1508 310 1518 306 1519 154 1519 154 1554"/></Shape>
	    <String CONTENT="ritatem defendi aduerſus quorundam impoſtorũ"
                    HPOS="153"
                    VPOS="1508"
                    WIDTH="1047"
                    HEIGHT="69"></String>
          </TextLine>

          
          
          <TextLine ID="eSc_line_676ac333"
                    TAGREFS="LT4119"
                    BASELINE="154 1610 1197 1616" 
                    HPOS="153"
                    VPOS="1564"
                    WIDTH="1044"
                    HEIGHT="79">
            <Shape><Polygon POINTS="154 1610 153 1628 220 1628 226 1629 233 1635 234 1635 236 1635 237 1635 239 1635 249 1629 254 1628 266 1629 303 1637 304 1637 306 1637 307 1637 316 1629 322 1627 404 1627 408 1629 428 1638 429 1638 431 1638 477 1629 495 1627 504 1629 527 1638 529 1638 530 1638 532 1638 550 1629 556 1627 562 1629 575 1635 577 1635 578 1635 611 1629 627 1627 642 1629 676 1637 678 1637 679 1637 693 1631 704 1640 706 1640 707 1640 709 1641 859 1641 859 1640 861 1640 880 1629 883 1628 889 1629 935 1641 936 1641 938 1643 1024 1643 1024 1641 1026 1641 1051 1629 1113 1629 1139 1640 1140 1640 1142 1640 1195 1628 1197 1616 1197 1585 1170 1570 1168 1570 1167 1570 1139 1570 1137 1570 1136 1570 1134 1570 1115 1585 1113 1585 1066 1570 1064 1570 1063 1570 1061 1570 1036 1583 1032 1586 936 1586 725 1580 710 1576 676 1567 675 1567 542 1567 541 1567 539 1567 527 1571 507 1580 328 1570 327 1570 325 1570 304 1582 237 1582 214 1566 212 1566 211 1566 154 1564 154 1610"/></Shape>
	    <String CONTENT="calumnias oportuit, vidít que pro temporis cir¬"
                    HPOS="153"
                    VPOS="1564"
                    WIDTH="1044"
                    HEIGHT="79"></String>
          </TextLine>

          
          
          <TextLine ID="eSc_line_27f52294"
                    TAGREFS="LT4119"
                    BASELINE="156 1668 1197 1673" 
                    HPOS="154"
                    VPOS="1625"
                    WIDTH="1043"
                    HEIGHT="68">
            <Shape><Polygon POINTS="156 1668 154 1682 316 1690 318 1690 398 1685 435 1692 437 1692 438 1692 466 1685 501 1693 502 1693 504 1693 1195 1686 1197 1673 1195 1641 1139 1628 1137 1628 1096 1635 1042 1628 1041 1628 1039 1628 1005 1640 1002 1640 996 1640 935 1628 933 1628 932 1628 895 1638 887 1640 795 1640 792 1638 782 1631 780 1631 779 1631 777 1631 746 1637 740 1638 736 1637 707 1627 706 1627 704 1627 703 1627 675 1637 670 1638 664 1637 630 1627 629 1627 627 1627 571 1637 554 1638 538 1635 472 1625 471 1625 404 1635 389 1637 382 1635 353 1625 352 1625 350 1625 349 1625 331 1634 327 1637 288 1637 285 1634 272 1625 270 1625 269 1625 242 1625 240 1625 239 1625 237 1625 227 1634 221 1637 156 1634 156 1668"/></Shape>
	    <String CONTENT="cunſtantia eſſe neceſſe. Cæterum docet hic lo¬"
                    HPOS="154"
                    VPOS="1625"
                    WIDTH="1043"
                    HEIGHT="68"
                    WC="0.974474199440168"></String>
          </TextLine>

          
          
          <TextLine ID="eSc_line_e8f31ca6"
                    TAGREFS="LT4119"
                    BASELINE="157 1729 1195 1734" 
                    HPOS="156"
                    VPOS="1680"
                    WIDTH="1039"
                    HEIGHT="79">
            <Shape><Polygon POINTS="156 1743 276 1754 278 1754 367 1745 380 1754 382 1754 383 1754 385 1756 458 1756 458 1754 459 1754 477 1745 657 1756 658 1756 718 1747 748 1756 749 1756 751 1757 831 1757 831 1756 832 1756 834 1756 844 1748 856 1757 858 1757 859 1757 861 1759 1003 1759 1003 1757 1005 1757 1035 1748 1079 1757 1081 1757 1082 1757 1084 1757 1100 1748 1149 1748 1168 1756 1170 1756 1171 1756 1173 1756 1194 1747 1195 1734 1194 1701 1124 1701 1122 1699 1094 1685 1093 1685 1091 1685 1090 1685 1061 1692 1054 1685 1052 1685 1051 1685 1049 1685 1048 1685 1047 1685 1033 1696 1029 1699 1018 1696 966 1685 965 1685 963 1685 941 1695 932 1701 850 1701 792 1692 786 1692 785 1692 774 1692 670 1696 661 1689 660 1689 658 1689 657 1689 655 1689 654 1689 636 1698 621 1689 614 1683 612 1683 611 1683 508 1683 507 1683 505 1683 498 1686 487 1690 472 1686 458 1682 456 1682 455 1682 437 1685 401 1695 306 1696 281 1682 279 1682 278 1682 221 1682 205 1682 203 1682 202 1682 200 1682 193 1689 159 1680 157 1729 156 1743"/></Shape>
	    <String CONTENT="cus à quo mitti de beamus &amp; vocari, nẽpe à Deo."
                    HPOS="156"
                    VPOS="1680"
                    WIDTH="1039"
                    HEIGHT="79"
                    WC="0.971577972173691"></String>
          </TextLine>

          
          
          <TextLine ID="eSc_line_c9d2212f"
                    TAGREFS="LT4119"
                    BASELINE="156 1787 1195 1790" 
                    HPOS="156"
                    VPOS="1741"
                    WIDTH="1039"
                    HEIGHT="73">
            <Shape><Polygon POINTS="156 1787 157 1811 191 1802 306 1802 321 1811 322 1812 324 1812 325 1812 327 1812 343 1811 426 1802 493 1802 511 1811 514 1812 516 1812 517 1814 582 1814 582 1812 584 1812 585 1812 585 1811 587 1811 597 1802 727 1811 780 1814 782 1814 828 1811 917 1804 947 1811 963 1814 965 1814 989 1811 1017 1806 1052 1811 1087 1814 1088 1814 1090 1814 1097 1811 1110 1804 1136 1811 1149 1814 1151 1814 1152 1814 1194 1809 1195 1790 1194 1757 1005 1744 1003 1744 1002 1744 1000 1744 989 1753 986 1756 972 1753 936 1745 935 1745 905 1751 887 1757 739 1757 731 1750 727 1747 727 1745 725 1745 724 1745 722 1745 721 1745 713 1748 706 1753 694 1748 676 1743 675 1743 673 1743 578 1747 577 1747 575 1747 566 1754 505 1753 495 1745 492 1743 490 1743 489 1743 487 1743 466 1745 413 1753 386 1744 382 1743 380 1743 379 1743 367 1744 310 1751 288 1744 287 1744 285 1744 284 1744 282 1744 269 1754 227 1743 226 1743 156 1741 156 1787"/></Shape>
	    <String CONTENT="Nemo enim vſurpat ſibi honorem Hebr. 5.V.4."
                    HPOS="156"
                    VPOS="1741"
                    WIDTH="1039"
                    HEIGHT="73"
                    WC="0.964498510194379"></String>
          </TextLine>

          
          
          <TextLine ID="eSc_line_f90fd2cb"
                    TAGREFS="LT4119"
                    BASELINE="156 1850 1197 1848" 
                    HPOS="154"
                    VPOS="1801"
                    WIDTH="1043"
                    HEIGHT="74">
            <Shape><Polygon POINTS="156 1850 156 1870 403 1866 426 1869 452 1873 453 1873 483 1869 508 1866 574 1869 675 1873 676 1873 709 1867 722 1866 731 1867 752 1873 754 1873 755 1873 757 1873 758 1873 765 1867 770 1866 789 1867 850 1873 852 1873 853 1873 868 1867 871 1866 873 1867 880 1873 881 1873 883 1873 884 1875 1112 1875 1112 1873 1195 1864 1197 1848 1194 1815 1045 1814 1026 1801 1024 1801 1023 1801 1021 1801 978 1809 939 1801 938 1801 936 1801 935 1801 889 1812 881 1814 880 1812 864 1801 862 1801 861 1801 859 1801 752 1811 724 1814 718 1811 699 1801 697 1801 696 1801 694 1801 654 1811 639 1815 333 1815 310 1808 282 1801 281 1801 279 1801 154 1806 156 1850"/></Shape>
	    <String CONTENT="etſi non omnes extraordinariè (vti Paulus) vo¬"
                    HPOS="154"
                    VPOS="1801"
                    WIDTH="1043"
                    HEIGHT="74"
                    WC="0.981711448507106"></String>
          </TextLine>

          
          
          <TextLine ID="eSc_line_02a74b36"
                    TAGREFS="LT4119"
                    BASELINE="157 1903 333 1906" 
                    HPOS="156"
                    VPOS="1860"
                    WIDTH="177"
                    HEIGHT="62">
            <Shape><Polygon POINTS="157 1903 156 1922 331 1921 333 1906 331 1878 245 1860 243 1860 157 1873 157 1903"/></Shape>
	    <String CONTENT="cantur."
                    HPOS="156"
                    VPOS="1860"
                    WIDTH="177"
                    HEIGHT="62"
                    WC="0.999940088817051"></String>
          </TextLine>

          
          
          <TextLine ID="eSc_line_67f4920b"
                    TAGREFS="LT4119"
                    BASELINE="217 1967 1197 1970" 
                    HPOS="215"
                    VPOS="1905"
                    WIDTH="982"
                    HEIGHT="84">
            <Shape><Polygon POINTS="217 1967 215 1979 257 1988 258 1988 560 1983 681 1982 1194 1989 1197 1970 1195 1909 1143 1906 1142 1906 1140 1906 1134 1909 1106 1925 1023 1925 1011 1915 1011 1914 1009 1914 1008 1914 1006 1914 1005 1914 990 1921 963 1909 954 1906 953 1906 771 1906 770 1906 768 1906 758 1911 749 1915 737 1911 725 1908 724 1908 722 1908 721 1908 719 1908 715 1911 706 1918 690 1912 684 1909 682 1909 681 1909 679 1909 672 1912 648 1921 630 1912 617 1905 615 1905 614 1905 581 1912 538 1922 487 1912 459 1908 458 1908 456 1908 455 1908 449 1914 437 1924 388 1924 368 1914 358 1909 356 1909 355 1909 353 1909 342 1914 318 1922 287 1914 273 1911 272 1911 270 1911 269 1911 261 1914 254 1918 217 1915 217 1967"/></Shape>
	    <String CONTENT="Finem autem, &amp; cauſſam tanti Dei beneficij"
                    HPOS="215"
                    VPOS="1905"
                    WIDTH="982"
                    HEIGHT="84"
                    WC="0.959088779631115"></String>
          </TextLine>

          
          
          <TextLine ID="eSc_line_c13b4983"
                    TAGREFS="LT4119"
                    BASELINE="159 2022 1197 2025" 
                    HPOS="157"
                    VPOS="1979"
                    WIDTH="1040"
                    HEIGHT="71">
            <Shape><Polygon POINTS="159 2022 157 2040 234 2049 236 2049 237 2049 257 2040 260 2040 386 2040 389 2040 398 2047 400 2047 401 2047 403 2047 404 2047 426 2040 431 2040 580 2040 582 2040 594 2049 596 2049 597 2049 599 2049 727 2043 791 2050 792 2050 953 2041 1116 2050 1118 2050 1195 2040 1197 2025 1197 1997 1140 1982 1139 1982 1110 1982 1109 1982 1107 1982 1106 1982 1087 1994 1084 1997 1042 1997 1038 1994 1015 1982 1014 1982 942 1982 941 1982 939 1982 919 1991 887 1982 886 1982 884 1982 883 1982 881 1982 871 1991 865 1997 710 1997 701 1988 696 1983 696 1982 694 1982 693 1982 691 1982 690 1982 678 1988 669 1991 641 1986 600 1980 599 1980 597 1980 581 1985 557 1994 545 1985 541 1980 539 1980 538 1980 501 1980 499 1980 498 1980 496 1980 490 1983 472 1995 343 1995 297 1994 281 1980 279 1980 278 1980 276 1980 273 1980 230 1989 159 1979 159 2022"/></Shape>
	    <String CONTENT="erga homines oſtendit, dum appellat Deum ſer¬"
                    HPOS="157"
                    VPOS="1979"
                    WIDTH="1040"
                    HEIGHT="71"
                    WC="0.985420849588182"></String>
          </TextLine>

          
          
          <TextLine ID="eSc_line_f9009ff9"
                    TAGREFS="LT4119"
                    BASELINE="157 2082 1200 2088" 
                    HPOS="157"
                    VPOS="2037"
                    WIDTH="1043"
                    HEIGHT="73">
            <Shape><Polygon POINTS="157 2082 157 2105 322 2105 322 2104 324 2104 345 2096 365 2105 367 2105 368 2105 371 2105 466 2098 483 2105 484 2105 486 2105 487 2105 489 2105 498 2099 593 2107 599 2107 600 2107 602 2107 641 2098 658 2105 660 2105 661 2105 868 2099 896 2108 898 2108 899 2108 904 2108 1029 2101 1066 2110 1067 2110 1069 2110 1070 2110 1076 2110 1151 2101 1197 2110 1200 2088 1200 2044 1131 2041 1130 2041 1128 2041 1124 2043 1102 2055 1052 2043 1042 2041 1041 2041 1039 2041 1038 2041 1036 2043 1021 2052 945 2055 853 2043 829 2040 828 2040 826 2040 825 2040 822 2043 803 2053 752 2046 751 2046 749 2046 730 2053 719 2044 719 2043 718 2043 716 2043 715 2043 664 2052 651 2041 646 2038 645 2038 643 2038 600 2038 599 2038 597 2038 596 2038 593 2041 582 2049 536 2043 535 2043 533 2043 532 2043 522 2053 443 2053 429 2041 425 2037 423 2037 422 2037 367 2037 365 2037 364 2037 353 2041 333 2050 157 2041 157 2082"/></Shape>
	    <String CONTENT="uatorem. Quia enim Deusnos ſeruare vult, etiã"
                    HPOS="157"
                    VPOS="2037"
                    WIDTH="1043"
                    HEIGHT="73"
                    WC="0.992356866598129"></String>
          </TextLine>

          
          
          <TextLine ID="eSc_line_40a9fcf1"
                    TAGREFS="LT4119"
                    BASELINE="157 2140 1203 2146" 
                    HPOS="157"
                    VPOS="2094"
                    WIDTH="1046"
                    HEIGHT="75">
            <Shape><Polygon POINTS="157 2140 157 2160 343 2156 364 2160 379 2165 380 2165 382 2165 401 2160 419 2157 458 2160 520 2166 522 2166 548 2160 563 2157 571 2160 582 2166 584 2166 585 2166 669 2160 696 2159 700 2160 713 2166 715 2166 716 2166 771 2160 777 2160 782 2160 858 2168 859 2168 861 2168 878 2160 880 2160 942 2169 944 2169 1038 2162 1087 2169 1088 2169 1090 2169 1091 2169 1106 2160 1107 2160 1201 2160 1203 2146 1203 2113 1107 2098 1106 2098 1105 2098 1103 2098 1087 2111 1087 2113 1051 2113 1049 2111 1024 2098 1023 2098 1021 2098 965 2111 962 2111 959 2111 925 2096 923 2096 922 2096 797 2110 792 2110 776 2099 774 2099 773 2099 771 2099 770 2099 749 2108 736 2096 734 2096 733 2096 673 2095 672 2095 438 2108 423 2108 417 2108 356 2096 355 2096 287 2107 270 2094 269 2094 267 2094 266 2094 264 2094 240 2101 187 2094 185 2094 184 2094 157 2105 157 2140"/></Shape>
	    <String CONTENT="mitti ad nos, qui ipſius Euangelium &amp; volun¬"
                    HPOS="157"
                    VPOS="2094"
                    WIDTH="1046"
                    HEIGHT="75"
                    WC="0.981959706003016"></String>
          </TextLine>

          
          
          <TextLine ID="eSc_line_df3e3188"
                    TAGREFS="LT4119"
                    BASELINE="154 2199 1201 2204" 
                    HPOS="154"
                    VPOS="2153"
                    WIDTH="1047"
                    HEIGHT="88">
            <Shape><Polygon POINTS="154 2199 154 2221 358 2220 364 2224 379 2238 380 2238 382 2238 383 2239 480 2239 480 2238 481 2238 511 2226 522 2221 542 2226 602 2239 603 2239 605 2239 638 2232 765 2239 767 2239 768 2239 789 2229 791 2227 792 2229 806 2239 807 2239 809 2239 886 2241 887 2241 889 2241 890 2241 908 2229 913 2227 916 2229 929 2236 931 2236 932 2236 933 2236 935 2236 944 2230 956 2223 984 2230 1026 2241 1027 2241 1029 2241 1030 2241 1049 2230 1066 2223 1143 2223 1160 2232 1171 2239 1173 2239 1174 2239 1176 2239 1177 2239 1200 2232 1201 2204 1201 2168 1174 2156 1173 2156 1171 2156 1125 2166 1070 2156 1069 2156 1067 2156 1066 2156 1051 2168 1048 2168 1005 2168 987 2156 986 2156 984 2156 983 2156 981 2156 980 2156 960 2168 959 2168 774 2168 754 2154 752 2154 751 2154 606 2154 605 2154 603 2154 585 2163 522 2154 520 2154 519 2154 517 2154 504 2166 501 2166 459 2153 458 2153 386 2153 385 2153 383 2153 356 2165 154 2165 154 2199"/></Shape>
	    <String CONTENT="tatem annuntient. Pſal.74.Luc 13.verſ.34. id eſt,"
                    HPOS="154"
                    VPOS="2153"
                    WIDTH="1047"
                    HEIGHT="88"></String>
          </TextLine>

          
        </TextBlock>
        
        <TextBlock HPOS="887"
                   VPOS="2226"
                   WIDTH="118"
                   HEIGHT="62"
                   ID="block_3"
                   TAGREFS="BT10534">
          <Shape><Polygon POINTS="1005 2226 1005 2288 887 2288 887 2226"/></Shape>
          
          
          <TextLine ID="eSc_line_99da17f9"
                    TAGREFS="LT4119"
                    BASELINE="889 2266 996 2266" 
                    HPOS="889"
                    VPOS="2232"
                    WIDTH="107"
                    HEIGHT="65">
            <Shape><Polygon POINTS="889 2266 889 2297 996 2296 996 2266 996 2239 889 2232 889 2266"/></Shape>
	    <String CONTENT="a. ij"
                    HPOS="889"
                    VPOS="2232"
                    WIDTH="107"
                    HEIGHT="65"
                    WC="0.976855111122131"></String>
          </TextLine>

          
        </TextBlock>
        

        
      </PrintSpace>
    </Page>
  </Layout>
</alto>
