<?xml version="1.0" encoding="UTF-8"?>
<alto xmlns:xsi="http://www.w3.org/2001/XMLSchema-instance"
      xmlns="http://www.loc.gov/standards/alto/ns-v4#"
      xsi:schemaLocation="http://www.loc.gov/standards/alto/ns-v4# http://www.loc.gov/standards/alto/v4/alto-4-2.xsd">
  <Description>
    <MeasurementUnit>pixel</MeasurementUnit>
    <sourceImageInformation>
      <fileName>2012943.png</fileName>
      
    </sourceImageInformation>
  </Description>
  
  <Tags>
    <OtherTag ID="BT10544" LABEL="text" DESCRIPTION="block type text"/><OtherTag ID="BT10543" LABEL="NumberingZone" DESCRIPTION="block type NumberingZone"/><OtherTag ID="BT10542" LABEL="MainZone" DESCRIPTION="block type MainZone"/><OtherTag ID="BT10538" LABEL="RunningTitleZone" DESCRIPTION="block type RunningTitleZone"/><OtherTag ID="BT10537" LABEL="DropCapitalZone" DESCRIPTION="block type DropCapitalZone"/><OtherTag ID="BT10536" LABEL="GraphicZone" DESCRIPTION="block type GraphicZone"/><OtherTag ID="BT10535" LABEL="TitlePageZone" DESCRIPTION="block type TitlePageZone"/><OtherTag ID="BT10534" LABEL="QuireMarksZone" DESCRIPTION="block type QuireMarksZone"/><OtherTag ID="BT10533" LABEL="MarginTextZone" DESCRIPTION="block type MarginTextZone"/>
    <OtherTag ID="LT4122" LABEL="default" DESCRIPTION="line type default"/><OtherTag ID="LT4119" LABEL="DefaultLine" DESCRIPTION="line type DefaultLine"/><OtherTag ID="LT4118" LABEL="HeadingLine" DESCRIPTION="line type HeadingLine"/><OtherTag ID="LT4117" LABEL="CustomLine : BiblicalText" DESCRIPTION="line type CustomLine : BiblicalText"/>
  </Tags>
  
  <Layout>
    <Page WIDTH="1807"
          HEIGHT="2677"
          PHYSICAL_IMG_NR="59"
          ID="eSc_dummypage_">
      <PrintSpace HPOS="0"
                  VPOS="0"
                  WIDTH="1807"
                  HEIGHT="2677">
        
        <TextBlock HPOS="410.00018310546875"
                   VPOS="162.65350341796875"
                   WIDTH="312.993896484375"
                   HEIGHT="64.7646484375"
                   ID="block_1"
                   TAGREFS="BT10538">
          <Shape><Polygon POINTS="410 162.654 722.994 162.654 722.994 227.418 410 227.418 410 162.654"/></Shape>
          
          
          <TextLine ID="eSc_line_e1a48635"
                    TAGREFS="LT4118"
                    BASELINE="411 211 737 211" 
                    HPOS="411"
                    VPOS="162"
                    WIDTH="326"
                    HEIGHT="68">
            <Shape><Polygon POINTS="709 171 694 171 679 169 669 175 554 175 527 165 523 163 522 163 520 163 519 163 514 165 489 174 474 163 472 162 471 162 469 162 419 162 411 163 411 211 411 224 736 230 737 211 737 176 724 174"/></Shape>
	    <String CONTENT="CAPVT I."
                    HPOS="411"
                    VPOS="162"
                    WIDTH="326"
                    HEIGHT="68"
                    WC="0.998732902109623"></String>
          </TextLine>

          
        </TextBlock>
        
        <TextBlock HPOS="1087.03173828125"
                   VPOS="181.89816284179688"
                   WIDTH="66.55859375"
                   HEIGHT="58.1029052734375"
                   ID="block_0"
                   TAGREFS="BT10543">
          <Shape><Polygon POINTS="1087.03 181.898 1153.59 181.898 1153.59 240.001 1087.03 240.001 1087.03 181.898"/></Shape>
          
          
          <TextLine ID="eSc_line_0b7d23a7"
                    TAGREFS="LT4119"
                    BASELINE="1096 221 1137 218" 
                    HPOS="1090"
                    VPOS="182"
                    WIDTH="47"
                    HEIGHT="67">
            <Shape><Polygon POINTS="1090 182 1095 220 1097 249 1137 249 1135 216 1128 182 1113 182"/></Shape>
	    <String CONTENT="31"
                    HPOS="1090"
                    VPOS="182"
                    WIDTH="47"
                    HEIGHT="67"></String>
          </TextLine>

          
        </TextBlock>
        
        <TextBlock HPOS="72.73912811279297"
                   VPOS="239.44766235351562"
                   WIDTH="1083.5971755981445"
                   HEIGHT="1955.8816833496094"
                   ID="block_2"
                   TAGREFS="BT10542">
          <Shape><Polygon POINTS="72.7391 239.448 1156.34 239.448 1156.34 2195.33 72.7391 2195.33 72.7391 239.448"/></Shape>
          
          
          <TextLine ID="eSc_line_6ff38b00"
                    TAGREFS="LT4119"
                    BASELINE="102 282 1152 290" 
                    HPOS="101"
                    VPOS="229"
                    WIDTH="1051"
                    HEIGHT="83">
            <Shape><Polygon POINTS="242 232 240 232 239 232 227 237 215 243 160 243 145 236 133 232 132 232 117 232 102 242 102 282 101 295 185 306 187 306 237 298 248 307 249 307 251 307 252 307 404 300 429 300 440 301 487 309 489 309 532 303 539 301 544 303 566 310 568 310 569 310 571 310 591 303 597 301 626 303 700 310 701 310 734 306 749 303 764 306 792 312 794 312 1151 310 1152 290 1151 249 1093 249 1091 248 1081 239 1079 239 1078 239 1076 239 1075 239 1073 239 1061 248 1058 249 1009 249 1006 246 991 234 990 234 989 234 987 234 953 242 932 233 931 233 856 233 855 233 853 233 832 245 815 233 813 233 812 233 727 233 725 233 724 233 722 233 722 234 712 243 709 246 669 246 664 242 649 232 648 232 646 232 645 232 593 239 556 232 554 232 511 240 496 243 480 240 428 230 426 230 425 230 397 239 383 245 328 245 321 239 310 229 309 229 307 229 306 229 304 229 279 237 270 240 261 237 243 232 242 232"/></Shape>
	    <String CONTENT="tionem, ſi modo nobis liceat bona Peripateti¬"
                    HPOS="101"
                    VPOS="229"
                    WIDTH="1051"
                    HEIGHT="83"
                    WC="0.989907020992703"></String>
          </TextLine>

          
          
          <TextLine ID="eSc_line_08b62e65"
                    TAGREFS="LT4119"
                    BASELINE="102 340 1151 349" 
                    HPOS="101"
                    VPOS="294"
                    WIDTH="1050"
                    HEIGHT="76">
            <Shape><Polygon POINTS="102 340 101 353 129 362 130 362 132 362 319 358 330 365 331 365 333 365 334 365 367 358 368 358 370 358 394 365 395 365 397 365 562 361 620 359 624 361 630 367 632 367 633 367 635 367 676 362 691 361 699 362 718 368 719 368 721 370 1149 370 1151 349 1149 313 1115 313 1115 312 1100 300 1099 300 1097 300 1096 300 1094 300 1051 312 1048 312 1039 312 945 303 944 303 873 309 855 300 853 300 852 300 806 310 801 310 797 309 759 297 758 297 757 297 657 306 606 298 605 298 603 298 575 307 548 295 547 295 545 295 481 307 475 307 472 307 435 294 434 294 432 294 292 306 278 306 266 304 190 295 188 295 187 295 171 304 169 304 102 304 102 340"/></Shape>
	    <String CONTENT="corum veniâ illam durationem tempus appella¬"
                    HPOS="101"
                    VPOS="294"
                    WIDTH="1050"
                    HEIGHT="76"
                    WC="0.982428713639577"></String>
          </TextLine>

          
          
          <TextLine ID="eSc_line_97c14140"
                    TAGREFS="LT4119"
                    BASELINE="101 398 1152 408" 
                    HPOS="99"
                    VPOS="350"
                    WIDTH="1053"
                    HEIGHT="81">
            <Shape><Polygon POINTS="101 398 99 413 163 423 165 423 246 417 254 423 254 425 255 425 257 425 258 425 325 419 551 428 553 429 676 429 676 428 678 428 679 428 690 420 749 429 751 429 791 422 870 429 871 429 965 423 983 431 984 431 986 431 1151 423 1152 408 1151 370 1021 370 1017 368 1005 358 1003 358 1002 358 1000 358 913 367 908 367 905 367 852 356 777 356 776 356 774 356 743 365 739 367 733 365 701 355 700 355 699 355 584 364 563 365 559 364 532 353 530 353 529 353 455 355 453 355 452 355 441 362 440 364 434 362 376 353 374 353 281 362 269 362 266 361 252 350 251 350 249 350 248 350 246 350 217 361 215 361 101 361 101 398"/></Shape>
	    <String CONTENT="re, vt docet Auguſtinus in lib. Confe.11. Eſt enim"
                    HPOS="99"
                    VPOS="350"
                    WIDTH="1053"
                    HEIGHT="81"
                    WC="0.989431750774384"></String>
          </TextLine>

          
          
          <TextLine ID="eSc_line_d58f158c"
                    TAGREFS="LT4119"
                    BASELINE="102 458 1149 466" 
                    HPOS="101"
                    VPOS="411"
                    WIDTH="1048"
                    HEIGHT="73">
            <Shape><Polygon POINTS="102 458 101 471 132 480 133 480 135 480 245 474 276 481 278 481 279 481 417 475 426 475 431 475 481 483 483 484 1148 484 1149 466 1146 429 1063 431 1052 426 1038 420 1036 420 1035 420 1002 426 975 431 957 425 938 419 936 419 935 419 933 419 932 419 932 420 926 425 920 429 889 425 873 422 871 422 859 423 828 429 791 422 761 417 759 417 758 417 757 417 751 422 740 429 666 429 621 419 600 416 599 416 550 419 462 423 420 416 416 416 414 416 410 416 349 425 273 413 264 413 263 413 261 413 260 413 236 423 102 411 102 458"/></Shape>
	    <String CONTENT="Deus ante omnem temporis non tantùm dura¬"
                    HPOS="101"
                    VPOS="411"
                    WIDTH="1048"
                    HEIGHT="73"
                    WC="0.99698094243095"></String>
          </TextLine>

          
          
          <TextLine ID="eSc_line_a895b009"
                    TAGREFS="LT4119"
                    BASELINE="101 514 1151 523" 
                    HPOS="99"
                    VPOS="468"
                    WIDTH="1052"
                    HEIGHT="77">
            <Shape><Polygon POINTS="101 514 99 529 114 538 116 538 117 538 367 533 398 533 407 533 456 541 458 541 559 536 603 535 611 538 624 542 626 542 627 542 782 541 938 538 1148 545 1151 523 1151 487 1106 475 1105 475 1103 475 990 486 978 486 974 486 939 475 938 475 936 475 878 483 843 474 841 474 840 474 838 474 806 484 801 484 798 484 755 472 754 472 752 472 751 472 749 472 739 480 651 472 649 472 608 481 585 471 584 471 582 471 581 471 560 481 560 483 487 483 481 481 419 469 417 469 416 469 388 480 359 469 358 469 356 469 355 469 322 477 257 468 255 468 254 468 229 478 141 468 139 468 138 468 101 477 101 514"/></Shape>
	    <String CONTENT="tionem: ſed etiam cogitationem. lſtud tamen E¬"
                    HPOS="99"
                    VPOS="468"
                    WIDTH="1052"
                    HEIGHT="77"
                    WC="0.986779719591141"></String>
          </TextLine>

          
          
          <TextLine ID="eSc_line_3d8b4f9d"
                    TAGREFS="LT4119"
                    BASELINE="99 575 1146 582" 
                    HPOS="99"
                    VPOS="527"
                    WIDTH="1047"
                    HEIGHT="79">
            <Shape><Polygon POINTS="99 575 99 599 499 594 513 599 522 602 523 602 524 602 574 599 621 596 626 599 632 603 633 603 635 603 636 603 681 599 700 597 730 599 829 605 831 605 884 599 896 597 904 599 938 606 939 606 941 606 963 599 965 599 1073 606 1075 606 1145 597 1146 582 1146 544 1127 533 1125 533 1124 533 1047 542 1045 542 1044 542 1000 533 999 533 951 541 933 532 932 532 931 532 859 541 852 541 838 541 688 530 687 530 630 538 629 538 627 538 597 530 596 530 594 530 593 530 571 538 563 539 554 538 517 529 516 529 514 529 513 529 499 536 498 538 480 536 394 529 392 529 353 535 336 538 295 535 242 530 240 530 214 533 196 536 191 533 185 527 184 527 182 527 181 527 99 532 99 575"/></Shape>
	    <String CONTENT="pitheton quidam de Chriſto propriè ſcribi pu¬"
                    HPOS="99"
                    VPOS="527"
                    WIDTH="1047"
                    HEIGHT="79"
                    WC="0.979383804227995"></String>
          </TextLine>

          
          
          <TextLine ID="eSc_line_2ea64ac2"
                    TAGREFS="LT4119"
                    BASELINE="99 633 1152 642" 
                    HPOS="98"
                    VPOS="587"
                    WIDTH="1054"
                    HEIGHT="77">
            <Shape><Polygon POINTS="98 652 224 655 226 655 227 655 236 654 255 648 376 654 495 658 496 658 547 654 574 651 594 654 643 660 645 660 646 660 648 660 655 654 657 652 798 652 801 654 822 661 823 661 825 663 962 663 962 661 963 661 965 661 977 654 1044 663 1045 664 1139 664 1139 663 1140 663 1142 663 1151 654 1152 642 1151 602 989 594 987 594 986 594 984 594 975 600 971 603 852 603 837 599 803 593 801 593 800 593 788 599 783 602 667 602 635 599 533 590 532 590 530 590 501 597 493 599 486 597 452 588 450 588 449 588 340 596 322 597 319 596 301 588 300 588 298 588 297 588 269 596 260 587 258 587 257 587 255 587 99 594 99 633"/></Shape>
	    <String CONTENT="tãt, quia Pater ſeculi nominatur Iſai.9. verſ. 6.ſed"
                    HPOS="98"
                    VPOS="587"
                    WIDTH="1054"
                    HEIGHT="77"
                    WC="0.985692101829457"></String>
          </TextLine>

          
          
          <TextLine ID="eSc_line_7f57f504"
                    TAGREFS="LT4119"
                    BASELINE="99 693 1143 701" 
                    HPOS="99"
                    VPOS="643"
                    WIDTH="1044"
                    HEIGHT="78">
            <Shape><Polygon POINTS="99 693 99 709 435 709 438 710 447 716 449 716 450 716 452 716 560 710 580 710 585 710 621 718 623 718 917 713 928 713 929 713 971 721 972 721 1142 713 1143 701 1143 663 1118 651 1116 651 1115 651 1113 651 1090 660 962 651 960 651 959 651 957 651 944 660 944 661 795 661 785 658 712 648 648 648 646 648 645 648 643 648 633 657 587 646 472 646 471 646 469 646 443 655 441 655 419 645 417 645 416 645 359 654 352 655 350 654 339 645 337 645 336 645 334 645 285 651 267 643 266 643 264 643 215 652 206 655 166 655 162 652 150 643 148 643 147 643 145 643 99 651 99 693"/></Shape>
	    <String CONTENT="alius eſt illius loci ſenſus. Idcirco autem Deus. i."
                    HPOS="99"
                    VPOS="643"
                    WIDTH="1044"
                    HEIGHT="78"
                    WC="0.985463277651713"></String>
          </TextLine>

          
          
          <TextLine ID="eSc_line_ec1574e1"
                    TAGREFS="LT4119"
                    BASELINE="107 751 1149 759" 
                    HPOS="105"
                    VPOS="701"
                    WIDTH="1044"
                    HEIGHT="79">
            <Shape><Polygon POINTS="107 751 105 765 135 774 136 774 138 774 306 768 324 776 325 776 327 776 398 768 401 768 417 776 419 776 420 776 422 776 437 768 453 777 455 777 456 777 611 770 620 770 621 770 651 779 652 779 654 779 789 771 794 771 797 771 856 780 858 780 859 780 861 780 871 773 920 780 922 780 923 780 941 773 1146 773 1149 759 1146 716 1066 722 1041 713 1029 710 1027 710 1026 710 1024 710 1011 713 977 722 917 712 902 710 901 710 899 710 895 712 878 721 864 712 861 709 859 709 858 709 826 709 825 709 823 709 817 710 797 721 745 721 728 709 725 707 724 707 722 707 676 707 675 707 673 707 669 709 642 719 617 707 615 707 614 707 523 706 522 706 514 706 455 718 342 704 339 704 337 704 336 704 312 718 282 718 107 701 107 751"/></Shape>
	    <String CONTENT="Trinitas ipſa appellatur Rex ſeculorum. vt"
                    HPOS="105"
                    VPOS="701"
                    WIDTH="1044"
                    HEIGHT="79"
                    WC="0.998858656202044"></String>
          </TextLine>

          
          
          <TextLine ID="eSc_line_57c3362b"
                    TAGREFS="LT4119"
                    BASELINE="98 809 1145 816" 
                    HPOS="96"
                    VPOS="762"
                    WIDTH="1049"
                    HEIGHT="76">
            <Shape><Polygon POINTS="98 809 96 822 169 832 171 832 291 825 319 834 321 834 322 834 431 826 499 834 501 834 947 831 987 838 989 838 1143 831 1145 816 1142 771 1015 779 957 770 956 770 954 770 936 779 905 768 904 768 902 768 901 768 899 768 898 768 886 779 844 779 806 768 804 768 803 768 801 768 800 768 786 779 728 779 664 767 661 767 660 767 651 767 435 774 410 765 408 765 407 765 355 774 334 765 333 765 197 764 196 764 147 773 98 762 98 809"/></Shape>
	    <String CONTENT="immutabilis &amp; æternus Deus eſſe intelligatur,"
                    HPOS="96"
                    VPOS="762"
                    WIDTH="1049"
                    HEIGHT="76"
                    WC="0.992850453323788"></String>
          </TextLine>

          
          
          <TextLine ID="eSc_line_9fe46b24"
                    TAGREFS="LT4119"
                    BASELINE="99 870 1146 877" 
                    HPOS="98"
                    VPOS="820"
                    WIDTH="1048"
                    HEIGHT="78">
            <Shape><Polygon POINTS="99 870 98 889 1143 898 1146 877 1142 826 1100 838 1070 826 1069 826 1067 826 1066 826 1064 826 1044 840 960 840 939 828 936 825 935 825 933 825 932 825 898 828 783 838 767 828 761 825 759 825 758 825 757 825 755 825 745 829 728 835 718 829 712 825 710 825 709 825 707 825 706 825 704 825 700 829 690 837 679 829 672 823 670 823 669 823 530 823 529 823 527 823 526 823 517 831 510 837 407 837 398 831 391 826 389 826 388 826 386 826 340 831 316 834 312 832 294 820 292 820 291 820 257 820 255 820 254 820 252 820 233 832 220 825 218 825 217 825 215 825 194 832 191 834 188 832 169 823 168 823 166 823 165 823 148 832 144 834 99 834 99 870"/></Shape>
	    <String CONTENT="qui nullum temporis principium habeat: Cui"
                    HPOS="98"
                    VPOS="820"
                    WIDTH="1048"
                    HEIGHT="78"
                    WC="0.988264755124137"></String>
          </TextLine>

          
          
          <TextLine ID="eSc_line_e95fda4d"
                    TAGREFS="LT4119"
                    BASELINE="95 926 1145 932" 
                    HPOS="93"
                    VPOS="886"
                    WIDTH="1052"
                    HEIGHT="68">
            <Shape><Polygon POINTS="95 926 93 942 148 951 150 951 197 944 211 942 214 944 223 951 224 951 226 951 227 951 446 947 584 944 599 948 618 954 620 954 621 954 648 948 664 945 696 948 737 954 739 954 740 954 742 954 749 950 758 945 1142 953 1145 932 1143 893 95 886 95 926"/></Shape>
	    <String CONTENT="ſubſequens eſt, vt ſit immortalis. Hoc enim ſigni¬"
                    HPOS="93"
                    VPOS="886"
                    WIDTH="1052"
                    HEIGHT="68"
                    WC="0.981647228002548"></String>
          </TextLine>

          
          
          <TextLine ID="eSc_line_b6c5675a"
                    TAGREFS="LT4119"
                    BASELINE="95 984 1148 994" 
                    HPOS="93"
                    VPOS="939"
                    WIDTH="1055"
                    HEIGHT="78">
            <Shape><Polygon POINTS="95 984 93 997 118 1008 120 1008 425 1011 426 1011 481 1003 548 1012 550 1012 551 1012 553 1012 565 1005 812 1005 820 1014 822 1014 823 1014 825 1014 868 1008 878 1015 880 1015 881 1015 883 1015 990 1008 1018 1017 1020 1017 1021 1017 1146 1008 1148 994 1146 962 1042 962 1035 959 991 947 990 947 989 947 987 947 951 956 874 947 873 947 871 947 870 947 861 956 859 957 728 957 719 953 699 944 697 944 696 944 694 944 663 953 648 956 635 951 620 947 618 947 617 947 591 951 560 956 508 956 496 948 481 942 480 942 478 942 389 947 285 953 270 945 267 942 266 942 264 942 263 942 261 942 260 942 257 945 243 953 182 953 166 942 159 939 157 939 156 939 95 941 95 984"/></Shape>
	    <String CONTENT="ficat ἄφθαρτος. Nec enim ad mores incorruptos"
                    HPOS="93"
                    VPOS="939"
                    WIDTH="1055"
                    HEIGHT="78"></String>
          </TextLine>

          
          
          <TextLine ID="eSc_line_76915405"
                    TAGREFS="LT4119"
                    BASELINE="96 1045 1149 1051" 
                    HPOS="96"
                    VPOS="1002"
                    WIDTH="1053"
                    HEIGHT="73">
            <Shape><Polygon POINTS="1149 1051 1149 1015 1061 1008 1060 1008 1058 1008 1045 1014 1036 1017 1027 1014 1014 1008 1012 1008 1011 1008 1009 1008 999 1012 989 1018 892 1018 875 1011 861 1006 859 1006 765 1006 764 1006 762 1006 749 1009 728 1015 678 1009 655 1006 654 1006 652 1006 645 1008 623 1015 547 1008 533 1006 532 1006 522 1006 458 1014 446 1006 444 1006 443 1006 441 1006 438 1006 361 1014 313 1005 304 1003 303 1003 279 1003 120 1012 98 1002 96 1045 96 1067 621 1063 664 1066 730 1072 731 1072 791 1066 810 1064 826 1066 887 1073 889 1075 1124 1075 1124 1073 1125 1073 1148 1064 1149 1051"/></Shape>
	    <String CONTENT="pertinet hæc vox, vt nonnunquam accipitur, ſed"
                    HPOS="96"
                    VPOS="1002"
                    WIDTH="1053"
                    HEIGHT="73"></String>
          </TextLine>

          
          
          <TextLine ID="eSc_line_f85c16c4"
                    TAGREFS="LT4119"
                    BASELINE="95 1102 1142 1112" 
                    HPOS="93"
                    VPOS="1057"
                    WIDTH="1049"
                    HEIGHT="80">
            <Shape><Polygon POINTS="95 1102 93 1118 306 1130 307 1131 367 1131 367 1130 368 1130 385 1121 386 1121 643 1122 643 1124 667 1133 669 1133 843 1136 844 1136 916 1128 1048 1136 1049 1136 1051 1136 1076 1128 1097 1137 1099 1137 1100 1137 1102 1137 1140 1127 1142 1112 1140 1070 1029 1066 1027 1066 1026 1066 1024 1066 1020 1069 1008 1076 965 1069 936 1064 935 1064 933 1064 917 1069 899 1073 893 1069 889 1064 887 1064 886 1064 884 1064 859 1069 838 1072 825 1069 807 1063 806 1063 804 1063 803 1063 791 1069 780 1075 715 1075 706 1067 704 1066 703 1066 701 1066 700 1066 684 1067 657 1072 651 1067 645 1063 645 1061 643 1061 642 1061 516 1060 514 1060 513 1060 511 1060 504 1067 498 1072 429 1072 416 1067 395 1060 394 1060 392 1060 391 1060 389 1060 379 1066 373 1070 245 1070 217 1066 179 1061 178 1061 154 1066 144 1067 141 1066 132 1058 132 1057 130 1057 129 1057 127 1057 126 1057 95 1064 95 1102"/></Shape>
	    <String CONTENT="finem temporis excludit, que madmodum æter¬"
                    HPOS="93"
                    VPOS="1057"
                    WIDTH="1049"
                    HEIGHT="80"
                    WC="0.979683820591416"></String>
          </TextLine>

          
          
          <TextLine ID="eSc_line_c4e552e8"
                    TAGREFS="LT4119"
                    BASELINE="93 1163 1137 1165" 
                    HPOS="92"
                    VPOS="1119"
                    WIDTH="1045"
                    HEIGHT="69">
            <Shape><Polygon POINTS="93 1163 92 1174 135 1186 136 1186 138 1186 321 1179 377 1186 379 1186 380 1186 417 1176 522 1186 523 1186 667 1176 847 1185 849 1185 850 1185 874 1176 933 1183 935 1183 1006 1176 1036 1188 1038 1188 1039 1188 1136 1174 1137 1165 1136 1139 923 1139 911 1136 864 1125 862 1125 861 1125 835 1134 826 1139 751 1139 743 1134 739 1130 737 1130 736 1130 734 1130 709 1133 687 1136 618 1134 617 1133 602 1119 600 1119 599 1119 495 1119 493 1119 492 1119 466 1130 464 1131 452 1130 365 1119 364 1119 362 1119 343 1128 331 1134 315 1128 288 1119 287 1119 285 1119 248 1128 243 1128 234 1128 168 1119 166 1119 93 1125 93 1163"/></Shape>
	    <String CONTENT="nitas principium ὑπάρξεως."
                    HPOS="92"
                    VPOS="1119"
                    WIDTH="1045"
                    HEIGHT="69"></String>
          </TextLine>

          
          
          <TextLine ID="eSc_line_107c7089"
                    TAGREFS="LT4119"
                    BASELINE="138 1221 1148 1231" 
                    HPOS="138"
                    VPOS="1170"
                    WIDTH="1010"
                    HEIGHT="83">
            <Shape><Polygon POINTS="138 1221 138 1240 713 1240 762 1247 764 1247 867 1243 887 1250 892 1252 893 1252 895 1252 904 1250 936 1243 956 1252 957 1252 959 1252 960 1252 962 1252 965 1252 990 1244 1145 1253 1148 1231 1148 1192 1038 1192 1036 1191 1005 1177 1003 1177 1002 1177 1000 1177 974 1189 938 1177 936 1177 852 1176 768 1176 767 1176 765 1176 764 1176 748 1188 746 1189 728 1189 727 1188 715 1176 715 1174 713 1174 712 1174 710 1174 633 1183 588 1179 587 1179 585 1179 584 1179 575 1186 574 1186 559 1186 462 1179 461 1179 432 1185 429 1185 428 1185 410 1177 408 1177 407 1177 353 1183 352 1183 336 1171 334 1171 333 1171 331 1171 200 1182 197 1182 168 1170 166 1170 165 1170 163 1170 138 1180 138 1221"/></Shape>
	    <String CONTENT="Inuiſibilem) vocat iuxta illud Chriſti, Deum"
                    HPOS="138"
                    VPOS="1170"
                    WIDTH="1010"
                    HEIGHT="83"></String>
          </TextLine>

          
          
          <TextLine ID="eSc_line_49abc2ff"
                    TAGREFS="LT4119"
                    BASELINE="92 1283 419 1280 1143 1289" 
                    HPOS="92"
                    VPOS="1232"
                    WIDTH="1051"
                    HEIGHT="81">
            <Shape><Polygon POINTS="92 1283 92 1302 285 1296 435 1305 458 1307 459 1307 477 1307 594 1299 621 1307 623 1307 624 1307 751 1301 878 1310 887 1310 889 1310 892 1310 938 1302 968 1311 971 1311 972 1311 974 1313 1142 1313 1143 1289 1143 1252 800 1237 798 1237 669 1247 657 1247 652 1247 609 1235 608 1235 606 1235 487 1246 475 1246 406 1246 404 1244 385 1234 383 1234 382 1234 380 1234 355 1244 343 1234 342 1234 340 1234 339 1234 290 1240 275 1232 273 1232 272 1232 270 1232 245 1243 92 1243 92 1283"/></Shape>
	    <String CONTENT="nemo vidit vnquam Ioan. 1.verſ.18.id eſt, huma¬"
                    HPOS="92"
                    VPOS="1232"
                    WIDTH="1051"
                    HEIGHT="81"
                    WC="0.96775787941953"></String>
          </TextLine>

          
          
          <TextLine ID="eSc_line_66225efa"
                    TAGREFS="LT4119"
                    BASELINE="92 1338 1148 1348" 
                    HPOS="90"
                    VPOS="1292"
                    WIDTH="1058"
                    HEIGHT="76">
            <Shape><Polygon POINTS="92 1338 90 1350 114 1360 116 1360 117 1360 196 1353 257 1362 258 1362 374 1354 391 1354 407 1356 493 1363 495 1363 585 1359 608 1357 627 1359 700 1366 701 1368 1146 1368 1148 1348 1148 1313 1069 1313 1066 1311 1052 1301 1051 1301 1049 1301 1048 1301 1047 1301 1017 1310 1011 1311 990 1310 928 1302 926 1302 887 1308 878 1308 874 1307 847 1298 846 1298 844 1298 749 1305 709 1308 701 1304 691 1296 690 1296 688 1296 687 1296 685 1296 658 1304 645 1308 547 1308 541 1302 533 1296 533 1295 532 1295 530 1295 529 1295 492 1301 474 1304 461 1301 443 1295 441 1295 440 1295 438 1295 426 1299 414 1305 389 1299 368 1295 367 1295 365 1295 353 1298 343 1302 339 1298 334 1293 333 1293 331 1293 330 1293 285 1298 261 1299 237 1296 202 1292 200 1292 199 1292 197 1292 193 1296 184 1302 92 1295 92 1338"/></Shape>
	    <String CONTENT="no viſu Deus conſpici non poteſt, vt explicat"
                    HPOS="90"
                    VPOS="1292"
                    WIDTH="1058"
                    HEIGHT="76"
                    WC="0.992441503206889"></String>
          </TextLine>

          
          
          <TextLine ID="eSc_line_0d9d7611"
                    TAGREFS="LT4119"
                    BASELINE="93 1395 1145 1406" 
                    HPOS="92"
                    VPOS="1348"
                    WIDTH="1053"
                    HEIGHT="79">
            <Shape><Polygon POINTS="93 1395 92 1414 1142 1427 1145 1406 1142 1357 1014 1368 907 1357 893 1356 892 1356 881 1357 817 1365 773 1357 749 1353 748 1353 746 1353 739 1357 728 1362 716 1357 710 1354 709 1354 707 1354 661 1357 621 1359 617 1357 611 1351 609 1351 608 1351 538 1351 536 1351 535 1351 533 1351 527 1357 522 1362 505 1357 487 1351 486 1351 484 1351 483 1351 461 1357 446 1360 434 1357 414 1350 413 1350 411 1350 367 1357 350 1359 328 1357 252 1348 251 1348 211 1357 205 1359 136 1359 135 1357 124 1348 123 1348 121 1348 120 1348 118 1348 93 1356 93 1395"/></Shape>
	    <String CONTENT="Auguſtinus lib. I.de Trinitate cap.6. Beati quidẽ"
                    HPOS="92"
                    VPOS="1348"
                    WIDTH="1053"
                    HEIGHT="79"
                    WC="0.979495393037796"></String>
          </TextLine>

          
          
          <TextLine ID="eSc_line_2715c351"
                    TAGREFS="LT4119"
                    BASELINE="92 1455 1133 1466" 
                    HPOS="90"
                    VPOS="1406"
                    WIDTH="1043"
                    HEIGHT="75">
            <Shape><Polygon POINTS="92 1455 90 1469 123 1478 124 1478 126 1478 226 1472 237 1479 239 1479 240 1479 242 1479 310 1473 388 1481 389 1481 1131 1479 1133 1466 1131 1430 1078 1417 1076 1417 1020 1427 1006 1429 922 1429 916 1424 898 1415 896 1415 895 1415 893 1415 892 1415 880 1424 873 1427 810 1427 801 1423 783 1414 782 1414 780 1414 661 1418 565 1423 551 1417 539 1411 538 1411 474 1411 472 1411 471 1411 465 1414 452 1421 426 1414 417 1411 416 1411 414 1411 386 1412 327 1417 313 1411 309 1409 307 1409 306 1409 298 1411 246 1421 92 1406 92 1455"/></Shape>
	    <String CONTENT="Deum vident &amp; videbunt, ſed alia ratione &amp; vi¬"
                    HPOS="90"
                    VPOS="1406"
                    WIDTH="1043"
                    HEIGHT="75"
                    WC="0.997726801944816"></String>
          </TextLine>

          
          
          <TextLine ID="eSc_line_a17848ec"
                    TAGREFS="LT4119"
                    BASELINE="90 1515 1139 1524" 
                    HPOS="89"
                    VPOS="1467"
                    WIDTH="1050"
                    HEIGHT="75">
            <Shape><Polygon POINTS="90 1515 89 1530 264 1540 266 1542 1137 1542 1139 1524 1136 1475 1066 1482 1011 1473 1008 1473 1006 1473 1003 1473 966 1482 925 1473 919 1472 917 1472 916 1472 914 1472 896 1481 853 1473 852 1473 809 1481 764 1472 755 1470 754 1470 733 1472 617 1479 577 1470 569 1469 568 1469 551 1470 475 1478 407 1469 401 1469 400 1469 383 1469 194 1475 90 1467 90 1515"/></Shape>
	    <String CONTENT="ſione, quàm hæc noſtra eſt. Hoc de ſolo Patre"
                    HPOS="89"
                    VPOS="1467"
                    WIDTH="1050"
                    HEIGHT="75"
                    WC="0.990116968103077"></String>
          </TextLine>

          
          
          <TextLine ID="eSc_line_ac61ac67"
                    TAGREFS="LT4119"
                    BASELINE="92 1574 1139 1583" 
                    HPOS="90"
                    VPOS="1527"
                    WIDTH="1049"
                    HEIGHT="79">
            <Shape><Polygon POINTS="92 1574 90 1588 111 1598 113 1598 114 1600 248 1600 248 1598 249 1598 266 1591 352 1600 353 1600 590 1595 614 1603 615 1603 617 1603 657 1595 791 1604 792 1604 963 1597 1014 1606 1015 1606 1137 1597 1139 1583 1137 1534 1091 1534 1090 1534 1088 1534 1069 1545 1024 1539 1023 1539 1021 1539 1020 1539 1009 1548 980 1548 956 1534 953 1533 951 1533 950 1533 948 1533 944 1534 910 1545 743 1545 728 1534 724 1531 722 1531 721 1531 649 1531 648 1531 646 1531 638 1534 623 1542 608 1536 596 1530 594 1530 593 1530 563 1536 526 1542 443 1536 348 1528 346 1528 261 1536 258 1536 257 1536 220 1528 218 1528 217 1528 215 1528 205 1536 148 1527 147 1527 145 1527 144 1527 129 1536 124 1539 92 1537 92 1574"/></Shape>
	    <String CONTENT="quidam dici putant, quia Filius per carnem aſ¬"
                    HPOS="90"
                    VPOS="1527"
                    WIDTH="1049"
                    HEIGHT="79"
                    WC="0.981417789407398"></String>
          </TextLine>

          
          
          <TextLine ID="eSc_line_ca86baaf"
                    TAGREFS="LT4119"
                    BASELINE="89 1631 1137 1641" 
                    HPOS="87"
                    VPOS="1585"
                    WIDTH="1050"
                    HEIGHT="80">
            <Shape><Polygon POINTS="87 1644 260 1658 261 1658 386 1649 419 1658 420 1658 504 1659 505 1659 507 1659 538 1650 600 1661 602 1661 673 1652 754 1662 755 1662 757 1662 758 1662 770 1653 835 1653 1094 1665 1096 1665 1097 1665 1136 1655 1137 1641 1137 1606 1087 1594 1085 1594 1084 1594 1064 1604 1063 1606 991 1606 987 1603 981 1597 980 1597 978 1597 977 1597 954 1601 948 1603 947 1601 933 1592 932 1592 931 1592 929 1592 867 1600 838 1603 813 1598 767 1591 765 1591 709 1597 688 1598 678 1595 654 1589 652 1589 651 1589 649 1589 639 1595 629 1601 594 1601 582 1594 572 1589 571 1589 569 1589 568 1589 556 1594 539 1600 526 1592 516 1588 514 1588 423 1588 422 1588 420 1588 411 1591 388 1598 361 1589 350 1586 349 1586 348 1586 325 1589 267 1597 212 1586 206 1586 205 1586 197 1586 126 1594 90 1585 89 1631 87 1644"/></Shape>
	    <String CONTENT="ſumptam factus eſt nobis conſpicuus Deus, quẽ¬"
                    HPOS="87"
                    VPOS="1585"
                    WIDTH="1050"
                    HEIGHT="80"
                    WC="0.984103139410628"></String>
          </TextLine>

          
          
          <TextLine ID="eSc_line_3456952c"
                    TAGREFS="LT4119"
                    BASELINE="89 1689 1140 1701" 
                    HPOS="87"
                    VPOS="1643"
                    WIDTH="1053"
                    HEIGHT="74">
            <Shape><Polygon POINTS="89 1689 87 1710 1137 1717 1140 1701 1140 1664 1097 1653 1096 1653 942 1661 910 1662 904 1661 873 1650 871 1650 870 1650 868 1650 834 1661 831 1661 826 1659 800 1650 798 1650 797 1650 795 1650 765 1659 761 1661 755 1659 731 1652 730 1652 728 1652 684 1659 676 1659 669 1658 612 1647 611 1647 522 1656 508 1658 505 1656 478 1646 477 1646 368 1646 367 1646 365 1646 346 1655 310 1644 309 1644 307 1644 306 1644 285 1653 237 1644 236 1644 178 1653 175 1653 174 1653 135 1643 133 1643 132 1643 130 1643 129 1643 117 1653 116 1653 89 1653 89 1689"/></Shape>
	    <String CONTENT="admodum etiam loquitur Paulus infra 3. verſ.16."
                    HPOS="87"
                    VPOS="1643"
                    WIDTH="1053"
                    HEIGHT="74"
                    WC="0.997169667101921"></String>
          </TextLine>

          
          
          <TextLine ID="eSc_line_d6b641eb"
                    TAGREFS="LT4119"
                    BASELINE="90 1748 1143 1757" 
                    HPOS="89"
                    VPOS="1702"
                    WIDTH="1054"
                    HEIGHT="81">
            <Shape><Polygon POINTS="90 1748 89 1766 297 1774 298 1774 385 1768 420 1766 440 1768 498 1777 499 1777 581 1769 597 1768 600 1769 614 1778 615 1778 617 1778 618 1778 773 1769 792 1769 829 1769 874 1771 883 1780 884 1780 886 1780 887 1781 951 1781 951 1780 953 1780 954 1780 968 1771 983 1781 984 1781 986 1781 987 1783 1116 1783 1116 1781 1118 1781 1142 1771 1143 1757 1143 1722 1107 1710 1106 1710 1105 1710 1051 1720 1038 1711 1036 1711 1035 1711 1033 1711 1032 1711 1000 1722 999 1722 968 1710 966 1710 965 1710 963 1710 962 1710 948 1722 923 1722 908 1708 907 1708 905 1708 904 1708 812 1720 806 1720 803 1720 764 1707 762 1707 761 1707 629 1719 620 1719 618 1719 597 1705 596 1705 594 1705 538 1705 536 1705 535 1705 533 1705 517 1717 496 1705 495 1705 493 1705 492 1705 453 1717 452 1717 438 1705 438 1704 437 1704 435 1704 434 1704 159 1714 151 1714 117 1702 116 1702 114 1702 113 1702 90 1713 90 1748"/></Shape>
	    <String CONTENT="At nec in Chriſto ipſa deitas fuit conſpecta, imò"
                    HPOS="89"
                    VPOS="1702"
                    WIDTH="1054"
                    HEIGHT="81"
                    WC="0.973302707672119"></String>
          </TextLine>

          
          
          <TextLine ID="eSc_line_a9993faa"
                    TAGREFS="LT4119"
                    BASELINE="89 1808 1149 1818" 
                    HPOS="87"
                    VPOS="1760"
                    WIDTH="1062"
                    HEIGHT="81">
            <Shape><Polygon POINTS="89 1808 87 1821 117 1832 118 1832 120 1832 205 1824 208 1824 226 1832 227 1832 229 1832 394 1827 423 1827 428 1829 446 1835 447 1835 449 1835 507 1830 522 1829 541 1830 602 1836 603 1836 651 1832 696 1829 1146 1841 1149 1818 1148 1780 1070 1769 1069 1769 1067 1769 1066 1769 1054 1778 1048 1781 896 1781 886 1777 852 1766 850 1766 849 1766 847 1766 825 1777 823 1778 822 1777 810 1766 809 1766 807 1766 699 1765 697 1765 696 1765 667 1775 663 1777 658 1775 626 1765 624 1765 623 1765 621 1765 591 1775 587 1777 585 1775 572 1765 571 1765 569 1765 568 1765 566 1765 532 1775 529 1775 526 1775 498 1763 496 1763 495 1763 426 1774 416 1775 410 1774 371 1762 370 1762 368 1762 276 1772 266 1774 264 1772 243 1760 242 1760 240 1760 239 1760 237 1760 214 1772 212 1772 150 1760 148 1760 89 1771 89 1808"/></Shape>
	    <String CONTENT="velo carnis fuit obducta &amp; obtecta. Præterea di¬"
                    HPOS="87"
                    VPOS="1760"
                    WIDTH="1062"
                    HEIGHT="81"
                    WC="0.988942614446084"></String>
          </TextLine>

          
          
          <TextLine ID="eSc_line_42c34a45"
                    TAGREFS="LT4119"
                    BASELINE="86 1866 1145 1876" 
                    HPOS="84"
                    VPOS="1818"
                    WIDTH="1061"
                    HEIGHT="84">
            <Shape><Polygon POINTS="86 1866 84 1888 950 1890 953 1891 993 1902 994 1902 996 1902 1143 1891 1145 1876 1145 1839 1088 1827 1087 1827 1085 1827 1063 1838 1061 1838 1012 1838 1011 1836 996 1826 994 1826 993 1826 991 1826 923 1835 919 1835 855 1835 853 1833 841 1824 840 1824 838 1824 837 1824 661 1830 569 1833 556 1829 536 1821 535 1821 533 1821 477 1827 434 1832 426 1826 422 1823 422 1821 420 1821 419 1821 417 1821 394 1826 370 1830 356 1826 346 1821 345 1821 343 1821 324 1824 300 1829 287 1824 275 1820 273 1820 272 1820 270 1820 257 1823 237 1829 199 1823 172 1818 171 1818 169 1818 160 1821 142 1829 130 1821 129 1820 127 1820 126 1820 124 1820 86 1820 86 1866"/></Shape>
	    <String CONTENT="cit Chriſtus ipſe, qui me videt, videt &amp; Patrem"
                    HPOS="84"
                    VPOS="1818"
                    WIDTH="1061"
                    HEIGHT="84"
                    WC="0.984068838839835"></String>
          </TextLine>

          
          
          <TextLine ID="eSc_line_f3aa31ff"
                    TAGREFS="LT4119"
                    BASELINE="86 1925 1145 1934" 
                    HPOS="84"
                    VPOS="1878"
                    WIDTH="1061"
                    HEIGHT="85">
            <Shape><Polygon POINTS="86 1925 84 1940 184 1942 208 1954 209 1954 211 1954 212 1954 254 1943 269 1955 270 1955 272 1955 273 1955 275 1955 307 1945 504 1945 538 1955 539 1955 541 1955 542 1955 566 1946 568 1946 614 1958 615 1958 617 1958 618 1958 658 1948 697 1958 699 1958 700 1958 701 1958 740 1949 792 1960 794 1960 947 1958 948 1958 965 1951 994 1961 996 1961 997 1963 1128 1963 1128 1961 1130 1961 1131 1961 1143 1952 1145 1934 1143 1887 1091 1887 1090 1887 1088 1887 1087 1887 1072 1896 1029 1887 1027 1887 1026 1887 987 1897 788 1884 786 1884 785 1884 749 1896 718 1896 707 1885 706 1885 704 1885 703 1885 701 1885 700 1885 684 1896 617 1896 582 1882 581 1882 580 1882 526 1893 517 1885 516 1885 514 1885 423 1881 422 1881 420 1881 385 1891 263 1891 86 1878 86 1925"/></Shape>
	    <String CONTENT="Ioa. 1a v.9 vt ad Filium quoque hic locus referri"
                    HPOS="84"
                    VPOS="1878"
                    WIDTH="1061"
                    HEIGHT="85"
                    WC="0.991703490821683"></String>
          </TextLine>

          
          
          <TextLine ID="eSc_line_c74508be"
                    TAGREFS="LT4119"
                    BASELINE="86 1989 703 1992" 
                    HPOS="82"
                    VPOS="1936"
                    WIDTH="620"
                    HEIGHT="78">
            <Shape><Polygon POINTS="84 1987 82 2003 698 2014 702 1989 702 1951 673 1936 671 1936 669 1936 667 1936 624 1949 528 1936 526 1936 524 1936 479 1949 439 1938 437 1938 435 1938 432 1938 397 1949 379 1936 377 1936 374 1936 372 1936 370 1936 334 1949 332 1951 180 1951 178 1949 167 1938 167 1936 165 1936 162 1936 160 1936 84 1947 84 1987"/></Shape>
	    <String CONTENT="debeat, quatenus Deus eſt."
                    HPOS="82"
                    VPOS="1936"
                    WIDTH="620"
                    HEIGHT="78"
                    WC="0.991026821044775"></String>
          </TextLine>

          
          
          <TextLine ID="eSc_line_49dc183b"
                    TAGREFS="LT4119"
                    BASELINE="121 2043 1145 2053" 
                    HPOS="120"
                    VPOS="1995"
                    WIDTH="1025"
                    HEIGHT="78">
            <Shape><Polygon POINTS="121 2043 120 2062 1142 2073 1145 2053 1145 2018 1060 2018 1057 2016 1041 2007 1039 2007 1038 2007 1036 2007 1015 2016 1012 2016 1011 2016 978 2003 977 2003 871 2003 870 2003 868 2003 867 2003 853 2015 852 2015 820 2001 819 2001 773 2001 771 2001 770 2001 768 2001 768 2003 757 2013 755 2013 745 2013 569 2000 568 2000 566 2000 538 2010 504 2001 502 2001 501 2001 423 2010 414 2010 410 2010 365 1997 364 1997 362 1997 310 2009 306 2009 260 2009 242 1997 240 1997 239 1997 237 1997 191 2004 178 1995 176 1995 175 1995 174 1995 121 2006 121 2043"/></Shape>
	    <String CONTENT="Sapientem) vocat non eo modo, quo nos ho¬"
                    HPOS="120"
                    VPOS="1995"
                    WIDTH="1025"
                    HEIGHT="78"
                    WC="0.986238556664164"></String>
          </TextLine>

          
          
          <TextLine ID="eSc_line_d7b64bcf"
                    TAGREFS="LT4119"
                    BASELINE="80 2102 1134 2111" 
                    HPOS="80"
                    VPOS="2056"
                    WIDTH="1054"
                    HEIGHT="81">
            <Shape><Polygon POINTS="80 2102 80 2123 239 2120 264 2125 300 2131 301 2131 333 2125 349 2122 364 2125 388 2131 389 2131 391 2131 392 2131 404 2125 410 2122 416 2125 429 2132 431 2132 432 2132 550 2125 569 2125 575 2125 608 2134 609 2134 611 2134 736 2126 762 2125 765 2126 782 2135 783 2135 785 2135 901 2128 959 2137 960 2137 1133 2126 1134 2111 1131 2065 959 2074 916 2065 907 2064 905 2064 893 2065 850 2073 840 2065 838 2064 837 2064 835 2064 731 2061 730 2061 707 2065 685 2071 667 2065 655 2062 654 2062 652 2062 651 2062 642 2065 630 2071 580 2067 514 2059 513 2059 511 2059 510 2059 502 2067 496 2071 428 2071 422 2067 411 2058 410 2058 408 2058 407 2058 406 2058 376 2067 370 2068 368 2067 359 2059 359 2058 358 2058 356 2058 355 2058 353 2058 324 2065 232 2056 230 2056 168 2067 136 2056 135 2056 133 2056 132 2056 130 2056 113 2067 113 2068 80 2068 80 2102"/></Shape>
	    <String CONTENT="mines ſæpe ſapientes dicimur, ſed incomprehen¬"
                    HPOS="80"
                    VPOS="2056"
                    WIDTH="1054"
                    HEIGHT="81"
                    WC="0.972986730544463"></String>
          </TextLine>

          
          
          <TextLine ID="eSc_line_f50a29d9"
                    TAGREFS="LT4119"
                    BASELINE="78 2162 1160 2175" 
                    HPOS="77"
                    VPOS="2111"
                    WIDTH="1083"
                    HEIGHT="104">
            <Shape><Polygon POINTS="78 2162 77 2187 176 2189 178 2190 199 2205 200 2205 202 2205 203 2205 279 2198 298 2205 300 2205 301 2205 303 2205 325 2195 328 2193 371 2196 386 2196 397 2207 398 2207 400 2207 401 2207 464 2198 481 2196 492 2199 511 2205 513 2205 514 2205 551 2201 585 2196 624 2202 643 2205 645 2205 646 2205 654 2204 679 2196 710 2205 713 2205 715 2205 716 2205 721 2205 764 2198 777 2207 783 2211 785 2211 786 2211 788 2211 807 2207 840 2199 862 2208 864 2208 865 2208 867 2208 896 2201 914 2210 917 2211 919 2211 920 2211 922 2211 925 2210 939 2202 999 2212 1014 2214 1157 2215 1160 2175 1160 2132 1145 2123 1143 2123 1142 2123 1033 2122 1032 2122 1030 2122 1011 2131 1002 2137 922 2137 911 2129 904 2123 902 2123 901 2123 899 2123 873 2129 865 2131 862 2129 853 2122 853 2120 852 2120 850 2120 849 2120 699 2126 560 2131 545 2123 544 2123 542 2123 538 2123 480 2129 466 2122 464 2119 462 2119 461 2119 459 2119 458 2119 450 2122 443 2125 435 2122 420 2114 419 2114 417 2114 416 2114 397 2120 374 2129 340 2129 330 2119 327 2117 327 2116 325 2116 324 2116 322 2116 292 2119 227 2126 209 2117 197 2111 196 2111 194 2111 193 2111 174 2117 150 2123 139 2116 135 2113 133 2113 132 2113 130 2113 78 2114 78 2162"/></Shape>
	    <String CONTENT="ſibili prorſus ſapientia, qua ſolus ſapiens eſt &amp;"
                    HPOS="77"
                    VPOS="2111"
                    WIDTH="1083"
                    HEIGHT="104"
                    WC="0.972907346122119"></String>
          </TextLine>

          
        </TextBlock>
        

        
      </PrintSpace>
    </Page>
  </Layout>
</alto>
