<?xml version="1.0" encoding="UTF-8"?>
<alto xmlns:xsi="http://www.w3.org/2001/XMLSchema-instance"
      xmlns="http://www.loc.gov/standards/alto/ns-v4#"
      xsi:schemaLocation="http://www.loc.gov/standards/alto/ns-v4# http://www.loc.gov/standards/alto/v4/alto-4-2.xsd">
  <Description>
    <MeasurementUnit>pixel</MeasurementUnit>
    <sourceImageInformation>
      <fileName>2012946.png</fileName>
      
    </sourceImageInformation>
  </Description>
  
  <Tags>
    <OtherTag ID="BT10544" LABEL="text" DESCRIPTION="block type text"/><OtherTag ID="BT10543" LABEL="NumberingZone" DESCRIPTION="block type NumberingZone"/><OtherTag ID="BT10542" LABEL="MainZone" DESCRIPTION="block type MainZone"/><OtherTag ID="BT10538" LABEL="RunningTitleZone" DESCRIPTION="block type RunningTitleZone"/><OtherTag ID="BT10537" LABEL="DropCapitalZone" DESCRIPTION="block type DropCapitalZone"/><OtherTag ID="BT10536" LABEL="GraphicZone" DESCRIPTION="block type GraphicZone"/><OtherTag ID="BT10535" LABEL="TitlePageZone" DESCRIPTION="block type TitlePageZone"/><OtherTag ID="BT10534" LABEL="QuireMarksZone" DESCRIPTION="block type QuireMarksZone"/><OtherTag ID="BT10533" LABEL="MarginTextZone" DESCRIPTION="block type MarginTextZone"/>
    <OtherTag ID="LT4122" LABEL="default" DESCRIPTION="line type default"/><OtherTag ID="LT4119" LABEL="DefaultLine" DESCRIPTION="line type DefaultLine"/><OtherTag ID="LT4118" LABEL="HeadingLine" DESCRIPTION="line type HeadingLine"/><OtherTag ID="LT4117" LABEL="CustomLine : BiblicalText" DESCRIPTION="line type CustomLine : BiblicalText"/>
  </Tags>
  
  <Layout>
    <Page WIDTH="1807"
          HEIGHT="2677"
          PHYSICAL_IMG_NR="62"
          ID="eSc_dummypage_">
      <PrintSpace HPOS="0"
                  VPOS="0"
                  WIDTH="1807"
                  HEIGHT="2677">
        
        <TextBlock HPOS="627.132568359375"
                   VPOS="179.279296875"
                   WIDTH="84.490234375"
                   HEIGHT="53.29731750488281"
                   ID="block_1"
                   TAGREFS="BT10543">
          <Shape><Polygon POINTS="627.133 179.279 711.623 179.279 711.623 232.577 627.133 232.577 627.133 179.279"/></Shape>
          
          
          <TextLine ID="eSc_line_fd7b01b1"
                    TAGREFS="LT4119"
                    BASELINE="635 223 706 215" 
                    HPOS="629"
                    VPOS="160"
                    WIDTH="77"
                    HEIGHT="82">
            <Shape><Polygon POINTS="688 168 673 165 657 162 646 160 636 166 629 175 635 223 636 239 676 242 678 242 679 242 706 229 706 215 700 169 688 168"/></Shape>
	    <String CONTENT="34"
                    HPOS="629"
                    VPOS="160"
                    WIDTH="77"
                    HEIGHT="82"
                    WC="0.999932527542114"></String>
          </TextLine>

          
        </TextBlock>
        
        <TextBlock HPOS="812.7168579101562"
                   VPOS="143.7938232421875"
                   WIDTH="692.3552856445312"
                   HEIGHT="73.34097290039062"
                   ID="block_3"
                   TAGREFS="BT10538">
          <Shape><Polygon POINTS="812.717 143.794 1505.07 143.794 1505.07 217.135 812.717 217.135 812.717 143.794"/></Shape>
          
          
          <TextLine ID="eSc_line_3f7c4830"
                    TAGREFS="LT4118"
                    BASELINE="813 209 1493 188" 
                    HPOS="810"
                    VPOS="136"
                    WIDTH="683"
                    HEIGHT="93">
            <Shape><Polygon POINTS="1464 145 1450 144 1435 142 1322 136 1316 136 1301 138 1286 138 1271 138 1264 138 1249 139 1247 139 1246 139 1235 147 1225 154 1185 154 1173 147 1171 145 1170 145 1168 145 1167 145 1165 145 1164 145 1161 147 1146 157 1102 157 1091 148 1087 144 1085 144 1084 144 1055 142 1054 142 1052 142 1030 148 994 160 905 165 878 165 865 150 864 150 864 148 862 148 861 148 859 148 822 150 810 156 813 209 813 217 859 229 861 229 862 229 878 221 972 224 974 224 975 224 997 215 1008 211 1021 215 1051 223 1052 223 1054 223 1055 223 1090 214 1112 208 1122 214 1127 215 1128 215 1130 215 1148 212 1201 205 1267 211 1295 214 1296 214 1298 214 1308 211 1345 200 1380 209 1389 212 1390 212 1392 212 1393 212 1399 209 1417 202 1426 209 1427 211 1429 211 1430 211 1432 211 1493 208 1493 188 1490 153 1479 147"/></Shape>
	    <String CONTENT="AD I. PAVL. AD TIM"
                    HPOS="810"
                    VPOS="136"
                    WIDTH="683"
                    HEIGHT="93"
                    WC="0.997234394152959"></String>
          </TextLine>

          
        </TextBlock>
        
        <TextBlock HPOS="618.1767578125"
                   VPOS="217.61907958984375"
                   WIDTH="1098.72265625"
                   HEIGHT="1954.8091430664062"
                   ID="block_2"
                   TAGREFS="BT10542">
          <Shape><Polygon POINTS="618.177 217.619 1716.9 217.619 1716.9 2172.43 618.177 2172.43 618.177 217.619"/></Shape>
          
          
          <TextLine ID="eSc_line_f5b31fe9"
                    TAGREFS="LT4119"
                    BASELINE="630 282 1334 258 1688 254" 
                    HPOS="627"
                    VPOS="200"
                    WIDTH="1061"
                    HEIGHT="106">
            <Shape><Polygon POINTS="1673 203 1665 211 1650 203 1643 200 1641 200 1640 200 1585 203 1583 203 1572 206 1533 217 1503 209 1484 203 1482 203 1481 203 1445 211 1426 215 1420 212 1408 206 1406 206 1405 206 1289 209 1287 209 1286 209 1274 218 1264 224 1224 220 1204 218 1203 218 1201 218 1194 221 1177 227 1035 227 936 227 935 227 871 233 825 237 809 236 767 230 765 230 764 230 762 230 755 237 752 239 749 237 728 233 727 233 725 233 724 233 722 233 716 239 713 242 627 242 630 282 630 306 731 304 733 304 782 292 829 301 831 301 832 301 858 290 962 297 963 297 965 297 1003 284 1084 282 1232 290 1234 290 1235 290 1261 278 1337 275 1363 275 1377 285 1378 285 1380 285 1381 285 1432 276 1533 279 1534 279 1589 267 1685 276 1688 254 1677 206 1673 203"/></Shape>
	    <String CONTENT="proprium argumentum, quod digreſſione illa"
                    HPOS="627"
                    VPOS="200"
                    WIDTH="1061"
                    HEIGHT="106"
                    WC="0.980219291789191"></String>
          </TextLine>

          
          
          <TextLine ID="eSc_line_7bbe1178"
                    TAGREFS="LT4119"
                    BASELINE="630 343 1165 322 1690 313" 
                    HPOS="627"
                    VPOS="263"
                    WIDTH="1063"
                    HEIGHT="95">
            <Shape><Polygon POINTS="630 343 630 358 804 350 835 355 849 356 850 356 865 355 907 346 917 353 920 355 922 355 923 355 925 355 999 353 1027 350 1105 340 1142 340 1152 348 1154 349 1155 349 1157 349 1158 349 1160 349 1165 346 1182 339 1229 345 1241 346 1243 346 1244 346 1249 345 1274 336 1348 342 1366 343 1368 343 1369 343 1371 343 1372 342 1387 331 1423 331 1464 339 1473 340 1475 340 1484 339 1528 328 1689 333 1690 313 1688 272 1630 263 1628 263 1494 267 1493 267 1464 278 1461 278 1458 278 1418 269 1417 269 1415 269 1414 269 1402 279 1400 279 1368 270 1366 270 1365 270 1363 270 1362 270 1347 281 1314 272 1313 272 1311 272 1213 285 1203 287 887 294 886 294 864 285 862 285 861 285 782 287 733 298 730 298 727 298 700 291 699 291 697 291 696 291 675 300 673 300 660 291 658 291 657 291 655 291 654 291 627 300 630 343"/></Shape>
	    <String CONTENT="ſuperiori de vocatione miraculoſa Pauli fuerat"
                    HPOS="627"
                    VPOS="263"
                    WIDTH="1063"
                    HEIGHT="95"
                    WC="0.980135246463444"></String>
          </TextLine>

          
          
          <TextLine ID="eSc_line_7c4fd874"
                    TAGREFS="LT4119"
                    BASELINE="629 403 1192 380 1685 370" 
                    HPOS="626"
                    VPOS="321"
                    WIDTH="1059"
                    HEIGHT="101">
            <Shape><Polygon POINTS="629 417 770 413 779 414 812 422 813 422 815 422 816 422 828 413 832 408 957 406 965 407 987 416 989 416 990 416 1035 406 1052 413 1054 413 1055 413 1192 410 1194 410 1235 398 1243 397 1252 397 1295 403 1296 403 1298 403 1299 403 1307 395 1331 406 1332 406 1334 406 1335 406 1378 392 1383 392 1389 392 1461 401 1463 401 1613 389 1656 395 1658 395 1659 395 1685 382 1685 370 1680 334 1646 334 1644 334 1615 321 1613 321 1612 321 1499 337 1470 340 1464 337 1447 328 1445 328 1444 328 1442 328 1441 328 1429 337 1380 328 1378 328 1377 328 1375 328 1362 339 1356 345 1331 345 1314 340 1289 331 1287 331 1286 331 1284 331 1267 340 1259 345 1180 349 1165 342 1154 337 1152 337 1097 337 1096 337 1094 337 1093 337 1084 343 1072 350 1015 346 1014 346 980 353 965 346 956 342 954 342 953 342 928 343 926 343 925 343 922 346 905 358 742 355 740 355 739 355 737 355 730 362 710 353 709 353 707 353 706 353 682 361 626 352 629 403"/></Shape>
	    <String CONTENT="interruptum. Ergo poſtquam à quibus vitijs Pa¬"
                    HPOS="626"
                    VPOS="321"
                    WIDTH="1059"
                    HEIGHT="101"
                    WC="0.993093992801423"></String>
          </TextLine>

          
          
          <TextLine ID="eSc_line_e3983b2d"
                    TAGREFS="LT4119"
                    BASELINE="629 461 1195 440 1690 432" 
                    HPOS="627"
                    VPOS="383"
                    WIDTH="1063"
                    HEIGHT="97">
            <Shape><Polygon POINTS="627 437 629 461 629 472 681 480 682 480 684 480 707 472 727 478 728 478 730 478 731 478 733 478 733 477 740 469 743 468 748 469 762 474 764 474 765 474 907 465 935 464 941 464 989 471 990 471 991 471 1027 461 1032 461 1036 461 1073 468 1075 468 1076 468 1078 468 1087 459 1088 459 1094 459 1149 465 1151 465 1215 456 1226 455 1276 455 1661 455 1661 453 1662 453 1690 441 1690 432 1688 389 1664 383 1662 383 1661 383 1659 383 1650 389 1640 397 1542 398 1524 394 1502 388 1500 388 1499 388 1497 388 1464 395 1442 403 1334 404 1316 401 1282 394 1280 394 1279 394 1258 403 1250 407 1155 408 1145 406 1125 401 1124 401 1122 401 1121 401 1119 401 1112 407 1109 410 1008 413 1000 410 981 403 980 403 978 403 977 403 942 413 939 413 932 413 847 406 846 406 844 406 822 416 819 417 815 416 785 408 783 408 782 408 710 416 690 410 688 410 687 410 632 420 627 437"/></Shape>
	    <String CONTENT="ſtori Eccleſiæ ſit cauendum docuit, adiicit quæ"
                    HPOS="627"
                    VPOS="383"
                    WIDTH="1063"
                    HEIGHT="97"
                    WC="0.999319739798282"></String>
          </TextLine>

          
          
          <TextLine ID="eSc_line_15d53fca"
                    TAGREFS="LT4119"
                    BASELINE="632 520 1235 499 1692 493" 
                    HPOS="629"
                    VPOS="446"
                    WIDTH="1063"
                    HEIGHT="93">
            <Shape><Polygon POINTS="632 520 633 539 672 530 768 536 791 536 792 536 794 536 795 536 795 535 797 535 806 526 887 532 895 532 896 532 902 532 966 522 1093 524 1094 524 1203 516 1229 522 1241 524 1243 524 1244 524 1246 524 1255 522 1271 514 1384 517 1466 519 1467 519 1692 507 1692 493 1685 446 1676 453 1646 447 1644 447 1643 447 1616 455 1595 449 1588 446 1586 446 1585 446 1564 449 1518 459 1296 464 1289 459 1284 455 1283 455 1282 455 1243 455 1241 455 1240 455 1228 461 1219 465 1183 462 1131 458 1130 458 1128 458 1115 465 1106 469 996 469 993 468 981 462 980 462 978 462 977 462 950 469 939 472 892 472 740 468 739 468 629 480 632 520"/></Shape>
	    <String CONTENT="ſit ſumma totius muneris ipſorum, nempe &amp; vt"
                    HPOS="629"
                    VPOS="446"
                    WIDTH="1063"
                    HEIGHT="93"
                    WC="0.972004144029184"></String>
          </TextLine>

          
          
          <TextLine ID="eSc_line_ab6ac453"
                    TAGREFS="LT4119"
                    BASELINE="639 577 1009 563 1690 550" 
                    HPOS="638"
                    VPOS="504"
                    WIDTH="1052"
                    HEIGHT="89">
            <Shape><Polygon POINTS="639 577 639 593 1210 574 1265 580 1271 580 1273 580 1286 580 1402 569 1689 569 1690 550 1689 514 1667 504 1665 504 1664 504 1662 504 1637 516 1618 516 1554 516 1533 505 1531 505 1530 505 1528 505 1527 505 1512 517 1511 519 1451 519 1448 519 1433 508 1432 508 1430 508 1429 508 1378 520 1374 520 1371 520 1338 510 1337 510 1335 510 1302 511 1301 511 1299 511 1299 513 1289 522 1287 522 1282 522 1209 513 1207 513 1206 513 1182 523 1179 524 1174 523 1161 517 1160 517 1158 517 1096 524 1067 527 1055 524 1020 517 1018 517 953 519 951 519 950 519 938 527 936 529 932 527 917 522 916 522 914 522 913 522 898 527 887 532 868 529 829 522 828 522 826 522 794 530 777 535 742 535 733 530 719 524 718 524 716 524 638 532 639 577"/></Shape>
	    <String CONTENT="Fidem ſanam habeant, &amp; Conſcientiam bonam"
                    HPOS="638"
                    VPOS="504"
                    WIDTH="1052"
                    HEIGHT="89"
                    WC="0.987025490621241"></String>
          </TextLine>

          
          
          <TextLine ID="eSc_line_b17f8fea"
                    TAGREFS="LT4119"
                    BASELINE="635 639 1252 617 1692 611" 
                    HPOS="632"
                    VPOS="559"
                    WIDTH="1060"
                    HEIGHT="99">
            <Shape><Polygon POINTS="635 639 635 655 728 658 730 658 731 658 733 658 739 652 745 648 757 652 771 657 773 657 774 657 841 655 843 655 844 655 852 649 859 645 933 646 997 648 999 648 1000 648 1002 648 1006 645 1012 640 1023 643 1038 648 1039 648 1041 648 1042 648 1058 642 1066 640 1088 642 1133 645 1134 645 1177 639 1209 635 1225 638 1258 643 1259 643 1307 635 1326 632 1337 635 1360 640 1362 640 1363 640 1414 632 1432 629 1438 630 1453 638 1454 638 1456 638 1521 629 1522 629 1524 629 1676 632 1677 632 1679 632 1680 632 1692 624 1692 611 1688 565 1641 569 1635 566 1627 559 1625 559 1624 559 1622 559 1621 559 1592 566 1567 574 1537 568 1516 565 1515 565 1514 565 1503 569 1490 577 1337 580 1325 574 1310 568 1308 568 1307 568 1226 577 1152 585 1127 580 1100 574 1099 574 902 580 901 580 887 587 874 594 632 594 635 639"/></Shape>
	    <String CONTENT="&amp; integram. Fidei nomine doctrinam vniuerſam"
                    HPOS="632"
                    VPOS="559"
                    WIDTH="1060"
                    HEIGHT="99"
                    WC="0.997314629229632"></String>
          </TextLine>

          
          
          <TextLine ID="eSc_line_72103e36"
                    TAGREFS="LT4119"
                    BASELINE="638 694 1197 676 1692 669" 
                    HPOS="636"
                    VPOS="621"
                    WIDTH="1056"
                    HEIGHT="91">
            <Shape><Polygon POINTS="638 694 638 712 1692 685 1692 669 1688 633 1649 633 1647 633 1616 621 1615 621 1613 621 1560 623 1558 623 1557 623 1557 624 1545 635 1542 636 1530 635 1487 629 1485 629 1436 636 1414 639 1408 636 1389 627 1387 627 1386 627 1384 627 1363 638 1356 640 1341 638 1304 629 1302 629 1301 629 1299 629 1289 638 1286 639 1259 639 1136 633 1134 633 1133 633 1131 633 1124 640 1115 646 1069 640 1024 636 1023 636 1021 636 1009 642 994 649 636 648 638 694"/></Shape>
	    <String CONTENT="intelligit, quæ ex puro Dei verbo docetur in Ec¬"
                    HPOS="636"
                    VPOS="621"
                    WIDTH="1056"
                    HEIGHT="91"
                    WC="0.993478105713924"></String>
          </TextLine>

          
          
          <TextLine ID="eSc_line_f433cfed"
                    TAGREFS="LT4119"
                    BASELINE="638 755 1262 734 1690 727" 
                    HPOS="638"
                    VPOS="681"
                    WIDTH="1052"
                    HEIGHT="98">
            <Shape><Polygon POINTS="638 771 688 779 690 779 691 779 693 779 706 770 709 768 715 770 736 777 737 777 739 777 740 777 742 777 754 770 761 765 770 768 776 771 777 771 779 771 780 771 789 768 803 764 819 768 847 774 849 774 936 765 1009 756 1088 756 1099 761 1105 764 1106 764 1107 764 1109 764 1110 764 1113 761 1121 755 1151 755 1163 759 1170 764 1171 764 1173 764 1174 764 1191 759 1218 752 1247 758 1268 762 1270 762 1271 762 1273 762 1279 758 1289 749 1322 749 1369 755 1392 758 1393 758 1411 755 1430 751 1454 754 1479 756 1481 756 1482 756 1494 752 1521 745 1545 752 1552 754 1554 754 1555 754 1635 752 1637 752 1638 752 1638 751 1640 749 1647 743 1689 748 1690 727 1686 690 1518 693 1514 691 1481 681 1479 681 1478 681 1476 681 1427 693 1417 696 1408 694 1374 684 1372 684 1371 684 1293 687 1292 687 1273 696 1265 698 1253 696 1222 690 1221 690 1219 690 1206 697 1197 701 1186 697 1167 690 1165 690 1164 690 1119 691 1118 691 1116 691 1105 698 1094 704 1073 698 1064 697 1063 697 1061 697 1045 700 1002 707 974 700 954 696 953 696 951 696 950 696 929 701 895 710 846 704 844 704 801 712 758 704 740 701 739 701 737 701 724 704 696 712 678 706 675 704 673 704 672 704 670 704 667 706 651 715 638 706 638 755 638 771"/></Shape>
	    <String CONTENT="cleſia:imprimis autem Euangeliũ ſignificat, quæ"
                    HPOS="638"
                    VPOS="681"
                    WIDTH="1052"
                    HEIGHT="98"
                    WC="0.972227845340967"></String>
          </TextLine>

          
          
          <TextLine ID="eSc_line_7f9f60cb"
                    TAGREFS="LT4119"
                    BASELINE="642 813 1213 795 1690 788" 
                    HPOS="641"
                    VPOS="743"
                    WIDTH="1049"
                    HEIGHT="94">
            <Shape><Polygon POINTS="642 813 642 837 1180 814 1283 822 1290 822 1292 822 1293 822 1295 822 1295 820 1305 812 1354 820 1359 820 1360 820 1366 820 1421 809 1441 817 1442 817 1444 817 1505 810 1576 814 1579 814 1580 814 1582 814 1615 804 1689 812 1690 788 1686 752 1650 752 1649 752 1638 743 1637 743 1635 743 1634 743 1543 755 1539 755 1537 755 1508 746 1506 746 1505 746 1503 746 1476 754 1421 748 1420 748 1418 748 1417 748 1417 749 1406 758 1365 752 1363 752 1237 762 1180 754 1179 754 1118 765 1000 758 999 758 859 771 761 764 759 764 696 773 661 767 660 767 658 767 641 776 642 813"/></Shape>
	    <String CONTENT="pars Scripturæ fidem nobis propriè proponit,"
                    HPOS="641"
                    VPOS="743"
                    WIDTH="1049"
                    HEIGHT="94"></String>
          </TextLine>

          
          
          <TextLine ID="eSc_line_68085836"
                    TAGREFS="LT4119"
                    BASELINE="639 872 1280 852 1690 846" 
                    HPOS="638"
                    VPOS="803"
                    WIDTH="1052"
                    HEIGHT="89">
            <Shape><Polygon POINTS="639 872 639 884 691 892 693 892 694 892 696 892 709 883 731 890 733 890 734 890 736 890 737 890 749 881 751 881 757 881 810 887 812 887 914 877 920 877 932 884 933 884 935 884 936 884 938 884 939 884 951 875 993 874 1073 872 1076 872 1127 880 1128 880 1347 865 1378 872 1380 872 1381 872 1482 862 1674 865 1676 865 1677 865 1679 865 1690 855 1690 846 1686 809 1457 813 1402 803 1400 803 1399 803 1368 816 1316 806 1314 806 1313 806 1283 819 1282 819 1276 819 1179 809 1177 809 1079 812 1078 812 1076 812 1060 825 1058 825 1055 825 986 814 984 814 983 814 981 814 971 825 929 825 908 816 907 816 905 816 858 826 748 820 746 820 745 820 743 820 743 822 733 831 687 823 685 823 684 823 638 835 639 872"/></Shape>
	    <String CONTENT="Bona conſcientia ad ipſius paſtoralis muneris"
                    HPOS="638"
                    VPOS="803"
                    WIDTH="1052"
                    HEIGHT="89"
                    WC="0.988148299853007"></String>
          </TextLine>

          
          
          <TextLine ID="eSc_line_05c028ac"
                    TAGREFS="LT4119"
                    BASELINE="638 932 1195 914 1695 905" 
                    HPOS="636"
                    VPOS="858"
                    WIDTH="1059"
                    HEIGHT="87">
            <Shape><Polygon POINTS="638 932 638 945 1695 920 1695 905 1693 867 1682 858 1680 858 1679 858 1677 858 1616 870 1606 861 1604 861 1603 861 1527 861 1525 861 1524 861 1497 874 1444 874 1441 874 1427 864 1426 864 1424 864 1389 864 1387 864 1386 864 1357 875 1329 865 1328 865 1326 865 1270 878 1268 878 1212 868 1210 868 1152 870 1151 870 1149 870 1128 883 902 887 901 887 867 877 865 877 864 877 862 877 861 877 861 878 850 887 819 878 817 878 816 878 771 880 770 880 748 892 746 892 728 883 727 883 725 883 724 883 722 883 710 892 709 893 636 893 638 932"/></Shape>
	    <String CONTENT="executionem pertinet. Facit enim illa, vt ſyncerè"
                    HPOS="636"
                    VPOS="858"
                    WIDTH="1059"
                    HEIGHT="87"
                    WC="0.972291254997253"></String>
          </TextLine>

          
          
          <TextLine ID="eSc_line_3c3d6896"
                    TAGREFS="LT4119"
                    BASELINE="641 990 1243 971 1695 963" 
                    HPOS="638"
                    VPOS="917"
                    WIDTH="1057"
                    HEIGHT="91">
            <Shape><Polygon POINTS="641 990 641 1003 742 1008 743 1008 745 1008 746 1008 755 1000 757 999 892 997 893 997 917 1005 919 1005 920 1005 980 996 1032 1002 1033 1002 1133 991 1145 990 1151 990 1198 997 1200 997 1249 989 1362 993 1363 993 1365 993 1366 993 1366 991 1374 986 1415 991 1417 991 1418 991 1447 983 1448 983 1458 983 1650 986 1652 986 1693 975 1695 963 1690 917 1647 926 1624 919 1619 917 1618 917 1616 917 1600 919 1534 929 1438 925 1386 922 1384 922 1383 922 1381 922 1375 926 1365 933 1340 928 1320 922 1319 922 1317 922 1273 923 1271 923 1270 923 1261 929 1247 936 1207 931 1171 926 1170 926 1168 926 1157 932 1140 941 1020 942 999 936 977 931 975 931 974 931 972 931 971 931 959 938 950 944 919 939 878 933 877 933 875 933 874 933 862 941 859 942 850 941 807 935 806 935 638 947 641 990"/></Shape>
	    <String CONTENT="rectè &amp; integrè, quemadmodum oportet, in to¬"
                    HPOS="638"
                    VPOS="917"
                    WIDTH="1057"
                    HEIGHT="91"
                    WC="0.979817807674408"></String>
          </TextLine>

          
          
          <TextLine ID="eSc_line_603456f1"
                    TAGREFS="LT4119"
                    BASELINE="642 1051 1235 1030 1699 1024" 
                    HPOS="639"
                    VPOS="974"
                    WIDTH="1060"
                    HEIGHT="95">
            <Shape><Polygon POINTS="642 1051 642 1066 736 1069 737 1069 765 1064 789 1060 797 1063 806 1067 807 1067 809 1067 859 1061 922 1055 1026 1058 1085 1060 1087 1060 1106 1057 1146 1049 1182 1055 1195 1057 1197 1057 1198 1057 1203 1055 1218 1048 1392 1049 1393 1049 1447 1042 1698 1044 1699 1024 1696 983 1664 974 1662 974 1661 974 1659 974 1638 984 1540 977 1539 977 1537 977 1506 984 1487 978 1485 978 1484 978 1482 978 1481 978 1467 989 1423 980 1421 980 1420 980 1400 989 1377 981 1375 981 1374 981 1313 993 1307 993 1304 993 1255 984 1253 984 1198 986 1197 986 1176 996 1174 996 1170 996 1094 989 1093 989 1091 989 1090 989 1075 999 1072 1000 917 1003 910 1002 875 994 874 994 873 994 871 994 871 996 862 1003 859 1005 847 1003 792 997 791 997 789 997 759 1006 751 1008 743 1006 725 1000 724 1000 722 1000 721 1000 719 1000 712 1006 709 1009 639 1009 642 1051"/></Shape>
	    <String CONTENT="to &amp; vitæ &amp; vocationis noſtræ curſu verſemur,"
                    HPOS="639"
                    VPOS="974"
                    WIDTH="1060"
                    HEIGHT="95"
                    WC="0.99730785952674"></String>
          </TextLine>

          
          
          <TextLine ID="eSc_line_d67ab6ba"
                    TAGREFS="LT4119"
                    BASELINE="645 1109 1229 1088 1693 1082" 
                    HPOS="642"
                    VPOS="1036"
                    WIDTH="1051"
                    HEIGHT="94">
            <Shape><Polygon POINTS="645 1109 645 1124 696 1130 697 1130 740 1122 761 1118 777 1121 810 1127 812 1127 858 1118 877 1115 905 1116 975 1122 977 1122 978 1122 999 1113 1005 1110 1105 1109 1125 1110 1198 1116 1200 1116 1243 1106 1255 1105 1264 1106 1302 1113 1304 1113 1305 1113 1307 1113 1317 1105 1320 1103 1326 1105 1365 1112 1366 1112 1450 1100 1458 1100 1469 1100 1585 1106 1586 1106 1692 1093 1693 1082 1689 1039 1604 1044 1594 1041 1574 1036 1573 1036 1572 1036 1570 1036 1569 1036 1558 1042 1552 1045 1506 1044 1445 1042 1444 1042 1398 1047 1362 1051 1353 1048 1335 1042 1334 1042 1258 1042 1256 1042 1255 1042 1253 1042 1240 1052 1235 1055 1195 1055 1186 1054 1157 1045 1155 1045 1154 1045 1152 1045 1151 1045 1151 1047 1142 1054 1139 1057 1131 1055 1110 1049 1109 1049 1107 1049 1049 1057 1029 1060 1023 1058 997 1049 996 1049 994 1049 993 1049 956 1058 864 1052 862 1052 861 1052 820 1063 777 1055 776 1055 774 1055 754 1066 751 1067 748 1066 722 1058 721 1058 719 1058 642 1069 645 1109"/></Shape>
	    <String CONTENT="&amp; nauigemus, donec ad portum peruenerimus."
                    HPOS="642"
                    VPOS="1036"
                    WIDTH="1051"
                    HEIGHT="94"
                    WC="0.977690984805425"></String>
          </TextLine>

          
          
          <TextLine ID="eSc_line_b3c366e6"
                    TAGREFS="LT4119"
                    BASELINE="643 1165 1296 1146 1698 1142" 
                    HPOS="642"
                    VPOS="1091"
                    WIDTH="1056"
                    HEIGHT="101">
            <Shape><Polygon POINTS="643 1165 645 1192 684 1180 728 1189 730 1189 731 1189 733 1189 754 1179 779 1185 780 1185 782 1185 856 1176 911 1183 942 1186 944 1186 945 1186 947 1186 953 1182 963 1174 983 1180 997 1185 999 1185 1000 1185 1035 1179 1076 1170 1088 1176 1099 1182 1100 1182 1102 1182 1142 1174 1171 1168 1189 1173 1198 1174 1200 1174 1201 1174 1244 1170 1308 1164 1331 1167 1374 1174 1375 1174 1467 1163 1479 1161 1481 1161 1494 1171 1496 1171 1497 1171 1499 1171 1576 1164 1670 1168 1671 1168 1673 1168 1674 1168 1698 1154 1698 1142 1695 1102 1631 1091 1630 1091 1628 1091 1588 1103 1586 1103 1580 1103 1448 1096 1447 1096 1374 1107 1365 1109 1363 1107 1353 1100 1351 1100 1350 1100 1247 1100 1246 1100 1186 1112 1176 1115 966 1118 954 1116 889 1109 887 1109 886 1109 861 1119 855 1122 725 1124 721 1122 709 1115 707 1115 706 1115 704 1115 703 1115 701 1115 688 1122 687 1124 684 1122 657 1115 655 1115 654 1115 652 1115 651 1115 642 1119 643 1165"/></Shape>
	    <String CONTENT="Eſt autem is portus mors. De vtraque ſup. copio¬"
                    HPOS="642"
                    VPOS="1091"
                    WIDTH="1056"
                    HEIGHT="101"
                    WC="0.9759523148338"></String>
          </TextLine>

          
          
          <TextLine ID="eSc_line_5c19156f"
                    TAGREFS="LT4119"
                    BASELINE="646 1226 852 1219" 
                    HPOS="643"
                    VPOS="1170"
                    WIDTH="209"
                    HEIGHT="76">
            <Shape><Polygon POINTS="646 1226 646 1237 669 1246 670 1246 672 1246 727 1234 730 1234 731 1234 809 1243 810 1243 812 1243 852 1228 852 1219 849 1177 816 1170 815 1170 643 1182 646 1226"/></Shape>
	    <String CONTENT="ſè verſ.5."
                    HPOS="643"
                    VPOS="1170"
                    WIDTH="209"
                    HEIGHT="76"
                    WC="0.960766423832286"></String>
          </TextLine>

          
          
          <TextLine ID="eSc_line_fc96cf6b"
                    TAGREFS="LT4119"
                    BASELINE="703 1283 1256 1264 1701 1256" 
                    HPOS="700"
                    VPOS="1206"
                    WIDTH="1001"
                    HEIGHT="93">
            <Shape><Polygon POINTS="703 1283 703 1299 779 1293 831 1298 865 1299 867 1299 868 1299 870 1299 874 1296 883 1290 901 1295 913 1298 914 1298 916 1298 917 1298 919 1298 925 1293 933 1289 953 1293 972 1296 974 1296 975 1296 993 1292 1009 1287 1042 1290 1088 1293 1090 1293 1091 1293 1093 1293 1100 1287 1107 1283 1237 1280 1268 1281 1334 1287 1335 1287 1505 1274 1514 1274 1516 1274 1610 1280 1612 1280 1699 1267 1701 1256 1698 1215 1638 1209 1637 1209 1588 1216 1572 1206 1570 1206 1569 1206 1567 1206 1566 1206 1543 1218 1522 1212 1521 1212 1519 1212 1448 1221 1439 1213 1438 1213 1436 1213 1435 1213 1402 1219 1353 1212 1351 1212 1350 1212 1348 1212 1331 1225 1289 1225 1274 1215 1273 1215 1271 1215 1270 1215 1268 1215 1244 1223 1229 1216 1228 1216 1226 1216 1128 1218 1127 1218 1125 1218 1125 1219 1113 1231 1096 1231 1075 1231 1073 1231 969 1222 968 1222 893 1235 831 1231 829 1231 828 1231 798 1238 789 1231 788 1231 786 1231 785 1231 700 1241 703 1283"/></Shape>
	    <String CONTENT="Ex hoc autem loco facilè intelligi poteſt, ec¬"
                    HPOS="700"
                    VPOS="1206"
                    WIDTH="1001"
                    HEIGHT="93"
                    WC="0.985700783577371"></String>
          </TextLine>

          
          
          <TextLine ID="eSc_line_f1ca742c"
                    TAGREFS="LT4119"
                    BASELINE="649 1344 1704 1316" 
                    HPOS="646"
                    VPOS="1267"
                    WIDTH="1058"
                    HEIGHT="96">
            <Shape><Polygon POINTS="649 1344 649 1363 905 1350 1020 1356 1027 1356 1029 1356 1030 1356 1032 1356 1058 1347 1081 1354 1082 1354 1084 1354 1085 1354 1087 1354 1102 1344 1164 1351 1165 1351 1167 1351 1168 1351 1179 1342 1221 1342 1249 1350 1250 1350 1252 1350 1253 1350 1276 1338 1381 1337 1702 1338 1704 1316 1701 1276 1665 1268 1664 1268 1576 1279 1567 1279 1566 1279 1536 1267 1534 1267 1533 1267 1481 1268 1479 1268 1478 1268 1463 1279 1448 1273 1447 1273 1445 1273 1444 1273 1424 1281 1421 1283 1417 1281 1378 1271 1377 1271 1375 1271 1374 1271 1372 1271 1357 1280 1256 1274 1255 1274 1253 1274 1252 1274 1237 1286 1237 1287 1234 1287 1206 1277 1204 1277 1145 1277 1143 1277 1142 1277 1140 1277 1140 1279 1128 1289 1127 1292 1058 1292 1057 1292 1036 1280 1035 1280 1033 1280 923 1283 922 1283 920 1283 904 1295 901 1296 890 1295 813 1286 812 1286 810 1286 786 1298 783 1299 782 1298 764 1290 762 1290 761 1290 759 1290 743 1299 739 1302 646 1302 649 1344"/></Shape>
	    <String CONTENT="quod paſtoris munus eſſe velit Paulus. Id quod i¬"
                    HPOS="646"
                    VPOS="1267"
                    WIDTH="1058"
                    HEIGHT="96"
                    WC="0.995727335920139"></String>
          </TextLine>

          
          
          <TextLine ID="eSc_line_3e0d244c"
                    TAGREFS="LT4119"
                    BASELINE="651 1402 1359 1381 1699 1377" 
                    HPOS="648"
                    VPOS="1325"
                    WIDTH="1051"
                    HEIGHT="98">
            <Shape><Polygon POINTS="651 1402 651 1423 713 1414 780 1420 797 1421 798 1421 819 1418 889 1409 938 1415 963 1417 965 1417 966 1417 975 1414 993 1406 1103 1409 1206 1411 1207 1411 1209 1411 1228 1405 1240 1400 1252 1403 1264 1406 1265 1406 1267 1406 1299 1402 1328 1397 1345 1400 1383 1406 1384 1406 1426 1397 1441 1395 1487 1395 1664 1399 1665 1399 1667 1399 1699 1387 1699 1377 1696 1337 1612 1325 1610 1325 1609 1325 1607 1325 1598 1332 1576 1326 1574 1326 1573 1326 1572 1326 1570 1326 1549 1339 1548 1339 1531 1339 1383 1331 1381 1331 1334 1332 1332 1332 1331 1332 1316 1344 1311 1345 1284 1344 1213 1339 1212 1339 1210 1339 1198 1345 1192 1348 1151 1348 1148 1347 1115 1338 1113 1338 1112 1338 1063 1348 1039 1354 981 1354 975 1350 966 1342 965 1342 963 1342 932 1342 931 1342 890 1351 871 1357 791 1359 780 1354 764 1347 762 1347 761 1347 759 1347 736 1354 712 1348 710 1348 709 1348 707 1348 694 1356 682 1362 648 1357 651 1402"/></Shape>
	    <String CONTENT="pſe Tit.1.verſ.9. amplius docet &amp; Petrus I Pet.5."
                    HPOS="648"
                    VPOS="1325"
                    WIDTH="1051"
                    HEIGHT="98"></String>
          </TextLine>

          
          
          <TextLine ID="eSc_line_a9b7f866"
                    TAGREFS="LT4119"
                    BASELINE="654 1460 1704 1435" 
                    HPOS="652"
                    VPOS="1390"
                    WIDTH="1052"
                    HEIGHT="92">
            <Shape><Polygon POINTS="654 1460 654 1472 713 1482 715 1482 716 1482 718 1482 733 1472 770 1481 771 1481 773 1481 774 1481 776 1481 776 1479 786 1470 788 1470 834 1479 835 1479 893 1470 945 1476 947 1476 948 1476 975 1467 983 1466 990 1467 1020 1475 1021 1475 1023 1475 1127 1464 1170 1461 1174 1464 1182 1470 1183 1470 1185 1470 1186 1470 1322 1467 1357 1461 1396 1455 1702 1455 1704 1435 1701 1400 1534 1390 1533 1390 1531 1390 1512 1400 1457 1392 1456 1392 1406 1393 1405 1393 1403 1393 1403 1395 1389 1406 1313 1399 1311 1399 1253 1406 1219 1397 1218 1397 1216 1397 1215 1397 1185 1408 1106 1400 1105 1400 1103 1400 1102 1400 1081 1414 1076 1414 1021 1406 1020 1406 1018 1406 996 1415 996 1417 950 1417 893 1417 840 1406 838 1406 806 1408 804 1408 803 1408 788 1420 734 1409 733 1409 731 1409 701 1423 700 1424 652 1424 654 1460"/></Shape>
	    <String CONTENT="verſ.2. Nempe vt paſcant gregem Domini ver¬"
                    HPOS="652"
                    VPOS="1390"
                    WIDTH="1052"
                    HEIGHT="92"
                    WC="0.997888285060262"></String>
          </TextLine>

          
          
          <TextLine ID="eSc_line_82df99dd"
                    TAGREFS="LT4119"
                    BASELINE="651 1518 1704 1494" 
                    HPOS="649"
                    VPOS="1447"
                    WIDTH="1055"
                    HEIGHT="89">
            <Shape><Polygon POINTS="651 1518 651 1536 1704 1509 1704 1494 1699 1447 1630 1461 1583 1461 1570 1450 1569 1450 1567 1450 1566 1450 1564 1450 1499 1463 1390 1455 1389 1455 1387 1455 1368 1464 1323 1455 1322 1455 1320 1455 1319 1455 1301 1467 1246 1457 1243 1457 1241 1457 1240 1457 1212 1469 1115 1460 1107 1460 1106 1460 1105 1460 1103 1460 1087 1473 1038 1475 974 1475 951 1464 950 1464 948 1464 947 1464 880 1476 819 1467 817 1467 816 1467 815 1467 785 1475 649 1472 651 1518"/></Shape>
	    <String CONTENT="bo Dei, quod proprium eſt animorum alimen¬"
                    HPOS="649"
                    VPOS="1447"
                    WIDTH="1055"
                    HEIGHT="89"
                    WC="0.980463951826096"></String>
          </TextLine>

          
          
          <TextLine ID="eSc_line_09e5a28a"
                    TAGREFS="LT4119"
                    BASELINE="651 1579 1705 1552" 
                    HPOS="649"
                    VPOS="1506"
                    WIDTH="1056"
                    HEIGHT="92">
            <Shape><Polygon POINTS="651 1579 651 1598 826 1586 844 1592 852 1595 853 1595 855 1595 883 1592 933 1585 986 1588 1020 1591 1021 1591 1060 1586 1121 1579 1177 1582 1234 1586 1235 1586 1277 1579 1307 1574 1313 1579 1317 1582 1319 1582 1320 1582 1322 1582 1420 1574 1475 1571 1485 1573 1518 1579 1519 1579 1521 1579 1522 1579 1531 1571 1536 1569 1545 1571 1567 1577 1569 1577 1570 1577 1646 1576 1705 1566 1705 1552 1702 1515 1641 1506 1640 1506 1638 1506 1613 1516 1612 1518 1484 1519 1482 1519 1451 1509 1450 1509 1448 1509 1447 1509 1402 1521 1396 1522 1393 1522 1350 1511 1348 1511 1347 1511 1345 1511 1301 1524 1299 1524 1296 1524 1229 1513 1228 1513 1226 1513 1201 1527 1200 1527 1194 1527 1131 1516 1130 1516 1063 1527 1048 1519 1047 1519 1000 1519 999 1519 997 1519 996 1519 986 1528 947 1521 945 1521 944 1521 942 1521 926 1533 923 1536 870 1536 867 1534 853 1524 852 1524 850 1524 819 1524 817 1524 816 1524 767 1537 758 1539 749 1537 710 1527 709 1527 707 1527 649 1539 651 1579"/></Shape>
	    <String CONTENT="tum. Ad quod &amp; doctrina pura, ſiue ſana cogni¬"
                    HPOS="649"
                    VPOS="1506"
                    WIDTH="1056"
                    HEIGHT="92"
                    WC="0.98269410625748"></String>
          </TextLine>

          
          
          <TextLine ID="eSc_line_200da7a2"
                    TAGREFS="LT4119"
                    BASELINE="649 1637 1705 1613" 
                    HPOS="648"
                    VPOS="1564"
                    WIDTH="1057"
                    HEIGHT="91">
            <Shape><Polygon POINTS="649 1637 649 1655 782 1647 856 1652 902 1653 904 1653 905 1653 914 1649 925 1644 945 1649 963 1652 965 1652 966 1652 975 1647 986 1643 1015 1647 1044 1650 1045 1650 1116 1644 1177 1638 1224 1641 1287 1644 1289 1644 1290 1644 1302 1638 1310 1635 1325 1638 1354 1643 1356 1643 1357 1643 1377 1637 1386 1634 1396 1635 1424 1641 1426 1641 1427 1641 1429 1641 1439 1634 1442 1632 1447 1634 1460 1640 1461 1640 1463 1640 1572 1631 1595 1629 1601 1629 1635 1637 1637 1637 1704 1627 1705 1613 1704 1574 1665 1564 1664 1564 1662 1564 1661 1564 1632 1576 1630 1577 1514 1577 1494 1577 1433 1567 1432 1567 1366 1579 1351 1570 1350 1570 1348 1570 1347 1570 1282 1571 1280 1571 1240 1583 1234 1586 1189 1586 1188 1585 1174 1573 1173 1573 1171 1573 1170 1573 1168 1573 1137 1586 1136 1588 1085 1588 1082 1588 1055 1576 1054 1576 1052 1576 1051 1576 1027 1588 1024 1589 1017 1588 966 1580 965 1580 963 1580 962 1580 962 1582 951 1589 950 1591 942 1591 895 1583 893 1583 892 1583 873 1592 870 1592 868 1592 841 1580 840 1580 838 1580 780 1582 779 1582 746 1594 742 1595 731 1595 669 1588 667 1588 666 1588 648 1594 649 1637"/></Shape>
	    <String CONTENT="tione illius verbi opus eſt: &amp; prudenti ſynceráque"
                    HPOS="648"
                    VPOS="1564"
                    WIDTH="1057"
                    HEIGHT="91"
                    WC="0.986274472638673"></String>
          </TextLine>

          
          
          <TextLine ID="eSc_line_f864fd26"
                    TAGREFS="LT4119"
                    BASELINE="652 1693 1705 1671" 
                    HPOS="651"
                    VPOS="1624"
                    WIDTH="1054"
                    HEIGHT="90">
            <Shape><Polygon POINTS="652 1693 652 1707 791 1714 792 1714 849 1704 931 1711 932 1711 933 1711 953 1701 978 1710 980 1710 981 1710 983 1710 984 1710 997 1701 1020 1707 1021 1707 1023 1707 1134 1698 1165 1705 1167 1705 1168 1705 1170 1705 1207 1696 1270 1704 1271 1704 1273 1704 1293 1693 1421 1701 1423 1701 1424 1701 1448 1690 1478 1699 1479 1699 1481 1699 1482 1699 1505 1692 1563 1698 1564 1698 1625 1696 1627 1696 1628 1696 1638 1687 1690 1692 1692 1692 1693 1692 1695 1692 1705 1685 1705 1671 1704 1635 1673 1624 1671 1624 1670 1624 1668 1624 1644 1634 1619 1625 1618 1625 1616 1625 1555 1638 1554 1638 1552 1638 1512 1627 1511 1627 1509 1627 1508 1627 1506 1627 1487 1640 1453 1641 1421 1641 1417 1641 1353 1632 1351 1632 1350 1632 1313 1643 1299 1632 1298 1632 1296 1632 1295 1632 1293 1632 1265 1641 1225 1632 1224 1632 1125 1647 1090 1637 1088 1637 1087 1637 1085 1637 1084 1637 1067 1649 1002 1637 1000 1637 999 1637 960 1649 933 1638 932 1638 931 1638 878 1640 877 1640 875 1640 858 1655 817 1655 795 1643 794 1643 792 1643 728 1650 691 1644 690 1644 688 1644 651 1658 652 1693"/></Shape>
	    <String CONTENT="eiuſdem diſpenſatione, &amp; ὀρθοτομίᾳ vt loquitur"
                    HPOS="651"
                    VPOS="1624"
                    WIDTH="1054"
                    HEIGHT="90"></String>
          </TextLine>

          
          
          <TextLine ID="eSc_line_0d6741ec"
                    TAGREFS="LT4119"
                    BASELINE="655 1754 1705 1731" 
                    HPOS="654"
                    VPOS="1682"
                    WIDTH="1051"
                    HEIGHT="90">
            <Shape><Polygon POINTS="655 1754 655 1768 850 1772 852 1772 975 1769 977 1769 978 1769 978 1768 986 1762 1377 1762 1377 1760 1378 1760 1380 1760 1380 1759 1381 1759 1386 1753 1506 1757 1508 1757 1638 1747 1673 1753 1674 1753 1676 1753 1705 1744 1705 1731 1702 1686 1658 1682 1656 1682 1655 1682 1637 1686 1613 1693 1601 1687 1592 1683 1591 1683 1589 1683 1588 1683 1586 1683 1580 1687 1570 1695 1525 1689 1514 1687 1512 1687 1511 1687 1505 1689 1482 1695 1469 1689 1460 1686 1458 1686 1457 1686 1456 1686 1447 1690 1432 1698 1368 1692 1340 1689 1338 1689 1337 1689 1328 1692 1308 1701 1293 1693 1293 1692 1292 1692 1290 1692 1289 1692 1282 1693 1243 1704 1191 1704 1176 1695 1174 1693 1173 1693 1171 1693 1170 1693 1168 1693 1167 1693 1165 1695 1152 1705 1113 1705 1064 1696 1048 1695 1047 1695 1045 1695 1038 1698 1014 1707 969 1699 960 1698 959 1698 957 1698 953 1699 928 1708 875 1701 864 1699 862 1699 861 1699 859 1699 858 1701 844 1711 815 1702 812 1701 810 1701 809 1701 807 1701 803 1702 770 1713 754 1702 752 1702 751 1702 749 1702 748 1702 746 1702 718 1714 654 1705 655 1754"/></Shape>
	    <String CONTENT="Paulus ipſe inf. 2 Timoth. 2 id eſt, ne ſit perſona¬"
                    HPOS="654"
                    VPOS="1682"
                    WIDTH="1051"
                    HEIGHT="90"
                    WC="0.992993385745929"></String>
          </TextLine>

          
          
          <TextLine ID="eSc_line_ed016a8c"
                    TAGREFS="LT4119"
                    BASELINE="652 1814 1707 1789" 
                    HPOS="651"
                    VPOS="1744"
                    WIDTH="1056"
                    HEIGHT="91">
            <Shape><Polygon POINTS="652 1814 654 1835 673 1827 852 1830 884 1830 886 1830 887 1830 889 1830 889 1829 902 1821 957 1827 959 1827 960 1827 962 1827 999 1820 1014 1826 1015 1827 1017 1827 1018 1827 1020 1827 1021 1827 1021 1826 1033 1818 1075 1826 1084 1826 1085 1826 1115 1824 1273 1812 1377 1818 1395 1818 1396 1818 1398 1818 1400 1817 1420 1809 1430 1817 1432 1817 1433 1817 1435 1817 1444 1817 1527 1806 1558 1814 1560 1814 1561 1814 1563 1814 1707 1809 1707 1789 1704 1753 1613 1744 1612 1744 1610 1744 1609 1744 1595 1754 1569 1756 1518 1757 1516 1756 1506 1748 1506 1747 1505 1747 1503 1747 1456 1747 1454 1747 1399 1759 1390 1760 1384 1759 1337 1750 1335 1750 1226 1763 1206 1765 1176 1765 1021 1757 1020 1757 1018 1757 978 1768 941 1760 939 1760 938 1760 904 1771 901 1771 898 1771 870 1762 868 1762 867 1762 865 1762 840 1772 834 1774 829 1772 819 1768 817 1768 816 1768 651 1775 652 1814"/></Shape>
	    <String CONTENT="rum acceptator Miniſter verbi Dei: ſed exactor"
                    HPOS="651"
                    VPOS="1744"
                    WIDTH="1056"
                    HEIGHT="91"
                    WC="0.974554451911346"></String>
          </TextLine>

          
          
          <TextLine ID="eSc_line_31c270f7"
                    TAGREFS="LT4119"
                    BASELINE="654 1873 1710 1850" 
                    HPOS="652"
                    VPOS="1802"
                    WIDTH="1058"
                    HEIGHT="95">
            <Shape><Polygon POINTS="654 1873 655 1893 676 1887 685 1893 693 1897 694 1897 696 1897 697 1897 761 1896 762 1896 773 1890 782 1885 803 1890 832 1894 834 1894 835 1894 850 1888 864 1882 892 1887 905 1888 907 1888 931 1885 968 1881 993 1884 1044 1890 1045 1890 1047 1890 1048 1890 1060 1882 1067 1878 1082 1881 1113 1888 1115 1888 1163 1879 1186 1875 1225 1878 1277 1881 1279 1881 1335 1875 1345 1873 1348 1873 1375 1882 1377 1882 1378 1882 1380 1882 1417 1872 1420 1872 1423 1872 1478 1879 1479 1879 1481 1879 1512 1869 1519 1867 1533 1869 1580 1875 1582 1875 1583 1875 1603 1866 1606 1864 1710 1863 1710 1850 1707 1812 1514 1802 1512 1802 1448 1804 1447 1804 1445 1804 1445 1805 1433 1815 1432 1817 1415 1815 1317 1806 1316 1806 1229 1809 1228 1809 1195 1818 1179 1823 1165 1820 1134 1811 1133 1811 1131 1811 1130 1811 1128 1811 1118 1820 1110 1826 1015 1826 1005 1821 986 1814 984 1814 983 1814 981 1814 965 1821 892 1817 890 1817 861 1824 832 1830 652 1827 654 1873"/></Shape>
	    <String CONTENT="à quoque officij, &amp; cultus Dei. Quod ſi idẽ tunc"
                    HPOS="652"
                    VPOS="1802"
                    WIDTH="1058"
                    HEIGHT="95"
                    WC="0.97347815990448"></String>
          </TextLine>

          
          
          <TextLine ID="eSc_line_1fd721bb"
                    TAGREFS="LT4119"
                    BASELINE="655 1931 1707 1906" 
                    HPOS="654"
                    VPOS="1859"
                    WIDTH="1053"
                    HEIGHT="98">
            <Shape><Polygon POINTS="655 1931 655 1948 715 1957 716 1957 774 1946 780 1945 910 1943 916 1945 939 1951 941 1951 942 1951 944 1951 945 1951 953 1943 954 1943 963 1943 1024 1949 1026 1949 1069 1942 1090 1939 1110 1942 1148 1946 1149 1946 1240 1939 1307 1934 1316 1939 1325 1942 1326 1942 1328 1942 1435 1939 1436 1939 1444 1936 1460 1930 1487 1936 1499 1937 1500 1937 1515 1934 1551 1928 1705 1931 1707 1906 1704 1859 1658 1859 1656 1859 1655 1859 1653 1859 1652 1860 1641 1867 1622 1862 1619 1860 1618 1860 1616 1860 1615 1860 1612 1862 1580 1875 1464 1875 1430 1867 1411 1864 1409 1864 1408 1864 1392 1869 1368 1878 1209 1884 1082 1884 1076 1881 1060 1873 1058 1873 1057 1873 1055 1873 1032 1882 1021 1887 1009 1884 980 1875 978 1875 977 1875 809 1890 780 1879 779 1879 777 1879 776 1879 774 1879 754 1893 752 1894 713 1894 687 1882 685 1882 684 1882 682 1882 654 1894 655 1931"/></Shape>
	    <String CONTENT="de officio Epiſcopi receptum &amp; cõſtitutum fuiſ¬"
                    HPOS="654"
                    VPOS="1859"
                    WIDTH="1053"
                    HEIGHT="98"
                    WC="0.98633320381244"></String>
          </TextLine>

          
          
          <TextLine ID="eSc_line_95e8f7ac"
                    TAGREFS="LT4119"
                    BASELINE="652 1991 1710 1966" 
                    HPOS="651"
                    VPOS="1921"
                    WIDTH="1059"
                    HEIGHT="95">
            <Shape><Polygon POINTS="652 1991 652 2004 684 2004 685 2004 704 2016 706 2016 707 2016 709 2016 838 2013 1012 1998 1042 2007 1044 2007 1045 2007 1047 2007 1085 1994 1090 1994 1127 1994 1128 1994 1145 2004 1146 2004 1148 2004 1149 2004 1151 2004 1186 1992 1188 1992 1191 1992 1290 2001 1292 2001 1393 1986 1403 1986 1409 1986 1458 1992 1460 1992 1461 1992 1487 1985 1502 1995 1503 1995 1505 1995 1506 1995 1508 1995 1539 1983 1540 1983 1548 1983 1670 1992 1671 1992 1673 1992 1710 1979 1710 1966 1707 1930 1601 1930 1585 1921 1583 1921 1582 1921 1478 1934 1456 1936 1448 1934 1421 1925 1420 1925 1418 1925 1417 1925 1393 1934 1354 1927 1353 1927 1351 1927 1350 1927 1335 1936 1331 1939 1296 1937 1222 1933 1221 1933 1185 1939 1171 1942 1167 1940 1155 1934 1154 1934 1152 1934 1151 1934 1149 1934 1143 1940 1140 1942 1137 1940 1128 1933 1127 1933 1125 1933 1091 1933 1090 1933 1088 1933 1087 1933 1073 1942 1070 1943 1069 1942 1054 1934 1052 1934 1051 1934 1049 1934 1048 1934 1048 1936 1039 1942 1036 1945 1026 1943 993 1936 991 1936 990 1936 989 1936 977 1943 971 1946 933 1945 835 1939 834 1939 832 1939 815 1946 804 1952 728 1952 721 1949 712 1943 710 1943 709 1943 707 1943 651 1949 652 1991"/></Shape>
	    <String CONTENT="ſet, quod poſtea &amp; in Papatu conſtitutum eſt, cer¬"
                    HPOS="651"
                    VPOS="1921"
                    WIDTH="1059"
                    HEIGHT="95"
                    WC="0.993876634836197"></String>
          </TextLine>

          
          
          <TextLine ID="eSc_line_7897d822"
                    TAGREFS="LT4119"
                    BASELINE="654 2050 1705 2025" 
                    HPOS="652"
                    VPOS="1980"
                    WIDTH="1053"
                    HEIGHT="88">
            <Shape><Polygon POINTS="654 2050 654 2062 776 2068 777 2068 913 2058 914 2058 1023 2062 1024 2062 1705 2038 1705 2025 1702 1992 1582 1980 1580 1980 1579 1980 1549 1995 1496 1995 1484 1988 1482 1988 1481 1988 1479 1988 1478 1988 1448 1997 1435 1985 1433 1985 1432 1985 1396 1985 1395 1985 1350 1986 1348 1986 1314 2000 1273 1988 1271 1988 1270 1988 1268 1988 1209 2003 1189 1991 1188 1991 1186 1991 1185 1991 1082 2006 1042 1994 1041 1994 1039 1994 963 1995 962 1995 932 2009 901 1997 899 1997 898 1997 896 1997 895 1997 895 1998 881 2010 847 1998 846 1998 844 1998 843 1998 841 1998 823 2012 666 2009 664 2009 663 2009 661 2009 652 2013 654 2050"/></Shape>
	    <String CONTENT="tè neq; doctrinã neque bonã conſcientiã cõmen"
                    HPOS="652"
                    VPOS="1980"
                    WIDTH="1053"
                    HEIGHT="88"
                    WC="0.980535372495651"></String>
          </TextLine>

          
          
          <TextLine ID="eSc_line_ed0bd5e8"
                    TAGREFS="LT4119"
                    BASELINE="655 2105 1713 2083" 
                    HPOS="654"
                    VPOS="2041"
                    WIDTH="1059"
                    HEIGHT="88">
            <Shape><Polygon POINTS="655 2105 655 2119 709 2129 710 2129 712 2129 754 2119 919 2125 920 2125 922 2125 923 2125 938 2114 939 2113 1024 2113 1026 2113 1052 2122 1054 2122 1055 2122 1057 2122 1081 2111 1082 2111 1100 2111 1286 2117 1287 2117 1289 2117 1290 2117 1302 2107 1304 2107 1308 2107 1351 2116 1353 2116 1354 2116 1374 2107 1377 2105 1405 2105 1569 2111 1570 2111 1572 2111 1588 2102 1591 2101 1595 2102 1621 2110 1622 2110 1624 2110 1713 2099 1713 2083 1708 2041 1548 2052 1539 2046 1534 2041 1533 2041 1531 2041 1502 2041 1500 2041 1499 2041 1476 2047 1457 2053 1447 2049 1433 2043 1432 2043 1430 2043 1429 2043 1415 2049 1403 2055 1387 2050 1365 2044 1363 2044 1362 2044 1316 2052 1284 2059 1250 2059 1243 2055 1232 2047 1231 2047 1229 2047 1228 2047 1127 2050 1125 2050 1109 2059 1107 2059 1106 2059 1079 2050 1078 2050 1076 2050 1075 2050 1045 2061 1039 2062 1030 2061 1002 2056 1000 2056 765 2068 739 2061 737 2061 736 2061 734 2061 712 2070 682 2059 681 2059 679 2059 678 2059 654 2070 655 2105"/></Shape>
	    <String CONTENT="daret &amp; requireret in Epiſcopo Paulus. Quanquã"
                    HPOS="654"
                    VPOS="2041"
                    WIDTH="1059"
                    HEIGHT="88"
                    WC="0.992494432215995"></String>
          </TextLine>

          
          
          <TextLine ID="eSc_line_d033dac9"
                    TAGREFS="LT4119"
                    BASELINE="655 2168 1713 2143" 
                    HPOS="654"
                    VPOS="2095"
                    WIDTH="1059"
                    HEIGHT="110">
            <Shape><Polygon POINTS="655 2168 655 2205 707 2205 707 2204 709 2204 712 2202 734 2190 755 2201 758 2202 759 2202 761 2202 841 2201 843 2201 853 2198 890 2186 913 2196 917 2198 919 2198 920 2199 966 2199 966 2198 989 2193 1015 2187 1023 2192 1027 2195 1029 2195 1030 2195 1032 2195 1033 2195 1048 2192 1072 2186 1096 2190 1103 2190 1105 2190 1106 2190 1112 2189 1155 2177 1322 2175 1357 2181 1399 2187 1400 2187 1402 2187 1420 2178 1429 2174 1456 2177 1505 2184 1506 2184 1508 2184 1509 2184 1519 2175 1528 2169 1549 2169 1555 2174 1566 2183 1567 2183 1569 2183 1570 2183 1572 2183 1573 2183 1586 2172 1595 2168 1711 2168 1713 2143 1710 2095 1658 2095 1656 2095 1655 2095 1653 2095 1652 2096 1638 2105 1600 2098 1589 2096 1588 2096 1586 2096 1579 2098 1549 2108 1472 2102 1466 2102 1464 2102 1463 2102 1461 2102 1461 2104 1453 2111 1359 2107 1357 2107 1274 2116 1241 2110 1213 2105 1212 2105 1179 2113 1148 2119 1122 2114 1093 2108 1091 2108 1047 2117 1024 2120 1002 2119 954 2113 953 2113 916 2120 901 2125 896 2122 889 2116 889 2114 887 2114 886 2114 884 2114 835 2123 834 2123 789 2116 788 2116 786 2116 785 2116 773 2126 770 2129 739 2129 736 2128 722 2117 721 2117 719 2117 718 2117 716 2117 715 2117 697 2128 694 2131 654 2131 655 2168"/></Shape>
	    <String CONTENT="enim Epiſcopũ explorandum &amp; exanimandũ illi"
                    HPOS="654"
                    VPOS="2095"
                    WIDTH="1059"
                    HEIGHT="110"
                    WC="0.991317138406965"></String>
          </TextLine>

          
        </TextBlock>
        
        <TextBlock HPOS="1500.0291748046875"
                   VPOS="2170.142578125"
                   WIDTH="215.2393798828125"
                   HEIGHT="51.447021484375"
                   ID="block_0"
                   TAGREFS="BT10534">
          <Shape><Polygon POINTS="1500.03 2170.14 1715.27 2170.14 1715.27 2221.59 1500.03 2221.59 1500.03 2170.14"/></Shape>
          
          
          <TextLine ID="eSc_line_787afd46"
                    TAGREFS="LT4119"
                    BASELINE="1516 2205 1714 2202" 
                    HPOS="1515"
                    VPOS="2154"
                    WIDTH="199"
                    HEIGHT="76">
            <Shape><Polygon POINTS="1516 2205 1516 2230 1714 2221 1714 2202 1713 2165 1686 2154 1685 2154 1683 2154 1635 2163 1606 2156 1604 2156 1603 2156 1601 2156 1583 2165 1531 2156 1530 2156 1528 2156 1527 2156 1515 2163 1516 2205"/></Shape>
	    <String CONTENT="ſcribunt"
                    HPOS="1515"
                    VPOS="2154"
                    WIDTH="199"
                    HEIGHT="76"
                    WC="0.998436346650124"></String>
          </TextLine>

          
        </TextBlock>
        

        
      </PrintSpace>
    </Page>
  </Layout>
</alto>
