<?xml version="1.0" encoding="UTF-8"?>
<alto xmlns:xsi="http://www.w3.org/2001/XMLSchema-instance"
      xmlns="http://www.loc.gov/standards/alto/ns-v4#"
      xsi:schemaLocation="http://www.loc.gov/standards/alto/ns-v4# http://www.loc.gov/standards/alto/v4/alto-4-2.xsd">
  <Description>
    <MeasurementUnit>pixel</MeasurementUnit>
    <sourceImageInformation>
      <fileName>2012931.png</fileName>
      
    </sourceImageInformation>
  </Description>
  
  <Tags>
    <OtherTag ID="BT10544" LABEL="text" DESCRIPTION="block type text"/><OtherTag ID="BT10543" LABEL="NumberingZone" DESCRIPTION="block type NumberingZone"/><OtherTag ID="BT10542" LABEL="MainZone" DESCRIPTION="block type MainZone"/><OtherTag ID="BT10538" LABEL="RunningTitleZone" DESCRIPTION="block type RunningTitleZone"/><OtherTag ID="BT10537" LABEL="DropCapitalZone" DESCRIPTION="block type DropCapitalZone"/><OtherTag ID="BT10536" LABEL="GraphicZone" DESCRIPTION="block type GraphicZone"/><OtherTag ID="BT10535" LABEL="TitlePageZone" DESCRIPTION="block type TitlePageZone"/><OtherTag ID="BT10534" LABEL="QuireMarksZone" DESCRIPTION="block type QuireMarksZone"/><OtherTag ID="BT10533" LABEL="MarginTextZone" DESCRIPTION="block type MarginTextZone"/>
    <OtherTag ID="LT4122" LABEL="default" DESCRIPTION="line type default"/><OtherTag ID="LT4119" LABEL="DefaultLine" DESCRIPTION="line type DefaultLine"/><OtherTag ID="LT4118" LABEL="HeadingLine" DESCRIPTION="line type HeadingLine"/><OtherTag ID="LT4117" LABEL="CustomLine : BiblicalText" DESCRIPTION="line type CustomLine : BiblicalText"/>
  </Tags>
  
  <Layout>
    <Page WIDTH="1807"
          HEIGHT="2677"
          PHYSICAL_IMG_NR="47"
          ID="eSc_dummypage_">
      <PrintSpace HPOS="0"
                  VPOS="0"
                  WIDTH="1807"
                  HEIGHT="2677">
        
        <TextBlock HPOS="483.1148986816406"
                   VPOS="168.00714111328125"
                   WIDTH="613.2845153808594"
                   HEIGHT="65.8878173828125"
                   ID="block_0"
                   TAGREFS="BT10538">
          <Shape><Polygon POINTS="483.115 168.007 1096.4 168.007 1096.4 233.895 483.115 233.895 483.115 168.007"/></Shape>
          
          
          <TextLine ID="eSc_line_533aac07"
                    TAGREFS="LT4118"
                    BASELINE="490 214 795 217" 
                    HPOS="489"
                    VPOS="172"
                    WIDTH="306"
                    HEIGHT="70">
            <Shape><Polygon POINTS="776 172 690 182 673 172 669 172 654 172 641 172 617 175 609 172 594 172 580 172 578 172 568 176 533 172 520 172 505 172 490 172 490 214 489 232 508 240 510 240 511 240 591 239 593 239 594 239 599 234 605 230 624 230 632 236 639 242 641 242 642 242 643 242 703 240 704 240 706 240 706 239 707 237 715 232 734 239 743 242 745 242 746 242 748 242 752 239 762 234 792 240 795 217 792 174 788 174"/></Shape>
	    <String CONTENT="CAPVT I"
                    HPOS="489"
                    VPOS="172"
                    WIDTH="306"
                    HEIGHT="70"
                    WC="0.994655302592686"></String>
          </TextLine>

          
        </TextBlock>
        
        <TextBlock HPOS="1132.2830810546875"
                   VPOS="186.26536560058594"
                   WIDTH="66.030029296875"
                   HEIGHT="53.05455017089844"
                   ID="block_1"
                   TAGREFS="BT10543">
          <Shape><Polygon POINTS="1132.28 186.265 1198.31 186.265 1198.31 239.32 1132.28 239.32 1132.28 186.265"/></Shape>
          
          
          <TextLine ID="eSc_line_27888062"
                    TAGREFS="LT4119"
                    BASELINE="1141 223 1179 223" 
                    HPOS="1139"
                    VPOS="187"
                    WIDTH="38"
                    HEIGHT="60">
            <Shape><Polygon POINTS="1162 187 1139 187 1139 220 1139 245 1175 247 1177 220 1175 187 1162 187"/></Shape>
	    <String CONTENT="19"
                    HPOS="1139"
                    VPOS="187"
                    WIDTH="38"
                    HEIGHT="60"></String>
          </TextLine>

          
        </TextBlock>
        
        <TextBlock HPOS="139.79495239257812"
                   VPOS="240.1626739501953"
                   WIDTH="1069.5950622558594"
                   HEIGHT="1956.7831268310547"
                   ID="block_2"
                   TAGREFS="BT10542">
          <Shape><Polygon POINTS="139.795 240.163 1209.39 240.163 1209.39 2196.95 139.795 2196.95 139.795 240.163"/></Shape>
          
          
          <TextLine ID="eSc_line_8f315863"
                    TAGREFS="LT4119"
                    BASELINE="148 291 1198 287" 
                    HPOS="147"
                    VPOS="230"
                    WIDTH="1051"
                    HEIGHT="89">
            <Shape><Polygon POINTS="148 291 148 309 203 319 205 319 254 310 301 319 303 319 304 319 331 310 345 319 346 319 348 319 349 319 350 319 376 312 444 319 446 319 498 309 585 318 587 319 844 319 844 318 846 318 847 318 861 307 1121 316 1122 316 1198 304 1198 287 1195 246 1097 243 1079 230 1078 230 1076 230 1075 230 1073 230 1041 245 1038 246 907 246 899 243 855 230 853 230 852 230 715 233 713 233 712 233 701 242 693 248 620 248 609 240 593 230 591 230 590 230 588 230 587 230 566 240 563 242 559 240 536 233 535 233 533 233 532 233 530 233 522 240 514 245 492 239 469 234 468 234 466 234 465 234 458 239 444 248 406 239 371 232 370 232 325 239 263 248 246 237 237 232 236 232 234 232 233 232 153 236 147 242"/></Shape>
	    <String CONTENT="Iudæos. Illi enim de lege gloriabãtur quam acce¬"
                    HPOS="147"
                    VPOS="230"
                    WIDTH="1051"
                    HEIGHT="89"
                    WC="0.9921905179413"></String>
          </TextLine>

          
          
          <TextLine ID="eSc_line_2fd26763"
                    TAGREFS="LT4119"
                    BASELINE="151 350 1203 348" 
                    HPOS="150"
                    VPOS="301"
                    WIDTH="1053"
                    HEIGHT="76">
            <Shape><Polygon POINTS="151 350 153 377 191 368 285 368 294 376 295 376 297 376 298 376 638 368 657 376 658 376 660 376 661 376 663 376 678 367 697 374 699 374 700 374 740 367 777 374 779 374 850 367 875 374 877 374 878 376 1026 376 1026 374 1027 374 1029 374 1038 367 1200 374 1203 348 1200 301 1160 301 1158 301 1157 301 1155 301 1155 303 1140 316 1106 316 1082 303 1082 301 1081 301 1079 301 1078 301 1076 301 1072 303 1045 312 1027 303 1023 301 1021 301 1020 301 1018 301 1017 301 1014 303 994 315 957 307 956 307 913 315 896 304 893 303 892 303 890 303 889 303 887 303 881 304 861 315 759 307 742 306 740 306 706 307 569 316 548 310 527 303 526 303 524 303 523 303 493 310 492 310 490 310 468 304 466 304 465 304 464 304 462 304 453 310 447 315 428 312 383 303 382 303 269 304 267 304 234 313 226 318 184 318 179 315 163 306 162 306 160 306 159 306 157 306 150 310 151 350"/></Shape>
	    <String CONTENT="perant, &amp; qua etiam abutentes circa huiuſmodi"
                    HPOS="150"
                    VPOS="301"
                    WIDTH="1053"
                    HEIGHT="76"
                    WC="0.994642945130666"></String>
          </TextLine>

          
          
          <TextLine ID="eSc_line_3ac34205"
                    TAGREFS="LT4119"
                    BASELINE="154 408 1198 408" 
                    HPOS="154"
                    VPOS="361"
                    WIDTH="1044"
                    HEIGHT="79">
            <Shape><Polygon POINTS="154 408 154 432 239 438 240 438 303 434 380 428 391 434 392 435 394 435 395 435 397 435 398 435 401 434 414 428 425 434 431 438 432 438 434 438 435 440 533 440 533 438 535 438 545 435 565 428 624 428 639 435 643 437 645 437 646 437 657 435 691 428 703 435 707 438 709 438 710 438 712 438 713 438 719 435 733 428 740 435 742 437 743 437 745 437 746 437 767 435 831 431 841 435 847 438 849 438 850 438 852 438 861 435 889 429 928 437 933 437 935 437 941 437 987 428 1005 437 1006 437 1008 437 1009 437 1011 437 1012 437 1023 428 1093 428 1112 437 1115 438 1116 438 1118 438 1119 438 1125 437 1152 431 1197 437 1198 408 1198 371 1118 361 1116 361 1052 368 1032 361 1030 361 1029 361 1027 361 1026 361 1011 370 971 361 969 361 867 370 813 361 812 361 771 370 734 361 733 361 731 361 730 361 728 361 715 371 651 371 550 361 548 361 547 361 545 361 532 370 406 362 404 362 340 370 327 361 325 361 324 361 249 361 248 361 154 370 154 408"/></Shape>
	    <String CONTENT="quęſtiones langueſcebant. Gentes verò ad fidem"
                    HPOS="154"
                    VPOS="361"
                    WIDTH="1044"
                    HEIGHT="79"
                    WC="0.997965378065904"></String>
          </TextLine>

          
          
          <TextLine ID="eSc_line_8ca7522c"
                    TAGREFS="LT4119"
                    BASELINE="151 468 1197 464" 
                    HPOS="150"
                    VPOS="422"
                    WIDTH="1047"
                    HEIGHT="73">
            <Shape><Polygon POINTS="151 468 151 486 325 486 350 493 352 493 353 493 406 484 408 484 422 493 423 493 425 493 426 495 499 495 499 493 541 484 548 483 670 483 672 483 682 492 684 492 685 492 687 493 847 493 847 492 849 492 883 483 890 481 898 483 923 490 925 490 926 492 975 492 975 490 977 490 978 490 986 483 989 481 1015 483 1140 490 1142 490 1195 481 1197 464 1194 432 968 422 966 422 965 422 963 422 951 432 916 432 856 422 855 422 853 422 852 422 838 432 660 423 658 423 657 423 629 434 447 434 408 425 407 425 406 425 404 425 376 434 367 425 365 425 364 425 313 425 312 425 150 435 151 468"/></Shape>
	    <String CONTENT="conuerſæ, vix, ac ne vix quidem iſtas de Genea¬"
                    HPOS="150"
                    VPOS="422"
                    WIDTH="1047"
                    HEIGHT="73"
                    WC="0.990833342075348"></String>
          </TextLine>

          
          
          <TextLine ID="eSc_line_122225ce"
                    TAGREFS="LT4119"
                    BASELINE="150 524 1203 524" 
                    HPOS="150"
                    VPOS="478"
                    WIDTH="1053"
                    HEIGHT="78">
            <Shape><Polygon POINTS="150 544 205 556 206 556 208 556 236 545 237 545 242 545 307 556 309 556 386 548 471 554 472 554 474 554 475 554 483 548 489 545 593 545 603 550 621 556 623 556 624 556 748 554 749 554 755 551 768 545 785 551 795 556 797 556 798 556 819 553 856 545 938 553 965 556 966 556 968 556 975 554 1003 545 1069 545 1079 553 1081 553 1082 553 1201 556 1203 524 1203 489 1168 478 1167 478 1165 478 1070 480 1069 480 1067 480 1060 487 1035 478 1033 478 1032 478 960 487 953 487 945 487 874 478 873 478 871 478 870 478 861 486 859 486 858 486 820 480 819 480 817 480 803 486 792 489 782 484 765 480 764 480 762 480 730 484 699 489 691 484 682 478 681 478 679 478 678 478 676 478 664 484 652 490 438 490 426 481 423 478 422 478 420 478 374 478 373 478 361 480 318 490 193 490 151 478 150 524 150 544"/></Shape>
	    <String CONTENT="logiis quęſtiones attingebant: vel Legis à Moſe"
                    HPOS="150"
                    VPOS="478"
                    WIDTH="1053"
                    HEIGHT="78"
                    WC="0.98717673700683"></String>
          </TextLine>

          
          
          <TextLine ID="eSc_line_584e7cc4"
                    TAGREFS="LT4119"
                    BASELINE="151 582 1200 585" 
                    HPOS="150"
                    VPOS="539"
                    WIDTH="1050"
                    HEIGHT="73">
            <Shape><Polygon POINTS="151 582 150 597 284 599 285 600 300 611 301 611 303 611 304 611 389 609 391 609 407 602 411 600 414 602 437 611 438 611 440 612 544 612 544 611 545 611 572 605 587 600 591 605 599 611 600 611 602 611 603 611 724 606 840 602 871 608 892 612 893 612 895 612 896 612 899 609 908 602 925 609 932 612 933 612 935 612 953 609 981 605 1003 611 1012 612 1014 612 1015 612 1036 611 1125 602 1197 612 1200 585 1198 548 984 541 983 541 981 541 980 541 969 548 963 551 878 551 862 548 817 541 816 541 815 541 791 548 783 550 779 548 768 541 767 541 765 541 764 541 706 548 685 550 655 548 554 539 553 539 551 539 517 548 514 548 510 548 477 539 475 539 474 539 435 548 431 548 426 548 377 539 376 539 374 539 373 539 364 548 362 550 208 550 205 548 174 539 172 539 171 539 169 539 151 547 151 582"/></Shape>
	    <String CONTENT="datæ meminerant, de qua ante Euangelium non"
                    HPOS="150"
                    VPOS="539"
                    WIDTH="1050"
                    HEIGHT="73"
                    WC="0.996996101944946"></String>
          </TextLine>

          
          
          <TextLine ID="eSc_line_939c8b75"
                    TAGREFS="LT4119"
                    BASELINE="148 642 1198 638" 
                    HPOS="147"
                    VPOS="596"
                    WIDTH="1051"
                    HEIGHT="74">
            <Shape><Polygon POINTS="148 642 148 661 240 669 242 669 284 661 294 660 297 661 307 669 309 669 310 669 312 670 373 670 373 669 374 669 392 661 394 660 395 661 406 669 407 669 408 669 410 670 496 670 496 669 498 669 499 669 510 660 511 658 626 658 630 660 652 667 654 667 655 667 737 658 745 658 746 658 765 667 767 667 768 667 770 667 792 658 794 658 797 658 846 667 847 667 849 667 867 658 870 657 873 658 895 666 896 666 898 666 1002 657 1014 657 1024 657 1142 666 1143 666 1197 655 1198 638 1195 602 1038 596 1036 596 983 603 962 605 935 603 852 596 850 596 849 596 847 596 837 603 834 606 832 603 823 597 822 597 820 597 819 597 754 605 743 605 742 605 731 597 730 597 728 597 727 597 725 597 709 605 704 606 700 605 682 599 681 599 679 599 678 599 676 599 670 605 667 608 611 608 608 605 597 597 596 597 594 597 550 597 548 597 547 597 526 606 524 608 318 608 307 608 215 599 214 599 147 608 148 642"/></Shape>
	    <String CONTENT="audiuerant: neque in ea, vti Iudæi, innurriti fue¬"
                    HPOS="147"
                    VPOS="596"
                    WIDTH="1051"
                    HEIGHT="74"
                    WC="0.998267893791199"></String>
          </TextLine>

          
          
          <TextLine ID="eSc_line_84490403"
                    TAGREFS="LT4119"
                    BASELINE="148 701 1200 698" 
                    HPOS="147"
                    VPOS="652"
                    WIDTH="1053"
                    HEIGHT="78">
            <Shape><Polygon POINTS="148 701 148 718 191 728 193 728 276 721 297 728 298 728 300 728 301 728 303 728 312 719 313 719 337 728 339 728 340 728 380 721 388 719 391 721 406 728 407 728 408 730 487 730 487 728 489 728 490 728 501 721 505 719 551 722 654 728 655 728 657 728 669 722 682 716 867 716 883 725 887 727 889 727 890 727 908 725 948 719 956 725 957 727 959 727 960 727 962 727 975 725 1023 719 1052 727 1058 727 1060 727 1061 727 1063 727 1075 716 1115 727 1116 727 1118 727 1119 727 1121 727 1122 727 1148 716 1197 727 1200 698 1197 652 1155 652 1154 652 1152 652 1151 652 1134 663 1103 652 1100 652 1099 652 1097 652 1096 652 1094 652 1081 664 1045 664 1033 654 1032 652 1030 652 1029 652 1027 652 996 654 914 661 884 657 861 652 859 652 858 652 841 657 820 663 815 657 810 654 810 652 809 652 807 652 733 652 731 652 699 658 670 664 603 660 502 654 501 654 499 654 484 661 478 666 426 666 417 663 377 654 376 654 374 654 373 654 373 655 362 664 361 666 336 666 331 664 266 654 264 654 263 654 261 654 245 664 169 658 168 658 166 658 147 666 148 701"/></Shape>
	    <String CONTENT="rant. Præclara eſt hæc confeſsio Pauli Apoſtoli"
                    HPOS="147"
                    VPOS="652"
                    WIDTH="1053"
                    HEIGHT="78"
                    WC="0.992016583047015"></String>
          </TextLine>

          
          
          <TextLine ID="eSc_line_6315b59e"
                    TAGREFS="LT4119"
                    BASELINE="148 761 1207 756" 
                    HPOS="147"
                    VPOS="712"
                    WIDTH="1060"
                    HEIGHT="76">
            <Shape><Polygon POINTS="148 761 148 777 279 774 292 779 313 786 315 786 316 788 386 788 386 786 388 786 403 779 413 774 462 779 475 780 477 780 487 779 541 773 566 780 578 783 580 783 581 783 582 783 590 780 603 773 673 773 754 780 798 785 800 785 832 780 908 771 928 782 932 783 933 783 935 785 1057 785 1057 783 1058 783 1061 782 1073 776 1206 782 1207 756 1204 722 1161 712 1160 712 1158 712 1127 721 1107 712 1106 712 1105 712 1052 721 1049 721 1047 721 1011 712 1009 712 1008 712 968 721 965 721 963 721 950 712 948 712 947 712 945 712 877 719 850 724 777 724 770 719 761 713 759 713 758 713 757 713 755 713 739 719 727 722 716 719 699 713 697 713 608 713 606 713 605 713 603 713 599 718 593 724 545 724 527 718 511 713 510 713 508 713 507 713 505 713 505 715 501 718 495 725 458 725 447 718 444 715 443 715 441 715 440 715 438 715 431 718 414 724 406 718 403 715 401 715 400 715 398 715 397 715 389 716 365 724 339 716 331 715 330 715 328 715 147 715 148 761"/></Shape>
	    <String CONTENT="de vſu legis &amp; veteris Teſtamenti in Eccleſia"
                    HPOS="147"
                    VPOS="712"
                    WIDTH="1060"
                    HEIGHT="76"
                    WC="0.98558466302024"></String>
          </TextLine>

          
          
          <TextLine ID="eSc_line_d96cb443"
                    TAGREFS="LT4119"
                    BASELINE="147 820 1203 816" 
                    HPOS="145"
                    VPOS="767"
                    WIDTH="1058"
                    HEIGHT="80">
            <Shape><Polygon POINTS="147 820 147 834 251 834 264 835 316 846 318 846 359 837 374 834 380 837 401 847 403 847 404 847 406 847 440 838 493 847 495 847 496 847 526 838 548 832 629 832 638 840 645 846 646 846 648 846 649 846 685 840 730 832 745 840 752 846 754 846 755 846 757 847 850 847 850 846 852 846 853 846 859 841 875 831 905 831 917 838 919 838 920 838 922 838 969 832 986 843 987 844 989 844 990 844 991 846 1072 846 1072 844 1073 844 1075 844 1085 835 1200 844 1203 816 1198 779 1067 779 1063 777 1051 768 1049 768 1048 768 1047 768 1045 768 1044 768 1032 777 1029 780 877 780 870 776 849 767 847 767 846 767 809 768 807 768 806 768 797 776 789 782 742 782 731 776 716 768 715 768 713 768 712 768 697 776 685 782 630 782 618 774 605 768 603 768 602 768 532 774 510 776 507 774 499 768 498 768 496 768 495 768 447 770 446 770 444 770 440 774 431 782 419 774 413 770 411 770 410 770 408 770 407 770 397 773 371 783 325 783 312 773 310 771 309 771 307 771 252 770 251 770 249 770 248 770 243 773 230 782 218 773 215 770 214 770 212 770 211 770 145 771 147 820"/></Shape>
	    <String CONTENT="Chriſtiana &amp; ſub Euangelio valde notanda con¬"
                    HPOS="145"
                    VPOS="767"
                    WIDTH="1058"
                    HEIGHT="80"
                    WC="0.975703308317396"></String>
          </TextLine>

          
          
          <TextLine ID="eSc_line_59e6d67b"
                    TAGREFS="LT4119"
                    BASELINE="148 878 1201 875" 
                    HPOS="147"
                    VPOS="829"
                    WIDTH="1054"
                    HEIGHT="78">
            <Shape><Polygon POINTS="148 895 191 895 194 896 208 905 209 905 211 905 212 907 297 907 297 905 298 905 300 905 300 904 309 896 312 895 426 898 669 905 670 905 712 904 713 904 715 904 719 901 727 895 734 901 737 902 737 904 739 904 740 904 742 904 792 901 890 895 901 901 902 901 904 901 905 901 907 901 908 901 917 893 1023 902 1038 904 1039 904 1048 904 1127 893 1140 904 1142 904 1143 904 1145 905 1200 905 1201 875 1197 835 1146 840 1133 835 1118 829 1116 829 1049 829 1048 829 1047 829 1024 837 1012 840 1002 837 983 829 981 829 862 829 861 829 859 829 858 829 847 838 843 841 768 841 764 838 746 829 745 829 743 829 742 829 740 829 725 838 722 841 660 841 655 840 643 831 642 831 641 831 597 831 596 831 594 831 572 840 571 841 568 840 545 831 544 831 542 831 541 831 523 841 520 843 458 843 456 841 440 831 438 831 437 831 435 831 434 831 432 831 432 832 420 841 420 843 383 843 345 843 240 831 239 831 237 831 236 831 223 841 169 832 168 832 166 832 147 841 148 878"/></Shape>
	    <String CONTENT="tra Marcionitas, &amp; Manichęos. Obſeruandum"
                    HPOS="147"
                    VPOS="829"
                    WIDTH="1054"
                    HEIGHT="78"
                    WC="0.988947551874887"></String>
          </TextLine>

          
          
          <TextLine ID="eSc_line_e642849a"
                    TAGREFS="LT4119"
                    BASELINE="150 933 1204 936" 
                    HPOS="148"
                    VPOS="889"
                    WIDTH="1056"
                    HEIGHT="73">
            <Shape><Polygon POINTS="150 933 148 956 1201 962 1204 936 1203 901 1106 892 1105 892 1073 898 1064 890 1063 890 1061 890 1060 890 1058 890 1024 899 1023 899 1020 899 951 890 950 890 901 899 898 899 893 899 852 890 850 890 849 890 819 899 816 901 710 901 707 899 691 892 690 892 688 892 620 898 618 898 553 889 551 889 550 889 523 898 522 898 520 898 449 889 447 889 446 889 444 889 434 898 423 889 422 889 420 889 419 889 150 896 150 933"/></Shape>
	    <String CONTENT="tamen eſt hîc Paulum non in vniuerſum de toto"
                    HPOS="148"
                    VPOS="889"
                    WIDTH="1056"
                    HEIGHT="73"
                    WC="0.996921501729799"></String>
          </TextLine>

          
          
          <TextLine ID="eSc_line_e7c1c3c9"
                    TAGREFS="LT4119"
                    BASELINE="151 997 1203 994" 
                    HPOS="150"
                    VPOS="953"
                    WIDTH="1053"
                    HEIGHT="71">
            <Shape><Polygon POINTS="151 997 151 1014 215 1023 217 1023 218 1023 245 1015 260 1011 269 1015 284 1023 285 1023 287 1023 288 1023 316 1015 324 1014 328 1015 343 1023 345 1023 346 1023 348 1023 373 1015 376 1015 380 1015 404 1023 406 1023 407 1023 408 1023 423 1017 437 1011 539 1011 547 1017 553 1021 553 1023 554 1023 556 1023 557 1024 593 1024 593 1023 594 1023 596 1023 603 1017 615 1009 706 1009 743 1018 748 1018 749 1018 755 1018 807 1009 835 1018 844 1021 846 1021 847 1023 920 1023 920 1021 922 1021 923 1021 925 1018 931 1015 936 1018 939 1021 941 1021 942 1021 944 1023 1122 1023 1122 1021 1124 1021 1125 1021 1127 1020 1137 1012 1201 1020 1203 994 1200 954 150 953 151 997"/></Shape>
	    <String CONTENT="vſu Legis agere, ſed de eo tantùm vſu, qui erat"
                    HPOS="150"
                    VPOS="953"
                    WIDTH="1053"
                    HEIGHT="71"
                    WC="0.980900499969721"></String>
          </TextLine>

          
          
          <TextLine ID="eSc_line_2cef52f2"
                    TAGREFS="LT4119"
                    BASELINE="150 1054 1200 1049" 
                    HPOS="148"
                    VPOS="1015"
                    WIDTH="1052"
                    HEIGHT="64">
            <Shape><Polygon POINTS="150 1054 150 1070 487 1079 489 1079 591 1069 600 1069 602 1069 621 1078 623 1078 624 1078 626 1078 641 1070 847 1078 849 1078 896 1076 898 1076 899 1076 908 1067 928 1076 929 1076 931 1076 932 1076 956 1067 959 1067 960 1067 984 1076 986 1076 987 1076 1198 1066 1200 1049 1197 1017 148 1015 150 1054"/></Shape>
	    <String CONTENT="maximè ad præſentem quæſtionem accommo¬"
                    HPOS="148"
                    VPOS="1015"
                    WIDTH="1052"
                    HEIGHT="64"
                    WC="0.974943944811821"></String>
          </TextLine>

          
          
          <TextLine ID="eSc_line_675606e8"
                    TAGREFS="LT4119"
                    BASELINE="150 1113 1201 1109" 
                    HPOS="148"
                    VPOS="1070"
                    WIDTH="1053"
                    HEIGHT="67">
            <Shape><Polygon POINTS="150 1113 150 1137 1201 1133 1201 1109 1197 1070 148 1073 150 1113"/></Shape>
	    <String CONTENT="datus, &amp; vt vanam illam Iudaizantium doctorũ"
                    HPOS="148"
                    VPOS="1070"
                    WIDTH="1053"
                    HEIGHT="67"
                    WC="0.990671234660678"></String>
          </TextLine>

          
          
          <TextLine ID="eSc_line_c6936d5e"
                    TAGREFS="LT4119"
                    BASELINE="150 1173 1195 1170" 
                    HPOS="148"
                    VPOS="1124"
                    WIDTH="1047"
                    HEIGHT="71">
            <Shape><Polygon POINTS="150 1173 150 1191 261 1186 278 1191 295 1195 297 1195 298 1195 325 1191 345 1186 359 1189 374 1194 376 1194 377 1194 379 1194 392 1189 406 1186 426 1189 462 1195 464 1195 465 1195 466 1195 474 1189 478 1186 588 1186 608 1188 670 1195 672 1195 773 1186 801 1185 806 1186 823 1194 825 1194 826 1195 933 1195 933 1194 991 1185 997 1185 999 1185 1017 1194 1018 1194 1020 1195 1170 1195 1170 1194 1171 1194 1195 1183 1195 1170 1191 1125 798 1131 792 1128 785 1124 783 1124 782 1124 780 1124 779 1124 777 1124 771 1128 765 1133 670 1133 655 1130 633 1125 632 1125 630 1125 611 1130 599 1133 581 1131 539 1125 538 1125 536 1125 535 1125 527 1131 523 1133 498 1131 400 1125 398 1125 356 1133 353 1133 348 1133 197 1125 196 1125 148 1134 150 1173"/></Shape>
	    <String CONTENT="ambitionem &amp; iactantiam contunderet: qui quũ"
                    HPOS="148"
                    VPOS="1124"
                    WIDTH="1047"
                    HEIGHT="71"
                    WC="0.992612269189623"></String>
          </TextLine>

          
          
          <TextLine ID="eSc_line_209ecce1"
                    TAGREFS="LT4119"
                    BASELINE="145 1231 1197 1226" 
                    HPOS="144"
                    VPOS="1180"
                    WIDTH="1053"
                    HEIGHT="76">
            <Shape><Polygon POINTS="145 1231 145 1247 188 1256 190 1256 191 1256 214 1247 215 1247 223 1247 292 1255 294 1255 295 1255 297 1255 309 1247 337 1256 339 1256 340 1256 438 1249 447 1256 449 1256 450 1256 452 1256 453 1256 481 1247 522 1255 523 1255 562 1246 566 1246 572 1246 621 1253 623 1253 806 1246 807 1246 843 1255 844 1255 846 1255 895 1253 896 1253 898 1253 910 1244 911 1244 962 1244 963 1244 972 1253 974 1253 975 1253 977 1253 1195 1243 1197 1226 1194 1191 890 1185 889 1185 862 1188 815 1192 795 1186 774 1180 773 1180 771 1180 770 1180 768 1180 761 1186 751 1194 724 1194 701 1186 682 1180 681 1180 679 1180 678 1180 657 1185 641 1189 627 1185 614 1180 612 1180 611 1180 578 1185 526 1192 505 1185 495 1180 493 1180 492 1180 466 1183 403 1194 376 1183 373 1182 371 1182 144 1182 145 1231"/></Shape>
	    <String CONTENT="nihil, niſi garrulitatem &amp; vaniloquentiam, mon¬"
                    HPOS="144"
                    VPOS="1180"
                    WIDTH="1053"
                    HEIGHT="76"
                    WC="0.989928284858135"></String>
          </TextLine>

          
          
          <TextLine ID="eSc_line_cc2a02f4"
                    TAGREFS="LT4119"
                    BASELINE="147 1289 1197 1289" 
                    HPOS="147"
                    VPOS="1240"
                    WIDTH="1050"
                    HEIGHT="73">
            <Shape><Polygon POINTS="147 1289 147 1302 349 1313 350 1313 397 1304 505 1311 507 1311 547 1304 771 1304 782 1313 783 1313 785 1313 786 1313 875 1305 1072 1313 1073 1313 1075 1313 1093 1305 1157 1313 1158 1313 1160 1313 1197 1302 1197 1289 1197 1240 1072 1240 1070 1240 1069 1240 1067 1240 1044 1249 1017 1241 1015 1241 1014 1241 1012 1241 972 1252 941 1244 939 1244 938 1244 936 1244 916 1252 893 1244 892 1244 890 1244 889 1244 887 1244 875 1252 797 1244 795 1244 794 1244 776 1250 765 1241 764 1240 762 1240 761 1240 675 1240 673 1240 672 1240 670 1240 667 1243 651 1253 577 1253 557 1243 556 1243 554 1243 553 1243 551 1243 529 1250 499 1243 484 1240 458 1240 456 1240 455 1240 453 1240 450 1243 438 1253 352 1253 342 1244 340 1243 339 1243 337 1243 336 1243 334 1243 331 1244 321 1250 315 1244 310 1241 310 1240 309 1240 307 1240 306 1240 304 1240 295 1244 281 1253 206 1253 190 1244 178 1240 176 1240 175 1240 147 1244 147 1289"/></Shape>
	    <String CONTENT="ſtrarent, præ ſe tamen ferebant magnam Legis"
                    HPOS="147"
                    VPOS="1240"
                    WIDTH="1050"
                    HEIGHT="73"
                    WC="0.9990460682999"></String>
          </TextLine>

          
          
          <TextLine ID="eSc_line_6ad4da10"
                    TAGREFS="LT4119"
                    BASELINE="148 1348 1215 1348" 
                    HPOS="148"
                    VPOS="1296"
                    WIDTH="1067"
                    HEIGHT="76">
            <Shape><Polygon POINTS="148 1348 148 1362 223 1371 224 1371 226 1371 240 1363 260 1371 261 1371 263 1372 355 1372 355 1371 356 1371 358 1371 368 1363 376 1363 444 1371 446 1372 626 1372 626 1371 627 1371 639 1365 642 1363 654 1365 694 1371 696 1371 697 1371 699 1371 706 1365 709 1363 712 1365 727 1371 728 1371 730 1371 1215 1366 1215 1348 1215 1311 1121 1310 1106 1296 1105 1296 1103 1296 1102 1296 840 1310 823 1298 822 1298 820 1298 819 1298 745 1304 696 1296 694 1296 693 1296 643 1310 609 1296 608 1296 389 1296 388 1296 386 1296 385 1296 367 1308 342 1298 340 1298 339 1298 284 1310 229 1298 227 1298 226 1298 224 1298 212 1308 193 1299 191 1299 190 1299 188 1299 187 1299 187 1301 175 1311 148 1311 148 1348"/></Shape>
	    <String CONTENT="obſeruationem, prædicationem, ac reuerentiam."
                    HPOS="148"
                    VPOS="1296"
                    WIDTH="1067"
                    HEIGHT="76"
                    WC="0.985118011633555"></String>
          </TextLine>

          
          
          <TextLine ID="eSc_line_662a1bd8"
                    TAGREFS="LT4119"
                    BASELINE="148 1408 1197 1405" 
                    HPOS="147"
                    VPOS="1360"
                    WIDTH="1050"
                    HEIGHT="76">
            <Shape><Polygon POINTS="148 1408 148 1426 185 1423 196 1426 217 1435 218 1435 220 1436 322 1436 322 1435 324 1435 339 1426 348 1423 398 1423 406 1426 419 1435 420 1435 422 1435 423 1435 425 1435 456 1426 472 1423 524 1423 535 1426 557 1435 559 1435 560 1435 636 1426 687 1421 736 1421 742 1426 749 1432 749 1433 751 1433 752 1433 754 1433 1195 1426 1197 1405 1194 1362 147 1360 148 1408"/></Shape>
	    <String CONTENT="Ergo docet quis ſit verus Legis, quam prędicant,"
                    HPOS="147"
                    VPOS="1360"
                    WIDTH="1050"
                    HEIGHT="76"
                    WC="0.989256507279922"></String>
          </TextLine>

          
          
          <TextLine ID="eSc_line_a7217a0b"
                    TAGREFS="LT4119"
                    BASELINE="148 1467 1200 1464" 
                    HPOS="147"
                    VPOS="1418"
                    WIDTH="1053"
                    HEIGHT="66">
            <Shape><Polygon POINTS="148 1467 148 1481 1197 1484 1200 1464 1198 1430 1163 1418 1161 1418 1160 1418 972 1427 916 1430 908 1427 890 1418 889 1418 887 1418 886 1418 855 1426 832 1418 831 1418 829 1418 828 1418 813 1426 804 1432 762 1432 752 1426 739 1418 737 1418 736 1418 734 1418 733 1418 722 1426 719 1429 715 1426 707 1420 706 1420 704 1420 703 1420 701 1420 687 1426 672 1432 655 1426 642 1420 641 1420 639 1420 638 1420 620 1424 593 1433 517 1433 507 1424 502 1420 501 1420 499 1420 498 1420 480 1423 446 1433 243 1433 217 1421 212 1420 211 1420 209 1420 147 1420 148 1467"/></Shape>
	    <String CONTENT="vſus, per quem Lex ipſa nobis ſalutaris &amp; vtilis"
                    HPOS="147"
                    VPOS="1418"
                    WIDTH="1053"
                    HEIGHT="66"
                    WC="0.993267086644967"></String>
          </TextLine>

          
          
          <TextLine ID="eSc_line_04e3a03b"
                    TAGREFS="LT4119"
                    BASELINE="150 1525 1194 1522" 
                    HPOS="148"
                    VPOS="1479"
                    WIDTH="1046"
                    HEIGHT="75">
            <Shape><Polygon POINTS="150 1525 150 1542 337 1552 339 1552 340 1552 367 1542 379 1552 380 1552 382 1552 383 1554 440 1554 440 1552 441 1552 443 1552 443 1551 455 1542 554 1542 594 1552 596 1552 597 1552 666 1540 672 1540 676 1540 706 1551 707 1551 709 1552 939 1552 939 1551 941 1551 942 1551 954 1540 956 1540 990 1540 1009 1549 1011 1549 1012 1549 1063 1542 1081 1551 1082 1551 1084 1552 1151 1552 1151 1551 1152 1551 1194 1539 1194 1522 1189 1482 685 1488 678 1487 652 1479 651 1479 649 1479 648 1479 646 1479 635 1487 630 1491 480 1491 477 1488 464 1479 462 1479 461 1479 459 1479 361 1487 318 1479 316 1479 254 1490 179 1479 178 1479 176 1479 148 1490 150 1525"/></Shape>
	    <String CONTENT="eſſe poſſit. Eſt autem, ſi ex ea cor purum &amp; ſanã"
                    HPOS="148"
                    VPOS="1479"
                    WIDTH="1046"
                    HEIGHT="75"
                    WC="0.993561939001083"></String>
          </TextLine>

          
          
          <TextLine ID="eSc_line_12a1e188"
                    TAGREFS="LT4119"
                    BASELINE="145 1585 1195 1582" 
                    HPOS="144"
                    VPOS="1537"
                    WIDTH="1051"
                    HEIGHT="84">
            <Shape><Polygon POINTS="145 1585 145 1603 395 1603 401 1606 420 1621 422 1621 423 1621 425 1621 426 1621 472 1607 489 1603 587 1603 596 1609 614 1621 615 1621 617 1621 618 1621 911 1619 942 1613 980 1604 1000 1613 1008 1616 1009 1616 1011 1616 1012 1616 1014 1616 1017 1613 1033 1603 1048 1613 1055 1619 1057 1619 1058 1619 1060 1619 1194 1615 1195 1582 1189 1537 1160 1548 1045 1537 1033 1537 1032 1537 1020 1537 948 1545 913 1539 911 1539 910 1539 908 1539 881 1548 831 1540 829 1540 715 1548 701 1540 699 1537 697 1537 696 1537 694 1537 599 1540 597 1540 596 1540 582 1549 529 1540 514 1539 513 1539 511 1539 505 1540 484 1549 468 1540 464 1539 462 1539 461 1539 459 1539 455 1540 437 1549 307 1549 294 1542 288 1539 287 1539 227 1539 226 1539 224 1539 215 1542 199 1549 144 1543 145 1585"/></Shape>
	    <String CONTENT="conſcientiam habere didicerimus per fidem, quæ"
                    HPOS="144"
                    VPOS="1537"
                    WIDTH="1051"
                    HEIGHT="84"
                    WC="0.979929257994113"></String>
          </TextLine>

          
          
          <TextLine ID="eSc_line_ef6e9350"
                    TAGREFS="LT4119"
                    BASELINE="144 1641 469 1638" 
                    HPOS="142"
                    VPOS="1591"
                    WIDTH="327"
                    HEIGHT="71">
            <Shape><Polygon POINTS="144 1641 144 1652 220 1662 221 1662 267 1653 444 1661 446 1661 447 1661 469 1649 469 1638 465 1607 422 1607 420 1607 397 1594 395 1594 394 1594 392 1594 391 1594 391 1595 377 1607 376 1609 343 1609 343 1607 327 1592 327 1591 325 1591 324 1591 303 1591 301 1591 275 1592 273 1592 272 1592 272 1594 257 1607 255 1609 252 1607 208 1592 206 1592 205 1592 142 1607 144 1641"/></Shape>
	    <String CONTENT="eſt in Chriſto."
                    HPOS="142"
                    VPOS="1591"
                    WIDTH="327"
                    HEIGHT="71"
                    WC="0.999937804539998"></String>
          </TextLine>

          
          
          <TextLine ID="eSc_line_c41653da"
                    TAGREFS="LT4119"
                    BASELINE="203 1702 1203 1696" 
                    HPOS="202"
                    VPOS="1643"
                    WIDTH="1001"
                    HEIGHT="86">
            <Shape><Polygon POINTS="203 1702 203 1720 327 1717 353 1719 450 1729 452 1729 453 1729 492 1717 496 1717 502 1717 547 1726 548 1726 550 1726 584 1717 587 1716 588 1717 600 1726 600 1728 602 1728 603 1728 605 1729 681 1729 681 1728 740 1716 748 1714 752 1716 782 1726 783 1726 785 1728 874 1728 874 1726 875 1726 901 1716 965 1723 966 1723 968 1723 969 1723 984 1713 986 1713 1049 1713 1054 1713 1070 1725 1072 1725 1073 1725 1075 1726 1109 1726 1109 1725 1110 1725 1112 1725 1124 1714 1152 1720 1154 1720 1203 1710 1203 1696 1200 1662 1110 1652 1109 1652 1067 1661 1003 1643 1002 1643 1000 1643 999 1643 936 1662 935 1664 905 1664 905 1662 883 1646 881 1646 880 1646 878 1646 877 1646 875 1646 847 1662 847 1664 835 1664 771 1664 740 1644 739 1644 737 1644 701 1644 700 1644 699 1644 630 1664 611 1647 611 1646 609 1646 608 1646 606 1646 520 1653 452 1646 450 1646 416 1647 414 1647 379 1665 377 1667 340 1667 337 1665 309 1647 307 1647 306 1647 304 1647 303 1647 251 1664 229 1649 227 1649 226 1649 224 1649 223 1649 221 1649 202 1661 203 1702"/></Shape>
	    <String CONTENT="Lex bona eſt, ſi quis lagitimè ea vtatur) Legiti¬"
                    HPOS="202"
                    VPOS="1643"
                    WIDTH="1001"
                    HEIGHT="86"
                    WC="0.972966009378433"></String>
          </TextLine>

          
          
          <TextLine ID="eSc_line_1a8eccb5"
                    TAGREFS="LT4119"
                    BASELINE="145 1760 1201 1754" 
                    HPOS="144"
                    VPOS="1710"
                    WIDTH="1057"
                    HEIGHT="77">
            <Shape><Polygon POINTS="145 1760 145 1774 184 1783 185 1783 291 1775 310 1786 312 1786 313 1787 364 1787 364 1786 365 1786 386 1775 395 1783 397 1783 398 1783 400 1783 526 1774 536 1783 538 1783 539 1783 614 1784 615 1784 617 1784 635 1775 737 1783 739 1783 797 1774 831 1783 832 1783 834 1783 835 1783 868 1772 933 1783 935 1783 936 1783 938 1783 938 1781 945 1775 994 1781 996 1781 997 1781 1017 1771 1109 1780 1110 1780 1201 1768 1201 1754 1198 1710 1146 1710 1145 1710 1143 1710 1115 1723 926 1723 898 1713 896 1713 895 1713 893 1713 867 1722 795 1716 794 1716 792 1716 791 1716 783 1723 751 1711 749 1711 748 1711 746 1711 745 1711 743 1711 722 1723 675 1714 673 1714 672 1714 649 1726 569 1726 539 1713 538 1713 536 1713 535 1713 530 1713 493 1720 475 1714 474 1714 472 1714 471 1714 469 1714 455 1723 437 1713 435 1713 434 1713 432 1713 431 1713 428 1713 400 1722 345 1714 342 1714 340 1714 339 1714 316 1723 242 1714 234 1714 233 1714 232 1714 230 1714 214 1726 144 1716 145 1760"/></Shape>
	    <String CONTENT="mus Legis vſus eſt, quum ad eum finem ea vti¬"
                    HPOS="144"
                    VPOS="1710"
                    WIDTH="1057"
                    HEIGHT="77"
                    WC="0.973150494363573"></String>
          </TextLine>

          
          
          <TextLine ID="eSc_line_2b412629"
                    TAGREFS="LT4119"
                    BASELINE="145 1820 1195 1815" 
                    HPOS="144"
                    VPOS="1769"
                    WIDTH="1051"
                    HEIGHT="78">
            <Shape><Polygon POINTS="145 1820 145 1842 309 1838 315 1842 318 1845 319 1845 321 1845 388 1847 389 1847 391 1847 410 1841 420 1838 425 1841 435 1847 437 1847 438 1847 440 1847 477 1841 498 1836 504 1839 513 1845 514 1845 516 1845 517 1845 519 1845 533 1839 539 1838 566 1839 648 1845 649 1845 710 1838 730 1836 737 1838 762 1845 764 1845 765 1845 767 1845 789 1838 794 1836 801 1838 843 1845 844 1845 945 1838 1024 1844 1026 1844 1078 1835 1082 1835 1087 1835 1146 1844 1148 1844 1194 1833 1195 1815 1192 1781 1112 1769 1110 1769 1109 1769 1078 1780 1078 1781 1024 1781 1024 1780 1005 1771 1003 1771 1002 1771 1000 1771 980 1780 941 1769 939 1769 850 1769 849 1769 847 1769 823 1780 817 1781 810 1780 776 1771 774 1771 743 1771 742 1771 740 1771 739 1771 728 1780 725 1781 715 1780 691 1774 690 1774 688 1774 676 1780 666 1771 664 1771 663 1771 661 1771 593 1772 591 1772 590 1772 582 1778 580 1781 568 1778 526 1771 524 1771 478 1778 453 1783 438 1778 428 1775 426 1775 425 1775 423 1775 414 1778 403 1783 392 1778 379 1772 377 1772 376 1772 374 1772 352 1778 336 1783 325 1778 312 1772 310 1772 281 1772 279 1772 278 1772 276 1772 276 1774 270 1778 264 1783 144 1778 145 1820"/></Shape>
	    <String CONTENT="mur, ad quem nobis à Deo data eſt &amp; promulga¬"
                    HPOS="144"
                    VPOS="1769"
                    WIDTH="1051"
                    HEIGHT="78"
                    WC="0.992775622917258"></String>
          </TextLine>

          
          
          <TextLine ID="eSc_line_ce56e17c"
                    TAGREFS="LT4119"
                    BASELINE="145 1878 1200 1873" 
                    HPOS="144"
                    VPOS="1827"
                    WIDTH="1056"
                    HEIGHT="79">
            <Shape><Polygon POINTS="145 1878 145 1902 220 1896 249 1902 273 1906 275 1906 276 1906 292 1902 312 1896 364 1900 426 1906 428 1906 553 1902 554 1902 556 1902 559 1899 566 1894 767 1894 777 1897 806 1905 807 1905 809 1905 810 1905 837 1896 849 1893 853 1896 864 1903 865 1903 867 1903 868 1903 919 1896 922 1896 923 1896 978 1903 980 1903 981 1903 1005 1894 1006 1894 1017 1903 1018 1903 1020 1903 1021 1905 1174 1905 1174 1903 1176 1903 1200 1893 1200 1873 1195 1827 1131 1839 972 1839 954 1830 947 1827 945 1827 944 1827 942 1827 931 1830 908 1838 844 1832 800 1829 798 1829 757 1833 722 1838 713 1835 700 1829 699 1829 697 1829 669 1835 649 1839 590 1836 474 1830 472 1830 374 1839 359 1841 348 1841 224 1830 223 1830 221 1830 194 1841 171 1830 169 1830 168 1830 166 1830 144 1841 145 1878"/></Shape>
	    <String CONTENT="ta. Eſt enim is demum rectus illius vſus, qui quis"
                    HPOS="144"
                    VPOS="1827"
                    WIDTH="1056"
                    HEIGHT="79"
                    WC="0.970741750001907"></String>
          </TextLine>

          
          
          <TextLine ID="eSc_line_046b7d77"
                    TAGREFS="LT4119"
                    BASELINE="145 1937 1203 1933" 
                    HPOS="144"
                    VPOS="1887"
                    WIDTH="1059"
                    HEIGHT="76">
            <Shape><Polygon POINTS="145 1937 147 1963 171 1955 428 1960 495 1961 496 1961 498 1961 502 1960 516 1954 1201 1954 1203 1933 1198 1890 1030 1896 1018 1890 1015 1887 1014 1887 1012 1887 1011 1887 993 1890 963 1894 933 1890 914 1887 913 1887 911 1887 899 1890 873 1896 843 1890 834 1888 832 1888 831 1888 825 1890 797 1897 715 1890 693 1888 691 1888 675 1890 612 1897 572 1890 560 1888 559 1888 545 1890 499 1897 452 1890 446 1890 444 1890 443 1890 441 1890 411 1899 361 1890 355 1890 353 1890 352 1890 350 1890 330 1899 144 1891 145 1937"/></Shape>
	    <String CONTENT="ſit ſupra docuit verſ. 5. &amp; 9. Paulus alludit etiam"
                    HPOS="144"
                    VPOS="1887"
                    WIDTH="1059"
                    HEIGHT="76"
                    WC="0.986069105419458"></String>
          </TextLine>

          
          
          <TextLine ID="eSc_line_37b1c0d3"
                    TAGREFS="LT4119"
                    BASELINE="148 1997 1198 1992" 
                    HPOS="147"
                    VPOS="1948"
                    WIDTH="1051"
                    HEIGHT="76">
            <Shape><Polygon POINTS="148 1997 148 2015 169 2024 171 2024 172 2024 208 2015 212 2015 217 2015 239 2022 240 2022 242 2022 270 2016 276 2015 278 2016 288 2024 290 2024 291 2024 292 2024 330 2016 331 2016 340 2016 493 2024 495 2024 496 2024 517 2016 530 2013 542 2016 560 2022 562 2022 563 2022 611 2018 651 2013 718 2018 785 2022 786 2022 809 2018 828 2015 840 2018 847 2021 849 2021 850 2021 852 2021 853 2021 856 2018 867 2012 1195 2019 1198 1992 1195 1958 1151 1948 1149 1948 1148 1948 1128 1957 1032 1948 1030 1948 1029 1948 1000 1957 933 1948 932 1948 931 1948 907 1957 777 1949 776 1949 774 1949 743 1958 740 1958 737 1958 684 1949 682 1949 554 1958 548 1958 526 1949 524 1949 523 1949 432 1958 416 1960 406 1958 361 1951 359 1951 147 1958 148 1997"/></Shape>
	    <String CONTENT="aptè paronomaſia quadam ad vocem νόμου in"
                    HPOS="147"
                    VPOS="1948"
                    WIDTH="1051"
                    HEIGHT="76"
                    WC="0.983393986557805"></String>
          </TextLine>

          
          
          <TextLine ID="eSc_line_f0fed296"
                    TAGREFS="LT4119"
                    BASELINE="151 2053 1216 2050" 
                    HPOS="150"
                    VPOS="2004"
                    WIDTH="1066"
                    HEIGHT="72">
            <Shape><Polygon POINTS="151 2053 151 2070 1143 2076 1145 2076 1216 2067 1216 2050 1213 2015 1177 2015 1167 2004 1165 2004 1164 2004 1163 2004 951 2012 791 2004 789 2004 743 2013 688 2006 687 2006 636 2015 627 2016 469 2016 466 2015 452 2007 450 2007 449 2007 373 2015 359 2015 355 2015 330 2006 328 2006 327 2006 282 2015 278 2015 276 2015 266 2006 264 2006 263 2006 215 2006 214 2006 212 2006 211 2006 200 2015 197 2015 150 2015 151 2053"/></Shape>
	    <String CONTENT="verbis vόμος &amp; νομίμως. Nec enim Lex eſt doctri¬"
                    HPOS="150"
                    VPOS="2004"
                    WIDTH="1066"
                    HEIGHT="72"></String>
          </TextLine>

          
          
          <TextLine ID="eSc_line_6ab5d682"
                    TAGREFS="LT4119"
                    BASELINE="147 2113 1215 2113" 
                    HPOS="147"
                    VPOS="2065"
                    WIDTH="1068"
                    HEIGHT="73">
            <Shape><Polygon POINTS="147 2113 147 2129 376 2138 377 2138 379 2138 380 2138 389 2131 411 2138 413 2138 414 2138 533 2131 544 2138 545 2138 547 2138 548 2138 1213 2129 1215 2113 1213 2074 1167 2065 1165 2065 1164 2065 1163 2065 1151 2074 1145 2077 1137 2074 1119 2065 1118 2065 1116 2065 1115 2065 1113 2065 1102 2074 1097 2076 1093 2074 1075 2065 1073 2065 1072 2065 1070 2065 1069 2065 1058 2074 1055 2074 1048 2074 1012 2070 1011 2070 989 2074 968 2077 959 2074 941 2065 939 2065 938 2065 822 2073 771 2065 770 2065 768 2065 767 2065 757 2074 755 2074 751 2074 721 2068 719 2068 688 2074 667 2077 651 2074 615 2065 614 2065 612 2065 594 2074 587 2077 581 2074 568 2065 566 2065 565 2065 563 2065 562 2065 541 2074 532 2077 527 2074 519 2065 517 2065 516 2065 514 2065 513 2065 487 2074 475 2079 397 2079 388 2074 373 2065 371 2065 370 2065 368 2065 367 2065 356 2074 352 2077 318 2077 313 2074 304 2067 304 2065 303 2065 301 2065 263 2065 261 2065 260 2065 240 2074 232 2077 223 2074 203 2065 202 2065 200 2065 147 2073 147 2113"/></Shape>
	    <String CONTENT="na vtilis nõ vtenti illa legitimè, &amp; vt oportet. Sed"
                    HPOS="147"
                    VPOS="2065"
                    WIDTH="1068"
                    HEIGHT="73"
                    WC="0.979766091814748"></String>
          </TextLine>

          
          
          <TextLine ID="eSc_line_826867f0"
                    TAGREFS="LT4119"
                    BASELINE="145 2171 1210 2171" 
                    HPOS="145"
                    VPOS="2126"
                    WIDTH="1065"
                    HEIGHT="94">
            <Shape><Polygon POINTS="145 2171 145 2195 310 2196 312 2198 346 2210 348 2210 349 2210 350 2210 352 2210 367 2199 380 2211 382 2211 383 2211 385 2211 416 2207 435 2218 437 2218 438 2218 440 2220 554 2220 554 2218 556 2218 574 2210 585 2218 587 2218 588 2218 590 2220 654 2220 654 2218 655 2218 657 2218 673 2204 696 2212 697 2212 699 2212 700 2212 733 2204 755 2198 765 2204 786 2218 788 2218 789 2218 791 2218 890 2215 892 2215 893 2215 905 2207 917 2196 945 2207 962 2212 963 2212 965 2212 966 2212 981 2207 1011 2196 1060 2196 1087 2208 1102 2215 1103 2215 1105 2215 1106 2215 1119 2210 1143 2196 1209 2210 1210 2171 1210 2138 1163 2126 1161 2126 1106 2134 1067 2126 1066 2126 1064 2126 1063 2126 1048 2138 1044 2138 997 2129 996 2129 957 2138 954 2138 951 2138 914 2126 913 2126 837 2126 835 2126 834 2126 797 2138 794 2140 536 2140 533 2138 505 2128 504 2128 502 2128 501 2128 499 2128 487 2138 486 2140 437 2140 435 2138 416 2128 414 2128 413 2128 345 2138 340 2138 336 2138 279 2126 169 2126 168 2126 166 2126 145 2137 145 2171"/></Shape>
	    <String CONTENT="obiicitur, etſi quis non vtatur rectè Lege, tamen"
                    HPOS="145"
                    VPOS="2126"
                    WIDTH="1065"
                    HEIGHT="94"
                    WC="0.993647531270981"></String>
          </TextLine>

          
        </TextBlock>
        
        <TextBlock HPOS="899.4886474609375"
                   VPOS="2194.111083984375"
                   WIDTH="121.0660400390625"
                   HEIGHT="63.6533203125"
                   ID="block_3"
                   TAGREFS="BT10534">
          <Shape><Polygon POINTS="899.489 2194.11 1020.55 2194.11 1020.55 2257.76 899.489 2257.76 899.489 2194.11"/></Shape>
          
          
          <TextLine ID="eSc_line_824d4953"
                    TAGREFS="LT4119"
                    BASELINE="913 2236 1006 2233" 
                    HPOS="910"
                    VPOS="2190"
                    WIDTH="96"
                    HEIGHT="95">
            <Shape><Polygon POINTS="913 2236 913 2285 1006 2270 1006 2233 1003 2199 910 2190 913 2236"/></Shape>
	    <String CONTENT="b.ij."
                    HPOS="910"
                    VPOS="2190"
                    WIDTH="96"
                    HEIGHT="95"
                    WC="0.934386944770813"></String>
          </TextLine>

          
        </TextBlock>
        

        
      </PrintSpace>
    </Page>
  </Layout>
</alto>
