<?xml version="1.0" encoding="UTF-8"?>
<alto xmlns:xsi="http://www.w3.org/2001/XMLSchema-instance"
      xmlns="http://www.loc.gov/standards/alto/ns-v4#"
      xsi:schemaLocation="http://www.loc.gov/standards/alto/ns-v4# http://www.loc.gov/standards/alto/v4/alto-4-2.xsd">
  <Description>
    <MeasurementUnit>pixel</MeasurementUnit>
    <sourceImageInformation>
      <fileName>2012889.png</fileName>
      
    </sourceImageInformation>
  </Description>
  
  <Tags>
    <OtherTag ID="BT10544" LABEL="text" DESCRIPTION="block type text"/><OtherTag ID="BT10543" LABEL="NumberingZone" DESCRIPTION="block type NumberingZone"/><OtherTag ID="BT10542" LABEL="MainZone" DESCRIPTION="block type MainZone"/><OtherTag ID="BT10538" LABEL="RunningTitleZone" DESCRIPTION="block type RunningTitleZone"/><OtherTag ID="BT10537" LABEL="DropCapitalZone" DESCRIPTION="block type DropCapitalZone"/><OtherTag ID="BT10536" LABEL="GraphicZone" DESCRIPTION="block type GraphicZone"/><OtherTag ID="BT10535" LABEL="TitlePageZone" DESCRIPTION="block type TitlePageZone"/><OtherTag ID="BT10534" LABEL="QuireMarksZone" DESCRIPTION="block type QuireMarksZone"/><OtherTag ID="BT10533" LABEL="MarginTextZone" DESCRIPTION="block type MarginTextZone"/>
    <OtherTag ID="LT4122" LABEL="default" DESCRIPTION="line type default"/><OtherTag ID="LT4119" LABEL="DefaultLine" DESCRIPTION="line type DefaultLine"/><OtherTag ID="LT4118" LABEL="HeadingLine" DESCRIPTION="line type HeadingLine"/><OtherTag ID="LT4117" LABEL="CustomLine : BiblicalText" DESCRIPTION="line type CustomLine : BiblicalText"/>
  </Tags>
  
  <Layout>
    <Page WIDTH="1807"
          HEIGHT="2677"
          PHYSICAL_IMG_NR="5"
          ID="eSc_dummypage_">
      <PrintSpace HPOS="0"
                  VPOS="0"
                  WIDTH="1807"
                  HEIGHT="2677">
        
        <TextBlock HPOS="502.7420349121094"
                   VPOS="209.88868713378906"
                   WIDTH="395.7027893066406"
                   HEIGHT="50.98548889160156"
                   ID="block_1"
                   TAGREFS="BT10538">
          <Shape><Polygon POINTS="502.742 209.889 898.445 209.889 898.445 260.874 502.742 260.874 502.742 209.889"/></Shape>
          
          
          <TextLine ID="eSc_line_39a8b209"
                    TAGREFS="LT4118"
                    BASELINE="513 248 883 246" 
                    HPOS="511"
                    VPOS="202"
                    WIDTH="372"
                    HEIGHT="70">
            <Shape><Polygon POINTS="853 206 838 206 825 206 823 208 823 209 721 209 721 208 716 205 704 205 690 205 675 203 660 203 645 203 630 203 615 203 600 202 594 202 577 208 572 208 568 208 541 202 526 202 511 206 513 248 514 272 539 261 608 270 617 270 618 270 620 270 623 269 649 261 682 269 696 270 697 270 699 270 707 267 727 261 734 267 737 270 739 270 740 270 742 270 881 263 883 246 875 220 868 214"/></Shape>
	    <String CONTENT="EPISTOLA."
                    HPOS="511"
                    VPOS="202"
                    WIDTH="372"
                    HEIGHT="70"
                    WC="0.99982621272405"></String>
          </TextLine>

          
        </TextBlock>
        
        <TextBlock HPOS="156.13424682617188"
                   VPOS="264.1071472167969"
                   WIDTH="1057.3895568847656"
                   HEIGHT="1913.6655578613281"
                   ID="block_2"
                   TAGREFS="BT10542">
          <Shape><Polygon POINTS="156.134 264.107 1213.52 264.107 1213.52 2177.77 156.134 2177.77 156.134 264.107"/></Shape>
          
          
          <TextLine ID="eSc_line_fd309039"
                    TAGREFS="LT4119"
                    BASELINE="181 312 1209 321" 
                    HPOS="179"
                    VPOS="258"
                    WIDTH="1030"
                    HEIGHT="90">
            <Shape><Polygon POINTS="1207 285 1192 272 1182 267 1134 275 1130 275 1124 275 1048 266 1047 266 1045 266 1024 273 1017 275 1006 273 969 264 968 264 938 272 925 275 920 270 913 266 913 264 911 264 910 264 908 264 868 270 855 272 849 270 831 263 829 263 828 263 792 269 765 273 742 267 722 263 721 263 719 263 718 263 716 263 710 267 699 275 568 275 557 264 554 263 554 261 553 261 551 261 550 261 548 261 541 264 520 273 377 273 337 260 328 258 327 258 249 258 248 258 246 258 245 258 229 267 188 260 181 267 181 312 179 327 202 340 203 340 205 340 206 340 243 330 319 330 350 342 352 342 353 342 355 342 374 331 413 342 414 342 416 342 599 333 699 345 700 345 780 343 782 343 783 343 794 334 822 345 823 345 825 345 959 336 1038 348 1039 348 1041 348 1064 339 1097 345 1099 345 1207 336 1209 321 1209 285 1207 285"/></Shape>
	    <String CONTENT="quitur, ἀσχημόνως καί κατα τάξιν fieri oportet:"
                    HPOS="179"
                    VPOS="258"
                    WIDTH="1030"
                    HEIGHT="90"></String>
          </TextLine>

          
          
          <TextLine ID="eSc_line_bcf7b368"
                    TAGREFS="LT4119"
                    BASELINE="171 379 1209 388" 
                    HPOS="171"
                    VPOS="328"
                    WIDTH="1038"
                    HEIGHT="86">
            <Shape><Polygon POINTS="171 379 171 406 214 397 236 404 237 404 239 404 240 404 242 404 252 397 400 397 410 406 410 407 411 407 413 407 414 407 416 407 419 406 437 398 562 398 577 406 581 408 582 408 584 408 636 406 682 404 687 406 693 411 694 411 696 411 890 413 892 413 893 413 914 406 925 403 931 406 939 413 941 413 942 413 1154 414 1155 414 1207 406 1209 388 1207 345 1143 336 1142 336 1140 336 1109 343 1094 348 1088 343 1082 339 1082 337 1081 337 1079 337 1078 337 1076 337 1051 343 1044 345 1036 343 996 334 994 334 993 334 975 343 972 345 971 343 962 336 962 334 960 334 959 334 898 334 896 334 895 334 893 334 881 343 877 346 792 346 752 345 749 342 739 333 737 333 736 333 734 333 733 333 704 342 696 345 693 342 679 331 678 331 676 331 599 331 597 331 596 331 574 342 569 343 420 343 417 340 403 330 401 330 400 330 398 330 348 337 339 330 339 328 337 328 336 328 334 328 171 339 171 379"/></Shape>
	    <String CONTENT="nihil autein confuſè, &amp; pertubatè, ne ex"
                    HPOS="171"
                    VPOS="328"
                    WIDTH="1038"
                    HEIGHT="86"
                    WC="0.975716045924595"></String>
          </TextLine>

          
          
          <TextLine ID="eSc_line_2d75de98"
                    TAGREFS="LT4119"
                    BASELINE="172 447 1207 456" 
                    HPOS="171"
                    VPOS="397"
                    WIDTH="1036"
                    HEIGHT="84">
            <Shape><Polygon POINTS="172 447 171 464 218 475 220 475 269 466 287 475 288 475 290 475 343 466 345 466 406 477 407 478 486 478 486 477 487 477 489 477 501 468 535 478 536 478 538 478 539 478 571 469 728 477 730 477 801 471 815 471 820 471 862 481 864 481 1206 475 1207 456 1206 416 1140 406 1139 406 1099 414 1097 414 1076 404 1075 404 1073 404 971 413 969 413 951 404 950 404 853 401 852 401 779 411 777 411 742 401 740 401 739 401 737 401 709 410 684 400 682 400 655 400 654 400 652 400 651 400 651 401 639 411 623 411 597 411 597 410 584 400 582 400 581 400 580 400 578 400 539 410 536 410 535 410 490 400 489 400 487 400 486 400 475 410 431 410 352 410 350 408 309 397 307 397 306 397 304 397 272 408 248 408 236 398 236 397 234 397 233 397 188 397 187 397 185 397 184 397 172 404 172 447"/></Shape>
	    <String CONTENT="iſta domus turpitudine ad ipſum patrem"
                    HPOS="171"
                    VPOS="397"
                    WIDTH="1036"
                    HEIGHT="84"
                    WC="0.970204077268902"></String>
          </TextLine>

          
          
          <TextLine ID="eSc_line_6f6ed7ea"
                    TAGREFS="LT4119"
                    BASELINE="171 516 1209 523" 
                    HPOS="171"
                    VPOS="464"
                    WIDTH="1038"
                    HEIGHT="87">
            <Shape><Polygon POINTS="171 516 171 544 374 539 419 544 444 547 446 547 447 547 458 544 474 539 481 544 484 547 486 547 487 547 489 547 533 544 581 541 585 544 590 548 591 548 593 548 594 548 633 544 660 541 684 544 718 548 719 548 761 544 788 541 794 544 801 550 803 550 804 550 806 551 901 551 901 550 902 550 904 550 913 544 917 542 1000 542 1018 544 1106 551 1107 551 1207 542 1209 523 1209 481 1180 472 1179 472 1177 472 1176 472 1152 480 1134 471 1133 471 1131 471 989 478 975 478 972 478 944 468 942 468 905 468 904 468 902 468 901 468 890 477 887 480 815 480 812 477 806 471 804 471 803 471 801 471 725 475 691 477 685 475 667 466 666 466 664 466 605 474 588 475 575 474 527 465 526 465 524 465 499 472 489 475 478 472 456 465 455 465 453 465 452 465 426 472 411 475 359 475 355 471 348 465 348 464 346 464 345 464 284 464 282 464 281 464 279 464 279 465 273 469 267 474 248 469 217 464 215 464 171 468 171 516"/></Shape>
	    <String CONTENT="familiàs, id eſt, ad Deum Optimũ Maxi¬"
                    HPOS="171"
                    VPOS="464"
                    WIDTH="1038"
                    HEIGHT="87"
                    WC="0.980699756741524"></String>
          </TextLine>

          
          
          <TextLine ID="eSc_line_c5bf5c1a"
                    TAGREFS="LT4119"
                    BASELINE="171 582 1206 590" 
                    HPOS="169"
                    VPOS="532"
                    WIDTH="1037"
                    HEIGHT="86">
            <Shape><Polygon POINTS="171 582 169 599 237 612 239 612 240 612 281 602 355 609 356 609 358 609 376 602 398 614 400 614 401 614 453 603 455 603 533 603 538 603 582 615 584 615 585 617 687 617 687 615 688 615 706 608 794 615 795 615 797 615 798 615 807 606 809 606 815 606 878 617 880 617 991 611 1015 618 1017 618 1018 618 1020 618 1021 618 1035 609 1038 608 1051 609 1099 618 1100 618 1204 611 1206 590 1201 538 1151 551 1106 538 1105 538 1103 538 1052 538 1051 538 1049 538 1048 538 1048 539 1033 553 1015 553 990 538 986 536 984 536 948 536 947 536 945 536 944 536 942 538 926 551 831 551 803 539 791 535 789 535 788 535 731 538 730 538 728 538 727 539 715 550 597 550 581 541 566 533 565 533 563 533 562 533 560 533 553 541 545 547 536 541 526 533 524 533 523 533 522 533 520 533 504 541 489 548 397 548 389 541 380 533 380 532 379 532 377 532 275 532 273 532 272 532 233 542 224 544 217 542 191 533 190 533 188 533 187 533 171 541 171 582"/></Shape>
	    <String CONTENT="mum aliqua labes quodammodo redun¬"
                    HPOS="169"
                    VPOS="532"
                    WIDTH="1037"
                    HEIGHT="86"
                    WC="0.991137571194593"></String>
          </TextLine>

          
          
          <TextLine ID="eSc_line_a9046555"
                    TAGREFS="LT4119"
                    BASELINE="172 651 1206 660" 
                    HPOS="171"
                    VPOS="602"
                    WIDTH="1035"
                    HEIGHT="88">
            <Shape><Polygon POINTS="172 651 171 666 322 667 336 676 337 676 339 676 340 676 342 676 359 670 398 682 400 682 401 684 450 684 450 682 452 682 483 670 516 684 517 684 519 684 520 684 547 672 740 685 742 685 846 673 861 685 861 687 862 687 864 687 865 687 1021 675 1042 688 1044 688 1045 688 1047 690 1157 690 1157 688 1158 688 1204 675 1206 660 1206 621 1177 609 1176 609 1174 609 1097 620 1090 620 1087 620 1076 611 1075 611 1073 611 1072 611 1008 618 999 618 991 617 939 608 938 608 887 615 877 617 862 615 786 606 785 606 783 606 782 606 771 614 765 618 713 618 706 612 690 605 688 605 687 605 627 611 591 615 584 611 577 605 575 605 574 605 572 605 571 605 554 611 544 615 411 615 401 608 395 603 394 603 392 603 315 602 313 602 312 602 310 602 304 606 294 612 172 605 172 651"/></Shape>
	    <String CONTENT="det. Itaque ipſe eâdem benignitate qua"
                    HPOS="171"
                    VPOS="602"
                    WIDTH="1035"
                    HEIGHT="88"
                    WC="0.990050375461578"></String>
          </TextLine>

          
          
          <TextLine ID="eSc_line_0f378d4d"
                    TAGREFS="LT4119"
                    BASELINE="171 721 1203 728" 
                    HPOS="169"
                    VPOS="670"
                    WIDTH="1034"
                    HEIGHT="78">
            <Shape><Polygon POINTS="171 721 169 736 203 746 205 746 206 748 1201 748 1203 728 1203 685 1173 676 1171 676 1170 676 1081 684 1041 687 1020 684 983 676 981 676 893 682 840 685 822 681 791 673 789 673 788 673 721 681 712 681 699 681 603 673 602 673 600 673 599 673 591 679 584 684 526 679 444 672 443 672 408 678 383 682 370 678 350 670 349 670 348 670 346 670 321 678 306 681 298 676 287 670 285 670 284 670 254 676 233 681 215 676 196 670 194 670 193 670 171 675 171 721"/></Shape>
	    <String CONTENT="in ſacratiſsimo ſuo verbo omnia, quæ"
                    HPOS="169"
                    VPOS="670"
                    WIDTH="1034"
                    HEIGHT="78"
                    WC="0.989348353611098"></String>
          </TextLine>

          
          
          <TextLine ID="eSc_line_29e61e71"
                    TAGREFS="LT4119"
                    BASELINE="168 788 1206 795" 
                    HPOS="166"
                    VPOS="736"
                    WIDTH="1040"
                    HEIGHT="86">
            <Shape><Polygon POINTS="166 803 306 813 307 813 373 806 404 816 406 816 407 816 408 816 440 807 452 816 452 817 453 817 455 817 456 817 458 817 480 807 501 817 502 817 504 817 565 812 581 819 582 819 584 819 645 817 646 817 648 817 661 809 694 819 696 819 996 820 997 820 1061 812 1127 822 1128 822 1204 810 1206 795 1206 745 1143 742 1142 742 1140 742 1134 743 1105 752 1079 743 1075 742 1073 742 1072 742 1061 743 999 752 978 742 977 742 975 742 880 740 878 740 877 740 874 742 850 751 835 740 834 740 832 740 831 740 829 740 826 740 791 751 768 740 765 739 764 739 762 739 761 739 758 740 739 751 688 751 661 739 660 739 658 739 657 739 655 739 654 739 642 749 438 749 428 739 426 739 425 739 395 737 340 736 339 736 337 736 334 736 312 746 246 739 245 739 243 739 224 746 215 737 214 737 212 737 168 736 168 788"/></Shape>
	    <String CONTENT="ſunt ad ſalutem æternam, ipſiúſque Eccle"
                    HPOS="166"
                    VPOS="736"
                    WIDTH="1040"
                    HEIGHT="86"
                    WC="0.982604035517065"></String>
          </TextLine>

          
          
          <TextLine ID="eSc_line_c8a6ead9"
                    TAGREFS="LT4119"
                    BASELINE="168 856 1219 864" 
                    HPOS="166"
                    VPOS="804"
                    WIDTH="1053"
                    HEIGHT="86">
            <Shape><Polygon POINTS="168 856 166 871 211 884 212 884 214 884 215 884 249 874 281 874 292 883 292 884 294 884 295 884 297 884 298 884 318 874 376 874 435 881 437 881 465 875 477 886 478 886 480 886 481 886 602 877 633 887 635 887 636 887 672 881 800 889 801 889 853 880 947 889 948 889 1054 880 1164 890 1165 890 1218 878 1219 864 1219 825 1105 810 1103 810 1029 812 1027 812 1026 812 1014 822 1011 823 920 823 919 820 910 813 908 813 907 813 905 813 858 820 846 822 843 820 831 810 831 809 829 809 828 809 800 807 798 807 797 807 795 807 776 819 773 820 690 819 679 819 667 809 667 807 666 807 664 807 663 807 661 807 627 817 612 810 611 810 609 810 608 810 606 810 596 817 590 820 530 820 524 817 496 806 495 806 493 806 420 812 368 804 367 804 365 804 364 804 349 814 340 806 339 806 337 806 336 806 334 806 318 812 276 804 275 804 273 804 254 814 248 817 240 814 223 804 221 804 184 804 182 804 181 804 168 810 168 856"/></Shape>
	    <String CONTENT="ſiæ ſuæ fundamentũ neceſſaria, præſcrip¬"
                    HPOS="166"
                    VPOS="804"
                    WIDTH="1053"
                    HEIGHT="86"
                    WC="0.983082300279199"></String>
          </TextLine>

          
          
          <TextLine ID="eSc_line_a351b5be"
                    TAGREFS="LT4119"
                    BASELINE="166 926 1204 931" 
                    HPOS="165"
                    VPOS="875"
                    WIDTH="1039"
                    HEIGHT="79">
            <Shape><Polygon POINTS="166 926 165 939 273 951 275 951 337 942 440 951 441 951 443 951 444 951 453 944 513 953 514 953 580 944 630 953 632 953 728 944 764 953 765 953 767 953 768 953 789 944 910 954 911 954 1000 947 1049 954 1051 954 1052 954 1076 945 1145 954 1146 954 1148 954 1149 954 1160 945 1203 945 1204 931 1201 889 1157 890 1152 889 1137 878 1136 878 1134 878 1133 878 1131 878 1105 889 1100 889 1093 889 1030 878 1029 878 1027 878 1005 889 999 892 950 892 947 889 936 880 936 878 935 878 933 878 932 878 820 884 782 877 780 877 779 877 757 889 755 890 697 890 693 889 661 877 660 877 658 877 657 877 617 887 542 877 541 877 539 877 523 884 404 878 403 878 330 887 276 875 275 875 273 875 272 875 257 886 237 880 236 880 234 880 174 887 166 926"/></Shape>
	    <String CONTENT="ſit: it a et iam quæ ſunt ad eiuſdem Eccle¬"
                    HPOS="165"
                    VPOS="875"
                    WIDTH="1039"
                    HEIGHT="79"
                    WC="0.984510608883791"></String>
          </TextLine>

          
          
          <TextLine ID="eSc_line_88719902"
                    TAGREFS="LT4119"
                    BASELINE="166 993 1206 997" 
                    HPOS="166"
                    VPOS="944"
                    WIDTH="1040"
                    HEIGHT="76">
            <Shape><Polygon POINTS="166 993 166 1020 1204 1017 1206 997 1204 959 1149 947 1148 947 1082 959 1069 960 1066 959 1048 947 1047 947 1045 947 939 947 938 947 936 947 916 959 910 962 880 962 875 959 859 945 858 945 856 945 825 945 823 945 822 945 792 959 789 959 777 959 694 950 693 950 588 959 574 959 562 959 435 944 434 944 432 944 386 957 334 944 333 944 331 944 330 944 328 944 328 945 313 957 257 950 255 950 174 957 166 993"/></Shape>
	    <String CONTENT="ſiæ ordinem, &amp; ornamentum vtilia, de¬"
                    HPOS="166"
                    VPOS="944"
                    WIDTH="1040"
                    HEIGHT="76"
                    WC="0.974105717362584"></String>
          </TextLine>

          
          
          <TextLine ID="eSc_line_2e6f7a5b"
                    TAGREFS="LT4119"
                    BASELINE="165 1061 1207 1067" 
                    HPOS="165"
                    VPOS="1011"
                    WIDTH="1042"
                    HEIGHT="85">
            <Shape><Polygon POINTS="165 1061 165 1079 300 1079 310 1081 343 1091 345 1091 346 1091 391 1082 394 1082 395 1082 423 1093 425 1093 426 1093 428 1093 459 1082 466 1081 475 1084 505 1093 507 1093 508 1094 568 1094 568 1093 569 1093 585 1084 593 1081 645 1081 661 1085 691 1094 693 1094 694 1096 874 1096 874 1094 875 1094 898 1087 907 1085 923 1088 956 1093 957 1093 959 1093 972 1088 984 1084 989 1088 993 1093 994 1093 996 1093 997 1093 999 1093 1015 1088 1035 1084 1058 1090 1091 1096 1093 1096 1094 1096 1112 1090 1130 1084 1204 1090 1207 1067 1207 1021 1125 1015 1124 1015 1097 1021 1064 1027 1005 1021 957 1015 956 1015 954 1015 953 1015 945 1021 936 1027 782 1027 751 1021 713 1014 712 1014 679 1021 661 1024 655 1021 646 1012 645 1012 643 1012 642 1012 641 1012 612 1020 587 1012 585 1012 584 1012 582 1012 581 1012 572 1021 568 1024 444 1024 437 1021 420 1011 419 1011 417 1011 416 1011 414 1011 386 1021 379 1024 315 1024 310 1021 295 1011 294 1011 292 1011 255 1011 254 1011 252 1011 220 1021 209 1023 165 1021 165 1061"/></Shape>
	    <String CONTENT="mõſtrauit, nequa deeſſet pars ad veræ Ec"
                    HPOS="165"
                    VPOS="1011"
                    WIDTH="1042"
                    HEIGHT="85"
                    WC="0.96466810528825"></String>
          </TextLine>

          
          
          <TextLine ID="eSc_line_0d5a5d9a"
                    TAGREFS="LT4119"
                    BASELINE="166 1130 1207 1137" 
                    HPOS="166"
                    VPOS="1078"
                    WIDTH="1041"
                    HEIGHT="85">
            <Shape><Polygon POINTS="166 1130 166 1148 443 1148 444 1148 465 1158 466 1158 468 1158 469 1158 498 1149 582 1160 584 1160 997 1155 1021 1163 1023 1163 1024 1163 1116 1155 1170 1163 1171 1163 1173 1163 1206 1151 1207 1137 1204 1084 1118 1099 1015 1099 1002 1085 999 1084 999 1082 997 1082 996 1082 850 1082 849 1082 847 1082 846 1082 841 1087 828 1097 797 1097 777 1087 764 1081 762 1081 761 1081 759 1081 739 1087 727 1091 719 1087 706 1081 704 1081 703 1081 701 1081 700 1081 691 1088 679 1096 582 1096 550 1090 493 1079 492 1079 423 1090 404 1093 319 1091 301 1091 285 1078 284 1078 282 1078 281 1078 279 1078 237 1090 208 1078 206 1078 205 1078 203 1078 175 1088 166 1130"/></Shape>
	    <String CONTENT="cleſiæ conſtitutionem neceſſaria, quam"
                    HPOS="166"
                    VPOS="1078"
                    WIDTH="1041"
                    HEIGHT="85"
                    WC="0.991987965608898"></String>
          </TextLine>

          
          
          <TextLine ID="eSc_line_c2747c31"
                    TAGREFS="LT4119"
                    BASELINE="168 1198 1203 1201" 
                    HPOS="166"
                    VPOS="1148"
                    WIDTH="1037"
                    HEIGHT="81">
            <Shape><Polygon POINTS="168 1198 166 1222 499 1226 501 1226 502 1226 511 1222 517 1219 526 1222 542 1226 544 1226 545 1226 591 1222 617 1219 638 1222 685 1228 687 1229 954 1229 954 1228 1012 1221 1017 1221 1021 1221 1099 1228 1100 1228 1102 1228 1103 1228 1113 1221 1201 1221 1203 1201 1203 1161 1167 1151 1165 1151 1164 1151 1163 1151 1146 1160 1131 1149 1130 1149 1128 1149 1127 1149 1049 1160 1023 1149 1021 1149 1020 1149 972 1157 910 1151 908 1151 907 1151 905 1151 896 1160 875 1151 874 1151 873 1151 791 1160 783 1160 768 1149 767 1149 765 1149 764 1149 696 1160 690 1160 688 1160 681 1152 679 1152 678 1152 676 1152 510 1158 502 1158 501 1158 486 1148 484 1148 483 1148 481 1148 168 1157 168 1198"/></Shape>
	    <String CONTENT="non ab ipſius ore &amp; verbo abundè diſce¬"
                    HPOS="166"
                    VPOS="1148"
                    WIDTH="1037"
                    HEIGHT="81"
                    WC="0.983837966620922"></String>
          </TextLine>

          
          
          <TextLine ID="eSc_line_92c5119b"
                    TAGREFS="LT4119"
                    BASELINE="168 1265 1198 1271" 
                    HPOS="166"
                    VPOS="1216"
                    WIDTH="1032"
                    HEIGHT="85">
            <Shape><Polygon POINTS="168 1265 166 1280 343 1281 346 1283 358 1292 359 1292 361 1292 432 1296 434 1296 435 1296 437 1296 437 1295 449 1286 450 1284 458 1286 501 1292 502 1292 504 1292 517 1286 520 1284 523 1286 532 1293 533 1293 535 1293 536 1293 581 1287 603 1284 608 1287 618 1296 618 1298 620 1298 621 1298 623 1298 666 1292 682 1299 684 1299 685 1301 873 1301 873 1299 874 1299 898 1292 901 1292 907 1292 945 1299 947 1299 1197 1296 1198 1271 1197 1234 1093 1221 1091 1221 1090 1221 1088 1221 1073 1232 1072 1234 984 1234 980 1232 920 1219 919 1219 861 1231 859 1232 742 1232 740 1231 724 1219 722 1219 721 1219 719 1219 718 1219 685 1231 682 1231 679 1231 632 1218 630 1218 541 1218 539 1218 538 1218 507 1228 474 1218 472 1218 471 1218 469 1218 447 1229 446 1229 411 1216 410 1216 408 1216 315 1228 297 1216 295 1216 294 1216 292 1216 291 1216 254 1228 252 1228 249 1228 184 1221 182 1221 181 1221 168 1226 168 1265"/></Shape>
	    <String CONTENT="remus. Vt verò hæ præceptiones, quæ"
                    HPOS="166"
                    VPOS="1216"
                    WIDTH="1032"
                    HEIGHT="85"
                    WC="0.993495873279042"></String>
          </TextLine>

          
          
          <TextLine ID="eSc_line_fc25fe96"
                    TAGREFS="LT4119"
                    BASELINE="168 1335 1201 1341" 
                    HPOS="166"
                    VPOS="1281"
                    WIDTH="1035"
                    HEIGHT="85">
            <Shape><Polygon POINTS="168 1335 166 1350 243 1360 245 1360 246 1360 267 1353 407 1353 429 1363 431 1363 432 1365 571 1365 571 1363 572 1363 605 1354 633 1363 635 1363 636 1363 727 1356 740 1365 742 1365 743 1365 745 1365 887 1357 1142 1366 1143 1366 1200 1356 1201 1341 1200 1302 1090 1302 1079 1299 1027 1287 1026 1287 1024 1287 999 1298 990 1301 852 1299 841 1295 817 1286 816 1286 815 1286 813 1286 788 1293 771 1298 762 1293 759 1290 758 1290 757 1290 755 1290 754 1290 752 1290 751 1292 742 1299 618 1292 617 1292 615 1292 600 1298 588 1289 582 1284 581 1284 580 1284 578 1284 544 1289 471 1298 450 1286 449 1286 447 1286 446 1286 440 1286 401 1292 373 1284 364 1283 362 1283 319 1283 318 1283 316 1283 315 1283 315 1284 303 1292 284 1283 282 1283 281 1283 279 1283 278 1283 276 1283 248 1296 168 1281 168 1335"/></Shape>
	    <String CONTENT="Eccleſiæ neceſſarium ordinem cõtinent"
                    HPOS="166"
                    VPOS="1281"
                    WIDTH="1035"
                    HEIGHT="85"
                    WC="0.997399399155065"></String>
          </TextLine>

          
          
          <TextLine ID="eSc_line_93578ee9"
                    TAGREFS="LT4119"
                    BASELINE="166 1402 1198 1408" 
                    HPOS="166"
                    VPOS="1351"
                    WIDTH="1032"
                    HEIGHT="85">
            <Shape><Polygon POINTS="166 1402 166 1430 359 1423 368 1430 370 1430 371 1430 373 1430 386 1430 480 1424 496 1430 508 1433 510 1433 511 1433 513 1433 527 1429 545 1424 550 1429 554 1433 556 1433 557 1433 559 1433 624 1429 657 1427 696 1429 819 1435 820 1435 822 1435 843 1429 852 1426 890 1427 1017 1436 1018 1436 1197 1426 1198 1408 1195 1357 1130 1368 1100 1357 1096 1356 1094 1356 1030 1356 1029 1356 1027 1356 1026 1356 1024 1357 1012 1366 965 1359 939 1354 938 1354 881 1359 844 1362 823 1359 788 1354 786 1354 785 1354 783 1354 777 1360 768 1368 746 1368 728 1360 712 1354 710 1354 709 1354 707 1354 696 1360 684 1366 672 1360 657 1353 655 1353 654 1353 594 1360 563 1366 511 1366 501 1362 481 1354 480 1354 478 1354 440 1362 425 1365 414 1362 380 1353 379 1353 377 1353 376 1353 352 1363 349 1365 264 1365 263 1363 236 1351 234 1351 233 1351 232 1351 206 1363 206 1365 174 1365 166 1402"/></Shape>
	    <String CONTENT="etiam nomine ipſo ab ijs diſtingueren¬"
                    HPOS="166"
                    VPOS="1351"
                    WIDTH="1032"
                    HEIGHT="85"
                    WC="0.971295212444506"></String>
          </TextLine>

          
          
          <TextLine ID="eSc_line_e003c0c7"
                    TAGREFS="LT4119"
                    BASELINE="165 1472 1192 1479" 
                    HPOS="163"
                    VPOS="1420"
                    WIDTH="1029"
                    HEIGHT="85">
            <Shape><Polygon POINTS="163 1496 548 1493 562 1497 574 1502 575 1502 577 1502 636 1497 681 1494 759 1497 911 1503 913 1503 971 1497 984 1496 999 1497 1069 1505 1070 1505 1191 1496 1192 1479 1192 1438 1047 1438 1042 1435 1029 1429 1027 1429 1026 1429 977 1433 957 1435 953 1433 935 1424 933 1424 871 1424 870 1424 868 1424 867 1424 867 1426 859 1432 855 1435 807 1430 754 1426 752 1426 751 1426 740 1429 730 1433 725 1429 718 1423 716 1423 715 1423 713 1423 652 1427 585 1433 548 1426 523 1421 522 1421 481 1424 438 1429 416 1424 406 1421 404 1421 403 1421 401 1421 395 1423 370 1432 328 1424 327 1424 269 1430 239 1421 236 1420 234 1420 233 1420 232 1420 229 1420 196 1430 166 1420 165 1472 163 1496"/></Shape>
	    <String CONTENT="tur, quæ doctrinam fidei complectuntur,"
                    HPOS="163"
                    VPOS="1420"
                    WIDTH="1029"
                    HEIGHT="85"
                    WC="0.978792511499845"></String>
          </TextLine>

          
          
          <TextLine ID="eSc_line_e9ccead0"
                    TAGREFS="LT4119"
                    BASELINE="169 1540 1197 1543" 
                    HPOS="169"
                    VPOS="1490"
                    WIDTH="1028"
                    HEIGHT="81">
            <Shape><Polygon POINTS="169 1540 169 1569 218 1560 246 1560 257 1569 258 1569 258 1570 260 1570 261 1570 263 1570 264 1570 270 1569 300 1560 368 1567 395 1570 397 1570 411 1567 444 1560 532 1560 544 1566 550 1570 551 1570 553 1570 554 1570 615 1566 633 1564 645 1564 704 1571 706 1571 707 1571 733 1564 743 1561 746 1564 757 1571 758 1571 759 1571 761 1571 989 1564 1011 1570 1012 1570 1014 1570 1015 1570 1042 1563 1170 1571 1171 1571 1173 1571 1195 1560 1197 1543 1195 1502 1157 1494 1155 1494 1154 1494 1152 1494 1143 1502 1142 1503 1041 1503 1032 1500 974 1491 972 1491 971 1491 950 1500 947 1502 944 1500 920 1491 919 1491 917 1491 916 1491 889 1500 855 1491 853 1491 852 1491 850 1491 849 1491 838 1500 835 1503 810 1503 807 1500 788 1491 786 1491 785 1491 701 1500 684 1502 678 1500 643 1490 642 1490 484 1490 483 1490 481 1490 459 1500 458 1502 388 1502 386 1500 367 1490 365 1490 364 1490 301 1500 295 1500 288 1500 243 1493 242 1493 169 1499 169 1540"/></Shape>
	    <String CONTENT="generaliter diſciplinæ Eccleſiaſticæ vo¬"
                    HPOS="169"
                    VPOS="1490"
                    WIDTH="1028"
                    HEIGHT="81"
                    WC="0.988966476917267"></String>
          </TextLine>

          
          
          <TextLine ID="eSc_line_08c3368d"
                    TAGREFS="LT4119"
                    BASELINE="168 1609 1197 1612" 
                    HPOS="166"
                    VPOS="1558"
                    WIDTH="1031"
                    HEIGHT="83">
            <Shape><Polygon POINTS="168 1609 166 1632 258 1640 260 1640 261 1640 284 1632 291 1629 392 1629 422 1632 480 1640 481 1640 483 1640 484 1640 493 1632 498 1629 524 1629 538 1632 566 1640 568 1640 569 1640 571 1640 587 1632 594 1629 646 1629 669 1632 727 1641 728 1641 730 1641 731 1641 743 1632 745 1631 755 1632 803 1640 804 1640 874 1632 890 1631 920 1632 1081 1641 1082 1641 1195 1631 1197 1612 1197 1573 1163 1560 1161 1560 1160 1560 1158 1560 1127 1571 1082 1560 1081 1560 1079 1560 1078 1560 1035 1571 1033 1571 1030 1571 989 1560 987 1560 986 1560 922 1563 920 1563 919 1563 911 1570 908 1571 884 1570 765 1560 764 1560 762 1560 761 1560 761 1561 752 1569 748 1571 591 1571 577 1567 539 1558 471 1558 469 1558 468 1558 466 1558 458 1566 456 1567 455 1566 440 1558 438 1558 437 1558 370 1566 349 1567 339 1566 313 1558 312 1558 310 1558 168 1563 168 1609"/></Shape>
	    <String CONTENT="cabulo vulgò ſunt appellatæ. Quemad¬"
                    HPOS="166"
                    VPOS="1558"
                    WIDTH="1031"
                    HEIGHT="83"
                    WC="0.985768630697921"></String>
          </TextLine>

          
          
          <TextLine ID="eSc_line_72c1b43e"
                    TAGREFS="LT4119"
                    BASELINE="165 1676 1200 1680" 
                    HPOS="163"
                    VPOS="1628"
                    WIDTH="1037"
                    HEIGHT="83">
            <Shape><Polygon POINTS="165 1676 163 1692 233 1707 234 1708 395 1708 395 1707 397 1707 422 1699 443 1705 444 1705 446 1705 447 1705 484 1695 522 1704 523 1704 524 1704 597 1696 627 1708 629 1708 630 1708 632 1708 669 1698 706 1708 707 1708 709 1708 765 1696 855 1710 856 1710 858 1710 881 1698 923 1710 925 1710 926 1711 1011 1711 1011 1710 1012 1710 1055 1698 1118 1710 1119 1710 1121 1710 1122 1710 1140 1698 1198 1698 1200 1680 1198 1632 1149 1641 1090 1641 1075 1632 1073 1631 1072 1631 1070 1631 1069 1631 1067 1631 1064 1632 1048 1641 938 1641 922 1632 919 1631 917 1631 916 1631 904 1632 856 1640 826 1632 816 1629 815 1629 813 1629 771 1632 696 1638 685 1632 681 1629 679 1629 678 1629 676 1629 624 1632 535 1638 483 1632 438 1628 437 1628 411 1632 391 1638 307 1638 301 1632 297 1628 295 1628 294 1628 292 1628 264 1632 242 1637 165 1634 165 1676"/></Shape>
	    <String CONTENT="modum enim ea verbi Dei pars, &amp; ea ve¬"
                    HPOS="163"
                    VPOS="1628"
                    WIDTH="1037"
                    HEIGHT="83"
                    WC="0.979253367373818"></String>
          </TextLine>

          
          
          <TextLine ID="eSc_line_011627f8"
                    TAGREFS="LT4119"
                    BASELINE="165 1744 1200 1751" 
                    HPOS="163"
                    VPOS="1695"
                    WIDTH="1037"
                    HEIGHT="85">
            <Shape><Polygon POINTS="165 1744 163 1769 386 1768 392 1772 395 1775 397 1775 398 1775 400 1777 472 1777 472 1775 490 1772 514 1768 553 1772 596 1777 597 1777 733 1772 794 1771 826 1772 911 1778 913 1778 966 1772 989 1771 1014 1772 1088 1780 1090 1780 1091 1780 1093 1780 1103 1772 1106 1772 1197 1772 1200 1751 1200 1713 1145 1701 1143 1701 1142 1701 1121 1711 1094 1699 1093 1699 990 1698 899 1698 898 1698 896 1698 895 1698 878 1710 867 1699 865 1699 864 1699 862 1699 861 1699 831 1708 797 1698 795 1698 794 1698 745 1708 745 1710 612 1710 603 1708 513 1695 511 1695 441 1707 437 1707 318 1707 316 1705 301 1695 300 1695 298 1695 297 1695 295 1695 272 1705 270 1707 226 1707 224 1705 214 1696 212 1696 211 1696 209 1696 165 1704 165 1744"/></Shape>
	    <String CONTENT="ritatis cognitio, quæ quid de Deo Patre,"
                    HPOS="163"
                    VPOS="1695"
                    WIDTH="1037"
                    HEIGHT="85"
                    WC="0.99261441975832"></String>
          </TextLine>

          
          
          <TextLine ID="eSc_line_560a885d"
                    TAGREFS="LT4119"
                    BASELINE="169 1814 1206 1817" 
                    HPOS="168"
                    VPOS="1762"
                    WIDTH="1038"
                    HEIGHT="82">
            <Shape><Polygon POINTS="169 1814 168 1830 324 1832 334 1842 336 1842 337 1842 339 1844 461 1844 461 1842 462 1842 496 1833 580 1842 581 1842 675 1833 688 1844 690 1844 691 1844 693 1844 1002 1842 1003 1842 1005 1842 1017 1835 1142 1844 1143 1844 1204 1833 1206 1817 1201 1768 1173 1775 1164 1768 1160 1763 1158 1763 1157 1763 1130 1763 1128 1763 1127 1763 1125 1763 1121 1768 1105 1778 1073 1778 1051 1766 1048 1766 1047 1766 1045 1766 1044 1766 1042 1766 1026 1777 1011 1766 1006 1763 1005 1763 1003 1763 969 1763 968 1763 966 1763 965 1763 960 1766 944 1778 887 1778 871 1766 867 1763 865 1763 864 1763 862 1763 861 1763 859 1763 855 1766 847 1771 776 1766 761 1766 759 1766 754 1766 690 1777 630 1766 626 1766 624 1766 623 1766 621 1766 594 1775 575 1766 565 1762 563 1762 495 1762 493 1762 492 1762 490 1762 490 1763 486 1766 475 1777 407 1777 389 1766 386 1763 385 1763 383 1763 382 1763 364 1766 327 1772 318 1766 313 1762 312 1762 310 1762 267 1762 266 1762 264 1762 255 1766 239 1774 218 1766 208 1762 206 1762 205 1762 169 1765 169 1814"/></Shape>
	    <String CONTENT="de Chriſto, eiuſque naturis &amp; officio, de"
                    HPOS="168"
                    VPOS="1762"
                    WIDTH="1038"
                    HEIGHT="82"
                    WC="0.982379869716923"></String>
          </TextLine>

          
          
          <TextLine ID="eSc_line_a43e5ba9"
                    TAGREFS="LT4119"
                    BASELINE="172 1885 1203 1885" 
                    HPOS="172"
                    VPOS="1833"
                    WIDTH="1031"
                    HEIGHT="79">
            <Shape><Polygon POINTS="172 1885 172 1912 348 1912 348 1911 349 1911 352 1909 368 1903 391 1909 397 1911 398 1911 400 1911 411 1909 449 1903 483 1909 498 1911 499 1911 524 1908 572 1903 798 1906 1171 1911 1173 1911 1174 1911 1203 1902 1203 1885 1203 1842 1051 1833 1049 1833 1048 1833 1035 1841 1027 1845 890 1845 878 1839 867 1833 865 1833 864 1833 862 1833 861 1833 855 1838 847 1844 817 1838 804 1836 803 1836 801 1836 800 1836 798 1838 788 1844 758 1838 734 1833 733 1833 688 1838 614 1844 590 1836 581 1833 580 1833 578 1833 565 1836 529 1844 481 1835 468 1833 466 1833 465 1833 461 1835 441 1844 379 1836 377 1836 339 1844 295 1833 291 1833 172 1833 172 1885"/></Shape>
	    <String CONTENT="Spiritu Sancto, de cauſis noſtræ iuſtifica¬"
                    HPOS="172"
                    VPOS="1833"
                    WIDTH="1031"
                    HEIGHT="79"
                    WC="0.984336986098179"></String>
          </TextLine>

          
          
          <TextLine ID="eSc_line_9a5c0f1b"
                    TAGREFS="LT4119"
                    BASELINE="171 1951 1207 1954" 
                    HPOS="169"
                    VPOS="1905"
                    WIDTH="1038"
                    HEIGHT="75">
            <Shape><Polygon POINTS="171 1951 169 1966 209 1979 211 1979 212 1980 368 1980 368 1979 370 1979 371 1979 388 1969 389 1969 522 1979 523 1979 578 1970 588 1969 608 1970 713 1980 715 1980 779 1973 798 1980 800 1980 801 1980 837 1973 871 1980 873 1980 944 1979 945 1979 947 1979 953 1973 954 1972 957 1973 974 1980 975 1980 977 1980 1042 1975 1084 1970 1204 1975 1207 1954 1207 1905 171 1905 171 1951"/></Shape>
	    <String CONTENT="tionis, de vita æterna, nobis credendum"
                    HPOS="169"
                    VPOS="1905"
                    WIDTH="1038"
                    HEIGHT="75"
                    WC="0.9801299006511"></String>
          </TextLine>

          
          
          <TextLine ID="eSc_line_fdf1e58f"
                    TAGREFS="LT4119"
                    BASELINE="171 2018 1203 2022" 
                    HPOS="169"
                    VPOS="1967"
                    WIDTH="1034"
                    HEIGHT="85">
            <Shape><Polygon POINTS="171 2018 169 2034 211 2049 212 2049 214 2050 300 2050 300 2049 301 2049 303 2049 318 2037 408 2037 443 2049 444 2049 446 2049 447 2049 481 2037 499 2049 501 2049 502 2049 504 2049 556 2040 582 2050 584 2050 585 2052 749 2052 749 2050 751 2050 752 2050 764 2043 809 2050 810 2050 812 2050 813 2050 822 2041 850 2050 852 2050 853 2050 926 2041 969 2052 971 2052 972 2052 1023 2043 1149 2047 1151 2047 1201 2038 1203 2022 1200 1970 1134 1978 1107 1970 1106 1970 1105 1970 1103 1970 1072 1983 980 1973 978 1973 977 1973 956 1983 913 1970 911 1970 910 1970 881 1970 880 1970 878 1970 877 1970 862 1983 826 1972 825 1972 823 1972 822 1972 820 1972 807 1983 621 1983 614 1976 614 1975 612 1975 611 1975 609 1975 608 1975 581 1982 535 1972 514 1967 513 1967 487 1972 440 1980 406 1972 388 1967 386 1967 385 1967 306 1970 304 1970 303 1970 303 1972 301 1972 291 1982 239 1982 221 1972 211 1967 209 1967 208 1967 171 1972 171 2018"/></Shape>
	    <String CONTENT="ſit, oſtẽdit oſſa &amp; neruos, ipſámque adeò"
                    HPOS="169"
                    VPOS="1967"
                    WIDTH="1034"
                    HEIGHT="85"></String>
          </TextLine>

          
          
          <TextLine ID="eSc_line_d91048e4"
                    TAGREFS="LT4119"
                    BASELINE="175 2083 1222 2089" 
                    HPOS="174"
                    VPOS="2034"
                    WIDTH="1048"
                    HEIGHT="88">
            <Shape><Polygon POINTS="174 2102 234 2117 236 2119 287 2119 287 2117 288 2117 290 2117 290 2116 300 2108 310 2117 312 2117 313 2117 437 2119 438 2120 548 2120 548 2119 550 2119 551 2119 569 2107 620 2107 658 2119 660 2119 661 2119 737 2108 786 2120 788 2120 789 2122 867 2122 867 2120 868 2120 870 2120 881 2111 902 2120 904 2120 905 2120 948 2113 996 2119 997 2119 999 2119 1027 2110 1130 2119 1131 2119 1221 2108 1222 2089 1222 2052 1188 2038 1186 2038 1014 2038 1012 2038 1011 2038 984 2047 977 2050 803 2050 794 2046 785 2041 783 2041 782 2041 749 2044 712 2049 694 2044 676 2038 675 2038 673 2038 591 2043 495 2047 481 2041 471 2036 469 2036 468 2036 434 2040 416 2043 411 2040 406 2034 404 2034 403 2034 401 2034 400 2034 389 2040 377 2046 352 2038 333 2034 331 2034 330 2034 279 2038 202 2044 176 2037 175 2083 174 2102"/></Shape>
	    <String CONTENT="veræ Eccleſiæ, tanquam corporis οὐσίαν,"
                    HPOS="174"
                    VPOS="2034"
                    WIDTH="1048"
                    HEIGHT="88"></String>
          </TextLine>

          
          
          <TextLine ID="eSc_line_11ac247d"
                    TAGREFS="LT4119"
                    BASELINE="174 2152 816 2162 1210 2157" 
                    HPOS="172"
                    VPOS="2105"
                    WIDTH="1038"
                    HEIGHT="100">
            <Shape><Polygon POINTS="174 2152 172 2195 275 2186 291 2196 292 2198 294 2198 295 2198 382 2199 383 2199 385 2199 386 2199 389 2196 395 2192 446 2196 492 2199 493 2199 495 2199 508 2196 532 2189 568 2195 584 2198 585 2198 587 2198 588 2198 591 2195 605 2184 646 2184 673 2195 678 2196 679 2196 681 2196 696 2195 728 2190 754 2195 788 2201 789 2201 791 2201 809 2195 831 2186 852 2195 865 2199 867 2199 868 2199 870 2199 871 2199 878 2193 889 2187 1008 2187 1027 2193 1063 2205 1064 2205 1066 2205 1067 2205 1102 2193 1115 2189 1207 2192 1210 2157 1206 2113 1143 2120 1125 2111 1124 2111 1122 2111 1038 2110 1036 2110 1029 2111 984 2122 942 2110 939 2110 938 2110 936 2110 935 2110 933 2110 895 2122 881 2110 880 2110 878 2110 832 2108 831 2108 815 2110 696 2120 600 2113 599 2113 526 2119 493 2110 492 2110 490 2110 449 2117 388 2107 379 2105 377 2105 368 2105 301 2116 275 2105 273 2105 272 2105 270 2105 269 2105 246 2116 174 2105 174 2152"/></Shape>
	    <String CONTENT="&amp; conſtitutionem continet &amp; ædificat."
                    HPOS="172"
                    VPOS="2105"
                    WIDTH="1038"
                    HEIGHT="100"
                    WC="0.985307608101819"></String>
          </TextLine>

          
        </TextBlock>
        
        <TextBlock HPOS="880.2736206054688"
                   VPOS="2177.80615234375"
                   WIDTH="179.23199462890625"
                   HEIGHT="88.982421875"
                   ID="block_0"
                   TAGREFS="BT10534">
          <Shape><Polygon POINTS="880.274 2177.81 1059.51 2177.81 1059.51 2266.79 880.274 2266.79 880.274 2177.81"/></Shape>
          
          
          <TextLine ID="eSc_line_a0c36a7c"
                    TAGREFS="LT4119"
                    BASELINE="892 2231 1055 2229" 
                    HPOS="887"
                    VPOS="2179"
                    WIDTH="165"
                    HEIGHT="96">
            <Shape><Polygon POINTS="999 2179 990 2179 979 2181 943 2188 932 2179 910 2179 887 2179 890 2230 890 2275 1052 2259 1052 2228 1050 2186 1041 2179 1021 2179"/></Shape>
	    <String CONTENT="¶ Iij."
                    HPOS="887"
                    VPOS="2179"
                    WIDTH="165"
                    HEIGHT="96"
                    WC="0.909937605261803"></String>
          </TextLine>

          
        </TextBlock>
        

        
      </PrintSpace>
    </Page>
  </Layout>
</alto>
