<?xml version="1.0" encoding="UTF-8"?>
<alto xmlns:xsi="http://www.w3.org/2001/XMLSchema-instance"
      xmlns="http://www.loc.gov/standards/alto/ns-v4#"
      xsi:schemaLocation="http://www.loc.gov/standards/alto/ns-v4# http://www.loc.gov/standards/alto/v4/alto-4-2.xsd">
  <Description>
    <MeasurementUnit>pixel</MeasurementUnit>
    <sourceImageInformation>
      <fileName>2012937.png</fileName>
      
    </sourceImageInformation>
  </Description>
  
  <Tags>
    <OtherTag ID="BT10544" LABEL="text" DESCRIPTION="block type text"/><OtherTag ID="BT10543" LABEL="NumberingZone" DESCRIPTION="block type NumberingZone"/><OtherTag ID="BT10542" LABEL="MainZone" DESCRIPTION="block type MainZone"/><OtherTag ID="BT10538" LABEL="RunningTitleZone" DESCRIPTION="block type RunningTitleZone"/><OtherTag ID="BT10537" LABEL="DropCapitalZone" DESCRIPTION="block type DropCapitalZone"/><OtherTag ID="BT10536" LABEL="GraphicZone" DESCRIPTION="block type GraphicZone"/><OtherTag ID="BT10535" LABEL="TitlePageZone" DESCRIPTION="block type TitlePageZone"/><OtherTag ID="BT10534" LABEL="QuireMarksZone" DESCRIPTION="block type QuireMarksZone"/><OtherTag ID="BT10533" LABEL="MarginTextZone" DESCRIPTION="block type MarginTextZone"/>
    <OtherTag ID="LT4122" LABEL="default" DESCRIPTION="line type default"/><OtherTag ID="LT4119" LABEL="DefaultLine" DESCRIPTION="line type DefaultLine"/><OtherTag ID="LT4118" LABEL="HeadingLine" DESCRIPTION="line type HeadingLine"/><OtherTag ID="LT4117" LABEL="CustomLine : BiblicalText" DESCRIPTION="line type CustomLine : BiblicalText"/>
  </Tags>
  
  <Layout>
    <Page WIDTH="1807"
          HEIGHT="2677"
          PHYSICAL_IMG_NR="53"
          ID="eSc_dummypage_">
      <PrintSpace HPOS="0"
                  VPOS="0"
                  WIDTH="1807"
                  HEIGHT="2677">
        
        <TextBlock HPOS="453.623046875"
                   VPOS="187.2158966064453"
                   WIDTH="342.2637939453125"
                   HEIGHT="62.02647399902344"
                   ID="block_0"
                   TAGREFS="BT10538">
          <Shape><Polygon POINTS="453.623 187.216 795.887 187.216 795.887 249.242 453.623 249.242 453.623 187.216"/></Shape>
          
          
          <TextLine ID="eSc_line_aac3e048"
                    TAGREFS="LT4118"
                    BASELINE="464 230 792 227" 
                    HPOS="462"
                    VPOS="184"
                    WIDTH="330"
                    HEIGHT="79">
            <Shape><Polygon POINTS="464 263 519 254 620 257 751 261 752 261 754 261 792 249 792 227 789 196 462 184 464 230"/></Shape>
	    <String CONTENT="CAPVT. I."
                    HPOS="462"
                    VPOS="184"
                    WIDTH="330"
                    HEIGHT="79"
                    WC="0.997152719232771"></String>
          </TextLine>

          
        </TextBlock>
        
        <TextBlock HPOS="1101.77490234375"
                   VPOS="194.62574768066406"
                   WIDTH="65.018310546875"
                   HEIGHT="59.50163269042969"
                   ID="block_1"
                   TAGREFS="BT10543">
          <Shape><Polygon POINTS="1101.77 194.626 1166.79 194.626 1166.79 254.127 1101.77 254.127 1101.77 194.626"/></Shape>
          
          
          <TextLine ID="eSc_line_7d745ffd"
                    TAGREFS="LT4119"
                    BASELINE="1114 228 1154 231" 
                    HPOS="1108"
                    VPOS="196"
                    WIDTH="45"
                    HEIGHT="69">
            <Shape><Polygon POINTS="1135 196 1113 196 1113 227 1108 261 1148 265 1153 229 1153 196 1135 196"/></Shape>
	    <String CONTENT="25"
                    HPOS="1108"
                    VPOS="196"
                    WIDTH="45"
                    HEIGHT="69"
                    WC="0.999788910150528"></String>
          </TextLine>

          
        </TextBlock>
        
        <TextBlock HPOS="89.42891693115234"
                   VPOS="246.22256469726562"
                   WIDTH="1069.7937393188477"
                   HEIGHT="1963.0906677246094"
                   ID="block_2"
                   TAGREFS="BT10542">
          <Shape><Polygon POINTS="89.4289 246.223 1159.22 246.223 1159.22 2209.31 89.4289 2209.31 89.4289 246.223"/></Shape>
          
          
          <TextLine ID="eSc_line_d6bfda3c"
                    TAGREFS="LT4119"
                    BASELINE="113 297 487 297" 
                    HPOS="113"
                    VPOS="242"
                    WIDTH="374"
                    HEIGHT="83">
            <Shape><Polygon POINTS="113 249 113 297 113 310 230 310 243 313 287 325 288 325 290 325 364 316 383 315 397 318 429 325 431 325 487 319 487 297 487 264 428 264 425 260 417 254 417 252 416 252 414 252 413 252 411 252 397 257 371 246 370 246 368 246 367 246 365 246 352 255 349 258 287 263 248 249 227 242 226 242 224 242 223 242 221 242 214 248 199 255 172 245 165 242 163 242 121 242 113 249"/></Shape>
	    <String CONTENT="licet imparibus."
                    HPOS="113"
                    VPOS="242"
                    WIDTH="374"
                    HEIGHT="83"
                    WC="0.996670719236135"></String>
          </TextLine>

          
          
          <TextLine ID="eSc_line_3892bc46"
                    TAGREFS="LT4119"
                    BASELINE="168 355 1154 353" 
                    HPOS="166"
                    VPOS="297"
                    WIDTH="988"
                    HEIGHT="85">
            <Shape><Polygon POINTS="202 298 166 315 168 355 168 368 227 367 236 370 260 380 261 380 263 382 315 382 315 380 316 380 333 371 339 368 345 371 355 376 356 376 358 376 404 371 449 368 468 373 501 380 502 380 504 380 505 380 514 373 523 367 553 374 563 376 565 376 584 374 649 367 676 376 693 380 694 380 696 380 697 380 710 376 719 373 736 376 759 380 761 380 779 376 820 367 858 376 859 376 861 376 862 376 884 368 895 377 896 377 898 377 899 377 968 371 987 379 990 380 991 380 993 380 994 380 997 379 1018 371 1047 380 1049 380 1051 380 1052 382 1152 382 1154 353 1149 297 1000 303 968 300 932 297 931 297 929 297 928 297 923 301 901 318 871 303 868 301 867 301 865 301 864 301 862 301 861 303 834 319 701 319 691 309 690 309 688 309 687 309 685 309 661 315 649 307 646 304 645 304 643 304 642 304 641 304 633 307 609 318 593 309 584 303 582 303 581 303 514 301 513 301 511 301 489 310 469 319 398 319 388 313 371 303 370 303 368 303 367 303 365 303 364 303 348 313 339 319 300 319 294 315 276 303 275 303 273 303 224 298 211 298"/></Shape>
	    <String CONTENT="Fidelem duxerit) Illud ducere eſt efficere. Nõ"
                    HPOS="166"
                    VPOS="297"
                    WIDTH="988"
                    HEIGHT="85"
                    WC="0.974403154342733"></String>
          </TextLine>

          
          
          <TextLine ID="eSc_line_051aead2"
                    TAGREFS="LT4119"
                    BASELINE="111 410 1161 413" 
                    HPOS="110"
                    VPOS="368"
                    WIDTH="1051"
                    HEIGHT="70">
            <Shape><Polygon POINTS="111 410 110 435 368 437 370 437 371 437 374 437 401 429 413 437 414 437 416 437 417 438 623 438 623 437 624 437 626 437 636 429 706 437 724 438 725 438 727 438 730 437 745 431 1158 437 1161 413 1160 382 1069 380 1058 370 1057 370 1055 370 987 370 986 370 984 370 950 380 948 380 911 370 910 370 862 370 861 370 859 370 858 370 858 371 847 380 820 370 819 370 761 370 759 370 758 370 757 370 757 371 746 380 745 380 690 380 685 380 675 370 673 370 672 370 670 370 669 370 642 380 639 380 569 380 569 379 532 368 530 368 492 368 490 368 489 368 487 368 474 379 474 380 275 380 273 379 257 368 255 368 254 368 252 368 203 379 197 379 111 379 111 410"/></Shape>
	    <String CONTENT="inuenit enim nos Deus tales, ſed efficit. Nec e¬"
                    HPOS="110"
                    VPOS="368"
                    WIDTH="1051"
                    HEIGHT="70"
                    WC="0.99381959810853"></String>
          </TextLine>

          
          
          <TextLine ID="eSc_line_5d3fc390"
                    TAGREFS="LT4119"
                    BASELINE="111 469 1157 472" 
                    HPOS="111"
                    VPOS="425"
                    WIDTH="1046"
                    HEIGHT="73">
            <Shape><Polygon POINTS="111 469 111 487 159 487 162 489 171 496 172 496 174 496 175 496 255 489 281 487 295 489 336 496 337 498 379 498 379 496 380 496 382 496 389 490 395 487 449 490 522 495 523 495 524 495 532 490 539 487 597 492 645 495 646 495 661 492 676 489 684 492 696 498 697 498 699 498 746 493 780 489 813 493 849 498 850 498 887 493 917 490 959 495 1000 498 1002 498 1003 498 1011 495 1021 489 1049 495 1066 498 1067 498 1084 495 1115 489 1154 495 1157 472 1155 443 1113 443 1113 441 1094 426 1093 426 1091 426 954 426 953 426 951 426 919 440 914 441 774 441 773 438 758 426 757 426 755 426 754 426 752 426 707 438 693 441 496 440 493 437 481 426 481 425 480 425 478 425 477 425 475 425 443 435 438 437 429 435 391 429 389 429 388 429 371 435 361 438 309 437 306 435 292 425 291 425 290 425 246 425 245 425 243 425 242 425 232 434 224 440 111 434 111 469"/></Shape>
	    <String CONTENT="nim idcirco Paulum vocauit Deus quod fidelem"
                    HPOS="111"
                    VPOS="425"
                    WIDTH="1046"
                    HEIGHT="73"
                    WC="0.996022745966911"></String>
          </TextLine>

          
          
          <TextLine ID="eSc_line_fe30d1c2"
                    TAGREFS="LT4119"
                    BASELINE="107 529 1163 529" 
                    HPOS="107"
                    VPOS="487"
                    WIDTH="1056"
                    HEIGHT="70">
            <Shape><Polygon POINTS="107 529 107 551 157 545 191 551 218 556 220 557 420 557 420 556 422 556 443 550 458 545 464 550 472 556 474 556 475 556 477 556 478 556 480 556 487 550 490 548 499 550 541 554 542 554 544 554 565 548 577 545 584 548 599 556 600 556 602 557 666 557 666 556 667 556 688 548 696 545 826 545 831 547 850 556 852 556 853 557 920 557 920 556 922 556 950 545 953 545 957 545 999 554 1000 554 1002 554 1033 545 1035 545 1036 545 1058 554 1060 554 1061 554 1063 554 1064 554 1072 547 1097 554 1099 554 1100 554 1163 544 1163 529 1163 499 1131 499 1131 498 1119 489 1119 487 1118 487 1116 487 1115 487 1054 496 1036 487 1035 487 944 487 942 487 941 487 911 498 910 499 815 499 813 498 792 487 791 487 762 487 761 487 759 487 758 487 746 498 745 499 709 499 706 498 691 487 690 487 688 487 553 487 551 487 550 487 548 487 536 496 533 498 107 496 107 529"/></Shape>
	    <String CONTENT="inuenerit I. quia erat blaſphemꝰ 2. quia fruſtra ſu¬"
                    HPOS="107"
                    VPOS="487"
                    WIDTH="1056"
                    HEIGHT="70"></String>
          </TextLine>

          
          
          <TextLine ID="eSc_line_2fd88f5e"
                    TAGREFS="LT4119"
                    BASELINE="110 591 1160 591" 
                    HPOS="110"
                    VPOS="545"
                    WIDTH="1050"
                    HEIGHT="72">
            <Shape><Polygon POINTS="110 591 110 617 230 617 230 615 232 615 233 615 243 606 300 606 313 614 315 615 316 615 318 615 319 615 331 614 368 608 458 612 489 614 490 614 492 614 493 614 495 612 501 606 514 612 523 615 524 615 526 615 527 615 541 612 560 606 591 611 618 615 620 615 657 611 681 608 687 611 697 615 699 615 700 617 807 617 807 615 856 609 875 606 889 608 928 615 929 615 977 608 986 606 993 608 1035 615 1036 615 1160 605 1160 591 1160 557 1113 545 1051 545 1049 545 1048 545 1047 545 1033 556 1033 557 870 557 868 556 856 545 855 545 853 545 852 545 850 545 816 556 813 557 757 557 755 556 739 545 737 545 736 545 734 545 733 545 703 556 700 557 629 557 624 556 591 545 590 545 588 545 529 554 504 545 502 545 501 545 499 545 498 545 498 547 487 554 487 556 483 554 453 545 452 545 450 545 408 554 401 556 397 554 373 545 371 545 370 545 310 553 281 545 279 545 278 545 276 545 260 554 255 556 110 554 110 591"/></Shape>
	    <String CONTENT="perius dixiſſet Robuſtũ me fecit. Erat enim dicẽ¬"
                    HPOS="110"
                    VPOS="545"
                    WIDTH="1050"
                    HEIGHT="72"
                    WC="0.989267083944059"></String>
          </TextLine>

          
          
          <TextLine ID="eSc_line_2aa3f747"
                    TAGREFS="LT4119"
                    BASELINE="108 648 1151 645" 
                    HPOS="107"
                    VPOS="599"
                    WIDTH="1044"
                    HEIGHT="67">
            <Shape><Polygon POINTS="108 648 108 666 1149 663 1151 645 1148 612 1091 609 1081 599 1079 599 1078 599 1076 599 1075 599 1052 609 951 599 950 599 948 599 905 612 837 612 826 602 825 602 823 602 822 602 820 602 783 611 765 599 764 599 762 599 648 599 646 599 645 599 643 599 623 612 566 600 565 600 452 612 437 600 435 600 434 600 358 600 356 600 355 600 328 609 307 600 306 600 304 600 303 600 279 612 236 600 234 600 233 600 232 600 208 612 196 605 194 605 193 605 191 605 154 611 138 600 136 600 135 600 133 600 132 600 107 612 108 648"/></Shape>
	    <String CONTENT="dum, Robuſtũ inuenit 3. Deinde &amp; quod illa fide"
                    HPOS="107"
                    VPOS="599"
                    WIDTH="1044"
                    HEIGHT="67"
                    WC="0.979007137318452"></String>
          </TextLine>

          
          
          <TextLine ID="eSc_line_39dbd561"
                    TAGREFS="LT4119"
                    BASELINE="108 706 1158 706" 
                    HPOS="108"
                    VPOS="660"
                    WIDTH="1050"
                    HEIGHT="74">
            <Shape><Polygon POINTS="108 706 108 724 184 731 185 731 187 731 188 731 197 725 202 724 297 724 300 725 307 733 309 733 310 733 312 733 361 725 370 725 400 727 538 733 539 733 541 733 553 727 560 724 584 727 612 731 614 731 615 731 623 727 630 724 696 728 771 733 773 734 864 734 864 733 865 733 873 728 883 724 1157 730 1158 706 1158 675 1102 675 1100 673 1069 660 1067 660 941 660 939 660 938 660 936 660 923 670 919 675 874 675 868 670 855 660 853 660 852 660 850 660 806 669 786 673 780 669 770 660 768 660 767 660 724 660 722 660 721 660 704 667 691 675 450 675 425 664 414 660 413 660 411 660 410 660 408 660 404 663 394 672 352 673 327 663 321 660 319 660 318 660 304 661 278 667 252 661 246 660 245 660 243 660 242 660 237 661 203 673 108 660 108 706"/></Shape>
	    <String CONTENT="litas eſt idoneitas, quæ non eſt à nobis, ſed à Deo."
                    HPOS="108"
                    VPOS="660"
                    WIDTH="1050"
                    HEIGHT="74"
                    WC="0.992763266519264"></String>
          </TextLine>

          
          
          <TextLine ID="eSc_line_3c98e305"
                    TAGREFS="LT4119"
                    BASELINE="107 765 1158 765" 
                    HPOS="107"
                    VPOS="721"
                    WIDTH="1051"
                    HEIGHT="73">
            <Shape><Polygon POINTS="107 765 107 786 270 794 272 794 346 786 376 783 392 786 437 794 438 794 440 794 464 785 471 783 478 785 502 792 504 792 505 792 566 785 585 783 605 785 685 794 687 794 688 794 704 785 709 783 794 783 797 785 817 794 819 794 820 794 822 794 841 783 853 783 933 783 936 783 972 794 974 794 975 794 977 794 996 786 1078 786 1091 794 1093 794 1094 794 1096 794 1097 794 1116 783 1118 783 1158 783 1158 765 1158 736 1116 727 1115 727 1060 734 1055 734 1054 734 1014 721 1012 721 1011 721 1009 721 978 734 975 734 968 733 920 725 919 725 849 733 828 734 820 733 789 721 788 721 727 721 725 721 724 721 722 721 710 731 706 736 593 736 587 730 577 721 575 721 574 721 572 721 571 721 539 730 524 734 513 730 493 721 492 721 490 721 489 721 471 730 461 734 435 728 398 721 397 721 395 721 373 728 355 736 312 736 303 728 294 721 292 721 291 721 290 721 107 725 107 765"/></Shape>
	    <String CONTENT="Et ſeipſum ſuperiorémque ſententiam planè e¬"
                    HPOS="107"
                    VPOS="721"
                    WIDTH="1051"
                    HEIGHT="73"
                    WC="0.996712602998899"></String>
          </TextLine>

          
          
          <TextLine ID="eSc_line_874d61d3"
                    TAGREFS="LT4119"
                    BASELINE="105 823 1157 819" 
                    HPOS="104"
                    VPOS="779"
                    WIDTH="1053"
                    HEIGHT="70">
            <Shape><Polygon POINTS="105 823 107 847 123 840 270 840 282 846 290 849 291 849 292 849 328 844 361 841 403 844 449 847 450 847 452 847 453 847 458 843 462 840 477 843 496 847 498 849 773 849 773 847 774 847 798 840 807 837 813 840 826 846 828 846 829 846 831 846 853 840 861 837 870 838 890 846 892 846 893 846 950 838 963 837 987 838 1118 846 1119 846 1121 846 1157 835 1157 819 1152 791 1035 791 1032 789 1018 779 1017 779 1015 779 1014 779 968 788 957 779 956 779 954 779 874 779 873 779 820 789 800 792 780 788 762 785 761 785 759 785 758 785 754 788 746 794 612 794 606 788 597 780 596 780 594 780 593 780 591 780 577 788 566 792 533 788 487 780 461 780 459 780 458 780 456 780 449 786 440 794 417 786 400 782 398 782 397 782 395 782 382 786 367 792 349 786 333 782 331 782 330 782 104 785 105 823"/></Shape>
	    <String CONTENT="uerteret Paulus, ſi quid in eo præceſsiſſe boni o¬"
                    HPOS="104"
                    VPOS="779"
                    WIDTH="1053"
                    HEIGHT="70"
                    WC="0.994176987409592"></String>
          </TextLine>

          
          
          <TextLine ID="eSc_line_01ed93b6"
                    TAGREFS="LT4119"
                    BASELINE="107 884 1155 880" 
                    HPOS="105"
                    VPOS="835"
                    WIDTH="1050"
                    HEIGHT="93">
            <Shape><Polygon POINTS="107 884 107 920 258 914 275 919 300 928 301 928 303 928 304 928 306 928 306 926 315 919 321 914 410 914 420 917 452 928 453 928 455 928 556 916 585 913 599 916 638 925 639 925 685 919 752 926 754 926 810 916 859 925 861 926 1044 926 1044 925 1155 908 1155 880 1152 850 1047 850 1030 835 1029 835 1027 835 999 835 997 835 996 835 956 849 898 835 896 835 895 835 893 835 875 849 859 835 858 835 856 835 807 835 806 835 804 835 770 850 733 837 731 837 730 837 728 837 727 837 709 850 709 852 670 852 670 850 655 840 654 840 652 840 651 840 603 850 539 843 538 843 377 852 370 852 368 852 356 843 355 843 353 843 352 843 350 843 316 852 291 838 290 838 160 838 159 838 157 838 105 852 107 884"/></Shape>
	    <String CONTENT="Peris fingamus, propter quod ipſe à Deo ſit vo¬"
                    HPOS="105"
                    VPOS="835"
                    WIDTH="1050"
                    HEIGHT="93"
                    WC="0.989925287663937"></String>
          </TextLine>

          
          
          <TextLine ID="eSc_line_ab598af7"
                    TAGREFS="LT4119"
                    BASELINE="108 938 248 942" 
                    HPOS="107"
                    VPOS="902"
                    WIDTH="141"
                    HEIGHT="75">
            <Shape><Polygon POINTS="108 938 107 966 175 977 176 977 246 963 248 942 248 913 197 902 196 902 108 907 108 938"/></Shape>
	    <String CONTENT="catus."
                    HPOS="107"
                    VPOS="902"
                    WIDTH="141"
                    HEIGHT="75"
                    WC="0.998779058456421"></String>
          </TextLine>

          
          
          <TextLine ID="eSc_line_28ee9b0f"
                    TAGREFS="LT4117"
                    BASELINE="156 1067 1148 1061" 
                    HPOS="154"
                    VPOS="1009"
                    WIDTH="994"
                    HEIGHT="93">
            <Shape><Polygon POINTS="156 1085 227 1094 229 1094 230 1094 261 1085 263 1085 264 1085 307 1100 309 1100 310 1102 400 1102 400 1100 499 1084 505 1084 603 1084 617 1094 617 1096 618 1096 620 1096 646 1097 648 1097 649 1097 651 1097 651 1096 661 1084 685 1082 703 1082 706 1082 751 1097 752 1097 754 1097 834 1090 849 1097 850 1097 852 1097 926 1081 932 1081 936 1081 1018 1096 1020 1096 1146 1079 1148 1061 1145 1032 1047 1032 1047 1030 1023 1011 1023 1009 1021 1009 1020 1009 1018 1009 959 1012 957 1012 926 1030 923 1032 898 1032 892 1030 846 1011 844 1011 709 1011 707 1011 706 1011 704 1011 684 1029 681 1030 675 1029 638 1021 636 1021 635 1021 615 1029 603 1033 590 1029 575 1023 574 1023 572 1023 538 1029 535 1029 533 1029 516 1012 514 1012 513 1012 511 1012 510 1012 459 1027 416 1015 414 1015 413 1015 411 1015 368 1027 364 1029 359 1027 339 1020 337 1020 336 1020 334 1020 312 1027 291 1036 226 1036 203 1027 179 1018 178 1018 176 1018 175 1018 154 1024 156 1067"/></Shape>
	    <String CONTENT="13. Qui prius eram blaſphemus &amp; per¬"
                    HPOS="154"
                    VPOS="1009"
                    WIDTH="994"
                    HEIGHT="93"
                    WC="0.989962524837918"></String>
          </TextLine>

          
          
          <TextLine ID="eSc_line_f346d833"
                    TAGREFS="LT4117"
                    BASELINE="101 1139 1151 1134" 
                    HPOS="99"
                    VPOS="1082"
                    WIDTH="1052"
                    HEIGHT="82">
            <Shape><Polygon POINTS="101 1164 172 1164 172 1163 174 1163 175 1163 185 1154 298 1154 315 1161 319 1163 321 1163 322 1163 345 1161 407 1154 432 1160 446 1163 447 1163 449 1163 450 1163 462 1160 489 1152 513 1158 523 1161 524 1161 526 1161 527 1161 536 1158 559 1152 587 1158 606 1161 608 1161 642 1157 675 1154 791 1155 1009 1160 1011 1160 1012 1160 1027 1152 1033 1151 1149 1151 1151 1134 1148 1097 1099 1085 1097 1085 1096 1085 1094 1085 1094 1087 1082 1096 974 1088 972 1088 971 1088 969 1088 959 1096 941 1082 939 1082 938 1082 904 1082 902 1082 901 1082 899 1082 881 1097 837 1097 813 1085 812 1085 810 1085 809 1085 782 1097 736 1097 721 1084 719 1084 718 1084 655 1084 654 1084 599 1096 584 1084 582 1084 581 1084 556 1084 554 1084 553 1084 551 1084 541 1091 484 1087 483 1087 481 1087 447 1099 401 1088 400 1088 398 1088 368 1099 273 1099 249 1085 248 1085 246 1085 245 1085 243 1085 208 1099 120 1085 118 1085 117 1085 116 1085 99 1096 101 1139"/></Shape>
	    <String CONTENT="ſequutor &amp; iniurioſus: ſed mei miſertus est."
                    HPOS="99"
                    VPOS="1082"
                    WIDTH="1052"
                    HEIGHT="82"
                    WC="0.989307121797041"></String>
          </TextLine>

          
          
          <TextLine ID="eSc_line_4c119a13"
                    TAGREFS="LT4117"
                    BASELINE="104 1201 1048 1204" 
                    HPOS="104"
                    VPOS="1152"
                    WIDTH="944"
                    HEIGHT="80">
            <Shape><Polygon POINTS="104 1223 169 1218 224 1223 281 1229 282 1229 284 1229 307 1223 322 1218 452 1218 481 1222 532 1229 533 1229 535 1229 556 1221 563 1219 581 1221 624 1226 626 1226 627 1226 642 1221 646 1219 661 1221 743 1231 745 1231 746 1231 748 1231 761 1221 761 1219 762 1221 780 1228 782 1228 783 1228 850 1219 856 1219 858 1219 881 1231 883 1231 884 1232 929 1232 929 1231 931 1231 954 1221 980 1226 981 1226 983 1226 984 1226 1005 1219 1014 1228 1015 1228 1017 1228 1018 1228 1020 1228 1047 1218 1048 1204 1047 1170 989 1158 987 1158 986 1158 948 1168 929 1160 928 1160 926 1160 925 1160 923 1160 923 1161 914 1168 914 1170 834 1170 834 1168 816 1154 815 1154 813 1154 724 1154 722 1154 721 1154 700 1164 654 1154 652 1154 651 1154 621 1161 556 1152 434 1152 432 1152 431 1152 379 1167 377 1168 306 1168 304 1167 290 1154 290 1152 288 1152 287 1152 285 1152 205 1158 203 1158 202 1158 190 1167 187 1167 104 1167 104 1201"/></Shape>
	    <String CONTENT="nam ignorans id faciebam fidei expers."
                    HPOS="104"
                    VPOS="1152"
                    WIDTH="944"
                    HEIGHT="80"
                    WC="0.988650662334342"></String>
          </TextLine>

          
          
          <TextLine ID="eSc_line_e29955fc"
                    TAGREFS="LT4119"
                    BASELINE="159 1284 1151 1287" 
                    HPOS="157"
                    VPOS="1232"
                    WIDTH="994"
                    HEIGHT="84">
            <Shape><Polygon POINTS="159 1284 157 1298 181 1313 182 1313 184 1313 185 1313 187 1313 215 1302 224 1310 226 1310 227 1310 229 1310 263 1302 276 1313 278 1313 279 1313 281 1313 349 1311 350 1311 352 1311 352 1310 359 1304 417 1311 419 1311 420 1311 422 1311 438 1299 560 1311 562 1311 563 1311 600 1299 614 1311 614 1313 615 1313 617 1313 655 1314 657 1314 658 1314 699 1302 731 1302 743 1313 743 1314 745 1314 746 1314 748 1316 835 1316 835 1314 935 1301 938 1301 1044 1301 1047 1301 1087 1314 1088 1314 1090 1314 1091 1314 1093 1314 1112 1301 1115 1301 1148 1301 1151 1287 1149 1234 1078 1234 1076 1234 1075 1234 1032 1250 1002 1238 1000 1238 999 1238 997 1238 972 1252 928 1252 913 1238 913 1237 911 1237 910 1237 908 1237 797 1250 764 1234 762 1234 718 1234 716 1234 715 1234 675 1250 657 1243 655 1243 654 1243 533 1244 513 1235 511 1235 510 1235 429 1249 380 1234 377 1232 376 1232 374 1232 373 1232 370 1234 321 1250 278 1250 251 1234 251 1232 249 1232 248 1232 246 1232 159 1232 159 1284"/></Shape>
	    <String CONTENT="Comparatio eſt, ex qua Dei gratia maximè"
                    HPOS="157"
                    VPOS="1232"
                    WIDTH="994"
                    HEIGHT="84"
                    WC="0.996615620647989"></String>
          </TextLine>

          
          
          <TextLine ID="eSc_line_9134f926"
                    TAGREFS="LT4119"
                    BASELINE="107 1341 1148 1347" 
                    HPOS="105"
                    VPOS="1298"
                    WIDTH="1043"
                    HEIGHT="73">
            <Shape><Polygon POINTS="107 1341 105 1359 377 1368 379 1368 562 1360 593 1360 602 1360 658 1369 660 1369 853 1362 870 1362 926 1362 968 1362 977 1371 978 1371 980 1371 981 1371 1146 1362 1148 1347 1146 1311 910 1302 908 1302 907 1302 905 1302 893 1310 887 1314 871 1310 837 1301 835 1301 834 1301 832 1301 831 1301 820 1310 816 1314 792 1314 783 1310 758 1301 757 1301 755 1301 754 1301 752 1301 742 1310 737 1314 629 1314 603 1310 527 1299 526 1299 524 1299 523 1299 508 1310 507 1311 455 1311 450 1310 431 1301 429 1301 428 1301 426 1301 425 1301 414 1310 411 1313 370 1313 365 1310 353 1301 352 1301 350 1301 349 1301 348 1301 346 1301 334 1308 322 1299 322 1298 321 1298 319 1298 318 1298 316 1298 297 1305 212 1298 211 1298 107 1308 107 1341"/></Shape>
	    <String CONTENT="amplificatur, &amp; maximè quod aduerſarij in ca¬"
                    HPOS="105"
                    VPOS="1298"
                    WIDTH="1043"
                    HEIGHT="73"
                    WC="0.977172309937684"></String>
          </TextLine>

          
          
          <TextLine ID="eSc_line_4cf4aea3"
                    TAGREFS="LT4119"
                    BASELINE="98 1402 1154 1405" 
                    HPOS="98"
                    VPOS="1356"
                    WIDTH="1056"
                    HEIGHT="65">
            <Shape><Polygon POINTS="98 1402 98 1421 1152 1418 1154 1405 1154 1357 1070 1357 1069 1357 1067 1357 1038 1366 1024 1360 1023 1360 1021 1360 1020 1360 1018 1360 1006 1371 981 1357 980 1357 954 1357 953 1357 951 1357 950 1357 935 1371 884 1357 881 1357 880 1357 878 1357 877 1357 875 1357 852 1371 832 1359 831 1359 829 1359 828 1359 826 1359 798 1372 636 1372 612 1359 606 1356 605 1356 603 1356 602 1356 590 1359 572 1363 538 1359 508 1356 507 1356 505 1356 493 1359 461 1369 404 1360 379 1356 377 1356 376 1356 362 1360 333 1369 315 1360 306 1356 304 1356 303 1356 301 1356 292 1360 275 1369 98 1362 98 1402"/></Shape>
	    <String CONTENT="lumniæ cauſam arripiebant, transfert in ſuum cõ¬"
                    HPOS="98"
                    VPOS="1356"
                    WIDTH="1056"
                    HEIGHT="65"
                    WC="0.974975933833998"></String>
          </TextLine>

          
          
          <TextLine ID="eSc_line_7f670295"
                    TAGREFS="LT4119"
                    BASELINE="101 1463 1145 1463" 
                    HPOS="101"
                    VPOS="1418"
                    WIDTH="1044"
                    HEIGHT="69">
            <Shape><Polygon POINTS="101 1463 101 1487 144 1479 223 1479 232 1487 233 1487 234 1487 236 1487 252 1487 342 1479 383 1485 398 1487 400 1487 411 1485 438 1479 461 1484 471 1487 472 1487 474 1487 475 1487 487 1484 508 1479 530 1484 547 1487 548 1487 1145 1478 1145 1463 1145 1418 997 1418 996 1418 994 1418 993 1418 960 1432 936 1423 935 1423 933 1423 890 1432 853 1421 852 1421 850 1421 849 1421 810 1433 575 1433 554 1421 547 1418 545 1418 513 1418 511 1418 510 1418 501 1423 481 1432 417 1423 382 1418 318 1418 316 1418 315 1418 313 1418 307 1424 297 1432 260 1424 251 1423 249 1423 248 1423 245 1424 232 1432 220 1424 212 1418 211 1418 209 1418 208 1418 206 1418 193 1424 178 1432 101 1426 101 1463"/></Shape>
	    <String CONTENT="modum, &amp; ſui miniſterij maiorem commẽdatio¬"
                    HPOS="101"
                    VPOS="1418"
                    WIDTH="1044"
                    HEIGHT="69"
                    WC="0.990131497383118"></String>
          </TextLine>

          
          
          <TextLine ID="eSc_line_164af6bd"
                    TAGREFS="LT4119"
                    BASELINE="101 1522 1145 1522" 
                    HPOS="101"
                    VPOS="1473"
                    WIDTH="1044"
                    HEIGHT="82">
            <Shape><Polygon POINTS="101 1522 101 1540 126 1554 127 1554 129 1554 130 1554 166 1539 171 1537 193 1539 264 1545 266 1545 306 1539 318 1537 324 1539 350 1548 352 1548 353 1548 355 1548 380 1539 382 1539 383 1539 413 1545 414 1545 443 1539 447 1537 450 1539 458 1546 459 1546 461 1546 462 1546 464 1546 483 1539 507 1554 508 1554 510 1554 511 1555 590 1555 590 1554 591 1554 593 1554 612 1540 626 1552 626 1554 627 1554 629 1554 630 1555 693 1555 693 1554 694 1554 749 1539 751 1539 792 1546 794 1546 911 1539 932 1537 939 1539 1021 1554 1023 1554 1024 1554 1026 1554 1047 1539 1048 1537 1051 1539 1075 1546 1076 1546 1078 1546 1145 1537 1145 1522 1145 1491 1060 1491 1011 1473 1009 1473 742 1473 740 1473 739 1473 697 1491 574 1491 545 1476 544 1476 542 1476 541 1476 539 1476 523 1490 505 1476 504 1476 502 1476 501 1476 426 1490 397 1473 395 1473 355 1473 353 1473 352 1473 350 1473 325 1490 272 1490 252 1476 251 1476 249 1476 248 1476 246 1476 245 1476 229 1491 101 1491 101 1522"/></Shape>
	    <String CONTENT="nem. Accuſabant igitur quod fuiſſet Paulus an¬"
                    HPOS="101"
                    VPOS="1473"
                    WIDTH="1044"
                    HEIGHT="82"
                    WC="0.994764182878577"></String>
          </TextLine>

          
          
          <TextLine ID="eSc_line_ce49a863"
                    TAGREFS="LT4119"
                    BASELINE="101 1582 513 1579" 
                    HPOS="99"
                    VPOS="1531"
                    WIDTH="414"
                    HEIGHT="84">
            <Shape><Polygon POINTS="101 1582 101 1603 154 1597 162 1604 172 1612 172 1613 174 1613 175 1613 176 1615 234 1615 234 1613 288 1601 306 1597 313 1600 337 1612 339 1612 340 1612 342 1612 376 1598 386 1595 398 1598 426 1606 428 1606 429 1606 431 1606 453 1597 461 1595 510 1595 513 1579 510 1549 391 1549 374 1534 374 1533 373 1533 371 1533 304 1531 303 1531 234 1533 233 1533 232 1533 232 1534 220 1545 199 1534 197 1534 196 1534 194 1534 193 1534 174 1549 105 1543 104 1543 102 1543 101 1543 101 1545 99 1545 101 1582"/></Shape>
	    <String CONTENT="tea ( Blaſphemus"
                    HPOS="99"
                    VPOS="1531"
                    WIDTH="414"
                    HEIGHT="84"
                    WC="0.993933212012053"></String>
          </TextLine>

          
          
          <TextLine ID="eSc_line_ef959893"
                    TAGREFS="LT4119"
                    BASELINE="206 1640 480 1640" 
                    HPOS="206"
                    VPOS="1592"
                    WIDTH="274"
                    HEIGHT="78">
            <Shape><Polygon POINTS="206 1640 206 1670 291 1655 345 1655 355 1661 361 1665 362 1665 364 1665 365 1665 367 1665 383 1659 385 1659 386 1659 413 1670 414 1670 416 1670 480 1653 480 1640 480 1607 459 1600 458 1600 456 1600 455 1600 437 1607 408 1592 407 1592 406 1592 404 1592 388 1600 353 1594 352 1594 350 1594 349 1594 333 1604 306 1592 304 1592 303 1592 206 1607 206 1640"/></Shape>
	    <String CONTENT="Inſectator"
                    HPOS="206"
                    VPOS="1592"
                    WIDTH="274"
                    HEIGHT="78"
                    WC="0.984950000047684"></String>
          </TextLine>

          
          
          <TextLine ID="eSc_line_92479a33"
                    TAGREFS="LT4119"
                    BASELINE="188 1704 471 1696" 
                    HPOS="185"
                    VPOS="1650"
                    WIDTH="286"
                    HEIGHT="70">
            <Shape><Polygon POINTS="188 1704 188 1720 245 1713 328 1713 453 1714 455 1714 456 1714 471 1705 471 1696 466 1662 353 1664 352 1662 340 1652 340 1650 339 1650 337 1650 298 1650 297 1650 245 1652 243 1652 242 1652 226 1664 223 1665 220 1664 206 1656 205 1656 203 1656 202 1656 185 1661 188 1704"/></Shape>
	    <String CONTENT="( Violentus"
                    HPOS="185"
                    VPOS="1650"
                    WIDTH="286"
                    HEIGHT="70"
                    WC="0.968325620347803"></String>
          </TextLine>

          
          
          <TextLine ID="eSc_line_7ee37ef2"
                    TAGREFS="LT4119"
                    BASELINE="107 1756 1148 1756" 
                    HPOS="107"
                    VPOS="1702"
                    WIDTH="1041"
                    HEIGHT="78">
            <Shape><Polygon POINTS="1133 1717 1118 1717 1103 1716 1088 1716 1073 1716 1058 1714 1044 1714 1029 1714 1014 1713 999 1713 984 1713 969 1711 954 1711 939 1711 925 1710 910 1710 899 1708 883 1717 878 1720 840 1720 832 1716 813 1705 806 1705 791 1705 776 1705 761 1704 746 1704 731 1704 716 1702 701 1702 687 1702 661 1702 660 1702 658 1702 623 1713 575 1702 574 1702 572 1702 571 1702 559 1713 556 1716 547 1713 526 1705 524 1705 523 1705 522 1705 508 1713 495 1720 361 1720 349 1710 340 1704 339 1704 337 1704 336 1704 334 1704 322 1710 304 1720 163 1720 107 1708 107 1756 107 1772 679 1780 681 1780 682 1780 706 1772 716 1780 718 1780 719 1780 721 1780 722 1780 743 1771 746 1771 777 1771 1021 1778 1023 1778 1024 1778 1026 1778 1035 1771 1148 1771 1148 1756 1148 1719 1142 1717 1133 1717"/></Shape>
	    <String CONTENT="Quæ omnia concedit ille, quia &amp; vera erant, &amp; ſic"
                    HPOS="107"
                    VPOS="1702"
                    WIDTH="1041"
                    HEIGHT="78"
                    WC="0.99572553318374"></String>
          </TextLine>

          
          
          <TextLine ID="eSc_line_e0503847"
                    TAGREFS="LT4119"
                    BASELINE="96 1815 1146 1815" 
                    HPOS="96"
                    VPOS="1769"
                    WIDTH="1050"
                    HEIGHT="69">
            <Shape><Polygon POINTS="96 1815 96 1830 174 1830 187 1838 188 1838 190 1838 191 1838 1146 1829 1146 1815 1146 1784 1064 1784 1063 1783 1024 1769 1023 1769 1021 1769 931 1771 929 1771 899 1781 895 1783 887 1781 834 1769 832 1769 783 1780 770 1784 580 1784 572 1778 560 1769 559 1769 557 1769 556 1769 498 1778 464 1784 330 1784 315 1777 298 1769 297 1769 223 1769 221 1769 220 1769 205 1775 188 1783 162 1775 139 1769 138 1769 136 1769 96 1774 96 1815"/></Shape>
	    <String CONTENT="Dei gloria maior, &amp; ſua vocatio ad Apoſtolatum"
                    HPOS="96"
                    VPOS="1769"
                    WIDTH="1050"
                    HEIGHT="69"
                    WC="0.991381042677423"></String>
          </TextLine>

          
          
          <TextLine ID="eSc_line_79fb0927"
                    TAGREFS="LT4119"
                    BASELINE="93 1873 1145 1870" 
                    HPOS="92"
                    VPOS="1827"
                    WIDTH="1053"
                    HEIGHT="70">
            <Shape><Polygon POINTS="93 1873 93 1891 588 1897 590 1897 591 1897 623 1888 633 1887 844 1887 847 1888 864 1894 865 1894 867 1894 933 1888 1012 1896 1014 1896 1143 1885 1145 1870 1142 1839 1052 1827 1051 1827 987 1838 981 1838 977 1838 947 1829 945 1829 944 1829 904 1836 896 1838 893 1836 884 1829 884 1827 883 1827 881 1827 786 1827 785 1827 728 1835 706 1838 696 1835 672 1827 670 1827 669 1827 638 1835 615 1839 585 1833 556 1829 508 1829 507 1829 505 1829 504 1829 499 1833 489 1839 92 1830 93 1873"/></Shape>
	    <String CONTENT="illuſtrior apparet. Cùm enim talis fucrit, mirum"
                    HPOS="92"
                    VPOS="1827"
                    WIDTH="1053"
                    HEIGHT="70"
                    WC="0.959461732786529"></String>
          </TextLine>

          
          
          <TextLine ID="eSc_line_fd90ee40"
                    TAGREFS="LT4119"
                    BASELINE="95 1931 1140 1931" 
                    HPOS="95"
                    VPOS="1885"
                    WIDTH="1045"
                    HEIGHT="73">
            <Shape><Polygon POINTS="95 1931 95 1946 203 1946 257 1957 258 1957 362 1946 441 1957 443 1958 596 1958 596 1957 597 1957 630 1946 667 1946 684 1957 685 1957 687 1957 688 1958 731 1958 731 1957 733 1957 734 1957 748 1946 832 1954 834 1954 835 1954 861 1946 908 1957 910 1957 911 1957 913 1957 926 1946 984 1946 1006 1957 1008 1957 1009 1958 1063 1958 1063 1957 1140 1945 1140 1931 1140 1893 1057 1885 1055 1885 1054 1885 1032 1893 1012 1899 989 1893 953 1885 951 1885 950 1885 948 1885 948 1887 939 1894 935 1897 920 1894 902 1890 901 1890 899 1890 898 1890 893 1894 886 1900 834 1900 828 1894 819 1887 819 1885 817 1885 816 1885 700 1885 699 1885 697 1885 675 1896 667 1900 611 1900 603 1896 584 1885 582 1885 536 1885 535 1885 533 1885 510 1897 505 1900 270 1900 267 1899 239 1888 237 1888 236 1888 234 1888 233 1888 220 1899 218 1900 168 1900 166 1899 141 1885 139 1885 138 1885 136 1885 95 1899 95 1931"/></Shape>
	    <String CONTENT="eſt vocatum tamen à Deo eſſe Actor.9. &amp; 13. Nõ"
                    HPOS="95"
                    VPOS="1885"
                    WIDTH="1045"
                    HEIGHT="73"
                    WC="0.980468424657981"></String>
          </TextLine>

          
          
          <TextLine ID="eSc_line_6e3dbf5b"
                    TAGREFS="LT4119"
                    BASELINE="92 1991 1140 1991" 
                    HPOS="92"
                    VPOS="1946"
                    WIDTH="1048"
                    HEIGHT="73">
            <Shape><Polygon POINTS="92 1991 92 2007 144 2007 157 2018 159 2018 160 2018 162 2018 163 2018 197 2007 321 2015 322 2015 324 2015 346 2007 365 2018 367 2018 368 2018 536 2009 566 2018 568 2018 569 2019 691 2019 691 2018 693 2018 734 2007 983 2018 984 2018 986 2018 1005 2007 1140 2006 1140 1991 1137 1949 1119 1958 1011 1958 984 1949 978 1948 977 1948 975 1948 974 1948 971 1949 954 1957 933 1949 925 1946 923 1946 893 1946 892 1946 890 1946 889 1946 886 1949 875 1957 800 1955 794 1949 791 1946 789 1946 788 1946 786 1946 785 1946 783 1946 779 1949 767 1957 675 1949 664 1949 663 1949 661 1949 660 1949 651 1957 642 1949 639 1946 638 1946 636 1946 635 1946 633 1946 624 1949 603 1958 532 1958 508 1949 498 1946 496 1946 495 1946 493 1946 484 1949 469 1957 456 1949 450 1946 449 1946 309 1946 307 1946 306 1946 304 1946 304 1948 301 1949 292 1958 233 1958 221 1949 217 1946 215 1946 214 1946 212 1946 92 1949 92 1991"/></Shape>
	    <String CONTENT="loquitur de ſe Paulus vt hypocritæ, ſua peccata"
                    HPOS="92"
                    VPOS="1946"
                    WIDTH="1048"
                    HEIGHT="73"
                    WC="0.986999136336306"></String>
          </TextLine>

          
          
          <TextLine ID="eSc_line_7f3f39d7"
                    TAGREFS="LT4119"
                    BASELINE="90 2049 1140 2049" 
                    HPOS="90"
                    VPOS="2006"
                    WIDTH="1050"
                    HEIGHT="65">
            <Shape><Polygon POINTS="90 2049 90 2059 240 2059 260 2070 303 2061 325 2071 410 2070 423 2059 489 2071 562 2071 578 2061 642 2070 658 2059 697 2070 712 2059 745 2070 771 2059 840 2059 855 2071 889 2062 1024 2071 1039 2059 1140 2059 1140 2049 1140 2015 1127 2009 1125 2009 1124 2009 1122 2009 1103 2016 1090 2006 1088 2006 1087 2006 1085 2006 1084 2006 1061 2013 1020 2006 1018 2006 1017 2006 1015 2006 1000 2016 999 2018 871 2018 868 2016 849 2006 847 2006 691 2006 690 2006 688 2006 666 2015 661 2018 511 2018 505 2015 484 2009 483 2009 481 2009 419 2015 398 2016 392 2015 370 2006 368 2006 295 2006 294 2006 292 2006 275 2015 270 2016 90 2015 90 2049"/></Shape>
	    <String CONTENT="minuens, ſed ea exaggerat. eſt enim hæc gradatio:"
                    HPOS="90"
                    VPOS="2006"
                    WIDTH="1050"
                    HEIGHT="65"
                    WC="0.9778660742604"></String>
          </TextLine>

          
          
          <TextLine ID="eSc_line_6aea647a"
                    TAGREFS="LT4119"
                    BASELINE="92 2105 1140 2110" 
                    HPOS="90"
                    VPOS="2058"
                    WIDTH="1050"
                    HEIGHT="76">
            <Shape><Polygon POINTS="92 2105 90 2120 441 2132 443 2132 861 2125 875 2134 877 2134 878 2134 880 2134 945 2125 1139 2125 1140 2110 1139 2077 1100 2076 1073 2061 1072 2061 1070 2061 1024 2062 1023 2062 1021 2062 1003 2074 1002 2076 991 2074 922 2062 920 2062 919 2062 890 2070 849 2061 847 2061 792 2067 782 2059 780 2059 779 2059 777 2059 724 2071 719 2071 716 2070 699 2062 697 2062 696 2062 694 2062 678 2070 672 2073 667 2070 655 2061 654 2061 652 2061 651 2061 649 2061 621 2070 614 2071 605 2068 584 2062 582 2062 581 2062 580 2062 578 2062 571 2068 563 2074 334 2074 321 2065 312 2058 310 2058 309 2058 307 2058 261 2064 249 2065 243 2064 224 2058 223 2058 221 2058 220 2058 218 2058 212 2064 211 2065 208 2064 196 2058 194 2058 193 2058 92 2061 92 2105"/></Shape>
	    <String CONTENT="Fui blaſphemus. i. maledicere ſolitus Deo. De¬"
                    HPOS="90"
                    VPOS="2058"
                    WIDTH="1050"
                    HEIGHT="76"></String>
          </TextLine>

          
          
          <TextLine ID="eSc_line_666446a8"
                    TAGREFS="LT4119"
                    BASELINE="84 2166 1139 2166" 
                    HPOS="84"
                    VPOS="2122"
                    WIDTH="1055"
                    HEIGHT="104">
            <Shape><Polygon POINTS="84 2166 84 2199 156 2195 171 2199 229 2220 230 2220 232 2220 309 2204 368 2224 370 2224 371 2226 517 2226 517 2224 519 2224 562 2212 602 2223 603 2223 800 2224 801 2224 803 2224 804 2224 841 2196 844 2195 1139 2195 1139 2166 1139 2137 759 2122 758 2122 757 2122 739 2131 727 2135 697 2129 655 2122 654 2122 652 2122 651 2122 641 2129 629 2137 565 2137 551 2128 542 2122 541 2122 539 2122 538 2122 536 2122 517 2128 486 2137 428 2137 403 2126 392 2122 391 2122 389 2122 388 2122 386 2122 382 2125 365 2135 339 2135 324 2125 324 2123 322 2123 321 2123 319 2123 318 2123 315 2125 291 2135 278 2126 276 2126 275 2126 273 2126 187 2135 168 2122 166 2122 165 2122 84 2122 84 2166"/></Shape>
	    <String CONTENT="inde perſequutor. Denique rabioſus &amp; contu¬"
                    HPOS="84"
                    VPOS="2122"
                    WIDTH="1055"
                    HEIGHT="104"
                    WC="0.982928916465404"></String>
          </TextLine>

          
        </TextBlock>
        

        
      </PrintSpace>
    </Page>
  </Layout>
</alto>
