<?xml version="1.0" encoding="UTF-8"?>
<alto xmlns:xsi="http://www.w3.org/2001/XMLSchema-instance"
      xmlns="http://www.loc.gov/standards/alto/ns-v4#"
      xsi:schemaLocation="http://www.loc.gov/standards/alto/ns-v4# http://www.loc.gov/standards/alto/v4/alto-4-2.xsd">
  <Description>
    <MeasurementUnit>pixel</MeasurementUnit>
    <sourceImageInformation>
      <fileName>2012942.png</fileName>
      
    </sourceImageInformation>
  </Description>
  
  <Tags>
    <OtherTag ID="BT10544" LABEL="text" DESCRIPTION="block type text"/><OtherTag ID="BT10543" LABEL="NumberingZone" DESCRIPTION="block type NumberingZone"/><OtherTag ID="BT10542" LABEL="MainZone" DESCRIPTION="block type MainZone"/><OtherTag ID="BT10538" LABEL="RunningTitleZone" DESCRIPTION="block type RunningTitleZone"/><OtherTag ID="BT10537" LABEL="DropCapitalZone" DESCRIPTION="block type DropCapitalZone"/><OtherTag ID="BT10536" LABEL="GraphicZone" DESCRIPTION="block type GraphicZone"/><OtherTag ID="BT10535" LABEL="TitlePageZone" DESCRIPTION="block type TitlePageZone"/><OtherTag ID="BT10534" LABEL="QuireMarksZone" DESCRIPTION="block type QuireMarksZone"/><OtherTag ID="BT10533" LABEL="MarginTextZone" DESCRIPTION="block type MarginTextZone"/>
    <OtherTag ID="LT4122" LABEL="default" DESCRIPTION="line type default"/><OtherTag ID="LT4119" LABEL="DefaultLine" DESCRIPTION="line type DefaultLine"/><OtherTag ID="LT4118" LABEL="HeadingLine" DESCRIPTION="line type HeadingLine"/><OtherTag ID="LT4117" LABEL="CustomLine : BiblicalText" DESCRIPTION="line type CustomLine : BiblicalText"/>
  </Tags>
  
  <Layout>
    <Page WIDTH="1807"
          HEIGHT="2677"
          PHYSICAL_IMG_NR="58"
          ID="eSc_dummypage_">
      <PrintSpace HPOS="0"
                  VPOS="0"
                  WIDTH="1807"
                  HEIGHT="2677">
        
        <TextBlock HPOS="672.2821655273438"
                   VPOS="173.37533569335938"
                   WIDTH="71.1324462890625"
                   HEIGHT="53.25164794921875"
                   ID="block_0"
                   TAGREFS="BT10543">
          <Shape><Polygon POINTS="672.282 173.375 743.415 173.375 743.415 226.627 672.282 226.627 672.282 173.375"/></Shape>
          
          
          <TextLine ID="eSc_line_e6b54020"
                    TAGREFS="LT4119"
                    BASELINE="679 208 740 205" 
                    HPOS="676"
                    VPOS="156"
                    WIDTH="64"
                    HEIGHT="81">
            <Shape><Polygon POINTS="676 166 679 208 681 237 712 221 739 221 740 205 737 166 704 156 703 156 701 156 700 156 678 162 676 166"/></Shape>
	    <String CONTENT="30"
                    HPOS="676"
                    VPOS="156"
                    WIDTH="64"
                    HEIGHT="81"></String>
          </TextLine>

          
        </TextBlock>
        
        <TextBlock HPOS="849.8583984375"
                   VPOS="145.4331512451172"
                   WIDTH="704.2281494140625"
                   HEIGHT="73.23855590820312"
                   ID="block_1"
                   TAGREFS="BT10538">
          <Shape><Polygon POINTS="849.858 145.433 1554.09 145.433 1554.09 218.672 849.858 218.672 849.858 145.433"/></Shape>
          
          
          <TextLine ID="eSc_line_95af6753"
                    TAGREFS="LT4118"
                    BASELINE="858 205 1543 197" 
                    HPOS="856"
                    VPOS="142"
                    WIDTH="687"
                    HEIGHT="85">
            <Shape><Polygon POINTS="1525 159 1511 156 1496 151 1481 148 1478 147 1458 154 1445 142 1436 142 1421 142 1406 142 1398 142 1381 157 1322 144 1320 144 1319 144 1283 163 1212 163 1188 144 1186 144 1185 144 1130 144 1128 144 1045 145 1044 145 990 166 911 151 901 153 886 154 871 157 865 157 856 165 858 205 859 223 878 218 886 223 892 227 893 227 895 227 896 227 898 227 907 223 916 218 926 223 935 227 936 227 938 227 939 227 941 227 947 223 957 217 993 217 1009 223 1017 226 1018 226 1020 226 1052 223 1130 214 1157 223 1164 224 1165 224 1167 226 1231 226 1231 224 1232 224 1234 224 1237 221 1249 214 1287 221 1296 223 1298 223 1314 221 1403 211 1417 221 1418 221 1420 221 1421 221 1543 220 1543 197 1542 163 1540 162"/></Shape>
	    <String CONTENT="AD I. PAVL. AD TIM."
                    HPOS="856"
                    VPOS="142"
                    WIDTH="687"
                    HEIGHT="85"
                    WC="0.988930332033258"></String>
          </TextLine>

          
        </TextBlock>
        
        <TextBlock HPOS="660.1237182617188"
                   VPOS="234.0014190673828"
                   WIDTH="1073.6422729492188"
                   HEIGHT="1954.5320281982422"
                   ID="block_3"
                   TAGREFS="BT10542">
          <Shape><Polygon POINTS="660.124 234.001 1733.77 234.001 1733.77 2188.53 660.124 2188.53 660.124 234.001"/></Shape>
          
          
          <TextLine ID="eSc_line_b61a2d25"
                    TAGREFS="LT4119"
                    BASELINE="669 282 1032 273 1726 269" 
                    HPOS="667"
                    VPOS="217"
                    WIDTH="1059"
                    HEIGHT="90">
            <Shape><Polygon POINTS="1708 232 1693 229 1689 227 1665 227 1659 221 1649 220 1638 217 1566 224 1551 218 1549 218 1548 218 1546 218 1545 218 1528 230 1527 232 1460 232 1387 232 1351 220 1350 220 1348 220 1277 232 1247 220 1246 220 1244 220 1243 220 1215 233 1215 234 1088 236 1064 236 1039 236 1026 224 1026 223 1024 223 1023 223 991 223 990 223 989 223 987 223 969 234 954 224 953 224 951 224 816 224 815 224 667 239 669 282 670 307 722 294 884 304 886 304 887 304 889 304 904 291 983 291 1082 303 1084 303 1085 303 1087 303 1130 292 1174 300 1176 300 1177 300 1198 290 1222 301 1224 301 1225 301 1226 301 1228 301 1247 288 1363 294 1365 294 1408 287 1420 295 1421 295 1423 295 1424 295 1426 295 1441 288 1461 298 1463 298 1464 298 1466 298 1487 290 1554 297 1555 297 1557 297 1558 297 1579 285 1618 285 1632 297 1634 297 1635 297 1637 297 1725 295 1726 269 1723 234"/></Shape>
	    <String CONTENT="patefacta: deinde quæ cernitur in cæteris rebus"
                    HPOS="667"
                    VPOS="217"
                    WIDTH="1059"
                    HEIGHT="90"
                    WC="0.98141359014714"></String>
          </TextLine>

          
          
          <TextLine ID="eSc_line_54caac68"
                    TAGREFS="LT4119"
                    BASELINE="666 339 1728 325" 
                    HPOS="664"
                    VPOS="282"
                    WIDTH="1064"
                    HEIGHT="85">
            <Shape><Polygon POINTS="666 339 666 355 697 355 699 355 725 367 727 367 728 367 794 353 800 353 806 353 874 365 875 365 877 365 901 352 902 352 917 364 919 364 920 364 922 365 971 365 971 364 972 364 974 364 990 352 990 350 1020 350 1047 350 1055 350 1070 362 1072 362 1073 362 1075 362 1195 361 1197 361 1198 361 1213 349 1250 359 1252 359 1253 361 1362 361 1362 359 1363 359 1400 346 1402 346 1403 346 1432 358 1433 358 1435 359 1491 359 1491 358 1564 345 1566 345 1567 345 1679 355 1680 355 1682 355 1728 342 1728 325 1725 290 1595 282 1594 282 1592 282 1591 282 1582 291 1508 291 1494 291 1476 284 1475 284 1473 284 1393 291 1374 284 1372 284 1371 284 1313 292 1253 285 1252 285 1250 285 1225 292 1148 288 1146 288 1145 288 1127 297 1125 297 1106 297 966 290 965 290 963 290 944 297 910 290 908 290 907 290 883 300 880 300 871 300 782 291 780 291 779 291 777 291 764 301 761 303 664 303 666 339"/></Shape>
	    <String CONTENT="omnibus. Quæ nanque de Deo hoc loco dicun¬"
                    HPOS="664"
                    VPOS="282"
                    WIDTH="1064"
                    HEIGHT="85"
                    WC="0.996577952589307"></String>
          </TextLine>

          
          
          <TextLine ID="eSc_line_b5e3efdd"
                    TAGREFS="LT4119"
                    BASELINE="667 398 1729 389" 
                    HPOS="666"
                    VPOS="343"
                    WIDTH="1063"
                    HEIGHT="82">
            <Shape><Polygon POINTS="667 398 667 413 759 425 761 425 762 425 764 425 780 413 819 413 843 413 867 423 868 423 870 425 996 425 996 423 1078 420 1079 420 1097 411 1122 422 1124 422 1125 422 1127 422 1151 411 1183 420 1185 420 1186 422 1283 422 1283 420 1284 420 1286 420 1293 414 1299 420 1301 420 1302 420 1304 422 1360 422 1360 420 1453 410 1527 419 1528 419 1530 419 1566 408 1573 407 1592 408 1690 417 1692 417 1693 417 1729 407 1729 389 1728 352 1716 343 1714 343 1713 343 1560 343 1558 343 1478 353 1476 355 666 355 667 398"/></Shape>
	    <String CONTENT="tur, illi ſemper competunt, quanquam ad Pauli"
                    HPOS="666"
                    VPOS="343"
                    WIDTH="1063"
                    HEIGHT="82"
                    WC="0.967851720253627"></String>
          </TextLine>

          
          
          <TextLine ID="eSc_line_e8eea717"
                    TAGREFS="LT4119"
                    BASELINE="667 458 1726 447" 
                    HPOS="666"
                    VPOS="407"
                    WIDTH="1060"
                    HEIGHT="76">
            <Shape><Polygon POINTS="667 458 667 471 759 471 762 471 815 483 816 483 907 481 908 481 910 481 920 472 965 481 966 481 968 481 969 481 984 468 987 468 1021 480 1023 480 1024 481 1088 481 1088 480 1143 466 1148 466 1154 466 1222 478 1224 478 1225 478 1226 478 1241 466 1295 475 1296 475 1362 465 1363 465 1365 465 1402 477 1403 477 1405 477 1543 475 1545 475 1572 464 1574 462 1725 462 1726 447 1722 407 666 416 667 458"/></Shape>
	    <String CONTENT="conuerſionem optimè quadrant, in qua Deus"
                    HPOS="666"
                    VPOS="407"
                    WIDTH="1060"
                    HEIGHT="76"
                    WC="0.970063960268384"></String>
          </TextLine>

          
          
          <TextLine ID="eSc_line_14de6456"
                    TAGREFS="LT4119"
                    BASELINE="667 517 1726 505" 
                    HPOS="666"
                    VPOS="459"
                    WIDTH="1060"
                    HEIGHT="80">
            <Shape><Polygon POINTS="667 517 667 532 898 539 899 539 901 539 939 529 941 529 942 529 951 538 953 538 954 538 956 538 1008 530 1045 538 1047 538 1048 538 1049 538 1064 527 1067 527 1151 527 1152 527 1195 536 1197 536 1284 526 1287 526 1292 526 1429 533 1430 533 1481 523 1485 523 1487 523 1497 530 1499 530 1500 530 1502 530 1503 530 1505 530 1514 523 1524 532 1525 532 1527 532 1528 533 1594 533 1594 532 1595 532 1616 522 1618 522 1622 522 1680 530 1682 530 1725 520 1726 505 1723 472 1592 459 1591 459 1589 459 1555 472 1463 464 1461 464 1402 474 1400 474 1372 464 1371 464 1369 464 1368 464 1323 475 1320 475 1305 464 1304 464 1302 464 1301 464 1299 464 1262 475 1261 475 1259 475 1231 464 1229 464 1228 464 1226 464 1197 475 1192 478 1027 478 1026 477 986 466 984 466 983 466 981 466 957 478 956 478 954 478 932 466 931 466 929 466 928 466 893 478 886 480 874 478 838 472 837 472 800 478 792 480 791 478 779 469 777 469 776 469 774 469 724 478 685 469 684 469 682 469 681 469 679 469 666 477 667 517"/></Shape>
	    <String CONTENT="ſuæ bonitatis, ſapientiæ, gloriæ, &amp; immutabilita¬"
                    HPOS="666"
                    VPOS="459"
                    WIDTH="1060"
                    HEIGHT="80"
                    WC="0.994273364543915"></String>
          </TextLine>

          
          
          <TextLine ID="eSc_line_b7ff9899"
                    TAGREFS="LT4119"
                    BASELINE="672 575 1732 565" 
                    HPOS="670"
                    VPOS="522"
                    WIDTH="1062"
                    HEIGHT="81">
            <Shape><Polygon POINTS="672 575 672 594 734 603 736 603 844 593 898 588 914 593 948 602 950 602 951 602 953 602 954 602 968 591 977 585 1164 585 1173 590 1192 599 1194 599 1195 599 1301 597 1302 597 1323 588 1331 596 1332 596 1334 596 1335 596 1337 596 1366 588 1470 596 1472 596 1473 596 1505 587 1563 596 1564 596 1566 596 1609 585 1643 593 1644 593 1646 593 1647 593 1656 584 1732 582 1732 565 1729 532 1644 532 1619 522 1618 522 1616 522 1615 522 1577 532 1572 532 1566 532 1522 523 1521 523 1450 532 1427 533 1420 532 1400 524 1399 524 1398 524 1360 532 1345 533 1329 532 1284 524 1283 524 1282 524 1280 524 1273 532 1267 535 1240 532 1201 526 1200 526 1198 526 1177 532 1161 535 1131 532 1110 529 1109 529 1107 529 1106 529 1105 532 1097 536 670 532 672 575"/></Shape>
	    <String CONTENT="tis ſpecimen eximium oſtendit. Ergo ſi quid mi¬"
                    HPOS="670"
                    VPOS="522"
                    WIDTH="1062"
                    HEIGHT="81"></String>
          </TextLine>

          
          
          <TextLine ID="eSc_line_5b4e0e75"
                    TAGREFS="LT4119"
                    BASELINE="670 633 1731 623" 
                    HPOS="669"
                    VPOS="578"
                    WIDTH="1062"
                    HEIGHT="83">
            <Shape><Polygon POINTS="670 633 670 648 707 660 709 660 710 661 789 661 789 660 791 660 792 660 809 648 859 646 880 646 883 646 945 658 947 658 948 658 972 645 975 643 1165 643 1167 643 1186 655 1188 655 1189 655 1191 657 1276 657 1276 655 1347 642 1348 642 1351 642 1406 654 1408 654 1409 654 1444 640 1447 640 1537 640 1574 652 1576 652 1577 652 1680 651 1682 651 1731 638 1731 623 1728 591 1671 578 1670 578 1563 591 1493 585 1491 585 1417 594 1277 594 1247 584 1246 584 1244 584 1243 584 1219 594 1137 582 1136 582 1134 582 1133 582 1133 584 1118 596 972 584 971 584 969 584 928 596 877 585 875 585 874 585 850 597 791 587 789 587 669 600 670 633"/></Shape>
	    <String CONTENT="rum &amp; incredibile ineſt ac occurrit in tanta Pau¬"
                    HPOS="669"
                    VPOS="578"
                    WIDTH="1062"
                    HEIGHT="83"
                    WC="0.983644717810105"></String>
          </TextLine>

          
          
          <TextLine ID="eSc_line_1003233a"
                    TAGREFS="LT4119"
                    BASELINE="669 691 1734 684" 
                    HPOS="667"
                    VPOS="640"
                    WIDTH="1067"
                    HEIGHT="81">
            <Shape><Polygon POINTS="669 691 669 709 736 721 737 721 800 713 868 721 870 721 871 721 899 707 901 707 907 707 1006 718 1008 718 1009 718 1011 718 1027 706 1039 706 1094 706 1097 706 1161 718 1163 718 1164 718 1212 706 1329 716 1331 718 1463 718 1463 716 1464 716 1490 707 1514 716 1515 716 1516 716 1518 716 1519 716 1542 703 1576 715 1577 715 1579 716 1690 716 1690 715 1692 715 1734 700 1734 684 1732 649 1714 640 1713 640 1711 640 1710 640 1689 649 1688 651 1563 651 1558 649 1519 640 1518 640 1408 648 1372 651 1353 648 1307 642 1305 642 1277 648 1258 652 1203 648 1174 646 1173 646 1151 648 1091 654 1078 648 1070 645 1069 645 1067 645 1066 645 1058 648 1045 655 929 655 896 648 881 645 880 645 878 645 870 648 844 655 667 648 669 691"/></Shape>
	    <String CONTENT="Ii conuerſione, ne mirentur. Nam eſt Deus qui"
                    HPOS="667"
                    VPOS="640"
                    WIDTH="1067"
                    HEIGHT="81"
                    WC="0.987687008910709"></String>
          </TextLine>

          
          
          <TextLine ID="eSc_line_0963effc"
                    TAGREFS="LT4119"
                    BASELINE="666 752 1731 743" 
                    HPOS="664"
                    VPOS="700"
                    WIDTH="1067"
                    HEIGHT="79">
            <Shape><Polygon POINTS="666 752 666 773 1009 779 1011 779 1012 779 1036 773 1052 768 1057 773 1063 777 1064 777 1066 777 1067 779 1163 779 1163 777 1232 771 1299 767 1329 771 1354 776 1356 776 1357 776 1366 771 1380 765 1421 771 1435 773 1436 773 1438 773 1439 773 1441 771 1450 764 1552 764 1591 771 1604 773 1606 773 1731 770 1731 743 1726 703 1466 709 1448 703 1438 700 1436 700 1435 700 1406 703 1356 710 1301 704 1287 703 1286 703 1284 703 1283 703 1283 704 1276 709 1270 704 1267 701 1265 701 1264 701 1210 701 1209 701 1207 701 1206 701 1201 704 1191 712 1118 712 1105 704 1103 704 1102 704 1100 704 1091 704 1012 713 910 706 886 704 884 704 875 706 835 715 664 707 666 752"/></Shape>
	    <String CONTENT="conuertit, Deus, inquam, ille rex, &amp; æternus, qui"
                    HPOS="664"
                    VPOS="700"
                    WIDTH="1067"
                    HEIGHT="79"
                    WC="0.979632939611162"></String>
          </TextLine>

          
          
          <TextLine ID="eSc_line_f72b0343"
                    TAGREFS="LT4119"
                    BASELINE="669 810 1726 803" 
                    HPOS="667"
                    VPOS="758"
                    WIDTH="1059"
                    HEIGHT="80">
            <Shape><Polygon POINTS="669 810 669 838 913 835 914 835 916 835 928 828 1054 835 1055 835 1057 835 1058 835 1073 825 1167 834 1168 834 1170 834 1171 834 1185 823 1256 834 1258 834 1259 834 1304 822 1463 832 1464 832 1466 832 1467 832 1467 831 1479 820 1632 820 1649 831 1650 831 1652 831 1653 832 1725 832 1726 803 1723 768 1543 758 1542 758 1540 758 1539 758 1530 767 1503 759 1502 759 1500 759 1499 759 1497 759 1487 768 1360 759 1359 759 1301 770 1282 761 1280 761 1279 761 1207 770 1186 761 1185 761 1183 761 1182 761 1155 770 1109 762 1107 762 1106 762 1073 771 1048 762 1047 762 1045 762 1044 762 1042 762 1030 773 950 773 925 762 923 762 922 762 873 773 767 764 765 764 667 774 669 810"/></Shape>
	    <String CONTENT="poteſt omnia, &amp; ab æterno fuit. Si quid alienum,"
                    HPOS="667"
                    VPOS="758"
                    WIDTH="1059"
                    HEIGHT="80"
                    WC="0.991719843198856"></String>
          </TextLine>

          
          
          <TextLine ID="eSc_line_aed7341b"
                    TAGREFS="LT4119"
                    BASELINE="669 870 1726 862" 
                    HPOS="667"
                    VPOS="817"
                    WIDTH="1059"
                    HEIGHT="79">
            <Shape><Polygon POINTS="669 870 669 892 765 884 783 892 789 895 791 895 792 896 844 896 844 895 859 892 896 884 944 892 957 893 959 893 960 893 962 893 962 892 963 892 974 883 1014 883 1073 892 1090 893 1091 893 1106 892 1164 881 1402 890 1415 890 1417 890 1418 890 1420 890 1436 878 1514 878 1560 889 1561 890 1725 890 1726 862 1723 826 1604 817 1603 817 1514 826 1511 826 1508 826 1338 819 1337 819 1335 819 1334 819 1326 826 1304 819 1302 819 1301 819 1299 819 1273 828 1268 828 1091 820 1090 820 1045 829 1044 829 1041 829 941 822 939 822 938 822 920 829 770 823 768 823 716 831 694 823 693 823 691 823 690 823 667 831 669 870"/></Shape>
	    <String CONTENT="&amp; nouum apparet in eadem factum conuerſione"
                    HPOS="667"
                    VPOS="817"
                    WIDTH="1059"
                    HEIGHT="79"
                    WC="0.988119930721993"></String>
          </TextLine>

          
          
          <TextLine ID="eSc_line_b103c562"
                    TAGREFS="LT4119"
                    BASELINE="667 928 1726 920" 
                    HPOS="666"
                    VPOS="877"
                    WIDTH="1060"
                    HEIGHT="76">
            <Shape><Polygon POINTS="667 928 667 941 709 953 710 953 712 953 768 942 777 941 798 942 853 947 855 947 856 947 870 942 880 939 931 942 1038 951 1039 951 1041 951 1042 951 1051 944 1057 939 1076 944 1103 950 1105 951 1200 951 1200 950 1201 950 1215 944 1231 938 1267 945 1295 950 1296 950 1298 950 1299 950 1299 948 1304 945 1313 938 1325 945 1329 948 1331 948 1332 948 1334 950 1438 950 1438 948 1439 948 1450 945 1485 936 1543 947 1549 947 1551 947 1552 947 1554 947 1554 945 1567 935 1628 942 1630 942 1631 942 1632 942 1643 935 1723 947 1726 920 1723 884 1560 877 1558 877 1511 884 1500 877 1499 877 1497 877 1496 877 1445 884 1429 877 1427 877 1426 877 1424 877 1408 886 1280 886 1267 877 1265 877 1264 877 1262 877 1261 877 1259 877 1247 886 1192 878 1191 878 1189 878 1188 878 1179 886 1128 877 1127 877 1087 884 965 878 963 878 962 878 931 887 886 878 884 878 883 878 881 878 870 887 758 880 757 880 755 880 737 889 710 880 709 880 707 880 706 880 666 890 667 928"/></Shape>
	    <String CONTENT="eſt Deus ille ſapiens. Si quid pręter humanam ra¬"
                    HPOS="666"
                    VPOS="877"
                    WIDTH="1060"
                    HEIGHT="76"></String>
          </TextLine>

          
          
          <TextLine ID="eSc_line_4e437edd"
                    TAGREFS="LT4119"
                    BASELINE="664 987 1731 980" 
                    HPOS="663"
                    VPOS="932"
                    WIDTH="1068"
                    HEIGHT="80">
            <Shape><Polygon POINTS="664 987 664 1003 722 1012 724 1012 1006 1005 1119 1002 1154 1005 1203 1009 1204 1009 1247 1005 1279 1002 1287 1005 1299 1009 1301 1009 1302 1009 1366 1005 1435 1000 1444 1005 1450 1008 1451 1008 1453 1008 1473 1005 1516 999 1533 1005 1536 1006 1537 1006 1539 1006 1731 1005 1731 980 1728 942 1609 932 1607 932 1554 942 1551 942 1546 942 1461 933 1460 933 1458 933 1457 933 1444 942 1402 936 1400 936 1360 944 1354 944 1348 944 1308 933 1307 933 1305 933 1304 933 1304 935 1293 944 1292 945 1287 944 1265 935 1264 935 1204 935 1203 935 1201 935 1174 944 1168 945 1154 944 1113 939 1112 939 1021 945 978 947 974 945 962 936 960 936 959 936 926 936 925 936 883 945 867 948 837 945 770 938 768 938 663 945 664 987"/></Shape>
	    <String CONTENT="tionẽ extitiſſe cernitur, idẽ ille Deus eſt inuiſibilis,"
                    HPOS="663"
                    VPOS="932"
                    WIDTH="1068"
                    HEIGHT="80"></String>
          </TextLine>

          
          
          <TextLine ID="eSc_line_db1affbb"
                    TAGREFS="LT4119"
                    BASELINE="669 1047 1729 1036" 
                    HPOS="667"
                    VPOS="994"
                    WIDTH="1062"
                    HEIGHT="79">
            <Shape><Polygon POINTS="669 1047 669 1060 742 1073 743 1073 812 1061 819 1060 828 1061 886 1072 887 1073 936 1073 936 1072 938 1072 966 1061 977 1057 1163 1057 1177 1061 1197 1069 1198 1069 1200 1069 1235 1063 1262 1057 1289 1063 1308 1066 1310 1066 1311 1066 1319 1063 1334 1055 1381 1063 1414 1067 1415 1067 1417 1067 1418 1067 1424 1063 1438 1054 1484 1054 1500 1063 1505 1066 1506 1066 1508 1066 1509 1066 1524 1063 1557 1055 1576 1063 1579 1064 1580 1064 1582 1064 1729 1063 1729 1036 1725 1002 1414 1003 1408 1002 1386 994 1384 994 1383 994 1302 1002 1273 1005 1249 1002 1195 996 1194 996 1139 1003 1106 1006 1075 1003 1027 997 1026 997 782 1000 780 1000 770 1003 754 1009 667 1005 669 1047"/></Shape>
	    <String CONTENT="vt qui alia, quàm carnali ratione operatur &amp; exe¬"
                    HPOS="667"
                    VPOS="994"
                    WIDTH="1062"
                    HEIGHT="79"
                    WC="0.993253467082977"></String>
          </TextLine>

          
          
          <TextLine ID="eSc_line_033b585d"
                    TAGREFS="LT4119"
                    BASELINE="667 1105 1725 1099" 
                    HPOS="666"
                    VPOS="1051"
                    WIDTH="1059"
                    HEIGHT="79">
            <Shape><Polygon POINTS="667 1105 667 1128 865 1122 895 1128 905 1130 907 1130 920 1128 959 1121 1348 1127 1439 1127 1441 1127 1442 1127 1445 1125 1460 1118 1475 1125 1476 1125 1478 1127 1609 1127 1609 1125 1610 1125 1612 1125 1624 1118 1723 1124 1725 1099 1722 1064 1616 1051 1615 1051 1613 1051 1612 1051 1595 1061 1481 1063 1463 1051 1461 1051 1460 1051 1458 1051 1457 1051 1409 1066 1313 1066 1289 1052 1287 1052 1286 1052 1284 1052 1249 1061 1081 1054 1079 1054 1078 1054 1076 1054 1063 1063 1042 1054 1041 1054 975 1054 974 1054 972 1054 929 1067 902 1058 901 1058 899 1058 855 1067 826 1055 825 1055 823 1055 822 1055 780 1069 666 1069 667 1105"/></Shape>
	    <String CONTENT="quitur ſua conſilia, ſua beneficia confert, &amp; Euã¬"
                    HPOS="666"
                    VPOS="1051"
                    WIDTH="1059"
                    HEIGHT="79"
                    WC="0.987960644796783"></String>
          </TextLine>

          
          
          <TextLine ID="eSc_line_66f5cb09"
                    TAGREFS="LT4119"
                    BASELINE="673 1161 1731 1157" 
                    HPOS="672"
                    VPOS="1112"
                    WIDTH="1059"
                    HEIGHT="76">
            <Shape><Polygon POINTS="673 1161 673 1188 736 1179 777 1188 779 1188 780 1188 782 1188 809 1179 963 1188 984 1188 986 1188 987 1188 990 1188 1026 1177 1078 1186 1079 1186 1081 1186 1084 1186 1210 1177 1271 1186 1277 1186 1279 1186 1286 1186 1350 1177 1366 1186 1368 1186 1369 1186 1371 1186 1372 1186 1374 1186 1374 1185 1384 1176 1729 1183 1731 1157 1728 1121 1689 1112 1688 1112 1686 1112 1665 1119 1612 1112 1610 1112 1609 1112 1592 1119 1353 1113 1351 1113 1308 1121 1264 1113 1030 1113 1029 1113 983 1122 737 1115 736 1115 672 1124 673 1161"/></Shape>
	    <String CONTENT="gelium ſuum prouehit. Itaque hæc omnia Epi¬"
                    HPOS="672"
                    VPOS="1112"
                    WIDTH="1059"
                    HEIGHT="76"
                    WC="0.997662328010382"></String>
          </TextLine>

          
          
          <TextLine ID="eSc_line_98b613af"
                    TAGREFS="LT4119"
                    BASELINE="670 1223 1006 1216 1729 1216" 
                    HPOS="669"
                    VPOS="1171"
                    WIDTH="1060"
                    HEIGHT="75">
            <Shape><Polygon POINTS="670 1223 670 1237 789 1246 791 1246 792 1246 813 1238 819 1237 834 1238 890 1246 892 1246 893 1246 895 1246 905 1238 910 1237 951 1240 1012 1243 1014 1243 1041 1240 1073 1235 1109 1240 1143 1244 1145 1244 1146 1244 1148 1244 1152 1240 1161 1235 1232 1235 1241 1241 1246 1244 1247 1244 1249 1244 1250 1246 1348 1246 1348 1244 1350 1244 1351 1244 1354 1241 1360 1237 1398 1241 1423 1244 1424 1244 1444 1241 1487 1235 1499 1243 1500 1243 1502 1243 1503 1244 1661 1244 1661 1243 1662 1243 1688 1234 1728 1243 1729 1216 1728 1182 1695 1171 1693 1171 1692 1171 1690 1171 1664 1182 1594 1171 1592 1171 1591 1171 1548 1182 1424 1171 1423 1171 1421 1171 1390 1183 1368 1173 1366 1173 1365 1173 1189 1183 1163 1173 1161 1173 1094 1173 1093 1173 1091 1173 1045 1186 853 1186 810 1174 809 1174 807 1174 806 1174 804 1174 804 1176 792 1186 725 1186 713 1176 712 1176 710 1176 709 1176 707 1176 669 1186 670 1223"/></Shape>
	    <String CONTENT="theta ſunt rot ἀιτιολογίαι, ne fictitium hoc eſſe vi¬"
                    HPOS="669"
                    VPOS="1171"
                    WIDTH="1060"
                    HEIGHT="75"></String>
          </TextLine>

          
          
          <TextLine ID="eSc_line_d7ddeb08"
                    TAGREFS="LT4119"
                    BASELINE="669 1281 1725 1274" 
                    HPOS="667"
                    VPOS="1228"
                    WIDTH="1058"
                    HEIGHT="76">
            <Shape><Polygon POINTS="669 1281 669 1296 877 1304 878 1304 880 1304 893 1298 899 1295 933 1298 990 1302 991 1302 1044 1298 1091 1293 1189 1298 1261 1301 1262 1301 1264 1301 1270 1298 1279 1293 1286 1298 1292 1301 1293 1301 1295 1301 1360 1298 1518 1290 1533 1298 1534 1298 1536 1299 1723 1299 1725 1274 1720 1235 1643 1238 1637 1235 1625 1228 1624 1228 1622 1228 1621 1228 1619 1228 1618 1228 1607 1235 1603 1240 1551 1240 1546 1237 1533 1228 1531 1228 1530 1228 1528 1228 1430 1235 1406 1229 1405 1229 1403 1229 1402 1229 1400 1229 1389 1238 1363 1238 1262 1241 1258 1240 1244 1231 1243 1231 1241 1231 1240 1231 1238 1231 1209 1240 1200 1231 1198 1231 1197 1231 1094 1231 1093 1231 1029 1232 1027 1232 1009 1243 1006 1244 904 1244 889 1244 865 1234 864 1234 862 1234 861 1234 859 1234 846 1244 844 1246 767 1246 755 1246 733 1234 731 1234 684 1234 682 1234 681 1234 679 1234 667 1241 669 1281"/></Shape>
	    <String CONTENT="deatur, &amp; impoſſibile foctu quod Paulus de ſe"
                    HPOS="667"
                    VPOS="1228"
                    WIDTH="1058"
                    HEIGHT="76"
                    WC="0.989838845200009"></String>
          </TextLine>

          
          
          <TextLine ID="eSc_line_1e27aa22"
                    TAGREFS="LT4119"
                    BASELINE="669 1341 1725 1334" 
                    HPOS="667"
                    VPOS="1287"
                    WIDTH="1058"
                    HEIGHT="82">
            <Shape><Polygon POINTS="669 1341 669 1357 725 1368 727 1368 728 1368 755 1359 785 1369 786 1369 788 1369 873 1357 880 1357 1014 1357 1015 1357 1032 1368 1033 1368 1035 1368 1036 1368 1082 1357 1090 1356 1097 1357 1127 1366 1128 1366 1130 1366 1131 1366 1155 1357 1161 1356 1213 1356 1218 1357 1234 1366 1235 1366 1237 1366 1363 1357 1368 1357 1383 1365 1384 1365 1386 1365 1725 1356 1725 1334 1723 1299 1689 1287 1688 1287 1686 1287 1603 1298 1580 1287 1579 1287 1514 1287 1512 1287 1511 1287 1509 1287 1496 1299 1450 1289 1448 1289 1447 1289 1417 1299 1368 1289 1366 1289 1317 1299 1305 1290 1305 1289 1304 1289 1302 1289 1301 1289 1299 1289 1270 1301 1268 1301 1115 1290 1113 1290 1112 1290 1075 1302 1073 1302 1070 1302 1008 1292 1006 1292 954 1302 941 1292 939 1292 938 1292 880 1292 878 1292 877 1292 844 1304 843 1304 840 1304 779 1293 777 1293 776 1293 757 1304 739 1296 737 1296 736 1296 667 1304 669 1341"/></Shape>
	    <String CONTENT="narrat, &amp; de Dei miſericordia in conuertendis"
                    HPOS="667"
                    VPOS="1287"
                    WIDTH="1058"
                    HEIGHT="82"
                    WC="0.982644610934787"></String>
          </TextLine>

          
          
          <TextLine ID="eSc_line_8fab80e3"
                    TAGREFS="LT4119"
                    BASELINE="672 1399 1015 1396" 
                    HPOS="670"
                    VPOS="1347"
                    WIDTH="345"
                    HEIGHT="79">
            <Shape><Polygon POINTS="672 1399 672 1415 685 1424 687 1424 688 1424 690 1426 734 1426 734 1424 736 1424 737 1424 737 1423 749 1412 780 1424 782 1424 783 1426 832 1426 832 1424 834 1424 835 1424 850 1411 892 1423 893 1423 895 1423 962 1411 975 1421 975 1423 977 1423 978 1423 980 1423 981 1423 1015 1408 1015 1396 1012 1363 963 1363 962 1360 950 1350 950 1348 948 1348 947 1348 945 1348 944 1348 916 1357 864 1347 862 1347 822 1356 783 1363 752 1353 745 1350 743 1350 742 1350 740 1350 736 1351 715 1362 703 1350 701 1350 701 1348 700 1348 699 1348 697 1348 670 1348 672 1399"/></Shape>
	    <String CONTENT="ſceleratiſſimis."
                    HPOS="670"
                    VPOS="1347"
                    WIDTH="345"
                    HEIGHT="79"
                    WC="0.992033358663321"></String>
          </TextLine>

          
          
          <TextLine ID="eSc_line_7037e7d1"
                    TAGREFS="LT4119"
                    BASELINE="728 1458 1292 1451 1726 1454" 
                    HPOS="727"
                    VPOS="1403"
                    WIDTH="999"
                    HEIGHT="82">
            <Shape><Polygon POINTS="728 1458 728 1481 840 1484 841 1484 843 1484 844 1484 847 1481 861 1473 899 1473 910 1481 911 1482 911 1484 913 1484 914 1484 969 1485 971 1485 972 1485 974 1485 978 1481 989 1472 1014 1481 1021 1484 1023 1484 1024 1484 1055 1481 1145 1472 1155 1481 1158 1482 1158 1484 1160 1484 1161 1484 1163 1485 1247 1485 1247 1484 1276 1481 1356 1470 1363 1476 1363 1478 1365 1478 1366 1478 1368 1478 1420 1473 1454 1481 1466 1482 1467 1482 1469 1482 1475 1481 1508 1469 1725 1479 1726 1454 1725 1415 1622 1403 1621 1403 1619 1403 1585 1414 1549 1403 1548 1403 1546 1403 1490 1415 1482 1417 1369 1417 1368 1415 1357 1406 1357 1405 1356 1405 1354 1405 1282 1405 1280 1405 1279 1405 1246 1415 1241 1415 1235 1415 1204 1409 1203 1409 1201 1409 1200 1409 1194 1415 1191 1417 1164 1415 1105 1409 1103 1409 1067 1415 1052 1417 1049 1415 1041 1408 1041 1406 1039 1406 1038 1406 1036 1406 986 1415 971 1417 962 1415 941 1408 939 1408 938 1408 936 1408 913 1415 898 1418 880 1415 846 1408 844 1408 812 1415 794 1418 788 1415 779 1408 777 1408 776 1408 774 1408 727 1414 728 1458"/></Shape>
	    <String CONTENT="Similia Epiphonemata paſſim apud Paulum"
                    HPOS="727"
                    VPOS="1403"
                    WIDTH="999"
                    HEIGHT="82"
                    WC="0.983324795197218"></String>
          </TextLine>

          
          
          <TextLine ID="eSc_line_aee1916b"
                    TAGREFS="LT4119"
                    BASELINE="670 1516 1720 1509" 
                    HPOS="669"
                    VPOS="1464"
                    WIDTH="1051"
                    HEIGHT="76">
            <Shape><Polygon POINTS="670 1516 670 1533 746 1539 748 1539 785 1533 798 1530 803 1533 810 1539 812 1539 813 1539 815 1540 878 1540 878 1539 933 1531 954 1528 977 1530 1038 1537 1039 1537 1160 1528 1189 1527 1198 1528 1232 1536 1234 1536 1235 1536 1258 1527 1261 1527 1264 1527 1296 1536 1298 1536 1299 1536 1365 1534 1366 1534 1368 1534 1381 1527 1383 1525 1403 1525 1499 1531 1500 1531 1502 1531 1518 1525 1521 1524 1543 1524 1688 1533 1689 1533 1690 1533 1720 1522 1720 1509 1719 1473 1698 1464 1696 1464 1695 1464 1693 1464 1677 1473 1674 1475 1656 1473 1589 1467 1588 1467 1539 1473 1511 1464 1509 1464 1508 1464 1506 1464 1469 1475 1464 1476 1456 1476 1400 1469 1399 1469 1398 1469 1369 1476 1366 1476 1365 1476 1316 1466 1314 1466 1313 1466 1289 1478 1286 1479 1237 1479 1235 1478 1224 1469 1222 1469 1221 1469 1219 1469 1218 1469 1216 1469 1206 1478 1204 1478 1203 1478 1148 1472 1146 1472 1082 1479 1076 1479 1063 1470 1061 1470 1060 1470 1058 1470 1057 1470 1036 1479 981 1469 980 1469 978 1469 977 1469 977 1470 965 1479 730 1472 728 1472 669 1482 670 1516"/></Shape>
	    <String CONTENT="occurrunt, vti Romanor. 9. verſ.5. &amp; infra 6 v. 16"
                    HPOS="669"
                    VPOS="1464"
                    WIDTH="1051"
                    HEIGHT="76"
                    WC="0.960956480503082"></String>
          </TextLine>

          
          
          <TextLine ID="eSc_line_4eecc685"
                    TAGREFS="LT4119"
                    BASELINE="727 1574 1720 1569" 
                    HPOS="725"
                    VPOS="1522"
                    WIDTH="995"
                    HEIGHT="78">
            <Shape><Polygon POINTS="727 1574 727 1586 767 1598 768 1598 770 1598 837 1588 849 1597 849 1598 850 1598 852 1598 853 1600 963 1600 963 1598 965 1598 966 1598 986 1585 987 1585 1082 1585 1085 1585 1142 1597 1143 1597 1145 1597 1180 1585 1210 1594 1212 1594 1213 1594 1215 1594 1216 1594 1228 1583 1229 1583 1350 1583 1351 1583 1402 1595 1403 1595 1405 1595 1406 1595 1418 1585 1436 1592 1438 1592 1439 1592 1441 1592 1478 1582 1482 1582 1487 1582 1546 1594 1548 1594 1549 1594 1570 1583 1591 1594 1592 1594 1594 1594 1595 1594 1615 1585 1624 1594 1625 1594 1627 1594 1628 1594 1630 1594 1661 1586 1682 1594 1683 1594 1685 1594 1686 1594 1720 1580 1720 1569 1717 1534 1567 1522 1566 1522 1564 1522 1563 1522 1548 1534 1497 1534 1472 1522 1470 1522 1469 1522 1467 1522 1436 1534 1301 1524 1299 1524 1298 1524 1296 1524 1296 1525 1284 1534 1151 1525 1149 1525 1148 1525 1128 1536 1118 1527 1118 1525 1116 1525 1115 1525 1082 1525 1081 1525 1079 1525 1051 1534 983 1527 981 1527 980 1527 954 1537 939 1527 938 1527 936 1527 935 1527 933 1527 907 1537 907 1539 904 1539 807 1539 743 1527 742 1527 740 1527 739 1527 725 1534 727 1574"/></Shape>
	    <String CONTENT="Quatuor autem Epitheta Deo tribuit, Vocat"
                    HPOS="725"
                    VPOS="1522"
                    WIDTH="995"
                    HEIGHT="78"
                    WC="0.982158291630629"></String>
          </TextLine>

          
          
          <TextLine ID="eSc_line_0d1df0a5"
                    TAGREFS="LT4119"
                    BASELINE="670 1634 1722 1627" 
                    HPOS="669"
                    VPOS="1583"
                    WIDTH="1053"
                    HEIGHT="75">
            <Shape><Polygon POINTS="670 1634 670 1650 878 1658 880 1658 969 1649 978 1649 984 1649 1064 1656 1066 1656 1105 1647 1110 1647 1128 1647 1247 1655 1249 1655 1250 1655 1273 1647 1298 1655 1299 1655 1301 1655 1390 1653 1392 1653 1393 1653 1402 1646 1403 1646 1409 1646 1509 1653 1511 1653 1512 1653 1539 1644 1542 1644 1551 1644 1612 1652 1613 1652 1720 1643 1722 1627 1720 1595 1688 1583 1686 1583 1685 1583 1527 1595 1508 1597 1441 1597 1438 1594 1426 1585 1424 1585 1423 1585 1421 1585 1420 1585 1392 1594 1387 1595 1366 1594 1274 1588 1273 1588 1271 1588 1247 1594 1235 1598 1116 1598 1102 1594 1075 1588 1073 1588 1072 1588 1048 1594 1033 1597 1008 1594 962 1588 960 1588 959 1588 957 1588 950 1594 942 1598 899 1598 893 1594 887 1588 886 1588 884 1588 883 1588 804 1589 803 1589 791 1594 773 1601 737 1601 725 1594 719 1589 718 1589 716 1589 715 1589 669 1592 670 1634"/></Shape>
	    <String CONTENT="enim Regem ſeculorum, immortalem, inuiſibi¬"
                    HPOS="669"
                    VPOS="1583"
                    WIDTH="1053"
                    HEIGHT="75"
                    WC="0.978308052517647"></String>
          </TextLine>

          
          
          <TextLine ID="eSc_line_bbcd540b"
                    TAGREFS="LT4119"
                    BASELINE="670 1693 1729 1686" 
                    HPOS="669"
                    VPOS="1640"
                    WIDTH="1060"
                    HEIGHT="77">
            <Shape><Polygon POINTS="670 1693 670 1705 846 1717 847 1717 849 1717 878 1707 963 1716 965 1716 1057 1705 1090 1716 1091 1716 1093 1716 1094 1716 1125 1704 1204 1704 1216 1713 1216 1714 1218 1714 1219 1714 1221 1714 1255 1707 1270 1714 1271 1714 1273 1714 1274 1714 1305 1702 1457 1711 1458 1711 1460 1711 1461 1711 1473 1701 1516 1701 1528 1710 1528 1711 1530 1711 1531 1711 1533 1711 1595 1704 1679 1711 1680 1711 1682 1711 1729 1698 1729 1686 1726 1653 1653 1653 1621 1640 1619 1640 1618 1640 1616 1640 1615 1640 1598 1653 1539 1653 1527 1643 1527 1641 1525 1641 1524 1641 1461 1640 1460 1640 1458 1640 1457 1640 1439 1653 1438 1655 1398 1655 1393 1653 1317 1640 1316 1640 1250 1649 1241 1641 1240 1641 1238 1641 1237 1641 1235 1641 1219 1649 1210 1641 1209 1641 1207 1641 1128 1641 1127 1641 1125 1641 1087 1653 1078 1656 1067 1653 1033 1646 1032 1646 1030 1646 1006 1655 1002 1655 994 1655 941 1646 939 1646 870 1655 840 1658 828 1655 797 1644 795 1644 794 1644 792 1644 791 1644 779 1655 774 1659 752 1659 736 1655 687 1644 685 1644 684 1644 682 1644 669 1652 670 1693"/></Shape>
	    <String CONTENT="lem, ſapientem &amp; quidem ſolum. Alia quoque"
                    HPOS="669"
                    VPOS="1640"
                    WIDTH="1060"
                    HEIGHT="77"
                    WC="0.999823615664527"></String>
          </TextLine>

          
          
          <TextLine ID="eSc_line_6e5e758e"
                    TAGREFS="LT4119"
                    BASELINE="669 1754 1723 1745" 
                    HPOS="667"
                    VPOS="1695"
                    WIDTH="1056"
                    HEIGHT="74">
            <Shape><Polygon POINTS="669 1754 669 1769 1722 1760 1723 1745 1719 1705 1641 1705 1640 1705 1624 1695 1622 1695 1621 1695 1619 1695 1537 1707 1528 1707 1527 1707 1506 1695 1505 1695 1503 1695 1408 1702 1368 1695 1366 1695 1286 1696 1284 1696 1262 1708 1261 1708 1192 1696 1191 1696 1115 1698 1113 1698 1112 1698 1099 1710 1078 1701 1076 1701 1075 1701 1030 1710 996 1701 994 1701 993 1701 991 1701 966 1711 965 1711 954 1711 856 1704 855 1704 853 1704 837 1713 835 1713 819 1704 817 1704 816 1704 780 1710 770 1701 768 1701 767 1701 730 1701 728 1701 667 1713 669 1754"/></Shape>
	    <String CONTENT="alibi. Deo nomina tribuuntur, ſed hîc ſelegit Pau¬"
                    HPOS="667"
                    VPOS="1695"
                    WIDTH="1056"
                    HEIGHT="74"
                    WC="0.990049159994312"></String>
          </TextLine>

          
          
          <TextLine ID="eSc_line_3114cc99"
                    TAGREFS="LT4119"
                    BASELINE="670 1812 1725 1805" 
                    HPOS="669"
                    VPOS="1759"
                    WIDTH="1056"
                    HEIGHT="80">
            <Shape><Polygon POINTS="670 1812 670 1832 844 1839 846 1839 948 1830 957 1830 966 1830 1049 1838 1051 1838 1093 1829 1099 1829 1124 1829 1286 1836 1287 1836 1557 1833 1558 1833 1560 1833 1567 1826 1569 1826 1577 1826 1679 1833 1680 1833 1723 1824 1725 1805 1722 1769 1655 1759 1653 1759 1652 1759 1631 1769 1588 1769 1502 1769 1500 1769 1479 1760 1478 1760 1476 1760 1475 1760 1453 1766 1302 1759 1301 1759 1299 1759 1270 1766 1210 1760 1209 1760 1207 1760 1185 1771 1183 1771 1179 1771 1128 1760 1127 1760 1125 1760 1124 1760 1107 1771 1102 1771 1033 1762 922 1762 920 1762 919 1762 917 1762 907 1769 886 1762 884 1762 883 1762 881 1762 850 1771 840 1775 706 1775 703 1772 693 1763 691 1763 690 1763 688 1763 687 1763 669 1771 670 1812"/></Shape>
	    <String CONTENT="lus, quæ magis circunſtantiis ſui facti &amp; vocatio¬"
                    HPOS="669"
                    VPOS="1759"
                    WIDTH="1056"
                    HEIGHT="80"
                    WC="0.993493754863739"></String>
          </TextLine>

          
          
          <TextLine ID="eSc_line_88eabee0"
                    TAGREFS="LT4119"
                    BASELINE="670 1870 1737 1867" 
                    HPOS="669"
                    VPOS="1821"
                    WIDTH="1068"
                    HEIGHT="73">
            <Shape><Polygon POINTS="670 1870 670 1890 939 1884 1018 1891 1042 1893 1044 1893 1045 1893 1047 1893 1048 1891 1061 1884 1087 1891 1094 1893 1096 1893 1097 1894 1203 1894 1203 1893 1204 1893 1209 1891 1231 1882 1249 1891 1250 1891 1252 1893 1359 1893 1359 1891 1366 1891 1521 1882 1540 1891 1542 1891 1543 1893 1735 1893 1737 1867 1734 1832 1628 1832 1627 1830 1616 1821 1615 1821 1613 1821 1579 1821 1577 1821 1576 1821 1574 1821 1566 1830 1564 1830 1563 1830 1506 1821 1432 1821 1430 1821 1429 1821 1427 1821 1418 1830 1417 1830 1411 1830 1356 1821 1354 1821 1274 1829 1258 1830 1244 1829 1201 1823 1200 1823 1198 1823 1182 1829 1173 1832 1163 1829 1146 1823 1145 1823 1143 1823 1142 1823 1128 1829 1119 1832 1106 1829 1085 1823 1084 1823 1082 1823 1081 1823 1058 1829 1042 1832 1008 1827 963 1823 962 1823 960 1823 942 1827 926 1833 895 1833 889 1827 884 1823 883 1823 881 1823 880 1823 878 1823 868 1827 859 1832 847 1827 838 1824 837 1824 835 1824 834 1824 832 1824 828 1827 819 1832 669 1827 670 1870"/></Shape>
	    <String CONTENT="nis conueniebant, Romanor. 1.V.2o. &amp; Exod.34.v."
                    HPOS="669"
                    VPOS="1821"
                    WIDTH="1068"
                    HEIGHT="73"
                    WC="0.992118660439836"></String>
          </TextLine>

          
          
          <TextLine ID="eSc_line_943ad708"
                    TAGREFS="LT4119"
                    BASELINE="673 1925 1740 1928" 
                    HPOS="672"
                    VPOS="1876"
                    WIDTH="1068"
                    HEIGHT="81">
            <Shape><Polygon POINTS="673 1925 672 1949 721 1954 722 1954 724 1954 736 1951 757 1943 764 1951 768 1954 770 1954 771 1954 773 1955 838 1955 838 1954 840 1954 852 1951 875 1943 884 1951 887 1954 889 1954 890 1954 892 1955 945 1955 945 1954 947 1954 948 1954 948 1952 951 1951 960 1943 1088 1943 1110 1951 1119 1954 1121 1954 1122 1954 1154 1951 1183 1948 1194 1951 1207 1955 1209 1955 1210 1957 1262 1957 1262 1955 1264 1955 1273 1951 1283 1945 1329 1951 1363 1955 1365 1955 1417 1954 1418 1954 1420 1954 1423 1951 1435 1945 1509 1945 1533 1951 1548 1955 1549 1955 1551 1955 1738 1951 1740 1928 1738 1893 1685 1884 1683 1884 1585 1891 1576 1891 1573 1891 1521 1878 1519 1878 1438 1878 1436 1878 1435 1878 1433 1878 1412 1890 1411 1891 1405 1890 1359 1881 1357 1881 1356 1881 1354 1881 1344 1890 1341 1893 1265 1893 1262 1890 1247 1878 1246 1878 1244 1878 1194 1876 1192 1876 1118 1885 1085 1876 1084 1876 1082 1876 1009 1878 1008 1878 978 1888 971 1891 926 1891 920 1888 899 1876 898 1876 867 1876 865 1876 864 1876 862 1876 844 1887 840 1890 826 1887 779 1876 777 1876 776 1876 749 1887 740 1890 725 1887 699 1881 697 1881 673 1885 673 1925"/></Shape>
	    <String CONTENT="67. &amp; paſſim in Pſalmis &amp; hæc, &amp; alia leguntur."
                    HPOS="672"
                    VPOS="1876"
                    WIDTH="1068"
                    HEIGHT="81"
                    WC="0.99902476655676"></String>
          </TextLine>

          
          
          <TextLine ID="eSc_line_4cd0d124"
                    TAGREFS="LT4119"
                    BASELINE="722 1988 1487 1982 1741 1988" 
                    HPOS="721"
                    VPOS="1936"
                    WIDTH="1020"
                    HEIGHT="80">
            <Shape><Polygon POINTS="722 1988 722 2016 890 2015 892 2015 893 2015 908 2006 1029 2015 1032 2015 1033 2015 1035 2015 1085 2004 1224 2004 1237 2013 1238 2013 1240 2013 1241 2013 1253 2013 1380 2012 1381 2012 1409 2003 1493 2012 1494 2012 1740 2010 1741 1988 1738 1949 1531 1949 1500 1936 1499 1936 1427 1936 1426 1936 1424 1936 1423 1936 1409 1946 1342 1940 1341 1940 1340 1940 1338 1940 1338 1942 1326 1951 1326 1952 1284 1952 1284 1951 1271 1942 1270 1942 1268 1942 1267 1942 1265 1942 1264 1942 1253 1952 1219 1952 1207 1942 1206 1942 1204 1942 1203 1942 1173 1948 1140 1937 1139 1937 1137 1937 1136 1937 1116 1946 1039 1937 1038 1937 1036 1937 983 1952 957 1942 956 1942 954 1942 886 1949 867 1939 865 1939 864 1939 862 1939 834 1952 752 1940 751 1940 749 1940 721 1952 722 1988"/></Shape>
	    <String CONTENT="Rex ſeculorum) dicitur quia condidit tempo¬"
                    HPOS="721"
                    VPOS="1936"
                    WIDTH="1020"
                    HEIGHT="80"
                    WC="0.993856881940088"></String>
          </TextLine>

          
          
          <TextLine ID="eSc_line_59d89d9b"
                    TAGREFS="LT4119"
                    BASELINE="672 2047 1738 2044" 
                    HPOS="670"
                    VPOS="2000"
                    WIDTH="1068"
                    HEIGHT="74">
            <Shape><Polygon POINTS="672 2047 672 2065 752 2065 755 2067 768 2074 770 2074 771 2074 773 2074 1006 2073 1008 2073 1021 2067 1026 2065 1061 2067 1174 2074 1176 2074 1177 2074 1200 2067 1215 2064 1229 2068 1250 2073 1252 2073 1253 2073 1255 2073 1276 2068 1286 2065 1295 2068 1310 2073 1311 2073 1313 2074 1470 2074 1470 2073 1472 2073 1484 2068 1496 2064 1735 2068 1738 2044 1737 2009 1726 2000 1725 2000 1723 2000 1722 2000 1637 2009 1600 2000 1598 2000 1597 2000 1447 2009 1395 2000 1393 2000 1256 2009 1204 2000 1203 2000 1201 2000 1200 2000 1185 2010 910 2001 908 2001 907 2001 905 2001 892 2012 758 2012 739 2003 737 2003 736 2003 670 2012 672 2047"/></Shape>
	    <String CONTENT="ra non tantùm hæc quæ dicuntur Αʹιώνιά  Tit.1.V.2"
                    HPOS="670"
                    VPOS="2000"
                    WIDTH="1068"
                    HEIGHT="74"></String>
          </TextLine>

          
          
          <TextLine ID="eSc_line_cc34f120"
                    TAGREFS="LT4119"
                    BASELINE="672 2107 1741 2099" 
                    HPOS="670"
                    VPOS="2056"
                    WIDTH="1071"
                    HEIGHT="79">
            <Shape><Polygon POINTS="672 2107 672 2126 754 2135 755 2135 890 2126 933 2125 954 2126 1008 2134 1009 2134 1088 2132 1090 2132 1091 2132 1099 2126 1106 2123 1163 2126 1219 2131 1221 2131 1241 2126 1253 2125 1261 2126 1274 2132 1276 2132 1277 2132 1369 2131 1371 2131 1372 2131 1375 2126 1383 2122 1411 2126 1435 2131 1436 2132 1525 2132 1525 2131 1527 2131 1542 2126 1569 2120 1606 2120 1616 2126 1619 2129 1621 2129 1622 2129 1624 2129 1740 2126 1741 2099 1738 2068 1625 2068 1625 2067 1610 2056 1609 2056 1607 2056 1606 2056 1534 2067 1524 2068 1512 2067 1436 2058 1435 2058 1332 2067 1295 2071 1241 2071 1235 2067 1225 2059 1224 2059 1222 2059 1221 2059 1171 2067 1160 2068 1155 2067 1142 2061 1140 2061 1139 2061 1137 2061 1115 2067 1106 2068 1081 2067 1008 2061 1006 2061 1005 2061 1003 2061 996 2067 993 2068 987 2067 968 2061 966 2061 965 2061 939 2067 919 2071 868 2067 825 2062 823 2062 822 2062 810 2067 791 2073 780 2067 774 2062 773 2062 771 2062 770 2062 670 2065 672 2107"/></Shape>
	    <String CONTENT="&amp; à rerum conditarum ſiue creatarum initio ce¬"
                    HPOS="670"
                    VPOS="2056"
                    WIDTH="1071"
                    HEIGHT="79"
                    WC="0.974703310651982"></String>
          </TextLine>

          
          
          <TextLine ID="eSc_line_23977024"
                    TAGREFS="LT4119"
                    BASELINE="676 2166 1734 2162" 
                    HPOS="675"
                    VPOS="2117"
                    WIDTH="1059"
                    HEIGHT="98">
            <Shape><Polygon POINTS="676 2166 676 2215 730 2214 731 2214 754 2204 768 2214 770 2214 771 2214 773 2215 861 2215 861 2214 862 2214 864 2214 865 2212 884 2196 913 2207 914 2207 916 2207 939 2202 950 2210 954 2214 956 2214 957 2214 959 2215 1027 2215 1027 2214 1029 2214 1052 2208 1064 2205 1110 2207 1267 2212 1268 2212 1270 2212 1271 2212 1284 2202 1286 2202 1380 2193 1399 2201 1414 2205 1415 2205 1417 2205 1418 2205 1436 2199 1454 2193 1485 2193 1496 2198 1509 2205 1511 2205 1512 2205 1514 2205 1537 2196 1549 2193 1732 2193 1734 2162 1729 2119 1688 2128 1592 2128 1582 2119 1580 2117 1579 2117 1577 2117 1576 2117 1563 2119 1525 2128 1377 2128 1369 2120 1368 2119 1366 2119 1365 2119 1363 2119 1350 2120 1313 2128 1200 2122 1136 2119 1134 2119 1093 2123 1024 2131 978 2131 971 2123 968 2120 966 2120 965 2120 963 2120 675 2125 676 2166"/></Shape>
	    <String CONTENT="peruntiſed illa quæ fluxerunt ante mundi crea¬"
                    HPOS="675"
                    VPOS="2117"
                    WIDTH="1059"
                    HEIGHT="98"
                    WC="0.981734763021054"></String>
          </TextLine>

          
        </TextBlock>
        
        <TextBlock HPOS="1552.3135986328125"
                   VPOS="2188.980224609375"
                   WIDTH="171.770751953125"
                   HEIGHT="51.779541015625"
                   ID="block_2"
                   TAGREFS="BT10534">
          <Shape><Polygon POINTS="1552.31 2188.98 1724.08 2188.98 1724.08 2240.76 1552.31 2240.76 1552.31 2188.98"/></Shape>
          
          
          <TextLine ID="eSc_line_830fc8c4"
                    TAGREFS="LT4119"
                    BASELINE="1549 2224 1728 2221" 
                    HPOS="1548"
                    VPOS="2178"
                    WIDTH="180"
                    HEIGHT="76">
            <Shape><Polygon POINTS="1549 2224 1549 2245 1573 2254 1574 2254 1576 2254 1622 2248 1638 2247 1726 2251 1728 2221 1725 2189 1661 2189 1658 2187 1644 2178 1643 2178 1641 2178 1640 2178 1638 2178 1621 2186 1618 2187 1615 2186 1592 2178 1591 2178 1589 2178 1548 2184 1549 2224"/></Shape>
	    <String CONTENT="tionem"
                    HPOS="1548"
                    VPOS="2178"
                    WIDTH="180"
                    HEIGHT="76"
                    WC="0.998615463574727"></String>
          </TextLine>

          
        </TextBlock>
        

        
      </PrintSpace>
    </Page>
  </Layout>
</alto>
