<?xml version="1.0" encoding="UTF-8"?>
<alto xmlns:xsi="http://www.w3.org/2001/XMLSchema-instance"
      xmlns="http://www.loc.gov/standards/alto/ns-v4#"
      xsi:schemaLocation="http://www.loc.gov/standards/alto/ns-v4# http://www.loc.gov/standards/alto/v4/alto-4-2.xsd">
  <Description>
    <MeasurementUnit>pixel</MeasurementUnit>
    <sourceImageInformation>
      <fileName>2012895.png</fileName>
      
    </sourceImageInformation>
  </Description>
  
  <Tags>
    <OtherTag ID="BT10544" LABEL="text" DESCRIPTION="block type text"/><OtherTag ID="BT10543" LABEL="NumberingZone" DESCRIPTION="block type NumberingZone"/><OtherTag ID="BT10542" LABEL="MainZone" DESCRIPTION="block type MainZone"/><OtherTag ID="BT10538" LABEL="RunningTitleZone" DESCRIPTION="block type RunningTitleZone"/><OtherTag ID="BT10537" LABEL="DropCapitalZone" DESCRIPTION="block type DropCapitalZone"/><OtherTag ID="BT10536" LABEL="GraphicZone" DESCRIPTION="block type GraphicZone"/><OtherTag ID="BT10535" LABEL="TitlePageZone" DESCRIPTION="block type TitlePageZone"/><OtherTag ID="BT10534" LABEL="QuireMarksZone" DESCRIPTION="block type QuireMarksZone"/><OtherTag ID="BT10533" LABEL="MarginTextZone" DESCRIPTION="block type MarginTextZone"/>
    <OtherTag ID="LT4122" LABEL="default" DESCRIPTION="line type default"/><OtherTag ID="LT4119" LABEL="DefaultLine" DESCRIPTION="line type DefaultLine"/><OtherTag ID="LT4118" LABEL="HeadingLine" DESCRIPTION="line type HeadingLine"/><OtherTag ID="LT4117" LABEL="CustomLine : BiblicalText" DESCRIPTION="line type CustomLine : BiblicalText"/>
  </Tags>
  
  <Layout>
    <Page WIDTH="1807"
          HEIGHT="2677"
          PHYSICAL_IMG_NR="11"
          ID="eSc_dummypage_">
      <PrintSpace HPOS="0"
                  VPOS="0"
                  WIDTH="1807"
                  HEIGHT="2677">
        
        <TextBlock HPOS="411.330078125"
                   VPOS="195.32205200195312"
                   WIDTH="373.71759033203125"
                   HEIGHT="58.39837646484375"
                   ID="block_0"
                   TAGREFS="BT10538">
          <Shape><Polygon POINTS="411.33 195.322 785.048 195.322 785.048 253.72 411.33 253.72 411.33 195.322"/></Shape>
          
          
          <TextLine ID="eSc_line_3c5f41e7"
                    TAGREFS="LT4118"
                    BASELINE="419 242 774 230" 
                    HPOS="416"
                    VPOS="197"
                    WIDTH="358"
                    HEIGHT="64">
            <Shape><Polygon POINTS="425 197 416 199 419 242 419 252 444 261 446 261 447 261 489 252 492 252 499 252 594 258 596 258 597 258 612 251 617 249 773 249 774 230 770 206 759 197"/></Shape>
	    <String CONTENT="EPISTOLA."
                    HPOS="416"
                    VPOS="197"
                    WIDTH="358"
                    HEIGHT="64"
                    WC="0.999205138948229"></String>
          </TextLine>

          
        </TextBlock>
        
        <TextBlock HPOS="85.77832794189453"
                   VPOS="258.61309814453125"
                   WIDTH="1079.7253341674805"
                   HEIGHT="1927.5751342773438"
                   ID="block_1"
                   TAGREFS="BT10542">
          <Shape><Polygon POINTS="85.7783 258.613 1165.5 258.613 1165.5 2186.19 85.7783 2186.19 85.7783 258.613"/></Shape>
          
          
          <TextLine ID="eSc_line_90231d70"
                    TAGREFS="LT4119"
                    BASELINE="87 330 1136 301" 
                    HPOS="86"
                    VPOS="249"
                    WIDTH="1050"
                    HEIGHT="97">
            <Shape><Polygon POINTS="1118 257 1014 258 1002 252 991 252 977 252 969 251 950 261 843 263 806 249 804 249 803 249 734 266 697 252 696 252 694 252 693 252 663 263 652 255 651 255 649 255 648 255 646 255 645 255 645 257 633 267 557 270 542 260 541 260 539 260 538 260 536 260 535 260 524 267 499 258 498 258 496 258 362 276 315 263 313 263 312 263 245 272 141 267 139 267 138 267 92 281 86 291 87 330 87 342 196 346 197 346 273 339 287 337 295 337 358 346 359 346 361 346 362 346 362 345 373 336 374 336 380 336 464 342 465 342 466 342 468 342 468 340 475 334 478 331 484 333 513 342 514 342 516 342 517 342 536 333 539 331 542 333 565 340 566 340 568 340 569 340 571 340 582 331 585 328 591 331 605 336 606 336 608 336 641 330 657 327 666 330 684 336 685 336 687 336 688 336 690 336 699 328 703 325 715 328 745 336 746 336 748 336 749 336 768 327 776 324 800 327 858 333 859 333 861 333 887 324 889 324 892 324 911 331 913 331 914 331 1134 318 1136 301 1131 264 1125 260"/></Shape>
	    <String CONTENT="dicebatur) non ſolo conſenſu populi, aut"
                    HPOS="86"
                    VPOS="249"
                    WIDTH="1050"
                    HEIGHT="97"
                    WC="0.995698544383049"></String>
          </TextLine>

          
          
          <TextLine ID="eSc_line_eb2e005d"
                    TAGREFS="LT4119"
                    BASELINE="92 397 1137 370" 
                    HPOS="89"
                    VPOS="316"
                    WIDTH="1048"
                    HEIGHT="95">
            <Shape><Polygon POINTS="92 397 92 410 438 411 440 411 600 407 664 397 673 395 688 395 795 401 797 401 853 391 858 391 862 391 902 400 904 400 1035 386 1042 386 1044 386 1064 395 1066 395 1067 395 1069 395 1070 395 1085 385 1087 385 1106 392 1107 392 1109 392 1110 392 1137 383 1137 370 1133 327 1061 327 1036 316 1035 316 1033 316 1032 316 1030 316 1014 328 1011 330 899 333 812 333 806 330 788 322 786 322 785 322 712 325 710 325 709 325 703 331 699 334 678 331 635 327 633 327 606 333 582 339 574 333 569 330 568 330 566 330 565 330 563 330 562 330 557 333 548 340 480 334 438 331 437 331 401 336 331 345 291 337 282 336 281 336 279 336 278 336 276 337 258 349 223 349 212 339 211 339 209 339 208 339 89 339 92 397"/></Shape>
	    <String CONTENT="ſolo vocis ſuffragio, ſanè iſta omnia ſunt"
                    HPOS="89"
                    VPOS="316"
                    WIDTH="1048"
                    HEIGHT="95"
                    WC="0.994082170863484"></String>
          </TextLine>

          
          
          <TextLine ID="eSc_line_4bd61f90"
                    TAGREFS="LT4119"
                    BASELINE="90 465 1133 440" 
                    HPOS="87"
                    VPOS="383"
                    WIDTH="1046"
                    HEIGHT="100">
            <Shape><Polygon POINTS="90 465 90 478 272 483 273 483 275 483 276 483 288 474 292 474 334 481 336 481 337 481 364 472 365 472 367 472 394 480 395 480 397 480 455 471 464 469 499 469 709 471 710 471 762 464 770 462 771 462 782 469 783 469 785 469 786 469 887 468 889 468 922 459 923 459 928 459 1006 465 1008 465 1131 453 1133 440 1130 398 1008 383 1006 383 965 385 963 385 929 398 919 403 880 400 779 389 777 389 725 400 694 407 670 401 639 392 638 392 636 392 591 401 542 413 452 416 392 416 371 404 370 404 368 404 292 417 251 404 246 403 245 403 243 403 232 404 188 410 87 406 90 465"/></Shape>
	    <String CONTENT="accidentaria, non eſſentialia in electio¬"
                    HPOS="87"
                    VPOS="383"
                    WIDTH="1046"
                    HEIGHT="100"
                    WC="0.962737775430447"></String>
          </TextLine>

          
          
          <TextLine ID="eSc_line_68855404"
                    TAGREFS="LT4119"
                    BASELINE="92 535 1142 508" 
                    HPOS="89"
                    VPOS="450"
                    WIDTH="1053"
                    HEIGHT="103">
            <Shape><Polygon POINTS="92 535 92 553 1142 524 1142 508 1140 464 1124 450 1122 450 1121 450 1082 450 1081 450 1003 461 965 453 963 453 962 453 907 468 901 469 896 468 875 459 874 459 873 459 871 459 852 468 846 471 831 469 789 462 788 462 786 462 768 469 761 472 755 469 740 464 739 464 737 464 709 469 697 472 688 469 661 462 660 462 658 462 657 462 627 471 606 477 588 471 565 464 563 464 562 464 560 464 559 464 548 471 547 472 539 471 501 465 499 465 401 471 400 471 398 471 395 472 377 484 246 486 206 478 205 478 203 478 185 487 157 475 153 474 151 474 150 474 89 475 92 535"/></Shape>
	    <String CONTENT="ne. Sic igitur ſtatuimus, quæ verbo Dei"
                    HPOS="89"
                    VPOS="450"
                    WIDTH="1053"
                    HEIGHT="103"
                    WC="0.986493585965572"></String>
          </TextLine>

          
          
          <TextLine ID="eSc_line_512adac8"
                    TAGREFS="LT4119"
                    BASELINE="93 603 1142 575" 
                    HPOS="90"
                    VPOS="519"
                    WIDTH="1052"
                    HEIGHT="105">
            <Shape><Polygon POINTS="93 603 93 617 154 624 156 624 221 615 254 623 255 623 257 623 258 623 260 623 272 614 312 621 313 621 376 611 380 611 385 611 422 618 423 618 425 618 441 609 443 609 456 609 568 614 569 614 571 614 593 606 599 605 606 606 642 612 643 612 725 603 755 600 791 602 864 605 865 605 922 599 948 596 956 597 972 603 974 603 975 603 1142 593 1142 575 1139 523 977 519 975 519 974 519 950 527 942 530 925 529 867 522 865 522 864 522 862 522 862 523 853 530 850 535 713 536 709 535 696 529 694 529 693 529 691 529 690 529 682 536 681 538 676 536 661 530 660 530 658 530 657 530 635 538 630 538 627 538 593 530 591 530 542 539 527 542 504 541 429 536 428 536 426 536 403 544 398 545 394 544 355 536 353 536 352 536 328 547 327 547 310 539 309 539 307 539 234 548 215 539 214 539 212 539 147 541 90 553 93 603"/></Shape>
	    <String CONTENT="fieri &amp; obſeruari ad regendam Eccleſiam"
                    HPOS="90"
                    VPOS="519"
                    WIDTH="1052"
                    HEIGHT="105"
                    WC="0.997584549280313"></String>
          </TextLine>

          
          
          <TextLine ID="eSc_line_0d997b72"
                    TAGREFS="LT4119"
                    BASELINE="95 670 1139 643" 
                    HPOS="92"
                    VPOS="588"
                    WIDTH="1047"
                    HEIGHT="100">
            <Shape><Polygon POINTS="95 670 95 684 325 688 327 688 419 685 420 685 435 678 443 675 530 676 670 679 672 679 707 673 742 667 794 672 837 675 838 675 840 675 841 675 841 673 846 670 853 664 892 670 911 672 913 673 963 673 963 672 965 672 974 669 990 661 1011 667 1017 669 1018 669 1020 669 1021 669 1023 669 1023 667 1024 667 1032 660 1136 664 1139 643 1136 602 1078 588 1076 588 1075 588 1020 603 1017 603 1015 603 966 591 965 591 963 591 962 591 945 605 944 605 907 593 905 593 904 593 902 593 901 593 884 606 883 606 865 599 864 599 862 599 768 608 764 608 762 608 733 597 731 597 730 597 728 597 681 609 669 612 651 611 588 602 587 602 536 609 484 605 483 605 481 605 453 614 437 618 407 615 352 608 350 608 349 608 331 617 321 623 257 623 249 618 248 615 246 615 245 615 243 615 221 618 181 624 169 620 154 612 153 612 151 612 92 620 95 670"/></Shape>
	    <String CONTENT="iubentur, ſiue illa de perſonis eligendis,"
                    HPOS="92"
                    VPOS="588"
                    WIDTH="1047"
                    HEIGHT="100"
                    WC="0.966791903688794"></String>
          </TextLine>

          
          
          <TextLine ID="eSc_line_4f6219a9"
                    TAGREFS="LT4119"
                    BASELINE="96 740 1140 710" 
                    HPOS="93"
                    VPOS="657"
                    WIDTH="1047"
                    HEIGHT="99">
            <Shape><Polygon POINTS="96 740 96 756 1139 725 1140 710 1136 667 1036 667 986 657 984 657 983 657 981 657 959 670 840 661 838 661 837 661 810 675 789 667 788 667 786 667 557 682 550 682 545 682 437 675 435 675 434 675 406 687 404 688 353 688 346 688 249 678 248 678 205 679 203 679 202 679 202 681 190 691 145 681 144 681 142 681 93 694 96 740"/></Shape>
	    <String CONTENT="ſiue de iam electarum munere, ſiue de re¬"
                    HPOS="93"
                    VPOS="657"
                    WIDTH="1047"
                    HEIGHT="99"
                    WC="0.984049622605487"></String>
          </TextLine>

          
          
          <TextLine ID="eSc_line_fd100a5a"
                    TAGREFS="LT4119"
                    BASELINE="98 807 1145 780" 
                    HPOS="95"
                    VPOS="727"
                    WIDTH="1050"
                    HEIGHT="102">
            <Shape><Polygon POINTS="98 807 98 829 208 829 208 828 224 825 272 817 307 823 318 825 319 825 321 825 327 823 349 816 376 822 386 823 388 823 417 820 510 812 594 816 618 817 620 817 633 816 681 807 721 813 731 814 733 814 734 814 736 814 737 813 746 806 771 812 776 813 777 813 779 813 780 813 782 813 783 812 798 803 911 801 959 807 968 809 969 809 990 807 1090 797 1142 803 1145 780 1142 737 1039 727 1038 727 1036 727 1035 727 1035 728 1024 739 1023 739 1006 733 1005 733 1003 733 878 740 823 743 807 742 758 734 757 734 755 734 740 742 734 745 719 743 678 736 676 736 643 743 632 746 626 743 614 739 612 739 611 739 511 742 510 742 493 746 468 752 441 746 425 743 423 743 400 748 355 755 251 749 215 748 214 748 212 748 211 748 209 749 196 761 156 761 144 752 142 752 141 752 95 752 98 807"/></Shape>
	    <String CONTENT="Iiquis diſciplinæ Eccleſiaſticæ capitibus"
                    HPOS="95"
                    VPOS="727"
                    WIDTH="1050"
                    HEIGHT="102"
                    WC="0.970568489737627"></String>
          </TextLine>

          
          
          <TextLine ID="eSc_line_fd67462b"
                    TAGREFS="LT4119"
                    BASELINE="101 875 1148 847" 
                    HPOS="98"
                    VPOS="795"
                    WIDTH="1050"
                    HEIGHT="107">
            <Shape><Polygon POINTS="101 875 101 890 127 902 129 902 130 902 303 887 478 893 480 893 481 893 483 893 483 892 484 892 489 886 529 892 530 892 532 892 563 878 565 878 593 889 594 889 596 889 875 870 892 870 896 870 980 880 981 880 1146 862 1148 847 1145 806 1102 795 1100 795 1099 795 1097 795 1078 806 969 807 928 797 926 797 925 797 877 806 816 800 815 800 813 800 812 800 792 814 791 816 758 816 745 814 651 804 649 804 648 804 602 817 591 822 481 823 475 820 462 812 461 812 459 812 458 812 456 812 455 812 455 813 444 822 441 825 414 825 392 822 319 813 318 813 229 826 193 831 179 826 156 819 154 819 153 819 98 828 101 875"/></Shape>
	    <String CONTENT="agant, illa, inquam, eſſe οὐσιώδη. Quæ au¬"
                    HPOS="98"
                    VPOS="795"
                    WIDTH="1050"
                    HEIGHT="107"></String>
          </TextLine>

          
          
          <TextLine ID="eSc_line_9c24ce6f"
                    TAGREFS="LT4119"
                    BASELINE="102 945 1151 917" 
                    HPOS="99"
                    VPOS="864"
                    WIDTH="1052"
                    HEIGHT="99">
            <Shape><Polygon POINTS="102 945 102 963 425 963 425 962 426 962 428 962 428 960 437 953 437 951 487 948 514 950 596 957 597 957 599 957 642 947 652 944 658 945 675 953 676 953 678 953 721 944 724 944 727 944 761 953 762 953 764 953 765 953 792 942 831 950 832 950 834 950 835 950 847 941 849 939 856 939 928 948 929 948 980 936 987 933 1149 931 1151 917 1148 875 1093 864 1091 864 1090 864 1088 864 1078 871 1041 865 1039 865 1038 865 1036 865 1020 877 929 868 928 868 835 881 774 872 773 872 771 872 749 883 727 874 725 874 724 874 652 887 649 887 646 887 556 878 554 878 553 878 530 890 523 890 376 887 374 887 373 887 352 895 294 886 292 886 291 886 258 896 226 887 224 887 223 887 221 887 220 887 206 899 205 899 171 890 169 890 168 890 166 890 165 890 153 901 151 901 127 893 126 893 124 893 123 893 99 901 102 945"/></Shape>
	    <String CONTENT="tem in quaque vel prouincia, vel Eccleſia"
                    HPOS="99"
                    VPOS="864"
                    WIDTH="1052"
                    HEIGHT="99"
                    WC="0.979592368370149"></String>
          </TextLine>

          
          
          <TextLine ID="eSc_line_597ff218"
                    TAGREFS="LT4119"
                    BASELINE="104 1012 1151 986" 
                    HPOS="101"
                    VPOS="929"
                    WIDTH="1050"
                    HEIGHT="107">
            <Shape><Polygon POINTS="104 1012 104 1026 136 1036 138 1036 139 1036 141 1036 168 1026 212 1033 214 1033 215 1033 257 1023 272 1032 273 1032 275 1032 276 1033 334 1033 334 1032 437 1029 438 1029 474 1017 507 1027 508 1027 510 1027 571 1018 603 1023 605 1023 606 1023 630 1012 675 1023 676 1023 743 1009 745 1009 791 1020 792 1020 859 1018 936 1003 980 1003 990 1012 991 1012 993 1012 994 1012 1041 1002 1105 1006 1106 1006 1151 997 1151 986 1148 942 1093 929 1091 929 1090 929 948 942 868 936 867 936 865 936 847 945 785 938 783 938 782 938 739 948 682 939 681 939 679 939 651 950 626 941 624 941 623 941 621 941 620 941 600 956 569 945 568 945 566 945 565 945 563 945 545 957 516 944 514 944 513 944 511 944 510 944 486 959 484 960 449 960 440 960 350 954 349 954 348 954 327 963 325 965 232 965 215 953 214 953 212 953 168 953 166 953 101 968 104 1012"/></Shape>
	    <String CONTENT="ad hæc ipſa præſtanda, &amp; ad praxin dedu¬"
                    HPOS="101"
                    VPOS="929"
                    WIDTH="1050"
                    HEIGHT="107"
                    WC="0.996330027282238"></String>
          </TextLine>

          
          
          <TextLine ID="eSc_line_7cbecd29"
                    TAGREFS="LT4119"
                    BASELINE="102 1079 1149 1055" 
                    HPOS="101"
                    VPOS="1002"
                    WIDTH="1048"
                    HEIGHT="98">
            <Shape><Polygon POINTS="102 1079 102 1100 174 1093 557 1093 559 1093 559 1091 560 1091 591 1081 755 1078 795 1085 797 1085 798 1085 825 1076 1146 1078 1149 1055 1146 1012 1113 1002 1112 1002 1110 1002 1066 1003 1064 1003 1063 1003 1063 1005 1051 1014 1048 1017 1012 1015 902 1008 901 1008 899 1008 875 1017 873 1017 862 1017 774 1009 773 1009 724 1018 721 1018 716 1018 681 1011 679 1011 678 1011 676 1011 664 1018 654 1026 641 1018 633 1015 632 1015 484 1015 483 1015 481 1015 480 1015 474 1021 462 1032 257 1035 230 1024 227 1023 226 1023 224 1023 223 1023 220 1024 194 1036 101 1026 102 1079"/></Shape>
	    <String CONTENT="cenda commodiora iudicantur, &amp; conſti¬"
                    HPOS="101"
                    VPOS="1002"
                    WIDTH="1048"
                    HEIGHT="98"
                    WC="0.98127219080925"></String>
          </TextLine>

          
          
          <TextLine ID="eSc_line_e1d4d473"
                    TAGREFS="LT4119"
                    BASELINE="105 1149 1146 1122" 
                    HPOS="102"
                    VPOS="1064"
                    WIDTH="1044"
                    HEIGHT="100">
            <Shape><Polygon POINTS="105 1149 105 1164 507 1163 508 1163 524 1155 527 1154 532 1155 557 1161 559 1161 560 1161 562 1161 563 1161 563 1160 571 1154 572 1151 740 1148 749 1149 786 1155 788 1155 789 1155 791 1155 800 1148 801 1146 803 1148 819 1154 820 1154 822 1154 861 1146 862 1146 864 1146 971 1151 972 1151 974 1151 997 1142 999 1142 1006 1142 1085 1148 1087 1148 1145 1137 1146 1122 1140 1064 1119 1075 1079 1066 1075 1066 1073 1066 1072 1066 1070 1066 1048 1078 1021 1069 1020 1069 1012 1069 939 1069 938 1069 936 1069 932 1070 902 1084 877 1076 875 1076 874 1076 831 1085 803 1075 800 1073 798 1073 797 1073 765 1075 697 1081 690 1078 682 1075 681 1075 679 1075 678 1075 664 1078 636 1085 611 1079 599 1078 597 1078 596 1078 590 1081 563 1094 478 1084 450 1081 449 1081 447 1081 432 1085 389 1100 269 1102 248 1091 248 1090 246 1090 245 1090 243 1090 242 1090 237 1091 203 1103 160 1093 156 1093 154 1093 102 1094 105 1149"/></Shape>
	    <String CONTENT="tuuntur, ea eſſe συμβεβηκότα quædã, velu¬"
                    HPOS="102"
                    VPOS="1064"
                    WIDTH="1044"
                    HEIGHT="100"></String>
          </TextLine>

          
          
          <TextLine ID="eSc_line_c4fd8298"
                    TAGREFS="LT4119"
                    BASELINE="105 1216 1151 1194" 
                    HPOS="104"
                    VPOS="1142"
                    WIDTH="1047"
                    HEIGHT="95">
            <Shape><Polygon POINTS="105 1216 105 1226 132 1237 133 1237 135 1237 382 1234 446 1222 559 1229 560 1229 562 1229 591 1218 593 1218 632 1228 633 1228 635 1228 636 1228 638 1228 651 1218 724 1225 725 1225 810 1216 858 1223 859 1223 861 1223 862 1223 878 1213 905 1222 907 1222 908 1222 910 1222 941 1212 960 1218 962 1218 963 1218 965 1218 980 1210 981 1209 1151 1206 1151 1194 1148 1142 948 1142 947 1142 945 1142 944 1142 944 1143 939 1146 931 1157 846 1157 823 1149 804 1145 803 1145 801 1145 800 1145 780 1151 758 1158 739 1152 724 1148 722 1148 721 1148 688 1154 661 1158 636 1155 593 1149 591 1149 590 1149 588 1149 577 1157 565 1164 520 1165 472 1165 465 1160 459 1154 458 1154 456 1154 455 1154 453 1154 437 1160 422 1167 313 1168 288 1164 245 1157 243 1157 104 1168 105 1216"/></Shape>
	    <String CONTENT="ti vt hoc potius quàm illo tẽpore fiat ver"
                    HPOS="104"
                    VPOS="1142"
                    WIDTH="1047"
                    HEIGHT="95"
                    WC="0.981155585158955"></String>
          </TextLine>

          
          
          <TextLine ID="eSc_line_df2fbf71"
                    TAGREFS="LT4119"
                    BASELINE="107 1284 1151 1261" 
                    HPOS="104"
                    VPOS="1204"
                    WIDTH="1047"
                    HEIGHT="103">
            <Shape><Polygon POINTS="107 1284 107 1299 166 1307 168 1307 215 1298 223 1296 227 1296 249 1304 251 1304 252 1304 254 1304 275 1296 279 1293 432 1290 449 1292 504 1298 505 1298 550 1289 562 1287 566 1289 584 1296 585 1296 587 1296 642 1289 815 1292 816 1292 817 1292 819 1292 832 1283 834 1281 837 1283 853 1287 855 1287 856 1287 917 1280 925 1280 926 1280 945 1287 947 1287 948 1287 950 1287 969 1279 972 1279 977 1279 1018 1287 1020 1287 1151 1274 1151 1261 1148 1204 1082 1204 1081 1204 1079 1204 1078 1204 1076 1206 1055 1218 1018 1215 1017 1215 1015 1215 1014 1215 1005 1222 962 1209 954 1207 953 1207 951 1207 950 1207 938 1210 883 1225 844 1215 843 1215 841 1215 840 1215 810 1226 757 1218 755 1218 754 1218 715 1228 690 1218 681 1215 679 1215 678 1215 655 1219 599 1231 574 1225 572 1225 571 1225 569 1225 547 1232 536 1222 530 1218 529 1218 527 1218 496 1218 495 1218 419 1221 417 1221 416 1221 416 1222 410 1226 401 1235 386 1228 385 1226 383 1226 382 1226 380 1226 377 1228 356 1238 236 1238 209 1232 171 1225 169 1225 104 1235 107 1284"/></Shape>
	    <String CONTENT="bi Dei concio: hoc potius quàm illo preſ¬"
                    HPOS="104"
                    VPOS="1204"
                    WIDTH="1047"
                    HEIGHT="103"
                    WC="0.973159199669248"></String>
          </TextLine>

          
          
          <TextLine ID="eSc_line_81ff5461"
                    TAGREFS="LT4119"
                    BASELINE="108 1353 1152 1328" 
                    HPOS="105"
                    VPOS="1279"
                    WIDTH="1047"
                    HEIGHT="96">
            <Shape><Polygon POINTS="108 1353 108 1375 168 1375 168 1374 169 1374 171 1374 172 1372 184 1365 395 1366 472 1366 474 1366 587 1363 588 1363 597 1360 617 1354 709 1357 765 1359 767 1359 768 1359 776 1356 788 1350 812 1354 831 1357 832 1357 834 1357 835 1357 840 1353 846 1348 865 1353 880 1356 881 1356 1151 1344 1152 1328 1149 1289 1079 1280 1078 1280 1024 1289 991 1279 990 1279 989 1279 987 1279 948 1289 911 1280 910 1280 908 1280 855 1290 835 1295 809 1292 774 1287 773 1287 771 1287 770 1287 765 1292 758 1296 713 1292 685 1290 684 1290 682 1290 675 1293 657 1299 594 1293 584 1293 582 1293 581 1293 580 1293 569 1301 516 1295 477 1290 475 1290 474 1290 461 1295 450 1298 419 1295 391 1293 389 1293 388 1293 386 1293 386 1295 385 1296 373 1305 339 1296 333 1295 331 1295 330 1295 328 1295 322 1296 287 1310 227 1310 190 1298 188 1298 187 1298 105 1298 108 1353"/></Shape>
	    <String CONTENT="byterorum vel diaconorum numero con¬"
                    HPOS="105"
                    VPOS="1279"
                    WIDTH="1047"
                    HEIGHT="96"
                    WC="0.987686157226562"></String>
          </TextLine>

          
          
          <TextLine ID="eSc_line_dabdb233"
                    TAGREFS="LT4119"
                    BASELINE="110 1420 1152 1399" 
                    HPOS="108"
                    VPOS="1341"
                    WIDTH="1044"
                    HEIGHT="100">
            <Shape><Polygon POINTS="110 1420 110 1441 353 1430 449 1435 464 1435 465 1435 466 1435 469 1435 496 1426 652 1430 664 1430 666 1430 667 1430 669 1430 678 1421 780 1420 1151 1420 1152 1399 1148 1341 1075 1350 1047 1344 1039 1342 1038 1342 1036 1342 1035 1342 1033 1344 1020 1353 987 1345 977 1344 975 1344 974 1344 966 1347 922 1360 868 1350 853 1347 852 1347 850 1347 843 1350 816 1363 755 1363 712 1354 687 1350 685 1350 684 1350 682 1350 673 1356 657 1366 630 1366 618 1357 609 1351 608 1351 606 1351 577 1351 575 1351 574 1351 572 1351 562 1359 557 1363 553 1360 544 1354 542 1354 541 1354 477 1354 475 1354 414 1365 374 1371 362 1366 337 1356 336 1356 334 1356 273 1357 272 1357 245 1369 236 1375 108 1375 110 1420"/></Shape>
	    <String CONTENT="tenta ſit hæc Eccleſia, hoc eſt συμβεβηκòς"
                    HPOS="108"
                    VPOS="1341"
                    WIDTH="1044"
                    HEIGHT="100"></String>
          </TextLine>

          
          
          <TextLine ID="eSc_line_5050ac4e"
                    TAGREFS="LT4119"
                    BASELINE="110 1488 1154 1466" 
                    HPOS="108"
                    VPOS="1412"
                    WIDTH="1046"
                    HEIGHT="99">
            <Shape><Polygon POINTS="110 1488 110 1509 245 1511 246 1511 279 1506 304 1502 334 1505 374 1508 376 1508 416 1502 459 1496 483 1500 507 1505 508 1505 533 1499 554 1494 582 1497 606 1500 608 1500 641 1496 681 1491 728 1494 803 1499 804 1499 904 1490 936 1487 950 1488 990 1494 991 1494 993 1494 1008 1487 1015 1484 1029 1487 1063 1493 1064 1493 1154 1482 1154 1466 1149 1415 1107 1421 1097 1415 1093 1412 1091 1412 1090 1412 1088 1412 1087 1412 1078 1415 1060 1423 911 1418 877 1418 875 1418 874 1418 873 1418 873 1420 864 1427 840 1420 828 1417 826 1417 825 1417 797 1421 731 1430 678 1423 664 1421 663 1421 661 1421 657 1423 638 1432 603 1424 602 1424 600 1424 599 1424 597 1424 597 1426 588 1433 541 1426 524 1423 523 1423 522 1423 516 1426 496 1436 453 1436 416 1427 414 1427 413 1427 411 1427 407 1427 349 1438 279 1430 267 1429 266 1429 108 1432 110 1488"/></Shape>
	    <String CONTENT="miniméque οὐσιῶδες. Iam igitur ad quæ¬"
                    HPOS="108"
                    VPOS="1412"
                    WIDTH="1046"
                    HEIGHT="99"></String>
          </TextLine>

          
          
          <TextLine ID="eSc_line_3d34ee6c"
                    TAGREFS="LT4119"
                    BASELINE="108 1558 1158 1537" 
                    HPOS="107"
                    VPOS="1481"
                    WIDTH="1051"
                    HEIGHT="99">
            <Shape><Polygon POINTS="108 1558 108 1570 166 1580 168 1580 255 1579 257 1579 281 1569 282 1569 304 1569 474 1574 475 1574 477 1574 478 1574 489 1567 493 1564 511 1567 554 1573 556 1573 710 1564 858 1557 896 1563 899 1563 901 1563 905 1563 960 1555 986 1563 994 1564 996 1564 997 1564 999 1564 1008 1561 1033 1552 1122 1552 1155 1560 1158 1537 1155 1488 1097 1481 1096 1481 1094 1481 1069 1490 1058 1493 1048 1490 1029 1482 1027 1482 1026 1482 919 1484 847 1485 846 1485 844 1485 834 1493 825 1502 768 1502 749 1496 727 1488 725 1488 724 1488 722 1488 707 1496 693 1503 669 1497 664 1496 663 1496 661 1496 654 1497 617 1505 590 1499 569 1493 568 1493 566 1493 565 1493 553 1499 541 1505 535 1499 527 1493 526 1493 524 1493 469 1493 468 1493 428 1502 388 1511 199 1512 185 1506 178 1500 176 1500 175 1500 174 1500 107 1506 108 1558"/></Shape>
	    <String CONTENT="ſtionem propoſitam ex hac diſtinctione"
                    HPOS="107"
                    VPOS="1481"
                    WIDTH="1051"
                    HEIGHT="99"
                    WC="0.992923951462696"></String>
          </TextLine>

          
          
          <TextLine ID="eSc_line_050fcca9"
                    TAGREFS="LT4119"
                    BASELINE="111 1627 1155 1607" 
                    HPOS="110"
                    VPOS="1551"
                    WIDTH="1045"
                    HEIGHT="93">
            <Shape><Polygon POINTS="111 1627 111 1637 270 1644 272 1644 423 1632 435 1632 441 1632 496 1640 498 1640 581 1631 594 1629 603 1629 670 1637 672 1637 754 1628 767 1627 774 1627 807 1632 809 1632 941 1625 969 1624 972 1624 990 1631 991 1631 993 1631 1155 1621 1155 1607 1152 1561 1033 1561 1002 1551 1000 1551 999 1551 997 1551 996 1551 996 1552 986 1561 972 1552 971 1552 969 1552 916 1552 914 1552 913 1552 911 1552 893 1566 825 1566 755 1555 754 1555 752 1555 751 1555 751 1557 737 1567 699 1558 697 1558 696 1558 669 1569 593 1561 591 1561 590 1561 560 1570 522 1560 520 1560 519 1560 517 1560 516 1560 516 1561 504 1571 386 1563 385 1563 383 1563 350 1574 324 1564 322 1564 270 1564 269 1564 267 1564 245 1576 142 1567 141 1567 139 1567 110 1579 111 1627"/></Shape>
	    <String CONTENT="ſic reſpondemus, vt quæ ſunt diſciplinæ"
                    HPOS="110"
                    VPOS="1551"
                    WIDTH="1045"
                    HEIGHT="93"
                    WC="0.988661649899605"></String>
          </TextLine>

          
          
          <TextLine ID="eSc_line_6499bd5b"
                    TAGREFS="LT4119"
                    BASELINE="113 1696 1157 1671" 
                    HPOS="110"
                    VPOS="1616"
                    WIDTH="1047"
                    HEIGHT="103">
            <Shape><Polygon POINTS="113 1696 113 1716 151 1719 153 1719 154 1719 168 1714 190 1708 248 1713 279 1714 281 1714 282 1714 290 1711 298 1707 337 1710 377 1713 379 1713 431 1707 483 1701 510 1704 535 1708 536 1708 538 1708 553 1704 566 1699 590 1702 630 1707 632 1707 633 1707 652 1701 664 1696 672 1699 685 1705 687 1705 688 1705 783 1696 817 1693 837 1695 904 1701 905 1701 907 1701 925 1692 932 1699 933 1699 935 1699 936 1699 1091 1696 1157 1685 1157 1671 1152 1629 1026 1631 1020 1629 972 1616 971 1616 969 1616 968 1616 966 1616 944 1629 899 1619 898 1619 896 1619 856 1629 801 1621 800 1621 752 1631 722 1640 661 1641 638 1641 623 1632 611 1625 609 1625 608 1625 606 1625 547 1627 545 1627 544 1627 536 1632 523 1644 475 1646 407 1646 389 1634 385 1631 383 1631 382 1631 380 1631 356 1634 313 1641 221 1635 212 1635 211 1635 209 1635 190 1646 175 1635 174 1635 172 1635 171 1635 110 1635 113 1696"/></Shape>
	    <String CONTENT="Eccleſiaſticæ οὐσιώδη augeri minuíue no¬"
                    HPOS="110"
                    VPOS="1616"
                    WIDTH="1047"
                    HEIGHT="103"></String>
          </TextLine>

          
          
          <TextLine ID="eSc_line_3770b8e1"
                    TAGREFS="LT4119"
                    BASELINE="114 1765 1157 1740" 
                    HPOS="111"
                    VPOS="1686"
                    WIDTH="1046"
                    HEIGHT="100">
            <Shape><Polygon POINTS="114 1765 114 1778 234 1786 236 1786 315 1777 337 1774 342 1775 355 1783 356 1783 358 1783 398 1775 422 1771 459 1774 505 1778 507 1778 508 1778 522 1774 533 1769 560 1772 593 1777 594 1777 633 1771 682 1765 749 1769 786 1772 788 1772 865 1768 1096 1754 1155 1763 1157 1740 1152 1689 1096 1696 1063 1690 1032 1686 1030 1686 1029 1686 1014 1692 1002 1698 990 1693 975 1687 974 1687 972 1687 933 1695 899 1702 886 1696 873 1690 871 1690 870 1690 868 1690 840 1698 816 1704 770 1701 701 1695 700 1695 434 1701 432 1701 408 1711 403 1716 232 1720 193 1720 191 1719 176 1707 175 1707 174 1707 172 1707 111 1720 114 1765"/></Shape>
	    <String CONTENT="uis præceptionibus, vel conſtitutionibus"
                    HPOS="111"
                    VPOS="1686"
                    WIDTH="1046"
                    HEIGHT="100"></String>
          </TextLine>

          
          
          <TextLine ID="eSc_line_8bb70adc"
                    TAGREFS="LT4119"
                    BASELINE="117 1832 1164 1809" 
                    HPOS="116"
                    VPOS="1753"
                    WIDTH="1048"
                    HEIGHT="98">
            <Shape><Polygon POINTS="117 1832 117 1851 269 1844 300 1847 333 1850 334 1850 336 1850 337 1850 342 1845 346 1842 368 1845 403 1848 404 1848 406 1848 407 1848 411 1844 417 1839 452 1842 499 1847 501 1847 502 1847 523 1841 536 1836 560 1839 603 1845 605 1845 669 1836 693 1833 721 1835 812 1841 813 1841 878 1830 890 1829 904 1829 984 1836 986 1836 987 1836 1024 1826 1027 1826 1033 1826 1118 1832 1119 1832 1164 1821 1164 1809 1161 1759 1051 1753 1049 1753 1048 1753 1023 1762 1006 1768 997 1762 984 1754 983 1754 981 1754 980 1754 978 1754 960 1762 922 1757 920 1757 919 1757 904 1765 895 1769 853 1766 779 1760 777 1760 776 1760 749 1769 734 1775 675 1775 617 1772 468 1765 466 1765 465 1765 441 1777 435 1781 304 1783 298 1781 267 1771 266 1771 264 1771 263 1771 233 1783 229 1784 218 1783 133 1772 132 1772 130 1772 129 1772 116 1781 117 1832"/></Shape>
	    <String CONTENT="hominum poſſe negemus: quæ ſunt autẽ"
                    HPOS="116"
                    VPOS="1753"
                    WIDTH="1048"
                    HEIGHT="98"
                    WC="0.995102028588991"></String>
          </TextLine>

          
          
          <TextLine ID="eSc_line_952addc8"
                    TAGREFS="LT4119"
                    BASELINE="118 1897 1158 1876" 
                    HPOS="117"
                    VPOS="1823"
                    WIDTH="1041"
                    HEIGHT="99">
            <Shape><Polygon POINTS="118 1897 118 1911 182 1922 184 1922 185 1922 187 1922 202 1911 220 1921 221 1921 223 1921 361 1911 376 1918 377 1918 379 1918 489 1917 602 1914 603 1914 605 1914 620 1902 669 1902 690 1912 691 1912 693 1912 694 1912 721 1900 829 1906 831 1906 936 1896 987 1906 989 1906 990 1906 1011 1899 1082 1905 1084 1905 1158 1890 1158 1876 1155 1836 1121 1836 1097 1823 1096 1823 1094 1823 1008 1824 1006 1824 1005 1824 983 1838 916 1827 914 1827 913 1827 911 1827 898 1839 877 1827 875 1827 874 1827 873 1827 846 1841 844 1841 789 1829 788 1829 786 1829 754 1842 752 1842 749 1842 649 1833 648 1833 646 1833 620 1845 617 1847 539 1847 538 1847 526 1838 524 1838 523 1838 522 1838 471 1847 465 1848 461 1848 417 1836 416 1836 414 1836 353 1839 352 1839 350 1839 339 1850 336 1851 328 1850 278 1839 276 1839 275 1839 273 1839 258 1851 255 1851 206 1841 205 1841 117 1853 118 1897"/></Shape>
	    <String CONTENT="σομβεβηκότα, &amp; augeri &amp; minui &amp; tempe¬"
                    HPOS="117"
                    VPOS="1823"
                    WIDTH="1041"
                    HEIGHT="99"></String>
          </TextLine>

          
          
          <TextLine ID="eSc_line_d6664918"
                    TAGREFS="LT4119"
                    BASELINE="118 1969 1167 1946" 
                    HPOS="117"
                    VPOS="1888"
                    WIDTH="1050"
                    HEIGHT="103">
            <Shape><Polygon POINTS="118 1969 118 1983 327 1991 328 1991 495 1986 496 1986 533 1976 538 1973 743 1972 746 1972 757 1980 758 1980 759 1980 761 1982 806 1982 806 1980 807 1980 809 1980 825 1970 945 1978 947 1978 948 1978 972 1966 974 1966 977 1966 1014 1976 1015 1976 1017 1976 1066 1964 1069 1963 1167 1961 1167 1946 1161 1888 1115 1902 1099 1890 1097 1890 1096 1890 1094 1890 1093 1890 1091 1890 1075 1900 1061 1891 1060 1891 1058 1891 1057 1891 883 1894 859 1899 820 1906 798 1900 785 1897 783 1897 782 1897 752 1902 730 1906 716 1903 694 1899 693 1899 654 1906 602 1915 553 1909 501 1903 499 1903 498 1903 496 1903 487 1912 480 1918 261 1921 258 1920 243 1909 242 1909 240 1909 239 1909 237 1909 188 1922 179 1925 117 1925 118 1969"/></Shape>
	    <String CONTENT="rari à quaque non tantùm prouincia, ſed"
                    HPOS="117"
                    VPOS="1888"
                    WIDTH="1050"
                    HEIGHT="103"
                    WC="0.983829602962587"></String>
          </TextLine>

          
          
          <TextLine ID="eSc_line_dd0aca88"
                    TAGREFS="LT4119"
                    BASELINE="121 2034 1164 2013" 
                    HPOS="120"
                    VPOS="1961"
                    WIDTH="1044"
                    HEIGHT="98">
            <Shape><Polygon POINTS="121 2034 121 2050 142 2059 144 2059 145 2059 211 2049 221 2047 229 2049 264 2055 266 2055 267 2055 269 2055 269 2053 276 2047 278 2046 290 2047 364 2055 365 2055 417 2046 441 2053 443 2053 444 2053 486 2046 556 2052 557 2052 559 2052 560 2052 575 2041 594 2050 596 2050 597 2050 716 2049 774 2047 776 2047 803 2036 804 2036 864 2046 865 2046 920 2034 957 2040 959 2040 960 2040 991 2033 1005 2041 1006 2041 1008 2041 1009 2041 1011 2041 1012 2041 1030 2031 1127 2036 1128 2036 1164 2027 1164 2013 1161 1975 1088 1961 1087 1961 1085 1961 1054 1970 996 1964 994 1964 993 1964 991 1964 978 1975 977 1976 975 1975 953 1964 951 1964 950 1964 948 1964 926 1976 922 1978 913 1976 874 1966 873 1966 871 1966 807 1976 780 1980 731 1978 642 1970 641 1970 639 1970 638 1970 627 1978 624 1979 620 1978 597 1972 596 1972 594 1972 593 1972 591 1972 584 1978 577 1983 553 1978 527 1973 526 1973 496 1979 484 1980 471 1979 441 1975 440 1975 407 1979 342 1989 120 1982 121 2034"/></Shape>
	    <String CONTENT="etiam cœtu &amp; Eccleſia pro ſua vel com¬"
                    HPOS="120"
                    VPOS="1961"
                    WIDTH="1044"
                    HEIGHT="98"
                    WC="0.986226430064754"></String>
          </TextLine>

          
          
          <TextLine ID="eSc_line_ba6f0704"
                    TAGREFS="LT4119"
                    BASELINE="120 2104 1165 2083" 
                    HPOS="118"
                    VPOS="2031"
                    WIDTH="1047"
                    HEIGHT="92">
            <Shape><Polygon POINTS="120 2104 120 2123 1165 2102 1165 2083 1164 2040 1152 2033 1151 2033 1149 2033 1021 2031 1020 2031 968 2033 966 2033 936 2046 936 2047 859 2047 820 2047 792 2036 791 2036 789 2036 716 2050 715 2050 712 2050 682 2043 681 2043 679 2043 602 2052 572 2040 571 2040 569 2040 513 2049 437 2043 435 2043 434 2043 407 2056 406 2058 333 2058 266 2058 232 2047 230 2047 229 2047 178 2058 147 2049 145 2049 144 2049 142 2049 118 2059 120 2104"/></Shape>
	    <String CONTENT="moditate vel incommoditate poſſe: pro"
                    HPOS="118"
                    VPOS="2031"
                    WIDTH="1047"
                    HEIGHT="92"
                    WC="0.992016552267848"></String>
          </TextLine>

          
          
          <TextLine ID="eSc_line_9258a11b"
                    TAGREFS="LT4119"
                    BASELINE="126 2175 1163 2154" 
                    HPOS="124"
                    VPOS="2098"
                    WIDTH="1039"
                    HEIGHT="107">
            <Shape><Polygon POINTS="126 2175 126 2199 348 2190 383 2198 419 2205 420 2205 477 2196 480 2196 483 2196 510 2202 511 2202 513 2202 514 2202 514 2201 520 2196 527 2189 574 2186 606 2195 618 2198 620 2198 621 2198 623 2198 630 2195 651 2184 759 2192 762 2192 764 2192 765 2192 797 2181 826 2190 828 2190 829 2190 831 2190 865 2180 887 2190 896 2195 898 2195 899 2195 939 2190 960 2187 1002 2189 1079 2192 1081 2192 1082 2192 1093 2187 1119 2175 1160 2186 1163 2154 1160 2102 1125 2098 1124 2098 1122 2098 1105 2104 1084 2110 1070 2104 1057 2099 1055 2099 1054 2099 954 2102 953 2102 936 2108 913 2117 878 2111 849 2105 847 2105 846 2105 829 2113 813 2120 642 2123 626 2119 591 2108 590 2108 588 2108 465 2111 464 2111 428 2125 419 2129 389 2129 385 2126 364 2113 362 2113 361 2113 359 2113 292 2114 291 2114 249 2129 221 2116 220 2116 218 2116 217 2116 215 2116 194 2131 124 2134 126 2175"/></Shape>
	    <String CONTENT="varia denique locorum, rerum, temporũ,"
                    HPOS="124"
                    VPOS="2098"
                    WIDTH="1039"
                    HEIGHT="107"
                    WC="0.992814536278064"></String>
          </TextLine>

          
        </TextBlock>
        

        
      </PrintSpace>
    </Page>
  </Layout>
</alto>
