<?xml version="1.0" encoding="UTF-8"?>
<alto xmlns:xsi="http://www.w3.org/2001/XMLSchema-instance"
      xmlns="http://www.loc.gov/standards/alto/ns-v4#"
      xsi:schemaLocation="http://www.loc.gov/standards/alto/ns-v4# http://www.loc.gov/standards/alto/v4/alto-4-2.xsd">
  <Description>
    <MeasurementUnit>pixel</MeasurementUnit>
    <sourceImageInformation>
      <fileName>2012922.png</fileName>
      
    </sourceImageInformation>
  </Description>
  
  <Tags>
    <OtherTag ID="BT10544" LABEL="text" DESCRIPTION="block type text"/><OtherTag ID="BT10543" LABEL="NumberingZone" DESCRIPTION="block type NumberingZone"/><OtherTag ID="BT10542" LABEL="MainZone" DESCRIPTION="block type MainZone"/><OtherTag ID="BT10538" LABEL="RunningTitleZone" DESCRIPTION="block type RunningTitleZone"/><OtherTag ID="BT10537" LABEL="DropCapitalZone" DESCRIPTION="block type DropCapitalZone"/><OtherTag ID="BT10536" LABEL="GraphicZone" DESCRIPTION="block type GraphicZone"/><OtherTag ID="BT10535" LABEL="TitlePageZone" DESCRIPTION="block type TitlePageZone"/><OtherTag ID="BT10534" LABEL="QuireMarksZone" DESCRIPTION="block type QuireMarksZone"/><OtherTag ID="BT10533" LABEL="MarginTextZone" DESCRIPTION="block type MarginTextZone"/>
    <OtherTag ID="LT4122" LABEL="default" DESCRIPTION="line type default"/><OtherTag ID="LT4119" LABEL="DefaultLine" DESCRIPTION="line type DefaultLine"/><OtherTag ID="LT4118" LABEL="HeadingLine" DESCRIPTION="line type HeadingLine"/><OtherTag ID="LT4117" LABEL="CustomLine : BiblicalText" DESCRIPTION="line type CustomLine : BiblicalText"/>
  </Tags>
  
  <Layout>
    <Page WIDTH="1807"
          HEIGHT="2677"
          PHYSICAL_IMG_NR="38"
          ID="eSc_dummypage_">
      <PrintSpace HPOS="0"
                  VPOS="0"
                  WIDTH="1807"
                  HEIGHT="2677">
        
        <TextBlock HPOS="602.4260864257812"
                   VPOS="180.85711669921875"
                   WIDTH="80.626220703125"
                   HEIGHT="42.33160400390625"
                   ID="block_0"
                   TAGREFS="BT10543">
          <Shape><Polygon POINTS="602.426 180.857 683.052 180.857 683.052 223.189 602.426 223.189 602.426 180.857"/></Shape>
          
          
          <TextLine ID="eSc_line_06288c1e"
                    TAGREFS="LT4119"
                    BASELINE="608 209 678 212" 
                    HPOS="606"
                    VPOS="176"
                    WIDTH="72"
                    HEIGHT="66">
            <Shape><Polygon POINTS="608 209 606 233 646 242 648 242 649 242 676 230 678 212 678 184 608 176 608 209"/></Shape>
	    <String CONTENT="1O"
                    HPOS="606"
                    VPOS="176"
                    WIDTH="72"
                    HEIGHT="66"
                    WC="0.999743044376373"></String>
          </TextLine>

          
        </TextBlock>
        
        <TextBlock HPOS="795.8637084960938"
                   VPOS="162.09738159179688"
                   WIDTH="705.7576293945312"
                   HEIGHT="66.92611694335938"
                   ID="block_3"
                   TAGREFS="BT10538">
          <Shape><Polygon POINTS="795.864 162.097 1501.62 162.097 1501.62 229.023 795.864 229.023 795.864 162.097"/></Shape>
          
          
          <TextLine ID="eSc_line_e3503d98"
                    TAGREFS="LT4118"
                    BASELINE="797 214 1491 208" 
                    HPOS="795"
                    VPOS="162"
                    WIDTH="696"
                    HEIGHT="71">
            <Shape><Polygon POINTS="797 226 806 232 807 232 809 232 810 233 892 233 892 232 893 232 895 232 905 223 907 223 910 223 965 232 966 232 968 232 969 232 969 230 977 223 980 221 1021 223 1140 230 1142 230 1189 224 1221 220 1226 224 1232 229 1234 229 1235 229 1237 229 1273 224 1317 218 1488 224 1491 208 1488 178 1424 178 1399 162 1398 162 1396 162 1353 162 1351 162 1350 162 1348 162 1348 163 1334 178 1322 178 1314 178 1313 178 1273 169 1271 169 1270 169 1268 169 1259 176 1206 171 1204 171 1203 171 1182 178 1143 163 1142 163 1140 163 1067 176 1052 165 1051 165 1049 165 1048 165 989 166 987 166 936 181 932 181 925 181 817 166 816 166 815 166 813 166 795 176 797 214"/></Shape>
	    <String CONTENT="AD I. PAVL. AD TIM."
                    HPOS="795"
                    VPOS="162"
                    WIDTH="696"
                    HEIGHT="71"
                    WC="0.996652358456662"></String>
          </TextLine>

          
        </TextBlock>
        
        <TextBlock HPOS="585.2869873046875"
                   VPOS="240.0532684326172"
                   WIDTH="1083.427978515625"
                   HEIGHT="1955.6884307861328"
                   ID="block_1"
                   TAGREFS="BT10542">
          <Shape><Polygon POINTS="585.287 240.053 1668.71 240.053 1668.71 2195.74 585.287 2195.74 585.287 240.053"/></Shape>
          
          
          <TextLine ID="eSc_line_96a8a08f"
                    TAGREFS="LT4119"
                    BASELINE="603 290 1652 279" 
                    HPOS="602"
                    VPOS="229"
                    WIDTH="1050"
                    HEIGHT="83">
            <Shape><Polygon POINTS="1628 248 1613 246 1598 243 1583 240 1479 240 1478 240 1463 232 1461 232 1460 232 1458 232 1457 232 1456 232 1444 239 1412 229 1411 229 1409 229 1408 229 1383 240 1338 240 1290 242 1283 242 1201 229 1200 229 1198 229 1155 242 1151 243 1146 242 1122 232 1121 232 1119 232 1063 242 1049 245 1039 242 1012 234 1011 234 1009 234 1008 234 986 243 980 245 975 243 953 232 951 232 919 232 917 232 829 242 797 233 795 233 794 233 703 242 626 234 624 234 623 234 602 242 603 290 603 309 792 303 835 306 901 312 902 312 904 312 905 312 914 306 920 301 984 301 989 304 996 310 997 310 999 310 1000 312 1045 312 1045 310 1047 310 1048 310 1048 309 1054 303 1055 303 1057 303 1079 309 1081 309 1082 309 1113 303 1127 300 1163 301 1258 307 1259 307 1261 307 1284 300 1290 298 1299 300 1342 307 1344 307 1402 298 1414 297 1427 298 1499 306 1500 306 1652 294 1652 279 1637 249 1628 248"/></Shape>
	    <String CONTENT="pretatio &amp; ſententia qui volunt nomine genea¬"
                    HPOS="602"
                    VPOS="229"
                    WIDTH="1050"
                    HEIGHT="83"
                    WC="0.988032208548652"></String>
          </TextLine>

          
          
          <TextLine ID="eSc_line_18e8bc4b"
                    TAGREFS="LT4119"
                    BASELINE="605 346 1650 340" 
                    HPOS="603"
                    VPOS="292"
                    WIDTH="1047"
                    HEIGHT="81">
            <Shape><Polygon POINTS="605 346 605 362 651 373 652 373 798 364 831 373 832 373 834 373 873 365 999 371 1000 371 1002 371 1024 362 1119 370 1121 370 1194 361 1195 361 1197 361 1237 370 1238 370 1429 359 1444 359 1451 359 1540 368 1542 368 1543 368 1545 368 1557 359 1649 359 1650 340 1647 307 1505 307 1505 306 1488 292 1487 292 1485 292 1417 292 1415 292 1414 292 1412 292 1395 304 1356 300 1354 300 1353 300 1351 300 1342 306 1340 307 1218 307 1216 306 1186 294 1185 294 1183 294 1079 301 1054 295 1052 295 1051 295 1049 295 1023 304 996 295 994 295 911 295 910 295 908 295 907 295 890 306 883 310 834 312 810 312 803 306 792 297 791 297 789 297 788 297 725 306 718 306 713 306 690 298 688 298 687 298 685 298 666 306 649 310 603 306 605 346"/></Shape>
	    <String CONTENT="Iogiæ hîc intelligi, vel Mathematicas deſcriptio¬"
                    HPOS="603"
                    VPOS="292"
                    WIDTH="1047"
                    HEIGHT="81"></String>
          </TextLine>

          
          
          <TextLine ID="eSc_line_2e22040a"
                    TAGREFS="LT4119"
                    BASELINE="602 404 1647 397" 
                    HPOS="600"
                    VPOS="353"
                    WIDTH="1047"
                    HEIGHT="76">
            <Shape><Polygon POINTS="602 404 602 422 792 429 794 429 795 429 797 429 809 422 812 420 846 422 948 428 950 429 1002 429 1002 428 1003 428 1015 422 1021 419 1044 422 1084 426 1085 426 1087 426 1097 422 1102 419 1110 422 1130 426 1131 426 1133 426 1216 425 1218 425 1219 425 1225 420 1229 417 1261 420 1298 425 1299 425 1301 425 1316 420 1329 417 1342 420 1360 425 1362 425 1363 425 1392 420 1409 417 1418 420 1430 425 1432 425 1433 425 1646 419 1647 397 1646 361 1635 353 1634 353 1632 353 1631 353 1533 362 1514 353 1512 353 1450 353 1448 353 1447 353 1427 364 1414 355 1412 355 1411 355 1409 355 1408 355 1377 364 1374 364 1168 356 1167 356 1128 364 1112 356 1110 356 1109 356 1107 356 1073 367 1048 367 948 367 941 367 809 358 807 358 600 368 602 404"/></Shape>
	    <String CONTENT="nes natiuitatum, quas tamẽ damnatas eſſe agnoſ¬"
                    HPOS="600"
                    VPOS="353"
                    WIDTH="1047"
                    HEIGHT="76"
                    WC="0.989732214560111"></String>
          </TextLine>

          
          
          <TextLine ID="eSc_line_8152f414"
                    TAGREFS="LT4119"
                    BASELINE="603 466 1649 459" 
                    HPOS="602"
                    VPOS="410"
                    WIDTH="1047"
                    HEIGHT="77">
            <Shape><Polygon POINTS="603 466 603 483 938 487 939 487 1029 480 1067 477 1100 480 1177 486 1179 486 1262 478 1290 475 1296 477 1316 484 1317 484 1319 486 1402 486 1402 484 1403 484 1405 484 1415 477 1512 483 1514 483 1515 483 1516 483 1524 475 1540 483 1542 483 1543 483 1545 483 1563 475 1567 474 1577 475 1627 481 1628 481 1630 481 1649 474 1649 459 1647 420 1615 410 1613 410 1612 410 1610 410 1577 419 1454 413 1453 413 1451 413 1436 420 1305 411 1304 411 1302 411 1283 420 1229 411 1228 411 1226 411 1225 411 1225 413 1215 422 1093 413 1091 413 1090 413 1058 422 1024 413 1023 413 1021 413 1020 413 993 423 812 414 810 414 701 425 630 416 629 416 627 416 602 426 603 466"/></Shape>
	    <String CONTENT="cimus. vel longas illas ſeries &amp; diſputationes de"
                    HPOS="602"
                    VPOS="410"
                    WIDTH="1047"
                    HEIGHT="77"
                    WC="0.992426085228823"></String>
          </TextLine>

          
          
          <TextLine ID="eSc_line_14b4db12"
                    TAGREFS="LT4119"
                    BASELINE="603 524 1647 516" 
                    HPOS="602"
                    VPOS="468"
                    WIDTH="1045"
                    HEIGHT="80">
            <Shape><Polygon POINTS="603 524 603 545 797 538 828 542 861 548 862 548 911 541 951 536 1026 539 1131 545 1133 545 1173 538 1182 536 1191 538 1231 545 1232 545 1234 545 1235 545 1249 536 1252 536 1296 545 1298 545 1357 538 1366 544 1368 544 1369 544 1371 544 1372 544 1374 544 1384 535 1386 533 1392 535 1427 544 1429 544 1430 544 1606 542 1607 542 1647 530 1647 516 1644 481 1558 468 1557 468 1555 468 1515 480 1473 469 1472 469 1470 469 1328 481 1302 469 1301 469 1299 469 1244 471 1243 471 1219 483 1215 483 950 472 948 472 947 472 945 472 925 486 923 486 917 486 847 474 846 474 844 474 843 474 843 475 831 486 829 486 819 486 626 475 624 475 623 475 602 484 603 524"/></Shape>
	    <String CONTENT="Æonibus, quas Valentinus ipſiúſque diſcipuli e¬"
                    HPOS="602"
                    VPOS="468"
                    WIDTH="1045"
                    HEIGHT="80"></String>
          </TextLine>

          
          
          <TextLine ID="eSc_line_16eaf6a2"
                    TAGREFS="LT4119"
                    BASELINE="602 581 1649 577" 
                    HPOS="600"
                    VPOS="530"
                    WIDTH="1049"
                    HEIGHT="73">
            <Shape><Polygon POINTS="602 581 602 596 840 603 841 603 938 596 951 596 1649 596 1649 577 1646 544 1576 532 1574 532 1496 542 1487 542 1476 542 1377 530 1375 530 1319 541 1298 544 1284 539 1259 532 1258 532 1256 532 1255 532 1253 532 1244 539 1238 545 1047 545 1027 538 1009 532 1008 532 1006 532 1005 532 990 538 974 545 948 545 939 536 936 535 936 533 935 533 933 533 932 533 907 536 877 541 810 536 770 533 768 533 767 533 765 533 762 535 748 545 731 535 730 533 728 533 727 533 725 533 600 533 602 581"/></Shape>
	    <String CONTENT="tiam poſt Pauli mortem, nimirum circa annum"
                    HPOS="600"
                    VPOS="530"
                    WIDTH="1049"
                    HEIGHT="73"
                    WC="0.962372897669326"></String>
          </TextLine>

          
          
          <TextLine ID="eSc_line_a03c6b34"
                    TAGREFS="LT4119"
                    BASELINE="605 640 1649 636" 
                    HPOS="603"
                    VPOS="590"
                    WIDTH="1046"
                    HEIGHT="74">
            <Shape><Polygon POINTS="605 658 746 654 788 657 859 664 861 664 862 664 887 657 893 654 1021 654 1029 655 1054 663 1055 663 1057 663 1058 663 1087 655 1088 655 1093 655 1250 661 1252 661 1311 654 1347 661 1348 661 1417 654 1433 661 1435 661 1436 663 1554 663 1554 661 1647 649 1649 636 1646 603 1537 603 1534 602 1521 593 1519 593 1518 593 1516 593 1515 593 1487 600 1460 590 1458 590 1457 590 1380 600 1365 602 1357 600 1328 590 1326 590 1325 590 1262 599 1232 605 1058 605 1036 597 1026 594 1024 594 1023 594 1006 597 975 603 917 596 884 593 883 593 881 593 874 596 853 605 828 597 826 597 825 597 823 597 803 605 770 594 762 593 761 593 759 593 758 593 752 594 727 605 713 594 712 593 710 593 709 593 707 593 603 593 605 640"/></Shape>
	    <String CONTENT="à Chriſto paſſo cx. inuexerunt in Eccleſiam, tan¬"
                    HPOS="603"
                    VPOS="590"
                    WIDTH="1046"
                    HEIGHT="74"
                    WC="0.978705693483353"></String>
          </TextLine>

          
          
          <TextLine ID="eSc_line_f8b6f3f8"
                    TAGREFS="LT4119"
                    BASELINE="605 696 1371 698" 
                    HPOS="603"
                    VPOS="649"
                    WIDTH="768"
                    HEIGHT="73">
            <Shape><Polygon POINTS="605 696 603 718 983 712 1017 715 1057 719 1058 719 1140 715 1158 722 1160 722 1161 722 1163 722 1182 713 1183 713 1188 713 1243 719 1244 719 1246 719 1247 719 1258 712 1261 712 1369 712 1371 698 1369 666 1194 651 1192 651 1191 651 1189 651 1173 664 1171 666 1097 666 1096 664 1079 652 1078 652 1076 652 1075 652 1073 652 1044 664 1041 666 994 666 993 664 980 651 980 649 978 649 977 649 975 649 974 649 954 657 867 649 865 649 864 649 862 649 862 651 847 663 834 663 812 663 792 649 791 649 789 649 788 649 605 661 605 696"/></Shape>
	    <String CONTENT="quam fidei doctrinam neceſſariam."
                    HPOS="603"
                    VPOS="649"
                    WIDTH="768"
                    HEIGHT="73"
                    WC="0.976185934110121"></String>
          </TextLine>

          
          
          <TextLine ID="eSc_line_3e70db86"
                    TAGREFS="LT4119"
                    BASELINE="661 758 1647 752" 
                    HPOS="660"
                    VPOS="707"
                    WIDTH="987"
                    HEIGHT="78">
            <Shape><Polygon POINTS="661 758 661 773 688 783 690 783 691 785 768 785 768 783 770 783 795 773 800 773 916 779 917 779 919 779 936 771 938 771 941 771 984 780 986 780 987 780 1014 771 1026 782 1027 782 1029 782 1030 782 1122 773 1399 780 1400 780 1402 780 1445 768 1448 768 1451 768 1478 779 1479 779 1481 779 1646 767 1647 752 1644 719 1543 719 1542 718 1518 707 1516 707 1515 707 1514 707 1485 718 1482 719 1378 719 1366 716 1338 709 1337 709 1335 709 1334 709 1316 716 1310 718 1283 716 1189 707 1188 707 1186 707 1185 707 1176 715 1171 719 1163 715 1158 713 1157 713 1155 713 1154 713 1151 715 1137 722 1032 722 1023 713 1018 710 1018 709 1017 709 1015 709 969 709 968 709 966 709 965 709 959 713 945 721 877 713 852 710 850 710 849 710 847 710 846 712 832 722 794 712 791 712 789 712 788 712 786 712 785 712 745 722 716 712 712 710 710 710 709 710 660 710 661 758"/></Shape>
	    <String CONTENT="Quod ad horoſcoporum inſpectionem &amp; na¬"
                    HPOS="660"
                    VPOS="707"
                    WIDTH="987"
                    HEIGHT="78"
                    WC="0.982587027244079"></String>
          </TextLine>

          
          
          <TextLine ID="eSc_line_a1371f41"
                    TAGREFS="LT4119"
                    BASELINE="603 814 1649 810" 
                    HPOS="602"
                    VPOS="767"
                    WIDTH="1047"
                    HEIGHT="70">
            <Shape><Polygon POINTS="603 814 603 831 1298 837 1299 837 1351 828 1359 828 1377 828 1509 835 1511 835 1647 826 1649 810 1647 777 1624 768 1622 768 1621 768 1619 768 1591 777 1589 779 1460 779 1400 779 1389 768 1389 767 1387 767 1386 767 1317 767 1316 767 1314 767 1313 767 1296 779 1295 780 1252 780 1252 779 1238 768 1237 768 1235 768 1085 768 1084 768 1082 768 1081 768 1081 770 1069 780 1047 780 1029 768 1027 768 1026 768 963 768 962 768 880 771 878 771 858 782 690 782 678 771 678 770 676 770 675 770 629 770 627 770 626 770 602 780 603 814"/></Shape>
	    <String CONTENT="tiuitates quæ ab Aſtrologis fiunt, illæ non γενεα¬"
                    HPOS="602"
                    VPOS="767"
                    WIDTH="1047"
                    HEIGHT="70"></String>
          </TextLine>

          
          
          <TextLine ID="eSc_line_7fbf2968"
                    TAGREFS="LT4119"
                    BASELINE="603 875 1647 868" 
                    HPOS="602"
                    VPOS="823"
                    WIDTH="1045"
                    HEIGHT="78">
            <Shape><Polygon POINTS="603 875 603 893 806 901 807 901 809 901 810 901 810 899 817 892 819 892 834 892 932 899 933 899 935 899 960 892 962 892 969 892 1128 898 1130 898 1374 889 1384 889 1387 889 1436 896 1438 896 1439 896 1457 887 1460 887 1464 887 1502 895 1503 895 1646 886 1647 868 1646 837 1613 825 1612 825 1536 823 1534 823 1533 823 1531 823 1516 835 1467 826 1466 826 1464 826 1438 837 1435 837 1433 837 1398 825 1396 825 1369 825 1368 825 1366 825 1365 825 1350 837 1348 838 1310 838 1308 837 1284 825 1283 825 1282 825 1280 825 1253 837 1250 837 1247 837 1204 826 1203 826 1201 826 1163 837 1154 838 1146 837 1118 826 1116 826 1038 826 1036 826 1035 826 1012 837 1003 841 892 841 886 837 877 828 875 828 874 828 873 828 834 837 809 841 780 837 751 831 749 831 748 831 737 837 727 841 602 837 603 875"/></Shape>
	    <String CONTENT="λογίαι appellantur, ſed γενέσεις &amp; γενεθλιαλογίαι, &amp;"
                    HPOS="602"
                    VPOS="823"
                    WIDTH="1045"
                    HEIGHT="78"></String>
          </TextLine>

          
          
          <TextLine ID="eSc_line_72f47cbc"
                    TAGREFS="LT4119"
                    BASELINE="602 933 1652 929" 
                    HPOS="600"
                    VPOS="887"
                    WIDTH="1052"
                    HEIGHT="69">
            <Shape><Polygon POINTS="602 933 602 948 611 954 612 954 614 954 615 956 672 956 672 954 673 954 675 954 684 947 1020 953 1021 953 1023 953 1045 947 1054 945 1060 947 1072 953 1073 953 1075 953 1076 953 1096 948 1106 945 1113 948 1125 953 1127 953 1128 954 1293 954 1293 953 1295 953 1304 948 1316 944 1326 948 1332 951 1334 951 1335 951 1360 948 1411 944 1650 950 1652 929 1647 890 1070 898 1063 895 1041 887 1039 887 1038 887 1036 887 1003 896 996 898 990 896 968 887 966 887 965 887 908 896 899 898 892 898 837 889 835 889 731 899 719 899 715 899 670 889 669 889 667 889 666 889 651 899 649 901 600 901 602 933"/></Shape>
	    <String CONTENT="qui eas tractant &amp; docent, non γενεαλόγοι, ſed"
                    HPOS="600"
                    VPOS="887"
                    WIDTH="1052"
                    HEIGHT="69"></String>
          </TextLine>

          
          
          <TextLine ID="eSc_line_375c322f"
                    TAGREFS="LT4119"
                    BASELINE="602 994 1647 986" 
                    HPOS="600"
                    VPOS="942"
                    WIDTH="1047"
                    HEIGHT="76">
            <Shape><Polygon POINTS="602 994 602 1018 779 1006 904 1006 938 1015 939 1015 941 1015 942 1015 984 1005 1076 1012 1078 1012 1173 1003 1250 1011 1252 1011 1386 1003 1415 1011 1417 1011 1418 1011 1473 1003 1644 1009 1647 986 1644 954 1577 947 1576 947 1441 954 1411 942 1409 942 1408 942 1328 954 1299 942 1298 942 1296 942 1295 942 1293 942 1273 956 1231 944 1229 944 1228 944 1226 944 1185 956 1170 944 1168 944 1167 944 1124 944 1122 944 1060 959 969 959 947 947 945 947 944 947 942 947 908 957 893 951 892 951 890 951 819 959 638 948 636 948 635 948 600 962 602 994"/></Shape>
	    <String CONTENT="γενεθλιακοί nominantur. Hanc tamen interpreta¬"
                    HPOS="600"
                    VPOS="942"
                    WIDTH="1047"
                    HEIGHT="76"></String>
          </TextLine>

          
          
          <TextLine ID="eSc_line_2d86d947"
                    TAGREFS="LT4119"
                    BASELINE="597 1051 1649 1045" 
                    HPOS="596"
                    VPOS="1000"
                    WIDTH="1053"
                    HEIGHT="75">
            <Shape><Polygon POINTS="597 1051 597 1066 638 1066 639 1066 648 1075 649 1075 651 1075 652 1075 712 1066 722 1066 810 1066 813 1066 829 1075 831 1075 832 1075 913 1066 939 1064 951 1066 978 1073 980 1073 981 1073 1052 1066 1081 1064 1115 1066 1185 1072 1186 1072 1264 1066 1320 1063 1342 1066 1371 1072 1372 1072 1396 1066 1408 1064 1435 1066 1478 1070 1479 1070 1481 1070 1490 1066 1502 1061 1646 1066 1649 1045 1644 1000 1582 1008 1549 1002 1543 1000 1542 1000 1540 1000 1539 1000 1539 1002 1522 1011 1381 1003 1332 1002 1331 1002 1329 1002 1328 1002 1325 1005 1317 1011 1310 1005 1307 1003 1307 1002 1305 1002 1304 1002 1265 1002 1264 1002 1262 1002 1261 1002 1256 1006 1250 1011 1243 1006 1237 1002 1235 1002 1234 1002 1232 1002 1183 1006 1145 1011 1109 1008 1051 1003 1049 1003 1048 1003 1047 1003 1041 1009 1033 1015 880 1015 871 1012 843 1005 841 1005 840 1005 838 1005 837 1005 837 1006 829 1012 825 1015 783 1014 635 1005 633 1005 632 1005 596 1015 597 1051"/></Shape>
	    <String CONTENT="tionem videtur amplexus Chriſoſtom. quæ huic"
                    HPOS="596"
                    VPOS="1000"
                    WIDTH="1053"
                    HEIGHT="75"
                    WC="0.987623963843692"></String>
          </TextLine>

          
          
          <TextLine ID="eSc_line_42a093cc"
                    TAGREFS="LT4119"
                    BASELINE="599 1112 1116 1107" 
                    HPOS="597"
                    VPOS="1061"
                    WIDTH="519"
                    HEIGHT="73">
            <Shape><Polygon POINTS="599 1112 599 1134 645 1125 670 1133 672 1133 673 1133 675 1133 676 1133 697 1124 798 1130 844 1131 846 1131 847 1131 855 1127 867 1122 919 1122 925 1125 939 1133 941 1133 942 1133 987 1124 1002 1121 1014 1122 1049 1131 1051 1131 1116 1119 1116 1107 1113 1075 1082 1075 1082 1073 1064 1061 1063 1061 1061 1061 1060 1061 1058 1061 1029 1073 1027 1073 935 1073 895 1073 886 1064 886 1063 884 1063 883 1063 881 1063 825 1072 795 1063 794 1063 792 1063 791 1063 789 1063 774 1072 767 1076 737 1072 715 1069 713 1069 712 1069 706 1072 700 1075 696 1072 688 1066 687 1066 685 1066 684 1066 597 1070 599 1112"/></Shape>
	    <String CONTENT="loco minimè conuenit."
                    HPOS="597"
                    VPOS="1061"
                    WIDTH="519"
                    HEIGHT="73"
                    WC="0.990681417963722"></String>
          </TextLine>

          
          
          <TextLine ID="eSc_line_d599ff34"
                    TAGREFS="LT4119"
                    BASELINE="658 1168 1652 1163" 
                    HPOS="657"
                    VPOS="1115"
                    WIDTH="995"
                    HEIGHT="80">
            <Shape><Polygon POINTS="658 1168 658 1183 707 1194 709 1195 881 1195 881 1194 883 1194 908 1182 911 1182 928 1182 1084 1192 1085 1192 1087 1192 1088 1192 1102 1182 1102 1180 1197 1180 1201 1180 1243 1191 1244 1191 1289 1180 1290 1180 1292 1180 1335 1189 1337 1189 1338 1189 1340 1189 1353 1180 1400 1191 1402 1191 1403 1191 1424 1180 1482 1189 1484 1189 1485 1189 1487 1189 1487 1188 1497 1179 1499 1179 1561 1179 1563 1179 1594 1189 1595 1189 1597 1189 1650 1177 1652 1163 1649 1119 1573 1115 1572 1115 1570 1115 1560 1119 1552 1124 1548 1119 1542 1115 1540 1115 1539 1115 1493 1115 1491 1115 1490 1115 1488 1115 1488 1116 1482 1121 1476 1127 1368 1127 1353 1122 1331 1116 1329 1116 1328 1116 1295 1124 1292 1124 1289 1124 1259 1116 1258 1116 1256 1116 1255 1116 1253 1116 1244 1124 1165 1116 1164 1116 1163 1116 1128 1125 1118 1128 1110 1127 1079 1118 1078 1118 1076 1118 1075 1118 1073 1118 1060 1127 1057 1130 852 1130 724 1130 682 1119 681 1119 679 1119 678 1119 657 1130 658 1168"/></Shape>
	    <String CONTENT="Quanquam autem inter Epheſios, qui Iudæi"
                    HPOS="657"
                    VPOS="1115"
                    WIDTH="995"
                    HEIGHT="80"
                    WC="0.990656639635563"></String>
          </TextLine>

          
          
          <TextLine ID="eSc_line_3533503e"
                    TAGREFS="LT4119"
                    BASELINE="599 1228 1649 1219" 
                    HPOS="597"
                    VPOS="1176"
                    WIDTH="1052"
                    HEIGHT="74">
            <Shape><Polygon POINTS="599 1228 599 1243 765 1250 767 1250 868 1243 904 1249 905 1249 944 1241 950 1240 956 1240 999 1247 1000 1247 1002 1247 1032 1240 1035 1240 1066 1240 1447 1244 1448 1244 1450 1244 1472 1235 1475 1235 1487 1235 1555 1243 1557 1243 1647 1234 1649 1219 1643 1176 1618 1186 1548 1177 1531 1176 1530 1176 1528 1176 1524 1177 1506 1186 1473 1180 1472 1180 1296 1189 1271 1183 1256 1179 1255 1179 1253 1179 1252 1179 1241 1183 1232 1189 1171 1189 1165 1185 1158 1179 1157 1179 1155 1179 1124 1179 1122 1179 1081 1186 1057 1192 1006 1192 1000 1188 983 1180 981 1180 980 1180 896 1189 834 1182 832 1182 777 1192 768 1195 701 1195 700 1194 670 1183 669 1183 667 1183 597 1195 599 1228"/></Shape>
	    <String CONTENT="non erant, verſabatur Timotheus, tamen inter"
                    HPOS="597"
                    VPOS="1176"
                    WIDTH="1052"
                    HEIGHT="74"
                    WC="0.995000804012472"></String>
          </TextLine>

          
          
          <TextLine ID="eSc_line_8721107f"
                    TAGREFS="LT4119"
                    BASELINE="599 1289 1649 1279" 
                    HPOS="597"
                    VPOS="1231"
                    WIDTH="1052"
                    HEIGHT="82">
            <Shape><Polygon POINTS="599 1289 599 1305 743 1313 745 1313 746 1313 773 1305 780 1304 789 1305 823 1311 825 1311 875 1305 898 1302 902 1305 913 1310 914 1310 916 1310 917 1310 931 1305 936 1302 1647 1302 1649 1279 1646 1243 1566 1231 1564 1231 1563 1231 1561 1231 1543 1243 1494 1244 1363 1244 1360 1243 1340 1234 1338 1234 1337 1234 1296 1243 1283 1244 1249 1243 1160 1235 1158 1235 1157 1235 1155 1235 1155 1237 1148 1243 1143 1246 1116 1243 1066 1235 1064 1235 1063 1235 1061 1235 1052 1243 1044 1249 987 1249 978 1243 971 1237 969 1237 968 1237 966 1237 898 1243 831 1247 803 1243 788 1240 786 1240 770 1243 719 1250 690 1243 681 1240 679 1240 678 1240 597 1241 599 1289"/></Shape>
	    <String CONTENT="Iudæos maximè huiuſmodi quæ ſtiones, quas hîc"
                    HPOS="597"
                    VPOS="1231"
                    WIDTH="1052"
                    HEIGHT="82"></String>
          </TextLine>

          
          
          <TextLine ID="eSc_line_1423779e"
                    TAGREFS="LT4119"
                    BASELINE="600 1347 1650 1338" 
                    HPOS="599"
                    VPOS="1293"
                    WIDTH="1051"
                    HEIGHT="73">
            <Shape><Polygon POINTS="600 1347 600 1366 1079 1366 1079 1365 1119 1359 1134 1357 1170 1359 1298 1363 1299 1363 1522 1354 1524 1354 1563 1360 1564 1360 1650 1351 1650 1338 1647 1305 1494 1293 1493 1293 1491 1293 1490 1293 1472 1305 1470 1307 1378 1307 1377 1305 1359 1293 1357 1293 1356 1293 1299 1293 1298 1293 1296 1293 1265 1307 1264 1307 1255 1307 1143 1295 1142 1295 1140 1295 1105 1307 1099 1308 1079 1307 950 1296 948 1296 947 1296 945 1296 931 1308 926 1311 890 1311 886 1308 873 1298 871 1298 870 1298 780 1298 779 1298 777 1298 776 1298 762 1308 762 1310 724 1311 701 1310 623 1299 621 1299 620 1299 599 1307 600 1347"/></Shape>
	    <String CONTENT="damnat Paulus, fiebãt, vti etiam Tit. I.verſ.Ia eas"
                    HPOS="599"
                    VPOS="1293"
                    WIDTH="1051"
                    HEIGHT="73"
                    WC="0.975610152460062"></String>
          </TextLine>

          
          
          <TextLine ID="eSc_line_17655112"
                    TAGREFS="LT4119"
                    BASELINE="603 1403 1650 1396" 
                    HPOS="602"
                    VPOS="1350"
                    WIDTH="1048"
                    HEIGHT="79">
            <Shape><Polygon POINTS="603 1403 603 1429 651 1421 1226 1424 1228 1424 1229 1424 1442 1415 1647 1421 1650 1396 1647 1350 1613 1350 1612 1350 1610 1350 1609 1350 1598 1359 1524 1350 1512 1350 1511 1350 1509 1350 1508 1350 1508 1351 1494 1359 1414 1351 1402 1351 1400 1351 1393 1351 1348 1360 1331 1353 1326 1351 1325 1351 1323 1351 1322 1351 1319 1353 1302 1360 1271 1354 1270 1354 1229 1362 1192 1354 1182 1353 1180 1353 1179 1353 1173 1354 1148 1362 1109 1356 1093 1353 1091 1353 1063 1356 1000 1363 913 1357 861 1354 812 1354 810 1354 809 1354 800 1359 786 1365 746 1359 718 1356 716 1356 715 1356 713 1356 707 1360 700 1365 687 1360 673 1356 672 1356 670 1356 669 1356 667 1356 661 1360 657 1363 602 1362 603 1403"/></Shape>
	    <String CONTENT="Iudaicas fabulas vocat Paulus. Sed vel iam huiuſ¬"
                    HPOS="602"
                    VPOS="1350"
                    WIDTH="1048"
                    HEIGHT="79"
                    WC="0.998939511727314"></String>
          </TextLine>

          
          
          <TextLine ID="eSc_line_4f52c873"
                    TAGREFS="LT4119"
                    BASELINE="602 1466 1653 1458" 
                    HPOS="600"
                    VPOS="1412"
                    WIDTH="1053"
                    HEIGHT="79">
            <Shape><Polygon POINTS="602 1466 602 1479 627 1491 629 1491 630 1491 632 1491 667 1481 782 1491 783 1491 785 1491 809 1481 812 1479 871 1479 875 1481 887 1490 889 1490 890 1490 892 1490 981 1481 1024 1478 1093 1478 1109 1482 1130 1488 1131 1488 1133 1488 1134 1488 1148 1482 1155 1479 1165 1482 1188 1488 1189 1488 1191 1488 1192 1488 1204 1482 1212 1479 1255 1482 1307 1487 1308 1487 1310 1487 1317 1482 1331 1476 1360 1484 1366 1484 1368 1484 1369 1484 1371 1484 1387 1476 1444 1484 1461 1485 1463 1487 1589 1487 1589 1485 1591 1485 1592 1485 1592 1484 1603 1476 1652 1484 1653 1458 1650 1418 1415 1412 1414 1412 1412 1412 1411 1412 1402 1420 1399 1423 1396 1420 1387 1414 1386 1414 1384 1414 1383 1414 1381 1414 1354 1421 1350 1421 1347 1421 1310 1412 1308 1412 1307 1412 1289 1421 1286 1423 1283 1421 1256 1412 1255 1412 1253 1412 1110 1420 1054 1414 1052 1414 1051 1414 1023 1424 1018 1426 1006 1424 962 1420 960 1420 798 1427 783 1427 764 1417 762 1417 688 1417 687 1417 685 1417 684 1417 669 1429 600 1429 602 1466"/></Shape>
	    <String CONTENT="modi fermentum in Eccleſiam Dei irrepſerat,"
                    HPOS="600"
                    VPOS="1412"
                    WIDTH="1053"
                    HEIGHT="79"
                    WC="0.98607103076092"></String>
          </TextLine>

          
          
          <TextLine ID="eSc_line_d0e40b3d"
                    TAGREFS="LT4119"
                    BASELINE="602 1522 1649 1515" 
                    HPOS="600"
                    VPOS="1475"
                    WIDTH="1049"
                    HEIGHT="68">
            <Shape><Polygon POINTS="602 1522 602 1537 1158 1543 1160 1543 1161 1543 1171 1540 1185 1536 1207 1540 1228 1543 1229 1543 1246 1540 1274 1533 1286 1540 1287 1540 1289 1540 1290 1540 1298 1540 1356 1533 1372 1540 1377 1542 1378 1542 1380 1543 1439 1543 1439 1542 1441 1542 1442 1542 1444 1540 1457 1533 1491 1540 1493 1540 1494 1540 1496 1540 1497 1540 1511 1531 1537 1540 1539 1540 1540 1540 1542 1540 1572 1533 1646 1540 1649 1515 1644 1478 1542 1485 1521 1479 1516 1478 1515 1478 1514 1478 1512 1478 1508 1479 1494 1485 1482 1479 1472 1475 1470 1475 1469 1475 1302 1476 1301 1476 1299 1476 1290 1482 1284 1487 1270 1482 1250 1478 1249 1478 1247 1478 1246 1478 1232 1484 1221 1490 1142 1490 1131 1485 1109 1478 1107 1478 1106 1478 1105 1478 1103 1478 1094 1485 1093 1487 1082 1485 1032 1481 1030 1481 1029 1481 1014 1487 1006 1490 989 1487 951 1482 950 1482 948 1482 947 1482 941 1488 938 1491 856 1491 855 1490 832 1482 831 1482 829 1482 828 1482 807 1490 804 1491 788 1491 649 1481 648 1481 646 1481 600 1493 602 1522"/></Shape>
	    <String CONTENT="vel ex ea communicatione, quæ fidelibus cum"
                    HPOS="600"
                    VPOS="1475"
                    WIDTH="1049"
                    HEIGHT="68"
                    WC="0.971016217109769"></String>
          </TextLine>

          
          
          <TextLine ID="eSc_line_c7f1beca"
                    TAGREFS="LT4119"
                    BASELINE="603 1582 1650 1574" 
                    HPOS="602"
                    VPOS="1530"
                    WIDTH="1048"
                    HEIGHT="68">
            <Shape><Polygon POINTS="603 1582 603 1598 1649 1589 1650 1574 1647 1540 1493 1530 1491 1530 1490 1530 1470 1539 1464 1542 1454 1539 1436 1534 1435 1534 1433 1534 1432 1534 1430 1534 1426 1539 1418 1545 1287 1545 1277 1539 1262 1531 1261 1531 1259 1531 1258 1531 1256 1531 1256 1533 1249 1539 1244 1543 1210 1545 1201 1539 1195 1533 1194 1533 1192 1533 1119 1533 1118 1533 1116 1533 1105 1537 1088 1546 971 1546 932 1537 916 1534 914 1534 913 1534 911 1534 908 1537 896 1548 765 1548 736 1537 731 1536 730 1536 667 1536 666 1536 664 1536 661 1537 645 1545 635 1537 635 1536 633 1536 632 1536 630 1536 602 1536 603 1582"/></Shape>
	    <String CONTENT="Iudæis conuerſis intercedebat hoc periculũ iam"
                    HPOS="602"
                    VPOS="1530"
                    WIDTH="1048"
                    HEIGHT="68"
                    WC="0.978962886840739"></String>
          </TextLine>

          
          
          <TextLine ID="eSc_line_2a4d510a"
                    TAGREFS="LT4119"
                    BASELINE="603 1643 1650 1632" 
                    HPOS="602"
                    VPOS="1583"
                    WIDTH="1048"
                    HEIGHT="82">
            <Shape><Polygon POINTS="603 1643 603 1665 660 1658 733 1664 751 1665 752 1665 782 1664 904 1655 1009 1661 1045 1662 1047 1662 1060 1661 1096 1653 1124 1659 1133 1661 1134 1661 1250 1659 1252 1659 1253 1659 1255 1658 1265 1652 1280 1658 1286 1659 1287 1659 1289 1659 1323 1656 1398 1650 1442 1655 1467 1658 1469 1658 1650 1652 1650 1632 1647 1597 1503 1583 1502 1583 1436 1586 1435 1586 1412 1597 1411 1597 1408 1597 1375 1589 1374 1589 1372 1589 1353 1597 1347 1598 1338 1597 1295 1586 1293 1586 1292 1586 1265 1597 1259 1598 1246 1597 1195 1589 1194 1589 1105 1597 1048 1603 953 1603 936 1597 916 1591 914 1591 913 1591 911 1591 889 1597 868 1603 847 1597 822 1591 820 1591 819 1591 817 1591 800 1597 786 1603 774 1597 761 1591 759 1591 758 1591 602 1597 603 1643"/></Shape>
	    <String CONTENT="Eccleſiæ imminere potuit, &amp; præuideri à Paulo."
                    HPOS="602"
                    VPOS="1583"
                    WIDTH="1048"
                    HEIGHT="82"
                    WC="0.989841315340488"></String>
          </TextLine>

          
          
          <TextLine ID="eSc_line_42340ac0"
                    TAGREFS="LT4119"
                    BASELINE="652 1698 1653 1692" 
                    HPOS="651"
                    VPOS="1644"
                    WIDTH="1002"
                    HEIGHT="75">
            <Shape><Polygon POINTS="652 1698 652 1714 840 1719 841 1719 843 1719 852 1714 862 1711 881 1714 901 1719 902 1719 962 1714 1039 1710 1070 1714 1087 1717 1088 1717 1090 1717 1097 1714 1116 1708 1287 1708 1308 1714 1311 1716 1313 1716 1314 1716 1325 1714 1375 1708 1384 1714 1384 1716 1386 1716 1387 1716 1389 1716 1409 1714 1531 1707 1650 1714 1653 1692 1649 1652 1598 1659 1582 1652 1566 1644 1564 1644 1402 1644 1400 1644 1399 1644 1372 1653 1348 1661 1340 1653 1332 1646 1331 1646 1329 1646 1328 1646 1326 1646 1301 1653 1298 1653 1295 1653 1253 1646 1252 1646 1250 1646 1249 1646 1240 1653 1231 1661 1185 1661 1174 1653 1161 1646 1160 1646 1158 1646 1157 1646 1155 1646 1131 1655 1109 1664 1072 1664 1063 1655 1055 1649 1055 1647 1054 1647 1052 1647 1051 1647 1049 1647 1048 1647 1039 1655 1030 1661 1014 1655 1005 1652 1003 1652 1002 1652 1000 1652 999 1652 999 1653 996 1655 987 1664 725 1664 713 1656 701 1649 700 1649 699 1649 697 1649 651 1656 652 1698"/></Shape>
	    <String CONTENT="Fuerunt autem huiuſmodi de Genealogijs"
                    HPOS="651"
                    VPOS="1644"
                    WIDTH="1002"
                    HEIGHT="75"
                    WC="0.990728767294633"></String>
          </TextLine>

          
          
          <TextLine ID="eSc_line_00e311a6"
                    TAGREFS="LT4119"
                    BASELINE="600 1757 1653 1748" 
                    HPOS="599"
                    VPOS="1702"
                    WIDTH="1054"
                    HEIGHT="79">
            <Shape><Polygon POINTS="600 1757 600 1772 621 1781 623 1781 624 1781 626 1781 627 1781 639 1772 642 1772 691 1781 693 1781 694 1781 696 1781 704 1772 745 1771 780 1771 810 1771 1124 1778 1125 1778 1189 1768 1192 1768 1197 1768 1284 1777 1286 1777 1354 1766 1357 1766 1360 1766 1405 1775 1406 1775 1467 1766 1576 1774 1577 1774 1579 1774 1606 1766 1616 1774 1618 1774 1619 1774 1621 1774 1622 1774 1653 1763 1653 1748 1650 1713 1598 1705 1597 1705 1558 1713 1546 1704 1546 1702 1545 1702 1543 1702 1542 1702 1458 1714 1451 1714 1447 1714 1409 1705 1408 1705 1322 1714 1308 1705 1307 1705 1305 1705 1171 1705 1170 1705 1168 1705 1167 1705 1151 1716 1087 1710 1085 1710 1044 1717 1042 1717 1041 1717 1008 1707 1006 1707 1005 1707 1003 1707 975 1717 947 1707 945 1707 944 1707 942 1707 917 1719 916 1720 829 1720 816 1720 785 1708 783 1708 782 1708 780 1708 779 1708 779 1710 767 1720 765 1720 758 1720 621 1710 620 1710 618 1710 599 1719 600 1757"/></Shape>
	    <String CONTENT="diſputationes. Quis ex qua familia ortus eſſet, ſi¬"
                    HPOS="599"
                    VPOS="1702"
                    WIDTH="1054"
                    HEIGHT="79"
                    WC="0.966564782694274"></String>
          </TextLine>

          
          
          <TextLine ID="eSc_line_a7ea6ba9"
                    TAGREFS="LT4119"
                    BASELINE="600 1817 1655 1806" 
                    HPOS="599"
                    VPOS="1760"
                    WIDTH="1056"
                    HEIGHT="79">
            <Shape><Polygon POINTS="600 1817 600 1830 624 1839 626 1839 627 1839 629 1839 654 1830 655 1830 687 1830 983 1836 984 1836 986 1836 987 1836 999 1829 1015 1836 1017 1836 1018 1836 1058 1829 1073 1826 1106 1827 1173 1833 1174 1833 1176 1833 1177 1833 1186 1827 1189 1826 1201 1827 1237 1833 1238 1833 1287 1827 1299 1826 1305 1827 1326 1833 1328 1833 1329 1833 1331 1833 1351 1827 1356 1826 1653 1826 1655 1806 1649 1760 1603 1772 1524 1762 1503 1760 1502 1760 1500 1760 1491 1763 1457 1774 1389 1765 1357 1762 1356 1762 1354 1762 1342 1766 1317 1775 1276 1768 1273 1768 1271 1768 1270 1768 1268 1768 1244 1775 1228 1769 1216 1763 1215 1763 1213 1763 1212 1763 1210 1763 1203 1769 1192 1778 1127 1778 1119 1771 1112 1765 1110 1765 1109 1765 1076 1765 1075 1765 1073 1765 1072 1765 1060 1772 1058 1772 1035 1766 1033 1766 1032 1766 1030 1766 1029 1766 1018 1774 1009 1780 890 1780 880 1777 859 1768 858 1768 856 1768 855 1768 853 1768 841 1777 838 1780 834 1777 822 1768 820 1768 819 1768 749 1768 748 1768 746 1768 712 1777 696 1769 694 1769 693 1769 691 1769 690 1769 690 1771 678 1780 676 1783 599 1783 600 1817"/></Shape>
	    <String CONTENT="ue de ſe Iudæi agerent: ſiue de gentibus. Id quod"
                    HPOS="599"
                    VPOS="1760"
                    WIDTH="1056"
                    HEIGHT="79"
                    WC="0.965359311930987"></String>
          </TextLine>

          
          
          <TextLine ID="eSc_line_f1354d48"
                    TAGREFS="LT4119"
                    BASELINE="602 1878 1652 1869" 
                    HPOS="600"
                    VPOS="1823"
                    WIDTH="1052"
                    HEIGHT="80">
            <Shape><Polygon POINTS="602 1878 602 1903 660 1893 780 1900 810 1902 812 1902 813 1902 815 1902 816 1900 828 1891 868 1899 887 1902 889 1902 933 1897 994 1891 1011 1896 1024 1900 1026 1900 1027 1900 1029 1900 1039 1896 1049 1890 1057 1896 1064 1900 1066 1900 1067 1900 1069 1902 1102 1902 1102 1900 1103 1900 1118 1894 1133 1888 1295 1888 1299 1890 1308 1897 1310 1897 1311 1897 1313 1899 1363 1899 1363 1897 1365 1897 1395 1888 1402 1887 1408 1888 1423 1894 1424 1894 1426 1894 1469 1887 1475 1887 1476 1887 1494 1896 1496 1896 1497 1896 1499 1896 1527 1887 1537 1894 1539 1894 1540 1894 1631 1896 1632 1896 1634 1896 1635 1896 1652 1885 1652 1869 1647 1832 1554 1833 1548 1832 1518 1823 1516 1823 1515 1823 1514 1823 1491 1833 1490 1833 1482 1833 1412 1824 1411 1824 1409 1824 1389 1835 1386 1836 1342 1836 1340 1835 1302 1824 1301 1824 1299 1824 1298 1824 1268 1835 1265 1836 1258 1836 1194 1826 1192 1826 1191 1826 1189 1826 1176 1836 1174 1836 1102 1827 1100 1827 1099 1827 1097 1827 1097 1829 1087 1838 1085 1838 1061 1832 1060 1832 1058 1832 884 1839 864 1829 862 1829 803 1829 801 1829 800 1829 765 1841 736 1832 734 1832 733 1832 667 1841 635 1830 633 1830 632 1830 630 1830 600 1842 602 1878"/></Shape>
	    <String CONTENT="partim oſtentationis plenum eſt, partim inanis"
                    HPOS="600"
                    VPOS="1823"
                    WIDTH="1052"
                    HEIGHT="80"
                    WC="0.994473479364229"></String>
          </TextLine>

          
          
          <TextLine ID="eSc_line_71c0ab99"
                    TAGREFS="LT4119"
                    BASELINE="602 1934 884 1930" 
                    HPOS="600"
                    VPOS="1893"
                    WIDTH="284"
                    HEIGHT="59">
            <Shape><Polygon POINTS="602 1934 602 1952 883 1952 884 1930 881 1900 734 1893 733 1893 731 1893 715 1900 715 1902 600 1902 602 1934"/></Shape>
	    <String CONTENT="cognitionis."
                    HPOS="600"
                    VPOS="1893"
                    WIDTH="284"
                    HEIGHT="59"
                    WC="0.991387223203977"></String>
          </TextLine>

          
          
          <TextLine ID="eSc_line_fb74702d"
                    TAGREFS="LT4119"
                    BASELINE="632 1989 1647 1985" 
                    HPOS="630"
                    VPOS="1936"
                    WIDTH="1017"
                    HEIGHT="73">
            <Shape><Polygon POINTS="632 1989 632 2009 1646 2004 1647 1985 1644 1949 1488 1936 1487 1936 1485 1936 1463 1946 1368 1948 1310 1936 1308 1936 1307 1936 1305 1936 1305 1937 1292 1949 1271 1937 1270 1937 1221 1937 1219 1937 1218 1937 1216 1937 1203 1946 1194 1937 1192 1937 1191 1937 1118 1937 1116 1937 1115 1937 1091 1951 997 1951 987 1942 986 1942 984 1942 983 1942 981 1942 950 1951 861 1939 859 1939 858 1939 823 1952 762 1952 742 1939 740 1939 739 1939 737 1939 630 1952 632 1989"/></Shape>
	    <String CONTENT="Μύθους, igitur vocat huiuſmodi quæſtiones,"
                    HPOS="630"
                    VPOS="1936"
                    WIDTH="1017"
                    HEIGHT="73"></String>
          </TextLine>

          
          
          <TextLine ID="eSc_line_e5b218f7"
                    TAGREFS="LT4119"
                    BASELINE="603 2052 1659 2043" 
                    HPOS="602"
                    VPOS="1995"
                    WIDTH="1057"
                    HEIGHT="76">
            <Shape><Polygon POINTS="603 2052 603 2071 1658 2062 1659 2043 1656 2000 1551 1995 1549 1995 1548 1995 1530 2001 1524 2003 1515 2001 1484 1995 1482 1995 1481 1995 1479 1995 1469 2003 1461 2007 1445 2003 1426 1997 1424 1997 1423 1997 1421 1997 1409 2003 1399 2009 1387 2004 1371 1997 1369 1997 1368 1997 1366 1997 1365 1997 1365 1998 1357 2004 1351 2010 1252 2010 1238 2006 1216 1998 1215 1998 1213 1998 1212 1998 1210 1998 1210 2000 1201 2007 1197 2012 1105 2012 1084 2009 1029 2000 1027 2000 1026 2000 1024 2000 1008 2010 1006 2012 950 2015 859 2015 858 2013 841 2001 840 2001 838 2001 837 2001 755 2010 663 2003 661 2003 602 2016 603 2052"/></Shape>
	    <String CONTENT="quòd etſi ſæpe non ſint prorſus res falſæ &amp; fictæ"
                    HPOS="602"
                    VPOS="1995"
                    WIDTH="1057"
                    HEIGHT="76"></String>
          </TextLine>

          
          
          <TextLine ID="eSc_line_078f221c"
                    TAGREFS="LT4119"
                    BASELINE="603 2111 1661 2101" 
                    HPOS="602"
                    VPOS="2055"
                    WIDTH="1059"
                    HEIGHT="80">
            <Shape><Polygon POINTS="603 2111 603 2135 684 2126 743 2134 751 2134 752 2134 777 2132 925 2123 936 2129 939 2131 941 2131 942 2132 1041 2132 1041 2131 1066 2128 1107 2122 1158 2126 1206 2129 1207 2129 1209 2129 1224 2125 1238 2120 1274 2123 1319 2128 1320 2128 1322 2128 1342 2122 1359 2119 1396 2122 1460 2126 1461 2126 1497 2119 1511 2117 1659 2117 1661 2101 1658 2055 1509 2055 1508 2055 1506 2055 1505 2055 1503 2056 1494 2062 1487 2056 1485 2056 1484 2056 1482 2056 1481 2056 1479 2058 1461 2067 1347 2059 1314 2058 1313 2058 1311 2058 1310 2058 1310 2059 1308 2059 1298 2070 1258 2070 1238 2061 1228 2058 1226 2058 1225 2058 1224 2058 1222 2058 1218 2062 1204 2070 1160 2062 1137 2059 1136 2059 1134 2059 1133 2059 1128 2064 1118 2071 1000 2071 971 2065 944 2061 942 2061 941 2061 929 2067 920 2071 914 2067 908 2062 907 2062 905 2062 829 2062 828 2062 826 2062 813 2068 804 2073 785 2068 752 2062 751 2062 749 2062 731 2070 719 2074 602 2073 603 2111"/></Shape>
	    <String CONTENT="pro animi libito:tamen ſunt inutiles, vti fabulæ"
                    HPOS="602"
                    VPOS="2055"
                    WIDTH="1059"
                    HEIGHT="80"
                    WC="0.988193231324355"></String>
          </TextLine>

          
          
          <TextLine ID="eSc_line_1df23c79"
                    TAGREFS="LT4119"
                    BASELINE="605 2174 1658 2159" 
                    HPOS="603"
                    VPOS="2111"
                    WIDTH="1055"
                    HEIGHT="100">
            <Shape><Polygon POINTS="605 2174 605 2204 709 2195 749 2202 764 2205 765 2205 767 2205 768 2205 771 2202 782 2195 791 2202 804 2211 806 2211 807 2211 809 2211 1024 2208 1026 2208 1064 2198 1128 2207 1130 2207 1131 2207 1183 2193 1189 2192 1200 2192 1246 2198 1247 2198 1249 2198 1261 2192 1268 2187 1290 2190 1348 2199 1350 2199 1351 2199 1384 2189 1400 2196 1402 2196 1403 2196 1658 2181 1658 2159 1656 2123 1628 2111 1627 2111 1625 2111 1624 2111 1622 2111 1610 2120 1600 2111 1598 2111 1597 2111 1552 2111 1551 2111 1512 2119 1478 2113 1476 2113 1475 2113 1444 2125 1372 2116 1371 2116 1369 2116 1368 2116 1357 2126 1270 2128 1128 2129 1124 2129 1076 2119 1075 2119 1027 2129 1021 2132 966 2132 965 2131 941 2120 939 2120 938 2120 884 2129 651 2125 649 2125 603 2134 605 2174"/></Shape>
	    <String CONTENT="&amp; ficte narrationes Μύθος autem vnde noſtri Gal¬"
                    HPOS="603"
                    VPOS="2111"
                    WIDTH="1055"
                    HEIGHT="100"></String>
          </TextLine>

          
        </TextBlock>
        
        <TextBlock HPOS="1571.1357421875"
                   VPOS="2181.836669921875"
                   WIDTH="84.1048583984375"
                   HEIGHT="55.7431640625"
                   ID="block_2"
                   TAGREFS="BT10534">
          <Shape><Polygon POINTS="1571.14 2181.84 1655.24 2181.84 1655.24 2237.58 1571.14 2237.58 1571.14 2181.84"/></Shape>
          
          
          <TextLine ID="eSc_line_c6582810"
                    TAGREFS="LT4119"
                    BASELINE="1612 2221 1653 2221" 
                    HPOS="1612"
                    VPOS="2169"
                    WIDTH="41"
                    HEIGHT="82">
            <Shape><Polygon POINTS="1646 2186 1613 2169 1612 2221 1612 2251 1653 2242 1653 2221 1652 2215 1646 2186"/></Shape>
	    <String CONTENT="Ii"
                    HPOS="1612"
                    VPOS="2169"
                    WIDTH="41"
                    HEIGHT="82"
                    WC="0.993350625038147"></String>
          </TextLine>

          
        </TextBlock>
        

        
      </PrintSpace>
    </Page>
  </Layout>
</alto>
