<?xml version="1.0" encoding="UTF-8"?>
<alto xmlns:xsi="http://www.w3.org/2001/XMLSchema-instance"
      xmlns="http://www.loc.gov/standards/alto/ns-v4#"
      xsi:schemaLocation="http://www.loc.gov/standards/alto/ns-v4# http://www.loc.gov/standards/alto/v4/alto-4-2.xsd">
  <Description>
    <MeasurementUnit>pixel</MeasurementUnit>
    <sourceImageInformation>
      <fileName>2012939.png</fileName>
      
    </sourceImageInformation>
  </Description>
  
  <Tags>
    <OtherTag ID="BT10544" LABEL="text" DESCRIPTION="block type text"/><OtherTag ID="BT10543" LABEL="NumberingZone" DESCRIPTION="block type NumberingZone"/><OtherTag ID="BT10542" LABEL="MainZone" DESCRIPTION="block type MainZone"/><OtherTag ID="BT10538" LABEL="RunningTitleZone" DESCRIPTION="block type RunningTitleZone"/><OtherTag ID="BT10537" LABEL="DropCapitalZone" DESCRIPTION="block type DropCapitalZone"/><OtherTag ID="BT10536" LABEL="GraphicZone" DESCRIPTION="block type GraphicZone"/><OtherTag ID="BT10535" LABEL="TitlePageZone" DESCRIPTION="block type TitlePageZone"/><OtherTag ID="BT10534" LABEL="QuireMarksZone" DESCRIPTION="block type QuireMarksZone"/><OtherTag ID="BT10533" LABEL="MarginTextZone" DESCRIPTION="block type MarginTextZone"/>
    <OtherTag ID="LT4122" LABEL="default" DESCRIPTION="line type default"/><OtherTag ID="LT4119" LABEL="DefaultLine" DESCRIPTION="line type DefaultLine"/><OtherTag ID="LT4118" LABEL="HeadingLine" DESCRIPTION="line type HeadingLine"/><OtherTag ID="LT4117" LABEL="CustomLine : BiblicalText" DESCRIPTION="line type CustomLine : BiblicalText"/>
  </Tags>
  
  <Layout>
    <Page WIDTH="1807"
          HEIGHT="2677"
          PHYSICAL_IMG_NR="55"
          ID="eSc_dummypage_">
      <PrintSpace HPOS="0"
                  VPOS="0"
                  WIDTH="1807"
                  HEIGHT="2677">
        
        <TextBlock HPOS="438"
                   VPOS="195"
                   WIDTH="330"
                   HEIGHT="61"
                   ID="block_3"
                   TAGREFS="BT10538">
          <Shape><Polygon POINTS="768 195 768 256 438 256 438 195"/></Shape>
          
          
          <TextLine ID="eSc_line_bf32a152"
                    TAGREFS="LT4118"
                    BASELINE="453 239 761 239" 
                    HPOS="453"
                    VPOS="191"
                    WIDTH="308"
                    HEIGHT="58">
            <Shape><Polygon POINTS="675 208 660 200 645 193 643 193 632 193 617 193 602 193 596 197 591 202 580 197 574 194 572 194 571 194 569 194 568 194 568 196 566 196 553 208 527 200 526 200 524 200 523 200 505 208 490 193 490 191 489 191 487 191 453 191 453 239 453 249 761 249 761 239 759 211 754 206"/></Shape>
	    <String CONTENT="CAPVT I."
                    HPOS="453"
                    VPOS="191"
                    WIDTH="308"
                    HEIGHT="58"
                    WC="0.999548152089119"></String>
          </TextLine>

          
        </TextBlock>
        
        <TextBlock HPOS="1075"
                   VPOS="192"
                   WIDTH="86"
                   HEIGHT="64"
                   ID="eSc_textblock_71a2812d"
                   TAGREFS="BT10543">
          <Shape><Polygon POINTS="1075 192 1075 256 1158 256 1161 192"/></Shape>
          
          
          <TextLine ID="eSc_line_7270aa90"
                    TAGREFS="LT4119"
                    BASELINE="1094 234 1148 234" 
                    HPOS="1093"
                    VPOS="189"
                    WIDTH="53"
                    HEIGHT="65">
            <Shape><Polygon POINTS="1093 232 1093 254 1108 249 1115 234 1137 232 1146 232 1144 189 1093 189 1093 232"/></Shape>
	    <String CONTENT="27"
                    HPOS="1093"
                    VPOS="189"
                    WIDTH="53"
                    HEIGHT="65"></String>
          </TextLine>

          
        </TextBlock>
        
        <TextBlock HPOS="67"
                   VPOS="269"
                   WIDTH="1080"
                   HEIGHT="1955"
                   ID="block_2"
                   TAGREFS="BT10542">
          <Shape><Polygon POINTS="1147 269 1147 2224 67 2224 67 269"/></Shape>
          
          
          <TextLine ID="eSc_line_1dee8a15"
                    TAGREFS="LT4119"
                    BASELINE="92 313 1143 313" 
                    HPOS="92"
                    VPOS="257"
                    WIDTH="1051"
                    HEIGHT="79">
            <Shape><Polygon POINTS="92 282 92 313 92 324 176 334 178 334 179 334 208 325 211 325 385 325 389 327 398 334 400 334 401 334 403 334 513 328 584 325 611 330 638 334 639 336 748 336 748 334 749 334 761 331 785 325 828 331 847 334 849 334 862 333 896 325 933 333 942 334 944 336 1143 336 1143 313 1143 272 1020 257 1018 257 719 270 700 257 699 257 697 257 696 257 624 267 599 257 597 257 511 257 510 257 508 257 481 266 443 258 441 258 440 258 407 272 165 272 148 257 147 257 145 257 123 257 121 257 120 257 104 264 92 282"/></Shape>
	    <String CONTENT="Hinc autem quidam colligunt definitionem"
                    HPOS="92"
                    VPOS="257"
                    WIDTH="1051"
                    HEIGHT="79"
                    WC="0.97732070684433"></String>
          </TextLine>

          
          
          <TextLine ID="eSc_line_ec5188e8"
                    TAGREFS="LT4119"
                    BASELINE="95 368 1137 371" 
                    HPOS="95"
                    VPOS="318"
                    WIDTH="1042"
                    HEIGHT="82">
            <Shape><Polygon POINTS="1113 321 1112 321 1110 321 1035 330 1005 333 996 330 980 322 978 322 877 321 875 321 840 327 809 333 782 327 757 321 755 321 754 321 740 325 721 334 658 334 638 325 629 321 627 321 626 321 600 324 572 328 553 324 538 319 536 319 535 319 533 319 524 324 513 330 403 331 391 321 389 321 389 319 388 319 386 319 337 319 336 319 334 319 330 321 298 331 264 319 263 319 261 319 260 319 258 319 257 319 234 333 182 333 166 319 165 319 163 319 162 319 160 319 124 330 96 318 95 368 95 398 239 398 239 397 240 397 242 397 252 388 297 397 298 397 300 397 330 388 342 398 343 398 345 398 346 398 355 398 468 389 572 398 574 398 575 398 577 398 602 388 661 400 669 400 670 400 672 400 675 400 704 389 748 397 749 397 1018 389 1036 400 1038 400 1039 400 1041 400 1044 400 1097 391 1133 400 1137 371 1137 331"/></Shape>
	    <String CONTENT="peccati in Spiritum ſanctum: ſed non ſatis apté."
                    HPOS="95"
                    VPOS="318"
                    WIDTH="1042"
                    HEIGHT="82"
                    WC="0.986449161354376"></String>
          </TextLine>

          
          
          <TextLine ID="eSc_line_f37362da"
                    TAGREFS="LT4117"
                    BASELINE="157 498 1136 495" 
                    HPOS="156"
                    VPOS="434"
                    WIDTH="980"
                    HEIGHT="85">
            <Shape><Polygon POINTS="157 508 203 519 205 519 206 519 208 519 223 510 226 508 316 508 318 510 333 519 334 519 336 519 337 519 400 511 1133 513 1136 495 1133 434 1035 434 1033 434 1032 434 1027 435 980 452 911 452 896 438 895 438 893 438 892 438 890 438 840 452 789 444 788 444 693 452 666 441 648 434 646 434 645 434 568 435 566 435 544 443 529 447 516 443 492 435 490 435 437 435 435 435 434 435 407 444 400 449 340 449 339 446 330 438 328 438 327 438 325 438 324 438 303 447 287 455 211 455 193 449 168 441 166 441 165 441 163 441 162 441 156 444 157 498"/></Shape>
	    <String CONTENT="I4 Superabundauit autem gratia Do¬"
                    HPOS="156"
                    VPOS="434"
                    WIDTH="980"
                    HEIGHT="85"
                    WC="0.997718963552924"></String>
          </TextLine>

          
          
          <TextLine ID="eSc_line_41574452"
                    TAGREFS="LT4117"
                    BASELINE="89 566 1139 566" 
                    HPOS="89"
                    VPOS="502"
                    WIDTH="1050"
                    HEIGHT="107">
            <Shape><Polygon POINTS="89 584 127 602 129 602 130 602 132 602 133 602 154 585 156 585 179 585 181 585 200 603 202 603 203 603 205 605 229 605 229 603 230 603 232 603 255 587 260 585 394 585 401 590 423 608 425 608 426 608 428 609 658 609 658 608 660 608 661 608 678 594 691 585 861 585 887 599 896 602 898 602 984 605 986 605 987 605 989 605 996 600 1014 590 1036 600 1051 608 1052 608 1054 608 1139 602 1139 566 1139 510 1121 502 1119 502 1118 502 1116 502 1094 511 1078 519 1064 511 1047 502 1045 502 1005 502 1003 502 1002 502 984 511 971 520 810 520 795 513 785 508 783 508 782 508 780 508 768 513 755 519 749 513 736 502 734 502 733 502 608 502 606 502 559 511 536 502 535 502 461 502 459 502 458 502 429 513 419 504 417 504 416 504 414 504 413 504 411 504 394 514 386 520 330 520 324 516 307 504 306 504 304 504 237 502 236 502 234 502 233 502 215 516 211 519 200 516 154 502 153 502 151 502 150 502 148 502 130 516 126 519 89 517 89 566"/></Shape>
	    <String CONTENT="mini nostri cum fide &amp; dilectione in Chriſto"
                    HPOS="89"
                    VPOS="502"
                    WIDTH="1050"
                    HEIGHT="107"
                    WC="0.99112934822386"></String>
          </TextLine>

          
          
          <TextLine ID="eSc_line_3caad459"
                    TAGREFS="LT4117"
                    BASELINE="93 638 227 636" 
                    HPOS="92"
                    VPOS="580"
                    WIDTH="135"
                    HEIGHT="87">
            <Shape><Polygon POINTS="95 667 121 658 133 661 156 667 157 667 159 667 160 667 162 667 178 654 185 648 227 645 227 636 224 591 144 580 142 580 92 591 93 638"/></Shape>
	    <String CONTENT="Ieſu"
                    HPOS="92"
                    VPOS="580"
                    WIDTH="135"
                    HEIGHT="87"
                    WC="0.999867826700211"></String>
          </TextLine>

          
          
          <TextLine ID="eSc_line_21feb739"
                    TAGREFS="LT4119"
                    BASELINE="142 712 1140 709" 
                    HPOS="141"
                    VPOS="657"
                    WIDTH="999"
                    HEIGHT="77">
            <Shape><Polygon POINTS="142 712 142 730 456 734 458 734 459 734 465 731 474 727 498 731 513 734 514 734 533 731 568 727 605 731 624 734 626 734 627 734 633 731 645 727 675 733 682 733 684 733 685 733 687 733 696 725 804 725 812 731 812 733 813 733 815 733 816 734 893 734 893 733 895 733 896 733 907 725 1137 733 1140 709 1137 663 1102 657 1100 657 1075 663 1048 669 1038 663 1029 657 1027 657 1026 657 1024 657 1023 657 999 663 987 666 981 663 968 657 966 657 901 657 899 657 898 657 896 657 889 663 883 667 877 663 870 658 868 658 867 658 865 658 864 658 849 663 835 667 819 664 794 658 792 658 767 664 749 667 734 664 713 660 712 660 710 660 709 660 704 664 699 670 466 670 461 666 456 661 455 661 453 661 452 661 450 661 437 666 425 669 420 666 410 658 408 658 407 658 406 658 404 658 382 666 371 669 367 666 356 658 355 658 353 658 352 658 275 666 257 667 243 666 181 658 179 658 141 666 142 712"/></Shape>
	    <String CONTENT="Αὔξησις Dei gratiæ, quæ vice confirmationis"
                    HPOS="141"
                    VPOS="657"
                    WIDTH="999"
                    HEIGHT="77"></String>
          </TextLine>

          
          
          <TextLine ID="eSc_line_a7705596"
                    TAGREFS="LT4119"
                    BASELINE="89 770 1142 767" 
                    HPOS="87"
                    VPOS="721"
                    WIDTH="1055"
                    HEIGHT="71">
            <Shape><Polygon POINTS="89 770 89 788 334 785 343 788 359 792 361 792 362 792 408 786 426 785 434 786 455 792 456 792 458 792 492 786 502 785 511 786 539 792 541 792 575 786 582 785 588 786 611 792 612 792 614 792 669 785 685 783 688 785 696 791 697 791 699 791 700 792 813 792 813 791 815 791 835 785 840 783 844 785 867 791 868 791 870 792 1060 792 1060 791 1140 782 1142 767 1139 736 849 736 843 733 801 722 800 722 798 722 797 722 776 733 773 734 771 733 746 721 745 721 649 721 648 721 646 721 620 733 611 737 578 737 571 731 559 722 557 722 556 722 554 722 471 731 426 736 400 731 355 722 353 722 352 722 334 730 324 736 312 730 294 722 292 722 266 722 264 722 263 722 261 722 252 730 246 736 232 730 211 722 209 722 208 722 87 728 89 770"/></Shape>
	    <String CONTENT="addita eſt, &amp; cx verbis ipſis Pauli apparet, vt o¬"
                    HPOS="87"
                    VPOS="721"
                    WIDTH="1055"
                    HEIGHT="71"
                    WC="0.987523112297058"></String>
          </TextLine>

          
          
          <TextLine ID="eSc_line_fad59e98"
                    TAGREFS="LT4119"
                    BASELINE="90 826 1137 826" 
                    HPOS="90"
                    VPOS="780"
                    WIDTH="1047"
                    HEIGHT="73">
            <Shape><Polygon POINTS="90 826 90 841 234 852 236 853 339 853 339 852 340 852 342 852 350 844 419 852 420 852 422 852 447 844 455 843 466 844 507 852 508 852 510 852 526 846 529 844 569 846 685 850 687 850 688 850 697 846 706 843 776 843 785 847 792 852 794 852 795 852 797 852 838 847 881 843 1136 849 1137 826 1137 794 1048 794 1024 783 1023 783 1021 783 981 792 942 780 941 780 939 780 938 780 905 792 864 780 862 780 861 780 859 780 858 780 858 782 844 794 779 794 737 782 736 782 734 782 733 782 713 788 639 780 638 780 636 780 605 792 590 780 588 780 587 780 562 780 560 780 496 792 471 782 469 782 468 782 359 789 337 780 336 780 334 780 267 792 237 780 236 780 234 780 233 780 211 789 178 780 176 780 175 780 90 792 90 826"/></Shape>
	    <String CONTENT="mnis ſuperioris vitæ labes deleta eſie doceatur."
                    HPOS="90"
                    VPOS="780"
                    WIDTH="1047"
                    HEIGHT="73"
                    WC="0.989728419731061"></String>
          </TextLine>

          
          
          <TextLine ID="eSc_line_7886ff1f"
                    TAGREFS="LT4119"
                    BASELINE="90 887 1139 884" 
                    HPOS="89"
                    VPOS="838"
                    WIDTH="1050"
                    HEIGHT="70">
            <Shape><Polygon POINTS="90 887 93 908 107 901 1136 905 1139 884 1136 853 1015 853 1012 852 971 838 969 838 899 838 898 838 896 838 873 850 870 853 730 853 724 850 701 840 700 840 699 840 697 840 675 849 669 852 663 849 646 843 645 843 643 843 642 843 620 849 603 853 591 849 571 840 569 840 568 840 530 849 520 850 517 849 507 840 505 840 504 840 410 840 408 840 407 840 392 847 380 855 258 855 245 846 240 843 239 843 237 843 236 843 234 843 226 846 217 850 212 846 206 841 206 840 205 840 203 840 202 840 176 846 145 853 136 846 130 840 129 840 127 840 126 840 89 844 90 887"/></Shape>
	    <String CONTENT="Probat autem hoc ipſom etiam ex effectis con¬"
                    HPOS="89"
                    VPOS="838"
                    WIDTH="1050"
                    HEIGHT="70"
                    WC="0.979893782403734"></String>
          </TextLine>

          
          
          <TextLine ID="eSc_line_dc693d1f"
                    TAGREFS="LT4119"
                    BASELINE="87 945 1139 941" 
                    HPOS="87"
                    VPOS="895"
                    WIDTH="1052"
                    HEIGHT="77">
            <Shape><Polygon POINTS="87 959 287 972 288 972 290 972 291 972 303 963 312 971 313 971 315 971 316 971 318 971 339 960 408 959 437 959 501 959 502 959 516 969 517 969 519 969 520 969 568 959 590 969 591 969 593 969 594 969 617 963 667 971 669 972 733 972 733 971 734 971 782 959 788 957 853 957 855 957 870 969 871 969 873 969 874 969 875 969 877 969 893 959 925 969 926 969 928 971 996 971 996 969 997 969 1020 960 1113 969 1115 969 1116 969 1139 957 1139 941 1134 908 981 908 977 907 963 895 962 895 960 895 959 895 957 895 926 905 913 896 911 896 910 896 843 895 841 895 840 895 817 905 809 910 767 911 609 911 580 902 551 896 550 896 548 896 533 902 517 910 495 902 477 896 475 896 474 896 340 898 339 898 328 901 292 911 269 901 263 898 261 898 182 898 181 898 179 898 174 899 133 911 87 899 87 945 87 959"/></Shape>
	    <String CONTENT="trarijs ſuperiori illi vitæ, nempe ex fide, quæ op¬"
                    HPOS="87"
                    VPOS="895"
                    WIDTH="1052"
                    HEIGHT="77"
                    WC="0.978178052341237"></String>
          </TextLine>

          
          
          <TextLine ID="eSc_line_3a593a7a"
                    TAGREFS="LT4119"
                    BASELINE="90 1005 1139 1005" 
                    HPOS="90"
                    VPOS="959"
                    WIDTH="1049"
                    HEIGHT="70">
            <Shape><Polygon POINTS="90 1005 90 1027 156 1020 254 1027 257 1027 258 1029 487 1029 487 1027 490 1027 529 1020 551 1027 553 1027 554 1027 559 1027 621 1020 679 1027 685 1027 687 1027 691 1027 725 1020 1137 1026 1139 1005 1139 972 966 972 925 959 923 959 873 959 871 959 870 959 868 959 853 972 777 972 759 959 758 959 757 959 755 959 754 959 725 971 696 959 694 959 693 959 691 959 660 968 627 959 626 959 624 959 623 959 596 972 533 972 507 959 505 959 504 959 429 969 414 959 413 959 411 959 292 959 291 959 290 959 254 972 90 972 90 1005"/></Shape>
	    <String CONTENT="ponitur blaſphemiæ priori: &amp; ex Charitate in"
                    HPOS="90"
                    VPOS="959"
                    WIDTH="1049"
                    HEIGHT="70"
                    WC="0.985278630798513"></String>
          </TextLine>

          
          
          <TextLine ID="eSc_line_ecf60249"
                    TAGREFS="LT4119"
                    BASELINE="90 1060 1136 1063" 
                    HPOS="89"
                    VPOS="1015"
                    WIDTH="1047"
                    HEIGHT="66">
            <Shape><Polygon POINTS="90 1060 89 1078 1133 1081 1136 1063 1136 1029 1107 1017 1106 1017 1105 1017 1103 1017 1072 1024 1060 1017 1058 1017 1057 1017 966 1017 965 1017 963 1017 933 1027 905 1017 904 1017 902 1017 901 1017 864 1027 862 1027 806 1017 804 1017 803 1017 762 1027 761 1027 725 1017 724 1017 722 1017 667 1024 638 1017 636 1017 635 1017 633 1017 632 1017 632 1018 621 1027 620 1027 615 1027 560 1020 559 1020 270 1026 248 1026 246 1026 227 1015 226 1015 118 1015 117 1015 116 1015 90 1024 90 1060"/></Shape>
	    <String CONTENT="Chriſto, quæ opponitur Perſecutionibus, &amp;"
                    HPOS="89"
                    VPOS="1015"
                    WIDTH="1047"
                    HEIGHT="66"
                    WC="0.983449225018664"></String>
          </TextLine>

          
          
          <TextLine ID="eSc_line_0f62a85b"
                    TAGREFS="LT4119"
                    BASELINE="90 1121 1133 1119" 
                    HPOS="89"
                    VPOS="1070"
                    WIDTH="1044"
                    HEIGHT="79">
            <Shape><Polygon POINTS="90 1121 90 1137 133 1148 135 1149 362 1149 362 1148 364 1148 365 1148 373 1140 374 1140 382 1140 441 1148 443 1148 474 1142 496 1137 545 1142 574 1145 575 1145 597 1143 651 1137 663 1143 669 1146 670 1146 672 1146 685 1143 715 1137 928 1137 1035 1148 1048 1148 1049 1148 1055 1148 1103 1137 1128 1148 1133 1119 1130 1084 1067 1070 1009 1070 1008 1070 1006 1070 974 1082 969 1084 919 1084 916 1081 904 1070 902 1070 901 1070 899 1070 898 1070 868 1079 856 1070 855 1070 853 1070 734 1070 733 1070 731 1070 710 1078 667 1070 666 1070 664 1070 641 1078 627 1082 621 1078 611 1070 609 1070 608 1070 606 1070 605 1070 582 1078 568 1084 536 1084 526 1076 517 1070 516 1070 514 1070 513 1070 511 1070 498 1076 487 1084 458 1084 447 1076 440 1070 438 1070 437 1070 435 1070 434 1070 432 1070 423 1076 413 1082 376 1075 345 1070 343 1070 342 1070 325 1075 298 1082 89 1073 90 1121"/></Shape>
	    <String CONTENT="Contumelijs prioribus in Dei Eccleſiam factis."
                    HPOS="89"
                    VPOS="1070"
                    WIDTH="1044"
                    HEIGHT="79"
                    WC="0.981675963038984"></String>
          </TextLine>

          
          
          <TextLine ID="eSc_line_5fe8b176"
                    TAGREFS="LT4117"
                    BASELINE="154 1247 1137 1244" 
                    HPOS="153"
                    VPOS="1185"
                    WIDTH="984"
                    HEIGHT="85">
            <Shape><Polygon POINTS="154 1258 615 1270 617 1270 618 1270 649 1262 783 1268 785 1268 786 1268 807 1261 1057 1267 1058 1267 1137 1255 1137 1244 1133 1188 971 1200 939 1189 929 1186 928 1186 926 1186 925 1186 923 1186 919 1191 901 1201 825 1201 791 1192 759 1185 758 1185 757 1185 739 1192 721 1201 643 1201 633 1194 623 1186 621 1186 620 1186 462 1186 461 1186 459 1186 432 1197 422 1201 414 1197 394 1186 392 1186 318 1186 316 1186 315 1186 288 1198 282 1203 197 1203 194 1200 168 1186 166 1186 165 1186 163 1186 162 1186 162 1188 153 1195 154 1247"/></Shape>
	    <String CONTENT="15 Fidus eſt hic ſermo, &amp; modis omni¬"
                    HPOS="153"
                    VPOS="1185"
                    WIDTH="984"
                    HEIGHT="85"
                    WC="0.97287860271093"></String>
          </TextLine>

          
          
          <TextLine ID="eSc_line_08376e39"
                    TAGREFS="LT4117"
                    BASELINE="86 1314 1136 1311" 
                    HPOS="84"
                    VPOS="1253"
                    WIDTH="1052"
                    HEIGHT="89">
            <Shape><Polygon POINTS="86 1342 171 1332 223 1341 224 1341 226 1341 227 1341 287 1332 343 1339 355 1341 356 1341 368 1339 416 1332 530 1338 608 1341 609 1341 611 1341 612 1341 617 1337 626 1331 679 1335 709 1338 710 1338 815 1334 870 1332 877 1334 902 1339 904 1339 905 1339 1134 1329 1136 1311 1131 1271 983 1271 978 1268 968 1259 966 1259 965 1259 809 1253 807 1253 806 1253 804 1253 789 1265 782 1273 737 1273 728 1265 719 1256 718 1256 716 1256 626 1253 624 1253 623 1253 605 1262 591 1270 538 1262 487 1255 486 1255 484 1255 464 1261 423 1273 397 1265 395 1265 394 1265 330 1273 284 1258 272 1255 270 1255 203 1255 202 1255 200 1255 199 1255 196 1258 182 1265 84 1256 86 1314"/></Shape>
	    <String CONTENT="bus dignus quem amplectamur, Chriſtum Ie¬"
                    HPOS="84"
                    VPOS="1253"
                    WIDTH="1052"
                    HEIGHT="89"
                    WC="0.993081053582633"></String>
          </TextLine>

          
          
          <TextLine ID="eSc_line_041f4aac"
                    TAGREFS="LT4117"
                    BASELINE="86 1384 1133 1381" 
                    HPOS="84"
                    VPOS="1331"
                    WIDTH="1049"
                    HEIGHT="89">
            <Shape><Polygon POINTS="87 1420 150 1396 243 1396 316 1414 318 1414 319 1414 321 1414 322 1414 346 1396 469 1396 487 1409 496 1418 498 1418 499 1418 501 1420 547 1420 547 1418 548 1418 550 1418 560 1408 572 1397 642 1397 678 1397 685 1405 699 1417 700 1417 701 1417 703 1418 777 1418 777 1417 779 1417 780 1417 800 1402 801 1400 804 1402 826 1412 828 1412 829 1412 831 1412 861 1403 917 1417 919 1418 1042 1418 1042 1417 1044 1417 1133 1393 1133 1381 1130 1347 1090 1347 1088 1345 1063 1331 1061 1331 1060 1331 989 1331 987 1331 923 1344 916 1347 611 1347 600 1341 575 1332 574 1332 572 1332 571 1332 569 1332 556 1341 545 1348 496 1348 489 1341 481 1335 481 1334 480 1334 478 1334 477 1334 432 1341 425 1341 422 1339 404 1332 403 1332 401 1332 400 1332 370 1339 368 1339 365 1339 312 1332 310 1332 309 1332 307 1332 297 1339 285 1347 237 1339 236 1339 197 1347 182 1338 174 1332 172 1332 171 1332 169 1332 84 1337 86 1384"/></Shape>
	    <String CONTENT="ſum veniſſe in mundum vt peccatores ſerua¬"
                    HPOS="84"
                    VPOS="1331"
                    WIDTH="1049"
                    HEIGHT="89"
                    WC="0.971914369435537"></String>
          </TextLine>

          
          
          <TextLine ID="eSc_line_9b79fa28"
                    TAGREFS="LT4117"
                    BASELINE="86 1453 768 1453" 
                    HPOS="86"
                    VPOS="1408"
                    WIDTH="682"
                    HEIGHT="76">
            <Shape><Polygon POINTS="86 1466 126 1475 127 1475 129 1475 148 1469 184 1482 185 1482 187 1484 230 1484 230 1482 232 1482 233 1482 233 1481 249 1467 346 1467 362 1481 362 1482 364 1482 365 1482 367 1484 403 1484 403 1482 404 1482 406 1482 425 1467 471 1467 492 1482 493 1482 495 1482 496 1484 568 1484 568 1482 569 1482 621 1467 667 1482 669 1482 670 1484 727 1484 727 1482 728 1482 730 1482 730 1481 745 1467 768 1467 768 1453 768 1421 621 1418 611 1408 609 1408 608 1408 560 1408 559 1408 557 1408 556 1408 556 1409 542 1420 416 1420 392 1408 391 1408 389 1408 388 1408 386 1408 367 1420 295 1412 294 1412 232 1420 223 1412 223 1411 221 1411 220 1411 218 1411 217 1411 193 1417 136 1408 135 1408 133 1408 86 1420 86 1453"/></Shape>
	    <String CONTENT="ret, quorum primus ſum ego."
                    HPOS="86"
                    VPOS="1408"
                    WIDTH="682"
                    HEIGHT="76"
                    WC="0.9970910637467"></String>
          </TextLine>

          
          
          <TextLine ID="eSc_line_962c19a6"
                    TAGREFS="LT4117"
                    BASELINE="98 1528 282 1521 1131 1522" 
                    HPOS="96"
                    VPOS="1470"
                    WIDTH="1035"
                    HEIGHT="76">
            <Shape><Polygon POINTS="98 1546 159 1539 188 1546 190 1546 191 1546 194 1546 349 1539 367 1546 368 1546 370 1546 371 1546 413 1539 423 1546 425 1546 426 1546 428 1546 429 1546 431 1546 443 1539 458 1546 459 1546 461 1546 464 1546 519 1539 587 1546 593 1546 594 1546 600 1546 673 1539 710 1546 715 1546 716 1546 728 1546 835 1539 1128 1545 1131 1522 1130 1475 1036 1473 1035 1473 1033 1473 1032 1473 1030 1475 1014 1487 977 1487 959 1476 947 1470 945 1470 944 1470 914 1476 878 1485 861 1478 843 1470 841 1470 840 1470 794 1478 770 1482 725 1479 605 1470 603 1470 602 1470 569 1481 562 1484 556 1482 532 1472 530 1472 469 1470 468 1470 391 1484 379 1485 371 1484 322 1470 321 1470 319 1470 318 1470 273 1485 272 1487 226 1487 224 1485 208 1475 206 1475 205 1475 203 1475 96 1487 98 1528"/></Shape>
	    <String CONTENT="16 Verum ideo miſertus est mei, vt in"
                    HPOS="96"
                    VPOS="1470"
                    WIDTH="1035"
                    HEIGHT="76"></String>
          </TextLine>

          
          
          <TextLine ID="eSc_line_d317f19b"
                    TAGREFS="LT4117"
                    BASELINE="83 1589 1131 1589" 
                    HPOS="83"
                    VPOS="1539"
                    WIDTH="1048"
                    HEIGHT="80">
            <Shape><Polygon POINTS="83 1607 141 1607 156 1618 157 1618 159 1618 160 1618 245 1609 358 1618 359 1618 361 1618 362 1618 376 1607 411 1618 413 1618 414 1618 499 1607 504 1607 581 1607 582 1607 615 1618 617 1618 618 1619 724 1619 724 1618 779 1607 783 1607 786 1607 815 1618 816 1618 817 1618 889 1607 895 1607 898 1607 931 1618 932 1618 933 1618 1131 1607 1131 1589 1131 1551 893 1551 892 1549 880 1539 878 1539 877 1539 765 1539 764 1539 762 1539 739 1548 736 1549 730 1548 685 1539 652 1539 651 1539 649 1539 648 1539 635 1548 633 1549 629 1548 608 1542 606 1542 605 1542 603 1542 602 1542 594 1548 590 1549 493 1548 486 1548 477 1539 475 1539 474 1539 472 1539 416 1546 362 1539 361 1539 359 1539 358 1539 349 1546 345 1549 316 1546 240 1539 239 1539 83 1545 83 1589"/></Shape>
	    <String CONTENT="me primo oſtenderet Ieſus Chriſtus omnem"
                    HPOS="83"
                    VPOS="1539"
                    WIDTH="1048"
                    HEIGHT="80"
                    WC="0.985901601612568"></String>
          </TextLine>

          
          
          <TextLine ID="eSc_line_8cfec7f8"
                    TAGREFS="LT4117"
                    BASELINE="84 1653 1128 1659" 
                    HPOS="84"
                    VPOS="1601"
                    WIDTH="1044"
                    HEIGHT="88">
            <Shape><Polygon POINTS="84 1673 197 1673 199 1673 218 1682 220 1682 221 1682 223 1682 255 1673 260 1673 261 1674 275 1685 276 1685 278 1685 279 1685 336 1674 345 1673 350 1674 383 1686 385 1686 667 1687 669 1687 670 1687 697 1680 759 1687 761 1687 762 1687 777 1680 798 1686 800 1686 801 1686 803 1686 804 1686 804 1685 813 1679 816 1676 825 1679 867 1689 868 1689 870 1689 871 1689 896 1679 901 1677 914 1679 972 1689 974 1689 1018 1680 1032 1677 1047 1680 1081 1687 1082 1687 1127 1680 1128 1659 1127 1606 929 1606 928 1606 926 1606 925 1606 925 1607 904 1618 812 1616 801 1607 798 1604 797 1604 795 1604 794 1604 776 1607 737 1618 609 1618 574 1609 542 1603 541 1603 511 1610 487 1615 309 1615 301 1612 273 1601 272 1601 270 1601 269 1601 245 1612 243 1612 226 1603 224 1603 223 1603 221 1603 220 1603 206 1612 203 1615 160 1615 156 1612 124 1601 123 1601 121 1601 120 1601 84 1612 84 1653"/></Shape>
	    <String CONTENT="clementiam: vt eſſem exemplo credituris i¬"
                    HPOS="84"
                    VPOS="1601"
                    WIDTH="1044"
                    HEIGHT="88"
                    WC="0.980655651716959"></String>
          </TextLine>

          
          
          <TextLine ID="eSc_line_2942ae56"
                    TAGREFS="LT4117"
                    BASELINE="95 1734 203 1726 623 1728" 
                    HPOS="93"
                    VPOS="1671"
                    WIDTH="530"
                    HEIGHT="80">
            <Shape><Polygon POINTS="95 1751 165 1748 166 1748 168 1748 168 1747 176 1740 214 1747 215 1747 428 1740 432 1743 440 1748 440 1750 441 1750 443 1750 444 1751 498 1751 498 1750 499 1750 501 1750 501 1748 508 1741 539 1740 568 1738 569 1738 581 1747 582 1747 584 1747 585 1747 587 1747 623 1737 623 1728 621 1685 544 1671 542 1671 498 1682 487 1683 458 1680 388 1673 386 1673 356 1679 328 1683 297 1677 278 1673 93 1673 95 1734"/></Shape>
	    <String CONTENT="pſi in vitam æternam."
                    HPOS="93"
                    VPOS="1671"
                    WIDTH="530"
                    HEIGHT="80"
                    WC="0.990858580384936"></String>
          </TextLine>

          
          
          <TextLine ID="eSc_line_7cc71312"
                    TAGREFS="LT4119"
                    BASELINE="133 1842 1124 1847" 
                    HPOS="132"
                    VPOS="1783"
                    WIDTH="992"
                    HEIGHT="89">
            <Shape><Polygon POINTS="133 1842 132 1856 169 1866 171 1866 172 1866 174 1866 190 1859 267 1859 284 1867 285 1867 287 1867 288 1867 376 1859 429 1867 431 1867 474 1862 481 1867 481 1869 483 1869 484 1869 486 1869 581 1860 629 1869 630 1869 803 1862 832 1870 834 1870 835 1870 880 1863 939 1870 941 1870 1000 1862 1011 1870 1012 1870 1014 1870 1015 1872 1076 1872 1076 1870 1078 1870 1079 1870 1090 1862 1122 1862 1124 1847 1122 1801 1070 1801 1070 1799 1044 1787 1042 1787 1041 1787 1039 1787 1011 1798 965 1792 963 1792 962 1792 960 1792 953 1798 951 1801 892 1801 884 1798 853 1787 852 1787 850 1787 849 1787 826 1796 820 1799 816 1796 797 1784 795 1784 794 1784 792 1784 791 1784 789 1784 776 1792 643 1786 642 1786 641 1786 639 1786 639 1787 633 1792 620 1784 618 1784 617 1784 547 1784 545 1784 544 1784 514 1793 499 1798 429 1798 425 1793 419 1787 417 1787 416 1787 414 1787 388 1792 373 1795 368 1792 356 1783 355 1783 353 1783 284 1783 282 1783 281 1783 263 1790 251 1796 133 1790 133 1842"/></Shape>
	    <String CONTENT="Αʹνάκλασις eáque ſummo illuſtrandæ Dei glo¬"
                    HPOS="132"
                    VPOS="1783"
                    WIDTH="992"
                    HEIGHT="89"></String>
          </TextLine>

          
          
          <TextLine ID="eSc_line_7036e83f"
                    TAGREFS="LT4119"
                    BASELINE="86 1900 1125 1903" 
                    HPOS="84"
                    VPOS="1854"
                    WIDTH="1041"
                    HEIGHT="70">
            <Shape><Polygon POINTS="86 1900 84 1915 513 1922 514 1922 530 1920 554 1915 582 1920 606 1924 608 1924 641 1921 679 1917 852 1917 864 1922 868 1924 870 1924 871 1924 895 1922 975 1917 1027 1924 1033 1924 1035 1924 1038 1924 1075 1917 1122 1924 1125 1903 1124 1870 1011 1870 1009 1869 996 1857 996 1856 994 1856 993 1856 991 1856 895 1867 870 1870 687 1870 681 1864 672 1857 672 1856 670 1856 669 1856 667 1856 632 1863 608 1869 596 1863 593 1862 591 1862 590 1862 575 1863 533 1867 524 1862 516 1856 514 1856 513 1856 511 1856 510 1856 492 1862 474 1869 449 1869 438 1862 431 1854 429 1854 428 1854 426 1854 425 1854 411 1860 407 1863 401 1860 388 1854 386 1854 385 1854 349 1860 328 1863 309 1859 284 1854 223 1854 221 1854 220 1854 218 1854 214 1859 206 1863 199 1857 193 1854 191 1854 190 1854 188 1854 86 1856 86 1900"/></Shape>
	    <String CONTENT="riæ ſtudio inducta, vt quod contra miniſterium"
                    HPOS="84"
                    VPOS="1854"
                    WIDTH="1041"
                    HEIGHT="70"
                    WC="0.999072407898696"></String>
          </TextLine>

          
          
          <TextLine ID="eSc_line_4de230e3"
                    TAGREFS="LT4119"
                    BASELINE="84 1961 1125 1964" 
                    HPOS="84"
                    VPOS="1909"
                    WIDTH="1041"
                    HEIGHT="73">
            <Shape><Polygon POINTS="84 1961 84 1982 1124 1978 1125 1964 1122 1921 1061 1927 1049 1920 1039 1912 1038 1912 1036 1912 1035 1912 1033 1912 1014 1920 1000 1924 980 1918 953 1912 951 1912 950 1912 948 1912 947 1912 939 1918 928 1928 850 1928 837 1917 831 1912 829 1912 828 1912 780 1912 779 1912 777 1912 776 1912 771 1917 759 1927 608 1927 566 1927 545 1914 541 1911 539 1911 538 1911 370 1911 368 1911 367 1911 364 1912 336 1927 273 1927 230 1911 229 1911 84 1909 84 1961"/></Shape>
	    <String CONTENT="Pauli maximè videbatur antea obiici poſſe, hoc"
                    HPOS="84"
                    VPOS="1909"
                    WIDTH="1041"
                    HEIGHT="73"></String>
          </TextLine>

          
          
          <TextLine ID="eSc_line_bae76a71"
                    TAGREFS="LT4119"
                    BASELINE="80 2019 1122 2022" 
                    HPOS="78"
                    VPOS="1972"
                    WIDTH="1044"
                    HEIGHT="74">
            <Shape><Polygon POINTS="80 2019 78 2031 196 2040 197 2040 233 2034 234 2034 237 2034 284 2043 285 2043 339 2036 356 2043 358 2043 359 2043 361 2043 379 2036 382 2034 385 2036 400 2043 401 2043 403 2044 505 2044 505 2043 551 2038 585 2034 605 2038 629 2044 630 2044 632 2044 633 2044 652 2038 666 2036 728 2036 736 2040 742 2044 743 2044 745 2044 746 2046 942 2046 942 2044 944 2044 948 2043 960 2037 971 2043 972 2044 974 2044 975 2044 977 2044 997 2043 1084 2037 1119 2044 1122 2022 1121 1975 819 1983 788 1976 770 1973 768 1973 767 1973 754 1978 733 1983 713 1978 703 1975 701 1975 700 1975 670 1978 623 1983 614 1979 600 1972 599 1972 597 1972 596 1972 582 1979 575 1983 550 1983 545 1979 538 1973 538 1972 536 1972 535 1972 533 1972 426 1980 395 1982 371 1980 275 1972 273 1972 272 1972 270 1972 258 1982 257 1983 199 1983 197 1982 178 1972 176 1972 175 1972 130 1982 116 1972 114 1972 113 1972 111 1972 110 1972 80 1982 80 2019"/></Shape>
	    <String CONTENT="totum ad pios conſolandos confirmandóſque iã"
                    HPOS="78"
                    VPOS="1972"
                    WIDTH="1044"
                    HEIGHT="74"
                    WC="0.988295609536378"></String>
          </TextLine>

          
          
          <TextLine ID="eSc_line_aac6b6e7"
                    TAGREFS="LT4119"
                    BASELINE="83 2077 1121 2080" 
                    HPOS="81"
                    VPOS="2034"
                    WIDTH="1040"
                    HEIGHT="70">
            <Shape><Polygon POINTS="83 2077 81 2098 348 2101 349 2101 388 2098 428 2094 441 2096 455 2101 456 2101 458 2101 487 2096 514 2094 520 2096 526 2101 527 2101 529 2101 884 2102 886 2102 887 2102 904 2095 914 2102 916 2102 917 2102 919 2104 1014 2104 1014 2102 1119 2094 1121 2080 1119 2047 1052 2036 1051 2036 969 2046 945 2036 944 2036 875 2036 874 2036 873 2036 840 2046 838 2046 831 2046 710 2038 709 2038 639 2046 632 2046 630 2046 602 2034 600 2034 599 2034 188 2044 172 2044 171 2044 159 2034 157 2034 156 2034 102 2034 101 2034 99 2034 83 2041 83 2077"/></Shape>
	    <String CONTENT="valeat, quum in Paulo, tanquam pulcherrimo"
                    HPOS="81"
                    VPOS="2034"
                    WIDTH="1040"
                    HEIGHT="70"
                    WC="0.978538633812042"></String>
          </TextLine>

          
          
          <TextLine ID="eSc_line_9db486d9"
                    TAGREFS="LT4119"
                    BASELINE="80 2137 1124 2140" 
                    HPOS="78"
                    VPOS="2091"
                    WIDTH="1046"
                    HEIGHT="75">
            <Shape><Polygon POINTS="80 2137 78 2157 185 2165 187 2165 188 2165 206 2157 215 2154 266 2154 270 2157 279 2165 281 2165 282 2165 284 2166 327 2166 327 2165 328 2165 343 2157 346 2156 353 2157 389 2165 391 2165 392 2165 394 2165 404 2157 410 2154 493 2154 505 2157 535 2165 536 2165 538 2166 629 2166 629 2165 713 2156 724 2156 728 2156 771 2166 773 2166 774 2166 804 2157 960 2157 1008 2166 1009 2166 1011 2166 1012 2166 1026 2156 1122 2154 1124 2140 1122 2105 1069 2092 1067 2092 1017 2104 1014 2105 956 2105 953 2102 935 2092 933 2092 932 2092 931 2092 929 2092 893 2102 886 2105 826 2105 822 2102 809 2092 807 2092 806 2092 804 2092 803 2092 782 2101 774 2104 728 2101 648 2095 646 2095 623 2099 602 2104 593 2099 575 2091 574 2091 404 2091 403 2091 362 2096 339 2101 318 2096 288 2091 287 2091 285 2091 284 2091 278 2096 269 2104 237 2104 229 2096 223 2091 221 2091 220 2091 218 2091 171 2092 169 2092 168 2092 165 2095 153 2102 80 2095 80 2137"/></Shape>
	    <String CONTENT="quodam ſpeculo, inſigne &amp; ſingulare Dei miſe¬"
                    HPOS="78"
                    VPOS="2091"
                    WIDTH="1046"
                    HEIGHT="75"
                    WC="0.9938941054874"></String>
          </TextLine>

          
          
          <TextLine ID="eSc_line_c6450f06"
                    TAGREFS="LT4119"
                    BASELINE="74 2201 1124 2198" 
                    HPOS="72"
                    VPOS="2152"
                    WIDTH="1052"
                    HEIGHT="87">
            <Shape><Polygon POINTS="74 2201 74 2221 117 2230 118 2230 202 2223 242 2238 243 2238 245 2238 246 2238 294 2223 316 2235 318 2235 319 2235 321 2235 349 2226 395 2238 397 2238 398 2239 462 2239 462 2238 530 2223 593 2223 626 2236 627 2236 629 2238 684 2238 684 2236 685 2236 709 2226 724 2236 725 2236 727 2236 728 2236 730 2236 757 2226 771 2235 773 2235 774 2235 942 2236 944 2236 945 2236 947 2236 962 2226 1021 2233 1023 2233 1024 2233 1044 2223 1124 2218 1124 2198 1121 2165 997 2165 980 2152 978 2152 977 2152 975 2152 974 2152 935 2163 812 2152 810 2152 809 2152 771 2163 745 2152 743 2152 742 2152 740 2152 739 2152 722 2162 699 2152 697 2152 696 2152 639 2163 596 2154 594 2154 593 2154 572 2166 483 2166 465 2154 464 2154 462 2154 461 2154 459 2154 444 2160 397 2153 395 2153 276 2165 236 2153 234 2153 148 2153 147 2153 72 2166 74 2201"/></Shape>
	    <String CONTENT="ricordiæ exemplum etiam maximi quoque pec¬"
                    HPOS="72"
                    VPOS="2152"
                    WIDTH="1052"
                    HEIGHT="87"></String>
          </TextLine>

          
        </TextBlock>
        
        <TextBlock HPOS="949"
                   VPOS="2232"
                   WIDTH="180"
                   HEIGHT="46"
                   ID="block_0"
                   TAGREFS="BT10534">
          <Shape><Polygon POINTS="1129 2232 1129 2278 949 2278 949 2232"/></Shape>
          
          
          <TextLine ID="eSc_line_7402b691"
                    TAGREFS="LT4119"
                    BASELINE="944 2260 1124 2257" 
                    HPOS="942"
                    VPOS="2220"
                    WIDTH="182"
                    HEIGHT="71">
            <Shape><Polygon POINTS="944 2260 944 2291 1124 2279 1124 2257 1119 2220 942 2229 944 2260"/></Shape>
	    <String CONTENT="catores"
                    HPOS="942"
                    VPOS="2220"
                    WIDTH="182"
                    HEIGHT="71"
                    WC="0.99279705115727"></String>
          </TextLine>

          
        </TextBlock>
        

        
      </PrintSpace>
    </Page>
  </Layout>
</alto>
