<?xml version="1.0" encoding="UTF-8"?>
<alto xmlns:xsi="http://www.w3.org/2001/XMLSchema-instance"
      xmlns="http://www.loc.gov/standards/alto/ns-v4#"
      xsi:schemaLocation="http://www.loc.gov/standards/alto/ns-v4# http://www.loc.gov/standards/alto/v4/alto-4-2.xsd">
  <Description>
    <MeasurementUnit>pixel</MeasurementUnit>
    <sourceImageInformation>
      <fileName>2012896.png</fileName>
      
    </sourceImageInformation>
  </Description>
  
  <Tags>
    <OtherTag ID="BT10544" LABEL="text" DESCRIPTION="block type text"/><OtherTag ID="BT10543" LABEL="NumberingZone" DESCRIPTION="block type NumberingZone"/><OtherTag ID="BT10542" LABEL="MainZone" DESCRIPTION="block type MainZone"/><OtherTag ID="BT10538" LABEL="RunningTitleZone" DESCRIPTION="block type RunningTitleZone"/><OtherTag ID="BT10537" LABEL="DropCapitalZone" DESCRIPTION="block type DropCapitalZone"/><OtherTag ID="BT10536" LABEL="GraphicZone" DESCRIPTION="block type GraphicZone"/><OtherTag ID="BT10535" LABEL="TitlePageZone" DESCRIPTION="block type TitlePageZone"/><OtherTag ID="BT10534" LABEL="QuireMarksZone" DESCRIPTION="block type QuireMarksZone"/><OtherTag ID="BT10533" LABEL="MarginTextZone" DESCRIPTION="block type MarginTextZone"/>
    <OtherTag ID="LT4122" LABEL="default" DESCRIPTION="line type default"/><OtherTag ID="LT4119" LABEL="DefaultLine" DESCRIPTION="line type DefaultLine"/><OtherTag ID="LT4118" LABEL="HeadingLine" DESCRIPTION="line type HeadingLine"/><OtherTag ID="LT4117" LABEL="CustomLine : BiblicalText" DESCRIPTION="line type CustomLine : BiblicalText"/>
  </Tags>
  
  <Layout>
    <Page WIDTH="1807"
          HEIGHT="2677"
          PHYSICAL_IMG_NR="12"
          ID="eSc_dummypage_">
      <PrintSpace HPOS="0"
                  VPOS="0"
                  WIDTH="1807"
                  HEIGHT="2677">
        
        <TextBlock HPOS="912.1890258789062"
                   VPOS="151.7578582763672"
                   WIDTH="444.24652099609375"
                   HEIGHT="60.776885986328125"
                   ID="block_1"
                   TAGREFS="BT10538">
          <Shape><Polygon POINTS="912.189 151.758 1356.44 151.758 1356.44 212.535 912.189 212.535 912.189 151.758"/></Shape>
          
          
          <TextLine ID="eSc_line_d9ac95b2"
                    TAGREFS="LT4118"
                    BASELINE="919 199 1350 193" 
                    HPOS="917"
                    VPOS="148"
                    WIDTH="433"
                    HEIGHT="72">
            <Shape><Polygon POINTS="1319 153 1304 148 1289 148 1280 148 1265 154 1250 148 1244 148 1229 148 1228 148 1216 156 1160 148 1155 148 1140 148 1130 148 1118 159 1023 159 991 148 990 148 989 148 987 148 963 157 931 148 917 165 919 199 919 208 1023 220 1024 220 1070 209 1131 218 1133 218 1134 218 1161 208 1165 206 1171 208 1195 214 1197 214 1198 214 1200 214 1201 214 1210 208 1213 206 1232 208 1323 214 1325 214 1326 214 1350 206 1350 193 1347 159 1334 156"/></Shape>
	    <String CONTENT="EPISTOLA."
                    HPOS="917"
                    VPOS="148"
                    WIDTH="433"
                    HEIGHT="72"
                    WC="0.99979039033254"></String>
          </TextLine>

          
        </TextBlock>
        
        <TextBlock HPOS="629.7390747070312"
                   VPOS="220.6961669921875"
                   WIDTH="1074.9710083007812"
                   HEIGHT="1925.7025146484375"
                   ID="block_2"
                   TAGREFS="BT10542">
          <Shape><Polygon POINTS="629.739 220.696 1704.71 220.696 1704.71 2146.4 629.739 2146.4 629.739 220.696"/></Shape>
          
          
          <TextLine ID="eSc_line_596ecc17"
                    TAGREFS="LT4119"
                    BASELINE="652 279 1696 272" 
                    HPOS="651"
                    VPOS="215"
                    WIDTH="1045"
                    HEIGHT="91">
            <Shape><Polygon POINTS="1692 230 1677 229 1662 227 1647 227 1632 226 1618 224 1609 223 1595 226 1585 227 1582 226 1573 221 1573 221 1558 220 1543 218 1528 218 1514 217 1499 215 1496 215 1494 215 1493 215 1491 215 1478 227 1475 229 1469 227 1439 217 1438 217 1395 217 1393 217 1392 217 1369 227 1342 217 1341 217 1340 217 1287 229 1277 230 1271 229 1246 218 1244 218 1243 218 1122 229 1107 230 1103 230 1070 218 1069 218 1067 218 1066 218 1042 230 1038 233 855 233 852 232 838 221 837 221 835 221 834 221 788 232 782 233 774 232 746 226 745 226 709 232 697 223 697 221 696 221 694 221 663 221 651 239 652 279 654 306 675 295 731 304 743 306 745 306 746 306 751 304 774 294 864 294 1020 300 1091 301 1093 301 1094 301 1106 298 1122 292 1165 297 1229 303 1231 303 1232 303 1249 295 1252 294 1284 294 1481 301 1482 301 1540 291 1554 300 1555 300 1557 300 1558 301 1655 301 1655 300 1656 300 1696 287 1696 272 1693 230 1692 230"/></Shape>
	    <String CONTENT="&amp; perſonarum circunſtantia. Eodémque"
                    HPOS="651"
                    VPOS="215"
                    WIDTH="1045"
                    HEIGHT="91"
                    WC="0.993173304441813"></String>
          </TextLine>

          
          
          <TextLine ID="eSc_line_b8c51f29"
                    TAGREFS="LT4119"
                    BASELINE="649 345 1690 337" 
                    HPOS="648"
                    VPOS="291"
                    WIDTH="1042"
                    HEIGHT="79">
            <Shape><Polygon POINTS="649 367 948 370 950 370 989 364 1023 358 1044 362 1063 368 1064 368 1066 368 1093 362 1121 356 1213 361 1249 362 1250 362 1252 362 1259 361 1282 355 1383 355 1389 359 1405 367 1406 367 1408 367 1409 367 1430 358 1438 356 1447 358 1467 364 1469 364 1470 364 1497 358 1511 355 1515 358 1530 365 1531 365 1533 367 1653 367 1653 365 1655 365 1656 365 1656 364 1667 356 1670 353 1688 355 1690 337 1688 303 1497 303 1432 291 1430 291 1429 291 1400 301 1344 291 1342 291 1341 291 1317 303 1182 292 1180 292 1179 292 1177 292 1163 303 1107 294 1106 294 1105 294 1103 294 1090 306 1039 306 999 294 997 294 880 294 878 294 877 294 875 294 861 306 823 300 822 300 820 300 795 307 768 295 767 295 765 295 764 295 762 295 745 307 672 300 670 300 669 300 648 307 649 345"/></Shape>
	    <String CONTENT="modo reſpõdemus ad alteram illam quo¬"
                    HPOS="648"
                    VPOS="291"
                    WIDTH="1042"
                    HEIGHT="79"
                    WC="0.968480831698368"></String>
          </TextLine>

          
          
          <TextLine ID="eSc_line_eb77ae2e"
                    TAGREFS="LT4119"
                    BASELINE="649 413 1698 407" 
                    HPOS="648"
                    VPOS="358"
                    WIDTH="1050"
                    HEIGHT="83">
            <Shape><Polygon POINTS="649 413 649 435 826 429 868 435 908 441 910 441 911 441 926 435 942 428 983 435 996 437 997 437 1015 435 1066 428 1075 435 1079 438 1081 438 1082 438 1143 440 1145 440 1170 434 1204 426 1216 434 1221 438 1222 438 1224 438 1225 440 1286 440 1286 438 1287 438 1289 438 1295 434 1302 429 1332 434 1363 438 1365 438 1366 438 1368 438 1372 434 1383 426 1447 426 1460 434 1461 435 1463 435 1464 435 1466 435 1467 435 1476 434 1509 425 1609 432 1627 434 1628 434 1635 432 1673 425 1693 432 1698 407 1692 362 1664 371 1649 362 1647 362 1646 362 1644 362 1638 362 1594 371 1577 364 1564 358 1563 358 1525 358 1524 358 1522 358 1502 365 1484 373 1402 373 1384 367 1374 364 1372 364 1371 364 1369 364 1362 367 1350 374 1231 374 1216 370 1176 359 1174 359 1173 359 1171 359 1142 371 1131 376 1036 376 1032 373 1014 361 1012 361 1011 361 931 361 929 361 928 361 899 374 883 362 881 362 880 362 822 362 820 362 819 362 817 362 803 374 788 362 786 362 785 362 734 362 733 362 731 362 700 374 667 365 666 365 664 365 663 365 661 365 648 374 649 413"/></Shape>
	    <String CONTENT="rundam petitionẽ, in qua quærũt vtrum"
                    HPOS="648"
                    VPOS="358"
                    WIDTH="1050"
                    HEIGHT="83"
                    WC="0.973379873312437"></String>
          </TextLine>

          
          
          <TextLine ID="eSc_line_4e459069"
                    TAGREFS="LT4119"
                    BASELINE="649 483 1690 477" 
                    HPOS="648"
                    VPOS="420"
                    WIDTH="1042"
                    HEIGHT="88">
            <Shape><Polygon POINTS="649 483 649 498 898 505 899 505 901 505 920 498 928 496 936 498 966 507 968 507 969 507 971 507 999 498 1006 496 1012 498 1032 507 1033 507 1035 507 1036 507 1052 498 1058 496 1109 498 1119 508 1121 508 1122 508 1124 508 1125 508 1155 498 1164 496 1174 498 1207 505 1209 505 1210 505 1224 498 1231 495 1241 498 1265 507 1267 507 1268 508 1395 508 1395 507 1396 507 1398 507 1408 498 1412 495 1429 498 1458 505 1460 507 1506 507 1506 505 1508 505 1509 505 1519 498 1530 493 1603 493 1621 498 1643 505 1644 505 1646 505 1689 498 1690 477 1688 435 1644 435 1644 434 1625 420 1624 420 1622 420 1621 420 1619 420 1598 429 1548 420 1546 420 1491 434 1488 434 1484 434 1433 420 1432 420 1430 420 1429 420 1427 420 1409 432 1403 437 1344 437 1340 432 1329 423 1329 422 1328 422 1326 422 1325 422 1258 432 1235 435 1225 432 1197 422 1195 422 1194 422 1192 422 1191 422 1174 432 1164 438 1103 438 1093 431 1081 423 1079 423 1078 423 1076 423 994 431 905 438 841 438 832 429 829 428 829 426 828 426 826 426 825 426 823 426 812 429 789 435 779 429 773 425 771 425 770 425 768 425 648 428 649 483"/></Shape>
	    <String CONTENT="Eccleſia à conſtituta ſemel per Apoſtolos"
                    HPOS="648"
                    VPOS="420"
                    WIDTH="1042"
                    HEIGHT="88"
                    WC="0.98993535552706"></String>
          </TextLine>

          
          
          <TextLine ID="eSc_line_18b199c9"
                    TAGREFS="LT4119"
                    BASELINE="648 550 1690 545" 
                    HPOS="646"
                    VPOS="492"
                    WIDTH="1044"
                    HEIGHT="86">
            <Shape><Polygon POINTS="648 550 648 571 809 578 810 578 849 571 858 569 875 571 957 577 959 577 1090 569 1119 568 1124 569 1146 577 1148 577 1149 578 1267 578 1267 577 1268 577 1270 577 1282 568 1283 568 1290 568 1387 575 1389 575 1390 575 1414 568 1418 566 1527 566 1528 566 1551 575 1552 575 1554 577 1634 577 1634 575 1635 575 1637 575 1647 566 1689 566 1690 545 1686 499 1627 507 1597 499 1567 492 1566 492 1564 492 1563 492 1561 492 1548 501 1537 507 1491 501 1473 499 1472 499 1461 501 1436 507 1411 502 1375 495 1374 495 1372 495 1371 495 1359 502 1350 508 1279 508 1264 504 1235 493 1234 493 1232 493 1231 493 1229 493 1213 504 1206 510 1093 510 1084 505 1045 493 1044 493 1042 493 1041 493 1039 493 1021 507 1017 510 929 510 917 508 853 495 682 495 681 495 679 495 646 508 648 550"/></Shape>
	    <String CONTENT="diſciplina recedere poſſit, ac vtrum ſit v¬"
                    HPOS="646"
                    VPOS="492"
                    WIDTH="1044"
                    HEIGHT="86"
                    WC="0.974741004234137"></String>
          </TextLine>

          
          
          <TextLine ID="eSc_line_5ff5e1e0"
                    TAGREFS="LT4119"
                    BASELINE="648 618 1693 615" 
                    HPOS="646"
                    VPOS="562"
                    WIDTH="1047"
                    HEIGHT="81">
            <Shape><Polygon POINTS="648 618 648 643 718 630 1009 630 1023 638 1024 638 1026 638 1027 638 1070 630 1103 642 1105 642 1106 643 1168 643 1168 642 1290 642 1308 640 1310 640 1338 632 1380 640 1381 640 1383 640 1384 640 1432 630 1508 640 1512 640 1514 640 1515 640 1516 640 1536 629 1558 636 1560 636 1561 636 1607 629 1621 639 1621 640 1622 640 1624 640 1625 640 1693 639 1693 615 1690 562 1640 562 1638 562 1637 562 1635 562 1621 575 1555 575 1519 563 1512 562 1511 562 1509 562 1508 562 1499 565 1461 574 1448 565 1445 562 1444 562 1442 562 1441 562 1439 562 1432 565 1414 574 1377 566 1375 566 1374 566 1371 566 1320 574 1302 568 1292 563 1290 563 1289 563 1287 563 1286 563 1280 568 1270 575 1216 575 1206 569 1197 565 1195 565 1194 565 1160 569 1130 574 1125 569 1118 565 1118 563 1116 563 1115 563 878 563 877 563 829 575 823 575 817 575 749 565 748 565 646 577 648 618"/></Shape>
	    <String CONTENT="na &amp; eadem diſciplinæ Eccleſiaſticæ in"
                    HPOS="646"
                    VPOS="562"
                    WIDTH="1047"
                    HEIGHT="81"
                    WC="0.974018531410318"></String>
          </TextLine>

          
          
          <TextLine ID="eSc_line_5e65e260"
                    TAGREFS="LT4119"
                    BASELINE="646 684 1689 681" 
                    HPOS="645"
                    VPOS="632"
                    WIDTH="1044"
                    HEIGHT="75">
            <Shape><Polygon POINTS="646 684 646 698 1076 707 1078 707 1256 697 1274 697 1277 697 1305 706 1307 706 1308 707 1570 707 1570 706 1572 706 1601 697 1641 706 1643 706 1688 696 1689 681 1685 638 1505 640 1478 636 1454 632 1453 632 1432 636 1408 640 1380 636 1356 632 1354 632 1353 632 1340 636 1322 640 1311 635 1304 632 1302 632 1301 632 1283 635 1258 640 1224 635 1201 632 1200 632 1198 632 1197 632 1194 635 1186 640 1107 635 1085 633 1084 633 1082 633 1078 635 1049 642 913 635 911 635 825 642 786 633 783 633 782 633 780 633 757 642 731 633 730 633 645 633 646 684"/></Shape>
	    <String CONTENT="omnibus euangelicis Eccleſiis forma re¬"
                    HPOS="645"
                    VPOS="632"
                    WIDTH="1044"
                    HEIGHT="75"
                    WC="0.980634803955372"></String>
          </TextLine>

          
          
          <TextLine ID="eSc_line_8f42a8f7"
                    TAGREFS="LT4119"
                    BASELINE="645 754 1685 751" 
                    HPOS="643"
                    VPOS="694"
                    WIDTH="1042"
                    HEIGHT="83">
            <Shape><Polygon POINTS="645 754 645 768 667 777 669 777 670 777 736 768 740 768 743 768 765 776 767 776 768 776 899 768 905 768 910 768 1002 777 1003 777 1049 770 1072 777 1073 777 1075 777 1076 777 1103 768 1124 777 1125 777 1127 777 1128 777 1130 777 1146 768 1447 776 1448 776 1450 776 1451 776 1461 767 1502 767 1531 776 1533 776 1534 777 1649 777 1649 776 1650 776 1685 765 1685 751 1680 694 1627 706 1595 696 1594 696 1524 696 1511 696 1509 696 1508 696 1506 696 1488 709 1406 709 1357 696 1351 696 1350 696 1342 697 1286 707 1234 697 1222 696 1221 696 1206 697 1139 710 1113 710 1099 698 1097 697 1096 697 1094 697 1093 697 1082 698 1029 710 929 710 913 700 908 697 907 697 905 697 904 697 881 700 847 706 826 700 813 697 812 697 810 697 809 697 800 701 780 709 742 701 718 697 716 697 643 701 645 754"/></Shape>
	    <String CONTENT="tinenda? Nam ſi de eſſentialibus diſcipli¬"
                    HPOS="643"
                    VPOS="694"
                    WIDTH="1042"
                    HEIGHT="83"></String>
          </TextLine>

          
          
          <TextLine ID="eSc_line_94ccfd30"
                    TAGREFS="LT4119"
                    BASELINE="643 822 1688 819" 
                    HPOS="642"
                    VPOS="767"
                    WIDTH="1046"
                    HEIGHT="82">
            <Shape><Polygon POINTS="643 822 643 849 828 838 847 846 849 846 850 846 956 838 974 846 980 847 981 847 983 847 1014 844 1069 840 1109 843 1149 847 1151 847 1173 843 1198 837 1215 843 1226 846 1228 846 1229 846 1231 846 1244 841 1261 837 1292 841 1326 846 1328 846 1365 840 1389 837 1417 840 1463 844 1464 844 1466 844 1467 844 1476 838 1479 837 1487 838 1506 844 1508 844 1509 844 1686 835 1688 819 1685 782 1621 773 1619 773 1618 773 1606 779 1582 768 1580 768 1579 768 1577 768 1576 768 1557 780 1466 767 1464 767 1463 767 1461 767 1442 782 1366 782 1345 767 1344 767 1342 767 1341 767 1340 767 1317 774 1262 767 1261 767 1259 767 1258 767 1241 782 1030 782 1006 768 1005 768 1003 768 844 768 843 768 841 768 840 768 840 770 825 783 804 783 780 768 779 768 777 768 740 768 739 768 737 768 736 768 736 770 722 782 688 782 663 771 661 771 660 771 658 771 657 771 642 780 643 822"/></Shape>
	    <String CONTENT="næ Eccleſiaſticæ agunt, dicimus illa ab o¬"
                    HPOS="642"
                    VPOS="767"
                    WIDTH="1046"
                    HEIGHT="82"
                    WC="0.984584567092714"></String>
          </TextLine>

          
          
          <TextLine ID="eSc_line_8ca1840f"
                    TAGREFS="LT4119"
                    BASELINE="643 889 1689 889" 
                    HPOS="643"
                    VPOS="838"
                    WIDTH="1046"
                    HEIGHT="78">
            <Shape><Polygon POINTS="643 889 643 910 883 914 884 914 886 914 887 914 893 910 899 905 939 905 960 908 993 914 994 914 996 914 1020 908 1032 905 1036 908 1042 914 1044 914 1045 914 1047 916 1246 916 1246 914 1299 907 1313 905 1320 907 1351 914 1353 914 1354 914 1356 914 1372 907 1375 905 1384 907 1441 914 1442 914 1482 905 1484 905 1485 905 1494 914 1496 914 1497 914 1499 916 1540 916 1540 914 1542 914 1543 914 1555 905 1557 905 1603 905 1604 905 1616 914 1618 914 1619 914 1621 914 1689 904 1689 889 1689 849 1673 838 1671 838 1670 838 1627 838 1625 838 1624 838 1622 838 1603 852 1470 852 1454 838 1453 838 1451 838 1405 838 1403 838 1402 838 1375 852 1283 852 1224 838 1222 838 1221 838 1192 852 1058 852 1039 838 1038 838 1036 838 950 838 948 838 947 838 902 850 870 838 868 838 867 838 865 838 864 838 844 852 809 852 754 838 752 838 751 838 712 850 681 838 679 838 678 838 676 838 643 850 643 889"/></Shape>
	    <String CONTENT="mnibus Eccleſiis æqualiter eadémque eſ¬"
                    HPOS="643"
                    VPOS="838"
                    WIDTH="1046"
                    HEIGHT="78"
                    WC="0.98780437707901"></String>
          </TextLine>

          
          
          <TextLine ID="eSc_line_80fdb7a1"
                    TAGREFS="LT4119"
                    BASELINE="643 957 1689 957" 
                    HPOS="643"
                    VPOS="904"
                    WIDTH="1046"
                    HEIGHT="70">
            <Shape><Polygon POINTS="643 957 643 974 1689 974 1689 957 1689 917 1579 904 1577 904 1576 904 1539 917 1427 917 1384 905 1383 905 1381 905 1299 916 1256 904 1255 904 1253 904 1198 916 1134 905 1133 905 1131 905 1112 916 1036 916 1002 904 1000 904 999 904 997 904 974 916 950 904 948 904 884 904 883 904 881 904 853 916 828 904 826 904 825 904 761 914 731 904 730 904 728 904 727 904 706 916 693 904 691 904 690 904 666 904 664 904 663 904 661 904 643 914 643 957"/></Shape>
	    <String CONTENT="ſe &amp; ſeruãda &amp; retinenda, veluti vt ſit re¬"
                    HPOS="643"
                    VPOS="904"
                    WIDTH="1046"
                    HEIGHT="70"
                    WC="0.97822856632146"></String>
          </TextLine>

          
          
          <TextLine ID="eSc_line_5cdd86e8"
                    TAGREFS="LT4119"
                    BASELINE="645 1021 1689 1026" 
                    HPOS="645"
                    VPOS="968"
                    WIDTH="1044"
                    HEIGHT="83">
            <Shape><Polygon POINTS="645 1021 645 1048 724 1039 742 1048 745 1049 746 1049 748 1049 788 1048 933 1039 945 1047 948 1049 950 1049 951 1049 1000 1051 1002 1051 1688 1041 1689 1026 1689 984 1647 971 1646 971 1644 971 1551 978 1534 971 1533 971 1531 971 1530 971 1528 971 1528 972 1515 983 1515 984 1390 984 1386 983 1340 969 1338 969 1337 969 1255 981 1221 969 1219 969 1218 969 1176 977 1155 969 1154 969 1152 969 1151 969 1106 981 1105 981 1103 981 1085 974 1084 974 1082 974 1012 981 1003 981 1000 981 983 968 981 968 980 968 947 968 945 968 944 968 942 968 928 978 910 969 908 969 907 969 905 969 873 980 871 980 868 980 762 968 761 968 759 968 758 968 743 980 742 981 712 981 710 980 696 969 694 969 693 969 691 969 690 969 688 969 678 980 645 980 645 1021"/></Shape>
	    <String CONTENT="gimẽ Eccleſiæ nõ Monarchicum, ſed A¬"
                    HPOS="645"
                    VPOS="968"
                    WIDTH="1044"
                    HEIGHT="83"
                    WC="0.976343318035728"></String>
          </TextLine>

          
          
          <TextLine ID="eSc_line_25665c8b"
                    TAGREFS="LT4119"
                    BASELINE="642 1094 1689 1094" 
                    HPOS="642"
                    VPOS="1041"
                    WIDTH="1047"
                    HEIGHT="81">
            <Shape><Polygon POINTS="642 1094 642 1115 834 1121 835 1121 917 1115 954 1112 960 1115 972 1119 974 1119 975 1119 1017 1113 1035 1112 1038 1113 1048 1121 1049 1121 1051 1121 1052 1122 1197 1122 1197 1121 1198 1121 1218 1113 1222 1112 1234 1113 1295 1121 1296 1121 1298 1121 1323 1113 1328 1112 1334 1113 1381 1121 1383 1121 1426 1112 1430 1112 1436 1112 1493 1121 1494 1121 1496 1121 1497 1121 1512 1112 1514 1112 1551 1119 1552 1119 1689 1110 1689 1094 1689 1054 1621 1052 1604 1041 1603 1041 1601 1041 1600 1041 1598 1041 1564 1052 1522 1041 1521 1041 1519 1041 1430 1048 1360 1041 1359 1041 1357 1041 1356 1041 1335 1054 1261 1054 1247 1042 1246 1042 1244 1042 1243 1042 1154 1052 1119 1041 1118 1041 1116 1041 1006 1042 1005 1042 972 1051 953 1041 951 1041 899 1041 898 1041 761 1052 688 1041 687 1041 685 1041 684 1041 684 1042 670 1054 649 1054 642 1094"/></Shape>
	    <String CONTENT="riſtocraticũ: vt ſit in quaque Eccleſia ſena"
                    HPOS="642"
                    VPOS="1041"
                    WIDTH="1047"
                    HEIGHT="81"
                    WC="0.984008881780836"></String>
          </TextLine>

          
          
          <TextLine ID="eSc_line_43601b5d"
                    TAGREFS="LT4119"
                    BASELINE="642 1163 1688 1160" 
                    HPOS="642"
                    VPOS="1109"
                    WIDTH="1046"
                    HEIGHT="79">
            <Shape><Polygon POINTS="642 1163 642 1183 731 1177 759 1183 786 1188 788 1188 789 1188 800 1182 813 1176 846 1176 875 1182 899 1186 901 1186 902 1186 914 1182 925 1176 932 1182 935 1183 936 1183 938 1183 939 1183 962 1180 1003 1176 1042 1180 1112 1188 1113 1188 1115 1188 1116 1188 1130 1179 1137 1174 1235 1174 1258 1177 1304 1186 1305 1188 1398 1188 1398 1186 1399 1186 1400 1186 1417 1176 1418 1174 1421 1176 1432 1183 1433 1183 1435 1183 1436 1183 1482 1177 1497 1186 1499 1186 1500 1186 1502 1186 1546 1176 1561 1186 1563 1186 1564 1186 1566 1186 1686 1173 1688 1160 1686 1121 1653 1109 1652 1109 1650 1109 1649 1109 1615 1121 1403 1121 1365 1109 1363 1109 1195 1109 1194 1109 1192 1109 1191 1109 1191 1110 1179 1119 1143 1112 1142 1112 1140 1112 1113 1119 1105 1110 1103 1110 1102 1110 1033 1110 1032 1110 1030 1110 997 1121 996 1121 942 1112 941 1112 939 1112 916 1121 890 1112 889 1112 887 1112 788 1118 762 1110 761 1110 759 1110 758 1110 757 1110 746 1119 649 1121 642 1163"/></Shape>
	    <String CONTENT="tus &amp; cœtus aliquis Presbyterorum ab"
                    HPOS="642"
                    VPOS="1109"
                    WIDTH="1046"
                    HEIGHT="79"
                    WC="0.991197950310177"></String>
          </TextLine>

          
          
          <TextLine ID="eSc_line_58aba056"
                    TAGREFS="LT4119"
                    BASELINE="641 1234 1685 1228" 
                    HPOS="639"
                    VPOS="1171"
                    WIDTH="1046"
                    HEIGHT="88">
            <Shape><Polygon POINTS="641 1234 641 1252 710 1259 712 1259 759 1252 776 1249 786 1252 813 1259 815 1259 816 1259 817 1259 837 1250 841 1249 856 1250 887 1255 889 1255 890 1255 892 1255 898 1250 904 1247 1005 1247 1012 1249 1039 1258 1041 1258 1042 1259 1161 1259 1161 1258 1163 1258 1164 1258 1180 1247 1186 1247 1262 1256 1264 1256 1265 1256 1290 1246 1292 1246 1293 1246 1307 1256 1308 1256 1310 1256 1311 1258 1377 1258 1377 1256 1378 1256 1405 1246 1453 1246 1515 1246 1531 1253 1533 1253 1534 1253 1595 1244 1597 1244 1658 1255 1659 1255 1661 1255 1685 1243 1685 1228 1682 1171 1650 1171 1649 1171 1647 1171 1646 1171 1622 1186 1372 1180 1371 1180 1369 1180 1368 1180 1356 1188 1221 1173 1210 1173 1209 1173 1207 1173 1206 1173 1186 1189 1158 1191 1061 1191 1026 1174 1024 1174 1023 1174 902 1174 901 1174 899 1174 898 1174 898 1176 877 1192 853 1192 823 1176 822 1176 820 1176 819 1176 780 1185 770 1176 768 1176 767 1176 765 1176 639 1176 641 1234"/></Shape>
	    <String CONTENT="Eccleſia electorum, ſine quo nemo vel"
                    HPOS="639"
                    VPOS="1171"
                    WIDTH="1046"
                    HEIGHT="88"
                    WC="0.997199179352941"></String>
          </TextLine>

          
          
          <TextLine ID="eSc_line_bed8b37c"
                    TAGREFS="LT4119"
                    BASELINE="642 1299 1688 1296" 
                    HPOS="642"
                    VPOS="1246"
                    WIDTH="1046"
                    HEIGHT="82">
            <Shape><Polygon POINTS="642 1299 642 1317 761 1317 777 1328 779 1328 780 1328 782 1328 928 1317 1304 1326 1305 1326 1307 1326 1325 1316 1328 1316 1360 1316 1362 1316 1372 1325 1372 1326 1374 1326 1375 1326 1377 1328 1522 1328 1522 1326 1524 1326 1558 1317 1610 1326 1612 1326 1613 1326 1632 1316 1634 1316 1658 1326 1659 1326 1661 1326 1662 1326 1688 1316 1688 1296 1685 1261 1658 1261 1641 1246 1640 1246 1638 1246 1637 1246 1635 1246 1606 1259 1533 1246 1531 1246 1530 1246 1528 1246 1528 1247 1515 1259 1481 1249 1479 1249 1478 1249 1476 1249 1475 1249 1461 1259 1282 1252 1280 1252 1237 1259 1170 1246 1168 1246 1093 1261 1091 1261 1079 1261 1024 1261 1000 1247 999 1247 997 1247 932 1258 898 1247 896 1247 895 1247 893 1247 892 1247 875 1259 819 1261 789 1247 788 1247 676 1247 675 1247 673 1247 649 1258 642 1299"/></Shape>
	    <String CONTENT="Paſtor, vel alius quiſquam negotia Eccle"
                    HPOS="642"
                    VPOS="1246"
                    WIDTH="1046"
                    HEIGHT="82"
                    WC="0.982957994937897"></String>
          </TextLine>

          
          
          <TextLine ID="eSc_line_0cdce4ee"
                    TAGREFS="LT4119"
                    BASELINE="639 1368 1683 1365" 
                    HPOS="639"
                    VPOS="1314"
                    WIDTH="1044"
                    HEIGHT="81">
            <Shape><Polygon POINTS="639 1368 639 1383 699 1393 700 1395 993 1395 993 1393 1035 1384 1082 1393 1084 1393 1085 1393 1087 1393 1097 1383 1131 1383 1170 1381 1335 1381 1337 1381 1359 1390 1360 1390 1362 1390 1363 1390 1384 1381 1386 1381 1476 1381 1478 1381 1515 1392 1516 1392 1518 1392 1682 1380 1683 1365 1682 1326 1637 1314 1635 1314 1634 1314 1632 1314 1603 1326 1600 1326 1588 1326 1432 1314 1430 1314 1429 1314 1405 1326 1405 1328 1353 1328 1351 1326 1319 1314 1317 1314 1316 1314 1314 1314 1283 1322 1234 1314 1232 1314 1231 1314 1201 1325 1163 1314 1161 1314 1160 1314 1158 1314 1157 1314 1137 1328 1134 1329 1063 1329 1060 1328 1023 1316 1021 1316 1020 1316 1018 1316 980 1326 932 1316 931 1316 929 1316 902 1328 878 1316 877 1316 767 1316 765 1316 764 1316 727 1328 727 1329 646 1329 639 1368"/></Shape>
	    <String CONTENT="ſiæ gerat : ſit aliqua ſcelerum &amp; morum"
                    HPOS="639"
                    VPOS="1314"
                    WIDTH="1044"
                    HEIGHT="81"
                    WC="0.977802556294661"></String>
          </TextLine>

          
          
          <TextLine ID="eSc_line_a5cd06ef"
                    TAGREFS="LT4119"
                    BASELINE="643 1435 1679 1432" 
                    HPOS="643"
                    VPOS="1384"
                    WIDTH="1036"
                    HEIGHT="74">
            <Shape><Polygon POINTS="643 1451 1142 1458 1143 1458 1145 1458 1161 1450 1163 1450 1168 1450 1210 1457 1212 1457 1270 1450 1279 1450 1298 1450 1442 1457 1444 1457 1589 1450 1592 1450 1609 1457 1610 1457 1612 1457 1677 1448 1679 1432 1676 1392 1619 1384 1618 1384 1576 1390 1549 1395 1534 1390 1514 1384 1512 1384 1511 1384 1509 1384 1491 1390 1476 1396 1311 1396 1287 1390 1264 1384 1262 1384 1261 1384 1259 1384 1253 1389 1246 1395 1112 1389 1093 1389 1091 1389 1090 1389 1088 1389 1069 1396 1061 1389 1058 1387 1058 1386 1057 1386 1055 1386 1014 1386 1012 1386 1011 1386 1005 1389 990 1397 919 1397 902 1389 896 1386 895 1386 893 1386 874 1389 837 1393 798 1387 780 1386 779 1386 777 1386 776 1386 774 1387 764 1393 701 1387 678 1386 676 1386 675 1386 673 1386 672 1387 660 1396 643 1387 643 1435 643 1451"/></Shape>
	    <String CONTENT="vitioſorum cenſura, eáque non vnius ali¬"
                    HPOS="643"
                    VPOS="1384"
                    WIDTH="1036"
                    HEIGHT="74"></String>
          </TextLine>

          
          
          <TextLine ID="eSc_line_ce4b7c43"
                    TAGREFS="LT4119"
                    BASELINE="639 1505 1682 1502" 
                    HPOS="639"
                    VPOS="1450"
                    WIDTH="1043"
                    HEIGHT="84">
            <Shape><Polygon POINTS="639 1505 639 1528 737 1524 745 1528 752 1533 754 1533 755 1533 757 1534 816 1534 816 1533 817 1533 834 1528 846 1524 852 1527 859 1533 861 1533 862 1533 864 1534 941 1534 941 1533 942 1533 944 1533 950 1527 953 1524 960 1527 974 1531 975 1531 977 1531 978 1531 990 1527 997 1524 1008 1527 1035 1533 1036 1533 1038 1533 1082 1525 1099 1524 1112 1525 1158 1533 1160 1533 1283 1524 1320 1522 1334 1524 1377 1531 1378 1531 1420 1524 1427 1522 1429 1524 1438 1531 1439 1531 1441 1531 1442 1533 1482 1533 1482 1531 1533 1522 1537 1522 1549 1531 1551 1531 1552 1531 1554 1533 1624 1533 1624 1531 1680 1521 1682 1502 1679 1466 1643 1466 1613 1450 1612 1450 1561 1450 1560 1450 1558 1450 1557 1450 1536 1464 1522 1454 1521 1454 1519 1454 1518 1454 1516 1454 1490 1461 1448 1450 1447 1450 1445 1450 1444 1450 1414 1461 1383 1455 1381 1455 1328 1464 1293 1450 1292 1450 1250 1450 1249 1450 1161 1466 1157 1467 1128 1467 1127 1466 1110 1451 1109 1451 1107 1451 1047 1451 1045 1451 1044 1451 1003 1466 1002 1466 1000 1466 929 1457 928 1457 926 1457 911 1464 886 1451 884 1451 840 1451 838 1451 837 1451 835 1451 835 1453 823 1463 752 1466 716 1454 715 1454 713 1454 645 1466 639 1505"/></Shape>
	    <String CONTENT="cuius arbitratu, ſed ἡγουμένων, &amp; vt ait Hie¬"
                    HPOS="639"
                    VPOS="1450"
                    WIDTH="1043"
                    HEIGHT="84"></String>
          </TextLine>

          
          
          <TextLine ID="eSc_line_b75b73b8"
                    TAGREFS="LT4119"
                    BASELINE="641 1570 1682 1573" 
                    HPOS="641"
                    VPOS="1522"
                    WIDTH="1041"
                    HEIGHT="79">
            <Shape><Polygon POINTS="641 1570 641 1588 706 1588 707 1588 725 1600 727 1600 728 1600 730 1600 780 1591 792 1600 794 1600 795 1600 797 1601 889 1601 889 1600 890 1600 913 1591 919 1588 925 1591 947 1600 948 1600 950 1600 1158 1594 1179 1601 1180 1601 1182 1601 1183 1601 1204 1594 1218 1589 1444 1589 1464 1597 1478 1601 1479 1601 1481 1601 1506 1597 1549 1589 1560 1598 1564 1601 1566 1601 1567 1601 1569 1601 1680 1598 1682 1573 1682 1534 1641 1524 1640 1524 1432 1524 1430 1524 1429 1524 1427 1524 1414 1534 1412 1536 1363 1536 1360 1534 1316 1524 1314 1524 1313 1524 1311 1524 1295 1534 1293 1536 1224 1536 1218 1534 1160 1522 1158 1522 1157 1522 1119 1533 1119 1534 953 1534 951 1533 936 1522 935 1522 933 1522 932 1522 931 1522 901 1533 899 1533 898 1533 843 1522 841 1522 794 1533 791 1533 788 1533 752 1522 751 1522 718 1522 716 1522 715 1522 713 1522 713 1524 703 1533 701 1533 641 1533 641 1570"/></Shape>
	    <String CONTENT="ro. Presbyterorum, æſtimatione &amp; iudicio"
                    HPOS="641"
                    VPOS="1522"
                    WIDTH="1041"
                    HEIGHT="79"
                    WC="0.995627494156361"></String>
          </TextLine>

          
          
          <TextLine ID="eSc_line_17f1e692"
                    TAGREFS="LT4119"
                    BASELINE="641 1640 1685 1638" 
                    HPOS="639"
                    VPOS="1589"
                    WIDTH="1046"
                    HEIGHT="78">
            <Shape><Polygon POINTS="641 1640 641 1653 684 1655 696 1665 697 1665 699 1665 700 1665 777 1655 794 1653 797 1655 807 1664 807 1665 809 1665 810 1665 812 1667 850 1667 850 1665 852 1665 853 1665 865 1656 870 1653 922 1653 925 1656 935 1665 936 1665 938 1665 939 1667 974 1667 974 1665 975 1665 977 1665 986 1656 990 1653 999 1658 1009 1661 1011 1661 1012 1661 1014 1661 1015 1661 1020 1658 1026 1653 1044 1658 1060 1661 1061 1661 1103 1658 1168 1653 1176 1659 1183 1665 1185 1665 1186 1665 1188 1667 1308 1667 1308 1665 1310 1665 1322 1659 1334 1655 1403 1661 1429 1662 1430 1662 1432 1662 1436 1661 1456 1655 1473 1661 1485 1665 1487 1665 1488 1665 1512 1662 1560 1653 1682 1662 1685 1638 1682 1603 1552 1591 1551 1591 1549 1591 1512 1601 1506 1603 1323 1603 1316 1598 1301 1594 1299 1594 1298 1594 1265 1598 1246 1601 1237 1598 1221 1592 1219 1592 1218 1592 1186 1598 1165 1601 1155 1597 1136 1589 1134 1589 1133 1589 1131 1589 1130 1589 1118 1597 1110 1603 1026 1603 1015 1597 1002 1589 1000 1589 913 1589 911 1589 910 1589 889 1595 871 1600 849 1595 822 1589 820 1589 819 1589 817 1589 817 1591 813 1595 806 1600 797 1594 791 1589 789 1589 788 1589 786 1589 639 1592 641 1640"/></Shape>
	    <String CONTENT="fiat: ſit denique excommunicatio, non ex"
                    HPOS="639"
                    VPOS="1589"
                    WIDTH="1046"
                    HEIGHT="78"
                    WC="0.980903442203999"></String>
          </TextLine>

          
          
          <TextLine ID="eSc_line_1a2b27ac"
                    TAGREFS="LT4119"
                    BASELINE="643 1708 1682 1705" 
                    HPOS="642"
                    VPOS="1656"
                    WIDTH="1040"
                    HEIGHT="84">
            <Shape><Polygon POINTS="643 1708 643 1729 675 1740 676 1740 678 1740 679 1740 713 1729 721 1728 728 1729 755 1735 757 1735 758 1735 782 1729 789 1728 792 1729 803 1737 804 1737 806 1737 873 1740 874 1740 875 1740 877 1740 890 1729 892 1728 954 1728 957 1728 975 1738 977 1738 978 1738 980 1738 1009 1728 1012 1728 1015 1728 1049 1738 1051 1738 1052 1738 1054 1738 1081 1728 1082 1728 1085 1728 1148 1740 1149 1740 1151 1740 1152 1740 1152 1738 1165 1728 1167 1726 1174 1728 1226 1738 1228 1738 1293 1729 1323 1738 1325 1738 1326 1738 1375 1726 1378 1726 1381 1726 1406 1737 1408 1737 1409 1737 1411 1737 1435 1729 1450 1738 1451 1738 1453 1738 1454 1740 1588 1740 1588 1738 1589 1738 1591 1738 1606 1726 1680 1726 1682 1705 1679 1668 1350 1659 1348 1659 1347 1659 1345 1659 1337 1668 1237 1668 1163 1656 1161 1656 989 1658 987 1658 986 1658 969 1668 835 1658 834 1658 832 1658 831 1658 815 1668 794 1661 792 1661 791 1661 642 1670 643 1708"/></Shape>
	    <String CONTENT="quorundam Iuriſcõſultorum &amp; pragma¬"
                    HPOS="642"
                    VPOS="1656"
                    WIDTH="1040"
                    HEIGHT="84"
                    WC="0.990550975004832"></String>
          </TextLine>

          
          
          <TextLine ID="eSc_line_ff71f873"
                    TAGREFS="LT4119"
                    BASELINE="642 1777 1686 1777" 
                    HPOS="642"
                    VPOS="1726"
                    WIDTH="1044"
                    HEIGHT="80">
            <Shape><Polygon POINTS="642 1777 642 1792 745 1805 746 1805 859 1804 861 1804 890 1793 920 1804 922 1804 923 1804 1023 1793 1039 1805 1041 1805 1042 1805 1044 1806 1165 1806 1165 1805 1167 1805 1168 1805 1183 1793 1216 1793 1241 1805 1243 1805 1244 1805 1686 1792 1686 1777 1686 1741 1618 1741 1600 1726 1598 1726 1597 1726 1595 1726 1533 1740 1453 1726 1345 1726 1344 1726 1342 1726 1341 1726 1322 1740 1284 1726 1283 1726 1282 1726 1280 1726 1253 1741 1160 1741 1084 1726 1082 1726 1081 1726 1054 1741 1005 1741 978 1726 977 1726 975 1726 974 1726 939 1737 910 1726 908 1726 907 1726 905 1726 904 1726 883 1740 813 1731 812 1731 810 1731 792 1740 685 1726 684 1726 682 1726 681 1726 664 1741 649 1741 642 1777"/></Shape>
	    <String CONTENT="ticorum, ſed ex Dei verbo iudicantium"
                    HPOS="642"
                    VPOS="1726"
                    WIDTH="1044"
                    HEIGHT="80"
                    WC="0.995364300302557"></String>
          </TextLine>

          
          
          <TextLine ID="eSc_line_6ab00873"
                    TAGREFS="LT4119"
                    BASELINE="641 1842 1685 1845" 
                    HPOS="639"
                    VPOS="1792"
                    WIDTH="1046"
                    HEIGHT="83">
            <Shape><Polygon POINTS="641 1842 639 1857 673 1872 675 1872 676 1872 678 1872 706 1863 742 1872 743 1872 745 1873 932 1873 932 1872 933 1872 978 1860 1052 1872 1054 1872 1055 1872 1079 1860 1146 1860 1180 1873 1182 1873 1183 1873 1185 1873 1224 1862 1276 1873 1277 1873 1279 1873 1328 1862 1479 1862 1503 1873 1505 1873 1506 1873 1508 1873 1545 1863 1560 1873 1561 1873 1563 1873 1564 1875 1609 1875 1609 1873 1610 1873 1612 1873 1627 1862 1683 1862 1685 1845 1685 1805 1582 1805 1580 1804 1563 1795 1561 1795 1560 1795 1558 1795 1530 1802 1525 1804 1516 1802 1457 1793 1456 1793 1454 1793 1421 1802 1412 1804 1403 1802 1374 1793 1372 1793 1371 1793 1310 1801 1283 1804 1273 1801 1256 1795 1255 1795 1253 1795 1252 1795 1232 1799 1219 1804 1213 1799 1207 1795 1207 1793 1206 1793 1204 1793 1203 1793 1158 1799 1142 1801 1107 1799 1009 1792 1008 1792 1006 1792 1005 1792 999 1798 993 1802 984 1798 972 1792 971 1792 925 1792 923 1792 922 1792 913 1796 901 1804 806 1804 782 1795 770 1792 768 1792 767 1792 739 1795 682 1802 670 1795 667 1792 666 1792 664 1792 663 1792 641 1793 641 1842"/></Shape>
	    <String CONTENT="hominum ſenſu &amp; iudicio, lata in nõ pœ¬"
                    HPOS="639"
                    VPOS="1792"
                    WIDTH="1046"
                    HEIGHT="83"
                    WC="0.990335144102573"></String>
          </TextLine>

          
          
          <TextLine ID="eSc_line_4632299a"
                    TAGREFS="LT4119"
                    BASELINE="641 1912 1690 1915" 
                    HPOS="639"
                    VPOS="1862"
                    WIDTH="1051"
                    HEIGHT="77">
            <Shape><Polygon POINTS="641 1912 639 1930 1002 1937 1003 1937 1005 1937 1020 1930 1024 1928 1139 1928 1142 1930 1151 1937 1152 1937 1154 1937 1216 1939 1218 1939 1219 1939 1238 1930 1240 1930 1246 1930 1334 1937 1335 1937 1470 1930 1475 1930 1478 1930 1545 1939 1546 1939 1548 1939 1567 1930 1689 1930 1690 1915 1689 1872 1461 1863 1460 1863 1458 1863 1442 1870 1441 1870 1438 1870 1393 1863 1392 1863 1353 1870 1350 1870 1345 1870 1314 1863 1313 1863 1240 1870 1228 1870 1226 1870 1213 1863 1212 1863 1210 1863 1174 1870 1168 1870 1163 1870 1133 1862 1131 1862 1130 1862 641 1867 641 1912"/></Shape>
	    <String CONTENT="nitentem, approbãte &amp; collecta Eccleſia."
                    HPOS="639"
                    VPOS="1862"
                    WIDTH="1051"
                    HEIGHT="77"
                    WC="0.986015516083415"></String>
          </TextLine>

          
          
          <TextLine ID="eSc_line_62f85fa6"
                    TAGREFS="LT4119"
                    BASELINE="646 1983 1686 1979" 
                    HPOS="645"
                    VPOS="1927"
                    WIDTH="1041"
                    HEIGHT="83">
            <Shape><Polygon POINTS="646 1983 646 2001 928 2010 929 2010 931 2010 948 2001 951 2001 1179 2009 1180 2009 1182 2009 1206 2000 1207 2000 1210 2000 1262 2006 1264 2006 1347 1998 1362 1998 1366 1998 1392 2006 1393 2006 1395 2006 1458 1998 1467 1998 1476 1998 1585 2007 1586 2007 1588 2007 1612 1998 1685 1998 1686 1979 1683 1942 1511 1942 1503 1939 1453 1927 1451 1927 1450 1927 1412 1939 1409 1939 1408 1939 1390 1927 1389 1927 1387 1927 1386 1927 1384 1927 1353 1937 1326 1928 1325 1928 1323 1928 1322 1928 1320 1928 1308 1937 1302 1942 1286 1937 1258 1928 1256 1928 1255 1928 1253 1928 1226 1936 1209 1943 1154 1943 1134 1936 1113 1928 1112 1928 1110 1928 1109 1928 1107 1928 1097 1936 1093 1937 1069 1934 1014 1928 1012 1928 968 1934 928 1939 910 1933 898 1930 896 1930 895 1930 893 1930 892 1930 892 1931 889 1933 881 1940 861 1933 852 1930 850 1930 849 1930 847 1930 846 1930 843 1933 828 1943 645 1931 646 1983"/></Shape>
	    <String CONTENT="Itaque οὐσίαν diſciplinæ Eccleſiaſticæ in o¬"
                    HPOS="645"
                    VPOS="1927"
                    WIDTH="1041"
                    HEIGHT="83"></String>
          </TextLine>

          
          
          <TextLine ID="eSc_line_a43fede9"
                    TAGREFS="LT4119"
                    BASELINE="645 2050 1688 2050" 
                    HPOS="645"
                    VPOS="2001"
                    WIDTH="1043"
                    HEIGHT="81">
            <Shape><Polygon POINTS="645 2050 645 2068 696 2068 697 2068 710 2077 712 2077 713 2077 715 2077 716 2077 734 2068 736 2068 737 2068 754 2076 755 2076 757 2076 758 2076 759 2076 768 2070 770 2068 779 2070 822 2076 823 2076 825 2076 844 2070 853 2068 865 2070 913 2080 914 2082 951 2082 951 2080 953 2080 968 2071 972 2070 983 2071 1021 2080 1023 2080 1024 2080 1026 2080 1035 2073 1041 2068 1066 2073 1105 2080 1106 2082 1203 2082 1203 2080 1204 2080 1206 2080 1206 2079 1212 2074 1219 2068 1686 2080 1688 2050 1688 2013 1600 2001 1598 2001 1597 2001 1569 2012 1497 2001 1496 2001 1432 2012 1408 2004 1406 2004 1405 2004 1369 2012 1356 2001 1354 2001 1353 2001 1351 2001 1350 2001 1320 2012 1320 2013 1215 2013 1215 2012 1201 2001 1200 2001 1198 2001 1197 2001 1195 2001 1160 2012 1158 2013 1093 2013 1091 2012 1070 2001 1069 2001 966 2001 965 2001 963 2001 945 2009 873 2001 871 2001 870 2001 868 2001 856 2012 855 2012 852 2012 788 2001 786 2001 721 2010 669 2003 667 2003 666 2003 645 2010 645 2050"/></Shape>
	    <String CONTENT="mnibus Eccleſiis reformatis &amp; Euange¬"
                    HPOS="645"
                    VPOS="2001"
                    WIDTH="1043"
                    HEIGHT="81"
                    WC="0.988381124831535"></String>
          </TextLine>

          
          
          <TextLine ID="eSc_line_6c259ad9"
                    TAGREFS="LT4119"
                    BASELINE="654 2117 1688 2122" 
                    HPOS="654"
                    VPOS="2068"
                    WIDTH="1034"
                    HEIGHT="103">
            <Shape><Polygon POINTS="654 2117 654 2149 846 2149 847 2149 868 2163 870 2163 871 2163 873 2163 874 2163 899 2154 919 2166 920 2166 922 2166 1000 2168 1002 2168 1003 2168 1033 2157 1045 2168 1047 2168 1048 2168 1049 2169 1137 2169 1137 2168 1139 2168 1189 2150 1240 2150 1241 2150 1253 2157 1255 2157 1256 2157 1258 2157 1290 2154 1307 2166 1308 2166 1310 2166 1311 2166 1313 2166 1329 2160 1340 2169 1341 2169 1342 2169 1344 2171 1429 2171 1429 2169 1430 2169 1432 2169 1445 2157 1490 2169 1491 2169 1493 2169 1494 2169 1540 2152 1619 2159 1621 2159 1686 2150 1688 2122 1686 2083 1576 2071 1574 2071 1573 2071 1572 2071 1561 2080 1557 2085 1368 2085 1354 2077 1335 2070 1334 2070 1332 2070 1331 2070 1314 2077 1302 2083 1096 2083 1075 2074 1064 2070 1063 2070 1061 2070 1026 2073 953 2080 925 2071 914 2068 913 2068 852 2068 850 2068 849 2068 843 2070 813 2080 791 2070 788 2068 786 2068 654 2068 654 2117"/></Shape>
	    <String CONTENT="licis eandem eſſe oportere ingenuè, &amp; a¬"
                    HPOS="654"
                    VPOS="2068"
                    WIDTH="1034"
                    HEIGHT="103"></String>
          </TextLine>

          
        </TextBlock>
        
        <TextBlock HPOS="1543.96533203125"
                   VPOS="2145.11328125"
                   WIDTH="153.0274658203125"
                   HEIGHT="74.946533203125"
                   ID="block_0"
                   TAGREFS="BT10534">
          <Shape><Polygon POINTS="1543.97 2145.11 1696.99 2145.11 1696.99 2220.06 1543.97 2220.06 1543.97 2145.11"/></Shape>
          
          
          <TextLine ID="eSc_line_8529ccde"
                    TAGREFS="LT4119"
                    BASELINE="1549 2193 1692 2189" 
                    HPOS="1546"
                    VPOS="2134"
                    WIDTH="146"
                    HEIGHT="105">
            <Shape><Polygon POINTS="1549 2193 1549 2236 1594 2239 1595 2239 1597 2239 1622 2227 1635 2220 1692 2217 1692 2189 1688 2134 1546 2152 1549 2193"/></Shape>
	    <String CONTENT="pertè"
                    HPOS="1546"
                    VPOS="2134"
                    WIDTH="146"
                    HEIGHT="105"
                    WC="0.92532084385554"></String>
          </TextLine>

          
        </TextBlock>
        

        
      </PrintSpace>
    </Page>
  </Layout>
</alto>
