<?xml version="1.0" encoding="UTF-8"?>
<alto xmlns:xsi="http://www.w3.org/2001/XMLSchema-instance"
      xmlns="http://www.loc.gov/standards/alto/ns-v4#"
      xsi:schemaLocation="http://www.loc.gov/standards/alto/ns-v4# http://www.loc.gov/standards/alto/v4/alto-4-2.xsd">
  <Description>
    <MeasurementUnit>pixel</MeasurementUnit>
    <sourceImageInformation>
      <fileName>2012940.png</fileName>
      
    </sourceImageInformation>
  </Description>
  
  <Tags>
    <OtherTag ID="BT10544" LABEL="text" DESCRIPTION="block type text"/><OtherTag ID="BT10543" LABEL="NumberingZone" DESCRIPTION="block type NumberingZone"/><OtherTag ID="BT10542" LABEL="MainZone" DESCRIPTION="block type MainZone"/><OtherTag ID="BT10538" LABEL="RunningTitleZone" DESCRIPTION="block type RunningTitleZone"/><OtherTag ID="BT10537" LABEL="DropCapitalZone" DESCRIPTION="block type DropCapitalZone"/><OtherTag ID="BT10536" LABEL="GraphicZone" DESCRIPTION="block type GraphicZone"/><OtherTag ID="BT10535" LABEL="TitlePageZone" DESCRIPTION="block type TitlePageZone"/><OtherTag ID="BT10534" LABEL="QuireMarksZone" DESCRIPTION="block type QuireMarksZone"/><OtherTag ID="BT10533" LABEL="MarginTextZone" DESCRIPTION="block type MarginTextZone"/>
    <OtherTag ID="LT4122" LABEL="default" DESCRIPTION="line type default"/><OtherTag ID="LT4119" LABEL="DefaultLine" DESCRIPTION="line type DefaultLine"/><OtherTag ID="LT4118" LABEL="HeadingLine" DESCRIPTION="line type HeadingLine"/><OtherTag ID="LT4117" LABEL="CustomLine : BiblicalText" DESCRIPTION="line type CustomLine : BiblicalText"/>
  </Tags>
  
  <Layout>
    <Page WIDTH="1807"
          HEIGHT="2677"
          PHYSICAL_IMG_NR="56"
          ID="eSc_dummypage_">
      <PrintSpace HPOS="0"
                  VPOS="0"
                  WIDTH="1807"
                  HEIGHT="2677">
        
        <TextBlock HPOS="679.7958984375"
                   VPOS="153.6487579345703"
                   WIDTH="102.87823486328125"
                   HEIGHT="61.3253173828125"
                   ID="block_3"
                   TAGREFS="BT10543">
          <Shape><Polygon POINTS="679.796 153.649 782.674 153.649 782.674 214.974 679.796 214.974 679.796 153.649"/></Shape>
          
          
          <TextLine ID="eSc_line_fdece8d9"
                    TAGREFS="LT4119"
                    BASELINE="691 194 770 197" 
                    HPOS="690"
                    VPOS="148"
                    WIDTH="80"
                    HEIGHT="61">
            <Shape><Polygon POINTS="736 148 721 148 710 148 691 153 691 194 690 208 767 209 770 197 770 157 743 148 736 148"/></Shape>
	    <String CONTENT="28."
                    HPOS="690"
                    VPOS="148"
                    WIDTH="80"
                    HEIGHT="61"
                    WC="0.92265514532725"></String>
          </TextLine>

          
        </TextBlock>
        
        <TextBlock HPOS="881.9282836914062"
                   VPOS="155.4294891357422"
                   WIDTH="683.9984741210938"
                   HEIGHT="62.66035461425781"
                   ID="block_0"
                   TAGREFS="BT10538">
          <Shape><Polygon POINTS="881.928 155.429 1565.93 155.429 1565.93 218.09 881.928 218.09 881.928 155.429"/></Shape>
          
          
          <TextLine ID="eSc_line_68547928"
                    TAGREFS="LT4118"
                    BASELINE="884 202 1555 199" 
                    HPOS="883"
                    VPOS="153"
                    WIDTH="672"
                    HEIGHT="74">
            <Shape><Polygon POINTS="1537 163 1522 160 1508 157 1502 154 1494 160 1427 153 1418 153 1408 153 1387 163 1386 163 1362 163 1097 153 1096 153 1094 153 1093 153 1093 154 1081 166 981 166 972 157 972 156 971 156 969 156 914 153 913 153 911 153 883 165 884 202 884 221 910 217 931 221 953 226 954 226 956 226 975 221 999 215 1038 220 1049 221 1051 221 1060 220 1091 214 1100 220 1107 226 1109 226 1110 226 1112 227 1154 227 1154 226 1155 226 1180 218 1198 214 1204 218 1210 224 1210 226 1212 226 1213 226 1215 226 1335 224 1337 224 1338 224 1345 217 1360 224 1362 224 1363 224 1365 224 1366 224 1375 217 1381 212 1411 217 1438 220 1439 220 1441 220 1450 215 1458 212 1463 215 1472 223 1473 223 1475 223 1540 224 1542 224 1543 224 1545 224 1555 215 1555 199 1554 168 1552 166"/></Shape>
	    <String CONTENT="AD I. PAVL. AD TIM."
                    HPOS="883"
                    VPOS="153"
                    WIDTH="672"
                    HEIGHT="74"
                    WC="0.958776464587764"></String>
          </TextLine>

          
        </TextBlock>
        
        <TextBlock HPOS="667.518310546875"
                   VPOS="228.8751983642578"
                   WIDTH="1069.294189453125"
                   HEIGHT="1943.4038543701172"
                   ID="block_1"
                   TAGREFS="BT10542">
          <Shape><Polygon POINTS="667.518 228.875 1736.81 228.875 1736.81 2172.28 667.518 2172.28 667.518 228.875"/></Shape>
          
          
          <TextLine ID="eSc_line_71da7fc5"
                    TAGREFS="LT4119"
                    BASELINE="675 272 1732 272" 
                    HPOS="675"
                    VPOS="220"
                    WIDTH="1057"
                    HEIGHT="80">
            <Shape><Polygon POINTS="1716 236 1701 233 1686 229 1671 226 1667 224 1658 229 1646 220 1644 220 1643 220 1499 220 1497 220 1411 229 1359 220 1357 220 1356 220 1328 230 1308 220 1307 220 1216 220 1215 220 1213 220 1192 230 1164 221 1163 221 1161 221 1160 221 1158 221 1143 232 1097 232 1084 220 1082 220 1081 220 1048 220 1047 220 1045 220 1018 232 935 232 917 220 916 220 914 220 913 220 911 220 910 220 896 230 859 223 858 223 856 223 837 232 675 232 675 272 676 298 707 290 737 298 739 298 740 298 742 300 822 300 822 298 823 298 826 297 844 290 878 297 887 298 889 298 890 298 898 297 925 290 1084 290 1091 295 1094 298 1096 298 1097 298 1099 298 1100 298 1115 294 1136 290 1149 294 1160 298 1161 298 1163 298 1191 294 1210 291 1243 294 1286 297 1287 297 1289 297 1290 297 1296 292 1301 290 1307 292 1316 297 1317 297 1429 298 1430 298 1432 298 1433 298 1441 291 1445 290 1508 290 1511 291 1524 297 1525 297 1658 298 1659 298 1732 288 1732 272 1732 240 1731 240"/></Shape>
	    <String CONTENT="catores habeant. Ergo primùm ſe deſcribit: dein¬"
                    HPOS="675"
                    VPOS="220"
                    WIDTH="1057"
                    HEIGHT="80"
                    WC="0.986816957288859"></String>
          </TextLine>

          
          
          <TextLine ID="eSc_line_c27528c5"
                    TAGREFS="LT4119"
                    BASELINE="675 331 1732 331" 
                    HPOS="675"
                    VPOS="285"
                    WIDTH="1057"
                    HEIGHT="74">
            <Shape><Polygon POINTS="675 331 675 350 748 348 776 350 829 358 831 358 832 358 847 350 852 348 947 348 963 350 1009 358 1011 358 1078 349 1099 348 1121 349 1204 358 1206 358 1253 349 1261 348 1265 349 1293 358 1295 358 1296 359 1424 359 1424 358 1511 348 1516 348 1519 348 1552 358 1554 358 1555 359 1677 359 1677 358 1732 346 1732 331 1732 290 1711 285 1710 285 1708 285 1676 291 1649 295 1628 291 1601 285 1600 285 1542 291 1530 292 1524 291 1491 285 1490 285 1488 285 1464 292 1451 295 1439 292 1412 285 1411 285 1409 285 1408 285 1406 285 1396 292 1390 297 1332 297 1323 292 1301 285 1299 285 1298 285 1296 285 1295 285 1295 287 1286 292 1283 297 1225 297 1219 294 1204 285 1203 285 1201 285 1200 285 1167 292 1128 285 1127 285 1125 285 1124 285 1109 294 1107 294 1060 285 1058 285 1057 285 1033 294 1012 285 1011 285 938 285 936 285 873 295 870 295 850 285 849 285 847 285 846 285 844 285 831 295 831 297 767 297 737 297 701 285 700 285 699 285 697 285 675 295 675 331"/></Shape>
	    <String CONTENT="de ex aduerſo Dei miſericordiam confert. Demũ"
                    HPOS="675"
                    VPOS="285"
                    WIDTH="1057"
                    HEIGHT="74"
                    WC="0.991042265425558"></String>
          </TextLine>

          
          
          <TextLine ID="eSc_line_185e31d7"
                    TAGREFS="LT4119"
                    BASELINE="676 391 1735 391" 
                    HPOS="676"
                    VPOS="346"
                    WIDTH="1059"
                    HEIGHT="70">
            <Shape><Polygon POINTS="676 391 676 406 743 414 745 416 804 416 804 414 806 414 807 414 816 407 852 414 853 414 954 407 1047 414 1048 416 1161 416 1161 414 1163 414 1164 414 1171 407 1194 414 1195 414 1197 414 1237 407 1280 414 1282 416 1400 416 1400 414 1402 414 1420 407 1592 414 1594 414 1655 407 1688 414 1689 414 1690 414 1735 406 1735 391 1734 350 1534 356 1509 352 1482 346 1481 346 1479 346 1478 346 1470 352 1461 358 1418 358 1409 352 1399 348 1398 348 1396 348 1395 348 1381 352 1371 356 1316 353 1209 346 1207 346 1206 346 1186 353 1179 358 1124 358 1115 355 1082 346 1081 346 1079 346 1078 346 1076 346 1076 348 1067 355 1064 358 1033 358 1030 355 1017 346 1015 346 1014 346 1012 346 923 356 916 356 911 356 864 346 862 346 861 346 819 356 817 356 690 349 688 349 687 349 685 349 676 355 676 391"/></Shape>
	    <String CONTENT="cæteros ſuo exemplo conſolatur &amp; exhortatur ad"
                    HPOS="676"
                    VPOS="346"
                    WIDTH="1059"
                    HEIGHT="70"
                    WC="0.989791508602059"></String>
          </TextLine>

          
          
          <TextLine ID="eSc_line_c7c86a08"
                    TAGREFS="LT4119"
                    BASELINE="676 449 1728 449" 
                    HPOS="676"
                    VPOS="403"
                    WIDTH="1052"
                    HEIGHT="74">
            <Shape><Polygon POINTS="676 449 676 465 764 465 768 465 816 475 817 475 914 466 941 465 951 468 971 472 972 472 974 472 1033 468 1081 465 1103 469 1134 475 1136 475 1280 471 1472 465 1522 474 1534 475 1536 477 1641 477 1641 475 1643 475 1644 475 1664 465 1726 475 1728 449 1728 413 1690 403 1689 403 1688 403 1630 411 1597 403 1595 403 1594 403 1592 403 1591 403 1579 413 1574 417 1476 417 1470 413 1458 403 1457 403 1456 403 1454 403 1453 403 1430 411 1420 417 1221 417 1210 411 1200 406 1198 406 1197 406 1163 410 1154 411 1148 410 1118 403 1116 403 1115 403 1045 410 989 416 978 410 968 403 966 403 965 403 963 403 925 408 887 416 856 408 829 403 828 403 676 407 676 449"/></Shape>
	    <String CONTENT="idem ſperandum. Magnum autem huius ſpei &amp;"
                    HPOS="676"
                    VPOS="403"
                    WIDTH="1052"
                    HEIGHT="74"
                    WC="0.98080308408272"></String>
          </TextLine>

          
          
          <TextLine ID="eSc_line_cf32a6bc"
                    TAGREFS="LT4119"
                    BASELINE="678 505 1731 510" 
                    HPOS="676"
                    VPOS="466"
                    WIDTH="1055"
                    HEIGHT="66">
            <Shape><Polygon POINTS="678 505 676 519 709 529 710 529 712 529 713 529 715 529 727 522 742 529 743 529 745 529 788 522 816 529 817 529 819 529 855 522 991 529 993 529 994 529 1023 522 1024 522 1026 522 1035 530 1036 530 1038 530 1039 530 1076 523 1078 523 1079 523 1154 530 1155 530 1218 524 1231 523 1276 524 1464 532 1466 532 1729 527 1731 510 1729 478 1650 469 1649 469 1647 469 1628 477 1625 480 1539 480 1527 477 1481 469 1479 469 1478 469 1457 477 1453 478 1450 477 1435 469 1433 469 1432 469 1398 477 1393 478 1035 478 1023 475 963 466 962 466 678 474 678 505"/></Shape>
	    <String CONTENT="certum fundamentum primum omnium ponit,"
                    HPOS="676"
                    VPOS="466"
                    WIDTH="1055"
                    HEIGHT="66"
                    WC="0.967900291467324"></String>
          </TextLine>

          
          
          <TextLine ID="eSc_line_bcce801e"
                    TAGREFS="LT4119"
                    BASELINE="675 563 1731 568" 
                    HPOS="675"
                    VPOS="517"
                    WIDTH="1056"
                    HEIGHT="76">
            <Shape><Polygon POINTS="675 563 675 585 983 581 1036 585 1096 590 1097 590 1149 585 1174 582 1179 584 1186 590 1188 590 1189 590 1191 590 1192 590 1194 590 1201 584 1206 582 1337 582 1344 584 1362 590 1363 590 1365 590 1366 590 1390 584 1393 584 1406 584 1554 591 1555 591 1603 584 1613 591 1615 591 1616 591 1618 593 1689 593 1689 591 1729 582 1731 568 1729 533 1595 532 1563 520 1561 520 1560 520 1558 520 1534 530 1458 532 1412 532 1409 532 1377 519 1375 519 1249 519 1247 519 1246 519 1244 519 1225 530 1222 530 1140 520 1139 520 1109 526 1099 519 1097 519 1096 519 1094 519 1036 529 1000 517 999 517 997 517 932 524 874 517 873 517 871 517 846 529 844 529 843 529 809 522 807 522 806 522 786 529 783 529 675 529 675 563"/></Shape>
	    <String CONTENT="nempe, Chriſtum factum eſſe hominem, vt pec¬"
                    HPOS="675"
                    VPOS="517"
                    WIDTH="1056"
                    HEIGHT="76"
                    WC="0.986209379001097"></String>
          </TextLine>

          
          
          <TextLine ID="eSc_line_15531669"
                    TAGREFS="LT4119"
                    BASELINE="673 623 1729 627" 
                    HPOS="672"
                    VPOS="578"
                    WIDTH="1057"
                    HEIGHT="68">
            <Shape><Polygon POINTS="673 623 672 638 1726 646 1729 627 1729 596 1704 582 1702 582 1701 582 1630 593 1618 584 1618 582 1616 582 1615 582 1549 582 1548 582 1546 582 1545 582 1533 593 1531 594 1500 594 1494 591 1473 582 1472 582 1375 581 1374 581 1314 588 1279 594 1176 594 1151 585 1134 581 1133 581 1131 581 1130 581 1116 585 1090 593 1012 585 1011 585 773 591 673 578 673 623"/></Shape>
	    <String CONTENT="catores nimirum redimeret, etiã ſceleratiſſimos."
                    HPOS="672"
                    VPOS="578"
                    WIDTH="1057"
                    HEIGHT="68"
                    WC="0.976119271346501"></String>
          </TextLine>

          
          
          <TextLine ID="eSc_line_3e031f84"
                    TAGREFS="LT4119"
                    BASELINE="678 681 1725 685" 
                    HPOS="676"
                    VPOS="636"
                    WIDTH="1049"
                    HEIGHT="76">
            <Shape><Polygon POINTS="678 681 676 693 707 709 709 709 710 709 901 697 1078 700 1097 710 1099 710 1100 712 1164 712 1164 710 1165 710 1212 698 1284 710 1286 710 1357 697 1411 707 1412 707 1555 701 1570 709 1572 709 1573 709 1574 709 1576 709 1592 698 1664 698 1673 706 1674 706 1676 706 1677 706 1723 697 1725 685 1723 639 1650 639 1649 639 1647 639 1646 639 1637 646 1579 639 1577 639 1576 639 1574 639 1527 654 1433 654 1409 639 1408 639 1406 639 1405 639 1403 639 1375 652 1197 652 1180 639 1179 639 1177 639 1176 639 1174 639 1173 639 1155 652 1035 652 1009 639 1002 636 1000 636 904 636 902 636 901 636 899 636 895 639 881 649 853 639 843 636 841 636 791 636 789 636 788 636 786 636 780 639 764 649 740 639 734 638 733 638 731 638 678 639 678 681"/></Shape>
	    <String CONTENT="Quod ſundamẽtum, quia magni eſt momenti, cõ¬"
                    HPOS="676"
                    VPOS="636"
                    WIDTH="1049"
                    HEIGHT="76"
                    WC="0.989825912143873"></String>
          </TextLine>

          
          
          <TextLine ID="eSc_line_52d6d265"
                    TAGREFS="LT4119"
                    BASELINE="675 740 1732 745" 
                    HPOS="673"
                    VPOS="696"
                    WIDTH="1059"
                    HEIGHT="78">
            <Shape><Polygon POINTS="675 740 673 756 703 765 704 765 706 765 758 759 782 771 783 771 785 771 856 759 871 770 873 770 874 770 875 770 877 770 901 761 936 771 938 771 1027 773 1029 774 1094 774 1094 773 1096 773 1097 773 1113 761 1174 771 1176 771 1206 765 1225 773 1226 773 1384 774 1386 774 1448 764 1487 774 1488 774 1490 774 1491 774 1493 774 1502 765 1524 773 1525 773 1527 773 1528 773 1555 762 1731 762 1732 745 1732 710 1699 698 1698 698 1616 698 1615 698 1613 698 1612 698 1597 710 1594 710 1539 709 1527 698 1525 698 1524 698 1522 698 1467 709 1436 698 1435 698 1433 698 1432 698 1430 698 1417 710 1415 710 1360 710 1354 710 1338 697 1337 697 1335 697 1334 697 1274 709 1273 709 1271 709 1198 701 1197 701 1130 709 1124 709 1122 709 1096 697 1094 697 1093 697 1030 707 1018 697 1018 696 1017 696 1015 696 1014 696 959 703 873 696 871 696 870 696 868 696 849 707 847 709 825 709 823 707 812 697 812 696 810 696 809 696 807 696 806 696 780 707 779 707 675 707 675 740"/></Shape>
	    <String CONTENT="mendat ſolita præfatione, fidus est ſermo &amp; di¬"
                    HPOS="673"
                    VPOS="696"
                    WIDTH="1059"
                    HEIGHT="78"
                    WC="0.968621423903932"></String>
          </TextLine>

          
          
          <TextLine ID="eSc_line_e4fe3a7b"
                    TAGREFS="LT4119"
                    BASELINE="679 803 1726 801" 
                    HPOS="678"
                    VPOS="758"
                    WIDTH="1048"
                    HEIGHT="71">
            <Shape><Polygon POINTS="679 803 681 829 721 817 754 826 755 826 757 826 758 826 785 817 910 817 931 826 933 828 935 828 936 829 987 829 987 828 989 828 990 828 991 826 1005 817 1020 825 1021 825 1023 825 1024 825 1026 825 1036 817 1103 817 1176 823 1228 828 1229 828 1299 822 1340 819 1360 822 1411 828 1412 828 1414 828 1439 820 1448 817 1454 820 1472 828 1473 828 1475 829 1656 829 1656 828 1725 816 1726 801 1723 770 1670 770 1670 768 1655 758 1653 758 1652 758 1650 758 1649 758 1647 758 1634 768 1628 768 1552 767 1543 758 1542 758 1540 758 1539 758 1537 758 1506 768 1505 768 1503 768 1458 758 1457 758 1456 758 1417 768 1414 768 1402 768 1265 759 1264 759 1206 768 1197 768 1194 767 1174 758 1173 758 1099 758 1097 758 1096 758 1072 767 1067 768 1048 767 974 761 972 761 904 767 883 768 880 767 870 758 868 758 867 758 825 758 823 758 822 758 820 758 809 767 804 768 678 767 679 803"/></Shape>
	    <String CONTENT="gnus infr. cap.3v.1.2. Timoth.2.V.19. Quãquam e¬"
                    HPOS="678"
                    VPOS="758"
                    WIDTH="1048"
                    HEIGHT="71"
                    WC="0.991354679574772"></String>
          </TextLine>

          
          
          <TextLine ID="eSc_line_978286d0"
                    TAGREFS="LT4119"
                    BASELINE="675 859 1729 862" 
                    HPOS="673"
                    VPOS="814"
                    WIDTH="1056"
                    HEIGHT="72">
            <Shape><Polygon POINTS="675 859 673 874 804 883 806 883 971 877 994 884 996 884 997 884 1185 877 1226 886 1228 886 1274 878 1337 886 1338 886 1400 878 1696 886 1698 886 1699 886 1728 877 1729 862 1729 825 1707 816 1705 816 1704 816 1506 825 1475 825 1470 823 1444 816 1442 816 1441 816 1439 816 1411 823 1408 825 1406 823 1396 816 1395 816 1393 816 1302 816 1301 816 1238 823 1225 825 1222 823 1203 814 1201 814 1200 814 1155 823 1152 825 1055 825 1054 823 1042 814 1041 814 1039 814 1038 814 1036 814 1018 822 972 814 971 814 969 814 950 823 948 823 931 816 929 816 928 816 864 823 856 823 855 823 841 814 840 814 838 814 837 814 835 814 834 814 823 823 822 825 761 825 755 823 716 814 715 814 675 822 675 859"/></Shape>
	    <String CONTENT="nim vniuerſa ſcriptura ſacra eſt per ſe, &amp; in omni¬"
                    HPOS="673"
                    VPOS="814"
                    WIDTH="1056"
                    HEIGHT="72"
                    WC="0.97463648926978"></String>
          </TextLine>

          
          
          <TextLine ID="eSc_line_72a17b7c"
                    TAGREFS="LT4119"
                    BASELINE="675 917 1728 922" 
                    HPOS="673"
                    VPOS="872"
                    WIDTH="1055"
                    HEIGHT="75">
            <Shape><Polygon POINTS="675 917 673 932 823 933 823 935 843 944 844 944 846 944 910 935 916 935 959 935 962 935 972 944 974 944 975 944 977 944 1091 938 1100 945 1102 945 1103 945 1105 947 1197 947 1197 945 1198 945 1200 945 1207 938 1210 936 1216 938 1244 945 1246 945 1247 945 1332 939 1375 936 1399 939 1441 947 1442 947 1488 941 1514 938 1725 942 1728 922 1725 883 1600 886 1591 881 1580 875 1579 875 1531 875 1530 875 1506 880 1476 886 1423 880 1390 875 1389 875 1354 878 1296 884 1283 878 1276 874 1274 874 1207 874 1206 874 1204 874 1203 874 1198 877 1186 884 1164 877 1155 874 1154 874 1152 874 1151 874 1145 877 1128 886 1033 886 954 874 933 872 932 872 917 874 859 883 837 874 834 872 832 872 767 872 765 872 764 872 762 872 762 874 751 884 722 884 675 872 675 917"/></Shape>
	    <String CONTENT="bus ſuis partibus amplectẽda, &amp; ſermo fidus, ta¬"
                    HPOS="673"
                    VPOS="872"
                    WIDTH="1055"
                    HEIGHT="75"
                    WC="0.986585027101089"></String>
          </TextLine>

          
          
          <TextLine ID="eSc_line_fd50aedc"
                    TAGREFS="LT4119"
                    BASELINE="675 975 1726 980" 
                    HPOS="673"
                    VPOS="931"
                    WIDTH="1053"
                    HEIGHT="72">
            <Shape><Polygon POINTS="675 975 673 990 688 999 690 999 691 999 693 999 718 991 743 999 745 999 746 999 816 991 837 999 838 999 840 999 962 991 965 991 966 991 1009 999 1011 999 1012 999 1014 999 1023 991 1102 991 1186 991 1203 1000 1204 1000 1206 1000 1372 994 1414 1002 1415 1003 1569 1003 1569 1002 1570 1002 1585 994 1685 1002 1686 1002 1725 993 1726 980 1725 945 1676 933 1613 933 1612 933 1610 933 1609 933 1598 942 1561 936 1560 936 1558 936 1557 936 1549 942 1539 933 1537 933 1536 933 1506 933 1505 933 1503 933 1467 944 1464 944 1458 944 1375 932 1374 932 1372 932 1340 942 1329 935 1328 935 1326 935 1325 935 1244 942 1241 942 1240 942 1203 932 1201 932 1200 932 1154 942 1149 944 1061 944 1058 942 1026 931 1024 931 896 931 895 931 893 931 892 931 875 941 874 941 675 941 675 975"/></Shape>
	    <String CONTENT="men imprimis illa, quæ ſumma fidei noſtræ ſalu¬"
                    HPOS="673"
                    VPOS="931"
                    WIDTH="1053"
                    HEIGHT="72"
                    WC="0.978232353291613"></String>
          </TextLine>

          
          
          <TextLine ID="eSc_line_94568830"
                    TAGREFS="LT4119"
                    BASELINE="673 1036 1726 1036" 
                    HPOS="673"
                    VPOS="989"
                    WIDTH="1053"
                    HEIGHT="75">
            <Shape><Polygon POINTS="673 1036 673 1054 785 1054 812 1064 813 1064 815 1064 878 1057 959 1064 960 1064 962 1064 986 1054 1045 1064 1047 1064 1048 1064 1049 1064 1067 1054 1668 1064 1670 1064 1726 1052 1726 1036 1726 1000 1576 989 1574 989 1573 989 1572 989 1557 997 1554 1000 1420 1000 1414 996 1402 989 1400 989 1399 989 1398 989 1362 996 1342 999 1322 994 1292 990 1290 990 1289 990 1279 994 1270 1000 1213 1000 1204 994 1198 989 1197 989 1195 989 1157 989 1155 989 1128 993 1094 1000 981 1000 972 991 971 991 969 991 968 991 966 991 908 999 883 990 877 989 875 989 874 989 873 989 868 990 853 997 835 990 832 989 831 989 673 989 673 1036"/></Shape>
	    <String CONTENT="iis &amp; ſpei capita cõplectitur, ſingulari quodã mo¬"
                    HPOS="673"
                    VPOS="989"
                    WIDTH="1053"
                    HEIGHT="75"
                    WC="0.97246293265086"></String>
          </TextLine>

          
          
          <TextLine ID="eSc_line_290e1bdd"
                    TAGREFS="LT4119"
                    BASELINE="673 1093 1726 1096" 
                    HPOS="672"
                    VPOS="1048"
                    WIDTH="1054"
                    HEIGHT="71">
            <Shape><Polygon POINTS="673 1093 672 1109 730 1118 731 1118 1160 1112 1225 1119 1226 1119 1725 1112 1726 1096 1726 1060 1702 1049 1701 1049 1699 1049 1698 1049 1664 1060 1661 1060 1490 1060 1488 1058 1478 1049 1476 1049 1475 1049 1418 1049 1417 1049 1415 1049 1400 1057 1398 1058 1372 1057 1271 1049 1270 1049 1189 1055 1167 1057 1164 1055 1157 1048 1155 1048 1154 1048 993 1048 991 1048 990 1048 977 1054 969 1057 944 1054 899 1048 898 1048 896 1048 883 1054 877 1055 868 1052 849 1048 847 1048 846 1048 844 1048 843 1048 837 1052 831 1057 673 1052 673 1093"/></Shape>
	    <String CONTENT="do amplectenda eſt. qualis hæc &amp; inf. cap.3.V.16."
                    HPOS="672"
                    VPOS="1048"
                    WIDTH="1054"
                    HEIGHT="71"></String>
          </TextLine>

          
          
          <TextLine ID="eSc_line_0de89d98"
                    TAGREFS="LT4119"
                    BASELINE="675 1154 1726 1154" 
                    HPOS="675"
                    VPOS="1107"
                    WIDTH="1051"
                    HEIGHT="64">
            <Shape><Polygon POINTS="675 1154 675 1171 1726 1171 1726 1154 1726 1119 1603 1119 1585 1110 1583 1110 1582 1110 1580 1110 1579 1110 1570 1119 1481 1119 1415 1107 1414 1107 1412 1107 1389 1119 1344 1119 1271 1107 1270 1107 1268 1107 1247 1119 1183 1119 1171 1109 1171 1107 1170 1107 1168 1107 1112 1107 1110 1107 1109 1107 1107 1107 1091 1119 1045 1119 1033 1109 1033 1107 1032 1107 1030 1107 974 1107 972 1107 971 1107 941 1118 902 1107 901 1107 899 1107 771 1118 693 1107 691 1107 690 1107 688 1107 675 1116 675 1154"/></Shape>
	    <String CONTENT="Cæterũ Chriſtũveniſſe, vt ſaluos faceret homi¬"
                    HPOS="675"
                    VPOS="1107"
                    WIDTH="1051"
                    HEIGHT="64"
                    WC="0.988428638627132"></String>
          </TextLine>

          
          
          <TextLine ID="eSc_line_8f38f069"
                    TAGREFS="LT4119"
                    BASELINE="672 1210 1723 1213" 
                    HPOS="672"
                    VPOS="1163"
                    WIDTH="1051"
                    HEIGHT="75">
            <Shape><Polygon POINTS="672 1210 672 1235 706 1229 721 1235 724 1237 725 1237 727 1238 925 1238 925 1237 926 1237 932 1234 944 1229 956 1234 963 1237 965 1237 966 1237 991 1234 1033 1228 1067 1234 1093 1237 1338 1238 1340 1238 1341 1238 1362 1231 1368 1229 1472 1229 1478 1231 1509 1238 1511 1238 1512 1238 1514 1238 1533 1229 1536 1229 1722 1229 1723 1213 1722 1176 1647 1164 1500 1164 1499 1164 1497 1164 1496 1164 1485 1171 1442 1165 1441 1165 1439 1165 1438 1165 1430 1173 1427 1174 1383 1171 1304 1167 1302 1167 1270 1171 1238 1174 1229 1170 1219 1165 1218 1165 1216 1165 1161 1170 1116 1173 1105 1168 1085 1163 1084 1163 1082 1163 1026 1168 1005 1170 986 1168 945 1163 944 1163 942 1163 928 1167 908 1174 837 1174 828 1167 825 1164 825 1163 823 1163 822 1163 820 1163 819 1163 807 1165 786 1173 672 1165 672 1210"/></Shape>
	    <String CONTENT="nes, eſt certiſſimũ. idcirco.n. dicitur Ieſus Math.1."
                    HPOS="672"
                    VPOS="1163"
                    WIDTH="1051"
                    HEIGHT="75"
                    WC="0.99276641563133"></String>
          </TextLine>

          
          
          <TextLine ID="eSc_line_c0b1bfbf"
                    TAGREFS="LT4119"
                    BASELINE="672 1271 1725 1268" 
                    HPOS="670"
                    VPOS="1229"
                    WIDTH="1055"
                    HEIGHT="73">
            <Shape><Polygon POINTS="672 1271 672 1289 871 1289 886 1301 887 1301 889 1301 890 1302 923 1302 923 1301 1002 1287 1006 1287 1009 1287 1048 1301 1049 1301 1051 1302 1107 1302 1107 1301 1109 1301 1110 1301 1133 1287 1134 1287 1180 1287 1182 1287 1201 1299 1203 1299 1204 1299 1206 1301 1298 1301 1298 1299 1299 1299 1301 1299 1316 1287 1317 1286 1322 1287 1360 1299 1362 1299 1363 1299 1445 1287 1457 1286 1521 1286 1522 1287 1537 1299 1539 1299 1540 1299 1542 1299 1543 1299 1566 1292 1580 1299 1582 1299 1583 1299 1585 1299 1586 1299 1601 1287 1603 1286 1606 1287 1634 1296 1635 1296 1637 1296 1723 1286 1725 1268 1722 1229 670 1229 672 1271"/></Shape>
	    <String CONTENT="&amp; eſt hocipſum αἴτημα θεολόγικoν quod nulli Chri"
                    HPOS="670"
                    VPOS="1229"
                    WIDTH="1055"
                    HEIGHT="73"></String>
          </TextLine>

          
          
          <TextLine ID="eSc_line_7ea0edde"
                    TAGREFS="LT4119"
                    BASELINE="672 1329 1722 1332" 
                    HPOS="670"
                    VPOS="1280"
                    WIDTH="1052"
                    HEIGHT="80">
            <Shape><Polygon POINTS="672 1329 670 1344 748 1345 758 1356 759 1356 761 1356 762 1356 816 1347 828 1356 828 1357 829 1357 831 1357 832 1357 834 1357 865 1347 870 1347 901 1347 904 1348 914 1357 916 1357 917 1357 919 1359 1128 1359 1128 1357 1130 1357 1151 1351 1167 1347 1185 1351 1209 1359 1210 1359 1212 1360 1246 1360 1246 1359 1247 1359 1249 1359 1255 1353 1261 1348 1280 1353 1301 1359 1302 1359 1304 1359 1305 1359 1319 1354 1334 1348 1403 1354 1432 1357 1433 1357 1456 1356 1521 1350 1534 1357 1539 1359 1540 1359 1542 1359 1557 1357 1619 1348 1647 1359 1649 1359 1650 1359 1652 1360 1720 1360 1722 1332 1719 1287 1677 1296 1664 1286 1659 1283 1658 1283 1656 1283 1601 1283 1600 1283 1598 1283 1597 1283 1592 1286 1582 1293 1574 1286 1572 1284 1572 1283 1570 1283 1569 1283 1515 1283 1514 1283 1512 1283 1511 1283 1508 1286 1497 1293 1487 1284 1484 1283 1482 1283 1481 1283 1445 1283 1444 1283 1442 1283 1441 1283 1439 1284 1420 1298 1383 1298 1360 1284 1359 1283 1357 1283 1356 1283 1354 1283 1353 1283 1351 1283 1350 1284 1338 1292 1314 1284 1310 1283 1308 1283 1307 1283 1305 1283 1304 1283 1304 1284 1284 1298 1200 1298 1177 1283 1176 1283 1174 1283 1173 1283 1171 1283 1143 1296 1072 1296 1038 1281 1036 1281 1035 1281 1033 1281 1032 1281 1030 1281 1014 1296 902 1296 864 1281 862 1281 861 1281 859 1281 832 1296 740 1296 722 1281 721 1281 719 1281 672 1280 672 1329"/></Shape>
	    <String CONTENT="ſtiano eſſe ignotũ poteſt nec debet, ideóq; diligẽ"
                    HPOS="670"
                    VPOS="1280"
                    WIDTH="1052"
                    HEIGHT="80"
                    WC="0.988670933921382"></String>
          </TextLine>

          
          
          <TextLine ID="eSc_line_73de43a0"
                    TAGREFS="LT4119"
                    BASELINE="673 1386 1725 1390" 
                    HPOS="673"
                    VPOS="1341"
                    WIDTH="1052"
                    HEIGHT="65">
            <Shape><Polygon POINTS="673 1386 673 1406 1723 1403 1725 1390 1723 1357 1662 1357 1662 1356 1647 1344 1646 1344 1644 1344 1615 1344 1613 1344 1612 1344 1610 1344 1610 1345 1598 1356 1567 1344 1566 1344 1564 1344 1563 1344 1561 1344 1542 1356 1516 1344 1515 1344 1514 1344 1331 1354 1287 1342 1286 1342 1284 1342 1189 1350 1170 1344 1168 1344 1167 1344 1165 1344 1149 1351 1122 1344 1121 1344 1119 1344 1078 1354 1073 1354 1069 1354 997 1341 996 1341 994 1341 993 1341 980 1351 947 1345 945 1345 944 1345 942 1345 933 1353 933 1354 810 1354 809 1353 785 1344 783 1344 782 1344 736 1353 733 1353 731 1353 710 1342 709 1342 707 1342 706 1342 673 1351 673 1386"/></Shape>
	    <String CONTENT="tius &amp; retinendũ &amp; commemorandũ. Vnde fit, vt"
                    HPOS="673"
                    VPOS="1341"
                    WIDTH="1052"
                    HEIGHT="65"
                    WC="0.975889150132524"></String>
          </TextLine>

          
          
          <TextLine ID="eSc_line_06b68644"
                    TAGREFS="LT4119"
                    BASELINE="673 1450 1725 1450" 
                    HPOS="673"
                    VPOS="1402"
                    WIDTH="1052"
                    HEIGHT="62">
            <Shape><Polygon POINTS="673 1450 673 1464 1725 1464 1725 1450 1725 1417 1664 1402 1662 1402 1606 1415 1603 1417 1485 1417 1484 1414 1469 1402 1467 1402 1466 1402 1464 1402 1436 1403 1435 1403 1433 1403 1421 1414 1418 1417 1347 1417 1342 1414 1319 1402 1317 1402 1264 1402 1262 1402 1261 1402 1259 1402 1247 1412 1243 1415 1221 1412 1140 1402 1097 1402 1096 1402 1094 1402 1093 1402 1081 1411 1075 1417 950 1417 932 1411 902 1402 901 1402 899 1402 898 1402 896 1402 883 1411 873 1417 834 1417 825 1409 817 1403 816 1403 815 1403 813 1403 812 1403 786 1409 774 1412 767 1409 755 1403 754 1403 752 1403 673 1408 673 1450"/></Shape>
	    <String CONTENT="mirum videri non debeat, ſi qui talis antea fuit"
                    HPOS="673"
                    VPOS="1402"
                    WIDTH="1052"
                    HEIGHT="62"
                    WC="0.979023055483898"></String>
          </TextLine>

          
          
          <TextLine ID="eSc_line_ee77f88b"
                    TAGREFS="LT4119"
                    BASELINE="673 1506 1722 1509" 
                    HPOS="672"
                    VPOS="1458"
                    WIDTH="1050"
                    HEIGHT="66">
            <Shape><Polygon POINTS="672 1519 1719 1524 1722 1509 1722 1473 1689 1461 1688 1461 1686 1461 1521 1470 1479 1472 1476 1469 1467 1463 1467 1461 1466 1461 1464 1461 1438 1461 1436 1461 1435 1461 1433 1461 1426 1469 1424 1470 1341 1472 1323 1467 1302 1461 1301 1461 1299 1461 1265 1466 1229 1472 1213 1466 1198 1460 1197 1460 1195 1460 1194 1460 1174 1464 1154 1470 1122 1464 1099 1460 1097 1460 1067 1463 1015 1470 996 1463 989 1460 987 1460 886 1460 884 1460 883 1460 880 1461 853 1472 792 1472 774 1460 773 1460 771 1460 770 1460 712 1467 675 1458 673 1506 672 1519"/></Shape>
	    <String CONTENT="Paulus, miſericordiam iam eſt conſequutus. Ea"
                    HPOS="672"
                    VPOS="1458"
                    WIDTH="1050"
                    HEIGHT="66"
                    WC="0.98372212515937"></String>
          </TextLine>

          
          
          <TextLine ID="eSc_line_6ac22398"
                    TAGREFS="LT4119"
                    BASELINE="672 1564 1719 1564" 
                    HPOS="672"
                    VPOS="1519"
                    WIDTH="1047"
                    HEIGHT="69">
            <Shape><Polygon POINTS="672 1564 672 1582 1717 1588 1719 1564 1717 1522 1674 1530 1661 1522 1658 1519 1656 1519 1655 1519 1569 1519 1567 1519 1566 1519 1551 1522 1522 1530 1476 1524 1445 1519 1444 1519 1406 1524 1383 1527 1378 1524 1371 1519 1369 1519 1368 1519 1366 1519 1341 1524 1314 1530 1307 1525 1299 1519 1298 1519 1296 1519 1295 1519 1293 1519 1292 1519 1286 1525 1279 1531 1171 1531 1165 1525 1160 1521 1160 1519 1158 1519 1157 1519 1119 1519 1118 1519 1116 1519 1099 1525 1087 1531 1027 1531 1018 1527 1002 1519 1000 1519 893 1519 892 1519 890 1519 889 1519 877 1528 873 1530 672 1530 672 1564"/></Shape>
	    <String CONTENT="enim gratia factus eſt homo &amp; Ieſus Dei Filius"
                    HPOS="672"
                    VPOS="1519"
                    WIDTH="1047"
                    HEIGHT="69"
                    WC="0.983660652585652"></String>
          </TextLine>

          
          
          <TextLine ID="eSc_line_259642f9"
                    TAGREFS="LT4119"
                    BASELINE="672 1622 1719 1625" 
                    HPOS="670"
                    VPOS="1577"
                    WIDTH="1049"
                    HEIGHT="75">
            <Shape><Polygon POINTS="672 1622 670 1637 696 1646 697 1646 699 1646 806 1640 832 1650 834 1650 835 1652 913 1652 913 1650 914 1650 916 1650 932 1640 933 1640 1002 1640 1005 1641 1023 1650 1024 1650 1026 1650 1113 1644 1265 1652 1267 1652 1317 1644 1335 1641 1345 1644 1368 1652 1369 1652 1371 1652 1372 1652 1393 1644 1403 1641 1716 1647 1719 1625 1717 1592 1665 1582 1664 1582 1662 1582 1640 1591 1625 1579 1624 1579 1622 1579 1621 1579 1619 1579 1580 1589 1564 1579 1563 1579 1561 1579 1560 1579 1494 1588 1460 1579 1458 1579 1457 1579 1456 1579 1429 1591 1418 1591 1262 1583 1261 1583 1203 1591 1195 1591 1044 1591 1038 1591 991 1577 990 1577 887 1577 886 1577 828 1589 826 1589 770 1577 768 1577 767 1577 765 1577 752 1588 734 1577 733 1577 694 1577 693 1577 691 1577 672 1586 672 1622"/></Shape>
	    <String CONTENT="Chriſtus. At fuit maximus peccator Paulus: fate¬"
                    HPOS="670"
                    VPOS="1577"
                    WIDTH="1049"
                    HEIGHT="75"
                    WC="0.997751188774904"></String>
          </TextLine>

          
          
          <TextLine ID="eSc_line_c811b98a"
                    TAGREFS="LT4119"
                    BASELINE="669 1680 1720 1685" 
                    HPOS="667"
                    VPOS="1638"
                    WIDTH="1053"
                    HEIGHT="70">
            <Shape><Polygon POINTS="669 1680 667 1693 739 1705 740 1705 742 1705 767 1696 807 1705 809 1705 972 1696 1020 1707 1021 1707 1360 1698 1377 1705 1378 1705 1380 1705 1464 1699 1597 1708 1598 1708 1600 1708 1624 1699 1688 1707 1689 1707 1690 1707 1719 1698 1720 1685 1720 1652 1685 1641 1683 1641 1682 1641 1580 1650 1566 1650 1543 1649 1430 1641 1429 1641 1427 1641 1426 1641 1418 1647 1415 1652 1380 1652 1372 1647 1363 1643 1362 1643 1360 1643 1317 1647 1292 1649 1287 1646 1280 1640 1279 1640 1277 1640 1276 1640 1274 1640 1259 1646 1252 1649 1226 1646 1192 1641 1191 1641 1140 1644 1078 1649 1063 1644 1052 1640 1051 1640 1049 1640 1048 1640 1033 1643 1015 1649 917 1649 904 1641 895 1638 893 1638 892 1638 890 1638 889 1638 886 1641 878 1649 804 1649 770 1640 758 1638 757 1638 755 1638 748 1640 718 1647 669 1640 669 1680"/></Shape>
	    <String CONTENT="tur id quidem ipſe, non tantùm modeſta quadam"
                    HPOS="667"
                    VPOS="1638"
                    WIDTH="1053"
                    HEIGHT="70"
                    WC="0.973679655272028"></String>
          </TextLine>

          
          
          <TextLine ID="eSc_line_76dd8caa"
                    TAGREFS="LT4119"
                    BASELINE="669 1743 1722 1743" 
                    HPOS="669"
                    VPOS="1696"
                    WIDTH="1053"
                    HEIGHT="70">
            <Shape><Polygon POINTS="669 1743 669 1756 847 1765 849 1766 950 1766 950 1765 951 1765 969 1757 1121 1765 1122 1765 1124 1765 1125 1765 1134 1757 1171 1765 1173 1765 1221 1757 1277 1765 1279 1765 1588 1757 1679 1765 1680 1765 1722 1756 1722 1743 1722 1711 1679 1711 1677 1710 1659 1696 1658 1696 1656 1696 1655 1696 1585 1708 1577 1710 1573 1708 1558 1702 1557 1702 1555 1702 1488 1708 1473 1708 1472 1707 1458 1696 1457 1696 1456 1696 1454 1696 1453 1696 1417 1707 1405 1711 1356 1711 1350 1705 1342 1699 1341 1699 1340 1699 1338 1699 1337 1699 1314 1705 1313 1705 1301 1696 1299 1696 1298 1696 1296 1696 1295 1696 1293 1696 1280 1705 1271 1711 1222 1711 1215 1704 1206 1696 1204 1696 1203 1696 1201 1696 1200 1696 1174 1704 1173 1704 1171 1704 1152 1696 1151 1696 1149 1696 1148 1696 1146 1696 1139 1704 1136 1705 1127 1702 1113 1699 1112 1699 1110 1699 1109 1699 1107 1699 1103 1702 1093 1710 996 1702 994 1702 993 1702 991 1702 983 1711 929 1711 871 1699 849 1696 847 1696 846 1696 840 1699 822 1710 783 1710 768 1698 767 1696 765 1696 764 1696 762 1696 669 1696 669 1743"/></Shape>
	    <String CONTENT="ſui deiectione vtens: ſed verè &amp; ex ſerio ſenſu a¬"
                    HPOS="669"
                    VPOS="1696"
                    WIDTH="1053"
                    HEIGHT="70"
                    WC="0.997462210701961"></String>
          </TextLine>

          
          
          <TextLine ID="eSc_line_94dd77d0"
                    TAGREFS="LT4119"
                    BASELINE="669 1801 1717 1801" 
                    HPOS="669"
                    VPOS="1754"
                    WIDTH="1048"
                    HEIGHT="72">
            <Shape><Polygon POINTS="669 1801 669 1814 770 1815 780 1824 782 1824 783 1824 785 1824 852 1815 889 1824 890 1824 892 1824 953 1815 986 1824 987 1824 989 1826 1044 1826 1044 1824 1045 1824 1047 1824 1055 1815 1076 1824 1078 1824 1079 1824 1221 1815 1240 1824 1241 1824 1243 1824 1244 1824 1246 1824 1261 1815 1295 1824 1296 1824 1298 1824 1299 1824 1332 1815 1351 1824 1353 1824 1354 1824 1395 1815 1421 1824 1423 1824 1424 1826 1594 1826 1594 1824 1659 1815 1679 1824 1680 1824 1682 1824 1683 1824 1717 1814 1717 1801 1717 1766 1612 1765 1580 1754 1579 1754 1577 1754 1527 1762 1518 1754 1516 1754 1515 1754 1418 1754 1417 1754 1415 1754 1414 1754 1400 1765 1374 1754 1372 1754 1371 1754 1319 1765 1198 1754 1197 1754 1195 1754 1173 1766 1102 1766 1070 1754 1069 1754 1067 1754 1066 1754 1064 1754 1049 1766 944 1766 925 1756 923 1756 922 1756 920 1756 889 1765 864 1754 862 1754 801 1754 800 1754 798 1754 797 1754 789 1762 767 1754 765 1754 764 1754 762 1754 761 1754 752 1762 710 1754 709 1754 707 1754 669 1765 669 1801"/></Shape>
	    <String CONTENT="nimi ſui loquens, &amp; quali à nobis infidelitas o¬"
                    HPOS="669"
                    VPOS="1754"
                    WIDTH="1048"
                    HEIGHT="72"
                    WC="0.988404006374126"></String>
          </TextLine>

          
          
          <TextLine ID="eSc_line_edc532bb"
                    TAGREFS="LT4119"
                    BASELINE="669 1862 1720 1859" 
                    HPOS="667"
                    VPOS="1815"
                    WIDTH="1053"
                    HEIGHT="75">
            <Shape><Polygon POINTS="669 1862 669 1876 813 1876 832 1879 881 1887 883 1887 884 1887 886 1887 895 1879 899 1876 926 1876 933 1881 950 1888 951 1888 1011 1890 1012 1890 1014 1890 1015 1890 1029 1881 1036 1876 1102 1882 1158 1887 1160 1887 1180 1882 1212 1876 1283 1884 1299 1885 1301 1885 1302 1885 1305 1884 1326 1875 1398 1875 1412 1885 1415 1888 1417 1888 1418 1888 1420 1890 1473 1890 1473 1888 1475 1888 1481 1887 1512 1875 1533 1887 1534 1888 1536 1888 1537 1888 1539 1890 1719 1890 1720 1859 1717 1815 1677 1815 1676 1815 1674 1815 1673 1815 1661 1826 1640 1815 1638 1815 1637 1815 1635 1815 1634 1815 1632 1815 1603 1827 1543 1827 1509 1817 1500 1815 1499 1815 1497 1815 1496 1815 1494 1815 1494 1817 1493 1818 1482 1827 1393 1827 1328 1820 1273 1815 1271 1815 1270 1815 1268 1815 1268 1817 1262 1821 1256 1827 1192 1827 1173 1823 1154 1817 1152 1817 1151 1817 1039 1824 989 1827 978 1826 945 1817 944 1817 942 1817 941 1817 939 1817 929 1826 926 1829 884 1829 868 1827 749 1817 748 1817 746 1817 745 1817 731 1827 667 1829 669 1862"/></Shape>
	    <String CONTENT="mnis maximéque obſtinata debet apprehen di cũ"
                    HPOS="667"
                    VPOS="1815"
                    WIDTH="1053"
                    HEIGHT="75"
                    WC="0.967891088191499"></String>
          </TextLine>

          
          
          <TextLine ID="eSc_line_ad7c3e8f"
                    TAGREFS="LT4119"
                    BASELINE="670 1921 1719 1918" 
                    HPOS="669"
                    VPOS="1876"
                    WIDTH="1050"
                    HEIGHT="70">
            <Shape><Polygon POINTS="670 1921 672 1946 712 1936 795 1936 807 1945 809 1945 810 1945 812 1945 813 1945 815 1945 828 1936 1182 1945 1186 1945 1188 1945 1195 1945 1325 1942 1326 1942 1328 1942 1337 1934 1372 1934 1383 1943 1384 1943 1386 1943 1387 1943 1389 1943 1427 1934 1466 1942 1467 1942 1469 1942 1470 1942 1484 1934 1569 1934 1591 1943 1592 1943 1594 1943 1668 1936 1716 1943 1719 1918 1716 1885 1476 1876 1475 1876 1473 1876 1447 1884 1402 1876 1400 1876 1399 1876 1398 1876 1389 1884 1332 1876 1331 1876 1329 1876 1328 1876 1317 1884 1250 1876 1249 1876 1194 1885 1183 1878 1182 1878 1180 1878 1179 1878 980 1885 881 1878 880 1878 878 1878 859 1885 815 1879 813 1879 669 1887 670 1921"/></Shape>
	    <String CONTENT="pauore ac horrore conſcientiæ, Et hoc ſuum tam"
                    HPOS="669"
                    VPOS="1876"
                    WIDTH="1050"
                    HEIGHT="70"
                    WC="0.992039325444595"></String>
          </TextLine>

          
          
          <TextLine ID="eSc_line_49fa4d2f"
                    TAGREFS="LT4119"
                    BASELINE="672 1978 1722 1978" 
                    HPOS="672"
                    VPOS="1933"
                    WIDTH="1050"
                    HEIGHT="77">
            <Shape><Polygon POINTS="672 2001 815 2004 816 2004 817 2004 819 2004 819 2003 829 1995 870 1995 910 2004 935 2009 936 2009 938 2009 939 2009 945 2004 954 1997 975 2004 977 2004 978 2004 980 2004 981 2004 983 2004 997 1995 1060 1995 1072 2004 1076 2009 1078 2009 1079 2009 1081 2009 1102 2006 1143 1997 1204 2006 1228 2009 1229 2009 1231 2009 1240 2006 1271 1995 1328 2003 1329 2003 1406 1995 1426 2007 1427 2007 1429 2007 1430 2007 1432 2007 1472 1997 1514 2009 1518 2009 1519 2009 1521 2010 1722 2010 1722 1978 1722 1946 1628 1946 1627 1945 1595 1933 1594 1933 1592 1933 1458 1940 1418 1933 1417 1933 1415 1933 1381 1942 1371 1933 1369 1933 1368 1933 1317 1933 1316 1933 1314 1933 1313 1933 1301 1942 1295 1945 1064 1945 1052 1939 1035 1933 1033 1933 1032 1933 997 1939 962 1945 926 1937 920 1937 919 1937 917 1937 914 1937 895 1945 881 1937 875 1934 874 1934 873 1934 871 1934 862 1937 841 1945 743 1937 742 1937 693 1943 673 1936 672 1978 672 2001"/></Shape>
	    <String CONTENT="graue, &amp; grande peccatum eſſe illuſtriſſimum"
                    HPOS="672"
                    VPOS="1933"
                    WIDTH="1050"
                    HEIGHT="77"
                    WC="0.990989048372615"></String>
          </TextLine>

          
          
          <TextLine ID="eSc_line_c361e0e0"
                    TAGREFS="LT4119"
                    BASELINE="669 2037 1720 2034" 
                    HPOS="667"
                    VPOS="1995"
                    WIDTH="1053"
                    HEIGHT="69">
            <Shape><Polygon POINTS="669 2037 669 2056 944 2053 969 2059 980 2061 981 2061 983 2061 987 2059 997 2053 1033 2059 1064 2064 1066 2064 1128 2059 1240 2052 1307 2061 1323 2062 1325 2062 1326 2062 1331 2061 1353 2052 1378 2061 1380 2061 1381 2061 1383 2061 1423 2052 1491 2062 1500 2062 1502 2064 1570 2064 1570 2062 1572 2062 1573 2062 1580 2055 1603 2062 1604 2062 1606 2062 1607 2062 1627 2053 1638 2062 1640 2062 1641 2062 1643 2064 1719 2064 1720 2034 1717 2007 1650 1998 1649 1998 1647 1998 1646 1998 1635 2006 1634 2007 1441 2007 1436 2004 1418 1998 1417 1998 1415 1998 1357 2004 1341 2006 1337 2004 1316 1995 1314 1995 1313 1995 1311 1995 1310 1995 1301 2004 1284 2004 1206 2006 1201 2004 1192 1995 1191 1995 1189 1995 1145 1995 1143 1995 1142 1995 1140 1995 1128 2003 1121 2007 1066 2007 1061 2003 1054 1997 1054 1995 1052 1995 1051 1995 980 1995 978 1995 977 1995 953 2003 935 2007 914 2001 887 1995 886 1995 884 1995 816 2001 782 2004 776 2001 771 1997 770 1997 768 1997 767 1997 765 1997 764 1997 759 2001 755 2004 667 2001 669 2037"/></Shape>
	    <String CONTENT="ſummæ Dei miſericordiæ erga omnes peccato¬"
                    HPOS="667"
                    VPOS="1995"
                    WIDTH="1053"
                    HEIGHT="69"
                    WC="0.988802712588083"></String>
          </TextLine>

          
          
          <TextLine ID="eSc_line_a28ec5fa"
                    TAGREFS="LT4119"
                    BASELINE="669 2095 1722 2095" 
                    HPOS="669"
                    VPOS="2050"
                    WIDTH="1053"
                    HEIGHT="75">
            <Shape><Polygon POINTS="669 2095 669 2117 819 2123 820 2123 822 2123 823 2123 829 2119 837 2114 935 2114 956 2120 963 2122 965 2122 966 2122 977 2120 1000 2114 1020 2120 1030 2123 1032 2123 1033 2123 1035 2123 1036 2123 1039 2120 1047 2114 1122 2114 1183 2120 1209 2123 1210 2123 1212 2123 1213 2123 1215 2122 1222 2114 1411 2114 1421 2122 1421 2123 1423 2123 1424 2123 1426 2125 1463 2125 1463 2123 1464 2123 1466 2123 1481 2114 1499 2123 1500 2123 1502 2123 1503 2123 1508 2123 1537 2116 1557 2123 1558 2123 1560 2123 1561 2123 1566 2123 1600 2116 1720 2123 1722 2095 1722 2062 1661 2053 1659 2053 1560 2061 1543 2061 1542 2061 1524 2050 1522 2050 1408 2050 1406 2050 1405 2050 1403 2050 1390 2059 1386 2062 1337 2062 1332 2058 1323 2052 1322 2052 1320 2052 1319 2052 1317 2052 1316 2052 1310 2058 1305 2062 1252 2062 1247 2058 1240 2052 1240 2050 1238 2050 1237 2050 1176 2050 1174 2050 1173 2050 1171 2050 1164 2056 1158 2061 1125 2056 1099 2053 1097 2053 1096 2053 1085 2056 1070 2061 1063 2056 1060 2053 1058 2053 1057 2053 1055 2053 1042 2056 1021 2061 1008 2055 994 2050 993 2050 991 2050 990 2050 971 2055 948 2061 919 2055 896 2050 895 2050 865 2055 817 2062 791 2062 780 2053 777 2050 776 2050 774 2050 773 2050 771 2050 764 2053 746 2061 669 2053 669 2095"/></Shape>
	    <String CONTENT="res ſpeculum decet, ne deſperent vlli, ſed conuer¬"
                    HPOS="669"
                    VPOS="2050"
                    WIDTH="1053"
                    HEIGHT="75"
                    WC="0.99497194647789"></String>
          </TextLine>

          
          
          <TextLine ID="eSc_line_157aaa1d"
                    TAGREFS="LT4119"
                    BASELINE="670 2154 1717 2152" 
                    HPOS="669"
                    VPOS="2110"
                    WIDTH="1048"
                    HEIGHT="97">
            <Shape><Polygon POINTS="670 2154 670 2187 783 2187 785 2187 815 2207 816 2207 817 2207 819 2207 820 2207 884 2190 911 2204 913 2204 914 2204 916 2204 951 2192 1026 2207 1027 2207 1029 2207 1030 2207 1055 2192 1145 2193 1163 2207 1164 2207 1165 2207 1167 2207 1258 2205 1259 2205 1302 2189 1332 2205 1334 2205 1335 2207 1475 2207 1475 2205 1476 2205 1537 2183 1619 2183 1632 2192 1634 2192 1635 2192 1637 2192 1638 2192 1640 2192 1650 2181 1717 2180 1717 2152 1714 2123 1652 2110 1650 2110 1649 2110 1612 2122 1609 2123 1451 2123 1447 2120 1438 2114 1436 2114 1435 2114 1433 2114 1432 2114 1430 2114 1423 2120 1417 2123 1250 2123 1238 2117 1222 2111 1221 2111 1219 2111 1218 2111 1203 2117 1188 2125 1139 2125 1125 2117 1118 2111 1116 2111 1115 2111 1113 2111 1078 2116 1029 2123 993 2116 972 2111 838 2111 837 2111 835 2111 826 2114 789 2123 669 2113 670 2154"/></Shape>
	    <String CONTENT="tentur ad Deum, &amp; in eo ſpem vitæ æterng ha¬"
                    HPOS="669"
                    VPOS="2110"
                    WIDTH="1048"
                    HEIGHT="97"
                    WC="0.988065551627766"></String>
          </TextLine>

          
        </TextBlock>
        
        <TextBlock HPOS="1574.65625"
                   VPOS="2181.05615234375"
                   WIDTH="145.148193359375"
                   HEIGHT="53.320068359375"
                   ID="block_2"
                   TAGREFS="BT10534">
          <Shape><Polygon POINTS="1574.66 2181.06 1719.8 2181.06 1719.8 2234.38 1574.66 2234.38 1574.66 2181.06"/></Shape>
          
          
          <TextLine ID="eSc_line_29e5b915"
                    TAGREFS="LT4119"
                    BASELINE="1573 2215 1722 2215" 
                    HPOS="1573"
                    VPOS="2171"
                    WIDTH="149"
                    HEIGHT="86">
            <Shape><Polygon POINTS="1722 2184 1670 2175 1668 2175 1655 2178 1635 2181 1628 2175 1627 2174 1625 2174 1624 2174 1622 2174 1621 2174 1619 2174 1601 2181 1574 2171 1573 2215 1574 2257 1604 2248 1628 2253 1659 2257 1661 2257 1662 2257 1664 2257 1679 2247 1688 2242 1720 2242 1722 2215 1722 2184"/></Shape>
	    <String CONTENT="beant."
                    HPOS="1573"
                    VPOS="2171"
                    WIDTH="149"
                    HEIGHT="86"
                    WC="0.991545885801315"></String>
          </TextLine>

          
        </TextBlock>
        

        
      </PrintSpace>
    </Page>
  </Layout>
</alto>
