<?xml version="1.0" encoding="UTF-8"?>
<alto xmlns:xsi="http://www.w3.org/2001/XMLSchema-instance"
      xmlns="http://www.loc.gov/standards/alto/ns-v4#"
      xsi:schemaLocation="http://www.loc.gov/standards/alto/ns-v4# http://www.loc.gov/standards/alto/v4/alto-4-2.xsd">
  <Description>
    <MeasurementUnit>pixel</MeasurementUnit>
    <sourceImageInformation>
      <fileName>2012893.png</fileName>
      
    </sourceImageInformation>
  </Description>
  
  <Tags>
    <OtherTag ID="BT10544" LABEL="text" DESCRIPTION="block type text"/><OtherTag ID="BT10543" LABEL="NumberingZone" DESCRIPTION="block type NumberingZone"/><OtherTag ID="BT10542" LABEL="MainZone" DESCRIPTION="block type MainZone"/><OtherTag ID="BT10538" LABEL="RunningTitleZone" DESCRIPTION="block type RunningTitleZone"/><OtherTag ID="BT10537" LABEL="DropCapitalZone" DESCRIPTION="block type DropCapitalZone"/><OtherTag ID="BT10536" LABEL="GraphicZone" DESCRIPTION="block type GraphicZone"/><OtherTag ID="BT10535" LABEL="TitlePageZone" DESCRIPTION="block type TitlePageZone"/><OtherTag ID="BT10534" LABEL="QuireMarksZone" DESCRIPTION="block type QuireMarksZone"/><OtherTag ID="BT10533" LABEL="MarginTextZone" DESCRIPTION="block type MarginTextZone"/>
    <OtherTag ID="LT4122" LABEL="default" DESCRIPTION="line type default"/><OtherTag ID="LT4119" LABEL="DefaultLine" DESCRIPTION="line type DefaultLine"/><OtherTag ID="LT4118" LABEL="HeadingLine" DESCRIPTION="line type HeadingLine"/><OtherTag ID="LT4117" LABEL="CustomLine : BiblicalText" DESCRIPTION="line type CustomLine : BiblicalText"/>
  </Tags>
  
  <Layout>
    <Page WIDTH="1807"
          HEIGHT="2677"
          PHYSICAL_IMG_NR="9"
          ID="eSc_dummypage_">
      <PrintSpace HPOS="0"
                  VPOS="0"
                  WIDTH="1807"
                  HEIGHT="2677">
        
        <TextBlock HPOS="432.0577087402344"
                   VPOS="185.73538208007812"
                   WIDTH="386.0499572753906"
                   HEIGHT="52.078826904296875"
                   ID="block_0"
                   TAGREFS="BT10538">
          <Shape><Polygon POINTS="432.058 185.735 818.108 185.735 818.108 237.814 432.058 237.814 432.058 185.735"/></Shape>
          
          
          <TextLine ID="eSc_line_a2895b84"
                    TAGREFS="LT4118"
                    BASELINE="438 226 812 220" 
                    HPOS="437"
                    VPOS="184"
                    WIDTH="375"
                    HEIGHT="58">
            <Shape><Polygon POINTS="794 188 779 185 764 184 749 184 734 184 719 184 704 184 690 184 675 184 660 184 645 184 630 184 615 184 602 184 572 187 559 184 556 184 541 184 526 184 511 184 501 184 486 187 468 184 466 184 452 184 437 184 438 226 438 242 812 232 812 220 809 191"/></Shape>
	    <String CONTENT="EPISTOLA."
                    HPOS="437"
                    VPOS="184"
                    WIDTH="375"
                    HEIGHT="58"
                    WC="0.999688943227132"></String>
          </TextLine>

          
        </TextBlock>
        
        <TextBlock HPOS="114.02967071533203"
                   VPOS="243.01783752441406"
                   WIDTH="1059.880973815918"
                   HEIGHT="1919.974838256836"
                   ID="block_1"
                   TAGREFS="BT10542">
          <Shape><Polygon POINTS="114.03 243.018 1173.91 243.018 1173.91 2162.99 114.03 2162.99 114.03 243.018"/></Shape>
          
          
          <TextLine ID="eSc_line_c284c487"
                    TAGREFS="LT4119"
                    BASELINE="121 309 1158 295" 
                    HPOS="121"
                    VPOS="239"
                    WIDTH="1037"
                    HEIGHT="83">
            <Shape><Polygon POINTS="1131 252 1116 252 1102 251 1087 249 1072 249 1057 248 1042 248 1035 246 1033 249 1008 249 1002 245 997 245 983 243 975 243 950 248 935 240 923 240 919 239 843 251 792 242 791 242 789 242 765 252 691 245 690 245 688 245 658 254 646 243 645 243 643 243 594 243 593 243 514 255 514 257 413 257 411 257 382 248 380 248 379 248 336 258 334 258 333 258 313 248 312 248 236 248 234 248 133 260 121 272 121 309 121 322 1158 309 1158 295 1155 254 1146 254"/></Shape>
	    <String CONTENT="uo Teſtamento diſciplina hæc Eccleſiaſti"
                    HPOS="121"
                    VPOS="239"
                    WIDTH="1037"
                    HEIGHT="83"
                    WC="0.973399959504604"></String>
          </TextLine>

          
          
          <TextLine ID="eSc_line_28ff552e"
                    TAGREFS="LT4119"
                    BASELINE="118 374 1160 361" 
                    HPOS="117"
                    VPOS="309"
                    WIDTH="1043"
                    HEIGHT="83">
            <Shape><Polygon POINTS="118 374 118 389 462 392 464 392 465 392 492 385 496 385 504 385 557 391 559 391 771 382 813 380 832 380 926 386 928 386 929 386 954 379 959 379 968 379 1041 385 1042 385 1158 376 1160 361 1155 309 1072 310 1070 310 1069 310 1055 321 1029 316 1027 316 1026 316 1024 316 1012 325 994 312 993 312 991 312 941 312 939 312 938 312 936 312 933 315 925 319 875 316 837 313 835 313 834 313 826 318 806 328 765 319 746 315 745 315 743 315 742 315 737 319 725 330 693 330 649 322 617 316 615 316 614 316 596 324 575 331 533 325 484 318 483 318 481 318 447 327 426 334 117 336 118 374"/></Shape>
	    <String CONTENT="ca tam accuratè tradita, vt nihil iam addi"
                    HPOS="117"
                    VPOS="309"
                    WIDTH="1043"
                    HEIGHT="83"
                    WC="0.997120424758556"></String>
          </TextLine>

          
          
          <TextLine ID="eSc_line_ab305d67"
                    TAGREFS="LT4119"
                    BASELINE="121 446 1157 429" 
                    HPOS="120"
                    VPOS="377"
                    WIDTH="1037"
                    HEIGHT="91">
            <Shape><Polygon POINTS="121 446 121 468 310 456 349 462 365 465 367 465 382 462 413 455 461 459 486 462 487 462 489 462 490 462 493 459 501 453 719 453 1133 453 1134 453 1136 453 1157 441 1157 429 1154 385 1024 377 1023 377 1021 377 1020 377 1006 386 1000 391 907 391 901 389 874 379 873 379 871 379 817 391 806 394 730 394 725 392 710 385 709 385 707 385 706 385 676 394 667 395 661 394 639 383 638 383 636 383 560 392 519 385 517 385 516 385 495 397 490 398 477 397 406 386 404 386 403 386 365 398 361 400 353 400 319 394 318 394 316 394 315 394 307 400 304 403 255 403 252 401 218 389 217 389 215 389 120 403 121 446"/></Shape>
	    <String CONTENT="poſſit: aut ea authoritate conſtituta, vt ab"
                    HPOS="120"
                    VPOS="377"
                    WIDTH="1037"
                    HEIGHT="91"></String>
          </TextLine>

          
          
          <TextLine ID="eSc_line_f93eee24"
                    TAGREFS="LT4119"
                    BASELINE="120 511 1161 498" 
                    HPOS="118"
                    VPOS="449"
                    WIDTH="1043"
                    HEIGHT="83">
            <Shape><Polygon POINTS="120 511 120 529 272 524 301 527 336 532 337 532 339 532 349 527 356 523 440 524 566 529 568 529 569 529 584 523 591 520 618 522 685 527 687 527 688 527 716 520 724 519 739 520 801 526 803 526 838 519 844 517 868 517 1044 523 1045 523 1161 511 1161 498 1157 450 959 456 954 453 950 449 948 449 947 449 945 449 917 453 895 458 889 455 880 449 878 449 877 449 875 449 874 449 862 455 856 458 843 455 813 449 812 449 810 449 797 456 789 461 694 461 685 458 672 452 670 452 669 452 667 452 645 458 635 461 621 459 581 452 580 452 425 455 423 455 422 455 414 462 411 465 365 465 364 464 352 455 350 455 349 455 348 455 346 455 315 464 309 465 300 464 251 456 249 456 118 466 120 511"/></Shape>
	    <String CONTENT="ea ſine piaculo, diſcedi non debeat? Certè"
                    HPOS="118"
                    VPOS="449"
                    WIDTH="1043"
                    HEIGHT="83"
                    WC="0.969464749790901"></String>
          </TextLine>

          
          
          <TextLine ID="eSc_line_3fee5eab"
                    TAGREFS="LT4119"
                    BASELINE="123 577 1158 565" 
                    HPOS="121"
                    VPOS="514"
                    WIDTH="1037"
                    HEIGHT="91">
            <Shape><Polygon POINTS="123 577 123 594 174 605 175 605 251 593 260 593 269 593 359 603 361 603 362 603 364 603 382 591 383 591 392 591 475 602 477 602 605 594 638 600 639 600 641 600 657 593 690 597 691 597 693 597 694 597 704 588 706 588 713 588 850 596 852 596 853 596 875 587 875 585 969 585 971 585 986 596 987 596 989 596 990 597 1027 597 1027 596 1029 596 1055 584 1057 584 1058 584 1078 591 1079 591 1081 591 1157 582 1158 565 1155 527 1033 514 1032 514 1030 514 987 527 968 517 966 517 898 516 896 516 859 517 858 517 856 517 856 519 843 529 780 517 779 517 749 519 748 519 746 519 731 530 699 519 697 519 696 519 638 520 636 520 614 532 547 520 545 520 544 520 507 533 410 522 408 522 407 522 377 536 285 536 263 524 261 524 260 524 258 524 257 524 243 536 199 524 197 524 196 524 194 524 193 524 172 538 121 538 123 577"/></Shape>
	    <String CONTENT="vt huic quæſtioni ſatisfaciam, diſtinguen¬"
                    HPOS="121"
                    VPOS="514"
                    WIDTH="1037"
                    HEIGHT="91"
                    WC="0.982251547631763"></String>
          </TextLine>

          
          
          <TextLine ID="eSc_line_ac641f43"
                    TAGREFS="LT4119"
                    BASELINE="120 645 1160 632" 
                    HPOS="118"
                    VPOS="584"
                    WIDTH="1042"
                    HEIGHT="85">
            <Shape><Polygon POINTS="120 645 120 661 199 669 200 669 202 669 236 660 240 660 257 660 377 666 379 666 380 666 382 666 394 658 395 658 452 664 453 664 539 657 557 664 559 664 560 664 562 664 581 655 582 655 585 655 645 663 646 663 740 654 786 661 788 661 826 654 1125 657 1127 657 1128 657 1160 646 1160 632 1157 596 1054 584 1052 584 1051 584 1049 584 1049 585 1036 596 1003 587 1002 587 1000 587 945 597 938 597 928 597 834 587 832 587 831 587 801 597 797 597 681 591 679 591 678 591 661 599 654 602 646 599 624 590 623 590 621 590 581 599 562 605 447 605 437 600 422 593 420 593 397 593 395 593 394 593 392 593 392 594 385 600 379 605 359 600 325 594 273 594 272 594 270 594 269 594 261 602 255 606 242 602 237 600 236 600 234 600 220 602 181 608 172 602 165 596 163 596 162 596 160 596 118 602 120 645"/></Shape>
	    <String CONTENT="dum dico. Sunt enim plures iſtius Eccle¬"
                    HPOS="118"
                    VPOS="584"
                    WIDTH="1042"
                    HEIGHT="85"
                    WC="0.979797391593456"></String>
          </TextLine>

          
          
          <TextLine ID="eSc_line_d68a10bd"
                    TAGREFS="LT4119"
                    BASELINE="120 715 1164 703" 
                    HPOS="118"
                    VPOS="651"
                    WIDTH="1046"
                    HEIGHT="89">
            <Shape><Polygon POINTS="120 715 120 730 242 730 300 740 301 740 303 740 328 728 337 736 339 736 340 736 342 736 397 730 474 739 475 739 477 739 513 725 516 725 548 725 562 725 580 737 581 737 582 737 584 737 658 736 660 736 691 725 715 736 716 736 718 736 719 736 721 736 733 728 804 734 806 734 807 734 834 725 883 734 884 734 954 721 959 721 962 721 1030 733 1032 733 1163 718 1164 703 1163 663 1128 651 1127 651 1125 651 1124 651 1122 651 1107 663 1036 663 1024 663 984 651 983 651 902 651 901 651 899 651 861 664 859 666 736 666 733 666 700 657 699 657 697 657 696 657 672 666 672 667 548 667 547 667 535 657 533 657 532 657 530 657 446 664 380 657 379 657 319 669 309 670 297 669 239 660 203 660 202 660 200 660 199 660 187 670 182 670 138 660 136 660 135 660 118 667 120 715"/></Shape>
	    <String CONTENT="ſiaſtice diſciplinæ partes, quarũ alia gene"
                    HPOS="118"
                    VPOS="651"
                    WIDTH="1046"
                    HEIGHT="89"></String>
          </TextLine>

          
          
          <TextLine ID="eSc_line_97899f69"
                    TAGREFS="LT4119"
                    BASELINE="118 783 1164 770" 
                    HPOS="117"
                    VPOS="719"
                    WIDTH="1047"
                    HEIGHT="87">
            <Shape><Polygon POINTS="118 783 121 806 130 798 264 803 330 804 331 804 333 804 339 801 352 795 406 800 438 803 440 803 441 803 452 800 468 794 527 798 577 801 578 801 580 801 581 801 587 797 596 792 645 795 694 800 696 800 697 800 707 795 716 791 759 794 813 798 815 798 841 792 859 789 884 792 928 797 929 797 931 797 954 791 968 788 978 791 999 795 1000 795 1002 795 1163 786 1164 770 1161 731 1121 722 1119 722 1045 733 1036 733 1029 733 950 719 948 719 947 719 910 734 907 736 809 736 806 736 767 722 765 722 764 722 762 722 737 736 736 737 670 737 667 737 626 724 624 724 623 724 621 724 580 739 577 739 574 739 530 727 529 727 527 727 526 727 524 727 511 739 480 725 478 725 477 725 475 725 446 740 431 727 429 727 428 727 348 727 346 727 345 727 290 742 288 742 285 742 190 730 188 730 117 743 118 783"/></Shape>
	    <String CONTENT="ralẽ tantũ Eccleſiæ (quacũque orbis terra"
                    HPOS="117"
                    VPOS="719"
                    WIDTH="1047"
                    HEIGHT="87"
                    WC="0.978185527703979"></String>
          </TextLine>

          
          
          <TextLine ID="eSc_line_166e42e1"
                    TAGREFS="LT4119"
                    BASELINE="120 850 1161 838" 
                    HPOS="118"
                    VPOS="786"
                    WIDTH="1043"
                    HEIGHT="91">
            <Shape><Polygon POINTS="120 850 120 867 187 877 188 877 379 875 380 875 382 875 398 864 404 864 472 874 474 874 475 874 499 864 499 862 563 862 568 862 638 872 639 872 694 861 697 859 852 859 853 859 898 870 899 870 901 870 938 859 1082 859 1094 867 1096 867 1097 867 1099 867 1160 855 1161 838 1158 792 1103 786 1102 786 1100 786 1099 786 1090 792 1081 798 1069 794 1055 788 1054 788 1052 788 1051 788 1026 794 1003 800 987 795 974 791 972 791 971 791 911 797 886 798 868 797 792 789 791 789 789 789 764 800 752 803 737 800 697 791 696 791 694 791 693 791 679 801 675 804 648 804 635 801 574 792 572 792 571 792 569 792 553 803 550 806 508 806 486 804 379 794 377 794 376 794 348 807 346 809 242 809 239 809 165 797 163 797 162 797 118 810 120 850"/></Shape>
	    <String CONTENT="rũ parte eſſe poteſt) &amp; fundãdę &amp; retinẽ¬"
                    HPOS="118"
                    VPOS="786"
                    WIDTH="1043"
                    HEIGHT="91"></String>
          </TextLine>

          
          
          <TextLine ID="eSc_line_42f08d6f"
                    TAGREFS="LT4119"
                    BASELINE="121 919 1164 910" 
                    HPOS="120"
                    VPOS="858"
                    WIDTH="1044"
                    HEIGHT="81">
            <Shape><Polygon POINTS="121 919 121 932 285 939 287 939 429 932 475 931 1163 931 1164 910 1163 871 1131 858 1130 858 994 858 993 858 991 858 990 858 980 867 941 859 939 859 938 859 917 870 794 872 663 861 661 861 660 861 658 861 639 872 621 862 620 862 577 862 575 862 574 862 572 862 556 875 516 875 486 862 484 862 483 862 481 862 480 862 462 875 373 864 371 864 370 864 342 877 270 877 233 865 232 865 230 865 229 865 227 865 208 878 176 878 148 865 147 865 145 865 144 865 120 877 121 919"/></Shape>
	    <String CONTENT="de, &amp; regẽdæ modũ cõtinet, &amp; deſcribit,"
                    HPOS="120"
                    VPOS="858"
                    WIDTH="1044"
                    HEIGHT="81"
                    WC="0.995702925182524"></String>
          </TextLine>

          
          
          <TextLine ID="eSc_line_cba24b11"
                    TAGREFS="LT4119"
                    BASELINE="121 986 1163 972" 
                    HPOS="120"
                    VPOS="922"
                    WIDTH="1043"
                    HEIGHT="83">
            <Shape><Polygon POINTS="121 986 121 1005 1163 991 1163 972 1160 935 1087 935 1047 922 1045 922 1044 922 977 923 975 923 929 936 904 925 902 925 901 925 812 939 758 939 739 929 737 929 736 929 734 929 701 938 691 929 690 929 688 929 687 929 685 929 645 939 615 928 614 928 612 928 611 928 609 928 593 939 556 931 554 931 553 931 551 931 550 931 535 941 468 929 466 929 356 931 355 931 353 931 331 944 294 932 292 932 291 932 232 945 193 935 191 935 190 935 120 947 121 986"/></Shape>
	    <String CONTENT="veluti in Dei Eccleſia vocem Domini no¬"
                    HPOS="120"
                    VPOS="922"
                    WIDTH="1043"
                    HEIGHT="83"
                    WC="0.983965086631286"></String>
          </TextLine>

          
          
          <TextLine ID="eSc_line_cf9febed"
                    TAGREFS="LT4119"
                    BASELINE="120 1057 1165 1042" 
                    HPOS="118"
                    VPOS="987"
                    WIDTH="1047"
                    HEIGHT="89">
            <Shape><Polygon POINTS="120 1057 120 1076 642 1063 718 1064 835 1069 837 1069 838 1069 859 1063 868 1060 889 1061 945 1067 947 1067 948 1067 950 1067 962 1060 965 1058 984 1060 1051 1066 1052 1066 1164 1055 1165 1042 1163 999 1102 987 1100 987 1099 987 1097 987 1082 999 1082 1000 1055 1000 1047 1000 1012 994 1011 994 957 1000 945 1002 939 1000 899 990 898 990 896 990 895 990 893 990 893 991 881 1000 819 991 817 991 816 991 783 1002 721 996 719 996 718 996 716 996 706 1003 703 1006 638 1006 636 1005 606 994 605 994 603 994 602 994 600 994 584 1005 581 1008 520 1008 511 1006 466 996 465 996 464 996 425 1008 422 1008 417 1008 355 997 353 997 223 999 221 999 179 1009 130 1000 129 1000 127 1000 126 1000 118 1005 120 1057"/></Shape>
	    <String CONTENT="ſtri Ieſu Chriſti audiendã eſſe eámque ſo¬"
                    HPOS="118"
                    VPOS="987"
                    WIDTH="1047"
                    HEIGHT="89"></String>
          </TextLine>

          
          
          <TextLine ID="eSc_line_cb89065a"
                    TAGREFS="LT4119"
                    BASELINE="118 1122 1161 1110" 
                    HPOS="117"
                    VPOS="1058"
                    WIDTH="1044"
                    HEIGHT="87">
            <Shape><Polygon POINTS="118 1122 118 1145 1161 1127 1161 1110 1160 1070 1145 1063 1143 1063 1142 1063 1094 1070 1079 1058 1078 1058 1076 1058 1033 1058 1032 1058 1030 1058 1029 1058 1029 1060 1021 1066 896 1060 895 1060 893 1060 841 1073 840 1073 838 1073 771 1061 770 1061 713 1075 710 1075 704 1075 615 1067 614 1067 513 1076 499 1078 496 1078 471 1069 469 1069 468 1069 313 1079 301 1079 298 1079 261 1067 260 1067 258 1067 257 1067 255 1067 240 1079 223 1073 221 1073 220 1073 165 1081 160 1081 159 1081 135 1069 133 1069 132 1069 130 1069 129 1069 117 1076 118 1122"/></Shape>
	    <String CONTENT="lam: Sacramenta piis tantùm &amp; fidelibus"
                    HPOS="117"
                    VPOS="1058"
                    WIDTH="1044"
                    HEIGHT="87"
                    WC="0.990261678397655"></String>
          </TextLine>

          
          
          <TextLine ID="eSc_line_a2b7fb34"
                    TAGREFS="LT4119"
                    BASELINE="120 1189 1160 1179" 
                    HPOS="118"
                    VPOS="1128"
                    WIDTH="1042"
                    HEIGHT="91">
            <Shape><Polygon POINTS="120 1189 121 1219 162 1206 270 1212 272 1212 343 1204 362 1212 364 1212 365 1212 422 1203 477 1212 490 1213 492 1213 493 1213 499 1212 516 1203 761 1200 795 1204 847 1212 849 1212 1006 1210 1008 1210 1023 1203 1085 1209 1087 1209 1088 1209 1090 1209 1100 1198 1158 1195 1160 1179 1157 1133 1102 1128 1100 1128 1099 1128 1090 1133 1081 1139 1075 1133 1070 1130 1070 1128 1069 1128 1067 1128 1026 1128 1024 1128 1023 1128 1006 1134 991 1142 809 1142 791 1139 757 1131 755 1131 754 1131 752 1131 743 1139 739 1143 690 1143 687 1140 678 1133 676 1133 675 1133 609 1133 608 1133 606 1133 585 1142 582 1143 577 1142 533 1134 532 1134 458 1145 450 1145 441 1145 306 1136 304 1136 303 1136 264 1148 263 1148 234 1137 233 1137 147 1137 145 1137 144 1137 118 1148 120 1189"/></Shape>
	    <String CONTENT="dãda eſſe &amp; cæt. huiuſmodi, quę generali¬"
                    HPOS="118"
                    VPOS="1128"
                    WIDTH="1042"
                    HEIGHT="91"></String>
          </TextLine>

          
          
          <TextLine ID="eSc_line_4f6a9b7b"
                    TAGREFS="LT4119"
                    BASELINE="120 1259 1163 1249" 
                    HPOS="118"
                    VPOS="1197"
                    WIDTH="1045"
                    HEIGHT="86">
            <Shape><Polygon POINTS="120 1259 120 1279 206 1274 232 1277 267 1283 269 1283 322 1277 353 1273 364 1276 380 1281 382 1281 383 1281 385 1281 386 1281 392 1276 397 1273 416 1276 447 1279 449 1279 471 1274 486 1271 490 1274 496 1280 498 1280 499 1280 501 1281 548 1281 548 1280 694 1271 746 1268 773 1270 861 1277 862 1277 1000 1267 1026 1265 1029 1267 1047 1274 1048 1274 1049 1274 1088 1265 1090 1265 1091 1265 1119 1274 1121 1274 1122 1274 1124 1274 1163 1264 1163 1249 1158 1201 1112 1206 1081 1201 1047 1197 1045 1197 1044 1197 1030 1203 1009 1210 987 1203 983 1201 981 1201 980 1201 978 1201 977 1201 975 1203 960 1212 810 1212 794 1204 783 1200 782 1200 780 1200 779 1200 761 1206 740 1212 728 1206 716 1200 715 1200 713 1200 684 1206 657 1212 639 1207 623 1201 621 1201 620 1201 618 1201 594 1207 563 1215 524 1207 493 1203 435 1203 434 1203 432 1203 431 1203 423 1209 411 1218 304 1218 292 1210 284 1204 282 1204 281 1204 279 1204 203 1207 202 1207 190 1212 172 1218 118 1213 120 1259"/></Shape>
	    <String CONTENT="ter ſunt conſeruandæ Eccleſiæ præcepta."
                    HPOS="118"
                    VPOS="1197"
                    WIDTH="1045"
                    HEIGHT="86"
                    WC="0.96812073695354"></String>
          </TextLine>

          
          
          <TextLine ID="eSc_line_a1b7eb94"
                    TAGREFS="LT4119"
                    BASELINE="121 1328 1168 1317" 
                    HPOS="120"
                    VPOS="1267"
                    WIDTH="1048"
                    HEIGHT="86">
            <Shape><Polygon POINTS="121 1328 121 1342 142 1353 144 1353 145 1353 147 1353 166 1342 190 1350 191 1350 193 1350 270 1341 295 1351 297 1351 298 1353 420 1353 420 1351 422 1351 449 1339 544 1350 545 1350 547 1350 548 1350 548 1348 559 1339 587 1348 588 1348 590 1348 591 1348 615 1338 617 1337 734 1337 737 1337 761 1347 762 1347 764 1347 813 1339 837 1347 838 1347 840 1347 923 1337 925 1337 1017 1345 1018 1345 1168 1334 1168 1317 1167 1276 1151 1267 1149 1267 1148 1267 1069 1274 1021 1267 1020 1267 1018 1267 987 1276 898 1268 896 1268 895 1268 867 1277 782 1270 780 1270 716 1280 615 1280 597 1271 596 1271 594 1271 593 1271 563 1280 456 1273 455 1273 453 1273 419 1281 398 1274 397 1274 395 1274 257 1283 148 1276 147 1276 145 1276 120 1284 121 1328"/></Shape>
	    <String CONTENT="Alia magis particulares illius adminiſtran"
                    HPOS="120"
                    VPOS="1267"
                    WIDTH="1048"
                    HEIGHT="86"
                    WC="0.970101749613172"></String>
          </TextLine>

          
          
          <TextLine ID="eSc_line_451a19e9"
                    TAGREFS="LT4119"
                    BASELINE="123 1396 1161 1384" 
                    HPOS="121"
                    VPOS="1334"
                    WIDTH="1040"
                    HEIGHT="86">
            <Shape><Polygon POINTS="123 1396 123 1411 236 1420 237 1420 285 1409 288 1409 291 1409 315 1415 316 1415 318 1415 474 1408 478 1408 508 1418 510 1418 511 1418 565 1408 684 1415 685 1415 687 1415 688 1415 700 1408 803 1414 804 1414 850 1406 877 1414 878 1414 880 1414 931 1402 933 1402 938 1402 1029 1412 1030 1412 1128 1411 1130 1411 1161 1399 1161 1384 1160 1344 1127 1334 1125 1334 1082 1334 1081 1334 1079 1334 1078 1334 1067 1344 969 1344 928 1335 926 1335 638 1348 444 1341 443 1341 441 1341 440 1341 428 1351 327 1351 315 1342 313 1342 312 1342 264 1342 263 1342 209 1353 147 1344 145 1344 144 1344 121 1353 123 1396"/></Shape>
	    <String CONTENT="dæ normas &amp; præcepta tradit &amp; perſe¬"
                    HPOS="121"
                    VPOS="1334"
                    WIDTH="1040"
                    HEIGHT="86"></String>
          </TextLine>

          
          
          <TextLine ID="eSc_line_b658b1ae"
                    TAGREFS="LT4119"
                    BASELINE="123 1461 1164 1454" 
                    HPOS="121"
                    VPOS="1400"
                    WIDTH="1043"
                    HEIGHT="85">
            <Shape><Polygon POINTS="123 1461 123 1479 517 1485 519 1485 520 1485 544 1478 687 1484 688 1484 795 1475 809 1475 822 1475 941 1482 942 1482 944 1482 962 1473 963 1473 968 1473 1003 1481 1005 1481 1163 1472 1164 1454 1161 1412 1054 1400 1052 1400 1051 1400 1018 1411 960 1403 959 1403 957 1403 956 1403 945 1412 817 1402 816 1402 815 1402 813 1402 800 1412 690 1403 688 1403 687 1403 685 1403 670 1414 660 1405 658 1405 657 1405 608 1403 606 1403 605 1403 572 1414 545 1403 544 1403 542 1403 541 1403 539 1403 522 1415 520 1415 511 1415 336 1405 334 1405 333 1405 307 1417 306 1417 298 1417 212 1408 211 1408 209 1408 188 1417 188 1418 121 1418 123 1461"/></Shape>
	    <String CONTENT="quitur. Hæc verò poſterior diſciplinæ Ec¬"
                    HPOS="121"
                    VPOS="1400"
                    WIDTH="1043"
                    HEIGHT="85"
                    WC="0.955144852399826"></String>
          </TextLine>

          
          
          <TextLine ID="eSc_line_565ef43f"
                    TAGREFS="LT4119"
                    BASELINE="120 1531 1164 1519" 
                    HPOS="118"
                    VPOS="1469"
                    WIDTH="1046"
                    HEIGHT="88">
            <Shape><Polygon POINTS="120 1531 120 1548 301 1548 303 1548 352 1557 353 1557 355 1557 356 1557 365 1549 450 1555 452 1555 453 1555 469 1548 486 1555 487 1555 489 1555 614 1545 641 1543 646 1545 667 1552 669 1552 670 1552 731 1545 742 1543 745 1545 767 1552 768 1552 770 1552 847 1543 864 1542 867 1543 883 1551 884 1551 886 1551 1164 1540 1164 1519 1163 1481 1134 1469 1133 1469 1131 1469 1054 1476 1032 1469 1030 1469 1029 1469 932 1479 914 1473 913 1473 911 1473 910 1473 881 1484 880 1484 875 1484 809 1473 807 1473 806 1473 804 1473 791 1485 788 1485 746 1485 745 1485 725 1476 724 1476 722 1476 588 1487 582 1487 581 1487 544 1475 542 1475 541 1475 539 1475 505 1488 502 1488 489 1488 389 1482 388 1482 346 1490 343 1490 327 1478 325 1478 324 1478 272 1478 270 1478 269 1478 267 1478 267 1479 255 1488 242 1479 240 1479 239 1479 165 1479 163 1479 162 1479 118 1490 120 1531"/></Shape>
	    <String CONTENT="cleſiaſticæ pars hæc 4. capita cõ plecti vi¬"
                    HPOS="118"
                    VPOS="1469"
                    WIDTH="1046"
                    HEIGHT="88"></String>
          </TextLine>

          
          
          <TextLine ID="eSc_line_ec865e2c"
                    TAGREFS="LT4119"
                    BASELINE="120 1600 1163 1589" 
                    HPOS="118"
                    VPOS="1539"
                    WIDTH="1045"
                    HEIGHT="85">
            <Shape><Polygon POINTS="120 1600 120 1616 221 1616 230 1624 232 1624 233 1624 234 1624 236 1624 261 1615 270 1613 290 1615 342 1622 343 1624 414 1624 414 1622 416 1622 437 1615 449 1612 464 1615 478 1619 480 1619 481 1619 505 1615 529 1612 648 1612 657 1615 664 1619 666 1619 667 1621 667 1619 669 1619 676 1615 684 1612 697 1615 710 1619 712 1619 713 1619 715 1619 716 1619 721 1615 731 1610 812 1615 852 1618 853 1618 865 1615 901 1607 928 1615 931 1616 932 1616 933 1616 950 1615 1030 1609 1160 1615 1163 1589 1160 1552 1097 1539 1096 1539 1094 1539 1064 1549 1012 1539 1011 1539 962 1540 960 1540 932 1552 725 1542 724 1542 722 1542 721 1542 701 1555 697 1555 611 1543 609 1543 608 1543 584 1555 548 1545 547 1545 478 1545 477 1545 475 1545 474 1545 459 1557 458 1558 407 1558 403 1557 365 1546 364 1546 362 1546 361 1546 325 1558 322 1560 236 1560 232 1558 208 1549 206 1549 205 1549 203 1549 202 1549 191 1558 145 1548 144 1548 142 1548 118 1557 120 1600"/></Shape>
	    <String CONTENT="detur: nẽpe. I. Perſonarũ, quæ ad Eccle¬"
                    HPOS="118"
                    VPOS="1539"
                    WIDTH="1045"
                    HEIGHT="85"
                    WC="0.986269357658568"></String>
          </TextLine>

          
          
          <TextLine ID="eSc_line_259a1b9d"
                    TAGREFS="LT4119"
                    BASELINE="120 1667 1167 1661" 
                    HPOS="118"
                    VPOS="1612"
                    WIDTH="1049"
                    HEIGHT="71">
            <Shape><Polygon POINTS="120 1667 120 1683 1165 1683 1167 1661 1164 1622 1073 1622 1063 1612 1061 1612 1060 1612 1058 1612 1057 1612 1020 1621 960 1612 959 1612 889 1622 606 1615 605 1615 603 1615 602 1615 588 1624 571 1615 569 1615 568 1615 566 1615 541 1624 446 1624 407 1615 406 1615 404 1615 403 1615 401 1615 391 1624 282 1625 245 1616 243 1616 141 1616 139 1616 138 1616 118 1625 120 1667"/></Shape>
	    <String CONTENT="ſiaſticum ali quod munus vocandæ ſunt,"
                    HPOS="118"
                    VPOS="1612"
                    WIDTH="1049"
                    HEIGHT="71"
                    WC="0.994802481249759"></String>
          </TextLine>

          
          
          <TextLine ID="eSc_line_4b9241cf"
                    TAGREFS="LT4119"
                    BASELINE="118 1737 1168 1726" 
                    HPOS="117"
                    VPOS="1674"
                    WIDTH="1051"
                    HEIGHT="86">
            <Shape><Polygon POINTS="118 1737 118 1753 240 1760 242 1760 324 1753 336 1753 339 1753 356 1760 358 1760 359 1760 361 1760 386 1753 389 1753 392 1753 414 1760 416 1760 417 1760 419 1760 443 1753 449 1751 453 1753 465 1759 466 1759 468 1760 559 1760 559 1759 560 1759 581 1753 593 1750 635 1753 694 1757 696 1757 697 1757 709 1753 721 1748 755 1753 782 1756 783 1756 931 1754 932 1754 933 1754 935 1753 941 1748 945 1753 947 1754 948 1754 950 1754 951 1756 1017 1756 1017 1754 1018 1754 1023 1753 1038 1745 1167 1751 1168 1726 1164 1686 1100 1686 1099 1686 1087 1676 1087 1674 1085 1674 1084 1674 1039 1674 1038 1674 1036 1674 1035 1674 1015 1686 1012 1687 1008 1686 978 1676 977 1676 975 1676 880 1683 868 1676 867 1676 865 1676 864 1676 825 1677 823 1677 822 1677 809 1687 806 1690 751 1690 746 1687 718 1677 716 1677 715 1677 661 1687 646 1692 550 1692 542 1689 524 1680 523 1680 522 1680 449 1689 413 1695 291 1695 279 1690 257 1683 255 1683 215 1683 214 1683 212 1683 211 1683 211 1685 203 1690 200 1693 196 1690 179 1683 178 1683 176 1683 117 1690 118 1737"/></Shape>
	    <String CONTENT="electionem, 2. Muneris &amp; officii Perſona¬"
                    HPOS="117"
                    VPOS="1674"
                    WIDTH="1051"
                    HEIGHT="86"
                    WC="0.991872008253888"></String>
          </TextLine>

          
          
          <TextLine ID="eSc_line_ed6462ab"
                    TAGREFS="LT4119"
                    BASELINE="121 1804 1170 1795" 
                    HPOS="120"
                    VPOS="1745"
                    WIDTH="1050"
                    HEIGHT="79">
            <Shape><Polygon POINTS="121 1804 121 1820 605 1824 606 1824 649 1815 655 1815 658 1815 675 1823 676 1823 678 1824 807 1824 807 1823 809 1823 826 1814 829 1814 975 1814 991 1821 993 1821 994 1821 1168 1811 1170 1795 1167 1757 1054 1745 1052 1745 1051 1745 1049 1745 1049 1747 1038 1756 987 1748 986 1748 984 1748 983 1748 974 1757 895 1757 861 1747 859 1747 858 1747 806 1757 794 1759 782 1757 727 1748 725 1748 627 1750 626 1750 624 1750 615 1757 611 1762 484 1762 478 1757 469 1751 468 1751 466 1751 395 1751 394 1751 392 1751 391 1751 383 1757 376 1762 120 1759 121 1804"/></Shape>
	    <String CONTENT="rum iam electarum deſcriptionem:3. Cen"
                    HPOS="120"
                    VPOS="1745"
                    WIDTH="1050"
                    HEIGHT="79"
                    WC="0.979141422008213"></String>
          </TextLine>

          
          
          <TextLine ID="eSc_line_d61f19a1"
                    TAGREFS="LT4119"
                    BASELINE="120 1873 1170 1864" 
                    HPOS="118"
                    VPOS="1815"
                    WIDTH="1052"
                    HEIGHT="82">
            <Shape><Polygon POINTS="120 1873 120 1888 270 1897 272 1897 273 1897 275 1897 285 1890 287 1888 291 1890 312 1894 313 1894 315 1894 352 1890 373 1887 403 1890 468 1896 469 1896 502 1890 524 1885 563 1890 606 1894 608 1894 609 1894 620 1890 629 1885 789 1890 856 1891 858 1891 859 1891 862 1890 875 1882 883 1890 884 1891 886 1891 887 1891 889 1893 971 1893 971 1891 989 1890 1081 1881 1090 1888 1091 1888 1093 1888 1094 1888 1139 1882 1165 1890 1170 1864 1168 1830 1125 1815 1124 1815 1122 1815 1121 1815 1094 1826 1042 1815 1041 1815 1039 1815 986 1829 984 1829 936 1818 935 1818 881 1827 870 1818 868 1818 867 1818 865 1818 751 1826 676 1818 675 1818 624 1829 597 1833 582 1827 575 1826 574 1826 572 1826 571 1826 563 1827 547 1835 334 1835 322 1827 316 1823 315 1823 313 1823 312 1823 310 1823 301 1827 284 1838 224 1838 197 1827 185 1823 184 1823 182 1823 118 1826 120 1873"/></Shape>
	    <String CONTENT="ſuræ, morũque correctionis, quę tum in"
                    HPOS="118"
                    VPOS="1815"
                    WIDTH="1052"
                    HEIGHT="82"></String>
          </TextLine>

          
          
          <TextLine ID="eSc_line_3130896f"
                    TAGREFS="LT4119"
                    BASELINE="120 1939 1171 1930" 
                    HPOS="118"
                    VPOS="1882"
                    WIDTH="1053"
                    HEIGHT="84">
            <Shape><Polygon POINTS="120 1939 120 1957 136 1966 138 1966 139 1966 141 1966 156 1958 254 1966 255 1966 291 1958 431 1964 432 1964 536 1955 608 1963 609 1963 673 1954 675 1954 676 1954 761 1961 762 1961 764 1961 783 1954 817 1961 819 1961 820 1961 849 1954 935 1960 936 1960 938 1960 939 1960 951 1952 971 1958 972 1958 974 1958 1171 1949 1171 1930 1165 1884 1128 1894 1097 1885 1090 1882 1088 1882 1055 1882 1054 1882 1052 1882 1047 1885 1030 1894 999 1887 986 1884 984 1884 983 1884 974 1887 948 1896 933 1888 929 1885 928 1885 926 1885 911 1888 875 1896 867 1888 862 1885 862 1884 861 1884 859 1884 820 1884 819 1884 785 1890 749 1897 733 1891 725 1888 724 1888 722 1888 721 1888 719 1888 715 1891 703 1899 459 1902 401 1902 395 1897 380 1888 379 1888 377 1888 376 1888 331 1899 327 1899 321 1899 236 1890 234 1890 233 1890 232 1890 215 1900 214 1902 211 1900 181 1890 179 1890 178 1890 176 1890 175 1890 160 1902 159 1903 118 1903 120 1939"/></Shape>
	    <String CONTENT="conſiſtorio tum extra conſiſtorium fieri"
                    HPOS="118"
                    VPOS="1882"
                    WIDTH="1053"
                    HEIGHT="84"
                    WC="0.973348039388657"></String>
          </TextLine>

          
          
          <TextLine ID="eSc_line_6bef8e68"
                    TAGREFS="LT4119"
                    BASELINE="120 2010 1164 1998" 
                    HPOS="118"
                    VPOS="1948"
                    WIDTH="1046"
                    HEIGHT="92">
            <Shape><Polygon POINTS="120 2010 120 2030 246 2040 248 2040 249 2040 292 2030 368 2036 370 2036 371 2036 373 2036 385 2028 388 2027 407 2028 510 2037 511 2037 621 2028 669 2034 670 2034 709 2025 719 2022 792 2022 803 2025 829 2033 831 2033 832 2033 881 2024 902 2021 993 2021 1000 2022 1023 2031 1024 2031 1026 2031 1027 2031 1029 2031 1029 2030 1038 2022 1041 2019 1047 2022 1060 2030 1061 2030 1063 2030 1064 2030 1088 2022 1094 2021 1163 2021 1164 1998 1160 1955 1119 1960 1097 1955 1064 1948 1063 1948 1027 1955 1003 1961 990 1957 972 1949 971 1949 969 1949 931 1957 899 1964 713 1964 706 1960 699 1952 697 1952 696 1952 641 1952 639 1952 638 1952 636 1952 626 1960 618 1966 594 1960 565 1954 563 1954 562 1954 535 1961 508 1969 471 1969 459 1961 446 1955 444 1955 443 1955 441 1955 423 1961 416 1964 404 1963 389 1960 388 1960 386 1960 385 1960 385 1961 383 1963 376 1969 348 1963 316 1957 272 1957 270 1957 269 1957 267 1957 267 1958 260 1964 255 1967 236 1964 203 1958 202 1958 118 1964 120 2010"/></Shape>
	    <String CONTENT="&amp; applicari ſingulis debet, rationẽ. 4. Eo¬"
                    HPOS="118"
                    VPOS="1948"
                    WIDTH="1046"
                    HEIGHT="92"
                    WC="0.986148983240128"></String>
          </TextLine>

          
          
          <TextLine ID="eSc_line_d3fe89bf"
                    TAGREFS="LT4119"
                    BASELINE="118 2076 1163 2070" 
                    HPOS="117"
                    VPOS="2018"
                    WIDTH="1046"
                    HEIGHT="84">
            <Shape><Polygon POINTS="118 2076 118 2096 205 2092 249 2098 290 2102 291 2102 292 2102 303 2098 315 2092 339 2098 362 2102 364 2102 365 2102 379 2098 386 2095 471 2098 569 2101 571 2101 572 2101 584 2098 612 2091 727 2096 728 2096 730 2096 751 2089 771 2096 773 2096 774 2096 935 2088 953 2098 954 2098 956 2098 957 2099 1161 2099 1163 2070 1160 2030 1018 2018 1017 2018 960 2028 939 2018 938 2018 898 2018 896 2018 895 2018 867 2031 865 2031 852 2031 676 2019 675 2019 673 2019 641 2028 621 2021 620 2021 618 2021 617 2021 615 2021 602 2033 600 2033 597 2033 529 2022 527 2022 526 2022 524 2022 524 2024 513 2033 513 2034 456 2034 456 2033 441 2021 440 2021 438 2021 404 2021 403 2021 401 2021 376 2034 374 2036 350 2036 349 2034 337 2024 337 2022 336 2022 334 2022 333 2022 331 2022 330 2022 312 2034 310 2036 211 2036 211 2034 147 2022 145 2022 144 2022 117 2033 118 2076"/></Shape>
	    <String CONTENT="rum qui cẽſura Eccleſiaſtica affecti ſunt,"
                    HPOS="117"
                    VPOS="2018"
                    WIDTH="1046"
                    HEIGHT="84"
                    WC="0.981243773948315"></String>
          </TextLine>

          
          
          <TextLine ID="eSc_line_35bc07c9"
                    TAGREFS="LT4119"
                    BASELINE="120 2147 1157 2137" 
                    HPOS="118"
                    VPOS="2089"
                    WIDTH="1039"
                    HEIGHT="94">
            <Shape><Polygon POINTS="120 2147 120 2181 269 2168 386 2168 398 2177 403 2181 404 2181 406 2181 407 2183 429 2183 429 2181 431 2181 441 2177 455 2168 501 2166 562 2174 620 2180 621 2180 623 2180 639 2171 654 2163 710 2163 722 2169 740 2178 742 2178 743 2178 878 2177 880 2177 881 2177 896 2165 898 2165 899 2165 922 2175 923 2175 925 2177 1088 2177 1088 2175 1090 2175 1121 2160 1122 2160 1155 2160 1157 2137 1152 2094 969 2099 960 2095 945 2089 944 2089 942 2089 823 2098 776 2101 759 2099 712 2091 710 2091 709 2091 690 2099 687 2101 684 2099 660 2092 658 2092 657 2092 594 2101 584 2102 582 2101 569 2094 568 2094 566 2094 565 2094 563 2094 544 2102 539 2104 533 2102 505 2094 504 2094 502 2094 501 2094 469 2104 466 2104 464 2104 438 2094 437 2094 435 2094 434 2094 411 2104 408 2105 400 2104 343 2095 342 2095 340 2095 315 2105 288 2095 287 2095 285 2095 284 2095 282 2095 264 2107 263 2107 261 2107 226 2096 224 2096 223 2096 160 2105 136 2096 135 2096 133 2096 132 2096 130 2096 118 2104 120 2147"/></Shape>
	    <String CONTENT="&amp; Eccleſiæ iudicio abſtenti, vel excom¬"
                    HPOS="118"
                    VPOS="2089"
                    WIDTH="1039"
                    HEIGHT="94"
                    WC="0.98646815159382"></String>
          </TextLine>

          
        </TextBlock>
        

        
      </PrintSpace>
    </Page>
  </Layout>
</alto>
