<?xml version="1.0" encoding="UTF-8"?>
<alto xmlns:xsi="http://www.w3.org/2001/XMLSchema-instance"
      xmlns="http://www.loc.gov/standards/alto/ns-v4#"
      xsi:schemaLocation="http://www.loc.gov/standards/alto/ns-v4# http://www.loc.gov/standards/alto/v4/alto-4-2.xsd">
  <Description>
    <MeasurementUnit>pixel</MeasurementUnit>
    <sourceImageInformation>
      <fileName>2012892.png</fileName>
      
    </sourceImageInformation>
  </Description>
  
  <Tags>
    <OtherTag ID="BT10544" LABEL="text" DESCRIPTION="block type text"/><OtherTag ID="BT10543" LABEL="NumberingZone" DESCRIPTION="block type NumberingZone"/><OtherTag ID="BT10542" LABEL="MainZone" DESCRIPTION="block type MainZone"/><OtherTag ID="BT10538" LABEL="RunningTitleZone" DESCRIPTION="block type RunningTitleZone"/><OtherTag ID="BT10537" LABEL="DropCapitalZone" DESCRIPTION="block type DropCapitalZone"/><OtherTag ID="BT10536" LABEL="GraphicZone" DESCRIPTION="block type GraphicZone"/><OtherTag ID="BT10535" LABEL="TitlePageZone" DESCRIPTION="block type TitlePageZone"/><OtherTag ID="BT10534" LABEL="QuireMarksZone" DESCRIPTION="block type QuireMarksZone"/><OtherTag ID="BT10533" LABEL="MarginTextZone" DESCRIPTION="block type MarginTextZone"/>
    <OtherTag ID="LT4122" LABEL="default" DESCRIPTION="line type default"/><OtherTag ID="LT4119" LABEL="DefaultLine" DESCRIPTION="line type DefaultLine"/><OtherTag ID="LT4118" LABEL="HeadingLine" DESCRIPTION="line type HeadingLine"/><OtherTag ID="LT4117" LABEL="CustomLine : BiblicalText" DESCRIPTION="line type CustomLine : BiblicalText"/>
  </Tags>
  
  <Layout>
    <Page WIDTH="1807"
          HEIGHT="2677"
          PHYSICAL_IMG_NR="8"
          ID="eSc_dummypage_">
      <PrintSpace HPOS="0"
                  VPOS="0"
                  WIDTH="1807"
                  HEIGHT="2677">
        
        <TextBlock HPOS="934.926025390625"
                   VPOS="154.14166259765625"
                   WIDTH="424.43408203125"
                   HEIGHT="61.624664306640625"
                   ID="block_0"
                   TAGREFS="BT10538">
          <Shape><Polygon POINTS="934.926 154.142 1359.36 154.142 1359.36 215.766 934.926 215.766 934.926 154.142"/></Shape>
          
          
          <TextLine ID="eSc_line_0e353a89"
                    TAGREFS="LT4118"
                    BASELINE="948 197 1345 191" 
                    HPOS="947"
                    VPOS="154"
                    WIDTH="398"
                    HEIGHT="63">
            <Shape><Polygon POINTS="1319 156 1304 154 1289 154 1274 154 1259 154 1244 154 1229 154 1215 154 1200 154 1185 154 1170 154 1155 154 1140 154 1125 154 1110 154 1096 154 1081 154 1066 154 1051 154 1036 154 1021 154 1006 154 991 154 977 154 962 154 947 157 948 197 948 217 1345 211 1345 191 1342 160 1334 159"/></Shape>
	    <String CONTENT="EPISTOLA."
                    HPOS="947"
                    VPOS="154"
                    WIDTH="398"
                    HEIGHT="63"
                    WC="0.999948428736793"></String>
          </TextLine>

          
        </TextBlock>
        
        <TextBlock HPOS="602.9718627929688"
                   VPOS="220.78187561035156"
                   WIDTH="1059.5194702148438"
                   HEIGHT="1920.0696868896484"
                   ID="block_1"
                   TAGREFS="BT10542">
          <Shape><Polygon POINTS="602.972 220.782 1662.49 220.782 1662.49 2140.85 602.972 2140.85 602.972 220.782"/></Shape>
          
          
          <TextLine ID="eSc_line_bbda91f8"
                    TAGREFS="LT4119"
                    BASELINE="623 273 1652 270" 
                    HPOS="621"
                    VPOS="218"
                    WIDTH="1031"
                    HEIGHT="80">
            <Shape><Polygon POINTS="1632 234 1622 232 1558 232 1558 230 1545 220 1543 220 1528 220 1514 220 1509 220 1497 230 1496 232 1374 232 1369 229 1340 218 1338 218 1258 218 1256 218 1255 218 1225 229 1218 232 1078 232 1066 227 1038 220 1036 220 1035 220 1000 227 980 233 914 233 898 227 878 220 877 220 875 220 825 226 780 232 725 232 718 226 712 220 710 220 709 220 707 220 621 224 621 226 623 273 623 298 734 290 749 297 751 297 752 297 877 290 898 295 907 298 908 298 910 298 969 295 1061 290 1084 294 1107 298 1109 298 1110 298 1130 294 1149 288 1163 292 1173 297 1174 297 1176 297 1218 292 1253 288 1270 291 1292 297 1293 297 1295 297 1341 291 1363 288 1372 291 1393 297 1395 297 1396 297 1460 290 1476 288 1494 290 1591 297 1592 297 1650 287 1652 270 1649 239 1647 239"/></Shape>
	    <String CONTENT="ctè conſtituendam regendámque ſuam"
                    HPOS="621"
                    VPOS="218"
                    WIDTH="1031"
                    HEIGHT="80"></String>
          </TextLine>

          
          
          <TextLine ID="eSc_line_fc16b2e5"
                    TAGREFS="LT4119"
                    BASELINE="618 346 1661 340" 
                    HPOS="617"
                    VPOS="285"
                    WIDTH="1044"
                    HEIGHT="85">
            <Shape><Polygon POINTS="618 346 618 362 789 370 791 370 792 370 794 370 801 364 806 361 820 364 859 370 861 370 890 364 911 358 1179 356 1215 364 1231 367 1232 368 1365 368 1365 367 1366 367 1374 364 1400 355 1469 364 1481 365 1482 365 1484 365 1487 364 1512 355 1527 364 1527 365 1528 365 1530 365 1531 365 1661 364 1661 340 1656 297 1616 298 1613 295 1606 290 1604 290 1603 290 1601 290 1555 295 1531 298 1521 295 1491 285 1490 285 1429 285 1427 285 1426 285 1400 295 1387 300 1350 294 1298 287 1296 287 1295 287 1293 287 1284 294 1277 300 1203 294 1167 291 1165 291 1164 291 1158 294 1146 300 1136 294 1128 288 1127 288 1125 288 1124 288 1122 288 1106 292 1093 297 1067 292 1036 288 1035 288 1033 288 1032 288 1026 292 1015 301 975 292 954 288 953 288 951 288 950 288 944 292 935 298 862 303 850 294 850 292 849 292 847 292 838 291 727 290 725 290 724 290 718 291 678 303 660 291 660 290 658 290 657 290 655 290 617 290 618 346"/></Shape>
	    <String CONTENT="Eccleſiam neceſſariam, quàm ſub veteri"
                    HPOS="617"
                    VPOS="285"
                    WIDTH="1044"
                    HEIGHT="85"
                    WC="0.99461449109591"></String>
          </TextLine>

          
          
          <TextLine ID="eSc_line_509427ae"
                    TAGREFS="LT4119"
                    BASELINE="620 411 1653 407" 
                    HPOS="618"
                    VPOS="355"
                    WIDTH="1035"
                    HEIGHT="71">
            <Shape><Polygon POINTS="620 411 620 425 1650 426 1653 407 1652 367 1609 355 1607 355 1606 355 1551 367 1503 367 1484 356 1482 356 1481 356 1479 356 1450 367 1268 367 1209 355 1207 355 1206 355 1174 367 1146 355 1145 355 1143 355 1142 355 1140 355 1140 356 1128 367 1055 367 1027 355 1026 355 963 355 962 355 878 367 841 356 840 356 838 356 779 365 745 356 743 356 742 356 669 364 658 356 657 356 655 356 654 356 652 356 618 370 620 411"/></Shape>
	    <String CONTENT="deſcripſerat. Id quod cùm ex variis aliis"
                    HPOS="618"
                    VPOS="355"
                    WIDTH="1035"
                    HEIGHT="71"
                    WC="0.976825848931358"></String>
          </TextLine>

          
          
          <TextLine ID="eSc_line_84609eac"
                    TAGREFS="LT4119"
                    BASELINE="621 481 1650 475" 
                    HPOS="620"
                    VPOS="422"
                    WIDTH="1030"
                    HEIGHT="83">
            <Shape><Polygon POINTS="621 481 621 504 663 496 791 496 800 502 804 505 806 505 807 505 809 505 834 502 868 496 883 501 892 504 893 504 895 504 896 504 908 501 929 495 936 501 941 504 942 504 944 504 945 504 947 504 962 499 984 495 1017 499 1052 504 1054 504 1128 498 1152 496 1176 498 1298 504 1299 504 1301 504 1320 495 1322 495 1332 495 1412 501 1414 501 1415 501 1433 493 1435 493 1447 502 1448 502 1450 502 1451 504 1604 504 1604 502 1606 502 1650 490 1650 475 1647 425 1622 422 1621 422 1619 422 1618 422 1618 423 1615 425 1604 434 1505 434 1488 426 1473 422 1472 422 1470 422 1469 422 1467 422 1461 428 1451 435 1188 435 1183 432 1174 425 1174 423 1173 423 1171 423 1170 423 1168 423 1133 432 1131 432 1130 432 1072 425 1070 425 1069 425 1032 434 1020 437 996 435 939 429 938 429 904 435 889 425 887 425 886 425 884 425 743 426 742 426 721 435 643 431 642 431 641 431 620 438 621 481"/></Shape>
	    <String CONTENT="noui Teſtamenti locis apparet: tũ maxi¬"
                    HPOS="620"
                    VPOS="422"
                    WIDTH="1030"
                    HEIGHT="83"
                    WC="0.972085386514664"></String>
          </TextLine>

          
          
          <TextLine ID="eSc_line_f6997378"
                    TAGREFS="LT4119"
                    BASELINE="618 547 1655 544" 
                    HPOS="617"
                    VPOS="493"
                    WIDTH="1038"
                    HEIGHT="75">
            <Shape><Polygon POINTS="618 547 618 568 1653 568 1655 544 1652 507 1621 507 1607 495 1607 493 1606 493 1604 493 1603 493 1496 505 1444 493 1442 493 1441 493 1408 505 1395 493 1393 493 1392 493 1357 493 1356 493 1354 493 1353 493 1334 507 1115 507 1082 495 1081 495 1079 495 1078 495 1076 495 1061 505 941 495 939 495 938 495 936 495 920 507 920 508 861 508 861 507 847 496 847 495 846 495 844 495 783 495 782 495 724 507 709 495 707 495 706 495 675 495 673 495 617 507 618 547"/></Shape>
	    <String CONTENT="mè ex libro Actorũ, ex prima Pauli epiſto"
                    HPOS="617"
                    VPOS="493"
                    WIDTH="1038"
                    HEIGHT="75"
                    WC="0.984578906103622"></String>
          </TextLine>

          
          
          <TextLine ID="eSc_line_5cb7abbb"
                    TAGREFS="LT4119"
                    BASELINE="620 617 1652 614" 
                    HPOS="618"
                    VPOS="557"
                    WIDTH="1034"
                    HEIGHT="82">
            <Shape><Polygon POINTS="620 617 620 639 670 630 1078 638 1079 638 1137 629 1649 636 1652 614 1649 574 1591 560 1589 560 1588 560 1586 560 1573 572 1572 574 1514 574 1511 572 1493 559 1491 559 1490 559 1488 559 1487 559 1458 571 1456 574 1390 574 1386 571 1359 559 1357 559 1314 557 1313 557 1221 569 1191 572 1176 568 1140 557 1139 557 1137 557 1136 557 1100 568 1076 575 1003 575 981 566 959 559 957 559 731 559 730 559 728 559 716 563 691 575 666 575 651 563 646 559 645 559 643 559 642 559 618 562 620 617"/></Shape>
	    <String CONTENT="la ad Corint hios, ex hac ad Timot heum,"
                    HPOS="618"
                    VPOS="557"
                    WIDTH="1034"
                    HEIGHT="82"
                    WC="0.976720178127289"></String>
          </TextLine>

          
          
          <TextLine ID="eSc_line_bbc64901"
                    TAGREFS="LT4119"
                    BASELINE="620 684 1652 679" 
                    HPOS="618"
                    VPOS="626"
                    WIDTH="1034"
                    HEIGHT="83">
            <Shape><Polygon POINTS="620 684 620 700 704 709 706 709 707 709 709 709 722 700 724 700 874 700 875 700 942 709 944 709 945 709 963 698 965 698 983 698 1105 706 1106 706 1173 698 1176 698 1179 698 1314 704 1316 704 1317 704 1344 697 1347 697 1351 697 1412 706 1414 706 1415 706 1451 697 1453 697 1493 706 1494 707 1628 707 1628 706 1630 706 1652 696 1652 679 1649 639 1524 639 1497 627 1496 627 1494 627 1427 638 1400 626 1399 626 1398 626 1347 638 1308 626 1307 626 1305 626 1238 636 1221 627 1219 627 1140 627 1139 627 1137 627 1103 639 1078 627 1076 627 1075 627 1073 627 1044 639 989 633 987 633 941 640 804 629 803 629 801 629 800 629 786 639 734 639 719 630 718 630 716 630 715 630 713 630 678 640 648 630 646 630 645 630 643 630 618 640 620 684"/></Shape>
	    <String CONTENT="&amp; vna illa, quæ eſt ad Titũ ſcripta:in qui¬"
                    HPOS="618"
                    VPOS="626"
                    WIDTH="1034"
                    HEIGHT="83"
                    WC="0.964998264204372"></String>
          </TextLine>

          
          
          <TextLine ID="eSc_line_b04ab603"
                    TAGREFS="LT4119"
                    BASELINE="618 752 1653 748" 
                    HPOS="617"
                    VPOS="697"
                    WIDTH="1036"
                    HEIGHT="82">
            <Shape><Polygon POINTS="618 752 618 770 786 770 788 770 825 777 826 777 905 768 916 768 926 768 1003 777 1005 777 1006 777 1030 768 1033 767 1036 768 1052 777 1054 777 1055 779 1110 779 1110 777 1112 777 1131 768 1197 777 1198 777 1274 767 1277 767 1279 767 1311 776 1313 776 1314 776 1418 768 1601 776 1603 776 1652 764 1653 748 1652 709 1618 697 1616 697 1615 697 1561 707 1560 709 1378 709 1375 706 1368 700 1366 700 1365 700 1363 700 1325 706 1305 709 1299 706 1284 698 1283 698 1282 698 1238 706 1215 709 1209 704 1198 698 1197 698 1195 698 1136 698 1134 698 1133 698 1119 704 1109 710 1055 710 1041 704 1026 698 1024 698 1023 698 1021 698 1020 698 1012 704 1005 709 928 710 892 703 877 700 844 700 843 700 841 700 840 700 837 703 826 710 757 701 737 700 736 700 721 701 663 710 649 701 649 700 648 700 646 700 645 700 617 700 618 752"/></Shape>
	    <String CONTENT="bus omnibus quicquid ad legitimam Ec¬"
                    HPOS="617"
                    VPOS="697"
                    WIDTH="1036"
                    HEIGHT="82"
                    WC="0.976198072369034"></String>
          </TextLine>

          
          
          <TextLine ID="eSc_line_54f6ade9"
                    TAGREFS="LT4119"
                    BASELINE="617 820 1658 820" 
                    HPOS="617"
                    VPOS="768"
                    WIDTH="1041"
                    HEIGHT="79">
            <Shape><Polygon POINTS="617 820 618 847 651 840 727 847 737 847 739 847 740 847 743 847 764 840 782 846 785 847 786 847 788 847 801 846 855 840 898 846 914 847 916 847 917 847 925 846 942 840 1195 843 1533 847 1534 847 1536 847 1558 840 1560 840 1563 840 1612 847 1613 847 1658 838 1658 820 1658 780 1619 768 1618 768 1616 768 1533 780 1524 782 1466 782 1463 779 1448 768 1447 768 1445 768 1444 768 1442 768 1418 779 1414 780 1395 779 1316 768 1314 768 1313 768 1287 777 1276 780 1261 777 1238 771 1237 771 1235 771 1234 771 1219 776 1206 782 1051 782 1032 774 1018 770 1017 770 1015 770 1014 770 1012 770 1008 774 999 780 896 780 887 773 883 770 883 768 881 768 880 768 832 768 831 768 813 771 767 780 745 771 739 768 737 768 736 768 617 768 617 820"/></Shape>
	    <String CONTENT="cleſiæ gubernationem, &amp; diſciplinam Ec"
                    HPOS="617"
                    VPOS="768"
                    WIDTH="1041"
                    HEIGHT="79"
                    WC="0.982116084349783"></String>
          </TextLine>

          
          
          <TextLine ID="eSc_line_0f3d043e"
                    TAGREFS="LT4119"
                    BASELINE="617 883 1656 887" 
                    HPOS="615"
                    VPOS="834"
                    WIDTH="1041"
                    HEIGHT="77">
            <Shape><Polygon POINTS="617 883 615 898 703 908 704 908 901 902 962 901 974 904 1000 910 1002 910 1003 910 1167 905 1308 902 1331 908 1344 911 1345 911 1347 911 1393 908 1470 904 1653 911 1656 887 1655 847 1573 837 1572 837 1570 837 1545 846 1545 847 1450 847 1448 846 1438 837 1436 837 1435 837 1360 837 1359 837 1317 846 1311 846 1307 846 1273 835 1271 835 1210 835 1209 835 1207 835 1189 844 1152 835 1151 835 1149 835 1030 844 1017 844 1008 844 960 837 959 837 801 841 783 834 782 834 780 834 617 841 617 883"/></Shape>
	    <String CONTENT="cleſiaſticam maximè pertinet, ſiue totam"
                    HPOS="615"
                    VPOS="834"
                    WIDTH="1041"
                    HEIGHT="77"
                    WC="0.98145055770874"></String>
          </TextLine>

          
          
          <TextLine ID="eSc_line_38f4ead3"
                    TAGREFS="LT4119"
                    BASELINE="620 956 1652 953" 
                    HPOS="618"
                    VPOS="901"
                    WIDTH="1034"
                    HEIGHT="79">
            <Shape><Polygon POINTS="620 956 620 980 1650 977 1652 953 1647 908 1597 913 1585 908 1569 901 1567 901 1566 901 1564 901 1563 901 1552 908 1543 913 1484 908 1438 905 1436 905 1380 908 1323 913 1304 910 1283 905 1282 905 1280 905 1279 905 1273 910 1267 913 1259 910 1237 901 1235 901 1234 901 1232 901 1231 901 1218 910 1212 914 1133 914 1121 910 1087 902 1085 902 1084 902 1082 902 1072 911 1066 916 1009 916 1002 911 989 902 987 902 986 902 932 902 931 902 929 902 928 902 914 911 911 914 908 911 898 902 896 902 895 902 893 902 834 911 823 902 822 902 820 902 774 902 773 902 771 902 739 911 693 902 691 902 690 902 663 913 660 914 657 913 636 902 635 902 633 902 632 902 630 902 618 908 620 956"/></Shape>
	    <String CONTENT="ipſam Eccleſiam, ſiue priuatos regendos"
                    HPOS="618"
                    VPOS="901"
                    WIDTH="1034"
                    HEIGHT="79"
                    WC="0.986091717695579"></String>
          </TextLine>

          
          
          <TextLine ID="eSc_line_cee75423"
                    TAGREFS="LT4119"
                    BASELINE="617 1021 1652 1021" 
                    HPOS="617"
                    VPOS="972"
                    WIDTH="1035"
                    HEIGHT="77">
            <Shape><Polygon POINTS="617 1021 617 1041 632 1048 633 1048 635 1048 697 1039 703 1039 707 1039 762 1047 764 1047 800 1041 810 1048 812 1048 813 1048 815 1048 816 1048 837 1039 838 1039 840 1039 878 1048 880 1048 931 1041 948 1048 950 1048 951 1048 1000 1041 1051 1048 1052 1048 1054 1048 1078 1039 1093 1039 1551 1048 1552 1048 1554 1048 1583 1039 1615 1048 1616 1048 1618 1049 1618 1048 1619 1048 1652 1038 1652 1021 1652 986 1531 984 1515 975 1514 975 1512 975 1511 975 1509 975 1500 984 1499 986 1243 986 1235 983 1216 977 1215 977 1213 977 1212 977 1210 977 1203 983 1200 986 1122 986 1116 981 1099 972 1097 972 1096 972 1048 980 957 972 956 972 954 972 953 972 942 981 938 984 907 981 832 972 831 972 782 980 771 981 768 980 754 972 752 972 709 972 707 972 706 972 691 980 684 984 676 980 666 972 664 972 663 972 661 972 617 978 617 1021"/></Shape>
	    <String CONTENT="ſpectes in qua illud totum accuratè &amp; co¬"
                    HPOS="617"
                    VPOS="972"
                    WIDTH="1035"
                    HEIGHT="77"
                    WC="0.970410859300977"></String>
          </TextLine>

          
          
          <TextLine ID="eSc_line_664bedc7"
                    TAGREFS="LT4119"
                    BASELINE="621 1090 1647 1088" 
                    HPOS="620"
                    VPOS="1036"
                    WIDTH="1027"
                    HEIGHT="79">
            <Shape><Polygon POINTS="621 1090 623 1115 657 1106 684 1113 685 1113 687 1113 853 1106 873 1113 874 1113 875 1113 877 1113 893 1113 984 1106 1209 1109 1445 1113 1447 1113 1540 1106 1551 1106 1552 1106 1569 1113 1570 1113 1572 1113 1646 1105 1647 1088 1646 1049 1597 1036 1595 1036 1594 1036 1592 1036 1570 1047 1502 1041 1500 1041 1499 1041 1497 1041 1485 1049 1412 1049 1393 1041 1392 1041 1390 1041 1287 1048 1274 1038 1274 1036 1273 1036 1271 1036 1249 1036 1247 1036 1246 1036 1225 1048 1212 1036 1210 1036 1209 1036 1148 1036 1146 1036 1145 1036 1143 1036 1134 1044 1102 1036 1100 1036 1099 1036 1058 1048 1027 1036 1026 1036 1024 1036 1023 1036 1021 1036 1008 1045 884 1048 870 1036 868 1036 867 1036 865 1036 820 1044 794 1036 792 1036 791 1036 789 1036 762 1045 728 1036 727 1036 725 1036 620 1049 621 1090"/></Shape>
	    <String CONTENT="pioſè deſcriptum eſt. Vnde mirum &amp; ab¬"
                    HPOS="620"
                    VPOS="1036"
                    WIDTH="1027"
                    HEIGHT="79"
                    WC="0.983780034077473"></String>
          </TextLine>

          
          
          <TextLine ID="eSc_line_7c6c0df5"
                    TAGREFS="LT4119"
                    BASELINE="615 1157 1653 1160" 
                    HPOS="614"
                    VPOS="1102"
                    WIDTH="1039"
                    HEIGHT="83">
            <Shape><Polygon POINTS="615 1157 614 1177 919 1183 920 1183 922 1183 923 1183 931 1177 938 1174 1133 1174 1149 1177 1185 1185 1186 1185 1332 1177 1338 1177 1344 1177 1448 1185 1450 1185 1451 1185 1453 1185 1461 1177 1463 1176 1500 1176 1512 1177 1573 1185 1574 1185 1652 1176 1653 1160 1652 1116 1561 1116 1561 1115 1545 1103 1543 1103 1542 1103 1540 1103 1353 1115 1342 1115 1341 1115 1311 1103 1310 1103 1228 1103 1226 1103 1225 1103 1191 1113 1124 1103 1122 1103 1121 1103 1119 1103 1103 1113 1081 1102 1079 1102 1078 1102 1076 1102 1055 1109 1032 1102 1030 1102 1029 1102 1027 1102 1026 1102 1006 1113 1005 1115 889 1115 887 1113 868 1102 867 1102 865 1102 864 1102 862 1102 817 1113 815 1115 752 1115 751 1113 739 1103 739 1102 737 1102 736 1102 734 1102 733 1102 709 1113 707 1113 704 1113 654 1103 652 1103 651 1103 615 1112 615 1157"/></Shape>
	    <String CONTENT="ſurdum ſæpe mihi videri ſolet, quòd tot"
                    HPOS="614"
                    VPOS="1102"
                    WIDTH="1039"
                    HEIGHT="83"></String>
          </TextLine>

          
          
          <TextLine ID="eSc_line_04fdd9dc"
                    TAGREFS="LT4119"
                    BASELINE="617 1229 1649 1229" 
                    HPOS="617"
                    VPOS="1179"
                    WIDTH="1032"
                    HEIGHT="74">
            <Shape><Polygon POINTS="617 1229 617 1253 1649 1250 1649 1229 1649 1191 1491 1191 1448 1179 1447 1179 1445 1179 1444 1179 1442 1179 1433 1188 1412 1182 1411 1182 1409 1182 1307 1189 1293 1179 1292 1179 1290 1179 1249 1179 1247 1179 1246 1179 1218 1189 1191 1179 1189 1179 1128 1179 1127 1179 1069 1189 898 1180 896 1180 895 1180 871 1189 844 1179 843 1179 841 1179 840 1179 819 1191 754 1191 728 1179 727 1179 675 1179 673 1179 617 1189 617 1229"/></Shape>
	    <String CONTENT="poſtea canones, tot ſynodorum decreta,"
                    HPOS="617"
                    VPOS="1179"
                    WIDTH="1032"
                    HEIGHT="74"
                    WC="0.987753436753624"></String>
          </TextLine>

          
          
          <TextLine ID="eSc_line_b6e37188"
                    TAGREFS="LT4119"
                    BASELINE="612 1295 1650 1295" 
                    HPOS="612"
                    VPOS="1243"
                    WIDTH="1038"
                    HEIGHT="79">
            <Shape><Polygon POINTS="612 1295 612 1310 670 1320 672 1320 759 1311 764 1311 765 1311 788 1320 789 1320 791 1320 792 1320 825 1311 828 1311 883 1311 884 1311 895 1320 896 1320 898 1320 899 1320 978 1313 990 1311 994 1313 1017 1320 1018 1320 1020 1320 1084 1313 1100 1311 1219 1311 1224 1313 1238 1320 1240 1320 1241 1322 1337 1322 1337 1320 1338 1320 1340 1320 1348 1314 1351 1311 1357 1314 1372 1320 1374 1320 1375 1320 1650 1314 1650 1295 1650 1258 1453 1258 1439 1246 1438 1246 1436 1246 1435 1246 1433 1246 1432 1246 1418 1255 1198 1256 1168 1246 1167 1246 1165 1246 1164 1246 1124 1256 1109 1246 1107 1246 1106 1246 1041 1243 1039 1243 1038 1243 1036 1243 1014 1258 984 1258 950 1243 948 1243 660 1243 658 1243 657 1243 612 1256 612 1295"/></Shape>
	    <String CONTENT="tot Eccleſiæ conſtitutiones, tum genera¬"
                    HPOS="612"
                    VPOS="1243"
                    WIDTH="1038"
                    HEIGHT="79"
                    WC="0.974977803230286"></String>
          </TextLine>

          
          
          <TextLine ID="eSc_line_914ae696"
                    TAGREFS="LT4119"
                    BASELINE="611 1362 1650 1365" 
                    HPOS="611"
                    VPOS="1311"
                    WIDTH="1039"
                    HEIGHT="76">
            <Shape><Polygon POINTS="611 1362 611 1380 1130 1380 1134 1380 1186 1387 1188 1387 1649 1380 1650 1365 1649 1325 1573 1313 1572 1313 1516 1314 1515 1314 1514 1314 1505 1323 1503 1325 1423 1325 1415 1322 1383 1313 1381 1313 1380 1313 1378 1313 1357 1322 1353 1323 1348 1322 1328 1314 1326 1314 1325 1314 1290 1320 1279 1323 1273 1320 1258 1313 1256 1313 1212 1313 1210 1313 1209 1313 1195 1320 1189 1323 1148 1320 1057 1311 1055 1311 1054 1311 1030 1319 1020 1322 1008 1319 983 1311 981 1311 980 1311 911 1317 867 1322 847 1317 825 1311 823 1311 822 1311 777 1316 733 1322 611 1316 611 1362"/></Shape>
	    <String CONTENT="les, tum particulares ad conſtituendam"
                    HPOS="611"
                    VPOS="1311"
                    WIDTH="1039"
                    HEIGHT="76"
                    WC="0.990499559201692"></String>
          </TextLine>

          
          
          <TextLine ID="eSc_line_163b0bf5"
                    TAGREFS="LT4119"
                    BASELINE="612 1430 1649 1430" 
                    HPOS="612"
                    VPOS="1377"
                    WIDTH="1037"
                    HEIGHT="84">
            <Shape><Polygon POINTS="612 1430 612 1450 710 1460 712 1461 908 1461 908 1460 910 1460 936 1451 963 1460 965 1460 966 1460 1088 1451 1168 1458 1170 1458 1267 1451 1290 1460 1292 1460 1293 1460 1649 1450 1649 1430 1649 1392 1445 1392 1435 1383 1433 1383 1432 1383 1430 1383 1384 1390 1342 1377 1341 1377 1340 1377 1338 1377 1301 1392 1204 1392 1173 1377 1171 1377 1005 1377 1003 1377 1002 1377 969 1386 929 1377 928 1377 926 1377 925 1377 925 1378 911 1390 855 1390 765 1377 764 1377 762 1377 761 1377 748 1389 734 1378 734 1377 733 1377 731 1377 635 1377 633 1377 632 1377 630 1377 612 1389 612 1430"/></Shape>
	    <String CONTENT="diſciplinam Eccleſiaſticam fuerunt con¬"
                    HPOS="612"
                    VPOS="1377"
                    WIDTH="1037"
                    HEIGHT="84"
                    WC="0.991706223059923"></String>
          </TextLine>

          
          
          <TextLine ID="eSc_line_aa291acc"
                    TAGREFS="LT4119"
                    BASELINE="611 1496 1649 1500" 
                    HPOS="609"
                    VPOS="1445"
                    WIDTH="1040"
                    HEIGHT="85">
            <Shape><Polygon POINTS="611 1496 609 1522 646 1527 648 1527 649 1527 660 1522 676 1516 685 1522 691 1527 693 1527 694 1527 696 1527 719 1522 737 1519 743 1522 752 1527 754 1527 755 1528 938 1528 938 1527 939 1527 950 1521 957 1518 966 1521 977 1525 978 1525 980 1525 1060 1521 1124 1518 1142 1521 1182 1528 1183 1528 1185 1528 1186 1528 1198 1521 1204 1518 1250 1518 1264 1521 1308 1530 1310 1530 1344 1522 1360 1530 1362 1530 1363 1530 1451 1522 1473 1530 1475 1530 1476 1530 1478 1530 1479 1530 1493 1519 1506 1527 1508 1527 1509 1527 1647 1518 1649 1500 1647 1463 1554 1460 1539 1448 1537 1448 1536 1448 1534 1448 1366 1458 1302 1461 1265 1461 1261 1457 1253 1451 1253 1450 1252 1450 1250 1450 1249 1450 1247 1450 1235 1457 1229 1460 1225 1455 1215 1447 1213 1447 1212 1447 1143 1447 1142 1447 1140 1447 1139 1447 1127 1454 1124 1457 1119 1454 1107 1447 1106 1447 1105 1447 1103 1447 1102 1447 1100 1447 1091 1454 1084 1460 1058 1454 1039 1450 1038 1450 1036 1450 1029 1454 1015 1461 971 1461 956 1453 945 1445 944 1445 942 1445 941 1445 898 1447 896 1447 895 1447 889 1451 881 1457 867 1451 850 1445 849 1445 847 1445 809 1447 807 1447 800 1450 783 1460 725 1460 709 1448 704 1445 703 1445 701 1445 700 1445 611 1447 611 1496"/></Shape>
	    <String CONTENT="ſcriptæ. Quid enim his fuit opus? Sed ma¬"
                    HPOS="609"
                    VPOS="1445"
                    WIDTH="1040"
                    HEIGHT="85"
                    WC="0.976951975647996"></String>
          </TextLine>

          
          
          <TextLine ID="eSc_line_8ddfcd01"
                    TAGREFS="LT4119"
                    BASELINE="615 1566 1640 1570" 
                    HPOS="615"
                    VPOS="1519"
                    WIDTH="1025"
                    HEIGHT="76">
            <Shape><Polygon POINTS="615 1566 615 1591 739 1582 759 1592 761 1592 762 1592 764 1592 765 1592 767 1592 782 1582 844 1582 944 1592 957 1594 959 1594 965 1594 1005 1583 1139 1594 1146 1594 1148 1594 1149 1594 1174 1583 1231 1591 1232 1591 1276 1583 1284 1591 1286 1591 1287 1591 1289 1591 1398 1585 1444 1595 1447 1595 1448 1595 1450 1595 1451 1595 1484 1585 1503 1594 1505 1594 1637 1595 1640 1570 1638 1530 1484 1521 1482 1521 1429 1527 1418 1528 1392 1527 1256 1519 1255 1519 1253 1519 1252 1519 1243 1527 1240 1527 1219 1519 1218 1519 1216 1519 1215 1519 1195 1525 1191 1527 1176 1525 1118 1519 1116 1519 615 1521 615 1566"/></Shape>
	    <String CONTENT="gno contemptu &amp; ignorantia eorum pre"
                    HPOS="615"
                    VPOS="1519"
                    WIDTH="1025"
                    HEIGHT="76"
                    WC="0.984802567296558"></String>
          </TextLine>

          
          
          <TextLine ID="eSc_line_5d42af19"
                    TAGREFS="LT4119"
                    BASELINE="612 1634 1656 1641" 
                    HPOS="611"
                    VPOS="1580"
                    WIDTH="1045"
                    HEIGHT="85">
            <Shape><Polygon POINTS="612 1634 611 1650 658 1661 660 1661 849 1653 868 1662 870 1662 871 1662 984 1653 1000 1652 1005 1653 1036 1664 1038 1664 1039 1665 1142 1665 1142 1664 1143 1664 1145 1664 1157 1656 1255 1664 1256 1664 1325 1655 1341 1665 1342 1665 1344 1665 1345 1665 1412 1656 1432 1665 1433 1665 1435 1665 1436 1665 1461 1656 1655 1656 1656 1641 1656 1597 1625 1585 1624 1585 1566 1585 1564 1585 1563 1585 1542 1594 1479 1585 1478 1585 1476 1585 1454 1597 1453 1597 1451 1597 1417 1583 1415 1583 1414 1583 1369 1591 1348 1583 1347 1583 1345 1583 1310 1589 1182 1582 1180 1582 1179 1582 1177 1582 1163 1594 1134 1594 1118 1594 1113 1594 1032 1580 1030 1580 1029 1580 1027 1580 1011 1592 913 1585 911 1585 910 1585 908 1585 901 1592 899 1592 612 1591 612 1634"/></Shape>
	    <String CONTENT="ceptorum, quæ ab Apoſtolis ipſis, id eſt, à"
                    HPOS="611"
                    VPOS="1580"
                    WIDTH="1045"
                    HEIGHT="85"
                    WC="0.988363367590037"></String>
          </TextLine>

          
          
          <TextLine ID="eSc_line_7317517d"
                    TAGREFS="LT4119"
                    BASELINE="611 1699 1649 1707" 
                    HPOS="609"
                    VPOS="1647"
                    WIDTH="1040"
                    HEIGHT="84">
            <Shape><Polygon POINTS="611 1699 609 1714 742 1716 751 1725 752 1725 754 1725 755 1725 806 1717 838 1726 840 1726 841 1728 928 1728 928 1726 929 1726 944 1719 980 1726 981 1726 1023 1719 1033 1728 1035 1728 1036 1728 1038 1729 1179 1729 1179 1728 1180 1728 1203 1720 1204 1720 1206 1720 1256 1729 1258 1729 1316 1722 1317 1722 1371 1729 1372 1729 1423 1722 1427 1722 1429 1722 1439 1731 1441 1731 1442 1731 1444 1731 1647 1723 1649 1707 1646 1653 1508 1665 1494 1655 1494 1653 1493 1653 1491 1653 1490 1653 1293 1664 1279 1652 1277 1652 1276 1652 1274 1652 1194 1662 1180 1652 1180 1650 1179 1650 1177 1650 1146 1650 1145 1650 1143 1650 1142 1650 1125 1664 1039 1664 881 1662 829 1650 828 1650 789 1658 767 1647 765 1647 764 1647 762 1647 758 1647 679 1659 661 1647 660 1647 658 1647 611 1647 611 1699"/></Shape>
	    <String CONTENT="Dei ſpiritu antea tradita fuerant id certè"
                    HPOS="609"
                    VPOS="1647"
                    WIDTH="1040"
                    HEIGHT="84"
                    WC="0.966598262620527"></String>
          </TextLine>

          
          
          <TextLine ID="eSc_line_29b02833"
                    TAGREFS="LT4119"
                    BASELINE="609 1769 1646 1775" 
                    HPOS="608"
                    VPOS="1716"
                    WIDTH="1038"
                    HEIGHT="85">
            <Shape><Polygon POINTS="609 1769 608 1786 663 1795 664 1795 792 1787 812 1787 813 1787 822 1796 823 1796 825 1796 826 1796 861 1790 865 1796 867 1796 867 1798 868 1798 870 1798 871 1798 929 1789 932 1789 935 1789 963 1798 965 1798 966 1798 1069 1790 1090 1789 1112 1790 1182 1796 1183 1796 1247 1792 1264 1790 1265 1792 1277 1799 1279 1799 1280 1799 1282 1801 1353 1801 1353 1799 1354 1799 1368 1792 1372 1790 1414 1790 1415 1792 1424 1801 1426 1801 1427 1801 1429 1801 1644 1793 1646 1775 1644 1734 1588 1734 1586 1732 1560 1720 1558 1720 1557 1720 1555 1720 1528 1731 1524 1734 1423 1734 1417 1729 1405 1720 1403 1720 1402 1720 1400 1720 1292 1728 1237 1731 1221 1726 1195 1719 1194 1719 1192 1719 1191 1719 1189 1719 1182 1726 1180 1726 1174 1726 1134 1719 1133 1719 1131 1719 1130 1719 1122 1725 1116 1729 1109 1725 1103 1720 1102 1720 1100 1720 1099 1720 1097 1720 1096 1720 1091 1725 1082 1731 1042 1731 1030 1723 1021 1717 1020 1717 1018 1717 1017 1717 935 1722 829 1728 795 1719 780 1716 779 1716 777 1716 746 1719 701 1723 693 1717 690 1716 688 1716 687 1716 685 1716 684 1716 679 1717 666 1726 652 1717 651 1716 649 1716 648 1716 646 1716 609 1716 609 1769"/></Shape>
	    <String CONTENT="factũ fuit, quòd hæc diuina præcepta ſper"
                    HPOS="608"
                    VPOS="1716"
                    WIDTH="1038"
                    HEIGHT="85"
                    WC="0.964047126991804"></String>
          </TextLine>

          
          
          <TextLine ID="eSc_line_da01363a"
                    TAGREFS="LT4119"
                    BASELINE="609 1836 1644 1842" 
                    HPOS="608"
                    VPOS="1786"
                    WIDTH="1036"
                    HEIGHT="74">
            <Shape><Polygon POINTS="609 1836 608 1851 636 1860 638 1860 639 1860 1643 1859 1644 1842 1644 1802 1619 1790 1618 1790 1616 1790 1563 1799 1512 1790 1511 1790 1509 1790 1488 1801 1488 1802 1393 1802 1390 1801 1353 1789 1351 1789 1350 1789 1348 1789 1305 1799 1305 1801 1252 1801 1252 1799 1222 1789 1221 1789 1219 1789 1174 1799 1173 1799 1170 1799 1127 1787 1125 1787 1124 1787 1070 1796 1033 1790 1032 1790 1030 1790 1029 1790 1020 1798 1020 1799 983 1799 983 1798 972 1789 971 1789 969 1789 968 1789 801 1796 798 1796 797 1796 782 1786 780 1786 779 1786 777 1786 609 1795 609 1836"/></Shape>
	    <String CONTENT="nerẽt homines, vt ſua cõmenta, vt tradi¬"
                    HPOS="608"
                    VPOS="1786"
                    WIDTH="1036"
                    HEIGHT="74"
                    WC="0.969811984470912"></String>
          </TextLine>

          
          
          <TextLine ID="eSc_line_b15073a3"
                    TAGREFS="LT4119"
                    BASELINE="611 1903 1641 1911" 
                    HPOS="609"
                    VPOS="1851"
                    WIDTH="1032"
                    HEIGHT="86">
            <Shape><Polygon POINTS="611 1903 609 1920 636 1931 638 1931 639 1931 725 1924 734 1931 736 1931 737 1931 739 1931 740 1931 765 1924 788 1930 789 1930 791 1930 792 1930 794 1930 803 1922 841 1933 843 1933 844 1933 886 1925 996 1933 997 1933 1087 1925 1102 1934 1103 1934 1105 1934 1106 1934 1264 1927 1271 1927 1274 1927 1319 1936 1320 1936 1374 1928 1383 1927 1392 1928 1436 1937 1438 1937 1439 1937 1467 1928 1470 1928 1472 1928 1500 1937 1502 1937 1503 1937 1640 1930 1641 1911 1641 1870 1606 1857 1604 1857 1603 1857 1601 1857 1555 1869 1539 1857 1537 1857 1536 1857 1534 1857 1244 1866 1241 1866 1228 1856 1228 1854 1226 1854 1225 1854 1163 1854 1161 1854 1160 1854 1158 1854 1143 1866 1142 1866 1131 1866 983 1853 981 1853 980 1853 978 1853 960 1864 957 1866 859 1866 853 1863 817 1851 816 1851 815 1851 767 1863 761 1864 670 1864 666 1862 654 1853 652 1853 651 1853 649 1853 611 1860 611 1903"/></Shape>
	    <String CONTENT="tiones, ſæpe etiã ineptiſſimas, at diſcipli¬"
                    HPOS="609"
                    VPOS="1851"
                    WIDTH="1032"
                    HEIGHT="86"
                    WC="0.978416060076819"></String>
          </TextLine>

          
          
          <TextLine ID="eSc_line_509f6f1c"
                    TAGREFS="LT4119"
                    BASELINE="602 1972 1638 1980" 
                    HPOS="600"
                    VPOS="1922"
                    WIDTH="1038"
                    HEIGHT="82">
            <Shape><Polygon POINTS="600 1988 655 1998 657 1998 768 1991 774 1991 783 1991 1000 2001 1002 2001 1048 1994 1051 1994 1052 1994 1078 2001 1079 2001 1081 2001 1188 1995 1198 1995 1207 1995 1293 2004 1295 2004 1383 1998 1400 1997 1403 1998 1418 2004 1420 2004 1421 2004 1637 2000 1638 1980 1638 1942 1585 1928 1583 1928 1473 1939 1460 1939 1453 1937 1402 1927 1400 1927 1314 1936 1287 1937 1279 1934 1255 1925 1253 1925 1252 1925 1250 1925 1235 1934 1231 1936 1221 1933 1189 1925 1188 1925 1186 1925 1142 1931 1115 1936 1085 1931 1045 1924 1044 1924 993 1930 942 1934 917 1928 902 1924 901 1924 899 1924 883 1927 859 1933 837 1927 823 1922 822 1922 820 1922 819 1922 810 1925 791 1933 776 1925 770 1922 768 1922 667 1922 666 1922 664 1922 661 1922 636 1931 603 1922 602 1972 600 1988"/></Shape>
	    <String CONTENT="næ ipſo Dei verbo præſcriptæ contrarias"
                    HPOS="600"
                    VPOS="1922"
                    WIDTH="1038"
                    HEIGHT="82"
                    WC="0.978025356928507"></String>
          </TextLine>

          
          
          <TextLine ID="eSc_line_8cf06ae3"
                    TAGREFS="LT4119"
                    BASELINE="600 2040 1634 2046" 
                    HPOS="599"
                    VPOS="1985"
                    WIDTH="1035"
                    HEIGHT="92">
            <Shape><Polygon POINTS="600 2040 599 2058 645 2068 646 2068 890 2064 1005 2062 1020 2067 1047 2074 1048 2074 1049 2074 1051 2074 1067 2067 1079 2062 1121 2068 1171 2076 1173 2076 1219 2070 1271 2064 1301 2071 1316 2076 1317 2076 1631 2077 1634 2046 1632 2006 1592 1997 1591 1997 1589 1997 1567 2004 1566 2004 1564 2004 1543 1991 1542 1991 1540 1991 1539 1991 1448 2000 1400 1991 1399 1991 1398 1991 1396 1991 1383 2000 1374 2004 1212 2004 1197 1997 1180 1989 1179 1989 1177 1989 1151 1995 1125 2001 1100 1994 1078 1988 1076 1988 1033 1988 1032 1988 1030 1988 1029 1988 1023 1992 1009 2001 987 1992 977 1988 975 1988 974 1988 950 1991 890 2001 862 1989 855 1986 853 1986 773 1986 771 1986 770 1986 768 1986 767 1988 752 2001 719 2001 697 1986 696 1986 694 1986 693 1986 690 1986 646 1994 600 1985 600 2040"/></Shape>
	    <String CONTENT="in Eccleſiam Deil inueherent. Quid igi¬"
                    HPOS="599"
                    VPOS="1985"
                    WIDTH="1035"
                    HEIGHT="92"
                    WC="0.982085353288895"></String>
          </TextLine>

          
          
          <TextLine ID="eSc_line_c03f9847"
                    TAGREFS="LT4119"
                    BASELINE="596 2110 1619 2114" 
                    HPOS="594"
                    VPOS="2061"
                    WIDTH="1025"
                    HEIGHT="91">
            <Shape><Polygon POINTS="596 2110 594 2132 688 2144 690 2144 801 2135 822 2149 823 2149 825 2149 826 2149 922 2135 926 2135 950 2150 951 2150 953 2150 954 2152 1099 2152 1099 2150 1100 2150 1102 2150 1122 2137 1152 2149 1154 2149 1155 2149 1235 2138 1246 2137 1252 2138 1304 2152 1305 2152 1307 2152 1396 2138 1403 2138 1406 2138 1436 2152 1438 2152 1439 2152 1441 2152 1479 2140 1485 2138 1616 2140 1619 2114 1618 2077 1582 2068 1580 2068 1466 2074 1427 2064 1426 2064 1424 2064 1423 2064 1389 2074 1369 2065 1368 2065 1366 2065 1328 2071 1319 2064 1317 2064 1316 2064 1314 2064 1270 2070 1228 2062 1226 2062 1143 2073 1128 2062 1127 2062 1125 2062 1124 2062 1069 2071 983 2062 981 2062 980 2062 947 2071 929 2062 928 2062 926 2062 925 2062 923 2062 907 2073 804 2073 774 2061 773 2061 731 2061 730 2061 728 2061 727 2061 727 2062 715 2071 685 2064 684 2064 682 2064 596 2071 596 2110"/></Shape>
	    <String CONTENT="tur, dicet quis, éſtne verbo Dei, &amp; in no"
                    HPOS="594"
                    VPOS="2061"
                    WIDTH="1025"
                    HEIGHT="91"
                    WC="0.982251561823345"></String>
          </TextLine>

          
        </TextBlock>
        
        <TextBlock HPOS="1523.418701171875"
                   VPOS="2149.50146484375"
                   WIDTH="115.104736328125"
                   HEIGHT="71.2255859375"
                   ID="block_2"
                   TAGREFS="BT10534">
          <Shape><Polygon POINTS="1523.42 2149.5 1638.52 2149.5 1638.52 2220.73 1523.42 2220.73 1523.42 2149.5"/></Shape>
          
          
          <TextLine ID="eSc_line_97d368c4"
                    TAGREFS="LT4119"
                    BASELINE="1542 2187 1624 2183" 
                    HPOS="1539"
                    VPOS="2131"
                    WIDTH="86"
                    HEIGHT="90">
            <Shape><Polygon POINTS="1542 2187 1542 2211 1566 2221 1567 2221 1569 2221 1625 2212 1624 2183 1616 2131 1591 2144 1539 2140 1542 2187"/></Shape>
	    <String CONTENT="no"
                    HPOS="1539"
                    VPOS="2131"
                    WIDTH="86"
                    HEIGHT="90"
                    WC="0.991617500782013"></String>
          </TextLine>

          
        </TextBlock>
        

        
      </PrintSpace>
    </Page>
  </Layout>
</alto>
