<?xml version="1.0" encoding="UTF-8"?>
<alto xmlns:xsi="http://www.w3.org/2001/XMLSchema-instance"
      xmlns="http://www.loc.gov/standards/alto/ns-v4#"
      xsi:schemaLocation="http://www.loc.gov/standards/alto/ns-v4# http://www.loc.gov/standards/alto/v4/alto-4-2.xsd">
  <Description>
    <MeasurementUnit>pixel</MeasurementUnit>
    <sourceImageInformation>
      <fileName>2012923.png</fileName>
      
    </sourceImageInformation>
  </Description>
  
  <Tags>
    <OtherTag ID="BT10544" LABEL="text" DESCRIPTION="block type text"/><OtherTag ID="BT10543" LABEL="NumberingZone" DESCRIPTION="block type NumberingZone"/><OtherTag ID="BT10542" LABEL="MainZone" DESCRIPTION="block type MainZone"/><OtherTag ID="BT10538" LABEL="RunningTitleZone" DESCRIPTION="block type RunningTitleZone"/><OtherTag ID="BT10537" LABEL="DropCapitalZone" DESCRIPTION="block type DropCapitalZone"/><OtherTag ID="BT10536" LABEL="GraphicZone" DESCRIPTION="block type GraphicZone"/><OtherTag ID="BT10535" LABEL="TitlePageZone" DESCRIPTION="block type TitlePageZone"/><OtherTag ID="BT10534" LABEL="QuireMarksZone" DESCRIPTION="block type QuireMarksZone"/><OtherTag ID="BT10533" LABEL="MarginTextZone" DESCRIPTION="block type MarginTextZone"/>
    <OtherTag ID="LT4122" LABEL="default" DESCRIPTION="line type default"/><OtherTag ID="LT4119" LABEL="DefaultLine" DESCRIPTION="line type DefaultLine"/><OtherTag ID="LT4118" LABEL="HeadingLine" DESCRIPTION="line type HeadingLine"/><OtherTag ID="LT4117" LABEL="CustomLine : BiblicalText" DESCRIPTION="line type CustomLine : BiblicalText"/>
  </Tags>
  
  <Layout>
    <Page WIDTH="1807"
          HEIGHT="2677"
          PHYSICAL_IMG_NR="39"
          ID="eSc_dummypage_">
      <PrintSpace HPOS="0"
                  VPOS="0"
                  WIDTH="1807"
                  HEIGHT="2677">
        
        <TextBlock HPOS="448.6175537109375"
                   VPOS="198.29124450683594"
                   WIDTH="306.19000244140625"
                   HEIGHT="62.72157287597656"
                   ID="block_2"
                   TAGREFS="BT10538">
          <Shape><Polygon POINTS="448.618 198.291 754.808 198.291 754.808 261.013 448.618 261.013 448.618 198.291"/></Shape>
          
          
          <TextLine ID="eSc_line_ff94e4b1"
                    TAGREFS="LT4118"
                    BASELINE="452 243 757 243" 
                    HPOS="452"
                    VPOS="196"
                    WIDTH="305"
                    HEIGHT="71">
            <Shape><Polygon POINTS="719 206 704 206 690 205 675 205 660 203 645 203 630 202 615 202 600 200 596 200 584 203 578 205 575 203 572 200 571 200 556 199 551 199 545 202 536 206 530 202 523 197 511 197 496 196 461 199 452 206 452 243 452 258 501 267 502 267 568 261 580 260 582 261 590 267 591 267 593 267 594 267 596 267 611 261 615 260 621 261 642 267 643 267 645 267 646 267 661 263 669 260 678 263 691 267 693 267 694 267 757 263 757 243 748 220 734 208"/></Shape>
	    <String CONTENT="CAPVT I."
                    HPOS="452"
                    VPOS="196"
                    WIDTH="305"
                    HEIGHT="71"
                    WC="0.999842144548893"></String>
          </TextLine>

          
        </TextBlock>
        
        <TextBlock HPOS="1092.7218017578125"
                   VPOS="218.14559936523438"
                   WIDTH="67.03125"
                   HEIGHT="47.471435546875"
                   ID="block_0"
                   TAGREFS="BT10543">
          <Shape><Polygon POINTS="1092.72 218.146 1159.75 218.146 1159.75 265.617 1092.72 265.617 1092.72 218.146"/></Shape>
          
          
          <TextLine ID="eSc_line_e30956ca"
                    TAGREFS="LT4119"
                    BASELINE="1102 251 1152 251" 
                    HPOS="1102"
                    VPOS="209"
                    WIDTH="50"
                    HEIGHT="61">
            <Shape><Polygon POINTS="1146 220 1131 214 1130 212 1109 209 1102 212 1102 251 1102 270 1152 267 1152 251 1152 221 1146 220"/></Shape>
	    <String CONTENT="11"
                    HPOS="1102"
                    VPOS="209"
                    WIDTH="50"
                    HEIGHT="61"
                    WC="0.998909682035446"></String>
          </TextLine>

          
        </TextBlock>
        
        <TextBlock HPOS="81.30130004882812"
                   VPOS="267.6634521484375"
                   WIDTH="1079.5846862792969"
                   HEIGHT="1954.4151611328125"
                   ID="block_1"
                   TAGREFS="BT10542">
          <Shape><Polygon POINTS="81.3013 267.663 1160.89 267.663 1160.89 2222.08 81.3013 2222.08 81.3013 267.663"/></Shape>
          
          
          <TextLine ID="eSc_line_e6023dd7"
                    TAGREFS="LT4119"
                    BASELINE="96 313 1154 318" 
                    HPOS="95"
                    VPOS="258"
                    WIDTH="1059"
                    HEIGHT="82">
            <Shape><Polygon POINTS="1000 261 999 261 984 272 983 273 947 273 932 270 899 264 898 264 883 266 868 266 853 266 850 264 828 269 800 273 721 267 605 260 603 260 602 260 584 266 568 272 527 266 493 260 492 260 490 260 489 260 484 264 474 273 449 273 408 263 382 258 350 258 349 258 348 258 346 258 342 263 330 270 275 261 251 258 249 258 227 261 191 266 182 260 181 258 179 258 178 258 176 258 104 258 96 266 96 313 95 327 165 337 166 337 206 330 232 330 321 330 322 330 330 337 331 337 333 337 334 337 416 331 438 330 441 331 449 339 450 339 452 339 453 339 516 333 529 331 535 333 556 339 557 339 559 339 560 339 578 333 584 331 585 333 593 339 594 339 596 339 597 339 633 334 651 331 669 334 696 339 697 340 1152 340 1154 318 1152 275 1110 275 1109 273 1093 261 1091 261 1090 261 1003 261 1002 261 1000 261"/></Shape>
	    <String CONTENT="li duxiſſe vidẽtur ſuum illud Mot &amp; Latinè Mu¬"
                    HPOS="95"
                    VPOS="258"
                    WIDTH="1059"
                    HEIGHT="82"></String>
          </TextLine>

          
          
          <TextLine ID="eSc_line_33359a52"
                    TAGREFS="LT4119"
                    BASELINE="98 368 1152 376" 
                    HPOS="96"
                    VPOS="324"
                    WIDTH="1056"
                    HEIGHT="76">
            <Shape><Polygon POINTS="98 368 96 383 519 397 520 397 728 389 759 398 761 398 762 398 801 391 810 398 812 398 813 398 1102 400 1103 400 1151 391 1152 376 1151 343 1003 343 999 340 981 331 980 331 978 331 977 331 948 340 942 342 939 340 922 328 920 328 919 328 873 328 871 328 870 328 840 339 837 340 835 339 828 331 826 331 825 331 823 331 770 339 751 340 739 337 696 327 694 327 693 327 618 336 597 327 596 327 517 325 516 325 455 333 423 325 422 325 420 325 419 325 417 325 407 334 403 337 304 337 292 333 264 324 263 324 261 324 260 324 229 333 214 337 171 337 160 331 142 324 141 324 139 324 98 330 98 368"/></Shape>
	    <String CONTENT="tire, eſt vox aliquid ſignificans hominis ore e¬"
                    HPOS="96"
                    VPOS="324"
                    WIDTH="1056"
                    HEIGHT="76"
                    WC="0.989176073422035"></String>
          </TextLine>

          
          
          <TextLine ID="eSc_line_6610f796"
                    TAGREFS="LT4119"
                    BASELINE="101 428 1157 437" 
                    HPOS="101"
                    VPOS="380"
                    WIDTH="1056"
                    HEIGHT="84">
            <Shape><Polygon POINTS="101 428 101 455 208 446 260 455 276 458 278 459 327 459 327 458 328 458 330 458 333 455 343 447 431 455 483 459 484 459 599 455 715 450 736 455 752 458 754 458 786 455 813 452 819 455 834 462 835 462 837 464 917 464 917 462 919 462 936 455 944 452 971 455 1018 459 1020 459 1155 453 1157 437 1155 392 986 400 975 392 969 386 968 386 966 386 925 386 923 386 922 386 920 386 914 392 904 400 880 400 871 392 865 386 864 386 862 386 861 386 834 392 807 397 797 392 783 385 782 385 730 385 728 385 727 385 715 392 707 395 685 392 646 385 645 385 643 385 623 392 611 395 587 392 536 383 535 383 480 392 453 395 426 392 361 382 359 382 358 382 339 392 334 394 330 392 316 386 315 386 313 386 288 392 278 394 275 392 260 380 258 380 257 380 255 380 254 380 234 388 193 380 191 380 190 380 163 392 160 392 101 392 101 428"/></Shape>
	    <String CONTENT="greſſa &amp; prolata, &amp; generalis illius ſignificatio eſt"
                    HPOS="101"
                    VPOS="380"
                    WIDTH="1056"
                    HEIGHT="84"
                    WC="0.981410214361155"></String>
          </TextLine>

          
          
          <TextLine ID="eSc_line_ae2e2ee4"
                    TAGREFS="LT4119"
                    BASELINE="99 487 1154 495" 
                    HPOS="98"
                    VPOS="444"
                    WIDTH="1056"
                    HEIGHT="70">
            <Shape><Polygon POINTS="99 487 98 502 535 514 536 514 1152 511 1154 495 1152 464 1069 450 1067 450 1066 450 1041 462 1039 462 980 462 965 462 941 449 939 449 901 449 899 449 898 449 874 461 873 461 801 449 800 449 798 449 797 449 783 461 782 462 733 462 606 461 605 459 574 449 572 449 571 449 484 458 483 458 435 446 434 446 432 446 352 453 309 444 307 444 306 444 285 455 251 444 249 444 248 444 99 455 99 487"/></Shape>
	    <String CONTENT="&amp; acceptio. Sermonem enim quemlibet notat"
                    HPOS="98"
                    VPOS="444"
                    WIDTH="1056"
                    HEIGHT="70"
                    WC="0.992616948558063"></String>
          </TextLine>

          
          
          <TextLine ID="eSc_line_501e4244"
                    TAGREFS="LT4119"
                    BASELINE="99 545 1155 551" 
                    HPOS="98"
                    VPOS="499"
                    WIDTH="1057"
                    HEIGHT="78">
            <Shape><Polygon POINTS="99 545 98 565 252 572 254 572 255 572 275 566 282 565 300 566 367 574 368 574 469 568 513 565 566 568 673 574 675 574 798 568 859 566 873 569 908 577 910 577 1154 569 1155 551 1154 516 1103 504 1102 504 1100 504 1070 514 1067 514 953 507 951 507 950 507 929 514 926 514 919 514 825 502 823 502 822 502 798 513 798 514 762 514 762 513 751 504 751 502 749 502 748 502 746 502 554 511 551 511 550 511 536 501 535 501 533 501 532 501 530 501 508 510 501 504 499 504 498 504 496 504 428 511 420 511 416 511 361 499 295 499 294 499 292 499 269 510 240 502 239 502 237 502 236 502 209 510 208 510 206 510 187 499 185 499 184 499 99 508 99 545"/></Shape>
	    <String CONTENT="etiã apud Homerum vox Μῦθος. Iubet igitur ſo¬"
                    HPOS="98"
                    VPOS="499"
                    WIDTH="1057"
                    HEIGHT="78"></String>
          </TextLine>

          
          
          <TextLine ID="eSc_line_99f6b0fb"
                    TAGREFS="LT4119"
                    BASELINE="99 605 1154 611" 
                    HPOS="98"
                    VPOS="557"
                    WIDTH="1056"
                    HEIGHT="81">
            <Shape><Polygon POINTS="98 623 251 633 252 633 325 624 340 623 343 624 359 635 361 635 362 635 364 635 401 627 456 635 458 635 459 635 495 624 498 624 502 624 544 632 545 632 694 627 754 636 755 636 853 626 858 626 861 626 925 638 926 638 1152 626 1154 611 1151 568 1066 575 1026 566 1012 563 1011 563 1009 563 1008 563 1006 566 993 577 890 577 837 563 823 562 822 562 820 562 819 562 817 563 804 575 734 575 715 563 715 562 713 562 712 562 673 562 672 562 661 562 572 572 562 563 560 563 559 563 507 560 472 560 471 560 469 560 468 560 434 572 417 562 416 562 414 562 413 562 349 569 288 559 285 559 284 559 282 559 221 571 190 559 188 559 187 559 133 565 101 557 99 605 98 623"/></Shape>
	    <String CONTENT="briè potius eas delibare Paulus, quàm ijs inhære¬"
                    HPOS="98"
                    VPOS="557"
                    WIDTH="1056"
                    HEIGHT="81"
                    WC="0.99414630614075"></String>
          </TextLine>

          
          
          <TextLine ID="eSc_line_a7f513d7"
                    TAGREFS="LT4119"
                    BASELINE="96 663 1154 670" 
                    HPOS="95"
                    VPOS="618"
                    WIDTH="1059"
                    HEIGHT="69">
            <Shape><Polygon POINTS="96 663 95 679 1151 687 1154 670 1152 635 1049 624 1048 624 1047 624 1018 633 1006 638 942 638 933 632 914 623 913 623 911 623 910 623 908 623 893 632 887 636 765 636 746 632 699 621 697 621 696 621 678 630 672 633 654 630 602 621 600 621 551 630 530 633 526 630 513 620 511 620 510 620 376 620 374 620 337 629 324 632 319 629 310 620 310 618 309 618 307 618 306 618 245 627 226 630 214 627 184 618 182 618 181 618 96 626 96 663"/></Shape>
	    <String CONTENT="re &amp; immorari. Ait enim Ne atrendant. Nam"
                    HPOS="95"
                    VPOS="618"
                    WIDTH="1059"
                    HEIGHT="69"
                    WC="0.982021856598738"></String>
          </TextLine>

          
          
          <TextLine ID="eSc_line_b6aa70e6"
                    TAGREFS="LT4119"
                    BASELINE="99 721 1151 731" 
                    HPOS="99"
                    VPOS="675"
                    WIDTH="1052"
                    HEIGHT="79">
            <Shape><Polygon POINTS="99 721 99 743 237 737 270 746 273 746 275 746 276 746 287 746 340 740 511 748 522 748 523 748 524 748 545 740 582 749 588 749 590 749 603 749 700 742 795 742 804 751 806 751 807 751 809 751 834 751 1127 746 1146 754 1151 731 1149 696 1097 685 1096 685 1042 693 1002 682 1000 682 999 682 997 682 975 693 812 693 810 691 795 681 794 681 792 681 791 681 724 690 715 691 713 690 703 681 703 679 701 679 700 679 699 679 697 679 669 688 654 679 652 679 651 679 649 679 608 681 606 681 605 681 594 688 591 690 519 690 517 688 507 679 507 678 505 678 504 678 502 678 458 687 456 687 400 676 398 676 397 676 379 685 359 676 358 676 356 676 306 685 304 685 301 685 249 675 248 675 99 682 99 721"/></Shape>
	    <String CONTENT="quaſdam tradit etiam Dei verbum nec inanes,"
                    HPOS="99"
                    VPOS="675"
                    WIDTH="1052"
                    HEIGHT="79"
                    WC="0.99213639802711"></String>
          </TextLine>

          
          
          <TextLine ID="eSc_line_a7c40608"
                    TAGREFS="LT4119"
                    BASELINE="95 782 1151 788" 
                    HPOS="93"
                    VPOS="736"
                    WIDTH="1058"
                    HEIGHT="71">
            <Shape><Polygon POINTS="95 782 93 801 1148 807 1151 788 1149 752 1045 745 1044 745 965 751 941 752 936 751 923 740 922 740 920 740 892 740 890 740 889 740 887 740 875 751 874 752 782 752 779 749 755 740 754 740 752 740 751 740 749 740 737 749 734 752 676 752 673 749 660 739 658 739 657 739 655 739 603 746 591 737 590 737 588 737 587 737 478 749 468 749 465 749 441 739 440 739 358 736 233 736 232 736 230 736 229 736 214 748 212 749 187 749 184 748 142 736 141 736 139 736 138 736 136 736 121 748 118 748 95 748 95 782"/></Shape>
	    <String CONTENT="nec infructuoſas: nec tantùm vetus teſtamentum,"
                    HPOS="93"
                    VPOS="736"
                    WIDTH="1058"
                    HEIGHT="71"
                    WC="0.978796945263942"></String>
          </TextLine>

          
          
          <TextLine ID="eSc_line_c6531595"
                    TAGREFS="LT4119"
                    BASELINE="95 838 1152 847" 
                    HPOS="93"
                    VPOS="791"
                    WIDTH="1059"
                    HEIGHT="77">
            <Shape><Polygon POINTS="95 838 93 859 1149 868 1152 847 1152 813 1127 813 1125 812 1105 798 1103 798 1102 798 1100 798 1036 806 951 797 950 797 948 797 922 809 905 797 904 797 902 797 803 797 801 797 800 797 754 809 752 809 730 795 728 795 727 795 725 795 724 795 722 795 707 809 706 810 657 810 651 807 603 794 602 794 554 794 553 794 551 794 550 794 532 807 529 807 232 806 230 804 212 791 211 791 209 791 120 791 118 791 117 791 95 801 95 838"/></Shape>
	    <String CONTENT="ſed etiam nouum, vti Genealogiã Chriſti ipſius."
                    HPOS="93"
                    VPOS="791"
                    WIDTH="1059"
                    HEIGHT="77"
                    WC="0.990591935813427"></String>
          </TextLine>

          
          
          <TextLine ID="eSc_line_9e0de1d6"
                    TAGREFS="LT4119"
                    BASELINE="96 896 1154 907" 
                    HPOS="95"
                    VPOS="852"
                    WIDTH="1059"
                    HEIGHT="74">
            <Shape><Polygon POINTS="96 896 95 914 1151 926 1154 907 1152 871 1107 861 1106 861 1105 861 1075 870 1066 871 1026 868 968 864 966 864 917 867 856 870 843 865 825 858 823 858 822 858 761 864 709 868 675 862 645 856 643 856 605 861 554 867 547 859 542 856 542 855 541 855 539 855 446 855 444 855 443 855 441 855 438 858 431 864 410 856 403 855 401 855 400 855 386 856 340 864 330 855 328 855 328 853 327 853 325 853 324 853 273 855 272 855 270 855 260 864 171 864 157 852 156 852 154 852 96 852 96 896"/></Shape>
	    <String CONTENT="Id quod fit ad fidei noſtræ confirmationem, &amp;"
                    HPOS="95"
                    VPOS="852"
                    WIDTH="1059"
                    HEIGHT="74"
                    WC="0.995512375566694"></String>
          </TextLine>

          
          
          <TextLine ID="eSc_line_ad840a20"
                    TAGREFS="LT4119"
                    BASELINE="96 957 1154 965" 
                    HPOS="95"
                    VPOS="911"
                    WIDTH="1059"
                    HEIGHT="79">
            <Shape><Polygon POINTS="96 957 95 974 147 986 148 986 292 977 306 977 383 977 383 978 403 987 404 987 406 987 407 987 429 978 432 978 499 978 504 980 517 989 519 989 520 989 522 989 571 981 580 980 603 981 731 990 733 990 1152 987 1154 965 1152 929 1060 917 1058 917 1057 917 1027 928 1026 928 1024 928 1002 917 1000 917 939 916 938 916 936 916 911 926 910 928 803 928 798 925 773 916 771 916 770 916 666 923 646 925 645 923 635 916 635 914 633 914 632 914 569 914 568 914 566 914 547 923 542 925 538 922 520 913 519 913 431 913 429 913 428 913 413 922 407 925 382 925 379 920 370 914 370 913 368 913 367 913 365 913 364 913 343 920 334 923 255 923 249 920 237 911 236 911 234 911 208 911 206 911 205 911 203 911 203 913 196 919 191 922 96 919 96 957"/></Shape>
	    <String CONTENT="vere humanitatis Chriſti approbationẽ, in quibus"
                    HPOS="95"
                    VPOS="911"
                    WIDTH="1059"
                    HEIGHT="79"
                    WC="0.972232505983236"></String>
          </TextLine>

          
          
          <TextLine ID="eSc_line_7841d331"
                    TAGREFS="LT4119"
                    BASELINE="98 1017 1157 1023" 
                    HPOS="98"
                    VPOS="974"
                    WIDTH="1059"
                    HEIGHT="71">
            <Shape><Polygon POINTS="98 1017 98 1036 416 1035 471 1041 496 1042 498 1042 529 1041 614 1035 743 1042 776 1044 777 1044 779 1044 782 1042 795 1036 890 1036 965 1044 980 1045 981 1045 991 1044 1038 1038 1099 1045 1103 1045 1105 1045 1106 1045 1127 1038 1152 1045 1157 1023 1157 990 1039 978 1038 978 1036 978 1035 978 1021 987 1018 990 950 990 932 986 878 977 877 977 743 983 652 987 632 981 611 975 609 975 458 975 456 975 440 978 407 986 379 977 365 974 364 974 333 974 331 974 330 974 328 974 328 975 325 977 316 986 147 986 98 974 98 1017"/></Shape>
	    <String CONTENT="eatenus nobis verſari licet quatenus &amp; modum"
                    HPOS="98"
                    VPOS="974"
                    WIDTH="1059"
                    HEIGHT="71"
                    WC="0.982273146510124"></String>
          </TextLine>

          
          
          <TextLine ID="eSc_line_ec3e7af0"
                    TAGREFS="LT4119"
                    BASELINE="95 1075 1152 1081" 
                    HPOS="93"
                    VPOS="1029"
                    WIDTH="1059"
                    HEIGHT="78">
            <Shape><Polygon POINTS="93 1090 169 1091 178 1100 179 1100 181 1100 182 1100 184 1100 209 1093 239 1102 240 1102 242 1103 242 1102 243 1102 275 1093 371 1100 373 1100 410 1094 425 1102 426 1102 428 1102 429 1102 431 1102 440 1094 450 1103 452 1103 453 1103 455 1103 612 1094 623 1103 623 1105 624 1105 626 1105 627 1106 684 1106 684 1105 685 1105 687 1105 696 1096 728 1105 730 1105 731 1105 804 1096 835 1105 837 1105 838 1105 840 1105 862 1096 887 1106 889 1106 890 1107 1094 1107 1094 1106 1151 1096 1152 1081 1152 1044 1139 1035 1137 1035 1136 1035 1134 1035 1133 1035 1106 1044 1076 1035 1075 1035 1073 1035 1072 1035 1055 1044 1051 1047 899 1047 886 1041 865 1035 864 1035 862 1035 861 1035 847 1041 838 1045 831 1041 822 1033 820 1033 819 1033 789 1033 788 1033 786 1033 770 1039 755 1047 667 1047 655 1038 649 1033 648 1033 646 1033 565 1032 563 1032 562 1032 551 1036 532 1045 455 1045 438 1035 437 1035 435 1035 358 1030 356 1030 355 1030 349 1033 325 1044 123 1044 96 1029 95 1075 93 1090"/></Shape>
	    <String CONTENT="teneamus, &amp; ſcopum à Spiritu ſancto propoſitũ"
                    HPOS="93"
                    VPOS="1029"
                    WIDTH="1059"
                    HEIGHT="78"
                    WC="0.996878199120785"></String>
          </TextLine>

          
          
          <TextLine ID="eSc_line_d633a8b7"
                    TAGREFS="LT4119"
                    BASELINE="93 1134 1152 1140" 
                    HPOS="93"
                    VPOS="1088"
                    WIDTH="1059"
                    HEIGHT="76">
            <Shape><Polygon POINTS="93 1134 93 1152 270 1151 275 1154 281 1160 282 1160 284 1160 285 1161 337 1161 337 1160 339 1160 352 1154 356 1152 514 1152 519 1155 526 1161 527 1161 529 1161 530 1161 638 1155 649 1155 654 1155 688 1163 690 1163 823 1157 825 1157 826 1157 889 1164 890 1164 1151 1157 1152 1140 1151 1105 1088 1094 1087 1094 1032 1102 1020 1103 969 1102 852 1096 850 1096 801 1099 751 1102 743 1097 737 1093 736 1093 734 1093 733 1093 731 1093 719 1097 707 1103 624 1103 606 1096 593 1091 591 1091 590 1091 513 1094 367 1100 350 1091 346 1090 345 1090 343 1090 306 1091 144 1099 93 1088 93 1134"/></Shape>
	    <String CONTENT="non tranſiliamus. Sic fecerunt quoque Patres, vt"
                    HPOS="93"
                    VPOS="1088"
                    WIDTH="1059"
                    HEIGHT="76"
                    WC="0.974486901114384"></String>
          </TextLine>

          
          
          <TextLine ID="eSc_line_aa1b14d6"
                    TAGREFS="LT4119"
                    BASELINE="92 1192 1148 1200" 
                    HPOS="90"
                    VPOS="1145"
                    WIDTH="1058"
                    HEIGHT="80">
            <Shape><Polygon POINTS="92 1192 90 1215 196 1219 197 1219 220 1216 243 1212 257 1216 269 1219 270 1219 272 1219 273 1219 287 1216 303 1212 333 1216 370 1221 371 1221 407 1216 429 1213 444 1216 468 1221 469 1221 471 1221 481 1216 489 1213 560 1216 725 1223 727 1223 920 1218 938 1225 939 1225 941 1225 942 1225 944 1225 954 1218 1015 1225 1017 1225 1146 1216 1148 1200 1146 1160 983 1151 981 1151 980 1151 963 1158 959 1160 825 1160 820 1157 797 1149 795 1149 794 1149 792 1149 762 1157 757 1158 751 1157 725 1148 724 1148 722 1148 721 1148 693 1157 690 1157 687 1157 646 1148 645 1148 603 1155 596 1157 581 1155 513 1149 511 1149 425 1155 413 1155 411 1155 403 1146 401 1146 400 1146 398 1146 319 1154 306 1155 298 1154 257 1145 255 1145 215 1154 214 1154 211 1154 175 1145 174 1145 172 1145 92 1152 92 1192"/></Shape>
	    <String CONTENT="Auguſtinus lib 2.3.7. contra Fauſtum, &amp; lib.2. de"
                    HPOS="90"
                    VPOS="1145"
                    WIDTH="1058"
                    HEIGHT="80"
                    WC="0.980635091966512"></String>
          </TextLine>

          
          
          <TextLine ID="eSc_line_83190849"
                    TAGREFS="LT4119"
                    BASELINE="96 1253 642 1250" 
                    HPOS="95"
                    VPOS="1203"
                    WIDTH="547"
                    HEIGHT="67">
            <Shape><Polygon POINTS="96 1253 96 1270 641 1268 642 1250 639 1218 597 1218 597 1216 585 1207 584 1207 582 1207 581 1207 580 1207 545 1216 527 1203 526 1203 524 1203 523 1203 522 1203 495 1210 487 1204 487 1203 486 1203 484 1203 483 1203 481 1203 480 1203 480 1204 465 1216 465 1218 358 1218 355 1216 339 1204 337 1204 336 1204 282 1204 281 1204 279 1204 278 1204 278 1206 266 1216 264 1218 243 1218 243 1216 232 1206 232 1204 230 1204 229 1204 205 1204 203 1204 202 1204 200 1204 185 1216 114 1204 113 1204 111 1204 110 1204 95 1212 96 1253"/></Shape>
	    <String CONTENT="Conſenſ. Euangeliſt."
                    HPOS="95"
                    VPOS="1203"
                    WIDTH="547"
                    HEIGHT="67"
                    WC="0.990963441133499"></String>
          </TextLine>

          
          
          <TextLine ID="eSc_line_501cb4b6"
                    TAGREFS="LT4119"
                    BASELINE="150 1310 1145 1316" 
                    HPOS="148"
                    VPOS="1262"
                    WIDTH="997"
                    HEIGHT="80">
            <Shape><Polygon POINTS="148 1326 236 1338 237 1339 330 1339 330 1338 331 1338 333 1338 343 1329 386 1329 388 1329 400 1339 401 1339 403 1339 404 1339 455 1331 544 1339 545 1339 602 1331 609 1331 615 1331 682 1341 684 1341 685 1341 706 1334 722 1341 724 1341 725 1341 810 1332 823 1332 843 1334 963 1342 965 1342 1143 1335 1145 1316 1145 1276 1113 1267 1112 1267 1110 1267 1109 1267 1087 1274 1079 1277 1067 1274 1030 1267 1029 1267 1027 1267 1006 1274 997 1277 989 1274 963 1267 962 1267 960 1267 959 1267 957 1267 957 1268 950 1274 945 1279 905 1279 896 1274 873 1265 871 1265 870 1265 868 1265 847 1274 846 1274 838 1274 786 1267 785 1267 754 1273 742 1276 734 1273 715 1265 713 1265 712 1265 710 1265 684 1273 673 1276 655 1273 609 1265 608 1265 551 1273 535 1274 529 1273 510 1265 508 1265 507 1265 505 1265 504 1265 493 1273 489 1276 401 1276 339 1273 337 1271 324 1262 322 1262 321 1262 272 1262 270 1262 269 1262 267 1262 257 1271 255 1273 249 1271 224 1262 223 1262 221 1262 150 1270 150 1310"/></Shape>
	    <String CONTENT="Hæ diſputationes &amp; inueſtigationes nimiæ, vi¬"
                    HPOS="148"
                    VPOS="1262"
                    WIDTH="997"
                    HEIGHT="80"
                    WC="0.98831254641215"></String>
          </TextLine>

          
          
          <TextLine ID="eSc_line_0e67d7dd"
                    TAGREFS="LT4119"
                    BASELINE="93 1366 1143 1377" 
                    HPOS="92"
                    VPOS="1320"
                    WIDTH="1051"
                    HEIGHT="82">
            <Shape><Polygon POINTS="93 1366 92 1381 116 1393 117 1393 118 1393 242 1384 304 1393 306 1393 379 1386 407 1396 408 1396 754 1397 755 1397 823 1390 939 1400 941 1400 993 1392 1051 1402 1052 1402 1142 1392 1143 1377 1143 1332 1039 1329 1038 1329 1036 1329 1029 1331 999 1341 980 1332 978 1332 977 1332 926 1339 913 1331 910 1328 908 1328 907 1328 905 1328 886 1331 861 1335 847 1331 834 1326 832 1326 831 1326 807 1331 768 1338 681 1338 663 1331 648 1325 646 1325 645 1325 643 1325 627 1331 609 1337 533 1337 523 1329 513 1323 511 1323 510 1323 508 1323 452 1329 400 1335 303 1329 272 1328 270 1328 269 1328 263 1329 246 1334 230 1329 217 1325 215 1325 214 1325 187 1329 166 1332 157 1329 139 1320 138 1320 136 1320 93 1328 93 1366"/></Shape>
	    <String CONTENT="dentur ex eo cepiſſe, quod ante Chriſtum &amp; ſub"
                    HPOS="92"
                    VPOS="1320"
                    WIDTH="1051"
                    HEIGHT="82"
                    WC="0.991081862345986"></String>
          </TextLine>

          
          
          <TextLine ID="eSc_line_aafcb354"
                    TAGREFS="LT4119"
                    BASELINE="92 1427 1145 1438" 
                    HPOS="92"
                    VPOS="1378"
                    WIDTH="1053"
                    HEIGHT="83">
            <Shape><Polygon POINTS="92 1427 92 1450 287 1445 337 1451 358 1453 359 1453 361 1453 365 1451 374 1445 385 1451 394 1455 395 1455 397 1455 398 1455 416 1451 428 1448 446 1451 475 1455 477 1455 478 1455 480 1455 487 1451 492 1448 526 1451 591 1457 593 1457 639 1451 664 1448 697 1451 768 1458 770 1458 853 1451 864 1451 870 1451 920 1460 922 1460 968 1451 974 1451 981 1451 1054 1461 1055 1461 1057 1461 1079 1453 1143 1453 1145 1438 1145 1397 1122 1387 1121 1387 1119 1387 1118 1387 1088 1397 1067 1389 1066 1389 1064 1389 1063 1389 1029 1397 1027 1397 1026 1397 996 1386 994 1386 993 1386 925 1396 923 1396 922 1396 911 1387 911 1386 910 1386 908 1386 870 1386 868 1386 867 1386 846 1395 843 1396 797 1396 794 1395 774 1384 773 1384 771 1384 699 1393 693 1395 545 1395 539 1392 519 1381 517 1381 516 1381 446 1390 429 1392 422 1390 394 1380 392 1380 343 1380 342 1380 340 1380 339 1380 330 1389 328 1389 325 1389 272 1380 270 1380 269 1380 249 1387 243 1390 240 1387 232 1380 232 1378 230 1378 229 1378 227 1378 226 1378 202 1387 194 1390 133 1390 127 1386 116 1378 114 1378 113 1378 111 1378 110 1378 92 1384 92 1427"/></Shape>
	    <String CONTENT="lege ſtudioſè inter Iudæos cuiuſque familiæ deſ¬"
                    HPOS="92"
                    VPOS="1378"
                    WIDTH="1053"
                    HEIGHT="83"
                    WC="0.987811416995769"></String>
          </TextLine>

          
          
          <TextLine ID="eSc_line_4f4c4a17"
                    TAGREFS="LT4119"
                    BASELINE="90 1485 1145 1494" 
                    HPOS="89"
                    VPOS="1441"
                    WIDTH="1056"
                    HEIGHT="77">
            <Shape><Polygon POINTS="90 1485 89 1499 139 1511 141 1512 229 1512 229 1511 230 1511 255 1502 266 1509 267 1509 269 1509 270 1509 334 1503 346 1512 348 1512 349 1512 350 1512 395 1503 420 1512 422 1512 423 1512 425 1512 426 1512 441 1503 489 1513 490 1515 575 1515 575 1513 577 1513 591 1506 670 1515 672 1515 707 1508 774 1515 776 1515 887 1509 910 1516 911 1516 913 1516 951 1509 1066 1518 1067 1518 1069 1518 1070 1518 1085 1509 1143 1509 1145 1494 1145 1458 1105 1448 1103 1448 1102 1448 1100 1448 1099 1448 1085 1457 1082 1460 899 1460 895 1457 877 1448 875 1448 874 1448 873 1448 871 1448 859 1457 853 1460 822 1460 817 1455 807 1448 806 1448 804 1448 803 1448 801 1448 800 1448 789 1455 786 1458 709 1458 706 1455 694 1445 693 1445 691 1445 617 1444 615 1444 614 1444 577 1454 572 1455 568 1454 530 1444 529 1444 527 1444 526 1444 502 1454 498 1455 486 1454 408 1442 266 1442 264 1442 263 1442 243 1450 230 1441 229 1441 227 1441 184 1441 182 1441 181 1441 179 1441 163 1453 162 1453 133 1445 132 1445 130 1445 90 1451 90 1485"/></Shape>
	    <String CONTENT="criptio fiebat &amp; tum publicis archiuis, tum pri¬"
                    HPOS="89"
                    VPOS="1441"
                    WIDTH="1056"
                    HEIGHT="77"
                    WC="0.997359512994687"></String>
          </TextLine>

          
          
          <TextLine ID="eSc_line_0362cd64"
                    TAGREFS="LT4119"
                    BASELINE="87 1545 1146 1555" 
                    HPOS="87"
                    VPOS="1503"
                    WIDTH="1059"
                    HEIGHT="76">
            <Shape><Polygon POINTS="87 1545 87 1569 520 1566 533 1570 548 1574 550 1574 551 1574 584 1570 605 1567 617 1570 633 1574 635 1574 636 1574 663 1570 681 1567 690 1570 704 1576 706 1576 707 1576 765 1570 786 1569 807 1570 878 1577 880 1577 980 1570 993 1570 1005 1570 1100 1579 1102 1579 1145 1570 1146 1555 1146 1516 1070 1509 1069 1509 1067 1509 1066 1509 1060 1515 1057 1518 999 1518 990 1513 969 1508 968 1508 966 1508 965 1508 963 1508 956 1513 954 1516 853 1516 840 1512 806 1506 804 1506 739 1512 713 1513 709 1512 696 1505 694 1505 693 1505 594 1511 559 1512 553 1511 538 1503 536 1503 535 1503 87 1505 87 1545"/></Shape>
	    <String CONTENT="uatis monimentis religioſè &amp; diligenter ſeruaba¬"
                    HPOS="87"
                    VPOS="1503"
                    WIDTH="1059"
                    HEIGHT="76"
                    WC="0.991295452020606"></String>
          </TextLine>

          
          
          <TextLine ID="eSc_line_c8fb3c82"
                    TAGREFS="LT4119"
                    BASELINE="89 1604 1142 1615" 
                    HPOS="87"
                    VPOS="1558"
                    WIDTH="1055"
                    HEIGHT="76">
            <Shape><Polygon POINTS="87 1624 1139 1634 1142 1615 1140 1580 1042 1580 1036 1577 993 1566 991 1566 990 1566 989 1566 959 1576 907 1566 905 1566 904 1566 902 1566 886 1576 881 1579 843 1579 831 1574 798 1564 797 1564 795 1564 722 1573 691 1576 661 1571 603 1563 602 1563 600 1563 575 1570 562 1574 556 1570 544 1561 542 1561 541 1561 539 1561 538 1561 513 1569 449 1561 447 1561 446 1561 444 1561 434 1569 425 1573 301 1569 297 1566 290 1560 288 1560 287 1560 136 1558 135 1558 133 1558 132 1558 126 1563 116 1570 90 1563 89 1604 87 1624"/></Shape>
	    <String CONTENT="tur, adeò vt reiecti ſint &amp; expulſi ex ſacrificato¬"
                    HPOS="87"
                    VPOS="1558"
                    WIDTH="1055"
                    HEIGHT="76"
                    WC="0.991739604335565"></String>
          </TextLine>

          
          
          <TextLine ID="eSc_line_7bcebc6b"
                    TAGREFS="LT4119"
                    BASELINE="86 1662 1139 1674" 
                    HPOS="84"
                    VPOS="1621"
                    WIDTH="1055"
                    HEIGHT="71">
            <Shape><Polygon POINTS="86 1662 84 1683 1136 1692 1139 1674 1137 1628 1081 1638 1054 1628 1052 1628 1051 1628 1011 1637 977 1627 975 1627 974 1627 972 1627 966 1627 875 1637 771 1627 745 1624 743 1624 742 1624 737 1625 721 1634 652 1634 624 1625 614 1622 612 1622 611 1622 609 1622 599 1625 574 1632 499 1631 490 1625 484 1621 483 1621 481 1621 480 1621 444 1625 388 1631 362 1624 350 1621 349 1621 348 1621 346 1621 333 1624 312 1629 298 1624 294 1622 292 1622 291 1622 290 1622 285 1624 269 1629 86 1624 86 1662"/></Shape>
	    <String CONTENT="rum numero qui ſuam Genealogiam oſtendere"
                    HPOS="84"
                    VPOS="1621"
                    WIDTH="1055"
                    HEIGHT="71"
                    WC="0.988817241133713"></String>
          </TextLine>

          
          
          <TextLine ID="eSc_line_a7ad41de"
                    TAGREFS="LT4119"
                    BASELINE="87 1722 1140 1731" 
                    HPOS="86"
                    VPOS="1676"
                    WIDTH="1054"
                    HEIGHT="80">
            <Shape><Polygon POINTS="87 1722 86 1738 123 1748 124 1748 126 1748 127 1748 142 1741 185 1748 187 1748 408 1741 425 1741 426 1741 452 1751 453 1751 455 1751 456 1751 495 1743 524 1743 612 1743 614 1743 643 1753 645 1753 646 1754 740 1754 740 1753 742 1753 771 1744 825 1754 826 1754 884 1745 972 1756 974 1756 1139 1745 1140 1731 1139 1696 1090 1686 1088 1686 1049 1695 1047 1695 1038 1695 932 1687 931 1687 874 1693 870 1693 858 1686 856 1686 855 1686 853 1686 852 1686 837 1693 820 1682 819 1682 817 1682 816 1682 815 1682 813 1682 813 1683 803 1692 773 1682 771 1682 770 1682 707 1689 694 1680 693 1680 691 1680 624 1680 623 1680 621 1680 620 1680 606 1692 602 1692 444 1692 441 1690 416 1679 414 1679 413 1679 411 1679 394 1686 383 1677 382 1677 380 1677 261 1676 260 1676 258 1676 218 1687 187 1676 185 1676 184 1676 87 1686 87 1722"/></Shape>
	    <String CONTENT="non poſſent. Num. 1.verſ.18, &amp; Nehem. 7. V.62."
                    HPOS="86"
                    VPOS="1676"
                    WIDTH="1054"
                    HEIGHT="80"
                    WC="0.969696984342907"></String>
          </TextLine>

          
          
          <TextLine ID="eSc_line_dc1e60c9"
                    TAGREFS="LT4119"
                    BASELINE="87 1777 1140 1789" 
                    HPOS="86"
                    VPOS="1731"
                    WIDTH="1054"
                    HEIGHT="84">
            <Shape><Polygon POINTS="87 1777 86 1799 148 1805 150 1805 174 1801 203 1796 220 1802 233 1806 234 1806 236 1806 237 1806 248 1802 260 1798 264 1802 269 1806 270 1806 272 1806 273 1806 275 1806 276 1806 281 1804 288 1798 295 1804 300 1806 301 1806 303 1806 304 1806 306 1806 313 1804 325 1798 389 1805 400 1805 401 1805 407 1805 450 1799 493 1806 508 1808 510 1808 530 1806 600 1801 609 1808 611 1809 612 1809 614 1809 615 1809 624 1808 655 1802 703 1809 718 1811 719 1811 730 1809 765 1804 776 1811 777 1812 779 1812 780 1812 782 1812 798 1811 856 1804 875 1812 880 1814 881 1814 1009 1815 1011 1815 1024 1814 1087 1806 1137 1815 1140 1789 1139 1748 1088 1743 1087 1743 1085 1743 1084 1743 1078 1747 1073 1750 1067 1747 1060 1743 1058 1743 1057 1743 1055 1743 1041 1745 1015 1753 1008 1745 1006 1745 1006 1744 1005 1744 1003 1744 881 1741 880 1741 878 1741 874 1744 861 1750 847 1743 846 1743 844 1743 843 1743 841 1743 840 1743 825 1750 771 1743 770 1743 768 1743 767 1743 755 1750 614 1750 575 1738 568 1737 566 1737 565 1737 563 1737 559 1738 538 1747 514 1737 513 1737 511 1737 510 1737 508 1737 507 1737 481 1747 420 1735 414 1735 413 1735 411 1735 410 1735 374 1745 352 1735 350 1734 349 1734 260 1734 246 1734 245 1734 243 1734 218 1744 87 1731 87 1777"/></Shape>
	    <String CONTENT="Igitur iuſſi ſunt eas habere tum in archiuis publi¬"
                    HPOS="86"
                    VPOS="1731"
                    WIDTH="1054"
                    HEIGHT="84"
                    WC="0.982447081921147"></String>
          </TextLine>

          
          
          <TextLine ID="eSc_line_57a7cd1f"
                    TAGREFS="LT4119"
                    BASELINE="89 1838 1137 1848" 
                    HPOS="87"
                    VPOS="1792"
                    WIDTH="1050"
                    HEIGHT="80">
            <Shape><Polygon POINTS="89 1838 87 1853 230 1854 251 1864 252 1864 254 1864 312 1857 688 1869 690 1869 691 1869 722 1862 862 1870 864 1870 942 1863 987 1872 989 1872 1035 1864 1113 1872 1115 1872 1116 1872 1136 1863 1137 1848 1134 1806 840 1811 797 1811 791 1805 783 1799 783 1798 782 1798 780 1798 779 1798 710 1805 700 1805 699 1805 687 1796 685 1796 684 1796 682 1796 585 1802 495 1795 493 1795 492 1795 490 1795 490 1796 480 1804 480 1805 475 1804 447 1795 446 1795 444 1795 443 1795 441 1795 426 1804 420 1806 273 1806 264 1804 215 1792 214 1792 89 1802 89 1838"/></Shape>
	    <String CONTENT="cis tum priuatis ſcriniis Iudæi Numer. 25.verſ.5."
                    HPOS="87"
                    VPOS="1792"
                    WIDTH="1050"
                    HEIGHT="80"
                    WC="0.984509905990289"></String>
          </TextLine>

          
          
          <TextLine ID="eSc_line_5b5ede44"
                    TAGREFS="LT4119"
                    BASELINE="84 1896 1142 1906" 
                    HPOS="83"
                    VPOS="1851"
                    WIDTH="1059"
                    HEIGHT="79">
            <Shape><Polygon POINTS="84 1896 83 1912 90 1920 90 1921 92 1921 93 1921 95 1921 174 1914 196 1921 197 1921 199 1921 321 1915 336 1924 337 1924 339 1924 340 1924 394 1917 541 1927 542 1927 620 1918 626 1918 632 1918 694 1928 696 1930 801 1930 801 1928 803 1928 829 1921 837 1920 843 1921 864 1930 865 1930 867 1930 868 1930 896 1922 899 1922 904 1922 960 1930 962 1930 963 1930 965 1930 974 1924 977 1921 989 1924 1011 1930 1012 1930 1014 1930 1140 1925 1142 1906 1140 1864 1033 1860 1032 1860 1009 1863 965 1869 942 1863 931 1859 929 1859 928 1859 899 1862 846 1869 635 1867 627 1860 623 1857 623 1856 621 1856 620 1856 560 1856 559 1856 557 1856 556 1856 550 1860 542 1864 533 1860 522 1854 520 1854 490 1854 489 1854 487 1854 486 1854 486 1856 481 1859 474 1866 414 1866 401 1859 389 1853 388 1853 386 1853 385 1853 367 1859 350 1863 328 1859 303 1853 301 1853 300 1853 282 1857 261 1863 227 1857 190 1851 188 1851 84 1856 84 1896"/></Shape>
	    <String CONTENT="adeò vt Prophetæ ipſi libros totos de ijs edide¬"
                    HPOS="83"
                    VPOS="1851"
                    WIDTH="1059"
                    HEIGHT="79"
                    WC="0.968488837991442"></String>
          </TextLine>

          
          
          <TextLine ID="eSc_line_6e30968b"
                    TAGREFS="LT4119"
                    BASELINE="84 1955 690 1966 1139 1964" 
                    HPOS="83"
                    VPOS="1912"
                    WIDTH="1056"
                    HEIGHT="77">
            <Shape><Polygon POINTS="84 1955 83 1969 539 1985 541 1985 660 1976 688 1986 690 1986 691 1986 832 1980 840 1986 840 1988 841 1988 843 1988 844 1989 901 1989 901 1988 902 1988 938 1979 990 1989 991 1989 993 1989 1018 1980 1137 1980 1139 1964 1137 1931 1103 1920 1102 1920 1100 1920 1042 1930 1039 1930 1036 1930 960 1918 959 1918 957 1918 928 1928 926 1928 867 1921 865 1921 864 1921 846 1928 844 1928 828 1917 826 1917 825 1917 823 1917 822 1917 785 1927 783 1927 746 1920 745 1920 691 1925 664 1915 663 1915 661 1915 660 1915 621 1925 620 1925 594 1917 593 1917 591 1917 458 1924 449 1924 446 1924 389 1912 388 1912 343 1922 342 1922 292 1912 255 1912 254 1912 252 1912 251 1912 251 1914 240 1922 239 1922 84 1921 84 1955"/></Shape>
	    <String CONTENT="rint vt eſt 2 Chron. 12. verſ. 15. Sed in eo ratio di¬"
                    HPOS="83"
                    VPOS="1912"
                    WIDTH="1056"
                    HEIGHT="77"
                    WC="0.976293325976089"></String>
          </TextLine>

          
          
          <TextLine ID="eSc_line_fbf47674"
                    TAGREFS="LT4119"
                    BASELINE="83 2015 1137 2025" 
                    HPOS="81"
                    VPOS="1969"
                    WIDTH="1056"
                    HEIGHT="81">
            <Shape><Polygon POINTS="83 2015 81 2030 117 2038 118 2038 269 2034 291 2041 292 2041 294 2041 368 2034 376 2034 377 2034 397 2044 398 2044 400 2044 401 2044 434 2036 447 2044 449 2044 450 2044 535 2046 536 2046 612 2037 624 2037 672 2037 675 2038 684 2046 684 2047 685 2047 687 2047 688 2047 765 2040 770 2040 771 2040 795 2047 797 2047 798 2049 901 2049 901 2047 902 2047 904 2047 910 2041 913 2040 935 2043 1003 2050 1005 2050 1006 2050 1032 2044 1036 2043 1134 2044 1137 2025 1136 1988 987 1976 986 1976 914 1985 908 1986 838 1986 835 1985 816 1975 815 1975 813 1975 812 1975 791 1983 765 1975 764 1975 762 1975 761 1975 740 1983 739 1983 651 1983 651 1982 624 1973 623 1973 621 1973 560 1982 553 1982 548 1982 507 1972 505 1972 504 1972 477 1980 475 1982 386 1982 382 1979 348 1970 346 1970 298 1970 297 1970 295 1970 294 1970 281 1979 279 1979 276 1979 233 1969 232 1969 83 1976 83 2015"/></Shape>
	    <String CONTENT="uerſa fuit illis &amp; nobis, illi expectabant Chriſtum"
                    HPOS="81"
                    VPOS="1969"
                    WIDTH="1056"
                    HEIGHT="81"
                    WC="0.984181621495415"></String>
          </TextLine>

          
          
          <TextLine ID="eSc_line_364cd006"
                    TAGREFS="LT4119"
                    BASELINE="83 2074 1145 2083" 
                    HPOS="81"
                    VPOS="2033"
                    WIDTH="1064"
                    HEIGHT="77">
            <Shape><Polygon POINTS="83 2074 81 2089 227 2091 229 2092 248 2102 249 2102 251 2102 252 2102 272 2094 316 2102 318 2102 319 2102 321 2102 333 2094 353 2104 355 2104 437 2105 438 2105 524 2095 526 2095 527 2095 563 2105 565 2105 655 2107 657 2107 815 2098 825 2098 843 2098 1113 2110 1115 2110 1116 2110 1143 2101 1145 2083 1145 2044 1067 2038 1066 2038 1064 2038 1063 2038 1055 2043 1048 2049 978 2049 968 2043 957 2037 956 2037 954 2037 834 2043 810 2043 807 2043 789 2036 788 2036 786 2036 785 2036 771 2041 765 2046 649 2046 633 2041 594 2034 593 2034 591 2034 590 2034 580 2041 577 2044 462 2044 456 2041 441 2034 440 2034 438 2034 388 2040 377 2041 371 2040 342 2033 340 2033 339 2033 337 2033 313 2040 307 2041 208 2041 206 2040 194 2033 193 2033 191 2033 190 2033 83 2038 83 2074"/></Shape>
	    <String CONTENT="ex vna quadam &amp; certa ſuæ gentis familia, &amp; ge¬"
                    HPOS="81"
                    VPOS="2033"
                    WIDTH="1064"
                    HEIGHT="77"
                    WC="0.973398764082726"></String>
          </TextLine>

          
          
          <TextLine ID="eSc_line_9ad46806"
                    TAGREFS="LT4119"
                    BASELINE="81 2134 1136 2146" 
                    HPOS="81"
                    VPOS="2094"
                    WIDTH="1055"
                    HEIGHT="69">
            <Shape><Polygon POINTS="81 2134 81 2150 206 2150 214 2152 249 2159 251 2159 295 2152 301 2152 307 2152 346 2160 348 2160 349 2160 370 2154 493 2162 495 2162 581 2156 585 2156 587 2156 608 2163 609 2163 611 2163 1134 2162 1136 2146 1133 2101 1038 2110 968 2110 950 2099 948 2099 947 2099 896 2099 895 2099 893 2099 892 2099 880 2108 837 2099 825 2098 823 2098 804 2099 746 2107 737 2099 734 2098 734 2096 733 2096 731 2096 730 2096 728 2096 721 2099 707 2107 609 2107 584 2099 566 2095 565 2095 563 2095 527 2099 490 2104 475 2099 459 2094 458 2094 456 2094 81 2098 81 2134"/></Shape>
	    <String CONTENT="nere naſciturum, non ex quauis tribu. Idcirco di¬"
                    HPOS="81"
                    VPOS="2094"
                    WIDTH="1055"
                    HEIGHT="69"
                    WC="0.975599208656622"></String>
          </TextLine>

          
          
          <TextLine ID="eSc_line_f2c2da3f"
                    TAGREFS="LT4119"
                    BASELINE="80 2193 1130 2210" 
                    HPOS="78"
                    VPOS="2143"
                    WIDTH="1052"
                    HEIGHT="102">
            <Shape><Polygon POINTS="80 2193 78 2212 123 2223 124 2223 379 2223 406 2236 407 2236 408 2238 466 2238 466 2236 468 2236 511 2224 517 2223 519 2224 533 2238 535 2238 536 2238 569 2239 571 2241 629 2241 629 2239 630 2239 663 2227 675 2224 701 2229 727 2233 728 2233 730 2233 737 2230 748 2224 847 2233 861 2233 862 2233 864 2233 865 2233 889 2227 910 2235 939 2245 941 2245 942 2245 1128 2239 1130 2210 1130 2171 1102 2157 1100 2157 1099 2157 1051 2168 1038 2156 1036 2156 1035 2156 1033 2156 980 2168 975 2168 974 2166 956 2157 954 2157 953 2157 951 2157 929 2166 928 2168 865 2168 859 2165 838 2153 837 2153 835 2153 834 2153 812 2163 807 2166 749 2166 719 2160 691 2157 690 2157 657 2160 624 2162 617 2159 596 2150 594 2150 593 2150 514 2156 464 2160 422 2154 365 2146 364 2146 362 2146 339 2153 321 2157 312 2152 303 2146 301 2146 300 2146 298 2146 297 2146 278 2152 261 2156 248 2150 233 2144 232 2144 230 2144 194 2149 165 2153 151 2149 136 2143 135 2143 133 2143 80 2146 80 2193"/></Shape>
	    <String CONTENT="ſtinctio familiarum diligenter retinenda ab ijs"
                    HPOS="78"
                    VPOS="2143"
                    WIDTH="1052"
                    HEIGHT="102"></String>
          </TextLine>

          
        </TextBlock>
        

        
      </PrintSpace>
    </Page>
  </Layout>
</alto>
