<?xml version="1.0" encoding="UTF-8"?>
<alto xmlns:xsi="http://www.w3.org/2001/XMLSchema-instance"
      xmlns="http://www.loc.gov/standards/alto/ns-v4#"
      xsi:schemaLocation="http://www.loc.gov/standards/alto/ns-v4# http://www.loc.gov/standards/alto/v4/alto-4-2.xsd">
  <Description>
    <MeasurementUnit>pixel</MeasurementUnit>
    <sourceImageInformation>
      <fileName>2012928.png</fileName>
      
    </sourceImageInformation>
  </Description>
  
  <Tags>
    <OtherTag ID="BT10544" LABEL="text" DESCRIPTION="block type text"/><OtherTag ID="BT10543" LABEL="NumberingZone" DESCRIPTION="block type NumberingZone"/><OtherTag ID="BT10542" LABEL="MainZone" DESCRIPTION="block type MainZone"/><OtherTag ID="BT10538" LABEL="RunningTitleZone" DESCRIPTION="block type RunningTitleZone"/><OtherTag ID="BT10537" LABEL="DropCapitalZone" DESCRIPTION="block type DropCapitalZone"/><OtherTag ID="BT10536" LABEL="GraphicZone" DESCRIPTION="block type GraphicZone"/><OtherTag ID="BT10535" LABEL="TitlePageZone" DESCRIPTION="block type TitlePageZone"/><OtherTag ID="BT10534" LABEL="QuireMarksZone" DESCRIPTION="block type QuireMarksZone"/><OtherTag ID="BT10533" LABEL="MarginTextZone" DESCRIPTION="block type MarginTextZone"/>
    <OtherTag ID="LT4122" LABEL="default" DESCRIPTION="line type default"/><OtherTag ID="LT4119" LABEL="DefaultLine" DESCRIPTION="line type DefaultLine"/><OtherTag ID="LT4118" LABEL="HeadingLine" DESCRIPTION="line type HeadingLine"/><OtherTag ID="LT4117" LABEL="CustomLine : BiblicalText" DESCRIPTION="line type CustomLine : BiblicalText"/>
  </Tags>
  
  <Layout>
    <Page WIDTH="1807"
          HEIGHT="2677"
          PHYSICAL_IMG_NR="44"
          ID="eSc_dummypage_">
      <PrintSpace HPOS="0"
                  VPOS="0"
                  WIDTH="1807"
                  HEIGHT="2677">
        
        <TextBlock HPOS="592"
                   VPOS="176"
                   WIDTH="82"
                   HEIGHT="56"
                   ID="block_3"
                   TAGREFS="BT10543">
          <Shape><Polygon POINTS="674 176 674 232 592 232 592 176"/></Shape>
          
          
          <TextLine ID="eSc_line_aabaf0b3"
                    TAGREFS="LT4119"
                    BASELINE="600 221 652 210" 
                    HPOS="593"
                    VPOS="176"
                    WIDTH="62"
                    HEIGHT="69">
            <Shape><Polygon POINTS="633 176 609 176 593 196 597 220 602 245 655 240 651 209 640 176 633 176"/></Shape>
	    <String CONTENT="16"
                    HPOS="593"
                    VPOS="176"
                    WIDTH="62"
                    HEIGHT="69"></String>
          </TextLine>

          
        </TextBlock>
        
        <TextBlock HPOS="768"
                   VPOS="158"
                   WIDTH="722"
                   HEIGHT="70"
                   ID="block_4"
                   TAGREFS="BT10538">
          <Shape><Polygon POINTS="1490 158 1490 228 768 228 768 158"/></Shape>
          
          
          <TextLine ID="eSc_line_516add17"
                    TAGREFS="LT4118"
                    BASELINE="758 218 1476 206" 
                    HPOS="757"
                    VPOS="157"
                    WIDTH="719"
                    HEIGHT="82">
            <Shape><Polygon POINTS="1396 159 1381 159 1366 159 1351 159 1337 159 1322 157 1293 174 1274 159 1273 159 1271 159 1270 159 1268 159 1203 176 1165 176 1142 160 1140 160 1139 160 1137 160 1136 160 1106 176 1038 157 1036 157 1035 157 1033 157 1032 157 1032 159 1018 171 1000 159 999 159 997 159 953 159 951 159 950 159 948 159 948 160 941 166 916 162 914 162 913 162 911 162 911 163 893 181 867 181 810 162 809 162 807 162 806 162 757 181 758 218 758 229 846 239 847 239 936 237 938 237 939 237 954 229 959 226 963 229 983 236 984 236 986 236 1116 227 1206 221 1222 227 1234 230 1235 230 1237 230 1261 226 1296 220 1322 226 1340 230 1341 230 1342 230 1344 230 1345 230 1351 226 1362 220 1386 226 1399 229 1400 229 1402 229 1476 224 1476 206 1473 172 1417 159 1411 159"/></Shape>
	    <String CONTENT="AD I. PAVL. AD TIM."
                    HPOS="757"
                    VPOS="157"
                    WIDTH="719"
                    HEIGHT="82"
                    WC="0.99842273561578"></String>
          </TextLine>

          
        </TextBlock>
        
        <TextBlock HPOS="605"
                   VPOS="230"
                   WIDTH="1092"
                   HEIGHT="1966"
                   ID="block_1"
                   TAGREFS="BT10542">
          <Shape><Polygon POINTS="1697 230 1697 2196 605 2196 605 230"/></Shape>
          
          
          <TextLine ID="eSc_line_fffd907a"
                    TAGREFS="LT4119"
                    BASELINE="608 291 1658 273" 
                    HPOS="606"
                    VPOS="220"
                    WIDTH="1052"
                    HEIGHT="96">
            <Shape><Polygon POINTS="1632 234 1618 232 1603 227 1588 224 1573 221 1567 220 1479 221 1432 232 1414 223 1412 223 1411 223 1409 223 1378 233 1328 224 1326 224 1250 239 1249 239 1247 239 1192 227 1191 227 1189 227 1154 240 1154 242 980 243 978 243 959 230 957 230 956 230 954 230 847 246 841 246 838 246 791 233 789 233 788 233 786 233 785 233 785 234 770 248 743 234 742 234 693 234 691 234 690 234 688 234 664 249 661 251 606 251 608 291 608 307 621 316 623 316 624 316 626 316 682 309 762 315 764 315 765 315 785 306 829 312 831 312 980 300 991 309 993 309 994 309 1042 310 1044 310 1133 297 1134 297 1137 297 1371 301 1372 301 1374 301 1375 301 1384 294 1398 303 1399 303 1400 303 1402 304 1450 304 1450 303 1451 303 1490 291 1616 300 1618 300 1619 300 1658 287 1658 273 1655 239 1647 237"/></Shape>
	    <String CONTENT="quò ſpectare debeamus, quid odiſſe, quid dilige¬"
                    HPOS="606"
                    VPOS="220"
                    WIDTH="1052"
                    HEIGHT="96"
                    WC="0.988089967747124"></String>
          </TextLine>

          
          
          <TextLine ID="eSc_line_0967d051"
                    TAGREFS="LT4119"
                    BASELINE="608 352 1658 331" 
                    HPOS="606"
                    VPOS="291"
                    WIDTH="1052"
                    HEIGHT="83">
            <Shape><Polygon POINTS="608 352 608 373 693 367 730 371 755 374 757 374 785 370 831 364 847 370 853 371 855 371 856 371 875 368 920 362 960 367 981 370 983 370 1006 367 1057 359 1088 365 1099 367 1100 367 1110 365 1142 358 1180 364 1194 365 1195 365 1197 365 1198 365 1200 364 1209 356 1231 362 1235 364 1237 364 1238 364 1252 362 1310 355 1655 355 1658 331 1650 291 1640 300 1564 300 1551 294 1545 291 1543 291 1542 291 1540 291 1539 291 1536 294 1528 301 1491 301 1475 295 1461 291 1460 291 1458 291 1457 291 1442 297 1427 303 1399 298 1366 292 1365 292 1363 292 1362 292 1362 294 1356 298 1350 306 1268 306 1252 301 1231 295 1229 295 1228 295 1226 295 1212 303 1203 307 1185 303 1155 297 1154 297 1152 297 1137 304 1136 306 1134 304 1125 298 1124 298 1122 298 1066 298 1064 298 1063 298 1061 298 1049 307 1047 307 1009 300 1008 300 1006 300 1005 300 994 309 990 310 975 309 905 301 904 301 846 312 829 315 816 313 764 304 762 304 761 304 759 304 759 306 749 315 746 316 740 315 697 306 696 306 694 306 693 306 681 316 678 319 606 319 608 352"/></Shape>
	    <String CONTENT="re, &amp; quomodo pro cuiuſque vocatione nos ge¬"
                    HPOS="606"
                    VPOS="291"
                    WIDTH="1052"
                    HEIGHT="83"
                    WC="0.989383589137684"></String>
          </TextLine>

          
          
          <TextLine ID="eSc_line_8ad6581d"
                    TAGREFS="LT4119"
                    BASELINE="605 410 1655 394" 
                    HPOS="603"
                    VPOS="348"
                    WIDTH="1052"
                    HEIGHT="77">
            <Shape><Polygon POINTS="605 410 605 423 1079 425 1081 425 1176 414 1180 413 1259 413 1414 411 1433 419 1435 419 1436 419 1438 419 1470 408 1597 408 1628 416 1630 416 1631 416 1632 416 1655 406 1655 394 1652 353 1557 348 1555 348 1554 348 1525 355 1515 358 1514 355 1506 349 1505 349 1503 349 1467 349 1466 349 1464 349 1463 349 1451 356 1445 361 1430 358 1400 350 1399 350 1398 350 1396 350 1396 352 1389 358 1383 364 1238 365 1225 362 1197 353 1195 353 1194 353 1192 353 1191 353 1177 362 1171 367 1149 364 1097 355 1096 355 1006 367 978 370 957 367 890 358 889 358 887 358 855 370 849 371 841 370 803 361 801 361 800 361 798 361 785 371 782 373 774 371 724 361 722 361 721 361 693 373 688 376 603 376 605 410"/></Shape>
	    <String CONTENT="rere. Itaque coniungenda eſt cum verbo Dei. Nõ"
                    HPOS="603"
                    VPOS="348"
                    WIDTH="1052"
                    HEIGHT="77"
                    WC="0.988416864516887"></String>
          </TextLine>

          
          
          <TextLine ID="eSc_line_6944b590"
                    TAGREFS="LT4119"
                    BASELINE="611 466 1659 452" 
                    HPOS="609"
                    VPOS="404"
                    WIDTH="1050"
                    HEIGHT="79">
            <Shape><Polygon POINTS="611 466 611 481 1133 483 1134 483 1174 478 1209 474 1224 478 1235 481 1237 481 1238 481 1360 477 1577 468 1658 474 1659 452 1656 417 1583 417 1566 404 1564 404 1563 404 1561 404 1490 406 1488 406 1445 419 1356 407 1354 407 1353 407 1331 417 1317 408 1316 408 1314 408 1267 408 1265 408 1264 408 1216 420 1134 410 1133 410 1131 410 1100 423 928 413 926 413 925 413 923 413 908 423 846 414 844 414 843 414 815 429 721 429 679 417 678 417 676 417 675 417 673 417 652 431 609 431 611 466"/></Shape>
	    <String CONTENT="vult autem Paulus hanc fidem eſſe hypocriticam"
                    HPOS="609"
                    VPOS="404"
                    WIDTH="1050"
                    HEIGHT="79"
                    WC="0.99471938221351"></String>
          </TextLine>

          
          
          <TextLine ID="eSc_line_02e8a0b9"
                    TAGREFS="LT4119"
                    BASELINE="611 527 1661 511" 
                    HPOS="609"
                    VPOS="466"
                    WIDTH="1052"
                    HEIGHT="82">
            <Shape><Polygon POINTS="611 527 611 548 798 548 798 547 800 547 801 547 801 545 804 544 809 539 878 542 972 545 974 545 975 545 987 539 994 536 1011 539 1041 544 1042 544 1347 539 1460 529 1472 529 1481 529 1563 536 1564 536 1661 524 1661 511 1658 477 1469 466 1467 466 1466 466 1442 480 1329 480 1280 469 1279 469 1277 469 1276 469 1276 471 1264 481 1234 471 1232 471 1231 471 1177 483 1174 483 1173 483 1122 475 1121 475 1119 475 1084 484 1081 484 1076 484 994 474 993 474 991 474 990 474 990 475 978 486 977 486 925 475 923 475 922 475 920 475 920 477 908 486 801 477 800 477 609 490 611 527"/></Shape>
	    <String CONTENT="quæ ſpeciem tantùm pietatis &amp; metus Dei præ"
                    HPOS="609"
                    VPOS="466"
                    WIDTH="1052"
                    HEIGHT="82"
                    WC="0.981264272874052"></String>
          </TextLine>

          
          
          <TextLine ID="eSc_line_e404ed9c"
                    TAGREFS="LT4119"
                    BASELINE="612 587 1551 571" 
                    HPOS="611"
                    VPOS="524"
                    WIDTH="940"
                    HEIGHT="85">
            <Shape><Polygon POINTS="612 587 612 609 697 600 831 605 865 606 867 606 868 606 874 605 895 597 931 603 947 605 948 605 950 605 956 602 971 596 1096 599 1200 600 1201 600 1228 594 1244 591 1250 594 1261 599 1262 599 1264 599 1265 599 1283 593 1295 590 1323 593 1378 597 1380 597 1549 585 1551 571 1548 536 1491 536 1466 524 1464 524 1463 524 1396 526 1395 526 1362 538 1273 532 1271 532 1212 539 1183 532 1182 532 1180 532 1179 532 1161 541 1149 533 1148 533 1146 533 1145 533 1082 542 1069 532 1067 532 1066 532 1038 532 1036 532 1035 532 1033 532 1014 544 902 535 901 535 899 535 864 547 797 536 795 536 794 536 792 536 779 547 768 538 767 538 765 538 764 538 762 538 737 548 699 538 697 538 696 538 642 550 632 541 632 539 630 539 629 539 627 539 626 539 624 539 611 548 612 587"/></Shape>
	    <String CONTENT="ſe ferat: ſit tamen ab vtroque remotiſsima."
                    HPOS="611"
                    VPOS="524"
                    WIDTH="940"
                    HEIGHT="85"
                    WC="0.999784605447636"></String>
          </TextLine>

          
          
          <TextLine ID="eSc_line_5fcd138d"
                    TAGREFS="LT4119"
                    BASELINE="663 642 1661 626" 
                    HPOS="661"
                    VPOS="581"
                    WIDTH="1000"
                    HEIGHT="85">
            <Shape><Polygon POINTS="663 642 663 660 754 657 759 658 782 666 783 666 785 666 786 666 803 658 806 657 817 657 868 661 870 661 871 661 889 655 896 654 904 655 931 664 932 664 933 664 1030 661 1032 661 1048 652 1049 652 1069 661 1070 661 1072 661 1073 661 1099 654 1204 660 1206 660 1268 658 1270 658 1289 648 1290 648 1366 655 1368 655 1369 655 1399 645 1402 645 1405 645 1469 655 1470 655 1472 655 1497 646 1536 654 1537 654 1539 654 1540 654 1557 643 1592 649 1594 649 1661 639 1661 626 1658 594 1625 594 1612 582 1612 581 1610 581 1609 581 1607 581 1566 590 1478 582 1476 582 1475 582 1473 582 1451 596 1389 590 1387 590 1386 590 1384 590 1372 597 1354 587 1353 587 1351 587 1273 599 1238 587 1237 587 1235 587 1234 587 1200 600 1118 590 1116 590 1115 590 1087 602 1039 593 1038 593 1036 593 1035 593 1020 605 984 605 956 591 954 591 953 591 951 591 950 591 935 605 868 605 844 593 843 593 841 593 746 608 731 596 730 596 728 596 681 596 679 596 678 596 676 596 661 606 663 642"/></Shape>
	    <String CONTENT="Hæc fides igitur ad cognitionem ipſius do¬"
                    HPOS="661"
                    VPOS="581"
                    WIDTH="1000"
                    HEIGHT="85"
                    WC="0.99345189332962"></String>
          </TextLine>

          
          
          <TextLine ID="eSc_line_0d51125c"
                    TAGREFS="LT4119"
                    BASELINE="609 701 1667 682" 
                    HPOS="608"
                    VPOS="639"
                    WIDTH="1059"
                    HEIGHT="77">
            <Shape><Polygon POINTS="609 701 609 716 1667 700 1667 682 1664 651 1592 639 1591 639 1589 639 1554 652 1552 654 1436 654 1430 654 1340 643 1338 643 1337 643 1313 654 1273 645 1271 645 1195 658 1168 648 1167 648 1165 648 1164 648 1163 648 1149 660 1148 661 1116 661 1109 661 1060 649 1058 649 1057 649 1055 649 1055 651 1042 661 1042 663 932 664 923 664 815 654 813 654 730 666 690 655 688 655 687 655 685 655 667 663 632 657 630 657 629 657 608 667 609 701"/></Shape>
	    <String CONTENT="ctrinæ refertur, quæ in nobis eſſe debet ἐν ἀληθείᾳ"
                    HPOS="608"
                    VPOS="639"
                    WIDTH="1059"
                    HEIGHT="77"></String>
          </TextLine>

          
          
          <TextLine ID="eSc_line_628941b6"
                    TAGREFS="LT4119"
                    BASELINE="614 762 1667 745" 
                    HPOS="612"
                    VPOS="698"
                    WIDTH="1055"
                    HEIGHT="79">
            <Shape><Polygon POINTS="614 762 614 777 1313 773 1667 758 1667 745 1664 700 1601 698 1600 698 1598 698 1592 701 1574 709 1506 703 1478 701 1476 701 1475 701 1473 701 1470 704 1461 710 1432 704 1415 703 1414 703 1412 703 1405 706 1392 712 1374 706 1360 703 1359 703 1357 703 1356 703 1347 707 1338 712 1295 709 1240 704 1238 704 1180 712 1163 713 1158 712 1140 706 1139 706 1137 706 1078 715 1049 718 1039 715 1020 709 1018 709 1017 709 981 716 980 716 977 716 875 710 874 710 873 710 853 719 850 721 840 721 765 713 764 713 703 722 667 715 666 715 612 725 614 762"/></Shape>
	    <String CONTENT="vt loquitur Coloſſ.I verſ. 6.id eſt, &amp; qualem eſſe"
                    HPOS="612"
                    VPOS="698"
                    WIDTH="1055"
                    HEIGHT="79"
                    WC="0.996530447006226"></String>
          </TextLine>

          
          
          <TextLine ID="eSc_line_afa7c4d1"
                    TAGREFS="LT4119"
                    BASELINE="615 820 1667 803" 
                    HPOS="614"
                    VPOS="759"
                    WIDTH="1053"
                    HEIGHT="85">
            <Shape><Polygon POINTS="615 820 615 835 699 844 700 844 701 844 703 844 718 835 786 843 788 843 875 832 884 832 892 832 963 840 965 840 966 840 968 840 977 831 978 829 1069 829 1072 831 1088 837 1090 837 1091 837 1136 829 1149 828 1185 829 1313 834 1314 834 1667 822 1667 803 1664 764 1577 759 1576 759 1574 759 1558 765 1543 773 1426 773 1420 768 1409 762 1408 762 1406 762 1405 762 1290 773 1226 777 1200 774 1140 767 1139 767 1137 767 1113 776 1106 780 947 782 931 780 846 773 844 773 780 785 774 785 771 785 701 774 700 774 614 788 615 820"/></Shape>
	    <String CONTENT="ex Dei verbo oportet, nõ autem qualis ex noſtris"
                    HPOS="614"
                    VPOS="759"
                    WIDTH="1053"
                    HEIGHT="85"
                    WC="0.987199148353265"></String>
          </TextLine>

          
          
          <TextLine ID="eSc_line_87cbe036"
                    TAGREFS="LT4119"
                    BASELINE="620 878 1665 861" 
                    HPOS="618"
                    VPOS="817"
                    WIDTH="1047"
                    HEIGHT="90">
            <Shape><Polygon POINTS="620 878 620 901 678 907 679 907 681 907 682 907 693 899 700 895 746 895 764 898 791 904 792 904 850 896 865 895 868 896 874 902 875 902 877 902 878 902 880 902 881 902 889 896 893 892 938 892 945 895 963 902 965 902 966 902 968 902 984 893 990 890 1033 893 1139 899 1140 899 1235 896 1237 896 1253 887 1258 886 1270 887 1304 893 1305 893 1307 893 1308 893 1316 886 1319 884 1332 886 1386 895 1387 895 1389 895 1420 884 1421 884 1424 884 1488 893 1490 893 1665 878 1665 861 1662 828 1577 817 1576 817 1574 817 1573 817 1560 828 1533 819 1531 819 1530 819 1528 819 1499 826 1403 820 1402 820 1400 820 1368 831 1243 823 1241 823 1192 834 1142 825 1140 825 1093 837 966 838 910 829 908 829 844 840 794 831 792 831 737 841 707 832 706 832 704 832 618 844 620 878"/></Shape>
	    <String CONTENT="aut hominum commentis, &amp; ſenſu haberi, for¬"
                    HPOS="618"
                    VPOS="817"
                    WIDTH="1047"
                    HEIGHT="90"
                    WC="0.985253194043803"></String>
          </TextLine>

          
          
          <TextLine ID="eSc_line_48438197"
                    TAGREFS="LT4119"
                    BASELINE="617 939 996 933" 
                    HPOS="615"
                    VPOS="886"
                    WIDTH="381"
                    HEIGHT="77">
            <Shape><Polygon POINTS="615 920 617 939 617 963 996 960 996 933 993 901 968 901 954 887 954 886 953 886 951 886 899 886 898 886 896 886 862 902 786 902 716 889 715 889 713 889 712 889 712 890 700 899 658 892 657 892 655 892 620 902 615 920"/></Shape>
	    <String CONTENT="maríque poteſt."
                    HPOS="615"
                    VPOS="886"
                    WIDTH="381"
                    HEIGHT="77"></String>
          </TextLine>

          
          
          <TextLine ID="eSc_line_1ef5763c"
                    TAGREFS="LT4117"
                    BASELINE="685 1060 1668 1048" 
                    HPOS="684"
                    VPOS="996"
                    WIDTH="984"
                    HEIGHT="92">
            <Shape><Polygon POINTS="685 1082 823 1075 840 1079 865 1088 867 1088 868 1088 870 1088 871 1088 881 1079 881 1078 980 1073 987 1076 1006 1087 1008 1087 1009 1088 1041 1088 1041 1087 1042 1087 1044 1087 1044 1085 1055 1076 1055 1075 1091 1073 1105 1075 1173 1085 1174 1085 1176 1085 1222 1072 1226 1072 1231 1072 1284 1082 1286 1082 1287 1082 1302 1075 1386 1075 1387 1075 1389 1075 1390 1075 1390 1073 1396 1069 1398 1069 1409 1076 1411 1076 1412 1076 1414 1076 1415 1076 1430 1069 1433 1067 1435 1069 1458 1081 1460 1081 1461 1082 1545 1082 1545 1081 1546 1081 1585 1066 1588 1064 1667 1064 1668 1048 1665 1002 1450 996 1448 996 1447 996 1445 996 1445 997 1439 1002 1433 1008 1292 1009 1280 1003 1276 999 1274 999 1273 999 1224 999 1222 999 1221 999 1219 999 1215 1003 1204 1011 1003 1012 950 1005 929 1002 928 1002 899 1005 803 1015 684 1006 685 1060"/></Shape>
	    <String CONTENT="6 A quibus quum quidam vt à ſcopo a¬"
                    HPOS="684"
                    VPOS="996"
                    WIDTH="984"
                    HEIGHT="92"
                    WC="0.972979022038949"></String>
          </TextLine>

          
          
          <TextLine ID="eSc_line_7f1036c8"
                    TAGREFS="LT4117"
                    BASELINE="617 1131 1659 1116" 
                    HPOS="615"
                    VPOS="1069"
                    WIDTH="1044"
                    HEIGHT="86">
            <Shape><Polygon POINTS="617 1154 676 1148 779 1152 825 1154 826 1154 828 1154 840 1151 865 1145 893 1149 928 1155 929 1155 931 1155 954 1148 972 1143 1021 1146 1061 1149 1063 1149 1064 1149 1066 1149 1069 1146 1076 1140 1097 1145 1121 1149 1122 1149 1124 1149 1136 1143 1149 1139 1161 1143 1176 1149 1177 1149 1179 1149 1180 1149 1182 1149 1189 1143 1195 1137 1241 1137 1259 1142 1293 1149 1295 1149 1357 1139 1362 1139 1363 1139 1381 1148 1383 1148 1384 1149 1442 1149 1442 1148 1444 1148 1484 1136 1493 1134 1502 1136 1540 1143 1542 1143 1543 1143 1563 1134 1566 1133 1658 1133 1659 1116 1655 1072 1433 1082 1409 1076 1380 1069 1378 1069 1377 1069 1375 1069 1354 1078 1340 1085 1284 1085 1271 1079 1241 1070 1240 1070 1238 1070 1215 1072 1213 1072 1212 1072 1212 1073 1201 1081 1197 1085 1164 1082 1128 1079 1127 1079 1125 1079 1116 1084 1107 1087 1070 1084 942 1075 941 1075 873 1088 865 1090 846 1090 632 1079 630 1079 629 1079 627 1079 615 1088 617 1131"/></Shape>
	    <String CONTENT="berrarint, deflexerunt ad vaniloquentiam"
                    HPOS="615"
                    VPOS="1069"
                    WIDTH="1044"
                    HEIGHT="86"
                    WC="0.97582171112299"></String>
          </TextLine>

          
          
          <TextLine ID="eSc_line_8a30a887"
                    TAGREFS="LT4119"
                    BASELINE="672 1234 1677 1218" 
                    HPOS="670"
                    VPOS="1167"
                    WIDTH="1007"
                    HEIGHT="89">
            <Shape><Polygon POINTS="672 1234 672 1249 852 1256 853 1256 855 1256 856 1256 868 1247 932 1255 933 1255 935 1255 953 1246 954 1246 1032 1253 1033 1253 1035 1253 1036 1253 1036 1252 1044 1246 1308 1249 1310 1249 1393 1247 1395 1247 1396 1247 1396 1246 1403 1238 1405 1238 1411 1238 1488 1246 1490 1246 1491 1246 1509 1237 1677 1234 1677 1218 1674 1179 1594 1168 1592 1168 1591 1168 1567 1179 1481 1170 1479 1170 1433 1180 1406 1167 1405 1167 1403 1167 1402 1167 1400 1167 1383 1180 1344 1168 1342 1168 1341 1168 1340 1168 1292 1183 1270 1170 1268 1170 1267 1170 1265 1170 1264 1170 1240 1177 1221 1170 1219 1170 1218 1170 1216 1170 1185 1185 1145 1171 1143 1171 1142 1171 1032 1188 999 1174 997 1174 944 1174 942 1174 895 1176 893 1176 850 1191 794 1177 792 1177 791 1177 758 1192 690 1183 688 1183 687 1183 670 1192 672 1234"/></Shape>
	    <String CONTENT="Confirmatio ſuperioris ſententiæ à contrario."
                    HPOS="670"
                    VPOS="1167"
                    WIDTH="1007"
                    HEIGHT="89"
                    WC="0.979633301496506"></String>
          </TextLine>

          
          
          <TextLine ID="eSc_line_dcbe8c4d"
                    TAGREFS="LT4119"
                    BASELINE="618 1295 1676 1279" 
                    HPOS="617"
                    VPOS="1232"
                    WIDTH="1059"
                    HEIGHT="84">
            <Shape><Polygon POINTS="618 1295 618 1310 740 1305 745 1308 752 1314 754 1314 755 1314 757 1316 800 1316 800 1314 913 1305 956 1302 990 1304 1096 1310 1097 1310 1099 1310 1115 1302 1119 1299 1137 1301 1192 1308 1194 1308 1268 1299 1292 1296 1313 1298 1384 1305 1386 1305 1424 1296 1432 1293 1594 1292 1604 1293 1662 1301 1664 1301 1665 1301 1667 1301 1676 1293 1676 1279 1671 1237 1561 1244 1554 1238 1548 1234 1548 1232 1546 1232 1545 1232 1508 1232 1506 1232 1505 1232 1503 1232 1497 1238 1490 1244 1467 1238 1445 1234 1444 1234 1442 1234 1441 1234 1435 1240 1426 1246 1374 1240 1368 1240 1366 1240 1356 1240 1259 1249 1222 1241 1195 1237 1194 1237 1155 1243 1097 1252 1057 1244 1055 1244 1054 1244 1052 1244 1029 1252 1015 1244 1006 1240 1005 1240 1003 1240 1002 1240 993 1244 978 1253 968 1246 963 1241 962 1241 960 1241 959 1241 892 1246 832 1250 825 1247 816 1243 815 1243 813 1243 777 1247 704 1258 684 1249 676 1246 675 1246 673 1246 617 1249 618 1295"/></Shape>
	    <String CONTENT="Nam qui ab hoc ſcopo deflexerunt, inciderunt"
                    HPOS="617"
                    VPOS="1232"
                    WIDTH="1059"
                    HEIGHT="84"
                    WC="0.995827195319262"></String>
          </TextLine>

          
          
          <TextLine ID="eSc_line_cb86eafe"
                    TAGREFS="LT4119"
                    BASELINE="617 1353 1673 1338" 
                    HPOS="615"
                    VPOS="1292"
                    WIDTH="1058"
                    HEIGHT="82">
            <Shape><Polygon POINTS="615 1331 617 1353 617 1374 768 1366 865 1371 931 1374 932 1374 933 1374 950 1369 971 1363 1005 1368 1036 1372 1038 1372 1097 1366 1154 1360 1188 1365 1228 1369 1229 1369 1231 1369 1243 1363 1249 1359 1255 1363 1262 1368 1264 1368 1265 1368 1267 1368 1342 1362 1390 1357 1398 1360 1414 1366 1415 1366 1417 1366 1475 1359 1499 1356 1519 1357 1574 1363 1576 1363 1577 1363 1607 1356 1615 1354 1621 1356 1650 1363 1652 1363 1653 1363 1655 1363 1673 1354 1673 1338 1670 1304 1591 1302 1567 1292 1566 1292 1564 1292 1563 1292 1533 1302 1509 1293 1508 1293 1506 1293 1457 1301 1409 1295 1408 1295 1351 1307 1331 1296 1329 1296 1273 1296 1271 1296 1270 1296 1268 1296 1253 1308 1253 1310 1215 1310 1210 1310 1143 1298 1142 1298 1140 1298 1099 1311 1096 1313 1032 1313 1030 1313 1021 1305 1020 1305 1018 1305 1017 1305 1015 1305 997 1313 996 1313 994 1313 948 1301 947 1301 945 1301 944 1301 942 1301 942 1302 929 1314 928 1316 803 1316 801 1316 794 1308 792 1308 791 1308 789 1308 788 1308 786 1308 774 1316 742 1304 740 1304 739 1304 620 1317 615 1331"/></Shape>
	    <String CONTENT="in miſeram vaniloquentiam, &amp; inutile ſtudium,"
                    HPOS="615"
                    VPOS="1292"
                    WIDTH="1058"
                    HEIGHT="82"
                    WC="0.988043749332428"></String>
          </TextLine>

          
          
          <TextLine ID="eSc_line_79c532fd"
                    TAGREFS="LT4119"
                    BASELINE="620 1411 1676 1397" 
                    HPOS="618"
                    VPOS="1351"
                    WIDTH="1058"
                    HEIGHT="82">
            <Shape><Polygon POINTS="620 1411 620 1433 880 1421 905 1427 916 1430 917 1430 919 1430 1058 1424 1158 1420 1180 1421 1234 1426 1235 1426 1292 1418 1323 1415 1348 1417 1415 1424 1417 1424 1418 1424 1439 1415 1444 1414 1457 1415 1521 1423 1522 1423 1524 1423 1542 1414 1543 1412 1676 1409 1676 1397 1668 1351 1659 1357 1652 1351 1650 1351 1649 1351 1592 1351 1591 1351 1589 1351 1583 1354 1564 1363 1506 1356 1482 1353 1481 1353 1479 1353 1478 1353 1478 1354 1475 1356 1464 1365 1424 1357 1418 1357 1417 1357 1409 1357 1366 1366 1357 1359 1351 1354 1350 1354 1348 1354 1323 1354 1322 1354 1221 1356 1219 1356 1218 1356 1209 1363 1200 1369 1140 1365 1067 1359 1066 1359 1064 1359 1063 1359 1063 1360 1055 1366 1049 1371 974 1369 886 1366 884 1366 618 1377 620 1411"/></Shape>
	    <String CONTENT="quantumuis magni aliorum Doctores eſſe vellẽt"
                    HPOS="618"
                    VPOS="1351"
                    WIDTH="1058"
                    HEIGHT="82"
                    WC="0.984366257553515"></String>
          </TextLine>

          
          
          <TextLine ID="eSc_line_7df9a557"
                    TAGREFS="LT4119"
                    BASELINE="621 1469 1673 1454" 
                    HPOS="620"
                    VPOS="1408"
                    WIDTH="1053"
                    HEIGHT="79">
            <Shape><Polygon POINTS="621 1469 621 1487 1461 1482 1673 1470 1673 1454 1670 1423 1597 1420 1569 1408 1567 1408 1566 1408 1488 1421 1395 1411 1393 1411 1342 1423 1329 1412 1328 1412 1326 1412 1264 1412 1262 1412 1261 1412 1259 1412 1246 1421 1154 1414 1152 1414 1151 1414 1149 1414 1125 1430 1039 1430 1003 1420 1002 1420 1000 1420 999 1420 977 1432 829 1433 788 1432 773 1420 771 1420 770 1420 737 1420 736 1420 734 1420 733 1420 721 1430 679 1421 678 1421 676 1421 675 1421 655 1436 620 1436 621 1469"/></Shape>
	    <String CONTENT="vel viderentur. Hæc verò Pauli ſentẽtia pulcher¬"
                    HPOS="620"
                    VPOS="1408"
                    WIDTH="1053"
                    HEIGHT="79"
                    WC="0.992919681072235"></String>
          </TextLine>

          
          
          <TextLine ID="eSc_line_daa273e0"
                    TAGREFS="LT4119"
                    BASELINE="618 1530 1676 1513" 
                    HPOS="617"
                    VPOS="1475"
                    WIDTH="1059"
                    HEIGHT="79">
            <Shape><Polygon POINTS="618 1530 618 1545 712 1554 713 1554 803 1543 823 1542 834 1543 873 1551 874 1551 875 1551 901 1543 910 1540 917 1542 931 1546 932 1546 933 1546 1014 1542 1066 1539 1072 1540 1084 1546 1085 1546 1087 1546 1119 1540 1140 1537 1158 1540 1192 1546 1194 1546 1195 1546 1197 1546 1204 1540 1206 1539 1218 1540 1274 1545 1276 1545 1277 1545 1279 1545 1286 1539 1292 1534 1313 1539 1337 1543 1338 1543 1363 1539 1389 1533 1424 1537 1457 1542 1458 1542 1460 1542 1473 1537 1491 1531 1521 1537 1545 1540 1546 1540 1548 1540 1561 1536 1580 1530 1589 1536 1591 1537 1592 1537 1594 1537 1595 1537 1676 1534 1676 1513 1671 1475 617 1491 618 1530"/></Shape>
	    <String CONTENT="rimam confir mationem recipit non tantùm ex"
                    HPOS="617"
                    VPOS="1475"
                    WIDTH="1059"
                    HEIGHT="79"
                    WC="0.995072284882719"></String>
          </TextLine>

          
          
          <TextLine ID="eSc_line_c2ea21ec"
                    TAGREFS="LT4119"
                    BASELINE="618 1586 1674 1570" 
                    HPOS="617"
                    VPOS="1525"
                    WIDTH="1057"
                    HEIGHT="84">
            <Shape><Polygon POINTS="618 1586 618 1609 1674 1591 1674 1570 1670 1528 1637 1534 1630 1528 1627 1525 1625 1525 1624 1525 1622 1525 1603 1528 1582 1533 1539 1530 1491 1527 1490 1527 1488 1527 1487 1527 1482 1531 1475 1536 1427 1531 1384 1528 1383 1528 1356 1533 1317 1540 1298 1534 1290 1531 1289 1531 1287 1531 1286 1531 1280 1534 1262 1543 1200 1536 1183 1534 1182 1534 1180 1534 1179 1534 1177 1536 1164 1546 1094 1548 1021 1548 1012 1539 1008 1536 1008 1534 1006 1534 1005 1534 1003 1534 935 1536 933 1536 923 1540 901 1549 617 1546 618 1586"/></Shape>
	    <String CONTENT="hæreticorum doctrina, qui vanitati illi planè de¬"
                    HPOS="617"
                    VPOS="1525"
                    WIDTH="1057"
                    HEIGHT="84"
                    WC="0.96261183142662"></String>
          </TextLine>

          
          
          <TextLine ID="eSc_line_4a60a82b"
                    TAGREFS="LT4119"
                    BASELINE="620 1646 1679 1631" 
                    HPOS="618"
                    VPOS="1585"
                    WIDTH="1061"
                    HEIGHT="85">
            <Shape><Polygon POINTS="620 1646 620 1670 789 1670 789 1668 791 1668 792 1668 795 1665 800 1662 804 1665 809 1668 810 1668 812 1668 813 1668 901 1667 902 1667 920 1662 941 1656 956 1661 968 1665 969 1665 971 1665 972 1665 974 1665 980 1661 987 1656 1020 1659 1045 1662 1047 1662 1097 1658 1137 1655 1143 1656 1157 1662 1158 1662 1160 1662 1161 1662 1163 1662 1171 1656 1177 1653 1225 1655 1342 1661 1344 1661 1345 1661 1347 1661 1359 1652 1363 1650 1381 1652 1464 1659 1466 1659 1567 1647 1572 1647 1576 1647 1643 1656 1644 1656 1646 1656 1679 1644 1679 1631 1676 1598 1586 1585 1585 1585 1524 1600 1444 1600 1403 1588 1402 1588 1400 1588 1399 1588 1357 1601 1357 1603 1351 1603 1298 1603 1262 1589 1261 1589 1259 1589 1258 1589 1256 1589 1247 1597 1151 1592 1149 1592 1148 1592 1146 1592 1130 1604 1070 1598 1069 1598 996 1606 981 1594 980 1594 978 1594 977 1594 913 1595 911 1595 883 1609 843 1609 826 1597 825 1597 823 1597 822 1597 820 1597 783 1606 739 1597 737 1597 636 1598 635 1598 633 1598 618 1607 620 1646"/></Shape>
	    <String CONTENT="diti fuerũt, relicto veræ Theologiæ ſcopo vt Va¬"
                    HPOS="618"
                    VPOS="1585"
                    WIDTH="1061"
                    HEIGHT="85"
                    WC="0.99165365160728"></String>
          </TextLine>

          
          
          <TextLine ID="eSc_line_9d61b2dc"
                    TAGREFS="LT4119"
                    BASELINE="621 1704 1679 1689" 
                    HPOS="620"
                    VPOS="1644"
                    WIDTH="1059"
                    HEIGHT="79">
            <Shape><Polygon POINTS="621 1704 621 1723 1679 1705 1679 1689 1676 1656 1572 1644 1570 1644 1569 1644 1567 1644 1551 1656 1527 1650 1525 1650 1524 1650 1427 1658 1398 1647 1396 1647 1395 1647 1393 1647 1392 1647 1377 1659 1347 1659 1338 1659 1337 1659 1255 1649 1253 1649 1194 1661 1151 1650 1149 1650 1148 1650 1051 1652 1049 1652 1048 1652 1048 1653 1036 1664 1035 1664 997 1653 996 1653 994 1653 941 1665 935 1665 928 1665 847 1655 846 1655 792 1665 719 1658 718 1658 716 1658 691 1667 633 1658 632 1658 630 1658 629 1658 620 1664 621 1704"/></Shape>
	    <String CONTENT="lentiniani Manichei &amp; alij: ſed imprimis ex ſom¬"
                    HPOS="620"
                    VPOS="1644"
                    WIDTH="1059"
                    HEIGHT="79"
                    WC="0.990021514395873"></String>
          </TextLine>

          
          
          <TextLine ID="eSc_line_dd6f98c9"
                    TAGREFS="LT4119"
                    BASELINE="621 1765 1677 1748" 
                    HPOS="620"
                    VPOS="1701"
                    WIDTH="1057"
                    HEIGHT="88">
            <Shape><Polygon POINTS="621 1765 623 1789 638 1781 676 1787 687 1789 688 1789 690 1789 693 1787 707 1780 785 1784 806 1786 807 1786 809 1786 813 1784 834 1777 873 1783 884 1784 886 1784 887 1784 892 1783 910 1775 1008 1780 1081 1783 1082 1783 1201 1775 1296 1769 1320 1772 1350 1777 1351 1777 1380 1771 1396 1768 1445 1769 1579 1775 1580 1775 1677 1763 1677 1748 1676 1714 1644 1701 1643 1701 1641 1701 1551 1713 1511 1702 1509 1702 1508 1702 1506 1702 1482 1716 1481 1716 1475 1716 1398 1704 1396 1704 1354 1713 1295 1705 1293 1705 1218 1717 1192 1720 1110 1717 1003 1714 1002 1714 969 1719 936 1723 911 1719 874 1713 873 1713 871 1713 870 1713 861 1719 858 1722 852 1719 832 1713 831 1713 829 1713 828 1713 826 1713 817 1720 809 1726 795 1720 782 1714 780 1714 779 1714 620 1720 621 1765"/></Shape>
	    <String CONTENT="nijs Scholaſticorum, qui nunc ſoli Theologi vi¬"
                    HPOS="620"
                    VPOS="1701"
                    WIDTH="1057"
                    HEIGHT="88"
                    WC="0.988791355427275"></String>
          </TextLine>

          
          
          <TextLine ID="eSc_line_d807a324"
                    TAGREFS="LT4119"
                    BASELINE="624 1820 1680 1808" 
                    HPOS="623"
                    VPOS="1763"
                    WIDTH="1057"
                    HEIGHT="82">
            <Shape><Polygon POINTS="624 1820 624 1836 748 1845 749 1845 981 1842 983 1842 1014 1835 1020 1833 1041 1835 1149 1841 1151 1841 1250 1833 1283 1830 1293 1832 1314 1838 1316 1838 1317 1838 1381 1832 1415 1829 1679 1829 1680 1808 1676 1763 1591 1765 1589 1765 1588 1765 1573 1774 1540 1765 1539 1765 1537 1765 1435 1765 1433 1765 1432 1765 1430 1765 1429 1766 1411 1778 1337 1778 1314 1768 1308 1766 1307 1766 1305 1766 1304 1766 1299 1768 1280 1778 1216 1769 1198 1768 1197 1768 1195 1768 1185 1771 1148 1781 1119 1781 1107 1771 1106 1769 1105 1769 1103 1769 1102 1769 1081 1772 1018 1781 986 1774 972 1771 971 1771 913 1774 855 1778 817 1775 764 1772 762 1772 761 1772 759 1772 754 1777 743 1784 676 1784 669 1778 663 1774 661 1774 660 1774 658 1774 623 1778 624 1820"/></Shape>
	    <String CONTENT="deri, &amp; dici (ſi Deo placet) volunt. Hinc apud"
                    HPOS="623"
                    VPOS="1763"
                    WIDTH="1057"
                    HEIGHT="82"
                    WC="0.986716236757196"></String>
          </TextLine>

          
          
          <TextLine ID="eSc_line_eb0e7f63"
                    TAGREFS="LT4119"
                    BASELINE="623 1881 1679 1864" 
                    HPOS="621"
                    VPOS="1824"
                    WIDTH="1058"
                    HEIGHT="82">
            <Shape><Polygon POINTS="623 1881 623 1897 685 1897 687 1897 699 1906 700 1906 701 1906 703 1906 803 1894 813 1894 819 1894 862 1903 864 1903 914 1893 917 1893 919 1893 944 1902 945 1902 947 1902 1002 1891 1005 1891 1008 1891 1044 1900 1045 1900 1047 1900 1197 1899 1243 1888 1292 1897 1293 1897 1389 1885 1390 1885 1392 1885 1460 1894 1461 1894 1463 1894 1491 1885 1646 1888 1647 1888 1649 1888 1679 1879 1679 1864 1674 1832 1567 1833 1560 1833 1502 1824 1500 1824 1436 1835 1435 1835 1433 1835 1398 1826 1396 1826 1395 1826 1393 1826 1392 1826 1377 1836 1372 1836 1325 1827 1323 1827 1322 1827 1292 1838 1289 1838 1280 1838 1201 1830 1200 1830 1198 1830 1176 1838 1165 1830 1164 1830 1163 1830 1161 1830 1160 1830 1130 1839 1110 1830 1109 1830 1107 1830 1106 1830 1105 1830 1105 1832 1094 1841 1093 1842 1069 1842 1069 1841 1058 1832 1057 1832 1055 1832 1008 1832 1006 1832 907 1842 832 1835 831 1835 721 1845 685 1838 684 1838 682 1838 655 1847 641 1838 639 1838 638 1838 636 1838 635 1838 633 1838 621 1844 623 1881"/></Shape>
	    <String CONTENT="eos portenta quæſtionum, &amp; myriades natæ inu¬"
                    HPOS="621"
                    VPOS="1824"
                    WIDTH="1058"
                    HEIGHT="82"
                    WC="0.980264357725779"></String>
          </TextLine>

          
          
          <TextLine ID="eSc_line_a6e1686e"
                    TAGREFS="LT4119"
                    BASELINE="621 1939 1685 1925" 
                    HPOS="620"
                    VPOS="1884"
                    WIDTH="1065"
                    HEIGHT="76">
            <Shape><Polygon POINTS="621 1939 621 1954 853 1960 855 1960 980 1952 1054 1949 1070 1952 1091 1957 1093 1957 1094 1957 1107 1952 1122 1948 1163 1952 1194 1955 1195 1955 1243 1952 1332 1945 1577 1949 1579 1949 1580 1949 1612 1942 1682 1949 1685 1925 1680 1885 1622 1893 1610 1885 1607 1884 1606 1884 1604 1884 1603 1884 1601 1884 1592 1885 1560 1894 1454 1888 1447 1888 1445 1888 1439 1888 1377 1896 1360 1890 1357 1888 1356 1888 1354 1888 1338 1890 1280 1897 1238 1891 1215 1888 1213 1888 1212 1888 1210 1888 1206 1891 1194 1900 944 1902 899 1897 864 1893 862 1893 804 1899 736 1905 716 1900 703 1896 701 1896 700 1896 620 1900 621 1939"/></Shape>
	    <String CONTENT="tilium diſputationum, in quibus tota ætas tamen"
                    HPOS="620"
                    VPOS="1884"
                    WIDTH="1065"
                    HEIGHT="76"
                    WC="0.998577097628979"></String>
          </TextLine>

          
          
          <TextLine ID="eSc_line_5d81fc4d"
                    TAGREFS="LT4119"
                    BASELINE="623 1997 1679 1983" 
                    HPOS="621"
                    VPOS="1942"
                    WIDTH="1058"
                    HEIGHT="80">
            <Shape><Polygon POINTS="623 1997 623 2015 798 2022 800 2022 884 2013 960 2022 962 2022 963 2022 965 2022 974 2015 1064 2018 1066 2018 1116 2009 1121 2009 1124 2009 1149 2019 1151 2019 1152 2019 1326 2018 1405 2016 1406 2016 1439 2006 1444 2004 1461 2004 1598 2013 1600 2013 1601 2013 1603 2013 1615 2003 1616 2003 1677 2003 1679 1983 1676 1951 1637 1942 1635 1942 1634 1942 1632 1942 1624 1951 1531 1951 1478 1942 1476 1942 1432 1952 1396 1943 1395 1943 1393 1943 1323 1954 1253 1945 1252 1945 1200 1955 1099 1946 1097 1946 1096 1946 1094 1946 1081 1957 996 1948 994 1948 993 1948 968 1957 858 1949 856 1949 855 1949 853 1949 853 1951 843 1961 754 1961 742 1951 740 1951 739 1951 737 1951 621 1963 623 1997"/></Shape>
	    <String CONTENT="teritur. ac de quæſtionibus quidem hæc ſunt pau¬"
                    HPOS="621"
                    VPOS="1942"
                    WIDTH="1058"
                    HEIGHT="80"
                    WC="0.9928033426404"></String>
          </TextLine>

          
          
          <TextLine ID="eSc_line_fdf525ad"
                    TAGREFS="LT4119"
                    BASELINE="626 2058 902 2055" 
                    HPOS="624"
                    VPOS="2009"
                    WIDTH="278"
                    HEIGHT="70">
            <Shape><Polygon POINTS="626 2058 626 2071 757 2079 758 2079 759 2079 777 2071 779 2071 902 2071 902 2055 901 2025 865 2009 864 2009 831 2009 829 2009 770 2010 768 2010 767 2010 745 2025 681 2018 679 2018 624 2027 626 2058"/></Shape>
	    <String CONTENT="ca exempla."
                    HPOS="624"
                    VPOS="2009"
                    WIDTH="278"
                    HEIGHT="70"
                    WC="0.997655077414079"></String>
          </TextLine>

          
          
          <TextLine ID="eSc_line_45ed1ac8"
                    TAGREFS="LT4119"
                    BASELINE="693 2116 1686 2102" 
                    HPOS="691"
                    VPOS="2058"
                    WIDTH="995"
                    HEIGHT="79">
            <Shape><Polygon POINTS="693 2116 694 2137 710 2129 868 2134 975 2137 977 2137 1018 2131 1064 2125 1094 2129 1125 2135 1127 2135 1158 2129 1173 2126 1222 2128 1351 2132 1353 2132 1387 2125 1406 2120 1418 2125 1427 2128 1429 2128 1430 2128 1432 2128 1447 2123 1466 2119 1685 2119 1686 2102 1683 2062 1271 2058 1270 2058 1268 2058 1267 2058 1258 2065 1216 2059 1215 2059 1213 2059 1212 2059 1195 2070 1189 2070 1124 2062 1122 2062 1069 2071 1067 2071 1023 2061 1021 2061 916 2074 911 2074 910 2074 890 2065 889 2065 887 2065 819 2074 807 2065 806 2065 804 2065 765 2065 764 2065 762 2065 761 2065 761 2067 751 2077 691 2077 693 2116"/></Shape>
	    <String CONTENT="I Vtrum gratia qua nos diligit Deus, &amp; nos"
                    HPOS="691"
                    VPOS="2058"
                    WIDTH="995"
                    HEIGHT="79"
                    WC="0.981791700635638"></String>
          </TextLine>

          
          
          <TextLine ID="eSc_line_1c4c3308"
                    TAGREFS="LT4119"
                    BASELINE="626 2175 1689 2160" 
                    HPOS="624"
                    VPOS="2114"
                    WIDTH="1065"
                    HEIGHT="88">
            <Shape><Polygon POINTS="626 2175 626 2202 1688 2189 1689 2160 1688 2128 1661 2120 1659 2120 1658 2120 1521 2128 1503 2128 1502 2128 1476 2114 1475 2114 1473 2114 1389 2128 1365 2132 1316 2132 1310 2128 1292 2119 1290 2119 1289 2119 1287 2119 1258 2126 1204 2119 1203 2119 1201 2119 1200 2119 1189 2128 1183 2132 1157 2128 1127 2123 1125 2123 1124 2123 1122 2123 1122 2125 1118 2128 1112 2134 1103 2128 1091 2120 1090 2120 1088 2120 1087 2120 1085 2120 1066 2128 1047 2137 1018 2137 1009 2128 1002 2122 1000 2122 999 2122 997 2122 968 2128 929 2137 880 2128 849 2123 847 2123 846 2123 832 2128 807 2140 779 2140 764 2128 759 2125 758 2125 757 2125 755 2125 624 2128 626 2175"/></Shape>
	    <String CONTENT="viciſsim Deum ſit eadem. Vtrum quid creatum"
                    HPOS="624"
                    VPOS="2114"
                    WIDTH="1065"
                    HEIGHT="88"
                    WC="0.998249759507734"></String>
          </TextLine>

          
        </TextBlock>
        
        <TextBlock HPOS="1612"
                   VPOS="2188"
                   WIDTH="80"
                   HEIGHT="47"
                   ID="block_2"
                   TAGREFS="BT10534">
          <Shape><Polygon POINTS="1692 2188 1692 2235 1612 2235 1612 2188"/></Shape>
          
          
          <TextLine ID="eSc_line_570d5ce7"
                    TAGREFS="LT4119"
                    BASELINE="1625 2221 1690 2221" 
                    HPOS="1625"
                    VPOS="2174"
                    WIDTH="65"
                    HEIGHT="80">
            <Shape><Polygon POINTS="1625 2221 1625 2254 1690 2254 1690 2221 1690 2178 1646 2174 1644 2174 1643 2174 1625 2181 1625 2221"/></Shape>
	    <String CONTENT="ſit"
                    HPOS="1625"
                    VPOS="2174"
                    WIDTH="65"
                    HEIGHT="80"
                    WC="0.999039649963379"></String>
          </TextLine>

          
        </TextBlock>
        

        
      </PrintSpace>
    </Page>
  </Layout>
</alto>
