<?xml version="1.0" encoding="UTF-8"?>
<alto xmlns:xsi="http://www.w3.org/2001/XMLSchema-instance"
      xmlns="http://www.loc.gov/standards/alto/ns-v4#"
      xsi:schemaLocation="http://www.loc.gov/standards/alto/ns-v4# http://www.loc.gov/standards/alto/v4/alto-4-2.xsd">
  <Description>
    <MeasurementUnit>pixel</MeasurementUnit>
    <sourceImageInformation>
      <fileName>2012887.png</fileName>
      
    </sourceImageInformation>
  </Description>
  
  <Tags>
    <OtherTag ID="BT10544" LABEL="text" DESCRIPTION="block type text"/><OtherTag ID="BT10543" LABEL="NumberingZone" DESCRIPTION="block type NumberingZone"/><OtherTag ID="BT10542" LABEL="MainZone" DESCRIPTION="block type MainZone"/><OtherTag ID="BT10538" LABEL="RunningTitleZone" DESCRIPTION="block type RunningTitleZone"/><OtherTag ID="BT10537" LABEL="DropCapitalZone" DESCRIPTION="block type DropCapitalZone"/><OtherTag ID="BT10536" LABEL="GraphicZone" DESCRIPTION="block type GraphicZone"/><OtherTag ID="BT10535" LABEL="TitlePageZone" DESCRIPTION="block type TitlePageZone"/><OtherTag ID="BT10534" LABEL="QuireMarksZone" DESCRIPTION="block type QuireMarksZone"/><OtherTag ID="BT10533" LABEL="MarginTextZone" DESCRIPTION="block type MarginTextZone"/>
    <OtherTag ID="LT4122" LABEL="default" DESCRIPTION="line type default"/><OtherTag ID="LT4119" LABEL="DefaultLine" DESCRIPTION="line type DefaultLine"/><OtherTag ID="LT4118" LABEL="HeadingLine" DESCRIPTION="line type HeadingLine"/><OtherTag ID="LT4117" LABEL="CustomLine : BiblicalText" DESCRIPTION="line type CustomLine : BiblicalText"/>
  </Tags>
  
  <Layout>
    <Page WIDTH="1807"
          HEIGHT="2677"
          PHYSICAL_IMG_NR="3"
          ID="eSc_dummypage_">
      <PrintSpace HPOS="0"
                  VPOS="0"
                  WIDTH="1807"
                  HEIGHT="2677">
        
        <TextBlock HPOS="139"
                   VPOS="229"
                   WIDTH="1060"
                   HEIGHT="687"
                   ID="block_1"
                   TAGREFS="BT10542">
          <Shape><Polygon POINTS="1199 229 1199 916 139 916 139 229"/></Shape>
          
          
          <TextLine ID="eSc_line_bc71ae2c"
                    TAGREFS="LT4118"
                    BASELINE="160 295 1194 315" 
                    HPOS="159"
                    VPOS="226"
                    WIDTH="1035"
                    HEIGHT="102">
            <Shape><Polygon POINTS="1180 257 1085 257 1084 255 1060 243 1058 243 1057 243 1055 243 1054 243 1041 254 1039 255 1035 254 1002 245 1000 245 999 245 911 245 877 230 875 230 786 230 785 230 783 230 782 230 755 249 746 242 745 242 743 242 742 242 682 248 672 248 669 246 639 226 638 226 636 226 621 226 606 226 591 226 577 226 562 226 547 226 532 226 517 226 495 233 447 226 446 226 444 226 425 236 416 227 414 227 413 227 331 227 330 227 328 227 327 227 306 240 304 240 295 239 209 227 208 227 160 236 160 237 160 295 159 309 1191 328 1194 315 1189 270 1186 263"/></Shape>
	    <String CONTENT="ILLVSTRISSIMO ET PO¬"
                    HPOS="159"
                    VPOS="226"
                    WIDTH="1035"
                    HEIGHT="102"></String>
          </TextLine>

          
          
          <TextLine ID="eSc_line_8be826cb"
                    TAGREFS="LT4118"
                    BASELINE="200 386 230 382 638 386 1131 398" 
                    HPOS="199"
                    VPOS="330"
                    WIDTH="932"
                    HEIGHT="101">
            <Shape><Polygon POINTS="199 406 285 414 287 414 288 414 303 408 310 406 321 410 337 416 339 416 340 416 342 416 343 416 350 410 370 398 437 398 449 408 449 410 450 410 452 410 453 410 516 401 532 414 536 419 538 419 539 419 565 420 566 420 568 420 581 416 603 408 615 417 617 417 618 417 620 417 624 417 694 404 804 416 806 416 884 407 911 419 913 419 914 419 969 408 1002 426 1005 428 1006 428 1008 428 1009 428 1011 428 1011 426 1023 419 1045 428 1049 429 1051 429 1052 431 1130 431 1131 398 1130 352 1097 356 1084 350 1072 346 1070 346 1006 345 1005 345 981 349 963 353 956 349 947 343 945 343 944 343 942 343 941 343 939 343 939 345 933 349 932 352 846 352 822 348 780 340 779 340 745 348 727 350 707 346 669 339 667 339 666 339 651 346 646 349 642 346 632 339 630 339 629 339 627 339 626 339 624 339 612 346 611 348 608 346 597 337 596 337 594 337 593 337 591 337 575 345 574 346 574 345 565 337 565 336 563 336 562 336 492 336 490 336 489 336 487 336 477 345 475 345 471 345 414 334 413 334 411 334 391 343 389 343 388 343 346 336 345 336 343 336 327 343 324 343 322 343 298 334 297 334 295 334 294 334 269 342 243 330 242 330 240 330 239 330 200 339 200 386"/></Shape>
	    <String CONTENT="TENTISSIMO PRINCIPI"
                    HPOS="199"
                    VPOS="330"
                    WIDTH="932"
                    HEIGHT="101"
                    WC="0.982872859427803"></String>
          </TextLine>

          
          
          <TextLine ID="eSc_line_4abad18c"
                    TAGREFS="LT4118"
                    BASELINE="187 469 272 464 825 468 1078 477" 
                    HPOS="182"
                    VPOS="403"
                    WIDTH="948"
                    HEIGHT="98">
            <Shape><Polygon POINTS="182 493 535 488 559 501 562 501 564 501 566 501 571 501 664 490 1117 497 1130 480 1122 447 1081 437 1081 435 1070 419 1068 419 1068 417 1066 417 1064 417 1061 417 981 430 961 414 959 414 957 414 954 414 816 428 778 410 776 410 620 410 617 410 615 410 591 421 568 408 566 408 564 408 562 408 559 408 510 423 452 406 450 406 448 406 394 417 374 403 372 403 370 403 368 403 185 419 185 468"/></Shape>
	    <String CONTENT="ac domino D. Gulielmo Principi"
                    HPOS="182"
                    VPOS="403"
                    WIDTH="948"
                    HEIGHT="98"></String>
          </TextLine>

          
          
          <TextLine ID="eSc_line_ec354783"
                    TAGREFS="LT4118"
                    BASELINE="254 535 551 532 1073 542" 
                    HPOS="252"
                    VPOS="480"
                    WIDTH="821"
                    HEIGHT="89">
            <Shape><Polygon POINTS="252 547 327 560 328 560 330 560 358 550 364 548 371 551 395 560 397 560 398 560 400 560 401 560 401 559 408 551 410 551 413 551 453 560 455 560 456 560 472 554 481 550 591 550 612 557 636 565 638 565 639 565 641 565 664 559 678 556 748 562 816 566 817 566 819 566 820 566 823 563 837 554 881 565 896 568 1070 569 1073 542 1073 507 1017 502 1005 490 1005 489 1003 489 1002 489 1000 489 999 489 957 505 956 505 954 505 938 496 936 496 935 496 887 504 886 504 884 504 838 486 837 486 835 486 759 487 758 487 704 501 679 484 678 484 676 484 675 484 578 493 565 483 563 483 562 483 560 483 492 499 490 499 438 481 437 481 435 481 434 481 389 493 346 480 345 480 343 480 342 480 340 480 312 498 254 498 254 535"/></Shape>
	    <String CONTENT="Auracio Comiti Naſſauao &amp;c·"
                    HPOS="252"
                    VPOS="480"
                    WIDTH="821"
                    HEIGHT="89"></String>
          </TextLine>

          
          
          <TextLine ID="eSc_line_363be599"
                    TAGREFS="LT4118"
                    BASELINE="300 599 1061 612" 
                    HPOS="298"
                    VPOS="547"
                    WIDTH="763"
                    HEIGHT="95">
            <Shape><Polygon POINTS="298 618 355 630 356 630 389 623 400 632 401 632 403 632 404 632 435 626 510 633 511 633 513 633 542 624 547 624 554 624 608 633 609 633 611 633 632 627 636 626 639 627 660 636 661 636 663 636 700 630 765 638 767 638 768 638 785 630 789 629 800 630 838 639 840 639 841 639 864 632 871 630 883 633 919 640 920 640 922 640 945 635 954 632 960 635 977 642 978 642 980 642 1060 636 1061 612 1061 571 1035 559 1033 559 1032 559 1030 559 1006 569 968 557 966 557 965 557 963 557 926 569 925 569 809 569 803 568 722 553 688 553 687 553 685 553 684 553 684 554 672 565 626 565 612 553 612 551 611 551 609 551 608 551 606 551 574 563 572 563 544 550 542 550 541 550 539 550 501 562 499 562 498 562 455 548 453 548 452 548 450 548 410 559 377 547 376 547 374 547 300 557 300 599"/></Shape>
	    <String CONTENT="Chriſti gloriæ aſſertori in Hol¬"
                    HPOS="298"
                    VPOS="547"
                    WIDTH="763"
                    HEIGHT="95"
                    WC="0.986767336726189"></String>
          </TextLine>

          
          
          <TextLine ID="eSc_line_602070cd"
                    TAGREFS="LT4118"
                    BASELINE="373 667 956 675" 
                    HPOS="371"
                    VPOS="617"
                    WIDTH="585"
                    HEIGHT="90">
            <Shape><Polygon POINTS="371 696 429 701 431 701 449 698 483 690 571 700 574 700 575 700 577 700 605 691 684 703 691 703 693 703 697 703 736 694 762 704 764 704 765 704 767 704 768 704 770 704 783 698 859 706 880 707 881 707 883 707 886 706 917 696 951 707 956 675 956 635 904 633 893 623 893 621 892 621 890 621 889 621 887 621 852 632 847 633 840 632 801 620 800 620 798 620 797 620 765 630 758 632 716 632 713 629 703 620 701 620 700 620 699 620 697 620 678 629 672 630 664 629 635 620 633 620 632 620 630 620 615 626 594 617 593 617 591 617 523 626 514 626 508 624 477 617 475 617 474 617 472 617 447 624 434 627 420 623 401 617 400 617 398 617 373 621 373 667"/></Shape>
	    <String CONTENT="landia &amp; Zelandia for¬"
                    HPOS="371"
                    VPOS="617"
                    WIDTH="585"
                    HEIGHT="90"
                    WC="0.986598727377978"></String>
          </TextLine>

          
          
          <TextLine ID="eSc_line_575ac0e7"
                    TAGREFS="LT4118"
                    BASELINE="435 737 861 743" 
                    HPOS="434"
                    VPOS="685"
                    WIDTH="427"
                    HEIGHT="82">
            <Shape><Polygon POINTS="434 761 858 767 861 743 861 709 801 709 797 706 774 693 773 693 771 693 770 693 768 693 767 693 767 694 755 704 737 696 736 696 734 696 697 701 664 694 663 694 661 694 660 694 658 694 658 696 652 701 646 706 590 706 574 698 542 685 541 685 539 685 435 693 435 737"/></Shape>
	    <String CONTENT="tiſsimo, Gratiam"
                    HPOS="434"
                    VPOS="685"
                    WIDTH="427"
                    HEIGHT="82"
                    WC="0.999432370066643"></String>
          </TextLine>

          
          
          <TextLine ID="eSc_line_4e0d5af0"
                    TAGREFS="LT4118"
                    BASELINE="477 813 847 809" 
                    HPOS="475"
                    VPOS="754"
                    WIDTH="372"
                    HEIGHT="84">
            <Shape><Polygon POINTS="477 838 847 837 847 809 844 773 792 773 776 758 774 758 773 758 722 754 721 754 719 754 684 773 627 756 626 756 624 756 623 756 596 768 504 756 502 756 501 756 499 756 475 773 477 813"/></Shape>
	    <String CONTENT="&amp; pacem à Do¬"
                    HPOS="475"
                    VPOS="754"
                    WIDTH="372"
                    HEIGHT="84"
                    WC="0.995960793324879"></String>
          </TextLine>

          
          
          <TextLine ID="eSc_line_4a2e0d2a"
                    TAGREFS="LT4118"
                    BASELINE="593 881 754 878" 
                    HPOS="588"
                    VPOS="820"
                    WIDTH="163"
                    HEIGHT="92">
            <Shape><Polygon POINTS="591 907 749 912 751 876 745 823 687 834 669 829 640 820 638 820 635 820 633 820 588 836 591 878"/></Shape>
	    <String CONTENT="mino."
                    HPOS="588"
                    VPOS="820"
                    WIDTH="163"
                    HEIGHT="92"
                    WC="0.900651609897614"></String>
          </TextLine>

          
        </TextBlock>
        
        <TextBlock HPOS="121"
                   VPOS="956"
                   WIDTH="1073"
                   HEIGHT="1201"
                   ID="block_0"
                   TAGREFS="BT10542">
          <Shape><Polygon POINTS="1194 956 1194 2157 121 2157 121 956"/></Shape>
          
          
          <TextLine ID="eSc_line_16bff530"
                    TAGREFS="LT4119"
                    BASELINE="447 1033 1191 1038" 
                    HPOS="446"
                    VPOS="974"
                    WIDTH="745"
                    HEIGHT="89">
            <Shape><Polygon POINTS="447 1033 446 1048 734 1048 740 1049 759 1057 761 1057 762 1057 764 1057 783 1049 786 1048 788 1049 795 1055 797 1055 798 1055 800 1055 843 1049 855 1048 861 1049 892 1060 893 1060 1012 1061 1014 1061 1015 1061 1017 1061 1024 1055 1030 1060 1030 1061 1032 1061 1033 1061 1035 1063 1152 1063 1152 1061 1154 1061 1189 1048 1191 1038 1189 994 1134 993 1133 991 1109 980 1107 980 1106 980 1105 980 1067 990 1055 994 944 994 907 986 861 977 859 977 757 981 728 983 719 981 696 974 694 974 693 974 691 974 672 980 651 986 626 978 611 974 609 974 608 974 606 974 597 977 572 989 557 980 556 980 554 980 553 980 551 980 529 987 455 974 447 977"/></Shape>
	    <String CONTENT="Etus eſt illud, Princeps Illu¬"
                    HPOS="446"
                    VPOS="974"
                    WIDTH="745"
                    HEIGHT="89"></String>
          </TextLine>

          
          
          <TextLine ID="eSc_line_c393e3c1"
                    TAGREFS="LT4119"
                    BASELINE="444 1099 1191 1107" 
                    HPOS="443"
                    VPOS="1042"
                    WIDTH="748"
                    HEIGHT="86">
            <Shape><Polygon POINTS="443 1121 1058 1121 1060 1121 1075 1128 1076 1128 1078 1128 1189 1121 1191 1107 1191 1066 1142 1054 1140 1054 1139 1054 1137 1054 1124 1063 1121 1066 1069 1066 1066 1061 1058 1054 1058 1052 1057 1052 1055 1052 1023 1049 1021 1049 1020 1049 997 1058 989 1063 969 1058 935 1049 933 1049 932 1049 931 1049 929 1049 929 1051 923 1057 917 1061 901 1055 884 1051 883 1051 881 1051 832 1054 759 1058 752 1051 751 1051 751 1049 749 1049 748 1049 746 1049 730 1051 643 1058 632 1049 630 1049 629 1049 627 1049 626 1049 591 1058 572 1045 571 1044 569 1044 568 1044 444 1042 444 1099"/></Shape>
	    <String CONTENT="ſtriſsime, etiam ab Ariſtotele"
                    HPOS="443"
                    VPOS="1042"
                    WIDTH="748"
                    HEIGHT="86"
                    WC="0.976913545529048"></String>
          </TextLine>

          
          
          <TextLine ID="eSc_line_2ee623ba"
                    TAGREFS="LT4119"
                    BASELINE="447 1165 1192 1176" 
                    HPOS="446"
                    VPOS="1112"
                    WIDTH="746"
                    HEIGHT="89">
            <Shape><Polygon POINTS="468 1191 469 1191 471 1191 472 1191 498 1185 508 1182 519 1185 551 1194 553 1194 554 1194 609 1186 624 1194 626 1194 627 1194 629 1194 630 1194 642 1185 645 1183 652 1185 681 1195 682 1195 684 1195 798 1186 812 1186 822 1186 893 1197 895 1197 1058 1189 1063 1189 1064 1189 1082 1201 1084 1201 1085 1201 1087 1201 1191 1189 1192 1176 1192 1133 1149 1121 1148 1121 1146 1121 1145 1121 1119 1131 1118 1133 1115 1131 1091 1121 1090 1121 1088 1121 1049 1130 1041 1131 1018 1128 931 1118 929 1118 928 1118 904 1125 892 1130 886 1125 875 1116 874 1116 873 1116 752 1115 751 1115 749 1115 748 1115 740 1121 731 1128 697 1128 667 1119 666 1119 664 1119 658 1119 514 1124 504 1115 501 1113 501 1112 499 1112 498 1112 496 1112 495 1112 487 1115 469 1121 449 1113 447 1165 446 1183"/></Shape>
	    <String CONTENT="vſurpatum, Nihil eſſe in ipſa"
                    HPOS="446"
                    VPOS="1112"
                    WIDTH="746"
                    HEIGHT="89"></String>
          </TextLine>

          
          
          <TextLine ID="eSc_line_5d86cc03"
                    TAGREFS="LT4119"
                    BASELINE="431 1237 1180 1243" 
                    HPOS="429"
                    VPOS="1185"
                    WIDTH="751"
                    HEIGHT="82">
            <Shape><Polygon POINTS="429 1250 679 1250 688 1252 707 1258 709 1258 710 1258 742 1252 755 1250 761 1252 776 1258 777 1258 779 1258 780 1258 782 1258 782 1256 786 1252 789 1250 797 1252 835 1264 837 1264 838 1264 999 1256 1018 1265 1020 1265 1021 1267 1167 1267 1167 1265 1168 1265 1170 1265 1179 1256 1180 1243 1180 1198 1165 1189 1164 1189 1163 1189 1161 1189 1102 1201 1073 1201 1061 1191 1061 1189 1060 1189 1058 1189 1057 1189 875 1198 873 1198 862 1189 862 1188 861 1188 859 1188 806 1186 804 1186 803 1186 782 1198 739 1198 718 1198 718 1197 701 1186 700 1186 699 1186 697 1186 696 1186 678 1194 638 1186 636 1186 635 1186 633 1186 621 1197 620 1197 585 1186 584 1186 582 1186 502 1195 498 1195 496 1195 472 1185 471 1185 469 1185 468 1185 431 1194 431 1237"/></Shape>
	    <String CONTENT="rerum vniuerſitate pulchrius"
                    HPOS="429"
                    VPOS="1185"
                    WIDTH="751"
                    HEIGHT="82"
                    WC="0.98313407599926"></String>
          </TextLine>

          
          
          <TextLine ID="eSc_line_16fcc12e"
                    TAGREFS="LT4119"
                    BASELINE="142 1299 1189 1313" 
                    HPOS="141"
                    VPOS="1246"
                    WIDTH="1048"
                    HEIGHT="91">
            <Shape><Polygon POINTS="141 1314 165 1325 166 1325 168 1325 272 1317 313 1326 315 1326 359 1317 371 1326 371 1328 373 1328 374 1328 376 1328 461 1322 490 1329 492 1329 493 1329 495 1329 513 1320 666 1331 667 1331 721 1322 722 1322 724 1322 771 1332 773 1332 1002 1326 1012 1335 1014 1335 1015 1335 1073 1337 1075 1337 1188 1326 1189 1313 1189 1271 1160 1262 1158 1262 1157 1262 1155 1262 1154 1262 1145 1270 1145 1271 1088 1271 1087 1270 1075 1258 1075 1256 1073 1256 1072 1256 1070 1256 884 1267 873 1267 871 1267 847 1255 846 1255 844 1255 843 1255 813 1265 813 1267 748 1267 746 1265 728 1252 727 1252 725 1252 724 1252 648 1264 643 1264 641 1264 597 1252 596 1252 594 1252 517 1261 493 1249 492 1249 490 1249 438 1261 435 1261 434 1261 374 1247 373 1247 371 1247 370 1247 352 1259 350 1261 291 1261 288 1259 251 1246 249 1246 248 1246 246 1246 211 1258 209 1258 142 1258 142 1299"/></Shape>
	    <String CONTENT="ordine. Quid enim vel oculis iucũdũ, vel"
                    HPOS="141"
                    VPOS="1246"
                    WIDTH="1048"
                    HEIGHT="91"
                    WC="0.996359537045161"></String>
          </TextLine>

          
          
          <TextLine ID="eSc_line_d2c721bc"
                    TAGREFS="LT4119"
                    BASELINE="141 1368 1182 1380" 
                    HPOS="139"
                    VPOS="1319"
                    WIDTH="1043"
                    HEIGHT="87">
            <Shape><Polygon POINTS="139 1389 194 1395 196 1395 197 1395 199 1395 205 1390 215 1384 269 1384 350 1390 406 1395 407 1395 408 1395 423 1392 438 1387 444 1392 453 1397 455 1397 456 1397 458 1397 599 1392 652 1390 660 1392 682 1400 684 1400 685 1402 765 1402 765 1400 767 1400 768 1400 777 1393 782 1390 806 1393 846 1397 847 1397 889 1393 910 1392 913 1393 929 1403 931 1403 932 1403 933 1403 935 1403 956 1393 957 1393 1032 1393 1035 1395 1049 1405 1051 1405 1052 1405 1054 1406 1149 1406 1149 1405 1151 1405 1180 1395 1182 1380 1180 1338 1051 1326 1049 1326 963 1334 945 1335 932 1334 877 1325 875 1325 828 1332 813 1334 801 1331 764 1323 762 1323 703 1329 679 1332 652 1329 599 1322 597 1322 596 1322 574 1328 566 1329 544 1328 474 1320 472 1320 471 1320 469 1320 462 1326 456 1331 406 1331 395 1325 382 1319 380 1319 379 1319 377 1319 376 1319 367 1325 362 1328 350 1325 330 1319 328 1319 327 1319 303 1323 281 1328 141 1322 141 1368"/></Shape>
	    <String CONTENT="menti etiam ipſi &amp; animo hominis gra¬"
                    HPOS="139"
                    VPOS="1319"
                    WIDTH="1043"
                    HEIGHT="87"
                    WC="0.995054190223281"></String>
          </TextLine>

          
          
          <TextLine ID="eSc_line_52197bc0"
                    TAGREFS="LT4119"
                    BASELINE="138 1438 1179 1451" 
                    HPOS="138"
                    VPOS="1384"
                    WIDTH="1041"
                    HEIGHT="89">
            <Shape><Polygon POINTS="138 1460 252 1453 295 1461 297 1461 298 1461 315 1454 458 1454 478 1464 483 1467 484 1467 486 1467 514 1466 565 1461 626 1467 651 1469 652 1469 661 1467 697 1458 710 1467 713 1470 715 1470 716 1470 902 1472 904 1472 913 1470 951 1463 994 1470 996 1470 1044 1463 1176 1473 1179 1451 1177 1409 1076 1409 1069 1406 1038 1395 1036 1395 1035 1395 971 1403 948 1406 933 1403 899 1393 898 1393 896 1393 791 1399 716 1403 684 1396 652 1390 651 1390 649 1390 629 1396 600 1402 513 1402 487 1392 486 1392 484 1392 483 1392 481 1392 480 1392 474 1397 465 1392 461 1387 459 1387 458 1387 456 1387 435 1390 392 1399 355 1389 343 1386 342 1386 340 1386 312 1387 218 1396 138 1384 138 1438"/></Shape>
	    <String CONTENT="tum obuerſari poteſt, quod ſit confuſum,"
                    HPOS="138"
                    VPOS="1384"
                    WIDTH="1041"
                    HEIGHT="89"
                    WC="0.995421993732452"></String>
          </TextLine>

          
          
          <TextLine ID="eSc_line_7af206e1"
                    TAGREFS="LT4119"
                    BASELINE="138 1505 1177 1518" 
                    HPOS="136"
                    VPOS="1450"
                    WIDTH="1041"
                    HEIGHT="93">
            <Shape><Polygon POINTS="136 1519 295 1530 297 1530 298 1530 316 1524 368 1534 370 1534 371 1534 394 1525 550 1525 600 1537 602 1537 703 1528 713 1537 713 1539 715 1539 716 1539 718 1539 806 1530 829 1540 831 1540 832 1542 905 1542 905 1540 907 1540 925 1531 933 1540 935 1540 936 1540 977 1542 978 1542 980 1542 981 1542 996 1533 1143 1543 1145 1543 1146 1543 1176 1533 1177 1518 1176 1476 1045 1461 1044 1461 1042 1461 1011 1472 1002 1473 901 1473 892 1469 877 1461 875 1461 874 1461 873 1461 850 1467 831 1472 813 1466 789 1458 788 1458 786 1458 755 1464 730 1470 721 1464 712 1457 710 1457 709 1457 707 1457 554 1458 553 1458 551 1458 551 1460 539 1469 507 1469 490 1458 484 1454 483 1454 481 1454 480 1454 459 1457 406 1466 358 1464 342 1454 340 1453 339 1453 337 1453 336 1453 316 1454 205 1463 138 1450 138 1505"/></Shape>
	    <String CONTENT="&amp; nulla partium apta feparatione diſtin¬"
                    HPOS="136"
                    VPOS="1450"
                    WIDTH="1041"
                    HEIGHT="93"
                    WC="0.977767467498779"></String>
          </TextLine>

          
          
          <TextLine ID="eSc_line_aab1e9b7"
                    TAGREFS="LT4119"
                    BASELINE="136 1574 1179 1586" 
                    HPOS="136"
                    VPOS="1519"
                    WIDTH="1043"
                    HEIGHT="91">
            <Shape><Polygon POINTS="136 1598 194 1591 300 1600 315 1600 316 1600 327 1600 386 1592 428 1600 449 1603 450 1604 496 1604 496 1603 498 1603 499 1603 502 1600 511 1594 572 1600 609 1603 611 1603 612 1603 620 1600 632 1595 642 1600 657 1606 658 1606 660 1606 688 1600 704 1597 878 1597 883 1600 893 1607 895 1607 896 1607 898 1607 986 1600 996 1600 997 1600 1006 1609 1008 1609 1009 1609 1011 1609 1060 1601 1084 1610 1085 1610 1087 1610 1177 1600 1179 1586 1177 1548 966 1546 962 1543 938 1528 936 1528 935 1528 933 1528 890 1534 880 1527 878 1527 877 1527 875 1527 874 1527 850 1536 816 1527 815 1527 813 1527 812 1527 810 1527 788 1540 785 1542 754 1539 697 1534 696 1534 638 1537 575 1540 563 1536 529 1522 527 1522 526 1522 524 1522 498 1534 490 1537 471 1534 397 1521 395 1521 394 1521 365 1533 359 1534 356 1531 340 1521 339 1521 337 1521 243 1519 242 1519 240 1519 218 1530 211 1533 197 1528 165 1519 163 1519 162 1519 160 1519 136 1527 136 1574"/></Shape>
	    <String CONTENT="ctum? Certè quocunque nõ tantum ocu¬"
                    HPOS="136"
                    VPOS="1519"
                    WIDTH="1043"
                    HEIGHT="91"
                    WC="0.985790022109684"></String>
          </TextLine>

          
          
          <TextLine ID="eSc_line_eb89963e"
                    TAGREFS="LT4119"
                    BASELINE="135 1643 1173 1658" 
                    HPOS="133"
                    VPOS="1589"
                    WIDTH="1040"
                    HEIGHT="85">
            <Shape><Polygon POINTS="133 1656 239 1667 240 1667 388 1661 420 1661 425 1662 444 1670 446 1670 447 1670 655 1667 728 1665 742 1668 776 1674 777 1674 779 1674 795 1668 801 1667 1170 1674 1173 1658 1173 1616 1029 1600 1027 1600 971 1609 936 1598 935 1598 933 1598 932 1598 911 1607 841 1597 840 1597 838 1597 817 1607 812 1610 801 1607 758 1595 757 1595 755 1595 707 1606 703 1606 699 1606 643 1594 642 1594 641 1594 609 1603 597 1607 582 1603 574 1600 572 1600 571 1600 499 1601 348 1604 322 1597 304 1592 303 1592 301 1592 300 1592 288 1597 276 1601 267 1595 257 1589 255 1589 254 1589 252 1589 224 1595 193 1601 135 1594 135 1643"/></Shape>
	    <String CONTENT="Ios, ſed omnes animiſenſus cõuerterimus,"
                    HPOS="133"
                    VPOS="1589"
                    WIDTH="1040"
                    HEIGHT="85"
                    WC="0.951812339992058"></String>
          </TextLine>

          
          
          <TextLine ID="eSc_line_1952ba5b"
                    TAGREFS="LT4119"
                    BASELINE="135 1711 1180 1723" 
                    HPOS="133"
                    VPOS="1659"
                    WIDTH="1047"
                    HEIGHT="88">
            <Shape><Polygon POINTS="133 1725 184 1726 199 1738 200 1738 202 1738 203 1738 249 1728 251 1728 462 1731 554 1732 565 1743 566 1743 568 1743 569 1743 571 1743 591 1734 594 1732 606 1734 678 1744 679 1744 762 1737 765 1737 768 1737 835 1745 837 1745 871 1738 887 1735 963 1737 966 1740 974 1747 975 1747 977 1747 978 1747 1179 1743 1180 1723 1180 1680 1102 1671 1100 1671 1099 1671 1097 1671 1088 1677 1082 1680 1026 1680 1020 1676 1005 1670 1003 1670 1002 1670 974 1676 941 1682 887 1674 877 1673 875 1673 874 1673 873 1673 859 1680 612 1671 611 1671 530 1677 483 1665 472 1664 471 1664 469 1664 466 1665 443 1677 401 1677 373 1664 371 1664 370 1664 368 1664 367 1664 356 1673 321 1662 319 1662 318 1662 316 1662 312 1662 243 1671 135 1659 135 1711"/></Shape>
	    <String CONTENT="ſi quæ in eos incurrunt, neque ordine di¬"
                    HPOS="133"
                    VPOS="1659"
                    WIDTH="1047"
                    HEIGHT="88"
                    WC="0.993923485279083"></String>
          </TextLine>

          
          
          <TextLine ID="eSc_line_491adbca"
                    TAGREFS="LT4119"
                    BASELINE="138 1778 1168 1792" 
                    HPOS="136"
                    VPOS="1728"
                    WIDTH="1032"
                    HEIGHT="89">
            <Shape><Polygon POINTS="136 1802 232 1796 290 1805 300 1806 301 1806 309 1805 346 1796 359 1806 362 1808 364 1808 365 1808 367 1808 389 1806 468 1798 477 1806 480 1808 480 1809 481 1809 483 1809 484 1809 514 1806 593 1799 633 1808 638 1808 639 1808 645 1808 709 1801 743 1808 748 1809 749 1809 751 1809 761 1809 812 1802 938 1802 962 1809 980 1815 981 1815 983 1815 1030 1811 1073 1806 1093 1811 1115 1817 1116 1817 1118 1817 1167 1811 1168 1792 1167 1751 1054 1738 1052 1738 1051 1738 1026 1747 1011 1738 1009 1738 1008 1738 960 1738 959 1738 957 1738 956 1738 941 1748 938 1748 868 1748 867 1747 855 1737 853 1737 852 1737 850 1737 849 1737 820 1745 755 1735 754 1735 719 1743 688 1734 687 1734 685 1734 684 1734 658 1744 657 1744 654 1744 577 1732 575 1732 527 1743 523 1743 464 1741 416 1741 391 1731 389 1731 388 1731 343 1738 331 1729 330 1729 328 1729 327 1729 275 1740 270 1740 267 1740 233 1728 232 1728 230 1728 138 1737 138 1778"/></Shape>
	    <String CONTENT="geſta, neque apto ſiru inter ſe cohęrẽtia,"
                    HPOS="136"
                    VPOS="1728"
                    WIDTH="1032"
                    HEIGHT="89"></String>
          </TextLine>

          
          
          <TextLine ID="eSc_line_c66ffa63"
                    TAGREFS="LT4119"
                    BASELINE="133 1850 1176 1854" 
                    HPOS="132"
                    VPOS="1804"
                    WIDTH="1044"
                    HEIGHT="69">
            <Shape><Polygon POINTS="132 1869 1173 1873 1176 1854 1174 1818 1105 1806 1103 1806 1038 1817 1030 1818 977 1818 975 1815 965 1808 965 1806 963 1806 962 1806 960 1806 901 1815 883 1817 864 1814 797 1805 795 1805 794 1805 765 1814 758 1815 736 1814 664 1805 663 1805 606 1812 585 1814 559 1811 480 1804 478 1804 444 1811 432 1812 429 1811 420 1804 419 1804 417 1804 416 1804 133 1806 133 1850"/></Shape>
	    <String CONTENT="neque conuenienti loco &amp; modo collo¬"
                    HPOS="132"
                    VPOS="1804"
                    WIDTH="1044"
                    HEIGHT="69"
                    WC="0.976911756727431"></String>
          </TextLine>

          
          
          <TextLine ID="eSc_line_21af6e62"
                    TAGREFS="LT4119"
                    BASELINE="133 1917 1171 1924" 
                    HPOS="132"
                    VPOS="1866"
                    WIDTH="1039"
                    HEIGHT="85">
            <Shape><Polygon POINTS="132 1931 285 1945 287 1945 333 1934 337 1934 356 1934 548 1948 550 1948 709 1939 734 1939 742 1940 771 1948 773 1948 774 1948 859 1942 864 1942 865 1942 893 1949 895 1949 896 1949 898 1949 914 1942 923 1939 1006 1940 1011 1943 1023 1951 1024 1951 1026 1951 1027 1951 1029 1951 1054 1943 1069 1940 1168 1945 1171 1924 1170 1885 1084 1872 1082 1872 936 1882 911 1870 910 1870 908 1870 907 1870 870 1882 868 1884 828 1884 826 1882 809 1870 807 1870 806 1870 804 1870 734 1881 722 1872 722 1870 721 1870 719 1870 681 1869 618 1869 617 1869 615 1869 614 1869 600 1881 599 1881 588 1881 468 1870 466 1870 385 1876 374 1867 373 1867 371 1867 370 1867 368 1867 343 1879 340 1879 336 1879 276 1866 275 1866 273 1866 227 1878 226 1878 224 1878 200 1869 199 1869 197 1869 133 1876 133 1917"/></Shape>
	    <String CONTENT="cata à nobis apparebũt: ea neque vrilita¬"
                    HPOS="132"
                    VPOS="1866"
                    WIDTH="1039"
                    HEIGHT="85"
                    WC="0.972995234090228"></String>
          </TextLine>

          
          
          <TextLine ID="eSc_line_ce35cda5"
                    TAGREFS="LT4119"
                    BASELINE="133 1988 1174 1995" 
                    HPOS="132"
                    VPOS="1940"
                    WIDTH="1042"
                    HEIGHT="79">
            <Shape><Polygon POINTS="132 2000 246 2012 248 2012 249 2012 251 2012 261 2003 307 2003 310 2003 340 2015 342 2015 343 2015 483 2006 519 2004 544 2007 614 2016 615 2016 715 2015 716 2015 725 2010 734 2006 786 2006 795 2010 807 2018 809 2018 810 2019 950 2019 950 2018 951 2018 963 2013 980 2009 1012 2015 1041 2019 1042 2019 1044 2019 1057 2015 1075 2010 1171 2016 1174 1995 1173 1943 1088 1954 1066 1943 1064 1943 1063 1943 843 1952 829 1942 828 1942 826 1942 783 1942 782 1942 780 1942 779 1942 758 1952 728 1942 727 1942 725 1942 724 1942 722 1942 721 1942 703 1952 651 1952 633 1942 630 1940 629 1940 627 1940 626 1940 624 1940 623 1942 612 1949 603 1942 602 1942 602 1940 600 1940 599 1940 572 1940 571 1940 569 1940 566 1942 548 1951 133 1942 133 1988"/></Shape>
	    <String CONTENT="tem, neque venuſtatem aliquam habere"
                    HPOS="132"
                    VPOS="1940"
                    WIDTH="1042"
                    HEIGHT="79"
                    WC="0.96726301809152"></String>
          </TextLine>

          
          
          <TextLine ID="eSc_line_7f2ed68f"
                    TAGREFS="LT4119"
                    BASELINE="132 2052 1173 2062" 
                    HPOS="130"
                    VPOS="2003"
                    WIDTH="1043"
                    HEIGHT="85">
            <Shape><Polygon POINTS="130 2070 145 2079 147 2079 148 2079 150 2079 217 2070 281 2080 282 2080 417 2071 505 2082 507 2082 574 2073 626 2083 627 2083 699 2074 725 2085 727 2085 728 2085 822 2076 1143 2088 1145 2088 1146 2088 1171 2077 1173 2062 1170 2012 1096 2021 1063 2012 1061 2012 1060 2012 1058 2012 1024 2024 890 2024 870 2009 868 2009 867 2009 865 2009 864 2009 820 2022 728 2022 608 2021 580 2006 578 2006 577 2006 575 2006 541 2006 395 2009 394 2009 379 2016 333 2007 331 2007 285 2016 252 2003 251 2003 249 2003 132 2003 132 2052"/></Shape>
	    <String CONTENT="ſtatim pronuntiabimus, tantûmque ab il¬"
                    HPOS="130"
                    VPOS="2003"
                    WIDTH="1043"
                    HEIGHT="85"
                    WC="0.975889217853546"></String>
          </TextLine>

          
          
          <TextLine ID="eSc_line_926d8937"
                    TAGREFS="LT4119"
                    BASELINE="133 2123 1168 2131" 
                    HPOS="132"
                    VPOS="2073"
                    WIDTH="1036"
                    HEIGHT="93">
            <Shape><Polygon POINTS="133 2123 132 2144 215 2157 217 2157 218 2157 243 2146 328 2146 330 2146 342 2156 342 2157 343 2157 345 2157 374 2160 376 2160 377 2160 404 2147 410 2147 464 2147 477 2157 478 2157 480 2157 481 2157 542 2147 545 2147 548 2147 590 2159 591 2159 593 2159 633 2152 660 2162 661 2162 754 2163 755 2165 820 2165 820 2163 822 2163 823 2163 840 2150 922 2159 923 2159 925 2159 953 2150 997 2165 999 2165 1000 2166 1061 2166 1061 2165 1063 2165 1064 2165 1082 2153 1110 2165 1112 2165 1113 2165 1115 2165 1167 2150 1168 2131 1167 2095 1115 2095 1113 2094 1091 2080 1090 2080 1088 2080 1087 2080 1027 2094 1026 2094 1024 2094 994 2080 993 2080 991 2080 928 2092 908 2077 907 2077 905 2077 904 2077 846 2088 794 2079 792 2079 791 2079 757 2089 682 2076 681 2076 612 2083 596 2076 594 2076 593 2076 591 2076 590 2076 569 2091 554 2080 553 2080 551 2080 550 2080 548 2080 529 2089 453 2082 452 2082 450 2082 431 2089 327 2073 325 2073 324 2073 290 2082 224 2073 223 2073 221 2073 220 2073 200 2086 139 2088 133 2120"/></Shape>
	    <String CONTENT="Iis oculorum, animique intuitum auer¬"
                    HPOS="132"
                    VPOS="2073"
                    WIDTH="1036"
                    HEIGHT="93"
                    WC="0.986329078674316"></String>
          </TextLine>

          
        </TextBlock>
        
        <TextBlock HPOS="831"
                   VPOS="2162"
                   WIDTH="200"
                   HEIGHT="92"
                   ID="eSc_textblock_43b56ca6"
                   TAGREFS="BT10534">
          <Shape><Polygon POINTS="831 2164 834 2254 1028 2254 1031 2162"/></Shape>
          
          
          <TextLine ID="eSc_line_ab73e401"
                    TAGREFS="LT4119"
                    BASELINE="865 2213 993 2216" 
                    HPOS="865"
                    VPOS="2213"
                    WIDTH="128"
                    HEIGHT="3">
            
	    <String CONTENT="¶ ij."
                    HPOS="865"
                    VPOS="2213"
                    WIDTH="128"
                    HEIGHT="3"></String>
          </TextLine>

          
        </TextBlock>
        
        <TextBlock HPOS="151"
                   VPOS="960"
                   WIDTH="295"
                   HEIGHT="303"
                   ID="eSc_textblock_2093ad62"
                   TAGREFS="BT10537">
          <Shape><Polygon POINTS="154 960 151 1257 446 1263 446 963"/></Shape>
          
        </TextBlock>
        

        
      </PrintSpace>
    </Page>
  </Layout>
</alto>
