<?xml version="1.0" encoding="UTF-8"?>
<alto xmlns:xsi="http://www.w3.org/2001/XMLSchema-instance"
      xmlns="http://www.loc.gov/standards/alto/ns-v4#"
      xsi:schemaLocation="http://www.loc.gov/standards/alto/ns-v4# http://www.loc.gov/standards/alto/v4/alto-4-2.xsd">
  <Description>
    <MeasurementUnit>pixel</MeasurementUnit>
    <sourceImageInformation>
      <fileName>2012908.png</fileName>
      
    </sourceImageInformation>
  </Description>
  
  <Tags>
    <OtherTag ID="BT10544" LABEL="text" DESCRIPTION="block type text"/><OtherTag ID="BT10543" LABEL="NumberingZone" DESCRIPTION="block type NumberingZone"/><OtherTag ID="BT10542" LABEL="MainZone" DESCRIPTION="block type MainZone"/><OtherTag ID="BT10538" LABEL="RunningTitleZone" DESCRIPTION="block type RunningTitleZone"/><OtherTag ID="BT10537" LABEL="DropCapitalZone" DESCRIPTION="block type DropCapitalZone"/><OtherTag ID="BT10536" LABEL="GraphicZone" DESCRIPTION="block type GraphicZone"/><OtherTag ID="BT10535" LABEL="TitlePageZone" DESCRIPTION="block type TitlePageZone"/><OtherTag ID="BT10534" LABEL="QuireMarksZone" DESCRIPTION="block type QuireMarksZone"/><OtherTag ID="BT10533" LABEL="MarginTextZone" DESCRIPTION="block type MarginTextZone"/>
    <OtherTag ID="LT4122" LABEL="default" DESCRIPTION="line type default"/><OtherTag ID="LT4119" LABEL="DefaultLine" DESCRIPTION="line type DefaultLine"/><OtherTag ID="LT4118" LABEL="HeadingLine" DESCRIPTION="line type HeadingLine"/><OtherTag ID="LT4117" LABEL="CustomLine : BiblicalText" DESCRIPTION="line type CustomLine : BiblicalText"/>
  </Tags>
  
  <Layout>
    <Page WIDTH="1807"
          HEIGHT="2677"
          PHYSICAL_IMG_NR="24"
          ID="eSc_dummypage_">
      <PrintSpace HPOS="0"
                  VPOS="0"
                  WIDTH="1807"
                  HEIGHT="2677">
        
        <TextBlock HPOS="804"
                   VPOS="173"
                   WIDTH="485"
                   HEIGHT="81"
                   ID="block_2"
                   TAGREFS="BT10538">
          <Shape><Polygon POINTS="1289 173 1289 254 804 254 804 173"/></Shape>
          
          
          <TextLine ID="eSc_line_290607b3"
                    TAGREFS="LT4118"
                    BASELINE="867 240 1279 229" 
                    HPOS="864"
                    VPOS="184"
                    WIDTH="415"
                    HEIGHT="73">
            <Shape><Polygon POINTS="1250 184 1235 184 1225 184 1219 190 1218 190 1213 190 1183 184 1176 184 1168 184 1158 188 1152 191 1145 188 1131 184 1118 184 1106 188 1094 193 1063 188 1029 184 1027 184 1012 184 1005 184 974 188 910 197 864 188 867 240 867 257 1131 245 1164 251 1171 252 1173 252 1279 248 1279 229 1274 200 1267 194"/></Shape>
	    <String CONTENT="EPISTOLA."
                    HPOS="864"
                    VPOS="184"
                    WIDTH="415"
                    HEIGHT="73"
                    WC="0.998138275411394"></String>
          </TextLine>

          
        </TextBlock>
        
        <TextBlock HPOS="566"
                   VPOS="253"
                   WIDTH="1152"
                   HEIGHT="865"
                   ID="eSc_textblock_a5f2428d"
                   TAGREFS="BT10542">
          <Shape><Polygon POINTS="1718 253 1718 1118 566 1118 566 278"/></Shape>
          
          
          <TextLine ID="eSc_line_204ee249"
                    TAGREFS="LT4119"
                    BASELINE="590 318 1625 298" 
                    HPOS="586"
                    VPOS="254"
                    WIDTH="1038"
                    HEIGHT="87">
            <Shape><Polygon POINTS="1612 254 1590 256 1568 256 1545 256 1523 256 1501 258 1479 258 1456 258 1434 258 1412 258 1389 261 1367 261 1345 261 1322 261 1300 261 1278 263 1255 263 1233 263 1211 263 1189 265 1166 265 1144 265 1122 265 1099 265 1077 267 1055 267 1032 267 1010 267 988 267 965 269 943 269 921 269 899 269 876 272 854 272 832 272 809 272 787 272 765 274 742 274 720 274 698 274 675 274 653 276 631 276 609 276 586 276 588 316 588 341 1624 316 1624 296 1617 254 1612 254"/></Shape>
	    <String CONTENT="ue in T.E. obſeruãtia teſtimonium &amp;"
                    HPOS="586"
                    VPOS="254"
                    WIDTH="1038"
                    HEIGHT="87"
                    WC="0.975416175193257"></String>
          </TextLine>

          
          
          <TextLine ID="eSc_line_5c208fb1"
                    TAGREFS="LT4119"
                    BASELINE="580 392 1635 368" 
                    HPOS="578"
                    VPOS="316"
                    WIDTH="1057"
                    HEIGHT="91">
            <Shape><Polygon POINTS="580 392 580 407 1305 398 1634 383 1635 368 1632 327 1586 316 1585 316 1583 316 1557 325 1534 316 1533 316 1531 316 1530 316 1500 328 1499 328 1496 328 1463 322 1461 322 1344 330 1301 333 1289 331 1246 322 1244 322 1243 322 1225 330 1122 325 1121 325 1119 325 1118 325 1118 327 1109 334 1106 336 1090 334 1047 328 1045 328 1044 328 1020 334 1003 339 968 336 908 330 907 330 877 337 861 340 829 337 779 333 777 333 746 339 707 346 694 339 693 339 691 339 690 339 688 339 687 339 678 346 578 342 580 392"/></Shape>
	    <String CONTENT="tuarum laudum præd icationis conatum"
                    HPOS="578"
                    VPOS="316"
                    WIDTH="1057"
                    HEIGHT="91"
                    WC="0.997198876407411"></String>
          </TextLine>

          
          
          <TextLine ID="eSc_line_ab6b2053"
                    TAGREFS="LT4119"
                    BASELINE="580 459 1628 435" 
                    HPOS="577"
                    VPOS="386"
                    WIDTH="1051"
                    HEIGHT="95">
            <Shape><Polygon POINTS="580 459 580 480 643 469 657 480 658 480 660 480 661 481 691 481 691 480 712 478 847 465 873 472 874 472 875 472 917 464 990 471 1009 472 1011 472 1012 472 1018 471 1038 462 1055 469 1061 471 1063 471 1064 471 1066 471 1073 469 1105 459 1188 465 1224 468 1225 468 1226 468 1228 468 1231 465 1243 456 1279 464 1298 466 1299 466 1335 462 1396 453 1447 459 1479 462 1481 462 1511 458 1540 452 1557 456 1569 459 1570 459 1572 459 1628 453 1628 435 1624 389 1412 395 1400 392 1384 386 1383 386 1381 386 1380 386 1357 392 1334 400 1252 400 1240 394 1235 392 1234 392 1232 392 1215 394 1157 403 1090 397 1061 394 1060 394 1058 394 1049 397 1021 406 984 398 983 398 981 398 942 407 875 400 874 400 873 400 871 400 798 407 783 401 782 400 780 400 779 400 577 403 580 459"/></Shape>
	    <String CONTENT="&amp; ſymbolum extare volui quod vt grato"
                    HPOS="577"
                    VPOS="386"
                    WIDTH="1051"
                    HEIGHT="95"
                    WC="0.983844362400674"></String>
          </TextLine>

          
          
          <TextLine ID="eSc_line_de46101a"
                    TAGREFS="LT4119"
                    BASELINE="582 526 1632 505" 
                    HPOS="581"
                    VPOS="450"
                    WIDTH="1051"
                    HEIGHT="97">
            <Shape><Polygon POINTS="582 526 582 544 675 539 701 542 730 547 731 547 733 547 746 542 757 538 803 541 864 544 865 544 867 544 890 538 905 535 919 538 944 542 945 542 1073 533 1085 533 1090 533 1165 538 1167 538 1224 530 1232 529 1241 529 1307 535 1308 535 1310 535 1311 535 1323 527 1325 527 1372 533 1374 533 1473 523 1482 523 1487 523 1527 530 1528 530 1632 519 1632 505 1628 450 1574 458 1563 452 1560 450 1558 450 1557 450 1555 450 1554 450 1551 452 1531 464 1494 453 1490 453 1488 453 1487 453 1485 453 1482 455 1463 465 1334 461 1332 461 1331 461 1329 461 1319 469 1229 469 1207 464 1183 458 1182 458 1180 458 1167 465 1158 469 1139 465 1107 459 1106 459 1055 462 1054 462 1041 468 1030 474 1008 469 983 465 981 465 919 472 881 477 862 474 807 465 806 465 779 466 777 466 776 466 776 468 764 477 762 478 758 478 709 469 707 469 658 481 655 481 654 481 632 469 630 469 596 469 594 469 593 469 591 469 591 471 581 480 582 526"/></Shape>
	    <String CONTENT="benignóque animo T. E. accipiat obnixè"
                    HPOS="581"
                    VPOS="450"
                    WIDTH="1051"
                    HEIGHT="97"></String>
          </TextLine>

          
          
          <TextLine ID="eSc_line_f3ccaf51"
                    TAGREFS="LT4119"
                    BASELINE="585 596 1628 572" 
                    HPOS="582"
                    VPOS="517"
                    WIDTH="1046"
                    HEIGHT="103">
            <Shape><Polygon POINTS="585 596 585 618 623 612 641 620 642 620 643 620 645 620 813 615 815 615 847 606 904 614 910 614 911 614 919 614 975 603 1000 611 1002 611 1003 611 1005 611 1107 600 1415 602 1417 602 1514 591 1627 597 1628 572 1624 530 1586 530 1583 530 1563 517 1561 517 1560 517 1558 517 1521 519 1519 519 1497 530 1490 535 1427 536 1383 536 1377 532 1368 524 1366 524 1365 524 1363 524 1307 532 1267 538 1229 533 1176 526 1174 526 1173 526 1171 526 1163 533 1152 541 1115 533 1107 533 1106 533 1105 533 1100 535 1076 541 1057 535 1041 529 1039 529 1038 529 999 535 971 539 907 536 858 533 856 533 855 533 853 533 850 536 834 547 791 536 779 535 777 535 776 535 770 536 742 550 687 538 684 538 682 538 582 538 585 596"/></Shape>
	    <String CONTENT="precor. Dominus Deus ſolus, Æternus Sa¬"
                    HPOS="582"
                    VPOS="517"
                    WIDTH="1046"
                    HEIGHT="103"
                    WC="0.985316690726158"></String>
          </TextLine>

          
          
          <TextLine ID="eSc_line_907dc98c"
                    TAGREFS="LT4119"
                    BASELINE="585 666 1638 643" 
                    HPOS="582"
                    VPOS="588"
                    WIDTH="1056"
                    HEIGHT="102">
            <Shape><Polygon POINTS="585 666 585 690 725 687 727 687 728 687 739 679 782 685 788 685 789 685 791 685 792 685 792 684 801 676 910 682 933 682 935 682 948 681 1006 672 1106 676 1145 678 1146 678 1174 675 1232 667 1265 672 1286 675 1287 675 1316 670 1350 666 1386 669 1421 672 1423 672 1444 667 1464 663 1638 663 1638 643 1635 599 1567 588 1566 588 1564 588 1542 599 1414 593 1412 593 1411 593 1392 603 1250 605 1218 596 1216 596 1215 596 1122 599 1121 599 1119 599 1110 606 1081 600 1079 600 1078 600 1058 609 1054 609 936 602 935 602 816 614 815 614 638 609 636 609 582 618 585 666"/></Shape>
	    <String CONTENT="piens, Bonus, Iuſtus, Miſericors, te velut"
                    HPOS="582"
                    VPOS="588"
                    WIDTH="1056"
                    HEIGHT="102"
                    WC="0.993207742770513"></String>
          </TextLine>

          
          
          <TextLine ID="eSc_line_054e8156"
                    TAGREFS="LT4119"
                    BASELINE="580 730 1632 707" 
                    HPOS="578"
                    VPOS="657"
                    WIDTH="1054"
                    HEIGHT="97">
            <Shape><Polygon POINTS="580 730 580 746 639 754 641 754 642 754 658 745 660 745 670 745 764 751 765 751 883 742 1069 745 1070 745 1072 745 1100 737 1210 742 1212 742 1213 742 1232 734 1279 740 1280 740 1356 730 1357 730 1411 737 1412 737 1414 737 1415 737 1427 728 1540 734 1542 734 1632 722 1632 707 1630 664 1557 657 1555 657 1508 666 1499 669 1342 672 1335 670 1314 663 1313 663 1311 663 1261 672 1247 673 1238 672 1204 664 1203 664 1201 664 1176 673 1170 675 1161 673 1127 667 1125 667 1079 675 1061 678 1038 676 968 670 966 670 916 679 902 681 892 679 855 672 853 672 765 675 764 675 762 675 751 682 748 684 728 682 643 676 642 676 578 685 580 730"/></Shape>
	    <String CONTENT="alterum Danielem, Spiritu ſuo corrobo¬"
                    HPOS="578"
                    VPOS="657"
                    WIDTH="1054"
                    HEIGHT="97"
                    WC="0.996136401828967"></String>
          </TextLine>

          
          
          <TextLine ID="eSc_line_a87da616"
                    TAGREFS="LT4119"
                    BASELINE="580 800 1057 795 1622 777" 
                    HPOS="578"
                    VPOS="721"
                    WIDTH="1044"
                    HEIGHT="105">
            <Shape><Polygon POINTS="580 816 675 816 709 826 710 826 712 826 713 826 715 826 734 814 929 820 931 820 983 810 1005 819 1006 819 1008 819 1009 819 1011 819 1027 809 1084 814 1085 814 1087 814 1088 814 1096 809 1106 817 1107 817 1109 817 1110 817 1165 806 1216 814 1218 814 1219 814 1256 803 1258 803 1338 812 1340 812 1396 810 1398 810 1420 800 1441 810 1442 810 1444 810 1511 809 1512 809 1514 809 1525 800 1570 807 1572 807 1573 807 1622 794 1622 777 1619 721 1582 721 1580 721 1579 721 1577 721 1558 737 1470 737 1454 730 1453 730 1451 730 1450 730 1433 737 1409 727 1406 725 1405 725 1403 725 1402 725 1399 727 1366 740 1338 728 1335 727 1334 727 1332 727 1331 727 1326 728 1301 742 1274 734 1273 734 1271 734 1221 743 1206 731 1204 730 1203 730 1201 730 1176 730 1174 730 1173 730 1171 730 1171 731 1168 733 1158 745 1103 746 1045 737 1044 737 1042 737 1008 748 975 742 974 742 916 749 877 742 855 737 853 737 852 737 837 742 822 748 800 743 771 739 770 739 768 739 754 745 740 751 712 746 684 742 682 742 578 749 580 800"/></Shape>
	    <String CONTENT="ret ac confirmet, &amp; ad Eccleſię ſuę preſi¬"
                    HPOS="578"
                    VPOS="721"
                    WIDTH="1044"
                    HEIGHT="105"></String>
          </TextLine>

          
          
          <TextLine ID="eSc_line_f9cc1e74"
                    TAGREFS="LT4119"
                    BASELINE="578 867 1641 849" 
                    HPOS="577"
                    VPOS="794"
                    WIDTH="1064"
                    HEIGHT="96">
            <Shape><Polygon POINTS="578 867 578 890 980 886 981 886 996 881 1021 875 1061 880 1097 884 1099 884 1100 884 1102 884 1109 878 1116 875 1125 878 1139 883 1140 883 1142 883 1176 877 1209 872 1244 875 1287 880 1289 880 1362 878 1363 878 1365 878 1372 872 1378 870 1430 871 1552 875 1554 875 1640 865 1641 849 1637 794 1545 806 1479 797 1470 797 1469 797 1467 797 1466 797 1466 798 1454 809 1293 809 1268 803 1258 801 1256 801 1255 801 1253 801 1252 803 1243 812 1213 812 1201 804 1197 801 1195 801 1194 801 1192 801 1158 806 1116 812 1105 807 1096 804 1094 804 1093 804 1073 809 1055 812 1051 809 1045 804 1044 804 1042 804 1041 804 1039 804 1026 809 1014 814 1006 810 1002 806 1000 806 999 806 997 806 975 810 956 814 941 812 920 807 919 807 828 814 820 814 817 814 770 809 768 809 767 809 765 809 757 816 755 819 703 819 699 817 679 810 678 810 676 810 577 820 578 867"/></Shape>
	    <String CONTENT="dium diutiſſimè feliciſſiméque nobis, &amp;"
                    HPOS="577"
                    VPOS="794"
                    WIDTH="1064"
                    HEIGHT="96"
                    WC="0.992252332408254"></String>
          </TextLine>

          
          
          <TextLine ID="eSc_line_56317520"
                    TAGREFS="LT4119"
                    BASELINE="584 938 1634 922" 
                    HPOS="582"
                    VPOS="864"
                    WIDTH="1052"
                    HEIGHT="95">
            <Shape><Polygon POINTS="584 938 584 953 771 959 773 959 920 951 1009 947 1027 950 1048 954 1049 954 1051 954 1060 950 1072 945 1110 950 1139 953 1140 953 1170 950 1215 944 1307 948 1345 950 1347 950 1359 948 1395 941 1511 947 1521 947 1522 947 1524 947 1525 947 1539 938 1632 945 1634 922 1631 872 1574 864 1573 864 1516 874 1503 875 1490 874 1442 865 1441 865 1369 875 1342 880 1284 880 1277 877 1253 868 1252 868 1250 868 1249 868 1212 877 1200 880 1182 878 1142 872 1140 872 1139 872 1127 878 1119 881 1102 878 1079 875 1078 875 1041 880 1009 883 1003 880 990 872 989 872 987 872 896 881 849 886 829 883 797 875 795 875 758 883 757 883 755 883 697 877 696 877 694 877 672 884 658 889 636 884 599 878 597 878 596 878 582 883 584 938"/></Shape>
	    <String CONTENT="toti Belgio incolumem cõſeruet. Geneuę"
                    HPOS="582"
                    VPOS="864"
                    WIDTH="1052"
                    HEIGHT="95"></String>
          </TextLine>

          
          
          <TextLine ID="eSc_line_8b28a041"
                    TAGREFS="LT4119"
                    BASELINE="581 1005 1589 990" 
                    HPOS="580"
                    VPOS="932"
                    WIDTH="1009"
                    HEIGHT="97">
            <Shape><Polygon POINTS="581 1005 581 1020 643 1029 645 1029 690 1020 701 1018 716 1020 771 1027 773 1027 858 1026 859 1026 875 1020 883 1017 898 1020 931 1024 932 1024 962 1018 987 1014 1000 1018 1012 1023 1014 1023 1015 1023 1036 1018 1060 1014 1189 1018 1265 1020 1267 1020 1268 1020 1273 1017 1287 1009 1342 1017 1356 1018 1357 1018 1359 1018 1363 1017 1387 1008 1411 1017 1412 1017 1414 1017 1415 1017 1418 1017 1461 1008 1475 1017 1476 1017 1478 1017 1479 1017 1481 1017 1482 1017 1496 1006 1588 1015 1589 990 1585 932 1479 939 1441 935 1423 933 1421 933 1420 933 1412 936 1380 947 1344 938 1332 935 1331 935 1329 935 1328 935 1320 938 1304 947 1280 939 1279 939 1277 939 1276 939 1274 939 1273 939 1253 948 1240 941 1238 939 1237 939 1235 939 1234 939 1222 941 1173 950 1151 942 1143 941 1142 941 1140 941 1122 944 1105 947 1100 944 1090 938 1088 938 1087 938 1085 938 1084 938 1067 945 1054 951 1008 951 1002 947 990 939 989 939 987 939 986 939 984 939 963 948 960 948 954 948 898 941 896 941 895 941 893 941 881 950 875 954 806 953 617 945 615 945 614 945 580 956 581 1005"/></Shape>
	    <String CONTENT="Cal. Auguſti Anno temporis vltimi."
                    HPOS="580"
                    VPOS="932"
                    WIDTH="1009"
                    HEIGHT="97"></String>
          </TextLine>

          
          
          <TextLine ID="eSc_line_af0b33b2"
                    TAGREFS="LT4119"
                    BASELINE="588 1081 826 1081 1136 1064" 
                    HPOS="585"
                    VPOS="1003"
                    WIDTH="551"
                    HEIGHT="104">
            <Shape><Polygon POINTS="588 1096 641 1094 643 1094 675 1107 676 1107 678 1107 724 1097 798 1103 800 1103 801 1103 803 1103 826 1090 828 1088 834 1088 899 1100 901 1100 902 1100 956 1085 962 1084 966 1085 997 1096 999 1096 1000 1096 1058 1094 1060 1094 1061 1094 1081 1082 1105 1091 1106 1091 1107 1091 1109 1091 1136 1079 1136 1064 1131 1011 1026 1014 1017 1012 991 1003 990 1003 989 1003 987 1003 986 1003 974 1012 972 1014 965 1012 944 1008 942 1008 941 1008 939 1008 933 1012 929 1015 910 1014 865 1008 864 1008 862 1008 861 1008 855 1014 846 1020 810 1014 792 1012 791 1012 773 1015 719 1024 696 1017 688 1014 687 1014 685 1014 585 1017 588 1081"/></Shape>
	    <String CONTENT="CIↄ Iↄ LXXVII."
                    HPOS="585"
                    VPOS="1003"
                    WIDTH="551"
                    HEIGHT="104"></String>
          </TextLine>

          
        </TextBlock>
        
        <TextBlock HPOS="684"
                   VPOS="1277"
                   WIDTH="894"
                   HEIGHT="108"
                   ID="eSc_textblock_c12ca5d0"
                   TAGREFS="BT10533">
          <Shape><Polygon POINTS="684 1277 684 1385 1578 1385 1578 1277"/></Shape>
          
          
          <TextLine ID="eSc_line_9c993e8d"
                    TAGREFS="LT4119"
                    BASELINE="707 1339 1534 1325" 
                    HPOS="704"
                    VPOS="1259"
                    WIDTH="830"
                    HEIGHT="103">
            <Shape><Polygon POINTS="707 1339 707 1362 791 1348 855 1356 856 1356 905 1347 1005 1357 1012 1357 1014 1357 1026 1357 1115 1348 1250 1353 1273 1353 1274 1353 1283 1353 1369 1338 1533 1347 1534 1325 1531 1274 1484 1273 1466 1259 1464 1259 1463 1259 1461 1259 1460 1259 1429 1273 1426 1274 1424 1273 1412 1268 1411 1268 1409 1268 1374 1273 1353 1276 1332 1273 1258 1262 1256 1262 1160 1273 1142 1274 1136 1273 1116 1265 1115 1265 1045 1265 1044 1265 1042 1265 1041 1265 1041 1267 1039 1267 1035 1273 1033 1274 1032 1273 1024 1267 1023 1267 1021 1267 1020 1267 1018 1267 1008 1273 990 1281 971 1276 969 1276 968 1276 966 1276 950 1284 911 1284 893 1273 887 1268 886 1268 884 1268 883 1268 881 1268 871 1273 843 1284 816 1273 815 1273 813 1273 812 1273 786 1286 761 1273 758 1271 757 1271 755 1271 704 1271 707 1339"/></Shape>
	    <String CONTENT="T. E. Addictiſsimus."
                    HPOS="704"
                    VPOS="1259"
                    WIDTH="830"
                    HEIGHT="103"
                    WC="0.979734519124031"></String>
          </TextLine>

          
        </TextBlock>
        
        <TextBlock HPOS="1066"
                   VPOS="1538"
                   WIDTH="591"
                   HEIGHT="115"
                   ID="eSc_textblock_264c3513"
                   TAGREFS="BT10533">
          <Shape><Polygon POINTS="1066 1538 1066 1653 1657 1653 1657 1538"/></Shape>
          
          
          <TextLine ID="eSc_line_06b32f0c"
                    TAGREFS="LT4119"
                    BASELINE="1147 1604 1640 1594" 
                    HPOS="1144"
                    VPOS="1539"
                    WIDTH="495"
                    HEIGHT="89">
            <Shape><Polygon POINTS="1612 1539 1590 1539 1568 1539 1545 1539 1523 1539 1501 1539 1479 1539 1456 1539 1434 1539 1412 1539 1389 1539 1367 1539 1345 1539 1322 1539 1300 1539 1278 1539 1255 1539 1242 1539 1224 1545 1175 1539 1166 1539 1148 1539 1144 1543 1146 1603 1146 1617 1280 1617 1298 1628 1300 1628 1302 1628 1305 1628 1371 1615 1374 1615 1438 1626 1441 1626 1639 1608 1639 1592 1635 1539"/></Shape>
	    <String CONTENT=" Lambertus Danæus."
                    HPOS="1144"
                    VPOS="1539"
                    WIDTH="495"
                    HEIGHT="89"
                    WC="0.978164149655236"></String>
          </TextLine>

          
        </TextBlock>
        
        <TextBlock HPOS="900"
                   VPOS="1742"
                   WIDTH="385"
                   HEIGHT="280"
                   ID="eSc_textblock_c3d223f5"
                   TAGREFS="BT10536">
          <Shape><Polygon POINTS="900 1742 900 2022 1285 2022 1285 1742"/></Shape>
          
        </TextBlock>
        

        
      </PrintSpace>
    </Page>
  </Layout>
</alto>
