<?xml version="1.0" encoding="UTF-8"?>
<alto xmlns:xsi="http://www.w3.org/2001/XMLSchema-instance"
      xmlns="http://www.loc.gov/standards/alto/ns-v4#"
      xsi:schemaLocation="http://www.loc.gov/standards/alto/ns-v4# http://www.loc.gov/standards/alto/v4/alto-4-2.xsd">
  <Description>
    <MeasurementUnit>pixel</MeasurementUnit>
    <sourceImageInformation>
      <fileName>2012904.png</fileName>
      
    </sourceImageInformation>
  </Description>
  
  <Tags>
    <OtherTag ID="BT10544" LABEL="text" DESCRIPTION="block type text"/><OtherTag ID="BT10543" LABEL="NumberingZone" DESCRIPTION="block type NumberingZone"/><OtherTag ID="BT10542" LABEL="MainZone" DESCRIPTION="block type MainZone"/><OtherTag ID="BT10538" LABEL="RunningTitleZone" DESCRIPTION="block type RunningTitleZone"/><OtherTag ID="BT10537" LABEL="DropCapitalZone" DESCRIPTION="block type DropCapitalZone"/><OtherTag ID="BT10536" LABEL="GraphicZone" DESCRIPTION="block type GraphicZone"/><OtherTag ID="BT10535" LABEL="TitlePageZone" DESCRIPTION="block type TitlePageZone"/><OtherTag ID="BT10534" LABEL="QuireMarksZone" DESCRIPTION="block type QuireMarksZone"/><OtherTag ID="BT10533" LABEL="MarginTextZone" DESCRIPTION="block type MarginTextZone"/>
    <OtherTag ID="LT4122" LABEL="default" DESCRIPTION="line type default"/><OtherTag ID="LT4119" LABEL="DefaultLine" DESCRIPTION="line type DefaultLine"/><OtherTag ID="LT4118" LABEL="HeadingLine" DESCRIPTION="line type HeadingLine"/><OtherTag ID="LT4117" LABEL="CustomLine : BiblicalText" DESCRIPTION="line type CustomLine : BiblicalText"/>
  </Tags>
  
  <Layout>
    <Page WIDTH="1807"
          HEIGHT="2677"
          PHYSICAL_IMG_NR="20"
          ID="eSc_dummypage_">
      <PrintSpace HPOS="0"
                  VPOS="0"
                  WIDTH="1807"
                  HEIGHT="2677">
        
        <TextBlock HPOS="879.4659423828125"
                   VPOS="182.55487060546875"
                   WIDTH="441.56103515625"
                   HEIGHT="64.7059326171875"
                   ID="block_2"
                   TAGREFS="BT10538">
          <Shape><Polygon POINTS="879.466 182.555 1321.03 182.555 1321.03 247.261 879.466 247.261 879.466 182.555"/></Shape>
          
          
          <TextLine ID="eSc_line_4270dc88"
                    TAGREFS="LT4118"
                    BASELINE="887 232 1313 224" 
                    HPOS="886"
                    VPOS="185"
                    WIDTH="427"
                    HEIGHT="67">
            <Shape><Polygon POINTS="1292 185 898 185 886 193 887 232 887 245 971 252 972 252 974 252 975 252 984 245 987 242 994 245 1012 251 1014 251 1015 251 1066 243 1072 243 1076 243 1109 249 1110 249 1112 249 1130 243 1143 239 1311 240 1313 224 1310 190 1302 188"/></Shape>
	    <String CONTENT="EPISTOLA."
                    HPOS="886"
                    VPOS="185"
                    WIDTH="427"
                    HEIGHT="67"
                    WC="0.974912292427487"></String>
          </TextLine>

          
        </TextBlock>
        
        <TextBlock HPOS="581.0359497070312"
                   VPOS="257.82696533203125"
                   WIDTH="1076.5248413085938"
                   HEIGHT="1931.6671752929688"
                   ID="block_0"
                   TAGREFS="BT10542">
          <Shape><Polygon POINTS="581.036 257.827 1657.56 257.827 1657.56 2189.49 581.036 2189.49 581.036 257.827"/></Shape>
          
          
          <TextLine ID="eSc_line_b49e6929"
                    TAGREFS="LT4119"
                    BASELINE="588 322 1635 312" 
                    HPOS="588"
                    VPOS="246"
                    WIDTH="1047"
                    HEIGHT="96">
            <Shape><Polygon POINTS="1628 267 1613 263 1598 257 1583 252 1569 249 1554 249 1539 249 1534 249 1518 254 1491 249 1479 249 1464 249 1450 249 1435 249 1420 249 1409 249 1331 260 1328 261 1295 261 1240 261 1228 252 1226 252 1225 252 1224 252 1160 258 1145 246 1143 246 1142 246 1115 246 1113 246 1112 246 1110 246 1093 261 1038 246 1036 246 1035 246 945 251 944 251 942 251 926 263 905 248 904 248 902 248 901 248 858 249 856 249 855 249 831 264 825 264 704 255 691 255 676 255 661 255 646 255 635 255 623 266 623 267 608 267 602 270 591 275 588 322 588 342 739 340 740 340 768 331 785 340 786 340 788 340 789 340 791 340 794 340 823 331 850 339 856 340 858 340 859 340 874 339 923 330 933 337 935 339 936 339 938 339 939 339 941 339 942 339 944 337 953 331 996 336 1027 339 1029 339 1030 339 1032 339 1032 337 1035 336 1042 328 1100 334 1142 337 1143 337 1145 337 1157 333 1167 328 1198 331 1235 336 1237 336 1268 330 1290 325 1342 325 1351 328 1366 334 1368 334 1369 334 1447 327 1453 327 1454 327 1470 334 1472 334 1473 334 1475 334 1491 325 1496 324 1512 325 1561 331 1563 331 1635 322 1635 312 1628 267 1628 267"/></Shape>
	    <String CONTENT="gumento maximè oſtentare voluerit fuit"
                    HPOS="588"
                    VPOS="246"
                    WIDTH="1047"
                    HEIGHT="96"
                    WC="0.990432158494607"></String>
          </TextLine>

          
          
          <TextLine ID="eSc_line_425d9a4b"
                    TAGREFS="LT4119"
                    BASELINE="591 391 1634 377" 
                    HPOS="590"
                    VPOS="318"
                    WIDTH="1044"
                    HEIGHT="93">
            <Shape><Polygon POINTS="591 391 591 403 679 411 681 411 682 411 719 401 724 401 759 401 789 401 817 410 819 410 820 410 822 410 823 410 823 408 832 400 834 400 843 400 922 408 923 408 925 408 953 398 956 398 963 398 1021 407 1023 407 1024 407 1049 398 1054 397 1100 397 1395 403 1396 403 1398 403 1399 403 1409 395 1509 401 1511 401 1622 400 1624 400 1625 400 1634 392 1634 377 1632 328 1609 318 1607 318 1531 318 1530 318 1528 318 1527 318 1512 328 1424 321 1423 321 1421 321 1392 328 1319 322 1317 322 1316 322 1314 322 1305 330 1252 322 1250 322 1165 333 1012 325 1011 325 917 336 862 327 861 327 859 327 819 337 757 328 755 328 754 328 728 337 641 331 639 331 590 340 591 391"/></Shape>
	    <String CONTENT="Claudius Spenſæus. Is enim præter ma"
                    HPOS="590"
                    VPOS="318"
                    WIDTH="1044"
                    HEIGHT="93"
                    WC="0.959566132889854"></String>
          </TextLine>

          
          
          <TextLine ID="eSc_line_4b7379c8"
                    TAGREFS="LT4119"
                    BASELINE="591 462 1632 447" 
                    HPOS="590"
                    VPOS="389"
                    WIDTH="1042"
                    HEIGHT="94">
            <Shape><Polygon POINTS="591 462 591 483 718 471 733 480 734 481 736 481 737 481 739 481 740 481 742 481 745 480 758 471 822 477 852 480 853 480 855 480 871 475 904 466 1041 466 1058 471 1070 474 1072 474 1073 474 1189 468 1238 465 1250 465 1317 474 1319 474 1320 474 1340 465 1433 471 1435 471 1475 462 1485 471 1487 471 1488 471 1490 471 1618 469 1619 469 1621 469 1621 468 1632 456 1632 447 1630 391 1292 389 1290 389 1241 392 1171 398 1140 394 1110 389 1109 389 1066 394 1005 401 977 395 966 392 965 392 963 392 917 395 792 404 762 397 758 395 757 395 755 395 754 395 752 395 752 397 743 404 663 406 590 398 591 462"/></Shape>
	    <String CONTENT="gnos in ipſum Pauli contextũ cõmẽtarios"
                    HPOS="590"
                    VPOS="389"
                    WIDTH="1042"
                    HEIGHT="94"
                    WC="0.985186747142247"></String>
          </TextLine>

          
          
          <TextLine ID="eSc_line_4acc5e78"
                    TAGREFS="LT4119"
                    BASELINE="591 527 1632 513" 
                    HPOS="590"
                    VPOS="459"
                    WIDTH="1042"
                    HEIGHT="88">
            <Shape><Polygon POINTS="591 527 591 539 718 539 722 541 737 547 739 547 740 547 815 541 847 538 855 539 870 545 871 545 873 545 929 539 951 538 956 539 968 545 969 545 971 545 1036 539 1081 535 1091 539 1109 545 1110 545 1112 545 1171 544 1173 544 1174 544 1180 538 1185 535 1235 538 1267 539 1268 539 1270 539 1274 538 1284 532 1311 538 1331 541 1332 541 1631 535 1632 513 1630 469 1557 461 1555 461 1415 471 1359 459 1357 459 1356 459 1317 472 1286 462 1284 462 1283 462 902 464 826 478 800 465 798 465 797 465 795 465 755 480 704 466 703 466 701 466 590 483 591 527"/></Shape>
	    <String CONTENT="etiam tres libros Digreſſionum, quas ap¬"
                    HPOS="590"
                    VPOS="459"
                    WIDTH="1042"
                    HEIGHT="88"
                    WC="0.967707416415215"></String>
          </TextLine>

          
          
          <TextLine ID="eSc_line_718cc408"
                    TAGREFS="LT4119"
                    BASELINE="596 596 1637 585" 
                    HPOS="594"
                    VPOS="526"
                    WIDTH="1043"
                    HEIGHT="92">
            <Shape><Polygon POINTS="596 596 596 609 699 609 727 618 728 618 730 618 777 609 884 617 886 617 887 617 911 608 919 606 922 608 928 614 929 614 931 614 932 614 965 608 980 606 984 608 994 615 996 615 997 615 999 615 1000 615 1002 615 1009 608 1012 608 1035 615 1036 615 1038 615 1115 608 1161 605 1171 608 1186 614 1188 614 1189 614 1191 614 1212 608 1232 603 1262 608 1284 612 1286 612 1356 611 1357 611 1359 611 1360 608 1371 602 1635 608 1637 585 1634 533 1604 529 1603 529 1601 529 1600 529 1594 533 1586 538 1580 533 1573 527 1572 527 1570 527 1500 526 1499 526 1467 527 1466 527 1464 527 1454 535 1442 544 1340 544 1329 536 1326 533 1325 533 1323 533 1289 533 1287 533 1286 533 1284 533 1284 535 1282 536 1273 545 1072 545 1055 539 1036 532 1035 532 997 532 996 532 994 532 993 532 983 541 981 541 953 532 951 532 950 532 791 533 789 533 788 533 788 535 777 542 773 547 727 544 618 535 617 535 615 535 594 544 596 596"/></Shape>
	    <String CONTENT="pellat, &amp; ipſos quoque prolixos edidit in"
                    HPOS="594"
                    VPOS="526"
                    WIDTH="1043"
                    HEIGHT="92"
                    WC="0.976836708987631"></String>
          </TextLine>

          
          
          <TextLine ID="eSc_line_ffe5760b"
                    TAGREFS="LT4119"
                    BASELINE="591 663 1635 652" 
                    HPOS="590"
                    VPOS="594"
                    WIDTH="1045"
                    HEIGHT="90">
            <Shape><Polygon POINTS="591 675 703 684 704 684 706 684 725 675 800 682 801 682 803 682 822 673 831 682 832 682 834 682 835 684 887 684 887 682 968 675 1003 681 1005 681 1006 681 1042 670 1047 670 1057 670 1124 678 1125 678 1171 670 1194 678 1195 678 1197 678 1198 678 1221 669 1222 669 1231 669 1334 678 1335 678 1378 669 1592 673 1594 673 1634 664 1635 652 1632 596 1488 594 1487 594 1485 594 1484 594 1479 597 1470 605 1420 599 1399 597 1398 597 1396 597 1395 597 1392 599 1380 606 1365 600 1362 599 1360 599 1219 599 1218 599 1194 603 1163 609 1058 606 907 600 905 600 904 600 884 609 877 614 806 614 800 611 777 602 776 602 774 602 691 611 676 603 675 603 673 603 672 603 670 603 657 614 654 615 590 615 591 663"/></Shape>
	    <String CONTENT="hanc Pauli Epiſtolam. Tãtum autem ab¬"
                    HPOS="590"
                    VPOS="594"
                    WIDTH="1045"
                    HEIGHT="90"
                    WC="0.974568356024592"></String>
          </TextLine>

          
          
          <TextLine ID="eSc_line_bdd70de4"
                    TAGREFS="LT4119"
                    BASELINE="591 734 1638 722" 
                    HPOS="590"
                    VPOS="660"
                    WIDTH="1048"
                    HEIGHT="98">
            <Shape><Polygon POINTS="591 734 591 748 632 758 633 758 635 758 654 748 666 756 667 756 669 756 670 756 672 756 690 748 699 748 829 756 831 756 832 756 852 746 856 745 874 746 936 755 938 755 939 755 972 746 986 743 1039 743 1042 746 1051 752 1051 754 1052 754 1054 754 1055 754 1057 754 1058 754 1067 746 1067 745 1070 746 1084 751 1085 751 1087 751 1088 751 1103 745 1115 742 1139 745 1167 749 1168 749 1258 745 1290 743 1293 745 1302 751 1304 751 1305 751 1307 751 1308 751 1322 745 1331 740 1340 745 1357 751 1359 751 1360 751 1403 743 1435 739 1448 743 1464 749 1466 749 1467 749 1502 743 1536 737 1569 737 1576 743 1582 748 1583 748 1585 748 1586 748 1638 742 1638 722 1635 666 1536 660 1534 660 1533 660 1519 667 1503 676 1448 667 1405 661 1403 661 1402 661 1389 669 1371 679 1293 679 1282 670 1273 663 1271 663 1270 663 1246 663 1244 663 1171 667 1170 667 1168 667 1164 672 1155 679 1133 672 1121 669 1119 669 1118 669 1116 669 1115 669 1115 670 1112 673 1105 679 1091 673 1090 673 1088 673 1087 673 1041 681 1014 673 984 666 983 666 981 666 980 666 978 666 965 675 951 682 913 675 883 670 881 670 804 676 791 678 789 678 780 669 779 669 777 669 776 669 774 669 773 669 759 678 754 681 746 678 730 672 728 672 727 672 682 679 667 681 664 679 652 670 651 670 649 670 648 670 590 679 591 734"/></Shape>
	    <String CONTENT="eſt, vt, meo quidem iudicio, quiſquã iis"
                    HPOS="590"
                    VPOS="660"
                    WIDTH="1048"
                    HEIGHT="98"
                    WC="0.995203333656962"></String>
          </TextLine>

          
          
          <TextLine ID="eSc_line_9fb552e5"
                    TAGREFS="LT4119"
                    BASELINE="594 801 1641 789" 
                    HPOS="593"
                    VPOS="733"
                    WIDTH="1048"
                    HEIGHT="87">
            <Shape><Polygon POINTS="594 801 594 813 855 820 856 820 858 820 887 810 890 810 920 810 1192 816 1194 816 1195 816 1197 816 1209 807 1244 816 1246 816 1247 816 1249 816 1273 806 1274 806 1280 806 1345 814 1347 814 1640 801 1641 789 1638 745 1580 734 1579 734 1577 734 1576 734 1563 743 1545 733 1543 733 1542 733 1540 733 1511 745 1508 745 1467 745 1119 737 1118 737 1054 745 944 740 942 740 941 740 922 746 904 751 884 746 858 740 856 740 828 746 801 752 593 748 594 801"/></Shape>
	    <String CONTENT="adiuuari poſſit, vt nihil ſit &amp; ſcriptore i¬"
                    HPOS="593"
                    VPOS="733"
                    WIDTH="1048"
                    HEIGHT="87"
                    WC="0.964116761630232"></String>
          </TextLine>

          
          
          <TextLine ID="eSc_line_9bfeb11d"
                    TAGREFS="LT4119"
                    BASELINE="594 872 1638 859" 
                    HPOS="593"
                    VPOS="800"
                    WIDTH="1045"
                    HEIGHT="89">
            <Shape><Polygon POINTS="594 872 594 889 1638 875 1638 859 1635 807 1545 800 1543 800 1231 810 1183 804 1182 804 1180 804 1154 812 1078 806 1076 806 1075 806 1051 813 963 807 962 807 960 807 936 814 713 810 712 810 593 819 594 872"/></Shape>
	    <String CONTENT="ſto obſcurius, &amp; illius diſputatione magis"
                    HPOS="593"
                    VPOS="800"
                    WIDTH="1045"
                    HEIGHT="89"
                    WC="0.990432516449974"></String>
          </TextLine>

          
          
          <TextLine ID="eSc_line_906cbe26"
                    TAGREFS="LT4119"
                    BASELINE="599 938 1641 926" 
                    HPOS="597"
                    VPOS="868"
                    WIDTH="1044"
                    HEIGHT="91">
            <Shape><Polygon POINTS="599 938 599 959 649 950 809 954 810 954 859 947 968 947 981 954 983 954 984 954 986 954 990 954 1052 947 1152 951 1154 951 1155 951 1173 944 1638 945 1641 926 1638 872 1607 868 1606 868 1604 868 1603 868 1603 870 1598 872 1588 881 1542 872 1511 868 1509 868 1453 870 1451 870 1450 870 1445 874 1435 883 1402 875 1381 870 1380 870 1378 870 1377 870 1365 875 1347 886 1280 886 1265 877 1258 871 1256 871 1255 871 1253 871 1252 871 1250 871 1241 877 1225 886 1210 877 1203 874 1201 874 1128 872 1127 872 1125 872 1124 872 1116 878 1110 881 1085 878 1063 877 1061 877 1060 877 1058 877 1058 878 1057 880 1051 884 1024 880 997 875 996 875 994 875 993 875 993 877 989 880 981 887 935 881 893 875 873 875 871 875 870 875 868 875 868 877 862 881 853 889 844 881 838 877 837 877 835 877 834 877 791 883 725 893 684 893 672 884 669 881 667 881 666 881 664 881 597 884 599 938"/></Shape>
	    <String CONTENT="perturbatum atque cõfuſum. Sunt enim"
                    HPOS="597"
                    VPOS="868"
                    WIDTH="1044"
                    HEIGHT="91"
                    WC="0.982020289511294"></String>
          </TextLine>

          
          
          <TextLine ID="eSc_line_7b335482"
                    TAGREFS="LT4119"
                    BASELINE="594 1006 1652 996" 
                    HPOS="593"
                    VPOS="933"
                    WIDTH="1059"
                    HEIGHT="93">
            <Shape><Polygon POINTS="594 1006 594 1023 759 1018 801 1021 881 1026 883 1026 928 1018 942 1017 966 1018 1044 1024 1045 1024 1088 1017 1097 1015 1105 1017 1145 1023 1146 1023 1189 1015 1198 1014 1206 1015 1241 1021 1243 1021 1308 1014 1334 1021 1335 1021 1337 1021 1619 1018 1621 1018 1652 1008 1652 996 1649 941 1546 933 1545 933 1503 941 1485 944 1469 941 1429 935 1427 935 1426 935 1406 942 1399 945 1256 945 1246 942 1228 938 1226 938 1225 938 1192 944 1171 947 1160 944 1140 938 1139 938 1137 938 1085 944 1047 948 1003 945 942 939 941 939 939 939 920 945 914 947 911 945 899 939 898 939 896 939 593 947 594 1006"/></Shape>
	    <String CONTENT="iſti ſcholaſtici, è quorũ numero fuit Spẽ¬"
                    HPOS="593"
                    VPOS="933"
                    WIDTH="1059"
                    HEIGHT="93"
                    WC="0.980512681272295"></String>
          </TextLine>

          
          
          <TextLine ID="eSc_line_1f65081a"
                    TAGREFS="LT4119"
                    BASELINE="593 1076 1644 1063" 
                    HPOS="591"
                    VPOS="1005"
                    WIDTH="1053"
                    HEIGHT="88">
            <Shape><Polygon POINTS="593 1076 593 1093 1644 1081 1644 1063 1640 1006 1469 1012 1460 1009 1450 1005 1448 1005 1447 1005 1424 1009 1402 1014 1377 1011 1350 1006 1348 1006 1323 1011 1307 1014 1244 1012 1088 1008 1087 1008 1085 1008 1057 1015 1045 1018 1018 1017 941 1009 939 1009 740 1021 700 1023 693 1021 654 1014 652 1014 591 1023 593 1076"/></Shape>
	    <String CONTENT="ſæus, iuſto Dei iudicio occæcati: &amp; tam"
                    HPOS="591"
                    VPOS="1005"
                    WIDTH="1053"
                    HEIGHT="88"
                    WC="0.985443342954684"></String>
          </TextLine>

          
          
          <TextLine ID="eSc_line_47e59f16"
                    TAGREFS="LT4119"
                    BASELINE="594 1143 1644 1130" 
                    HPOS="593"
                    VPOS="1070"
                    WIDTH="1051"
                    HEIGHT="95">
            <Shape><Polygon POINTS="594 1143 594 1158 825 1165 826 1165 828 1165 849 1157 895 1163 896 1163 929 1155 944 1152 1038 1152 1042 1154 1055 1163 1057 1163 1058 1163 1060 1163 1119 1154 1163 1160 1164 1160 1165 1160 1167 1160 1174 1152 1176 1152 1186 1160 1188 1160 1189 1160 1191 1161 1243 1161 1243 1160 1279 1151 1295 1148 1374 1148 1381 1149 1399 1157 1400 1157 1402 1157 1403 1157 1405 1157 1415 1149 1423 1157 1424 1157 1426 1157 1427 1157 1482 1149 1484 1149 1485 1149 1514 1157 1515 1157 1516 1157 1518 1157 1533 1148 1536 1146 1539 1148 1551 1155 1552 1155 1554 1155 1555 1155 1644 1146 1644 1130 1641 1076 1579 1070 1577 1070 1519 1078 1502 1079 1488 1078 1442 1072 1441 1072 1439 1072 1438 1072 1429 1079 1427 1079 1411 1079 1295 1075 1293 1075 1231 1082 1225 1082 1222 1082 1185 1075 1183 1075 1182 1075 1164 1084 1163 1085 1055 1085 1032 1085 826 1079 825 1079 709 1090 707 1090 630 1082 629 1082 627 1082 593 1091 594 1143"/></Shape>
	    <String CONTENT="tenebriones, vt in pleriſque ne ſeipſos qui"
                    HPOS="593"
                    VPOS="1070"
                    WIDTH="1051"
                    HEIGHT="95"
                    WC="0.996204584143883"></String>
          </TextLine>

          
          
          <TextLine ID="eSc_line_49a98ba2"
                    TAGREFS="LT4119"
                    BASELINE="596 1212 1647 1200" 
                    HPOS="594"
                    VPOS="1140"
                    WIDTH="1053"
                    HEIGHT="94">
            <Shape><Polygon POINTS="596 1212 596 1223 694 1234 696 1234 697 1234 724 1223 727 1223 737 1223 820 1232 822 1232 823 1232 850 1223 858 1222 864 1223 887 1231 889 1231 890 1231 1088 1229 1090 1229 1102 1223 1109 1221 1122 1223 1143 1228 1145 1228 1146 1228 1148 1228 1152 1223 1160 1219 1197 1223 1238 1228 1240 1228 1241 1228 1253 1223 1268 1218 1380 1223 1426 1225 1427 1225 1429 1225 1430 1225 1432 1223 1441 1216 1466 1223 1469 1223 1470 1223 1472 1223 1485 1223 1582 1215 1646 1222 1647 1200 1643 1143 1566 1149 1524 1145 1482 1140 1481 1140 1435 1146 1403 1151 1398 1148 1390 1142 1389 1142 1387 1142 1308 1142 1307 1142 1238 1151 1207 1154 1197 1151 1171 1143 1170 1143 1168 1143 1103 1152 1084 1155 1069 1154 1018 1145 1017 1145 925 1155 910 1146 908 1146 907 1146 858 1146 856 1146 855 1146 832 1158 797 1158 724 1161 693 1161 661 1161 630 1149 629 1149 627 1149 626 1149 594 1161 596 1212"/></Shape>
	    <String CONTENT="dem intelligant, quia ſunt in tenebris &amp;"
                    HPOS="594"
                    VPOS="1140"
                    WIDTH="1053"
                    HEIGHT="94"
                    WC="0.975190383195877"></String>
          </TextLine>

          
          
          <TextLine ID="eSc_line_d536474d"
                    TAGREFS="LT4119"
                    BASELINE="599 1281 1647 1267" 
                    HPOS="597"
                    VPOS="1206"
                    WIDTH="1050"
                    HEIGHT="98">
            <Shape><Polygon POINTS="599 1281 599 1293 617 1304 618 1304 620 1304 673 1295 700 1304 701 1304 703 1304 789 1292 817 1301 819 1301 820 1302 889 1302 889 1301 890 1301 916 1290 989 1299 990 1299 991 1299 993 1299 1006 1289 1122 1286 1179 1292 1180 1292 1283 1284 1320 1295 1322 1295 1323 1295 1512 1281 1533 1292 1534 1292 1536 1292 1537 1292 1539 1292 1549 1284 1612 1290 1613 1290 1615 1290 1647 1277 1647 1267 1644 1218 1542 1206 1540 1206 1448 1218 1433 1221 1381 1221 1377 1218 1354 1209 1353 1209 1351 1209 1307 1210 1305 1210 1304 1210 1295 1219 1293 1219 1274 1212 1273 1212 1271 1212 1232 1219 1228 1219 1226 1219 1213 1212 1212 1212 1210 1212 1096 1215 1094 1215 1093 1215 1088 1219 1082 1223 1051 1219 1033 1218 1032 1218 1020 1219 991 1225 965 1219 938 1215 936 1215 935 1215 923 1221 910 1226 895 1221 884 1216 883 1216 881 1216 844 1221 813 1223 771 1221 728 1218 727 1218 706 1221 666 1228 597 1222 599 1281"/></Shape>
	    <String CONTENT="matȩologia educati. Certè cũ in eos com¬"
                    HPOS="597"
                    VPOS="1206"
                    WIDTH="1050"
                    HEIGHT="98"
                    WC="0.970810909603917"></String>
          </TextLine>

          
          
          <TextLine ID="eSc_line_af1adacf"
                    TAGREFS="LT4119"
                    BASELINE="596 1350 1647 1335" 
                    HPOS="594"
                    VPOS="1277"
                    WIDTH="1053"
                    HEIGHT="89">
            <Shape><Polygon POINTS="596 1350 596 1366 1646 1353 1647 1335 1644 1286 1557 1277 1555 1277 1500 1286 1499 1286 1497 1286 1463 1277 1461 1277 1460 1277 1458 1277 1433 1287 1430 1287 1402 1287 1226 1280 1225 1280 1224 1280 1207 1289 1203 1290 1151 1289 1014 1283 1012 1283 922 1290 862 1295 838 1290 816 1287 758 1287 757 1287 755 1287 746 1292 736 1296 594 1293 596 1350"/></Shape>
	    <String CONTENT="mentarios incidiſſem, nihílque in iis pro¬"
                    HPOS="594"
                    VPOS="1277"
                    WIDTH="1053"
                    HEIGHT="89"></String>
          </TextLine>

          
          
          <TextLine ID="eSc_line_f5776fca"
                    TAGREFS="LT4119"
                    BASELINE="596 1417 1643 1406" 
                    HPOS="594"
                    VPOS="1351"
                    WIDTH="1049"
                    HEIGHT="88">
            <Shape><Polygon POINTS="596 1417 596 1439 645 1432 803 1436 843 1436 844 1436 853 1435 895 1426 977 1432 1012 1435 1014 1435 1033 1432 1069 1424 1134 1429 1192 1433 1194 1433 1247 1427 1271 1424 1283 1426 1313 1432 1314 1432 1316 1432 1338 1426 1353 1421 1396 1424 1467 1429 1469 1429 1470 1429 1493 1421 1500 1420 1508 1421 1525 1427 1527 1427 1528 1427 1641 1418 1643 1406 1640 1351 1044 1351 1042 1351 1041 1351 1012 1359 1009 1359 999 1359 895 1353 893 1353 594 1363 596 1417"/></Shape>
	    <String CONTENT="ficerẽ, maturè abiſtis digreſſionibus &amp; er"
                    HPOS="594"
                    VPOS="1351"
                    WIDTH="1049"
                    HEIGHT="88"
                    WC="0.967654741623185"></String>
          </TextLine>

          
          
          <TextLine ID="eSc_line_4c39c09b"
                    TAGREFS="LT4119"
                    BASELINE="596 1488 1646 1475" 
                    HPOS="594"
                    VPOS="1412"
                    WIDTH="1052"
                    HEIGHT="97">
            <Shape><Polygon POINTS="596 1488 596 1509 633 1502 727 1506 731 1506 733 1506 734 1506 736 1506 745 1499 806 1505 826 1506 828 1506 829 1506 837 1505 864 1494 945 1494 1017 1494 1026 1499 1029 1502 1030 1502 1032 1502 1033 1502 1035 1502 1045 1499 1067 1493 1127 1497 1157 1499 1158 1499 1160 1499 1168 1496 1183 1491 1212 1494 1250 1500 1252 1500 1284 1493 1289 1493 1311 1493 1524 1497 1525 1497 1646 1484 1646 1475 1644 1424 1628 1412 1627 1412 1625 1412 1542 1412 1540 1412 1539 1412 1537 1412 1522 1421 1496 1414 1494 1414 1493 1414 1491 1414 1442 1426 1316 1418 1314 1418 1313 1418 1280 1430 1139 1430 1081 1420 1079 1420 1078 1420 1076 1420 1066 1427 1049 1421 1048 1421 1047 1421 1045 1421 1044 1421 1033 1430 950 1432 935 1421 933 1421 932 1421 858 1421 856 1421 855 1421 825 1430 740 1426 739 1426 594 1438 596 1488"/></Shape>
	    <String CONTENT="rore ad ipſum Paulũ &amp; verũ iter redii, fe¬"
                    HPOS="594"
                    VPOS="1412"
                    WIDTH="1052"
                    HEIGHT="97"
                    WC="0.992511378093199"></String>
          </TextLine>

          
          
          <TextLine ID="eSc_line_fbdeb1ad"
                    TAGREFS="LT4119"
                    BASELINE="596 1557 1647 1540" 
                    HPOS="594"
                    VPOS="1484"
                    WIDTH="1053"
                    HEIGHT="95">
            <Shape><Polygon POINTS="596 1557 596 1571 690 1579 691 1579 822 1569 840 1567 844 1567 878 1576 880 1576 881 1576 883 1576 904 1567 907 1566 911 1567 947 1574 948 1574 950 1574 951 1574 962 1566 965 1566 1033 1571 1035 1571 1133 1563 1137 1563 1140 1563 1253 1570 1255 1570 1345 1560 1453 1567 1454 1567 1551 1555 1607 1564 1609 1564 1610 1564 1647 1552 1647 1540 1644 1499 1488 1487 1487 1487 1424 1497 1378 1484 1377 1484 1375 1484 1284 1500 1259 1505 1180 1505 1168 1500 1133 1488 1131 1488 1130 1488 1128 1488 1100 1496 1036 1490 1035 1490 981 1500 948 1508 928 1502 902 1493 901 1493 855 1493 853 1493 852 1493 835 1502 828 1505 822 1502 803 1493 801 1493 800 1493 751 1502 748 1503 594 1503 596 1557"/></Shape>
	    <String CONTENT="cíque illud, quod habet prouerbium ve¬"
                    HPOS="594"
                    VPOS="1484"
                    WIDTH="1053"
                    HEIGHT="95"></String>
          </TextLine>

          
          
          <TextLine ID="eSc_line_4cab6ff4"
                    TAGREFS="LT4119"
                    BASELINE="597 1625 1650 1610" 
                    HPOS="596"
                    VPOS="1552"
                    WIDTH="1054"
                    HEIGHT="92">
            <Shape><Polygon POINTS="597 1635 779 1643 780 1643 841 1634 846 1634 847 1634 867 1643 868 1643 870 1644 963 1644 963 1643 965 1643 1005 1632 1006 1632 1008 1632 1024 1641 1026 1641 1027 1643 1090 1643 1090 1641 1091 1641 1116 1632 1122 1629 1130 1631 1151 1640 1152 1640 1154 1641 1228 1641 1228 1640 1302 1629 1334 1627 1341 1629 1353 1635 1354 1635 1356 1635 1403 1629 1438 1625 1464 1629 1508 1635 1509 1635 1542 1628 1563 1624 1649 1627 1650 1610 1649 1561 1619 1552 1618 1552 1616 1552 1615 1552 1597 1560 1421 1555 1420 1555 1418 1555 1417 1555 1408 1563 1406 1563 1403 1563 1302 1557 1301 1557 1240 1564 1228 1566 1221 1564 1186 1558 1185 1558 1134 1566 1121 1567 1100 1566 1020 1560 1018 1560 1017 1560 996 1567 990 1569 963 1567 889 1563 887 1563 856 1569 843 1571 596 1571 597 1625"/></Shape>
	    <String CONTENT="tus bibi &amp; fugi. Quantũ autẽ hoc meo la¬"
                    HPOS="596"
                    VPOS="1552"
                    WIDTH="1054"
                    HEIGHT="92"
                    WC="0.990167084194365"></String>
          </TextLine>

          
          
          <TextLine ID="eSc_line_bcfcc52e"
                    TAGREFS="LT4119"
                    BASELINE="599 1696 975 1686 1652 1680" 
                    HPOS="597"
                    VPOS="1618"
                    WIDTH="1055"
                    HEIGHT="98">
            <Shape><Polygon POINTS="599 1696 599 1716 660 1708 813 1714 816 1714 817 1714 819 1714 936 1699 1091 1699 1106 1708 1107 1708 1109 1708 1110 1708 1180 1698 1210 1708 1212 1708 1213 1708 1215 1708 1216 1708 1234 1698 1464 1705 1479 1705 1481 1705 1491 1705 1618 1695 1649 1702 1652 1680 1649 1631 1597 1618 1595 1618 1479 1628 1384 1619 1383 1619 1381 1619 1380 1619 1366 1628 1308 1621 1307 1621 1229 1635 1137 1629 1136 1629 1045 1638 1000 1625 999 1625 997 1625 996 1625 953 1640 884 1640 871 1629 870 1629 868 1629 822 1627 820 1627 681 1640 635 1632 633 1632 632 1632 597 1644 599 1696"/></Shape>
	    <String CONTENT="bore ipſe ſim cõſecutus, &amp; rẽ cæteroquin"
                    HPOS="597"
                    VPOS="1618"
                    WIDTH="1055"
                    HEIGHT="98"
                    WC="0.983698741311119"></String>
          </TextLine>

          
          
          <TextLine ID="eSc_line_dbe38fc4"
                    TAGREFS="LT4119"
                    BASELINE="605 1760 1646 1748" 
                    HPOS="603"
                    VPOS="1687"
                    WIDTH="1043"
                    HEIGHT="97">
            <Shape><Polygon POINTS="605 1760 606 1784 646 1774 722 1783 733 1783 734 1783 742 1781 786 1772 905 1778 942 1780 944 1780 959 1777 996 1769 1048 1775 1078 1778 1079 1778 1081 1778 1082 1778 1087 1774 1096 1769 1140 1774 1182 1777 1183 1777 1267 1771 1326 1766 1340 1769 1368 1775 1369 1775 1415 1768 1426 1766 1448 1766 1583 1772 1585 1772 1644 1762 1646 1748 1644 1696 1628 1687 1627 1687 1625 1687 1624 1687 1548 1696 1271 1692 1270 1692 1219 1701 1125 1692 1124 1692 1122 1692 1121 1692 1106 1702 1026 1693 1024 1693 1023 1693 1021 1693 1006 1702 989 1696 987 1696 986 1696 905 1704 864 1695 862 1695 795 1705 623 1699 621 1699 620 1699 603 1707 605 1760"/></Shape>
	    <String CONTENT="propter temporis vetuſtatẽ, diuturnàm¬"
                    HPOS="603"
                    VPOS="1687"
                    WIDTH="1043"
                    HEIGHT="97"
                    WC="0.979559411108494"></String>
          </TextLine>

          
          
          <TextLine ID="eSc_line_55facc50"
                    TAGREFS="LT4119"
                    BASELINE="605 1827 1652 1817" 
                    HPOS="603"
                    VPOS="1760"
                    WIDTH="1049"
                    HEIGHT="90">
            <Shape><Polygon POINTS="605 1827 605 1844 697 1842 701 1844 719 1850 721 1850 722 1850 724 1850 749 1842 758 1841 774 1842 816 1848 817 1848 899 1841 926 1839 947 1841 1018 1847 1020 1847 1021 1847 1049 1839 1057 1838 1058 1839 1064 1845 1066 1845 1067 1845 1069 1847 1168 1847 1168 1845 1170 1845 1195 1838 1203 1836 1261 1836 1497 1842 1499 1842 1500 1842 1516 1835 1519 1833 1650 1833 1652 1817 1649 1762 1225 1760 1224 1760 1163 1768 1149 1769 1143 1768 1116 1762 1115 1762 1113 1762 1055 1769 1044 1771 1039 1769 1017 1763 1015 1763 1014 1763 914 1772 899 1772 889 1772 798 1765 797 1765 795 1765 776 1772 757 1765 755 1765 754 1765 752 1765 751 1765 736 1774 733 1774 641 1768 639 1768 603 1775 605 1827"/></Shape>
	    <String CONTENT="que deſuetudinem, iam obſoletam ac dif¬"
                    HPOS="603"
                    VPOS="1760"
                    WIDTH="1049"
                    HEIGHT="90"
                    WC="0.987600424350836"></String>
          </TextLine>

          
          
          <TextLine ID="eSc_line_c056e174"
                    TAGREFS="LT4119"
                    BASELINE="603 1897 1647 1888" 
                    HPOS="602"
                    VPOS="1827"
                    WIDTH="1045"
                    HEIGHT="91">
            <Shape><Polygon POINTS="603 1897 603 1918 652 1911 754 1917 764 1917 765 1917 767 1917 768 1917 779 1909 902 1915 929 1915 931 1915 938 1914 969 1908 1075 1912 1122 1914 1124 1914 1646 1903 1647 1888 1644 1836 1470 1827 1469 1827 1414 1838 1408 1838 1402 1838 1335 1829 1334 1829 1270 1839 1262 1839 1249 1839 1137 1832 1136 1832 1134 1832 1116 1841 1113 1841 1099 1841 1020 1835 1018 1835 956 1841 944 1842 938 1842 905 1833 904 1833 902 1833 901 1833 899 1833 887 1841 820 1835 819 1835 748 1844 739 1844 734 1844 701 1835 700 1835 699 1835 602 1844 603 1897"/></Shape>
	    <String CONTENT="ficilem illuſtrarim, aliorum eſto iudiciũ:"
                    HPOS="602"
                    VPOS="1827"
                    WIDTH="1045"
                    HEIGHT="91"
                    WC="0.991938247237095"></String>
          </TextLine>

          
          
          <TextLine ID="eSc_line_0e9e8052"
                    TAGREFS="LT4119"
                    BASELINE="605 1963 1649 1952" 
                    HPOS="603"
                    VPOS="1896"
                    WIDTH="1046"
                    HEIGHT="90">
            <Shape><Polygon POINTS="605 1963 605 1982 651 1978 664 1982 679 1986 681 1986 682 1986 684 1986 685 1986 691 1982 697 1976 755 1976 764 1980 774 1985 776 1985 777 1986 886 1986 886 1985 993 1978 1051 1973 1066 1976 1094 1982 1096 1982 1173 1975 1206 1972 1228 1973 1286 1980 1287 1980 1289 1980 1314 1973 1319 1972 1357 1972 1610 1978 1612 1978 1613 1978 1649 1967 1649 1952 1646 1903 1518 1896 1516 1896 1478 1903 1369 1897 1368 1897 1366 1897 1340 1905 1338 1905 1328 1905 1051 1900 1049 1900 603 1911 605 1963"/></Shape>
	    <String CONTENT="certè magnis laboribus &amp; lucubrationi¬"
                    HPOS="603"
                    VPOS="1896"
                    WIDTH="1046"
                    HEIGHT="90"
                    WC="0.988293568293254"></String>
          </TextLine>

          
          
          <TextLine ID="eSc_line_75974a7d"
                    TAGREFS="LT4119"
                    BASELINE="605 2034 1653 2024" 
                    HPOS="603"
                    VPOS="1963"
                    WIDTH="1050"
                    HEIGHT="83">
            <Shape><Polygon POINTS="605 2034 605 2046 1652 2037 1653 2024 1650 1975 1600 1963 1598 1963 1508 1967 1506 1967 1505 1967 1497 1973 1496 1976 1441 1976 1438 1973 1426 1966 1424 1966 1423 1966 1421 1966 1420 1966 1418 1966 1405 1973 1403 1975 1399 1973 1374 1966 1372 1966 1371 1966 1305 1973 1282 1976 1277 1973 1270 1967 1270 1966 1268 1966 1267 1966 1203 1966 1201 1966 1165 1973 1143 1978 1049 1973 957 1969 956 1969 933 1973 895 1980 603 1973 605 2034"/></Shape>
	    <String CONTENT="bus hæc vetuſtatis rudera nobis eruenda"
                    HPOS="603"
                    VPOS="1963"
                    WIDTH="1050"
                    HEIGHT="83"
                    WC="0.987532120484572"></String>
          </TextLine>

          
          
          <TextLine ID="eSc_line_42ffb09b"
                    TAGREFS="LT4119"
                    BASELINE="608 2099 1652 2094" 
                    HPOS="606"
                    VPOS="2034"
                    WIDTH="1046"
                    HEIGHT="86">
            <Shape><Polygon POINTS="608 2099 608 2120 1650 2108 1652 2094 1650 2049 1604 2034 1603 2034 1601 2034 1600 2034 1546 2047 1506 2034 1505 2034 1503 2034 1502 2034 1464 2046 1439 2036 1438 2036 1436 2036 1435 2036 1433 2036 1418 2049 1389 2049 1353 2037 1351 2037 1198 2036 1197 2036 1195 2036 1194 2036 1194 2037 1179 2050 1137 2050 1121 2037 1119 2037 1118 2037 1116 2037 1115 2037 1073 2050 1032 2037 1030 2037 1029 2037 1027 2037 993 2052 913 2052 852 2038 850 2038 849 2038 815 2050 703 2047 682 2038 681 2038 679 2038 606 2053 608 2099"/></Shape>
	    <String CONTENT="fuerunt. Precor autem Dominum Deum"
                    HPOS="606"
                    VPOS="2034"
                    WIDTH="1046"
                    HEIGHT="86"
                    WC="0.982619303114274"></String>
          </TextLine>

          
          
          <TextLine ID="eSc_line_a09f8f4d"
                    TAGREFS="LT4119"
                    BASELINE="606 2171 1644 2163" 
                    HPOS="605"
                    VPOS="2102"
                    WIDTH="1039"
                    HEIGHT="106">
            <Shape><Polygon POINTS="606 2171 606 2208 706 2192 777 2202 779 2202 829 2190 861 2207 862 2207 864 2208 990 2208 990 2207 1020 2205 1021 2205 1023 2205 1041 2190 1106 2204 1107 2204 1109 2204 1154 2189 1171 2204 1173 2204 1174 2204 1176 2204 1177 2204 1198 2198 1225 2205 1226 2205 1228 2205 1229 2205 1250 2196 1270 2204 1271 2204 1273 2204 1274 2204 1302 2189 1409 2198 1411 2198 1412 2198 1438 2186 1545 2186 1564 2201 1566 2201 1567 2201 1569 2201 1570 2201 1572 2201 1586 2190 1641 2202 1644 2163 1641 2119 1618 2119 1618 2117 1595 2102 1594 2102 1592 2102 1551 2102 1549 2102 1548 2102 1546 2102 1530 2117 1506 2102 1505 2102 1503 2102 1502 2102 1348 2111 1329 2104 1328 2104 1326 2104 1325 2104 1299 2117 1295 2119 1289 2116 1258 2105 1256 2105 1255 2105 1253 2105 1228 2116 1219 2120 1212 2116 1200 2108 1198 2108 1197 2108 1140 2105 1139 2105 1100 2107 1099 2107 1097 2107 1097 2108 1088 2116 1084 2120 1070 2116 1041 2105 1039 2105 1038 2105 1036 2105 1035 2105 1018 2116 1015 2117 1012 2116 997 2107 996 2107 994 2107 993 2107 991 2107 981 2116 978 2117 975 2116 962 2108 960 2108 959 2108 957 2108 944 2114 931 2122 917 2114 907 2110 905 2110 904 2110 902 2110 890 2114 874 2123 810 2125 733 2125 718 2114 710 2108 709 2108 707 2108 706 2108 605 2113 606 2171"/></Shape>
	    <String CONTENT="vt hos meos labores Eccleſiæ ſuæ vtiles,"
                    HPOS="605"
                    VPOS="2102"
                    WIDTH="1039"
                    HEIGHT="106"
                    WC="0.985076503455639"></String>
          </TextLine>

          
        </TextBlock>
        
        <TextBlock HPOS="1436.61181640625"
                   VPOS="2187.268310546875"
                   WIDTH="209.0289306640625"
                   HEIGHT="76.625732421875"
                   ID="block_1"
                   TAGREFS="BT10534">
          <Shape><Polygon POINTS="1436.61 2187.27 1645.64 2187.27 1645.64 2263.89 1436.61 2263.89 1436.61 2187.27"/></Shape>
          
          
          <TextLine ID="eSc_line_e202cc6b"
                    TAGREFS="LT4119"
                    BASELINE="1426 2235 1641 2230" 
                    HPOS="1424"
                    VPOS="2178"
                    WIDTH="217"
                    HEIGHT="115">
            <Shape><Polygon POINTS="1635 2190 1569 2190 1548 2178 1546 2178 1545 2178 1499 2178 1497 2178 1424 2193 1426 2235 1426 2275 1441 2284 1442 2284 1444 2284 1445 2284 1487 2281 1567 2293 1569 2293 1570 2293 1572 2293 1572 2291 1597 2268 1641 2263 1641 2230 1640 2226 1635 2190"/></Shape>
	    <String CONTENT="piíſque"
                    HPOS="1424"
                    VPOS="2178"
                    WIDTH="217"
                    HEIGHT="115"></String>
          </TextLine>

          
        </TextBlock>
        

        
      </PrintSpace>
    </Page>
  </Layout>
</alto>
