<?xml version="1.0" encoding="UTF-8"?>
<alto xmlns:xsi="http://www.w3.org/2001/XMLSchema-instance"
      xmlns="http://www.loc.gov/standards/alto/ns-v4#"
      xsi:schemaLocation="http://www.loc.gov/standards/alto/ns-v4# http://www.loc.gov/standards/alto/v4/alto-4-2.xsd">
  <Description>
    <MeasurementUnit>pixel</MeasurementUnit>
    <sourceImageInformation>
      <fileName>2012933.png</fileName>
      
    </sourceImageInformation>
  </Description>
  
  <Tags>
    <OtherTag ID="BT10544" LABEL="text" DESCRIPTION="block type text"/><OtherTag ID="BT10543" LABEL="NumberingZone" DESCRIPTION="block type NumberingZone"/><OtherTag ID="BT10542" LABEL="MainZone" DESCRIPTION="block type MainZone"/><OtherTag ID="BT10538" LABEL="RunningTitleZone" DESCRIPTION="block type RunningTitleZone"/><OtherTag ID="BT10537" LABEL="DropCapitalZone" DESCRIPTION="block type DropCapitalZone"/><OtherTag ID="BT10536" LABEL="GraphicZone" DESCRIPTION="block type GraphicZone"/><OtherTag ID="BT10535" LABEL="TitlePageZone" DESCRIPTION="block type TitlePageZone"/><OtherTag ID="BT10534" LABEL="QuireMarksZone" DESCRIPTION="block type QuireMarksZone"/><OtherTag ID="BT10533" LABEL="MarginTextZone" DESCRIPTION="block type MarginTextZone"/>
    <OtherTag ID="LT4122" LABEL="default" DESCRIPTION="line type default"/><OtherTag ID="LT4119" LABEL="DefaultLine" DESCRIPTION="line type DefaultLine"/><OtherTag ID="LT4118" LABEL="HeadingLine" DESCRIPTION="line type HeadingLine"/><OtherTag ID="LT4117" LABEL="CustomLine : BiblicalText" DESCRIPTION="line type CustomLine : BiblicalText"/>
  </Tags>
  
  <Layout>
    <Page WIDTH="1807"
          HEIGHT="2677"
          PHYSICAL_IMG_NR="49"
          ID="eSc_dummypage_">
      <PrintSpace HPOS="0"
                  VPOS="0"
                  WIDTH="1807"
                  HEIGHT="2677">
        
        <TextBlock HPOS="506.339111328125"
                   VPOS="186.54811096191406"
                   WIDTH="331.47894287109375"
                   HEIGHT="60.94050598144531"
                   ID="block_0"
                   TAGREFS="BT10538">
          <Shape><Polygon POINTS="506.339 186.548 837.818 186.548 837.818 247.489 506.339 247.489 506.339 186.548"/></Shape>
          
          
          <TextLine ID="eSc_line_9248b927"
                    TAGREFS="LT4118"
                    BASELINE="507 232 820 232" 
                    HPOS="506"
                    VPOS="189"
                    WIDTH="312"
                    HEIGHT="69">
            <Shape><Polygon POINTS="506 229 506 258 818 256 818 229 816 189 524 189 506 229"/></Shape>
	    <String CONTENT="CAPVT  I."
                    HPOS="506"
                    VPOS="189"
                    WIDTH="312"
                    HEIGHT="69"></String>
          </TextLine>

          
        </TextBlock>
        
        <TextBlock HPOS="1148.9591064453125"
                   VPOS="196.7664337158203"
                   WIDTH="71.2867431640625"
                   HEIGHT="50.37260437011719"
                   ID="block_3"
                   TAGREFS="BT10543">
          <Shape><Polygon POINTS="1148.96 196.766 1220.25 196.766 1220.25 247.139 1148.96 247.139 1148.96 196.766"/></Shape>
          
          
          <TextLine ID="eSc_line_1804de25"
                    TAGREFS="LT4119"
                    BASELINE="1149 233 1215 230" 
                    HPOS="1148"
                    VPOS="197"
                    WIDTH="67"
                    HEIGHT="63">
            <Shape><Polygon POINTS="1206 199 1191 197 1176 199 1161 202 1148 203 1149 233 1151 260 1215 255 1215 230 1209 202 1206 199"/></Shape>
	    <String CONTENT="21"
                    HPOS="1148"
                    VPOS="197"
                    WIDTH="67"
                    HEIGHT="63"
                    WC="0.994875252246857"></String>
          </TextLine>

          
        </TextBlock>
        
        <TextBlock HPOS="151.7958984375"
                   VPOS="255.96310424804688"
                   WIDTH="1067.9632568359375"
                   HEIGHT="1948.2954406738281"
                   ID="block_1"
                   TAGREFS="BT10542">
          <Shape><Polygon POINTS="151.796 255.963 1219.76 255.963 1219.76 2204.26 151.796 2204.26 151.796 255.963"/></Shape>
          
          
          <TextLine ID="eSc_line_4779e4c5"
                    TAGREFS="LT4119"
                    BASELINE="165 306 1215 306" 
                    HPOS="165"
                    VPOS="251"
                    WIDTH="1050"
                    HEIGHT="79">
            <Shape><Polygon POINTS="269 252 267 252 251 260 236 254 224 254 209 254 208 254 175 260 166 273 165 306 165 324 1213 330 1215 306 1215 260 1127 251 1125 251 1124 251 1122 251 1113 258 1002 252 1000 252 999 252 997 252 990 260 989 261 893 261 892 260 883 251 881 251 880 251 822 251 820 251 768 260 765 260 764 260 746 251 745 251 743 251 673 260 670 260 666 260 606 251 605 251 603 251 577 260 575 260 548 251 547 251 545 251 544 251 508 260 507 260 504 260 395 251 394 251 392 251 391 251 380 260 380 261 328 261 327 260 282 252 269 252"/></Shape>
	    <String CONTENT="reformandos &amp; reprimendos. Mirum autem hîc"
                    HPOS="165"
                    VPOS="251"
                    WIDTH="1050"
                    HEIGHT="79"
                    WC="0.985924622347189"></String>
          </TextLine>

          
          
          <TextLine ID="eSc_line_a27600f3"
                    TAGREFS="LT4119"
                    BASELINE="168 365 1212 358" 
                    HPOS="166"
                    VPOS="313"
                    WIDTH="1046"
                    HEIGHT="79">
            <Shape><Polygon POINTS="168 365 168 392 367 392 367 391 368 391 374 389 389 383 487 388 544 389 545 389 562 386 585 382 673 385 792 389 794 389 826 383 841 380 884 382 1000 388 1002 388 1057 380 1067 379 1084 379 1183 386 1185 386 1186 386 1212 377 1212 358 1209 324 1107 313 1106 313 1105 313 1103 313 1088 322 1000 316 999 316 880 324 870 315 868 315 867 315 820 315 819 315 757 325 600 316 599 316 597 316 560 327 414 318 413 318 411 318 373 328 227 319 226 319 224 319 223 319 212 330 166 330 168 365"/></Shape>
	    <String CONTENT="videri poteſt, cur cùm illæ queſtiones, quas dam¬"
                    HPOS="166"
                    VPOS="313"
                    WIDTH="1046"
                    HEIGHT="79"
                    WC="0.989206725358963"></String>
          </TextLine>

          
          
          <TextLine ID="eSc_line_fd784b1c"
                    TAGREFS="LT4119"
                    BASELINE="166 423 1213 420" 
                    HPOS="165"
                    VPOS="376"
                    WIDTH="1048"
                    HEIGHT="67">
            <Shape><Polygon POINTS="166 423 166 443 1212 440 1213 420 1209 376 1023 385 925 379 873 376 871 376 870 376 868 376 864 379 853 386 759 386 740 382 721 377 719 377 694 382 667 386 584 383 441 377 440 377 401 385 395 386 388 386 331 377 330 377 328 377 292 386 263 377 261 377 260 377 165 388 166 423"/></Shape>
	    <String CONTENT="nat Paulus, ad Legem cæromonialem &amp; politicã"
                    HPOS="165"
                    VPOS="376"
                    WIDTH="1048"
                    HEIGHT="67"
                    WC="0.987786903646257"></String>
          </TextLine>

          
          
          <TextLine ID="eSc_line_78beb1c8"
                    TAGREFS="LT4119"
                    BASELINE="166 481 1213 478" 
                    HPOS="165"
                    VPOS="435"
                    WIDTH="1048"
                    HEIGHT="73">
            <Shape><Polygon POINTS="166 481 166 508 223 501 258 507 260 507 261 507 263 507 273 499 291 507 292 507 294 508 367 508 420 508 420 507 422 507 441 499 514 507 523 507 524 507 530 507 575 499 626 505 639 507 641 507 642 507 646 505 661 499 670 505 672 507 673 507 675 507 676 507 678 507 684 505 707 499 1210 501 1213 478 1209 437 1145 443 1119 437 1109 435 1107 435 1106 435 1099 437 1070 446 886 440 719 435 718 435 716 435 697 443 685 447 646 443 584 437 582 437 581 437 580 437 580 438 572 444 568 449 325 449 325 447 315 438 313 438 312 438 310 438 309 438 307 438 298 444 240 437 239 437 237 437 236 437 224 447 165 449 166 481"/></Shape>
	    <String CONTENT="pertineant, tamen de lege morali agat, non autẽ"
                    HPOS="165"
                    VPOS="435"
                    WIDTH="1048"
                    HEIGHT="73"
                    WC="0.99755510315299"></String>
          </TextLine>

          
          
          <TextLine ID="eSc_line_7b176072"
                    TAGREFS="LT4119"
                    BASELINE="163 541 1213 538" 
                    HPOS="162"
                    VPOS="492"
                    WIDTH="1051"
                    HEIGHT="71">
            <Shape><Polygon POINTS="163 541 163 563 1212 557 1213 538 1212 505 1176 492 1174 492 1017 492 1015 492 1014 492 990 505 914 505 895 492 893 492 892 492 803 492 801 492 800 492 798 492 798 493 785 504 606 493 605 493 529 504 514 493 513 493 511 493 477 493 475 493 474 493 472 493 472 495 459 507 252 507 194 493 193 493 191 493 162 505 163 541"/></Shape>
	    <String CONTENT="de cæremoniali aut politica. Reſpon. Quòd illa"
                    HPOS="162"
                    VPOS="492"
                    WIDTH="1051"
                    HEIGHT="71"
                    WC="0.978899272198373"></String>
          </TextLine>

          
          
          <TextLine ID="eSc_line_f5259095"
                    TAGREFS="LT4119"
                    BASELINE="166 602 1215 596" 
                    HPOS="165"
                    VPOS="550"
                    WIDTH="1050"
                    HEIGHT="74">
            <Shape><Polygon POINTS="166 602 166 624 1215 615 1215 596 1212 562 1170 562 1149 550 1148 550 1146 550 1145 550 1118 559 1091 550 1090 550 1088 550 1087 550 1085 550 1085 551 1073 562 1021 562 1005 550 1003 550 1002 550 1000 550 870 559 776 551 774 551 773 551 751 562 713 551 712 551 710 551 709 551 707 551 696 562 667 556 666 556 599 563 560 553 559 553 557 553 425 565 401 554 400 554 398 554 397 554 367 565 297 554 295 554 236 565 197 554 196 554 194 554 193 554 165 565 166 602"/></Shape>
	    <String CONTENT="parte Legis, quæ eſt moralis, iſtos ſibi aduerſarios"
                    HPOS="165"
                    VPOS="550"
                    WIDTH="1050"
                    HEIGHT="74"
                    WC="0.985275480609674"></String>
          </TextLine>

          
          
          <TextLine ID="eSc_line_f02b8128"
                    TAGREFS="LT4119"
                    BASELINE="165 660 1207 652" 
                    HPOS="163"
                    VPOS="608"
                    WIDTH="1044"
                    HEIGHT="76">
            <Shape><Polygon POINTS="165 660 165 678 580 684 581 684 675 682 676 682 678 682 688 675 690 675 701 675 957 681 959 681 1033 672 1041 672 1051 672 1183 679 1185 679 1186 679 1207 670 1207 652 1204 621 1072 621 1072 620 1058 609 1058 608 1057 608 1055 608 1054 608 1052 608 1017 620 1015 620 975 609 974 609 972 609 971 609 969 609 956 620 953 623 861 623 858 620 846 609 844 609 843 609 800 609 798 609 797 609 795 609 783 620 779 623 774 620 761 611 759 611 758 611 722 611 721 611 719 611 718 611 707 620 703 623 687 620 651 611 624 611 623 611 621 611 620 611 611 618 605 624 523 624 508 618 487 612 486 612 484 612 423 618 365 624 355 618 349 614 348 614 346 614 345 614 343 614 342 614 337 618 330 624 307 618 291 614 290 614 288 614 257 618 212 624 199 618 191 614 190 614 188 614 163 617 165 660"/></Shape>
	    <String CONTENT="homines magis premi poſſe videt, quia ſe pieta¬"
                    HPOS="163"
                    VPOS="608"
                    WIDTH="1044"
                    HEIGHT="76"
                    WC="0.992068740915745"></String>
          </TextLine>

          
          
          <TextLine ID="eSc_line_2e716719"
                    TAGREFS="LT4119"
                    BASELINE="165 718 1209 713" 
                    HPOS="163"
                    VPOS="667"
                    WIDTH="1046"
                    HEIGHT="75">
            <Shape><Polygon POINTS="165 718 165 739 608 740 609 740 632 736 643 733 652 736 667 740 669 740 670 740 672 740 684 736 690 733 700 734 724 740 725 740 727 740 748 734 754 733 755 734 762 740 764 740 765 740 767 742 859 742 859 740 922 733 941 731 977 733 1110 739 1112 739 1207 730 1209 713 1207 679 1170 667 1168 667 1167 667 1165 667 1137 675 1102 667 1100 667 1099 667 1097 667 1097 669 1085 678 1038 667 1036 667 1035 667 1033 667 1033 669 1021 679 929 679 907 667 905 667 861 667 859 667 858 667 820 681 757 681 745 670 745 669 743 669 742 669 740 669 739 669 710 681 642 681 608 669 606 669 605 669 480 682 417 682 404 670 403 670 401 670 400 670 322 678 272 670 270 670 269 670 267 670 260 678 251 670 249 670 248 670 196 670 194 670 193 670 163 682 165 718"/></Shape>
	    <String CONTENT="tis &amp; ſanctitatis nomine cõmendabant. Deinde"
                    HPOS="163"
                    VPOS="667"
                    WIDTH="1046"
                    HEIGHT="75"
                    WC="0.989398911264208"></String>
          </TextLine>

          
          
          <TextLine ID="eSc_line_2c77bea1"
                    TAGREFS="LT4119"
                    BASELINE="166 776 1218 770" 
                    HPOS="165"
                    VPOS="725"
                    WIDTH="1053"
                    HEIGHT="78">
            <Shape><Polygon POINTS="166 776 166 801 419 803 420 803 446 798 478 794 575 797 679 801 681 801 682 801 684 801 690 797 694 792 758 795 853 800 855 800 957 792 996 791 1000 792 1012 798 1014 798 1015 798 1052 792 1063 791 1073 792 1127 798 1128 798 1218 789 1218 770 1216 737 1174 725 1173 725 1171 725 1170 725 1149 737 1093 737 1061 725 1060 725 1058 725 1057 725 1055 725 1042 737 997 737 956 725 954 725 953 725 884 727 883 727 881 727 870 737 868 737 852 737 703 727 701 727 623 728 621 728 600 737 594 740 544 740 538 737 517 728 516 728 514 728 432 730 431 730 429 730 420 737 416 740 410 737 398 730 397 730 395 730 365 737 349 740 337 737 325 733 324 733 322 733 285 737 249 740 243 737 234 730 233 730 232 730 230 730 165 736 166 776"/></Shape>
	    <String CONTENT="cùm præcipua Legis diuinæ pars ſit Moralis, reli¬"
                    HPOS="165"
                    VPOS="725"
                    WIDTH="1053"
                    HEIGHT="78"
                    WC="0.991955753564835"></String>
          </TextLine>

          
          
          <TextLine ID="eSc_line_ff8f3fa2"
                    TAGREFS="LT4119"
                    BASELINE="168 834 1215 829" 
                    HPOS="166"
                    VPOS="785"
                    WIDTH="1049"
                    HEIGHT="77">
            <Shape><Polygon POINTS="168 834 168 862 291 853 355 861 358 861 359 861 362 861 407 853 1213 853 1215 829 1213 794 1198 785 1197 785 1195 785 1194 785 1137 795 1136 795 1026 785 1024 785 1023 785 1021 785 1006 797 910 797 862 798 823 798 823 797 810 786 809 786 807 786 806 786 804 786 777 798 678 798 645 786 643 786 642 786 535 795 517 786 516 786 514 786 462 798 316 788 315 788 313 788 287 798 197 789 196 789 194 789 166 800 168 834"/></Shape>
	    <String CONTENT="quæ verò duæ ſint illius quædam appendices tã¬"
                    HPOS="166"
                    VPOS="785"
                    WIDTH="1049"
                    HEIGHT="77"
                    WC="0.993444131066402"></String>
          </TextLine>

          
          
          <TextLine ID="eSc_line_00f7c511"
                    TAGREFS="LT4119"
                    BASELINE="166 893 1210 887" 
                    HPOS="165"
                    VPOS="844"
                    WIDTH="1045"
                    HEIGHT="72">
            <Shape><Polygon POINTS="166 893 166 913 947 916 948 916 1209 907 1210 887 1206 850 1094 852 1090 850 1073 844 1072 844 1070 844 1069 844 1067 844 1058 850 1055 853 883 853 870 852 813 846 812 846 767 853 762 853 759 853 694 846 693 846 691 846 690 846 690 847 682 853 582 847 581 847 529 855 527 855 466 847 465 847 426 856 423 856 417 856 334 849 333 849 331 849 330 849 319 856 292 849 291 849 290 849 288 849 287 849 275 856 233 850 232 850 165 858 166 893"/></Shape>
	    <String CONTENT="tùm, de legis Moralis vſu aptè &amp; conuenienter"
                    HPOS="165"
                    VPOS="844"
                    WIDTH="1045"
                    HEIGHT="72"
                    WC="0.97606945418297"></String>
          </TextLine>

          
          
          <TextLine ID="eSc_line_b23c2522"
                    TAGREFS="LT4119"
                    BASELINE="163 953 1210 947" 
                    HPOS="162"
                    VPOS="901"
                    WIDTH="1048"
                    HEIGHT="76">
            <Shape><Polygon POINTS="163 953 163 977 443 975 444 975 446 975 447 974 458 968 472 974 478 975 480 975 481 975 504 974 550 968 649 971 728 974 730 974 731 974 743 969 757 966 823 969 932 974 933 974 935 974 956 968 963 965 971 968 987 972 989 972 990 972 1030 966 1044 965 1064 966 1152 972 1154 972 1209 963 1210 947 1207 910 1105 901 1026 901 1024 901 1023 901 1021 901 1009 908 1006 910 1002 908 980 901 978 901 977 901 907 902 905 902 904 902 895 908 887 913 715 913 703 908 687 902 685 902 684 902 587 907 483 913 475 907 474 905 472 905 471 905 469 905 458 907 419 916 383 916 374 907 373 905 371 905 370 905 368 905 359 907 322 914 303 907 300 905 298 905 297 905 162 905 163 953"/></Shape>
	    <String CONTENT="agit Paulus, ex quo &amp; Cæremonialis &amp; Politicæ"
                    HPOS="162"
                    VPOS="901"
                    WIDTH="1048"
                    HEIGHT="76"
                    WC="0.998922940095266"></String>
          </TextLine>

          
          
          <TextLine ID="eSc_line_a8868c8d"
                    TAGREFS="LT4119"
                    BASELINE="163 1011 1213 1008" 
                    HPOS="162"
                    VPOS="963"
                    WIDTH="1051"
                    HEIGHT="76">
            <Shape><Polygon POINTS="163 1011 163 1038 322 1038 322 1036 324 1036 327 1035 342 1029 353 1035 359 1038 361 1038 362 1039 526 1039 526 1038 527 1038 529 1038 535 1033 539 1030 554 1032 590 1038 591 1038 593 1038 594 1038 600 1032 605 1027 687 1027 725 1030 788 1036 789 1036 870 1029 893 1027 919 1029 1042 1036 1044 1036 1118 1027 1154 1036 1155 1036 1157 1036 1213 1024 1213 1008 1210 972 1121 972 1119 971 1109 963 1107 963 1106 963 1105 963 1047 971 1044 971 1038 971 919 963 917 963 829 971 819 971 817 971 807 963 806 963 804 963 803 963 801 963 788 971 786 971 782 971 749 963 748 963 641 969 594 972 162 969 163 1011"/></Shape>
	    <String CONTENT="legis vſus quoque pendet &amp; intelligitur. Itaque"
                    HPOS="162"
                    VPOS="963"
                    WIDTH="1051"
                    HEIGHT="76"
                    WC="0.9909017326984"></String>
          </TextLine>

          
          
          <TextLine ID="eSc_line_3d6f3f85"
                    TAGREFS="LT4119"
                    BASELINE="165 1070 1210 1063" 
                    HPOS="163"
                    VPOS="1020"
                    WIDTH="1047"
                    HEIGHT="74">
            <Shape><Polygon POINTS="165 1070 165 1087 358 1094 359 1094 361 1094 376 1087 382 1087 580 1093 581 1093 582 1093 584 1093 584 1091 591 1085 600 1085 759 1091 761 1091 1210 1081 1210 1063 1207 1030 1082 1020 1081 1020 1038 1029 1017 1020 1015 1020 1014 1020 776 1032 609 1023 608 1023 606 1023 581 1033 559 1024 557 1024 556 1024 480 1033 464 1026 462 1026 461 1026 383 1033 340 1026 339 1026 282 1035 264 1026 263 1026 261 1026 163 1036 165 1070"/></Shape>
	    <String CONTENT="non extra rem reſpondet &amp; arguit Paulus. Simi¬"
                    HPOS="163"
                    VPOS="1020"
                    WIDTH="1047"
                    HEIGHT="74"
                    WC="0.993904567283133"></String>
          </TextLine>

          
          
          <TextLine ID="eSc_line_d4e669c2"
                    TAGREFS="LT4119"
                    BASELINE="163 1130 1209 1122" 
                    HPOS="162"
                    VPOS="1076"
                    WIDTH="1047"
                    HEIGHT="72">
            <Shape><Polygon POINTS="163 1130 163 1148 1207 1140 1209 1122 1206 1087 1110 1076 1109 1076 1107 1076 1106 1076 1096 1085 1011 1078 1009 1078 931 1084 887 1076 886 1076 884 1076 883 1076 865 1088 819 1088 791 1076 789 1076 788 1076 727 1088 678 1078 676 1078 675 1078 635 1088 614 1078 612 1078 611 1078 609 1078 608 1078 591 1088 461 1079 459 1079 411 1088 373 1079 371 1079 370 1079 368 1079 367 1079 352 1090 269 1081 267 1081 266 1081 227 1091 175 1081 174 1081 172 1081 171 1081 171 1082 162 1090 163 1130"/></Shape>
	    <String CONTENT="lis eſt hodie noſtrorũ aduerſariorũ &amp; Monacho¬"
                    HPOS="162"
                    VPOS="1076"
                    WIDTH="1047"
                    HEIGHT="72"
                    WC="0.997109316289425"></String>
          </TextLine>

          
          
          <TextLine ID="eSc_line_02fd8e5c"
                    TAGREFS="LT4119"
                    BASELINE="165 1186 1203 1180" 
                    HPOS="163"
                    VPOS="1137"
                    WIDTH="1040"
                    HEIGHT="69">
            <Shape><Polygon POINTS="165 1186 165 1206 1201 1204 1203 1180 1200 1145 684 1137 682 1137 612 1146 444 1139 443 1139 380 1148 276 1140 275 1140 163 1149 165 1186"/></Shape>
	    <String CONTENT="rum faſtus, &amp; arrogantia. qui cùm toti crimini¬"
                    HPOS="163"
                    VPOS="1137"
                    WIDTH="1040"
                    HEIGHT="69"
                    WC="0.9626093780001"></String>
          </TextLine>

          
          
          <TextLine ID="eSc_line_035ae96b"
                    TAGREFS="LT4119"
                    BASELINE="166 1244 1210 1240" 
                    HPOS="166"
                    VPOS="1192"
                    WIDTH="1044"
                    HEIGHT="79">
            <Shape><Polygon POINTS="1207 1204 1163 1195 1161 1195 1160 1195 1158 1195 1148 1203 1148 1204 1058 1204 1057 1203 1044 1194 1042 1194 1041 1194 971 1192 969 1192 968 1192 942 1201 938 1204 855 1204 849 1201 834 1194 832 1194 780 1194 779 1194 777 1194 759 1200 749 1206 593 1206 560 1200 529 1194 527 1194 484 1198 458 1201 441 1198 425 1195 423 1195 422 1195 410 1198 379 1206 294 1197 270 1195 269 1195 255 1197 203 1206 166 1197 166 1244 168 1271 184 1264 410 1268 480 1270 481 1270 483 1270 492 1268 514 1262 700 1265 859 1268 861 1268 1209 1259 1210 1240 1207 1204"/></Shape>
	    <String CONTENT="bus ſcateant, nihil tamen, niſi Legem Dei, man¬"
                    HPOS="166"
                    VPOS="1192"
                    WIDTH="1044"
                    HEIGHT="79"
                    WC="0.977149140327535"></String>
          </TextLine>

          
          
          <TextLine ID="eSc_line_e111aca7"
                    TAGREFS="LT4119"
                    BASELINE="166 1302 1209 1302" 
                    HPOS="166"
                    VPOS="1256"
                    WIDTH="1043"
                    HEIGHT="72">
            <Shape><Polygon POINTS="166 1302 166 1319 230 1328 232 1328 1209 1322 1209 1302 1209 1265 1082 1265 1082 1264 1066 1256 1064 1256 1063 1256 908 1264 899 1265 532 1265 526 1264 474 1256 472 1256 166 1262 166 1302"/></Shape>
	    <String CONTENT="data, &amp; ſanctitatem vitæ crepant, vt videantur"
                    HPOS="166"
                    VPOS="1256"
                    WIDTH="1043"
                    HEIGHT="72"
                    WC="0.991184540416883"></String>
          </TextLine>

          
          
          <TextLine ID="eSc_line_f1dc5e8f"
                    TAGREFS="LT4119"
                    BASELINE="165 1362 1210 1357" 
                    HPOS="163"
                    VPOS="1313"
                    WIDTH="1047"
                    HEIGHT="76">
            <Shape><Polygon POINTS="165 1362 165 1381 233 1389 234 1389 236 1389 257 1381 260 1381 407 1381 408 1381 450 1389 452 1389 453 1389 481 1381 510 1389 511 1389 513 1389 550 1380 554 1380 557 1380 578 1387 580 1387 581 1387 612 1380 615 1380 617 1380 632 1387 633 1387 635 1387 700 1380 706 1380 715 1380 853 1387 855 1387 856 1387 858 1387 868 1378 870 1378 890 1386 892 1386 893 1386 965 1378 974 1378 990 1378 1161 1386 1163 1386 1209 1377 1210 1357 1207 1322 873 1313 871 1313 804 1322 803 1322 800 1322 513 1314 511 1314 464 1322 328 1316 327 1316 325 1316 324 1316 312 1323 182 1316 181 1316 179 1316 163 1322 165 1362"/></Shape>
	    <String CONTENT="ſancti, &amp; nos oppugnant, quaſi eadem illa ſper¬"
                    HPOS="163"
                    VPOS="1313"
                    WIDTH="1047"
                    HEIGHT="76"
                    WC="0.990736819328146"></String>
          </TextLine>

          
          
          <TextLine ID="eSc_line_51a167fb"
                    TAGREFS="LT4119"
                    BASELINE="163 1420 1209 1417" 
                    HPOS="162"
                    VPOS="1374"
                    WIDTH="1047"
                    HEIGHT="67">
            <Shape><Polygon POINTS="163 1420 163 1438 1206 1441 1209 1417 1206 1386 1009 1386 997 1375 997 1374 996 1374 994 1374 993 1374 908 1384 896 1375 896 1374 895 1374 893 1374 867 1374 865 1374 776 1384 745 1374 743 1374 685 1374 684 1374 649 1375 648 1375 646 1375 633 1386 563 1377 562 1377 469 1386 435 1375 434 1375 327 1375 325 1375 324 1375 322 1375 307 1387 279 1387 258 1375 257 1375 179 1375 178 1375 176 1375 175 1375 162 1383 163 1420"/></Shape>
	    <String CONTENT="namus &amp; damnemus. Quibus reſpondemus eos"
                    HPOS="162"
                    VPOS="1374"
                    WIDTH="1047"
                    HEIGHT="67"
                    WC="0.984174910187721"></String>
          </TextLine>

          
          
          <TextLine ID="eSc_line_8d35f385"
                    TAGREFS="LT4119"
                    BASELINE="165 1479 1210 1476" 
                    HPOS="163"
                    VPOS="1430"
                    WIDTH="1047"
                    HEIGHT="76">
            <Shape><Polygon POINTS="165 1479 165 1494 229 1505 230 1506 281 1506 281 1505 282 1505 284 1505 284 1503 294 1496 295 1494 406 1494 411 1496 441 1505 443 1505 444 1506 444 1505 446 1505 475 1496 481 1494 490 1496 544 1505 545 1505 611 1496 623 1494 629 1496 657 1505 658 1505 660 1505 739 1503 740 1503 742 1503 751 1496 754 1494 762 1496 806 1503 807 1503 875 1496 908 1493 935 1496 987 1503 989 1503 1209 1496 1210 1476 1207 1442 1154 1433 1152 1433 1116 1441 1105 1432 1105 1430 1103 1430 1102 1430 1100 1430 925 1441 910 1430 908 1430 907 1430 905 1430 904 1430 902 1430 889 1442 861 1442 798 1430 797 1430 795 1430 794 1430 783 1439 761 1430 759 1430 758 1430 684 1442 420 1432 419 1432 417 1432 398 1442 379 1432 377 1432 376 1432 374 1432 349 1442 272 1433 270 1433 269 1433 267 1433 255 1442 242 1432 240 1432 239 1432 205 1432 203 1432 202 1432 163 1444 165 1479"/></Shape>
	    <String CONTENT="eſſe pares iſtis hypocritis à Paulo deſcriptis."
                    HPOS="163"
                    VPOS="1430"
                    WIDTH="1047"
                    HEIGHT="76"
                    WC="0.971752108385166"></String>
          </TextLine>

          
          
          <TextLine ID="eSc_line_ba87af46"
                    TAGREFS="LT4119"
                    BASELINE="165 1540 1210 1534" 
                    HPOS="163"
                    VPOS="1488"
                    WIDTH="1047"
                    HEIGHT="81">
            <Shape><Polygon POINTS="165 1540 165 1558 212 1567 214 1569 300 1569 300 1567 301 1567 303 1567 315 1558 316 1558 324 1558 382 1567 383 1567 385 1567 416 1558 426 1557 447 1558 502 1566 504 1566 547 1558 565 1557 596 1558 676 1566 678 1566 679 1566 693 1558 700 1555 755 1558 831 1564 832 1564 878 1558 901 1557 1207 1558 1210 1534 1207 1502 1094 1502 1020 1488 1018 1488 1017 1488 1015 1488 1000 1500 939 1500 926 1490 925 1490 923 1490 922 1490 870 1499 858 1490 856 1490 855 1490 853 1490 852 1490 850 1490 837 1502 687 1502 678 1494 676 1494 675 1494 673 1494 621 1502 590 1491 588 1491 587 1491 585 1491 584 1491 568 1503 568 1505 536 1505 536 1503 498 1491 496 1491 425 1491 423 1491 362 1505 359 1505 356 1505 307 1493 306 1493 237 1503 176 1493 175 1493 174 1493 172 1493 172 1494 163 1502 165 1540"/></Shape>
	    <String CONTENT="Quod ait Paulus, Legem non eſſe poſitam iu¬"
                    HPOS="163"
                    VPOS="1488"
                    WIDTH="1047"
                    HEIGHT="81"
                    WC="0.987023262090461"></String>
          </TextLine>

          
          
          <TextLine ID="eSc_line_1522f1a5"
                    TAGREFS="LT4119"
                    BASELINE="163 1597 1207 1594" 
                    HPOS="162"
                    VPOS="1549"
                    WIDTH="1045"
                    HEIGHT="73">
            <Shape><Polygon POINTS="163 1597 163 1622 232 1615 252 1622 254 1622 255 1622 297 1615 496 1622 508 1622 510 1622 511 1622 535 1615 600 1621 602 1621 691 1613 718 1621 719 1621 721 1621 825 1613 875 1621 877 1622 1206 1622 1207 1594 1204 1561 968 1561 954 1549 953 1549 951 1549 893 1549 892 1549 838 1560 801 1549 800 1549 798 1549 797 1549 773 1560 731 1549 730 1549 728 1549 672 1561 646 1551 645 1551 643 1551 642 1551 609 1560 556 1551 554 1551 502 1563 410 1563 324 1551 322 1551 321 1551 319 1551 309 1561 220 1561 178 1551 176 1551 175 1551 174 1551 172 1551 172 1552 162 1560 163 1597"/></Shape>
	    <String CONTENT="ſto, ex eius mente facilem ſenſum habet, nempe"
                    HPOS="162"
                    VPOS="1549"
                    WIDTH="1045"
                    HEIGHT="73"
                    WC="0.996402765097825"></String>
          </TextLine>

          
          
          <TextLine ID="eSc_line_f49ea043"
                    TAGREFS="LT4119"
                    BASELINE="166 1652 1212 1655" 
                    HPOS="165"
                    VPOS="1609"
                    WIDTH="1047"
                    HEIGHT="70">
            <Shape><Polygon POINTS="166 1652 165 1667 174 1676 174 1677 175 1677 176 1677 178 1677 217 1670 245 1677 246 1677 248 1679 352 1679 352 1677 353 1677 355 1677 367 1670 408 1677 410 1677 411 1677 444 1668 453 1667 588 1667 609 1671 639 1677 641 1677 667 1671 690 1667 812 1668 819 1674 826 1679 828 1679 829 1679 831 1679 865 1674 913 1668 1209 1679 1212 1655 1212 1621 1182 1610 1180 1610 1179 1610 1107 1621 1105 1621 1000 1621 999 1619 987 1610 986 1610 984 1610 983 1610 981 1610 945 1619 944 1619 907 1610 905 1610 904 1610 902 1610 875 1619 874 1621 817 1621 816 1619 807 1610 806 1610 804 1610 768 1610 767 1610 765 1610 764 1610 755 1619 754 1619 751 1619 703 1610 701 1610 655 1618 645 1609 643 1609 642 1609 641 1609 639 1609 608 1618 608 1619 504 1619 502 1618 489 1609 487 1609 486 1609 484 1609 483 1609 461 1618 459 1618 419 1609 352 1609 350 1609 349 1609 348 1609 334 1618 330 1618 279 1609 278 1609 166 1616 166 1652"/></Shape>
	    <String CONTENT="quòd qui ſponte iam parent Legi, &amp; virtutem ſe¬"
                    HPOS="165"
                    VPOS="1609"
                    WIDTH="1047"
                    HEIGHT="70"
                    WC="0.993716951459646"></String>
          </TextLine>

          
          
          <TextLine ID="eSc_line_9d777908"
                    TAGREFS="LT4119"
                    BASELINE="169 1713 1209 1710" 
                    HPOS="168"
                    VPOS="1665"
                    WIDTH="1041"
                    HEIGHT="61">
            <Shape><Polygon POINTS="169 1726 1207 1723 1209 1710 1204 1674 1167 1676 1163 1674 1154 1667 1152 1667 1151 1667 1149 1667 1148 1667 1122 1674 1115 1676 1110 1674 1094 1665 1093 1665 1051 1665 1049 1665 1048 1665 1029 1674 1026 1677 935 1677 932 1676 910 1665 908 1665 907 1665 852 1676 849 1676 847 1676 826 1665 825 1665 823 1665 822 1665 803 1676 792 1667 792 1665 791 1665 789 1665 718 1665 716 1665 715 1665 688 1677 685 1677 666 1677 505 1667 504 1667 502 1667 501 1667 489 1677 465 1670 464 1670 462 1670 461 1670 435 1677 425 1668 425 1667 423 1667 422 1667 420 1667 309 1674 252 1667 251 1667 249 1667 248 1667 232 1677 212 1670 211 1670 209 1670 168 1679 169 1713"/></Shape>
	    <String CONTENT="quuntur illi nullis loris &amp; habenis vinciri de¬"
                    HPOS="168"
                    VPOS="1665"
                    WIDTH="1041"
                    HEIGHT="61"
                    WC="0.984145938081944"></String>
          </TextLine>

          
          
          <TextLine ID="eSc_line_23ec4a08"
                    TAGREFS="LT4119"
                    BASELINE="163 1771 1209 1766" 
                    HPOS="162"
                    VPOS="1722"
                    WIDTH="1047"
                    HEIGHT="77">
            <Shape><Polygon POINTS="163 1771 165 1796 191 1787 272 1787 288 1796 290 1796 291 1796 292 1796 294 1796 295 1796 312 1787 480 1787 489 1795 490 1795 492 1795 493 1796 493 1795 495 1795 496 1795 504 1787 524 1795 535 1798 536 1798 538 1798 539 1798 547 1795 563 1786 639 1786 654 1793 663 1798 664 1798 666 1799 806 1799 806 1798 807 1798 809 1798 815 1792 816 1790 820 1792 831 1796 832 1796 834 1796 856 1792 892 1784 904 1792 910 1796 911 1796 913 1796 914 1796 1000 1790 1063 1787 1078 1790 1102 1796 1103 1796 1105 1796 1106 1796 1107 1796 1115 1790 1122 1784 1206 1789 1209 1766 1207 1732 1191 1722 1189 1722 1188 1722 1186 1722 1121 1723 1119 1723 1118 1723 1105 1734 1084 1734 1030 1734 1030 1732 1006 1722 1005 1722 1003 1722 1002 1722 968 1732 965 1734 853 1734 734 1734 730 1731 721 1723 719 1723 718 1723 716 1723 715 1723 703 1729 694 1735 575 1735 544 1729 511 1723 510 1723 395 1728 199 1735 187 1726 187 1725 185 1725 184 1725 182 1725 162 1725 163 1771"/></Shape>
	    <String CONTENT="beant, nullis aliis præceptis egeant, quibus ad vi¬"
                    HPOS="162"
                    VPOS="1722"
                    WIDTH="1047"
                    HEIGHT="77"
                    WC="0.993535912504383"></String>
          </TextLine>

          
          
          <TextLine ID="eSc_line_6e9af237"
                    TAGREFS="LT4119"
                    BASELINE="163 1832 1207 1827" 
                    HPOS="162"
                    VPOS="1781"
                    WIDTH="1045"
                    HEIGHT="66">
            <Shape><Polygon POINTS="163 1832 163 1847 1206 1841 1207 1827 1204 1796 1058 1796 1055 1795 1032 1781 1030 1781 1029 1781 1027 1781 993 1795 990 1795 981 1793 896 1781 895 1781 820 1783 819 1783 817 1783 804 1793 798 1796 710 1792 639 1789 638 1789 623 1792 597 1796 584 1792 565 1783 563 1783 517 1783 516 1783 514 1783 513 1783 501 1790 489 1798 403 1790 400 1790 398 1790 397 1790 370 1796 353 1790 342 1784 340 1784 300 1784 298 1784 297 1784 295 1784 290 1789 285 1793 278 1789 273 1784 272 1784 270 1784 224 1784 223 1784 221 1784 220 1784 215 1789 203 1798 162 1789 163 1832"/></Shape>
	    <String CONTENT="tæ ſanctitatem adducantur: ſed illi tantùm iis e¬"
                    HPOS="162"
                    VPOS="1781"
                    WIDTH="1045"
                    HEIGHT="66"
                    WC="0.978569447994232"></String>
          </TextLine>

          
          
          <TextLine ID="eSc_line_fb257f99"
                    TAGREFS="LT4119"
                    BASELINE="168 1888 1212 1888" 
                    HPOS="168"
                    VPOS="1839"
                    WIDTH="1044"
                    HEIGHT="72">
            <Shape><Polygon POINTS="168 1888 168 1911 226 1903 304 1911 316 1911 318 1911 336 1909 425 1903 748 1906 1167 1911 1168 1911 1212 1902 1212 1888 1212 1856 1148 1856 1148 1854 1133 1842 1133 1841 1131 1841 1130 1841 1128 1841 1127 1841 1106 1847 1091 1839 1090 1839 1088 1839 1029 1841 1027 1841 1026 1841 1009 1851 978 1845 977 1845 975 1845 974 1845 959 1854 957 1854 931 1854 907 1854 890 1839 889 1839 887 1839 712 1839 710 1839 709 1839 707 1839 690 1854 688 1854 681 1854 641 1847 639 1847 638 1847 615 1853 611 1854 606 1853 572 1844 571 1844 569 1844 568 1844 533 1853 527 1854 526 1853 505 1839 504 1839 502 1839 501 1839 499 1839 498 1839 477 1853 475 1853 419 1839 379 1839 377 1839 376 1839 374 1839 359 1853 356 1856 292 1856 288 1853 261 1841 260 1841 258 1841 168 1851 168 1888"/></Shape>
	    <String CONTENT="geant, qui ſunt immorigeri, rebelles, &amp; diſſoluti."
                    HPOS="168"
                    VPOS="1839"
                    WIDTH="1044"
                    HEIGHT="72"
                    WC="0.989164786338806"></String>
          </TextLine>

          
          
          <TextLine ID="eSc_line_50509209"
                    TAGREFS="LT4119"
                    BASELINE="169 1949 1206 1945" 
                    HPOS="168"
                    VPOS="1897"
                    WIDTH="1038"
                    HEIGHT="76">
            <Shape><Polygon POINTS="169 1949 169 1966 502 1973 504 1973 571 1964 578 1964 581 1964 602 1972 603 1972 605 1972 643 1964 648 1964 661 1964 801 1972 803 1972 852 1964 861 1963 868 1963 917 1970 919 1970 920 1970 942 1963 945 1963 953 1963 1018 1970 1020 1970 1204 1961 1206 1945 1203 1911 1100 1911 1100 1909 1085 1897 1084 1897 1082 1897 1081 1897 994 1899 993 1899 974 1909 972 1909 944 1902 942 1902 941 1902 739 1909 664 1911 657 1908 633 1899 632 1899 630 1899 569 1908 550 1911 541 1908 516 1899 514 1899 513 1899 511 1899 510 1899 496 1908 489 1914 411 1914 397 1908 380 1902 379 1902 377 1902 376 1902 353 1908 334 1912 327 1908 318 1900 316 1900 315 1900 313 1900 168 1906 169 1949"/></Shape>
	    <String CONTENT="Hæc ſententia dignitatem &amp; commendationem"
                    HPOS="168"
                    VPOS="1897"
                    WIDTH="1038"
                    HEIGHT="76"
                    WC="0.977022610059599"></String>
          </TextLine>

          
          
          <TextLine ID="eSc_line_0081b083"
                    TAGREFS="LT4119"
                    BASELINE="168 2004 1207 2007" 
                    HPOS="166"
                    VPOS="1957"
                    WIDTH="1041"
                    HEIGHT="76">
            <Shape><Polygon POINTS="168 2004 166 2019 209 2031 211 2031 212 2033 276 2033 276 2031 278 2031 279 2031 292 2022 318 2031 319 2031 321 2033 475 2033 475 2031 477 2031 478 2031 492 2022 493 2022 530 2022 532 2022 541 2031 542 2031 544 2031 545 2031 593 2022 599 2022 606 2024 646 2031 648 2031 694 2024 699 2024 706 2024 815 2033 816 2033 817 2033 849 2025 856 2024 974 2024 978 2025 987 2033 989 2033 990 2033 991 2033 1041 2027 1063 2024 1204 2027 1207 2007 1206 1972 1173 1972 1173 1970 1161 1961 1161 1960 1160 1960 1158 1960 1057 1960 1055 1960 1054 1960 1027 1969 1020 1970 1011 1969 975 1960 974 1960 936 1967 920 1970 914 1967 905 1961 904 1961 902 1961 901 1961 899 1961 883 1966 874 1969 871 1966 865 1960 864 1960 862 1960 861 1960 810 1966 791 1967 770 1964 733 1960 731 1960 730 1960 715 1964 693 1970 675 1963 672 1963 670 1963 669 1963 651 1963 542 1969 523 1961 519 1960 517 1960 516 1960 514 1960 508 1961 480 1969 404 1961 403 1961 401 1961 383 1970 279 1970 257 1960 255 1960 254 1960 252 1960 251 1960 237 1969 168 1957 168 2004"/></Shape>
	    <String CONTENT="Legis non imminuit, quaſi iuſtis &amp; iis qui Doi"
                    HPOS="166"
                    VPOS="1957"
                    WIDTH="1041"
                    HEIGHT="76"
                    WC="0.974576049524805"></String>
          </TextLine>

          
          
          <TextLine ID="eSc_line_551a116b"
                    TAGREFS="LT4119"
                    BASELINE="166 2064 1212 2064" 
                    HPOS="166"
                    VPOS="2018"
                    WIDTH="1046"
                    HEIGHT="76">
            <Shape><Polygon POINTS="166 2064 166 2082 190 2092 191 2092 193 2092 248 2083 269 2092 270 2092 272 2094 466 2094 466 2092 468 2092 496 2083 569 2092 571 2092 621 2083 623 2083 624 2083 658 2092 660 2092 661 2094 707 2094 707 2092 709 2092 710 2092 721 2083 722 2083 795 2092 797 2092 893 2083 904 2083 962 2083 963 2083 975 2092 977 2092 978 2092 980 2092 981 2092 1000 2083 1002 2083 1005 2083 1038 2092 1039 2092 1041 2092 1042 2092 1061 2083 1064 2083 1067 2083 1102 2092 1103 2092 1105 2092 1212 2083 1212 2064 1210 2019 239 2025 230 2018 229 2018 227 2018 166 2018 166 2064"/></Shape>
	    <String CONTENT="ſpiritu aguntur ſit vel contraria vel inutilis, ſed"
                    HPOS="166"
                    VPOS="2018"
                    WIDTH="1046"
                    HEIGHT="76"
                    WC="0.987383648460987"></String>
          </TextLine>

          
          
          <TextLine ID="eSc_line_449e1ee6"
                    TAGREFS="LT4119"
                    BASELINE="168 2120 1206 2125" 
                    HPOS="166"
                    VPOS="2076"
                    WIDTH="1040"
                    HEIGHT="74">
            <Shape><Polygon POINTS="166 2140 185 2149 187 2149 188 2149 297 2141 306 2141 316 2141 408 2149 410 2149 501 2143 514 2143 516 2143 523 2150 524 2150 526 2150 527 2150 529 2150 553 2144 556 2143 559 2144 574 2150 575 2150 577 2150 657 2144 688 2143 1203 2149 1206 2125 1204 2091 1145 2079 994 2079 993 2079 944 2088 929 2089 913 2086 859 2077 858 2077 856 2077 825 2086 816 2088 783 2085 694 2077 693 2077 691 2077 672 2083 667 2085 655 2083 614 2079 612 2079 611 2079 609 2079 605 2083 597 2088 563 2083 513 2076 511 2076 510 2076 495 2082 483 2088 330 2088 318 2080 316 2079 315 2079 313 2079 312 2079 292 2080 200 2086 169 2079 168 2120 166 2140"/></Shape>
	    <String CONTENT="eos tantùm perſtringit, cum quibus egit Paulus,"
                    HPOS="166"
                    VPOS="2076"
                    WIDTH="1040"
                    HEIGHT="74"
                    WC="0.981460023671389"></String>
          </TextLine>

          
          
          <TextLine ID="eSc_line_3f3d55df"
                    TAGREFS="LT4119"
                    BASELINE="171 2181 1212 2181" 
                    HPOS="171"
                    VPOS="2137"
                    WIDTH="1041"
                    HEIGHT="81">
            <Shape><Polygon POINTS="171 2181 171 2218 233 2218 233 2217 234 2217 236 2217 236 2215 249 2205 303 2215 312 2217 313 2217 321 2215 365 2205 407 2214 420 2217 422 2217 441 2214 493 2205 538 2212 554 2215 556 2215 557 2215 559 2215 562 2212 574 2205 585 2212 587 2212 588 2212 590 2212 591 2212 593 2212 606 2205 670 2205 685 2211 704 2217 706 2217 707 2218 884 2218 884 2217 886 2217 904 2208 910 2205 971 2208 1151 2215 1152 2215 1212 2204 1212 2181 1210 2137 526 2144 504 2143 458 2137 456 2137 420 2143 411 2144 410 2143 403 2137 401 2137 400 2137 297 2137 295 2137 261 2144 258 2144 257 2144 212 2137 211 2137 171 2144 171 2181"/></Shape>
	    <String CONTENT="quos facilè quidem docet eſſe tales, quales hic a¬"
                    HPOS="171"
                    VPOS="2137"
                    WIDTH="1041"
                    HEIGHT="81"
                    WC="0.980866581785913"></String>
          </TextLine>

          
        </TextBlock>
        
        <TextBlock HPOS="897.8572998046875"
                   VPOS="2199.4208984375"
                   WIDTH="124.18890380859375"
                   HEIGHT="65.93505859375"
                   ID="block_2"
                   TAGREFS="BT10534">
          <Shape><Polygon POINTS="897.857 2199.42 1022.05 2199.42 1022.05 2265.36 897.857 2265.36 897.857 2199.42"/></Shape>
          
          
          <TextLine ID="eSc_line_11fca803"
                    TAGREFS="LT4119"
                    BASELINE="904 2244 1012 2241" 
                    HPOS="901"
                    VPOS="2198"
                    WIDTH="111"
                    HEIGHT="72">
            <Shape><Polygon POINTS="904 2244 904 2263 1011 2270 1012 2241 1009 2214 948 2214 936 2204 931 2198 929 2198 928 2198 926 2198 901 2198 904 2244"/></Shape>
	    <String CONTENT="b.iij."
                    HPOS="901"
                    VPOS="2198"
                    WIDTH="111"
                    HEIGHT="72"
                    WC="0.997317949930827"></String>
          </TextLine>

          
        </TextBlock>
        

        
      </PrintSpace>
    </Page>
  </Layout>
</alto>
