<?xml version="1.0" encoding="UTF-8"?>
<alto xmlns:xsi="http://www.w3.org/2001/XMLSchema-instance"
      xmlns="http://www.loc.gov/standards/alto/ns-v4#"
      xsi:schemaLocation="http://www.loc.gov/standards/alto/ns-v4# http://www.loc.gov/standards/alto/v4/alto-4-2.xsd">
  <Description>
    <MeasurementUnit>pixel</MeasurementUnit>
    <sourceImageInformation>
      <fileName>2012918.png</fileName>
      
    </sourceImageInformation>
  </Description>
  
  <Tags>
    <OtherTag ID="BT10544" LABEL="text" DESCRIPTION="block type text"/><OtherTag ID="BT10543" LABEL="NumberingZone" DESCRIPTION="block type NumberingZone"/><OtherTag ID="BT10542" LABEL="MainZone" DESCRIPTION="block type MainZone"/><OtherTag ID="BT10538" LABEL="RunningTitleZone" DESCRIPTION="block type RunningTitleZone"/><OtherTag ID="BT10537" LABEL="DropCapitalZone" DESCRIPTION="block type DropCapitalZone"/><OtherTag ID="BT10536" LABEL="GraphicZone" DESCRIPTION="block type GraphicZone"/><OtherTag ID="BT10535" LABEL="TitlePageZone" DESCRIPTION="block type TitlePageZone"/><OtherTag ID="BT10534" LABEL="QuireMarksZone" DESCRIPTION="block type QuireMarksZone"/><OtherTag ID="BT10533" LABEL="MarginTextZone" DESCRIPTION="block type MarginTextZone"/>
    <OtherTag ID="LT4122" LABEL="default" DESCRIPTION="line type default"/><OtherTag ID="LT4119" LABEL="DefaultLine" DESCRIPTION="line type DefaultLine"/><OtherTag ID="LT4118" LABEL="HeadingLine" DESCRIPTION="line type HeadingLine"/><OtherTag ID="LT4117" LABEL="CustomLine : BiblicalText" DESCRIPTION="line type CustomLine : BiblicalText"/>
  </Tags>
  
  <Layout>
    <Page WIDTH="1807"
          HEIGHT="2677"
          PHYSICAL_IMG_NR="34"
          ID="eSc_dummypage_">
      <PrintSpace HPOS="0"
                  VPOS="0"
                  WIDTH="1807"
                  HEIGHT="2677">
        
        <TextBlock HPOS="570.5736083984375"
                   VPOS="159.75070190429688"
                   WIDTH="56.30938720703125"
                   HEIGHT="61.69232177734375"
                   ID="block_0"
                   TAGREFS="BT10543">
          <Shape><Polygon POINTS="570.574 159.751 626.883 159.751 626.883 221.443 570.574 221.443 570.574 159.751"/></Shape>
          
          
          <TextLine ID="eSc_line_5f58d7c7"
                    TAGREFS="LT4119"
                    BASELINE="584 200 620 200" 
                    HPOS="584"
                    VPOS="153"
                    WIDTH="36"
                    HEIGHT="62">
            <Shape><Polygon POINTS="617 153 584 157 584 200 584 215 620 209 620 200 618 153 617 153"/></Shape>
	    <String CONTENT="6"
                    HPOS="584"
                    VPOS="153"
                    WIDTH="36"
                    HEIGHT="62"
                    WC="0.999951958656311"></String>
          </TextLine>

          
        </TextBlock>
        
        <TextBlock HPOS="757.5321655273438"
                   VPOS="150.18467712402344"
                   WIDTH="691.0371704101562"
                   HEIGHT="67.25091552734375"
                   ID="block_1"
                   TAGREFS="BT10538">
          <Shape><Polygon POINTS="757.532 150.185 1448.57 150.185 1448.57 217.436 757.532 217.436 757.532 150.185"/></Shape>
          
          
          <TextLine ID="eSc_line_889a7554"
                    TAGREFS="LT4118"
                    BASELINE="765 200 1441 194" 
                    HPOS="764"
                    VPOS="145"
                    WIDTH="677"
                    HEIGHT="84">
            <Shape><Polygon POINTS="765 218 779 227 780 227 782 227 783 229 825 229 825 227 826 227 870 217 886 212 899 217 929 227 931 227 932 227 989 218 1006 215 1052 218 1109 223 1110 223 1112 223 1113 223 1113 221 1116 220 1128 209 1176 209 1209 221 1219 224 1221 224 1222 224 1224 224 1231 221 1253 209 1265 215 1267 215 1268 215 1270 215 1298 208 1307 215 1307 217 1308 217 1310 217 1311 217 1350 208 1362 218 1362 220 1363 220 1365 220 1366 220 1368 220 1369 220 1377 214 1438 223 1441 194 1436 156 1356 160 1351 156 1341 147 1341 145 1340 145 1338 145 1296 145 1295 145 1293 145 1292 145 1274 157 1264 163 1124 163 1105 159 1060 148 1058 148 1057 148 1032 159 1023 150 1023 148 1021 148 1020 148 954 148 953 148 951 148 916 159 910 153 908 153 907 153 905 153 904 153 902 153 902 154 895 160 889 165 837 165 831 160 809 150 807 150 806 150 804 150 764 160 765 200"/></Shape>
	    <String CONTENT="AD I. PAVL. AD TIM."
                    HPOS="764"
                    VPOS="145"
                    WIDTH="677"
                    HEIGHT="84"
                    WC="0.993805179470464"></String>
          </TextLine>

          
        </TextBlock>
        
        <TextBlock HPOS="559.7510986328125"
                   VPOS="220.5477294921875"
                   WIDTH="1075.7012939453125"
                   HEIGHT="1367.411376953125"
                   ID="block_2"
                   TAGREFS="BT10542">
          <Shape><Polygon POINTS="559.751 220.548 1635.45 220.548 1635.45 1587.96 559.751 1587.96 559.751 220.548"/></Shape>
          
          
          <TextLine ID="eSc_line_7dcd7411"
                    TAGREFS="LT4119"
                    BASELINE="624 273 1624 269" 
                    HPOS="623"
                    VPOS="226"
                    WIDTH="1001"
                    HEIGHT="71">
            <Shape><Polygon POINTS="1619 229 1604 227 1589 226 623 227 624 273 624 288 843 297 844 297 846 297 865 290 873 288 884 291 919 297 920 297 922 297 942 291 957 287 975 291 993 295 994 295 996 295 997 295 1008 291 1018 287 1027 291 1035 294 1036 294 1038 294 1073 291 1133 287 1155 292 1170 295 1171 295 1173 295 1174 295 1185 292 1204 285 1305 285 1354 292 1363 294 1365 294 1366 294 1368 294 1368 292 1380 285 1411 294 1414 294 1415 294 1417 295 1622 295 1624 269 1619 229 1619 229"/></Shape>
	    <String CONTENT="Author autem tot &amp; tantorum donorum eſt"
                    HPOS="623"
                    VPOS="226"
                    WIDTH="1001"
                    HEIGHT="71"
                    WC="0.994741610991649"></String>
          </TextLine>

          
          
          <TextLine ID="eSc_line_3ec42aac"
                    TAGREFS="LT4119"
                    BASELINE="572 331 1624 327" 
                    HPOS="571"
                    VPOS="281"
                    WIDTH="1053"
                    HEIGHT="77">
            <Shape><Polygon POINTS="572 331 572 349 582 356 584 356 585 356 587 356 649 348 676 355 678 355 679 355 728 348 783 356 785 356 786 356 804 348 820 356 822 356 823 358 920 358 920 356 922 356 951 349 1024 353 1026 353 1027 353 1029 353 1039 346 1097 355 1099 355 1100 355 1134 346 1295 353 1296 353 1354 345 1386 345 1396 353 1398 353 1399 353 1400 355 1527 355 1527 353 1528 353 1530 353 1540 345 1589 353 1591 353 1592 353 1624 342 1624 327 1621 290 1423 290 1423 288 1414 281 1412 281 1411 281 1292 281 1290 281 1289 281 1261 288 1253 290 1252 288 1244 282 1243 282 1241 282 1240 282 1191 288 1170 290 1140 288 1076 282 1075 282 1049 287 1038 290 1030 287 1017 282 1015 282 1014 282 1012 282 1002 287 996 290 951 287 898 284 896 284 895 284 884 287 868 291 571 287 572 331"/></Shape>
	    <String CONTENT="Deus Pater noſter, in &amp; per Chriſtũ Dominum"
                    HPOS="571"
                    VPOS="281"
                    WIDTH="1053"
                    HEIGHT="77"
                    WC="0.983459517359734"></String>
          </TextLine>

          
          
          <TextLine ID="eSc_line_4e697a4c"
                    TAGREFS="LT4119"
                    BASELINE="575 389 1622 385" 
                    HPOS="574"
                    VPOS="340"
                    WIDTH="1048"
                    HEIGHT="77">
            <Shape><Polygon POINTS="575 389 575 410 922 417 923 417 1018 410 1047 408 1075 410 1160 416 1161 416 1229 410 1250 408 1621 408 1622 385 1619 350 1557 340 1555 340 1473 349 1470 350 1386 350 1386 349 1375 340 1374 340 1372 340 1371 340 1289 349 1268 352 1161 352 1155 349 1145 342 1143 342 1142 342 1140 342 1076 348 1052 350 1048 348 1035 342 1033 342 1032 342 951 348 896 352 574 348 575 389"/></Shape>
	    <String CONTENT="noſtrum, in quo omnes Dei promiſſiones &amp; be¬"
                    HPOS="574"
                    VPOS="340"
                    WIDTH="1048"
                    HEIGHT="77"
                    WC="0.97716781903397"></String>
          </TextLine>

          
          
          <TextLine ID="eSc_line_1e6a9342"
                    TAGREFS="LT4119"
                    BASELINE="574 449 1194 446" 
                    HPOS="572"
                    VPOS="400"
                    WIDTH="622"
                    HEIGHT="80">
            <Shape><Polygon POINTS="574 449 574 480 630 480 630 478 632 478 633 478 633 477 642 469 786 475 881 478 883 478 913 472 938 468 957 472 986 477 987 477 989 477 990 477 999 471 1003 468 1023 471 1058 475 1060 475 1194 466 1194 446 1191 408 1039 400 1038 400 1036 400 1035 400 1023 408 890 410 875 410 874 410 862 403 861 403 859 403 858 403 813 410 731 401 730 401 728 401 727 401 727 403 719 408 706 401 704 401 703 401 635 401 633 401 632 401 630 401 620 410 591 401 590 401 588 401 587 401 585 401 572 408 574 449"/></Shape>
	    <String CONTENT="neficia ſunt, Amen &amp; Etiam"
                    HPOS="572"
                    VPOS="400"
                    WIDTH="622"
                    HEIGHT="80"
                    WC="0.992681322189478"></String>
          </TextLine>

          
          
          <TextLine ID="eSc_line_01591016"
                    TAGREFS="LT4119"
                    BASELINE="657 574 681 572" 
                    HPOS="652"
                    VPOS="519"
                    WIDTH="29"
                    HEIGHT="78">
            <Shape><Polygon POINTS="657 574 657 594 681 597 681 572 675 519 652 522 657 574"/></Shape>
	    <String CONTENT="3"
                    HPOS="652"
                    VPOS="519"
                    WIDTH="29"
                    HEIGHT="78"
                    WC="0.999746024608612"></String>
          </TextLine>

          
          
          <TextLine ID="eSc_line_0e4afd56"
                    TAGREFS="LT4117"
                    BASELINE="727 572 1616 571" 
                    HPOS="725"
                    VPOS="522"
                    WIDTH="891"
                    HEIGHT="81">
            <Shape><Polygon POINTS="727 599 834 602 835 602 837 602 838 602 841 599 856 590 901 590 916 599 917 600 919 600 920 600 922 600 933 599 957 593 971 597 978 600 980 600 981 600 1093 599 1094 599 1102 597 1127 590 1165 590 1173 596 1179 600 1179 602 1180 602 1182 602 1183 603 1229 603 1229 602 1231 602 1243 596 1255 590 1286 596 1319 602 1320 602 1372 596 1414 590 1432 594 1445 599 1447 599 1448 599 1450 599 1458 594 1469 590 1478 594 1493 602 1494 602 1496 602 1497 602 1512 594 1518 591 1613 593 1616 571 1612 527 1543 532 1530 526 1525 524 1524 524 1522 524 1521 524 1515 526 1500 532 1469 526 1441 522 1439 522 1438 522 1436 522 1436 523 1432 526 1426 533 1279 533 1241 526 1218 522 1216 522 1215 522 1204 526 1189 532 1174 526 1167 522 1165 522 1164 522 1145 524 1112 532 1060 524 1032 522 1030 522 1014 524 983 532 974 524 971 522 969 522 968 522 938 522 936 522 935 522 933 522 931 524 920 533 862 533 847 524 844 522 843 522 841 522 840 522 725 523 727 572"/></Shape>
	    <String CONTENT="Quemadmodum te ſum precatus vt"
                    HPOS="725"
                    VPOS="522"
                    WIDTH="891"
                    HEIGHT="81"
                    WC="0.966214688618978"></String>
          </TextLine>

          
          
          <TextLine ID="eSc_line_629f34af"
                    TAGREFS="LT4117"
                    BASELINE="574 642 1622 639" 
                    HPOS="572"
                    VPOS="590"
                    WIDTH="1050"
                    HEIGHT="83">
            <Shape><Polygon POINTS="574 673 599 672 600 672 602 672 620 657 682 664 684 664 685 664 701 657 831 657 886 669 905 672 907 672 908 672 920 667 941 660 953 667 959 672 960 672 962 672 963 673 1042 673 1042 672 1044 672 1045 672 1055 666 1067 658 1079 664 1094 672 1096 672 1097 672 1099 672 1124 664 1151 655 1204 655 1219 661 1243 670 1244 670 1246 670 1247 670 1280 661 1284 660 1289 661 1314 670 1316 670 1317 670 1353 663 1411 670 1412 670 1414 670 1436 658 1444 655 1621 655 1622 639 1619 602 1519 594 1518 594 1481 600 1473 602 1470 600 1448 590 1447 590 1366 590 1365 590 1363 590 1338 600 1334 602 1301 600 1155 593 1154 593 1100 600 1076 603 1066 600 1038 591 1036 591 913 591 911 591 910 591 883 600 871 605 764 605 749 600 718 591 716 591 715 591 572 599 574 642"/></Shape>
	    <String CONTENT="permaneres Epheſi, quum proficiſcerer in"
                    HPOS="572"
                    VPOS="590"
                    WIDTH="1050"
                    HEIGHT="83"></String>
          </TextLine>

          
          
          <TextLine ID="eSc_line_0d0b9e53"
                    TAGREFS="LT4117"
                    BASELINE="577 713 1624 707" 
                    HPOS="575"
                    VPOS="655"
                    WIDTH="1049"
                    HEIGHT="81">
            <Shape><Polygon POINTS="577 736 1066 736 1066 734 1093 730 1112 727 1189 728 1359 734 1360 734 1362 734 1381 727 1387 725 1423 727 1554 733 1555 733 1622 724 1624 707 1621 667 1574 655 1458 655 1457 655 1456 655 1423 669 1421 669 1418 669 1374 660 1372 660 1371 660 1369 660 1359 669 1356 672 1331 672 1328 669 1304 657 1302 657 1301 657 1299 657 1298 657 1283 670 1282 672 1173 672 1171 670 1157 663 1155 663 1154 663 1079 672 1073 672 1070 672 1038 661 1036 661 1035 661 980 672 963 660 962 660 960 660 855 658 853 658 797 666 685 660 684 660 682 660 648 673 611 660 609 660 608 660 606 660 575 673 577 713"/></Shape>
	    <String CONTENT="M acedoniam, permaneto, vt denunties qui¬"
                    HPOS="575"
                    VPOS="655"
                    WIDTH="1049"
                    HEIGHT="81"></String>
          </TextLine>

          
          
          <TextLine ID="eSc_line_3647a5f7"
                    TAGREFS="LT4117"
                    BASELINE="575 782 1561 776" 
                    HPOS="574"
                    VPOS="724"
                    WIDTH="987"
                    HEIGHT="85">
            <Shape><Polygon POINTS="578 809 588 801 639 807 646 807 648 807 649 807 651 807 684 797 712 804 713 804 715 804 716 804 731 798 742 806 743 807 745 807 746 807 748 807 803 804 890 798 902 803 914 806 916 806 917 806 919 806 920 806 920 804 925 801 931 797 938 801 944 806 945 806 947 806 948 807 1002 807 1002 806 1003 806 1005 806 1012 800 1020 794 1067 794 1093 798 1122 804 1124 804 1125 804 1140 798 1149 794 1160 797 1180 804 1182 804 1183 806 1225 806 1225 804 1226 804 1243 795 1246 794 1249 795 1265 804 1267 804 1268 804 1270 804 1308 794 1319 792 1435 792 1463 803 1464 803 1466 803 1467 803 1488 794 1531 803 1533 803 1534 803 1561 789 1561 776 1558 740 1418 740 1417 739 1396 724 1395 724 1393 724 1392 724 1304 739 1290 740 1284 739 1273 733 1271 733 1270 733 1221 737 1198 740 1194 737 1180 725 1179 725 1177 725 1099 725 1097 725 1096 725 1064 737 1055 742 1029 742 1024 737 1014 728 1014 727 1012 727 1011 727 1009 727 941 737 925 739 913 737 870 727 868 727 867 727 865 727 855 736 847 743 742 743 725 736 707 728 706 728 704 728 574 734 575 782"/></Shape>
	    <String CONTENT="buſdam ne diuerſam doctrinam doceant:"
                    HPOS="574"
                    VPOS="724"
                    WIDTH="987"
                    HEIGHT="85"
                    WC="0.991879034686733"></String>
          </TextLine>

          
          
          <TextLine ID="eSc_line_d43001c0"
                    TAGREFS="LT4119"
                    BASELINE="633 859 1622 856" 
                    HPOS="632"
                    VPOS="809"
                    WIDTH="990"
                    HEIGHT="74">
            <Shape><Polygon POINTS="633 874 898 883 899 883 901 883 902 883 910 877 916 874 971 874 984 877 1003 883 1005 883 1006 883 1032 878 1051 874 1084 878 1122 883 1124 883 1125 883 1136 878 1152 872 1293 872 1308 880 1313 881 1314 881 1316 883 1366 883 1366 881 1368 881 1371 880 1386 872 1438 881 1445 881 1447 881 1448 881 1451 881 1481 872 1514 881 1515 881 1516 881 1518 883 1621 883 1622 856 1619 822 1531 813 1530 813 1528 813 1527 813 1516 820 1515 822 1406 822 1405 820 1383 809 1381 809 1380 809 1378 809 1348 820 1347 820 1322 809 1320 809 1319 809 1276 810 1274 810 1273 810 1258 820 1256 820 1221 809 1219 809 1136 809 1134 809 1133 809 1131 809 1122 816 1069 810 1067 810 1066 810 1047 819 1042 823 1018 823 1015 819 1005 812 1005 810 1003 810 1002 810 1000 810 999 810 981 819 975 822 969 819 950 812 948 812 947 812 945 812 928 819 920 823 815 823 810 819 801 812 801 810 800 810 798 810 797 810 755 819 739 823 694 823 685 819 666 810 664 810 663 810 661 810 632 817 633 859"/></Shape>
	    <String CONTENT="Secunda pars huius Epiſtolæ ſequitur, in qua"
                    HPOS="632"
                    VPOS="809"
                    WIDTH="990"
                    HEIGHT="74"
                    WC="0.994768534194339"></String>
          </TextLine>

          
          
          <TextLine ID="eSc_line_1420cdf4"
                    TAGREFS="LT4119"
                    BASELINE="575 916 1622 916" 
                    HPOS="575"
                    VPOS="872"
                    WIDTH="1047"
                    HEIGHT="69">
            <Shape><Polygon POINTS="575 916 575 929 707 939 709 939 758 931 768 939 770 939 771 939 773 939 813 932 919 939 920 939 922 939 941 931 990 939 991 939 993 939 1015 931 1058 939 1060 939 1140 931 1179 939 1180 939 1182 941 1261 941 1261 939 1262 939 1284 931 1573 939 1574 939 1576 939 1577 939 1588 931 1622 931 1622 916 1622 883 1537 872 1536 872 1494 881 1469 872 1467 872 1466 872 1412 881 1412 883 1372 883 1372 881 1360 872 1359 872 1357 872 1274 872 1273 872 1271 872 1270 872 1259 881 1149 872 1148 872 1105 880 1064 874 1063 874 1061 874 1036 881 1035 883 831 883 831 881 809 872 807 872 806 872 804 872 783 881 774 872 773 872 771 872 694 872 693 872 652 881 649 881 648 881 590 872 588 872 587 872 585 872 575 878 575 916"/></Shape>
	    <String CONTENT="de re ipſa &amp; argumento eſt agendũ. Primũ autem"
                    HPOS="575"
                    VPOS="872"
                    WIDTH="1047"
                    HEIGHT="69"
                    WC="0.985109616070986"></String>
          </TextLine>

          
          
          <TextLine ID="eSc_line_06504524"
                    TAGREFS="LT4119"
                    BASELINE="572 975 1618 972" 
                    HPOS="571"
                    VPOS="929"
                    WIDTH="1047"
                    HEIGHT="68">
            <Shape><Polygon POINTS="572 975 575 997 591 989 841 989 855 994 859 996 861 996 862 997 997 997 997 996 999 996 1000 996 1005 993 1011 989 1026 993 1041 996 1042 996 1044 996 1075 991 1112 987 1151 991 1185 994 1186 994 1212 990 1234 987 1341 989 1589 994 1591 994 1592 994 1618 986 1618 972 1615 938 1534 929 1533 929 1531 929 1530 929 1530 931 1521 938 1518 941 1350 941 1345 938 1319 929 1317 929 1316 929 1314 929 1313 929 1301 938 1299 941 1259 941 1255 939 1221 929 1219 929 1218 929 1216 929 1215 929 1203 939 1201 939 1183 939 1009 931 1008 931 968 939 963 941 959 939 931 931 929 931 928 931 926 931 895 939 853 931 852 931 758 941 752 941 748 941 684 931 682 931 681 931 642 941 641 942 571 942 572 975"/></Shape>
	    <String CONTENT="occaſionem ſcribendi narrat, deinde rem ipſam"
                    HPOS="571"
                    VPOS="929"
                    WIDTH="1047"
                    HEIGHT="68"
                    WC="0.97726542684767"></String>
          </TextLine>

          
          
          <TextLine ID="eSc_line_3172d53e"
                    TAGREFS="LT4119"
                    BASELINE="574 1035 1622 1027" 
                    HPOS="572"
                    VPOS="983"
                    WIDTH="1050"
                    HEIGHT="78">
            <Shape><Polygon POINTS="574 1035 574 1060 825 1054 861 1060 875 1061 877 1061 878 1061 887 1060 913 1052 942 1058 956 1061 957 1061 989 1058 1042 1054 1075 1058 1088 1060 1090 1060 1091 1060 1093 1060 1094 1058 1106 1049 1213 1049 1356 1057 1387 1058 1389 1058 1399 1057 1450 1048 1494 1057 1499 1057 1500 1057 1502 1057 1503 1057 1518 1049 1621 1055 1622 1027 1618 996 1466 996 1435 983 1433 983 1432 983 1430 983 1429 983 1408 997 1406 999 1341 999 1340 997 1319 984 1317 984 1316 984 1219 984 1218 984 1216 984 1215 984 1198 999 1197 1000 1140 1000 1140 999 1122 986 1121 986 1119 986 1081 986 1079 986 1078 986 1045 999 994 986 993 986 991 986 990 986 989 986 963 1000 919 987 917 987 916 987 914 987 878 999 855 987 853 987 809 987 807 987 806 987 767 1000 749 989 748 989 746 989 745 989 635 999 611 989 609 989 608 989 606 989 572 1002 574 1035"/></Shape>
	    <String CONTENT="aggreditur Paulus. Ex ipſa verò diſputatione ap¬"
                    HPOS="572"
                    VPOS="983"
                    WIDTH="1050"
                    HEIGHT="78"
                    WC="0.987564410482134"></String>
          </TextLine>

          
          
          <TextLine ID="eSc_line_e060bfeb"
                    TAGREFS="LT4119"
                    BASELINE="575 1094 1048 1088 1619 1091" 
                    HPOS="574"
                    VPOS="1047"
                    WIDTH="1045"
                    HEIGHT="72">
            <Shape><Polygon POINTS="575 1094 575 1119 672 1118 673 1118 675 1118 685 1109 715 1118 716 1118 718 1118 837 1109 907 1118 908 1119 1014 1119 1014 1118 1015 1118 1038 1109 1087 1118 1088 1118 1090 1118 1113 1109 1295 1118 1305 1118 1307 1118 1308 1118 1331 1107 1378 1107 1395 1116 1396 1116 1398 1116 1399 1116 1516 1107 1616 1116 1619 1091 1618 1055 1340 1047 1338 1047 1337 1047 1305 1055 1304 1055 1292 1055 1103 1048 1102 1048 1100 1048 1099 1048 1090 1055 911 1049 910 1049 574 1057 575 1094"/></Shape>
	    <String CONTENT="paret magnam partem eſſe hanc epiſtolam ἐπανωρ"
                    HPOS="574"
                    VPOS="1047"
                    WIDTH="1045"
                    HEIGHT="72"></String>
          </TextLine>

          
          
          <TextLine ID="eSc_line_7adda6c3"
                    TAGREFS="LT4119"
                    BASELINE="574 1146 1615 1149" 
                    HPOS="572"
                    VPOS="1103"
                    WIDTH="1043"
                    HEIGHT="70">
            <Shape><Polygon POINTS="574 1146 572 1164 582 1171 584 1171 585 1171 587 1171 770 1163 829 1170 831 1170 832 1170 861 1163 873 1171 874 1171 875 1171 877 1171 932 1163 936 1163 947 1163 1054 1170 1055 1170 1057 1170 1076 1164 1078 1163 1079 1164 1091 1173 1093 1173 1094 1173 1096 1173 1097 1173 1099 1173 1107 1165 1191 1173 1192 1173 1194 1173 1195 1173 1204 1164 1206 1164 1273 1164 1276 1164 1289 1173 1290 1173 1292 1173 1293 1173 1613 1165 1615 1149 1613 1110 1506 1105 1505 1105 1503 1105 1493 1110 1485 1113 1470 1110 1451 1106 1450 1106 1448 1106 1439 1110 1432 1113 1387 1110 1317 1105 1316 1105 1238 1110 1192 1113 1168 1110 1130 1105 1128 1105 1127 1105 1106 1110 1096 1113 1088 1110 1073 1103 1072 1103 1070 1103 1021 1110 1009 1112 1005 1110 984 1103 983 1103 981 1103 980 1103 957 1110 953 1112 926 1110 829 1105 828 1105 773 1110 759 1112 757 1110 740 1103 739 1103 737 1103 736 1103 716 1110 715 1112 712 1110 696 1103 694 1103 693 1103 691 1103 664 1110 660 1112 574 1112 574 1146"/></Shape>
	    <String CONTENT="θωτικήν &amp; δειδακτικήν. Conſtat autẽ ſex capitibus,"
                    HPOS="572"
                    VPOS="1103"
                    WIDTH="1043"
                    HEIGHT="70"></String>
          </TextLine>

          
          
          <TextLine ID="eSc_line_89032a43"
                    TAGREFS="LT4119"
                    BASELINE="574 1206 1619 1203" 
                    HPOS="572"
                    VPOS="1161"
                    WIDTH="1047"
                    HEIGHT="68">
            <Shape><Polygon POINTS="574 1206 574 1225 776 1221 780 1223 785 1228 786 1228 788 1228 789 1229 962 1229 962 1228 1003 1222 1021 1221 1038 1222 1076 1228 1078 1228 1105 1222 1119 1219 1154 1222 1218 1226 1219 1226 1221 1226 1234 1221 1238 1219 1244 1221 1262 1226 1264 1226 1265 1226 1267 1226 1290 1221 1298 1219 1353 1221 1579 1226 1580 1226 1618 1218 1619 1203 1616 1171 1467 1171 1451 1163 1450 1163 1448 1163 1412 1170 1390 1161 1389 1161 1387 1161 1386 1161 1384 1161 1368 1171 1316 1171 1268 1161 1267 1161 1265 1161 1244 1171 1155 1171 1118 1161 1116 1161 1115 1161 1113 1161 1085 1171 1058 1163 1057 1163 1055 1163 965 1171 922 1163 920 1163 919 1163 886 1171 853 1163 852 1163 850 1163 849 1163 831 1171 768 1163 767 1163 765 1163 740 1170 594 1165 593 1165 591 1165 572 1173 574 1206"/></Shape>
	    <String CONTENT="quorum ſumma breuiter hac noſtra tabula com¬"
                    HPOS="572"
                    VPOS="1161"
                    WIDTH="1047"
                    HEIGHT="68"
                    WC="0.99016864055937"></String>
          </TextLine>

          
          
          <TextLine ID="eSc_line_adab5882"
                    TAGREFS="LT4119"
                    BASELINE="574 1265 1622 1265" 
                    HPOS="574"
                    VPOS="1218"
                    WIDTH="1048"
                    HEIGHT="74">
            <Shape><Polygon POINTS="574 1265 574 1292 649 1280 926 1287 928 1287 929 1287 931 1287 942 1280 1113 1280 1130 1289 1133 1292 1134 1292 1136 1292 1137 1292 1622 1286 1622 1265 1621 1222 1494 1228 1460 1222 1429 1218 1427 1218 1426 1218 1405 1223 1386 1228 1377 1223 1366 1218 1365 1218 1363 1218 1362 1218 1351 1223 1342 1228 1317 1223 1283 1218 1282 1218 1280 1218 1265 1223 1255 1228 1243 1223 1222 1218 1221 1218 1219 1218 1173 1225 1167 1225 1163 1225 1134 1218 1133 1218 1131 1218 1130 1218 1128 1218 1119 1225 1113 1229 981 1229 966 1226 917 1218 916 1218 914 1218 893 1226 890 1228 889 1226 880 1219 880 1218 878 1218 877 1218 815 1218 813 1218 812 1218 777 1228 774 1228 770 1228 740 1218 739 1218 737 1218 736 1218 713 1228 712 1228 709 1228 657 1218 655 1218 654 1218 633 1228 633 1229 574 1229 574 1265"/></Shape>
	    <String CONTENT="prehenſa eſt. In ſumma in hac Epiſtola plena mi¬"
                    HPOS="574"
                    VPOS="1218"
                    WIDTH="1048"
                    HEIGHT="74"
                    WC="0.994362071156502"></String>
          </TextLine>

          
          
          <TextLine ID="eSc_line_710eb065"
                    TAGREFS="LT4119"
                    BASELINE="572 1320 1621 1323" 
                    HPOS="572"
                    VPOS="1276"
                    WIDTH="1049"
                    HEIGHT="72">
            <Shape><Polygon POINTS="572 1320 572 1345 624 1339 693 1345 721 1347 722 1347 724 1347 725 1347 725 1345 727 1345 737 1337 779 1337 803 1344 812 1347 813 1347 815 1348 883 1348 883 1347 904 1344 941 1337 980 1342 1008 1347 1009 1347 1045 1342 1084 1337 1090 1342 1096 1347 1096 1348 1097 1348 1099 1348 1100 1348 1188 1341 1225 1338 1229 1341 1238 1347 1240 1347 1241 1347 1243 1347 1277 1339 1289 1338 1295 1339 1313 1347 1314 1347 1316 1347 1317 1347 1319 1347 1329 1339 1345 1345 1347 1345 1348 1345 1402 1339 1415 1338 1420 1339 1445 1348 1447 1348 1448 1348 1499 1338 1503 1338 1619 1338 1621 1323 1619 1277 1516 1277 1515 1277 1514 1277 1512 1277 1484 1287 1470 1279 1469 1279 1467 1279 1466 1279 1326 1287 1305 1279 1304 1279 1302 1279 1301 1279 1295 1279 1258 1289 1119 1289 1106 1280 1099 1276 1097 1276 1096 1276 1094 1276 1047 1281 1029 1283 1021 1281 1000 1276 999 1276 997 1276 996 1276 994 1276 994 1277 989 1281 984 1286 975 1281 966 1279 965 1279 963 1279 962 1279 960 1279 956 1281 950 1286 944 1281 935 1276 933 1276 932 1276 898 1276 896 1276 895 1276 893 1276 893 1277 886 1283 881 1287 782 1287 779 1283 770 1277 770 1276 768 1276 767 1276 765 1276 679 1284 661 1286 658 1284 649 1277 649 1276 648 1276 646 1276 615 1276 614 1276 572 1284 572 1320"/></Shape>
	    <String CONTENT="niſterij Euangelici deſcriptio continetur, &amp; diſci¬"
                    HPOS="572"
                    VPOS="1276"
                    WIDTH="1049"
                    HEIGHT="72"
                    WC="0.9923690125054"></String>
          </TextLine>

          
          
          <TextLine ID="eSc_line_528bac6d"
                    TAGREFS="LT4119"
                    BASELINE="574 1380 1621 1384" 
                    HPOS="574"
                    VPOS="1332"
                    WIDTH="1047"
                    HEIGHT="82">
            <Shape><Polygon POINTS="574 1380 574 1408 917 1400 938 1409 942 1411 944 1411 945 1412 1024 1412 1024 1411 1026 1411 1027 1411 1029 1409 1042 1402 1124 1409 1146 1411 1148 1411 1149 1411 1155 1409 1183 1402 1246 1409 1273 1412 1274 1414 1463 1414 1463 1412 1464 1412 1469 1409 1482 1403 1618 1409 1621 1384 1619 1342 1563 1335 1561 1335 1560 1335 1540 1341 1527 1347 1461 1347 1432 1341 1386 1335 1384 1335 1383 1335 1365 1341 1353 1345 1334 1341 1302 1335 1301 1335 1299 1335 1298 1335 1290 1341 1283 1345 1186 1345 1179 1341 1160 1334 1158 1334 1157 1334 1155 1334 1130 1341 1118 1344 1102 1341 1061 1334 1060 1334 1058 1334 1045 1341 1039 1344 1029 1341 1014 1337 1012 1337 1011 1337 975 1341 950 1344 942 1341 923 1332 922 1332 920 1332 919 1332 884 1341 875 1342 862 1341 810 1332 809 1332 771 1341 764 1342 761 1341 752 1334 752 1332 751 1332 749 1332 748 1332 746 1332 716 1341 707 1342 687 1341 617 1332 615 1332 614 1332 612 1332 602 1341 597 1342 574 1341 574 1380"/></Shape>
	    <String CONTENT="plinæ Eccleſiaſticæ inſtitutio explicatióque. Nã"
                    HPOS="574"
                    VPOS="1332"
                    WIDTH="1047"
                    HEIGHT="82"></String>
          </TextLine>

          
          
          <TextLine ID="eSc_line_6d3c68d9"
                    TAGREFS="LT4119"
                    BASELINE="571 1438 1616 1442" 
                    HPOS="569"
                    VPOS="1396"
                    WIDTH="1047"
                    HEIGHT="77">
            <Shape><Polygon POINTS="571 1438 569 1460 684 1458 694 1463 701 1469 703 1469 704 1469 706 1470 764 1470 764 1469 765 1469 779 1464 795 1458 870 1466 929 1470 931 1470 932 1470 947 1466 962 1461 1018 1467 1061 1470 1063 1470 1078 1467 1109 1460 1124 1467 1130 1470 1131 1470 1133 1470 1134 1470 1136 1470 1139 1467 1154 1460 1226 1460 1240 1469 1241 1470 1243 1470 1244 1470 1298 1472 1299 1472 1317 1470 1372 1461 1396 1470 1400 1472 1402 1472 1403 1472 1423 1470 1524 1461 1543 1472 1545 1472 1546 1473 1615 1473 1616 1442 1615 1400 1476 1399 1475 1399 1473 1399 1472 1399 1470 1400 1457 1408 1409 1400 1406 1400 1405 1400 1403 1400 1402 1400 1372 1408 1363 1400 1362 1399 1360 1399 1359 1399 1357 1399 1344 1400 1298 1408 1256 1400 1250 1400 1249 1400 1238 1400 1174 1406 1152 1400 1139 1397 1137 1397 1087 1397 1085 1397 1084 1397 1076 1402 1064 1408 944 1408 922 1402 895 1396 893 1396 892 1396 880 1402 874 1405 859 1402 829 1396 828 1396 826 1396 813 1402 806 1405 788 1402 751 1396 703 1396 701 1396 700 1396 699 1396 693 1402 688 1405 571 1403 571 1438"/></Shape>
	    <String CONTENT="quæ ad particulares quæſtiones pertinent, ſuntq;"
                    HPOS="569"
                    VPOS="1396"
                    WIDTH="1047"
                    HEIGHT="77"
                    WC="0.98995898415645"></String>
          </TextLine>

          
          
          <TextLine ID="eSc_line_2dfbabc8"
                    TAGREFS="LT4119"
                    BASELINE="574 1500 1616 1497" 
                    HPOS="572"
                    VPOS="1454"
                    WIDTH="1044"
                    HEIGHT="80">
            <Shape><Polygon POINTS="574 1500 574 1524 791 1522 807 1527 822 1530 823 1530 825 1530 826 1530 840 1527 858 1522 875 1527 898 1533 899 1533 901 1533 902 1533 922 1527 939 1522 965 1527 991 1533 993 1533 994 1533 996 1533 1003 1528 1012 1522 1047 1528 1085 1534 1087 1534 1152 1528 1240 1521 1284 1530 1289 1530 1290 1530 1296 1530 1350 1524 1417 1531 1442 1533 1444 1533 1445 1533 1447 1533 1448 1531 1458 1524 1470 1531 1472 1531 1473 1531 1475 1533 1616 1533 1616 1497 1613 1466 1558 1466 1558 1464 1537 1454 1536 1454 1534 1454 1484 1464 1469 1454 1467 1454 1466 1454 1464 1454 1414 1464 1359 1455 1357 1455 1356 1455 1338 1464 1337 1466 1256 1466 1256 1464 1240 1454 1238 1454 1237 1454 1235 1454 1234 1454 1207 1464 1204 1464 1125 1463 1116 1454 1115 1454 1113 1454 1112 1454 1030 1464 1020 1466 1014 1464 978 1455 977 1455 975 1455 974 1455 953 1464 950 1467 887 1467 886 1464 877 1457 875 1457 874 1457 873 1457 871 1457 849 1463 841 1455 840 1455 838 1455 795 1455 794 1455 792 1455 774 1464 773 1466 764 1464 703 1455 701 1455 627 1464 626 1464 624 1464 584 1455 582 1455 581 1455 580 1455 572 1460 574 1500"/></Shape>
	    <String CONTENT="ſcitu neceſſaria videntur à Paulo tradita in Epi¬"
                    HPOS="572"
                    VPOS="1454"
                    WIDTH="1044"
                    HEIGHT="80"
                    WC="0.961941674947739"></String>
          </TextLine>

          
          
          <TextLine ID="eSc_line_5720d176"
                    TAGREFS="LT4119"
                    BASELINE="572 1561 1023 1561" 
                    HPOS="572"
                    VPOS="1512"
                    WIDTH="451"
                    HEIGHT="86">
            <Shape><Polygon POINTS="572 1561 572 1586 632 1597 633 1598 673 1598 673 1597 675 1597 676 1597 676 1595 682 1589 685 1588 853 1588 901 1595 919 1597 920 1597 929 1595 963 1588 1021 1597 1023 1561 1021 1518 938 1522 923 1516 914 1513 913 1513 911 1513 910 1513 901 1516 883 1522 868 1516 858 1512 856 1512 855 1512 853 1512 841 1516 822 1522 803 1516 792 1512 791 1512 728 1512 727 1512 725 1512 712 1515 684 1522 664 1515 657 1512 655 1512 654 1512 652 1512 642 1515 623 1519 572 1515 572 1561"/></Shape>
	    <String CONTENT="ſtola ad Corinthios."
                    HPOS="572"
                    VPOS="1512"
                    WIDTH="451"
                    HEIGHT="86"
                    WC="0.946053794026375"></String>
          </TextLine>

          
        </TextBlock>
        
        <TextBlock HPOS="1386.257080078125"
                   VPOS="1629.376953125"
                   WIDTH="240.773681640625"
                   HEIGHT="73.442138671875"
                   ID="block_3"
                   TAGREFS="BT10534">
          <Shape><Polygon POINTS="1386.26 1629.38 1627.03 1629.38 1627.03 1702.82 1386.26 1702.82 1386.26 1629.38"/></Shape>
          
          
          <TextLine ID="eSc_line_9e35a673"
                    TAGREFS="LT4119"
                    BASELINE="1389 1680 1624 1680" 
                    HPOS="1389"
                    VPOS="1632"
                    WIDTH="235"
                    HEIGHT="85">
            <Shape><Polygon POINTS="1615 1640 1540 1632 1539 1632 1389 1638 1389 1680 1389 1713 1591 1705 1621 1717 1624 1680 1621 1656 1615 1640"/></Shape>
	    <String CONTENT="Continet"
                    HPOS="1389"
                    VPOS="1632"
                    WIDTH="235"
                    HEIGHT="85"
                    WC="0.966862916946411"></String>
          </TextLine>

          
        </TextBlock>
        

        
      </PrintSpace>
    </Page>
  </Layout>
</alto>
