<?xml version="1.0" encoding="UTF-8"?>
<alto xmlns:xsi="http://www.w3.org/2001/XMLSchema-instance"
      xmlns="http://www.loc.gov/standards/alto/ns-v4#"
      xsi:schemaLocation="http://www.loc.gov/standards/alto/ns-v4# http://www.loc.gov/standards/alto/v4/alto-4-2.xsd">
  <Description>
    <MeasurementUnit>pixel</MeasurementUnit>
    <sourceImageInformation>
      <fileName>2012932.png</fileName>
      
    </sourceImageInformation>
  </Description>
  
  <Tags>
    <OtherTag ID="BT10544" LABEL="text" DESCRIPTION="block type text"/><OtherTag ID="BT10543" LABEL="NumberingZone" DESCRIPTION="block type NumberingZone"/><OtherTag ID="BT10542" LABEL="MainZone" DESCRIPTION="block type MainZone"/><OtherTag ID="BT10538" LABEL="RunningTitleZone" DESCRIPTION="block type RunningTitleZone"/><OtherTag ID="BT10537" LABEL="DropCapitalZone" DESCRIPTION="block type DropCapitalZone"/><OtherTag ID="BT10536" LABEL="GraphicZone" DESCRIPTION="block type GraphicZone"/><OtherTag ID="BT10535" LABEL="TitlePageZone" DESCRIPTION="block type TitlePageZone"/><OtherTag ID="BT10534" LABEL="QuireMarksZone" DESCRIPTION="block type QuireMarksZone"/><OtherTag ID="BT10533" LABEL="MarginTextZone" DESCRIPTION="block type MarginTextZone"/>
    <OtherTag ID="LT4122" LABEL="default" DESCRIPTION="line type default"/><OtherTag ID="LT4119" LABEL="DefaultLine" DESCRIPTION="line type DefaultLine"/><OtherTag ID="LT4118" LABEL="HeadingLine" DESCRIPTION="line type HeadingLine"/><OtherTag ID="LT4117" LABEL="CustomLine : BiblicalText" DESCRIPTION="line type CustomLine : BiblicalText"/>
  </Tags>
  
  <Layout>
    <Page WIDTH="1807"
          HEIGHT="2677"
          PHYSICAL_IMG_NR="48"
          ID="eSc_dummypage_">
      <PrintSpace HPOS="0"
                  VPOS="0"
                  WIDTH="1807"
                  HEIGHT="2677">
        
        <TextBlock HPOS="590.3252563476562"
                   VPOS="177.15309143066406"
                   WIDTH="89.4840087890625"
                   HEIGHT="48.87290954589844"
                   ID="block_4"
                   TAGREFS="BT10543">
          <Shape><Polygon POINTS="590.325 177.153 679.809 177.153 679.809 226.026 590.325 226.026 590.325 177.153"/></Shape>
          
          
          <TextLine ID="eSc_line_803718a4"
                    TAGREFS="LT4119"
                    BASELINE="596 214 688 214" 
                    HPOS="596"
                    VPOS="174"
                    WIDTH="92"
                    HEIGHT="62">
            <Shape><Polygon POINTS="670 175 655 175 641 175 638 176 630 175 626 176 611 176 596 176 596 214 596 236 688 220 688 214 688 181 672 174 670 175"/></Shape>
	    <String CONTENT="20"
                    HPOS="596"
                    VPOS="174"
                    WIDTH="92"
                    HEIGHT="62"
                    WC="0.999600380659103"></String>
          </TextLine>

          
        </TextBlock>
        
        <TextBlock HPOS="774.6470947265625"
                   VPOS="165.59474182128906"
                   WIDTH="710.0845947265625"
                   HEIGHT="63.391876220703125"
                   ID="block_3"
                   TAGREFS="BT10538">
          <Shape><Polygon POINTS="774.647 165.595 1484.73 165.595 1484.73 228.987 774.647 228.987 774.647 165.595"/></Shape>
          
          
          <TextLine ID="eSc_line_9d608530"
                    TAGREFS="LT4118"
                    BASELINE="773 215 1473 209" 
                    HPOS="771"
                    VPOS="159"
                    WIDTH="702"
                    HEIGHT="73">
            <Shape><Polygon POINTS="1384 174 1368 160 1368 159 1366 159 1365 159 1317 159 1316 159 1314 159 1313 159 1292 175 1290 175 1286 175 1203 160 1143 160 1128 160 1121 160 1119 160 1118 160 1116 160 1094 175 1066 162 1064 162 1063 162 948 178 941 179 870 179 868 178 829 169 816 171 801 171 786 171 785 171 771 176 773 215 773 224 865 232 867 232 929 224 932 224 942 232 944 232 945 232 947 232 948 232 972 224 977 223 993 224 1073 230 1075 230 1076 230 1078 230 1078 229 1085 223 1105 223 1276 229 1277 229 1279 229 1280 229 1287 221 1289 221 1472 221 1473 209 1469 174 1467 174"/></Shape>
	    <String CONTENT="AD I. PAVL. AE TIM."
                    HPOS="771"
                    VPOS="159"
                    WIDTH="702"
                    HEIGHT="73"
                    WC="0.997256846804368"></String>
          </TextLine>

          
        </TextBlock>
        
        <TextBlock HPOS="574.0853881835938"
                   VPOS="231.82171630859375"
                   WIDTH="1090.4581909179688"
                   HEIGHT="1952.5845336914062"
                   ID="block_0"
                   TAGREFS="BT10542">
          <Shape><Polygon POINTS="574.085 231.822 1664.54 231.822 1664.54 2184.41 574.085 2184.41 574.085 231.822"/></Shape>
          
          
          <TextLine ID="eSc_line_4adcd178"
                    TAGREFS="LT4119"
                    BASELINE="594 290 1646 281" 
                    HPOS="593"
                    VPOS="223"
                    WIDTH="1053"
                    HEIGHT="90">
            <Shape><Polygon POINTS="1634 237 1549 237 1548 236 1508 223 1506 223 1505 223 1345 234 1289 239 1206 234 1082 227 1081 227 1079 227 1066 233 1051 240 1042 233 1035 227 1033 227 1032 227 980 227 978 227 977 227 975 227 969 233 959 240 883 234 881 234 880 234 856 242 846 233 844 233 843 233 841 233 840 233 820 240 788 232 774 229 773 229 771 229 754 232 700 243 675 232 672 230 670 230 669 230 593 230 594 290 594 312 651 313 652 313 654 313 663 312 693 303 709 310 715 313 716 313 718 313 779 309 828 306 853 307 898 312 899 312 901 312 902 312 908 307 914 301 932 306 941 309 942 309 944 309 945 309 951 306 965 298 1124 298 1179 301 1282 309 1283 309 1284 309 1319 300 1329 297 1344 298 1405 307 1406 307 1534 306 1536 306 1554 297 1572 303 1573 303 1574 303 1646 292 1646 281 1641 254 1634 237"/></Shape>
	    <String CONTENT="ipſam legem per ſe bonam ſemper eſſe. Qui enim"
                    HPOS="593"
                    VPOS="223"
                    WIDTH="1053"
                    HEIGHT="90"
                    WC="0.978650499945102"></String>
          </TextLine>

          
          
          <TextLine ID="eSc_line_a028ead2"
                    TAGREFS="LT4119"
                    BASELINE="591 349 1643 340" 
                    HPOS="590"
                    VPOS="291"
                    WIDTH="1053"
                    HEIGHT="74">
            <Shape><Polygon POINTS="591 349 591 364 1461 365 1463 365 1464 365 1469 364 1503 356 1640 364 1643 340 1640 303 1558 303 1528 291 1527 291 1525 291 1466 303 1442 294 1441 294 1439 294 1372 301 1299 292 1298 292 1296 292 1273 306 1176 306 1161 294 1160 294 1158 294 1116 294 1115 294 1064 303 969 298 968 298 966 298 938 307 908 298 907 298 905 298 841 306 816 297 815 297 813 297 812 297 783 307 768 297 767 297 765 297 764 297 590 310 591 349"/></Shape>
	    <String CONTENT="eam in maiorem peccandi occaſionem trahunt,"
                    HPOS="590"
                    VPOS="291"
                    WIDTH="1053"
                    HEIGHT="74"
                    WC="0.974441930305126"></String>
          </TextLine>

          
          
          <TextLine ID="eSc_line_49b0ad2b"
                    TAGREFS="LT4119"
                    BASELINE="591 407 1650 400" 
                    HPOS="590"
                    VPOS="352"
                    WIDTH="1060"
                    HEIGHT="74">
            <Shape><Polygon POINTS="591 407 591 426 1649 419 1650 400 1644 352 1616 359 1533 353 1509 352 1508 352 1487 353 1426 361 1326 356 1256 353 1255 353 1234 358 1212 364 1049 364 1042 361 1023 355 1021 355 1020 355 1018 355 999 361 990 364 974 362 935 356 933 356 786 364 651 358 649 358 590 367 591 407"/></Shape>
	    <String CONTENT="ea legitimè non vtuntur, non deſinit tamen Lex"
                    HPOS="590"
                    VPOS="352"
                    WIDTH="1060"
                    HEIGHT="74"
                    WC="0.978712551137234"></String>
          </TextLine>

          
          
          <TextLine ID="eSc_line_22e1510b"
                    TAGREFS="LT4119"
                    BASELINE="596 468 1646 459" 
                    HPOS="594"
                    VPOS="408"
                    WIDTH="1052"
                    HEIGHT="84">
            <Shape><Polygon POINTS="596 468 596 492 663 483 693 490 699 492 700 492 701 492 703 492 704 492 706 490 721 481 755 489 767 492 768 492 770 492 776 489 798 480 884 487 893 487 895 487 901 487 945 478 1041 484 1116 489 1118 489 1119 489 1137 483 1155 477 1201 477 1207 481 1213 486 1213 487 1215 487 1216 487 1218 487 1305 480 1323 478 1340 478 1453 486 1454 486 1456 486 1476 477 1482 474 1500 475 1545 481 1546 481 1644 472 1646 459 1643 422 1502 411 1500 411 1499 411 1481 420 1479 420 1445 413 1444 413 1405 420 1402 420 1398 420 1371 414 1369 414 1368 414 1366 414 1360 420 1359 422 1354 420 1328 408 1326 408 1325 408 1323 408 1295 420 1284 423 1243 419 1149 410 1148 410 1014 419 975 420 968 419 956 414 954 414 953 414 951 414 950 414 944 419 938 422 932 417 922 413 920 413 919 413 917 413 905 417 901 420 898 417 892 413 890 413 889 413 887 413 859 417 837 422 817 417 810 416 809 416 807 416 806 416 800 417 767 428 594 417 596 468"/></Shape>
	    <String CONTENT="propterea eſſe bona. Simile quiddam de Sacra¬"
                    HPOS="594"
                    VPOS="408"
                    WIDTH="1052"
                    HEIGHT="84"
                    WC="0.975643312931061"></String>
          </TextLine>

          
          
          <TextLine ID="eSc_line_434bf465"
                    TAGREFS="LT4119"
                    BASELINE="594 523 1644 517" 
                    HPOS="593"
                    VPOS="471"
                    WIDTH="1051"
                    HEIGHT="76">
            <Shape><Polygon POINTS="594 523 597 547 609 539 901 542 1115 545 1116 545 1143 539 1164 536 1241 539 1378 544 1380 544 1411 536 1415 536 1436 536 1598 542 1600 542 1644 533 1644 517 1641 481 1591 471 1589 471 1546 480 1499 471 1497 471 1441 480 1357 472 1356 472 1354 472 1335 483 1209 483 1164 472 1163 472 1115 483 965 474 963 474 911 483 856 474 855 474 765 484 648 475 646 475 593 486 594 523"/></Shape>
	    <String CONTENT="mentis afferri poteſt, quæ ſemper ſunt ſigna ſa¬"
                    HPOS="593"
                    VPOS="471"
                    WIDTH="1051"
                    HEIGHT="76"
                    WC="0.963602710515261"></String>
          </TextLine>

          
          
          <TextLine ID="eSc_line_702275f2"
                    TAGREFS="LT4119"
                    BASELINE="593 581 1643 575" 
                    HPOS="591"
                    VPOS="527"
                    WIDTH="1052"
                    HEIGHT="81">
            <Shape><Polygon POINTS="593 581 593 597 728 608 730 608 731 608 758 597 762 596 771 597 826 605 828 605 829 605 844 597 856 606 858 606 859 606 861 606 919 596 922 596 923 596 989 606 990 606 1039 596 1061 606 1063 606 1064 606 1066 606 1067 606 1081 594 1112 605 1113 605 1115 605 1116 605 1118 605 1130 597 1226 605 1228 605 1229 605 1250 593 1252 593 1258 593 1348 605 1350 605 1351 605 1386 591 1389 591 1390 591 1421 603 1423 603 1424 603 1476 591 1479 591 1549 591 1564 603 1566 603 1567 603 1569 605 1610 605 1610 603 1612 603 1643 590 1643 575 1640 541 1521 529 1519 529 1464 539 1450 527 1448 527 1447 527 1445 527 1444 527 1408 539 1406 539 1332 529 1301 529 1299 529 1298 529 1296 529 1296 530 1284 539 1283 541 1255 539 1124 532 1122 532 1088 539 1073 542 1064 539 1042 530 1041 530 1039 530 1000 539 999 539 987 530 986 530 984 530 983 530 913 539 907 539 905 539 883 530 881 530 880 530 878 530 855 539 853 539 846 532 844 532 843 532 841 532 591 538 593 581"/></Shape>
	    <String CONTENT="lutis per ſe, quanquam impii vtantur ijs ad hy¬"
                    HPOS="591"
                    VPOS="527"
                    WIDTH="1052"
                    HEIGHT="81"
                    WC="0.981718886405864"></String>
          </TextLine>

          
          
          <TextLine ID="eSc_line_df3d37a0"
                    TAGREFS="LT4119"
                    BASELINE="596 640 1640 638" 
                    HPOS="594"
                    VPOS="590"
                    WIDTH="1046"
                    HEIGHT="73">
            <Shape><Polygon POINTS="596 640 596 663 700 661 701 661 703 661 715 654 841 654 853 660 853 661 855 661 856 661 858 661 913 660 1075 654 1094 658 1112 661 1113 661 1139 657 1167 652 1174 657 1179 660 1180 660 1182 660 1183 660 1232 655 1282 652 1380 654 1615 660 1616 660 1618 660 1640 651 1640 638 1637 599 1461 590 1460 590 1458 590 1438 599 1430 603 1387 603 1368 599 1316 590 1314 590 1313 590 1293 599 1287 602 1273 599 1246 594 1244 594 1188 599 1160 602 1155 599 1146 593 1145 593 1143 593 1142 593 1096 600 1070 603 1064 600 1054 591 1052 591 1051 591 1021 591 1020 591 980 600 963 603 945 600 898 591 896 591 895 591 861 600 849 603 846 600 837 593 835 593 834 593 734 591 733 591 731 591 712 600 706 603 696 600 661 591 660 591 658 591 594 600 596 640"/></Shape>
	    <String CONTENT="pocriſin ſuam fucandam &amp; tegendam. Reſpon."
                    HPOS="594"
                    VPOS="590"
                    WIDTH="1046"
                    HEIGHT="73"
                    WC="0.990180791843505"></String>
          </TextLine>

          
          
          <TextLine ID="eSc_line_00ef9930"
                    TAGREFS="LT4119"
                    BASELINE="596 700 1638 694" 
                    HPOS="594"
                    VPOS="648"
                    WIDTH="1044"
                    HEIGHT="65">
            <Shape><Polygon POINTS="596 700 596 713 1637 707 1638 694 1635 648 1551 648 1549 648 1548 648 1546 648 1546 649 1536 658 1516 649 1514 648 1512 648 1511 648 1509 648 1506 649 1488 658 1448 649 1442 649 1441 649 1439 649 1436 649 1415 658 1402 651 1399 648 1398 648 1396 648 1395 648 1363 649 1362 649 1360 649 1360 651 1359 651 1348 661 1271 661 1258 652 1256 651 1255 651 1253 651 1252 651 1250 651 1244 652 1225 660 1212 654 1201 648 1200 648 1148 648 1146 648 1106 655 1091 657 1079 655 1042 649 1041 649 1039 649 1023 657 1014 660 1002 657 977 649 975 649 974 649 972 649 971 649 962 657 959 658 957 657 947 649 945 649 944 649 892 649 890 649 834 658 807 664 687 664 684 661 673 652 673 651 672 651 670 651 627 651 626 651 624 651 594 661 596 700"/></Shape>
	    <String CONTENT="Hoc verum eſſe, ſed à Paulo demonſtratur hoc"
                    HPOS="594"
                    VPOS="648"
                    WIDTH="1044"
                    HEIGHT="65"></String>
          </TextLine>

          
          
          <TextLine ID="eSc_line_ced2d5db"
                    TAGREFS="LT4119"
                    BASELINE="591 759 1641 755" 
                    HPOS="590"
                    VPOS="706"
                    WIDTH="1051"
                    HEIGHT="76">
            <Shape><Polygon POINTS="591 759 591 782 638 773 831 780 865 780 867 780 880 779 942 771 975 779 981 779 983 779 994 777 1049 771 1154 776 1221 779 1222 779 1640 770 1641 755 1637 706 1566 715 1518 706 1512 706 1511 706 1502 706 1448 715 1435 707 1433 706 1432 706 1430 706 1429 706 1418 707 1386 713 1356 707 1341 706 1340 706 1323 709 1293 713 1218 709 1173 707 1171 707 1170 707 1164 710 1152 716 1105 710 1076 707 1075 707 1047 710 1008 716 925 712 852 709 850 709 849 709 837 713 823 719 655 719 651 715 645 709 643 709 642 709 641 709 590 715 591 759"/></Shape>
	    <String CONTENT="loco non tantùm quid res ſit ipſa, id eſt, Lex ſit"
                    HPOS="590"
                    VPOS="706"
                    WIDTH="1051"
                    HEIGHT="76"></String>
          </TextLine>

          
          
          <TextLine ID="eSc_line_4334fc85"
                    TAGREFS="LT4119"
                    BASELINE="591 819 1641 812" 
                    HPOS="590"
                    VPOS="762"
                    WIDTH="1051"
                    HEIGHT="78">
            <Shape><Polygon POINTS="591 819 593 840 608 832 730 838 751 838 752 838 767 837 835 831 904 835 929 837 931 837 1640 825 1641 812 1638 777 1569 762 1543 762 1542 762 1540 762 1539 762 1521 776 1493 762 1491 762 1490 762 1488 762 1487 762 1464 776 1448 770 1447 770 1445 770 1444 770 1429 776 1423 779 1340 779 1335 774 1323 765 1322 765 1320 765 1319 765 1317 765 1299 774 1293 777 1189 776 1186 774 1173 765 1171 765 1170 765 1168 765 1167 765 1137 774 1119 779 1113 774 1106 767 1105 767 1103 767 1072 765 1070 765 1069 765 1067 765 1058 773 1052 779 1042 773 1041 773 1039 773 1038 773 1036 773 1033 773 1008 782 971 782 954 773 942 767 941 767 939 767 890 773 868 774 825 771 764 768 762 768 761 768 751 771 733 777 724 771 721 768 719 768 718 768 716 768 590 770 591 819"/></Shape>
	    <String CONTENT="in ſeſe: ſed quid in nobis, &amp; qualis eius fructus"
                    HPOS="590"
                    VPOS="762"
                    WIDTH="1051"
                    HEIGHT="78"
                    WC="0.995802558198267"></String>
          </TextLine>

          
          
          <TextLine ID="eSc_line_b33071ca"
                    TAGREFS="LT4119"
                    BASELINE="591 878 1644 872" 
                    HPOS="590"
                    VPOS="823"
                    WIDTH="1054"
                    HEIGHT="66">
            <Shape><Polygon POINTS="591 878 591 889 1643 884 1644 872 1641 823 1598 823 1597 823 1595 823 1594 823 1569 835 1551 826 1549 826 1548 826 1519 832 1511 825 1509 825 1508 825 1386 823 1384 823 1383 823 1369 828 1342 838 1256 838 1241 831 1229 825 1228 825 1226 825 1225 825 1224 825 1215 831 1203 838 1113 840 1021 840 1012 834 997 826 996 826 944 826 942 826 941 826 939 826 925 835 920 840 862 840 859 837 846 828 844 828 843 828 841 828 791 835 633 828 632 828 630 828 590 841 591 878"/></Shape>
	    <String CONTENT="eſſe &amp; produci debeat, ne ea abutamur. Erit autẽ"
                    HPOS="590"
                    VPOS="823"
                    WIDTH="1054"
                    HEIGHT="66"
                    WC="0.983755239418575"></String>
          </TextLine>

          
          
          <TextLine ID="eSc_line_0d6b86df"
                    TAGREFS="LT4119"
                    BASELINE="594 935 1644 932" 
                    HPOS="593"
                    VPOS="883"
                    WIDTH="1051"
                    HEIGHT="71">
            <Shape><Polygon POINTS="594 935 594 954 1643 950 1644 932 1640 887 1500 890 1479 887 1448 883 1447 883 1408 887 1386 890 1365 889 1319 883 1317 883 1229 889 1204 890 1195 889 1163 883 1161 883 1160 883 1158 883 1149 889 1146 890 1125 889 1030 884 1029 884 1027 884 1009 890 1003 892 974 890 878 884 877 884 875 884 874 884 864 892 861 893 736 893 734 892 722 884 721 884 719 884 718 884 716 884 685 892 684 892 646 884 645 884 593 892 594 935"/></Shape>
	    <String CONTENT="tum demum fructuoſa, ſi ad quem finem data eſt,"
                    HPOS="593"
                    VPOS="883"
                    WIDTH="1051"
                    HEIGHT="71"
                    WC="0.985931166943083"></String>
          </TextLine>

          
          
          <TextLine ID="eSc_line_a7337d2b"
                    TAGREFS="LT4119"
                    BASELINE="594 994 1644 990" 
                    HPOS="593"
                    VPOS="941"
                    WIDTH="1051"
                    HEIGHT="74">
            <Shape><Polygon POINTS="594 994 594 1006 645 1015 646 1015 950 1006 971 1014 972 1014 974 1014 1029 1006 1290 1014 1292 1014 1351 1006 1622 1011 1624 1011 1625 1011 1644 1002 1644 990 1641 953 1549 953 1496 941 1494 941 1392 951 1344 941 1342 941 1282 953 1073 942 1072 942 1023 953 953 942 951 942 873 944 871 944 870 944 852 956 809 956 797 945 797 944 795 944 794 944 792 944 630 945 629 945 593 956 594 994"/></Shape>
	    <String CONTENT="cogitemus, id eſt, vt fidem cum charitate ex ea"
                    HPOS="593"
                    VPOS="941"
                    WIDTH="1051"
                    HEIGHT="74"
                    WC="0.973368394882121"></String>
          </TextLine>

          
          
          <TextLine ID="eSc_line_45f6fa2b"
                    TAGREFS="LT4119"
                    BASELINE="596 1052 1167 1048" 
                    HPOS="594"
                    VPOS="1002"
                    WIDTH="573"
                    HEIGHT="77">
            <Shape><Polygon POINTS="596 1052 596 1073 783 1079 785 1079 844 1072 858 1070 871 1072 933 1078 935 1078 936 1078 938 1078 947 1070 948 1070 957 1070 1064 1076 1066 1076 1167 1067 1167 1048 1163 1008 1109 1011 1102 1008 1087 1002 1085 1002 1084 1002 1082 1002 1060 1009 1052 1011 1033 1009 986 1005 984 1005 956 1011 944 1012 933 1011 886 1003 884 1003 838 1012 835 1012 834 1012 785 1003 783 1003 782 1003 751 1014 742 1006 742 1005 740 1005 739 1005 682 1005 681 1005 679 1005 678 1005 663 1014 618 1005 617 1005 615 1005 594 1014 596 1052"/></Shape>
	    <String CONTENT="diſcamus &amp; exerceamus."
                    HPOS="594"
                    VPOS="1002"
                    WIDTH="573"
                    HEIGHT="77"
                    WC="0.997708783908324"></String>
          </TextLine>

          
          
          <TextLine ID="eSc_line_0c1f32f2"
                    TAGREFS="LT4119"
                    BASELINE="661 1176 704 1179" 
                    HPOS="658"
                    VPOS="1117"
                    WIDTH="44"
                    HEIGHT="87">
            <Shape><Polygon POINTS="700 1200 702 1177 702 1117 662 1117 660 1175 658 1204"/></Shape>
	    <String CONTENT="9"
                    HPOS="658"
                    VPOS="1117"
                    WIDTH="44"
                    HEIGHT="87"></String>
          </TextLine>

          
          
          <TextLine ID="eSc_line_e88eba4d"
                    TAGREFS="LT4117"
                    BASELINE="745 1179 1641 1177" 
                    HPOS="743"
                    VPOS="1116"
                    WIDTH="898"
                    HEIGHT="88">
            <Shape><Polygon POINTS="745 1191 875 1191 877 1191 890 1203 892 1203 893 1203 895 1203 939 1192 972 1203 974 1203 975 1203 977 1203 978 1203 993 1191 1012 1198 1014 1198 1015 1198 1116 1191 1124 1191 1125 1191 1137 1201 1139 1201 1140 1201 1142 1201 1143 1201 1167 1192 1177 1201 1177 1203 1179 1203 1180 1203 1182 1204 1232 1204 1232 1203 1234 1203 1282 1191 1283 1191 1378 1191 1403 1203 1405 1203 1406 1204 1519 1204 1519 1203 1521 1203 1522 1203 1522 1201 1534 1191 1612 1198 1613 1198 1615 1198 1641 1189 1641 1177 1637 1127 1564 1127 1560 1125 1546 1116 1545 1116 1543 1116 1542 1116 1485 1124 1467 1127 1454 1124 1421 1116 1359 1116 1357 1116 1356 1116 1354 1116 1354 1118 1347 1124 1342 1128 1176 1128 1167 1121 1161 1116 1160 1116 1158 1116 978 1116 977 1116 975 1116 974 1116 969 1119 960 1125 933 1119 920 1116 919 1116 905 1119 874 1125 743 1118 745 1179"/></Shape>
	    <String CONTENT="Nempe ſciens Legem iusto poſitam"
                    HPOS="743"
                    VPOS="1116"
                    WIDTH="898"
                    HEIGHT="88"
                    WC="0.994257817044854"></String>
          </TextLine>

          
          
          <TextLine ID="eSc_line_74ffb229"
                    TAGREFS="LT4117"
                    BASELINE="587 1247 1640 1247" 
                    HPOS="587"
                    VPOS="1191"
                    WIDTH="1053"
                    HEIGHT="92">
            <Shape><Polygon POINTS="587 1270 669 1273 670 1273 672 1273 679 1270 690 1265 694 1270 707 1281 709 1281 710 1281 712 1283 822 1283 822 1281 823 1281 825 1281 838 1271 874 1281 875 1281 877 1281 878 1281 908 1271 920 1281 922 1281 923 1281 925 1283 969 1283 969 1281 971 1281 1015 1268 1026 1265 1167 1265 1173 1267 1200 1281 1201 1281 1203 1281 1204 1281 1206 1281 1222 1267 1225 1265 1299 1265 1302 1267 1314 1274 1316 1274 1317 1274 1319 1274 1350 1268 1377 1277 1378 1277 1380 1277 1381 1277 1406 1268 1467 1281 1469 1283 1557 1283 1557 1281 1558 1281 1560 1281 1585 1265 1586 1265 1640 1265 1640 1247 1638 1201 1466 1212 1454 1203 1448 1197 1447 1197 1445 1197 1403 1191 1402 1191 1400 1191 1372 1200 1354 1191 1353 1191 1235 1191 1234 1191 1232 1191 1195 1203 1177 1191 1176 1191 1174 1191 1173 1191 1171 1191 1142 1206 1137 1209 923 1212 914 1207 877 1191 875 1191 751 1191 749 1191 748 1191 746 1191 716 1210 712 1212 587 1212 587 1247"/></Shape>
	    <String CONTENT="non eſſe, ſed Legis contemptoribus, &amp; ijs qui"
                    HPOS="587"
                    VPOS="1191"
                    WIDTH="1053"
                    HEIGHT="92"></String>
          </TextLine>

          
          
          <TextLine ID="eSc_line_ebb4c01a"
                    TAGREFS="LT4117"
                    BASELINE="593 1319 1644 1311" 
                    HPOS="591"
                    VPOS="1262"
                    WIDTH="1053"
                    HEIGHT="92">
            <Shape><Polygon POINTS="594 1354 630 1344 768 1351 797 1353 798 1353 812 1351 864 1342 962 1348 1011 1351 1012 1351 1072 1350 1073 1350 1075 1350 1079 1347 1090 1341 1152 1345 1216 1350 1218 1350 1219 1350 1221 1350 1228 1344 1237 1339 1305 1342 1412 1348 1414 1348 1494 1339 1514 1338 1528 1339 1592 1347 1594 1347 1643 1337 1644 1311 1638 1270 1621 1276 1600 1270 1577 1262 1576 1262 1574 1262 1573 1262 1557 1270 1542 1277 1453 1277 1444 1270 1436 1262 1435 1262 1433 1262 1432 1262 1430 1262 1411 1270 1390 1277 1338 1270 1337 1270 1335 1270 1334 1270 1314 1279 1194 1279 1168 1270 1155 1265 1154 1265 1152 1265 1151 1265 1149 1265 1143 1270 1127 1279 1009 1273 1008 1273 1006 1273 1005 1273 993 1281 902 1281 880 1270 875 1267 874 1267 825 1267 823 1267 822 1267 817 1270 798 1280 699 1281 681 1270 681 1268 679 1268 678 1268 676 1268 591 1268 593 1319"/></Shape>
	    <String CONTENT="ſubijci neſciunt: impijs &amp; peccatoribus, nefa¬"
                    HPOS="591"
                    VPOS="1262"
                    WIDTH="1053"
                    HEIGHT="92"
                    WC="0.964245717162671"></String>
          </TextLine>

          
          
          <TextLine ID="eSc_line_92f7ccc7"
                    TAGREFS="LT4117"
                    BASELINE="593 1386 1646 1383" 
                    HPOS="591"
                    VPOS="1335"
                    WIDTH="1055"
                    HEIGHT="85">
            <Shape><Polygon POINTS="593 1405 627 1415 629 1415 630 1415 632 1415 651 1406 742 1406 757 1418 758 1418 759 1418 761 1420 847 1420 847 1418 849 1418 850 1418 868 1406 898 1406 945 1418 947 1418 948 1420 1054 1420 1054 1418 1122 1408 1155 1415 1157 1415 1158 1415 1160 1415 1161 1415 1176 1405 1177 1405 1225 1405 1249 1415 1250 1415 1252 1415 1334 1405 1360 1417 1362 1417 1363 1418 1429 1418 1429 1417 1430 1417 1432 1417 1439 1409 1457 1417 1458 1417 1460 1417 1515 1405 1600 1417 1601 1417 1603 1417 1646 1403 1646 1383 1643 1348 1601 1347 1585 1335 1583 1335 1582 1335 1580 1335 1579 1335 1542 1348 1521 1348 1506 1335 1505 1335 1503 1335 1502 1335 1500 1335 1469 1348 1389 1348 1243 1335 1241 1335 1240 1335 1203 1347 1185 1335 1183 1335 1182 1335 1133 1335 1131 1335 1130 1335 1128 1335 1115 1344 1094 1337 1093 1337 1091 1337 981 1350 898 1350 852 1337 850 1337 849 1337 847 1337 846 1337 831 1347 765 1341 764 1341 762 1341 748 1348 713 1337 712 1337 710 1337 591 1350 593 1386"/></Shape>
	    <String CONTENT="rijs &amp; profanis, patricidis &amp; matricidis, ho¬"
                    HPOS="591"
                    VPOS="1335"
                    WIDTH="1055"
                    HEIGHT="85"
                    WC="0.983746537897322"></String>
          </TextLine>

          
          
          <TextLine ID="eSc_line_15289ec5"
                    TAGREFS="LT4117"
                    BASELINE="603 1454 818 1453" 
                    HPOS="602"
                    VPOS="1394"
                    WIDTH="214"
                    HEIGHT="87">
            <Shape><Polygon POINTS="602 1452 602 1481 816 1467 816 1452 816 1409 651 1394 649 1394 646 1394 602 1407 602 1452"/></Shape>
	    <String CONTENT="micidis."
                    HPOS="602"
                    VPOS="1394"
                    WIDTH="214"
                    HEIGHT="87"
                    WC="0.912532120943069"></String>
          </TextLine>

          
          
          <TextLine ID="eSc_line_7025c07e"
                    TAGREFS="LT4117"
                    BASELINE="660 1521 1644 1521" 
                    HPOS="660"
                    VPOS="1466"
                    WIDTH="984"
                    HEIGHT="82">
            <Shape><Polygon POINTS="660 1533 687 1543 688 1543 690 1543 788 1534 832 1546 834 1546 835 1546 957 1536 999 1546 1000 1546 1002 1546 1081 1539 1107 1546 1109 1546 1110 1548 1235 1548 1235 1546 1237 1546 1252 1539 1292 1545 1293 1545 1295 1545 1329 1536 1472 1543 1473 1543 1475 1543 1488 1537 1522 1546 1524 1546 1525 1546 1588 1539 1598 1546 1600 1546 1601 1546 1603 1546 1604 1546 1644 1534 1644 1521 1644 1473 1579 1466 1577 1466 1576 1466 1552 1473 1537 1478 1531 1473 1521 1466 1519 1466 1518 1466 1460 1466 1458 1466 1457 1466 1456 1466 1444 1473 1436 1479 1427 1473 1415 1466 1414 1466 1412 1466 1383 1466 1381 1466 1380 1466 1353 1475 1334 1481 1317 1475 1295 1466 1293 1466 1292 1466 1290 1466 1273 1475 1268 1478 1265 1475 1255 1466 1253 1466 1252 1466 1221 1466 1219 1466 1218 1466 1216 1466 1206 1475 1203 1478 1088 1481 1081 1476 1070 1467 1069 1467 1067 1467 1029 1466 1027 1466 1026 1466 993 1476 980 1482 896 1482 889 1478 875 1470 874 1470 873 1470 871 1470 856 1478 852 1479 835 1478 800 1473 798 1473 797 1473 795 1473 795 1475 791 1478 788 1482 706 1482 699 1478 672 1467 670 1467 669 1467 667 1467 666 1467 666 1469 660 1475 660 1521"/></Shape>
	    <String CONTENT="Io Scortatoribus, maſeulorum concubi¬"
                    HPOS="660"
                    VPOS="1466"
                    WIDTH="984"
                    HEIGHT="82"
                    WC="0.998331781980154"></String>
          </TextLine>

          
          
          <TextLine ID="eSc_line_9c9aefb9"
                    TAGREFS="LT4117"
                    BASELINE="591 1592 1640 1589" 
                    HPOS="590"
                    VPOS="1531"
                    WIDTH="1050"
                    HEIGHT="88">
            <Shape><Polygon POINTS="591 1609 736 1609 740 1610 762 1618 764 1618 765 1618 807 1610 815 1609 820 1610 844 1618 846 1618 847 1619 898 1619 898 1618 899 1618 901 1618 910 1610 911 1609 916 1610 944 1618 945 1618 947 1619 1075 1619 1075 1618 1076 1618 1078 1618 1088 1610 1091 1609 1099 1610 1122 1616 1124 1616 1125 1616 1127 1616 1143 1610 1154 1607 1393 1607 1398 1610 1403 1616 1405 1616 1406 1616 1408 1618 1445 1618 1445 1616 1447 1616 1448 1616 1454 1610 1457 1607 1461 1610 1469 1616 1470 1616 1472 1616 1473 1616 1638 1610 1640 1589 1635 1537 1427 1542 1386 1537 1332 1533 1331 1533 1301 1539 1284 1542 1270 1539 1241 1531 1240 1531 1238 1531 1237 1531 1219 1539 1212 1542 1152 1539 1073 1536 1072 1536 1039 1540 1014 1543 1009 1540 999 1533 997 1533 996 1533 861 1533 859 1533 816 1542 804 1543 797 1542 770 1533 768 1533 635 1533 633 1533 632 1533 630 1533 618 1542 615 1543 590 1543 591 1592"/></Shape>
	    <String CONTENT="toribus, plagiarijs, &amp; mendacibus, periuris,"
                    HPOS="590"
                    VPOS="1531"
                    WIDTH="1050"
                    HEIGHT="88"
                    WC="0.978853007609194"></String>
          </TextLine>

          
          
          <TextLine ID="eSc_line_e3e40ccf"
                    TAGREFS="LT4117"
                    BASELINE="594 1664 1643 1658" 
                    HPOS="593"
                    VPOS="1604"
                    WIDTH="1050"
                    HEIGHT="100">
            <Shape><Polygon POINTS="594 1686 629 1686 632 1686 649 1699 651 1699 652 1699 654 1699 706 1686 759 1686 853 1685 856 1685 880 1702 881 1702 883 1702 884 1704 1107 1704 1107 1702 1139 1701 1140 1701 1142 1701 1171 1683 1207 1698 1209 1698 1210 1698 1212 1698 1265 1683 1290 1683 1326 1683 1359 1699 1360 1699 1362 1699 1363 1699 1383 1690 1426 1699 1427 1701 1607 1701 1607 1699 1609 1699 1643 1680 1643 1658 1640 1604 1600 1604 1598 1604 1597 1604 1595 1604 1576 1621 1466 1621 1450 1607 1448 1607 1447 1607 1445 1607 1444 1607 1441 1607 1423 1613 1402 1609 1380 1604 1378 1604 1377 1604 1362 1610 1332 1622 1267 1622 1253 1612 1244 1606 1243 1606 1241 1606 1240 1606 1180 1613 1115 1624 1060 1624 1052 1616 1047 1612 1045 1612 1044 1612 1042 1612 1041 1612 1026 1618 1011 1622 1005 1618 991 1607 990 1607 989 1607 898 1607 896 1607 895 1607 893 1607 877 1619 838 1609 837 1609 835 1609 797 1616 690 1609 688 1609 687 1609 669 1616 624 1609 623 1609 621 1609 593 1624 594 1664"/></Shape>
	    <String CONTENT="&amp; ſiquid aliud eſt quod ſanæ doctrinæ ſit"
                    HPOS="593"
                    VPOS="1604"
                    WIDTH="1050"
                    HEIGHT="100"
                    WC="0.992553671685661"></String>
          </TextLine>

          
          
          <TextLine ID="eSc_line_31788203"
                    TAGREFS="LT4117"
                    BASELINE="568 1735 870 1728" 
                    HPOS="566"
                    VPOS="1680"
                    WIDTH="304"
                    HEIGHT="82">
            <Shape><Polygon POINTS="568 1762 870 1762 870 1728 868 1695 850 1680 849 1680 847 1680 846 1680 794 1692 749 1680 748 1680 746 1680 566 1702 568 1735"/></Shape>
	    <String CONTENT="oppoſitum:"
                    HPOS="566"
                    VPOS="1680"
                    WIDTH="304"
                    HEIGHT="82"
                    WC="0.986551642417908"></String>
          </TextLine>

          
          
          <TextLine ID="eSc_line_c5890b3d"
                    TAGREFS="LT4119"
                    BASELINE="649 1801 1644 1804" 
                    HPOS="649"
                    VPOS="1748"
                    WIDTH="995"
                    HEIGHT="84">
            <Shape><Polygon POINTS="649 1801 649 1820 699 1818 707 1821 733 1830 734 1830 736 1830 737 1830 761 1821 770 1818 870 1818 877 1823 887 1830 889 1830 890 1830 892 1830 983 1823 1044 1818 1085 1824 1131 1830 1133 1830 1163 1824 1185 1820 1192 1824 1201 1832 1203 1832 1204 1832 1206 1832 1292 1826 1314 1824 1325 1826 1360 1832 1362 1832 1363 1832 1383 1826 1405 1820 1429 1826 1447 1832 1448 1832 1450 1832 1476 1827 1506 1821 1641 1827 1644 1804 1643 1756 1542 1750 1540 1750 1481 1756 1444 1759 1438 1756 1430 1750 1429 1750 1427 1750 1366 1750 1365 1750 1363 1750 1362 1750 1354 1756 1348 1759 1314 1756 1258 1750 1256 1750 1215 1756 1194 1759 1188 1756 1183 1751 1182 1751 1180 1751 1179 1751 1151 1756 1142 1757 1139 1756 1130 1748 1128 1748 1127 1748 1125 1748 1124 1748 1122 1748 1112 1756 1107 1759 1063 1759 1055 1756 1027 1748 1026 1748 1024 1748 917 1756 913 1756 911 1756 875 1748 874 1748 873 1748 841 1756 835 1757 825 1756 777 1750 776 1750 649 1756 649 1801"/></Shape>
	    <String CONTENT="E’ξήγησις. Explicat enim quis ſit is legitimus"
                    HPOS="649"
                    VPOS="1748"
                    WIDTH="995"
                    HEIGHT="84"></String>
          </TextLine>

          
          
          <TextLine ID="eSc_line_7e9d80b0"
                    TAGREFS="LT4119"
                    BASELINE="596 1862 1646 1866" 
                    HPOS="594"
                    VPOS="1812"
                    WIDTH="1052"
                    HEIGHT="79">
            <Shape><Polygon POINTS="596 1862 594 1876 648 1888 649 1888 737 1879 771 1888 773 1888 774 1888 895 1879 896 1879 968 1890 969 1890 971 1890 993 1881 1061 1890 1063 1890 1064 1890 1066 1890 1078 1881 1136 1890 1137 1890 1139 1890 1140 1890 1151 1882 1362 1882 1381 1891 1383 1891 1384 1891 1644 1882 1646 1866 1646 1829 1502 1817 1500 1817 1499 1817 1479 1826 1475 1827 1460 1826 1411 1817 1409 1817 1287 1823 1212 1826 1204 1821 1198 1815 1197 1815 1195 1815 1194 1815 1145 1820 1090 1826 1029 1818 1000 1815 999 1815 997 1815 996 1815 993 1818 983 1827 953 1827 899 1826 889 1817 887 1815 887 1814 886 1814 884 1814 883 1814 868 1815 817 1824 758 1814 752 1814 751 1814 749 1814 748 1814 728 1826 681 1826 657 1814 655 1814 596 1812 596 1862"/></Shape>
	    <String CONTENT="Legis finis, de quo dixit. Eſt autem vt per Legem"
                    HPOS="594"
                    VPOS="1812"
                    WIDTH="1052"
                    HEIGHT="79"
                    WC="0.985735050269536"></String>
          </TextLine>

          
          
          <TextLine ID="eSc_line_45623f62"
                    TAGREFS="LT4119"
                    BASELINE="594 1920 1646 1922" 
                    HPOS="593"
                    VPOS="1875"
                    WIDTH="1053"
                    HEIGHT="73">
            <Shape><Polygon POINTS="594 1920 593 1934 667 1945 669 1945 757 1937 1064 1945 1066 1945 1067 1945 1085 1937 1173 1946 1174 1948 1329 1948 1329 1946 1331 1946 1345 1939 1368 1946 1369 1946 1371 1946 1420 1939 1586 1946 1588 1946 1644 1937 1646 1922 1644 1890 1595 1878 1594 1878 1592 1878 1564 1888 1563 1888 1560 1888 1527 1879 1525 1879 1524 1879 1522 1879 1521 1879 1512 1887 1511 1890 1475 1890 1466 1887 1427 1878 1426 1878 1424 1878 1423 1878 1412 1885 1411 1887 1406 1885 1386 1881 1384 1881 1383 1881 1356 1885 1334 1888 1286 1884 1219 1878 1218 1878 1216 1878 1215 1878 1207 1882 1198 1890 1122 1890 1109 1881 1099 1876 1097 1876 1096 1876 1094 1876 1075 1881 1051 1887 983 1879 947 1876 945 1876 944 1876 938 1879 925 1885 874 1878 867 1878 865 1878 859 1878 789 1887 707 1876 706 1876 704 1876 703 1876 670 1887 594 1875 594 1920"/></Shape>
	    <String CONTENT="hominum mores &amp; vitia corrigantur, &amp; emen¬"
                    HPOS="593"
                    VPOS="1875"
                    WIDTH="1053"
                    HEIGHT="73"
                    WC="0.996936511425745"></String>
          </TextLine>

          
          
          <TextLine ID="eSc_line_a0db0177"
                    TAGREFS="LT4119"
                    BASELINE="591 1980 1646 1980" 
                    HPOS="591"
                    VPOS="1937"
                    WIDTH="1055"
                    HEIGHT="63">
            <Shape><Polygon POINTS="591 1980 591 1997 1644 2000 1646 1980 1646 1948 1604 1937 1603 1937 1601 1937 1574 1946 1293 1937 1292 1937 1290 1937 1271 1948 1200 1948 1186 1937 1185 1937 1183 1937 1182 1937 1118 1946 1076 1937 1075 1937 1009 1946 986 1937 984 1937 983 1937 905 1946 887 1937 886 1937 820 1937 819 1937 745 1946 682 1937 681 1937 679 1937 661 1946 615 1937 614 1937 612 1937 591 1946 591 1980"/></Shape>
	    <String CONTENT="dentut: non autem vt in vanis quæſtionibus oc¬"
                    HPOS="591"
                    VPOS="1937"
                    WIDTH="1055"
                    HEIGHT="63"
                    WC="0.990815524173819"></String>
          </TextLine>

          
          
          <TextLine ID="eSc_line_bbaf1a46"
                    TAGREFS="LT4119"
                    BASELINE="590 2038 1641 2043" 
                    HPOS="590"
                    VPOS="1991"
                    WIDTH="1051"
                    HEIGHT="68">
            <Shape><Polygon POINTS="590 2038 590 2059 1640 2058 1641 2043 1641 2007 1612 1994 1610 1994 1609 1994 1530 2004 1509 1994 1508 1994 1506 1994 1505 1994 1482 2006 1481 2007 1427 2007 1424 2004 1403 1995 1402 1995 1400 1995 1341 2004 1325 2006 1322 2004 1308 1995 1307 1995 1305 1995 1304 1995 1302 1995 1283 2003 1280 2004 1277 2003 1255 1992 1253 1992 1252 1992 1250 1992 1249 1992 1234 2003 1229 2006 1148 2006 1145 2001 1134 1994 1134 1992 1133 1992 1131 1992 1130 1992 1128 1992 1103 2001 1094 2006 1051 2006 1044 2001 1027 1992 1026 1992 1024 1992 980 2000 954 2004 945 2000 929 1991 928 1991 785 1991 783 1991 782 1991 757 1998 745 2001 737 1998 727 1992 725 1992 724 1992 590 1995 590 2038"/></Shape>
	    <String CONTENT="cupemur. Poſita enim eſt, vt ſcelera hominum,"
                    HPOS="590"
                    VPOS="1991"
                    WIDTH="1051"
                    HEIGHT="68"
                    WC="0.98963704639011"></String>
          </TextLine>

          
          
          <TextLine ID="eSc_line_285562f2"
                    TAGREFS="LT4119"
                    BASELINE="593 2098 1644 2096" 
                    HPOS="591"
                    VPOS="2049"
                    WIDTH="1053"
                    HEIGHT="73">
            <Shape><Polygon POINTS="593 2098 594 2122 611 2114 1643 2114 1644 2096 1641 2065 1601 2056 1600 2056 1598 2056 1580 2065 1340 2065 1305 2053 1304 2053 1302 2053 1301 2053 1274 2062 1244 2055 1243 2055 1241 2055 1157 2064 1119 2050 1118 2050 1116 2050 1115 2050 1096 2056 942 2049 794 2049 792 2049 791 2049 759 2058 748 2049 746 2049 745 2049 633 2049 632 2049 630 2049 591 2064 593 2098"/></Shape>
	    <String CONTENT="veluti homicidia, adulteria, mendacia coercean¬"
                    HPOS="591"
                    VPOS="2049"
                    WIDTH="1053"
                    HEIGHT="73"
                    WC="0.994029836451754"></String>
          </TextLine>

          
          
          <TextLine ID="eSc_line_84e30cd7"
                    TAGREFS="LT4119"
                    BASELINE="591 2156 1646 2160" 
                    HPOS="590"
                    VPOS="2110"
                    WIDTH="1056"
                    HEIGHT="85">
            <Shape><Polygon POINTS="596 2183 597 2183 599 2183 600 2183 646 2175 666 2190 667 2190 669 2190 670 2192 725 2192 725 2190 727 2190 728 2190 743 2178 758 2190 759 2190 761 2190 762 2192 862 2192 862 2190 864 2190 905 2180 951 2192 953 2192 954 2192 956 2192 993 2177 1180 2178 1200 2192 1201 2192 1203 2192 1204 2192 1283 2177 1284 2177 1304 2192 1305 2192 1307 2192 1335 2193 1337 2195 1390 2195 1390 2193 1392 2193 1447 2178 1644 2178 1646 2160 1646 2125 1634 2117 1632 2117 1631 2117 1630 2117 1585 2122 1573 2113 1572 2113 1570 2113 1466 2113 1464 2113 1463 2113 1427 2122 1390 2113 1389 2113 1387 2113 1331 2122 1310 2125 1304 2122 1292 2111 1290 2111 1289 2111 1287 2111 1286 2111 1265 2120 1253 2111 1252 2111 1250 2111 1249 2111 1247 2111 1246 2111 1232 2120 1226 2125 1024 2125 1014 2117 1008 2111 1006 2111 1005 2111 969 2111 968 2111 966 2111 965 2111 960 2116 951 2122 901 2114 892 2114 890 2114 881 2114 813 2122 794 2113 786 2110 785 2110 783 2110 782 2110 780 2110 776 2113 761 2122 651 2114 649 2114 612 2122 594 2110 591 2156 590 2178"/></Shape>
	    <String CONTENT="tur: non autem ad bonos, &amp; qui iam ſancti ſunt,"
                    HPOS="590"
                    VPOS="2110"
                    WIDTH="1056"
                    HEIGHT="85"
                    WC="0.979323242573028"></String>
          </TextLine>

          
        </TextBlock>
        
        <TextBlock HPOS="1391.119873046875"
                   VPOS="2187.194580078125"
                   WIDTH="252.6048583984375"
                   HEIGHT="51.01708984375"
                   ID="block_2"
                   TAGREFS="BT10534">
          <Shape><Polygon POINTS="1391.12 2187.19 1643.72 2187.19 1643.72 2238.21 1391.12 2238.21 1391.12 2187.19"/></Shape>
          
          
          <TextLine ID="eSc_line_f8d94832"
                    TAGREFS="LT4119"
                    BASELINE="1396 2220 1641 2215" 
                    HPOS="1395"
                    VPOS="2175"
                    WIDTH="246"
                    HEIGHT="76">
            <Shape><Polygon POINTS="1396 2220 1396 2241 1433 2248 1435 2248 1436 2248 1438 2248 1444 2244 1456 2235 1516 2235 1563 2248 1566 2248 1567 2248 1569 2248 1570 2248 1572 2248 1580 2241 1589 2248 1592 2251 1594 2251 1595 2251 1597 2251 1641 2250 1641 2215 1638 2186 1577 2177 1576 2177 1574 2177 1557 2186 1555 2186 1502 2186 1500 2186 1478 2175 1476 2175 1475 2175 1395 2184 1396 2220"/></Shape>
	    <String CONTENT="reforman¬"
                    HPOS="1395"
                    VPOS="2175"
                    WIDTH="246"
                    HEIGHT="76"></String>
          </TextLine>

          
        </TextBlock>
        

        
      </PrintSpace>
    </Page>
  </Layout>
</alto>
