<?xml version="1.0" encoding="UTF-8"?>
<alto xmlns:xsi="http://www.w3.org/2001/XMLSchema-instance"
      xmlns="http://www.loc.gov/standards/alto/ns-v4#"
      xsi:schemaLocation="http://www.loc.gov/standards/alto/ns-v4# http://www.loc.gov/standards/alto/v4/alto-4-2.xsd">
  <Description>
    <MeasurementUnit>pixel</MeasurementUnit>
    <sourceImageInformation>
      <fileName>2012945.png</fileName>
      
    </sourceImageInformation>
  </Description>
  
  <Tags>
    <OtherTag ID="BT10544" LABEL="text" DESCRIPTION="block type text"/><OtherTag ID="BT10543" LABEL="NumberingZone" DESCRIPTION="block type NumberingZone"/><OtherTag ID="BT10542" LABEL="MainZone" DESCRIPTION="block type MainZone"/><OtherTag ID="BT10538" LABEL="RunningTitleZone" DESCRIPTION="block type RunningTitleZone"/><OtherTag ID="BT10537" LABEL="DropCapitalZone" DESCRIPTION="block type DropCapitalZone"/><OtherTag ID="BT10536" LABEL="GraphicZone" DESCRIPTION="block type GraphicZone"/><OtherTag ID="BT10535" LABEL="TitlePageZone" DESCRIPTION="block type TitlePageZone"/><OtherTag ID="BT10534" LABEL="QuireMarksZone" DESCRIPTION="block type QuireMarksZone"/><OtherTag ID="BT10533" LABEL="MarginTextZone" DESCRIPTION="block type MarginTextZone"/>
    <OtherTag ID="LT4122" LABEL="default" DESCRIPTION="line type default"/><OtherTag ID="LT4119" LABEL="DefaultLine" DESCRIPTION="line type DefaultLine"/><OtherTag ID="LT4118" LABEL="HeadingLine" DESCRIPTION="line type HeadingLine"/><OtherTag ID="LT4117" LABEL="CustomLine : BiblicalText" DESCRIPTION="line type CustomLine : BiblicalText"/>
  </Tags>
  
  <Layout>
    <Page WIDTH="1807"
          HEIGHT="2677"
          PHYSICAL_IMG_NR="61"
          ID="eSc_dummypage_">
      <PrintSpace HPOS="0"
                  VPOS="0"
                  WIDTH="1807"
                  HEIGHT="2677">
        
        <TextBlock HPOS="488.4272766113281"
                   VPOS="164.1715087890625"
                   WIDTH="306.2872619628906"
                   HEIGHT="66.19773864746094"
                   ID="block_0"
                   TAGREFS="BT10538">
          <Shape><Polygon POINTS="488.427 164.172 794.715 164.172 794.715 230.369 488.427 230.369 488.427 164.172"/></Shape>
          
          
          <TextLine ID="eSc_line_095a78d3"
                    TAGREFS="LT4118"
                    BASELINE="489 212 791 212" 
                    HPOS="489"
                    VPOS="154"
                    WIDTH="302"
                    HEIGHT="85">
            <Shape><Polygon POINTS="771 168 757 165 742 165 739 163 713 168 691 169 669 165 646 160 638 160 623 159 608 159 596 157 581 160 575 162 574 160 566 156 563 156 554 156 551 159 542 166 530 159 524 154 523 154 522 154 520 154 501 156 489 166 489 212 489 224 594 227 611 237 612 237 614 237 615 239 675 239 675 237 676 237 678 237 688 229 691 226 706 229 742 237 743 237 791 230 791 212 791 175 786 174"/></Shape>
	    <String CONTENT="CAPVT I."
                    HPOS="489"
                    VPOS="154"
                    WIDTH="302"
                    HEIGHT="85"
                    WC="0.996158979833126"></String>
          </TextLine>

          
        </TextBlock>
        
        <TextBlock HPOS="1137.6729736328125"
                   VPOS="189.39736938476562"
                   WIDTH="56.45849609375"
                   HEIGHT="51.311553955078125"
                   ID="block_3"
                   TAGREFS="BT10543">
          <Shape><Polygon POINTS="1137.67 189.397 1194.13 189.397 1194.13 240.709 1137.67 240.709 1137.67 189.397"/></Shape>
          
          
          <TextLine ID="eSc_line_770b9fc1"
                    TAGREFS="LT4119"
                    BASELINE="1140 230 1189 227" 
                    HPOS="1136"
                    VPOS="178"
                    WIDTH="53"
                    HEIGHT="74">
            <Shape><Polygon POINTS="1180 179 1165 178 1151 178 1137 178 1136 178 1140 230 1140 248 1188 252 1189 227 1186 185 1180 179"/></Shape>
	    <String CONTENT="33"
                    HPOS="1136"
                    VPOS="178"
                    WIDTH="53"
                    HEIGHT="74"></String>
          </TextLine>

          
        </TextBlock>
        
        <TextBlock HPOS="120.94060516357422"
                   VPOS="234.4067840576172"
                   WIDTH="1075.6011428833008"
                   HEIGHT="1957.9740753173828"
                   ID="block_1"
                   TAGREFS="BT10542">
          <Shape><Polygon POINTS="120.941 234.407 1196.54 234.407 1196.54 2192.38 120.941 2192.38 120.941 234.407"/></Shape>
          
          
          <TextLine ID="eSc_line_a9afff24"
                    TAGREFS="LT4119"
                    BASELINE="138 284 1192 287" 
                    HPOS="138"
                    VPOS="224"
                    WIDTH="1054"
                    HEIGHT="83">
            <Shape><Polygon POINTS="151 233 138 243 138 284 138 300 663 300 664 300 679 307 681 307 682 307 1191 300 1192 287 1192 246 1115 226 1113 226 1112 226 1110 226 1109 226 1078 245 984 227 919 227 917 227 916 227 864 243 859 245 580 245 578 243 568 234 568 233 566 233 565 233 563 233 562 233 538 239 520 232 519 232 517 232 469 239 417 224 416 224 414 224 413 224 362 237 331 229 330 229 328 229 327 229 300 242 298 242 279 224 278 224 276 224 169 224 168 224 166 224 157 227 151 233"/></Shape>
	    <String CONTENT="eſſe Deum Chryſoſtomus autem ad Filium hîc"
                    HPOS="138"
                    VPOS="224"
                    WIDTH="1054"
                    HEIGHT="83"
                    WC="0.999380840811618"></String>
          </TextLine>

          
          
          <TextLine ID="eSc_line_aad2eb23"
                    TAGREFS="LT4119"
                    BASELINE="138 345 1192 345" 
                    HPOS="138"
                    VPOS="295"
                    WIDTH="1054"
                    HEIGHT="72">
            <Shape><Polygon POINTS="138 345 138 358 172 367 174 367 175 367 191 359 1191 367 1192 345 1192 306 1174 298 1173 298 1171 298 1079 306 1009 295 1008 295 1006 295 984 307 938 307 901 295 899 295 898 295 859 303 788 295 786 295 785 295 762 306 746 295 745 295 743 295 742 295 690 303 654 295 652 295 593 306 542 295 541 295 539 295 520 306 492 295 490 295 489 295 487 295 486 295 469 307 431 307 414 295 413 295 411 295 315 295 313 295 312 295 310 295 297 307 246 307 203 295 202 295 200 295 199 295 197 295 179 307 138 307 138 345"/></Shape>
	    <String CONTENT="refert. Reſpond. Si verba ſpectentur, ad Patrem"
                    HPOS="138"
                    VPOS="295"
                    WIDTH="1054"
                    HEIGHT="72"
                    WC="0.985651287626713"></String>
          </TextLine>

          
          
          <TextLine ID="eSc_line_1298b428"
                    TAGREFS="LT4119"
                    BASELINE="136 404 1192 400" 
                    HPOS="135"
                    VPOS="350"
                    WIDTH="1057"
                    HEIGHT="81">
            <Shape><Polygon POINTS="136 404 136 420 217 429 218 429 407 420 408 420 437 431 438 431 440 431 441 431 484 419 487 419 489 419 508 429 510 429 511 429 623 422 718 429 719 429 721 429 754 419 807 429 809 429 810 429 838 417 840 417 841 417 864 425 865 425 867 425 907 417 908 417 923 428 925 428 926 428 928 429 928 428 929 428 931 428 941 420 957 428 959 428 960 429 1168 429 1168 428 1170 428 1192 416 1192 400 1191 362 1167 353 1165 353 1164 353 1088 361 1064 350 1063 350 1061 350 1060 350 1024 361 1008 350 1006 350 1005 350 1003 350 1002 350 974 361 962 350 960 350 959 350 957 350 956 350 954 350 945 358 936 350 935 350 933 350 932 350 870 358 841 350 840 350 838 350 837 350 803 364 646 364 633 352 632 352 630 352 600 352 599 352 522 362 489 352 487 352 486 352 408 364 382 353 380 353 379 353 315 364 291 353 290 353 288 353 156 355 154 355 135 364 136 404"/></Shape>
	    <String CONTENT="referri, cui ſuprà quæ ſunt propria diuinitatis tri¬"
                    HPOS="135"
                    VPOS="350"
                    WIDTH="1057"
                    HEIGHT="81"
                    WC="0.97671041173755"></String>
          </TextLine>

          
          
          <TextLine ID="eSc_line_507bf554"
                    TAGREFS="LT4119"
                    BASELINE="138 462 1191 462" 
                    HPOS="138"
                    VPOS="414"
                    WIDTH="1053"
                    HEIGHT="70">
            <Shape><Polygon POINTS="138 462 138 484 187 477 327 477 343 484 345 484 346 484 385 477 410 484 411 484 413 484 414 484 434 477 1189 484 1191 462 1191 428 844 414 843 414 841 414 820 422 810 426 798 422 776 414 774 414 773 414 771 414 757 422 746 428 704 428 684 420 661 414 660 414 658 414 657 414 642 420 626 428 514 428 498 419 490 414 489 414 487 414 466 417 428 425 403 417 394 414 392 414 391 414 389 414 382 417 364 422 313 416 295 414 294 414 292 414 290 416 267 426 138 414 138 462"/></Shape>
	    <String CONTENT="buerat Paulus: ſi tamen res ipſa definiatur etiam"
                    HPOS="138"
                    VPOS="414"
                    WIDTH="1053"
                    HEIGHT="70"
                    WC="0.982560441202047"></String>
          </TextLine>

          
          
          <TextLine ID="eSc_line_b5a2fff0"
                    TAGREFS="LT4119"
                    BASELINE="138 520 1189 520" 
                    HPOS="138"
                    VPOS="471"
                    WIDTH="1051"
                    HEIGHT="74">
            <Shape><Polygon POINTS="138 520 138 545 190 545 190 544 191 544 209 535 284 544 295 544 297 544 298 544 303 542 331 535 413 535 428 542 432 544 434 544 435 544 458 541 507 535 527 541 533 542 535 542 536 542 538 542 547 541 569 535 580 541 587 544 588 544 590 544 633 539 682 535 832 538 1139 544 1140 544 1189 533 1189 520 1189 483 1093 483 1091 481 1076 472 1075 472 1073 472 1072 472 996 478 984 471 983 471 981 471 980 471 978 471 948 481 945 481 944 481 908 471 907 471 905 471 904 471 871 481 867 483 746 483 743 480 731 471 730 471 728 471 641 471 639 471 638 471 636 471 626 480 623 481 612 480 563 471 484 471 483 471 481 471 480 471 468 478 466 480 464 478 441 471 440 471 438 471 437 471 411 478 408 480 406 478 395 474 394 474 392 474 342 478 309 481 301 478 284 471 282 471 281 471 138 477 138 520"/></Shape>
	    <String CONTENT="ad Filium, &amp; Spiritum ſanctum referri, quia pa¬"
                    HPOS="138"
                    VPOS="471"
                    WIDTH="1051"
                    HEIGHT="74"
                    WC="0.98476375607734"></String>
          </TextLine>

          
          
          <TextLine ID="eSc_line_ca4abc93"
                    TAGREFS="LT4119"
                    BASELINE="136 581 1188 577" 
                    HPOS="135"
                    VPOS="529"
                    WIDTH="1053"
                    HEIGHT="67">
            <Shape><Polygon POINTS="136 581 136 596 1186 596 1188 577 1185 539 1005 539 983 529 981 529 980 529 978 529 977 529 963 538 874 530 873 530 871 530 840 538 776 529 774 529 773 529 734 539 733 539 721 529 719 529 718 529 716 529 643 538 620 529 618 529 507 529 505 529 504 529 465 539 459 541 408 541 408 539 397 530 395 530 394 530 278 530 276 530 275 530 257 539 223 530 221 530 220 530 218 530 217 530 205 539 168 530 166 530 165 530 163 530 135 539 136 581"/></Shape>
	    <String CONTENT="ris ſunt Filius &amp; Spiritus ſanctus cum Patre di¬"
                    HPOS="135"
                    VPOS="529"
                    WIDTH="1053"
                    HEIGHT="67"
                    WC="0.985808338969946"></String>
          </TextLine>

          
          
          <TextLine ID="eSc_line_5c60669f"
                    TAGREFS="LT4119"
                    BASELINE="138 636 1188 636" 
                    HPOS="138"
                    VPOS="590"
                    WIDTH="1050"
                    HEIGHT="71">
            <Shape><Polygon POINTS="138 636 138 661 352 661 352 660 353 660 355 660 364 652 400 660 401 660 403 660 404 660 432 652 487 660 490 660 492 660 493 660 495 660 508 652 1186 658 1188 636 1188 600 1124 590 1122 590 1121 590 1096 600 1029 600 1015 590 1014 590 1012 590 804 590 803 590 757 599 707 590 706 590 609 599 590 590 588 590 587 590 533 599 472 590 471 590 469 590 452 597 438 591 437 591 435 591 322 599 275 590 273 590 230 599 218 590 217 590 215 590 175 590 174 590 172 590 138 599 138 636"/></Shape>
	    <String CONTENT="gnitatis: &amp; confirmatur 2 Petri 3. verſ. 18. noſtra"
                    HPOS="138"
                    VPOS="590"
                    WIDTH="1050"
                    HEIGHT="71"
                    WC="0.97971375432669"></String>
          </TextLine>

          
          
          <TextLine ID="eSc_line_8af368d6"
                    TAGREFS="LT4119"
                    BASELINE="133 696 1185 696" 
                    HPOS="133"
                    VPOS="645"
                    WIDTH="1052"
                    HEIGHT="76">
            <Shape><Polygon POINTS="133 696 133 709 168 718 169 718 230 712 239 719 240 719 242 719 243 719 288 710 295 710 355 710 358 712 374 719 376 719 377 721 440 721 440 719 441 719 456 713 462 710 469 713 487 719 489 719 490 719 551 713 590 710 597 715 605 719 606 719 608 719 609 721 649 721 649 719 651 719 652 719 658 715 666 710 706 715 742 719 743 719 768 716 797 712 871 716 911 719 913 719 914 719 922 718 948 710 966 718 971 719 972 719 974 719 981 718 1015 710 1183 719 1185 696 1185 658 1128 658 1102 645 1100 645 1099 645 1039 655 1015 645 1014 645 1012 645 932 654 899 645 898 645 896 645 895 645 893 645 881 654 847 648 846 648 844 648 823 658 725 658 688 646 687 646 685 646 621 657 606 645 605 645 603 645 602 645 600 645 575 652 529 645 527 645 469 657 431 646 429 646 428 646 426 646 410 654 400 645 398 645 397 645 395 645 333 652 315 645 313 645 312 645 310 645 276 658 133 658 133 696"/></Shape>
	    <String CONTENT="ſententia. Quia verò ſuperio. verſiculo Chriſtum"
                    HPOS="133"
                    VPOS="645"
                    WIDTH="1052"
                    HEIGHT="76"
                    WC="0.998619721860302"></String>
          </TextLine>

          
          
          <TextLine ID="eSc_line_c7832ff4"
                    TAGREFS="LT4119"
                    BASELINE="133 754 1185 751" 
                    HPOS="132"
                    VPOS="706"
                    WIDTH="1053"
                    HEIGHT="73">
            <Shape><Polygon POINTS="133 754 133 770 288 777 290 777 368 770 376 770 380 770 420 779 422 779 487 770 492 770 495 770 563 779 565 779 566 779 600 770 602 770 603 770 690 777 691 777 693 777 716 768 721 768 742 768 877 777 878 777 880 777 901 768 902 768 904 768 938 777 939 777 941 779 1171 779 1171 777 1173 777 1174 777 1185 768 1185 751 1182 718 919 706 917 706 789 716 780 709 779 709 777 709 776 709 774 709 754 715 745 706 743 706 742 706 740 706 739 706 712 713 658 706 657 706 655 706 654 706 636 718 434 707 432 707 431 707 429 707 416 719 359 719 325 707 324 707 322 707 273 718 257 707 255 707 254 707 203 707 202 707 132 719 133 754"/></Shape>
	    <String CONTENT="nobis vti mediatorem, &amp; hominem Paulus pro¬"
                    HPOS="132"
                    VPOS="706"
                    WIDTH="1053"
                    HEIGHT="73"
                    WC="0.976605007814807"></String>
          </TextLine>

          
          
          <TextLine ID="eSc_line_479d98c8"
                    TAGREFS="LT4119"
                    BASELINE="133 814 1189 810" 
                    HPOS="132"
                    VPOS="761"
                    WIDTH="1057"
                    HEIGHT="79">
            <Shape><Polygon POINTS="133 814 133 840 185 829 538 835 709 837 710 837 712 837 713 837 719 832 728 828 786 828 803 831 832 837 834 837 835 837 855 831 859 829 874 829 951 835 953 835 954 835 956 835 965 828 968 826 978 828 1012 835 1014 837 1155 837 1155 835 1157 835 1189 825 1189 810 1186 774 1146 774 1134 764 1133 764 1131 764 1130 764 1128 764 1110 773 1026 773 996 761 994 761 993 761 991 761 969 770 870 764 868 764 867 764 834 774 773 765 771 765 703 774 687 762 685 762 684 762 682 762 681 762 648 771 638 762 636 762 635 762 633 762 557 770 493 762 492 762 431 776 355 764 353 764 291 776 264 764 263 764 205 764 203 764 132 777 133 814"/></Shape>
	    <String CONTENT="poſuit, ex more ſuo &amp; ſcripturæ, in Patris perſo¬"
                    HPOS="132"
                    VPOS="761"
                    WIDTH="1057"
                    HEIGHT="79"
                    WC="0.977797527702487"></String>
          </TextLine>

          
          
          <TextLine ID="eSc_line_e8d645b9"
                    TAGREFS="LT4119"
                    BASELINE="132 874 1188 871" 
                    HPOS="130"
                    VPOS="823"
                    WIDTH="1058"
                    HEIGHT="78">
            <Shape><Polygon POINTS="132 874 132 887 273 887 276 889 288 899 290 899 291 899 292 901 330 901 330 899 331 899 333 899 345 889 348 887 368 889 458 898 459 898 530 890 557 887 658 887 663 890 678 898 679 898 681 899 727 899 727 898 728 898 730 898 737 890 743 887 771 890 826 898 828 898 829 898 843 892 855 886 928 892 1009 898 1011 898 1012 898 1030 892 1044 887 1054 892 1066 898 1067 898 1069 898 1186 892 1188 871 1186 837 1145 825 1143 825 1142 825 1140 825 1116 837 1115 838 954 838 953 837 938 823 936 823 935 823 908 823 907 823 905 823 904 823 887 837 886 837 828 825 826 825 825 825 823 825 807 837 807 838 759 838 759 837 733 823 731 823 730 823 728 823 727 823 709 837 709 838 701 838 688 838 660 823 658 823 657 823 569 825 568 825 544 838 542 838 519 826 517 826 516 826 461 838 458 838 456 838 426 825 425 825 301 825 300 825 298 825 297 825 281 838 130 838 132 874"/></Shape>
	    <String CONTENT="na complectitur &amp; reſtringit, quæ ſunt propria"
                    HPOS="130"
                    VPOS="823"
                    WIDTH="1058"
                    HEIGHT="78"
                    WC="0.990903531727583"></String>
          </TextLine>

          
          
          <TextLine ID="eSc_line_daae35f1"
                    TAGREFS="LT4119"
                    BASELINE="132 931 1186 926" 
                    HPOS="130"
                    VPOS="880"
                    WIDTH="1056"
                    HEIGHT="73">
            <Shape><Polygon POINTS="132 931 132 944 368 951 370 951 371 951 385 947 394 942 554 942 701 948 804 953 806 953 831 950 881 942 896 950 899 951 901 951 902 951 910 950 938 944 965 950 969 951 971 951 972 951 974 951 977 951 996 944 1006 951 1008 951 1009 951 1011 953 1185 953 1186 926 1183 893 1058 893 1045 881 1045 880 1044 880 1042 880 1041 880 1039 880 1017 892 1000 880 999 880 997 880 838 880 837 880 835 880 834 880 819 892 795 884 794 884 792 884 791 884 764 893 745 883 743 883 742 883 688 893 673 881 672 881 670 881 627 881 626 881 624 881 623 881 606 895 553 895 538 881 536 881 535 881 483 881 481 881 480 881 453 893 417 883 416 883 414 883 413 883 411 883 394 895 352 886 350 886 349 886 325 895 269 887 267 887 266 887 240 895 227 883 226 883 224 883 145 883 144 883 142 883 141 883 141 884 130 893 132 931"/></Shape>
	    <String CONTENT="diuinæ naturæ. Eſt verò periculoſa Eraſmi anno¬"
                    HPOS="130"
                    VPOS="880"
                    WIDTH="1056"
                    HEIGHT="73"
                    WC="0.979205533862114"></String>
          </TextLine>

          
          
          <TextLine ID="eSc_line_914292b7"
                    TAGREFS="LT4119"
                    BASELINE="133 990 1185 986" 
                    HPOS="132"
                    VPOS="941"
                    WIDTH="1053"
                    HEIGHT="71">
            <Shape><Polygon POINTS="133 990 133 1003 348 1003 350 1003 380 1011 382 1011 383 1011 426 1003 453 1012 455 1012 456 1012 535 1002 544 1002 554 1002 618 1011 620 1011 847 1002 883 1000 889 1000 925 1009 926 1011 1026 1011 1026 1009 1027 1009 1029 1009 1039 1000 1063 1009 1064 1009 1066 1011 1171 1011 1171 1009 1173 1009 1174 1009 1185 1000 1185 986 1182 954 1093 954 1075 942 1073 942 1072 942 1070 942 1069 942 1032 953 1017 941 1015 941 1014 941 923 941 922 941 837 954 831 956 768 956 767 954 740 942 739 942 694 942 693 942 691 942 667 954 643 942 642 942 641 942 639 942 606 954 591 942 590 942 588 942 587 942 585 942 563 953 541 942 539 942 538 942 487 954 481 956 477 954 450 944 449 944 447 944 389 954 382 956 348 956 348 954 333 944 331 944 330 944 328 944 240 954 200 944 199 944 197 944 196 944 194 944 178 954 159 947 157 947 156 947 154 947 132 954 133 990"/></Shape>
	    <String CONTENT="tatio ad hunc locum, qui id rarum eſſe in Apo¬"
                    HPOS="132"
                    VPOS="941"
                    WIDTH="1053"
                    HEIGHT="71"
                    WC="0.982424936864687"></String>
          </TextLine>

          
          
          <TextLine ID="eSc_line_1186c312"
                    TAGREFS="LT4119"
                    BASELINE="130 1045 1186 1049" 
                    HPOS="129"
                    VPOS="996"
                    WIDTH="1057"
                    HEIGHT="73">
            <Shape><Polygon POINTS="129 1061 1183 1069 1186 1049 1185 1009 965 999 963 999 962 999 939 1008 935 1011 875 1011 870 1008 844 999 843 999 841 999 840 999 812 1008 810 1008 809 1008 785 997 783 997 782 997 721 1008 718 1008 716 1008 706 999 706 997 704 997 703 997 661 997 660 997 658 997 630 1008 629 1008 617 997 615 997 614 997 571 997 569 997 568 997 566 997 566 999 556 1008 554 1009 524 1009 520 1006 481 996 480 996 478 996 477 996 444 1006 408 996 407 996 406 996 404 996 385 1006 383 1008 349 1008 348 1006 331 996 330 996 328 996 327 996 194 1006 185 1006 184 1006 154 996 153 996 151 996 150 996 130 1005 130 1045"/></Shape>
	    <String CONTENT="ſtolicis literis ait, vt Dei vocabulum Chriſto &amp;"
                    HPOS="129"
                    VPOS="996"
                    WIDTH="1057"
                    HEIGHT="73"
                    WC="0.970397601524989"></String>
          </TextLine>

          
          
          <TextLine ID="eSc_line_0e7839c9"
                    TAGREFS="LT4119"
                    BASELINE="132 1106 1185 1103" 
                    HPOS="130"
                    VPOS="1054"
                    WIDTH="1055"
                    HEIGHT="76">
            <Shape><Polygon POINTS="132 1106 132 1118 166 1130 168 1130 169 1130 171 1130 212 1119 221 1119 478 1119 481 1119 516 1127 517 1127 623 1119 658 1118 670 1119 709 1128 710 1128 712 1128 742 1121 752 1118 782 1121 865 1128 867 1128 1185 1121 1185 1103 1182 1069 1142 1060 1140 1060 1139 1060 1137 1060 1125 1067 1124 1069 1051 1069 1048 1067 1032 1058 1030 1058 1029 1058 1027 1058 999 1066 994 1067 991 1066 975 1055 974 1055 972 1055 971 1055 969 1055 968 1055 954 1066 951 1069 920 1069 917 1066 905 1055 904 1055 902 1055 901 1055 899 1055 868 1064 867 1064 832 1054 831 1054 829 1054 828 1054 826 1054 815 1064 809 1069 740 1069 734 1063 722 1054 721 1054 719 1054 673 1054 672 1054 670 1054 649 1063 632 1070 554 1070 544 1061 538 1055 536 1055 535 1055 533 1055 484 1060 458 1063 450 1060 438 1055 437 1055 301 1055 300 1055 298 1055 291 1058 261 1069 248 1057 246 1055 245 1055 243 1055 242 1055 230 1057 185 1067 130 1057 132 1106"/></Shape>
	    <String CONTENT="Spiritui ſancto tribuatur. Ac ne in ſymbolo qui¬"
                    HPOS="130"
                    VPOS="1054"
                    WIDTH="1055"
                    HEIGHT="76"
                    WC="0.981351558119059"></String>
          </TextLine>

          
          
          <TextLine ID="eSc_line_5e4232e1"
                    TAGREFS="LT4119"
                    BASELINE="135 1165 1179 1164" 
                    HPOS="133"
                    VPOS="1115"
                    WIDTH="1046"
                    HEIGHT="76">
            <Shape><Polygon POINTS="135 1165 135 1179 254 1177 264 1180 291 1189 292 1189 294 1191 325 1191 325 1189 327 1189 328 1189 339 1180 343 1177 636 1177 666 1183 703 1189 704 1189 740 1183 773 1177 783 1183 795 1189 797 1189 798 1189 852 1183 884 1180 899 1183 917 1189 919 1189 920 1189 922 1189 941 1185 951 1182 962 1185 983 1189 984 1189 986 1189 1177 1185 1179 1164 1176 1130 1096 1130 1081 1116 1079 1116 1078 1116 1076 1116 1075 1116 1038 1128 1000 1115 999 1115 997 1115 996 1115 994 1115 978 1130 910 1130 896 1119 895 1119 893 1119 892 1119 823 1122 792 1115 791 1115 789 1115 788 1115 755 1127 740 1119 739 1119 737 1119 736 1119 713 1130 645 1130 623 1115 621 1115 620 1115 538 1115 536 1115 535 1115 508 1130 474 1130 447 1115 446 1115 330 1115 328 1115 190 1128 157 1115 156 1115 154 1115 153 1115 151 1115 133 1127 135 1165"/></Shape>
	    <String CONTENT="dem Apoſtolico, Filium &amp; Spiritum ſanctum"
                    HPOS="133"
                    VPOS="1115"
                    WIDTH="1046"
                    HEIGHT="76"
                    WC="0.992257794228996"></String>
          </TextLine>

          
          
          <TextLine ID="eSc_line_7803433c"
                    TAGREFS="LT4119"
                    BASELINE="130 1225 1182 1221" 
                    HPOS="129"
                    VPOS="1174"
                    WIDTH="1053"
                    HEIGHT="78">
            <Shape><Polygon POINTS="130 1225 132 1252 162 1237 560 1237 574 1244 577 1247 578 1247 580 1247 629 1249 630 1249 632 1249 642 1244 655 1237 663 1243 669 1249 670 1249 672 1249 673 1250 764 1250 764 1249 801 1241 829 1235 850 1240 875 1247 877 1247 878 1247 954 1238 962 1238 965 1238 990 1247 991 1247 993 1249 1116 1249 1116 1247 1118 1247 1119 1247 1130 1240 1164 1247 1165 1247 1167 1247 1168 1247 1182 1237 1182 1221 1179 1188 990 1188 987 1185 969 1176 968 1176 966 1176 902 1185 889 1186 886 1185 873 1174 871 1174 870 1174 868 1174 867 1174 840 1185 828 1188 813 1183 785 1176 783 1176 782 1176 780 1176 779 1176 768 1183 759 1189 655 1189 642 1182 626 1176 624 1176 544 1176 542 1176 541 1176 527 1182 513 1188 496 1182 481 1176 480 1176 478 1176 447 1180 400 1189 377 1180 370 1177 368 1177 367 1177 346 1180 291 1188 129 1179 130 1225"/></Shape>
	    <String CONTENT="Dei nomine concedit proponi nobis. In quo to¬"
                    HPOS="129"
                    VPOS="1174"
                    WIDTH="1053"
                    HEIGHT="78"
                    WC="0.992609277036455"></String>
          </TextLine>

          
          
          <TextLine ID="eSc_line_3b5213da"
                    TAGREFS="LT4119"
                    BASELINE="130 1283 1177 1280" 
                    HPOS="129"
                    VPOS="1234"
                    WIDTH="1048"
                    HEIGHT="73">
            <Shape><Polygon POINTS="130 1283 130 1296 172 1307 174 1307 220 1298 229 1296 339 1296 345 1299 365 1307 367 1307 368 1307 370 1307 389 1299 431 1307 432 1307 434 1307 453 1299 462 1296 560 1296 575 1301 597 1307 599 1307 600 1307 602 1307 614 1301 623 1295 675 1295 688 1301 697 1305 699 1305 700 1305 727 1302 773 1295 862 1302 898 1305 899 1307 1136 1307 1136 1305 1137 1305 1140 1305 1161 1298 1171 1305 1177 1280 1174 1247 1118 1247 1088 1234 1087 1234 1085 1234 1084 1234 1082 1234 1069 1246 867 1246 832 1234 831 1234 829 1234 828 1234 826 1234 812 1244 804 1238 803 1238 801 1238 800 1238 798 1238 797 1238 786 1247 687 1247 651 1235 649 1235 648 1235 565 1247 556 1247 554 1247 532 1235 530 1235 377 1235 376 1235 313 1246 246 1235 245 1235 129 1246 130 1283"/></Shape>
	    <String CONTENT="to cœlo errat. Nam qua ratione Patrem confite¬"
                    HPOS="129"
                    VPOS="1234"
                    WIDTH="1048"
                    HEIGHT="73"
                    WC="0.986484089623327"></String>
          </TextLine>

          
          
          <TextLine ID="eSc_line_5ea68d3f"
                    TAGREFS="LT4119"
                    BASELINE="132 1341 1176 1339" 
                    HPOS="130"
                    VPOS="1292"
                    WIDTH="1046"
                    HEIGHT="74">
            <Shape><Polygon POINTS="132 1341 133 1366 166 1354 270 1365 272 1365 273 1365 298 1354 1173 1365 1176 1339 1173 1307 1073 1307 1073 1305 1055 1298 1054 1298 1052 1298 1051 1298 1024 1305 1005 1296 1003 1296 1002 1296 931 1305 925 1305 922 1305 892 1293 890 1293 889 1293 841 1305 837 1305 820 1292 819 1292 817 1292 816 1292 815 1292 780 1304 776 1307 660 1307 657 1304 642 1292 641 1292 639 1292 605 1292 603 1292 602 1292 600 1292 600 1293 588 1302 516 1292 514 1292 513 1292 511 1292 511 1293 499 1304 496 1305 386 1305 382 1302 361 1292 359 1292 272 1292 270 1292 269 1292 242 1302 233 1305 224 1302 200 1292 199 1292 197 1292 196 1292 172 1302 163 1305 130 1302 132 1341"/></Shape>
	    <String CONTENT="mur eſſe Deum, cùm dicimus Credo in Patrem:"
                    HPOS="130"
                    VPOS="1292"
                    WIDTH="1046"
                    HEIGHT="74"
                    WC="0.991472585634752"></String>
          </TextLine>

          
          
          <TextLine ID="eSc_line_999b0014"
                    TAGREFS="LT4119"
                    BASELINE="130 1399 1179 1402" 
                    HPOS="129"
                    VPOS="1350"
                    WIDTH="1050"
                    HEIGHT="74">
            <Shape><Polygon POINTS="129 1411 168 1421 169 1421 171 1421 172 1421 174 1421 187 1414 348 1414 364 1423 365 1423 367 1423 368 1423 370 1423 401 1414 403 1414 585 1414 587 1415 596 1423 597 1423 599 1423 600 1423 709 1415 722 1415 725 1415 748 1424 749 1424 751 1424 820 1417 822 1417 823 1417 847 1424 849 1424 850 1424 852 1424 867 1417 883 1424 884 1424 886 1424 944 1417 951 1417 953 1417 962 1424 963 1424 965 1424 966 1424 1177 1418 1179 1402 1179 1365 1128 1351 1127 1351 1125 1351 1075 1353 1073 1353 1072 1353 1055 1363 1054 1365 899 1365 893 1362 865 1351 864 1351 862 1351 861 1351 829 1362 820 1365 768 1365 762 1360 749 1351 748 1351 746 1351 696 1351 694 1351 693 1351 691 1351 681 1360 676 1363 652 1360 614 1354 612 1354 559 1359 524 1362 519 1359 501 1350 499 1350 417 1350 416 1350 380 1357 359 1363 290 1363 276 1357 258 1350 257 1350 174 1350 172 1350 171 1350 160 1356 148 1362 132 1356 130 1399 129 1411"/></Shape>
	    <String CONTENT="eâdem etiam Filium agnoſcimus Deum, quia ſic"
                    HPOS="129"
                    VPOS="1350"
                    WIDTH="1050"
                    HEIGHT="74"
                    WC="0.983545045057932"></String>
          </TextLine>

          
          
          <TextLine ID="eSc_line_88c246e1"
                    TAGREFS="LT4119"
                    BASELINE="129 1455 1177 1460" 
                    HPOS="127"
                    VPOS="1409"
                    WIDTH="1050"
                    HEIGHT="70">
            <Shape><Polygon POINTS="129 1455 127 1476 1174 1479 1177 1460 1176 1424 1119 1412 1118 1412 1116 1412 1081 1423 1079 1423 1042 1412 1041 1412 1039 1412 1038 1412 1036 1412 1024 1423 1023 1424 993 1424 990 1423 932 1412 931 1412 929 1412 902 1421 880 1412 878 1412 877 1412 875 1412 846 1423 844 1423 843 1423 826 1411 825 1411 823 1411 822 1411 820 1411 777 1421 777 1423 739 1423 739 1421 727 1412 727 1411 725 1411 724 1411 670 1411 669 1411 667 1411 642 1421 641 1423 603 1423 602 1421 590 1411 588 1411 587 1411 585 1411 487 1418 472 1409 471 1409 469 1409 468 1409 359 1420 355 1420 129 1420 129 1455"/></Shape>
	    <String CONTENT="enuntiamus, &amp; in Filium: idem de Spiritu ſancto"
                    HPOS="127"
                    VPOS="1409"
                    WIDTH="1050"
                    HEIGHT="70"
                    WC="0.985721829089713"></String>
          </TextLine>

          
          
          <TextLine ID="eSc_line_97955f7c"
                    TAGREFS="LT4119"
                    BASELINE="127 1518 1177 1518" 
                    HPOS="127"
                    VPOS="1470"
                    WIDTH="1050"
                    HEIGHT="75">
            <Shape><Polygon POINTS="127 1518 127 1534 157 1543 159 1543 160 1543 200 1536 208 1534 215 1536 269 1543 270 1543 309 1536 316 1534 336 1536 410 1542 411 1542 413 1542 426 1536 431 1534 605 1534 621 1536 666 1543 667 1543 719 1537 742 1534 794 1534 800 1537 809 1543 810 1543 812 1543 813 1545 941 1545 941 1543 942 1543 957 1537 965 1534 972 1537 989 1543 990 1543 991 1543 1044 1537 1075 1534 1090 1537 1110 1543 1112 1543 1113 1543 1177 1537 1177 1518 1177 1478 1082 1470 1081 1470 1079 1470 1078 1470 1069 1478 1063 1482 877 1482 861 1478 825 1470 823 1470 783 1478 774 1479 764 1478 713 1470 712 1470 710 1470 709 1470 699 1478 693 1482 635 1482 630 1478 624 1473 623 1473 621 1473 620 1473 593 1479 588 1479 582 1479 547 1470 545 1470 544 1470 517 1479 514 1479 510 1479 472 1470 471 1470 469 1470 468 1470 458 1479 455 1482 392 1482 386 1479 362 1470 361 1470 359 1470 301 1479 298 1479 284 1470 282 1470 281 1470 205 1470 203 1470 202 1470 182 1479 179 1481 175 1479 141 1470 139 1470 138 1470 136 1470 135 1470 127 1475 127 1518"/></Shape>
	    <String CONTENT="&amp; in Spiritum ſanctum, præterquam quod ita"
                    HPOS="127"
                    VPOS="1470"
                    WIDTH="1050"
                    HEIGHT="75"
                    WC="0.997099975744883"></String>
          </TextLine>

          
          
          <TextLine ID="eSc_line_f8948640"
                    TAGREFS="LT4119"
                    BASELINE="126 1574 1176 1579" 
                    HPOS="126"
                    VPOS="1528"
                    WIDTH="1050"
                    HEIGHT="70">
            <Shape><Polygon POINTS="126 1574 126 1598 1174 1597 1176 1579 1174 1543 929 1531 928 1531 926 1531 896 1542 895 1542 892 1542 867 1531 865 1531 864 1531 862 1531 837 1542 834 1542 831 1542 794 1530 792 1530 791 1530 789 1530 757 1540 715 1533 713 1533 635 1540 630 1540 629 1540 617 1530 615 1530 614 1530 545 1530 544 1530 542 1530 541 1530 526 1540 522 1540 461 1528 459 1528 458 1528 440 1537 361 1528 359 1528 358 1528 356 1528 343 1539 342 1540 182 1540 181 1539 159 1530 157 1530 156 1530 154 1530 126 1537 126 1574"/></Shape>
	    <String CONTENT="pronuntiatur prima illa pars Symboli Credo in"
                    HPOS="126"
                    VPOS="1528"
                    WIDTH="1050"
                    HEIGHT="70"
                    WC="0.994153175089094"></String>
          </TextLine>

          
          
          <TextLine ID="eSc_line_a5b3ba7f"
                    TAGREFS="LT4119"
                    BASELINE="127 1632 1174 1637" 
                    HPOS="126"
                    VPOS="1585"
                    WIDTH="1048"
                    HEIGHT="73">
            <Shape><Polygon POINTS="127 1632 126 1650 1171 1658 1174 1637 1173 1600 1130 1591 1128 1591 1127 1591 1106 1598 1078 1588 1076 1588 1075 1588 1073 1588 1048 1598 1000 1588 999 1588 997 1588 971 1598 969 1600 878 1600 874 1598 825 1586 823 1586 822 1586 792 1594 755 1586 754 1586 752 1586 718 1597 635 1588 633 1588 577 1597 575 1597 574 1597 562 1586 560 1586 559 1586 557 1586 449 1595 419 1585 417 1585 362 1585 361 1585 359 1585 358 1585 342 1595 340 1595 255 1586 254 1586 197 1595 194 1595 191 1595 156 1585 154 1585 153 1585 151 1585 127 1594 127 1632"/></Shape>
	    <String CONTENT="Deum, vt illic diſpunctio adhibeatur Credo in"
                    HPOS="126"
                    VPOS="1585"
                    WIDTH="1048"
                    HEIGHT="73"
                    WC="0.981142233477698"></String>
          </TextLine>

          
          
          <TextLine ID="eSc_line_cd029ddd"
                    TAGREFS="LT4119"
                    BASELINE="126 1690 1173 1695" 
                    HPOS="124"
                    VPOS="1641"
                    WIDTH="1049"
                    HEIGHT="78">
            <Shape><Polygon POINTS="126 1690 124 1707 178 1716 179 1716 364 1710 397 1710 413 1711 481 1717 483 1717 670 1714 813 1711 1170 1719 1173 1695 1173 1658 1136 1646 1134 1646 1097 1646 1096 1646 1094 1646 1093 1646 1078 1656 1076 1656 1063 1646 1061 1646 1060 1646 1058 1646 1057 1646 1027 1653 1000 1646 999 1646 997 1646 996 1646 978 1655 972 1656 965 1653 950 1649 948 1649 947 1649 945 1649 944 1649 938 1653 933 1658 841 1658 831 1652 817 1644 816 1644 773 1644 771 1644 770 1644 768 1644 759 1650 754 1655 722 1650 682 1644 681 1644 626 1649 585 1652 578 1647 574 1644 572 1644 571 1644 569 1644 568 1644 566 1644 562 1647 550 1656 475 1656 417 1646 400 1643 398 1643 365 1644 234 1653 217 1646 215 1646 214 1646 212 1646 188 1653 126 1641 126 1690"/></Shape>
	    <String CONTENT="Deũ, &amp; ſuſiſtat vox: deinde explicatur quis ſit ille"
                    HPOS="124"
                    VPOS="1641"
                    WIDTH="1049"
                    HEIGHT="78"
                    WC="0.993174910545349"></String>
          </TextLine>

          
          
          <TextLine ID="eSc_line_b452c539"
                    TAGREFS="LT4119"
                    BASELINE="126 1754 1174 1754" 
                    HPOS="126"
                    VPOS="1704"
                    WIDTH="1048"
                    HEIGHT="83">
            <Shape><Polygon POINTS="126 1754 127 1784 151 1772 236 1772 251 1784 252 1786 254 1786 255 1786 257 1786 258 1786 260 1786 261 1784 276 1772 310 1781 312 1781 313 1781 315 1781 325 1775 340 1784 342 1786 343 1786 345 1786 346 1787 391 1787 391 1786 392 1786 394 1786 394 1784 414 1772 536 1772 556 1786 557 1786 559 1786 560 1787 581 1787 581 1786 582 1786 584 1786 599 1772 651 1786 655 1786 657 1786 658 1786 660 1786 691 1772 815 1772 837 1786 838 1786 840 1786 841 1787 997 1787 997 1786 999 1786 1023 1777 1173 1786 1174 1754 1174 1714 1060 1714 1058 1713 1027 1704 1026 1704 980 1704 978 1704 977 1704 975 1704 966 1713 965 1713 960 1713 887 1704 886 1704 844 1713 840 1713 838 1713 828 1704 826 1704 825 1704 823 1704 771 1711 761 1713 740 1711 639 1704 568 1704 566 1704 565 1704 563 1704 554 1711 550 1713 530 1711 471 1704 469 1704 416 1710 392 1713 383 1710 365 1704 364 1704 362 1704 361 1704 345 1710 340 1711 126 1710 126 1754"/></Shape>
	    <String CONTENT="Deus, nempe Pater, Filius, &amp; S ſanctus diſtincté."
                    HPOS="126"
                    VPOS="1704"
                    WIDTH="1048"
                    HEIGHT="83"
                    WC="0.998303339481354"></String>
          </TextLine>

          
          
          <TextLine ID="eSc_line_67153ed9"
                    TAGREFS="LT4117"
                    BASELINE="174 1873 1171 1881" 
                    HPOS="172"
                    VPOS="1817"
                    WIDTH="999"
                    HEIGHT="89">
            <Shape><Polygon POINTS="172 1887 300 1888 315 1899 316 1899 318 1899 319 1899 411 1891 425 1900 426 1900 428 1900 429 1900 580 1893 593 1902 594 1902 596 1902 597 1902 703 1893 757 1902 758 1902 941 1896 981 1903 983 1903 1024 1896 1036 1905 1038 1905 1039 1905 1041 1906 1106 1906 1106 1905 1170 1894 1171 1881 1168 1823 1100 1824 1099 1824 1070 1836 1041 1823 1039 1823 1038 1823 1036 1823 1035 1823 1033 1823 993 1836 947 1836 932 1824 929 1821 928 1821 926 1821 925 1821 889 1824 773 1835 582 1829 581 1826 577 1820 575 1820 575 1818 574 1818 572 1818 517 1818 516 1818 514 1818 513 1818 501 1827 499 1827 468 1818 466 1818 465 1818 464 1818 462 1818 452 1827 446 1833 377 1833 371 1829 358 1817 356 1817 355 1817 312 1817 310 1817 309 1817 307 1817 290 1829 287 1830 279 1829 245 1820 243 1820 242 1820 240 1820 223 1829 220 1830 174 1830 174 1873"/></Shape>
	    <String CONTENT="18 Hoc mandatum commendo tibi, fili"
                    HPOS="172"
                    VPOS="1817"
                    WIDTH="999"
                    HEIGHT="89"></String>
          </TextLine>

          
          
          <TextLine ID="eSc_line_e9bb8428"
                    TAGREFS="LT4117"
                    BASELINE="126 1942 1170 1949" 
                    HPOS="124"
                    VPOS="1887"
                    WIDTH="1046"
                    HEIGHT="89">
            <Shape><Polygon POINTS="124 1955 148 1964 150 1964 151 1964 227 1960 239 1967 240 1967 242 1967 243 1967 330 1958 359 1970 361 1970 362 1970 443 1960 489 1960 499 1970 501 1970 502 1970 504 1970 505 1970 539 1960 605 1960 617 1970 617 1972 618 1972 620 1972 621 1972 765 1963 783 1973 785 1973 786 1973 788 1973 789 1973 812 1963 887 1963 901 1973 902 1973 904 1973 962 1975 963 1976 1032 1976 1032 1975 1033 1975 1035 1975 1045 1967 1109 1975 1110 1975 1168 1963 1170 1949 1167 1902 1146 1908 1137 1900 1128 1894 1127 1894 1125 1894 1102 1894 1100 1894 1099 1894 1097 1894 1088 1900 1081 1905 1072 1900 1060 1894 1058 1894 1057 1894 1055 1894 1054 1894 1047 1900 1033 1908 913 1908 901 1899 899 1899 898 1899 896 1899 856 1906 831 1896 822 1893 820 1893 819 1893 801 1896 752 1906 694 1894 676 1891 675 1891 673 1891 672 1891 667 1894 657 1900 609 1893 603 1893 602 1893 600 1893 599 1893 587 1902 560 1894 559 1894 557 1894 556 1894 538 1903 519 1891 516 1890 514 1890 513 1890 511 1890 499 1891 440 1905 348 1905 304 1888 303 1888 301 1888 300 1888 292 1888 221 1897 126 1887 126 1942"/></Shape>
	    <String CONTENT="Timothee, nempe vt ſecundum prægreſſas"
                    HPOS="124"
                    VPOS="1887"
                    WIDTH="1046"
                    HEIGHT="89"></String>
          </TextLine>

          
          
          <TextLine ID="eSc_line_36b689f2"
                    TAGREFS="LT4117"
                    BASELINE="123 2009 1168 2019" 
                    HPOS="123"
                    VPOS="1954"
                    WIDTH="1045"
                    HEIGHT="89">
            <Shape><Polygon POINTS="124 2036 159 2024 217 2024 260 2036 272 2038 273 2038 275 2038 336 2036 447 2028 480 2034 508 2040 510 2040 511 2040 513 2040 519 2034 526 2028 535 2034 544 2038 545 2038 547 2038 591 2034 646 2028 663 2034 685 2041 687 2041 688 2043 722 2043 722 2041 724 2041 725 2041 734 2034 736 2033 743 2033 815 2043 816 2043 817 2043 847 2033 853 2031 1018 2031 1023 2033 1044 2040 1045 2040 1047 2040 1109 2033 1131 2043 1133 2043 1134 2043 1136 2043 1167 2031 1168 2019 1167 1979 1102 1979 1099 1978 1069 1966 1067 1966 1066 1966 933 1975 920 1975 916 1975 871 1960 870 1960 868 1960 867 1960 828 1972 809 1960 807 1960 806 1960 804 1960 745 1963 743 1963 742 1963 731 1972 724 1975 649 1975 641 1969 617 1958 615 1958 614 1958 513 1966 498 1958 496 1958 495 1958 493 1958 492 1958 481 1967 474 1972 456 1966 422 1955 420 1955 419 1955 352 1957 350 1957 349 1957 340 1964 331 1970 232 1970 223 1963 214 1954 212 1954 211 1954 209 1954 123 1960 123 2009"/></Shape>
	    <String CONTENT="de te prophetias, milites per eas bonam illam"
                    HPOS="123"
                    VPOS="1954"
                    WIDTH="1045"
                    HEIGHT="89"
                    WC="0.986114672819773"></String>
          </TextLine>

          
          
          <TextLine ID="eSc_line_65eaf449"
                    TAGREFS="LT4117"
                    BASELINE="123 2079 371 2086" 
                    HPOS="121"
                    VPOS="2025"
                    WIDTH="250"
                    HEIGHT="98">
            <Shape><Polygon POINTS="123 2079 121 2105 133 2117 133 2119 135 2119 136 2119 138 2119 205 2113 242 2122 243 2122 245 2122 246 2122 282 2108 297 2122 297 2123 298 2123 300 2123 301 2123 303 2123 339 2107 370 2107 371 2086 371 2052 285 2049 270 2036 270 2034 269 2034 267 2034 223 2025 221 2025 130 2044 123 2076"/></Shape>
	    <String CONTENT="militiam."
                    HPOS="121"
                    VPOS="2025"
                    WIDTH="250"
                    HEIGHT="98"
                    WC="0.979127413696713"></String>
          </TextLine>

          
          
          <TextLine ID="eSc_line_0662e212"
                    TAGREFS="LT4119"
                    BASELINE="176 2157 1173 2166" 
                    HPOS="175"
                    VPOS="2107"
                    WIDTH="998"
                    HEIGHT="103">
            <Shape><Polygon POINTS="176 2157 175 2186 258 2195 260 2195 325 2189 340 2196 342 2196 343 2196 373 2190 395 2201 397 2201 398 2201 446 2190 471 2202 472 2202 474 2202 475 2202 517 2192 532 2204 533 2204 535 2204 536 2205 642 2205 642 2204 643 2204 675 2192 728 2192 754 2205 755 2205 898 2207 899 2207 901 2207 902 2207 920 2195 944 2195 1008 2208 1009 2210 1140 2210 1140 2208 1142 2208 1171 2195 1173 2166 1173 2122 1145 2114 1143 2114 1142 2114 1099 2122 1088 2123 1079 2122 1051 2114 1049 2114 1048 2114 1047 2114 1032 2122 1021 2126 1014 2120 1003 2113 1002 2113 1000 2113 999 2113 931 2120 881 2125 849 2119 816 2113 815 2113 813 2113 801 2119 789 2123 761 2117 734 2113 733 2113 709 2117 678 2123 657 2116 642 2111 641 2111 639 2111 614 2116 596 2119 565 2116 527 2111 526 2111 524 2111 523 2111 520 2114 511 2122 484 2114 472 2111 471 2111 469 2111 446 2114 394 2120 359 2113 331 2107 330 2107 328 2107 327 2107 318 2113 307 2119 176 2111 176 2157"/></Shape>
	    <String CONTENT="Regreſſio eſt ad propoſitũ, &amp; huius Epiſtolæ"
                    HPOS="175"
                    VPOS="2107"
                    WIDTH="998"
                    HEIGHT="103"></String>
          </TextLine>

          
        </TextBlock>
        
        <TextBlock HPOS="898.5668334960938"
                   VPOS="2184.116455078125"
                   WIDTH="103.53729248046875"
                   HEIGHT="76.543701171875"
                   ID="block_2"
                   TAGREFS="BT10534">
          <Shape><Polygon POINTS="898.567 2184.12 1002.1 2184.12 1002.1 2260.66 898.567 2260.66 898.567 2184.12"/></Shape>
          
          
          <TextLine ID="eSc_line_49e916de"
                    TAGREFS="LT4119"
                    BASELINE="914 2226 991 2226" 
                    HPOS="914"
                    VPOS="2187"
                    WIDTH="77"
                    HEIGHT="69">
            <Shape><Polygon POINTS="914 2226 914 2247 945 2256 947 2256 948 2256 991 2250 991 2226 991 2195 914 2187 914 2226"/></Shape>
	    <String CONTENT="c.j."
                    HPOS="914"
                    VPOS="2187"
                    WIDTH="77"
                    HEIGHT="69"></String>
          </TextLine>

          
        </TextBlock>
        

        
      </PrintSpace>
    </Page>
  </Layout>
</alto>
