<?xml version="1.0" encoding="UTF-8"?>
<alto xmlns:xsi="http://www.w3.org/2001/XMLSchema-instance"
      xmlns="http://www.loc.gov/standards/alto/ns-v4#"
      xsi:schemaLocation="http://www.loc.gov/standards/alto/ns-v4# http://www.loc.gov/standards/alto/v4/alto-4-2.xsd">
  <Description>
    <MeasurementUnit>pixel</MeasurementUnit>
    <sourceImageInformation>
      <fileName>2012890.png</fileName>
      
    </sourceImageInformation>
  </Description>
  
  <Tags>
    <OtherTag ID="BT10544" LABEL="text" DESCRIPTION="block type text"/><OtherTag ID="BT10543" LABEL="NumberingZone" DESCRIPTION="block type NumberingZone"/><OtherTag ID="BT10542" LABEL="MainZone" DESCRIPTION="block type MainZone"/><OtherTag ID="BT10538" LABEL="RunningTitleZone" DESCRIPTION="block type RunningTitleZone"/><OtherTag ID="BT10537" LABEL="DropCapitalZone" DESCRIPTION="block type DropCapitalZone"/><OtherTag ID="BT10536" LABEL="GraphicZone" DESCRIPTION="block type GraphicZone"/><OtherTag ID="BT10535" LABEL="TitlePageZone" DESCRIPTION="block type TitlePageZone"/><OtherTag ID="BT10534" LABEL="QuireMarksZone" DESCRIPTION="block type QuireMarksZone"/><OtherTag ID="BT10533" LABEL="MarginTextZone" DESCRIPTION="block type MarginTextZone"/>
    <OtherTag ID="LT4122" LABEL="default" DESCRIPTION="line type default"/><OtherTag ID="LT4119" LABEL="DefaultLine" DESCRIPTION="line type DefaultLine"/><OtherTag ID="LT4118" LABEL="HeadingLine" DESCRIPTION="line type HeadingLine"/><OtherTag ID="LT4117" LABEL="CustomLine : BiblicalText" DESCRIPTION="line type CustomLine : BiblicalText"/>
  </Tags>
  
  <Layout>
    <Page WIDTH="1807"
          HEIGHT="2677"
          PHYSICAL_IMG_NR="6"
          ID="eSc_dummypage_">
      <PrintSpace HPOS="0"
                  VPOS="0"
                  WIDTH="1807"
                  HEIGHT="2677">
        
        <TextBlock HPOS="938.3507690429688"
                   VPOS="197.9398651123047"
                   WIDTH="371.48248291015625"
                   HEIGHT="55.15461730957031"
                   ID="block_1"
                   TAGREFS="BT10538">
          <Shape><Polygon POINTS="938.351 197.94 1309.83 197.94 1309.83 253.094 938.351 253.094 938.351 197.94"/></Shape>
          
          
          <TextLine ID="eSc_line_4490cb8d"
                    TAGREFS="LT4118"
                    BASELINE="941 237 1298 233" 
                    HPOS="939"
                    VPOS="196"
                    WIDTH="359"
                    HEIGHT="53">
            <Shape><Polygon POINTS="1267 200 1252 200 1237 200 1222 200 1207 199 1192 199 1177 199 1163 199 1148 199 1133 199 1118 197 1103 197 1088 197 1073 197 1067 197 1066 199 1036 196 1029 196 1014 196 999 196 984 196 969 199 954 205 939 211 941 237 941 249 1298 249 1298 233 1293 208 1282 200"/></Shape>
	    <String CONTENT="EPISTOLA."
                    HPOS="939"
                    VPOS="196"
                    WIDTH="359"
                    HEIGHT="53"></String>
          </TextLine>

          
        </TextBlock>
        
        <TextBlock HPOS="590.3298950195312"
                   VPOS="249.0933837890625"
                   WIDTH="1071.2752075195312"
                   HEIGHT="1922.5032958984375"
                   ID="block_0"
                   TAGREFS="BT10542">
          <Shape><Polygon POINTS="590.33 249.093 1661.61 249.093 1661.61 2171.6 590.33 2171.6 590.33 249.093"/></Shape>
          
          
          <TextLine ID="eSc_line_25839345"
                    TAGREFS="LT4119"
                    BASELINE="600 307 1643 301" 
                    HPOS="599"
                    VPOS="240"
                    WIDTH="1044"
                    HEIGHT="90">
            <Shape><Polygon POINTS="1632 251 1531 240 1466 240 1464 240 1463 240 1441 251 1439 251 1426 251 1351 245 1350 245 1348 245 1347 245 1342 249 1338 252 1277 249 1155 243 1154 243 1152 243 1136 249 1118 254 1096 248 1073 243 1072 243 1070 243 1060 248 1047 254 997 248 959 243 957 243 956 243 945 248 929 254 904 248 887 243 886 243 884 243 883 243 874 248 855 255 829 246 822 245 820 245 819 245 809 246 773 255 742 246 740 246 739 246 737 246 733 246 678 255 658 246 655 245 654 245 652 245 611 245 599 255 600 307 600 321 740 330 742 330 795 322 819 330 820 330 822 330 823 330 858 321 862 319 889 319 1052 327 1054 327 1179 318 1192 318 1194 318 1203 327 1204 327 1206 327 1207 328 1371 328 1371 327 1641 315 1643 301 1640 255"/></Shape>
	    <String CONTENT="Sic illa eiuſdem verbi Dei pars, quę diſci¬"
                    HPOS="599"
                    VPOS="240"
                    WIDTH="1044"
                    HEIGHT="90"></String>
          </TextLine>

          
          
          <TextLine ID="eSc_line_3610d735"
                    TAGREFS="LT4119"
                    BASELINE="602 377 1643 371" 
                    HPOS="600"
                    VPOS="315"
                    WIDTH="1043"
                    HEIGHT="88">
            <Shape><Polygon POINTS="602 377 602 398 645 403 646 403 672 398 701 392 712 398 719 401 721 401 794 403 795 403 844 397 890 391 910 395 928 401 929 401 931 401 963 395 989 391 994 395 1002 401 1003 401 1005 401 1006 401 1008 401 1009 401 1018 395 1027 391 1079 391 1093 394 1118 401 1119 401 1121 401 1122 401 1124 401 1124 400 1131 394 1137 389 1161 394 1183 397 1185 397 1206 392 1224 389 1229 392 1243 400 1244 400 1246 400 1308 392 1334 389 1380 391 1519 398 1521 398 1641 388 1643 371 1640 328 1561 315 1560 315 1508 327 1506 327 1456 315 1454 315 1453 315 1417 325 1392 315 1390 315 1389 315 1387 315 1365 327 1360 330 1252 330 1247 327 1225 316 1224 316 1222 316 1221 316 1200 327 1197 327 1116 330 1073 325 1032 322 1030 322 1029 322 1027 322 1024 325 1021 328 1015 325 994 318 993 318 991 318 953 325 951 325 928 318 926 318 925 318 835 325 828 325 820 325 765 319 764 319 762 319 749 325 742 328 734 325 721 319 719 319 718 319 600 324 602 377"/></Shape>
	    <String CONTENT="plinæ Eccleſiaſtic æ præcepta tradit, hu¬"
                    HPOS="600"
                    VPOS="315"
                    WIDTH="1043"
                    HEIGHT="88"
                    WC="0.99907119245064"></String>
          </TextLine>

          
          
          <TextLine ID="eSc_line_dde9cbae"
                    TAGREFS="LT4119"
                    BASELINE="602 444 1643 437" 
                    HPOS="600"
                    VPOS="383"
                    WIDTH="1043"
                    HEIGHT="83">
            <Shape><Polygon POINTS="602 444 602 466 660 464 661 464 663 464 673 455 710 465 712 465 713 465 715 465 757 455 803 462 804 462 806 462 828 453 945 464 962 464 963 464 971 462 1018 452 1213 452 1229 459 1234 461 1235 461 1237 462 1362 462 1362 461 1363 461 1375 458 1400 450 1423 456 1430 459 1432 459 1433 459 1641 453 1643 437 1640 395 1577 383 1576 383 1524 392 1380 385 1378 385 1216 397 1085 388 1084 388 1082 388 1081 388 1072 397 1036 386 1035 386 1033 386 1032 386 1002 398 905 388 904 388 856 397 820 388 819 388 817 388 816 388 782 397 734 389 733 389 731 389 696 400 643 392 642 392 600 401 602 444"/></Shape>
	    <String CONTENT="ius Eccleſiæ, velut corporis iam ſuis"
                    HPOS="600"
                    VPOS="383"
                    WIDTH="1043"
                    HEIGHT="83"
                    WC="0.993507826650465"></String>
          </TextLine>

          
          
          <TextLine ID="eSc_line_828c2f96"
                    TAGREFS="LT4119"
                    BASELINE="600 511 1644 508" 
                    HPOS="599"
                    VPOS="450"
                    WIDTH="1045"
                    HEIGHT="79">
            <Shape><Polygon POINTS="600 511 600 526 1641 529 1644 508 1641 465 1527 462 1512 450 1511 450 1509 450 1508 450 1444 462 1402 450 1400 450 1399 450 1337 464 1298 450 1296 450 1295 450 1293 450 1267 465 1231 465 1207 450 1206 450 1204 450 1122 450 1121 450 1119 450 1118 450 1096 465 1094 465 1091 465 1055 452 1054 452 1052 452 1000 461 883 452 881 452 880 452 878 452 858 465 856 465 849 465 806 458 804 458 771 465 768 465 767 465 752 452 751 452 749 452 748 452 746 452 706 464 687 452 685 452 684 452 682 452 681 452 657 465 655 465 599 465 600 511"/></Shape>
	    <String CONTENT="membris cõſtantis, ſed nudi veſtimẽtum,"
                    HPOS="599"
                    VPOS="450"
                    WIDTH="1045"
                    HEIGHT="79"
                    WC="0.986861359782335"></String>
          </TextLine>

          
          
          <TextLine ID="eSc_line_0b0c0521"
                    TAGREFS="LT4119"
                    BASELINE="602 581 1646 577" 
                    HPOS="600"
                    VPOS="526"
                    WIDTH="1046"
                    HEIGHT="77">
            <Shape><Polygon POINTS="602 581 602 597 669 593 736 599 779 602 780 602 834 599 926 593 938 599 941 602 942 602 944 602 945 602 947 602 953 599 965 594 1033 599 1055 600 1057 600 1073 599 1145 593 1155 600 1158 602 1160 602 1161 602 1163 603 1259 603 1259 602 1261 602 1267 600 1298 590 1345 600 1350 600 1351 602 1552 602 1552 600 1554 600 1573 590 1643 600 1646 577 1643 533 1442 526 1441 526 1439 526 1438 526 1430 533 1414 527 1412 527 1411 527 1106 535 963 527 962 527 731 536 670 529 669 529 600 538 602 581"/></Shape>
	    <String CONTENT="cultum, &amp; ornamentum compingit &amp;"
                    HPOS="600"
                    VPOS="526"
                    WIDTH="1046"
                    HEIGHT="77"
                    WC="0.99843942001462"></String>
          </TextLine>

          
          
          <TextLine ID="eSc_line_2c66b8fe"
                    TAGREFS="LT4119"
                    BASELINE="602 648 1649 645" 
                    HPOS="600"
                    VPOS="593"
                    WIDTH="1049"
                    HEIGHT="80">
            <Shape><Polygon POINTS="602 648 602 669 850 664 865 670 871 672 873 672 874 673 1033 673 1033 672 1070 670 1197 663 1222 670 1224 670 1225 670 1226 670 1228 670 1229 670 1256 663 1284 670 1286 670 1287 670 1289 672 1576 672 1576 670 1577 670 1612 663 1644 670 1649 645 1644 602 1592 606 1576 602 1549 593 1548 593 1546 593 1545 593 1527 602 1518 606 1506 602 1496 599 1494 599 1493 599 1491 599 1490 599 1485 602 1479 608 1392 608 1386 603 1368 594 1366 594 1302 593 1301 593 1299 593 1265 605 1258 608 1137 608 1134 606 1119 594 1118 594 1116 594 1029 594 1027 594 1026 594 987 608 984 608 983 608 968 597 966 597 965 597 963 597 962 597 939 606 928 597 926 597 925 597 923 597 922 597 904 605 875 594 874 594 817 594 816 594 815 594 776 608 725 594 724 594 722 594 721 594 719 594 706 606 666 606 633 596 632 596 630 596 629 596 600 608 602 648"/></Shape>
	    <String CONTENT="conſarcinat, quò decorè veſtiri polsit, vt"
                    HPOS="600"
                    VPOS="593"
                    WIDTH="1049"
                    HEIGHT="80"
                    WC="0.977672028270635"></String>
          </TextLine>

          
          
          <TextLine ID="eSc_line_7c33115a"
                    TAGREFS="LT4119"
                    BASELINE="605 716 1649 712" 
                    HPOS="603"
                    VPOS="660"
                    WIDTH="1046"
                    HEIGHT="71">
            <Shape><Polygon POINTS="605 716 605 731 1647 731 1649 712 1644 664 1522 669 1516 664 1511 660 1509 660 1508 660 1441 660 1439 660 1438 660 1421 666 1414 669 1406 666 1392 660 1390 660 1389 660 1341 667 1334 667 1329 667 1302 660 1301 660 1299 660 1219 667 1191 670 1185 669 1170 661 1168 661 1167 661 1165 661 1145 669 1143 669 1140 669 1103 661 1102 661 1100 661 1084 669 1081 670 1070 669 1032 664 1030 664 968 670 950 672 944 670 916 663 914 663 913 663 840 672 834 672 820 672 642 666 641 666 603 673 605 716"/></Shape>
	    <String CONTENT="ex eo quanta ſit vtriuſque, id eſt, doctrinæ"
                    HPOS="603"
                    VPOS="660"
                    WIDTH="1046"
                    HEIGHT="71"
                    WC="0.991459113630382"></String>
          </TextLine>

          
          
          <TextLine ID="eSc_line_1287a675"
                    TAGREFS="LT4119"
                    BASELINE="605 786 1644 782" 
                    HPOS="603"
                    VPOS="727"
                    WIDTH="1041"
                    HEIGHT="77">
            <Shape><Polygon POINTS="605 786 605 804 1643 800 1644 782 1641 739 1609 739 1609 737 1597 728 1597 727 1595 727 1594 727 1592 727 1543 737 1473 728 1472 728 1368 737 1366 737 1365 737 1351 727 1350 727 1348 727 1347 727 1301 737 1293 740 1174 740 1167 737 1125 727 1124 727 1122 727 1079 737 1078 737 1076 737 1055 727 1054 727 1052 727 1051 727 1020 737 1017 737 1014 737 963 727 962 727 960 727 938 737 931 742 874 742 868 737 856 728 855 728 853 728 852 728 850 728 819 737 806 740 791 737 754 728 697 728 696 728 694 728 693 728 684 737 679 740 672 737 652 728 651 728 649 728 603 736 605 786"/></Shape>
	    <String CONTENT="&amp; diſciplinæ Eccleſiæ inter ſe conſenſio"
                    HPOS="603"
                    VPOS="727"
                    WIDTH="1041"
                    HEIGHT="77"
                    WC="0.978286059200764"></String>
          </TextLine>

          
          
          <TextLine ID="eSc_line_6c65337c"
                    TAGREFS="LT4119"
                    BASELINE="605 852 1649 852" 
                    HPOS="605"
                    VPOS="795"
                    WIDTH="1044"
                    HEIGHT="85">
            <Shape><Polygon POINTS="605 852 605 867 645 877 646 877 648 877 681 868 682 868 813 868 816 870 826 875 828 875 829 875 831 875 832 875 856 870 862 868 864 870 874 878 875 878 877 878 878 878 1061 871 1148 868 1167 872 1195 878 1197 878 1198 878 1213 872 1221 870 1231 872 1252 878 1253 878 1255 880 1427 880 1427 878 1429 878 1436 874 1448 868 1473 874 1484 877 1485 877 1487 877 1488 877 1490 877 1493 875 1502 870 1647 875 1649 852 1649 806 1627 795 1625 795 1539 795 1537 795 1536 795 1511 804 1458 795 1457 795 1456 795 1435 806 1348 798 1347 798 1305 806 1280 797 1279 797 1277 797 1186 806 1167 797 1165 797 1099 795 1097 795 1096 795 1094 795 1084 804 980 798 978 798 977 798 975 798 965 807 874 807 846 795 844 795 843 795 841 795 800 806 762 795 761 795 759 795 758 795 757 795 746 806 699 806 661 795 660 795 658 795 657 795 655 795 645 806 605 806 605 852"/></Shape>
	    <String CONTENT="cõiunctióque, ſatis iã intelligi poſsit. Erit"
                    HPOS="605"
                    VPOS="795"
                    WIDTH="1044"
                    HEIGHT="85"></String>
          </TextLine>

          
          
          <TextLine ID="eSc_line_c6bacc05"
                    TAGREFS="LT4119"
                    BASELINE="603 922 1649 917" 
                    HPOS="602"
                    VPOS="867"
                    WIDTH="1047"
                    HEIGHT="78">
            <Shape><Polygon POINTS="603 922 603 935 621 945 623 945 624 945 626 945 651 935 819 935 868 935 870 935 883 944 884 944 886 944 887 944 889 944 890 944 899 935 922 944 923 944 925 945 996 945 996 944 997 944 999 944 1011 935 1014 935 1075 944 1076 944 1078 944 1099 935 1105 933 1163 933 1165 935 1174 942 1176 942 1177 942 1179 942 1240 936 1264 933 1268 936 1283 944 1284 944 1286 944 1356 942 1357 942 1369 936 1378 932 1415 936 1467 942 1469 942 1649 936 1649 917 1644 867 1554 868 1552 868 1551 868 1540 877 1481 868 1470 867 1469 867 1444 868 1298 878 1243 870 1237 870 1235 870 1234 870 1232 870 1207 880 1127 880 1081 871 1055 868 1054 868 1035 872 1005 878 965 872 939 870 938 870 936 870 922 872 901 878 847 874 794 870 792 870 791 870 780 874 770 880 737 875 700 870 699 870 697 870 684 875 673 880 657 875 632 870 630 870 629 870 627 870 602 875 603 922"/></Shape>
	    <String CONTENT="enim cœtus hominum, etiam eorum, qui"
                    HPOS="602"
                    VPOS="867"
                    WIDTH="1047"
                    HEIGHT="78"
                    WC="0.971788257360458"></String>
          </TextLine>

          
          
          <TextLine ID="eSc_line_831e69b8"
                    TAGREFS="LT4119"
                    BASELINE="608 987 1643 986" 
                    HPOS="606"
                    VPOS="933"
                    WIDTH="1037"
                    HEIGHT="79">
            <Shape><Polygon POINTS="608 987 608 1012 693 1002 841 1002 868 1009 870 1009 871 1009 873 1009 884 1003 892 1011 893 1011 895 1011 896 1011 960 1002 1014 1011 1015 1011 1017 1011 1038 1002 1128 1002 1145 1011 1146 1011 1148 1011 1149 1011 1283 1002 1341 1011 1342 1011 1500 1002 1589 1009 1591 1009 1592 1009 1594 1009 1604 1002 1638 1011 1643 986 1640 945 1574 945 1573 944 1554 933 1552 933 1551 933 1463 944 1458 944 1456 944 1420 933 1418 933 1417 933 1323 944 1311 945 1151 945 1148 942 1134 933 1133 933 1131 933 1130 933 1128 933 1102 942 1094 944 1082 942 1030 933 1029 933 984 941 941 933 939 933 938 933 922 941 920 942 917 941 893 933 892 933 890 933 606 939 608 987"/></Shape>
	    <String CONTENT="puram Dei prædicationem amplexi ſunt,"
                    HPOS="606"
                    VPOS="933"
                    WIDTH="1037"
                    HEIGHT="79"
                    WC="0.987352662795299"></String>
          </TextLine>

          
          
          <TextLine ID="eSc_line_a960f882"
                    TAGREFS="LT4119"
                    BASELINE="606 1057 1647 1054" 
                    HPOS="605"
                    VPOS="999"
                    WIDTH="1042"
                    HEIGHT="80">
            <Shape><Polygon POINTS="606 1057 606 1079 1646 1070 1647 1054 1646 1011 1615 1000 1613 1000 1612 1000 1496 1009 1494 1009 1493 1009 1426 999 1424 999 1423 999 1403 1009 1402 1011 1363 1011 1362 1009 1350 999 1348 999 1347 999 1295 999 1293 999 1292 999 1290 999 1279 1009 1277 1009 1238 999 1237 999 1235 999 1234 999 1212 1009 1210 1011 1125 1011 1122 1009 1112 1000 1110 1000 1109 1000 1049 1000 1048 1000 1047 1000 1045 1000 1045 1002 1036 1008 1033 1012 870 1012 865 1008 856 1000 855 1000 853 1000 852 1000 795 1008 770 1011 743 1008 691 1000 655 1000 654 1000 652 1000 651 1000 651 1002 643 1008 639 1011 605 1008 606 1057"/></Shape>
	    <String CONTENT="velut nudum quoddam, &amp; ſuis ornamen¬"
                    HPOS="605"
                    VPOS="999"
                    WIDTH="1042"
                    HEIGHT="80"
                    WC="0.987973181737794"></String>
          </TextLine>

          
          
          <TextLine ID="eSc_line_b8cd100c"
                    TAGREFS="LT4119"
                    BASELINE="606 1124 1649 1121" 
                    HPOS="605"
                    VPOS="1067"
                    WIDTH="1044"
                    HEIGHT="73">
            <Shape><Polygon POINTS="606 1124 606 1140 1647 1140 1649 1121 1646 1079 1573 1067 1572 1067 1506 1078 1481 1067 1479 1067 1478 1067 1423 1078 1392 1069 1390 1069 1389 1069 1387 1069 1351 1079 1188 1079 1003 1069 1002 1069 1000 1069 975 1079 965 1070 965 1069 963 1069 962 1069 898 1069 896 1069 847 1081 713 1081 666 1069 664 1069 605 1081 606 1124"/></Shape>
	    <String CONTENT="tis carens, &amp; deſtitutum corpus, niſi diſci¬"
                    HPOS="605"
                    VPOS="1067"
                    WIDTH="1044"
                    HEIGHT="73"
                    WC="0.989729416641322"></String>
          </TextLine>

          
          
          <TextLine ID="eSc_line_6e8e5f46"
                    TAGREFS="LT4119"
                    BASELINE="608 1194 1653 1194" 
                    HPOS="608"
                    VPOS="1134"
                    WIDTH="1045"
                    HEIGHT="78">
            <Shape><Polygon POINTS="608 1194 608 1212 1653 1209 1653 1194 1653 1148 1598 1139 1597 1139 1516 1145 1500 1137 1499 1137 1497 1137 1427 1145 1375 1134 1374 1134 1292 1146 1249 1134 1247 1134 1246 1134 1244 1134 1221 1146 1081 1146 1066 1134 1064 1134 1063 1134 1061 1134 996 1146 981 1134 980 1134 978 1134 905 1134 904 1134 902 1134 865 1146 797 1134 795 1134 794 1134 792 1134 776 1148 701 1148 657 1134 655 1134 654 1134 652 1134 608 1146 608 1194"/></Shape>
	    <String CONTENT="plinam Eccleſiaſticam ad veritatis lucem"
                    HPOS="608"
                    VPOS="1134"
                    WIDTH="1045"
                    HEIGHT="78"
                    WC="0.974824537336826"></String>
          </TextLine>

          
          
          <TextLine ID="eSc_line_1288b673"
                    TAGREFS="LT4119"
                    BASELINE="606 1261 1652 1258" 
                    HPOS="605"
                    VPOS="1204"
                    WIDTH="1047"
                    HEIGHT="79">
            <Shape><Polygon POINTS="606 1261 606 1281 838 1276 1017 1281 1070 1283 1072 1283 1073 1283 1079 1281 1102 1276 1145 1281 1149 1281 1151 1281 1152 1281 1154 1281 1161 1274 1177 1281 1179 1281 1180 1281 1182 1281 1183 1281 1185 1281 1210 1274 1247 1281 1252 1281 1253 1281 1262 1281 1347 1274 1369 1281 1371 1281 1372 1281 1374 1281 1381 1281 1429 1274 1442 1281 1444 1281 1445 1281 1447 1281 1456 1281 1519 1274 1649 1280 1652 1258 1650 1216 1609 1204 1607 1204 1606 1204 1485 1213 1442 1204 1441 1204 1383 1215 1368 1204 1366 1204 1365 1204 1262 1204 1261 1204 1259 1204 1258 1204 1243 1216 1124 1216 1076 1206 1075 1206 1073 1206 1048 1216 1048 1218 917 1218 917 1216 895 1206 893 1206 782 1206 780 1206 779 1206 748 1216 734 1206 733 1206 731 1206 730 1206 728 1206 727 1206 712 1216 712 1218 605 1218 606 1261"/></Shape>
	    <String CONTENT="&amp; profeſſionem adiunxerit. Denique illa"
                    HPOS="605"
                    VPOS="1204"
                    WIDTH="1047"
                    HEIGHT="79"
                    WC="0.972219436596601"></String>
          </TextLine>

          
          
          <TextLine ID="eSc_line_36da7739"
                    TAGREFS="LT4119"
                    BASELINE="606 1328 1650 1331" 
                    HPOS="605"
                    VPOS="1271"
                    WIDTH="1045"
                    HEIGHT="83">
            <Shape><Polygon POINTS="606 1328 605 1342 740 1353 742 1354 948 1354 948 1353 950 1353 971 1347 981 1345 1021 1348 1094 1353 1096 1353 1097 1353 1099 1353 1103 1348 1109 1345 1158 1350 1218 1354 1219 1354 1221 1354 1229 1350 1237 1347 1258 1350 1279 1354 1280 1354 1282 1354 1295 1351 1313 1347 1340 1351 1357 1354 1359 1354 1387 1351 1444 1347 1466 1353 1472 1354 1473 1354 1475 1354 1490 1353 1549 1347 1647 1354 1650 1331 1649 1286 1597 1286 1597 1284 1579 1273 1577 1273 1576 1273 1574 1273 1470 1284 1469 1284 1467 1284 1453 1273 1451 1273 1450 1273 1371 1273 1369 1273 1368 1273 1345 1284 1344 1284 1340 1284 1256 1273 1255 1273 1253 1273 1252 1273 1238 1284 1237 1286 1192 1286 1186 1284 1122 1271 1121 1271 1119 1271 1087 1283 978 1271 977 1271 926 1283 925 1283 886 1271 884 1271 883 1271 809 1283 803 1284 718 1284 716 1283 706 1274 706 1273 704 1273 703 1273 701 1273 700 1273 679 1283 678 1283 606 1283 606 1328"/></Shape>
	    <String CONTENT="eadem diſciplina rectè cuſtos ipſius fidei,"
                    HPOS="605"
                    VPOS="1271"
                    WIDTH="1045"
                    HEIGHT="83"
                    WC="0.972395592115142"></String>
          </TextLine>

          
          
          <TextLine ID="eSc_line_2a4abcf9"
                    TAGREFS="LT4119"
                    BASELINE="606 1396 1647 1392" 
                    HPOS="605"
                    VPOS="1341"
                    WIDTH="1042"
                    HEIGHT="79">
            <Shape><Polygon POINTS="606 1396 606 1411 856 1420 858 1420 859 1420 883 1411 951 1420 953 1420 1005 1418 1006 1418 1008 1418 1017 1409 1018 1409 1042 1409 1265 1418 1267 1418 1308 1408 1314 1408 1338 1408 1506 1417 1508 1417 1646 1406 1647 1392 1644 1356 1572 1341 1570 1341 1380 1350 1332 1344 1331 1344 1329 1344 1299 1356 1296 1356 1282 1354 1203 1348 1201 1348 1170 1354 1165 1356 1163 1354 1145 1347 1143 1347 1142 1347 1140 1347 1116 1354 1113 1356 1112 1354 1096 1342 1094 1342 1093 1342 1091 1342 1090 1342 1088 1342 1073 1354 1047 1342 1045 1342 1044 1342 1042 1342 1005 1354 1000 1356 993 1354 956 1348 954 1348 953 1348 938 1354 932 1359 847 1359 835 1354 789 1344 788 1344 786 1344 770 1351 762 1344 761 1344 759 1344 618 1344 617 1344 615 1344 614 1344 605 1350 606 1396"/></Shape>
	    <String CONTENT="doctrinæ, mater virtutum, vinculum ho¬"
                    HPOS="605"
                    VPOS="1341"
                    WIDTH="1042"
                    HEIGHT="79"
                    WC="0.965038862667586"></String>
          </TextLine>

          
          
          <TextLine ID="eSc_line_132ad59f"
                    TAGREFS="LT4119"
                    BASELINE="608 1467 1652 1464" 
                    HPOS="606"
                    VPOS="1409"
                    WIDTH="1046"
                    HEIGHT="76">
            <Shape><Polygon POINTS="608 1467 608 1479 1632 1485 1634 1485 1635 1485 1652 1476 1652 1464 1650 1418 1627 1409 1625 1409 1624 1409 1566 1417 1496 1409 1494 1409 1427 1417 1409 1409 1408 1409 1406 1409 1325 1417 1130 1411 1128 1411 1127 1411 1125 1411 1115 1418 1102 1411 1100 1411 1099 1411 1058 1420 737 1420 685 1411 684 1411 606 1420 608 1467"/></Shape>
	    <String CONTENT="neſtatis, neruus ſocietatis Chriſtianæ à"
                    HPOS="606"
                    VPOS="1409"
                    WIDTH="1046"
                    HEIGHT="76"
                    WC="0.965775933207535"></String>
          </TextLine>

          
          
          <TextLine ID="eSc_line_45063cba"
                    TAGREFS="LT4119"
                    BASELINE="608 1533 1650 1530" 
                    HPOS="606"
                    VPOS="1476"
                    WIDTH="1044"
                    HEIGHT="84">
            <Shape><Polygon POINTS="608 1533 608 1554 639 1549 646 1555 651 1558 652 1558 654 1558 655 1560 699 1560 699 1558 715 1555 740 1549 789 1555 809 1557 810 1557 823 1555 855 1549 864 1555 867 1558 868 1558 870 1558 871 1558 873 1558 884 1555 902 1551 942 1555 969 1558 971 1558 972 1558 974 1558 977 1555 987 1549 1057 1549 1100 1555 1118 1558 1119 1558 1121 1558 1122 1558 1125 1555 1137 1548 1176 1557 1182 1557 1183 1558 1287 1558 1287 1557 1289 1557 1290 1557 1304 1549 1456 1555 1457 1555 1493 1548 1521 1557 1522 1557 1524 1558 1649 1558 1650 1530 1647 1488 1551 1476 1549 1476 1548 1476 1527 1487 1476 1478 1475 1478 1473 1478 1454 1488 1387 1488 1372 1476 1371 1476 1369 1476 1316 1476 1314 1476 1313 1476 1311 1476 1311 1478 1299 1488 1177 1488 1137 1476 1136 1476 1134 1476 1041 1484 1018 1478 1017 1478 1015 1478 1014 1478 994 1488 963 1478 962 1478 960 1478 959 1478 957 1478 941 1488 858 1478 856 1478 855 1478 826 1490 770 1490 758 1479 758 1478 757 1478 755 1478 722 1478 721 1478 669 1488 623 1478 621 1478 620 1478 618 1478 606 1487 608 1533"/></Shape>
	    <String CONTENT="Patribus Eccleſiaſticis appellatur: cuius"
                    HPOS="606"
                    VPOS="1476"
                    WIDTH="1044"
                    HEIGHT="84"
                    WC="0.993891468862208"></String>
          </TextLine>

          
          
          <TextLine ID="eSc_line_4febabc2"
                    TAGREFS="LT4119"
                    BASELINE="600 1600 1656 1604" 
                    HPOS="599"
                    VPOS="1548"
                    WIDTH="1057"
                    HEIGHT="79">
            <Shape><Polygon POINTS="600 1600 599 1613 673 1624 675 1624 877 1618 933 1616 939 1618 950 1625 951 1625 953 1625 954 1625 1003 1619 1018 1618 1035 1619 1075 1625 1076 1625 1207 1622 1307 1619 1368 1624 1409 1627 1411 1627 1412 1627 1420 1624 1435 1619 1475 1625 1490 1627 1491 1627 1502 1625 1539 1619 1653 1627 1656 1604 1656 1564 1592 1549 1506 1549 1505 1549 1503 1549 1484 1560 1463 1549 1461 1549 1383 1549 1381 1549 1380 1549 1354 1563 1338 1549 1337 1549 1335 1549 1304 1548 1302 1548 1301 1548 1277 1560 1218 1548 1216 1548 1152 1558 1049 1548 1048 1548 1047 1548 1045 1548 1029 1561 1027 1563 991 1563 990 1561 975 1548 974 1548 972 1548 971 1548 969 1548 942 1557 916 1549 914 1549 913 1549 911 1549 910 1549 896 1560 896 1561 873 1561 873 1560 859 1549 858 1549 856 1549 855 1549 853 1549 852 1549 838 1560 600 1560 600 1600"/></Shape>
	    <String CONTENT="certè tanta vis eſt, vt ſola illud conciliet"
                    HPOS="599"
                    VPOS="1548"
                    WIDTH="1057"
                    HEIGHT="79"
                    WC="0.97734243604872"></String>
          </TextLine>

          
          
          <TextLine ID="eSc_line_2d9a8565"
                    TAGREFS="LT4119"
                    BASELINE="611 1673 1653 1673" 
                    HPOS="611"
                    VPOS="1615"
                    WIDTH="1042"
                    HEIGHT="77">
            <Shape><Polygon POINTS="611 1673 611 1685 620 1690 621 1690 623 1690 624 1690 716 1683 719 1683 721 1683 832 1692 834 1692 1063 1686 1203 1683 1284 1689 1335 1692 1337 1692 1338 1692 1347 1689 1369 1683 1652 1692 1653 1673 1653 1628 1555 1615 1554 1615 1552 1615 1530 1624 1482 1615 1481 1615 1322 1627 1305 1627 1298 1627 1249 1616 1247 1616 1246 1616 1222 1625 1222 1627 1142 1627 1139 1625 1127 1618 1125 1618 1124 1618 1122 1618 1121 1618 1107 1625 1091 1615 1090 1615 1088 1615 1087 1615 914 1625 867 1627 853 1624 809 1615 807 1615 752 1624 749 1624 736 1615 734 1615 733 1615 731 1615 730 1615 728 1615 715 1624 710 1624 639 1615 638 1615 636 1615 611 1622 611 1673"/></Shape>
	    <String CONTENT="Eccleſiæ, quod decorum, venuſtatem,"
                    HPOS="611"
                    VPOS="1615"
                    WIDTH="1042"
                    HEIGHT="77"
                    WC="0.980251659665789"></String>
          </TextLine>

          
          
          <TextLine ID="eSc_line_bc798c63"
                    TAGREFS="LT4119"
                    BASELINE="609 1737 1655 1740" 
                    HPOS="608"
                    VPOS="1682"
                    WIDTH="1047"
                    HEIGHT="84">
            <Shape><Polygon POINTS="609 1737 608 1751 627 1763 629 1763 630 1763 632 1763 877 1753 889 1753 904 1762 905 1762 907 1762 908 1762 1042 1754 1081 1753 1093 1754 1137 1765 1139 1765 1207 1756 1226 1754 1261 1757 1354 1765 1356 1766 1438 1766 1438 1765 1439 1765 1441 1765 1441 1763 1447 1759 1451 1754 1466 1759 1475 1762 1476 1762 1478 1762 1479 1762 1481 1762 1484 1759 1493 1754 1652 1760 1655 1740 1655 1695 1619 1683 1618 1683 1448 1683 1447 1683 1368 1693 1365 1695 1194 1695 1194 1693 1174 1685 1173 1685 1171 1685 1170 1685 1145 1693 1143 1693 1122 1686 1121 1686 1119 1686 1014 1690 1003 1682 1002 1682 1000 1682 999 1682 791 1692 779 1683 779 1682 777 1682 776 1682 774 1682 727 1689 624 1682 623 1682 621 1682 620 1682 609 1687 609 1737"/></Shape>
	    <String CONTENT="ſplendorem, &amp; ornamentum appellamus,"
                    HPOS="608"
                    VPOS="1682"
                    WIDTH="1047"
                    HEIGHT="84"
                    WC="0.979764067464405"></String>
          </TextLine>

          
          
          <TextLine ID="eSc_line_3b5e07db"
                    TAGREFS="LT4119"
                    BASELINE="611 1805 1652 1804" 
                    HPOS="609"
                    VPOS="1751"
                    WIDTH="1043"
                    HEIGHT="79">
            <Shape><Polygon POINTS="611 1805 611 1820 635 1829 636 1829 638 1829 684 1820 690 1820 696 1820 752 1829 754 1830 801 1830 801 1829 803 1829 804 1829 815 1820 817 1820 861 1829 862 1829 917 1820 922 1820 963 1820 1512 1829 1514 1829 1515 1829 1542 1820 1577 1829 1579 1829 1580 1829 1650 1818 1652 1804 1649 1756 1518 1751 1516 1751 1515 1751 1514 1751 1506 1756 1499 1760 1485 1756 1467 1751 1466 1751 1464 1751 1415 1757 1381 1760 1365 1757 1340 1751 1338 1751 1337 1751 1323 1757 1319 1759 1316 1757 1304 1753 1302 1753 1301 1753 1299 1753 1298 1753 1292 1757 1286 1762 1197 1762 1189 1759 1167 1751 1165 1751 1164 1751 1163 1751 1161 1751 1149 1759 1146 1760 1142 1759 1122 1751 1121 1751 1119 1751 1082 1759 1073 1760 1064 1759 1011 1751 1009 1751 953 1760 948 1760 947 1760 929 1751 928 1751 856 1751 855 1751 853 1751 852 1751 841 1760 841 1762 817 1762 770 1762 727 1751 725 1751 724 1751 697 1760 670 1751 669 1751 667 1751 666 1751 664 1751 654 1762 609 1762 611 1805"/></Shape>
	    <String CONTENT="adeóque ſpecioſam eam reddat, vt ab hæ¬"
                    HPOS="609"
                    VPOS="1751"
                    WIDTH="1043"
                    HEIGHT="79"></String>
          </TextLine>

          
          
          <TextLine ID="eSc_line_d25a9bbf"
                    TAGREFS="LT4119"
                    BASELINE="609 1875 1656 1875" 
                    HPOS="609"
                    VPOS="1817"
                    WIDTH="1047"
                    HEIGHT="82">
            <Shape><Polygon POINTS="609 1887 623 1894 624 1894 626 1894 627 1894 629 1894 638 1887 639 1887 782 1887 783 1887 800 1897 801 1897 803 1897 804 1897 907 1887 913 1887 1061 1887 1063 1887 1087 1894 1088 1894 1090 1894 1125 1887 1146 1897 1148 1897 1149 1899 1200 1899 1200 1897 1201 1897 1225 1887 1244 1894 1246 1894 1247 1894 1249 1894 1274 1888 1360 1897 1362 1897 1432 1888 1512 1897 1514 1897 1515 1897 1516 1897 1527 1888 1548 1897 1549 1897 1551 1899 1627 1899 1627 1897 1628 1897 1656 1885 1656 1875 1656 1833 1566 1833 1564 1832 1554 1823 1554 1821 1552 1821 1551 1821 1493 1818 1491 1818 1490 1818 1454 1830 1447 1833 1377 1833 1369 1829 1344 1817 1342 1817 1341 1817 1340 1817 1338 1817 1338 1818 1326 1827 1322 1833 1290 1833 1274 1827 1241 1817 1240 1817 1238 1817 1177 1826 1157 1829 1152 1826 1142 1817 1140 1817 1139 1817 1081 1817 1079 1817 1047 1824 1012 1832 991 1823 977 1817 975 1817 908 1817 907 1817 905 1817 893 1821 870 1832 826 1821 807 1817 806 1817 804 1817 803 1817 798 1820 785 1829 755 1820 743 1817 742 1817 740 1817 722 1820 687 1826 673 1818 672 1818 670 1818 669 1818 667 1818 666 1818 643 1829 611 1818 609 1875 609 1887"/></Shape>
	    <String CONTENT="reticis (qui iſtius diſciplinæ fuerunt ſem¬"
                    HPOS="609"
                    VPOS="1817"
                    WIDTH="1047"
                    HEIGHT="82"
                    WC="0.975823681021846"></String>
          </TextLine>

          
          
          <TextLine ID="eSc_line_f6d2ad1f"
                    TAGREFS="LT4119"
                    BASELINE="608 1943 1659 1940" 
                    HPOS="606"
                    VPOS="1885"
                    WIDTH="1053"
                    HEIGHT="81">
            <Shape><Polygon POINTS="608 1943 608 1966 657 1957 1015 1964 1017 1964 1064 1957 1430 1963 1432 1963 1496 1955 1656 1963 1659 1940 1656 1897 1585 1885 1583 1885 1494 1896 1426 1888 1424 1888 1381 1896 1350 1885 1348 1885 1347 1885 1238 1893 1206 1885 1204 1885 1203 1885 1201 1885 1200 1885 1183 1896 1063 1887 1061 1887 1060 1887 1039 1899 819 1899 801 1887 800 1887 798 1887 797 1887 795 1887 765 1897 733 1887 731 1887 730 1887 688 1896 654 1887 652 1887 651 1887 649 1887 606 1899 608 1943"/></Shape>
	    <String CONTENT="per hoſtes maximi &amp; infeſtiſſimi ) inuidio¬"
                    HPOS="606"
                    VPOS="1885"
                    WIDTH="1053"
                    HEIGHT="81"
                    WC="0.962480011374451"></String>
          </TextLine>

          
          
          <TextLine ID="eSc_line_5ba0890d"
                    TAGREFS="LT4119"
                    BASELINE="609 2009 1656 2013" 
                    HPOS="609"
                    VPOS="1954"
                    WIDTH="1047"
                    HEIGHT="82">
            <Shape><Polygon POINTS="609 2009 609 2031 699 2025 719 2033 721 2033 722 2033 1177 2034 1179 2034 1183 2034 1259 2027 1284 2034 1286 2034 1287 2034 1289 2034 1307 2027 1319 2034 1319 2036 1320 2036 1322 2036 1323 2036 1334 2036 1392 2028 1445 2036 1451 2036 1453 2036 1467 2036 1610 2028 1653 2036 1656 2013 1656 1972 1625 1957 1624 1957 1622 1957 1540 1966 1527 1957 1525 1957 1524 1957 1447 1957 1445 1957 1444 1957 1442 1957 1427 1970 1424 1969 1384 1957 1383 1957 1381 1957 1380 1957 1345 1969 1340 1970 1332 1969 1305 1963 1304 1963 1219 1967 1192 1969 1185 1967 1137 1955 1136 1955 1134 1955 1058 1964 957 1954 956 1954 826 1964 780 1969 660 1969 654 1963 646 1957 646 1955 645 1955 643 1955 642 1955 609 1961 609 2009"/></Shape>
	    <String CONTENT="ſo nomine lenocinium vt ait Tertull."
                    HPOS="609"
                    VPOS="1954"
                    WIDTH="1047"
                    HEIGHT="82"
                    WC="0.988568754659759"></String>
          </TextLine>

          
          
          <TextLine ID="eSc_line_cdfefc8d"
                    TAGREFS="LT4119"
                    BASELINE="606 2080 1661 2080" 
                    HPOS="606"
                    VPOS="2024"
                    WIDTH="1055"
                    HEIGHT="81">
            <Shape><Polygon POINTS="606 2080 606 2095 655 2102 657 2102 730 2096 758 2095 764 2096 782 2104 783 2104 785 2104 786 2104 806 2098 812 2095 817 2098 829 2104 831 2104 832 2104 834 2104 858 2098 868 2095 875 2098 887 2104 889 2104 890 2104 892 2104 907 2098 916 2095 925 2098 939 2104 941 2104 942 2104 999 2099 1047 2095 1060 2099 1073 2104 1075 2104 1076 2104 1097 2099 1113 2096 1146 2101 1179 2104 1180 2104 1201 2101 1232 2095 1240 2101 1243 2104 1244 2104 1246 2104 1247 2104 1249 2104 1261 2101 1280 2096 1286 2101 1289 2104 1290 2104 1292 2104 1293 2105 1357 2105 1357 2104 1375 2102 1435 2095 1458 2102 1461 2104 1463 2104 1464 2104 1473 2102 1519 2095 1579 2104 1583 2104 1585 2104 1586 2104 1606 2095 1659 2104 1661 2080 1661 2038 1572 2024 1570 2024 1518 2025 1516 2025 1515 2025 1500 2036 1497 2038 1304 2038 1292 2033 1271 2024 1270 2024 1268 2024 1226 2031 1207 2036 1191 2031 1164 2024 1163 2024 1161 2024 1113 2030 1102 2031 1070 2030 980 2024 978 2024 977 2024 968 2028 948 2038 892 2038 878 2027 877 2027 875 2027 823 2024 822 2024 820 2024 819 2024 816 2027 806 2033 780 2025 773 2024 771 2024 770 2024 768 2024 767 2024 765 2025 752 2037 722 2027 721 2027 719 2027 718 2027 679 2037 651 2024 649 2024 606 2024 606 2080"/></Shape>
	    <String CONTENT="Eccleſiaſtica diſciplina diceretur. Cùm"
                    HPOS="606"
                    VPOS="2024"
                    WIDTH="1055"
                    HEIGHT="81"
                    WC="0.983157229423523"></String>
          </TextLine>

          
          
          <TextLine ID="eSc_line_105b55b6"
                    TAGREFS="LT4119"
                    BASELINE="606 2147 1653 2147" 
                    HPOS="606"
                    VPOS="2091"
                    WIDTH="1047"
                    HEIGHT="98">
            <Shape><Polygon POINTS="606 2147 606 2184 1118 2171 1127 2177 1139 2187 1140 2187 1142 2187 1143 2189 1271 2189 1271 2187 1273 2187 1296 2177 1329 2187 1331 2187 1332 2187 1386 2177 1496 2187 1497 2187 1499 2187 1539 2172 1598 2184 1600 2184 1601 2184 1653 2169 1653 2147 1653 2101 1589 2101 1579 2091 1577 2091 1576 2091 1574 2091 1506 2099 1408 2091 1406 2091 1405 2091 1403 2091 1393 2098 1386 2092 1384 2092 1383 2092 1381 2092 1258 2099 1201 2091 1200 2091 1198 2091 1164 2099 1116 2091 1115 2091 1113 2091 1093 2099 1064 2091 1063 2091 1061 2091 1003 2099 993 2091 991 2091 990 2091 893 2091 892 2091 890 2091 889 2091 878 2101 742 2101 731 2091 730 2091 728 2091 727 2091 670 2099 636 2091 635 2091 633 2091 632 2091 606 2099 606 2147"/></Shape>
	    <String CONTENT="ſit igitur hæc diſciplina illa iuſtitiæ"
                    HPOS="606"
                    VPOS="2091"
                    WIDTH="1047"
                    HEIGHT="98"
                    WC="0.983493260848217"></String>
          </TextLine>

          
        </TextBlock>
        
        <TextBlock HPOS="1523.701171875"
                   VPOS="2186.790771484375"
                   WIDTH="132.646240234375"
                   HEIGHT="59.00732421875"
                   ID="block_2"
                   TAGREFS="BT10534">
          <Shape><Polygon POINTS="1523.7 2186.79 1656.35 2186.79 1656.35 2245.8 1523.7 2245.8 1523.7 2186.79"/></Shape>
          
          
          <TextLine ID="eSc_line_b669c52b"
                    TAGREFS="LT4119"
                    BASELINE="1531 2218 1650 2215" 
                    HPOS="1528"
                    VPOS="2169"
                    WIDTH="122"
                    HEIGHT="90">
            <Shape><Polygon POINTS="1531 2218 1531 2259 1557 2259 1557 2257 1558 2257 1560 2257 1561 2256 1592 2236 1649 2248 1650 2215 1646 2169 1528 2174 1531 2218"/></Shape>
	    <String CONTENT="pars"
                    HPOS="1528"
                    VPOS="2169"
                    WIDTH="122"
                    HEIGHT="90"
                    WC="0.950866371393204"></String>
          </TextLine>

          
        </TextBlock>
        

        
      </PrintSpace>
    </Page>
  </Layout>
</alto>
