<?xml version="1.0" encoding="UTF-8"?>
<alto xmlns:xsi="http://www.w3.org/2001/XMLSchema-instance"
      xmlns="http://www.loc.gov/standards/alto/ns-v4#"
      xsi:schemaLocation="http://www.loc.gov/standards/alto/ns-v4# http://www.loc.gov/standards/alto/v4/alto-4-2.xsd">
  <Description>
    <MeasurementUnit>pixel</MeasurementUnit>
    <sourceImageInformation>
      <fileName>2012935.png</fileName>
      
    </sourceImageInformation>
  </Description>
  
  <Tags>
    <OtherTag ID="BT10544" LABEL="text" DESCRIPTION="block type text"/><OtherTag ID="BT10543" LABEL="NumberingZone" DESCRIPTION="block type NumberingZone"/><OtherTag ID="BT10542" LABEL="MainZone" DESCRIPTION="block type MainZone"/><OtherTag ID="BT10538" LABEL="RunningTitleZone" DESCRIPTION="block type RunningTitleZone"/><OtherTag ID="BT10537" LABEL="DropCapitalZone" DESCRIPTION="block type DropCapitalZone"/><OtherTag ID="BT10536" LABEL="GraphicZone" DESCRIPTION="block type GraphicZone"/><OtherTag ID="BT10535" LABEL="TitlePageZone" DESCRIPTION="block type TitlePageZone"/><OtherTag ID="BT10534" LABEL="QuireMarksZone" DESCRIPTION="block type QuireMarksZone"/><OtherTag ID="BT10533" LABEL="MarginTextZone" DESCRIPTION="block type MarginTextZone"/>
    <OtherTag ID="LT4122" LABEL="default" DESCRIPTION="line type default"/><OtherTag ID="LT4119" LABEL="DefaultLine" DESCRIPTION="line type DefaultLine"/><OtherTag ID="LT4118" LABEL="HeadingLine" DESCRIPTION="line type HeadingLine"/><OtherTag ID="LT4117" LABEL="CustomLine : BiblicalText" DESCRIPTION="line type CustomLine : BiblicalText"/>
  </Tags>
  
  <Layout>
    <Page WIDTH="1807"
          HEIGHT="2677"
          PHYSICAL_IMG_NR="51"
          ID="eSc_dummypage_">
      <PrintSpace HPOS="0"
                  VPOS="0"
                  WIDTH="1807"
                  HEIGHT="2677">
        
        <TextBlock HPOS="459.32476806640625"
                   VPOS="183.2907257080078"
                   WIDTH="321.30267333984375"
                   HEIGHT="64.17982482910156"
                   ID="block_3"
                   TAGREFS="BT10538">
          <Shape><Polygon POINTS="459.325 183.291 780.627 183.291 780.627 247.471 459.325 247.471 459.325 183.291"/></Shape>
          
          
          <TextLine ID="eSc_line_03768395"
                    TAGREFS="LT4118"
                    BASELINE="459 232 782 224" 
                    HPOS="458"
                    VPOS="172"
                    WIDTH="324"
                    HEIGHT="77">
            <Shape><Polygon POINTS="740 172 725 172 710 172 696 172 681 172 666 172 655 172 633 181 618 174 606 174 597 182 551 182 541 175 532 175 517 176 502 176 499 176 489 179 484 176 472 176 462 178 458 182 459 232 459 245 568 249 569 249 571 249 572 249 582 240 588 237 612 239 651 243 652 243 701 236 715 234 721 236 757 245 758 245 759 245 761 245 782 233 782 224 780 179 768 174 755 174"/></Shape>
	    <String CONTENT="CAPVT I."
                    HPOS="458"
                    VPOS="172"
                    WIDTH="324"
                    HEIGHT="77"
                    WC="0.998997092247009"></String>
          </TextLine>

          
        </TextBlock>
        
        <TextBlock HPOS="1130.5030517578125"
                   VPOS="186.64866638183594"
                   WIDTH="57.229248046875"
                   HEIGHT="55.09381103515625"
                   ID="block_1"
                   TAGREFS="BT10543">
          <Shape><Polygon POINTS="1130.5 186.649 1187.73 186.649 1187.73 241.742 1130.5 241.742 1130.5 186.649"/></Shape>
          
          
          <TextLine ID="eSc_line_58445ab6"
                    TAGREFS="LT4119"
                    BASELINE="1133 220 1173 224" 
                    HPOS="1130"
                    VPOS="179"
                    WIDTH="43"
                    HEIGHT="66">
            <Shape><Polygon POINTS="1165 179 1151 182 1136 185 1133 220 1130 240 1168 245 1173 224 1173 181 1165 179"/></Shape>
	    <String CONTENT="23"
                    HPOS="1130"
                    VPOS="179"
                    WIDTH="43"
                    HEIGHT="66"
                    WC="0.998788595199585"></String>
          </TextLine>

          
        </TextBlock>
        
        <TextBlock HPOS="132.70220947265625"
                   VPOS="247.8048553466797"
                   WIDTH="1087.5488891601562"
                   HEIGHT="1957.7110137939453"
                   ID="block_0"
                   TAGREFS="BT10542">
          <Shape><Polygon POINTS="132.702 247.805 1220.25 247.805 1220.25 2205.52 132.702 2205.52 132.702 247.805"/></Shape>
          
          
          <TextLine ID="eSc_line_43588bb3"
                    TAGREFS="LT4119"
                    BASELINE="135 310 1186 288" 
                    HPOS="135"
                    VPOS="230"
                    WIDTH="1051"
                    HEIGHT="95">
            <Shape><Polygon POINTS="356 254 343 249 279 246 278 246 154 260 148 266 139 272 135 310 135 325 624 321 678 313 696 312 710 313 762 318 764 318 765 318 785 310 788 310 794 310 832 316 834 316 835 316 837 316 837 315 843 309 844 309 849 309 886 315 887 315 889 315 908 307 911 307 923 307 1023 312 1024 312 1026 312 1045 304 1047 304 1049 304 1102 310 1103 310 1186 300 1186 288 1183 239 1128 232 1127 232 1076 239 1055 230 1054 230 1052 230 1051 230 1027 242 1026 243 974 243 972 243 953 233 951 233 910 233 908 233 907 233 870 245 868 246 679 249 675 249 626 239 624 239 557 252 550 252 542 252 487 246 486 246 484 246 483 246 475 254 474 254 447 243 446 243 444 243 443 243 411 254 368 251 356 254"/></Shape>
	    <String CONTENT="tantùm benedictum, ſed beatum. Definit deni¬"
                    HPOS="135"
                    VPOS="230"
                    WIDTH="1051"
                    HEIGHT="95"
                    WC="0.977684805128309"></String>
          </TextLine>

          
          
          <TextLine ID="eSc_line_0e1826c7"
                    TAGREFS="LT4119"
                    BASELINE="139 368 1186 350" 
                    HPOS="138"
                    VPOS="300"
                    WIDTH="1048"
                    HEIGHT="83">
            <Shape><Polygon POINTS="139 368 139 383 1186 367 1186 350 1182 301 1063 307 1039 304 1011 300 1009 300 1008 300 994 306 981 310 919 307 841 303 840 303 838 303 837 303 831 309 826 312 812 310 777 304 776 304 774 304 752 312 739 315 713 312 663 306 661 306 660 306 635 313 626 316 600 315 524 309 523 309 419 319 398 321 395 319 382 313 380 313 254 313 252 313 138 325 139 368"/></Shape>
	    <String CONTENT="que illud Euangelium eſſe eam doctrinam, quæ"
                    HPOS="138"
                    VPOS="300"
                    WIDTH="1048"
                    HEIGHT="83"
                    WC="0.989268801429055"></String>
          </TextLine>

          
          
          <TextLine ID="eSc_line_1c66d9cd"
                    TAGREFS="LT4119"
                    BASELINE="138 428 1182 407" 
                    HPOS="136"
                    VPOS="359"
                    WIDTH="1046"
                    HEIGHT="93">
            <Shape><Polygon POINTS="138 428 138 440 209 452 211 452 273 450 275 450 276 450 288 441 307 449 309 449 310 449 361 437 362 437 364 437 504 446 505 446 507 446 508 446 520 437 563 444 565 444 566 444 600 434 626 443 627 443 629 443 679 434 731 441 733 441 807 428 810 428 812 428 837 438 838 438 840 438 893 437 895 437 896 437 896 435 907 426 926 434 928 434 929 434 1011 425 1012 425 1096 434 1097 434 1099 434 1100 434 1100 432 1110 423 1127 429 1128 429 1130 429 1182 420 1182 407 1179 367 1014 361 1012 361 928 370 898 359 896 359 895 359 893 359 867 368 807 361 806 361 804 361 774 373 643 367 642 367 533 377 520 368 519 368 517 368 516 368 455 379 438 368 437 368 435 368 434 368 209 373 136 385 138 428"/></Shape>
	    <String CONTENT="ab ipſo &amp; collegis prædicatur Chriſti mandato."
                    HPOS="136"
                    VPOS="359"
                    WIDTH="1046"
                    HEIGHT="93"
                    WC="0.997661335312802"></String>
          </TextLine>

          
          
          <TextLine ID="eSc_line_8f6395c8"
                    TAGREFS="LT4119"
                    BASELINE="139 487 1185 466" 
                    HPOS="138"
                    VPOS="419"
                    WIDTH="1047"
                    HEIGHT="83">
            <Shape><Polygon POINTS="139 487 139 498 435 502 437 502 538 493 571 499 572 499 574 499 597 490 658 498 660 498 661 498 690 489 734 496 736 496 887 484 1106 489 1107 489 1185 477 1185 466 1182 431 1069 419 1067 419 1066 419 1035 431 1030 432 1014 431 911 422 910 422 908 422 874 432 868 434 862 432 835 423 834 423 832 423 636 428 635 428 611 434 585 441 571 434 566 432 565 432 563 432 562 432 560 432 557 435 544 443 489 443 477 435 471 431 469 431 468 431 466 431 465 431 450 435 435 440 397 435 362 432 361 432 316 434 315 434 309 437 285 449 205 449 138 438 139 487"/></Shape>
	    <String CONTENT="Itaque videri poteſt argumentum ab enumera¬"
                    HPOS="138"
                    VPOS="419"
                    WIDTH="1047"
                    HEIGHT="83"
                    WC="0.994445824345877"></String>
          </TextLine>

          
          
          <TextLine ID="eSc_line_43f0c42d"
                    TAGREFS="LT4119"
                    BASELINE="141 545 1189 524" 
                    HPOS="139"
                    VPOS="475"
                    WIDTH="1050"
                    HEIGHT="90">
            <Shape><Polygon POINTS="141 545 141 560 288 565 290 565 359 556 377 554 388 556 428 562 429 562 431 562 447 554 452 553 472 554 557 559 559 559 615 550 623 550 624 550 635 557 636 557 638 557 639 557 641 557 661 550 666 548 669 550 688 556 690 556 691 556 693 556 724 548 725 548 728 548 812 554 813 554 1018 541 1039 541 1049 541 1174 547 1176 547 1177 547 1179 547 1189 539 1189 524 1188 489 1139 475 1137 475 1136 475 1079 489 1069 481 1067 481 1066 481 1064 481 1008 487 965 478 963 478 892 493 887 493 883 493 838 481 837 481 835 481 834 481 832 481 812 495 810 495 798 495 679 484 678 484 676 484 675 484 660 496 657 499 617 499 615 498 591 486 590 486 588 486 587 486 562 493 466 489 465 489 464 489 443 499 437 502 422 501 365 490 364 490 362 490 340 501 336 505 139 505 141 545"/></Shape>
	    <String CONTENT="tione partium ſcripturæ ſumptum. Habet enim"
                    HPOS="139"
                    VPOS="475"
                    WIDTH="1050"
                    HEIGHT="90"
                    WC="0.973800767299741"></String>
          </TextLine>

          
          
          <TextLine ID="eSc_line_463220da"
                    TAGREFS="LT4119"
                    BASELINE="142 603 1186 582" 
                    HPOS="141"
                    VPOS="536"
                    WIDTH="1045"
                    HEIGHT="91">
            <Shape><Polygon POINTS="142 603 142 615 214 627 215 627 292 615 513 621 514 621 620 608 712 617 713 617 715 617 739 605 779 614 780 614 782 614 813 603 837 614 838 614 840 615 887 615 887 614 889 614 917 600 1026 600 1075 609 1076 609 1186 594 1186 582 1183 545 1096 536 1094 536 1017 547 1006 547 997 547 926 539 925 539 923 539 922 539 914 547 899 539 898 539 896 539 895 539 893 539 893 541 884 548 881 550 870 548 829 541 828 541 792 548 779 551 767 548 742 542 740 542 739 542 737 542 719 550 713 551 700 550 663 544 661 544 660 544 646 550 641 553 627 550 603 545 602 545 600 545 585 551 575 554 554 551 529 547 527 547 526 547 524 547 519 551 510 557 419 553 368 550 367 550 365 550 364 550 364 551 362 551 361 553 356 560 181 563 171 554 169 554 168 554 166 554 141 554 142 603"/></Shape>
	    <String CONTENT="Legem &amp; Euangelium, cui vtrique hæ quæſtio¬"
                    HPOS="141"
                    VPOS="536"
                    WIDTH="1045"
                    HEIGHT="91"
                    WC="0.984951327013415"></String>
          </TextLine>

          
          
          <TextLine ID="eSc_line_fc2af50d"
                    TAGREFS="LT4119"
                    BASELINE="141 664 1189 640" 
                    HPOS="139"
                    VPOS="597"
                    WIDTH="1050"
                    HEIGHT="88">
            <Shape><Polygon POINTS="141 664 141 685 197 676 336 679 337 679 339 679 340 679 349 672 431 672 449 679 458 682 459 682 461 682 462 682 464 682 468 678 480 670 507 678 520 681 522 681 523 681 556 676 629 666 697 673 728 676 730 676 757 672 813 661 834 670 838 672 840 672 841 673 907 673 907 672 908 672 910 672 914 669 932 658 957 664 959 664 960 664 996 657 1032 664 1033 664 1096 658 1103 664 1106 667 1107 667 1109 667 1110 667 1189 661 1189 640 1186 606 1139 597 1137 597 1136 597 1116 608 1115 608 1112 608 1082 599 1081 599 1079 599 1042 606 993 597 991 597 990 597 954 609 922 599 920 599 919 599 858 614 852 614 847 614 789 602 788 602 658 605 657 605 655 605 633 618 632 620 568 620 566 620 538 608 536 608 535 608 533 608 510 621 507 623 368 624 367 624 333 612 331 612 330 612 328 612 300 624 284 617 282 617 281 617 279 617 246 627 243 629 139 629 141 664"/></Shape>
	    <String CONTENT="nes inutiles repugnant. Opponit igitur Euange¬"
                    HPOS="139"
                    VPOS="597"
                    WIDTH="1050"
                    HEIGHT="88"
                    WC="0.991949785014857"></String>
          </TextLine>

          
          
          <TextLine ID="eSc_line_f3b9abb8"
                    TAGREFS="LT4119"
                    BASELINE="141 722 1191 700" 
                    HPOS="139"
                    VPOS="652"
                    WIDTH="1052"
                    HEIGHT="90">
            <Shape><Polygon POINTS="141 722 141 734 260 742 261 742 263 742 291 733 356 739 358 739 578 727 627 734 629 734 847 721 908 728 910 728 911 728 941 719 1048 725 1049 725 1051 725 1052 725 1064 716 1110 722 1112 722 1113 722 1115 722 1124 715 1163 721 1164 721 1165 721 1191 712 1191 700 1188 658 1049 652 1048 652 1047 652 1024 661 1021 663 1017 663 980 654 978 654 896 666 878 667 874 666 853 657 852 657 850 657 849 657 807 667 801 669 798 667 776 658 774 658 773 658 771 658 770 658 754 669 749 672 679 672 676 672 664 663 663 663 661 663 660 663 618 673 614 673 612 673 594 664 593 664 591 664 590 664 560 675 557 676 489 676 487 676 478 667 477 667 475 667 474 667 472 667 453 675 444 666 443 666 441 666 440 666 348 667 206 682 160 672 159 672 157 672 156 672 139 681 141 722"/></Shape>
	    <String CONTENT="lium Dei iſti Matæologiæ, quam &amp; à Lege &amp; ab"
                    HPOS="139"
                    VPOS="652"
                    WIDTH="1052"
                    HEIGHT="90"
                    WC="0.994070494174957"></String>
          </TextLine>

          
          
          <TextLine ID="eSc_line_acbde145"
                    TAGREFS="LT4119"
                    BASELINE="141 780 1194 759" 
                    HPOS="139"
                    VPOS="713"
                    WIDTH="1055"
                    HEIGHT="88">
            <Shape><Polygon POINTS="141 780 142 801 171 794 276 798 353 801 355 801 356 801 358 801 364 795 371 789 388 795 401 800 403 800 404 800 406 800 423 794 437 791 466 794 495 795 496 795 498 795 505 792 517 786 577 786 585 789 593 795 594 795 596 795 597 795 599 795 600 795 606 789 614 785 642 788 675 792 676 792 678 792 679 792 685 788 691 783 706 786 727 792 728 792 730 792 867 791 868 791 895 782 905 779 920 782 957 788 959 788 960 788 981 779 987 777 1020 779 1088 782 1090 782 1116 776 1125 774 1133 776 1179 785 1180 785 1182 785 1183 785 1194 776 1194 759 1191 727 1119 713 1118 713 1047 718 1045 718 1044 718 1044 719 1033 728 1027 728 917 718 916 718 858 730 850 731 843 731 783 721 782 721 780 721 759 731 758 731 685 722 684 722 682 722 681 722 667 733 663 737 621 737 615 733 594 724 593 724 591 724 590 724 588 724 577 734 572 739 431 740 420 736 403 728 401 728 400 728 398 728 382 736 374 740 358 737 324 730 322 730 321 730 303 737 288 745 193 745 185 739 178 733 176 733 175 733 174 733 139 739 141 780"/></Shape>
	    <String CONTENT="Euangelio damnari docet. Quo ipſo demonſtrat"
                    HPOS="139"
                    VPOS="713"
                    WIDTH="1055"
                    HEIGHT="88"
                    WC="0.991726687008684"></String>
          </TextLine>

          
          
          <TextLine ID="eSc_line_36b67062"
                    TAGREFS="LT4119"
                    BASELINE="145 840 1195 819" 
                    HPOS="144"
                    VPOS="773"
                    WIDTH="1051"
                    HEIGHT="85">
            <Shape><Polygon POINTS="145 840 145 858 1194 835 1195 819 1192 779 1044 773 1042 773 1041 773 1020 780 1011 783 999 780 971 774 969 774 968 774 950 782 932 789 743 792 725 785 716 780 715 780 669 780 667 780 666 780 657 785 646 791 639 785 635 782 633 782 632 782 630 782 566 783 565 783 563 783 560 786 547 797 508 797 426 788 407 786 406 786 404 786 398 788 374 798 322 792 321 792 319 792 287 801 239 791 232 789 230 789 229 789 227 789 226 791 211 803 144 792 145 840"/></Shape>
	    <String CONTENT="Paulus conſentire inter ſe vtranque doctrinam"
                    HPOS="144"
                    VPOS="773"
                    WIDTH="1051"
                    HEIGHT="85"
                    WC="0.998100090026856"></String>
          </TextLine>

          
          
          <TextLine ID="eSc_line_dcbcff92"
                    TAGREFS="LT4119"
                    BASELINE="148 899 1197 878" 
                    HPOS="147"
                    VPOS="831"
                    WIDTH="1050"
                    HEIGHT="88">
            <Shape><Polygon POINTS="148 899 148 910 220 919 221 919 223 919 254 910 368 916 370 916 588 902 596 902 599 902 664 910 666 910 737 908 739 908 740 908 751 899 771 907 773 907 774 907 853 899 895 905 896 905 996 895 999 895 1002 895 1142 899 1143 899 1145 899 1146 899 1158 892 1176 899 1177 899 1179 899 1180 899 1197 890 1197 878 1194 838 972 831 971 831 969 831 941 843 939 844 938 843 920 832 919 832 917 832 916 832 914 832 880 844 877 846 875 844 861 835 859 835 858 835 856 835 693 837 691 837 690 837 690 838 676 849 676 850 642 850 641 850 626 838 624 838 623 838 596 838 594 838 593 838 591 838 569 852 568 853 520 853 516 853 453 841 452 841 376 855 315 844 313 844 248 859 147 861 148 899"/></Shape>
	    <String CONTENT="contra Manichæos. Sanam quoque doctrinam"
                    HPOS="147"
                    VPOS="831"
                    WIDTH="1050"
                    HEIGHT="88"
                    WC="0.997052845358849"></String>
          </TextLine>

          
          
          <TextLine ID="eSc_line_55dc3629"
                    TAGREFS="LT4119"
                    BASELINE="144 956 1200 936" 
                    HPOS="142"
                    VPOS="886"
                    WIDTH="1058"
                    HEIGHT="89">
            <Shape><Polygon POINTS="144 956 144 971 385 975 386 975 426 968 434 966 449 966 529 972 530 972 532 972 545 965 550 963 557 965 578 971 580 971 581 971 582 971 584 971 591 965 594 963 609 965 666 969 667 969 669 969 681 963 684 962 696 963 736 968 737 968 739 968 758 962 765 960 813 962 951 965 953 965 1200 954 1200 936 1195 886 1023 899 975 890 966 889 965 889 933 890 792 904 709 896 688 895 687 895 685 895 684 895 682 896 669 907 630 907 575 899 551 896 550 896 523 901 466 911 356 911 336 905 328 902 327 902 325 902 324 902 318 905 307 910 295 905 287 902 285 902 284 902 142 908 144 956"/></Shape>
	    <String CONTENT="hãc vocat, quia æd’ficat ad pietatẽ. Denique Deũ"
                    HPOS="142"
                    VPOS="886"
                    WIDTH="1058"
                    HEIGHT="89"></String>
          </TextLine>

          
          
          <TextLine ID="eSc_line_2adecbcf"
                    TAGREFS="LT4119"
                    BASELINE="145 1015 1200 994" 
                    HPOS="144"
                    VPOS="948"
                    WIDTH="1056"
                    HEIGHT="82">
            <Shape><Polygon POINTS="145 1015 145 1029 520 1030 522 1030 523 1030 542 1024 559 1020 754 1017 850 1021 887 1023 889 1023 890 1023 895 1021 910 1014 1027 1020 1047 1020 1048 1020 1116 1018 1118 1018 1119 1018 1133 1009 1197 1017 1200 994 1197 951 1052 948 1051 948 1049 948 1035 954 1014 962 1003 954 997 950 996 950 994 950 993 950 991 950 980 956 971 959 948 956 916 951 914 951 913 951 901 957 880 969 834 969 813 959 809 957 807 957 806 957 804 957 803 957 801 959 786 969 773 960 770 957 768 957 767 957 765 957 764 957 758 960 739 969 719 960 710 957 709 957 707 957 706 957 696 962 669 974 483 975 472 968 471 968 469 968 468 968 388 977 367 968 355 963 353 963 352 963 350 963 330 969 294 980 278 971 270 965 269 965 267 965 266 965 144 972 145 1015"/></Shape>
	    <String CONTENT="illius authorem μακάριον dicit &amp; quòd in ſe felix"
                    HPOS="144"
                    VPOS="948"
                    WIDTH="1056"
                    HEIGHT="82"></String>
          </TextLine>

          
          
          <TextLine ID="eSc_line_12373b1a"
                    TAGREFS="LT4119"
                    BASELINE="142 1076 1198 1051" 
                    HPOS="141"
                    VPOS="1000"
                    WIDTH="1057"
                    HEIGHT="88">
            <Shape><Polygon POINTS="142 1076 142 1088 514 1088 516 1088 517 1088 527 1081 529 1079 556 1079 691 1082 693 1082 694 1082 696 1082 703 1075 704 1075 721 1082 722 1082 724 1082 725 1082 751 1075 752 1075 1003 1076 1005 1076 1006 1076 1008 1076 1008 1075 1017 1067 1063 1075 1064 1075 1198 1061 1198 1051 1194 1012 1165 1012 1164 1012 1146 1000 1145 1000 1143 1000 1142 1000 1140 1000 1105 1012 1100 1014 1082 1012 1012 1008 1011 1008 969 1014 944 1018 935 1015 910 1005 908 1005 907 1005 905 1005 883 1015 880 1018 844 1018 843 1017 834 1008 832 1008 831 1008 829 1008 574 1012 527 1015 526 1015 524 1015 519 1020 504 1030 321 1033 300 1023 292 1020 291 1020 290 1020 141 1024 142 1076"/></Shape>
	    <String CONTENT="ſit &amp; beatus, &amp; quòd aliis felicitatẽ donet &amp; affe¬"
                    HPOS="141"
                    VPOS="1000"
                    WIDTH="1057"
                    HEIGHT="88"
                    WC="0.966881628306407"></String>
          </TextLine>

          
          
          <TextLine ID="eSc_line_81722f49"
                    TAGREFS="LT4119"
                    BASELINE="145 1133 1201 1110" 
                    HPOS="144"
                    VPOS="1060"
                    WIDTH="1057"
                    HEIGHT="88">
            <Shape><Polygon POINTS="145 1133 145 1148 1201 1125 1201 1110 1197 1069 1090 1069 1070 1060 1069 1060 1067 1060 1015 1070 996 1063 994 1063 993 1063 991 1063 968 1072 873 1066 871 1066 782 1078 776 1078 771 1078 712 1067 710 1067 632 1076 568 1070 566 1070 496 1084 493 1084 490 1084 361 1075 359 1075 358 1075 313 1087 229 1078 227 1078 144 1091 145 1133"/></Shape>
	    <String CONTENT="rat. Benedictum alibi vocat eadẽ ſcriprura Deũ"
                    HPOS="144"
                    VPOS="1060"
                    WIDTH="1057"
                    HEIGHT="88"
                    WC="0.963334380338589"></String>
          </TextLine>

          
          
          <TextLine ID="eSc_line_4948f271"
                    TAGREFS="LT4119"
                    BASELINE="147 1189 1200 1170" 
                    HPOS="145"
                    VPOS="1121"
                    WIDTH="1055"
                    HEIGHT="89">
            <Shape><Polygon POINTS="147 1189 147 1203 194 1210 196 1210 240 1203 251 1201 258 1203 300 1209 301 1209 373 1201 376 1201 379 1201 466 1206 468 1206 469 1206 471 1206 478 1200 483 1197 505 1200 545 1204 547 1204 596 1198 636 1194 684 1197 718 1200 719 1200 721 1200 733 1197 752 1192 865 1195 933 1197 935 1197 948 1194 981 1188 1197 1191 1200 1170 1197 1134 1131 1121 1130 1121 1128 1121 1096 1133 1047 1125 1045 1125 1044 1125 1042 1125 1042 1127 1032 1134 1030 1136 1006 1134 878 1127 877 1127 875 1127 856 1136 852 1137 841 1136 797 1127 795 1127 713 1136 701 1137 696 1136 670 1131 669 1131 667 1131 649 1137 629 1143 605 1137 582 1131 581 1131 580 1131 578 1131 562 1137 539 1145 145 1140 147 1189"/></Shape>
	    <String CONTENT="id eſt dignum omni laude &amp; inuocatione. Paulus"
                    HPOS="145"
                    VPOS="1121"
                    WIDTH="1055"
                    HEIGHT="89"
                    WC="0.986777069775955"></String>
          </TextLine>

          
          
          <TextLine ID="eSc_line_fc31cf36"
                    TAGREFS="LT4119"
                    BASELINE="147 1250 1195 1229" 
                    HPOS="145"
                    VPOS="1182"
                    WIDTH="1050"
                    HEIGHT="88">
            <Shape><Polygon POINTS="147 1250 147 1262 215 1270 217 1270 297 1261 370 1270 371 1270 455 1258 520 1267 522 1267 675 1253 734 1261 736 1261 737 1261 755 1252 817 1261 819 1261 975 1247 1097 1255 1099 1255 1195 1241 1195 1229 1192 1194 1122 1183 1121 1183 1119 1183 1118 1183 1118 1185 1106 1195 1069 1195 1055 1183 1054 1183 1052 1183 1017 1182 1015 1182 1014 1182 981 1194 896 1183 895 1183 893 1183 859 1200 801 1200 777 1186 776 1186 774 1186 745 1186 743 1186 693 1188 691 1188 666 1201 654 1191 654 1189 652 1189 651 1189 605 1189 603 1189 571 1191 569 1191 568 1191 548 1204 530 1191 529 1191 527 1191 526 1191 475 1192 474 1192 443 1207 416 1194 414 1194 413 1194 411 1194 368 1210 209 1212 188 1201 187 1201 185 1201 184 1201 145 1213 147 1250"/></Shape>
	    <String CONTENT="autem appellat hoc idem Euangeliũ 2 Timot 2."
                    HPOS="145"
                    VPOS="1182"
                    WIDTH="1050"
                    HEIGHT="88"
                    WC="0.991088786390093"></String>
          </TextLine>

          
          
          <TextLine ID="eSc_line_23650fb1"
                    TAGREFS="LT4119"
                    BASELINE="148 1310 1197 1289" 
                    HPOS="147"
                    VPOS="1238"
                    WIDTH="1050"
                    HEIGHT="93">
            <Shape><Polygon POINTS="148 1310 148 1322 292 1331 294 1331 295 1331 318 1320 435 1328 437 1328 581 1325 582 1325 584 1325 599 1314 600 1314 608 1314 751 1319 752 1319 754 1319 771 1311 803 1320 804 1320 806 1320 890 1319 892 1319 893 1319 908 1308 910 1308 917 1308 1044 1316 1045 1316 1195 1302 1197 1289 1194 1244 1152 1238 1151 1238 1100 1246 1070 1250 1060 1247 1047 1243 1045 1243 1044 1243 1042 1243 1027 1247 1015 1252 1002 1249 974 1241 972 1241 971 1241 969 1241 950 1250 941 1255 893 1256 828 1256 825 1253 816 1246 815 1246 813 1246 812 1246 810 1246 809 1246 798 1253 792 1258 767 1258 764 1255 755 1247 755 1246 754 1246 752 1246 751 1246 681 1247 679 1247 646 1258 639 1259 633 1258 597 1249 596 1249 594 1249 593 1249 591 1249 577 1259 574 1261 563 1259 522 1255 520 1255 519 1255 501 1261 498 1262 493 1262 447 1252 446 1252 377 1265 371 1265 367 1265 321 1255 319 1255 232 1256 230 1256 229 1256 229 1258 217 1268 217 1270 147 1270 148 1310"/></Shape>
	    <String CONTENT="verſ. 8.ſuum Euangelium, id eſt, quod ipſi credi¬"
                    HPOS="147"
                    VPOS="1238"
                    WIDTH="1050"
                    HEIGHT="93"
                    WC="0.969191911269207"></String>
          </TextLine>

          
          
          <TextLine ID="eSc_line_8043c397"
                    TAGREFS="LT4119"
                    BASELINE="151 1368 914 1353" 
                    HPOS="150"
                    VPOS="1305"
                    WIDTH="764"
                    HEIGHT="82">
            <Shape><Polygon POINTS="151 1368 151 1387 303 1378 318 1384 322 1386 324 1386 325 1386 370 1383 444 1377 475 1380 516 1383 517 1383 519 1383 520 1383 526 1378 530 1375 553 1377 606 1381 608 1381 660 1374 672 1372 685 1372 759 1378 761 1378 762 1378 782 1369 783 1369 786 1369 825 1377 826 1377 914 1365 914 1353 911 1319 837 1305 835 1305 779 1308 777 1308 776 1308 759 1319 758 1320 748 1319 684 1308 682 1308 624 1320 605 1325 551 1325 545 1320 535 1311 533 1311 532 1311 530 1311 483 1320 453 1326 444 1320 434 1314 432 1314 431 1314 429 1314 377 1317 376 1317 374 1317 370 1322 364 1326 358 1322 350 1316 349 1316 348 1316 346 1316 345 1316 325 1322 297 1329 150 1323 151 1368"/></Shape>
	    <String CONTENT="tum erat, non cuius ipſe ſit author."
                    HPOS="150"
                    VPOS="1305"
                    WIDTH="764"
                    HEIGHT="82"
                    WC="0.975940636462636"></String>
          </TextLine>

          
          
          <TextLine ID="eSc_line_ba289032"
                    TAGREFS="LT4117"
                    BASELINE="215 1493 1203 1473" 
                    HPOS="214"
                    VPOS="1411"
                    WIDTH="989"
                    HEIGHT="97">
            <Shape><Polygon POINTS="215 1503 591 1508 593 1508 594 1508 627 1496 678 1502 679 1502 734 1493 746 1491 751 1493 773 1502 774 1502 776 1502 846 1493 858 1500 859 1500 861 1500 862 1502 959 1502 959 1500 960 1500 1006 1487 1008 1487 1011 1487 1039 1497 1041 1497 1042 1497 1044 1497 1045 1497 1055 1490 1163 1493 1164 1493 1165 1493 1203 1482 1203 1473 1200 1424 1112 1417 1110 1417 1109 1417 1107 1417 1096 1426 1094 1427 1094 1426 1067 1412 1066 1412 1064 1412 1063 1412 1030 1426 990 1414 989 1414 987 1414 986 1414 959 1427 916 1424 902 1412 902 1411 901 1411 899 1411 898 1411 820 1412 687 1432 663 1420 661 1420 660 1420 658 1420 632 1432 605 1421 603 1421 602 1421 600 1421 599 1421 585 1430 566 1424 565 1424 563 1424 562 1424 560 1424 541 1436 484 1420 483 1420 481 1420 414 1435 382 1421 380 1421 379 1421 377 1421 376 1421 343 1447 342 1448 214 1450 215 1493"/></Shape>
	    <String CONTENT="12 Gratiam igitur ei habeo, qui me ro¬"
                    HPOS="214"
                    VPOS="1411"
                    WIDTH="989"
                    HEIGHT="97"
                    WC="0.978813361180456"></String>
          </TextLine>

          
          
          <TextLine ID="eSc_line_3cbbf83f"
                    TAGREFS="LT4117"
                    BASELINE="150 1564 1201 1543" 
                    HPOS="148"
                    VPOS="1487"
                    WIDTH="1053"
                    HEIGHT="102">
            <Shape><Polygon POINTS="150 1580 257 1580 295 1589 297 1589 298 1589 392 1586 441 1576 453 1573 465 1574 505 1585 507 1585 508 1585 510 1585 526 1574 532 1570 608 1570 615 1573 626 1580 627 1580 629 1580 630 1580 632 1580 633 1580 645 1573 648 1571 649 1573 670 1582 672 1582 673 1582 675 1582 676 1582 693 1571 697 1569 703 1571 715 1580 716 1580 718 1580 719 1582 749 1582 749 1580 801 1570 829 1566 853 1570 896 1577 898 1577 945 1569 975 1563 996 1567 1023 1574 1024 1574 1026 1574 1027 1574 1052 1567 1058 1566 1067 1567 1103 1573 1105 1573 1201 1564 1201 1543 1197 1487 1139 1491 1137 1491 1136 1491 1113 1506 948 1508 886 1497 884 1497 883 1497 865 1508 849 1496 847 1494 846 1494 844 1494 816 1494 815 1494 745 1496 743 1496 734 1499 693 1512 641 1502 627 1499 626 1499 624 1499 617 1502 590 1515 569 1503 565 1500 563 1500 562 1500 560 1500 524 1505 516 1506 514 1506 513 1506 513 1508 502 1518 434 1518 414 1508 408 1503 407 1503 406 1503 385 1503 383 1503 382 1503 380 1503 374 1508 361 1521 290 1521 263 1511 257 1509 255 1509 254 1509 252 1509 245 1512 215 1522 194 1513 182 1508 181 1508 179 1508 148 1513 150 1564"/></Shape>
	    <String CONTENT="bustum effecit, id eſt, Christo Ieſu Domino"
                    HPOS="148"
                    VPOS="1487"
                    WIDTH="1053"
                    HEIGHT="102"
                    WC="0.986928476843723"></String>
          </TextLine>

          
          
          <TextLine ID="eSc_line_0d79bf4c"
                    TAGREFS="LT4117"
                    BASELINE="151 1632 1207 1612" 
                    HPOS="150"
                    VPOS="1567"
                    WIDTH="1057"
                    HEIGHT="97">
            <Shape><Polygon POINTS="151 1652 224 1664 226 1664 227 1664 255 1652 255 1650 327 1650 330 1650 352 1661 353 1661 355 1661 356 1661 358 1661 374 1650 391 1658 392 1658 394 1658 435 1650 453 1647 520 1647 526 1649 545 1656 547 1656 548 1656 550 1656 551 1656 562 1649 568 1644 603 1644 633 1649 658 1652 660 1652 684 1647 713 1643 745 1647 774 1652 776 1652 829 1647 873 1643 884 1646 898 1650 899 1650 901 1650 929 1646 956 1641 968 1646 977 1649 978 1649 980 1649 981 1649 991 1646 1005 1641 1206 1643 1207 1612 1203 1569 944 1579 919 1574 878 1567 877 1567 875 1567 840 1576 817 1582 800 1577 771 1569 770 1569 768 1569 719 1577 565 1573 563 1573 562 1573 533 1582 453 1574 452 1574 450 1574 423 1586 414 1591 300 1592 284 1589 236 1579 234 1579 233 1579 232 1579 215 1591 211 1594 196 1591 156 1583 154 1583 153 1583 151 1583 151 1585 150 1585 151 1632"/></Shape>
	    <String CONTENT="noſtro, quod me fidelem duxerit, vt qui me"
                    HPOS="150"
                    VPOS="1567"
                    WIDTH="1057"
                    HEIGHT="97"
                    WC="0.984386090721403"></String>
          </TextLine>

          
          
          <TextLine ID="eSc_line_18cf56d7"
                    TAGREFS="LT4117"
                    BASELINE="154 1701 794 1689" 
                    HPOS="153"
                    VPOS="1640"
                    WIDTH="641"
                    HEIGHT="80">
            <Shape><Polygon POINTS="154 1714 376 1720 377 1720 379 1720 380 1720 380 1719 389 1711 444 1716 446 1716 447 1716 477 1708 480 1708 481 1708 532 1717 533 1717 535 1717 575 1707 602 1716 603 1716 605 1716 606 1716 638 1705 712 1714 713 1714 794 1701 794 1689 791 1650 725 1640 724 1640 675 1650 557 1640 556 1640 554 1640 553 1640 553 1641 541 1653 513 1646 511 1646 510 1646 508 1646 471 1655 469 1655 468 1655 401 1643 400 1643 281 1647 279 1647 278 1647 278 1649 266 1659 227 1659 224 1659 182 1647 181 1647 179 1647 178 1647 153 1658 154 1701"/></Shape>
	    <String CONTENT="in miniſterio constituerit."
                    HPOS="153"
                    VPOS="1640"
                    WIDTH="641"
                    HEIGHT="80"
                    WC="0.999547680219015"></String>
          </TextLine>

          
          
          <TextLine ID="eSc_line_2350ce38"
                    TAGREFS="LT4119"
                    BASELINE="154 1772 1209 1756" 
                    HPOS="153"
                    VPOS="1702"
                    WIDTH="1056"
                    HEIGHT="90">
            <Shape><Polygon POINTS="154 1772 154 1792 523 1792 523 1790 524 1790 545 1783 548 1783 556 1783 608 1789 609 1789 611 1789 633 1781 639 1780 657 1781 725 1787 727 1787 831 1778 871 1784 873 1784 874 1784 875 1784 883 1777 901 1784 902 1784 904 1784 1015 1783 1017 1783 1045 1774 1045 1772 1121 1772 1130 1772 1146 1780 1148 1780 1149 1780 1209 1769 1209 1756 1206 1708 1161 1702 1160 1702 1158 1702 1157 1702 1148 1708 1139 1714 1105 1708 1073 1704 1072 1704 1047 1710 1012 1717 968 1710 960 1710 959 1710 947 1710 875 1719 846 1711 826 1707 825 1707 823 1707 776 1710 774 1710 773 1710 770 1713 758 1720 742 1713 731 1708 730 1708 728 1708 727 1708 715 1713 696 1722 663 1714 658 1713 657 1713 655 1713 636 1714 587 1719 581 1714 578 1711 577 1711 575 1711 574 1711 572 1711 562 1714 532 1726 462 1726 449 1716 444 1713 443 1713 441 1713 440 1713 420 1716 395 1722 377 1717 371 1716 370 1716 368 1716 367 1716 364 1717 339 1729 285 1729 267 1719 261 1716 260 1716 258 1716 153 1719 154 1772"/></Shape>
	    <String CONTENT="E’&#x27;κβασις ſiue digreſſio ex iniecta mentione ſui mi¬"
                    HPOS="153"
                    VPOS="1702"
                    WIDTH="1056"
                    HEIGHT="90"></String>
          </TextLine>

          
          
          <TextLine ID="eSc_line_81b008a2"
                    TAGREFS="LT4119"
                    BASELINE="154 1836 1210 1814" 
                    HPOS="153"
                    VPOS="1766"
                    WIDTH="1057"
                    HEIGHT="87">
            <Shape><Polygon POINTS="154 1836 154 1853 1064 1841 1210 1829 1210 1814 1209 1778 1174 1766 1173 1766 1171 1766 1170 1766 1137 1780 1134 1780 1115 1780 1015 1775 1014 1775 1012 1775 994 1781 991 1783 989 1781 972 1774 971 1774 969 1774 968 1774 966 1774 953 1783 951 1784 892 1784 890 1784 873 1775 871 1775 870 1775 868 1775 847 1784 846 1784 841 1784 724 1775 722 1775 658 1787 643 1790 617 1789 505 1780 504 1780 502 1780 478 1792 474 1795 422 1795 416 1792 403 1783 401 1783 400 1783 398 1783 397 1783 370 1793 361 1796 345 1793 295 1784 294 1784 292 1784 272 1795 266 1798 260 1795 236 1786 234 1786 233 1786 153 1796 154 1836"/></Shape>
	    <String CONTENT="niſterii &amp; Apoſtolatus, quem tuetur &amp; commẽ¬"
                    HPOS="153"
                    VPOS="1766"
                    WIDTH="1057"
                    HEIGHT="87"
                    WC="0.975755759080251"></String>
          </TextLine>

          
          
          <TextLine ID="eSc_line_d0cf90aa"
                    TAGREFS="LT4119"
                    BASELINE="156 1893 1212 1873" 
                    HPOS="154"
                    VPOS="1827"
                    WIDTH="1058"
                    HEIGHT="85">
            <Shape><Polygon POINTS="156 1893 156 1906 298 1912 300 1912 346 1903 352 1903 356 1903 397 1911 398 1911 496 1902 513 1900 568 1900 883 1902 884 1902 959 1893 980 1891 991 1893 1026 1899 1027 1899 1029 1899 1044 1891 1049 1890 1055 1891 1072 1897 1073 1897 1075 1897 1210 1888 1212 1873 1207 1833 1165 1838 1152 1833 1131 1827 1130 1827 1128 1827 1127 1827 1110 1835 1106 1836 1100 1835 1067 1829 1066 1829 997 1838 993 1838 991 1838 971 1830 969 1830 968 1830 966 1830 932 1839 931 1839 929 1839 884 1832 883 1832 881 1832 850 1841 825 1833 823 1833 822 1833 676 1845 641 1848 632 1847 594 1838 593 1838 591 1838 563 1848 559 1850 550 1848 480 1839 478 1839 477 1839 452 1851 450 1853 397 1853 392 1853 337 1842 336 1842 334 1842 312 1854 236 1844 234 1844 233 1844 209 1856 179 1845 178 1845 176 1845 175 1845 154 1856 156 1893"/></Shape>
	    <String CONTENT="dat hoc loco. Cur autem excurrat Paulus duplex"
                    HPOS="154"
                    VPOS="1827"
                    WIDTH="1058"
                    HEIGHT="85"
                    WC="0.997049309637236"></String>
          </TextLine>

          
          
          <TextLine ID="eSc_line_a61a7567"
                    TAGREFS="LT4119"
                    BASELINE="156 1952 1209 1931" 
                    HPOS="154"
                    VPOS="1884"
                    WIDTH="1055"
                    HEIGHT="91">
            <Shape><Polygon POINTS="156 1952 156 1966 184 1966 185 1966 194 1975 196 1975 197 1975 199 1975 403 1961 422 1961 425 1961 450 1970 452 1970 453 1970 527 1960 539 1958 548 1960 587 1966 588 1966 630 1958 636 1957 641 1957 672 1966 673 1966 675 1966 676 1966 697 1957 699 1957 755 1964 757 1964 862 1961 864 1961 887 1952 890 1952 898 1952 960 1960 962 1960 963 1960 965 1960 974 1951 975 1951 983 1951 1055 1958 1057 1958 1058 1958 1082 1949 1088 1946 1140 1946 1145 1948 1157 1955 1158 1955 1160 1955 1161 1955 1207 1946 1209 1931 1204 1884 1054 1899 916 1899 880 1893 856 1890 855 1890 776 1891 774 1891 759 1897 751 1900 728 1899 681 1893 679 1893 678 1893 664 1900 654 1906 585 1906 582 1903 575 1896 574 1896 572 1896 571 1896 569 1896 536 1905 520 1908 484 1906 380 1899 379 1899 304 1900 303 1900 273 1911 232 1902 230 1902 229 1902 208 1912 188 1906 187 1906 185 1906 184 1906 154 1915 156 1952"/></Shape>
	    <String CONTENT="ratio eſt. Prima, vt hæc ſit hypophora contra ca¬"
                    HPOS="154"
                    VPOS="1884"
                    WIDTH="1055"
                    HEIGHT="91"
                    WC="0.989645676953452"></String>
          </TextLine>

          
          
          <TextLine ID="eSc_line_591a4bdc"
                    TAGREFS="LT4119"
                    BASELINE="159 2009 1218 1994" 
                    HPOS="157"
                    VPOS="1945"
                    WIDTH="1061"
                    HEIGHT="82">
            <Shape><Polygon POINTS="159 2009 159 2027 447 2027 449 2027 462 2022 477 2018 547 2021 620 2024 621 2024 678 2018 710 2015 774 2016 929 2019 931 2019 932 2019 950 2012 951 2012 956 2012 1002 2019 1003 2019 1067 2010 1177 2016 1179 2016 1180 2016 1218 2006 1218 1994 1215 1957 1113 1945 1112 1945 965 1954 865 1949 864 1949 862 1949 861 1949 861 1951 850 1960 849 1960 843 1960 798 1957 797 1957 795 1957 794 1957 794 1958 791 1960 786 1966 757 1966 751 1961 743 1954 742 1954 740 1954 739 1954 701 1961 679 1966 673 1961 661 1952 660 1952 658 1952 657 1952 623 1960 591 1952 590 1952 588 1952 587 1952 556 1963 541 1967 527 1963 523 1961 522 1961 520 1961 501 1963 455 1969 440 1964 428 1960 426 1960 425 1960 423 1960 422 1960 416 1964 407 1970 330 1970 313 1966 291 1957 290 1957 288 1957 287 1957 285 1957 272 1966 260 1973 227 1973 220 1966 211 1958 209 1958 208 1958 206 1958 157 1966 159 2009"/></Shape>
	    <String CONTENT="lumnias, quas inuidi homines illi obiiciebant"
                    HPOS="157"
                    VPOS="1945"
                    WIDTH="1061"
                    HEIGHT="82"></String>
          </TextLine>

          
          
          <TextLine ID="eSc_line_a9990016"
                    TAGREFS="LT4119"
                    BASELINE="163 2068 1215 2049" 
                    HPOS="162"
                    VPOS="2004"
                    WIDTH="1053"
                    HEIGHT="88">
            <Shape><Polygon POINTS="163 2068 165 2092 194 2082 212 2091 215 2092 217 2092 218 2092 342 2088 343 2088 345 2088 361 2079 389 2086 403 2089 404 2089 406 2089 407 2089 408 2089 413 2085 422 2077 450 2085 466 2088 468 2088 469 2088 471 2088 475 2083 484 2076 605 2074 614 2079 620 2082 621 2082 623 2082 642 2079 670 2073 688 2077 700 2080 701 2080 703 2080 722 2076 745 2071 765 2074 806 2082 807 2082 883 2073 950 2079 951 2079 953 2079 993 2068 1000 2067 1020 2067 1160 2074 1161 2074 1215 2061 1215 2049 1212 2004 1140 2004 1139 2004 1137 2004 1136 2004 1134 2006 1121 2013 1084 2006 1076 2006 1075 2006 1073 2006 1070 2007 1054 2013 993 2009 972 2007 971 2007 907 2010 725 2021 614 2018 571 2016 569 2016 568 2016 562 2018 547 2024 492 2019 456 2018 455 2018 432 2021 401 2027 373 2022 348 2019 346 2019 345 2019 331 2024 316 2028 297 2024 278 2021 276 2021 275 2021 257 2025 239 2030 162 2028 163 2068"/></Shape>
	    <String CONTENT="propter ſuperiorem vitam. Quomodo enim vi¬"
                    HPOS="162"
                    VPOS="2004"
                    WIDTH="1053"
                    HEIGHT="88"
                    WC="0.974453139872778"></String>
          </TextLine>

          
          
          <TextLine ID="eSc_line_4f3e2fae"
                    TAGREFS="LT4119"
                    BASELINE="163 2126 1218 2108" 
                    HPOS="162"
                    VPOS="2065"
                    WIDTH="1056"
                    HEIGHT="84">
            <Shape><Polygon POINTS="163 2126 163 2140 304 2149 306 2149 307 2149 324 2141 477 2144 478 2144 548 2135 599 2144 600 2144 709 2132 776 2141 777 2141 881 2131 984 2137 986 2137 987 2137 1023 2128 1143 2134 1145 2134 1218 2122 1218 2108 1215 2067 1140 2065 1139 2065 1137 2065 1130 2068 1118 2074 1094 2070 1079 2067 1078 2067 1076 2067 1066 2070 1038 2080 822 2077 759 2077 758 2077 731 2080 682 2086 663 2082 627 2074 626 2074 568 2076 566 2076 547 2086 542 2088 526 2086 455 2077 453 2077 411 2079 410 2079 408 2079 400 2088 388 2079 386 2079 385 2079 383 2079 337 2086 288 2080 287 2080 285 2080 248 2094 224 2082 223 2082 184 2082 182 2082 181 2082 179 2082 162 2092 163 2126"/></Shape>
	    <String CONTENT="deri poteſt Euangelij præco, qui tam atrociter il¬"
                    HPOS="162"
                    VPOS="2065"
                    WIDTH="1056"
                    HEIGHT="84"
                    WC="0.991830948591232"></String>
          </TextLine>

          
          
          <TextLine ID="eSc_line_271a64f7"
                    TAGREFS="LT4119"
                    BASELINE="165 2184 1219 2168" 
                    HPOS="163"
                    VPOS="2120"
                    WIDTH="1056"
                    HEIGHT="100">
            <Shape><Polygon POINTS="165 2184 165 2204 223 2204 224 2204 245 2214 246 2214 248 2214 249 2214 251 2214 266 2204 267 2202 269 2204 281 2210 282 2210 284 2210 285 2210 298 2202 300 2202 301 2202 336 2220 337 2220 339 2220 340 2220 342 2220 361 2202 391 2217 392 2217 394 2217 472 2204 545 2217 547 2217 878 2211 880 2211 920 2196 932 2192 983 2195 1023 2198 1024 2198 1042 2195 1063 2190 1069 2195 1084 2204 1085 2204 1087 2204 1088 2204 1090 2204 1113 2193 1125 2189 1140 2193 1149 2196 1151 2196 1152 2196 1219 2192 1219 2168 1216 2120 1121 2120 1119 2120 1118 2120 1116 2120 1113 2122 1091 2137 1020 2141 779 2143 755 2132 740 2126 739 2126 737 2126 736 2126 718 2134 710 2137 699 2134 666 2128 664 2128 663 2128 661 2128 651 2135 638 2146 591 2137 577 2135 575 2135 574 2135 568 2138 553 2147 505 2147 492 2140 481 2134 480 2134 478 2134 477 2134 475 2134 461 2141 459 2141 441 2132 440 2132 374 2132 373 2132 371 2132 343 2144 336 2147 322 2146 298 2141 297 2141 295 2141 279 2146 267 2150 263 2147 248 2135 246 2135 245 2135 176 2135 175 2135 174 2135 172 2135 172 2137 163 2144 165 2184"/></Shape>
	    <String CONTENT="lud antea fuit inſectatus. Captatas autem fuiſſe"
                    HPOS="163"
                    VPOS="2120"
                    WIDTH="1056"
                    HEIGHT="100"></String>
          </TextLine>

          
        </TextBlock>
        
        <TextBlock HPOS="897.5554809570312"
                   VPOS="2192.87158203125"
                   WIDTH="139.42315673828125"
                   HEIGHT="64.76708984375"
                   ID="block_2"
                   TAGREFS="BT10534">
          <Shape><Polygon POINTS="897.555 2192.87 1036.98 2192.87 1036.98 2257.64 897.555 2257.64 897.555 2192.87"/></Shape>
          
          
          <TextLine ID="eSc_line_3c9ec52b"
                    TAGREFS="LT4119"
                    BASELINE="895 2235 1027 2235" 
                    HPOS="895"
                    VPOS="2178"
                    WIDTH="132"
                    HEIGHT="88">
            <Shape><Polygon POINTS="895 2235 895 2257 919 2265 920 2265 922 2265 923 2265 925 2265 925 2263 929 2260 936 2253 971 2253 983 2263 984 2263 984 2265 986 2265 987 2265 989 2266 1027 2266 1027 2235 1027 2186 978 2178 977 2178 975 2178 954 2189 951 2190 944 2189 907 2183 905 2183 904 2183 902 2183 895 2187 895 2235"/></Shape>
	    <String CONTENT="b.iiij."
                    HPOS="895"
                    VPOS="2178"
                    WIDTH="132"
                    HEIGHT="88"
                    WC="0.994070913110461"></String>
          </TextLine>

          
        </TextBlock>
        

        
      </PrintSpace>
    </Page>
  </Layout>
</alto>
