<?xml version="1.0" encoding="UTF-8"?>
<alto xmlns:xsi="http://www.w3.org/2001/XMLSchema-instance"
      xmlns="http://www.loc.gov/standards/alto/ns-v4#"
      xsi:schemaLocation="http://www.loc.gov/standards/alto/ns-v4# http://www.loc.gov/standards/alto/v4/alto-4-2.xsd">
  <Description>
    <MeasurementUnit>pixel</MeasurementUnit>
    <sourceImageInformation>
      <fileName>2012947.png</fileName>
      
    </sourceImageInformation>
  </Description>
  
  <Tags>
    <OtherTag ID="BT10544" LABEL="text" DESCRIPTION="block type text"/><OtherTag ID="BT10543" LABEL="NumberingZone" DESCRIPTION="block type NumberingZone"/><OtherTag ID="BT10542" LABEL="MainZone" DESCRIPTION="block type MainZone"/><OtherTag ID="BT10538" LABEL="RunningTitleZone" DESCRIPTION="block type RunningTitleZone"/><OtherTag ID="BT10537" LABEL="DropCapitalZone" DESCRIPTION="block type DropCapitalZone"/><OtherTag ID="BT10536" LABEL="GraphicZone" DESCRIPTION="block type GraphicZone"/><OtherTag ID="BT10535" LABEL="TitlePageZone" DESCRIPTION="block type TitlePageZone"/><OtherTag ID="BT10534" LABEL="QuireMarksZone" DESCRIPTION="block type QuireMarksZone"/><OtherTag ID="BT10533" LABEL="MarginTextZone" DESCRIPTION="block type MarginTextZone"/>
    <OtherTag ID="LT4122" LABEL="default" DESCRIPTION="line type default"/><OtherTag ID="LT4119" LABEL="DefaultLine" DESCRIPTION="line type DefaultLine"/><OtherTag ID="LT4118" LABEL="HeadingLine" DESCRIPTION="line type HeadingLine"/><OtherTag ID="LT4117" LABEL="CustomLine : BiblicalText" DESCRIPTION="line type CustomLine : BiblicalText"/>
  </Tags>
  
  <Layout>
    <Page WIDTH="1807"
          HEIGHT="2677"
          PHYSICAL_IMG_NR="63"
          ID="eSc_dummypage_">
      <PrintSpace HPOS="0"
                  VPOS="0"
                  WIDTH="1807"
                  HEIGHT="2677">
        
        <TextBlock HPOS="525"
                   VPOS="187"
                   WIDTH="314"
                   HEIGHT="66"
                   ID="block_3"
                   TAGREFS="BT10538">
          <Shape><Polygon POINTS="839 187 839 253 525 253 525 187"/></Shape>
          
          
          <TextLine ID="eSc_line_ba40cec2"
                    TAGREFS="LT4118"
                    BASELINE="529 234 841 237" 
                    HPOS="527"
                    VPOS="187"
                    WIDTH="314"
                    HEIGHT="74">
            <Shape><Polygon POINTS="797 194 792 193 788 199 788 200 746 200 745 197 737 191 722 191 707 190 700 190 693 190 678 188 663 188 648 188 633 187 624 187 529 193 529 234 527 254 712 254 730 260 734 261 736 261 737 261 739 261 742 260 757 254 780 261 783 261 785 261 786 261 788 261 789 261 809 254 837 261 841 237 841 200 822 194 812 194"/></Shape>
	    <String CONTENT="CAPVT I."
                    HPOS="527"
                    VPOS="187"
                    WIDTH="314"
                    HEIGHT="74"
                    WC="0.991065301001072"></String>
          </TextLine>

          
        </TextBlock>
        
        <TextBlock HPOS="1148"
                   VPOS="205"
                   WIDTH="59"
                   HEIGHT="61"
                   ID="block_0"
                   TAGREFS="BT10543">
          <Shape><Polygon POINTS="1207 205 1207 266 1148 266 1148 205"/></Shape>
          
          
          <TextLine ID="eSc_line_9ad242fd"
                    TAGREFS="LT4119"
                    BASELINE="1154 258 1198 257" 
                    HPOS="1153"
                    VPOS="180"
                    WIDTH="44"
                    HEIGHT="92">
            <Shape><Polygon POINTS="1153 256 1153 272 1175 272 1197 272 1197 256 1193 180 1153 191 1153 256"/></Shape>
	    <String CONTENT="35"
                    HPOS="1153"
                    VPOS="180"
                    WIDTH="44"
                    HEIGHT="92"
                    WC="0.999790221452713"></String>
          </TextLine>

          
        </TextBlock>
        
        <TextBlock HPOS="122"
                   VPOS="255"
                   WIDTH="1093"
                   HEIGHT="1957"
                   ID="block_2"
                   TAGREFS="BT10542">
          <Shape><Polygon POINTS="1215 278 1206 2212 122 2212 122 255"/></Shape>
          
          
          <TextLine ID="eSc_line_f4f5b1f5"
                    TAGREFS="LT4119"
                    BASELINE="142 303 926 307 1203 315" 
                    HPOS="141"
                    VPOS="246"
                    WIDTH="1062"
                    HEIGHT="91">
            <Shape><Polygon POINTS="142 263 142 303 141 318 193 328 194 328 196 328 221 319 229 318 240 321 272 327 273 327 313 321 330 319 334 322 346 330 348 330 349 330 350 330 419 324 461 319 472 324 490 331 492 331 493 333 565 333 565 331 566 331 568 331 574 325 580 321 600 327 620 331 621 331 623 331 624 331 635 327 648 321 663 327 676 333 678 333 679 334 779 334 779 333 780 333 791 330 813 322 901 330 902 330 935 324 968 333 975 334 977 334 978 334 980 334 984 333 1011 324 1060 334 1070 336 1072 337 1201 337 1203 315 1203 269 1097 260 1096 260 1048 266 1039 267 1035 266 1002 254 1000 254 999 254 950 266 947 266 944 266 898 252 896 252 895 252 825 254 823 254 804 264 803 264 798 264 743 254 742 254 697 263 688 264 684 263 649 249 648 249 646 249 645 249 626 257 547 249 545 249 544 249 542 249 527 261 526 263 523 261 495 249 493 249 492 249 490 249 471 260 441 252 440 252 438 252 437 252 423 260 401 248 400 248 398 248 397 248 365 258 337 252 336 252 334 252 333 252 325 260 322 261 266 260 266 258 252 248 252 246 251 246 249 246 169 246 157 254"/></Shape>
	    <String CONTENT="ſeribunt cano. Qui Epiſcopus ordinandus diſt.25."
                    HPOS="141"
                    VPOS="246"
                    WIDTH="1062"
                    HEIGHT="91"
                    WC="0.979226337124904"></String>
          </TextLine>

          
          
          <TextLine ID="eSc_line_de682a6f"
                    TAGREFS="LT4119"
                    BASELINE="144 361 1204 370" 
                    HPOS="144"
                    VPOS="313"
                    WIDTH="1060"
                    HEIGHT="81">
            <Shape><Polygon POINTS="144 361 144 382 496 379 597 388 614 388 615 388 617 388 620 388 639 380 713 388 730 389 731 389 733 389 734 389 734 388 743 382 807 382 843 389 852 391 853 391 883 389 1017 383 1026 391 1026 392 1027 392 1029 392 1030 392 1032 392 1036 391 1060 385 1069 392 1070 392 1072 392 1073 394 1203 394 1204 370 1204 336 1158 336 1158 334 1130 321 1128 321 1127 321 1125 321 1091 334 1088 334 1085 334 1047 324 1045 324 1044 324 1042 324 1024 333 1023 334 932 334 931 333 916 319 914 319 913 319 850 318 788 318 786 318 785 318 762 328 749 318 748 318 746 318 745 318 743 318 715 325 632 316 630 316 629 316 609 325 575 318 574 318 572 318 553 328 550 330 530 328 440 319 438 319 437 319 435 319 426 327 423 330 386 330 379 327 339 315 337 315 267 313 266 313 144 324 144 361"/></Shape>
	    <String CONTENT="tamen cùm munus Epiſcopi deſcribunt &amp; defi¬"
                    HPOS="144"
                    VPOS="313"
                    WIDTH="1060"
                    HEIGHT="81"
                    WC="0.980928965590217"></String>
          </TextLine>

          
          
          <TextLine ID="eSc_line_55511b52"
                    TAGREFS="LT4119"
                    BASELINE="142 419 1201 429" 
                    HPOS="141"
                    VPOS="371"
                    WIDTH="1060"
                    HEIGHT="82">
            <Shape><Polygon POINTS="141 434 174 444 175 444 176 444 232 435 239 435 252 437 324 443 325 443 350 438 356 437 362 438 388 446 389 446 391 446 429 438 443 437 452 440 468 444 469 444 471 444 529 440 566 438 575 441 594 449 596 449 597 449 646 443 667 440 687 443 718 449 719 449 806 444 881 441 913 446 944 452 945 452 981 447 1020 443 1036 449 1049 453 1051 453 1052 453 1072 449 1094 444 1198 450 1201 429 1200 392 1091 392 1085 389 1052 377 1051 377 1049 377 1048 377 1026 386 1006 377 1005 377 1003 377 963 385 886 376 884 376 883 376 881 376 868 385 865 388 751 388 727 382 696 374 694 374 693 374 691 374 690 374 681 382 673 386 663 382 648 374 646 374 645 374 643 374 623 380 603 386 593 380 584 373 582 373 581 373 487 373 486 373 484 373 472 377 456 385 446 377 440 371 438 371 437 371 435 371 404 376 385 379 367 376 348 371 346 371 345 371 343 371 343 373 340 374 331 383 294 383 206 382 194 371 193 371 191 371 190 371 188 371 187 371 166 380 144 371 142 419 141 434"/></Shape>
	    <String CONTENT="niunt eo modo illi loquuntur, vt nihil planè cum"
                    HPOS="141"
                    VPOS="371"
                    WIDTH="1060"
                    HEIGHT="82"
                    WC="0.987798134891354"></String>
          </TextLine>

          
          
          <TextLine ID="eSc_line_a1b4d6a6"
                    TAGREFS="LT4119"
                    BASELINE="141 481 597 480 1198 489" 
                    HPOS="139"
                    VPOS="431"
                    WIDTH="1059"
                    HEIGHT="79">
            <Shape><Polygon POINTS="141 481 139 492 171 502 172 502 174 502 266 495 285 493 298 495 350 504 352 504 432 498 469 495 478 498 489 502 490 502 492 502 535 499 575 496 587 499 602 505 603 505 605 505 630 501 648 498 675 501 703 505 704 505 786 504 944 499 962 507 966 508 968 508 1195 510 1198 489 1197 447 1133 447 1131 446 1122 438 1121 438 1119 438 1118 438 1116 438 1115 438 1105 446 1102 447 1093 444 1081 441 1079 441 1078 441 1061 444 1036 450 1026 444 1015 437 1014 437 1012 437 1011 437 980 443 965 446 947 443 913 437 911 437 910 437 896 441 883 447 868 441 858 437 856 437 855 437 853 437 852 437 852 438 847 441 840 447 782 440 774 440 773 440 767 440 704 447 682 438 673 435 672 435 670 435 669 435 661 438 643 446 578 438 577 438 533 446 516 438 514 438 513 438 474 446 397 434 380 432 379 432 361 434 297 440 281 432 276 431 275 431 273 431 260 432 184 443 169 431 168 431 166 431 141 431 141 481"/></Shape>
	    <String CONTENT="hoc Pauli loco cõueniat in cano. Perlectis diſt.25"
                    HPOS="139"
                    VPOS="431"
                    WIDTH="1059"
                    HEIGHT="79"
                    WC="0.972703161192875"></String>
          </TextLine>

          
          
          <TextLine ID="eSc_line_6c55831a"
                    TAGREFS="LT4119"
                    BASELINE="144 538 1197 547" 
                    HPOS="142"
                    VPOS="489"
                    WIDTH="1055"
                    HEIGHT="82">
            <Shape><Polygon POINTS="144 538 142 550 212 562 214 562 303 557 318 565 319 565 321 566 407 566 407 565 408 565 443 556 449 554 453 556 493 566 495 566 496 566 498 566 517 556 519 556 725 556 731 560 742 566 743 566 745 566 746 566 783 560 804 557 810 560 819 568 820 568 822 568 823 568 850 562 865 559 883 562 920 569 922 569 923 569 944 563 959 559 991 563 1038 571 1039 571 1195 566 1197 547 1194 505 1112 508 1078 504 1020 496 1018 496 1017 496 1015 496 1015 498 1008 504 1003 508 878 508 870 504 846 493 844 493 669 492 667 492 629 499 575 492 574 492 572 492 550 502 544 504 520 502 441 493 440 493 370 501 356 502 353 501 339 490 337 490 336 490 334 490 333 490 298 501 297 501 295 501 260 489 258 489 257 489 144 499 144 538"/></Shape>
	    <String CONTENT="Ad Epiſcopum pertinet Baſilicarum conſecrati o"
                    HPOS="142"
                    VPOS="489"
                    WIDTH="1055"
                    HEIGHT="82"
                    WC="0.991058521944544"></String>
          </TextLine>

          
          
          <TextLine ID="eSc_line_c406b1ae"
                    TAGREFS="LT4119"
                    BASELINE="153 596 1198 603" 
                    HPOS="151"
                    VPOS="550"
                    WIDTH="1047"
                    HEIGHT="70">
            <Shape><Polygon POINTS="153 596 151 608 174 618 175 618 176 618 340 611 345 611 349 611 443 620 444 620 483 612 486 612 1195 620 1198 603 1195 565 1131 568 1096 563 1051 556 1049 556 1021 562 991 568 969 560 953 556 951 556 950 556 948 556 939 560 931 565 905 560 874 554 873 554 835 559 810 562 780 559 740 553 739 553 737 553 736 553 730 557 716 566 614 566 581 556 568 551 566 551 565 551 563 551 562 551 559 554 547 565 382 565 359 553 355 550 353 550 352 550 336 551 272 562 254 551 254 550 252 550 251 550 249 550 248 550 245 550 221 559 153 550 153 596"/></Shape>
	    <String CONTENT="Vnctio altaris, conſecratio Chriſmatis: ipſe præ¬"
                    HPOS="151"
                    VPOS="550"
                    WIDTH="1047"
                    HEIGHT="70"
                    WC="0.990169554340596"></String>
          </TextLine>

          
          
          <TextLine ID="eSc_line_5da6e597"
                    TAGREFS="LT4119"
                    BASELINE="144 654 1188 663" 
                    HPOS="144"
                    VPOS="603"
                    WIDTH="1044"
                    HEIGHT="79">
            <Shape><Polygon POINTS="144 675 290 669 345 676 361 678 362 678 374 676 408 670 498 676 542 679 544 679 572 676 623 672 734 678 840 682 841 682 1186 678 1188 663 1188 624 1125 615 1124 615 1122 615 1097 621 1091 623 1088 621 1072 614 1070 614 1069 614 1067 614 1066 614 1055 621 1052 623 1049 621 1035 612 1033 612 1032 612 1030 612 1029 612 1017 620 1014 621 1012 620 994 611 993 611 991 611 990 611 969 620 962 621 892 621 878 617 840 609 838 609 837 609 817 617 815 617 801 615 742 609 740 609 739 609 725 614 713 618 693 614 666 608 620 608 618 608 617 608 608 612 594 618 580 611 572 608 571 608 569 608 554 611 523 618 450 618 438 608 437 608 435 608 434 608 425 608 353 617 324 606 319 605 318 605 316 605 304 606 230 615 208 605 206 605 144 603 144 654"/></Shape>
	    <String CONTENT="dicta officia &amp; ordines Eccleſiaſticos diſtribuit:"
                    HPOS="144"
                    VPOS="603"
                    WIDTH="1044"
                    HEIGHT="79"
                    WC="0.995502421855927"></String>
          </TextLine>

          
          
          <TextLine ID="eSc_line_97ac5f20"
                    TAGREFS="LT4119"
                    BASELINE="142 713 1201 722" 
                    HPOS="141"
                    VPOS="666"
                    WIDTH="1060"
                    HEIGHT="80">
            <Shape><Polygon POINTS="141 730 185 739 187 739 188 739 205 731 212 728 352 728 365 734 383 740 385 740 386 740 388 740 404 734 414 731 428 734 446 740 447 740 449 742 496 742 496 740 498 740 499 740 504 736 511 731 669 731 684 739 685 740 687 740 688 740 690 740 691 740 696 739 715 733 737 740 745 742 746 742 748 742 761 740 804 733 858 742 878 745 880 745 905 742 975 734 991 743 994 745 996 745 1198 746 1201 722 1201 679 1157 673 1155 673 1154 673 1139 678 1125 684 1113 678 1103 673 1102 673 1100 673 1070 678 1039 684 1009 678 977 672 975 672 929 678 893 682 875 678 849 670 847 670 846 670 844 670 820 678 810 681 803 678 789 670 788 670 731 670 730 670 728 670 715 678 707 682 673 682 649 676 602 669 600 669 599 669 597 669 597 670 588 676 585 681 524 681 519 676 498 667 496 667 397 667 395 667 394 667 392 667 382 676 379 679 321 679 313 676 284 666 282 666 281 666 142 675 142 713"/></Shape>
	    <String CONTENT="ipſe ſacras virgines benedicit, &amp;c. Quæ mera"
                    HPOS="141"
                    VPOS="666"
                    WIDTH="1060"
                    HEIGHT="80"
                    WC="0.995430153879252"></String>
          </TextLine>

          
          
          <TextLine ID="eSc_line_abc7b8e8"
                    TAGREFS="LT4119"
                    BASELINE="139 770 1195 779" 
                    HPOS="139"
                    VPOS="725"
                    WIDTH="1056"
                    HEIGHT="76">
            <Shape><Polygon POINTS="139 770 139 792 490 788 526 797 529 797 530 797 532 797 542 797 623 789 1192 801 1195 779 1194 745 981 743 981 742 954 730 953 730 926 730 925 730 923 730 922 730 907 742 905 743 846 743 843 740 823 728 822 728 820 728 652 727 651 727 649 727 621 734 591 727 590 727 588 727 587 727 566 739 565 739 560 737 519 727 517 727 516 727 462 737 459 737 443 725 441 725 440 725 438 725 392 733 349 725 348 725 346 725 319 736 315 737 187 737 181 734 159 727 157 727 156 727 154 727 139 733 139 770"/></Shape>
	    <String CONTENT="ſunt tam ſanctæ dignitatis ludibria, nimirum tam"
                    HPOS="139"
                    VPOS="725"
                    WIDTH="1056"
                    HEIGHT="76"
                    WC="0.991122793406248"></String>
          </TextLine>

          
          
          <TextLine ID="eSc_line_d9f5fa06"
                    TAGREFS="LT4119"
                    BASELINE="141 832 1198 838" 
                    HPOS="139"
                    VPOS="782"
                    WIDTH="1059"
                    HEIGHT="88">
            <Shape><Polygon POINTS="141 832 139 856 147 862 148 862 150 862 151 862 153 862 171 855 179 852 404 852 428 858 455 867 456 867 458 868 620 868 620 867 652 862 693 855 704 862 706 864 707 864 709 864 710 864 746 862 803 861 807 864 812 868 813 868 815 868 816 870 864 870 864 868 865 868 873 865 887 856 899 865 901 865 902 865 904 865 905 865 907 865 932 858 939 865 944 868 944 870 945 870 947 870 948 870 975 865 1027 858 1076 867 1091 870 1093 870 1094 870 1102 868 1133 858 1145 867 1146 867 1148 867 1195 868 1198 838 1198 800 1171 788 1170 788 1168 788 1102 798 1097 800 960 800 939 797 864 786 862 786 810 794 794 797 782 794 748 785 746 785 745 785 743 785 715 794 703 797 693 792 670 783 669 783 645 783 643 783 642 783 641 783 641 785 632 792 627 797 545 797 523 791 490 783 404 782 403 782 401 782 400 782 391 789 385 794 365 788 342 782 340 782 270 782 269 782 267 782 266 782 260 788 251 794 141 786 141 832"/></Shape>
	    <String CONTENT="procul à vero Epiſcopatus ſine in Papatu receſ¬"
                    HPOS="139"
                    VPOS="782"
                    WIDTH="1059"
                    HEIGHT="88"
                    WC="0.988918708016475"></String>
          </TextLine>

          
          
          <TextLine ID="eSc_line_9034fa2b"
                    TAGREFS="LT4119"
                    BASELINE="138 890 321 898" 
                    HPOS="133"
                    VPOS="836"
                    WIDTH="186"
                    HEIGHT="83">
            <Shape><Polygon POINTS="136 887 133 901 314 919 319 896 316 836 238 852 198 843 167 836 165 836 162 836 136 845 136 887"/></Shape>
	    <String CONTENT="lum eſt."
                    HPOS="133"
                    VPOS="836"
                    WIDTH="186"
                    HEIGHT="83"
                    WC="0.999940410256386"></String>
          </TextLine>

          
          
          <TextLine ID="eSc_line_21ad6188"
                    TAGREFS="LT4119"
                    BASELINE="202 947 1192 954" 
                    HPOS="200"
                    VPOS="898"
                    WIDTH="992"
                    HEIGHT="79">
            <Shape><Polygon POINTS="202 947 200 960 290 969 291 969 337 963 352 971 353 971 355 971 410 965 420 972 422 972 423 972 425 972 594 965 608 974 609 974 611 974 612 974 614 974 629 966 699 974 700 974 740 966 797 975 798 975 917 969 1170 977 1171 977 1173 977 1191 968 1192 954 1191 916 1042 916 1038 913 1024 904 1023 904 1021 904 1020 904 1018 904 997 911 993 913 987 911 944 902 942 902 881 910 855 913 850 910 840 902 838 902 837 902 724 901 722 901 721 901 700 907 685 911 679 907 675 902 675 901 673 901 672 901 670 901 585 905 489 910 468 902 458 899 456 899 455 899 397 902 272 908 257 899 255 898 254 898 252 898 251 898 202 898 202 947"/></Shape>
	    <String CONTENT="Commendat autem Paulus hanc ſuam, quan¬"
                    HPOS="200"
                    VPOS="898"
                    WIDTH="992"
                    HEIGHT="79"
                    WC="0.983477731545766"></String>
          </TextLine>

          
          
          <TextLine ID="eSc_line_54f18799"
                    TAGREFS="LT4119"
                    BASELINE="141 1005 1194 1015" 
                    HPOS="139"
                    VPOS="959"
                    WIDTH="1055"
                    HEIGHT="80">
            <Shape><Polygon POINTS="141 1005 139 1020 309 1032 483 1033 484 1033 486 1033 501 1027 505 1026 513 1027 539 1033 541 1033 572 1029 590 1026 599 1029 612 1035 614 1035 615 1035 685 1030 743 1027 1191 1039 1194 1015 1194 975 1183 968 1182 968 1180 968 1179 968 1177 968 1151 978 1149 980 1067 980 1064 977 1047 966 1045 966 1044 966 1042 966 1041 966 1011 975 983 966 981 966 980 966 978 966 977 966 966 975 926 966 925 966 923 966 922 966 908 975 898 966 898 965 896 965 895 965 893 965 768 974 745 975 740 974 716 963 715 963 713 963 670 972 666 974 664 972 649 963 648 963 646 963 645 963 603 972 594 974 584 972 542 962 471 962 469 962 468 962 466 962 455 971 453 972 316 972 310 969 292 959 291 959 290 959 288 959 258 968 254 969 141 968 141 1005"/></Shape>
	    <String CONTENT="quam breuem paſtoralis muneris deſcriptionem"
                    HPOS="139"
                    VPOS="959"
                    WIDTH="1055"
                    HEIGHT="80"
                    WC="0.994693035429174"></String>
          </TextLine>

          
          
          <TextLine ID="eSc_line_0d3f3f0e"
                    TAGREFS="LT4119"
                    BASELINE="139 1063 1197 1072" 
                    HPOS="138"
                    VPOS="1017"
                    WIDTH="1059"
                    HEIGHT="82">
            <Shape><Polygon POINTS="139 1063 138 1078 194 1090 196 1090 282 1081 349 1091 350 1091 490 1082 551 1093 553 1093 620 1084 648 1091 649 1091 651 1091 761 1085 770 1093 771 1093 773 1093 774 1093 832 1087 862 1096 864 1096 865 1096 867 1096 893 1088 1023 1097 1024 1099 1174 1099 1174 1097 1176 1097 1195 1087 1197 1072 1195 1036 1143 1026 1142 1026 1140 1026 1139 1026 1127 1035 1125 1035 1058 1024 1057 1024 1055 1024 1026 1035 1024 1035 1021 1035 989 1023 987 1023 986 1023 873 1029 846 1021 844 1021 843 1021 794 1030 742 1021 740 1021 739 1021 712 1032 710 1032 693 1024 691 1024 690 1024 621 1029 606 1020 605 1020 603 1020 602 1020 367 1029 342 1029 337 1029 301 1017 300 1017 298 1017 297 1017 266 1027 255 1018 255 1017 254 1017 252 1017 215 1017 214 1017 212 1017 211 1017 197 1027 196 1027 139 1027 139 1063"/></Shape>
	    <String CONTENT="duplici argumento, Generali, &amp; Speciali, quo di¬"
                    HPOS="138"
                    VPOS="1017"
                    WIDTH="1059"
                    HEIGHT="82"
                    WC="0.993859864771366"></String>
          </TextLine>

          
          
          <TextLine ID="eSc_line_803d20e3"
                    TAGREFS="LT4119"
                    BASELINE="138 1124 1194 1130" 
                    HPOS="136"
                    VPOS="1076"
                    WIDTH="1058"
                    HEIGHT="75">
            <Shape><Polygon POINTS="138 1124 136 1142 1191 1151 1194 1130 1192 1096 1055 1096 1051 1093 1035 1082 1033 1082 1032 1082 1030 1082 1029 1082 1027 1082 1015 1091 1011 1096 948 1096 941 1091 925 1079 923 1079 922 1079 920 1079 874 1088 864 1079 862 1079 861 1079 859 1079 800 1081 764 1088 737 1093 724 1087 707 1079 706 1079 704 1079 624 1085 565 1090 556 1084 547 1078 545 1078 544 1078 490 1078 489 1078 487 1078 477 1082 461 1091 426 1082 410 1078 408 1078 407 1078 388 1081 348 1090 318 1081 306 1076 304 1076 303 1076 276 1079 200 1090 179 1078 178 1076 176 1076 175 1076 174 1076 138 1076 138 1124"/></Shape>
	    <String CONTENT="ligentiùs &amp; à nobis omnibus, &amp; à Timotheo ex¬"
                    HPOS="136"
                    VPOS="1076"
                    WIDTH="1058"
                    HEIGHT="75"
                    WC="0.968428072830041"></String>
          </TextLine>

          
          
          <TextLine ID="eSc_line_e95f7f02"
                    TAGREFS="LT4119"
                    BASELINE="136 1182 1192 1191" 
                    HPOS="135"
                    VPOS="1136"
                    WIDTH="1057"
                    HEIGHT="79">
            <Shape><Polygon POINTS="136 1182 135 1195 178 1207 179 1207 181 1207 319 1200 340 1207 342 1207 343 1207 345 1207 346 1207 358 1200 410 1200 419 1207 420 1207 422 1207 423 1207 483 1200 487 1200 490 1200 522 1209 523 1209 524 1209 526 1209 527 1209 536 1201 566 1209 568 1209 569 1209 620 1201 624 1201 627 1201 663 1212 664 1212 666 1213 715 1213 715 1212 716 1212 718 1212 728 1203 730 1203 737 1203 880 1213 881 1213 923 1204 931 1204 951 1206 1079 1215 1081 1215 1191 1207 1192 1191 1192 1155 1160 1143 1158 1143 1157 1143 1107 1154 1106 1155 1078 1155 1078 1154 1066 1145 1066 1143 1064 1143 1063 1143 1061 1143 1060 1143 1024 1154 1021 1154 1012 1146 1011 1146 1009 1146 1008 1146 931 1152 926 1152 904 1142 902 1142 901 1142 853 1152 849 1152 847 1152 820 1140 819 1140 817 1140 816 1140 780 1151 745 1143 743 1143 742 1143 719 1151 716 1151 713 1151 658 1139 657 1139 535 1146 394 1137 392 1137 391 1137 371 1146 325 1139 324 1139 322 1139 321 1139 312 1146 294 1139 292 1139 291 1139 251 1146 249 1146 248 1146 218 1136 217 1136 215 1136 214 1136 212 1136 199 1146 197 1146 136 1146 136 1182"/></Shape>
	    <String CONTENT="cipiatur &amp; obſeruetur diligentiùs. Generalis qui¬"
                    HPOS="135"
                    VPOS="1136"
                    WIDTH="1057"
                    HEIGHT="79"
                    WC="0.969535361528397"></String>
          </TextLine>

          
          
          <TextLine ID="eSc_line_d7ccc159"
                    TAGREFS="LT4119"
                    BASELINE="136 1241 1191 1250" 
                    HPOS="135"
                    VPOS="1192"
                    WIDTH="1056"
                    HEIGHT="82">
            <Shape><Polygon POINTS="136 1241 135 1255 160 1267 162 1267 163 1267 230 1258 245 1267 246 1267 248 1267 249 1267 294 1261 313 1268 315 1268 316 1268 318 1268 343 1259 368 1268 370 1268 371 1268 373 1268 403 1259 437 1259 449 1268 450 1268 452 1268 453 1268 544 1262 562 1270 563 1270 565 1270 626 1262 768 1270 770 1270 771 1270 797 1262 806 1271 807 1271 809 1271 810 1271 847 1264 1021 1274 1023 1274 1189 1264 1191 1250 1189 1213 1073 1203 1072 1203 1036 1209 1023 1212 1015 1209 994 1200 993 1200 991 1200 990 1200 968 1209 962 1210 957 1207 944 1198 942 1198 941 1198 939 1198 847 1206 840 1206 838 1206 822 1197 820 1197 725 1197 724 1197 722 1197 710 1203 700 1209 627 1201 566 1195 565 1195 536 1200 490 1207 441 1198 419 1194 417 1194 403 1197 371 1206 194 1206 171 1192 169 1192 136 1192 136 1241"/></Shape>
	    <String CONTENT="dem ratio eſt quæ à genere ſumpta eſt, dum Præ¬"
                    HPOS="135"
                    VPOS="1192"
                    WIDTH="1056"
                    HEIGHT="82"
                    WC="0.986077968031168"></String>
          </TextLine>

          
          
          <TextLine ID="eSc_line_785d8630"
                    TAGREFS="LT4119"
                    BASELINE="138 1298 1192 1307" 
                    HPOS="138"
                    VPOS="1255"
                    WIDTH="1054"
                    HEIGHT="79">
            <Shape><Polygon POINTS="138 1298 138 1316 169 1314 175 1317 188 1326 190 1326 191 1326 193 1326 194 1326 229 1317 234 1316 255 1317 386 1328 388 1328 389 1328 391 1328 407 1317 411 1316 462 1316 468 1317 496 1329 498 1329 499 1329 501 1329 502 1329 516 1319 517 1317 522 1319 563 1329 565 1329 566 1329 627 1319 639 1317 660 1319 789 1331 791 1331 828 1323 846 1332 847 1332 849 1332 957 1322 1094 1334 1096 1334 1191 1320 1192 1307 1189 1273 1097 1274 1081 1271 1049 1262 1048 1262 1047 1262 1011 1270 996 1273 986 1270 960 1261 959 1261 957 1261 916 1268 893 1273 873 1268 840 1259 838 1259 837 1259 835 1259 813 1267 801 1273 667 1273 572 1271 563 1264 557 1259 556 1259 554 1259 553 1259 532 1264 507 1270 499 1264 493 1259 493 1258 492 1258 490 1258 452 1256 450 1256 353 1259 352 1259 350 1259 348 1261 337 1268 325 1261 313 1255 312 1255 248 1255 246 1255 245 1255 236 1259 223 1267 206 1259 199 1256 197 1256 196 1256 194 1256 193 1256 190 1259 181 1265 138 1259 138 1298"/></Shape>
	    <String CONTENT="ceptum appellat, ergo non negligendum impu¬"
                    HPOS="138"
                    VPOS="1255"
                    WIDTH="1054"
                    HEIGHT="79"
                    WC="0.988164480342421"></String>
          </TextLine>

          
          
          <TextLine ID="eSc_line_8ed270b6"
                    TAGREFS="LT4119"
                    BASELINE="136 1359 1189 1366" 
                    HPOS="135"
                    VPOS="1311"
                    WIDTH="1054"
                    HEIGHT="84">
            <Shape><Polygon POINTS="136 1359 135 1374 330 1375 345 1389 346 1389 348 1389 349 1389 350 1389 370 1380 398 1386 400 1386 505 1378 522 1389 523 1389 524 1389 526 1389 527 1389 548 1380 693 1389 694 1389 764 1380 835 1392 837 1392 991 1386 1009 1393 1011 1393 1012 1395 1160 1395 1160 1393 1161 1393 1188 1381 1189 1366 1188 1317 1137 1317 1136 1317 1134 1317 1133 1317 1119 1329 1078 1320 1076 1320 1075 1320 1057 1329 1041 1317 1039 1317 1038 1317 1036 1317 1032 1317 980 1328 942 1319 941 1319 939 1319 938 1319 919 1329 780 1329 770 1319 765 1316 765 1314 764 1314 762 1314 761 1314 636 1316 635 1316 627 1320 614 1326 544 1326 533 1320 517 1313 516 1313 416 1313 414 1313 413 1313 411 1313 401 1320 400 1323 348 1325 337 1322 312 1311 310 1311 223 1311 221 1311 220 1311 218 1311 203 1322 202 1323 202 1322 184 1311 182 1311 181 1311 179 1311 178 1311 176 1311 160 1322 157 1323 136 1323 136 1359"/></Shape>
	    <String CONTENT="nè, &amp; Depoſitũ. Specialis ratio commendationis"
                    HPOS="135"
                    VPOS="1311"
                    WIDTH="1054"
                    HEIGHT="84"
                    WC="0.974903865406911"></String>
          </TextLine>

          
          
          <TextLine ID="eSc_line_1d43dbdb"
                    TAGREFS="LT4119"
                    BASELINE="136 1417 1189 1424" 
                    HPOS="135"
                    VPOS="1371"
                    WIDTH="1054"
                    HEIGHT="76">
            <Shape><Polygon POINTS="136 1417 135 1441 208 1442 209 1442 211 1442 212 1442 229 1433 306 1441 307 1441 309 1441 328 1433 350 1442 353 1444 355 1444 356 1444 358 1444 364 1442 392 1435 523 1435 581 1442 582 1442 728 1436 771 1444 788 1447 789 1447 791 1447 797 1444 815 1438 841 1445 850 1447 852 1447 853 1447 1188 1445 1189 1424 1185 1377 1152 1387 1145 1381 1143 1381 1142 1381 1140 1381 978 1389 730 1387 712 1374 710 1374 709 1374 707 1374 697 1374 597 1384 581 1374 580 1374 578 1374 577 1374 574 1374 532 1381 519 1374 517 1372 516 1372 514 1372 447 1372 446 1372 444 1372 443 1372 422 1383 411 1374 410 1374 408 1374 407 1374 367 1381 319 1372 307 1371 306 1371 304 1371 303 1371 301 1372 288 1383 269 1372 266 1371 264 1371 263 1371 246 1372 191 1378 136 1372 136 1417"/></Shape>
	    <String CONTENT="ſpectat Timotheũ, &amp; tũ à ſuo in eum amore, tum"
                    HPOS="135"
                    VPOS="1371"
                    WIDTH="1054"
                    HEIGHT="76"
                    WC="0.986582197705094"></String>
          </TextLine>

          
          
          <TextLine ID="eSc_line_8aff57a8"
                    TAGREFS="LT4119"
                    BASELINE="138 1475 1189 1487" 
                    HPOS="136"
                    VPOS="1430"
                    WIDTH="1053"
                    HEIGHT="78">
            <Shape><Polygon POINTS="138 1475 136 1487 175 1499 176 1499 178 1499 284 1491 383 1500 385 1500 386 1500 388 1500 401 1491 406 1491 462 1502 464 1502 522 1493 529 1493 532 1494 554 1503 556 1503 557 1503 643 1496 646 1496 661 1505 663 1505 664 1505 666 1506 724 1506 724 1505 725 1505 740 1497 743 1496 803 1496 804 1497 813 1506 815 1506 816 1506 817 1508 871 1508 871 1506 873 1506 874 1506 886 1499 889 1497 911 1500 980 1508 981 1508 983 1508 996 1500 1002 1499 1186 1503 1189 1487 1189 1453 1167 1441 1165 1441 1164 1441 1163 1441 1161 1441 1152 1450 1139 1441 1137 1441 1136 1441 1134 1441 1066 1447 1018 1439 1017 1439 1015 1439 1014 1439 999 1451 997 1453 975 1453 972 1450 951 1439 950 1439 948 1439 947 1439 917 1448 884 1438 883 1438 881 1438 815 1448 806 1450 804 1448 783 1436 782 1436 780 1436 757 1436 755 1436 754 1436 752 1436 752 1438 740 1448 739 1448 545 1448 544 1445 527 1433 526 1433 524 1433 523 1433 522 1433 493 1445 493 1447 446 1447 443 1445 401 1432 400 1432 373 1432 371 1432 370 1432 368 1432 368 1433 355 1444 355 1445 297 1445 294 1444 270 1430 269 1430 267 1430 266 1430 229 1442 229 1444 200 1444 199 1442 184 1430 182 1430 181 1430 179 1430 178 1430 138 1441 138 1475"/></Shape>
	    <String CONTENT="ab ipſius officio ducitur, qui Prophetias de ſe hà"
                    HPOS="136"
                    VPOS="1430"
                    WIDTH="1053"
                    HEIGHT="78"
                    WC="0.992534653813231"></String>
          </TextLine>

          
          
          <TextLine ID="eSc_line_3e5e290a"
                    TAGREFS="LT4119"
                    BASELINE="136 1534 1189 1545" 
                    HPOS="136"
                    VPOS="1484"
                    WIDTH="1053"
                    HEIGHT="82">
            <Shape><Polygon POINTS="136 1534 136 1555 701 1555 800 1558 1045 1566 1047 1566 1188 1558 1189 1545 1188 1509 1146 1506 1131 1494 1130 1494 1128 1494 1023 1494 1021 1494 1020 1494 996 1503 994 1505 993 1503 975 1493 974 1493 972 1493 971 1493 969 1493 968 1493 956 1502 889 1491 887 1491 886 1491 858 1500 844 1505 594 1505 566 1493 551 1488 550 1488 548 1488 547 1488 535 1493 511 1503 443 1503 423 1490 419 1487 417 1487 416 1487 394 1487 392 1487 391 1487 389 1487 386 1490 371 1502 330 1502 306 1500 291 1487 290 1485 288 1485 287 1485 285 1485 284 1485 279 1487 249 1499 191 1499 174 1485 172 1485 171 1485 136 1484 136 1534"/></Shape>
	    <String CONTENT="beat plures Præcedentes, vt certus ſit de Dei au¬"
                    HPOS="136"
                    VPOS="1484"
                    WIDTH="1053"
                    HEIGHT="82"
                    WC="0.974363880498069"></String>
          </TextLine>

          
          
          <TextLine ID="eSc_line_4dc2c1f6"
                    TAGREFS="LT4119"
                    BASELINE="132 1592 1185 1603" 
                    HPOS="130"
                    VPOS="1546"
                    WIDTH="1055"
                    HEIGHT="85">
            <Shape><Polygon POINTS="132 1592 130 1610 282 1624 284 1625 340 1625 340 1624 342 1624 367 1613 370 1612 475 1612 480 1613 533 1625 535 1625 614 1618 646 1627 648 1627 649 1627 716 1625 718 1625 719 1625 733 1615 734 1615 737 1615 782 1628 783 1628 785 1628 846 1616 847 1616 849 1616 881 1629 883 1629 884 1629 935 1622 1012 1629 1014 1629 1015 1629 1017 1629 1032 1618 1085 1631 1087 1631 1088 1631 1183 1618 1185 1603 1185 1567 1151 1555 1149 1555 1148 1555 1090 1567 1058 1567 1045 1555 1044 1555 1042 1555 1041 1555 917 1563 862 1552 861 1552 669 1561 654 1552 652 1552 651 1552 649 1552 582 1561 517 1549 516 1549 514 1549 486 1561 434 1561 353 1558 343 1548 342 1548 340 1548 339 1548 297 1555 284 1546 282 1546 281 1546 279 1546 278 1546 251 1557 232 1546 230 1546 175 1546 174 1546 172 1546 132 1557 132 1592"/></Shape>
	    <String CONTENT="xilio, &amp; ſua vocatione, Quod ad Prophetias, qui¬"
                    HPOS="130"
                    VPOS="1546"
                    WIDTH="1055"
                    HEIGHT="85"
                    WC="0.988543505469958"></String>
          </TextLine>

          
          
          <TextLine ID="eSc_line_dd560919"
                    TAGREFS="LT4119"
                    BASELINE="132 1652 1188 1662" 
                    HPOS="132"
                    VPOS="1607"
                    WIDTH="1056"
                    HEIGHT="80">
            <Shape><Polygon POINTS="132 1652 132 1671 336 1668 342 1673 345 1676 346 1676 348 1676 349 1676 350 1676 352 1676 355 1673 361 1670 389 1673 469 1682 471 1682 472 1682 474 1682 486 1673 487 1671 550 1670 556 1673 565 1680 566 1680 568 1680 569 1680 571 1680 572 1680 578 1674 591 1683 593 1683 594 1683 596 1685 663 1685 663 1683 664 1683 666 1683 681 1674 685 1671 730 1671 736 1674 754 1685 755 1685 757 1685 887 1686 889 1687 935 1687 935 1686 936 1686 938 1686 938 1685 950 1674 951 1674 953 1674 1002 1683 1003 1683 1005 1683 1020 1676 1042 1686 1044 1686 1045 1686 1186 1674 1188 1662 1188 1628 1161 1616 1160 1616 1158 1616 1085 1628 1084 1628 1082 1628 1038 1615 1036 1615 1035 1615 1033 1615 997 1625 974 1618 972 1618 971 1618 969 1618 968 1618 956 1627 926 1618 925 1618 923 1618 850 1625 819 1613 817 1613 816 1613 815 1613 773 1625 771 1625 767 1625 699 1618 697 1618 536 1621 520 1610 519 1610 517 1610 444 1610 443 1610 441 1610 417 1621 392 1609 391 1609 389 1609 226 1619 160 1607 159 1607 157 1607 132 1618 132 1652"/></Shape>
	    <String CONTENT="dam, vt Chriſoſtomus, eas accipit de ordinaria"
                    HPOS="132"
                    VPOS="1607"
                    WIDTH="1056"
                    HEIGHT="80"
                    WC="0.98721628215002"></String>
          </TextLine>

          
          
          <TextLine ID="eSc_line_8fe096d6"
                    TAGREFS="LT4119"
                    BASELINE="135 1710 1180 1722" 
                    HPOS="135"
                    VPOS="1665"
                    WIDTH="1045"
                    HEIGHT="80">
            <Shape><Polygon POINTS="135 1710 135 1729 166 1725 178 1731 187 1735 188 1735 190 1737 237 1737 237 1735 239 1735 240 1735 240 1734 243 1732 252 1725 388 1725 452 1735 459 1735 461 1735 462 1735 464 1735 472 1728 508 1735 527 1740 529 1740 571 1737 648 1731 661 1738 667 1741 669 1741 670 1741 691 1738 746 1731 820 1738 822 1738 916 1732 945 1743 947 1743 948 1743 951 1743 1015 1734 1029 1744 1030 1744 1032 1744 1177 1745 1180 1722 1179 1687 1099 1687 1097 1686 1087 1677 1087 1676 1085 1676 1084 1676 1082 1676 1023 1685 1020 1685 1018 1685 1008 1676 1008 1674 1006 1674 1005 1674 945 1674 944 1674 942 1674 923 1683 919 1685 911 1683 877 1673 875 1673 874 1673 831 1682 828 1682 826 1682 813 1673 812 1673 810 1673 809 1673 807 1673 788 1679 691 1671 690 1671 688 1671 666 1679 657 1682 642 1679 615 1673 614 1673 590 1677 577 1680 535 1677 468 1671 466 1671 444 1676 426 1679 416 1674 395 1667 394 1667 392 1667 340 1674 322 1676 315 1673 297 1667 295 1667 294 1667 292 1667 279 1673 270 1677 251 1673 226 1667 224 1667 223 1667 209 1671 200 1676 193 1671 184 1665 182 1665 181 1665 179 1665 135 1670 135 1710"/></Shape>
	    <String CONTENT="via &amp; electione, quam obſeruatam eſſe vult in"
                    HPOS="135"
                    VPOS="1665"
                    WIDTH="1045"
                    HEIGHT="80"
                    WC="0.976058255301582"></String>
          </TextLine>

          
          
          <TextLine ID="eSc_line_4637614a"
                    TAGREFS="LT4119"
                    BASELINE="138 1769 1180 1775" 
                    HPOS="136"
                    VPOS="1725"
                    WIDTH="1044"
                    HEIGHT="80">
            <Shape><Polygon POINTS="138 1769 136 1789 151 1798 153 1798 272 1799 273 1799 275 1799 276 1799 292 1789 297 1787 371 1787 376 1789 386 1798 388 1798 389 1798 391 1798 392 1798 419 1789 423 1789 585 1789 588 1790 606 1801 608 1801 609 1801 611 1801 669 1792 691 1802 693 1802 694 1802 798 1790 801 1790 806 1790 920 1804 922 1805 974 1805 974 1804 975 1804 997 1793 1009 1804 1011 1804 1012 1804 1014 1804 1122 1796 1139 1802 1140 1802 1142 1802 1143 1802 1179 1790 1180 1775 1179 1744 1136 1734 1134 1734 1133 1734 1105 1743 1100 1744 963 1744 951 1740 920 1729 919 1729 917 1729 874 1738 855 1743 719 1743 688 1734 658 1728 657 1728 618 1734 572 1740 449 1729 398 1726 397 1726 395 1726 389 1729 370 1738 297 1728 288 1726 287 1726 285 1726 284 1726 252 1738 138 1725 138 1769"/></Shape>
	    <String CONTENT="Timothei electione: alij de extraordinaria acci¬"
                    HPOS="136"
                    VPOS="1725"
                    WIDTH="1044"
                    HEIGHT="80"
                    WC="0.985554837932189"></String>
          </TextLine>

          
          
          <TextLine ID="eSc_line_7e17b3b2"
                    TAGREFS="LT4119"
                    BASELINE="133 1829 1179 1836" 
                    HPOS="133"
                    VPOS="1786"
                    WIDTH="1046"
                    HEIGHT="74">
            <Shape><Polygon POINTS="133 1829 133 1856 205 1848 220 1856 223 1857 224 1857 343 1859 345 1859 346 1859 352 1856 368 1850 474 1856 551 1860 553 1860 578 1856 596 1853 612 1856 636 1860 638 1860 1177 1854 1179 1836 1177 1790 1143 1790 1142 1790 1140 1790 1113 1805 1067 1805 1051 1790 1049 1790 1048 1790 994 1790 993 1790 991 1790 990 1790 975 1802 870 1795 868 1795 810 1802 776 1790 771 1789 770 1789 768 1789 757 1790 709 1798 685 1790 675 1787 673 1787 672 1787 670 1787 663 1790 639 1801 608 1793 606 1793 605 1793 492 1799 478 1790 472 1786 471 1786 469 1786 356 1786 355 1786 353 1786 352 1786 345 1790 334 1798 301 1790 295 1790 294 1790 292 1790 291 1790 273 1798 249 1790 242 1789 240 1789 239 1789 237 1789 236 1789 234 1790 223 1798 133 1792 133 1829"/></Shape>
	    <String CONTENT="piunt, qualis illa, quæ clara Dei voce facta eſt"
                    HPOS="133"
                    VPOS="1786"
                    WIDTH="1046"
                    HEIGHT="74"
                    WC="0.997844443966945"></String>
          </TextLine>

          
          
          <TextLine ID="eSc_line_aea4a00e"
                    TAGREFS="LT4119"
                    BASELINE="133 1885 1179 1894" 
                    HPOS="132"
                    VPOS="1842"
                    WIDTH="1047"
                    HEIGHT="76">
            <Shape><Polygon POINTS="133 1885 132 1900 185 1912 187 1912 188 1912 224 1903 236 1912 236 1914 237 1914 239 1914 240 1914 298 1903 312 1914 312 1915 313 1915 315 1915 316 1917 382 1917 382 1915 383 1915 385 1915 398 1905 426 1915 428 1915 429 1915 431 1915 432 1915 447 1906 480 1917 481 1917 483 1917 541 1915 542 1915 544 1915 554 1906 618 1906 660 1918 661 1918 663 1918 1177 1909 1179 1894 1177 1863 1107 1854 1106 1854 1064 1862 1060 1862 1055 1862 1012 1850 1011 1850 1009 1850 1008 1850 981 1860 968 1848 966 1848 965 1848 922 1848 920 1848 919 1848 895 1860 893 1860 757 1860 754 1859 719 1847 718 1847 716 1847 657 1854 609 1845 566 1845 565 1845 563 1845 562 1845 550 1856 524 1845 523 1845 522 1845 483 1853 452 1844 450 1844 449 1844 447 1844 446 1844 429 1854 411 1844 410 1844 408 1844 336 1854 319 1856 301 1854 218 1842 217 1842 133 1851 133 1885"/></Shape>
	    <String CONTENT="Actor. 13. Tale de Timotheo extitiſſe Dei te¬"
                    HPOS="132"
                    VPOS="1842"
                    WIDTH="1047"
                    HEIGHT="76"
                    WC="0.978732081254323"></String>
          </TextLine>

          
          
          <TextLine ID="eSc_line_cb25210d"
                    TAGREFS="LT4119"
                    BASELINE="130 1942 1177 1954" 
                    HPOS="130"
                    VPOS="1899"
                    WIDTH="1047"
                    HEIGHT="86">
            <Shape><Polygon POINTS="130 1942 133 1973 144 1966 182 1973 194 1975 196 1975 197 1975 203 1973 226 1966 285 1973 310 1976 312 1976 337 1973 388 1967 403 1973 411 1978 413 1978 414 1978 450 1973 471 1972 522 1973 654 1980 655 1980 657 1980 676 1975 679 1973 682 1975 699 1980 700 1980 701 1980 703 1980 704 1980 712 1975 716 1972 810 1972 813 1975 819 1980 820 1980 822 1980 823 1980 886 1975 905 1973 907 1975 916 1982 916 1983 917 1983 919 1983 920 1983 1015 1976 1045 1985 1047 1985 1048 1985 1176 1975 1177 1954 1177 1921 1143 1911 1142 1911 1140 1911 1139 1911 1121 1920 1055 1920 1041 1909 1039 1909 1038 1909 1036 1909 966 1917 954 1918 948 1917 916 1906 914 1906 913 1906 911 1906 883 1915 878 1917 873 1915 846 1906 844 1906 843 1906 725 1912 675 1914 667 1911 654 1903 652 1903 651 1903 649 1903 629 1909 623 1911 608 1909 565 1903 563 1903 523 1908 474 1912 456 1906 453 1905 452 1905 450 1905 428 1905 261 1911 239 1900 237 1900 236 1900 234 1900 233 1900 232 1900 223 1906 214 1900 212 1899 211 1899 209 1899 130 1899 130 1942"/></Shape>
	    <String CONTENT="ſtimonium volunt. Actor. 16 verſ. 2. Ego extraor¬"
                    HPOS="130"
                    VPOS="1899"
                    WIDTH="1047"
                    HEIGHT="86"
                    WC="0.986115231805918"></String>
          </TextLine>

          
          
          <TextLine ID="eSc_line_b5a99cdc"
                    TAGREFS="LT4119"
                    BASELINE="132 2003 996 2013" 
                    HPOS="130"
                    VPOS="1961"
                    WIDTH="866"
                    HEIGHT="77">
            <Shape><Polygon POINTS="132 2003 130 2027 194 2019 269 2031 278 2031 279 2031 285 2031 325 2022 371 2031 379 2033 380 2033 407 2033 626 2024 670 2024 687 2036 688 2036 690 2036 691 2036 694 2036 749 2025 993 2038 996 2013 994 1982 899 1982 896 1979 874 1969 873 1969 871 1969 870 1969 850 1979 849 1980 809 1980 803 1978 774 1969 773 1969 771 1969 770 1969 768 1969 768 1970 759 1978 758 1978 752 1972 752 1970 751 1970 749 1970 748 1970 746 1970 725 1976 719 1978 713 1976 690 1967 688 1967 687 1967 608 1975 578 1976 572 1973 559 1966 557 1966 556 1966 519 1972 425 1964 423 1964 422 1964 406 1970 397 1973 389 1970 373 1963 371 1963 370 1963 368 1963 355 1969 346 1975 258 1975 249 1967 243 1963 242 1963 240 1963 239 1963 237 1963 236 1963 232 1967 227 1970 214 1967 191 1961 190 1961 188 1961 132 1964 132 2003"/></Shape>
	    <String CONTENT="dinariam electionem accipio hoc loco."
                    HPOS="130"
                    VPOS="1961"
                    WIDTH="866"
                    HEIGHT="77"
                    WC="0.991029513848794"></String>
          </TextLine>

          
          
          <TextLine ID="eSc_line_e5d6c84c"
                    TAGREFS="LT4119"
                    BASELINE="190 2062 1177 2074" 
                    HPOS="188"
                    VPOS="2016"
                    WIDTH="989"
                    HEIGHT="88">
            <Shape><Polygon POINTS="190 2062 188 2086 239 2080 251 2089 257 2094 258 2094 260 2094 261 2094 263 2094 279 2089 312 2080 325 2089 336 2096 337 2096 339 2096 340 2096 342 2096 365 2091 370 2089 376 2091 411 2096 413 2096 414 2096 416 2096 425 2091 428 2088 432 2091 443 2098 444 2098 446 2098 447 2098 449 2098 450 2098 459 2091 469 2083 501 2091 502 2091 504 2091 505 2091 522 2085 532 2092 535 2094 536 2094 538 2094 539 2094 541 2094 550 2092 577 2085 594 2092 612 2099 614 2099 615 2101 658 2101 658 2099 660 2099 673 2092 687 2086 777 2086 791 2094 804 2102 806 2102 807 2102 809 2102 810 2102 825 2095 931 2104 932 2104 1008 2096 1032 2104 1033 2104 1035 2104 1036 2104 1054 2096 1067 2091 1084 2096 1106 2104 1107 2104 1109 2104 1176 2096 1177 2074 1177 2038 1105 2027 1103 2027 1102 2027 1100 2027 1100 2028 1090 2037 1087 2040 1063 2040 1058 2037 1041 2025 1039 2025 1038 2025 1003 2025 1002 2025 1000 2025 999 2025 984 2036 981 2037 892 2037 889 2036 877 2025 875 2025 874 2025 873 2025 871 2025 870 2025 855 2034 852 2037 820 2037 816 2034 797 2022 795 2022 794 2022 792 2022 791 2022 789 2022 773 2034 771 2034 770 2034 740 2022 739 2022 737 2022 736 2022 704 2033 701 2034 700 2033 687 2021 685 2021 684 2021 682 2021 681 2021 636 2033 633 2033 632 2033 608 2021 606 2021 605 2021 513 2031 505 2031 498 2031 435 2021 434 2021 432 2021 431 2021 419 2030 417 2031 365 2031 364 2030 348 2018 346 2018 345 2018 343 2018 282 2024 263 2016 261 2016 260 2016 190 2027 190 2062"/></Shape>
	    <String CONTENT="Vt milites per eas) Explicat Paulus qui modus"
                    HPOS="188"
                    VPOS="2016"
                    WIDTH="989"
                    HEIGHT="88"
                    WC="0.99562502834532"></String>
          </TextLine>

          
          
          <TextLine ID="eSc_line_5b326bb7"
                    TAGREFS="LT4119"
                    BASELINE="129 2122 1179 2132" 
                    HPOS="127"
                    VPOS="2074"
                    WIDTH="1052"
                    HEIGHT="82">
            <Shape><Polygon POINTS="129 2122 127 2137 237 2138 254 2147 255 2147 257 2147 297 2141 307 2150 309 2150 310 2150 312 2150 313 2150 350 2141 383 2150 385 2150 386 2150 388 2150 417 2141 431 2152 432 2152 434 2152 435 2153 516 2153 516 2152 517 2152 519 2152 530 2143 532 2143 536 2143 633 2153 635 2153 690 2144 696 2144 703 2144 757 2154 758 2154 759 2154 776 2146 779 2146 849 2146 852 2147 859 2153 861 2153 862 2153 864 2153 865 2153 867 2153 875 2147 893 2156 895 2156 896 2156 1177 2150 1179 2132 1179 2098 1087 2096 1085 2095 1072 2085 1070 2085 1069 2085 1067 2085 1066 2085 1038 2094 1033 2096 883 2096 858 2091 844 2088 843 2088 823 2089 785 2094 770 2088 755 2082 754 2082 752 2082 751 2082 749 2082 742 2088 734 2092 713 2086 688 2080 687 2080 685 2080 655 2086 621 2092 588 2085 568 2079 566 2079 492 2079 490 2079 489 2079 487 2079 484 2082 475 2089 466 2082 465 2082 464 2082 462 2082 461 2082 432 2091 397 2091 377 2079 373 2077 371 2077 370 2077 358 2079 300 2089 245 2086 234 2076 233 2076 232 2076 129 2074 129 2122"/></Shape>
	    <String CONTENT="ſit Euangelici miniſterij fideliter exequendi, ni¬"
                    HPOS="127"
                    VPOS="2074"
                    WIDTH="1052"
                    HEIGHT="82"
                    WC="0.96976819396019"></String>
          </TextLine>

          
          
          <TextLine ID="eSc_line_b0bcf647"
                    TAGREFS="LT4119"
                    BASELINE="133 2180 1180 2192" 
                    HPOS="132"
                    VPOS="2135"
                    WIDTH="1048"
                    HEIGHT="103">
            <Shape><Polygon POINTS="133 2180 132 2212 255 2214 261 2215 319 2227 321 2227 382 2218 394 2217 406 2218 461 2230 462 2230 510 2221 523 2218 527 2221 541 2230 542 2230 544 2230 545 2230 547 2230 577 2221 580 2221 582 2223 606 2233 608 2233 609 2233 679 2224 701 2221 709 2224 725 2233 727 2233 788 2236 789 2236 887 2235 889 2235 890 2235 899 2229 902 2226 926 2229 987 2238 989 2238 1179 2233 1180 2192 1180 2146 1130 2146 1128 2146 1127 2146 1100 2157 1026 2154 1015 2146 1015 2144 1014 2144 1012 2144 1011 2144 1003 2146 956 2156 908 2146 895 2143 849 2143 847 2143 846 2143 844 2143 841 2146 826 2154 550 2153 539 2146 529 2138 527 2138 526 2138 524 2138 523 2138 495 2146 490 2147 487 2146 475 2141 474 2141 472 2141 471 2141 469 2141 465 2146 461 2150 452 2146 432 2138 431 2138 382 2137 380 2137 379 2137 355 2146 348 2149 331 2146 266 2135 171 2135 169 2135 168 2135 133 2146 133 2180"/></Shape>
	    <String CONTENT="nimirum, durum ſæpe certamen ſubeundum eſſe"
                    HPOS="132"
                    VPOS="2135"
                    WIDTH="1048"
                    HEIGHT="103"
                    WC="0.998499336630799"></String>
          </TextLine>

          
        </TextBlock>
        
        <TextBlock HPOS="890"
                   VPOS="2211"
                   WIDTH="113"
                   HEIGHT="68"
                   ID="block_1"
                   TAGREFS="BT10534">
          <Shape><Polygon POINTS="1003 2211 1003 2279 890 2279 890 2211"/></Shape>
          
          
          <TextLine ID="eSc_line_d688ff36"
                    TAGREFS="LT4119"
                    BASELINE="896 2254 989 2251" 
                    HPOS="893"
                    VPOS="2215"
                    WIDTH="96"
                    HEIGHT="87">
            <Shape><Polygon POINTS="896 2254 896 2288 942 2302 944 2302 945 2302 947 2302 989 2290 989 2251 984 2215 893 2217 896 2254"/></Shape>
	    <String CONTENT="C. ij"
                    HPOS="893"
                    VPOS="2215"
                    WIDTH="96"
                    HEIGHT="87"
                    WC="0.914104127883911"></String>
          </TextLine>

          
        </TextBlock>
        

        
      </PrintSpace>
    </Page>
  </Layout>
</alto>
