<?xml version="1.0" encoding="UTF-8"?>
<alto xmlns:xsi="http://www.w3.org/2001/XMLSchema-instance"
      xmlns="http://www.loc.gov/standards/alto/ns-v4#"
      xsi:schemaLocation="http://www.loc.gov/standards/alto/ns-v4# http://www.loc.gov/standards/alto/v4/alto-4-2.xsd">
  <Description>
    <MeasurementUnit>pixel</MeasurementUnit>
    <sourceImageInformation>
      <fileName>495_2893e_default.jpg</fileName>
      
    </sourceImageInformation>
  </Description>
  
  <Tags>
    <OtherTag ID="BT1687" LABEL="GraphicZone" DESCRIPTION="block type GraphicZone"/><OtherTag ID="BT1688" LABEL="MainZone" DESCRIPTION="block type MainZone"/><OtherTag ID="BT1689" LABEL="QuireMarksZone" DESCRIPTION="block type QuireMarksZone"/><OtherTag ID="BT1690" LABEL="RunningTitleZone" DESCRIPTION="block type RunningTitleZone"/><OtherTag ID="BT1693" LABEL="NumberingZone" DESCRIPTION="block type NumberingZone"/>
    <OtherTag ID="LT648" LABEL="DefaultLine" DESCRIPTION="line type DefaultLine"/><OtherTag ID="LT649" LABEL="HeadingLine" DESCRIPTION="line type HeadingLine"/><OtherTag ID="LT650" LABEL="CustomLine : BiblicalText" DESCRIPTION="line type CustomLine : BiblicalText"/>
  </Tags>
  
  <Layout>
    <Page WIDTH="1505"
          HEIGHT="2180"
          PHYSICAL_IMG_NR="11"
          ID="eSc_dummypage_">
      <PrintSpace HPOS="0"
                  VPOS="0"
                  WIDTH="1505"
                  HEIGHT="2180">
        
        <TextBlock HPOS="541"
                   VPOS="147"
                   WIDTH="95"
                   HEIGHT="45"
                   ID="eSc_textblock_28d35a67"
                   TAGREFS="BT1693">
          <Shape><Polygon POINTS="541 147 541 192 636 192 636 147"/></Shape>
          
          
          <TextLine ID="eSc_line_b7ebe517"
                    TAGREFS="LT648"
                    BASELINE="543 188 627 186" 
                    HPOS="539"
                    VPOS="127"
                    WIDTH="86"
                    HEIGHT="72">
            <Shape><Polygon POINTS="541 187 541 199 625 192 625 185 619 127 539 139 541 187"/></Shape>
	    <String CONTENT="466"
                    HPOS="539"
                    VPOS="127"
                    WIDTH="86"
                    HEIGHT="72"></String>
          </TextLine>

          
        </TextBlock>
        
        <TextBlock HPOS="731"
                   VPOS="129"
                   WIDTH="570"
                   HEIGHT="58"
                   ID="eSc_textblock_3b2cfbb1"
                   TAGREFS="BT1690">
          <Shape><Polygon POINTS="731 139 731 187 1301 187 1301 129"/></Shape>
          
          
          <TextLine ID="eSc_line_9a854b8e"
                    TAGREFS="LT649"
                    BASELINE="736 183 1296 170" 
                    HPOS="732"
                    VPOS="114"
                    WIDTH="563"
                    HEIGHT="80">
            <Shape><Polygon POINTS="734 194 1295 181 1295 168 1292 130 1212 114 1210 114 1156 118 1154 118 1152 118 1134 130 1126 134 1097 130 1023 119 979 119 977 119 976 119 974 119 959 130 956 132 941 130 876 123 874 123 872 123 845 130 807 141 732 132 734 181"/></Shape>
	    <String CONTENT="AD I. PAVL. AD TIM."
                    HPOS="732"
                    VPOS="114"
                    WIDTH="563"
                    HEIGHT="80"></String>
          </TextLine>

          
        </TextBlock>
        
        <TextBlock HPOS="543"
                   VPOS="191"
                   WIDTH="886"
                   HEIGHT="1603"
                   ID="eSc_textblock_5e1ed66d"
                   TAGREFS="BT1688">
          <Shape><Polygon POINTS="543 206 549 1794 1429 1785 1424 191"/></Shape>
          
          
          <TextLine ID="eSc_line_257b85c4"
                    TAGREFS="LT648"
                    BASELINE="545 245 1415 225" 
                    HPOS="543"
                    VPOS="176"
                    WIDTH="872"
                    HEIGHT="81">
            <Shape><Polygon POINTS="1379 188 1361 187 1343 183 1325 181 1317 176 1290 185 1288 185 1279 185 1105 179 1103 179 1101 179 1099 179 1099 181 1092 187 1088 192 970 192 959 188 941 181 939 181 937 181 859 183 857 183 856 183 848 190 839 196 543 194 545 245 545 257 1415 234 1415 225 1412 192 1397 192"/></Shape>
	    <String CONTENT="derit, Bonam confeſſionem iam confeſſus es coram"
                    HPOS="543"
                    VPOS="176"
                    WIDTH="872"
                    HEIGHT="81"></String>
          </TextLine>

          
          
          <TextLine ID="eSc_line_66322412"
                    TAGREFS="LT648"
                    BASELINE="543 296 1412 276" 
                    HPOS="541"
                    VPOS="227"
                    WIDTH="871"
                    HEIGHT="76">
            <Shape><Polygon POINTS="1323 228 1305 228 1286 228 1270 228 1196 236 1170 237 1157 236 1132 232 1123 232 1105 232 1096 232 1090 237 1088 237 1066 237 1016 234 1014 236 996 236 977 236 959 236 941 236 923 237 919 237 916 239 905 243 890 239 881 237 868 237 854 237 854 239 850 245 823 241 812 239 796 239 779 239 779 241 772 247 761 241 759 241 741 241 723 241 721 241 676 248 541 245 543 296 543 303 1412 290 1412 276 1408 234 1355 227 1341 227"/></Shape>
	    <String CONTENT="multis, ait, Ergo eò turpius eſt tibi referre pedẽ,"
                    HPOS="541"
                    VPOS="227"
                    WIDTH="871"
                    HEIGHT="76"></String>
          </TextLine>

          
          
          <TextLine ID="eSc_line_62bcd3b5"
                    TAGREFS="LT648"
                    BASELINE="545 343 1410 321" 
                    HPOS="543"
                    VPOS="279"
                    WIDTH="867"
                    HEIGHT="77">
            <Shape><Polygon POINTS="1270 279 1252 281 1234 281 1215 281 1197 281 1179 281 1161 283 1143 283 1125 283 1121 283 1041 290 1026 285 1016 287 997 287 981 287 954 292 916 288 906 288 888 288 870 288 852 290 850 290 828 296 790 290 779 292 761 292 743 292 739 292 725 297 672 294 670 294 652 294 634 294 616 296 598 296 588 296 543 303 545 343 545 356 1408 336 1410 321 1406 283 1305 279 1288 279"/></Shape>
	    <String CONTENT="qui iam tam ſtrenuè Chriſto militaſti. Hæc con¬"
                    HPOS="543"
                    VPOS="279"
                    WIDTH="867"
                    HEIGHT="77"></String>
          </TextLine>

          
          
          <TextLine ID="eSc_line_0e3aa0a4"
                    TAGREFS="LT648"
                    BASELINE="548 390 1410 368" 
                    HPOS="547"
                    VPOS="325"
                    WIDTH="863"
                    HEIGHT="72">
            <Shape><Polygon POINTS="1292 325 1274 325 1255 327 1237 327 1234 327 1196 334 1190 334 1188 334 1156 328 1146 328 1128 328 1123 328 1114 336 1112 336 1103 336 1037 330 1037 332 1019 332 1001 332 983 332 965 334 946 334 945 334 925 337 897 334 892 336 874 336 856 336 848 336 836 341 830 343 819 341 790 337 783 337 765 337 747 339 737 339 716 345 708 345 696 345 657 341 656 341 637 341 619 341 601 343 583 343 581 343 547 346 548 390 548 396 905 397 906 397 979 386 1383 386 1383 385 1385 385 1410 374 1410 368 1406 330 1321 325 1310 325"/></Shape>
	    <String CONTENT="feſſio, quæ facta dicitur à Timotheo, fuit ſu¬"
                    HPOS="547"
                    VPOS="325"
                    WIDTH="863"
                    HEIGHT="72"></String>
          </TextLine>

          
          
          <TextLine ID="eSc_line_c0314c44"
                    TAGREFS="LT648"
                    BASELINE="545 439 1410 417" 
                    HPOS="543"
                    VPOS="372"
                    WIDTH="867"
                    HEIGHT="76">
            <Shape><Polygon POINTS="1252 374 1246 374 1203 381 1177 385 1166 383 1145 376 1143 376 1141 376 1139 376 1121 383 1114 386 1101 385 1068 377 1066 377 1065 377 1046 386 1041 388 1025 386 976 379 966 379 945 388 939 390 934 390 908 381 906 383 892 383 870 392 867 392 863 392 836 383 834 385 816 385 803 385 625 399 610 399 607 399 556 390 554 390 552 390 550 390 543 394 545 439 545 448 1410 426 1410 417 1406 376 1268 372 1252 374"/></Shape>
	    <String CONTENT="ſceptum ab eo Euangelij miniſterium quod iam"
                    HPOS="543"
                    VPOS="372"
                    WIDTH="867"
                    HEIGHT="76"></String>
          </TextLine>

          
          
          <TextLine ID="eSc_line_a1b1a60f"
                    TAGREFS="LT648"
                    BASELINE="552 485 1412 470" 
                    HPOS="550"
                    VPOS="421"
                    WIDTH="862"
                    HEIGHT="71">
            <Shape><Polygon POINTS="1321 421 1319 421 1317 421 1312 423 1285 434 1225 426 1199 423 1190 423 1185 426 1166 437 1085 437 1050 432 1030 428 1023 428 1010 428 985 434 957 439 906 436 845 432 841 432 823 434 805 434 803 434 794 439 794 441 792 439 783 434 768 434 750 436 743 436 714 441 690 436 677 437 659 437 656 437 645 445 641 445 596 439 587 439 572 439 550 446 552 485 552 492 1412 485 1412 470 1408 421 1332 421 1321 421"/></Shape>
	    <String CONTENT="egregiè adminiſtrarat. Alij tamen ad Baptiſmũ"
                    HPOS="550"
                    VPOS="421"
                    WIDTH="862"
                    HEIGHT="71"></String>
          </TextLine>

          
          
          <TextLine ID="eSc_line_acdd1341"
                    TAGREFS="LT648"
                    BASELINE="554 535 1408 517" 
                    HPOS="552"
                    VPOS="475"
                    WIDTH="856"
                    HEIGHT="68">
            <Shape><Polygon POINTS="554 535 554 543 1408 526 1408 517 1403 475 552 488 554 535"/></Shape>
	    <String CONTENT="Timothei referunt. Alij quærunt, vtrùm ali¬"
                    HPOS="552"
                    VPOS="475"
                    WIDTH="856"
                    HEIGHT="68"></String>
          </TextLine>

          
          
          <TextLine ID="eSc_line_5bf84078"
                    TAGREFS="LT648"
                    BASELINE="552 584 1410 566" 
                    HPOS="550"
                    VPOS="517"
                    WIDTH="860"
                    HEIGHT="78">
            <Shape><Polygon POINTS="1405 519 1386 519 1368 519 1350 519 1332 519 1314 521 1295 521 1277 521 1259 521 1241 521 1223 523 1205 523 1197 523 1145 535 859 539 836 534 821 530 805 532 803 534 797 541 761 535 736 532 732 532 714 534 696 534 677 534 670 534 550 541 552 584 552 595 1410 574 1410 566 1405 517 1405 519"/></Shape>
	    <String CONTENT="quid paſſus ſit in corpore ſuo pro Chriſto Ti¬"
                    HPOS="550"
                    VPOS="517"
                    WIDTH="860"
                    HEIGHT="78"></String>
          </TextLine>

          
          
          <TextLine ID="eSc_line_79ab059d"
                    TAGREFS="LT648"
                    BASELINE="548 635 1412 615" 
                    HPOS="547"
                    VPOS="566"
                    WIDTH="865"
                    HEIGHT="75">
            <Shape><Polygon POINTS="1401 568 1383 568 1365 568 1346 568 1332 568 1321 575 1250 570 1237 572 1219 572 1201 572 1190 572 1168 579 1041 575 1037 575 1019 575 1001 575 983 575 979 575 977 577 965 583 952 577 946 577 928 577 910 577 892 579 874 579 856 579 837 579 828 579 808 579 801 581 792 581 547 592 548 635 548 641 1412 621 1412 615 1406 566 1401 568"/></Shape>
	    <String CONTENT="motheus, vti Sylas &amp; Paulus Acto.16 Sed de Ti¬"
                    HPOS="547"
                    VPOS="566"
                    WIDTH="865"
                    HEIGHT="75"></String>
          </TextLine>

          
          
          <TextLine ID="eSc_line_d6f62f1a"
                    TAGREFS="LT648"
                    BASELINE="548 683 1414 666" 
                    HPOS="547"
                    VPOS="615"
                    WIDTH="867"
                    HEIGHT="75">
            <Shape><Polygon POINTS="1401 617 1383 617 1365 617 1346 617 1328 619 1325 619 1308 626 1252 619 1237 621 1219 621 1201 621 1183 621 1165 623 1146 623 1141 623 1114 624 985 632 959 628 943 626 928 628 910 628 896 628 867 632 832 635 808 634 787 630 783 632 765 632 747 632 728 632 727 632 719 637 717 637 705 637 668 634 656 634 637 634 619 635 601 635 592 635 547 641 548 683 548 690 1414 673 1414 666 1410 615 1401 617"/></Shape>
	    <String CONTENT="motheo nihil quicquam ſimile legimus : tantùm"
                    HPOS="547"
                    VPOS="615"
                    WIDTH="867"
                    HEIGHT="75"></String>
          </TextLine>

          
          
          <TextLine ID="eSc_line_5e127722"
                    TAGREFS="LT648"
                    BASELINE="548 732 1412 715" 
                    HPOS="547"
                    VPOS="670"
                    WIDTH="865"
                    HEIGHT="78">
            <Shape><Polygon POINTS="1219 672 1205 672 1157 679 1148 681 1139 679 1103 673 1101 673 1099 673 1097 673 1097 675 1092 681 1088 683 1048 681 970 675 968 675 966 675 946 681 926 686 899 681 876 677 874 677 872 677 856 681 830 688 547 684 548 732 550 748 570 739 794 741 919 741 921 741 1297 724 1315 724 1317 724 1392 732 1394 732 1395 732 1397 732 1412 723 1412 715 1408 679 1230 670 1219 672"/></Shape>
	    <String CONTENT="Hebr. cap. I3. verſ.25. apparet Timotheum pro"
                    HPOS="547"
                    VPOS="670"
                    WIDTH="865"
                    HEIGHT="78"></String>
          </TextLine>

          
          
          <TextLine ID="eSc_line_aa78d2eb"
                    TAGREFS="LT648"
                    BASELINE="548 779 1414 761" 
                    HPOS="547"
                    VPOS="717"
                    WIDTH="867"
                    HEIGHT="73">
            <Shape><Polygon POINTS="1346 717 1328 717 1310 719 1292 719 1274 719 1261 719 1239 723 1215 726 1208 724 1201 721 1183 721 1174 721 1161 724 1146 728 1106 726 1039 723 1037 723 1019 724 1001 724 994 724 981 730 976 732 943 732 839 726 837 726 819 728 801 728 790 728 768 735 767 735 741 728 728 730 719 730 703 737 701 737 654 730 637 732 619 732 616 732 547 741 548 779 548 790 1414 777 1414 761 1410 719 1348 717 1346 717"/></Shape>
	    <String CONTENT="nomine Chriſti vinctum fuiſſe. Denique ſumma"
                    HPOS="547"
                    VPOS="717"
                    WIDTH="867"
                    HEIGHT="73"></String>
          </TextLine>

          
          
          <TextLine ID="eSc_line_ff4d42b2"
                    TAGREFS="LT648"
                    BASELINE="548 828 1410 812" 
                    HPOS="547"
                    VPOS="763"
                    WIDTH="863"
                    HEIGHT="70">
            <Shape><Polygon POINTS="1375 763 1374 763 1372 763 1370 763 1370 764 1361 772 1288 764 1286 764 1219 775 1214 775 1210 775 1157 768 1156 768 1072 777 1065 777 1063 777 1045 770 1037 770 1030 770 1023 777 1019 779 1008 777 957 772 946 772 928 772 925 772 872 779 859 781 856 779 841 773 837 773 827 773 812 781 805 782 794 781 767 775 765 775 747 775 717 781 699 784 547 784 548 828 548 833 1410 819 1410 812 1408 773 1377 763 1375 763"/></Shape>
	    <String CONTENT="fuit laus Timothei in Dei eccleſia, adeò vt di¬"
                    HPOS="547"
                    VPOS="763"
                    WIDTH="863"
                    HEIGHT="70"></String>
          </TextLine>

          
          
          <TextLine ID="eSc_line_8ce21519"
                    TAGREFS="LT648"
                    BASELINE="550 879 1414 861" 
                    HPOS="548"
                    VPOS="813"
                    WIDTH="866"
                    HEIGHT="78">
            <Shape><Polygon POINTS="1348 813 1330 813 1315 813 1308 821 1255 815 1239 815 1225 815 1181 822 1172 817 1166 817 1156 817 1148 824 1105 819 1094 819 1076 819 1065 819 1048 826 946 821 930 822 912 822 896 822 888 828 814 824 803 824 785 824 767 824 765 824 717 833 601 828 585 828 567 828 554 828 548 833 550 879 550 891 1414 873 1414 861 1410 821 1355 813 1348 813"/></Shape>
	    <String CONTENT="ſputetur, vtrum ille ſit, quem Paulus in 2. Cor."
                    HPOS="548"
                    VPOS="813"
                    WIDTH="866"
                    HEIGHT="78"></String>
          </TextLine>

          
          
          <TextLine ID="eSc_line_b6febbef"
                    TAGREFS="LT648"
                    BASELINE="550 924 1415 911" 
                    HPOS="548"
                    VPOS="868"
                    WIDTH="867"
                    HEIGHT="69">
            <Shape><Polygon POINTS="803 875 785 875 774 875 747 881 745 881 743 881 707 877 694 877 676 877 657 877 639 877 621 879 616 879 548 884 550 924 550 937 1415 921 1415 911 1410 868 879 879 867 879 816 873 803 875"/></Shape>
	    <String CONTENT="8. verſ. 18.19. fratrem appellat, &amp; cuius magnam"
                    HPOS="548"
                    VPOS="868"
                    WIDTH="867"
                    HEIGHT="69"></String>
          </TextLine>

          
          
          <TextLine ID="eSc_line_87c373f3"
                    TAGREFS="LT648"
                    BASELINE="547 975 1274 961" 
                    HPOS="545"
                    VPOS="915"
                    WIDTH="729"
                    HEIGHT="71">
            <Shape><Polygon POINTS="1217 915 1199 915 1181 915 1163 917 1145 917 1132 917 1092 922 1083 924 1081 924 1074 917 1072 917 1054 917 1048 917 1030 922 1017 919 1017 919 999 919 988 919 983 926 983 928 959 928 959 926 950 919 945 919 926 919 908 921 890 921 872 921 854 921 836 921 827 921 812 930 810 930 807 930 777 922 763 922 748 922 723 931 717 933 665 933 663 931 652 924 636 924 617 924 616 924 545 933 547 975 547 986 1274 973 1274 961 1270 921 1230 915 1217 915"/></Shape>
	    <String CONTENT="eſſe in omnibus Eccleſijs laudem ſcribit."
                    HPOS="545"
                    VPOS="915"
                    WIDTH="729"
                    HEIGHT="71"></String>
          </TextLine>

          
          
          <TextLine ID="eSc_line_e7ec8688"
                    TAGREFS="LT650"
                    BASELINE="601 1059 1419 1040" 
                    HPOS="598"
                    VPOS="988"
                    WIDTH="821"
                    HEIGHT="87">
            <Shape><Polygon POINTS="1332 1000 1275 991 1255 990 1254 990 1252 990 1250 990 1246 993 1230 1002 1123 997 1094 997 1092 997 1090 997 1088 997 1086 999 1076 1008 983 1008 959 1004 926 997 925 997 923 997 905 1006 903 1006 896 1006 845 999 843 999 841 999 839 999 839 1000 830 1008 827 1011 790 1010 710 1004 708 1004 707 1004 681 1013 674 1015 668 1013 630 1004 628 1004 627 1004 625 1004 598 1013 601 1059 601 1064 645 1075 647 1075 648 1075 681 1064 683 1062 1419 1057 1419 1040 1414 991 1406 988"/></Shape>
	    <String CONTENT="13 Denuntio tibi coram Deo, qui viuifi¬"
                    HPOS="598"
                    VPOS="988"
                    WIDTH="821"
                    HEIGHT="87"></String>
          </TextLine>

          
          
          <TextLine ID="eSc_line_035c8825"
                    TAGREFS="LT650"
                    BASELINE="550 1115 1415 1100" 
                    HPOS="548"
                    VPOS="1046"
                    WIDTH="867"
                    HEIGHT="80">
            <Shape><Polygon POINTS="979 1051 977 1051 976 1051 948 1060 730 1057 728 1057 727 1057 725 1057 708 1070 679 1057 676 1059 667 1059 650 1071 548 1071 550 1115 550 1126 1415 1109 1415 1100 1414 1059 1375 1046 1374 1046 1372 1046 1370 1046 1368 1046 1368 1048 1354 1059 1275 1050 1274 1050 1272 1050 1250 1059 1237 1050 1235 1050 1234 1050 1232 1050 1230 1050 1196 1062 1194 1062 1190 1062 1161 1051 1159 1051 1157 1051 1057 1064 1052 1064 1050 1064 1037 1053 1037 1051 1036 1051 1034 1051 1003 1051 985 1051"/></Shape>
	    <String CONTENT="cat omnia, &amp; Ieſu Chriſto, qui testatam fe¬"
                    HPOS="548"
                    VPOS="1046"
                    WIDTH="867"
                    HEIGHT="80"></String>
          </TextLine>

          
          
          <TextLine ID="eSc_line_c923db1e"
                    TAGREFS="LT650"
                    BASELINE="552 1171 1414 1157" 
                    HPOS="550"
                    VPOS="1104"
                    WIDTH="864"
                    HEIGHT="84">
            <Shape><Polygon POINTS="552 1188 610 1177 721 1184 745 1186 747 1186 770 1184 881 1171 934 1180 957 1184 959 1184 961 1184 977 1180 1012 1169 1241 1169 1246 1173 1252 1179 1252 1180 1254 1180 1255 1180 1257 1180 1412 1169 1414 1157 1408 1104 1335 1115 1310 1106 1308 1106 1306 1106 1305 1106 1303 1106 1301 1106 1285 1117 1226 1109 1196 1106 1194 1106 1192 1106 1181 1111 1161 1120 1086 1120 1061 1115 1039 1109 1037 1109 1036 1109 1034 1109 1032 1109 1023 1117 1014 1120 1006 1117 992 1109 990 1109 988 1109 836 1113 834 1113 814 1122 812 1124 810 1122 797 1115 796 1115 794 1115 792 1115 727 1126 721 1126 716 1126 667 1117 665 1117 663 1117 661 1117 650 1126 637 1117 636 1117 634 1117 632 1117 630 1117 608 1126 576 1117 574 1117 572 1117 570 1117 568 1117 550 1128 552 1171"/></Shape>
	    <String CONTENT="cit coram Pontio Pilato bonam illam profeſ¬"
                    HPOS="550"
                    VPOS="1104"
                    WIDTH="864"
                    HEIGHT="84"></String>
          </TextLine>

          
          
          <TextLine ID="eSc_line_21244669"
                    TAGREFS="LT650"
                    BASELINE="550 1229 717 1226" 
                    HPOS="547"
                    VPOS="1173"
                    WIDTH="169"
                    HEIGHT="76">
            <Shape><Polygon POINTS="548 1249 714 1231 716 1224 712 1189 643 1188 625 1173 623 1173 621 1173 619 1173 547 1184 548 1228"/></Shape>
	    <String CONTENT="ſionem."
                    HPOS="547"
                    VPOS="1173"
                    WIDTH="169"
                    HEIGHT="76"></String>
          </TextLine>

          
          
          <TextLine ID="eSc_line_de084709"
                    TAGREFS="LT648"
                    BASELINE="599 1291 1421 1282" 
                    HPOS="598"
                    VPOS="1237"
                    WIDTH="823"
                    HEIGHT="71">
            <Shape><Polygon POINTS="599 1308 1419 1295 1421 1282 1417 1248 1366 1237 1365 1237 1239 1248 1225 1238 1223 1238 1221 1238 1097 1238 1096 1238 1094 1238 1065 1251 974 1251 926 1240 925 1240 757 1253 610 1244 608 1244 607 1244 605 1244 605 1246 598 1251 599 1291"/></Shape>
	    <String CONTENT="Παράκλησις eſt cum ſuperioris doctrinæ confir¬"
                    HPOS="598"
                    VPOS="1237"
                    WIDTH="823"
                    HEIGHT="71"></String>
          </TextLine>

          
          
          <TextLine ID="eSc_line_fa37d0fb"
                    TAGREFS="LT648"
                    BASELINE="550 1344 1419 1333" 
                    HPOS="548"
                    VPOS="1295"
                    WIDTH="871"
                    HEIGHT="60">
            <Shape><Polygon POINTS="550 1355 1403 1353 1405 1353 1406 1353 1419 1344 1419 1333 1415 1298 837 1295 836 1295 548 1308 550 1344"/></Shape>
	    <String CONTENT="matione coniũcta, quam vtranque cum grauiſſi¬"
                    HPOS="548"
                    VPOS="1295"
                    WIDTH="871"
                    HEIGHT="60"></String>
          </TextLine>

          
          
          <TextLine ID="eSc_line_5fb4dd92"
                    TAGREFS="LT648"
                    BASELINE="550 1391 1417 1382" 
                    HPOS="548"
                    VPOS="1344"
                    WIDTH="869"
                    HEIGHT="56">
            <Shape><Polygon POINTS="550 1391 550 1400 1415 1395 1417 1382 1414 1347 721 1344 719 1344 548 1355 550 1391"/></Shape>
	    <String CONTENT="ma obteſtatione proponit hoc loco Paulus. Nam"
                    HPOS="548"
                    VPOS="1344"
                    WIDTH="869"
                    HEIGHT="56"></String>
          </TextLine>

          
          
          <TextLine ID="eSc_line_b6323a9e"
                    TAGREFS="LT648"
                    BASELINE="552 1440 1417 1431" 
                    HPOS="550"
                    VPOS="1387"
                    WIDTH="867"
                    HEIGHT="69">
            <Shape><Polygon POINTS="552 1440 552 1449 894 1456 896 1456 897 1456 934 1446 937 1446 948 1446 1041 1455 1043 1455 1045 1455 1085 1444 1090 1444 1103 1444 1196 1453 1197 1453 1415 1440 1417 1431 1412 1391 1110 1397 1105 1397 1072 1387 1070 1387 1068 1387 990 1398 983 1398 979 1398 945 1389 943 1389 941 1389 939 1389 919 1400 770 1400 747 1391 745 1391 743 1391 647 1402 567 1393 565 1393 563 1393 561 1393 550 1400 552 1440"/></Shape>
	    <String CONTENT="&amp; ſuperiora præcepta hac quaſi nota fuerunt ob¬"
                    HPOS="550"
                    VPOS="1387"
                    WIDTH="867"
                    HEIGHT="69"></String>
          </TextLine>

          
          
          <TextLine ID="eSc_line_3c96aae8"
                    TAGREFS="LT648"
                    BASELINE="552 1489 1419 1480" 
                    HPOS="550"
                    VPOS="1435"
                    WIDTH="869"
                    HEIGHT="63">
            <Shape><Polygon POINTS="552 1489 552 1498 1417 1489 1419 1480 1415 1446 1290 1435 1288 1435 1286 1435 1243 1446 1232 1436 1230 1436 1228 1436 1226 1436 1108 1446 1094 1436 1092 1436 1090 1436 1088 1436 1086 1436 1054 1447 801 1440 799 1440 721 1451 703 1442 701 1442 561 1442 559 1442 558 1442 556 1442 556 1444 550 1447 552 1489"/></Shape>
	    <String CONTENT="ſignanda, ne quis humana potius, quàm diuina:"
                    HPOS="550"
                    VPOS="1435"
                    WIDTH="869"
                    HEIGHT="63"></String>
          </TextLine>

          
          
          <TextLine ID="eSc_line_da44560d"
                    TAGREFS="LT648"
                    BASELINE="552 1538 1421 1531" 
                    HPOS="550"
                    VPOS="1486"
                    WIDTH="871"
                    HEIGHT="59">
            <Shape><Polygon POINTS="1005 1486 1003 1486 1001 1486 710 1498 699 1489 697 1489 696 1489 677 1489 659 1489 641 1489 623 1489 605 1489 587 1489 568 1489 567 1489 565 1489 563 1489 550 1496 552 1538 552 1545 1419 1538 1421 1531 1415 1491 1174 1495 1170 1493 1159 1486 1157 1486 1156 1486 1154 1486 1152 1486 1130 1495 1126 1495 1123 1495 1092 1486 1090 1486 1088 1486 1019 1495 1006 1486 1005 1486"/></Shape>
	    <String CONTENT="&amp; Pauli, non autem Spiritus ſancti vocem eſſe"
                    HPOS="550"
                    VPOS="1486"
                    WIDTH="871"
                    HEIGHT="59"></String>
          </TextLine>

          
          
          <TextLine ID="eSc_line_9442f03e"
                    TAGREFS="LT648"
                    BASELINE="552 1585 1421 1580" 
                    HPOS="550"
                    VPOS="1533"
                    WIDTH="871"
                    HEIGHT="62">
            <Shape><Polygon POINTS="1368 1533 1350 1533 1348 1533 1268 1540 1183 1535 1168 1535 1150 1535 1132 1535 1114 1535 1112 1535 1083 1544 870 1544 850 1536 841 1536 825 1536 807 1544 685 1538 677 1538 659 1538 641 1538 623 1538 605 1538 587 1538 550 1545 552 1585 552 1593 1417 1595 1421 1580 1417 1542 1379 1533 1368 1533"/></Shape>
	    <String CONTENT="exiſtimaret: &amp; fuit in opere &amp; miniſterio iniũcto"
                    HPOS="550"
                    VPOS="1533"
                    WIDTH="871"
                    HEIGHT="62"></String>
          </TextLine>

          
          
          <TextLine ID="eSc_line_2798001d"
                    TAGREFS="LT648"
                    BASELINE="552 1635 1419 1625" 
                    HPOS="550"
                    VPOS="1582"
                    WIDTH="869"
                    HEIGHT="69">
            <Shape><Polygon POINTS="1339 1582 1248 1591 1234 1593 550 1593 552 1635 552 1642 623 1651 625 1651 703 1642 727 1640 1417 1640 1419 1625 1415 1591 1341 1582 1339 1582"/></Shape>
	    <String CONTENT="&amp; demandato Timotheus propter muneris i¬"
                    HPOS="550"
                    VPOS="1582"
                    WIDTH="869"
                    HEIGHT="69"></String>
          </TextLine>

          
          
          <TextLine ID="eSc_line_2d2b42f0"
                    TAGREFS="LT648"
                    BASELINE="552 1684 1421 1676" 
                    HPOS="550"
                    VPOS="1629"
                    WIDTH="871"
                    HEIGHT="71">
            <Shape><Polygon POINTS="1225 1629 1223 1629 1221 1629 1208 1631 1170 1640 1116 1633 1096 1631 1094 1631 1092 1631 1090 1631 1090 1633 1088 1633 1081 1642 1010 1642 996 1635 986 1631 985 1631 983 1631 981 1631 970 1635 952 1644 807 1644 796 1638 787 1633 785 1633 783 1633 550 1640 552 1684 554 1700 587 1691 1417 1693 1421 1676 1414 1629 1386 1640 1241 1640 1228 1631 1226 1629 1225 1629"/></Shape>
	    <String CONTENT="pſius difficultatem, confirmandus. Apparet autẽ"
                    HPOS="550"
                    VPOS="1629"
                    WIDTH="871"
                    HEIGHT="71"></String>
          </TextLine>

          
          
          <TextLine ID="eSc_line_16cb41c1"
                    TAGREFS="LT648"
                    BASELINE="550 1729 1421 1724" 
                    HPOS="548"
                    VPOS="1682"
                    WIDTH="873"
                    HEIGHT="63">
            <Shape><Polygon POINTS="657 1684 654 1684 632 1691 630 1691 628 1691 608 1684 603 1684 590 1684 548 1691 550 1729 550 1745 1419 1733 1421 1724 1415 1682 703 1691 697 1691 672 1684 657 1684"/></Shape>
	    <String CONTENT="quàm ſit vtrunque neceſſarium. Ac primúm qui¬"
                    HPOS="548"
                    VPOS="1682"
                    WIDTH="873"
                    HEIGHT="63"></String>
          </TextLine>

          
          
          <TextLine ID="eSc_line_c3ff1d3f"
                    TAGREFS="LT648"
                    BASELINE="551 1777 1421 1773" 
                    HPOS="548"
                    VPOS="1727"
                    WIDTH="871"
                    HEIGHT="75">
            <Shape><Polygon POINTS="550 1776 550 1793 701 1802 703 1802 785 1793 787 1793 788 1793 836 1802 837 1802 839 1802 857 1793 1101 1800 1103 1800 1105 1800 1126 1789 1128 1789 1132 1789 1148 1798 1150 1798 1152 1798 1417 1787 1419 1771 1412 1727 1372 1740 1156 1740 1139 1729 1137 1727 1136 1727 1134 1727 1132 1727 1130 1727 1123 1729 1088 1740 1019 1729 1008 1729 1006 1729 981 1731 821 1742 810 1733 810 1731 808 1731 807 1731 805 1731 803 1731 799 1731 770 1742 757 1733 757 1731 756 1731 754 1731 752 1731 732 1733 634 1742 548 1734 550 1776"/></Shape>
	    <String CONTENT="dem, quòd etiamnon hodie quidam contentioſè"
                    HPOS="548"
                    VPOS="1727"
                    WIDTH="871"
                    HEIGHT="75"></String>
          </TextLine>

          
        </TextBlock>
        
        <TextBlock HPOS="1199"
                   VPOS="1789"
                   WIDTH="226"
                   HEIGHT="50"
                   ID="eSc_textblock_3336bd25"
                   TAGREFS="BT1689">
          <Shape><Polygon POINTS="1204 1839 1199 1801 1356 1789 1377 1799 1425 1795 1424 1835"/></Shape>
          
          
          <TextLine ID="eSc_line_3d440187"
                    TAGREFS="LT648"
                    BASELINE="1197 1827 1421 1823" 
                    HPOS="1197"
                    VPOS="1774"
                    WIDTH="224"
                    HEIGHT="80">
            <Shape><Polygon POINTS="1335 1774 1334 1774 1305 1789 1206 1789 1197 1816 1197 1827 1197 1838 1419 1854 1421 1823 1417 1787 1337 1774 1335 1774"/></Shape>
	    <String CONTENT="contendunt"
                    HPOS="1197"
                    VPOS="1774"
                    WIDTH="224"
                    HEIGHT="80"></String>
          </TextLine>

          
        </TextBlock>
        

        
      </PrintSpace>
    </Page>
  </Layout>
</alto>
