<?xml version="1.0" encoding="UTF-8"?>
<alto xmlns:xsi="http://www.w3.org/2001/XMLSchema-instance"
      xmlns="http://www.loc.gov/standards/alto/ns-v4#"
      xsi:schemaLocation="http://www.loc.gov/standards/alto/ns-v4# http://www.loc.gov/standards/alto/v4/alto-4-2.xsd">
  <Description>
    <MeasurementUnit>pixel</MeasurementUnit>
    <sourceImageInformation>
      <fileName>5_a1010_default.jpg</fileName>
      
    </sourceImageInformation>
  </Description>
  
  <Tags>
    <OtherTag ID="BT1687" LABEL="GraphicZone" DESCRIPTION="block type GraphicZone"/><OtherTag ID="BT1688" LABEL="MainZone" DESCRIPTION="block type MainZone"/><OtherTag ID="BT1689" LABEL="QuireMarksZone" DESCRIPTION="block type QuireMarksZone"/><OtherTag ID="BT1690" LABEL="RunningTitleZone" DESCRIPTION="block type RunningTitleZone"/><OtherTag ID="BT1693" LABEL="NumberingZone" DESCRIPTION="block type NumberingZone"/>
    <OtherTag ID="LT648" LABEL="DefaultLine" DESCRIPTION="line type DefaultLine"/><OtherTag ID="LT649" LABEL="HeadingLine" DESCRIPTION="line type HeadingLine"/><OtherTag ID="LT650" LABEL="CustomLine : BiblicalText" DESCRIPTION="line type CustomLine : BiblicalText"/>
  </Tags>
  
  <Layout>
    <Page WIDTH="1505"
          HEIGHT="2180"
          PHYSICAL_IMG_NR="1"
          ID="eSc_dummypage_">
      <PrintSpace HPOS="0"
                  VPOS="0"
                  WIDTH="1505"
                  HEIGHT="2180">
        
        <TextBlock HPOS="739"
                   VPOS="171"
                   WIDTH="360"
                   HEIGHT="55"
                   ID="eSc_textblock_e2fb61cb"
                   TAGREFS="BT1690">
          <Shape><Polygon POINTS="739 171 739 226 1099 226 1099 171"/></Shape>
          
          
          <TextLine ID="eSc_line_1a61e01f"
                    TAGREFS="LT649"
                    BASELINE="752 203 1092 200" 
                    HPOS="748"
                    VPOS="176"
                    WIDTH="342"
                    HEIGHT="52">
            <Shape><Polygon POINTS="750 223 1086 228 1090 199 1086 176 908 188 898 189 880 183 859 176 748 176 750 201"/></Shape>
	    <String CONTENT="EPISTOLA."
                    HPOS="748"
                    VPOS="176"
                    WIDTH="342"
                    HEIGHT="52"></String>
          </TextLine>

          
        </TextBlock>
        
        <TextBlock HPOS="490"
                   VPOS="232"
                   WIDTH="877"
                   HEIGHT="1608"
                   ID="eSc_textblock_b7b112b1"
                   TAGREFS="BT1688">
          <Shape><Polygon POINTS="490 250 501 1840 1367 1827 1367 232"/></Shape>
          
          
          <TextLine ID="eSc_line_7ba5de7c"
                    TAGREFS="LT648"
                    BASELINE="492 283 1346 270" 
                    HPOS="490"
                    VPOS="232"
                    WIDTH="856"
                    HEIGHT="75">
            <Shape><Polygon POINTS="1308 250 1290 250 1272 248 1254 247 1235 247 1217 245 1199 245 1181 243 1163 243 1145 241 1126 239 1112 239 1086 243 1079 237 1072 237 1054 236 1036 236 1017 234 999 234 994 232 979 245 836 247 788 252 739 255 614 261 585 265 581 250 563 254 545 257 527 261 508 265 490 265 492 283 492 299 730 307 732 307 734 307 756 299 767 296 785 299 816 305 817 305 819 305 821 305 828 299 834 296 874 299 934 303 936 303 986 297 1046 292 1063 297 1072 301 1074 301 1076 301 1077 301 1088 297 1114 290 1201 297 1214 297 1215 297 1217 297 1219 297 1219 296 1221 296 1226 288 1345 296 1346 270 1343 252 1326 252"/></Shape>
	    <String CONTENT="temus, quantum ea nos ad ſe rapiunt, quę"
                    HPOS="490"
                    VPOS="232"
                    WIDTH="856"
                    HEIGHT="75"></String>
          </TextLine>

          
          
          <TextLine ID="eSc_line_3e345847"
                    TAGREFS="LT648"
                    BASELINE="494 337 1341 317" 
                    HPOS="492"
                    VPOS="283"
                    WIDTH="849"
                    HEIGHT="82">
            <Shape><Polygon POINTS="494 357 587 365 588 365 672 356 717 365 719 365 721 365 739 356 781 363 783 363 785 363 787 363 803 352 808 352 876 361 877 361 945 350 957 348 968 348 1030 357 1032 357 1034 357 1063 346 1066 346 1070 346 1103 356 1105 356 1106 356 1170 354 1172 354 1174 354 1185 345 1188 343 1199 345 1237 352 1239 352 1341 341 1341 317 1335 283 1028 296 1012 292 990 287 988 287 986 287 985 287 961 294 945 297 901 296 816 290 814 290 812 290 783 299 772 301 734 301 608 296 607 296 605 296 603 296 590 305 585 305 532 297 530 297 528 297 492 307 494 337"/></Shape>
	    <String CONTENT="cõmoda, |propriáque ratione|, &amp; diſpoſi¬"
                    HPOS="492"
                    VPOS="283"
                    WIDTH="849"
                    HEIGHT="82"></String>
          </TextLine>

          
          
          <TextLine ID="eSc_line_d9adac31"
                    TAGREFS="LT648"
                    BASELINE="498 394 1354 381" 
                    HPOS="494"
                    VPOS="337"
                    WIDTH="858"
                    HEIGHT="82">
            <Shape><Polygon POINTS="496 414 737 419 739 419 741 419 757 414 772 408 785 412 799 417 801 417 803 417 805 417 807 417 807 416 810 412 816 406 997 405 1068 410 1105 414 1106 414 1141 410 1230 401 1350 408 1352 379 1348 345 1277 337 1275 337 1274 337 1254 346 1248 348 1245 346 1232 337 1230 337 1228 337 1226 337 1225 337 1205 346 1197 352 1137 352 1117 348 1045 341 1043 341 1041 341 1039 341 1028 350 1005 341 1003 341 1001 341 952 352 945 354 939 352 910 343 908 343 906 343 905 343 865 354 863 354 801 345 799 345 797 345 796 345 779 356 777 356 776 356 634 346 632 346 630 346 588 359 523 352 521 352 519 352 494 361 496 392"/></Shape>
	    <String CONTENT="tione diſtinguũtur. Hoc in Regno, hoc in"
                    HPOS="494"
                    VPOS="337"
                    WIDTH="858"
                    HEIGHT="82"></String>
          </TextLine>

          
          
          <TextLine ID="eSc_line_44975439"
                    TAGREFS="LT648"
                    BASELINE="496 450 1352 439" 
                    HPOS="494"
                    VPOS="396"
                    WIDTH="858"
                    HEIGHT="83">
            <Shape><Polygon POINTS="496 450 496 479 547 470 585 477 588 477 590 477 592 477 594 477 610 466 628 475 632 477 634 477 636 477 637 477 641 475 670 465 772 472 797 474 799 474 821 470 863 465 870 470 876 474 877 474 879 474 881 474 883 474 885 474 892 468 905 463 1017 466 1190 470 1192 470 1194 470 1196 470 1208 461 1212 457 1221 459 1243 466 1245 466 1246 466 1350 455 1352 439 1350 408 1321 396 1319 396 1317 396 1241 406 1208 396 1206 396 1205 396 1123 408 1121 408 1119 408 1048 399 1046 399 1045 399 1043 399 1030 408 1026 412 965 412 963 410 941 399 939 399 937 399 836 410 812 412 808 410 797 401 796 401 794 401 792 401 716 410 697 412 692 410 676 405 674 405 672 405 670 405 668 405 661 410 657 414 645 410 625 405 623 405 621 405 619 405 617 405 617 406 612 410 607 416 494 412 496 450"/></Shape>
	    <String CONTENT="Rep. hoc in oppidis, hoc in pagis, hoc in"
                    HPOS="494"
                    VPOS="396"
                    WIDTH="858"
                    HEIGHT="83"></String>
          </TextLine>

          
          
          <TextLine ID="eSc_line_901eff96"
                    TAGREFS="LT648"
                    BASELINE="496 508 1352 494" 
                    HPOS="494"
                    VPOS="454"
                    WIDTH="858"
                    HEIGHT="78">
            <Shape><Polygon POINTS="496 508 496 532 1352 514 1352 494 1346 457 1054 463 1036 454 1034 454 1032 454 1030 454 1028 454 1014 463 1012 465 1006 463 976 455 974 455 972 455 926 465 919 466 917 466 901 457 899 457 897 457 896 457 874 466 872 466 865 466 743 459 741 459 739 459 737 459 737 461 730 468 710 459 708 459 707 459 494 474 496 508"/></Shape>
	    <String CONTENT="priuatorũ ædibus, hoc in hortis, &amp; cultis"
                    HPOS="494"
                    VPOS="454"
                    WIDTH="858"
                    HEIGHT="78"></String>
          </TextLine>

          
          
          <TextLine ID="eSc_line_b834d379"
                    TAGREFS="LT648"
                    BASELINE="496 566 1352 550" 
                    HPOS="494"
                    VPOS="505"
                    WIDTH="858"
                    HEIGHT="87">
            <Shape><Polygon POINTS="496 566 498 592 536 583 558 590 559 590 561 590 1352 568 1352 550 1348 515 1275 505 1274 505 1272 505 1270 505 1252 515 1174 506 1172 506 1170 506 1168 506 1154 517 1085 510 1083 510 1081 510 1061 519 974 512 972 512 914 521 881 512 879 512 877 512 876 512 841 523 788 515 787 515 785 515 783 515 783 517 774 525 703 515 701 515 699 515 668 526 588 517 587 517 498 530 494 537"/></Shape>
	    <String CONTENT="ſedibus, hoc in ſolitudine, hoc in rebus"
                    HPOS="494"
                    VPOS="505"
                    WIDTH="858"
                    HEIGHT="87"></String>
          </TextLine>

          
          
          <TextLine ID="eSc_line_f19166ba"
                    TAGREFS="LT648"
                    BASELINE="498 624 1346 606" 
                    HPOS="496"
                    VPOS="566"
                    WIDTH="850"
                    HEIGHT="84">
            <Shape><Polygon POINTS="498 641 579 650 581 650 583 650 585 650 585 648 594 641 594 639 667 639 681 639 748 646 750 646 810 639 837 634 1346 632 1346 606 1343 572 1176 566 1174 566 1043 579 1030 579 1028 579 1008 570 1006 570 1005 570 1003 570 977 581 974 581 972 581 946 572 945 572 943 572 941 572 919 583 916 583 914 583 894 574 892 574 890 574 752 575 750 575 716 586 714 586 585 581 583 581 496 592 498 624"/></Shape>
	    <String CONTENT="quę natura gignũtur, hoc in artificijs quę"
                    HPOS="496"
                    VPOS="566"
                    WIDTH="850"
                    HEIGHT="84"></String>
          </TextLine>

          
          
          <TextLine ID="eSc_line_02dca5cb"
                    TAGREFS="LT648"
                    BASELINE="498 679 1354 664" 
                    HPOS="496"
                    VPOS="621"
                    WIDTH="858"
                    HEIGHT="83">
            <Shape><Polygon POINTS="498 679 498 704 1157 686 1168 686 1230 693 1232 693 1234 693 1257 684 1259 684 1261 684 1299 692 1301 692 1354 681 1354 664 1350 630 1245 621 1243 621 1241 621 1210 632 1185 623 1183 623 1181 623 1179 623 1141 634 1134 637 1017 637 1016 637 1003 626 1001 626 999 626 925 626 923 626 921 626 890 639 812 632 810 632 808 632 776 641 645 632 643 632 567 644 508 634 507 634 505 634 503 634 503 635 501 635 496 641 498 679"/></Shape>
	    <String CONTENT="hominũ induſtria efficiũtur, verũeſſe ipſa"
                    HPOS="496"
                    VPOS="621"
                    WIDTH="858"
                    HEIGHT="83"></String>
          </TextLine>

          
          
          <TextLine ID="eSc_line_31cf37ea"
                    TAGREFS="LT648"
                    BASELINE="498 737 1355 723" 
                    HPOS="496"
                    VPOS="681"
                    WIDTH="859"
                    HEIGHT="80">
            <Shape><Polygon POINTS="498 737 498 752 556 761 558 761 605 752 610 752 619 752 708 759 710 759 712 759 737 752 743 750 757 752 816 757 817 757 819 757 821 757 821 755 823 755 827 750 828 748 1355 748 1355 723 1352 692 1246 681 1245 681 1243 681 1241 681 1225 692 1043 684 1041 684 883 697 868 688 867 688 865 688 863 688 861 688 839 697 777 690 776 690 774 690 747 699 712 690 710 690 708 690 707 690 665 703 496 704 498 737"/></Shape>
	    <String CONTENT="rerum experientia, &amp; publica mortalium"
                    HPOS="496"
                    VPOS="681"
                    WIDTH="859"
                    HEIGHT="80"></String>
          </TextLine>

          
          
          <TextLine ID="eSc_line_4e6ac780"
                    TAGREFS="LT648"
                    BASELINE="496 792 1354 775" 
                    HPOS="494"
                    VPOS="746"
                    WIDTH="860"
                    HEIGHT="71">
            <Shape><Polygon POINTS="496 792 496 817 592 806 727 813 743 813 745 813 1352 795 1354 775 1348 746 585 752 494 761 496 792"/></Shape>
	    <String CONTENT="omnium, non tantum piorum, ſed etiam"
                    HPOS="494"
                    VPOS="746"
                    WIDTH="860"
                    HEIGHT="71"></String>
          </TextLine>

          
          
          <TextLine ID="eSc_line_d6f7fa82"
                    TAGREFS="LT648"
                    BASELINE="501 850 1355 832" 
                    HPOS="499"
                    VPOS="788"
                    WIDTH="856"
                    HEIGHT="87">
            <Shape><Polygon POINTS="501 875 1355 850 1355 832 1354 801 1328 788 1326 788 1325 788 1323 788 1295 799 1210 790 1208 790 1206 790 1179 802 1108 792 1106 792 1105 792 1079 804 1077 806 966 806 930 795 928 795 926 795 841 806 774 799 772 799 770 799 743 810 739 813 639 813 632 812 596 802 594 802 592 802 499 813 501 850"/></Shape>
	    <String CONTENT="profanorum hominũ vox teſtatur: deni¬"
                    HPOS="499"
                    VPOS="788"
                    WIDTH="856"
                    HEIGHT="87"></String>
          </TextLine>

          
          
          <TextLine ID="eSc_line_0a1e1d3b"
                    TAGREFS="LT648"
                    BASELINE="498 908 1350 891" 
                    HPOS="496"
                    VPOS="848"
                    WIDTH="854"
                    HEIGHT="83">
            <Shape><Polygon POINTS="498 908 498 931 687 917 785 917 805 926 807 926 808 926 810 926 843 917 868 926 872 926 874 926 876 926 894 924 988 915 1348 915 1350 891 1346 857 1161 848 1159 848 992 861 972 852 970 852 968 852 897 862 888 855 888 853 887 853 885 853 883 853 790 855 788 855 754 866 716 857 714 857 712 857 710 857 679 868 590 859 588 859 496 872 498 908"/></Shape>
	    <String CONTENT="que Mundus ipſe, pulcherrimũ Dei opus,"
                    HPOS="496"
                    VPOS="848"
                    WIDTH="854"
                    HEIGHT="83"></String>
          </TextLine>

          
          
          <TextLine ID="eSc_line_7632d989"
                    TAGREFS="LT648"
                    BASELINE="498 964 1355 948" 
                    HPOS="496"
                    VPOS="904"
                    WIDTH="859"
                    HEIGHT="80">
            <Shape><Polygon POINTS="498 964 498 984 1355 968 1355 948 1354 917 1326 904 1325 904 1323 904 1321 904 1319 904 1301 915 1170 906 1168 906 1166 906 1165 906 1165 908 1163 908 1157 915 1134 908 1132 908 1130 908 1065 921 965 913 963 913 792 924 748 915 747 915 677 926 592 917 590 917 588 917 565 930 536 919 534 919 532 919 530 919 501 928 496 941"/></Shape>
	    <String CONTENT="ab ordine κόσμος nominatur. Quò magis"
                    HPOS="496"
                    VPOS="904"
                    WIDTH="859"
                    HEIGHT="80"></String>
          </TextLine>

          
          
          <TextLine ID="eSc_line_5b933752"
                    TAGREFS="LT648"
                    BASELINE="498 1020 1357 1004" 
                    HPOS="496"
                    VPOS="962"
                    WIDTH="861"
                    HEIGHT="73">
            <Shape><Polygon POINTS="496 1010 498 1020 498 1035 1357 1019 1357 1004 1354 970 1210 962 1208 962 1141 973 1128 975 1119 973 1074 964 1072 964 1070 964 1028 975 1023 977 1017 977 981 966 979 966 977 966 828 981 819 981 817 981 788 970 787 970 785 970 783 970 781 970 767 981 708 971 707 971 705 971 703 971 688 982 612 973 610 973 608 973 585 986 583 986 579 986 523 975 521 975 519 975 507 981 496 1010"/></Shape>
	    <String CONTENT="deteſtanda eſt eorum ſentẽtia, qui rerum"
                    HPOS="496"
                    VPOS="962"
                    WIDTH="861"
                    HEIGHT="73"></String>
          </TextLine>

          
          
          <TextLine ID="eSc_line_e891a7c3"
                    TAGREFS="LT648"
                    BASELINE="498 1077 1350 1059" 
                    HPOS="496"
                    VPOS="1017"
                    WIDTH="854"
                    HEIGHT="87">
            <Shape><Polygon POINTS="498 1077 498 1095 579 1104 581 1104 645 1095 667 1091 683 1093 719 1100 721 1100 792 1093 839 1088 872 1091 910 1097 912 1097 959 1091 1014 1084 1030 1090 1037 1093 1039 1093 1041 1093 1083 1090 1179 1080 1348 1086 1350 1059 1346 1017 1194 1017 1192 1017 1190 1017 1188 1017 1183 1020 1170 1028 1139 1022 1116 1019 1114 1019 1112 1019 1101 1024 1086 1031 1003 1031 946 1028 885 1024 883 1024 852 1031 830 1035 808 1031 765 1026 763 1026 725 1035 714 1037 705 1035 676 1028 674 1028 672 1028 525 1031 523 1031 496 1039 498 1077"/></Shape>
	    <String CONTENT="confuſione non tantum apud ſe delectã"
                    HPOS="496"
                    VPOS="1017"
                    WIDTH="854"
                    HEIGHT="87"></String>
          </TextLine>

          
          
          <TextLine ID="eSc_line_4c949199"
                    TAGREFS="LT648"
                    BASELINE="498 1135 1357 1115" 
                    HPOS="496"
                    VPOS="1079"
                    WIDTH="861"
                    HEIGHT="81">
            <Shape><Polygon POINTS="498 1135 498 1153 607 1160 608 1160 650 1151 654 1151 657 1151 701 1159 703 1159 705 1159 728 1149 732 1149 741 1149 807 1157 808 1157 810 1157 828 1148 830 1146 1357 1139 1357 1115 1352 1084 1132 1088 1103 1079 1101 1079 1099 1079 1097 1079 1096 1079 1083 1090 1081 1090 1074 1090 976 1082 974 1082 925 1093 923 1093 921 1093 887 1082 885 1082 883 1082 881 1082 845 1095 843 1095 832 1095 650 1088 648 1088 496 1102 498 1135"/></Shape>
	    <String CONTENT="tur: ſed omnia publica priuatáque euerte¬"
                    HPOS="496"
                    VPOS="1079"
                    WIDTH="861"
                    HEIGHT="81"></String>
          </TextLine>

          
          
          <TextLine ID="eSc_line_4215a363"
                    TAGREFS="LT648"
                    BASELINE="498 1191 1359 1173" 
                    HPOS="496"
                    VPOS="1131"
                    WIDTH="863"
                    HEIGHT="80">
            <Shape><Polygon POINTS="498 1191 498 1211 1357 1200 1359 1173 1355 1142 1270 1131 1268 1131 1266 1131 1226 1144 1225 1144 1221 1144 1150 1135 1148 1135 1146 1135 1145 1135 1132 1146 1132 1148 1066 1148 1063 1148 1030 1137 1028 1137 1026 1137 1025 1137 1003 1149 1001 1149 994 1149 926 1139 925 1139 923 1139 921 1139 903 1151 901 1151 896 1151 837 1142 836 1142 834 1142 794 1153 792 1153 790 1153 754 1142 752 1142 750 1142 748 1142 747 1142 732 1153 723 1146 721 1146 719 1146 717 1146 628 1157 621 1157 619 1157 587 1148 585 1148 583 1148 581 1148 561 1159 558 1160 496 1160 498 1191"/></Shape>
	    <String CONTENT="re, &amp; perturbationem (iuſto ordine ſubla¬"
                    HPOS="496"
                    VPOS="1131"
                    WIDTH="863"
                    HEIGHT="80"></String>
          </TextLine>

          
          
          <TextLine ID="eSc_line_5d67096a"
                    TAGREFS="LT648"
                    BASELINE="501 1249 1363 1231" 
                    HPOS="499"
                    VPOS="1189"
                    WIDTH="864"
                    HEIGHT="80">
            <Shape><Polygon POINTS="501 1249 501 1269 1363 1255 1363 1231 1359 1200 1277 1189 1275 1189 1194 1200 1170 1204 1148 1202 1105 1197 1103 1197 1032 1202 977 1208 961 1204 934 1197 932 1197 930 1197 839 1206 748 1213 499 1209 501 1249"/></Shape>
	    <String CONTENT="to)in res omnes inducere conantur, quos"
                    HPOS="499"
                    VPOS="1189"
                    WIDTH="864"
                    HEIGHT="80"></String>
          </TextLine>

          
          
          <TextLine ID="eSc_line_aaa22367"
                    TAGREFS="LT648"
                    BASELINE="501 1306 1363 1286" 
                    HPOS="499"
                    VPOS="1242"
                    WIDTH="864"
                    HEIGHT="82">
            <Shape><Polygon POINTS="501 1306 501 1324 1361 1309 1363 1286 1361 1255 1323 1242 1321 1242 1319 1242 1317 1242 1281 1255 1261 1246 1259 1246 1257 1246 1208 1257 1201 1258 1096 1258 1090 1257 1066 1248 1065 1248 1063 1248 1061 1248 1039 1258 1032 1260 1005 1258 936 1251 934 1251 865 1258 810 1266 797 1260 787 1255 785 1255 783 1255 781 1255 761 1260 747 1264 732 1260 716 1257 714 1257 712 1257 710 1257 708 1257 705 1260 696 1268 657 1262 636 1258 592 1258 590 1258 588 1258 587 1258 583 1262 570 1271 499 1264 501 1306"/></Shape>
	    <String CONTENT="homines ἀτάκτος &amp; Ἀναπχικος tanquã mõ¬"
                    HPOS="499"
                    VPOS="1242"
                    WIDTH="864"
                    HEIGHT="82"></String>
          </TextLine>

          
          
          <TextLine ID="eSc_line_5ced6e66"
                    TAGREFS="LT648"
                    BASELINE="503 1362 1355 1344" 
                    HPOS="501"
                    VPOS="1306"
                    WIDTH="854"
                    HEIGHT="80">
            <Shape><Polygon POINTS="503 1362 503 1378 670 1386 672 1386 674 1386 676 1386 687 1377 725 1384 727 1384 767 1375 770 1375 781 1375 887 1380 888 1380 1355 1364 1355 1344 1350 1306 1096 1317 1061 1313 1012 1308 1010 1308 952 1317 923 1320 879 1318 772 1313 770 1313 768 1313 736 1322 728 1324 723 1322 685 1315 683 1315 681 1315 679 1315 668 1324 667 1326 659 1324 612 1317 610 1317 608 1317 585 1327 583 1327 578 1327 519 1318 518 1318 516 1318 514 1318 501 1324 503 1362"/></Shape>
	    <String CONTENT="ſtra, &amp; generis humani ἀλάς ορας,  iam pri¬"
                    HPOS="501"
                    VPOS="1306"
                    WIDTH="854"
                    HEIGHT="80"></String>
          </TextLine>

          
          
          <TextLine ID="eSc_line_75077505"
                    TAGREFS="LT648"
                    BASELINE="501 1417 1357 1400" 
                    HPOS="499"
                    VPOS="1357"
                    WIDTH="858"
                    HEIGHT="87">
            <Shape><Polygon POINTS="501 1444 1357 1424 1357 1400 1352 1357 1255 1371 1179 1362 1165 1360 1163 1360 1161 1360 1159 1360 1157 1362 1141 1373 999 1367 945 1366 943 1366 941 1366 939 1366 934 1369 925 1375 905 1371 881 1366 879 1366 877 1366 876 1366 876 1367 870 1371 863 1378 768 1375 708 1373 707 1373 643 1378 590 1384 587 1380 579 1375 579 1373 578 1373 576 1373 519 1373 518 1373 516 1373 499 1380 501 1417"/></Shape>
	    <String CONTENT="dem veteres appellarũt. Cæterũ ſi qua in"
                    HPOS="499"
                    VPOS="1357"
                    WIDTH="858"
                    HEIGHT="87"></String>
          </TextLine>

          
          
          <TextLine ID="eSc_line_d95c6113"
                    TAGREFS="LT648"
                    BASELINE="503 1475 1361 1456" 
                    HPOS="501"
                    VPOS="1417"
                    WIDTH="860"
                    HEIGHT="78">
            <Shape><Polygon POINTS="503 1475 503 1495 1345 1484 1346 1484 1348 1484 1361 1475 1361 1456 1359 1427 1323 1417 1321 1417 1319 1417 1179 1429 1163 1418 1161 1418 1159 1418 1103 1418 1101 1418 1099 1418 1097 1418 1079 1431 1023 1420 1021 1420 957 1433 852 1424 850 1424 848 1424 847 1424 847 1426 845 1426 836 1438 807 1438 761 1426 759 1426 757 1426 696 1438 590 1429 588 1429 501 1444 503 1475"/></Shape>
	    <String CONTENT="re alia ordinis obſeruatio diligens non"
                    HPOS="501"
                    VPOS="1417"
                    WIDTH="860"
                    HEIGHT="78"></String>
          </TextLine>

          
          
          <TextLine ID="eSc_line_03f421b8"
                    TAGREFS="LT648"
                    BASELINE="503 1533 1359 1516" 
                    HPOS="501"
                    VPOS="1471"
                    WIDTH="858"
                    HEIGHT="80">
            <Shape><Polygon POINTS="503 1533 503 1551 1359 1540 1359 1516 1357 1480 1341 1471 1339 1471 1337 1471 1335 1471 1239 1482 1194 1471 1192 1471 1190 1471 1188 1471 1154 1486 1070 1486 1059 1476 1059 1475 1057 1475 1056 1475 1054 1475 974 1489 899 1489 887 1476 885 1476 883 1476 881 1476 825 1489 794 1478 792 1478 790 1478 788 1478 787 1478 768 1489 596 1482 594 1482 501 1496 503 1533"/></Shape>
	    <String CONTENT="tãtũ vtilis, ſed etiã omninò neceſſaria eſt,"
                    HPOS="501"
                    VPOS="1471"
                    WIDTH="858"
                    HEIGHT="80"></String>
          </TextLine>

          
          
          <TextLine ID="eSc_line_461a4d5c"
                    TAGREFS="LT648"
                    BASELINE="503 1587 1361 1573" 
                    HPOS="501"
                    VPOS="1531"
                    WIDTH="860"
                    HEIGHT="84">
            <Shape><Polygon POINTS="503 1587 505 1615 543 1605 590 1613 594 1613 596 1613 599 1613 654 1602 1361 1593 1361 1573 1355 1533 1230 1542 1223 1536 1219 1533 1219 1531 1217 1531 1215 1531 1159 1531 1157 1531 1156 1531 1154 1531 1145 1538 1136 1544 1056 1540 934 1535 932 1535 930 1535 928 1535 916 1544 912 1547 901 1544 870 1536 868 1536 867 1536 865 1536 863 1536 850 1545 848 1547 847 1545 832 1536 830 1536 828 1536 827 1536 825 1536 823 1536 823 1538 814 1547 810 1549 799 1547 748 1538 747 1538 745 1538 717 1549 712 1551 707 1549 667 1540 665 1540 663 1540 661 1540 632 1551 610 1540 608 1540 607 1540 605 1540 603 1540 585 1553 583 1555 501 1555 503 1587"/></Shape>
	    <String CONTENT="maximè in Eccleſia Dei locum habere ex"
                    HPOS="501"
                    VPOS="1531"
                    WIDTH="860"
                    HEIGHT="84"></String>
          </TextLine>

          
          
          <TextLine ID="eSc_line_0db94e6c"
                    TAGREFS="LT648"
                    BASELINE="507 1642 1363 1627" 
                    HPOS="505"
                    VPOS="1585"
                    WIDTH="858"
                    HEIGHT="80">
            <Shape><Polygon POINTS="507 1665 1363 1654 1363 1627 1359 1593 1301 1587 1299 1587 1272 1593 1248 1598 1243 1593 1235 1587 1235 1585 1234 1585 1232 1585 1192 1585 1190 1585 1152 1593 1125 1600 1117 1595 1112 1589 1112 1587 1110 1587 1108 1587 1061 1587 1059 1587 1057 1587 1056 1587 1046 1595 1034 1604 859 1604 850 1596 847 1593 845 1593 843 1593 841 1593 803 1596 756 1602 747 1596 737 1593 736 1593 734 1593 732 1593 730 1593 730 1595 727 1596 714 1607 674 1598 657 1595 656 1595 654 1595 652 1595 648 1598 636 1605 616 1598 610 1596 608 1596 607 1596 605 1596 603 1596 601 1598 585 1609 556 1598 548 1596 547 1596 545 1596 505 1598 507 1642"/></Shape>
	    <String CONTENT="Pauli Apoſtoli præcepto debet. Eſt enim"
                    HPOS="505"
                    VPOS="1585"
                    WIDTH="858"
                    HEIGHT="80"></String>
          </TextLine>

          
          
          <TextLine ID="eSc_line_3baa5276"
                    TAGREFS="LT648"
                    BASELINE="503 1702 1366 1685" 
                    HPOS="501"
                    VPOS="1642"
                    WIDTH="865"
                    HEIGHT="78">
            <Shape><Polygon POINTS="503 1720 1365 1705 1366 1685 1363 1654 1272 1642 1270 1642 1268 1642 1266 1642 1266 1644 1265 1644 1257 1653 1241 1644 1239 1644 1237 1644 1235 1644 1170 1656 1123 1645 1121 1645 1119 1645 1117 1645 1096 1656 1081 1645 1079 1645 1077 1645 1076 1645 1074 1645 1050 1658 1005 1647 1003 1647 1001 1647 999 1647 968 1660 861 1651 859 1651 857 1651 856 1651 856 1653 845 1662 779 1653 777 1653 776 1653 739 1664 716 1653 714 1653 712 1653 710 1653 708 1653 688 1665 687 1665 605 1654 603 1654 601 1654 599 1654 581 1667 579 1667 521 1656 519 1656 518 1656 516 1656 501 1664 503 1702"/></Shape>
	    <String CONTENT="Eccleſia domus Dei, id eſt ſummi illius"
                    HPOS="501"
                    VPOS="1642"
                    WIDTH="865"
                    HEIGHT="78"></String>
          </TextLine>

          
          
          <TextLine ID="eSc_line_fefa416f"
                    TAGREFS="LT648"
                    BASELINE="507 1760 1366 1736" 
                    HPOS="505"
                    VPOS="1696"
                    WIDTH="861"
                    HEIGHT="93">
            <Shape><Polygon POINTS="507 1780 570 1789 572 1789 627 1778 639 1776 665 1778 761 1783 763 1783 817 1774 830 1773 843 1774 897 1780 899 1780 901 1780 903 1780 914 1773 917 1769 921 1773 930 1778 932 1778 934 1778 936 1778 937 1778 954 1771 959 1767 1365 1762 1366 1736 1361 1696 1295 1707 1246 1700 1232 1698 1230 1698 1212 1702 1163 1711 1048 1707 972 1705 970 1705 910 1713 863 1718 794 1716 659 1714 657 1714 656 1714 634 1724 627 1725 614 1724 574 1718 572 1718 505 1727 507 1760"/></Shape>
	    <String CONTENT="regum Regis, in qua idcirco omnia| circũ¬"
                    HPOS="505"
                    VPOS="1696"
                    WIDTH="861"
                    HEIGHT="93"></String>
          </TextLine>

          
          
          <TextLine ID="eSc_line_8ff99557"
                    TAGREFS="LT648"
                    BASELINE="514 1815 1368 1799" 
                    HPOS="510"
                    VPOS="1756"
                    WIDTH="856"
                    HEIGHT="93">
            <Shape><Polygon POINTS="512 1849 608 1836 685 1849 694 1849 696 1849 697 1849 699 1849 699 1847 717 1834 779 1847 787 1847 788 1847 790 1847 792 1847 792 1845 814 1833 925 1843 932 1843 934 1843 936 1843 937 1843 985 1829 1019 1840 1021 1840 1023 1840 1083 1827 1121 1827 1136 1838 1136 1840 1137 1840 1139 1840 1145 1820 1243 1828 1259 1818 1277 1819 1310 1813 1352 1809 1366 1798 1363 1767 1270 1756 1268 1756 1266 1756 1243 1769 1221 1762 1219 1762 1217 1762 1176 1771 1174 1771 1152 1760 1150 1760 1148 1760 1146 1760 1114 1771 1081 1760 1079 1760 1077 1760 1076 1760 1048 1774 794 1778 770 1767 768 1767 767 1767 765 1767 763 1767 763 1769 752 1778 707 1769 705 1769 703 1769 701 1769 687 1780 605 1769 603 1769 601 1769 554 1782 525 1771 523 1771 521 1771 519 1771 518 1771 518 1773 516 1773 510 1778 512 1814"/></Shape>
	    <String CONTENT="ſpectè, aptè, decenter, &amp;, vt Paulus ipſe lo¬"
                    HPOS="510"
                    VPOS="1756"
                    WIDTH="856"
                    HEIGHT="93"></String>
          </TextLine>

          
        </TextBlock>
        
        <TextBlock HPOS="1273"
                   VPOS="1830"
                   WIDTH="99"
                   HEIGHT="59"
                   ID="eSc_textblock_76e261b6"
                   TAGREFS="BT1689">
          <Shape><Polygon POINTS="1273 1889 1273 1830 1372 1830 1361 1886"/></Shape>
          
          
          <TextLine ID="eSc_line_325c1678"
                    TAGREFS="LT648"
                    BASELINE="1259 1854 1361 1854" 
                    HPOS="1259"
                    VPOS="1828"
                    WIDTH="102"
                    HEIGHT="61">
            <Shape><Polygon POINTS="1329 1831 1312 1836 1297 1835 1277 1849 1278 1842 1259 1831 1259 1854 1259 1876 1308 1889 1310 1889 1312 1889 1314 1889 1314 1887 1326 1874 1361 1872 1361 1854 1361 1849 1360 1828"/></Shape>
	    <String CONTENT="qui¬"
                    HPOS="1259"
                    VPOS="1828"
                    WIDTH="102"
                    HEIGHT="61"></String>
          </TextLine>

          
        </TextBlock>
        

        
      </PrintSpace>
    </Page>
  </Layout>
</alto>
